,player_id,web_name,team_code,element_type,now_cost,event,points_md,is_captain,multiplier,starting_lineup,selected_by_percent,gw_points
0,182,Pickford,11,1,45,3,3.819,False,1,1,5.8,3.819
1,146,James,8,2,60,3,4.829,False,1,1,39.8,4.829
2,285,Alexander-Arnold,14,2,75,3,4.802,False,1,1,54.9,4.802
3,430,Dier,6,2,50,3,3.965,False,1,1,4.5,3.965
4,13,Saka,3,3,80,3,5.228,False,1,1,20.3,5.228
5,189,Gray,11,3,55,3,4.519,False,1,1,0.9,4.519
6,261,Maddison,13,3,80,3,5.456,False,1,1,5.0,5.456
7,283,Salah,14,3,130,3,6.622000000000001,True,2,1,62.7,13.244000000000002
8,28,Jesus,3,4,80,3,4.897,False,1,1,73.2,4.897
9,210,Mitrović,54,4,66,3,4.867,False,1,1,15.6,4.867
10,427,Kane,6,4,114,3,5.909,False,1,1,17.0,5.909
11,254,Ward,13,1,40,3,3.4539999999999997,False,0,0,26.8,0.0
12,197,Patterson,11,2,40,3,2.8089999999999997,False,0,0,5.6,0.0
13,295,N.Williams,17,2,40,3,2.696,False,0,0,27.4,0.0
14,346,Andreas,54,3,45,3,2.654,False,0,0,24.8,0.0
