,player_id,web_name,team_code,element_type,now_cost,event,points_md,is_captain,multiplier,starting_lineup,selected_by_percent,gw_points
0,257,Ederson,43,1,60,19,3.1260000000000003,False,1,1,10.1,3.1260000000000003
1,23,Gabriel,3,2,53,19,3.207,False,1,1,5.8,3.207
2,142,James,8,2,63,19,3.427,False,1,1,36.6,3.427
3,237,Alexander-Arnold,14,2,83,19,4.735,False,1,1,44.0,4.735
4,431,Saïss,39,2,50,19,3.19,False,1,1,1.8,3.19
5,138,Mount,8,3,77,19,3.885,False,1,1,22.9,3.885
6,233,Salah,14,3,131,19,6.271,True,2,1,73.7,12.542
7,240,Jota,14,3,81,19,3.758,False,1,1,28.9,3.758
8,420,Bowen,21,3,65,19,3.562,False,1,1,5.9,3.562
9,413,Antonio,21,4,78,19,3.682,False,1,1,34.8,3.682
10,430,Jiménez,39,4,75,19,3.822,False,1,1,5.8,3.822
11,69,Sánchez,36,1,46,19,2.814,False,0,0,17.5,0.0
12,56,Duffy,36,2,41,19,2.546,False,0,0,13.3,0.0
13,503,Gordon,11,3,45,19,2.28,False,0,0,0.1,0.0
14,518,Broja,20,4,51,19,2.418,False,0,0,3.5,0.0
