,player_id,web_name,team_code,element_type,now_cost,event,points_md,is_captain,multiplier,starting_lineup,selected_by_percent,gw_points
0,147,Mendy,8,1,48,37,4.268,False,1,1,5.8,4.268
1,332,Shaw,1,2,52,37,7.289,False,1,1,18.4,7.289
2,357,Trippier,4,2,61,37,4.732,False,1,1,65.6,4.732
3,586,Estupiñán,36,2,49,37,6.758000000000001,False,1,1,18.2,6.758000000000001
4,733,Pedro Porro,6,2,48,37,4.229,False,1,1,1.0,4.229
5,124,Mitoma,36,3,57,37,7.602,False,1,1,28.9,7.602
6,301,De Bruyne,43,3,122,37,9.807,False,1,1,26.5,9.807
7,333,Fernandes,1,3,95,37,9.582,False,1,1,9.3,9.582
8,66,Solanke,91,4,57,37,3.998,False,1,1,3.9,3.998
9,318,Haaland,43,4,124,37,11.835,True,2,1,83.4,23.67
10,356,Wilson,4,4,72,37,4.888999999999999,False,1,1,14.2,4.888999999999999
11,327,De Gea,1,1,51,37,7.4209999999999985,False,0,0,13.7,0.0
12,302,Stones,43,2,56,37,7.097,False,0,0,8.6,0.0
13,116,Mac Allister,36,3,56,37,8.045,False,0,0,14.6,0.0
14,724,Enzo,8,3,50,37,4.711,False,0,0,0.8,0.0
