,player_id,web_name,team_code,element_type,now_cost,event,points_md,is_captain,multiplier,starting_lineup,selected_by_percent,gw_points
0,231,Alisson,14,1,61,38,4.506,False,1,1,9.2,4.506
1,122,Alonso,8,2,57,38,6.218,False,1,1,14.4,6.218
2,142,James,8,2,64,38,5.966,False,1,1,18.1,5.966
3,234,Robertson,14,2,73,38,5.7010000000000005,False,1,1,11.4,5.7010000000000005
4,237,Alexander-Arnold,14,2,84,38,6.029,False,1,1,38.1,6.029
5,258,Aké,43,2,47,38,4.7669999999999995,False,1,1,0.6,4.7669999999999995
6,22,Saka,3,3,67,38,5.445,False,1,1,29.2,5.445
7,138,Mount,8,3,77,38,5.784,False,1,1,21.5,5.784
8,359,Son,6,3,111,38,7.132999999999999,True,2,1,32.3,14.265999999999998
9,20,Nketiah,3,4,57,38,4.511,False,1,1,10.8,4.511
10,357,Kane,6,4,124,38,6.834,False,1,1,21.6,6.834
11,80,Raya,94,1,43,38,3.681,False,0,0,4.3,0.0
12,12,Elneny,3,3,44,38,3.069,False,0,0,0.4,0.0
13,115,Brownhill,90,3,43,38,3.07,False,0,0,3.5,0.0
14,577,Gelhardt,2,4,47,38,2.124,False,0,0,3.8,0.0
