,player_id,web_name,team_code,element_type,now_cost,event,points_md,is_captain,multiplier,starting_lineup,selected_by_percent,gw_points
0,559,Ramsdale,3,1,51,33,7.07,False,1,1,19.2,7.07
1,39,Targett,4,2,47,33,6.646,False,1,1,2.5,6.646
2,279,Telles,1,2,50,33,6.5920000000000005,False,1,1,0.7,6.5920000000000005
3,305,Schär,4,2,44,33,6.835,False,1,1,2.5,6.835
4,22,Saka,3,3,68,33,8.347000000000001,False,1,1,33.3,8.347000000000001
5,212,Maddison,13,3,69,33,8.251,False,1,1,12.3,8.251
6,215,Barnes,13,3,66,33,7.462999999999999,False,1,1,4.1,7.462999999999999
7,277,Fernandes,1,3,116,33,8.535,False,1,1,15.4,8.535
8,6,Lacazette,3,4,84,33,7.982,False,1,1,8.5,7.982
9,109,Wood,4,4,67,33,8.367,False,1,1,2.3,8.367
10,579,Ronaldo,1,4,122,33,10.001,True,2,1,18.6,20.002
11,333,Forster,20,1,44,33,4.306,False,0,0,1.2,0.0
12,428,Boly,39,2,49,33,0.0,False,0,0,0.1,0.0
13,635,Bueno,39,2,40,33,0.0,False,0,0,0.1,0.0
14,339,S.Armstrong,20,3,58,33,5.405,False,0,0,0.2,0.0
