,player_id,web_name,team_code,element_type,now_cost,event,points_md,is_captain,multiplier,starting_lineup,selected_by_percent,gw_points
0,112,Pope,90,1,54,33,6.846,False,1,1,4.1,6.846
1,39,Targett,4,2,47,33,6.646,False,1,1,2.5,6.646
2,273,Maguire,1,2,54,33,5.7070000000000025,False,1,1,4.6,5.7070000000000025
3,279,Telles,1,2,50,33,6.5920000000000005,False,1,1,0.7,6.5920000000000005
4,305,Schär,4,2,44,33,6.835,False,1,1,2.5,6.835
5,210,Tielemans,13,3,64,33,6.9170000000000025,False,1,1,3.5,6.9170000000000025
6,215,Barnes,13,3,66,33,7.462999999999999,False,1,1,4.1,7.462999999999999
7,485,Sancho,1,3,89,33,7.622999999999997,False,1,1,3.0,7.622999999999997
8,517,Elyounoussi,20,3,54,33,5.776999999999999,False,1,1,0.2,5.776999999999999
9,109,Wood,4,4,67,33,8.367,True,2,1,2.3,16.734
10,213,Iheanacho,13,4,71,33,7.149,False,1,1,3.7,7.149
11,333,Forster,20,1,44,33,4.306,False,0,0,1.2,0.0
12,343,Bednarek,20,2,44,33,5.532,False,0,0,1.4,0.0
13,578,Cornet,90,3,59,33,5.658,False,0,0,1.2,0.0
14,104,Rodriguez,90,4,52,33,4.43,False,0,0,1.8,0.0
