,player_id,web_name,team_code,element_type,now_cost,event,points_md,is_captain,multiplier,starting_lineup,selected_by_percent,gw_points
0,96,Pope,90,1,55,24,7.5310000000000015,False,1,1,13.5,7.5310000000000015
1,88,Mee,90,2,50,24,6.242000000000001,False,1,1,3.4,6.242000000000001
2,155,Digne,11,2,61,24,5.912000000000001,False,1,1,7.1,5.912000000000001
3,556,Dias,43,2,61,24,8.323,False,1,1,22.5,8.323
4,276,Sterling,43,3,116,24,11.553,True,2,1,12.2,23.106
5,302,Fernandes,1,3,115,24,6.414,False,1,1,59.1,6.414
6,508,Rodríguez,11,3,77,24,6.4860000000000015,False,1,1,9.5,6.4860000000000015
7,557,Lookman,54,3,50,24,6.5539999999999985,False,1,1,1.2,6.5539999999999985
8,91,Wood,90,4,62,24,7.3820000000000014,False,1,1,1.0,7.3820000000000014
9,164,Calvert-Lewin,11,4,76,24,7.815,False,1,1,42.4,7.815
10,282,Jesus,43,4,92,24,10.694,False,1,1,4.4,10.694
11,32,Steer,7,1,39,24,0.0,False,0,0,4.3,0.0
12,61,Burn,36,2,42,24,2.317,False,0,0,0.4,0.0
13,335,Yedlin,4,2,43,24,0.0,False,0,0,0.2,0.0
14,385,Sissoko,6,3,48,24,1.462,False,0,0,0.4,0.0
