,player_id,web_name,team_code,element_type,now_cost,event,points_md,is_captain,multiplier,starting_lineup,selected_by_percent,gw_points
0,295,Dubravka,4,1,45,34,3.688,False,1,1,3.1,3.688
1,59,Dunk,36,2,48,34,3.7939999999999996,False,1,1,2.2,3.7939999999999996
2,119,Azpilicueta,8,2,56,34,5.372000000000001,False,1,1,3.1,5.372000000000001
3,555,Varane,1,2,55,34,5.042,False,1,1,2.3,5.042
4,123,Jorginho,8,3,57,34,5.853,False,1,1,4.3,5.853
5,230,Mané,14,3,117,34,6.614,False,1,1,3.5,6.614
6,255,Sterling,43,3,105,34,5.18,False,1,1,2.4,5.18
7,485,Sancho,1,3,89,34,7.162000000000001,True,2,1,3.1,14.324000000000002
8,512,Elanga,1,3,48,34,6.148,False,1,1,0.9,6.148
9,134,Werner,8,4,86,34,5.381,False,1,1,3.5,5.381
10,263,Jesus,43,4,84,34,3.839,False,1,1,4.8,3.839
11,112,Pope,90,1,54,34,3.668,False,0,0,3.9,0.0
12,39,Targett,4,2,47,34,3.625,False,0,0,3.1,0.0
13,588,Emerson Royal,6,2,45,34,3.6719999999999997,False,0,0,1.4,0.0
14,159,Mateta,31,4,53,34,3.819,False,0,0,2.8,0.0
