,player_id,web_name,team_code,element_type,now_cost,event,points_md,is_captain,multiplier,starting_lineup,selected_by_percent,gw_points
0,270,de Gea,1,1,51,34,6.584,False,1,1,10.4,6.584
1,142,James,8,2,63,34,8.61,False,1,1,15.7,8.61
2,237,Alexander-Arnold,14,2,84,34,6.495,False,1,1,38.9,6.495
3,259,Laporte,43,2,59,34,5.386,False,1,1,10.9,5.386
4,262,Dias,43,2,61,34,5.039,False,1,1,16.1,5.039
5,138,Mount,8,3,77,34,8.974,True,2,1,18.8,17.948
6,141,Havertz,8,3,79,34,8.823,False,1,1,8.7,8.823
7,233,Salah,14,3,132,34,7.985,False,1,1,57.9,7.985
8,512,Elanga,1,3,48,34,6.148,False,1,1,0.9,6.148
9,315,Pukki,45,4,60,34,4.58,False,1,1,8.8,4.58
10,579,Ronaldo,1,4,122,34,8.582999999999998,False,1,1,19.8,8.582999999999998
11,593,Carson,43,1,39,34,0.0,False,0,0,1.5,0.0
12,151,Kelly,31,2,38,34,0.018000000000000002,False,0,0,1.7,0.0
13,163,Delph,11,3,42,34,1.719,False,0,0,0.8,0.0
14,715,Kamara,45,4,45,34,0.0,False,0,0,0.2,0.0
