,player_id,web_name,team_code,element_type,now_cost,event,points_md,is_captain,multiplier,starting_lineup,selected_by_percent,gw_points
0,15,Ramsdale,3,1,50,2,3.85,False,1,1,15.3,3.85
1,276,Matip,14,2,60,2,5.047,False,1,1,2.6,5.047
2,285,Alexander-Arnold,14,2,75,2,5.93,False,1,1,57.2,5.93
3,306,Cancelo,43,2,70,2,5.352,False,1,1,45.0,5.352
4,312,Dias,43,2,60,2,5.189,False,1,1,12.1,5.189
5,477,Jonny,39,2,45,2,3.9219999999999997,False,1,1,0.7,3.9219999999999997
6,13,Saka,3,3,80,2,5.002,False,1,1,22.1,5.002
7,283,Salah,14,3,130,2,6.996,False,1,1,62.5,6.996
8,486,Neto,39,3,55,2,4.167,False,1,1,16.9,4.167
9,28,Jesus,3,4,80,2,4.886,False,1,1,72.5,4.886
10,318,Haaland,43,4,116,2,7.318,True,2,1,53.1,14.636
11,495,Matthews,31,1,40,2,0.0,False,0,0,0.1,0.0
12,36,Sanson,7,3,45,2,0.156,False,0,0,0.3,0.0
13,115,Alzate,36,3,45,2,0.12300000000000001,False,0,0,0.2,0.0
14,54,Archer,7,4,45,2,0.32799999999999996,False,0,0,7.7,0.0
