,player_id,web_name,team_code,element_type,now_cost,event,points_md,is_captain,multiplier,starting_lineup,selected_by_percent,gw_points
0,257,Ederson,43,1,61,24,4.51,False,1,1,12.2,4.51
1,234,Robertson,14,2,71,24,5.046,False,1,1,4.7,5.046
2,237,Alexander-Arnold,14,2,85,24,5.8610000000000015,False,1,1,47.0,5.8610000000000015
3,256,Cancelo,43,2,71,24,5.475,False,1,1,45.9,5.475
4,370,Reguilón,6,2,54,24,4.476,False,1,1,17.2,4.476
5,154,Zaha,31,3,68,24,4.518,False,1,1,4.1,4.518
6,265,Foden,43,3,80,24,6.025,True,2,1,7.9,12.05
7,416,Lanzini,21,3,58,24,4.617,False,1,1,0.8,4.617
8,420,Bowen,21,3,69,24,5.565,False,1,1,29.4,5.565
9,357,Kane,6,4,123,24,5.808,False,1,1,13.8,5.808
10,413,Antonio,21,4,79,24,5.039,False,1,1,42.4,5.039
11,448,Gunn,45,1,40,24,3.498,False,0,0,1.5,0.0
12,367,Sánchez,6,2,46,24,3.933,False,0,0,3.2,0.0
13,496,Ramsey,7,3,44,24,2.895,False,0,0,0.2,0.0
14,329,Idah,45,4,49,24,2.839,False,0,0,0.9,0.0
