,player_id,web_name,team_code,element_type,now_cost,event,points_md,is_captain,multiplier,starting_lineup,selected_by_percent,gw_points
0,353,Lloris,6,1,54,22,7.009,False,1,1,8.7,7.009
1,106,Mee,90,2,48,22,6.237,False,1,1,0.5,6.237
2,110,Lowton,90,2,44,22,6.187000000000001,False,1,1,1.8,6.187000000000001
3,237,Alexander-Arnold,14,2,83,22,11.363,True,2,1,43.8,22.726
4,361,Dier,6,2,46,22,5.671,False,1,1,7.7,5.671
5,555,Varane,1,2,55,22,6.1320000000000014,False,1,1,2.1,6.1320000000000014
6,210,Tielemans,13,3,64,22,6.843999999999999,False,1,1,3.7,6.843999999999999
7,212,Maddison,13,3,69,22,6.915,False,1,1,8.5,6.915
8,109,Wood,90,4,67,22,8.179,False,1,1,1.4,8.179
9,468,King,57,4,58,22,6.431,False,1,1,6.7,6.431
10,579,Ronaldo,1,4,125,22,10.334,False,1,1,30.2,10.334
11,69,Sánchez,36,1,46,22,6.8660000000000005,False,0,0,18.2,0.0
12,240,Jota,14,3,82,22,11.318,False,0,0,29.7,0.0
13,359,Son,6,3,106,22,9.912,False,0,0,28.2,0.0
14,506,Elliott,14,3,53,22,8.724,False,0,0,0.1,0.0
