,player_id,web_name,team_code,element_type,now_cost,event,points_md,is_captain,multiplier,starting_lineup,selected_by_percent,gw_points
0,523,Forster,20,1,40,27,6.424,False,1,1,5.6,6.424
1,29,El Mohamady,7,2,43,27,3.537,False,1,1,0.4,3.537
2,109,Rüdiger,8,2,46,27,3.965,False,1,1,4.0,3.965
3,259,Alexander-Arnold,14,2,74,27,5.11,False,1,1,13.8,5.11
4,24,Saka,3,3,52,27,4.239,False,1,1,9.3,4.239
5,276,Sterling,43,3,116,27,9.857,True,2,1,10.9,19.714
6,368,Armstrong,20,3,55,27,5.402,False,1,1,0.4,5.402
7,468,Jota,14,3,66,27,4.916,False,1,1,2.6,4.916
8,366,Ings,20,4,84,27,7.035,False,1,1,10.4,7.035
9,388,Kane,6,4,111,27,6.459,False,1,1,33.7,6.459
10,437,Antonio,21,4,65,27,5.1960000000000015,False,1,1,11.6,5.1960000000000015
11,278,Ederson,43,1,61,27,8.443999999999999,False,0,0,10.2,0.0
12,255,Robertson,14,2,72,27,5.029,False,0,0,15.1,0.0
13,556,Dias,43,2,61,27,7.974,False,0,0,23.9,0.0
14,481,Pereira,35,3,54,27,4.104,False,0,0,1.8,0.0
