,player_id,web_name,team_code,element_type,now_cost,event,points_md,is_captain,multiplier,starting_lineup,selected_by_percent,gw_points
0,523,Forster,20,1,40,27,6.188,False,1,1,5.6,6.188
1,17,Tierney,3,2,52,27,4.211,False,1,1,4.4,4.211
2,109,Rüdiger,8,2,46,27,3.965,False,1,1,3.8,3.965
3,259,Alexander-Arnold,14,2,74,27,5.237,False,1,1,13.8,5.237
4,556,Dias,43,2,61,27,8.076,False,1,1,23.5,8.076
5,24,Saka,3,3,52,27,4.239,False,1,1,9.0,4.239
6,276,Sterling,43,3,116,27,10.145,True,2,1,11.2,20.29
7,468,Jota,14,3,66,27,4.842,False,1,1,2.5,4.842
8,366,Ings,20,4,84,27,7.035,False,1,1,10.2,7.035
9,377,Adams,20,4,58,27,5.672999999999999,False,1,1,4.4,5.672999999999999
10,437,Antonio,21,4,65,27,5.2570000000000014,False,1,1,11.1,5.2570000000000014
11,278,Ederson,43,1,61,27,8.443999999999999,False,0,0,10.1,0.0
12,255,Robertson,14,2,72,27,5.341,False,0,0,15.2,0.0
13,390,Son,6,3,95,27,5.789,False,0,0,53.1,0.0
14,481,Pereira,35,3,54,27,4.005,False,0,0,1.8,0.0
