,player_id,web_name,team_code,element_type,now_cost,event,points_md,is_captain,multiplier,starting_lineup,selected_by_percent,gw_points
0,8,Leno,3,1,50,20,3.771,False,1,1,9.1,3.771
1,232,Chilwell,8,2,61,20,4.371,False,1,1,22.9,4.371
2,273,Stones,43,2,51,20,5.051,False,1,1,12.7,5.051
3,300,Shaw,1,2,48,20,5.091,False,1,1,1.8,5.091
4,272,De Bruyne,43,3,119,20,7.167999999999998,True,2,1,31.5,14.335999999999997
5,276,Sterling,43,3,114,20,5.792999999999998,False,1,1,4.3,5.792999999999998
6,302,Fernandes,1,3,113,20,6.983,False,1,1,53.0,6.983
7,306,Rashford,1,3,96,20,6.341,False,1,1,12.7,6.341
8,68,Maupay,36,4,61,20,4.747,False,1,1,2.7,4.747
9,202,Bamford,2,4,67,20,5.105,False,1,1,49.5,5.105
10,514,Watkins,7,4,61,20,4.783,False,1,1,11.1,4.783
11,528,Steele,36,1,40,20,0.0,False,0,0,0.7,0.0
12,196,Douglas,2,2,38,20,0.0,False,0,0,4.3,0.0
13,519,Dunne,90,2,38,20,0.0,False,0,0,4.2,0.0
14,424,Burke,49,3,43,20,1.489,False,0,0,2.0,0.0
