,player_id,web_name,team_code,element_type,now_cost,event,points_md,is_captain,multiplier,starting_lineup,selected_by_percent,gw_points
0,182,Pickford,11,1,45,15,3.7889999999999997,False,1,1,5.7,3.7889999999999997
1,306,Cancelo,43,2,74,15,4.878,False,1,1,57.0,4.878
2,457,Cresswell,21,2,48,15,3.55,False,1,1,2.7,3.55
3,461,Zouma,21,2,45,15,3.5260000000000002,False,1,1,2.1,3.5260000000000002
4,526,Mee,94,2,46,15,3.687,False,1,1,4.9,3.687
5,111,Trossard,36,3,69,15,4.699,False,1,1,24.1,4.699
6,225,Rodrigo,2,3,63,15,4.22,False,1,1,6.1,4.22
7,301,De Bruyne,43,3,125,15,6.65,True,2,1,35.7,13.3
8,335,Rashford,1,3,67,15,4.372,False,1,1,18.6,4.372
9,95,Mbeumo,94,4,58,15,3.978,False,1,1,1.8,3.978
10,356,Wilson,4,4,75,15,4.7360000000000015,False,1,1,11.9,4.7360000000000015
11,238,Meslier,2,1,45,15,3.7060000000000004,False,0,0,2.5,0.0
12,357,Trippier,4,2,59,15,3.948,False,0,0,62.8,0.0
13,369,Almirón,4,3,57,15,4.181,False,0,0,26.7,0.0
14,318,Haaland,43,4,121,15,5.371,False,0,0,80.0,0.0
