,player_id,web_name,team_code,element_type,now_cost,event,points_md,is_captain,multiplier,starting_lineup,selected_by_percent,gw_points
0,475,Sá,39,1,52,26,7.2120000000000015,False,1,1,7.3,7.2120000000000015
1,16,Tierney,3,2,51,26,9.057,False,1,1,11.9,9.057
2,23,Gabriel,3,2,53,26,9.45,False,1,1,5.8,9.45
3,234,Robertson,14,2,71,26,10.999,False,1,1,6.0,10.999
4,237,Alexander-Arnold,14,2,85,26,12.968,False,1,1,47.5,12.968
5,431,Saïss,39,2,50,26,6.197,False,1,1,1.7,6.197
6,154,Zaha,31,3,68,26,8.352,False,1,1,4.3,8.352
7,233,Salah,14,3,129,26,17.368000000000002,True,2,1,45.2,34.736000000000004
8,430,Jiménez,39,4,74,26,8.347999999999999,False,1,1,4.5,8.347999999999999
9,468,King,57,4,59,26,6.952999999999999,False,1,1,8.6,6.952999999999999
10,700,Weghorst,90,4,65,26,7.7159999999999975,False,1,1,1.1,7.7159999999999975
11,353,Lloris,6,1,54,26,6.837999999999999,False,0,0,8.3,0.0
12,22,Saka,3,3,64,26,10.07,False,0,0,13.6,0.0
13,196,Raphinha,2,3,65,26,7.314999999999999,False,0,0,14.7,0.0
14,267,Harrison,2,3,55,26,6.1560000000000015,False,0,0,1.9,0.0
