,player_id,web_name,team_code,element_type,now_cost,event,points_md,is_captain,multiplier,starting_lineup,selected_by_percent,gw_points
0,425,Lloris,6,1,55,17,3.49,False,1,1,5.0,3.49
1,165,Andersen,31,2,45,17,3.5439999999999996,False,1,1,2.9,3.5439999999999996
2,199,Tarkowski,11,2,44,17,3.157,False,1,1,1.5,3.157
3,332,Shaw,1,2,48,17,4.5489999999999995,False,1,1,2.2,4.5489999999999995
4,169,Eze,31,3,57,17,4.0280000000000005,False,1,1,4.1,4.0280000000000005
5,304,Sterling,8,3,97,17,4.41,False,1,1,4.4,4.41
6,333,Fernandes,1,3,98,17,4.657,False,1,1,2.2,4.657
7,609,Antony,1,3,75,17,4.687,False,1,1,4.5,4.687
8,166,Edouard,31,4,53,17,4.168,False,1,1,2.7,4.168
9,476,Jiménez,39,4,68,17,3.7089999999999996,False,1,1,0.2,3.7089999999999996
10,617,Aubameyang,8,4,87,17,4.765,True,2,1,1.0,9.53
11,2,Leno,54,1,45,17,3.3160000000000003,False,0,0,1.7,0.0
12,194,Mykolenko,11,2,45,17,3.103,False,0,0,1.0,0.0
13,417,Perraud,20,2,44,17,3.111,False,0,0,0.5,0.0
14,368,Saint-Maximin,4,3,62,17,3.707,False,0,0,3.5,0.0
