,player_id,web_name,team_code,element_type,now_cost,event,points_md,is_captain,multiplier,starting_lineup,selected_by_percent,gw_points
0,182,Pickford,11,1,45,17,3.895,False,1,1,6.0,3.895
1,16,Gabriel,3,2,52,17,4.6160000000000005,False,1,1,13.7,4.6160000000000005
2,112,Cucurella,8,2,51,17,4.755,False,1,1,7.5,4.755
3,533,Martínez,1,2,45,17,4.305,False,1,1,7.3,4.305
4,13,Saka,3,3,80,17,5.481,False,1,1,17.2,5.481
5,19,Martinelli,3,3,68,17,4.7860000000000005,False,1,1,48.4,4.7860000000000005
6,142,Mount,8,3,75,17,4.864,False,1,1,6.4,4.864
7,160,Zaha,31,3,75,17,5.742999999999999,False,1,1,18.9,5.742999999999999
8,283,Salah,14,3,128,17,6.3870000000000005,False,1,1,32.3,6.3870000000000005
9,166,Edouard,31,4,53,17,4.09,False,1,1,2.7,4.09
10,318,Haaland,43,4,122,17,6.737,True,2,1,82.8,13.474
11,113,Sánchez,36,1,46,17,3.616,False,0,0,13.0,0.0
12,165,Andersen,31,2,45,17,3.44,False,0,0,2.9,0.0
13,332,Shaw,1,2,48,17,4.225,False,0,0,2.2,0.0
14,345,Martial,1,4,67,17,4.8580000000000005,False,0,0,2.0,0.0
