,player_id,web_name,team_code,element_type,now_cost,event,points_md,is_captain,multiplier,starting_lineup,selected_by_percent,gw_points
0,307,Ederson,43,1,55,4,4.232,False,1,1,18.6,4.232
1,26,Saliba,3,2,46,4,4.042,False,1,1,10.4,4.042
2,146,James,8,2,61,4,4.617,False,1,1,43.3,4.617
3,285,Alexander-Arnold,14,2,75,4,6.519,False,1,1,47.5,6.519
4,13,Saka,3,3,79,4,5.148,False,1,1,14.7,5.148
5,19,Martinelli,3,3,64,4,5.166,False,1,1,41.7,5.166
6,104,Groß,36,3,57,4,4.395,False,1,1,9.4,4.395
7,283,Salah,14,3,130,4,9.024,True,2,1,59.8,18.048
8,293,Luis Díaz,14,3,80,4,7.061,False,1,1,21.5,7.061
9,80,Toney,94,4,72,4,5.0310000000000015,False,1,1,18.2,5.0310000000000015
10,318,Haaland,43,4,117,4,6.3729999999999976,False,1,1,61.6,6.3729999999999976
11,548,Iversen,13,1,39,4,0.336,False,0,0,1.9,0.0
12,56,Guilbert,7,2,40,4,0.1,False,0,0,0.9,0.0
13,253,Vestergaard,13,2,40,4,0.113,False,0,0,7.9,0.0
14,323,Delap,43,4,44,4,0.0,False,0,0,0.5,0.0
