,player_id,web_name,team_code,element_type,now_cost,points_md,is_captain,multiplier,starting_lineup,selected_by_percent,gw_points
0,548,Mendy,8,1,51,3.809375,False,1,1,7.0,3.809375
1,123,James,8,2,51,3.56,False,1,1,7.2,3.56
2,273,Stones,43,2,51,3.7661249999999997,False,1,1,13.6,3.7661249999999997
3,556,Dias,43,2,58,3.8998750000000006,False,1,1,12.3,3.8998750000000006
4,254,Salah,14,3,125,5.844125,True,2,1,38.8,11.68825
5,302,Fernandes,1,3,113,5.4285000000000005,False,1,1,53.2,5.4285000000000005
6,306,Rashford,1,3,96,4.850250000000001,False,1,1,12.6,4.850250000000001
7,390,Son,6,3,97,4.781125,False,1,1,57.5,4.781125
8,202,Bamford,2,4,67,4.401624999999999,False,1,1,49.5,4.401624999999999
9,437,Antonio,21,4,63,4.114875,False,1,1,10.3,4.114875
10,514,Watkins,7,4,61,4.18325,False,1,1,11.2,4.18325
11,597,Sánchez,36,1,44,3.377,False,0,0,1.0,0.0
12,146,Mitchell,31,2,39,2.242625,False,0,0,17.9,0.0
13,211,Struijk,2,2,39,1.748875,False,0,0,4.5,0.0
14,23,Smith Rowe,3,3,45,2.5847499999999997,False,0,0,3.4,0.0
