,player_id,web_name,team_code,element_type,now_cost,event,points_md,is_captain,multiplier,starting_lineup,selected_by_percent,gw_points
0,30,Martínez,7,1,55,23,5.9110000000000005,False,1,1,12.6,5.9110000000000005
1,16,Tierney,3,2,50,23,4.699,False,1,1,10.4,4.699
2,23,Gabriel,3,2,53,23,4.603,False,1,1,5.6,4.603
3,237,Alexander-Arnold,14,2,84,23,5.323,False,1,1,45.1,5.323
4,138,Mount,8,3,77,23,5.478,False,1,1,25.6,5.478
5,196,Raphinha,2,3,65,23,6.372999999999998,False,1,1,15.4,6.372999999999998
6,240,Jota,14,3,84,23,5.223,False,1,1,37.3,5.223
7,265,Foden,43,3,80,23,5.278,False,1,1,7.5,5.278
8,681,Coutinho,7,3,70,23,6.122000000000001,False,1,1,4.6,6.122000000000001
9,6,Lacazette,3,4,84,23,5.096,False,1,1,4.2,5.096
10,40,Watkins,7,4,77,23,6.596,True,2,1,13.3,13.192
11,199,Meslier,2,1,48,23,4.7170000000000005,False,0,0,2.2,0.0
12,185,Ayling,2,2,43,23,4.423,False,0,0,2.9,0.0
13,256,Cancelo,43,2,70,23,4.5680000000000005,False,0,0,43.7,0.0
14,468,King,57,4,58,23,4.769,False,0,0,8.3,0.0
