,player_id,web_name,team_code,element_type,now_cost,event,points_md,is_captain,multiplier,starting_lineup,selected_by_percent,gw_points
0,30,Martínez,7,1,55,23,5.9110000000000005,False,1,1,12.6,5.9110000000000005
1,16,Tierney,3,2,50,23,4.699,False,1,1,10.4,4.699
2,23,Gabriel,3,2,53,23,4.603,False,1,1,5.6,4.603
3,237,Alexander-Arnold,14,2,84,23,5.323,False,1,1,45.1,5.323
4,138,Mount,8,3,77,23,5.478,False,1,1,25.6,5.478
5,196,Raphinha,2,3,65,23,6.372999999999998,False,1,1,15.4,6.372999999999998
6,240,Jota,14,3,84,23,5.223,False,1,1,37.3,5.223
7,265,Foden,43,3,80,23,5.278,False,1,1,7.5,5.278
8,681,Coutinho,7,3,70,23,6.122000000000001,False,1,1,4.6,6.122000000000001
9,40,Watkins,7,4,77,23,6.596,True,2,1,13.3,13.192
10,189,Bamford,2,4,77,23,5.105,False,1,1,3.1,5.105
11,231,Alisson,14,1,60,23,3.972,False,0,0,7.4,0.0
12,89,Roerslev,94,2,43,23,0.715,False,0,0,0.1,0.0
13,327,Sørensen,45,2,43,23,1.943,False,0,0,0.0,0.0
14,530,Balogun,3,4,47,23,0.0,False,0,0,0.3,0.0
