,player_id,web_name,team_code,element_type,now_cost,event,points_md,is_captain,multiplier,starting_lineup,selected_by_percent,gw_points
0,513,Woodman,4,1,45,3,3.699,False,1,1,0.6,3.699
1,56,Duffy,36,2,41,3,3.5980000000000003,False,1,1,11.1,3.5980000000000003
2,411,Cresswell,21,2,55,3,4.668,False,1,1,18.2,4.668
3,414,Dawson,21,2,50,3,4.452,False,1,1,0.4,4.452
4,42,El Ghazi,7,3,60,3,4.294,False,1,1,1.5,4.294
5,43,Buendía,7,3,64,3,4.267,False,1,1,3.7,4.267
6,96,Mbeumo,94,3,55,3,3.86,False,1,1,1.2,3.86
7,254,Mahrez,43,3,90,3,5.205,False,1,1,6.9,5.205
8,359,Son,6,3,101,3,5.521,False,1,1,25.7,5.521
9,296,Wilson,4,4,75,3,5.2120000000000015,False,1,1,6.1,5.2120000000000015
10,357,Kane,6,4,123,3,6.76,True,2,1,8.2,13.52
11,270,de Gea,1,1,50,3,3.766,False,0,0,3.4,0.0
12,256,Cancelo,43,2,60,3,4.217,False,0,0,7.2,0.0
13,370,Reguilón,6,2,51,3,4.132,False,0,0,7.2,0.0
14,413,Antonio,21,4,78,3,5.494,False,0,0,41.5,0.0
