,player_id,web_name,team_code,element_type,now_cost,event,points_md,is_captain,multiplier,starting_lineup,selected_by_percent,gw_points
0,548,Mendy,8,1,51,20,3.942,False,1,1,6.9,3.942
1,62,Dunk,36,2,48,20,3.944,False,1,1,2.5,3.944
2,273,Stones,43,2,51,20,4.58,False,1,1,14.3,4.58
3,300,Shaw,1,2,48,20,4.702,False,1,1,2.0,4.702
4,254,Salah,14,3,125,20,5.259,False,1,1,38.2,5.259
5,276,Sterling,43,3,114,20,5.7360000000000015,False,1,1,5.2,5.7360000000000015
6,284,Foden,43,3,63,20,5.232,False,1,1,10.7,5.232
7,302,Fernandes,1,3,113,20,6.722,True,2,1,53.7,13.444
8,306,Rashford,1,3,96,20,6.0870000000000015,False,1,1,12.8,6.0870000000000015
9,68,Maupay,36,4,61,20,4.767,False,1,1,2.9,4.767
10,202,Bamford,2,4,67,20,4.982,False,1,1,49.4,4.982
11,32,Steer,7,1,40,20,0.0,False,0,0,4.4,0.0
12,196,Douglas,2,2,38,20,0.0,False,0,0,4.2,0.0
13,519,Dunne,90,2,38,20,0.057,False,0,0,4.2,0.0
14,51,Vassilev,7,4,43,20,0.0,False,0,0,0.7,0.0
