,player_id,web_name,team_code,element_type,now_cost,event,points_md,is_captain,multiplier,starting_lineup,selected_by_percent,gw_points
0,281,Alisson,14,1,54,9,4.186,False,1,1,13.9,4.186
1,146,James,8,2,60,9,3.918,False,1,1,33.1,3.918
2,249,Evans,13,2,44,9,3.405,False,1,1,0.3,3.405
3,285,Alexander-Arnold,14,2,75,9,4.852,False,1,1,35.0,4.852
4,160,Zaha,31,3,72,9,4.064,False,1,1,13.6,4.064
5,261,Maddison,13,3,79,9,4.466,False,1,1,4.8,4.466
6,283,Salah,14,3,129,9,6.325,False,1,1,33.6,6.325
7,465,Bowen,21,3,81,9,4.684,False,1,1,4.5,4.684
8,66,Solanke,91,4,57,9,4.15,False,1,1,0.5,4.15
9,210,Mitrović,54,4,69,9,4.603,False,1,1,31.7,4.603
10,318,Haaland,43,4,120,9,6.7589999999999995,True,2,1,80.7,13.517999999999999
11,324,Ortega,43,1,39,9,0.121,False,0,0,0.5,0.0
12,153,Tomkins,31,2,39,9,0.06,False,0,0,0.6,0.0
13,494,Mosquera,39,2,39,9,0.126,False,0,0,1.1,0.0
14,551,Iqbal,1,3,43,9,0.040999999999999995,False,0,0,0.6,0.0
