,player_id,web_name,team_code,element_type,now_cost,points_md,is_captain,multiplier,starting_lineup,selected_by_percent,gw_points
0,200,Schmeichel,13,1,48,4.280600000000001,False,1,1,12.6,4.280600000000001
1,23,Gabriel,3,2,53,3.978,False,1,1,7.4,3.978
2,142,James,8,2,62,3.6348,False,1,1,12.3,3.6348
3,237,Alexander-Arnold,14,2,85,4.1014,False,1,1,46.0,4.1014
4,22,Saka,3,3,66,5.1362000000000005,False,1,1,29.9,5.1362000000000005
5,212,Maddison,13,3,67,4.4782,False,1,1,7.6,4.4782
6,215,Barnes,13,3,65,4.417599999999999,False,1,1,2.8,4.417599999999999
7,359,Son,6,3,109,5.413400000000001,False,1,1,23.4,5.413400000000001
8,6,Lacazette,3,4,84,5.034000000000001,False,1,1,8.0,5.034000000000001
9,357,Kane,6,4,124,5.5428,True,2,1,21.0,11.0856
10,700,Weghorst,90,4,65,3.9602000000000004,False,1,1,4.7,3.9602000000000004
11,80,Raya,94,1,43,3.346,False,0,0,3.7,0.0
12,361,Dier,6,2,46,3.3068,False,0,0,4.8,0.0
13,425,Johnson,21,2,39,2.3408,False,0,0,3.2,0.0
14,115,Brownhill,90,3,43,2.846,False,0,0,2.7,0.0
