,player_id,web_name,team_code,element_type,now_cost,event,points_md,is_captain,multiplier,starting_lineup,selected_by_percent,gw_points
0,30,Martínez,7,1,55,23,5.907,False,1,1,12.6,5.907
1,16,Tierney,3,2,50,23,4.641,False,1,1,10.3,4.641
2,23,Gabriel,3,2,53,23,4.519,False,1,1,5.6,4.519
3,237,Alexander-Arnold,14,2,84,23,5.2860000000000005,False,1,1,44.9,5.2860000000000005
4,138,Mount,8,3,77,23,5.382999999999999,False,1,1,25.8,5.382999999999999
5,196,Raphinha,2,3,65,23,6.462999999999999,False,1,1,15.2,6.462999999999999
6,240,Jota,14,3,84,23,5.1560000000000015,False,1,1,37.1,5.1560000000000015
7,265,Foden,43,3,80,23,5.22,False,1,1,7.5,5.22
8,681,Coutinho,7,3,70,23,6.056000000000001,False,1,1,3.9,6.056000000000001
9,6,Lacazette,3,4,84,23,5.13,False,1,1,4.2,5.13
10,40,Watkins,7,4,77,23,6.54,True,2,1,13.3,13.08
11,170,Pickford,11,1,49,23,3.585,False,0,0,4.8,0.0
12,343,Bednarek,20,2,44,23,1.6,False,0,0,1.0,0.0
13,494,Romero,6,2,48,23,1.019,False,0,0,0.2,0.0
14,602,Simms,11,4,45,23,0.066,False,0,0,0.4,0.0
