,player_id,web_name,team_code,element_type,now_cost,event,points_md,is_captain,multiplier,starting_lineup,selected_by_percent,gw_points
0,133,Arrizabalaga,8,1,45,18,3.7569999999999997,False,1,1,6.0,3.7569999999999997
1,112,Cucurella,8,2,51,18,3.904,False,1,1,8.0,3.904
2,285,Alexander-Arnold,14,2,72,18,5.007,False,1,1,16.2,5.007
3,357,Trippier,4,2,59,18,4.724,False,1,1,66.2,4.724
4,377,Botman,4,2,44,18,3.865,False,1,1,3.8,3.865
5,470,Diop,54,2,43,18,3.38,False,1,1,0.3,3.38
6,346,Andreas,54,3,46,18,3.733,False,1,1,24.1,3.733
7,369,Almirón,4,3,58,18,4.979,False,1,1,40.5,4.979
8,66,Solanke,91,4,58,18,4.3919999999999995,False,1,1,5.5,4.3919999999999995
9,210,Mitrović,54,4,69,18,5.596,False,1,1,21.0,5.596
10,318,Haaland,43,4,122,18,8.043,True,2,1,84.2,16.086
11,307,Ederson,43,1,54,18,4.511,False,0,0,13.6,0.0
12,142,Mount,8,3,75,18,4.677,False,0,0,7.2,0.0
13,160,Zaha,31,3,75,18,4.872,False,0,0,15.0,0.0
14,283,Salah,14,3,128,18,7.794,False,0,0,33.2,0.0
