,player_id,web_name,team_code,element_type,now_cost,event,points_md,is_captain,multiplier,starting_lineup,selected_by_percent,gw_points
0,307,Ederson,43,1,54,18,4.511,False,1,1,13.6,4.511
1,285,Alexander-Arnold,14,2,72,18,5.007,False,1,1,16.2,5.007
2,357,Trippier,4,2,59,18,4.724,False,1,1,66.2,4.724
3,377,Botman,4,2,44,18,3.865,False,1,1,3.8,3.865
4,19,Martinelli,3,3,68,18,4.302,False,1,1,47.6,4.302
5,160,Zaha,31,3,75,18,4.872,False,1,1,15.0,4.872
6,283,Salah,14,3,128,18,7.794,False,1,1,33.2,7.794
7,369,Almirón,4,3,58,18,4.979,False,1,1,40.5,4.979
8,210,Mitrović,54,4,69,18,5.596,False,1,1,21.0,5.596
9,297,Darwin,14,4,90,18,5.8420000000000005,False,1,1,17.1,5.8420000000000005
10,318,Haaland,43,4,122,18,8.043,True,2,1,84.2,16.086
11,502,Carson,43,1,38,18,0.013000000000000001,False,0,0,0.4,0.0
12,273,Brunt,13,2,39,18,0.0,False,0,0,0.3,0.0
13,343,B.Williams,1,2,38,18,0.314,False,0,0,3.1,0.0
14,381,Colback,17,3,42,18,0.174,False,0,0,0.8,0.0
