,player_id,web_name,team_code,element_type,now_cost,event,points_md,is_captain,multiplier,starting_lineup,selected_by_percent,gw_points
0,425,Lloris,6,1,55,18,3.8569999999999998,False,1,1,4.7,3.8569999999999998
1,276,Matip,14,2,59,18,4.313,True,2,1,0.8,8.626
2,358,Burn,4,2,45,18,3.741,False,1,1,1.9,3.741
3,377,Botman,4,2,44,18,3.812,False,1,1,3.7,3.812
4,304,Sterling,8,3,97,18,4.1610000000000005,False,1,1,4.3,4.1610000000000005
5,333,Fernandes,1,3,98,18,3.884,False,1,1,3.4,3.884
6,374,Bruno Guimarães,4,3,57,18,3.9160000000000004,False,1,1,4.4,3.9160000000000004
7,465,Bowen,21,3,80,18,4.221,False,1,1,2.4,4.221
8,609,Antony,1,3,75,18,3.958,False,1,1,4.2,3.958
9,11,Nketiah,3,4,65,18,3.998,False,1,1,2.3,3.998
10,145,Havertz,8,4,77,18,3.951,False,1,1,3.8,3.951
11,2,Leno,54,1,45,18,3.819,False,0,0,1.9,0.0
12,201,Ream,54,2,45,18,3.37,False,0,0,0.4,0.0
13,299,Walker,43,2,48,18,3.548,False,0,0,4.4,0.0
14,166,Edouard,31,4,53,18,3.557,False,0,0,3.1,0.0
