,player_id,web_name,team_code,element_type,now_cost,event,points_md,is_captain,multiplier,starting_lineup,selected_by_percent,gw_points
0,307,Ederson,43,1,54,18,4.454,False,1,1,13.6,4.454
1,285,Alexander-Arnold,14,2,72,18,5.183,False,1,1,16.2,5.183
2,357,Trippier,4,2,59,18,4.6610000000000005,False,1,1,66.2,4.6610000000000005
3,366,Schär,4,2,49,18,4.088,False,1,1,11.3,4.088
4,160,Zaha,31,3,75,18,4.843999999999999,False,1,1,15.0,4.843999999999999
5,283,Salah,14,3,128,18,7.336,False,1,1,33.1,7.336
6,335,Rashford,1,3,67,18,4.232,False,1,1,29.2,4.232
7,369,Almirón,4,3,58,18,5.045,False,1,1,40.3,5.045
8,210,Mitrović,54,4,69,18,5.609,False,1,1,20.7,5.609
9,297,Darwin,14,4,90,18,5.853,False,1,1,17.1,5.853
10,318,Haaland,43,4,122,18,8.315,True,2,1,84.2,16.63
11,502,Carson,43,1,38,18,0.0,False,0,0,0.4,0.0
12,273,Brunt,13,2,39,18,0.038,False,0,0,0.3,0.0
13,343,B.Williams,1,2,38,18,0.17600000000000002,False,0,0,3.1,0.0
14,381,Colback,17,3,42,18,0.1,False,0,0,0.8,0.0
