,player_id,web_name,team_code,element_type,now_cost,points_md,is_captain,multiplier,starting_lineup,selected_by_percent,gw_points
0,278,Ederson,43,1,60,4.010624999999999,False,1,1,8.1,4.010624999999999
1,255,Robertson,14,2,74,4.093875,False,1,1,20.3,4.093875
2,273,Stones,43,2,52,3.597,False,1,1,20.5,3.597
3,300,Shaw,1,2,48,3.4306249999999996,False,1,1,2.9,3.4306249999999996
4,254,Salah,14,3,126,5.769500000000001,True,2,1,41.1,11.539000000000001
5,284,Foden,43,3,62,4.0875,False,1,1,9.4,4.0875
6,302,Fernandes,1,3,114,5.4083749999999995,False,1,1,56.1,5.4083749999999995
7,390,Son,6,3,98,5.25275,False,1,1,59.0,5.25275
8,202,Bamford,2,4,66,4.593125000000001,False,1,1,47.3,4.593125000000001
9,437,Antonio,21,4,65,4.26625,False,1,1,17.8,4.26625
10,514,Watkins,7,4,63,4.42675,False,1,1,17.2,4.42675
11,597,Sánchez,36,1,44,3.5519999999999996,False,0,0,1.3,0.0
12,66,Webster,36,2,44,2.8850000000000002,False,0,0,1.4,0.0
13,146,Mitchell,31,2,39,1.9095000000000002,False,0,0,17.9,0.0
14,191,Anguissa,54,3,45,2.31925,False,0,0,1.9,0.0
