,player_id,web_name,team_code,element_type,now_cost,event,points_md,is_captain,multiplier,starting_lineup,selected_by_percent,gw_points
0,483,Ramsdale,49,1,46,22,4.065,False,1,1,1.9,4.065
1,255,Robertson,14,2,74,22,4.987,False,1,1,20.3,4.987
2,259,Alexander-Arnold,14,2,73,22,5.0,False,1,1,15.0,5.0
3,273,Stones,43,2,52,22,4.5139999999999985,False,1,1,20.5,4.5139999999999985
4,254,Salah,14,3,126,22,6.604,True,2,1,41.1,13.208
5,271,Gündogan,43,3,58,22,4.533,False,1,1,18.6,4.533
6,284,Foden,43,3,62,22,4.743,False,1,1,9.4,4.743
7,302,Fernandes,1,3,114,22,5.837999999999999,False,1,1,56.1,5.837999999999999
8,306,Rashford,1,3,95,22,5.052,False,1,1,10.7,5.052
9,437,Antonio,21,4,65,22,4.421,False,1,1,17.8,4.421
10,514,Watkins,7,4,63,22,4.715,False,1,1,17.2,4.715
11,417,Johnstone,35,1,45,22,3.42,False,0,0,2.8,0.0
12,211,Struijk,2,2,39,22,2.202,False,0,0,4.4,0.0
13,509,Ampadu,49,2,43,22,3.539,False,0,0,0.5,0.0
14,262,Brewster,49,4,45,22,1.733,False,0,0,7.5,0.0
