,player_id,web_name,team_code,element_type,now_cost,event,points_md,is_captain,multiplier,starting_lineup,selected_by_percent,gw_points
0,200,Schmeichel,13,1,49,36,7.8320000000000025,False,1,1,16.5,7.8320000000000025
1,256,Cancelo,43,2,72,36,9.214,False,1,1,40.6,9.214
2,262,Dias,43,2,61,36,9.315,False,1,1,16.8,9.315
3,466,Tavares,3,2,43,36,6.675,False,1,1,0.7,6.675
4,22,Saka,3,3,67,36,10.48,False,1,1,29.2,10.48
5,212,Maddison,13,3,69,36,8.859,False,1,1,13.9,8.859
6,233,Salah,14,3,133,36,13.437999999999999,True,2,1,59.0,26.875999999999998
7,503,Gordon,11,3,46,36,7.716,False,1,1,3.6,7.716
8,20,Nketiah,3,4,55,36,8.149999999999999,False,1,1,4.6,8.149999999999999
9,180,Richarlison,11,4,75,36,8.663,False,1,1,6.5,8.663
10,315,Pukki,45,4,61,36,7.973,False,1,1,10.8,7.973
11,231,Alisson,14,1,60,36,8.299,False,0,0,9.0,0.0
12,237,Alexander-Arnold,14,2,84,36,10.699000000000002,False,0,0,38.9,0.0
13,259,Laporte,43,2,60,36,8.615,False,0,0,12.0,0.0
14,215,Barnes,13,3,65,36,8.16,False,0,0,3.6,0.0
