,player_id,web_name,team_code,element_type,now_cost,event,points_md,is_captain,multiplier,starting_lineup,selected_by_percent,gw_points
0,559,Ramsdale,3,1,48,13,3.996,False,1,1,11.7,3.996
1,122,Alonso,8,2,56,13,4.574,False,1,1,7.6,4.574
2,142,James,8,2,61,13,5.191,False,1,1,28.1,5.191
3,237,Alexander-Arnold,14,2,78,13,6.456,False,1,1,34.2,6.456
4,64,Trossard,36,3,65,13,4.825,False,1,1,3.1,4.825
5,212,Maddison,13,3,66,13,4.964,False,1,1,3.7,4.964
6,233,Salah,14,3,130,13,8.327,True,2,1,72.2,16.654
7,265,Foden,43,3,83,13,5.096,False,1,1,13.4,5.096
8,4,Aubameyang,3,4,99,13,5.859,False,1,1,4.2,5.859
9,78,Toney,94,4,67,13,4.676,False,1,1,21.2,4.676
10,430,Jiménez,39,4,78,13,4.7780000000000005,False,1,1,11.9,4.7780000000000005
11,376,Foster,57,1,41,13,3.2110000000000003,False,0,0,23.3,0.0
12,67,White,3,2,44,13,3.85,False,0,0,11.8,0.0
13,245,Tsimikas,14,2,39,13,3.483,False,0,0,13.0,0.0
14,507,Palmer,43,3,45,13,2.874,False,0,0,0.1,0.0
