,player_id,web_name,team_code,element_type,now_cost,event,points_md,is_captain,multiplier,starting_lineup,selected_by_percent,gw_points
0,559,Ramsdale,3,1,48,13,3.998,False,1,1,11.7,3.998
1,142,James,8,2,61,13,5.472,False,1,1,27.7,5.472
2,237,Alexander-Arnold,14,2,78,13,6.325,False,1,1,34.1,6.325
3,590,Tomiyasu,3,2,46,13,4.006,False,1,1,3.3,4.006
4,64,Trossard,36,3,65,13,4.745,False,1,1,3.1,4.745
5,96,Mbeumo,94,3,56,13,4.28,False,1,1,4.2,4.28
6,212,Maddison,13,3,66,13,4.7010000000000005,False,1,1,3.7,4.7010000000000005
7,230,Mané,14,3,120,13,6.4929999999999986,False,1,1,4.6,6.4929999999999986
8,233,Salah,14,3,130,13,8.238999999999999,True,2,1,72.2,16.477999999999998
9,4,Aubameyang,3,4,99,13,5.935,False,1,1,4.2,5.935
10,78,Toney,94,4,67,13,4.662,False,1,1,21.2,4.662
11,593,Carson,43,1,39,13,0.0,False,0,0,1.2,0.0
12,99,Bardsley,90,2,39,13,0.028,False,0,0,0.7,0.0
13,151,Kelly,31,2,39,13,0.0,False,0,0,1.1,0.0
14,49,Davis,7,4,44,13,0.0,False,0,0,2.8,0.0
