,player_id,web_name,team_code,element_type,now_cost,event,points_md,is_captain,multiplier,starting_lineup,selected_by_percent,gw_points
0,559,Ramsdale,3,1,48,13,3.996,False,1,1,11.6,3.996
1,23,Gabriel,3,2,51,13,4.3039999999999985,False,1,1,2.3,4.3039999999999985
2,142,James,8,2,61,13,5.363,False,1,1,27.4,5.363
3,237,Alexander-Arnold,14,2,78,13,6.386,False,1,1,34.0,6.386
4,64,Trossard,36,3,65,13,4.782,False,1,1,3.1,4.782
5,96,Mbeumo,94,3,56,13,4.199,False,1,1,4.2,4.199
6,230,Mané,14,3,120,13,6.431,False,1,1,4.6,6.431
7,233,Salah,14,3,130,13,8.163,True,2,1,72.1,16.326
8,4,Aubameyang,3,4,99,13,5.9929999999999986,False,1,1,4.2,5.9929999999999986
9,78,Toney,94,4,67,13,4.745,False,1,1,21.2,4.745
10,315,Pukki,45,4,58,13,4.444,False,1,1,4.6,4.444
11,376,Foster,57,1,41,13,3.278,False,0,0,23.3,0.0
12,56,Duffy,36,2,43,13,3.274,False,0,0,22.7,0.0
13,290,Williams,45,2,39,13,2.109,False,0,0,4.9,0.0
14,70,Bissouma,36,3,44,13,2.735,False,0,0,9.8,0.0
