,player_id,web_name,team_code,element_type,now_cost,event,points_md,is_captain,multiplier,starting_lineup,selected_by_percent,gw_points
0,307,Ederson,43,1,55,5,4.519,False,1,1,18.1,4.519
1,16,Gabriel,3,2,50,5,4.863,False,1,1,8.6,4.863
2,146,James,8,2,61,5,4.706,False,1,1,44.1,4.706
3,285,Alexander-Arnold,14,2,75,5,5.334,False,1,1,48.2,5.334
4,13,Saka,3,3,79,5,5.466,False,1,1,13.2,5.466
5,19,Martinelli,3,3,64,5,4.695,False,1,1,41.1,4.695
6,225,Rodrigo,2,3,64,5,5.492999999999999,False,1,1,28.6,5.492999999999999
7,293,Luis Díaz,14,3,81,5,5.434,False,1,1,25.1,5.434
8,301,De Bruyne,43,3,122,5,6.651,False,1,1,26.2,6.651
9,210,Mitrović,54,4,67,5,4.678999999999999,False,1,1,18.5,4.678999999999999
10,318,Haaland,43,4,118,5,6.749,True,2,1,65.5,13.498
11,548,Iversen,13,1,39,5,0.28300000000000003,False,0,0,2.3,0.0
12,174,Ferguson,31,2,39,5,0.0,False,0,0,0.4,0.0
13,343,B.Williams,1,2,39,5,0.127,False,0,0,2.0,0.0
14,54,Archer,7,4,45,5,0.54,False,0,0,6.2,0.0
