,player_id,web_name,team_code,element_type,now_cost,event,points_md,is_captain,multiplier,starting_lineup,selected_by_percent,gw_points
0,307,Ederson,43,1,55,5,4.519,False,1,1,18.1,4.519
1,16,Gabriel,3,2,50,5,4.863,False,1,1,8.6,4.863
2,26,Saliba,3,2,46,5,3.91,False,1,1,13.7,3.91
3,146,James,8,2,61,5,4.706,False,1,1,44.1,4.706
4,13,Saka,3,3,79,5,5.466,False,1,1,13.2,5.466
5,104,Groß,36,3,58,5,4.303999999999999,False,1,1,12.9,4.303999999999999
6,225,Rodrigo,2,3,64,5,5.492999999999999,False,1,1,28.6,5.492999999999999
7,233,Harrison,2,3,61,5,4.138,False,1,1,4.0,4.138
8,210,Mitrović,54,4,67,5,4.678999999999999,False,1,1,18.5,4.678999999999999
9,279,Firmino,14,4,80,5,5.167999999999998,False,1,1,2.4,5.167999999999998
10,318,Haaland,43,4,118,5,6.749,True,2,1,65.5,13.498
11,238,Meslier,2,1,45,5,3.6830000000000003,False,0,0,2.5,0.0
12,285,Alexander-Arnold,14,2,75,5,5.334,False,0,0,48.2,0.0
13,312,Dias,43,2,60,5,4.419,False,0,0,11.0,0.0
14,293,Luis Díaz,14,3,81,5,5.434,False,0,0,25.1,0.0
