,player_id,web_name,team_code,element_type,now_cost,event,points_md,is_captain,multiplier,starting_lineup,selected_by_percent,gw_points
0,152,Guaita,31,1,45,5,3.71,False,1,1,1.4,3.71
1,165,Andersen,31,2,45,5,3.3989999999999996,False,1,1,2.2,3.3989999999999996
2,286,Gomez,14,2,45,5,3.884,False,1,1,0.5,3.884
3,302,Stones,43,2,54,5,4.053999999999999,False,1,1,2.0,4.053999999999999
4,169,Eze,31,3,55,5,3.9730000000000003,False,1,1,1.7,3.9730000000000003
5,233,Harrison,2,3,61,5,3.908,False,1,1,4.0,3.908
6,300,Gündogan,43,3,76,5,3.98,False,1,1,5.0,3.98
7,303,Mahrez,43,3,78,5,3.9789999999999996,False,1,1,2.5,3.9789999999999996
8,333,Fernandes,1,3,98,5,3.9139999999999997,False,1,1,2.0,3.9139999999999997
9,255,Vardy,13,4,94,5,4.322,True,2,1,3.5,8.644
10,279,Firmino,14,4,80,5,3.7960000000000003,False,1,1,1.9,3.7960000000000003
11,238,Meslier,2,1,45,5,3.6639999999999997,False,0,0,2.5,0.0
12,228,Llorente,2,2,45,5,3.3539999999999996,False,0,0,0.4,0.0
13,516,Collins,39,2,45,5,3.339,False,0,0,0.4,0.0
14,476,Jiménez,39,4,69,5,3.78,False,0,0,0.3,0.0
