,player_id,web_name,team_code,element_type,now_cost,event,points_md,is_captain,multiplier,starting_lineup,selected_by_percent,gw_points
0,238,Meslier,2,1,45,5,3.6830000000000003,False,1,1,2.5,3.6830000000000003
1,165,Andersen,31,2,45,5,3.549,False,1,1,2.3,3.549
2,286,Gomez,14,2,45,5,3.719,False,1,1,0.5,3.719
3,302,Stones,43,2,54,5,4.093999999999999,False,1,1,2.0,4.093999999999999
4,169,Eze,31,3,55,5,3.8939999999999997,False,1,1,1.8,3.8939999999999997
5,233,Harrison,2,3,61,5,4.138,False,1,1,4.0,4.138
6,333,Fernandes,1,3,98,5,4.127,False,1,1,2.1,4.127
7,465,Bowen,21,3,83,5,3.715,False,1,1,3.4,3.715
8,579,Guedes,39,3,60,5,3.932,False,1,1,0.3,3.932
9,255,Vardy,13,4,94,5,4.202,False,1,1,3.4,4.202
10,279,Firmino,14,4,80,5,5.167999999999998,True,2,1,2.4,10.335999999999997
11,478,Sá,39,1,50,5,3.571,False,0,0,4.8,0.0
12,106,Dunk,36,2,45,5,3.342,False,0,0,3.8,0.0
13,235,Struijk,2,2,45,5,3.36,False,0,0,0.4,0.0
14,476,Jiménez,39,4,69,5,3.6010000000000004,False,0,0,0.4,0.0
