,player_id,web_name,team_code,element_type,now_cost,event,points_md,is_captain,multiplier,starting_lineup,selected_by_percent,gw_points
0,426,Forster,6,1,39,24,3.5789999999999997,False,1,1,3.7,3.5789999999999997
1,106,Dunk,36,2,47,24,3.8680000000000003,False,1,1,5.0,3.8680000000000003
2,459,Dawson,39,2,48,24,3.805,False,1,1,0.3,3.805
3,586,Estupiñán,36,2,46,24,3.764,False,1,1,3.6,3.764
4,116,Mac Allister,36,3,54,24,4.54,False,1,1,2.4,4.54
5,142,Mount,8,3,73,24,4.042,False,1,1,4.9,4.042
6,480,Neves,39,3,54,24,4.019,False,1,1,1.8,4.019
7,704,Sarabia,39,3,55,24,3.8289999999999997,False,1,1,0.0,3.8289999999999997
8,40,Watkins,7,4,71,24,3.903,False,1,1,2.6,3.903
9,145,Havertz,8,4,77,24,4.738,True,2,1,4.4,9.476
10,690,João Félix,8,4,75,24,4.512,False,1,1,1.5,4.512
11,238,Meslier,2,1,45,24,3.432,False,0,0,2.0,0.0
12,85,Henry,94,2,45,24,3.585,False,0,0,1.1,0.0
13,342,Dalot,1,2,47,24,3.5860000000000003,False,0,0,4.3,0.0
14,186,Iwobi,11,3,54,24,3.804,False,0,0,0.7,0.0
