,player_id,web_name,team_code,element_type,now_cost,event,points_md,is_captain,multiplier,starting_lineup,selected_by_percent,gw_points
0,475,Sá,39,1,50,10,3.781,False,1,1,2.6,3.781
1,224,Matip,14,2,50,10,4.439,False,1,1,3.5,4.439
2,234,Robertson,14,2,70,10,4.516,False,1,1,2.2,4.516
3,259,Laporte,43,2,55,10,4.305,False,1,1,4.9,4.305
4,230,Mané,14,3,119,10,6.011,True,2,1,3.6,12.022
5,250,Gündogan,43,3,72,10,3.806,False,1,1,2.5,3.806
6,251,De Bruyne,43,3,120,10,5.9860000000000015,False,1,1,4.0,5.9860000000000015
7,420,Bowen,21,3,63,10,3.763,False,1,1,1.3,3.763
8,4,Aubameyang,3,4,100,10,4.609,False,1,1,4.7,4.609
9,315,Pukki,45,4,58,10,4.332,False,1,1,4.1,4.332
10,468,King,57,4,56,10,4.263,False,1,1,2.4,4.263
11,334,McCarthy,20,1,45,10,3.509,False,0,0,2.6,0.0
12,110,Lowton,90,2,44,10,3.358,False,0,0,1.5,0.0
13,437,Semedo,39,2,49,10,3.551,False,0,0,3.0,0.0
14,318,McLean,45,3,49,10,3.0,False,0,0,0.1,0.0
