,player_id,web_name,team_code,element_type,now_cost,event,points_md,is_captain,multiplier,starting_lineup,selected_by_percent,gw_points
0,376,Foster,57,1,40,10,3.4760000000000004,False,1,1,22.5,3.4760000000000004
1,135,Chilwell,8,2,58,10,4.507,False,1,1,13.9,4.507
2,224,Matip,14,2,50,10,4.408,False,1,1,3.5,4.408
3,262,Dias,43,2,62,10,4.521,False,1,1,28.5,4.521
4,33,Grealish,43,3,79,10,5.29,False,1,1,15.4,5.29
5,138,Mount,8,3,75,10,5.23,False,1,1,15.4,5.23
6,233,Salah,14,3,129,10,7.93,True,2,1,69.3,15.86
7,265,Foden,43,3,81,10,6.36,False,1,1,11.0,6.36
8,78,Toney,94,4,66,10,4.601,False,1,1,19.0,4.601
9,315,Pukki,45,4,58,10,4.371,False,1,1,4.1,4.371
10,468,King,57,4,56,10,4.117,False,1,1,2.6,4.117
11,475,Sá,39,1,50,10,3.78,False,0,0,2.6,0.0
12,142,James,8,2,56,10,4.645,False,0,0,6.8,0.0
13,237,Alexander-Arnold,14,2,76,10,5.909,False,0,0,26.5,0.0
14,399,Sarr,57,3,62,10,4.61,False,0,0,14.6,0.0
