,player_id,web_name,team_code,element_type,now_cost,event,points_md,is_captain,multiplier,starting_lineup,selected_by_percent,gw_points
0,81,Raya,94,1,47,22,4.253,False,1,1,8.6,4.253
1,16,Gabriel,3,2,52,22,4.474,False,1,1,13.5,4.474
2,106,Dunk,36,2,47,22,4.631,False,1,1,4.9,4.631
3,332,Shaw,1,2,52,22,7.572999999999999,False,1,1,22.6,7.572999999999999
4,526,Mee,94,2,47,22,4.3969999999999985,False,1,1,9.6,4.3969999999999985
5,586,Estupiñán,36,2,45,22,4.352,False,1,1,1.6,4.352
6,104,Groß,36,3,56,22,5.5420000000000025,False,1,1,11.1,5.5420000000000025
7,225,Rodrigo,2,3,64,22,6.551,False,1,1,8.4,6.551
8,335,Rashford,1,3,72,22,9.443,True,2,1,48.7,18.886
9,11,Nketiah,3,4,67,22,5.075,False,1,1,5.4,5.075
10,619,Gnonto,2,4,50,22,4.902,False,1,1,0.9,4.902
11,238,Meslier,2,1,45,22,5.6579999999999995,False,0,0,1.9,0.0
12,283,Salah,14,3,128,22,6.294,False,0,0,26.1,0.0
13,333,Fernandes,1,3,99,22,9.232000000000001,False,0,0,7.5,0.0
14,318,Haaland,43,4,122,22,5.678,False,0,0,85.3,0.0
