,player_id,web_name,team_code,element_type,now_cost,event,points_md,is_captain,multiplier,starting_lineup,selected_by_percent,gw_points
0,238,Meslier,2,1,45,22,5.57,False,1,1,1.9,5.57
1,106,Dunk,36,2,47,22,4.505,False,1,1,4.9,4.505
2,329,Varane,1,2,48,22,6.867000000000001,True,2,1,3.1,13.734000000000002
3,586,Estupiñán,36,2,45,22,4.2,False,1,1,1.6,4.2
4,124,Mitoma,36,3,51,22,4.994,False,1,1,4.9,4.994
5,233,Harrison,2,3,58,22,4.8839999999999995,False,1,1,1.5,4.8839999999999995
6,246,Aaronson,2,3,54,22,4.8839999999999995,False,1,1,0.7,4.8839999999999995
7,519,Eriksen,1,3,63,22,5.785,False,1,1,3.6,5.785
8,609,Antony,1,3,73,22,6.1720000000000015,False,1,1,3.4,6.1720000000000015
9,40,Watkins,7,4,71,22,4.467,False,1,1,2.4,4.467
10,95,Mbeumo,94,4,58,22,4.424,False,1,1,3.2,4.424
11,31,Martínez,7,1,49,22,3.565,False,0,0,4.3,0.0
12,92,Pinnock,94,2,44,22,3.997,False,0,0,0.2,0.0
13,358,Burn,4,2,46,22,3.91,False,0,0,3.5,0.0
14,356,Wilson,4,4,71,22,4.407,False,0,0,4.5,0.0
