,player_id,web_name,team_code,element_type,now_cost,event,points_md,is_captain,multiplier,starting_lineup,selected_by_percent,gw_points
0,31,Martínez,7,1,49,28,3.89,False,1,1,4.4,3.89
1,85,Henry,94,2,45,28,3.5860000000000003,False,1,1,4.3,3.5860000000000003
2,139,Chilwell,8,2,58,28,4.908,False,1,1,3.3,4.908
3,459,Dawson,39,2,48,28,3.5980000000000003,False,1,1,0.9,3.5980000000000003
4,37,McGinn,7,3,51,28,3.846,False,1,1,0.5,3.846
5,42,Buendía,7,3,57,28,4.024,False,1,1,0.6,4.024
6,480,Neves,39,3,54,28,3.593,False,1,1,2.4,3.593
7,704,Sarabia,39,3,55,28,3.588,False,1,1,0.2,3.588
8,95,Mbeumo,94,4,59,28,3.971,False,1,1,5.0,3.971
9,145,Havertz,8,4,75,28,4.913,True,2,1,3.7,9.826
10,690,João Félix,8,4,76,28,3.998,False,1,1,3.1,3.998
11,426,Forster,6,1,39,28,3.513,False,0,0,4.2,0.0
12,92,Pinnock,94,2,44,28,3.464,False,0,0,1.3,0.0
13,358,Burn,4,2,45,28,3.551,False,0,0,3.6,0.0
14,3,Xhaka,3,3,49,28,3.3989999999999996,False,0,0,2.5,0.0
