,player_id,web_name,team_code,element_type,now_cost,event,points_md,is_captain,multiplier,starting_lineup,selected_by_percent,gw_points
0,133,Arrizabalaga,8,1,47,26,3.9960000000000004,False,1,1,8.6,3.9960000000000004
1,16,Gabriel,3,2,52,26,5.032,False,1,1,13.8,5.032
2,106,Dunk,36,2,47,26,3.738,False,1,1,4.8,3.738
3,526,Mee,94,2,50,26,3.799,False,1,1,14.2,3.799
4,13,Saka,3,3,85,26,6.907,True,2,1,38.8,13.814
5,111,Trossard,3,3,66,26,5.796,False,1,1,7.7,5.796
6,116,Mac Allister,36,3,54,26,4.632,False,1,1,2.7,4.632
7,283,Salah,14,3,127,26,5.3610000000000015,False,1,1,27.9,5.3610000000000015
8,80,Toney,94,4,76,26,5.609,False,1,1,29.2,5.609
9,318,Haaland,43,4,122,26,6.028,False,1,1,85.2,6.028
10,427,Kane,6,4,117,26,5.421,False,1,1,37.1,5.421
11,502,Carson,43,1,38,26,0.0,False,0,0,0.5,0.0
12,343,B.Williams,1,2,38,26,0.044000000000000004,False,0,0,3.0,0.0
13,555,Ashby,4,2,38,26,0.0,False,0,0,0.7,0.0
14,381,Colback,17,3,41,26,0.972,False,0,0,0.8,0.0
