,player_id,web_name,team_code,element_type,now_cost,event,points_md,is_captain,multiplier,starting_lineup,selected_by_percent,gw_points
0,2,Leno,54,1,45,19,6.561,False,1,1,2.0,6.561
1,112,Cucurella,8,2,52,19,5.731,False,1,1,10.1,5.731
2,285,Alexander-Arnold,14,2,72,19,4.687,False,1,1,16.3,4.687
3,417,Perraud,20,2,44,19,4.2219999999999995,False,1,1,1.0,4.2219999999999995
4,13,Saka,3,3,81,19,5.1720000000000015,False,1,1,19.5,5.1720000000000015
5,142,Mount,8,3,76,19,7.749,True,2,1,8.2,15.498
6,283,Salah,14,3,129,19,6.513999999999999,False,1,1,34.5,6.513999999999999
7,304,Sterling,8,3,97,19,6.9570000000000025,False,1,1,4.3,6.9570000000000025
8,346,Andreas,54,3,46,19,6.011,False,1,1,24.1,6.011
9,210,Mitrović,54,4,70,19,7.683999999999997,False,1,1,25.9,7.683999999999997
10,318,Haaland,43,4,122,19,5.7829999999999995,False,1,1,84.6,5.7829999999999995
11,518,Hennessey,17,1,39,19,0.114,False,0,0,1.6,0.0
12,273,Brunt,13,2,39,19,0.138,False,0,0,0.3,0.0
13,605,Welch,11,2,40,19,0.005,False,0,0,0.1,0.0
14,662,Cannon,11,4,45,19,0.019,False,0,0,0.0,0.0
