,player_id,web_name,team_code,element_type,now_cost,event,points_md,is_captain,multiplier,starting_lineup,selected_by_percent,gw_points
0,2,Leno,54,1,45,19,6.651,False,1,1,2.0,6.651
1,112,Cucurella,8,2,52,19,5.891,False,1,1,10.2,5.891
2,285,Alexander-Arnold,14,2,72,19,4.6160000000000005,False,1,1,16.5,4.6160000000000005
3,332,Shaw,1,2,49,19,3.95,False,1,1,8.0,3.95
4,417,Perraud,20,2,44,19,3.8280000000000003,False,1,1,1.0,3.8280000000000003
5,225,Rodrigo,2,3,63,19,4.973,False,1,1,6.0,4.973
6,283,Salah,14,3,129,19,6.6110000000000015,False,1,1,34.5,6.6110000000000015
7,335,Rashford,1,3,68,19,5.024,False,1,1,33.7,5.024
8,346,Andreas,54,3,46,19,6.1099999999999985,False,1,1,24.1,6.1099999999999985
9,11,Nketiah,3,4,65,19,4.6339999999999995,False,1,1,2.7,4.6339999999999995
10,210,Mitrović,54,4,70,19,7.843,True,2,1,26.7,15.686
11,133,Arrizabalaga,8,1,46,19,6.8160000000000025,False,0,0,6.9,0.0
12,329,Varane,1,2,48,19,4.053999999999999,False,0,0,2.4,0.0
13,142,Mount,8,3,76,19,7.697999999999999,False,0,0,8.4,0.0
14,318,Haaland,43,4,122,19,5.516,False,0,0,84.6,0.0
