,player_id,web_name,team_code,element_type,now_cost,event,points_md,is_captain,multiplier,starting_lineup,selected_by_percent,gw_points
0,2,Leno,54,1,45,19,6.651,False,1,1,2.0,6.651
1,112,Cucurella,8,2,52,19,5.891,False,1,1,10.2,5.891
2,285,Alexander-Arnold,14,2,72,19,4.6160000000000005,False,1,1,16.5,4.6160000000000005
3,329,Varane,1,2,48,19,4.053999999999999,False,1,1,2.4,4.053999999999999
4,13,Saka,3,3,81,19,5.207000000000002,False,1,1,19.8,5.207000000000002
5,142,Mount,8,3,76,19,7.697999999999999,False,1,1,8.4,7.697999999999999
6,283,Salah,14,3,129,19,6.6110000000000015,False,1,1,34.5,6.6110000000000015
7,304,Sterling,8,3,97,19,6.7040000000000015,False,1,1,4.3,6.7040000000000015
8,346,Andreas,54,3,46,19,6.1099999999999985,False,1,1,24.1,6.1099999999999985
9,210,Mitrović,54,4,70,19,7.843,True,2,1,26.7,15.686
10,297,Darwin,14,4,90,19,5.148,False,1,1,16.6,5.148
11,254,Ward,13,1,41,19,3.5589999999999997,False,0,0,31.5,0.0
12,409,Walker-Peters,20,2,44,19,3.725,False,0,0,0.7,0.0
13,417,Perraud,20,2,44,19,3.8280000000000003,False,0,0,1.0,0.0
14,11,Nketiah,3,4,65,19,4.6339999999999995,False,0,0,2.7,0.0
