,player_id,web_name,team_code,element_type,now_cost,event,points_md,is_captain,multiplier,starting_lineup,selected_by_percent,gw_points
0,257,Ederson,43,1,60,10,4.319,False,1,1,9.4,4.319
1,224,Matip,14,2,50,10,4.289,False,1,1,3.5,4.289
2,237,Alexander-Arnold,14,2,76,10,5.94,False,1,1,25.3,5.94
3,262,Dias,43,2,62,10,4.317,False,1,1,28.6,4.317
4,138,Mount,8,3,75,10,5.4460000000000015,False,1,1,13.4,5.4460000000000015
5,141,Havertz,8,3,81,10,4.685,False,1,1,7.5,4.685
6,233,Salah,14,3,129,10,7.887,True,2,1,68.2,15.774
7,265,Foden,43,3,81,10,5.5070000000000014,False,1,1,9.1,5.5070000000000014
8,399,Sarr,57,3,62,10,4.581,False,1,1,14.9,4.581
9,78,Toney,94,4,65,10,4.652,False,1,1,18.3,4.652
10,430,Jiménez,39,4,76,10,4.683,False,1,1,7.5,4.683
11,376,Foster,57,1,40,10,3.168,False,0,0,22.4,0.0
12,429,Coady,39,2,45,10,3.3560000000000003,False,0,0,6.3,0.0
13,491,Livramento,20,2,43,10,3.342,False,0,0,17.7,0.0
14,468,King,57,4,55,10,4.019,False,0,0,1.9,0.0
