,player_id,web_name,team_code,element_type,now_cost,event,points_md,is_captain,multiplier,starting_lineup,selected_by_percent,gw_points
0,475,Sá,39,1,52,26,7.204,False,1,1,7.5,7.204
1,16,Tierney,3,2,51,26,9.162,False,1,1,12.4,9.162
2,23,Gabriel,3,2,53,26,9.553,False,1,1,6.3,9.553
3,234,Robertson,14,2,71,26,11.421,False,1,1,6.2,11.421
4,237,Alexander-Arnold,14,2,85,26,13.012,False,1,1,47.7,13.012
5,154,Zaha,31,3,68,26,8.338999999999999,False,1,1,4.6,8.338999999999999
6,233,Salah,14,3,130,26,17.116,True,2,1,48.5,34.232
7,578,Cornet,90,3,59,26,6.6629999999999985,False,1,1,0.8,6.6629999999999985
8,430,Jiménez,39,4,74,26,8.189,False,1,1,5.2,8.189
9,450,Dennis,57,4,61,26,7.0520000000000005,False,1,1,36.6,7.0520000000000005
10,468,King,57,4,59,26,6.855,False,1,1,8.5,6.855
11,146,Guaita,31,1,46,26,6.865,False,0,0,6.9,0.0
12,437,Semedo,39,2,48,26,6.182,False,0,0,2.8,0.0
13,22,Saka,3,3,64,26,9.93,False,0,0,14.6,0.0
14,196,Raphinha,2,3,65,26,7.141,False,0,0,14.6,0.0
