,player_id,web_name,team_code,element_type,now_cost,event,points_md,is_captain,multiplier,starting_lineup,selected_by_percent,gw_points
0,307,Ederson,43,1,54,15,4.3660000000000005,False,1,1,13.8,4.3660000000000005
1,221,Cooper,2,2,44,15,3.5189999999999997,False,1,1,0.1,3.5189999999999997
2,306,Cancelo,43,2,74,15,4.301,False,1,1,56.5,4.301
3,357,Trippier,4,2,59,15,3.906,False,1,1,62.2,3.906
4,461,Zouma,21,2,45,15,3.4589999999999996,False,1,1,2.0,3.4589999999999996
5,89,Wissa,94,3,54,15,4.095,False,1,1,0.2,4.095
6,111,Trossard,36,3,69,15,4.593999999999999,False,1,1,21.9,4.593999999999999
7,283,Salah,14,3,128,15,5.428,False,1,1,31.0,5.428
8,301,De Bruyne,43,3,125,15,6.5089999999999995,True,2,1,33.9,13.017999999999999
9,95,Mbeumo,94,4,58,15,4.149,False,1,1,1.6,4.149
10,356,Wilson,4,4,75,15,4.8,False,1,1,9.4,4.8
11,182,Pickford,11,1,45,15,3.739,False,0,0,5.6,0.0
12,526,Mee,94,2,46,15,3.673,False,0,0,4.7,0.0
13,369,Almirón,4,3,56,15,4.115,False,0,0,24.3,0.0
14,529,Scamacca,21,4,67,15,4.242,False,0,0,1.9,0.0
