,player_id,web_name,team_code,element_type,now_cost,event,points_md,is_captain,multiplier,starting_lineup,selected_by_percent,gw_points
0,2,Leno,54,1,45,8,3.54,False,1,1,1.5,3.54
1,357,Trippier,4,2,53,8,4.39,False,1,1,37.7,4.39
2,366,Schär,4,2,47,8,4.217,False,1,1,8.1,4.217
3,367,Targett,4,2,49,8,3.9760000000000004,False,1,1,0.9,3.9760000000000004
4,448,Perišić,6,2,56,8,4.251,False,1,1,26.5,4.251
5,13,Saka,3,3,78,8,4.6080000000000005,False,1,1,10.9,4.6080000000000005
6,19,Martinelli,3,3,65,8,4.226,False,1,1,46.8,4.226
7,195,Gordon,11,3,55,8,3.667,False,1,1,3.3,3.667
8,428,Son,6,3,117,8,5.4639999999999995,False,1,1,8.8,5.4639999999999995
9,210,Mitrović,54,4,69,8,5.039,False,1,1,26.8,5.039
10,318,Haaland,43,4,120,8,6.441,True,2,1,79.5,12.882
11,182,Pickford,11,1,45,8,3.572,False,0,0,5.3,0.0
12,295,N.Williams,17,2,41,8,3.517,False,0,0,27.3,0.0
13,346,Andreas,54,3,46,8,3.2710000000000004,False,0,0,25.2,0.0
14,427,Kane,6,4,114,8,6.439,False,0,0,17.3,0.0
