,player_id,web_name,team_code,element_type,now_cost,event,points_md,is_captain,multiplier,starting_lineup,selected_by_percent,gw_points
0,112,Pope,90,1,54,31,6.851,False,1,1,3.2,6.851
1,59,Dunk,36,2,48,31,4.563,False,1,1,2.1,4.563
2,165,Coleman,11,2,49,31,5.021,False,1,1,0.7,5.021
3,234,Robertson,14,2,73,31,6.17,False,1,1,9.6,6.17
4,118,McNeil,90,3,56,31,5.645,False,1,1,0.3,5.645
5,230,Mané,14,3,117,31,6.669,False,1,1,3.6,6.669
6,233,Salah,14,3,133,31,8.828,True,2,1,60.5,17.656
7,503,Gordon,11,3,45,31,5.614,False,1,1,2.5,5.614
8,180,Richarlison,11,4,75,31,6.5310000000000015,False,1,1,5.3,6.5310000000000015
9,357,Kane,6,4,125,31,6.046,False,1,1,23.5,6.046
10,700,Weghorst,90,4,64,31,7.588999999999999,False,1,1,4.8,7.588999999999999
11,514,Gillespie,4,1,39,31,0.179,False,0,0,0.3,0.0
12,151,Kelly,31,2,38,31,0.024,False,0,0,1.3,0.0
13,410,Reid,21,2,39,31,0.0,False,0,0,0.8,0.0
14,405,Baah,57,3,43,31,0.0,False,0,0,0.1,0.0
