,player_id,web_name,team_code,element_type,now_cost,event,points_md,is_captain,multiplier,starting_lineup,selected_by_percent,gw_points
0,307,Ederson,43,1,55,9,4.047,False,1,1,16.3,4.047
1,249,Evans,13,2,44,9,3.522,False,1,1,0.3,3.522
2,268,Justin,13,2,43,9,3.364,False,1,1,0.9,3.364
3,285,Alexander-Arnold,14,2,74,9,5.115,False,1,1,36.7,5.115
4,160,Zaha,31,3,72,9,4.181,False,1,1,15.2,4.181
5,195,Gordon,11,3,56,9,3.5860000000000003,False,1,1,4.8,3.5860000000000003
6,261,Maddison,13,3,79,9,5.359,False,1,1,5.8,5.359
7,465,Bowen,21,3,81,9,4.62,False,1,1,3.9,4.62
8,66,Solanke,91,4,57,9,4.143,False,1,1,0.5,4.143
9,210,Mitrović,54,4,69,9,4.717,False,1,1,30.5,4.717
10,318,Haaland,43,4,120,9,6.369,True,2,1,80.9,12.738
11,281,Alisson,14,1,54,9,4.092,False,0,0,14.4,0.0
12,276,Matip,14,2,59,9,4.152,False,0,0,0.9,0.0
13,306,Cancelo,43,2,72,9,4.301,False,0,0,51.4,0.0
14,407,Ward-Prowse,20,3,65,9,3.8110000000000004,False,0,0,9.1,0.0
