,player_id,web_name,team_code,element_type,now_cost,event,points_md,is_captain,multiplier,selected_by_percent,gw_points
0,597,Sánchez,36,1,45,29,4.422,False,1,4.3,4.422
1,62,Dunk,36,2,50,29,4.648,False,1,11.2,4.648
2,67,Veltman,36,2,44,29,4.579,False,1,2.4,4.579
3,74,White,36,2,44,29,4.224,False,1,2.8,4.224
4,4,Aubameyang,3,3,115,29,4.4030000000000005,False,1,13.5,4.4030000000000005
5,69,Trossard,36,3,58,29,4.259,False,1,4.0,4.259
6,187,Cavaleiro,54,3,53,29,4.246,False,1,0.2,4.246
7,557,Lookman,54,3,51,29,4.113,False,1,4.0,4.113
8,68,Maupay,36,4,61,29,4.191,False,1,4.3,4.191
9,388,Kane,6,4,115,29,5.2810000000000015,True,2,45.5,10.562000000000003
10,437,Antonio,21,4,67,29,4.2189999999999985,False,1,15.3,4.2189999999999985
