,player_id,web_name,team_code,element_type,now_cost,event,points_md,is_captain,multiplier,starting_lineup,selected_by_percent,gw_points
0,548,Mendy,8,1,52,31,4.511,False,1,1,9.2,4.511
1,17,Tierney,3,2,53,31,4.467,False,1,1,5.9,4.467
2,255,Robertson,14,2,71,31,4.647,False,1,1,13.3,4.647
3,259,Alexander-Arnold,14,2,73,31,4.772,False,1,1,13.1,4.772
4,490,Thiago Silva,8,2,56,31,4.35,False,1,1,2.5,4.35
5,556,Dias,43,2,61,31,4.32,False,1,1,24.1,4.32
6,120,Mount,8,3,71,31,4.4860000000000015,False,1,1,16.6,4.4860000000000015
7,254,Salah,14,3,124,31,6.332000000000002,True,2,1,29.1,12.664000000000003
8,275,Mahrez,43,3,82,31,4.805,False,1,1,7.6,4.805
9,91,Wood,90,4,62,31,4.109,False,1,1,1.0,4.109
10,388,Kane,6,4,116,31,4.923,False,1,1,47.1,4.923
11,597,Sánchez,36,1,45,31,3.84,False,0,0,3.4,0.0
12,23,Smith Rowe,3,3,42,31,2.18,False,0,0,2.1,0.0
13,373,Reed,54,3,44,31,2.385,False,0,0,0.6,0.0
14,93,Vydra,90,4,48,31,3.4360000000000004,False,0,0,1.0,0.0
