,chance_of_playing_next_round,chance_of_playing_this_round,code,cost_change_event,cost_change_event_fall,cost_change_start,cost_change_start_fall,dreamteam_count,element_type,ep_next,ep_this,event_points,first_name,form,id,in_dreamteam,news,news_added,now_cost,photo,points_per_game,second_name,selected_by_percent,special,squad_number,status,team,team_code,total_points,transfers_in,transfers_in_event,transfers_out,transfers_out_event,value_form,value_season,web_name,region,minutes,goals_scored,assists,clean_sheets,goals_conceded,own_goals,penalties_saved,penalties_missed,yellow_cards,red_cards,saves,bonus,bps,influence,creativity,threat,ict_index,starts,expected_goals,expected_assists,expected_goal_involvements,expected_goals_conceded,influence_rank,influence_rank_type,creativity_rank,creativity_rank_type,threat_rank,threat_rank_type,ict_index_rank,ict_index_rank_type,corners_and_indirect_freekicks_order,corners_and_indirect_freekicks_text,direct_freekicks_order,direct_freekicks_text,penalties_order,penalties_text,expected_goals_per_90,saves_per_90,expected_assists_per_90,expected_goal_involvements_per_90,expected_goals_conceded_per_90,goals_conceded_per_90,now_cost_rank,now_cost_rank_type,form_rank,form_rank_type,points_per_game_rank,points_per_game_rank_type,selected_rank,selected_rank_type,starts_per_90,clean_sheets_per_90
0,0.0,0.0,438098,0,0,-1,1,0,3,0.0,0.0,0,Fábio,0.0,1,False,Has joined Portuguese side FC Porto on loan for the 2024/25 season,2024-08-29T11:06:25.241953Z,54,438098.jpg,0.0,Ferreira Vieira,0.0,False,,u,1,3,0,439,0,2738,5,0.0,0.0,Fábio Vieira,,0,0,0,0,0,0,0,0,0,0,0,0,0,0.0,0.0,0.0,0.0,0,0.00,0.00,0.00,0.00,679,309,678,309,673,307,679,309,,,,,,,0.0,0.0,0.0,0.0,0.0,0.0,137,81,668,300,678,309,632,279,0.0,0.0
1,100.0,100.0,205651,0,0,-2,2,0,4,2.0,2.0,1,Gabriel,1.0,2,False,,2024-08-25T11:00:05.312580Z,68,205651.jpg,0.7,Fernando de Jesus,0.9,False,,a,1,3,8,59885,954,224418,1647,0.1,1.2,G.Jesus,30.0,227,0,0,1,2,0,0,0,4,0,0,0,31,24.4,63.6,82.0,16.9,2,0.87,0.12,0.99,2.44,361,35,212,28,150,31,278,31,,,,,,,0.34,0.0,0.05,0.39,0.97,0.79,33,15,257,32,455,48,212,36,0.79,0.4
2,75.0,75.0,226597,0,0,2,-2,2,2,5.0,5.0,9,Gabriel,5.7,3,True,Knock - 75% chance of playing,2024-11-27T10:30:06.325759Z,62,226597.jpg,4.6,dos Santos Magalhães,25.2,False,,d,1,3,60,2690230,122052,1504091,32153,0.9,9.7,Gabriel,30.0,1088,3,1,4,13,0,0,0,1,0,0,4,210,313.4,68.2,215.0,59.7,13,1.76,0.50,2.26,12.50,29,8,203,54,52,1,64,10,,,,,,,0.15,0.0,0.04,0.19,1.03,1.08,65,3,24,3,28,2,9,3,1.08,0.33
3,100.0,100.0,219847,0,0,-1,1,1,4,3.3,3.3,6,Kai,2.3,4,False,,2024-11-07T09:00:07.112803Z,79,219847.jpg,4.3,Havertz,10.3,False,,a,1,3,52,2074022,30705,2517353,24865,0.3,6.6,Havertz,80.0,1080,5,1,3,14,0,0,0,2,0,0,7,197,266.2,142.1,383.0,79.1,12,5.16,1.13,6.29,13.47,57,8,108,8,11,6,31,7,,,,,3.0,,0.43,0.0,0.09,0.52,1.12,1.17,13,5,137,20,41,13,40,10,1.0,0.25
4,0.0,0.0,463748,0,0,0,0,0,1,0.0,0.0,0,Karl,0.0,5,False,Loaned to Real Valladolid,2024-08-14T08:31:46.556082Z,40,463748.jpg,0.0,Hein,0.0,False,,u,1,3,0,0,0,3834,42,0.0,0.0,Hein,,0,0,0,0,0,0,0,0,0,0,0,0,0,0.0,0.0,0.0,0.0,0,0.00,0.00,0.00,0.00,502,57,482,36,443,27,504,57,,,,,,,0.0,0.0,0.0,0.0,0.0,0.0,640,65,432,49,507,57,556,68,0.0,0.0
5,100.0,100.0,445122,0,0,0,0,0,2,4.0,4.0,1,Jurriën,3.0,6,False,,2024-10-04T13:30:05.569185Z,55,445122.jpg,2.8,Timber,2.7,False,,a,1,3,31,410099,22296,236978,8396,0.5,5.6,J.Timber,152.0,860,0,1,3,9,0,0,0,3,0,0,0,119,132.4,151.7,96.0,37.8,10,0.51,0.37,0.88,9.67,199,78,98,20,131,19,145,38,,,,,,,0.05,0.0,0.04,0.09,1.01,0.94,121,11,97,25,146,39,112,47,1.05,0.31
6,,,85955,0,0,-3,3,0,3,1.7,1.7,2,Jorge Luiz,0.7,7,False,,,47,85955.jpg,1.2,Frello Filho,0.2,False,,a,1,3,6,20763,682,36272,513,0.1,1.3,Jorginho,106.0,289,0,0,1,3,0,0,0,3,0,0,0,34,16.6,38.6,3.0,5.8,4,0.04,0.25,0.29,2.76,387,183,268,162,369,201,365,183,,,,,,,0.01,0.0,0.08,0.09,0.86,0.93,326,214,278,143,346,168,343,118,1.25,0.31
7,,,440854,0,0,-2,2,0,2,1.7,1.7,1,Jakub,0.7,8,False,,,48,440854.jpg,0.8,Kiwior,0.2,False,,a,1,3,5,8796,172,18461,282,0.1,1.0,Kiwior,172.0,143,0,0,0,4,0,0,0,0,0,0,0,2,26.2,1.0,0.0,2.7,0,0.00,0.00,0.00,4.07,358,128,415,148,630,226,401,134,,,,,,,0.0,0.0,0.0,0.0,2.56,2.52,315,38,286,82,445,147,400,144,0.0,0.0
8,100.0,100.0,444145,0,0,-1,1,1,3,3.7,3.7,0,Gabriel,2.7,9,False,,2024-10-18T16:00:06.884775Z,69,444145.jpg,4.3,Martinelli Silva,3.1,False,,a,1,3,47,609472,3715,616725,39179,0.4,6.8,Martinelli,30.0,678,3,2,3,9,0,0,0,0,0,0,4,160,205.4,169.8,265.0,64.0,8,2.01,1.85,3.86,8.52,109,38,84,63,35,20,51,33,,,,,,,0.27,0.0,0.25,0.52,1.13,1.19,30,16,120,57,40,19,102,30,1.06,0.4
9,,,499175,0,0,0,0,0,3,3.3,3.3,1,Ethan,2.3,12,False,,,45,499175.jpg,1.7,Nwaneri,0.4,False,,a,1,3,12,58922,4420,40159,2652,0.5,2.7,Nwaneri,241.0,65,1,0,0,0,0,0,0,0,0,0,0,45,51.2,28.5,41.0,12.1,0,0.15,0.19,0.34,0.71,316,153,294,174,231,131,311,151,,,,,,,0.21,0.0,0.26,0.47,0.98,0.0,432,262,131,61,277,126,273,89,0.0,0.0
10,100.0,100.0,184029,1,-1,-2,2,0,3,8.0,8.0,8,Martin,7.0,13,False,,2024-09-10T00:30:06.311550Z,83,184029.jpg,4.7,Ødegaard,5.2,False,,a,1,3,28,339275,55126,1371767,8172,0.8,3.4,Ødegaard,161.0,497,1,2,3,4,0,0,0,1,0,0,3,122,144.4,217.0,114.0,47.6,6,1.65,1.45,3.10,5.28,180,68,52,42,113,71,102,60,3.0,,1.0,,2.0,,0.3,0.0,0.26,0.56,0.96,0.72,11,8,10,6,26,11,70,21,1.09,0.54
11,100.0,100.0,154561,0,0,0,0,1,1,4.3,4.3,2,David,3.3,15,False,,2024-09-25T21:30:06.211210Z,55,154561.jpg,3.8,Raya Martin,28.9,False,,a,1,3,50,1857875,26706,1603020,44889,0.6,9.1,Raya,200.0,1170,0,0,4,14,0,0,0,2,0,37,6,182,316.0,0.0,0.0,31.7,13,0.00,0.01,0.01,13.80,27,10,682,72,678,72,185,10,,,,,,,0.0,2.85,0.0,0.0,1.06,1.08,112,2,75,7,61,8,7,1,1.0,0.31
12,100.0,100.0,204480,0,0,-3,3,0,3,2.3,2.3,2,Declan,1.3,16,False,,2024-11-07T09:00:07.142642Z,62,204480.jpg,1.9,Rice,2.5,False,,a,1,3,21,142996,2163,544895,4832,0.2,3.4,Rice,241.0,922,0,1,2,14,0,0,0,2,1,0,0,136,173.0,269.3,91.0,52.8,11,0.74,1.35,2.09,10.77,149,54,33,27,137,88,80,51,2.0,,2.0,,,,0.07,0.0,0.13,0.2,1.05,1.37,63,41,220,112,252,116,116,33,1.07,0.2
13,100.0,100.0,223340,1,-1,3,-3,4,3,12.0,12.0,18,Bukayo,11.0,17,True,,2024-11-10T23:00:07.191683Z,103,223340.jpg,8.2,Saka,35.9,False,,a,1,3,98,4014755,457943,3493904,9336,1.1,9.5,Saka,241.0,975,5,11,4,11,0,0,0,3,0,0,16,382,468.4,521.4,497.0,148.5,12,3.62,4.77,8.39,9.31,4,3,1,1,3,2,2,2,1.0,,,,1.0,,0.33,0.0,0.44,0.77,0.86,1.02,4,3,2,2,2,2,5,4,1.11,0.37
14,100.0,100.0,462424,0,0,0,0,0,2,4.3,4.3,1,William,3.3,18,False,,2024-10-19T19:30:06.564445Z,60,462424.jpg,2.6,Saliba,22.7,False,,a,1,3,31,950101,27263,2727896,51053,0.6,5.2,Saliba,73.0,1019,0,0,4,12,0,0,0,2,1,0,1,166,197.4,38.5,10.0,24.8,12,0.00,0.60,0.60,11.16,119,45,269,78,330,110,234,72,,,,,,,0.0,0.0,0.05,0.05,0.99,1.06,81,6,77,16,169,47,15,5,1.06,0.35
15,75.0,,167199,0,0,0,0,0,3,3.2,4.3,0,Thomas,3.3,20,False,Muscle injury - 75% chance of playing,2024-11-30T22:00:07.258906Z,50,167199.jpg,3.2,Partey,0.9,False,,d,1,3,39,240569,778,196032,9931,0.7,7.8,Thomas,81.0,1017,2,0,3,12,0,0,0,2,0,0,5,210,239.8,136.1,46.0,42.4,11,0.57,0.51,1.08,12.05,74,25,117,86,221,126,126,74,,,,,,,0.05,0.0,0.05,0.1,1.07,1.06,193,120,73,39,95,43,209,64,0.97,0.27
16,100.0,100.0,192895,0,0,-2,2,0,2,1.0,1.0,0,Kieran,0.0,21,False,,2024-08-12T14:30:04.394338Z,43,192895.jpg,0.0,Tierney,0.0,False,,a,1,3,0,874,150,4307,54,0.0,0.0,Tierney,243.0,0,0,0,0,0,0,0,0,0,0,0,0,0,0.0,0.0,0.0,0.0,0,0.00,0.00,0.00,0.00,545,208,533,207,504,198,547,208,,,,,,,0.0,0.0,0.0,0.0,0.0,0.0,551,130,493,196,552,207,581,198,0.0,0.0
17,0.0,0.0,223723,0,0,-2,2,0,2,0.0,0.0,0,Tomiyasu,0.0,22,False,Knee injury - Unknown return date,2024-10-18T16:00:06.930143Z,48,223723.jpg,1.0,Takehiro,0.0,False,,i,1,3,1,1333,24,7125,37,0.0,0.2,Tomiyasu,108.0,6,0,0,0,0,0,0,0,0,0,0,0,2,0.4,0.3,9.0,1.0,0,0.18,0.00,0.18,0.04,455,156,424,152,336,112,438,149,,,,,,,2.7,0.0,0.0,2.7,0.6,0.0,308,37,622,226,407,137,546,191,0.0,0.0
18,100.0,100.0,116216,0,0,-2,2,1,3,6.3,6.3,12,Leandro,5.3,23,False,,2024-11-21T08:30:08.540890Z,68,116216.jpg,3.5,Trossard,1.8,False,,a,1,3,46,337710,11269,404075,3665,0.8,6.8,Trossard,21.0,760,3,2,3,10,0,0,0,0,1,0,5,163,199.8,178.2,241.0,61.7,9,2.43,0.74,3.17,6.68,117,42,74,58,38,23,58,37,,,,,4.0,,0.29,0.0,0.09,0.38,0.79,1.18,32,17,25,14,75,33,147,45,1.07,0.36
19,0.0,0.0,198869,-1,1,-4,4,0,2,0.0,0.0,0,Benjamin,0.3,24,False,Knee injury - Unknown return date,2024-11-14T13:00:07.861117Z,61,198869.jpg,3.0,White,2.9,False,,i,1,3,27,144867,67,902602,15539,0.0,4.4,White,241.0,694,0,1,3,7,0,0,0,2,0,0,0,112,128.4,55.3,29.0,21.3,7,0.13,0.32,0.45,9.87,204,79,229,60,258,78,249,81,,,,,,,0.02,0.0,0.04,0.06,1.28,0.91,73,5,357,112,123,30,105,44,0.91,0.39
20,100.0,100.0,206325,0,0,-2,2,0,2,1.7,1.7,1,Oleksandr,0.7,25,False,,2024-09-15T23:00:06.018330Z,48,206325.jpg,2.0,Zinchenko,1.0,False,,a,1,3,10,81428,628,285346,1208,0.1,2.1,Zinchenko,225.0,164,0,0,1,0,0,0,0,0,0,0,0,41,21.8,21.1,16.0,5.9,1,0.00,0.07,0.07,1.59,372,131,312,99,301,95,363,118,,,,,,,0.0,0.0,0.04,0.04,0.87,0.0,302,35,280,80,230,72,203,80,0.55,0.55
21,100.0,100.0,69752,-1,1,-3,3,0,1,1.0,1.0,0,Norberto,0.0,73,False,,2024-10-05T17:30:06.760449Z,42,69752.jpg,3.5,Murara Neto,1.0,False,,a,1,3,7,81663,240,220460,1904,0.0,1.7,Neto,30.0,180,0,0,0,2,0,0,0,0,0,11,0,30,77.8,0.0,0.0,7.8,2,0.00,0.00,0.00,2.91,270,26,520,46,486,37,340,26,,,,,,,0.0,5.5,0.0,0.0,1.46,1.0,573,37,474,58,72,10,205,28,1.0,0.0
22,100.0,100.0,103955,0,0,-3,3,0,3,2.7,2.7,1,Raheem,1.7,186,False,,2024-11-02T15:00:07.534992Z,67,103955.jpg,1.5,Sterling,0.9,False,,a,1,3,9,45800,209,144138,828,0.3,1.3,Sterling,241.0,144,0,1,0,1,0,0,0,0,0,0,0,24,23.8,37.8,54.0,11.3,2,0.51,0.09,0.60,1.39,362,168,270,163,205,118,317,155,,,,,,,0.32,0.0,0.06,0.38,0.87,0.62,37,19,201,100,318,148,211,66,1.25,0.0
23,100.0,100.0,466075,0,0,-2,2,1,2,3.0,3.0,0,Riccardo,2.0,578,False,,2024-10-23T08:00:07.835459Z,58,466075.jpg,2.5,Calafiori,1.5,False,,a,1,3,20,190316,4288,324721,4646,0.3,3.4,Calafiori,106.0,505,1,0,1,8,0,0,0,1,0,0,1,77,137.8,46.3,111.0,29.4,6,0.55,0.43,0.98,5.93,192,76,255,74,116,14,197,56,,,,,,,0.1,0.0,0.08,0.18,1.06,1.43,90,8,168,49,181,52,170,64,1.07,0.18
24,,,499169,0,0,0,0,0,3,1.0,1.0,0,Myles,0.0,597,False,,,45,499169.jpg,0.5,Lewis-Skelly,0.1,False,,a,1,3,1,7597,104,6864,203,0.0,0.2,Lewis-Skelly,241.0,15,0,0,0,2,0,0,0,1,0,0,0,5,3.2,0.4,2.0,0.6,0,0.00,0.00,0.00,0.80,436,210,421,219,380,204,444,214,,,,,,,0.0,0.0,0.0,0.0,4.8,12.0,431,261,572,229,458,225,499,190,0.0,0.0
25,75.0,100.0,195384,0,0,0,0,0,3,1.7,2.3,0,Mikel,1.3,633,False,Knee injury - 75% chance of playing,2024-11-30T22:00:08.239353Z,60,195384.jpg,2.7,Merino,0.1,False,,d,1,3,16,18911,132,13207,1712,0.2,2.7,Merino,200.0,368,1,0,1,5,0,0,0,1,0,0,1,70,100.6,49.7,71.0,22.2,4,1.06,0.31,1.37,3.83,236,101,244,149,177,107,242,120,,,,,,,0.26,0.0,0.08,0.34,0.94,1.22,79,52,219,111,156,66,459,169,0.98,0.24
26,,,498046,0,0,0,0,0,3,1.0,1.0,0,Salah-Eddine,0.0,638,False,,,45,498046.jpg,0.0,Oulad M'hand,0.0,False,,a,1,3,0,1763,17,1284,38,0.0,0.0,Oulad M'hand,152.0,0,0,0,0,0,0,0,0,0,0,0,0,0,0.0,0.0,0.0,0.0,0,0.00,0.00,0.00,0.00,608,258,605,262,585,253,610,260,,,,,,,0.0,0.0,0.0,0.0,0.0,0.0,430,260,571,228,614,262,626,276,0.0,0.0
27,,,551221,0,0,0,0,0,1,1.0,1.0,0,Tommy,0.0,639,False,,,45,551221.jpg,0.0,Setford,0.0,False,,a,1,3,0,2273,69,2082,89,0.0,0.0,Setford,241.0,0,0,0,0,0,0,0,0,0,0,0,0,0,0.0,0.0,0.0,0.0,0,0.00,0.00,0.00,0.00,625,72,622,65,602,60,627,72,,,,,,,0.0,0.0,0.0,0.0,0.0,0.0,454,19,592,71,631,72,545,67,0.0,0.0
28,,,588793,0,0,0,0,0,2,1.0,1.0,0,Maldini,0.0,657,False,,,40,588793.jpg,0.0,Kacurri,0.1,False,,a,1,3,0,8092,198,4725,215,0.0,0.0,Kacurri,2.0,0,0,0,0,0,0,0,0,0,0,0,0,0,0.0,0.0,0.0,0.0,0,0.00,0.00,0.00,0.00,530,198,510,196,474,182,532,198,,,,,,,0.0,0.0,0.0,0.0,0.0,0.0,673,213,464,177,537,197,492,179,0.0,0.0
29,,,606745,0,0,0,0,0,2,1.0,1.0,0,Ayden,0.0,658,False,,,40,606745.jpg,0.0,Heaven,0.0,False,,a,1,3,0,5183,135,3225,177,0.0,0.0,Heaven,241.0,0,0,0,0,0,0,0,0,0,0,0,0,0,0.0,0.0,0.0,0.0,0,0.00,0.00,0.00,0.00,534,202,514,200,479,187,536,202,,,,,,,0.0,0.0,0.0,0.0,0.0,0.0,678,218,468,181,541,201,518,186,0.0,0.0
30,,,588796,0,0,0,0,0,3,1.0,1.0,0,Ismeal,0.0,659,False,,,45,588796.jpg,0.0,Kabia,0.0,False,,a,1,3,0,1813,69,1158,73,0.0,0.0,Kabia,152.0,0,0,0,0,0,0,0,0,0,0,0,0,0,0.0,0.0,0.0,0.0,0,0.00,0.00,0.00,0.00,636,280,633,284,613,275,638,282,,,,,,,0.0,0.0,0.0,0.0,0.0,0.0,467,290,603,254,641,284,625,275,0.0,0.0
31,,,499167,0,0,0,0,0,2,1.0,1.0,0,Josh,0.0,662,False,,,40,499167.jpg,0.0,Nichols,0.0,False,,a,1,3,0,2710,114,1445,103,0.0,0.0,Nichols,241.0,0,0,0,0,0,0,0,0,0,0,0,0,0,0.0,0.0,0.0,0.0,0,0.00,0.00,0.00,0.00,511,181,491,179,453,163,513,181,,,,,,,0.0,0.0,0.0,0.0,0.0,0.0,651,193,442,157,517,179,554,193,0.0,0.0
32,,,461025,0,0,0,0,0,4,1.0,1.0,0,Nathan,0.0,665,False,,,45,461025.jpg,0.0,Butler-Oyedeji,0.2,False,,a,1,3,0,35620,1579,16770,1349,0.0,0.0,Butler-Oyedeji,241.0,0,0,0,0,0,0,0,0,0,0,0,0,0,0.0,0.0,0.0,0.0,0,0.00,0.00,0.00,0.00,588,50,584,50,562,48,590,50,,,,,,,0.0,0.0,0.0,0.0,0.0,0.0,402,66,549,49,594,53,354,55,0.0,0.0
33,100.0,100.0,215711,0,0,-2,2,0,3,1.5,1.0,1,Leon,1.5,28,False,,2024-10-04T14:00:05.587137Z,63,215711.jpg,2.0,Bailey,1.0,False,,a,2,7,24,130389,1507,393938,2964,0.2,3.8,Bailey,107.0,605,0,2,1,11,0,0,0,2,0,0,0,77,61.4,146.3,107.0,31.3,8,0.49,1.85,2.34,7.93,300,141,102,77,123,78,189,100,3.0,,4.0,,,,0.07,0.0,0.28,0.35,1.18,1.64,55,33,207,106,239,107,206,62,1.19,0.15
34,100.0,100.0,88894,0,0,-3,3,0,3,2.5,2.0,1,Ross,2.5,29,False,,2024-11-01T16:30:07.356966Z,52,88894.jpg,2.5,Barkley,0.3,False,,a,2,7,25,18820,541,74416,756,0.5,4.8,Barkley,241.0,389,2,1,1,6,0,0,0,3,0,0,2,92,130.6,73.2,158.0,36.1,2,1.04,0.29,1.33,3.77,201,79,194,119,84,50,156,87,,,,,,,0.24,0.0,0.07,0.31,0.87,1.39,161,96,126,59,179,78,308,101,0.46,0.23
35,0.0,0.0,491287,0,0,-1,1,0,3,0.0,0.0,0,Enzo,0.0,30,False,Loaned to Valencia CF,2024-08-31T06:33:47.934620Z,49,491287.jpg,0.0,Barrenechea,0.0,False,,u,2,7,0,872,0,5113,9,0.0,0.0,Barrenechea,,0,0,0,0,0,0,0,0,0,0,0,0,0,0.0,0.0,0.0,0.0,0,0.00,0.00,0.00,0.00,660,297,654,297,647,294,660,297,,,,,,,0.0,0.0,0.0,0.0,0.0,0.0,285,186,642,283,660,297,600,257,0.0,0.0
36,,,195546,0,0,-3,3,0,3,0.2,-0.3,1,Emiliano,0.2,31,False,,,52,195546.jpg,0.8,Buendía Stati,0.1,False,,a,2,7,5,5339,43,13134,177,0.0,1.0,Buendia,10.0,34,0,0,0,0,0,0,0,1,0,0,0,21,7.0,18.6,3.0,2.9,0,0.09,0.01,0.10,1.03,421,205,318,182,370,202,395,194,,,3.0,,,,0.24,0.0,0.03,0.27,2.73,0.0,165,100,377,185,448,221,462,171,0.0,0.0
37,100.0,100.0,199796,0,0,-1,1,0,2,0.5,0.0,0,Matty,0.5,32,False,,2024-11-04T00:00:07.281139Z,44,199796.jpg,1.8,Cash,1.1,False,,a,2,7,14,76759,2408,279580,1808,0.1,3.2,Cash,172.0,560,0,0,1,7,0,0,0,2,0,0,0,55,78.4,36.9,15.0,13.0,7,0.03,0.18,0.21,7.11,269,98,274,79,303,97,305,100,,,,,,,0.0,0.0,0.03,0.03,1.14,1.12,492,98,303,87,259,81,200,78,1.12,0.16
38,0.0,0.0,151589,0,0,0,0,0,3,0.0,0.0,0,Leander,0.0,33,False,On loan to Anderlecht for the rest of the season,2024-09-02T10:45:36.198316Z,45,151589.jpg,0.0,Dendoncker,0.3,False,,u,2,7,0,18187,0,86725,486,0.0,0.0,Dendoncker,,0,0,0,0,0,0,0,0,0,0,0,0,0,0.0,0.0,0.0,0.0,0,0.00,0.00,0.00,0.00,571,231,566,235,544,226,573,233,,,,,,,0.0,0.0,0.0,0.0,0.0,0.0,364,228,530,200,577,235,334,112,0.0,0.0
39,0.0,0.0,243557,0,0,0,0,0,3,0.0,0.0,0,Moussa,0.0,34,False,Permanent transfer to Al Ittihad,2024-07-26T08:50:40.300928Z,65,243557.jpg,0.0,Diaby,0.0,False,,u,2,7,0,0,0,3296,4,0.0,0.0,Diaby,,0,0,0,0,0,0,0,0,0,0,0,0,0,0.0,0.0,0.0,0.0,0,0.00,0.00,0.00,0.00,688,314,688,314,687,314,688,314,,,,,,,0.0,0.0,0.0,0.0,0.0,0.0,45,25,683,311,687,314,611,263,0.0,0.0
40,100.0,100.0,165659,0,0,0,0,0,2,0.2,-0.3,0,Diego Carlos,0.2,35,False,,2024-09-25T21:30:06.256588Z,45,165659.jpg,1.7,Santos Silva,0.5,False,,a,2,7,12,38582,1083,61661,1286,0.0,2.7,Diego Carlos,30.0,558,0,0,1,11,0,0,0,1,0,0,0,33,84.8,7.3,43.0,13.6,5,0.51,0.05,0.56,8.64,260,96,366,120,227,64,300,98,,,,,,,0.08,0.0,0.01,0.09,1.39,1.77,367,59,369,121,276,88,264,98,0.81,0.16
41,,,101188,0,0,2,-2,2,2,1.0,0.5,1,Lucas,1.0,36,False,,,47,101188.jpg,3.0,Digne,9.7,False,,a,2,7,39,1359329,29227,612723,24849,0.2,8.3,Digne,73.0,952,0,3,2,17,0,0,0,3,0,0,6,153,212.8,253.2,46.0,51.3,12,0.52,1.83,2.35,12.65,103,37,39,6,220,60,86,16,2.0,,2.0,,,,0.05,0.0,0.17,0.22,1.2,1.61,328,40,236,70,120,29,44,15,1.13,0.19
42,0.0,0.0,461421,0,0,0,0,0,3,0.0,0.0,0,Lewis,0.0,37,False,Permanent transfer to West Bromwich Albion,2024-08-07T08:21:33.016106Z,50,461421.jpg,0.0,Dobbin,0.0,False,,u,2,7,0,0,0,267,3,0.0,0.0,Dobbin,,0,0,0,0,0,0,0,0,0,0,0,0,0,0.0,0.0,0.0,0.0,0,0.00,0.00,0.00,0.00,669,303,665,303,660,301,669,303,,,,,,,0.0,0.0,0.0,0.0,0.0,0.0,220,140,655,293,669,303,677,307,0.0,0.0
43,,,476344,-1,1,-2,2,0,4,1.0,0.5,1,Jhon,1.0,38,False,,,58,476344.jpg,2.5,Durán,2.9,False,,a,2,7,33,961994,2704,769331,16643,0.2,5.7,Duran,48.0,323,4,0,0,10,0,0,0,1,0,0,5,137,157.8,36.0,168.0,36.3,0,2.82,0.18,3.00,6.68,166,19,277,31,73,24,155,25,,,,,,,0.79,0.0,0.05,0.84,1.86,2.79,92,27,253,31,182,26,107,16,0.0,0.0
44,,,462492,0,0,0,0,0,1,0.0,-0.5,0,Joe,0.0,39,False,,,40,462492.jpg,0.0,Gauci,0.8,False,,a,2,7,0,58839,348,43204,1028,0.0,0.0,Gauci,13.0,0,0,0,0,0,0,0,0,0,0,0,0,0,0.0,0.0,0.0,0.0,0,0.00,0.00,0.00,0.00,501,56,481,35,442,26,503,56,,,,,,,0.0,0.0,0.0,0.0,0.0,0.0,639,64,431,48,506,56,222,30,0.0,0.0
45,,,123354,0,0,0,0,0,2,0.0,-0.5,0,Kortney,0.0,40,False,,,40,123354.jpg,0.0,Hause,0.5,False,,a,2,7,0,33911,344,44314,743,0.0,0.0,Hause,241.0,0,0,0,0,0,0,0,0,0,0,0,0,0,0.0,0.0,0.0,0.0,0,0.00,0.00,0.00,0.00,472,162,450,160,411,143,474,162,,,,,,,0.0,0.0,0.0,0.0,0.0,0.0,601,165,399,135,479,161,249,93,0.0,0.0
46,0.0,0.0,469247,0,0,-1,1,0,3,0.0,0.0,0,Samuel,0.0,41,False,Season long loan to Bologna,2024-08-29T11:07:04.555253Z,54,469247.jpg,0.0,Iling-Junior,0.0,False,,u,2,7,0,342,0,6576,10,0.0,0.0,Iling Jr,,0,0,0,0,0,0,0,0,0,0,0,0,0,0.0,0.0,0.0,0.0,0,0.00,0.00,0.00,0.00,681,310,680,310,675,308,681,310,,,,,,,0.0,0.0,0.0,0.0,0.0,0.0,140,82,670,301,680,310,594,254,0.0,0.0
47,100.0,100.0,226944,0,0,0,0,0,3,0.8,0.3,2,Boubacar,0.8,42,False,,2024-11-11T16:00:06.089849Z,50,226944.jpg,1.0,Kamara,0.0,False,,a,2,7,4,1775,250,1341,82,0.2,0.8,Kamara,73.0,94,0,0,0,5,0,0,0,1,0,0,0,16,16.2,4.2,0.0,2.1,1,0.00,0.02,0.02,1.86,389,184,382,206,654,297,412,203,,,,,,,0.0,0.0,0.02,0.02,1.78,4.79,208,131,267,138,417,205,620,272,0.96,0.0
48,0.0,0.0,465390,0,0,0,0,0,2,0.0,0.0,0,Kaine,0.0,43,False,Has joined Preston North End for the rest of the season,2024-08-09T11:14:21.895838Z,40,465390.jpg,0.0,Kesler-Hayden,0.0,False,,u,2,7,0,0,0,1489,8,0.0,0.0,Kesler-Hayden,,0,0,0,0,0,0,0,0,0,0,0,0,0,0.0,0.0,0.0,0.0,0,0.00,0.00,0.00,0.00,505,178,485,176,446,159,507,178,,,,,,,0.0,0.0,0.0,0.0,0.0,0.0,643,188,435,153,510,175,634,212,0.0,0.0
49,100.0,100.0,199798,0,0,-1,1,1,2,0.5,0.0,1,Ezri,0.5,44,False,,2024-11-21T08:30:08.587167Z,44,199798.jpg,1.9,Konsa Ngoyo,7.9,False,,a,2,7,21,830921,6920,1264051,13173,0.1,4.8,Konsa,241.0,911,1,0,0,19,0,0,0,0,0,0,1,114,178.8,56.6,57.0,29.3,11,0.35,0.33,0.68,12.90,144,60,225,59,199,50,198,57,,,,,,,0.03,0.0,0.03,0.06,1.27,1.88,493,99,304,88,243,75,52,18,1.09,0.0
50,100.0,100.0,441302,0,0,-4,4,0,2,0.2,-0.3,0,Ian,0.2,45,False,,2024-11-14T10:00:07.838636Z,46,441302.jpg,0.9,Maatsen,1.5,False,,a,2,7,9,67056,863,286039,2471,0.0,2.0,Maatsen,152.0,221,0,0,0,5,0,0,0,1,0,0,0,33,48.2,117.9,46.0,21.2,1,0.07,0.74,0.81,3.69,319,109,133,27,219,59,250,82,,,,,,,0.03,0.0,0.3,0.33,1.5,2.04,351,51,373,122,435,141,174,68,0.41,0.0
51,0.0,0.0,462381,0,0,0,0,0,1,0.0,0.0,0,Filip,0.0,46,False,Has joined MK Dons for the rest of the season,2024-07-18T09:50:40.812599Z,40,462381.jpg,0.0,Marschall,0.0,False,,u,2,7,0,0,0,62,0,0.0,0.0,Marschall,,0,0,0,0,0,0,0,0,0,0,0,0,0,0.0,0.0,0.0,0.0,0,0.00,0.00,0.00,0.00,500,55,480,34,441,25,502,55,,,,,,,0.0,0.0,0.0,0.0,0.0,0.0,638,63,430,47,505,55,685,71,0.0,0.0
52,75.0,,98980,0,0,0,0,0,1,0.9,0.7,1,Emiliano,1.2,47,False,Knock - 75% chance of playing,2024-12-02T00:00:07.797146Z,50,98980.jpg,2.7,Martínez Romero,12.5,False,,d,2,7,35,828148,15998,924753,42863,0.2,7.0,Martinez,10.0,1125,0,0,1,21,0,1,0,1,0,34,2,139,308.4,0.0,0.0,30.9,13,0.00,0.00,0.00,15.52,34,12,658,69,652,67,191,12,,,,,,,0.0,2.72,0.0,0.0,1.24,1.68,189,8,223,17,154,24,29,3,1.04,0.08
53,100.0,100.0,122806,0,0,-3,3,0,3,2.5,2.0,2,John,2.5,48,False,,2024-09-21T20:30:05.276348Z,52,122806.jpg,2.0,McGinn,0.8,False,,a,2,7,22,61579,1240,207266,1620,0.5,4.2,McGinn,243.0,709,0,1,2,14,0,0,0,2,0,0,0,96,51.8,148.3,77.0,27.9,9,1.29,1.10,2.39,9.92,315,152,100,75,162,101,210,108,,,,,,,0.16,0.0,0.14,0.3,1.26,1.78,163,98,127,60,234,104,227,73,1.14,0.25
54,100.0,100.0,149484,0,0,-1,1,0,2,0.0,-0.5,0,Tyrone,0.0,49,False,,2024-08-05T15:00:04.309727Z,44,149484.jpg,0.0,Mings,0.1,False,,a,2,7,0,6432,255,7755,330,0.0,0.0,Mings,241.0,0,0,0,0,0,0,0,0,0,0,0,0,0,0.0,0.0,0.0,0.0,0,0.00,0.00,0.00,0.00,553,214,541,213,515,207,555,214,,,,,,,0.0,0.0,0.0,0.0,0.0,0.0,486,94,504,205,560,213,461,165,0.0,0.0
55,,,578545,0,0,0,0,0,2,0.0,-0.5,0,Kosta,0.0,50,False,,,40,578545.jpg,1.0,Nedeljković,1.0,False,,a,2,7,3,238442,250,188297,2327,0.0,0.8,Nedeljkovic,190.0,93,0,0,0,2,0,0,0,0,0,0,0,13,22.2,6.3,0.0,2.9,0,0.00,0.02,0.02,1.84,369,129,373,124,473,181,392,132,,,,,,,0.0,0.0,0.02,0.02,1.78,1.94,672,212,463,176,368,124,204,81,0.0,0.0
56,100.0,100.0,111782,0,0,0,0,0,1,0.2,-0.3,1,Robin,0.2,51,False,,2024-10-18T16:30:05.894923Z,45,111782.jpg,1.0,Olsen,0.1,False,,a,2,7,1,5092,550,8186,187,0.0,0.2,Olsen,206.0,45,0,0,0,1,0,0,0,0,0,2,0,3,17.6,0.0,0.0,1.8,0,0.00,0.00,0.00,0.79,383,32,565,62,542,55,424,32,,,,,,,0.0,4.0,0.0,0.0,1.58,2.0,362,14,368,24,387,33,433,60,0.0,0.0
57,100.0,100.0,244954,0,0,-1,1,0,2,0.8,0.3,1,Pau,0.8,52,False,,2024-11-13T15:00:07.856081Z,44,244954.jpg,1.6,Torres,1.5,False,,a,2,7,21,210327,2798,206526,3124,0.2,4.8,Pau,200.0,1170,0,0,1,22,0,0,0,1,0,0,0,115,185.2,46.7,43.0,27.5,13,0.24,0.27,0.51,16.31,136,55,254,73,225,62,213,63,,,,,,,0.02,0.0,0.02,0.04,1.25,1.69,512,112,261,72,291,96,168,63,1.0,0.08
58,0.0,0.0,232653,0,0,-1,1,0,3,0.0,0.0,0,Jacob,0.8,53,False,Hamstring injury - Expected back 07 Dec,2024-11-10T23:00:07.265497Z,54,232653.jpg,2.2,Ramsey,0.3,False,,i,2,7,22,43453,16,57472,1175,0.1,4.1,Ramsey,241.0,632,0,2,0,14,0,0,0,1,0,0,0,118,99.4,122.1,113.0,33.7,7,0.69,1.17,1.86,9.42,241,105,127,93,114,72,172,93,,,,,,,0.1,0.0,0.17,0.27,1.34,1.99,135,79,269,140,215,94,335,113,1.0,0.0
59,100.0,100.0,244850,-1,1,3,-3,1,3,3.5,3.0,2,Morgan,3.5,54,False,,2024-11-04T00:00:07.298201Z,53,244850.jpg,3.8,Rogers,20.7,False,,a,2,7,49,2668591,35029,1359483,91435,0.7,9.2,Rogers,241.0,1045,3,2,1,16,0,0,0,3,0,0,5,154,220.4,226.0,236.0,68.4,13,2.69,1.52,4.21,13.16,95,35,47,38,40,25,41,27,,,,,,,0.23,0.0,0.13,0.36,1.13,1.38,154,91,67,34,60,27,17,6,1.12,0.09
60,0.0,0.0,248164,0,0,0,0,0,1,0.0,0.0,0,Viljami,0.0,55,False,Permanent transfer to Celtic,2024-07-18T09:43:21.242291Z,40,248164.jpg,0.0,Sinisalo,0.0,False,,u,2,7,0,0,0,62,0,0.0,0.0,Sinisalo,,0,0,0,0,0,0,0,0,0,0,0,0,0,0.0,0.0,0.0,0.0,0,0.00,0.00,0.00,0.00,491,50,470,28,431,19,493,50,,,,,,,0.0,0.0,0.0,0.0,0.0,0.0,627,57,419,41,496,50,686,72,0.0,0.0
61,0.0,0.0,514315,0,0,0,0,0,2,0.0,0.0,0,Lino,0.0,56,False,Loaned to  Bristol Rovers,2024-08-16T11:50:34.812830Z,40,514315.jpg,0.0,da Cruz Sousa,0.1,False,,u,2,7,0,0,0,17304,91,0.0,0.0,Sousa,,0,0,0,0,0,0,0,0,0,0,0,0,0,0.0,0.0,0.0,0.0,0,0.00,0.00,0.00,0.00,517,186,497,184,459,168,519,186,,,,,,,0.0,0.0,0.0,0.0,0.0,0.0,657,198,448,162,523,184,486,177,0.0,0.0
62,,,166989,0,0,0,0,0,3,2.0,1.5,2,Youri,2.0,57,False,,,55,166989.jpg,3.0,Tielemans,1.3,False,,a,2,7,39,213186,2398,184516,5999,0.4,7.1,Tielemans,21.0,1153,0,4,1,21,0,0,1,3,0,0,5,260,293.2,493.8,78.0,86.5,13,1.33,2.85,4.18,16.10,37,9,3,3,160,100,18,15,1.0,,,,1.0,,0.1,0.0,0.22,0.32,1.26,1.64,113,68,166,80,122,54,188,57,1.01,0.08
63,100.0,100.0,178301,0,0,0,0,2,4,3.2,2.7,2,Ollie,3.2,58,False,,2024-09-04T10:00:05.026467Z,90,178301.jpg,4.9,Watkins,21.5,False,,a,2,7,64,2175140,61319,3475297,79845,0.4,7.1,Watkins,241.0,1013,6,2,4,17,0,0,0,0,0,0,8,213,263.8,122.1,455.0,83.0,13,6.82,0.63,7.45,12.36,59,9,128,11,6,3,24,4,,,,,2.0,,0.61,0.0,0.06,0.67,1.1,1.51,8,2,89,15,20,9,16,5,1.15,0.36
64,75.0,75.0,449871,0,0,-1,1,0,3,0.8,0.4,0,Amadou,1.0,233,False,Foot injury - 75% chance of playing,2024-11-21T08:30:08.977638Z,49,449871.jpg,3.1,Onana,3.6,False,,d,2,7,31,1420749,420,1302782,24939,0.2,6.3,Onana,21.0,704,2,0,1,13,0,0,0,3,0,0,5,146,178.8,68.9,168.0,41.7,10,1.58,0.19,1.77,10.99,145,51,201,122,72,44,128,76,,,,,,,0.2,0.0,0.02,0.22,1.4,1.66,277,181,242,124,107,47,90,28,1.28,0.13
65,100.0,100.0,481624,0,0,-2,2,0,3,1.0,0.5,1,Jaden,1.0,569,False,,2024-10-19T16:30:07.135033Z,53,481624.jpg,0.8,Philogene,0.0,False,,a,2,7,7,2477,114,7610,98,0.2,1.3,Jaden,241.0,269,0,0,1,5,0,0,0,2,1,0,0,12,15.6,16.2,38.0,6.2,2,0.42,0.09,0.51,4.36,391,185,325,188,237,135,357,179,,,,,,,0.14,0.0,0.03,0.17,1.46,1.67,155,92,247,128,450,222,523,204,0.67,0.33
66,,,515597,0,0,0,0,0,2,0.0,-0.5,0,Lamare,0.0,598,False,,,40,515597.jpg,0.7,Bogarde,0.3,False,,a,2,7,2,49923,237,35960,621,0.0,0.5,Bogarde,152.0,213,0,0,0,5,0,0,0,1,0,0,0,6,31.8,17.8,2.0,5.1,3,0.00,0.11,0.11,2.13,348,125,321,102,373,127,371,121,,,,,,,0.0,0.0,0.05,0.05,0.9,2.11,659,200,450,164,452,149,307,114,1.27,0.0
67,,,514287,0,0,0,0,0,2,0.0,-0.5,0,Sil,0.0,640,False,,,40,514287.jpg,0.0,Swinkels,0.1,False,,a,2,7,0,6829,84,4223,133,0.0,0.0,Swinkels,152.0,0,0,0,0,0,0,0,0,0,0,0,0,0,0.0,0.0,0.0,0.0,0,0.00,0.00,0.00,0.00,516,185,496,183,458,167,518,185,,,,,,,0.0,0.0,0.0,0.0,0.0,0.0,656,197,447,161,522,183,478,174,0.0,0.0
68,,,516159,0,0,0,0,0,1,0.0,-0.5,0,Oliwier,0.0,641,False,,,40,516159.jpg,0.0,Zych,0.7,False,,a,2,7,0,79192,458,26459,1048,0.0,0.0,Zych,172.0,0,0,0,0,0,0,0,0,0,0,0,0,0,0.0,0.0,0.0,0.0,0,0.00,0.00,0.00,0.00,519,63,499,42,461,33,521,63,,,,,,,0.0,0.0,0.0,0.0,0.0,0.0,660,71,451,55,525,63,235,32,0.0,0.0
69,,,537403,0,0,0,0,0,3,0.0,-0.5,0,Kadan,0.0,656,False,,,45,537403.jpg,0.0,Young,0.2,False,,a,2,7,0,43565,900,26446,1180,0.0,0.0,Young,241.0,0,0,0,0,0,0,0,0,0,0,0,0,0,0.0,0.0,0.0,0.0,0,0.00,0.00,0.00,0.00,621,270,618,274,598,265,623,272,,,,,,,0.0,0.0,0.0,0.0,0.0,0.0,450,278,588,243,627,274,341,117,0.0,0.0
70,,,577731,0,0,0,0,0,3,0.0,-0.5,0,Ben,0.0,679,False,,,45,577731.jpg,0.0,Broggio,0.0,False,,a,2,7,0,204,91,37,25,0.0,0.0,Broggio,241.0,0,0,0,0,0,0,0,0,0,0,0,0,0,0.0,0.0,0.0,0.0,0,0.00,0.00,0.00,0.00,635,279,632,283,612,274,637,281,,,,,,,0.0,0.0,0.0,0.0,0.0,0.0,465,288,602,253,640,283,676,306,0.0,0.0
71,,,232980,0,0,-2,2,0,2,-0.2,0.3,0,Max,0.3,59,False,,,43,232980.jpg,1.0,Aarons,0.2,False,,a,3,91,1,8228,238,18778,295,0.1,0.2,Aarons,241.0,15,0,0,0,0,0,0,0,0,0,0,0,5,1.4,1.3,0.0,0.3,0,0.00,0.01,0.01,0.03,452,155,408,143,506,200,451,155,,,,,,,0.0,0.0,0.06,0.06,0.18,0.0,557,136,325,99,374,130,388,139,0.0,0.0
72,100.0,100.0,200785,0,0,-1,1,0,3,1.5,2.0,2,Tyler,2.0,60,False,,2024-07-21T20:00:04.554690Z,49,200785.jpg,1.4,Adams,0.0,False,,a,3,91,7,2105,154,1559,123,0.4,1.4,Adams,229.0,253,0,0,0,8,0,0,0,1,0,0,0,45,59.2,29.9,11.0,10.1,3,0.14,0.04,0.18,3.29,304,143,289,172,323,178,325,163,,,,,,,0.05,0.0,0.01,0.06,1.17,2.85,259,167,154,73,325,155,605,260,1.07,0.0
73,0.0,0.0,444180,0,0,0,0,0,3,0.0,0.0,0,Jaidon,0.0,61,False,Season long loan to Burnley,2024-08-30T09:46:29.420148Z,45,444180.jpg,0.0,Anthony,0.1,False,,u,3,91,0,8381,0,42653,255,0.0,0.0,Anthony,,0,0,0,0,0,0,0,0,0,0,0,0,0,0.0,0.0,0.0,0.0,0,0.00,0.00,0.00,0.00,584,239,580,243,558,234,586,241,,,,,,,0.0,0.0,0.0,0.0,0.0,0.0,394,237,545,208,590,243,417,148,0.0,0.0
74,100.0,100.0,111317,0,0,-1,1,0,3,2.8,3.3,2,David,3.3,62,False,,2024-08-12T14:30:04.440536Z,49,111317.jpg,2.2,Brooks,0.0,False,,a,3,91,13,1971,121,1790,119,0.7,2.7,Brooks,244.0,122,1,0,0,2,0,0,0,0,0,0,1,49,57.8,60.3,26.0,14.4,1,0.20,0.67,0.87,1.77,305,144,221,136,267,147,297,147,,,,,,,0.15,0.0,0.49,0.64,1.31,1.48,245,157,72,38,212,91,604,259,0.74,0.0
75,100.0,100.0,158499,0,0,-1,1,0,3,0.5,1.0,2,Ryan,1.0,63,False,,2024-11-09T20:00:07.258668Z,49,158499.jpg,2.1,Christie,0.1,False,,a,3,91,25,17519,154,27861,506,0.2,5.1,Christie,243.0,790,1,0,3,13,0,0,0,5,0,0,0,151,153.6,155.9,82.0,39.3,10,0.49,0.84,1.33,10.02,172,64,94,70,148,93,137,81,4.0,,,,,,0.06,0.0,0.1,0.16,1.14,1.48,250,160,240,122,219,97,415,147,1.14,0.34
76,75.0,,155408,0,0,0,0,0,3,1.1,2.0,0,Lewis,2.0,64,False,Muscle injury - 75% chance of playing,2024-11-30T22:00:07.304760Z,50,155408.jpg,3.1,Cook,0.3,False,,d,3,91,37,48020,151,32867,4233,0.4,7.4,Cook,241.0,1073,1,3,1,17,0,0,0,4,0,0,2,207,260.0,301.1,68.0,62.9,12,0.46,1.79,2.25,15.32,64,21,25,21,181,109,56,36,1.0,,,,,,0.04,0.0,0.15,0.19,1.28,1.43,192,119,156,74,109,49,327,107,1.01,0.08
77,100.0,100.0,168636,0,0,-1,1,0,4,1.5,2.0,1,Enes,2.0,65,False,,2024-08-12T14:30:04.450058Z,54,168636.jpg,1.3,Ünal,0.1,False,,a,3,91,13,8841,335,8517,324,0.4,2.4,Enes Ünal,219.0,171,0,1,1,2,0,0,0,1,0,0,0,27,27.4,38.7,69.0,12.8,1,1.04,0.12,1.16,3.48,357,34,267,29,179,33,306,34,,,4.0,,,,0.55,0.0,0.06,0.61,1.83,1.05,130,38,163,22,340,35,507,65,0.53,0.53
78,0.0,0.0,441240,0,0,0,0,0,3,0.0,0.0,0,Romain,0.0,66,False,Loaned to Brest,2024-08-20T12:15:06.505689Z,50,441240.jpg,0.0,Faivre,0.0,False,,u,3,91,0,23,0,1409,3,0.0,0.0,Faivre,,0,0,0,0,0,0,0,0,0,0,0,0,0,0.0,0.0,0.0,0.0,0,0.00,0.00,0.00,0.00,667,302,663,302,658,300,667,302,,,,,,,0.0,0.0,0.0,0.0,0.0,0.0,217,138,653,292,667,302,651,290,0.0,0.0
79,0.0,0.0,424044,0,0,0,0,0,3,0.0,0.0,0,Hamed,0.0,67,False,Season long loan to A.J.Auxerre,2024-08-29T11:07:43.785266Z,45,424044.jpg,0.0,Traorè,0.1,False,,u,3,91,0,3525,0,17977,108,0.0,0.0,H.Traorè,,0,0,0,0,0,0,0,0,0,0,0,0,0,0.0,0.0,0.0,0.0,0,0.00,0.00,0.00,0.00,583,238,579,242,557,233,585,240,,,,,,,0.0,0.0,0.0,0.0,0.0,0.0,390,236,544,207,589,242,496,188,0.0,0.0
80,,,463981,0,0,0,0,0,2,-0.5,0.0,0,James,0.0,68,False,,,40,463981.jpg,0.0,Hill,0.3,False,,a,3,91,0,19610,236,27330,550,0.0,0.0,Hill,241.0,0,0,0,0,0,0,0,0,0,0,0,0,0,0.0,0.0,0.0,0.0,0,0.00,0.00,0.00,0.00,503,177,483,175,444,158,505,177,,,,,,,0.0,0.0,0.0,0.0,0.0,0.0,641,187,433,152,508,174,300,112,0.0,0.0
81,0.0,0.0,523700,0,0,0,0,0,4,0.0,0.0,0,Daniel,0.0,69,False,Loaned to Watford,2024-08-31T06:32:40.630710Z,45,523700.jpg,1.0,Jebbison,1.2,False,,u,3,91,2,380085,0,458505,3415,0.0,0.4,Jebbison,,26,0,0,0,0,0,0,0,0,0,0,0,7,3.2,10.6,2.0,1.6,0,0.00,0.00,0.00,0.34,437,43,352,40,382,44,428,44,,,,,,,0.0,0.0,0.0,0.0,1.18,0.0,442,69,580,52,392,38,195,35,0.0,0.0
82,100.0,100.0,544877,0,0,-1,1,1,2,2.5,3.0,7,Milos,3.0,70,False,,2024-11-21T08:30:08.632085Z,44,544877.jpg,2.9,Kerkez,2.1,False,,a,3,91,38,247480,43202,84286,3507,0.7,8.6,Kerkez,98.0,1097,1,2,1,19,0,0,0,2,0,0,3,152,233.8,193.8,72.0,50.0,13,0.23,1.10,1.33,15.72,79,26,66,12,173,37,92,18,,,,,,,0.02,0.0,0.09,0.11,1.29,1.56,526,118,92,22,127,32,136,53,1.07,0.08
83,,,222683,0,0,-2,2,2,3,9.2,9.7,20,Justin,9.7,71,False,,,53,222683.jpg,4.4,Kluivert,1.8,False,,a,3,91,57,207168,109218,66026,5565,1.8,10.8,Kluivert,152.0,772,5,2,4,13,0,0,0,4,0,0,5,193,269.2,213.1,319.0,80.2,10,4.68,1.00,5.68,10.02,54,18,55,44,22,10,29,21,,,,,1.0,,0.55,0.0,0.12,0.67,1.17,1.52,153,90,3,3,36,16,146,44,1.17,0.47
84,0.0,0.0,223911,0,0,-1,1,0,2,0.0,0.0,0,Chris,0.0,72,False,On loan to Sunderland for the season,2024-09-01T09:10:00.945219Z,44,223911.jpg,0.0,Mepham,0.0,False,,u,3,91,0,287,0,5911,30,0.0,0.0,Mepham,,0,0,0,0,0,0,0,0,0,0,0,0,0,0.0,0.0,0.0,0.0,0,0.00,0.00,0.00,0.00,557,218,547,217,520,211,559,218,,,,,,,0.0,0.0,0.0,0.0,0.0,0.0,501,106,511,210,564,217,565,195,0.0,0.0
85,100.0,100.0,533463,0,0,0,0,0,3,0.2,0.7,1,Dango,0.7,74,False,,2024-11-01T16:30:07.369192Z,50,533463.jpg,2.4,Ouattara,0.0,False,,a,3,91,24,3328,49,4516,91,0.1,4.8,O.Dango,35.0,463,1,1,1,5,0,0,0,0,0,0,1,107,129.6,92.6,110.0,33.3,4,1.66,1.01,2.67,6.04,203,80,168,108,118,74,174,95,,,,,,,0.32,0.0,0.2,0.52,1.17,0.97,231,148,290,150,193,85,574,237,0.78,0.19
86,0.0,0.0,495145,0,0,0,0,0,1,0.0,0.0,0,Alex,0.0,75,False,Loaned to Auckland FC,2024-08-10T12:14:13.050842Z,40,495145.jpg,0.0,Paulsen,0.0,False,,u,3,91,0,0,0,2302,24,0.0,0.0,Paulsen,,0,0,0,0,0,0,0,0,0,0,0,0,0,0.0,0.0,0.0,0.0,0,0.00,0.00,0.00,0.00,509,61,489,40,450,31,511,61,,,,,,,0.0,0.0,0.0,0.0,0.0,0.0,648,69,439,53,514,61,571,69,0.0,0.0
87,100.0,100.0,168991,0,0,-2,2,0,3,-0.2,0.3,1,Philip,0.3,76,False,,2024-08-29T09:30:04.570455Z,48,168991.jpg,1.0,Billing,0.0,False,,a,3,91,3,4495,59,8054,128,0.1,0.6,Philip,58.0,34,0,0,0,1,0,0,0,0,0,0,0,8,11.6,5.1,4.0,2.1,0,0.00,0.13,0.13,0.60,401,192,378,203,364,199,411,202,,,3.0,,,,0.0,0.0,0.34,0.34,1.59,2.65,297,196,339,169,406,198,514,197,0.0,0.0
88,0.0,0.0,503139,-1,1,-3,3,0,3,0.0,0.0,0,Alex,0.0,77,False,Knee injury - Unknown return date,2024-10-25T09:00:05.962917Z,47,503139.jpg,1.4,Scott,0.0,False,,i,3,91,11,2270,7,5496,67,0.0,2.3,Scott,241.0,258,0,0,1,3,0,0,0,0,0,0,0,54,71.0,65.5,21.0,15.8,2,0.12,0.17,0.29,3.67,284,129,210,128,281,156,288,142,,,,,,,0.04,0.0,0.06,0.1,1.28,1.05,343,223,619,266,321,151,557,226,0.7,0.35
89,100.0,0.0,437730,0,0,2,-2,1,3,0.5,0.0,0,Antoine,1.0,78,False,,2024-11-13T14:00:07.717891Z,57,437730.jpg,3.9,Semenyo,6.7,False,,a,3,91,47,1941508,16365,1414834,43862,0.2,8.2,Semenyo,81.0,1057,4,1,1,17,0,0,0,5,0,0,4,193,247.2,210.1,431.0,88.2,12,3.92,2.02,5.94,15.17,70,23,56,45,7,4,17,14,,,,,,,0.33,0.0,0.17,0.5,1.29,1.45,95,60,252,132,57,26,61,16,1.02,0.09
90,,,221466,0,0,-2,2,1,2,0.2,0.7,1,Marcos,0.7,79,False,,,48,221466.jpg,1.9,Senesi,0.7,False,,a,3,91,21,62784,1292,93901,2997,0.1,4.4,Senesi,10.0,917,0,0,1,15,0,0,0,4,0,0,3,82,221.0,78.7,29.0,33.1,11,0.81,0.44,1.25,12.04,94,33,187,47,256,76,177,47,,,,,,,0.08,0.0,0.04,0.12,1.18,1.47,307,36,282,81,246,76,236,89,1.08,0.1
91,0.0,0.0,224995,0,0,-1,1,1,3,0.0,0.0,0,Luis,0.0,80,False,Hamstring injury - Unknown return date,2024-10-25T09:00:05.974870Z,49,224995.jpg,2.4,Sinisterra,0.2,False,,i,3,91,19,68113,2,76850,726,0.0,3.9,Sinisterra,48.0,203,1,1,0,3,0,0,0,0,0,0,2,75,98.4,96.3,177.0,37.2,1,1.09,0.91,2.00,3.48,242,106,164,107,67,41,147,84,,,,,,,0.48,0.0,0.4,0.88,1.54,1.33,264,172,633,276,190,83,394,138,0.44,0.0
92,,,54469,0,0,0,0,0,2,0.2,0.7,1,Adam,0.7,81,False,,,45,54469.jpg,1.5,Smith,0.2,False,,a,3,91,20,18671,431,20869,537,0.2,4.4,Smith,241.0,768,0,0,1,12,0,0,0,3,0,0,0,52,91.4,51.1,6.0,14.9,8,0.60,0.05,0.65,9.05,252,94,240,67,349,118,295,96,,,,,,,0.07,0.0,0.01,0.08,1.06,1.41,356,56,277,79,310,105,369,133,0.94,0.12
93,,,201658,0,0,0,0,0,3,2.2,2.7,5,Marcus,2.7,83,False,,,55,201658.jpg,3.1,Tavernier,0.3,False,,a,3,91,40,75980,1900,66436,1822,0.5,7.3,Tavernier,241.0,981,1,3,2,15,0,0,0,2,0,0,2,163,236.0,376.2,228.0,84.0,11,2.62,1.78,4.40,12.34,78,26,11,10,43,27,22,19,2.0,,2.0,,,,0.24,0.0,0.16,0.4,1.13,1.38,116,71,118,55,112,51,296,99,1.01,0.18
94,,,229600,0,0,-1,1,0,1,-0.5,0.0,0,Mark,0.0,84,False,,,44,229600.jpg,3.3,Travers,0.2,False,,a,3,91,10,10810,151,13955,504,0.0,2.3,Travers,104.0,270,0,0,0,3,0,0,0,0,0,12,1,38,94.6,0.0,0.0,9.4,3,0.00,0.01,0.01,4.15,248,25,549,59,522,51,331,25,,,,,,,0.0,4.0,0.0,0.0,1.38,1.0,505,22,513,69,79,13,393,57,1.0,0.0
95,,,477580,0,0,-1,1,0,2,-0.2,0.3,0,Illia,0.3,85,False,,,44,477580.jpg,1.8,Zabarnyi,0.4,False,,a,3,91,23,33533,255,42077,1343,0.1,5.2,Zabarnyi,225.0,1170,0,0,1,19,0,0,0,2,0,0,0,115,209.2,47.0,14.0,27.2,13,0.30,0.14,0.44,16.04,106,39,250,70,309,101,215,65,,,,,,,0.02,0.0,0.01,0.03,1.23,1.46,518,116,331,104,260,82,294,109,1.0,0.08
96,100.0,100.0,109745,0,0,0,0,0,1,0.8,1.3,1,Kepa,1.3,152,False,,2024-10-26T20:00:07.229572Z,45,109745.jpg,2.6,Arrizabalaga,0.6,False,,a,3,91,21,108574,1551,89148,1708,0.3,4.7,Arrizabalaga,200.0,720,0,0,1,14,0,0,0,0,0,25,0,79,185.8,10.1,0.0,19.5,8,0.00,0.00,0.00,8.98,133,17,355,2,541,54,258,17,,,,,,,0.0,3.12,0.0,0.0,1.12,1.75,361,13,210,16,159,25,240,34,1.0,0.12
97,,,554605,0,0,-2,2,0,2,0.5,1.0,1,Dean,1.0,580,False,,,43,554605.jpg,1.0,Huijsen,0.1,False,,a,3,91,7,3418,124,8517,133,0.2,1.6,Huijsen,200.0,250,0,0,0,4,0,0,0,1,0,0,0,34,67.6,53.8,28.0,15.0,2,0.50,0.32,0.82,4.63,289,102,232,62,260,79,293,95,,,,,,,0.18,0.0,0.12,0.3,1.67,1.44,569,146,228,66,376,132,457,163,0.72,0.0
98,0.0,0.0,436893,0,0,-1,1,0,2,0.0,0.0,0,Julián,0.3,592,False,Hamstring injury - Unknown return date,2024-11-21T11:30:08.788295Z,44,436893.jpg,1.0,Araujo Zúñiga,0.2,False,,i,3,91,8,10748,2,19921,577,0.1,1.8,J.Araujo,139.0,352,0,0,0,7,0,0,0,1,0,0,0,11,40.0,7.9,2.0,5.1,5,0.00,0.04,0.04,6.95,337,117,362,117,378,132,374,124,,,,,,,0.0,0.0,0.01,0.01,1.78,1.79,515,115,330,103,382,135,391,140,1.28,0.0
99,,,444172,0,0,0,0,0,1,-0.5,0.0,0,Will,0.0,599,False,,,40,444172.jpg,0.0,Dennis,0.4,False,,a,3,91,0,32356,156,21950,588,0.0,0.0,Dennis,241.0,0,0,0,0,0,0,0,0,0,0,0,0,0,0.0,0.0,0.0,0.0,0,0.00,0.00,0.00,0.00,496,54,476,33,437,24,498,54,,,,,,,0.0,0.0,0.0,0.0,0.0,0.0,633,62,425,46,501,54,287,43,0.0,0.0
100,,,444102,0,0,0,0,1,4,6.8,7.3,12,Francisco Evanilson,7.3,617,False,,,60,444102.jpg,4.9,de Lima Barbosa,2.5,False,,a,3,91,59,405490,68844,158906,5954,1.2,9.8,Evanilson,30.0,872,4,4,4,15,0,0,1,0,0,0,10,214,183.2,103.1,328.0,61.2,11,5.00,0.62,5.62,10.45,140,17,156,19,20,12,60,15,,,,,2.0,,0.52,0.0,0.06,0.58,1.08,1.55,80,23,8,3,19,8,118,18,1.14,0.41
101,,,496683,0,0,0,0,0,2,-0.5,0.0,0,Max,0.0,680,False,,,40,496683.jpg,0.0,Kinsey,0.0,False,,a,3,91,0,257,119,45,33,0.0,0.0,Kinsey,241.0,0,0,0,0,0,0,0,0,0,0,0,0,0,0.0,0.0,0.0,0.0,0,0.00,0.00,0.00,0.00,510,180,490,178,452,162,512,180,,,,,,,0.0,0.0,0.0,0.0,0.0,0.0,650,192,441,156,516,178,662,223,0.0,0.0
102,,,606775,0,0,0,0,0,3,0.6,1.1,0,Ben,0.0,687,False,,,45,606775.jpg,0.0,Winterburn,0.0,False,,a,3,91,0,102,102,14,14,0.0,0.0,Winterburn,,0,0,0,0,0,0,0,0,0,0,0,0,0,0.0,0.0,0.0,0.0,0,0.00,0.00,0.00,0.00,641,284,638,288,619,280,643,286,,,,,,,0.0,0.0,0.0,0.0,0.0,0.0,473,295,609,259,646,288,683,310,0.0,0.0
103,0.0,0.0,191866,0,0,-1,1,0,2,0.0,0.0,0,Kristoffer,0.0,86,False,Foot injury - Unknown return date,2024-10-26T20:00:07.058865Z,44,191866.jpg,0.9,Ajer,0.2,False,,i,4,94,7,30525,10,50724,771,0.0,1.6,Ajer,161.0,637,0,0,0,12,0,0,0,3,0,0,0,23,71.8,40.6,47.0,15.9,8,0.28,0.10,0.38,11.94,281,101,260,76,216,57,287,93,,,,,,,0.04,0.0,0.01,0.05,1.69,1.7,490,97,505,206,434,140,348,125,1.13,0.0
104,100.0,100.0,494041,0,0,0,0,0,3,0.0,0.0,0,Ethan,0.0,87,False,,2024-09-10T11:15:13.439596Z,45,494041.jpg,0.0,Brierley,0.1,False,,a,4,94,0,9137,89,10271,215,0.0,0.0,Brierley,,0,0,0,0,0,0,0,0,0,0,0,0,0,0.0,0.0,0.0,0.0,0,0.00,0.00,0.00,0.00,604,254,601,258,581,249,606,256,,,,,,,0.0,0.0,0.0,0.0,0.0,0.0,425,255,567,224,610,258,464,172,0.0,0.0
105,,,432830,0,0,0,0,1,2,3.2,3.2,5,Nathan,3.2,88,False,,,45,432830.jpg,3.1,Collins,2.5,False,,a,4,94,40,375393,9186,186557,7183,0.7,8.9,Collins,104.0,1170,1,4,1,23,0,0,0,1,0,0,1,172,423.4,61.0,170.0,65.5,13,1.73,0.78,2.51,21.99,7,1,219,57,71,5,47,4,,,,,,,0.13,0.0,0.06,0.19,1.69,1.77,391,74,84,19,103,25,120,49,1.0,0.08
106,100.0,100.0,440089,0,0,0,0,0,3,4.8,4.8,5,Mikkel,4.8,89,False,,2024-10-12T11:00:07.165630Z,50,440089.jpg,3.7,Damsgaard,1.2,False,,a,4,94,48,169975,10043,54272,7666,1.0,9.6,Damsgaard,58.0,929,1,4,3,15,0,0,0,0,0,0,4,229,277.6,313.7,143.0,73.5,11,1.07,2.41,3.48,16.45,49,15,20,16,91,56,36,25,1.0,,3.0,,,,0.1,0.0,0.23,0.33,1.59,1.45,216,137,35,17,65,30,193,59,1.07,0.29
107,0.0,0.0,183656,0,0,-2,2,0,3,0.0,0.0,0,Josh,0.0,90,False,Knee injury - Unknown return date,2024-08-12T14:30:04.460316Z,48,183656.jpg,0.0,Dasilva,0.0,False,,i,4,94,0,248,3,944,4,0.0,0.0,Dasilva,241.0,0,0,0,0,0,0,0,0,0,0,0,0,0,0.0,0.0,0.0,0.0,0,0.00,0.00,0.00,0.00,648,290,643,291,628,285,648,290,,,,,,,0.0,0.0,0.0,0.0,0.0,0.0,299,197,621,268,650,291,661,294,0.0,0.0
108,,,118342,0,0,0,0,1,1,4.0,4.0,2,Mark,4.0,91,False,,,45,118342.jpg,3.1,Flekken,12.2,False,,a,4,94,40,974883,8759,762593,21339,0.9,8.9,Flekken,152.0,1170,0,0,1,23,0,0,0,0,0,62,2,204,497.2,0.1,0.0,49.5,13,0.00,0.02,0.02,21.99,3,1,432,9,543,56,95,1,,,,,,,0.0,4.77,0.0,0.0,1.69,1.77,363,15,48,5,102,15,31,5,1.0,0.08
109,0.0,0.0,194010,0,0,-2,2,0,2,0.0,0.0,0,Rico,0.0,92,False,Lack of match fitness - Unknown return date,2024-08-12T14:30:04.471299Z,43,194010.jpg,0.0,Henry,0.0,False,,i,4,94,0,945,7,6264,62,0.0,0.0,Henry,241.0,0,0,0,0,0,0,0,0,0,0,0,0,0,0.0,0.0,0.0,0.0,0,0.00,0.00,0.00,0.00,546,209,534,208,505,199,548,209,,,,,,,0.0,0.0,0.0,0.0,0.0,0.0,552,131,494,197,553,208,567,197,0.0,0.0
110,0.0,0.0,472713,0,0,-2,2,0,2,0.0,0.0,0,Aaron,0.0,93,False,Hamstring injury - Unknown return date,2024-08-12T14:30:04.480785Z,43,472713.jpg,0.0,Hickey,0.0,False,,i,4,94,0,390,9,2580,13,0.0,0.0,Hickey,243.0,0,0,0,0,0,0,0,0,0,0,0,0,0,0.0,0.0,0.0,0.0,0,0.00,0.00,0.00,0.00,550,211,538,210,511,203,552,211,,,,,,,0.0,0.0,0.0,0.0,0.0,0.0,564,141,499,200,557,210,624,209,0.0,0.0
111,,,204580,0,0,-1,1,0,3,4.5,4.5,1,Vitaly,4.5,94,False,,,49,204580.jpg,3.2,Janelt,0.8,False,,a,4,94,42,105506,1283,45495,8324,0.9,8.6,Janelt,80.0,1037,1,3,2,20,0,0,0,1,0,0,2,229,230.8,169.0,68.0,46.9,12,0.42,1.10,1.52,18.31,81,28,85,64,180,108,107,64,,,,,,,0.04,0.0,0.1,0.14,1.59,1.74,261,169,44,23,92,41,231,74,1.04,0.17
112,75.0,100.0,207283,0,0,-2,2,0,3,1.4,1.8,1,Mathias,1.8,95,False,Hamstring injury - 75% chance of playing,2024-11-30T22:00:07.383631Z,53,207283.jpg,2.1,Jensen,0.1,False,,d,4,94,17,6108,44,17811,343,0.3,3.2,Jensen,58.0,477,0,1,1,9,0,0,0,1,0,0,1,76,62.0,119.5,21.0,20.4,6,0.21,0.59,0.80,9.06,298,139,132,95,285,160,254,126,3.0,,,,,,0.04,0.0,0.11,0.15,1.71,1.7,151,88,179,88,223,100,476,178,1.13,0.19
113,,,570241,0,0,-1,1,0,2,0.0,0.0,0,Kim,0.0,96,False,,,39,570241.jpg,0.0,Ji-soo,0.4,False,,a,4,94,0,32668,1695,22442,922,0.0,0.0,Ji-soo,114.0,0,0,0,0,0,0,0,0,0,0,0,0,0,0.0,0.0,0.0,0.0,0,0.00,0.00,0.00,0.00,463,160,441,158,400,139,465,160,,,,,,,0.0,0.0,0.0,0.0,0.0,0.0,690,229,387,130,469,158,281,105,0.0,0.0
114,,,628204,0,0,0,0,0,3,0.2,0.2,0,Yunus Emre,0.2,97,False,,,45,628204.jpg,1.0,Konak,0.1,False,,a,4,94,4,8020,93,7929,242,0.0,0.9,Konak,219.0,18,0,0,0,2,0,0,0,0,0,0,0,7,1.4,1.6,3.0,0.4,0,0.15,0.00,0.15,1.22,453,219,405,213,368,200,448,216,,,,,,,0.75,0.0,0.0,0.75,6.1,10.0,476,298,372,182,398,190,479,179,0.0,0.0
115,,,249231,0,0,0,0,0,3,2.2,2.2,1,Keane,2.2,98,False,,,50,249231.jpg,2.5,Lewis-Potter,0.1,False,,a,4,94,33,18688,150,14344,964,0.4,6.6,Lewis-Potter,241.0,943,0,3,2,18,0,0,0,2,0,0,0,149,164.0,157.2,167.0,48.8,11,0.88,1.70,2.58,18.65,158,59,93,69,74,45,98,58,,,4.0,,,,0.08,0.0,0.16,0.24,1.78,1.72,213,135,142,66,177,76,435,158,1.05,0.19
116,100.0,100.0,446008,-1,1,8,-8,2,3,3.2,3.2,2,Bryan,3.2,99,True,,2024-11-13T15:00:08.005055Z,78,446008.jpg,6.2,Mbeumo,37.1,False,,a,4,94,81,5007590,27680,1601888,432784,0.4,10.4,Mbeumo,38.0,1165,8,1,2,21,0,0,0,2,0,0,12,318,425.8,348.4,264.0,104.0,13,3.88,2.87,6.75,21.08,6,4,16,14,36,21,8,5,2.0,,2.0,,2.0,,0.3,0.0,0.22,0.52,1.63,1.62,14,9,88,44,7,4,4,3,1.0,0.15
117,,,51927,0,0,-3,3,0,2,0.0,0.0,0,Ben,0.0,100,False,,,42,51927.jpg,0.5,Mee,0.4,False,,a,4,94,1,18671,522,64757,1130,0.0,0.2,Mee,241.0,4,0,0,0,2,0,0,0,0,0,0,0,1,8.0,0.1,0.0,0.8,0,0.00,0.00,0.00,0.46,416,144,431,154,484,190,441,150,,,,,,,0.0,0.0,0.0,0.0,10.35,45.0,571,147,472,184,457,152,275,101,0.0,0.0
118,100.0,100.0,128295,0,0,-2,2,0,3,1.8,1.8,2,Christian,1.8,101,False,,2024-11-23T17:30:08.239553Z,48,128295.jpg,2.2,Nørgaard,0.2,False,,a,4,94,24,29057,600,24084,1196,0.4,5.0,Nørgaard,58.0,884,1,1,0,17,0,0,0,2,1,0,0,171,202.8,103.5,91.0,39.8,11,1.29,0.19,1.48,15.50,112,40,155,103,136,87,135,80,,,,,,,0.13,0.0,0.02,0.15,1.58,1.73,293,192,177,86,210,90,374,131,1.12,0.0
119,0.0,0.0,428580,0,0,-1,1,0,3,0.0,0.0,0,Frank,0.0,102,False,Loaned to FC Augsburg,2024-08-31T06:32:02.183747Z,49,428580.jpg,1.0,Onyeka,0.0,False,,u,4,94,2,648,0,3797,6,0.0,0.4,Onyeka,,23,0,0,0,0,0,0,0,0,0,0,0,3,0.0,0.5,0.0,0.0,0,0.00,0.02,0.02,0.69,657,295,420,218,643,291,657,295,,,,,,,0.0,0.0,0.08,0.08,2.7,0.0,272,177,637,279,414,202,616,268,0.0,0.0
120,0.0,0.0,450539,0,0,0,0,0,3,0.0,0.0,0,Myles,0.0,103,False,Loaned to Swansea City,2024-08-31T06:31:19.312069Z,45,450539.jpg,0.0,Peart-Harris,0.0,False,,u,4,94,0,913,0,4306,25,0.0,0.0,Peart-Harris,,0,0,0,0,0,0,0,0,0,0,0,0,0,0.0,0.0,0.0,0.0,0,0.00,0.00,0.00,0.00,586,241,582,245,560,236,588,243,,,,,,,0.0,0.0,0.0,0.0,0.0,0.0,397,239,547,210,592,245,606,261,0.0,0.0
121,100.0,100.0,231065,0,0,0,0,0,2,2.5,2.5,2,Ethan,2.5,104,False,,2024-11-21T08:30:08.718188Z,45,231065.jpg,2.4,Pinnock,1.2,False,,a,4,94,31,169217,1474,92889,5887,0.6,6.9,Pinnock,107.0,1170,2,0,1,23,1,0,0,1,0,0,0,148,384.2,85.1,179.0,64.9,13,0.87,0.55,1.42,21.99,12,3,176,42,66,4,48,5,,,,,,,0.07,0.0,0.04,0.11,1.69,1.77,382,70,124,35,187,54,192,75,1.0,0.08
122,,,226956,0,0,-1,1,0,2,0.2,0.2,1,Mads,0.2,105,False,,,44,226956.jpg,1.3,Roerslev Rasmussen,0.1,False,,a,4,94,13,7586,32,10833,182,0.0,3.0,Roerslev,58.0,451,0,1,0,11,0,0,0,1,0,0,0,35,86.0,91.5,11.0,19.0,4,0.01,0.57,0.58,9.06,258,95,170,41,320,104,264,87,,,,,,,0.0,0.0,0.11,0.11,1.81,2.2,504,107,365,118,333,108,458,164,0.8,0.0
123,,,513418,0,0,-4,4,1,3,6.2,6.2,23,Kevin,6.2,106,False,,,51,513418.jpg,3.2,Schade,0.3,False,,a,4,94,42,42743,19762,26006,1211,1.2,8.2,Schade,80.0,569,3,2,1,11,0,0,0,1,0,0,3,132,184.2,49.8,226.0,45.9,6,2.71,0.41,3.12,9.01,138,49,243,148,44,28,112,66,,,,,,,0.43,0.0,0.06,0.49,1.43,1.74,183,114,18,11,96,44,332,110,0.95,0.16
124,100.0,100.0,502500,0,0,-1,1,0,4,0.5,0.5,1,Igor Thiago,0.5,107,False,,2024-08-05T15:00:04.331164Z,59,502500.jpg,1.0,Nascimento Rodrigues,0.0,False,,a,4,94,2,1755,201,2885,137,0.1,0.3,Thiago,30.0,38,0,0,0,0,0,0,0,0,0,0,0,9,6.6,14.5,0.0,2.1,0,0.00,0.00,0.00,0.70,422,39,334,36,682,71,413,42,,,,,,,0.0,0.0,0.0,0.0,1.66,0.0,85,25,313,39,428,44,575,72,0.0,0.0
125,0.0,0.0,144485,0,0,-2,2,0,4,0.0,0.0,0,Ivan,0.0,108,False,Transferred to Al-Ahli,2024-08-31T06:41:10.704245Z,73,144485.jpg,0.0,Toney,1.3,False,,u,4,94,0,43376,0,795534,582,0.0,0.0,Toney,,0,0,0,0,0,0,0,0,0,0,0,0,0,0.0,0.0,0.0,0.0,0,0.00,0.00,0.00,0.00,690,75,690,75,690,75,690,75,,,,,,,0.0,0.0,0.0,0.0,0.0,0.0,19,7,688,75,689,75,189,34,0.0,0.0
126,,,507433,0,0,0,0,0,1,0.0,0.0,0,Hákon,0.0,109,False,,,40,507433.jpg,0.0,Valdimarsson,2.9,False,,a,4,94,0,147831,320,238632,2923,0.0,0.0,Valdimarsson,99.0,0,0,0,0,0,0,0,0,0,0,0,0,0,0.0,0.0,0.0,0.0,0,0.00,0.00,0.00,0.00,514,62,494,41,456,32,516,62,,,,,,,0.0,0.0,0.0,0.0,0.0,0.0,654,70,445,54,520,62,106,17,0.0,0.0
127,100.0,100.0,216646,0,0,1,-1,3,4,6.2,6.2,8,Yoane,6.2,110,False,,2024-11-13T14:30:07.614563Z,61,216646.jpg,6.4,Wissa,9.3,False,,a,4,94,64,1829388,83603,1219171,35367,1.0,10.5,Wissa,50.0,726,7,2,2,12,0,0,0,1,0,0,13,264,282.8,98.3,288.0,66.8,9,6.07,0.39,6.46,12.13,44,7,163,20,29,14,44,12,,,,,4.0,,0.75,0.0,0.05,0.8,1.5,1.49,75,21,19,5,5,2,47,11,1.12,0.25
128,,,508395,0,0,-1,1,0,3,1.0,1.0,1,Yehor,1.0,111,False,,,44,508395.jpg,1.0,Yarmoliuk,3.3,False,,a,4,94,9,352361,16027,310728,14065,0.2,2.0,Yarmoliuk,225.0,162,0,0,0,4,0,0,0,1,0,0,0,39,47.8,38.7,19.0,10.5,1,0.22,0.07,0.29,4.62,320,154,266,161,291,163,323,161,,,,,,,0.12,0.0,0.04,0.16,2.57,2.22,524,308,231,116,384,180,100,29,0.56,0.0
129,0.0,0.0,48760,0,0,0,0,0,2,0.0,0.0,0,Mathias,0.0,112,False,Joined Anderlecht,2024-08-16T11:51:35.999618Z,45,48760.jpg,0.0,Jorgensen,0.0,False,,u,4,94,0,0,0,3938,9,0.0,0.0,Zanka,,0,0,0,0,0,0,0,0,0,0,0,0,0,0.0,0.0,0.0,0.0,0,0.00,0.00,0.00,0.00,567,219,561,219,536,214,569,219,,,,,,,0.0,0.0,0.0,0.0,0.0,0.0,355,55,526,212,573,218,627,210,0.0,0.0
130,,,244858,0,0,-2,2,0,3,0.5,0.5,1,Fábio,0.5,314,False,,,48,244858.jpg,1.8,Freitas Gouveia Carvalho,0.8,False,,a,4,94,22,159131,250,218826,5677,0.1,4.6,Carvalho,173.0,302,1,1,0,10,0,0,0,1,0,0,1,82,98.2,51.3,101.0,24.8,2,1.51,0.49,2.00,9.12,243,107,239,145,128,81,233,118,4.0,,,,,,0.45,0.0,0.15,0.6,2.72,2.98,311,206,309,159,262,120,226,72,0.6,0.0
131,,,444765,0,0,1,-1,0,2,2.5,2.5,2,Sepp,2.5,338,False,,,41,444765.jpg,1.6,van den Berg,3.5,False,,a,4,94,18,465003,13229,149061,6290,0.6,4.4,Van den Berg,152.0,903,0,0,1,20,0,0,0,0,0,0,0,55,169.8,56.7,89.0,31.5,10,0.62,0.39,1.01,17.07,155,63,224,58,138,20,187,53,,,,,,,0.06,0.0,0.04,0.1,1.7,1.99,586,157,121,33,287,92,93,37,1.0,0.1
132,,,591357,0,0,0,0,0,3,0.0,0.0,0,Ryan,0.0,602,False,,,45,591357.jpg,1.0,Trevitt,0.0,False,,a,4,94,1,5189,41,5443,122,0.0,0.2,Trevitt,241.0,3,0,0,0,0,0,0,0,0,0,0,0,5,2.6,0.1,0.0,0.3,0,0.00,0.00,0.00,0.00,442,215,433,223,615,276,453,220,,,,,,,0.0,0.0,0.0,0.0,0.0,0.0,469,291,605,255,396,188,513,196,0.0,0.0
133,0.0,0.0,626464,0,0,-1,1,0,3,0.0,0.0,0,Gustavo,0.0,634,False,Lack of match fitness - Expected back 07 Dec,2024-09-12T15:00:06.996116Z,49,626464.jpg,0.0,Nunes Fernandes Gomes,0.0,False,,i,4,94,0,306,5,356,5,0.0,0.0,G.Nunes,30.0,0,0,0,0,0,0,0,0,0,0,0,0,0,0.0,0.0,0.0,0.0,0,0.00,0.00,0.00,0.00,662,298,656,298,649,295,662,298,,,,,,,0.0,0.0,0.0,0.0,0.0,0.0,288,188,645,285,662,298,672,302,0.0,0.0
134,,,499717,0,0,0,0,0,2,0.0,0.0,0,Jayden,0.0,649,False,,,40,499717.jpg,0.0,Meghoma,0.0,False,,a,4,94,0,3767,102,2391,92,0.0,0.0,Meghoma,241.0,0,0,0,0,0,0,0,0,0,0,0,0,0,0.0,0.0,0.0,0.0,0,0.00,0.00,0.00,0.00,512,182,492,180,454,164,514,182,,,,,,,0.0,0.0,0.0,0.0,0.0,0.0,652,194,443,158,518,180,527,188,0.0,0.0
135,,,592662,0,0,0,0,0,3,0.0,0.0,0,Tony,0.0,661,False,,,45,592662.jpg,0.0,Yogane,0.0,False,,a,4,94,0,2124,50,1343,52,0.0,0.0,Yogane,241.0,0,0,0,0,0,0,0,0,0,0,0,0,0,0.0,0.0,0.0,0.0,0,0.00,0.00,0.00,0.00,639,282,636,286,617,278,641,284,,,,,,,0.0,0.0,0.0,0.0,0.0,0.0,471,293,607,257,644,286,621,273,0.0,0.0
136,,,220695,0,0,0,0,0,3,0.0,0.0,0,Paris,0.0,674,False,,,45,220695.jpg,0.0,Maghoma,0.0,False,,a,4,94,0,296,36,110,30,0.0,0.0,Maghoma,241.0,0,0,0,0,0,0,0,0,0,0,0,0,0,0.0,0.0,0.0,0.0,0,0.00,0.00,0.00,0.00,577,233,573,237,551,228,579,235,,,,,,,0.0,0.0,0.0,0.0,0.0,0.0,379,231,536,202,583,237,668,299,0.0,0.0
137,100.0,100.0,535818,0,0,-2,2,0,3,1.3,1.8,1,Simon,1.3,113,False,,2024-09-29T22:30:06.392264Z,53,535818.jpg,2.1,Adingra,0.4,False,,a,5,36,19,106722,355,135169,1355,0.2,3.6,Adingra,54.0,245,1,1,0,3,0,0,0,0,0,0,0,64,75.0,45.6,74.0,19.5,2,0.35,0.87,1.22,4.28,274,125,257,155,169,103,259,128,,,,,,,0.13,0.0,0.32,0.45,1.57,1.1,156,93,218,110,224,101,288,95,0.73,0.0
138,0.0,0.0,475480,0,0,0,0,0,3,0.0,0.0,0,Benicio,0.0,114,False,Loaned to Port Vale,2024-08-10T12:17:28.055765Z,45,475480.jpg,0.0,Baker-Boaitey,0.0,False,,u,5,36,0,0,0,488,1,0.0,0.0,Baker-Boaitey,,0,0,0,0,0,0,0,0,0,0,0,0,0,0.0,0.0,0.0,0.0,0,0.00,0.00,0.00,0.00,595,248,591,252,570,243,597,250,,,,,,,0.0,0.0,0.0,0.0,0.0,0.0,411,247,556,217,601,252,673,303,0.0,0.0
139,100.0,0.0,535301,0,0,0,0,1,3,-0.3,0.0,0,Carlos,-0.3,115,False,,2024-11-23T17:30:08.295877Z,50,535301.jpg,2.6,Baleba,0.2,False,,a,5,36,26,48405,327,36893,1422,-0.1,5.2,Baleba,38.0,673,1,1,3,9,0,0,0,1,1,0,2,140,156.8,109.5,78.0,34.5,8,0.90,0.24,1.14,12.26,169,63,145,98,158,98,167,91,,,,,,,0.12,0.0,0.03,0.15,1.64,1.2,232,149,689,314,166,71,376,132,1.07,0.4
140,0.0,0.0,543158,0,0,0,0,0,2,0.0,0.0,0,Valentín,0.0,116,False,Loaned to Sevilla,2024-08-23T23:00:06.122778Z,40,543158.jpg,0.0,Barco,3.3,False,,u,5,36,0,34254,0,1869683,7144,0.0,0.0,Barco,,0,0,0,0,0,0,0,0,0,0,0,0,0,0.0,0.0,0.0,0.0,0,0.00,0.00,0.00,0.00,524,192,504,190,466,174,526,192,,,,,,,0.0,0.0,0.0,0.0,0.0,0.0,665,205,456,169,530,190,97,39,0.0,0.0
141,0.0,0.0,519324,0,0,0,0,0,3,0.0,0.0,0,Amario,0.0,118,False,Loaned to Blackburn Rovers,2024-08-31T06:29:40.845798Z,45,519324.jpg,0.0,Cozier-Duberry,0.0,False,,u,5,36,0,1560,0,12868,68,0.0,0.0,Cozier-Duberry,,0,0,0,0,0,0,0,0,0,0,0,0,0,0.0,0.0,0.0,0.0,0,0.00,0.00,0.00,0.00,613,263,610,267,590,258,615,265,,,,,,,0.0,0.0,0.0,0.0,0.0,0.0,441,271,579,236,619,267,555,225,0.0,0.0
142,0.0,0.0,168090,0,0,-1,1,0,3,0.0,0.0,0,Mahmoud,0.0,119,False,Transferred to Eintracht Frankfurt,2024-08-31T06:30:37.645175Z,49,168090.jpg,0.0,Dahoud,0.0,False,,u,5,36,0,380,0,2887,4,0.0,0.0,Dahoud,,0,0,0,0,0,0,0,0,0,0,0,0,0,0.0,0.0,0.0,0.0,0,0.00,0.00,0.00,0.00,654,293,648,294,637,288,654,293,,,,,,,0.0,0.0,0.0,0.0,0.0,0.0,254,163,630,273,655,294,629,277,0.0,0.0
143,100.0,100.0,83299,0,0,-1,1,0,2,0.3,0.8,1,Lewis,0.3,120,False,,2024-10-26T20:00:07.127533Z,44,83299.jpg,2.6,Dunk,4.0,False,,a,5,36,23,646772,4578,722335,5604,0.1,5.2,Dunk,241.0,723,0,0,3,10,0,0,0,2,0,0,0,114,138.4,62.7,22.0,22.3,8,0.35,0.31,0.66,13.44,189,75,214,56,275,84,240,77,,,2.0,,,,0.04,0.0,0.04,0.08,1.67,1.24,481,89,326,100,158,44,83,30,1.0,0.37
144,100.0,100.0,474120,0,0,-1,1,0,3,0.0,0.5,0,Julio,0.0,121,False,,2024-08-12T14:30:04.495991Z,54,474120.jpg,1.0,Enciso,0.1,False,,a,5,36,7,10248,192,12356,332,0.0,1.3,Enciso,168.0,84,0,0,0,1,0,0,0,0,0,0,0,31,23.4,58.9,31.0,11.2,0,0.17,0.16,0.33,0.73,363,169,222,137,248,139,318,156,2.0,,3.0,,,,0.18,0.0,0.17,0.35,0.78,1.07,141,83,671,302,423,208,473,176,0.0,0.0
145,100.0,100.0,204214,0,0,0,0,0,2,2.7,3.2,4,Pervis,2.7,122,False,,2024-08-15T14:30:05.811816Z,50,204214.jpg,1.2,Estupiñán,1.5,False,,a,5,36,12,202967,17898,74804,3910,0.5,2.4,Estupiñan,62.0,702,0,0,0,13,0,0,0,2,0,0,2,73,158.2,245.7,45.0,45.0,7,0.24,1.10,1.34,15.19,164,65,40,7,222,61,114,26,4.0,,4.0,,,,0.03,0.0,0.14,0.17,1.95,1.67,199,22,115,32,354,115,173,67,0.9,0.0
146,100.0,100.0,487117,0,0,0,0,0,4,0.7,1.2,1,Evan,0.7,123,False,,2024-08-15T14:30:05.827079Z,55,487117.jpg,1.8,Ferguson,0.3,False,,a,5,36,14,53637,808,42147,1482,0.1,2.5,Ferguson,104.0,115,1,0,0,3,0,0,0,0,0,0,2,47,47.4,2.6,23.0,7.2,1,0.19,0.00,0.19,2.43,322,32,393,42,274,39,346,36,,,,,,,0.15,0.0,0.0,0.15,1.9,2.35,124,36,297,38,268,32,309,47,0.78,0.0
147,0.0,0.0,243568,0,0,0,0,0,3,0.0,0.0,0,Billy,0.0,124,False,Transferred to Napoli,2024-08-31T06:42:09.507349Z,50,243568.jpg,1.5,Gilmour,0.0,False,,u,5,36,3,2640,0,16214,26,0.0,0.6,Gilmour,,97,0,0,0,1,0,0,0,0,0,0,0,21,11.4,11.9,2.0,2.5,1,0.08,0.04,0.12,1.32,402,193,342,194,388,211,405,200,,,,,,,0.07,0.0,0.04,0.11,1.22,0.93,211,134,650,290,315,145,537,214,0.93,0.0
148,0.0,0.0,60307,0,0,0,0,0,3,0.0,0.0,0,Pascal,0.0,125,False,Permanent transfer to Borussia Dortmund,2024-08-02T13:11:40.837259Z,65,60307.jpg,0.0,Groß,0.0,False,,u,5,36,0,0,0,8101,11,0.0,0.0,Gross,,0,0,0,0,0,0,0,0,0,0,0,0,0,0.0,0.0,0.0,0.0,0,0.00,0.00,0.00,0.00,686,312,686,312,685,312,686,312,,,,,,,0.0,0.0,0.0,0.0,0.0,0.0,43,23,681,309,685,312,577,239,0.0,0.0
149,25.0,25.0,532529,0,0,0,0,1,3,0.1,0.2,0,Jack,0.3,126,False,Knee injury - 25% chance of playing,2024-11-10T01:30:07.476316Z,50,532529.jpg,2.8,Hinshelwood,0.1,False,,d,5,36,28,23385,8,20789,765,0.1,5.6,Hinshelwood,241.0,839,1,0,3,13,0,0,0,2,0,0,3,129,117.0,111.3,76.0,30.6,10,0.74,0.68,1.42,16.85,214,87,141,97,164,102,193,101,6.0,,,,,,0.08,0.0,0.07,0.15,1.81,1.39,230,147,347,176,140,60,460,170,1.07,0.32
150,0.0,0.0,612855,0,0,0,0,0,3,0.0,0.0,0,Ibrahim,0.0,127,False,Loaned to Feyenoord,2024-08-16T11:54:28.483822Z,50,612855.jpg,0.0,Osman,0.0,False,,u,5,36,0,0,0,1121,2,0.0,0.0,I.Osman,,0,0,0,0,0,0,0,0,0,0,0,0,0,0.0,0.0,0.0,0.0,0,0.00,0.00,0.00,0.00,676,307,673,307,667,305,676,307,,,,,,,0.0,0.0,0.0,0.0,0.0,0.0,238,153,662,297,675,307,663,295,0.0,0.0
151,,,223434,0,0,-1,1,0,2,1.7,2.2,2,Igor Julio,1.7,128,False,,,44,223434.jpg,1.6,dos Santos de Paulo,0.1,False,,a,5,36,13,10326,594,10011,347,0.4,3.0,Igor,30.0,654,0,0,1,9,0,0,0,3,0,0,0,89,139.6,29.5,4.0,17.4,6,0.05,0.20,0.25,11.47,187,74,290,86,361,121,275,91,,,,,,,0.01,0.0,0.03,0.04,1.58,1.24,500,105,182,54,290,95,414,149,0.83,0.14
152,100.0,100.0,475168,1,-1,3,-3,2,4,8.3,8.8,2,João Pedro,8.3,129,False,,2024-11-07T23:00:07.502402Z,58,475168.jpg,6.3,Junqueira de Jesus,18.0,False,,a,5,36,44,3449542,116320,3408942,28804,1.4,7.6,João Pedro,30.0,439,4,2,2,3,0,0,0,1,0,0,11,187,214.4,105.4,189.0,50.8,5,1.82,1.25,3.07,5.84,102,14,150,16,63,21,89,18,,,,,1.0,,0.37,0.0,0.26,0.63,1.2,0.62,91,26,7,2,6,3,22,7,1.03,0.41
153,0.0,0.0,484658,0,0,0,0,0,3,0.0,0.0,0,Kacper,0.0,130,False,Permanent transfer to Gaziantep FK,2024-07-22T09:03:00.342050Z,45,484658.jpg,0.0,Kozłowski,0.0,False,,u,5,36,0,0,0,91,1,0.0,0.0,Kozlowski,,0,0,0,0,0,0,0,0,0,0,0,0,0,0.0,0.0,0.0,0.0,0,0.00,0.00,0.00,0.00,597,249,593,253,572,244,599,251,,,,,,,0.0,0.0,0.0,0.0,0.0,0.0,414,248,559,218,603,253,688,312,0.0,0.0
154,100.0,100.0,232792,0,0,-1,1,0,2,1.7,2.2,5,Tariq,1.7,131,False,,2024-11-13T14:00:07.816484Z,44,232792.jpg,4.0,Lamptey,0.2,False,,a,5,36,8,12046,2927,19901,251,0.4,1.8,Lamptey,81.0,81,0,2,0,3,0,0,0,0,0,0,0,24,47.4,25.9,0.0,7.4,1,0.00,0.12,0.12,1.49,321,110,300,93,523,212,343,110,,,,,,,0.0,0.0,0.13,0.13,1.66,3.33,506,108,184,55,48,6,377,134,1.11,0.0
155,25.0,25.0,109345,0,0,0,0,0,3,0.0,0.1,0,Solly,0.0,132,False,Lack of match fitness - 25% chance of playing,2024-07-17T13:30:04.993410Z,65,109345.jpg,0.0,March,0.0,False,,d,5,36,0,770,29,986,35,0.0,0.0,March,241.0,0,0,0,0,0,0,0,0,0,0,0,0,0,0.0,0.0,0.0,0.0,0,0.00,0.00,0.00,0.00,687,313,687,313,686,313,687,313,,,,,,,0.0,0.0,0.0,0.0,0.0,0.0,44,24,682,310,686,313,649,288,0.0,0.0
156,0.0,0.0,550141,0,0,0,0,0,3,0.0,0.0,0,Adrian,0.0,133,False,Has joined Vitesse Arnhem on loan for the rest of the season,2024-08-29T11:08:43.963582Z,45,550141.jpg,0.0,Mazilu,0.0,False,,u,5,36,0,720,0,3804,22,0.0,0.0,Mazilu,,0,0,0,0,0,0,0,0,0,0,0,0,0,0.0,0.0,0.0,0.0,0,0.00,0.00,0.00,0.00,624,273,621,277,601,268,626,275,,,,,,,0.0,0.0,0.0,0.0,0.0,0.0,453,281,591,246,630,277,617,269,0.0,0.0
157,0.0,0.0,15157,0,0,0,0,0,3,0.0,0.0,0,James,0.0,134,False,Hamstring injury - Unknown return date,2024-08-31T21:00:04.655035Z,50,15157.jpg,1.7,Milner,0.0,False,,i,5,36,5,4525,10,9972,53,0.0,1.0,Milner,241.0,169,0,0,1,1,0,0,0,1,0,0,0,24,28.6,66.3,12.0,10.7,3,0.16,0.15,0.31,1.98,353,166,207,126,316,174,322,160,1.0,,,,,,0.09,0.0,0.08,0.17,1.05,0.53,184,115,646,286,280,129,525,206,1.6,0.53
158,100.0,100.0,592031,0,0,-3,3,0,3,0.3,0.8,1,Yankuba,0.3,135,False,,2024-10-19T22:30:05.622192Z,52,592031.jpg,2.8,Minteh,0.5,False,,a,5,36,22,253564,196,341939,1580,0.1,4.2,Minteh,78.0,407,1,2,1,5,0,0,0,2,0,0,0,80,94.4,154.2,109.0,35.7,5,0.83,1.29,2.12,5.09,249,109,96,72,120,76,157,88,5.0,,,,,,0.18,0.0,0.29,0.47,1.13,1.11,174,106,351,178,143,63,265,86,1.11,0.22
159,,,451340,1,-1,0,0,0,3,7.0,7.5,10,Mitoma,7.0,136,False,,,65,451340.jpg,4.4,Kaoru,7.9,False,,a,5,36,57,1566018,119475,1139515,10407,1.1,8.8,Mitoma,108.0,1094,3,3,2,16,0,0,0,0,0,0,6,219,256.6,265.5,381.0,90.4,12,3.56,2.13,5.69,19.83,65,22,34,28,12,6,14,11,,,,,,,0.29,0.0,0.18,0.47,1.63,1.32,46,26,9,5,38,18,51,14,0.99,0.16
160,,,243505,0,0,-1,1,0,3,0.3,0.8,0,Jakub,0.3,137,False,,,44,243505.jpg,1.0,Moder,0.9,False,,a,5,36,2,162428,2441,110036,4456,0.1,0.5,Moder,172.0,4,0,0,0,0,0,0,0,0,0,0,0,8,5.0,11.1,0.0,1.6,0,0.00,0.00,0.00,0.16,425,206,347,197,525,216,427,207,,,,,,,0.0,0.0,0.0,0.0,3.6,0.0,510,302,328,165,379,178,210,65,0.0,0.0
161,0.0,0.0,574402,0,0,0,0,0,4,0.0,0.0,0,Mark,0.0,138,False,Season long to Portsmouth,2024-08-30T10:16:16.061223Z,45,574402.jpg,0.0,O’Mahony,0.3,False,,u,5,36,0,31158,0,66104,453,0.0,0.0,O’Mahony,,0,0,0,0,0,0,0,0,0,0,0,0,0,0.0,0.0,0.0,0.0,0,0.00,0.00,0.00,0.00,631,55,628,55,608,53,633,55,,,,,,,0.0,0.0,0.0,0.0,0.0,0.0,461,72,598,54,636,57,325,52,0.0,0.0
162,0.0,0.0,445548,0,0,0,0,0,2,0.0,0.0,0,Odeluga,0.0,139,False,Loaned to Blackpool,2024-08-31T06:26:46.238644Z,40,445548.jpg,0.0,Offiah,0.1,False,,u,5,36,0,2639,0,12225,89,0.0,0.0,Offiah,,0,0,0,0,0,0,0,0,0,0,0,0,0,0.0,0.0,0.0,0.0,0,0.00,0.00,0.00,0.00,497,174,477,172,438,155,499,174,,,,,,,0.0,0.0,0.0,0.0,0.0,0.0,634,183,426,148,502,171,485,176,0.0,0.0
163,,,491598,0,0,0,0,0,3,0.0,0.5,0,Cameron,0.0,140,False,,,45,491598.jpg,0.0,Peupion,0.1,False,,a,5,36,0,5119,67,6252,144,0.0,0.0,Peupion,13.0,0,0,0,0,0,0,0,0,0,0,0,0,0,0.0,0.0,0.0,0.0,0,0.00,0.00,0.00,0.00,602,252,599,256,579,247,604,254,,,,,,,0.0,0.0,0.0,0.0,0.0,0.0,423,253,565,222,608,256,510,195,0.0,0.0
164,0.0,0.0,441192,0,0,-1,1,0,3,0.0,0.0,0,Jeremy,0.0,141,False,Loaned to Burnley,2024-08-31T06:27:42.007071Z,49,441192.jpg,1.0,Sarmiento Morante,0.0,False,,u,5,36,1,354,0,2839,8,0.0,0.2,Sarmiento,,8,0,0,0,0,0,0,0,0,0,0,0,3,0.2,0.8,0.0,0.1,0,0.00,0.00,0.00,0.00,457,221,418,217,644,292,460,224,,,,,,,0.0,0.0,0.0,0.0,0.0,0.0,274,179,638,280,415,203,633,280,0.0,0.0
165,,,49262,-1,1,-3,3,0,1,0.0,0.5,0,Jason,0.0,142,False,,,42,49262.jpg,4.5,Steele,1.2,False,,a,5,36,9,287498,378,286970,2648,0.0,2.1,Steele,241.0,180,0,0,1,1,0,0,0,0,0,3,1,46,40.4,0.0,0.0,4.1,2,0.00,0.00,0.00,1.88,335,28,518,44,483,35,381,28,,,,,,,0.0,1.5,0.0,0.0,0.94,0.5,570,35,471,56,31,4,194,26,1.0,0.5
166,0.0,0.0,450434,0,0,0,0,0,4,0.0,0.0,0,Deniz,0.0,143,False,Transferred to Stuttgart,2024-08-10T12:18:55.962223Z,55,450434.jpg,0.0,Undav,0.0,False,,u,5,36,0,0,0,1421,1,0.0,0.0,Undav,,0,0,0,0,0,0,0,0,0,0,0,0,0,0.0,0.0,0.0,0.0,0,0.00,0.00,0.00,0.00,683,72,683,72,679,70,683,72,,,,,,,0.0,0.0,0.0,0.0,0.0,0.0,122,35,675,71,682,72,656,75,0.0,0.0
167,100.0,100.0,469142,0,0,0,0,0,2,1.3,1.8,2,Jan Paul,1.3,144,False,,2024-09-29T22:30:06.452903Z,45,469142.jpg,2.4,van Hecke,1.0,False,,a,5,36,26,154259,5848,91513,2094,0.3,5.8,Van Hecke,152.0,909,0,1,2,11,0,0,0,3,0,0,0,144,229.0,80.2,54.0,36.4,10,0.16,0.47,0.63,13.78,83,27,186,46,203,53,153,41,,,,,,,0.02,0.0,0.05,0.07,1.36,1.09,410,80,212,63,188,55,202,79,0.99,0.2
168,75.0,100.0,111478,0,0,1,-1,1,2,1.0,1.8,0,Joël,1.3,145,False,Knock - 75% chance of playing,2024-11-30T01:00:07.662889Z,46,111478.jpg,3.1,Veltman,3.8,False,,d,5,36,34,606201,1074,341874,30921,0.3,7.4,Veltman,152.0,956,0,0,3,12,0,0,0,1,0,0,5,152,156.8,70.3,18.0,24.6,11,0.07,1.07,1.14,14.82,168,66,197,51,295,91,235,73,,,,,,,0.01,0.0,0.1,0.11,1.4,1.13,348,48,214,64,104,26,87,33,1.04,0.28
169,100.0,100.0,489639,0,0,0,0,0,1,2.7,3.2,2,Bart,2.7,146,False,,2024-08-12T14:30:04.523944Z,45,489639.jpg,3.0,Verbruggen,2.9,False,,a,5,36,33,412915,10091,174730,5355,0.6,7.3,Verbruggen,152.0,990,0,0,2,16,0,0,0,2,0,39,2,148,352.6,0.0,0.0,35.3,11,0.00,0.00,0.00,19.38,16,5,594,64,574,59,159,5,,,,,,,0.0,3.55,0.0,0.0,1.76,1.45,416,18,113,13,119,20,104,16,1.0,0.18
170,25.0,25.0,110735,0,0,-2,2,0,2,0.0,0.1,0,Adam,0.0,147,False,Hamstring injury - 25% chance of playing,2024-10-06T22:00:07.268394Z,43,110735.jpg,0.3,Webster,0.1,False,,d,5,36,1,2891,5,9803,101,0.0,0.2,Webster,241.0,78,0,0,0,4,0,0,0,0,0,0,0,7,20.4,1.8,2.0,2.4,2,0.00,0.03,0.03,3.95,375,132,401,139,375,129,406,135,,,,,,,0.0,0.0,0.03,0.03,4.56,4.62,542,123,489,193,464,154,489,178,2.31,0.0
171,100.0,100.0,50175,0,0,5,-5,1,4,2.0,2.5,2,Danny,2.0,148,False,,2024-10-19T17:00:05.582252Z,60,50175.jpg,5.2,Welbeck,20.6,False,,a,5,36,68,3592787,29956,1797073,109823,0.3,11.3,Welbeck,241.0,1091,6,2,5,14,0,0,0,1,0,0,13,242,291.8,173.3,362.0,82.7,13,5.30,0.43,5.73,19.73,39,5,77,3,14,7,25,5,,,1.0,,3.0,,0.44,0.0,0.04,0.48,1.63,1.15,77,22,169,24,15,7,18,6,1.07,0.41
172,100.0,100.0,467779,0,0,-2,2,0,3,0.3,0.8,0,Mats,0.3,149,False,,2024-08-29T09:30:04.701478Z,48,467779.jpg,1.4,Wieffer,0.1,False,,a,5,36,13,11829,34,15921,154,0.1,2.7,Wieffer,152.0,277,0,1,1,8,0,0,0,1,0,0,0,41,72.0,56.3,32.0,15.6,2,0.25,0.12,0.37,7.23,278,127,227,140,244,136,290,144,,,,,,,0.08,0.0,0.04,0.12,2.35,2.6,318,209,341,170,324,154,491,185,0.65,0.32
173,75.0,100.0,513433,0,0,-1,1,0,3,0.2,0.8,0,Brajan,0.3,595,False,Illness - 75% chance of playing,2024-11-30T01:00:08.395710Z,54,513433.jpg,1.0,Gruda,0.0,False,,d,5,36,4,1023,6,3446,86,0.1,0.7,Gruda,80.0,59,0,0,0,2,0,0,0,0,0,0,0,10,13.4,22.4,12.0,4.7,0,0.00,0.03,0.03,1.23,396,188,311,178,318,176,378,187,,,,,,,0.0,0.0,0.05,0.05,1.88,3.05,142,84,355,179,424,209,596,256,0.0,0.0
174,100.0,100.0,509416,0,0,0,0,0,3,1.7,2.2,2,Yasin,1.7,600,False,,2024-11-21T08:30:09.565271Z,50,509416.jpg,1.7,Ayari,0.0,False,,a,5,36,19,3943,202,3104,148,0.3,3.8,Ayari,206.0,654,0,0,3,7,0,0,0,2,0,0,0,97,112.2,181.0,87.0,38.2,7,0.69,0.88,1.57,10.94,222,94,71,56,140,90,143,83,3.0,,,,,,0.09,0.0,0.12,0.21,1.51,0.96,228,145,196,97,282,131,549,221,0.96,0.41
175,0.0,0.0,513834,0,0,0,0,0,3,0.0,0.0,0,Andrew,0.0,601,False,Loaned to Stoke City,2024-08-20T12:19:09.002604Z,50,513834.jpg,0.0,Moran,0.0,False,,u,5,36,0,24,0,504,1,0.0,0.0,Moran,,0,0,0,0,0,0,0,0,0,0,0,0,0,0.0,0.0,0.0,0.0,0,0.00,0.00,0.00,0.00,673,305,669,305,664,303,673,305,,,,,,,0.0,0.0,0.0,0.0,0.0,0.0,229,146,659,295,672,305,669,300,0.0,0.0
176,0.0,0.0,472739,0,0,0,0,0,1,0.0,0.0,0,Carl,0.0,615,False,Loaned to Hull City,2024-08-31T06:28:38.039682Z,40,472739.jpg,0.0,Rushworth,0.1,False,,u,5,36,0,6698,0,6634,53,0.0,0.0,Rushworth,,0,0,0,0,0,0,0,0,0,0,0,0,0,0.0,0.0,0.0,0.0,0,0.00,0.00,0.00,0.00,506,59,486,38,447,29,508,59,,,,,,,0.0,0.0,0.0,0.0,0.0,0.0,644,67,436,51,511,59,508,65,0.0,0.0
177,100.0,100.0,463067,0,0,1,-1,1,3,3.0,3.5,2,Georginio,3.0,618,False,,2024-10-12T11:00:07.563830Z,56,463067.jpg,3.9,Rutter,1.8,False,,a,5,36,47,289568,5844,103536,15012,0.5,8.4,Georginio,73.0,753,2,4,4,12,0,0,0,2,0,0,1,120,138.6,140.6,215.0,48.4,10,2.58,0.96,3.54,15.97,188,71,110,81,51,34,100,59,,,,,,,0.31,0.0,0.11,0.42,1.91,1.43,108,66,98,47,56,25,144,43,1.2,0.48
178,50.0,50.0,231416,0,0,0,0,0,2,0.0,0.2,0,Ferdi,0.0,628,False,Toe Injury - 50% chance of playing,2024-11-10T01:30:09.967684Z,45,231416.jpg,3.2,Kadioglu,0.3,False,,d,5,36,19,73149,190,44801,3034,0.0,4.2,F.Kadıoğlu,219.0,385,1,0,2,8,0,0,0,1,0,0,0,59,116.4,83.7,40.0,24.0,5,0.44,0.31,0.75,9.44,216,82,179,43,234,66,236,74,,,,,,,0.1,0.0,0.07,0.17,2.21,1.87,383,71,538,218,88,20,301,113,1.17,0.47
179,100.0,100.0,219249,0,0,0,0,0,3,3.3,3.8,1,Matt,3.3,629,False,,2024-08-28T16:30:04.729425Z,55,219249.jpg,3.3,O'Riley,0.1,False,,a,5,36,10,13327,648,3698,1078,0.6,1.8,O'Riley,58.0,118,1,0,0,2,0,0,0,1,0,0,2,39,40.4,6.5,42.0,8.9,1,0.59,0.42,1.01,2.12,336,159,372,202,229,129,334,168,,,,,,,0.45,0.0,0.32,0.77,1.62,1.53,117,72,76,41,82,36,449,164,0.76,0.0
180,,,447720,0,0,0,0,0,2,0.0,0.5,0,Imari,0.0,663,False,,,40,447720.jpg,0.0,Samuels,0.0,False,,a,5,36,0,3792,130,2124,127,0.0,0.0,Samuels,241.0,0,0,0,0,0,0,0,0,0,0,0,0,0,0.0,0.0,0.0,0.0,0,0.00,0.00,0.00,0.00,498,175,478,173,439,156,500,175,,,,,,,0.0,0.0,0.0,0.0,0.0,0.0,635,184,427,149,503,172,548,192,0.0,0.0
181,,,565858,0,0,-1,1,0,1,0.0,0.5,0,Killian,0.0,668,False,,,39,565858.jpg,0.0,Cahill,0.9,False,,a,5,36,0,92885,20095,9812,2051,0.0,0.0,Cahill,104.0,0,0,0,0,0,0,0,0,0,0,0,0,0,0.0,0.0,0.0,0.0,0,0.00,0.00,0.00,0.00,462,34,440,11,399,2,464,34,,,,,,,0.0,0.0,0.0,0.0,0.0,0.0,689,72,386,25,468,34,214,29,0.0,0.0
182,,,539721,0,0,0,0,0,2,0.0,0.5,0,Ruairi,0.0,681,False,,,40,539721.jpg,0.0,McConville,0.0,False,,a,5,36,0,204,82,38,24,0.0,0.0,McConville,242.0,0,0,0,0,0,0,0,0,0,0,0,0,0,0.0,0.0,0.0,0.0,0,0.00,0.00,0.00,0.00,523,191,503,189,465,173,525,191,,,,,,,0.0,0.0,0.0,0.0,0.0,0.0,664,204,455,168,529,189,664,224,0.0,0.0
183,,,589100,0,0,0,0,0,2,1.2,1.7,0,Jacob,0.0,685,False,,,40,589100.jpg,0.0,Slater,0.0,False,,a,5,36,0,82,82,5,5,0.0,0.0,Slater,,0,0,0,0,0,0,0,0,0,0,0,0,0,0.0,0.0,0.0,0.0,0,0.00,0.00,0.00,0.00,531,199,511,197,475,183,533,199,,,,,,,0.0,0.0,0.0,0.0,0.0,0.0,674,214,465,178,538,198,679,227,0.0,0.0
184,0.0,0.0,532605,0,0,0,0,0,3,0.0,0.0,0,Andrey,0.0,150,False,Has joined Strasbourg on a season-long loan,2024-08-05T10:16:34.176364Z,45,532605.jpg,0.0,Nascimento dos Santos,0.0,False,,u,6,8,0,0,0,579,2,0.0,0.0,Andrey Santos,,0,0,0,0,0,0,0,0,0,0,0,0,0,0.0,0.0,0.0,0.0,0,0.00,0.00,0.00,0.00,619,268,616,272,596,263,621,270,,,,,,,0.0,0.0,0.0,0.0,0.0,0.0,448,276,586,241,625,272,666,297,0.0,0.0
185,0.0,0.0,518620,0,0,0,0,0,3,0.0,0.0,0,Ângelo Gabriel,0.0,151,False,Transferred to Al-Nassr,2024-09-05T10:38:18.297070Z,45,518620.jpg,0.0,Borges Damaceno,0.1,False,,u,6,8,0,5940,0,26932,306,0.0,0.0,Ângelo,,0,0,0,0,0,0,0,0,0,0,0,0,0,0.0,0.0,0.0,0.0,0,0.00,0.00,0.00,0.00,612,262,609,266,589,257,614,264,,,,,,,0.0,0.0,0.0,0.0,0.0,0.0,440,270,578,235,618,266,411,145,0.0,0.0
186,,,242880,0,0,-2,2,0,2,1.8,1.3,1,Benoît,0.8,153,False,,,43,242880.jpg,1.3,Badiashile,0.1,False,,a,6,8,4,7554,781,12629,259,0.2,0.9,B.Badiashile,73.0,157,0,0,0,1,0,0,0,0,0,0,0,25,33.6,7.1,0.0,4.1,1,0.00,0.05,0.05,1.73,346,123,368,122,507,201,382,127,,,,,,,0.0,0.0,0.03,0.03,0.99,0.57,559,138,260,71,331,107,426,153,0.57,0.0
187,,,482158,0,0,0,0,0,1,1.0,0.5,0,Lucas,0.0,154,False,,,40,482158.jpg,0.0,Bergström,0.2,False,,a,6,8,0,12695,97,14238,416,0.0,0.0,Bergström,72.0,0,0,0,0,0,0,0,0,0,0,0,0,0,0.0,0.0,0.0,0.0,0,0.00,0.00,0.00,0.00,507,60,487,39,448,30,509,60,,,,,,,0.0,0.0,0.0,0.0,0.0,0.0,646,68,437,52,512,60,338,49,0.0,0.0
188,,,122074,0,0,0,0,0,1,1.0,0.5,0,Marcus,0.0,155,False,,,40,122074.jpg,0.0,Bettinelli,0.3,False,,a,6,8,0,8712,77,14125,459,0.0,0.0,Bettinelli,241.0,0,0,0,0,0,0,0,0,0,0,0,0,0,0.0,0.0,0.0,0.0,0,0.00,0.00,0.00,0.00,471,41,449,18,410,9,473,41,,,,,,,0.0,0.0,0.0,0.0,0.0,0.0,599,47,398,32,478,41,302,45,0.0,0.0
189,,,486672,0,0,-1,1,0,3,5.0,4.5,3,Moisés,4.0,157,False,,,49,486672.jpg,3.1,Caicedo Corozo,1.5,False,,a,6,8,40,197390,5213,124843,9375,0.8,8.2,Caicedo,62.0,1145,1,2,4,13,0,0,0,3,0,0,2,235,278.8,209.6,39.0,52.8,13,0.34,1.29,1.63,15.85,48,14,58,47,235,133,79,50,,,,,,,0.03,0.0,0.1,0.13,1.25,1.02,281,184,52,25,108,48,169,50,1.02,0.31
190,,,505187,0,0,-1,1,0,3,1.0,0.5,0,Cesare,0.0,158,False,,,44,505187.jpg,0.0,Casadei,0.1,False,,a,6,8,0,17760,653,19276,670,0.0,0.0,Casadei,106.0,0,0,0,0,0,0,0,0,0,0,0,0,0,0.0,0.0,0.0,0.0,0,0.00,0.00,0.00,0.00,561,225,555,229,530,219,563,227,,,,,,,0.0,0.0,0.0,0.0,0.0,0.0,523,307,520,194,568,230,409,143,0.0,0.0
191,,,172850,0,0,-3,3,0,2,1.0,0.5,0,Ben,0.0,160,False,,,47,172850.jpg,0.0,Chilwell,0.5,False,,a,6,8,0,26629,995,76701,1139,0.0,0.0,Chilwell,241.0,0,0,0,0,0,0,0,0,0,0,0,0,0,0.0,0.0,0.0,0.0,0,0.00,0.00,0.00,0.00,644,228,640,228,623,225,645,228,,,,,,,0.0,0.0,0.0,0.0,0.0,0.0,332,42,615,225,648,227,255,94,0.0,0.0
192,100.0,100.0,478912,0,0,-2,2,0,3,1.0,0.5,0,Carney,0.0,161,False,,2024-10-04T12:30:06.437566Z,48,478912.jpg,0.0,Chukwuemeka,0.0,False,,a,6,8,0,3832,39,6779,76,0.0,0.0,Chukwuemeka,241.0,0,0,0,0,0,0,0,0,0,0,0,0,0,0.0,0.0,0.0,0.0,0,0.00,0.00,0.00,0.00,651,292,646,293,632,287,651,292,,,,,,,0.0,0.0,0.0,0.0,0.0,0.0,320,211,625,270,653,293,517,200,0.0,0.0
193,100.0,100.0,460028,0,0,0,0,0,2,3.8,3.3,6,Levi,2.8,162,False,,2024-11-12T14:30:07.619476Z,45,460028.jpg,2.5,Colwill,3.6,False,,a,6,8,32,573538,45297,299714,4433,0.6,7.1,Colwill,241.0,1170,0,0,3,14,0,0,0,3,0,0,1,154,236.6,54.5,46.0,33.8,13,0.19,0.82,1.01,16.55,77,25,231,61,218,58,171,46,,,,,,,0.01,0.0,0.06,0.07,1.27,1.08,401,79,104,28,176,51,92,36,1.0,0.23
194,100.0,100.0,179268,0,0,0,0,1,2,4.8,4.3,11,Marc,3.8,163,False,,2024-10-06T22:00:07.319833Z,50,179268.jpg,2.6,Cucurella Saseta,5.1,False,,a,6,8,31,454088,74214,615629,4712,0.8,6.2,Cucurella,200.0,917,0,1,3,10,0,0,0,6,0,0,2,153,152.6,74.6,28.0,25.5,10,0.04,0.96,1.00,11.80,173,68,189,48,261,80,227,70,,,,,,,0.0,0.0,0.09,0.09,1.16,0.98,194,21,58,13,162,46,72,26,0.98,0.29
195,0.0,0.0,520295,0,0,-1,1,0,4,0.0,0.0,0,David Datro,0.0,164,False,Transferred to AEK Athens,2024-09-11T14:26:52.770225Z,54,520295.jpg,0.0,Fofana,0.1,False,,u,6,8,0,4727,0,14703,48,0.0,0.0,D.D.Fofana,54.0,0,0,0,0,0,0,0,0,0,0,0,0,0,0.0,0.0,0.0,0.0,0,0.00,0.00,0.00,0.00,682,71,681,71,676,69,682,71,,,,,,,0.0,0.0,0.0,0.0,0.0,0.0,143,42,672,70,681,71,487,64,0.0,0.0
196,,,617054,-1,1,-1,1,0,4,1.0,0.5,0,Deivid Washington,0.0,165,False,,,49,617054.jpg,0.0,de Souza Eugênio,0.1,False,,a,6,8,0,12677,225,15633,316,0.0,0.0,Deivid,30.0,0,0,0,0,0,0,0,0,0,0,0,0,0,0.0,0.0,0.0,0.0,0,0.00,0.00,0.00,0.00,661,64,655,63,648,62,661,64,,,,,,,0.0,0.0,0.0,0.0,0.0,0.0,287,58,644,63,661,65,408,60,0.0,0.0
197,,,215413,0,0,-4,4,0,3,1.2,0.7,0,Kiernan,0.2,166,False,,,56,215413.jpg,1.0,Dewsbury-Hall,0.1,False,,a,6,8,4,5728,79,23500,223,0.0,0.7,Dewsbury-Hall,241.0,45,0,0,0,2,0,0,0,0,0,0,0,12,7.4,12.4,0.0,2.0,0,0.00,0.03,0.03,1.13,419,203,339,193,680,309,419,204,,,,,,,0.0,0.0,0.06,0.06,2.26,4.0,103,64,379,187,426,211,424,153,0.0,0.0
198,,,220362,-1,1,-3,3,0,2,1.0,0.5,0,Axel,0.0,167,False,,,42,220362.jpg,3.5,Disasi,0.3,False,,a,6,8,7,24186,459,45979,860,0.0,1.7,Disasi,73.0,94,0,0,1,0,0,0,0,0,0,0,0,29,13.0,1.5,0.0,1.5,1,0.00,0.00,0.00,1.90,397,141,406,142,490,194,430,146,,,,,,,0.0,0.0,0.0,0.0,1.82,0.0,580,154,479,189,73,15,323,120,0.96,0.96
199,,,448047,0,0,-2,2,1,3,7.5,7.0,9,Enzo,6.5,168,False,,,48,448047.jpg,3.3,Fernández,1.9,False,,a,6,8,40,219180,50191,199334,3374,1.4,8.3,Enzo,10.0,787,2,2,2,9,0,0,0,1,0,0,3,191,225.8,258.4,124.0,60.9,8,1.42,1.12,2.54,8.35,88,33,36,30,102,64,61,39,3.0,,,,4.0,,0.16,0.0,0.13,0.29,0.95,1.03,316,208,14,8,80,34,142,42,0.91,0.23
200,0.0,0.0,232787,0,0,-1,1,0,3,0.0,0.0,0,Conor,0.0,169,False,Transferred to Atletico Madrid,2024-08-22T11:20:34.236891Z,59,232787.jpg,0.0,Gallagher,0.1,False,,u,6,8,0,1567,0,71645,57,0.0,0.0,Gallagher,,0,0,0,0,0,0,0,0,0,0,0,0,0,0.0,0.0,0.0,0.0,0,0.00,0.00,0.00,0.00,684,311,684,311,681,310,684,311,,,,,,,0.0,0.0,0.0,0.0,0.0,0.0,84,53,677,306,683,311,404,141,0.0,0.0
201,0.0,0.0,514280,0,0,0,0,0,2,0.0,0.0,0,Alfie,0.0,170,False,Has joined Sheffield United on a season-long,2024-08-09T11:15:16.064928Z,40,514280.jpg,0.0,Gilchrist,0.0,False,,u,6,8,0,0,0,6581,63,0.0,0.0,Gilchrist,,0,0,0,0,0,0,0,0,0,0,0,0,0,0.0,0.0,0.0,0.0,0,0.00,0.00,0.00,0.00,515,184,495,182,457,166,517,184,,,,,,,0.0,0.0,0.0,0.0,0.0,0.0,655,196,446,160,521,182,544,190,0.0,0.0
202,100.0,100.0,482609,0,0,-1,1,0,2,1.8,1.3,1,Malo,0.8,171,False,,2024-11-13T09:30:07.704412Z,49,482609.jpg,1.2,Gusto,1.6,False,,a,6,8,12,183384,5821,344570,5472,0.2,2.4,Gusto,73.0,730,0,0,0,12,0,0,0,2,0,0,0,58,105.8,110.5,74.0,29.1,9,0.92,0.39,1.31,10.73,230,87,143,32,168,35,203,60,,,,,,,0.11,0.0,0.05,0.16,1.32,1.48,280,31,266,75,353,114,161,62,1.11,0.0
203,0.0,0.0,225796,0,0,-1,1,0,2,0.0,0.0,0,Reece,0.8,172,False,Hamstring injury - Unknown return date,2024-11-21T14:00:08.020459Z,49,225796.jpg,1.2,James,0.3,False,,i,6,8,5,75774,29,66936,5507,0.2,1.0,James,241.0,240,0,0,0,4,0,0,0,0,0,0,0,32,38.2,23.2,0.0,6.2,3,0.00,0.22,0.22,5.78,340,119,308,97,641,228,356,116,2.0,,2.0,,,,0.0,0.0,0.08,0.08,2.17,1.5,265,28,264,73,351,113,324,121,1.12,0.0
204,0.0,0.0,549068,0,0,-1,1,0,3,0.0,0.0,0,Omari,0.0,173,False,Hamstring injury - Unknown return date,2024-09-08T23:00:06.668188Z,44,549068.jpg,0.0,Kellyman,0.0,False,,i,6,8,0,2837,25,5063,72,0.0,0.0,Kellyman,241.0,0,0,0,0,0,0,0,0,0,0,0,0,0,0.0,0.0,0.0,0.0,0,0.00,0.00,0.00,0.00,563,227,557,231,532,221,565,229,,,,,,,0.0,0.0,0.0,0.0,0.0,0.0,527,310,522,196,570,232,570,234,0.0,0.0
205,100.0,100.0,514356,0,0,0,0,0,3,2.8,2.3,3,Roméo,1.8,174,False,,2024-11-10T23:00:07.545590Z,45,514356.jpg,1.9,Lavia,0.9,False,,a,6,8,15,163242,6880,183415,4496,0.4,3.3,Lavia,21.0,430,0,1,1,7,0,0,0,2,0,0,0,72,76.4,80.8,5.0,16.3,6,0.18,0.28,0.46,8.52,272,123,184,115,355,194,283,140,,,,,,,0.04,0.0,0.06,0.1,1.78,1.47,437,267,176,85,244,109,213,67,1.26,0.21
206,0.0,0.0,66749,0,0,-2,2,0,4,0.0,0.0,0,Romelu,0.0,175,False,Permanent transfer to Napoli,2024-08-30T10:21:53.872158Z,63,66749.jpg,0.0,Lukaku Bolingoli,0.2,False,,u,6,8,0,8049,0,60382,73,0.0,0.0,Lukaku,,0,0,0,0,0,0,0,0,0,0,0,0,0,0.0,0.0,0.0,0.0,0,0.00,0.00,0.00,0.00,685,73,685,73,683,72,685,73,,,,,,,0.0,0.0,0.0,0.0,0.0,0.0,51,20,679,72,684,73,366,57,0.0,0.0
207,0.0,0.0,204727,0,0,0,0,0,2,0.0,0.0,0,Malang,0.0,176,False,Permanent move to RC Lens,2024-07-29T09:46:25.583703Z,45,204727.jpg,0.0,Sarr,0.0,False,,u,6,8,0,0,0,437,1,0.0,0.0,M.Sarr,,0,0,0,0,0,0,0,0,0,0,0,0,0,0.0,0.0,0.0,0.0,0,0.00,0.00,0.00,0.00,574,222,570,222,548,217,576,222,,,,,,,0.0,0.0,0.0,0.0,0.0,0.0,372,62,533,215,580,221,670,225,0.0,0.0
208,,,248857,-1,1,-2,2,1,3,3.2,2.7,3,Noni,2.2,177,False,,,63,248857.jpg,4.6,Madueke,6.6,False,,a,6,8,55,2072185,13512,1581833,40591,0.3,8.7,Madueke,241.0,857,4,2,3,11,0,0,0,3,0,0,6,193,229.2,186.6,429.0,84.6,11,3.33,1.02,4.35,12.83,82,29,69,54,8,5,21,18,,,,,3.0,,0.35,0.0,0.11,0.46,1.35,1.16,58,36,143,67,29,13,62,17,1.16,0.32
209,,,499309,0,0,-2,2,0,4,1.0,0.5,0,Marc,0.0,178,False,,,48,499309.jpg,1.0,Guiu Paz,0.5,False,,a,6,8,1,71837,785,106468,1675,0.0,0.2,Marc Guiu,200.0,24,0,0,0,1,0,0,0,0,0,0,0,2,0.0,0.3,0.0,0.0,0,0.00,0.00,0.00,0.11,652,60,425,47,633,58,652,60,,,,,,,0.0,0.0,0.0,0.0,0.41,3.75,323,62,626,59,409,41,250,42,0.0,0.0
210,,,465920,0,0,-3,3,0,3,1.5,1.0,0,Mykhailo,0.5,179,False,,,62,465920.jpg,1.0,Mudryk,0.2,False,,a,6,8,7,17127,342,36572,582,0.1,1.1,Mudryk,225.0,145,0,0,0,2,0,0,0,0,0,0,0,26,23.2,31.5,31.0,8.5,1,0.24,0.66,0.90,3.28,364,170,283,169,249,140,336,170,,,,,,,0.15,0.0,0.41,0.56,2.04,1.24,70,47,315,162,429,213,340,116,0.62,0.0
211,,,517052,1,-1,6,-6,2,4,6.2,5.7,6,Nicolas,5.2,180,True,,,81,517052.jpg,6.0,Jackson,24.6,False,,a,6,8,78,3640237,445470,1374545,13755,0.6,9.6,N.Jackson,189.0,1025,8,4,4,12,0,0,0,4,0,0,12,329,383.6,180.8,492.0,105.7,13,6.75,0.54,7.29,14.41,13,3,73,2,4,2,7,3,,,,,,,0.59,0.0,0.05,0.64,1.27,1.05,12,4,28,7,9,5,11,2,1.14,0.35
212,,,213198,-1,1,-7,7,0,3,1.8,1.3,1,Christopher,0.8,181,False,,,58,213198.jpg,1.4,Nkunku,2.3,False,,a,6,8,17,237717,1499,1546377,4857,0.1,2.9,Nkunku,73.0,181,1,0,0,2,0,0,0,1,0,0,1,57,64.2,62.8,114.0,23.8,1,2.10,0.20,2.30,3.64,296,137,213,130,112,70,237,119,,,,,2.0,,1.04,0.0,0.1,1.14,1.81,0.99,88,56,271,141,329,159,128,37,0.5,0.0
213,100.0,100.0,244851,1,-1,5,-5,4,3,6.2,5.7,14,Cole,5.2,182,True,,2024-11-12T14:30:07.656076Z,110,244851.jpg,7.7,Palmer,56.7,False,,a,6,8,100,4492389,200789,2380215,30454,0.5,9.1,Palmer,241.0,1130,8,6,3,14,0,0,0,3,0,0,16,419,497.4,455.4,344.0,129.8,13,6.10,2.76,8.86,15.99,2,2,5,5,19,8,4,3,1.0,,1.0,,1.0,,0.49,0.0,0.22,0.71,1.27,1.12,3,2,29,16,3,3,2,2,1.04,0.24
214,0.0,0.0,457569,0,0,-1,1,0,1,0.0,0.0,0,Đorđe,0.0,183,False,Loaned to Strasbourg,2024-08-31T06:26:07.653045Z,44,457569.jpg,0.0,Petrović,0.2,False,,u,6,8,0,2753,0,60626,298,0.0,0.0,Petrović,,0,0,0,0,0,0,0,0,0,0,0,0,0,0.0,0.0,0.0,0.0,0,0.00,0.00,0.00,0.00,559,71,553,61,528,53,561,71,,,,,,,0.0,0.0,0.0,0.0,0.0,0.0,517,24,516,70,566,71,372,53,0.0,0.0
215,,,551230,0,0,0,0,0,3,1.0,0.5,0,Renato,0.0,184,False,,,45,551230.jpg,1.0,Palma Veiga,0.2,False,,a,6,8,5,38346,178,32861,915,0.0,1.1,Renato Veiga,173.0,164,0,0,1,1,0,0,0,2,0,0,0,17,30.4,8.4,19.0,5.8,1,0.16,0.15,0.31,2.29,349,162,361,199,292,164,364,182,,,,,,,0.09,0.0,0.08,0.17,1.26,0.55,455,282,593,247,393,186,370,128,0.55,0.55
216,,,215059,0,0,2,-2,2,1,4.2,3.7,7,Robert,3.2,185,False,,,47,215059.jpg,4.0,Sánchez,12.3,False,,a,6,8,52,1568932,73287,617827,10369,0.7,11.1,Sánchez,200.0,1170,0,0,3,14,0,1,0,3,0,45,5,199,355.0,0.0,0.0,35.4,13,0.00,0.01,0.01,16.81,15,4,641,66,624,62,158,4,,,,,,,0.0,3.46,0.0,0.0,1.29,1.08,334,12,85,9,50,6,30,4,1.0,0.23
217,,,109646,0,0,-3,3,0,2,1.0,0.5,0,Tosin,0.0,187,False,,,42,109646.jpg,1.8,Adarabioyo,0.2,False,,a,6,8,7,15425,288,27902,499,0.0,1.7,Tosin,241.0,171,0,0,1,2,0,0,0,1,0,0,0,42,38.6,11.7,0.0,5.1,2,0.00,0.00,0.00,3.16,339,118,344,111,487,191,372,122,,,,,,,0.0,0.0,0.0,0.0,1.66,1.05,575,149,476,186,257,79,401,145,1.05,0.53
218,0.0,100.0,444463,0,0,0,0,0,2,0.0,2.3,1,Wesley,1.8,189,False,Hamstring injury - Expected back 04 Jan,2024-12-02T00:00:08.059563Z,45,444463.jpg,1.6,Fofana,0.5,False,,i,6,8,19,83177,2148,80403,3909,0.4,4.2,W.Fofana,73.0,1015,0,0,1,12,0,0,0,6,0,0,2,133,187.2,70.0,29.0,28.7,12,0.40,0.15,0.55,13.99,130,52,199,52,255,75,206,61,,,,,,,0.04,0.0,0.01,0.05,1.24,1.06,395,77,175,51,293,98,260,95,1.06,0.09
219,100.0,100.0,209243,0,0,-3,3,0,3,2.0,1.5,3,Jadon,1.0,386,False,,2024-11-07T09:00:07.812014Z,62,209243.jpg,3.3,Sancho,0.9,False,,a,6,8,23,332227,2084,309207,3797,0.2,3.7,Sancho,241.0,380,0,4,1,5,0,0,0,1,0,0,1,89,76.8,123.0,52.0,24.9,5,0.12,0.94,1.06,5.07,271,122,126,92,208,120,232,117,,,,,,,0.03,0.0,0.22,0.25,1.2,1.18,64,42,255,134,83,37,216,69,1.18,0.24
220,100.0,75.0,247632,0,0,-3,3,0,3,4.5,3.0,3,Pedro,3.5,560,False,,2024-11-29T17:00:08.236863Z,62,247632.jpg,2.3,Lomba Neto,1.4,False,,a,6,8,28,213336,4112,197145,15136,0.6,4.5,Neto,173.0,645,1,2,1,6,0,0,0,4,0,0,4,123,146.0,219.6,106.0,47.2,6,0.46,1.35,1.81,9.34,178,67,49,39,124,79,104,62,4.0,,,,,,0.06,0.0,0.19,0.25,1.3,0.84,67,44,68,35,204,89,181,54,0.84,0.14
221,0.0,0.0,488464,0,0,0,0,0,2,0.0,0.0,0,Caleb,0.0,575,False,Loaned to Strasbourg,2024-08-13T07:07:06.645739Z,40,488464.jpg,0.0,Wiley,0.0,False,,u,6,8,0,0,0,3411,39,0.0,0.0,Wiley,,0,0,0,0,0,0,0,0,0,0,0,0,0,0.0,0.0,0.0,0.0,0,0.00,0.00,0.00,0.00,508,179,488,177,449,160,510,179,,,,,,,0.0,0.0,0.0,0.0,0.0,0.0,647,190,438,154,513,176,598,201,0.0,0.0
222,100.0,100.0,508479,0,0,-3,3,0,1,1.0,0.5,0,Filip,0.0,581,False,,2024-11-21T08:30:09.544798Z,42,508479.jpg,0.0,Jørgensen,0.2,False,,a,6,8,0,7678,210,26280,358,0.0,0.0,Jørgensen,58.0,0,0,0,0,0,0,0,0,0,0,0,0,0,0.0,0.0,0.0,0.0,0,0.00,0.00,0.00,0.00,540,66,524,48,492,39,542,66,,,,,,,0.0,0.0,0.0,0.0,0.0,0.0,582,39,481,60,547,66,375,54,0.0,0.0
223,,,428399,0,0,-4,4,0,3,1.8,1.3,0,João,0.8,621,False,,,61,428399.jpg,1.7,Félix Sequeira,0.5,False,,a,6,8,12,151930,768,143481,1899,0.1,2.0,João Félix,173.0,202,1,0,1,0,0,0,0,2,0,0,0,44,54.0,39.8,89.0,18.1,1,1.16,0.14,1.30,1.87,311,149,264,159,139,89,270,134,,,,,,,0.52,0.0,0.06,0.58,0.83,0.0,76,50,273,142,283,132,258,83,0.45,0.45
224,100.0,100.0,205533,0,0,-1,1,0,4,0.8,0.8,1,Eddie,0.8,11,False,,2024-11-08T15:00:07.256448Z,59,205533.jpg,1.6,Nketiah,0.5,False,,a,7,31,13,155745,887,162954,1013,0.1,2.2,Nketiah,241.0,501,0,0,1,8,0,0,0,1,0,0,0,62,48.4,84.5,162.0,29.3,6,1.02,0.39,1.41,7.90,318,31,178,23,83,28,200,28,,,,,,,0.18,0.0,0.07,0.25,1.42,1.44,83,24,272,35,303,33,267,43,1.08,0.18
225,100.0,100.0,180736,0,0,-1,1,1,2,2.5,2.5,2,Trevoh,2.5,159,False,,2024-09-13T15:30:06.602568Z,44,180736.jpg,3.1,Chalobah,0.6,False,,a,7,31,22,66733,1207,32889,1931,0.6,5.0,Chalobah,241.0,620,1,0,1,9,0,0,0,1,0,0,2,100,170.8,53.5,66.0,29.1,7,0.37,0.31,0.68,10.16,152,61,233,63,183,40,202,59,,,,,,,0.05,0.0,0.04,0.09,1.47,1.31,489,96,123,34,100,23,247,91,1.02,0.15
226,0.0,0.0,466117,0,0,0,0,0,3,0.0,0.0,0,Naouirou,0.0,190,False,Loaned to Rennes,2024-08-31T06:25:25.419519Z,45,466117.jpg,0.0,Ahamada,0.1,False,,u,7,31,0,6178,0,31931,202,0.0,0.0,Ahamada,,0,0,0,0,0,0,0,0,0,0,0,0,0,0.0,0.0,0.0,0.0,0,0.00,0.00,0.00,0.00,594,247,590,251,568,242,596,249,,,,,,,0.0,0.0,0.0,0.0,0.0,0.0,408,246,555,216,600,251,436,159,0.0,0.0
227,100.0,100.0,438464,0,0,-1,1,0,3,1.0,1.0,0,Cheick,1.0,193,False,,2024-09-14T18:00:06.266238Z,49,438464.jpg,1.7,Doucouré,0.1,False,,a,7,31,10,11454,42,16906,142,0.2,2.0,C.Doucouré,132.0,192,0,1,0,3,0,0,0,0,0,0,0,34,22.8,7.6,7.0,3.7,2,0.06,0.01,0.07,4.89,367,173,365,200,343,188,386,190,,,,,,,0.03,0.0,0.0,0.03,2.29,1.41,273,178,241,123,279,128,503,193,0.94,0.0
228,100.0,100.0,427623,0,0,-1,1,0,2,0.2,0.2,0,Chris,0.2,194,False,,2024-09-27T15:30:06.509919Z,44,427623.jpg,2.0,Richards,0.1,False,,a,7,31,10,5820,58,16761,77,0.0,2.3,C.Richards,229.0,344,0,0,1,5,0,0,0,1,0,0,0,38,57.4,3.9,6.0,6.8,4,0.12,0.01,0.13,6.69,306,107,385,132,347,117,349,114,,,,,,,0.03,0.0,0.0,0.03,1.75,1.31,514,114,367,120,228,70,443,160,1.05,0.26
229,0.0,0.0,515621,0,0,-2,2,0,2,0.0,0.0,0,Chadi,0.0,195,False,Knee injury - Expected back 15 Dec,2024-08-28T16:30:04.488064Z,43,515621.jpg,1.0,Riad Dnanou,0.0,False,,i,7,31,1,1879,11,12786,87,0.0,0.2,Chadi Riad,145.0,90,0,0,0,2,0,0,0,0,0,0,0,3,18.2,1.3,0.0,2.0,1,0.00,0.02,0.02,1.39,380,134,409,144,512,204,415,139,,,,,,,0.0,0.0,0.02,0.02,1.39,2.0,567,144,500,201,375,131,511,185,1.0,0.0
230,,,57328,0,0,-1,1,0,2,1.0,1.0,0,Nathaniel,1.0,196,False,,,44,57328.jpg,2.2,Clyne,0.1,False,,a,7,31,13,5740,52,9801,174,0.2,3.0,Clyne,241.0,294,0,0,1,4,0,0,0,0,0,0,0,44,41.8,6.7,3.0,5.1,3,0.01,0.02,0.03,5.99,332,115,370,123,367,124,373,123,,,,,,,0.0,0.0,0.01,0.01,1.83,1.22,478,86,229,67,207,64,439,159,0.92,0.31
231,0.0,0.0,450535,0,0,0,0,0,3,0.0,0.0,0,Malcolm,0.0,197,False,Season long loan to Oxford United,2024-08-06T17:23:26.723638Z,45,450535.jpg,0.0,Ebiowei,0.0,False,,u,7,31,0,0,0,445,4,0.0,0.0,Ebiowei,,0,0,0,0,0,0,0,0,0,0,0,0,0,0.0,0.0,0.0,0.0,0,0.00,0.00,0.00,0.00,585,240,581,244,559,235,587,242,,,,,,,0.0,0.0,0.0,0.0,0.0,0.0,396,238,546,209,591,244,671,301,0.0,0.0
232,100.0,100.0,232413,0,0,-4,4,1,3,0.5,0.5,2,Eberechi,0.5,199,False,,2024-10-31T02:30:07.120686Z,66,232413.jpg,3.3,Eze,7.7,False,,a,7,31,33,944203,8416,3425976,9847,0.1,5.0,Eze,241.0,874,1,1,2,12,0,0,0,0,0,0,3,157,172.0,297.2,272.0,74.0,10,2.92,1.47,4.39,12.85,150,55,26,22,34,19,35,24,1.0,,1.0,,2.0,,0.3,0.0,0.15,0.45,1.32,1.24,40,21,317,164,85,39,53,15,1.03,0.21
233,,,209036,0,0,0,0,1,2,3.0,3.0,3,Marc,3.0,200,False,,,45,209036.jpg,3.2,Guéhi,7.5,False,,a,7,31,41,496730,21185,436595,12766,0.7,9.1,Guéhi,241.0,1170,2,1,2,18,1,0,0,2,0,0,3,185,391.6,92.3,119.0,60.3,13,1.16,0.36,1.52,19.32,10,2,169,40,105,11,62,8,,,,,,,0.09,0.0,0.03,0.12,1.49,1.38,375,65,93,23,86,18,56,19,1.0,0.15
234,,,172649,0,0,-1,1,1,1,3.2,3.2,2,Dean,3.2,201,False,,,44,172649.jpg,3.5,Henderson,10.2,False,,a,7,31,45,575981,16275,1180948,11810,0.7,10.2,Henderson,241.0,1170,0,0,2,18,0,1,0,1,0,42,3,150,347.4,0.0,4.0,35.1,13,0.01,0.00,0.01,19.32,18,7,542,57,360,1,161,6,,,,,,,0.0,3.23,0.0,0.0,1.49,1.38,488,20,82,8,74,11,41,8,1.0,0.15
235,,,156074,0,0,-2,2,0,2,0.0,0.0,0,Rob,0.0,202,False,,,43,156074.jpg,0.0,Holding,0.1,False,,a,7,31,0,2247,72,6849,107,0.0,0.0,Holding,241.0,0,0,0,0,0,0,0,0,0,0,0,0,0,0.0,0.0,0.0,0.0,0,0.00,0.00,0.00,0.00,544,207,532,206,503,197,546,207,,,,,,,0.0,0.0,0.0,0.0,0.0,0.0,547,126,492,195,551,206,465,167,0.0,0.0
236,100.0,100.0,108413,0,0,-1,1,0,3,1.2,1.2,2,Will,1.2,203,False,,2024-11-02T21:30:06.165599Z,49,108413.jpg,1.2,Hughes,0.0,False,,a,7,31,13,2881,50,4955,108,0.2,2.7,Hughes,241.0,618,0,0,1,10,0,0,0,5,0,0,0,67,91.0,163.0,41.0,29.3,6,0.42,0.57,0.99,11.13,253,110,89,67,232,132,199,103,2.0,,,,,,0.06,0.0,0.08,0.14,1.62,1.46,243,156,222,114,350,172,552,223,0.87,0.15
237,0.0,0.0,209400,0,0,-4,4,0,3,0.0,0.0,0,Daichi,0.2,205,False,Suspended until 07 Dec,2024-11-09T20:00:07.600072Z,51,209400.jpg,1.3,Kamada,0.1,False,,s,7,31,14,12870,14,56895,344,0.0,2.7,Kamada,108.0,616,0,0,1,11,0,0,0,2,1,0,0,74,99.8,166.8,73.0,34.1,7,0.56,0.51,1.07,10.30,239,103,86,65,171,104,169,92,,,,,,,0.08,0.0,0.07,0.15,1.5,1.61,180,111,376,184,338,164,431,156,1.02,0.15
238,100.0,100.0,152551,0,0,-2,2,0,3,0.5,0.5,1,Jefferson,0.5,206,False,,2024-10-27T22:00:06.083970Z,48,152551.jpg,1.2,Lerma Solís,0.0,False,,a,7,31,11,4061,69,7283,68,0.1,2.3,Lerma,48.0,530,0,0,1,7,0,0,0,4,0,0,0,64,79.6,68.8,23.0,17.2,6,0.16,0.47,0.63,6.38,267,120,202,123,273,152,277,137,,,,,,,0.03,0.0,0.08,0.11,1.08,1.19,295,194,308,158,348,170,524,205,1.02,0.17
239,,,231747,0,0,-3,3,1,4,2.8,2.8,2,Jean-Philippe,2.8,207,False,,,72,231747.jpg,3.2,Mateta,2.6,False,,a,7,31,42,433107,7510,780878,8615,0.4,5.8,Mateta,73.0,932,3,1,1,15,0,0,0,1,0,0,6,144,157.6,143.2,220.0,51.7,11,3.66,0.57,4.23,15.32,167,20,107,7,48,17,84,17,,,,,1.0,,0.35,0.0,0.06,0.41,1.48,1.45,21,8,111,18,99,18,113,17,1.06,0.1
240,0.0,0.0,536694,0,0,-1,1,0,3,0.0,0.0,0,Matheus,0.0,208,False,Groin Injury - Expected back 04 Jan,2024-09-27T15:30:06.533416Z,44,536694.jpg,0.0,França de Oliveira,0.4,False,,i,7,31,0,120927,66,94365,1698,0.0,0.0,M.França,30.0,0,0,0,0,0,0,0,0,0,0,0,0,0,0.0,0.0,0.0,0.0,0,0.00,0.00,0.00,0.00,562,226,556,230,531,220,564,228,,,,,,,0.0,0.0,0.0,0.0,0.0,0.0,525,309,521,195,569,231,276,91,0.0,0.0
241,,,169593,0,0,0,0,0,1,0.0,0.0,0,Remi,0.0,209,False,,,40,169593.jpg,0.0,Matthews,0.6,False,,a,7,31,0,17822,125,59049,559,0.0,0.0,Matthews,241.0,0,0,0,0,0,0,0,0,0,0,0,0,0,0.0,0.0,0.0,0.0,0,0.00,0.00,0.00,0.00,475,43,454,21,415,12,477,43,,,,,,,0.0,0.0,0.0,0.0,0.0,0.0,605,50,402,34,482,43,246,36,0.0,0.0
242,,,244723,0,0,-1,1,0,2,0.8,0.8,1,Tyrick,0.8,210,False,,,49,244723.jpg,2.1,Mitchell,1.5,False,,a,7,31,27,95799,1838,185793,4119,0.2,5.5,Mitchell,241.0,1120,0,1,2,18,0,0,0,2,0,0,0,134,197.2,197.9,59.0,45.6,13,0.34,1.20,1.54,18.73,121,47,65,11,195,46,113,25,,,,,,,0.03,0.0,0.1,0.13,1.51,1.45,271,29,265,74,221,69,171,65,1.04,0.16
243,100.0,100.0,247348,-1,1,-3,3,1,2,4.0,4.0,11,Daniel,4.0,211,False,,2024-10-05T18:00:07.079825Z,47,247348.jpg,2.8,Muñoz,1.7,False,,a,7,31,37,131083,14486,387124,1878,0.9,7.9,Muñoz,48.0,1084,1,2,2,18,0,0,0,4,0,0,3,129,264.2,193.8,191.0,64.9,13,2.21,0.67,2.88,18.16,58,18,67,13,61,3,49,6,,,,,,,0.18,0.0,0.06,0.24,1.51,1.49,336,44,50,11,137,37,153,58,1.08,0.17
244,0.0,0.0,531989,0,0,0,0,0,3,0.0,0.0,0,David,0.0,212,False,Season long loan to Derby County,2024-07-26T08:51:53.649693Z,45,531989.jpg,0.0,Ozoh,0.0,False,,u,7,31,0,0,0,283,1,0.0,0.0,Ozoh,,0,0,0,0,0,0,0,0,0,0,0,0,0,0.0,0.0,0.0,0.0,0,0.00,0.00,0.00,0.00,617,266,614,270,594,261,619,268,,,,,,,0.0,0.0,0.0,0.0,0.0,0.0,446,274,584,239,623,270,680,308,0.0,0.0
245,0.0,0.0,450542,0,0,0,0,0,3,0.0,0.0,0,Jesurun,0.0,213,False,Loaned to Sheffield United,2024-08-20T12:16:48.741122Z,45,450542.jpg,0.0,Rak-Sakyi,0.0,False,,u,7,31,0,755,0,18690,67,0.0,0.0,Rak-Sakyi,,0,0,0,0,0,0,0,0,0,0,0,0,0,0.0,0.0,0.0,0.0,0,0.00,0.00,0.00,0.00,587,242,583,246,561,237,589,244,,,,,,,0.0,0.0,0.0,0.0,0.0,0.0,398,240,548,211,593,246,543,219,0.0,0.0
246,,,86417,0,0,-3,3,0,3,1.0,1.0,1,Jeffrey,1.0,214,False,,,47,86417.jpg,1.0,Schlupp,0.1,False,,a,7,31,10,7448,260,12242,271,0.2,2.1,Schlupp,81.0,85,0,0,0,2,0,0,0,0,0,0,0,37,21.6,32.2,44.0,9.6,0,0.13,0.08,0.21,1.47,373,175,281,168,223,127,328,164,,,,,,,0.14,0.0,0.08,0.22,1.56,2.12,327,215,235,118,399,191,481,181,0.0,0.0
247,100.0,100.0,55494,0,0,-2,2,0,2,0.0,0.0,0,Joel,0.0,215,False,,2024-11-01T16:30:07.610599Z,43,55494.jpg,0.0,Ward,0.1,False,,a,7,31,0,2825,99,9698,124,0.0,0.0,Ward,241.0,0,0,0,0,0,0,0,0,0,0,0,0,0,0.0,0.0,0.0,0.0,0,0.00,0.00,0.00,0.00,541,206,526,205,494,195,543,206,,,,,,,0.0,0.0,0.0,0.0,0.0,0.0,533,119,482,190,548,205,452,162,0.0,0.0
248,0.0,0.0,496221,0,0,-3,3,0,3,0.0,0.0,0,Adam,0.0,216,False,Groin Injury - Expected back 07 Dec,2024-11-01T16:30:07.622710Z,47,496221.jpg,1.9,Wharton,0.2,False,,i,7,31,15,18364,52,48828,548,0.0,3.2,Wharton,241.0,621,0,0,1,9,0,0,0,0,0,0,0,104,112.6,131.4,53.0,29.7,8,0.22,0.60,0.82,9.39,221,93,120,87,206,119,196,102,4.0,,,,,,0.03,0.0,0.09,0.12,1.36,1.3,342,222,618,265,245,110,378,133,1.16,0.14
249,100.0,100.0,224068,0,0,0,0,0,1,0.0,0.0,0,Matt,0.0,445,False,,2024-10-05T17:30:07.013947Z,40,224068.jpg,0.0,Turner,11.5,False,,a,7,31,0,217297,1478,853107,14172,0.0,0.0,Turner,229.0,0,0,0,0,0,0,0,0,0,0,0,0,0,0.0,0.0,0.0,0.0,0,0.00,0.00,0.00,0.00,488,49,467,27,428,18,490,49,,,,,,,0.0,0.0,0.0,0.0,0.0,0.0,623,56,416,40,493,49,34,6,0.0,0.0
250,,,232185,0,0,-3,3,1,3,4.8,4.8,2,Ismaïla,4.8,585,False,,,57,232185.jpg,2.5,Sarr,0.4,False,,a,7,31,33,42570,3827,41734,3629,0.8,5.8,I.Sarr,189.0,655,1,2,1,9,0,0,0,1,0,0,3,132,124.8,170.0,299.0,59.4,6,2.03,2.17,4.20,9.77,209,84,83,62,27,14,66,40,,,,,,,0.28,0.0,0.3,0.58,1.34,1.24,94,59,37,19,180,79,286,94,0.82,0.14
251,25.0,25.0,574398,0,0,0,0,0,3,0.0,0.0,0,Franco,0.0,644,False,Hamstring injury - 25% chance of playing,2024-11-13T09:30:08.263810Z,45,574398.jpg,0.0,Umeh-Chibueze,0.0,False,,d,7,31,0,4331,8,3069,107,0.0,0.0,Umeh-Chibueze,104.0,0,0,0,0,0,0,0,0,0,0,0,0,0,0.0,0.0,0.0,0.0,0,0.00,0.00,0.00,0.00,630,277,627,281,607,272,632,279,,,,,,,0.0,0.0,0.0,0.0,0.0,0.0,460,286,597,251,635,281,595,255,0.0,0.0
252,,,489706,0,0,0,0,0,3,2.8,2.8,1,Justin,2.8,645,False,,,45,489706.jpg,3.7,Devenny,0.1,False,,a,7,31,11,15222,4159,2430,924,0.6,2.4,Devenny,242.0,171,1,0,0,2,0,0,0,0,0,0,1,46,53.0,39.9,24.0,11.8,2,0.38,0.21,0.59,4.18,313,150,263,158,271,151,313,152,,,,,,,0.2,0.0,0.11,0.31,2.2,1.05,417,249,105,50,64,29,420,151,1.05,0.0
253,,,579075,0,0,0,0,0,3,0.2,0.2,0,Asher,0.2,646,False,,,45,579075.jpg,1.0,Agbinone,0.0,False,,a,7,31,2,7293,174,4110,213,0.0,0.4,Agbinone,241.0,4,0,0,0,0,0,0,0,0,0,0,0,4,4.0,10.6,1.0,1.5,0,0.02,0.01,0.03,0.00,432,208,353,198,392,213,431,209,,,,,,,0.45,0.0,0.22,0.67,0.0,0.0,466,289,371,181,395,187,526,207,0.0,0.0
254,,,530318,0,0,0,0,0,3,0.0,0.0,0,Kaden,0.0,647,False,,,45,530318.jpg,0.0,Rodney,0.0,False,,a,7,31,0,3296,49,2073,75,0.0,0.0,Rodney,241.0,0,0,0,0,0,0,0,0,0,0,0,0,0,0.0,0.0,0.0,0.0,0,0.00,0.00,0.00,0.00,615,265,612,269,592,260,617,267,,,,,,,0.0,0.0,0.0,0.0,0.0,0.0,444,273,582,238,621,269,582,243,0.0,0.0
255,,,437499,0,0,0,0,0,2,1.0,1.0,2,Maxence,1.0,650,False,,,45,437499.jpg,2.3,Lacroix,0.1,False,,a,7,31,23,19069,517,10111,473,0.2,5.1,Lacroix,73.0,900,0,1,2,13,0,0,0,3,0,0,0,105,187.6,40.3,36.0,26.4,10,0.55,0.41,0.96,14.07,129,51,262,77,240,69,221,68,,,,,,,0.06,0.0,0.04,0.1,1.41,1.3,392,75,233,69,197,58,406,148,1.0,0.2
256,,,590012,0,0,0,0,0,2,0.2,0.2,0,Caleb,0.2,666,False,,,40,590012.jpg,1.0,Kporha,0.0,False,,a,7,31,1,1822,151,885,68,0.0,0.2,Kporha,241.0,1,0,0,0,0,0,0,0,0,0,0,0,4,2.0,4.1,0.0,0.6,0,0.00,0.02,0.02,0.00,445,152,383,130,476,184,443,152,,,,,,,0.0,0.0,1.8,1.8,0.0,0.0,675,215,362,115,369,125,597,200,0.0,0.0
257,,,576980,0,0,0,0,0,4,0.0,0.0,0,Zach,0.0,676,False,,,45,576980.jpg,0.0,Marsh,0.2,False,,a,7,31,0,27643,6480,5726,1485,0.0,0.0,Marsh,241.0,0,0,0,0,0,0,0,0,0,0,0,0,0,0.0,0.0,0.0,0.0,0,0.00,0.00,0.00,0.00,633,57,630,57,610,55,635,57,,,,,,,0.0,0.0,0.0,0.0,0.0,0.0,463,74,600,56,638,59,344,54,0.0,0.0
258,75.0,75.0,440323,0,0,-1,1,0,4,0.0,0.0,0,Armando,0.0,156,False,Lack of match fitness - 75% chance of playing,2024-09-08T23:00:06.640099Z,54,440323.jpg,0.0,Broja,0.1,False,,d,8,11,0,6589,47,12738,37,0.0,0.0,Broja,2.0,0,0,0,0,0,0,0,0,0,0,0,0,0,0.0,0.0,0.0,0.0,0,0.00,0.00,0.00,0.00,680,70,679,70,674,68,680,70,,,,,,,0.0,0.0,0.0,0.0,0.0,0.0,138,40,669,69,679,70,509,66,0.0,0.0
259,100.0,100.0,121599,0,0,-4,4,0,3,2.7,2.7,2,Abdoulaye,2.7,217,False,,2024-11-01T10:30:06.244300Z,51,121599.jpg,2.2,Doucouré,0.2,False,,a,8,11,24,15554,520,47454,541,0.5,4.7,A.Doucoure,132.0,810,0,0,4,14,0,0,0,0,0,0,0,101,83.4,144.4,51.0,27.8,10,0.46,0.42,0.88,12.78,261,115,106,79,210,122,211,109,,,,,,,0.05,0.0,0.05,0.1,1.42,1.56,176,108,116,53,214,93,373,130,1.11,0.44
260,,,486385,0,0,0,0,0,4,1.3,1.3,2,Norberto Bercique,1.3,218,False,,,50,486385.jpg,1.8,Gomes Betuncal,0.6,False,,a,8,11,16,110007,2055,105620,2348,0.3,3.2,Beto,90.0,179,1,0,0,9,0,0,0,0,0,0,2,44,41.2,2.1,112.0,15.1,1,1.61,0.00,1.61,3.26,333,33,398,45,115,30,292,33,,,,,,,0.81,0.0,0.0,0.81,1.64,4.53,222,50,217,28,265,30,241,40,0.5,0.0
261,100.0,100.0,480455,0,0,-2,2,0,2,4.0,4.0,0,Jarrad,4.0,219,False,,2024-11-14T10:00:08.223634Z,48,480455.jpg,2.7,Branthwaite,0.8,False,,a,8,11,16,37510,3106,183795,2047,0.8,3.3,Branthwaite,241.0,366,0,0,2,5,0,0,0,0,0,0,0,69,66.4,6.1,6.0,7.8,4,0.03,0.05,0.08,3.62,292,105,375,126,352,119,341,109,,,,,,,0.01,0.0,0.01,0.02,0.89,1.23,321,39,51,12,153,42,219,84,0.98,0.49
262,100.0,100.0,177815,0,0,-4,4,1,4,1.7,1.7,1,Dominic,1.7,220,False,,2024-09-18T19:30:06.748871Z,56,177815.jpg,2.9,Calvert-Lewin,2.0,False,,a,8,11,38,896711,1612,906013,11676,0.3,6.8,Calvert-Lewin,241.0,1011,2,1,5,12,0,0,0,1,0,0,3,98,143.0,85.7,393.0,62.1,12,4.01,0.52,4.53,14.97,181,21,174,22,10,5,57,14,,,,,1.0,,0.36,0.0,0.05,0.41,1.33,1.07,101,29,199,27,132,20,137,24,1.07,0.45
263,100.0,25.0,59949,0,0,-2,2,0,2,0.0,0.0,0,Séamus,0.0,221,False,,2024-11-07T23:00:07.780654Z,43,59949.jpg,1.0,Coleman,0.0,False,,a,8,11,1,2719,49,5487,96,0.0,0.2,Coleman,104.0,90,0,0,0,3,0,0,0,0,0,0,0,-1,16.6,1.1,21.0,3.9,1,0.62,0.01,0.63,2.22,386,136,412,147,279,86,383,128,,,,,,,0.62,0.0,0.01,0.63,2.22,3.0,535,120,483,191,372,128,566,196,1.0,0.0
264,100.0,100.0,80801,0,0,-1,1,0,3,2.0,2.0,1,Idrissa,2.0,222,False,,2024-09-19T14:30:05.586621Z,49,80801.jpg,1.9,Gueye,0.1,False,,a,8,11,23,6193,223,8769,164,0.4,4.7,Gana,189.0,889,0,0,3,18,0,0,0,2,0,0,0,121,130.8,141.4,64.0,33.6,10,0.82,0.69,1.51,13.91,200,78,109,80,188,112,173,94,,,,,,,0.08,0.0,0.07,0.15,1.41,1.82,240,155,153,72,247,111,504,194,1.01,0.3
265,0.0,0.0,232928,0,0,-1,1,0,3,0.0,0.0,0,James,0.0,223,False,Back injury - Unknown return date,2024-10-17T14:00:07.870350Z,49,232928.jpg,1.8,Garner,0.0,False,,i,8,11,7,1071,3,2720,29,0.0,1.4,Garner,241.0,251,0,0,1,4,0,0,0,1,0,0,0,36,54.0,20.9,5.0,7.9,2,0.05,0.05,0.10,4.49,310,148,315,180,357,196,339,171,,,2.0,,,,0.02,0.0,0.02,0.04,1.61,1.43,270,176,636,278,264,122,618,270,0.72,0.36
266,100.0,100.0,221399,0,0,-2,2,0,3,0.7,0.7,1,Jack,0.7,224,False,,2024-09-19T14:30:05.601507Z,53,221399.jpg,1.9,Harrison,0.1,False,,a,8,11,23,13484,92,21391,386,0.1,4.3,Harrison,241.0,646,0,1,2,12,0,0,0,0,0,0,0,78,70.6,130.0,95.0,29.0,7,1.18,0.85,2.03,12.36,286,131,121,88,134,85,204,104,,,,,,,0.16,0.0,0.12,0.28,1.72,1.67,152,89,295,153,251,115,422,152,0.98,0.28
267,0.0,0.0,194164,0,0,0,0,0,2,0.0,0.0,0,Mason,0.0,225,False,Loaned to West Bromwich Albion,2024-08-31T08:24:25.909228Z,40,194164.jpg,1.0,Holgate,0.2,False,,u,8,11,1,11786,0,45599,338,0.0,0.2,Holgate,,5,0,0,0,1,0,0,0,0,0,0,0,-1,0.0,0.0,0.0,0.0,0,0.00,0.00,0.00,0.07,477,164,456,162,417,145,479,164,,,,,,,0.0,0.0,0.0,0.0,1.26,18.0,609,169,404,137,365,122,358,130,0.0,0.0
268,0.0,0.0,490094,-1,1,-1,1,0,3,0.0,0.0,0,Tim,0.0,226,False,Foot injury - Unknown return date,2024-10-17T14:00:07.887629Z,44,490094.jpg,1.3,Iroegbunam,0.5,False,,i,8,11,8,187943,275,171335,2345,0.0,1.8,Iroegbunam,241.0,381,0,0,0,13,0,0,0,2,0,0,0,29,47.0,27.1,29.0,10.4,4,0.21,0.08,0.29,8.36,323,155,297,175,254,143,324,162,,,,,,,0.05,0.0,0.02,0.07,1.97,3.07,520,304,517,191,334,161,259,84,0.94,0.0
269,,,222627,0,0,0,0,0,1,0.0,0.0,0,João,0.0,227,False,,,40,222627.jpg,0.0,Neves Virgínia,0.4,False,,a,8,11,0,13115,194,36165,479,0.0,0.0,J.Virginia,173.0,0,0,0,0,0,0,0,0,0,0,0,0,0,0.0,0.0,0.0,0.0,0,0.00,0.00,0.00,0.00,487,48,466,26,427,17,489,48,,,,,,,0.0,0.0,0.0,0.0,0.0,0.0,622,55,415,39,492,48,284,41,0.0,0.0
270,100.0,100.0,106611,-1,1,2,-2,1,2,0.0,0.0,0,Michael,0.0,228,False,,2024-09-19T14:30:05.611115Z,42,106611.jpg,3.6,Keane,9.2,False,,a,8,11,32,1316650,8816,590318,54933,0.0,7.6,Keane,241.0,810,2,0,2,16,0,0,0,4,0,0,3,89,221.6,22.9,84.0,33.0,9,0.43,0.02,0.45,14.16,91,30,309,98,144,23,178,48,,,,,,,0.05,0.0,0.0,0.05,1.57,1.78,574,148,475,185,67,12,48,17,1.0,0.22
271,0.0,0.0,115382,0,0,-1,1,0,4,0.0,0.0,0,Neal,0.0,229,False,Transferred to Marseille,2024-08-31T06:13:30.372925Z,49,115382.jpg,0.0,Maupay,0.3,False,,u,8,11,0,20402,0,158261,480,0.0,0.0,Maupay,,0,0,0,0,0,0,0,0,0,0,0,0,0,0.0,0.0,0.0,0.0,0,0.00,0.00,0.00,0.00,653,61,647,60,636,59,653,61,,,,,,,0.0,0.0,0.0,0.0,0.0,0.0,247,54,627,60,654,62,312,50,0.0,0.0
272,100.0,100.0,433154,0,0,1,-1,2,3,1.7,1.7,2,Dwight,1.7,230,False,,2024-11-07T23:00:07.825990Z,56,433154.jpg,4.7,McNeil,5.6,False,,a,8,11,56,1672922,5544,1204803,57756,0.3,10.0,McNeil,241.0,1067,3,3,3,21,0,0,0,1,0,0,6,272,282.2,519.8,165.0,96.8,12,0.80,3.90,4.69,16.89,45,12,2,2,77,46,12,9,1.0,,,,,,0.07,0.0,0.33,0.4,1.42,1.77,105,65,200,99,25,10,68,20,1.01,0.25
273,100.0,100.0,224967,0,0,-2,2,0,2,3.7,3.7,-1,Vitalii,3.7,231,False,,2024-10-07T00:30:07.641913Z,43,224967.jpg,2.5,Mykolenko,4.2,False,,a,8,11,27,311281,8340,748145,9994,0.9,6.3,Mykolenko,225.0,925,0,0,3,17,0,0,0,1,0,0,1,95,133.4,116.9,40.0,29.2,11,0.25,0.40,0.65,13.31,197,77,134,28,233,65,201,58,,,,,,,0.02,0.0,0.04,0.06,1.3,1.65,555,134,59,14,173,48,82,29,1.07,0.29
274,100.0,100.0,440993,0,0,-1,1,0,4,2.0,2.0,2,Iliman,2.0,232,False,,2024-11-07T23:00:07.842947Z,54,440993.jpg,2.8,Ndiaye,0.8,False,,a,8,11,37,206782,1542,152299,5473,0.4,6.9,Ndiaye,189.0,983,2,0,6,13,0,0,0,1,0,0,6,193,220.2,163.9,208.0,59.4,11,1.04,0.70,1.74,12.53,96,12,88,4,54,18,65,16,,,,,,,0.1,0.0,0.06,0.16,1.15,1.19,139,41,165,23,144,21,230,39,1.01,0.55
275,100.0,100.0,243571,0,0,-1,1,0,2,0.3,0.3,1,Nathan,0.3,234,False,,2024-08-12T14:30:04.567805Z,44,243571.jpg,1.0,Patterson,0.0,False,,a,8,11,1,925,41,2184,33,0.1,0.2,Patterson,243.0,17,0,0,0,0,0,0,0,0,0,0,0,8,6.4,14.7,2.0,2.3,0,0.00,0.11,0.11,0.16,423,146,332,107,377,131,407,136,,,,,,,0.0,0.0,0.58,0.58,0.85,0.0,511,111,329,102,380,133,610,207,0.0,0.0
276,,,111234,0,0,-1,1,2,1,5.7,5.7,0,Jordan,5.7,235,False,,,49,111234.jpg,4.0,Pickford,10.3,False,,a,8,11,52,519759,15067,1029193,22126,1.2,10.6,Pickford,241.0,1170,0,0,4,21,0,1,0,1,0,34,6,162,311.8,0.3,0.0,31.1,13,0.00,0.08,0.08,17.77,33,11,426,7,635,63,190,11,,,,,,,0.0,2.62,0.01,0.01,1.37,1.62,244,9,23,2,51,7,39,7,1.0,0.31
277,100.0,100.0,17761,0,0,-2,2,1,2,5.0,5.0,0,James,5.0,236,False,,2024-09-18T22:30:07.010253Z,48,17761.jpg,2.8,Tarkowski,1.7,False,,a,8,11,37,133790,4999,184540,6191,1.0,7.7,Tarkowski,241.0,1161,0,0,4,21,0,0,0,3,0,0,5,139,312.0,100.6,101.0,51.6,13,0.71,1.05,1.76,17.77,32,10,159,36,127,17,85,15,,,,,,,0.06,0.0,0.08,0.14,1.38,1.63,289,33,31,6,138,38,155,59,1.01,0.31
278,0.0,0.0,491012,0,0,-1,1,0,4,0.0,0.0,0,Youssef,0.0,237,False,Lack of match fitness - Unknown return date,2024-08-05T15:00:04.380259Z,49,491012.jpg,0.0,Ramalho Chermiti,0.0,False,,i,8,11,0,1704,52,2252,28,0.0,0.0,Y. Chermiti,173.0,0,0,0,0,0,0,0,0,0,0,0,0,0,0.0,0.0,0.0,0.0,0,0.00,0.00,0.00,0.00,659,63,653,62,646,61,659,63,,,,,,,0.0,0.0,0.0,0.0,0.0,0.0,284,57,641,62,659,64,628,73,0.0,0.0
279,100.0,100.0,18892,1,-1,1,-1,0,2,4.3,4.3,-1,Ashley,4.3,238,False,,2024-08-17T20:00:05.873666Z,46,18892.jpg,3.8,Young,1.8,False,,a,8,11,42,213148,11206,61790,8670,0.9,9.1,Young,241.0,947,0,3,4,14,0,0,0,3,1,0,5,156,221.6,224.5,15.0,46.2,11,0.13,1.29,1.42,12.92,92,31,48,9,304,98,111,24,,,1.0,,,,0.01,0.0,0.12,0.13,1.23,1.33,347,47,45,8,58,9,151,57,1.05,0.38
280,,,463903,0,0,-4,4,0,3,2.7,2.7,2,Jesper,2.7,577,False,,,51,463903.jpg,1.9,Lindstrøm,0.1,False,,a,8,11,17,2664,210,11723,120,0.5,3.3,Lindstrøm,58.0,483,0,0,3,8,0,0,0,0,0,0,0,64,87.8,147.0,133.0,36.7,6,1.40,0.77,2.17,5.37,256,113,101,76,94,58,152,86,2.0,,1.0,,,,0.26,0.0,0.14,0.4,1.0,1.49,182,113,117,54,249,113,488,183,1.12,0.56
281,,,512462,0,0,-4,4,0,2,0.3,0.3,1,Jake,0.3,582,False,,,46,512462.jpg,0.5,O'Brien,0.2,False,,a,8,11,1,5265,78,25997,210,0.1,0.2,O'Brien,104.0,34,0,0,0,1,0,0,0,1,0,0,0,1,5.0,0.5,0.0,0.5,0,0.00,0.00,0.00,0.82,426,147,419,150,621,224,446,153,,,,,,,0.0,0.0,0.0,0.0,2.17,2.65,353,53,336,107,459,153,398,143,0.0,0.0
282,,,609873,0,0,0,0,0,3,0.0,0.0,0,Harrison,0.0,603,False,,,45,609873.jpg,1.0,Armstrong,0.2,False,,a,8,11,1,28833,556,25394,700,0.0,0.2,Armstrong,241.0,1,0,0,0,0,0,0,0,0,0,0,0,4,0.0,0.1,2.0,0.2,0,0.00,0.00,0.00,0.00,642,285,434,224,383,206,458,222,,,,,,,0.0,0.0,0.0,0.0,0.0,0.0,474,296,610,260,397,189,365,127,0.0,0.0
283,0.0,0.0,491557,0,0,0,0,0,3,0.0,0.0,0,Jenson,0.0,614,False,Season long loan to Chesterfield,2024-09-01T09:13:11.888586Z,45,491557.jpg,0.0,Metcalfe,0.0,False,,u,8,11,0,777,0,1006,8,0.0,0.0,Metcalfe,,0,0,0,0,0,0,0,0,0,0,0,0,0,0.0,0.0,0.0,0.0,0,0.00,0.00,0.00,0.00,601,251,598,255,578,246,603,253,,,,,,,0.0,0.0,0.0,0.0,0.0,0.0,422,252,564,221,607,255,657,291,0.0,0.0
284,,,40349,0,0,0,0,0,1,0.0,0.0,0,Asmir,0.0,624,False,,,40,40349.jpg,0.0,Begovic,0.3,False,,a,8,11,0,32620,329,12356,323,0.0,0.0,Begovic,27.0,0,0,0,0,0,0,0,0,0,0,0,0,0,0.0,0.0,0.0,0.0,0,0.00,0.00,0.00,0.00,467,38,445,15,404,6,469,38,,,,,,,0.0,0.0,0.0,0.0,0.0,0.0,590,44,391,29,473,38,331,48,0.0,0.0
285,,,496178,0,0,0,0,0,2,0.0,0.0,0,Roman,0.0,627,False,,,40,496178.jpg,0.0,Dixon,0.1,False,,a,8,11,0,7433,218,4677,172,0.0,0.0,Dixon,241.0,90,0,0,0,4,0,0,0,0,0,0,0,0,15.4,0.3,0.0,1.6,1,0.00,0.00,0.00,2.43,392,139,423,151,451,161,426,145,,,,,,,0.0,0.0,0.0,0.0,2.43,4.0,649,191,440,155,515,177,468,169,1.0,0.0
286,,,179519,0,0,0,0,0,3,1.7,1.7,1,Orel,1.7,651,False,,,50,179519.jpg,1.5,Mangala,0.0,False,,a,8,11,15,1596,56,1219,69,0.3,3.0,Mangala,21.0,494,0,0,1,4,0,0,0,0,0,0,0,72,54.2,52.9,25.0,13.2,5,0.31,0.47,0.78,5.82,309,147,235,143,270,150,304,150,,,,,,,0.06,0.0,0.09,0.15,1.06,0.73,195,121,193,95,313,143,622,274,0.91,0.18
287,,,547801,0,0,0,0,0,3,0.0,0.0,0,Callum,0.0,678,False,,,45,547801.jpg,0.0,Bates,0.0,False,,a,8,11,0,310,118,70,27,0.0,0.0,Bates,241.0,0,0,0,0,0,0,0,0,0,0,0,0,0,0.0,0.0,0.0,0.0,0,0.00,0.00,0.00,0.00,623,272,620,276,600,267,625,274,,,,,,,0.0,0.0,0.0,0.0,0.0,0.0,452,280,590,245,629,276,665,296,0.0,0.0
288,,,200641,0,0,0,0,0,3,2.5,2.0,3,Reiss,2.5,10,False,,,50,200641.jpg,2.3,Nelson,0.1,False,,a,9,54,25,15401,255,12538,535,0.5,5.0,Nelson,241.0,413,1,1,1,8,0,0,0,1,0,0,2,135,125.8,218.9,193.0,53.8,4,1.07,0.93,2.00,4.86,208,83,51,41,58,36,76,47,,,,,,,0.23,0.0,0.2,0.43,1.06,1.74,196,122,125,58,200,88,446,162,0.87,0.22
289,,,209289,-1,1,2,-2,1,3,4.0,3.5,2,Emile,4.0,19,False,,,57,209289.jpg,4.4,Smith Rowe,24.9,False,,a,9,54,57,3335895,19654,2371679,141866,0.7,10.0,Smith Rowe,241.0,938,3,2,5,11,0,0,0,1,0,0,8,231,232.2,239.1,162.0,63.4,12,2.12,1.26,3.38,9.90,80,27,44,35,82,49,53,35,,,,,,,0.2,0.0,0.12,0.32,0.95,1.06,93,58,54,27,37,17,10,5,1.15,0.48
290,0.0,0.0,174874,0,0,-2,2,0,2,0.0,0.0,0,Joachim,2.2,191,False,Calf injury - Unknown return date,2024-11-23T23:00:08.082582Z,43,174874.jpg,2.2,Andersen,5.8,False,,i,9,54,20,173982,96,1375050,49770,0.5,4.7,Andersen,58.0,783,0,0,2,15,0,0,0,1,1,0,3,95,184.0,26.2,58.0,26.9,9,0.25,0.13,0.38,10.57,139,57,299,92,196,47,218,66,,,,,,,0.03,0.0,0.01,0.04,1.21,1.72,549,128,139,40,205,62,67,23,1.03,0.23
291,,,159533,-1,1,-1,1,0,3,1.5,1.0,0,Adama,1.5,239,False,,,49,159533.jpg,3.2,Traoré,2.5,False,,a,9,54,39,688536,1325,510560,24956,0.3,8.0,Adama,200.0,735,1,3,3,11,0,0,0,2,0,0,3,159,171.6,244.2,224.0,64.0,9,2.77,2.03,4.80,9.25,151,56,42,33,46,30,50,32,,,,,,,0.34,0.0,0.25,0.59,1.13,1.35,252,161,204,103,91,40,117,34,1.1,0.37
292,100.0,100.0,156689,-1,1,-4,4,0,3,1.2,0.7,0,Andreas,1.2,240,False,,2024-10-27T22:00:06.156705Z,51,156689.jpg,2.6,Hoelgebaum Pereira,1.3,False,,a,9,54,31,106833,610,344284,6548,0.2,6.1,Andreas,30.0,893,1,1,4,11,0,0,1,3,0,0,1,150,138.2,485.9,146.0,77.1,12,2.58,2.44,5.02,9.70,190,72,4,4,90,55,32,23,1.0,,1.0,,1.0,,0.26,0.0,0.25,0.51,0.98,1.11,178,109,224,115,167,72,185,56,1.21,0.4
293,,,232892,0,0,0,0,0,2,2.2,1.7,2,Calvin,2.2,241,False,,,45,232892.jpg,2.0,Bassey,0.4,False,,a,9,54,26,41522,742,37788,1013,0.5,5.8,Bassey,157.0,1170,0,0,2,18,0,0,0,4,0,0,0,133,202.2,29.2,34.0,26.5,13,0.28,0.12,0.40,14.71,113,42,292,88,243,72,220,67,,,,,,,0.02,0.0,0.01,0.03,1.13,1.38,384,72,140,41,229,71,269,99,1.0,0.15
294,,,428971,0,0,0,0,0,1,0.0,-0.5,0,Steven,0.0,242,False,,,40,428971.jpg,0.0,Benda,0.4,False,,a,9,54,0,20618,120,23159,471,0.0,0.0,Benda,80.0,0,0,0,0,0,0,0,0,0,0,0,0,0,0.0,0.0,0.0,0.0,0,0.00,0.00,0.00,0.00,492,51,471,29,432,20,494,51,,,,,,,0.0,0.0,0.0,0.0,0.0,0.0,628,58,420,42,497,51,271,40,0.0,0.0
295,0.0,,76357,0,0,-2,2,0,3,0.0,1.0,3,Tom,1.5,243,False,Suspended until 22 Dec,2024-12-02T00:00:08.212324Z,48,76357.jpg,1.0,Cairney,0.0,False,,s,9,54,10,2378,57,4356,117,0.3,2.1,Cairney,243.0,169,1,0,0,5,0,0,0,2,1,0,0,61,71.4,89.9,25.0,18.8,0,0.03,0.65,0.68,3.04,282,128,171,109,268,148,267,132,,,,,,,0.02,0.0,0.35,0.37,1.62,2.66,291,190,203,102,405,197,558,227,0.0,0.0
296,100.0,100.0,166477,0,0,-3,3,0,2,0.5,0.0,1,Timothy,0.5,244,False,,2024-10-18T17:30:07.030897Z,42,166477.jpg,0.8,Castagne,0.7,False,,a,9,54,3,19380,538,219288,966,0.1,0.7,Castagne,21.0,53,0,0,0,3,0,0,0,0,0,0,0,4,22.2,2.9,23.0,4.9,0,0.06,0.02,0.08,1.07,370,130,390,135,272,83,376,125,,,,,,,0.1,0.0,0.03,0.13,1.82,5.09,577,151,300,84,438,144,237,90,0.0,0.0
297,,,219924,0,0,-1,1,0,2,0.5,0.0,2,Issa,0.5,245,False,,,44,219924.jpg,1.2,Diop,0.2,False,,a,9,54,10,16686,135,23231,265,0.1,2.3,Diop,73.0,480,0,0,0,6,1,0,0,1,0,0,0,47,109.0,23.7,71.0,20.1,5,0.51,0.02,0.53,5.42,227,86,306,96,176,38,255,84,,,,,,,0.1,0.0,0.0,0.1,1.02,1.12,496,101,305,89,344,112,346,123,0.94,0.0
298,0.0,0.0,515024,0,0,0,0,0,3,0.0,0.0,0,Luke,0.0,246,False,Season long loan to Birmingham City,2024-08-06T17:24:03.566492Z,45,515024.jpg,0.0,Harris,0.0,False,,u,9,54,0,0,0,902,5,0.0,0.0,Harris,,0,0,0,0,0,0,0,0,0,0,0,0,0,0.0,0.0,0.0,0.0,0,0.00,0.00,0.00,0.00,610,260,607,264,587,255,612,262,,,,,,,0.0,0.0,0.0,0.0,0.0,0.0,438,268,576,233,616,264,659,293,0.0,0.0
299,,,153133,0,0,1,-1,1,3,4.8,4.3,5,Alex,4.8,247,False,,,56,153133.jpg,4.5,Iwobi,2.6,False,,a,9,54,59,398933,19763,204303,10281,0.9,10.5,Iwobi,157.0,1120,3,3,4,15,0,0,0,1,0,0,6,271,321.6,374.2,284.0,98.0,13,1.57,3.16,4.73,13.63,24,6,12,11,30,16,10,7,,,,,,,0.13,0.0,0.25,0.38,1.1,1.21,100,63,36,18,33,14,114,32,1.04,0.32
300,,,80201,0,0,0,0,0,1,3.2,2.7,2,Bernd,3.2,248,False,,,50,80201.jpg,3.2,Leno,2.5,False,,a,9,54,41,196142,3404,231196,4889,0.6,8.2,Leno,80.0,1170,0,1,2,18,0,0,0,2,0,37,2,173,323.4,10.0,0.0,33.2,13,0.00,0.02,0.02,14.71,23,8,359,5,650,65,176,8,,,,,,,0.0,2.85,0.0,0.0,1.13,1.38,186,6,87,10,93,14,119,19,1.0,0.15
301,0.0,100.0,212314,0,0,-2,2,0,3,0.0,0.3,1,Saša,0.8,249,False,Suspended until 08 Dec,2024-12-02T00:00:08.228415Z,48,212314.jpg,1.6,Lukić,0.0,False,,s,9,54,14,2699,24,5587,51,0.2,2.9,Lukić,190.0,699,0,0,2,11,0,0,0,5,0,0,0,89,89.8,100.2,2.0,19.2,9,0.00,0.31,0.31,7.44,255,112,160,105,387,210,262,130,,,,,3.0,,0.0,0.0,0.04,0.04,0.96,1.42,304,201,262,136,297,135,539,215,1.16,0.26
302,0.0,0.0,120721,0,0,0,0,0,2,0.0,0.0,0,Kevin,0.0,250,False,Transferred to FC Midtjylland,2024-08-31T06:24:47.127908Z,40,120721.jpg,0.0,Mbabu,0.2,False,,u,9,54,0,8149,0,40130,274,0.0,0.0,Mbabu,,0,0,0,0,0,0,0,0,0,0,0,0,0,0.0,0.0,0.0,0.0,0,0.00,0.00,0.00,0.00,470,161,448,159,409,142,472,161,,,,,,,0.0,0.0,0.0,0.0,0.0,0.0,598,163,397,134,477,160,381,136,0.0,0.0
303,,,244042,0,0,-5,5,0,4,0.8,0.3,1,Rodrigo,0.8,251,False,,,55,244042.jpg,1.8,Muniz Carvalho,1.6,False,,a,9,54,22,661093,720,1170995,3637,0.1,4.0,Muniz,30.0,351,1,1,1,7,0,0,0,1,0,0,1,77,74.2,65.6,166.0,30.6,3,1.41,0.09,1.50,4.65,275,26,209,27,75,25,195,27,,,,,,,0.36,0.0,0.02,0.38,1.19,1.79,118,34,270,34,267,31,160,31,0.77,0.26
304,,,102057,-1,1,1,-1,0,4,2.8,2.3,2,Raúl,2.8,252,False,,,56,102057.jpg,4.0,Jiménez,6.7,False,,a,9,54,52,1486385,4574,858387,55643,0.5,9.3,Raúl,139.0,809,4,2,4,11,0,0,0,0,0,0,7,191,210.0,133.9,396.0,74.3,10,4.87,1.32,6.19,10.05,105,15,119,10,9,4,34,8,,,,,2.0,,0.54,0.0,0.15,0.69,1.12,1.22,99,28,109,17,52,16,60,13,1.11,0.44
305,0.0,0.0,82514,0,0,0,0,0,2,0.0,0.0,0,Tim,0.0,253,False,Permanent transfer to Charlotte FC,2024-08-09T11:16:10.995330Z,45,82514.jpg,0.0,Ream,0.0,False,,u,9,54,0,0,0,1170,4,0.0,0.0,Ream,,0,0,0,0,0,0,0,0,0,0,0,0,0,0.0,0.0,0.0,0.0,0,0.00,0.00,0.00,0.00,568,220,562,220,537,215,570,220,,,,,,,0.0,0.0,0.0,0.0,0.0,0.0,357,57,527,213,574,219,652,219,0.0,0.0
306,0.0,0.0,153366,0,0,-2,2,0,3,0.0,0.0,0,Harrison,0.2,254,False,Knee injury - Expected back 05 Jan,2024-11-22T17:00:09.110556Z,48,153366.jpg,0.8,Reed,0.0,False,,i,9,54,6,2364,4,4696,114,0.0,1.2,Reed,241.0,54,0,0,0,2,0,0,0,2,0,0,0,23,9.2,18.4,9.0,3.7,0,0.01,0.09,0.10,2.96,412,199,319,183,334,181,385,189,,,,,,,0.02,0.0,0.15,0.17,4.93,3.33,296,195,374,183,442,217,559,228,0.0,0.0
307,,,169528,0,0,2,-2,0,2,3.5,3.0,2,Antonee,3.5,255,False,,,47,169528.jpg,3.2,Robinson,16.1,False,,a,9,54,42,1781350,17811,1039327,30791,0.7,8.9,Robinson,229.0,1170,0,3,2,18,0,0,0,1,0,0,4,184,307.6,215.3,75.0,60.0,13,0.29,1.40,1.69,14.71,35,11,54,10,167,34,63,9,,,,,,,0.02,0.0,0.11,0.13,1.13,1.38,331,41,64,15,89,21,26,8,1.0,0.15
308,0.0,0.0,490146,0,0,0,0,0,4,0.0,0.0,0,Jay,0.0,256,False,Transferred to Birmingham City,2024-08-31T09:25:38.042723Z,50,490146.jpg,1.0,Stansfield,0.0,False,,u,9,54,1,4673,0,11563,33,0.0,0.2,Stansfield,,1,0,0,0,0,0,0,0,0,0,0,0,2,0.0,0.0,0.0,0.0,0,0.00,0.00,0.00,0.67,672,68,668,67,663,66,672,68,,,,,,,0.0,0.0,0.0,0.0,60.3,0.0,224,51,658,67,418,42,530,68,0.0,0.0
309,,,167074,0,0,0,0,0,2,3.2,2.7,2,Kenny,3.2,257,False,,,45,167074.jpg,2.4,Tete,0.4,False,,a,9,54,31,48832,995,40058,856,0.7,6.9,Tete,152.0,1118,0,1,2,15,0,0,0,3,0,0,0,136,224.6,106.5,115.0,44.6,13,1.02,0.33,1.35,13.66,89,29,147,33,111,13,116,27,,,,,,,0.08,0.0,0.03,0.11,1.1,1.21,368,60,83,18,186,53,278,103,1.05,0.16
310,100.0,100.0,245824,0,0,0,0,0,4,0.0,-0.5,0,Carlos Vinícius,0.0,258,False,,2024-09-13T15:30:06.747794Z,50,245824.jpg,0.0,Alves Morais,0.3,False,,a,9,54,0,34641,663,73116,721,0.0,0.0,Vinicius,30.0,0,0,0,0,0,0,0,0,0,0,0,0,0,0.0,0.0,0.0,0.0,0,0.00,0.00,0.00,0.00,665,65,661,64,656,63,665,65,,,,,,,0.0,0.0,0.0,0.0,0.0,0.0,212,46,651,64,665,66,306,46,0.0,0.0
311,,,153682,0,0,-3,3,1,3,5.2,4.7,1,Harry,5.2,259,False,,,52,153682.jpg,2.8,Wilson,0.5,False,,a,9,54,25,59934,1503,33574,5059,1.0,4.8,Wilson,244.0,132,3,0,0,4,0,0,0,2,0,0,3,86,108.0,22.5,81.0,20.8,0,0.78,0.12,0.90,2.77,228,95,310,177,153,96,252,124,3.0,,3.0,,,,0.53,0.0,0.08,0.61,1.89,2.73,164,99,26,15,141,61,263,85,0.0,0.0
312,100.0,75.0,184349,0,0,-3,3,0,2,0.2,-0.2,1,Ryan,0.2,579,False,,2024-11-29T14:30:06.735790Z,42,184349.jpg,1.0,Sessegnon,0.1,False,,a,9,54,1,3892,87,14715,285,0.0,0.2,Sessegnon,241.0,4,0,0,0,0,0,0,0,0,0,0,0,2,2.0,0.0,0.0,0.2,0,0.00,0.00,0.00,0.02,446,153,521,203,488,192,457,156,,,,,,,0.0,0.0,0.0,0.0,0.45,0.0,578,152,363,116,371,127,430,156,0.0,0.0
313,0.0,0.0,246301,0,0,-1,1,0,2,0.0,0.0,0,Jorge,0.0,586,False,Knock - Expected back 05 Dec,2024-11-29T14:30:06.749491Z,44,246301.jpg,1.0,Cuenca Barreno,0.0,False,,i,9,54,1,1046,6,4611,110,0.0,0.2,J.Cuenca,200.0,1,0,0,0,1,0,0,0,0,0,0,0,1,4.2,0.0,0.0,0.4,0,0.00,0.00,0.00,0.37,429,149,551,218,526,213,447,154,,,,,,,0.0,0.0,0.0,0.0,33.3,90.0,513,113,514,211,381,134,535,189,0.0,0.0
314,,,577725,0,0,0,0,0,3,0.0,-0.5,0,Josh,0.0,604,False,,,45,577725.jpg,0.0,King,0.1,False,,a,9,54,0,11270,148,10845,252,0.0,0.0,King,241.0,0,0,0,0,0,0,0,0,0,0,0,0,0,0.0,0.0,0.0,0.0,0,0.00,0.00,0.00,0.00,634,278,631,282,611,273,636,280,,,,,,,0.0,0.0,0.0,0.0,0.0,0.0,464,287,601,252,639,282,454,167,0.0,0.0
315,,,573062,0,0,0,0,0,3,0.0,-0.5,0,Martial,0.0,605,False,,,45,573062.jpg,0.0,Godo,0.0,False,,a,9,54,0,4034,48,4048,77,0.0,0.0,Godo,241.0,0,0,0,0,0,0,0,0,0,0,0,0,0,0.0,0.0,0.0,0.0,0,0.00,0.00,0.00,0.00,629,276,626,280,606,271,631,278,,,,,,,0.0,0.0,0.0,0.0,0.0,0.0,459,285,596,250,634,280,551,222,0.0,0.0
316,,,207189,0,0,0,0,0,3,1.8,1.3,2,Sander,1.8,622,False,,,50,207189.jpg,1.7,Berge,0.0,False,,a,9,54,17,2880,56,2059,83,0.4,3.4,Berge,161.0,611,0,0,1,10,0,0,0,0,0,0,0,100,115.6,123.4,13.0,25.1,6,0.08,0.26,0.34,8.52,217,89,125,91,313,171,230,115,,,,,,,0.01,0.0,0.04,0.05,1.25,1.47,201,126,178,87,281,130,585,246,0.88,0.15
317,,,591385,0,0,0,0,0,2,1.2,0.7,0,Samuel,0.0,690,False,,,40,591385.jpg,0.0,Amissah,0.0,False,,a,9,54,0,65,65,6,6,0.0,0.0,Amissah,,0,0,0,0,0,0,0,0,0,0,0,0,0,0.0,0.0,0.0,0.0,0,0.00,0.00,0.00,0.00,532,200,512,198,477,185,534,200,,,,,,,0.0,0.0,0.0,0.0,0.0,0.0,676,216,466,179,539,199,682,228,0.0,0.0
318,100.0,100.0,462387,0,0,-2,2,0,4,0.3,0.3,0,Ali,0.3,260,False,,2024-10-05T09:30:06.031534Z,48,462387.jpg,0.5,Al-Hamadi,0.3,False,,a,10,40,2,42400,1208,57035,1027,0.1,0.4,Al-Hamadi,103.0,41,0,0,0,1,0,0,0,2,0,0,0,3,4.0,11.9,4.0,2.0,0,0.00,0.02,0.02,0.74,433,42,341,38,365,43,417,43,,,,,2.0,,0.0,0.0,0.04,0.04,1.62,2.2,317,61,340,40,461,49,310,48,0.0,0.0
319,0.0,0.0,517178,0,0,0,0,0,2,0.0,0.0,0,Elkan,0.0,261,False,Season long loan to Blackpool,2024-08-07T08:20:38.133494Z,40,517178.jpg,0.0,Baggott,0.0,False,,u,10,40,0,0,0,2485,18,0.0,0.0,Baggott,,0,0,0,0,0,0,0,0,0,0,0,0,0,0.0,0.0,0.0,0.0,0,0.00,0.00,0.00,0.00,520,188,500,186,462,170,522,188,,,,,,,0.0,0.0,0.0,0.0,0.0,0.0,661,201,452,165,526,186,608,206,0.0,0.0
320,100.0,100.0,173818,0,0,-1,1,0,3,0.3,0.3,1,Nathan,0.3,262,False,,2024-11-13T14:30:07.893005Z,49,173818.jpg,1.0,Broadhead,0.0,False,,a,10,40,1,765,21,1489,27,0.1,0.2,Broadhead,244.0,11,0,0,0,0,0,0,0,0,0,0,0,5,2.0,1.8,0.0,0.4,0,0.00,0.00,0.00,0.04,447,216,402,212,638,289,449,217,,,1.0,,3.0,,0.0,0.0,0.0,0.0,0.33,0.0,255,164,343,172,412,200,638,282,0.0,0.0
321,,,122411,1,-1,0,0,0,2,2.0,2.0,2,Cameron,2.0,263,False,,,40,122411.jpg,1.5,Burgess,2.4,False,,a,10,40,9,274231,22818,72149,4018,0.5,2.2,Burgess,13.0,540,0,0,0,10,0,0,0,0,0,0,0,45,110.2,19.4,61.0,19.2,6,0.52,0.09,0.61,11.70,225,85,316,101,192,44,261,85,,,,,,,0.09,0.0,0.02,0.11,1.95,1.67,600,164,144,43,305,100,121,50,1.0,0.0
322,100.0,100.0,149929,0,0,-2,2,0,3,2.0,2.0,1,Wes,2.0,264,False,,2024-11-13T14:30:07.906131Z,48,149929.jpg,1.6,Burns,0.0,False,,a,10,40,16,2563,172,8567,115,0.4,3.3,Burns,244.0,503,0,1,0,13,0,0,0,1,0,0,0,77,54.4,99.0,27.0,17.3,6,0.23,0.63,0.86,14.65,308,146,161,106,262,144,276,136,,,,,,,0.04,0.0,0.11,0.15,2.62,2.33,294,193,149,69,295,133,541,217,1.07,0.0
323,,,196411,0,0,-4,4,0,3,1.0,1.0,2,Conor,1.0,265,False,,,51,196411.jpg,1.6,Chaplin,0.1,False,,a,10,40,18,4750,100,20743,219,0.2,3.5,Chaplin,241.0,356,0,1,1,5,0,0,0,1,0,0,0,65,47.0,70.1,47.0,16.0,4,0.51,0.28,0.79,8.17,324,156,198,121,217,125,286,141,,,,,,,0.13,0.0,0.07,0.2,2.07,1.26,179,110,245,126,300,138,441,160,1.01,0.25
324,100.0,100.0,232228,0,0,0,0,0,2,0.3,0.3,1,Harry,0.3,266,False,,2024-10-26T20:00:07.408041Z,40,232228.jpg,-1.0,Clarke,0.1,False,,a,10,40,-3,5033,426,4526,170,0.1,-0.8,H.Clarke,241.0,106,0,0,0,4,1,0,0,0,1,0,0,-19,1.6,5.8,2.0,0.6,1,0.00,0.05,0.05,3.86,451,154,376,127,372,126,442,151,,,,,,,0.0,0.0,0.04,0.04,3.28,3.4,624,179,322,96,690,229,505,183,0.85,0.0
325,,,455084,0,0,0,0,2,2,1.7,1.7,2,Leif,1.7,267,False,,,45,455084.jpg,2.8,Davis,2.5,False,,a,10,40,36,279131,11814,190169,4337,0.4,8.0,Davis,241.0,1170,1,2,1,24,0,0,0,2,0,0,5,140,249.8,431.3,77.0,75.9,13,0.59,2.78,3.37,27.40,66,19,6,1,161,30,33,3,1.0,,4.0,,,,0.05,0.0,0.21,0.26,2.11,1.85,400,78,188,58,136,36,115,48,1.0,0.08
326,,,463034,0,0,1,-1,1,4,5.0,5.0,2,Liam,5.0,268,False,,,56,463034.jpg,4.2,Delap,5.0,False,,a,10,40,55,985816,39481,514599,19060,0.9,9.8,Delap,241.0,945,6,1,1,19,0,0,0,3,0,0,7,202,239.6,110.3,284.0,63.0,12,3.54,0.15,3.69,20.15,75,11,144,15,31,15,55,13,,,,,,,0.34,0.0,0.01,0.35,1.92,1.81,107,32,33,8,45,15,74,14,1.14,0.1
327,0.0,0.0,214964,0,0,0,0,0,2,0.0,0.0,0,George,0.0,269,False,Loaned to Middlesbrough,2024-08-31T08:22:49.668219Z,40,214964.jpg,1.0,Edmundson,0.1,False,,u,10,40,1,2076,0,13336,85,0.0,0.2,Edmundson,,1,0,0,0,0,0,0,0,0,0,0,0,3,0.0,0.0,0.0,0.0,0,0.00,0.00,0.00,0.00,485,169,464,167,425,150,487,169,,,,,,,0.0,0.0,0.0,0.0,0.0,0.0,617,174,412,142,366,123,471,170,0.0,0.0
328,100.0,100.0,449429,0,0,0,0,0,2,0.0,0.0,0,Jacob,0.0,270,False,,2024-11-22T17:30:09.014564Z,40,449429.jpg,1.6,Greaves,3.9,False,,a,10,40,11,703955,2966,366651,4564,0.0,2.8,Greaves,241.0,630,0,0,1,14,0,0,0,1,0,0,0,53,154.8,4.7,55.0,21.5,7,0.42,0.01,0.43,15.70,171,67,379,129,201,51,247,80,,,,,,,0.06,0.0,0.0,0.06,2.24,2.0,637,186,429,151,285,90,84,31,1.0,0.14
329,0.0,0.0,167191,0,0,-1,1,0,3,0.0,0.0,0,Marcus,0.0,271,False,Loaned to Derby County,2024-08-31T08:21:56.022360Z,49,167191.jpg,1.0,Myers-Harness,0.0,False,,u,10,40,2,347,0,2321,5,0.0,0.4,Harness,,43,0,0,0,2,0,0,0,0,0,0,0,4,9.4,1.9,6.0,1.7,0,0.00,0.05,0.05,1.36,411,198,399,211,353,192,425,206,,,,,,,0.0,0.0,0.1,0.1,2.85,4.19,253,162,629,272,411,199,639,283,0.0,0.0
330,0.0,0.0,222625,0,0,-1,1,1,4,0.0,0.0,0,George,0.3,272,False,Knee injury - Expected back 16 Jan,2024-11-22T17:00:09.158802Z,54,222625.jpg,2.1,Hirst,0.0,False,,i,10,40,17,9899,43,9536,302,0.1,3.1,Hirst,241.0,174,1,1,0,4,0,0,0,1,0,0,2,56,60.2,37.0,68.0,16.7,1,0.77,0.10,0.87,6.50,303,29,273,30,182,34,280,32,,,,,1.0,,0.4,0.0,0.05,0.45,3.36,2.07,134,39,354,43,225,29,550,70,0.52,0.0
331,0.0,0.0,524180,0,0,0,0,0,3,0.0,0.0,0,Cameron,0.0,273,False,Loaned to Wycombe,2024-08-23T12:39:48.370081Z,45,524180.jpg,0.0,Humphreys,0.0,False,,u,10,40,0,651,0,4815,33,0.0,0.0,Humphreys,,0,0,0,0,0,0,0,0,0,0,0,0,0,0.0,0.0,0.0,0.0,0,0.00,0.00,0.00,0.00,614,264,611,268,591,259,616,266,,,,,,,0.0,0.0,0.0,0.0,0.0,0.0,443,272,581,237,620,268,615,267,0.0,0.0
332,100.0,100.0,503301,0,0,-3,3,0,3,4.0,4.0,2,Omari,4.0,274,False,,2024-11-20T14:00:07.757189Z,52,503301.jpg,2.8,Giraud-Hutchinson,0.4,False,,a,10,40,33,37454,3077,57801,1686,0.8,6.3,Hutchinson,241.0,1042,1,1,2,19,0,0,0,4,0,0,3,118,146.2,171.8,175.0,49.5,12,0.90,1.03,1.93,21.76,176,66,81,61,68,42,96,57,,,3.0,,,,0.08,0.0,0.09,0.17,1.88,1.64,171,103,53,26,142,62,291,97,1.04,0.17
333,75.0,75.0,222018,0,0,0,0,0,2,0.2,0.2,0,Ben,0.3,275,False,Knock - 75% chance of playing,2024-11-25T09:30:07.489482Z,40,222018.jpg,1.2,Johnson,1.9,False,,d,10,40,7,200236,170,365754,5239,0.1,1.8,Johnson,241.0,401,0,1,0,12,0,0,0,1,0,0,0,14,96.8,44.6,9.0,15.1,4,0.04,0.24,0.28,12.80,245,91,258,75,332,111,291,94,,,,,,,0.01,0.0,0.05,0.06,2.87,2.69,621,178,321,95,342,110,141,55,0.9,0.0
334,0.0,0.0,94926,0,0,0,0,0,4,0.0,0.0,0,Freddie,0.0,276,False,Mutual termination of contract,2024-08-31T06:23:26.859072Z,45,94926.jpg,0.0,Ladapo,0.6,False,,u,10,40,0,59882,0,195945,1535,0.0,0.0,Ladapo,,0,0,0,0,0,0,0,0,0,0,0,0,0,0.0,0.0,0.0,0.0,0,0.00,0.00,0.00,0.00,569,48,563,48,538,46,571,48,,,,,,,0.0,0.0,0.0,0.0,0.0,0.0,358,63,528,46,575,51,242,41,0.0,0.0
335,100.0,100.0,106606,0,0,0,0,0,3,0.3,0.3,0,Massimo,0.3,277,False,,2024-10-08T11:00:07.389122Z,45,106606.jpg,1.4,Luongo,0.3,False,,a,10,40,7,65838,160,71547,952,0.1,1.6,Luongo,13.0,143,0,0,0,4,0,0,0,0,0,0,0,26,25.0,4.3,0.0,3.0,2,0.00,0.00,0.00,5.08,360,167,381,205,540,225,391,191,,,,,,,0.0,0.0,0.0,0.0,3.2,2.52,360,227,332,166,319,149,317,103,1.26,0.0
336,100.0,100.0,74944,0,0,-1,1,0,3,2.0,2.0,2,Sam,2.0,278,False,,2024-10-26T20:00:07.464596Z,49,74944.jpg,2.8,Morsy,0.2,False,,a,10,40,34,34313,721,36834,1115,0.4,6.9,Morsy,63.0,1073,1,1,1,20,0,0,0,4,0,0,5,196,204.6,145.1,18.0,36.7,12,0.24,0.77,1.01,23.04,110,39,104,78,296,166,151,85,,,,,,,0.02,0.0,0.06,0.08,1.93,1.68,239,154,152,71,139,59,355,122,1.01,0.08
337,0.0,0.0,246265,0,0,0,0,0,2,0.0,0.0,0,Corrie,0.0,279,False,Permanent transfer to Kilmarnock,2024-08-01T06:52:12.954431Z,40,246265.jpg,0.0,Ndaba,0.0,False,,u,10,40,0,0,0,573,2,0.0,0.0,Ndaba,,0,0,0,0,0,0,0,0,0,0,0,0,0,0.0,0.0,0.0,0.0,0,0.00,0.00,0.00,0.00,490,172,469,170,430,153,492,172,,,,,,,0.0,0.0,0.0,0.0,0.0,0.0,626,181,418,146,495,169,660,222,0.0,0.0
338,,,434044,0,0,0,0,0,1,0.0,0.0,0,Cieran,0.0,280,False,,,40,434044.jpg,0.0,Slicker,0.7,False,,a,10,40,0,25750,137,43722,718,0.0,0.0,Slicker,243.0,0,0,0,0,0,0,0,0,0,0,0,0,0,0.0,0.0,0.0,0.0,0,0.00,0.00,0.00,0.00,493,52,473,31,434,22,495,52,,,,,,,0.0,0.0,0.0,0.0,0.0,0.0,630,60,422,44,498,52,238,33,0.0,0.0
339,100.0,100.0,231899,0,0,-2,2,0,3,0.7,0.7,1,Jack,0.7,281,False,,2024-11-22T17:30:09.045912Z,48,231899.jpg,0.8,Taylor,0.0,False,,a,10,40,6,1379,35,3274,35,0.1,1.2,Taylor,104.0,169,0,0,0,2,0,0,0,2,0,0,0,17,29.8,36.4,22.0,8.7,0,0.33,0.24,0.57,2.86,350,163,275,166,276,153,335,169,,,,,,,0.18,0.0,0.13,0.31,1.52,1.07,310,205,284,147,444,219,589,249,0.0,0.0
340,75.0,100.0,180804,0,0,0,0,0,2,1.0,1.3,1,Axel,1.3,282,False,Hamstring injury - 75% chance of playing,2024-11-30T22:00:07.627808Z,40,180804.jpg,1.7,Tuanzebe,2.3,False,,d,10,40,15,377833,2913,260999,5186,0.3,3.8,Tuanzebe,50.0,770,0,0,1,13,0,0,0,3,0,0,0,54,122.2,48.3,19.0,18.9,9,0.18,0.05,0.23,15.48,212,80,246,68,288,88,265,88,,,,,,,0.02,0.0,0.01,0.03,1.81,1.52,608,168,209,61,271,83,126,51,1.05,0.12
341,,,108813,-1,1,-2,2,0,1,0.0,0.0,0,Christian,0.0,283,False,,,43,108813.jpg,2.0,Walton,0.2,False,,a,10,40,2,8350,108,15907,210,0.0,0.5,Walton,241.0,90,0,0,0,2,0,0,0,0,0,3,0,9,28.2,0.0,0.0,2.8,1,0.00,0.00,0.00,2.65,354,30,530,53,499,45,397,30,,,,,,,0.0,3.0,0.0,0.0,2.65,2.0,541,30,488,64,227,28,389,56,1.0,0.0
342,,,220583,0,0,0,0,0,2,0.0,0.0,0,Luke,0.0,284,False,,,40,220583.jpg,0.8,Woolfenden,1.6,False,,a,10,40,4,117504,237,96560,2120,0.0,1.0,Woolfenden,241.0,377,0,0,0,10,0,0,0,1,0,0,0,23,72.2,2.8,6.0,8.2,4,0.03,0.01,0.04,9.44,277,99,391,136,344,114,337,108,,,,,,,0.01,0.0,0.0,0.01,2.25,2.39,620,177,414,144,437,143,159,61,0.95,0.0
343,75.0,75.0,155405,0,0,-1,1,0,3,0.0,0.0,0,Kalvin,0.0,359,False,Knock - 75% chance of playing,2024-11-22T17:30:09.216627Z,49,155405.jpg,1.6,Phillips,0.1,False,,d,10,40,11,4548,13,10793,167,0.0,2.2,Phillips,241.0,536,0,0,1,14,0,0,0,1,1,0,0,69,68.4,55.7,25.0,14.7,7,0.31,0.22,0.53,12.49,288,133,228,141,269,149,296,146,2.0,,2.0,,,,0.05,0.0,0.04,0.09,2.1,2.35,249,159,628,271,299,137,501,192,1.18,0.17
344,100.0,100.0,232917,0,0,-1,1,0,1,3.0,3.0,3,Arijanet,3.0,568,False,,2024-08-17T20:30:06.519689Z,44,232917.jpg,2.9,Muric,1.1,False,,a,10,40,35,154951,2879,89432,2037,0.7,8.0,Muric,286.0,1080,0,0,1,22,0,0,0,1,0,50,3,128,368.0,0.0,0.0,36.7,12,0.00,0.00,0.00,24.75,14,3,550,60,524,52,150,3,,,,,,,0.0,4.17,0.0,0.0,2.06,1.83,508,23,91,11,126,22,198,27,1.0,0.08
345,,,108053,0,0,0,0,0,2,0.0,0.0,0,Conor,0.0,583,False,,,40,108053.jpg,1.0,Townsend,0.4,False,,a,10,40,1,22097,303,26828,616,0.0,0.2,Townsend,241.0,1,0,0,0,1,0,0,0,0,0,0,0,2,4.0,10.0,0.0,1.4,0,0.00,0.00,0.00,0.23,430,150,356,116,408,141,434,148,,,,,,,0.0,0.0,0.0,0.0,20.7,90.0,597,162,396,133,364,121,282,106,0.0,0.0
346,,,172453,0,0,-2,2,0,3,4.3,4.3,2,Sam,4.3,611,False,,,58,172453.jpg,2.9,Szmodics,0.4,False,,a,10,40,38,95154,3000,70925,3408,0.7,6.6,Szmodics,104.0,664,3,0,1,11,0,0,0,1,0,0,2,106,140.6,52.4,165.0,35.2,9,2.64,0.14,2.78,16.02,184,70,236,144,78,47,160,89,,,,,,,0.36,0.0,0.02,0.38,2.17,1.49,87,55,46,24,133,56,268,88,1.22,0.14
347,100.0,100.0,454667,0,0,0,0,0,3,1.7,1.7,1,Jens,1.7,619,False,,2024-10-04T00:00:05.976169Z,45,454667.jpg,1.4,Cajuste,0.1,False,,a,10,40,10,12938,1170,7407,361,0.4,2.2,Cajuste,206.0,406,0,0,0,8,0,0,0,2,0,0,0,43,29.2,38.9,6.0,7.3,5,0.08,0.16,0.24,11.12,352,165,265,160,350,190,344,173,,,,,,,0.02,0.0,0.04,0.06,2.47,1.77,399,241,187,90,320,150,480,180,1.11,0.0
348,100.0,100.0,216616,0,0,0,0,0,2,1.7,1.7,1,Dara,1.7,630,False,,2024-10-18T17:30:07.558521Z,40,216616.jpg,1.7,O'Shea,1.3,False,,a,10,40,17,184067,13759,57987,2783,0.4,4.2,O'Shea,104.0,872,0,0,1,17,0,0,0,2,0,0,1,86,249.6,7.6,82.0,34.0,10,0.58,0.07,0.65,19.89,67,20,363,118,146,24,170,45,,,,,,,0.06,0.0,0.01,0.07,2.05,1.75,618,175,180,52,272,84,187,73,1.03,0.1
349,,,443261,0,0,0,0,0,3,1.0,1.0,1,Jack,1.0,631,False,,,55,443261.jpg,1.5,Clarke,0.0,False,,a,10,40,16,6343,96,4978,193,0.2,2.9,J.Clarke,241.0,404,0,1,0,10,0,0,0,1,0,0,0,67,66.4,86.8,65.0,21.7,3,0.69,0.56,1.25,9.17,293,134,173,111,187,111,246,122,,,,,,,0.15,0.0,0.12,0.27,2.04,2.23,120,74,249,130,317,147,533,211,0.67,0.0
350,0.0,0.0,229164,0,0,-1,1,0,3,0.0,0.0,0,Chiedozie,0.0,632,False,Achilles injury - Expected back 01 Jun,2024-10-26T20:00:08.138345Z,49,229164.jpg,1.4,Ogbene,0.0,False,,i,10,40,7,2217,1,2082,35,0.0,1.4,Ogbene,104.0,237,0,0,0,3,0,0,0,0,0,0,0,29,22.8,30.2,12.0,6.4,3,0.00,0.05,0.05,2.36,366,172,287,171,315,173,352,175,,,,,,,0.0,0.0,0.02,0.02,0.9,1.14,267,174,634,277,326,156,637,281,1.14,0.0
351,100.0,100.0,536916,0,0,0,0,1,3,3.0,3.0,8,Facundo,3.0,117,False,,2024-11-10T23:00:07.412875Z,50,536916.jpg,4.2,Buonanotte,1.4,False,,a,11,13,46,402086,8485,273689,6692,0.6,9.2,Buonanotte,10.0,792,4,2,1,18,0,0,0,5,0,0,4,199,290.4,281.3,222.0,79.4,9,3.16,1.34,4.50,15.98,41,10,31,25,47,31,30,22,3.0,,,,,,0.36,0.0,0.15,0.51,1.82,2.05,234,150,96,46,43,21,178,53,1.02,0.11
352,100.0,100.0,80146,0,0,-3,3,0,3,3.7,3.7,2,Jordan,3.7,192,False,,2024-11-21T10:30:08.369234Z,52,80146.jpg,2.5,Ayew,0.3,False,,a,11,13,33,22937,1130,43602,1345,0.7,6.3,J.Ayew,81.0,610,3,0,1,16,0,0,0,4,0,0,2,112,134.8,84.5,173.0,39.1,6,2.53,0.35,2.88,12.72,195,76,177,113,70,43,138,82,,,2.0,,2.0,,0.37,0.0,0.05,0.42,1.88,2.36,159,95,61,30,178,77,333,111,0.89,0.15
353,100.0,100.0,199670,0,0,-3,3,0,4,0.3,0.3,0,Odsonne,0.3,198,False,,2024-09-05T11:30:06.462155Z,52,199670.jpg,1.2,Edouard,0.2,False,,a,11,13,7,33058,455,85908,709,0.1,1.3,Edouard,73.0,141,0,0,0,3,0,0,0,0,0,0,0,14,5.0,25.0,50.0,8.0,1,0.39,0.07,0.46,3.72,427,41,303,34,212,35,338,35,,,,,,,0.25,0.0,0.04,0.29,2.37,1.91,166,43,349,42,355,36,337,53,0.64,0.0
354,,,225902,0,0,-1,1,0,3,1.7,1.7,2,Boubakary,1.7,285,False,,,44,225902.jpg,1.0,Soumaré,0.4,False,,a,11,13,7,53204,6909,32244,2260,0.4,1.6,B.Soumaré,73.0,291,0,0,0,9,0,0,0,3,0,0,0,40,29.2,28.8,4.0,6.2,3,0.05,0.30,0.35,6.68,351,164,293,173,362,198,355,178,,,,,,,0.02,0.0,0.09,0.11,2.07,2.78,503,301,183,89,378,177,274,90,0.93,0.0
355,0.0,0.0,461416,0,0,0,0,0,4,0.0,0.0,0,Tom,0.0,286,False,Loaned to Stoke City,2024-08-31T06:20:48.397195Z,45,461416.jpg,0.0,Cannon,0.4,False,,u,11,13,0,49177,0,141210,893,0.0,0.0,Cannon,,0,0,0,0,0,0,0,0,0,0,0,0,0,0.0,0.0,0.0,0.0,0,0.00,0.00,0.00,0.00,589,51,585,51,563,49,591,51,,,,,,,0.0,0.0,0.0,0.0,0.0,0.0,403,67,550,50,595,54,270,44,0.0,0.0
356,100.0,100.0,197469,0,0,-1,1,0,3,0.0,0.0,0,Hamza,0.0,287,False,,2024-10-04T00:00:05.751780Z,44,197469.jpg,1.0,Choudhury,0.4,False,,a,11,13,1,67934,661,63274,1148,0.0,0.2,Choudhury,241.0,14,0,0,0,1,0,0,0,0,0,0,0,4,3.0,0.0,0.0,0.3,0,0.00,0.00,0.00,1.03,439,212,543,226,516,215,452,219,,,,,,,0.0,0.0,0.0,0.0,6.62,6.43,491,299,506,188,377,176,292,98,0.0,0.0
357,100.0,100.0,94147,0,0,0,0,0,2,0.0,0.0,0,Conor,0.0,288,False,,2024-08-12T14:30:04.626270Z,40,94147.jpg,0.0,Coady,0.3,False,,a,11,13,0,25359,565,24488,630,0.0,0.0,Coady,241.0,97,0,0,0,5,0,0,0,1,0,0,0,-7,27.4,0.8,0.0,2.8,1,0.00,0.01,0.01,3.39,355,126,417,149,406,140,396,133,,,,,,,0.0,0.0,0.01,0.01,3.15,4.64,595,161,394,132,475,159,316,117,0.93,0.0
358,100.0,100.0,245419,0,0,-2,2,0,4,0.7,0.7,1,Patson,0.7,289,False,,2024-08-12T14:30:04.636525Z,48,245419.jpg,1.0,Daka,0.2,False,,a,11,13,2,22804,4171,35995,1003,0.1,0.4,Daka,238.0,37,0,0,0,0,0,0,0,0,0,0,0,7,2.2,2.5,11.0,1.5,0,0.07,0.00,0.07,0.21,444,45,395,43,322,41,432,45,,,,,3.0,,0.17,0.0,0.0,0.17,0.51,0.0,312,59,285,36,408,40,383,58,0.0,0.0
359,100.0,100.0,96994,0,0,-3,3,0,3,1.7,1.7,1,Bobby,1.7,290,False,,2024-11-08T16:00:07.429188Z,52,96994.jpg,1.6,De Cordova-Reid,0.1,False,,a,11,13,13,2868,33,13259,105,0.3,2.5,De Cordova-Reid,107.0,180,0,1,0,4,0,0,0,0,0,0,0,39,12.8,18.0,21.0,5.2,2,0.10,0.06,0.16,4.22,398,189,320,184,284,159,370,185,,,,,,,0.05,0.0,0.03,0.08,2.11,2.0,162,97,197,98,301,139,497,189,1.0,0.0
360,,,218218,0,0,1,-1,0,2,0.3,0.3,0,Wout,0.3,291,False,,,41,218218.jpg,1.8,Faes,11.4,False,,a,11,13,23,1291401,11833,800822,28373,0.1,5.6,Faes,21.0,1170,1,0,1,27,0,0,0,2,0,0,0,92,316.6,33.8,73.0,42.4,13,0.94,0.17,1.11,25.70,26,7,280,82,170,36,125,30,,,,,,,0.07,0.0,0.01,0.08,1.98,2.08,584,155,324,98,255,77,35,12,1.0,0.08
361,,,549640,0,0,-1,1,0,3,0.0,0.0,0,Michael,0.0,292,False,,,44,549640.jpg,0.0,Golding,0.3,False,,a,11,13,0,42988,622,26097,1224,0.0,0.0,Golding,241.0,0,0,0,0,0,0,0,0,0,0,0,0,0,0.0,0.0,0.0,0.0,0,0.00,0.00,0.00,0.00,564,228,558,232,533,222,566,230,,,,,,,0.0,0.0,0.0,0.0,0.0,0.0,528,311,523,197,571,233,326,106,0.0,0.0
362,,,467189,0,0,0,0,0,1,1.0,1.0,0,Mads,1.0,293,False,,,45,467189.jpg,2.3,Hermansen,0.8,False,,a,11,13,30,106143,859,78012,2973,0.2,6.7,Hermansen,58.0,1170,0,0,1,27,0,0,0,0,0,49,0,126,407.0,0.2,0.0,40.8,13,0.00,0.00,0.00,25.70,8,2,430,8,569,58,130,2,,,,,,,0.0,3.77,0.0,0.0,1.98,2.08,409,17,234,20,199,26,224,31,1.0,0.08
363,,,207270,0,0,0,0,0,1,0.0,0.0,0,Daniel,0.0,294,False,,,40,207270.jpg,0.0,Iversen,0.6,False,,a,11,13,0,22702,144,36692,700,0.0,0.0,Iversen,58.0,0,0,0,0,0,0,0,0,0,0,0,0,0,0.0,0.0,0.0,0.0,0,0.00,0.00,0.00,0.00,482,46,461,24,422,15,484,46,,,,,,,0.0,0.0,0.0,0.0,0.0,0.0,614,53,409,37,488,46,245,35,0.0,0.0
364,,,220627,0,0,1,-1,2,2,0.3,0.3,-1,James,0.3,295,False,,,46,220627.jpg,2.7,Justin,3.1,False,,a,11,13,32,581081,1544,299308,21694,0.1,7.0,Justin,241.0,1072,2,1,1,26,0,0,0,2,0,0,2,112,275.2,83.3,80.0,43.9,12,0.50,0.20,0.70,24.66,51,15,181,45,154,27,118,28,,,,,,,0.04,0.0,0.02,0.06,2.07,2.18,350,50,335,106,152,41,103,43,1.01,0.08
365,100.0,100.0,481510,0,0,0,0,0,2,0.0,0.0,0,Victor,0.0,296,False,,2024-10-27T22:00:06.301413Z,45,481510.jpg,1.3,Kristiansen,0.1,False,,a,11,13,14,8965,143,13486,293,0.0,3.1,Kristiansen,58.0,947,0,0,1,20,1,0,0,1,0,0,0,94,212.0,172.4,4.0,38.8,11,0.00,0.57,0.57,21.12,104,38,79,17,363,122,140,35,4.0,,,,,,0.0,0.0,0.05,0.05,2.01,1.9,413,82,558,221,335,109,427,154,1.05,0.1
366,0.0,0.0,461584,0,0,0,0,0,3,0.0,0.0,0,Wanya,0.0,297,False,Loaned to De Graafschap,2024-08-31T06:21:32.289998Z,45,461584.jpg,0.0,Marçal-Madivádua,0.0,False,,u,11,13,0,754,0,4200,26,0.0,0.0,Marcal,,0,0,0,0,0,0,0,0,0,0,0,0,0,0.0,0.0,0.0,0.0,0,0.00,0.00,0.00,0.00,591,244,587,248,565,239,593,246,,,,,,,0.0,0.0,0.0,0.0,0.0,0.0,405,243,552,213,597,248,612,264,0.0,0.0
367,,,154048,0,0,-2,2,0,3,0.7,0.7,1,Stephy,0.7,298,False,,,53,154048.jpg,2.6,Mavididi,0.5,False,,a,11,13,31,163931,281,168743,4046,0.1,5.8,Mavididi,241.0,653,2,0,1,11,0,0,0,2,0,0,3,109,138.2,176.8,122.0,43.3,7,1.02,1.94,2.96,13.32,191,73,75,59,103,65,120,70,,,1.0,,4.0,,0.14,0.0,0.27,0.41,1.84,1.52,147,85,294,152,168,73,252,81,0.96,0.14
368,,,461587,0,0,-3,3,0,3,1.0,1.0,0,Kasey,1.0,299,False,,,47,461587.jpg,1.2,McAteer,0.0,False,,a,11,13,7,2624,158,4479,133,0.2,1.5,McAteer,104.0,106,0,0,0,1,0,0,0,0,0,0,0,18,9.8,4.7,15.0,2.7,1,0.08,0.01,0.09,2.09,406,196,380,204,305,167,400,197,,,,,,,0.07,0.0,0.01,0.08,1.77,0.85,338,220,237,119,347,169,547,220,0.85,0.0
369,,,203341,0,0,0,0,1,3,1.7,1.7,2,Wilfred,1.7,300,False,,,50,203341.jpg,2.6,Ndidi,0.4,False,,a,11,13,34,103748,293,89141,2673,0.3,6.8,Ndidi,157.0,1075,0,4,1,23,1,0,0,4,0,0,1,177,274.2,152.3,154.0,57.9,13,1.18,1.12,2.30,22.57,52,17,97,73,87,53,70,43,,,,,,,0.1,0.0,0.09,0.19,1.89,1.93,198,124,194,96,163,68,289,96,1.09,0.08
370,75.0,,473341,0,0,0,0,0,2,0.2,0.3,0,Caleb,0.3,301,False,Knee injury - 75% chance of playing,2024-11-30T22:00:07.641824Z,40,473341.jpg,1.6,Okoli,1.1,False,,d,11,13,14,161740,496,69323,6139,0.1,3.5,Okoli,106.0,754,0,0,1,17,0,0,0,1,0,0,1,74,217.4,7.1,36.0,26.0,9,0.14,0.04,0.18,18.90,99,35,367,121,238,67,224,69,,,,,,,0.02,0.0,0.0,0.02,2.26,2.03,645,189,323,97,286,91,196,76,1.07,0.12
371,0.0,0.0,111931,0,0,-3,3,0,2,0.0,0.0,0,Ricardo,0.0,302,False,Hamstring injury - Expected back 01 Mar,2024-11-10T23:00:07.847243Z,42,111931.jpg,1.0,Barbosa Pereira,0.1,False,,i,11,13,2,4432,20,18173,336,0.0,0.5,Ricardo,173.0,146,0,0,0,4,0,0,0,1,0,0,0,10,13.8,5.7,2.0,2.2,2,0.00,0.03,0.03,2.08,395,140,377,128,374,128,408,137,,,,,,,0.0,0.0,0.02,0.02,1.28,2.47,576,150,477,187,370,126,447,161,1.23,0.0
372,0.0,0.0,194190,0,0,0,0,0,2,0.0,0.0,0,Harry,0.0,303,False,Season long loan to Sheffield United,2024-08-07T08:21:01.638839Z,40,194190.jpg,0.0,Souttar,0.0,False,,u,11,13,0,0,0,1348,7,0.0,0.0,Souttar,,0,0,0,0,0,0,0,0,0,0,0,0,0,0.0,0.0,0.0,0.0,0,0.00,0.00,0.00,0.00,478,165,457,163,418,146,480,165,,,,,,,0.0,0.0,0.0,0.0,0.0,0.0,610,170,405,138,484,163,635,213,0.0,0.0
373,0.0,0.0,436680,0,0,0,0,0,1,0.0,0.0,0,Jakub,0.0,304,False,Ankle injury - Expected back 25 Jan,2024-07-25T11:00:04.015354Z,40,436680.jpg,0.0,Stolarczyk,0.0,False,,i,11,13,0,3702,35,4103,81,0.0,0.0,Stolarczyk,172.0,0,0,0,0,0,0,0,0,0,0,0,0,0,0.0,0.0,0.0,0.0,0,0.00,0.00,0.00,0.00,494,53,474,32,435,23,496,53,,,,,,,0.0,0.0,0.0,0.0,0.0,0.0,631,61,423,45,499,53,532,66,0.0,0.0
374,,,244619,0,0,-1,1,0,2,0.0,0.0,0,Luke,0.0,305,False,,,39,244619.jpg,0.0,Thomas,1.4,False,,a,11,13,0,137894,10802,63675,3344,0.0,0.0,Thomas,241.0,90,0,0,0,4,0,0,0,0,0,0,0,-1,7.8,13.3,10.0,3.1,1,0.02,0.03,0.05,2.40,418,145,336,109,326,107,390,131,,,,,,,0.02,0.0,0.03,0.05,2.4,4.0,683,223,382,126,465,155,180,70,1.0,0.0
375,100.0,100.0,101668,-1,1,0,0,0,4,2.3,2.3,5,Jamie,2.3,306,False,,2024-11-10T23:00:07.879182Z,55,101668.jpg,4.2,Vardy,6.9,False,,a,11,13,50,1865489,17219,1526080,19804,0.4,9.1,Vardy,241.0,984,4,2,1,24,0,0,0,3,0,0,7,185,201.0,111.1,194.0,50.5,12,3.51,1.14,4.65,23.83,114,16,142,14,57,20,90,19,,,,,1.0,,0.32,0.0,0.1,0.42,2.18,2.2,110,33,134,19,44,14,57,12,1.1,0.09
376,100.0,100.0,93100,0,0,0,0,0,2,0.3,0.3,0,Jannik,0.3,307,False,,2024-10-24T16:30:05.805561Z,40,93100.jpg,1.0,Vestergaard,1.8,False,,a,11,13,5,220630,889,228775,3087,0.1,1.2,Vestergaard,58.0,415,0,0,0,9,0,0,0,1,0,0,0,23,92.0,14.8,7.0,11.4,4,0.01,0.03,0.04,5.88,251,93,331,106,339,113,315,105,,,,,,,0.0,0.0,0.01,0.01,1.28,1.95,594,160,319,93,363,120,145,56,0.87,0.0
377,,,95463,0,0,0,0,0,1,0.0,0.0,0,Danny,0.0,308,False,,,40,95463.jpg,0.0,Ward,2.1,False,,a,11,13,0,78236,443,116761,2368,0.0,0.0,Ward,244.0,0,0,0,0,0,0,0,0,0,0,0,0,0,0.0,0.0,0.0,0.0,0,0.00,0.00,0.00,0.00,469,40,447,17,407,8,471,40,,,,,,,0.0,0.0,0.0,0.0,0.0,0.0,596,46,395,31,476,40,133,20,0.0,0.0
378,50.0,25.0,157668,0,0,0,0,0,3,0.5,0.2,0,Harry,1.0,309,False,Groin Injury - 50% chance of playing,2024-11-23T17:30:08.809600Z,45,157668.jpg,2.1,Winks,10.1,False,,d,11,13,23,1179559,3433,1461872,76212,0.2,5.1,Winks,241.0,865,0,2,0,19,0,0,0,3,0,0,0,160,168.0,209.7,21.0,40.0,10,0.16,1.18,1.34,16.72,157,58,57,46,280,155,134,79,2.0,,,,,,0.02,0.0,0.12,0.14,1.74,1.98,366,230,232,117,217,95,42,10,1.04,0.0
379,,,209042,0,0,-2,2,0,3,0.7,0.7,1,Oliver,0.7,501,False,,,48,209042.jpg,1.4,Skipp,0.0,False,,a,11,13,11,3467,60,5082,100,0.1,2.3,Skipp,241.0,506,0,0,1,10,0,0,0,3,0,0,0,57,61.0,62.5,9.0,13.2,5,0.05,0.24,0.29,14.41,302,142,216,132,335,182,303,149,,,,,,,0.01,0.0,0.04,0.05,2.56,1.78,303,200,281,145,322,152,529,209,0.89,0.18
380,0.0,0.0,531442,-1,1,-3,3,0,3,0.0,0.0,0,Abdul,0.7,570,False,Knee injury - Expected back 01 Jun,2024-11-21T10:30:09.372550Z,52,531442.jpg,2.4,Fatawu,0.2,False,,i,11,13,26,68530,14,94486,1381,0.1,5.0,A.Fatawu,81.0,576,0,2,0,14,0,0,0,0,0,0,3,125,147.6,104.3,148.0,40.1,6,0.41,1.42,1.83,11.00,175,65,153,102,88,54,133,78,,,,,,,0.06,0.0,0.22,0.28,1.72,2.19,173,105,293,151,195,87,336,114,0.94,0.0
381,,,532534,0,0,0,0,0,3,0.0,0.0,0,Will,0.0,606,False,,,45,532534.jpg,0.0,Alves,0.1,False,,a,11,13,0,10787,141,10314,245,0.0,0.0,Alves,241.0,0,0,0,0,0,0,0,0,0,0,0,0,0,0.0,0.0,0.0,0.0,0,0.00,0.00,0.00,0.00,618,267,615,271,595,262,620,269,,,,,,,0.0,0.0,0.0,0.0,0.0,0.0,447,275,585,240,624,271,451,165,0.0,0.0
382,0.0,0.0,501770,0,0,0,0,0,2,0.0,0.0,0,Ben,0.0,616,False,Loaned to Oxford United,2024-08-31T06:22:31.067773Z,40,501770.jpg,0.0,Nelson,0.0,False,,u,11,13,0,2208,0,3419,28,0.0,0.0,Nelson,,0,0,0,0,0,0,0,0,0,0,0,0,0,0.0,0.0,0.0,0.0,0,0.00,0.00,0.00,0.00,513,183,493,181,455,165,515,183,,,,,,,0.0,0.0,0.0,0.0,0.0,0.0,653,195,444,159,519,181,599,202,0.0,0.0
383,,,513527,-1,1,-2,2,0,3,1.0,1.0,0,Bilal,1.0,635,False,,,48,513527.jpg,1.2,El Khannouss,0.0,False,,a,11,13,10,5527,67,4035,156,0.2,2.1,El Khannouss,145.0,275,0,0,0,8,0,0,0,0,0,0,0,28,19.8,76.8,12.0,10.7,3,0.08,0.36,0.44,7.39,377,178,188,117,314,172,321,159,,,,,,,0.03,0.0,0.12,0.15,2.42,2.62,324,213,239,121,349,171,553,224,0.98,0.0
384,50.0,50.0,116535,0,0,-1,1,1,1,0.5,0.0,0,Alisson,0.0,310,False,Hamstring injury - 50% chance of playing,2024-10-05T14:00:07.200306Z,54,116535.jpg,5.8,Ramses Becker,5.0,False,,d,12,14,35,548011,1255,1241676,9504,0.0,6.5,A.Becker,30.0,528,0,0,4,2,0,0,0,0,0,15,5,131,126.8,0.0,0.0,12.6,6,0.00,0.00,0.00,3.74,206,23,676,71,671,70,307,23,,,,,,,0.0,2.56,0.0,0.0,0.64,0.34,128,3,666,72,11,1,75,14,1.02,0.68
385,100.0,100.0,169187,0,0,-1,1,1,2,4.0,3.0,8,Trent,3.0,311,False,,2024-11-10T01:30:08.685145Z,69,169187.jpg,4.6,Alexander-Arnold,19.2,False,,a,12,14,55,1578449,64634,2746591,22255,0.4,8.0,Alexander-Arnold,241.0,938,0,1,6,6,0,0,0,2,0,0,8,233,204.6,328.3,58.0,59.0,12,0.45,3.03,3.48,7.59,111,41,18,3,198,49,68,11,1.0,,1.0,,,,0.04,0.0,0.29,0.33,0.73,0.58,28,1,100,26,30,3,20,6,1.15,0.58
386,0.0,0.0,535928,0,0,0,0,0,3,0.0,0.0,0,Stefan,0.0,312,False,Loaned to RB Salzburg,2024-08-31T06:19:45.092198Z,45,535928.jpg,0.0,Bajčetić Maquieira,0.0,False,,u,12,14,0,2712,0,16603,77,0.0,0.0,Bajcetic,,0,0,0,0,0,0,0,0,0,0,0,0,0,0.0,0.0,0.0,0.0,0,0.00,0.00,0.00,0.00,620,269,617,273,597,264,622,271,,,,,,,0.0,0.0,0.0,0.0,0.0,0.0,449,277,587,242,626,273,528,208,0.0,0.0
387,0.0,50.0,492777,0,0,-3,3,0,2,0.0,1.0,0,Conor,2.0,313,False,Hamstring injury - Unknown return date,2024-11-28T10:30:07.495614Z,47,492777.jpg,1.6,Bradley,0.4,False,,i,12,14,11,46466,865,69220,6396,0.4,2.3,Bradley,242.0,231,0,0,1,3,0,0,0,1,0,0,0,40,34.0,14.7,76.0,12.4,1,0.41,0.19,0.60,3.38,345,122,333,108,163,31,308,101,,,,,,,0.16,0.0,0.07,0.23,1.32,1.17,341,46,147,46,294,99,272,100,0.39,0.39
388,0.0,0.0,491970,0,0,0,0,0,3,0.0,0.0,0,Bobby,0.0,315,False,Transferred to RB Salzburg,2024-08-22T11:22:35.466323Z,45,491970.jpg,0.0,Clark,0.0,False,,u,12,14,0,444,0,5005,23,0.0,0.0,Clark,,0,0,0,0,0,0,0,0,0,0,0,0,0,0.0,0.0,0.0,0.0,0,0.00,0.00,0.00,0.00,603,253,600,257,580,248,605,255,,,,,,,0.0,0.0,0.0,0.0,0.0,0.0,424,254,566,223,609,257,613,265,0.0,0.0
389,,,447203,0,0,-4,4,0,4,4.3,3.3,1,Darwin,3.3,316,False,,,71,447203.jpg,2.6,Núñez Ribeiro,2.4,False,,a,12,14,26,217577,5417,562250,9381,0.5,3.7,Darwin,230.0,529,2,1,2,7,0,0,0,2,0,0,1,123,130.0,70.6,166.0,36.8,5,1.68,0.21,1.89,7.13,202,23,196,26,76,26,149,23,,,,,3.0,,0.29,0.0,0.04,0.33,1.21,1.19,25,11,79,14,172,25,122,19,0.85,0.34
390,50.0,50.0,194634,0,0,-3,3,0,3,0.5,0.0,0,Diogo,0.0,317,False,Rib Injury - 50% chance of playing,2024-10-20T21:30:07.041173Z,72,194634.jpg,5.0,Teixeira da Silva,2.9,False,,d,12,14,35,1022878,158,2393413,5743,0.0,4.9,Diogo J.,173.0,492,2,3,4,1,0,0,0,1,0,0,1,85,105.0,55.1,157.0,31.6,7,2.72,0.32,3.04,3.14,231,97,230,142,86,52,186,98,,,,,,,0.5,0.0,0.06,0.56,0.57,0.18,20,13,687,313,18,9,108,31,1.28,0.73
391,0.0,0.0,496208,0,0,0,0,0,3,0.0,0.0,0,Ben,0.0,318,False,Loaned to Middlesbrough,2024-08-31T06:17:31.171503Z,45,496208.jpg,0.0,Doak,0.0,False,,u,12,14,0,1136,0,5295,29,0.0,0.0,Doak,,0,0,0,0,0,0,0,0,0,0,0,0,0,0.0,0.0,0.0,0.0,0,0.00,0.00,0.00,0.00,606,256,603,260,583,251,608,258,,,,,,,0.0,0.0,0.0,0.0,0.0,0.0,427,257,569,226,612,260,602,258,0.0,0.0
392,100.0,100.0,444884,0,0,-3,3,0,3,1.3,0.3,1,Harvey,0.3,319,False,,2024-09-08T23:00:06.842081Z,52,444884.jpg,1.0,Elliott,0.2,False,,a,12,14,2,11654,239,107533,209,0.1,0.4,Elliott,241.0,8,0,0,0,0,0,0,0,0,0,0,0,8,2.0,2.3,2.0,0.6,0,0.00,0.02,0.02,0.05,448,217,397,210,390,212,445,215,,,,,,,0.0,0.0,0.22,0.22,0.56,0.0,169,101,350,177,422,207,351,120,0.0,0.0
393,,,158983,0,0,-3,3,0,3,1.7,0.7,0,Endo,0.7,320,False,,,47,158983.jpg,1.0,Wataru,0.1,False,,a,12,14,6,15658,266,26362,454,0.1,1.3,Endo,108.0,20,0,0,0,0,0,0,0,0,0,0,0,20,12.2,11.6,2.0,2.6,0,0.00,0.01,0.01,0.22,399,190,345,195,384,207,402,198,,,,,,,0.0,0.0,0.04,0.04,0.99,0.0,330,217,279,144,400,192,407,142,0.0,0.0
394,,,243298,0,0,-4,4,0,4,4.7,3.7,9,Cody,3.7,321,False,,,71,243298.jpg,2.5,Gakpo,2.3,False,,a,12,14,32,198521,37783,395380,3790,0.5,4.5,Gakpo,152.0,547,2,1,2,5,0,0,0,3,0,0,6,145,140.4,162.2,165.0,46.8,5,2.15,0.75,2.89,5.96,186,22,91,5,79,27,109,21,,,,,,,0.35,0.0,0.12,0.47,0.98,0.82,23,9,63,13,185,27,127,21,0.82,0.33
395,,,171287,0,0,-2,2,0,2,3.0,2.0,6,Joe,2.0,322,False,,,48,171287.jpg,2.2,Gomez,0.8,False,,a,12,14,9,60515,38282,49354,1243,0.4,1.9,Gomez,241.0,145,0,0,1,0,0,0,0,0,0,0,0,45,46.0,1.2,50.0,9.8,1,0.30,0.00,0.30,1.27,325,111,410,145,211,55,326,106,,,,,,,0.19,0.0,0.0,0.19,0.79,0.0,298,34,150,47,211,67,225,86,0.62,0.62
396,,,441266,0,0,0,0,0,3,4.3,3.3,2,Ryan,3.3,323,False,,,50,441266.jpg,2.6,Gravenberch,0.9,False,,a,12,14,34,170323,4825,109710,5318,0.7,6.8,Gravenberch,152.0,1170,0,1,7,8,0,0,0,3,0,0,1,226,193.2,162.3,49.0,40.5,13,0.62,1.42,2.04,11.47,125,44,90,68,215,124,131,77,,,,,,,0.05,0.0,0.11,0.16,0.88,0.62,218,139,74,40,165,70,208,63,1.0,0.54
397,100.0,100.0,206915,0,0,-2,2,1,3,3.0,2.0,1,Curtis,2.0,324,False,,2024-08-27T11:00:05.666567Z,53,206915.jpg,3.1,Jones,0.6,False,,a,12,14,31,96172,2532,46088,6826,0.4,5.8,Jones,241.0,474,1,2,2,5,0,0,0,0,0,0,3,137,134.0,82.3,131.0,34.8,5,1.39,0.14,1.53,5.89,196,77,182,114,97,61,163,90,,,,,,,0.26,0.0,0.03,0.29,1.12,0.95,150,87,161,78,111,50,239,77,0.95,0.38
398,,,200720,0,0,0,0,1,1,7.7,6.7,7,Caoimhin,6.7,325,False,,,45,200720.jpg,5.0,Kelleher,3.4,False,,a,12,14,35,413978,76245,112794,3865,1.5,7.8,Kelleher,104.0,630,0,0,3,6,0,1,0,0,0,21,1,125,178.0,0.0,0.0,17.8,7,0.00,0.00,0.00,7.59,146,18,568,63,546,57,273,19,,,,,,,0.0,3.0,0.0,0.0,1.08,0.86,370,16,13,1,16,2,96,15,1.0,0.43
399,0.0,25.0,204716,-1,1,3,-3,0,2,0.0,0.5,0,Ibrahima,2.0,326,False,Knee injury - Unknown return date,2024-11-28T10:30:07.514061Z,53,204716.jpg,3.8,Konaté,11.0,False,,i,12,14,46,2091396,1006,1235951,325943,0.4,8.7,Konaté,73.0,974,1,1,5,8,0,0,0,4,0,0,1,200,228.8,46.9,65.0,34.2,11,0.88,0.15,1.03,9.92,84,28,253,72,186,42,168,44,,,,,,,0.08,0.0,0.01,0.09,0.92,0.74,149,18,160,48,59,10,37,14,1.02,0.46
400,,,244731,0,0,1,-1,3,3,4.3,3.3,6,Luis,3.3,327,False,,,76,244731.jpg,5.5,Díaz,19.9,False,,a,12,14,71,4204646,26865,3175242,104905,0.4,9.3,Luis Díaz,48.0,764,5,3,7,3,0,0,0,0,0,0,8,224,280.6,231.4,297.0,80.9,9,3.08,1.43,4.51,6.35,46,13,45,36,28,15,27,20,,,,,,,0.36,0.0,0.17,0.53,0.75,0.35,17,11,80,43,12,5,19,7,1.06,0.82
401,,,118748,1,-1,7,-7,5,3,14.3,13.3,13,Mohamed,13.3,328,True,,,132,118748.jpg,10.2,Salah,58.5,False,,a,12,14,133,4295215,192640,1745146,5881,1.0,10.1,M.Salah,63.0,1137,11,7,7,8,0,0,0,1,0,0,25,424,593.2,311.3,701.0,160.4,13,9.58,2.68,12.26,11.27,1,1,22,18,2,1,1,1,,,,,2.0,,0.76,0.0,0.21,0.97,0.89,0.63,2,1,1,1,1,1,1,1,1.03,0.55
402,100.0,100.0,243016,0,0,-3,3,0,3,3.3,2.3,3,Alexis,2.3,329,False,,2024-10-18T17:00:07.554852Z,62,243016.jpg,1.8,Mac Allister,1.5,False,,a,12,14,24,91555,4241,231789,2772,0.4,3.9,Mac Allister,10.0,894,0,0,6,4,0,0,0,4,0,0,0,146,128.2,201.0,108.0,43.8,11,0.34,1.54,1.88,8.08,205,81,63,52,121,77,119,69,,,,,,,0.03,0.0,0.16,0.19,0.81,0.4,66,43,136,65,270,125,175,51,1.11,0.6
403,100.0,100.0,491501,0,0,-1,1,0,3,1.0,0.0,0,James,0.0,330,False,,2024-09-10T11:24:32.362482Z,44,491501.jpg,0.0,McConnell,0.1,False,,a,12,14,0,6757,358,5807,316,0.0,0.0,McConnell,,0,0,0,0,0,0,0,0,0,0,0,0,0,0.0,0.0,0.0,0.0,0,0.00,0.00,0.00,0.00,560,224,554,228,529,218,562,226,,,,,,,0.0,0.0,0.0,0.0,0.0,0.0,521,305,518,192,567,229,490,184,0.0,0.0
404,100.0,100.0,440148,0,0,-1,1,0,3,1.0,0.0,0,Tyler,0.0,331,False,,2024-09-10T11:27:39.864039Z,44,440148.jpg,0.0,Morton,0.2,False,,a,12,14,0,26280,855,17897,1143,0.0,0.0,Morton,241.0,0,0,0,0,0,0,0,0,0,0,0,0,0,0.0,0.0,0.0,0.0,0,0.00,0.00,0.00,0.00,558,223,552,227,527,217,560,225,,,,,,,0.0,0.0,0.0,0.0,0.0,0.0,516,303,515,190,565,228,390,137,0.0,0.0
405,0.0,0.0,197464,0,0,0,0,0,2,0.0,0.0,0,Nathaniel,0.0,332,False,Loaned to Derby County,2024-08-31T06:18:33.693343Z,40,197464.jpg,0.0,Phillips,0.1,False,,u,12,14,0,4026,0,16094,107,0.0,0.0,N.Phillips,,0,0,0,0,0,0,0,0,0,0,0,0,0,0.0,0.0,0.0,0.0,0,0.00,0.00,0.00,0.00,480,167,459,165,420,148,482,167,,,,,,,0.0,0.0,0.0,0.0,0.0,0.0,612,172,407,140,486,165,466,168,0.0,0.0
406,100.0,100.0,441428,0,0,-6,6,0,2,1.3,0.3,1,Jarell,0.3,333,False,,2024-08-23T09:30:06.099816Z,39,441428.jpg,1.0,Quansah,1.1,False,,a,12,14,2,92568,13002,564855,3245,0.1,0.5,Quansah,241.0,62,0,0,0,0,0,0,0,0,0,0,0,8,17.2,1.1,0.0,1.8,1,0.00,0.01,0.01,0.90,384,135,411,146,395,135,422,143,,,,,,,0.0,0.0,0.01,0.01,1.31,0.0,684,224,318,92,361,118,197,77,1.45,0.0
407,0.0,0.0,219937,0,0,0,0,0,2,0.0,0.0,0,Rhys,0.0,334,False,Loaned to Morecambe,2024-08-22T11:18:16.485954Z,40,219937.jpg,0.0,Williams,0.1,False,,u,12,14,0,828,0,13232,67,0.0,0.0,R.Williams,,0,0,0,0,0,0,0,0,0,0,0,0,0,0.0,0.0,0.0,0.0,0,0.00,0.00,0.00,0.00,486,170,465,168,426,151,488,170,,,,,,,0.0,0.0,0.0,0.0,0.0,0.0,619,176,413,143,491,167,498,181,0.0,0.0
408,,,122798,0,0,-1,1,0,2,6.0,5.0,6,Andrew,5.0,335,False,,,59,122798.jpg,3.8,Robertson,5.4,False,,a,12,14,46,786985,35877,754140,8516,0.8,7.8,Robertson,243.0,935,0,0,6,7,0,0,0,1,0,0,2,209,146.0,290.9,86.0,52.2,11,0.43,1.67,2.10,9.48,177,70,29,4,142,22,83,14,2.0,,,,,,0.04,0.0,0.16,0.2,0.91,0.67,82,7,34,7,62,11,69,24,1.06,0.58
409,,,424876,0,0,-2,2,0,3,5.7,4.7,3,Dominik,4.7,336,False,,,63,424876.jpg,3.1,Szoboszlai,1.5,False,,a,12,14,40,228970,4512,323335,3787,0.7,6.3,Szoboszlai,98.0,924,1,2,5,6,0,0,0,3,0,0,4,195,162.0,310.2,191.0,66.5,10,1.90,1.73,3.63,8.65,159,60,23,19,62,39,46,31,,,,,,,0.19,0.0,0.17,0.36,0.84,0.58,59,37,42,22,114,53,167,49,0.97,0.49
410,25.0,50.0,214285,0,0,-4,4,0,2,0.2,0.0,0,Konstantinos,0.0,337,False,Knock - 25% chance of playing,2024-11-25T09:30:07.571904Z,46,214285.jpg,2.2,Tsimikas,0.2,False,,d,12,14,13,22733,39,50180,1794,0.0,2.8,Tsimikas,83.0,228,0,0,1,1,0,0,0,0,0,0,1,68,61.0,53.2,19.0,13.5,2,0.08,0.59,0.67,2.00,301,106,234,64,293,90,301,99,3.0,,,,,,0.03,0.0,0.23,0.26,0.79,0.39,349,49,612,223,209,66,347,124,0.79,0.39
411,,,97032,1,-1,4,-4,0,2,5.3,4.3,6,Virgil,4.3,339,True,,,64,97032.jpg,4.8,van Dijk,23.6,False,,a,12,14,63,1643228,136854,682225,17086,0.7,9.8,Virgil,152.0,1170,1,1,7,8,0,0,0,1,0,0,3,266,312.8,69.9,130.0,51.2,13,0.81,0.29,1.10,11.47,30,9,200,53,98,9,87,17,,,3.0,,,,0.06,0.0,0.02,0.08,0.88,0.62,48,2,47,9,22,1,12,4,1.0,0.54
412,50.0,50.0,223541,0,0,-2,2,0,3,0.5,0.0,0,Federico,0.0,636,False,Knock - 50% chance of playing,2024-10-02T00:30:05.860798Z,68,223541.jpg,1.0,Chiesa,0.1,False,,d,12,14,1,44223,32,44361,226,0.0,0.1,Chiesa,106.0,18,0,0,0,0,0,0,0,0,0,0,0,-1,0.2,0.9,15.0,1.6,0,0.16,0.08,0.24,0.55,458,222,416,216,306,168,429,208,,,,,,,0.8,0.0,0.4,1.2,2.75,0.0,35,18,685,312,433,216,410,144,0.0,0.0
413,,,432987,0,0,0,0,0,1,1.0,0.0,0,Vítezslav,0.0,660,False,,,40,432987.jpg,1.0,Jaros,0.2,False,,a,12,14,1,33807,224,13894,810,0.0,0.2,Jaros,57.0,11,0,0,0,0,0,0,0,0,0,1,0,6,8.8,0.0,0.0,0.9,0,0.00,0.00,0.00,0.14,414,33,472,30,433,21,439,33,,,,,,,0.0,8.18,0.0,0.0,1.15,0.0,629,59,421,43,367,32,349,51,0.0,0.0
414,,,464353,0,0,0,0,0,1,1.0,0.0,0,Harvey,0.0,669,False,,,40,464353.jpg,0.0,Davies,0.0,False,,a,12,14,0,641,64,267,46,0.0,0.0,Davies,241.0,0,0,0,0,0,0,0,0,0,0,0,0,0,0.0,0.0,0.0,0.0,0,0.00,0.00,0.00,0.00,504,58,484,37,445,28,506,58,,,,,,,0.0,0.0,0.0,0.0,0.0,0.0,642,66,434,50,509,58,641,70,0.0,0.0
415,,,591386,0,0,0,0,0,3,2.1,1.1,0,Treymaurice,0.0,688,False,,,45,591386.jpg,0.0,Nyoni,0.0,False,,a,12,14,0,23,23,1,1,0.0,0.0,Nyoni,,0,0,0,0,0,0,0,0,0,0,0,0,0,0.0,0.0,0.0,0.0,0,0.00,0.00,0.00,0.00,638,281,635,285,616,277,640,283,,,,,,,0.0,0.0,0.0,0.0,0.0,0.0,470,292,606,256,643,285,690,314,0.0,0.0
416,100.0,100.0,211975,0,0,-1,1,0,2,0.7,-0.3,0,Manuel,-0.3,340,False,,2024-11-11T16:00:06.698259Z,54,211975.jpg,2.0,Akanji,3.7,False,,a,13,43,22,354199,3758,497858,10564,-0.1,4.1,Akanji,207.0,961,0,0,2,15,0,0,0,3,0,0,0,135,180.4,171.3,36.0,38.9,11,0.21,0.88,1.09,15.06,143,59,82,18,242,71,139,34,,,,,,,0.02,0.0,0.08,0.1,1.41,1.4,133,14,690,229,238,74,89,34,1.03,0.19
417,100.0,100.0,126184,0,0,-2,2,0,2,1.3,0.3,1,Nathan,0.3,341,False,,2024-11-11T16:00:06.714265Z,53,126184.jpg,0.8,Aké,1.0,False,,a,13,43,3,40510,1999,223713,1230,0.1,0.6,Aké,152.0,209,0,0,0,6,0,0,0,0,0,0,0,14,35.0,10.3,11.0,5.6,2,0.11,0.06,0.17,6.94,344,121,354,115,324,105,367,120,,,,,,,0.05,0.0,0.03,0.08,2.99,2.58,146,17,352,109,449,148,207,82,0.86,0.0
418,,,165809,-1,1,-2,2,0,3,2.3,1.3,2,Bernardo,1.3,342,False,,,63,165809.jpg,2.8,Veiga de Carvalho e Silva,3.7,False,,a,13,43,36,738741,3836,886894,17340,0.2,5.7,Bernardo,173.0,1014,0,3,2,18,0,0,0,3,0,0,4,201,187.0,397.3,310.0,89.3,11,1.54,2.17,3.71,16.80,131,47,8,7,24,12,15,12,,,,,,,0.14,0.0,0.19,0.33,1.49,1.6,52,30,221,113,148,65,88,27,0.98,0.18
419,0.0,0.0,477555,0,0,-3,3,0,3,0.0,0.0,0,Oscar,0.0,343,False,Leg injury - Expected back 14 Dec,2024-08-14T22:30:05.558994Z,47,477555.jpg,0.0,Bobb,0.1,False,,i,13,43,0,2393,63,28593,104,0.0,0.0,Bobb,161.0,0,0,0,0,0,0,0,0,0,0,0,0,0,0.0,0.0,0.0,0.0,0,0.00,0.00,0.00,0.00,645,287,642,290,625,282,646,288,,,,,,,0.0,0.0,0.0,0.0,0.0,0.0,340,221,617,264,649,290,495,187,0.0,0.0
420,,,17601,0,0,0,0,0,1,1.0,0.0,0,Scott,0.0,344,False,,,40,17601.jpg,0.0,Carson,0.2,False,,a,13,43,0,11941,201,12360,261,0.0,0.0,Carson,241.0,0,0,0,0,0,0,0,0,0,0,0,0,0,0.0,0.0,0.0,0.0,0,0.00,0.00,0.00,0.00,464,35,442,12,401,3,466,35,,,,,,,0.0,0.0,0.0,0.0,0.0,0.0,587,41,388,26,470,35,363,52,0.0,0.0
421,100.0,100.0,61366,0,0,-1,1,1,3,1.7,0.7,1,Kevin,0.7,345,False,,2024-09-18T23:00:07.299083Z,94,61366.jpg,2.9,De Bruyne,3.9,False,,a,13,43,20,694105,4190,1240239,8165,0.1,2.1,De Bruyne,21.0,399,1,1,1,6,0,0,0,2,0,0,2,105,112.8,278.7,111.0,50.1,4,1.68,2.33,4.01,4.97,220,92,32,26,117,73,91,55,1.0,,1.0,,4.0,,0.38,0.0,0.53,0.91,1.12,1.35,6,5,299,155,135,58,85,26,0.9,0.23
422,100.0,75.0,248875,-1,1,-3,3,0,3,1.3,0.2,1,Jérémy,0.3,346,False,,2024-11-13T14:30:08.065449Z,62,248875.jpg,2.6,Doku,1.4,False,,a,13,43,23,339702,1729,580583,3141,0.0,3.7,Doku,21.0,436,1,1,1,7,0,0,0,0,0,0,0,129,123.2,165.3,158.0,44.7,5,0.48,1.08,1.56,5.09,211,86,87,66,85,51,115,67,,,,,,,0.1,0.0,0.22,0.32,1.05,1.44,68,45,358,180,170,74,177,52,1.03,0.21
423,,,121160,0,0,0,0,0,1,1.7,0.7,0,Ederson,0.7,347,False,,,55,121160.jpg,2.8,Santana de Moraes,7.6,False,,a,13,43,33,547714,3897,625941,29400,0.1,6.0,Ederson M.,30.0,1080,0,1,2,17,0,0,0,3,0,28,2,123,263.0,10.0,0.0,27.2,12,0.00,0.01,0.01,15.83,60,14,360,6,677,71,216,14,,,,,,,0.0,2.33,0.0,0.0,1.32,1.42,111,1,296,23,145,23,55,11,1.0,0.17
424,100.0,100.0,209244,0,0,-4,4,0,3,2.7,1.7,1,Phil,1.7,348,False,,2024-11-12T14:30:07.976041Z,91,209244.jpg,1.9,Foden,4.7,False,,a,13,43,19,690251,3604,1978119,15691,0.2,2.1,Foden,241.0,628,0,1,1,11,0,0,0,1,0,0,0,108,73.0,295.9,128.0,49.8,6,1.38,2.83,4.21,13.66,276,126,27,23,100,63,94,56,3.0,,,,,,0.2,0.0,0.41,0.61,1.96,1.58,7,6,202,101,254,118,76,22,0.86,0.14
425,100.0,100.0,114283,0,0,-1,1,0,3,1.7,0.7,1,Jack,0.7,349,False,,2024-10-24T16:00:07.517717Z,64,114283.jpg,1.9,Grealish,0.2,False,,a,13,43,17,34290,476,42135,385,0.1,2.7,Grealish,241.0,370,0,1,0,5,0,0,0,2,0,0,3,96,79.0,216.6,136.0,43.2,4,0.54,1.10,1.64,6.04,268,121,53,43,93,57,121,71,6.0,,,,,,0.13,0.0,0.27,0.4,1.47,1.22,49,28,298,154,253,117,364,126,0.97,0.0
426,100.0,100.0,477424,-1,1,2,-2,2,2,1.3,0.3,0,Joško,0.3,350,False,,2024-10-31T02:30:07.426838Z,62,477424.jpg,4.2,Gvardiol,27.7,False,,a,13,43,50,2271477,20152,2626837,162504,0.0,8.1,Gvardiol,97.0,1032,3,0,2,16,0,0,0,0,0,0,7,201,335.2,287.6,213.0,83.7,11,0.94,1.78,2.72,14.82,21,5,30,5,53,2,23,1,,,,,,,0.08,0.0,0.16,0.24,1.29,1.4,71,4,359,113,46,5,8,2,0.96,0.17
427,100.0,100.0,223094,-1,1,0,0,3,4,4.0,3.0,2,Erling,3.0,351,True,,2024-09-13T15:00:06.985607Z,150,223094.jpg,6.6,Haaland,48.7,False,,a,13,43,86,2759380,16574,3272665,344821,0.2,5.7,Haaland,161.0,1169,12,0,2,19,0,0,0,2,0,0,14,384,462.0,103.7,832.0,140.0,13,11.99,0.45,12.44,19.18,5,1,154,18,1,1,3,1,,,3.0,,1.0,,0.92,0.0,0.03,0.95,1.48,1.46,1,1,102,16,4,1,3,1,1.0,0.15
428,0.0,0.0,461358,0,0,0,0,0,4,0.0,0.0,0,Julián,0.0,352,False,Transferred to Atletico Madrid,2024-08-13T07:07:51.627006Z,70,461358.jpg,0.0,Álvarez,0.1,False,,u,13,43,0,0,0,28939,40,0.0,0.0,J.Alvarez,,0,0,0,0,0,0,0,0,0,0,0,0,0,0.0,0.0,0.0,0.0,0,0.00,0.00,0.00,0.00,689,74,689,74,689,74,689,74,,,,,,,0.0,0.0,0.0,0.0,0.0,0.0,26,12,686,74,688,74,450,62,0.0,0.0
429,0.0,0.0,121145,0,0,-2,2,0,2,0.0,0.0,0,João,0.0,353,False,Permanent transfer to Saudi club Al-Hilal,2024-08-29T11:05:25.670531Z,53,121145.jpg,0.0,Cavaco Cancelo,0.2,False,,u,13,43,0,4654,0,76911,107,0.0,0.0,João Cancelo,,0,0,0,0,0,0,0,0,0,0,0,0,0,0.0,0.0,0.0,0.0,0,0.00,0.00,0.00,0.00,677,229,675,229,670,229,677,229,,,,,,,0.0,0.0,0.0,0.0,0.0,0.0,145,16,664,228,676,228,350,126,0.0,0.0
430,0.0,0.0,91651,0,0,0,0,2,3,0.0,0.0,0,Mateo,1.0,354,False,Unknown - Expected back 21 Dec,2024-11-22T17:30:09.194248Z,55,91651.jpg,4.1,Kovačić,1.8,False,,i,13,43,45,674721,70,625346,27601,0.2,8.2,Kovačić,97.0,878,3,1,2,13,0,0,0,3,0,0,8,225,245.4,243.7,104.0,59.3,10,0.98,1.27,2.24,13.28,71,24,43,34,125,80,67,41,,,,,,,0.1,0.0,0.13,0.23,1.36,1.33,109,67,248,129,47,22,149,46,1.03,0.21
431,,,477064,-1,1,2,-2,0,2,1.3,0.3,1,Rico,0.3,355,False,,,47,477064.jpg,2.6,Lewis,11.8,False,,a,13,43,31,2296429,11157,1214849,40264,0.1,6.6,Lewis,241.0,923,0,2,2,14,0,0,0,2,0,0,1,123,145.8,119.6,82.0,34.7,11,0.84,0.57,1.41,15.31,179,71,131,26,147,25,164,42,,,,,,,0.08,0.0,0.06,0.14,1.49,1.37,339,45,337,108,160,45,32,11,1.07,0.2
432,100.0,100.0,465351,0,0,-1,1,0,3,1.7,0.7,0,Matheus Luiz,0.7,356,False,,2024-11-11T16:00:06.757704Z,49,465351.jpg,2.0,Nunes,0.2,False,,a,13,43,18,65328,775,48090,2720,0.1,3.7,Matheus N.,173.0,346,0,2,1,5,0,0,0,1,0,0,0,76,82.2,139.7,66.0,28.9,4,0.10,1.26,1.36,7.01,263,117,111,82,184,110,205,105,5.0,,,,,,0.03,0.0,0.33,0.36,1.82,1.3,278,182,288,148,232,103,339,115,1.04,0.26
433,,,432714,0,0,-3,3,0,3,1.0,0.0,0,James,0.0,357,False,,,47,432714.jpg,1.0,McAtee,0.0,False,,a,13,43,1,3578,67,9105,125,0.0,0.2,McAtee,241.0,1,0,0,0,0,0,0,0,0,0,0,0,3,0.2,1.0,2.0,0.3,0,0.00,0.02,0.02,0.00,456,220,414,215,385,208,454,221,,,,,,,0.0,0.0,1.8,1.8,0.0,0.0,337,219,616,263,401,193,536,213,0.0,0.0
434,,,88248,0,0,-3,3,0,1,1.7,0.7,2,Stefan,0.7,358,False,,,52,88248.jpg,2.0,Ortega Moreno,0.5,False,,a,13,43,2,5357,940,45045,376,0.1,0.4,Ortega Moreno,80.0,90,0,0,0,2,0,0,0,0,0,5,0,11,35.2,0.0,0.0,3.5,1,0.00,0.00,0.00,3.35,343,29,674,70,668,68,388,29,,,,,,,0.0,5.0,0.0,0.0,3.35,2.0,160,4,292,22,233,29,254,37,1.0,0.0
435,0.0,0.0,220566,0,0,-2,2,0,3,0.0,0.0,0,Rodrigo 'Rodri',0.0,360,False,Knee injury - Expected back 01 Jun,2024-09-22T22:00:05.633631Z,63,220566.jpg,1.0,Hernandez,0.9,False,,i,13,43,2,38845,39,412131,599,0.0,0.3,Rodrigo,200.0,65,0,0,0,0,0,0,0,0,0,0,0,18,10.8,17.1,0.0,2.8,1,0.00,0.09,0.09,0.04,403,194,323,186,684,311,399,196,,,,,,,0.0,0.0,0.12,0.12,0.06,0.0,56,34,680,308,431,215,215,68,1.38,0.0
436,100.0,100.0,171314,0,0,-1,1,0,2,1.3,0.3,1,Rúben,0.3,361,False,,2024-11-01T17:00:08.011314Z,54,171314.jpg,2.0,Gato Alves Dias,2.8,False,,a,13,43,20,275181,5739,463993,3008,0.1,3.7,Rúben,173.0,816,0,0,2,10,1,0,0,3,0,0,1,106,170.6,112.3,63.0,34.7,9,0.64,0.69,1.33,11.42,153,62,138,30,191,43,165,43,,,,,,,0.07,0.0,0.08,0.15,1.26,1.1,131,13,353,110,237,73,109,45,0.99,0.22
437,100.0,100.0,97299,0,0,-2,2,1,2,1.0,0.0,0,John,0.0,362,False,,2024-11-02T22:00:06.012265Z,53,97299.jpg,2.9,Stones,1.6,False,,a,13,43,20,184499,1613,278239,4341,0.0,3.8,Stones,241.0,283,2,0,0,5,0,0,0,1,0,0,1,56,97.6,21.0,70.0,18.7,3,0.60,0.12,0.72,3.13,244,90,314,100,178,39,268,89,,,,,,,0.19,0.0,0.04,0.23,1.0,1.59,144,15,663,227,131,35,157,60,0.95,0.0
438,100.0,100.0,58621,0,0,-3,3,0,2,1.7,0.7,1,Kyle,0.7,363,False,,2024-10-20T21:30:07.137600Z,52,58621.jpg,1.0,Walker,3.5,False,,a,13,43,9,144737,4208,766331,4699,0.1,1.7,Walker,241.0,647,0,0,0,15,0,0,0,1,0,0,0,57,111.6,136.0,29.0,27.7,7,0.12,1.26,1.38,14.27,223,83,118,23,257,77,212,62,,,,,,,0.02,0.0,0.18,0.2,1.99,2.09,158,19,291,83,421,139,94,38,0.97,0.0
439,100.0,100.0,510281,0,0,0,0,0,3,3.0,2.0,1,Sávio 'Savinho',2.0,571,False,,2024-10-31T02:30:07.756984Z,65,510281.jpg,3.2,Moreira de Oliveira,1.1,False,,a,13,43,32,480023,2286,450643,8015,0.3,4.9,Sávio,30.0,631,0,3,2,9,0,0,0,2,0,0,6,146,137.4,313.3,232.0,68.3,8,1.80,2.94,4.74,7.24,193,74,21,17,41,26,42,28,4.0,,4.0,,,,0.26,0.0,0.42,0.68,1.03,1.28,47,27,172,84,98,45,199,60,1.14,0.29
440,100.0,100.0,472769,0,0,-1,1,0,3,1.0,0.0,0,Nico,0.0,607,False,,2024-11-13T15:30:08.718593Z,49,472769.jpg,0.0,O'Reilly,0.0,False,,a,13,43,0,1020,24,1534,31,0.0,0.0,O’Reilly,241.0,0,0,0,0,0,0,0,0,0,0,0,0,0,0.0,0.0,0.0,0.0,0,0.00,0.00,0.00,0.00,658,296,652,296,645,293,658,296,,,,,,,0.0,0.0,0.0,0.0,0.0,0.0,279,183,639,281,658,296,614,266,0.0,0.0
441,,,59859,0,0,0,0,0,3,3.0,2.0,1,Ilkay,2.0,625,False,,,65,59859.jpg,2.0,Gündogan,0.5,False,,a,13,43,24,127005,1335,99568,3148,0.3,3.7,Gündogan,80.0,770,0,1,1,14,0,0,0,0,0,0,0,138,103.8,302.3,119.0,52.4,9,1.36,1.35,2.70,15.33,233,99,24,20,107,67,82,53,2.0,,2.0,,,,0.16,0.0,0.16,0.32,1.79,1.64,42,22,171,83,240,108,251,80,1.05,0.12
442,0.0,0.0,476369,0,0,0,0,0,2,0.0,0.0,0,Issa,0.0,626,False,Loaned to Benfica,2024-09-05T10:37:05.659734Z,45,476369.jpg,0.0,Kaboré,0.0,False,,u,13,43,0,491,0,725,1,0.0,0.0,Kaboré,,0,0,0,0,0,0,0,0,0,0,0,0,0,0.0,0.0,0.0,0.0,0,0.00,0.00,0.00,0.00,596,226,592,226,571,221,598,226,,,,,,,0.0,0.0,0.0,0.0,0.0,0.0,412,81,557,220,602,225,654,220,0.0,0.0
443,,,516250,0,0,0,0,0,3,1.0,0.0,0,Jacob,0.0,671,False,,,45,516250.jpg,0.0,Wright,0.0,False,,a,13,43,0,740,104,263,72,0.0,0.0,Wright,241.0,0,0,0,0,0,0,0,0,0,0,0,0,0,0.0,0.0,0.0,0.0,0,0.00,0.00,0.00,0.00,611,261,608,265,588,256,613,263,,,,,,,0.0,0.0,0.0,0.0,0.0,0.0,439,269,577,234,617,265,646,286,0.0,0.0
444,100.0,100.0,554194,0,0,0,0,0,2,1.0,0.0,0,Jahmai,0.0,672,False,,2024-11-13T15:30:08.805382Z,40,554194.jpg,0.0,Simpson-Pusey,0.0,False,,a,13,43,0,2084,182,661,122,0.0,0.0,Simpson-Pusey,241.0,90,0,0,0,2,0,0,0,1,0,0,0,4,18.2,1.8,0.0,2.0,1,0.00,0.01,0.01,2.29,379,133,400,138,469,177,414,138,,,,,,,0.0,0.0,0.01,0.01,2.29,2.0,668,208,459,172,533,193,607,205,1.0,0.0
445,,,447880,0,0,0,0,0,2,1.0,0.0,0,Josh,0.0,675,False,,,40,447880.jpg,0.0,Wilson-Esbrand,0.0,False,,a,13,43,0,651,130,214,65,0.0,0.0,Wilson-Esbrand,241.0,0,0,0,0,0,0,0,0,0,0,0,0,0,0.0,0.0,0.0,0.0,0,0.00,0.00,0.00,0.00,499,176,479,174,440,157,501,176,,,,,,,0.0,0.0,0.0,0.0,0.0,0.0,636,185,428,150,504,173,640,215,0.0,0.0
446,100.0,100.0,493250,1,-1,0,0,0,3,5.2,6.2,11,Amad,6.2,364,False,,2024-11-08T18:30:07.952497Z,50,493250.jpg,4.2,Diallo,4.6,False,,a,14,1,46,746223,112469,627979,6187,1.2,9.2,Amad,54.0,658,1,5,5,5,0,0,0,2,0,0,5,197,227.0,257.5,182.0,66.7,7,0.94,1.23,2.17,10.74,85,30,37,31,64,40,45,30,3.0,,,,,,0.13,0.0,0.17,0.3,1.47,0.68,225,142,17,10,42,20,78,23,0.96,0.68
447,100.0,100.0,467169,0,0,-3,3,0,3,-1.0,0.0,0,Antony Matheus,0.0,365,False,,2024-10-25T13:00:06.238324Z,57,467169.jpg,1.0,dos Santos,0.2,False,,a,14,1,2,14193,280,29873,417,0.0,0.4,Antony,30.0,27,0,0,0,1,0,0,0,0,0,0,0,6,7.2,11.3,10.0,2.8,0,0.15,0.05,0.20,0.74,420,204,346,196,329,179,398,195,,,,,,,0.5,0.0,0.17,0.67,2.47,3.33,97,62,676,305,427,212,360,124,0.0,0.0
448,100.0,100.0,141746,0,0,0,0,2,3,8.5,9.5,9,Bruno,9.5,366,False,,2024-09-29T21:00:06.390627Z,85,141746.jpg,4.7,Borges Fernandes,16.1,False,,a,14,1,61,1531386,53035,1792159,92634,1.1,7.2,B.Fernandes,173.0,1084,2,6,6,12,0,0,0,1,1,0,6,269,315.6,395.6,217.0,92.5,13,4.19,2.45,6.64,15.97,28,7,9,8,49,32,13,10,2.0,,1.0,,1.0,,0.35,0.0,0.2,0.55,1.33,1.0,9,7,4,4,27,12,25,8,1.08,0.5
449,,,451302,0,0,-2,2,0,1,-1.0,0.0,0,Altay,0.0,367,False,,,43,451302.jpg,0.0,Bayindir,0.1,False,,a,14,1,0,1790,48,6128,102,0.0,0.0,Bayindir,219.0,0,0,0,0,0,0,0,0,0,0,0,0,0,0.0,0.0,0.0,0.0,0,0.00,0.00,0.00,0.00,547,69,535,55,508,48,549,69,,,,,,,0.0,0.0,0.0,0.0,0.0,0.0,560,33,496,66,554,69,456,64,0.0,0.0
450,100.0,100.0,61256,0,0,-2,2,1,3,1.0,2.0,3,Carlos Henrique,2.0,368,False,,2024-11-10T23:00:08.039181Z,48,61256.jpg,2.4,Casimiro,0.7,False,,a,14,1,29,109706,1398,104621,5675,0.4,6.0,Casemiro,30.0,743,1,0,3,11,0,0,0,1,0,0,3,169,223.6,203.1,118.0,54.5,9,0.93,1.37,2.30,13.32,90,34,62,51,109,68,74,46,,,,,,,0.11,0.0,0.17,0.28,1.61,1.33,290,189,148,68,189,82,233,75,1.09,0.36
451,,,216051,0,0,2,-2,2,2,1.5,2.5,6,Diogo,2.5,369,False,,,52,216051.jpg,3.6,Dalot Teixeira,11.2,False,,a,14,1,47,1123766,21843,841639,36636,0.5,9.0,Dalot,173.0,1136,0,1,5,13,0,0,0,3,0,0,6,202,219.8,144.9,65.0,42.9,13,0.60,1.05,1.65,19.32,97,34,105,21,185,41,123,29,,,,,,,0.05,0.0,0.08,0.13,1.53,1.03,168,20,128,36,71,14,36,13,1.03,0.4
452,100.0,100.0,80607,0,0,-1,1,0,3,-0.2,0.8,0,Christian,0.8,370,False,,2024-11-01T10:30:06.566158Z,54,80607.jpg,1.8,Eriksen,0.2,False,,a,14,1,16,20625,294,28340,939,0.1,3.0,Eriksen,58.0,505,0,0,3,4,0,0,0,2,0,0,0,97,75.4,226.3,20.0,32.2,6,0.12,1.08,1.20,8.79,273,124,46,37,287,161,182,97,1.0,,4.0,,,,0.02,0.0,0.19,0.21,1.57,0.71,127,77,268,139,266,123,359,123,1.07,0.53
453,100.0,100.0,37642,0,0,-1,1,1,2,-0.5,0.5,0,Jonny,0.5,371,False,,2024-10-25T13:00:06.277059Z,44,37642.jpg,2.3,Evans,0.1,False,,a,14,1,14,7937,119,12271,375,0.1,3.2,Evans,242.0,288,0,0,1,2,0,0,0,1,0,0,3,62,51.0,4.1,6.0,6.1,3,0.08,0.02,0.10,2.62,317,108,384,131,346,116,359,117,,,,,,,0.02,0.0,0.01,0.03,0.82,0.62,477,85,302,86,196,57,428,155,0.94,0.31
454,100.0,100.0,493105,0,0,-1,1,1,3,1.8,2.8,1,Alejandro,2.8,372,False,,2024-10-07T15:30:06.108745Z,64,493105.jpg,3.3,Garnacho,10.5,False,,a,14,1,43,1085881,7115,1746818,126686,0.4,6.7,Garnacho,10.0,821,3,1,2,12,0,0,0,1,0,0,3,134,190.2,154.7,371.0,71.3,8,3.80,0.55,4.35,14.79,126,45,95,71,13,7,37,26,,,,,,,0.42,0.0,0.06,0.48,1.62,1.32,50,29,110,51,84,38,38,9,0.88,0.22
455,0.0,0.0,465527,0,0,0,0,0,3,0.0,0.0,0,Hannibal,0.0,373,False,Permanent move to Burnley,2024-08-30T09:47:42.727251Z,45,465527.jpg,0.0,Mejbri,0.0,False,,u,14,1,0,1740,0,11040,50,0.0,0.0,Hannibal,,0,0,0,0,0,0,0,0,0,0,0,0,0,0.0,0.0,0.0,0.0,0,0.00,0.00,0.00,0.00,593,246,589,250,567,241,595,248,,,,,,,0.0,0.0,0.0,0.0,0.0,0.0,407,245,554,215,599,250,534,212,0.0,0.0
456,,,21205,0,0,0,0,0,1,-1.0,0.0,0,Tom,0.0,374,False,,,40,21205.jpg,0.0,Heaton,0.2,False,,a,14,1,0,10282,119,11590,317,0.0,0.0,Heaton,241.0,0,0,0,0,0,0,0,0,0,0,0,0,0,0.0,0.0,0.0,0.0,0,0.00,0.00,0.00,0.00,466,37,444,14,403,5,468,37,,,,,,,0.0,0.0,0.0,0.0,0.0,0.0,589,43,390,28,472,37,342,50,0.0,0.0
457,100.0,100.0,497894,0,0,-1,1,0,4,1.0,2.0,0,Rasmus,2.0,375,False,,2024-08-05T15:00:04.427374Z,69,497894.jpg,2.8,Højlund,1.7,False,,a,14,1,22,246475,10294,162058,21949,0.3,3.2,Højlund,58.0,436,1,1,2,5,0,0,0,0,0,0,2,74,54.0,74.2,72.0,19.8,5,0.93,0.17,1.10,7.91,312,30,191,25,175,32,257,30,,,,,,,0.19,0.0,0.04,0.23,1.63,1.03,31,14,173,25,150,23,156,29,1.03,0.41
458,50.0,50.0,184667,0,0,-2,2,0,2,-0.4,0.1,0,Victor,0.2,376,False,Hamstring injury - 50% chance of playing,2024-11-21T08:30:09.218875Z,43,184667.jpg,0.8,Lindelöf,0.1,False,,d,14,1,3,2606,17,15338,172,0.0,0.7,Lindelof,206.0,58,0,0,0,1,0,0,0,1,0,0,0,7,16.0,15.5,4.0,3.6,0,0.00,0.04,0.04,1.38,390,138,328,104,359,120,387,130,,,,,,,0.0,0.0,0.06,0.06,2.14,1.55,550,129,364,117,439,145,463,166,0.0,0.0
459,100.0,50.0,95658,0,0,-1,1,0,2,-0.8,0.1,1,Harry,0.2,377,False,,2024-10-06T22:00:07.722929Z,49,95658.jpg,1.5,Maguire,0.4,False,,a,14,1,9,26064,158,64213,429,0.0,1.8,Maguire,241.0,274,0,0,1,1,0,0,0,3,0,0,0,41,45.0,15.0,10.0,7.0,3,0.04,0.02,0.06,2.72,327,112,330,105,328,109,347,112,,,,,,,0.01,0.0,0.01,0.02,0.89,0.33,241,25,375,123,312,106,277,102,0.99,0.33
460,0.0,100.0,516895,0,0,-3,3,0,3,0.0,0.5,2,Kobbie,0.5,378,False,Suspended until 07 Dec,2024-12-02T00:00:08.519876Z,52,516895.jpg,1.9,Mainoo,2.1,False,,s,14,1,15,128121,1131,566109,2851,0.1,2.9,Mainoo,241.0,650,0,0,5,6,0,0,0,5,0,0,0,103,80.2,65.8,30.0,17.8,8,0.16,0.63,0.79,9.10,265,119,208,127,252,142,274,135,,,,,,,0.02,0.0,0.09,0.11,1.26,0.83,172,104,312,160,250,114,135,40,1.11,0.69
461,100.0,100.0,222690,0,0,-1,1,0,2,-1.0,0.0,0,Tyrell,0.0,379,False,,2024-08-05T15:00:04.439521Z,44,222690.jpg,0.0,Malacia,0.0,False,,a,14,1,0,650,121,1184,54,0.0,0.0,Malacia,152.0,0,0,0,0,0,0,0,0,0,0,0,0,0,0.0,0.0,0.0,0.0,0,0.00,0.00,0.00,0.00,556,217,546,216,519,210,558,217,,,,,,,0.0,0.0,0.0,0.0,0.0,0.0,499,104,510,209,563,216,630,211,0.0,0.0
462,0.0,100.0,221820,0,0,-1,1,0,2,0.0,3.0,5,Lisandro,3.0,380,False,Suspended until 07 Dec,2024-12-02T00:00:08.536263Z,44,221820.jpg,3.1,Martínez,3.8,False,,s,14,1,34,253697,3803,423544,13781,0.7,7.7,Martinez,10.0,976,0,0,5,12,0,0,0,5,0,0,1,164,189.8,51.9,81.0,32.3,11,0.81,0.32,1.13,17.35,127,50,237,65,151,26,181,50,,,,,,,0.07,0.0,0.03,0.1,1.6,1.11,498,103,90,21,101,24,86,32,1.01,0.46
463,0.0,0.0,195851,0,0,-1,1,0,3,0.0,0.0,0,Scott,0.0,381,False,Transferred to Napoli,2024-08-31T06:16:49.087133Z,49,195851.jpg,1.0,McTominay,0.2,False,,u,14,1,2,6691,0,91740,110,0.0,0.4,McTominay,,17,0,0,0,1,0,0,0,0,0,0,0,4,3.2,0.3,5.0,0.9,0,0.07,0.00,0.07,0.66,438,211,427,221,356,195,440,213,,,,,,,0.37,0.0,0.0,0.37,3.49,5.29,258,166,631,274,413,201,399,140,0.0,0.0
464,100.0,100.0,184341,0,0,-2,2,0,3,-0.5,0.5,1,Mason,0.5,382,False,,2024-09-29T21:00:06.460180Z,63,184341.jpg,1.0,Mount,0.1,False,,a,14,1,5,5317,264,22814,455,0.1,0.8,Mount,241.0,158,0,0,1,3,0,0,0,2,0,0,0,10,20.6,49.2,42.0,11.3,2,0.39,0.04,0.43,3.46,374,176,245,150,230,130,316,154,,,,,,,0.22,0.0,0.02,0.24,1.97,1.71,53,31,316,163,430,214,425,154,1.14,0.57
465,,,202641,1,-1,2,-2,0,1,4.0,5.0,6,André,5.0,383,True,,,52,202641.jpg,4.8,Onana,9.8,False,,a,14,1,62,787905,35121,455479,24284,1.0,11.9,Onana,38.0,1170,0,0,6,13,0,1,0,0,0,35,5,239,317.0,13.0,0.0,33.0,13,0.00,0.19,0.19,19.36,25,9,337,1,669,69,179,9,,,,,,,0.0,2.69,0.01,0.01,1.49,1.0,167,5,32,3,21,3,43,9,1.0,0.46
466,0.0,0.0,488404,0,0,0,0,0,3,0.0,0.0,0,Facundo,0.0,384,False,Transferred to Panathinaikos,2024-08-22T11:21:35.952901Z,50,488404.jpg,0.0,Pellistri Rebollo,0.0,False,,u,14,1,0,61,0,1856,4,0.0,0.0,Pellistri,,0,0,0,0,0,0,0,0,0,0,0,0,0,0.0,0.0,0.0,0.0,0,0.00,0.00,0.00,0.00,671,304,667,304,662,302,671,304,,,,,,,0.0,0.0,0.0,0.0,0.0,0.0,223,141,657,294,671,304,643,285,0.0,0.0
467,,,176297,0,0,-1,1,1,3,5.2,6.2,14,Marcus,6.2,385,False,,,69,176297.jpg,4.0,Rashford,4.3,False,,a,14,1,52,491754,87954,533340,9063,0.9,7.5,Rashford,241.0,913,4,1,5,8,0,0,0,2,0,0,3,177,226.6,219.1,192.0,63.9,12,1.57,1.29,2.86,13.25,87,32,50,40,60,38,52,34,,,2.0,,3.0,,0.15,0.0,0.13,0.28,1.31,0.79,29,15,20,12,54,24,80,24,1.18,0.49
468,100.0,100.0,106760,0,0,-1,1,0,2,-0.5,0.5,1,Luke,0.5,387,False,,2024-08-14T22:30:05.635756Z,49,106760.jpg,1.0,Shaw,0.2,False,,a,14,1,2,4000,728,60075,363,0.1,0.4,Shaw,241.0,68,0,0,0,0,0,0,0,0,0,0,0,19,16.6,2.6,0.0,2.0,0,0.00,0.01,0.01,0.50,388,137,392,137,634,227,418,141,,,,,,,0.0,0.0,0.01,0.01,0.66,0.0,242,26,310,90,410,138,367,131,0.0,0.0
469,,,458249,0,0,-4,4,1,4,3.0,4.0,13,Joshua,4.0,389,False,,,66,458249.jpg,2.8,Zirkzee,1.8,False,,a,14,1,37,423370,13545,551004,2395,0.6,5.6,Zirkzee,152.0,540,3,1,3,6,0,0,0,1,0,0,6,138,158.0,111.5,203.0,47.2,5,2.76,0.43,3.19,8.26,165,18,140,13,55,19,105,20,,,,,,,0.46,0.0,0.07,0.53,1.38,1.0,41,19,56,12,149,22,150,27,0.83,0.5
470,50.0,50.0,550864,0,0,-2,2,0,2,-0.5,0.0,0,Leny,0.0,572,False,Lack of match fitness - 50% chance of playing,2024-08-05T15:00:04.535911Z,43,550864.jpg,0.0,Yoro,0.1,False,,d,14,1,0,7412,295,16328,523,0.0,0.0,Yoro,73.0,0,0,0,0,0,0,0,0,0,0,0,0,0,0.0,0.0,0.0,0.0,0,0.00,0.00,0.00,0.00,551,212,539,211,513,205,553,212,,,,,,,0.0,0.0,0.0,0.0,0.0,0.0,568,145,501,202,558,211,434,157,0.0,0.0
471,,,209365,0,0,0,0,1,2,1.8,2.8,1,Matthijs,2.8,593,False,,,50,209365.jpg,2.9,de Ligt,5.2,False,,a,14,1,38,497728,8324,464725,23781,0.6,7.6,De Ligt,152.0,904,1,0,3,12,0,0,0,2,0,0,3,156,206.6,31.4,147.0,38.8,10,1.12,0.03,1.15,16.63,108,40,284,84,89,7,141,36,,,,,,,0.11,0.0,0.0,0.11,1.66,1.19,202,23,108,30,130,34,71,25,1.0,0.3
472,100.0,100.0,230001,1,-1,2,-2,2,2,2.2,3.2,1,Noussair,3.2,594,False,,2024-10-27T22:30:07.983672Z,47,230001.jpg,3.2,Mazraoui,17.7,False,,a,14,1,42,2556577,50446,1217425,49501,0.7,8.9,Mazraoui,145.0,967,0,1,4,11,0,0,0,1,0,0,4,193,240.8,93.0,52.0,38.5,12,0.22,0.94,1.16,17.06,73,23,167,39,207,54,142,37,,,,,,,0.02,0.0,0.09,0.11,1.59,1.02,335,43,86,20,90,22,24,7,1.12,0.37
473,,,490881,0,0,0,0,0,3,-1.0,0.0,0,Toby,0.0,613,False,,,45,490881.jpg,1.0,Collyer,0.0,False,,a,14,1,1,9729,48,7415,184,0.0,0.2,Collyer,241.0,45,0,0,0,1,0,0,0,0,0,0,0,12,14.2,12.6,2.0,2.9,0,0.00,0.01,0.01,1.03,394,187,338,192,379,203,393,192,,,,,,,0.0,0.0,0.02,0.02,2.06,2.0,420,250,562,219,389,183,515,198,0.0,0.0
474,,,575034,0,0,0,0,0,4,-1.0,0.0,0,Ethan,0.0,648,False,,,45,575034.jpg,0.0,Wheatley,1.9,False,,a,14,1,0,390169,7383,219440,8452,0.0,0.0,Wheatley,241.0,0,0,0,0,0,0,0,0,0,0,0,0,0,0.0,0.0,0.0,0.0,0,0.00,0.00,0.00,0.00,632,56,629,56,609,54,634,56,,,,,,,0.0,0.0,0.0,0.0,0.0,0.0,462,73,599,55,637,58,139,25,0.0,0.0
475,100.0,100.0,232112,0,0,-1,1,0,3,0.5,1.5,1,Manuel,1.5,652,False,,2024-10-16T15:00:07.568257Z,49,232112.jpg,1.2,Ugarte,0.1,False,,a,14,1,10,21362,327,14931,838,0.3,2.0,Ugarte,230.0,335,0,0,1,3,0,0,0,2,0,0,0,47,54.8,37.3,6.0,9.5,3,0.01,0.05,0.06,5.42,307,145,272,165,354,193,330,165,,,,,,,0.0,0.0,0.01,0.01,1.46,0.81,269,175,206,105,352,173,445,161,0.81,0.27
476,,,547037,0,0,0,0,0,3,-1.0,0.0,0,Jack,0.0,667,False,,,45,547037.jpg,0.0,Fletcher,0.0,False,,a,14,1,0,671,40,344,49,0.0,0.0,Fletcher,241.0,0,0,0,0,0,0,0,0,0,0,0,0,0,0.0,0.0,0.0,0.0,0,0.00,0.00,0.00,0.00,622,271,619,275,599,266,624,273,,,,,,,0.0,0.0,0.0,0.0,0.0,0.0,451,279,589,244,628,275,648,287,0.0,0.0
477,,,577974,0,0,0,0,0,2,-1.0,0.0,0,Harry,0.0,670,False,,,40,577974.jpg,0.0,Amass,0.0,False,,a,14,1,0,1691,188,649,129,0.0,0.0,Amass,241.0,0,0,0,0,0,0,0,0,0,0,0,0,0,0.0,0.0,0.0,0.0,0,0.00,0.00,0.00,0.00,528,196,508,194,471,179,530,196,,,,,,,0.0,0.0,0.0,0.0,0.0,0.0,670,210,461,174,535,195,603,204,0.0,0.0
478,,,556639,0,0,0,0,0,3,-1.0,0.0,0,Jayce,0.0,673,False,,,45,556639.jpg,0.0,Fitzgerald,0.0,False,,a,14,1,0,176,24,56,14,0.0,0.0,Fitzgerald,241.0,0,0,0,0,0,0,0,0,0,0,0,0,0,0.0,0.0,0.0,0.0,0,0.00,0.00,0.00,0.00,627,274,624,278,604,269,629,276,,,,,,,0.0,0.0,0.0,0.0,0.0,0.0,457,283,594,248,632,278,675,305,0.0,0.0
479,,,545477,0,0,0,0,0,2,-1.0,0.0,0,Alex,0.0,390,False,,,40,545477.jpg,0.0,Murphy,0.9,False,,a,15,4,0,66394,791,71406,1722,0.0,0.0,A.Murphy,104.0,0,0,0,0,0,0,0,0,0,0,0,0,0,0.0,0.0,0.0,0.0,0,0.00,0.00,0.00,0.00,525,193,505,191,467,175,527,193,4.0,,,,,,0.0,0.0,0.0,0.0,0.0,0.0,666,206,457,170,531,191,217,83,0.0,0.0
480,,,179018,0,0,-5,5,0,3,-1.0,0.0,0,Miguel,0.0,391,False,,,55,179018.jpg,1.2,Almirón Rejala,0.4,False,,a,15,4,6,34939,411,99264,1321,0.0,1.1,Almirón,168.0,102,0,0,0,2,0,0,0,0,0,0,0,18,3.8,17.8,32.0,5.3,1,0.36,0.14,0.50,2.07,434,209,322,185,247,138,368,184,,,,,,,0.32,0.0,0.12,0.44,1.83,1.76,114,69,673,303,356,174,280,92,0.88,0.0
481,,,201666,0,0,-2,2,0,3,2.3,3.3,2,Harvey,3.3,392,False,,,63,201666.jpg,4.0,Barnes,2.3,False,,a,15,4,52,649642,1777,492028,23816,0.5,8.3,Barnes,241.0,604,4,1,1,9,0,0,0,0,0,0,9,170,200.4,136.4,193.0,53.1,5,1.73,1.41,3.14,10.59,115,41,116,85,59,37,78,49,,,,,,,0.26,0.0,0.21,0.47,1.58,1.34,54,32,78,42,53,23,125,36,0.75,0.15
482,0.0,0.0,220237,0,0,-1,1,0,2,0.0,0.0,0,Sven,0.0,393,False,Knee injury - Expected back 15 Jan,2024-07-17T13:30:05.022057Z,44,220237.jpg,0.0,Botman,0.0,False,,i,15,4,0,843,26,1720,15,0.0,0.0,Botman,152.0,0,0,0,0,0,0,0,0,0,0,0,0,0,0.0,0.0,0.0,0.0,0,0.00,0.00,0.00,0.00,555,216,545,215,518,209,557,216,,,,,,,0.0,0.0,0.0,0.0,0.0,0.0,497,102,509,208,562,215,623,208,0.0,0.0
483,100.0,75.0,208706,-1,1,-4,4,0,3,1.0,1.5,2,Bruno,2.0,394,False,,2024-11-26T02:30:08.074203Z,61,208706.jpg,2.5,Guimarães Rodriguez Moura,1.6,False,,a,15,4,32,76993,749,266575,4789,0.3,5.2,Bruno G.,30.0,1153,0,1,3,14,0,0,0,2,0,0,2,186,185.6,199.7,60.0,44.6,13,0.69,1.18,1.87,16.89,134,48,64,53,194,115,117,68,,,,,,,0.05,0.0,0.09,0.14,1.32,1.09,74,49,170,82,183,80,163,47,1.01,0.23
484,100.0,100.0,78916,0,0,-1,1,0,2,0.7,1.7,4,Dan,1.7,395,False,,2024-11-10T23:00:08.148381Z,44,78916.jpg,2.6,Burn,6.9,False,,a,15,4,31,379852,3735,1249267,11747,0.4,7.0,Burn,241.0,1080,0,0,3,12,1,0,0,5,0,0,4,129,197.2,26.7,96.0,32.1,12,0.57,0.23,0.80,16.32,120,46,298,91,130,18,183,51,,,,,,,0.05,0.0,0.02,0.07,1.36,1.0,480,88,181,53,157,43,58,20,1.0,0.25
485,100.0,100.0,67089,0,0,-3,3,0,1,-1.0,0.0,0,Martin,0.0,396,False,,2024-10-02T00:30:05.687323Z,42,67089.jpg,0.0,Dúbravka,0.5,False,,a,15,4,0,12092,199,85020,636,0.0,0.0,Dúbravka,194.0,0,0,0,0,0,0,0,0,0,0,0,0,0,0.0,0.0,0.0,0.0,0,0.00,0.00,0.00,0.00,537,64,519,45,485,36,539,64,,,,,,,0.0,0.0,0.0,0.0,0.0,0.0,572,36,473,57,544,64,256,38,0.0,0.0
486,100.0,100.0,232826,0,0,-3,3,0,3,2.0,3.0,5,Anthony,3.0,398,False,,2024-11-10T23:00:08.179603Z,72,232826.jpg,3.8,Gordon,8.2,False,,a,15,4,46,607113,4730,2242755,35498,0.4,6.4,Gordon,241.0,987,2,2,4,10,0,0,1,1,0,0,5,185,196.4,379.3,276.0,85.3,12,4.13,2.07,6.20,13.59,123,43,10,9,33,18,19,16,3.0,,,,3.0,,0.38,0.0,0.19,0.57,1.24,0.91,22,14,101,49,63,28,50,13,1.09,0.36
487,,,487838,0,0,-1,1,0,2,0.7,1.7,2,Lewis,1.7,399,False,,,44,487838.jpg,2.7,Hall,6.6,False,,a,15,4,35,691054,9440,460065,18059,0.4,8.0,Hall,241.0,965,0,1,3,10,0,0,0,3,0,0,2,174,249.4,245.2,43.0,54.0,10,0.10,1.65,1.75,12.70,68,21,41,8,226,63,75,13,2.0,,,,,,0.01,0.0,0.15,0.16,1.18,0.93,519,117,185,56,151,40,63,21,0.93,0.28
488,,,153127,0,0,0,0,0,3,-1.0,0.0,0,Isaac,0.0,400,False,,,45,153127.jpg,0.0,Hayden,0.1,False,,a,15,4,0,6963,190,8366,215,0.0,0.0,Hayden,107.0,0,0,0,0,0,0,0,0,0,0,0,0,0,0.0,0.0,0.0,0.0,0,0.00,0.00,0.00,0.00,572,232,567,236,545,227,574,234,,,,,,,0.0,0.0,0.0,0.0,0.0,0.0,365,229,531,201,578,236,470,175,0.0,0.0
489,75.0,100.0,219168,0,0,0,0,0,4,2.8,4.7,1,Alexander,4.7,401,False,Hip injury - 75% chance of playing,2024-11-30T22:00:07.827670Z,85,219168.jpg,4.5,Isak,17.9,False,,d,15,4,50,1591784,7001,5432341,290963,0.6,5.9,Isak,206.0,876,4,2,2,12,0,0,0,0,0,0,8,169,216.2,145.4,354.0,70.9,11,4.98,0.89,5.87,13.53,101,13,103,6,18,11,38,9,,,3.0,,2.0,,0.51,0.0,0.09,0.6,1.39,1.23,10,3,43,10,35,12,23,8,1.13,0.21
490,100.0,100.0,114243,-1,1,-6,6,0,3,-0.7,0.3,0,Jacob,0.3,402,False,,2024-10-31T02:30:07.555512Z,49,114243.jpg,2.0,Murphy,0.3,False,,a,15,4,20,29299,161,203393,905,0.1,4.1,J.Murphy,241.0,515,0,2,1,5,0,0,0,1,0,0,0,69,85.6,107.9,72.0,26.6,6,0.31,1.22,1.53,6.41,259,114,146,99,174,106,219,111,,,,,,,0.05,0.0,0.21,0.26,1.12,0.87,246,158,342,171,231,102,319,104,1.05,0.17
491,,,180974,0,0,0,0,2,3,3.7,4.7,2,Joelinton Cássio,4.7,403,False,,,60,180974.jpg,3.1,Apolinário de Lira,1.6,False,,a,15,4,40,315914,2361,319385,8009,0.8,6.7,Joelinton,30.0,1084,2,0,3,13,0,0,0,4,0,0,6,142,207.4,181.0,226.0,61.6,13,1.68,0.75,2.43,15.99,107,37,72,57,45,29,59,38,,,,,,,0.14,0.0,0.06,0.2,1.33,1.08,78,51,41,21,113,52,166,48,1.08,0.25
492,,,235530,0,0,-2,2,0,2,-1.0,0.0,0,Lloyd,0.0,404,False,,,43,235530.jpg,1.2,Kelly,0.1,False,,a,15,4,10,8381,85,14396,235,0.0,2.3,Kelly,241.0,295,0,1,0,6,0,0,0,2,0,0,0,36,79.6,28.1,14.0,12.0,4,0.36,0.11,0.47,5.55,266,97,295,89,307,99,312,104,,,,,,,0.11,0.0,0.03,0.14,1.69,1.83,558,137,495,198,343,111,423,152,1.22,0.0
493,0.0,0.0,111773,0,0,-1,1,0,2,0.0,0.0,0,Emil,0.0,405,False,Shoulder injury - Expected back 15 Jan,2024-11-11T16:00:06.953415Z,44,111773.jpg,3.3,Krafth,0.1,False,,i,15,4,10,11668,10,17380,385,0.0,2.3,Krafth,206.0,240,0,0,1,2,0,0,0,0,0,0,0,34,44.2,10.9,11.0,6.6,2,0.04,0.03,0.07,5.07,329,114,348,112,319,103,350,115,,,,,,,0.02,0.0,0.01,0.03,1.9,0.75,485,93,503,204,78,17,437,158,0.75,0.38
494,,,564510,0,0,0,0,0,3,-1.0,0.0,0,Garang,0.0,406,False,,,45,564510.jpg,0.0,Kuol,0.0,False,,a,15,4,0,4439,121,5283,133,0.0,0.0,Kuol,13.0,0,0,0,0,0,0,0,0,0,0,0,0,0,0.0,0.0,0.0,0.0,0,0.00,0.00,0.00,0.00,628,275,625,279,605,270,630,277,,,,,,,0.0,0.0,0.0,0.0,0.0,0.0,458,284,595,249,633,279,522,203,0.0,0.0
495,0.0,0.0,101148,0,0,0,0,0,2,0.0,0.0,0,Jamaal,0.0,407,False,Knee injury - Expected back 01 Feb,2024-07-17T13:30:05.035452Z,45,101148.jpg,0.0,Lascelles,0.0,False,,i,15,4,0,580,16,578,14,0.0,0.0,Lascelles,241.0,0,0,0,0,0,0,0,0,0,0,0,0,0,0.0,0.0,0.0,0.0,0,0.00,0.00,0.00,0.00,570,221,564,221,539,216,572,221,,,,,,,0.0,0.0,0.0,0.0,0.0,0.0,359,58,529,214,576,220,655,221,0.0,0.0
496,0.0,0.0,194799,0,0,0,0,0,2,0.0,0.0,0,Jamal,0.0,408,False,Loaned to  Sao Paulo,2024-09-05T10:35:35.180344Z,40,194799.jpg,0.0,Lewis,0.2,False,,u,15,4,0,11493,0,37017,258,0.0,0.0,Lewis,,0,0,0,0,0,0,0,0,0,0,0,0,0,0.0,0.0,0.0,0.0,0,0.00,0.00,0.00,0.00,479,166,458,164,419,147,481,166,,,,,,,0.0,0.0,0.0,0.0,0.0,0.0,611,171,406,139,485,164,382,137,0.0,0.0
497,,,441191,0,0,0,0,0,2,0.7,1.7,2,Tino,1.7,409,False,,,45,441191.jpg,2.3,Livramento,2.2,False,,a,15,4,30,292448,2124,246054,6291,0.4,6.7,Livramento,241.0,887,0,0,2,11,0,0,0,0,0,0,2,127,180.4,111.9,14.0,30.6,10,0.00,0.28,0.28,13.02,142,58,139,31,310,102,192,54,,,,,,,0.0,0.0,0.03,0.03,1.32,1.12,393,76,186,57,198,59,132,52,1.01,0.2
498,,,180135,0,0,-3,3,0,3,1.3,2.3,1,Sean,2.3,410,False,,,47,180135.jpg,1.7,Longstaff,0.6,False,,a,15,4,20,58057,3327,109937,3381,0.5,4.3,Longstaff,241.0,580,0,1,2,7,0,0,0,2,0,0,0,80,81.8,47.0,54.0,18.3,7,0.53,0.19,0.72,8.27,264,118,252,153,204,117,269,133,,,,,,,0.08,0.0,0.03,0.11,1.28,1.09,333,218,132,62,278,127,243,78,1.09,0.31
499,100.0,100.0,547719,0,0,0,0,0,3,-1.0,0.0,0,Lewis,0.0,411,False,,2024-07-17T13:30:05.048462Z,50,547719.jpg,0.0,Miley,0.0,False,,a,15,4,0,700,31,565,48,0.0,0.0,Miley,241.0,0,0,0,0,0,0,0,0,0,0,0,0,0,0.0,0.0,0.0,0.0,0,0.00,0.00,0.00,0.00,675,306,672,306,666,304,675,306,,,,,,,0.0,0.0,0.0,0.0,0.0,0.0,236,151,661,296,674,306,642,284,0.0,0.0
500,,,111452,0,0,-2,2,0,1,-1.0,0.0,0,Odysseas,0.0,412,False,,,43,111452.jpg,0.0,Vlachodimos,0.1,False,,a,15,4,0,1206,28,7040,93,0.0,0.0,Odysseas,83.0,0,0,0,0,0,0,0,0,0,0,0,0,0,0.0,0.0,0.0,0.0,0,0.00,0.00,0.00,0.00,543,68,531,54,500,46,545,68,,,,,,,0.0,0.0,0.0,0.0,0.0,0.0,543,31,490,65,550,68,444,63,0.0,0.0
501,100.0,100.0,98747,0,0,0,0,1,1,1.0,2.0,2,Nick,2.0,413,False,,2024-10-02T00:30:05.710785Z,50,98747.jpg,3.6,Pope,6.8,False,,a,15,4,47,583745,4234,636682,19663,0.4,9.4,Pope,241.0,1170,0,0,3,14,0,0,0,1,0,48,2,188,351.4,0.0,0.0,35.0,13,0.00,0.00,0.00,17.23,17,6,657,68,651,66,162,7,,,,,,,0.0,3.69,0.0,0.0,1.33,1.08,188,7,155,15,70,9,59,12,1.0,0.23
502,,,19236,0,0,0,0,0,1,-1.0,0.0,0,John,0.0,414,False,,,40,19236.jpg,0.0,Ruddy,0.3,False,,a,15,4,0,15431,481,14712,303,0.0,0.0,Ruddy,241.0,0,0,0,0,0,0,0,0,0,0,0,0,0,0.0,0.0,0.0,0.0,0,0.00,0.00,0.00,0.00,465,36,443,13,402,4,467,36,,,,,,,0.0,0.0,0.0,0.0,0.0,0.0,588,42,389,27,471,36,304,46,0.0,0.0
503,100.0,100.0,119471,0,0,-1,1,0,2,0.7,1.7,2,Fabian,1.7,415,False,,2024-10-02T00:30:05.719745Z,54,119471.jpg,2.3,Schär,1.5,False,,a,15,4,25,135841,2678,201315,7870,0.3,4.6,Schär,207.0,927,1,0,2,12,0,0,0,4,1,0,0,105,217.4,34.9,58.0,30.6,11,1.01,0.57,1.58,12.17,100,36,278,81,197,48,194,55,,,2.0,,,,0.1,0.0,0.06,0.16,1.18,1.17,129,12,198,59,202,60,176,69,1.07,0.19
504,100.0,100.0,169359,0,0,0,0,0,2,-1.0,0.0,0,Matt,0.0,416,False,,2024-09-27T11:00:07.434832Z,40,169359.jpg,0.0,Targett,0.3,False,,a,15,4,0,27446,391,43179,445,0.0,0.0,Targett,241.0,0,0,0,0,0,0,0,0,0,0,0,0,0,0.0,0.0,0.0,0.0,0,0.00,0.00,0.00,0.00,474,163,453,161,414,144,476,163,,,,,,,0.0,0.0,0.0,0.0,0.0,0.0,604,166,401,136,481,162,298,110,0.0,0.0
505,100.0,100.0,432422,0,0,0,0,0,3,1.3,2.3,2,Sandro,2.3,417,False,,2024-07-17T13:30:05.060878Z,55,432422.jpg,1.5,Tonali,0.3,False,,a,15,4,17,56433,777,43079,1780,0.4,3.1,Tonali,106.0,531,0,1,1,6,0,0,0,3,0,0,0,93,104.8,72.1,73.0,25.1,5,0.76,0.30,1.06,7.23,232,98,195,120,172,105,231,116,,,4.0,,,,0.13,0.0,0.05,0.18,1.23,1.02,119,73,135,64,316,146,303,100,0.85,0.17
506,100.0,100.0,77794,0,0,-4,4,0,2,-0.7,0.3,0,Kieran,0.3,418,False,,2024-10-02T00:30:05.733255Z,56,77794.jpg,2.3,Trippier,3.3,False,,a,15,4,14,77214,3064,1076800,3598,0.1,2.5,Trippier,241.0,284,0,0,1,3,0,0,0,0,0,0,2,48,44.6,66.8,11.0,12.2,3,0.03,0.23,0.26,4.21,328,113,206,55,325,106,309,102,1.0,,1.0,,,,0.01,0.0,0.07,0.08,1.33,0.95,98,9,356,111,203,61,98,40,0.95,0.32
507,0.0,0.0,461484,0,0,0,0,0,3,0.0,0.0,0,Joe,0.0,419,False,Loaned to MK Dons,2024-08-31T08:20:54.098792Z,45,461484.jpg,0.0,White,0.2,False,,u,15,4,0,12007,0,40028,220,0.0,0.0,White,,0,0,0,0,0,0,0,0,0,0,0,0,0,0.0,0.0,0.0,0.0,0,0.00,0.00,0.00,0.00,590,243,586,247,564,238,592,245,,,,,,,0.0,0.0,0.0,0.0,0.0,0.0,404,242,551,212,596,247,396,139,0.0,0.0
508,100.0,75.0,200089,0,0,-2,2,0,3,0.7,1.3,2,Joe,1.7,420,False,,2024-11-26T02:30:08.104296Z,48,200089.jpg,1.5,Willock,0.2,False,,a,15,4,17,31263,396,31332,1015,0.4,3.5,Willock,241.0,441,0,1,2,4,0,0,0,2,0,0,0,63,69.4,136.9,80.0,28.7,5,0.51,0.52,1.03,6.29,287,132,115,84,155,97,207,106,,,,,,,0.1,0.0,0.11,0.21,1.28,0.82,301,199,190,92,311,142,380,134,1.02,0.41
509,100.0,100.0,75115,0,0,-1,1,0,4,-0.7,0.3,0,Callum,0.3,421,False,,2024-08-05T15:00:04.487875Z,69,75115.jpg,0.5,Wilson,0.0,False,,a,15,4,1,2787,687,7795,258,0.0,0.1,Wilson,241.0,37,0,0,0,1,0,0,0,1,0,0,0,1,2.0,1.4,0.0,0.3,0,0.00,0.00,0.00,0.43,449,46,407,46,688,73,456,47,,,,,1.0,,0.0,0.0,0.0,0.0,1.05,2.43,27,13,360,44,463,50,512,67,0.0,0.0
510,0.0,0.0,578512,0,0,0,0,0,2,0.0,0.0,0,Miodrag,0.0,574,False,Loaned to Willem II,2024-09-10T11:08:18.853575Z,40,578512.jpg,0.0,Pivaš,0.1,False,,u,15,4,0,2653,0,10281,79,0.0,0.0,Pivas,,0,0,0,0,0,0,0,0,0,0,0,0,0,0.0,0.0,0.0,0.0,0,0.00,0.00,0.00,0.00,529,197,509,195,472,180,531,197,,,,,,,0.0,0.0,0.0,0.0,0.0,0.0,671,211,462,175,536,196,477,173,0.0,0.0
511,,,538207,0,0,0,0,0,4,-0.7,0.3,0,William,0.3,590,False,,,50,538207.jpg,1.0,Osula,0.1,False,,a,15,4,4,17641,230,20903,414,0.1,0.8,Osula,58.0,10,0,0,0,1,0,0,0,0,0,0,0,10,1.0,0.0,2.0,0.3,0,0.00,0.00,0.00,0.48,454,47,671,69,389,45,455,46,,,,,,,0.0,0.0,0.0,0.0,4.32,9.0,235,53,348,41,420,43,403,59,0.0,0.0
512,,,106468,0,0,-1,1,1,2,0.0,1.0,1,Álex,1.0,26,False,,,44,106468.jpg,2.9,Moreno Lopera,0.8,False,,a,16,17,29,86815,964,72302,4968,0.2,6.6,Alex Moreno,200.0,697,0,1,3,10,0,0,0,2,0,0,1,103,140.4,73.4,20.0,23.4,9,0.14,0.80,0.94,8.15,185,73,192,49,286,87,238,75,,,,,,,0.02,0.0,0.1,0.12,1.05,1.29,483,91,230,68,124,31,221,85,1.16,0.39
513,100.0,100.0,159506,1,-1,4,-4,3,2,2.0,3.0,8,Ola,3.0,422,True,,2024-11-21T08:30:09.347848Z,49,159506.jpg,4.3,Aina,14.1,False,,a,16,17,56,1872678,103508,539643,26384,0.6,11.4,Aina,157.0,1131,1,0,5,12,0,0,0,2,0,0,10,221,239.0,102.5,27.0,36.9,13,0.11,0.80,0.91,12.40,76,24,157,35,263,81,148,40,,,,,,,0.01,0.0,0.06,0.07,0.99,0.95,251,27,94,24,39,4,28,10,1.03,0.4
514,100.0,75.0,215379,0,0,0,0,0,3,0.3,1.0,3,Elliot,1.3,423,False,,2024-11-13T15:30:08.535910Z,50,215379.jpg,2.6,Anderson,0.2,False,,a,16,17,31,29770,311,29051,1095,0.3,6.2,Anderson,241.0,697,0,3,4,9,0,0,0,3,0,0,2,179,182.6,261.1,132.0,57.4,9,0.71,1.17,1.88,8.22,141,50,35,29,95,59,71,44,3.0,,,,,,0.09,0.0,0.15,0.24,1.06,1.16,205,129,216,109,164,69,371,129,1.16,0.52
515,,,210156,0,0,-4,4,0,4,0.0,1.0,0,Taiwo,1.0,424,False,,,56,210156.jpg,1.1,Awoniyi,0.3,False,,a,16,17,10,27107,392,92511,1044,0.2,1.8,Awoniyi,157.0,169,0,0,0,3,0,0,0,0,0,0,0,24,9.8,12.0,44.0,6.0,2,0.44,0.07,0.51,2.20,408,37,340,37,224,36,360,38,,,,,,,0.23,0.0,0.04,0.27,1.17,1.6,102,30,251,30,357,37,311,49,1.07,0.0
516,100.0,100.0,90585,0,0,-2,2,0,2,-1.0,0.0,0,Willy,0.0,425,False,,2024-09-11T12:30:07.170970Z,43,90585.jpg,1.5,Boly,0.1,False,,a,16,17,3,6776,119,21433,220,0.0,0.7,Boly,54.0,91,0,0,0,1,0,0,0,0,0,0,0,13,32.0,0.2,17.0,4.9,1,0.07,0.00,0.07,1.22,347,124,429,153,298,93,377,126,,,,,,,0.07,0.0,0.0,0.07,1.21,0.99,539,122,486,192,307,102,421,151,0.99,0.0
517,0.0,0.0,245830,0,0,0,0,0,3,0.0,0.0,0,Josh,0.0,426,False,Loaned to  Preston North End,2024-08-31T08:19:22.292913Z,45,245830.jpg,0.0,Bowler,0.0,False,,u,16,17,0,1220,0,5943,40,0.0,0.0,Bowler,,0,0,0,0,0,0,0,0,0,0,0,0,0,0.0,0.0,0.0,0.0,0,0.00,0.00,0.00,0.00,581,236,577,240,555,231,583,238,,,,,,,0.0,0.0,0.0,0.0,0.0,0.0,388,234,542,205,587,240,593,253,0.0,0.0
518,,,475123,0,0,-3,3,0,1,-1.0,0.0,0,Carlos Miguel,0.0,427,False,,,42,475123.jpg,0.0,dos Santos Pereira,0.2,False,,a,16,17,0,8152,219,27239,293,0.0,0.0,C.Miguel,30.0,0,0,0,0,0,0,0,0,0,0,0,0,0,0.0,0.0,0.0,0.0,0,0.00,0.00,0.00,0.00,539,65,523,47,491,38,541,65,,,,,,,0.0,0.0,0.0,0.0,0.0,0.0,581,38,480,59,546,65,384,55,0.0,0.0
519,,,569014,-1,1,-1,1,0,3,-1.0,0.0,0,Eric,0.0,428,False,,,44,569014.jpg,1.0,da Silva Moreira,0.1,False,,a,16,17,1,7329,1078,8134,310,0.0,0.2,Da Silva Moreira,80.0,1,0,0,0,0,0,0,0,0,0,0,0,3,0.0,0.0,0.0,0.0,0,0.00,0.00,0.00,0.00,565,229,559,233,534,223,567,231,,,,,,,0.0,0.0,0.0,0.0,0.0,0.0,529,312,524,198,385,181,469,174,0.0,0.0
520,0.0,0.0,513046,0,0,-3,3,0,3,0.0,0.0,0,Danilo,0.0,429,False,Ankle injury - Unknown return date,2024-08-17T20:00:06.172553Z,47,513046.jpg,1.0,dos Santos de Oliveira,0.0,False,,i,16,17,1,544,8,5269,21,0.0,0.2,Danilo,30.0,14,0,0,0,0,0,0,0,0,0,0,0,1,0.0,0.1,0.0,0.0,1,0.00,0.00,0.00,0.28,646,288,436,225,626,283,647,289,,,,,,,0.0,0.0,0.0,0.0,1.8,0.0,344,224,620,267,402,194,619,271,6.43,0.0
521,,,230251,0,0,-1,1,0,4,-1.0,0.0,0,Emmanuel,0.0,430,False,,,49,230251.jpg,0.0,Dennis,0.3,False,,a,16,17,0,38892,807,42231,992,0.0,0.0,Dennis,157.0,0,0,0,0,0,0,0,0,0,0,0,0,0,0.0,0.0,0.0,0.0,0,0.00,0.00,0.00,0.00,656,62,651,61,642,60,656,62,,,,,,,0.0,0.0,0.0,0.0,0.0,0.0,268,56,635,61,657,63,322,51,0.0,0.0
522,,,250199,0,0,-2,2,0,3,0.7,1.7,1,Nicolás,1.7,431,False,,,48,250199.jpg,1.4,Domínguez,0.0,False,,a,16,17,15,3005,114,3683,185,0.4,3.1,Dominguez,10.0,598,0,0,2,7,0,0,0,3,0,0,0,78,115.2,61.1,85.0,26.1,7,0.72,0.25,0.97,8.09,218,90,218,134,143,91,223,112,,,,,,,0.11,0.0,0.04,0.15,1.22,1.05,313,207,191,93,323,153,542,218,1.05,0.3
523,100.0,75.0,449434,-1,1,-4,4,0,3,1.3,1.7,1,Anthony,2.3,432,False,,2024-11-23T22:30:08.527966Z,51,449434.jpg,2.1,Elanga,0.7,False,,a,16,17,27,65186,853,214782,3842,0.5,5.3,Elanga,206.0,703,0,2,3,9,0,0,0,1,0,0,0,90,96.2,209.0,121.0,42.9,9,0.72,1.27,1.99,8.17,247,108,59,48,104,66,122,72,2.0,,2.0,,,,0.09,0.0,0.16,0.25,1.05,1.15,181,112,133,63,222,99,234,76,1.15,0.38
524,100.0,75.0,222531,0,0,-2,2,0,3,0.0,0.8,2,Morgan,1.0,433,False,,2024-11-23T22:30:08.545151Z,63,222531.jpg,2.6,Gibbs-White,1.1,False,,a,16,17,23,184485,686,549071,2978,0.2,3.7,Gibbs-White,241.0,704,1,0,4,6,0,0,0,2,1,0,2,92,116.6,203.2,216.0,53.6,9,1.28,1.17,2.45,6.60,215,88,61,50,50,33,77,48,,,4.0,,2.0,,0.16,0.0,0.15,0.31,0.84,0.77,57,35,256,135,171,75,201,61,1.15,0.51
525,100.0,100.0,209046,0,0,-1,1,1,3,1.0,2.0,3,Callum,2.0,434,False,,2024-10-23T08:00:07.622507Z,54,209046.jpg,3.3,Hudson-Odoi,2.3,False,,a,16,17,43,306746,4214,414470,18780,0.4,8.0,Hudson-Odoi,241.0,961,2,1,5,9,0,0,0,1,0,0,3,192,177.6,294.0,200.0,66.8,11,1.27,1.19,2.46,8.64,147,52,28,24,56,35,43,29,,,,,,,0.12,0.0,0.11,0.23,0.81,0.84,132,78,164,79,81,35,130,39,1.03,0.47
526,0.0,0.0,244930,0,0,0,0,0,3,0.0,0.0,0,Alex,0.0,435,False,Season long loan to Port Vale,2024-08-29T11:09:56.647313Z,45,244930.jpg,0.0,Mighten,0.0,False,,u,16,17,0,689,0,3782,19,0.0,0.0,Mighten,,0,0,0,0,0,0,0,0,0,0,0,0,0,0.0,0.0,0.0,0.0,0,0.00,0.00,0.00,0.00,580,235,576,239,554,230,582,237,,,,,,,0.0,0.0,0.0,0.0,0.0,0.0,387,233,541,204,586,239,609,262,0.0,0.0
527,,,575476,0,0,1,-1,0,2,4.0,5.0,7,Murillo,5.0,436,False,,,46,575476.jpg,4.0,Santiago Costa dos Santos,3.3,False,,a,16,17,52,365294,45754,85262,8341,1.1,11.3,Murillo,30.0,1170,1,0,5,13,0,0,0,1,0,0,4,216,338.8,105.5,118.0,56.4,13,0.77,0.46,1.23,13.07,20,4,149,34,108,12,73,12,,,3.0,,,,0.06,0.0,0.04,0.1,1.01,1.0,354,54,30,5,49,7,99,41,1.0,0.38
528,,,215136,0,0,-2,2,0,2,1.3,2.3,6,Neco,2.3,437,False,,,43,215136.jpg,1.8,Williams,0.4,False,,a,16,17,20,42835,2041,59296,552,0.5,4.7,N.Williams,244.0,463,0,0,2,3,0,0,0,3,0,0,0,73,92.8,83.3,75.0,25.3,4,0.62,0.31,0.93,4.73,250,92,180,44,165,32,229,71,,,,,,,0.12,0.0,0.06,0.18,0.92,0.58,554,133,129,37,258,80,279,104,0.78,0.39
529,0.0,0.0,204822,0,0,0,0,0,2,0.0,0.0,0,Omar,0.0,438,False,Loaned to Rio Ave,2024-08-22T11:19:23.101534Z,45,204822.jpg,0.0,Richards,0.0,False,,u,16,17,0,33,0,4670,17,0.0,0.0,O.Richards,,0,0,0,0,0,0,0,0,0,0,0,0,0,0.0,0.0,0.0,0.0,0,0.00,0.00,0.00,0.00,575,223,571,223,549,218,577,223,,,,,,,0.0,0.0,0.0,0.0,0.0,0.0,373,63,534,216,581,222,601,203,0.0,0.0
530,0.0,0.0,243345,0,0,0,0,0,3,0.0,0.0,0,Lewis,0.0,439,False,On loan to Los Angeles Football Club for the rest of the season,2024-08-01T07:01:57.624673Z,50,243345.jpg,0.0,O'Brien,0.0,False,,u,16,17,0,0,0,118,0,0.0,0.0,O'Brien,,0,0,0,0,0,0,0,0,0,0,0,0,0,0.0,0.0,0.0,0.0,0,0.00,0.00,0.00,0.00,664,300,660,300,655,298,664,300,,,,,,,0.0,0.0,0.0,0.0,0.0,0.0,210,133,649,289,664,300,687,311,0.0,0.0
531,,,466404,0,0,-2,2,0,2,-1.0,0.0,0,Andrew,0.0,440,False,,,43,466404.jpg,0.0,Omobamidele,0.1,False,,a,16,17,0,890,57,4453,66,0.0,0.0,Omobamidele,104.0,0,0,0,0,0,0,0,0,0,0,0,0,0,0.0,0.0,0.0,0.0,0,0.00,0.00,0.00,0.00,549,210,537,209,510,202,551,210,,,,,,,0.0,0.0,0.0,0.0,0.0,0.0,563,140,498,199,556,209,506,184,0.0,0.0
532,0.0,0.0,209035,0,0,0,0,0,2,0.0,0.0,0,Jonathan,0.0,441,False,On a season long loan to Rio Ave,2024-07-18T09:44:17.568948Z,40,209035.jpg,0.0,Panzo,0.0,False,,u,16,17,0,0,0,121,0,0.0,0.0,Panzo,,0,0,0,0,0,0,0,0,0,0,0,0,0,0.0,0.0,0.0,0.0,0,0.00,0.00,0.00,0.00,483,168,462,166,423,149,485,168,,,,,,,0.0,0.0,0.0,0.0,0.0,0.0,615,173,410,141,489,166,684,229,0.0,0.0
533,0.0,0.0,210462,0,0,-1,1,0,3,0.0,0.0,0,Ibrahim,0.0,442,False,Hamstring injury - Unknown return date,2024-09-12T15:00:06.800627Z,44,210462.jpg,1.3,Sangaré,0.9,False,,i,16,17,4,165793,550,299370,3042,0.0,0.9,Sangaré,54.0,212,0,0,1,2,0,0,0,2,0,0,0,26,38.8,16.4,19.0,7.4,3,0.02,0.06,0.08,1.98,338,160,324,187,290,162,342,172,,,,,,,0.01,0.0,0.03,0.04,0.84,0.85,494,300,507,189,332,160,218,70,1.27,0.42
534,100.0,100.0,85633,0,0,2,-2,1,1,2.3,3.3,6,Matz,3.3,443,False,,2024-10-12T11:00:07.468908Z,47,85633.jpg,4.5,Sels,7.6,False,,a,16,17,58,943118,21312,292458,16995,0.7,12.3,Sels,21.0,1170,0,1,5,13,0,0,0,2,0,35,6,186,279.8,0.1,0.0,28.2,13,0.00,0.04,0.04,13.07,47,13,435,10,622,61,209,13,,,,,,,0.0,2.69,0.0,0.0,1.01,1.0,325,11,71,6,32,5,54,10,1.0,0.38
535,,,114241,0,0,-2,2,0,2,-1.0,0.0,0,Harry,0.0,444,False,,,43,114241.jpg,1.0,Toffolo,0.1,False,,a,16,17,1,1252,68,5523,77,0.0,0.2,Toffolo,241.0,36,0,0,0,1,0,0,0,0,0,0,0,0,9.6,3.0,6.0,1.9,0,0.02,0.01,0.03,0.67,409,143,389,134,345,115,420,142,,,,,,,0.05,0.0,0.02,0.07,1.68,2.5,544,124,491,194,373,129,502,182,0.0,0.0
536,0.0,0.0,201440,0,0,0,0,0,4,0.0,0.0,0,Hwang,0.0,446,False,Transferred to Alanyaspor,2024-09-10T11:39:20.038647Z,45,201440.jpg,0.0,Ui-jo,1.3,False,,u,16,17,0,317328,0,356624,3424,0.0,0.0,Ui-jo,114.0,0,0,0,0,0,0,0,0,0,0,0,0,0,0.0,0.0,0.0,0.0,0,0.00,0.00,0.00,0.00,573,49,569,49,547,47,575,49,,,,,,,0.0,0.0,0.0,0.0,0.0,0.0,371,64,532,47,579,52,186,33,0.0,0.0
537,100.0,100.0,60689,0,0,6,-6,1,4,3.0,4.0,9,Chris,4.0,447,True,,2024-10-26T11:00:07.644070Z,66,60689.jpg,6.0,Wood,23.0,False,,a,16,17,78,3249819,93103,1425003,99069,0.6,11.8,Wood,154.0,1005,9,0,6,10,0,0,0,1,0,0,18,308,340.2,105.4,358.0,80.6,12,5.24,0.19,5.43,10.22,19,4,151,17,17,10,28,6,,,,,1.0,,0.47,0.0,0.02,0.49,0.92,0.9,39,18,55,11,8,4,13,3,1.07,0.54
538,0.0,0.0,208912,0,0,0,0,0,2,0.0,0.0,0,Joe,0.0,448,False,Transferred to Burnley,2024-08-26T10:09:19.430328Z,45,208912.jpg,0.0,Worrall,0.0,False,,u,16,17,0,71,0,5014,14,0.0,0.0,Worrall,,0,0,0,0,0,0,0,0,0,0,0,0,0,0.0,0.0,0.0,0.0,0,0.00,0.00,0.00,0.00,576,224,572,224,550,219,578,224,,,,,,,0.0,0.0,0.0,0.0,0.0,0.0,374,64,535,217,582,223,586,199,0.0,0.0
539,100.0,100.0,204968,0,0,-1,1,0,3,0.7,1.7,3,Ryan,1.7,449,False,,2024-08-30T04:00:05.695621Z,49,204968.jpg,2.6,Yates,0.3,False,,a,16,17,34,54672,403,44060,2178,0.3,6.9,Yates,241.0,986,1,1,4,10,0,0,0,4,0,0,3,160,159.0,150.4,163.0,47.2,9,1.61,0.33,1.94,11.64,163,62,99,74,80,48,103,61,,,,,,,0.15,0.0,0.03,0.18,1.06,0.91,262,170,192,94,161,67,320,105,0.82,0.37
540,100.0,100.0,101178,0,0,-3,3,0,3,0.0,1.0,0,James,1.0,531,False,,2024-10-25T22:30:06.650947Z,62,101178.jpg,1.3,Ward-Prowse,0.6,False,,a,16,17,9,21505,234,153393,1409,0.2,1.5,Ward-Prowse,241.0,394,0,0,1,8,0,0,0,0,1,0,0,44,45.6,60.9,9.0,11.6,5,0.06,0.39,0.45,5.54,326,157,220,135,337,183,314,153,1.0,,1.0,,,,0.01,0.0,0.09,0.1,1.27,1.83,61,39,254,133,341,166,244,79,1.14,0.23
541,,,227444,0,0,0,0,0,2,1.7,2.7,6,Nikola,2.7,573,False,,,45,227444.jpg,3.6,Milenković,1.2,False,,a,16,17,43,149981,7920,51283,3228,0.6,9.6,Milenković,190.0,1080,0,1,5,12,0,0,0,1,0,0,0,167,186.2,47.0,86.0,31.9,12,1.72,0.43,2.15,11.85,132,53,251,71,141,21,184,52,,,,,,,0.14,0.0,0.04,0.18,0.99,1.0,380,69,112,31,68,13,191,74,1.0,0.42
542,100.0,100.0,510500,0,0,-1,1,0,3,1.7,2.7,6,João Pedro,2.7,596,False,,2024-11-01T10:30:06.942890Z,59,510500.jpg,1.6,Ferreira Silva,0.1,False,,a,16,17,19,9950,345,16224,270,0.5,3.2,Jota Silva,173.0,334,0,2,1,4,0,0,0,1,0,0,0,77,63.8,68.1,82.0,21.5,1,0.40,0.94,1.34,3.70,297,138,204,124,149,94,248,123,,,,,,,0.11,0.0,0.25,0.36,1.0,1.08,86,54,119,56,304,141,432,157,0.27,0.27
543,,,502222,0,0,0,0,0,3,0.0,1.0,1,Ramón,1.0,620,False,,,55,502222.jpg,1.6,Sosa,0.0,False,,a,16,17,14,3542,85,3063,182,0.2,2.5,Sosa,168.0,122,1,0,0,2,0,0,0,0,0,0,0,61,65.6,85.5,50.0,20.0,0,0.79,0.30,1.09,0.86,294,135,175,112,213,123,256,127,4.0,,,,,,0.58,0.0,0.22,0.8,0.63,1.48,125,76,250,131,302,140,531,210,0.0,0.0
544,,,485047,0,0,0,0,0,2,-0.7,0.3,1,Felipe,0.3,653,False,,,45,485047.jpg,1.0,Rodrigues da Silva,0.0,False,,a,16,17,6,2005,101,1348,103,0.1,1.3,Morato,30.0,77,0,0,0,0,0,0,0,0,0,0,0,28,36.4,1.6,0.0,3.8,0,0.00,0.00,0.00,1.62,341,120,404,141,573,222,384,129,,,,,,,0.0,0.0,0.0,0.0,1.89,0.0,415,83,333,105,388,136,560,194,0.0,0.0
545,0.0,0.0,225321,0,0,-1,1,1,1,0.0,0.0,0,Aaron,0.0,14,False,Hand injury - Expected back 22 Dec,2024-11-12T14:30:07.315514Z,44,225321.jpg,2.9,Ramsdale,1.7,False,,i,17,20,26,256979,88,200784,10443,0.0,5.9,Ramsdale,241.0,810,0,0,1,19,0,0,0,1,0,36,2,102,261.6,0.0,0.0,26.2,9,0.00,0.01,0.01,20.33,62,15,548,58,521,50,222,15,,,,,,,0.0,4.0,0.0,0.0,2.26,2.11,502,21,512,68,125,21,154,22,1.0,0.11
546,,,433979,0,0,0,0,1,4,0.7,1.2,2,Cameron,1.7,27,False,,,50,433979.jpg,2.3,Archer,2.2,False,,a,17,20,30,391975,9388,308826,11495,0.3,6.0,Archer,241.0,693,2,0,1,13,0,0,1,0,0,0,4,83,86.6,30.0,228.0,34.6,7,4.05,0.11,4.16,17.20,257,25,288,32,42,16,166,26,,,,,2.0,,0.53,0.0,0.01,0.54,2.23,1.69,214,47,195,26,201,28,131,22,0.91,0.13
547,0.0,,503714,0,0,0,0,0,3,0.0,-0.2,0,Lesley,0.3,188,False,Ineligible to face his parent club on 4/12. - Expected back 07 Dec,2024-11-30T01:00:07.716140Z,45,503714.jpg,1.0,Ugochukwu,0.3,False,,n,17,20,6,43385,73,48004,1844,0.1,1.3,Ugochukwu,73.0,208,0,0,0,8,0,0,0,1,0,0,0,18,22.8,30.8,6.0,5.9,2,0.21,0.06,0.27,5.96,365,171,285,170,351,191,362,181,,,,,,,0.09,0.0,0.03,0.12,2.58,3.46,435,265,334,167,390,184,314,102,0.87,0.0
548,100.0,100.0,90105,0,0,-2,2,0,3,0.0,0.5,1,Ryan,1.0,397,False,,2024-11-01T16:30:08.020367Z,48,90105.jpg,0.7,Fraser,0.0,False,,a,17,20,4,1771,60,3675,46,0.2,0.8,Fraser,243.0,240,0,0,0,9,0,0,0,0,1,0,0,21,35.8,24.2,11.0,6.3,3,0.02,0.09,0.11,6.55,342,161,305,176,321,177,354,177,,,,,,,0.01,0.0,0.03,0.04,2.46,3.38,292,191,238,120,454,224,572,235,1.12,0.0
549,0.0,0.0,502697,0,0,-1,1,0,3,0.0,0.0,0,Carlos,0.0,450,False,Permanent transfer to Flamengo,2024-08-30T09:48:28.633540Z,49,502697.jpg,1.0,Alcaraz Durán,0.0,False,,u,17,20,1,1072,0,9808,17,0.0,0.2,Alcaraz,,9,0,0,0,0,0,0,0,0,0,0,0,4,8.4,15.9,19.0,4.3,0,0.07,0.03,0.10,0.00,415,201,327,189,294,165,380,188,,,,,,,0.7,0.0,0.3,1.0,0.0,0.0,286,187,643,284,416,204,588,248,0.0,0.0
550,,,499724,0,0,-1,1,0,3,-1.0,-0.5,0,Samuel,0.0,451,False,,,44,499724.jpg,1.0,Amo-Ameyaw,0.1,False,,a,17,20,1,14057,1856,13872,592,0.0,0.2,Amo-Ameyaw,241.0,9,0,0,0,0,0,0,0,0,0,0,0,4,4.0,15.0,6.0,2.5,0,0.02,0.13,0.15,0.00,431,207,329,190,348,189,404,199,,,,,,,0.2,0.0,1.3,1.5,0.0,0.0,522,306,519,193,383,179,419,150,0.0,0.0
551,,,193204,0,0,-1,1,0,3,0.3,0.8,1,Joe,1.3,452,False,,,49,193204.jpg,2.1,Aribo,0.1,False,,a,17,20,25,8847,167,9885,266,0.3,5.1,Aribo,157.0,675,1,0,0,16,0,0,0,0,0,0,2,122,124.6,88.9,116.0,33.2,6,1.27,0.57,1.84,19.32,210,85,172,110,110,69,175,96,,,,,,,0.17,0.0,0.08,0.25,2.58,2.13,257,165,215,108,220,98,494,186,0.8,0.0
552,,,155511,0,0,-4,4,0,4,3.7,4.2,5,Adam,4.7,453,False,,,51,155511.jpg,2.7,Armstrong,0.8,False,,a,17,20,27,123731,11528,211369,2830,0.9,5.3,Armstrong,241.0,620,2,2,1,10,0,0,1,3,0,0,2,92,109.2,81.3,173.0,36.4,7,2.36,0.41,2.77,13.07,226,24,183,24,69,23,154,24,,,,,1.0,,0.34,0.0,0.06,0.4,1.9,1.45,177,44,40,9,155,24,229,38,1.02,0.15
553,0.0,0.0,456350,0,0,-2,2,0,1,0.0,0.0,0,Gavin,0.0,454,False,Achilles injury - Expected back 15 Feb,2024-08-23T09:30:06.171400Z,43,456350.jpg,0.0,Bazunu,0.1,False,,i,17,20,0,1794,47,22343,156,0.0,0.0,Bazunu,104.0,0,0,0,0,0,0,0,0,0,0,0,0,0,0.0,0.0,0.0,0.0,0,0.00,0.00,0.00,0.00,548,70,536,56,509,49,550,70,,,,,,,0.0,0.0,0.0,0.0,0.0,0.0,561,34,497,67,555,70,438,61,0.0,0.0
554,0.0,0.0,171771,0,0,0,0,0,2,0.0,0.0,0,Jan,0.3,455,False,Knee injury - Expected back 07 Dec,2024-11-21T08:30:09.393120Z,40,171771.jpg,1.5,Bednarek,2.7,False,,i,17,20,17,416704,404,279636,16404,0.1,4.2,Bednarek,172.0,980,0,0,1,21,0,0,0,3,0,0,0,100,269.4,47.3,10.0,32.6,11,0.01,0.76,0.77,23.03,53,16,249,69,327,108,180,49,,,,,,,0.0,0.0,0.07,0.07,2.12,1.93,606,167,320,94,306,101,111,46,1.01,0.09
555,,,477386,0,0,-1,1,0,2,-1.0,-0.5,0,Armel,0.0,456,False,,,39,477386.jpg,0.0,Bella-Kotchap,0.5,False,,a,17,20,0,39372,1660,28746,976,0.0,0.0,Bella-Kotchap,80.0,0,0,0,0,0,0,0,0,0,0,0,0,0,0.0,0.0,0.0,0.0,0,0.00,0.00,0.00,0.00,459,157,437,155,396,136,461,157,,,,,,,0.0,0.0,0.0,0.0,0.0,0.0,685,225,383,127,466,156,262,97,0.0,0.0
556,,,184386,0,0,-1,1,0,2,-1.0,-0.5,0,James,0.0,457,False,,,39,184386.jpg,1.0,Bree,0.3,False,,a,17,20,1,19986,1493,13101,578,0.0,0.3,Bree,241.0,13,0,0,0,0,0,0,0,0,0,0,0,4,3.6,10.7,0.0,1.4,0,0.00,0.02,0.02,0.56,435,151,351,114,394,134,433,147,,,,,,,0.0,0.0,0.14,0.14,3.88,0.0,682,222,381,125,360,117,328,122,0.0,0.0
557,0.0,0.0,463210,0,0,0,0,0,3,0.0,0.0,0,Shea,0.0,458,False,Has joined Sheffield Wednesday on a season-long loan,2024-08-29T11:10:39.600629Z,45,463210.jpg,0.0,Charles,0.0,False,,u,17,20,0,1091,0,7020,60,0.0,0.0,Charles,,0,0,0,0,0,0,0,0,0,0,0,0,0,0.0,0.0,0.0,0.0,0,0.00,0.00,0.00,0.00,592,245,588,249,566,240,594,247,,,,,,,0.0,0.0,0.0,0.0,0.0,0.0,406,244,553,214,598,249,561,229,0.0,0.0
558,0.0,0.0,490503,0,0,-1,1,0,3,0.0,0.0,0,Samuel,0.0,459,False,Loaned to Anderlecht,2024-09-10T11:28:17.403794Z,49,490503.jpg,0.5,Edozie,0.0,False,,u,17,20,1,463,0,2527,4,0.0,0.2,Edozie,,64,0,0,0,0,0,0,0,1,0,0,0,6,9.8,19.0,22.0,5.1,0,0.00,0.15,0.15,0.31,407,197,317,181,277,154,375,186,,,,,,,0.0,0.0,0.21,0.21,0.44,0.0,283,185,640,282,462,227,631,278,0.0,0.0
559,,,500926,0,0,-1,1,0,2,-1.0,-0.5,0,Ronnie,0.0,460,False,,,39,500926.jpg,0.0,Edwards,0.3,False,,a,17,20,0,28083,1675,17383,819,0.0,0.0,Edwards,241.0,0,0,0,0,0,0,0,0,0,0,0,0,0,0.0,0.0,0.0,0.0,0,0.00,0.00,0.00,0.00,460,158,438,156,397,137,462,158,,,,,,,0.0,0.0,0.0,0.0,0.0,0.0,686,226,384,128,467,157,299,111,0.0,0.0
560,0.0,,245719,0,0,1,-1,0,2,0.0,0.2,1,Taylor,0.7,461,False,Suspended until 07 Dec,2024-11-30T01:00:08.130168Z,41,245719.jpg,1.8,Harwood-Bellis,9.4,False,,s,17,20,24,671355,1203,683117,48478,0.2,5.9,Harwood-Bellis,241.0,1039,1,0,1,21,0,0,0,5,0,0,0,104,290.8,98.6,107.0,49.8,12,1.16,0.17,1.33,24.20,40,14,162,37,122,15,93,19,,,,,,,0.1,0.0,0.01,0.11,2.1,1.82,585,156,274,76,256,78,46,16,1.04,0.09
561,100.0,100.0,504783,0,0,0,0,0,3,-0.7,-0.2,1,Kamaldeen,0.3,462,False,,2024-08-05T15:00:04.500770Z,50,504783.jpg,1.0,Sulemana,0.0,False,,a,17,20,3,522,17,851,32,0.1,0.6,Kamaldeen,81.0,17,0,0,0,1,0,0,0,0,0,0,0,12,8.0,0.3,5.0,1.3,0,0.02,0.00,0.02,0.88,417,202,428,222,358,197,435,210,,,,,,,0.11,0.0,0.0,0.11,4.66,5.29,226,143,346,175,419,206,650,289,0.0,0.0
562,0.0,0.0,39155,0,0,0,0,0,3,0.0,0.0,0,Adam,0.3,463,False,Hamstring injury - Expected back 15 Dec,2024-11-25T09:30:07.787290Z,50,39155.jpg,1.4,Lallana,0.0,False,,i,17,20,11,2913,5,4897,170,0.1,2.2,Lallana,241.0,312,0,2,0,5,0,0,0,4,0,0,1,57,70.6,67.1,21.0,15.8,5,0.15,0.44,0.59,5.69,285,130,205,125,283,158,289,143,,,,,,,0.04,0.0,0.13,0.17,1.64,1.44,185,116,344,173,327,157,569,233,1.44,0.0
563,0.0,0.0,515571,0,0,0,0,0,2,0.0,0.0,0,Juan,0.0,464,False,Unknown - Expected back 16 Jan,2024-11-29T12:00:07.896449Z,40,515571.jpg,0.0,Larios López,0.1,False,,i,17,20,0,2603,29,6007,246,0.0,0.0,Larios,200.0,0,0,0,0,0,0,0,0,0,0,0,0,0,0.0,0.0,0.0,0.0,0,0.00,0.00,0.00,0.00,518,187,498,185,460,169,520,187,,,,,,,0.0,0.0,0.0,0.0,0.0,0.0,658,199,449,163,524,185,472,171,0.0,0.0
564,0.0,0.0,200428,0,0,0,0,0,1,0.0,0.0,0,Mateusz,0.0,465,False,Transferred to Göztepe,2024-08-23T12:38:57.742902Z,40,200428.jpg,0.0,Lis,0.1,False,,u,17,20,0,888,0,15972,171,0.0,0.0,Lis,,0,0,0,0,0,0,0,0,0,0,0,0,0,0.0,0.0,0.0,0.0,0,0.00,0.00,0.00,0.00,481,45,460,23,421,14,483,45,,,,,,,0.0,0.0,0.0,0.0,0.0,0.0,613,52,408,36,487,45,442,62,0.0,0.0
565,,,167888,0,0,0,0,0,1,0.0,0.5,3,Joe,1.0,466,False,,,40,167888.jpg,3.0,Lumley,0.3,False,,a,17,20,3,17196,4699,15067,465,0.2,0.8,Lumley,241.0,90,0,0,0,1,0,0,0,0,0,4,0,14,25.4,0.0,0.0,2.5,1,0.00,0.00,0.00,1.68,359,31,452,20,413,11,403,31,,,,,,,0.0,4.0,0.0,0.0,1.68,1.0,603,49,225,18,115,17,305,47,1.0,0.0
566,,,204863,0,0,-2,2,0,2,0.0,0.5,2,Ryan,1.0,467,False,,,43,204863.jpg,1.7,Manning,0.1,False,,a,17,20,10,1690,107,5107,80,0.2,2.3,Manning,104.0,419,0,1,0,7,0,0,0,1,0,0,0,33,71.8,121.4,30.0,22.2,6,0.07,0.68,0.75,10.47,280,100,129,25,250,73,241,78,1.0,,,,,,0.02,0.0,0.15,0.17,2.25,1.5,553,132,227,65,273,85,493,180,1.29,0.0
567,0.0,0.0,476888,0,0,0,0,0,4,0.0,0.0,0,Sékou,0.0,468,False,Transferred to Strasbourg,2024-08-26T10:17:11.280625Z,50,476888.jpg,0.0,Mara,0.0,False,,u,17,20,0,782,0,7916,27,0.0,0.0,Mara,,0,0,0,0,0,0,0,0,0,0,0,0,0,0.0,0.0,0.0,0.0,0,0.00,0.00,0.00,0.00,670,67,666,66,661,65,670,67,,,,,,,0.0,0.0,0.0,0.0,0.0,0.0,221,49,656,66,670,68,568,71,0.0,0.0
568,,,58376,0,0,-2,2,0,1,0.0,0.5,0,Alex,1.0,469,False,,,43,58376.jpg,3.0,McCarthy,0.2,False,,a,17,20,9,14013,415,19706,315,0.2,2.1,McCarthy,241.0,270,0,0,0,5,0,0,0,0,0,15,0,30,96.6,0.0,0.0,9.7,3,0.00,0.00,0.00,5.85,246,24,527,50,495,41,327,24,,,,,,,0.0,5.0,0.0,0.0,1.95,1.67,534,26,226,19,117,19,395,58,1.0,0.0
569,75.0,75.0,147611,0,0,-1,1,0,4,-0.2,0.1,0,Paul,0.7,470,False,Knock - 75% chance of playing,2024-11-25T09:30:07.798801Z,49,147611.jpg,0.8,Onuachu,0.2,False,,d,17,20,5,27346,511,23011,1228,0.1,1.0,Onuachu,157.0,110,0,0,0,4,0,0,0,1,0,0,0,15,9.6,10.8,32.0,5.2,1,0.06,0.00,0.06,3.15,410,38,350,39,245,37,369,39,,,,,,,0.05,0.0,0.0,0.05,2.58,3.27,248,55,287,37,446,47,362,56,0.82,0.0
570,0.0,0.0,214466,0,0,0,0,0,3,0.0,0.0,0,Will,0.0,471,False,Hamstring injury - Unknown return date,2024-10-20T11:00:06.361543Z,50,214466.jpg,1.5,Smallbone,0.0,False,,i,17,20,6,1697,10,5663,53,0.0,1.2,Smallbone,104.0,240,0,0,0,5,0,0,0,0,0,0,0,31,22.6,57.1,32.0,11.1,3,0.31,0.54,0.85,4.93,368,174,223,138,246,137,319,157,2.0,,1.0,,,,0.12,0.0,0.2,0.32,1.85,1.88,204,128,648,288,314,144,590,250,1.12,0.0
571,100.0,100.0,88900,0,0,0,0,0,2,0.3,0.8,4,Jack,1.3,472,False,,2024-10-02T00:30:05.770760Z,40,88900.jpg,1.6,Stephens,0.8,False,,a,17,20,14,111923,8193,73496,1261,0.3,3.5,Stephens,241.0,755,0,0,1,15,0,0,0,2,1,0,2,64,121.6,51.5,17.0,19.0,9,0.28,0.20,0.48,16.90,213,81,238,66,297,92,263,86,,,,,,,0.03,0.0,0.02,0.05,2.01,1.79,593,159,208,60,284,89,228,87,1.07,0.12
572,0.0,0.0,230348,0,0,0,0,0,4,0.0,0.0,0,Ross,0.0,473,False,Muscle injury - Expected back 16 Jan,2024-10-05T18:00:07.268831Z,45,230348.jpg,0.8,Stewart,1.8,False,,i,17,20,3,492985,2209,389453,8494,0.0,0.7,Stewart,243.0,130,0,0,0,2,0,0,0,1,0,0,0,5,5.8,6.7,9.0,2.1,1,0.17,0.02,0.19,2.56,424,40,371,41,333,42,410,41,,,,,,,0.12,0.0,0.01,0.13,1.77,1.38,381,65,537,48,441,46,152,28,0.69,0.0
573,100.0,100.0,219279,0,0,0,0,1,2,0.3,0.8,2,Sugawara,1.3,474,False,,2024-10-20T11:00:06.390070Z,45,219279.jpg,2.2,Yukinari,0.2,False,,a,17,20,27,28847,316,29029,501,0.3,6.0,Sugawara,108.0,745,1,1,1,17,0,0,0,2,0,0,0,104,185.0,174.4,55.0,41.3,9,0.29,1.56,1.85,17.56,137,56,76,15,202,52,129,31,3.0,,2.0,,,,0.04,0.0,0.19,0.23,2.12,2.05,378,68,211,62,208,65,356,128,1.09,0.12
574,,,103914,0,0,-1,1,0,2,-1.0,-0.5,0,Charlie,0.0,475,False,,,39,103914.jpg,1.0,Taylor,4.6,False,,a,17,20,5,241463,14557,304583,8229,0.0,1.3,Taylor,241.0,207,0,0,0,5,0,0,0,1,0,0,0,31,67.0,25.4,2.0,9.5,2,0.00,0.09,0.09,4.08,290,103,302,94,371,125,329,107,,,,,,,0.0,0.0,0.04,0.04,1.77,2.17,681,221,380,124,359,116,77,27,0.87,0.0
575,,,158534,0,0,-1,1,0,2,-0.3,0.2,1,Kyle,0.7,476,False,,,44,158534.jpg,2.1,Walker-Peters,0.4,False,,a,17,20,23,24896,526,38929,832,0.2,5.2,Walker-Peters,241.0,980,0,1,1,21,0,0,0,3,0,0,3,113,199.0,124.6,79.0,40.3,11,0.24,0.54,0.78,24.79,118,44,124,24,156,28,132,32,,,,,,,0.02,0.0,0.05,0.07,2.28,1.93,487,95,276,78,216,68,293,108,1.01,0.09
576,,,244845,0,0,0,0,0,2,-1.0,-0.5,0,Nathan,0.0,477,False,,,40,244845.jpg,0.0,Wood-Gordon,1.4,False,,a,17,20,0,88358,572,87574,1871,0.0,0.0,Wood,241.0,0,0,0,0,0,0,0,0,0,0,0,0,0,0.0,0.0,0.0,0.0,0,0.00,0.00,0.00,0.00,489,171,468,169,429,152,491,171,,,,,,,0.0,0.0,0.0,0.0,0.0,0.0,625,180,417,145,494,168,182,71,0.0,0.0
577,,,149519,0,0,-3,3,0,3,-1.0,-0.5,0,Maxwel,0.0,515,False,,,47,149519.jpg,0.5,Cornet,0.0,False,,a,17,20,1,1843,107,3422,55,0.0,0.2,Cornet,54.0,71,0,0,0,4,0,0,0,1,0,0,0,12,11.6,3.5,7.0,2.2,1,0.16,0.00,0.16,1.79,400,191,387,208,341,186,409,201,,,,,,,0.2,0.0,0.0,0.2,2.27,5.07,329,216,614,262,460,226,573,236,1.27,0.0
578,0.0,,220585,0,0,-2,2,0,3,0.0,2.2,6,Flynn,2.7,518,False,Suspended until 07 Dec,2024-11-30T01:00:08.247516Z,48,220585.jpg,2.1,Downes,0.0,False,,s,17,20,25,4347,88,6749,274,0.6,5.2,Downes,241.0,1051,1,0,1,23,0,0,0,5,0,0,0,164,168.8,206.4,95.0,47.1,12,0.59,1.11,1.70,25.46,156,57,60,49,133,84,106,63,,,,,,,0.05,0.0,0.1,0.15,2.18,1.97,306,203,114,52,218,96,516,199,1.03,0.09
579,,,204814,0,0,-5,5,0,3,-0.3,0.2,1,Ben,0.7,584,False,,,50,204814.jpg,1.4,Brereton Díaz,0.2,False,,a,17,20,11,22099,60,77119,314,0.1,2.2,Brereton Díaz,44.0,407,0,0,0,8,0,0,0,1,0,0,0,35,20.0,62.0,81.0,16.4,4,0.90,0.14,1.04,8.46,376,177,217,133,152,95,282,139,,,,,,,0.2,0.0,0.03,0.23,1.87,1.77,200,125,289,149,328,158,385,135,0.88,0.0
580,0.0,100.0,496661,0,0,0,0,1,3,0.0,0.8,1,Tyler,1.3,608,False,Suspended until 07 Dec,2024-11-30T01:00:08.409547Z,45,496661.jpg,1.8,Dibling,2.4,False,,s,17,20,24,533122,4387,298210,25444,0.3,5.3,Dibling,241.0,746,1,0,1,18,0,0,0,5,0,0,3,102,114.6,172.0,131.0,41.8,8,1.03,0.89,1.92,18.77,219,91,80,60,96,60,127,75,,,,,,,0.12,0.0,0.11,0.23,2.26,2.17,428,258,213,107,261,119,123,35,0.97,0.12
581,,,551226,0,0,0,0,0,3,2.7,3.2,2,Mateus Gonçalo,3.7,623,False,,,50,551226.jpg,2.4,Espanha Fernandes,0.0,False,,a,17,20,29,5316,531,3089,389,0.7,5.8,M.Fernandes,173.0,888,1,1,2,17,0,0,0,3,0,0,0,151,173.8,184.7,110.0,46.9,10,0.97,0.95,1.92,21.01,148,53,70,55,119,75,108,65,,,,,,,0.1,0.0,0.1,0.2,2.13,1.72,237,152,60,29,194,86,540,216,1.01,0.2
582,75.0,100.0,154566,0,0,1,-1,1,4,4.7,6.3,0,Dominic,5.8,82,False,Illness - 75% chance of playing,2024-12-02T00:00:07.868049Z,76,154566.jpg,4.8,Solanke-Mitchell,11.8,False,,d,18,6,48,2043455,16479,3551645,131827,0.8,6.3,Solanke,241.0,887,4,3,2,11,0,0,0,0,0,0,3,192,244.0,94.7,359.0,69.7,10,5.57,0.66,6.23,12.68,72,10,166,21,16,9,40,11,,,,,,,0.57,0.0,0.07,0.64,1.29,1.12,15,6,22,6,23,10,33,9,1.01,0.2
583,0.0,0.0,548308,0,0,0,0,0,2,0.0,0.0,0,Ashley,0.0,478,False,Loaned to Stoke City,2024-08-26T10:10:07.966773Z,40,548308.jpg,0.0,Phillips,0.2,False,,u,18,6,0,8361,0,39557,226,0.0,0.0,A.Phillips,,0,0,0,0,0,0,0,0,0,0,0,0,0,0.0,0.0,0.0,0.0,0,0.00,0.00,0.00,0.00,526,194,506,192,468,176,528,194,,,,,,,0.0,0.0,0.0,0.0,0.0,0.0,667,207,458,171,532,192,368,132,0.0,0.0
584,,,214572,0,0,0,0,0,1,0.5,0.5,0,Brandon,0.0,479,False,,,40,214572.jpg,0.0,Austin,0.5,False,,a,18,6,0,26650,381,23600,644,0.0,0.0,Austin,241.0,0,0,0,0,0,0,0,0,0,0,0,0,0,0.0,0.0,0.0,0.0,0,0.00,0.00,0.00,0.00,484,47,463,25,424,16,486,47,,,,,,,0.0,0.0,0.0,0.0,0.0,0.0,616,54,411,38,490,47,257,39,0.0,0.0
585,0.0,0.0,202993,0,0,0,0,0,3,0.0,0.0,0,Rodrigo,2.0,480,False,Suspended until 26 Dec,2024-11-18T15:00:09.073683Z,50,202993.jpg,1.9,Bentancur,0.1,False,,s,18,6,19,18791,15,33313,804,0.4,3.8,Bentancur,230.0,532,1,0,1,9,0,0,0,4,0,0,1,106,100.2,56.6,63.0,22.0,7,0.72,0.25,0.97,8.24,237,102,226,139,189,113,244,121,,,,,,,0.12,0.0,0.04,0.16,1.39,1.52,197,123,157,75,248,112,413,146,1.18,0.17
586,100.0,100.0,570526,0,0,-1,1,0,3,1.0,1.0,1,Lucas,0.5,481,False,,2024-10-16T12:30:07.550630Z,44,570526.jpg,1.0,Bergvall,0.8,False,,a,18,6,7,104691,5537,112782,3697,0.1,1.6,Bergvall,206.0,52,0,0,0,0,0,0,0,0,0,0,0,27,17.8,34.1,8.0,5.9,0,0.08,0.27,0.35,0.31,382,181,279,167,338,184,361,180,4.0,,,,,,0.14,0.0,0.47,0.61,0.54,0.0,530,313,306,156,386,182,223,71,0.0,0.0
587,100.0,100.0,227127,0,0,-1,1,1,3,2.0,2.0,2,Yves,1.5,482,False,,2024-09-13T15:00:07.156577Z,49,227127.jpg,2.9,Bissouma,0.4,False,,a,18,6,29,84786,604,70742,2079,0.3,5.9,Bissouma,132.0,576,2,0,2,5,0,0,0,3,0,0,4,145,161.2,64.5,27.0,25.4,6,0.29,0.30,0.59,8.27,160,61,211,129,264,145,228,114,,,,,,,0.05,0.0,0.05,0.1,1.29,0.78,266,173,205,104,128,55,283,93,0.94,0.31
588,0.0,0.0,436234,0,0,0,0,0,3,0.0,0.0,0,Bryan,0.0,483,False,On loan to Girona for the season,2024-07-31T11:08:25.895794Z,50,436234.jpg,0.0,Gil Salvatierra,0.0,False,,u,18,6,0,0,0,143,0,0.0,0.0,Bryan,,0,0,0,0,0,0,0,0,0,0,0,0,0,0.0,0.0,0.0,0.0,0,0.00,0.00,0.00,0.00,666,301,662,301,657,299,666,301,,,,,,,0.0,0.0,0.0,0.0,0.0,0.0,215,136,652,291,666,301,681,309,0.0,0.0
589,,,115556,0,0,-2,2,0,2,2.7,2.7,2,Ben,2.2,484,False,,,43,115556.jpg,3.0,Davies,0.2,False,,a,18,6,9,10363,939,16630,286,0.5,2.1,Davies,244.0,209,0,0,1,1,0,0,0,0,0,0,0,45,66.8,1.7,0.0,6.9,2,0.00,0.02,0.02,3.99,291,104,403,140,501,196,348,113,,,,,,,0.0,0.0,0.01,0.01,1.72,0.43,545,125,138,39,118,28,357,129,0.86,0.43
590,0.0,0.0,496179,0,0,0,0,0,3,0.0,0.0,0,Alfie,0.0,485,False,Loaned to Westerlo,2024-09-10T11:37:22.522366Z,45,496179.jpg,0.0,Devine,0.1,False,,u,18,6,0,4716,0,11663,82,0.0,0.0,Devine,,0,0,0,0,0,0,0,0,0,0,0,0,0,0.0,0.0,0.0,0.0,0,0.00,0.00,0.00,0.00,605,255,602,259,582,250,607,257,,,,,,,0.0,0.0,0.0,0.0,0.0,0.0,426,256,568,225,611,259,500,191,0.0,0.0
591,,,493125,0,0,-2,2,0,2,3.3,3.3,2,Radu,2.8,486,False,,,43,493125.jpg,2.2,Drăgușin,0.3,False,,a,18,6,13,24623,2714,21373,687,0.7,3.0,Dragusin,177.0,459,0,0,1,6,0,0,0,0,0,0,0,63,99.8,6.3,29.0,13.6,5,0.05,0.04,0.09,8.88,238,89,374,125,253,74,299,97,,,,,,,0.01,0.0,0.01,0.02,1.74,1.18,565,142,103,27,206,63,318,118,0.98,0.2
592,0.0,0.0,241157,0,0,0,0,0,2,0.0,0.0,0,Emerson,0.0,487,False,Transferred to AC Milan,2024-08-13T07:06:12.490889Z,45,241157.jpg,0.0,Leite de Souza Junior,0.0,False,,u,18,6,0,0,0,2606,2,0.0,0.0,E.Royal,,0,0,0,0,0,0,0,0,0,0,0,0,0,0.0,0.0,0.0,0.0,0,0.00,0.00,0.00,0.00,579,225,575,225,553,220,581,225,,,,,,,0.0,0.0,0.0,0.0,0.0,0.0,386,73,540,219,585,224,636,214,0.0,0.0
593,,,40383,0,0,-2,2,0,1,1.3,1.3,3,Fraser,0.8,488,False,,,43,40383.jpg,3.0,Forster,0.3,False,,a,18,6,3,21291,5215,15525,498,0.2,0.7,Forster,241.0,90,0,0,0,1,0,0,0,0,0,5,0,13,43.6,0.0,0.0,4.4,1,0.00,0.00,0.00,1.38,331,27,525,49,493,40,379,27,,,,,,,0.0,5.0,0.0,0.0,1.38,1.0,532,25,259,21,116,18,297,44,1.0,0.0
594,75.0,,547701,0,0,-3,3,0,3,0.8,1.0,1,Archie,0.5,489,False,Knock - 75% chance of playing,2024-12-02T00:00:08.747842Z,47,547701.jpg,1.0,Gray,0.1,False,,d,18,6,6,9394,153,23815,464,0.1,1.3,Gray,241.0,52,0,0,0,0,0,0,0,0,0,0,0,16,9.0,3.9,0.0,1.2,0,0.00,0.01,0.01,0.14,413,200,386,207,627,284,436,211,,,,,,,0.0,0.0,0.02,0.02,0.24,0.0,345,225,307,157,403,195,418,149,0.0,0.0
595,0.0,0.0,132015,0,0,0,0,0,3,0.0,0.0,0,Pierre-Emile,0.0,490,False,On loan to Marseille for the season,2024-07-23T11:58:08.802970Z,50,132015.jpg,0.0,Højbjerg,0.0,False,,u,18,6,0,0,0,503,1,0.0,0.0,Højbjerg,,0,0,0,0,0,0,0,0,0,0,0,0,0,0.0,0.0,0.0,0.0,0,0.00,0.00,0.00,0.00,663,299,659,299,653,296,663,299,,,,,,,0.0,0.0,0.0,0.0,0.0,0.0,190,117,647,287,663,299,667,298,0.0,0.0
596,,,242898,0,0,2,-2,0,3,7.0,7.0,10,Brennan,6.5,491,False,,,67,242898.jpg,5.0,Johnson,9.5,False,,a,18,6,65,1709693,65826,804531,24257,1.0,9.7,Johnson,244.0,983,6,2,2,13,0,0,0,2,0,0,5,204,267.6,139.3,488.0,88.9,11,7.05,0.61,7.66,14.38,55,19,112,83,5,3,16,13,,,,,,,0.65,0.0,0.06,0.71,1.32,1.19,38,20,16,9,17,8,45,11,1.01,0.18
597,,,445044,0,0,-2,2,0,3,4.0,4.0,1,Dejan,3.5,492,False,,,63,445044.jpg,3.7,Kulusevski,4.3,False,,a,18,6,48,608179,17302,424280,27681,0.6,7.6,Kulusevski,206.0,970,2,3,3,12,0,0,0,3,0,0,5,189,262.6,413.3,303.0,97.7,11,1.49,2.46,3.95,14.27,61,20,7,6,26,13,11,8,3.0,,,,,,0.14,0.0,0.23,0.37,1.32,1.11,60,38,69,36,66,31,81,25,1.02,0.28
598,0.0,0.0,200826,0,0,-1,1,0,3,0.0,0.0,0,Giovani,0.0,493,False,Transferred to Real Betis,2024-08-31T06:14:45.936781Z,49,200826.jpg,0.0,Lo Celso,0.0,False,,u,18,6,0,2052,0,10428,20,0.0,0.0,Lo Celso,,0,0,0,0,0,0,0,0,0,0,0,0,0,0.0,0.0,0.0,0.0,0,0.00,0.00,0.00,0.00,655,294,650,295,640,290,655,294,,,,,,,0.0,0.0,0.0,0.0,0.0,0.0,260,168,632,275,656,295,562,230,0.0,0.0
599,,,172780,0,0,1,-1,2,3,6.7,6.7,2,James,6.2,494,False,,,76,172780.jpg,5.4,Maddison,8.6,False,,a,18,6,70,1189830,51516,828337,42052,0.8,9.2,Maddison,241.0,855,5,4,3,11,0,0,0,2,0,0,9,313,387.8,362.1,316.0,106.6,11,3.22,3.74,6.96,12.15,11,5,14,13,23,11,6,4,1.0,,2.0,,2.0,,0.34,0.0,0.39,0.73,1.28,1.16,16,10,21,13,14,7,49,12,1.16,0.32
600,100.0,100.0,441164,1,-1,1,-1,2,2,5.7,5.7,2,Pedro,5.2,495,False,,2024-08-19T23:00:06.196679Z,56,441164.jpg,3.9,Porro,30.4,False,,a,18,6,51,2023782,103157,2316490,31238,0.9,9.1,Pedro Porro,200.0,1167,2,1,3,14,0,0,0,2,0,0,3,214,331.8,361.0,127.0,82.1,13,1.10,1.51,2.61,16.57,22,6,15,2,101,10,26,2,2.0,,1.0,,,,0.08,0.0,0.12,0.2,1.28,1.08,106,10,27,4,55,8,6,1,1.0,0.23
601,,,199249,0,0,-3,3,0,2,0.5,0.5,0,Sergio,0.0,496,False,,,42,199249.jpg,0.0,Reguilón,0.2,False,,a,18,6,0,8509,285,25108,314,0.0,0.0,Reguilón,200.0,0,0,0,0,0,0,0,0,0,0,0,0,0,0.0,0.0,0.0,0.0,0,0.00,0.00,0.00,0.00,538,205,522,204,489,193,540,205,,,,,,,0.0,0.0,0.0,0.0,0.0,0.0,579,153,478,188,545,204,386,138,0.0,0.0
602,0.0,0.0,212319,0,0,-2,2,0,4,0.0,0.0,0,Richarlison,1.0,497,False,Hamstring injury - Expected back 04 Jan,2024-11-04T00:00:08.087677Z,68,212319.jpg,1.4,de Andrade,0.4,False,,i,18,6,7,46465,43,131347,346,0.1,1.0,Richarlison,30.0,87,0,1,0,0,0,0,0,1,0,0,0,22,22.2,23.7,17.0,6.2,0,0.19,0.49,0.68,0.59,371,36,307,35,300,40,358,37,,,,,2.0,,0.2,0.0,0.51,0.71,0.61,0.0,34,16,258,33,330,34,295,45,0.0,0.0
603,50.0,50.0,221632,0,0,0,0,1,2,0.5,0.5,0,Cristian,0.5,498,False,Foot injury - 50% chance of playing,2024-11-21T14:30:08.425075Z,50,221632.jpg,3.1,Romero,6.2,False,,d,18,6,34,928404,792,972710,37507,0.1,6.8,Romero,10.0,960,1,0,2,13,0,0,0,1,0,0,2,183,247.4,95.1,140.0,48.5,11,1.03,0.74,1.77,12.64,69,22,165,38,92,8,99,21,,,,,,,0.1,0.0,0.07,0.17,1.18,1.22,206,24,311,91,110,27,64,22,1.03,0.19
604,100.0,100.0,482442,0,0,-2,2,0,3,2.5,2.5,2,Pape Matar,2.0,499,False,,2024-11-10T23:00:08.379204Z,48,482442.jpg,1.8,Sarr,0.2,False,,a,18,6,23,24055,817,32155,924,0.4,4.8,P.M.Sarr,189.0,612,0,2,1,6,0,0,0,2,0,0,0,142,126.2,102.0,57.0,28.5,6,0.70,0.35,1.05,9.32,207,82,158,104,200,116,208,107,,,,,,,0.1,0.0,0.05,0.15,1.37,0.88,322,212,151,70,263,121,361,125,0.88,0.15
605,0.0,0.0,490145,0,0,0,0,0,4,0.0,0.0,0,Dane,0.0,500,False,Loaned to Oxford United,2024-08-14T08:32:58.295903Z,45,490145.jpg,0.0,Scarlett,0.1,False,,u,18,6,0,0,0,13753,102,0.0,0.0,Scarlett,,0,0,0,0,0,0,0,0,0,0,0,0,0,0.0,0.0,0.0,0.0,0,0.00,0.00,0.00,0.00,598,52,595,52,575,50,600,52,,,,,,,0.0,0.0,0.0,0.0,0.0,0.0,418,68,560,51,604,55,484,63,0.0,0.0
606,0.0,0.0,235674,0,0,-1,1,0,3,0.0,0.0,0,Manor,0.0,502,False,Season long loan to Leeds United,2024-08-29T11:11:30.036154Z,54,235674.jpg,0.0,Solomon,0.0,False,,u,18,6,0,480,0,5296,6,0.0,0.0,Solomon,,0,0,0,0,0,0,0,0,0,0,0,0,0,0.0,0.0,0.0,0.0,0,0.00,0.00,0.00,0.00,678,308,677,308,672,306,678,308,,,,,,,0.0,0.0,0.0,0.0,0.0,0.0,136,80,667,299,677,308,584,245,0.0,0.0
607,100.0,100.0,85971,0,0,-1,1,1,3,4.0,4.0,2,Son,3.5,503,False,,2024-10-25T10:30:06.315550Z,99,85971.jpg,5.5,Heung-min,6.1,False,,a,18,6,55,1279535,12650,1681878,48571,0.4,5.6,Son,114.0,816,3,4,2,10,0,0,0,0,0,0,7,249,276.6,324.4,247.0,84.9,10,2.10,2.38,4.48,11.72,50,16,19,15,37,22,20,17,,,,,1.0,,0.23,0.0,0.26,0.49,1.29,1.1,5,4,70,37,13,6,65,18,1.1,0.22
608,100.0,100.0,232859,0,0,-1,1,0,2,0.7,0.7,0,Djed,0.2,504,False,,2024-10-19T19:30:07.661626Z,44,232859.jpg,0.8,Spence,0.1,False,,a,18,6,3,2382,63,7586,78,0.0,0.7,Spence,241.0,64,0,0,0,0,0,0,0,1,0,0,0,11,10.6,7.6,2.0,2.0,0,0.00,0.01,0.01,0.68,404,142,364,119,376,130,416,140,,,,,,,0.0,0.0,0.01,0.01,0.96,0.0,507,109,366,119,440,146,482,175,0.0,0.0
609,100.0,100.0,487053,0,0,-1,1,0,2,3.3,3.3,2,Destiny,2.8,505,False,,2024-09-29T21:00:06.621002Z,49,487053.jpg,2.4,Udogie,3.2,False,,a,18,6,31,268462,9115,330250,7117,0.6,6.3,Udogie,106.0,1094,0,1,2,14,0,0,0,2,0,0,0,166,196.8,188.8,102.0,48.8,13,0.31,0.99,1.30,15.99,122,48,68,14,126,16,97,20,,,,,,,0.03,0.0,0.08,0.11,1.32,1.15,282,32,107,29,191,56,101,42,1.07,0.16
610,0.0,0.0,491279,0,0,1,-1,1,2,0.0,0.0,0,Micky,0.0,506,False,Hamstring injury - Expected back 15 Dec,2024-10-31T03:00:07.863084Z,46,491279.jpg,3.4,van de Ven,4.4,False,,i,18,6,27,1016082,331,1274069,27417,0.0,5.9,Van de Ven,152.0,710,0,2,2,8,0,0,0,4,0,0,2,128,148.0,36.3,36.0,22.1,8,0.21,0.69,0.90,7.75,174,69,276,80,241,70,243,79,,,,,,,0.03,0.0,0.09,0.12,0.98,1.01,352,52,613,224,76,16,79,28,1.01,0.25
611,0.0,0.0,536908,0,0,0,0,0,4,0.0,0.0,0,Alejo,0.0,507,False,Loaned to Espanyol,2024-08-10T12:19:41.352153Z,50,536908.jpg,0.0,Véliz,0.0,False,,u,18,6,0,0,0,937,4,0.0,0.0,Veliz,,0,0,0,0,0,0,0,0,0,0,0,0,0,0.0,0.0,0.0,0.0,0,0.00,0.00,0.00,0.00,674,69,670,68,665,67,674,69,,,,,,,0.0,0.0,0.0,0.0,0.0,0.0,233,52,660,68,673,69,653,74,0.0,0.0
612,0.0,0.0,184254,-1,1,-1,1,1,1,0.0,0.0,0,Guglielmo,2.8,508,False,Ankle injury - Unknown return date,2024-11-26T00:00:08.341528Z,49,184254.jpg,3.1,Vicario,2.8,False,,i,18,6,37,200680,98,368203,30927,0.6,7.6,Vicario,106.0,1080,0,0,3,13,0,0,0,1,0,29,1,185,260.4,0.0,0.0,25.9,12,0.00,0.00,0.00,15.25,63,16,649,67,639,64,225,16,,,,,,,0.0,2.42,0.0,0.0,1.27,1.08,256,10,106,12,105,16,110,18,1.0,0.25
613,100.0,100.0,165153,0,0,-3,3,0,3,3.5,3.5,7,Timo,3.0,509,False,,2024-11-07T09:00:08.010655Z,62,165153.jpg,2.5,Werner,0.2,False,,a,18,6,25,11281,862,28455,303,0.5,4.0,Werner,80.0,332,0,3,1,5,0,0,0,0,0,0,2,81,83.2,80.3,99.0,25.8,3,1.02,1.05,2.07,5.18,262,116,185,116,129,82,226,113,,,,,,,0.28,0.0,0.28,0.56,1.4,1.36,62,40,99,48,184,81,387,136,0.81,0.27
614,,,175941,0,0,0,0,0,1,0.5,0.5,0,Alfie,0.0,510,False,,,40,175941.jpg,0.0,Whiteman,1.4,False,,a,18,6,0,46235,248,54133,1233,0.0,0.0,Whiteman,241.0,0,0,0,0,0,0,0,0,0,0,0,0,0,0.0,0.0,0.0,0.0,0,0.00,0.00,0.00,0.00,476,44,455,22,416,13,478,44,,,,,,,0.0,0.0,0.0,0.0,0.0,0.0,607,51,403,35,483,44,179,25,0.0,0.0
615,100.0,100.0,552427,0,0,0,0,0,4,0.7,0.7,1,Will,0.2,609,False,,2024-09-13T15:00:07.321230Z,45,552427.jpg,1.0,Lankshear,1.6,False,,a,18,6,1,321290,9833,222775,5374,0.0,0.2,Lankshear,241.0,1,0,0,0,0,0,0,0,0,0,0,0,3,0.0,0.0,0.0,0.0,0,0.00,0.00,0.00,0.00,626,54,623,54,603,52,628,54,,,,,,,0.0,0.0,0.0,0.0,0.0,0.0,456,71,370,45,394,39,164,32,0.0,0.0
616,0.0,0.0,499721,0,0,0,0,0,3,0.0,0.0,0,Mikey,0.0,610,False,Illness - Expected back 15 Dec,2024-11-07T09:00:08.150966Z,45,499721.jpg,1.2,Moore,0.3,False,,i,18,6,5,42774,24,39528,1322,0.0,1.1,Moore,241.0,82,0,0,0,1,0,0,0,0,0,0,0,12,1.8,2.5,7.0,1.0,1,0.04,0.03,0.07,0.94,450,218,394,209,340,185,437,212,,,,,,,0.04,0.0,0.03,0.07,1.03,1.1,433,263,573,230,345,167,329,108,1.1,0.0
617,0.0,0.0,550839,0,0,-2,2,0,3,0.0,0.0,0,Wilson,0.0,612,False,Hamstring injury - Unknown return date,2024-10-30T12:00:07.631102Z,53,550839.jpg,2.0,Odobert,0.0,False,,i,18,6,6,6231,10,7709,35,0.0,1.1,Odobert,73.0,160,0,0,1,1,0,0,0,0,0,0,0,12,10.0,40.5,42.0,9.2,2,0.42,0.08,0.50,1.63,405,195,261,157,228,128,333,167,,,,,,,0.24,0.0,0.04,0.28,0.92,0.56,157,94,665,298,236,106,583,244,1.12,0.56
618,,,499726,0,0,0,0,0,3,0.5,0.5,0,Callum,0.0,683,False,,,45,499726.jpg,0.0,Olusesi,0.0,False,,a,18,6,0,206,78,35,19,0.0,0.0,Olusesi,241.0,0,0,0,0,0,0,0,0,0,0,0,0,0,0.0,0.0,0.0,0.0,0,0.00,0.00,0.00,0.00,609,259,606,263,586,254,611,261,,,,,,,0.0,0.0,0.0,0.0,0.0,0.0,434,264,574,231,615,263,674,304,0.0,0.0
619,,,611920,0,0,0,0,0,2,0.5,0.5,0,Malachi,0.0,684,False,,,40,611920.jpg,0.0,Hardy,0.0,False,,a,18,6,0,539,237,78,44,0.0,0.0,Hardy,241.0,0,0,0,0,0,0,0,0,0,0,0,0,0,0.0,0.0,0.0,0.0,0,0.00,0.00,0.00,0.00,535,203,515,201,480,188,537,203,,,,,,,0.0,0.0,0.0,0.0,0.0,0.0,679,219,469,182,542,202,645,217,0.0,0.0
620,,,611917,0,0,0,0,0,3,1.6,1.6,0,Luca,0.0,689,False,,,45,611917.jpg,0.0,Williams-Barnett,0.0,False,,a,18,6,0,48,48,3,3,0.0,0.0,Williams-Barnett,,0,0,0,0,0,0,0,0,0,0,0,0,0,0.0,0.0,0.0,0.0,0,0.00,0.00,0.00,0.00,643,286,639,289,620,281,644,287,,,,,,,0.0,0.0,0.0,0.0,0.0,0.0,475,297,611,261,647,289,689,313,0.0,0.0
621,,,214590,1,-1,0,0,1,2,9.0,8.0,6,Aaron,9.0,388,False,,,45,214590.jpg,3.2,Wan-Bissaka,3.6,False,,a,19,21,39,307066,160205,151657,2365,2.0,8.7,Wan-Bissaka,241.0,994,2,0,2,22,0,0,0,0,0,0,3,138,267.2,138.1,79.0,48.3,11,0.59,0.65,1.24,20.86,56,17,114,22,157,29,101,22,,,,,,,0.05,0.0,0.06,0.11,1.89,1.99,377,67,5,1,87,19,91,35,1.0,0.18
622,100.0,100.0,213999,0,0,0,0,0,3,0.3,-0.7,1,Edson,0.3,511,False,,2024-11-02T18:30:08.251411Z,50,213999.jpg,0.8,Álvarez Velázquez,0.1,False,,a,19,21,7,10555,206,13922,264,0.1,1.4,Álvarez,139.0,452,0,0,0,10,0,0,0,2,1,0,0,49,61.8,62.7,14.0,13.8,5,0.06,0.29,0.35,9.14,299,140,215,131,312,170,298,148,,,,,,,0.01,0.0,0.06,0.07,1.82,1.99,203,127,345,174,447,220,429,155,1.0,0.0
623,,,57531,0,0,-1,1,1,4,2.0,1.0,2,Michail,2.0,512,False,,,54,57531.jpg,3.2,Antonio,2.1,False,,a,19,21,41,365482,6415,329958,9575,0.4,7.6,Antonio,107.0,806,1,4,4,17,0,0,0,1,0,0,3,114,72.0,139.2,181.0,38.2,11,1.98,0.91,2.89,17.25,279,27,113,9,65,22,144,22,,,,,,,0.22,0.0,0.1,0.32,1.93,1.9,126,37,162,21,97,17,134,23,1.23,0.45
624,100.0,100.0,84182,0,0,-2,2,0,1,0.0,-1.0,0,Alphonse,0.0,513,False,,2024-09-01T00:30:06.144103Z,43,84182.jpg,1.9,Areola,5.1,False,,a,19,21,15,220394,1516,623429,14326,0.0,3.5,Areola,73.0,675,0,0,1,14,1,0,0,0,0,20,0,56,159.6,0.0,0.0,16.0,8,0.00,0.00,0.00,11.76,162,20,529,52,497,43,285,21,,,,,,,0.0,2.67,0.0,0.0,1.57,1.87,537,28,485,62,241,30,73,13,1.07,0.13
625,,,178186,0,0,-1,1,1,3,4.0,3.0,2,Jarrod,4.0,514,False,,,74,178186.jpg,4.5,Bowen,6.1,False,,a,19,21,59,704979,55650,824328,24863,0.5,8.0,Bowen,241.0,1147,3,4,3,23,0,0,0,0,0,0,3,237,312.4,372.5,326.0,101.0,13,2.29,2.63,4.92,23.25,31,8,13,12,21,9,9,6,2.0,,,,4.0,,0.18,0.0,0.21,0.39,1.82,1.8,18,12,57,28,34,15,66,19,1.02,0.24
626,,,164555,0,0,-2,2,0,2,0.7,-0.3,1,Vladimír,0.7,516,False,,,43,164555.jpg,1.6,Coufal,0.5,False,,a,19,21,11,23007,347,61559,734,0.2,2.6,Coufal,57.0,261,0,0,1,3,0,0,0,1,0,0,0,21,27.4,30.4,3.0,5.7,2,0.02,0.18,0.20,4.56,356,127,286,85,366,123,366,119,,,,,,,0.01,0.0,0.06,0.07,1.57,1.03,548,127,275,77,288,93,261,96,0.69,0.34
627,100.0,100.0,55459,0,0,0,0,0,2,0.0,-1.0,0,Aaron,0.0,517,False,,2024-08-30T04:00:05.718151Z,40,55459.jpg,0.8,Cresswell,1.5,False,,a,19,21,3,79405,617,165904,2677,0.0,0.8,Cresswell,241.0,26,0,0,0,0,0,0,0,1,0,0,0,9,4.8,11.8,1.0,1.8,0,0.03,0.01,0.04,0.94,428,148,343,110,391,133,423,144,,,2.0,,,,0.1,0.0,0.03,0.13,3.25,0.0,591,158,392,131,436,142,172,66,0.0,0.0
628,0.0,0.0,490885,0,0,0,0,0,3,0.0,0.0,0,George,0.0,519,False,Loaned to Bristol City,2024-08-16T11:57:26.531525Z,45,490885.jpg,0.0,Earthy,0.0,False,,u,19,21,0,0,0,7291,44,0.0,0.0,Earthy,,0,0,0,0,0,0,0,0,0,0,0,0,0,0.0,0.0,0.0,0.0,0,0.00,0.00,0.00,0.00,600,250,597,254,577,245,602,252,,,,,,,0.0,0.0,0.0,0.0,0.0,0.0,421,251,563,220,606,254,564,232,0.0,0.0
629,100.0,100.0,109533,0,0,-1,1,1,2,6.7,5.7,5,Emerson,6.7,520,False,,2024-09-14T18:00:06.450752Z,44,109533.jpg,2.5,Palmieri dos Santos,0.8,False,,a,19,21,33,58321,20958,55565,918,1.5,7.5,Emerson,106.0,989,1,1,3,23,0,0,0,4,0,0,0,105,221.0,172.4,75.0,46.7,13,1.10,1.32,2.42,20.54,93,32,78,16,166,33,110,23,3.0,,,,,,0.1,0.0,0.12,0.22,1.87,2.09,484,92,12,2,174,49,232,88,1.18,0.27
630,,,37096,0,0,1,-1,0,1,4.7,3.7,-1,Łukasz,4.7,521,False,,,41,37096.jpg,3.3,Fabiański,19.1,False,,a,19,21,20,1256732,26990,545831,11768,1.1,4.9,Fabianski,172.0,495,0,0,2,10,0,0,0,1,0,17,2,58,132.6,0.0,0.0,13.2,5,0.00,0.00,0.00,11.98,198,22,517,43,482,34,302,22,,,,,,,0.0,3.09,0.0,0.0,2.18,1.82,583,40,38,4,77,12,21,2,0.91,0.36
631,,,82143,0,0,-2,2,0,1,0.0,-1.0,0,Wes,0.0,522,False,,,43,82143.jpg,0.0,Foderingham,0.1,False,,a,19,21,0,4256,71,10667,170,0.0,0.0,Foderingham,241.0,0,0,0,0,0,0,0,0,0,0,0,0,0,0.0,0.0,0.0,0.0,0,0.00,0.00,0.00,0.00,542,67,528,51,496,42,544,67,,,,,,,0.0,0.0,0.0,0.0,0.0,0.0,536,27,484,61,549,67,412,59,0.0,0.0
632,,,84939,0,0,0,0,0,4,1.0,0.0,1,Danny,1.0,523,False,,,50,84939.jpg,3.0,Ings,1.8,False,,a,19,21,21,337588,3561,290552,7139,0.2,4.2,Ings,241.0,110,1,2,0,1,0,0,0,0,0,0,4,73,71.4,25.7,119.0,21.7,0,1.71,0.01,1.72,1.21,283,28,301,33,106,29,245,29,,,,,,,1.4,0.0,0.01,1.41,0.99,0.82,187,45,243,29,121,19,148,26,0.0,0.0
633,,,214048,0,0,0,0,1,2,4.0,3.0,0,Max,4.0,524,False,,,45,214048.jpg,2.5,Kilman,1.9,False,,a,19,21,33,318431,1995,246681,4800,0.9,7.3,Kilman,241.0,1170,0,1,3,24,0,0,0,3,0,0,3,137,292.4,73.2,26.0,39.3,13,0.65,0.15,0.80,23.74,38,13,193,50,266,82,136,33,,,,,,,0.05,0.0,0.01,0.06,1.83,1.85,376,66,49,10,175,50,140,54,1.0,0.23
634,100.0,0.0,460842,0,0,-3,3,0,3,0.0,0.0,0,Mohammed,0.0,525,False,,2024-10-19T16:00:07.402004Z,62,460842.jpg,2.9,Kudus,2.3,False,,a,19,21,23,202834,5378,833321,2602,0.0,3.7,Kudus,81.0,662,2,0,1,15,0,0,0,0,1,0,0,101,140.8,105.3,282.0,52.8,8,2.83,0.86,3.69,12.75,183,69,152,101,32,17,81,52,,,,,,,0.38,0.0,0.12,0.5,1.73,2.04,69,46,678,307,134,57,129,38,1.09,0.14
635,,,577114,0,0,-3,3,0,3,0.3,-0.7,0,Luis Guilherme,0.3,526,False,,,47,577114.jpg,1.0,Lira dos Santos,0.0,False,,a,19,21,2,1627,40,3661,58,0.1,0.4,L.Guilherme,30.0,11,0,0,0,0,0,0,0,0,0,0,0,7,0.0,0.4,2.0,0.2,0,0.00,0.00,0.00,0.13,647,289,422,220,386,209,459,223,,,,,,,0.0,0.0,0.0,0.0,1.06,0.0,346,226,338,168,404,196,576,238,0.0,0.0
636,,,224024,0,0,-2,2,0,3,3.7,2.7,5,Lucas,3.7,527,False,,,58,224024.jpg,2.8,Tolentino Coelho de Lima,1.3,False,,a,19,21,37,191963,3406,267240,2948,0.6,6.4,L.Paquetá,30.0,977,2,1,3,21,0,0,0,4,0,0,1,161,188.8,256.7,128.0,57.0,12,2.34,1.07,3.41,20.57,128,46,38,32,99,62,72,45,,,1.0,,1.0,,0.22,0.0,0.1,0.32,1.89,1.93,89,57,62,31,147,64,183,55,1.11,0.28
637,75.0,,233963,0,0,-1,1,0,2,0.2,-0.7,0,Konstantinos,0.3,528,False,Illness - 75% chance of playing,2024-11-30T22:00:08.032136Z,44,233963.jpg,1.7,Mavropanos,0.2,False,,d,19,21,17,15030,23,17662,515,0.1,3.9,Mavropanos,83.0,683,0,0,1,12,0,0,0,1,0,0,2,83,185.4,10.9,36.0,23.3,7,0.24,0.30,0.54,14.32,135,54,349,113,239,68,239,76,,,,,,,0.03,0.0,0.04,0.07,1.89,1.58,509,110,327,101,275,87,397,142,0.92,0.13
638,0.0,0.0,210494,0,0,-1,1,0,2,0.0,0.0,0,Nayef,0.0,529,False,On loan to Real Sociedad for the season,2024-09-01T09:10:50.538029Z,44,210494.jpg,0.0,Aguerd,0.0,False,,u,19,21,0,1368,0,12807,34,0.0,0.0,N.Aguerd,,0,0,0,0,0,0,0,0,0,0,0,0,0,0.0,0.0,0.0,0.0,0,0.00,0.00,0.00,0.00,554,215,544,214,517,208,556,215,,,,,,,0.0,0.0,0.0,0.0,0.0,0.0,495,100,508,207,561,214,520,187,0.0,0.0
639,,,215439,0,0,-1,1,0,3,4.7,3.7,1,Tomáš,4.7,530,False,,,49,215439.jpg,3.6,Souček,2.0,False,,a,19,21,43,325167,6130,367499,7927,1.0,8.8,Souček,57.0,832,3,1,3,17,0,0,0,4,0,0,6,155,226.8,120.5,237.0,58.3,9,2.52,0.67,3.19,15.71,86,31,130,94,39,24,69,42,,,,,,,0.27,0.0,0.07,0.34,1.7,1.84,263,171,39,20,69,32,138,41,0.97,0.32
640,0.0,0.0,103192,0,0,-1,1,0,2,0.0,0.0,0,Kurt,0.0,532,False,On loan to Al-Orobah for the rest of the season,2024-09-02T10:44:47.323774Z,44,103192.jpg,0.0,Zouma,0.2,False,,u,19,21,0,5376,0,48355,165,0.0,0.0,Zouma,,0,0,0,0,0,0,0,0,0,0,0,0,0,0.0,0.0,0.0,0.0,0,0.00,0.00,0.00,0.00,552,213,540,212,514,206,554,213,,,,,,,0.0,0.0,0.0,0.0,0.0,0.0,482,90,502,203,559,212,392,141,0.0,0.0
641,,,229384,0,0,-2,2,0,3,0.7,-0.3,1,Andy,0.7,576,False,,,48,229384.jpg,0.8,Irving,0.0,False,,a,19,21,4,1015,28,2164,45,0.1,0.8,Irving,243.0,48,0,0,0,0,0,0,0,1,0,0,0,14,15.2,7.1,7.0,2.9,0,0.04,0.00,0.04,1.48,393,186,369,201,342,187,394,193,,,,,,,0.08,0.0,0.0,0.08,2.78,0.0,309,204,283,146,443,218,580,242,0.0,0.0
642,,,450070,0,0,-3,3,0,3,2.0,1.0,0,Crysencio,2.0,587,False,,,57,450070.jpg,1.8,Summerville,0.5,False,,a,19,21,21,41742,959,101116,2070,0.4,3.7,Summerville,152.0,469,1,0,2,11,0,0,0,2,0,0,2,74,103.6,115.9,96.0,31.5,5,0.92,0.61,1.53,11.10,234,100,135,96,132,83,188,99,,,,,,,0.18,0.0,0.12,0.3,2.13,2.11,96,61,167,81,269,124,266,87,0.96,0.38
643,,,197024,-1,1,-2,2,0,3,1.7,0.7,1,Guido,1.7,588,False,,,48,197024.jpg,1.6,Rodríguez,0.1,False,,a,19,21,21,5646,100,8159,170,0.4,4.4,G.Rodríguez,10.0,818,0,0,2,16,0,0,0,3,0,0,0,125,136.8,47.6,21.0,20.7,11,0.14,0.12,0.26,15.60,194,75,248,152,282,157,253,125,,,,,,,0.02,0.0,0.01,0.03,1.72,1.76,300,198,189,91,296,134,475,177,1.21,0.22
644,0.0,0.0,91889,0,0,-3,3,0,4,0.0,0.0,0,Niclas,0.0,589,False,Achilles injury - Expected back 09 Dec,2024-09-11T12:30:07.323344Z,67,91889.jpg,1.0,Füllkrug,0.8,False,,i,19,21,3,49524,28,385172,638,0.0,0.4,Füllkrug,80.0,63,0,0,0,2,0,0,0,0,0,0,0,3,2.6,2.5,29.0,3.5,0,0.25,0.09,0.34,1.59,443,44,396,44,259,38,389,40,,,,,,,0.36,0.0,0.13,0.49,2.27,2.86,36,17,684,73,432,45,220,37,0.0,0.0
645,100.0,75.0,462116,0,0,-2,2,0,2,2.3,1.0,0,Jean-Clair,2.3,591,False,,2024-11-26T02:30:08.346964Z,43,462116.jpg,1.5,Todibo,0.3,False,,a,19,21,15,13273,737,33607,669,0.5,3.5,Todibo,73.0,648,0,0,1,15,0,0,0,0,0,0,0,69,141.2,24.3,14.0,17.9,7,0.10,0.02,0.12,11.89,182,72,304,95,308,100,272,90,,,,,,,0.01,0.0,0.0,0.01,1.65,2.08,562,139,130,38,308,103,315,116,0.97,0.14
646,75.0,,518438,0,0,0,0,0,2,0.0,-1.0,0,Kaelan,0.0,643,False,Illness - 75% chance of playing,2024-11-30T22:00:08.284898Z,40,518438.jpg,0.0,Casey,0.2,False,,d,19,21,0,24854,46,14498,599,0.0,0.0,Casey,241.0,0,0,0,0,0,0,0,0,0,0,0,0,0,0.0,0.0,0.0,0.0,0,0.00,0.00,0.00,0.00,521,189,501,187,463,171,523,189,,,,,,,0.0,0.0,0.0,0.0,0.0,0.0,662,202,453,166,527,187,379,135,0.0,0.0
647,,,224860,0,0,0,0,0,3,3.0,2.0,5,Carlos,3.0,654,False,,,50,224860.jpg,1.3,Soler,0.0,False,,a,19,21,13,3083,371,2118,86,0.6,2.6,C.Soler,200.0,423,0,1,1,7,0,0,0,3,0,0,0,52,43.8,74.3,51.0,16.8,3,0.36,0.41,0.77,9.61,330,158,190,118,209,121,279,138,,,,,,,0.08,0.0,0.09,0.17,2.04,1.49,207,130,95,45,336,162,587,247,0.64,0.21
648,,,536109,0,0,0,0,0,2,0.0,-1.0,0,Ollie,0.0,677,False,,,40,536109.jpg,0.0,Scarles,0.0,False,,a,19,21,0,410,94,120,37,0.0,0.0,Scarles,241.0,0,0,0,0,0,0,0,0,0,0,0,0,0,0.0,0.0,0.0,0.0,0,0.00,0.00,0.00,0.00,522,190,502,188,464,172,524,190,,,,,,,0.0,0.0,0.0,0.0,0.0,0.0,663,203,454,167,528,188,644,216,0.0,0.0
649,,,602903,0,0,0,0,0,2,1.2,0.2,0,Ezra,0.0,686,False,,,40,602903.jpg,0.0,Mayers,0.0,False,,a,19,21,0,106,106,10,10,0.0,0.0,Mayers,,0,0,0,0,0,0,0,0,0,0,0,0,0,0.0,0.0,0.0,0.0,0,0.00,0.00,0.00,0.00,533,201,513,199,478,186,535,201,,,,,,,0.0,0.0,0.0,0.0,0.0,0.0,677,217,467,180,540,200,678,226,0.0,0.0
650,100.0,100.0,101982,-1,1,-2,2,0,1,0.0,0.0,0,Sam,0.0,204,False,,2024-10-20T21:30:06.848774Z,43,101982.jpg,2.0,Johnstone,0.4,False,,a,20,39,10,40079,283,51317,994,0.0,2.3,Johnstone,241.0,450,0,0,0,13,0,0,0,0,0,19,0,31,155.8,10.0,0.0,16.6,5,0.00,0.00,0.00,10.77,170,21,357,3,498,44,281,20,,,,,,,0.0,3.8,0.0,0.0,2.15,2.6,540,29,487,63,226,27,285,42,1.0,0.0
651,100.0,100.0,448514,1,-1,4,-4,1,2,2.2,2.2,0,Rayan,2.2,533,False,,2024-09-08T23:00:07.055579Z,49,448514.jpg,2.9,Aït-Nouri,16.1,False,,a,20,39,38,1764246,49961,303705,36089,0.4,7.8,Aït-Nouri,3.0,1104,3,2,1,31,0,0,0,4,0,0,2,100,307.2,161.9,162.0,63.2,13,1.26,0.64,1.90,22.61,36,12,92,19,81,6,54,7,,,,,,,0.1,0.0,0.05,0.15,1.84,2.53,276,30,141,42,129,33,27,9,1.06,0.08
652,0.0,0.0,476502,0,0,-2,2,0,3,0.0,0.0,0,Boubacar,0.0,534,False,Knee injury - Unknown return date,2024-08-30T04:00:05.724805Z,48,476502.jpg,0.0,Traoré,0.0,False,,i,20,39,0,1362,18,6142,24,0.0,0.0,B.Traore,132.0,0,0,0,0,0,0,0,0,0,0,0,0,0,0.0,0.0,0.0,0.0,0,0.00,0.00,0.00,0.00,650,291,645,292,631,286,650,291,,,,,,,0.0,0.0,0.0,0.0,0.0,0.0,319,210,624,269,652,292,579,241,0.0,0.0
653,,,231057,0,0,0,0,0,3,2.0,2.0,5,Jean-Ricner,2.0,535,False,,,50,231057.jpg,2.4,Bellegarde,0.1,False,,a,20,39,29,11652,443,10667,235,0.4,5.8,Bellegarde,73.0,624,1,2,2,15,0,0,0,2,0,0,0,92,107.8,106.4,63.0,27.1,8,0.28,0.57,0.85,11.95,229,96,148,100,190,114,217,110,,,1.0,,,,0.04,0.0,0.08,0.12,1.72,2.16,209,132,158,76,192,84,483,182,1.15,0.29
654,,,79602,0,0,0,0,0,1,0.0,0.0,0,Daniel,0.0,536,False,,,40,79602.jpg,0.0,Bentley,1.6,False,,a,20,39,0,50410,454,103175,1596,0.0,0.0,Bentley,241.0,0,0,0,0,0,0,0,0,0,0,0,0,0,0.0,0.0,0.0,0.0,0,0.00,0.00,0.00,0.00,468,39,446,16,405,7,470,39,,,,,,,0.0,0.0,0.0,0.0,0.0,0.0,592,45,393,30,474,39,165,24,0.0,0.0
655,0.0,0.0,510363,0,0,0,0,0,3,0.0,0.0,0,Francisco Jorge,0.0,537,False,Season long loan to RCD Mallorca,2024-09-01T09:12:21.111329Z,45,510363.jpg,1.0,Tomás Oliveira,0.1,False,,u,20,39,1,11572,0,25673,180,0.0,0.2,Chiquinho,,6,0,0,0,0,0,0,0,0,0,0,0,4,3.0,14.3,2.0,1.9,0,0.00,0.05,0.05,0.00,440,213,335,191,381,205,421,205,,,,,,,0.0,0.0,0.75,0.75,0.0,0.0,436,266,575,232,391,185,455,168,0.0,0.0
656,0.0,0.0,497606,0,0,0,0,0,3,0.0,0.0,0,Tawanda,0.0,538,False,Loaened to Derby County,2024-08-27T08:37:28.318365Z,45,497606.jpg,0.0,Chirewa,0.0,False,,u,20,39,0,1909,0,8184,54,0.0,0.0,Chirewa,,0,0,0,0,0,0,0,0,0,0,0,0,0,0.0,0.0,0.0,0.0,0,0.00,0.00,0.00,0.00,607,257,604,261,584,252,609,259,,,,,,,0.0,0.0,0.0,0.0,0.0,0.0,429,259,570,227,613,261,563,231,0.0,0.0
657,100.0,100.0,589507,0,0,0,0,0,4,0.0,0.0,0,Leon,0.0,539,False,,2024-09-10T11:40:34.472554Z,45,589507.jpg,0.0,Chiwome,2.4,False,,a,20,39,0,470719,10586,256943,10331,0.0,0.0,Chiwome,,0,0,0,0,0,0,0,0,0,0,0,0,0,0.0,0.0,0.0,0.0,0,0.00,0.00,0.00,0.00,637,58,634,58,614,56,639,58,,,,,,,0.0,0.0,0.0,0.0,0.0,0.0,468,75,604,57,642,60,124,20,0.0,0.0
658,,,245923,0,0,0,0,0,3,0.0,0.0,0,Luke,0.0,540,False,,,45,245923.jpg,0.0,Cundle,0.2,False,,a,20,39,0,31071,246,27959,633,0.0,0.0,Cundle,241.0,0,0,0,0,0,0,0,0,0,0,0,0,0,0.0,0.0,0.0,0.0,0,0.00,0.00,0.00,0.00,582,237,578,241,556,232,584,239,,,,,,,0.0,0.0,0.0,0.0,0.0,0.0,389,235,543,206,588,241,352,121,0.0,0.0
659,,,430871,1,-1,6,-6,2,4,9.0,9.0,2,Matheus,9.0,541,False,,,71,430871.jpg,5.9,Santos Carneiro Da Cunha,22.8,False,,a,20,39,77,2588908,220826,408355,41308,1.3,10.8,Cunha,30.0,1065,7,3,1,29,0,0,0,1,0,0,16,362,406.8,348.1,359.0,111.4,12,3.24,2.36,5.60,21.82,9,2,17,1,15,8,5,2,2.0,,3.0,,3.0,,0.27,0.0,0.2,0.47,1.84,2.45,24,10,6,1,10,6,14,4,1.01,0.08
660,,,60232,0,0,-1,1,0,2,2.0,2.0,0,Craig,2.0,542,False,,,44,60232.jpg,1.6,Dawson,0.2,False,,a,20,39,18,18735,672,18552,937,0.5,4.1,Dawson,241.0,794,0,1,1,19,0,0,0,2,0,0,1,66,195.2,29.4,49.0,27.4,8,0.46,0.07,0.53,15.70,124,49,291,87,214,56,214,64,,,,,,,0.05,0.0,0.01,0.06,1.78,2.15,479,87,145,44,289,94,353,127,0.91,0.11
661,,,87835,0,0,-2,2,0,2,0.5,0.5,0,Matt,0.5,543,False,,,43,87835.jpg,0.7,Doherty,0.2,False,,a,20,39,4,5061,138,13867,240,0.1,0.9,Doherty,104.0,212,0,0,0,9,0,0,0,0,0,0,0,8,40.8,16.0,15.0,7.2,2,0.08,0.08,0.16,3.67,334,116,326,103,302,96,345,111,,,,,,,0.03,0.0,0.03,0.06,1.56,3.82,538,121,301,85,453,150,402,146,0.85,0.0
662,,,220394,0,0,-2,2,0,3,0.8,0.8,0,Tommy,0.8,544,False,,,48,220394.jpg,1.6,Doyle,0.0,False,,a,20,39,14,3828,62,4765,203,0.2,2.9,Doyle,241.0,262,0,1,0,7,0,0,0,0,0,0,0,62,52.8,41.5,14.0,10.9,2,0.28,0.12,0.40,6.00,314,151,259,156,311,169,320,158,,,,,,,0.1,0.0,0.04,0.14,2.06,2.4,305,202,263,137,298,136,519,201,0.69,0.0
663,0.0,0.0,449988,0,0,0,0,0,4,0.0,0.0,0,Fábio,0.0,545,False,Season long loan to Las Palmas,2024-08-30T20:53:22.805927Z,50,449988.jpg,0.0,Silva,0.1,False,,u,20,39,0,7594,0,32604,106,0.0,0.0,Fábio Silva,,0,0,0,0,0,0,0,0,0,0,0,0,0,0.0,0.0,0.0,0.0,0,0.00,0.00,0.00,0.00,668,66,664,65,659,64,668,66,,,,,,,0.0,0.0,0.0,0.0,0.0,0.0,219,48,654,65,668,67,440,61,0.0,0.0
664,0.0,0.0,531363,0,0,0,0,0,4,0.0,0.0,0,Nathan,0.0,546,False,Loaned to Zulte Waregem,2024-08-26T10:19:49.301076Z,45,531363.jpg,0.0,Fraser,1.6,False,,u,20,39,0,86763,0,473873,3751,0.0,0.0,Fraser,,0,0,0,0,0,0,0,0,0,0,0,0,0,0.0,0.0,0.0,0.0,0,0.00,0.00,0.00,0.00,616,53,613,53,593,51,618,53,,,,,,,0.0,0.0,0.0,0.0,0.0,0.0,445,70,583,53,622,56,158,30,0.0,0.0
665,0.0,0.0,593001,0,0,-1,1,0,3,0.0,0.0,0,Enso,0.0,547,False,Knee injury - Unknown return date,2024-08-05T15:00:04.514369Z,44,593001.jpg,0.0,González,0.0,False,,i,20,39,0,6092,851,5243,332,0.0,0.0,Gonzalez,168.0,0,0,0,0,0,0,0,0,0,0,0,0,0,0.0,0.0,0.0,0.0,0,0.00,0.00,0.00,0.00,566,230,560,234,535,224,568,232,,,,,,,0.0,0.0,0.0,0.0,0.0,0.0,531,314,525,199,572,234,521,202,0.0,0.0
666,,,181284,0,0,-2,2,0,3,3.5,3.5,4,Gonçalo Manuel,3.5,548,False,,,53,181284.jpg,2.0,Ganchinho Guedes,0.1,False,,a,20,39,20,7202,836,9308,360,0.7,3.8,Guedes,173.0,149,1,2,0,7,0,0,0,1,0,0,0,80,99.8,50.5,39.0,18.9,0,0.38,0.24,0.62,6.83,240,104,242,147,236,134,266,131,,,,,,,0.23,0.0,0.14,0.37,4.13,4.23,148,86,66,33,235,105,453,166,0.0,0.0
667,0.0,0.0,490721,0,0,0,0,0,2,0.0,0.0,0,Hugo,0.0,549,False,Loaned to Feyenoord,2024-08-14T08:32:21.592368Z,45,490721.jpg,0.0,Bueno López,0.0,False,,u,20,39,0,0,0,1756,3,0.0,0.0,H.Bueno,,0,0,0,0,0,0,0,0,0,0,0,0,0,0.0,0.0,0.0,0.0,0,0.00,0.00,0.00,0.00,599,227,596,227,576,223,601,227,,,,,,,0.0,0.0,0.0,0.0,0.0,0.0,419,84,561,222,605,226,647,218,0.0,0.0
668,100.0,100.0,184754,0,0,-4,4,0,3,0.5,0.5,1,Hwang,0.5,550,False,,2024-10-16T12:30:07.628110Z,61,184754.jpg,1.1,Hee-chan,0.3,False,,a,20,39,9,17310,542,85465,568,0.1,1.5,Hee Chan,114.0,261,0,0,0,9,0,0,0,0,0,0,0,33,17.0,37.6,10.0,6.4,2,0.00,0.16,0.16,5.50,385,182,271,164,331,180,353,176,,,,,1.0,,0.0,0.0,0.06,0.06,1.9,3.1,72,48,314,161,358,175,330,109,0.69,0.0
669,0.0,0.0,240299,0,0,0,0,0,3,0.0,0.0,0,Joe,0.0,551,False,Season long to Huddersfield Town,2024-08-29T11:12:19.576028Z,45,240299.jpg,0.0,Hodge,0.2,False,,u,20,39,0,17482,0,47858,476,0.0,0.0,Hodge,,0,0,0,0,0,0,0,0,0,0,0,0,0,0.0,0.0,0.0,0.0,0,0.00,0.00,0.00,0.00,578,234,574,238,552,229,580,236,,,,,,,0.0,0.0,0.0,0.0,0.0,0.0,385,232,539,203,584,238,345,119,0.0,0.0
670,0.0,0.0,441271,0,0,0,0,0,2,0.0,0.0,0,Ki-Jana,0.0,552,False,Loaned to Auxerre,2024-08-26T10:11:13.033350Z,40,441271.jpg,0.0,Hoever,0.1,False,,u,20,39,0,3224,0,22012,184,0.0,0.0,Hoever,,0,0,0,0,0,0,0,0,0,0,0,0,0,0.0,0.0,0.0,0.0,0,0.00,0.00,0.00,0.00,495,173,475,171,436,154,497,173,,,,,,,0.0,0.0,0.0,0.0,0.0,0.0,632,182,424,147,500,170,405,147,0.0,0.0
671,,,448089,0,0,-1,1,1,3,6.8,6.8,2,João Victor,6.8,553,False,,,49,448089.jpg,3.1,Gomes da Silva,1.2,False,,a,20,39,40,142828,14951,28236,8579,1.4,8.2,J.Gomes,30.0,1108,2,1,1,28,0,0,0,4,0,0,5,180,219.4,125.7,83.0,42.8,13,0.68,0.36,1.04,20.68,98,36,123,90,145,92,124,73,,,,,,,0.06,0.0,0.03,0.09,1.68,2.27,275,180,11,7,106,46,190,58,1.06,0.08
672,,,149065,0,0,-2,2,0,1,2.5,2.5,0,José,2.5,554,False,,,43,149065.jpg,1.9,Malheiro de Sá,1.9,False,,a,20,39,15,109132,4911,151198,4224,0.6,3.5,José Sá,173.0,720,0,0,1,19,0,0,0,1,0,25,0,48,170.0,10.0,0.0,18.0,8,0.00,0.01,0.01,13.22,154,19,358,4,502,47,271,18,,,,,,,0.0,3.12,0.0,0.0,1.65,2.38,546,32,122,14,242,31,143,21,1.0,0.12
673,0.0,0.0,429414,0,0,-2,2,0,4,0.0,0.0,0,Saša,0.0,555,False,Knee injury - Unknown return date,2024-08-22T10:59:37.463254Z,48,429414.jpg,0.0,Kalajdžić,0.0,False,,i,20,39,0,2826,75,9476,72,0.0,0.0,Kalajdžić,14.0,0,0,0,0,0,0,0,0,0,0,0,0,0,0.0,0.0,0.0,0.0,0,0.00,0.00,0.00,0.00,649,59,644,59,629,57,649,59,,,,,,,0.0,0.0,0.0,0.0,0.0,0.0,314,60,623,58,651,61,538,69,0.0,0.0
674,,,138001,0,0,0,0,0,1,0.0,0.0,0,Tom,0.0,556,False,,,40,138001.jpg,0.0,King,1.6,False,,a,20,39,0,77765,780,60133,1984,0.0,0.0,King,244.0,0,0,0,0,0,0,0,0,0,0,0,0,0,0.0,0.0,0.0,0.0,0,0.00,0.00,0.00,0.00,473,42,451,19,412,10,475,42,,,,,,,0.0,0.0,0.0,0.0,0.0,0.0,602,48,400,33,480,42,162,23,0.0,0.0
675,100.0,100.0,151086,0,0,0,0,1,3,3.5,3.5,1,Mario,3.5,557,False,,2024-11-02T08:00:08.399249Z,50,151086.jpg,3.2,Lemina,0.5,False,,a,20,39,41,95327,2295,61781,4224,0.7,8.2,Mario Jr.,77.0,1062,1,3,1,30,0,0,0,3,0,0,5,216,289.2,127.9,92.0,50.8,12,0.97,0.74,1.71,22.54,42,11,122,89,135,86,88,54,,,,,,,0.08,0.0,0.06,0.14,1.91,2.54,191,118,65,32,94,42,253,82,1.02,0.08
676,0.0,0.0,501837,0,0,-1,1,0,2,0.0,0.0,0,Yerson,0.0,558,False,Knee injury - Expected back 01 Jun,2024-09-21T20:30:06.017799Z,39,501837.jpg,0.6,Mosquera,0.6,False,,i,20,39,3,116542,571,125137,1215,0.0,0.8,Mosquera,48.0,441,0,0,0,12,0,0,0,2,0,0,0,24,110.2,27.3,21.0,16.0,5,0.33,0.03,0.36,5.63,224,84,296,90,278,85,284,92,,,,,,,0.07,0.0,0.01,0.08,1.15,2.45,687,227,385,129,456,151,248,92,1.02,0.0
677,0.0,100.0,200402,0,0,0,0,0,2,0.0,2.0,-1,Nélson,2.0,559,False,Suspended until 09 Dec,2024-11-30T20:30:08.621993Z,45,200402.jpg,1.6,Cabral Semedo,0.3,False,,s,20,39,18,44829,552,24110,5831,0.4,4.0,N.Semedo,173.0,960,0,2,1,23,0,0,0,5,0,0,0,55,200.0,114.0,60.0,37.5,11,0.50,0.65,1.15,20.38,116,43,136,29,193,45,146,39,,,,,,,0.05,0.0,0.06,0.11,1.91,2.16,369,61,146,45,292,97,321,119,1.03,0.09
678,,,641221,0,0,0,0,0,2,0.0,0.0,0,Pedro,0.0,561,False,,,40,641221.jpg,0.0,Cardoso de Lima,1.3,False,,a,20,39,0,78590,606,100711,2121,0.0,0.0,Pedro Lima,30.0,0,0,0,0,0,0,0,0,0,0,0,0,0,0.0,0.0,0.0,0.0,0,0.00,0.00,0.00,0.00,536,204,516,202,481,189,538,204,,,,,,,0.0,0.0,0.0,0.0,0.0,0.0,680,220,470,183,543,203,184,72,0.0,0.0
679,0.0,0.0,200600,0,0,0,0,0,3,0.0,0.0,0,Daniel,0.0,562,False,Transferred to Al-Shabab,2024-09-05T10:36:18.217223Z,55,200600.jpg,1.0,Castelo Podence,0.0,False,,u,20,39,2,1049,0,4922,5,0.0,0.4,Podence,,46,0,0,0,2,0,0,0,0,0,0,0,9,3.0,1.1,1.0,0.4,0,0.04,0.01,0.05,0.70,441,214,413,214,393,214,450,218,,,,,,,0.08,0.0,0.02,0.1,1.37,3.91,115,70,674,304,425,210,591,251,0.0,0.0
680,,,483081,0,0,-3,3,0,3,1.0,1.0,1,Rodrigo,1.0,563,False,,,52,483081.jpg,1.3,Martins Gomes,0.1,False,,a,20,39,9,3911,133,12754,244,0.2,1.7,R.Gomes,173.0,252,0,0,0,10,0,0,0,0,0,0,0,25,18.2,45.8,30.0,9.2,3,0.06,0.07,0.13,6.16,381,180,256,154,251,141,332,166,,,,,,,0.02,0.0,0.02,0.04,2.2,3.57,170,102,246,127,339,165,467,173,1.07,0.0
681,100.0,100.0,231480,0,0,-2,2,0,2,1.8,1.8,0,Santiago,1.8,564,False,,2024-11-21T08:30:09.504880Z,43,231480.jpg,1.7,Bueno,0.1,False,,a,20,39,10,3048,145,6411,119,0.4,2.3,S.Bueno,230.0,444,0,0,1,10,0,0,0,0,0,0,0,38,100.6,3.4,17.0,12.1,5,0.21,0.01,0.22,9.64,235,88,388,133,299,94,310,103,,,,,,,0.04,0.0,0.0,0.04,1.95,2.03,556,135,174,50,274,86,474,172,1.01,0.2
682,100.0,100.0,88484,0,0,-4,4,0,3,2.0,2.0,0,Pablo,2.0,565,False,,2024-11-10T23:00:08.533668Z,51,88484.jpg,2.2,Sarabia,0.1,False,,a,20,39,10,8002,268,22211,459,0.4,2.0,Sarabia,200.0,179,1,0,0,3,0,0,0,1,0,0,0,47,64.6,51.0,78.0,19.4,2,1.43,0.42,1.85,2.23,295,136,241,146,159,99,260,129,1.0,,2.0,,2.0,,0.72,0.0,0.21,0.93,1.12,1.51,175,107,159,77,213,92,448,163,1.01,0.0
683,,,247412,0,0,1,-1,0,4,6.5,6.5,11,Jørgen,6.5,566,False,,,56,247412.jpg,4.7,Strand Larsen,3.4,False,,a,20,39,61,592924,71765,267137,5271,1.2,10.9,Strand Larsen,161.0,1075,6,2,2,28,0,0,0,2,0,0,7,256,287.4,112.7,308.0,70.5,13,2.85,0.49,3.34,21.03,43,6,137,12,25,13,39,10,,,,,,,0.24,0.0,0.04,0.28,1.76,2.34,104,31,15,4,24,11,95,15,1.09,0.17
684,100.0,100.0,510362,0,0,-2,2,1,2,3.2,3.2,1,Toti António,3.2,567,False,,2024-09-15T23:00:06.339703Z,43,510362.jpg,1.5,Gomes,0.3,False,,a,20,39,17,24680,3653,19361,1062,0.7,4.0,Toti,173.0,890,0,1,1,24,0,0,0,4,0,0,2,56,159.8,32.0,19.0,21.0,11,0.03,0.31,0.34,18.59,161,64,282,83,289,89,251,83,,,,,,,0.0,0.0,0.03,0.03,1.88,2.43,566,143,81,17,309,104,313,115,1.11,0.1
685,75.0,75.0,560248,0,0,0,0,0,2,0.0,0.0,0,Bastien,0.0,637,False,Lack of match fitness - 75% chance of playing,2024-09-15T23:00:06.387765Z,40,560248.jpg,0.0,Meupiyou,0.1,False,,d,20,39,0,23017,42,16343,253,0.0,0.0,Meupiyou,73.0,0,0,0,0,0,0,0,0,0,0,0,0,0,0.0,0.0,0.0,0.0,0,0.00,0.00,0.00,0.00,527,195,507,193,470,178,529,195,,,,,,,0.0,0.0,0.0,0.0,0.0,0.0,669,209,460,173,534,194,416,150,0.0,0.0
686,,,509291,0,0,0,0,0,3,1.0,1.0,2,André,1.0,642,False,,,50,509291.jpg,1.3,Trindade da Costa Neto,0.0,False,,a,20,39,12,3167,92,2167,123,0.2,2.4,André,30.0,533,0,0,0,16,0,0,0,2,0,0,0,103,90.8,47.9,12.0,15.0,7,0.07,0.07,0.14,12.43,254,111,247,151,317,175,294,145,,,,,,,0.01,0.0,0.01,0.02,2.1,2.7,227,144,244,125,337,163,592,252,1.18,0.0
687,,,463212,0,0,0,0,0,3,0.2,0.2,1,Carlos Roberto,0.2,655,False,,,55,463212.jpg,0.8,Forbs Borges,0.0,False,,a,20,39,5,2319,80,1913,111,0.0,0.9,Forbs,173.0,207,0,0,0,8,0,0,0,2,0,0,0,23,19.6,21.1,27.0,6.6,1,0.11,0.09,0.20,5.82,378,179,313,179,265,146,351,174,,,,,,,0.05,0.0,0.04,0.09,2.53,3.48,123,75,378,186,451,223,578,240,0.43,0.0
688,,,517179,0,0,-1,1,0,2,0.2,0.2,0,Alfie,0.2,664,False,,,39,517179.jpg,1.0,Pond,0.4,False,,a,20,39,1,43827,7770,12172,1632,0.1,0.3,Pond,241.0,1,0,0,0,0,0,0,0,0,0,0,0,3,0.0,0.0,0.0,0.0,0,0.00,0.00,0.00,0.00,461,159,439,157,398,138,463,159,,,,,,,0.0,0.0,0.0,0.0,0.0,0.0,688,228,361,114,362,119,290,107,0.0,0.0
689,,,596054,0,0,0,0,0,3,0.0,0.0,0,Tom,0.0,682,False,,,45,596054.jpg,0.0,Edozie,0.0,False,,a,20,39,0,435,221,83,47,0.0,0.0,Edozie,241.0,0,0,0,0,0,0,0,0,0,0,0,0,0,0.0,0.0,0.0,0.0,0,0.00,0.00,0.00,0.00,640,283,637,287,618,279,642,285,,,,,,,0.0,0.0,0.0,0.0,0.0,0.0,472,294,608,258,645,287,658,292,0.0,0.0
