,player_id,web_name,team_code,element_type,now_cost,event,points_md,is_captain,multiplier,starting_lineup,selected_by_percent,gw_points
0,483,Ramsdale,49,1,47,18,3.463,False,1,1,2.4,3.463
1,298,Maguire,1,2,54,18,3.869,False,1,1,4.9,3.869
2,353,Egan,49,2,47,18,3.315,False,1,1,2.2,3.315
3,389,Aurier,6,2,52,18,3.751,False,1,1,2.1,3.751
4,23,Smith Rowe,3,3,44,18,3.5860000000000003,False,1,1,3.8,3.5860000000000003
5,271,Gündogan,43,3,54,18,3.886,False,1,1,3.2,3.886
6,276,Sterling,43,3,114,18,4.245,False,1,1,4.6,4.245
7,405,Ndombele,6,3,59,18,3.364,False,1,1,0.6,3.364
8,282,Jesus,43,4,91,18,4.838,True,2,1,1.3,9.676
9,344,McGoldrick,49,4,52,18,3.704,False,1,1,2.8,3.704
10,569,Cavani,1,4,78,18,3.876,False,1,1,1.6,3.876
11,516,Areola,54,1,45,18,3.198,False,0,0,2.2,0.0
12,155,Digne,11,2,60,18,3.265,False,0,0,5.0,0.0
13,563,Ait Nouri,39,2,50,18,3.209,False,0,0,0.2,0.0
14,150,Sigurdsson,11,3,68,18,3.2230000000000003,False,0,0,2.4,0.0
