,player_id,web_name,team_code,element_type,now_cost,event,points_md,is_captain,multiplier,starting_lineup,selected_by_percent,gw_points
0,334,McCarthy,20,1,46,12,3.68,False,1,1,4.4,3.68
1,135,Chilwell,8,2,60,12,4.331,False,1,1,19.7,4.331
2,249,Walker,43,2,55,12,4.247,False,1,1,6.6,4.247
3,256,Cancelo,43,2,65,12,4.791,False,1,1,28.5,4.791
4,288,Wan-Bissaka,1,2,52,12,3.877,False,1,1,4.5,3.877
5,96,Mbeumo,94,3,56,12,4.237,False,1,1,4.5,4.237
6,233,Salah,14,3,130,12,6.941,True,2,1,71.6,13.882
7,265,Foden,43,3,83,12,6.122000000000001,False,1,1,15.0,6.122000000000001
8,420,Bowen,21,3,63,12,3.943,False,1,1,2.2,3.943
9,296,Wilson,4,4,73,12,4.997,False,1,1,2.2,4.997
10,315,Pukki,45,4,58,12,4.267,False,1,1,4.1,4.267
11,54,Steele,36,1,40,12,3.402,False,0,0,2.8,0.0
12,237,Alexander-Arnold,14,2,77,12,5.026,False,0,0,29.8,0.0
13,240,Jota,14,3,75,12,5.03,False,0,0,12.6,0.0
14,78,Toney,94,4,67,12,4.354,False,0,0,22.2,0.0
