,player_id,web_name,team_code,element_type,now_cost,event,points_md,is_captain,multiplier,starting_lineup,selected_by_percent,gw_points
0,559,Ramsdale,3,1,51,38,3.975,False,1,1,17.1,3.975
1,224,Matip,14,2,52,38,5.034,False,1,1,9.7,5.034
2,234,Robertson,14,2,73,38,5.6339999999999995,False,1,1,11.4,5.6339999999999995
3,237,Alexander-Arnold,14,2,84,38,6.551,False,1,1,37.8,6.551
4,368,Sessegnon,6,2,43,38,4.4910000000000005,False,1,1,1.5,4.4910000000000005
5,22,Saka,3,3,67,38,5.4060000000000015,False,1,1,28.8,5.4060000000000015
6,138,Mount,8,3,77,38,5.45,False,1,1,21.6,5.45
7,212,Maddison,13,3,69,38,5.428,False,1,1,15.7,5.428
8,265,Foden,43,3,79,38,5.553999999999999,False,1,1,7.4,5.553999999999999
9,359,Son,6,3,112,38,7.124,True,2,1,34.2,14.248
10,357,Kane,6,4,125,38,6.452999999999999,False,1,1,22.7,6.452999999999999
11,573,Jakupovic,13,1,39,38,0.0,False,0,0,0.2,0.0
12,151,Kelly,31,2,38,38,0.342,False,0,0,2.6,0.0
13,533,Richardson,90,4,44,38,0.0,False,0,0,4.5,0.0
14,595,Locadia,36,4,44,38,0.0,False,0,0,0.9,0.0
