,player_id,web_name,team_code,element_type,now_cost,event,points_md,is_captain,multiplier,starting_lineup,selected_by_percent,gw_points
0,257,Ederson,43,1,62,38,4.314,False,1,1,12.0,4.314
1,224,Matip,14,2,52,38,5.034,False,1,1,9.7,5.034
2,234,Robertson,14,2,73,38,5.6339999999999995,False,1,1,11.4,5.6339999999999995
3,368,Sessegnon,6,2,43,38,4.4910000000000005,False,1,1,1.5,4.4910000000000005
4,22,Saka,3,3,67,38,5.4060000000000015,False,1,1,28.8,5.4060000000000015
5,138,Mount,8,3,77,38,5.45,False,1,1,21.6,5.45
6,212,Maddison,13,3,69,38,5.428,False,1,1,15.7,5.428
7,265,Foden,43,3,79,38,5.553999999999999,False,1,1,7.4,5.553999999999999
8,359,Son,6,3,112,38,7.124,True,2,1,34.2,14.248
9,78,Toney,94,4,68,38,4.907,False,1,1,17.5,4.907
10,447,Welbeck,36,4,60,38,4.204,False,1,1,1.5,4.204
11,559,Ramsdale,3,1,51,38,3.975,False,0,0,17.1,0.0
12,237,Alexander-Arnold,14,2,84,38,6.551,False,0,0,37.8,0.0
13,588,Emerson Royal,6,2,46,38,4.453,False,0,0,2.4,0.0
14,20,Nketiah,3,4,57,38,4.037,False,0,0,11.1,0.0
