,player_id,web_name,team_code,element_type,now_cost,event,points_md,is_captain,multiplier,starting_lineup,selected_by_percent,gw_points
0,157,Pickford,11,1,48,30,4.296,False,1,1,5.0,4.296
1,109,Rüdiger,8,2,46,30,4.227,False,1,1,4.6,4.227
2,197,Ayling,2,2,44,30,4.174,False,1,1,2.6,4.174
3,362,Bertrand,20,2,50,30,3.729,False,1,1,0.9,3.729
4,369,Vestergaard,20,2,47,30,3.969,False,1,1,3.2,3.969
5,375,Walker-Peters,20,2,47,30,3.788,False,1,1,4.1,3.788
6,203,Harrison,2,3,54,30,3.955,False,1,1,3.0,3.955
7,251,Mané,14,3,118,30,4.4110000000000005,True,2,1,4.8,8.822000000000001
8,540,Traoré,7,3,59,30,3.5410000000000004,False,1,1,1.1,3.5410000000000004
9,557,Lookman,54,3,51,30,3.671,False,1,1,3.5,3.671
10,91,Wood,90,4,62,30,3.523,False,1,1,0.9,3.523
11,431,Fabianski,21,1,50,30,3.867,False,0,0,3.2,0.0
12,187,Cavaleiro,54,3,53,30,3.354,False,0,0,0.2,0.0
13,249,Firmino,14,4,91,30,3.1260000000000003,False,0,0,3.1,0.0
14,303,Martial,1,4,86,30,3.444,False,0,0,3.6,0.0
