,player_id,web_name,team_code,element_type,now_cost,event,points_md,is_captain,multiplier,starting_lineup,selected_by_percent,gw_points
0,475,Sá,39,1,50,14,3.931,False,1,1,2.9,3.931
1,142,James,8,2,63,14,5.2,False,1,1,35.5,5.2
2,237,Alexander-Arnold,14,2,79,14,5.228,False,1,1,38.0,5.228
3,311,Lewis,4,2,42,14,3.988,False,1,1,0.1,3.988
4,370,Reguilón,6,2,51,14,4.649,False,1,1,13.2,4.649
5,233,Salah,14,3,130,14,6.6789999999999985,True,2,1,72.5,13.357999999999997
6,240,Jota,14,3,77,14,5.152,False,1,1,21.6,5.152
7,254,Mahrez,43,3,86,14,5.521,False,1,1,2.4,5.521
8,359,Son,6,3,104,14,5.68,False,1,1,20.7,5.68
9,296,Wilson,4,4,74,14,5.001,False,1,1,3.3,5.001
10,430,Jiménez,39,4,78,14,5.32,False,1,1,13.9,5.32
11,94,Gunnarsson,94,1,39,14,0.0,False,0,0,0.9,0.0
12,87,Goode,94,2,39,14,1.414,False,0,0,1.8,0.0
13,589,Kral,21,3,44,14,0.046,False,0,0,0.1,0.0
14,49,Davis,7,4,44,14,0.0,False,0,0,3.1,0.0
