,player_id,web_name,team_code,element_type,now_cost,event,points_md,is_captain,multiplier,starting_lineup,selected_by_percent,gw_points
0,238,Meslier,2,1,45,22,5.482,False,1,1,1.8,5.482
1,106,Dunk,36,2,47,22,4.4,False,1,1,4.9,4.4
2,332,Shaw,1,2,52,22,6.906999999999999,False,1,1,20.3,6.906999999999999
3,526,Mee,94,2,47,22,4.2349999999999985,False,1,1,8.9,4.2349999999999985
4,225,Rodrigo,2,3,64,22,5.665,False,1,1,7.9,5.665
5,233,Harrison,2,3,58,22,4.9849999999999985,False,1,1,1.5,4.9849999999999985
6,283,Salah,14,3,128,22,6.04,False,1,1,27.7,6.04
7,333,Fernandes,1,3,98,22,9.125,True,2,1,4.8,18.25
8,335,Rashford,1,3,71,22,8.979,False,1,1,46.0,8.979
9,80,Toney,94,4,76,22,5.019,False,1,1,29.3,5.019
10,318,Haaland,43,4,122,22,5.081,False,1,1,85.1,5.081
11,81,Raya,94,1,46,22,4.099,False,0,0,8.3,0.0
12,377,Botman,4,2,45,22,3.6689999999999996,False,0,0,5.6,0.0
13,586,Estupiñán,36,2,45,22,4.107,False,0,0,1.1,0.0
14,394,Johnson,17,4,56,22,3.9419999999999997,False,0,0,1.4,0.0
