,player_id,web_name,team_code,element_type,now_cost,event,points_md,is_captain,multiplier,starting_lineup,selected_by_percent,gw_points
0,556,Fernández,94,1,45,21,5.854,False,1,1,0.9,5.854
1,169,Keane,11,2,49,21,5.7429999999999986,False,1,1,3.0,5.7429999999999986
2,367,Sánchez,6,2,45,21,3.381,False,1,1,2.2,3.381
3,414,Dawson,21,2,49,21,6.194,False,1,1,0.6,6.194
4,555,Varane,1,2,55,21,3.299,False,1,1,2.1,3.299
5,196,Raphinha,2,3,65,21,4.729,False,1,1,15.3,4.729
6,233,Salah,14,3,130,21,4.856,False,1,1,63.3,4.856
7,359,Son,6,3,105,21,5.4860000000000015,False,1,1,26.1,5.4860000000000015
8,420,Bowen,21,3,66,21,7.74,True,2,1,13.8,15.48
9,524,Wissa,94,3,59,21,5.837999999999999,False,1,1,0.1,5.837999999999999
10,78,Toney,94,4,66,21,7.273,False,1,1,12.1,7.273
11,170,Pickford,11,1,49,21,6.082000000000002,False,0,0,4.8,0.0
12,370,Reguilón,6,2,53,21,3.636,False,0,0,16.5,0.0
13,177,Calvert-Lewin,11,4,79,21,6.8020000000000005,False,0,0,3.8,0.0
14,413,Antonio,21,4,78,21,7.6679999999999975,False,0,0,38.4,0.0
