,player_id,web_name,team_code,element_type,now_cost,event,points_md,is_captain,multiplier,starting_lineup,selected_by_percent,gw_points
0,556,Fernández,94,1,45,21,5.84,False,1,1,0.7,5.84
1,91,Pinnock,94,2,45,21,4.723000000000001,False,1,1,3.6,4.723000000000001
2,169,Keane,11,2,49,21,6.212999999999999,False,1,1,2.4,6.212999999999999
3,414,Dawson,21,2,49,21,6.556,False,1,1,0.4,6.556
4,418,Coufal,21,2,47,21,6.142,False,1,1,3.8,6.142
5,154,Zaha,31,3,68,21,3.663,False,1,1,5.0,3.663
6,173,Doucouré,11,3,54,21,5.952000000000001,False,1,1,1.5,5.952000000000001
7,416,Lanzini,21,3,58,21,7.419,False,1,1,0.3,7.419
8,524,Wissa,94,3,59,21,6.181,False,1,1,0.1,6.181
9,177,Calvert-Lewin,11,4,79,21,7.430999999999999,True,2,1,3.3,14.861999999999998
10,213,Iheanacho,13,4,69,21,3.837,False,1,1,2.9,3.837
11,199,Meslier,2,1,49,21,3.2510000000000003,False,0,0,2.3,0.0
12,555,Varane,1,2,55,21,3.234,False,0,0,2.0,0.0
13,210,Tielemans,13,3,64,21,3.612,False,0,0,3.7,0.0
14,525,A.Armstrong,20,4,58,21,3.5010000000000003,False,0,0,2.0,0.0
