,player_id,web_name,team_code,element_type,now_cost,event,points_md,is_captain,multiplier,starting_lineup,selected_by_percent,gw_points
0,417,Johnstone,35,1,45,27,3.777,False,1,1,2.4,3.777
1,17,Tierney,3,2,52,27,4.033,False,1,1,4.3,4.033
2,29,El Mohamady,7,2,43,27,4.006,False,1,1,0.4,4.006
3,283,Zinchenko,43,2,55,27,6.714,False,1,1,0.7,6.714
4,369,Vestergaard,20,2,47,27,4.869,False,1,1,3.1,4.869
5,275,Mahrez,43,3,81,27,8.302999999999999,True,2,1,3.6,16.605999999999998
6,365,Redmond,20,3,64,27,5.199,False,1,1,0.2,5.199
7,368,Armstrong,20,3,55,27,5.332999999999998,False,1,1,0.3,5.332999999999998
8,481,Pereira,35,3,54,27,4.0,False,1,1,1.8,4.0
9,249,Firmino,14,4,92,27,4.695,False,1,1,4.6,4.695
10,282,Jesus,43,4,92,27,7.7360000000000015,False,1,1,3.6,7.7360000000000015
11,597,Sánchez,36,1,45,27,3.679,False,0,0,3.0,0.0
12,109,Rüdiger,8,2,46,27,3.887,False,0,0,3.6,0.0
13,543,Bale,6,3,93,27,3.982,False,0,0,1.1,0.0
14,6,Lacazette,3,4,81,27,3.66,False,0,0,4.0,0.0
