,player_id,web_name,team_code,element_type,now_cost,event,points_md,is_captain,multiplier,starting_lineup,selected_by_percent,gw_points
0,281,Alisson,14,1,54,14,4.261,False,1,1,15.4,4.261
1,10,White,3,2,45,14,4.4,False,1,1,7.4,4.4
2,16,Gabriel,3,2,51,14,5.392,False,1,1,10.3,5.392
3,285,Alexander-Arnold,14,2,72,14,5.271,False,1,1,19.9,5.271
4,13,Saka,3,3,79,14,6.4170000000000025,False,1,1,15.9,6.4170000000000025
5,160,Zaha,31,3,76,14,5.626,False,1,1,23.2,5.626
6,283,Salah,14,3,128,14,6.835,True,2,1,32.0,13.67
7,369,Almirón,4,3,54,14,4.397,False,1,1,15.1,4.397
8,80,Toney,94,4,75,14,4.997,False,1,1,28.0,4.997
9,210,Mitrović,54,4,68,14,5.2170000000000005,False,1,1,26.4,5.2170000000000005
10,318,Haaland,43,4,122,14,6.059,False,1,1,84.3,6.059
11,254,Ward,13,1,41,14,3.0260000000000002,False,0,0,26.0,0.0
12,167,Guéhi,31,2,44,14,3.385,False,0,0,3.6,0.0
13,526,Mee,94,2,45,14,3.778,False,0,0,4.1,0.0
14,346,Andreas,54,3,46,14,3.324,False,0,0,25.5,0.0
