,player_id,web_name,team_code,element_type,now_cost,event,points_md,is_captain,multiplier,starting_lineup,selected_by_percent,gw_points
0,281,Alisson,14,1,54,14,4.303,False,1,1,15.4,4.303
1,16,Gabriel,3,2,51,14,5.167999999999998,False,1,1,10.3,5.167999999999998
2,26,Saliba,3,2,52,14,4.8069999999999995,False,1,1,31.6,4.8069999999999995
3,285,Alexander-Arnold,14,2,72,14,5.5470000000000015,False,1,1,19.9,5.5470000000000015
4,13,Saka,3,3,79,14,6.4460000000000015,False,1,1,15.8,6.4460000000000015
5,160,Zaha,31,3,76,14,5.478,False,1,1,23.2,5.478
6,283,Salah,14,3,128,14,7.4289999999999985,True,2,1,32.1,14.857999999999997
7,369,Almirón,4,3,54,14,4.39,False,1,1,14.6,4.39
8,80,Toney,94,4,75,14,5.006,False,1,1,27.9,5.006
9,210,Mitrović,54,4,68,14,5.227,False,1,1,26.3,5.227
10,427,Kane,6,4,115,14,5.949,False,1,1,22.6,5.949
11,254,Ward,13,1,41,14,2.951,False,0,0,26.0,0.0
12,165,Andersen,31,2,45,14,3.7769999999999997,False,0,0,3.2,0.0
13,167,Guéhi,31,2,44,14,3.5610000000000004,False,0,0,3.6,0.0
14,346,Andreas,54,3,46,14,3.3989999999999996,False,0,0,25.4,0.0
