,player_id,web_name,team_code,element_type,now_cost,event,points_md,is_captain,multiplier,starting_lineup,selected_by_percent,gw_points
0,152,Guaita,31,1,45,14,3.767,False,1,1,3.0,3.767
1,165,Andersen,31,2,45,14,3.795,False,1,1,3.2,3.795
2,284,Robertson,14,2,67,14,4.144,False,1,1,3.9,4.144
3,526,Mee,94,2,45,14,3.807,False,1,1,4.1,3.807
4,3,Xhaka,3,3,51,14,4.238,False,1,1,3.7,4.238
5,169,Eze,31,3,57,14,3.992,False,1,1,4.8,3.992
6,296,Carvalho,14,3,54,14,4.0710000000000015,False,1,1,0.5,4.0710000000000015
7,333,Fernandes,1,3,98,14,4.11,False,1,1,2.3,4.11
8,340,Sancho,1,3,72,14,3.702,False,1,1,4.7,3.702
9,191,Calvert-Lewin,11,4,79,14,4.001,False,1,1,0.4,4.001
10,356,Wilson,4,4,73,14,4.646,True,2,1,2.3,9.292
11,2,Leno,54,1,45,14,3.636,False,0,0,1.6,0.0
12,332,Shaw,1,2,47,14,3.5389999999999997,False,0,0,0.9,0.0
13,358,Burn,4,2,45,14,3.523,False,0,0,1.7,0.0
14,95,Mbeumo,94,4,58,14,3.662,False,0,0,1.5,0.0
