,player_id,web_name,team_code,element_type,now_cost,event,points_md,is_captain,multiplier,starting_lineup,selected_by_percent,gw_points
0,295,Dubravka,4,1,44,28,7.061,False,1,1,1.4,7.061
1,343,Bednarek,20,2,44,28,6.532,False,1,1,1.6,6.532
2,431,Saïss,39,2,50,28,8.293,False,1,1,3.1,8.293
3,439,Kilman,39,2,46,28,7.616,False,1,1,2.9,7.616
4,267,Harrison,2,3,55,28,6.9990000000000006,False,1,1,1.7,6.9990000000000006
5,287,James,2,3,60,28,7.1129999999999995,False,1,1,1.0,7.1129999999999995
6,298,Fraser,4,3,53,28,7.006,False,1,1,0.4,7.006
7,436,Neves,39,3,53,28,7.29,False,1,1,1.2,7.29
8,496,Ramsey,7,3,44,28,6.4339999999999975,False,1,1,0.2,6.4339999999999975
9,109,Wood,4,4,67,28,7.7879999999999985,False,1,1,1.8,7.7879999999999985
10,345,Adams,20,4,69,28,8.408,True,2,1,4.7,16.816
11,199,Meslier,2,1,48,28,6.7620000000000005,False,0,0,2.1,0.0
12,44,Cash,7,2,51,28,6.103999999999999,False,0,0,4.8,0.0
13,45,Konsa,7,2,49,28,5.987,False,0,0,0.9,0.0
14,516,Sargent,45,4,54,28,5.6270000000000024,False,0,0,0.5,0.0
