,player_id,web_name,team_code,element_type,now_cost,event,points_md,is_captain,multiplier,starting_lineup,selected_by_percent,gw_points
0,295,Dubravka,4,1,44,28,7.059,False,1,1,1.4,7.059
1,343,Bednarek,20,2,44,28,6.5489999999999995,False,1,1,1.6,6.5489999999999995
2,431,Saïss,39,2,50,28,8.273,False,1,1,3.1,8.273
3,439,Kilman,39,2,46,28,7.606,False,1,1,2.9,7.606
4,267,Harrison,2,3,55,28,7.0180000000000025,False,1,1,1.7,7.0180000000000025
5,287,James,2,3,60,28,7.0539999999999985,False,1,1,1.0,7.0539999999999985
6,298,Fraser,4,3,53,28,7.021,False,1,1,0.4,7.021
7,436,Neves,39,3,53,28,7.3610000000000015,False,1,1,1.2,7.3610000000000015
8,496,Ramsey,7,3,44,28,6.484999999999999,False,1,1,0.2,6.484999999999999
9,109,Wood,4,4,67,28,7.7479999999999976,False,1,1,1.8,7.7479999999999976
10,345,Adams,20,4,69,28,8.335,True,2,1,4.6,16.67
11,199,Meslier,2,1,48,28,6.7639999999999985,False,0,0,2.1,0.0
12,44,Cash,7,2,51,28,6.085,False,0,0,4.8,0.0
13,342,Walker-Peters,20,2,48,28,6.035,False,0,0,1.3,0.0
14,516,Sargent,45,4,54,28,5.5520000000000005,False,0,0,0.5,0.0
