,player_id,web_name,team_code,element_type,now_cost,event,points_md,is_captain,multiplier,starting_lineup,selected_by_percent,gw_points
0,182,Pickford,11,1,44,25,6.855,False,1,1,6.2,6.855
1,16,Gabriel,3,2,52,25,8.355,False,1,1,13.5,8.355
2,222,Ayling,2,2,45,25,3.627,False,1,1,0.3,3.627
3,284,Robertson,14,2,68,25,8.411,False,1,1,7.0,8.411
4,285,Alexander-Arnold,14,2,73,25,9.857999999999999,False,1,1,19.7,9.857999999999999
5,472,Aguerd,21,2,48,25,3.722,False,1,1,0.2,3.722
6,13,Saka,3,3,84,25,11.994000000000002,False,1,1,36.3,11.994000000000002
7,186,Iwobi,11,3,54,25,6.319,False,1,1,2.3,6.319
8,283,Salah,14,3,126,25,12.244000000000002,True,2,1,26.3,24.488000000000003
9,480,Neves,39,3,54,25,5.834,False,1,1,3.5,5.834
10,682,Cunha,39,4,55,25,4.872,False,1,1,0.3,4.872
11,478,Sá,39,1,50,25,6.4179999999999975,False,0,0,5.8,0.0
12,534,McNeil,11,3,51,25,5.816,False,0,0,0.3,0.0
13,11,Nketiah,3,4,68,25,9.185,False,0,0,12.5,0.0
14,318,Haaland,43,4,122,25,6.865,False,0,0,85.1,0.0
