,player_id,web_name,team_code,element_type,now_cost,event,points_md,is_captain,multiplier,starting_lineup,selected_by_percent,gw_points
0,455,Fabianski,21,1,50,25,3.795,False,1,1,1.2,3.795
1,276,Matip,14,2,59,25,4.532,False,1,1,0.9,4.532
2,459,Dawson,39,2,48,25,4.066,False,1,1,1.0,4.066
3,482,Semedo,39,2,50,25,4.043,False,1,1,0.7,4.043
4,3,Xhaka,3,3,49,25,6.313,False,1,1,2.8,6.313
5,186,Iwobi,11,3,54,25,6.2920000000000025,False,1,1,2.2,6.2920000000000025
6,480,Neves,39,3,54,25,5.745,False,1,1,3.4,5.745
7,534,McNeil,11,3,51,25,6.135,False,1,1,0.3,6.135
8,680,Gakpo,14,3,78,25,7.834,True,2,1,4.4,15.668
9,110,Maupay,11,4,59,25,5.7929999999999975,False,1,1,0.9,5.7929999999999975
10,288,Diogo Jota,14,4,88,25,4.851,False,1,1,0.5,4.851
11,2,Leno,54,1,45,25,3.7760000000000002,False,0,0,3.2,0.0
12,222,Ayling,2,2,45,25,3.594,False,0,0,0.3,0.0
13,463,Coufal,21,2,41,25,3.725,False,0,0,0.7,0.0
14,227,Bamford,2,4,72,25,4.534,False,0,0,0.6,0.0
