,player_id,web_name,team_code,element_type,now_cost,event,points_md,is_captain,multiplier,starting_lineup,selected_by_percent,gw_points
0,425,Lloris,6,1,55,6,4.043,False,1,1,5.2,4.043
1,146,James,8,2,61,6,4.529,False,1,1,36.7,4.529
2,285,Alexander-Arnold,14,2,75,6,4.843999999999999,False,1,1,48.8,4.843999999999999
3,295,N.Williams,17,2,41,6,4.037,False,1,1,27.6,4.037
4,104,Groß,36,3,59,6,4.096,False,1,1,23.7,4.096
5,160,Zaha,31,3,72,6,4.558,False,1,1,13.0,4.558
6,283,Salah,14,3,130,6,6.013,False,1,1,52.5,6.013
7,293,Luis Díaz,14,3,82,6,5.026,False,1,1,30.5,5.026
8,66,Solanke,91,4,57,6,4.023,False,1,1,0.4,4.023
9,80,Toney,94,4,71,6,5.056,False,1,1,15.3,5.056
10,427,Kane,6,4,114,6,6.795,True,2,1,16.7,13.59
11,113,Sánchez,36,1,47,6,3.727,False,0,0,17.9,0.0
12,108,Webster,36,2,45,6,3.6519999999999997,False,0,0,0.7,0.0
13,516,Collins,39,2,45,6,3.54,False,0,0,0.6,0.0
14,83,Dasilva,94,3,46,6,2.802,False,0,0,9.9,0.0
