,player_id,web_name,team_code,element_type,now_cost,event,points_md,is_captain,multiplier,starting_lineup,selected_by_percent,gw_points
0,15,Ramsdale,3,1,49,17,4.026,False,1,1,11.2,4.026
1,16,Gabriel,3,2,52,17,4.398,False,1,1,13.6,4.398
2,112,Cucurella,8,2,51,17,4.745,False,1,1,7.5,4.745
3,332,Shaw,1,2,48,17,4.385,False,1,1,2.2,4.385
4,13,Saka,3,3,80,17,5.492999999999999,False,1,1,17.1,5.492999999999999
5,111,Trossard,36,3,71,17,4.931,False,1,1,27.9,4.931
6,142,Mount,8,3,75,17,5.005,False,1,1,6.4,5.005
7,160,Zaha,31,3,75,17,5.61,False,1,1,19.0,5.61
8,283,Salah,14,3,128,17,5.725,False,1,1,32.3,5.725
9,318,Haaland,43,4,122,17,6.7010000000000005,True,2,1,82.8,13.402000000000001
10,345,Martial,1,4,67,17,4.95,False,1,1,2.0,4.95
11,518,Hennessey,17,1,39,17,3.091,False,0,0,1.8,0.0
12,165,Andersen,31,2,45,17,3.6630000000000003,False,0,0,3.0,0.0
13,533,Martínez,1,2,45,17,4.238,False,0,0,7.3,0.0
14,166,Edouard,31,4,53,17,3.9339999999999997,False,0,0,2.7,0.0
