,player_id,web_name,team_code,element_type,now_cost,event,points_md,is_captain,multiplier,starting_lineup,selected_by_percent,gw_points
0,408,Fabianski,21,1,50,16,3.713,False,1,1,2.2,3.713
1,23,Gabriel,3,2,51,16,4.28,False,1,1,3.1,4.28
2,83,Henry,94,2,45,16,4.106,False,1,1,1.9,4.106
3,234,Robertson,14,2,70,16,4.746,False,1,1,2.4,4.746
4,96,Mbeumo,94,3,55,16,5.45,False,1,1,2.9,5.45
5,230,Mané,14,3,119,16,5.78,True,2,1,4.2,11.56
6,251,De Bruyne,43,3,118,16,5.23,False,1,1,1.5,5.23
7,420,Bowen,21,3,64,16,4.2010000000000005,False,1,1,3.7,4.2010000000000005
8,524,Wissa,94,3,59,16,4.5680000000000005,False,1,1,0.1,4.5680000000000005
9,4,Aubameyang,3,4,97,16,5.56,False,1,1,2.9,5.56
10,149,Benteke,31,4,64,16,4.255,False,1,1,3.0,4.255
11,170,Pickford,11,1,49,16,3.4130000000000003,False,0,0,4.3,0.0
12,217,Söyüncü,13,2,49,16,3.853,False,0,0,2.0,0.0
13,590,Tomiyasu,3,2,46,16,4.101,False,0,0,4.5,0.0
14,63,Maupay,36,4,63,16,4.113,False,0,0,3.2,0.0
