,player_id,web_name,team_code,element_type,now_cost,points_md,is_captain,multiplier,starting_lineup,selected_by_percent,gw_points
0,270,de Gea,1,1,52,3.9097777777777782,False,1,1,11.7,3.9097777777777782
1,237,Alexander-Arnold,14,2,84,4.761222222222222,False,1,1,44.5,4.761222222222222
2,256,Cancelo,43,2,70,3.9538888888888883,False,1,1,42.2,3.9538888888888883
3,262,Dias,43,2,63,3.830444444444444,False,1,1,28.2,3.830444444444444
4,96,Mbeumo,94,3,53,3.7440000000000007,False,1,1,1.2,3.7440000000000007
5,212,Maddison,13,3,69,3.889333333333333,False,1,1,9.0,3.889333333333333
6,240,Jota,14,3,82,4.260000000000001,False,1,1,32.7,4.260000000000001
7,265,Foden,43,3,80,4.807555555555556,False,1,1,8.4,4.807555555555556
8,78,Toney,94,4,66,4.054444444444445,False,1,1,12.5,4.054444444444445
9,430,Jiménez,39,4,74,4.0521111111111106,False,1,1,4.6,4.0521111111111106
10,579,Ronaldo,1,4,125,5.566666666666666,True,2,1,31.4,11.133333333333333
11,556,Fernández,94,1,45,3.5940000000000003,False,0,0,1.0,0.0
12,110,Lowton,90,2,44,2.6844444444444444,False,0,0,1.9,0.0
13,439,Kilman,39,2,45,2.8855555555555554,False,0,0,0.9,0.0
14,381,Cleverley,57,3,48,2.6163333333333325,False,0,0,0.1,0.0
