,player_id,web_name,team_code,element_type,now_cost,event,points_md,is_captain,multiplier,starting_lineup,selected_by_percent,gw_points
0,200,Schmeichel,13,1,48,22,6.4830000000000005,False,1,1,12.7,6.4830000000000005
1,106,Mee,90,2,48,22,6.143,False,1,1,0.5,6.143
2,110,Lowton,90,2,44,22,6.085,False,1,1,1.8,6.085
3,279,Telles,1,2,50,22,7.093,False,1,1,0.9,7.093
4,22,Saka,3,3,64,22,6.979,False,1,1,14.5,6.979
5,26,Martinelli,3,3,54,22,6.2589999999999995,False,1,1,6.6,6.2589999999999995
6,240,Jota,14,3,82,22,11.297999999999998,True,2,1,31.9,22.595999999999997
7,359,Son,6,3,107,22,10.031,False,1,1,30.4,10.031
8,558,Ødegaard,3,3,56,22,6.402,False,1,1,5.3,6.402
9,109,Wood,90,4,67,22,8.004999999999999,False,1,1,1.4,8.004999999999999
10,468,King,57,4,58,22,6.3930000000000025,False,1,1,6.6,6.3930000000000025
11,69,Sánchez,36,1,46,22,6.913000000000001,False,0,0,18.2,0.0
12,234,Robertson,14,2,70,22,9.072000000000001,False,0,0,2.2,0.0
13,237,Alexander-Arnold,14,2,84,22,11.052999999999999,False,0,0,44.5,0.0
14,357,Kane,6,4,122,22,9.561,False,0,0,9.3,0.0
