,player_id,web_name,team_code,element_type,now_cost,event,points_md,is_captain,multiplier,starting_lineup,selected_by_percent,gw_points
0,238,Meslier,2,1,45,22,5.553,False,1,1,1.9,5.553
1,106,Dunk,36,2,47,22,4.4860000000000015,False,1,1,4.9,4.4860000000000015
2,329,Varane,1,2,48,22,6.687,True,2,1,3.2,13.374
3,586,Estupiñán,36,2,45,22,4.262,False,1,1,1.8,4.262
4,246,Aaronson,2,3,54,22,4.758,False,1,1,0.7,4.758
5,593,Casemiro,1,3,49,22,5.8930000000000025,False,1,1,2.8,5.8930000000000025
6,609,Antony,1,3,73,22,6.5520000000000005,False,1,1,3.3,6.5520000000000005
7,680,Gakpo,14,3,79,22,4.621,False,1,1,0.9,4.621
8,40,Watkins,7,4,71,22,4.34,False,1,1,2.4,4.34
9,356,Wilson,4,4,71,22,4.352,False,1,1,4.4,4.352
10,619,Gnonto,2,4,50,22,5.124,False,1,1,1.0,5.124
11,31,Martínez,7,1,49,22,3.71,False,0,0,4.3,0.0
12,85,Henry,94,2,45,22,3.957,False,0,0,1.0,0.0
13,92,Pinnock,94,2,44,22,3.832,False,0,0,0.2,0.0
14,45,Bailey,7,3,45,22,4.14,False,0,0,4.1,0.0
