,player_id,web_name,team_code,element_type,now_cost,event,points_md,is_captain,multiplier,starting_lineup,selected_by_percent,gw_points
0,238,Meslier,2,1,45,22,5.725,False,1,1,1.9,5.725
1,106,Dunk,36,2,47,22,4.579,False,1,1,4.9,4.579
2,329,Varane,1,2,48,22,6.7940000000000005,True,2,1,3.2,13.588000000000001
3,586,Estupiñán,36,2,45,22,4.351,False,1,1,1.8,4.351
4,233,Harrison,2,3,58,22,4.395,False,1,1,1.5,4.395
5,519,Eriksen,1,3,63,22,6.136,False,1,1,3.6,6.136
6,609,Antony,1,3,73,22,5.968999999999999,False,1,1,3.3,5.968999999999999
7,680,Gakpo,14,3,79,22,4.155,False,1,1,0.9,4.155
8,40,Watkins,7,4,71,22,4.6419999999999995,False,1,1,2.4,4.6419999999999995
9,356,Wilson,4,4,71,22,4.7410000000000005,False,1,1,4.5,4.7410000000000005
10,619,Gnonto,2,4,50,22,4.947,False,1,1,1.0,4.947
11,31,Martínez,7,1,49,22,3.7739999999999996,False,0,0,4.3,0.0
12,85,Henry,94,2,45,22,4.063,False,0,0,1.0,0.0
13,358,Burn,4,2,46,22,3.7689999999999997,False,0,0,3.6,0.0
14,45,Bailey,7,3,45,22,4.103,False,0,0,4.1,0.0
