,player_id,web_name,team_code,element_type,now_cost,event,points_md,is_captain,multiplier,starting_lineup,selected_by_percent,gw_points
0,170,Pickford,11,1,49,31,6.722,False,1,1,4.4,6.722
1,59,Dunk,36,2,48,31,4.535,False,1,1,2.1,4.535
2,234,Robertson,14,2,73,31,6.164,False,1,1,9.5,6.164
3,585,Roberts,90,2,44,31,5.053,False,1,1,0.4,5.053
4,118,McNeil,90,3,56,31,5.609,False,1,1,0.3,5.609
5,230,Mané,14,3,117,31,6.5889999999999995,False,1,1,3.6,6.5889999999999995
6,233,Salah,14,3,133,31,8.921,True,2,1,60.4,17.842
7,484,Gray,11,3,55,31,5.905,False,1,1,5.1,5.905
8,180,Richarlison,11,4,75,31,6.632999999999999,False,1,1,5.2,6.632999999999999
9,357,Kane,6,4,125,31,5.997000000000001,False,1,1,23.5,5.997000000000001
10,700,Weghorst,90,4,64,31,7.4929999999999986,False,1,1,4.7,7.4929999999999986
11,514,Gillespie,4,1,39,31,0.0,False,0,0,0.3,0.0
12,87,Goode,94,2,39,31,0.0,False,0,0,1.2,0.0
13,151,Kelly,31,2,38,31,0.013999999999999999,False,0,0,1.2,0.0
14,405,Baah,57,3,43,31,0.0,False,0,0,0.1,0.0
