,player_id,web_name,team_code,element_type,now_cost,event,points_md,is_captain,multiplier,starting_lineup,selected_by_percent,gw_points
0,112,Pope,90,1,54,31,6.853999999999999,False,1,1,3.2,6.853999999999999
1,59,Dunk,36,2,48,31,4.518,False,1,1,2.1,4.518
2,224,Matip,14,2,49,31,5.226,False,1,1,4.1,5.226
3,234,Robertson,14,2,73,31,6.149,False,1,1,9.5,6.149
4,138,Mount,8,3,75,31,5.834,False,1,1,13.9,5.834
5,233,Salah,14,3,133,31,8.828,True,2,1,60.4,17.656
6,359,Son,6,3,109,31,5.71,False,1,1,24.3,5.71
7,503,Gordon,11,3,45,31,5.505,False,1,1,2.4,5.505
8,575,Lennon,90,3,48,31,5.497000000000001,False,1,1,0.1,5.497000000000001
9,180,Richarlison,11,4,75,31,6.501,False,1,1,5.2,6.501
10,700,Weghorst,90,4,64,31,7.5070000000000014,False,1,1,4.8,7.5070000000000014
11,170,Pickford,11,1,49,31,6.7159999999999975,False,0,0,4.4,0.0
12,259,Laporte,43,2,58,31,4.6530000000000005,False,0,0,9.0,0.0
13,370,Reguilón,6,2,52,31,4.47,False,0,0,12.0,0.0
14,63,Maupay,36,4,65,31,4.677,False,0,0,7.4,0.0
