,player_id,web_name,team_code,element_type,now_cost,event,points_md,is_captain,multiplier,starting_lineup,selected_by_percent,gw_points
0,270,de Gea,1,1,50,16,3.942,False,1,1,6.9,3.942
1,83,Henry,94,2,45,16,4.05,False,1,1,1.9,4.05
2,121,Thiago Silva,8,2,56,16,4.472,False,1,1,5.8,4.472
3,142,James,8,2,62,16,5.602,False,1,1,35.2,5.602
4,249,Walker,43,2,55,16,4.447,False,1,1,7.2,4.447
5,96,Mbeumo,94,3,55,16,5.311,False,1,1,2.9,5.311
6,138,Mount,8,3,75,16,5.2810000000000015,False,1,1,15.6,5.2810000000000015
7,233,Salah,14,3,131,16,7.806,True,2,1,73.1,15.612
8,240,Jota,14,3,80,16,6.131,False,1,1,29.7,6.131
9,149,Benteke,31,4,64,16,4.168,False,1,1,3.0,4.168
10,468,King,57,4,58,16,4.02,False,1,1,6.5,4.02
11,559,Ramsdale,3,1,50,16,3.925,False,0,0,14.7,0.0
12,237,Alexander-Arnold,14,2,81,16,5.989,False,0,0,40.2,0.0
13,524,Wissa,94,3,59,16,4.722,False,0,0,0.1,0.0
14,413,Antonio,21,4,79,16,4.513,False,0,0,39.3,0.0
