,player_id,web_name,team_code,element_type,now_cost,event,points_md,is_captain,multiplier,starting_lineup,selected_by_percent,gw_points
0,152,Guaita,31,1,45,14,3.833,False,1,1,3.0,3.833
1,165,Andersen,31,2,45,14,3.8339999999999996,False,1,1,3.1,3.8339999999999996
2,284,Robertson,14,2,67,14,4.166,False,1,1,3.9,4.166
3,526,Mee,94,2,45,14,3.699,False,1,1,4.1,3.699
4,3,Xhaka,3,3,51,14,4.218,False,1,1,3.9,4.218
5,169,Eze,31,3,57,14,3.8160000000000003,False,1,1,4.8,3.8160000000000003
6,296,Carvalho,14,3,54,14,3.639,False,1,1,0.5,3.639
7,333,Fernandes,1,3,98,14,4.346,False,1,1,2.4,4.346
8,191,Calvert-Lewin,11,4,79,14,3.7430000000000003,False,1,1,0.4,3.7430000000000003
9,356,Wilson,4,4,73,14,4.6960000000000015,True,2,1,2.4,9.392000000000003
10,617,Aubameyang,8,4,89,14,3.7889999999999997,False,1,1,1.5,3.7889999999999997
11,2,Leno,54,1,45,14,3.4930000000000003,False,0,0,1.6,0.0
12,85,Henry,94,2,45,14,3.409,False,0,0,1.2,0.0
13,358,Burn,4,2,45,14,3.5780000000000003,False,0,0,1.7,0.0
14,195,Gordon,11,3,54,14,3.437,False,0,0,2.2,0.0
