,player_id,web_name,team_code,element_type,now_cost,points_md,is_captain,multiplier,starting_lineup,selected_by_percent,gw_points
0,307,Ederson,43,1,54,4.202799999999999,False,1,1,13.6,4.202799999999999
1,16,Gabriel,3,2,51,3.7672000000000003,False,1,1,10.4,3.7672000000000003
2,165,Andersen,31,2,45,3.3076,False,1,1,3.1,3.3076
3,285,Alexander-Arnold,14,2,72,4.4403999999999995,False,1,1,19.8,4.4403999999999995
4,13,Saka,3,3,80,5.0893999999999995,False,1,1,16.4,5.0893999999999995
5,19,Martinelli,3,3,68,4.465999999999999,False,1,1,48.8,4.465999999999999
6,104,Groß,36,3,56,3.9098000000000006,False,1,1,14.9,3.9098000000000006
7,160,Zaha,31,3,76,4.9918,False,1,1,23.0,4.9918
8,301,De Bruyne,43,3,123,5.777200000000001,False,1,1,31.4,5.777200000000001
9,210,Mitrović,54,4,69,3.9976,False,1,1,26.8,3.9976
10,318,Haaland,43,4,122,6.8768,True,2,1,83.3,13.7536
11,254,Ward,13,1,41,3.0974,False,0,0,26.1,0.0
12,377,Botman,4,2,44,2.7955999999999994,False,0,0,2.3,0.0
13,533,Martínez,1,2,45,3.2764,False,0,0,6.1,0.0
14,166,Edouard,31,4,54,3.4503999999999997,False,0,0,3.4,0.0
