,player_id,web_name,team_code,element_type,now_cost,event,points_md,is_captain,multiplier,starting_lineup,selected_by_percent,gw_points
0,231,Alisson,14,1,61,38,4.507,False,1,1,9.2,4.507
1,127,Rüdiger,8,2,61,38,5.001,False,1,1,18.7,5.001
2,142,James,8,2,64,38,6.556,False,1,1,18.0,6.556
3,234,Robertson,14,2,73,38,5.295,False,1,1,11.4,5.295
4,237,Alexander-Arnold,14,2,84,38,5.9510000000000005,False,1,1,38.1,5.9510000000000005
5,258,Aké,43,2,47,38,5.05,False,1,1,0.6,5.05
6,22,Saka,3,3,67,38,5.787999999999999,False,1,1,29.3,5.787999999999999
7,265,Foden,43,3,79,38,5.4579999999999975,False,1,1,7.4,5.4579999999999975
8,359,Son,6,3,111,38,7.01,True,2,1,31.9,14.02
9,20,Nketiah,3,4,57,38,4.752,False,1,1,10.7,4.752
10,357,Kane,6,4,124,38,6.392,False,1,1,21.3,6.392
11,573,Jakupovic,13,1,39,38,0.0,False,0,0,0.2,0.0
12,163,Delph,11,3,42,38,0.396,False,0,0,1.2,0.0
13,648,Rowe,45,3,44,38,0.0,False,0,0,0.0,0.0
14,595,Locadia,36,4,44,38,0.0,False,0,0,0.9,0.0
