,player_id,web_name,team_code,element_type,now_cost,event,points_md,is_captain,multiplier,starting_lineup,selected_by_percent,gw_points
0,334,McCarthy,20,1,45,9,3.761,False,1,1,2.3,3.761
1,16,Tierney,3,2,49,9,3.758,False,1,1,7.2,3.758
2,135,Chilwell,8,2,57,9,4.477,False,1,1,6.3,4.477
3,168,Digne,11,2,53,9,4.722,False,1,1,7.8,4.722
4,169,Keane,11,2,50,9,4.4289999999999985,False,1,1,2.9,4.4289999999999985
5,96,Mbeumo,94,3,55,9,4.664,False,1,1,3.2,4.664
6,233,Salah,14,3,128,9,5.216,False,1,1,64.4,5.216
7,482,Townsend,11,3,57,9,4.953,False,1,1,10.9,4.953
8,4,Aubameyang,3,4,99,9,5.272,False,1,1,2.5,5.272
9,78,Toney,94,4,64,9,4.941,False,1,1,15.8,4.941
10,529,Lukaku,8,4,117,9,6.57,True,2,1,36.6,13.14
11,559,Ramsdale,3,1,46,9,3.754,False,0,0,6.2,0.0
12,142,James,8,2,55,9,4.267,False,0,0,5.1,0.0
13,196,Raphinha,2,3,66,9,4.4030000000000005,False,0,0,20.1,0.0
14,336,Redmond,20,3,59,9,3.924,False,0,0,0.2,0.0
