,player_id,web_name,team_code,element_type,now_cost,event,points_md,is_captain,multiplier,starting_lineup,selected_by_percent,gw_points
0,102,Steele,36,1,39,33,3.9130000000000003,False,1,1,3.1,3.9130000000000003
1,272,W.Fofana,8,2,43,33,3.424,False,1,1,1.0,3.424
2,694,Álex Moreno,7,2,45,33,3.725,False,1,1,2.7,3.725
3,733,Pedro Porro,6,2,48,33,3.405,False,1,1,1.0,3.405
4,42,Buendía,7,3,57,33,4.423,True,2,1,1.1,8.846
5,47,Ramsey,7,3,53,33,4.141,False,1,1,1.6,4.141
6,225,Rodrigo,2,3,63,33,3.779,False,1,1,4.1,3.779
7,303,Mahrez,43,3,73,33,4.125,False,1,1,4.3,4.125
8,400,Walcott,20,3,48,33,3.699,False,1,1,0.0,3.699
9,66,Solanke,91,4,56,33,4.303999999999999,False,1,1,3.5,4.303999999999999
10,145,Havertz,8,4,74,33,3.983,False,1,1,3.6,3.983
11,422,Bazunu,20,1,45,33,3.532,False,0,0,0.7,0.0
12,302,Stones,43,2,55,33,3.2969999999999997,False,0,0,2.8,0.0
13,358,Burn,4,2,45,33,3.332,False,0,0,4.4,0.0
14,288,Diogo Jota,14,4,88,33,3.5669999999999997,False,0,0,1.9,0.0
