,player_id,web_name,team_code,element_type,now_cost,event,points_md,is_captain,multiplier,starting_lineup,selected_by_percent,gw_points
0,102,Steele,36,1,40,36,6.0,False,1,1,5.4,6.0
1,16,Gabriel,3,2,52,36,3.782,False,1,1,13.0,3.782
2,285,Alexander-Arnold,14,2,76,36,4.513,False,1,1,27.9,4.513
3,357,Trippier,4,2,61,36,8.027999999999999,True,2,1,65.8,16.055999999999997
4,366,Schär,4,2,51,36,7.278,False,1,1,14.6,7.278
5,116,Mac Allister,36,3,55,36,6.016,False,1,1,9.5,6.016
6,124,Mitoma,36,3,56,36,6.376,False,1,1,28.0,6.376
7,160,Zaha,31,3,72,36,5.537000000000001,False,1,1,6.8,5.537000000000001
8,335,Rashford,1,3,73,36,6.335,False,1,1,45.7,6.335
9,40,Watkins,7,4,75,36,5.132999999999999,False,1,1,17.3,5.132999999999999
10,318,Haaland,43,4,124,36,5.931,False,1,1,83.4,5.931
11,376,Pope,4,1,54,36,7.319,False,0,0,20.6,0.0
12,332,Shaw,1,2,51,36,3.9410000000000003,False,0,0,16.9,0.0
13,13,Saka,3,3,81,36,5.502999999999999,False,0,0,29.1,0.0
14,80,Toney,94,4,73,36,4.927,False,0,0,29.0,0.0
