,player_id,web_name,team_code,element_type,now_cost,event,points_md,is_captain,multiplier,starting_lineup,selected_by_percent,gw_points
0,133,Arrizabalaga,8,1,47,26,3.91,False,1,1,8.6,3.91
1,16,Gabriel,3,2,52,26,4.8069999999999995,False,1,1,13.6,4.8069999999999995
2,146,James,8,2,58,26,4.368,False,1,1,13.4,4.368
3,313,Zinchenko,3,2,51,26,4.715,False,1,1,11.3,4.715
4,13,Saka,3,3,85,26,6.96,True,2,1,38.1,13.92
5,116,Mac Allister,36,3,54,26,4.471,False,1,1,2.4,4.471
6,124,Mitoma,36,3,53,26,4.273,False,1,1,12.2,4.273
7,283,Salah,14,3,127,26,5.12,False,1,1,28.7,5.12
8,80,Toney,94,4,76,26,5.6679999999999975,False,1,1,27.8,5.6679999999999975
9,318,Haaland,43,4,122,26,6.541,False,1,1,85.2,6.541
10,427,Kane,6,4,117,26,5.718,False,1,1,36.4,5.718
11,502,Carson,43,1,38,26,0.0,False,0,0,0.5,0.0
12,343,B.Williams,1,2,38,26,0.054000000000000006,False,0,0,3.0,0.0
13,555,Ashby,4,2,38,26,0.01,False,0,0,0.7,0.0
14,381,Colback,17,3,41,26,0.934,False,0,0,0.8,0.0
