,player_id,web_name,team_code,element_type,now_cost,points_md,is_captain,multiplier,starting_lineup,selected_by_percent,gw_points
0,475,Sá,39,1,50,3.4640000000000004,False,1,1,2.7,3.4640000000000004
1,237,Alexander-Arnold,14,2,75,4.556000000000001,False,1,1,22.0,4.556000000000001
2,249,Walker,43,2,55,3.742777777777778,False,1,1,7.3,3.742777777777778
3,256,Cancelo,43,2,62,3.9982222222222217,False,1,1,19.6,3.9982222222222217
4,33,Grealish,43,3,79,4.638333333333334,False,1,1,17.6,4.638333333333334
5,96,Mbeumo,94,3,55,4.129666666666667,False,1,1,1.9,4.129666666666667
6,233,Salah,14,3,127,5.992111111111111,True,2,1,62.2,11.984222222222222
7,359,Son,6,3,101,4.853333333333333,False,1,1,14.0,4.853333333333333
8,4,Aubameyang,3,4,99,4.413111111111111,False,1,1,2.4,4.413111111111111
9,78,Toney,94,4,64,4.325222222222223,False,1,1,15.1,4.325222222222223
10,525,A.Armstrong,20,4,60,4.060444444444445,False,1,1,2.8,4.060444444444445
11,334,McCarthy,20,1,45,3.394444444444445,False,0,0,2.2,0.0
12,67,White,3,2,44,2.8203333333333336,False,0,0,12.6,0.0
13,302,Manquillo,4,2,40,2.262777777777778,False,0,0,9.2,0.0
14,115,Brownhill,90,3,44,2.3233333333333337,False,0,0,3.3,0.0
