,player_id,web_name,team_code,element_type,now_cost,event,points_md,is_captain,multiplier,starting_lineup,selected_by_percent,gw_points
0,257,Ederson,43,1,60,10,4.38,False,1,1,9.5,4.38
1,135,Chilwell,8,2,57,10,4.11,False,1,1,8.2,4.11
2,224,Matip,14,2,50,10,4.306,False,1,1,3.6,4.306
3,249,Walker,43,2,56,10,4.26,False,1,1,7.7,4.26
4,262,Dias,43,2,62,10,4.4830000000000005,False,1,1,29.1,4.4830000000000005
5,96,Mbeumo,94,3,56,10,4.436,False,1,1,4.3,4.436
6,138,Mount,8,3,74,10,4.852,False,1,1,9.0,4.852
7,233,Salah,14,3,128,10,7.318,True,2,1,65.9,14.636
8,78,Toney,94,4,65,10,4.609,False,1,1,17.6,4.609
9,109,Wood,90,4,68,10,4.33,False,1,1,1.3,4.33
10,315,Pukki,45,4,59,10,4.4060000000000015,False,1,1,4.4,4.4060000000000015
11,334,McCarthy,20,1,45,10,3.567,False,0,0,2.6,0.0
12,237,Alexander-Arnold,14,2,75,10,5.665,False,0,0,23.7,0.0
13,141,Havertz,8,3,81,10,4.977,False,0,0,7.8,0.0
14,399,Sarr,57,3,63,10,4.652,False,0,0,15.8,0.0
