,player_id,web_name,team_code,element_type,now_cost,event,points_md,is_captain,multiplier,starting_lineup,selected_by_percent,gw_points
0,257,Ederson,43,1,60,10,4.38,False,1,1,9.5,4.38
1,224,Matip,14,2,50,10,4.306,False,1,1,3.6,4.306
2,237,Alexander-Arnold,14,2,75,10,5.665,False,1,1,23.7,5.665
3,262,Dias,43,2,62,10,4.4830000000000005,False,1,1,29.1,4.4830000000000005
4,96,Mbeumo,94,3,56,10,4.436,False,1,1,4.3,4.436
5,141,Havertz,8,3,81,10,4.977,False,1,1,7.8,4.977
6,233,Salah,14,3,128,10,7.318,True,2,1,65.9,14.636
7,251,De Bruyne,43,3,120,10,5.841,False,1,1,4.1,5.841
8,399,Sarr,57,3,63,10,4.652,False,1,1,15.8,4.652
9,78,Toney,94,4,65,10,4.609,False,1,1,17.6,4.609
10,315,Pukki,45,4,59,10,4.4060000000000015,False,1,1,4.4,4.4060000000000015
11,376,Foster,57,1,40,10,3.005,False,0,0,22.2,0.0
12,110,Lowton,90,2,44,10,3.347,False,0,0,1.5,0.0
13,429,Coady,39,2,45,10,3.324,False,0,0,6.3,0.0
14,450,Dennis,57,4,52,10,2.824,False,0,0,9.4,0.0
