,player_id,web_name,team_code,element_type,now_cost,event,points_md,is_captain,multiplier,starting_lineup,selected_by_percent,gw_points
0,475,Sá,39,1,50,13,3.76,False,1,1,2.5,3.76
1,23,Gabriel,3,2,51,13,4.261,False,1,1,2.3,4.261
2,217,Söyüncü,13,2,49,13,3.915,False,1,1,2.1,3.915
3,224,Matip,14,2,50,13,4.168,False,1,1,2.6,4.168
4,64,Trossard,36,3,65,13,4.382,False,1,1,3.1,4.382
5,96,Mbeumo,94,3,56,13,4.191,False,1,1,4.2,4.191
6,212,Maddison,13,3,66,13,4.666,False,1,1,3.7,4.666
7,230,Mané,14,3,120,13,6.187,True,2,1,4.5,12.374
8,250,Gündogan,43,3,72,13,4.2010000000000005,False,1,1,2.8,4.2010000000000005
9,4,Aubameyang,3,4,99,13,5.992000000000001,False,1,1,4.2,5.992000000000001
10,315,Pukki,45,4,58,13,4.285,False,1,1,4.6,4.285
11,556,Fernández,94,1,45,13,3.56,False,0,0,0.6,0.0
12,59,Dunk,36,2,50,13,3.604,False,0,0,4.6,0.0
13,590,Tomiyasu,3,2,46,13,3.908,False,0,0,3.4,0.0
14,109,Wood,90,4,67,13,4.1110000000000015,False,0,0,1.3,0.0
