,player_id,web_name,team_code,element_type,now_cost,event,points_md,is_captain,multiplier,starting_lineup,selected_by_percent,gw_points
0,231,Alisson,14,1,60,35,4.1960000000000015,False,1,1,8.8,4.1960000000000015
1,38,Mings,7,2,50,35,4.253,False,1,1,6.2,4.253
2,44,Cash,7,2,52,35,4.37,False,1,1,9.3,4.37
3,122,Alonso,8,2,56,35,4.435,False,1,1,11.5,4.435
4,237,Alexander-Arnold,14,2,84,35,5.388999999999999,False,1,1,39.1,5.388999999999999
5,588,Emerson Royal,6,2,45,35,4.075,False,1,1,1.6,4.075
6,233,Salah,14,3,133,35,6.537000000000001,True,2,1,58.9,13.074000000000002
7,359,Son,6,3,110,35,5.9639999999999995,False,1,1,26.5,5.9639999999999995
8,512,Elanga,1,3,48,35,3.867,False,1,1,1.2,3.867
9,681,Coutinho,7,3,70,35,5.082,False,1,1,11.9,5.082
10,579,Ronaldo,1,4,122,35,6.044,False,1,1,20.7,6.044
11,444,Söndergaard,39,1,39,35,0.0,False,0,0,0.9,0.0
12,163,Delph,11,3,42,35,1.55,False,0,0,1.0,0.0
13,520,Scarlett,6,4,45,35,0.024,False,0,0,2.4,0.0
14,595,Locadia,36,4,44,35,0.0,False,0,0,0.9,0.0
