,player_id,web_name,team_code,element_type,now_cost,event,points_md,is_captain,multiplier,starting_lineup,selected_by_percent,gw_points
0,376,Foster,57,1,41,35,3.5210000000000004,False,1,1,19.5,3.5210000000000004
1,38,Mings,7,2,50,35,4.322,False,1,1,6.3,4.322
2,224,Matip,14,2,51,35,4.206,False,1,1,6.8,4.206
3,237,Alexander-Arnold,14,2,84,35,5.405,False,1,1,39.0,5.405
4,368,Sessegnon,6,2,43,35,3.997,False,1,1,0.1,3.997
5,588,Emerson Royal,6,2,45,35,4.062,False,1,1,1.6,4.062
6,233,Salah,14,3,133,35,6.555,True,2,1,59.0,13.11
7,359,Son,6,3,110,35,6.0329999999999995,False,1,1,26.4,6.0329999999999995
8,681,Coutinho,7,3,70,35,5.065,False,1,1,12.2,5.065
9,40,Watkins,7,4,74,35,4.718,False,1,1,9.2,4.718
10,579,Ronaldo,1,4,122,35,6.112,False,1,1,20.8,6.112
11,80,Raya,94,1,43,35,3.222,False,0,0,4.1,0.0
12,115,Brownhill,90,3,43,35,3.052,False,0,0,2.9,0.0
13,354,Sissoko,57,3,44,35,2.884,False,0,0,2.2,0.0
14,577,Gelhardt,2,4,47,35,1.4609999999999999,False,0,0,3.6,0.0
