,player_id,web_name,team_code,element_type,now_cost,event,points_md,is_captain,multiplier,starting_lineup,selected_by_percent,gw_points
0,102,Steele,36,1,39,29,7.621,False,1,1,1.5,7.621
1,139,Chilwell,8,2,60,29,7.547999999999999,False,1,1,9.5,7.547999999999999
2,332,Shaw,1,2,52,29,7.013,False,1,1,20.1,7.013
3,586,Estupiñán,36,2,48,29,7.436,False,1,1,11.3,7.436
4,107,March,36,3,51,29,9.134,False,1,1,9.4,9.134
5,261,Maddison,13,3,82,29,9.406,False,1,1,9.7,9.406
6,283,Salah,14,3,128,29,8.7,False,1,1,25.9,8.7
7,333,Fernandes,1,3,96,29,8.712,False,1,1,7.5,8.712
8,335,Rashford,1,3,73,29,9.982000000000001,True,2,1,52.7,19.964000000000002
9,40,Watkins,7,4,75,29,8.147,False,1,1,14.9,8.147
10,66,Solanke,91,4,55,29,8.027999999999999,False,1,1,1.9,8.027999999999999
11,590,Whitworth,31,1,40,29,1.071,False,0,0,0.1,0.0
12,165,Andersen,31,2,45,29,2.145,False,0,0,1.5,0.0
13,366,Schär,4,2,50,29,5.907,False,0,0,13.1,0.0
14,662,Cannon,11,4,45,29,0.0,False,0,0,0.0,0.0
