,player_id,web_name,team_code,element_type,now_cost,event,points_md,is_captain,multiplier,starting_lineup,selected_by_percent,gw_points
0,548,Mendy,8,1,51,30,4.802,False,1,1,7.6,4.802
1,123,James,8,2,50,30,4.673,False,1,1,6.2,4.673
2,197,Ayling,2,2,44,30,4.247,False,1,1,2.6,4.247
3,200,Dallas,2,2,51,30,4.629,False,1,1,25.3,4.629
4,300,Shaw,1,2,52,30,4.897,False,1,1,12.9,4.897
5,120,Mount,8,3,70,30,5.667999999999998,False,1,1,14.1,5.667999999999998
6,306,Rashford,1,3,95,30,5.165,False,1,1,8.9,5.165
7,570,Raphinha,2,3,56,30,4.574,False,1,1,16.1,4.574
8,164,Calvert-Lewin,11,4,76,30,4.432,False,1,1,35.8,4.432
9,388,Kane,6,4,115,30,6.245,True,2,1,45.0,12.49
10,514,Watkins,7,4,66,30,4.312,False,1,1,27.9,4.312
11,157,Pickford,11,1,48,30,4.23,False,0,0,5.0,0.0
12,156,Keane,11,2,51,30,4.0360000000000005,False,0,0,6.0,0.0
13,302,Fernandes,1,3,115,30,5.496,False,0,0,55.7,0.0
14,370,Ward-Prowse,20,3,59,30,4.038,False,0,0,10.0,0.0
