,player_id,web_name,team_code,element_type,now_cost,event,points_md,is_captain,multiplier,starting_lineup,selected_by_percent,gw_points
0,307,Ederson,43,1,54,20,6.455,False,1,1,13.4,6.455
1,357,Trippier,4,2,60,20,4.728,False,1,1,67.2,4.728
2,358,Burn,4,2,45,20,4.011,False,1,1,2.1,4.011
3,526,Mee,94,2,46,20,4.021,False,1,1,6.1,4.021
4,225,Rodrigo,2,3,63,20,5.747000000000001,False,1,1,6.4,5.747000000000001
5,301,De Bruyne,43,3,125,20,7.883999999999999,False,1,1,36.7,7.883999999999999
6,335,Rashford,1,3,70,20,5.979,False,1,1,36.9,5.979
7,369,Almirón,4,3,59,20,4.651,False,1,1,41.9,4.651
8,318,Haaland,43,4,122,20,10.335,True,2,1,84.9,20.67
9,345,Martial,1,4,66,20,6.149000000000001,False,1,1,4.8,6.149000000000001
10,427,Kane,6,4,116,20,6.776,False,1,1,28.3,6.776
11,254,Ward,13,1,41,20,3.681,False,0,0,31.2,0.0
12,90,Roerslev,94,2,43,20,3.658,False,0,0,0.1,0.0
13,533,Martínez,1,2,45,20,4.0089999999999995,False,0,0,5.8,0.0
14,45,Bailey,7,3,45,20,3.758,False,0,0,4.0,0.0
