,player_id,web_name,team_code,element_type,now_cost,event,points_md,is_captain,multiplier,starting_lineup,selected_by_percent,gw_points
0,281,Alisson,14,1,54,9,4.15,False,1,1,14.3,4.15
1,285,Alexander-Arnold,14,2,74,9,4.9060000000000015,False,1,1,36.9,4.9060000000000015
2,292,Tsimikas,14,2,45,9,3.8939999999999997,False,1,1,0.2,3.8939999999999997
3,306,Cancelo,43,2,72,9,4.331,False,1,1,51.3,4.331
4,19,Martinelli,3,3,66,9,4.05,False,1,1,47.7,4.05
5,261,Maddison,13,3,79,9,5.202000000000001,False,1,1,5.5,5.202000000000001
6,301,De Bruyne,43,3,123,9,5.624,False,1,1,32.5,5.624
7,465,Bowen,21,3,81,9,4.648,False,1,1,4.0,4.648
8,66,Solanke,91,4,57,9,4.101,False,1,1,0.5,4.101
9,210,Mitrović,54,4,69,9,4.944,False,1,1,30.4,4.944
10,318,Haaland,43,4,120,9,6.556,True,2,1,80.8,13.112
11,24,Turner,3,1,39,9,0.084,False,0,0,1.5,0.0
12,96,Goode,94,2,39,9,0.0,False,0,0,0.6,0.0
13,253,Vestergaard,13,2,39,9,0.005,False,0,0,7.0,0.0
14,383,Cafú,17,3,43,9,0.064,False,0,0,0.4,0.0
