,player_id,web_name,team_code,element_type,now_cost,event,points_md,is_captain,multiplier,starting_lineup,selected_by_percent,gw_points
0,307,Ederson,43,1,54,31,4.232,False,1,1,13.4,4.232
1,285,Alexander-Arnold,14,2,73,31,4.2989999999999995,False,1,1,17.7,4.2989999999999995
2,448,Perišić,6,2,53,31,4.431,False,1,1,15.8,4.431
3,733,Pedro Porro,6,2,48,31,5.194,False,1,1,0.7,5.194
4,13,Saka,3,3,86,31,5.4979999999999976,False,1,1,41.0,5.4979999999999976
5,189,Gray,11,3,52,31,4.379,False,1,1,0.6,4.379
6,283,Salah,14,3,128,31,5.995,False,1,1,26.3,5.995
7,305,Grealish,43,3,70,31,5.085,False,1,1,6.3,5.085
8,346,Andreas,54,3,43,31,3.866,False,1,1,13.2,3.866
9,318,Haaland,43,4,122,31,7.651,True,2,1,77.2,15.302
10,427,Kane,6,4,117,31,6.75,False,1,1,39.8,6.75
11,497,Adrián,14,1,38,31,0.0,False,0,0,0.6,0.0
12,328,Jones,1,2,38,31,0.0,False,0,0,0.6,0.0
13,343,B.Williams,1,2,38,31,0.21100000000000002,False,0,0,2.7,0.0
14,237,Greenwood,2,4,40,31,0.451,False,0,0,9.5,0.0
