,player_id,web_name,team_code,element_type,now_cost,event,points_md,is_captain,multiplier,starting_lineup,selected_by_percent,gw_points
0,8,Leno,3,1,49,18,4.224,False,1,1,8.6,4.224
1,17,Tierney,3,2,54,18,4.307,False,1,1,7.2,4.307
2,351,Baldock,49,2,50,18,3.4930000000000003,False,1,1,1.1,3.4930000000000003
3,556,Dias,43,2,58,18,4.606,False,1,1,8.2,4.606
4,24,Saka,3,3,53,18,4.148,False,1,1,7.9,4.148
5,37,Grealish,7,3,77,18,4.105,False,1,1,38.5,4.105
6,272,De Bruyne,43,3,116,18,6.827000000000001,True,2,1,21.5,13.654000000000002
7,302,Fernandes,1,3,112,18,5.989,False,1,1,51.3,5.989
8,306,Rashford,1,3,96,18,5.434,False,1,1,11.4,5.434
9,506,Wilson,4,4,65,18,4.25,False,1,1,16.4,4.25
10,514,Watkins,7,4,61,18,4.3210000000000015,False,1,1,8.2,4.3210000000000015
11,483,Ramsdale,49,1,47,18,3.764,False,0,0,2.1,0.0
12,273,Stones,43,2,50,18,4.32,False,0,0,5.4,0.0
13,298,Maguire,1,2,54,18,3.93,False,0,0,4.1,0.0
14,344,McGoldrick,49,4,52,18,3.4810000000000003,False,0,0,1.5,0.0
