,player_id,web_name,team_code,element_type,now_cost,event,points_md,is_captain,multiplier,starting_lineup,selected_by_percent,gw_points
0,81,Raya,94,1,45,4,3.7969999999999997,False,1,1,6.2,3.7969999999999997
1,146,James,8,2,61,4,4.862,False,1,1,43.5,4.862
2,285,Alexander-Arnold,14,2,75,4,6.325,False,1,1,48.7,6.325
3,526,Mee,94,2,46,4,3.969,False,1,1,3.6,3.969
4,13,Saka,3,3,79,4,5.735,False,1,1,15.4,5.735
5,19,Martinelli,3,3,64,4,4.94,False,1,1,41.4,4.94
6,104,Groß,36,3,57,4,4.335,False,1,1,8.8,4.335
7,283,Salah,14,3,130,4,8.527999999999999,True,2,1,59.9,17.055999999999997
8,293,Luis Díaz,14,3,80,4,6.631,False,1,1,21.6,6.631
9,80,Toney,94,4,72,4,4.842,False,1,1,16.8,4.842
10,103,Welbeck,36,4,65,4,4.032,False,1,1,1.6,4.032
11,307,Ederson,43,1,55,4,4.195,False,0,0,18.7,0.0
12,16,Gabriel,3,2,50,4,4.584,False,0,0,8.0,0.0
13,106,Dunk,36,2,45,4,3.6660000000000004,False,0,0,3.0,0.0
14,40,Watkins,7,4,74,4,4.354,False,0,0,4.0,0.0
