,can_transact,can_select,chance_of_playing_next_round,chance_of_playing_this_round,code,cost_change_event,cost_change_event_fall,cost_change_start,cost_change_start_fall,dreamteam_count,element_type,ep_next,ep_this,event_points,first_name,form,id,in_dreamteam,news,news_added,now_cost,photo,points_per_game,removed,second_name,selected_by_percent,special,squad_number,status,team,team_code,total_points,transfers_in,transfers_in_event,transfers_out,transfers_out_event,value_form,value_season,web_name,region,team_join_date,birth_date,has_temporary_code,opta_code,minutes,goals_scored,assists,clean_sheets,goals_conceded,own_goals,penalties_saved,penalties_missed,yellow_cards,red_cards,saves,bonus,bps,influence,creativity,threat,ict_index,clearances_blocks_interceptions,recoveries,tackles,defensive_contribution,starts,expected_goals,expected_assists,expected_goal_involvements,expected_goals_conceded,influence_rank,influence_rank_type,creativity_rank,creativity_rank_type,threat_rank,threat_rank_type,ict_index_rank,ict_index_rank_type,corners_and_indirect_freekicks_order,corners_and_indirect_freekicks_text,direct_freekicks_order,direct_freekicks_text,penalties_order,penalties_text,expected_goals_per_90,saves_per_90,expected_assists_per_90,expected_goal_involvements_per_90,expected_goals_conceded_per_90,goals_conceded_per_90,now_cost_rank,now_cost_rank_type,form_rank,form_rank_type,points_per_game_rank,points_per_game_rank_type,selected_rank,selected_rank_type,starts_per_90,clean_sheets_per_90,defensive_contribution_per_90
0,True,True,,,154561,0,0,2,-2,1,1,6.0,5.5,6,David,5.0,1,False,,,57,154561.jpg,5.1,False,Raya Martín,29.3,False,,a,1,3,46,1858779,62862,797453,11340,0.9,8.1,Raya,200.0,2024-07-04,1995-09-15,False,p154561,810,0,0,6,3,0,0,0,1,0,16,3,192,155.4,10.1,0.0,16.5,8,78,0,0,9,0.00,0.04,0.04,5.31,84,12,334,3,730,85,220,12,,,,,,,0.0,1.78,0.0,0.0,0.59,0.33,120,1,39,2,30,3,9,2,1.0,0.67,0.0
1,True,True,,,109745,-1,1,-3,3,0,1,1.0,0.5,0,Kepa,0.0,2,False,,,42,109745.jpg,0.0,False,Arrizabalaga Revuelta,0.5,False,,a,1,3,0,7145,87,55566,776,0.0,0.0,Arrizabalaga,200.0,2025-07-01,1994-10-03,False,p109745,0,0,0,0,0,0,0,0,0,0,0,0,0,0.0,0.0,0.0,0.0,0,0,0,0,0,0.00,0.00,0.00,0.00,542,75,527,61,496,49,543,75,,,,,,,0.0,0.0,0.0,0.0,0.0,0.0,608,38,507,70,551,75,238,34,0.0,0.0,0.0
2,True,False,0.0,0.0,463748,0,0,0,0,0,1,0.0,0.0,0,Karl,0.0,3,False,Has joined Werder Bremen on loan for the rest of the season.,2025-08-26T13:44:02.357864Z,40,463748.jpg,0.0,False,Hein,0.3,False,,u,1,3,0,5545,0,37363,554,0.0,0.0,Hein,67.0,2020-10-28,2002-04-13,False,p463748,0,0,0,0,0,0,0,0,0,0,0,0,0,0.0,0.0,0.0,0.0,0,0,0,0,0,0.00,0.00,0.00,0.00,505,60,490,46,458,34,506,60,,,,,,,0.0,0.0,0.0,0.0,0.0,0.0,655,65,469,55,515,60,310,44,0.0,0.0,0.0
3,True,True,,,551221,0,0,0,0,0,1,1.0,0.5,0,Tommy,0.0,4,False,,,40,551221.jpg,0.0,False,Setford,0.2,False,,a,1,3,0,15001,151,14361,404,0.0,0.0,Setford,241.0,2024-07-24,2006-03-13,False,p551221,0,0,0,0,0,0,0,0,0,0,0,0,0,0.0,0.0,0.0,0.0,0,0,0,0,0,0.00,0.00,0.00,0.00,525,71,510,57,479,45,526,71,,,,,,,0.0,0.0,0.0,0.0,0.0,0.0,682,76,490,66,535,71,350,53,0.0,0.0,0.0
4,True,True,100.0,75.0,226597,0,0,4,-4,2,2,11.8,8.5,9,Gabriel,10.8,5,True,,2025-10-24T14:00:07.880778Z,64,226597.jpg,7.6,False,dos Santos Magalhães,35.6,False,,a,1,3,68,2833502,107520,869296,41360,1.7,10.6,Gabriel,30.0,2020-09-01,1997-12-19,False,p226597,810,1,1,6,3,0,0,0,0,0,0,11,234,261.2,35.9,80.0,37.7,74,14,10,84,9,0.82,0.14,0.96,5.31,9,3,225,64,93,14,65,15,,,,,,,0.09,0.0,0.02,0.11,0.59,0.33,65,1,1,1,3,1,4,1,1.0,0.67,9.33
5,True,True,100.0,100.0,462424,0,0,0,0,0,2,4.5,4.0,1,William,3.5,6,False,,2025-09-01T10:30:07.602868Z,60,462424.jpg,4.0,False,Saliba,12.7,False,,a,1,3,32,720843,22822,1121986,18975,0.6,5.3,Saliba,73.0,2019-07-25,2001-03-24,False,p462424,544,0,0,4,1,0,0,0,0,0,0,1,145,133.2,23.5,10.0,16.7,37,26,8,45,7,0.13,0.19,0.32,3.79,113,50,267,88,308,103,218,70,,,,,,,0.02,0.0,0.03,0.05,0.63,0.17,87,5,97,38,87,36,34,12,1.16,0.66,7.44
6,True,True,,,466075,0,0,3,-3,2,2,5.8,5.3,6,Riccardo,4.8,7,True,,,58,466075.jpg,6.0,False,Calafiori,15.4,False,,a,1,3,54,1913594,39989,572693,12116,0.8,9.3,Calafiori,106.0,2024-07-29,2002-05-19,False,p466075,695,1,2,6,3,0,0,0,3,0,0,3,181,122.6,78.2,129.0,32.9,23,36,12,35,9,1.95,0.19,2.14,4.34,131,58,114,25,50,4,91,27,,,,,,,0.25,0.0,0.02,0.27,0.56,0.39,115,10,49,18,11,8,25,9,1.17,0.78,4.53
7,True,True,,,445122,0,0,5,-5,2,2,7.2,6.7,6,Jurriën,6.2,8,True,,,60,445122.jpg,6.7,False,Timber,23.0,False,,a,1,3,60,2686021,112312,493657,9541,1.0,10.0,J.Timber,152.0,2023-07-14,2001-06-17,False,p445122,701,2,2,5,3,0,0,0,2,0,0,7,230,219.6,171.6,191.0,58.4,24,27,29,53,8,1.89,0.60,2.49,4.21,29,11,37,7,19,1,12,1,,,,,,,0.24,0.0,0.08,0.32,0.54,0.39,86,4,15,6,4,2,14,6,1.03,0.64,6.8
8,True,False,0.0,0.0,440854,0,0,-1,1,0,2,0.0,0.0,0,Jakub,0.0,9,False,has joined Porto on loan for the rest of the season.,2025-09-02T13:37:25.929594Z,54,440854.jpg,0.0,False,Kiwior,0.1,False,,u,1,3,0,1119,0,10288,37,0.0,0.0,Kiwior,172.0,2023-01-23,2000-02-15,False,p440854,0,0,0,0,0,0,0,0,0,0,0,0,0,0.0,0.0,0.0,0.0,0,0,0,0,0,0.00,0.00,0.00,0.00,723,245,723,246,719,244,724,245,,,,,,,0.0,0.0,0.0,0.0,0.0,0.0,180,23,713,244,725,246,563,203,0.0,0.0,0.0
9,True,True,,,499169,0,0,-3,3,0,2,1.8,1.3,1,Myles,0.8,10,False,,,52,499169.jpg,0.8,False,Lewis-Skelly,1.7,False,,a,1,3,5,47432,1629,338164,3058,0.2,1.0,Lewis-Skelly,241.0,2022-12-04,2006-09-26,False,p499169,85,0,0,0,0,0,0,0,1,0,0,0,16,7.8,7.2,4.0,1.8,3,7,1,4,0,0.00,0.00,0.00,0.94,394,145,349,119,355,127,399,141,,,,,,,0.0,0.0,0.0,0.0,1.0,0.0,228,32,302,103,429,145,141,55,0.0,0.0,4.24
10,True,True,100.0,100.0,198869,0,0,-1,1,0,2,1.0,0.5,0,Benjamin,0.0,11,False,,2025-09-18T04:00:07.778280Z,54,198869.jpg,6.0,False,White,0.4,False,,a,1,3,6,30091,541,87844,809,0.0,1.1,White,241.0,2021-07-30,1997-10-08,False,p198869,70,0,0,1,0,0,0,0,0,0,0,0,23,15.4,11.3,1.0,2.8,6,4,2,8,1,0.01,0.01,0.02,0.87,369,136,327,114,374,134,386,136,,,,,,,0.01,0.0,0.01,0.02,1.12,0.0,168,20,708,242,9,7,260,98,1.29,1.29,10.29
11,True,True,,,563324,0,0,-1,1,0,2,1.0,0.5,0,Brayden,0.0,13,False,,,39,563324.jpg,0.0,False,Clarke,0.5,False,,a,1,3,0,26828,374,45127,967,0.0,0.0,Clarke,,,,False,p563324,0,0,0,0,0,0,0,0,0,0,0,0,0,0.0,0.0,0.0,0.0,0,0,0,0,0,0.00,0.00,0.00,0.00,461,175,443,174,410,164,461,174,,,,,,,0.0,0.0,0.0,0.0,0.0,0.0,735,236,424,164,470,177,242,89,0.0,0.0,0.0
12,True,False,0.0,0.0,588793,0,0,-1,1,0,2,0.0,0.0,0,Maldini,0.0,14,False,has joined Morecambe on loan for the rest of the season.,2025-09-22T21:14:30.857843Z,39,588793.jpg,0.0,False,Kacurri,0.1,False,,u,1,3,0,10218,0,18093,328,0.0,0.0,Kacurri,,,,False,p588793,0,0,0,0,0,0,0,0,0,0,0,0,0,0.0,0.0,0.0,0.0,0,0,0,0,0,0.00,0.00,0.00,0.00,465,178,447,177,414,167,465,177,,,,,,,0.0,0.0,0.0,0.0,0.0,0.0,740,240,428,167,474,180,415,156,0.0,0.0,0.0
13,True,True,,,499167,0,0,-1,1,0,2,1.0,0.5,0,Josh,0.0,15,False,,,39,499167.jpg,0.0,False,Nichols,0.2,False,,a,1,3,0,12911,88,15697,430,0.0,0.0,Nichols,241.0,2024-07-24,2006-07-26,False,p499167,0,0,0,0,0,0,0,0,0,0,0,0,0,0.0,0.0,0.0,0.0,0,0,0,0,0,0.00,0.00,0.00,0.00,449,164,431,163,398,153,449,163,,,,,,,0.0,0.0,0.0,0.0,0.0,0.0,722,224,411,152,458,166,363,129,0.0,0.0,0.0
14,True,True,100.0,100.0,223340,0,0,0,0,0,3,6.0,5.5,3,Bukayo,5.0,16,False,,2025-08-23T22:30:05.759392Z,100,223340.jpg,4.3,False,Saka,16.6,False,,a,1,3,30,1949449,58401,1792469,18792,0.5,3.0,Saka,241.0,2018-11-28,2001-09-05,False,p223340,501,2,0,4,1,0,0,0,0,0,0,2,109,132.2,196.3,143.0,47.1,2,32,9,43,6,1.31,2.01,3.32,3.57,115,40,27,23,42,23,28,21,1.0,,4.0,,1.0,,0.24,0.0,0.36,0.6,0.64,0.18,5,3,42,18,64,26,24,9,1.08,0.72,7.72
15,True,True,0.0,0.0,184029,0,0,-1,1,0,3,0.0,0.0,0,Martin,1.2,17,False,Knee injury - Unknown return date,2025-10-04T20:00:07.945438Z,79,184029.jpg,2.2,False,Ødegaard,1.5,False,,i,1,3,13,133006,38,399669,3627,0.2,1.6,Ødegaard,161.0,2021-08-20,1998-12-17,False,p184029,201,0,1,1,1,0,0,0,0,0,0,0,47,43.0,65.0,22.0,13.0,6,10,3,19,4,0.14,0.81,0.95,2.36,289,128,146,99,261,144,262,132,3.0,,2.0,,3.0,,0.06,0.0,0.36,0.42,1.06,0.45,17,12,254,129,251,113,151,52,1.79,0.45,8.51
16,True,True,0.0,0.0,248857,0,0,-1,1,0,3,0.0,0.0,0,Noni,0.0,18,False,Knee injury - Unknown return date,2025-09-21T22:30:05.839272Z,69,248857.jpg,2.0,False,Madueke,0.6,False,,i,1,3,10,148874,27,220357,1539,0.0,1.4,Madueke,241.0,2025-07-18,2002-03-10,False,p248857,304,0,0,2,2,0,0,0,0,0,0,0,39,30.2,111.7,105.0,24.6,1,10,3,14,4,0.29,0.86,1.15,2.04,322,145,68,50,64,37,141,74,,,,,,,0.09,0.0,0.25,0.34,0.6,0.59,41,25,739,328,279,132,214,69,1.18,0.59,4.14
17,True,True,,,444145,0,0,-1,1,0,3,2.0,1.5,1,Gabriel,1.0,19,False,,,69,444145.jpg,2.0,False,Martinelli Silva,1.2,False,,a,1,3,16,90247,2837,131640,3207,0.1,2.3,Martinelli,30.0,2019-07-15,2001-06-18,False,p444145,214,1,0,1,0,0,0,0,0,0,0,1,56,51.0,30.6,93.0,17.5,3,10,3,16,2,0.75,0.08,0.83,1.97,266,118,241,146,80,46,212,109,,,,,,,0.32,0.0,0.03,0.35,0.83,0.0,42,26,280,137,280,133,165,59,0.84,0.42,6.73
18,True,True,100.0,100.0,116216,0,0,-1,1,0,3,5.5,5.0,3,Leandro,4.5,20,False,,2025-08-29T18:30:07.885490Z,69,116216.jpg,3.6,False,Trossard,0.4,False,,a,1,3,25,30641,2567,29721,1000,0.7,3.6,Trossard,21.0,2023-01-20,1994-12-04,False,p116216,462,1,1,3,2,0,0,0,0,0,0,2,82,81.4,107.7,146.0,33.5,6,14,3,23,5,1.60,0.69,2.29,2.80,203,86,70,52,39,21,86,50,,,,,4.0,,0.31,0.0,0.13,0.44,0.55,0.39,38,23,56,24,114,46,261,89,0.97,0.58,4.48
19,True,True,100.0,100.0,204480,0,0,1,-1,1,3,8.5,8.0,7,Declan,7.5,21,True,,2025-10-04T20:00:07.968078Z,66,204480.jpg,5.6,False,Rice,13.0,False,,a,1,3,50,1139097,86853,609480,11535,1.1,7.6,Rice,241.0,2023-07-15,1999-01-14,False,p204480,713,1,4,5,3,0,0,0,0,0,0,7,191,193.2,266.7,72.0,53.2,20,34,9,63,8,0.87,1.85,2.72,4.59,49,16,6,6,109,65,18,13,2.0,,1.0,,,,0.11,0.0,0.23,0.34,0.58,0.38,50,34,6,3,19,6,32,13,1.01,0.63,7.95
20,True,True,,,195384,0,0,-1,1,0,3,3.2,2.7,1,Mikel,2.2,22,False,,,59,195384.jpg,2.1,False,Merino Zazón,0.6,False,,a,1,3,17,76222,999,91814,2785,0.4,2.9,Merino,200.0,2024-08-27,1996-06-22,False,p195384,278,1,0,2,1,0,0,0,0,0,0,0,61,73.0,45.1,68.0,18.3,9,17,7,33,3,0.34,0.13,0.47,1.78,216,93,195,125,116,71,210,107,,,,,,,0.11,0.0,0.04,0.15,0.58,0.32,98,65,164,80,257,116,222,73,0.97,0.65,10.68
21,True,False,0.0,0.0,438098,0,0,-1,1,0,3,0.0,0.0,0,Fábio,0.0,23,False,has joined Hamburger on loan for the rest of the season.,2025-09-02T13:38:06.128321Z,54,438098.jpg,0.0,False,Ferreira Vieira,0.0,False,,u,1,3,0,933,0,4201,20,0.0,0.0,Fábio Vieira,173.0,2022-06-21,2000-05-30,False,p438098,0,0,0,0,0,0,0,0,0,0,0,0,0,0.0,0.0,0.0,0.0,0,0,0,0,0,0.00,0.00,0.00,0.00,722,316,722,317,718,316,723,317,,,,,,,0.0,0.0,0.0,0.0,0.0,0.0,179,110,712,310,724,317,650,270,0.0,0.0,0.0
22,True,True,100.0,100.0,128295,-1,1,-3,3,0,3,1.2,0.7,0,Christian,0.2,24,False,,2025-08-18T08:00:05.297235Z,52,128295.jpg,1.0,False,Nørgaard,0.1,False,,a,1,3,1,3608,90,54049,238,0.0,0.2,Nørgaard,58.0,2025-07-10,1994-03-10,False,p128295,1,0,0,0,0,0,0,0,0,0,0,0,3,1.0,0.0,0.0,0.1,1,1,0,2,0,0.00,0.00,0.00,0.00,427,201,713,312,706,309,429,202,,,,,,,0.0,0.0,0.0,0.0,0.0,0.0,218,135,376,174,399,190,397,131,0.0,0.0,180.0
23,True,True,,,499175,0,0,-3,3,0,3,1.2,0.7,0,Ethan,0.2,25,False,,,52,499175.jpg,1.5,False,Nwaneri,0.2,False,,a,1,3,6,9724,144,28005,433,0.0,1.2,Nwaneri,241.0,2022-09-17,2007-03-21,False,p499175,145,0,0,1,0,0,0,0,0,0,0,0,15,8.2,22.0,21.0,5.0,1,7,1,9,0,0.19,0.08,0.27,0.33,390,183,275,158,266,145,352,169,4.0,,3.0,,,,0.12,0.0,0.05,0.17,0.2,0.0,229,143,378,176,319,151,395,130,0.0,0.62,5.59
24,True,True,,,481655,0,0,0,0,1,3,4.2,3.7,5,Martín,3.2,26,False,,,55,481655.jpg,4.4,False,Zubimendi Ibáñez,3.9,False,,a,1,3,40,573160,7777,398241,14850,0.6,7.3,Zubimendi,200.0,2025-07-06,1999-02-02,False,p481655,771,2,0,6,3,0,0,0,1,0,0,3,167,170.8,126.3,47.0,34.5,27,30,17,74,8,0.26,0.89,1.15,4.89,72,23,60,46,170,99,78,47,,,,,,,0.03,0.0,0.1,0.13,0.57,0.35,151,96,105,47,57,22,88,29,0.93,0.7,8.64
25,True,False,0.0,0.0,588796,0,0,0,0,0,3,0.0,0.0,0,Ismeal,0.0,28,False,has joined Shrewsbury Town on loan for the rest of the season.,2025-09-02T13:24:41.013511Z,45,588796.jpg,0.0,False,Kabia,0.1,False,,u,1,3,0,6731,0,26913,227,0.0,0.0,Kabia,152.0,2024-09-14,2005-12-10,False,p588796,0,0,0,0,0,0,0,0,0,0,0,0,0,0.0,0.0,0.0,0.0,0,0,0,0,0,0.00,0.00,0.00,0.00,655,271,648,271,629,262,656,272,,,,,,,0.0,0.0,0.0,0.0,0.0,0.0,471,282,631,256,664,276,422,142,0.0,0.0,0.0
26,True,False,0.0,0.0,437742,0,0,0,0,0,3,0.0,0.0,0,Albert,0.0,29,False,has joined Hamburger permanently.,2025-09-02T13:40:53.094922Z,45,437742.jpg,0.0,False,Sambi Lokonga,0.1,False,,u,1,3,0,2952,0,12655,108,0.0,0.0,Sambi,21.0,2021-07-19,1999-10-22,False,p437742,0,0,0,0,0,0,0,0,0,0,0,0,0,0.0,0.0,0.0,0.0,0,0,0,0,0,0.00,0.00,0.00,0.00,615,239,607,239,588,230,616,240,,,,,,,0.0,0.0,0.0,0.0,0.0,0.0,420,248,591,224,624,244,536,196,0.0,0.0,0.0
27,True,True,0.0,0.0,219847,0,0,-2,2,0,4,0.0,0.0,0,Kai,0.0,30,False,Knee injury - Unknown return date,2025-08-20T13:00:06.498911Z,73,219847.jpg,1.0,False,Havertz,0.3,False,,i,1,3,1,8821,34,108009,294,0.0,0.1,Havertz,80.0,2023-06-28,1999-06-11,False,p219847,30,0,0,0,0,0,0,0,0,0,0,0,4,2.8,0.8,2.0,0.6,1,2,0,3,0,0.00,0.01,0.01,0.82,416,45,392,46,372,49,420,49,,,,,,,0.0,0.0,0.03,0.03,2.46,0.0,27,11,742,81,421,53,286,46,0.0,0.0,9.0
28,True,True,0.0,0.0,205651,0,0,-1,1,0,4,0.0,0.0,0,Gabriel,0.0,31,False,Knee injury - Expected back 30 Dec,2025-07-21T10:00:04.697564Z,64,205651.jpg,0.0,False,Fernando de Jesus,0.0,False,,i,1,3,0,1084,32,3565,42,0.0,0.0,G.Jesus,30.0,2022-07-04,1997-04-03,False,p205651,0,0,0,0,0,0,0,0,0,0,0,0,0,0.0,0.0,0.0,0.0,0,0,0,0,0,0.00,0.00,0.00,0.00,738,79,738,79,738,79,738,79,,,,,,,0.0,0.0,0.0,0.0,0.0,0.0,63,21,734,77,738,79,601,75,0.0,0.0,0.0
29,True,True,,,232413,0,0,1,-1,1,3,6.5,6.0,11,Eberechi,5.5,266,False,,,76,232413.jpg,4.5,False,Eze,13.6,False,,a,1,3,36,1441648,38390,1110808,20382,0.7,4.7,Eze,241.0,2025-08-23,1998-06-29,False,p232413,542,1,3,5,2,0,0,0,0,0,0,3,123,119.0,87.8,165.0,37.2,6,19,6,31,6,1.44,0.89,2.33,3.74,139,50,100,73,28,14,66,42,1.0,,1.0,,1.0,,0.24,0.0,0.15,0.39,0.62,0.33,21,14,29,12,54,20,31,12,1.0,0.83,5.15
30,True,True,,,500040,0,0,-1,1,0,2,1.5,1.0,1,Cristhian,0.5,662,False,,,54,500040.jpg,2.2,False,Mosquera,0.2,False,,a,1,3,13,22752,346,24102,541,0.1,2.4,Mosquera,200.0,2025-07-24,2004-06-27,False,p500040,292,0,0,1,2,0,0,0,0,0,0,1,64,67.0,13.4,8.0,8.9,20,13,8,28,2,0.00,0.09,0.09,1.52,227,90,316,110,314,105,309,105,,,,,,,0.0,0.0,0.03,0.03,0.47,0.62,187,25,337,115,241,90,379,138,0.62,0.31,8.63
31,True,True,,,224117,0,0,0,0,1,4,3.0,2.5,2,Viktor,2.0,666,False,,,90,224117.jpg,3.3,False,Gyökeres,22.4,False,,a,1,3,30,2295443,39201,2598898,71145,0.2,3.3,Gyökeres,206.0,2025-07-26,1998-06-04,False,p224117,756,3,0,5,3,0,0,0,1,0,0,2,104,121.6,73.4,275.0,46.9,7,18,2,27,9,3.58,0.49,4.07,4.39,136,13,126,10,5,4,30,6,,,,,2.0,,0.43,0.0,0.06,0.49,0.52,0.36,6,3,191,19,134,13,16,3,1.07,0.6,3.21
32,True,True,,,616077,0,0,-1,1,0,3,1.0,0.5,0,Max,0.0,700,False,,,44,616077.jpg,2.5,False,Dowman,0.3,False,,a,1,3,5,75921,853,49460,1860,0.0,1.1,Dowman,241.0,2025-07-22,2009-12-31,False,p616077,27,0,1,0,0,0,0,0,0,0,0,0,13,1.0,0.8,26.0,2.8,0,1,2,3,0,0.14,0.02,0.16,0.12,425,200,388,195,242,134,385,181,,,,,,,0.47,0.0,0.07,0.54,0.4,0.0,576,326,576,214,207,88,300,103,0.0,0.0,10.0
33,True,True,,,646243,0,0,0,0,0,3,1.0,0.5,0,Andre,0.0,711,False,,,45,646243.jpg,0.0,False,Harriman-Annous,0.0,False,,a,1,3,0,1017,13,712,15,0.0,0.0,Harriman-Annous,241.0,2025-07-22,2007-12-28,False,p646243,0,0,0,0,0,0,0,0,0,0,0,0,0,0.0,0.0,0.0,0.0,0,0,0,0,0,0.00,0.00,0.00,0.00,669,283,661,282,643,274,670,284,,,,,,,0.0,0.0,0.0,0.0,0.0,0.0,488,295,644,268,674,285,689,297,0.0,0.0,0.0
34,True,True,100.0,100.0,448104,0,0,-1,1,0,2,1.2,0.7,1,Piero,0.2,725,False,,2025-09-24T06:00:06.296709Z,54,448104.jpg,1.0,False,Hincapié,0.0,False,,a,1,3,1,3908,145,3491,73,0.0,0.2,Hincapie,62.0,2025-09-01,2002-01-09,False,p448104,8,0,0,0,0,0,0,0,0,0,0,0,4,0.0,0.3,0.0,0.0,0,0,0,0,0,0.00,0.00,0.00,0.01,724,246,405,147,720,245,725,246,,,,,,,0.0,0.0,0.0,0.0,0.11,0.0,183,24,384,135,408,138,636,218,0.0,0.0,0.0
35,True,True,100.0,100.0,98980,0,0,0,0,1,1,2.5,3.0,8,Emiliano,3.5,32,False,,2025-10-03T14:00:08.570704Z,50,98980.jpg,3.6,False,Martínez Romero,2.0,False,,a,2,7,25,184132,2615,150860,2789,0.7,5.0,Martinez,10.0,2020-09-16,1992-09-02,False,p98980,630,0,0,2,5,0,0,0,1,0,15,1,118,129.8,3.0,0.0,13.2,7,61,0,0,7,0.00,0.03,0.03,7.61,120,16,372,9,685,77,255,15,,,,,,,0.0,2.14,0.0,0.0,1.09,0.71,246,9,87,7,108,10,129,17,1.0,0.29,0.0
36,True,True,,,72147,0,0,-1,1,0,1,-1.0,-0.5,0,Marco,0.0,33,False,,,44,72147.jpg,3.5,False,Bizot,0.5,False,,a,2,7,7,75188,72,89793,941,0.0,1.6,M.Bizot,152.0,2025-07-15,1991-03-10,False,p72147,180,0,0,1,3,0,0,0,1,0,4,0,22,25.4,0.0,0.0,2.6,4,19,0,0,2,0.00,0.00,0.00,4.10,337,27,544,67,516,55,389,27,,,,,,,0.0,2.0,0.0,0.0,2.05,1.5,492,26,523,74,115,11,232,32,1.0,0.5,0.0
37,True,False,0.0,0.0,462492,0,0,0,0,0,1,0.0,0.0,0,Joe,0.0,34,False,Has joined Port Vale on loan for the rest of the season.,2025-08-12T07:40:37.843391Z,40,462492.jpg,0.0,False,Gauci,0.1,False,,u,2,7,0,0,0,13210,133,0.0,0.0,Gauci,13.0,2024-02-01,2000-07-04,False,p462492,0,0,0,0,0,0,0,0,0,0,0,0,0,0.0,0.0,0.0,0.0,0,0,0,0,0,0.00,0.00,0.00,0.00,504,59,489,45,457,33,505,59,,,,,,,0.0,0.0,0.0,0.0,0.0,0.0,654,64,468,54,514,59,423,65,0.0,0.0,0.0
38,True,False,0.0,0.0,462381,0,0,0,0,0,1,0.0,0.0,0,Filip,0.0,35,False,Has joined Stevenage permanently.,2025-07-30T14:08:21.698398Z,40,462381.jpg,0.0,False,Marschall,0.0,False,,u,2,7,0,0,0,987,15,0.0,0.0,Marschall,241.0,2021-12-13,2003-04-24,False,p462381,0,0,0,0,0,0,0,0,0,0,0,0,0,0.0,0.0,0.0,0.0,0,0,0,0,0,0.00,0.00,0.00,0.00,503,58,488,44,456,32,504,58,,,,,,,0.0,0.0,0.0,0.0,0.0,0.0,653,63,467,53,513,58,691,81,0.0,0.0,0.0
39,True,True,,,199796,0,0,1,-1,2,2,4.2,4.7,15,Matty,5.2,36,False,,,46,199796.jpg,5.1,False,Cash,4.9,False,,a,2,7,46,636710,13102,391503,6638,1.1,10.0,Cash,172.0,2020-09-03,1997-08-07,False,p199796,786,2,0,3,7,0,0,0,2,0,0,5,158,204.8,122.3,40.0,36.9,37,23,16,53,9,0.18,0.66,0.84,10.78,42,17,64,16,200,50,67,16,,,,,,,0.02,0.0,0.08,0.1,1.23,0.8,386,68,30,10,28,16,75,26,1.03,0.34,6.07
40,True,True,100.0,50.0,101188,0,0,0,0,0,2,3.2,1.9,6,Lucas,4.2,37,False,,2025-10-23T13:30:07.954318Z,45,101188.jpg,3.6,False,Digne,1.6,False,,a,2,7,32,118637,634,151128,6406,0.9,7.1,Digne,73.0,2022-01-13,1993-07-20,False,p101188,653,0,2,3,4,0,0,0,2,0,0,0,138,120.6,149.8,58.0,32.7,19,22,12,31,8,0.27,1.20,1.47,8.24,137,60,48,9,143,29,92,28,7.0,,2.0,,,,0.04,0.0,0.17,0.21,1.14,0.55,393,71,60,24,107,47,146,57,1.1,0.41,4.27
41,True,True,100.0,100.0,199798,-1,1,-1,1,0,2,2.5,3.0,8,Ezri,3.5,38,False,,2025-08-16T19:30:05.327199Z,44,199798.jpg,3.2,False,Konsa Ngoyo,9.0,False,,a,2,7,26,219409,3113,1422423,12726,0.8,5.9,Konsa,241.0,2019-07-11,1997-10-23,False,p199798,695,0,0,3,7,0,0,0,0,1,0,0,132,148.6,25.8,27.0,20.1,40,25,4,44,8,0.04,0.09,0.13,10.18,94,45,255,82,239,67,187,60,,,,,,,0.01,0.0,0.01,0.02,1.32,0.91,508,119,83,34,135,53,44,14,1.04,0.39,5.7
42,True,True,,,441302,0,0,-2,2,0,2,-0.2,0.3,1,Ian,0.8,39,False,,,43,441302.jpg,0.8,False,Maatsen,0.5,False,,a,2,7,5,18990,294,64535,809,0.2,1.2,Maatsen,152.0,2024-06-28,2002-03-10,False,p441302,154,0,0,0,4,0,0,0,1,0,0,0,31,44.0,67.2,14.0,12.6,13,12,4,17,1,0.15,0.20,0.35,3.48,284,107,140,34,286,89,268,91,,,,,,,0.09,0.0,0.12,0.21,2.03,2.34,594,150,285,94,425,141,247,93,0.58,0.0,9.94
43,True,True,100.0,100.0,149484,-1,1,-1,1,0,2,-0.8,-0.3,0,Tyrone,0.2,40,False,,2025-09-29T00:30:06.131830Z,44,149484.jpg,3.8,False,Mings,1.0,False,,a,2,7,23,121524,528,137540,1849,0.0,5.2,Mings,241.0,2019-07-08,1993-03-13,False,p149484,481,0,0,2,6,0,0,0,0,0,0,1,83,118.2,44.2,25.0,18.8,38,16,2,40,6,0.33,0.09,0.42,8.72,142,62,201,52,243,70,199,66,,,,,,,0.06,0.0,0.02,0.08,1.63,1.12,501,113,357,127,94,41,184,70,1.12,0.37,7.48
44,True,True,,,244954,0,0,-2,2,0,2,2.8,3.3,8,Pau,3.8,41,False,,,43,244954.jpg,3.0,False,Torres,0.3,False,,a,2,7,18,14433,651,34905,367,0.9,4.2,Pau,200.0,2023-07-12,1997-01-16,False,p244954,434,0,0,1,4,0,0,0,0,0,0,2,85,95.2,10.8,13.0,12.0,27,26,7,34,4,0.10,0.17,0.27,5.10,177,70,329,115,291,92,275,93,,,,,,,0.02,0.0,0.04,0.06,1.06,0.83,592,149,73,30,157,60,290,105,0.83,0.21,7.05
45,True,True,25.0,25.0,606798,0,0,-1,1,0,2,-0.2,-0.1,0,Andrés,0.0,42,False,Knock - 25% chance of playing,2025-10-23T13:30:07.986013Z,39,606798.jpg,0.0,False,García,0.3,False,,d,2,7,0,21517,179,23565,961,0.0,0.0,A.García,200.0,2025-01-21,2003-02-07,False,p606798,0,0,0,0,0,0,0,0,0,0,0,0,0,0.0,0.0,0.0,0.0,0,0,0,0,0,0.00,0.00,0.00,0.00,467,180,449,179,417,170,467,179,,,,,,,0.0,0.0,0.0,0.0,0.0,0.0,743,243,430,169,476,182,318,112,0.0,0.0,0.0
46,True,False,0.0,0.0,106468,0,0,0,0,0,2,0.0,0.0,0,Álex,0.0,43,False,Has joined Girona permanently.,2025-08-26T13:45:03.013808Z,40,106468.jpg,0.0,False,Moreno Lopera,2.6,False,,u,2,7,0,44476,0,777011,5019,0.0,0.0,Alex Moreno,200.0,2023-01-11,1993-06-08,False,p106468,0,0,0,0,0,0,0,0,0,0,0,0,0,0.0,0.0,0.0,0.0,0,0,0,0,0,0.00,0.00,0.00,0.00,477,183,461,182,429,173,477,182,,,,,,,0.0,0.0,0.0,0.0,0.0,0.0,622,161,440,172,486,185,115,43,0.0,0.0,0.0
47,True,True,,,515597,0,0,0,0,0,2,0.0,0.5,0,Lamare,1.0,44,False,,,40,515597.jpg,2.5,False,Bogarde,0.7,False,,a,2,7,15,74298,578,38540,1629,0.2,3.8,Bogarde,152.0,2021-01-07,2004-01-05,False,p515597,282,0,0,1,2,0,0,0,1,0,0,3,47,20.2,32.1,6.0,5.7,4,9,4,8,3,0.00,0.08,0.08,3.28,354,130,236,71,329,112,343,115,,,,,,,0.0,0.0,0.03,0.03,1.05,0.64,675,188,259,84,206,80,206,80,0.96,0.32,2.55
48,True,True,,,514315,0,0,0,0,0,2,-1.0,-0.5,0,Lino,0.0,45,False,,,40,514315.jpg,0.0,False,da Cruz Sousa,0.3,False,,a,2,7,0,12942,191,21181,402,0.0,0.0,Sousa,,,,False,p514315,0,0,0,0,0,0,0,0,0,0,0,0,0,0.0,0.0,0.0,0.0,0,0,0,0,0,0.00,0.00,0.00,0.00,519,199,504,199,472,190,520,199,,,,,,,0.0,0.0,0.0,0.0,0.0,0.0,674,187,483,189,529,202,304,109,0.0,0.0,0.0
49,True,False,0.0,0.0,587178,0,0,0,0,0,2,0.0,0.0,0,Yasin,0.0,46,False,has joined Anderlecht on loan for the rest of the season.,2025-09-22T21:15:59.805053Z,40,587178.jpg,0.0,False,Özcan,0.1,False,,u,2,7,0,4656,0,16690,255,0.0,0.0,Yasin,219.0,2025-06-01,2006-04-20,False,p587178,0,0,0,0,0,0,0,0,0,0,0,0,0,0.0,0.0,0.0,0.0,0,0,0,0,0,0.00,0.00,0.00,0.00,534,209,519,209,488,201,535,209,,,,,,,0.0,0.0,0.0,0.0,0.0,0.0,691,199,499,200,543,211,396,147,0.0,0.0,0.0
50,True,True,100.0,100.0,244850,0,0,-2,2,0,3,4.0,4.5,3,Morgan,5.0,47,False,,2025-08-10T22:00:04.458365Z,68,244850.jpg,3.6,False,Rogers,4.9,False,,a,2,7,32,499190,7687,1033069,10958,0.7,4.7,Rogers,241.0,2024-02-01,2002-07-26,False,p244850,801,1,2,3,8,0,0,0,0,0,0,0,108,136.8,134.6,113.0,38.5,11,32,8,51,9,0.49,0.72,1.21,11.71,106,35,55,43,58,32,61,39,,,,,,,0.06,0.0,0.08,0.14,1.32,0.9,45,29,41,17,113,45,74,22,1.01,0.34,5.73
51,True,True,25.0,25.0,166989,0,0,-1,1,0,3,-0.2,-0.1,0,Youri,0.0,48,False,Calf injury - 25% chance of playing,2025-09-14T22:00:07.795199Z,59,166989.jpg,2.0,False,Tielemans,0.6,False,,d,2,7,8,46667,8,235690,1228,0.0,1.4,Tielemans,21.0,2023-06-14,1997-05-07,False,p166989,315,0,0,1,4,0,0,0,0,0,0,0,46,34.2,74.2,29.0,13.8,4,12,5,21,4,0.13,0.37,0.50,6.48,312,140,122,87,236,133,245,123,3.0,,,,4.0,,0.04,0.0,0.11,0.15,1.85,1.14,95,62,728,322,276,129,217,70,1.14,0.29,6.0
52,True,False,0.0,0.0,215711,0,0,0,0,0,3,0.0,0.0,0,Leon,0.0,49,False,Has joined AS Roma on loan for the rest of the season.,2025-08-20T13:31:56.843157Z,55,215711.jpg,0.0,False,Bailey,0.1,False,,u,2,7,0,2168,0,47087,89,0.0,0.0,Bailey,107.0,2021-08-04,1997-08-09,False,p215711,0,0,0,0,0,0,0,0,0,0,0,0,0,0.0,0.0,0.0,0.0,0,0,0,0,0,0.00,0.00,0.00,0.00,729,321,729,322,727,321,730,322,8.0,,4.0,,,,0.0,0.0,0.0,0.0,0.0,0.0,144,91,721,317,730,322,489,167,0.0,0.0,0.0
53,True,True,,,195546,0,0,-2,2,1,3,4.8,5.3,4,Emiliano,5.8,50,False,,,53,195546.jpg,3.5,False,Buendía Stati,0.3,False,,a,2,7,28,35299,2965,26192,931,1.1,5.3,Buendía,10.0,2021-06-10,1996-12-25,False,p195546,365,2,2,1,3,0,0,0,2,0,0,4,88,130.4,90.5,93.0,31.5,8,20,12,40,3,0.78,0.64,1.42,4.30,117,41,97,70,77,43,97,53,,,,,,,0.19,0.0,0.16,0.35,1.06,0.74,201,127,21,9,118,47,327,112,0.74,0.25,9.86
54,True,False,0.0,0.0,469247,0,0,0,0,0,3,0.0,0.0,0,Samuel,0.0,51,False,has joined West Bromwich Albion on loan for the rest of the season,2025-09-22T21:15:59.838578Z,55,469247.jpg,0.0,False,Iling-Junior,0.0,False,,u,2,7,0,1383,0,3456,37,0.0,0.0,Iling Jr,241.0,2024-07-01,2003-10-04,False,p469247,0,0,0,0,0,0,0,0,0,0,0,0,0,0.0,0.0,0.0,0.0,0,0,0,0,0,0.00,0.00,0.00,0.00,730,322,730,323,728,322,731,323,,,,,,,0.0,0.0,0.0,0.0,0.0,0.0,150,95,723,319,731,323,647,269,0.0,0.0,0.0
55,True,True,,,204646,0,0,-4,4,1,3,3.8,4.3,1,Donyell,4.8,53,False,,,51,204646.jpg,2.8,False,Malen,0.8,False,,a,2,7,25,67398,1884,188338,2880,0.9,4.9,Malen,152.0,2025-01-14,1999-01-19,False,p204646,292,2,0,0,6,0,0,0,0,0,0,3,69,82.4,44.6,89.0,20.9,1,6,3,10,3,0.85,0.13,0.98,4.48,200,83,199,128,84,49,178,93,,,,,,,0.26,0.0,0.04,0.3,1.38,1.85,237,148,47,20,192,80,197,65,0.92,0.0,3.08
56,True,True,,,122806,0,0,-1,1,0,3,2.5,3.0,3,John,3.5,54,False,,,54,122806.jpg,2.9,False,McGinn,0.7,False,,a,2,7,26,61230,1436,71427,1835,0.6,4.8,McGinn,243.0,2018-08-08,1994-10-18,False,p122806,709,1,0,4,6,0,0,0,1,0,0,0,120,104.0,157.8,49.0,31.2,13,31,9,53,9,0.91,1.09,2.00,9.56,158,59,44,35,165,96,99,54,6.0,,6.0,,,,0.12,0.0,0.14,0.26,1.21,0.76,162,100,92,37,180,74,207,66,1.14,0.51,6.73
57,True,True,100.0,100.0,88894,0,0,-2,2,0,3,-0.2,0.3,1,Ross,0.8,55,False,,2025-08-10T22:00:04.469618Z,48,88894.jpg,1.0,False,Barkley,0.0,False,,a,2,7,3,1212,105,7528,60,0.2,0.6,Barkley,241.0,2024-07-01,1993-12-05,False,p88894,30,0,0,0,0,0,0,0,0,0,0,0,8,8.4,4.7,7.0,2.0,2,3,1,6,0,0.16,0.00,0.16,0.77,388,181,361,188,319,168,394,186,,,,,,,0.48,0.0,0.0,0.48,2.31,0.0,356,222,292,139,381,177,600,237,0.0,0.0,18.0
58,True,False,0.0,0.0,491287,0,0,0,0,0,3,0.0,0.0,0,Enzo,0.0,56,False,Season-long loan to Benfica,2025-07-22T13:50:13.193555Z,50,491287.jpg,0.0,False,Barrenechea,0.0,False,,u,2,7,0,0,0,31,0,0.0,0.0,Barrenechea,,,,False,p491287,0,0,0,0,0,0,0,0,0,0,0,0,0,0.0,0.0,0.0,0.0,0,0,0,0,0,0.00,0.00,0.00,0.00,708,308,706,308,697,304,709,309,,,,,,,0.0,0.0,0.0,0.0,0.0,0.0,275,170,692,298,711,309,745,331,0.0,0.0,0.0
59,True,False,0.0,0.0,461421,0,0,0,0,0,3,0.0,0.0,0,Lewis,0.0,57,False,Has joined Preston North End on loan for the rest of the season.,2025-08-26T13:44:19.058961Z,50,461421.jpg,0.0,False,Dobbin,0.0,False,,u,2,7,0,889,0,5083,20,0.0,0.0,Dobbin,241.0,2024-06-23,2003-01-03,False,p461421,0,0,0,0,0,0,0,0,0,0,0,0,0,0.0,0.0,0.0,0.0,0,0,0,0,0,0.00,0.00,0.00,0.00,703,304,700,304,691,300,704,305,,,,,,,0.0,0.0,0.0,0.0,0.0,0.0,269,166,687,294,706,305,630,259,0.0,0.0,0.0
60,True,True,100.0,100.0,226944,0,0,-1,1,0,3,1.5,2.0,2,Boubacar,2.5,58,False,,2025-08-23T22:30:05.846310Z,49,226944.jpg,2.7,False,Kamara,0.2,False,,a,2,7,19,15117,409,22170,418,0.5,3.9,Kamara,73.0,2022-06-11,1999-11-23,False,p226944,474,0,2,2,4,0,0,0,2,0,0,1,104,122.4,82.3,24.0,22.8,17,26,13,56,6,0.07,0.37,0.43,5.86,133,47,109,79,249,137,156,80,,,,,,,0.01,0.0,0.07,0.08,1.11,0.76,314,196,142,70,198,82,382,128,1.14,0.38,10.63
61,True,True,100.0,100.0,449871,0,0,-2,2,0,3,1.0,1.5,3,Amadou,2.0,59,False,,2025-08-29T18:30:08.037987Z,48,449871.jpg,2.8,False,Onana,0.6,False,,a,2,7,14,64778,1247,191262,626,0.4,2.9,Onana,21.0,2024-07-22,2001-08-16,False,p449871,325,0,0,2,2,0,0,0,1,0,0,0,65,86.4,16.4,16.0,11.8,24,14,10,48,4,0.23,0.08,0.31,4.30,191,80,300,168,279,153,278,140,,,,,,,0.06,0.0,0.02,0.08,1.19,0.55,371,232,176,85,188,79,221,72,1.11,0.55,13.29
62,True,True,,,577731,0,0,0,0,0,3,-1.0,-0.5,0,Ben,0.0,60,False,,,45,577731.jpg,0.0,False,Broggio,0.3,False,,a,2,7,0,26915,409,29906,709,0.0,0.0,Broggio,241.0,2024-09-23,2007-01-29,False,p577731,0,0,0,0,0,0,0,0,0,0,0,0,0,0.0,0.0,0.0,0.0,0,0,0,0,0,0.00,0.00,0.00,0.00,654,270,647,270,628,261,655,271,,,,,,,0.0,0.0,0.0,0.0,0.0,0.0,470,281,630,255,663,275,291,100,0.0,0.0,0.0
63,True,False,0.0,0.0,151589,0,0,0,0,0,3,0.0,0.0,0,Leander,0.0,61,False,Has joined Real Oviedo permanently.,2025-08-20T13:31:56.822248Z,45,151589.jpg,0.0,False,Dendoncker,0.1,False,,u,2,7,0,2169,0,30248,157,0.0,0.0,Dendoncker,21.0,2022-09-01,1995-04-15,False,p151589,0,0,0,0,0,0,0,0,0,0,0,0,0,0.0,0.0,0.0,0.0,0,0,0,0,0,0.00,0.00,0.00,0.00,606,234,597,234,575,224,607,235,,,,,,,0.0,0.0,0.0,0.0,0.0,0.0,397,242,582,218,616,239,467,156,0.0,0.0,0.0
64,True,True,,,559962,0,0,0,0,0,3,-1.0,-0.5,0,Jamaldeen,0.0,62,False,,,45,559962.jpg,0.0,False,Jimoh-Aloba,0.1,False,,a,2,7,0,4877,94,5364,125,0.0,0.0,Jimoh-Aloba,241.0,2024-09-23,2006-10-02,False,p559962,0,0,0,0,0,0,0,0,0,0,0,0,0,0.0,0.0,0.0,0.0,0,0,0,0,0,0.00,0.00,0.00,0.00,643,264,636,264,617,255,644,265,,,,,,,0.0,0.0,0.0,0.0,0.0,0.0,458,274,619,249,652,269,528,191,0.0,0.0,0.0
65,True,True,,,537403,0,0,-1,1,0,3,-1.0,-0.5,0,Kadan,0.0,63,False,,,44,537403.jpg,0.0,False,Young,0.6,False,,a,2,7,0,52597,763,63853,1618,0.0,0.0,Young,,,,False,p537403,0,0,0,0,0,0,0,0,0,0,0,0,0,0.0,0.0,0.0,0.0,0,0,0,0,0,0.00,0.00,0.00,0.00,586,220,577,220,554,210,587,221,,,,,,,0.0,0.0,0.0,0.0,0.0,0.0,558,314,561,203,596,225,209,67,0.0,0.0,0.0
66,True,True,100.0,100.0,178301,-1,1,-5,5,0,4,2.2,2.7,2,Ollie,3.2,64,False,,2025-10-13T11:00:08.391124Z,85,178301.jpg,2.6,False,Watkins,6.9,False,,a,2,7,23,511246,3603,2669681,16661,0.4,2.7,Watkins,241.0,2020-09-09,1995-12-30,False,p178301,712,1,0,4,6,0,0,0,0,0,0,2,69,63.6,78.6,173.0,31.4,5,15,5,25,8,1.89,0.29,2.18,10.20,232,18,112,7,25,12,98,15,,,,,3.0,,0.24,0.0,0.04,0.28,1.29,0.76,10,5,113,11,205,21,55,11,1.01,0.51,3.16
67,True,False,0.0,0.0,576756,0,0,0,0,0,4,0.0,0.0,0,Zépiqueno,0.0,65,False,has joined Huddersfield Town on loan for the rest of the season.,2025-09-02T13:26:36.441136Z,45,576756.jpg,0.0,False,Redmond,0.4,False,,u,2,7,0,17574,0,75172,629,0.0,0.0,Redmond,,,,False,p576756,0,0,0,0,0,0,0,0,0,0,0,0,0,0.0,0.0,0.0,0.0,0,0,0,0,0,0.00,0.00,0.00,0.00,652,67,645,66,626,66,653,67,,,,,,,0.0,0.0,0.0,0.0,0.0,0.0,467,63,628,63,661,69,272,41,0.0,0.0,0.0
68,True,True,0.0,,444884,0,0,-1,1,0,3,0.0,-0.3,0,Harvey,0.2,389,False,Ineligible to face his parent club on 1/11. - Expected back 09 Nov,2025-10-25T23:00:08.101116Z,54,444884.jpg,1.0,False,Elliott,0.3,False,,n,2,7,4,88835,127,77800,2608,0.0,0.7,Elliott,241.0,2025-09-01,2003-04-04,False,p444884,97,0,0,0,2,0,0,0,0,0,0,0,13,8.6,17.8,18.0,4.4,2,3,0,5,1,0.19,0.06,0.25,1.74,387,180,294,166,273,148,360,173,,,,,,,0.18,0.0,0.06,0.24,1.61,1.86,181,111,383,179,407,195,302,104,0.93,0.0,4.64
69,True,True,100.0,100.0,209243,0,0,-1,1,0,3,-0.8,-0.3,1,Jadon,0.2,456,False,,2025-10-01T21:00:06.405442Z,59,209243.jpg,1.0,False,Sancho,0.2,False,,a,2,7,2,26037,307,29846,429,0.0,0.3,Sancho,241.0,2025-09-01,2000-03-25,False,p209243,52,0,0,0,0,0,0,0,0,0,0,0,4,8.8,5.1,63.0,7.7,1,1,0,2,0,0.29,0.06,0.35,0.45,386,179,359,187,130,79,322,158,,,,,,,0.5,0.0,0.1,0.6,0.78,0.0,99,66,387,182,417,201,376,127,0.0,0.0,3.46
70,True,True,,,485337,0,0,-2,2,0,3,0.5,1.0,1,Evann,1.5,677,False,,,63,485337.jpg,1.5,False,Guessand,0.0,False,,a,2,7,12,3608,66,7991,127,0.2,1.9,Guessand,54.0,2025-08-08,2001-07-01,False,p485337,358,0,0,1,4,0,0,0,0,0,0,0,41,50.2,21.7,52.0,12.4,5,20,15,40,4,0.32,0.31,0.63,5.70,269,119,278,160,161,95,270,136,,,,,,,0.08,0.0,0.08,0.16,1.43,1.01,75,52,227,109,322,153,597,235,1.01,0.25,10.06
71,True,True,,,481283,0,0,0,0,0,1,-1.0,-0.5,0,James,0.0,688,False,,,40,481283.jpg,0.0,False,Wright,0.5,False,,a,2,7,0,24312,48,18774,307,0.0,0.0,Wright,241.0,2023-03-31,2004-12-02,False,p481283,0,0,0,0,0,0,0,0,0,0,0,0,0,0.0,0.0,0.0,0.0,0,0,0,0,0,0.00,0.00,0.00,0.00,509,63,494,49,462,37,510,63,,,,,,,0.0,0.0,0.0,0.0,0.0,0.0,663,68,473,58,519,63,236,33,0.0,0.0,0.0
72,True,False,0.0,0.0,569577,0,0,0,0,0,2,0.0,0.0,0,Triston,0.0,701,False,has joined Annecy on loan for the rest of the season.,2025-09-22T21:15:59.825051Z,40,569577.jpg,0.0,False,Rowe,0.1,False,,u,2,7,0,8943,0,8398,171,0.0,0.0,Rowe,241.0,2024-09-23,2006-10-02,False,p569577,0,0,0,0,0,0,0,0,0,0,0,0,0,0.0,0.0,0.0,0.0,0,0,0,0,0,0.00,0.00,0.00,0.00,531,206,516,206,485,198,532,206,,,,,,,0.0,0.0,0.0,0.0,0.0,0.0,688,196,496,197,541,209,479,177,0.0,0.0,0.0
73,True,True,,,645618,0,0,0,0,0,3,-1.0,-0.5,0,Bradley,0.0,702,False,,,45,645618.jpg,1.0,False,Burrowes,0.1,False,,a,2,7,1,7001,45,5081,134,0.0,0.2,Burrowes,241.0,2025-01-09,2008-03-04,False,p645618,16,0,0,0,1,0,0,0,0,0,0,0,3,0.0,0.3,0.0,0.0,0,1,0,1,0,0.00,0.00,0.00,0.90,668,282,404,201,642,273,669,283,,,,,,,0.0,0.0,0.0,0.0,5.06,5.62,487,294,643,267,379,175,514,181,0.0,0.0,5.62
74,True,True,,,564505,0,0,0,0,0,1,-1.0,-0.5,0,Sam,0.0,703,False,,,40,564505.jpg,0.0,False,Proctor,0.2,False,,a,2,7,0,18872,16,9161,188,0.0,0.0,Proctor,241.0,2023-12-16,2006-12-21,False,p564505,0,0,0,0,0,0,0,0,0,0,0,0,0,0.0,0.0,0.0,0.0,0,0,0,0,0,0.00,0.00,0.00,0.00,528,72,513,58,482,46,529,72,,,,,,,0.0,0.0,0.0,0.0,0.0,0.0,685,77,493,67,538,72,332,49,0.0,0.0,0.0
75,True,True,,,534836,0,0,-1,1,0,2,-1.0,-0.5,0,Travis,0.0,710,False,,,39,534836.jpg,0.0,False,Patterson,0.2,False,,a,2,7,0,19741,2958,5549,674,0.0,0.0,Patterson,241.0,2025-08-30,2005-10-06,False,p534836,0,0,0,0,0,0,0,0,0,0,0,0,0,0.0,0.0,0.0,0.0,0,0,0,0,0,0.00,0.00,0.00,0.00,454,168,436,167,403,157,454,167,,,,,,,0.0,0.0,0.0,0.0,0.0,0.0,728,229,417,157,463,170,364,130,0.0,0.0,0.0
76,True,True,100.0,100.0,184667,0,0,0,0,0,2,-0.5,0.0,0,Victor,0.5,719,False,,2025-09-18T04:00:08.433120Z,45,184667.jpg,1.0,False,Lindelöf,0.0,False,,a,2,7,3,3509,117,1932,118,0.1,0.7,Lindelöf,206.0,2025-09-01,1994-07-17,False,p184667,21,0,0,0,0,0,0,0,0,0,0,0,9,3.0,0.4,0.0,0.4,1,0,0,1,0,0.00,0.00,0.00,0.64,413,148,399,145,578,225,423,148,,,,,,,0.0,0.0,0.0,0.0,2.74,0.0,402,76,320,112,374,133,607,212,0.0,0.0,4.29
77,True,True,,,518030,0,0,-1,1,0,1,-1.0,-0.5,0,Max,0.0,183,False,,,44,518030.jpg,0.0,False,Weiß,0.1,False,,a,3,90,0,3393,56,10847,153,0.0,0.0,Weiss,80.0,2025-06-25,2004-06-15,False,p518030,0,0,0,0,0,0,0,0,0,0,0,0,0,0.0,0.0,0.0,0.0,0,0,0,0,0,0.00,0.00,0.00,0.00,580,80,571,71,547,61,581,80,,,,,,,0.0,0.0,0.0,0.0,0.0,0.0,551,32,555,79,590,80,437,67,0.0,0.0,0.0
78,True,False,0.0,0.0,489571,0,0,0,0,0,1,0.0,0.0,0,Etienne,0.0,184,False,has joined FC Fredericia permanently.,2025-09-02T12:51:25.510909Z,40,489571.jpg,0.0,False,Green,0.2,False,,u,3,90,0,4943,0,25093,302,0.0,0.0,Green,241.0,2024-08-07,2000-07-19,False,p489571,0,0,0,0,0,0,0,0,0,0,0,0,0,0.0,0.0,0.0,0.0,0,0,0,0,0,0.00,0.00,0.00,0.00,511,65,496,51,464,39,512,65,,,,,,,0.0,0.0,0.0,0.0,0.0,0.0,665,70,475,60,521,65,334,50,0.0,0.0,0.0
79,True,True,,,51943,0,0,0,0,0,1,-1.0,-0.5,0,Václav,0.0,185,False,,,40,51943.jpg,0.0,False,Hladký,0.2,False,,a,3,90,0,5224,46,10338,156,0.0,0.0,Hladký,57.0,2024-07-19,1990-11-14,False,p51943,0,0,0,0,0,0,0,0,0,0,0,0,0,0.0,0.0,0.0,0.0,0,0,0,0,0,0.00,0.00,0.00,0.00,470,36,452,20,420,8,470,36,,,,,,,0.0,0.0,0.0,0.0,0.0,0.0,613,39,433,31,479,36,385,61,0.0,0.0,0.0
80,True,True,0.0,0.0,192290,0,0,-1,1,0,2,0.0,0.0,0,Connor,0.0,186,False,Achilles injury - Unknown return date,2025-08-22T12:30:06.986449Z,44,192290.jpg,0.0,False,Roberts,0.0,False,,i,3,90,0,788,9,7684,61,0.0,0.0,Roberts,244.0,2021-08-31,1995-09-23,False,p192290,0,0,0,0,0,0,0,0,0,0,0,0,0,0.0,0.0,0.0,0.0,0,0,0,0,0,0.00,0.00,0.00,0.00,560,224,549,225,522,219,561,224,,,,,,,0.0,0.0,0.0,0.0,0.0,0.0,506,117,530,218,569,226,608,213,0.0,0.0,0.0
81,True,True,,,58621,0,0,-1,1,1,2,3.2,3.7,3,Kyle,4.2,187,False,,,44,58621.jpg,3.1,False,Walker,1.6,False,,a,3,90,28,87881,1909,134661,2553,1.0,6.4,Walker,241.0,2025-07-05,1990-05-28,False,p58621,810,0,1,2,17,0,0,0,2,0,0,3,73,154.0,33.7,14.0,20.2,55,47,15,70,9,0.12,0.36,0.48,18.82,88,41,229,65,287,90,186,59,,,,,,,0.01,0.0,0.04,0.05,2.09,1.89,491,105,59,23,146,57,145,56,1.0,0.22,7.78
82,True,True,,,247245,0,0,-1,1,0,2,-1.0,-0.5,0,Hannes,0.0,188,False,,,39,247245.jpg,0.0,False,Delcroix,0.2,False,,a,3,90,0,10200,81,20121,317,0.0,0.0,Delcroix,92.0,2023-08-22,1999-02-28,False,p247245,0,0,0,0,0,0,0,0,0,0,0,0,0,0.0,0.0,0.0,0.0,0,0,0,0,0,0.00,0.00,0.00,0.00,439,156,421,155,387,144,439,155,,,,,,,0.0,0.0,0.0,0.0,0.0,0.0,711,215,401,144,448,158,330,118,0.0,0.0,0.0
83,True,False,0.0,0.0,461567,0,0,0,0,0,2,0.0,0.0,0,Owen,0.0,189,False,Has joined Stockport County on loan for the rest of the season.,2025-08-11T01:08:30.737822Z,40,461567.jpg,0.0,False,Dodgson,0.0,False,,u,3,90,0,0,0,2086,14,0.0,0.0,Dodgson,241.0,2021-08-20,2003-03-19,False,p461567,0,0,0,0,0,0,0,0,0,0,0,0,0,0.0,0.0,0.0,0.0,0,0,0,0,0,0.00,0.00,0.00,0.00,502,193,487,193,455,184,503,193,,,,,,,0.0,0.0,0.0,0.0,0.0,0.0,652,176,466,183,512,196,672,228,0.0,0.0,0.0
84,True,True,,,478969,0,0,0,0,0,2,-0.8,-0.3,1,Hjalmar,0.2,190,False,,,40,478969.jpg,2.9,False,Ekdal,1.2,False,,a,3,90,20,208699,201,106376,3813,0.0,5.0,Ekdal,206.0,2023-01-21,1998-10-21,False,p478969,533,0,0,1,12,0,0,0,0,0,0,1,47,130.2,26.4,61.0,21.7,52,14,8,60,6,0.15,0.16,0.31,11.29,118,52,253,81,135,23,169,56,,,,,,,0.03,0.0,0.03,0.06,1.91,2.03,662,181,350,121,174,68,161,59,1.01,0.17,10.13
85,True,True,,,477717,0,0,0,0,0,2,1.0,1.5,1,Maxime,2.0,191,False,,,40,477717.jpg,2.7,False,Estève,12.8,False,,a,3,90,24,448644,3741,1032276,15784,0.5,6.0,Estève,73.0,2024-06-14,2002-05-26,False,p477717,802,0,0,2,17,2,0,0,0,0,0,0,68,178.8,15.5,32.0,22.8,79,20,10,89,9,0.19,0.02,0.21,18.71,61,27,304,103,220,56,155,53,,,,,,,0.02,0.0,0.0,0.02,2.1,1.91,661,180,171,59,195,77,33,11,1.01,0.22,9.99
86,True,True,,,494960,0,0,0,0,0,2,4.0,4.5,7,Quilindschy,5.0,192,False,,,40,494960.jpg,3.8,False,Hartman,0.7,False,,a,3,90,34,68322,5403,46685,1000,1.2,8.5,Hartman,152.0,2025-06-26,2001-11-14,False,p494960,807,0,4,2,15,0,0,0,1,0,0,0,119,215.2,146.5,34.0,39.5,47,19,18,65,9,0.14,1.28,1.42,18.20,34,13,50,10,215,55,53,10,2.0,,,,,,0.02,0.0,0.14,0.16,2.03,1.67,670,185,33,12,93,40,201,78,1.0,0.22,7.25
87,True,True,100.0,100.0,461188,0,0,0,0,0,2,-1.0,-0.5,0,Bashir,0.0,193,False,,2025-08-10T22:00:04.557380Z,40,461188.jpg,0.0,False,Humphreys,0.1,False,,a,3,90,0,2058,58,4042,111,0.0,0.0,Humphreys,241.0,2025-07-01,2003-03-15,False,p461188,2,0,0,0,2,0,0,0,0,0,0,0,-5,0.2,0.0,0.0,0.0,0,0,0,0,0,0.00,0.00,0.00,0.62,428,149,484,191,452,182,500,191,,,,,,,0.0,0.0,0.0,0.0,27.9,90.0,649,174,463,181,509,194,534,193,0.0,0.0,0.0
88,True,True,0.0,0.0,241231,0,0,0,0,0,2,0.0,0.0,0,Jordan,0.0,194,False,Hamstring injury - Unknown return date,2025-08-22T12:30:07.019474Z,40,241231.jpg,0.0,False,Beyer,0.1,False,,i,3,90,0,927,1,12689,106,0.0,0.0,Jordan,80.0,2023-07-01,2000-05-19,False,p241231,0,0,0,0,0,0,0,0,0,0,0,0,0,0.0,0.0,0.0,0.0,0,0,0,0,0,0.00,0.00,0.00,0.00,494,189,478,188,446,179,494,188,,,,,,,0.0,0.0,0.0,0.0,0.0,0.0,640,168,457,178,503,191,508,185,0.0,0.0,0.0
89,True,True,,,549329,0,0,-1,1,0,2,-1.0,-0.5,0,Lucas,0.0,195,False,,,39,549329.jpg,0.0,False,Pires Silva,0.2,False,,a,3,90,0,9159,37,12037,221,0.0,0.0,Lucas Pires,30.0,2024-07-16,2001-03-24,False,p549329,0,0,0,0,0,0,0,0,0,0,0,0,0,0.0,0.0,0.0,0.0,0,0,0,0,0,0.00,0.00,0.00,0.00,460,174,442,173,409,163,460,173,,,,,,,0.0,0.0,0.0,0.0,0.0,0.0,734,235,423,163,469,176,381,140,0.0,0.0,0.0
90,True,False,0.0,0.0,450072,0,0,0,0,0,2,0.0,0.0,0,Shurandy,0.0,196,False,Has joined Sparta Rotterdam on loan for the rest of the season.,2025-08-19T13:36:42.853472Z,40,450072.jpg,0.0,False,Sambo,0.1,False,,u,3,90,0,202,0,8473,51,0.0,0.0,Sambo,152.0,2024-06-28,2001-08-19,False,p450072,0,0,0,0,0,0,0,0,0,0,0,0,0,0.0,0.0,0.0,0.0,0,0,0,0,0,0.00,0.00,0.00,0.00,499,191,483,190,451,181,499,190,,,,,,,0.0,0.0,0.0,0.0,0.0,0.0,648,173,462,180,508,193,572,207,0.0,0.0,0.0
91,True,True,,,519895,0,0,-1,1,0,2,-1.0,-0.5,0,Oliver,0.0,197,False,,,39,519895.jpg,1.0,False,Sonne,0.1,False,,a,3,90,3,4885,72,9045,175,0.0,0.8,Sonne,169.0,2025-01-01,2000-11-10,False,p519895,102,0,0,0,4,0,0,0,0,0,0,0,-2,7.6,16.4,6.0,3.0,1,3,1,2,1,0.03,0.08,0.11,3.31,395,146,299,101,327,110,384,135,,,,,,,0.03,0.0,0.07,0.1,2.92,3.53,727,228,416,156,363,126,411,155,0.88,0.0,1.76
92,True,True,100.0,100.0,180804,0,0,-1,1,0,2,1.5,2.0,1,Axel,2.5,198,False,,2025-08-22T12:30:07.036752Z,39,180804.jpg,3.3,False,Tuanzebe,1.8,False,,a,3,90,10,103860,1867,156087,2132,0.6,2.6,Tuanzebe,50.0,2025-07-01,1997-11-14,False,p180804,270,0,0,1,4,0,0,0,0,0,0,0,33,52.0,1.8,0.0,5.5,24,7,3,27,3,0.00,0.01,0.01,6.52,262,100,378,135,381,139,345,116,,,,,,,0.0,0.0,0.0,0.0,2.17,1.33,705,210,137,46,126,49,138,53,1.0,0.33,9.0
93,True,True,,,208912,0,0,-1,1,0,2,-0.8,-0.3,0,Joe,0.2,199,False,,,39,208912.jpg,1.0,False,Worrall,0.2,False,,a,3,90,4,14784,93,10464,340,0.1,1.0,Worrall,241.0,2024-08-23,1997-01-10,False,p208912,19,0,0,0,2,0,0,0,0,0,0,0,9,11.2,0.3,0.0,1.2,5,1,1,6,0,0.00,0.00,0.00,2.17,378,141,402,146,382,140,407,144,,,,,,,0.0,0.0,0.0,0.0,10.28,9.47,706,211,348,119,362,125,356,127,0.0,0.0,28.42
94,True,True,100.0,100.0,444180,0,0,2,-2,2,3,1.8,2.3,2,Jaidon,2.8,200,False,,2025-10-07T11:30:07.662899Z,57,444180.jpg,5.0,False,Anthony,7.0,False,,a,3,90,45,1104529,11260,325020,44962,0.5,7.9,Anthony,241.0,2025-07-01,1999-12-01,False,p444180,745,4,1,3,13,0,0,0,3,0,0,5,154,227.8,115.5,193.0,53.6,16,40,14,70,9,2.24,0.64,2.88,16.30,18,5,67,49,18,10,17,12,3.0,,1.0,,,,0.27,0.0,0.08,0.35,1.97,1.57,124,81,135,67,32,10,53,18,1.09,0.36,8.46
95,True,False,0.0,0.0,183751,0,0,-1,1,0,3,0.0,0.0,0,Manuel,0.0,201,False,has joined Swansea City on loan for the rest of the season.,2025-09-22T21:45:34.872207Z,54,183751.jpg,0.0,False,Benson Hedilazio,0.0,False,,u,3,90,0,1070,0,2835,26,0.0,0.0,Benson,6.0,2022-08-04,1997-03-28,False,p183751,0,0,0,0,0,0,0,0,0,0,0,0,0,0.0,0.0,0.0,0.0,0,0,0,0,0,0.00,0.00,0.00,0.00,719,314,719,315,715,314,720,315,,,,,,,0.0,0.0,0.0,0.0,0.0,0.0,166,102,707,308,721,315,663,280,0.0,0.0,0.0
96,True,True,100.0,100.0,179458,0,0,-2,2,0,3,0.2,0.7,2,Jacob,1.2,202,False,,2025-09-14T22:00:08.065375Z,53,179458.jpg,2.0,False,Bruun Larsen,0.0,False,,a,3,90,14,2453,40,4631,66,0.2,2.6,Bruun Larsen,58.0,2025-07-11,1998-09-19,False,p179458,360,0,1,1,9,0,0,0,0,0,0,0,40,41.6,44.9,44.0,13.0,6,8,2,16,4,0.15,0.46,0.61,8.19,292,129,196,126,180,105,260,130,,,,,2.0,,0.04,0.0,0.12,0.16,2.05,2.25,200,126,246,122,273,127,617,249,1.0,0.25,4.0
97,True,True,,,578614,0,0,-2,2,0,3,-1.0,-0.5,0,Enock,0.0,203,False,,,48,578614.jpg,0.0,False,Agyei,0.0,False,,a,3,90,0,1336,20,4342,74,0.0,0.0,Boateng,21.0,2023-01-30,2005-01-13,False,p578614,0,0,0,0,0,0,0,0,0,0,0,0,0,0.0,0.0,0.0,0.0,0,0,0,0,0,0.00,0.00,0.00,0.00,680,288,675,288,658,280,681,289,,,,,,,0.0,0.0,0.0,0.0,0.0,0.0,378,238,660,276,684,289,591,230,0.0,0.0,0.0
98,True,False,0.0,0.0,250735,0,0,-1,1,0,3,0.0,0.0,0,Darko,0.0,204,False,has joined Kocaelispor  permanently.,2025-09-02T12:51:25.524903Z,49,250735.jpg,0.0,False,Churlinov,0.0,False,,u,3,90,0,160,0,1892,10,0.0,0.0,Churlinov,,2022-08-19,2000-07-11,False,p250735,0,0,0,0,0,0,0,0,0,0,0,0,0,0.0,0.0,0.0,0.0,0,0,0,0,0,0.00,0.00,0.00,0.00,688,293,683,293,669,287,689,294,,,,,,,0.0,0.0,0.0,0.0,0.0,0.0,319,199,669,282,691,294,676,288,0.0,0.0,0.0
99,True,True,,,172567,0,0,0,0,1,3,2.8,3.3,2,Josh,3.8,205,False,,,50,172567.jpg,4.7,False,Cullen,2.5,False,,a,3,90,42,426715,5678,192308,8930,0.8,8.4,Cullen,104.0,2022-07-12,1996-04-07,False,p172567,770,1,1,3,14,1,0,0,0,0,0,5,177,220.6,128.1,42.0,39.2,47,37,18,102,9,0.23,0.67,0.90,16.80,26,9,59,45,190,110,56,36,1.0,,,,,,0.03,0.0,0.08,0.11,1.96,1.64,250,154,77,31,43,16,117,42,1.05,0.35,11.92
100,True,True,,,174592,0,0,-3,3,0,3,-1.0,-0.5,0,Marcus,0.0,206,False,,,47,174592.jpg,1.0,False,Edwards,0.1,False,,a,3,90,1,4178,237,9472,146,0.0,0.2,Edwards,241.0,2025-07-01,1998-12-03,False,p174592,5,0,0,0,0,0,0,0,0,0,0,0,3,0.0,0.0,0.0,0.0,0,0,0,0,0,0.00,0.00,0.00,0.00,671,284,663,283,646,275,672,285,4.0,,,,,,0.0,0.0,0.0,0.0,0.0,0.0,381,240,646,269,380,176,547,201,0.0,0.0,0.0
101,True,True,,,465527,0,0,-1,1,0,3,0.2,0.7,4,Hannibal,1.2,207,False,,,49,465527.jpg,2.0,False,Mejbri,0.1,False,,a,3,90,16,9142,105,14936,269,0.2,3.3,Hannibal,218.0,2024-08-28,2003-01-21,False,p465527,254,0,1,1,7,0,0,0,1,0,0,0,53,37.2,54.0,13.0,10.4,3,12,9,24,3,0.16,0.49,0.65,7.04,306,136,168,115,292,157,290,146,,,3.0,,,,0.06,0.0,0.17,0.23,2.49,2.48,331,206,242,118,266,120,431,146,1.06,0.35,8.5
102,True,False,0.0,0.0,487702,0,0,0,0,0,3,0.0,0.0,0,Luca,0.0,208,False,Has joined Espanyol on loan for the rest of the season.,2025-08-22T14:15:37.649817Z,50,487702.jpg,0.0,False,Koleosho,0.0,False,,u,3,90,0,68,0,2871,10,0.0,0.0,Koleosho,106.0,2023-07-25,2004-09-15,False,p487702,0,0,0,0,0,0,0,0,0,0,0,0,0,0.0,0.0,0.0,0.0,0,0,0,0,0,0.00,0.00,0.00,0.00,707,307,705,307,696,303,708,308,,,,,,,0.0,0.0,0.0,0.0,0.0,0.0,274,169,691,297,710,308,686,294,0.0,0.0,0.0
103,True,True,,,167887,0,0,-1,1,0,3,0.5,1.0,1,Josh,1.5,209,False,,,49,167887.jpg,1.4,False,Laurent,0.0,False,,a,3,90,13,1092,9,2274,48,0.3,2.7,Laurent,241.0,2024-08-30,1995-05-06,False,p167887,482,0,0,0,12,0,0,0,1,0,0,0,64,60.2,21.7,32.0,11.6,26,15,4,45,5,0.16,0.14,0.30,10.98,241,104,277,159,223,127,279,141,,,,,,,0.03,0.0,0.03,0.06,2.05,2.24,297,187,215,100,329,155,626,256,0.93,0.0,8.4
104,True,True,,,469272,0,0,-1,1,0,3,1.2,1.7,0,Loum,2.2,210,False,,,49,469272.jpg,2.4,False,Tchaouna,0.0,False,,a,3,90,19,3140,59,2836,121,0.4,3.9,Tchaouna,73.0,2025-07-02,2003-09-08,False,p469272,341,1,1,1,5,0,0,0,1,0,0,0,62,54.8,30.1,40.0,12.6,7,9,5,21,4,0.35,0.16,0.51,7.67,256,113,243,147,203,116,269,135,,,,,,,0.09,0.0,0.04,0.13,2.02,1.32,334,208,158,77,221,95,594,232,1.06,0.26,5.54
105,True,False,0.0,0.0,447715,0,0,-1,1,0,3,0.0,0.0,0,Aaron,0.0,211,False,has joined Leicester City on loan for the rest of the season.,2025-09-02T12:51:25.540742Z,44,447715.jpg,0.0,False,Ramsey,2.3,False,,u,3,90,0,62789,0,826482,5633,0.0,0.0,A.Ramsey,241.0,2023-08-22,2003-01-21,False,p447715,0,0,0,0,0,0,0,0,0,0,0,0,0,0.0,0.0,0.0,0.0,0,0,0,0,0,0.00,0.00,0.00,0.00,567,207,556,207,531,197,568,208,,,,,,,0.0,0.0,0.0,0.0,0.0,0.0,525,299,540,190,577,212,120,43,0.0,0.0,0.0
106,True,False,0.0,0.0,576323,0,0,0,0,0,3,0.0,0.0,0,Oluwaseun,0.0,212,False,Has joined Cercle Brugge on loan for the rest of the season.,2025-08-15T12:03:26.649417Z,45,576323.jpg,0.0,False,Adewumi,0.0,False,,u,3,90,0,0,0,2494,13,0.0,0.0,Adewumi,14.0,2024-08-29,2005-02-23,False,p576323,0,0,0,0,0,0,0,0,0,0,0,0,0,0.0,0.0,0.0,0.0,0,0,0,0,0,0.00,0.00,0.00,0.00,651,269,644,269,625,260,652,270,,,,,,,0.0,0.0,0.0,0.0,0.0,0.0,466,279,627,254,660,274,700,303,0.0,0.0,0.0
107,True,True,,,551206,0,0,0,0,0,3,-1.0,-0.5,0,Jaydon,0.0,213,False,,,45,551206.jpg,0.0,False,Banel,0.0,False,,a,3,90,0,3988,88,4156,110,0.0,0.0,Banel,152.0,2025-02-03,2004-10-19,False,p551206,0,0,0,0,0,0,0,0,0,0,0,0,0,0.0,0.0,0.0,0.0,0,0,0,0,0,0.00,0.00,0.00,0.00,639,261,632,261,613,252,640,262,,,,,,,0.0,0.0,0.0,0.0,0.0,0.0,453,271,615,246,648,266,585,224,0.0,0.0,0.0
108,True,True,,,437748,0,0,-1,1,0,3,-1.0,-0.5,0,Mike,0.0,214,False,,,44,437748.jpg,0.0,False,Trésor Ndayishimiye,0.1,False,,a,3,90,0,6755,85,7735,207,0.0,0.0,Trésor,21.0,2024-07-01,1999-05-28,False,p437748,0,0,0,0,0,0,0,0,0,0,0,0,0,0.0,0.0,0.0,0.0,0,0,0,0,0,0.00,0.00,0.00,0.00,565,206,554,206,528,196,566,207,,,,,,,0.0,0.0,0.0,0.0,0.0,0.0,522,298,537,189,575,211,505,178,0.0,0.0,0.0
109,True,True,,,431639,0,0,-2,2,1,4,3.0,3.5,13,Zian,4.0,215,False,,,53,431639.jpg,3.2,False,Flemming,0.1,False,,a,3,90,19,10391,2257,17086,310,0.8,3.6,Flemming,152.0,2025-06-01,1998-08-01,False,p431639,198,2,0,1,2,0,0,0,0,0,0,3,84,90.4,22.6,74.0,18.6,7,3,2,12,2,0.83,0.02,0.85,4.56,185,15,271,25,103,26,206,24,,,2.0,,,,0.38,0.0,0.01,0.39,2.07,0.91,207,44,68,9,143,14,432,61,0.91,0.45,5.45
110,True,True,0.0,0.0,492831,0,0,-1,1,0,4,0.0,0.0,0,Zeki,0.0,216,False,Knee injury - Unknown return date,2025-08-10T22:00:04.567659Z,49,492831.jpg,0.0,False,Amdouni,0.0,False,,i,3,90,0,849,27,4842,40,0.0,0.0,Amdouni,207.0,2023-07-19,2000-12-04,False,p492831,0,0,0,0,0,0,0,0,0,0,0,0,0,0.0,0.0,0.0,0.0,0,0,0,0,0,0.00,0.00,0.00,0.00,696,74,691,73,678,73,697,74,,,,,,,0.0,0.0,0.0,0.0,0.0,0.0,342,58,678,70,699,75,644,79,0.0,0.0,0.0
111,True,True,100.0,100.0,435973,0,0,0,0,0,4,1.5,2.0,7,Lyle,2.5,217,False,,2025-10-14T13:00:06.552171Z,50,435973.jpg,3.5,False,Foster,1.8,False,,a,3,90,28,379791,3654,241205,7614,0.5,5.6,Foster,198.0,2023-01-25,2000-09-03,False,p435973,578,2,1,2,12,0,0,0,2,0,0,4,114,117.2,76.5,84.0,27.4,11,15,5,31,7,1.30,0.13,1.43,11.48,144,14,120,9,89,24,120,18,,,,,,,0.2,0.0,0.02,0.22,1.79,1.87,268,52,143,14,117,12,137,20,1.09,0.31,4.83
112,True,True,,,44699,-1,1,-2,2,0,4,-0.8,-0.3,0,Ashley,0.2,218,False,,,43,44699.jpg,1.0,False,Barnes,1.3,False,,a,3,90,1,81492,1763,202034,3209,0.0,0.2,Barnes,241.0,2025-01-02,1989-10-30,False,p44699,7,0,0,0,0,0,0,0,0,0,0,0,3,0.2,0.3,0.0,0.1,0,1,0,1,0,0.00,0.00,0.00,0.34,429,51,403,48,497,50,428,51,,,,,1.0,,0.0,0.0,0.0,0.0,4.37,0.0,580,79,351,45,367,40,157,25,0.0,0.0,12.86
113,True,False,0.0,0.0,220598,0,0,-1,1,0,4,0.0,0.0,0,Michael,0.0,219,False,has joined VfL Bochum  on loan for the rest of the season.,2025-09-02T12:51:25.555230Z,44,220598.jpg,0.0,False,Obafemi,0.2,False,,u,3,90,0,4151,0,35491,323,0.0,0.0,Obafemi,104.0,2023-07-01,2000-07-06,False,p220598,0,0,0,0,0,0,0,0,0,0,0,0,0,0.0,0.0,0.0,0.0,0,0,0,0,0,0.00,0.00,0.00,0.00,561,54,550,53,523,53,562,54,,,,,,,0.0,0.0,0.0,0.0,0.0,0.0,512,67,532,50,570,56,394,57,0.0,0.0,0.0
114,True,True,100.0,100.0,67089,0,0,0,0,1,1,2.5,3.0,2,Martin,3.5,470,False,,2025-08-11T10:30:07.723845Z,40,67089.jpg,3.4,False,Dúbravka,34.4,False,,a,3,90,31,959180,12219,557017,11692,0.9,7.8,Dúbravka,194.0,2025-08-07,1989-01-15,False,p67089,810,0,0,2,17,0,0,0,0,0,38,2,141,290.6,0.0,0.0,29.2,15,74,0,0,9,0.00,0.00,0.00,18.82,3,1,454,22,422,10,111,2,,,,,,,0.0,4.22,0.0,0.0,2.09,1.89,615,41,82,6,119,12,5,1,1.0,0.22,0.0
115,True,True,100.0,100.0,503714,0,0,0,0,0,3,4.0,4.5,2,Lesley,5.0,676,False,,2025-09-14T22:00:08.706775Z,50,503714.jpg,3.1,False,Ugochukwu,0.1,False,,a,3,90,25,13055,795,5201,725,1.0,5.0,Ugochukwu,73.0,2025-08-06,2004-03-26,False,p503714,457,2,0,2,8,0,0,0,0,1,0,3,92,124.0,24.8,53.0,19.9,15,13,16,44,5,0.79,0.06,0.85,11.27,128,44,261,154,157,93,190,98,,,,,,,0.16,0.0,0.01,0.17,2.22,1.58,280,174,36,14,149,60,434,147,0.98,0.39,8.67
116,True,True,100.0,100.0,440323,0,0,-2,2,0,4,-0.5,0.0,0,Armando,0.5,680,False,,2025-08-22T12:30:07.403187Z,53,440323.jpg,1.0,False,Broja,0.1,False,,a,3,90,3,9513,139,23687,329,0.1,0.6,Broja,2.0,2025-08-08,2001-09-10,False,p440323,42,0,0,0,4,0,0,0,0,0,0,0,7,6.2,0.9,2.0,1.0,1,0,2,3,0,0.00,0.00,0.00,2.11,398,40,386,44,368,48,409,46,,,,,,,0.0,0.0,0.0,0.0,4.52,8.57,208,45,333,39,403,46,426,60,0.0,0.0,6.43
117,True,True,,,216055,0,0,0,0,0,3,3.5,4.0,2,Florentino Ibrain,4.5,722,False,,,50,216055.jpg,3.7,False,Morris Luís,0.1,False,,a,3,90,22,7255,431,1629,250,0.9,4.4,Florentino,173.0,2025-09-01,1999-08-19,False,p216055,477,0,1,1,11,0,0,0,1,0,0,0,84,118.0,64.4,5.0,18.8,25,22,22,69,5,0.05,0.08,0.13,10.84,143,51,147,100,342,178,200,102,,,,,,,0.01,0.0,0.02,0.03,2.05,2.08,260,160,55,23,103,38,555,205,0.94,0.19,13.02
118,True,False,0.0,0.0,69752,0,0,0,0,0,1,0.0,0.0,0,Norberto,0.0,66,False,Has joined Botafogo permanently.,2025-08-11T01:25:12.553868Z,45,69752.jpg,0.0,False,Murara Neto,0.1,False,,u,4,91,0,0,0,14488,81,0.0,0.0,Neto,30.0,2022-08-07,1989-07-19,False,p69752,0,0,0,0,0,0,0,0,0,0,0,0,0,0.0,0.0,0.0,0.0,0,0,0,0,0,0.00,0.00,0.00,0.00,605,82,596,73,573,63,606,82,,,,,,,0.0,0.0,0.0,0.0,0.0,0.0,391,21,581,81,615,82,510,77,0.0,0.0,0.0
119,True,True,,,457569,0,0,0,0,0,1,3.5,4.0,8,Đorđe,4.0,67,False,,,45,457569.jpg,4.1,False,Petrović,5.6,False,,a,4,91,37,567418,3997,277891,7776,0.9,8.2,Petrović,190.0,2025-07-16,1999-10-08,False,p457569,810,0,0,4,11,0,0,0,1,0,27,1,153,216.8,0.0,0.0,21.7,17,71,0,0,9,0.00,0.00,0.00,11.13,32,6,612,75,593,67,170,6,,,,,,,0.0,3.0,0.0,0.0,1.24,1.22,426,25,64,4,73,6,67,13,1.0,0.44,0.0
120,True,True,,,444172,0,0,0,0,0,1,-0.5,0.0,0,Will,0.0,68,False,,,40,444172.jpg,0.0,False,Dennis,1.0,False,,a,4,91,0,38561,275,45842,841,0.0,0.0,Dennis,241.0,2019-08-01,2000-07-10,False,p444172,0,0,0,0,0,0,0,0,0,0,0,0,0,0.0,0.0,0.0,0.0,0,0,0,0,0,0.00,0.00,0.00,0.00,497,55,481,41,449,29,497,55,,,,,,,0.0,0.0,0.0,0.0,0.0,0.0,646,60,460,50,506,55,178,25,0.0,0.0,0.0
121,True,True,,,568791,0,0,0,0,0,1,-0.5,0.0,0,Callan,0.0,69,False,,,40,568791.jpg,0.0,False,McKenna,0.2,False,,a,4,91,0,5777,57,8533,164,0.0,0.0,McKenna,243.0,2024-02-01,2006-12-22,False,p568791,0,0,0,0,0,0,0,0,0,0,0,0,0,0.0,0.0,0.0,0.0,0,0,0,0,0,0.00,0.00,0.00,0.00,530,73,515,59,484,47,531,73,,,,,,,0.0,0.0,0.0,0.0,0.0,0.0,687,78,495,68,540,73,361,55,0.0,0.0,0.0
122,True,False,0.0,0.0,495145,0,0,0,0,0,1,0.0,0.0,0,Alex,0.0,70,False,Has joined Lechia Gdansk on loan for the rest of the season.,2025-08-27T12:50:21.648936Z,40,495145.jpg,0.0,False,Paulsen,0.1,False,,u,4,91,0,1107,0,8052,76,0.0,0.0,Paulsen,154.0,2024-07-01,2002-07-04,False,p495145,0,0,0,0,0,0,0,0,0,0,0,0,0,0.0,0.0,0.0,0.0,0,0,0,0,0,0.00,0.00,0.00,0.00,516,67,501,53,469,41,517,67,,,,,,,0.0,0.0,0.0,0.0,0.0,0.0,671,72,480,62,526,67,504,76,0.0,0.0,0.0
123,True,False,0.0,0.0,477580,0,0,0,0,0,2,0.0,0.0,0,Illia,0.0,71,False,Has joined Paris Saint-Germain permanently.,2025-08-12T13:14:36.028170Z,50,477580.jpg,0.0,False,Zabarnyi,0.0,False,,u,4,91,0,0,0,7897,28,0.0,0.0,Zabarnyi,225.0,2023-01-31,2002-09-01,False,p477580,0,0,0,0,0,0,0,0,0,0,0,0,0,0.0,0.0,0.0,0.0,0,0,0,0,0,0.00,0.00,0.00,0.00,706,241,704,242,695,240,707,241,,,,,,,0.0,0.0,0.0,0.0,0.0,0.0,273,42,690,238,709,242,634,217,0.0,0.0,0.0
124,True,True,,,221466,0,0,5,-5,1,2,3.5,4.0,5,Marcos,4.0,72,False,,,50,221466.jpg,5.9,False,Senesi Barón,27.0,False,,a,4,91,53,3393592,34656,359510,29776,0.8,10.6,Senesi,10.0,2022-08-08,1997-05-10,False,p221466,797,0,2,4,11,0,0,0,3,0,0,6,172,288.4,69.1,29.0,38.7,99,33,14,113,9,0.16,1.12,1.28,10.85,4,1,137,32,231,61,60,13,,,,,,,0.02,0.0,0.13,0.15,1.23,1.24,261,40,66,27,12,9,12,4,1.02,0.45,12.76
125,True,True,100.0,100.0,54469,0,0,-1,1,0,2,-0.5,0.0,0,Adam,0.0,73,False,,2025-08-31T01:00:07.918421Z,44,54469.jpg,2.7,False,Smith,0.2,False,,a,4,91,8,14295,152,31168,141,0.0,1.8,Smith,241.0,2014-01-28,1991-04-29,False,p54469,204,0,0,1,3,0,0,0,0,0,0,0,28,17.8,14.0,4.0,3.6,10,3,1,11,3,0.00,0.09,0.09,2.56,361,133,310,107,345,119,377,131,,,,,,,0.0,0.0,0.04,0.04,1.13,1.32,490,104,522,213,196,78,388,143,1.32,0.44,4.85
126,True,True,,,494521,0,0,0,0,0,2,4.3,4.8,10,Adrien,4.8,74,False,,,45,494521.jpg,4.8,False,Truffert,2.3,False,,a,4,91,43,304971,4150,120959,3675,1.1,9.6,Truffert,73.0,2025-06-16,2001-11-20,False,p494521,810,0,1,4,11,0,0,0,0,0,0,6,153,174.8,131.6,20.0,32.6,44,44,17,61,9,0.06,0.50,0.56,11.13,67,30,57,12,268,81,93,29,,,,,,,0.01,0.0,0.06,0.07,1.24,1.22,438,94,44,16,37,19,122,46,1.0,0.44,6.78
127,True,True,,,541462,0,0,-1,1,0,2,-0.5,0.0,0,Matai,0.0,75,False,,,39,541462.jpg,0.0,False,Akinmboni,0.3,False,,a,4,91,0,10304,279,19246,329,0.0,0.0,Akinmboni,229.0,2025-01-03,2006-10-17,False,p541462,0,0,0,0,0,0,0,0,0,0,0,0,0,0.0,0.0,0.0,0.0,0,0,0,0,0,0.00,0.00,0.00,0.00,455,169,437,168,404,158,455,168,,,,,,,0.0,0.0,0.0,0.0,0.0,0.0,729,230,418,158,464,171,323,115,0.0,0.0,0.0
128,True,True,,,518906,0,0,-1,1,0,2,-0.5,0.0,0,Owen,0.0,76,False,,,39,518906.jpg,0.0,False,Bevan,0.2,False,,a,4,91,0,6207,92,10598,244,0.0,0.0,Bevan,244.0,2022-08-22,2003-10-26,False,p518906,0,0,0,0,0,0,0,0,0,0,0,0,0,0.0,0.0,0.0,0.0,0,0,0,0,0,0.00,0.00,0.00,0.00,453,167,435,166,402,156,453,166,,,,,,,0.0,0.0,0.0,0.0,0.0,0.0,726,227,415,155,462,169,387,142,0.0,0.0,0.0
129,True,True,,,463981,0,0,0,0,0,2,1.3,1.8,0,James,1.8,77,False,,,40,463981.jpg,2.4,False,Hill,0.9,False,,a,4,91,17,83192,714,67565,2165,0.4,4.2,Hill,241.0,2022-01-05,2002-01-10,False,p463981,273,0,0,2,3,0,0,0,1,0,0,0,61,44.0,5.3,41.0,9.1,20,9,4,24,2,0.12,0.19,0.31,3.13,283,106,357,123,193,45,304,102,,,,,,,0.04,0.0,0.06,0.1,1.03,0.99,656,177,192,65,217,83,189,71,0.66,0.66,7.91
130,True,True,100.0,100.0,436893,0,0,-1,1,0,2,-0.5,0.0,0,Julián,0.0,78,False,,2025-08-28T17:00:07.495624Z,39,436893.jpg,0.0,False,Araujo Zúñiga,0.7,False,,a,4,91,0,24078,358,84046,981,0.0,0.0,J.Araujo,139.0,2024-08-13,2001-08-13,False,p436893,0,0,0,0,0,0,0,0,0,0,0,0,0,0.0,0.0,0.0,0.0,0,0,0,0,0,0.00,0.00,0.00,0.00,440,157,422,156,389,146,440,156,,,,,,,0.0,0.0,0.0,0.0,0.0,0.0,713,217,402,145,449,159,200,77,0.0,0.0,0.0
131,True,False,0.0,0.0,223911,0,0,0,0,0,2,0.0,0.0,0,Chris,0.0,79,False,has joined West Bromwich Albion permanently.,2025-09-02T12:54:34.562307Z,40,223911.jpg,0.0,False,Mepham,0.1,False,,u,4,91,0,1400,0,14151,137,0.0,0.0,Mepham,244.0,2019-01-22,1997-11-05,False,p223911,0,0,0,0,0,0,0,0,0,0,0,0,0,0.0,0.0,0.0,0.0,0,0,0,0,0,0.00,0.00,0.00,0.00,490,188,474,187,442,178,490,187,,,,,,,0.0,0.0,0.0,0.0,0.0,0.0,636,167,453,177,499,190,482,178,0.0,0.0,0.0
132,True,True,100.0,100.0,575901,0,0,0,0,0,2,-0.5,0.0,0,Julio,0.0,80,False,,2025-10-16T08:00:09.313004Z,40,575901.jpg,1.0,False,Soler Barreto,0.2,False,,a,4,91,1,8462,182,18121,319,0.0,0.2,Soler,10.0,2025-01-07,2005-02-16,False,p575901,1,0,0,0,0,0,0,0,0,0,0,0,2,0.0,0.0,0.0,0.0,0,0,0,0,0,0.00,0.00,0.00,0.00,532,207,517,207,486,199,533,207,,,,,,,0.0,0.0,0.0,0.0,0.0,0.0,689,197,497,198,366,129,341,121,0.0,0.0,0.0
133,True,True,100.0,100.0,222683,0,0,0,0,0,3,2.5,3.0,2,Justin,3.0,81,False,,2025-08-10T22:00:04.480285Z,70,222683.jpg,2.0,False,Kluivert,1.1,False,,a,4,91,16,119251,2746,111959,5462,0.4,2.3,Kluivert,152.0,2023-07-01,1999-05-05,False,p222683,302,1,0,1,5,0,0,0,1,0,0,1,54,64.4,98.5,46.0,20.9,4,13,4,21,3,0.42,0.68,1.10,4.86,231,100,86,63,173,100,179,94,3.0,,,,1.0,,0.13,0.0,0.2,0.33,1.45,1.49,33,19,130,62,281,134,171,60,0.89,0.3,6.26
134,True,True,,,437730,0,0,11,-11,3,3,7.5,8.0,3,Antoine,8.0,82,True,,,81,437730.jpg,8.1,False,Semenyo,64.5,False,,a,4,91,73,7115100,44777,593113,31811,1.0,9.0,Semenyo,81.0,2023-01-27,2000-01-07,False,p437730,810,6,4,4,11,0,0,0,2,0,0,9,211,320.0,148.5,256.0,72.6,8,49,14,71,9,3.81,0.44,4.25,11.13,2,1,49,38,7,3,4,3,,,,,3.0,,0.42,0.0,0.05,0.47,1.24,1.22,13,8,3,1,2,1,2,1,1.0,0.44,7.89
135,True,True,,,201658,0,0,0,0,2,3,4.5,5.0,11,Marcus,5.0,84,False,,,55,201658.jpg,4.8,False,Tavernier,1.3,False,,a,4,91,43,272091,8063,194460,3233,0.9,7.8,Tavernier,241.0,2022-08-01,1999-03-22,False,p201658,676,2,1,5,7,0,0,0,0,0,0,6,125,160.2,169.3,133.0,46.4,15,36,12,63,8,1.01,1.22,2.23,7.52,82,27,40,33,46,27,31,23,1.0,,1.0,,,,0.13,0.0,0.16,0.29,1.0,0.93,143,90,37,15,39,13,158,55,1.07,0.67,8.39
136,True,True,,,200785,0,0,0,0,0,3,2.7,3.2,6,Tyler,3.2,85,False,,,50,200785.jpg,3.0,False,Adams,0.4,False,,a,4,91,27,40305,660,37663,872,0.6,5.4,Adams,229.0,2023-08-20,1999-02-14,False,p200785,784,0,1,4,10,0,0,0,4,0,0,0,143,153.0,49.3,55.0,25.8,36,48,26,110,9,0.17,0.20,0.37,10.62,89,28,182,123,150,88,130,67,,,4.0,,,,0.02,0.0,0.02,0.04,1.22,1.15,255,156,102,44,166,65,271,94,1.03,0.46,12.63
137,True,True,100.0,75.0,111317,0,0,0,0,0,3,0.3,0.6,0,David,0.8,86,False,,2025-10-17T13:00:10.379881Z,50,111317.jpg,2.2,False,Brooks,0.2,False,,a,4,91,18,56338,39,54266,1168,0.2,3.6,Brooks,244.0,2018-07-01,1997-07-08,False,p111317,475,0,1,3,4,0,0,0,3,0,0,1,79,66.8,121.9,111.0,29.4,7,23,6,36,6,0.96,1.41,2.37,4.36,228,97,65,47,60,33,108,57,5.0,,,,,,0.18,0.0,0.27,0.45,0.83,0.76,247,152,298,143,238,104,339,115,1.14,0.57,6.82
138,True,True,100.0,100.0,158499,0,0,0,0,0,3,2.3,2.8,1,Ryan,2.8,87,False,,2025-09-13T21:30:07.956994Z,50,158499.jpg,2.0,False,Christie,0.1,False,,a,4,91,14,5366,169,8509,243,0.6,2.8,Christie,243.0,2021-08-31,1995-02-22,False,p158499,182,1,1,0,4,0,0,0,1,0,0,0,49,60.6,28.2,53.0,14.2,10,12,6,28,1,0.78,0.06,0.84,4.58,238,102,250,149,156,92,239,119,4.0,,,,,,0.39,0.0,0.03,0.42,2.26,1.98,248,153,134,66,269,123,500,175,0.49,0.0,13.85
139,True,True,100.0,100.0,155408,0,0,-1,1,0,3,0.0,0.5,1,Lewis,0.5,88,False,,2025-09-24T06:00:05.966439Z,49,155408.jpg,1.0,False,Cook,0.0,False,,a,4,91,3,2296,93,2220,79,0.1,0.6,Cook,241.0,2016-07-08,1997-02-03,False,p155408,6,0,0,0,1,0,0,0,0,0,0,0,10,5.2,0.4,0.0,0.6,2,1,1,4,0,0.00,0.00,0.00,1.46,404,189,401,200,661,282,418,196,2.0,,,,,,0.0,0.0,0.0,0.0,21.9,15.0,295,185,325,157,387,183,652,272,0.0,0.0,60.0
140,True,False,0.0,0.0,168991,0,0,-1,1,0,3,0.0,0.0,0,Philip,0.0,89,False,Has joined Midtjylland permanently.,2025-08-27T12:49:57.472718Z,49,168991.jpg,0.0,False,Billing,0.0,False,,u,4,91,0,598,0,6212,24,0.0,0.0,Philip,58.0,2019-07-29,1996-06-11,False,p168991,0,0,0,0,0,0,0,0,0,0,0,0,0,0.0,0.0,0.0,0.0,0,0,0,0,0,0.00,0.00,0.00,0.00,683,290,678,290,663,284,684,291,,,,,,,0.0,0.0,0.0,0.0,0.0,0.0,298,188,664,279,687,291,639,264,0.0,0.0,0.0
141,True,True,,,503139,0,0,0,0,0,3,2.0,2.5,3,Alex,2.5,90,False,,,50,503139.jpg,3.2,False,Scott,0.3,False,,a,4,91,29,50495,275,28514,1373,0.5,5.8,Scott,241.0,2023-08-10,2003-08-21,False,p503139,593,1,0,4,5,0,0,0,1,0,0,2,123,115.2,96.9,43.0,25.5,22,29,18,69,8,0.51,0.32,0.83,6.39,146,53,89,65,186,108,133,69,,,5.0,,,,0.08,0.0,0.05,0.13,0.97,0.76,279,173,145,72,142,57,298,102,1.21,0.61,10.47
142,True,False,0.0,0.0,224995,0,0,0,0,0,3,0.0,0.0,0,Luis,0.0,91,False,Has joined Cruzeiro on loan for the rest of the season.,2025-08-26T13:43:19.913048Z,50,224995.jpg,0.0,False,Sinisterra Lucumí,0.0,False,,u,4,91,0,396,0,3688,8,0.0,0.0,Sinisterra,48.0,2024-06-14,1999-06-17,False,p224995,0,0,0,0,0,0,0,0,0,0,0,0,0,0.0,0.0,0.0,0.0,0,0,0,0,0,0.00,0.00,0.00,0.00,701,302,698,302,688,297,702,303,,,,,,,0.0,0.0,0.0,0.0,0.0,0.0,262,161,685,292,704,303,688,296,0.0,0.0,0.0
143,True,False,0.0,0.0,441240,0,0,0,0,0,3,0.0,0.0,0,Romain,0.0,92,False,has joined Al Taawoun permanently.,2025-09-11T13:43:59.477111Z,45,441240.jpg,0.0,False,Faivre,0.1,False,,u,4,91,0,3740,0,16768,141,0.0,0.0,Faivre,73.0,2023-07-13,1998-07-14,False,p441240,0,0,0,0,0,0,0,0,0,0,0,0,0,0.0,0.0,0.0,0.0,0,0,0,0,0,0.00,0.00,0.00,0.00,617,241,609,241,590,232,618,242,,,,,,,0.0,0.0,0.0,0.0,0.0,0.0,422,250,593,226,626,246,497,174,0.0,0.0,0.0
144,True,False,0.0,0.0,424044,0,0,0,0,0,3,0.0,0.0,0,Hamed,0.0,93,False,has joined Marseille on loan for the rest of the season.,2025-09-02T12:54:34.582455Z,45,424044.jpg,4.0,False,Traorè,0.4,False,,u,4,91,4,114900,0,148719,1349,0.0,0.9,H.Traorè,54.0,2023-07-01,2000-02-16,False,p424044,16,0,1,0,2,0,0,0,0,0,0,0,12,21.2,10.0,0.0,3.1,1,2,1,4,0,0.00,0.00,0.00,0.40,352,162,338,176,587,229,382,180,,,,,,,0.0,0.0,0.0,0.0,2.25,11.25,417,247,590,223,83,33,259,88,0.0,0.0,22.5
145,True,False,0.0,0.0,550596,0,0,0,0,0,3,0.0,0.0,0,Dominic,0.0,94,False,has joined Novi Pazar on loan for the rest of the season.,2025-09-22T21:51:49.974133Z,45,550596.jpg,0.0,False,Sadi,0.0,False,,u,4,91,0,3895,0,6847,95,0.0,0.0,Sadi,,,,False,p550596,0,0,0,0,0,0,0,0,0,0,0,0,0,0.0,0.0,0.0,0.0,0,0,0,0,0,0.00,0.00,0.00,0.00,638,260,631,260,612,251,639,261,,,,,,,0.0,0.0,0.0,0.0,0.0,0.0,451,270,614,245,647,265,590,229,0.0,0.0,0.0
146,True,False,0.0,0.0,530121,0,0,-1,1,0,3,0.0,0.0,0,Zain,0.0,95,False,has joined Olympiakos permanently.,2025-09-22T21:51:49.994072Z,44,530121.jpg,0.0,False,Silcott-Duberry,0.1,False,,u,4,91,0,15405,0,17016,356,0.0,0.0,Silcott-Duberry,241.0,2025-01-17,2005-07-09,False,p530121,0,0,0,0,0,0,0,0,0,0,0,0,0,0.0,0.0,0.0,0.0,0,0,0,0,0,0.00,0.00,0.00,0.00,582,219,573,219,549,209,583,220,,,,,,,0.0,0.0,0.0,0.0,0.0,0.0,553,313,557,202,592,224,480,163,0.0,0.0,0.0
147,True,False,0.0,0.0,606775,0,0,0,0,0,3,0.0,0.0,0,Ben,0.0,96,False,has joined Barnet on loan for the rest of the season.,2025-09-02T12:54:34.599400Z,45,606775.jpg,1.0,False,Winterburn,0.0,False,,u,4,91,1,2964,0,8845,66,0.0,0.2,Winterburn,241.0,2024-11-29,2004-09-04,False,p606775,6,0,0,0,2,0,0,0,0,0,0,0,3,0.0,0.0,0.0,0.0,0,0,0,0,0,0.00,0.00,0.00,0.31,661,276,654,276,635,267,662,277,,,,,,,0.0,0.0,0.0,0.0,4.65,30.0,477,287,637,261,376,173,595,233,0.0,0.0,0.0
148,True,True,50.0,0.0,444102,0,0,0,0,0,4,0.2,0.0,0,Francisco Evanilson,1.0,97,False,Calf injury - 50% chance of playing,2025-10-19T01:30:09.447327Z,70,444102.jpg,3.1,False,de Lima Barbosa,1.7,False,,d,4,91,22,482506,139,543142,16828,0.1,3.1,Evanilson,30.0,2024-08-16,1999-10-06,False,p444102,617,1,1,3,8,0,0,0,1,0,0,2,89,59.0,107.2,173.0,33.8,6,23,1,30,7,1.32,0.30,1.62,6.22,245,21,72,4,24,11,83,12,,,,,2.0,,0.19,0.0,0.04,0.23,0.91,1.17,35,15,281,33,154,16,142,21,1.02,0.44,4.38
149,True,True,100.0,75.0,168636,0,0,-1,1,0,4,-0.3,0.2,1,Enes,0.2,98,False,,2025-07-21T10:00:04.802496Z,54,168636.jpg,1.0,False,Ünal,0.0,False,,a,4,91,1,690,89,1197,25,0.0,0.2,Enes Ünal,219.0,2024-07-01,1997-05-10,False,p168636,1,0,0,0,0,0,0,0,0,0,0,0,3,0.0,0.0,0.0,0.0,0,0,0,0,0,0.00,0.00,0.00,0.00,718,76,718,76,714,76,719,76,,,2.0,,,,0.0,0.0,0.0,0.0,0.0,0.0,165,41,382,47,406,47,692,81,0.0,0.0,0.0
150,True,False,0.0,0.0,590760,0,0,-1,1,0,4,0.0,0.0,0,Daniel,0.0,99,False,has joined HNK Rijeka permanently.,2025-09-22T21:19:25.247985Z,44,590760.jpg,0.0,False,Adu-Adjei,0.2,False,,u,4,91,0,22144,0,37003,538,0.0,0.0,Adu-Adjei,241.0,2022-12-19,2005-06-21,False,p590760,0,0,0,0,0,0,0,0,0,0,0,0,0,0.0,0.0,0.0,0.0,0,0,0,0,0,0.00,0.00,0.00,0.00,596,63,587,62,564,62,597,63,,,,,,,0.0,0.0,0.0,0.0,0.0,0.0,570,77,571,59,606,65,362,55,0.0,0.0,0.0
151,True,True,,,560262,1,-1,1,-1,0,4,5.5,6.0,6,Eli Junior,6.0,100,False,,,46,560262.jpg,4.5,False,Kroupi,3.2,False,,a,4,91,27,439642,39089,195033,6945,1.3,5.9,Kroupi.Jr,73.0,2025-02-02,2006-06-23,False,p560262,163,4,0,1,3,0,0,0,1,0,0,4,125,138.0,17.1,111.0,26.6,4,7,0,11,2,1.56,0.07,1.63,2.94,104,10,296,28,59,21,124,19,,,,,,,0.86,0.0,0.04,0.9,1.62,1.66,389,60,16,4,53,6,103,18,1.1,0.55,6.07
152,True,True,,,496208,0,0,-1,1,0,3,1.0,1.5,0,Ben,1.5,391,False,,,49,496208.jpg,2.0,False,Gannon-Doak,0.0,False,,a,4,91,6,4232,39,5720,78,0.3,1.2,Gannon-Doak,243.0,2025-08-18,2005-11-11,False,p496208,43,0,1,0,1,0,0,0,0,0,0,0,20,20.2,12.5,9.0,4.2,1,0,1,2,0,0.09,0.08,0.17,2.44,356,164,319,172,310,164,366,176,,,,,,,0.19,0.0,0.17,0.36,5.11,2.09,343,212,217,101,268,122,579,219,0.0,0.0,4.19
153,True,True,100.0,100.0,242882,0,0,0,0,1,2,1.5,2.0,0,Bafodé,2.0,685,False,,2025-09-13T21:30:08.472990Z,45,242882.jpg,4.1,False,Diakité,0.5,False,,a,4,91,29,78391,380,49024,1637,0.4,6.4,Diakité,73.0,2025-08-13,2001-01-06,False,p242882,630,0,0,3,10,0,0,0,1,0,0,2,104,142.8,37.8,12.0,19.4,57,28,8,65,7,0.00,0.08,0.08,10.16,99,46,223,63,296,96,192,63,,,,,,,0.0,0.0,0.01,0.01,1.45,1.43,415,85,174,61,72,30,235,87,1.0,0.43,9.29
154,True,True,,,606774,0,0,-1,1,0,3,-0.5,0.0,0,Remy,0.0,687,False,,,44,606774.jpg,0.0,False,Rees-Dottin,0.1,False,,a,4,91,0,10793,185,9965,265,0.0,0.0,Rees-Dottin,241.0,2024-12-28,2006-03-06,False,p606774,0,0,0,0,0,0,0,0,0,0,0,0,0,0.0,0.0,0.0,0.0,0,0,0,0,0,0.00,0.00,0.00,0.00,600,230,591,230,568,220,601,231,,,,,,,0.0,0.0,0.0,0.0,0.0,0.0,574,325,575,213,610,235,412,136,0.0,0.0,0.0
155,True,True,,,489888,0,0,0,0,0,3,0.3,0.8,1,Amine,0.8,697,False,,,55,489888.jpg,1.0,False,Adli,0.0,False,,a,4,91,7,4405,77,3712,121,0.1,1.3,Adli,145.0,2025-08-21,2000-05-10,False,p489888,183,0,0,0,3,0,0,0,0,0,0,0,36,52.8,50.4,34.0,13.7,8,16,11,35,1,0.10,0.09,0.19,3.81,260,115,178,120,216,123,248,124,,,,,,,0.05,0.0,0.04,0.09,1.87,1.48,154,97,305,148,411,198,612,244,0.49,0.0,17.21
156,True,True,,,551483,0,0,0,0,0,2,1.5,2.0,6,Álex,2.0,713,False,,,45,551483.jpg,1.3,False,Jiménez Sánchez,0.0,False,,a,4,91,8,2252,104,1149,57,0.4,1.8,A.Jimenez,200.0,2025-09-01,2005-05-08,False,p551483,313,0,0,1,5,0,0,0,3,0,0,0,34,40.8,33.2,15.0,8.9,10,11,7,17,4,0.05,0.11,0.16,5.29,293,111,231,67,282,85,308,104,,,,,,,0.01,0.0,0.03,0.04,1.52,1.44,454,98,175,62,335,117,648,221,1.15,0.29,4.89
157,True,True,,,620487,0,0,0,0,0,2,1.3,1.8,6,Veljko,1.8,721,False,,,45,620487.jpg,3.7,False,Milosavljevic,0.0,False,,a,4,91,11,4290,92,2360,65,0.4,2.4,Milosavljević,190.0,2025-09-01,2007-06-28,False,p620487,185,0,0,1,1,0,0,0,0,0,0,0,42,37.2,11.8,6.0,5.5,14,3,1,15,2,0.00,0.18,0.18,1.21,305,116,324,113,332,115,347,117,,,,,,,0.0,0.0,0.09,0.09,0.59,0.49,484,102,199,70,100,45,619,215,0.97,0.49,7.3
158,True,True,100.0,100.0,200641,0,0,-2,2,0,3,0.0,-1.0,0,Reiss,0.0,27,False,,2025-09-26T15:00:07.964360Z,48,200641.jpg,0.0,False,Nelson,0.1,False,,a,5,94,0,7152,69,13049,158,0.0,0.0,Nelson,241.0,2025-09-01,1999-12-10,False,p200641,0,0,0,0,0,0,0,0,0,0,0,0,0,0.0,0.0,0.0,0.0,0,0,0,0,0,0.00,0.00,0.00,0.00,674,286,668,285,651,277,675,287,,,,,,,0.0,0.0,0.0,0.0,0.0,0.0,361,226,651,271,678,287,458,154,0.0,0.0,0.0
159,True,True,100.0,100.0,533463,0,0,0,0,1,3,4.0,3.0,11,Dango,4.0,83,False,,2025-08-14T16:00:05.815568Z,60,533463.jpg,4.1,False,Ouattara,0.4,False,,a,5,94,33,177449,5188,152267,973,0.7,5.5,O.Dango,35.0,2025-08-16,2002-02-11,False,p533463,476,2,1,2,6,0,0,0,1,0,0,4,77,100.0,52.4,235.0,38.3,15,22,4,41,5,2.52,0.37,2.89,6.36,167,66,171,116,9,5,63,40,,,,,,,0.48,0.0,0.07,0.55,1.2,1.13,90,58,71,29,79,32,255,86,0.95,0.38,7.75
160,True,True,100.0,100.0,200720,0,0,0,0,0,1,4.8,3.8,2,Caoimhín,4.8,101,False,,2025-08-09T14:00:04.798673Z,45,200720.jpg,3.2,False,Kelleher,8.0,False,,a,5,94,29,264875,7509,524968,6510,1.1,6.4,Kelleher,104.0,2025-06-03,1998-11-23,False,p200720,810,0,0,2,14,0,1,0,1,0,23,0,114,192.2,10.0,0.0,20.3,8,72,1,0,9,0.00,0.01,0.01,12.39,51,9,337,6,579,65,184,9,,,,,,,0.0,2.56,0.0,0.0,1.38,1.56,403,23,43,3,136,15,47,9,1.0,0.22,0.0
161,True,True,,,235448,0,0,0,0,0,1,0.0,-1.0,0,Ellery,0.0,102,False,,,40,235448.jpg,0.0,False,Balcombe,0.3,False,,a,5,94,0,9408,111,13843,238,0.0,0.0,Balcombe,241.0,2016-11-02,1999-10-15,False,p235448,0,0,0,0,0,0,0,0,0,0,0,0,0,0.0,0.0,0.0,0.0,0,0,0,0,0,0.00,0.00,0.00,0.00,492,52,476,38,444,26,492,52,,,,,,,0.0,0.0,0.0,0.0,0.0,0.0,638,57,455,47,501,52,317,46,0.0,0.0,0.0
162,True,True,,,503300,0,0,0,0,0,1,0.0,-1.0,0,Matthew,0.0,103,False,,,40,503300.jpg,0.0,False,Cox,0.1,False,,a,5,94,0,3738,28,6078,117,0.0,0.0,Cox,241.0,2021-10-26,2003-05-02,False,p503300,0,0,0,0,0,0,0,0,0,0,0,0,0,0.0,0.0,0.0,0.0,0,0,0,0,0,0.00,0.00,0.00,0.00,518,68,503,54,471,42,519,68,,,,,,,0.0,0.0,0.0,0.0,0.0,0.0,673,73,482,63,528,68,410,63,0.0,0.0,0.0
163,True,True,,,535017,0,0,0,0,0,1,0.0,-1.0,0,Julian,0.0,104,False,,,40,535017.jpg,0.0,False,Eyestone,0.1,False,,a,5,94,0,1405,33,3235,63,0.0,0.0,Eyestone,229.0,2024-08-08,2006-04-21,False,p535017,0,0,0,0,0,0,0,0,0,0,0,0,0,0.0,0.0,0.0,0.0,0,0,0,0,0,0.00,0.00,0.00,0.00,522,69,507,55,476,43,523,69,,,,,,,0.0,0.0,0.0,0.0,0.0,0.0,679,74,487,64,532,69,518,78,0.0,0.0,0.0
164,True,True,,,507433,0,0,-1,1,0,1,0.0,-1.0,0,Hákon Rafn,0.0,105,False,,,39,507433.jpg,0.0,False,Valdimarsson,0.7,False,,a,5,94,0,14819,2043,41233,617,0.0,0.0,Valdimarsson,99.0,2024-01-26,2001-10-13,False,p507433,0,0,0,0,0,0,0,0,0,0,0,0,0,0.0,0.0,0.0,0.0,0,0,0,0,0,0.00,0.00,0.00,0.00,450,34,432,18,399,6,450,34,,,,,,,0.0,0.0,0.0,0.0,0.0,0.0,723,85,412,29,459,34,204,28,0.0,0.0,0.0
165,True,True,,,432830,0,0,-1,1,0,2,3.8,2.8,3,Nathan,3.8,106,False,,,49,432830.jpg,3.3,False,Collins,1.1,False,,a,5,94,30,55025,1768,112957,1432,0.8,6.1,Collins,104.0,2023-07-04,2001-04-30,False,p432830,810,0,0,2,14,0,0,0,3,0,0,2,95,198.6,23.9,102.0,32.6,81,29,7,88,9,0.31,0.39,0.70,12.39,46,20,264,86,68,9,94,30,,,,,,,0.03,0.0,0.04,0.07,1.38,1.56,322,54,75,32,127,50,167,61,1.0,0.22,9.78
166,True,True,,,249231,0,0,-1,1,0,2,1.2,0.2,0,Keane,1.2,107,False,,,49,249231.jpg,2.5,False,Lewis-Potter,0.3,False,,a,5,94,20,18530,279,31740,798,0.2,4.1,Lewis-Potter,241.0,2022-07-12,2001-02-22,False,p249231,423,0,1,2,9,0,0,0,1,0,0,0,56,58.6,64.0,22.0,14.5,15,16,7,22,5,0.16,0.34,0.50,7.33,248,96,148,36,256,74,235,79,,,4.0,,,,0.03,0.0,0.07,0.1,1.56,1.91,318,53,241,80,209,82,292,106,1.06,0.43,4.68
167,True,True,,,191866,0,0,-1,1,0,2,3.0,2.0,4,Kristoffer,3.0,108,False,,,44,191866.jpg,3.0,False,Ajer,0.2,False,,a,5,94,18,7679,499,12690,181,0.7,4.1,Ajer,161.0,2021-07-21,1998-04-17,False,p191866,298,0,2,1,4,0,0,0,0,0,0,0,65,63.2,13.4,54.0,13.2,15,7,10,25,3,0.31,0.48,0.79,3.34,233,91,315,109,154,32,254,87,,,,,,,0.09,0.0,0.14,0.23,1.01,1.21,505,116,114,41,159,62,390,144,0.91,0.3,7.55
168,True,True,,,194010,0,0,-1,1,0,2,0.5,-0.5,1,Rico,0.5,109,False,,,44,194010.jpg,0.7,False,Henry,0.1,False,,a,5,94,5,4138,58,10776,152,0.1,1.1,Henry,241.0,2016-08-31,1997-07-08,False,p194010,169,0,0,0,6,0,0,0,1,0,0,0,7,16.4,12.4,12.0,3.9,6,10,4,10,1,0.13,0.06,0.19,4.95,364,134,321,111,295,95,372,128,,,,,,,0.07,0.0,0.03,0.1,2.64,3.2,507,118,314,108,433,147,448,167,0.53,0.0,5.33
169,True,True,,,607464,0,0,0,0,0,2,3.5,2.5,1,Michael,3.5,110,False,,,45,607464.jpg,3.2,False,Kayode,0.4,False,,a,5,94,29,55193,4449,36679,656,0.8,6.4,Kayode,106.0,2025-07-01,2004-07-10,False,p607464,796,0,0,2,13,0,0,0,0,0,0,5,112,165.6,175.7,21.0,36.3,37,39,16,53,9,0.09,1.18,1.27,12.15,76,35,34,6,264,79,68,17,,,,,,,0.01,0.0,0.13,0.14,1.37,1.47,478,101,84,35,139,55,268,100,1.02,0.23,5.99
170,True,True,100.0,100.0,231065,0,0,-2,2,0,2,0.0,-1.0,0,Ethan,0.0,111,False,,2025-08-18T08:00:05.393517Z,43,231065.jpg,0.0,False,Pinnock,0.1,False,,a,5,94,0,5126,125,17160,251,0.0,0.0,Pinnock,107.0,2019-07-02,1993-05-29,False,p231065,155,0,0,0,4,1,0,0,1,0,0,0,1,31.8,0.8,10.0,4.3,13,4,2,15,2,0.00,0.04,0.04,2.11,317,121,387,140,302,102,362,123,,,,,,,0.0,0.0,0.02,0.02,1.23,2.32,590,148,512,210,555,220,436,161,1.16,0.0,8.71
171,True,False,0.0,0.0,226956,0,0,0,0,0,2,0.0,0.0,0,Mads,0.0,112,False,Has joined Southampton permanently.,2025-08-22T14:17:15.662878Z,45,226956.jpg,0.0,False,Roerslev Rasmussen,0.0,False,,u,5,94,0,211,0,3646,13,0.0,0.0,Roerslev,58.0,2019-10-27,1999-06-24,False,p226956,0,0,0,0,0,0,0,0,0,0,0,0,0,0.0,0.0,0.0,0.0,0,0,0,0,0,0.00,0.00,0.00,0.00,613,230,605,231,585,229,614,230,,,,,,,0.0,0.0,0.0,0.0,0.0,0.0,411,82,588,226,622,232,668,226,0.0,0.0,0.0
172,True,True,,,444765,0,0,0,0,0,2,3.2,2.2,3,Sepp,3.2,113,False,,,45,444765.jpg,3.2,False,van den Berg,0.6,False,,a,5,94,29,69303,820,57890,849,0.7,6.4,Van den Berg,152.0,2024-08-22,2001-12-20,False,p444765,810,0,0,2,14,0,0,0,0,0,0,0,99,178.6,14.8,100.0,29.4,73,26,4,77,9,0.96,0.10,1.06,12.39,63,28,307,105,72,11,106,33,,,,,,,0.11,0.0,0.01,0.12,1.38,1.56,423,89,101,40,138,54,220,83,1.0,0.22,8.56
173,True,True,,,622536,0,0,-1,1,0,2,0.0,-1.0,0,Benjamin,0.0,114,False,,,39,622536.jpg,0.0,False,Arthur,0.2,False,,a,5,94,0,8733,195,18001,309,0.0,0.0,Arthur,241.0,2024-03-08,2005-10-09,False,p622536,0,0,0,0,0,0,0,0,0,0,0,0,0,0.0,0.0,0.0,0.0,0,0,0,0,0,0.00,0.00,0.00,0.00,469,182,451,181,419,172,469,181,,,,,,,0.0,0.0,0.0,0.0,0.0,0.0,745,245,432,171,478,184,329,117,0.0,0.0,0.0
174,True,False,0.0,0.0,612534,0,0,0,0,0,2,0.0,0.0,0,Benjamin,0.0,115,False,has joined Dender on loan for the rest of the season.,2025-09-22T21:16:59.169077Z,40,612534.jpg,0.0,False,Fredrick,0.1,False,,u,5,94,0,2020,0,11351,155,0.0,0.0,Fredrick,,,,False,p612534,0,0,0,0,0,0,0,0,0,0,0,0,0,0.0,0.0,0.0,0.0,0,0,0,0,0,0.00,0.00,0.00,0.00,538,212,523,212,492,204,539,212,,,,,,,0.0,0.0,0.0,0.0,0.0,0.0,695,202,503,203,547,214,466,173,0.0,0.0,0.0
175,True,True,50.0,0.0,472713,0,0,0,0,0,2,0.5,0.0,0,Aaron,1.0,116,False,Knee injury - 50% chance of playing,2025-10-16T08:00:09.344205Z,40,472713.jpg,1.2,False,Hickey,0.3,False,,d,5,94,6,14268,29,29591,1186,0.2,1.5,Hickey,243.0,2022-07-09,2002-06-10,False,p472713,184,0,0,0,3,0,0,0,1,0,0,0,16,12.2,3.6,1.0,1.7,4,7,4,8,2,0.02,0.07,0.09,2.25,377,140,368,130,373,133,401,142,,,,,,,0.01,0.0,0.03,0.04,1.1,1.47,657,178,258,83,343,119,294,108,0.98,0.0,3.91
176,True,False,0.0,0.0,570241,0,0,-1,1,0,2,0.0,0.0,0,Kim,0.0,117,False,has joined Kaiserslautern on loan for the rest of the season.,2025-09-22T21:16:59.154227Z,39,570241.jpg,0.0,False,Ji-soo,0.1,False,,u,5,94,0,4108,0,12149,215,0.0,0.0,Ji-soo,114.0,2023-07-20,2004-12-24,False,p570241,0,0,0,0,0,0,0,0,0,0,0,0,0,0.0,0.0,0.0,0.0,0,0,0,0,0,0.00,0.00,0.00,0.00,462,176,444,175,411,165,462,175,,,,,,,0.0,0.0,0.0,0.0,0.0,0.0,736,237,425,165,471,178,457,170,0.0,0.0,0.0
177,True,False,0.0,0.0,499717,0,0,0,0,0,2,0.0,0.0,0,Jayden,0.0,118,False,Has joined Rangers on loan for the rest of the season.,2025-08-19T13:37:28.261506Z,40,499717.jpg,0.0,False,Meghoma,0.1,False,,u,5,94,0,279,0,9646,60,0.0,0.0,Meghoma,241.0,2024-08-30,2006-06-28,False,p499717,0,0,0,0,0,0,0,0,0,0,0,0,0,0.0,0.0,0.0,0.0,0,0,0,0,0,0.00,0.00,0.00,0.00,517,198,502,198,470,189,518,198,,,,,,,0.0,0.0,0.0,0.0,0.0,0.0,672,186,481,188,527,201,564,204,0.0,0.0,0.0
178,True,True,100.0,100.0,513418,0,0,0,0,0,3,4.5,3.5,7,Kevin,4.5,120,False,,2025-08-09T14:00:04.851048Z,70,513418.jpg,3.4,False,Schade,0.6,False,,a,5,94,31,80279,8253,56685,1406,0.6,4.4,Schade,80.0,2023-07-01,2001-11-27,False,p513418,740,2,2,2,9,0,0,1,3,0,0,1,106,152.8,137.4,199.0,49.0,12,27,16,55,8,2.72,0.73,3.45,10.00,90,29,53,41,17,9,24,19,,,,,,,0.33,0.0,0.09,0.42,1.22,1.09,36,21,57,25,124,52,224,75,0.97,0.24,6.69
179,True,True,,,440089,0,0,-2,2,0,3,3.5,2.5,7,Mikkel,3.5,121,False,,,58,440089.jpg,4.1,False,Damsgaard,0.6,False,,a,5,94,29,41865,2825,91176,825,0.6,5.0,Damsgaard,58.0,2022-08-10,2000-07-03,False,p440089,565,1,1,2,8,0,0,0,0,0,0,3,121,148.0,195.3,81.0,42.5,13,24,14,51,7,0.36,1.25,1.61,8.44,95,30,28,24,91,54,40,28,2.0,,3.0,,,,0.06,0.0,0.2,0.26,1.34,1.27,111,75,95,40,78,31,219,71,1.12,0.32,8.12
180,True,True,0.0,0.0,543295,0,0,-2,2,0,3,0.0,0.0,0,Antoni,0.0,122,False,Knee injury - Expected back 01 Jun,2025-10-16T08:00:09.362049Z,53,543295.jpg,1.0,False,Milambo,0.0,False,,i,5,94,1,1735,10,5722,109,0.0,0.2,Milambo,152.0,2025-07-03,2005-04-03,False,p543295,45,0,0,0,3,0,0,0,0,0,0,0,5,4.0,1.8,0.0,0.6,0,2,2,4,1,0.00,0.01,0.01,1.49,408,192,379,192,712,313,419,197,,,,,,,0.0,0.0,0.02,0.02,2.98,6.0,212,132,705,306,404,193,604,240,2.0,0.0,8.0
181,True,True,,,244858,0,0,-1,1,0,3,0.2,-0.8,0,Fábio,0.2,123,False,,,49,244858.jpg,2.4,False,Freitas Gouveia Carvalho,0.2,False,,a,5,94,12,25944,125,36701,752,0.0,2.4,Carvalho,173.0,2024-08-12,2002-08-30,False,p244858,96,1,0,0,4,0,0,0,0,0,0,1,39,38.8,6.2,36.0,8.0,0,5,3,8,1,0.70,0.03,0.73,2.08,301,133,354,186,213,121,319,155,4.0,,,,,,0.66,0.0,0.03,0.69,1.95,3.75,316,197,369,168,220,94,346,118,0.94,0.0,7.5
182,True,True,,,56979,0,0,0,0,0,3,2.8,1.8,2,Jordan,2.8,124,False,,,50,56979.jpg,2.9,False,Henderson,0.4,False,,a,5,94,26,44838,986,33076,1325,0.6,5.2,Henderson,241.0,2025-07-15,1990-06-17,False,p56979,654,0,2,3,9,0,0,0,2,0,0,2,117,101.2,115.8,10.0,22.6,20,34,7,61,8,0.05,0.60,0.65,8.85,163,63,66,48,306,161,159,82,,,,,,,0.01,0.0,0.08,0.09,1.22,1.24,243,151,133,65,177,71,257,87,1.1,0.41,8.39
183,True,True,100.0,100.0,204580,0,0,-1,1,0,3,1.8,0.8,4,Vitaly,1.8,125,False,,2025-08-09T14:00:04.867824Z,49,204580.jpg,1.6,False,Janelt,0.0,False,,a,5,94,8,661,50,1569,30,0.4,1.6,Janelt,80.0,2020-10-03,1998-05-10,False,p204580,117,0,0,0,2,0,0,0,0,0,0,0,21,18.4,34.9,10.0,6.2,6,8,4,18,0,0.10,0.22,0.32,1.86,360,167,228,142,305,160,335,164,,,,,,,0.08,0.0,0.17,0.25,1.43,1.54,303,191,200,94,303,141,679,289,0.0,0.0,13.85
184,True,True,,,207283,0,0,-1,1,0,3,3.5,2.5,1,Mathias,3.5,126,False,,,49,207283.jpg,2.7,False,Jensen,0.1,False,,a,5,94,19,5788,417,7359,219,0.7,3.9,Jensen,58.0,2019-07-10,1996-01-01,False,p207283,186,2,0,0,5,0,0,0,0,0,0,0,82,96.6,49.8,36.0,18.3,8,8,6,22,2,0.52,0.11,0.63,3.56,174,71,180,122,211,119,209,106,3.0,,,,,,0.25,0.0,0.05,0.3,1.72,2.42,306,193,85,35,197,81,493,171,0.97,0.0,10.65
185,True,True,100.0,100.0,626464,0,0,-1,1,0,3,0.0,-1.0,0,Gustavo,0.0,127,False,,2025-08-09T14:00:04.884092Z,49,626464.jpg,0.0,False,Nunes Fernandes Gomes,0.0,False,,a,5,94,0,267,20,872,13,0.0,0.0,Nunes,30.0,2024-08-28,2005-11-20,False,p626464,0,0,0,0,0,0,0,0,0,0,0,0,0,0.0,0.0,0.0,0.0,0,0,0,0,0,0.00,0.00,0.00,0.00,697,299,692,299,680,294,698,300,,,,,,,0.0,0.0,0.0,0.0,0.0,0.0,350,219,679,288,700,300,705,305,0.0,0.0,0.0
186,True,True,,,428580,0,0,-1,1,0,3,0.8,-0.2,1,Frank,0.8,128,False,,,49,428580.jpg,2.0,False,Onyeka,0.1,False,,a,5,94,12,4429,33,5909,83,0.2,2.4,Onyeka,157.0,2021-07-20,1998-01-01,False,p428580,88,0,2,0,2,0,0,0,0,0,0,0,41,28.4,13.6,4.0,4.6,3,5,2,10,0,0.00,0.36,0.36,2.02,328,150,314,170,351,181,358,171,,,,,,,0.0,0.0,0.37,0.37,2.07,2.05,320,200,296,141,265,119,561,207,0.0,0.0,10.23
187,True,True,75.0,,508395,0,0,0,0,0,3,2.4,2.2,1,Yehor,3.2,129,False,Knock - 75% chance of playing,2025-10-25T23:00:07.803030Z,50,508395.jpg,3.0,False,Yarmoliuk,0.1,False,,d,5,94,27,9798,150,7194,475,0.6,5.4,Yarmoliuk,225.0,2022-10-28,2004-03-01,False,p508395,718,0,1,2,12,0,0,0,1,0,0,0,116,126.2,97.8,24.0,24.8,21,46,18,85,9,0.23,0.41,0.64,10.60,125,42,88,64,250,138,139,73,,,,,,,0.03,0.0,0.05,0.08,1.33,1.5,281,175,104,46,168,67,490,168,1.13,0.25,10.65
188,True,True,,,606689,0,0,0,0,0,3,0.0,-1.0,0,Romelle,0.0,130,False,,,45,606689.jpg,0.0,False,Donovan,0.1,False,,a,5,94,0,7998,149,10179,224,0.0,0.0,Donovan,241.0,2025-07-01,2006-11-30,False,p606689,0,0,0,0,0,0,0,0,0,0,0,0,0,0.0,0.0,0.0,0.0,0,0,0,0,0,0.00,0.00,0.00,0.00,660,275,653,275,634,266,661,276,,,,,,,0.0,0.0,0.0,0.0,0.0,0.0,476,286,636,260,669,280,463,155,0.0,0.0,0.0
189,True,True,,,628204,0,0,-1,1,0,3,0.0,-1.0,0,Yunus Emre,0.0,131,False,,,44,628204.jpg,0.0,False,Konak,0.2,False,,a,5,94,0,21502,173,20586,511,0.0,0.0,Konak,219.0,2024-01-11,2006-01-10,False,p628204,0,0,0,0,0,0,0,0,0,0,0,0,0,0.0,0.0,0.0,0.0,0,0,0,0,0,0.00,0.00,0.00,0.00,603,233,594,233,571,223,604,234,,,,,,,0.0,0.0,0.0,0.0,0.0,0.0,579,329,579,217,613,238,359,123,0.0,0.0,0.0
190,True,True,100.0,100.0,220695,0,0,0,0,0,3,0.0,-1.0,0,Paris,0.0,132,False,,2025-08-14T16:00:05.924672Z,45,220695.jpg,0.0,False,Maghoma,0.0,False,,a,5,94,0,361,60,2156,15,0.0,0.0,Maghoma,241.0,2020-08-01,2001-05-08,False,p220695,0,0,0,0,0,0,0,0,0,0,0,0,0,0.0,0.0,0.0,0.0,0,0,0,0,0,0.00,0.00,0.00,0.00,611,237,603,237,583,227,612,238,,,,,,,0.0,0.0,0.0,0.0,0.0,0.0,407,245,587,221,621,242,685,293,0.0,0.0,0.0
191,True,True,,,450539,0,0,-1,1,0,3,0.0,-1.0,0,Myles,0.0,133,False,,,44,450539.jpg,0.0,False,Peart-Harris,0.0,False,,a,5,94,0,2372,56,3544,70,0.0,0.0,Peart-Harris,241.0,2021-07-23,2002-09-18,False,p450539,0,0,0,0,0,0,0,0,0,0,0,0,0,0.0,0.0,0.0,0.0,0,0,0,0,0,0.00,0.00,0.00,0.00,568,208,557,208,532,198,569,209,,,,,,,0.0,0.0,0.0,0.0,0.0,0.0,526,300,541,191,578,213,599,236,0.0,0.0,0.0
192,True,False,0.0,0.0,591357,0,0,0,0,0,3,0.0,0.0,0,Ryan,0.0,134,False,Has joined Wigan on loan for the rest of the season,2025-08-11T01:07:54.335986Z,45,591357.jpg,0.0,False,Trevitt,0.0,False,,u,5,94,0,0,0,835,5,0.0,0.0,Trevitt,241.0,2024-01-08,2003-03-12,False,p591357,0,0,0,0,0,0,0,0,0,0,0,0,0,0.0,0.0,0.0,0.0,0,0,0,0,0,0.00,0.00,0.00,0.00,657,273,650,273,631,264,658,274,,,,,,,0.0,0.0,0.0,0.0,0.0,0.0,473,284,633,258,666,278,724,317,0.0,0.0,0.0
193,True,True,,,502500,1,-1,2,-2,1,4,7.0,6.0,5,Igor Thiago,7.0,136,False,,,62,502500.jpg,5.0,False,Nascimento Rodrigues,6.1,False,,a,5,94,45,859482,161887,276938,8004,1.1,7.3,Thiago,30.0,2024-07-01,2001-06-26,False,p502500,741,6,0,2,13,0,0,0,3,0,0,6,180,261.6,78.0,302.0,64.2,19,13,11,43,9,4.66,0.19,4.85,11.79,8,2,115,8,3,3,8,2,,,,,2.0,,0.57,0.0,0.02,0.59,1.43,1.58,82,26,8,3,33,3,64,13,1.09,0.24,5.22
194,True,True,,,533710,0,0,-1,1,0,4,0.0,-1.0,0,Iwan,0.0,137,False,,,44,533710.jpg,0.0,False,Morgan,0.4,False,,a,5,94,0,36888,496,47699,1050,0.0,0.0,Morgan,,,,False,p533710,0,0,0,0,0,0,0,0,0,0,0,0,0,0.0,0.0,0.0,0.0,0,0,0,0,0,0.00,0.00,0.00,0.00,584,59,575,58,551,58,585,59,,,,,,,0.0,0.0,0.0,0.0,0.0,0.0,555,72,559,55,594,61,258,40,0.0,0.0,0.0
195,True,True,,,49262,0,0,-2,2,0,1,0.5,0.0,0,Jason,0.0,138,False,,,43,49262.jpg,0.0,False,Steele,0.3,False,,a,6,36,0,5520,80,27823,333,0.0,0.0,Steele,241.0,2018-07-01,1990-08-18,False,p49262,0,0,0,0,0,0,0,0,0,0,0,0,0,0.0,0.0,0.0,0.0,0,0,0,0,0,0.00,0.00,0.00,0.00,543,76,528,62,498,50,544,76,,,,,,,0.0,0.0,0.0,0.0,0.0,0.0,581,33,508,71,552,76,314,45,0.0,0.0,0.0
196,True,True,,,489639,0,0,-1,1,0,1,2.0,1.5,1,Bart,1.5,139,False,,,44,489639.jpg,1.6,False,Verbruggen,4.1,False,,a,6,36,14,107598,3050,449371,5224,0.3,3.2,Verbruggen,152.0,2023-07-03,2002-08-18,False,p489639,810,0,0,0,15,1,0,0,0,0,21,0,88,179.6,10.0,0.0,18.9,5,91,0,0,9,0.00,0.01,0.01,11.96,59,10,336,5,537,59,197,10,,,,,,,0.0,2.33,0.0,0.0,1.33,1.67,535,30,212,18,300,26,83,14,1.0,0.0,0.0
197,True,True,,,209288,0,0,0,0,0,1,0.5,0.0,0,Tom,0.0,140,False,,,40,209288.jpg,0.0,False,McGill,0.3,False,,a,6,36,0,10036,84,16376,263,0.0,0.0,McGill,39.0,2021-02-02,2000-03-25,False,p209288,0,0,0,0,0,0,0,0,0,0,0,0,0,0.0,0.0,0.0,0.0,0,0,0,0,0,0.00,0.00,0.00,0.00,487,49,471,35,439,23,487,49,,,,,,,0.0,0.0,0.0,0.0,0.0,0.0,632,54,450,44,496,49,288,40,0.0,0.0,0.0
198,True,False,0.0,0.0,472739,0,0,0,0,0,1,0.0,0.0,0,Carl,0.0,141,False,Has joined Coventry City on loan for the rest of the season.,2025-07-25T14:54:18.206318Z,40,472739.jpg,0.0,False,Rushworth,0.0,False,,u,6,36,0,0,0,194,0,0.0,0.0,Rushworth,241.0,2023-07-01,2001-07-02,False,p472739,0,0,0,0,0,0,0,0,0,0,0,0,0,0.0,0.0,0.0,0.0,0,0,0,0,0,0.00,0.00,0.00,0.00,506,61,491,47,459,35,507,61,,,,,,,0.0,0.0,0.0,0.0,0.0,0.0,658,66,470,56,516,61,736,84,0.0,0.0,0.0
199,True,False,0.0,0.0,240514,0,0,0,0,0,1,0.0,0.0,0,Kjell,0.0,142,False,Has joined Union SG permanently,2025-07-25T14:53:26.961790Z,40,240514.jpg,0.0,False,Scherpen,0.0,False,,u,6,36,0,0,0,172,3,0.0,0.0,Scherpen,152.0,2021-07-16,2000-01-23,False,p240514,0,0,0,0,0,0,0,0,0,0,0,0,0,0.0,0.0,0.0,0.0,0,0,0,0,0,0.00,0.00,0.00,0.00,493,53,477,39,445,27,493,53,,,,,,,0.0,0.0,0.0,0.0,0.0,0.0,639,58,456,48,502,53,737,85,0.0,0.0,0.0
200,True,True,,,204120,0,0,-2,2,0,2,0.5,0.0,0,Olivier,0.0,143,False,,,43,204120.jpg,0.0,False,Boscagli,0.1,False,,a,6,36,0,2351,31,8409,99,0.0,0.0,Boscagli,73.0,2025-07-02,1997-11-18,False,p204120,0,0,0,0,0,0,0,0,0,0,0,0,0,0.0,0.0,0.0,0.0,0,0,0,0,0,0.00,0.00,0.00,0.00,546,218,533,219,503,211,547,218,,,,,,,0.0,0.0,0.0,0.0,0.0,0.0,587,145,511,209,554,219,499,183,0.0,0.0,0.0
201,True,True,,,550090,0,0,-2,2,0,2,0.7,0.2,0,Diego,0.2,144,False,,,43,550090.jpg,1.0,False,Coppola,0.1,False,,a,6,36,3,1277,22,5027,76,0.0,0.7,Coppola,106.0,2025-06-17,2003-12-28,False,p550090,17,0,0,0,1,0,0,0,0,0,0,0,6,7.8,0.1,0.0,0.8,4,1,0,4,0,0.00,0.00,0.00,0.21,393,144,407,148,510,213,413,146,,,,,,,0.0,0.0,0.0,0.0,1.11,5.29,601,154,355,125,369,131,566,205,0.0,0.0,21.18
202,True,True,100.0,100.0,465730,0,0,-1,1,0,2,3.0,2.5,0,Maxim,2.5,145,False,,2025-09-13T21:30:07.998380Z,44,465730.jpg,1.9,False,De Cuyper,2.1,False,,a,6,36,15,66897,1125,482620,4191,0.6,3.4,De Cuyper,21.0,2025-07-05,2000-12-22,False,p465730,406,1,0,0,8,0,0,0,1,0,0,1,61,84.0,84.8,73.0,24.3,14,24,7,21,5,0.74,0.75,1.49,6.19,196,79,107,23,104,17,146,47,,,,,,,0.16,0.0,0.17,0.33,1.37,1.77,528,131,139,48,283,99,124,47,1.11,0.0,4.66
203,True,True,,,83299,0,0,0,0,0,2,1.5,1.0,0,Lewis,1.0,146,False,,,45,83299.jpg,1.9,False,Dunk,1.1,False,,a,6,36,17,64228,2527,84474,2198,0.2,3.8,Dunk,241.0,2009-07-01,1991-11-21,False,p83299,810,0,1,0,15,0,0,0,3,0,0,0,87,135.4,21.2,45.0,20.3,59,38,10,69,9,0.56,0.06,0.62,11.96,109,49,282,93,174,40,183,58,,,,,,,0.06,0.0,0.01,0.07,1.33,1.67,392,70,265,89,285,100,169,62,1.0,0.0,7.67
204,True,False,0.0,0.0,204214,0,0,0,0,0,2,0.0,0.0,0,Pervis,0.0,147,False,Has joined AC Milan permanently,2025-07-24T10:14:09.955203Z,45,204214.jpg,0.0,False,Estupiñán Tenorio,0.0,False,,u,6,36,0,0,0,1873,6,0.0,0.0,Estupiñan,62.0,2022-07-16,1998-01-21,False,p204214,0,0,0,0,0,0,0,0,0,0,0,0,0,0.0,0.0,0.0,0.0,0,0,0,0,0,0.00,0.00,0.00,0.00,609,227,601,228,581,226,610,227,,,4.0,,,,0.0,0.0,0.0,0.0,0.0,0.0,405,77,585,224,619,230,695,235,0.0,0.0,0.0
205,True,True,,,231416,0,0,-1,1,0,2,1.7,1.2,-1,Ferdi,1.2,148,False,,,44,231416.jpg,1.2,False,Kadıoğlu,0.2,False,,a,6,36,10,8912,726,15337,305,0.3,2.3,F.Kadıoğlu,219.0,2024-08-27,1999-10-07,False,p231416,554,0,0,0,11,0,0,0,3,0,0,0,41,93.2,63.9,43.0,20.1,22,27,11,33,5,0.31,0.63,0.94,8.35,181,72,149,37,182,43,188,61,,,,,,,0.05,0.0,0.1,0.15,1.36,1.79,515,123,233,76,347,121,393,146,0.81,0.0,5.36
206,True,False,0.0,0.0,232792,0,0,-1,1,0,2,0.0,0.0,0,Tariq,0.0,150,False,has joined Fiorentina permanently.,2025-09-02T12:06:29.254107Z,44,232792.jpg,0.0,False,Lamptey,0.1,False,,u,6,36,0,2778,0,35386,224,0.0,0.0,Lamptey,81.0,2020-01-31,2000-09-30,False,p232792,0,0,0,0,0,0,0,0,0,0,0,0,0,0.0,0.0,0.0,0.0,0,0,0,0,0,0.00,0.00,0.00,0.00,563,225,552,226,525,220,564,225,,,,,,,0.0,0.0,0.0,0.0,0.0,0.0,517,125,534,220,572,227,455,169,0.0,0.0,0.0
207,True,True,,,469142,0,0,-1,1,1,2,5.5,5.0,2,Jan Paul,5.0,151,False,,,44,469142.jpg,3.1,False,van Hecke,1.2,False,,a,6,36,28,77634,7435,75609,1890,1.1,6.4,Van Hecke,152.0,2020-09-10,2000-06-08,False,p469142,810,1,0,0,15,1,0,0,2,0,0,3,91,260.6,30.0,66.0,35.8,70,27,16,86,9,0.46,0.25,0.70,11.96,10,4,244,75,123,21,71,18,,,,,,,0.05,0.0,0.03,0.08,1.33,1.67,531,132,34,13,147,58,166,60,1.0,0.0,9.56
208,True,True,75.0,75.0,111478,0,0,-1,1,0,2,0.4,0.0,0,Joël,0.0,152,False,Calf injury - 75% chance of playing,2025-10-02T13:00:07.706508Z,44,111478.jpg,1.8,False,Veltman,0.1,False,,d,6,36,7,7088,11,21007,382,0.0,1.6,Veltman,152.0,2020-07-29,1992-01-15,False,p111478,324,0,0,0,6,0,0,0,2,0,0,0,28,68.2,19.9,6.0,9.5,21,12,15,36,4,0.00,0.01,0.01,5.82,225,89,287,96,330,113,298,100,,,,,,,0.0,0.0,0.0,0.0,1.62,1.67,498,111,526,216,288,102,421,157,1.11,0.0,10.0
209,True,True,0.0,0.0,110735,0,0,-1,1,0,2,0.0,0.0,0,Adam,0.0,153,False,Knee injury - Unknown return date,2025-08-08T14:30:04.202011Z,44,110735.jpg,0.0,False,Webster,0.0,False,,i,6,36,0,389,5,1170,9,0.0,0.0,Webster,241.0,2019-08-03,1995-01-04,False,p110735,0,0,0,0,0,0,0,0,0,0,0,0,0,0.0,0.0,0.0,0.0,0,0,0,0,0,0.00,0.00,0.00,0.00,557,222,546,223,518,217,558,222,,,,,,,0.0,0.0,0.0,0.0,0.0,0.0,497,110,525,215,566,224,710,238,0.0,0.0,0.0
210,True,False,0.0,0.0,439135,0,0,0,0,0,2,0.0,0.0,0,Eiran,0.0,154,False,Has joined Birmingham on loan for the rest of the season.,2025-07-28T11:50:54.390347Z,40,439135.jpg,0.0,False,Cashin,0.0,False,,u,6,36,0,0,0,652,5,0.0,0.0,Cashin,104.0,2025-01-31,2001-11-09,False,p439135,0,0,0,0,0,0,0,0,0,0,0,0,0,0.0,0.0,0.0,0.0,0,0,0,0,0,0.00,0.00,0.00,0.00,496,190,480,189,448,180,496,189,,,,,,,0.0,0.0,0.0,0.0,0.0,0.0,644,171,459,179,505,192,715,240,0.0,0.0,0.0
211,True,False,0.0,0.0,589100,0,0,0,0,0,2,0.0,0.0,0,Jacob,0.0,155,False,has joined Harrogate Town on loan until January.,2025-09-22T21:52:58.462370Z,40,589100.jpg,0.0,False,Slater,0.1,False,,u,6,36,0,3175,0,13361,185,0.0,0.0,Slater,,,,False,p589100,0,0,0,0,0,0,0,0,0,0,0,0,0,0.0,0.0,0.0,0.0,0,0,0,0,0,0.00,0.00,0.00,0.00,536,210,521,210,490,202,537,210,,,,,,,0.0,0.0,0.0,0.0,0.0,0.0,693,200,501,201,545,212,442,164,0.0,0.0,0.0
212,True,True,,,547720,0,0,-1,1,0,2,0.5,0.0,0,Charlie,0.0,156,False,,,39,547720.jpg,0.0,False,Tasker,0.1,False,,a,6,36,0,5084,103,9391,185,0.0,0.0,Tasker,241.0,2025-03-28,2006-02-24,False,p547720,0,0,0,0,0,0,0,0,0,0,0,0,0,0.0,0.0,0.0,0.0,0,0,0,0,0,0.00,0.00,0.00,0.00,458,172,440,171,407,161,458,171,,,,,,,0.0,0.0,0.0,0.0,0.0,0.0,732,233,421,161,467,174,401,149,0.0,0.0,0.0
213,True,True,75.0,75.0,451340,0,0,-2,2,0,3,0.8,0.4,0,Mitoma,0.5,157,False,Knock - 75% chance of playing,2025-10-02T13:00:07.769683Z,63,451340.jpg,3.3,False,Kaoru,2.7,False,,d,6,36,20,160609,289,643250,12479,0.1,3.2,Mitoma,108.0,2021-08-09,1997-05-20,False,p451340,508,1,1,1,8,0,0,0,1,0,0,0,64,88.4,95.8,88.0,26.9,6,13,3,22,6,0.76,0.29,1.05,7.99,189,78,91,66,86,51,122,63,,,,,,,0.13,0.0,0.05,0.18,1.42,1.42,73,50,346,162,133,55,113,39,1.06,0.18,3.9
214,True,True,100.0,100.0,463067,0,0,-3,3,0,3,3.5,3.0,2,Georginio,3.0,158,False,,2025-08-25T07:30:07.559102Z,57,463067.jpg,3.1,False,Rutter,0.4,False,,a,6,36,25,44906,1624,154251,903,0.5,4.4,Georginio,73.0,2024-08-19,2002-04-20,False,p463067,514,0,3,2,7,0,0,0,1,0,0,1,85,95.4,102.4,92.0,29.0,12,14,6,32,6,0.39,0.80,1.19,6.36,176,73,78,56,82,48,115,59,,,,,,,0.07,0.0,0.14,0.21,1.11,1.23,125,82,126,59,153,63,263,90,1.05,0.35,5.6
215,True,True,0.0,0.0,109345,0,0,-2,2,0,3,0.0,0.0,0,Solly,0.0,159,False,Knee injury - Unknown return date,2025-08-10T18:00:05.450301Z,58,109345.jpg,0.0,False,March,0.0,False,,i,6,36,0,332,9,2117,12,0.0,0.0,March,241.0,2012-07-01,1994-07-20,False,p109345,0,0,0,0,0,0,0,0,0,0,0,0,0,0.0,0.0,0.0,0.0,0,0,0,0,0,0.00,0.00,0.00,0.00,733,324,733,324,732,323,733,324,4.0,,,,,,0.0,0.0,0.0,0.0,0.0,0.0,106,72,726,321,733,324,709,309,0.0,0.0,0.0
216,True,True,,,592031,0,0,0,0,0,3,4.0,3.5,5,Yankuba,3.5,160,False,,,60,592031.jpg,4.2,False,Minteh,3.6,False,,a,6,36,38,521969,16780,243711,8248,0.6,6.3,Minteh,78.0,2024-07-01,2004-07-22,False,p592031,772,1,3,1,13,0,0,0,0,0,0,3,162,164.4,199.2,213.0,57.8,11,38,19,68,9,1.76,1.52,3.28,11.52,79,25,24,22,13,7,14,9,,,,,,,0.21,0.0,0.18,0.39,1.34,1.52,92,60,98,42,70,29,94,30,1.05,0.12,7.93
217,True,False,0.0,0.0,474120,0,0,-1,1,0,3,0.0,0.0,0,Julio,0.0,161,False,has joined Strasbourg permanently.,2025-08-10T18:00:05.470138Z,54,474120.jpg,0.0,False,Enciso Espínola,0.0,False,,u,6,36,0,105,0,2825,9,0.0,0.0,Enciso,168.0,2022-06-17,2004-01-23,False,p474120,0,0,0,0,0,0,0,0,0,0,0,0,0,0.0,0.0,0.0,0.0,0,0,0,0,0,0.00,0.00,0.00,0.00,725,317,724,318,721,317,726,318,,,,,,,0.0,0.0,0.0,0.0,0.0,0.0,184,113,714,311,726,318,696,299,0.0,0.0,0.0
218,True,True,75.0,75.0,513433,0,0,-1,1,0,3,1.5,1.1,0,Brajan,1.5,162,False,Knee injury - 75% chance of playing,2025-10-16T12:30:10.115478Z,54,513433.jpg,2.7,False,Gruda,0.1,False,,d,6,36,19,11703,16,12250,283,0.3,3.5,Gruda,80.0,2024-08-14,2004-05-31,False,p513433,218,1,1,0,3,0,0,0,0,0,0,2,56,74.0,56.3,94.0,22.4,1,15,5,21,2,1.57,0.40,1.97,2.90,214,91,165,112,76,42,163,84,2.0,,6.0,,,,0.65,0.0,0.17,0.82,1.2,1.24,191,119,224,107,199,83,543,199,0.83,0.0,8.67
219,True,True,0.0,0.0,532529,0,0,-3,3,0,3,0.0,0.0,0,Jack,0.0,163,False,Ankle injury - Unknown return date,2025-09-13T21:30:08.019508Z,52,532529.jpg,1.3,False,Hinshelwood,0.0,False,,i,6,36,4,1074,9,10134,50,0.0,0.8,Hinshelwood,241.0,2022-12-30,2005-04-11,False,p532529,107,0,0,0,2,0,0,0,0,0,0,0,22,9.4,2.0,0.0,1.2,2,6,3,11,2,0.00,0.01,0.01,2.32,384,177,377,191,708,311,408,192,,,,,,,0.0,0.0,0.01,0.01,1.95,1.68,231,145,701,304,339,161,621,252,1.68,0.0,9.25
220,True,False,0.0,0.0,219249,0,0,0,0,1,3,0.0,0.0,0,Matt,0.0,164,False,has joined Marseille on loan for the rest of the season.,2025-09-02T12:06:29.272628Z,55,219249.jpg,6.0,False,O'Riley,0.4,False,,u,6,36,12,130744,0,191561,631,0.0,2.2,O'Riley,58.0,2024-08-26,2000-11-21,False,p219249,177,1,0,1,2,0,0,0,0,0,0,2,36,60.8,66.6,63.0,19.0,3,2,4,9,2,1.21,0.17,1.38,2.12,237,101,143,97,128,78,196,100,1.0,,2.0,,2.0,,0.62,0.0,0.09,0.71,1.08,1.02,145,92,722,318,10,2,264,91,1.02,0.51,4.58
221,True,False,0.0,0.0,516211,0,0,-1,1,0,3,0.0,0.0,0,Abdallah,0.0,165,False,has joined Lens permanently.,2025-09-02T12:06:29.290672Z,54,516211.jpg,0.0,False,Sima,0.0,False,,u,6,36,0,247,0,2069,11,0.0,0.0,Sima,189.0,2021-08-30,2001-06-17,False,p516211,0,0,0,0,0,0,0,0,0,0,0,0,0,0.0,0.0,0.0,0.0,0,0,0,0,0,0.00,0.00,0.00,0.00,726,318,725,319,722,318,727,319,,,,,,,0.0,0.0,0.0,0.0,0.0,0.0,192,120,716,313,727,319,682,291,0.0,0.0,0.0
222,True,True,,,509416,0,0,-1,1,0,3,2.3,1.8,1,Yasin,1.8,166,False,,,49,509416.jpg,2.6,False,Ayari,0.3,False,,a,6,36,23,43616,630,30991,1377,0.4,4.7,Ayari,206.0,2023-01-30,2003-10-06,False,p509416,691,1,0,0,12,0,0,0,0,0,0,2,138,116.0,128.8,66.0,31.1,21,36,17,74,7,0.62,0.47,1.09,9.24,145,52,58,44,124,76,100,55,3.0,,5.0,,,,0.08,0.0,0.06,0.14,1.2,1.56,344,213,202,95,202,85,297,101,0.91,0.0,9.64
223,True,True,,,535301,-1,1,-3,3,0,3,1.7,1.2,0,Carlos,1.2,167,False,,,47,535301.jpg,1.2,False,Baleba,2.1,False,,a,6,36,11,106717,2340,382960,5910,0.3,2.3,Baleba,38.0,2023-08-29,2004-01-03,False,p535301,480,0,0,2,7,0,0,0,3,0,0,0,53,22.4,40.3,9.0,7.2,18,33,9,60,8,0.13,0.14,0.27,7.15,348,160,213,134,309,163,328,160,,,,,,,0.02,0.0,0.03,0.05,1.34,1.31,384,241,237,114,349,163,125,44,1.5,0.38,11.25
224,True,True,100.0,100.0,514254,0,0,-1,1,0,3,2.0,1.5,1,Diego,1.5,169,False,,2025-10-16T12:30:10.190452Z,49,514254.jpg,1.1,False,Gómez Amarilla,0.1,False,,a,6,36,9,10559,106,9283,245,0.3,1.8,Gomez,168.0,2025-01-01,2003-03-27,False,p514254,374,0,0,0,7,0,0,0,2,0,0,0,53,52.0,44.4,45.0,14.3,9,18,19,46,4,0.32,0.13,0.45,5.41,263,116,200,129,175,101,238,118,,,3.0,,,,0.08,0.0,0.03,0.11,1.3,1.68,345,214,218,102,355,168,478,162,0.96,0.0,11.07
225,True,True,,,15157,0,0,0,0,0,3,2.0,1.5,4,James,1.5,170,False,,,50,15157.jpg,2.1,False,Milner,0.1,False,,a,6,36,15,13949,278,14063,302,0.3,3.0,Milner,241.0,2023-07-01,1986-01-04,False,p15157,187,1,1,0,7,0,0,0,1,0,0,0,66,79.6,71.2,17.0,16.8,6,10,3,19,1,0.79,0.40,1.19,3.34,208,88,130,90,276,151,215,111,,,,,,,0.38,0.0,0.19,0.57,1.61,3.37,242,150,219,103,254,114,404,134,0.48,0.0,9.14
226,True,False,0.0,0.0,441192,0,0,-1,1,0,3,0.0,0.0,0,Jeremy,0.0,171,False,has joined Cremonese on loan for the rest of the season.,2025-09-02T12:06:29.308383Z,49,441192.jpg,0.0,False,Sarmiento Morante,0.0,False,,u,6,36,0,196,0,2727,16,0.0,0.0,Sarmiento,62.0,2021-09-21,2002-06-16,False,p441192,0,0,0,0,0,0,0,0,0,0,0,0,0,0.0,0.0,0.0,0.0,0,0,0,0,0,0.00,0.00,0.00,0.00,692,297,687,297,673,291,693,298,,,,,,,0.0,0.0,0.0,0.0,0.0,0.0,327,204,674,286,695,298,666,282,0.0,0.0,0.0
227,True,True,100.0,100.0,549074,0,0,-1,1,0,3,0.7,0.2,1,Tom,0.2,172,False,,2025-08-10T18:00:05.491553Z,49,549074.jpg,1.0,False,Watson,0.0,False,,a,6,36,1,941,38,2135,51,0.0,0.2,Watson,241.0,2025-06-01,2006-04-08,False,p549074,31,0,0,0,2,0,0,0,0,0,0,0,7,5.6,1.3,7.0,1.4,0,2,1,3,0,0.04,0.01,0.05,0.67,402,187,382,193,322,171,405,190,,,,,,,0.12,0.0,0.03,0.15,1.95,5.81,347,216,370,169,392,185,627,257,0.0,0.0,8.71
228,True,True,100.0,100.0,467779,0,0,-1,1,0,3,4.3,3.8,4,Mats,3.8,173,False,,2025-09-01T10:30:07.953121Z,49,467779.jpg,3.3,False,Wieffer,0.1,False,,a,6,36,23,5321,508,6269,115,0.8,4.7,Wieffer,152.0,2024-07-06,1999-11-16,False,p467779,459,0,2,0,8,0,0,0,3,0,0,0,101,122.4,70.9,43.0,23.7,26,25,22,73,5,0.15,0.55,0.70,5.33,134,48,131,91,185,107,152,79,,,,,,,0.03,0.0,0.11,0.14,1.05,1.57,333,207,76,30,128,54,539,197,0.98,0.0,14.31
229,True,False,0.0,0.0,611695,0,0,0,0,0,3,0.0,0.0,0,Malick,0.0,174,False,Has joined Swansea City on loan for the rest of the season.,2025-08-15T12:03:00.771795Z,50,611695.jpg,0.0,False,Yalcouyé,0.0,False,,u,6,36,0,0,0,1213,4,0.0,0.0,Yalcouye,54.0,2024-07-12,2005-11-18,False,p611695,0,0,0,0,0,0,0,0,0,0,0,0,0,0.0,0.0,0.0,0.0,0,0,0,0,0,0.00,0.00,0.00,0.00,712,311,710,311,702,308,713,312,,,,,,,0.0,0.0,0.0,0.0,0.0,0.0,289,181,696,301,715,312,716,313,0.0,0.0,0.0
230,True,True,,,567121,0,0,0,0,0,3,0.5,0.0,0,Joe,0.0,175,False,,,45,567121.jpg,0.0,False,Knight,0.1,False,,a,6,36,0,6501,107,7869,176,0.0,0.0,Knight,,,,False,p567121,0,0,0,0,0,0,0,0,0,0,0,0,0,0.0,0.0,0.0,0.0,0,0,0,0,0,0.00,0.00,0.00,0.00,645,265,638,265,619,256,646,266,,,,,,,0.0,0.0,0.0,0.0,0.0,0.0,460,275,621,250,654,270,491,169,0.0,0.0,0.0
231,True,False,0.0,0.0,550141,0,0,0,0,0,3,0.0,0.0,0,Adrian,0.0,176,False,has joined Dinamo Bucharest permanently.,2025-09-22T21:46:15.598017Z,45,550141.jpg,0.0,False,Mazilu,0.0,False,,u,6,36,0,1435,0,3842,42,0.0,0.0,Mazilu,,,,False,p550141,0,0,0,0,0,0,0,0,0,0,0,0,0,0.0,0.0,0.0,0.0,0,0,0,0,0,0.00,0.00,0.00,0.00,637,259,630,259,611,250,638,260,,,,,,,0.0,0.0,0.0,0.0,0.0,0.0,450,269,613,244,646,264,640,265,0.0,0.0,0.0
232,True,False,0.0,0.0,513834,0,0,0,0,0,3,0.0,0.0,0,Andrew,0.0,177,False,Has joined Los Angeles FC on loan for the rest of the season.,2025-08-22T14:16:38.542849Z,45,513834.jpg,0.0,False,Moran,0.0,False,,u,6,36,0,490,0,4628,23,0.0,0.0,Moran,104.0,2021-08-23,2003-10-15,False,p513834,0,0,0,0,0,0,0,0,0,0,0,0,0,0.0,0.0,0.0,0.0,0,0,0,0,0,0.00,0.00,0.00,0.00,631,253,624,253,605,244,632,254,,,,,,,0.0,0.0,0.0,0.0,0.0,0.0,442,262,607,238,640,258,657,275,0.0,0.0,0.0
233,True,True,,,50175,1,-1,-1,1,2,4,8.3,7.8,6,Danny,7.8,178,False,,,64,50175.jpg,4.1,False,Welbeck,4.8,False,,a,6,36,37,491473,123045,441613,4911,1.2,5.8,Welbeck,241.0,2020-10-18,1990-11-26,False,p50175,544,5,0,0,13,0,0,1,2,0,0,6,157,188.2,98.1,162.0,44.5,4,10,5,19,6,3.23,0.47,3.70,8.41,54,5,87,5,31,14,34,7,,,1.0,,1.0,,0.53,0.0,0.08,0.61,1.39,2.15,61,20,5,2,80,10,77,15,0.99,0.0,3.14
234,True,False,0.0,0.0,487117,0,0,0,0,0,4,0.0,0.0,0,Evan,0.0,179,False,Has joined AS Roma on loan for the rest of the season,2025-07-24T10:13:22.396984Z,55,487117.jpg,0.0,False,Ferguson,0.0,False,,u,6,36,0,0,0,1493,6,0.0,0.0,Ferguson,104.0,2021-08-23,2004-10-19,False,p487117,0,0,0,0,0,0,0,0,0,0,0,0,0,0.0,0.0,0.0,0.0,0,0,0,0,0,0.00,0.00,0.00,0.00,731,77,731,77,729,77,732,77,,,,,,,0.0,0.0,0.0,0.0,0.0,0.0,152,36,724,74,732,77,701,82,0.0,0.0,0.0
235,True,True,,,608181,0,0,-2,2,0,4,2.3,1.8,1,Stefanos,1.8,180,False,,,53,608181.jpg,1.6,False,Tzimas,0.1,False,,a,6,36,8,9388,265,14354,264,0.3,1.5,Tzimas,83.0,2025-02-03,2006-01-06,False,p608181,70,0,1,0,2,0,0,0,0,0,0,0,22,27.0,50.9,21.0,9.9,1,5,2,8,0,0.35,0.05,0.40,1.86,333,30,176,15,267,42,293,30,,,,,,,0.45,0.0,0.06,0.51,2.39,2.57,215,47,205,21,306,32,451,62,0.0,0.0,10.29
236,True,True,,,647850,0,0,-2,2,0,4,2.0,1.5,5,Charalampos,1.5,181,False,,,48,647850.jpg,3.0,False,Kostoulas,0.3,False,,a,6,36,6,21058,1120,42126,532,0.3,1.2,Kostoulas,83.0,2025-07-01,2007-05-30,False,p647850,12,1,0,0,1,0,0,0,0,0,0,0,32,35.2,0.6,40.0,7.6,0,2,0,2,0,0.27,0.01,0.28,0.51,311,29,393,47,201,37,325,36,,,,,,,2.02,0.0,0.08,2.1,3.82,7.5,380,59,214,24,162,19,308,50,0.0,0.0,15.0
237,True,True,,,556637,0,0,0,0,0,3,0.5,0.0,0,Nehemiah,0.0,744,False,,,45,556637.jpg,0.0,False,Oriola,0.0,False,,a,6,36,0,323,53,42,13,0.0,0.0,Oriola,241.0,2025-10-17,2007-06-11,False,p556637,0,0,0,0,0,0,0,0,0,0,0,0,0,0.0,0.0,0.0,0.0,0,0,0,0,0,0.00,0.00,0.00,0.00,641,262,634,262,615,253,642,263,,,,,,,0.0,0.0,0.0,0.0,0.0,0.0,456,272,617,247,650,267,733,323,0.0,0.0,0.0
238,True,True,100.0,100.0,536916,0,0,-2,2,0,3,0.5,1.0,0,Facundo,0.0,168,False,,2025-09-21T22:30:05.997985Z,48,536916.jpg,1.0,False,Buonanotte,0.1,False,,a,7,8,1,7594,54,20179,249,0.0,0.2,Buonanotte,10.0,2025-09-01,2004-12-23,False,p536916,45,0,0,0,1,0,0,0,0,0,0,0,4,5.6,25.1,8.0,3.9,0,2,1,3,1,0.00,0.09,0.09,0.55,401,186,259,153,312,165,373,177,,,,,,,0.0,0.0,0.18,0.18,1.1,2.0,375,235,658,274,385,181,474,160,2.0,0.0,6.0
239,True,True,,,215059,0,0,-1,1,0,1,2.7,3.2,1,Robert,2.2,220,False,,,49,215059.jpg,2.8,False,Lynch Sánchez,14.1,False,,a,7,8,25,574089,3753,1720316,25792,0.4,5.1,Sánchez,200.0,2023-08-05,1997-11-18,False,p215059,724,0,0,3,11,0,0,0,1,1,17,1,99,140.4,20.0,0.0,15.9,5,71,0,0,9,0.00,0.01,0.01,11.78,102,13,286,2,666,74,223,13,,,,,,,0.0,2.11,0.0,0.0,1.46,1.37,310,13,157,13,189,17,29,3,1.12,0.37,0.0
240,True,True,,,508479,0,0,-1,1,0,1,0.5,1.0,0,Filip,0.0,221,False,,,44,508479.jpg,1.0,False,Jörgensen,0.2,False,,a,7,8,1,9448,61,17094,294,0.0,0.2,Jörgensen,58.0,2024-07-30,2002-04-16,False,p508479,84,0,0,0,2,0,0,0,0,0,1,0,4,9.4,0.0,0.0,0.9,2,5,0,0,0,0.00,0.00,0.00,1.79,383,28,570,70,546,60,411,28,,,,,,,0.0,1.07,0.0,0.0,1.92,2.14,549,31,554,78,372,28,375,57,0.0,0.0,0.0
241,True,False,0.0,0.0,549939,0,0,0,0,0,1,0.0,0.0,0,Mike,0.0,222,False,Has joined RC Strasbourg on loan for the rest of the season.,2025-07-28T11:48:06.001822Z,40,549939.jpg,0.0,False,Penders,0.0,False,,u,7,8,0,0,0,292,1,0.0,0.0,Penders,21.0,2024-08-27,2005-07-31,False,p549939,0,0,0,0,0,0,0,0,0,0,0,0,0,0.0,0.0,0.0,0.0,0,0,0,0,0,0.00,0.00,0.00,0.00,524,70,509,56,478,44,525,70,,,,,,,0.0,0.0,0.0,0.0,0.0,0.0,681,75,489,65,534,70,732,83,0.0,0.0,0.0
242,True,True,,,471798,0,0,-1,1,0,1,0.5,1.0,0,Gabriel,0.0,223,False,,,39,471798.jpg,0.0,False,Słonina,0.1,False,,a,7,8,0,4736,381,6448,118,0.0,0.0,Slonina,229.0,2022-08-02,2004-05-15,False,p471798,0,0,0,0,0,0,0,0,0,0,0,0,0,0.0,0.0,0.0,0.0,0,0,0,0,0,0.00,0.00,0.00,0.00,444,32,426,16,393,4,444,32,,,,,,,0.0,0.0,0.0,0.0,0.0,0.0,717,83,406,27,453,32,449,70,0.0,0.0,0.0
243,True,True,,,179268,0,0,1,-1,0,2,4.5,5.0,1,Marc,4.0,224,False,,,61,179268.jpg,4.0,False,Cucurella Saseta,22.5,False,,a,7,8,36,1663762,16980,1494569,38646,0.7,5.9,Cucurella,200.0,2022-08-05,1998-07-22,False,p179268,716,0,2,3,10,0,0,0,2,0,0,4,167,173.8,191.4,60.0,42.5,35,31,20,55,8,0.36,1.33,1.69,12.18,69,31,29,5,140,26,41,5,,,,,,,0.05,0.0,0.17,0.22,1.53,1.26,84,2,72,29,88,37,15,7,1.01,0.38,6.91
244,True,True,100.0,100.0,225796,0,0,0,0,1,2,7.0,7.5,1,Reece,6.5,225,False,,2025-10-13T09:30:08.256625Z,55,225796.jpg,4.2,False,James,7.5,False,,a,7,8,38,650055,28782,453384,15843,1.2,6.9,James,241.0,2019-05-15,1999-12-08,False,p225796,603,1,3,2,9,0,0,0,2,0,0,3,159,182.2,199.0,52.0,43.4,25,31,14,39,6,0.34,1.01,1.35,12.33,56,24,25,3,158,34,38,4,3.0,,2.0,,,,0.05,0.0,0.15,0.2,1.84,1.34,146,17,13,5,68,28,52,16,0.9,0.3,5.82
245,True,True,100.0,100.0,180736,0,0,1,-1,1,2,1.5,2.0,1,Trevoh,1.0,226,False,,2025-09-28T00:00:08.404840Z,51,180736.jpg,5.2,False,Chalobah,7.9,False,,a,7,8,42,1432665,6994,784884,20453,0.2,8.2,Chalobah,241.0,2018-02-16,1999-07-05,False,p180736,660,2,1,3,10,0,0,0,1,1,0,2,156,221.2,49.3,83.0,35.3,54,30,11,65,8,0.77,0.57,1.34,9.03,23,9,183,43,90,13,75,21,,,,,,,0.1,0.0,0.08,0.18,1.23,1.36,235,34,269,91,25,14,48,15,1.09,0.41,8.86
246,True,True,0.0,0.0,460028,0,0,-2,2,0,2,0.0,0.0,0,Levi,0.0,227,False,Anterior cruciate ligament - Unknown return date,2025-08-08T14:30:04.255160Z,48,460028.jpg,0.0,False,Samuels Colwill,0.1,False,,i,7,8,0,650,10,28693,114,0.0,0.0,Colwill,241.0,2022-07-01,2003-02-26,False,p460028,0,0,0,0,0,0,0,0,0,0,0,0,0,0.0,0.0,0.0,0.0,0,0,0,0,0,0.00,0.00,0.00,0.00,679,238,674,239,657,237,680,238,,,,,,,0.0,0.0,0.0,0.0,0.0,0.0,372,65,656,235,683,240,441,163,0.0,0.0,0.0
247,True,True,100.0,0.0,482609,0,0,-1,1,0,2,2.5,0.0,0,Malo,2.0,228,False,,2025-10-18T18:30:08.275780Z,49,482609.jpg,2.6,False,Gusto,1.0,False,,a,7,8,18,60633,479,155023,3425,0.4,3.7,Gusto,73.0,2023-01-28,2003-05-19,False,p482609,398,0,1,2,5,0,0,0,0,1,0,0,67,52.6,66.5,22.0,14.0,10,25,8,18,4,0.07,0.27,0.34,7.83,261,99,144,35,257,75,241,83,,,,,,,0.02,0.0,0.06,0.08,1.77,1.13,338,59,178,63,201,79,176,65,0.9,0.45,4.07
248,True,True,0.0,0.0,242880,0,0,-1,1,0,2,0.0,0.0,0,Benoît,0.0,229,False,Muscle injury - Expected back 03 Dec,2025-10-17T12:30:08.541306Z,44,242880.jpg,0.0,False,Badiashile Mukinayi,0.0,False,,i,7,8,0,1935,6,2798,109,0.0,0.0,B.Badiashile,73.0,2023-01-05,2001-03-26,False,p242880,65,0,0,0,2,0,0,0,1,0,0,0,3,16.0,1.7,0.0,1.8,5,3,1,6,1,0.00,0.02,0.02,2.17,366,135,381,137,526,221,397,140,,,,,,,0.0,0.0,0.03,0.03,3.0,2.77,519,127,535,221,573,228,671,227,1.38,0.0,8.31
249,True,True,100.0,100.0,444463,0,0,-1,1,0,2,0.5,1.0,0,Wesley,0.0,230,False,,2025-09-26T11:30:06.513349Z,44,444463.jpg,1.0,False,Fofana,0.2,False,,a,7,8,3,10188,218,22189,275,0.0,0.7,Fofana,73.0,2022-08-31,2000-12-17,False,p444463,129,0,0,0,3,0,0,0,0,0,0,0,18,27.2,4.3,0.0,3.2,10,2,3,13,2,0.00,0.01,0.01,2.44,332,125,363,127,530,223,380,133,,,,,,,0.0,0.0,0.01,0.01,1.7,2.09,524,130,539,223,370,132,391,145,1.4,0.0,9.07
250,True,False,0.0,0.0,574458,0,0,0,0,0,2,0.0,0.0,0,Mamadou,0.0,231,False,Has joined RC Strasbourg on loan for the rest of the season.,2025-08-11T01:09:37.642396Z,45,574458.jpg,0.0,False,Sarr,0.0,False,,u,7,8,0,0,0,1842,4,0.0,0.0,M.Sarr,73.0,2025-06-09,2005-08-29,False,p574458,0,0,0,0,0,0,0,0,0,0,0,0,0,0.0,0.0,0.0,0.0,0,0,0,0,0,0.00,0.00,0.00,0.00,649,234,642,235,623,233,650,234,,,,,,,0.0,0.0,0.0,0.0,0.0,0.0,464,100,625,230,658,236,703,237,0.0,0.0,0.0
251,True,True,100.0,100.0,109646,0,0,-1,1,0,2,1.0,1.5,1,Tosin,0.5,232,False,,2025-09-26T11:30:06.530261Z,44,109646.jpg,2.2,False,Adarabioyo,0.5,False,,a,7,8,13,89054,218,175227,1734,0.1,3.0,Tosin,241.0,2024-07-01,1997-09-24,False,p109646,376,0,0,1,6,0,0,0,1,0,0,0,57,104.4,6.5,11.0,12.2,33,14,6,39,3,0.05,0.07,0.11,5.39,157,66,353,120,299,99,273,92,,,,,,,0.01,0.0,0.02,0.03,1.29,1.44,496,109,313,107,231,87,241,88,0.72,0.24,9.34
252,True,True,100.0,100.0,577016,0,0,-1,1,1,2,5.0,5.5,2,Josh,4.5,233,False,,2025-09-24T11:30:08.237944Z,39,577016.jpg,5.4,False,Acheampong,2.0,False,,a,7,8,27,375690,13646,250786,3126,1.2,6.9,Acheampong,241.0,2024-03-10,2006-05-05,False,p577016,348,1,0,2,5,0,0,0,0,0,0,5,90,88.4,8.5,60.0,15.8,22,16,2,24,4,0.60,0.04,0.64,7.53,188,76,344,118,136,24,224,74,,,,,,,0.16,0.0,0.01,0.17,1.95,1.29,737,238,51,19,20,11,133,49,1.03,0.52,6.21
253,True,False,0.0,0.0,622758,0,0,0,0,0,2,0.0,0.0,0,Aarón,0.0,234,False,has joined Borussia Dortmund on loan for the rest of the season.,2025-09-02T11:35:16.308555Z,40,622758.jpg,0.0,False,Anselmino,0.1,False,,u,7,8,0,1030,0,9032,61,0.0,0.0,Anselmino,10.0,2024-08-08,2005-04-29,False,p622758,0,0,0,0,0,0,0,0,0,0,0,0,0,0.0,0.0,0.0,0.0,0,0,0,0,0,0.00,0.00,0.00,0.00,539,213,524,213,493,205,540,213,,,,,,,0.0,0.0,0.0,0.0,0.0,0.0,696,203,504,204,548,215,537,194,0.0,0.0,0.0
254,True,True,0.0,0.0,244851,0,0,-2,2,0,3,0.0,0.0,0,Cole,0.0,235,False,Groin Injury - Expected back 22 Nov,2025-09-20T23:30:06.610468Z,103,244851.jpg,3.7,False,Palmer,9.7,False,,i,7,8,11,683673,282,6256885,21515,0.0,1.1,Palmer,241.0,2023-09-01,2002-05-06,False,p244851,144,1,0,1,2,0,0,0,0,0,0,1,36,44.4,19.2,65.0,12.9,1,4,2,7,2,0.80,0.12,0.92,2.54,282,126,290,164,126,77,263,133,5.0,,1.0,,1.0,,0.5,0.0,0.08,0.58,1.59,1.25,4,2,746,332,106,40,42,15,1.25,0.62,4.38
255,True,True,100.0,100.0,247632,0,0,0,0,1,3,6.5,7.0,8,Pedro,6.0,236,False,,2025-10-17T12:30:08.587206Z,70,247632.jpg,4.4,False,Lomba Neto,5.3,False,,a,7,8,40,639421,28333,528764,8733,0.9,5.7,Neto,173.0,2024-08-11,2000-03-09,False,p247632,669,2,2,3,6,0,0,0,0,0,0,4,165,163.8,219.7,109.0,49.3,6,20,4,30,9,0.78,1.72,2.50,9.07,80,26,15,13,62,35,23,18,1.0,,,,,,0.1,0.0,0.23,0.33,1.22,0.81,34,20,18,8,58,23,68,20,1.21,0.4,4.04
256,True,True,100.0,100.0,448047,0,0,2,-2,1,3,3.7,4.2,2,Enzo,3.2,237,False,,2025-10-13T09:30:08.310616Z,67,448047.jpg,5.4,False,Fernández,15.0,False,,a,7,8,43,2251032,22234,1087580,49144,0.5,6.4,Enzo,10.0,2023-01-31,2001-01-17,False,p448047,708,3,2,2,11,0,0,0,1,0,0,3,169,209.6,182.4,205.0,59.8,9,28,14,51,8,3.89,0.94,4.83,11.17,39,13,30,25,15,8,11,8,4.0,,3.0,,4.0,,0.49,0.0,0.12,0.61,1.42,1.4,49,33,110,51,21,7,26,10,1.02,0.25,6.48
257,True,True,,,624773,0,0,0,0,0,3,4.3,4.8,1,Estêvão,3.8,238,False,,,65,624773.jpg,3.0,False,Almeida de Oliveira Gonçalves,2.5,False,,a,7,8,24,353327,5653,297438,12793,0.6,3.7,Estêvão,30.0,2025-07-14,2007-04-24,False,p624773,306,1,2,2,2,0,0,0,2,0,0,2,82,96.8,86.9,158.0,34.2,5,14,8,27,4,1.75,1.32,3.07,2.00,173,70,101,74,34,18,81,48,2.0,,,,,,0.51,0.0,0.39,0.9,0.59,0.59,60,41,81,34,173,70,116,41,1.18,0.59,7.94
258,True,True,,,463936,0,0,-3,3,0,3,1.3,1.8,1,Jamie,0.8,239,False,,,62,463936.jpg,1.0,False,Bynoe-Gittens,0.1,False,,a,7,8,7,7748,212,29839,274,0.1,1.1,Gittens,241.0,2025-07-05,2004-08-08,False,p463936,217,0,0,0,2,0,0,0,0,0,0,0,24,31.6,63.2,45.0,14.0,5,6,3,14,2,0.13,0.18,0.31,4.59,318,142,151,102,178,104,242,120,,,,,,,0.05,0.0,0.07,0.12,1.9,0.83,81,55,308,151,419,202,447,151,0.83,0.0,5.81
259,True,False,0.0,0.0,213198,0,0,-1,1,0,3,0.0,0.0,0,Christopher,0.0,240,False,has joined AC Milan permanently.,2025-09-02T11:35:16.323578Z,59,213198.jpg,0.0,False,Nkunku,0.1,False,,u,7,8,0,2668,0,22870,70,0.0,0.0,Nkunku,73.0,2023-07-01,1997-11-14,False,p213198,0,0,0,0,0,0,0,0,0,0,0,0,0,0.0,0.0,0.0,0.0,0,0,0,0,0,0.00,0.00,0.00,0.00,734,325,734,325,734,325,734,325,,,,,2.0,,0.0,0.0,0.0,0.0,0.0,0.0,100,67,729,323,734,325,484,165,0.0,0.0,0.0
260,True,True,100.0,100.0,486672,0,0,4,-4,1,3,4.3,4.8,2,Moisés,3.8,241,True,,2025-10-17T12:30:08.605769Z,59,486672.jpg,5.3,False,Caicedo Corozo,18.1,False,,a,7,8,48,2034422,51456,645330,40113,0.6,8.1,Caicedo,62.0,2023-08-14,2001-11-02,False,p486672,765,3,0,2,11,0,0,0,1,0,0,7,208,269.4,86.7,55.0,41.0,37,45,29,111,8,0.57,0.41,0.98,13.04,7,2,102,75,153,91,48,33,,,,,,,0.07,0.0,0.05,0.12,1.53,1.29,105,71,79,32,23,8,21,7,0.94,0.24,13.06
261,True,True,,,550615,0,0,-1,1,0,3,0.7,1.2,1,Tyrique,0.2,243,False,,,49,550615.jpg,1.0,False,George,0.1,False,,a,7,8,4,4099,90,5724,99,0.0,0.8,George,241.0,2024-04-15,2006-02-04,False,p550615,142,0,0,1,2,0,0,0,2,0,0,0,2,8.2,7.0,56.0,7.1,0,1,2,3,0,0.32,0.08,0.40,1.65,389,182,351,184,147,86,329,161,,,,,,,0.2,0.0,0.05,0.25,1.05,1.27,348,217,371,170,393,186,549,203,0.0,0.63,1.9
262,True,True,100.0,100.0,514356,0,0,-1,1,0,3,1.3,1.8,0,Roméo,0.8,244,False,,2025-08-10T22:00:04.594276Z,49,514356.jpg,1.0,False,Lavia,0.0,False,,a,7,8,3,2119,80,2724,130,0.2,0.6,Lavia,21.0,2023-08-18,2004-01-06,False,p514356,91,0,0,0,3,0,0,0,0,0,0,0,20,9.6,7.1,0.0,1.6,5,4,2,11,1,0.00,0.04,0.04,2.79,382,176,350,183,679,293,403,189,,,,,,,0.0,0.0,0.04,0.04,2.76,2.97,346,215,297,142,391,184,635,262,0.99,0.0,10.88
263,True,True,0.0,0.0,465920,0,0,0,0,0,3,0.0,0.0,0,Mykhailo,0.0,245,False,Suspended - unknown return date,2025-07-21T10:00:04.824210Z,50,465920.jpg,0.0,False,Mudryk,0.0,False,,s,7,8,0,501,15,842,20,0.0,0.0,Mudryk,225.0,2023-01-15,2001-01-05,False,p465920,0,0,0,0,0,0,0,0,0,0,0,0,0,0.0,0.0,0.0,0.0,0,0,0,0,0,0.00,0.00,0.00,0.00,704,305,702,305,693,301,705,306,,,,,,,0.0,0.0,0.0,0.0,0.0,0.0,271,167,688,295,707,306,704,304,0.0,0.0,0.0
264,True,True,100.0,100.0,532605,0,0,0,0,0,3,1.0,1.5,0,Andrey,0.5,246,False,,2025-10-01T00:30:06.094463Z,45,532605.jpg,0.9,False,Nascimento dos Santos,0.3,False,,a,7,8,6,39098,585,43645,1025,0.1,1.3,Andrey Santos,30.0,2023-01-07,2004-05-03,False,p532605,220,0,0,0,2,0,0,0,2,0,0,0,27,25.4,44.1,42.0,11.2,3,12,8,23,2,0.70,0.05,0.75,2.88,338,154,202,130,189,109,283,143,,,,,,,0.29,0.0,0.02,0.31,1.18,0.82,447,266,321,153,422,203,305,105,0.82,0.0,9.41
265,True,True,0.0,0.0,491007,0,0,-2,2,0,3,0.0,0.0,0,Dário,0.0,247,False,Thigh injury - Unknown return date,2025-09-11T07:00:06.794916Z,43,491007.jpg,0.0,False,Luís Essugo,0.1,False,,i,7,8,0,6413,1184,6804,291,0.0,0.0,D.Essugo,173.0,2025-06-02,2005-03-14,False,p491007,0,0,0,0,0,0,0,0,0,0,0,0,0,0.0,0.0,0.0,0.0,0,0,0,0,0,0.00,0.00,0.00,0.00,549,202,537,202,507,192,550,203,,,,,,,0.0,0.0,0.0,0.0,0.0,0.0,597,330,515,185,558,207,523,187,0.0,0.0,0.0
266,True,False,0.0,0.0,611134,0,0,0,0,0,3,0.0,0.0,0,Kendry,0.0,248,False,Has joined RC Strasbourg on loan for the rest of the season.,2025-08-11T01:09:37.664358Z,45,611134.jpg,0.0,False,Páez Andrade,0.0,False,,u,7,8,0,0,0,884,6,0.0,0.0,Paez,,,,False,p611134,0,0,0,0,0,0,0,0,0,0,0,0,0,0.0,0.0,0.0,0.0,0,0,0,0,0,0.00,0.00,0.00,0.00,663,278,656,278,637,269,664,279,,,,,,,0.0,0.0,0.0,0.0,0.0,0.0,480,289,639,263,670,281,721,316,0.0,0.0,0.0
267,True,True,,,475168,0,0,0,0,2,4,2.5,3.0,2,João Pedro,2.0,249,False,,,75,475168.jpg,4.8,False,Junqueira de Jesus,53.7,False,,a,7,8,43,3199100,15114,3215523,421432,0.3,5.7,João Pedro,30.0,2025-07-02,2001-09-26,False,p475168,757,2,3,3,9,0,0,0,0,0,0,8,165,178.8,156.4,144.0,47.4,13,18,5,36,9,1.57,0.46,2.03,12.26,62,6,45,2,41,17,27,5,,,,,,,0.19,0.0,0.05,0.24,1.46,1.07,25,9,189,18,42,4,3,2,1.07,0.36,4.28
268,True,True,50.0,0.0,463034,0,0,-3,3,0,4,0.2,0.0,0,Liam,0.0,250,False,Hamstring injury - 50% chance of playing,2025-08-31T01:30:07.879411Z,62,463034.jpg,1.3,False,Delap,0.9,False,,d,7,8,4,39590,651,391769,1148,0.0,0.6,Delap,241.0,2025-06-04,2003-02-08,False,p463034,91,0,0,0,1,0,0,0,0,0,0,0,12,8.0,3.5,43.0,5.0,1,3,0,4,2,0.23,0.03,0.26,0.31,392,38,369,43,188,36,353,39,,,,,,,0.23,0.0,0.03,0.26,0.31,0.99,80,25,731,75,342,36,188,28,1.98,0.0,3.96
269,True,False,0.0,0.0,517052,0,0,0,0,0,4,0.0,0.0,0,Nicolas,0.0,251,False,has joined Bayern Munich on loan for the rest of the season.,2025-09-02T11:35:16.339917Z,65,517052.jpg,0.0,False,Jackson,0.1,False,,u,7,8,0,4962,0,14596,69,0.0,0.0,N.Jackson,189.0,2023-07-01,2001-06-20,False,p517052,0,0,0,0,0,0,0,0,0,0,0,0,0,0.0,0.0,0.0,0.0,0,0,0,0,0,0.00,0.00,0.00,0.00,741,81,741,81,741,81,741,81,,,,,,,0.0,0.0,0.0,0.0,0.0,0.0,59,19,737,79,741,81,498,67,0.0,0.0,0.0
270,True,True,100.0,100.0,499309,-1,1,-3,3,0,4,1.5,2.0,2,Marc,1.0,252,False,,2025-09-24T11:30:08.351112Z,42,499309.jpg,1.2,False,Guiu Paz,7.0,False,,a,7,8,6,514795,18785,1859129,16922,0.2,1.4,Marc Guiu,200.0,2024-07-01,2006-01-04,False,p499309,149,0,0,0,2,0,0,0,0,0,0,0,4,1.0,4.0,46.0,3.9,2,1,0,3,1,0.61,0.01,0.62,4.05,424,49,365,42,171,34,371,42,,,,,,,0.37,0.0,0.01,0.38,2.45,1.21,609,82,260,27,344,37,54,10,0.6,0.0,1.81
271,True,True,,,493105,0,0,-1,1,0,3,2.7,3.2,6,Alejandro,2.2,453,False,,,64,493105.jpg,2.5,False,Garnacho Ferreyra,0.4,False,,a,7,8,10,45919,2334,41354,972,0.3,1.6,Garnacho,10.0,2025-08-30,2004-07-01,False,p493105,187,1,0,0,3,0,0,0,0,0,0,0,38,37.0,21.7,78.0,13.7,2,6,2,10,3,0.27,0.14,0.41,3.80,308,137,279,161,96,58,249,125,,,,,,,0.13,0.0,0.07,0.2,1.83,1.44,68,45,167,82,213,91,283,97,1.44,0.0,4.81
272,True,True,,,551210,-1,1,-3,3,0,2,1.3,1.8,0,Jorrel,0.8,672,False,,,47,551210.jpg,0.8,False,Hato,0.2,False,,a,7,8,3,8583,194,29585,408,0.2,0.6,Hato,152.0,2025-08-03,2006-03-07,False,p551210,166,0,0,0,2,0,0,0,2,0,0,0,5,24.0,3.3,6.0,3.2,6,5,2,8,2,0.00,0.01,0.01,2.51,343,128,370,131,333,116,381,134,,,,,,,0.0,0.0,0.01,0.01,1.36,1.08,385,67,291,99,428,144,371,135,1.08,0.0,4.34
273,True,True,,,611912,0,0,0,0,0,3,0.5,1.0,0,Landon,0.0,743,False,,,45,611912.jpg,0.0,False,Emenalo,0.0,False,,a,7,8,0,458,43,148,30,0.0,0.0,Emenalo,241.0,2025-04-01,2008-01-18,False,p611912,0,0,0,0,0,0,0,0,0,0,0,0,0,0.0,0.0,0.0,0.0,0,0,0,0,0,0.00,0.00,0.00,0.00,664,279,657,279,638,270,665,280,,,,,,,0.0,0.0,0.0,0.0,0.0,0.0,481,290,640,264,671,282,717,314,0.0,0.0,0.0
274,True,True,,,172649,0,0,0,0,0,1,2.0,1.5,2,Dean,2.0,253,False,,,50,172649.jpg,3.3,False,Henderson,7.6,False,,a,8,31,30,402049,4952,359170,8937,0.4,6.0,Henderson,241.0,2023-08-31,1997-03-12,False,p172649,810,0,0,3,9,0,0,0,1,0,20,0,136,177.4,10.0,0.0,18.5,6,66,0,0,9,0.00,0.06,0.06,11.96,66,11,340,8,686,78,208,11,,,,,,,0.0,2.22,0.01,0.01,1.33,1.0,251,10,180,16,129,13,51,10,1.0,0.33,0.0
275,True,True,100.0,100.0,121709,0,0,0,0,0,1,0.0,-0.5,0,Walter,0.0,254,False,,2025-09-19T14:49:12.216385Z,40,121709.jpg,0.0,False,Benítez,0.3,False,,a,8,31,0,7341,85,19606,229,0.0,0.0,Benitez,10.0,2025-07-01,1993-01-19,False,p121709,0,0,0,0,0,0,0,0,0,0,0,0,0,0.0,0.0,0.0,0.0,0,0,0,0,0,0.00,0.00,0.00,0.00,480,45,464,31,432,19,480,45,,,,,,,0.0,0.0,0.0,0.0,0.0,0.0,625,50,443,40,489,45,299,42,0.0,0.0,0.0
276,True,True,,,169593,0,0,0,0,0,1,0.0,-0.5,0,Remi,0.0,255,False,,,40,169593.jpg,0.0,False,Matthews,0.1,False,,a,8,31,0,2614,24,4804,92,0.0,0.0,Matthews,241.0,2021-07-13,1994-02-10,False,p169593,0,0,0,0,0,0,0,0,0,0,0,0,0,0.0,0.0,0.0,0.0,0,0,0,0,0,0.00,0.00,0.00,0.00,486,48,470,34,438,22,486,48,,,,,,,0.0,0.0,0.0,0.0,0.0,0.0,631,53,449,43,495,48,464,73,0.0,0.0,0.0
277,True,True,,,247348,0,0,1,-1,0,2,5.5,5.0,2,Daniel,5.5,256,False,,,56,247348.jpg,5.3,False,Muñoz Mejía,13.8,False,,a,8,31,48,1314314,49337,684721,8727,1.0,8.6,Muñoz,48.0,2024-01-30,1996-05-26,False,p247348,810,1,3,3,9,0,0,0,3,0,0,2,163,208.2,104.1,164.0,47.5,43,36,25,68,9,0.88,1.76,2.64,11.96,40,16,76,18,29,2,25,2,,,,,,,0.1,0.0,0.2,0.3,1.33,1.0,128,12,26,9,22,12,30,10,1.0,0.33,7.56
278,True,True,,,437499,0,0,1,-1,1,2,3.0,2.5,4,Maxence,3.0,257,False,,,51,437499.jpg,4.7,False,Lacroix,3.7,False,,a,8,31,42,566341,3888,306253,6829,0.6,8.2,Lacroix,73.0,2024-08-30,2000-04-06,False,p437499,810,0,1,3,9,0,0,0,1,0,0,2,158,211.2,31.5,48.0,29.0,82,26,18,100,9,0.34,0.18,0.52,11.96,37,15,237,72,169,38,114,37,,,,,,,0.04,0.0,0.02,0.06,1.33,1.0,240,36,121,45,46,21,91,33,1.0,0.33,11.11
279,True,True,,,244723,0,0,0,0,0,2,2.0,1.5,2,Tyrick,2.0,258,False,,,50,244723.jpg,4.2,False,Mitchell,2.3,False,,a,8,31,38,231635,2402,134128,4557,0.4,7.6,Mitchell,241.0,2019-12-15,1999-09-01,False,p244723,810,1,0,3,9,0,0,0,2,0,0,2,155,203.8,133.5,77.0,41.5,43,43,31,74,9,0.39,0.52,0.91,11.96,43,18,56,11,98,16,44,6,,,,,,,0.04,0.0,0.06,0.1,1.33,1.0,266,41,181,64,66,27,121,45,1.0,0.33,8.22
280,True,True,,,218364,0,0,-1,1,0,2,0.2,-0.3,1,Borna,0.2,259,False,,,49,218364.jpg,1.0,False,Sosa,0.1,False,,a,8,31,1,5054,100,11051,183,0.0,0.2,Sosa,97.0,2025-07-11,1998-01-21,False,p218364,1,0,0,0,0,0,0,0,0,0,0,0,3,0.0,0.0,0.0,0.0,0,1,0,0,0,0.00,0.00,0.00,0.00,686,239,681,240,667,238,687,239,4.0,,,,,,0.0,0.0,0.0,0.0,0.0,0.0,311,49,368,132,389,136,444,165,0.0,0.0,0.0
281,True,True,,,209036,0,0,4,-4,1,2,4.5,4.0,4,Marc,4.5,260,True,,,49,209036.jpg,6.0,False,Guéhi,32.4,False,,a,8,31,54,2925357,61802,600898,12553,0.9,11.0,Guéhi,241.0,2021-07-18,2000-07-13,False,p209036,810,1,3,3,9,0,0,0,0,0,0,3,180,219.4,77.3,101.0,39.8,56,31,17,73,9,0.89,0.98,1.87,11.96,30,12,118,26,69,10,52,9,,,,,,,0.1,0.0,0.11,0.21,1.33,1.0,307,48,54,22,8,6,7,2,1.0,0.33,8.11
282,True,True,,,427623,0,0,0,0,0,2,3.0,2.5,2,Chris,3.0,261,False,,,45,427623.jpg,4.2,False,Richards,3.3,False,,a,8,31,38,439589,6021,213806,3985,0.7,8.4,Richards,229.0,2022-07-27,2000-03-28,False,p427623,810,0,0,3,9,0,0,0,0,0,0,0,146,219.6,48.1,32.0,30.1,76,10,21,97,9,0.39,0.81,1.20,11.96,28,10,185,45,222,58,104,32,,,,,,,0.04,0.0,0.09,0.13,1.33,1.0,418,87,116,43,65,26,98,37,1.0,0.33,10.78
283,True,True,0.0,0.0,515621,0,0,0,0,0,2,0.0,0.0,0,Chadi,0.0,262,False,Knee injury - Expected back 09 Nov,2025-07-21T10:00:04.863209Z,40,515621.jpg,0.0,False,Riad Dnanou,0.0,False,,i,8,31,0,378,4,729,4,0.0,0.0,Chadi Riad,145.0,2024-07-02,2003-06-17,False,p515621,0,0,0,0,0,0,0,0,0,0,0,0,0,0.0,0.0,0.0,0.0,0,0,0,0,0,0.00,0.00,0.00,0.00,520,200,505,200,473,191,521,200,,,,,,,0.0,0.0,0.0,0.0,0.0,0.0,676,189,484,190,530,203,714,239,0.0,0.0,0.0
284,True,True,,,57328,0,0,-1,1,0,2,0.0,-0.5,0,Nathaniel,0.0,263,False,,,39,57328.jpg,1.0,False,Clyne,0.5,False,,a,8,31,1,15980,144,38490,694,0.0,0.3,Clyne,241.0,2020-10-14,1991-04-05,False,p57328,4,0,0,0,0,0,0,0,0,0,0,0,5,3.4,0.5,0.0,0.4,1,0,1,2,0,0.00,0.00,0.00,0.00,409,147,395,142,377,136,422,147,,,,,,,0.0,0.0,0.0,0.0,0.0,0.0,700,206,392,137,360,123,245,91,0.0,0.0,45.0
285,True,False,0.0,0.0,156074,0,0,0,0,0,2,0.0,0.0,0,Rob,0.0,264,False,Has joined Colorado Rapids permanently.,2025-08-11T01:12:01.613357Z,40,156074.jpg,0.0,False,Holding,0.0,False,,u,8,31,0,0,0,3413,28,0.0,0.0,Holding,241.0,2023-09-01,1995-09-20,False,p156074,0,0,0,0,0,0,0,0,0,0,0,0,0,0.0,0.0,0.0,0.0,0,0,0,0,0,0.00,0.00,0.00,0.00,483,184,467,183,435,174,483,183,,,,,,,0.0,0.0,0.0,0.0,0.0,0.0,628,162,446,173,492,186,654,223,0.0,0.0,0.0
286,True,True,0.0,0.0,590012,0,0,0,0,0,2,0.0,0.0,0,Caleb,0.0,265,False,Back injury - Unknown return date,2025-08-10T22:30:04.775923Z,40,590012.jpg,0.0,False,Kporha,0.0,False,,i,8,31,0,336,7,1738,13,0.0,0.0,Kporha,241.0,2024-07-30,2006-07-15,False,p590012,0,0,0,0,0,0,0,0,0,0,0,0,0,0.0,0.0,0.0,0.0,0,0,0,0,0,0.00,0.00,0.00,0.00,537,211,522,211,491,203,538,211,,,,,,,0.0,0.0,0.0,0.0,0.0,0.0,694,201,502,202,546,213,681,232,0.0,0.0,0.0
287,True,True,100.0,100.0,232185,0,0,0,0,1,3,5.5,5.0,2,Ismaïla,5.5,267,False,,2025-09-01T10:30:08.125928Z,65,232185.jpg,5.7,False,Sarr,8.5,False,,a,8,31,40,1345951,40292,900547,17129,0.8,6.2,Sarr,189.0,2024-08-01,1998-02-25,False,p232185,612,3,1,3,6,0,0,0,1,0,0,6,125,166.2,80.2,142.0,39.0,12,24,8,44,7,3.25,0.30,3.55,9.56,75,24,110,80,43,24,58,38,,,,,,,0.48,0.0,0.04,0.52,1.41,0.88,55,38,27,11,14,3,46,16,1.03,0.44,6.47
288,True,True,0.0,0.0,438464,0,0,-1,1,0,3,0.0,0.0,0,Cheick,0.0,268,False,Knee injury - Unknown return date,2025-07-21T10:00:04.882113Z,49,438464.jpg,0.0,False,Doucouré,0.0,False,,i,8,31,0,241,5,455,5,0.0,0.0,Doucouré,132.0,2022-07-11,2000-01-08,False,p438464,0,0,0,0,0,0,0,0,0,0,0,0,0,0.0,0.0,0.0,0.0,0,0,0,0,0,0.00,0.00,0.00,0.00,691,296,686,296,672,290,692,297,,,,,,,0.0,0.0,0.0,0.0,0.0,0.0,325,203,673,285,694,297,734,324,0.0,0.0,0.0
289,True,True,,,606921,0,0,-2,2,0,3,0.0,-0.5,0,Romain,0.0,269,False,,,48,606921.jpg,1.0,False,Esse,0.1,False,,a,8,31,1,8029,69,20679,249,0.0,0.2,Esse,241.0,2025-01-18,2005-05-13,False,p606921,24,0,0,0,0,0,0,0,0,0,0,0,6,4.6,0.4,2.0,0.7,0,0,2,2,0,0.00,0.01,0.01,0.27,407,191,400,199,366,190,416,195,,,,,,,0.0,0.0,0.04,0.04,1.01,0.0,379,239,661,277,386,182,402,133,0.0,0.0,7.5
290,True,True,100.0,100.0,108413,-1,1,-2,2,0,3,0.5,0.0,1,Will,0.5,270,False,,2025-10-03T14:00:08.854796Z,48,108413.jpg,1.7,False,Hughes,0.1,False,,a,8,31,12,10038,104,13623,208,0.1,2.5,Hughes,241.0,2021-08-28,1995-04-17,False,p108413,427,0,0,3,3,0,0,0,3,0,0,0,48,55.4,89.6,22.0,16.7,19,15,5,39,5,0.15,0.60,0.75,4.91,254,111,98,71,254,141,216,112,2.0,,,,,,0.03,0.0,0.13,0.16,1.03,0.63,357,223,323,155,296,139,471,158,1.05,0.63,8.22
291,True,True,100.0,100.0,209400,0,0,0,0,0,3,3.2,2.7,2,Daichi,3.2,271,False,,2025-08-10T22:30:04.831701Z,50,209400.jpg,3.4,False,Kamada,0.1,False,,a,8,31,24,31234,410,20172,586,0.6,4.8,Kamada,108.0,2024-07-01,1996-08-05,False,p209400,599,0,2,2,7,0,0,0,0,0,0,0,117,73.6,101.4,42.0,21.7,9,29,23,61,7,0.42,0.97,1.39,8.69,215,92,79,57,191,111,171,88,5.0,,,,,,0.06,0.0,0.15,0.21,1.31,1.05,257,157,103,45,120,48,406,135,1.05,0.3,9.17
292,True,True,,,152551,0,0,-1,1,0,3,0.8,0.3,1,Jefferson,0.8,272,False,,,49,152551.jpg,1.1,False,Lerma Solís,0.1,False,,a,8,31,9,2418,41,5235,109,0.2,1.8,Lerma,48.0,2023-07-01,1994-10-25,False,p152551,180,0,0,1,2,0,0,0,1,0,0,0,30,24.0,19.6,43.0,8.7,11,11,3,25,1,0.52,0.05,0.57,2.96,344,157,288,163,184,106,312,153,,,,,,,0.26,0.0,0.02,0.28,1.48,1.0,294,184,294,140,354,167,559,206,0.5,0.5,12.5
293,True,True,100.0,100.0,496221,0,0,0,0,0,3,2.5,2.0,2,Adam,2.5,273,False,,2025-09-01T10:30:08.180122Z,50,496221.jpg,2.9,False,Wharton,0.5,False,,a,8,31,23,45606,1156,57984,1261,0.5,4.6,Wharton,241.0,2024-02-01,2004-02-06,False,p496221,631,0,1,2,8,0,0,0,1,0,0,2,128,88.0,218.5,14.0,31.9,16,33,11,60,8,0.22,1.74,1.96,9.70,190,79,17,15,289,155,96,52,3.0,,,,,,0.03,0.0,0.25,0.28,1.38,1.14,277,171,144,71,178,72,231,79,1.14,0.29,8.56
294,True,True,,,579075,0,0,-1,1,0,3,0.0,-0.5,0,Asher,0.0,274,False,,,44,579075.jpg,0.0,False,Agbinone,0.1,False,,a,8,31,0,2797,42,4633,83,0.0,0.0,Agbinone,241.0,2024-07-30,2005-09-28,False,p579075,0,0,0,0,0,0,0,0,0,0,0,0,0,0.0,0.0,0.0,0.0,0,0,0,0,0,0.00,0.00,0.00,0.00,593,226,584,226,561,216,594,227,,,,,,,0.0,0.0,0.0,0.0,0.0,0.0,567,321,568,209,603,231,570,212,0.0,0.0,0.0
295,True,True,,,466117,0,0,-1,1,0,3,0.0,-0.5,0,Naouirou,0.0,275,False,,,44,466117.jpg,0.0,False,Ahamada,0.0,False,,a,8,31,0,3490,40,4088,106,0.0,0.0,Ahamada,73.0,2023-01-31,2002-03-29,False,p466117,0,0,0,0,0,0,0,0,0,0,0,0,0,0.0,0.0,0.0,0.0,0,0,0,0,0,0.00,0.00,0.00,0.00,570,210,559,210,534,200,571,211,,,,,,,0.0,0.0,0.0,0.0,0.0,0.0,529,302,543,193,580,215,577,217,0.0,0.0,0.0
296,True,True,,,489706,0,0,-1,1,0,3,0.5,0.0,0,Justin,0.5,276,False,,,44,489706.jpg,1.1,False,Devenny,1.2,False,,a,8,31,8,86142,528,145676,3119,0.1,1.8,Devenny,242.0,2024-03-13,2003-10-11,False,p489706,145,0,0,0,3,0,0,0,0,0,0,0,30,16.2,31.4,73.0,12.1,1,11,7,19,1,0.43,0.18,0.61,2.24,365,170,238,144,105,62,274,137,,,2.0,,,,0.27,0.0,0.11,0.38,1.39,1.86,536,304,315,152,353,166,164,58,0.62,0.0,11.79
297,True,False,0.0,0.0,450535,0,0,0,0,0,3,0.0,0.0,0,Malcolm,0.0,277,False,Has joined Blackpool permanently.,2025-08-11T01:12:01.633662Z,45,450535.jpg,0.0,False,Ebiowei,0.0,False,,u,8,31,0,0,0,677,2,0.0,0.0,Ebiowei,241.0,2022-07-01,2003-09-04,False,p450535,0,0,0,0,0,0,0,0,0,0,0,0,0,0.0,0.0,0.0,0.0,0,0,0,0,0,0.00,0.00,0.00,0.00,618,242,610,242,591,233,619,243,,,,,,,0.0,0.0,0.0,0.0,0.0,0.0,424,251,594,227,627,247,731,322,0.0,0.0,0.0
298,True,False,0.0,0.0,450542,0,0,-1,1,0,3,0.0,0.0,0,Jesurun,0.0,278,False,has joined Caykur Rizespor on loan for the rest of the season.,2025-09-22T09:16:14.064898Z,44,450542.jpg,0.0,False,Rak-Sakyi,0.0,False,,u,8,31,0,4176,0,7766,137,0.0,0.0,J.Rak-Sakyi,241.0,2021-04-09,2002-10-05,False,p450542,0,0,0,0,0,0,0,0,0,0,0,0,0,0.0,0.0,0.0,0.0,0,0,0,0,0,0.00,0.00,0.00,0.00,569,209,558,209,533,199,570,210,,,,,,,0.0,0.0,0.0,0.0,0.0,0.0,527,301,542,192,579,214,589,228,0.0,0.0,0.0
299,True,False,0.0,0.0,536694,0,0,0,0,0,3,0.0,0.0,0,Matheus,0.0,279,False,Has joined CR Vasco da Gama on loan for the rest of the season.,2025-08-10T22:30:04.849181Z,45,536694.jpg,0.0,False,França de Oliveira,0.0,False,,u,8,31,0,95,0,1479,8,0.0,0.0,M.França,30.0,2023-08-05,2004-04-01,False,p536694,0,0,0,0,0,0,0,0,0,0,0,0,0,0.0,0.0,0.0,0.0,0,0,0,0,0,0.00,0.00,0.00,0.00,636,258,629,258,610,249,637,259,,,,,,,0.0,0.0,0.0,0.0,0.0,0.0,449,268,612,243,645,263,706,306,0.0,0.0,0.0
300,True,False,0.0,0.0,531989,0,0,0,0,0,3,0.0,0.0,0,David,0.0,280,False,Has joined Derby County on loan for the rest of the season.,2025-07-30T14:07:45.618291Z,45,531989.jpg,0.0,False,Ozoh,0.0,False,,u,8,31,0,0,0,166,0,0.0,0.0,Ozoh,241.0,2022-07-11,2005-05-06,False,p531989,0,0,0,0,0,0,0,0,0,0,0,0,0,0.0,0.0,0.0,0.0,0,0,0,0,0,0.00,0.00,0.00,0.00,634,256,627,256,608,247,635,257,,,,,,,0.0,0.0,0.0,0.0,0.0,0.0,446,265,610,241,643,261,740,327,0.0,0.0,0.0
301,True,True,,,530318,0,0,0,0,0,3,0.0,-0.5,0,Kaden,0.0,281,False,,,45,530318.jpg,0.0,False,Rodney,0.0,False,,a,8,31,0,2579,86,3544,88,0.0,0.0,Rodney,241.0,2022-07-08,2004-10-07,False,p530318,0,0,0,0,0,0,0,0,0,0,0,0,0,0.0,0.0,0.0,0.0,0,0,0,0,0,0.00,0.00,0.00,0.00,633,255,626,255,607,246,634,256,,,,,,,0.0,0.0,0.0,0.0,0.0,0.0,445,264,609,240,642,260,583,222,0.0,0.0,0.0
302,True,False,0.0,0.0,574398,0,0,0,0,0,3,0.0,0.0,0,Franco,0.0,282,False,has joined Portsmouth permanently.,2025-09-22T21:43:58.439788Z,45,574398.jpg,0.0,False,Umeh-Chibueze,0.0,False,,u,8,31,0,860,0,2543,32,0.0,0.0,Umeh,104.0,2024-02-18,2005-01-26,False,p574398,0,0,0,0,0,0,0,0,0,0,0,0,0,0.0,0.0,0.0,0.0,0,0,0,0,0,0.00,0.00,0.00,0.00,648,268,641,268,622,259,649,269,,,,,,,0.0,0.0,0.0,0.0,0.0,0.0,463,278,624,253,657,273,658,276,0.0,0.0,0.0
303,True,True,,,231747,1,-1,2,-2,1,4,5.8,5.3,2,Jean-Philippe,5.8,283,False,,,77,231747.jpg,4.3,False,Mateta,14.8,False,,a,8,31,39,1936483,233650,1245569,13378,0.8,5.1,Mateta,73.0,2022-01-31,1997-06-28,False,p231747,780,5,0,4,7,0,0,0,2,0,0,3,145,221.0,38.5,361.0,62.1,20,20,3,43,9,7.99,0.48,8.47,10.09,24,3,220,22,2,2,10,3,,,,,2.0,,0.92,0.0,0.06,0.98,1.16,0.81,20,7,23,6,63,8,28,6,1.04,0.46,4.96
304,True,True,100.0,100.0,205533,0,0,-1,1,0,4,1.8,1.3,1,Eddie,1.8,284,False,,2025-08-10T22:30:04.865817Z,54,205533.jpg,1.6,False,Nketiah,0.5,False,,a,8,31,8,58155,2214,48926,2388,0.3,1.5,Nketiah,241.0,2024-08-30,1999-05-30,False,p205533,107,1,0,0,4,0,0,0,1,0,0,0,39,43.6,45.9,58.0,14.8,4,4,0,8,0,0.84,0.43,1.27,3.28,287,27,191,20,144,31,233,26,,,,,,,0.71,0.0,0.36,1.07,2.76,3.36,170,42,207,22,307,33,233,37,0.0,0.0,6.73
305,True,False,0.0,0.0,199670,0,0,0,0,0,4,0.0,0.0,0,Odsonne,0.0,285,False,has joined RC Lens permanently.,2025-08-28T17:00:07.862344Z,50,199670.jpg,1.0,False,Édouard,0.3,False,,u,8,31,1,9044,0,83699,441,0.0,0.2,Édouard,73.0,2021-08-31,1998-01-16,False,p199670,2,0,0,0,0,0,0,0,0,0,0,0,6,2.0,0.0,0.0,0.2,0,0,1,1,0,0.00,0.00,0.00,0.27,420,47,697,74,687,74,427,50,,,,,,,0.0,0.0,0.0,0.0,12.15,0.0,253,51,683,71,396,44,326,52,0.0,0.0,45.0
306,True,True,,,576980,0,0,0,0,0,4,0.0,-0.5,0,Zach,0.0,286,False,,,45,576980.jpg,0.0,False,Marsh,0.3,False,,a,8,31,0,28029,579,31685,809,0.0,0.0,Marsh,241.0,2023-07-18,2005-10-06,False,p576980,0,0,0,0,0,0,0,0,0,0,0,0,0,0.0,0.0,0.0,0.0,0,0,0,0,0,0.00,0.00,0.00,0.00,653,68,646,67,627,67,654,68,,,,,,,0.0,0.0,0.0,0.0,0.0,0.0,468,64,629,64,662,70,306,49,0.0,0.0,0.0
307,True,True,,,590014,0,0,-1,1,0,3,0.0,-0.5,0,Rio,0.0,690,False,,,44,590014.jpg,0.0,False,Cardines,0.5,False,,a,8,31,0,56311,577,30052,1500,0.0,0.0,Cardines,217.0,2025-07-24,2006-07-01,False,p590014,0,0,0,0,0,0,0,0,0,0,0,0,0,0.0,0.0,0.0,0.0,0,0,0,0,0,0.00,0.00,0.00,0.00,595,227,586,227,563,217,596,228,,,,,,,0.0,0.0,0.0,0.0,0.0,0.0,569,322,570,210,605,232,248,84,0.0,0.0,0.0
308,True,True,100.0,100.0,488024,-1,1,-2,2,0,3,1.5,1.0,1,Yéremy,1.5,712,False,,2025-09-20T23:30:07.351615Z,58,488024.jpg,1.6,False,Pino Santos,0.1,False,,a,8,31,11,43533,389,32329,675,0.3,1.9,Yeremy,200.0,2025-08-29,2002-10-20,False,p488024,428,0,0,2,4,0,0,0,2,0,0,0,49,40.6,110.6,62.0,21.0,3,20,9,32,6,1.16,0.84,2.00,5.87,295,130,69,51,132,81,177,92,,,,,,,0.24,0.0,0.18,0.42,1.23,0.84,117,77,226,108,310,144,450,152,1.26,0.42,6.73
309,True,True,,,651426,0,0,0,0,0,2,0.0,-0.5,0,Jaydee,0.0,723,False,,,45,651426.jpg,0.0,False,Canvot,0.0,False,,a,8,31,0,799,28,579,38,0.0,0.0,Canvot,73.0,2025-09-01,2006-07-29,False,p651426,0,0,0,0,0,0,0,0,0,0,0,0,0,0.0,0.0,0.0,0.0,0,0,0,0,0,0.00,0.00,0.00,0.00,670,235,662,236,644,234,671,235,,,,,,,0.0,0.0,0.0,0.0,0.0,0.0,489,103,645,231,675,237,694,234,0.0,0.0,0.0
310,True,True,,,660392,0,0,0,0,0,4,0.5,0.0,1,Christantus,0.5,732,False,,,55,660392.jpg,1.0,False,Uche,0.0,False,,a,8,31,3,5017,101,3275,127,0.1,0.5,Uche,157.0,2025-09-01,2003-05-19,False,p660392,8,0,0,0,1,0,0,0,0,0,0,0,12,3.4,0.8,19.0,2.3,0,2,0,2,0,0.01,0.00,0.01,0.73,412,43,390,45,270,43,391,44,,,,,,,0.11,0.0,0.0,0.11,8.21,11.25,158,40,340,41,412,48,628,77,0.0,0.0,22.5
311,True,True,100.0,100.0,215413,0,0,0,0,1,3,1.7,1.2,2,Kiernan,1.2,242,False,,2025-09-29T21:30:07.878074Z,50,215413.jpg,3.0,False,Dewsbury-Hall,3.2,False,,a,9,11,24,455266,1810,592854,8086,0.2,4.8,Dewsbury-Hall,241.0,2025-08-06,1998-09-06,False,p215413,715,1,1,2,11,0,0,0,5,0,0,3,122,101.2,216.3,74.0,39.2,8,25,9,42,8,0.65,1.95,2.60,11.82,164,64,19,17,101,60,57,37,2.0,,,,,,0.08,0.0,0.25,0.33,1.49,1.38,259,159,244,120,167,66,102,34,1.01,0.25,5.29
312,True,True,,,111234,0,0,0,0,1,1,2.5,2.0,1,Jordan,2.0,287,False,,,55,111234.jpg,3.7,False,Pickford,9.9,False,,a,9,11,33,389537,3459,564598,12003,0.4,6.0,Pickford,241.0,2017-07-01,1994-03-07,False,p111234,810,0,0,2,12,0,1,0,0,0,23,3,127,224.2,0.0,0.0,22.4,16,71,1,0,9,0.00,0.06,0.06,14.34,21,5,727,85,725,84,164,5,,,,,,,0.0,2.56,0.01,0.01,1.59,1.33,138,3,184,17,104,9,41,7,1.0,0.22,0.0
313,True,True,,,229600,0,0,-1,1,0,1,0.5,0.0,0,Mark,0.0,288,False,,,44,229600.jpg,0.0,False,Travers,0.1,False,,a,9,11,0,2302,29,7630,106,0.0,0.0,Travers,104.0,2025-07-15,1999-05-18,False,p229600,0,0,0,0,0,0,0,0,0,0,0,0,0,0.0,0.0,0.0,0.0,0,0,0,0,0,0.00,0.00,0.00,0.00,562,79,551,68,524,57,563,79,,,,,,,0.0,0.0,0.0,0.0,0.0,0.0,514,28,533,76,571,79,440,68,0.0,0.0,0.0
314,True,True,,,447325,0,0,0,0,0,1,0.5,0.0,0,Harry,0.0,289,False,,,40,447325.jpg,0.0,False,Tyrer,0.1,False,,a,9,11,0,2305,33,5374,65,0.0,0.0,Tyrer,241.0,2021-02-09,2001-12-06,False,p447325,0,0,0,0,0,0,0,0,0,0,0,0,0,0.0,0.0,0.0,0.0,0,0,0,0,0,0.00,0.00,0.00,0.00,498,56,482,42,450,30,498,56,,,,,,,0.0,0.0,0.0,0.0,0.0,0.0,647,61,461,51,507,56,452,71,0.0,0.0,0.0
315,True,True,0.0,0.0,480455,0,0,-2,2,0,2,0.0,0.0,0,Jarrad,0.0,290,False,Hamstring injury - Unknown return date,2025-10-17T14:00:10.203776Z,53,480455.jpg,0.0,False,Branthwaite,0.2,False,,i,9,11,0,1173,26,63829,298,0.0,0.0,Branthwaite,241.0,2020-06-20,2002-06-27,False,p480455,0,0,0,0,0,0,0,0,0,0,0,0,0,0.0,0.0,0.0,0.0,0,0,0,0,0,0.00,0.00,0.00,0.00,717,243,717,244,711,242,718,243,,,,,,,0.0,0.0,0.0,0.0,0.0,0.0,210,29,704,241,720,244,380,139,0.0,0.0,0.0
316,True,True,,,17761,0,0,0,0,0,2,3.0,2.5,1,James,2.5,291,False,,,55,17761.jpg,4.0,False,Tarkowski,6.8,False,,a,9,11,36,558306,4005,547862,13653,0.5,6.5,Tarkowski,241.0,2022-07-01,1992-11-19,False,p17761,810,0,0,2,12,0,0,0,1,0,0,1,124,230.6,68.4,29.0,32.9,84,25,15,99,9,0.20,0.50,0.70,14.34,15,7,139,33,233,63,90,26,,,,,,,0.02,0.0,0.06,0.08,1.59,1.33,134,14,148,51,86,35,57,17,1.0,0.22,11.0
317,True,True,100.0,100.0,224967,0,0,-1,1,0,2,2.3,1.8,1,Vitalii,1.8,292,False,,2025-09-05T10:00:06.495475Z,49,224967.jpg,1.5,False,Mykolenko,0.4,False,,a,9,11,9,17646,617,73865,560,0.4,1.8,Mykolenko,225.0,2022-01-01,1999-05-29,False,p224967,535,0,0,0,11,0,0,0,1,0,0,0,17,77.0,39.6,21.0,13.7,36,18,5,41,6,0.03,0.42,0.45,9.30,211,82,217,60,265,80,247,85,,,,,,,0.01,0.0,0.07,0.08,1.56,1.85,313,51,201,71,317,109,282,103,1.01,0.0,6.9
318,True,True,,,512462,0,0,0,0,0,2,2.7,2.2,1,Jake,2.2,293,False,,,50,512462.jpg,2.8,False,O'Brien,0.4,False,,a,9,11,25,29061,634,45883,715,0.4,5.0,O'Brien,104.0,2024-07-30,2001-05-15,False,p512462,785,0,0,2,11,0,0,0,0,0,0,1,82,118.8,72.7,48.0,24.1,39,25,16,55,9,0.41,0.20,0.61,13.92,140,61,127,28,168,37,148,49,,,,,,,0.05,0.0,0.02,0.07,1.6,1.26,282,44,160,56,191,74,250,95,1.03,0.23,6.31
319,True,True,,,59949,0,0,-2,2,0,2,0.7,0.2,0,Séamus,0.2,294,False,,,43,59949.jpg,1.0,False,Coleman,0.1,False,,a,9,11,2,4129,105,11581,165,0.0,0.5,Coleman,104.0,2009-02-02,1988-10-11,False,p59949,2,0,0,0,0,0,0,0,0,0,0,0,7,0.0,0.0,0.0,0.0,0,0,0,0,0,0.00,0.00,0.00,0.24,544,216,529,216,499,208,545,216,,,,,,,0.0,0.0,0.0,0.0,10.8,0.0,582,141,352,122,368,130,433,160,0.0,0.0,0.0
320,True,True,100.0,100.0,106611,0,0,0,0,0,2,4.7,4.2,1,Michael,4.2,295,False,,2025-10-06T07:30:07.973751Z,45,106611.jpg,4.1,False,Keane,1.1,False,,a,9,11,37,149581,4298,73079,2124,0.9,8.2,Keane,241.0,2017-07-03,1993-01-11,False,p106611,784,1,0,2,12,0,0,0,0,0,0,1,105,214.0,18.8,70.0,30.2,76,29,8,84,9,0.83,0.09,0.92,14.01,35,14,292,99,111,19,103,31,,,,,,,0.1,0.0,0.01,0.11,1.61,1.38,395,72,61,25,71,29,174,64,1.03,0.23,9.64
321,True,True,0.0,0.0,243571,0,0,-1,1,0,2,0.0,0.0,0,Nathan,0.0,296,False,Foot injury - Expected back 23 Nov,2025-10-17T14:30:10.578096Z,44,243571.jpg,0.0,False,Patterson,0.0,False,,i,9,11,0,614,4,2569,48,0.0,0.0,Patterson,243.0,2022-01-04,2001-10-16,False,p243571,0,0,0,0,0,0,0,0,0,0,0,0,0,0.0,0.0,0.0,0.0,0,0,0,0,0,0.00,0.00,0.00,0.00,564,226,553,227,527,222,565,226,,,,,,,0.0,0.0,0.0,0.0,0.0,0.0,520,128,536,222,574,229,662,225,0.0,0.0,0.0
322,True,True,,,496178,0,0,-1,1,0,2,0.5,0.0,0,Roman,0.0,297,False,,,39,496178.jpg,0.0,False,Dixon,0.2,False,,a,9,11,0,5195,66,13027,189,0.0,0.0,Dixon,,,,False,p496178,0,0,0,0,0,0,0,0,0,0,0,0,0,0.0,0.0,0.0,0.0,0,0,0,0,0,0.00,0.00,0.00,0.00,448,163,430,162,397,152,448,162,,,,,,,0.0,0.0,0.0,0.0,0.0,0.0,721,223,410,151,457,165,367,132,0.0,0.0,0.0
323,True,True,,,474907,0,0,-1,1,0,2,0.5,0.0,0,Reece,0.0,298,False,,,39,474907.jpg,0.0,False,Welch,0.1,False,,a,9,11,0,4179,39,9172,146,0.0,0.0,Welch,,,,False,p474907,0,0,0,0,0,0,0,0,0,0,0,0,0,0.0,0.0,0.0,0.0,0,0,0,0,0,0.00,0.00,0.00,0.00,445,161,427,160,394,150,445,160,,,,,,,0.0,0.0,0.0,0.0,0.0,0.0,718,221,407,149,454,163,407,152,0.0,0.0,0.0
324,True,True,100.0,100.0,440993,0,0,0,0,0,3,4.3,3.8,2,Iliman,3.8,299,False,,2025-09-12T16:00:08.836455Z,65,440993.jpg,4.8,False,Ndiaye,11.2,False,,a,9,11,43,1031954,19778,945091,17484,0.6,6.6,Ndiaye,189.0,2024-07-03,2000-03-06,False,p440993,763,3,1,2,12,0,0,0,2,0,0,1,177,232.4,170.8,169.0,57.3,10,59,23,92,9,2.37,2.16,4.53,12.13,13,4,38,31,27,13,16,11,,,,,1.0,,0.28,0.0,0.25,0.53,1.43,1.42,57,40,80,33,40,14,36,14,1.06,0.24,10.85
325,True,True,,,433154,0,0,-4,4,0,3,0.7,0.2,0,Dwight,0.2,300,False,,,56,433154.jpg,1.0,False,McNeil,0.1,False,,a,9,11,2,6435,159,38364,293,0.0,0.4,McNeil,241.0,2022-07-28,1999-11-22,False,p433154,23,0,0,0,0,0,0,0,0,0,0,0,4,0.0,11.5,8.0,1.8,0,0,0,0,0,0.24,0.00,0.24,1.81,732,323,326,174,315,167,400,188,1.0,,,,,,0.94,0.0,0.0,0.94,7.08,0.0,130,84,385,180,413,199,419,141,0.0,0.0,0.0
326,True,True,,,502697,0,0,-3,3,0,3,1.5,1.0,1,Carlos,1.0,301,False,,,52,502697.jpg,1.1,False,Alcaraz Durán,0.1,False,,a,9,11,8,4535,116,14836,161,0.2,1.5,Alcaraz,10.0,2025-07-01,2002-11-30,False,p502697,235,0,0,0,4,0,0,0,1,0,0,0,37,23.2,23.5,45.0,9.2,1,15,6,22,2,0.16,0.06,0.22,5.68,346,158,266,155,176,102,302,149,,,1.0,,,,0.06,0.0,0.02,0.08,2.18,1.53,230,144,270,131,358,171,481,164,0.77,0.0,8.43
327,True,True,,,80801,0,0,-1,1,0,3,2.5,2.0,2,Idrissa Gana,2.0,302,False,,,54,80801.jpg,3.1,False,Gueye,0.1,False,,a,9,11,28,14115,209,13415,416,0.4,5.2,Gana,189.0,2022-09-01,1989-09-26,False,p80801,769,1,0,2,10,0,0,0,0,0,0,1,147,112.0,69.9,68.0,25.0,14,45,17,76,9,0.84,0.44,1.28,12.37,148,55,134,93,115,70,136,71,,,,,,,0.1,0.0,0.05,0.15,1.45,1.17,159,99,183,88,151,62,417,139,1.05,0.23,8.89
328,True,True,,,232928,0,0,0,0,0,3,3.5,3.0,1,James,3.0,303,False,,,50,232928.jpg,4.1,False,Garner,0.9,False,,a,9,11,37,157400,1618,68268,3813,0.6,7.4,Garner,241.0,2022-09-01,2001-03-13,False,p232928,810,1,1,2,12,0,0,0,4,0,0,5,196,218.8,172.0,78.0,46.9,46,33,26,105,9,0.78,1.19,1.97,14.34,31,11,36,30,94,56,29,22,3.0,,3.0,,,,0.09,0.0,0.13,0.22,1.59,1.33,264,163,119,55,75,30,186,63,1.0,0.22,11.67
329,True,True,,,490094,0,0,-1,1,0,3,1.7,1.2,0,Tim,1.2,304,False,,,49,490094.jpg,2.0,False,Iroegbunam,0.0,False,,a,9,11,12,963,16,2199,49,0.2,2.4,Iroegbunam,241.0,2024-06-22,2003-06-30,False,p490094,264,0,1,3,1,0,0,0,3,0,0,0,40,46.4,9.0,7.0,6.3,14,14,7,35,3,0.15,0.01,0.16,4.83,279,123,342,178,321,170,334,163,,,,,,,0.05,0.0,0.0,0.05,1.65,0.34,340,211,243,119,267,121,618,250,1.02,1.02,11.93
330,True,False,0.0,0.0,609873,0,0,0,0,0,3,0.0,0.0,0,Harrison,0.0,305,False,has joined Preston North End on loan for the rest of the season.,2025-09-02T11:36:28.006606Z,45,609873.jpg,1.0,False,Armstrong,0.1,False,,u,9,11,1,3524,0,13072,89,0.0,0.2,Armstrong,241.0,2024-08-09,2007-01-19,False,p609873,1,0,0,0,0,0,0,0,0,0,0,0,3,0.0,0.0,0.0,0.0,0,0,0,0,0,0.00,0.00,0.00,0.00,662,277,655,277,636,268,663,278,,,,,,,0.0,0.0,0.0,0.0,0.0,0.0,479,288,638,262,377,174,552,204,0.0,0.0,0.0
331,True,True,,,547801,0,0,-1,1,0,3,0.5,0.0,0,Callum,0.0,306,False,,,44,547801.jpg,0.0,False,Bates,0.1,False,,a,9,11,0,4946,85,7478,126,0.0,0.0,Bates,,,,False,p547801,0,0,0,0,0,0,0,0,0,0,0,0,0,0.0,0.0,0.0,0.0,0,0,0,0,0,0.00,0.00,0.00,0.00,589,223,580,223,557,213,590,224,,,,,,,0.0,0.0,0.0,0.0,0.0,0.0,562,318,564,206,599,228,513,180,0.0,0.0,0.0
332,True,True,,,504296,0,0,-1,1,0,3,0.5,0.0,0,Coby,0.0,307,False,,,44,504296.jpg,0.0,False,Ebere,0.0,False,,a,9,11,0,2389,41,3532,73,0.0,0.0,Ebere,,,,False,p504296,0,0,0,0,0,0,0,0,0,0,0,0,0,0.0,0.0,0.0,0.0,0,0,0,0,0,0.00,0.00,0.00,0.00,579,217,569,217,545,207,580,218,,,,,,,0.0,0.0,0.0,0.0,0.0,0.0,548,311,553,200,589,222,588,227,0.0,0.0,0.0
333,True,False,0.0,0.0,496279,0,0,0,0,0,3,0.0,0.0,0,Isaac,0.0,308,False,has joined Accrington on loan for the rest of the season.,2025-09-02T12:26:54.658601Z,45,496279.jpg,0.0,False,Heath,0.0,False,,u,9,11,0,458,0,3296,20,0.0,0.0,Heath,241.0,2025-02-07,2004-10-28,False,p496279,0,0,0,0,0,0,0,0,0,0,0,0,0,0.0,0.0,0.0,0.0,0,0,0,0,0,0.00,0.00,0.00,0.00,630,252,623,252,604,243,631,253,,,,,,,0.0,0.0,0.0,0.0,0.0,0.0,440,261,606,237,639,257,656,274,0.0,0.0,0.0
334,True,False,0.0,0.0,491557,0,0,0,0,0,3,0.0,0.0,0,Jenson,0.0,309,False,Has joined Bradford City permanently.,2025-07-25T14:54:45.196473Z,45,491557.jpg,0.0,False,Metcalfe,0.0,False,,u,9,11,0,0,0,99,1,0.0,0.0,Metcalfe,,,,False,p491557,0,0,0,0,0,0,0,0,0,0,0,0,0,0.0,0.0,0.0,0.0,0,0,0,0,0,0.00,0.00,0.00,0.00,627,250,620,250,601,241,628,251,,,,,,,0.0,0.0,0.0,0.0,0.0,0.0,436,259,603,235,636,255,743,330,0.0,0.0,0.0
335,True,True,,,586309,0,0,-3,3,0,4,1.5,1.0,1,Thierno,1.0,310,False,,,57,586309.jpg,1.1,False,Barry,0.3,False,,a,9,11,10,23272,421,71572,730,0.2,1.8,Barry,73.0,2025-07-09,2002-10-21,False,p586309,246,0,0,1,3,0,0,0,0,0,0,0,14,14.6,22.5,29.0,5.9,6,2,0,8,2,0.49,0.03,0.52,4.74,372,35,272,26,234,39,342,37,,,,,,,0.18,0.0,0.01,0.19,1.73,1.1,126,31,275,31,359,39,295,47,0.73,0.37,2.93
336,True,True,,,486385,0,0,-2,2,0,4,2.3,1.8,2,Norberto Bercique,1.8,311,False,,,53,486385.jpg,2.1,False,Gomes Betuncal,3.5,False,,a,9,11,19,307956,3903,832114,11332,0.3,3.6,Beto,90.0,2023-08-29,1998-01-31,False,p486385,562,1,0,1,9,0,0,0,1,0,0,1,46,69.2,46.1,205.0,31.0,11,9,5,25,7,3.68,0.11,3.79,9.79,222,17,190,19,14,7,102,16,,,,,2.0,,0.59,0.0,0.02,0.61,1.57,1.44,211,46,204,20,256,27,95,16,1.12,0.16,4.0
337,True,False,0.0,0.0,491012,0,0,-1,1,0,4,0.0,0.0,0,Youssef,0.0,312,False,has joined Rangers permanently.,2025-09-02T12:26:54.689038Z,49,491012.jpg,0.0,False,Ramalho Chermiti,0.1,False,,u,9,11,0,2418,0,13447,69,0.0,0.0,Y.Chermiti,173.0,2023-08-11,2004-05-24,False,p491012,0,0,0,0,0,0,0,0,0,0,0,0,0,0.0,0.0,0.0,0.0,0,0,0,0,0,0.00,0.00,0.00,0.00,695,73,690,72,677,72,696,73,,,,,,,0.0,0.0,0.0,0.0,0.0,0.0,341,57,677,69,698,74,506,68,0.0,0.0,0.0
338,True,False,0.0,0.0,536241,0,0,-1,1,0,4,0.0,0.0,0,Martin,0.0,313,False,has joined Rotherham United on loan for the rest of the season.,2025-09-22T21:18:55.519763Z,44,536241.jpg,0.0,False,Sherif,0.1,False,,u,9,11,0,8006,0,21826,291,0.0,0.0,Sherif,,,,False,p536241,0,0,0,0,0,0,0,0,0,0,0,0,0,0.0,0.0,0.0,0.0,0,0,0,0,0,0.00,0.00,0.00,0.00,585,60,576,59,553,59,586,60,,,,,,,0.0,0.0,0.0,0.0,0.0,0.0,557,73,560,56,595,62,400,58,0.0,0.0,0.0
339,True,True,100.0,100.0,114283,0,0,4,-4,2,3,3.7,3.2,1,Jack,3.2,419,False,,2025-10-04T03:00:08.987148Z,69,114283.jpg,4.8,False,Grealish,18.4,False,,a,9,11,38,3141563,25446,1553047,45917,0.5,5.5,Grealish,241.0,2025-08-12,1995-09-10,False,p114283,646,1,4,2,10,0,0,0,3,0,0,7,191,222.2,263.5,228.0,71.5,14,37,11,62,7,1.00,1.98,2.98,10.90,22,7,7,7,10,6,5,4,,,,,,,0.14,0.0,0.28,0.42,1.52,1.39,37,22,111,52,41,15,20,6,0.98,0.28,8.64
340,True,True,,,138001,0,0,0,0,0,1,0.5,0.0,0,Tom,0.0,630,False,,,40,138001.jpg,0.0,False,King,1.1,False,,a,9,11,0,12863,77,50573,792,0.0,0.0,King,244.0,2025-08-15,1995-03-09,False,p138001,0,0,0,0,0,0,0,0,0,0,0,0,0,0.0,0.0,0.0,0.0,0,0,0,0,0,0.00,0.00,0.00,0.00,482,47,466,33,434,21,482,47,,,,,,,0.0,0.0,0.0,0.0,0.0,0.0,627,52,445,42,491,47,168,23,0.0,0.0,0.0
341,True,True,100.0,100.0,499300,0,0,-2,2,0,2,0.5,0.0,0,Adam,0.0,667,False,,2025-08-29T10:30:08.715230Z,43,499300.jpg,0.0,False,Aznou,0.1,False,,a,9,11,0,1416,41,9885,83,0.0,0.0,Aznou,145.0,2025-07-29,2006-06-02,False,p499300,0,0,0,0,0,0,0,0,0,0,0,0,0,0.0,0.0,0.0,0.0,0,0,0,0,0,0.00,0.00,0.00,0.00,550,219,538,220,508,212,551,219,,,,,,,0.0,0.0,0.0,0.0,0.0,0.0,598,152,516,211,559,221,557,200,0.0,0.0,0.0
342,True,False,0.0,0.0,461446,0,0,0,0,0,3,0.0,0.0,0,Tyler,0.0,704,False,has joined Stockport County on loan for the rest of the season.,2025-09-02T12:26:54.674165Z,45,461446.jpg,0.0,False,Onyango,0.1,False,,u,9,11,0,8420,0,8686,101,0.0,0.0,Onyango,241.0,2025-07-25,2003-03-04,False,p461446,0,0,0,0,0,0,0,0,0,0,0,0,0,0.0,0.0,0.0,0.0,0,0,0,0,0,0.00,0.00,0.00,0.00,621,244,614,244,595,235,622,245,,,,,,,0.0,0.0,0.0,0.0,0.0,0.0,428,253,597,229,630,249,533,194,0.0,0.0,0.0
343,True,True,,,491745,0,0,0,0,0,2,0.5,0.0,0,Elijah,0.0,705,False,,,40,491745.jpg,0.0,False,Campbell,0.2,False,,a,9,11,0,14106,152,8957,235,0.0,0.0,Campbell,241.0,2023-12-15,2004-08-02,False,p491745,0,0,0,0,0,0,0,0,0,0,0,0,0,0.0,0.0,0.0,0.0,0,0,0,0,0,0.00,0.00,0.00,0.00,513,195,498,195,466,186,514,195,,,,,,,0.0,0.0,0.0,0.0,0.0,0.0,667,182,477,185,523,198,386,141,0.0,0.0,0.0
344,True,True,,,496661,-1,1,-1,1,0,3,1.0,0.5,0,Tyler,0.5,707,False,,,54,496661.jpg,0.8,False,Dibling,0.0,False,,a,9,11,3,4102,69,3057,95,0.1,0.6,Dibling,241.0,2025-08-25,2006-02-17,False,p496661,62,0,0,0,1,0,0,0,1,0,0,0,7,3.0,1.1,2.0,0.5,0,5,2,7,1,0.00,0.00,0.00,1.64,414,195,385,194,370,191,421,198,,,,,,,0.0,0.0,0.0,0.0,2.38,1.45,186,115,336,161,430,204,643,267,1.45,0.0,10.16
345,True,True,100.0,100.0,513466,0,0,0,0,0,3,1.0,0.5,1,Merlin,0.5,728,False,,2025-10-17T14:00:10.607430Z,50,513466.jpg,1.0,False,Röhl,0.0,False,,a,9,11,3,406,14,411,10,0.1,0.6,Röhl,80.0,2025-09-01,2002-07-05,False,p513466,68,0,0,0,1,0,0,0,0,0,0,0,7,5.4,12.5,7.0,2.5,1,5,3,9,0,0.26,0.01,0.27,1.51,403,188,320,173,323,172,390,183,,,,,,,0.34,0.0,0.01,0.35,2.0,1.32,283,176,328,158,397,188,718,315,0.0,0.0,11.91
346,True,True,,,80201,0,0,0,0,0,1,2.0,1.5,2,Bernd,2.0,314,False,,,50,80201.jpg,2.8,False,Leno,1.5,False,,a,10,54,25,60382,3405,91580,1527,0.4,5.0,Leno,80.0,2022-08-02,1992-03-04,False,p80201,810,0,0,1,14,0,0,0,1,0,28,1,113,224.2,0.0,0.0,22.4,11,80,1,0,9,0.00,0.00,0.00,13.09,20,4,696,81,684,76,162,4,,,,,,,0.0,3.11,0.0,0.0,1.45,1.56,245,8,179,15,190,18,152,20,1.0,0.11,0.0
347,True,False,0.0,0.0,428971,0,0,0,0,0,1,0.0,0.0,0,Steven,0.0,315,False,Has joined Millwall on loan for the rest of the season.,2025-07-28T11:48:41.553663Z,40,428971.jpg,0.0,False,Benda,0.0,False,,u,10,54,0,0,0,368,3,0.0,0.0,Benda,80.0,2023-08-30,1998-10-01,False,p428971,0,0,0,0,0,0,0,0,0,0,0,0,0,0.0,0.0,0.0,0.0,0,0,0,0,0,0.00,0.00,0.00,0.00,495,54,479,40,447,28,495,54,,,,,,,0.0,0.0,0.0,0.0,0.0,0.0,642,59,458,49,504,54,723,82,0.0,0.0,0.0
348,True,True,0.0,0.0,169528,0,0,0,0,0,2,0.0,0.0,0,Antonee,0.2,316,False,Knee injury - Unknown return date,2025-10-17T01:00:10.471151Z,50,169528.jpg,1.0,False,Robinson,0.6,False,,i,10,54,3,54249,28,104094,2741,0.0,0.6,Robinson,229.0,2020-08-20,1997-08-08,False,p169528,61,0,0,0,0,0,0,0,0,0,0,0,12,13.6,22.8,4.0,4.1,2,1,0,2,0,0.00,0.08,0.08,0.23,374,139,269,90,354,126,367,125,,,,,,,0.0,0.0,0.12,0.12,0.34,0.0,249,38,373,133,395,137,225,84,0.0,0.0,2.95
349,True,True,0.0,0.0,174874,0,0,0,0,1,2,0.0,0.0,0,Joachim,1.8,317,False,Hamstring injury - Unknown return date,2025-10-18T20:00:09.645414Z,45,174874.jpg,3.8,False,Andersen,3.0,False,,i,10,54,30,389987,149,358646,20813,0.4,6.7,Andersen,58.0,2024-08-23,1996-05-31,False,p174874,671,0,0,1,11,0,0,0,0,0,0,2,108,187.8,29.3,31.0,24.8,70,28,15,85,8,0.43,0.74,1.17,9.63,55,23,247,76,227,59,138,44,,,,,,,0.06,0.0,0.1,0.16,1.29,1.48,401,75,195,67,95,42,104,38,1.07,0.13,11.4
350,True,True,,,232892,0,0,0,0,0,2,0.8,0.3,1,Calvin,0.8,318,False,,,45,232892.jpg,2.2,False,Bassey,0.5,False,,a,10,54,20,41857,2641,38731,1135,0.2,4.4,Bassey,157.0,2023-07-28,1999-12-31,False,p232892,728,0,0,1,13,0,0,0,2,0,0,3,69,127.8,22.2,11.0,16.2,43,38,12,55,8,0.16,0.06,0.22,11.79,124,56,274,91,300,100,221,72,,,,,,,0.02,0.0,0.01,0.03,1.46,1.61,413,84,288,96,234,88,228,85,0.99,0.12,6.8
351,True,True,,,166477,0,0,-1,1,0,2,1.8,1.3,1,Timothy,1.8,319,False,,,44,166477.jpg,1.4,False,Castagne,0.1,False,,a,10,54,10,6777,493,10681,276,0.4,2.3,Castagne,21.0,2023-08-29,1995-12-05,False,p166477,397,0,0,0,10,0,0,0,0,0,0,0,32,68.8,52.5,37.0,15.8,23,15,11,34,5,0.42,0.12,0.54,8.23,223,87,169,40,208,54,225,75,,,,,,,0.1,0.0,0.03,0.13,1.87,2.27,504,115,193,66,324,111,445,166,1.13,0.0,7.71
352,True,True,,,219924,0,0,-1,1,0,2,1.0,0.5,1,Issa,1.0,320,False,,,44,219924.jpg,1.3,False,Diop,0.1,False,,a,10,54,4,2384,240,5651,100,0.2,0.9,Diop,73.0,2022-08-10,1997-01-09,False,p219924,223,0,0,0,5,0,0,0,1,0,0,0,9,34.0,1.7,4.0,4.0,16,7,4,20,2,0.00,0.02,0.02,4.06,314,118,380,136,347,121,369,126,,,,,,,0.0,0.0,0.01,0.01,1.64,2.02,511,122,262,86,332,115,516,189,0.81,0.0,8.07
353,True,True,,,246301,0,0,-1,1,0,2,1.0,0.5,0,Jorge,1.0,321,False,,,44,246301.jpg,2.3,False,Cuenca Barreno,0.0,False,,a,10,54,7,1137,34,2683,76,0.2,1.6,J.Cuenca,200.0,2024-08-03,1999-11-17,False,p246301,168,0,0,0,2,0,0,0,0,0,0,0,25,40.6,4.6,6.0,5.1,18,6,2,20,2,0.00,0.01,0.01,2.42,294,112,362,126,331,114,350,119,,,,,,,0.0,0.0,0.01,0.01,1.3,1.07,521,129,263,87,227,86,598,211,1.07,0.0,10.71
354,True,True,100.0,100.0,167074,0,0,0,0,0,2,0.5,0.0,2,Kenny,0.5,322,False,,2025-09-29T00:30:06.414184Z,45,167074.jpg,2.8,False,Tete,0.1,False,,a,10,54,17,16139,847,21242,210,0.1,3.8,Tete,152.0,2020-09-10,1995-10-09,False,p167074,540,0,0,1,7,0,0,0,1,0,0,0,84,107.8,42.0,14.0,16.5,26,20,20,46,6,0.07,0.44,0.51,8.97,150,64,208,56,288,91,219,71,,,,,,,0.01,0.0,0.07,0.08,1.5,1.17,399,74,319,111,187,73,405,151,1.0,0.17,7.67
355,True,True,,,591385,0,0,-1,1,0,2,0.0,-0.5,0,Samuel,0.0,323,False,,,39,591385.jpg,0.0,False,Amissah,0.1,False,,a,10,54,0,4042,66,9787,192,0.0,0.0,Amissah,,,,False,p591385,0,0,0,0,0,0,0,0,0,0,0,0,0,0.0,0.0,0.0,0.0,0,0,0,0,0,0.00,0.00,0.00,0.00,466,179,448,178,415,168,466,178,,,,,,,0.0,0.0,0.0,0.0,0.0,0.0,741,241,429,168,475,181,408,153,0.0,0.0,0.0
356,True,True,,,153133,0,0,0,0,1,3,2.2,1.7,1,Alex,2.2,324,False,,,65,153133.jpg,3.9,False,Iwobi,1.5,False,,a,10,54,35,175342,7559,180880,5688,0.3,5.4,Iwobi,157.0,2023-09-01,1996-05-03,False,p153133,721,1,2,1,13,0,0,0,2,0,0,5,140,143.0,212.7,68.0,42.4,8,34,8,50,9,0.50,1.22,1.72,11.97,98,32,21,19,117,72,42,29,,,,,,,0.06,0.0,0.15,0.21,1.49,1.62,53,36,168,83,92,36,148,50,1.12,0.12,6.24
357,True,True,,,209289,0,0,-3,3,0,3,1.0,0.5,1,Emile,1.0,325,False,,,57,209289.jpg,1.6,False,Smith Rowe,0.5,False,,a,10,54,14,38965,665,98422,1243,0.2,2.5,Smith Rowe,241.0,2024-08-02,2000-07-28,False,p209289,195,1,0,0,2,0,0,0,0,0,0,0,46,53.8,44.7,55.0,15.4,3,5,1,9,1,0.89,0.10,0.99,2.94,258,114,197,127,152,90,227,114,,,,,,,0.41,0.0,0.05,0.46,1.36,0.92,122,79,273,132,309,143,243,83,0.46,0.0,4.15
358,True,True,,,159533,0,0,-3,3,0,3,1.5,1.0,2,Adama,1.5,326,False,,,52,159533.jpg,1.3,False,Traoré Diarra,0.2,False,,a,10,54,9,6139,258,24724,301,0.3,1.7,Adama,200.0,2023-08-12,1996-01-25,False,p159533,226,0,0,0,5,0,0,0,0,0,0,0,34,16.6,56.3,31.0,10.1,1,10,1,12,1,0.14,0.53,0.67,4.04,363,169,164,111,228,131,292,147,,,,,,,0.06,0.0,0.21,0.27,1.61,1.99,219,136,221,105,338,160,389,129,0.4,0.0,4.78
359,True,False,0.0,0.0,156689,0,0,-2,2,0,3,0.0,0.0,0,Andreas,0.0,327,False,has joined Palmeiras permanently.,2025-09-02T13:24:11.133813Z,53,156689.jpg,0.0,False,Hoelgebaum Pereira,0.1,False,,u,10,54,0,2438,0,34186,111,0.0,0.0,Andreas,30.0,2022-07-11,1996-01-01,False,p156689,0,0,0,0,0,0,0,0,0,0,0,0,0,0.0,0.0,0.0,0.0,0,0,0,0,0,0.00,0.00,0.00,0.00,716,313,716,314,710,312,717,314,1.0,,1.0,,2.0,,0.0,0.0,0.0,0.0,0.0,0.0,199,125,703,305,719,314,515,182,0.0,0.0,0.0
360,True,True,100.0,100.0,184349,0,0,-1,1,0,3,4.2,3.7,4,Ryan,4.2,328,False,,2025-08-22T14:00:07.804630Z,54,184349.jpg,3.6,False,Sessegnon,0.1,False,,a,10,54,29,15124,2636,6468,415,0.8,5.4,Sessegnon,241.0,2024-07-26,2000-05-18,False,p184349,656,1,1,1,13,0,0,0,0,0,0,2,118,143.2,77.1,75.0,29.4,34,23,19,76,8,0.45,0.69,1.14,11.38,97,31,119,85,100,59,109,58,,,,,,,0.06,0.0,0.09,0.15,1.56,1.78,167,103,62,26,110,42,438,149,1.1,0.14,10.43
361,True,True,100.0,100.0,153682,0,0,-2,2,0,3,1.5,1.0,0,Harry,1.5,329,False,,2025-08-28T17:30:07.780586Z,53,153682.jpg,2.9,False,Wilson,0.4,False,,a,10,54,23,28196,748,98728,1260,0.3,4.3,Wilson,244.0,2021-07-24,1997-03-22,False,p153682,518,1,1,1,6,0,0,0,1,0,0,2,95,83.8,92.7,105.0,28.1,9,20,11,40,6,0.94,0.34,1.28,5.90,197,81,94,69,63,36,117,61,3.0,,3.0,,,,0.16,0.0,0.06,0.22,1.03,1.04,198,124,222,106,179,73,281,96,1.04,0.17,6.95
362,True,True,,,207189,0,0,-1,1,0,3,2.0,1.5,2,Sander,2.0,330,False,,,49,207189.jpg,2.2,False,Berge,0.1,False,,a,10,54,20,3230,107,4993,111,0.4,4.1,Berge,161.0,2024-08-22,1998-02-14,False,p207189,778,0,0,1,14,0,0,0,1,0,0,0,111,94.2,68.4,22.0,18.5,21,36,11,68,9,0.45,0.31,0.76,12.66,179,74,138,95,255,142,207,105,,,,,,,0.05,0.0,0.04,0.09,1.46,1.62,305,192,177,86,237,103,524,188,1.04,0.12,7.87
363,True,True,100.0,75.0,76357,0,0,-1,1,0,3,1.2,0.5,1,Tom,1.2,331,False,,2025-10-18T20:00:09.684225Z,49,76357.jpg,1.2,False,Cairney,0.0,False,,a,10,54,7,819,13,2645,40,0.2,1.4,Cairney,243.0,2015-07-07,1991-01-20,False,p76357,178,0,0,0,5,0,0,0,1,0,0,0,26,3.4,22.3,17.0,4.4,1,9,1,11,1,0.34,0.07,0.41,3.20,411,194,273,157,274,149,359,172,,,2.0,,,,0.17,0.0,0.04,0.21,1.62,2.53,291,182,240,117,350,164,629,258,0.51,0.0,5.56
364,True,True,100.0,75.0,212314,0,0,0,0,0,3,3.5,2.2,9,Saša,3.5,332,False,,2025-10-04T03:00:08.838398Z,50,212314.jpg,3.4,False,Lukić,0.1,False,,a,10,54,27,6598,767,8484,120,0.7,5.4,Lukić,190.0,2023-01-31,1996-08-13,False,p212314,632,1,2,1,9,0,0,0,4,0,0,2,125,120.2,219.3,71.0,41.0,19,23,17,59,8,1.35,1.01,2.36,9.59,138,49,16,14,110,66,47,32,4.0,,,,,,0.19,0.0,0.14,0.33,1.37,1.28,258,158,89,36,121,49,522,186,1.14,0.14,8.4
365,True,False,0.0,0.0,573062,0,0,0,0,0,3,0.0,0.0,0,Martial,0.0,333,False,has joined Strasbourg permanently.,2025-09-02T13:30:29.210428Z,45,573062.jpg,0.0,False,Godo,0.0,False,,u,10,54,0,898,0,5818,43,0.0,0.0,Godo,54.0,2022-08-22,2003-03-14,False,p573062,0,0,0,0,0,0,0,0,0,0,0,0,0,0.0,0.0,0.0,0.0,0,0,0,0,0,0.00,0.00,0.00,0.00,647,267,640,267,621,258,648,268,,,,,,,0.0,0.0,0.0,0.0,0.0,0.0,462,277,623,252,656,272,623,254,0.0,0.0,0.0
366,True,False,0.0,0.0,515024,0,0,0,0,0,3,0.0,0.0,0,Luke,0.0,334,False,Has joined Oxford United on loan for the rest of the season.,2025-07-28T11:48:41.571901Z,45,515024.jpg,0.0,False,Harris,0.0,False,,u,10,54,0,0,0,271,4,0.0,0.0,Harris,244.0,2022-08-05,2005-03-04,False,p515024,0,0,0,0,0,0,0,0,0,0,0,0,0,0.0,0.0,0.0,0.0,0,0,0,0,0,0.00,0.00,0.00,0.00,632,254,625,254,606,245,633,255,,,,,,,0.0,0.0,0.0,0.0,0.0,0.0,443,263,608,239,641,259,739,326,0.0,0.0,0.0
367,True,True,,,577725,0,0,0,0,0,3,1.8,1.3,1,Josh,1.8,335,False,,,45,577725.jpg,1.7,False,King,4.0,False,,a,10,54,15,716647,8842,351916,12261,0.4,3.3,King,241.0,2024-02-02,2007-01-03,False,p577725,543,0,0,1,10,0,0,0,2,0,0,0,59,57.0,45.5,125.0,22.1,7,22,11,40,8,0.77,0.29,1.06,9.51,252,109,192,124,52,29,165,85,,,,,,,0.13,0.0,0.05,0.18,1.58,1.66,469,280,198,93,295,138,85,26,1.33,0.17,6.63
368,True,True,,,153366,0,0,-1,1,0,3,0.0,-0.5,0,Harrison,0.0,336,False,,,44,153366.jpg,0.0,False,Reed,0.2,False,,a,10,54,0,25353,127,29134,598,0.0,0.0,Reed,241.0,2020-08-30,1995-01-27,False,p153366,0,0,0,0,0,0,0,0,0,0,0,0,0,0.0,0.0,0.0,0.0,0,0,0,0,0,0.00,0.00,0.00,0.00,559,205,548,205,521,195,560,206,,,,,,,0.0,0.0,0.0,0.0,0.0,0.0,502,296,529,188,568,210,333,113,0.0,0.0,0.0
369,True,True,100.0,100.0,102057,0,0,-3,3,0,4,3.2,2.7,5,Raúl,3.2,337,False,,2025-09-29T00:30:06.432042Z,62,102057.jpg,2.4,False,Jiménez Rodríguez,0.8,False,,a,10,54,19,48999,5490,203808,1185,0.5,3.1,Raúl,139.0,2023-07-25,1991-05-05,False,p102057,321,1,1,0,4,0,0,0,0,0,0,1,57,50.0,13.1,132.0,18.8,3,7,8,18,4,1.22,0.05,1.27,5.41,271,24,318,35,47,18,201,23,,,4.0,,1.0,,0.34,0.0,0.01,0.35,1.52,1.12,79,24,108,10,222,24,192,29,1.12,0.0,5.05
370,True,True,50.0,0.0,244042,0,0,-1,1,0,4,0.0,0.0,0,Rodrigo,0.0,338,False,Hamstring injury - 50% chance of playing,2025-09-29T00:30:06.448701Z,54,244042.jpg,3.0,False,Muniz Carvalho,1.1,False,,d,10,54,15,247661,105,377356,5243,0.0,2.8,Muniz,30.0,2021-08-20,2001-05-04,False,p244042,314,1,1,1,4,1,0,0,1,0,0,3,38,58.8,41.7,103.0,20.0,8,6,3,17,4,0.86,0.01,0.87,5.45,247,22,209,21,67,22,189,22,,,,,,,0.25,0.0,0.0,0.25,1.56,1.15,175,43,711,73,170,20,170,26,1.15,0.29,4.87
371,True,True,,,86873,0,0,0,0,0,1,0.0,-0.5,0,Benjamin,0.0,664,False,,,40,86873.jpg,0.0,False,Lecomte,0.6,False,,a,10,54,0,8260,61,25956,467,0.0,0.0,Lecomte,73.0,2025-07-26,1991-04-26,False,p86873,0,0,0,0,0,0,0,0,0,0,0,0,0,0.0,0.0,0.0,0.0,0,0,0,0,0,0.00,0.00,0.00,0.00,475,41,459,27,427,15,475,41,,,,,,,0.0,0.0,0.0,0.0,0.0,0.0,620,46,438,36,484,41,211,29,0.0,0.0,0.0
372,True,True,0.0,0.0,218328,0,0,-1,1,0,3,0.0,0.0,0,Samuel,1.2,727,False,Calf injury - Unknown return date,2025-10-17T16:00:11.395453Z,54,218328.jpg,2.5,False,Chukwueze,0.0,False,,i,10,54,5,4843,6,4096,151,0.2,0.9,Chukwueze,157.0,2025-09-01,1999-05-22,False,p218328,33,0,1,0,3,0,0,0,0,0,0,0,20,21.0,25.4,14.0,6.1,0,2,1,3,0,0.18,0.39,0.57,0.67,353,163,257,152,290,156,339,167,,,,,,,0.49,0.0,1.06,1.55,1.83,8.18,173,105,249,125,210,89,660,278,0.0,0.0,8.18
373,True,True,100.0,100.0,560552,0,0,0,0,0,3,1.0,0.5,1,Kevin,1.0,731,False,,2025-09-24T06:30:08.624024Z,60,560552.jpg,0.8,False,Santos Lopes de Macedo,0.1,False,,a,10,54,5,21101,265,15406,385,0.2,0.8,Kevin,30.0,2025-09-01,2003-01-04,False,p560552,157,0,0,0,4,0,0,0,1,0,0,0,31,46.2,63.5,24.0,13.4,4,11,6,21,0,0.05,0.18,0.23,2.80,280,124,150,101,252,139,252,126,,,,,,,0.03,0.0,0.1,0.13,1.61,2.29,91,59,278,135,432,205,541,198,0.0,0.0,12.04
374,True,True,,,631786,0,0,0,0,0,4,0.2,-0.3,1,Jonah,0.2,737,False,,,45,631786.jpg,1.0,False,Kusi-Asare,0.1,False,,a,10,54,1,8367,269,4520,239,0.0,0.2,Kusi-Asare,206.0,2025-09-01,2007-07-04,False,p631786,1,0,0,0,0,0,0,0,0,0,0,0,2,0.0,0.0,0.0,0.0,0,0,0,0,0,0.00,0.00,0.00,0.02,667,70,660,69,641,69,668,70,,,,,,,0.0,0.0,0.0,0.0,1.8,0.0,486,66,362,46,378,42,546,70,0.0,0.0,0.0
375,True,True,,,437495,0,0,-2,2,0,1,-0.5,-0.5,0,Illan,0.0,339,False,,,43,437495.jpg,0.0,False,Meslier,0.4,False,,a,11,2,0,7443,91,46694,613,0.0,0.0,Meslier,73.0,2020-07-27,2000-03-02,False,p437495,0,0,0,0,0,0,0,0,0,0,0,0,0,0.0,0.0,0.0,0.0,0,0,0,0,0,0.00,0.00,0.00,0.00,548,78,535,65,505,53,549,78,,,,,,,0.0,0.0,0.0,0.0,0.0,0.0,593,36,514,73,557,78,262,35,0.0,0.0,0.0
376,True,True,,,97846,0,0,0,0,0,1,-0.5,-0.5,0,Alex,0.0,340,False,,,40,97846.jpg,0.0,False,Cairns,0.2,False,,a,11,2,0,3966,49,8659,151,0.0,0.0,Cairns,241.0,2024-07-08,1993-01-04,False,p97846,0,0,0,0,0,0,0,0,0,0,0,0,0,0.0,0.0,0.0,0.0,0,0,0,0,0,0.00,0.00,0.00,0.00,476,42,460,28,428,16,476,42,,,,,,,0.0,0.0,0.0,0.0,0.0,0.0,621,47,439,37,485,42,383,59,0.0,0.0,0.0
377,True,True,,,59735,0,0,0,0,0,1,0.5,0.5,0,Karl,1.0,341,False,,,40,59735.jpg,2.0,False,Darlow,2.4,False,,a,11,2,10,92662,919,141677,3337,0.2,2.5,Darlow,244.0,2023-07-29,1990-10-08,False,p59735,450,0,0,0,8,0,0,0,0,0,13,0,55,105.0,0.0,0.0,10.5,6,53,0,0,5,0.00,0.01,0.01,4.43,156,19,453,21,421,9,289,19,,,,,,,0.0,2.6,0.0,0.0,0.89,1.6,614,40,256,20,259,22,118,15,1.0,0.0,0.0
378,True,True,100.0,100.0,226182,0,0,0,0,0,2,1.7,1.7,2,Jayden,2.2,342,False,,2025-09-20T23:30:06.793765Z,45,226182.jpg,2.9,False,Bogle,0.2,False,,a,11,2,26,15683,553,14509,509,0.5,5.8,Bogle,241.0,2024-07-20,2000-07-27,False,p226182,792,0,1,2,13,0,0,0,2,0,0,0,84,122.2,60.4,73.0,25.6,38,43,26,64,9,0.66,0.42,1.08,7.91,135,59,152,38,106,18,131,43,,,,,,,0.08,0.0,0.05,0.13,0.9,1.48,410,81,153,52,176,70,345,123,1.02,0.23,7.27
379,True,True,100.0,75.0,222694,0,0,0,0,0,2,0.5,0.4,0,Pascal,1.0,343,False,,2025-10-23T13:30:08.346349Z,45,222694.jpg,3.0,False,Struijk,0.3,False,,a,11,2,24,29714,177,37113,1339,0.2,5.3,Struijk,152.0,2018-04-12,1999-08-11,False,p222694,720,0,0,2,13,0,0,0,1,0,0,2,93,148.8,30.5,59.0,23.9,57,19,6,63,8,0.81,0.08,0.89,8.32,93,44,242,74,142,28,150,51,,,,,3.0,,0.1,0.0,0.01,0.11,1.04,1.62,408,79,266,90,161,64,293,107,1.0,0.25,7.88
380,True,True,100.0,100.0,434752,0,0,-1,1,0,2,0.5,0.5,4,Jaka,1.0,344,False,,2025-07-21T10:00:04.901206Z,39,434752.jpg,4.0,False,Bijol,0.1,False,,a,11,2,4,8616,746,16134,163,0.3,1.0,Bijol,195.0,2025-06-23,1999-02-05,False,p434752,90,0,0,0,1,0,0,0,0,0,0,0,18,24.8,10.2,0.0,3.5,12,5,2,14,1,0.00,0.00,0.00,0.65,341,127,333,117,388,145,379,132,,,,,,,0.0,0.0,0.0,0.0,0.65,1.0,712,216,255,81,82,33,425,158,1.0,0.0,14.0
381,True,True,100.0,100.0,437738,0,0,-1,1,0,2,-0.5,-0.5,0,Sebastiaan,0.0,345,False,,2025-08-10T23:00:06.493026Z,39,437738.jpg,0.0,False,Bornauw,0.1,False,,a,11,2,0,4295,60,5844,92,0.0,0.0,Bornauw,21.0,2025-07-01,1999-03-22,False,p437738,0,0,0,0,0,0,0,0,0,0,0,0,0,0.0,0.0,0.0,0.0,0,0,0,0,0,0.00,0.00,0.00,0.00,441,158,423,157,390,147,441,157,,,,,,,0.0,0.0,0.0,0.0,0.0,0.0,714,218,403,146,450,160,509,186,0.0,0.0,0.0
382,True,True,,,113564,0,0,-1,1,0,2,-0.5,-0.5,0,Sam,0.0,346,False,,,39,113564.jpg,1.0,False,Byram,0.2,False,,a,11,2,1,17629,94,19850,479,0.0,0.3,Byram,241.0,2023-08-05,1993-09-16,False,p113564,7,0,0,0,1,0,0,0,0,0,0,0,-2,0.0,0.0,0.0,0.0,0,0,0,0,0,0.00,0.00,0.00,0.79,433,152,415,151,379,138,433,151,,,,,,,0.0,0.0,0.0,0.0,10.16,12.86,703,209,395,140,361,124,331,119,0.0,0.0,0.0
383,True,True,75.0,100.0,243526,0,0,0,0,0,2,0.4,0.5,1,Gabriel,1.0,347,False,Knock - 75% chance of playing,2025-10-25T09:30:08.635945Z,40,243526.jpg,2.8,False,Gudmundsson,5.2,False,,d,11,2,25,605523,781,317225,20212,0.2,6.2,Gudmundsson,206.0,2025-07-08,1999-04-29,False,p243526,740,0,0,2,13,1,0,0,1,0,0,6,96,150.0,163.1,43.0,35.6,40,31,17,57,9,0.17,1.04,1.21,8.36,92,43,41,8,181,42,72,19,,,,,,,0.02,0.0,0.13,0.15,1.02,1.58,641,169,257,82,185,71,70,23,1.09,0.24,6.93
384,True,True,100.0,100.0,214225,0,0,1,-1,1,2,5.0,5.0,13,Joe,5.5,348,False,,2025-09-05T10:00:06.564684Z,41,214225.jpg,4.9,False,Rodon,6.2,False,,a,11,2,44,719445,38113,242242,3429,1.3,10.7,Rodon,244.0,2024-07-02,1997-10-22,False,p214225,810,2,0,2,14,0,0,0,0,0,0,5,144,253.2,28.4,120.0,40.2,71,25,7,78,9,0.68,0.07,0.75,8.97,12,5,249,78,54,5,51,8,,,,,,,0.08,0.0,0.01,0.09,1.0,1.56,612,160,24,8,34,18,61,19,1.0,0.22,8.67
385,True,False,0.0,0.0,492368,0,0,0,0,0,2,0.0,0.0,0,Isaac,0.0,349,False,has joined Werder Bremen on loan for the rest of the season.,2025-09-02T12:00:32.361624Z,40,492368.jpg,0.0,False,Schmidt,0.1,False,,u,11,2,0,788,0,13578,111,0.0,0.0,Schmidt,207.0,2024-08-30,1999-12-07,False,p492368,0,0,0,0,0,0,0,0,0,0,0,0,0,0.0,0.0,0.0,0.0,0,0,0,0,0,0.00,0.00,0.00,0.00,515,197,500,197,468,188,516,197,,,,,,,0.0,0.0,0.0,0.0,0.0,0.0,669,184,479,187,525,200,494,182,0.0,0.0,0.0
386,True,True,,,427637,0,0,-1,1,1,3,5.0,5.0,11,Brenden,5.5,350,False,,,54,427637.jpg,3.6,False,Aaronson,0.1,False,,a,11,2,32,13957,4939,8763,414,1.0,5.9,Aaronson,229.0,2022-07-01,2000-10-22,False,p427637,546,1,2,2,6,0,0,0,1,0,0,3,134,122.6,135.0,149.0,40.7,11,25,17,53,6,1.62,1.27,2.89,5.57,130,46,54,42,37,20,50,34,,,2.0,,,,0.27,0.0,0.21,0.48,0.92,0.99,176,107,25,10,111,43,427,144,0.99,0.33,8.74
387,True,True,50.0,50.0,492859,0,0,-3,3,0,3,-0.2,-0.2,0,Wilfried,0.0,351,False,Calf injury - 50% chance of playing,2025-09-18T14:30:08.147956Z,52,492859.jpg,1.5,False,Gnonto,0.1,False,,d,11,2,6,5406,10,34960,221,0.0,1.2,Gnonto,106.0,2022-09-01,2003-11-05,False,p492859,191,0,0,1,5,0,0,0,1,0,0,0,27,15.8,21.4,16.0,5.3,2,6,9,17,3,0.18,0.06,0.24,2.49,368,172,281,162,281,154,348,168,,,,,,,0.08,0.0,0.03,0.11,1.17,2.36,227,142,700,303,318,150,485,166,1.41,0.47,8.01
388,True,True,,,221399,0,0,-3,3,0,3,0.7,0.7,1,Jack,1.2,352,False,,,52,221399.jpg,1.1,False,Harrison,0.1,False,,a,11,2,9,3308,105,12940,206,0.2,1.7,Harrison,241.0,2021-07-02,1996-11-20,False,p221399,240,0,0,0,4,0,0,0,0,0,0,0,48,27.8,35.0,33.0,9.7,6,13,5,24,1,0.28,0.21,0.49,2.76,330,152,227,141,217,124,296,148,3.0,,,,,,0.1,0.0,0.08,0.18,1.04,1.5,221,137,245,121,356,169,527,190,0.38,0.0,9.0
389,True,True,100.0,100.0,200617,0,0,-2,2,0,3,0.0,0.0,1,Daniel,0.5,353,False,,2025-10-01T21:30:06.176228Z,53,200617.jpg,1.5,False,James,0.1,False,,a,11,2,9,5638,129,45621,218,0.1,1.7,James,244.0,2021-08-31,1997-11-10,False,p200617,239,0,0,1,6,0,0,0,0,0,0,0,33,22.0,59.7,37.0,11.9,1,7,2,10,3,0.43,0.37,0.80,3.32,349,161,154,103,210,118,276,138,,,,,,,0.16,0.0,0.14,0.3,1.25,2.26,202,128,332,160,320,152,416,138,1.13,0.38,3.77
390,True,True,100.0,75.0,199598,0,0,-1,1,0,3,2.0,1.5,4,Ethan,2.5,354,False,,2025-10-23T13:30:08.371584Z,49,199598.jpg,3.0,False,Ampadu,0.1,False,,a,11,2,21,6880,180,9857,178,0.5,4.3,Ampadu,244.0,2023-07-19,2000-09-14,False,p199598,607,0,0,1,9,0,0,0,2,0,0,0,100,101.6,69.3,17.0,18.9,29,34,19,82,7,0.37,0.18,0.55,5.36,162,62,135,94,275,150,198,101,,,,,,,0.05,0.0,0.03,0.08,0.79,1.33,301,190,141,69,163,64,521,185,1.04,0.15,12.16
391,True,False,0.0,0.0,248937,0,0,-1,1,0,3,0.0,0.0,0,Sam,0.0,355,False,has joined Pogon Szczecin permanently.,2025-09-02T12:00:32.393623Z,49,248937.jpg,0.0,False,Greenwood,0.0,False,,u,11,2,0,1234,0,9466,46,0.0,0.0,Greenwood,241.0,2021-01-09,2002-01-26,False,p248937,0,0,0,0,0,0,0,0,0,0,0,0,0,0.0,0.0,0.0,0.0,0,0,0,0,0,0.00,0.00,0.00,0.00,687,292,682,292,668,286,688,293,,,,,,,0.0,0.0,0.0,0.0,0.0,0.0,317,198,668,281,690,293,602,238,0.0,0.0,0.0
392,True,True,,,486520,0,0,-2,2,0,3,-0.5,-0.5,0,Ilia,0.0,356,False,,,48,486520.jpg,1.4,False,Gruev,0.0,False,,a,11,2,7,1144,32,3493,63,0.0,1.5,Gruev,34.0,2023-08-31,2000-05-06,False,p486520,211,0,0,1,6,0,0,0,1,0,0,0,42,25.0,8.9,2.0,3.6,6,7,5,18,2,0.00,0.01,0.01,3.86,339,155,343,179,364,188,378,179,2.0,,1.0,,,,0.0,0.0,0.0,0.0,1.65,2.56,373,233,657,273,328,154,605,241,0.85,0.43,7.68
393,True,False,0.0,0.0,433952,0,0,-1,1,0,3,0.0,0.0,0,Largie,0.0,357,False,has joined Valencia on loan for the rest of the season.,2025-09-02T12:00:32.377624Z,49,433952.jpg,0.0,False,Ramazani,0.0,False,,u,11,2,0,203,0,4049,16,0.0,0.0,Ramazani,21.0,2024-08-22,2001-02-27,False,p433952,0,0,0,0,0,0,0,0,0,0,0,0,0,0.0,0.0,0.0,0.0,0,0,0,0,0,0.00,0.00,0.00,0.00,689,294,684,294,670,288,690,295,,,,,,,0.0,0.0,0.0,0.0,0.0,0.0,323,201,671,283,692,295,667,283,0.0,0.0,0.0
394,True,True,100.0,100.0,248056,0,0,-2,2,0,3,1.0,1.0,3,Tanaka,1.5,358,False,,2025-08-24T01:30:06.493361Z,48,248056.jpg,1.6,False,Ao,0.1,False,,a,11,2,11,6263,284,22366,220,0.3,2.3,Tanaka,108.0,2024-08-30,1998-09-10,False,p248056,260,0,0,2,5,0,0,0,0,0,0,0,40,15.8,56.4,10.0,8.0,4,14,1,19,3,0.16,0.10,0.26,3.38,367,171,162,110,304,159,318,154,,,,,,,0.06,0.0,0.03,0.09,1.17,1.73,370,231,213,99,302,140,443,150,1.04,0.69,6.58
395,True,False,0.0,0.0,536119,0,0,0,0,0,3,0.0,0.0,0,Charlie,0.0,359,False,Has joined Doncaster Rovers on loan for the rest of the season.,2025-08-11T01:12:36.647868Z,45,536119.jpg,0.0,False,Crew,0.0,False,,u,11,2,0,0,0,860,5,0.0,0.0,Crew,244.0,2024-03-28,2006-06-15,False,p536119,0,0,0,0,0,0,0,0,0,0,0,0,0,0.0,0.0,0.0,0.0,0,0,0,0,0,0.00,0.00,0.00,0.00,635,257,628,257,609,248,636,258,,,,,,,0.0,0.0,0.0,0.0,0.0,0.0,448,267,611,242,644,262,726,318,0.0,0.0,0.0
396,True,False,0.0,0.0,462635,0,0,0,0,0,3,0.0,0.0,0,Joe,0.0,360,False,Has joined Hull City on loan for the rest of the season.,2025-08-11T11:07:52.207439Z,45,462635.jpg,0.0,False,Gelhardt,0.0,False,,u,11,2,0,0,0,2640,19,0.0,0.0,Gelhardt,241.0,2021-02-07,2002-05-04,False,p462635,0,0,0,0,0,0,0,0,0,0,0,0,0,0.0,0.0,0.0,0.0,0,0,0,0,0,0.00,0.00,0.00,0.00,623,246,616,246,597,237,624,247,,,,,,,0.0,0.0,0.0,0.0,0.0,0.0,430,255,599,231,632,251,698,301,0.0,0.0,0.0
397,True,False,0.0,0.0,470294,0,0,0,0,0,3,0.0,0.0,0,Darko,0.0,361,False,has joined Hull City permanently.,2025-09-02T13:38:58.066167Z,45,470294.jpg,0.0,False,Gyabi,0.0,False,,u,11,2,0,1165,0,7377,49,0.0,0.0,Gyabi,241.0,2022-07-04,2004-02-18,False,p470294,0,0,0,0,0,0,0,0,0,0,0,0,0,0.0,0.0,0.0,0.0,0,0,0,0,0,0.00,0.00,0.00,0.00,624,247,617,247,598,238,625,248,,,,,,,0.0,0.0,0.0,0.0,0.0,0.0,431,256,600,232,633,252,613,245,0.0,0.0,0.0
398,True,True,100.0,100.0,235826,0,0,-4,4,0,4,0.0,0.0,0,Joël,0.5,362,False,,2025-09-11T17:30:06.758854Z,51,235826.jpg,1.2,False,Piroe,0.4,False,,a,11,2,5,25214,424,192334,1314,0.1,1.0,Piroe,152.0,2023-08-24,1999-08-02,False,p235826,162,0,0,1,4,0,0,0,0,0,0,0,11,5.0,12.0,77.0,9.1,1,7,0,8,2,0.51,0.06,0.57,2.16,405,42,323,36,99,25,306,33,,,3.0,,2.0,,0.28,0.0,0.03,0.31,1.2,2.22,239,49,329,37,351,38,254,39,1.11,0.56,4.44
399,True,False,0.0,0.0,106617,0,0,-1,1,0,4,0.0,0.0,0,Patrick,0.0,363,False,has departed the club as a free agent.,2025-09-02T12:00:32.408955Z,49,106617.jpg,0.0,False,Bamford,0.4,False,,u,11,2,0,16144,0,191159,883,0.0,0.0,Bamford,241.0,2018-07-31,1993-09-05,False,p106617,0,0,0,0,0,0,0,0,0,0,0,0,0,0.0,0.0,0.0,0.0,0,0,0,0,0,0.00,0.00,0.00,0.00,681,71,676,70,659,70,682,71,,,,,,,0.0,0.0,0.0,0.0,0.0,0.0,292,54,662,66,685,72,252,38,0.0,0.0,0.0
400,True,False,0.0,0.0,565297,0,0,0,0,0,4,0.0,0.0,0,Mateo,0.0,364,False,Has joined RCD Mallorca on loan for the rest of the season.,2025-08-11T11:07:32.622877Z,50,565297.jpg,0.0,False,Joseph Fernández-Regatillo,0.0,False,,u,11,2,0,0,0,2299,13,0.0,0.0,Mateo Joseph,200.0,2022-11-04,2003-10-19,False,p565297,0,0,0,0,0,0,0,0,0,0,0,0,0,0.0,0.0,0.0,0.0,0,0,0,0,0,0.00,0.00,0.00,0.00,710,75,708,75,700,75,711,75,,,,,,,0.0,0.0,0.0,0.0,0.0,0.0,286,53,694,72,713,76,690,80,0.0,0.0,0.0
401,True,True,100.0,100.0,174594,0,0,0,0,0,4,0.5,0.5,1,Lukas,1.0,365,False,,2025-09-11T17:30:06.775545Z,50,174594.jpg,1.6,False,Nmecha,0.7,False,,a,11,2,14,117987,833,108590,2648,0.2,2.8,Nmecha,80.0,2025-07-01,1998-12-14,False,p174594,174,1,0,1,5,0,0,0,0,0,0,0,45,46.8,11.8,65.0,12.3,7,6,0,13,1,1.70,0.05,1.75,2.82,277,26,325,37,125,28,271,27,,,,,1.0,,0.88,0.0,0.03,0.91,1.46,2.59,252,50,268,28,304,31,202,32,0.52,0.52,6.72
402,True,True,,,180135,0,0,-1,1,1,3,5.7,5.7,6,Sean,6.2,493,False,,,49,180135.jpg,4.0,False,Longstaff,1.1,False,,a,11,2,36,147521,13004,42843,2522,1.3,7.3,Longstaff,241.0,2025-07-18,1997-10-30,False,p180135,655,1,2,1,10,0,0,0,0,0,0,4,185,194.0,273.1,40.0,50.8,15,27,27,69,7,0.43,0.81,1.24,6.30,48,15,4,4,202,115,20,15,,,,,,,0.06,0.0,0.11,0.17,0.87,1.37,300,189,14,6,84,34,172,61,0.96,0.14,9.48
403,True,True,,,466525,0,0,1,-1,1,3,1.0,1.0,0,Anton,1.5,660,False,,,51,466525.jpg,4.4,False,Stach,3.0,False,,a,11,2,35,525609,1130,214203,19475,0.3,6.9,Stach,80.0,2025-07-22,1998-11-15,False,p466525,678,1,2,2,13,0,0,0,1,0,0,3,128,132.4,205.8,74.0,41.3,19,28,14,61,8,0.80,0.63,1.43,8.29,114,39,23,21,102,61,46,31,1.0,,4.0,,,,0.11,0.0,0.08,0.19,1.1,1.73,241,149,220,104,56,21,106,36,1.06,0.27,8.1
404,True,True,100.0,100.0,201595,0,0,0,0,0,1,-0.3,-0.3,1,Lucas Estella,0.2,665,False,,2025-09-11T17:30:07.176029Z,45,201595.jpg,3.2,False,Perri,0.2,False,,a,11,2,13,16937,444,34446,222,0.0,2.9,Perri,30.0,2025-07-26,1997-12-10,False,p201595,360,0,0,2,6,0,0,0,1,0,5,0,44,51.6,0.0,0.0,5.1,6,28,0,0,4,0.00,0.00,0.00,4.54,264,25,600,74,580,66,351,26,,,,,,,0.0,1.25,0.0,0.0,1.14,1.5,404,24,360,23,137,16,335,51,1.0,0.5,0.0
405,True,True,100.0,100.0,177815,0,0,0,0,1,4,1.5,1.5,2,Dominic,2.0,691,False,,2025-08-22T12:30:07.420235Z,55,177815.jpg,3.1,False,Calvert-Lewin,1.6,False,,a,11,2,22,298786,3364,120905,12693,0.4,4.0,Calvert-Lewin,241.0,2025-08-15,1997-03-16,False,p177815,534,1,1,2,6,0,0,0,0,0,0,2,60,62.8,107.3,169.0,33.5,5,11,3,19,6,1.77,0.46,2.23,4.10,234,19,71,3,26,13,84,13,,,,,,,0.3,0.0,0.08,0.38,0.69,1.01,141,34,185,16,152,15,144,23,1.01,0.34,3.2
406,True,True,100.0,50.0,435997,0,0,0,0,0,3,3.0,1.5,4,Noah,3.5,698,False,,2025-10-17T00:30:11.157914Z,55,435997.jpg,4.2,False,Okafor,0.2,False,,a,11,2,25,38931,1355,20063,772,0.6,4.5,Okafor,207.0,2025-08-21,2000-05-24,False,p435997,349,2,1,1,5,0,0,0,2,0,0,3,79,99.2,58.4,109.0,26.7,4,19,7,30,5,1.36,0.36,1.72,3.52,169,67,157,105,61,34,123,64,,,,,,,0.35,0.0,0.09,0.44,0.91,1.29,147,93,94,39,69,28,373,126,1.29,0.26,7.74
407,True,True,,,220627,0,0,0,0,0,2,-0.3,-0.3,0,James,0.2,706,False,,,40,220627.jpg,0.8,False,Justin,0.2,False,,a,11,2,3,27875,201,13940,458,0.0,0.8,Justin,241.0,2025-08-25,1998-02-23,False,p220627,64,0,0,0,1,0,0,0,1,0,0,0,11,15.0,1.1,2.0,1.8,9,7,1,10,0,0.00,0.00,0.00,0.86,370,137,384,139,358,129,396,139,,,,,,,0.0,0.0,0.0,0.0,1.21,1.41,633,165,349,120,423,139,337,120,0.0,0.0,14.06
408,True,True,100.0,100.0,600882,0,0,0,0,0,4,-0.5,-0.5,0,Harry,0.0,741,False,,2025-10-02T14:30:07.989923Z,45,600882.jpg,0.0,False,Gray,0.1,False,,a,11,2,0,10912,657,6460,224,0.0,0.0,Gray,241.0,2025-04-20,2008-10-08,False,p600882,0,0,0,0,0,0,0,0,0,0,0,0,0,0.0,0.0,0.0,0.0,0,0,0,0,0,0.00,0.00,0.00,0.00,659,69,652,68,633,68,660,69,,,,,,,0.0,0.0,0.0,0.0,0.0,0.0,475,65,635,65,668,71,556,74,0.0,0.0,0.0
409,True,True,0.0,0.0,116535,0,0,-1,1,1,1,0.0,0.0,0,Alisson,0.5,366,False,Muscle injury - Unknown return date,2025-10-01T00:30:06.184759Z,54,116535.jpg,3.3,False,Becker,6.3,False,,i,12,14,20,277371,83,948056,24114,0.1,3.7,A.Becker,30.0,2018-07-19,1992-10-02,False,p116535,540,0,0,2,7,0,0,0,0,0,9,2,95,106.8,0.1,0.0,10.7,12,51,0,0,6,0.00,0.01,0.01,6.87,152,18,411,12,713,83,288,18,,,,,,,0.0,1.5,0.0,0.0,1.14,1.17,160,4,335,22,130,14,58,11,1.0,0.33,0.0
410,True,True,,,449027,0,0,-2,2,0,1,2.2,2.2,2,Giorgi,1.2,367,False,,,43,449027.jpg,1.7,False,Mamardashvili,0.9,False,,a,12,14,5,90341,2532,48953,2435,0.3,1.2,Mamardashvili,79.0,2024-08-27,2000-09-29,False,p449027,270,0,0,0,7,0,0,0,0,0,11,0,36,84.4,0.0,0.0,8.4,7,32,0,0,3,0.00,0.00,0.00,5.09,195,22,536,66,506,54,315,22,,,,,,,0.0,3.67,0.0,0.0,1.7,2.33,595,37,231,19,294,25,187,27,1.0,0.0,0.0
411,True,True,,,586268,0,0,-1,1,0,1,1.0,1.0,0,Ármin,0.0,368,False,,,39,586268.jpg,0.0,False,Pécsi,0.4,False,,a,12,14,0,46495,211,15086,460,0.0,0.0,Pécsi,98.0,2025-06-07,2005-02-24,False,p586268,0,0,0,0,0,0,0,0,0,0,0,0,0,0.0,0.0,0.0,0.0,0,0,0,0,0,0.00,0.00,0.00,0.00,464,35,446,19,413,7,464,35,,,,,,,0.0,0.0,0.0,0.0,0.0,0.0,739,86,427,30,473,35,267,36,0.0,0.0,0.0
412,True,True,,,155503,0,0,-1,1,0,1,1.0,1.0,0,Freddie,0.0,369,False,,,39,155503.jpg,0.0,False,Woodman,0.2,False,,a,12,14,0,17157,457,7464,285,0.0,0.0,Woodman,241.0,2025-07-01,1997-03-04,False,p155503,0,0,0,0,0,0,0,0,0,0,0,0,0,0.0,0.0,0.0,0.0,0,0,0,0,0,0.00,0.00,0.00,0.00,434,30,416,14,380,2,434,30,,,,,,,0.0,0.0,0.0,0.0,0.0,0.0,704,81,396,25,443,30,352,54,0.0,0.0,0.0
413,True,True,0.0,0.0,216094,0,0,-2,2,0,2,0.0,0.0,0,Jeremie,0.5,370,False,Hamstring injury - Unknown return date,2025-10-23T09:00:08.355744Z,58,216094.jpg,1.8,False,Frimpong,6.0,False,,i,12,14,7,183905,73,2789963,33172,0.1,1.2,Frimpong,152.0,2025-06-01,2000-12-10,False,p216094,83,0,1,0,1,0,0,0,0,0,0,0,29,19.4,17.3,29.0,6.6,5,4,2,7,1,0.09,0.34,0.43,1.96,358,132,295,100,235,64,332,110,,,,,,,0.1,0.0,0.37,0.47,2.13,1.08,110,8,342,118,291,103,65,21,1.08,0.0,7.59
414,True,True,,,544877,0,0,-2,2,0,2,3.2,3.2,6,Milos,2.2,371,False,,,58,544877.jpg,2.2,False,Kerkez,3.8,False,,a,12,14,20,218373,2532,579812,6976,0.4,3.4,Kerkez,98.0,2025-06-26,2003-11-07,False,p544877,660,1,0,1,11,0,0,0,3,0,0,0,83,142.2,86.0,63.0,29.2,40,26,12,52,9,0.71,0.16,0.87,9.82,100,47,103,22,129,22,112,35,,,,,,,0.1,0.0,0.02,0.12,1.34,1.5,118,11,163,57,246,92,90,32,1.23,0.14,7.09
415,True,True,,,122798,0,0,-2,2,0,2,1.5,1.5,1,Andrew,0.5,372,False,,,58,122798.jpg,0.8,False,Robertson,1.0,False,,a,12,14,3,20487,591,90729,1135,0.1,0.5,Robertson,243.0,2017-07-21,1994-03-11,False,p122798,146,0,0,0,3,0,0,0,0,0,0,0,28,50.2,83.7,40.0,17.4,9,6,2,11,0,0.13,0.43,0.56,2.15,268,102,108,24,204,51,213,69,4.0,,,,,,0.08,0.0,0.27,0.35,1.33,1.85,107,7,341,117,431,146,183,69,0.0,0.0,6.78
416,True,True,,,97032,0,0,0,0,0,2,3.2,3.2,3,Virgil,2.2,373,False,,,60,97032.jpg,3.9,False,van Dijk,25.6,False,,a,12,14,35,1344768,9559,1392344,69884,0.4,5.8,Virgil,152.0,2018-01-01,1991-07-08,False,p97032,810,0,0,2,14,0,0,0,1,0,0,4,126,285.6,43.0,60.0,38.8,104,21,6,110,9,0.41,0.17,0.58,11.96,5,2,207,55,139,25,59,12,,,3.0,,,,0.05,0.0,0.02,0.07,1.33,1.56,85,3,165,58,91,39,13,5,1.0,0.22,12.22
417,True,True,100.0,100.0,204716,0,0,-1,1,0,2,3.5,3.5,3,Ibrahima,2.5,374,False,,2025-10-05T01:30:08.114532Z,54,204716.jpg,3.3,False,Konaté,2.8,False,,a,12,14,30,232078,4005,307211,6106,0.5,5.6,Konaté,73.0,2021-07-01,1999-05-25,False,p204716,742,0,0,2,12,0,0,0,2,0,0,3,118,193.0,70.4,29.0,29.3,58,22,17,75,9,0.61,0.32,0.93,10.29,50,22,132,30,232,62,110,34,,,,,,,0.07,0.0,0.04,0.11,1.25,1.46,169,21,147,50,131,51,109,40,1.09,0.24,9.1
418,True,True,100.0,100.0,492777,0,0,0,0,0,2,2.8,2.8,4,Conor,1.8,375,False,,2025-08-10T23:00:06.506922Z,50,492777.jpg,1.3,False,Bradley,0.2,False,,a,12,14,9,17301,909,17423,478,0.4,1.8,Bradley,242.0,2023-09-25,2003-07-09,False,p492777,357,0,1,0,8,0,0,0,3,0,0,0,21,50.2,45.3,22.0,11.6,15,12,6,21,5,0.06,0.19,0.25,6.12,267,101,193,49,258,76,280,94,,,,,,,0.02,0.0,0.05,0.07,1.54,2.02,276,43,203,72,337,118,374,136,1.26,0.0,5.29
419,True,True,100.0,100.0,171287,0,0,-1,1,0,2,1.2,1.2,1,Joe,0.2,376,False,,2025-08-10T23:00:06.519894Z,49,171287.jpg,1.0,False,Gomez,0.1,False,,a,12,14,3,6715,124,10230,242,0.0,0.6,Gomez,241.0,2015-06-20,1997-05-23,False,p171287,36,0,0,0,1,0,0,0,0,0,0,0,7,14.6,0.8,6.0,2.0,8,1,0,8,0,0.13,0.07,0.20,0.51,371,138,389,141,334,117,395,138,,,,,,,0.32,0.0,0.18,0.5,1.28,2.5,299,46,366,131,388,135,409,154,0.0,0.0,20.0
420,True,False,0.0,0.0,214285,0,0,-2,2,0,2,0.0,0.0,0,Konstantinos,0.0,377,False,has joined AS Roma on loan for the rest of the season.,2025-09-22T09:16:54.545563Z,48,214285.jpg,0.0,False,Tsimikas,0.1,False,,u,12,14,0,1669,0,11239,104,0.0,0.0,Tsimikas,83.0,2020-08-10,1996-05-12,False,p214285,0,0,0,0,0,0,0,0,0,0,0,0,0,0.0,0.0,0.0,0.0,0,0,0,0,0,0.00,0.00,0.00,0.00,675,236,669,237,652,235,676,236,3.0,,,,,,0.0,0.0,0.0,0.0,0.0,0.0,363,62,652,233,679,238,553,199,0.0,0.0,0.0
421,True,True,,,611926,-1,1,-2,2,0,2,1.0,1.0,0,Amara,0.0,378,False,,,38,611926.jpg,0.0,False,Nallo,0.2,False,,a,12,14,0,16983,5024,12681,474,0.0,0.0,Nallo,241.0,2024-02-27,2006-11-18,False,p611926,0,0,0,0,0,0,0,0,0,0,0,0,0,0.0,0.0,0.0,0.0,0,0,0,0,0,0.00,0.00,0.00,0.00,430,150,412,149,375,135,430,149,,,,,,,0.0,0.0,0.0,0.0,0.0,0.0,746,246,390,136,440,153,357,128,0.0,0.0,0.0
422,True,True,,,219937,0,0,-1,1,0,2,1.0,1.0,0,Rhys,0.0,379,False,,,39,219937.jpg,0.0,False,Williams,0.2,False,,a,12,14,0,11559,54,15240,252,0.0,0.0,R.Williams,241.0,2020-09-23,2001-02-03,False,p219937,0,0,0,0,0,0,0,0,0,0,0,0,0,0.0,0.0,0.0,0.0,0,0,0,0,0,0.00,0.00,0.00,0.00,436,153,418,152,384,141,436,152,,,,,,,0.0,0.0,0.0,0.0,0.0,0.0,708,212,398,141,445,155,369,134,0.0,0.0,0.0
423,True,True,,,489580,0,0,-1,1,0,2,1.0,1.0,0,Calvin,0.0,380,False,,,39,489580.jpg,0.0,False,Ramsay,0.2,False,,a,12,14,0,12915,62,15739,293,0.0,0.0,Ramsay,243.0,2022-06-19,2003-07-31,False,p489580,0,0,0,0,0,0,0,0,0,0,0,0,0,0.0,0.0,0.0,0.0,0,0,0,0,0,0.00,0.00,0.00,0.00,447,162,429,161,396,151,447,161,,,,,,,0.0,0.0,0.0,0.0,0.0,0.0,720,222,409,150,456,164,353,125,0.0,0.0,0.0
424,True,True,,,118748,0,0,-2,2,0,3,4.0,4.0,6,Mohamed,3.0,381,False,,,143,118748.jpg,4.7,False,Salah,27.7,False,,a,12,14,42,1160404,3589,4073116,142225,0.2,2.9,M.Salah,63.0,2017-07-01,1992-06-15,False,p118748,804,3,2,2,14,0,0,0,1,0,0,2,132,181.4,252.2,268.0,70.1,5,26,0,31,9,3.06,1.20,4.26,11.53,58,19,9,9,6,2,7,6,,,4.0,,1.0,,0.34,0.0,0.13,0.47,1.29,1.57,2,1,131,63,50,18,10,3,1.01,0.22,3.47
425,True,True,,,494595,0,0,-4,4,0,3,2.5,2.5,2,Florian,1.5,382,False,,,81,494595.jpg,1.8,False,Wirtz,7.9,False,,a,12,14,16,404674,3957,3132196,20338,0.2,2.0,Wirtz,80.0,2025-06-20,2003-05-03,False,p494595,591,0,0,2,9,0,0,0,1,0,0,0,80,70.6,217.0,130.0,41.7,6,27,10,43,6,1.18,1.10,2.27,9.32,219,95,18,16,49,28,43,30,1.0,,,,,,0.18,0.0,0.17,0.35,1.42,1.37,15,10,230,112,293,137,49,17,0.91,0.3,6.55
426,True,False,0.0,0.0,244731,0,0,0,0,0,3,0.0,0.0,0,Luis,0.0,383,False,Has joined Bayern Munch permanently.,2025-07-30T14:05:01.491481Z,80,244731.jpg,0.0,False,Díaz Marulanda,0.0,False,,u,12,14,0,0,0,7025,16,0.0,0.0,Luis Díaz,48.0,2022-01-30,1997-01-13,False,p244731,0,0,0,0,0,0,0,0,0,0,0,0,0,0.0,0.0,0.0,0.0,0,0,0,0,0,0.00,0.00,0.00,0.00,745,331,745,331,745,331,745,331,,,,,,,0.0,0.0,0.0,0.0,0.0,0.0,16,11,744,330,745,331,575,215,0.0,0.0,0.0
427,True,True,,,243298,1,-1,1,-1,0,3,5.2,5.2,2,Cody,4.2,384,False,,,76,243298.jpg,4.7,False,Gakpo,15.0,False,,a,12,14,42,2469249,46355,1687130,45293,0.6,5.5,Gakpo,152.0,2023-01-01,1999-05-07,False,p243298,705,3,2,2,13,0,0,0,0,0,0,2,165,190.6,266.9,246.0,70.5,12,25,6,43,8,2.81,1.91,4.72,9.47,52,17,5,5,8,4,6,5,,,,,2.0,,0.36,0.0,0.24,0.6,1.21,1.66,22,15,63,27,48,17,27,11,1.02,0.26,5.49
428,True,True,100.0,100.0,223541,0,0,-1,1,0,3,3.5,3.5,1,Federico,2.5,385,False,,2025-10-03T09:30:08.615318Z,64,223541.jpg,2.7,False,Chiesa,0.3,False,,a,12,14,19,32835,805,35407,1298,0.4,3.0,Chiesa,106.0,2024-08-29,1997-10-25,False,p223541,110,2,1,0,3,0,0,0,1,0,0,0,71,98.0,16.7,62.0,17.7,4,1,5,10,0,0.80,0.07,0.87,1.96,170,68,298,167,133,82,211,108,,,,,,,0.65,0.0,0.06,0.71,1.6,2.45,64,43,150,75,200,84,287,98,0.0,0.0,8.18
429,True,True,100.0,100.0,243016,0,0,-2,2,0,3,2.8,2.8,1,Alexis,1.8,386,False,,2025-08-28T17:30:07.822110Z,63,243016.jpg,2.2,False,Mac Allister,1.2,False,,a,12,14,18,70817,923,167128,3252,0.3,2.9,Mac Allister,10.0,2023-06-14,1998-12-24,False,p243016,474,0,1,1,5,0,0,0,0,0,0,0,95,70.6,93.6,41.0,20.5,10,25,8,43,7,0.51,0.29,0.80,6.01,218,94,93,68,198,114,182,96,2.0,,5.0,,3.0,,0.1,0.0,0.06,0.16,1.14,0.95,72,49,211,98,249,111,162,57,1.33,0.19,8.16
430,True,True,,,424876,0,0,0,0,1,3,6.0,6.0,10,Dominik,5.0,387,False,,,65,424876.jpg,4.6,False,Szoboszlai,3.9,False,,a,12,14,41,487477,22760,342433,6098,0.8,6.3,Szoboszlai,98.0,2023-07-02,2000-10-25,False,p424876,810,1,1,2,14,0,0,0,2,0,0,7,192,224.4,251.9,101.0,57.8,36,56,21,113,9,1.03,1.01,2.04,11.96,19,6,10,10,71,38,15,10,5.0,,2.0,,,,0.11,0.0,0.11,0.22,1.33,1.56,56,39,40,16,52,19,87,28,1.0,0.22,12.56
431,True,True,75.0,100.0,206915,0,0,-1,1,0,3,1.7,2.2,2,Curtis,1.2,388,False,Knock - 75% chance of playing,2025-10-25T23:00:08.088311Z,54,206915.jpg,1.6,False,Jones,0.1,False,,d,12,14,13,5625,238,12088,336,0.2,2.4,C.Jones,241.0,2018-04-06,2001-01-30,False,p206915,322,0,1,0,9,0,0,0,0,0,0,0,84,58.8,66.3,33.0,15.8,6,27,7,40,2,0.32,0.95,1.27,6.25,246,106,145,98,218,125,226,113,,,,,,,0.09,0.0,0.27,0.36,1.75,2.52,171,104,248,124,308,142,495,172,0.56,0.0,11.18
432,True,True,75.0,75.0,441266,-1,1,1,-1,1,3,3.0,3.0,0,Ryan,3.0,390,False,Ankle injury - 75% chance of playing,2025-10-20T00:30:09.747338Z,56,441266.jpg,5.6,False,Gravenberch,4.7,False,,d,12,14,39,894902,1327,417585,68026,0.5,7.0,Gravenberch,152.0,2023-09-01,2002-05-16,False,p441266,601,2,2,2,8,0,0,0,2,0,0,7,165,178.0,104.8,52.0,33.5,19,28,13,60,7,0.40,0.39,0.79,6.87,64,20,75,54,160,94,85,49,,,,,,,0.06,0.0,0.06,0.12,1.03,1.2,133,85,125,58,18,5,78,24,1.05,0.3,8.99
433,True,True,100.0,100.0,158983,0,0,-1,1,0,3,1.2,1.2,0,Endo,0.2,392,False,,2025-10-13T09:30:08.494382Z,49,158983.jpg,1.5,False,Wataru,0.1,False,,a,12,14,6,5273,92,11038,134,0.0,1.2,Endo,108.0,2023-08-18,1993-02-09,False,p158983,36,0,1,0,3,0,0,0,1,0,0,0,20,28.8,10.9,0.0,3.9,3,0,3,6,0,0.00,0.00,0.00,1.71,326,149,328,175,662,283,374,178,,,,,,,0.0,0.0,0.0,0.0,4.28,7.5,296,186,365,166,316,149,476,161,0.0,0.0,15.0
434,True,True,0.0,0.0,535928,-1,1,-2,2,0,3,0.0,0.0,0,Stefan,0.0,393,False,Hamstring injury - Unknown return date,2025-09-12T10:00:06.938334Z,43,535928.jpg,0.0,False,Bajčetić Maquieira,0.0,False,,i,12,14,0,4836,282,7077,126,0.0,0.0,Bajcetic,200.0,2022-07-11,2004-10-22,False,p535928,0,0,0,0,0,0,0,0,0,0,0,0,0,0.0,0.0,0.0,0.0,0,0,0,0,0,0.00,0.00,0.00,0.00,551,203,539,203,509,193,552,204,,,,,,,0.0,0.0,0.0,0.0,0.0,0.0,600,331,517,186,560,208,592,231,0.0,0.0,0.0
435,True,False,0.0,0.0,491501,0,0,-1,1,0,3,0.0,0.0,0,James,0.0,394,False,has joined Ajax on loan for the rest of the season.,2025-09-22T21:23:24.738341Z,44,491501.jpg,0.0,False,McConnell,0.0,False,,u,12,14,0,1737,0,3526,37,0.0,0.0,McConnell,,,,False,p491501,0,0,0,0,0,0,0,0,0,0,0,0,0,0.0,0.0,0.0,0.0,0,0,0,0,0,0.00,0.00,0.00,0.00,573,212,563,212,539,202,574,213,,,,,,,0.0,0.0,0.0,0.0,0.0,0.0,540,306,547,195,583,217,638,263,0.0,0.0,0.0
436,True,False,0.0,0.0,440148,0,0,0,0,0,3,0.0,0.0,0,Tyler,0.0,395,False,Has joined Lyon permanently.,2025-08-11T01:13:11.403187Z,45,440148.jpg,0.0,False,Morton,0.0,False,,u,12,14,0,0,0,326,1,0.0,0.0,Morton,241.0,2021-07-22,2002-10-31,False,p440148,0,0,0,0,0,0,0,0,0,0,0,0,0,0.0,0.0,0.0,0.0,0,0,0,0,0,0.00,0.00,0.00,0.00,616,240,608,240,589,231,617,241,,,,,,,0.0,0.0,0.0,0.0,0.0,0.0,421,249,592,225,625,245,735,325,0.0,0.0,0.0
437,True,True,,,591386,0,0,-2,2,0,3,1.0,1.0,0,Trey,0.0,396,False,,,43,591386.jpg,0.0,False,Nyoni,0.5,False,,a,12,14,0,71157,7801,30023,2185,0.0,0.0,Nyoni,241.0,2023-11-11,2007-06-30,False,p591386,0,0,0,0,0,0,0,0,0,0,0,0,0,0.0,0.0,0.0,0.0,0,0,0,0,0,0.00,0.00,0.00,0.00,552,204,540,204,512,194,553,205,,,,,,,0.0,0.0,0.0,0.0,0.0,0.0,603,332,518,187,561,209,229,78,0.0,0.0,0.0
438,True,False,0.0,0.0,447203,0,0,0,0,0,4,0.0,0.0,0,Darwin,0.0,397,False,Has joined Al-Hilal permanently.,2025-08-11T11:06:59.061616Z,65,447203.jpg,0.0,False,Núñez Ribeiro,0.1,False,,u,12,14,0,0,0,15468,25,0.0,0.0,Darwin,230.0,2022-06-14,1999-06-24,False,p447203,0,0,0,0,0,0,0,0,0,0,0,0,0,0.0,0.0,0.0,0.0,0,0,0,0,0,0.00,0.00,0.00,0.00,740,80,740,80,740,80,740,80,,,,,,,0.0,0.0,0.0,0.0,0.0,0.0,58,18,736,78,740,80,520,69,0.0,0.0,0.0
439,True,True,0.0,0.0,500058,0,0,-1,1,0,4,0.0,0.0,0,Jayden,0.0,398,False,Hamstring injury - Unknown return date,2025-10-17T01:00:10.583515Z,44,500058.jpg,0.0,False,Danns,0.1,False,,i,12,14,0,7314,30,14898,352,0.0,0.0,Danns,241.0,2024-02-20,2006-01-16,False,p500058,0,0,0,0,0,0,0,0,0,0,0,0,0,0.0,0.0,0.0,0.0,0,0,0,0,0,0.00,0.00,0.00,0.00,577,57,567,56,543,56,578,57,,,,,,,0.0,0.0,0.0,0.0,0.0,0.0,545,70,551,53,587,59,420,59,0.0,0.0,0.0
440,True,True,75.0,75.0,219168,0,0,0,0,0,4,2.4,2.4,0,Alexander,2.2,499,False,Groin Injury - 75% chance of playing,2025-10-23T07:30:08.636044Z,105,219168.jpg,2.5,False,Isak,6.9,False,,d,12,14,10,1677374,879,1882024,89422,0.2,1.0,Isak,206.0,2025-09-01,1999-09-21,False,p219168,250,0,1,0,3,0,0,0,0,0,0,0,19,21.8,21.5,50.0,8.7,1,8,2,11,3,0.94,0.03,0.97,3.32,351,34,280,27,164,33,313,35,,,3.0,,2.0,,0.34,0.0,0.01,0.35,1.2,1.08,3,2,170,15,216,23,56,12,1.08,0.0,3.96
441,True,True,100.0,100.0,510663,0,0,1,-1,0,4,2.0,2.0,2,Hugo,1.0,661,False,,2025-10-01T00:30:06.331343Z,86,510663.jpg,4.5,False,Ekitiké,16.7,False,,a,12,14,36,2788371,43895,3013579,56330,0.1,4.2,Ekitiké,73.0,2025-07-23,2002-06-20,False,p510663,499,3,1,2,8,0,0,0,0,0,0,7,122,154.6,66.7,128.0,34.5,15,12,4,31,6,2.33,0.23,2.56,7.67,87,8,142,12,51,19,79,11,,,,,,,0.42,0.0,0.04,0.46,1.38,1.44,8,4,282,34,55,7,23,5,1.08,0.36,5.59
442,True,True,,,611922,0,0,0,0,0,3,1.5,1.5,1,Rio,0.5,686,False,,,45,611922.jpg,2.2,False,Ngumoha,0.6,False,,a,12,14,9,118874,843,73178,2444,0.1,2.0,Ngumoha,241.0,2024-12-17,2008-08-29,False,p611922,30,1,0,0,1,0,0,0,0,0,0,0,37,39.2,22.7,25.0,8.8,0,0,1,1,0,0.37,0.11,0.48,0.77,298,132,270,156,244,135,311,152,,,,,,,1.11,0.0,0.33,1.44,2.31,3.0,482,291,322,154,236,102,227,77,0.0,0.0,3.0
443,True,True,0.0,0.0,647681,0,0,-1,1,0,2,0.0,0.0,0,Giovanni,0.0,692,False,Knee injury - Expected back 01 Sep,2025-09-24T06:00:06.281394Z,49,647681.jpg,0.0,False,Leoni,0.0,False,,i,12,14,0,1476,6,2001,18,0.0,0.0,Leoni,106.0,2025-08-15,2006-12-21,False,p647681,0,0,0,0,0,0,0,0,0,0,0,0,0,0.0,0.0,0.0,0.0,0,0,0,0,0,0.00,0.00,0.00,0.00,700,240,695,241,683,239,701,240,,,,,,,0.0,0.0,0.0,0.0,0.0,0.0,353,60,682,237,703,241,675,229,0.0,0.0,0.0
444,True,True,,,596042,0,0,0,0,0,3,2.2,2.2,0,Kieran,0.0,746,False,,,45,596042.jpg,0.0,False,Morrison,0.0,False,,a,12,14,0,20,20,0,0,0.0,0.0,Morrison,,,,False,p596042,0,0,0,0,0,0,0,0,0,0,0,0,0,0.0,0.0,0.0,0.0,0,0,0,0,0,0.00,0.00,0.00,0.00,658,274,651,274,632,265,659,275,,,,,,,0.0,0.0,0.0,0.0,0.0,0.0,474,285,634,259,667,279,746,332,0.0,0.0,0.0
445,True,True,,,432720,0,0,-3,3,0,1,0.5,0.5,0,James,0.0,182,False,,,47,432720.jpg,3.7,False,Trafford,1.2,False,,a,13,43,11,96411,110,235620,1946,0.0,2.3,Trafford,241.0,2025-07-29,2002-10-10,False,p432720,270,0,0,1,4,0,0,0,0,0,11,0,62,100.2,0.0,0.0,10.1,6,33,2,0,3,0.00,0.00,0.00,3.97,166,20,664,76,647,69,291,20,,,,,,,0.0,3.67,0.0,0.0,1.32,1.33,382,18,647,82,101,8,163,22,1.0,0.33,0.0
446,True,False,0.0,0.0,121160,0,0,-2,2,0,1,0.0,0.0,0,Ederson,0.0,399,False,has joined Fenerbache permanently.,2025-09-02T13:32:35.715838Z,53,121160.jpg,0.0,False,Santana de Moraes,1.0,False,,u,13,43,0,15200,0,258246,1081,0.0,0.0,Ederson M.,30.0,2017-07-01,1993-08-17,False,p121160,0,0,0,0,0,0,0,0,0,0,0,0,0,0.0,0.0,0.0,0.0,0,0,0,0,0,0.00,0.00,0.00,0.00,715,86,715,84,709,82,716,86,,,,,,,0.0,0.0,0.0,0.0,0.0,0.0,197,5,702,86,718,86,181,26,0.0,0.0,0.0
447,True,True,,,88248,0,0,-2,2,0,1,0.5,0.5,0,Stefan,0.0,400,False,,,48,88248.jpg,0.0,False,Ortega Moreno,0.2,False,,a,13,43,0,1972,41,15208,141,0.0,0.0,Ortega Moreno,80.0,2022-07-01,1992-11-06,False,p88248,0,0,0,0,0,0,0,0,0,0,0,0,0,0.0,0.0,0.0,0.0,0,0,0,0,0,0.00,0.00,0.00,0.00,672,83,666,78,649,71,673,83,,,,,,,0.0,0.0,0.0,0.0,0.0,0.0,355,16,648,83,676,83,378,58,0.0,0.0,0.0
448,True,True,100.0,100.0,122074,0,0,0,0,0,1,0.5,0.5,0,Marcus,0.0,401,False,,2025-08-22T12:00:07.134628Z,40,122074.jpg,0.0,False,Bettinelli,0.1,False,,a,13,43,0,2078,35,9265,81,0.0,0.0,Bettinelli,241.0,2025-06-10,1992-05-24,False,p122074,0,0,0,0,0,0,0,0,0,0,0,0,0,0.0,0.0,0.0,0.0,0,0,0,0,0,0.00,0.00,0.00,0.00,481,46,465,32,433,20,481,46,,,,,,,0.0,0.0,0.0,0.0,0.0,0.0,626,51,444,41,490,46,446,69,0.0,0.0,0.0
449,True,True,100.0,100.0,448514,0,0,-2,2,0,2,0.5,0.5,0,Rayan,0.0,402,False,,2025-10-17T13:00:10.922539Z,58,448514.jpg,3.3,False,Aït-Nouri,5.0,False,,a,13,43,10,484832,1507,2212280,5728,0.0,1.7,Aït-Nouri,3.0,2025-06-09,2001-06-06,False,p448514,202,0,0,1,2,0,0,0,1,0,0,1,34,43.0,26.7,7.0,7.6,14,8,9,23,3,0.04,0.48,0.52,2.94,288,108,251,79,326,109,327,108,,,,,,,0.02,0.0,0.21,0.23,1.31,0.89,112,9,727,246,132,52,72,24,1.34,0.45,10.25
450,True,True,100.0,100.0,477424,0,0,-1,1,1,2,4.5,4.5,2,Joško,4.0,403,False,,2025-08-15T14:00:07.606174Z,59,477424.jpg,5.2,False,Gvardiol,5.7,False,,a,13,43,26,483484,8277,970895,11593,0.7,4.4,Gvardiol,97.0,2023-08-05,2002-01-23,False,p477424,429,0,1,2,3,0,0,0,0,0,0,3,99,111.0,45.3,31.0,18.7,29,15,4,33,5,0.17,0.28,0.45,4.52,149,63,194,50,229,60,203,67,,,,,,,0.04,0.0,0.06,0.1,0.95,0.63,104,6,70,28,26,15,66,22,1.05,0.42,6.92
451,True,False,0.0,0.0,211975,0,0,-1,1,0,2,0.0,0.0,0,Manuel,0.0,404,False,has joined Inter Milan on loan for the rest of the season.,2025-09-02T13:32:35.738667Z,54,211975.jpg,0.0,False,Akanji,0.3,False,,u,13,43,0,9281,0,81443,325,0.0,0.0,Akanji,207.0,2022-09-01,1995-07-19,False,p211975,0,0,0,0,0,0,0,0,0,0,0,0,0,0.0,0.0,0.0,0.0,0,0,0,0,0,0.00,0.00,0.00,0.00,720,244,720,245,716,243,721,244,,,,,,,0.0,0.0,0.0,0.0,0.0,0.0,172,22,709,243,722,245,309,110,0.0,0.0,0.0
452,True,True,,,126184,0,0,-1,1,0,2,2.3,2.3,0,Nathan,1.8,405,False,,,54,126184.jpg,2.0,False,Aké,0.7,False,,a,13,43,10,23617,459,52902,963,0.3,1.9,Aké,152.0,2020-08-05,1995-02-18,False,p126184,201,0,0,1,3,0,0,0,0,0,0,0,42,37.4,24.9,13.0,7.6,10,3,3,13,1,0.28,0.17,0.45,2.16,304,115,260,84,293,93,326,107,,,,,,,0.13,0.0,0.08,0.21,0.97,1.34,164,19,206,73,274,97,208,81,0.45,0.45,5.82
453,True,True,0.0,0.0,578153,0,0,-1,1,0,2,0.0,0.0,0,Abdukodir,0.0,406,False,Ankle injury - Unknown return date,2025-09-21T22:30:06.201489Z,54,578153.jpg,2.8,False,Khusanov,0.3,False,,i,13,43,11,23620,27,48823,704,0.0,2.0,Khusanov,231.0,2025-01-20,2004-02-29,False,p578153,227,0,0,1,1,0,0,0,1,0,0,0,46,42.4,5.2,0.0,4.8,15,9,7,22,3,0.00,0.02,0.02,3.13,290,109,358,124,724,246,357,122,,,,,,,0.0,0.0,0.01,0.01,1.24,0.4,196,26,719,245,193,75,320,113,1.19,0.4,8.72
454,True,True,,,465351,0,0,-2,2,1,2,7.0,7.0,2,Matheus,6.5,407,False,,,53,465351.jpg,4.3,False,Nunes,0.8,False,,a,13,43,30,76051,7494,46061,1868,1.2,5.7,Matheus N.,173.0,2023-09-01,1998-08-27,False,p465351,513,1,1,2,4,0,0,0,1,0,0,2,124,130.6,72.4,24.0,22.7,30,29,8,38,5,0.23,0.32,0.55,4.87,116,51,128,29,251,73,158,54,,,,,4.0,,0.04,0.0,0.06,0.1,0.85,0.7,209,28,12,4,62,25,194,74,0.88,0.35,6.67
455,True,True,,,171314,0,0,0,0,0,2,5.7,5.7,4,Rúben,5.2,408,False,,,55,171314.jpg,4.1,False,dos Santos Gato Alves Dias,4.5,False,,a,13,43,37,294685,7274,238311,4845,0.9,6.7,Rúben,173.0,2020-09-29,1997-05-14,False,p171314,725,0,0,4,6,0,0,0,0,0,0,1,149,179.6,33.0,12.0,22.5,57,24,5,62,8,0.13,0.20,0.33,8.11,60,26,232,68,297,97,161,55,,,,,,,0.02,0.0,0.02,0.04,1.01,0.74,140,16,32,11,76,32,80,28,0.99,0.5,7.7
456,True,True,100.0,100.0,97299,0,0,0,0,0,2,1.0,1.0,2,John,0.5,409,False,,2025-09-12T13:00:10.101362Z,55,97299.jpg,2.2,False,Stones,0.7,False,,a,13,43,11,43198,538,78953,829,0.1,2.0,Stones,241.0,2016-08-09,1994-05-28,False,p97299,324,0,0,1,6,0,0,0,0,0,0,0,46,69.6,19.3,2.0,9.1,17,15,0,17,4,0.00,0.06,0.06,4.58,221,86,289,97,371,132,307,103,,,,,,,0.0,0.0,0.02,0.02,1.27,1.67,136,15,338,116,242,91,199,76,1.11,0.28,4.72
457,True,True,100.0,100.0,477064,0,0,-1,1,1,2,1.0,1.0,0,Rico,0.5,410,False,,2025-09-05T10:00:06.653551Z,49,477064.jpg,3.0,False,Lewis,1.8,False,,a,13,43,15,349647,361,370191,4767,0.1,3.1,Lewis,241.0,2022-07-16,2004-11-21,False,p477064,172,0,1,1,3,0,0,0,0,0,0,2,50,47.2,32.2,15.0,9.4,9,4,3,12,2,0.02,0.91,0.93,2.57,276,105,235,70,284,87,299,101,,,,,,,0.01,0.0,0.48,0.49,1.34,1.57,336,58,327,113,165,66,136,52,1.05,0.52,6.28
458,True,True,100.0,100.0,472769,0,0,-1,1,0,2,5.3,5.3,1,Nico,4.8,411,False,,2025-09-05T10:00:06.671127Z,49,472769.jpg,4.0,False,O'Reilly,1.1,False,,a,13,43,32,143596,5040,39457,4012,1.0,6.5,O’Reilly,241.0,2022-12-16,2005-03-21,False,p472769,503,0,1,4,2,0,0,0,2,0,0,2,121,124.0,101.1,50.0,27.5,22,22,22,44,5,0.48,0.48,0.96,6.07,127,57,80,19,162,35,118,38,,,,,,,0.09,0.0,0.09,0.18,1.09,0.36,335,57,45,17,85,34,173,63,0.89,0.72,7.87
459,True,False,0.0,0.0,616222,0,0,0,0,0,2,0.0,0.0,0,Vitor,0.0,412,False,Has joined Girona on loan for the rest of the season.,2025-08-11T01:23:23.836966Z,50,616222.jpg,0.0,False,de Oliveira Nunes dos Reis,0.0,False,,u,13,43,0,0,0,815,0,0.0,0.0,Vitor Reis,30.0,2025-01-21,2006-01-12,False,p616222,0,0,0,0,0,0,0,0,0,0,0,0,0,0.0,0.0,0.0,0.0,0,0,0,0,0,0.00,0.00,0.00,0.00,713,242,711,243,703,241,714,242,,,,,,,0.0,0.0,0.0,0.0,0.0,0.0,290,45,697,239,716,243,722,243,0.0,0.0,0.0
460,True,True,100.0,100.0,438234,0,0,-2,2,0,3,0.7,0.7,1,Omar,0.2,413,False,,2025-10-17T13:00:10.956609Z,83,438234.jpg,2.5,False,Marmoush,2.6,False,,a,13,43,10,172131,1971,1160623,2637,0.0,1.2,Marmoush,63.0,2025-01-23,1999-02-07,False,p438234,154,0,1,0,3,0,0,0,0,0,0,2,39,38.2,36.4,58.0,13.3,3,7,3,13,2,0.82,0.45,1.27,1.90,302,134,224,139,145,85,253,127,2.0,,1.0,,2.0,,0.48,0.0,0.26,0.74,1.11,1.75,11,6,389,184,215,93,114,40,1.17,0.0,7.6
461,True,True,100.0,100.0,209244,0,0,1,-1,1,3,2.5,2.5,1,Phil,2.0,414,False,,2025-08-10T23:00:06.538510Z,81,209244.jpg,3.4,False,Foden,5.1,False,,a,13,43,24,820167,2957,485614,34406,0.2,3.0,Foden,241.0,2016-12-05,2000-05-28,False,p209244,532,1,0,4,2,0,0,0,2,0,0,2,128,112.6,292.9,88.0,49.4,8,33,9,50,6,1.06,1.33,2.39,5.45,147,54,2,2,87,52,22,17,3.0,,3.0,,,,0.18,0.0,0.22,0.4,0.92,0.34,12,7,190,91,125,53,71,21,1.02,0.68,8.46
462,True,True,100.0,100.0,510281,0,0,-1,1,0,3,3.5,3.5,1,Sávio,3.0,415,False,,2025-08-15T14:00:07.649098Z,69,510281.jpg,2.3,False,Moreira de Oliveira,0.5,False,,a,13,43,14,18561,1028,84511,975,0.4,2.0,Savinho,30.0,2024-07-18,2004-04-10,False,p510281,334,0,1,2,3,0,0,0,1,0,0,0,49,46.8,58.3,116.0,22.0,5,16,3,24,4,0.27,0.53,0.80,4.39,278,122,158,106,57,31,166,86,,,,,,,0.07,0.0,0.14,0.21,1.18,0.81,44,28,129,61,230,101,237,80,1.08,0.54,6.47
463,True,True,,,165809,0,0,-2,2,0,3,1.7,1.7,2,Bernardo,1.2,416,False,,,63,165809.jpg,2.0,False,Mota Veiga de Carvalho e Silva,0.6,False,,a,13,43,18,39998,741,79691,1257,0.2,2.9,Bernardo,173.0,2017-07-01,1994-08-10,False,p165809,461,0,1,2,3,0,0,0,1,0,0,0,93,78.4,150.8,24.0,25.3,14,28,7,49,5,0.10,1.21,1.31,5.10,209,89,47,37,253,140,134,70,1.0,,,,,,0.02,0.0,0.24,0.26,1.0,0.59,70,47,252,128,278,131,226,76,0.98,0.39,9.57
464,True,True,100.0,100.0,466052,0,0,-2,2,0,3,1.0,1.0,1,Rayan,0.5,417,False,,2025-09-01T10:30:08.352331Z,63,466052.jpg,2.2,False,Cherki,2.0,False,,a,13,43,9,188164,1307,919755,2135,0.1,1.4,Cherki,73.0,2025-06-10,2003-08-17,False,p466052,89,1,0,0,2,0,0,0,0,0,0,0,46,57.6,58.8,22.0,13.9,2,3,4,9,1,0.27,0.53,0.80,0.83,251,108,156,104,260,143,243,121,,,,,,,0.27,0.0,0.54,0.81,0.84,2.02,74,51,347,163,250,112,128,46,1.01,0.0,9.1
465,True,True,,,248875,0,0,1,-1,0,3,3.7,3.7,1,Jérémy,3.2,418,False,,,66,248875.jpg,3.4,False,Doku,6.2,False,,a,13,43,31,1044230,4381,488731,55293,0.5,4.7,Doku,21.0,2023-08-24,2002-05-27,False,p248875,472,0,4,3,2,0,0,0,0,0,0,3,111,123.2,215.7,159.0,49.7,2,17,5,24,5,0.95,1.76,2.71,4.47,129,45,20,18,32,16,21,16,,,,,3.0,,0.18,0.0,0.34,0.52,0.85,0.38,52,35,109,50,123,51,59,19,0.95,0.57,4.58
466,True,False,0.0,0.0,59859,0,0,-2,2,0,3,0.0,0.0,0,İlkay,0.0,420,False,has joined Galatasaray permanently.,2025-09-05T08:55:41.702765Z,63,59859.jpg,0.0,False,Gündoğan,0.1,False,,u,13,43,0,1928,0,19056,66,0.0,0.0,Gündoğan,80.0,2024-08-23,1990-10-24,False,p59859,0,0,0,0,0,0,0,0,0,0,0,0,0,0.0,0.0,0.0,0.0,0,0,0,0,0,0.00,0.00,0.00,0.00,736,327,736,327,736,327,736,327,4.0,,4.0,,,,0.0,0.0,0.0,0.0,0.0,0.0,69,46,732,325,736,327,517,183,0.0,0.0,0.0
467,True,True,0.0,0.0,220566,0,0,-2,2,0,3,0.0,0.0,0,Rodrigo 'Rodri',0.2,421,False,Muscle injury - Unknown return date,2025-10-06T07:30:08.100413Z,63,220566.jpg,2.2,False,Hernandez Cascante,0.5,False,,i,13,43,11,39631,16,78316,1681,0.0,1.7,Rodrigo,200.0,2019-07-04,1996-06-22,False,p220566,291,0,0,1,3,0,0,0,0,0,0,0,55,50.0,50.4,19.0,11.9,12,22,6,40,4,0.14,0.22,0.36,3.76,272,120,179,121,271,147,277,139,,,,,,,0.04,0.0,0.07,0.11,1.16,0.93,71,48,388,183,248,110,240,82,1.24,0.31,12.37
468,True,True,100.0,100.0,91651,0,0,-1,1,0,3,0.7,0.7,0,Mateo,0.2,422,False,,2025-07-21T10:00:04.940328Z,59,91651.jpg,1.0,False,Kovačić,0.0,False,,a,13,43,1,1943,121,1591,102,0.0,0.2,Kovačić,97.0,2023-06-27,1994-05-06,False,p91651,4,0,0,0,0,0,0,0,0,0,0,0,3,2.6,0.8,0.0,0.3,0,0,0,0,0,0.00,0.00,0.00,0.00,417,196,391,196,733,324,425,200,,,,,,,0.0,0.0,0.0,0.0,0.0,0.0,94,61,386,181,416,200,631,260,0.0,0.0,0.0
469,True,True,100.0,75.0,465694,0,0,-1,1,0,3,3.0,2.2,0,Nico,2.5,423,False,,2025-10-22T10:00:08.540683Z,59,465694.jpg,2.0,False,González Iglesias,0.1,False,,a,13,43,16,7791,40,10865,375,0.4,2.7,N.Gonzalez,200.0,2025-02-03,2002-01-03,False,p465694,464,0,0,3,4,0,0,0,2,0,0,0,111,100.6,78.3,25.0,20.3,24,23,15,62,4,0.22,0.39,0.61,5.18,165,65,113,82,246,136,185,97,,,,,,,0.04,0.0,0.08,0.12,1.0,0.78,102,69,149,74,277,130,492,170,0.78,0.58,12.03
470,True,True,,,477555,0,0,-1,1,0,3,2.3,2.3,2,Oscar,1.8,424,False,,,54,477555.jpg,2.2,False,Bobb,0.3,False,,a,13,43,18,78199,358,77066,871,0.3,3.3,Bobb,161.0,2022-01-06,2003-07-12,False,p477555,451,0,1,2,5,0,0,0,0,0,0,0,81,67.6,141.1,72.0,28.2,3,17,8,28,5,0.37,0.90,1.27,5.10,226,96,52,40,108,64,116,60,,,,,,,0.07,0.0,0.18,0.25,1.02,1.0,185,114,208,96,240,106,312,107,1.0,0.4,5.59
471,True,False,0.0,0.0,575204,0,0,-1,1,0,3,0.0,0.0,0,Claudio,0.0,425,False,Has joined Bayer Leverkusen on loan for the rest of the season.,2025-08-21T14:03:07.217793Z,54,575204.jpg,0.0,False,Echeverri,0.0,False,,u,13,43,0,194,0,3129,10,0.0,0.0,Echeverri,10.0,2024-01-25,2006-01-02,False,p575204,0,0,0,0,0,0,0,0,0,0,0,0,0,0.0,0.0,0.0,0.0,0,0,0,0,0,0.00,0.00,0.00,0.00,727,319,726,320,723,319,728,320,,,2.0,,,,0.0,0.0,0.0,0.0,0.0,0.0,195,123,718,315,728,320,693,298,0.0,0.0,0.0
472,True,True,,,433036,-1,1,1,-1,1,3,2.3,2.3,1,Tijjani,1.8,427,False,,,56,433036.jpg,3.7,False,Reijnders,27.5,False,,a,13,43,33,3068580,8329,2279304,145581,0.3,5.9,Reijnders,152.0,2025-06-10,1998-07-29,False,p433036,740,1,2,3,7,0,0,0,2,0,0,2,141,135.4,162.5,141.0,43.5,16,25,6,47,9,1.36,0.59,1.95,9.03,110,36,42,34,44,25,37,26,,,,,,,0.17,0.0,0.07,0.24,1.1,0.85,129,83,210,97,105,39,11,4,1.09,0.36,5.72
473,True,False,0.0,0.0,566164,0,0,0,0,0,3,0.0,0.0,0,Sverre,0.0,428,False,Has joined Middlesbrough on loan for the rest of the season.,2025-08-19T13:38:08.307876Z,50,566164.jpg,0.0,False,Nypan,0.0,False,,u,13,43,0,73,0,2347,12,0.0,0.0,Nypan,161.0,2025-07-17,2006-12-19,False,p566164,0,0,0,0,0,0,0,0,0,0,0,0,0,0.0,0.0,0.0,0.0,0,0,0,0,0,0.00,0.00,0.00,0.00,711,310,709,310,701,307,712,311,,,,,,,0.0,0.0,0.0,0.0,0.0,0.0,287,179,695,300,714,311,684,292,0.0,0.0,0.0
474,True,True,,,155405,0,0,-2,2,0,3,0.5,0.5,0,Kalvin,0.0,429,False,,,48,155405.jpg,0.0,False,Phillips,0.1,False,,a,13,43,0,2521,62,5572,100,0.0,0.0,Phillips,241.0,2022-07-04,1995-12-02,False,p155405,0,0,0,0,0,0,0,0,0,0,0,0,0,0.0,0.0,0.0,0.0,0,0,0,0,0,0.00,0.00,0.00,0.00,673,285,667,284,650,276,674,286,,,,,,,0.0,0.0,0.0,0.0,0.0,0.0,358,224,649,270,677,286,530,192,0.0,0.0,0.0
475,True,True,100.0,100.0,223094,0,0,7,-7,4,4,10.3,10.3,2,Erling,9.8,430,True,,2025-09-24T06:00:06.159318Z,147,223094.jpg,9.4,False,Haaland,68.3,False,,a,13,43,85,5537027,83640,643023,5317,0.7,5.8,Haaland,161.0,2022-07-01,2000-07-21,False,p223094,773,11,1,5,6,0,0,0,0,0,0,20,354,417.4,59.6,525.0,100.3,18,14,1,33,9,8.85,0.60,9.45,8.81,1,1,155,14,1,1,1,1,,,5.0,,1.0,,1.03,0.0,0.07,1.1,1.03,0.7,1,1,2,1,1,1,1,1,1.05,0.58,3.84
476,True,True,,,204936,0,0,2,-2,0,1,4.5,4.5,2,Gianluigi,4.0,736,False,,,57,204936.jpg,3.8,False,Donnarumma,10.4,False,,a,13,43,23,1257077,19038,217904,14955,0.7,4.0,Donnarumma,106.0,2025-09-01,1999-02-25,False,p204936,540,0,0,3,3,0,0,0,1,0,9,0,98,80.2,0.0,0.0,8.1,11,31,0,0,6,0.00,0.00,0.00,5.33,205,24,732,86,731,86,317,24,,,,,,,0.0,1.5,0.0,0.0,0.89,0.5,121,2,69,5,98,7,39,6,1.0,0.5,0.0
477,True,True,,,590039,0,0,0,0,0,3,0.5,0.5,0,Divine,0.0,739,False,,,45,590039.jpg,0.0,False,Mukasa,0.0,False,,a,13,43,0,1992,44,1097,56,0.0,0.0,Mukasa,241.0,2025-08-07,2007-08-22,False,p590039,0,0,0,0,0,0,0,0,0,0,0,0,0,0.0,0.0,0.0,0.0,0,0,0,0,0,0.00,0.00,0.00,0.00,656,272,649,272,630,263,657,273,,,,,,,0.0,0.0,0.0,0.0,0.0,0.0,472,283,632,257,665,277,669,284,0.0,0.0,0.0
478,True,True,,,566213,0,0,0,0,0,2,0.5,0.5,0,Stephen,0.0,740,False,,,40,566213.jpg,0.0,False,Mfuni,0.0,False,,a,13,43,0,1616,61,942,60,0.0,0.0,Mfuni,241.0,2024-07-23,2008-02-12,False,p566213,0,0,0,0,0,0,0,0,0,0,0,0,0,0.0,0.0,0.0,0.0,0,0,0,0,0,0.00,0.00,0.00,0.00,529,205,514,205,483,197,530,205,,,,,,,0.0,0.0,0.0,0.0,0.0,0.0,686,195,494,196,539,208,633,216,0.0,0.0,0.0
479,True,True,,,616288,0,0,0,0,0,3,0.5,0.5,0,Ryan,0.0,742,False,,,45,616288.jpg,0.0,False,McAidoo,0.0,False,,a,13,43,0,586,28,215,40,0.0,0.0,McAidoo,241.0,2025-09-26,2008-06-24,False,p616288,0,0,0,0,0,0,0,0,0,0,0,0,0,0.0,0.0,0.0,0.0,0,0,0,0,0,0.00,0.00,0.00,0.00,665,280,658,280,639,271,666,281,,,,,,,0.0,0.0,0.0,0.0,0.0,0.0,483,292,641,265,672,283,712,311,0.0,0.0,0.0
480,True,True,,,446008,1,-1,1,-1,1,3,8.0,8.0,15,Bryan,8.0,119,True,,,81,446008.jpg,5.7,False,Mbeumo,19.5,False,,a,14,1,51,2045194,502849,1362149,4690,1.0,6.3,Mbeumo,38.0,2025-07-21,1999-08-07,False,p446008,775,4,1,2,13,0,0,0,0,0,0,8,191,220.8,289.3,291.0,80.1,3,22,2,27,9,2.89,2.04,4.93,13.23,25,8,3,3,4,1,2,1,2.0,,2.0,,,,0.34,0.0,0.24,0.58,1.54,1.51,14,9,4,2,16,4,19,5,1.05,0.23,3.14
481,True,True,,,451302,0,0,-1,1,0,1,0.5,0.5,0,Altay,0.5,431,False,,,49,451302.jpg,1.8,False,Bayındır,0.4,False,,a,14,1,11,29719,201,46374,1085,0.1,2.2,Bayindir,219.0,2023-09-01,1998-04-14,False,p451302,540,0,0,0,11,0,0,0,0,0,13,0,49,118.4,10.0,0.0,12.8,7,39,0,0,6,0.00,0.05,0.05,9.24,141,17,339,7,675,75,265,17,,,,,,,0.0,2.17,0.01,0.01,1.54,1.83,329,14,326,21,289,24,278,38,1.0,0.0,0.0
482,True,False,0.0,0.0,202641,0,0,-1,1,0,1,0.0,0.0,0,André,0.0,432,False,has joined Trabzonspor on loan for the rest of the season.,2025-09-12T15:53:11.993916Z,49,202641.jpg,0.0,False,Onana,0.2,False,,u,14,1,0,5156,0,24359,177,0.0,0.0,Onana,38.0,2023-07-20,1996-04-02,False,p202641,0,0,0,0,0,0,0,0,0,0,0,0,0,0.0,0.0,0.0,0.0,0,0,0,0,0,0.00,0.00,0.00,0.00,684,85,679,80,664,73,685,85,,,,,,,0.0,0.0,0.0,0.0,0.0,0.0,302,12,665,85,688,85,384,60,0.0,0.0,0.0
483,True,False,0.0,0.0,588555,0,0,0,0,0,1,0.0,0.0,0,Elyh,0.0,433,False,On loan to Shrewsbury Town,2025-07-23T18:48:43.383466Z,40,588555.jpg,0.0,False,Harrison,0.0,False,,u,14,1,0,0,0,212,2,0.0,0.0,Harrison,,,,False,p588555,0,0,0,0,0,0,0,0,0,0,0,0,0,0.0,0.0,0.0,0.0,0,0,0,0,0,0.00,0.00,0.00,0.00,535,74,520,60,489,48,536,74,,,,,,,0.0,0.0,0.0,0.0,0.0,0.0,692,79,500,69,544,74,738,86,0.0,0.0,0.0
484,True,True,,,21205,-1,1,-1,1,0,1,0.0,0.0,0,Tom,0.0,434,False,,,39,21205.jpg,0.0,False,Heaton,0.3,False,,a,14,1,0,6140,616,12781,345,0.0,0.0,Heaton,241.0,2021-07-02,1986-04-15,False,p21205,0,0,0,0,0,0,0,0,0,0,0,0,0,0.0,0.0,0.0,0.0,0,0,0,0,0,0.00,0.00,0.00,0.00,431,29,413,13,376,1,431,29,,,,,,,0.0,0.0,0.0,0.0,0.0,0.0,699,80,391,24,441,29,325,47,0.0,0.0,0.0
485,True,True,,,461537,0,0,0,0,0,1,0.0,0.0,0,Dermot,0.0,435,False,,,40,461537.jpg,0.0,False,Mee,0.1,False,,a,14,1,0,1911,35,4614,96,0.0,0.0,Mee,242.0,2023-07-24,2002-11-20,False,p461537,0,0,0,0,0,0,0,0,0,0,0,0,0,0.0,0.0,0.0,0.0,0,0,0,0,0,0.00,0.00,0.00,0.00,501,57,486,43,454,31,502,57,,,,,,,0.0,0.0,0.0,0.0,0.0,0.0,651,62,465,52,511,57,469,74,0.0,0.0,0.0
486,True,True,,,209365,0,0,0,0,0,2,3.5,3.5,1,Matthijs,3.5,436,False,,,50,209365.jpg,3.2,False,de Ligt,2.9,False,,a,14,1,29,242406,11263,220699,5533,0.7,5.8,De Ligt,152.0,2024-08-13,1999-08-12,False,p209365,810,0,0,1,14,0,0,0,0,0,0,5,117,170.8,43.7,46.0,26.0,60,29,15,75,9,0.89,0.45,1.34,13.82,71,32,204,53,172,39,128,42,,,,,,,0.1,0.0,0.05,0.15,1.54,1.56,256,39,88,37,141,56,107,39,1.0,0.11,8.33
487,True,True,0.0,0.0,221820,0,0,-2,2,0,2,0.0,0.0,0,Lisandro,0.0,437,False,Knee injury - Unknown return date,2025-08-10T23:00:06.577034Z,48,221820.jpg,0.0,False,Martínez,0.1,False,,i,14,1,0,727,27,13348,122,0.0,0.0,Martinez,10.0,2022-07-17,1998-01-18,False,p221820,0,0,0,0,0,0,0,0,0,0,0,0,0,0.0,0.0,0.0,0.0,0,0,0,0,0,0.00,0.00,0.00,0.00,677,237,671,238,654,236,678,237,,,,,,,0.0,0.0,0.0,0.0,0.0,0.0,366,64,654,234,681,239,511,187,0.0,0.0,0.0
488,True,True,100.0,100.0,230001,0,0,-1,1,0,2,0.0,0.0,0,Noussair,0.0,438,False,,2025-09-26T15:00:08.532805Z,49,230001.jpg,3.0,False,Mazraoui,0.2,False,,a,14,1,9,13956,285,34052,412,0.0,1.8,Mazraoui,145.0,2024-08-13,1997-11-14,False,p230001,130,0,0,1,2,0,0,0,0,0,0,1,40,31.2,14.2,4.0,4.9,4,11,8,12,2,0.00,0.13,0.13,1.59,319,122,309,106,350,124,356,121,,,,,,,0.0,0.0,0.09,0.09,1.1,1.38,315,52,667,236,164,65,377,137,1.38,0.69,8.31
489,True,True,,,661712,0,0,-2,2,0,2,0.0,0.0,0,Diego,0.0,439,False,,,43,661712.jpg,0.0,False,León Blanco,0.1,False,,a,14,1,0,1926,33,5951,106,0.0,0.0,D.Leon,168.0,2025-07-05,2007-04-03,False,p661712,0,0,0,0,0,0,0,0,0,0,0,0,0,0.0,0.0,0.0,0.0,0,0,0,0,0,0.00,0.00,0.00,0.00,555,220,543,221,515,215,556,220,,,,,,,0.0,0.0,0.0,0.0,0.0,0.0,607,157,521,212,564,222,560,202,0.0,0.0,0.0
490,True,True,100.0,100.0,216051,0,0,-1,1,0,2,3.8,3.8,1,Diogo,3.8,440,False,,2025-09-05T10:00:06.729240Z,44,216051.jpg,3.0,False,Dalot Teixeira,1.0,False,,a,14,1,21,45626,3419,171892,1377,0.9,4.8,Dalot,173.0,2018-06-08,1999-03-18,False,p216051,515,0,2,1,10,0,0,0,0,0,0,0,62,90.4,125.6,27.0,24.3,22,17,11,33,6,0.09,0.86,0.95,9.35,184,73,61,13,240,68,145,46,,,,,,,0.02,0.0,0.15,0.17,1.63,1.75,510,121,74,31,160,63,177,66,1.05,0.17,5.77
491,True,True,,,596777,-1,1,-2,2,0,2,0.2,0.2,-1,Patrick,0.2,441,False,,,43,596777.jpg,1.2,False,Dorgu,3.5,False,,a,14,1,10,407947,763,730802,20557,0.0,2.3,Dorgu,58.0,2025-02-02,2004-10-26,False,p596777,521,0,1,0,11,0,0,0,3,0,0,0,40,97.6,106.0,56.0,26.0,19,19,20,39,5,0.24,0.58,0.82,10.63,171,69,73,17,146,30,127,41,,,,,,,0.04,0.0,0.1,0.14,1.84,1.9,605,156,356,126,345,120,96,36,0.86,0.0,6.74
492,True,True,75.0,75.0,95658,0,0,-1,1,1,2,2.4,2.4,0,Harry,3.2,442,False,Knock - 75% chance of playing,2025-10-24T14:00:08.368259Z,44,95658.jpg,3.9,False,Maguire,0.8,False,,d,14,1,27,63800,1832,65509,4753,0.7,6.1,Maguire,241.0,2019-08-05,1993-03-05,False,p95658,270,1,1,1,4,0,0,0,0,0,0,3,65,84.8,12.0,38.0,13.5,22,11,1,23,3,0.32,0.02,0.34,6.20,193,78,322,112,206,53,251,86,,,,,,,0.11,0.0,0.01,0.12,2.07,1.33,494,107,100,39,89,38,190,72,1.0,0.33,7.67
493,True,True,,,106760,0,0,0,0,0,2,4.5,4.5,9,Luke,4.5,443,False,,,45,106760.jpg,2.9,False,Shaw,0.4,False,,a,14,1,26,33349,4662,26385,556,1.0,5.8,Shaw,241.0,2014-07-01,1995-07-12,False,p106760,753,0,1,2,11,0,0,0,0,0,0,0,89,106.0,39.4,5.0,15.0,24,30,16,40,9,0.08,0.13,0.21,12.61,153,65,218,61,340,118,230,77,3.0,,,,,,0.01,0.0,0.02,0.03,1.51,1.31,396,73,53,21,175,69,274,102,1.08,0.24,4.78
494,True,True,,,550864,0,0,0,0,0,2,2.2,2.2,1,Leny,2.2,444,False,,,45,550864.jpg,2.4,False,Yoro,1.8,False,,a,14,1,22,167058,1852,188809,4633,0.5,4.9,Yoro,73.0,2024-07-19,2005-11-13,False,p550864,544,0,1,1,10,0,0,0,0,0,0,1,67,80.4,23.5,24.0,12.7,36,21,8,44,6,0.29,0.05,0.34,8.14,204,80,265,87,248,72,266,90,,,,,,,0.05,0.0,0.01,0.06,1.35,1.65,452,97,155,54,219,85,135,51,0.99,0.17,7.28
495,True,False,0.0,0.0,577974,0,0,0,0,0,2,0.0,0.0,0,Harry,0.0,445,False,has joined Sheffield Wednesday on loan for the rest of the season.,2025-09-02T13:39:58.762783Z,40,577974.jpg,0.0,False,Amass,0.1,False,,u,14,1,0,1160,0,12318,104,0.0,0.0,Amass,241.0,2024-04-06,2007-03-16,False,p577974,0,0,0,0,0,0,0,0,0,0,0,0,0,0.0,0.0,0.0,0.0,0,0,0,0,0,0.00,0.00,0.00,0.00,533,208,518,208,487,200,534,208,,,,,,,0.0,0.0,0.0,0.0,0.0,0.0,690,198,498,199,542,210,487,180,0.0,0.0,0.0
496,True,True,,,547676,0,0,-1,1,0,2,0.0,0.0,0,Tyler,0.0,446,False,,,39,547676.jpg,0.0,False,Fredricson,0.1,False,,a,14,1,0,5392,28,8000,213,0.0,0.0,Fredricson,241.0,2022-09-07,2005-02-23,False,p547676,0,0,0,0,0,0,0,0,0,0,0,0,0,0.0,0.0,0.0,0.0,0,0,0,0,0,0.00,0.00,0.00,0.00,457,171,439,170,406,160,457,170,,,,,,,0.0,0.0,0.0,0.0,0.0,0.0,731,232,420,160,466,173,430,159,0.0,0.0,0.0
497,True,True,100.0,100.0,606745,0,0,-1,1,0,2,0.8,0.8,3,Ayden,0.8,447,False,,2025-10-14T13:00:06.698643Z,39,606745.jpg,2.0,False,Heaven,1.0,False,,a,14,1,4,45912,743,102334,1617,0.2,1.0,Heaven,241.0,2025-02-01,2006-09-22,False,p606745,28,0,1,0,2,0,0,0,0,0,0,0,14,28.6,10.3,0.0,3.9,3,1,1,4,0,0.00,0.08,0.08,0.59,327,123,332,116,416,169,370,127,,,,,,,0.0,0.0,0.26,0.26,1.9,6.43,742,242,283,92,258,94,179,67,0.0,0.0,12.86
498,True,True,,,222690,0,0,-1,1,0,2,0.0,0.0,0,Tyrell,0.0,448,False,,,39,222690.jpg,0.0,False,Malacia,0.3,False,,a,14,1,0,23241,121,26407,631,0.0,0.0,Malacia,152.0,2022-07-05,1999-08-17,False,p222690,0,0,0,0,0,0,0,0,0,0,0,0,0,0.0,0.0,0.0,0.0,0,0,0,0,0,0.00,0.00,0.00,0.00,437,154,419,153,385,142,437,153,,,,,,,0.0,0.0,0.0,0.0,0.0,0.0,709,213,399,142,446,156,285,104,0.0,0.0,0.0
499,True,True,,,141746,0,0,-1,1,1,3,3.5,3.5,4,Bruno,3.5,449,False,,,89,141746.jpg,4.4,False,Borges Fernandes,16.8,False,,a,14,1,40,1450984,22847,2048959,43980,0.4,4.5,B.Fernandes,173.0,2020-01-30,1994-09-08,False,p141746,800,2,1,1,14,0,0,2,2,0,0,8,197,259.8,345.9,183.0,79.0,25,55,17,97,9,4.27,1.61,5.88,13.40,11,3,1,1,22,12,3,2,1.0,,1.0,,1.0,,0.48,0.0,0.18,0.66,1.51,1.57,7,4,99,43,59,24,22,8,1.01,0.11,10.91
500,True,True,100.0,100.0,430871,0,0,-1,1,0,3,3.2,3.2,8,Matheus,3.2,450,False,,2025-08-31T01:00:08.314117Z,79,430871.jpg,2.4,False,Santos Carneiro da Cunha,3.9,False,,a,14,1,19,846194,32040,1387017,3880,0.4,2.4,Cunha,30.0,2025-06-01,1999-05-27,False,p430871,522,1,0,0,8,0,0,0,0,0,0,1,95,107.6,98.6,153.0,36.0,9,25,7,41,6,1.49,0.86,2.35,9.28,151,56,85,62,36,19,70,44,,,,,,,0.26,0.0,0.15,0.41,1.6,1.38,18,13,112,53,226,98,86,27,1.03,0.0,7.07
501,True,False,0.0,0.0,176297,0,0,0,0,0,3,0.0,0.0,0,Marcus,0.0,451,False,Has joined Barcelona on loan for the rest of the season,2025-07-24T10:12:59.455702Z,70,176297.jpg,0.0,False,Rashford,0.0,False,,u,14,1,0,0,0,1962,6,0.0,0.0,Rashford,241.0,2015-07-01,1997-10-31,False,p176297,0,0,0,0,0,0,0,0,0,0,0,0,0,0.0,0.0,0.0,0.0,0,0,0,0,0,0.00,0.00,0.00,0.00,743,330,743,330,743,330,743,330,,,,,,,0.0,0.0,0.0,0.0,0.0,0.0,32,18,740,329,743,330,670,285,0.0,0.0,0.0
502,True,True,100.0,100.0,493250,0,0,-2,2,0,3,2.2,2.2,3,Amad,2.2,452,False,,2025-09-26T15:00:08.569110Z,63,493250.jpg,2.5,False,Diallo,1.3,False,,a,14,1,20,73903,4341,265416,3388,0.3,3.2,Amad,54.0,2021-01-07,2002-07-11,False,p493250,573,0,2,2,6,0,0,0,1,0,0,0,115,103.2,143.2,135.0,38.2,13,33,13,59,7,1.89,1.04,2.93,7.55,160,61,51,39,45,26,64,41,4.0,,,,,,0.3,0.0,0.16,0.46,1.19,0.94,76,53,166,81,212,90,159,56,1.1,0.31,9.27
503,True,False,0.0,0.0,467169,0,0,-1,1,0,3,0.0,0.0,0,Antony,0.0,454,False,has joined Real Betis permanently.,2025-09-02T13:30:59.559397Z,59,467169.jpg,0.0,False,dos Santos,0.1,False,,u,14,1,0,1511,0,10138,41,0.0,0.0,Antony,30.0,2022-09-01,2000-02-24,False,p467169,0,0,0,0,0,0,0,0,0,0,0,0,0,0.0,0.0,0.0,0.0,0,0,0,0,0,0.00,0.00,0.00,0.00,735,326,735,326,735,326,735,326,,,,,,,0.0,0.0,0.0,0.0,0.0,0.0,103,70,730,324,735,326,531,193,0.0,0.0,0.0
504,True,True,75.0,75.0,184341,0,0,-1,1,0,3,2.6,2.6,0,Mason,3.5,455,False,Knock - 75% chance of playing,2025-10-24T14:00:08.382202Z,59,184341.jpg,3.0,False,Mount,0.3,False,,d,14,1,21,34946,171,43176,3041,0.6,3.6,Mount,241.0,2023-07-05,1999-01-10,False,p184341,331,1,0,3,3,0,0,0,0,0,0,2,66,60.6,85.6,67.0,21.4,2,12,7,21,5,0.50,0.52,1.02,4.14,239,103,105,77,120,74,174,90,,,,,,,0.14,0.0,0.14,0.28,1.13,0.82,97,64,96,41,172,69,315,109,1.36,0.82,5.71
505,True,True,100.0,100.0,61256,0,0,0,0,1,3,4.8,4.8,15,Carlos Henrique,4.8,457,False,,2025-09-20T23:30:06.919179Z,55,61256.jpg,3.8,False,Casimiro,0.3,False,,a,14,1,30,23046,6145,24366,614,0.9,5.5,Casemiro,30.0,2022-08-22,1992-02-23,False,p61256,456,2,2,2,4,0,0,0,3,1,0,2,113,142.0,55.8,62.0,26.0,13,26,15,54,7,1.06,0.11,1.17,5.43,101,33,166,113,131,80,129,66,,,,,,,0.21,0.0,0.02,0.23,1.07,0.79,135,86,48,21,97,37,313,108,1.38,0.39,10.66
506,True,True,,,516895,0,0,-2,2,0,3,1.0,1.0,1,Kobbie,1.0,458,False,,,48,516895.jpg,1.0,False,Mainoo,0.5,False,,a,14,1,7,30809,505,67803,1373,0.2,1.5,Mainoo,241.0,2022-10-15,2005-04-19,False,p516895,138,0,0,0,6,0,0,0,0,0,0,0,26,29.4,56.6,5.0,9.1,3,9,6,18,0,0.07,0.12,0.19,3.53,325,148,161,109,341,177,305,151,,,,,,,0.05,0.0,0.08,0.13,2.3,3.91,374,234,267,130,384,180,239,81,0.0,0.0,11.74
507,True,True,,,232112,0,0,-2,2,0,3,1.2,1.2,1,Manuel,1.2,459,False,,,48,232112.jpg,1.5,False,Ugarte Ribeiro,0.1,False,,a,14,1,12,12038,254,19208,504,0.3,2.5,Ugarte,230.0,2024-08-30,2001-04-11,False,p232112,281,0,0,0,9,0,0,0,0,0,0,0,58,49.0,26.0,2.0,7.6,15,16,15,46,2,0.05,0.03,0.08,7.72,274,121,254,150,363,187,324,159,,,,,,,0.02,0.0,0.01,0.03,2.47,2.88,369,230,238,115,315,148,399,132,0.64,0.0,14.73
508,True,False,0.0,0.0,490881,0,0,0,0,0,3,0.0,0.0,0,Toby,0.0,460,False,Has joined West Bromwich Albion on loan for the rest of the season.,2025-08-19T13:36:56.708077Z,45,490881.jpg,0.0,False,Collyer,0.0,False,,u,14,1,0,423,0,8613,47,0.0,0.0,Collyer,241.0,2023-07-01,2004-01-03,False,p490881,0,0,0,0,0,0,0,0,0,0,0,0,0,0.0,0.0,0.0,0.0,0,0,0,0,0,0.00,0.00,0.00,0.00,625,248,618,248,599,239,626,249,,,,,,,0.0,0.0,0.0,0.0,0.0,0.0,434,257,601,233,634,253,611,243,0.0,0.0,0.0
509,True,True,,,556639,0,0,-1,1,0,3,0.0,0.0,0,Jayce,0.0,461,False,,,44,556639.jpg,0.0,False,Fitzgerald,0.0,False,,a,14,1,0,1653,21,2897,74,0.0,0.0,Fitzgerald,,,,False,p556639,0,0,0,0,0,0,0,0,0,0,0,0,0,0.0,0.0,0.0,0.0,0,0,0,0,0,0.00,0.00,0.00,0.00,591,224,582,224,559,214,592,225,,,,,,,0.0,0.0,0.0,0.0,0.0,0.0,564,319,566,207,601,229,603,239,0.0,0.0,0.0
510,True,True,,,547037,0,0,-1,1,0,3,0.0,0.0,0,Jack,0.0,462,False,,,44,547037.jpg,0.0,False,Fletcher,0.1,False,,a,14,1,0,3355,26,4103,84,0.0,0.0,J.Fletcher,241.0,2024-07-12,2007-03-19,False,p547037,0,0,0,0,0,0,0,0,0,0,0,0,0,0.0,0.0,0.0,0.0,0,0,0,0,0,0.00,0.00,0.00,0.00,587,221,578,221,555,211,588,222,,,,,,,0.0,0.0,0.0,0.0,0.0,0.0,559,315,562,204,597,226,567,210,0.0,0.0,0.0
511,True,True,,,618873,0,0,-1,1,0,3,0.0,0.0,0,Sékou,0.0,463,False,,,44,618873.jpg,0.0,False,Koné,0.1,False,,a,14,1,0,4833,70,7232,159,0.0,0.0,Kone,132.0,2025-02-15,2006-02-03,False,p618873,0,0,0,0,0,0,0,0,0,0,0,0,0,0.0,0.0,0.0,0.0,0,0,0,0,0,0.00,0.00,0.00,0.00,601,231,592,231,569,221,602,232,,,,,,,0.0,0.0,0.0,0.0,0.0,0.0,577,327,577,215,611,236,496,173,0.0,0.0,0.0
512,True,False,0.0,0.0,559684,0,0,0,0,0,3,0.0,0.0,0,Jack,0.0,464,False,has joined Leyton Orient on loan for the rest of the season.,2025-09-22T21:21:54.592776Z,45,559684.jpg,0.0,False,Moorhouse,0.0,False,,u,14,1,0,723,0,2441,30,0.0,0.0,Moorhouse,,,,False,p559684,0,0,0,0,0,0,0,0,0,0,0,0,0,0.0,0.0,0.0,0.0,0,0,0,0,0,0.00,0.00,0.00,0.00,642,263,635,263,616,254,643,264,,,,,,,0.0,0.0,0.0,0.0,0.0,0.0,457,273,618,248,651,268,653,273,0.0,0.0,0.0
513,True,False,0.0,0.0,497894,0,0,-2,2,0,4,0.0,0.0,0,Rasmus,0.0,465,False,has joined Napoli on loan for the rest of the season.,2025-09-02T13:30:59.575548Z,63,497894.jpg,0.0,False,Højlund,0.3,False,,u,14,1,0,5437,0,54141,219,0.0,0.0,Højlund,58.0,2023-08-05,2003-02-04,False,p497894,0,0,0,0,0,0,0,0,0,0,0,0,0,0.0,0.0,0.0,0.0,0,0,0,0,0,0.00,0.00,0.00,0.00,737,78,737,78,737,78,737,78,,,,,,,0.0,0.0,0.0,0.0,0.0,0.0,77,23,733,76,737,78,316,51,0.0,0.0,0.0
514,True,True,100.0,100.0,458249,0,0,-2,2,0,4,0.5,0.5,1,Joshua,0.5,466,False,,2025-08-10T23:00:06.602693Z,58,458249.jpg,1.0,False,Zirkzee,0.4,False,,a,14,1,4,23523,520,44675,881,0.1,0.7,Zirkzee,152.0,2024-07-17,2001-05-22,False,p458249,82,0,0,0,4,0,0,0,0,0,0,0,7,13.6,17.1,60.0,8.9,2,2,2,6,0,0.79,0.03,0.82,1.80,375,36,297,29,138,30,310,34,,,,,,,0.87,0.0,0.03,0.9,1.98,4.39,114,29,343,42,414,49,280,45,0.0,0.0,6.59
515,True,True,,,596047,0,0,-2,2,0,4,0.0,0.0,0,Chido,0.0,467,False,,,43,596047.jpg,0.0,False,Obi,1.6,False,,a,14,1,0,112555,1519,187368,5164,0.0,0.0,Obi,58.0,2025-02-15,2007-11-29,False,p596047,0,0,0,0,0,0,0,0,0,0,0,0,0,0.0,0.0,0.0,0.0,0,0,0,0,0,0.00,0.00,0.00,0.00,553,52,541,51,513,51,554,52,,,,,,,0.0,0.0,0.0,0.0,0.0,0.0,604,80,519,48,562,54,143,22,0.0,0.0,0.0
516,True,False,0.0,0.0,575034,0,0,0,0,0,4,0.0,0.0,0,Ethan,0.0,468,False,has joined Northampton Town on loan for the rest of the season.,2025-09-22T21:18:26.096577Z,45,575034.jpg,0.0,False,Wheatley,0.1,False,,u,14,1,0,3886,0,12209,131,0.0,0.0,Wheatley,241.0,2024-04-12,2006-01-20,False,p575034,0,0,0,0,0,0,0,0,0,0,0,0,0,0.0,0.0,0.0,0.0,0,0,0,0,0,0.00,0.00,0.00,0.00,650,66,643,65,624,65,651,66,,,,,,,0.0,0.0,0.0,0.0,0.0,0.0,465,62,626,62,659,68,468,66,0.0,0.0,0.0
517,True,True,,,485711,0,0,-2,2,1,4,5.5,5.5,4,Benjamin,5.5,681,False,,,73,485711.jpg,3.1,False,Sesko,5.2,False,,a,14,1,28,445947,20661,867205,13233,0.8,3.8,Šeško,195.0,2025-08-09,2003-05-31,False,p485711,494,2,1,1,9,0,0,0,1,0,0,5,90,122.6,92.3,205.0,41.5,10,13,3,26,5,1.81,0.16,1.97,8.76,132,12,96,6,16,8,45,9,,,,,,,0.33,0.0,0.03,0.36,1.6,1.64,29,12,28,7,156,18,69,14,0.91,0.18,4.74
518,True,True,,,465247,0,0,0,0,1,1,3.5,3.5,2,Senne,3.5,733,False,,,50,465247.jpg,4.7,False,Lammens,1.0,False,,a,14,1,14,114456,18032,14499,2639,0.7,2.8,Lammens,21.0,2025-09-01,2002-07-07,False,p465247,270,0,0,1,3,0,0,0,0,0,11,2,57,82.4,0.0,0.0,8.2,2,35,0,0,3,0.00,0.00,0.00,4.58,199,23,701,82,692,79,316,23,,,,,,,0.0,3.67,0.0,0.0,1.53,1.0,270,11,90,8,44,4,175,24,1.0,0.33,0.0
519,True,True,100.0,100.0,232653,0,0,-2,2,0,3,0.7,0.7,0,Jacob,0.2,52,False,,2025-08-31T01:30:07.565346Z,53,232653.jpg,1.0,False,Ramsey,0.2,False,,a,15,4,3,14686,267,62679,338,0.0,0.6,J.Ramsey,241.0,2025-08-17,2001-05-28,False,p232653,79,0,0,0,2,0,0,0,0,0,0,0,16,17.6,54.1,7.0,7.9,1,7,1,9,1,0.03,0.13,0.16,1.05,362,168,167,114,325,173,321,157,,,,,,,0.03,0.0,0.15,0.18,1.2,2.28,206,131,379,177,402,192,351,121,1.14,0.0,10.25
520,True,True,0.0,0.0,216646,0,0,-1,1,0,4,0.0,0.0,0,Yoane,0.0,135,False,Knee injury - Expected back 09 Nov,2025-09-12T10:00:06.619832Z,74,216646.jpg,0.0,False,Wissa,0.5,False,,i,15,4,0,85338,62,307706,832,0.0,0.0,Wissa,50.0,2025-09-01,1996-09-03,False,p216646,0,0,0,0,0,0,0,0,0,0,0,0,0,0.0,0.0,0.0,0.0,0,0,0,0,0,0.00,0.00,0.00,0.00,744,82,744,82,744,82,744,82,,,,,1.0,,0.0,0.0,0.0,0.0,0.0,0.0,26,10,743,82,744,82,230,36,0.0,0.0,0.0
521,True,True,,,98747,0,0,2,-2,1,1,4.0,4.0,3,Nick,3.5,469,False,,,52,98747.jpg,5.1,False,Pope,12.1,False,,a,15,4,46,1204210,21038,305517,12150,0.7,8.8,Pope,241.0,2022-06-23,1992-04-19,False,p98747,810,0,1,5,8,0,0,0,1,0,26,3,190,211.6,0.0,0.0,21.1,11,92,1,0,9,0.00,0.00,0.00,7.42,36,8,712,83,705,81,175,8,,,,,,,0.0,2.89,0.0,0.0,0.82,0.89,217,6,91,9,29,2,35,4,1.0,0.56,0.0
522,True,True,,,81441,0,0,0,0,0,1,0.5,0.5,0,Mark,0.0,471,False,,,40,81441.jpg,0.0,False,Gillespie,0.1,False,,a,15,4,0,3116,19,6101,93,0.0,0.0,Gillespie,241.0,2020-07-27,1992-03-27,False,p81441,0,0,0,0,0,0,0,0,0,0,0,0,0,0.0,0.0,0.0,0.0,0,0,0,0,0,0.00,0.00,0.00,0.00,473,39,457,25,425,13,473,39,,,,,,,0.0,0.0,0.0,0.0,0.0,0.0,618,44,436,34,482,39,413,64,0.0,0.0,0.0
523,True,False,0.0,0.0,111452,0,0,0,0,0,1,0.0,0.0,0,Odysseas,0.0,472,False,Has joined Sevilla on loan for the rest of the season.,2025-08-13T15:41:50.078613Z,40,111452.jpg,0.0,False,Vlachodimos,0.0,False,,u,15,4,0,0,0,1997,11,0.0,0.0,Odysseas,83.0,2024-07-01,1994-04-26,False,p111452,0,0,0,0,0,0,0,0,0,0,0,0,0,0.0,0.0,0.0,0.0,0,0,0,0,0,0.00,0.00,0.00,0.00,479,44,463,30,431,18,479,44,,,,,,,0.0,0.0,0.0,0.0,0.0,0.0,624,49,442,39,488,44,664,80,0.0,0.0,0.0
524,True,True,0.0,0.0,487838,-1,1,-3,3,0,2,0.0,0.0,0,Lewis,0.0,473,False,Hamstring injury - Expected back 09 Nov,2025-10-06T07:30:08.142766Z,52,487838.jpg,3.0,False,Hall,0.8,False,,i,15,4,9,56623,25,193340,3741,0.0,1.7,Hall,241.0,2024-07-01,2004-09-08,False,p487838,133,0,0,1,1,0,0,0,0,0,0,1,31,27.4,4.0,7.0,3.9,6,8,6,12,1,0.04,0.05,0.09,1.00,331,124,366,128,324,108,375,129,2.0,,,,,,0.03,0.0,0.03,0.06,0.68,0.68,226,31,699,240,169,67,193,73,0.68,0.68,8.12
525,True,True,100.0,100.0,119471,0,0,-1,1,0,2,0.7,0.7,1,Fabian,0.2,474,False,,2025-09-19T11:30:08.392759Z,54,119471.jpg,4.8,False,Schär,1.9,False,,a,15,4,24,173593,2412,283317,3958,0.0,4.4,Schär,207.0,2018-07-26,1991-12-20,False,p119471,379,0,0,3,2,0,0,0,0,0,0,0,90,99.4,25.3,15.0,14.1,38,15,5,43,4,0.08,0.08,0.16,1.90,168,68,258,83,285,88,240,82,,,2.0,,4.0,,0.02,0.0,0.02,0.04,0.45,0.47,161,18,381,134,38,20,134,50,0.95,0.71,10.21
526,True,True,,,220237,0,0,-1,1,0,2,3.5,3.5,2,Sven,3.0,475,False,,,49,220237.jpg,4.1,False,Botman,0.7,False,,a,15,4,29,56983,1205,41917,1308,0.6,5.9,Botman,152.0,2022-06-28,2000-01-12,False,p220237,488,0,0,3,5,0,0,0,0,0,0,4,108,129.6,23.0,41.0,19.3,46,25,3,49,6,0.13,0.24,0.37,5.77,121,53,268,89,194,46,193,64,,,,,,,0.02,0.0,0.04,0.06,1.06,0.92,312,50,117,44,74,31,205,79,1.11,0.55,9.04
527,True,True,,,78916,0,0,1,-1,1,2,4.3,4.3,2,Dan,3.8,476,False,,,51,78916.jpg,5.2,False,Burn,10.8,False,,a,15,4,47,1084172,29293,306191,16082,0.7,9.2,Burn,241.0,2022-01-31,1992-05-09,False,p78916,810,0,1,5,8,0,0,0,3,0,0,4,135,155.2,44.6,41.0,24.1,57,32,13,70,9,0.05,0.19,0.24,7.42,86,40,198,51,195,47,149,50,,,,,,,0.01,0.0,0.02,0.03,0.82,0.89,233,33,78,33,24,13,37,13,1.0,0.56,7.78
528,True,True,0.0,0.0,441191,-1,1,-1,1,0,2,0.0,0.0,0,Tino,1.5,477,False,Knee injury - Expected back 22 Nov,2025-09-29T00:30:06.563882Z,49,441191.jpg,6.2,False,Livramento,3.6,False,,i,15,4,37,936354,64,1014418,25406,0.3,7.6,Livramento,241.0,2023-08-08,2002-11-12,False,p441191,526,0,1,5,3,0,0,0,0,0,0,3,137,71.4,56.3,16.0,14.3,12,28,6,18,6,0.00,0.33,0.33,4.28,217,84,163,39,280,84,237,81,,,,,,,0.0,0.0,0.06,0.06,0.73,0.51,326,55,216,74,6,4,92,34,1.03,0.86,3.08
529,True,True,100.0,100.0,77794,0,0,0,0,0,2,2.7,2.7,2,Kieran,2.2,478,False,,2025-09-19T11:30:08.407420Z,50,77794.jpg,3.8,False,Trippier,2.7,False,,a,15,4,30,204073,4407,158971,4136,0.4,6.0,Trippier,241.0,2022-01-07,1990-09-19,False,p77794,609,0,0,4,7,0,0,0,0,0,0,2,123,101.8,226.5,4.0,33.1,20,29,8,28,7,0.00,0.87,0.87,4.87,161,67,13,2,353,125,88,24,1.0,,1.0,,,,0.0,0.0,0.13,0.13,0.72,1.03,244,37,159,55,96,43,111,42,1.03,0.59,4.14
530,True,True,,,111773,0,0,-1,1,0,2,0.5,0.5,0,Emil,0.0,479,False,,,44,111773.jpg,0.0,False,Krafth,0.0,False,,a,15,4,0,1109,26,3380,59,0.0,0.0,Krafth,206.0,2019-08-08,1994-08-02,False,p111773,0,0,0,0,0,0,0,0,0,0,0,0,0,0.0,0.0,0.0,0.0,0,0,0,0,0,0.00,0.00,0.00,0.00,558,223,547,224,519,218,559,223,,,,,,,0.0,0.0,0.0,0.0,0.0,0.0,499,112,527,217,567,225,580,209,0.0,0.0,0.0
531,True,True,,,101148,-1,1,-2,2,0,2,0.5,0.5,0,Jamaal,0.0,480,False,,,43,101148.jpg,0.5,False,Lascelles,0.1,False,,a,15,4,1,1736,50,5570,94,0.0,0.2,Lascelles,241.0,2014-08-04,1993-11-11,False,p101148,19,0,0,0,2,0,0,0,0,0,0,0,0,10.2,0.0,7.0,1.7,5,0,0,5,0,0.04,0.00,0.04,0.55,381,142,531,217,317,107,402,143,,,,,,,0.19,0.0,0.0,0.19,2.61,9.47,584,142,509,207,434,148,538,195,0.0,0.0,23.68
532,True,True,,,545477,0,0,-1,1,0,2,0.5,0.5,0,Alex,0.0,481,False,,,39,545477.jpg,0.0,False,Murphy,0.6,False,,a,15,4,0,27708,444,53106,1174,0.0,0.0,A.Murphy,104.0,2023-07-19,2004-06-25,False,p545477,0,0,0,0,0,0,0,0,0,0,0,0,0,0.0,0.0,0.0,0.0,0,0,0,0,0,0.00,0.00,0.00,0.00,456,170,438,169,405,159,456,169,,,,,,,0.0,0.0,0.0,0.0,0.0,0.0,730,231,419,159,465,172,213,82,0.0,0.0,0.0
533,True,True,0.0,0.0,441024,0,0,-1,1,0,2,0.0,0.0,0,Harrison,0.0,482,False,Thigh injury - Unknown return date,2025-10-17T14:00:10.381414Z,39,441024.jpg,0.0,False,Ashby,0.1,False,,i,15,4,0,7495,19,11093,394,0.0,0.0,Ashby,243.0,2023-01-31,2001-11-14,False,p441024,0,0,0,0,0,0,0,0,0,0,0,0,0,0.0,0.0,0.0,0.0,0,0,0,0,0,0.00,0.00,0.00,0.00,442,159,424,158,391,148,442,158,,,,,,,0.0,0.0,0.0,0.0,0.0,0.0,715,219,404,147,451,161,403,150,0.0,0.0,0.0
534,True,True,,,578512,0,0,-1,1,0,2,0.5,0.5,0,Miodrag,0.0,483,False,,,39,578512.jpg,0.0,False,Pivaš,0.2,False,,a,15,4,0,18204,69,13510,365,0.0,0.0,Pivas,,,,False,p578512,0,0,0,0,0,0,0,0,0,0,0,0,0,0.0,0.0,0.0,0.0,0,0,0,0,0,0.00,0.00,0.00,0.00,463,177,445,176,412,166,463,176,,,,,,,0.0,0.0,0.0,0.0,0.0,0.0,738,239,426,166,472,179,344,122,0.0,0.0,0.0
535,True,False,0.0,0.0,169359,0,0,0,0,0,2,0.0,0.0,0,Matt,0.0,484,False,has joined Middlesbrough on loan for the rest of the season.,2025-09-02T12:49:12.555659Z,40,169359.jpg,0.0,False,Targett,0.2,False,,u,15,4,0,3759,0,38213,343,0.0,0.0,Targett,241.0,2022-07-01,1995-09-18,False,p169359,0,0,0,0,0,0,0,0,0,0,0,0,0,0.0,0.0,0.0,0.0,0,0,0,0,0,0.00,0.00,0.00,0.00,485,186,469,185,437,176,485,185,,,,,,,0.0,0.0,0.0,0.0,0.0,0.0,630,164,448,175,494,188,355,126,0.0,0.0,0.0
536,True,True,100.0,100.0,232826,0,0,0,0,0,3,3.0,3.0,2,Anthony,2.5,485,False,,2025-08-25T23:00:08.176199Z,75,232826.jpg,1.8,False,Gordon,3.2,False,,a,15,4,11,481479,12522,333511,11988,0.3,1.5,Gordon,241.0,2023-01-29,2001-02-24,False,p232826,416,0,0,3,5,0,0,0,0,1,0,0,39,35.6,94.5,119.0,24.6,0,16,5,21,6,1.28,0.66,1.94,4.31,310,139,92,67,56,30,142,75,3.0,,,,3.0,,0.28,0.0,0.14,0.42,0.93,1.08,23,16,151,76,292,136,100,33,1.3,0.65,4.54
537,True,True,,,449434,0,0,-2,2,0,3,2.0,2.0,1,Anthony,1.5,486,False,,,68,449434.jpg,1.6,False,Elanga,4.0,False,,a,15,4,14,520256,1301,982454,14047,0.2,2.1,Elanga,206.0,2025-07-11,2002-04-27,False,p449434,385,0,0,2,6,0,0,0,0,0,0,0,47,39.8,99.5,67.0,20.7,4,7,2,13,4,0.78,0.28,1.06,2.53,297,131,83,60,121,75,180,95,,,,,,,0.18,0.0,0.07,0.25,0.59,1.4,46,30,229,111,312,146,84,25,0.94,0.47,3.04
538,True,True,,,201666,0,0,-1,1,0,3,1.5,1.5,1,Harvey,1.0,487,False,,,64,201666.jpg,1.6,False,Barnes,0.4,False,,a,15,4,14,133180,750,155274,1577,0.2,2.2,Barnes,241.0,2023-07-23,1997-12-09,False,p201666,363,0,0,2,4,0,0,0,0,0,0,0,48,34.2,100.2,93.0,22.6,2,12,2,16,3,0.71,0.92,1.63,1.85,313,141,81,58,79,45,160,83,,,,,,,0.18,0.0,0.23,0.41,0.46,0.99,62,42,279,136,311,145,266,92,0.74,0.5,3.97
539,True,True,,,208706,0,0,0,0,1,3,7.5,7.5,10,Bruno,7.0,488,False,,,65,208706.jpg,5.2,False,Guimarães Rodriguez Moura,2.7,False,,a,15,4,42,275565,35595,200651,2844,1.1,6.5,Bruno G.,30.0,2022-01-30,1997-11-16,False,p208706,715,3,1,4,8,0,0,0,2,0,0,6,171,174.2,178.8,97.0,45.0,5,44,18,67,8,1.48,0.88,2.36,6.86,68,21,31,26,74,40,33,24,,,,,,,0.19,0.0,0.11,0.3,0.86,1.01,54,37,9,4,27,9,112,38,1.01,0.5,8.43
540,True,True,,,114243,-1,1,-4,4,0,3,3.7,3.7,8,Jacob,3.2,489,False,,,61,114243.jpg,3.2,False,Murphy,0.9,False,,a,15,4,26,53873,5839,198446,1378,0.5,4.3,J.Murphy,241.0,2017-07-19,1995-02-24,False,p114243,414,1,1,4,2,0,0,0,0,0,0,1,93,97.0,79.8,186.0,36.2,4,11,2,17,5,1.90,0.79,2.69,4.83,172,69,111,81,21,11,69,43,,,,,,,0.41,0.0,0.17,0.58,1.05,0.43,83,56,107,49,145,59,185,62,1.09,0.87,3.7
541,True,True,100.0,100.0,180974,0,0,-1,1,0,3,3.3,3.3,4,Joelinton Cássio,2.8,490,False,,2025-10-17T13:00:11.069838Z,59,180974.jpg,2.6,False,Apolinário de Lira,0.3,False,,a,15,4,18,25328,869,49027,684,0.5,3.1,Joelinton,30.0,2019-07-24,1996-08-14,False,p180974,536,0,0,3,5,0,0,0,2,0,0,0,70,65.6,77.9,99.0,24.4,20,29,13,62,7,0.62,0.39,1.01,5.22,229,98,116,83,73,39,144,77,,,,,,,0.1,0.0,0.07,0.17,0.88,0.84,96,63,136,68,204,87,307,106,1.18,0.5,10.41
542,True,True,100.0,75.0,432422,0,0,-1,1,0,3,3.5,2.6,1,Sandro,3.0,491,False,,2025-10-24T10:30:09.210286Z,54,432422.jpg,2.9,False,Tonali,1.4,False,,a,15,4,26,110455,1902,176578,6537,0.6,4.8,Tonali,106.0,2023-07-03,2000-05-08,False,p432422,703,0,1,5,5,0,0,0,0,0,0,1,151,133.6,209.0,92.0,43.5,17,31,12,60,8,0.45,1.05,1.50,5.57,112,38,22,20,81,47,36,25,4.0,,5.0,,,,0.06,0.0,0.13,0.19,0.71,0.64,177,108,123,57,181,75,155,54,1.02,0.64,7.68
543,True,False,0.0,0.0,640108,0,0,-1,1,0,3,0.0,0.0,0,Antoñito,0.0,492,False,has joined KVC Westerlo on loan for the rest of the season.,2025-09-22T21:20:47.006379Z,49,640108.jpg,0.0,False,Cordero Campillo,0.0,False,,u,15,4,0,655,0,3208,29,0.0,0.0,Antoñito C.,200.0,2025-07-01,2006-11-14,False,p640108,0,0,0,0,0,0,0,0,0,0,0,0,0,0.0,0.0,0.0,0.0,0,0,0,0,0,0.00,0.00,0.00,0.00,699,301,694,301,682,296,700,302,,,,,,,0.0,0.0,0.0,0.0,0.0,0.0,352,221,681,290,702,302,642,266,0.0,0.0,0.0
544,True,True,100.0,100.0,200089,0,0,0,0,0,3,0.5,0.5,0,Joe,0.0,494,False,,2025-08-10T23:30:07.136690Z,50,200089.jpg,2.0,False,Willock,0.1,False,,a,15,4,4,4941,105,5384,176,0.0,0.8,Willock,241.0,2021-08-13,1999-08-20,False,p200089,86,0,0,1,0,0,0,0,0,0,0,0,16,10.6,2.2,6.0,1.8,2,5,4,11,1,0.09,0.01,0.10,0.52,379,174,376,190,335,174,398,187,,,,,,,0.09,0.0,0.01,0.1,0.54,0.0,254,155,684,291,270,124,535,195,1.05,1.05,11.51
545,True,False,0.0,0.0,153127,0,0,0,0,0,3,0.0,0.0,0,Isaac,0.0,495,False,Has departed the club as a free agent.,2025-08-11T01:17:33.103826Z,45,153127.jpg,0.0,False,Hayden,0.0,False,,u,15,4,0,0,0,1441,8,0.0,0.0,Hayden,107.0,2016-07-11,1995-03-22,False,p153127,0,0,0,0,0,0,0,0,0,0,0,0,0,0.0,0.0,0.0,0.0,0,0,0,0,0,0.00,0.00,0.00,0.00,607,235,598,235,576,225,608,236,,,,,,,0.0,0.0,0.0,0.0,0.0,0.0,398,243,583,219,617,240,707,307,0.0,0.0,0.0
546,True,False,0.0,0.0,564510,0,0,-1,1,0,3,0.0,0.0,0,Garang,0.0,496,False,has joined Sparta Prague permanently.,2025-09-22T21:20:47.021681Z,44,564510.jpg,0.0,False,Kuol,0.0,False,,u,15,4,0,2219,0,6213,95,0.0,0.0,Kuol,13.0,2023-01-01,2004-09-15,False,p564510,0,0,0,0,0,0,0,0,0,0,0,0,0,0.0,0.0,0.0,0.0,0,0,0,0,0,0.00,0.00,0.00,0.00,592,225,583,225,560,215,593,226,,,,,,,0.0,0.0,0.0,0.0,0.0,0.0,565,320,567,208,602,230,586,225,0.0,0.0,0.0
547,True,True,100.0,100.0,547719,0,0,-1,1,0,3,2.3,2.3,2,Lewis,1.8,497,False,,2025-10-13T11:30:08.705391Z,44,547719.jpg,1.9,False,Miley,2.1,False,,a,15,4,13,172829,4487,212576,4666,0.4,3.0,L.Miley,241.0,2023-02-01,2006-05-01,False,p547719,272,0,1,1,3,0,0,0,0,0,0,0,59,45.0,52.3,10.0,10.9,7,16,3,26,2,0.03,0.32,0.35,2.67,281,125,172,117,303,158,287,145,,,,,,,0.01,0.0,0.11,0.12,0.88,0.99,561,317,194,92,284,135,126,45,0.66,0.33,8.6
548,True,False,0.0,0.0,461484,0,0,0,0,0,3,0.0,0.0,0,Joe,0.0,498,False,Has joined Leyton Orient on loan for the rest of the season.,2025-07-30T14:07:15.215025Z,45,461484.jpg,0.0,False,White,0.0,False,,u,15,4,0,0,0,1042,5,0.0,0.0,White,241.0,2024-01-29,2002-10-01,False,p461484,0,0,0,0,0,0,0,0,0,0,0,0,0,0.0,0.0,0.0,0.0,0,0,0,0,0,0.00,0.00,0.00,0.00,622,245,615,245,596,236,623,246,,,,,,,0.0,0.0,0.0,0.0,0.0,0.0,429,254,598,230,631,250,713,312,0.0,0.0,0.0
549,True,True,,,538207,0,0,0,0,0,4,2.3,2.3,4,William,1.8,500,False,,,55,538207.jpg,1.9,False,Osula,0.3,False,,a,15,4,17,66019,586,67465,890,0.3,3.1,Osula,58.0,2024-08-08,2003-08-04,False,p538207,168,1,1,1,3,0,0,0,0,0,0,0,56,40.2,13.7,43.0,9.4,1,6,1,8,1,0.53,0.02,0.55,1.77,296,28,313,34,187,35,300,31,,,,,,,0.28,0.0,0.01,0.29,0.95,1.61,155,38,209,23,287,28,303,48,0.54,0.54,4.29
550,True,True,,,599303,0,0,-1,1,0,4,0.5,0.5,0,Sean,0.0,501,False,,,44,599303.jpg,0.0,False,Neave,0.2,False,,a,15,4,0,12990,233,21498,465,0.0,0.0,Neave,241.0,2025-02-07,2007-05-27,False,p599303,0,0,0,0,0,0,0,0,0,0,0,0,0,0.0,0.0,0.0,0.0,0,0,0,0,0,0.00,0.00,0.00,0.00,599,64,590,63,567,63,600,64,,,,,,,0.0,0.0,0.0,0.0,0.0,0.0,573,78,574,60,609,66,336,53,0.0,0.0,0.0
551,True,True,,,225321,0,0,-2,2,0,1,0.5,0.5,0,Aaron,0.0,674,False,,,48,225321.jpg,0.0,False,Ramsdale,0.6,False,,a,15,4,0,12483,224,57452,835,0.0,0.0,Ramsdale,241.0,2025-08-02,1998-05-14,False,p225321,0,0,0,0,0,0,0,0,0,0,0,0,0,0.0,0.0,0.0,0.0,0,0,0,0,0,0.00,0.00,0.00,0.00,678,84,673,79,656,72,679,84,,,,,,,0.0,0.0,0.0,0.0,0.0,0.0,368,17,655,84,682,84,218,31,0.0,0.0,0.0
552,True,True,,,465642,0,0,-1,1,0,2,4.0,4.0,2,Malick,3.5,684,False,,,49,465642.jpg,3.7,False,Thiaw,0.4,False,,a,15,4,22,41873,2225,18504,748,0.7,4.5,Thiaw,80.0,2025-08-12,2001-08-08,False,p465642,452,0,0,2,6,0,0,0,1,0,0,2,80,90.0,15.2,54.0,16.0,37,24,7,44,5,0.74,0.28,1.02,5.57,186,74,306,104,155,33,222,73,,,,,,,0.15,0.0,0.06,0.21,1.11,1.19,332,56,86,36,102,46,265,99,1.0,0.4,8.76
553,True,True,,,623110,0,0,-1,1,0,3,0.5,0.5,0,Seung-Soo,0.0,689,False,,,44,623110.jpg,0.0,False,Park,0.3,False,,a,15,4,0,29927,309,20256,765,0.0,0.0,Seung soo,114.0,2025-07-26,2007-03-17,False,p623110,0,0,0,0,0,0,0,0,0,0,0,0,0,0.0,0.0,0.0,0.0,0,0,0,0,0,0.00,0.00,0.00,0.00,602,232,593,232,570,222,603,233,,,,,,,0.0,0.0,0.0,0.0,0.0,0.0,578,328,578,216,612,237,322,111,0.0,0.0,0.0
554,True,True,,,470313,1,-1,5,-5,0,4,6.3,6.3,2,Nick,5.8,714,False,,,75,470313.jpg,5.7,False,Woltemade,22.2,False,,a,15,4,34,2936125,144276,302163,25086,0.8,4.5,Woltemade,80.0,2025-08-30,2002-02-14,False,p470313,478,4,0,4,3,0,0,0,0,0,0,6,120,143.8,50.5,156.0,35.3,5,14,6,25,6,3.03,0.21,3.24,5.13,96,9,177,16,35,15,77,10,,,,,,,0.57,0.0,0.04,0.61,0.97,0.56,24,8,22,5,15,2,17,4,1.13,0.75,4.71
555,True,True,50.0,50.0,206325,0,0,-1,1,0,2,0.4,0.4,0,Oleksandr,0.8,12,False,Muscle injury - 50% chance of playing,2025-10-24T09:00:07.804001Z,49,206325.jpg,1.7,False,Zinchenko,0.3,False,,d,16,17,5,20808,27,39151,1017,0.2,1.0,Zinchenko,225.0,2025-09-01,1996-12-15,False,p206325,253,0,0,0,4,0,0,0,0,0,0,0,46,62.6,52.4,15.0,13.0,11,12,10,21,3,0.04,0.30,0.34,3.45,235,92,170,41,283,86,259,88,,,,,,,0.01,0.0,0.11,0.12,1.23,1.42,304,47,295,101,297,104,321,114,1.07,0.0,7.47
556,True,True,,,432714,0,0,-3,3,0,3,0.2,0.2,0,James,0.2,426,False,,,52,432714.jpg,1.0,False,McAtee,0.1,False,,a,16,17,4,9076,101,19945,289,0.0,0.8,McAtee,241.0,2025-08-16,2002-10-18,False,p432714,126,0,0,0,5,0,0,0,0,0,0,0,20,14.0,39.8,6.0,6.1,1,6,2,9,1,0.02,0.17,0.19,2.77,373,173,214,135,336,175,338,166,,,,,,,0.01,0.0,0.12,0.13,1.98,3.57,225,141,377,175,401,191,470,157,0.71,0.0,6.43
557,True,True,,,85633,0,0,-2,2,0,1,2.2,2.2,2,Matz,2.2,502,False,,,48,85633.jpg,2.1,False,Sels,9.0,False,,a,16,17,19,262156,1100,1382537,21606,0.5,4.0,Sels,21.0,2024-02-01,1992-02-26,False,p85633,810,0,0,0,17,0,0,0,1,0,31,0,80,229.6,0.0,0.0,23.0,9,54,0,0,9,0.00,0.01,0.01,14.44,16,3,665,77,648,70,153,3,,,,,,,0.0,3.44,0.0,0.0,1.6,1.89,354,15,156,12,253,21,43,8,1.0,0.0,0.0
558,True,False,0.0,0.0,475123,0,0,0,0,0,1,0.0,0.0,0,Carlos Miguel,0.0,503,False,Has joined Palmeiras permanently.,2025-08-20T13:32:34.630338Z,40,475123.jpg,0.0,False,dos Santos Pereira,0.1,False,,u,16,17,0,448,0,12801,112,0.0,0.0,C.Miguel,30.0,2024-07-09,1998-10-09,False,p475123,0,0,0,0,0,0,0,0,0,0,0,0,0,0.0,0.0,0.0,0.0,0,0,0,0,0,0.00,0.00,0.00,0.00,507,62,492,48,460,36,508,62,,,,,,,0.0,0.0,0.0,0.0,0.0,0.0,659,67,471,57,517,62,486,75,0.0,0.0,0.0
559,True,False,0.0,0.0,224068,0,0,0,0,0,1,0.0,0.0,0,Matt,0.0,504,False,Has joined Lyon permanently.,2025-08-11T01:18:09.881299Z,40,224068.jpg,0.0,False,Turner,0.1,False,,u,16,17,0,0,0,12764,105,0.0,0.0,Turner,229.0,2023-08-09,1994-06-24,False,p224068,0,0,0,0,0,0,0,0,0,0,0,0,0,0.0,0.0,0.0,0.0,0,0,0,0,0,0.00,0.00,0.00,0.00,491,51,475,37,443,25,491,51,,,,,,,0.0,0.0,0.0,0.0,0.0,0.0,637,56,454,46,500,51,462,72,0.0,0.0,0.0
560,True,True,,,227444,0,0,-2,2,0,2,1.5,1.5,1,Nikola,1.5,505,False,,,53,227444.jpg,1.6,False,Milenković,4.4,False,,a,16,17,14,200365,1075,771454,11730,0.3,2.6,Milenković,190.0,2024-07-18,1997-10-12,False,p227444,810,0,0,0,17,0,0,0,1,0,0,0,57,128.0,24.5,41.0,19.5,52,26,2,54,9,0.38,0.20,0.58,14.44,123,55,263,85,197,48,191,62,,,,,,,0.04,0.0,0.02,0.06,1.6,1.89,205,27,223,75,305,107,82,30,1.0,0.0,6.0
561,True,True,100.0,100.0,575476,0,0,-2,2,0,2,0.5,0.5,1,Murillo,0.5,506,False,,2025-10-03T14:00:09.032869Z,53,575476.jpg,1.5,False,Costa dos Santos,2.1,False,,a,16,17,9,70735,860,582703,3248,0.1,1.7,Murillo,30.0,2023-08-31,2002-07-04,False,p575476,469,0,0,0,10,0,0,0,1,0,0,0,36,94.4,13.8,2.0,11.0,33,28,6,39,6,0.00,0.21,0.21,7.97,178,71,312,108,369,131,285,96,,,3.0,,,,0.0,0.0,0.04,0.04,1.53,1.92,214,30,334,114,321,110,127,48,1.15,0.0,7.48
562,True,True,0.0,0.0,159506,0,0,-2,2,0,2,0.0,0.0,0,Ola,0.0,507,False,Hamstring injury - Expected back 13 Dec,2025-09-11T06:30:07.556962Z,48,159506.jpg,2.0,False,Aina,2.8,False,,i,16,17,6,231109,14,1487509,8403,0.0,1.2,Aina,157.0,2023-07-22,1996-10-08,False,p159506,270,0,0,0,5,0,0,0,1,0,0,0,20,53.8,33.3,11.0,9.8,16,20,6,22,3,0.04,0.32,0.36,5.02,257,98,230,66,301,101,295,98,,,,,,,0.01,0.0,0.11,0.12,1.67,1.67,359,61,650,232,262,96,110,41,1.0,0.0,7.33
563,True,True,,,215136,0,0,-2,2,1,2,0.8,0.8,1,Neco,0.8,508,False,,,48,215136.jpg,1.9,False,Williams,3.8,False,,a,16,17,17,171916,960,825543,9374,0.2,3.5,N.Williams,244.0,2022-07-11,2001-04-13,False,p215136,810,1,0,0,17,0,0,0,4,0,0,2,86,181.4,124.3,103.0,40.9,26,34,23,49,9,0.84,0.45,1.29,14.44,57,25,63,15,66,8,49,7,,,,,,,0.09,0.0,0.05,0.14,1.6,1.89,364,63,293,100,286,101,89,31,1.0,0.0,5.44
564,True,False,0.0,0.0,451432,0,0,0,0,0,2,0.0,0.0,0,David,0.0,509,False,has joined Real Oviedo on loan for the rest of the season.,2025-09-02T13:08:17.187888Z,45,451432.jpg,0.0,False,Mota Veiga Teixeira do Carmo,0.0,False,,u,16,17,0,427,0,3990,20,0.0,0.0,David Carmo,6.0,2024-08-25,1999-07-19,False,p451432,0,0,0,0,0,0,0,0,0,0,0,0,0,0.0,0.0,0.0,0.0,0,0,0,0,0,0.00,0.00,0.00,0.00,619,231,611,232,592,230,620,231,,,,,,,0.0,0.0,0.0,0.0,0.0,0.0,425,90,595,227,628,233,641,219,0.0,0.0,0.0
565,True,True,,,575458,0,0,-2,2,0,2,0.8,0.8,0,Jair,0.8,510,False,,,43,575458.jpg,3.0,False,Paula da Cunha Filho,0.1,False,,a,16,17,3,1604,49,5526,71,0.2,0.7,Jair Cunha,30.0,2025-07-11,2005-03-07,False,p575458,90,0,0,0,2,0,0,0,0,0,0,0,9,26.0,0.4,0.0,2.6,9,1,2,11,1,0.00,0.00,0.00,3.28,336,126,398,144,511,214,388,137,,,,,,,0.0,0.0,0.0,0.0,3.28,2.0,602,155,286,95,158,61,544,198,1.0,0.0,11.0
566,True,True,,,485047,0,0,-1,1,0,2,1.2,1.2,0,Felipe,1.2,511,False,,,44,485047.jpg,1.4,False,Rodrigues da Silva,0.1,False,,a,16,17,7,3739,52,7066,164,0.3,1.6,Morato,30.0,2024-08-30,2001-06-30,False,p485047,436,0,0,0,9,0,0,0,3,0,0,0,33,89.4,5.5,3.0,9.8,30,22,9,39,5,0.03,0.03,0.06,6.98,187,75,355,121,357,128,294,97,,,,,,,0.01,0.0,0.01,0.02,1.44,1.86,533,133,235,78,325,112,501,184,1.03,0.0,8.05
567,True,False,0.0,0.0,204822,0,0,0,0,0,2,0.0,0.0,0,Omar,0.0,512,False,has joined Rio Ave on loan for the rest of the season.,2025-09-02T12:23:02.662537Z,45,204822.jpg,0.0,False,Richards,0.0,False,,u,16,17,0,345,0,3729,16,0.0,0.0,O.Richards,241.0,2022-07-10,1998-02-15,False,p204822,0,0,0,0,0,0,0,0,0,0,0,0,0,0.0,0.0,0.0,0.0,0,0,0,0,0,0.00,0.00,0.00,0.00,610,228,602,229,582,227,611,228,,,,,,,0.0,0.0,0.0,0.0,0.0,0.0,406,78,586,225,620,231,645,220,0.0,0.0,0.0
568,True,True,,,549067,0,0,-1,1,0,2,0.0,0.0,0,Zach,0.0,513,False,,,39,549067.jpg,0.0,False,Abbott,0.2,False,,a,16,17,0,6318,78,11965,252,0.0,0.0,Abbott,241.0,2022-08-22,2006-05-13,False,p549067,0,0,0,0,0,0,0,0,0,0,0,0,0,0.0,0.0,0.0,0.0,0,0,0,0,0,0.00,0.00,0.00,0.00,459,173,441,172,408,162,459,172,,,,,,,0.0,0.0,0.0,0.0,0.0,0.0,733,234,422,162,468,175,366,131,0.0,0.0,0.0
569,True,True,,,90585,0,0,-1,1,0,2,0.0,0.0,0,Willy,0.0,514,False,,,39,90585.jpg,0.0,False,Boly,0.5,False,,a,16,17,0,25471,319,33185,742,0.0,0.0,Boly,54.0,2022-09-01,1991-02-03,False,p90585,0,0,0,0,0,0,0,0,0,0,0,0,0,0.0,0.0,0.0,0.0,0,0,0,0,0,0.00,0.00,0.00,0.00,432,151,414,150,378,137,432,150,,,,,,,0.0,0.0,0.0,0.0,0.0,0.0,701,207,393,138,442,154,244,90,0.0,0.0,0.0
570,True,True,,,222531,0,0,-2,2,0,3,2.2,2.2,2,Morgan,2.2,515,False,,,73,222531.jpg,2.4,False,Gibbs-White,3.0,False,,a,16,17,22,352944,1720,624272,8688,0.3,3.0,Gibbs-White,241.0,2022-08-19,2000-01-27,False,p222531,729,0,1,0,15,0,0,0,0,0,0,0,106,74.8,175.7,146.0,39.3,15,29,2,46,8,1.59,0.90,2.49,13.91,212,90,35,29,40,22,55,35,,,2.0,,2.0,,0.2,0.0,0.11,0.31,1.72,1.85,28,17,169,84,225,97,105,35,0.99,0.0,5.68
571,True,True,,,209046,-1,1,-2,2,0,3,1.0,1.0,1,Callum,1.0,516,False,,,58,209046.jpg,2.2,False,Hudson-Odoi,0.8,False,,a,16,17,20,150989,439,201931,2905,0.2,3.4,Hudson-Odoi,241.0,2023-09-01,2000-11-07,False,p209046,477,1,0,0,10,0,0,0,0,0,0,3,88,92.8,170.1,89.0,35.3,5,11,2,18,5,0.45,0.95,1.40,10.01,182,76,39,32,85,50,76,46,4.0,,,,,,0.08,0.0,0.18,0.26,1.89,1.89,109,74,276,134,245,109,191,64,0.94,0.0,3.4
572,True,True,,,215379,0,0,-2,2,0,3,2.5,2.5,2,Elliot,2.5,517,False,,,53,215379.jpg,3.1,False,Anderson,3.2,False,,a,16,17,28,242937,1575,572677,8774,0.5,5.3,Anderson,241.0,2024-07-01,2002-11-06,False,p215379,810,0,1,0,17,0,0,0,2,0,0,1,162,171.6,234.0,67.0,47.4,16,71,25,112,9,0.63,1.15,1.78,14.44,70,22,12,11,118,73,26,20,3.0,,,,,,0.07,0.0,0.13,0.2,1.6,1.89,204,130,146,73,150,61,99,32,1.0,0.0,12.44
573,True,False,0.0,0.0,510500,0,0,-1,1,0,3,0.0,0.0,0,João Pedro,0.0,518,False,has joined Besiktas on loan for the rest of the season.,2025-09-12T15:53:40.376767Z,54,510500.jpg,1.0,False,Ferreira da Silva,0.0,False,,u,16,17,1,1029,0,8438,56,0.0,0.2,Jota,173.0,2024-08-01,1999-08-01,False,p510500,11,0,0,0,0,0,0,0,0,0,0,0,6,5.0,0.5,4.0,1.0,1,0,2,3,0,0.00,0.00,0.00,0.00,406,190,397,198,356,183,410,193,,,,,,,0.0,0.0,0.0,0.0,0.0,0.0,190,118,715,312,410,197,582,221,0.0,0.0,24.55
574,True,True,100.0,100.0,250199,0,0,0,0,0,3,0.2,0.2,1,Nicolás,0.2,519,False,,2025-07-21T10:00:04.988497Z,50,250199.jpg,0.5,False,Domínguez,0.0,False,,a,16,17,1,541,23,443,26,0.0,0.2,Dominguez,10.0,2023-09-01,1998-06-28,False,p250199,52,0,0,0,1,0,0,0,1,0,0,0,9,7.0,14.4,0.0,2.2,1,0,3,4,1,0.00,0.03,0.03,0.44,396,184,308,169,690,299,393,185,,,,,,,0.0,0.0,0.05,0.05,0.76,1.73,267,165,375,173,438,206,699,302,1.73,0.0,6.92
575,True,False,0.0,0.0,243345,0,0,0,0,0,3,0.0,0.0,0,Lewis,0.0,520,False,Has joined Wrexham permanently.,2025-07-25T14:55:12.030109Z,50,243345.jpg,0.0,False,O'Brien,0.0,False,,u,16,17,0,0,0,111,0,0.0,0.0,O'Brien,241.0,2022-07-20,1998-10-14,False,p243345,0,0,0,0,0,0,0,0,0,0,0,0,0,0.0,0.0,0.0,0.0,0,0,0,0,0,0.00,0.00,0.00,0.00,702,303,699,303,689,298,703,304,,,,,,,0.0,0.0,0.0,0.0,0.0,0.0,265,164,686,293,705,304,742,329,0.0,0.0,0.0
576,True,True,,,210462,0,0,-1,1,0,3,0.2,0.2,0,Ibrahim,0.2,521,False,,,49,210462.jpg,2.0,False,Sangaré,0.1,False,,a,16,17,12,4383,33,6221,122,0.0,2.4,Sangaré,54.0,2023-09-01,1997-12-02,False,p210462,441,0,0,0,9,0,0,0,1,0,0,0,66,59.6,35.0,36.0,13.1,22,17,11,50,5,0.28,0.11,0.39,7.65,243,105,226,140,212,120,256,128,,,,,,,0.06,0.0,0.02,0.08,1.56,1.84,308,194,367,167,264,118,545,200,1.02,0.0,10.2
577,True,True,,,204968,0,0,-2,2,0,3,0.5,0.5,1,Ryan,0.5,522,False,,,48,204968.jpg,1.0,False,Yates,0.1,False,,a,16,17,5,3322,49,10124,160,0.1,1.0,Yates,241.0,2018-08-01,1997-11-21,False,p204968,133,0,0,0,2,0,0,0,1,0,0,0,19,22.8,8.0,19.0,4.9,11,5,0,16,1,0.07,0.01,0.08,1.21,347,159,346,180,269,146,355,170,,,,,,,0.05,0.0,0.01,0.06,0.82,1.35,362,227,324,156,382,178,502,176,0.68,0.0,10.83
578,True,False,0.0,0.0,569014,0,0,0,0,0,3,0.0,0.0,0,Eric,0.0,523,False,has joined Rio Ave on loan for the rest of the season.,2025-09-02T12:23:02.683095Z,45,569014.jpg,0.0,False,da Silva Moreira,0.1,False,,u,16,17,0,1896,0,14754,103,0.0,0.0,Da Silva Moreira,80.0,2024-07-01,2006-05-03,False,p569014,0,0,0,0,0,0,0,0,0,0,0,0,0,0.0,0.0,0.0,0.0,0,0,0,0,0,0.00,0.00,0.00,0.00,646,266,639,266,620,257,647,267,,,,,,,0.0,0.0,0.0,0.0,0.0,0.0,461,276,622,251,655,271,525,189,0.0,0.0,0.0
579,True,False,0.0,0.0,495161,0,0,0,0,0,3,0.0,0.0,0,Marko,0.0,524,False,Has joined Swansea City permanently.,2025-08-20T13:32:34.645399Z,45,495161.jpg,0.0,False,Stamenić,0.0,False,,u,16,17,0,245,0,5211,27,0.0,0.0,Stamenic,154.0,2024-06-27,2002-02-19,False,p495161,0,0,0,0,0,0,0,0,0,0,0,0,0,0.0,0.0,0.0,0.0,0,0,0,0,0,0.00,0.00,0.00,0.00,629,251,622,251,603,242,630,252,,,,,,,0.0,0.0,0.0,0.0,0.0,0.0,439,260,605,236,638,256,651,271,0.0,0.0,0.0
580,True,True,50.0,50.0,60689,0,0,-3,3,1,4,0.6,0.6,0,Chris,1.2,525,False,Knee injury - 50% chance of playing,2025-10-24T09:00:08.418318Z,72,60689.jpg,3.1,False,Wood,7.8,False,,d,16,17,25,2131343,253,3018178,57956,0.2,3.5,Wood,154.0,2023-07-01,1991-12-07,False,p60689,538,2,0,1,8,0,0,0,0,0,0,3,85,77.6,49.6,179.0,29.8,6,7,1,14,7,2.81,0.11,2.92,7.84,210,16,181,17,23,10,105,17,,,,,1.0,,0.47,0.0,0.02,0.49,1.31,1.34,30,13,253,26,155,17,50,9,1.17,0.17,2.34
581,True,True,,,482973,0,0,-2,2,0,4,1.0,1.0,1,Igor Jesus,1.0,526,False,,,58,482973.jpg,1.0,False,Maciel da Cruz,0.6,False,,a,16,17,8,83521,1931,108417,2294,0.2,1.4,Igor Jesus,30.0,2025-07-05,2001-02-25,False,p482973,191,0,0,0,9,0,0,0,0,0,0,0,29,23.8,29.7,64.0,11.4,6,5,5,16,1,1.00,0.07,1.07,6.50,345,33,245,23,127,29,282,29,,,,,,,0.47,0.0,0.03,0.5,3.06,4.24,116,30,277,32,415,50,210,34,0.47,0.0,7.54
582,True,True,,,210156,0,0,-3,3,0,4,0.5,0.5,1,Taiwo,0.5,527,False,,,52,210156.jpg,1.0,False,Awoniyi,0.4,False,,a,16,17,2,22663,557,69066,876,0.1,0.4,Awoniyi,157.0,2022-06-25,1997-08-12,False,p210156,90,0,0,0,0,0,0,0,0,0,0,0,13,6.6,13.9,37.0,5.7,0,4,1,5,1,0.19,0.02,0.21,0.47,397,39,311,33,209,38,344,38,,,,,,,0.19,0.0,0.02,0.21,0.47,0.0,220,48,330,38,400,45,276,43,1.0,0.0,5.0
583,True,True,,,456512,0,0,-2,2,0,3,1.2,1.2,2,Dan,1.2,669,False,,,58,456512.jpg,3.2,False,Ndoye,1.4,False,,a,16,17,26,524735,279,465093,7264,0.2,4.5,Ndoye,207.0,2025-07-31,2000-10-25,False,p456512,575,1,1,0,10,0,0,0,0,0,0,4,100,95.8,105.6,73.0,27.5,9,29,7,45,8,0.20,0.65,0.85,7.95,175,72,74,53,107,63,119,62,,,,,,,0.03,0.0,0.1,0.13,1.24,1.57,113,76,251,127,144,58,154,53,1.25,0.0,7.04
584,True,True,,,107265,0,0,0,0,0,1,0.0,0.0,0,Angus,0.0,675,False,,,40,107265.jpg,0.0,False,Gunn,1.5,False,,a,16,17,0,25704,111,54976,862,0.0,0.0,Gunn,243.0,2025-08-06,1996-01-22,False,p107265,0,0,0,0,0,0,0,0,0,0,0,0,0,0.0,0.0,0.0,0.0,0,0,0,0,0,0.00,0.00,0.00,0.00,478,43,462,29,430,17,478,43,,,,,,,0.0,0.0,0.0,0.0,0.0,0.0,623,48,441,38,487,43,149,19,0.0,0.0,0.0
585,True,True,,,503301,0,0,-1,1,0,3,0.8,0.8,1,Omari,0.8,693,False,,,54,503301.jpg,1.0,False,Hutchinson,0.0,False,,a,16,17,5,3489,39,3095,77,0.1,0.9,Hutchinson,241.0,2025-08-16,2003-10-30,False,p503301,97,0,0,0,2,0,0,0,0,0,0,0,21,25.0,73.9,42.0,13.8,0,6,1,7,0,0.42,0.38,0.80,3.72,340,156,123,88,192,112,244,122,,,,,,,0.39,0.0,0.35,0.74,3.45,1.86,188,116,303,146,409,196,632,261,0.0,0.0,6.49
586,True,True,,,465680,0,0,0,0,0,4,0.5,0.5,1,Arnaud,0.5,696,False,,,60,465680.jpg,1.0,False,Kalimuendo,0.1,False,,a,16,17,6,8623,205,8062,298,0.1,1.0,Kalimuendo,73.0,2025-08-18,2002-01-20,False,p465680,66,0,0,0,2,0,0,0,0,0,0,0,14,2.8,16.4,22.0,4.1,1,2,0,3,0,0.35,0.02,0.37,1.48,415,44,301,30,259,41,368,41,,,,,,,0.48,0.0,0.03,0.51,2.02,2.73,88,27,345,44,418,51,460,65,0.0,0.0,4.09
587,True,True,100.0,100.0,230046,0,0,0,0,0,3,0.2,0.2,0,Douglas Luiz,0.2,699,False,,2025-09-24T22:30:08.479417Z,50,230046.jpg,2.0,False,Soares de Paulo,0.1,False,,a,16,17,6,12101,227,10343,194,0.0,1.2,Douglas Luiz,30.0,2025-08-21,1998-05-09,False,p230046,172,0,1,0,5,0,0,0,1,0,0,0,36,19.6,32.4,10.0,6.2,3,7,4,14,3,0.02,0.24,0.26,2.16,357,165,234,143,307,162,336,165,,,,,,,0.01,0.0,0.13,0.14,1.13,2.62,263,162,374,172,271,125,565,209,1.57,0.0,7.33
588,True,True,,,221389,0,0,0,0,0,1,0.0,0.0,0,John Victor,0.0,715,False,,,40,221389.jpg,0.0,False,Maciel Furtado,0.4,False,,a,16,17,0,36721,138,13914,424,0.0,0.0,John,30.0,2025-08-31,1996-02-13,False,p221389,0,0,0,0,0,0,0,0,0,0,0,0,0,0.0,0.0,0.0,0.0,0,0,0,0,0,0.00,0.00,0.00,0.00,489,50,473,36,441,24,489,50,,,,,,,0.0,0.0,0.0,0.0,0.0,0.0,635,55,452,45,498,50,284,39,0.0,0.0,0.0
589,True,True,,,500151,0,0,0,0,0,2,0.8,0.8,1,Nicolò,0.8,716,False,,,45,500151.jpg,0.8,False,Savona,0.0,False,,a,16,17,3,1438,30,1052,31,0.2,0.7,Savona,106.0,2025-08-30,2003-03-19,False,p500151,249,0,0,0,7,0,0,0,0,0,0,0,10,38.8,16.1,4.0,5.9,9,10,7,16,2,0.00,0.05,0.05,5.02,300,114,302,102,349,123,341,114,,,,,,,0.0,0.0,0.02,0.02,1.81,2.53,441,95,290,98,427,143,677,230,0.72,0.0,5.78
590,True,False,0.0,0.0,560441,0,0,0,0,0,2,0.0,0.0,0,Luis Eduardo,0.0,729,False,has joined Botafogo on loan for the rest of the season.,2025-09-05T08:56:15.818633Z,45,560441.jpg,0.0,False,Soares da Silva,0.0,False,,u,16,17,0,25,0,37,1,0.0,0.0,Cuiabano,30.0,2025-09-01,2003-02-16,False,p560441,0,0,0,0,0,0,0,0,0,0,0,0,0,0.0,0.0,0.0,0.0,0,0,0,0,0,0.00,0.00,0.00,0.00,644,233,637,234,618,232,645,233,,,,,,,0.0,0.0,0.0,0.0,0.0,0.0,459,99,620,229,653,235,744,246,0.0,0.0,0.0
591,True,True,0.0,0.0,476887,0,0,0,0,0,3,0.0,0.0,0,Dilane,0.8,734,False,Knock - Unknown return date,2025-10-24T09:00:08.676633Z,60,476887.jpg,1.2,False,Bakwa,0.0,False,,i,16,17,5,2488,9,1954,136,0.1,0.8,Bakwa,73.0,2025-09-01,2002-08-26,False,p476887,172,0,0,0,4,0,0,0,0,0,0,0,27,30.2,73.7,49.0,15.3,2,11,0,13,2,0.13,0.27,0.40,3.23,321,144,124,89,167,98,228,115,,,,,,,0.07,0.0,0.14,0.21,1.69,2.09,89,57,307,150,352,165,673,286,1.05,0.0,6.8
592,True,True,,,232571,0,0,-2,2,0,1,-0.5,-1.0,0,Anthony,0.0,528,False,,,43,232571.jpg,0.0,False,Patterson,0.2,False,,a,17,56,0,6184,116,23695,276,0.0,0.0,Patterson,241.0,2018-10-09,2000-05-10,False,p232571,0,0,0,0,0,0,0,0,0,0,0,0,0,0.0,0.0,0.0,0.0,0,0,0,0,0,0.00,0.00,0.00,0.00,547,77,534,64,504,52,548,77,,,,,,,0.0,0.0,0.0,0.0,0.0,0.0,591,35,513,72,556,77,365,56,0.0,0.0,0.0
593,True,True,,,74854,0,0,0,0,0,1,-0.5,-1.0,0,Simon,0.0,529,False,,,40,74854.jpg,0.0,False,Moore,0.4,False,,a,17,56,0,7866,100,19728,356,0.0,0.0,Moore,241.0,2024-07-01,1990-05-19,False,p74854,0,0,0,0,0,0,0,0,0,0,0,0,0,0.0,0.0,0.0,0.0,0,0,0,0,0,0.00,0.00,0.00,0.00,471,37,455,23,423,11,471,37,,,,,,,0.0,0.0,0.0,0.0,0.0,0.0,616,42,434,32,480,37,269,37,0.0,0.0,0.0
594,True,True,,,490000,0,0,0,0,0,1,-0.5,-1.0,0,Blondy,0.0,530,False,,,40,490000.jpg,0.0,False,Nna Noukeu,0.1,False,,a,17,56,0,2243,23,5903,108,0.0,0.0,Nna Noukeu,38.0,2024-08-02,2001-05-31,False,p490000,0,0,0,0,0,0,0,0,0,0,0,0,0,0.0,0.0,0.0,0.0,0,0,0,0,0,0.00,0.00,0.00,0.00,512,66,497,52,465,40,513,66,,,,,,,0.0,0.0,0.0,0.0,0.0,0.0,666,71,476,61,522,66,428,66,0.0,0.0,0.0
595,True,True,100.0,100.0,223827,0,0,1,-1,1,2,3.5,3.0,2,Daniel,4.0,531,False,,2025-08-23T22:30:06.243330Z,46,223827.jpg,5.0,False,Ballard,2.4,False,,a,17,56,35,623234,6266,576439,2346,0.9,7.6,Ballard,242.0,2022-07-01,1999-09-22,False,p223827,399,1,0,2,2,0,0,0,0,0,0,5,112,177.8,43.3,131.0,35.3,55,10,8,63,4,0.60,0.32,0.92,3.97,65,29,205,54,48,3,74,20,,,,,,,0.14,0.0,0.07,0.21,0.9,0.45,387,69,65,26,31,17,119,44,0.9,0.45,14.21
596,True,True,,,487676,0,0,0,0,0,2,4.5,4.0,2,Trai,5.0,532,False,,,45,487676.jpg,4.3,False,Hume,0.4,False,,a,17,56,39,42408,3218,26940,634,1.1,8.7,Hume,242.0,2022-01-04,2002-03-18,False,p487676,798,0,1,4,7,0,0,0,0,0,0,2,149,137.8,96.8,27.0,26.3,42,25,16,58,9,0.35,0.37,0.72,10.11,105,48,90,20,241,69,126,40,,,4.0,,,,0.04,0.0,0.04,0.08,1.14,0.79,433,92,35,14,60,24,273,101,1.02,0.45,6.54
597,True,True,50.0,0.0,220684,0,0,0,0,0,2,-0.2,0.0,0,Aji,0.0,533,False,Shoulder injury - 50% chance of playing,2025-07-21T10:00:05.007315Z,40,220684.jpg,0.0,False,Alese,0.0,False,,d,17,56,0,289,7,442,14,0.0,0.0,Alese,241.0,2022-07-15,2001-01-17,False,p220684,0,0,0,0,0,0,0,0,0,0,0,0,0,0.0,0.0,0.0,0.0,0,0,0,0,0,0.00,0.00,0.00,0.00,488,187,472,186,440,177,488,186,,,,,,,0.0,0.0,0.0,0.0,0.0,0.0,634,166,451,176,497,189,728,245,0.0,0.0,0.0
598,True,True,,,232820,0,0,-1,1,0,2,-0.5,-1.0,0,Joe,0.0,534,False,,,39,232820.jpg,0.0,False,Anderson,0.5,False,,a,17,56,0,28571,381,35551,758,0.0,0.0,Anderson,241.0,2023-01-31,2001-02-06,False,p232820,0,0,0,0,0,0,0,0,0,0,0,0,0,0.0,0.0,0.0,0.0,0,0,0,0,0,0.00,0.00,0.00,0.00,438,155,420,154,386,143,438,154,,,,,,,0.0,0.0,0.0,0.0,0.0,0.0,710,214,400,143,447,157,249,94,0.0,0.0,0.0
599,True,True,50.0,0.0,461195,0,0,0,0,0,2,-0.2,0.0,0,Dennis,0.0,535,False,Wrist Injury - 50% chance of playing,2025-07-21T10:00:05.027113Z,40,461195.jpg,0.0,False,Cirkin,0.0,False,,d,17,56,0,296,5,1924,21,0.0,0.0,Cirkin,241.0,2021-08-11,2002-04-06,False,p461195,0,0,0,0,0,0,0,0,0,0,0,0,0,0.0,0.0,0.0,0.0,0,0,0,0,0,0.00,0.00,0.00,0.00,500,192,485,192,453,183,501,192,,,,,,,0.0,0.0,0.0,0.0,0.0,0.0,650,175,464,182,510,195,683,233,0.0,0.0,0.0
600,True,True,50.0,0.0,477547,0,0,0,0,0,2,-0.2,0.0,0,Leo Fuhr,0.0,536,False,Achilles injury - 50% chance of playing,2025-07-21T10:00:05.047173Z,40,477547.jpg,0.0,False,Hjelde,0.0,False,,d,17,56,0,291,3,422,10,0.0,0.0,Hjelde,161.0,2024-01-30,2003-08-26,False,p477547,0,0,0,0,0,0,0,0,0,0,0,0,0,0.0,0.0,0.0,0.0,0,0,0,0,0,0.00,0.00,0.00,0.00,508,194,493,194,461,185,509,194,,,,,,,0.0,0.0,0.0,0.0,0.0,0.0,660,179,472,184,518,197,725,244,0.0,0.0,0.0
601,True,False,0.0,0.0,492066,0,0,0,0,0,2,0.0,0.0,0,Niall,0.0,537,False,has joined Wycombe Wanderers on loan for the rest of the season.,2025-09-02T13:34:00.250364Z,40,492066.jpg,0.0,False,Huggins,0.1,False,,u,17,56,0,1038,0,13647,117,0.0,0.0,Huggins,244.0,2021-08-20,2000-12-18,False,p492066,0,0,0,0,0,0,0,0,0,0,0,0,0,0.0,0.0,0.0,0.0,0,0,0,0,0,0.00,0.00,0.00,0.00,514,196,499,196,467,187,515,196,,,,,,,0.0,0.0,0.0,0.0,0.0,0.0,668,183,478,186,524,199,483,179,0.0,0.0,0.0
602,True,True,,,514613,0,0,-1,1,0,2,-0.5,-1.0,0,Zak,0.0,538,False,,,39,514613.jpg,0.0,False,Johnson,0.3,False,,a,17,56,0,15541,250,16144,382,0.0,0.0,Johnson,241.0,2021-10-12,2004-07-30,False,p514613,0,0,0,0,0,0,0,0,0,0,0,0,0,0.0,0.0,0.0,0.0,0,0,0,0,0,0.00,0.00,0.00,0.00,451,165,433,164,400,154,451,164,,,,,,,0.0,0.0,0.0,0.0,0.0,0.0,724,225,413,153,460,167,324,116,0.0,0.0,0.0
603,True,True,100.0,100.0,167512,0,0,0,0,0,2,-0.5,-1.0,0,Luke,0.0,539,False,,2025-07-21T10:00:05.068622Z,40,167512.jpg,0.0,False,O'Nien,0.0,False,,a,17,56,0,2340,150,2124,98,0.0,0.0,O'Nien,241.0,2018-07-30,1994-11-21,False,p167512,0,0,0,0,0,0,0,0,0,0,0,0,0,0.0,0.0,0.0,0.0,0,0,0,0,0,0.00,0.00,0.00,0.00,484,185,468,184,436,175,484,184,,,,,4.0,,0.0,0.0,0.0,0.0,0.0,0.0,629,163,447,174,493,187,593,210,0.0,0.0,0.0
604,True,True,,,465702,0,0,-1,1,0,2,-0.5,-1.0,0,Timothée,0.0,540,False,,,39,465702.jpg,0.0,False,Pembélé,0.4,False,,a,17,56,0,43935,267,23864,835,0.0,0.0,Pembele,73.0,2023-09-01,2002-09-09,False,p465702,0,0,0,0,0,0,0,0,0,0,0,0,0,0.0,0.0,0.0,0.0,0,0,0,0,0,0.00,0.00,0.00,0.00,443,160,425,159,392,149,443,159,,,,,,,0.0,0.0,0.0,0.0,0.0,0.0,716,220,405,148,452,162,251,96,0.0,0.0,0.0
605,True,True,100.0,100.0,434399,0,0,0,0,0,2,0.0,-0.5,2,Reinildo,0.5,541,False,,2025-09-21T22:30:06.385468Z,40,434399.jpg,2.7,False,Mandava,4.6,False,,a,17,56,16,417061,2396,655307,5279,0.1,4.0,Reinildo,146.0,2025-07-08,1994-01-21,False,p434399,482,0,0,2,5,0,0,0,1,1,0,0,73,85.2,18.9,6.0,11.1,30,15,12,42,6,0.02,0.04,0.06,5.68,192,77,291,98,328,111,284,95,,,,,,,0.0,0.0,0.01,0.01,1.06,0.93,643,170,310,104,194,76,79,27,1.12,0.37,7.84
606,True,False,0.0,0.0,519634,0,0,0,0,0,2,0.0,0.0,0,Jenson,0.0,542,False,has joined Wolfsburg on loan for the rest of the season.,2025-09-02T13:40:22.421351Z,40,519634.jpg,1.0,False,Seelt,0.1,False,,u,17,56,2,3016,0,21257,190,0.0,0.5,Seelt,152.0,2023-07-01,2003-05-23,False,p519634,133,0,0,0,2,0,0,0,0,0,0,0,11,33.6,2.4,0.0,3.6,8,6,4,12,1,0.00,0.01,0.01,1.33,316,120,375,134,475,193,376,130,,,,,,,0.0,0.0,0.01,0.01,0.9,1.35,678,191,486,192,365,128,439,162,0.68,0.0,8.12
607,True,True,,,535818,0,0,-3,3,0,3,0.0,-0.5,0,Simon,0.5,543,False,,,52,535818.jpg,2.2,False,Adingra,0.6,False,,a,17,56,13,74870,324,186761,1995,0.1,2.5,Adingra,54.0,2025-07-10,2002-01-01,False,p535818,271,0,1,2,4,0,0,0,1,0,0,0,36,28.4,77.8,8.0,11.4,5,7,4,16,4,0.14,0.25,0.39,3.03,329,151,117,84,313,166,281,142,,,,,,,0.05,0.0,0.08,0.13,1.01,1.33,232,146,331,159,239,105,223,74,1.33,0.66,5.31
608,True,True,0.0,0.0,547027,0,0,-1,1,0,3,0.0,0.0,0,Habib,0.0,544,False,Groin Injury - Expected back 03 Dec,2025-09-21T22:30:06.402407Z,54,547027.jpg,3.0,False,Diarra,0.0,False,,i,17,56,12,6065,6,14669,97,0.0,2.2,Diarra,189.0,2025-07-01,2004-01-03,False,p547027,345,0,1,2,2,0,0,0,1,0,0,0,23,10.6,31.0,45.0,8.0,6,8,1,15,4,0.50,0.08,0.58,3.87,380,175,240,145,177,103,320,156,,,,,,,0.13,0.0,0.02,0.15,1.01,0.52,193,121,717,314,171,68,581,220,1.04,0.52,3.91
609,True,False,0.0,0.0,124165,0,0,-1,1,0,3,0.0,0.0,0,Patrick,0.0,545,False,has joined Birmingham City on loan for the rest of the season.,2025-09-02T13:33:32.438579Z,54,124165.jpg,1.0,False,Roberts,0.0,False,,u,17,56,1,462,0,3841,15,0.0,0.2,Roberts,241.0,2022-01-21,1997-02-05,False,p124165,27,0,0,0,1,0,0,0,0,0,0,0,4,1.8,7.3,5.0,1.4,0,1,0,1,0,0.03,0.02,0.05,0.66,421,198,347,181,343,179,406,191,4.0,,,,2.0,,0.1,0.0,0.07,0.17,2.2,3.33,163,101,706,307,405,194,674,287,0.0,0.0,3.33
610,True,False,0.0,0.0,626844,0,0,-1,1,0,3,0.0,0.0,0,Milan,0.0,546,False,has joined Cracovia on loan for the rest of the season.,2025-09-08T09:11:30.805435Z,49,626844.jpg,0.0,False,Aleksić,0.0,False,,u,17,56,0,295,0,3106,19,0.0,0.0,Aleksić,190.0,2024-08-30,2005-08-30,False,p626844,0,0,0,0,0,0,0,0,0,0,0,0,0,0.0,0.0,0.0,0.0,0,0,0,0,0,0.00,0.00,0.00,0.00,698,300,693,300,681,295,699,301,,,,,,,0.0,0.0,0.0,0.0,0.0,0.0,351,220,680,289,701,301,661,279,0.0,0.0,0.0
611,True,True,100.0,100.0,484420,0,0,-1,1,1,3,2.3,1.8,1,Enzo,2.8,547,False,,2025-09-13T21:30:08.349570Z,49,484420.jpg,3.2,False,Le Fée,0.4,False,,a,17,56,26,58526,633,57418,1009,0.6,5.3,E.Le Fée,73.0,2025-07-01,2000-02-03,False,p484420,539,1,0,2,6,0,0,0,1,0,0,2,90,125.6,99.4,32.0,25.6,15,32,19,66,6,0.87,0.28,1.15,7.09,126,43,84,61,224,128,132,68,2.0,,2.0,,,,0.15,0.0,0.05,0.2,1.18,1.0,339,210,132,64,140,56,270,93,1.0,0.33,11.02
612,True,True,0.0,0.0,461199,0,0,-1,1,0,3,0.0,0.0,0,Romaine,0.0,548,False,Hamstring injury - Expected back 22 Nov,2025-08-10T23:30:07.214806Z,49,461199.jpg,0.0,False,Mundle,0.0,False,,i,17,56,0,159,5,725,4,0.0,0.0,Mundle,241.0,2024-02-01,2003-04-24,False,p461199,0,0,0,0,0,0,0,0,0,0,0,0,0,0.0,0.0,0.0,0.0,0,0,0,0,0,0.00,0.00,0.00,0.00,694,298,689,298,676,292,695,299,3.0,,3.0,,,,0.0,0.0,0.0,0.0,0.0,0.0,330,205,676,287,697,299,727,319,0.0,0.0,0.0
613,True,True,,,223336,0,0,-2,2,0,3,-0.3,-0.8,0,Dan,0.2,549,False,,,48,223336.jpg,1.0,False,Neil,0.0,False,,a,17,56,2,828,27,2694,45,0.0,0.4,Neil,241.0,2018-11-01,2001-12-13,False,p223336,2,0,0,0,0,0,0,0,0,0,0,0,7,2.0,0.0,0.0,0.2,2,0,0,2,0,0.00,0.00,0.00,0.20,419,197,672,287,655,279,426,201,,,,,,,0.0,0.0,0.0,0.0,9.0,0.0,367,229,364,165,383,179,622,253,0.0,0.0,90.0
614,True,True,,,215460,0,0,-2,2,0,3,-0.5,-1.0,0,Ian,0.0,550,False,,,48,215460.jpg,0.0,False,Poveda-Ocampo,0.0,False,,a,17,56,0,379,13,1783,23,0.0,0.0,Poveda,48.0,2024-07-24,2000-02-09,False,p215460,0,0,0,0,0,0,0,0,0,0,0,0,0,0.0,0.0,0.0,0.0,0,0,0,0,0,0.00,0.00,0.00,0.00,676,287,670,286,653,278,677,288,,,,,,,0.0,0.0,0.0,0.0,0.0,0.0,365,228,653,272,680,288,646,268,0.0,0.0,0.0
615,True,True,,,554197,0,0,-2,2,0,3,0.7,0.2,1,Chris,1.2,551,False,,,48,554197.jpg,1.3,False,Rigg,0.1,False,,a,17,56,8,2746,104,5050,116,0.3,1.7,Rigg,241.0,2022-12-31,2007-06-18,False,p554197,186,0,0,1,0,0,0,0,0,0,0,0,23,9.0,25.6,7.0,4.3,2,6,4,12,3,0.12,0.06,0.18,1.29,385,178,256,151,320,169,363,174,,,,,,,0.06,0.0,0.03,0.09,0.62,0.0,377,237,239,116,336,159,573,214,1.45,0.48,5.81
616,True,True,100.0,100.0,577669,0,0,0,0,0,3,1.5,1.0,2,Noah,2.0,552,False,,2025-10-14T21:30:07.514008Z,50,577669.jpg,2.1,False,Sadiki,0.1,False,,a,17,56,19,3760,247,4591,91,0.4,3.8,Sadiki,50.0,2025-07-04,2004-12-17,False,p577669,803,0,0,4,7,0,0,0,3,0,0,0,107,82.2,85.9,17.0,18.6,26,25,13,64,9,0.08,0.35,0.43,9.91,202,85,104,76,277,152,205,104,,,,,,,0.01,0.0,0.04,0.05,1.11,0.78,288,180,182,87,255,115,568,211,1.01,0.45,7.17
617,True,True,,,549912,0,0,0,0,0,3,3.5,3.0,8,Chemsdine,4.0,553,False,,,50,549912.jpg,3.6,False,Talbi,0.2,False,,a,17,56,32,39874,2339,39918,351,0.8,6.4,Talbi,145.0,2025-07-09,2005-05-09,False,p549912,553,1,2,4,2,0,0,0,0,0,0,2,93,82.2,89.3,78.0,24.9,8,19,5,32,6,1.02,0.29,1.30,6.94,201,84,99,72,95,57,137,72,,,,,,,0.17,0.0,0.05,0.22,1.13,0.33,284,177,67,28,109,41,338,114,0.98,0.65,5.21
618,True,True,,,477851,0,0,-1,1,0,3,-0.5,-1.0,0,Abdoullah,0.0,554,False,,,44,477851.jpg,0.0,False,Ba,0.2,False,,a,17,56,0,12987,110,22980,437,0.0,0.0,Ba,73.0,2022-08-31,2003-07-31,False,p477851,0,0,0,0,0,0,0,0,0,0,0,0,0,0.0,0.0,0.0,0.0,0,0,0,0,0,0.00,0.00,0.00,0.00,571,211,561,211,536,201,572,212,,,,,,,0.0,0.0,0.0,0.0,0.0,0.0,532,303,545,194,581,216,372,125,0.0,0.0,0.0
619,True,False,0.0,0.0,171422,0,0,0,0,0,3,0.0,0.0,0,Alan,0.0,555,False,has joined Middlesbrough on loan for the rest of the season.,2025-09-02T13:31:41.354124Z,45,171422.jpg,0.0,False,Browne,0.0,False,,u,17,56,0,1291,0,8679,74,0.0,0.0,Browne,104.0,2024-07-11,1995-04-15,False,p171422,0,0,0,0,0,0,0,0,0,0,0,0,0,0.0,0.0,0.0,0.0,0,0,0,0,0,0.00,0.00,0.00,0.00,608,236,599,236,577,226,609,237,,,,,,,0.0,0.0,0.0,0.0,0.0,0.0,400,244,584,220,618,241,596,234,0.0,0.0,0.0
620,True,False,0.0,0.0,458297,0,0,0,0,0,3,0.0,0.0,0,Pierre,0.0,556,False,Has joined AS Saint-Etienne permanently.,2025-08-14T14:03:00.702056Z,45,458297.jpg,0.0,False,Ekwah Elimby,0.0,False,,u,17,56,0,0,0,1616,5,0.0,0.0,Ekwah,73.0,2023-01-23,2002-01-15,False,p458297,0,0,0,0,0,0,0,0,0,0,0,0,0,0.0,0.0,0.0,0.0,0,0,0,0,0,0.00,0.00,0.00,0.00,620,243,613,243,594,234,621,244,,,,,,,0.0,0.0,0.0,0.0,0.0,0.0,427,252,596,228,629,248,711,310,0.0,0.0,0.0
621,True,True,,,547410,0,0,-1,1,0,3,-0.5,-1.0,0,Harrison,0.0,557,False,,,44,547410.jpg,0.0,False,Jones,0.1,False,,a,17,56,0,3511,69,5515,104,0.0,0.0,H.Jones,241.0,2024-01-01,2004-12-25,False,p547410,0,0,0,0,0,0,0,0,0,0,0,0,0,0.0,0.0,0.0,0.0,0,0,0,0,0,0.00,0.00,0.00,0.00,588,222,579,222,556,212,589,223,,,,,,,0.0,0.0,0.0,0.0,0.0,0.0,560,316,563,205,598,227,548,202,0.0,0.0,0.0
622,True,True,,,493837,0,0,-1,1,0,3,-0.5,-1.0,0,Jay,0.0,558,False,,,44,493837.jpg,0.0,False,Matete,0.2,False,,a,17,56,0,17119,282,23339,490,0.0,0.0,Matete,241.0,2022-01-31,2001-02-11,False,p493837,0,0,0,0,0,0,0,0,0,0,0,0,0,0.0,0.0,0.0,0.0,0,0,0,0,0,0.00,0.00,0.00,0.00,574,213,564,213,540,203,575,214,,,,,,,0.0,0.0,0.0,0.0,0.0,0.0,541,307,548,196,584,218,340,116,0.0,0.0,0.0
623,True,False,0.0,0.0,500696,0,0,-1,1,0,3,0.0,0.0,0,Nectarios,0.0,559,False,has joined Minnesota United permanently.,2025-09-22T21:19:57.157510Z,44,500696.jpg,0.0,False,Triantis,0.0,False,,u,17,56,0,2951,0,6955,99,0.0,0.0,Triantis,13.0,2023-07-01,2003-05-11,False,p500696,0,0,0,0,0,0,0,0,0,0,0,0,0,0.0,0.0,0.0,0.0,0,0,0,0,0,0.00,0.00,0.00,0.00,578,216,568,216,544,206,579,217,,,,,,,0.0,0.0,0.0,0.0,0.0,0.0,546,310,552,199,588,221,584,223,0.0,0.0,0.0
624,True,True,,,437505,0,0,1,-1,1,4,2.5,2.0,7,Wilson,3.0,560,False,,,56,437505.jpg,4.1,False,Isidor,3.2,False,,a,17,56,37,599854,35079,270677,6867,0.5,6.6,Isidor,73.0,2025-02-01,2000-08-27,False,p437505,526,4,0,3,6,0,0,0,0,0,0,7,132,136.6,8.2,189.0,33.3,5,6,5,16,6,2.07,0.03,2.10,7.38,107,11,345,40,20,9,87,14,,,,,3.0,,0.35,0.0,0.01,0.36,1.26,1.03,131,33,124,12,77,9,101,17,1.03,0.51,2.74
625,True,True,,,564406,0,0,0,0,0,4,0.0,-0.5,0,Eliezer,0.5,561,False,,,55,564406.jpg,2.5,False,Mayenda Dossou,0.8,False,,a,17,56,15,249517,466,259267,3057,0.1,2.7,Mayenda,200.0,2023-07-28,2005-05-08,False,p564406,257,1,0,2,1,0,0,0,0,0,0,2,53,48.2,24.6,52.0,12.3,2,4,1,7,3,0.47,0.06,0.53,2.81,275,25,262,24,159,32,272,28,,,,,1.0,,0.16,0.0,0.02,0.18,0.98,0.35,157,39,339,40,211,22,198,31,1.05,0.7,2.45
626,True,True,,,611975,-1,1,-2,2,0,4,-0.5,-1.0,0,Ahmed,0.0,562,False,,,43,611975.jpg,0.0,False,Abdullahi,0.4,False,,a,17,56,0,22163,1132,48354,864,0.0,0.0,Abdullahi,157.0,2024-08-31,2004-06-19,False,p611975,0,0,0,0,0,0,0,0,0,0,0,0,0,0.0,0.0,0.0,0.0,0,0,0,0,0,0.00,0.00,0.00,0.00,554,53,542,52,514,52,555,53,,,,,,,0.0,0.0,0.0,0.0,0.0,0.0,606,81,520,49,563,55,277,44,0.0,0.0,0.0
627,True,False,0.0,0.0,551153,0,0,-1,1,0,4,0.0,0.0,0,Luís Hemir,0.0,563,False,has joined Moreirense on loan for the rest of the season.,2025-09-22T21:17:57.534387Z,44,551153.jpg,0.0,False,Silva Semedo,0.1,False,,u,17,56,0,5979,0,17131,193,0.0,0.0,Luís Hemir,173.0,2023-07-01,2003-08-11,False,p551153,0,0,0,0,0,0,0,0,0,0,0,0,0,0.0,0.0,0.0,0.0,0,0,0,0,0,0.00,0.00,0.00,0.00,590,61,581,60,558,60,591,61,,,,,,,0.0,0.0,0.0,0.0,0.0,0.0,563,74,565,57,600,63,454,63,0.0,0.0,0.0
628,True,False,0.0,0.0,440955,0,0,-1,1,0,4,0.0,0.0,0,Nazarii,0.0,564,False,has joined Arka on loan for the rest of the season.,2025-09-05T08:56:38.449926Z,44,440955.jpg,0.0,False,Rusyn,0.1,False,,u,17,56,0,3530,0,17550,137,0.0,0.0,Rusyn,225.0,2023-09-01,1998-10-25,False,p440955,0,0,0,0,0,0,0,0,0,0,0,0,0,0.0,0.0,0.0,0.0,0,0,0,0,0,0.00,0.00,0.00,0.00,566,55,555,54,529,54,567,55,,,,,,,0.0,0.0,0.0,0.0,0.0,0.0,523,68,538,51,576,57,459,64,0.0,0.0,0.0
629,True,True,,,84450,0,0,1,-1,0,3,4.3,3.8,2,Granit,4.8,668,False,,,51,84450.jpg,4.3,False,Xhaka,4.8,False,,a,17,56,39,477691,24409,247757,8640,0.9,7.6,Xhaka,207.0,2025-07-30,1992-09-27,False,p84450,810,0,3,4,7,0,0,0,3,0,0,1,171,220.4,176.8,30.0,42.6,50,43,17,110,9,0.32,0.80,1.12,10.49,27,10,32,27,230,132,39,27,1.0,,1.0,,,,0.04,0.0,0.09,0.13,1.17,0.78,234,147,46,19,61,25,76,23,1.0,0.44,12.22
630,True,True,,,498016,0,0,1,-1,2,1,5.3,4.8,4,Robin,5.8,670,True,,,46,498016.jpg,5.8,False,Roefs,6.1,False,,a,17,56,52,765170,43386,153101,3289,1.3,11.3,Roefs,152.0,2025-08-01,2003-01-17,False,p498016,810,0,0,4,7,0,1,0,1,0,33,6,197,275.2,20.0,0.0,29.4,9,89,0,0,9,0.00,0.01,0.01,10.49,6,2,285,1,645,68,107,1,,,,,,,0.0,3.67,0.0,0.0,1.17,0.78,388,19,20,1,13,1,62,12,1.0,0.44,0.0
631,True,True,100.0,100.0,105717,0,0,-1,1,0,2,-0.5,-1.0,0,Arthur,0.0,678,False,,2025-08-11T13:51:46.232630Z,39,105717.jpg,0.3,False,Masuaku,0.8,False,,a,17,56,1,42859,1465,40030,1321,0.0,0.3,Masuaku,50.0,2025-08-10,1993-11-07,False,p105717,125,0,0,0,2,0,0,0,1,0,0,0,4,21.8,20.1,7.0,4.9,6,3,4,10,2,0.07,0.08,0.15,2.09,350,129,284,95,316,106,354,120,,,,,,,0.05,0.0,0.06,0.11,1.5,1.44,702,208,394,139,439,152,196,75,1.44,0.0,7.2
632,True,True,50.0,0.0,201895,0,0,1,-1,1,2,2.6,0.0,0,Omar,5.8,683,False,Head injury - 50% chance of playing,2025-10-23T13:30:08.702646Z,41,201895.jpg,5.6,False,Alderete,6.2,False,,d,17,56,45,881927,1191,286495,38807,1.4,11.0,Alderete,168.0,2025-08-12,1996-12-26,False,p201895,667,1,1,3,6,0,0,0,1,0,0,4,143,228.4,38.6,77.0,34.4,60,24,12,72,7,0.58,0.35,0.93,9.26,17,8,219,62,97,15,80,22,,,,,,,0.08,0.0,0.05,0.13,1.25,0.81,611,159,19,7,17,10,60,18,0.94,0.4,9.72
633,True,True,,,200834,0,0,1,-1,2,2,6.5,6.0,2,Nordi,7.0,694,False,,,41,200834.jpg,6.6,False,Mukiele,4.4,False,,a,17,56,46,562369,66934,78693,4065,1.7,11.2,Mukiele,73.0,2025-08-17,1997-11-01,False,p200834,630,1,0,3,5,0,0,0,0,0,0,5,159,198.2,47.8,44.0,29.0,60,26,21,81,7,0.38,0.31,0.69,8.93,47,21,186,46,179,41,113,36,,,,,,,0.05,0.0,0.04,0.09,1.28,0.71,610,158,7,2,5,3,81,29,1.0,0.43,11.57
634,True,True,,,247955,0,0,0,0,0,2,0.7,0.2,2,Lutsharel,1.2,724,False,,,45,247955.jpg,1.2,False,Geertruida,0.0,False,,a,17,56,7,2337,181,1261,66,0.3,1.6,Geertruida,152.0,2025-09-01,2000-07-18,False,p247955,161,0,0,0,1,0,0,0,0,0,0,0,32,34.0,4.7,21.0,6.0,8,9,3,11,1,0.30,0.23,0.53,3.63,315,119,360,125,263,78,340,113,,,,,,,0.17,0.0,0.13,0.3,2.03,0.56,416,86,236,79,348,122,655,224,0.56,0.0,6.15
635,True,True,,,441264,0,0,0,0,0,4,1.0,0.5,4,Brian,1.5,730,False,,,55,441264.jpg,1.8,False,Brobbey,0.1,False,,a,17,56,7,12227,591,7647,266,0.3,1.3,Brobbey,152.0,2025-09-01,2002-02-01,False,p441264,72,0,1,0,0,0,0,0,0,0,0,0,22,26.6,10.6,6.0,4.4,3,5,1,9,0,0.00,0.04,0.04,1.57,335,31,331,39,337,45,361,40,,,,,,,0.0,0.0,0.05,0.05,1.96,0.0,148,35,225,25,290,29,551,72,0.0,0.0,11.25
636,True,True,,,110504,0,0,0,0,0,3,1.7,1.2,5,Bertrand,2.2,735,False,,,55,110504.jpg,2.2,False,Traoré,0.0,False,,a,17,56,9,3730,623,1644,106,0.4,1.6,Traoré,35.0,2025-09-01,1995-09-06,False,p110504,214,0,1,1,3,0,0,0,1,0,0,0,45,30.2,43.9,56.0,13.1,6,6,2,14,3,0.33,0.12,0.45,3.52,320,143,203,131,148,87,257,129,,,,,,,0.14,0.0,0.05,0.19,1.48,1.26,137,87,162,79,243,107,620,251,1.26,0.42,5.89
637,True,True,,,184254,0,0,1,-1,0,1,2.5,3.0,6,Guglielmo,3.0,565,False,,,51,184254.jpg,4.7,False,Vicario,10.7,False,,a,18,6,42,1179074,3950,610123,26100,0.6,8.2,Vicario,106.0,2023-07-01,1996-10-07,False,p184254,810,0,0,4,7,0,0,0,0,0,26,5,190,216.8,0.1,0.0,21.7,9,78,0,0,9,0.00,0.01,0.01,10.68,33,7,410,11,704,80,172,7,,,,,,,0.0,2.89,0.0,0.0,1.19,0.78,236,7,120,10,45,5,38,5,1.0,0.44,0.0
638,True,True,,,214572,0,0,-1,1,0,1,-0.5,0.0,0,Brandon,0.0,566,False,,,39,214572.jpg,0.0,False,Austin,0.3,False,,a,18,6,0,12941,878,13031,355,0.0,0.0,Austin,241.0,2017-07-22,1999-01-08,False,p214572,0,0,0,0,0,0,0,0,0,0,0,0,0,0.0,0.0,0.0,0.0,0,0,0,0,0,0.00,0.00,0.00,0.00,435,31,417,15,383,3,435,31,,,,,,,0.0,0.0,0.0,0.0,0.0,0.0,707,82,397,26,444,31,301,43,0.0,0.0,0.0
639,True,True,,,485055,0,0,-1,1,0,1,-0.5,0.0,0,Antonín,0.0,567,False,,,39,485055.jpg,0.0,False,Kinský,2.0,False,,a,18,6,0,93337,4324,101914,2097,0.0,0.0,Kinsky,57.0,2025-01-05,2003-03-13,False,p485055,0,0,0,0,0,0,0,0,0,0,0,0,0,0.0,0.0,0.0,0.0,0,0,0,0,0,0.00,0.00,0.00,0.00,446,33,428,17,395,5,446,33,,,,,,,0.0,0.0,0.0,0.0,0.0,0.0,719,84,408,28,455,33,130,18,0.0,0.0,0.0
640,True,True,,,441164,0,0,1,-1,1,2,4.5,5.0,11,Pedro,5.0,568,False,,,56,441164.jpg,4.7,False,Porro Sauceda,19.5,False,,a,18,6,42,1137708,9595,1429580,31411,0.9,7.5,Pedro Porro,200.0,2023-07-01,1999-09-13,False,p441164,725,0,2,4,6,0,0,0,1,0,0,2,172,168.8,198.8,25.0,39.5,42,33,15,57,8,0.11,1.20,1.31,9.65,74,34,26,4,245,71,54,11,1.0,,2.0,,,,0.01,0.0,0.15,0.16,1.2,0.74,132,13,38,15,47,22,18,8,0.99,0.5,7.08
641,True,True,0.0,0.0,221632,0,0,1,-1,1,2,0.0,0.0,0,Cristian,0.8,569,False,Muscle injury - Unknown return date,2025-10-20T00:30:09.989300Z,51,221632.jpg,4.6,False,Romero,5.0,False,,i,18,6,32,668120,78,608741,68838,0.2,6.3,Romero,10.0,2022-08-30,1998-04-27,False,p221632,630,0,1,3,5,0,0,0,3,0,0,3,132,150.8,29.2,50.0,22.9,40,25,15,55,7,0.10,0.25,0.35,8.83,91,42,248,77,163,36,154,52,,,,,,,0.01,0.0,0.04,0.05,1.26,0.71,238,35,300,102,51,23,73,25,1.0,0.43,7.86
642,True,True,,,135720,0,0,-2,2,0,2,2.0,2.5,9,Kevin,2.5,570,False,,,43,135720.jpg,2.4,False,Danso,0.1,False,,a,18,6,12,10509,320,19858,242,0.6,2.8,Danso,14.0,2025-07-01,1998-09-19,False,p135720,196,0,0,1,2,0,0,0,1,0,0,1,53,57.8,3.0,0.0,6.1,32,6,1,33,2,0.00,0.02,0.02,2.09,250,97,371,132,502,210,337,112,,,,,,,0.0,0.0,0.01,0.01,0.96,0.92,586,144,138,47,218,84,398,148,0.92,0.46,15.15
643,True,True,0.0,0.0,115556,0,0,-2,2,0,2,0.0,0.0,0,Ben,0.0,571,False,Hamstring injury - Unknown return date,2025-10-14T13:00:06.756853Z,43,115556.jpg,0.0,False,Davies,0.1,False,,i,18,6,0,2311,8,8157,231,0.0,0.0,Davies,244.0,2014-07-23,1993-04-24,False,p115556,0,0,0,0,0,0,0,0,0,0,0,0,0,0.0,0.0,0.0,0.0,0,0,0,0,0,0.00,0.00,0.00,0.00,545,217,532,218,501,209,546,217,,,,,,,0.0,0.0,0.0,0.0,0.0,0.0,585,143,510,208,553,218,512,188,0.0,0.0,0.0
644,True,True,0.0,0.0,493125,0,0,0,0,0,2,0.0,0.0,0,Radu,0.0,572,False,Knee injury - Unknown return date,2025-07-21T10:00:05.088977Z,45,493125.jpg,0.0,False,Drăgușin,0.0,False,,i,18,6,0,348,7,508,10,0.0,0.0,Dragusin,177.0,2024-01-11,2002-02-03,False,p493125,0,0,0,0,0,0,0,0,0,0,0,0,0,0.0,0.0,0.0,0.0,0,0,0,0,0,0.00,0.00,0.00,0.00,628,232,621,233,602,231,629,232,,,,,,,0.0,0.0,0.0,0.0,0.0,0.0,437,93,604,228,637,234,720,242,0.0,0.0,0.0
645,True,True,,,232859,0,0,0,0,0,2,1.7,2.2,6,Djed,2.2,573,False,,,45,232859.jpg,3.5,False,Spence,1.8,False,,a,18,6,28,245680,975,200077,4874,0.5,6.2,Spence,241.0,2022-07-19,2000-08-09,False,p232859,578,0,0,4,4,0,0,0,2,0,0,0,91,68.6,52.3,28.0,14.8,21,20,6,27,7,0.18,0.19,0.37,7.40,224,88,173,42,237,65,231,78,,,,,,,0.03,0.0,0.03,0.06,1.15,0.62,412,83,154,53,116,48,139,54,1.09,0.62,4.2
646,True,True,0.0,0.0,487053,0,0,-1,1,0,2,0.0,0.0,0,Destiny,1.0,574,False,Knee injury - Unknown return date,2025-10-20T00:30:10.028354Z,44,487053.jpg,1.4,False,Udogie,0.5,False,,i,18,6,7,40297,15,81563,3945,0.2,1.6,Udogie,106.0,2022-08-16,2002-11-28,False,p487053,301,0,0,0,4,0,0,0,0,0,0,0,37,50.0,46.5,40.0,13.7,9,20,5,14,3,0.02,0.24,0.26,4.18,270,103,189,48,199,49,246,84,,,,,,,0.01,0.0,0.07,0.08,1.25,1.2,534,134,264,88,326,113,246,92,0.9,0.0,4.19
647,True,True,,,491279,0,0,2,-2,2,2,6.3,6.8,23,Micky,6.8,575,True,,,47,491279.jpg,6.1,False,van de Ven,31.3,False,,a,18,6,55,1874531,73680,1247718,37253,1.4,11.7,Van de Ven,152.0,2023-08-08,2001-04-19,False,p491279,799,3,0,4,7,0,0,0,2,0,0,5,198,231.2,32.5,120.0,38.4,45,34,8,53,9,1.86,0.24,2.10,10.68,14,6,233,69,55,6,62,14,,,,,,,0.21,0.0,0.03,0.24,1.2,0.79,383,66,10,3,7,5,8,3,1.01,0.45,5.97
648,True,False,0.0,0.0,548308,0,0,0,0,0,2,0.0,0.0,0,Ashley,0.0,576,False,Has joined Stoke City on loan for the rest of the season.,2025-07-25T14:55:41.438809Z,40,548308.jpg,0.0,False,Phillips,0.0,False,,u,18,6,0,0,0,1741,16,0.0,0.0,Phillips,241.0,2023-08-05,2005-06-26,False,p548308,0,0,0,0,0,0,0,0,0,0,0,0,0,0.0,0.0,0.0,0.0,0,0,0,0,0,0.00,0.00,0.00,0.00,523,202,508,202,477,194,524,202,,,,,,,0.0,0.0,0.0,0.0,0.0,0.0,680,192,488,193,533,205,678,231,0.0,0.0,0.0
649,True,True,0.0,0.0,553299,0,0,0,0,0,2,0.0,0.0,0,Takai,0.0,577,False,Foot injury - Unknown return date,2025-08-10T23:30:07.262578Z,40,553299.jpg,0.0,False,Kōta,0.1,False,,i,18,6,0,565,14,7154,90,0.0,0.0,Takai,108.0,2025-07-08,2004-09-04,False,p553299,0,0,0,0,0,0,0,0,0,0,0,0,0,0.0,0.0,0.0,0.0,0,0,0,0,0,0.00,0.00,0.00,0.00,526,203,511,203,480,195,527,203,,,,,,,0.0,0.0,0.0,0.0,0.0,0.0,683,193,491,194,536,206,558,201,0.0,0.0,0.0
650,True,False,0.0,0.0,610799,0,0,-1,1,0,2,0.0,0.0,0,Luka,0.0,578,False,has joined Hamburger SV on loan for the rest of the season.,2025-09-02T13:17:42.706711Z,39,610799.jpg,0.0,False,Vušković,0.4,False,,u,18,6,0,7334,0,79069,651,0.0,0.0,Vuskovic,97.0,2025-06-01,2007-02-24,False,p610799,0,0,0,0,0,0,0,0,0,0,0,0,0,0.0,0.0,0.0,0.0,0,0,0,0,0,0.00,0.00,0.00,0.00,468,181,450,180,418,171,468,180,,,,,,,0.0,0.0,0.0,0.0,0.0,0.0,744,244,431,170,477,183,256,97,0.0,0.0,0.0
651,True,False,0.0,0.0,85971,0,0,0,0,0,3,0.0,0.0,0,Son,0.0,579,False,Has joined Los Angeles FC permanently.,2025-08-11T01:22:33.649224Z,85,85971.jpg,0.0,False,Heung-min,0.1,False,,u,18,6,0,0,0,24624,59,0.0,0.0,Son,114.0,2015-08-28,1992-07-08,False,p85971,0,0,0,0,0,0,0,0,0,0,0,0,0,0.0,0.0,0.0,0.0,0,0,0,0,0,0.00,0.00,0.00,0.00,746,332,746,332,746,332,746,332,,,,,,,0.0,0.0,0.0,0.0,0.0,0.0,9,5,745,331,746,332,418,140,0.0,0.0,0.0
652,True,True,,,242898,-1,1,-3,3,0,3,1.0,1.5,3,Brennan,1.5,580,False,,,67,242898.jpg,2.9,False,Johnson,3.5,False,,a,18,6,26,1074993,277,1122218,11352,0.2,3.9,Johnson,244.0,2023-09-01,2001-05-23,False,p242898,360,2,0,3,1,0,0,0,1,0,0,2,88,103.4,51.9,62.0,21.8,12,7,8,27,4,0.96,0.16,1.12,5.97,159,60,175,119,134,83,168,87,,,,,,,0.24,0.0,0.04,0.28,1.49,0.25,48,32,228,110,184,78,97,31,1.0,0.75,6.75
653,True,True,0.0,0.0,172780,0,0,-1,1,0,3,0.0,0.0,0,James,0.0,581,False,Anterior cruciate ligament - Unknown return date,2025-08-08T13:57:59.638052Z,69,172780.jpg,0.0,False,Maddison,0.1,False,,i,18,6,0,784,26,21814,88,0.0,0.0,Maddison,241.0,2023-06-28,1996-11-23,False,p172780,0,0,0,0,0,0,0,0,0,0,0,0,0,0.0,0.0,0.0,0.0,0,0,0,0,0,0.00,0.00,0.00,0.00,742,329,742,329,742,329,742,329,4.0,,1.0,,,,0.0,0.0,0.0,0.0,0.0,0.0,39,24,738,327,742,329,424,143,0.0,0.0,0.0
654,True,True,,,460842,0,0,3,-3,2,3,4.3,4.8,3,Mohammed,4.8,582,False,,,68,460842.jpg,4.9,False,Kudus,33.8,False,,a,18,6,44,2834377,19407,1778401,96569,0.7,6.5,Kudus,81.0,2025-07-10,2000-08-02,False,p460842,785,1,5,4,7,0,0,0,2,0,0,4,132,200.0,260.8,163.0,62.3,1,41,17,59,9,1.38,1.27,2.65,10.21,44,14,8,8,30,15,9,7,2.0,,,,,,0.16,0.0,0.15,0.31,1.17,0.8,47,31,50,22,36,12,6,2,1.03,0.46,6.76
655,True,True,0.0,0.0,445044,0,0,-1,1,0,3,0.0,0.0,0,Dejan,0.0,583,False,Knee injury - Unknown return date,2025-07-21T10:00:05.109205Z,64,445044.jpg,0.0,False,Kulusevski,0.0,False,,i,18,6,0,425,9,1476,18,0.0,0.0,Kulusevski,206.0,2023-07-01,2000-04-25,False,p445044,0,0,0,0,0,0,0,0,0,0,0,0,0,0.0,0.0,0.0,0.0,0,0,0,0,0,0.00,0.00,0.00,0.00,739,328,739,328,739,328,739,328,,,,,,,0.0,0.0,0.0,0.0,0.0,0.0,67,44,735,326,739,328,687,295,0.0,0.0,0.0
656,True,True,,,511499,0,0,-2,2,0,3,2.5,3.0,1,Mathys,3.0,584,False,,,63,511499.jpg,2.4,False,Tel,0.1,False,,a,18,6,17,13290,225,17208,728,0.5,2.7,Tel,73.0,2025-07-01,2005-04-27,False,p511499,235,1,0,1,2,0,0,0,0,0,0,2,44,43.8,9.8,38.0,9.2,2,10,5,17,3,0.19,0.05,0.24,2.13,286,127,341,177,207,117,303,150,5.0,,4.0,,4.0,,0.07,0.0,0.02,0.09,0.82,0.77,78,54,127,60,223,96,414,137,1.15,0.38,6.51
657,True,True,,,202993,0,0,-2,2,1,3,6.0,6.5,8,Rodrigo,6.5,585,False,,,53,202993.jpg,4.2,False,Bentancur,0.2,False,,a,18,6,34,17321,3175,16150,502,1.2,6.4,Bentancur,230.0,2022-01-31,1997-06-25,False,p202993,585,1,1,2,7,0,0,0,0,0,0,3,138,135.2,74.2,55.0,26.5,25,39,14,78,7,0.34,0.39,0.73,8.48,111,37,121,86,151,89,125,65,,,,,,,0.05,0.0,0.06,0.11,1.3,1.08,203,129,11,5,67,27,347,119,1.08,0.31,12.0
658,True,True,,,570526,0,0,-1,1,1,3,0.3,0.8,1,Lucas,0.8,586,False,,,54,570526.jpg,2.9,False,Bergvall,0.4,False,,a,18,6,23,95744,311,70436,3069,0.1,4.3,Bergvall,206.0,2024-07-01,2006-02-02,False,p570526,403,1,1,2,3,0,0,0,1,0,0,0,79,92.2,41.6,93.0,22.8,10,17,13,40,4,0.59,0.23,0.82,4.88,183,77,210,133,78,44,157,81,,,,,,,0.13,0.0,0.05,0.18,1.09,0.67,194,122,304,147,182,76,253,85,0.89,0.45,8.93
659,True,True,0.0,0.0,227127,0,0,-3,3,0,3,0.0,0.0,0,Yves,0.0,587,False,Ankle injury - Unknown return date,2025-08-22T13:47:04.343594Z,52,227127.jpg,0.0,False,Bissouma,0.0,False,,i,18,6,0,1040,5,12945,56,0.0,0.0,Bissouma,132.0,2022-06-17,1996-08-30,False,p227127,0,0,0,0,0,0,0,0,0,0,0,0,0,0.0,0.0,0.0,0.0,0,0,0,0,0,0.00,0.00,0.00,0.00,714,312,714,313,707,310,715,313,,,,,,,0.0,0.0,0.0,0.0,0.0,0.0,222,138,698,302,717,313,587,226,0.0,0.0,0.0
660,True,True,100.0,75.0,550839,0,0,-2,2,0,3,0.7,0.9,0,Wilson,1.2,588,False,,2025-10-23T14:00:09.078476Z,53,550839.jpg,1.4,False,Odobert,0.0,False,,a,18,6,11,1938,13,3865,131,0.2,2.1,Odobert,73.0,2024-08-16,2004-11-28,False,p550839,314,0,0,0,5,0,0,0,0,0,0,0,36,29.6,57.3,86.0,17.3,3,14,3,20,3,0.67,0.43,1.10,3.08,324,147,159,107,88,53,214,110,,,,,,,0.19,0.0,0.12,0.31,0.88,1.43,213,133,247,123,330,156,614,246,0.86,0.0,5.73
661,True,False,0.0,0.0,235674,0,0,-1,1,0,3,0.0,0.0,0,Manor,0.0,589,False,has joined Villarreal CF on loan for the rest of the season.,2025-09-02T13:17:42.731308Z,54,235674.jpg,0.0,False,Solomon,0.0,False,,u,18,6,0,115,0,1408,6,0.0,0.0,Solomon,105.0,2023-07-11,1999-07-24,False,p235674,0,0,0,0,0,0,0,0,0,0,0,0,0,0.0,0.0,0.0,0.0,0,0,0,0,0,0.00,0.00,0.00,0.00,721,315,721,316,717,315,722,316,,,,,,,0.0,0.0,0.0,0.0,0.0,0.0,174,106,710,309,723,316,708,308,0.0,0.0,0.0
662,True,False,0.0,0.0,436234,0,0,-1,1,0,3,0.0,0.0,0,Bryan,0.0,590,False,has joined Girona permanently.,2025-09-22T09:26:56.310666Z,49,436234.jpg,0.0,False,Gil Salvatierra,0.0,False,,u,18,6,0,675,0,3968,37,0.0,0.0,Bryan,200.0,2021-07-26,2001-02-11,False,p436234,0,0,0,0,0,0,0,0,0,0,0,0,0,0.0,0.0,0.0,0.0,0,0,0,0,0,0.00,0.00,0.00,0.00,690,295,685,295,671,289,691,296,,,,,,,0.0,0.0,0.0,0.0,0.0,0.0,324,202,672,284,693,296,616,248,0.0,0.0,0.0
663,True,True,,,547701,0,0,-2,2,0,3,-0.5,0.0,0,Archie,0.0,591,False,,,48,547701.jpg,2.0,False,Gray,0.1,False,,a,18,6,4,5112,96,12202,220,0.0,0.8,Gray,241.0,2024-07-02,2006-03-12,False,p547701,71,0,0,1,0,0,0,0,0,0,0,0,17,6.0,13.2,2.0,2.2,2,5,1,8,1,0.00,0.05,0.05,0.89,399,185,317,171,365,189,392,184,,,,,,,0.0,0.0,0.06,0.06,1.13,0.0,376,236,659,275,263,117,456,153,1.27,1.27,10.14
664,True,False,0.0,0.0,499721,0,0,0,0,0,3,0.0,0.0,0,Mikey,0.0,592,False,Has joined Rangers on loan for the rest of the season.,2025-08-11T01:19:38.328172Z,50,499721.jpg,0.0,False,Moore,0.0,False,,u,18,6,0,0,0,640,4,0.0,0.0,Moore,241.0,2024-05-01,2007-08-11,False,p499721,0,0,0,0,0,0,0,0,0,0,0,0,0,0.0,0.0,0.0,0.0,0,0,0,0,0,0.00,0.00,0.00,0.00,709,309,707,309,698,305,710,310,,,,,,,0.0,0.0,0.0,0.0,0.0,0.0,278,172,693,299,712,310,729,320,0.0,0.0,0.0
665,True,True,100.0,100.0,482442,0,0,-1,1,0,3,2.5,3.0,6,Pape Matar,3.0,593,False,,2025-09-24T22:30:08.387253Z,49,482442.jpg,3.9,False,Sarr,1.8,False,,a,18,6,31,282090,1409,389245,7592,0.6,6.3,P.M.Sarr,189.0,2021-08-27,2002-09-14,False,p482442,390,2,2,3,1,0,0,0,0,0,0,0,115,105.2,38.4,70.0,21.4,14,22,6,42,4,0.73,0.29,1.02,5.29,154,57,221,137,112,67,173,89,,,,,,,0.17,0.0,0.07,0.24,1.22,0.23,337,209,118,54,90,35,140,48,0.92,0.69,9.69
666,True,False,0.0,0.0,623095,0,0,0,0,0,3,0.0,0.0,0,Yang,0.0,594,False,Has joined Portsmouth on loan for the rest of the season.,2025-08-11T01:24:33.782871Z,45,623095.jpg,0.0,False,Min-hyeok,0.0,False,,u,18,6,0,0,0,2568,14,0.0,0.0,Min-hyeok,114.0,2025-01-01,2006-04-16,False,p623095,0,0,0,0,0,0,0,0,0,0,0,0,0,0.0,0.0,0.0,0.0,0,0,0,0,0,0.00,0.00,0.00,0.00,666,281,659,281,640,272,667,282,,,,,,,0.0,0.0,0.0,0.0,0.0,0.0,485,293,642,266,673,284,680,290,0.0,0.0,0.0
667,True,True,,,499726,0,0,-1,1,0,3,-0.5,0.0,0,Callum,0.0,595,False,,,44,499726.jpg,0.0,False,Olusesi,0.2,False,,a,18,6,0,13159,99,17968,353,0.0,0.0,Olusesi,241.0,2024-11-06,2007-03-11,False,p499726,0,0,0,0,0,0,0,0,0,0,0,0,0,0.0,0.0,0.0,0.0,0,0,0,0,0,0.00,0.00,0.00,0.00,576,215,566,215,542,205,577,216,,,,,,,0.0,0.0,0.0,0.0,0.0,0.0,544,309,550,198,586,220,358,122,0.0,0.0,0.0
668,True,True,0.0,0.0,154566,0,0,-3,3,0,4,0.0,0.0,0,Dominic,0.0,596,False,Ankle injury - Unknown return date,2025-09-12T16:30:09.183639Z,72,154566.jpg,1.0,False,Solanke-Mitchell,1.0,False,,i,18,6,2,28523,37,435106,1187,0.0,0.3,Solanke,241.0,2024-08-10,1997-09-14,False,p154566,31,0,0,0,0,0,0,0,0,0,0,0,10,6.0,0.3,25.0,3.1,2,0,1,3,0,0.20,0.00,0.20,0.22,400,41,406,49,247,40,383,43,,,,,2.0,,0.58,0.0,0.0,0.58,0.64,0.0,31,14,741,80,420,52,180,27,0.0,0.0,8.71
669,True,True,,,212319,0,0,1,-1,1,4,1.5,2.0,4,Richarlison,2.0,597,False,,,66,212319.jpg,4.1,False,de Andrade,10.2,False,,a,18,6,37,2434694,5195,1913615,65633,0.3,5.6,Richarlison,30.0,2022-07-01,1997-05-10,False,p212319,511,3,2,2,5,0,0,0,1,0,0,6,151,155.4,60.1,222.0,43.8,19,15,4,38,5,2.05,0.57,2.62,7.23,85,7,153,13,11,5,35,8,,,,,3.0,,0.36,0.0,0.1,0.46,1.27,0.88,51,17,187,17,81,11,40,7,0.88,0.35,6.69
670,True,False,0.0,0.0,552427,0,0,0,0,0,4,0.0,0.0,0,Will,0.0,598,False,Has joined Oxford United on loan for the rest of the season.,2025-08-11T01:18:54.659436Z,45,552427.jpg,0.0,False,Lankshear,0.0,False,,u,18,6,0,0,0,4699,29,0.0,0.0,Lankshear,241.0,2022-12-08,2005-04-20,False,p552427,0,0,0,0,0,0,0,0,0,0,0,0,0,0.0,0.0,0.0,0.0,0,0,0,0,0,0.00,0.00,0.00,0.00,640,65,633,64,614,64,641,65,,,,,,,0.0,0.0,0.0,0.0,0.0,0.0,455,61,616,61,649,67,637,78,0.0,0.0,0.0
671,True,True,,,490145,0,0,-1,1,0,4,-0.5,0.0,0,Dane,0.0,599,False,,,44,490145.jpg,0.0,False,Scarlett,0.6,False,,a,18,6,0,35016,321,70516,1136,0.0,0.0,Scarlett,241.0,2020-08-21,2004-03-24,False,p490145,0,0,0,0,0,0,0,0,0,0,0,0,0,0.0,0.0,0.0,0.0,0,0,0,0,0,0.00,0.00,0.00,0.00,572,56,562,55,538,55,573,56,,,,,,,0.0,0.0,0.0,0.0,0.0,0.0,538,69,546,52,582,58,215,35,0.0,0.0,0.0
672,True,True,,,154296,0,0,0,0,0,3,5.5,6.0,5,João Maria,6.0,673,False,,,55,154296.jpg,4.9,False,Lobo Alves Palhares Costa Palhinha Gonçalves,1.5,False,,a,18,6,44,206173,9027,97548,4283,1.1,8.0,J.Palhinha,173.0,2025-08-03,1995-07-09,False,p154296,693,2,1,3,7,0,0,0,2,0,0,8,171,210.8,43.0,70.0,32.5,24,21,39,84,8,0.61,0.31,0.92,9.43,38,12,206,132,113,68,95,51,,,,,,,0.08,0.0,0.04,0.12,1.22,0.91,139,88,17,7,35,11,147,49,1.04,0.39,10.91
673,True,True,,,493362,0,0,-1,1,0,3,1.5,2.0,3,Xavi,2.0,717,False,,,69,493362.jpg,2.5,False,Simons,2.0,False,,a,18,6,15,652165,1084,462990,20110,0.3,2.2,Xavi,152.0,2025-08-29,2003-04-21,False,p493362,387,0,1,2,4,0,0,0,1,0,0,0,59,55.4,99.7,33.0,18.8,6,20,7,33,5,0.28,0.60,0.88,4.85,255,112,82,59,219,126,202,103,,,,,,,0.07,0.0,0.14,0.21,1.13,0.93,43,27,188,90,214,92,131,47,1.16,0.47,7.67
674,True,True,100.0,100.0,247693,0,0,-1,1,0,4,0.3,0.8,2,Randal,0.8,726,False,,2025-09-24T06:00:06.307596Z,69,247693.jpg,1.5,False,Kolo Muani,0.2,False,,a,18,6,3,40582,1320,35515,670,0.1,0.4,Kolo Muani,73.0,2025-09-01,1998-12-05,False,p247693,72,0,0,1,0,0,0,0,0,0,0,0,7,2.6,10.8,6.0,1.6,1,4,1,6,1,0.13,0.02,0.15,1.20,418,46,330,38,339,46,404,45,,,,,,,0.16,0.0,0.02,0.18,1.5,0.0,40,16,309,35,323,34,370,56,1.25,1.25,7.5
675,True,True,,,640419,0,0,0,0,0,2,-0.5,0.0,0,Jun'ai,0.0,745,False,,,40,640419.jpg,0.0,False,Byfield,0.0,False,,a,18,6,0,252,78,45,23,0.0,0.0,Byfield,241.0,2025-07-25,2008-12-06,False,p640419,0,0,0,0,0,0,0,0,0,0,0,0,0,0.0,0.0,0.0,0.0,0,0,0,0,0,0.00,0.00,0.00,0.00,540,214,525,214,494,206,541,214,,,,,,,0.0,0.0,0.0,0.0,0.0,0.0,697,204,505,205,549,216,719,241,0.0,0.0,0.0
676,True,True,100.0,100.0,223434,0,0,0,0,0,2,-0.3,0.7,0,Igor Julio,0.2,149,False,,2025-08-10T18:00:05.419085Z,45,223434.jpg,1.0,False,dos Santos de Paulo,0.1,False,,a,19,21,1,3607,80,4368,181,0.0,0.2,Igor,30.0,2025-09-01,1998-02-07,False,p223434,1,0,0,0,0,0,0,0,0,0,0,0,3,0.0,0.0,0.0,0.0,0,0,0,0,0,0.00,0.00,0.00,0.00,612,229,604,230,584,228,613,229,,,,,,,0.0,0.0,0.0,0.0,0.0,0.0,409,80,361,130,375,134,529,191,0.0,0.0,0.0
677,True,True,,,84182,0,0,-2,2,0,1,1.7,2.7,2,Alphonse,2.2,600,False,,,43,84182.jpg,2.0,False,Areola,2.2,False,,a,19,21,10,44763,917,299467,2381,0.5,2.3,Areola,73.0,2022-07-01,1993-02-27,False,p84182,450,0,0,0,9,0,0,0,0,0,16,0,55,135.6,0.0,0.0,13.6,6,39,0,0,5,0.00,0.00,0.00,9.61,108,14,530,63,500,51,250,14,,,,,,,0.0,3.2,0.0,0.0,1.92,1.8,583,34,152,11,260,23,123,16,1.0,0.0,0.0
678,True,False,0.0,0.0,82143,0,0,0,0,0,1,0.0,0.0,0,Wes,0.0,601,False,has joined Aris Limassol permanently.,2025-09-11T13:43:36.667461Z,40,82143.jpg,0.0,False,Foderingham,0.3,False,,u,19,21,0,3874,0,31585,491,0.0,0.0,Foderingham,241.0,2024-07-01,1991-01-14,False,p82143,0,0,0,0,0,0,0,0,0,0,0,0,0,0.0,0.0,0.0,0.0,0,0,0,0,0,0.00,0.00,0.00,0.00,474,40,458,26,426,14,474,40,,,,,,,0.0,0.0,0.0,0.0,0.0,0.0,619,45,437,35,483,40,296,41,0.0,0.0,0.0
679,True,True,,,483364,0,0,0,0,0,1,-0.5,0.5,0,Krisztián,0.0,602,False,,,40,483364.jpg,0.0,False,Hegyi,0.2,False,,a,19,21,0,2855,28,8987,146,0.0,0.0,Hegyi,98.0,2022-08-24,2002-09-24,False,p483364,0,0,0,0,0,0,0,0,0,0,0,0,0,0.0,0.0,0.0,0.0,0,0,0,0,0,0.00,0.00,0.00,0.00,510,64,495,50,463,38,511,64,,,,,,,0.0,0.0,0.0,0.0,0.0,0.0,664,69,474,59,520,64,343,52,0.0,0.0,0.0
680,True,True,,,613804,0,0,-1,1,0,2,2.0,3.0,1,El Hadji Malick,2.5,603,False,,,44,613804.jpg,3.1,False,Diouf,3.6,False,,a,19,21,28,183998,815,548949,13002,0.6,6.4,Diouf,189.0,2025-07-15,2004-12-28,False,p613804,765,0,4,1,19,0,0,0,1,0,0,1,64,169.2,125.3,43.0,33.8,46,27,9,55,8,0.22,0.77,0.99,13.58,73,33,62,14,183,44,82,23,,,,,,,0.03,0.0,0.09,0.12,1.6,2.24,575,140,140,49,148,59,93,35,0.94,0.12,6.47
681,True,False,0.0,0.0,109533,0,0,-1,1,0,2,0.0,0.0,0,Emerson,0.0,604,False,has joined Marseille permanently.,2025-09-02T13:30:06.113081Z,44,109533.jpg,0.0,False,Palmieri dos Santos,0.1,False,,u,19,21,0,1719,0,19145,98,0.0,0.0,Emerson,106.0,2022-08-23,1994-08-03,False,p109533,0,0,0,0,0,0,0,0,0,0,0,0,0,0.0,0.0,0.0,0.0,0,0,0,0,0,0.00,0.00,0.00,0.00,556,221,545,222,517,216,557,221,3.0,,3.0,,,,0.0,0.0,0.0,0.0,0.0,0.0,495,108,524,214,565,223,526,190,0.0,0.0,0.0
682,True,True,,,214048,-1,1,-2,2,0,2,1.5,2.5,1,Maximilian,2.0,605,False,,,43,214048.jpg,1.9,False,Kilman,0.2,False,,a,19,21,17,12281,60,25839,468,0.5,4.0,Kilman,241.0,2024-07-05,1997-05-23,False,p214048,810,0,0,1,20,0,0,0,3,0,0,0,43,199.6,31.2,16.0,24.7,74,30,9,83,9,0.39,0.19,0.58,15.05,45,19,239,73,278,83,140,45,,,,,,,0.04,0.0,0.02,0.06,1.67,2.22,588,146,172,60,282,98,368,133,1.0,0.11,9.22
683,True,True,0.0,0.0,233963,0,0,-1,1,0,2,0.0,0.0,0,Konstantinos,1.2,606,False,Muscle injury - Unknown return date,2025-10-23T14:00:09.099071Z,44,233963.jpg,2.8,False,Mavropanos,0.1,False,,i,19,21,17,5584,7,6727,466,0.3,3.9,Mavropanos,83.0,2023-08-22,1997-12-11,False,p233963,495,0,0,1,9,0,0,0,1,0,0,0,54,128.8,2.7,55.0,18.6,57,20,2,59,5,0.42,0.05,0.47,8.33,122,54,373,133,149,31,204,68,,,,,,,0.08,0.0,0.01,0.09,1.51,1.64,518,126,234,77,186,72,540,196,0.91,0.18,10.73
684,True,False,0.0,0.0,210494,0,0,-1,1,0,2,0.0,0.0,0,Nayef,0.0,607,False,has joined Marseille permanently.,2025-09-02T12:20:05.254985Z,44,210494.jpg,1.5,False,Aguerd,0.0,False,,u,19,21,3,1288,0,11522,46,0.0,0.7,N.Aguerd,145.0,2022-06-21,1996-03-30,False,p210494,180,0,0,0,8,0,0,0,0,0,0,0,-1,39.0,3.9,8.0,5.1,14,8,1,15,2,0.10,0.03,0.13,3.42,299,113,367,129,311,104,349,118,,,,,,,0.05,0.0,0.02,0.07,1.71,4.0,509,120,531,219,313,108,574,208,1.0,0.0,7.5
685,True,True,75.0,,536109,0,0,-1,1,0,2,-0.2,0.7,0,Ollie,0.2,608,False,Shoulder injury - 75% chance of playing,2025-10-25T09:30:08.953324Z,44,536109.jpg,0.5,False,Scarles,0.0,False,,d,19,21,1,805,11,2535,112,0.0,0.2,Scarles,241.0,2022-10-01,2005-12-12,False,p536109,69,0,0,0,3,0,0,0,0,0,0,0,-2,8.0,1.2,0.0,0.9,4,1,1,5,2,0.00,0.01,0.01,2.14,391,143,383,138,552,224,412,145,,,,,,,0.0,0.0,0.01,0.01,2.79,3.91,556,139,359,129,437,151,610,214,2.61,0.0,6.52
686,True,True,,,462116,0,0,-2,2,0,2,-0.3,0.7,0,Jean-Clair,0.2,609,False,,,43,462116.jpg,0.5,False,Todibo,0.1,False,,a,19,21,2,3939,66,10333,202,0.0,0.5,Todibo,73.0,2025-07-01,1999-12-30,False,p462116,306,0,0,0,9,0,0,0,1,0,0,0,19,60.0,5.4,2.0,6.8,17,12,8,25,4,0.00,0.02,0.02,6.06,242,95,356,122,359,130,331,109,,,,,,,0.0,0.0,0.01,0.01,1.78,2.65,596,151,353,123,435,149,473,174,1.18,0.0,7.35
687,True,True,100.0,100.0,214590,0,0,-2,2,0,2,0.3,1.3,1,Aaron,0.8,610,False,,2025-09-18T14:00:08.212742Z,43,214590.jpg,0.8,False,Wan-Bissaka,6.1,False,,a,19,21,4,73645,968,1945379,10388,0.2,0.9,Wan-Bissaka,50.0,2024-08-13,1997-11-26,False,p214590,381,0,0,0,13,0,0,0,0,0,0,0,5,62.0,69.2,12.0,14.4,19,11,4,23,4,0.00,0.22,0.22,8.35,236,93,136,31,294,94,236,80,,,,,,,0.0,0.0,0.05,0.05,1.97,3.07,589,147,284,93,424,140,63,20,0.94,0.0,5.43
688,True,False,0.0,0.0,518438,0,0,0,0,0,2,0.0,0.0,0,Kaelan,0.0,611,False,Has joined Swansea City on loan for the rest of the season.,2025-08-11T01:20:17.436361Z,40,518438.jpg,0.0,False,Casey,0.1,False,,u,19,21,0,0,0,10617,97,0.0,0.0,Casey,241.0,2022-11-01,2004-10-28,False,p518438,0,0,0,0,0,0,0,0,0,0,0,0,0,0.0,0.0,0.0,0.0,0,0,0,0,0,0.00,0.00,0.00,0.00,521,201,506,201,474,192,522,201,,,,,,,0.0,0.0,0.0,0.0,0.0,0.0,677,190,485,191,531,204,488,181,0.0,0.0,0.0
689,True,True,,,224024,0,0,-1,1,0,3,1.5,2.5,1,Lucas,2.0,612,False,,,59,224024.jpg,3.6,False,Tolentino Coelho de Lima,2.8,False,,a,19,21,32,575373,1672,433371,20545,0.3,5.4,L.Paquetá,30.0,2022-08-29,1997-08-27,False,p224024,787,2,0,1,20,0,0,0,3,0,0,2,134,190.2,221.7,96.0,50.9,16,44,21,81,9,1.69,1.04,2.73,14.54,53,18,14,12,75,41,19,14,,,1.0,,1.0,,0.19,0.0,0.12,0.31,1.66,2.29,101,68,186,89,112,44,108,37,1.03,0.11,9.26
690,True,True,100.0,100.0,215439,0,0,-3,3,0,3,0.5,1.5,2,Tomáš,1.0,613,False,,2025-09-13T21:30:08.395458Z,57,215439.jpg,1.3,False,Souček,0.2,False,,a,19,21,8,4159,73,79818,276,0.2,1.4,Souček,57.0,2020-07-28,1995-02-27,False,p215439,365,0,0,1,13,0,0,0,0,1,0,0,45,58.4,18.5,70.0,14.8,25,10,5,40,5,0.52,0.02,0.54,7.08,249,107,293,165,114,69,234,117,,,,,,,0.13,0.0,0.0,0.13,1.75,3.21,123,80,274,133,341,162,348,120,1.23,0.25,9.86
691,True,True,,,101178,0,0,-3,3,0,3,-0.5,0.5,0,James,0.0,614,False,,,57,101178.jpg,2.2,False,Ward-Prowse,0.2,False,,a,19,21,11,9823,118,35151,656,0.0,1.9,Ward-Prowse,241.0,2023-08-14,1994-11-01,False,p101178,414,0,0,1,11,0,0,0,0,0,0,0,82,56.6,176.3,6.0,23.9,9,9,4,22,5,0.13,0.91,1.04,7.27,253,110,33,28,338,176,151,78,2.0,,2.0,,3.0,,0.03,0.0,0.2,0.23,1.58,2.39,119,78,725,320,244,108,360,124,1.09,0.22,4.78
692,True,True,100.0,100.0,450070,0,0,0,0,0,3,0.7,1.7,1,Crysencio,1.2,615,False,,2025-07-21T10:00:05.129084Z,55,450070.jpg,2.3,False,Summerville,0.1,False,,a,19,21,16,20278,227,9669,1006,0.2,2.9,Summerville,152.0,2024-08-03,2001-10-30,False,p450070,479,0,2,0,11,0,0,0,3,0,0,0,65,64.8,67.1,60.0,19.2,12,26,7,45,6,0.50,0.41,0.91,10.06,230,99,141,96,137,84,194,99,,,,,,,0.09,0.0,0.08,0.17,1.89,2.07,149,94,250,126,229,100,435,148,1.13,0.0,8.46
693,True,False,0.0,0.0,213999,0,0,-1,1,0,3,0.0,0.0,0,Edson,0.0,616,False,Has joined Fenerbahçe on loan for the rest of the season.,2025-08-26T13:45:35.073930Z,49,213999.jpg,0.0,False,Álvarez Velázquez,0.1,False,,u,19,21,0,1147,0,15282,48,0.0,0.0,Álvarez,139.0,2023-08-10,1997-10-24,False,p213999,0,0,0,0,0,0,0,0,0,0,0,0,0,0.0,0.0,0.0,0.0,0,0,0,0,0,0.00,0.00,0.00,0.00,685,291,680,291,665,285,686,292,,,,,,,0.0,0.0,0.0,0.0,0.0,0.0,309,195,666,280,689,292,562,208,0.0,0.0,0.0
694,True,False,0.0,0.0,149519,0,0,-1,1,0,3,0.0,0.0,0,Maxwel,0.0,617,False,has joined Genoa on loan for the rest of the season.,2025-09-02T12:21:17.687537Z,49,149519.jpg,0.0,False,Cornet,0.0,False,,u,19,21,0,246,0,2955,22,0.0,0.0,Cornet,54.0,2022-08-07,1996-09-27,False,p149519,0,0,0,0,0,0,0,0,0,0,0,0,0,0.0,0.0,0.0,0.0,0,0,0,0,0,0.00,0.00,0.00,0.00,682,289,677,289,660,281,683,290,,,,,,,0.0,0.0,0.0,0.0,0.0,0.0,293,183,663,278,686,290,665,281,0.0,0.0,0.0
695,True,True,,,197024,0,0,-2,2,0,3,-0.3,0.7,0,Guido,0.2,618,False,,,48,197024.jpg,1.5,False,Rodríguez,0.0,False,,a,19,21,3,1313,30,3912,78,0.0,0.6,G.Rodriguez,10.0,2024-08-06,1994-04-12,False,p197024,89,0,0,0,2,0,0,0,0,0,0,0,14,3.4,2.5,2.0,0.8,1,4,0,5,1,0.03,0.03,0.06,0.97,410,193,374,189,362,186,415,194,,,,,,,0.03,0.0,0.03,0.06,0.98,2.02,360,225,363,164,314,147,578,218,1.01,0.0,5.06
696,True,True,100.0,100.0,577114,0,0,-1,1,0,3,-0.3,0.7,0,Luis Guilherme,0.2,619,False,,2025-08-21T14:30:06.529194Z,49,577114.jpg,1.0,False,Lira dos Santos,0.0,False,,a,19,21,3,472,10,2489,28,0.0,0.6,L.Guilherme,30.0,2024-06-14,2006-02-09,False,p577114,54,0,0,0,1,0,0,0,0,0,0,0,5,1.6,0.6,4.0,0.4,1,4,0,5,0,0.07,0.00,0.07,0.88,422,199,394,197,352,182,424,199,,,,,,,0.12,0.0,0.0,0.12,1.47,1.67,349,218,372,171,394,187,659,277,0.0,0.0,8.33
697,True,True,0.0,0.0,490885,0,0,0,0,0,3,0.0,0.0,0,George,0.0,620,False,Hamstring injury - Expected back 22 Nov,2025-10-02T14:30:07.920085Z,45,490885.jpg,0.0,False,Earthy,0.1,False,,i,19,21,0,2288,23,6610,127,0.0,0.0,Earthy,241.0,2023-07-14,2004-09-05,False,p490885,0,0,0,0,0,0,0,0,0,0,0,0,0,0.0,0.0,0.0,0.0,0,0,0,0,0,0.00,0.00,0.00,0.00,626,249,619,249,600,240,627,250,,,,,,,0.0,0.0,0.0,0.0,0.0,0.0,435,258,602,234,635,254,571,213,0.0,0.0,0.0
698,True,True,,,229384,0,0,-1,1,0,3,0.7,1.7,2,Andy,1.2,621,False,,,44,229384.jpg,1.3,False,Irving,0.3,False,,a,19,21,8,30356,809,26614,770,0.3,1.8,Irving,243.0,2023-08-31,2000-05-13,False,p229384,149,0,0,0,4,0,0,0,0,0,0,0,45,29.6,38.3,2.0,7.0,2,13,6,21,2,0.00,0.09,0.09,3.65,323,146,222,138,360,184,330,162,4.0,,,,,,0.0,0.0,0.05,0.05,2.2,2.42,513,297,232,113,333,158,289,99,1.21,0.0,12.68
699,True,False,0.0,0.0,518442,0,0,-1,1,0,3,0.0,0.0,0,Lewis,0.0,622,False,has joined Stevenage on loan for the rest of the season.,2025-09-02T12:14:36.944075Z,44,518442.jpg,0.0,False,Orford,0.1,False,,u,19,21,0,1052,0,10151,117,0.0,0.0,Orford,241.0,2022-11-01,2006-02-18,False,p518442,0,0,0,0,0,0,0,0,0,0,0,0,0,0.0,0.0,0.0,0.0,0,0,0,0,0,0.00,0.00,0.00,0.00,581,218,572,218,548,208,582,219,,,,,,,0.0,0.0,0.0,0.0,0.0,0.0,552,312,556,201,591,223,519,184,0.0,0.0,0.0
700,True,True,,,490142,0,0,-1,1,0,3,0.3,1.3,1,Freddie,0.8,623,False,,,44,490142.jpg,1.0,False,Potts,0.6,False,,a,19,21,4,58596,263,69618,1484,0.2,0.9,Potts,241.0,2021-12-08,2003-09-12,False,p490142,131,0,0,0,3,0,0,0,0,0,0,0,22,18.6,6.6,2.0,2.7,4,7,3,14,0,0.00,0.04,0.04,2.17,359,166,352,185,361,185,387,182,,,,,,,0.0,0.0,0.03,0.03,1.49,2.06,537,305,287,138,371,172,212,68,0.0,0.0,9.62
701,True,True,,,178186,0,0,-2,2,0,4,4.0,5.0,5,Jarrod,4.5,624,False,,,78,178186.jpg,4.7,False,Bowen,8.5,False,,a,19,21,42,728678,13544,1521246,36371,0.6,5.4,Bowen,241.0,2020-01-31,1996-12-20,False,p178186,810,3,1,1,20,0,0,0,0,0,0,9,191,205.6,161.6,215.0,58.3,16,27,7,50,9,1.01,1.15,2.16,15.05,41,4,43,1,12,6,13,4,,,4.0,,2.0,,0.11,0.0,0.13,0.24,1.67,2.22,19,6,58,8,49,5,45,8,1.0,0.11,5.56
702,True,True,25.0,25.0,91889,0,0,-4,4,0,4,0.1,0.4,0,Niclas,1.0,625,False,Muscle injury - 25% chance of playing,2025-10-14T13:00:06.800734Z,56,91889.jpg,1.7,False,Füllkrug,0.8,False,,d,19,21,10,41877,23,365320,2490,0.2,1.8,Füllkrug,80.0,2024-08-05,1993-02-09,False,p91889,379,0,0,1,9,0,0,0,0,0,0,0,23,24.8,72.3,125.0,21.9,7,8,2,17,5,0.86,0.18,1.04,5.93,342,32,129,11,53,20,167,21,,,,,,,0.2,0.0,0.04,0.24,1.41,2.14,127,32,272,30,298,30,195,30,1.19,0.24,4.04
703,True,True,,,565431,0,0,-1,1,0,4,0.0,1.0,0,Callum,0.5,626,False,,,44,565431.jpg,1.0,False,Marshall,0.7,False,,a,19,21,2,47745,476,67337,1378,0.1,0.5,Marshall,242.0,2023-09-26,2004-11-28,False,p565431,58,0,0,0,2,0,0,0,0,0,0,0,0,1.2,0.1,7.0,0.8,2,1,0,3,0,0.13,0.00,0.13,1.55,423,48,408,50,318,44,414,47,,,,,,,0.2,0.0,0.0,0.2,2.41,3.1,566,75,318,36,373,41,203,33,0.0,0.0,4.66
704,True,True,,,158534,0,0,-1,1,0,2,0.5,1.5,1,Kyle,1.0,659,False,,,44,158534.jpg,1.6,False,Walker-Peters,0.3,False,,a,19,21,13,13149,98,27911,575,0.2,3.0,Walker-Peters,241.0,2025-07-20,1997-04-13,False,p158534,447,0,0,1,7,0,0,0,1,0,0,0,59,69.8,48.8,32.0,15.1,16,22,10,26,5,0.14,0.07,0.21,7.01,220,85,184,44,221,57,229,76,,,,,,,0.03,0.0,0.01,0.04,1.41,1.41,503,114,261,85,299,105,311,111,1.01,0.2,5.23
705,True,True,,,75115,0,0,-1,1,0,4,0.0,1.0,2,Callum,0.5,671,False,,,59,75115.jpg,2.2,False,Wilson,0.4,False,,a,19,21,13,34517,465,56866,1080,0.1,2.2,Wilson,241.0,2025-08-02,1992-02-27,False,p75115,235,1,0,1,5,0,0,0,0,0,0,2,51,53.8,15.5,101.0,16.7,2,6,0,8,1,1.18,0.05,1.23,4.46,259,23,305,32,70,23,217,25,,,,,,,0.45,0.0,0.02,0.47,1.71,1.91,93,28,344,43,247,26,275,42,0.38,0.38,3.06
706,True,True,,,467189,0,0,-1,1,0,1,-0.5,0.5,0,Mads,0.0,679,False,,,44,467189.jpg,2.2,False,Hermansen,0.2,False,,a,19,21,9,13270,41,27098,351,0.0,2.0,Hermansen,58.0,2025-08-09,2000-07-11,False,p467189,360,0,0,1,11,0,0,0,0,0,9,0,27,84.8,0.0,0.0,8.5,7,27,0,0,4,0.00,0.01,0.01,5.44,194,21,560,69,535,58,314,21,,,,,,,0.0,2.25,0.0,0.0,1.36,2.75,530,29,544,77,232,19,328,48,1.0,0.25,0.0
707,True,True,,,551226,0,0,0,0,0,3,2.7,3.7,6,Mateus Gonçalo,3.2,708,False,,,55,551226.jpg,2.9,False,Espanha Fernandes,0.0,False,,a,19,21,20,4410,181,2583,105,0.6,3.6,M.Fernandes,173.0,2025-08-29,2004-07-10,False,p551226,468,1,0,1,8,0,0,0,0,0,0,0,85,94.2,85.1,32.0,21.1,8,17,16,41,6,0.25,0.31,0.56,8.47,180,75,106,78,226,130,176,91,,,,,,,0.05,0.0,0.06,0.11,1.63,1.54,156,98,106,48,183,77,615,247,1.15,0.19,7.88
708,True,True,,,564940,0,0,0,0,0,3,0.3,1.3,1,Soungoutou,0.8,718,False,,,50,564940.jpg,1.0,False,Magassa,0.0,False,,a,19,21,5,514,6,410,24,0.2,1.0,S.Magassa,73.0,2025-08-30,2003-10-08,False,p564940,170,0,0,0,3,0,0,0,1,0,0,0,24,35.8,7.2,0.0,4.3,6,7,8,21,2,0.00,0.01,0.01,3.24,309,138,348,182,699,306,364,175,,,,,,,0.0,0.0,0.01,0.01,1.72,1.59,285,178,299,144,398,189,697,300,1.06,0.0,11.12
709,True,True,,,37096,0,0,0,0,0,1,-0.5,0.5,0,Lukasz,0.0,738,False,,,45,37096.jpg,0.0,False,Fabianski,0.0,False,,a,19,21,0,3098,92,1404,118,0.0,0.0,Fabianski,172.0,2025-09-10,1985-04-18,False,p37096,0,0,0,0,0,0,0,0,0,0,0,0,0,0.0,0.0,0.0,0.0,0,0,0,0,0,0.00,0.00,0.00,0.00,604,81,595,72,572,62,605,81,,,,,,,0.0,0.0,0.0,0.0,0.0,0.0,390,20,580,80,614,81,606,79,0.0,0.0,0.0
710,True,True,,,101982,0,0,0,0,0,1,2.0,2.5,2,Sam,2.0,627,False,,,45,101982.jpg,2.2,False,Johnstone,0.2,False,,a,20,39,11,7802,256,8249,264,0.4,2.4,Johnstone,241.0,2024-08-30,1993-03-25,False,p101982,450,0,0,0,8,0,0,0,0,0,15,0,62,130.0,0.1,0.0,13.0,8,54,1,0,5,0.00,0.01,0.01,5.65,119,15,409,10,574,64,258,16,,,,,,,0.0,3.0,0.0,0.0,1.13,1.6,394,22,173,14,233,20,392,62,1.0,0.0,0.0
711,True,True,,,149065,0,0,-1,1,0,1,0.0,0.5,0,José,0.0,628,False,,,44,149065.jpg,1.2,False,Malheiro de Sá,1.3,False,,a,20,39,5,29380,183,107217,2058,0.0,1.1,José Sá,173.0,2021-07-15,1993-01-17,False,p149065,360,0,0,0,11,0,0,0,0,0,5,0,7,44.0,10.0,0.0,5.5,3,37,0,0,4,0.00,0.03,0.03,6.17,285,26,335,4,520,56,346,25,,,,,,,0.0,1.25,0.01,0.01,1.54,2.75,500,27,528,75,346,27,160,21,1.0,0.0,0.0
712,True,True,,,79602,0,0,0,0,0,1,0.0,0.5,0,Daniel,0.0,629,False,,,40,79602.jpg,0.0,False,Bentley,0.6,False,,a,20,39,0,10036,109,25799,451,0.0,0.0,Bentley,241.0,2023-01-25,1993-07-13,False,p79602,0,0,0,0,0,0,0,0,0,0,0,0,0,0.0,0.0,0.0,0.0,0,0,0,0,0,0.00,0.00,0.00,0.00,472,38,456,24,424,12,472,38,,,,,,,0.0,0.0,0.0,0.0,0.0,0.0,617,43,435,33,481,38,216,30,0.0,0.0,0.0
713,True,True,,,516939,0,0,-1,1,0,2,0.5,1.0,0,Emmanuel,0.5,631,False,,,44,516939.jpg,2.0,False,Agbadou,0.2,False,,a,20,39,14,22230,44,48667,580,0.1,3.2,Agbadou,54.0,2025-01-09,1997-06-17,False,p516939,525,0,0,0,14,0,0,0,0,0,0,0,44,161.6,39.7,39.0,24.1,48,29,14,62,5,0.38,0.26,0.64,8.36,81,38,215,59,205,52,147,48,,,5.0,,,,0.07,0.0,0.04,0.11,1.43,2.4,550,138,317,110,261,95,349,124,0.86,0.0,10.63
714,True,True,100.0,100.0,87835,0,0,-1,1,0,2,0.5,1.0,0,Matt,0.5,632,False,,2025-10-03T14:00:09.202074Z,44,87835.jpg,0.5,False,Doherty,0.1,False,,a,20,39,2,3461,38,13558,157,0.1,0.5,Doherty,104.0,2023-07-20,1992-01-16,False,p87835,291,0,0,0,6,0,0,0,3,0,0,0,15,49.4,21.8,4.0,7.6,18,11,8,26,4,0.07,0.05,0.12,5.09,273,104,276,92,346,120,323,106,,,,,,,0.02,0.0,0.02,0.04,1.57,1.86,493,106,312,106,436,150,453,168,1.24,0.0,8.04
715,True,True,100.0,100.0,490721,0,0,-1,1,0,2,3.0,3.5,1,Hugo,3.0,633,False,,2025-08-31T01:30:08.567399Z,44,490721.jpg,2.1,False,Bueno López,0.1,False,,a,20,39,19,8494,170,7006,284,0.7,4.3,H.Bueno,200.0,2021-01-29,2002-09-18,False,p490721,612,0,0,1,10,0,0,0,1,0,0,2,90,164.6,238.0,59.0,46.3,26,28,23,49,6,0.20,1.14,1.34,7.79,78,37,11,1,141,27,32,3,,,,,,,0.03,0.0,0.17,0.2,1.15,1.47,539,135,115,42,252,93,465,172,0.88,0.15,7.21
716,True,True,,,501837,0,0,-1,1,0,2,0.2,0.7,0,Yerson,0.2,634,False,,,44,501837.jpg,1.3,False,Mosquera Valdelamar,0.1,False,,a,20,39,4,1555,27,3908,66,0.0,0.9,Mosquera,48.0,2021-06-17,2001-05-02,False,p501837,137,0,0,0,4,0,0,0,0,0,0,0,13,20.2,0.5,21.0,4.2,7,9,3,10,2,0.05,0.00,0.05,1.83,355,131,396,143,262,77,365,124,,,,,,,0.03,0.0,0.0,0.03,1.2,2.63,547,137,358,128,334,116,569,206,1.31,0.0,6.57
717,True,True,,,483081,0,0,0,0,0,2,0.8,1.3,1,Rodrigo,0.8,635,False,,,45,483081.jpg,2.2,False,Martins Gomes,0.1,False,,a,20,39,13,8064,107,8631,188,0.2,2.9,R.Gomes,173.0,2024-07-01,2003-07-07,False,p483081,331,1,0,0,9,0,0,0,0,0,0,0,20,60.2,40.4,103.0,20.5,11,14,7,18,4,0.95,0.22,1.17,4.30,240,94,212,58,65,7,181,57,,,,,,,0.26,0.0,0.06,0.32,1.17,2.45,432,91,289,97,235,89,475,175,1.09,0.0,4.89
718,True,True,,,231480,0,0,-1,1,1,2,4.5,5.0,4,Santiago,4.5,636,False,,,44,231480.jpg,3.7,False,Ignacio Bueno,0.1,False,,a,20,39,22,8036,278,4894,245,1.0,5.0,S.Bueno,230.0,2023-08-31,1998-11-09,False,p231480,484,1,1,0,10,0,0,0,1,0,0,2,70,155.4,47.2,66.0,26.9,33,11,19,52,5,0.80,0.45,1.25,6.49,83,39,188,47,122,20,121,39,,,,,,,0.15,0.0,0.08,0.23,1.21,1.86,516,124,52,20,99,44,477,176,0.93,0.0,9.67
719,True,True,100.0,100.0,510362,0,0,-2,2,0,2,0.2,0.7,0,Toti,0.2,637,False,,2025-10-03T14:00:09.220271Z,43,510362.jpg,0.8,False,Gomes,0.1,False,,a,20,39,5,3691,55,11856,180,0.0,1.2,Toti,173.0,2022-01-14,1999-01-16,False,p510362,390,0,0,0,13,0,0,0,0,1,0,0,15,74.6,26.5,27.0,12.8,20,22,7,27,5,0.04,0.03,0.07,7.21,213,83,252,80,238,66,264,89,,,,,,,0.01,0.0,0.01,0.02,1.66,3.0,599,153,354,124,426,142,461,171,1.15,0.0,6.23
720,True,True,100.0,100.0,441271,0,0,0,0,0,2,0.5,1.0,1,Ki-Jana,0.5,638,False,,2025-08-23T23:00:08.490117Z,40,441271.jpg,1.0,False,Hoever,1.0,False,,a,20,39,4,23468,92,158295,1312,0.1,1.0,Hoever,152.0,2020-09-19,2002-01-18,False,p441271,204,0,0,0,7,0,0,0,0,0,0,0,6,42.0,41.1,11.0,9.5,12,6,3,15,3,0.02,0.30,0.32,3.90,291,110,211,57,298,98,297,99,,,,,,,0.01,0.0,0.13,0.14,1.72,3.09,645,172,311,105,364,127,182,68,1.32,0.0,6.62
721,True,False,0.0,0.0,560248,0,0,0,0,0,2,0.0,0.0,0,Bastien,0.0,639,False,On loan to FC Alverca,2025-07-23T18:49:36.204721Z,40,560248.jpg,0.0,False,Meupiyou Menadjou,0.0,False,,u,20,39,0,0,0,703,6,0.0,0.0,Meupiyou,73.0,2024-08-29,2006-03-19,False,p560248,0,0,0,0,0,0,0,0,0,0,0,0,0,0.0,0.0,0.0,0.0,0,0,0,0,0,0.00,0.00,0.00,0.00,527,204,512,204,481,196,528,204,,,,,,,0.0,0.0,0.0,0.0,0.0,0.0,684,194,492,195,537,207,702,236,0.0,0.0,0.0
722,True,False,0.0,0.0,641221,0,0,0,0,0,2,0.0,0.0,0,Pedro,0.0,640,False,has joined Porto on loan for the rest of the season.,2025-09-02T13:11:07.466362Z,40,641221.jpg,0.0,False,Cardoso de Lima,0.5,False,,u,20,39,0,7922,0,71142,831,0.0,0.0,Pedro Lima,30.0,2024-07-02,2006-07-01,False,p641221,0,0,0,0,0,0,0,0,0,0,0,0,0,0.0,0.0,0.0,0.0,0,0,0,0,0,0.00,0.00,0.00,0.00,541,215,526,215,495,207,542,215,,,,,,,0.0,0.0,0.0,0.0,0.0,0.0,698,205,506,206,550,217,234,86,0.0,0.0,0.0
723,True,True,,,517179,0,0,-1,1,0,2,0.0,0.5,0,Alfie,0.0,641,False,,,39,517179.jpg,0.0,False,Pond,1.4,False,,a,20,39,0,73481,1077,78514,2255,0.0,0.0,Pond,,,,False,p517179,0,0,0,0,0,0,0,0,0,0,0,0,0,0.0,0.0,0.0,0.0,0,0,0,0,0,0.00,0.00,0.00,0.00,452,166,434,165,401,155,452,165,,,,,,,0.0,0.0,0.0,0.0,0.0,0.0,725,226,414,154,461,168,153,58,0.0,0.0,0.0
724,True,True,100.0,100.0,184754,-1,1,-2,2,0,3,0.8,1.3,1,Hwang,0.8,642,False,,2025-10-17T16:00:11.280022Z,58,184754.jpg,2.0,False,Hee-chan,0.1,False,,a,20,39,14,24959,120,31794,512,0.1,2.4,Hee Chan,114.0,2022-07-01,1996-01-26,False,p184754,297,1,0,0,5,0,0,0,0,0,0,0,49,51.6,29.6,49.0,13.0,5,3,4,12,4,0.65,0.12,0.77,5.34,265,117,246,148,166,97,261,131,,,,,1.0,,0.2,0.0,0.04,0.24,1.62,1.52,108,73,306,149,275,128,429,145,1.21,0.0,3.64
725,True,True,100.0,100.0,509291,0,0,-1,1,0,3,3.5,4.0,2,André,3.5,643,False,,2025-09-24T06:30:08.481734Z,54,509291.jpg,2.6,False,Trindade da Costa Neto,0.1,False,,a,20,39,23,5236,128,7944,147,0.6,4.3,André,30.0,2024-08-30,2001-07-16,False,p509291,599,0,0,0,13,0,0,0,2,0,0,1,105,82.8,39.7,5.0,12.7,23,52,15,90,7,0.04,0.19,0.23,9.61,198,82,216,136,344,180,267,134,,,,,,,0.01,0.0,0.03,0.04,1.44,1.95,189,117,93,38,203,86,507,179,1.05,0.0,13.52
726,True,True,100.0,100.0,231057,-1,1,-3,3,0,3,0.8,1.3,1,Jean-Ricner,0.8,644,False,,2025-10-17T16:00:11.298468Z,52,231057.jpg,1.1,False,Bellegarde,0.0,False,,a,20,39,9,2180,39,7504,65,0.2,1.7,Bellegarde,92.0,2023-09-01,1998-06-27,False,p231057,342,0,0,0,12,0,0,0,1,0,0,0,45,37.8,70.3,41.0,14.8,5,8,9,22,4,0.30,0.36,0.66,5.51,303,135,133,92,196,113,232,116,4.0,,4.0,,,,0.08,0.0,0.09,0.17,1.45,3.16,224,140,301,145,357,170,576,216,1.05,0.0,5.79
727,True,True,,,643135,0,0,-2,2,0,3,0.2,0.7,0,Fer,0.2,645,False,,,53,643135.jpg,1.4,False,López González,0.0,False,,a,20,39,7,737,16,3262,44,0.0,1.3,Fer López,200.0,2025-06-20,2004-05-24,False,p643135,116,0,1,0,5,0,0,0,1,0,0,0,24,27.0,52.0,32.0,11.0,0,3,1,4,1,0.14,0.52,0.66,1.01,334,153,174,118,225,129,286,144,,,,,,,0.11,0.0,0.4,0.51,0.78,3.88,216,134,380,178,331,157,624,255,0.78,0.0,3.1
728,True,True,,,448089,0,0,-1,1,0,3,2.2,2.7,1,João Victor,2.2,646,False,,,54,448089.jpg,2.3,False,Gomes da Silva,0.1,False,,a,20,39,21,5563,94,9470,262,0.4,3.9,Gomes,30.0,2023-01-30,2001-02-12,False,p448089,700,0,0,1,15,0,0,0,3,0,0,0,117,105.2,103.6,35.0,24.5,27,43,24,94,8,0.36,0.44,0.80,10.64,155,58,77,55,214,122,143,76,,,,,,,0.05,0.0,0.06,0.11,1.37,1.93,182,112,161,78,228,99,472,159,1.03,0.13,12.09
729,True,False,0.0,0.0,181284,0,0,0,0,0,3,0.0,0.0,0,Gonçalo Manuel,0.0,647,False,Has joined Real Sociedad permanently.,2025-08-11T01:21:19.226169Z,55,181284.jpg,0.0,False,Ganchinho Guedes,0.0,False,,u,20,39,0,0,0,758,2,0.0,0.0,Guedes,173.0,2022-08-08,1996-11-29,False,p181284,0,0,0,0,0,0,0,0,0,0,0,0,0,0.0,0.0,0.0,0.0,0,0,0,0,0,0.00,0.00,0.00,0.00,728,320,728,321,726,320,729,321,,,,,,,0.0,0.0,0.0,0.0,0.0,0.0,142,89,720,316,729,321,730,321,0.0,0.0,0.0
730,True,True,,,433312,0,0,-1,1,0,3,5.2,5.7,8,Marshall,5.2,648,False,,,54,433312.jpg,3.4,False,Munetsi,0.1,False,,a,20,39,31,9770,683,7686,230,1.0,5.7,Munetsi,239.0,2025-02-03,1996-06-22,False,p433312,692,1,2,0,14,0,0,0,1,0,0,1,108,139.8,56.9,158.0,35.4,27,13,16,56,7,1.37,0.34,1.71,9.69,103,34,160,108,33,17,73,45,,,,,,,0.18,0.0,0.04,0.22,1.26,1.82,178,109,31,13,122,50,503,177,0.91,0.0,7.28
731,True,False,0.0,0.0,476502,0,0,0,0,0,3,0.0,0.0,0,Boubacar,0.0,649,False,Has joined FC Metz on loan for the rest of the season.,2025-07-25T14:53:52.740212Z,50,476502.jpg,0.0,False,Traoré,0.0,False,,u,20,39,0,0,0,153,1,0.0,0.0,B.Traore,132.0,2023-07-01,2001-08-20,False,p476502,0,0,0,0,0,0,0,0,0,0,0,0,0,0.0,0.0,0.0,0.0,0,0,0,0,0,0.00,0.00,0.00,0.00,705,306,703,306,694,302,706,307,,,,,,,0.0,0.0,0.0,0.0,0.0,0.0,272,168,689,296,708,307,741,328,0.0,0.0,0.0
732,True,True,,,497606,0,0,-1,1,0,3,0.0,0.5,0,Tawanda,0.0,650,False,,,44,497606.jpg,0.0,False,Chirewa,0.3,False,,a,20,39,0,19124,88,27176,485,0.0,0.0,Chirewa,239.0,2023-12-01,2003-10-12,False,p497606,0,0,0,0,0,0,0,0,0,0,0,0,0,0.0,0.0,0.0,0.0,0,0,0,0,0,0.00,0.00,0.00,0.00,575,214,565,214,541,204,576,215,,,,,,,0.0,0.0,0.0,0.0,0.0,0.0,542,308,549,197,585,219,319,110,0.0,0.0,0.0
733,True,True,,,596054,0,0,-1,1,0,3,0.0,0.5,0,Tom,0.0,651,False,,,44,596054.jpg,0.0,False,Edozie,0.4,False,,a,20,39,0,29472,76,35448,705,0.0,0.0,Edozie,,,,False,p596054,0,0,0,0,0,0,0,0,0,0,0,0,0,0.0,0.0,0.0,0.0,0,0,0,0,0,0.00,0.00,0.00,0.00,598,229,589,229,566,219,599,230,,,,,,,0.0,0.0,0.0,0.0,0.0,0.0,572,324,573,212,608,234,279,95,0.0,0.0,0.0
734,True,True,,,593001,0,0,-1,1,0,3,0.0,0.5,0,Enso,0.0,652,False,,,44,593001.jpg,0.0,False,González Medina,1.5,False,,a,20,39,0,118484,623,137283,3106,0.0,0.0,Gonzalez,168.0,2023-08-31,2005-01-20,False,p593001,0,0,0,0,0,0,0,0,0,0,0,0,0,0.0,0.0,0.0,0.0,0,0,0,0,0,0.00,0.00,0.00,0.00,597,228,588,228,565,218,598,229,,,,,,,0.0,0.0,0.0,0.0,0.0,0.0,571,323,572,211,607,233,150,51,0.0,0.0,0.0
735,True,False,0.0,0.0,240299,0,0,0,0,0,3,0.0,0.0,0,Joe,0.0,653,False,Signed by CD Tondela,2025-07-23T18:50:21.231185Z,45,240299.jpg,0.0,False,Hodge,0.0,False,,u,20,39,0,0,0,4770,52,0.0,0.0,Hodge,,,,False,p240299,0,0,0,0,0,0,0,0,0,0,0,0,0,0.0,0.0,0.0,0.0,0,0,0,0,0,0.00,0.00,0.00,0.00,614,238,606,238,586,228,615,239,,,,,,,0.0,0.0,0.0,0.0,0.0,0.0,414,246,589,222,623,243,609,242,0.0,0.0,0.0
736,True,True,100.0,100.0,247412,0,0,-1,1,0,4,3.0,3.5,6,Jørgen,3.0,654,False,,2025-10-03T14:00:09.236895Z,64,247412.jpg,2.4,False,Strand Larsen,1.4,False,,a,20,39,17,152658,1388,511601,4216,0.5,2.7,Strand Larsen,161.0,2025-07-01,2000-02-06,False,p247412,542,1,0,2,10,0,0,0,0,0,0,0,51,59.2,47.4,147.0,25.1,11,6,1,18,6,1.52,0.36,1.88,7.31,244,20,187,18,38,16,135,20,,,,,,,0.25,0.0,0.06,0.31,1.21,1.66,66,22,128,13,224,25,156,24,1.0,0.33,2.99
737,True,False,0.0,0.0,449988,0,0,-1,1,0,4,0.0,0.0,0,Fábio,0.0,655,False,has joined Borussia Dortmund permanently.,2025-09-02T13:11:07.488555Z,49,449988.jpg,0.0,False,Soares Silva,0.2,False,,u,20,39,0,7178,0,51423,300,0.0,0.0,Fábio Silva,173.0,2020-09-05,2002-07-19,False,p449988,0,0,0,0,0,0,0,0,0,0,0,0,0,0.0,0.0,0.0,0.0,0,0,0,0,0,0.00,0.00,0.00,0.00,693,72,688,71,674,71,694,72,,,,,,,0.0,0.0,0.0,0.0,0.0,0.0,328,56,675,68,696,73,354,54,0.0,0.0,0.0
738,True,False,0.0,0.0,429414,0,0,-1,1,0,4,0.0,0.0,0,Saša,0.0,656,False,has joined LASK on loan for the rest of the season.,2025-09-08T09:11:55.060395Z,49,429414.jpg,1.0,False,Kalajdžić,0.1,False,,u,20,39,1,1691,0,9259,50,0.0,0.2,Kalajdžić,14.0,2022-08-31,1997-07-07,False,p429414,14,0,0,0,0,0,0,0,0,0,0,0,1,1.0,4.3,2.0,0.7,1,1,0,2,0,0.00,0.01,0.01,0.10,426,50,364,41,367,47,417,48,,,,,,,0.0,0.0,0.06,0.06,0.64,0.0,321,55,670,67,390,43,554,73,0.0,0.0,12.86
739,True,True,0.0,0.0,589507,0,0,-1,1,0,4,0.0,0.0,0,Leon,0.0,657,False,Knee injury - Unknown return date,2025-07-21T10:00:05.148649Z,44,589507.jpg,0.0,False,Chiwome,0.0,False,,i,20,39,0,2711,48,4783,59,0.0,0.0,Chiwome,,,,False,p589507,0,0,0,0,0,0,0,0,0,0,0,0,0,0.0,0.0,0.0,0.0,0,0,0,0,0,0.00,0.00,0.00,0.00,594,62,585,61,562,61,595,62,,,,,,,0.0,0.0,0.0,0.0,0.0,0.0,568,76,569,58,604,64,625,76,0.0,0.0,0.0
740,True,True,,,531363,0,0,-1,1,0,4,0.0,0.5,0,Nathan,0.0,658,False,,,44,531363.jpg,0.0,False,Fraser,2.0,False,,a,20,39,0,153035,603,225124,4045,0.0,0.0,Fraser,,,,False,p531363,0,0,0,0,0,0,0,0,0,0,0,0,0,0.0,0.0,0.0,0.0,0,0,0,0,0,0.00,0.00,0.00,0.00,583,58,574,57,550,57,584,58,,,,,,,0.0,0.0,0.0,0.0,0.0,0.0,554,71,558,54,593,60,132,19,0.0,0.0,0.0
741,True,True,,,230376,0,0,-3,3,0,3,3.0,3.5,2,Jhon,3.0,663,False,,,52,230376.jpg,2.0,False,Arias,0.2,False,,a,20,39,18,11797,90,61929,668,0.6,3.5,J.Arias,48.0,2025-07-24,1997-09-21,False,p230376,500,0,0,1,9,0,0,0,0,0,0,1,84,79.8,151.8,80.0,31.1,12,23,22,57,6,1.17,0.34,1.51,6.68,206,87,46,36,92,55,101,56,1.0,,,,,,0.21,0.0,0.06,0.27,1.2,1.62,223,139,122,56,272,126,342,117,1.08,0.18,10.26
742,True,True,,,497949,0,0,-1,1,0,2,0.5,1.0,1,David,0.5,682,False,,,44,497949.jpg,1.6,False,Møller Wolfe,0.1,False,,a,20,39,8,2302,16,5652,85,0.1,1.8,Møller Wolfe,161.0,2025-08-02,2002-04-23,False,p497949,149,0,1,0,6,0,0,0,0,0,0,0,15,37.0,20.9,4.0,6.3,6,5,2,8,2,0.00,0.15,0.15,3.62,307,117,283,94,348,122,333,111,,,,,,,0.0,0.0,0.09,0.09,2.19,3.62,543,136,316,109,301,106,532,192,1.21,0.0,4.83
743,True,True,,,523705,0,0,0,0,0,2,1.8,2.3,1,Jackson,1.8,695,False,,,45,523705.jpg,1.4,False,Tchatchoua,0.0,False,,a,20,39,11,2196,27,1482,75,0.4,2.4,Tchatchoua,38.0,2025-08-19,2001-09-14,False,p523705,382,0,0,0,10,0,0,0,0,0,0,0,23,79.6,92.5,18.0,19.0,18,25,10,28,3,0.26,0.10,0.36,4.78,207,81,95,21,272,82,195,65,,,,,,,0.06,0.0,0.02,0.08,1.13,2.36,444,96,197,69,327,114,649,222,0.71,0.0,6.6
744,True,True,,,431248,0,0,0,0,0,2,1.8,2.3,4,Ladislav,1.8,709,False,,,45,431248.jpg,2.5,False,Krejcí,0.1,False,,a,20,39,15,7968,125,2473,164,0.4,3.3,Krejčí,57.0,2025-08-28,1999-04-20,False,p431248,540,1,1,0,11,1,0,0,1,0,0,0,63,165.4,73.5,91.0,33.0,32,20,9,41,6,0.84,0.98,1.82,6.13,77,36,125,27,83,12,89,25,,,,,,,0.14,0.0,0.16,0.3,1.02,1.83,419,88,196,68,208,81,542,197,1.0,0.0,6.83
745,True,True,,,488213,0,0,0,0,0,4,1.0,1.5,1,Tolu,1.0,720,False,,,55,488213.jpg,1.3,False,Arokodare,0.1,False,,a,20,39,8,14112,119,8834,378,0.2,1.5,Tolu,157.0,2025-09-01,2000-11-23,False,p488213,182,0,0,0,7,0,0,0,0,0,0,0,21,12.4,16.1,67.0,9.3,8,2,1,11,2,0.34,0.03,0.37,2.26,376,37,303,31,119,27,301,32,,,,,,,0.17,0.0,0.01,0.18,1.12,3.46,153,37,271,29,340,35,550,71,0.99,0.0,5.44
