,player_id,web_name,team_code,element_type,now_cost,event,points_md,is_captain,multiplier,starting_lineup,selected_by_percent,gw_points
0,102,Steele,36,1,40,36,6.199,False,1,1,5.4,6.199
1,285,Alexander-Arnold,14,2,77,36,4.718,False,1,1,28.0,4.718
2,357,Trippier,4,2,61,36,8.049,True,2,1,65.9,16.098
3,366,Schär,4,2,51,36,7.1160000000000005,False,1,1,14.7,7.1160000000000005
4,116,Mac Allister,36,3,55,36,5.916,False,1,1,10.2,5.916
5,124,Mitoma,36,3,56,36,6.522,False,1,1,28.1,6.522
6,160,Zaha,31,3,72,36,5.434,False,1,1,6.8,5.434
7,283,Salah,14,3,131,36,6.2829999999999995,False,1,1,35.7,6.2829999999999995
8,335,Rashford,1,3,73,36,5.88,False,1,1,45.7,5.88
9,318,Haaland,43,4,124,36,5.789,False,1,1,83.4,5.789
10,594,Isak,4,4,70,36,7.931000000000001,False,1,1,13.2,7.931000000000001
11,133,Arrizabalaga,8,1,46,36,3.931,False,0,0,7.1,0.0
12,8,Tierney,3,2,46,36,3.7439999999999998,False,0,0,0.7,0.0
13,337,Lindelöf,1,2,41,36,3.668,False,0,0,0.8,0.0
14,66,Solanke,91,4,57,36,3.8480000000000003,False,0,0,4.2,0.0
