,player_id,web_name,team_code,element_type,now_cost,event,points_md,is_captain,multiplier,starting_lineup,selected_by_percent,gw_points
0,175,Johnstone,31,1,44,36,3.675,False,1,1,1.0,3.675
1,8,Tierney,3,2,46,36,3.707,False,1,1,0.7,3.707
2,92,Pinnock,94,2,44,36,3.628,False,1,1,0.9,3.628
3,358,Burn,4,2,45,36,6.3420000000000005,True,2,1,4.2,12.684000000000001
4,120,Caicedo,36,3,50,36,4.388,False,1,1,0.4,4.388
5,148,Gallagher,8,3,56,36,4.0680000000000005,False,1,1,0.5,4.0680000000000005
6,159,J.Ayew,31,3,52,36,4.197,False,1,1,0.4,4.197
7,373,Willock,4,3,47,36,6.3119999999999985,False,1,1,1.6,6.3119999999999985
8,374,Bruno Guimarães,4,3,55,36,6.184,False,1,1,2.9,6.184
9,125,Enciso,36,4,46,36,4.636,False,1,1,1.6,4.636
10,596,Ferguson,36,4,46,36,4.708,False,1,1,1.3,4.708
11,2,Leno,54,1,46,36,3.3810000000000002,False,0,0,3.5,0.0
12,167,Guéhi,31,2,45,36,3.589,False,0,0,2.4,0.0
13,610,Akanji,43,2,50,36,3.573,False,0,0,3.6,0.0
14,66,Solanke,91,4,57,36,3.905,False,0,0,4.2,0.0
