,ID,Points,Minutes,sim
0,3,6,90,1
1,4,2,90,1
2,6,9,90,1
3,9,8,90,1
4,14,2,90,1
5,15,6,90,1
6,17,15,90,1
7,18,9,90,1
8,19,2,90,1
9,20,3,90,1
10,23,3,90,1
11,24,6,90,1
12,25,9,90,1
13,26,6,90,1
14,35,1,90,1
15,36,1,90,1
16,42,2,90,1
17,44,1,90,1
18,47,1,90,1
19,52,1,90,1
20,54,2,90,1
21,57,2,90,1
22,58,6,90,1
23,59,1,90,1
24,63,2,90,1
25,64,2,90,1
26,70,1,90,1
27,71,2,90,1
28,78,2,90,1
29,79,1,90,1
30,82,11,90,1
31,83,2,90,1
32,85,4,90,1
33,88,6,90,1
34,91,6,90,1
35,95,3,90,1
36,98,3,90,1
37,99,10,90,1
38,101,3,90,1
39,104,6,90,1
40,105,6,90,1
41,106,6,90,1
42,110,11,90,1
43,115,5,90,1
44,117,2,90,1
45,122,1,90,1
46,126,2,90,1
47,128,1,90,1
48,136,7,90,1
49,144,1,90,1
50,146,1,90,1
51,148,2,90,1
52,149,5,90,1
53,152,1,90,1
54,157,2,90,1
55,159,1,90,1
56,162,1,90,1
57,168,2,90,1
58,172,1,90,1
59,174,2,90,1
60,177,2,90,1
61,180,2,90,1
62,181,2,90,1
63,185,1,90,1
64,188,5,90,1
65,189,2,90,1
66,191,2,90,1
67,192,2,90,1
68,194,1,90,1
69,196,1,90,1
70,200,1,90,1
71,201,1,90,1
72,204,2,90,1
73,205,2,90,1
74,207,6,90,1
75,211,1,90,1
76,214,2,90,1
77,217,2,90,1
78,219,1,90,1
79,220,5,90,1
80,222,2,90,1
81,224,2,90,1
82,232,2,90,1
83,233,2,90,1
84,235,2,90,1
85,236,1,90,1
86,238,1,90,1
87,239,2,90,1
88,241,4,90,1
89,247,8,90,1
90,248,2,90,1
91,252,10,90,1
92,255,2,90,1
93,257,2,90,1
94,259,5,90,1
95,263,0,90,1
96,265,2,90,1
97,267,0,90,1
98,272,10,90,1
99,275,0,90,1
100,278,2,90,1
101,289,3,90,1
102,293,1,90,1
103,295,1,90,1
104,296,1,90,1
105,300,2,90,1
106,301,1,90,1
107,307,1,90,1
108,311,2,90,1
109,316,7,90,1
110,321,5,90,1
111,324,2,90,1
112,325,2,90,1
113,326,2,90,1
114,327,7,90,1
115,328,4,90,1
116,329,5,90,1
117,335,2,90,1
118,338,6,90,1
119,339,11,90,1
120,340,2,90,1
121,342,7,90,1
122,346,2,90,1
123,347,3,90,1
124,348,2,90,1
125,350,2,90,1
126,351,4,90,1
127,354,2,90,1
128,356,5,90,1
129,363,2,90,1
130,364,2,90,1
131,366,5,90,1
132,368,2,90,1
133,369,7,90,1
134,372,2,90,1
135,375,2,90,1
136,380,2,90,1
137,383,2,90,1
138,385,12,90,1
139,388,5,90,1
140,389,2,90,1
141,392,2,90,1
142,394,2,90,1
143,395,2,90,1
144,398,2,90,1
145,399,2,90,1
146,401,2,90,1
147,402,2,90,1
148,405,2,90,1
149,410,2,90,1
150,413,5,90,1
151,415,2,90,1
152,422,6,90,1
153,423,8,90,1
154,431,3,90,1
155,432,3,90,1
156,434,3,90,1
157,436,6,90,1
158,443,6,90,1
159,447,7,90,1
160,449,3,90,1
161,452,2,90,1
162,453,6,90,1
163,455,2,90,1
164,461,2,90,1
165,467,2,90,1
166,474,2,90,1
167,476,2,90,1
168,480,2,90,1
169,481,2,90,1
170,491,5,90,1
171,492,10,90,1
172,494,7,90,1
173,498,1,90,1
174,499,7,90,1
175,501,2,90,1
176,503,10,90,1
177,505,4,90,1
178,508,2,90,1
179,512,2,90,1
180,514,2,90,1
181,518,2,90,1
182,520,2,90,1
183,521,2,90,1
184,523,6,90,1
185,524,4,90,1
186,528,5,90,1
187,530,2,90,1
188,533,2,90,1
189,541,2,90,1
190,542,2,90,1
191,548,2,90,1
192,557,2,90,1
193,559,3,90,1
194,560,2,90,1
195,564,2,90,1
196,566,8,90,1
197,567,5,90,1
198,568,0,90,1
199,569,2,90,1
200,570,7,90,1
201,571,7,90,1
202,573,6,90,1
203,577,5,90,1
204,585,3,90,1
205,587,12,90,1
206,592,1,90,1
207,593,2,90,1
208,611,2,90,1
209,618,2,90,1
210,619,2,90,1
211,622,2,90,1
212,623,2,90,1
213,628,1,90,1
214,630,0,90,1
215,631,2,90,1
216,650,1,90,1
217,651,7,90,1
218,654,2,90,1
219,655,2,90,1
0,2,2,90,2
1,3,2,90,2
2,6,4,90,2
3,9,10,90,2
4,13,2,90,2
5,14,1,90,2
6,15,2,90,2
7,17,2,90,2
8,18,2,90,2
9,19,3,90,2
10,20,2,90,2
11,23,2,90,2
12,24,5,90,2
13,26,0,90,2
14,27,2,90,2
15,28,2,90,2
16,42,2,90,2
17,44,2,90,2
18,47,2,90,2
19,48,5,90,2
20,52,2,90,2
21,53,2,90,2
22,54,2,90,2
23,57,7,90,2
24,58,6,90,2
25,60,2,90,2
26,63,2,90,2
27,64,2,90,2
28,70,0,90,2
29,78,5,90,2
30,79,-1,90,2
31,81,-1,90,2
32,82,10,90,2
33,83,2,90,2
34,84,-1,90,2
35,85,-1,90,2
36,88,6,90,2
37,91,6,90,2
38,94,6,90,2
39,95,12,90,2
40,98,3,90,2
41,99,15,90,2
42,101,3,90,2
43,104,6,90,2
44,105,12,90,2
45,110,10,90,2
46,115,7,90,2
47,120,1,90,2
48,121,2,90,2
49,126,7,90,2
50,128,1,90,2
51,136,7,90,2
52,144,1,90,2
53,145,1,90,2
54,146,1,90,2
55,148,6,90,2
56,157,2,90,2
57,159,6,90,2
58,162,2,90,2
59,163,2,90,2
60,168,2,90,2
61,177,2,90,2
62,180,2,90,2
63,182,3,90,2
64,185,2,90,2
65,189,8,90,2
66,191,6,90,2
67,192,2,90,2
68,194,6,90,2
69,196,7,90,2
70,200,6,90,2
71,201,6,90,2
72,204,2,90,2
73,205,3,90,2
74,207,2,90,2
75,211,6,90,2
76,214,3,90,2
77,219,2,90,2
78,220,2,90,2
79,222,2,90,2
80,224,2,90,2
81,228,2,90,2
82,231,2,90,2
83,232,2,90,2
84,235,2,90,2
85,236,2,90,2
86,238,2,90,2
87,240,3,90,2
88,241,6,90,2
89,247,3,90,2
90,248,6,90,2
91,252,5,90,2
92,255,6,90,2
93,257,6,90,2
94,259,3,90,2
95,263,7,90,2
96,265,2,90,2
97,267,1,90,2
98,274,2,90,2
99,275,1,90,2
100,278,2,90,2
101,285,2,90,2
102,291,1,90,2
103,293,1,90,2
104,295,1,90,2
105,300,2,90,2
106,301,1,90,2
107,306,2,90,2
108,307,1,90,2
109,309,7,90,2
110,311,1,90,2
111,316,9,90,2
112,323,2,90,2
113,324,5,90,2
114,325,3,90,2
115,326,1,90,2
116,327,2,90,2
117,329,2,90,2
118,335,1,90,2
119,336,2,90,2
120,338,12,90,2
121,339,2,90,2
122,340,2,90,2
123,341,1,90,2
124,342,5,90,2
125,347,1,90,2
126,348,2,90,2
127,350,4,90,2
128,351,6,90,2
129,355,1,90,2
130,363,4,90,2
131,366,7,90,2
132,369,2,90,2
133,370,5,90,2
134,372,2,90,2
135,375,7,90,2
136,380,5,90,2
137,383,2,90,2
138,385,7,90,2
139,388,9,90,2
140,389,2,90,2
141,391,5,90,2
142,394,2,90,2
143,395,2,90,2
144,398,10,90,2
145,399,1,90,2
146,401,5,90,2
147,403,7,90,2
148,409,1,90,2
149,410,10,90,2
150,413,1,90,2
151,415,7,90,2
152,422,0,90,2
153,433,7,90,2
154,434,2,90,2
155,436,0,90,2
156,437,2,90,2
157,443,0,90,2
158,447,6,90,2
159,449,8,90,2
160,453,7,90,2
161,455,1,90,2
162,461,1,90,2
163,467,7,90,2
164,472,1,90,2
165,474,1,90,2
166,476,1,90,2
167,480,2,90,2
168,481,2,90,2
169,486,2,90,2
170,491,2,90,2
171,492,4,90,2
172,495,5,90,2
173,498,2,90,2
174,503,5,90,2
175,505,2,90,2
176,508,3,90,2
177,512,2,90,2
178,514,3,90,2
179,518,2,90,2
180,520,6,90,2
181,521,6,90,2
182,524,8,90,2
183,527,9,90,2
184,530,3,90,2
185,531,2,90,2
186,533,2,90,2
187,541,2,90,2
188,550,7,90,2
189,553,2,90,2
190,557,2,90,2
191,559,2,90,2
192,560,2,90,2
193,563,7,90,2
194,564,2,90,2
195,566,8,90,2
196,567,2,90,2
197,568,1,90,2
198,569,2,90,2
199,570,5,90,2
200,571,7,90,2
201,573,3,90,2
202,577,2,90,2
203,585,3,90,2
204,587,3,90,2
205,588,6,90,2
206,591,6,90,2
207,592,-1,90,2
208,593,4,90,2
209,594,2,90,2
210,611,2,90,2
211,618,2,90,2
212,619,2,90,2
213,621,5,90,2
214,622,5,90,2
215,623,2,90,2
216,625,10,90,2
217,630,4,90,2
218,631,2,90,2
219,650,6,90,2
0,3,1,90,3
1,4,6,90,3
2,6,10,90,3
3,9,5,90,3
4,14,2,90,3
5,15,1,90,3
6,16,2,90,3
7,17,4,90,3
8,18,1,90,3
9,19,3,90,3
10,20,2,90,3
11,23,5,90,3
12,24,1,90,3
13,26,2,90,3
14,27,5,90,3
15,28,2,90,3
16,35,2,90,3
17,36,2,90,3
18,44,3,90,3
19,47,2,90,3
20,48,2,90,3
21,52,2,90,3
22,53,2,90,3
23,54,2,90,3
24,57,2,90,3
25,63,2,90,3
26,64,5,90,3
27,70,3,90,3
28,71,2,90,3
29,76,2,90,3
30,78,7,90,3
31,79,1,90,3
32,82,13,90,3
33,84,1,90,3
34,85,1,90,3
35,88,5,90,3
36,89,2,90,3
37,91,2,90,3
38,94,5,90,3
39,95,2,90,3
40,98,2,90,3
41,99,3,90,3
42,101,2,90,3
43,105,5,90,3
44,110,10,90,3
45,122,1,90,3
46,126,2,90,3
47,129,6,90,3
48,131,1,90,3
49,136,3,90,3
50,144,1,90,3
51,145,4,90,3
52,146,1,90,3
53,148,2,90,3
54,157,2,90,3
55,159,6,90,3
56,162,1,90,3
57,171,1,90,3
58,172,1,90,3
59,174,2,90,3
60,180,3,90,3
61,181,12,90,3
62,182,8,90,3
63,185,7,90,3
64,189,1,90,3
65,191,1,90,3
66,192,3,90,3
67,194,6,90,3
68,200,9,90,3
69,201,9,90,3
70,204,2,90,3
71,205,3,90,3
72,207,6,90,3
73,210,6,90,3
74,211,6,90,3
75,217,2,90,3
76,219,0,90,3
77,222,2,90,3
78,224,2,90,3
79,230,5,90,3
80,231,1,90,3
81,233,2,90,3
82,235,0,90,3
83,236,0,90,3
84,238,0,90,3
85,240,2,90,3
86,241,1,90,3
87,244,1,90,3
88,247,2,90,3
89,248,1,90,3
90,252,4,90,3
91,255,1,90,3
92,259,2,90,3
93,263,0,90,3
94,264,2,90,3
95,267,0,90,3
96,268,2,90,3
97,274,2,90,3
98,275,0,90,3
99,277,2,90,3
100,278,2,90,3
101,291,6,90,3
102,293,6,90,3
103,295,6,90,3
104,299,3,90,3
105,300,3,90,3
106,306,10,90,3
107,307,6,90,3
108,309,3,90,3
109,311,6,90,3
110,316,8,90,3
111,320,6,90,3
112,323,3,90,3
113,325,6,90,3
114,326,6,90,3
115,327,3,90,3
116,328,3,90,3
117,329,3,90,3
118,335,6,90,3
119,338,2,90,3
120,339,9,90,3
121,340,2,90,3
122,341,2,90,3
123,345,2,90,3
124,346,4,90,3
125,347,2,90,3
126,348,7,90,3
127,350,2,90,3
128,351,6,90,3
129,354,5,90,3
130,355,2,90,3
131,365,2,90,3
132,368,2,90,3
133,369,1,90,3
134,372,2,90,3
135,376,1,90,3
136,380,3,90,3
137,383,1,90,3
138,385,5,90,3
139,388,6,90,3
140,392,2,90,3
141,394,2,90,3
142,395,2,90,3
143,398,2,90,3
144,399,2,90,3
145,401,2,90,3
146,402,2,90,3
147,404,2,90,3
148,409,2,90,3
149,413,3,90,3
150,415,10,90,3
151,422,2,90,3
152,432,5,90,3
153,433,10,90,3
154,434,2,90,3
155,437,2,90,3
156,443,2,90,3
157,447,2,90,3
158,449,2,90,3
159,452,2,90,3
160,453,2,90,3
161,455,2,90,3
162,456,2,90,3
163,461,2,90,3
164,463,7,90,3
165,486,6,90,3
166,491,8,90,3
167,492,3,90,3
168,494,6,90,3
169,495,12,90,3
170,498,6,90,3
171,503,8,90,3
172,505,6,90,3
173,508,6,90,3
174,512,5,90,3
175,514,16,90,3
176,518,2,90,3
177,520,6,90,3
178,521,9,90,3
179,524,8,90,3
180,530,8,90,3
181,531,2,90,3
182,533,3,90,3
183,541,9,90,3
184,553,2,90,3
185,557,2,90,3
186,559,4,90,3
187,560,5,90,3
188,563,5,90,3
189,564,2,90,3
190,565,2,90,3
191,566,2,90,3
192,567,2,90,3
193,568,1,90,3
194,570,9,90,3
195,573,2,90,3
196,577,2,90,3
197,585,3,90,3
198,587,3,90,3
199,588,3,90,3
200,591,6,90,3
201,592,1,90,3
202,593,1,90,3
203,594,2,90,3
204,608,2,90,3
205,609,6,90,3
206,617,2,90,3
207,618,2,90,3
208,619,2,90,3
209,622,2,90,3
210,623,2,90,3
211,625,2,90,3
212,628,1,90,3
213,630,0,90,3
214,635,3,90,3
215,645,3,90,3
216,650,12,90,3
217,651,2,90,3
218,652,2,90,3
219,654,8,90,3
0,2,2,90,4
1,4,4,90,4
2,13,2,90,4
3,14,1,90,4
4,15,1,90,4
5,16,7,90,4
6,17,21,90,4
7,19,2,90,4
8,20,2,90,4
9,23,2,90,4
10,24,4,90,4
11,25,4,90,4
12,26,5,90,4
13,27,2,90,4
14,35,2,90,4
15,36,2,90,4
16,44,2,90,4
17,47,2,90,4
18,48,2,90,4
19,52,2,90,4
20,53,7,90,4
21,54,2,90,4
22,58,9,90,4
23,63,3,90,4
24,64,8,90,4
25,70,6,90,4
26,76,3,90,4
27,78,3,90,4
28,79,6,90,4
29,81,6,90,4
30,82,2,90,4
31,83,6,90,4
32,85,6,90,4
33,88,2,90,4
34,89,5,90,4
35,91,2,90,4
36,94,2,90,4
37,98,2,90,4
38,99,2,90,4
39,101,4,90,4
40,104,2,90,4
41,105,2,90,4
42,110,2,90,4
43,115,2,90,4
44,117,5,90,4
45,120,1,90,4
46,126,2,90,4
47,136,4,90,4
48,144,1,90,4
49,145,1,90,4
50,146,1,90,4
51,148,2,90,4
52,149,2,90,4
53,152,6,90,4
54,157,2,90,4
55,159,2,90,4
56,162,0,90,4
57,163,0,90,4
58,174,2,90,4
59,177,2,90,4
60,180,5,90,4
61,181,12,90,4
62,182,5,90,4
63,185,0,90,4
64,187,0,90,4
65,188,2,90,4
66,189,0,90,4
67,191,2,90,4
68,194,2,90,4
69,200,2,90,4
70,201,4,90,4
71,204,6,90,4
72,205,2,90,4
73,207,5,90,4
74,211,2,90,4
75,214,5,90,4
76,219,6,90,4
77,220,3,90,4
78,222,3,90,4
79,224,3,90,4
80,230,3,90,4
81,231,6,90,4
82,232,4,90,4
83,233,2,90,4
84,235,6,90,4
85,236,6,90,4
86,238,6,90,4
87,240,2,90,4
88,241,5,90,4
89,248,2,90,4
90,251,2,90,4
91,252,6,90,4
92,255,2,90,4
93,257,3,90,4
94,264,5,90,4
95,267,2,90,4
96,268,2,90,4
97,274,2,90,4
98,277,2,90,4
99,278,2,90,4
100,284,2,90,4
101,293,1,90,4
102,295,1,90,4
103,296,1,90,4
104,298,7,90,4
105,300,2,90,4
106,301,1,90,4
107,306,10,90,4
108,307,1,90,4
109,309,2,90,4
110,311,2,90,4
111,316,2,90,4
112,322,1,90,4
113,323,2,90,4
114,325,1,90,4
115,326,7,90,4
116,327,4,90,4
117,328,2,90,4
118,329,2,90,4
119,336,2,90,4
120,338,3,90,4
121,339,1,90,4
122,340,6,90,4
123,341,6,90,4
124,342,8,90,4
125,345,9,90,4
126,346,8,90,4
127,347,6,90,4
128,348,8,90,4
129,351,2,90,4
130,354,6,90,4
131,355,6,90,4
132,363,7,90,4
133,364,5,90,4
134,366,2,90,4
135,368,2,90,4
136,372,8,90,4
137,375,4,90,4
138,380,1,90,4
139,383,4,90,4
140,385,2,90,4
141,388,9,90,4
142,389,6,90,4
143,392,2,90,4
144,394,2,90,4
145,395,1,90,4
146,399,1,90,4
147,401,2,90,4
148,402,2,90,4
149,403,2,90,4
150,404,2,90,4
151,409,7,90,4
152,413,4,90,4
153,415,3,90,4
154,422,2,90,4
155,424,6,90,4
156,433,7,90,4
157,434,2,90,4
158,436,2,90,4
159,443,2,90,4
160,447,5,90,4
161,449,2,90,4
162,455,1,90,4
163,461,1,90,4
164,470,2,90,4
165,475,1,90,4
166,476,1,90,4
167,480,5,90,4
168,486,2,90,4
169,491,5,90,4
170,492,2,90,4
171,494,2,90,4
172,495,2,90,4
173,499,2,90,4
174,501,2,90,4
175,503,9,90,4
176,505,2,90,4
177,508,3,90,4
178,518,5,90,4
179,520,6,90,4
180,521,6,90,4
181,524,6,90,4
182,527,3,90,4
183,528,6,90,4
184,530,3,90,4
185,533,6,90,4
186,535,4,90,4
187,541,10,90,4
188,542,6,90,4
189,559,9,90,4
190,565,6,90,4
191,566,8,90,4
192,567,6,90,4
193,568,2,90,4
194,569,2,90,4
195,573,2,90,4
196,576,3,90,4
197,577,3,90,4
198,579,2,90,4
199,585,7,90,4
200,587,3,90,4
201,588,3,90,4
202,591,6,90,4
203,593,1,90,4
204,608,2,90,4
205,617,2,90,4
206,618,2,90,4
207,619,2,90,4
208,622,2,90,4
209,623,2,90,4
210,628,1,90,4
211,630,2,90,4
212,631,7,90,4
213,633,7,90,4
214,647,2,90,4
215,650,2,90,4
216,652,2,90,4
217,655,3,90,4
218,10145,2,90,4
219,10149,6,90,4
0,3,2,90,5
1,4,2,90,5
2,6,5,90,5
3,9,7,90,5
4,12,7,90,5
5,14,0,90,5
6,15,3,90,5
7,17,5,90,5
8,18,2,90,5
9,19,2,90,5
10,20,4,90,5
11,23,2,90,5
12,24,2,90,5
13,26,1,90,5
14,28,2,90,5
15,36,2,90,5
16,44,2,90,5
17,47,2,90,5
18,48,7,90,5
19,52,2,90,5
20,53,2,90,5
21,57,5,90,5
22,58,6,90,5
23,63,7,90,5
24,64,5,90,5
25,65,2,90,5
26,70,1,90,5
27,76,2,90,5
28,78,2,90,5
29,79,1,90,5
30,82,10,90,5
31,85,1,90,5
32,88,4,90,5
33,91,1,90,5
34,95,7,90,5
35,98,4,90,5
36,99,7,90,5
37,100,10,90,5
38,101,2,90,5
39,104,1,90,5
40,110,5,90,5
41,115,2,90,5
42,117,2,90,5
43,122,2,90,5
44,126,2,90,5
45,131,2,90,5
46,136,2,90,5
47,144,2,90,5
48,145,2,90,5
49,146,2,90,5
50,149,2,90,5
51,152,2,90,5
52,157,2,90,5
53,159,1,90,5
54,162,1,90,5
55,163,1,90,5
56,171,4,90,5
57,172,1,90,5
58,174,2,90,5
59,177,5,90,5
60,180,2,90,5
61,182,7,90,5
62,185,1,90,5
63,188,2,90,5
64,189,1,90,5
65,191,2,90,5
66,192,2,90,5
67,193,2,90,5
68,194,7,90,5
69,200,3,90,5
70,201,1,90,5
71,204,1,90,5
72,205,3,90,5
73,207,2,90,5
74,210,1,90,5
75,211,1,90,5
76,214,2,90,5
77,218,2,90,5
78,220,2,90,5
79,222,2,90,5
80,230,2,90,5
81,231,1,90,5
82,232,6,90,5
83,233,2,90,5
84,235,1,90,5
85,236,1,90,5
86,238,1,90,5
87,239,7,90,5
88,240,5,90,5
89,241,2,90,5
90,244,2,90,5
91,247,5,90,5
92,248,2,90,5
93,254,5,90,5
94,255,8,90,5
95,262,2,90,5
96,263,0,90,5
97,267,0,90,5
98,272,2,90,5
99,274,2,90,5
100,275,0,90,5
101,278,2,90,5
102,293,3,90,5
103,295,8,90,5
104,296,2,90,5
105,298,5,90,5
106,300,2,90,5
107,307,2,90,5
108,309,2,90,5
109,311,4,90,5
110,313,1,90,5
111,314,2,90,5
112,323,3,90,5
113,324,2,90,5
114,325,1,90,5
115,326,1,90,5
116,327,7,90,5
117,328,2,90,5
118,329,4,90,5
119,335,1,90,5
120,338,4,90,5
121,339,4,90,5
122,340,6,90,5
123,341,6,90,5
124,345,5,90,5
125,347,6,90,5
126,348,4,90,5
127,350,6,90,5
128,351,6,90,5
129,354,6,90,5
130,366,2,90,5
131,368,2,90,5
132,369,5,90,5
133,372,2,90,5
134,375,6,90,5
135,380,2,90,5
136,382,5,90,5
137,383,2,90,5
138,385,2,90,5
139,388,5,90,5
140,389,4,90,5
141,392,8,90,5
142,394,9,90,5
143,395,6,90,5
144,398,3,90,5
145,399,6,90,5
146,401,6,90,5
147,402,3,90,5
148,409,7,90,5
149,410,3,90,5
150,413,6,90,5
151,415,6,90,5
152,422,1,90,5
153,423,2,90,5
154,432,4,90,5
155,433,5,90,5
156,436,1,90,5
157,443,1,90,5
158,447,2,90,5
159,449,2,90,5
160,453,6,90,5
161,455,0,90,5
162,461,0,90,5
163,463,2,90,5
164,470,14,90,5
165,474,0,90,5
166,476,0,90,5
167,480,3,90,5
168,482,3,90,5
169,484,6,90,5
170,486,12,90,5
171,494,6,90,5
172,495,10,90,5
173,499,8,90,5
174,503,16,90,5
175,505,6,90,5
176,508,6,90,5
177,512,2,90,5
178,514,2,90,5
179,518,2,90,5
180,520,4,90,5
181,521,2,90,5
182,524,8,90,5
183,527,5,90,5
184,530,2,90,5
185,531,2,90,5
186,535,11,90,5
187,541,11,90,5
188,542,4,90,5
189,543,7,90,5
190,544,10,90,5
191,548,12,90,5
192,559,1,90,5
193,564,1,90,5
194,566,2,90,5
195,567,1,90,5
196,568,0,90,5
197,569,5,90,5
198,570,2,90,5
199,571,6,90,5
200,573,1,90,5
201,577,2,90,5
202,580,1,90,5
203,585,5,90,5
204,587,8,90,5
205,588,2,90,5
206,591,2,90,5
207,594,2,90,5
208,595,2,90,5
209,611,2,90,5
210,617,6,90,5
211,619,2,90,5
212,622,2,90,5
213,623,5,90,5
214,625,3,90,5
215,628,2,90,5
216,631,2,90,5
217,635,2,90,5
218,651,2,90,5
219,672,6,90,5
0,3,1,90,6
1,4,7,90,6
2,6,1,90,6
3,13,2,90,6
4,14,1,90,6
5,15,1,90,6
6,16,2,90,6
7,17,2,90,6
8,18,1,90,6
9,19,2,90,6
10,23,4,90,6
11,24,4,90,6
12,25,4,90,6
13,26,5,90,6
14,27,2,90,6
15,28,2,90,6
16,35,2,90,6
17,36,2,90,6
18,44,2,90,6
19,47,2,90,6
20,48,4,90,6
21,52,2,90,6
22,54,2,90,6
23,57,3,90,6
24,58,2,90,6
25,63,9,90,6
26,64,3,90,6
27,70,6,90,6
28,71,6,90,6
29,78,3,90,6
30,79,6,90,6
31,81,6,90,6
32,82,13,90,6
33,83,6,90,6
34,85,6,90,6
35,88,2,90,6
36,89,2,90,6
37,91,2,90,6
38,94,2,90,6
39,99,2,90,6
40,101,2,90,6
41,104,2,90,6
42,106,2,90,6
43,110,2,90,6
44,113,6,90,6
45,115,3,90,6
46,117,10,90,6
47,122,7,90,6
48,126,6,90,6
49,128,6,90,6
50,135,8,90,6
51,136,11,90,6
52,144,6,90,6
53,145,6,90,6
54,146,8,90,6
55,152,6,90,6
56,157,2,90,6
57,159,6,90,6
58,162,2,90,6
59,171,5,90,6
60,172,5,90,6
61,174,2,90,6
62,177,7,90,6
63,180,2,90,6
64,182,7,90,6
65,185,2,90,6
66,189,2,90,6
67,191,1,90,6
68,192,2,90,6
69,193,3,90,6
70,196,12,90,6
71,201,6,90,6
72,204,3,90,6
73,205,8,90,6
74,207,6,90,6
75,210,6,90,6
76,214,3,90,6
77,217,2,90,6
78,218,6,90,6
79,220,5,90,6
80,222,2,90,6
81,224,2,90,6
82,231,1,90,6
83,234,7,90,6
84,235,1,90,6
85,236,1,90,6
86,238,1,90,6
87,240,2,90,6
88,241,1,90,6
89,247,2,90,6
90,248,1,90,6
91,252,4,90,6
92,255,1,90,6
93,257,1,90,6
94,259,3,90,6
95,263,1,90,6
96,265,2,90,6
97,267,1,90,6
98,268,2,90,6
99,274,2,90,6
100,275,1,90,6
101,277,2,90,6
102,278,2,90,6
103,291,1,90,6
104,293,1,90,6
105,295,4,90,6
106,296,1,90,6
107,298,2,90,6
108,301,1,90,6
109,302,1,90,6
110,309,2,90,6
111,311,6,90,6
112,314,2,90,6
113,316,2,90,6
114,323,3,90,6
115,325,6,90,6
116,326,6,90,6
117,327,3,90,6
118,328,3,90,6
119,329,6,90,6
120,335,6,90,6
121,336,11,90,6
122,338,2,90,6
123,339,6,90,6
124,340,1,90,6
125,341,1,90,6
126,342,2,90,6
127,347,1,90,6
128,348,2,90,6
129,350,1,90,6
130,351,2,90,6
131,354,2,90,6
132,355,1,90,6
133,363,1,90,6
134,364,2,90,6
135,366,12,90,6
136,369,2,90,6
137,372,2,90,6
138,375,6,90,6
139,380,2,90,6
140,383,2,90,6
141,386,2,90,6
142,388,1,90,6
143,389,3,90,6
144,394,2,90,6
145,395,1,90,6
146,398,2,90,6
147,399,1,90,6
148,401,5,90,6
149,402,2,90,6
150,403,2,90,6
151,404,1,90,6
152,409,1,90,6
153,413,1,90,6
154,415,7,90,6
155,422,2,90,6
156,431,2,90,6
157,433,3,90,6
158,434,5,90,6
159,436,2,90,6
160,443,2,90,6
161,447,6,90,6
162,449,2,90,6
163,453,6,90,6
164,455,4,90,6
165,461,1,90,6
166,467,1,90,6
167,470,10,90,6
168,474,1,90,6
169,475,1,90,6
170,484,9,90,6
171,486,12,90,6
172,491,3,90,6
173,492,3,90,6
174,494,7,90,6
175,496,6,90,6
176,498,6,90,6
177,503,6,90,6
178,505,8,90,6
179,508,6,90,6
180,514,9,90,6
181,520,1,90,6
182,521,1,90,6
183,524,4,90,6
184,528,1,90,6
185,530,2,90,6
186,533,1,90,6
187,535,5,90,6
188,541,10,90,6
189,542,1,90,6
190,553,5,90,6
191,557,2,90,6
192,559,1,90,6
193,564,1,90,6
194,565,5,90,6
195,568,1,90,6
196,569,2,90,6
197,570,2,90,6
198,573,10,90,6
199,585,3,90,6
200,587,7,90,6
201,588,6,90,6
202,591,4,90,6
203,593,2,90,6
204,594,2,90,6
205,596,10,90,6
206,608,2,90,6
207,611,2,90,6
208,617,4,90,6
209,618,3,90,6
210,622,2,90,6
211,623,3,90,6
212,625,2,90,6
213,630,1,90,6
214,647,3,90,6
215,650,12,90,6
216,651,2,90,6
217,652,5,90,6
218,654,2,90,6
219,655,2,90,6
0,3,1,90,7
1,4,5,90,7
2,6,1,90,7
3,9,2,90,7
4,10,3,90,7
5,13,10,90,7
6,14,2,90,7
7,15,1,90,7
8,17,7,90,7
9,18,1,90,7
10,19,2,90,7
11,20,7,90,7
12,23,12,90,7
13,24,1,90,7
14,26,6,90,7
15,27,2,90,7
16,35,1,90,7
17,36,1,90,7
18,44,1,90,7
19,47,1,90,7
20,49,1,90,7
21,52,1,90,7
22,53,2,90,7
23,54,2,90,7
24,57,2,90,7
25,58,2,90,7
26,59,2,90,7
27,63,5,90,7
28,64,2,90,7
29,65,5,90,7
30,76,10,90,7
31,78,7,90,7
32,79,2,90,7
33,82,11,90,7
34,83,2,90,7
35,85,2,90,7
36,88,1,90,7
37,89,2,90,7
38,91,1,90,7
39,94,5,90,7
40,98,5,90,7
41,101,2,90,7
42,104,1,90,7
43,105,1,90,7
44,106,2,90,7
45,110,6,90,7
46,113,2,90,7
47,115,2,90,7
48,120,1,90,7
49,123,3,90,7
50,126,5,90,7
51,144,1,90,7
52,145,1,90,7
53,146,1,90,7
54,152,4,90,7
55,157,2,90,7
56,159,6,90,7
57,162,0,90,7
58,171,0,90,7
59,172,0,90,7
60,177,2,90,7
61,180,3,90,7
62,182,11,90,7
63,185,0,90,7
64,189,6,90,7
65,191,2,90,7
66,192,13,90,7
67,194,6,90,7
68,200,6,90,7
69,201,6,90,7
70,204,2,90,7
71,205,3,90,7
72,207,2,90,7
73,210,6,90,7
74,211,8,90,7
75,215,12,90,7
76,217,2,90,7
77,219,2,90,7
78,220,10,90,7
79,222,2,90,7
80,224,5,90,7
81,231,2,90,7
82,235,2,90,7
83,236,2,90,7
84,238,2,90,7
85,241,2,90,7
86,247,2,90,7
87,248,2,90,7
88,252,5,90,7
89,255,2,90,7
90,257,2,90,7
91,262,2,90,7
92,263,1,90,7
93,264,2,90,7
94,267,1,90,7
95,268,6,90,7
96,275,1,90,7
97,277,2,90,7
98,278,2,90,7
99,291,9,90,7
100,293,6,90,7
101,295,6,90,7
102,298,3,90,7
103,299,3,90,7
104,300,3,90,7
105,302,6,90,7
106,307,6,90,7
107,309,3,90,7
108,311,6,90,7
109,313,6,90,7
110,323,13,90,7
111,324,3,90,7
112,325,6,90,7
113,326,9,90,7
114,327,16,90,7
115,328,3,90,7
116,329,3,90,7
117,335,10,90,7
118,338,1,90,7
119,339,6,90,7
120,340,8,90,7
121,342,6,90,7
122,346,8,90,7
123,347,6,90,7
124,348,3,90,7
125,350,6,90,7
126,351,2,90,7
127,354,3,90,7
128,356,11,90,7
129,363,6,90,7
130,366,4,90,7
131,368,2,90,7
132,369,1,90,7
133,370,2,90,7
134,372,2,90,7
135,375,2,90,7
136,380,1,90,7
137,383,2,90,7
138,385,5,90,7
139,386,2,90,7
140,394,2,90,7
141,395,2,90,7
142,399,2,90,7
143,401,2,90,7
144,403,4,90,7
145,409,2,90,7
146,410,2,90,7
147,413,2,90,7
148,415,2,90,7
149,417,2,90,7
150,420,2,90,7
151,422,6,90,7
152,431,3,90,7
153,432,3,90,7
154,433,4,90,7
155,434,3,90,7
156,436,6,90,7
157,443,6,90,7
158,447,6,90,7
159,449,6,90,7
160,453,6,90,7
161,455,1,90,7
162,461,4,90,7
163,467,4,90,7
164,472,1,90,7
165,474,1,90,7
166,475,1,90,7
167,476,1,90,7
168,482,2,90,7
169,484,5,90,7
170,486,5,90,7
171,491,2,90,7
172,492,2,90,7
173,494,2,90,7
174,495,2,90,7
175,503,2,90,7
176,505,5,90,7
177,508,4,90,7
178,512,4,90,7
179,514,5,90,7
180,520,8,90,7
181,521,1,90,7
182,524,1,90,7
183,527,2,90,7
184,530,2,90,7
185,535,7,90,7
186,539,2,90,7
187,542,2,90,7
188,557,2,90,7
189,559,2,90,7
190,560,7,90,7
191,563,5,90,7
192,564,2,90,7
193,566,6,90,7
194,567,7,90,7
195,568,1,90,7
196,569,2,90,7
197,570,6,90,7
198,571,3,90,7
199,573,9,90,7
200,576,2,90,7
201,577,2,90,7
202,579,2,90,7
203,585,3,90,7
204,587,2,90,7
205,591,1,90,7
206,593,1,90,7
207,595,2,90,7
208,611,2,90,7
209,617,7,90,7
210,618,2,90,7
211,622,2,90,7
212,623,2,90,7
213,628,1,90,7
214,630,1,90,7
215,650,6,90,7
216,651,2,90,7
217,652,2,90,7
218,654,5,90,7
219,655,2,90,7
0,3,2,90,8
1,6,2,90,8
2,9,2,90,8
3,10,2,90,8
4,14,2,90,8
5,15,2,90,8
6,16,2,90,8
7,17,4,90,8
8,18,5,90,8
9,19,2,90,8
10,20,2,90,8
11,23,3,90,8
12,24,2,90,8
13,26,6,90,8
14,27,9,90,8
15,38,6,90,8
16,42,2,90,8
17,44,1,90,8
18,47,1,90,8
19,48,5,90,8
20,52,7,90,8
21,57,2,90,8
22,58,2,90,8
23,59,1,90,8
24,63,2,90,8
25,64,5,90,8
26,71,12,90,8
27,78,7,90,8
28,79,1,90,8
29,81,4,90,8
30,82,3,90,8
31,83,6,90,8
32,85,1,90,8
33,88,1,90,8
34,89,2,90,8
35,91,1,90,8
36,94,2,90,8
37,95,2,90,8
38,99,9,90,8
39,101,2,90,8
40,104,4,90,8
41,106,10,90,8
42,110,2,90,8
43,115,2,90,8
44,117,2,90,8
45,122,1,90,8
46,128,1,90,8
47,129,2,90,8
48,144,1,90,8
49,145,1,90,8
50,146,1,90,8
51,148,2,90,8
52,149,2,90,8
53,152,1,90,8
54,157,3,90,8
55,159,2,90,8
56,162,6,90,8
57,163,6,90,8
58,171,6,90,8
59,172,12,90,8
60,174,6,90,8
61,177,3,90,8
62,180,2,90,8
63,182,3,90,8
64,185,6,90,8
65,191,0,90,8
66,194,8,90,8
67,196,2,90,8
68,200,2,90,8
69,201,8,90,8
70,204,1,90,8
71,205,11,90,8
72,207,6,90,8
73,210,5,90,8
74,211,2,90,8
75,217,8,90,8
76,219,6,90,8
77,220,2,90,8
78,222,3,90,8
79,230,3,90,8
80,231,6,90,8
81,232,2,90,8
82,233,2,90,8
83,235,7,90,8
84,236,6,90,8
85,240,4,90,8
86,241,0,90,8
87,247,7,90,8
88,248,0,90,8
89,252,2,90,8
90,255,0,90,8
91,257,0,90,8
92,259,5,90,8
93,263,1,90,8
94,265,8,90,8
95,267,1,90,8
96,272,6,90,8
97,274,2,90,8
98,275,1,90,8
99,278,2,90,8
100,291,7,90,8
101,293,1,90,8
102,295,4,90,8
103,296,1,90,8
104,298,7,90,8
105,300,2,90,8
106,302,1,90,8
107,306,5,90,8
108,309,2,90,8
109,311,1,90,8
110,313,1,90,8
111,323,2,90,8
112,324,5,90,8
113,325,1,90,8
114,327,5,90,8
115,328,7,90,8
116,329,5,90,8
117,335,1,90,8
118,337,7,90,8
119,338,1,90,8
120,339,2,90,8
121,340,6,90,8
122,341,7,90,8
123,345,6,90,8
124,347,6,90,8
125,350,9,90,8
126,351,12,90,8
127,354,3,90,8
128,355,6,90,8
129,363,6,90,8
130,368,7,90,8
131,369,1,90,8
132,371,1,90,8
133,372,5,90,8
134,380,1,90,8
135,382,5,90,8
136,383,3,90,8
137,385,5,90,8
138,388,2,90,8
139,391,2,90,8
140,394,2,90,8
141,395,1,90,8
142,398,4,90,8
143,399,1,90,8
144,401,2,90,8
145,402,2,90,8
146,403,2,90,8
147,404,2,90,8
148,409,1,90,8
149,413,1,90,8
150,422,6,90,8
151,425,12,90,8
152,431,6,90,8
153,433,3,90,8
154,434,6,90,8
155,436,6,90,8
156,443,6,90,8
157,447,9,90,8
158,449,3,90,8
159,461,2,90,8
160,467,5,90,8
161,472,2,90,8
162,474,2,90,8
163,476,5,90,8
164,480,2,90,8
165,486,2,90,8
166,491,2,90,8
167,492,14,90,8
168,494,8,90,8
169,495,2,90,8
170,499,2,90,8
171,503,2,90,8
172,505,11,90,8
173,508,2,90,8
174,512,5,90,8
175,514,2,90,8
176,517,4,90,8
177,518,2,90,8
178,520,2,90,8
179,521,2,90,8
180,524,2,90,8
181,527,2,90,8
182,533,1,90,8
183,541,6,90,8
184,542,2,90,8
185,544,2,90,8
186,553,2,90,8
187,557,5,90,8
188,559,1,90,8
189,560,3,90,8
190,564,1,90,8
191,566,4,90,8
192,567,1,90,8
193,568,1,90,8
194,569,4,90,8
195,570,2,90,8
196,571,11,90,8
197,573,6,90,8
198,576,2,90,8
199,577,3,90,8
200,584,2,90,8
201,585,5,90,8
202,587,2,90,8
203,588,2,90,8
204,592,1,90,8
205,593,1,90,8
206,594,2,90,8
207,595,2,90,8
208,597,2,90,8
209,598,1,90,8
210,608,12,90,8
211,611,2,90,8
212,619,2,90,8
213,623,2,90,8
214,625,3,90,8
215,628,1,90,8
216,630,1,90,8
217,650,5,90,8
218,651,3,90,8
219,652,7,90,8
0,3,6,90,9
1,4,4,90,9
2,6,6,90,9
3,9,8,90,9
4,13,3,90,9
5,14,3,90,9
6,15,6,90,9
7,17,3,90,9
8,18,6,90,9
9,19,7,90,9
10,20,3,90,9
11,23,6,90,9
12,24,6,90,9
13,26,1,90,9
14,27,3,90,9
15,35,2,90,9
16,36,2,90,9
17,44,2,90,9
18,45,2,90,9
19,47,2,90,9
20,48,2,90,9
21,54,2,90,9
22,57,2,90,9
23,58,2,90,9
24,60,2,90,9
25,64,2,90,9
26,65,2,90,9
27,70,2,90,9
28,71,5,90,9
29,78,2,90,9
30,81,2,90,9
31,82,2,90,9
32,83,7,90,9
33,85,2,90,9
34,88,2,90,9
35,91,3,90,9
36,94,2,90,9
37,95,2,90,9
38,99,9,90,9
39,101,5,90,9
40,104,5,90,9
41,105,2,90,9
42,110,2,90,9
43,117,2,90,9
44,122,1,90,9
45,123,2,90,9
46,126,2,90,9
47,136,2,90,9
48,144,1,90,9
49,145,4,90,9
50,146,1,90,9
51,148,4,90,9
52,152,2,90,9
53,157,3,90,9
54,159,1,90,9
55,162,2,90,9
56,163,2,90,9
57,171,2,90,9
58,172,2,90,9
59,174,2,90,9
60,177,2,90,9
61,180,2,90,9
62,185,2,90,9
63,189,2,90,9
64,191,2,90,9
65,192,5,90,9
66,194,1,90,9
67,200,1,90,9
68,201,1,90,9
69,204,6,90,9
70,205,3,90,9
71,207,6,90,9
72,210,3,90,9
73,211,4,90,9
74,214,2,90,9
75,217,2,90,9
76,220,2,90,9
77,222,2,90,9
78,224,2,90,9
79,231,1,90,9
80,232,2,90,9
81,233,2,90,9
82,234,1,90,9
83,235,1,90,9
84,236,4,90,9
85,238,1,90,9
86,239,2,90,9
87,240,5,90,9
88,241,2,90,9
89,243,2,90,9
90,245,2,90,9
91,247,10,90,9
92,248,2,90,9
93,255,5,90,9
94,257,2,90,9
95,263,0,90,9
96,264,2,90,9
97,267,3,90,9
98,268,2,90,9
99,274,2,90,9
100,275,0,90,9
101,278,7,90,9
102,285,2,90,9
103,291,2,90,9
104,293,2,90,9
105,295,2,90,9
106,300,2,90,9
107,302,2,90,9
108,306,8,90,9
109,309,2,90,9
110,311,9,90,9
111,316,6,90,9
112,321,2,90,9
113,323,4,90,9
114,325,6,90,9
115,326,8,90,9
116,327,3,90,9
117,328,3,90,9
118,329,3,90,9
119,335,9,90,9
120,338,2,90,9
121,339,6,90,9
122,340,2,90,9
123,342,2,90,9
124,345,7,90,9
125,347,2,90,9
126,350,2,90,9
127,351,8,90,9
128,355,5,90,9
129,363,8,90,9
130,364,2,90,9
131,366,5,90,9
132,368,2,90,9
133,369,2,90,9
134,372,7,90,9
135,380,3,90,9
136,383,2,90,9
137,388,6,90,9
138,389,2,90,9
139,392,7,90,9
140,394,2,90,9
141,395,4,90,9
142,398,2,90,9
143,399,1,90,9
144,401,9,90,9
145,403,10,90,9
146,409,2,90,9
147,413,1,90,9
148,415,1,90,9
149,417,2,90,9
150,422,1,90,9
151,432,10,90,9
152,433,2,90,9
153,436,1,90,9
154,437,1,90,9
155,443,1,90,9
156,447,13,90,9
157,449,2,90,9
158,455,1,90,9
159,461,1,90,9
160,467,4,90,9
161,472,1,90,9
162,474,1,90,9
163,476,1,90,9
164,480,2,90,9
165,486,11,90,9
166,491,10,90,9
167,492,2,90,9
168,495,5,90,9
169,498,2,90,9
170,499,2,90,9
171,501,2,90,9
172,503,19,90,9
173,505,10,90,9
174,508,2,90,9
175,512,2,90,9
176,514,11,90,9
177,518,2,90,9
178,520,6,90,9
179,521,6,90,9
180,524,8,90,9
181,527,8,90,9
182,530,8,90,9
183,531,2,90,9
184,533,6,90,9
185,541,5,90,9
186,542,12,90,9
187,544,3,90,9
188,553,8,90,9
189,557,3,90,9
190,559,15,90,9
191,560,2,90,9
192,564,6,90,9
193,565,6,90,9
194,567,6,90,9
195,568,0,90,9
196,571,2,90,9
197,573,1,90,9
198,585,2,90,9
199,587,10,90,9
200,588,3,90,9
201,591,6,90,9
202,593,2,90,9
203,594,5,90,9
204,595,8,90,9
205,598,2,90,9
206,608,2,90,9
207,617,2,90,9
208,618,2,90,9
209,619,2,90,9
210,623,2,90,9
211,625,2,90,9
212,628,1,90,9
213,630,0,90,9
214,631,2,90,9
215,649,2,90,9
216,650,1,90,9
217,651,2,90,9
218,652,2,90,9
219,672,2,90,9
0,2,2,90,10
1,4,2,90,10
2,6,2,90,10
3,9,10,90,10
4,13,4,90,10
5,14,1,90,10
6,15,2,90,10
7,16,2,90,10
8,17,2,90,10
9,18,2,90,10
10,20,2,90,10
11,24,5,90,10
12,26,1,90,10
13,27,9,90,10
14,28,3,90,10
15,35,6,90,10
16,36,6,90,10
17,44,6,90,10
18,47,6,90,10
19,48,3,90,10
20,49,6,90,10
21,52,6,90,10
22,53,9,90,10
23,54,9,90,10
24,57,3,90,10
25,63,3,90,10
26,64,3,90,10
27,65,2,90,10
28,71,3,90,10
29,78,6,90,10
30,79,6,90,10
31,81,6,90,10
32,82,10,90,10
33,83,8,90,10
34,85,6,90,10
35,88,2,90,10
36,89,2,90,10
37,91,2,90,10
38,94,2,90,10
39,97,2,90,10
40,98,5,90,10
41,99,4,90,10
42,100,2,90,10
43,101,2,90,10
44,104,2,90,10
45,117,2,90,10
46,122,6,90,10
47,123,2,90,10
48,126,3,90,10
49,128,6,90,10
50,136,3,90,10
51,137,3,90,10
52,144,6,90,10
53,145,6,90,10
54,146,6,90,10
55,148,2,90,10
56,152,6,90,10
57,157,2,90,10
58,159,1,90,10
59,162,2,90,10
60,163,2,90,10
61,171,2,90,10
62,172,2,90,10
63,177,2,90,10
64,180,3,90,10
65,182,2,90,10
66,185,2,90,10
67,189,8,90,10
68,191,3,90,10
69,194,3,90,10
70,196,1,90,10
71,200,1,90,10
72,201,1,90,10
73,204,1,90,10
74,205,2,90,10
75,207,6,90,10
76,210,1,90,10
77,211,4,90,10
78,214,2,90,10
79,217,2,90,10
80,219,2,90,10
81,222,2,90,10
82,224,2,90,10
83,228,2,90,10
84,231,2,90,10
85,234,2,90,10
86,235,2,90,10
87,236,5,90,10
88,240,7,90,10
89,241,2,90,10
90,247,2,90,10
91,248,2,90,10
92,251,13,90,10
93,252,2,90,10
94,255,5,90,10
95,257,2,90,10
96,259,5,90,10
97,263,-1,90,10
98,264,2,90,10
99,268,2,90,10
100,272,5,90,10
101,274,2,90,10
102,275,-1,90,10
103,278,2,90,10
104,291,0,90,10
105,293,0,90,10
106,296,0,90,10
107,298,3,90,10
108,300,2,90,10
109,301,0,90,10
110,305,0,90,10
111,306,2,90,10
112,309,2,90,10
113,311,4,90,10
114,313,2,90,10
115,320,2,90,10
116,321,2,90,10
117,323,2,90,10
118,324,2,90,10
119,325,2,90,10
120,326,2,90,10
121,328,2,90,10
122,335,2,90,10
123,338,3,90,10
124,339,2,90,10
125,340,6,90,10
126,341,6,90,10
127,342,4,90,10
128,347,6,90,10
129,348,5,90,10
130,350,6,90,10
131,351,5,90,10
132,354,3,90,10
133,363,6,90,10
134,365,8,90,10
135,366,8,90,10
136,369,12,90,10
137,372,3,90,10
138,375,6,90,10
139,380,9,90,10
140,383,6,90,10
141,385,8,90,10
142,388,6,90,10
143,389,2,90,10
144,391,2,90,10
145,394,2,90,10
146,395,2,90,10
147,398,9,90,10
148,399,2,90,10
149,401,6,90,10
150,403,5,90,10
151,409,2,90,10
152,413,3,90,10
153,415,2,90,10
154,417,7,90,10
155,422,1,90,10
156,431,5,90,10
157,432,2,90,10
158,433,2,90,10
159,434,5,90,10
160,436,1,90,10
161,443,1,90,10
162,449,2,90,10
163,453,2,90,10
164,455,1,90,10
165,461,7,90,10
166,472,1,90,10
167,474,1,90,10
168,476,7,90,10
169,480,3,90,10
170,482,3,90,10
171,484,9,90,10
172,491,6,90,10
173,492,18,90,10
174,495,9,90,10
175,499,5,90,10
176,503,6,90,10
177,505,12,90,10
178,508,7,90,10
179,512,4,90,10
180,514,8,90,10
181,518,2,90,10
182,520,6,90,10
183,521,6,90,10
184,523,3,90,10
185,526,3,90,10
186,527,3,90,10
187,530,3,90,10
188,531,2,90,10
189,533,1,90,10
190,541,13,90,10
191,542,1,90,10
192,544,4,90,10
193,548,5,90,10
194,553,5,90,10
195,557,3,90,10
196,559,1,90,10
197,560,5,90,10
198,565,7,90,10
199,567,1,90,10
200,568,-1,90,10
201,570,2,90,10
202,573,7,90,10
203,577,2,90,10
204,580,6,90,10
205,585,2,90,10
206,588,3,90,10
207,591,6,90,10
208,593,8,90,10
209,594,15,90,10
210,608,2,90,10
211,611,2,90,10
212,618,3,90,10
213,619,2,90,10
214,622,2,90,10
215,623,2,90,10
216,625,3,90,10
217,630,-1,90,10
218,651,2,90,10
219,672,6,90,10
0,2,6,90,11
1,3,6,90,11
2,4,2,90,11
3,6,6,90,11
4,13,3,90,11
5,14,1,90,11
6,15,6,90,11
7,17,4,90,11
8,18,6,90,11
9,19,2,90,11
10,20,3,90,11
11,23,6,90,11
12,24,6,90,11
13,26,11,90,11
14,27,5,90,11
15,35,1,90,11
16,36,1,90,11
17,44,1,90,11
18,47,1,90,11
19,48,10,90,11
20,50,1,90,11
21,52,1,90,11
22,54,2,90,11
23,57,7,90,11
24,58,5,90,11
25,64,2,90,11
26,65,4,90,11
27,70,8,90,11
28,76,2,90,11
29,78,2,90,11
30,79,2,90,11
31,82,6,90,11
32,83,5,90,11
33,85,9,90,11
34,88,1,90,11
35,89,2,90,11
36,91,1,90,11
37,94,5,90,11
38,98,2,90,11
39,99,7,90,11
40,101,2,90,11
41,104,1,90,11
42,105,4,90,11
43,110,2,90,11
44,115,3,90,11
45,117,2,90,11
46,120,6,90,11
47,122,9,90,11
48,126,3,90,11
49,128,6,90,11
50,136,4,90,11
51,144,6,90,11
52,146,6,90,11
53,148,10,90,11
54,149,3,90,11
55,152,2,90,11
56,157,2,90,11
57,159,3,90,11
58,162,2,90,11
59,168,2,90,11
60,171,2,90,11
61,172,2,90,11
62,180,5,90,11
63,181,2,90,11
64,182,2,90,11
65,185,2,90,11
66,188,2,90,11
67,189,4,90,11
68,191,2,90,11
69,200,2,90,11
70,201,2,90,11
71,204,7,90,11
72,205,5,90,11
73,207,6,90,11
74,210,2,90,11
75,211,2,90,11
76,214,5,90,11
77,215,2,90,11
78,218,2,90,11
79,219,6,90,11
80,222,3,90,11
81,224,3,90,11
82,231,6,90,11
83,233,2,90,11
84,234,6,90,11
85,235,7,90,11
86,236,6,90,11
87,238,8,90,11
88,240,2,90,11
89,241,2,90,11
90,247,2,90,11
91,248,2,90,11
92,251,8,90,11
93,252,2,90,11
94,255,2,90,11
95,257,2,90,11
96,263,0,90,11
97,265,2,90,11
98,267,0,90,11
99,268,2,90,11
100,272,6,90,11
101,274,2,90,11
102,275,0,90,11
103,278,2,90,11
104,285,2,90,11
105,291,3,90,11
106,293,2,90,11
107,296,2,90,11
108,300,2,90,11
109,301,2,90,11
110,302,2,90,11
111,305,2,90,11
112,307,2,90,11
113,309,2,90,11
114,311,7,90,11
115,316,5,90,11
116,320,2,90,11
117,323,2,90,11
118,324,2,90,11
119,325,1,90,11
120,326,4,90,11
121,328,9,90,11
122,329,2,90,11
123,335,1,90,11
124,338,1,90,11
125,339,2,90,11
126,340,1,90,11
127,341,1,90,11
128,342,2,90,11
129,345,2,90,11
130,346,2,90,11
131,347,1,90,11
132,348,2,90,11
133,350,1,90,11
134,351,5,90,11
135,355,1,90,11
136,363,3,90,11
137,366,5,90,11
138,368,3,90,11
139,369,9,90,11
140,370,8,90,11
141,375,5,90,11
142,380,6,90,11
143,382,3,90,11
144,383,6,90,11
145,385,3,90,11
146,386,2,90,11
147,388,6,90,11
148,392,2,90,11
149,394,2,90,11
150,395,1,90,11
151,398,2,90,11
152,399,2,90,11
153,401,6,90,11
154,403,2,90,11
155,409,1,90,11
156,410,5,90,11
157,413,3,90,11
158,415,1,90,11
159,422,2,90,11
160,423,2,90,11
161,432,7,90,11
162,433,2,90,11
163,434,5,90,11
164,436,2,90,11
165,443,2,90,11
166,447,12,90,11
167,449,2,90,11
168,453,4,90,11
169,455,1,90,11
170,461,1,90,11
171,472,1,90,11
172,475,1,90,11
173,476,1,90,11
174,482,2,90,11
175,486,5,90,11
176,491,6,90,11
177,492,7,90,11
178,494,2,90,11
179,495,5,90,11
180,498,8,90,11
181,499,2,90,11
182,503,10,90,11
183,508,4,90,11
184,512,2,90,11
185,514,3,90,11
186,516,6,90,11
187,521,6,90,11
188,523,2,90,11
189,527,3,90,11
190,528,6,90,11
191,533,6,90,11
192,541,2,90,11
193,542,6,90,11
194,544,8,90,11
195,559,9,90,11
196,564,6,90,11
197,566,2,90,11
198,567,6,90,11
199,568,0,90,11
200,573,2,90,11
201,576,3,90,11
202,577,6,90,11
203,580,2,90,11
204,585,2,90,11
205,591,6,90,11
206,593,6,90,11
207,608,2,90,11
208,617,5,90,11
209,618,3,90,11
210,622,2,90,11
211,623,2,90,11
212,630,0,90,11
213,631,2,90,11
214,650,2,90,11
215,651,3,90,11
216,652,3,90,11
217,654,3,90,11
218,655,3,90,11
219,10149,8,90,11
0,2,2,90,12
1,3,5,90,12
2,4,2,90,12
3,6,1,90,12
4,10,7,90,12
5,14,2,90,12
6,15,1,90,12
7,16,7,90,12
8,17,4,90,12
9,18,1,90,12
10,19,7,90,12
11,23,2,90,12
12,24,1,90,12
13,26,1,90,12
14,27,2,90,12
15,28,2,90,12
16,36,1,90,12
17,38,2,90,12
18,44,1,90,12
19,45,1,90,12
20,47,1,90,12
21,48,2,90,12
22,52,1,90,12
23,53,2,90,12
24,57,2,90,12
25,60,2,90,12
26,64,2,90,12
27,70,0,90,12
28,71,12,90,12
29,78,5,90,12
30,81,0,90,12
31,82,9,90,12
32,83,2,90,12
33,85,0,90,12
34,88,1,90,12
35,91,1,90,12
36,95,8,90,12
37,98,10,90,12
38,99,9,90,12
39,101,2,90,12
40,104,1,90,12
41,106,2,90,12
42,110,10,90,12
43,115,2,90,12
44,120,-1,90,12
45,121,2,90,12
46,122,-1,90,12
47,131,-1,90,12
48,136,2,90,12
49,145,-1,90,12
50,146,-1,90,12
51,152,0,90,12
52,157,2,90,12
53,159,0,90,12
54,162,8,90,12
55,163,2,90,12
56,171,2,90,12
57,172,5,90,12
58,174,5,90,12
59,177,7,90,12
60,180,9,90,12
61,185,2,90,12
62,189,2,90,12
63,191,4,90,12
64,193,2,90,12
65,194,3,90,12
66,196,0,90,12
67,198,2,90,12
68,201,0,90,12
69,204,6,90,12
70,205,5,90,12
71,207,9,90,12
72,210,6,90,12
73,211,0,90,12
74,214,7,90,12
75,217,2,90,12
76,219,7,90,12
77,222,2,90,12
78,224,2,90,12
79,228,1,90,12
80,230,2,90,12
81,231,1,90,12
82,235,1,90,12
83,236,1,90,12
84,238,4,90,12
85,239,2,90,12
86,241,1,90,12
87,243,2,90,12
88,244,1,90,12
89,248,2,90,12
90,252,10,90,12
91,255,1,90,12
92,263,2,90,12
93,265,2,90,12
94,267,3,90,12
95,268,2,90,12
96,274,2,90,12
97,275,2,90,12
98,278,2,90,12
99,285,3,90,12
100,291,6,90,12
101,293,6,90,12
102,295,6,90,12
103,300,8,90,12
104,301,6,90,12
105,306,2,90,12
106,307,6,90,12
107,309,6,90,12
108,314,10,90,12
109,316,11,90,12
110,321,2,90,12
111,323,3,90,12
112,325,6,90,12
113,326,6,90,12
114,327,4,90,12
115,328,13,90,12
116,329,3,90,12
117,335,6,90,12
118,337,9,90,12
119,338,1,90,12
120,339,6,90,12
121,340,24,90,12
122,342,4,90,12
123,347,6,90,12
124,348,6,90,12
125,350,12,90,12
126,351,14,90,12
127,354,6,90,12
128,355,12,90,12
129,356,8,90,12
130,363,6,90,12
131,366,2,90,12
132,368,2,90,12
133,369,2,90,12
134,370,2,90,12
135,372,5,90,12
136,375,2,90,12
137,380,3,90,12
138,383,2,90,12
139,385,4,90,12
140,388,3,90,12
141,392,12,90,12
142,394,2,90,12
143,395,1,90,12
144,398,10,90,12
145,399,1,90,12
146,401,2,90,12
147,403,5,90,12
148,409,4,90,12
149,413,1,90,12
150,415,1,90,12
151,420,2,90,12
152,422,1,90,12
153,430,2,90,12
154,431,7,90,12
155,433,10,90,12
156,434,2,90,12
157,436,1,90,12
158,443,3,90,12
159,447,3,90,12
160,453,5,90,12
161,457,2,90,12
162,461,2,90,12
163,467,2,90,12
164,470,2,90,12
165,472,2,90,12
166,476,2,90,12
167,484,6,90,12
168,486,6,90,12
169,489,3,90,12
170,491,6,90,12
171,492,3,90,12
172,495,8,90,12
173,499,3,90,12
174,503,3,90,12
175,505,6,90,12
176,508,6,90,12
177,512,6,90,12
178,514,2,90,12
179,518,3,90,12
180,521,2,90,12
181,524,2,90,12
182,527,10,90,12
183,528,2,90,12
184,530,4,90,12
185,531,2,90,12
186,533,6,90,12
187,535,3,90,12
188,542,6,90,12
189,543,6,90,12
190,544,3,90,12
191,553,8,90,12
192,557,3,90,12
193,559,6,90,12
194,560,2,90,12
195,564,11,90,12
196,568,2,90,12
197,569,5,90,12
198,570,3,90,12
199,573,1,90,12
200,580,0,90,12
201,588,2,90,12
202,591,2,90,12
203,593,2,90,12
204,600,2,90,12
205,611,2,90,12
206,617,3,90,12
207,618,2,90,12
208,622,8,90,12
209,623,2,90,12
210,625,3,90,12
211,628,-1,90,12
212,630,2,90,12
213,631,2,90,12
214,633,5,90,12
215,650,2,90,12
216,651,2,90,12
217,652,2,90,12
218,654,5,90,12
219,655,3,90,12
0,2,2,90,13
1,3,2,90,13
2,4,5,90,13
3,12,2,90,13
4,14,0,90,13
5,15,2,90,13
6,16,2,90,13
7,18,4,90,13
8,20,2,90,13
9,23,2,90,13
10,24,3,90,13
11,26,2,90,13
12,35,1,90,13
13,36,1,90,13
14,42,2,90,13
15,44,1,90,13
16,47,3,90,13
17,52,1,90,13
18,53,2,90,13
19,54,2,90,13
20,57,2,90,13
21,58,2,90,13
22,60,2,90,13
23,63,4,90,13
24,64,2,90,13
25,70,1,90,13
26,71,2,90,13
27,78,2,90,13
28,81,1,90,13
29,82,2,90,13
30,83,2,90,13
31,85,1,90,13
32,88,6,90,13
33,91,6,90,13
34,94,3,90,13
35,98,3,90,13
36,99,9,90,13
37,101,8,90,13
38,105,6,90,13
39,106,6,90,13
40,110,6,90,13
41,115,2,90,13
42,117,3,90,13
43,126,8,90,13
44,129,2,90,13
45,136,2,90,13
46,144,1,90,13
47,145,1,90,13
48,146,1,90,13
49,148,2,90,13
50,149,2,90,13
51,152,2,90,13
52,157,3,90,13
53,159,1,90,13
54,161,8,90,13
55,162,6,90,13
56,168,3,90,13
57,171,6,90,13
58,172,6,90,13
59,177,3,90,13
60,180,5,90,13
61,182,3,90,13
62,185,6,90,13
63,188,2,90,13
64,191,1,90,13
65,193,3,90,13
66,194,1,90,13
67,200,1,90,13
68,201,1,90,13
69,204,6,90,13
70,205,5,90,13
71,207,6,90,13
72,210,1,90,13
73,211,1,90,13
74,214,2,90,13
75,219,2,90,13
76,220,2,90,13
77,222,2,90,13
78,224,2,90,13
79,231,2,90,13
80,232,7,90,13
81,235,2,90,13
82,236,2,90,13
83,238,2,90,13
84,240,5,90,13
85,241,7,90,13
86,247,5,90,13
87,248,1,90,13
88,252,8,90,13
89,255,1,90,13
90,257,1,90,13
91,259,2,90,13
92,263,2,90,13
93,264,2,90,13
94,265,2,90,13
95,267,2,90,13
96,274,2,90,13
97,275,2,90,13
98,277,7,90,13
99,278,2,90,13
100,291,6,90,13
101,293,7,90,13
102,295,6,90,13
103,296,6,90,13
104,298,3,90,13
105,302,6,90,13
106,306,2,90,13
107,307,6,90,13
108,309,3,90,13
109,311,6,90,13
110,314,8,90,13
111,316,6,90,13
112,321,3,90,13
113,323,3,90,13
114,325,9,90,13
115,326,6,90,13
116,327,3,90,13
117,328,9,90,13
118,329,8,90,13
119,336,3,90,13
120,338,6,90,13
121,339,6,90,13
122,340,1,90,13
123,341,1,90,13
124,342,2,90,13
125,345,5,90,13
126,346,7,90,13
127,347,1,90,13
128,350,6,90,13
129,351,5,90,13
130,355,1,90,13
131,356,2,90,13
132,366,5,90,13
133,368,3,90,13
134,369,6,90,13
135,372,3,90,13
136,375,2,90,13
137,380,6,90,13
138,383,6,90,13
139,385,3,90,13
140,386,3,90,13
141,388,4,90,13
142,389,2,90,13
143,392,3,90,13
144,394,3,90,13
145,395,6,90,13
146,398,3,90,13
147,399,9,90,13
148,401,6,90,13
149,403,3,90,13
150,409,6,90,13
151,413,6,90,13
152,415,6,90,13
153,417,3,90,13
154,422,5,90,13
155,423,2,90,13
156,432,2,90,13
157,433,3,90,13
158,434,4,90,13
159,436,2,90,13
160,443,2,90,13
161,447,2,90,13
162,449,2,90,13
163,452,2,90,13
164,453,2,90,13
165,455,0,90,13
166,461,0,90,13
167,467,0,90,13
168,474,0,90,13
169,476,0,90,13
170,484,2,90,13
171,486,5,90,13
172,491,2,90,13
173,492,4,90,13
174,495,2,90,13
175,498,2,90,13
176,499,2,90,13
177,503,8,90,13
178,505,2,90,13
179,508,2,90,13
180,512,2,90,13
181,514,2,90,13
182,518,3,90,13
183,520,2,90,13
184,521,8,90,13
185,524,2,90,13
186,528,2,90,13
187,530,2,90,13
188,533,6,90,13
189,541,5,90,13
190,542,8,90,13
191,548,18,90,13
192,557,6,90,13
193,559,9,90,13
194,564,6,90,13
195,565,11,90,13
196,566,9,90,13
197,567,6,90,13
198,568,2,90,13
199,569,2,90,13
200,570,3,90,13
201,573,2,90,13
202,577,5,90,13
203,579,1,90,13
204,585,13,90,13
205,587,2,90,13
206,588,2,90,13
207,591,2,90,13
208,593,9,90,13
209,594,6,90,13
210,597,2,90,13
211,600,7,90,13
212,617,2,90,13
213,622,2,90,13
214,623,2,90,13
215,625,7,90,13
216,628,1,90,13
217,630,2,90,13
218,631,5,90,13
219,651,2,90,13
0,4,2,90,14
1,6,2,90,14
2,9,7,90,14
3,13,2,90,14
4,14,1,90,14
5,15,3,90,14
6,16,5,90,14
7,17,5,90,14
8,18,2,90,14
9,19,3,90,14
10,20,2,90,14
11,23,7,90,14
12,24,2,90,14
13,27,2,90,14
14,28,2,90,14
15,36,1,90,14
16,38,6,90,14
17,44,1,90,14
18,47,1,90,14
19,48,5,90,14
20,52,1,90,14
21,53,2,90,14
22,54,2,90,14
23,57,2,90,14
24,58,3,90,14
25,64,2,90,14
26,70,1,90,14
27,71,5,90,14
28,76,2,90,14
29,78,4,90,14
30,79,1,90,14
31,81,1,90,14
32,83,2,90,14
33,85,1,90,14
34,88,9,90,14
35,89,3,90,14
36,91,6,90,14
37,94,3,90,14
38,95,7,90,14
39,98,3,90,14
40,99,13,90,14
41,101,3,90,14
42,104,6,90,14
43,110,6,90,14
44,117,5,90,14
45,122,3,90,14
46,126,5,90,14
47,128,0,90,14
48,129,6,90,14
49,135,2,90,14
50,136,7,90,14
51,144,0,90,14
52,145,0,90,14
53,146,0,90,14
54,148,7,90,14
55,149,2,90,14
56,152,1,90,14
57,157,2,90,14
58,159,6,90,14
59,162,3,90,14
60,163,1,90,14
61,171,1,90,14
62,172,4,90,14
63,177,7,90,14
64,180,2,90,14
65,181,2,90,14
66,185,1,90,14
67,188,2,90,14
68,191,6,90,14
69,192,3,90,14
70,194,6,90,14
71,196,6,90,14
72,200,6,90,14
73,201,6,90,14
74,204,6,90,14
75,205,4,90,14
76,207,2,90,14
77,211,6,90,14
78,214,3,90,14
79,219,6,90,14
80,220,12,90,14
81,222,6,90,14
82,230,6,90,14
83,231,6,90,14
84,232,2,90,14
85,235,6,90,14
86,236,6,90,14
87,238,9,90,14
88,239,3,90,14
89,241,6,90,14
90,247,3,90,14
91,248,6,90,14
92,254,3,90,14
93,255,8,90,14
94,257,6,90,14
95,259,6,90,14
96,263,6,90,14
97,265,3,90,14
98,267,6,90,14
99,268,2,90,14
100,272,2,90,14
101,274,3,90,14
102,275,6,90,14
103,278,3,90,14
104,291,6,90,14
105,293,6,90,14
106,295,6,90,14
107,296,6,90,14
108,298,3,90,14
109,302,6,90,14
110,306,2,90,14
111,309,3,90,14
112,311,5,90,14
113,316,6,90,14
114,321,2,90,14
115,323,7,90,14
116,324,2,90,14
117,325,2,90,14
118,326,2,90,14
119,328,4,90,14
120,335,2,90,14
121,337,5,90,14
122,338,6,90,14
123,339,2,90,14
124,340,1,90,14
125,341,1,90,14
126,342,5,90,14
127,346,7,90,14
128,347,1,90,14
129,348,7,90,14
130,350,1,90,14
131,351,13,90,14
132,354,7,90,14
133,356,5,90,14
134,366,4,90,14
135,368,3,90,14
136,369,9,90,14
137,372,3,90,14
138,380,6,90,14
139,382,3,90,14
140,383,6,90,14
141,385,3,90,14
142,388,1,90,14
143,389,2,90,14
144,392,14,90,14
145,394,2,90,14
146,395,5,90,14
147,398,7,90,14
148,401,5,90,14
149,403,5,90,14
150,404,2,90,14
151,409,2,90,14
152,413,2,90,14
153,415,2,90,14
154,420,2,90,14
155,422,2,90,14
156,423,2,90,14
157,432,2,90,14
158,433,2,90,14
159,434,2,90,14
160,436,1,90,14
161,437,1,90,14
162,443,1,90,14
163,447,9,90,14
164,449,2,90,14
165,455,1,90,14
166,461,1,90,14
167,467,3,90,14
168,474,1,90,14
169,476,4,90,14
170,480,3,90,14
171,484,6,90,14
172,486,6,90,14
173,492,5,90,14
174,494,3,90,14
175,495,6,90,14
176,496,6,90,14
177,498,6,90,14
178,503,3,90,14
179,505,9,90,14
180,508,6,90,14
181,512,2,90,14
182,514,2,90,14
183,518,2,90,14
184,520,1,90,14
185,521,1,90,14
186,524,2,90,14
187,527,2,90,14
188,530,2,90,14
189,533,6,90,14
190,535,8,90,14
191,541,2,90,14
192,542,6,90,14
193,553,3,90,14
194,557,3,90,14
195,559,6,90,14
196,560,5,90,14
197,565,3,90,14
198,566,6,90,14
199,567,6,90,14
200,568,6,90,14
201,570,3,90,14
202,573,1,90,14
203,577,3,90,14
204,580,1,90,14
205,585,3,90,14
206,587,2,90,14
207,588,2,90,14
208,591,1,90,14
209,593,6,90,14
210,608,3,90,14
211,611,4,90,14
212,621,2,90,14
213,622,3,90,14
214,623,2,90,14
215,625,2,90,14
216,630,6,90,14
217,650,6,90,14
218,651,3,90,14
219,652,3,90,14
0,3,1,90,15
1,4,2,90,15
2,6,1,90,15
3,9,8,90,15
4,13,2,90,15
5,14,1,90,15
6,15,1,90,15
7,17,4,90,15
8,18,1,90,15
9,19,5,90,15
10,20,2,90,15
11,23,5,90,15
12,24,1,90,15
13,27,5,90,15
14,36,1,90,15
15,44,1,90,15
16,47,1,90,15
17,48,7,90,15
18,52,1,90,15
19,53,2,90,15
20,57,2,90,15
21,58,5,90,15
22,63,3,90,15
23,64,3,90,15
24,65,2,90,15
25,70,6,90,15
26,78,3,90,15
27,79,6,90,15
28,81,6,90,15
29,82,9,90,15
30,83,4,90,15
31,85,6,90,15
32,88,6,90,15
33,91,6,90,15
34,94,3,90,15
35,95,3,90,15
36,98,3,90,15
37,101,3,90,15
38,104,6,90,15
39,105,6,90,15
40,106,3,90,15
41,110,5,90,15
42,113,5,90,15
43,122,1,90,15
44,126,2,90,15
45,128,1,90,15
46,136,2,90,15
47,144,1,90,15
48,145,1,90,15
49,146,2,90,15
50,148,8,90,15
51,152,8,90,15
52,157,5,90,15
53,159,2,90,15
54,162,2,90,15
55,163,2,90,15
56,168,2,90,15
57,171,2,90,15
58,172,8,90,15
59,177,5,90,15
60,180,6,90,15
61,185,2,90,15
62,189,5,90,15
63,191,2,90,15
64,192,2,90,15
65,194,2,90,15
66,196,2,90,15
67,200,2,90,15
68,201,2,90,15
69,204,2,90,15
70,205,7,90,15
71,207,2,90,15
72,211,7,90,15
73,217,2,90,15
74,219,1,90,15
75,220,7,90,15
76,222,5,90,15
77,224,2,90,15
78,230,2,90,15
79,231,1,90,15
80,233,2,90,15
81,235,1,90,15
82,236,1,90,15
83,238,1,90,15
84,240,3,90,15
85,241,2,90,15
86,244,5,90,15
87,247,2,90,15
88,248,2,90,15
89,252,6,90,15
90,255,2,90,15
91,257,2,90,15
92,263,-1,90,15
93,265,10,90,15
94,267,-1,90,15
95,268,2,90,15
96,274,2,90,15
97,275,8,90,15
98,278,4,90,15
99,291,1,90,15
100,293,1,90,15
101,296,1,90,15
102,298,4,90,15
103,300,2,90,15
104,305,7,90,15
105,306,3,90,15
106,307,1,90,15
107,309,2,90,15
108,316,2,90,15
109,321,3,90,15
110,323,2,90,15
111,325,2,90,15
112,326,8,90,15
113,327,9,90,15
114,328,8,90,15
115,329,7,90,15
116,335,5,90,15
117,336,2,90,15
118,338,6,90,15
119,339,2,90,15
120,340,2,90,15
121,341,8,90,15
122,342,2,90,15
123,345,2,90,15
124,346,2,90,15
125,347,2,90,15
126,348,8,90,15
127,350,2,90,15
128,351,6,90,15
129,355,2,90,15
130,365,12,90,15
131,366,5,90,15
132,369,2,90,15
133,371,2,90,15
134,372,10,90,15
135,375,2,90,15
136,380,2,90,15
137,383,2,90,15
138,388,2,90,15
139,389,2,90,15
140,392,2,90,15
141,394,5,90,15
142,398,2,90,15
143,399,1,90,15
144,401,2,90,15
145,402,7,90,15
146,403,2,90,15
147,409,1,90,15
148,413,1,90,15
149,415,1,90,15
150,417,2,90,15
151,422,2,90,15
152,423,7,90,15
153,431,5,90,15
154,433,12,90,15
155,434,2,90,15
156,436,2,90,15
157,443,2,90,15
158,447,6,90,15
159,449,2,90,15
160,452,2,90,15
161,453,2,90,15
162,455,2,90,15
163,461,1,90,15
164,472,1,90,15
165,474,3,90,15
166,476,7,90,15
167,481,7,90,15
168,482,7,90,15
169,486,10,90,15
170,491,11,90,15
171,492,8,90,15
172,495,4,90,15
173,498,1,90,15
174,499,2,90,15
175,503,7,90,15
176,508,1,90,15
177,514,2,90,15
178,517,2,90,15
179,518,2,90,15
180,520,2,90,15
181,521,2,90,15
182,527,12,90,15
183,530,5,90,15
184,531,5,90,15
185,541,10,90,15
186,542,8,90,15
187,548,2,90,15
188,553,2,90,15
189,557,2,90,15
190,559,2,90,15
191,560,7,90,15
192,564,8,90,15
193,565,2,90,15
194,566,2,90,15
195,567,2,90,15
196,568,-1,90,15
197,569,2,90,15
198,570,2,90,15
199,573,8,90,15
200,576,2,90,15
201,580,6,90,15
202,585,2,90,15
203,588,2,90,15
204,591,7,90,15
205,593,2,90,15
206,594,2,90,15
207,595,5,90,15
208,598,1,90,15
209,611,2,90,15
210,618,2,90,15
211,622,2,90,15
212,623,2,90,15
213,625,2,90,15
214,630,-1,90,15
215,631,2,90,15
216,645,2,90,15
217,650,2,90,15
218,651,2,90,15
219,654,5,90,15
0,3,6,90,16
1,4,5,90,16
2,6,6,90,16
3,13,10,90,16
4,14,1,90,16
5,15,6,90,16
6,16,8,90,16
7,17,11,90,16
8,18,6,90,16
9,19,2,90,16
10,20,3,90,16
11,23,6,90,16
12,24,9,90,16
13,26,6,90,16
14,27,5,90,16
15,35,2,90,16
16,36,2,90,16
17,44,2,90,16
18,47,3,90,16
19,48,2,90,16
20,52,2,90,16
21,53,2,90,16
22,54,2,90,16
23,57,2,90,16
24,58,2,90,16
25,64,2,90,16
26,65,6,90,16
27,71,2,90,16
28,76,4,90,16
29,78,5,90,16
30,79,1,90,16
31,81,1,90,16
32,82,2,90,16
33,83,2,90,16
34,85,1,90,16
35,88,2,90,16
36,89,2,90,16
37,91,2,90,16
38,98,7,90,16
39,99,5,90,16
40,100,2,90,16
41,101,2,90,16
42,104,2,90,16
43,105,2,90,16
44,110,6,90,16
45,117,2,90,16
46,122,-1,90,16
47,126,2,90,16
48,128,-1,90,16
49,136,2,90,16
50,144,-1,90,16
51,145,-1,90,16
52,146,-1,90,16
53,149,2,90,16
54,152,4,90,16
55,157,2,90,16
56,159,6,90,16
57,162,1,90,16
58,163,1,90,16
59,168,2,90,16
60,171,2,90,16
61,174,2,90,16
62,177,2,90,16
63,180,2,90,16
64,185,1,90,16
65,191,1,90,16
66,194,6,90,16
67,200,6,90,16
68,201,6,90,16
69,202,6,90,16
70,204,5,90,16
71,205,8,90,16
72,207,6,90,16
73,211,6,90,16
74,214,3,90,16
75,219,1,90,16
76,220,2,90,16
77,222,2,90,16
78,224,2,90,16
79,231,1,90,16
80,232,2,90,16
81,233,2,90,16
82,235,3,90,16
83,236,1,90,16
84,238,1,90,16
85,239,2,90,16
86,240,3,90,16
87,241,1,90,16
88,247,2,90,16
89,248,1,90,16
90,252,5,90,16
91,255,3,90,16
92,257,1,90,16
93,262,2,90,16
94,263,1,90,16
95,267,1,90,16
96,268,2,90,16
97,274,2,90,16
98,275,1,90,16
99,277,2,90,16
100,278,2,90,16
101,291,1,90,16
102,293,2,90,16
103,295,1,90,16
104,296,4,90,16
105,298,2,90,16
106,300,2,90,16
107,302,1,90,16
108,306,9,90,16
109,309,2,90,16
110,311,6,90,16
111,316,5,90,16
112,321,4,90,16
113,323,3,90,16
114,324,8,90,16
115,325,6,90,16
116,326,6,90,16
117,328,6,90,16
118,335,6,90,16
119,336,3,90,16
120,338,2,90,16
121,339,6,90,16
122,340,6,90,16
123,341,9,90,16
124,342,8,90,16
125,345,3,90,16
126,347,6,90,16
127,348,11,90,16
128,351,17,90,16
129,354,3,90,16
130,363,6,90,16
131,364,2,90,16
132,366,2,90,16
133,369,2,90,16
134,372,5,90,16
135,376,5,90,16
136,380,2,90,16
137,382,2,90,16
138,383,2,90,16
139,386,2,90,16
140,388,9,90,16
141,389,6,90,16
142,392,2,90,16
143,394,4,90,16
144,395,2,90,16
145,398,2,90,16
146,401,5,90,16
147,403,2,90,16
148,409,2,90,16
149,413,2,90,16
150,415,2,90,16
151,417,2,90,16
152,420,2,90,16
153,422,6,90,16
154,423,3,90,16
155,431,3,90,16
156,432,3,90,16
157,436,7,90,16
158,443,6,90,16
159,447,6,90,16
160,449,3,90,16
161,452,7,90,16
162,453,2,90,16
163,455,1,90,16
164,461,1,90,16
165,467,1,90,16
166,474,1,90,16
167,476,1,90,16
168,480,4,90,16
169,486,6,90,16
170,491,5,90,16
171,492,3,90,16
172,494,8,90,16
173,495,6,90,16
174,499,3,90,16
175,503,11,90,16
176,505,9,90,16
177,508,6,90,16
178,512,5,90,16
179,514,8,90,16
180,518,2,90,16
181,520,6,90,16
182,521,6,90,16
183,523,5,90,16
184,524,7,90,16
185,527,3,90,16
186,528,12,90,16
187,530,3,90,16
188,533,3,90,16
189,535,2,90,16
190,541,4,90,16
191,542,2,90,16
192,548,2,90,16
193,553,2,90,16
194,559,2,90,16
195,560,2,90,16
196,564,2,90,16
197,566,9,90,16
198,568,1,90,16
199,570,2,90,16
200,571,11,90,16
201,573,6,90,16
202,577,2,90,16
203,583,1,90,16
204,585,6,90,16
205,587,3,90,16
206,592,2,90,16
207,593,2,90,16
208,594,10,90,16
209,596,3,90,16
210,600,2,90,16
211,618,2,90,16
212,622,2,90,16
213,623,2,90,16
214,625,12,90,16
215,628,-1,90,16
216,630,1,90,16
217,650,6,90,16
218,651,2,90,16
219,655,7,90,16
0,3,6,90,17
1,4,2,90,17
2,8,6,90,17
3,9,3,90,17
4,13,3,90,17
5,14,-1,90,17
6,15,10,90,17
7,16,3,90,17
8,17,3,90,17
9,18,6,90,17
10,19,3,90,17
11,23,8,90,17
12,24,8,90,17
13,27,2,90,17
14,28,4,90,17
15,31,8,90,17
16,35,6,90,17
17,36,6,90,17
18,47,6,90,17
19,48,3,90,17
20,52,8,90,17
21,53,3,90,17
22,54,6,90,17
23,57,3,90,17
24,62,2,90,17
25,63,5,90,17
26,64,2,90,17
27,70,2,90,17
28,76,2,90,17
29,78,7,90,17
30,79,2,90,17
31,82,5,90,17
32,83,10,90,17
33,84,2,90,17
34,85,5,90,17
35,88,1,90,17
36,89,2,90,17
37,91,1,90,17
38,95,2,90,17
39,98,2,90,17
40,99,5,90,17
41,101,2,90,17
42,104,1,90,17
43,105,1,90,17
44,106,4,90,17
45,110,7,90,17
46,113,2,90,17
47,117,2,90,17
48,128,2,90,17
49,131,2,90,17
50,135,2,90,17
51,136,2,90,17
52,144,2,90,17
53,145,2,90,17
54,146,2,90,17
55,149,2,90,17
56,157,2,90,17
57,159,6,90,17
58,162,2,90,17
59,163,2,90,17
60,168,2,90,17
61,171,2,90,17
62,172,2,90,17
63,174,2,90,17
64,182,2,90,17
65,185,2,90,17
66,188,2,90,17
67,189,2,90,17
68,191,6,90,17
69,194,6,90,17
70,196,6,90,17
71,201,6,90,17
72,204,2,90,17
73,205,3,90,17
74,207,2,90,17
75,210,6,90,17
76,211,6,90,17
77,214,3,90,17
78,215,6,90,17
79,217,2,90,17
80,219,1,90,17
81,220,2,90,17
82,222,2,90,17
83,228,1,90,17
84,231,1,90,17
85,232,2,90,17
86,233,3,90,17
87,234,1,90,17
88,235,1,90,17
89,238,3,90,17
90,239,4,90,17
91,241,8,90,17
92,247,3,90,17
93,248,9,90,17
94,251,2,90,17
95,252,2,90,17
96,255,6,90,17
97,257,6,90,17
98,259,3,90,17
99,263,2,90,17
100,265,7,90,17
101,267,5,90,17
102,268,2,90,17
103,274,2,90,17
104,275,2,90,17
105,278,5,90,17
106,293,0,90,17
107,295,-1,90,17
108,298,2,90,17
109,300,2,90,17
110,301,-1,90,17
111,306,6,90,17
112,307,-1,90,17
113,309,2,90,17
114,311,2,90,17
115,313,2,90,17
116,316,2,90,17
117,323,2,90,17
118,325,2,90,17
119,326,2,90,17
120,327,2,90,17
121,328,5,90,17
122,335,2,90,17
123,337,2,90,17
124,339,2,90,17
125,340,6,90,17
126,341,6,90,17
127,342,6,90,17
128,346,3,90,17
129,347,7,90,17
130,348,3,90,17
131,350,6,90,17
132,351,9,90,17
133,354,3,90,17
134,356,3,90,17
135,363,8,90,17
136,364,5,90,17
137,365,7,90,17
138,366,13,90,17
139,368,2,90,17
140,369,2,90,17
141,380,10,90,17
142,383,2,90,17
143,385,12,90,17
144,388,5,90,17
145,389,15,90,17
146,392,12,90,17
147,394,2,90,17
148,395,1,90,17
149,398,3,90,17
150,399,1,90,17
151,403,5,90,17
152,404,1,90,17
153,409,1,90,17
154,413,1,90,17
155,415,4,90,17
156,417,2,90,17
157,422,1,90,17
158,423,5,90,17
159,433,2,90,17
160,434,2,90,17
161,436,1,90,17
162,437,1,90,17
163,443,3,90,17
164,447,13,90,17
165,449,2,90,17
166,452,7,90,17
167,453,2,90,17
168,455,-1,90,17
169,472,-1,90,17
170,474,2,90,17
171,476,-1,90,17
172,484,8,90,17
173,486,2,90,17
174,489,2,90,17
175,491,2,90,17
176,494,2,90,17
177,495,2,90,17
178,498,2,90,17
179,499,2,90,17
180,501,2,90,17
181,505,3,90,17
182,508,2,90,17
183,514,2,90,17
184,518,4,90,17
185,520,2,90,17
186,521,3,90,17
187,524,2,90,17
188,527,10,90,17
189,530,5,90,17
190,531,5,90,17
191,533,2,90,17
192,535,8,90,17
193,541,3,90,17
194,543,5,90,17
195,550,10,90,17
196,553,7,90,17
197,559,2,90,17
198,560,5,90,17
199,566,13,90,17
200,567,8,90,17
201,568,4,90,17
202,570,2,90,17
203,573,1,90,17
204,587,2,90,17
205,588,2,90,17
206,591,2,90,17
207,593,2,90,17
208,595,2,90,17
209,608,2,90,17
210,611,2,90,17
211,617,6,90,17
212,618,2,90,17
213,630,2,90,17
214,631,2,90,17
215,650,6,90,17
216,651,7,90,17
217,652,2,90,17
218,654,7,90,17
219,655,7,90,17
0,3,8,90,18
1,4,7,90,18
2,6,2,90,18
3,7,2,90,18
4,9,2,90,18
5,13,2,90,18
6,14,6,90,18
7,15,2,90,18
8,16,2,90,18
9,17,2,90,18
10,19,3,90,18
11,20,2,90,18
12,24,2,90,18
13,26,7,90,18
14,27,8,90,18
15,35,0,90,18
16,36,0,90,18
17,44,0,90,18
18,47,0,90,18
19,48,5,90,18
20,49,3,90,18
21,52,0,90,18
22,53,7,90,18
23,57,7,90,18
24,58,3,90,18
25,63,7,90,18
26,64,2,90,18
27,65,2,90,18
28,70,7,90,18
29,71,2,90,18
30,78,2,90,18
31,79,7,90,18
32,81,1,90,18
33,82,5,90,18
34,83,4,90,18
35,91,1,90,18
36,94,2,90,18
37,98,2,90,18
38,99,7,90,18
39,101,2,90,18
40,104,1,90,18
41,105,1,90,18
42,106,2,90,18
43,110,7,90,18
44,113,2,90,18
45,115,2,90,18
46,117,2,90,18
47,122,2,90,18
48,126,2,90,18
49,128,2,90,18
50,136,5,90,18
51,144,2,90,18
52,146,2,90,18
53,148,9,90,18
54,149,2,90,18
55,152,1,90,18
56,157,7,90,18
57,159,6,90,18
58,162,2,90,18
59,163,2,90,18
60,168,2,90,18
61,180,2,90,18
62,182,8,90,18
63,185,2,90,18
64,188,3,90,18
65,189,2,90,18
66,191,6,90,18
67,194,6,90,18
68,196,6,90,18
69,201,6,90,18
70,204,1,90,18
71,205,4,90,18
72,207,4,90,18
73,211,6,90,18
74,214,3,90,18
75,215,6,90,18
76,217,7,90,18
77,219,0,90,18
78,220,18,90,18
79,222,2,90,18
80,224,6,90,18
81,232,8,90,18
82,233,2,90,18
83,234,0,90,18
84,235,0,90,18
85,236,6,90,18
86,238,3,90,18
87,241,6,90,18
88,245,6,90,18
89,247,3,90,18
90,248,9,90,18
91,251,2,90,18
92,252,2,90,18
93,255,6,90,18
94,257,6,90,18
95,263,1,90,18
96,264,2,90,18
97,265,2,90,18
98,267,1,90,18
99,268,2,90,18
100,274,2,90,18
101,275,1,90,18
102,278,3,90,18
103,291,1,90,18
104,293,1,90,18
105,295,1,90,18
106,296,7,90,18
107,298,2,90,18
108,300,5,90,18
109,306,6,90,18
110,307,1,90,18
111,309,2,90,18
112,311,1,90,18
113,316,2,90,18
114,323,5,90,18
115,324,2,90,18
116,325,1,90,18
117,327,15,90,18
118,328,13,90,18
119,329,5,90,18
120,335,3,90,18
121,336,7,90,18
122,338,4,90,18
123,339,1,90,18
124,340,2,90,18
125,341,2,90,18
126,342,4,90,18
127,347,2,90,18
128,348,8,90,18
129,350,2,90,18
130,351,2,90,18
131,354,2,90,18
132,355,2,90,18
133,363,2,90,18
134,366,12,90,18
135,368,7,90,18
136,369,4,90,18
137,372,8,90,18
138,376,1,90,18
139,380,6,90,18
140,382,2,90,18
141,383,1,90,18
142,385,3,90,18
143,386,2,90,18
144,388,-1,90,18
145,392,3,90,18
146,394,3,90,18
147,395,6,90,18
148,398,3,90,18
149,399,6,90,18
150,401,2,90,18
151,403,3,90,18
152,409,6,90,18
153,413,6,90,18
154,415,6,90,18
155,417,3,90,18
156,423,3,90,18
157,424,2,90,18
158,432,3,90,18
159,433,6,90,18
160,434,3,90,18
161,436,6,90,18
162,437,6,90,18
163,443,8,90,18
164,449,3,90,18
165,452,3,90,18
166,453,2,90,18
167,455,12,90,18
168,461,6,90,18
169,467,6,90,18
170,480,3,90,18
171,484,12,90,18
172,489,3,90,18
173,491,3,90,18
174,492,3,90,18
175,494,6,90,18
176,495,6,90,18
177,499,5,90,18
178,503,11,90,18
179,508,6,90,18
180,514,10,90,18
181,516,-1,90,18
182,517,2,90,18
183,518,3,90,18
184,520,2,90,18
185,521,-1,90,18
186,527,4,90,18
187,528,-1,90,18
188,530,7,90,18
189,533,4,90,18
190,541,4,90,18
191,542,2,90,18
192,544,2,90,18
193,553,2,90,18
194,557,2,90,18
195,559,1,90,18
196,560,3,90,18
197,564,1,90,18
198,565,2,90,18
199,566,2,90,18
200,568,1,90,18
201,570,2,90,18
202,573,6,90,18
203,577,2,90,18
204,585,3,90,18
205,588,2,90,18
206,592,1,90,18
207,593,1,90,18
208,594,1,90,18
209,608,13,90,18
210,619,2,90,18
211,621,2,90,18
212,622,3,90,18
213,623,3,90,18
214,625,2,90,18
215,628,2,90,18
216,630,1,90,18
217,649,1,90,18
218,650,6,90,18
219,654,18,90,18
0,3,6,90,19
1,4,3,90,19
2,6,6,90,19
3,14,1,90,19
4,15,8,90,19
5,16,3,90,19
6,17,6,90,19
7,18,12,90,19
8,19,2,90,19
9,20,3,90,19
10,23,6,90,19
11,24,6,90,19
12,26,1,90,19
13,28,3,90,19
14,35,6,90,19
15,36,6,90,19
16,44,6,90,19
17,45,6,90,19
18,47,6,90,19
19,49,6,90,19
20,52,6,90,19
21,53,3,90,19
22,54,3,90,19
23,57,3,90,19
24,64,2,90,19
25,70,2,90,19
26,71,2,90,19
27,78,2,90,19
28,79,1,90,19
29,81,1,90,19
30,82,5,90,19
31,83,2,90,19
32,85,1,90,19
33,88,6,90,19
34,91,6,90,19
35,94,3,90,19
36,95,3,90,19
37,98,3,90,19
38,99,15,90,19
39,101,3,90,19
40,104,6,90,19
41,105,9,90,19
42,110,2,90,19
43,113,5,90,19
44,115,2,90,19
45,117,5,90,19
46,126,2,90,19
47,129,12,90,19
48,136,2,90,19
49,145,4,90,19
50,146,1,90,19
51,148,5,90,19
52,152,1,90,19
53,157,2,90,19
54,159,2,90,19
55,162,2,90,19
56,163,2,90,19
57,171,2,90,19
58,172,2,90,19
59,174,2,90,19
60,177,2,90,19
61,181,2,90,19
62,185,2,90,19
63,191,1,90,19
64,194,2,90,19
65,200,2,90,19
66,201,2,90,19
67,204,2,90,19
68,205,2,90,19
69,207,2,90,19
70,210,8,90,19
71,211,5,90,19
72,214,5,90,19
73,217,7,90,19
74,218,2,90,19
75,219,2,90,19
76,224,8,90,19
77,228,2,90,19
78,230,5,90,19
79,231,2,90,19
80,235,3,90,19
81,236,8,90,19
82,239,2,90,19
83,240,2,90,19
84,241,4,90,19
85,247,2,90,19
86,248,1,90,19
87,252,7,90,19
88,255,4,90,19
89,257,1,90,19
90,265,2,90,19
91,267,-1,90,19
92,268,2,90,19
93,272,2,90,19
94,274,4,90,19
95,275,-1,90,19
96,278,2,90,19
97,291,2,90,19
98,293,2,90,19
99,295,2,90,19
100,296,2,90,19
101,300,2,90,19
102,301,2,90,19
103,302,2,90,19
104,306,10,90,19
105,309,2,90,19
106,311,6,90,19
107,324,5,90,19
108,325,6,90,19
109,326,6,90,19
110,327,3,90,19
111,328,3,90,19
112,329,3,90,19
113,335,6,90,19
114,336,6,90,19
115,337,7,90,19
116,338,9,90,19
117,339,6,90,19
118,340,0,90,19
119,341,0,90,19
120,342,5,90,19
121,346,7,90,19
122,347,3,90,19
123,351,6,90,19
124,354,2,90,19
125,355,0,90,19
126,363,1,90,19
127,364,2,90,19
128,366,3,90,19
129,368,2,90,19
130,369,1,90,19
131,370,2,90,19
132,372,7,90,19
133,380,7,90,19
134,383,4,90,19
135,385,2,90,19
136,388,1,90,19
137,392,3,90,19
138,394,3,90,19
139,395,6,90,19
140,398,6,90,19
141,399,6,90,19
142,401,6,90,19
143,403,8,90,19
144,409,6,90,19
145,410,3,90,19
146,413,6,90,19
147,415,9,90,19
148,423,2,90,19
149,432,2,90,19
150,433,2,90,19
151,434,4,90,19
152,436,1,90,19
153,443,2,90,19
154,447,2,90,19
155,449,2,90,19
156,453,5,90,19
157,455,1,90,19
158,461,1,90,19
159,463,2,90,19
160,472,1,90,19
161,476,1,90,19
162,480,13,90,19
163,484,6,90,19
164,486,9,90,19
165,492,6,90,19
166,495,6,90,19
167,496,9,90,19
168,499,4,90,19
169,501,2,90,19
170,503,23,90,19
171,505,9,90,19
172,508,6,90,19
173,512,2,90,19
174,514,5,90,19
175,515,7,90,19
176,518,2,90,19
177,520,1,90,19
178,521,1,90,19
179,524,3,90,19
180,527,2,90,19
181,530,2,90,19
182,531,2,90,19
183,533,2,90,19
184,541,7,90,19
185,542,4,90,19
186,548,2,90,19
187,553,2,90,19
188,559,5,90,19
189,560,2,90,19
190,564,2,90,19
191,566,6,90,19
192,567,2,90,19
193,568,-1,90,19
194,571,7,90,19
195,573,1,90,19
196,576,5,90,19
197,577,7,90,19
198,583,-1,90,19
199,585,7,90,19
200,587,7,90,19
201,591,1,90,19
202,592,1,90,19
203,593,1,90,19
204,600,7,90,19
205,608,2,90,19
206,617,2,90,19
207,618,7,90,19
208,619,2,90,19
209,621,2,90,19
210,622,2,90,19
211,623,2,90,19
212,628,1,90,19
213,630,-1,90,19
214,633,3,90,19
215,650,4,90,19
216,651,2,90,19
217,652,2,90,19
218,10001,3,90,19
219,10149,2,90,19
0,2,2,90,20
1,4,4,90,20
2,6,2,90,20
3,9,8,90,20
4,14,2,90,20
5,15,2,90,20
6,17,2,90,20
7,18,2,90,20
8,19,2,90,20
9,20,2,90,20
10,23,13,90,20
11,24,2,90,20
12,25,2,90,20
13,26,6,90,20
14,27,2,90,20
15,36,1,90,20
16,44,1,90,20
17,45,1,90,20
18,47,1,90,20
19,48,2,90,20
20,52,1,90,20
21,54,3,90,20
22,57,2,90,20
23,58,2,90,20
24,63,7,90,20
25,64,2,90,20
26,65,5,90,20
27,71,2,90,20
28,78,2,90,20
29,79,1,90,20
30,81,1,90,20
31,82,8,90,20
32,83,5,90,20
33,85,2,90,20
34,88,2,90,20
35,89,5,90,20
36,91,2,90,20
37,95,2,90,20
38,98,2,90,20
39,99,2,90,20
40,104,8,90,20
41,105,2,90,20
42,106,2,90,20
43,110,6,90,20
44,113,2,90,20
45,117,2,90,20
46,122,2,90,20
47,123,2,90,20
48,126,2,90,20
49,128,2,90,20
50,135,2,90,20
51,136,2,90,20
52,144,2,90,20
53,145,2,90,20
54,146,5,90,20
55,148,2,90,20
56,152,1,90,20
57,157,2,90,20
58,159,6,90,20
59,162,1,90,20
60,167,1,90,20
61,168,2,90,20
62,174,7,90,20
63,177,2,90,20
64,179,2,90,20
65,181,2,90,20
66,182,5,90,20
67,185,1,90,20
68,191,2,90,20
69,192,5,90,20
70,193,3,90,20
71,194,12,90,20
72,200,6,90,20
73,201,6,90,20
74,204,6,90,20
75,205,3,90,20
76,207,6,90,20
77,211,6,90,20
78,214,3,90,20
79,219,2,90,20
80,220,4,90,20
81,222,2,90,20
82,224,7,90,20
83,231,2,90,20
84,233,2,90,20
85,235,5,90,20
86,236,2,90,20
87,238,5,90,20
88,240,2,90,20
89,241,2,90,20
90,247,2,90,20
91,248,2,90,20
92,252,4,90,20
93,255,2,90,20
94,257,2,90,20
95,259,2,90,20
96,262,7,90,20
97,263,2,90,20
98,264,2,90,20
99,265,10,90,20
100,267,2,90,20
101,274,2,90,20
102,275,5,90,20
103,278,2,90,20
104,291,0,90,20
105,293,0,90,20
106,295,3,90,20
107,298,5,90,20
108,300,2,90,20
109,306,13,90,20
110,307,6,90,20
111,309,2,90,20
112,316,2,90,20
113,323,3,90,20
114,324,6,90,20
115,325,8,90,20
116,326,9,90,20
117,327,11,90,20
118,328,8,90,20
119,329,3,90,20
120,335,6,90,20
121,336,3,90,20
122,338,2,90,20
123,339,6,90,20
124,340,6,90,20
125,341,6,90,20
126,345,3,90,20
127,346,10,90,20
128,347,6,90,20
129,348,3,90,20
130,350,6,90,20
131,351,5,90,20
132,363,6,90,20
133,365,2,90,20
134,366,6,90,20
135,368,2,90,20
136,369,4,90,20
137,370,2,90,20
138,372,10,90,20
139,375,8,90,20
140,380,4,90,20
141,383,1,90,20
142,385,20,90,20
143,388,3,90,20
144,394,2,90,20
145,395,2,90,20
146,398,2,90,20
147,399,2,90,20
148,401,5,90,20
149,402,2,90,20
150,403,3,90,20
151,409,2,90,20
152,410,2,90,20
153,413,4,90,20
154,415,2,90,20
155,422,6,90,20
156,432,8,90,20
157,433,3,90,20
158,434,3,90,20
159,436,6,90,20
160,437,6,90,20
161,443,6,90,20
162,447,5,90,20
163,449,3,90,20
164,452,2,90,20
165,453,5,90,20
166,455,2,90,20
167,461,2,90,20
168,467,2,90,20
169,472,4,90,20
170,474,2,90,20
171,476,2,90,20
172,480,2,90,20
173,486,1,90,20
174,491,2,90,20
175,492,2,90,20
176,494,2,90,20
177,495,1,90,20
178,499,5,90,20
179,503,5,90,20
180,505,2,90,20
181,508,1,90,20
182,512,2,90,20
183,514,2,90,20
184,516,2,90,20
185,518,2,90,20
186,520,2,90,20
187,521,2,90,20
188,524,2,90,20
189,530,2,90,20
190,533,7,90,20
191,535,3,90,20
192,541,6,90,20
193,542,6,90,20
194,543,6,90,20
195,553,6,90,20
196,557,3,90,20
197,559,6,90,20
198,560,5,90,20
199,567,6,90,20
200,568,2,90,20
201,569,2,90,20
202,571,4,90,20
203,573,6,90,20
204,577,2,90,20
205,582,2,90,20
206,585,3,90,20
207,587,2,90,20
208,588,2,90,20
209,593,1,90,20
210,617,4,90,20
211,619,2,90,20
212,622,2,90,20
213,625,3,90,20
214,630,2,90,20
215,635,2,90,20
216,650,7,90,20
217,651,2,90,20
218,654,7,90,20
219,10149,3,90,20
0,2,6,90,21
1,3,6,90,21
2,4,5,90,21
3,8,6,90,21
4,10,2,90,21
5,14,2,90,21
6,15,6,90,21
7,16,3,90,21
8,17,6,90,21
9,18,6,90,21
10,19,7,90,21
11,20,3,90,21
12,23,8,90,21
13,24,6,90,21
14,26,4,90,21
15,28,2,90,21
16,35,0,90,21
17,36,3,90,21
18,44,0,90,21
19,45,0,90,21
20,47,0,90,21
21,52,0,90,21
22,53,2,90,21
23,57,5,90,21
24,58,6,90,21
25,63,3,90,21
26,64,2,90,21
27,65,5,90,21
28,70,0,90,21
29,71,15,90,21
30,78,2,90,21
31,79,0,90,21
32,81,0,90,21
33,83,7,90,21
34,85,0,90,21
35,88,1,90,21
36,89,2,90,21
37,91,3,90,21
38,94,2,90,21
39,95,2,90,21
40,99,10,90,21
41,101,5,90,21
42,104,1,90,21
43,105,4,90,21
44,106,12,90,21
45,110,12,90,21
46,117,7,90,21
47,120,0,90,21
48,122,0,90,21
49,123,5,90,21
50,126,2,90,21
51,131,0,90,21
52,144,0,90,21
53,145,0,90,21
54,146,0,90,21
55,148,6,90,21
56,152,0,90,21
57,157,2,90,21
58,159,0,90,21
59,162,1,90,21
60,163,1,90,21
61,171,1,90,21
62,172,2,90,21
63,174,4,90,21
64,177,5,90,21
65,180,2,90,21
66,182,2,90,21
67,185,1,90,21
68,188,2,90,21
69,189,1,90,21
70,191,8,90,21
71,192,2,90,21
72,194,0,90,21
73,196,0,90,21
74,200,6,90,21
75,201,0,90,21
76,204,6,90,21
77,205,5,90,21
78,207,4,90,21
79,210,1,90,21
80,211,0,90,21
81,214,2,90,21
82,219,3,90,21
83,220,2,90,21
84,222,2,90,21
85,224,2,90,21
86,231,1,90,21
87,232,2,90,21
88,233,7,90,21
89,235,1,90,21
90,236,1,90,21
91,238,4,90,21
92,240,10,90,21
93,241,2,90,21
94,247,5,90,21
95,248,2,90,21
96,252,12,90,21
97,255,2,90,21
98,257,2,90,21
99,259,2,90,21
100,265,2,90,21
101,267,5,90,21
102,272,10,90,21
103,274,5,90,21
104,275,5,90,21
105,277,7,90,21
106,278,2,90,21
107,284,2,90,21
108,291,2,90,21
109,293,2,90,21
110,295,2,90,21
111,301,5,90,21
112,302,2,90,21
113,306,5,90,21
114,309,2,90,21
115,311,5,90,21
116,316,12,90,21
117,321,6,90,21
118,324,5,90,21
119,325,1,90,21
120,326,3,90,21
121,327,7,90,21
122,328,8,90,21
123,329,2,90,21
124,336,12,90,21
125,339,1,90,21
126,340,2,90,21
127,342,7,90,21
128,345,10,90,21
129,347,2,90,21
130,348,7,90,21
131,350,2,90,21
132,351,9,90,21
133,355,2,90,21
134,363,8,90,21
135,364,7,90,21
136,366,5,90,21
137,369,4,90,21
138,371,2,90,21
139,372,2,90,21
140,375,2,90,21
141,380,3,90,21
142,383,2,90,21
143,388,6,90,21
144,394,7,90,21
145,395,2,90,21
146,398,2,90,21
147,401,6,90,21
148,403,2,90,21
149,409,2,90,21
150,410,2,90,21
151,413,2,90,21
152,415,3,90,21
153,417,2,90,21
154,420,8,90,21
155,422,1,90,21
156,431,2,90,21
157,434,4,90,21
158,436,1,90,21
159,437,1,90,21
160,443,1,90,21
161,447,6,90,21
162,449,5,90,21
163,452,4,90,21
164,453,2,90,21
165,455,2,90,21
166,461,2,90,21
167,467,2,90,21
168,476,2,90,21
169,484,1,90,21
170,486,1,90,21
171,489,2,90,21
172,491,4,90,21
173,492,5,90,21
174,495,8,90,21
175,496,1,90,21
176,498,1,90,21
177,501,2,90,21
178,503,2,90,21
179,505,1,90,21
180,508,1,90,21
181,514,9,90,21
182,518,2,90,21
183,520,6,90,21
184,521,6,90,21
185,524,6,90,21
186,527,11,90,21
187,530,3,90,21
188,531,2,90,21
189,533,6,90,21
190,535,3,90,21
191,541,2,90,21
192,542,6,90,21
193,553,8,90,21
194,557,3,90,21
195,559,6,90,21
196,565,3,90,21
197,566,3,90,21
198,567,6,90,21
199,568,2,90,21
200,571,6,90,21
201,573,1,90,21
202,577,2,90,21
203,587,6,90,21
204,588,3,90,21
205,591,6,90,21
206,593,2,90,21
207,594,2,90,21
208,600,2,90,21
209,608,2,90,21
210,618,2,90,21
211,619,2,90,21
212,623,5,90,21
213,625,2,90,21
214,630,2,90,21
215,635,2,90,21
216,650,0,90,21
217,651,2,90,21
218,652,2,90,21
219,654,8,90,21
0,3,2,90,22
1,4,2,90,22
2,6,2,90,22
3,9,2,90,22
4,13,5,90,22
5,14,2,90,22
6,15,2,90,22
7,16,2,90,22
8,17,7,90,22
9,18,5,90,22
10,23,2,90,22
11,24,2,90,22
12,27,2,90,22
13,35,8,90,22
14,36,2,90,22
15,42,2,90,22
16,44,5,90,22
17,47,2,90,22
18,52,2,90,22
19,53,2,90,22
20,54,5,90,22
21,57,5,90,22
22,58,6,90,22
23,60,7,90,22
24,70,1,90,22
25,71,2,90,22
26,76,2,90,22
27,78,9,90,22
28,79,2,90,22
29,81,4,90,22
30,82,4,90,22
31,83,5,90,22
32,85,1,90,22
33,88,1,90,22
34,89,2,90,22
35,91,1,90,22
36,98,2,90,22
37,99,7,90,22
38,101,2,90,22
39,104,1,90,22
40,106,10,90,22
41,110,2,90,22
42,117,4,90,22
43,122,0,90,22
44,126,2,90,22
45,128,0,90,22
46,129,2,90,22
47,137,2,90,22
48,144,0,90,22
49,145,0,90,22
50,146,2,90,22
51,148,2,90,22
52,152,1,90,22
53,157,5,90,22
54,159,2,90,22
55,162,2,90,22
56,163,2,90,22
57,171,2,90,22
58,172,2,90,22
59,174,9,90,22
60,177,2,90,22
61,180,2,90,22
62,185,2,90,22
63,189,3,90,22
64,191,6,90,22
65,192,2,90,22
66,194,2,90,22
67,198,2,90,22
68,200,2,90,22
69,201,2,90,22
70,204,6,90,22
71,205,3,90,22
72,207,4,90,22
73,210,5,90,22
74,211,2,90,22
75,214,2,90,22
76,217,3,90,22
77,220,2,90,22
78,222,13,90,22
79,224,4,90,22
80,231,6,90,22
81,232,2,90,22
82,233,7,90,22
83,235,8,90,22
84,236,9,90,22
85,238,6,90,22
86,239,3,90,22
87,240,3,90,22
88,241,12,90,22
89,245,6,90,22
90,247,3,90,22
91,248,6,90,22
92,254,6,90,22
93,255,6,90,22
94,257,6,90,22
95,262,5,90,22
96,263,1,90,22
97,265,2,90,22
98,267,1,90,22
99,268,2,90,22
100,274,2,90,22
101,275,1,90,22
102,277,7,90,22
103,284,1,90,22
104,291,1,90,22
105,293,1,90,22
106,295,1,90,22
107,296,1,90,22
108,300,5,90,22
109,306,6,90,22
110,309,2,90,22
111,311,1,90,22
112,313,4,90,22
113,314,2,90,22
114,323,2,90,22
115,325,3,90,22
116,326,2,90,22
117,327,5,90,22
118,328,7,90,22
119,329,2,90,22
120,336,2,90,22
121,337,1,90,22
122,338,1,90,22
123,339,1,90,22
124,340,6,90,22
125,342,3,90,22
126,346,3,90,22
127,347,6,90,22
128,348,9,90,22
129,350,6,90,22
130,351,17,90,22
131,354,3,90,22
132,355,9,90,22
133,363,12,90,22
134,366,10,90,22
135,368,2,90,22
136,375,6,90,22
137,380,2,90,22
138,382,2,90,22
139,383,3,90,22
140,385,10,90,22
141,388,1,90,22
142,389,5,90,22
143,392,2,90,22
144,394,5,90,22
145,395,2,90,22
146,398,2,90,22
147,399,2,90,22
148,401,7,90,22
149,404,2,90,22
150,409,2,90,22
151,413,2,90,22
152,415,2,90,22
153,417,2,90,22
154,422,2,90,22
155,423,2,90,22
156,431,2,90,22
157,432,2,90,22
158,433,5,90,22
159,434,4,90,22
160,436,2,90,22
161,443,2,90,22
162,447,6,90,22
163,449,2,90,22
164,453,2,90,22
165,461,2,90,22
166,463,2,90,22
167,467,2,90,22
168,472,2,90,22
169,474,2,90,22
170,476,2,90,22
171,480,2,90,22
172,482,2,90,22
173,484,2,90,22
174,486,2,90,22
175,492,2,90,22
176,494,12,90,22
177,495,8,90,22
178,498,2,90,22
179,505,2,90,22
180,508,2,90,22
181,517,1,90,22
182,520,1,90,22
183,521,1,90,22
184,524,1,90,22
185,530,2,90,22
186,533,6,90,22
187,535,3,90,22
188,542,6,90,22
189,553,3,90,22
190,559,6,90,22
191,560,2,90,22
192,564,6,90,22
193,566,3,90,22
194,567,9,90,22
195,568,2,90,22
196,570,2,90,22
197,573,2,90,22
198,576,2,90,22
199,577,3,90,22
200,585,2,90,22
201,587,2,90,22
202,588,2,90,22
203,591,1,90,22
204,593,2,90,22
205,594,2,90,22
206,608,4,90,22
207,617,5,90,22
208,618,2,90,22
209,622,3,90,22
210,623,2,90,22
211,625,3,90,22
212,628,1,90,22
213,630,1,90,22
214,650,2,90,22
215,651,6,90,22
216,652,2,90,22
217,654,2,90,22
218,655,8,90,22
219,10149,3,90,22
0,2,2,90,23
1,3,2,90,23
2,4,5,90,23
3,6,2,90,23
4,10,3,90,23
5,13,2,90,23
6,14,1,90,23
7,15,3,90,23
8,16,5,90,23
9,17,9,90,23
10,18,2,90,23
11,19,8,90,23
12,24,2,90,23
13,26,1,90,23
14,27,2,90,23
15,28,2,90,23
16,35,2,90,23
17,36,5,90,23
18,44,2,90,23
19,47,2,90,23
20,48,7,90,23
21,52,2,90,23
22,53,2,90,23
23,54,5,90,23
24,57,2,90,23
25,58,9,90,23
26,60,3,90,23
27,63,3,90,23
28,64,3,90,23
29,70,6,90,23
30,78,3,90,23
31,79,6,90,23
32,81,6,90,23
33,82,7,90,23
34,83,8,90,23
35,85,7,90,23
36,88,2,90,23
37,89,2,90,23
38,91,2,90,23
39,95,2,90,23
40,98,2,90,23
41,99,4,90,23
42,101,2,90,23
43,104,2,90,23
44,105,2,90,23
45,110,2,90,23
46,115,3,90,23
47,117,2,90,23
48,122,6,90,23
49,126,3,90,23
50,129,2,90,23
51,136,3,90,23
52,144,6,90,23
53,145,9,90,23
54,146,6,90,23
55,148,2,90,23
56,152,6,90,23
57,157,2,90,23
58,159,0,90,23
59,162,5,90,23
60,163,2,90,23
61,168,2,90,23
62,171,2,90,23
63,174,2,90,23
64,177,2,90,23
65,182,7,90,23
66,185,2,90,23
67,189,2,90,23
68,191,6,90,23
69,192,2,90,23
70,194,0,90,23
71,196,0,90,23
72,200,0,90,23
73,201,0,90,23
74,204,2,90,23
75,205,3,90,23
76,207,2,90,23
77,210,0,90,23
78,211,0,90,23
79,219,1,90,23
80,220,2,90,23
81,222,2,90,23
82,224,2,90,23
83,228,7,90,23
84,232,2,90,23
85,235,2,90,23
86,236,1,90,23
87,238,1,90,23
88,240,3,90,23
89,241,12,90,23
90,247,3,90,23
91,248,8,90,23
92,252,12,90,23
93,255,9,90,23
94,257,12,90,23
95,263,1,90,23
96,264,2,90,23
97,265,2,90,23
98,267,1,90,23
99,274,2,90,23
100,275,2,90,23
101,278,2,90,23
102,284,1,90,23
103,289,2,90,23
104,291,1,90,23
105,293,1,90,23
106,296,4,90,23
107,300,2,90,23
108,302,1,90,23
109,309,2,90,23
110,311,1,90,23
111,313,2,90,23
112,314,2,90,23
113,316,7,90,23
114,325,1,90,23
115,326,7,90,23
116,327,2,90,23
117,328,2,90,23
118,329,2,90,23
119,335,1,90,23
120,336,2,90,23
121,339,1,90,23
122,340,2,90,23
123,341,2,90,23
124,342,4,90,23
125,345,2,90,23
126,347,2,90,23
127,348,3,90,23
128,350,2,90,23
129,351,5,90,23
130,354,2,90,23
131,363,2,90,23
132,366,10,90,23
133,368,2,90,23
134,369,4,90,23
135,371,2,90,23
136,372,7,90,23
137,375,2,90,23
138,380,2,90,23
139,383,2,90,23
140,385,6,90,23
141,388,2,90,23
142,391,2,90,23
143,392,7,90,23
144,394,2,90,23
145,395,4,90,23
146,399,2,90,23
147,401,6,90,23
148,402,5,90,23
149,403,5,90,23
150,409,2,90,23
151,413,5,90,23
152,415,8,90,23
153,422,4,90,23
154,432,2,90,23
155,433,8,90,23
156,434,2,90,23
157,436,1,90,23
158,443,4,90,23
159,447,2,90,23
160,449,2,90,23
161,453,2,90,23
162,455,1,90,23
163,462,7,90,23
164,463,2,90,23
165,467,5,90,23
166,472,1,90,23
167,476,1,90,23
168,481,6,90,23
169,482,3,90,23
170,486,6,90,23
171,491,6,90,23
172,492,3,90,23
173,494,3,90,23
174,495,6,90,23
175,501,2,90,23
176,503,13,90,23
177,505,6,90,23
178,508,6,90,23
179,512,5,90,23
180,514,2,90,23
181,518,2,90,23
182,520,2,90,23
183,521,8,90,23
184,524,4,90,23
185,530,2,90,23
186,531,2,90,23
187,541,6,90,23
188,544,5,90,23
189,553,4,90,23
190,557,2,90,23
191,559,2,90,23
192,560,2,90,23
193,564,2,90,23
194,565,2,90,23
195,566,5,90,23
196,567,2,90,23
197,568,1,90,23
198,570,7,90,23
199,573,1,90,23
200,577,2,90,23
201,585,5,90,23
202,587,10,90,23
203,588,2,90,23
204,591,2,90,23
205,593,2,90,23
206,594,5,90,23
207,617,8,90,23
208,618,3,90,23
209,619,2,90,23
210,622,3,90,23
211,623,2,90,23
212,625,2,90,23
213,628,12,90,23
214,630,1,90,23
215,633,2,90,23
216,650,0,90,23
217,651,2,90,23
218,654,5,90,23
219,655,7,90,23
0,3,6,90,24
1,4,5,90,24
2,6,6,90,24
3,9,8,90,24
4,13,8,90,24
5,14,7,90,24
6,15,6,90,24
7,17,3,90,24
8,18,6,90,24
9,19,3,90,24
10,23,16,90,24
11,24,6,90,24
12,25,9,90,24
13,26,5,90,24
14,27,2,90,24
15,28,2,90,24
16,35,2,90,24
17,36,5,90,24
18,44,8,90,24
19,47,3,90,24
20,48,2,90,24
21,52,2,90,24
22,53,5,90,24
23,54,7,90,24
24,58,2,90,24
25,60,2,90,24
26,63,2,90,24
27,64,2,90,24
28,70,2,90,24
29,71,2,90,24
30,78,4,90,24
31,79,2,90,24
32,81,2,90,24
33,82,6,90,24
34,83,2,90,24
35,85,2,90,24
36,88,6,90,24
37,89,3,90,24
38,91,6,90,24
39,94,3,90,24
40,95,3,90,24
41,98,3,90,24
42,99,11,90,24
43,104,6,90,24
44,105,7,90,24
45,110,2,90,24
46,115,2,90,24
47,117,2,90,24
48,122,1,90,24
49,123,2,90,24
50,126,2,90,24
51,128,1,90,24
52,144,1,90,24
53,145,1,90,24
54,146,1,90,24
55,148,2,90,24
56,152,2,90,24
57,157,2,90,24
58,159,2,90,24
59,162,3,90,24
60,163,1,90,24
61,168,4,90,24
62,171,0,90,24
63,181,2,90,24
64,182,2,90,24
65,185,0,90,24
66,189,0,90,24
67,191,6,90,24
68,194,2,90,24
69,196,2,90,24
70,200,2,90,24
71,201,2,90,24
72,204,6,90,24
73,205,4,90,24
74,207,5,90,24
75,210,2,90,24
76,211,2,90,24
77,217,2,90,24
78,218,2,90,24
79,220,6,90,24
80,222,2,90,24
81,224,2,90,24
82,231,1,90,24
83,235,1,90,24
84,236,1,90,24
85,238,1,90,24
86,239,3,90,24
87,240,6,90,24
88,241,7,90,24
89,247,3,90,24
90,248,6,90,24
91,252,2,90,24
92,255,6,90,24
93,257,6,90,24
94,263,2,90,24
95,267,2,90,24
96,268,2,90,24
97,272,6,90,24
98,274,2,90,24
99,275,2,90,24
100,277,2,90,24
101,278,2,90,24
102,284,2,90,24
103,289,7,90,24
104,291,3,90,24
105,293,0,90,24
106,295,6,90,24
107,300,5,90,24
108,306,14,90,24
109,307,0,90,24
110,309,2,90,24
111,311,1,90,24
112,313,9,90,24
113,316,2,90,24
114,321,2,90,24
115,323,2,90,24
116,325,1,90,24
117,326,1,90,24
118,327,2,90,24
119,328,2,90,24
120,335,1,90,24
121,338,9,90,24
122,339,1,90,24
123,340,2,90,24
124,341,2,90,24
125,342,2,90,24
126,345,13,90,24
127,347,2,90,24
128,348,2,90,24
129,350,2,90,24
130,351,8,90,24
131,355,2,90,24
132,363,2,90,24
133,366,8,90,24
134,368,7,90,24
135,369,3,90,24
136,372,12,90,24
137,375,6,90,24
138,376,3,90,24
139,380,0,90,24
140,383,0,90,24
141,385,2,90,24
142,388,5,90,24
143,391,2,90,24
144,392,7,90,24
145,395,2,90,24
146,398,3,90,24
147,399,2,90,24
148,403,2,90,24
149,409,2,90,24
150,410,2,90,24
151,413,5,90,24
152,415,2,90,24
153,417,2,90,24
154,422,2,90,24
155,432,2,90,24
156,433,2,90,24
157,434,2,90,24
158,436,2,90,24
159,443,2,90,24
160,447,9,90,24
161,449,2,90,24
162,452,3,90,24
163,455,6,90,24
164,461,6,90,24
165,467,6,90,24
166,472,6,90,24
167,474,6,90,24
168,476,6,90,24
169,480,2,90,24
170,484,2,90,24
171,491,3,90,24
172,492,5,90,24
173,494,5,90,24
174,495,2,90,24
175,498,2,90,24
176,501,2,90,24
177,503,4,90,24
178,505,2,90,24
179,508,2,90,24
180,512,6,90,24
181,514,5,90,24
182,518,3,90,24
183,520,4,90,24
184,521,2,90,24
185,524,2,90,24
186,527,8,90,24
187,530,2,90,24
188,531,4,90,24
189,533,6,90,24
190,535,5,90,24
191,541,2,90,24
192,542,6,90,24
193,553,3,90,24
194,557,3,90,24
195,559,6,90,24
196,560,2,90,24
197,564,9,90,24
198,566,2,90,24
199,568,2,90,24
200,569,2,90,24
201,570,7,90,24
202,573,2,90,24
203,577,2,90,24
204,585,2,90,24
205,587,2,90,24
206,588,2,90,24
207,591,2,90,24
208,593,0,90,24
209,594,0,90,24
210,595,7,90,24
211,618,5,90,24
212,621,2,90,24
213,622,8,90,24
214,623,3,90,24
215,625,8,90,24
216,631,2,90,24
217,650,2,90,24
218,651,2,90,24
219,10149,3,90,24
0,3,2,90,25
1,4,5,90,25
2,6,2,90,25
3,13,2,90,25
4,14,6,90,25
5,15,4,90,25
6,16,2,90,25
7,17,2,90,25
8,18,2,90,25
9,20,3,90,25
10,24,2,90,25
11,26,7,90,25
12,27,4,90,25
13,36,0,90,25
14,44,0,90,25
15,47,0,90,25
16,48,5,90,25
17,49,6,90,25
18,52,0,90,25
19,53,3,90,25
20,54,2,90,25
21,58,2,90,25
22,63,3,90,25
23,64,3,90,25
24,70,6,90,25
25,71,3,90,25
26,78,3,90,25
27,79,6,90,25
28,81,6,90,25
29,82,4,90,25
30,83,6,90,25
31,85,6,90,25
32,88,6,90,25
33,89,3,90,25
34,91,8,90,25
35,94,3,90,25
36,95,3,90,25
37,98,3,90,25
38,99,3,90,25
39,101,4,90,25
40,104,6,90,25
41,105,6,90,25
42,115,3,90,25
43,117,3,90,25
44,120,6,90,25
45,126,4,90,25
46,128,6,90,25
47,131,6,90,25
48,136,5,90,25
49,144,6,90,25
50,145,6,90,25
51,146,6,90,25
52,148,2,90,25
53,152,6,90,25
54,157,3,90,25
55,159,6,90,25
56,162,6,90,25
57,171,9,90,25
58,172,6,90,25
59,174,3,90,25
60,177,8,90,25
61,180,2,90,25
62,185,6,90,25
63,188,3,90,25
64,189,6,90,25
65,191,2,90,25
66,194,6,90,25
67,196,6,90,25
68,200,9,90,25
69,201,6,90,25
70,204,2,90,25
71,205,6,90,25
72,207,7,90,25
73,210,6,90,25
74,211,6,90,25
75,217,2,90,25
76,218,2,90,25
77,222,2,90,25
78,224,7,90,25
79,228,5,90,25
80,231,3,90,25
81,232,2,90,25
82,233,2,90,25
83,235,2,90,25
84,236,2,90,25
85,239,2,90,25
86,241,2,90,25
87,247,2,90,25
88,248,2,90,25
89,252,2,90,25
90,254,2,90,25
91,255,2,90,25
92,257,2,90,25
93,259,2,90,25
94,262,2,90,25
95,263,1,90,25
96,264,2,90,25
97,265,2,90,25
98,267,4,90,25
99,268,10,90,25
100,274,6,90,25
101,275,1,90,25
102,277,2,90,25
103,278,2,90,25
104,285,3,90,25
105,291,6,90,25
106,293,6,90,25
107,295,6,90,25
108,296,6,90,25
109,299,3,90,25
110,300,3,90,25
111,301,6,90,25
112,309,3,90,25
113,311,5,90,25
114,321,9,90,25
115,324,5,90,25
116,325,2,90,25
117,326,2,90,25
118,327,2,90,25
119,328,4,90,25
120,335,5,90,25
121,336,12,90,25
122,337,5,90,25
123,338,6,90,25
124,339,8,90,25
125,340,6,90,25
126,341,6,90,25
127,342,3,90,25
128,345,3,90,25
129,346,3,90,25
130,347,6,90,25
131,348,6,90,25
132,350,6,90,25
133,354,3,90,25
134,363,6,90,25
135,365,3,90,25
136,366,3,90,25
137,368,3,90,25
138,369,8,90,25
139,372,3,90,25
140,375,5,90,25
141,380,6,90,25
142,383,6,90,25
143,388,5,90,25
144,392,7,90,25
145,394,12,90,25
146,395,1,90,25
147,398,2,90,25
148,399,4,90,25
149,401,6,90,25
150,403,2,90,25
151,409,1,90,25
152,410,2,90,25
153,413,1,90,25
154,415,4,90,25
155,422,1,90,25
156,423,2,90,25
157,432,2,90,25
158,433,2,90,25
159,434,2,90,25
160,436,7,90,25
161,443,1,90,25
162,447,10,90,25
163,452,3,90,25
164,453,6,90,25
165,455,6,90,25
166,461,9,90,25
167,467,9,90,25
168,476,6,90,25
169,480,5,90,25
170,482,2,90,25
171,486,1,90,25
172,491,2,90,25
173,492,5,90,25
174,495,7,90,25
175,498,1,90,25
176,503,5,90,25
177,505,7,90,25
178,508,1,90,25
179,512,2,90,25
180,514,9,90,25
181,515,3,90,25
182,517,2,90,25
183,518,3,90,25
184,521,2,90,25
185,524,2,90,25
186,527,2,90,25
187,528,2,90,25
188,531,5,90,25
189,533,2,90,25
190,541,2,90,25
191,542,2,90,25
192,543,2,90,25
193,544,2,90,25
194,553,2,90,25
195,557,2,90,25
196,559,2,90,25
197,560,3,90,25
198,566,3,90,25
199,568,1,90,25
200,569,2,90,25
201,570,3,90,25
202,573,1,90,25
203,577,2,90,25
204,585,3,90,25
205,588,2,90,25
206,591,2,90,25
207,593,6,90,25
208,594,7,90,25
209,597,2,90,25
210,600,3,90,25
211,617,2,90,25
212,621,3,90,25
213,622,2,90,25
214,625,3,90,25
215,650,8,90,25
216,651,2,90,25
217,652,3,90,25
218,654,2,90,25
219,10149,2,90,25
0,3,3,90,26
1,4,6,90,26
2,9,2,90,26
3,10,2,90,26
4,13,2,90,26
5,14,1,90,26
6,15,4,90,26
7,17,5,90,26
8,18,2,90,26
9,19,2,90,26
10,20,2,90,26
11,23,7,90,26
12,24,2,90,26
13,25,2,90,26
14,26,6,90,26
15,27,2,90,26
16,28,2,90,26
17,36,1,90,26
18,44,1,90,26
19,47,1,90,26
20,48,7,90,26
21,49,4,90,26
22,50,1,90,26
23,52,1,90,26
24,54,2,90,26
25,57,2,90,26
26,63,8,90,26
27,64,9,90,26
28,65,6,90,26
29,70,6,90,26
30,76,3,90,26
31,78,6,90,26
32,79,6,90,26
33,81,6,90,26
34,82,7,90,26
35,83,3,90,26
36,85,6,90,26
37,88,1,90,26
38,89,4,90,26
39,91,1,90,26
40,95,2,90,26
41,99,2,90,26
42,100,1,90,26
43,104,1,90,26
44,106,2,90,26
45,110,3,90,26
46,111,2,90,26
47,113,2,90,26
48,117,2,90,26
49,122,2,90,26
50,128,5,90,26
51,129,2,90,26
52,136,7,90,26
53,144,2,90,26
54,145,5,90,26
55,146,2,90,26
56,148,7,90,26
57,152,6,90,26
58,157,2,90,26
59,159,2,90,26
60,162,1,90,26
61,163,1,90,26
62,171,1,90,26
63,172,1,90,26
64,174,5,90,26
65,180,5,90,26
66,182,7,90,26
67,185,1,90,26
68,189,1,90,26
69,191,1,90,26
70,194,2,90,26
71,196,2,90,26
72,200,2,90,26
73,201,2,90,26
74,204,6,90,26
75,205,10,90,26
76,207,6,90,26
77,210,2,90,26
78,211,2,90,26
79,214,2,90,26
80,220,2,90,26
81,224,5,90,26
82,228,2,90,26
83,230,2,90,26
84,231,2,90,26
85,232,2,90,26
86,233,2,90,26
87,235,2,90,26
88,236,2,90,26
89,238,2,90,26
90,241,4,90,26
91,247,2,90,26
92,248,1,90,26
93,251,2,90,26
94,252,8,90,26
95,255,4,90,26
96,257,1,90,26
97,259,2,90,26
98,263,1,90,26
99,264,2,90,26
100,267,1,90,26
101,268,2,90,26
102,272,7,90,26
103,275,1,90,26
104,278,2,90,26
105,284,1,90,26
106,291,2,90,26
107,293,2,90,26
108,295,2,90,26
109,296,2,90,26
110,298,2,90,26
111,302,2,90,26
112,306,2,90,26
113,307,2,90,26
114,309,2,90,26
115,311,2,90,26
116,313,5,90,26
117,316,8,90,26
118,320,2,90,26
119,321,10,90,26
120,323,2,90,26
121,325,5,90,26
122,326,2,90,26
123,328,7,90,26
124,335,2,90,26
125,338,1,90,26
126,339,2,90,26
127,340,2,90,26
128,341,1,90,26
129,342,2,90,26
130,347,1,90,26
131,350,1,90,26
132,351,2,90,26
133,354,2,90,26
134,355,1,90,26
135,363,1,90,26
136,365,3,90,26
137,366,3,90,26
138,368,3,90,26
139,369,7,90,26
140,372,8,90,26
141,375,5,90,26
142,380,8,90,26
143,383,6,90,26
144,385,6,90,26
145,386,2,90,26
146,388,2,90,26
147,392,2,90,26
148,394,2,90,26
149,395,2,90,26
150,398,2,90,26
151,399,5,90,26
152,401,2,90,26
153,404,2,90,26
154,405,2,90,26
155,413,2,90,26
156,415,2,90,26
157,420,4,90,26
158,422,9,90,26
159,432,3,90,26
160,433,3,90,26
161,434,4,90,26
162,436,6,90,26
163,443,6,90,26
164,447,6,90,26
165,449,3,90,26
166,452,2,90,26
167,453,4,90,26
168,455,1,90,26
169,461,1,90,26
170,472,1,90,26
171,474,1,90,26
172,476,1,90,26
173,480,2,90,26
174,484,8,90,26
175,491,2,90,26
176,492,7,90,26
177,495,5,90,26
178,498,2,90,26
179,499,2,90,26
180,503,5,90,26
181,505,5,90,26
182,508,2,90,26
183,514,9,90,26
184,518,2,90,26
185,520,2,90,26
186,521,2,90,26
187,524,2,90,26
188,527,5,90,26
189,528,2,90,26
190,530,3,90,26
191,531,3,90,26
192,533,15,90,26
193,541,2,90,26
194,542,7,90,26
195,550,3,90,26
196,557,3,90,26
197,559,6,90,26
198,566,2,90,26
199,567,6,90,26
200,568,1,90,26
201,570,2,90,26
202,571,2,90,26
203,573,6,90,26
204,577,5,90,26
205,585,3,90,26
206,587,2,90,26
207,588,2,90,26
208,591,2,90,26
209,593,6,90,26
210,594,6,90,26
211,608,5,90,26
212,618,7,90,26
213,625,7,90,26
214,628,2,90,26
215,630,1,90,26
216,631,7,90,26
217,651,7,90,26
218,655,16,90,26
219,10149,3,90,26
0,3,8,90,27
1,4,2,90,27
2,6,2,90,27
3,9,3,90,27
4,13,2,90,27
5,14,3,90,27
6,15,5,90,27
7,16,2,90,27
8,17,5,90,27
9,18,2,90,27
10,19,8,90,27
11,20,2,90,27
12,24,2,90,27
13,27,6,90,27
14,28,13,90,27
15,36,1,90,27
16,38,10,90,27
17,44,1,90,27
18,47,1,90,27
19,48,7,90,27
20,52,1,90,27
21,53,5,90,27
22,54,5,90,27
23,57,5,90,27
24,62,3,90,27
25,64,2,90,27
26,70,1,90,27
27,71,2,90,27
28,78,2,90,27
29,79,4,90,27
30,81,1,90,27
31,82,9,90,27
32,83,2,90,27
33,85,1,90,27
34,88,12,90,27
35,89,3,90,27
36,91,6,90,27
37,94,8,90,27
38,95,3,90,27
39,98,3,90,27
40,99,6,90,27
41,104,6,90,27
42,110,2,90,27
43,117,2,90,27
44,120,1,90,27
45,121,2,90,27
46,126,2,90,27
47,128,1,90,27
48,136,2,90,27
49,144,1,90,27
50,145,1,90,27
51,146,2,90,27
52,149,2,90,27
53,152,1,90,27
54,159,1,90,27
55,162,2,90,27
56,163,4,90,27
57,171,2,90,27
58,174,2,90,27
59,177,2,90,27
60,180,2,90,27
61,182,5,90,27
62,185,2,90,27
63,189,2,90,27
64,191,6,90,27
65,192,5,90,27
66,193,2,90,27
67,194,1,90,27
68,196,1,90,27
69,200,1,90,27
70,201,4,90,27
71,204,2,90,27
72,205,2,90,27
73,207,2,90,27
74,210,1,90,27
75,211,1,90,27
76,219,1,90,27
77,222,2,90,27
78,224,2,90,27
79,230,2,90,27
80,231,1,90,27
81,232,2,90,27
82,233,2,90,27
83,235,1,90,27
84,236,1,90,27
85,238,1,90,27
86,239,3,90,27
87,240,10,90,27
88,247,3,90,27
89,248,6,90,27
90,252,9,90,27
91,255,8,90,27
92,257,6,90,27
93,263,1,90,27
94,264,5,90,27
95,265,2,90,27
96,267,1,90,27
97,268,6,90,27
98,274,2,90,27
99,275,1,90,27
100,278,2,90,27
101,291,1,90,27
102,293,1,90,27
103,295,1,90,27
104,296,7,90,27
105,302,1,90,27
106,306,2,90,27
107,309,5,90,27
108,311,0,90,27
109,321,6,90,27
110,323,3,90,27
111,324,5,90,27
112,325,0,90,27
113,326,0,90,27
114,328,17,90,27
115,329,5,90,27
116,335,0,90,27
117,336,2,90,27
118,338,8,90,27
119,339,0,90,27
120,340,6,90,27
121,341,6,90,27
122,342,8,90,27
123,346,8,90,27
124,347,6,90,27
125,348,11,90,27
126,350,6,90,27
127,351,6,90,27
128,355,6,90,27
129,363,6,90,27
130,368,2,90,27
131,369,5,90,27
132,375,7,90,27
133,376,2,90,27
134,380,2,90,27
135,382,5,90,27
136,383,2,90,27
137,386,2,90,27
138,388,6,90,27
139,389,6,90,27
140,391,2,90,27
141,392,3,90,27
142,394,5,90,27
143,395,2,90,27
144,398,2,90,27
145,401,9,90,27
146,409,2,90,27
147,410,2,90,27
148,413,2,90,27
149,415,2,90,27
150,420,2,90,27
151,422,2,90,27
152,423,2,90,27
153,431,2,90,27
154,432,2,90,27
155,434,2,90,27
156,436,2,90,27
157,443,4,90,27
158,447,2,90,27
159,449,7,90,27
160,452,2,90,27
161,455,1,90,27
162,461,1,90,27
163,463,2,90,27
164,467,1,90,27
165,474,1,90,27
166,480,2,90,27
167,486,8,90,27
168,491,11,90,27
169,492,4,90,27
170,495,2,90,27
171,498,2,90,27
172,499,5,90,27
173,501,2,90,27
174,503,2,90,27
175,505,5,90,27
176,508,2,90,27
177,512,2,90,27
178,514,8,90,27
179,518,5,90,27
180,520,7,90,27
181,521,6,90,27
182,524,9,90,27
183,526,3,90,27
184,527,3,90,27
185,530,6,90,27
186,531,5,90,27
187,533,3,90,27
188,541,13,90,27
189,542,2,90,27
190,553,2,90,27
191,557,2,90,27
192,559,5,90,27
193,560,7,90,27
194,565,2,90,27
195,566,2,90,27
196,567,2,90,27
197,568,1,90,27
198,570,2,90,27
199,573,2,90,27
200,577,2,90,27
201,579,12,90,27
202,585,2,90,27
203,587,13,90,27
204,588,3,90,27
205,593,4,90,27
206,594,2,90,27
207,600,2,90,27
208,608,2,90,27
209,617,2,90,27
210,622,3,90,27
211,623,2,90,27
212,625,6,90,27
213,628,1,90,27
214,630,1,90,27
215,631,2,90,27
216,649,6,90,27
217,651,2,90,27
218,652,2,90,27
219,10149,5,90,27
0,3,5,90,28
1,4,2,90,28
2,6,2,90,28
3,9,5,90,28
4,14,1,90,28
5,15,2,90,28
6,16,2,90,28
7,17,8,90,28
8,18,2,90,28
9,20,5,90,28
10,23,7,90,28
11,24,2,90,28
12,26,6,90,28
13,35,0,90,28
14,36,0,90,28
15,42,2,90,28
16,44,0,90,28
17,47,6,90,28
18,52,0,90,28
19,54,2,90,28
20,57,2,90,28
21,58,2,90,28
22,63,2,90,28
23,65,2,90,28
24,70,1,90,28
25,71,2,90,28
26,78,2,90,28
27,79,1,90,28
28,81,3,90,28
29,82,6,90,28
30,83,2,90,28
31,85,1,90,28
32,88,6,90,28
33,89,8,90,28
34,91,6,90,28
35,94,3,90,28
36,95,3,90,28
37,98,6,90,28
38,99,6,90,28
39,101,6,90,28
40,104,7,90,28
41,105,6,90,28
42,115,3,90,28
43,117,2,90,28
44,122,6,90,28
45,128,6,90,28
46,129,6,90,28
47,136,3,90,28
48,144,6,90,28
49,146,6,90,28
50,148,2,90,28
51,149,9,90,28
52,152,1,90,28
53,157,2,90,28
54,159,1,90,28
55,162,1,90,28
56,163,1,90,28
57,172,6,90,28
58,174,2,90,28
59,177,2,90,28
60,180,2,90,28
61,185,1,90,28
62,187,1,90,28
63,189,1,90,28
64,191,2,90,28
65,192,2,90,28
66,194,1,90,28
67,196,7,90,28
68,200,1,90,28
69,201,3,90,28
70,204,2,90,28
71,205,2,90,28
72,207,2,90,28
73,211,4,90,28
74,214,2,90,28
75,217,3,90,28
76,218,2,90,28
77,220,2,90,28
78,222,3,90,28
79,231,6,90,28
80,232,2,90,28
81,234,6,90,28
82,235,6,90,28
83,236,6,90,28
84,238,6,90,28
85,239,2,90,28
86,240,7,90,28
87,241,2,90,28
88,244,2,90,28
89,247,2,90,28
90,248,2,90,28
91,252,9,90,28
92,257,2,90,28
93,259,2,90,28
94,263,1,90,28
95,265,2,90,28
96,267,1,90,28
97,268,2,90,28
98,272,2,90,28
99,275,1,90,28
100,278,2,90,28
101,284,1,90,28
102,291,1,90,28
103,293,1,90,28
104,295,1,90,28
105,300,2,90,28
106,302,1,90,28
107,306,2,90,28
108,309,2,90,28
109,311,6,90,28
110,321,12,90,28
111,323,12,90,28
112,325,2,90,28
113,326,5,90,28
114,327,2,90,28
115,328,4,90,28
116,329,7,90,28
117,335,2,90,28
118,336,5,90,28
119,338,12,90,28
120,339,2,90,28
121,340,2,90,28
122,341,2,90,28
123,342,2,90,28
124,346,2,90,28
125,347,4,90,28
126,348,2,90,28
127,350,2,90,28
128,351,3,90,28
129,354,2,90,28
130,363,2,90,28
131,364,6,90,28
132,365,3,90,28
133,366,4,90,28
134,368,5,90,28
135,375,10,90,28
136,380,6,90,28
137,382,6,90,28
138,383,6,90,28
139,386,7,90,28
140,388,8,90,28
141,390,6,90,28
142,392,5,90,28
143,394,3,90,28
144,395,6,90,28
145,398,3,90,28
146,399,6,90,28
147,401,2,90,28
148,409,6,90,28
149,413,6,90,28
150,415,6,90,28
151,417,3,90,28
152,422,6,90,28
153,432,3,90,28
154,433,3,90,28
155,434,3,90,28
156,436,7,90,28
157,443,6,90,28
158,447,5,90,28
159,449,3,90,28
160,452,2,90,28
161,453,9,90,28
162,461,1,90,28
163,467,1,90,28
164,472,1,90,28
165,474,4,90,28
166,475,1,90,28
167,476,1,90,28
168,480,3,90,28
169,486,6,90,28
170,491,4,90,28
171,492,12,90,28
172,494,8,90,28
173,495,8,90,28
174,498,6,90,28
175,501,2,90,28
176,503,3,90,28
177,505,6,90,28
178,508,6,90,28
179,512,5,90,28
180,514,3,90,28
181,518,2,90,28
182,520,6,90,28
183,521,6,90,28
184,524,6,90,28
185,527,4,90,28
186,528,6,90,28
187,531,3,90,28
188,533,5,90,28
189,541,7,90,28
190,544,2,90,28
191,548,5,90,28
192,553,7,90,28
193,559,2,90,28
194,564,2,90,28
195,565,4,90,28
196,566,2,90,28
197,568,1,90,28
198,569,2,90,28
199,570,2,90,28
200,573,6,90,28
201,585,3,90,28
202,587,3,90,28
203,588,3,90,28
204,591,6,90,28
205,593,9,90,28
206,594,6,90,28
207,598,0,90,28
208,617,2,90,28
209,618,3,90,28
210,622,2,90,28
211,623,2,90,28
212,625,2,90,28
213,628,6,90,28
214,630,1,90,28
215,631,2,90,28
216,650,1,90,28
217,651,3,90,28
218,652,3,90,28
219,655,2,90,28
0,3,2,90,29
1,4,2,90,29
2,6,2,90,29
3,8,2,90,29
4,9,2,90,29
5,14,2,90,29
6,15,2,90,29
7,16,2,90,29
8,17,2,90,29
9,18,2,90,29
10,19,2,90,29
11,20,3,90,29
12,26,6,90,29
13,28,4,90,29
14,35,0,90,29
15,36,0,90,29
16,44,0,90,29
17,47,0,90,29
18,48,2,90,29
19,52,0,90,29
20,54,2,90,29
21,57,2,90,29
22,58,2,90,29
23,63,2,90,29
24,64,2,90,29
25,65,2,90,29
26,70,2,90,29
27,71,2,90,29
28,79,2,90,29
29,81,2,90,29
30,82,7,90,29
31,83,2,90,29
32,85,2,90,29
33,88,9,90,29
34,89,3,90,29
35,91,6,90,29
36,94,3,90,29
37,98,4,90,29
38,99,8,90,29
39,101,3,90,29
40,104,9,90,29
41,105,6,90,29
42,110,2,90,29
43,113,2,90,29
44,115,2,90,29
45,122,0,90,29
46,123,2,90,29
47,126,2,90,29
48,128,0,90,29
49,136,2,90,29
50,144,0,90,29
51,145,0,90,29
52,146,3,90,29
53,152,2,90,29
54,157,3,90,29
55,159,8,90,29
56,161,3,90,29
57,162,8,90,29
58,168,3,90,29
59,177,3,90,29
60,180,2,90,29
61,182,11,90,29
62,185,6,90,29
63,189,6,90,29
64,191,1,90,29
65,192,7,90,29
66,194,6,90,29
67,196,6,90,29
68,200,6,90,29
69,201,6,90,29
70,204,6,90,29
71,205,3,90,29
72,207,6,90,29
73,210,13,90,29
74,211,6,90,29
75,219,6,90,29
76,222,3,90,29
77,224,3,90,29
78,228,12,90,29
79,231,12,90,29
80,232,2,90,29
81,235,6,90,29
82,236,6,90,29
83,238,12,90,29
84,239,2,90,29
85,240,2,90,29
86,241,1,90,29
87,247,2,90,29
88,248,1,90,29
89,251,2,90,29
90,252,2,90,29
91,255,1,90,29
92,257,1,90,29
93,263,1,90,29
94,265,2,90,29
95,267,1,90,29
96,268,2,90,29
97,272,2,90,29
98,277,2,90,29
99,278,2,90,29
100,284,1,90,29
101,285,2,90,29
102,291,0,90,29
103,293,0,90,29
104,296,3,90,29
105,300,3,90,29
106,301,0,90,29
107,305,0,90,29
108,306,9,90,29
109,309,2,90,29
110,311,12,90,29
111,316,10,90,29
112,323,9,90,29
113,325,6,90,29
114,326,6,90,29
115,327,9,90,29
116,328,17,90,29
117,329,3,90,29
118,335,9,90,29
119,336,3,90,29
120,338,6,90,29
121,339,6,90,29
122,340,12,90,29
123,341,6,90,29
124,345,3,90,29
125,346,8,90,29
126,347,6,90,29
127,348,16,90,29
128,351,7,90,29
129,354,6,90,29
130,355,6,90,29
131,366,9,90,29
132,368,2,90,29
133,369,1,90,29
134,372,2,90,29
135,375,13,90,29
136,376,1,90,29
137,383,1,90,29
138,386,6,90,29
139,388,1,90,29
140,389,2,90,29
141,392,2,90,29
142,394,2,90,29
143,395,1,90,29
144,398,2,90,29
145,402,2,90,29
146,403,2,90,29
147,409,2,90,29
148,410,2,90,29
149,413,1,90,29
150,415,1,90,29
151,417,2,90,29
152,422,6,90,29
153,423,6,90,29
154,431,5,90,29
155,433,3,90,29
156,436,6,90,29
157,443,6,90,29
158,444,6,90,29
159,447,13,90,29
160,449,3,90,29
161,455,2,90,29
162,461,2,90,29
163,463,2,90,29
164,467,2,90,29
165,472,2,90,29
166,474,2,90,29
167,476,2,90,29
168,480,8,90,29
169,486,6,90,29
170,491,6,90,29
171,492,3,90,29
172,494,3,90,29
173,495,6,90,29
174,498,9,90,29
175,499,8,90,29
176,505,7,90,29
177,508,6,90,29
178,512,2,90,29
179,518,2,90,29
180,520,1,90,29
181,521,1,90,29
182,524,2,90,29
183,527,4,90,29
184,528,1,90,29
185,530,2,90,29
186,533,7,90,29
187,542,12,90,29
188,543,6,90,29
189,548,3,90,29
190,553,3,90,29
191,559,6,90,29
192,560,3,90,29
193,564,8,90,29
194,566,5,90,29
195,567,6,90,29
196,568,1,90,29
197,569,2,90,29
198,570,2,90,29
199,573,6,90,29
200,585,6,90,29
201,587,2,90,29
202,588,2,90,29
203,591,1,90,29
204,593,1,90,29
205,594,4,90,29
206,603,3,90,29
207,608,2,90,29
208,617,4,90,29
209,619,2,90,29
210,623,2,90,29
211,625,3,90,29
212,628,0,90,29
213,630,1,90,29
214,633,2,90,29
215,650,6,90,29
216,651,6,90,29
217,652,7,90,29
218,655,6,90,29
219,672,6,90,29
0,2,2,90,30
1,3,6,90,30
2,4,2,90,30
3,6,6,90,30
4,9,3,90,30
5,13,3,90,30
6,14,8,90,30
7,15,6,90,30
8,17,3,90,30
9,18,7,90,30
10,19,5,90,30
11,20,3,90,30
12,24,6,90,30
13,26,7,90,30
14,27,2,90,30
15,28,2,90,30
16,35,2,90,30
17,36,8,90,30
18,44,2,90,30
19,47,2,90,30
20,48,3,90,30
21,52,2,90,30
22,53,5,90,30
23,57,2,90,30
24,58,2,90,30
25,63,3,90,30
26,64,6,90,30
27,70,12,90,30
28,71,3,90,30
29,76,3,90,30
30,78,3,90,30
31,79,6,90,30
32,82,2,90,30
33,83,6,90,30
34,85,6,90,30
35,88,1,90,30
36,89,2,90,30
37,91,1,90,30
38,94,2,90,30
39,95,2,90,30
40,98,2,90,30
41,99,4,90,30
42,104,1,90,30
43,105,1,90,30
44,106,3,90,30
45,115,2,90,30
46,117,5,90,30
47,120,-1,90,30
48,121,2,90,30
49,126,3,90,30
50,129,6,90,30
51,131,-1,90,30
52,135,2,90,30
53,144,-1,90,30
54,145,-1,90,30
55,146,1,90,30
56,149,2,90,30
57,152,6,90,30
58,157,3,90,30
59,159,7,90,30
60,162,6,90,30
61,163,6,90,30
62,172,8,90,30
63,174,3,90,30
64,177,6,90,30
65,180,2,90,30
66,182,3,90,30
67,185,6,90,30
68,189,6,90,30
69,191,1,90,30
70,194,1,90,30
71,196,1,90,30
72,200,1,90,30
73,201,1,90,30
74,204,2,90,30
75,205,4,90,30
76,207,2,90,30
77,211,2,90,30
78,214,7,90,30
79,217,4,90,30
80,220,6,90,30
81,224,2,90,30
82,228,2,90,30
83,230,5,90,30
84,231,2,90,30
85,232,2,90,30
86,233,2,90,30
87,235,2,90,30
88,236,11,90,30
89,240,2,90,30
90,241,1,90,30
91,247,2,90,30
92,248,1,90,30
93,252,10,90,30
94,255,1,90,30
95,257,1,90,30
96,259,2,90,30
97,263,2,90,30
98,264,2,90,30
99,267,2,90,30
100,268,13,90,30
101,274,2,90,30
102,275,2,90,30
103,278,5,90,30
104,285,2,90,30
105,291,1,90,30
106,293,1,90,30
107,295,4,90,30
108,296,1,90,30
109,298,7,90,30
110,300,2,90,30
111,302,1,90,30
112,306,6,90,30
113,316,5,90,30
114,321,2,90,30
115,323,2,90,30
116,324,2,90,30
117,325,2,90,30
118,326,2,90,30
119,327,5,90,30
120,328,4,90,30
121,336,7,90,30
122,337,2,90,30
123,338,1,90,30
124,339,2,90,30
125,340,8,90,30
126,341,2,90,30
127,342,5,90,30
128,346,2,90,30
129,347,2,90,30
130,348,2,90,30
131,350,2,90,30
132,351,21,90,30
133,354,5,90,30
134,363,8,90,30
135,366,2,90,30
136,368,2,90,30
137,369,7,90,30
138,371,1,90,30
139,380,1,90,30
140,382,9,90,30
141,383,1,90,30
142,385,7,90,30
143,386,3,90,30
144,388,1,90,30
145,389,2,90,30
146,392,3,90,30
147,394,6,90,30
148,395,6,90,30
149,398,3,90,30
150,399,6,90,30
151,401,2,90,30
152,402,3,90,30
153,403,3,90,30
154,409,6,90,30
155,413,6,90,30
156,415,8,90,30
157,422,6,90,30
158,431,3,90,30
159,433,3,90,30
160,434,3,90,30
161,436,6,90,30
162,437,6,90,30
163,443,6,90,30
164,449,3,90,30
165,453,5,90,30
166,455,6,90,30
167,467,6,90,30
168,472,6,90,30
169,475,9,90,30
170,476,6,90,30
171,481,2,90,30
172,484,1,90,30
173,486,1,90,30
174,491,2,90,30
175,495,1,90,30
176,498,4,90,30
177,499,2,90,30
178,501,2,90,30
179,503,8,90,30
180,505,1,90,30
181,508,1,90,30
182,512,5,90,30
183,514,3,90,30
184,516,1,90,30
185,518,3,90,30
186,520,1,90,30
187,521,1,90,30
188,524,1,90,30
189,530,2,90,30
190,531,3,90,30
191,533,2,90,30
192,541,2,90,30
193,542,2,90,30
194,543,2,90,30
195,548,2,90,30
196,553,2,90,30
197,557,2,90,30
198,559,2,90,30
199,565,3,90,30
200,567,2,90,30
201,568,2,90,30
202,573,6,90,30
203,577,2,90,30
204,585,2,90,30
205,587,7,90,30
206,588,2,90,30
207,591,1,90,30
208,593,2,90,30
209,608,8,90,30
210,611,9,90,30
211,617,6,90,30
212,622,2,90,30
213,623,3,90,30
214,630,2,90,30
215,631,2,90,30
216,650,1,90,30
217,651,5,90,30
218,652,5,90,30
219,10001,5,90,30
0,3,6,90,31
1,4,2,90,31
2,6,6,90,31
3,9,8,90,31
4,10,2,90,31
5,13,6,90,31
6,14,1,90,31
7,15,6,90,31
8,16,3,90,31
9,17,3,90,31
10,18,8,90,31
11,19,2,90,31
12,23,3,90,31
13,24,6,90,31
14,26,8,90,31
15,27,2,90,31
16,28,3,90,31
17,36,9,90,31
18,44,6,90,31
19,47,6,90,31
20,48,3,90,31
21,52,12,90,31
22,54,3,90,31
23,57,3,90,31
24,58,2,90,31
25,59,4,90,31
26,63,2,90,31
27,64,2,90,31
28,70,1,90,31
29,71,2,90,31
30,78,2,90,31
31,79,1,90,31
32,81,7,90,31
33,82,8,90,31
34,83,5,90,31
35,85,1,90,31
36,88,2,90,31
37,91,2,90,31
38,94,2,90,31
39,98,12,90,31
40,99,5,90,31
41,104,9,90,31
42,105,2,90,31
43,106,5,90,31
44,110,4,90,31
45,115,2,90,31
46,117,2,90,31
47,122,1,90,31
48,126,2,90,31
49,128,1,90,31
50,136,2,90,31
51,144,1,90,31
52,145,1,90,31
53,146,1,90,31
54,148,2,90,31
55,149,2,90,31
56,152,1,90,31
57,159,1,90,31
58,162,2,90,31
59,171,2,90,31
60,172,2,90,31
61,174,2,90,31
62,177,3,90,31
63,180,5,90,31
64,182,2,90,31
65,185,2,90,31
66,189,2,90,31
67,191,2,90,31
68,192,2,90,31
69,193,2,90,31
70,194,1,90,31
71,200,1,90,31
72,201,1,90,31
73,204,2,90,31
74,207,2,90,31
75,210,1,90,31
76,211,3,90,31
77,214,2,90,31
78,218,6,90,31
79,219,2,90,31
80,220,2,90,31
81,222,2,90,31
82,228,2,90,31
83,231,2,90,31
84,232,5,90,31
85,233,3,90,31
86,235,2,90,31
87,236,2,90,31
88,238,2,90,31
89,240,2,90,31
90,241,2,90,31
91,247,2,90,31
92,248,3,90,31
93,251,6,90,31
94,252,6,90,31
95,255,2,90,31
96,263,2,90,31
97,267,2,90,31
98,268,6,90,31
99,274,2,90,31
100,275,2,90,31
101,277,2,90,31
102,278,2,90,31
103,284,2,90,31
104,285,2,90,31
105,291,1,90,31
106,293,1,90,31
107,295,1,90,31
108,296,1,90,31
109,298,2,90,31
110,306,4,90,31
111,314,2,90,31
112,316,2,90,31
113,320,2,90,31
114,323,2,90,31
115,324,2,90,31
116,325,2,90,31
117,326,2,90,31
118,327,4,90,31
119,328,3,90,31
120,329,2,90,31
121,335,2,90,31
122,338,2,90,31
123,339,5,90,31
124,340,6,90,31
125,341,14,90,31
126,342,3,90,31
127,345,8,90,31
128,347,6,90,31
129,348,4,90,31
130,350,6,90,31
131,351,8,90,31
132,354,3,90,31
133,355,6,90,31
134,366,6,90,31
135,369,9,90,31
136,372,8,90,31
137,375,2,90,31
138,376,6,90,31
139,380,6,90,31
140,383,6,90,31
141,385,9,90,31
142,386,2,90,31
143,388,2,90,31
144,389,2,90,31
145,392,3,90,31
146,394,3,90,31
147,395,6,90,31
148,399,6,90,31
149,401,5,90,31
150,403,3,90,31
151,409,6,90,31
152,410,3,90,31
153,413,7,90,31
154,415,6,90,31
155,422,6,90,31
156,423,3,90,31
157,432,3,90,31
158,433,3,90,31
159,434,3,90,31
160,436,6,90,31
161,443,6,90,31
162,447,2,90,31
163,452,2,90,31
164,455,1,90,31
165,461,1,90,31
166,467,7,90,31
167,472,4,90,31
168,476,1,90,31
169,480,2,90,31
170,482,2,90,31
171,486,2,90,31
172,491,8,90,31
173,492,2,90,31
174,494,2,90,31
175,495,2,90,31
176,499,2,90,31
177,501,2,90,31
178,505,3,90,31
179,508,2,90,31
180,512,8,90,31
181,514,5,90,31
182,518,4,90,31
183,520,5,90,31
184,521,2,90,31
185,524,2,90,31
186,527,3,90,31
187,530,2,90,31
188,531,3,90,31
189,533,6,90,31
190,541,6,90,31
191,542,2,90,31
192,557,2,90,31
193,559,5,90,31
194,560,2,90,31
195,564,2,90,31
196,565,7,90,31
197,567,5,90,31
198,568,2,90,31
199,569,3,90,31
200,570,2,90,31
201,573,6,90,31
202,585,8,90,31
203,588,2,90,31
204,590,2,90,31
205,591,2,90,31
206,593,6,90,31
207,594,9,90,31
208,595,2,90,31
209,608,2,90,31
210,622,5,90,31
211,623,2,90,31
212,625,11,90,31
213,630,2,90,31
214,631,2,90,31
215,650,7,90,31
216,651,2,90,31
217,654,2,90,31
218,655,7,90,31
219,10149,5,90,31
0,3,12,90,32
1,4,6,90,32
2,6,9,90,32
3,9,4,90,32
4,14,2,90,32
5,15,12,90,32
6,16,3,90,32
7,17,6,90,32
8,18,6,90,32
9,19,3,90,32
10,20,5,90,32
11,23,8,90,32
12,24,6,90,32
13,26,6,90,32
14,35,2,90,32
15,44,2,90,32
16,47,2,90,32
17,48,5,90,32
18,50,2,90,32
19,52,2,90,32
20,53,2,90,32
21,57,2,90,32
22,58,2,90,32
23,60,3,90,32
24,64,6,90,32
25,65,2,90,32
26,70,6,90,32
27,71,3,90,32
28,78,6,90,32
29,79,6,90,32
30,81,6,90,32
31,82,9,90,32
32,83,3,90,32
33,88,2,90,32
34,89,2,90,32
35,91,2,90,32
36,94,2,90,32
37,98,2,90,32
38,99,2,90,32
39,104,2,90,32
40,105,2,90,32
41,106,2,90,32
42,110,2,90,32
43,113,5,90,32
44,120,-1,90,32
45,121,2,90,32
46,126,2,90,32
47,128,-1,90,32
48,144,-1,90,32
49,145,5,90,32
50,146,1,90,32
51,152,7,90,32
52,157,2,90,32
53,159,1,90,32
54,162,1,90,32
55,163,1,90,32
56,167,1,90,32
57,168,2,90,32
58,174,2,90,32
59,180,2,90,32
60,185,1,90,32
61,189,1,90,32
62,191,6,90,32
63,192,2,90,32
64,193,2,90,32
65,194,1,90,32
66,200,1,90,32
67,201,2,90,32
68,204,2,90,32
69,205,2,90,32
70,207,2,90,32
71,211,1,90,32
72,214,2,90,32
73,219,8,90,32
74,222,3,90,32
75,224,3,90,32
76,228,6,90,32
77,230,3,90,32
78,231,6,90,32
79,232,5,90,32
80,233,2,90,32
81,235,6,90,32
82,236,6,90,32
83,238,6,90,32
84,240,16,90,32
85,241,6,90,32
86,243,3,90,32
87,247,8,90,32
88,248,6,90,32
89,252,8,90,32
90,255,8,90,32
91,259,6,90,32
92,263,8,90,32
93,264,5,90,32
94,267,2,90,32
95,268,9,90,32
96,272,2,90,32
97,274,2,90,32
98,275,2,90,32
99,278,2,90,32
100,290,7,90,32
101,291,1,90,32
102,293,1,90,32
103,295,1,90,32
104,300,2,90,32
105,301,1,90,32
106,302,4,90,32
107,307,1,90,32
108,309,2,90,32
109,311,2,90,32
110,313,5,90,32
111,316,9,90,32
112,323,2,90,32
113,324,2,90,32
114,325,4,90,32
115,327,2,90,32
116,328,2,90,32
117,329,2,90,32
118,335,2,90,32
119,338,4,90,32
120,339,3,90,32
121,340,1,90,32
122,341,14,90,32
123,342,5,90,32
124,346,8,90,32
125,347,1,90,32
126,348,10,90,32
127,350,10,90,32
128,351,10,90,32
129,354,5,90,32
130,363,1,90,32
131,368,3,90,32
132,369,8,90,32
133,370,8,90,32
134,371,2,90,32
135,372,2,90,32
136,375,6,90,32
137,376,2,90,32
138,380,2,90,32
139,383,2,90,32
140,386,2,90,32
141,389,6,90,32
142,392,2,90,32
143,394,4,90,32
144,395,2,90,32
145,398,2,90,32
146,399,2,90,32
147,401,2,90,32
148,409,2,90,32
149,410,2,90,32
150,413,3,90,32
151,415,2,90,32
152,417,2,90,32
153,422,9,90,32
154,423,3,90,32
155,431,3,90,32
156,433,3,90,32
157,434,8,90,32
158,436,9,90,32
159,443,6,90,32
160,447,2,90,32
161,452,2,90,32
162,455,7,90,32
163,456,1,90,32
164,461,1,90,32
165,467,1,90,32
166,472,1,90,32
167,474,1,90,32
168,475,1,90,32
169,476,4,90,32
170,480,2,90,32
171,481,2,90,32
172,484,1,90,32
173,486,1,90,32
174,491,4,90,32
175,492,2,90,32
176,495,1,90,32
177,499,2,90,32
178,505,5,90,32
179,508,1,90,32
180,512,2,90,32
181,514,4,90,32
182,517,6,90,32
183,518,2,90,32
184,521,6,90,32
185,524,6,90,32
186,526,3,90,32
187,527,3,90,32
188,530,3,90,32
189,531,3,90,32
190,533,2,90,32
191,539,2,90,32
192,541,6,90,32
193,543,2,90,32
194,553,2,90,32
195,557,2,90,32
196,559,11,90,32
197,565,5,90,32
198,566,4,90,32
199,567,2,90,32
200,568,2,90,32
201,569,7,90,32
202,570,5,90,32
203,571,5,90,32
204,573,6,90,32
205,577,3,90,32
206,585,2,90,32
207,587,3,90,32
208,591,6,90,32
209,593,4,90,32
210,595,7,90,32
211,611,2,90,32
212,617,6,90,32
213,618,10,90,32
214,621,2,90,32
215,622,3,90,32
216,628,2,90,32
217,630,2,90,32
218,650,1,90,32
219,654,3,90,32
0,3,2,90,33
1,4,2,90,33
2,6,2,90,33
3,12,2,90,33
4,14,1,90,33
5,15,2,90,33
6,18,2,90,33
7,19,2,90,33
8,20,7,90,33
9,24,5,90,33
10,25,5,90,33
11,26,3,90,33
12,27,2,90,33
13,35,2,90,33
14,36,2,90,33
15,44,2,90,33
16,47,5,90,33
17,48,2,90,33
18,52,3,90,33
19,53,2,90,33
20,54,2,90,33
21,57,2,90,33
22,58,4,90,33
23,63,5,90,33
24,64,2,90,33
25,65,2,90,33
26,71,7,90,33
27,78,2,90,33
28,79,0,90,33
29,81,3,90,33
30,82,12,90,33
31,83,2,90,33
32,85,0,90,33
33,88,2,90,33
34,91,2,90,33
35,94,5,90,33
36,95,13,90,33
37,99,13,90,33
38,100,2,90,33
39,101,2,90,33
40,104,2,90,33
41,105,2,90,33
42,110,8,90,33
43,113,2,90,33
44,115,2,90,33
45,126,2,90,33
46,128,1,90,33
47,129,2,90,33
48,144,1,90,33
49,145,1,90,33
50,146,1,90,33
51,148,2,90,33
52,149,2,90,33
53,152,0,90,33
54,157,4,90,33
55,162,2,90,33
56,171,2,90,33
57,172,2,90,33
58,177,2,90,33
59,180,5,90,33
60,181,7,90,33
61,185,2,90,33
62,189,3,90,33
63,191,1,90,33
64,193,5,90,33
65,194,2,90,33
66,200,8,90,33
67,201,2,90,33
68,204,6,90,33
69,205,2,90,33
70,207,8,90,33
71,211,2,90,33
72,214,10,90,33
73,215,2,90,33
74,217,3,90,33
75,222,3,90,33
76,231,9,90,33
77,232,6,90,33
78,233,2,90,33
79,234,15,90,33
80,235,6,90,33
81,236,6,90,33
82,238,6,90,33
83,239,5,90,33
84,241,4,90,33
85,247,2,90,33
86,248,1,90,33
87,252,2,90,33
88,255,1,90,33
89,257,7,90,33
90,259,2,90,33
91,263,0,90,33
92,265,2,90,33
93,267,0,90,33
94,268,2,90,33
95,275,0,90,33
96,277,2,90,33
97,278,2,90,33
98,284,0,90,33
99,289,2,90,33
100,291,1,90,33
101,293,1,90,33
102,295,1,90,33
103,298,2,90,33
104,300,2,90,33
105,306,5,90,33
106,309,2,90,33
107,311,6,90,33
108,316,2,90,33
109,323,3,90,33
110,324,3,90,33
111,325,6,90,33
112,326,6,90,33
113,328,6,90,33
114,329,3,90,33
115,335,6,90,33
116,336,8,90,33
117,338,2,90,33
118,339,6,90,33
119,340,7,90,33
120,341,12,90,33
121,342,6,90,33
122,345,11,90,33
123,346,6,90,33
124,347,6,90,33
125,348,13,90,33
126,350,6,90,33
127,354,3,90,33
128,368,3,90,33
129,369,12,90,33
130,371,6,90,33
131,372,6,90,33
132,375,7,90,33
133,380,6,90,33
134,383,6,90,33
135,385,3,90,33
136,388,3,90,33
137,389,2,90,33
138,392,2,90,33
139,394,2,90,33
140,395,1,90,33
141,398,2,90,33
142,399,1,90,33
143,401,8,90,33
144,404,1,90,33
145,409,1,90,33
146,410,5,90,33
147,413,1,90,33
148,415,1,90,33
149,422,2,90,33
150,431,2,90,33
151,432,2,90,33
152,434,10,90,33
153,436,8,90,33
154,443,2,90,33
155,447,2,90,33
156,449,2,90,33
157,452,2,90,33
158,453,2,90,33
159,455,1,90,33
160,461,1,90,33
161,467,1,90,33
162,472,1,90,33
163,476,1,90,33
164,480,6,90,33
165,482,3,90,33
166,484,7,90,33
167,486,6,90,33
168,491,11,90,33
169,492,3,90,33
170,495,9,90,33
171,499,3,90,33
172,501,2,90,33
173,505,18,90,33
174,508,6,90,33
175,512,3,90,33
176,514,2,90,33
177,518,2,90,33
178,521,1,90,33
179,524,1,90,33
180,527,2,90,33
181,528,1,90,33
182,530,2,90,33
183,531,5,90,33
184,533,6,90,33
185,535,3,90,33
186,541,7,90,33
187,542,6,90,33
188,548,8,90,33
189,557,3,90,33
190,559,9,90,33
191,560,2,90,33
192,564,6,90,33
193,566,2,90,33
194,567,12,90,33
195,568,0,90,33
196,570,2,90,33
197,571,3,90,33
198,573,2,90,33
199,576,2,90,33
200,577,6,90,33
201,582,6,90,33
202,585,2,90,33
203,588,2,90,33
204,592,0,90,33
205,593,6,90,33
206,594,8,90,33
207,597,2,90,33
208,619,2,90,33
209,621,2,90,33
210,622,3,90,33
211,623,4,90,33
212,625,3,90,33
213,628,1,90,33
214,630,0,90,33
215,633,2,90,33
216,635,2,90,33
217,650,2,90,33
218,651,3,90,33
219,654,2,90,33
0,3,1,90,34
1,4,2,90,34
2,6,1,90,34
3,9,5,90,34
4,13,2,90,34
5,14,1,90,34
6,15,1,90,34
7,16,7,90,34
8,17,2,90,34
9,18,4,90,34
10,19,2,90,34
11,20,2,90,34
12,24,1,90,34
13,26,7,90,34
14,27,2,90,34
15,35,9,90,34
16,36,6,90,34
17,38,2,90,34
18,44,6,90,34
19,47,6,90,34
20,48,13,90,34
21,52,6,90,34
22,53,8,90,34
23,54,5,90,34
24,57,6,90,34
25,58,3,90,34
26,62,2,90,34
27,63,2,90,34
28,64,2,90,34
29,70,1,90,34
30,71,2,90,34
31,78,2,90,34
32,79,1,90,34
33,81,1,90,34
34,82,2,90,34
35,85,1,90,34
36,88,6,90,34
37,91,6,90,34
38,94,3,90,34
39,99,15,90,34
40,101,3,90,34
41,104,6,90,34
42,105,6,90,34
43,106,4,90,34
44,110,5,90,34
45,117,2,90,34
46,122,1,90,34
47,126,7,90,34
48,128,2,90,34
49,129,2,90,34
50,135,2,90,34
51,144,1,90,34
52,145,1,90,34
53,146,1,90,34
54,148,2,90,34
55,152,1,90,34
56,157,2,90,34
57,162,2,90,34
58,171,5,90,34
59,172,2,90,34
60,174,2,90,34
61,179,8,90,34
62,180,7,90,34
63,182,7,90,34
64,185,4,90,34
65,189,2,90,34
66,191,0,90,34
67,193,2,90,34
68,194,2,90,34
69,200,2,90,34
70,201,4,90,34
71,204,2,90,34
72,205,13,90,34
73,207,14,90,34
74,211,2,90,34
75,214,10,90,34
76,217,6,90,34
77,218,6,90,34
78,222,8,90,34
79,224,3,90,34
80,228,6,90,34
81,231,6,90,34
82,232,2,90,34
83,235,6,90,34
84,236,6,90,34
85,238,6,90,34
86,240,6,90,34
87,241,0,90,34
88,248,0,90,34
89,251,6,90,34
90,252,2,90,34
91,254,2,90,34
92,255,0,90,34
93,259,2,90,34
94,263,2,90,34
95,264,2,90,34
96,267,2,90,34
97,268,3,90,34
98,272,4,90,34
99,274,2,90,34
100,275,2,90,34
101,284,2,90,34
102,291,0,90,34
103,293,0,90,34
104,295,0,90,34
105,296,0,90,34
106,300,2,90,34
107,302,3,90,34
108,306,4,90,34
109,311,1,90,34
110,313,1,90,34
111,316,2,90,34
112,321,2,90,34
113,325,1,90,34
114,326,1,90,34
115,328,2,90,34
116,335,1,90,34
117,336,2,90,34
118,337,1,90,34
119,338,6,90,34
120,339,1,90,34
121,340,2,90,34
122,341,5,90,34
123,342,10,90,34
124,346,2,90,34
125,347,2,90,34
126,348,7,90,34
127,350,2,90,34
128,351,2,90,34
129,354,4,90,34
130,366,7,90,34
131,368,3,90,34
132,369,2,90,34
133,372,2,90,34
134,375,12,90,34
135,380,2,90,34
136,383,2,90,34
137,385,5,90,34
138,386,7,90,34
139,388,1,90,34
140,389,2,90,34
141,391,2,90,34
142,392,2,90,34
143,394,12,90,34
144,395,2,90,34
145,398,8,90,34
146,401,6,90,34
147,403,2,90,34
148,404,2,90,34
149,409,2,90,34
150,413,2,90,34
151,415,2,90,34
152,422,1,90,34
153,423,2,90,34
154,433,2,90,34
155,434,4,90,34
156,436,1,90,34
157,443,1,90,34
158,447,6,90,34
159,449,2,90,34
160,453,4,90,34
161,455,1,90,34
162,456,1,90,34
163,461,1,90,34
164,474,1,90,34
165,475,1,90,34
166,480,2,90,34
167,484,2,90,34
168,486,2,90,34
169,489,2,90,34
170,491,5,90,34
171,492,7,90,34
172,495,2,90,34
173,498,5,90,34
174,501,2,90,34
175,505,2,90,34
176,508,2,90,34
177,512,2,90,34
178,514,5,90,34
179,518,2,90,34
180,520,1,90,34
181,521,1,90,34
182,527,4,90,34
183,528,1,90,34
184,530,2,90,34
185,531,2,90,34
186,533,2,90,34
187,535,2,90,34
188,542,2,90,34
189,544,6,90,34
190,553,2,90,34
191,557,7,90,34
192,559,2,90,34
193,564,2,90,34
194,566,5,90,34
195,568,8,90,34
196,570,7,90,34
197,573,1,90,34
198,583,5,90,34
199,585,5,90,34
200,587,3,90,34
201,588,2,90,34
202,593,8,90,34
203,608,10,90,34
204,617,5,90,34
205,618,2,90,34
206,622,2,90,34
207,623,5,90,34
208,625,2,90,34
209,628,1,90,34
210,631,2,90,34
211,635,2,90,34
212,647,5,90,34
213,649,6,90,34
214,650,2,90,34
215,651,3,90,34
216,652,7,90,34
217,654,2,90,34
218,10001,5,90,34
219,10149,7,90,34
0,2,5,90,35
1,3,5,90,35
2,4,2,90,35
3,6,8,90,35
4,10,3,90,35
5,14,1,90,35
6,15,2,90,35
7,16,2,90,35
8,17,10,90,35
9,18,5,90,35
10,19,3,90,35
11,20,2,90,35
12,23,7,90,35
13,24,2,90,35
14,26,1,90,35
15,27,6,90,35
16,28,2,90,35
17,36,1,90,35
18,42,2,90,35
19,44,1,90,35
20,45,1,90,35
21,47,1,90,35
22,48,2,90,35
23,52,4,90,35
24,53,2,90,35
25,54,2,90,35
26,57,2,90,35
27,63,3,90,35
28,64,3,90,35
29,70,6,90,35
30,71,6,90,35
31,78,3,90,35
32,79,6,90,35
33,81,6,90,35
34,82,2,90,35
35,83,3,90,35
36,85,6,90,35
37,88,8,90,35
38,91,6,90,35
39,94,3,90,35
40,95,3,90,35
41,98,3,90,35
42,99,3,90,35
43,101,4,90,35
44,104,6,90,35
45,105,6,90,35
46,113,2,90,35
47,117,5,90,35
48,123,2,90,35
49,128,2,90,35
50,131,2,90,35
51,135,2,90,35
52,136,2,90,35
53,144,2,90,35
54,145,2,90,35
55,146,2,90,35
56,148,3,90,35
57,152,6,90,35
58,157,2,90,35
59,159,8,90,35
60,162,1,90,35
61,168,2,90,35
62,172,4,90,35
63,174,4,90,35
64,177,3,90,35
65,180,6,90,35
66,182,2,90,35
67,185,1,90,35
68,189,1,90,35
69,191,6,90,35
70,192,2,90,35
71,196,6,90,35
72,200,6,90,35
73,201,6,90,35
74,204,2,90,35
75,205,3,90,35
76,207,3,90,35
77,210,6,90,35
78,211,6,90,35
79,214,3,90,35
80,217,2,90,35
81,219,2,90,35
82,220,2,90,35
83,222,5,90,35
84,224,2,90,35
85,231,2,90,35
86,232,2,90,35
87,235,2,90,35
88,236,2,90,35
89,238,2,90,35
90,240,6,90,35
91,243,3,90,35
92,245,6,90,35
93,247,3,90,35
94,248,6,90,35
95,255,6,90,35
96,257,6,90,35
97,262,3,90,35
98,264,3,90,35
99,265,3,90,35
100,267,6,90,35
101,268,2,90,35
102,272,2,90,35
103,274,5,90,35
104,278,3,90,35
105,291,1,90,35
106,293,3,90,35
107,295,1,90,35
108,296,1,90,35
109,300,2,90,35
110,302,7,90,35
111,306,6,90,35
112,309,5,90,35
113,314,3,90,35
114,316,14,90,35
115,320,3,90,35
116,321,2,90,35
117,323,4,90,35
118,324,5,90,35
119,325,6,90,35
120,326,6,90,35
121,329,6,90,35
122,335,9,90,35
123,337,9,90,35
124,338,6,90,35
125,339,6,90,35
126,340,6,90,35
127,341,6,90,35
128,347,6,90,35
129,350,9,90,35
130,351,6,90,35
131,354,3,90,35
132,355,6,90,35
133,356,3,90,35
134,363,9,90,35
135,366,2,90,35
136,368,2,90,35
137,369,4,90,35
138,372,3,90,35
139,375,9,90,35
140,380,1,90,35
141,383,1,90,35
142,388,6,90,35
143,389,5,90,35
144,392,7,90,35
145,394,5,90,35
146,395,7,90,35
147,398,5,90,35
148,399,10,90,35
149,401,3,90,35
150,403,2,90,35
151,409,1,90,35
152,410,2,90,35
153,413,4,90,35
154,415,1,90,35
155,422,1,90,35
156,431,2,90,35
157,433,2,90,35
158,434,12,90,35
159,436,1,90,35
160,443,1,90,35
161,447,6,90,35
162,449,5,90,35
163,455,1,90,35
164,461,2,90,35
165,463,2,90,35
166,467,1,90,35
167,475,1,90,35
168,476,1,90,35
169,480,3,90,35
170,486,6,90,35
171,491,4,90,35
172,492,3,90,35
173,494,3,90,35
174,495,6,90,35
175,499,3,90,35
176,503,6,90,35
177,505,6,90,35
178,508,6,90,35
179,514,3,90,35
180,517,6,90,35
181,518,2,90,35
182,520,9,90,35
183,521,6,90,35
184,524,7,90,35
185,527,8,90,35
186,530,3,90,35
187,531,2,90,35
188,533,2,90,35
189,535,2,90,35
190,541,5,90,35
191,544,5,90,35
192,548,9,90,35
193,559,2,90,35
194,560,2,90,35
195,564,2,90,35
196,566,10,90,35
197,567,2,90,35
198,568,6,90,35
199,570,2,90,35
200,571,3,90,35
201,573,1,90,35
202,580,6,90,35
203,585,3,90,35
204,587,3,90,35
205,588,3,90,35
206,591,6,90,35
207,593,7,90,35
208,594,1,90,35
209,608,5,90,35
210,618,4,90,35
211,619,3,90,35
212,622,3,90,35
213,623,2,90,35
214,625,3,90,35
215,630,6,90,35
216,650,6,90,35
217,651,4,90,35
218,652,2,90,35
219,655,5,90,35
0,2,2,90,36
1,3,0,90,36
2,4,2,90,36
3,13,2,90,36
4,14,1,90,36
5,15,0,90,36
6,17,2,90,36
7,18,0,90,36
8,19,3,90,36
9,20,2,90,36
10,23,12,90,36
11,24,0,90,36
12,25,0,90,36
13,26,1,90,36
14,27,2,90,36
15,38,2,90,36
16,44,6,90,36
17,47,6,90,36
18,48,3,90,36
19,49,6,90,36
20,52,6,90,36
21,53,3,90,36
22,54,3,90,36
23,57,3,90,36
24,58,5,90,36
25,62,2,90,36
26,63,5,90,36
27,64,2,90,36
28,76,7,90,36
29,78,7,90,36
30,79,2,90,36
31,81,2,90,36
32,82,2,90,36
33,85,2,90,36
34,88,2,90,36
35,89,2,90,36
36,91,1,90,36
37,95,5,90,36
38,97,2,90,36
39,99,2,90,36
40,101,7,90,36
41,104,1,90,36
42,105,1,90,36
43,110,5,90,36
44,122,1,90,36
45,126,2,90,36
46,128,1,90,36
47,136,2,90,36
48,144,1,90,36
49,145,1,90,36
50,146,4,90,36
51,148,2,90,36
52,152,2,90,36
53,157,2,90,36
54,159,2,90,36
55,162,7,90,36
56,172,6,90,36
57,174,2,90,36
58,177,10,90,36
59,179,2,90,36
60,180,2,90,36
61,181,13,90,36
62,182,10,90,36
63,185,1,90,36
64,189,1,90,36
65,191,6,90,36
66,192,7,90,36
67,193,2,90,36
68,200,1,90,36
69,201,1,90,36
70,204,6,90,36
71,205,5,90,36
72,207,2,90,36
73,210,1,90,36
74,211,3,90,36
75,214,2,90,36
76,219,1,90,36
77,222,2,90,36
78,224,5,90,36
79,231,1,90,36
80,232,2,90,36
81,233,3,90,36
82,234,1,90,36
83,235,1,90,36
84,236,1,90,36
85,239,3,90,36
86,240,6,90,36
87,241,6,90,36
88,247,6,90,36
89,248,6,90,36
90,251,6,90,36
91,255,12,90,36
92,259,3,90,36
93,263,1,90,36
94,265,2,90,36
95,267,4,90,36
96,268,4,90,36
97,274,7,90,36
98,275,1,90,36
99,278,2,90,36
100,291,1,90,36
101,293,1,90,36
102,295,4,90,36
103,296,1,90,36
104,298,4,90,36
105,300,2,90,36
106,301,1,90,36
107,305,1,90,36
108,309,2,90,36
109,311,6,90,36
110,323,3,90,36
111,324,3,90,36
112,325,7,90,36
113,326,6,90,36
114,328,3,90,36
115,329,3,90,36
116,335,6,90,36
117,336,5,90,36
118,337,6,90,36
119,338,3,90,36
120,339,6,90,36
121,340,6,90,36
122,342,16,90,36
123,347,6,90,36
124,350,9,90,36
125,351,8,90,36
126,354,3,90,36
127,355,9,90,36
128,363,7,90,36
129,366,3,90,36
130,368,2,90,36
131,369,5,90,36
132,370,5,90,36
133,372,2,90,36
134,375,6,90,36
135,380,2,90,36
136,383,2,90,36
137,385,2,90,36
138,388,2,90,36
139,392,2,90,36
140,394,5,90,36
141,395,2,90,36
142,398,7,90,36
143,401,9,90,36
144,404,2,90,36
145,409,2,90,36
146,410,2,90,36
147,413,2,90,36
148,415,2,90,36
149,417,7,90,36
150,422,4,90,36
151,431,2,90,36
152,432,2,90,36
153,433,3,90,36
154,434,7,90,36
155,443,1,90,36
156,447,2,90,36
157,449,2,90,36
158,455,1,90,36
159,461,1,90,36
160,463,2,90,36
161,472,1,90,36
162,474,1,90,36
163,475,1,90,36
164,482,2,90,36
165,486,1,90,36
166,489,2,90,36
167,492,5,90,36
168,495,4,90,36
169,498,1,90,36
170,499,5,90,36
171,503,12,90,36
172,505,1,90,36
173,508,2,90,36
174,512,6,90,36
175,514,12,90,36
176,518,2,90,36
177,520,2,90,36
178,521,2,90,36
179,524,2,90,36
180,527,5,90,36
181,530,2,90,36
182,531,2,90,36
183,533,6,90,36
184,535,8,90,36
185,541,6,90,36
186,542,8,90,36
187,544,3,90,36
188,548,3,90,36
189,550,6,90,36
190,553,3,90,36
191,566,5,90,36
192,568,1,90,36
193,570,2,90,36
194,571,3,90,36
195,573,1,90,36
196,577,10,90,36
197,582,1,90,36
198,583,4,90,36
199,585,2,90,36
200,587,7,90,36
201,588,2,90,36
202,591,2,90,36
203,592,2,90,36
204,593,5,90,36
205,594,8,90,36
206,600,2,90,36
207,608,2,90,36
208,617,2,90,36
209,618,2,90,36
210,622,3,90,36
211,623,2,90,36
212,625,3,90,36
213,628,1,90,36
214,630,1,90,36
215,631,7,90,36
216,650,1,90,36
217,651,3,90,36
218,655,7,90,36
219,672,6,90,36
0,3,1,90,37
1,4,9,90,37
2,6,1,90,37
3,13,5,90,37
4,14,3,90,37
5,15,1,90,37
6,16,2,90,37
7,17,7,90,37
8,18,3,90,37
9,19,7,90,37
10,20,2,90,37
11,23,2,90,37
12,24,1,90,37
13,26,2,90,37
14,27,5,90,37
15,28,2,90,37
16,36,1,90,37
17,44,1,90,37
18,47,1,90,37
19,48,2,90,37
20,52,1,90,37
21,54,7,90,37
22,57,5,90,37
23,58,2,90,37
24,60,3,90,37
25,63,3,90,37
26,64,3,90,37
27,70,6,90,37
28,71,3,90,37
29,76,3,90,37
30,78,5,90,37
31,79,6,90,37
32,81,6,90,37
33,82,5,90,37
34,83,3,90,37
35,88,6,90,37
36,89,3,90,37
37,91,7,90,37
38,94,3,90,37
39,95,3,90,37
40,99,3,90,37
41,101,3,90,37
42,104,9,90,37
43,105,6,90,37
44,110,2,90,37
45,122,4,90,37
46,126,2,90,37
47,128,1,90,37
48,136,2,90,37
49,144,7,90,37
50,145,1,90,37
51,146,1,90,37
52,148,5,90,37
53,152,6,90,37
54,157,2,90,37
55,159,1,90,37
56,162,1,90,37
57,163,4,90,37
58,168,5,90,37
59,171,1,90,37
60,172,1,90,37
61,174,2,90,37
62,180,9,90,37
63,185,1,90,37
64,189,1,90,37
65,191,1,90,37
66,192,3,90,37
67,194,7,90,37
68,196,1,90,37
69,200,1,90,37
70,201,1,90,37
71,204,1,90,37
72,205,10,90,37
73,210,1,90,37
74,211,10,90,37
75,214,10,90,37
76,217,2,90,37
77,220,6,90,37
78,222,7,90,37
79,224,7,90,37
80,231,4,90,37
81,232,5,90,37
82,233,2,90,37
83,235,1,90,37
84,236,1,90,37
85,238,1,90,37
86,241,1,90,37
87,243,7,90,37
88,247,2,90,37
89,248,1,90,37
90,252,7,90,37
91,255,7,90,37
92,257,1,90,37
93,259,5,90,37
94,263,1,90,37
95,265,2,90,37
96,267,1,90,37
97,268,2,90,37
98,274,2,90,37
99,275,4,90,37
100,277,2,90,37
101,278,2,90,37
102,285,3,90,37
103,291,6,90,37
104,293,6,90,37
105,295,12,90,37
106,296,6,90,37
107,300,3,90,37
108,301,6,90,37
109,306,2,90,37
110,309,3,90,37
111,311,2,90,37
112,316,6,90,37
113,323,2,90,37
114,324,2,90,37
115,325,5,90,37
116,326,2,90,37
117,327,5,90,37
118,328,9,90,37
119,335,3,90,37
120,336,5,90,37
121,338,6,90,37
122,339,2,90,37
123,340,4,90,37
124,347,3,90,37
125,348,5,90,37
126,350,1,90,37
127,351,6,90,37
128,354,2,90,37
129,355,1,90,37
130,356,2,90,37
131,363,1,90,37
132,364,2,90,37
133,366,5,90,37
134,368,2,90,37
135,370,4,90,37
136,380,2,90,37
137,383,2,90,37
138,385,3,90,37
139,388,7,90,37
140,389,2,90,37
141,391,3,90,37
142,392,8,90,37
143,394,5,90,37
144,398,3,90,37
145,399,6,90,37
146,402,6,90,37
147,409,6,90,37
148,413,6,90,37
149,415,6,90,37
150,417,3,90,37
151,420,3,90,37
152,422,2,90,37
153,423,2,90,37
154,432,3,90,37
155,433,2,90,37
156,434,5,90,37
157,436,2,90,37
158,443,2,90,37
159,447,2,90,37
160,449,2,90,37
161,453,5,90,37
162,455,1,90,37
163,461,1,90,37
164,463,2,90,37
165,474,1,90,37
166,476,1,90,37
167,480,6,90,37
168,482,8,90,37
169,484,6,90,37
170,486,6,90,37
171,489,8,90,37
172,491,9,90,37
173,498,8,90,37
174,499,3,90,37
175,505,9,90,37
176,508,6,90,37
177,512,8,90,37
178,514,2,90,37
179,515,2,90,37
180,518,2,90,37
181,520,1,90,37
182,521,1,90,37
183,523,2,90,37
184,524,3,90,37
185,530,13,90,37
186,533,1,90,37
187,541,8,90,37
188,544,5,90,37
189,553,2,90,37
190,557,2,90,37
191,559,1,90,37
192,560,8,90,37
193,565,8,90,37
194,567,1,90,37
195,568,1,90,37
196,570,3,90,37
197,571,7,90,37
198,573,2,90,37
199,577,5,90,37
200,588,2,90,37
201,591,1,90,37
202,593,2,90,37
203,594,2,90,37
204,595,8,90,37
205,598,1,90,37
206,600,2,90,37
207,608,12,90,37
208,611,2,90,37
209,618,2,90,37
210,622,2,90,37
211,625,5,90,37
212,630,1,90,37
213,644,2,90,37
214,650,1,90,37
215,651,5,90,37
216,652,2,90,37
217,654,2,90,37
218,655,7,90,37
219,10149,2,90,37
0,3,6,90,38
1,4,2,90,38
2,6,9,90,38
3,13,3,90,38
4,14,2,90,38
5,15,6,90,38
6,16,3,90,38
7,17,8,90,38
8,18,12,90,38
9,19,2,90,38
10,23,6,90,38
11,24,9,90,38
12,25,8,90,38
13,26,1,90,38
14,27,2,90,38
15,28,2,90,38
16,35,7,90,38
17,44,1,90,38
18,45,1,90,38
19,47,1,90,38
20,52,1,90,38
21,53,2,90,38
22,54,5,90,38
23,57,4,90,38
24,58,2,90,38
25,59,1,90,38
26,63,5,90,38
27,64,2,90,38
28,70,1,90,38
29,71,2,90,38
30,78,2,90,38
31,81,2,90,38
32,82,10,90,38
33,85,1,90,38
34,88,8,90,38
35,89,7,90,38
36,91,2,90,38
37,94,2,90,38
38,98,5,90,38
39,99,2,90,38
40,101,2,90,38
41,104,2,90,38
42,106,5,90,38
43,110,7,90,38
44,113,2,90,38
45,120,1,90,38
46,122,1,90,38
47,126,2,90,38
48,128,1,90,38
49,136,2,90,38
50,144,1,90,38
51,145,1,90,38
52,146,1,90,38
53,152,1,90,38
54,157,2,90,38
55,159,6,90,38
56,162,1,90,38
57,171,1,90,38
58,172,1,90,38
59,177,2,90,38
60,180,2,90,38
61,182,3,90,38
62,185,1,90,38
63,189,1,90,38
64,191,1,90,38
65,193,3,90,38
66,194,12,90,38
67,200,6,90,38
68,201,6,90,38
69,204,3,90,38
70,205,3,90,38
71,207,9,90,38
72,211,15,90,38
73,214,3,90,38
74,217,3,90,38
75,218,2,90,38
76,219,6,90,38
77,220,2,90,38
78,222,3,90,38
79,224,3,90,38
80,231,6,90,38
81,233,2,90,38
82,235,6,90,38
83,236,6,90,38
84,238,6,90,38
85,240,4,90,38
86,241,1,90,38
87,245,1,90,38
88,247,2,90,38
89,248,1,90,38
90,251,3,90,38
91,252,2,90,38
92,255,1,90,38
93,257,4,90,38
94,265,2,90,38
95,267,0,90,38
96,268,4,90,38
97,272,6,90,38
98,274,2,90,38
99,275,0,90,38
100,278,2,90,38
101,291,2,90,38
102,293,2,90,38
103,295,5,90,38
104,296,2,90,38
105,298,7,90,38
106,299,7,90,38
107,301,2,90,38
108,306,2,90,38
109,307,2,90,38
110,309,2,90,38
111,311,2,90,38
112,316,9,90,38
113,321,9,90,38
114,324,2,90,38
115,325,3,90,38
116,326,8,90,38
117,327,2,90,38
118,328,2,90,38
119,329,5,90,38
120,335,2,90,38
121,338,2,90,38
122,339,2,90,38
123,340,5,90,38
124,345,7,90,38
125,346,3,90,38
126,347,2,90,38
127,348,8,90,38
128,350,2,90,38
129,351,6,90,38
130,354,2,90,38
131,355,4,90,38
132,356,2,90,38
133,363,2,90,38
134,365,2,90,38
135,366,5,90,38
136,368,2,90,38
137,369,1,90,38
138,380,8,90,38
139,383,1,90,38
140,385,2,90,38
141,386,2,90,38
142,391,2,90,38
143,392,2,90,38
144,394,2,90,38
145,395,1,90,38
146,398,2,90,38
147,399,1,90,38
148,401,12,90,38
149,409,1,90,38
150,413,1,90,38
151,415,7,90,38
152,417,7,90,38
153,423,3,90,38
154,433,7,90,38
155,434,5,90,38
156,436,7,90,38
157,437,1,90,38
158,443,1,90,38
159,447,2,90,38
160,449,2,90,38
161,452,5,90,38
162,453,2,90,38
163,455,2,90,38
164,463,2,90,38
165,467,2,90,38
166,474,2,90,38
167,476,2,90,38
168,486,4,90,38
169,489,2,90,38
170,491,15,90,38
171,492,2,90,38
172,494,5,90,38
173,495,4,90,38
174,499,2,90,38
175,503,2,90,38
176,505,2,90,38
177,508,1,90,38
178,512,3,90,38
179,514,3,90,38
180,518,2,90,38
181,520,6,90,38
182,521,6,90,38
183,524,6,90,38
184,527,6,90,38
185,528,6,90,38
186,530,3,90,38
187,531,5,90,38
188,533,2,90,38
189,535,7,90,38
190,542,4,90,38
191,543,2,90,38
192,544,5,90,38
193,559,2,90,38
194,560,2,90,38
195,565,5,90,38
196,566,2,90,38
197,567,2,90,38
198,568,0,90,38
199,570,7,90,38
200,573,3,90,38
201,577,3,90,38
202,580,7,90,38
203,588,3,90,38
204,591,6,90,38
205,593,3,90,38
206,594,4,90,38
207,608,7,90,38
208,611,7,90,38
209,617,2,90,38
210,618,5,90,38
211,628,7,90,38
212,630,0,90,38
213,631,2,90,38
214,645,3,90,38
215,650,6,90,38
216,652,2,90,38
217,654,5,90,38
218,655,2,90,38
219,670,1,90,38
0,3,6,90,39
1,4,7,90,39
2,6,6,90,39
3,10,2,90,39
4,13,3,90,39
5,14,3,90,39
6,15,6,90,39
7,16,3,90,39
8,17,9,90,39
9,18,6,90,39
10,19,2,90,39
11,20,3,90,39
12,23,3,90,39
13,24,6,90,39
14,26,1,90,39
15,27,7,90,39
16,36,4,90,39
17,38,6,90,39
18,42,2,90,39
19,44,1,90,39
20,45,1,90,39
21,47,4,90,39
22,48,3,90,39
23,52,1,90,39
24,54,2,90,39
25,57,10,90,39
26,58,2,90,39
27,63,3,90,39
28,64,3,90,39
29,71,11,90,39
30,76,8,90,39
31,78,3,90,39
32,79,12,90,39
33,81,6,90,39
34,82,6,90,39
35,83,3,90,39
36,85,6,90,39
37,88,1,90,39
38,89,2,90,39
39,91,3,90,39
40,94,2,90,39
41,100,1,90,39
42,101,3,90,39
43,104,1,90,39
44,105,1,90,39
45,110,2,90,39
46,115,2,90,39
47,122,1,90,39
48,123,2,90,39
49,126,4,90,39
50,128,1,90,39
51,136,2,90,39
52,144,1,90,39
53,145,1,90,39
54,146,1,90,39
55,148,2,90,39
56,152,6,90,39
57,157,2,90,39
58,159,6,90,39
59,162,2,90,39
60,163,2,90,39
61,171,2,90,39
62,172,2,90,39
63,174,2,90,39
64,177,4,90,39
65,180,2,90,39
66,181,2,90,39
67,182,2,90,39
68,185,2,90,39
69,191,1,90,39
70,192,2,90,39
71,196,6,90,39
72,198,2,90,39
73,200,6,90,39
74,201,6,90,39
75,204,2,90,39
76,205,5,90,39
77,207,7,90,39
78,210,6,90,39
79,211,6,90,39
80,214,3,90,39
81,217,12,90,39
82,218,6,90,39
83,219,7,90,39
84,224,5,90,39
85,231,4,90,39
86,232,2,90,39
87,235,2,90,39
88,236,4,90,39
89,238,1,90,39
90,241,1,90,39
91,245,1,90,39
92,247,2,90,39
93,248,4,90,39
94,255,1,90,39
95,257,1,90,39
96,259,2,90,39
97,263,1,90,39
98,267,1,90,39
99,268,2,90,39
100,274,2,90,39
101,275,1,90,39
102,278,2,90,39
103,284,1,90,39
104,288,0,90,39
105,291,0,90,39
106,293,0,90,39
107,298,5,90,39
108,300,2,90,39
109,302,0,90,39
110,307,0,90,39
111,309,4,90,39
112,311,1,90,39
113,323,2,90,39
114,324,2,90,39
115,325,1,90,39
116,326,1,90,39
117,327,7,90,39
118,328,7,90,39
119,335,4,90,39
120,336,5,90,39
121,337,1,90,39
122,338,1,90,39
123,339,3,90,39
124,340,9,90,39
125,341,6,90,39
126,347,6,90,39
127,350,9,90,39
128,351,6,90,39
129,354,3,90,39
130,355,6,90,39
131,356,3,90,39
132,363,6,90,39
133,366,26,90,39
134,368,6,90,39
135,369,6,90,39
136,375,10,90,39
137,376,6,90,39
138,380,6,90,39
139,382,9,90,39
140,383,6,90,39
141,388,0,90,39
142,391,7,90,39
143,392,2,90,39
144,394,2,90,39
145,395,2,90,39
146,398,2,90,39
147,399,2,90,39
148,401,11,90,39
149,403,2,90,39
150,409,2,90,39
151,413,2,90,39
152,415,5,90,39
153,422,1,90,39
154,423,2,90,39
155,432,4,90,39
156,433,2,90,39
157,434,7,90,39
158,436,4,90,39
159,443,1,90,39
160,449,2,90,39
161,452,2,90,39
162,453,2,90,39
163,455,1,90,39
164,461,1,90,39
165,463,2,90,39
166,467,1,90,39
167,474,1,90,39
168,476,1,90,39
169,482,2,90,39
170,486,2,90,39
171,491,2,90,39
172,494,12,90,39
173,495,2,90,39
174,498,2,90,39
175,499,5,90,39
176,503,10,90,39
177,505,4,90,39
178,508,2,90,39
179,512,6,90,39
180,514,5,90,39
181,515,2,90,39
182,520,0,90,39
183,521,0,90,39
184,524,0,90,39
185,528,3,90,39
186,530,2,90,39
187,531,2,90,39
188,541,2,90,39
189,542,2,90,39
190,553,2,90,39
191,559,2,90,39
192,563,12,90,39
193,564,5,90,39
194,565,5,90,39
195,566,6,90,39
196,567,2,90,39
197,568,1,90,39
198,571,8,90,39
199,573,1,90,39
200,577,7,90,39
201,585,9,90,39
202,587,2,90,39
203,591,6,90,39
204,593,6,90,39
205,594,6,90,39
206,617,5,90,39
207,618,3,90,39
208,619,2,90,39
209,622,2,90,39
210,625,6,90,39
211,630,4,90,39
212,631,7,90,39
213,635,2,90,39
214,649,1,90,39
215,650,12,90,39
216,651,2,90,39
217,652,3,90,39
218,654,2,90,39
219,10149,2,90,39
0,3,2,90,40
1,4,2,90,40
2,6,2,90,40
3,10,5,90,40
4,12,5,90,40
5,13,5,90,40
6,14,1,90,40
7,15,2,90,40
8,16,2,90,40
9,17,7,90,40
10,18,2,90,40
11,19,2,90,40
12,23,17,90,40
13,24,2,90,40
14,26,2,90,40
15,27,6,90,40
16,35,0,90,40
17,38,2,90,40
18,44,0,90,40
19,47,0,90,40
20,48,2,90,40
21,52,0,90,40
22,53,2,90,40
23,54,2,90,40
24,57,2,90,40
25,60,2,90,40
26,63,2,90,40
27,64,2,90,40
28,70,1,90,40
29,76,2,90,40
30,78,7,90,40
31,79,4,90,40
32,82,9,90,40
33,83,5,90,40
34,85,1,90,40
35,88,2,90,40
36,89,5,90,40
37,91,4,90,40
38,94,2,90,40
39,95,2,90,40
40,98,5,90,40
41,99,7,90,40
42,101,2,90,40
43,104,2,90,40
44,110,6,90,40
45,113,5,90,40
46,122,2,90,40
47,126,2,90,40
48,128,2,90,40
49,129,6,90,40
50,135,5,90,40
51,136,2,90,40
52,144,3,90,40
53,145,8,90,40
54,146,2,90,40
55,148,2,90,40
56,152,1,90,40
57,157,2,90,40
58,159,2,90,40
59,162,4,90,40
60,163,2,90,40
61,168,2,90,40
62,171,1,90,40
63,177,2,90,40
64,180,5,90,40
65,181,2,90,40
66,182,2,90,40
67,185,1,90,40
68,191,4,90,40
69,193,2,90,40
70,200,2,90,40
71,201,2,90,40
72,202,2,90,40
73,204,2,90,40
74,205,6,90,40
75,207,9,90,40
76,211,2,90,40
77,214,2,90,40
78,219,0,90,40
79,220,2,90,40
80,222,2,90,40
81,224,2,90,40
82,228,0,90,40
83,231,0,90,40
84,233,7,90,40
85,235,0,90,40
86,236,0,90,40
87,238,0,90,40
88,240,2,90,40
89,241,2,90,40
90,247,7,90,40
91,248,2,90,40
92,254,2,90,40
93,255,2,90,40
94,259,2,90,40
95,263,2,90,40
96,267,2,90,40
97,268,2,90,40
98,272,2,90,40
99,274,2,90,40
100,275,2,90,40
101,277,2,90,40
102,278,2,90,40
103,291,1,90,40
104,293,1,90,40
105,295,1,90,40
106,296,1,90,40
107,298,10,90,40
108,300,2,90,40
109,302,1,90,40
110,306,2,90,40
111,307,1,90,40
112,309,5,90,40
113,311,2,90,40
114,316,6,90,40
115,321,8,90,40
116,325,2,90,40
117,326,2,90,40
118,327,20,90,40
119,328,9,90,40
120,329,5,90,40
121,335,2,90,40
122,336,6,90,40
123,338,3,90,40
124,339,2,90,40
125,340,1,90,40
126,341,1,90,40
127,342,2,90,40
128,345,7,90,40
129,347,1,90,40
130,348,2,90,40
131,350,1,90,40
132,351,9,90,40
133,354,2,90,40
134,355,1,90,40
135,363,1,90,40
136,366,2,90,40
137,368,2,90,40
138,369,3,90,40
139,370,7,90,40
140,372,2,90,40
141,375,5,90,40
142,380,4,90,40
143,383,2,90,40
144,385,12,90,40
145,388,6,90,40
146,391,2,90,40
147,394,2,90,40
148,395,1,90,40
149,398,7,90,40
150,399,1,90,40
151,403,5,90,40
152,409,1,90,40
153,410,2,90,40
154,413,1,90,40
155,415,1,90,40
156,417,2,90,40
157,422,2,90,40
158,423,4,90,40
159,433,8,90,40
160,436,2,90,40
161,437,2,90,40
162,443,5,90,40
163,447,5,90,40
164,449,7,90,40
165,453,7,90,40
166,455,1,90,40
167,456,1,90,40
168,461,1,90,40
169,462,2,90,40
170,472,4,90,40
171,476,1,90,40
172,480,3,90,40
173,486,6,90,40
174,491,3,90,40
175,492,3,90,40
176,494,3,90,40
177,495,7,90,40
178,498,6,90,40
179,499,3,90,40
180,505,9,90,40
181,508,8,90,40
182,512,8,90,40
183,518,2,90,40
184,520,6,90,40
185,521,6,90,40
186,524,11,90,40
187,528,6,90,40
188,530,11,90,40
189,531,5,90,40
190,533,2,90,40
191,541,2,90,40
192,542,2,90,40
193,544,2,90,40
194,548,5,90,40
195,553,8,90,40
196,557,7,90,40
197,559,2,90,40
198,560,7,90,40
199,566,2,90,40
200,567,2,90,40
201,568,2,90,40
202,569,5,90,40
203,570,2,90,40
204,573,2,90,40
205,577,2,90,40
206,585,2,90,40
207,587,18,90,40
208,588,4,90,40
209,591,6,90,40
210,592,1,90,40
211,593,2,90,40
212,622,2,90,40
213,623,2,90,40
214,630,2,90,40
215,631,2,90,40
216,650,2,90,40
217,651,2,90,40
218,652,2,90,40
219,654,6,90,40
0,2,6,90,41
1,3,2,90,41
2,4,2,90,41
3,6,2,90,41
4,10,2,90,41
5,13,10,90,41
6,14,1,90,41
7,15,2,90,41
8,16,5,90,41
9,17,12,90,41
10,18,5,90,41
11,23,7,90,41
12,24,2,90,41
13,26,1,90,41
14,28,2,90,41
15,35,2,90,41
16,44,2,90,41
17,47,2,90,41
18,48,2,90,41
19,50,2,90,41
20,53,2,90,41
21,54,2,90,41
22,58,2,90,41
23,64,2,90,41
24,65,2,90,41
25,70,1,90,41
26,71,2,90,41
27,76,3,90,41
28,78,2,90,41
29,79,1,90,41
30,82,2,90,41
31,83,2,90,41
32,88,6,90,41
33,91,9,90,41
34,94,6,90,41
35,98,3,90,41
36,99,13,90,41
37,101,3,90,41
38,104,8,90,41
39,106,6,90,41
40,110,6,90,41
41,115,2,90,41
42,117,2,90,41
43,122,5,90,41
44,126,2,90,41
45,128,2,90,41
46,136,7,90,41
47,145,2,90,41
48,146,2,90,41
49,148,2,90,41
50,152,1,90,41
51,157,2,90,41
52,159,2,90,41
53,162,0,90,41
54,163,0,90,41
55,171,1,90,41
56,172,0,90,41
57,174,5,90,41
58,177,5,90,41
59,180,6,90,41
60,182,4,90,41
61,185,0,90,41
62,188,2,90,41
63,189,0,90,41
64,191,0,90,41
65,192,2,90,41
66,193,2,90,41
67,194,2,90,41
68,200,8,90,41
69,201,5,90,41
70,204,6,90,41
71,205,13,90,41
72,207,6,90,41
73,210,8,90,41
74,211,2,90,41
75,217,3,90,41
76,219,6,90,41
77,220,6,90,41
78,224,8,90,41
79,230,8,90,41
80,232,2,90,41
81,233,2,90,41
82,235,6,90,41
83,236,6,90,41
84,238,13,90,41
85,240,5,90,41
86,241,2,90,41
87,247,2,90,41
88,248,0,90,41
89,252,6,90,41
90,255,0,90,41
91,257,0,90,41
92,259,2,90,41
93,263,1,90,41
94,267,1,90,41
95,272,2,90,41
96,274,2,90,41
97,275,1,90,41
98,278,2,90,41
99,291,1,90,41
100,293,1,90,41
101,295,1,90,41
102,298,2,90,41
103,300,2,90,41
104,301,1,90,41
105,306,6,90,41
106,307,1,90,41
107,309,2,90,41
108,311,6,90,41
109,314,6,90,41
110,316,6,90,41
111,321,2,90,41
112,323,3,90,41
113,324,3,90,41
114,325,6,90,41
115,326,7,90,41
116,327,6,90,41
117,328,3,90,41
118,335,9,90,41
119,338,6,90,41
120,339,8,90,41
121,340,2,90,41
122,342,2,90,41
123,345,2,90,41
124,347,5,90,41
125,348,9,90,41
126,350,2,90,41
127,351,6,90,41
128,354,2,90,41
129,355,2,90,41
130,363,2,90,41
131,366,3,90,41
132,368,10,90,41
133,369,2,90,41
134,370,15,90,41
135,372,5,90,41
136,375,2,90,41
137,380,2,90,41
138,383,2,90,41
139,385,2,90,41
140,388,1,90,41
141,391,6,90,41
142,392,8,90,41
143,394,3,90,41
144,395,6,90,41
145,398,6,90,41
146,399,8,90,41
147,401,9,90,41
148,403,3,90,41
149,409,6,90,41
150,413,7,90,41
151,415,6,90,41
152,422,1,90,41
153,431,2,90,41
154,433,2,90,41
155,436,1,90,41
156,437,1,90,41
157,443,1,90,41
158,447,2,90,41
159,449,2,90,41
160,455,1,90,41
161,461,1,90,41
162,467,1,90,41
163,470,2,90,41
164,474,1,90,41
165,476,1,90,41
166,486,6,90,41
167,491,3,90,41
168,492,3,90,41
169,494,8,90,41
170,495,6,90,41
171,498,8,90,41
172,499,3,90,41
173,503,6,90,41
174,505,15,90,41
175,508,6,90,41
176,512,2,90,41
177,514,4,90,41
178,518,2,90,41
179,520,1,90,41
180,521,1,90,41
181,523,2,90,41
182,524,1,90,41
183,530,2,90,41
184,533,8,90,41
185,542,6,90,41
186,544,8,90,41
187,553,3,90,41
188,557,6,90,41
189,559,12,90,41
190,564,6,90,41
191,567,6,90,41
192,568,2,90,41
193,569,2,90,41
194,573,1,90,41
195,577,9,90,41
196,583,1,90,41
197,585,6,90,41
198,588,2,90,41
199,591,1,90,41
200,592,1,90,41
201,593,4,90,41
202,594,2,90,41
203,595,2,90,41
204,600,2,90,41
205,608,2,90,41
206,617,2,90,41
207,619,2,90,41
208,620,2,90,41
209,622,2,90,41
210,623,3,90,41
211,625,2,90,41
212,628,2,90,41
213,630,1,90,41
214,631,2,90,41
215,650,2,90,41
216,651,3,90,41
217,654,2,90,41
218,655,8,90,41
219,10149,3,90,41
0,3,2,90,42
1,4,2,90,42
2,6,2,90,42
3,13,2,90,42
4,14,4,90,42
5,15,2,90,42
6,16,2,90,42
7,17,2,90,42
8,18,4,90,42
9,19,5,90,42
10,20,2,90,42
11,23,2,90,42
12,24,2,90,42
13,27,6,90,42
14,36,2,90,42
15,44,2,90,42
16,47,2,90,42
17,48,2,90,42
18,49,2,90,42
19,50,2,90,42
20,52,2,90,42
21,53,2,90,42
22,54,2,90,42
23,57,2,90,42
24,58,2,90,42
25,63,7,90,42
26,64,2,90,42
27,70,5,90,42
28,71,2,90,42
29,78,7,90,42
30,79,2,90,42
31,81,5,90,42
32,82,9,90,42
33,83,10,90,42
34,85,2,90,42
35,88,1,90,42
36,89,7,90,42
37,91,4,90,42
38,98,2,90,42
39,99,6,90,42
40,101,2,90,42
41,104,1,90,42
42,105,1,90,42
43,110,4,90,42
44,111,2,90,42
45,113,2,90,42
46,126,2,90,42
47,128,0,90,42
48,136,2,90,42
49,144,0,90,42
50,145,0,90,42
51,146,0,90,42
52,148,2,90,42
53,149,2,90,42
54,152,2,90,42
55,157,3,90,42
56,159,8,90,42
57,162,6,90,42
58,163,6,90,42
59,172,6,90,42
60,174,8,90,42
61,177,6,90,42
62,180,2,90,42
63,182,6,90,42
64,185,6,90,42
65,189,7,90,42
66,191,5,90,42
67,192,2,90,42
68,194,5,90,42
69,200,4,90,42
70,201,2,90,42
71,204,1,90,42
72,205,5,90,42
73,207,22,90,42
74,210,5,90,42
75,211,3,90,42
76,214,5,90,42
77,217,2,90,42
78,219,1,90,42
79,220,2,90,42
80,222,2,90,42
81,230,3,90,42
82,231,1,90,42
83,232,2,90,42
84,235,1,90,42
85,238,1,90,42
86,240,5,90,42
87,241,-1,90,42
88,245,-1,90,42
89,247,2,90,42
90,248,-1,90,42
91,252,2,90,42
92,255,-1,90,42
93,257,-1,90,42
94,262,2,90,42
95,263,1,90,42
96,264,2,90,42
97,267,1,90,42
98,268,2,90,42
99,272,2,90,42
100,275,1,90,42
101,278,2,90,42
102,285,2,90,42
103,291,1,90,42
104,293,7,90,42
105,298,5,90,42
106,300,3,90,42
107,301,1,90,42
108,302,1,90,42
109,307,1,90,42
110,309,2,90,42
111,316,4,90,42
112,321,2,90,42
113,324,3,90,42
114,325,6,90,42
115,326,6,90,42
116,327,8,90,42
117,328,7,90,42
118,329,3,90,42
119,333,6,90,42
120,336,3,90,42
121,338,1,90,42
122,339,9,90,42
123,340,8,90,42
124,346,3,90,42
125,347,6,90,42
126,348,18,90,42
127,350,6,90,42
128,351,5,90,42
129,354,3,90,42
130,355,6,90,42
131,363,9,90,42
132,365,2,90,42
133,366,7,90,42
134,368,2,90,42
135,369,2,90,42
136,370,2,90,42
137,372,2,90,42
138,375,4,90,42
139,380,5,90,42
140,383,2,90,42
141,385,7,90,42
142,386,3,90,42
143,388,9,90,42
144,391,7,90,42
145,394,3,90,42
146,395,4,90,42
147,398,7,90,42
148,399,1,90,42
149,401,2,90,42
150,403,2,90,42
151,409,1,90,42
152,410,2,90,42
153,413,1,90,42
154,415,1,90,42
155,422,4,90,42
156,424,6,90,42
157,431,2,90,42
158,432,2,90,42
159,433,2,90,42
160,434,5,90,42
161,436,1,90,42
162,443,3,90,42
163,447,2,90,42
164,449,2,90,42
165,452,2,90,42
166,453,9,90,42
167,455,2,90,42
168,461,2,90,42
169,467,2,90,42
170,474,2,90,42
171,476,8,90,42
172,480,3,90,42
173,482,3,90,42
174,486,6,90,42
175,491,6,90,42
176,492,8,90,42
177,498,6,90,42
178,499,8,90,42
179,503,5,90,42
180,505,7,90,42
181,508,9,90,42
182,512,5,90,42
183,514,3,90,42
184,516,6,90,42
185,518,2,90,42
186,521,6,90,42
187,523,6,90,42
188,524,6,90,42
189,527,8,90,42
190,530,3,90,42
191,533,1,90,42
192,542,1,90,42
193,543,1,90,42
194,544,2,90,42
195,548,5,90,42
196,553,2,90,42
197,559,4,90,42
198,564,1,90,42
199,566,6,90,42
200,567,1,90,42
201,568,1,90,42
202,570,2,90,42
203,571,9,90,42
204,573,7,90,42
205,577,2,90,42
206,580,2,90,42
207,585,8,90,42
208,587,5,90,42
209,593,2,90,42
210,600,3,90,42
211,608,2,90,42
212,611,2,90,42
213,618,2,90,42
214,622,2,90,42
215,625,8,90,42
216,630,1,90,42
217,650,2,90,42
218,651,2,90,42
219,654,8,90,42
0,2,5,90,43
1,3,7,90,43
2,4,2,90,43
3,9,3,90,43
4,13,3,90,43
5,14,1,90,43
6,15,6,90,43
7,16,3,90,43
8,17,3,90,43
9,18,6,90,43
10,20,3,90,43
11,24,6,90,43
12,26,2,90,43
13,27,2,90,43
14,28,2,90,43
15,35,7,90,43
16,36,1,90,43
17,44,1,90,43
18,45,1,90,43
19,47,1,90,43
20,48,2,90,43
21,52,1,90,43
22,54,2,90,43
23,58,5,90,43
24,63,5,90,43
25,64,7,90,43
26,78,2,90,43
27,79,0,90,43
28,81,0,90,43
29,82,6,90,43
30,83,2,90,43
31,85,2,90,43
32,88,2,90,43
33,89,2,90,43
34,91,3,90,43
35,94,8,90,43
36,98,5,90,43
37,101,12,90,43
38,104,2,90,43
39,105,2,90,43
40,106,7,90,43
41,110,9,90,43
42,113,2,90,43
43,117,2,90,43
44,122,1,90,43
45,126,2,90,43
46,129,9,90,43
47,135,2,90,43
48,136,2,90,43
49,144,6,90,43
50,145,1,90,43
51,146,1,90,43
52,148,10,90,43
53,152,0,90,43
54,157,5,90,43
55,159,2,90,43
56,162,6,90,43
57,163,6,90,43
58,171,6,90,43
59,172,6,90,43
60,179,3,90,43
61,185,6,90,43
62,187,6,90,43
63,189,6,90,43
64,191,6,90,43
65,192,2,90,43
66,194,2,90,43
67,200,2,90,43
68,201,2,90,43
69,204,8,90,43
70,205,2,90,43
71,207,5,90,43
72,210,2,90,43
73,211,2,90,43
74,214,2,90,43
75,217,2,90,43
76,218,2,90,43
77,220,7,90,43
78,224,2,90,43
79,228,1,90,43
80,230,2,90,43
81,231,4,90,43
82,232,6,90,43
83,235,1,90,43
84,236,1,90,43
85,238,1,90,43
86,239,8,90,43
87,240,5,90,43
88,241,6,90,43
89,243,3,90,43
90,247,3,90,43
91,248,6,90,43
92,252,2,90,43
93,255,9,90,43
94,257,6,90,43
95,263,1,90,43
96,264,2,90,43
97,265,5,90,43
98,267,1,90,43
99,274,8,90,43
100,275,3,90,43
101,278,2,90,43
102,291,1,90,43
103,293,2,90,43
104,295,1,90,43
105,298,4,90,43
106,300,2,90,43
107,306,2,90,43
108,307,1,90,43
109,309,2,90,43
110,311,11,90,43
111,321,2,90,43
112,323,2,90,43
113,324,2,90,43
114,325,2,90,43
115,326,2,90,43
116,327,5,90,43
117,328,14,90,43
118,329,2,90,43
119,335,3,90,43
120,338,2,90,43
121,339,2,90,43
122,340,1,90,43
123,341,1,90,43
124,345,5,90,43
125,347,1,90,43
126,348,6,90,43
127,350,1,90,43
128,351,13,90,43
129,354,2,90,43
130,356,2,90,43
131,363,1,90,43
132,366,6,90,43
133,368,3,90,43
134,369,9,90,43
135,371,6,90,43
136,372,6,90,43
137,375,10,90,43
138,383,6,90,43
139,385,3,90,43
140,388,4,90,43
141,389,2,90,43
142,391,2,90,43
143,392,7,90,43
144,394,2,90,43
145,395,2,90,43
146,398,3,90,43
147,399,2,90,43
148,401,2,90,43
149,403,2,90,43
150,410,2,90,43
151,413,2,90,43
152,415,2,90,43
153,422,2,90,43
154,423,2,90,43
155,433,2,90,43
156,434,10,90,43
157,436,2,90,43
158,437,5,90,43
159,443,2,90,43
160,447,4,90,43
161,449,2,90,43
162,452,2,90,43
163,453,2,90,43
164,455,1,90,43
165,461,1,90,43
166,474,1,90,43
167,475,1,90,43
168,476,1,90,43
169,480,5,90,43
170,482,2,90,43
171,484,2,90,43
172,486,2,90,43
173,491,5,90,43
174,492,10,90,43
175,495,5,90,43
176,498,2,90,43
177,505,2,90,43
178,508,8,90,43
179,512,14,90,43
180,514,2,90,43
181,518,2,90,43
182,521,3,90,43
183,524,1,90,43
184,527,5,90,43
185,530,2,90,43
186,542,13,90,43
187,544,3,90,43
188,548,6,90,43
189,550,8,90,43
190,553,3,90,43
191,557,3,90,43
192,559,6,90,43
193,560,3,90,43
194,563,3,90,43
195,566,5,90,43
196,568,1,90,43
197,569,2,90,43
198,570,2,90,43
199,571,2,90,43
200,573,2,90,43
201,579,6,90,43
202,580,0,90,43
203,585,3,90,43
204,587,5,90,43
205,588,5,90,43
206,591,1,90,43
207,592,3,90,43
208,593,6,90,43
209,608,2,90,43
210,611,2,90,43
211,617,2,90,43
212,619,2,90,43
213,621,3,90,43
214,628,1,90,43
215,630,1,90,43
216,650,2,90,43
217,652,3,90,43
218,654,2,90,43
219,655,3,90,43
0,3,2,90,44
1,4,2,90,44
2,6,5,90,44
3,9,2,90,44
4,13,4,90,44
5,14,0,90,44
6,15,2,90,44
7,16,2,90,44
8,17,2,90,44
9,18,2,90,44
10,19,2,90,44
11,20,2,90,44
12,24,2,90,44
13,26,7,90,44
14,28,7,90,44
15,35,0,90,44
16,36,1,90,44
17,42,2,90,44
18,44,0,90,44
19,47,0,90,44
20,52,0,90,44
21,54,2,90,44
22,58,2,90,44
23,63,2,90,44
24,65,6,90,44
25,70,2,90,44
26,71,2,90,44
27,76,5,90,44
28,78,2,90,44
29,79,5,90,44
30,81,2,90,44
31,82,3,90,44
32,83,2,90,44
33,85,2,90,44
34,88,2,90,44
35,91,2,90,44
36,95,5,90,44
37,98,7,90,44
38,99,3,90,44
39,104,2,90,44
40,105,2,90,44
41,106,2,90,44
42,110,4,90,44
43,111,2,90,44
44,113,2,90,44
45,117,3,90,44
46,123,2,90,44
47,126,2,90,44
48,128,1,90,44
49,136,2,90,44
50,144,1,90,44
51,145,1,90,44
52,146,1,90,44
53,148,2,90,44
54,152,2,90,44
55,157,3,90,44
56,159,1,90,44
57,162,12,90,44
58,166,3,90,44
59,168,3,90,44
60,171,6,90,44
61,172,6,90,44
62,174,3,90,44
63,180,2,90,44
64,182,6,90,44
65,185,7,90,44
66,189,6,90,44
67,191,2,90,44
68,192,3,90,44
69,194,1,90,44
70,198,2,90,44
71,200,1,90,44
72,201,1,90,44
73,204,3,90,44
74,205,5,90,44
75,207,4,90,44
76,210,1,90,44
77,211,1,90,44
78,214,2,90,44
79,218,2,90,44
80,220,2,90,44
81,224,3,90,44
82,230,3,90,44
83,231,6,90,44
84,232,5,90,44
85,233,2,90,44
86,234,6,90,44
87,235,8,90,44
88,238,6,90,44
89,240,2,90,44
90,241,2,90,44
91,247,2,90,44
92,248,2,90,44
93,251,6,90,44
94,255,8,90,44
95,257,5,90,44
96,259,3,90,44
97,263,2,90,44
98,264,5,90,44
99,267,2,90,44
100,274,2,90,44
101,275,2,90,44
102,278,2,90,44
103,291,6,90,44
104,293,6,90,44
105,295,6,90,44
106,298,3,90,44
107,300,3,90,44
108,305,6,90,44
109,309,3,90,44
110,311,2,90,44
111,316,13,90,44
112,323,2,90,44
113,325,2,90,44
114,326,2,90,44
115,327,10,90,44
116,328,20,90,44
117,329,2,90,44
118,335,5,90,44
119,336,2,90,44
120,338,2,90,44
121,339,2,90,44
122,340,12,90,44
123,342,9,90,44
124,347,6,90,44
125,350,6,90,44
126,351,8,90,44
127,354,3,90,44
128,355,9,90,44
129,363,6,90,44
130,366,3,90,44
131,368,3,90,44
132,369,6,90,44
133,372,3,90,44
134,375,3,90,44
135,380,9,90,44
136,383,6,90,44
137,385,3,90,44
138,388,2,90,44
139,392,7,90,44
140,394,2,90,44
141,395,2,90,44
142,398,5,90,44
143,401,5,90,44
144,403,2,90,44
145,409,1,90,44
146,410,2,90,44
147,413,3,90,44
148,415,4,90,44
149,425,1,90,44
150,431,2,90,44
151,433,8,90,44
152,434,2,90,44
153,436,1,90,44
154,443,1,90,44
155,447,2,90,44
156,449,2,90,44
157,452,5,90,44
158,453,6,90,44
159,455,0,90,44
160,461,0,90,44
161,467,0,90,44
162,472,0,90,44
163,474,0,90,44
164,480,2,90,44
165,486,2,90,44
166,491,4,90,44
167,492,2,90,44
168,494,7,90,44
169,495,2,90,44
170,498,2,90,44
171,503,5,90,44
172,505,5,90,44
173,508,2,90,44
174,512,2,90,44
175,514,2,90,44
176,518,5,90,44
177,520,2,90,44
178,521,2,90,44
179,524,2,90,44
180,527,2,90,44
181,530,2,90,44
182,531,7,90,44
183,533,1,90,44
184,541,9,90,44
185,542,1,90,44
186,553,7,90,44
187,557,7,90,44
188,559,2,90,44
189,564,4,90,44
190,565,5,90,44
191,566,6,90,44
192,567,1,90,44
193,568,2,90,44
194,569,2,90,44
195,570,3,90,44
196,571,8,90,44
197,573,1,90,44
198,577,8,90,44
199,582,6,90,44
200,585,7,90,44
201,587,3,90,44
202,588,2,90,44
203,590,6,90,44
204,591,2,90,44
205,593,6,90,44
206,594,8,90,44
207,608,10,90,44
208,611,7,90,44
209,618,3,90,44
210,619,2,90,44
211,622,7,90,44
212,623,2,90,44
213,625,6,90,44
214,628,1,90,44
215,630,2,90,44
216,631,2,90,44
217,650,1,90,44
218,652,3,90,44
219,10001,6,90,44
0,3,2,90,45
1,4,6,90,45
2,6,2,90,45
3,9,5,90,45
4,12,2,90,45
5,13,12,90,45
6,14,2,90,45
7,15,2,90,45
8,16,2,90,45
9,17,2,90,45
10,18,2,90,45
11,19,3,90,45
12,24,4,90,45
13,26,1,90,45
14,27,2,90,45
15,28,2,90,45
16,35,0,90,45
17,38,2,90,45
18,42,2,90,45
19,44,0,90,45
20,45,0,90,45
21,47,0,90,45
22,48,2,90,45
23,52,0,90,45
24,54,2,90,45
25,57,2,90,45
26,64,5,90,45
27,65,2,90,45
28,70,1,90,45
29,71,7,90,45
30,76,2,90,45
31,79,7,90,45
32,81,1,90,45
33,82,9,90,45
34,83,12,90,45
35,85,1,90,45
36,88,1,90,45
37,89,2,90,45
38,91,2,90,45
39,94,2,90,45
40,95,2,90,45
41,99,12,90,45
42,101,5,90,45
43,104,7,90,45
44,105,4,90,45
45,110,5,90,45
46,115,2,90,45
47,117,2,90,45
48,122,1,90,45
49,126,2,90,45
50,136,2,90,45
51,144,1,90,45
52,146,1,90,45
53,148,2,90,45
54,152,1,90,45
55,157,2,90,45
56,159,12,90,45
57,162,1,90,45
58,163,1,90,45
59,168,2,90,45
60,171,4,90,45
61,172,1,90,45
62,174,2,90,45
63,177,2,90,45
64,185,1,90,45
65,188,2,90,45
66,189,4,90,45
67,191,3,90,45
68,193,6,90,45
69,196,6,90,45
70,198,6,90,45
71,200,9,90,45
72,201,6,90,45
73,204,6,90,45
74,205,3,90,45
75,207,6,90,45
76,210,9,90,45
77,211,6,90,45
78,217,2,90,45
79,219,1,90,45
80,220,2,90,45
81,228,4,90,45
82,230,2,90,45
83,231,1,90,45
84,235,1,90,45
85,236,1,90,45
86,238,1,90,45
87,240,2,90,45
88,241,1,90,45
89,247,2,90,45
90,248,1,90,45
91,252,2,90,45
92,255,1,90,45
93,257,1,90,45
94,264,2,90,45
95,265,2,90,45
96,267,0,90,45
97,272,6,90,45
98,274,2,90,45
99,275,0,90,45
100,278,2,90,45
101,285,2,90,45
102,293,1,90,45
103,295,7,90,45
104,296,1,90,45
105,300,2,90,45
106,306,6,90,45
107,309,2,90,45
108,311,13,90,45
109,323,3,90,45
110,324,8,90,45
111,325,6,90,45
112,326,9,90,45
113,327,8,90,45
114,328,13,90,45
115,329,3,90,45
116,333,6,90,45
117,335,15,90,45
118,338,1,90,45
119,339,6,90,45
120,340,6,90,45
121,341,12,90,45
122,342,6,90,45
123,345,8,90,45
124,346,11,90,45
125,347,6,90,45
126,348,6,90,45
127,350,8,90,45
128,351,3,90,45
129,354,3,90,45
130,366,9,90,45
131,368,2,90,45
132,369,13,90,45
133,370,5,90,45
134,372,5,90,45
135,375,2,90,45
136,380,1,90,45
137,383,1,90,45
138,385,5,90,45
139,388,2,90,45
140,394,8,90,45
141,398,3,90,45
142,399,6,90,45
143,401,6,90,45
144,403,6,90,45
145,404,6,90,45
146,409,7,90,45
147,410,6,90,45
148,413,6,90,45
149,415,6,90,45
150,417,3,90,45
151,422,1,90,45
152,423,2,90,45
153,431,2,90,45
154,432,2,90,45
155,433,2,90,45
156,436,3,90,45
157,443,1,90,45
158,447,2,90,45
159,449,2,90,45
160,455,1,90,45
161,461,1,90,45
162,467,1,90,45
163,474,1,90,45
164,476,1,90,45
165,486,2,90,45
166,491,3,90,45
167,492,7,90,45
168,494,12,90,45
169,495,5,90,45
170,498,2,90,45
171,499,10,90,45
172,503,7,90,45
173,505,5,90,45
174,508,2,90,45
175,514,8,90,45
176,517,2,90,45
177,518,2,90,45
178,521,2,90,45
179,523,10,90,45
180,524,7,90,45
181,526,5,90,45
182,528,2,90,45
183,530,2,90,45
184,533,6,90,45
185,541,5,90,45
186,542,6,90,45
187,544,3,90,45
188,553,11,90,45
189,557,6,90,45
190,559,9,90,45
191,560,7,90,45
192,566,12,90,45
193,567,6,90,45
194,568,0,90,45
195,570,6,90,45
196,573,1,90,45
197,577,7,90,45
198,579,1,90,45
199,585,8,90,45
200,587,2,90,45
201,591,5,90,45
202,593,1,90,45
203,594,4,90,45
204,595,2,90,45
205,600,2,90,45
206,603,2,90,45
207,608,2,90,45
208,617,2,90,45
209,618,2,90,45
210,619,2,90,45
211,622,2,90,45
212,623,2,90,45
213,625,6,90,45
214,628,1,90,45
215,630,0,90,45
216,631,2,90,45
217,635,2,90,45
218,650,6,90,45
219,10149,3,90,45
0,3,6,90,46
1,6,6,90,46
2,8,6,90,46
3,9,8,90,46
4,10,2,90,46
5,13,6,90,46
6,14,6,90,46
7,15,6,90,46
8,16,3,90,46
9,17,3,90,46
10,18,6,90,46
11,19,8,90,46
12,23,4,90,46
13,24,6,90,46
14,26,1,90,46
15,27,6,90,46
16,35,8,90,46
17,36,2,90,46
18,38,5,90,46
19,44,2,90,46
20,47,2,90,46
21,48,2,90,46
22,49,2,90,46
23,52,2,90,46
24,54,2,90,46
25,57,2,90,46
26,58,2,90,46
27,63,7,90,46
28,64,2,90,46
29,65,2,90,46
30,71,5,90,46
31,78,2,90,46
32,79,2,90,46
33,81,2,90,46
34,82,7,90,46
35,83,2,90,46
36,85,2,90,46
37,88,3,90,46
38,91,2,90,46
39,94,2,90,46
40,98,7,90,46
41,99,2,90,46
42,101,2,90,46
43,104,2,90,46
44,105,2,90,46
45,106,2,90,46
46,110,2,90,46
47,115,3,90,46
48,117,5,90,46
49,126,6,90,46
50,128,6,90,46
51,135,3,90,46
52,136,3,90,46
53,144,6,90,46
54,145,6,90,46
55,146,6,90,46
56,148,4,90,46
57,152,2,90,46
58,157,2,90,46
59,159,1,90,46
60,162,2,90,46
61,163,2,90,46
62,168,2,90,46
63,172,2,90,46
64,174,5,90,46
65,180,2,90,46
66,182,4,90,46
67,185,2,90,46
68,189,2,90,46
69,191,2,90,46
70,194,1,90,46
71,200,1,90,46
72,201,1,90,46
73,204,4,90,46
74,205,2,90,46
75,207,4,90,46
76,210,1,90,46
77,211,1,90,46
78,214,7,90,46
79,220,9,90,46
80,222,3,90,46
81,224,8,90,46
82,228,6,90,46
83,231,12,90,46
84,232,2,90,46
85,235,6,90,46
86,236,6,90,46
87,238,6,90,46
88,240,7,90,46
89,241,3,90,46
90,244,2,90,46
91,247,2,90,46
92,248,2,90,46
93,252,6,90,46
94,254,2,90,46
95,255,2,90,46
96,262,2,90,46
97,263,2,90,46
98,264,2,90,46
99,265,4,90,46
100,267,11,90,46
101,268,2,90,46
102,274,2,90,46
103,275,2,90,46
104,278,2,90,46
105,291,1,90,46
106,293,1,90,46
107,295,1,90,46
108,296,3,90,46
109,298,2,90,46
110,300,2,90,46
111,305,1,90,46
112,306,2,90,46
113,309,2,90,46
114,311,2,90,46
115,313,2,90,46
116,321,2,90,46
117,322,2,90,46
118,323,2,90,46
119,325,2,90,46
120,326,4,90,46
121,327,3,90,46
122,328,7,90,46
123,335,5,90,46
124,338,5,90,46
125,339,2,90,46
126,340,6,90,46
127,341,6,90,46
128,342,3,90,46
129,345,3,90,46
130,347,6,90,46
131,348,4,90,46
132,351,2,90,46
133,354,3,90,46
134,366,3,90,46
135,368,2,90,46
136,369,8,90,46
137,372,5,90,46
138,375,5,90,46
139,380,2,90,46
140,383,2,90,46
141,385,8,90,46
142,388,1,90,46
143,394,2,90,46
144,395,1,90,46
145,398,9,90,46
146,399,1,90,46
147,401,7,90,46
148,402,7,90,46
149,403,5,90,46
150,404,4,90,46
151,409,4,90,46
152,413,1,90,46
153,415,4,90,46
154,422,1,90,46
155,423,5,90,46
156,433,7,90,46
157,434,7,90,46
158,436,1,90,46
159,437,4,90,46
160,443,1,90,46
161,447,2,90,46
162,453,2,90,46
163,455,6,90,46
164,461,6,90,46
165,467,6,90,46
166,470,2,90,46
167,474,6,90,46
168,475,6,90,46
169,481,5,90,46
170,482,2,90,46
171,486,1,90,46
172,489,2,90,46
173,491,2,90,46
174,495,1,90,46
175,499,2,90,46
176,503,2,90,46
177,505,4,90,46
178,508,1,90,46
179,512,2,90,46
180,514,4,90,46
181,518,3,90,46
182,520,1,90,46
183,521,1,90,46
184,524,1,90,46
185,528,2,90,46
186,530,2,90,46
187,531,2,90,46
188,541,2,90,46
189,542,2,90,46
190,544,2,90,46
191,557,2,90,46
192,559,2,90,46
193,560,2,90,46
194,564,2,90,46
195,566,3,90,46
196,567,2,90,46
197,568,2,90,46
198,570,7,90,46
199,571,3,90,46
200,573,1,90,46
201,577,3,90,46
202,580,4,90,46
203,585,5,90,46
204,587,2,90,46
205,588,2,90,46
206,593,2,90,46
207,594,8,90,46
208,618,3,90,46
209,623,6,90,46
210,625,3,90,46
211,628,6,90,46
212,630,8,90,46
213,650,1,90,46
214,651,3,90,46
215,652,7,90,46
216,654,2,90,46
217,655,2,90,46
218,672,6,90,46
219,10149,2,90,46
0,3,1,90,47
1,4,2,90,47
2,6,1,90,47
3,9,4,90,47
4,14,2,90,47
5,15,1,90,47
6,16,5,90,47
7,17,5,90,47
8,18,1,90,47
9,20,2,90,47
10,23,12,90,47
11,24,2,90,47
12,26,2,90,47
13,28,2,90,47
14,35,0,90,47
15,36,0,90,47
16,44,0,90,47
17,47,0,90,47
18,52,0,90,47
19,53,2,90,47
20,57,2,90,47
21,58,3,90,47
22,63,3,90,47
23,64,3,90,47
24,70,6,90,47
25,78,6,90,47
26,79,6,90,47
27,81,6,90,47
28,82,15,90,47
29,83,8,90,47
30,85,6,90,47
31,88,2,90,47
32,89,2,90,47
33,91,2,90,47
34,94,2,90,47
35,95,2,90,47
36,98,2,90,47
37,99,3,90,47
38,101,2,90,47
39,104,4,90,47
40,105,2,90,47
41,113,7,90,47
42,122,4,90,47
43,123,2,90,47
44,126,2,90,47
45,129,4,90,47
46,136,2,90,47
47,144,1,90,47
48,146,1,90,47
49,148,2,90,47
50,149,2,90,47
51,152,6,90,47
52,157,2,90,47
53,159,9,90,47
54,162,1,90,47
55,171,1,90,47
56,172,7,90,47
57,174,2,90,47
58,177,2,90,47
59,180,9,90,47
60,182,5,90,47
61,185,1,90,47
62,187,1,90,47
63,189,4,90,47
64,191,1,90,47
65,193,3,90,47
66,200,6,90,47
67,201,6,90,47
68,204,2,90,47
69,205,13,90,47
70,207,4,90,47
71,210,6,90,47
72,211,6,90,47
73,215,6,90,47
74,219,6,90,47
75,220,7,90,47
76,222,2,90,47
77,224,5,90,47
78,230,2,90,47
79,232,8,90,47
80,233,4,90,47
81,235,0,90,47
82,236,0,90,47
83,238,0,90,47
84,239,2,90,47
85,240,2,90,47
86,241,1,90,47
87,247,2,90,47
88,248,1,90,47
89,251,2,90,47
90,255,1,90,47
91,257,2,90,47
92,265,7,90,47
93,267,0,90,47
94,272,2,90,47
95,274,2,90,47
96,275,0,90,47
97,278,2,90,47
98,284,0,90,47
99,291,2,90,47
100,293,2,90,47
101,295,5,90,47
102,296,8,90,47
103,298,5,90,47
104,300,2,90,47
105,301,3,90,47
106,302,2,90,47
107,307,2,90,47
108,309,2,90,47
109,311,15,90,47
110,323,3,90,47
111,324,11,90,47
112,325,6,90,47
113,326,6,90,47
114,327,13,90,47
115,328,11,90,47
116,329,3,90,47
117,335,12,90,47
118,337,9,90,47
119,338,2,90,47
120,339,6,90,47
121,340,2,90,47
122,341,2,90,47
123,342,6,90,47
124,345,2,90,47
125,346,2,90,47
126,347,5,90,47
127,348,7,90,47
128,350,2,90,47
129,351,9,90,47
130,354,2,90,47
131,366,4,90,47
132,368,2,90,47
133,369,1,90,47
134,375,2,90,47
135,376,1,90,47
136,380,4,90,47
137,382,5,90,47
138,383,1,90,47
139,385,2,90,47
140,388,6,90,47
141,391,2,90,47
142,394,2,90,47
143,395,1,90,47
144,398,5,90,47
145,399,1,90,47
146,401,9,90,47
147,404,1,90,47
148,409,1,90,47
149,413,1,90,47
150,415,1,90,47
151,417,2,90,47
152,422,4,90,47
153,423,5,90,47
154,424,10,90,47
155,431,2,90,47
156,432,2,90,47
157,433,5,90,47
158,436,6,90,47
159,443,2,90,47
160,447,2,90,47
161,449,7,90,47
162,455,2,90,47
163,461,2,90,47
164,463,7,90,47
165,467,5,90,47
166,474,2,90,47
167,475,2,90,47
168,476,2,90,47
169,480,12,90,47
170,481,7,90,47
171,482,2,90,47
172,484,9,90,47
173,486,2,90,47
174,491,5,90,47
175,498,2,90,47
176,499,2,90,47
177,503,8,90,47
178,508,2,90,47
179,514,13,90,47
180,518,2,90,47
181,520,1,90,47
182,521,1,90,47
183,524,1,90,47
184,527,7,90,47
185,528,10,90,47
186,530,2,90,47
187,533,2,90,47
188,541,6,90,47
189,542,4,90,47
190,544,5,90,47
191,553,2,90,47
192,557,2,90,47
193,559,2,90,47
194,564,2,90,47
195,565,7,90,47
196,568,0,90,47
197,570,7,90,47
198,577,10,90,47
199,579,1,90,47
200,585,3,90,47
201,587,7,90,47
202,588,2,90,47
203,591,1,90,47
204,592,6,90,47
205,593,1,90,47
206,598,0,90,47
207,608,2,90,47
208,611,5,90,47
209,617,5,90,47
210,622,2,90,47
211,623,2,90,47
212,625,7,90,47
213,628,1,90,47
214,630,0,90,47
215,631,2,90,47
216,650,9,90,47
217,651,2,90,47
218,652,7,90,47
219,10149,2,90,47
0,2,9,90,48
1,3,1,90,48
2,4,7,90,48
3,6,1,90,48
4,10,2,90,48
5,13,2,90,48
6,14,2,90,48
7,15,1,90,48
8,16,2,90,48
9,17,14,90,48
10,18,4,90,48
11,20,2,90,48
12,24,1,90,48
13,26,6,90,48
14,28,2,90,48
15,35,1,90,48
16,36,4,90,48
17,44,1,90,48
18,47,1,90,48
19,48,2,90,48
20,52,1,90,48
21,53,7,90,48
22,54,2,90,48
23,57,3,90,48
24,63,2,90,48
25,64,2,90,48
26,70,2,90,48
27,71,2,90,48
28,76,2,90,48
29,78,2,90,48
30,79,2,90,48
31,81,2,90,48
32,82,4,90,48
33,83,2,90,48
34,85,2,90,48
35,88,6,90,48
36,91,6,90,48
37,94,6,90,48
38,98,3,90,48
39,99,3,90,48
40,101,3,90,48
41,104,6,90,48
42,105,8,90,48
43,106,11,90,48
44,110,3,90,48
45,115,2,90,48
46,122,2,90,48
47,126,2,90,48
48,128,2,90,48
49,136,2,90,48
50,144,2,90,48
51,145,2,90,48
52,146,5,90,48
53,152,2,90,48
54,157,2,90,48
55,159,1,90,48
56,162,0,90,48
57,168,5,90,48
58,172,3,90,48
59,174,2,90,48
60,180,2,90,48
61,181,12,90,48
62,185,0,90,48
63,188,2,90,48
64,189,0,90,48
65,191,2,90,48
66,193,5,90,48
67,194,1,90,48
68,198,2,90,48
69,200,3,90,48
70,201,1,90,48
71,204,6,90,48
72,207,3,90,48
73,210,1,90,48
74,211,1,90,48
75,214,7,90,48
76,219,1,90,48
77,222,2,90,48
78,224,2,90,48
79,230,5,90,48
80,231,1,90,48
81,232,6,90,48
82,233,2,90,48
83,235,1,90,48
84,236,7,90,48
85,238,1,90,48
86,240,2,90,48
87,241,2,90,48
88,247,2,90,48
89,248,2,90,48
90,252,10,90,48
91,255,2,90,48
92,257,5,90,48
93,259,2,90,48
94,263,6,90,48
95,264,3,90,48
96,267,6,90,48
97,268,2,90,48
98,274,3,90,48
99,275,6,90,48
100,277,3,90,48
101,278,3,90,48
102,291,2,90,48
103,293,2,90,48
104,295,2,90,48
105,296,2,90,48
106,298,2,90,48
107,300,2,90,48
108,305,2,90,48
109,306,2,90,48
110,307,2,90,48
111,311,2,90,48
112,313,8,90,48
113,316,6,90,48
114,321,8,90,48
115,323,2,90,48
116,325,2,90,48
117,326,8,90,48
118,328,2,90,48
119,329,2,90,48
120,335,2,90,48
121,338,6,90,48
122,339,4,90,48
123,340,6,90,48
124,341,8,90,48
125,345,3,90,48
126,346,3,90,48
127,347,6,90,48
128,348,8,90,48
129,350,6,90,48
130,351,3,90,48
131,354,3,90,48
132,356,3,90,48
133,363,6,90,48
134,365,6,90,48
135,366,4,90,48
136,368,3,90,48
137,369,8,90,48
138,375,5,90,48
139,380,12,90,48
140,383,6,90,48
141,385,3,90,48
142,386,2,90,48
143,388,2,90,48
144,389,2,90,48
145,392,2,90,48
146,394,2,90,48
147,395,2,90,48
148,398,2,90,48
149,399,2,90,48
150,401,2,90,48
151,409,2,90,48
152,410,2,90,48
153,413,2,90,48
154,415,2,90,48
155,417,2,90,48
156,422,6,90,48
157,423,3,90,48
158,433,8,90,48
159,434,3,90,48
160,436,6,90,48
161,443,8,90,48
162,447,5,90,48
163,449,4,90,48
164,453,2,90,48
165,455,2,90,48
166,461,2,90,48
167,463,2,90,48
168,474,2,90,48
169,475,2,90,48
170,476,2,90,48
171,480,3,90,48
172,489,3,90,48
173,491,4,90,48
174,492,3,90,48
175,494,6,90,48
176,495,6,90,48
177,498,6,90,48
178,503,3,90,48
179,505,6,90,48
180,508,6,90,48
181,512,6,90,48
182,514,7,90,48
183,518,2,90,48
184,520,2,90,48
185,521,2,90,48
186,524,2,90,48
187,527,4,90,48
188,530,2,90,48
189,531,3,90,48
190,533,6,90,48
191,541,2,90,48
192,542,7,90,48
193,544,3,90,48
194,553,3,90,48
195,557,3,90,48
196,559,9,90,48
197,560,5,90,48
198,564,9,90,48
199,566,8,90,48
200,567,6,90,48
201,568,6,90,48
202,570,2,90,48
203,573,6,90,48
204,577,2,90,48
205,585,2,90,48
206,587,10,90,48
207,588,2,90,48
208,591,2,90,48
209,593,6,90,48
210,594,6,90,48
211,595,2,90,48
212,600,2,90,48
213,618,2,90,48
214,619,3,90,48
215,622,8,90,48
216,623,2,90,48
217,630,6,90,48
218,650,1,90,48
219,651,2,90,48
0,3,11,90,49
1,4,2,90,49
2,6,2,90,49
3,9,4,90,49
4,13,2,90,49
5,14,5,90,49
6,15,2,90,49
7,16,2,90,49
8,17,2,90,49
9,18,2,90,49
10,19,3,90,49
11,20,2,90,49
12,24,2,90,49
13,26,1,90,49
14,27,2,90,49
15,28,5,90,49
16,35,1,90,49
17,36,1,90,49
18,47,2,90,49
19,48,2,90,49
20,52,1,90,49
21,54,5,90,49
22,57,2,90,49
23,58,2,90,49
24,63,5,90,49
25,64,2,90,49
26,65,2,90,49
27,70,0,90,49
28,71,2,90,49
29,76,12,90,49
30,78,13,90,49
31,79,0,90,49
32,82,2,90,49
33,85,0,90,49
34,88,1,90,49
35,89,2,90,49
36,91,1,90,49
37,94,5,90,49
38,95,7,90,49
39,99,17,90,49
40,100,1,90,49
41,101,2,90,49
42,104,2,90,49
43,106,5,90,49
44,115,2,90,49
45,122,0,90,49
46,126,2,90,49
47,128,0,90,49
48,131,0,90,49
49,144,0,90,49
50,145,0,90,49
51,146,0,90,49
52,148,5,90,49
53,149,2,90,49
54,152,0,90,49
55,157,2,90,49
56,159,1,90,49
57,162,2,90,49
58,163,2,90,49
59,171,2,90,49
60,172,2,90,49
61,174,2,90,49
62,179,5,90,49
63,181,7,90,49
64,182,3,90,49
65,185,2,90,49
66,189,2,90,49
67,191,1,90,49
68,193,2,90,49
69,194,7,90,49
70,200,1,90,49
71,201,3,90,49
72,204,6,90,49
73,205,7,90,49
74,207,5,90,49
75,210,1,90,49
76,211,1,90,49
77,218,2,90,49
78,220,14,90,49
79,228,4,90,49
80,230,5,90,49
81,231,1,90,49
82,232,2,90,49
83,235,1,90,49
84,236,1,90,49
85,238,1,90,49
86,239,2,90,49
87,240,5,90,49
88,241,1,90,49
89,247,7,90,49
90,248,1,90,49
91,251,5,90,49
92,255,1,90,49
93,257,1,90,49
94,259,7,90,49
95,262,2,90,49
96,263,0,90,49
97,264,2,90,49
98,265,2,90,49
99,267,5,90,49
100,268,2,90,49
101,272,2,90,49
102,275,0,90,49
103,291,2,90,49
104,293,2,90,49
105,295,3,90,49
106,296,2,90,49
107,300,2,90,49
108,302,2,90,49
109,306,2,90,49
110,309,2,90,49
111,311,4,90,49
112,313,1,90,49
113,316,2,90,49
114,324,4,90,49
115,325,1,90,49
116,326,1,90,49
117,327,8,90,49
118,328,7,90,49
119,329,2,90,49
120,335,7,90,49
121,338,7,90,49
122,339,1,90,49
123,340,6,90,49
124,341,6,90,49
125,342,3,90,49
126,347,6,90,49
127,348,14,90,49
128,350,15,90,49
129,351,10,90,49
130,354,3,90,49
131,355,9,90,49
132,363,6,90,49
133,366,3,90,49
134,368,3,90,49
135,369,8,90,49
136,372,3,90,49
137,375,9,90,49
138,376,6,90,49
139,380,9,90,49
140,383,6,90,49
141,388,7,90,49
142,394,7,90,49
143,395,1,90,49
144,398,5,90,49
145,399,1,90,49
146,401,8,90,49
147,403,2,90,49
148,404,1,90,49
149,409,1,90,49
150,413,2,90,49
151,415,1,90,49
152,417,2,90,49
153,422,4,90,49
154,423,2,90,49
155,432,2,90,49
156,433,7,90,49
157,434,2,90,49
158,436,1,90,49
159,443,1,90,49
160,447,6,90,49
161,449,2,90,49
162,453,2,90,49
163,455,2,90,49
164,461,2,90,49
165,472,2,90,49
166,474,2,90,49
167,476,2,90,49
168,481,2,90,49
169,484,5,90,49
170,486,8,90,49
171,491,2,90,49
172,492,3,90,49
173,495,14,90,49
174,498,2,90,49
175,501,2,90,49
176,503,7,90,49
177,505,2,90,49
178,508,8,90,49
179,512,6,90,49
180,514,5,90,49
181,516,4,90,49
182,518,2,90,49
183,520,4,90,49
184,521,3,90,49
185,524,2,90,49
186,530,7,90,49
187,533,6,90,49
188,541,2,90,49
189,542,6,90,49
190,548,4,90,49
191,559,6,90,49
192,564,6,90,49
193,565,8,90,49
194,566,4,90,49
195,567,6,90,49
196,568,0,90,49
197,569,7,90,49
198,570,2,90,49
199,573,1,90,49
200,577,2,90,49
201,585,7,90,49
202,587,5,90,49
203,588,2,90,49
204,591,1,90,49
205,593,6,90,49
206,594,6,90,49
207,598,7,90,49
208,608,2,90,49
209,611,7,90,49
210,617,2,90,49
211,623,2,90,49
212,625,12,90,49
213,628,2,90,49
214,631,5,90,49
215,635,2,90,49
216,650,1,90,49
217,651,2,90,49
218,652,3,90,49
219,10149,3,90,49
0,3,1,90,50
1,4,2,90,50
2,6,4,90,50
3,7,2,90,50
4,9,2,90,50
5,10,2,90,50
6,14,7,90,50
7,15,2,90,50
8,16,2,90,50
9,17,7,90,50
10,18,3,90,50
11,20,2,90,50
12,24,1,90,50
13,26,1,90,50
14,28,2,90,50
15,35,2,90,50
16,44,2,90,50
17,47,2,90,50
18,48,2,90,50
19,52,2,90,50
20,53,2,90,50
21,54,2,90,50
22,57,5,90,50
23,58,2,90,50
24,63,2,90,50
25,64,3,90,50
26,70,2,90,50
27,71,2,90,50
28,76,2,90,50
29,79,2,90,50
30,81,2,90,50
31,82,2,90,50
32,83,2,90,50
33,85,2,90,50
34,88,6,90,50
35,89,3,90,50
36,91,9,90,50
37,94,3,90,50
38,98,3,90,50
39,99,3,90,50
40,101,3,90,50
41,104,9,90,50
42,106,8,90,50
43,110,2,90,50
44,113,2,90,50
45,115,2,90,50
46,117,2,90,50
47,126,2,90,50
48,128,1,90,50
49,136,2,90,50
50,144,1,90,50
51,145,1,90,50
52,146,1,90,50
53,149,2,90,50
54,152,2,90,50
55,157,2,90,50
56,159,2,90,50
57,162,2,90,50
58,168,5,90,50
59,171,2,90,50
60,172,8,90,50
61,177,2,90,50
62,180,9,90,50
63,181,2,90,50
64,182,5,90,50
65,185,2,90,50
66,188,3,90,50
67,189,2,90,50
68,191,0,90,50
69,196,2,90,50
70,200,5,90,50
71,201,2,90,50
72,204,2,90,50
73,205,9,90,50
74,207,14,90,50
75,210,2,90,50
76,211,2,90,50
77,214,2,90,50
78,220,2,90,50
79,222,6,90,50
80,224,2,90,50
81,228,2,90,50
82,231,2,90,50
83,232,4,90,50
84,233,2,90,50
85,234,2,90,50
86,235,2,90,50
87,236,5,90,50
88,241,0,90,50
89,247,5,90,50
90,248,0,90,50
91,251,2,90,50
92,252,2,90,50
93,255,0,90,50
94,257,0,90,50
95,259,10,90,50
96,262,7,90,50
97,263,1,90,50
98,267,1,90,50
99,272,3,90,50
100,274,8,90,50
101,275,1,90,50
102,278,2,90,50
103,291,1,90,50
104,293,1,90,50
105,295,1,90,50
106,296,1,90,50
107,298,2,90,50
108,300,2,90,50
109,306,5,90,50
110,307,1,90,50
111,309,2,90,50
112,311,6,90,50
113,313,6,90,50
114,324,3,90,50
115,325,6,90,50
116,326,6,90,50
117,327,3,90,50
118,328,10,90,50
119,329,3,90,50
120,335,10,90,50
121,336,3,90,50
122,338,6,90,50
123,339,6,90,50
124,340,6,90,50
125,341,6,90,50
126,342,3,90,50
127,345,8,90,50
128,347,8,90,50
129,348,7,90,50
130,350,9,90,50
131,351,6,90,50
132,354,3,90,50
133,355,6,90,50
134,363,6,90,50
135,365,13,90,50
136,366,8,90,50
137,369,7,90,50
138,370,6,90,50
139,375,2,90,50
140,380,6,90,50
141,383,6,90,50
142,389,6,90,50
143,392,2,90,50
144,394,5,90,50
145,395,0,90,50
146,398,7,90,50
147,399,1,90,50
148,401,9,90,50
149,403,2,90,50
150,409,0,90,50
151,413,0,90,50
152,415,0,90,50
153,417,5,90,50
154,422,3,90,50
155,424,2,90,50
156,433,18,90,50
157,434,7,90,50
158,436,4,90,50
159,437,10,90,50
160,443,1,90,50
161,449,2,90,50
162,453,5,90,50
163,455,6,90,50
164,461,6,90,50
165,463,3,90,50
166,467,6,90,50
167,470,2,90,50
168,475,6,90,50
169,486,1,90,50
170,491,2,90,50
171,492,14,90,50
172,494,2,90,50
173,495,4,90,50
174,498,1,90,50
175,499,5,90,50
176,501,2,90,50
177,503,2,90,50
178,505,1,90,50
179,508,1,90,50
180,512,2,90,50
181,514,2,90,50
182,517,1,90,50
183,521,1,90,50
184,523,2,90,50
185,524,1,90,50
186,528,1,90,50
187,530,2,90,50
188,531,2,90,50
189,533,4,90,50
190,541,2,90,50
191,542,2,90,50
192,553,2,90,50
193,557,2,90,50
194,564,2,90,50
195,566,2,90,50
196,567,2,90,50
197,568,1,90,50
198,573,1,90,50
199,577,12,90,50
200,585,6,90,50
201,587,7,90,50
202,588,2,90,50
203,591,1,90,50
204,593,6,90,50
205,594,6,90,50
206,595,2,90,50
207,608,11,90,50
208,617,4,90,50
209,618,2,90,50
210,619,2,90,50
211,622,2,90,50
212,623,3,90,50
213,630,1,90,50
214,631,7,90,50
215,650,2,90,50
216,651,2,90,50
217,652,3,90,50
218,655,2,90,50
219,10149,2,90,50
0,3,6,90,51
1,4,3,90,51
2,6,6,90,51
3,9,6,90,51
4,13,3,90,51
5,14,6,90,51
6,15,6,90,51
7,16,3,90,51
8,17,3,90,51
9,18,6,90,51
10,19,2,90,51
11,20,3,90,51
12,24,8,90,51
13,26,3,90,51
14,27,2,90,51
15,36,2,90,51
16,44,2,90,51
17,45,2,90,51
18,47,2,90,51
19,48,2,90,51
20,50,2,90,51
21,52,2,90,51
22,53,2,90,51
23,54,2,90,51
24,58,2,90,51
25,63,2,90,51
26,64,2,90,51
27,70,4,90,51
28,71,5,90,51
29,78,7,90,51
30,79,1,90,51
31,81,1,90,51
32,82,7,90,51
33,83,2,90,51
34,85,1,90,51
35,88,1,90,51
36,89,7,90,51
37,91,2,90,51
38,94,2,90,51
39,98,2,90,51
40,99,4,90,51
41,100,1,90,51
42,104,7,90,51
43,105,4,90,51
44,110,5,90,51
45,117,2,90,51
46,121,2,90,51
47,128,0,90,51
48,135,2,90,51
49,136,2,90,51
50,144,0,90,51
51,145,0,90,51
52,146,2,90,51
53,148,5,90,51
54,152,1,90,51
55,153,6,90,51
56,157,3,90,51
57,159,12,90,51
58,162,6,90,51
59,163,6,90,51
60,168,3,90,51
61,171,6,90,51
62,180,2,90,51
63,182,3,90,51
64,185,6,90,51
65,188,3,90,51
66,189,6,90,51
67,191,2,90,51
68,192,4,90,51
69,194,6,90,51
70,200,6,90,51
71,201,6,90,51
72,204,6,90,51
73,205,6,90,51
74,207,2,90,51
75,210,6,90,51
76,211,6,90,51
77,214,6,90,51
78,217,3,90,51
79,219,6,90,51
80,220,2,90,51
81,222,3,90,51
82,231,6,90,51
83,234,6,90,51
84,235,6,90,51
85,236,6,90,51
86,238,6,90,51
87,239,2,90,51
88,240,2,90,51
89,241,2,90,51
90,245,2,90,51
91,248,2,90,51
92,252,4,90,51
93,255,2,90,51
94,257,3,90,51
95,263,1,90,51
96,264,2,90,51
97,265,2,90,51
98,267,1,90,51
99,274,2,90,51
100,275,1,90,51
101,277,2,90,51
102,278,2,90,51
103,284,1,90,51
104,291,1,90,51
105,293,1,90,51
106,295,1,90,51
107,296,1,90,51
108,300,2,90,51
109,305,7,90,51
110,306,2,90,51
111,309,2,90,51
112,311,6,90,51
113,320,3,90,51
114,324,3,90,51
115,325,6,90,51
116,326,6,90,51
117,327,8,90,51
118,328,9,90,51
119,329,3,90,51
120,335,6,90,51
121,336,3,90,51
122,338,1,90,51
123,339,9,90,51
124,340,6,90,51
125,341,12,90,51
126,345,11,90,51
127,347,9,90,51
128,348,8,90,51
129,350,6,90,51
130,351,6,90,51
131,355,6,90,51
132,357,3,90,51
133,363,6,90,51
134,364,2,90,51
135,368,2,90,51
136,375,9,90,51
137,380,3,90,51
138,382,2,90,51
139,383,2,90,51
140,385,10,90,51
141,386,3,90,51
142,388,8,90,51
143,389,5,90,51
144,391,2,90,51
145,392,2,90,51
146,394,2,90,51
147,395,1,90,51
148,399,4,90,51
149,401,6,90,51
150,403,5,90,51
151,409,1,90,51
152,410,2,90,51
153,413,1,90,51
154,415,1,90,51
155,422,2,90,51
156,431,2,90,51
157,432,7,90,51
158,433,7,90,51
159,436,2,90,51
160,443,2,90,51
161,447,5,90,51
162,449,4,90,51
163,453,4,90,51
164,461,6,90,51
165,467,6,90,51
166,472,6,90,51
167,474,6,90,51
168,476,6,90,51
169,480,8,90,51
170,484,6,90,51
171,486,8,90,51
172,491,6,90,51
173,495,6,90,51
174,496,6,90,51
175,498,12,90,51
176,501,2,90,51
177,503,6,90,51
178,505,9,90,51
179,508,6,90,51
180,512,2,90,51
181,514,3,90,51
182,518,3,90,51
183,520,6,90,51
184,521,6,90,51
185,524,9,90,51
186,527,3,90,51
187,528,6,90,51
188,530,3,90,51
189,533,6,90,51
190,535,3,90,51
191,541,2,90,51
192,542,6,90,51
193,553,3,90,51
194,557,3,90,51
195,559,6,90,51
196,564,9,90,51
197,566,2,90,51
198,567,6,90,51
199,568,1,90,51
200,569,2,90,51
201,571,6,90,51
202,573,2,90,51
203,577,3,90,51
204,585,3,90,51
205,587,3,90,51
206,588,3,90,51
207,593,2,90,51
208,594,2,90,51
209,595,2,90,51
210,596,2,90,51
211,617,6,90,51
212,618,2,90,51
213,619,2,90,51
214,622,2,90,51
215,623,4,90,51
216,628,1,90,51
217,650,6,90,51
218,651,4,90,51
219,652,2,90,51
0,3,2,90,52
1,4,5,90,52
2,6,2,90,52
3,9,15,90,52
4,13,2,90,52
5,14,2,90,52
6,15,2,90,52
7,17,7,90,52
8,18,2,90,52
9,20,2,90,52
10,23,2,90,52
11,24,11,90,52
12,26,1,90,52
13,42,2,90,52
14,44,2,90,52
15,47,2,90,52
16,48,2,90,52
17,49,2,90,52
18,52,2,90,52
19,54,2,90,52
20,57,2,90,52
21,58,3,90,52
22,60,2,90,52
23,63,2,90,52
24,64,2,90,52
25,65,2,90,52
26,78,3,90,52
27,79,0,90,52
28,81,0,90,52
29,82,6,90,52
30,83,2,90,52
31,85,0,90,52
32,88,6,90,52
33,91,6,90,52
34,94,3,90,52
35,98,6,90,52
36,99,19,90,52
37,100,12,90,52
38,104,6,90,52
39,105,6,90,52
40,110,15,90,52
41,117,2,90,52
42,120,2,90,52
43,122,5,90,52
44,126,2,90,52
45,128,8,90,52
46,135,2,90,52
47,136,4,90,52
48,144,2,90,52
49,145,2,90,52
50,146,3,90,52
51,148,5,90,52
52,152,0,90,52
53,157,2,90,52
54,159,0,90,52
55,162,6,90,52
56,168,2,90,52
57,171,3,90,52
58,172,0,90,52
59,174,2,90,52
60,177,2,90,52
61,180,2,90,52
62,185,0,90,52
63,188,2,90,52
64,189,2,90,52
65,191,4,90,52
66,194,7,90,52
67,196,0,90,52
68,200,3,90,52
69,201,0,90,52
70,204,6,90,52
71,205,2,90,52
72,207,6,90,52
73,210,0,90,52
74,211,0,90,52
75,217,5,90,52
76,220,6,90,52
77,222,2,90,52
78,224,2,90,52
79,228,1,90,52
80,230,2,90,52
81,231,1,90,52
82,232,6,90,52
83,233,2,90,52
84,235,1,90,52
85,238,1,90,52
86,239,2,90,52
87,241,1,90,52
88,244,1,90,52
89,247,9,90,52
90,248,1,90,52
91,252,9,90,52
92,255,4,90,52
93,257,1,90,52
94,259,5,90,52
95,263,0,90,52
96,264,7,90,52
97,265,5,90,52
98,267,9,90,52
99,274,5,90,52
100,275,3,90,52
101,277,2,90,52
102,278,7,90,52
103,289,4,90,52
104,291,2,90,52
105,293,1,90,52
106,295,1,90,52
107,296,1,90,52
108,300,2,90,52
109,306,2,90,52
110,307,1,90,52
111,309,2,90,52
112,311,9,90,52
113,313,6,90,52
114,314,6,90,52
115,321,2,90,52
116,323,3,90,52
117,325,9,90,52
118,326,6,90,52
119,327,3,90,52
120,328,5,90,52
121,329,8,90,52
122,336,3,90,52
123,338,6,90,52
124,339,6,90,52
125,340,7,90,52
126,341,1,90,52
127,342,2,90,52
128,345,2,90,52
129,347,1,90,52
130,348,2,90,52
131,350,1,90,52
132,351,5,90,52
133,354,2,90,52
134,365,6,90,52
135,366,11,90,52
136,368,3,90,52
137,369,6,90,52
138,371,6,90,52
139,372,8,90,52
140,380,6,90,52
141,383,6,90,52
142,388,2,90,52
143,389,9,90,52
144,391,8,90,52
145,392,3,90,52
146,394,8,90,52
147,395,12,90,52
148,398,4,90,52
149,399,12,90,52
150,401,2,90,52
151,413,6,90,52
152,415,6,90,52
153,420,3,90,52
154,422,1,90,52
155,423,2,90,52
156,431,2,90,52
157,432,2,90,52
158,433,2,90,52
159,436,3,90,52
160,443,1,90,52
161,447,2,90,52
162,449,2,90,52
163,453,5,90,52
164,455,0,90,52
165,461,0,90,52
166,467,0,90,52
167,470,2,90,52
168,475,0,90,52
169,476,0,90,52
170,480,3,90,52
171,482,2,90,52
172,486,1,90,52
173,491,5,90,52
174,492,5,90,52
175,495,9,90,52
176,499,5,90,52
177,503,12,90,52
178,505,4,90,52
179,508,1,90,52
180,512,6,90,52
181,514,2,90,52
182,518,2,90,52
183,520,4,90,52
184,521,1,90,52
185,524,9,90,52
186,527,8,90,52
187,530,2,90,52
188,533,6,90,52
189,541,2,90,52
190,544,9,90,52
191,550,21,90,52
192,553,3,90,52
193,557,9,90,52
194,559,6,90,52
195,560,6,90,52
196,564,6,90,52
197,565,6,90,52
198,566,6,90,52
199,568,0,90,52
200,570,2,90,52
201,573,1,90,52
202,576,2,90,52
203,585,2,90,52
204,588,2,90,52
205,590,2,90,52
206,593,6,90,52
207,598,2,90,52
208,611,2,90,52
209,617,2,90,52
210,622,12,90,52
211,623,2,90,52
212,625,2,90,52
213,628,8,90,52
214,630,0,90,52
215,650,0,90,52
216,651,2,90,52
217,652,3,90,52
218,654,2,90,52
219,10001,1,90,52
0,3,0,90,53
1,4,2,90,53
2,6,0,90,53
3,9,2,90,53
4,13,2,90,53
5,14,0,90,53
6,15,0,90,53
7,16,2,90,53
8,17,2,90,53
9,18,0,90,53
10,19,2,90,53
11,23,2,90,53
12,24,2,90,53
13,26,1,90,53
14,27,6,90,53
15,36,2,90,53
16,42,2,90,53
17,44,2,90,53
18,47,2,90,53
19,48,2,90,53
20,52,2,90,53
21,53,2,90,53
22,57,5,90,53
23,58,2,90,53
24,64,2,90,53
25,70,1,90,53
26,76,7,90,53
27,78,2,90,53
28,79,1,90,53
29,81,3,90,53
30,82,6,90,53
31,83,5,90,53
32,85,1,90,53
33,88,2,90,53
34,89,2,90,53
35,91,2,90,53
36,94,2,90,53
37,95,5,90,53
38,98,5,90,53
39,101,2,90,53
40,104,3,90,53
41,105,5,90,53
42,106,12,90,53
43,113,3,90,53
44,115,3,90,53
45,122,6,90,53
46,126,3,90,53
47,128,6,90,53
48,145,6,90,53
49,146,6,90,53
50,148,2,90,53
51,152,1,90,53
52,157,8,90,53
53,159,2,90,53
54,162,6,90,53
55,163,6,90,53
56,168,3,90,53
57,172,15,90,53
58,174,3,90,53
59,180,9,90,53
60,182,7,90,53
61,185,6,90,53
62,188,2,90,53
63,189,9,90,53
64,191,7,90,53
65,194,1,90,53
66,200,1,90,53
67,201,1,90,53
68,204,1,90,53
69,205,2,90,53
70,207,9,90,53
71,210,1,90,53
72,211,4,90,53
73,214,2,90,53
74,217,2,90,53
75,218,2,90,53
76,219,8,90,53
77,220,5,90,53
78,222,2,90,53
79,224,5,90,53
80,231,2,90,53
81,233,4,90,53
82,235,2,90,53
83,236,2,90,53
84,238,2,90,53
85,241,1,90,53
86,247,2,90,53
87,248,1,90,53
88,251,2,90,53
89,252,6,90,53
90,255,1,90,53
91,257,1,90,53
92,259,8,90,53
93,262,5,90,53
94,263,1,90,53
95,264,2,90,53
96,267,1,90,53
97,272,6,90,53
98,274,2,90,53
99,275,1,90,53
100,278,2,90,53
101,284,1,90,53
102,291,1,90,53
103,293,1,90,53
104,298,7,90,53
105,300,2,90,53
106,301,1,90,53
107,302,1,90,53
108,305,1,90,53
109,306,2,90,53
110,307,1,90,53
111,309,2,90,53
112,311,9,90,53
113,316,2,90,53
114,323,3,90,53
115,324,3,90,53
116,325,6,90,53
117,326,6,90,53
118,327,4,90,53
119,328,8,90,53
120,335,6,90,53
121,337,6,90,53
122,338,2,90,53
123,339,6,90,53
124,340,6,90,53
125,341,6,90,53
126,342,5,90,53
127,346,3,90,53
128,347,6,90,53
129,348,3,90,53
130,350,6,90,53
131,351,3,90,53
132,354,3,90,53
133,355,6,90,53
134,363,6,90,53
135,366,8,90,53
136,369,9,90,53
137,370,4,90,53
138,372,2,90,53
139,380,2,90,53
140,382,2,90,53
141,383,2,90,53
142,385,7,90,53
143,388,1,90,53
144,392,3,90,53
145,394,3,90,53
146,395,6,90,53
147,398,4,90,53
148,401,12,90,53
149,403,3,90,53
150,409,6,90,53
151,410,3,90,53
152,413,6,90,53
153,415,12,90,53
154,420,9,90,53
155,422,1,90,53
156,425,1,90,53
157,433,2,90,53
158,434,2,90,53
159,436,1,90,53
160,437,1,90,53
161,443,1,90,53
162,447,2,90,53
163,449,2,90,53
164,453,2,90,53
165,455,3,90,53
166,461,0,90,53
167,467,0,90,53
168,472,0,90,53
169,476,3,90,53
170,486,2,90,53
171,489,5,90,53
172,491,5,90,53
173,492,2,90,53
174,494,5,90,53
175,495,5,90,53
176,498,8,90,53
177,503,9,90,53
178,505,3,90,53
179,508,2,90,53
180,512,2,90,53
181,514,8,90,53
182,518,2,90,53
183,520,1,90,53
184,521,1,90,53
185,524,1,90,53
186,527,4,90,53
187,530,2,90,53
188,535,2,90,53
189,541,6,90,53
190,542,7,90,53
191,548,8,90,53
192,553,4,90,53
193,557,5,90,53
194,559,1,90,53
195,560,11,90,53
196,563,2,90,53
197,566,17,90,53
198,567,2,90,53
199,568,1,90,53
200,570,2,90,53
201,573,4,90,53
202,585,7,90,53
203,587,5,90,53
204,588,2,90,53
205,592,1,90,53
206,593,2,90,53
207,594,5,90,53
208,598,2,90,53
209,600,3,90,53
210,608,7,90,53
211,617,2,90,53
212,618,3,90,53
213,622,4,90,53
214,628,9,90,53
215,630,1,90,53
216,650,1,90,53
217,651,7,90,53
218,652,2,90,53
219,654,2,90,53
0,2,2,90,54
1,3,2,90,54
2,4,2,90,54
3,6,2,90,54
4,10,2,90,54
5,13,2,90,54
6,14,2,90,54
7,15,2,90,54
8,17,2,90,54
9,18,2,90,54
10,19,5,90,54
11,20,2,90,54
12,23,2,90,54
13,24,2,90,54
14,26,1,90,54
15,35,1,90,54
16,36,1,90,54
17,45,1,90,54
18,47,1,90,54
19,48,2,90,54
20,52,1,90,54
21,53,2,90,54
22,54,2,90,54
23,57,2,90,54
24,58,2,90,54
25,59,1,90,54
26,62,2,90,54
27,63,2,90,54
28,64,2,90,54
29,70,4,90,54
30,78,2,90,54
31,79,1,90,54
32,82,4,90,54
33,83,2,90,54
34,85,2,90,54
35,88,6,90,54
36,91,6,90,54
37,94,3,90,54
38,95,6,90,54
39,98,5,90,54
40,99,13,90,54
41,101,6,90,54
42,104,12,90,54
43,105,6,90,54
44,110,2,90,54
45,117,2,90,54
46,122,6,90,54
47,126,3,90,54
48,128,6,90,54
49,136,5,90,54
50,144,6,90,54
51,145,9,90,54
52,146,6,90,54
53,148,2,90,54
54,149,3,90,54
55,152,1,90,54
56,157,3,90,54
57,159,6,90,54
58,162,6,90,54
59,168,6,90,54
60,171,6,90,54
61,174,3,90,54
62,177,3,90,54
63,180,3,90,54
64,182,5,90,54
65,185,6,90,54
66,191,1,90,54
67,193,6,90,54
68,196,6,90,54
69,200,6,90,54
70,201,6,90,54
71,204,6,90,54
72,205,3,90,54
73,207,6,90,54
74,214,4,90,54
75,215,12,90,54
76,217,3,90,54
77,219,6,90,54
78,220,2,90,54
79,230,3,90,54
80,231,6,90,54
81,233,2,90,54
82,234,6,90,54
83,235,6,90,54
84,236,6,90,54
85,238,7,90,54
86,239,2,90,54
87,240,2,90,54
88,241,1,90,54
89,247,2,90,54
90,248,1,90,54
91,252,2,90,54
92,255,1,90,54
93,263,1,90,54
94,264,2,90,54
95,265,2,90,54
96,267,4,90,54
97,268,6,90,54
98,274,2,90,54
99,278,2,90,54
100,284,1,90,54
101,291,1,90,54
102,293,1,90,54
103,295,1,90,54
104,296,1,90,54
105,298,2,90,54
106,302,1,90,54
107,306,2,90,54
108,309,2,90,54
109,311,9,90,54
110,313,8,90,54
111,320,3,90,54
112,323,8,90,54
113,324,8,90,54
114,325,9,90,54
115,326,6,90,54
116,327,8,90,54
117,328,4,90,54
118,336,6,90,54
119,338,6,90,54
120,339,6,90,54
121,340,6,90,54
122,342,3,90,54
123,345,4,90,54
124,347,6,90,54
125,348,3,90,54
126,350,6,90,54
127,351,2,90,54
128,354,3,90,54
129,355,6,90,54
130,366,3,90,54
131,368,3,90,54
132,369,6,90,54
133,370,9,90,54
134,375,5,90,54
135,382,6,90,54
136,383,8,90,54
137,386,6,90,54
138,388,6,90,54
139,389,6,90,54
140,392,8,90,54
141,394,3,90,54
142,398,9,90,54
143,399,9,90,54
144,401,7,90,54
145,403,3,90,54
146,405,6,90,54
147,409,8,90,54
148,413,6,90,54
149,415,6,90,54
150,417,3,90,54
151,422,1,90,54
152,423,2,90,54
153,431,2,90,54
154,433,2,90,54
155,436,1,90,54
156,443,1,90,54
157,447,2,90,54
158,449,2,90,54
159,452,2,90,54
160,455,2,90,54
161,461,2,90,54
162,467,2,90,54
163,472,2,90,54
164,475,2,90,54
165,476,2,90,54
166,480,2,90,54
167,486,8,90,54
168,491,3,90,54
169,492,10,90,54
170,494,2,90,54
171,495,2,90,54
172,498,2,90,54
173,499,2,90,54
174,505,5,90,54
175,508,2,90,54
176,514,3,90,54
177,518,2,90,54
178,520,6,90,54
179,521,8,90,54
180,524,6,90,54
181,527,3,90,54
182,528,6,90,54
183,530,3,90,54
184,531,2,90,54
185,533,6,90,54
186,542,6,90,54
187,544,8,90,54
188,553,4,90,54
189,557,3,90,54
190,559,6,90,54
191,564,6,90,54
192,565,5,90,54
193,566,5,90,54
194,567,6,90,54
195,568,1,90,54
196,570,2,90,54
197,573,1,90,54
198,577,3,90,54
199,585,10,90,54
200,587,3,90,54
201,588,3,90,54
202,593,6,90,54
203,594,9,90,54
204,595,3,90,54
205,600,3,90,54
206,608,2,90,54
207,617,2,90,54
208,621,8,90,54
209,622,2,90,54
210,623,5,90,54
211,625,3,90,54
212,630,1,90,54
213,631,2,90,54
214,635,2,90,54
215,650,6,90,54
216,651,3,90,54
217,652,3,90,54
218,654,6,90,54
219,672,6,90,54
0,2,2,90,55
1,3,2,90,55
2,4,5,90,55
3,6,2,90,55
4,9,2,90,55
5,13,7,90,55
6,14,1,90,55
7,15,2,90,55
8,17,4,90,55
9,18,2,90,55
10,19,2,90,55
11,24,2,90,55
12,25,2,90,55
13,26,1,90,55
14,27,2,90,55
15,28,2,90,55
16,35,2,90,55
17,36,2,90,55
18,42,2,90,55
19,44,2,90,55
20,47,2,90,55
21,52,2,90,55
22,53,2,90,55
23,54,2,90,55
24,57,2,90,55
25,63,2,90,55
26,65,2,90,55
27,70,2,90,55
28,71,2,90,55
29,78,2,90,55
30,79,5,90,55
31,81,2,90,55
32,82,2,90,55
33,83,2,90,55
34,85,2,90,55
35,88,6,90,55
36,89,3,90,55
37,91,8,90,55
38,95,3,90,55
39,98,3,90,55
40,99,7,90,55
41,101,3,90,55
42,104,6,90,55
43,105,6,90,55
44,110,6,90,55
45,117,2,90,55
46,126,2,90,55
47,128,2,90,55
48,129,6,90,55
49,136,2,90,55
50,144,2,90,55
51,146,2,90,55
52,148,2,90,55
53,149,2,90,55
54,152,2,90,55
55,157,2,90,55
56,159,1,90,55
57,162,2,90,55
58,171,2,90,55
59,174,2,90,55
60,177,6,90,55
61,180,2,90,55
62,181,2,90,55
63,182,2,90,55
64,185,2,90,55
65,189,5,90,55
66,191,1,90,55
67,196,1,90,55
68,198,13,90,55
69,200,2,90,55
70,201,1,90,55
71,204,6,90,55
72,205,7,90,55
73,207,2,90,55
74,211,4,90,55
75,214,2,90,55
76,215,1,90,55
77,218,5,90,55
78,219,1,90,55
79,220,9,90,55
80,222,2,90,55
81,224,3,90,55
82,231,1,90,55
83,232,2,90,55
84,233,2,90,55
85,235,1,90,55
86,238,1,90,55
87,240,4,90,55
88,241,1,90,55
89,247,8,90,55
90,248,1,90,55
91,252,2,90,55
92,255,1,90,55
93,257,7,90,55
94,259,7,90,55
95,267,1,90,55
96,268,6,90,55
97,272,5,90,55
98,274,2,90,55
99,275,1,90,55
100,277,2,90,55
101,278,2,90,55
102,291,1,90,55
103,293,1,90,55
104,296,1,90,55
105,301,1,90,55
106,306,2,90,55
107,307,1,90,55
108,309,5,90,55
109,311,6,90,55
110,313,6,90,55
111,321,4,90,55
112,325,6,90,55
113,326,6,90,55
114,327,7,90,55
115,328,8,90,55
116,329,6,90,55
117,335,6,90,55
118,337,6,90,55
119,338,6,90,55
120,339,6,90,55
121,340,2,90,55
122,342,2,90,55
123,345,2,90,55
124,347,2,90,55
125,348,2,90,55
126,350,9,90,55
127,351,7,90,55
128,354,2,90,55
129,355,2,90,55
130,356,2,90,55
131,366,7,90,55
132,368,2,90,55
133,369,4,90,55
134,372,2,90,55
135,380,7,90,55
136,382,2,90,55
137,383,1,90,55
138,385,5,90,55
139,388,4,90,55
140,391,7,90,55
141,394,2,90,55
142,395,3,90,55
143,398,2,90,55
144,399,8,90,55
145,401,6,90,55
146,402,5,90,55
147,403,5,90,55
148,409,2,90,55
149,413,4,90,55
150,415,2,90,55
151,422,4,90,55
152,432,2,90,55
153,433,2,90,55
154,434,7,90,55
155,436,1,90,55
156,443,1,90,55
157,447,2,90,55
158,449,2,90,55
159,452,2,90,55
160,455,1,90,55
161,456,1,90,55
162,461,1,90,55
163,474,1,90,55
164,476,1,90,55
165,480,2,90,55
166,484,7,90,55
167,486,1,90,55
168,491,8,90,55
169,492,5,90,55
170,495,1,90,55
171,498,1,90,55
172,501,2,90,55
173,503,3,90,55
174,505,9,90,55
175,508,1,90,55
176,512,2,90,55
177,514,5,90,55
178,515,2,90,55
179,518,2,90,55
180,521,1,90,55
181,524,1,90,55
182,528,1,90,55
183,530,14,90,55
184,531,2,90,55
185,533,6,90,55
186,541,6,90,55
187,542,6,90,55
188,543,9,90,55
189,559,8,90,55
190,560,7,90,55
191,563,3,90,55
192,564,7,90,55
193,565,11,90,55
194,566,5,90,55
195,567,6,90,55
196,568,1,90,55
197,570,5,90,55
198,573,4,90,55
199,577,7,90,55
200,583,4,90,55
201,585,10,90,55
202,587,2,90,55
203,588,2,90,55
204,591,1,90,55
205,593,3,90,55
206,594,2,90,55
207,595,5,90,55
208,617,2,90,55
209,618,5,90,55
210,619,2,90,55
211,622,2,90,55
212,623,2,90,55
213,625,2,90,55
214,628,2,90,55
215,630,7,90,55
216,650,1,90,55
217,651,2,90,55
218,652,2,90,55
219,654,2,90,55
0,3,3,90,56
1,10,2,90,56
2,12,2,90,56
3,13,2,90,56
4,14,2,90,56
5,15,1,90,56
6,16,2,90,56
7,17,8,90,56
8,18,1,90,56
9,19,2,90,56
10,20,5,90,56
11,23,2,90,56
12,24,4,90,56
13,25,7,90,56
14,26,1,90,56
15,27,2,90,56
16,35,2,90,56
17,36,2,90,56
18,44,2,90,56
19,47,2,90,56
20,48,5,90,56
21,52,2,90,56
22,54,6,90,56
23,57,2,90,56
24,58,6,90,56
25,63,2,90,56
26,64,2,90,56
27,65,2,90,56
28,70,1,90,56
29,71,3,90,56
30,78,2,90,56
31,79,1,90,56
32,81,1,90,56
33,82,2,90,56
34,85,1,90,56
35,88,9,90,56
36,89,3,90,56
37,91,8,90,56
38,94,8,90,56
39,99,11,90,56
40,100,6,90,56
41,101,3,90,56
42,104,6,90,56
43,105,6,90,56
44,110,5,90,56
45,115,2,90,56
46,117,2,90,56
47,122,1,90,56
48,126,2,90,56
49,128,1,90,56
50,136,2,90,56
51,144,1,90,56
52,146,1,90,56
53,148,2,90,56
54,152,1,90,56
55,157,2,90,56
56,159,4,90,56
57,161,2,90,56
58,162,1,90,56
59,163,1,90,56
60,168,5,90,56
61,171,1,90,56
62,180,6,90,56
63,182,7,90,56
64,184,7,90,56
65,185,1,90,56
66,191,1,90,56
67,193,2,90,56
68,200,1,90,56
69,201,1,90,56
70,204,6,90,56
71,205,15,90,56
72,207,2,90,56
73,211,1,90,56
74,214,2,90,56
75,219,2,90,56
76,220,2,90,56
77,222,2,90,56
78,224,2,90,56
79,231,2,90,56
80,232,2,90,56
81,233,2,90,56
82,235,2,90,56
83,236,2,90,56
84,238,2,90,56
85,240,2,90,56
86,241,1,90,56
87,247,5,90,56
88,248,1,90,56
89,255,8,90,56
90,257,10,90,56
91,259,2,90,56
92,263,1,90,56
93,265,2,90,56
94,266,1,90,56
95,267,1,90,56
96,268,4,90,56
97,272,3,90,56
98,274,2,90,56
99,275,1,90,56
100,278,2,90,56
101,285,2,90,56
102,291,2,90,56
103,293,2,90,56
104,295,2,90,56
105,296,3,90,56
106,300,2,90,56
107,306,2,90,56
108,307,2,90,56
109,309,4,90,56
110,311,1,90,56
111,316,2,90,56
112,323,2,90,56
113,324,2,90,56
114,325,1,90,56
115,326,3,90,56
116,327,2,90,56
117,328,10,90,56
118,331,2,90,56
119,336,5,90,56
120,338,6,90,56
121,339,1,90,56
122,340,6,90,56
123,342,3,90,56
124,345,9,90,56
125,346,6,90,56
126,347,6,90,56
127,348,5,90,56
128,350,6,90,56
129,351,10,90,56
130,354,9,90,56
131,355,6,90,56
132,363,6,90,56
133,364,8,90,56
134,366,6,90,56
135,368,3,90,56
136,369,6,90,56
137,372,3,90,56
138,380,6,90,56
139,383,6,90,56
140,385,3,90,56
141,391,8,90,56
142,392,8,90,56
143,394,4,90,56
144,399,12,90,56
145,401,8,90,56
146,402,3,90,56
147,403,3,90,56
148,409,9,90,56
149,410,3,90,56
150,413,6,90,56
151,415,6,90,56
152,422,1,90,56
153,425,1,90,56
154,432,2,90,56
155,433,2,90,56
156,434,2,90,56
157,436,1,90,56
158,443,1,90,56
159,447,2,90,56
160,449,2,90,56
161,453,4,90,56
162,455,2,90,56
163,457,2,90,56
164,461,2,90,56
165,470,2,90,56
166,472,2,90,56
167,474,2,90,56
168,476,2,90,56
169,480,3,90,56
170,484,6,90,56
171,486,12,90,56
172,491,6,90,56
173,492,8,90,56
174,494,3,90,56
175,495,6,90,56
176,498,6,90,56
177,499,6,90,56
178,508,6,90,56
179,512,5,90,56
180,514,8,90,56
181,517,6,90,56
182,520,6,90,56
183,521,6,90,56
184,527,5,90,56
185,528,9,90,56
186,530,3,90,56
187,533,6,90,56
188,541,2,90,56
189,543,6,90,56
190,544,6,90,56
191,548,8,90,56
192,553,3,90,56
193,557,3,90,56
194,559,6,90,56
195,560,5,90,56
196,564,6,90,56
197,568,1,90,56
198,569,7,90,56
199,570,2,90,56
200,573,1,90,56
201,577,2,90,56
202,585,13,90,56
203,587,4,90,56
204,588,3,90,56
205,591,6,90,56
206,593,9,90,56
207,594,6,90,56
208,600,2,90,56
209,608,2,90,56
210,611,5,90,56
211,617,2,90,56
212,618,2,90,56
213,622,2,90,56
214,628,4,90,56
215,644,4,90,56
216,650,1,90,56
217,651,2,90,56
218,652,3,90,56
219,655,7,90,56
0,3,2,90,57
1,4,2,90,57
2,6,2,90,57
3,9,2,90,57
4,13,2,90,57
5,14,1,90,57
6,15,3,90,57
7,17,2,90,57
8,18,2,90,57
9,19,2,90,57
10,20,2,90,57
11,23,2,90,57
12,24,2,90,57
13,26,4,90,57
14,35,1,90,57
15,36,1,90,57
16,44,1,90,57
17,47,1,90,57
18,48,2,90,57
19,52,1,90,57
20,53,2,90,57
21,54,2,90,57
22,57,2,90,57
23,58,2,90,57
24,60,2,90,57
25,63,2,90,57
26,65,6,90,57
27,70,1,90,57
28,78,2,90,57
29,79,1,90,57
30,81,1,90,57
31,82,5,90,57
32,83,2,90,57
33,85,1,90,57
34,88,4,90,57
35,89,2,90,57
36,91,2,90,57
37,94,2,90,57
38,99,2,90,57
39,100,2,90,57
40,101,7,90,57
41,104,2,90,57
42,110,9,90,57
43,115,2,90,57
44,117,7,90,57
45,122,1,90,57
46,123,2,90,57
47,128,1,90,57
48,129,6,90,57
49,144,1,90,57
50,145,1,90,57
51,146,1,90,57
52,148,8,90,57
53,152,1,90,57
54,157,3,90,57
55,159,2,90,57
56,162,9,90,57
57,168,8,90,57
58,174,3,90,57
59,177,5,90,57
60,180,2,90,57
61,181,6,90,57
62,182,3,90,57
63,185,6,90,57
64,191,1,90,57
65,196,2,90,57
66,200,2,90,57
67,201,2,90,57
68,204,2,90,57
69,205,3,90,57
70,207,12,90,57
71,210,5,90,57
72,211,2,90,57
73,214,7,90,57
74,217,2,90,57
75,219,1,90,57
76,222,2,90,57
77,230,2,90,57
78,231,2,90,57
79,234,1,90,57
80,235,1,90,57
81,236,1,90,57
82,238,3,90,57
83,240,7,90,57
84,241,1,90,57
85,247,2,90,57
86,248,1,90,57
87,252,2,90,57
88,255,1,90,57
89,257,1,90,57
90,259,7,90,57
91,263,6,90,57
92,264,3,90,57
93,265,8,90,57
94,267,6,90,57
95,268,6,90,57
96,275,9,90,57
97,278,3,90,57
98,285,2,90,57
99,291,2,90,57
100,293,2,90,57
101,295,5,90,57
102,296,2,90,57
103,298,2,90,57
104,300,2,90,57
105,309,7,90,57
106,311,6,90,57
107,313,6,90,57
108,314,3,90,57
109,321,5,90,57
110,323,3,90,57
111,324,5,90,57
112,325,6,90,57
113,327,11,90,57
114,328,8,90,57
115,329,4,90,57
116,335,6,90,57
117,338,2,90,57
118,339,6,90,57
119,340,1,90,57
120,341,1,90,57
121,346,2,90,57
122,347,1,90,57
123,348,16,90,57
124,350,1,90,57
125,351,6,90,57
126,354,2,90,57
127,363,1,90,57
128,366,5,90,57
129,368,2,90,57
130,369,1,90,57
131,370,2,90,57
132,372,3,90,57
133,375,6,90,57
134,380,1,90,57
135,382,5,90,57
136,383,1,90,57
137,385,2,90,57
138,386,3,90,57
139,388,6,90,57
140,391,7,90,57
141,392,7,90,57
142,394,2,90,57
143,395,2,90,57
144,398,7,90,57
145,401,6,90,57
146,403,2,90,57
147,413,2,90,57
148,415,2,90,57
149,417,2,90,57
150,425,1,90,57
151,432,2,90,57
152,433,4,90,57
153,436,1,90,57
154,437,1,90,57
155,443,4,90,57
156,447,2,90,57
157,449,2,90,57
158,453,2,90,57
159,455,1,90,57
160,461,4,90,57
161,472,1,90,57
162,474,1,90,57
163,476,1,90,57
164,480,2,90,57
165,489,2,90,57
166,491,3,90,57
167,492,2,90,57
168,494,2,90,57
169,498,1,90,57
170,499,2,90,57
171,501,5,90,57
172,503,4,90,57
173,505,1,90,57
174,508,1,90,57
175,512,6,90,57
176,514,6,90,57
177,518,2,90,57
178,520,6,90,57
179,521,6,90,57
180,524,6,90,57
181,527,11,90,57
182,530,3,90,57
183,531,2,90,57
184,533,8,90,57
185,541,8,90,57
186,542,2,90,57
187,553,7,90,57
188,557,2,90,57
189,559,2,90,57
190,560,3,90,57
191,564,2,90,57
192,565,11,90,57
193,566,5,90,57
194,567,3,90,57
195,568,6,90,57
196,569,2,90,57
197,570,2,90,57
198,571,5,90,57
199,573,7,90,57
200,577,2,90,57
201,584,7,90,57
202,585,7,90,57
203,587,8,90,57
204,588,3,90,57
205,590,2,90,57
206,593,3,90,57
207,608,2,90,57
208,617,5,90,57
209,618,9,90,57
210,619,3,90,57
211,622,2,90,57
212,623,2,90,57
213,625,2,90,57
214,628,1,90,57
215,630,6,90,57
216,631,6,90,57
217,650,2,90,57
218,651,2,90,57
219,654,3,90,57
0,3,0,90,58
1,4,5,90,58
2,6,0,90,58
3,9,5,90,58
4,10,2,90,58
5,12,2,90,58
6,13,7,90,58
7,14,1,90,58
8,15,0,90,58
9,16,2,90,58
10,17,3,90,58
11,18,0,90,58
12,24,0,90,58
13,26,4,90,58
14,27,6,90,58
15,35,1,90,58
16,36,1,90,58
17,44,1,90,58
18,47,1,90,58
19,48,2,90,58
20,49,1,90,58
21,52,1,90,58
22,53,2,90,58
23,54,2,90,58
24,57,2,90,58
25,58,5,90,58
26,63,3,90,58
27,64,3,90,58
28,70,6,90,58
29,71,3,90,58
30,78,3,90,58
31,79,6,90,58
32,82,12,90,58
33,83,3,90,58
34,85,6,90,58
35,88,6,90,58
36,89,3,90,58
37,91,6,90,58
38,94,3,90,58
39,95,3,90,58
40,98,3,90,58
41,99,3,90,58
42,101,3,90,58
43,104,7,90,58
44,106,3,90,58
45,110,4,90,58
46,115,2,90,58
47,117,3,90,58
48,120,0,90,58
49,126,2,90,58
50,136,2,90,58
51,144,0,90,58
52,145,0,90,58
53,146,0,90,58
54,148,2,90,58
55,152,6,90,58
56,157,2,90,58
57,159,4,90,58
58,162,5,90,58
59,168,5,90,58
60,172,8,90,58
61,177,7,90,58
62,180,9,90,58
63,181,7,90,58
64,182,7,90,58
65,185,4,90,58
66,189,2,90,58
67,191,1,90,58
68,196,5,90,58
69,200,1,90,58
70,201,1,90,58
71,204,0,90,58
72,205,2,90,58
73,207,2,90,58
74,210,1,90,58
75,211,1,90,58
76,214,2,90,58
77,217,3,90,58
78,218,2,90,58
79,219,6,90,58
80,222,3,90,58
81,224,3,90,58
82,231,6,90,58
83,235,6,90,58
84,236,6,90,58
85,238,6,90,58
86,239,7,90,58
87,241,1,90,58
88,247,2,90,58
89,248,1,90,58
90,252,6,90,58
91,255,4,90,58
92,257,1,90,58
93,259,2,90,58
94,264,2,90,58
95,265,2,90,58
96,267,3,90,58
97,272,6,90,58
98,274,2,90,58
99,278,2,90,58
100,291,1,90,58
101,293,1,90,58
102,295,4,90,58
103,296,7,90,58
104,298,2,90,58
105,300,2,90,58
106,302,3,90,58
107,309,2,90,58
108,311,11,90,58
109,313,6,90,58
110,321,5,90,58
111,323,8,90,58
112,324,3,90,58
113,325,6,90,58
114,326,6,90,58
115,327,3,90,58
116,328,8,90,58
117,335,7,90,58
118,339,6,90,58
119,340,6,90,58
120,341,6,90,58
121,342,3,90,58
122,346,9,90,58
123,347,7,90,58
124,348,3,90,58
125,350,6,90,58
126,351,20,90,58
127,363,6,90,58
128,366,2,90,58
129,368,2,90,58
130,369,2,90,58
131,375,10,90,58
132,376,2,90,58
133,380,2,90,58
134,382,10,90,58
135,383,2,90,58
136,388,6,90,58
137,392,5,90,58
138,394,7,90,58
139,395,1,90,58
140,398,5,90,58
141,399,1,90,58
142,401,10,90,58
143,403,3,90,58
144,409,1,90,58
145,413,1,90,58
146,415,1,90,58
147,420,2,90,58
148,422,1,90,58
149,424,2,90,58
150,432,2,90,58
151,433,7,90,58
152,434,2,90,58
153,436,13,90,58
154,443,1,90,58
155,447,6,90,58
156,449,2,90,58
157,452,10,90,58
158,453,12,90,58
159,455,1,90,58
160,461,1,90,58
161,470,2,90,58
162,476,2,90,58
163,484,7,90,58
164,486,7,90,58
165,489,2,90,58
166,491,13,90,58
167,492,4,90,58
168,495,1,90,58
169,499,2,90,58
170,501,2,90,58
171,503,13,90,58
172,505,1,90,58
173,508,2,90,58
174,512,2,90,58
175,514,3,90,58
176,518,9,90,58
177,520,6,90,58
178,521,8,90,58
179,524,6,90,58
180,528,6,90,58
181,541,2,90,58
182,542,0,90,58
183,544,5,90,58
184,553,2,90,58
185,557,2,90,58
186,559,0,90,58
187,564,6,90,58
188,566,6,90,58
189,567,0,90,58
190,568,0,90,58
191,571,3,90,58
192,573,3,90,58
193,576,3,90,58
194,577,4,90,58
195,583,0,90,58
196,585,19,90,58
197,587,6,90,58
198,588,3,90,58
199,591,6,90,58
200,592,9,90,58
201,593,2,90,58
202,594,8,90,58
203,600,2,90,58
204,608,7,90,58
205,617,2,90,58
206,618,2,90,58
207,619,2,90,58
208,621,2,90,58
209,622,2,90,58
210,623,2,90,58
211,625,6,90,58
212,628,0,90,58
213,630,3,90,58
214,631,7,90,58
215,635,2,90,58
216,650,1,90,58
217,651,3,90,58
218,652,2,90,58
219,655,2,90,58
0,2,2,90,59
1,3,1,90,59
2,6,0,90,59
3,9,7,90,59
4,10,2,90,59
5,13,4,90,59
6,14,1,90,59
7,15,0,90,59
8,16,2,90,59
9,17,2,90,59
10,18,0,90,59
11,20,2,90,59
12,23,5,90,59
13,26,1,90,59
14,35,2,90,59
15,36,2,90,59
16,44,7,90,59
17,45,2,90,59
18,47,2,90,59
19,52,2,90,59
20,53,7,90,59
21,54,10,90,59
22,57,5,90,59
23,58,6,90,59
24,63,3,90,59
25,64,5,90,59
26,65,7,90,59
27,70,6,90,59
28,78,3,90,59
29,79,12,90,59
30,81,9,90,59
31,82,9,90,59
32,83,12,90,59
33,85,6,90,59
34,88,1,90,59
35,89,2,90,59
36,91,1,90,59
37,94,2,90,59
38,95,2,90,59
39,98,2,90,59
40,101,2,90,59
41,104,1,90,59
42,105,1,90,59
43,113,2,90,59
44,115,2,90,59
45,117,2,90,59
46,122,1,90,59
47,126,2,90,59
48,128,4,90,59
49,131,1,90,59
50,144,1,90,59
51,145,1,90,59
52,146,1,90,59
53,148,2,90,59
54,152,6,90,59
55,157,2,90,59
56,159,6,90,59
57,162,2,90,59
58,172,5,90,59
59,174,2,90,59
60,177,7,90,59
61,180,5,90,59
62,181,2,90,59
63,182,12,90,59
64,185,2,90,59
65,189,8,90,59
66,191,2,90,59
67,192,2,90,59
68,194,8,90,59
69,200,6,90,59
70,201,6,90,59
71,204,6,90,59
72,205,3,90,59
73,207,9,90,59
74,210,6,90,59
75,211,6,90,59
76,214,4,90,59
77,217,2,90,59
78,219,2,90,59
79,220,2,90,59
80,224,2,90,59
81,230,2,90,59
82,231,2,90,59
83,233,2,90,59
84,235,4,90,59
85,236,2,90,59
86,238,2,90,59
87,240,2,90,59
88,241,2,90,59
89,243,2,90,59
90,245,2,90,59
91,248,2,90,59
92,252,2,90,59
93,255,2,90,59
94,257,2,90,59
95,263,0,90,59
96,264,2,90,59
97,265,2,90,59
98,267,0,90,59
99,274,2,90,59
100,275,0,90,59
101,278,2,90,59
102,291,1,90,59
103,293,1,90,59
104,296,1,90,59
105,298,2,90,59
106,300,2,90,59
107,306,3,90,59
108,307,1,90,59
109,309,2,90,59
110,311,1,90,59
111,314,2,90,59
112,316,7,90,59
113,323,2,90,59
114,324,2,90,59
115,325,1,90,59
116,326,1,90,59
117,327,5,90,59
118,329,2,90,59
119,335,1,90,59
120,337,1,90,59
121,338,1,90,59
122,339,4,90,59
123,340,6,90,59
124,341,6,90,59
125,346,6,90,59
126,347,6,90,59
127,348,7,90,59
128,350,6,90,59
129,351,10,90,59
130,354,5,90,59
131,355,6,90,59
132,363,6,90,59
133,365,3,90,59
134,368,6,90,59
135,369,6,90,59
136,372,6,90,59
137,380,9,90,59
138,382,3,90,59
139,383,6,90,59
140,388,6,90,59
141,389,10,90,59
142,392,10,90,59
143,394,2,90,59
144,395,0,90,59
145,398,7,90,59
146,399,6,90,59
147,401,5,90,59
148,404,0,90,59
149,409,0,90,59
150,410,5,90,59
151,413,1,90,59
152,415,2,90,59
153,422,4,90,59
154,424,9,90,59
155,432,2,90,59
156,433,7,90,59
157,436,4,90,59
158,443,1,90,59
159,447,10,90,59
160,449,2,90,59
161,452,2,90,59
162,455,1,90,59
163,461,1,90,59
164,467,1,90,59
165,474,1,90,59
166,476,1,90,59
167,481,6,90,59
168,486,6,90,59
169,491,8,90,59
170,492,9,90,59
171,494,8,90,59
172,495,12,90,59
173,498,6,90,59
174,499,3,90,59
175,505,12,90,59
176,508,7,90,59
177,512,5,90,59
178,514,6,90,59
179,515,2,90,59
180,517,6,90,59
181,518,2,90,59
182,521,6,90,59
183,524,6,90,59
184,527,3,90,59
185,530,4,90,59
186,531,2,90,59
187,533,6,90,59
188,541,6,90,59
189,542,6,90,59
190,548,8,90,59
191,553,6,90,59
192,557,3,90,59
193,559,9,90,59
194,560,8,90,59
195,565,3,90,59
196,566,3,90,59
197,567,8,90,59
198,568,0,90,59
199,570,2,90,59
200,571,3,90,59
201,573,1,90,59
202,577,2,90,59
203,584,2,90,59
204,585,3,90,59
205,588,3,90,59
206,591,12,90,59
207,593,6,90,59
208,594,8,90,59
209,611,2,90,59
210,617,6,90,59
211,618,2,90,59
212,622,2,90,59
213,623,2,90,59
214,630,0,90,59
215,631,2,90,59
216,650,6,90,59
217,651,2,90,59
218,652,3,90,59
219,654,3,90,59
0,3,4,90,60
1,4,2,90,60
2,6,3,90,60
3,9,7,90,60
4,10,7,90,60
5,13,5,90,60
6,14,1,90,60
7,15,1,90,60
8,16,5,90,60
9,17,12,90,60
10,18,1,90,60
11,19,2,90,60
12,20,2,90,60
13,23,2,90,60
14,26,4,90,60
15,27,5,90,60
16,31,2,90,60
17,38,9,90,60
18,44,1,90,60
19,47,1,90,60
20,48,2,90,60
21,49,1,90,60
22,52,1,90,60
23,54,2,90,60
24,57,5,90,60
25,58,2,90,60
26,59,1,90,60
27,64,5,90,60
28,65,4,90,60
29,71,2,90,60
30,78,12,90,60
31,79,4,90,60
32,81,8,90,60
33,82,9,90,60
34,83,2,90,60
35,85,1,90,60
36,88,0,90,60
37,89,2,90,60
38,91,0,90,60
39,94,5,90,60
40,95,2,90,60
41,98,2,90,60
42,99,8,90,60
43,104,6,90,60
44,110,10,90,60
45,111,2,90,60
46,113,4,90,60
47,117,5,90,60
48,120,2,90,60
49,122,2,90,60
50,126,2,90,60
51,128,2,90,60
52,136,2,90,60
53,144,2,90,60
54,145,2,90,60
55,146,2,90,60
56,148,2,90,60
57,152,1,90,60
58,157,2,90,60
59,159,1,90,60
60,162,1,90,60
61,168,2,90,60
62,171,1,90,60
63,174,2,90,60
64,177,2,90,60
65,180,10,90,60
66,185,1,90,60
67,189,1,90,60
68,191,5,90,60
69,194,1,90,60
70,196,1,90,60
71,200,1,90,60
72,201,1,90,60
73,204,3,90,60
74,205,5,90,60
75,207,2,90,60
76,210,1,90,60
77,211,3,90,60
78,217,2,90,60
79,219,1,90,60
80,220,6,90,60
81,222,2,90,60
82,224,2,90,60
83,230,2,90,60
84,231,1,90,60
85,233,2,90,60
86,235,1,90,60
87,236,1,90,60
88,238,4,90,60
89,240,5,90,60
90,241,5,90,60
91,247,2,90,60
92,248,2,90,60
93,252,6,90,60
94,255,3,90,60
95,257,2,90,60
96,263,7,90,60
97,264,2,90,60
98,267,1,90,60
99,268,5,90,60
100,274,7,90,60
101,275,1,90,60
102,277,5,90,60
103,278,2,90,60
104,291,0,90,60
105,293,0,90,60
106,295,0,90,60
107,296,0,90,60
108,298,5,90,60
109,300,2,90,60
110,301,6,90,60
111,306,3,90,60
112,309,7,90,60
113,311,5,90,60
114,316,7,90,60
115,323,2,90,60
116,324,2,90,60
117,325,2,90,60
118,326,2,90,60
119,327,2,90,60
120,328,7,90,60
121,329,7,90,60
122,336,2,90,60
123,338,0,90,60
124,339,2,90,60
125,340,6,90,60
126,341,6,90,60
127,342,3,90,60
128,345,3,90,60
129,347,6,90,60
130,350,6,90,60
131,351,9,90,60
132,354,3,90,60
133,355,7,90,60
134,363,6,90,60
135,366,8,90,60
136,368,4,90,60
137,369,7,90,60
138,372,2,90,60
139,375,6,90,60
140,380,1,90,60
141,383,1,90,60
142,385,7,90,60
143,386,3,90,60
144,388,2,90,60
145,389,6,90,60
146,391,2,90,60
147,392,7,90,60
148,394,5,90,60
149,395,4,90,60
150,398,2,90,60
151,399,1,90,60
152,401,9,90,60
153,403,7,90,60
154,409,1,90,60
155,413,1,90,60
156,415,1,90,60
157,422,4,90,60
158,423,2,90,60
159,433,2,90,60
160,434,2,90,60
161,436,3,90,60
162,443,1,90,60
163,447,6,90,60
164,449,2,90,60
165,453,10,90,60
166,455,1,90,60
167,461,1,90,60
168,463,2,90,60
169,470,2,90,60
170,474,1,90,60
171,480,2,90,60
172,481,7,90,60
173,484,1,90,60
174,486,4,90,60
175,491,7,90,60
176,495,4,90,60
177,498,1,90,60
178,499,2,90,60
179,505,3,90,60
180,508,4,90,60
181,512,5,90,60
182,514,13,90,60
183,518,2,90,60
184,520,2,90,60
185,521,2,90,60
186,524,2,90,60
187,527,5,90,60
188,530,2,90,60
189,531,7,90,60
190,533,4,90,60
191,541,2,90,60
192,542,1,90,60
193,544,2,90,60
194,557,2,90,60
195,559,4,90,60
196,565,2,90,60
197,566,11,90,60
198,567,1,90,60
199,568,1,90,60
200,570,2,90,60
201,573,2,90,60
202,577,2,90,60
203,585,7,90,60
204,588,2,90,60
205,591,4,90,60
206,593,1,90,60
207,594,4,90,60
208,608,7,90,60
209,617,6,90,60
210,619,2,90,60
211,621,5,90,60
212,622,2,90,60
213,623,2,90,60
214,625,3,90,60
215,628,2,90,60
216,630,2,90,60
217,650,1,90,60
218,654,2,90,60
219,10149,2,90,60
0,3,0,90,61
1,4,7,90,61
2,6,0,90,61
3,7,2,90,61
4,14,1,90,61
5,15,0,90,61
6,16,7,90,61
7,17,2,90,61
8,18,0,90,61
9,19,7,90,61
10,23,2,90,61
11,24,3,90,61
12,27,2,90,61
13,35,1,90,61
14,36,1,90,61
15,44,1,90,61
16,47,1,90,61
17,48,2,90,61
18,52,1,90,61
19,53,2,90,61
20,54,7,90,61
21,57,2,90,61
22,58,4,90,61
23,63,2,90,61
24,64,2,90,61
25,70,2,90,61
26,71,10,90,61
27,76,2,90,61
28,78,2,90,61
29,79,2,90,61
30,81,2,90,61
31,82,13,90,61
32,83,7,90,61
33,85,2,90,61
34,88,2,90,61
35,91,2,90,61
36,94,2,90,61
37,95,2,90,61
38,98,2,90,61
39,99,7,90,61
40,101,3,90,61
41,104,2,90,61
42,105,2,90,61
43,110,2,90,61
44,115,7,90,61
45,117,7,90,61
46,128,1,90,61
47,129,2,90,61
48,136,2,90,61
49,144,1,90,61
50,145,1,90,61
51,146,4,90,61
52,148,5,90,61
53,149,2,90,61
54,152,2,90,61
55,157,5,90,61
56,159,0,90,61
57,162,2,90,61
58,168,2,90,61
59,177,7,90,61
60,180,2,90,61
61,181,2,90,61
62,182,7,90,61
63,185,2,90,61
64,187,2,90,61
65,189,2,90,61
66,191,1,90,61
67,192,2,90,61
68,193,7,90,61
69,194,0,90,61
70,200,0,90,61
71,201,0,90,61
72,204,2,90,61
73,205,5,90,61
74,207,7,90,61
75,211,6,90,61
76,214,2,90,61
77,217,2,90,61
78,219,2,90,61
79,220,2,90,61
80,222,2,90,61
81,224,5,90,61
82,228,2,90,61
83,231,2,90,61
84,232,6,90,61
85,233,2,90,61
86,235,5,90,61
87,238,2,90,61
88,240,5,90,61
89,241,1,90,61
90,247,9,90,61
91,248,1,90,61
92,252,6,90,61
93,255,1,90,61
94,257,1,90,61
95,259,13,90,61
96,263,4,90,61
97,264,2,90,61
98,267,1,90,61
99,268,5,90,61
100,272,2,90,61
101,274,2,90,61
102,275,1,90,61
103,277,2,90,61
104,278,2,90,61
105,291,0,90,61
106,293,2,90,61
107,295,6,90,61
108,296,3,90,61
109,298,2,90,61
110,300,5,90,61
111,307,0,90,61
112,309,2,90,61
113,311,5,90,61
114,316,9,90,61
115,320,2,90,61
116,323,12,90,61
117,325,5,90,61
118,326,5,90,61
119,328,3,90,61
120,329,2,90,61
121,333,2,90,61
122,336,2,90,61
123,338,2,90,61
124,339,2,90,61
125,340,2,90,61
126,342,5,90,61
127,347,2,90,61
128,348,8,90,61
129,350,8,90,61
130,351,4,90,61
131,354,5,90,61
132,355,2,90,61
133,363,2,90,61
134,366,8,90,61
135,368,2,90,61
136,369,1,90,61
137,371,1,90,61
138,372,5,90,61
139,375,9,90,61
140,380,4,90,61
141,383,1,90,61
142,385,12,90,61
143,388,5,90,61
144,392,7,90,61
145,394,2,90,61
146,395,1,90,61
147,398,7,90,61
148,399,3,90,61
149,401,6,90,61
150,403,2,90,61
151,409,4,90,61
152,413,1,90,61
153,415,1,90,61
154,417,2,90,61
155,422,4,90,61
156,423,10,90,61
157,432,2,90,61
158,433,2,90,61
159,434,2,90,61
160,443,4,90,61
161,447,2,90,61
162,449,2,90,61
163,453,2,90,61
164,455,7,90,61
165,461,1,90,61
166,467,1,90,61
167,472,1,90,61
168,475,1,90,61
169,476,1,90,61
170,480,2,90,61
171,486,2,90,61
172,491,5,90,61
173,492,7,90,61
174,494,2,90,61
175,495,2,90,61
176,499,2,90,61
177,503,6,90,61
178,505,2,90,61
179,508,4,90,61
180,514,4,90,61
181,518,2,90,61
182,520,2,90,61
183,521,2,90,61
184,524,2,90,61
185,527,7,90,61
186,530,2,90,61
187,531,2,90,61
188,533,2,90,61
189,542,4,90,61
190,544,7,90,61
191,548,8,90,61
192,557,3,90,61
193,559,2,90,61
194,560,16,90,61
195,564,2,90,61
196,566,5,90,61
197,567,2,90,61
198,568,1,90,61
199,570,2,90,61
200,571,2,90,61
201,573,1,90,61
202,585,2,90,61
203,587,3,90,61
204,588,2,90,61
205,591,2,90,61
206,593,1,90,61
207,596,7,90,61
208,600,2,90,61
209,608,2,90,61
210,622,2,90,61
211,625,2,90,61
212,628,1,90,61
213,630,7,90,61
214,633,2,90,61
215,650,0,90,61
216,651,2,90,61
217,652,2,90,61
218,654,2,90,61
219,655,7,90,61
0,3,7,90,62
1,4,2,90,62
2,7,3,90,62
3,9,6,90,62
4,10,5,90,62
5,13,3,90,62
6,14,1,90,62
7,15,6,90,62
8,16,3,90,62
9,17,3,90,62
10,18,6,90,62
11,24,12,90,62
12,25,6,90,62
13,28,2,90,62
14,36,1,90,62
15,42,2,90,62
16,44,1,90,62
17,47,1,90,62
18,48,2,90,62
19,49,1,90,62
20,52,1,90,62
21,54,2,90,62
22,57,2,90,62
23,62,3,90,62
24,63,6,90,62
25,64,3,90,62
26,65,2,90,62
27,70,12,90,62
28,78,4,90,62
29,79,6,90,62
30,82,4,90,62
31,83,3,90,62
32,85,6,90,62
33,88,1,90,62
34,89,2,90,62
35,91,1,90,62
36,95,2,90,62
37,99,2,90,62
38,101,2,90,62
39,104,1,90,62
40,105,1,90,62
41,106,5,90,62
42,110,4,90,62
43,115,2,90,62
44,117,2,90,62
45,122,1,90,62
46,126,2,90,62
47,128,1,90,62
48,129,2,90,62
49,136,9,90,62
50,144,1,90,62
51,145,1,90,62
52,146,1,90,62
53,148,2,90,62
54,152,6,90,62
55,157,2,90,62
56,159,4,90,62
57,162,2,90,62
58,172,2,90,62
59,177,2,90,62
60,180,2,90,62
61,181,4,90,62
62,182,2,90,62
63,185,2,90,62
64,187,2,90,62
65,189,5,90,62
66,191,2,90,62
67,192,2,90,62
68,194,2,90,62
69,200,2,90,62
70,201,2,90,62
71,202,8,90,62
72,204,3,90,62
73,205,6,90,62
74,207,2,90,62
75,211,2,90,62
76,214,2,90,62
77,217,2,90,62
78,219,1,90,62
79,220,6,90,62
80,222,2,90,62
81,224,2,90,62
82,232,5,90,62
83,233,2,90,62
84,234,1,90,62
85,235,1,90,62
86,238,4,90,62
87,240,2,90,62
88,241,2,90,62
89,247,7,90,62
90,248,2,90,62
91,252,5,90,62
92,254,2,90,62
93,255,2,90,62
94,257,2,90,62
95,259,2,90,62
96,264,2,90,62
97,267,2,90,62
98,272,2,90,62
99,275,2,90,62
100,278,2,90,62
101,284,2,90,62
102,289,5,90,62
103,291,0,90,62
104,293,0,90,62
105,296,0,90,62
106,300,7,90,62
107,302,0,90,62
108,306,4,90,62
109,309,2,90,62
110,316,6,90,62
111,321,6,90,62
112,323,3,90,62
113,324,6,90,62
114,325,9,90,62
115,327,3,90,62
116,328,8,90,62
117,335,8,90,62
118,336,3,90,62
119,337,6,90,62
120,338,1,90,62
121,339,6,90,62
122,340,3,90,62
123,342,2,90,62
124,345,5,90,62
125,347,2,90,62
126,348,5,90,62
127,350,2,90,62
128,351,5,90,62
129,354,2,90,62
130,363,2,90,62
131,366,10,90,62
132,368,2,90,62
133,369,2,90,62
134,370,8,90,62
135,372,5,90,62
136,380,3,90,62
137,382,7,90,62
138,383,2,90,62
139,389,10,90,62
140,392,5,90,62
141,394,5,90,62
142,395,1,90,62
143,398,3,90,62
144,399,1,90,62
145,401,17,90,62
146,403,2,90,62
147,404,1,90,62
148,413,1,90,62
149,415,1,90,62
150,420,2,90,62
151,425,4,90,62
152,431,5,90,62
153,432,7,90,62
154,433,12,90,62
155,434,4,90,62
156,436,1,90,62
157,443,1,90,62
158,447,5,90,62
159,449,2,90,62
160,453,2,90,62
161,455,1,90,62
162,461,1,90,62
163,467,1,90,62
164,474,4,90,62
165,475,7,90,62
166,476,7,90,62
167,482,3,90,62
168,486,6,90,62
169,491,3,90,62
170,492,9,90,62
171,494,3,90,62
172,495,7,90,62
173,499,3,90,62
174,501,2,90,62
175,503,8,90,62
176,505,6,90,62
177,508,6,90,62
178,512,6,90,62
179,514,8,90,62
180,518,2,90,62
181,520,2,90,62
182,521,2,90,62
183,524,5,90,62
184,527,8,90,62
185,530,2,90,62
186,533,4,90,62
187,535,5,90,62
188,541,7,90,62
189,542,1,90,62
190,543,4,90,62
191,544,2,90,62
192,557,2,90,62
193,559,1,90,62
194,560,2,90,62
195,566,6,90,62
196,567,1,90,62
197,568,2,90,62
198,571,7,90,62
199,573,1,90,62
200,577,4,90,62
201,585,2,90,62
202,587,7,90,62
203,588,2,90,62
204,591,2,90,62
205,593,2,90,62
206,608,2,90,62
207,611,2,90,62
208,617,6,90,62
209,619,2,90,62
210,623,5,90,62
211,625,7,90,62
212,628,1,90,62
213,630,2,90,62
214,631,2,90,62
215,650,2,90,62
216,651,2,90,62
217,652,2,90,62
218,654,2,90,62
219,10145,1,90,62
0,3,2,90,63
1,6,1,90,63
2,9,2,90,63
3,13,2,90,63
4,14,3,90,63
5,15,1,90,63
6,16,2,90,63
7,17,2,90,63
8,18,1,90,63
9,23,2,90,63
10,24,1,90,63
11,26,2,90,63
12,38,6,90,63
13,44,0,90,63
14,45,0,90,63
15,47,0,90,63
16,48,5,90,63
17,52,0,90,63
18,54,2,90,63
19,57,2,90,63
20,58,2,90,63
21,64,2,90,63
22,70,1,90,63
23,71,2,90,63
24,76,2,90,63
25,78,2,90,63
26,79,1,90,63
27,81,7,90,63
28,82,8,90,63
29,83,7,90,63
30,85,1,90,63
31,88,2,90,63
32,91,3,90,63
33,94,2,90,63
34,95,2,90,63
35,98,5,90,63
36,99,10,90,63
37,101,2,90,63
38,104,2,90,63
39,105,5,90,63
40,110,6,90,63
41,115,2,90,63
42,117,3,90,63
43,122,0,90,63
44,126,5,90,63
45,128,6,90,63
46,129,2,90,63
47,136,5,90,63
48,144,0,90,63
49,145,0,90,63
50,146,0,90,63
51,152,1,90,63
52,157,6,90,63
53,159,1,90,63
54,162,6,90,63
55,163,6,90,63
56,171,9,90,63
57,172,8,90,63
58,177,13,90,63
59,180,2,90,63
60,182,3,90,63
61,185,6,90,63
62,188,2,90,63
63,189,6,90,63
64,191,1,90,63
65,192,3,90,63
66,194,1,90,63
67,200,1,90,63
68,201,1,90,63
69,202,1,90,63
70,204,2,90,63
71,205,5,90,63
72,207,17,90,63
73,210,1,90,63
74,211,1,90,63
75,217,5,90,63
76,222,2,90,63
77,224,5,90,63
78,228,1,90,63
79,231,3,90,63
80,232,6,90,63
81,233,7,90,63
82,235,2,90,63
83,236,7,90,63
84,238,1,90,63
85,240,7,90,63
86,241,1,90,63
87,244,1,90,63
88,247,5,90,63
89,248,1,90,63
90,252,10,90,63
91,255,1,90,63
92,257,1,90,63
93,259,2,90,63
94,263,1,90,63
95,264,2,90,63
96,267,1,90,63
97,268,2,90,63
98,274,7,90,63
99,275,1,90,63
100,278,2,90,63
101,285,3,90,63
102,291,6,90,63
103,293,6,90,63
104,295,6,90,63
105,296,6,90,63
106,300,3,90,63
107,301,6,90,63
108,307,6,90,63
109,311,7,90,63
110,323,2,90,63
111,324,2,90,63
112,325,4,90,63
113,326,1,90,63
114,327,2,90,63
115,328,14,90,63
116,329,5,90,63
117,335,2,90,63
118,336,5,90,63
119,338,2,90,63
120,339,13,90,63
121,340,8,90,63
122,341,2,90,63
123,342,2,90,63
124,345,12,90,63
125,346,5,90,63
126,347,3,90,63
127,348,7,90,63
128,351,9,90,63
129,355,2,90,63
130,363,2,90,63
131,366,3,90,63
132,368,3,90,63
133,369,8,90,63
134,372,3,90,63
135,375,2,90,63
136,380,6,90,63
137,383,9,90,63
138,385,3,90,63
139,388,1,90,63
140,394,3,90,63
141,395,6,90,63
142,399,6,90,63
143,401,9,90,63
144,403,3,90,63
145,405,6,90,63
146,409,6,90,63
147,410,7,90,63
148,413,6,90,63
149,415,6,90,63
150,417,3,90,63
151,422,2,90,63
152,423,2,90,63
153,431,2,90,63
154,432,2,90,63
155,434,2,90,63
156,443,4,90,63
157,447,2,90,63
158,449,2,90,63
159,452,2,90,63
160,453,6,90,63
161,455,0,90,63
162,461,0,90,63
163,467,3,90,63
164,476,0,90,63
165,480,2,90,63
166,482,5,90,63
167,486,8,90,63
168,489,2,90,63
169,491,8,90,63
170,492,2,90,63
171,494,11,90,63
172,499,2,90,63
173,505,2,90,63
174,508,2,90,63
175,512,5,90,63
176,514,7,90,63
177,515,2,90,63
178,518,2,90,63
179,520,4,90,63
180,521,1,90,63
181,524,1,90,63
182,527,12,90,63
183,528,1,90,63
184,530,2,90,63
185,531,2,90,63
186,535,8,90,63
187,541,8,90,63
188,542,8,90,63
189,557,12,90,63
190,559,5,90,63
191,560,6,90,63
192,564,5,90,63
193,565,7,90,63
194,566,3,90,63
195,568,4,90,63
196,570,4,90,63
197,573,2,90,63
198,576,2,90,63
199,577,5,90,63
200,585,6,90,63
201,588,2,90,63
202,593,6,90,63
203,594,6,90,63
204,598,0,90,63
205,600,2,90,63
206,611,2,90,63
207,617,2,90,63
208,622,2,90,63
209,623,2,90,63
210,625,5,90,63
211,628,0,90,63
212,630,1,90,63
213,631,2,90,63
214,633,2,90,63
215,650,1,90,63
216,651,2,90,63
217,652,3,90,63
218,655,2,90,63
219,10149,2,90,63
0,3,2,90,64
1,6,2,90,64
2,9,2,90,64
3,12,2,90,64
4,13,2,90,64
5,14,6,90,64
6,15,2,90,64
7,17,2,90,64
8,18,2,90,64
9,19,8,90,64
10,20,2,90,64
11,23,2,90,64
12,24,2,90,64
13,26,2,90,64
14,27,5,90,64
15,28,2,90,64
16,35,0,90,64
17,44,6,90,64
18,45,0,90,64
19,47,0,90,64
20,48,5,90,64
21,52,0,90,64
22,54,2,90,64
23,57,2,90,64
24,58,4,90,64
25,59,6,90,64
26,60,3,90,64
27,62,8,90,64
28,63,3,90,64
29,64,3,90,64
30,78,3,90,64
31,79,9,90,64
32,81,6,90,64
33,82,2,90,64
34,83,6,90,64
35,85,6,90,64
36,88,2,90,64
37,89,2,90,64
38,91,2,90,64
39,95,2,90,64
40,97,2,90,64
41,99,2,90,64
42,104,2,90,64
43,105,2,90,64
44,106,2,90,64
45,110,4,90,64
46,122,9,90,64
47,128,6,90,64
48,135,3,90,64
49,136,6,90,64
50,145,6,90,64
51,146,8,90,64
52,148,2,90,64
53,149,3,90,64
54,152,6,90,64
55,157,3,90,64
56,159,1,90,64
57,162,6,90,64
58,174,3,90,64
59,177,6,90,64
60,180,2,90,64
61,181,4,90,64
62,182,8,90,64
63,185,6,90,64
64,189,8,90,64
65,191,6,90,64
66,194,1,90,64
67,198,2,90,64
68,200,1,90,64
69,201,1,90,64
70,204,2,90,64
71,205,2,90,64
72,207,2,90,64
73,210,2,90,64
74,211,4,90,64
75,214,2,90,64
76,218,6,90,64
77,219,2,90,64
78,220,2,90,64
79,222,2,90,64
80,228,2,90,64
81,231,4,90,64
82,232,2,90,64
83,233,2,90,64
84,235,2,90,64
85,236,2,90,64
86,238,2,90,64
87,240,3,90,64
88,241,6,90,64
89,247,3,90,64
90,248,8,90,64
91,252,5,90,64
92,255,6,90,64
93,257,6,90,64
94,259,3,90,64
95,263,1,90,64
96,264,7,90,64
97,265,2,90,64
98,267,4,90,64
99,268,7,90,64
100,274,5,90,64
101,275,1,90,64
102,278,2,90,64
103,291,1,90,64
104,293,1,90,64
105,295,4,90,64
106,298,5,90,64
107,300,2,90,64
108,302,1,90,64
109,305,7,90,64
110,306,6,90,64
111,307,1,90,64
112,311,2,90,64
113,316,10,90,64
114,321,12,90,64
115,325,2,90,64
116,326,8,90,64
117,327,5,90,64
118,328,2,90,64
119,329,3,90,64
120,335,5,90,64
121,336,5,90,64
122,338,3,90,64
123,339,11,90,64
124,340,2,90,64
125,342,2,90,64
126,346,2,90,64
127,347,2,90,64
128,350,2,90,64
129,351,3,90,64
130,354,2,90,64
131,355,2,90,64
132,356,2,90,64
133,365,5,90,64
134,366,2,90,64
135,368,5,90,64
136,369,1,90,64
137,375,8,90,64
138,380,1,90,64
139,383,4,90,64
140,385,7,90,64
141,386,3,90,64
142,388,2,90,64
143,392,8,90,64
144,394,3,90,64
145,395,6,90,64
146,398,5,90,64
147,399,6,90,64
148,401,5,90,64
149,403,3,90,64
150,409,6,90,64
151,410,3,90,64
152,413,6,90,64
153,415,6,90,64
154,422,2,90,64
155,432,2,90,64
156,433,2,90,64
157,434,3,90,64
158,436,2,90,64
159,443,2,90,64
160,447,2,90,64
161,449,2,90,64
162,453,2,90,64
163,455,6,90,64
164,461,6,90,64
165,463,3,90,64
166,470,6,90,64
167,472,6,90,64
168,476,6,90,64
169,480,7,90,64
170,484,1,90,64
171,486,1,90,64
172,491,5,90,64
173,492,7,90,64
174,495,6,90,64
175,499,2,90,64
176,503,2,90,64
177,505,1,90,64
178,508,1,90,64
179,512,3,90,64
180,514,5,90,64
181,518,3,90,64
182,520,5,90,64
183,521,2,90,64
184,524,2,90,64
185,528,2,90,64
186,531,2,90,64
187,533,3,90,64
188,542,2,90,64
189,543,2,90,64
190,544,2,90,64
191,553,2,90,64
192,557,2,90,64
193,559,2,90,64
194,566,4,90,64
195,567,2,90,64
196,568,1,90,64
197,571,2,90,64
198,573,5,90,64
199,576,2,90,64
200,585,2,90,64
201,587,7,90,64
202,588,2,90,64
203,593,2,90,64
204,594,1,90,64
205,595,3,90,64
206,600,8,90,64
207,608,3,90,64
208,611,2,90,64
209,621,3,90,64
210,622,8,90,64
211,625,2,90,64
212,628,6,90,64
213,630,1,90,64
214,635,2,90,64
215,650,1,90,64
216,651,2,90,64
217,652,2,90,64
218,654,2,90,64
219,655,2,90,64
0,4,4,90,65
1,6,2,90,65
2,9,7,90,65
3,10,2,90,65
4,13,5,90,65
5,14,1,90,65
6,15,2,90,65
7,16,2,90,65
8,17,7,90,65
9,18,2,90,65
10,19,5,90,65
11,23,2,90,65
12,24,2,90,65
13,26,6,90,65
14,28,2,90,65
15,35,1,90,65
16,36,1,90,65
17,44,1,90,65
18,47,1,90,65
19,48,2,90,65
20,52,1,90,65
21,53,3,90,65
22,57,2,90,65
23,58,5,90,65
24,64,2,90,65
25,65,6,90,65
26,70,5,90,65
27,71,7,90,65
28,78,10,90,65
29,79,5,90,65
30,81,2,90,65
31,82,20,90,65
32,83,7,90,65
33,85,2,90,65
34,88,0,90,65
35,91,0,90,65
36,94,2,90,65
37,95,2,90,65
38,98,7,90,65
39,99,4,90,65
40,101,2,90,65
41,104,0,90,65
42,110,2,90,65
43,117,2,90,65
44,122,2,90,65
45,126,7,90,65
46,129,13,90,65
47,136,5,90,65
48,144,8,90,65
49,145,2,90,65
50,146,2,90,65
51,148,3,90,65
52,149,2,90,65
53,152,2,90,65
54,157,2,90,65
55,162,4,90,65
56,163,1,90,65
57,168,2,90,65
58,171,1,90,65
59,172,2,90,65
60,180,6,90,65
61,181,5,90,65
62,182,2,90,65
63,185,1,90,65
64,188,2,90,65
65,189,1,90,65
66,191,1,90,65
67,193,2,90,65
68,194,2,90,65
69,200,5,90,65
70,201,2,90,65
71,204,1,90,65
72,205,5,90,65
73,207,12,90,65
74,210,2,90,65
75,211,2,90,65
76,214,2,90,65
77,217,3,90,65
78,220,2,90,65
79,222,3,90,65
80,224,3,90,65
81,228,6,90,65
82,231,6,90,65
83,232,2,90,65
84,235,7,90,65
85,236,6,90,65
86,239,3,90,65
87,240,7,90,65
88,241,1,90,65
89,247,2,90,65
90,248,1,90,65
91,252,2,90,65
92,255,4,90,65
93,263,0,90,65
94,265,2,90,65
95,267,1,90,65
96,268,2,90,65
97,272,2,90,65
98,274,2,90,65
99,277,7,90,65
100,278,2,90,65
101,285,2,90,65
102,291,2,90,65
103,293,2,90,65
104,295,2,90,65
105,296,2,90,65
106,298,2,90,65
107,300,2,90,65
108,307,2,90,65
109,309,2,90,65
110,311,11,90,65
111,313,6,90,65
112,314,2,90,65
113,322,6,90,65
114,323,3,90,65
115,324,8,90,65
116,325,6,90,65
117,326,6,90,65
118,328,8,90,65
119,329,3,90,65
120,335,9,90,65
121,338,0,90,65
122,339,6,90,65
123,340,0,90,65
124,341,0,90,65
125,342,8,90,65
126,345,2,90,65
127,346,7,90,65
128,347,0,90,65
129,350,0,90,65
130,351,4,90,65
131,354,2,90,65
132,363,0,90,65
133,366,4,90,65
134,368,3,90,65
135,369,6,90,65
136,371,6,90,65
137,372,6,90,65
138,380,6,90,65
139,383,6,90,65
140,385,10,90,65
141,392,2,90,65
142,394,2,90,65
143,395,2,90,65
144,398,3,90,65
145,399,4,90,65
146,401,2,90,65
147,404,2,90,65
148,409,2,90,65
149,413,2,90,65
150,415,2,90,65
151,417,2,90,65
152,422,6,90,65
153,423,3,90,65
154,432,6,90,65
155,433,3,90,65
156,434,3,90,65
157,436,12,90,65
158,443,6,90,65
159,447,2,90,65
160,449,3,90,65
161,455,1,90,65
162,461,2,90,65
163,467,13,90,65
164,470,8,90,65
165,474,4,90,65
166,475,1,90,65
167,476,1,90,65
168,480,2,90,65
169,484,5,90,65
170,486,2,90,65
171,491,8,90,65
172,492,5,90,65
173,494,5,90,65
174,495,2,90,65
175,503,7,90,65
176,505,5,90,65
177,508,2,90,65
178,514,6,90,65
179,517,6,90,65
180,518,2,90,65
181,520,6,90,65
182,521,6,90,65
183,523,2,90,65
184,528,6,90,65
185,530,3,90,65
186,533,4,90,65
187,541,4,90,65
188,542,1,90,65
189,543,1,90,65
190,553,7,90,65
191,559,1,90,65
192,564,1,90,65
193,566,9,90,65
194,567,1,90,65
195,568,0,90,65
196,570,2,90,65
197,573,6,90,65
198,577,3,90,65
199,583,0,90,65
200,585,2,90,65
201,587,3,90,65
202,588,3,90,65
203,591,6,90,65
204,593,9,90,65
205,594,6,90,65
206,598,1,90,65
207,617,13,90,65
208,618,2,90,65
209,622,2,90,65
210,623,2,90,65
211,625,2,90,65
212,628,5,90,65
213,630,0,90,65
214,633,2,90,65
215,650,2,90,65
216,651,3,90,65
217,652,3,90,65
218,654,5,90,65
219,655,2,90,65
0,3,2,90,66
1,4,6,90,66
2,6,2,90,66
3,10,3,90,66
4,13,10,90,66
5,14,1,90,66
6,15,2,90,66
7,16,5,90,66
8,17,3,90,66
9,18,2,90,66
10,19,3,90,66
11,20,5,90,66
12,24,4,90,66
13,26,6,90,66
14,27,5,90,66
15,28,2,90,66
16,35,2,90,66
17,36,2,90,66
18,44,2,90,66
19,47,2,90,66
20,48,2,90,66
21,52,2,90,66
22,54,3,90,66
23,57,2,90,66
24,58,5,90,66
25,64,2,90,66
26,70,0,90,66
27,76,2,90,66
28,78,7,90,66
29,79,0,90,66
30,81,1,90,66
31,82,2,90,66
32,83,7,90,66
33,85,0,90,66
34,88,2,90,66
35,89,2,90,66
36,91,2,90,66
37,95,2,90,66
38,99,15,90,66
39,101,5,90,66
40,104,11,90,66
41,105,2,90,66
42,110,9,90,66
43,115,7,90,66
44,117,3,90,66
45,122,0,90,66
46,123,2,90,66
47,126,2,90,66
48,128,0,90,66
49,136,5,90,66
50,144,0,90,66
51,145,0,90,66
52,146,0,90,66
53,148,2,90,66
54,152,0,90,66
55,157,2,90,66
56,159,2,90,66
57,162,1,90,66
58,163,1,90,66
59,172,1,90,66
60,174,2,90,66
61,177,7,90,66
62,180,2,90,66
63,182,2,90,66
64,185,1,90,66
65,188,2,90,66
66,191,6,90,66
67,192,3,90,66
68,193,2,90,66
69,194,2,90,66
70,196,2,90,66
71,200,2,90,66
72,201,2,90,66
73,204,1,90,66
74,207,3,90,66
75,210,2,90,66
76,211,2,90,66
77,217,2,90,66
78,218,5,90,66
79,220,6,90,66
80,224,2,90,66
81,230,5,90,66
82,231,1,90,66
83,232,6,90,66
84,233,2,90,66
85,235,1,90,66
86,236,1,90,66
87,238,1,90,66
88,240,6,90,66
89,241,6,90,66
90,247,3,90,66
91,248,8,90,66
92,251,6,90,66
93,254,3,90,66
94,255,6,90,66
95,259,3,90,66
96,262,3,90,66
97,264,6,90,66
98,265,8,90,66
99,267,9,90,66
100,274,3,90,66
101,275,12,90,66
102,277,3,90,66
103,278,3,90,66
104,291,6,90,66
105,293,6,90,66
106,296,6,90,66
107,300,3,90,66
108,301,6,90,66
109,306,2,90,66
110,309,3,90,66
111,311,6,90,66
112,314,2,90,66
113,321,6,90,66
114,323,6,90,66
115,324,3,90,66
116,325,6,90,66
117,326,6,90,66
118,327,3,90,66
119,328,3,90,66
120,329,3,90,66
121,336,5,90,66
122,338,2,90,66
123,339,6,90,66
124,340,8,90,66
125,342,12,90,66
126,347,2,90,66
127,348,12,90,66
128,350,5,90,66
129,351,2,90,66
130,354,2,90,66
131,355,2,90,66
132,356,7,90,66
133,357,5,90,66
134,363,3,90,66
135,365,3,90,66
136,368,3,90,66
137,369,7,90,66
138,370,3,90,66
139,372,5,90,66
140,376,6,90,66
141,380,6,90,66
142,383,6,90,66
143,385,3,90,66
144,386,5,90,66
145,388,4,90,66
146,392,3,90,66
147,394,4,90,66
148,398,3,90,66
149,399,6,90,66
150,401,2,90,66
151,403,3,90,66
152,409,6,90,66
153,410,3,90,66
154,413,8,90,66
155,415,6,90,66
156,417,3,90,66
157,422,6,90,66
158,430,2,90,66
159,433,3,90,66
160,434,3,90,66
161,436,6,90,66
162,443,6,90,66
163,447,5,90,66
164,449,3,90,66
165,452,7,90,66
166,455,4,90,66
167,461,1,90,66
168,472,1,90,66
169,474,1,90,66
170,476,1,90,66
171,480,2,90,66
172,486,1,90,66
173,491,4,90,66
174,492,2,90,66
175,495,1,90,66
176,498,2,90,66
177,499,2,90,66
178,503,2,90,66
179,505,1,90,66
180,508,4,90,66
181,512,2,90,66
182,514,7,90,66
183,518,2,90,66
184,521,1,90,66
185,524,2,90,66
186,526,5,90,66
187,527,5,90,66
188,531,3,90,66
189,533,3,90,66
190,541,11,90,66
191,542,1,90,66
192,543,4,90,66
193,557,7,90,66
194,560,2,90,66
195,563,2,90,66
196,564,1,90,66
197,566,10,90,66
198,567,2,90,66
199,568,6,90,66
200,570,3,90,66
201,573,6,90,66
202,585,5,90,66
203,587,2,90,66
204,588,2,90,66
205,591,3,90,66
206,592,0,90,66
207,594,9,90,66
208,600,2,90,66
209,617,2,90,66
210,623,7,90,66
211,630,6,90,66
212,631,3,90,66
213,633,2,90,66
214,635,3,90,66
215,650,2,90,66
216,651,2,90,66
217,652,3,90,66
218,654,7,90,66
219,10149,2,90,66
0,3,0,90,67
1,4,4,90,67
2,6,0,90,67
3,9,7,90,67
4,14,1,90,67
5,15,0,90,67
6,17,2,90,67
7,18,0,90,67
8,19,10,90,67
9,20,2,90,67
10,23,5,90,67
11,24,3,90,67
12,26,2,90,67
13,35,10,90,67
14,36,4,90,67
15,44,1,90,67
16,45,1,90,67
17,47,4,90,67
18,48,2,90,67
19,52,1,90,67
20,57,7,90,67
21,58,6,90,67
22,63,2,90,67
23,64,2,90,67
24,71,2,90,67
25,78,7,90,67
26,79,2,90,67
27,81,2,90,67
28,82,6,90,67
29,83,2,90,67
30,85,2,90,67
31,88,2,90,67
32,89,2,90,67
33,91,2,90,67
34,95,5,90,67
35,99,2,90,67
36,100,2,90,67
37,101,2,90,67
38,104,2,90,67
39,106,9,90,67
40,110,5,90,67
41,115,3,90,67
42,117,2,90,67
43,121,3,90,67
44,126,3,90,67
45,129,2,90,67
46,136,3,90,67
47,144,6,90,67
48,146,6,90,67
49,149,3,90,67
50,152,2,90,67
51,157,2,90,67
52,162,2,90,67
53,172,5,90,67
54,174,2,90,67
55,177,15,90,67
56,180,2,90,67
57,181,7,90,67
58,182,3,90,67
59,185,2,90,67
60,189,2,90,67
61,191,6,90,67
62,194,2,90,67
63,196,2,90,67
64,198,2,90,67
65,200,2,90,67
66,201,2,90,67
67,204,2,90,67
68,205,2,90,67
69,207,2,90,67
70,210,5,90,67
71,211,2,90,67
72,214,2,90,67
73,217,2,90,67
74,220,6,90,67
75,224,2,90,67
76,228,1,90,67
77,230,2,90,67
78,231,1,90,67
79,233,2,90,67
80,235,3,90,67
81,236,4,90,67
82,238,1,90,67
83,239,6,90,67
84,240,3,90,67
85,243,3,90,67
86,247,3,90,67
87,248,6,90,67
88,255,6,90,67
89,257,6,90,67
90,259,3,90,67
91,263,1,90,67
92,264,2,90,67
93,267,1,90,67
94,272,4,90,67
95,274,7,90,67
96,275,1,90,67
97,278,2,90,67
98,289,6,90,67
99,291,2,90,67
100,293,2,90,67
101,295,2,90,67
102,298,5,90,67
103,300,2,90,67
104,302,2,90,67
105,306,2,90,67
106,307,2,90,67
107,311,1,90,67
108,321,6,90,67
109,323,5,90,67
110,324,2,90,67
111,325,1,90,67
112,326,3,90,67
113,327,2,90,67
114,328,2,90,67
115,329,10,90,67
116,337,1,90,67
117,338,3,90,67
118,339,2,90,67
119,340,6,90,67
120,341,6,90,67
121,342,3,90,67
122,347,6,90,67
123,350,6,90,67
124,351,5,90,67
125,354,3,90,67
126,355,8,90,67
127,363,6,90,67
128,364,2,90,67
129,365,2,90,67
130,366,5,90,67
131,368,2,90,67
132,369,2,90,67
133,372,7,90,67
134,380,2,90,67
135,383,2,90,67
136,385,6,90,67
137,386,10,90,67
138,388,2,90,67
139,392,3,90,67
140,394,3,90,67
141,395,6,90,67
142,398,6,90,67
143,401,6,90,67
144,403,3,90,67
145,409,6,90,67
146,413,6,90,67
147,415,6,90,67
148,417,5,90,67
149,420,3,90,67
150,422,2,90,67
151,432,2,90,67
152,433,2,90,67
153,434,3,90,67
154,436,2,90,67
155,443,2,90,67
156,447,5,90,67
157,449,2,90,67
158,452,7,90,67
159,453,6,90,67
160,455,1,90,67
161,467,1,90,67
162,472,1,90,67
163,476,1,90,67
164,486,5,90,67
165,489,2,90,67
166,491,5,90,67
167,492,2,90,67
168,495,2,90,67
169,498,2,90,67
170,499,7,90,67
171,503,11,90,67
172,505,5,90,67
173,508,2,90,67
174,512,2,90,67
175,514,10,90,67
176,515,2,90,67
177,517,2,90,67
178,518,2,90,67
179,521,2,90,67
180,524,2,90,67
181,527,7,90,67
182,531,2,90,67
183,533,2,90,67
184,541,9,90,67
185,542,4,90,67
186,544,5,90,67
187,553,2,90,67
188,559,2,90,67
189,563,5,90,67
190,564,2,90,67
191,566,13,90,67
192,567,2,90,67
193,568,1,90,67
194,573,2,90,67
195,577,2,90,67
196,585,2,90,67
197,587,2,90,67
198,588,5,90,67
199,591,2,90,67
200,592,2,90,67
201,593,4,90,67
202,594,2,90,67
203,598,1,90,67
204,600,3,90,67
205,608,2,90,67
206,611,2,90,67
207,617,2,90,67
208,618,4,90,67
209,622,3,90,67
210,623,2,90,67
211,625,3,90,67
212,628,6,90,67
213,630,1,90,67
214,631,2,90,67
215,633,2,90,67
216,644,3,90,67
217,651,2,90,67
218,654,6,90,67
219,672,6,90,67
0,3,6,90,68
1,4,2,90,68
2,6,6,90,68
3,9,3,90,68
4,13,3,90,68
5,14,1,90,68
6,15,7,90,68
7,16,5,90,68
8,17,3,90,68
9,18,6,90,68
10,19,2,90,68
11,24,6,90,68
12,26,2,90,68
13,35,2,90,68
14,38,2,90,68
15,44,2,90,68
16,47,4,90,68
17,48,7,90,68
18,52,2,90,68
19,53,2,90,68
20,54,5,90,68
21,57,2,90,68
22,58,3,90,68
23,63,2,90,68
24,64,5,90,68
25,65,14,90,68
26,70,2,90,68
27,71,2,90,68
28,78,2,90,68
29,79,5,90,68
30,81,5,90,68
31,82,12,90,68
32,83,3,90,68
33,85,2,90,68
34,88,1,90,68
35,89,2,90,68
36,91,1,90,68
37,94,5,90,68
38,98,2,90,68
39,99,10,90,68
40,101,2,90,68
41,104,1,90,68
42,105,3,90,68
43,106,2,90,68
44,115,2,90,68
45,117,7,90,68
46,122,1,90,68
47,126,5,90,68
48,128,1,90,68
49,135,2,90,68
50,136,4,90,68
51,144,1,90,68
52,146,1,90,68
53,148,5,90,68
54,149,3,90,68
55,152,2,90,68
56,157,3,90,68
57,159,6,90,68
58,162,6,90,68
59,163,9,90,68
60,168,3,90,68
61,172,6,90,68
62,174,3,90,68
63,177,3,90,68
64,180,2,90,68
65,185,6,90,68
66,187,6,90,68
67,189,6,90,68
68,191,2,90,68
69,194,6,90,68
70,200,15,90,68
71,201,6,90,68
72,204,2,90,68
73,205,3,90,68
74,207,2,90,68
75,210,6,90,68
76,211,6,90,68
77,214,3,90,68
78,218,2,90,68
79,219,1,90,68
80,222,2,90,68
81,224,4,90,68
82,228,1,90,68
83,231,1,90,68
84,233,2,90,68
85,234,1,90,68
86,235,4,90,68
87,236,1,90,68
88,238,1,90,68
89,239,4,90,68
90,240,2,90,68
91,241,2,90,68
92,247,3,90,68
93,248,2,90,68
94,251,2,90,68
95,255,2,90,68
96,257,2,90,68
97,263,1,90,68
98,264,5,90,68
99,267,1,90,68
100,268,6,90,68
101,272,2,90,68
102,275,1,90,68
103,277,2,90,68
104,278,2,90,68
105,291,0,90,68
106,293,0,90,68
107,295,0,90,68
108,296,0,90,68
109,299,2,90,68
110,300,6,90,68
111,306,2,90,68
112,307,0,90,68
113,309,2,90,68
114,311,2,90,68
115,316,2,90,68
116,321,5,90,68
117,323,2,90,68
118,324,2,90,68
119,325,2,90,68
120,326,2,90,68
121,327,2,90,68
122,328,10,90,68
123,335,2,90,68
124,338,1,90,68
125,339,2,90,68
126,342,2,90,68
127,345,5,90,68
128,347,2,90,68
129,348,8,90,68
130,351,6,90,68
131,354,2,90,68
132,355,2,90,68
133,356,2,90,68
134,357,12,90,68
135,363,2,90,68
136,366,2,90,68
137,369,2,90,68
138,370,2,90,68
139,372,7,90,68
140,375,17,90,68
141,380,5,90,68
142,383,2,90,68
143,385,10,90,68
144,388,12,90,68
145,392,2,90,68
146,394,4,90,68
147,395,1,90,68
148,399,1,90,68
149,401,2,90,68
150,402,2,90,68
151,409,7,90,68
152,410,2,90,68
153,413,1,90,68
154,415,1,90,68
155,417,5,90,68
156,422,2,90,68
157,423,7,90,68
158,425,2,90,68
159,433,5,90,68
160,434,5,90,68
161,436,2,90,68
162,443,2,90,68
163,447,7,90,68
164,453,6,90,68
165,455,1,90,68
166,461,4,90,68
167,467,1,90,68
168,474,4,90,68
169,475,1,90,68
170,476,1,90,68
171,486,2,90,68
172,491,11,90,68
173,492,5,90,68
174,494,3,90,68
175,495,2,90,68
176,498,2,90,68
177,499,2,90,68
178,503,7,90,68
179,505,2,90,68
180,508,2,90,68
181,512,6,90,68
182,514,7,90,68
183,517,9,90,68
184,518,2,90,68
185,521,6,90,68
186,523,2,90,68
187,527,8,90,68
188,528,6,90,68
189,530,3,90,68
190,531,2,90,68
191,533,2,90,68
192,541,4,90,68
193,542,2,90,68
194,553,2,90,68
195,559,2,90,68
196,564,2,90,68
197,565,7,90,68
198,566,5,90,68
199,567,9,90,68
200,568,1,90,68
201,570,2,90,68
202,585,6,90,68
203,587,3,90,68
204,591,6,90,68
205,593,8,90,68
206,594,8,90,68
207,596,5,90,68
208,608,2,90,68
209,611,2,90,68
210,618,7,90,68
211,622,2,90,68
212,623,2,90,68
213,625,2,90,68
214,631,2,90,68
215,633,3,90,68
216,650,6,90,68
217,651,2,90,68
218,652,2,90,68
219,655,2,90,68
0,2,13,90,69
1,3,6,90,69
2,4,12,90,69
3,6,8,90,69
4,9,3,90,69
5,10,7,90,69
6,12,3,90,69
7,13,3,90,69
8,14,1,90,69
9,15,6,90,69
10,17,14,90,69
11,18,6,90,69
12,24,6,90,69
13,26,2,90,69
14,36,1,90,69
15,44,1,90,69
16,47,1,90,69
17,48,4,90,69
18,49,1,90,69
19,52,1,90,69
20,54,2,90,69
21,57,2,90,69
22,58,3,90,69
23,60,3,90,69
24,64,9,90,69
25,70,12,90,69
26,71,8,90,69
27,76,3,90,69
28,78,3,90,69
29,79,12,90,69
30,81,6,90,69
31,82,10,90,69
32,83,11,90,69
33,88,0,90,69
34,89,2,90,69
35,91,0,90,69
36,94,2,90,69
37,95,2,90,69
38,99,2,90,69
39,101,2,90,69
40,104,2,90,69
41,105,0,90,69
42,110,2,90,69
43,115,2,90,69
44,117,2,90,69
45,122,2,90,69
46,126,2,90,69
47,136,2,90,69
48,144,2,90,69
49,145,2,90,69
50,146,2,90,69
51,148,6,90,69
52,152,6,90,69
53,157,2,90,69
54,159,1,90,69
55,162,0,90,69
56,163,0,90,69
57,171,0,90,69
58,172,0,90,69
59,177,2,90,69
60,180,3,90,69
61,181,2,90,69
62,185,0,90,69
63,189,0,90,69
64,191,1,90,69
65,194,1,90,69
66,196,1,90,69
67,200,1,90,69
68,201,1,90,69
69,204,6,90,69
70,205,13,90,69
71,207,2,90,69
72,210,4,90,69
73,211,3,90,69
74,217,2,90,69
75,219,2,90,69
76,220,2,90,69
77,222,2,90,69
78,224,2,90,69
79,231,3,90,69
80,233,2,90,69
81,235,2,90,69
82,236,2,90,69
83,238,2,90,69
84,239,5,90,69
85,240,7,90,69
86,241,1,90,69
87,247,5,90,69
88,248,1,90,69
89,252,2,90,69
90,255,1,90,69
91,257,4,90,69
92,265,2,90,69
93,267,3,90,69
94,268,2,90,69
95,272,2,90,69
96,274,2,90,69
97,275,0,90,69
98,291,1,90,69
99,293,1,90,69
100,296,1,90,69
101,298,5,90,69
102,302,1,90,69
103,305,1,90,69
104,306,6,90,69
105,307,1,90,69
106,309,2,90,69
107,311,9,90,69
108,316,2,90,69
109,321,2,90,69
110,323,3,90,69
111,324,6,90,69
112,325,9,90,69
113,326,6,90,69
114,327,3,90,69
115,328,8,90,69
116,329,8,90,69
117,338,0,90,69
118,339,6,90,69
119,340,2,90,69
120,341,2,90,69
121,342,4,90,69
122,346,5,90,69
123,347,2,90,69
124,348,2,90,69
125,350,3,90,69
126,351,6,90,69
127,354,2,90,69
128,363,2,90,69
129,365,7,90,69
130,366,10,90,69
131,369,5,90,69
132,370,2,90,69
133,372,7,90,69
134,375,2,90,69
135,380,2,90,69
136,383,3,90,69
137,388,6,90,69
138,392,2,90,69
139,394,2,90,69
140,395,2,90,69
141,399,2,90,69
142,401,4,90,69
143,402,2,90,69
144,404,2,90,69
145,409,2,90,69
146,413,3,90,69
147,415,2,90,69
148,420,7,90,69
149,423,2,90,69
150,431,2,90,69
151,433,2,90,69
152,434,2,90,69
153,436,2,90,69
154,443,2,90,69
155,447,6,90,69
156,449,5,90,69
157,452,2,90,69
158,453,2,90,69
159,455,1,90,69
160,461,4,90,69
161,463,2,90,69
162,467,1,90,69
163,475,1,90,69
164,481,10,90,69
165,482,2,90,69
166,486,4,90,69
167,491,12,90,69
168,492,2,90,69
169,495,4,90,69
170,498,1,90,69
171,499,2,90,69
172,505,2,90,69
173,508,1,90,69
174,512,9,90,69
175,514,3,90,69
176,518,2,90,69
177,520,6,90,69
178,521,6,90,69
179,524,6,90,69
180,527,8,90,69
181,528,6,90,69
182,531,5,90,69
183,541,2,90,69
184,542,8,90,69
185,548,6,90,69
186,553,6,90,69
187,557,3,90,69
188,559,6,90,69
189,560,2,90,69
190,564,6,90,69
191,566,7,90,69
192,567,12,90,69
193,568,0,90,69
194,569,2,90,69
195,570,2,90,69
196,573,2,90,69
197,577,2,90,69
198,585,2,90,69
199,588,3,90,69
200,591,6,90,69
201,593,2,90,69
202,594,2,90,69
203,600,2,90,69
204,608,2,90,69
205,611,2,90,69
206,617,11,90,69
207,618,5,90,69
208,619,7,90,69
209,622,2,90,69
210,623,2,90,69
211,625,5,90,69
212,628,2,90,69
213,630,3,90,69
214,631,7,90,69
215,650,1,90,69
216,651,2,90,69
217,652,2,90,69
218,654,3,90,69
219,10149,3,90,69
0,3,6,90,70
1,4,12,90,70
2,6,7,90,70
3,9,3,90,70
4,13,3,90,70
5,14,2,90,70
6,15,8,90,70
7,18,12,90,70
8,19,4,90,70
9,20,3,90,70
10,23,3,90,70
11,25,6,90,70
12,26,0,90,70
13,35,1,90,70
14,36,4,90,70
15,44,1,90,70
16,45,1,90,70
17,47,1,90,70
18,48,2,90,70
19,52,1,90,70
20,54,2,90,70
21,57,10,90,70
22,58,9,90,70
23,63,2,90,70
24,64,7,90,70
25,65,2,90,70
26,70,1,90,70
27,71,2,90,70
28,78,2,90,70
29,79,1,90,70
30,82,2,90,70
31,83,7,90,70
32,85,1,90,70
33,88,1,90,70
34,91,1,90,70
35,94,5,90,70
36,95,7,90,70
37,98,10,90,70
38,99,3,90,70
39,101,2,90,70
40,104,1,90,70
41,106,2,90,70
42,110,12,90,70
43,115,2,90,70
44,120,1,90,70
45,121,2,90,70
46,126,2,90,70
47,128,1,90,70
48,129,2,90,70
49,136,2,90,70
50,144,1,90,70
51,146,1,90,70
52,152,1,90,70
53,157,2,90,70
54,159,1,90,70
55,162,1,90,70
56,168,2,90,70
57,174,2,90,70
58,177,2,90,70
59,180,2,90,70
60,181,2,90,70
61,182,2,90,70
62,185,1,90,70
63,187,1,90,70
64,188,2,90,70
65,189,1,90,70
66,191,1,90,70
67,193,5,90,70
68,194,1,90,70
69,196,1,90,70
70,198,2,90,70
71,200,1,90,70
72,201,1,90,70
73,204,6,90,70
74,205,2,90,70
75,207,6,90,70
76,211,7,90,70
77,214,2,90,70
78,217,3,90,70
79,219,6,90,70
80,222,3,90,70
81,224,3,90,70
82,231,6,90,70
83,232,2,90,70
84,233,2,90,70
85,235,6,90,70
86,236,6,90,70
87,238,8,90,70
88,240,3,90,70
89,241,1,90,70
90,247,2,90,70
91,248,1,90,70
92,252,2,90,70
93,255,4,90,70
94,257,4,90,70
95,259,7,90,70
96,263,6,90,70
97,264,3,90,70
98,265,3,90,70
99,267,6,90,70
100,268,2,90,70
101,274,3,90,70
102,278,3,90,70
103,291,1,90,70
104,293,1,90,70
105,296,1,90,70
106,300,2,90,70
107,301,1,90,70
108,302,4,90,70
109,306,5,90,70
110,309,2,90,70
111,311,1,90,70
112,321,7,90,70
113,323,2,90,70
114,324,2,90,70
115,325,7,90,70
116,326,1,90,70
117,327,4,90,70
118,328,2,90,70
119,329,2,90,70
120,335,4,90,70
121,338,1,90,70
122,339,1,90,70
123,340,9,90,70
124,342,3,90,70
125,345,3,90,70
126,347,8,90,70
127,348,8,90,70
128,350,6,90,70
129,351,6,90,70
130,354,4,90,70
131,355,6,90,70
132,363,6,90,70
133,366,5,90,70
134,368,2,90,70
135,369,2,90,70
136,370,7,90,70
137,375,2,90,70
138,380,2,90,70
139,383,2,90,70
140,385,12,90,70
141,388,6,90,70
142,392,12,90,70
143,394,5,90,70
144,395,1,90,70
145,398,2,90,70
146,401,10,90,70
147,403,4,90,70
148,409,4,90,70
149,410,2,90,70
150,413,1,90,70
151,415,1,90,70
152,417,8,90,70
153,423,7,90,70
154,431,2,90,70
155,432,2,90,70
156,434,5,90,70
157,436,0,90,70
158,443,0,90,70
159,447,7,90,70
160,449,2,90,70
161,461,2,90,70
162,467,2,90,70
163,472,2,90,70
164,474,2,90,70
165,476,2,90,70
166,480,3,90,70
167,486,8,90,70
168,491,3,90,70
169,492,3,90,70
170,494,6,90,70
171,495,7,90,70
172,498,6,90,70
173,499,3,90,70
174,505,6,90,70
175,508,6,90,70
176,512,5,90,70
177,514,3,90,70
178,515,2,90,70
179,518,2,90,70
180,520,6,90,70
181,521,6,90,70
182,524,6,90,70
183,527,4,90,70
184,530,3,90,70
185,535,5,90,70
186,541,2,90,70
187,542,6,90,70
188,553,3,90,70
189,557,4,90,70
190,559,9,90,70
191,564,6,90,70
192,566,6,90,70
193,567,9,90,70
194,568,6,90,70
195,570,2,90,70
196,573,0,90,70
197,577,3,90,70
198,583,6,90,70
199,584,2,90,70
200,588,3,90,70
201,591,6,90,70
202,593,3,90,70
203,594,2,90,70
204,595,2,90,70
205,597,3,90,70
206,611,3,90,70
207,617,6,90,70
208,618,2,90,70
209,620,2,90,70
210,622,7,90,70
211,623,2,90,70
212,625,3,90,70
213,630,6,90,70
214,635,7,90,70
215,650,1,90,70
216,651,3,90,70
217,652,2,90,70
218,654,3,90,70
219,10149,3,90,70
0,3,2,90,71
1,4,2,90,71
2,6,2,90,71
3,10,2,90,71
4,13,5,90,71
5,14,4,90,71
6,15,2,90,71
7,16,5,90,71
8,17,2,90,71
9,18,2,90,71
10,19,2,90,71
11,20,8,90,71
12,23,4,90,71
13,24,8,90,71
14,26,2,90,71
15,27,10,90,71
16,28,2,90,71
17,36,8,90,71
18,38,2,90,71
19,44,2,90,71
20,47,5,90,71
21,52,2,90,71
22,53,2,90,71
23,54,2,90,71
24,57,2,90,71
25,58,2,90,71
26,63,3,90,71
27,64,4,90,71
28,70,6,90,71
29,78,3,90,71
30,79,6,90,71
31,81,6,90,71
32,82,3,90,71
33,83,3,90,71
34,85,6,90,71
35,88,6,90,71
36,89,3,90,71
37,91,6,90,71
38,94,3,90,71
39,95,3,90,71
40,99,3,90,71
41,101,3,90,71
42,104,6,90,71
43,105,8,90,71
44,106,3,90,71
45,117,3,90,71
46,121,2,90,71
47,122,0,90,71
48,126,2,90,71
49,128,0,90,71
50,136,5,90,71
51,144,0,90,71
52,145,0,90,71
53,146,0,90,71
54,148,2,90,71
55,152,6,90,71
56,157,2,90,71
57,159,6,90,71
58,162,1,90,71
59,163,7,90,71
60,168,2,90,71
61,172,1,90,71
62,174,2,90,71
63,177,7,90,71
64,180,2,90,71
65,181,2,90,71
66,185,1,90,71
67,191,1,90,71
68,193,3,90,71
69,194,6,90,71
70,200,6,90,71
71,201,7,90,71
72,204,0,90,71
73,205,8,90,71
74,207,2,90,71
75,210,9,90,71
76,211,6,90,71
77,219,1,90,71
78,220,5,90,71
79,222,2,90,71
80,224,2,90,71
81,231,1,90,71
82,232,2,90,71
83,234,1,90,71
84,235,2,90,71
85,236,1,90,71
86,238,1,90,71
87,240,4,90,71
88,241,4,90,71
89,247,2,90,71
90,248,1,90,71
91,255,1,90,71
92,257,1,90,71
93,259,2,90,71
94,263,1,90,71
95,267,1,90,71
96,268,2,90,71
97,272,2,90,71
98,274,2,90,71
99,275,1,90,71
100,278,2,90,71
101,285,3,90,71
102,291,6,90,71
103,293,7,90,71
104,298,13,90,71
105,299,3,90,71
106,300,6,90,71
107,301,6,90,71
108,306,2,90,71
109,311,2,90,71
110,316,6,90,71
111,323,2,90,71
112,325,2,90,71
113,326,2,90,71
114,327,2,90,71
115,328,2,90,71
116,329,3,90,71
117,336,2,90,71
118,337,2,90,71
119,338,6,90,71
120,339,4,90,71
121,340,6,90,71
122,341,6,90,71
123,345,11,90,71
124,346,9,90,71
125,347,6,90,71
126,348,12,90,71
127,350,6,90,71
128,351,11,90,71
129,363,6,90,71
130,365,2,90,71
131,366,4,90,71
132,368,2,90,71
133,369,1,90,71
134,372,5,90,71
135,380,1,90,71
136,382,2,90,71
137,383,1,90,71
138,388,5,90,71
139,389,2,90,71
140,392,7,90,71
141,394,8,90,71
142,395,0,90,71
143,399,0,90,71
144,401,2,90,71
145,403,2,90,71
146,409,0,90,71
147,410,2,90,71
148,413,0,90,71
149,415,0,90,71
150,417,2,90,71
151,422,4,90,71
152,431,5,90,71
153,433,2,90,71
154,434,10,90,71
155,436,3,90,71
156,443,2,90,71
157,447,13,90,71
158,449,7,90,71
159,453,2,90,71
160,455,2,90,71
161,461,2,90,71
162,467,2,90,71
163,472,2,90,71
164,476,8,90,71
165,480,8,90,71
166,481,3,90,71
167,486,6,90,71
168,491,11,90,71
169,492,3,90,71
170,495,6,90,71
171,498,6,90,71
172,501,3,90,71
173,503,11,90,71
174,505,6,90,71
175,508,6,90,71
176,512,4,90,71
177,514,2,90,71
178,518,2,90,71
179,520,8,90,71
180,521,2,90,71
181,524,2,90,71
182,526,2,90,71
183,528,5,90,71
184,530,7,90,71
185,531,2,90,71
186,533,0,90,71
187,535,2,90,71
188,541,5,90,71
189,542,1,90,71
190,544,5,90,71
191,553,2,90,71
192,557,2,90,71
193,559,0,90,71
194,560,2,90,71
195,564,0,90,71
196,566,6,90,71
197,568,1,90,71
198,570,3,90,71
199,571,8,90,71
200,573,2,90,71
201,585,13,90,71
202,588,2,90,71
203,592,6,90,71
204,593,1,90,71
205,598,2,90,71
206,600,2,90,71
207,608,7,90,71
208,611,2,90,71
209,617,5,90,71
210,622,2,90,71
211,623,5,90,71
212,625,8,90,71
213,628,0,90,71
214,630,1,90,71
215,631,2,90,71
216,650,9,90,71
217,651,7,90,71
218,652,2,90,71
219,654,2,90,71
0,3,2,90,72
1,4,2,90,72
2,6,4,90,72
3,9,2,90,72
4,13,5,90,72
5,14,3,90,72
6,15,2,90,72
7,16,2,90,72
8,17,7,90,72
9,18,2,90,72
10,19,2,90,72
11,20,2,90,72
12,24,2,90,72
13,36,6,90,72
14,44,6,90,72
15,45,6,90,72
16,47,6,90,72
17,48,8,90,72
18,53,3,90,72
19,54,6,90,72
20,57,4,90,72
21,58,2,90,72
22,63,2,90,72
23,64,2,90,72
24,70,2,90,72
25,71,2,90,72
26,78,2,90,72
27,79,2,90,72
28,81,4,90,72
29,82,8,90,72
30,83,2,90,72
31,85,2,90,72
32,88,6,90,72
33,91,6,90,72
34,94,3,90,72
35,95,3,90,72
36,98,8,90,72
37,99,6,90,72
38,101,3,90,72
39,104,9,90,72
40,105,7,90,72
41,106,3,90,72
42,113,2,90,72
43,117,5,90,72
44,122,1,90,72
45,126,2,90,72
46,129,2,90,72
47,136,2,90,72
48,144,1,90,72
49,145,1,90,72
50,146,1,90,72
51,148,3,90,72
52,149,2,90,72
53,152,2,90,72
54,157,7,90,72
55,159,7,90,72
56,162,2,90,72
57,168,2,90,72
58,171,2,90,72
59,172,3,90,72
60,177,2,90,72
61,180,5,90,72
62,181,2,90,72
63,182,2,90,72
64,185,2,90,72
65,188,2,90,72
66,189,2,90,72
67,191,2,90,72
68,192,2,90,72
69,193,2,90,72
70,194,1,90,72
71,198,6,90,72
72,200,1,90,72
73,201,1,90,72
74,204,6,90,72
75,205,4,90,72
76,207,2,90,72
77,210,4,90,72
78,211,1,90,72
79,217,7,90,72
80,220,2,90,72
81,222,2,90,72
82,224,2,90,72
83,231,1,90,72
84,232,5,90,72
85,233,3,90,72
86,235,2,90,72
87,236,1,90,72
88,238,4,90,72
89,240,7,90,72
90,241,2,90,72
91,243,7,90,72
92,247,5,90,72
93,248,3,90,72
94,255,5,90,72
95,257,2,90,72
96,258,2,90,72
97,263,1,90,72
98,267,1,90,72
99,268,5,90,72
100,272,2,90,72
101,275,1,90,72
102,278,2,90,72
103,291,0,90,72
104,293,0,90,72
105,296,0,90,72
106,300,2,90,72
107,301,0,90,72
108,306,2,90,72
109,307,0,90,72
110,311,4,90,72
111,316,2,90,72
112,321,2,90,72
113,323,2,90,72
114,324,2,90,72
115,325,2,90,72
116,326,2,90,72
117,327,5,90,72
118,328,2,90,72
119,337,2,90,72
120,338,6,90,72
121,339,2,90,72
122,340,6,90,72
123,341,6,90,72
124,342,3,90,72
125,347,8,90,72
126,348,6,90,72
127,350,6,90,72
128,351,13,90,72
129,355,6,90,72
130,363,9,90,72
131,365,10,90,72
132,366,9,90,72
133,369,2,90,72
134,370,7,90,72
135,372,5,90,72
136,375,9,90,72
137,380,3,90,72
138,383,2,90,72
139,385,5,90,72
140,388,2,90,72
141,392,12,90,72
142,395,2,90,72
143,398,11,90,72
144,399,2,90,72
145,401,3,90,72
146,403,2,90,72
147,409,2,90,72
148,413,2,90,72
149,415,2,90,72
150,417,7,90,72
151,420,2,90,72
152,422,1,90,72
153,432,2,90,72
154,433,2,90,72
155,434,2,90,72
156,436,1,90,72
157,443,1,90,72
158,447,2,90,72
159,449,7,90,72
160,452,2,90,72
161,455,1,90,72
162,456,1,90,72
163,461,1,90,72
164,474,1,90,72
165,476,1,90,72
166,480,10,90,72
167,482,2,90,72
168,486,5,90,72
169,491,2,90,72
170,495,3,90,72
171,498,2,90,72
172,499,7,90,72
173,503,2,90,72
174,505,2,90,72
175,508,2,90,72
176,514,7,90,72
177,518,2,90,72
178,520,8,90,72
179,521,2,90,72
180,524,2,90,72
181,527,9,90,72
182,528,2,90,72
183,531,7,90,72
184,533,9,90,72
185,539,6,90,72
186,541,6,90,72
187,542,6,90,72
188,553,3,90,72
189,557,3,90,72
190,559,6,90,72
191,564,7,90,72
192,567,6,90,72
193,568,1,90,72
194,570,2,90,72
195,571,3,90,72
196,573,1,90,72
197,577,2,90,72
198,585,2,90,72
199,587,2,90,72
200,588,2,90,72
201,591,2,90,72
202,594,2,90,72
203,596,2,90,72
204,598,6,90,72
205,608,2,90,72
206,611,2,90,72
207,617,2,90,72
208,618,2,90,72
209,619,2,90,72
210,622,2,90,72
211,623,5,90,72
212,625,3,90,72
213,630,1,90,72
214,631,7,90,72
215,650,1,90,72
216,651,2,90,72
217,652,2,90,72
218,654,2,90,72
219,10149,6,90,72
0,2,2,90,73
1,3,6,90,73
2,4,2,90,73
3,6,6,90,73
4,9,3,90,73
5,12,4,90,73
6,14,2,90,73
7,15,6,90,73
8,16,3,90,73
9,17,3,90,73
10,18,6,90,73
11,19,7,90,73
12,24,9,90,73
13,26,4,90,73
14,27,2,90,73
15,36,0,90,73
16,38,2,90,73
17,44,6,90,73
18,47,0,90,73
19,48,2,90,73
20,52,0,90,73
21,53,2,90,73
22,57,2,90,73
23,58,5,90,73
24,60,7,90,73
25,63,2,90,73
26,64,2,90,73
27,70,1,90,73
28,71,5,90,73
29,76,2,90,73
30,78,2,90,73
31,79,1,90,73
32,82,5,90,73
33,85,1,90,73
34,88,2,90,73
35,91,2,90,73
36,94,4,90,73
37,95,8,90,73
38,98,2,90,73
39,99,5,90,73
40,101,2,90,73
41,104,2,90,73
42,106,5,90,73
43,110,6,90,73
44,115,2,90,73
45,117,2,90,73
46,122,3,90,73
47,126,2,90,73
48,128,0,90,73
49,136,2,90,73
50,144,0,90,73
51,145,0,90,73
52,146,0,90,73
53,148,2,90,73
54,152,1,90,73
55,157,3,90,73
56,159,3,90,73
57,162,6,90,73
58,163,8,90,73
59,166,3,90,73
60,172,6,90,73
61,174,3,90,73
62,180,2,90,73
63,181,3,90,73
64,182,3,90,73
65,185,6,90,73
66,189,6,90,73
67,191,1,90,73
68,193,2,90,73
69,194,1,90,73
70,200,1,90,73
71,201,1,90,73
72,204,2,90,73
73,205,8,90,73
74,207,10,90,73
75,211,1,90,73
76,214,7,90,73
77,220,2,90,73
78,222,2,90,73
79,224,2,90,73
80,228,0,90,73
81,230,2,90,73
82,231,0,90,73
83,232,2,90,73
84,235,0,90,73
85,236,0,90,73
86,238,0,90,73
87,240,13,90,73
88,241,1,90,73
89,245,1,90,73
90,248,1,90,73
91,252,6,90,73
92,255,4,90,73
93,257,1,90,73
94,259,7,90,73
95,263,12,90,73
96,267,6,90,73
97,274,3,90,73
98,275,6,90,73
99,277,3,90,73
100,278,3,90,73
101,291,2,90,73
102,293,2,90,73
103,295,2,90,73
104,298,2,90,73
105,300,2,90,73
106,302,2,90,73
107,306,2,90,73
108,307,3,90,73
109,309,2,90,73
110,313,2,90,73
111,316,6,90,73
112,321,9,90,73
113,323,3,90,73
114,325,2,90,73
115,326,2,90,73
116,327,5,90,73
117,328,19,90,73
118,329,2,90,73
119,336,2,90,73
120,338,2,90,73
121,339,2,90,73
122,340,6,90,73
123,342,8,90,73
124,347,6,90,73
125,348,6,90,73
126,350,6,90,73
127,351,12,90,73
128,354,3,90,73
129,355,6,90,73
130,363,6,90,73
131,366,9,90,73
132,368,3,90,73
133,369,6,90,73
134,372,3,90,73
135,375,4,90,73
136,380,6,90,73
137,383,6,90,73
138,385,3,90,73
139,388,6,90,73
140,389,6,90,73
141,392,7,90,73
142,394,2,90,73
143,395,0,90,73
144,398,12,90,73
145,399,0,90,73
146,401,2,90,73
147,403,5,90,73
148,409,3,90,73
149,410,2,90,73
150,413,0,90,73
151,417,2,90,73
152,422,8,90,73
153,431,2,90,73
154,433,18,90,73
155,434,5,90,73
156,436,1,90,73
157,437,7,90,73
158,443,1,90,73
159,447,9,90,73
160,449,2,90,73
161,453,5,90,73
162,455,2,90,73
163,461,8,90,73
164,467,2,90,73
165,470,2,90,73
166,474,5,90,73
167,476,2,90,73
168,480,2,90,73
169,482,2,90,73
170,484,2,90,73
171,486,2,90,73
172,491,4,90,73
173,494,3,90,73
174,495,2,90,73
175,499,2,90,73
176,505,2,90,73
177,508,2,90,73
178,512,8,90,73
179,514,21,90,73
180,517,6,90,73
181,518,2,90,73
182,520,6,90,73
183,521,6,90,73
184,524,6,90,73
185,527,6,90,73
186,528,9,90,73
187,530,4,90,73
188,533,2,90,73
189,541,7,90,73
190,542,2,90,73
191,550,2,90,73
192,557,4,90,73
193,559,2,90,73
194,564,2,90,73
195,565,2,90,73
196,567,2,90,73
197,568,6,90,73
198,569,2,90,73
199,571,9,90,73
200,573,6,90,73
201,585,5,90,73
202,588,3,90,73
203,593,6,90,73
204,594,6,90,73
205,598,0,90,73
206,611,6,90,73
207,617,2,90,73
208,618,2,90,73
209,619,3,90,73
210,622,2,90,73
211,623,2,90,73
212,625,6,90,73
213,628,0,90,73
214,630,6,90,73
215,631,3,90,73
216,635,2,90,73
217,650,1,90,73
218,651,2,90,73
219,655,2,90,73
0,3,1,90,74
1,4,6,90,74
2,9,7,90,74
3,13,2,90,74
4,14,1,90,74
5,15,1,90,74
6,16,5,90,74
7,17,2,90,74
8,18,4,90,74
9,20,2,90,74
10,24,2,90,74
11,26,4,90,74
12,27,2,90,74
13,28,2,90,74
14,31,2,90,74
15,36,1,90,74
16,38,2,90,74
17,44,2,90,74
18,47,1,90,74
19,48,2,90,74
20,53,2,90,74
21,57,2,90,74
22,58,2,90,74
23,62,2,90,74
24,63,2,90,74
25,64,5,90,74
26,65,6,90,74
27,70,2,90,74
28,78,2,90,74
29,79,4,90,74
30,81,5,90,74
31,82,2,90,74
32,83,2,90,74
33,85,2,90,74
34,88,2,90,74
35,89,2,90,74
36,91,2,90,74
37,98,7,90,74
38,101,2,90,74
39,104,3,90,74
40,105,5,90,74
41,106,2,90,74
42,110,2,90,74
43,115,2,90,74
44,120,2,90,74
45,122,1,90,74
46,126,2,90,74
47,136,2,90,74
48,144,1,90,74
49,146,1,90,74
50,152,2,90,74
51,157,2,90,74
52,159,6,90,74
53,162,1,90,74
54,171,1,90,74
55,174,2,90,74
56,177,10,90,74
57,180,6,90,74
58,182,2,90,74
59,184,2,90,74
60,185,1,90,74
61,189,1,90,74
62,191,2,90,74
63,196,6,90,74
64,200,6,90,74
65,201,6,90,74
66,204,9,90,74
67,205,3,90,74
68,207,8,90,74
69,210,6,90,74
70,211,9,90,74
71,214,3,90,74
72,217,2,90,74
73,218,2,90,74
74,220,2,90,74
75,222,2,90,74
76,228,2,90,74
77,230,2,90,74
78,232,2,90,74
79,233,2,90,74
80,235,4,90,74
81,236,2,90,74
82,238,2,90,74
83,239,3,90,74
84,240,2,90,74
85,241,2,90,74
86,247,2,90,74
87,248,2,90,74
88,252,2,90,74
89,255,2,90,74
90,257,2,90,74
91,259,2,90,74
92,263,1,90,74
93,265,2,90,74
94,267,1,90,74
95,268,2,90,74
96,272,2,90,74
97,274,2,90,74
98,275,1,90,74
99,278,2,90,74
100,291,6,90,74
101,293,6,90,74
102,295,7,90,74
103,296,6,90,74
104,300,3,90,74
105,301,6,90,74
106,307,6,90,74
107,309,3,90,74
108,314,2,90,74
109,316,5,90,74
110,320,3,90,74
111,323,5,90,74
112,324,8,90,74
113,325,6,90,74
114,327,8,90,74
115,328,6,90,74
116,329,3,90,74
117,335,6,90,74
118,336,3,90,74
119,338,2,90,74
120,339,6,90,74
121,340,2,90,74
122,341,2,90,74
123,342,2,90,74
124,345,2,90,74
125,346,2,90,74
126,347,2,90,74
127,348,10,90,74
128,350,2,90,74
129,351,9,90,74
130,354,5,90,74
131,355,2,90,74
132,366,3,90,74
133,368,3,90,74
134,369,6,90,74
135,370,5,90,74
136,376,6,90,74
137,380,6,90,74
138,382,3,90,74
139,383,6,90,74
140,388,12,90,74
141,389,5,90,74
142,391,5,90,74
143,392,2,90,74
144,394,2,90,74
145,395,1,90,74
146,398,7,90,74
147,401,6,90,74
148,403,2,90,74
149,409,4,90,74
150,410,5,90,74
151,413,1,90,74
152,415,3,90,74
153,422,7,90,74
154,423,5,90,74
155,424,2,90,74
156,431,7,90,74
157,432,5,90,74
158,433,7,90,74
159,436,1,90,74
160,443,1,90,74
161,449,2,90,74
162,453,2,90,74
163,455,1,90,74
164,461,1,90,74
165,467,1,90,74
166,475,1,90,74
167,476,1,90,74
168,480,3,90,74
169,481,6,90,74
170,486,6,90,74
171,491,14,90,74
172,492,8,90,74
173,495,9,90,74
174,498,9,90,74
175,499,3,90,74
176,501,3,90,74
177,505,6,90,74
178,508,9,90,74
179,512,2,90,74
180,514,3,90,74
181,518,4,90,74
182,520,9,90,74
183,521,6,90,74
184,524,6,90,74
185,527,6,90,74
186,530,3,90,74
187,533,6,90,74
188,541,7,90,74
189,542,6,90,74
190,557,3,90,74
191,559,6,90,74
192,560,7,90,74
193,563,6,90,74
194,564,6,90,74
195,566,6,90,74
196,568,3,90,74
197,570,3,90,74
198,573,2,90,74
199,585,3,90,74
200,588,3,90,74
201,591,7,90,74
202,593,6,90,74
203,595,7,90,74
204,600,7,90,74
205,608,2,90,74
206,618,2,90,74
207,622,2,90,74
208,623,2,90,74
209,628,1,90,74
210,630,1,90,74
211,631,2,90,74
212,633,5,90,74
213,635,3,90,74
214,650,6,90,74
215,651,2,90,74
216,652,3,90,74
217,654,3,90,74
218,655,6,90,74
219,10149,3,90,74
0,4,6,90,75
1,6,1,90,75
2,9,9,90,75
3,10,2,90,75
4,13,17,90,75
5,14,4,90,75
6,15,1,90,75
7,16,2,90,75
8,18,1,90,75
9,19,5,90,75
10,20,2,90,75
11,23,2,90,75
12,24,1,90,75
13,25,4,90,75
14,26,8,90,75
15,28,2,90,75
16,35,1,90,75
17,38,2,90,75
18,44,1,90,75
19,47,1,90,75
20,48,7,90,75
21,52,1,90,75
22,53,2,90,75
23,57,2,90,75
24,58,5,90,75
25,63,2,90,75
26,64,2,90,75
27,65,2,90,75
28,70,1,90,75
29,71,8,90,75
30,78,2,90,75
31,79,1,90,75
32,81,1,90,75
33,85,1,90,75
34,88,2,90,75
35,89,5,90,75
36,91,2,90,75
37,94,2,90,75
38,98,7,90,75
39,99,4,90,75
40,101,2,90,75
41,104,2,90,75
42,106,7,90,75
43,110,12,90,75
44,115,2,90,75
45,117,7,90,75
46,122,0,90,75
47,126,2,90,75
48,128,0,90,75
49,136,2,90,75
50,144,0,90,75
51,145,0,90,75
52,146,0,90,75
53,148,2,90,75
54,149,2,90,75
55,152,1,90,75
56,157,2,90,75
57,162,6,90,75
58,163,0,90,75
59,172,6,90,75
60,177,4,90,75
61,180,6,90,75
62,184,7,90,75
63,185,0,90,75
64,189,0,90,75
65,191,2,90,75
66,194,6,90,75
67,196,6,90,75
68,198,2,90,75
69,200,6,90,75
70,201,6,90,75
71,204,2,90,75
72,205,3,90,75
73,207,6,90,75
74,210,6,90,75
75,211,6,90,75
76,214,6,90,75
77,219,2,90,75
78,220,3,90,75
79,222,2,90,75
80,224,2,90,75
81,231,2,90,75
82,232,2,90,75
83,233,7,90,75
84,235,2,90,75
85,236,2,90,75
86,238,5,90,75
87,241,2,90,75
88,247,3,90,75
89,248,2,90,75
90,254,2,90,75
91,255,2,90,75
92,257,2,90,75
93,258,4,90,75
94,263,2,90,75
95,264,2,90,75
96,267,2,90,75
97,272,2,90,75
98,275,2,90,75
99,277,2,90,75
100,285,2,90,75
101,291,1,90,75
102,293,1,90,75
103,295,4,90,75
104,298,2,90,75
105,300,2,90,75
106,301,1,90,75
107,305,1,90,75
108,311,2,90,75
109,316,2,90,75
110,323,2,90,75
111,324,5,90,75
112,325,1,90,75
113,326,1,90,75
114,327,8,90,75
115,328,15,90,75
116,329,2,90,75
117,335,9,90,75
118,338,2,90,75
119,339,1,90,75
120,340,6,90,75
121,342,18,90,75
122,345,11,90,75
123,346,9,90,75
124,347,6,90,75
125,350,12,90,75
126,351,7,90,75
127,354,3,90,75
128,355,6,90,75
129,366,8,90,75
130,368,2,90,75
131,369,5,90,75
132,375,3,90,75
133,380,10,90,75
134,382,2,90,75
135,383,2,90,75
136,385,2,90,75
137,386,2,90,75
138,388,6,90,75
139,389,6,90,75
140,391,5,90,75
141,392,7,90,75
142,394,2,90,75
143,395,2,90,75
144,398,13,90,75
145,399,2,90,75
146,401,9,90,75
147,403,7,90,75
148,409,12,90,75
149,413,2,90,75
150,415,2,90,75
151,422,0,90,75
152,423,2,90,75
153,432,2,90,75
154,433,2,90,75
155,434,2,90,75
156,436,0,90,75
157,443,0,90,75
158,447,5,90,75
159,449,2,90,75
160,453,2,90,75
161,455,2,90,75
162,461,2,90,75
163,463,7,90,75
164,467,2,90,75
165,474,8,90,75
166,475,2,90,75
167,480,3,90,75
168,486,7,90,75
169,489,3,90,75
170,491,6,90,75
171,492,3,90,75
172,494,6,90,75
173,495,8,90,75
174,498,6,90,75
175,503,8,90,75
176,505,6,90,75
177,508,6,90,75
178,512,2,90,75
179,514,8,90,75
180,518,2,90,75
181,520,6,90,75
182,521,6,90,75
183,524,6,90,75
184,527,5,90,75
185,533,2,90,75
186,535,5,90,75
187,541,6,90,75
188,542,2,90,75
189,544,2,90,75
190,553,2,90,75
191,557,2,90,75
192,559,3,90,75
193,560,8,90,75
194,564,2,90,75
195,567,2,90,75
196,568,2,90,75
197,570,2,90,75
198,571,6,90,75
199,573,0,90,75
200,576,3,90,75
201,577,2,90,75
202,585,3,90,75
203,588,3,90,75
204,591,6,90,75
205,593,2,90,75
206,608,2,90,75
207,611,2,90,75
208,617,2,90,75
209,618,3,90,75
210,619,2,90,75
211,622,2,90,75
212,623,2,90,75
213,625,6,90,75
214,630,2,90,75
215,631,2,90,75
216,650,6,90,75
217,651,2,90,75
218,652,2,90,75
219,654,3,90,75
0,3,6,90,76
1,4,4,90,76
2,6,6,90,76
3,9,3,90,76
4,14,2,90,76
5,15,9,90,76
6,16,3,90,76
7,17,8,90,76
8,18,12,90,76
9,19,5,90,76
10,20,3,90,76
11,23,3,90,76
12,24,9,90,76
13,26,6,90,76
14,28,4,90,76
15,35,1,90,76
16,36,1,90,76
17,38,2,90,76
18,44,1,90,76
19,47,1,90,76
20,48,2,90,76
21,52,4,90,76
22,54,2,90,76
23,58,2,90,76
24,64,4,90,76
25,65,2,90,76
26,70,1,90,76
27,71,2,90,76
28,76,5,90,76
29,78,7,90,76
30,79,1,90,76
31,82,6,90,76
32,83,2,90,76
33,88,1,90,76
34,91,1,90,76
35,95,7,90,76
36,98,5,90,76
37,99,3,90,76
38,101,2,90,76
39,104,1,90,76
40,105,1,90,76
41,106,7,90,76
42,110,2,90,76
43,113,2,90,76
44,115,2,90,76
45,117,13,90,76
46,126,5,90,76
47,129,2,90,76
48,144,-1,90,76
49,145,-1,90,76
50,146,-1,90,76
51,148,2,90,76
52,149,2,90,76
53,152,1,90,76
54,157,2,90,76
55,159,2,90,76
56,168,2,90,76
57,171,1,90,76
58,174,2,90,76
59,177,2,90,76
60,181,2,90,76
61,182,3,90,76
62,185,1,90,76
63,188,5,90,76
64,189,1,90,76
65,191,2,90,76
66,193,2,90,76
67,194,2,90,76
68,200,2,90,76
69,201,2,90,76
70,204,2,90,76
71,205,10,90,76
72,207,3,90,76
73,211,2,90,76
74,214,2,90,76
75,218,2,90,76
76,220,12,90,76
77,222,4,90,76
78,224,7,90,76
79,228,2,90,76
80,231,2,90,76
81,232,2,90,76
82,233,2,90,76
83,235,2,90,76
84,236,2,90,76
85,240,2,90,76
86,241,2,90,76
87,247,2,90,76
88,248,2,90,76
89,252,2,90,76
90,255,2,90,76
91,257,2,90,76
92,259,9,90,76
93,265,2,90,76
94,267,1,90,76
95,268,2,90,76
96,274,2,90,76
97,275,1,90,76
98,278,2,90,76
99,284,1,90,76
100,291,6,90,76
101,293,6,90,76
102,296,6,90,76
103,298,6,90,76
104,300,6,90,76
105,301,12,90,76
106,305,7,90,76
107,307,6,90,76
108,309,3,90,76
109,316,2,90,76
110,321,2,90,76
111,323,4,90,76
112,325,6,90,76
113,326,6,90,76
114,327,6,90,76
115,328,16,90,76
116,329,3,90,76
117,335,6,90,76
118,336,11,90,76
119,338,1,90,76
120,339,6,90,76
121,340,6,90,76
122,342,8,90,76
123,345,3,90,76
124,346,19,90,76
125,347,6,90,76
126,348,9,90,76
127,350,6,90,76
128,351,14,90,76
129,354,6,90,76
130,355,7,90,76
131,363,6,90,76
132,366,2,90,76
133,368,2,90,76
134,369,1,90,76
135,370,2,90,76
136,372,2,90,76
137,375,2,90,76
138,380,1,90,76
139,383,4,90,76
140,385,2,90,76
141,386,2,90,76
142,388,1,90,76
143,391,3,90,76
144,392,3,90,76
145,394,3,90,76
146,398,3,90,76
147,399,6,90,76
148,401,2,90,76
149,403,3,90,76
150,409,6,90,76
151,410,3,90,76
152,413,6,90,76
153,415,6,90,76
154,422,6,90,76
155,431,3,90,76
156,433,4,90,76
157,434,3,90,76
158,436,6,90,76
159,443,6,90,76
160,447,4,90,76
161,449,3,90,76
162,455,2,90,76
163,461,2,90,76
164,463,2,90,76
165,467,8,90,76
166,474,2,90,76
167,476,2,90,76
168,480,2,90,76
169,484,2,90,76
170,486,4,90,76
171,491,2,90,76
172,492,2,90,76
173,494,5,90,76
174,495,8,90,76
175,498,2,90,76
176,503,8,90,76
177,508,2,90,76
178,512,2,90,76
179,514,5,90,76
180,518,2,90,76
181,520,7,90,76
182,521,4,90,76
183,524,2,90,76
184,527,2,90,76
185,528,1,90,76
186,530,2,90,76
187,531,3,90,76
188,533,2,90,76
189,541,2,90,76
190,542,5,90,76
191,543,2,90,76
192,557,2,90,76
193,559,3,90,76
194,560,2,90,76
195,564,2,90,76
196,565,5,90,76
197,566,6,90,76
198,568,2,90,76
199,570,6,90,76
200,573,9,90,76
201,577,7,90,76
202,585,2,90,76
203,587,2,90,76
204,588,2,90,76
205,592,1,90,76
206,593,3,90,76
207,608,4,90,76
208,611,7,90,76
209,617,9,90,76
210,618,2,90,76
211,619,2,90,76
212,622,2,90,76
213,623,2,90,76
214,628,1,90,76
215,630,1,90,76
216,650,2,90,76
217,651,2,90,76
218,652,2,90,76
219,10149,2,90,76
0,2,6,90,77
1,3,1,90,77
2,4,5,90,77
3,6,1,90,77
4,7,2,90,77
5,9,2,90,77
6,14,1,90,77
7,15,3,90,77
8,17,2,90,77
9,18,1,90,77
10,19,2,90,77
11,23,2,90,77
12,24,2,90,77
13,26,2,90,77
14,27,2,90,77
15,35,1,90,77
16,36,1,90,77
17,44,1,90,77
18,47,1,90,77
19,48,2,90,77
20,52,1,90,77
21,53,2,90,77
22,57,2,90,77
23,58,2,90,77
24,63,7,90,77
25,64,2,90,77
26,70,1,90,77
27,71,2,90,77
28,76,5,90,77
29,78,2,90,77
30,79,1,90,77
31,81,1,90,77
32,82,4,90,77
33,83,2,90,77
34,85,1,90,77
35,88,2,90,77
36,91,2,90,77
37,94,5,90,77
38,95,5,90,77
39,98,2,90,77
40,99,8,90,77
41,100,2,90,77
42,101,7,90,77
43,104,2,90,77
44,110,8,90,77
45,113,2,90,77
46,115,2,90,77
47,120,1,90,77
48,122,0,90,77
49,136,2,90,77
50,144,0,90,77
51,146,0,90,77
52,148,6,90,77
53,152,4,90,77
54,157,2,90,77
55,159,7,90,77
56,162,2,90,77
57,166,2,90,77
58,171,2,90,77
59,172,5,90,77
60,174,2,90,77
61,177,13,90,77
62,180,6,90,77
63,182,2,90,77
64,185,2,90,77
65,191,2,90,77
66,194,6,90,77
67,200,6,90,77
68,201,6,90,77
69,204,9,90,77
70,205,3,90,77
71,207,4,90,77
72,210,6,90,77
73,211,6,90,77
74,214,6,90,77
75,217,2,90,77
76,219,1,90,77
77,220,5,90,77
78,222,4,90,77
79,228,1,90,77
80,231,1,90,77
81,233,2,90,77
82,234,1,90,77
83,235,1,90,77
84,236,1,90,77
85,238,1,90,77
86,240,2,90,77
87,241,2,90,77
88,245,2,90,77
89,247,2,90,77
90,248,2,90,77
91,252,2,90,77
92,255,2,90,77
93,259,2,90,77
94,263,2,90,77
95,267,2,90,77
96,268,2,90,77
97,274,2,90,77
98,275,2,90,77
99,277,2,90,77
100,291,6,90,77
101,293,6,90,77
102,296,6,90,77
103,298,8,90,77
104,300,6,90,77
105,302,6,90,77
106,306,5,90,77
107,307,6,90,77
108,311,6,90,77
109,316,2,90,77
110,323,6,90,77
111,324,8,90,77
112,325,6,90,77
113,326,6,90,77
114,327,10,90,77
115,328,6,90,77
116,329,6,90,77
117,335,6,90,77
118,338,2,90,77
119,339,7,90,77
120,340,8,90,77
121,341,8,90,77
122,342,2,90,77
123,345,10,90,77
124,347,2,90,77
125,348,4,90,77
126,350,2,90,77
127,351,13,90,77
128,355,5,90,77
129,363,2,90,77
130,365,2,90,77
131,366,4,90,77
132,368,2,90,77
133,369,3,90,77
134,372,2,90,77
135,375,2,90,77
136,380,2,90,77
137,382,2,90,77
138,383,2,90,77
139,388,6,90,77
140,392,7,90,77
141,394,2,90,77
142,395,1,90,77
143,398,5,90,77
144,399,1,90,77
145,401,2,90,77
146,404,1,90,77
147,409,3,90,77
148,413,1,90,77
149,415,1,90,77
150,420,2,90,77
151,422,6,90,77
152,424,2,90,77
153,432,7,90,77
154,433,2,90,77
155,434,5,90,77
156,436,2,90,77
157,443,2,90,77
158,447,10,90,77
159,449,5,90,77
160,453,2,90,77
161,455,1,90,77
162,461,1,90,77
163,467,1,90,77
164,472,1,90,77
165,474,1,90,77
166,476,1,90,77
167,480,3,90,77
168,482,3,90,77
169,484,6,90,77
170,486,6,90,77
171,491,8,90,77
172,492,6,90,77
173,498,6,90,77
174,499,3,90,77
175,501,3,90,77
176,505,6,90,77
177,508,6,90,77
178,512,2,90,77
179,514,7,90,77
180,518,2,90,77
181,521,6,90,77
182,524,6,90,77
183,527,8,90,77
184,528,6,90,77
185,530,3,90,77
186,533,6,90,77
187,541,7,90,77
188,542,6,90,77
189,543,6,90,77
190,553,8,90,77
191,557,6,90,77
192,559,6,90,77
193,560,2,90,77
194,565,5,90,77
195,566,2,90,77
196,567,6,90,77
197,568,5,90,77
198,569,2,90,77
199,570,3,90,77
200,573,2,90,77
201,583,2,90,77
202,585,8,90,77
203,587,11,90,77
204,588,3,90,77
205,591,6,90,77
206,593,2,90,77
207,594,2,90,77
208,595,2,90,77
209,618,5,90,77
210,619,3,90,77
211,622,2,90,77
212,623,2,90,77
213,625,5,90,77
214,628,0,90,77
215,630,2,90,77
216,631,2,90,77
217,635,3,90,77
218,650,9,90,77
219,651,2,90,77
0,3,1,90,78
1,4,2,90,78
2,6,1,90,78
3,9,2,90,78
4,13,2,90,78
5,14,2,90,78
6,15,1,90,78
7,16,2,90,78
8,17,2,90,78
9,18,1,90,78
10,19,2,90,78
11,20,2,90,78
12,23,2,90,78
13,26,2,90,78
14,35,2,90,78
15,42,2,90,78
16,44,2,90,78
17,47,2,90,78
18,48,2,90,78
19,52,8,90,78
20,54,5,90,78
21,57,7,90,78
22,58,12,90,78
23,59,6,90,78
24,63,3,90,78
25,64,3,90,78
26,70,6,90,78
27,71,3,90,78
28,78,3,90,78
29,79,6,90,78
30,82,10,90,78
31,83,3,90,78
32,85,6,90,78
33,88,6,90,78
34,91,6,90,78
35,98,3,90,78
36,99,3,90,78
37,101,3,90,78
38,104,9,90,78
39,105,7,90,78
40,110,2,90,78
41,111,3,90,78
42,117,2,90,78
43,122,2,90,78
44,126,2,90,78
45,128,2,90,78
46,129,2,90,78
47,136,2,90,78
48,144,3,90,78
49,145,2,90,78
50,146,2,90,78
51,148,2,90,78
52,149,2,90,78
53,152,6,90,78
54,157,3,90,78
55,162,9,90,78
56,168,3,90,78
57,171,6,90,78
58,172,6,90,78
59,174,3,90,78
60,177,3,90,78
61,180,11,90,78
62,182,3,90,78
63,185,8,90,78
64,189,9,90,78
65,191,1,90,78
66,192,2,90,78
67,193,5,90,78
68,194,1,90,78
69,198,2,90,78
70,200,1,90,78
71,201,1,90,78
72,204,4,90,78
73,205,2,90,78
74,207,13,90,78
75,210,4,90,78
76,211,1,90,78
77,214,7,90,78
78,218,2,90,78
79,220,6,90,78
80,222,3,90,78
81,224,3,90,78
82,228,6,90,78
83,231,6,90,78
84,232,3,90,78
85,233,2,90,78
86,234,6,90,78
87,235,6,90,78
88,236,6,90,78
89,238,6,90,78
90,240,5,90,78
91,241,1,90,78
92,247,2,90,78
93,248,2,90,78
94,251,10,90,78
95,254,2,90,78
96,255,4,90,78
97,257,1,90,78
98,263,7,90,78
99,266,1,90,78
100,267,4,90,78
101,268,2,90,78
102,275,1,90,78
103,278,2,90,78
104,284,1,90,78
105,291,0,90,78
106,293,0,90,78
107,296,0,90,78
108,298,2,90,78
109,302,0,90,78
110,305,0,90,78
111,311,1,90,78
112,314,3,90,78
113,321,3,90,78
114,323,2,90,78
115,325,1,90,78
116,326,4,90,78
117,327,2,90,78
118,328,9,90,78
119,329,5,90,78
120,335,1,90,78
121,336,2,90,78
122,338,8,90,78
123,339,1,90,78
124,340,2,90,78
125,342,2,90,78
126,346,2,90,78
127,347,2,90,78
128,348,5,90,78
129,350,2,90,78
130,351,4,90,78
131,355,5,90,78
132,357,7,90,78
133,363,2,90,78
134,368,3,90,78
135,369,6,90,78
136,370,11,90,78
137,372,8,90,78
138,375,6,90,78
139,380,6,90,78
140,383,6,90,78
141,385,8,90,78
142,388,2,90,78
143,389,2,90,78
144,394,2,90,78
145,395,2,90,78
146,398,8,90,78
147,399,2,90,78
148,401,6,90,78
149,409,2,90,78
150,413,4,90,78
151,415,2,90,78
152,417,2,90,78
153,420,2,90,78
154,422,2,90,78
155,431,2,90,78
156,433,2,90,78
157,434,2,90,78
158,436,2,90,78
159,437,2,90,78
160,443,2,90,78
161,447,7,90,78
162,449,5,90,78
163,455,8,90,78
164,456,2,90,78
165,463,4,90,78
166,467,5,90,78
167,470,2,90,78
168,474,5,90,78
169,476,2,90,78
170,480,2,90,78
171,482,2,90,78
172,486,2,90,78
173,489,5,90,78
174,491,2,90,78
175,492,5,90,78
176,495,11,90,78
177,499,5,90,78
178,501,2,90,78
179,505,3,90,78
180,508,4,90,78
181,512,4,90,78
182,514,2,90,78
183,518,2,90,78
184,521,5,90,78
185,524,2,90,78
186,528,2,90,78
187,530,2,90,78
188,533,1,90,78
189,541,2,90,78
190,542,1,90,78
191,548,7,90,78
192,557,2,90,78
193,559,1,90,78
194,563,2,90,78
195,564,1,90,78
196,565,2,90,78
197,568,1,90,78
198,570,2,90,78
199,573,2,90,78
200,584,7,90,78
201,585,2,90,78
202,587,2,90,78
203,588,2,90,78
204,590,2,90,78
205,591,2,90,78
206,593,7,90,78
207,594,15,90,78
208,598,2,90,78
209,611,2,90,78
210,617,2,90,78
211,619,2,90,78
212,622,2,90,78
213,623,3,90,78
214,625,2,90,78
215,628,8,90,78
216,630,1,90,78
217,650,3,90,78
218,654,2,90,78
219,10149,2,90,78
0,3,0,90,79
1,4,2,90,79
2,6,0,90,79
3,7,2,90,79
4,13,5,90,79
5,14,1,90,79
6,15,0,90,79
7,16,2,90,79
8,17,2,90,79
9,18,0,90,79
10,19,2,90,79
11,23,7,90,79
12,24,0,90,79
13,26,6,90,79
14,27,2,90,79
15,28,7,90,79
16,35,1,90,79
17,36,1,90,79
18,42,2,90,79
19,44,1,90,79
20,47,2,90,79
21,52,1,90,79
22,53,5,90,79
23,54,5,90,79
24,58,6,90,79
25,60,3,90,79
26,63,3,90,79
27,65,2,90,79
28,70,12,90,79
29,71,3,90,79
30,78,5,90,79
31,79,6,90,79
32,82,6,90,79
33,83,3,90,79
34,85,6,90,79
35,88,2,90,79
36,91,2,90,79
37,95,2,90,79
38,98,2,90,79
39,99,5,90,79
40,101,2,90,79
41,104,2,90,79
42,105,2,90,79
43,110,2,90,79
44,117,2,90,79
45,120,0,90,79
46,122,0,90,79
47,126,5,90,79
48,128,0,90,79
49,136,2,90,79
50,144,0,90,79
51,146,0,90,79
52,148,14,90,79
53,152,6,90,79
54,157,3,90,79
55,159,6,90,79
56,162,5,90,79
57,171,2,90,79
58,172,7,90,79
59,180,6,90,79
60,181,7,90,79
61,182,10,90,79
62,184,5,90,79
63,185,2,90,79
64,188,2,90,79
65,189,2,90,79
66,191,2,90,79
67,194,6,90,79
68,196,6,90,79
69,200,6,90,79
70,201,6,90,79
71,204,6,90,79
72,205,5,90,79
73,207,6,90,79
74,211,6,90,79
75,214,3,90,79
76,219,2,90,79
77,220,2,90,79
78,222,2,90,79
79,231,2,90,79
80,232,2,90,79
81,233,2,90,79
82,234,2,90,79
83,235,2,90,79
84,236,2,90,79
85,238,2,90,79
86,239,2,90,79
87,240,2,90,79
88,241,2,90,79
89,247,5,90,79
90,248,2,90,79
91,255,2,90,79
92,259,3,90,79
93,263,1,90,79
94,265,7,90,79
95,267,4,90,79
96,268,2,90,79
97,274,4,90,79
98,278,2,90,79
99,291,1,90,79
100,293,1,90,79
101,295,1,90,79
102,296,1,90,79
103,298,2,90,79
104,300,2,90,79
105,306,2,90,79
106,307,1,90,79
107,309,2,90,79
108,311,4,90,79
109,314,2,90,79
110,321,2,90,79
111,323,7,90,79
112,324,2,90,79
113,325,1,90,79
114,326,1,90,79
115,327,7,90,79
116,328,4,90,79
117,329,8,90,79
118,337,1,90,79
119,338,2,90,79
120,339,1,90,79
121,340,1,90,79
122,341,1,90,79
123,342,8,90,79
124,347,3,90,79
125,348,5,90,79
126,350,1,90,79
127,351,15,90,79
128,354,2,90,79
129,363,1,90,79
130,364,13,90,79
131,368,3,90,79
132,369,14,90,79
133,370,3,90,79
134,375,6,90,79
135,380,6,90,79
136,383,6,90,79
137,385,6,90,79
138,386,7,90,79
139,388,6,90,79
140,392,3,90,79
141,394,3,90,79
142,395,6,90,79
143,398,3,90,79
144,401,2,90,79
145,402,3,90,79
146,403,3,90,79
147,405,6,90,79
148,410,3,90,79
149,413,6,90,79
150,415,6,90,79
151,422,6,90,79
152,431,3,90,79
153,432,6,90,79
154,433,3,90,79
155,434,3,90,79
156,436,8,90,79
157,443,6,90,79
158,449,3,90,79
159,452,2,90,79
160,453,2,90,79
161,455,1,90,79
162,461,1,90,79
163,463,2,90,79
164,472,1,90,79
165,484,2,90,79
166,486,2,90,79
167,491,2,90,79
168,492,5,90,79
169,494,2,90,79
170,495,2,90,79
171,498,2,90,79
172,503,8,90,79
173,505,5,90,79
174,508,2,90,79
175,512,6,90,79
176,514,3,90,79
177,518,2,90,79
178,520,6,90,79
179,521,8,90,79
180,524,7,90,79
181,527,6,90,79
182,530,6,90,79
183,531,3,90,79
184,533,9,90,79
185,541,11,90,79
186,542,9,90,79
187,543,6,90,79
188,553,3,90,79
189,557,3,90,79
190,559,6,90,79
191,564,6,90,79
192,566,4,90,79
193,567,6,90,79
194,568,1,90,79
195,570,3,90,79
196,571,7,90,79
197,573,7,90,79
198,577,2,90,79
199,579,2,90,79
200,583,1,90,79
201,585,3,90,79
202,587,3,90,79
203,588,3,90,79
204,591,6,90,79
205,593,6,90,79
206,594,6,90,79
207,595,5,90,79
208,611,2,90,79
209,617,6,90,79
210,618,5,90,79
211,622,2,90,79
212,623,5,90,79
213,625,5,90,79
214,628,0,90,79
215,630,1,90,79
216,631,2,90,79
217,650,6,90,79
218,651,2,90,79
219,652,3,90,79
0,3,8,90,80
1,4,3,90,80
2,6,9,90,80
3,12,6,90,80
4,13,13,90,80
5,14,9,90,80
6,15,6,90,80
7,16,3,90,80
8,17,3,90,80
9,18,6,90,80
10,19,2,90,80
11,23,3,90,80
12,24,12,90,80
13,26,2,90,80
14,27,7,90,80
15,36,1,90,80
16,38,5,90,80
17,44,1,90,80
18,47,1,90,80
19,48,2,90,80
20,52,1,90,80
21,53,2,90,80
22,54,2,90,80
23,57,5,90,80
24,58,7,90,80
25,63,2,90,80
26,64,2,90,80
27,65,2,90,80
28,70,1,90,80
29,71,2,90,80
30,79,1,90,80
31,81,1,90,80
32,82,5,90,80
33,83,2,90,80
34,85,1,90,80
35,88,6,90,80
36,89,3,90,80
37,91,6,90,80
38,94,3,90,80
39,98,11,90,80
40,99,3,90,80
41,101,4,90,80
42,104,11,90,80
43,105,6,90,80
44,106,3,90,80
45,117,3,90,80
46,120,0,90,80
47,122,2,90,80
48,126,2,90,80
49,128,0,90,80
50,131,0,90,80
51,136,2,90,80
52,145,0,90,80
53,146,3,90,80
54,149,2,90,80
55,152,1,90,80
56,157,2,90,80
57,159,6,90,80
58,162,4,90,80
59,163,1,90,80
60,172,1,90,80
61,174,2,90,80
62,177,2,90,80
63,180,2,90,80
64,182,2,90,80
65,185,1,90,80
66,189,1,90,80
67,191,2,90,80
68,192,8,90,80
69,200,6,90,80
70,201,6,90,80
71,204,2,90,80
72,205,3,90,80
73,207,5,90,80
74,210,6,90,80
75,211,6,90,80
76,214,3,90,80
77,217,4,90,80
78,219,1,90,80
79,220,6,90,80
80,222,2,90,80
81,228,1,90,80
82,230,5,90,80
83,231,1,90,80
84,233,2,90,80
85,235,2,90,80
86,236,7,90,80
87,238,1,90,80
88,239,2,90,80
89,240,2,90,80
90,241,4,90,80
91,244,2,90,80
92,247,3,90,80
93,248,2,90,80
94,252,5,90,80
95,255,2,90,80
96,263,2,90,80
97,264,2,90,80
98,267,2,90,80
99,268,2,90,80
100,272,2,90,80
101,274,2,90,80
102,278,2,90,80
103,284,2,90,80
104,291,6,90,80
105,293,7,90,80
106,295,9,90,80
107,296,6,90,80
108,298,6,90,80
109,306,2,90,80
110,307,6,90,80
111,309,3,90,80
112,311,2,90,80
113,321,2,90,80
114,323,2,90,80
115,325,2,90,80
116,326,2,90,80
117,327,5,90,80
118,328,2,90,80
119,335,11,90,80
120,336,4,90,80
121,337,2,90,80
122,338,15,90,80
123,339,8,90,80
124,340,6,90,80
125,341,6,90,80
126,342,3,90,80
127,345,11,90,80
128,346,8,90,80
129,347,6,90,80
130,350,6,90,80
131,351,6,90,80
132,354,3,90,80
133,363,9,90,80
134,368,2,90,80
135,369,4,90,80
136,375,2,90,80
137,376,2,90,80
138,380,2,90,80
139,382,2,90,80
140,383,2,90,80
141,389,2,90,80
142,392,2,90,80
143,394,2,90,80
144,395,2,90,80
145,398,2,90,80
146,399,2,90,80
147,401,6,90,80
148,402,2,90,80
149,403,5,90,80
150,409,2,90,80
151,413,4,90,80
152,415,2,90,80
153,422,2,90,80
154,432,2,90,80
155,433,7,90,80
156,434,2,90,80
157,436,3,90,80
158,443,2,90,80
159,447,8,90,80
160,449,2,90,80
161,452,3,90,80
162,453,2,90,80
163,455,6,90,80
164,461,6,90,80
165,463,3,90,80
166,472,6,90,80
167,474,9,90,80
168,480,3,90,80
169,486,6,90,80
170,489,3,90,80
171,491,11,90,80
172,492,4,90,80
173,494,3,90,80
174,495,6,90,80
175,503,5,90,80
176,505,6,90,80
177,508,6,90,80
178,512,2,90,80
179,514,7,90,80
180,516,7,90,80
181,517,1,90,80
182,518,3,90,80
183,520,1,90,80
184,521,1,90,80
185,524,1,90,80
186,527,2,90,80
187,530,2,90,80
188,533,2,90,80
189,541,2,90,80
190,542,2,90,80
191,553,2,90,80
192,557,2,90,80
193,559,2,90,80
194,560,2,90,80
195,564,2,90,80
196,565,2,90,80
197,566,2,90,80
198,567,2,90,80
199,568,2,90,80
200,570,3,90,80
201,571,12,90,80
202,573,2,90,80
203,585,8,90,80
204,587,5,90,80
205,591,1,90,80
206,592,1,90,80
207,593,2,90,80
208,594,2,90,80
209,595,2,90,80
210,619,2,90,80
211,622,2,90,80
212,623,5,90,80
213,628,0,90,80
214,630,2,90,80
215,647,3,90,80
216,650,6,90,80
217,651,2,90,80
218,652,2,90,80
219,10145,2,90,80
0,3,5,90,81
1,4,2,90,81
2,6,2,90,81
3,9,7,90,81
4,13,7,90,81
5,14,1,90,81
6,15,2,90,81
7,16,2,90,81
8,17,13,90,81
9,18,2,90,81
10,19,5,90,81
11,23,2,90,81
12,24,2,90,81
13,26,1,90,81
14,27,2,90,81
15,36,0,90,81
16,42,2,90,81
17,44,0,90,81
18,47,0,90,81
19,48,5,90,81
20,52,2,90,81
21,53,2,90,81
22,54,2,90,81
23,57,2,90,81
24,58,9,90,81
25,63,4,90,81
26,64,3,90,81
27,65,2,90,81
28,70,9,90,81
29,78,3,90,81
30,79,6,90,81
31,81,6,90,81
32,82,20,90,81
33,83,5,90,81
34,85,6,90,81
35,88,2,90,81
36,89,2,90,81
37,91,2,90,81
38,94,2,90,81
39,95,2,90,81
40,104,2,90,81
41,106,2,90,81
42,110,2,90,81
43,111,2,90,81
44,115,2,90,81
45,117,2,90,81
46,126,2,90,81
47,128,1,90,81
48,129,2,90,81
49,135,2,90,81
50,136,7,90,81
51,144,1,90,81
52,145,1,90,81
53,146,1,90,81
54,152,6,90,81
55,157,2,90,81
56,159,8,90,81
57,162,0,90,81
58,163,0,90,81
59,168,2,90,81
60,174,2,90,81
61,177,2,90,81
62,180,4,90,81
63,182,7,90,81
64,185,0,90,81
65,188,2,90,81
66,189,0,90,81
67,191,1,90,81
68,192,2,90,81
69,194,2,90,81
70,196,2,90,81
71,200,2,90,81
72,201,2,90,81
73,204,2,90,81
74,205,9,90,81
75,207,6,90,81
76,211,2,90,81
77,214,8,90,81
78,220,6,90,81
79,222,2,90,81
80,224,2,90,81
81,228,2,90,81
82,231,2,90,81
83,232,2,90,81
84,233,2,90,81
85,235,2,90,81
86,236,8,90,81
87,238,2,90,81
88,240,2,90,81
89,241,7,90,81
90,247,2,90,81
91,248,2,90,81
92,251,2,90,81
93,252,2,90,81
94,254,2,90,81
95,255,1,90,81
96,263,-1,90,81
97,264,2,90,81
98,265,2,90,81
99,267,-1,90,81
100,272,2,90,81
101,274,2,90,81
102,275,-1,90,81
103,278,2,90,81
104,285,2,90,81
105,291,7,90,81
106,293,1,90,81
107,296,1,90,81
108,298,2,90,81
109,299,2,90,81
110,301,4,90,81
111,309,2,90,81
112,311,5,90,81
113,313,8,90,81
114,314,2,90,81
115,322,8,90,81
116,323,2,90,81
117,325,2,90,81
118,326,3,90,81
119,327,2,90,81
120,328,20,90,81
121,329,10,90,81
122,336,2,90,81
123,338,2,90,81
124,339,2,90,81
125,340,2,90,81
126,341,4,90,81
127,345,5,90,81
128,347,5,90,81
129,348,8,90,81
130,350,8,90,81
131,351,6,90,81
132,354,5,90,81
133,355,2,90,81
134,363,2,90,81
135,366,8,90,81
136,368,2,90,81
137,369,4,90,81
138,372,2,90,81
139,375,6,90,81
140,380,2,90,81
141,383,2,90,81
142,385,10,90,81
143,388,3,90,81
144,394,4,90,81
145,395,1,90,81
146,398,8,90,81
147,399,1,90,81
148,401,6,90,81
149,409,1,90,81
150,410,2,90,81
151,413,1,90,81
152,415,4,90,81
153,417,2,90,81
154,420,7,90,81
155,422,1,90,81
156,423,2,90,81
157,433,5,90,81
158,434,2,90,81
159,436,2,90,81
160,443,1,90,81
161,447,9,90,81
162,449,2,90,81
163,453,9,90,81
164,455,1,90,81
165,461,1,90,81
166,467,4,90,81
167,474,1,90,81
168,476,1,90,81
169,480,8,90,81
170,482,8,90,81
171,486,6,90,81
172,491,3,90,81
173,492,6,90,81
174,494,7,90,81
175,495,11,90,81
176,498,18,90,81
177,503,8,90,81
178,508,6,90,81
179,512,2,90,81
180,514,6,90,81
181,518,2,90,81
182,521,1,90,81
183,524,10,90,81
184,527,2,90,81
185,530,2,90,81
186,535,7,90,81
187,541,6,90,81
188,542,2,90,81
189,544,3,90,81
190,548,2,90,81
191,553,2,90,81
192,559,2,90,81
193,560,5,90,81
194,565,10,90,81
195,566,7,90,81
196,567,5,90,81
197,568,-1,90,81
198,570,2,90,81
199,573,7,90,81
200,576,2,90,81
201,577,2,90,81
202,585,2,90,81
203,587,2,90,81
204,588,2,90,81
205,591,1,90,81
206,593,8,90,81
207,594,2,90,81
208,596,2,90,81
209,617,9,90,81
210,618,2,90,81
211,619,2,90,81
212,622,2,90,81
213,623,2,90,81
214,625,5,90,81
215,628,1,90,81
216,630,-1,90,81
217,650,2,90,81
218,651,5,90,81
219,652,3,90,81
0,3,6,90,82
1,4,2,90,82
2,6,6,90,82
3,10,4,90,82
4,13,3,90,82
5,14,2,90,82
6,15,6,90,82
7,16,3,90,82
8,17,3,90,82
9,18,6,90,82
10,23,3,90,82
11,24,6,90,82
12,25,6,90,82
13,26,1,90,82
14,27,6,90,82
15,36,1,90,82
16,44,1,90,82
17,47,1,90,82
18,48,2,90,82
19,49,1,90,82
20,52,1,90,82
21,54,2,90,82
22,57,2,90,82
23,58,3,90,82
24,63,2,90,82
25,64,2,90,82
26,65,6,90,82
27,78,5,90,82
28,79,4,90,82
29,81,1,90,82
30,82,6,90,82
31,83,5,90,82
32,85,1,90,82
33,88,1,90,82
34,89,10,90,82
35,91,1,90,82
36,98,2,90,82
37,99,9,90,82
38,100,7,90,82
39,104,1,90,82
40,105,1,90,82
41,106,5,90,82
42,110,2,90,82
43,113,7,90,82
44,115,2,90,82
45,117,2,90,82
46,120,0,90,82
47,122,0,90,82
48,126,2,90,82
49,128,0,90,82
50,129,5,90,82
51,136,2,90,82
52,144,0,90,82
53,146,0,90,82
54,152,1,90,82
55,157,3,90,82
56,159,6,90,82
57,162,6,90,82
58,163,6,90,82
59,171,6,90,82
60,172,8,90,82
61,174,3,90,82
62,177,6,90,82
63,180,2,90,82
64,181,3,90,82
65,182,4,90,82
66,185,6,90,82
67,191,6,90,82
68,193,3,90,82
69,196,6,90,82
70,200,6,90,82
71,201,6,90,82
72,204,4,90,82
73,205,5,90,82
74,207,5,90,82
75,210,6,90,82
76,214,3,90,82
77,220,8,90,82
78,222,2,90,82
79,224,2,90,82
80,230,7,90,82
81,231,2,90,82
82,232,5,90,82
83,233,2,90,82
84,234,2,90,82
85,235,2,90,82
86,238,2,90,82
87,240,3,90,82
88,241,6,90,82
89,243,3,90,82
90,247,3,90,82
91,248,6,90,82
92,252,2,90,82
93,255,6,90,82
94,259,3,90,82
95,265,2,90,82
96,267,1,90,82
97,268,2,90,82
98,274,2,90,82
99,275,1,90,82
100,277,2,90,82
101,278,2,90,82
102,291,0,90,82
103,293,0,90,82
104,296,0,90,82
105,298,2,90,82
106,300,2,90,82
107,301,0,90,82
108,306,2,90,82
109,307,0,90,82
110,309,2,90,82
111,311,6,90,82
112,316,2,90,82
113,321,5,90,82
114,323,3,90,82
115,324,3,90,82
116,325,6,90,82
117,326,6,90,82
118,328,13,90,82
119,329,9,90,82
120,335,8,90,82
121,338,4,90,82
122,339,6,90,82
123,340,4,90,82
124,342,2,90,82
125,345,2,90,82
126,346,10,90,82
127,347,3,90,82
128,348,10,90,82
129,350,11,90,82
130,351,10,90,82
131,354,2,90,82
132,355,2,90,82
133,366,11,90,82
134,369,9,90,82
135,370,6,90,82
136,372,8,90,82
137,375,2,90,82
138,380,7,90,82
139,383,8,90,82
140,385,13,90,82
141,388,1,90,82
142,391,10,90,82
143,392,2,90,82
144,394,2,90,82
145,398,5,90,82
146,401,2,90,82
147,403,7,90,82
148,404,2,90,82
149,409,2,90,82
150,410,2,90,82
151,413,2,90,82
152,415,3,90,82
153,422,4,90,82
154,424,2,90,82
155,425,1,90,82
156,433,2,90,82
157,434,2,90,82
158,436,1,90,82
159,443,3,90,82
160,449,7,90,82
161,452,2,90,82
162,453,2,90,82
163,455,2,90,82
164,461,2,90,82
165,463,2,90,82
166,467,8,90,82
167,474,8,90,82
168,476,2,90,82
169,480,3,90,82
170,482,8,90,82
171,486,6,90,82
172,491,11,90,82
173,494,11,90,82
174,495,6,90,82
175,496,6,90,82
176,503,7,90,82
177,505,6,90,82
178,508,6,90,82
179,512,2,90,82
180,514,5,90,82
181,518,2,90,82
182,520,1,90,82
183,521,1,90,82
184,524,1,90,82
185,527,2,90,82
186,530,6,90,82
187,531,2,90,82
188,533,4,90,82
189,542,1,90,82
190,557,7,90,82
191,559,1,90,82
192,564,1,90,82
193,565,3,90,82
194,566,4,90,82
195,567,1,90,82
196,568,1,90,82
197,570,2,90,82
198,573,1,90,82
199,577,2,90,82
200,579,6,90,82
201,585,3,90,82
202,588,2,90,82
203,591,7,90,82
204,592,7,90,82
205,593,6,90,82
206,594,6,90,82
207,598,1,90,82
208,611,2,90,82
209,617,7,90,82
210,618,2,90,82
211,625,5,90,82
212,630,1,90,82
213,631,2,90,82
214,637,1,90,82
215,650,6,90,82
216,651,10,90,82
217,652,3,90,82
218,654,2,90,82
219,10149,2,90,82
0,2,6,90,83
1,3,1,90,83
2,4,3,90,83
3,6,1,90,83
4,14,6,90,83
5,15,1,90,83
6,16,2,90,83
7,17,2,90,83
8,18,1,90,83
9,23,2,90,83
10,24,1,90,83
11,26,1,90,83
12,38,2,90,83
13,44,1,90,83
14,47,1,90,83
15,48,2,90,83
16,52,1,90,83
17,53,5,90,83
18,54,2,90,83
19,57,2,90,83
20,58,2,90,83
21,59,2,90,83
22,60,5,90,83
23,63,2,90,83
24,64,4,90,83
25,76,2,90,83
26,79,8,90,83
27,81,2,90,83
28,82,2,90,83
29,83,5,90,83
30,85,2,90,83
31,88,2,90,83
32,89,2,90,83
33,91,1,90,83
34,94,2,90,83
35,95,2,90,83
36,99,2,90,83
37,101,2,90,83
38,104,1,90,83
39,106,2,90,83
40,110,9,90,83
41,115,3,90,83
42,117,5,90,83
43,122,7,90,83
44,123,2,90,83
45,126,5,90,83
46,128,6,90,83
47,136,3,90,83
48,144,9,90,83
49,146,6,90,83
50,148,2,90,83
51,152,2,90,83
52,157,2,90,83
53,159,2,90,83
54,162,5,90,83
55,171,2,90,83
56,172,5,90,83
57,174,2,90,83
58,177,7,90,83
59,180,8,90,83
60,181,13,90,83
61,185,2,90,83
62,188,3,90,83
63,189,2,90,83
64,191,3,90,83
65,194,2,90,83
66,198,6,90,83
67,200,2,90,83
68,201,2,90,83
69,204,1,90,83
70,205,3,90,83
71,207,16,90,83
72,210,8,90,83
73,211,2,90,83
74,214,13,90,83
75,217,6,90,83
76,219,6,90,83
77,220,6,90,83
78,222,3,90,83
79,224,14,90,83
80,231,6,90,83
81,232,2,90,83
82,233,2,90,83
83,235,6,90,83
84,236,6,90,83
85,240,2,90,83
86,241,0,90,83
87,247,5,90,83
88,248,0,90,83
89,251,6,90,83
90,252,2,90,83
91,255,0,90,83
92,257,0,90,83
93,259,2,90,83
94,263,1,90,83
95,264,2,90,83
96,265,7,90,83
97,267,1,90,83
98,268,2,90,83
99,275,1,90,83
100,278,2,90,83
101,284,1,90,83
102,291,0,90,83
103,293,0,90,83
104,295,0,90,83
105,296,0,90,83
106,298,2,90,83
107,300,2,90,83
108,306,2,90,83
109,307,6,90,83
110,309,2,90,83
111,311,9,90,83
112,316,2,90,83
113,321,6,90,83
114,323,4,90,83
115,325,6,90,83
116,326,6,90,83
117,327,6,90,83
118,328,8,90,83
119,329,3,90,83
120,337,12,90,83
121,338,1,90,83
122,339,8,90,83
123,340,2,90,83
124,341,2,90,83
125,345,2,90,83
126,346,5,90,83
127,347,2,90,83
128,350,2,90,83
129,351,2,90,83
130,356,2,90,83
131,363,2,90,83
132,366,12,90,83
133,368,7,90,83
134,369,1,90,83
135,372,2,90,83
136,376,1,90,83
137,380,2,90,83
138,383,1,90,83
139,385,10,90,83
140,386,2,90,83
141,388,1,90,83
142,389,6,90,83
143,391,3,90,83
144,394,3,90,83
145,395,9,90,83
146,398,13,90,83
147,399,6,90,83
148,401,2,90,83
149,409,9,90,83
150,410,3,90,83
151,413,8,90,83
152,415,6,90,83
153,417,3,90,83
154,424,2,90,83
155,425,1,90,83
156,431,2,90,83
157,433,2,90,83
158,436,1,90,83
159,437,4,90,83
160,443,1,90,83
161,455,6,90,83
162,461,9,90,83
163,463,3,90,83
164,467,6,90,83
165,474,6,90,83
166,475,6,90,83
167,476,9,90,83
168,486,2,90,83
169,489,5,90,83
170,491,7,90,83
171,492,2,90,83
172,495,6,90,83
173,498,4,90,83
174,499,7,90,83
175,503,5,90,83
176,505,2,90,83
177,508,2,90,83
178,514,4,90,83
179,517,1,90,83
180,518,3,90,83
181,521,1,90,83
182,524,1,90,83
183,527,5,90,83
184,530,2,90,83
185,531,3,90,83
186,533,2,90,83
187,541,5,90,83
188,542,1,90,83
189,544,2,90,83
190,553,2,90,83
191,557,2,90,83
192,559,1,90,83
193,564,3,90,83
194,567,1,90,83
195,568,1,90,83
196,573,1,90,83
197,577,4,90,83
198,585,7,90,83
199,587,2,90,83
200,588,2,90,83
201,591,1,90,83
202,593,1,90,83
203,595,3,90,83
204,596,2,90,83
205,597,5,90,83
206,598,1,90,83
207,608,13,90,83
208,617,6,90,83
209,618,8,90,83
210,619,2,90,83
211,622,2,90,83
212,625,2,90,83
213,630,1,90,83
214,650,2,90,83
215,651,8,90,83
216,652,5,90,83
217,654,2,90,83
218,10001,2,90,83
219,10149,2,90,83
0,3,2,90,84
1,4,10,90,84
2,6,2,90,84
3,9,4,90,84
4,10,2,90,84
5,14,1,90,84
6,15,2,90,84
7,16,2,90,84
8,17,2,90,84
9,18,2,90,84
10,23,2,90,84
11,24,2,90,84
12,25,2,90,84
13,26,6,90,84
14,27,2,90,84
15,35,1,90,84
16,36,1,90,84
17,44,1,90,84
18,45,1,90,84
19,47,1,90,84
20,48,2,90,84
21,53,5,90,84
22,54,7,90,84
23,57,2,90,84
24,58,9,90,84
25,59,1,90,84
26,60,2,90,84
27,63,2,90,84
28,64,2,90,84
29,70,1,90,84
30,71,7,90,84
31,78,4,90,84
32,82,6,90,84
33,83,5,90,84
34,85,1,90,84
35,88,2,90,84
36,89,2,90,84
37,91,2,90,84
38,99,5,90,84
39,101,2,90,84
40,104,3,90,84
41,105,2,90,84
42,106,2,90,84
43,110,6,90,84
44,115,2,90,84
45,120,2,90,84
46,122,8,90,84
47,126,7,90,84
48,128,2,90,84
49,129,6,90,84
50,136,10,90,84
51,144,2,90,84
52,146,2,90,84
53,148,6,90,84
54,152,1,90,84
55,157,5,90,84
56,159,6,90,84
57,162,2,90,84
58,163,1,90,84
59,171,1,90,84
60,172,1,90,84
61,177,2,90,84
62,180,2,90,84
63,182,10,90,84
64,185,1,90,84
65,188,2,90,84
66,189,1,90,84
67,191,1,90,84
68,194,6,90,84
69,198,5,90,84
70,200,6,90,84
71,201,6,90,84
72,204,2,90,84
73,205,6,90,84
74,207,7,90,84
75,210,6,90,84
76,211,6,90,84
77,214,3,90,84
78,217,2,90,84
79,219,2,90,84
80,224,2,90,84
81,228,2,90,84
82,230,2,90,84
83,231,2,90,84
84,233,3,90,84
85,235,2,90,84
86,236,2,90,84
87,238,2,90,84
88,240,2,90,84
89,241,4,90,84
90,245,1,90,84
91,248,1,90,84
92,252,2,90,84
93,255,3,90,84
94,257,1,90,84
95,259,2,90,84
96,263,0,90,84
97,265,2,90,84
98,268,2,90,84
99,272,2,90,84
100,274,3,90,84
101,275,2,90,84
102,278,2,90,84
103,291,1,90,84
104,293,1,90,84
105,296,1,90,84
106,298,2,90,84
107,300,2,90,84
108,305,4,90,84
109,307,1,90,84
110,309,2,90,84
111,311,1,90,84
112,314,7,90,84
113,323,2,90,84
114,325,4,90,84
115,326,1,90,84
116,327,2,90,84
117,328,14,90,84
118,329,2,90,84
119,335,1,90,84
120,336,2,90,84
121,337,4,90,84
122,338,2,90,84
123,339,4,90,84
124,340,0,90,84
125,345,2,90,84
126,346,2,90,84
127,347,0,90,84
128,348,9,90,84
129,350,0,90,84
130,351,2,90,84
131,354,2,90,84
132,355,0,90,84
133,366,11,90,84
134,368,7,90,84
135,369,1,90,84
136,372,7,90,84
137,375,9,90,84
138,380,1,90,84
139,383,3,90,84
140,385,3,90,84
141,388,6,90,84
142,392,3,90,84
143,394,3,90,84
144,395,6,90,84
145,398,3,90,84
146,399,6,90,84
147,401,4,90,84
148,404,6,90,84
149,409,9,90,84
150,410,3,90,84
151,413,6,90,84
152,415,6,90,84
153,422,6,90,84
154,432,3,90,84
155,433,3,90,84
156,436,6,90,84
157,443,7,90,84
158,447,2,90,84
159,449,3,90,84
160,453,2,90,84
161,455,1,90,84
162,461,1,90,84
163,467,1,90,84
164,474,2,90,84
165,475,1,90,84
166,480,6,90,84
167,486,18,90,84
168,491,3,90,84
169,494,6,90,84
170,495,6,90,84
171,498,6,90,84
172,499,3,90,84
173,503,6,90,84
174,505,12,90,84
175,508,9,90,84
176,512,2,90,84
177,514,8,90,84
178,518,2,90,84
179,520,9,90,84
180,521,7,90,84
181,524,6,90,84
182,527,5,90,84
183,530,6,90,84
184,531,3,90,84
185,533,4,90,84
186,539,2,90,84
187,541,5,90,84
188,542,2,90,84
189,548,2,90,84
190,553,5,90,84
191,559,2,90,84
192,560,2,90,84
193,563,7,90,84
194,566,6,90,84
195,567,2,90,84
196,568,0,90,84
197,570,7,90,84
198,571,6,90,84
199,573,6,90,84
200,577,2,90,84
201,585,8,90,84
202,588,3,90,84
203,591,6,90,84
204,593,1,90,84
205,594,1,90,84
206,596,3,90,84
207,600,13,90,84
208,611,2,90,84
209,617,2,90,84
210,619,2,90,84
211,622,2,90,84
212,623,7,90,84
213,625,5,90,84
214,630,0,90,84
215,635,7,90,84
216,650,6,90,84
217,651,2,90,84
218,652,2,90,84
219,654,3,90,84
0,3,1,90,85
1,6,1,90,85
2,7,2,90,85
3,9,5,90,85
4,10,3,90,85
5,13,6,90,85
6,14,6,90,85
7,15,1,90,85
8,17,9,90,85
9,18,7,90,85
10,19,3,90,85
11,20,2,90,85
12,23,12,90,85
13,24,1,90,85
14,26,6,90,85
15,27,10,90,85
16,28,2,90,85
17,35,1,90,85
18,36,1,90,85
19,38,2,90,85
20,44,1,90,85
21,47,4,90,85
22,48,2,90,85
23,53,2,90,85
24,54,2,90,85
25,57,2,90,85
26,60,3,90,85
27,62,3,90,85
28,64,3,90,85
29,70,6,90,85
30,78,6,90,85
31,79,6,90,85
32,81,6,90,85
33,82,6,90,85
34,83,4,90,85
35,85,6,90,85
36,88,6,90,85
37,89,3,90,85
38,91,6,90,85
39,94,3,90,85
40,98,5,90,85
41,99,3,90,85
42,100,6,90,85
43,104,6,90,85
44,110,2,90,85
45,111,3,90,85
46,117,2,90,85
47,122,0,90,85
48,123,2,90,85
49,126,2,90,85
50,128,0,90,85
51,136,7,90,85
52,144,0,90,85
53,145,0,90,85
54,146,0,90,85
55,148,2,90,85
56,152,6,90,85
57,153,0,90,85
58,157,2,90,85
59,159,2,90,85
60,162,9,90,85
61,168,7,90,85
62,171,3,90,85
63,172,3,90,85
64,174,2,90,85
65,177,2,90,85
66,180,2,90,85
67,185,0,90,85
68,188,3,90,85
69,189,0,90,85
70,191,6,90,85
71,192,2,90,85
72,193,2,90,85
73,194,2,90,85
74,200,2,90,85
75,201,2,90,85
76,204,1,90,85
77,205,2,90,85
78,207,2,90,85
79,211,2,90,85
80,214,2,90,85
81,217,5,90,85
82,219,2,90,85
83,220,4,90,85
84,222,2,90,85
85,224,2,90,85
86,231,1,90,85
87,232,2,90,85
88,233,2,90,85
89,235,1,90,85
90,236,1,90,85
91,238,1,90,85
92,240,3,90,85
93,241,6,90,85
94,247,8,90,85
95,248,6,90,85
96,255,9,90,85
97,257,6,90,85
98,259,8,90,85
99,264,2,90,85
100,265,2,90,85
101,267,2,90,85
102,268,2,90,85
103,272,4,90,85
104,274,2,90,85
105,277,3,90,85
106,278,2,90,85
107,285,7,90,85
108,291,1,90,85
109,293,4,90,85
110,295,1,90,85
111,296,1,90,85
112,300,2,90,85
113,306,6,90,85
114,307,1,90,85
115,309,5,90,85
116,316,2,90,85
117,321,4,90,85
118,323,3,90,85
119,324,3,90,85
120,325,6,90,85
121,326,6,90,85
122,327,4,90,85
123,328,8,90,85
124,335,6,90,85
125,336,8,90,85
126,338,6,90,85
127,339,6,90,85
128,340,2,90,85
129,342,7,90,85
130,345,5,90,85
131,346,2,90,85
132,347,5,90,85
133,348,7,90,85
134,350,5,90,85
135,351,3,90,85
136,355,8,90,85
137,365,5,90,85
138,366,8,90,85
139,368,2,90,85
140,369,1,90,85
141,370,2,90,85
142,372,7,90,85
143,375,2,90,85
144,380,1,90,85
145,383,1,90,85
146,385,7,90,85
147,392,2,90,85
148,394,2,90,85
149,395,1,90,85
150,398,2,90,85
151,399,1,90,85
152,401,3,90,85
153,402,2,90,85
154,409,3,90,85
155,410,2,90,85
156,413,1,90,85
157,415,4,90,85
158,422,6,90,85
159,431,3,90,85
160,432,8,90,85
161,433,3,90,85
162,436,9,90,85
163,443,6,90,85
164,444,6,90,85
165,447,2,90,85
166,449,3,90,85
167,453,2,90,85
168,455,6,90,85
169,467,6,90,85
170,474,6,90,85
171,476,7,90,85
172,480,3,90,85
173,484,6,90,85
174,486,6,90,85
175,491,3,90,85
176,495,6,90,85
177,496,6,90,85
178,499,3,90,85
179,503,3,90,85
180,505,9,90,85
181,508,6,90,85
182,512,6,90,85
183,518,3,90,85
184,520,6,90,85
185,521,6,90,85
186,524,6,90,85
187,528,12,90,85
188,530,3,90,85
189,533,1,90,85
190,541,4,90,85
191,542,1,90,85
192,544,2,90,85
193,553,2,90,85
194,557,2,90,85
195,559,1,90,85
196,566,2,90,85
197,567,1,90,85
198,568,2,90,85
199,571,4,90,85
200,576,6,90,85
201,585,3,90,85
202,587,3,90,85
203,588,3,90,85
204,591,9,90,85
205,592,6,90,85
206,593,1,90,85
207,596,8,90,85
208,600,2,90,85
209,608,6,90,85
210,611,5,90,85
211,622,3,90,85
212,623,3,90,85
213,625,10,90,85
214,628,0,90,85
215,630,2,90,85
216,650,2,90,85
217,651,2,90,85
218,654,11,90,85
219,10149,2,90,85
0,3,1,90,86
1,4,2,90,86
2,6,1,90,86
3,9,2,90,86
4,13,2,90,86
5,14,1,90,86
6,15,2,90,86
7,16,2,90,86
8,17,2,90,86
9,18,1,90,86
10,19,3,90,86
11,20,2,90,86
12,24,1,90,86
13,27,2,90,86
14,28,2,90,86
15,36,1,90,86
16,42,2,90,86
17,44,1,90,86
18,47,1,90,86
19,48,2,90,86
20,52,1,90,86
21,57,2,90,86
22,58,2,90,86
23,63,2,90,86
24,64,2,90,86
25,70,1,90,86
26,71,2,90,86
27,78,2,90,86
28,81,1,90,86
29,82,3,90,86
30,83,7,90,86
31,85,3,90,86
32,88,2,90,86
33,91,2,90,86
34,94,2,90,86
35,95,2,90,86
36,98,2,90,86
37,99,5,90,86
38,101,3,90,86
39,104,2,90,86
40,106,12,90,86
41,110,2,90,86
42,113,3,90,86
43,115,3,90,86
44,117,2,90,86
45,126,3,90,86
46,128,6,90,86
47,131,6,90,86
48,144,6,90,86
49,145,6,90,86
50,146,6,90,86
51,148,4,90,86
52,152,1,90,86
53,159,2,90,86
54,162,9,90,86
55,163,6,90,86
56,172,6,90,86
57,174,3,90,86
58,177,3,90,86
59,180,8,90,86
60,181,9,90,86
61,182,3,90,86
62,185,6,90,86
63,191,6,90,86
64,192,5,90,86
65,194,2,90,86
66,196,2,90,86
67,200,2,90,86
68,201,3,90,86
69,204,2,90,86
70,205,2,90,86
71,207,4,90,86
72,211,5,90,86
73,214,2,90,86
74,217,3,90,86
75,219,6,90,86
76,220,6,90,86
77,222,3,90,86
78,230,3,90,86
79,231,6,90,86
80,232,8,90,86
81,233,2,90,86
82,235,6,90,86
83,236,6,90,86
84,240,6,90,86
85,241,6,90,86
86,247,3,90,86
87,248,6,90,86
88,251,2,90,86
89,255,6,90,86
90,257,6,90,86
91,259,8,90,86
92,263,6,90,86
93,264,3,90,86
94,267,6,90,86
95,268,2,90,86
96,274,3,90,86
97,278,3,90,86
98,284,6,90,86
99,289,2,90,86
100,291,1,90,86
101,293,1,90,86
102,295,1,90,86
103,299,2,90,86
104,300,2,90,86
105,306,4,90,86
106,307,1,90,86
107,309,2,90,86
108,311,9,90,86
109,313,6,90,86
110,321,5,90,86
111,323,3,90,86
112,324,3,90,86
113,325,6,90,86
114,326,15,90,86
115,327,9,90,86
116,328,11,90,86
117,337,8,90,86
118,338,2,90,86
119,339,6,90,86
120,340,7,90,86
121,341,6,90,86
122,342,3,90,86
123,345,3,90,86
124,346,3,90,86
125,347,9,90,86
126,350,6,90,86
127,351,2,90,86
128,355,6,90,86
129,363,6,90,86
130,364,3,90,86
131,365,3,90,86
132,366,3,90,86
133,368,3,90,86
134,369,6,90,86
135,372,3,90,86
136,380,6,90,86
137,383,6,90,86
138,385,6,90,86
139,386,3,90,86
140,388,2,90,86
141,391,3,90,86
142,392,3,90,86
143,394,3,90,86
144,395,6,90,86
145,398,18,90,86
146,401,9,90,86
147,409,6,90,86
148,410,6,90,86
149,413,6,90,86
150,415,6,90,86
151,417,3,90,86
152,422,1,90,86
153,423,2,90,86
154,432,2,90,86
155,433,2,90,86
156,434,2,90,86
157,436,1,90,86
158,443,2,90,86
159,447,2,90,86
160,449,2,90,86
161,453,5,90,86
162,455,1,90,86
163,461,1,90,86
164,472,1,90,86
165,474,1,90,86
166,475,1,90,86
167,480,4,90,86
168,481,2,90,86
169,486,2,90,86
170,491,2,90,86
171,492,2,90,86
172,495,2,90,86
173,498,2,90,86
174,503,2,90,86
175,505,2,90,86
176,508,2,90,86
177,512,2,90,86
178,514,4,90,86
179,518,2,90,86
180,520,2,90,86
181,521,2,90,86
182,524,2,90,86
183,527,3,90,86
184,530,2,90,86
185,531,2,90,86
186,533,2,90,86
187,535,2,90,86
188,541,5,90,86
189,542,2,90,86
190,557,5,90,86
191,559,2,90,86
192,560,8,90,86
193,564,5,90,86
194,565,7,90,86
195,566,10,90,86
196,567,4,90,86
197,568,9,90,86
198,569,2,90,86
199,573,1,90,86
200,577,3,90,86
201,585,2,90,86
202,588,2,90,86
203,591,2,90,86
204,592,1,90,86
205,593,7,90,86
206,595,3,90,86
207,608,8,90,86
208,617,5,90,86
209,618,3,90,86
210,619,6,90,86
211,622,3,90,86
212,623,2,90,86
213,625,3,90,86
214,630,6,90,86
215,631,8,90,86
216,650,2,90,86
217,651,3,90,86
218,652,13,90,86
219,654,2,90,86
0,3,8,90,87
1,4,2,90,87
2,6,6,90,87
3,9,6,90,87
4,10,2,90,87
5,13,3,90,87
6,14,0,90,87
7,15,6,90,87
8,16,3,90,87
9,17,4,90,87
10,18,6,90,87
11,19,2,90,87
12,23,3,90,87
13,24,6,90,87
14,26,5,90,87
15,28,7,90,87
16,35,0,90,87
17,36,0,90,87
18,44,0,90,87
19,47,0,90,87
20,48,5,90,87
21,52,0,90,87
22,53,5,90,87
23,54,2,90,87
24,58,9,90,87
25,64,2,90,87
26,70,4,90,87
27,71,2,90,87
28,76,2,90,87
29,78,2,90,87
30,79,2,90,87
31,82,5,90,87
32,83,5,90,87
33,85,2,90,87
34,88,2,90,87
35,89,2,90,87
36,91,2,90,87
37,94,2,90,87
38,95,2,90,87
39,99,2,90,87
40,101,8,90,87
41,104,2,90,87
42,105,8,90,87
43,110,3,90,87
44,113,2,90,87
45,115,2,90,87
46,117,2,90,87
47,122,4,90,87
48,128,2,90,87
49,136,2,90,87
50,144,2,90,87
51,145,2,90,87
52,146,2,90,87
53,148,2,90,87
54,149,2,90,87
55,152,2,90,87
56,157,3,90,87
57,159,9,90,87
58,162,6,90,87
59,163,6,90,87
60,171,6,90,87
61,172,6,90,87
62,174,3,90,87
63,177,3,90,87
64,182,3,90,87
65,185,6,90,87
66,191,1,90,87
67,194,6,90,87
68,200,6,90,87
69,201,6,90,87
70,204,2,90,87
71,205,10,90,87
72,207,6,90,87
73,210,9,90,87
74,211,6,90,87
75,214,3,90,87
76,219,2,90,87
77,220,6,90,87
78,222,2,90,87
79,224,2,90,87
80,230,5,90,87
81,231,2,90,87
82,232,2,90,87
83,233,2,90,87
84,235,5,90,87
85,236,2,90,87
86,238,2,90,87
87,239,2,90,87
88,241,1,90,87
89,247,2,90,87
90,248,1,90,87
91,252,2,90,87
92,255,1,90,87
93,257,1,90,87
94,259,2,90,87
95,264,2,90,87
96,265,2,90,87
97,267,1,90,87
98,272,2,90,87
99,274,2,90,87
100,277,2,90,87
101,278,2,90,87
102,284,1,90,87
103,291,2,90,87
104,293,2,90,87
105,295,2,90,87
106,296,2,90,87
107,298,5,90,87
108,300,2,90,87
109,302,2,90,87
110,306,6,90,87
111,307,2,90,87
112,309,2,90,87
113,311,4,90,87
114,316,6,90,87
115,320,2,90,87
116,323,2,90,87
117,325,1,90,87
118,326,3,90,87
119,327,13,90,87
120,328,7,90,87
121,329,5,90,87
122,335,1,90,87
123,338,2,90,87
124,339,1,90,87
125,340,6,90,87
126,341,7,90,87
127,342,6,90,87
128,345,8,90,87
129,346,3,90,87
130,347,6,90,87
131,350,6,90,87
132,351,5,90,87
133,354,3,90,87
134,356,3,90,87
135,363,6,90,87
136,364,5,90,87
137,368,2,90,87
138,369,5,90,87
139,372,2,90,87
140,376,3,90,87
141,380,2,90,87
142,383,2,90,87
143,385,2,90,87
144,386,3,90,87
145,388,4,90,87
146,392,2,90,87
147,394,5,90,87
148,395,1,90,87
149,398,9,90,87
150,401,3,90,87
151,409,1,90,87
152,410,2,90,87
153,413,1,90,87
154,415,1,90,87
155,417,5,90,87
156,420,2,90,87
157,422,2,90,87
158,424,2,90,87
159,432,2,90,87
160,433,7,90,87
161,434,2,90,87
162,443,2,90,87
163,447,6,90,87
164,449,2,90,87
165,452,2,90,87
166,453,6,90,87
167,455,0,90,87
168,461,0,90,87
169,470,2,90,87
170,474,0,90,87
171,476,3,90,87
172,480,5,90,87
173,482,6,90,87
174,486,6,90,87
175,491,9,90,87
176,492,6,90,87
177,495,6,90,87
178,498,6,90,87
179,503,16,90,87
180,505,6,90,87
181,508,6,90,87
182,512,2,90,87
183,514,7,90,87
184,518,2,90,87
185,521,2,90,87
186,524,2,90,87
187,526,2,90,87
188,527,2,90,87
189,530,3,90,87
190,533,5,90,87
191,541,7,90,87
192,542,2,90,87
193,544,7,90,87
194,548,7,90,87
195,553,5,90,87
196,557,5,90,87
197,559,2,90,87
198,560,3,90,87
199,565,15,90,87
200,566,10,90,87
201,568,1,90,87
202,573,2,90,87
203,585,3,90,87
204,587,2,90,87
205,588,2,90,87
206,592,8,90,87
207,593,8,90,87
208,594,4,90,87
209,596,2,90,87
210,608,2,90,87
211,617,2,90,87
212,619,2,90,87
213,623,2,90,87
214,628,2,90,87
215,630,1,90,87
216,650,7,90,87
217,651,2,90,87
218,652,2,90,87
219,654,2,90,87
0,3,0,90,88
1,4,5,90,88
2,6,0,90,88
3,10,3,90,88
4,13,2,90,88
5,14,2,90,88
6,15,0,90,88
7,16,2,90,88
8,18,1,90,88
9,20,2,90,88
10,23,7,90,88
11,24,0,90,88
12,27,2,90,88
13,35,6,90,88
14,38,2,90,88
15,44,6,90,88
16,45,6,90,88
17,47,6,90,88
18,48,3,90,88
19,52,6,90,88
20,53,3,90,88
21,57,3,90,88
22,58,4,90,88
23,63,5,90,88
24,64,2,90,88
25,70,4,90,88
26,71,7,90,88
27,78,2,90,88
28,79,1,90,88
29,81,1,90,88
30,82,10,90,88
31,83,10,90,88
32,85,1,90,88
33,88,1,90,88
34,89,5,90,88
35,91,1,90,88
36,94,2,90,88
37,98,7,90,88
38,99,9,90,88
39,101,13,90,88
40,104,1,90,88
41,105,1,90,88
42,110,2,90,88
43,117,2,90,88
44,120,4,90,88
45,122,1,90,88
46,126,2,90,88
47,128,1,90,88
48,136,5,90,88
49,144,7,90,88
50,146,1,90,88
51,152,1,90,88
52,157,5,90,88
53,159,6,90,88
54,162,2,90,88
55,168,5,90,88
56,171,2,90,88
57,172,11,90,88
58,174,2,90,88
59,177,10,90,88
60,180,12,90,88
61,182,2,90,88
62,185,5,90,88
63,188,2,90,88
64,189,2,90,88
65,191,6,90,88
66,193,6,90,88
67,194,6,90,88
68,198,2,90,88
69,200,6,90,88
70,201,6,90,88
71,204,6,90,88
72,207,2,90,88
73,210,6,90,88
74,211,6,90,88
75,214,3,90,88
76,217,3,90,88
77,218,4,90,88
78,219,6,90,88
79,230,3,90,88
80,231,6,90,88
81,232,2,90,88
82,233,3,90,88
83,235,6,90,88
84,236,6,90,88
85,238,6,90,88
86,239,3,90,88
87,240,3,90,88
88,241,6,90,88
89,245,6,90,88
90,247,3,90,88
91,248,6,90,88
92,255,7,90,88
93,259,3,90,88
94,263,1,90,88
95,267,1,90,88
96,272,2,90,88
97,275,1,90,88
98,277,2,90,88
99,278,2,90,88
100,284,1,90,88
101,291,1,90,88
102,293,1,90,88
103,295,1,90,88
104,296,1,90,88
105,300,2,90,88
106,306,6,90,88
107,307,1,90,88
108,309,2,90,88
109,316,3,90,88
110,321,2,90,88
111,323,3,90,88
112,324,3,90,88
113,325,6,90,88
114,326,6,90,88
115,327,3,90,88
116,328,6,90,88
117,336,3,90,88
118,337,6,90,88
119,338,1,90,88
120,339,6,90,88
121,340,1,90,88
122,341,4,90,88
123,342,11,90,88
124,347,1,90,88
125,348,7,90,88
126,350,2,90,88
127,351,2,90,88
128,355,1,90,88
129,363,1,90,88
130,365,2,90,88
131,366,9,90,88
132,368,2,90,88
133,369,6,90,88
134,370,5,90,88
135,371,2,90,88
136,375,6,90,88
137,380,2,90,88
138,383,2,90,88
139,388,6,90,88
140,392,7,90,88
141,394,7,90,88
142,395,8,90,88
143,399,2,90,88
144,401,6,90,88
145,403,2,90,88
146,409,5,90,88
147,410,7,90,88
148,413,2,90,88
149,415,2,90,88
150,422,0,90,88
151,423,2,90,88
152,430,2,90,88
153,431,2,90,88
154,433,8,90,88
155,434,7,90,88
156,436,0,90,88
157,443,0,90,88
158,447,2,90,88
159,449,4,90,88
160,453,2,90,88
161,455,2,90,88
162,463,2,90,88
163,467,2,90,88
164,474,2,90,88
165,476,4,90,88
166,480,3,90,88
167,482,3,90,88
168,491,3,90,88
169,492,8,90,88
170,495,6,90,88
171,498,6,90,88
172,499,11,90,88
173,503,3,90,88
174,505,6,90,88
175,508,6,90,88
176,512,2,90,88
177,514,3,90,88
178,518,2,90,88
179,521,6,90,88
180,524,6,90,88
181,526,3,90,88
182,527,3,90,88
183,528,6,90,88
184,533,9,90,88
185,541,6,90,88
186,544,3,90,88
187,548,3,90,88
188,553,3,90,88
189,559,6,90,88
190,564,6,90,88
191,565,3,90,88
192,566,3,90,88
193,567,9,90,88
194,568,1,90,88
195,570,2,90,88
196,571,7,90,88
197,573,0,90,88
198,577,3,90,88
199,585,3,90,88
200,587,6,90,88
201,588,3,90,88
202,590,6,90,88
203,591,6,90,88
204,593,5,90,88
205,594,2,90,88
206,595,7,90,88
207,600,5,90,88
208,608,2,90,88
209,617,3,90,88
210,618,7,90,88
211,619,2,90,88
212,622,5,90,88
213,625,9,90,88
214,628,1,90,88
215,630,1,90,88
216,631,2,90,88
217,633,2,90,88
218,650,6,90,88
219,651,4,90,88
0,3,6,90,89
1,4,6,90,89
2,9,3,90,89
3,10,2,90,89
4,12,3,90,89
5,13,3,90,89
6,14,0,90,89
7,15,6,90,89
8,16,8,90,89
9,17,6,90,89
10,18,6,90,89
11,19,4,90,89
12,20,8,90,89
13,24,6,90,89
14,27,2,90,89
15,36,2,90,89
16,38,2,90,89
17,44,8,90,89
18,45,2,90,89
19,47,2,90,89
20,48,2,90,89
21,52,2,90,89
22,53,2,90,89
23,54,2,90,89
24,58,2,90,89
25,60,2,90,89
26,63,2,90,89
27,64,5,90,89
28,71,8,90,89
29,78,7,90,89
30,79,5,90,89
31,83,2,90,89
32,85,5,90,89
33,88,1,90,89
34,91,1,90,89
35,94,2,90,89
36,95,7,90,89
37,99,2,90,89
38,100,1,90,89
39,101,2,90,89
40,104,1,90,89
41,110,7,90,89
42,115,2,90,89
43,117,2,90,89
44,122,0,90,89
45,126,2,90,89
46,128,0,90,89
47,136,2,90,89
48,144,0,90,89
49,145,2,90,89
50,146,0,90,89
51,148,6,90,89
52,152,2,90,89
53,157,2,90,89
54,159,1,90,89
55,162,1,90,89
56,163,3,90,89
57,167,1,90,89
58,171,1,90,89
59,172,1,90,89
60,180,5,90,89
61,181,3,90,89
62,185,1,90,89
63,189,1,90,89
64,191,1,90,89
65,194,1,90,89
66,196,1,90,89
67,200,1,90,89
68,201,1,90,89
69,204,6,90,89
70,205,7,90,89
71,207,6,90,89
72,211,1,90,89
73,214,2,90,89
74,220,9,90,89
75,222,2,90,89
76,224,7,90,89
77,228,2,90,89
78,230,5,90,89
79,231,2,90,89
80,233,4,90,89
81,234,5,90,89
82,235,2,90,89
83,236,2,90,89
84,238,3,90,89
85,239,2,90,89
86,240,2,90,89
87,241,1,90,89
88,247,12,90,89
89,248,1,90,89
90,252,8,90,89
91,255,1,90,89
92,263,2,90,89
93,264,2,90,89
94,267,2,90,89
95,268,2,90,89
96,274,5,90,89
97,278,7,90,89
98,291,1,90,89
99,293,1,90,89
100,295,1,90,89
101,296,1,90,89
102,298,2,90,89
103,300,2,90,89
104,301,1,90,89
105,306,2,90,89
106,309,2,90,89
107,311,2,90,89
108,313,2,90,89
109,314,2,90,89
110,321,5,90,89
111,324,5,90,89
112,325,2,90,89
113,326,2,90,89
114,327,7,90,89
115,328,2,90,89
116,333,2,90,89
117,335,3,90,89
118,338,1,90,89
119,339,2,90,89
120,340,2,90,89
121,341,2,90,89
122,342,2,90,89
123,345,5,90,89
124,347,2,90,89
125,348,2,90,89
126,350,2,90,89
127,351,14,90,89
128,354,5,90,89
129,364,3,90,89
130,365,6,90,89
131,366,5,90,89
132,368,8,90,89
133,369,6,90,89
134,380,6,90,89
135,383,6,90,89
136,385,6,90,89
137,388,3,90,89
138,389,6,90,89
139,392,2,90,89
140,394,2,90,89
141,395,2,90,89
142,398,7,90,89
143,399,2,90,89
144,401,9,90,89
145,403,5,90,89
146,409,2,90,89
147,413,2,90,89
148,415,2,90,89
149,417,2,90,89
150,422,1,90,89
151,424,4,90,89
152,432,2,90,89
153,433,3,90,89
154,434,2,90,89
155,436,1,90,89
156,443,1,90,89
157,447,6,90,89
158,449,2,90,89
159,452,2,90,89
160,453,3,90,89
161,455,0,90,89
162,467,0,90,89
163,472,0,90,89
164,475,0,90,89
165,476,0,90,89
166,480,5,90,89
167,482,2,90,89
168,484,2,90,89
169,486,2,90,89
170,494,7,90,89
171,495,2,90,89
172,498,2,90,89
173,499,2,90,89
174,503,3,90,89
175,505,4,90,89
176,508,2,90,89
177,512,2,90,89
178,514,2,90,89
179,518,2,90,89
180,520,4,90,89
181,521,1,90,89
182,523,6,90,89
183,524,1,90,89
184,527,2,90,89
185,530,2,90,89
186,531,5,90,89
187,533,9,90,89
188,541,6,90,89
189,542,6,90,89
190,548,3,90,89
191,557,11,90,89
192,559,15,90,89
193,560,2,90,89
194,564,6,90,89
195,565,11,90,89
196,566,4,90,89
197,567,6,90,89
198,568,2,90,89
199,570,2,90,89
200,571,8,90,89
201,573,1,90,89
202,577,2,90,89
203,583,2,90,89
204,585,3,90,89
205,588,2,90,89
206,592,2,90,89
207,593,6,90,89
208,594,7,90,89
209,595,5,90,89
210,611,2,90,89
211,617,2,90,89
212,622,2,90,89
213,623,2,90,89
214,625,8,90,89
215,628,0,90,89
216,630,2,90,89
217,631,2,90,89
218,650,1,90,89
219,654,2,90,89
0,2,2,90,90
1,3,2,90,90
2,4,2,90,90
3,6,2,90,90
4,10,2,90,90
5,12,2,90,90
6,13,2,90,90
7,14,6,90,90
8,15,5,90,90
9,16,2,90,90
10,17,2,90,90
11,18,2,90,90
12,19,7,90,90
13,24,3,90,90
14,26,4,90,90
15,27,5,90,90
16,28,7,90,90
17,35,2,90,90
18,36,2,90,90
19,44,2,90,90
20,47,2,90,90
21,49,2,90,90
22,50,2,90,90
23,52,2,90,90
24,54,2,90,90
25,57,2,90,90
26,58,2,90,90
27,60,3,90,90
28,63,5,90,90
29,64,3,90,90
30,70,6,90,90
31,71,3,90,90
32,79,9,90,90
33,81,6,90,90
34,82,2,90,90
35,83,8,90,90
36,88,2,90,90
37,89,2,90,90
38,91,2,90,90
39,95,2,90,90
40,98,2,90,90
41,99,5,90,90
42,101,2,90,90
43,104,3,90,90
44,106,2,90,90
45,110,2,90,90
46,115,2,90,90
47,117,2,90,90
48,122,1,90,90
49,126,2,90,90
50,136,2,90,90
51,144,1,90,90
52,145,1,90,90
53,146,1,90,90
54,149,2,90,90
55,152,6,90,90
56,157,3,90,90
57,159,5,90,90
58,162,6,90,90
59,163,6,90,90
60,171,6,90,90
61,172,9,90,90
62,174,3,90,90
63,177,3,90,90
64,182,10,90,90
65,185,6,90,90
66,189,6,90,90
67,191,0,90,90
68,194,8,90,90
69,200,2,90,90
70,201,2,90,90
71,204,2,90,90
72,205,5,90,90
73,207,10,90,90
74,210,2,90,90
75,211,4,90,90
76,214,2,90,90
77,219,2,90,90
78,220,2,90,90
79,222,2,90,90
80,224,3,90,90
81,231,2,90,90
82,232,2,90,90
83,234,2,90,90
84,235,2,90,90
85,236,5,90,90
86,241,0,90,90
87,247,3,90,90
88,248,0,90,90
89,252,2,90,90
90,255,3,90,90
91,257,0,90,90
92,259,2,90,90
93,263,2,90,90
94,264,2,90,90
95,265,2,90,90
96,267,2,90,90
97,275,2,90,90
98,278,2,90,90
99,284,2,90,90
100,289,3,90,90
101,291,1,90,90
102,293,1,90,90
103,295,1,90,90
104,298,2,90,90
105,300,2,90,90
106,306,2,90,90
107,307,1,90,90
108,309,2,90,90
109,316,4,90,90
110,321,5,90,90
111,324,2,90,90
112,325,2,90,90
113,326,2,90,90
114,327,5,90,90
115,328,8,90,90
116,329,2,90,90
117,335,2,90,90
118,336,2,90,90
119,338,2,90,90
120,339,2,90,90
121,340,7,90,90
122,341,6,90,90
123,342,5,90,90
124,347,6,90,90
125,348,11,90,90
126,350,6,90,90
127,351,9,90,90
128,354,3,90,90
129,355,6,90,90
130,363,6,90,90
131,364,8,90,90
132,365,6,90,90
133,366,3,90,90
134,368,3,90,90
135,370,8,90,90
136,376,6,90,90
137,380,9,90,90
138,383,6,90,90
139,385,5,90,90
140,386,3,90,90
141,388,6,90,90
142,392,3,90,90
143,394,3,90,90
144,395,6,90,90
145,398,6,90,90
146,399,6,90,90
147,401,8,90,90
148,409,6,90,90
149,413,6,90,90
150,415,6,90,90
151,417,9,90,90
152,420,3,90,90
153,422,1,90,90
154,424,2,90,90
155,432,2,90,90
156,433,2,90,90
157,434,2,90,90
158,436,1,90,90
159,437,1,90,90
160,443,1,90,90
161,453,5,90,90
162,455,0,90,90
163,461,0,90,90
164,467,0,90,90
165,470,2,90,90
166,474,1,90,90
167,476,0,90,90
168,484,7,90,90
169,486,6,90,90
170,491,8,90,90
171,492,3,90,90
172,494,3,90,90
173,495,6,90,90
174,498,6,90,90
175,501,2,90,90
176,503,5,90,90
177,505,12,90,90
178,508,6,90,90
179,512,6,90,90
180,514,3,90,90
181,518,2,90,90
182,520,6,90,90
183,521,6,90,90
184,524,6,90,90
185,527,6,90,90
186,530,3,90,90
187,531,2,90,90
188,535,2,90,90
189,541,9,90,90
190,542,2,90,90
191,544,5,90,90
192,553,2,90,90
193,557,5,90,90
194,559,4,90,90
195,564,2,90,90
196,566,6,90,90
197,568,2,90,90
198,573,1,90,90
199,577,2,90,90
200,585,7,90,90
201,588,3,90,90
202,591,8,90,90
203,592,6,90,90
204,594,9,90,90
205,595,2,90,90
206,608,2,90,90
207,611,2,90,90
208,617,2,90,90
209,618,2,90,90
210,622,2,90,90
211,625,3,90,90
212,628,1,90,90
213,630,2,90,90
214,631,2,90,90
215,650,2,90,90
216,651,2,90,90
217,652,3,90,90
218,654,3,90,90
219,655,12,90,90
0,3,2,90,91
1,4,2,90,91
2,6,2,90,91
3,9,9,90,91
4,12,2,90,91
5,13,5,90,91
6,14,6,90,91
7,15,2,90,91
8,17,7,90,91
9,18,2,90,91
10,19,4,90,91
11,20,2,90,91
12,24,5,90,91
13,26,1,90,91
14,27,2,90,91
15,28,2,90,91
16,35,1,90,91
17,36,1,90,91
18,44,1,90,91
19,47,1,90,91
20,48,2,90,91
21,52,1,90,91
22,53,2,90,91
23,54,5,90,91
24,57,2,90,91
25,58,8,90,91
26,63,2,90,91
27,64,2,90,91
28,70,2,90,91
29,71,5,90,91
30,76,2,90,91
31,78,2,90,91
32,81,2,90,91
33,82,13,90,91
34,83,2,90,91
35,85,2,90,91
36,88,1,90,91
37,89,2,90,91
38,91,3,90,91
39,97,2,90,91
40,98,2,90,91
41,99,5,90,91
42,101,2,90,91
43,104,1,90,91
44,105,1,90,91
45,110,6,90,91
46,117,2,90,91
47,122,3,90,91
48,126,2,90,91
49,129,5,90,91
50,131,1,90,91
51,144,1,90,91
52,145,1,90,91
53,146,2,90,91
54,148,2,90,91
55,149,2,90,91
56,152,2,90,91
57,157,5,90,91
58,159,6,90,91
59,162,2,90,91
60,163,1,90,91
61,172,1,90,91
62,174,2,90,91
63,180,6,90,91
64,181,2,90,91
65,182,5,90,91
66,185,1,90,91
67,189,1,90,91
68,191,2,90,91
69,193,3,90,91
70,194,6,90,91
71,200,9,90,91
72,201,6,90,91
73,204,4,90,91
74,205,3,90,91
75,207,6,90,91
76,211,6,90,91
77,215,6,90,91
78,217,3,90,91
79,220,9,90,91
80,222,3,90,91
81,224,6,90,91
82,231,6,90,91
83,232,2,90,91
84,235,7,90,91
85,236,8,90,91
86,238,6,90,91
87,240,3,90,91
88,241,2,90,91
89,247,2,90,91
90,248,2,90,91
91,251,2,90,91
92,252,5,90,91
93,255,2,90,91
94,257,2,90,91
95,262,3,90,91
96,263,1,90,91
97,265,2,90,91
98,267,1,90,91
99,268,2,90,91
100,272,2,90,91
101,274,2,90,91
102,278,2,90,91
103,285,2,90,91
104,291,1,90,91
105,293,1,90,91
106,295,1,90,91
107,300,7,90,91
108,301,4,90,91
109,302,1,90,91
110,306,2,90,91
111,309,2,90,91
112,316,5,90,91
113,323,5,90,91
114,324,2,90,91
115,325,2,90,91
116,326,2,90,91
117,327,7,90,91
118,328,7,90,91
119,331,2,90,91
120,335,5,90,91
121,337,2,90,91
122,338,1,90,91
123,339,3,90,91
124,340,6,90,91
125,341,6,90,91
126,342,8,90,91
127,347,6,90,91
128,348,16,90,91
129,350,6,90,91
130,351,2,90,91
131,354,3,90,91
132,355,6,90,91
133,366,10,90,91
134,368,2,90,91
135,369,12,90,91
136,375,7,90,91
137,376,2,90,91
138,380,8,90,91
139,382,5,90,91
140,383,2,90,91
141,385,2,90,91
142,388,2,90,91
143,394,2,90,91
144,395,2,90,91
145,398,3,90,91
146,399,2,90,91
147,401,5,90,91
148,403,2,90,91
149,404,2,90,91
150,409,2,90,91
151,413,4,90,91
152,415,8,90,91
153,420,7,90,91
154,422,1,90,91
155,424,2,90,91
156,425,1,90,91
157,433,5,90,91
158,434,2,90,91
159,436,1,90,91
160,443,1,90,91
161,447,6,90,91
162,449,2,90,91
163,452,3,90,91
164,455,6,90,91
165,461,6,90,91
166,467,9,90,91
167,472,6,90,91
168,476,6,90,91
169,480,3,90,91
170,486,6,90,91
171,491,6,90,91
172,492,3,90,91
173,494,5,90,91
174,495,15,90,91
175,498,6,90,91
176,499,3,90,91
177,505,9,90,91
178,508,6,90,91
179,512,2,90,91
180,514,2,90,91
181,518,3,90,91
182,520,2,90,91
183,521,2,90,91
184,524,2,90,91
185,527,2,90,91
186,530,2,90,91
187,533,2,90,91
188,541,2,90,91
189,543,2,90,91
190,544,2,90,91
191,548,2,90,91
192,553,2,90,91
193,559,2,90,91
194,560,2,90,91
195,566,3,90,91
196,567,5,90,91
197,568,1,90,91
198,570,2,90,91
199,571,3,90,91
200,573,1,90,91
201,577,3,90,91
202,585,3,90,91
203,588,2,90,91
204,591,2,90,91
205,593,2,90,91
206,595,2,90,91
207,600,2,90,91
208,608,8,90,91
209,617,11,90,91
210,619,2,90,91
211,622,2,90,91
212,623,3,90,91
213,625,3,90,91
214,630,1,90,91
215,650,6,90,91
216,651,3,90,91
217,652,2,90,91
218,654,2,90,91
219,10149,2,90,91
0,2,2,90,92
1,3,1,90,92
2,4,5,90,92
3,6,1,90,92
4,13,2,90,92
5,14,1,90,92
6,15,1,90,92
7,17,7,90,92
8,18,1,90,92
9,19,3,90,92
10,20,2,90,92
11,23,7,90,92
12,24,1,90,92
13,26,4,90,92
14,27,2,90,92
15,36,2,90,92
16,44,2,90,92
17,47,2,90,92
18,48,2,90,92
19,49,2,90,92
20,52,2,90,92
21,53,2,90,92
22,54,2,90,92
23,57,2,90,92
24,58,2,90,92
25,60,2,90,92
26,63,2,90,92
27,64,2,90,92
28,70,1,90,92
29,78,4,90,92
30,79,1,90,92
31,81,4,90,92
32,82,2,90,92
33,83,2,90,92
34,85,1,90,92
35,88,2,90,92
36,89,3,90,92
37,91,2,90,92
38,94,2,90,92
39,98,7,90,92
40,101,2,90,92
41,104,2,90,92
42,105,2,90,92
43,106,2,90,92
44,110,9,90,92
45,115,2,90,92
46,122,-1,90,92
47,126,2,90,92
48,128,-1,90,92
49,135,2,90,92
50,136,7,90,92
51,145,0,90,92
52,146,-1,90,92
53,148,6,90,92
54,152,1,90,92
55,157,2,90,92
56,159,1,90,92
57,162,2,90,92
58,163,7,90,92
59,172,4,90,92
60,177,7,90,92
61,180,2,90,92
62,182,7,90,92
63,185,3,90,92
64,187,1,90,92
65,188,2,90,92
66,189,1,90,92
67,191,9,90,92
68,194,1,90,92
69,198,2,90,92
70,200,1,90,92
71,201,1,90,92
72,204,6,90,92
73,205,2,90,92
74,207,2,90,92
75,210,1,90,92
76,211,4,90,92
77,214,2,90,92
78,217,5,90,92
79,218,2,90,92
80,220,2,90,92
81,222,2,90,92
82,224,2,90,92
83,228,2,90,92
84,231,2,90,92
85,233,2,90,92
86,235,2,90,92
87,236,2,90,92
88,238,4,90,92
89,239,13,90,92
90,240,3,90,92
91,241,8,90,92
92,247,6,90,92
93,248,6,90,92
94,252,2,90,92
95,255,6,90,92
96,257,6,90,92
97,265,3,90,92
98,267,6,90,92
99,268,5,90,92
100,274,3,90,92
101,275,6,90,92
102,277,3,90,92
103,278,3,90,92
104,285,3,90,92
105,291,6,90,92
106,293,9,90,92
107,298,8,90,92
108,300,3,90,92
109,301,6,90,92
110,305,9,90,92
111,307,6,90,92
112,309,3,90,92
113,311,8,90,92
114,316,3,90,92
115,323,3,90,92
116,324,8,90,92
117,325,6,90,92
118,326,6,90,92
119,327,3,90,92
120,328,3,90,92
121,329,6,90,92
122,336,3,90,92
123,338,2,90,92
124,339,9,90,92
125,340,5,90,92
126,341,2,90,92
127,346,17,90,92
128,347,2,90,92
129,348,13,90,92
130,350,2,90,92
131,351,2,90,92
132,354,5,90,92
133,355,2,90,92
134,364,2,90,92
135,366,4,90,92
136,368,3,90,92
137,369,2,90,92
138,380,2,90,92
139,383,2,90,92
140,385,2,90,92
141,386,2,90,92
142,388,6,90,92
143,389,2,90,92
144,394,2,90,92
145,395,2,90,92
146,398,6,90,92
147,399,2,90,92
148,401,6,90,92
149,402,2,90,92
150,409,2,90,92
151,410,5,90,92
152,413,2,90,92
153,417,2,90,92
154,420,2,90,92
155,422,2,90,92
156,423,2,90,92
157,432,2,90,92
158,433,2,90,92
159,434,2,90,92
160,436,2,90,92
161,443,2,90,92
162,447,6,90,92
163,449,2,90,92
164,453,5,90,92
165,455,1,90,92
166,461,1,90,92
167,467,1,90,92
168,476,1,90,92
169,480,3,90,92
170,486,6,90,92
171,491,3,90,92
172,492,3,90,92
173,494,3,90,92
174,495,6,90,92
175,498,7,90,92
176,499,3,90,92
177,501,3,90,92
178,503,5,90,92
179,508,6,90,92
180,512,6,90,92
181,518,2,90,92
182,520,6,90,92
183,521,6,90,92
184,524,7,90,92
185,527,3,90,92
186,530,3,90,92
187,533,9,90,92
188,541,13,90,92
189,542,6,90,92
190,553,3,90,92
191,557,3,90,92
192,564,6,90,92
193,565,10,90,92
194,566,3,90,92
195,567,6,90,92
196,568,6,90,92
197,571,12,90,92
198,573,2,90,92
199,576,3,90,92
200,584,2,90,92
201,585,2,90,92
202,588,3,90,92
203,591,6,90,92
204,593,2,90,92
205,594,2,90,92
206,595,5,90,92
207,611,3,90,92
208,617,9,90,92
209,619,3,90,92
210,622,4,90,92
211,623,2,90,92
212,625,5,90,92
213,628,-1,90,92
214,630,6,90,92
215,650,1,90,92
216,651,2,90,92
217,652,2,90,92
218,654,3,90,92
219,10149,3,90,92
0,3,3,90,93
1,4,2,90,93
2,6,1,90,93
3,12,2,90,93
4,14,2,90,93
5,15,4,90,93
6,16,2,90,93
7,17,10,90,93
8,18,1,90,93
9,23,3,90,93
10,24,10,90,93
11,26,5,90,93
12,27,2,90,93
13,28,10,90,93
14,35,2,90,93
15,36,2,90,93
16,44,2,90,93
17,45,2,90,93
18,47,2,90,93
19,48,2,90,93
20,53,2,90,93
21,54,10,90,93
22,57,2,90,93
23,58,2,90,93
24,60,3,90,93
25,63,3,90,93
26,64,3,90,93
27,70,9,90,93
28,76,11,90,93
29,78,3,90,93
30,79,6,90,93
31,81,12,90,93
32,82,9,90,93
33,83,3,90,93
34,85,6,90,93
35,88,1,90,93
36,89,2,90,93
37,91,4,90,93
38,94,2,90,93
39,95,2,90,93
40,98,3,90,93
41,99,4,90,93
42,101,2,90,93
43,104,1,90,93
44,105,1,90,93
45,113,6,90,93
46,117,2,90,93
47,120,6,90,93
48,122,6,90,93
49,135,3,90,93
50,136,3,90,93
51,144,6,90,93
52,146,7,90,93
53,148,4,90,93
54,149,3,90,93
55,152,6,90,93
56,162,7,90,93
57,168,7,90,93
58,171,1,90,93
59,172,1,90,93
60,177,7,90,93
61,180,5,90,93
62,181,2,90,93
63,182,8,90,93
64,185,1,90,93
65,189,1,90,93
66,191,2,90,93
67,193,2,90,93
68,194,2,90,93
69,200,5,90,93
70,201,5,90,93
71,204,2,90,93
72,205,3,90,93
73,207,6,90,93
74,210,2,90,93
75,214,2,90,93
76,215,2,90,93
77,217,7,90,93
78,218,10,90,93
79,219,2,90,93
80,224,2,90,93
81,231,2,90,93
82,232,5,90,93
83,235,4,90,93
84,236,2,90,93
85,238,5,90,93
86,239,2,90,93
87,240,2,90,93
88,241,2,90,93
89,244,5,90,93
90,247,2,90,93
91,248,2,90,93
92,252,6,90,93
93,255,2,90,93
94,257,2,90,93
95,267,4,90,93
96,268,2,90,93
97,274,7,90,93
98,275,1,90,93
99,277,2,90,93
100,278,2,90,93
101,284,1,90,93
102,291,0,90,93
103,293,0,90,93
104,295,0,90,93
105,296,0,90,93
106,298,2,90,93
107,300,2,90,93
108,305,0,90,93
109,306,6,90,93
110,307,0,90,93
111,309,5,90,93
112,311,4,90,93
113,316,9,90,93
114,321,2,90,93
115,323,2,90,93
116,324,2,90,93
117,325,1,90,93
118,326,2,90,93
119,327,2,90,93
120,328,4,90,93
121,335,1,90,93
122,338,1,90,93
123,339,1,90,93
124,340,6,90,93
125,342,3,90,93
126,346,3,90,93
127,347,6,90,93
128,348,3,90,93
129,350,6,90,93
130,354,3,90,93
131,355,6,90,93
132,357,3,90,93
133,363,6,90,93
134,366,10,90,93
135,368,6,90,93
136,369,2,90,93
137,370,2,90,93
138,372,7,90,93
139,380,2,90,93
140,383,4,90,93
141,385,2,90,93
142,388,1,90,93
143,389,10,90,93
144,392,2,90,93
145,394,2,90,93
146,395,1,90,93
147,398,2,90,93
148,399,1,90,93
149,401,4,90,93
150,403,7,90,93
151,409,1,90,93
152,410,5,90,93
153,413,2,90,93
154,415,1,90,93
155,422,2,90,93
156,423,5,90,93
157,431,2,90,93
158,433,5,90,93
159,434,2,90,93
160,436,2,90,93
161,443,2,90,93
162,447,10,90,93
163,449,2,90,93
164,452,2,90,93
165,455,2,90,93
166,461,2,90,93
167,463,2,90,93
168,467,2,90,93
169,474,2,90,93
170,476,8,90,93
171,480,5,90,93
172,481,7,90,93
173,484,2,90,93
174,486,9,90,93
175,489,2,90,93
176,491,2,90,93
177,494,5,90,93
178,495,2,90,93
179,499,5,90,93
180,508,4,90,93
181,512,3,90,93
182,514,10,90,93
183,518,2,90,93
184,520,1,90,93
185,521,1,90,93
186,524,1,90,93
187,528,1,90,93
188,530,5,90,93
189,533,2,90,93
190,541,2,90,93
191,544,2,90,93
192,553,4,90,93
193,557,2,90,93
194,559,5,90,93
195,560,2,90,93
196,564,8,90,93
197,565,2,90,93
198,566,2,90,93
199,567,6,90,93
200,568,1,90,93
201,573,2,90,93
202,577,2,90,93
203,585,2,90,93
204,587,2,90,93
205,588,2,90,93
206,591,1,90,93
207,593,2,90,93
208,597,2,90,93
209,600,3,90,93
210,608,2,90,93
211,611,2,90,93
212,619,2,90,93
213,622,4,90,93
214,625,3,90,93
215,628,6,90,93
216,630,1,90,93
217,650,2,90,93
218,651,2,90,93
219,652,2,90,93
0,2,6,90,94
1,3,2,90,94
2,4,5,90,94
3,6,2,90,94
4,9,2,90,94
5,12,2,90,94
6,14,0,90,94
7,15,4,90,94
8,17,2,90,94
9,18,2,90,94
10,19,2,90,94
11,20,2,90,94
12,23,2,90,94
13,26,1,90,94
14,28,2,90,94
15,35,2,90,94
16,36,4,90,94
17,42,7,90,94
18,44,2,90,94
19,47,2,90,94
20,48,5,90,94
21,52,2,90,94
22,58,2,90,94
23,63,2,90,94
24,64,2,90,94
25,70,2,90,94
26,71,7,90,94
27,76,7,90,94
28,78,5,90,94
29,79,2,90,94
30,82,10,90,94
31,83,11,90,94
32,84,2,90,94
33,85,2,90,94
34,88,1,90,94
35,91,1,90,94
36,94,5,90,94
37,95,7,90,94
38,98,2,90,94
39,99,2,90,94
40,100,1,90,94
41,101,2,90,94
42,104,1,90,94
43,106,2,90,94
44,115,2,90,94
45,117,2,90,94
46,121,12,90,94
47,122,2,90,94
48,126,2,90,94
49,129,2,90,94
50,136,5,90,94
51,144,2,90,94
52,145,2,90,94
53,146,2,90,94
54,148,9,90,94
55,157,2,90,94
56,159,6,90,94
57,162,2,90,94
58,163,5,90,94
59,171,2,90,94
60,172,8,90,94
61,180,5,90,94
62,182,2,90,94
63,185,2,90,94
64,189,2,90,94
65,191,1,90,94
66,192,2,90,94
67,194,7,90,94
68,196,6,90,94
69,200,6,90,94
70,201,6,90,94
71,204,2,90,94
72,205,8,90,94
73,207,5,90,94
74,211,6,90,94
75,214,13,90,94
76,217,2,90,94
77,219,2,90,94
78,220,2,90,94
79,230,2,90,94
80,231,2,90,94
81,233,2,90,94
82,234,2,90,94
83,235,2,90,94
84,236,2,90,94
85,238,2,90,94
86,240,2,90,94
87,241,4,90,94
88,247,4,90,94
89,248,1,90,94
90,255,1,90,94
91,257,1,90,94
92,258,2,90,94
93,259,2,90,94
94,263,0,90,94
95,264,3,90,94
96,265,12,90,94
97,267,3,90,94
98,268,2,90,94
99,274,7,90,94
100,275,0,90,94
101,278,2,90,94
102,293,2,90,94
103,296,2,90,94
104,298,2,90,94
105,300,2,90,94
106,301,2,90,94
107,306,2,90,94
108,307,8,90,94
109,309,2,90,94
110,313,2,90,94
111,321,6,90,94
112,323,2,90,94
113,324,2,90,94
114,325,2,90,94
115,326,2,90,94
116,327,2,90,94
117,328,5,90,94
118,335,6,90,94
119,337,2,90,94
120,338,3,90,94
121,339,2,90,94
122,340,1,90,94
123,342,2,90,94
124,345,2,90,94
125,347,1,90,94
126,348,3,90,94
127,350,1,90,94
128,351,4,90,94
129,354,5,90,94
130,355,1,90,94
131,363,1,90,94
132,366,7,90,94
133,368,2,90,94
134,369,2,90,94
135,370,2,90,94
136,372,3,90,94
137,375,2,90,94
138,380,2,90,94
139,383,5,90,94
140,385,4,90,94
141,386,2,90,94
142,388,6,90,94
143,391,3,90,94
144,394,3,90,94
145,395,6,90,94
146,398,8,90,94
147,399,6,90,94
148,401,5,90,94
149,402,8,90,94
150,403,3,90,94
151,413,6,90,94
152,415,6,90,94
153,417,6,90,94
154,422,3,90,94
155,423,2,90,94
156,431,2,90,94
157,433,2,90,94
158,436,2,90,94
159,437,1,90,94
160,443,1,90,94
161,447,2,90,94
162,449,2,90,94
163,452,2,90,94
164,453,5,90,94
165,455,2,90,94
166,467,3,90,94
167,472,0,90,94
168,474,0,90,94
169,476,0,90,94
170,480,2,90,94
171,484,4,90,94
172,486,1,90,94
173,491,5,90,94
174,492,5,90,94
175,494,11,90,94
176,498,1,90,94
177,503,17,90,94
178,505,3,90,94
179,508,1,90,94
180,512,3,90,94
181,514,10,90,94
182,518,2,90,94
183,520,6,90,94
184,521,6,90,94
185,527,6,90,94
186,533,2,90,94
187,535,10,90,94
188,541,2,90,94
189,553,7,90,94
190,557,2,90,94
191,559,2,90,94
192,560,3,90,94
193,564,11,90,94
194,566,6,90,94
195,567,2,90,94
196,568,0,90,94
197,570,2,90,94
198,573,1,90,94
199,576,3,90,94
200,577,2,90,94
201,585,6,90,94
202,587,6,90,94
203,588,3,90,94
204,591,6,90,94
205,592,8,90,94
206,593,2,90,94
207,594,2,90,94
208,598,2,90,94
209,608,8,90,94
210,611,2,90,94
211,618,5,90,94
212,622,2,90,94
213,623,2,90,94
214,625,7,90,94
215,630,0,90,94
216,650,6,90,94
217,651,2,90,94
218,654,3,90,94
219,10149,2,90,94
0,2,5,90,95
1,3,6,90,95
2,4,5,90,95
3,6,6,90,95
4,9,3,90,95
5,12,3,90,95
6,14,1,90,95
7,15,6,90,95
8,16,3,90,95
9,17,8,90,95
10,18,6,90,95
11,24,8,90,95
12,26,2,90,95
13,27,2,90,95
14,35,0,90,95
15,36,3,90,95
16,38,2,90,95
17,44,0,90,95
18,45,6,90,95
19,47,0,90,95
20,48,2,90,95
21,53,2,90,95
22,54,2,90,95
23,57,2,90,95
24,58,6,90,95
25,60,2,90,95
26,63,2,90,95
27,64,2,90,95
28,70,2,90,95
29,71,3,90,95
30,78,2,90,95
31,79,2,90,95
32,82,2,90,95
33,83,2,90,95
34,85,2,90,95
35,88,9,90,95
36,91,6,90,95
37,94,3,90,95
38,95,6,90,95
39,99,3,90,95
40,100,12,90,95
41,101,3,90,95
42,104,6,90,95
43,105,6,90,95
44,115,2,90,95
45,117,2,90,95
46,122,2,90,95
47,126,2,90,95
48,128,2,90,95
49,136,2,90,95
50,144,2,90,95
51,145,2,90,95
52,146,2,90,95
53,148,2,90,95
54,149,7,90,95
55,152,2,90,95
56,157,2,90,95
57,159,9,90,95
58,162,2,90,95
59,168,2,90,95
60,172,2,90,95
61,177,2,90,95
62,180,2,90,95
63,181,2,90,95
64,182,3,90,95
65,185,2,90,95
66,188,2,90,95
67,189,2,90,95
68,191,2,90,95
69,193,3,90,95
70,194,6,90,95
71,200,8,90,95
72,201,6,90,95
73,204,2,90,95
74,207,6,90,95
75,210,9,90,95
76,211,6,90,95
77,214,4,90,95
78,217,2,90,95
79,220,2,90,95
80,222,2,90,95
81,224,2,90,95
82,228,3,90,95
83,231,2,90,95
84,232,2,90,95
85,235,5,90,95
86,236,2,90,95
87,238,2,90,95
88,239,2,90,95
89,240,2,90,95
90,241,2,90,95
91,247,2,90,95
92,248,2,90,95
93,255,2,90,95
94,257,2,90,95
95,259,2,90,95
96,262,7,90,95
97,263,1,90,95
98,267,1,90,95
99,268,7,90,95
100,272,2,90,95
101,274,5,90,95
102,275,1,90,95
103,278,2,90,95
104,291,1,90,95
105,293,1,90,95
106,298,2,90,95
107,299,2,90,95
108,300,2,90,95
109,306,2,90,95
110,307,1,90,95
111,309,2,90,95
112,311,15,90,95
113,320,5,90,95
114,321,9,90,95
115,323,3,90,95
116,324,2,90,95
117,325,1,90,95
118,326,1,90,95
119,327,10,90,95
120,328,2,90,95
121,335,7,90,95
122,338,8,90,95
123,339,1,90,95
124,340,5,90,95
125,341,2,90,95
126,346,4,90,95
127,347,2,90,95
128,350,2,90,95
129,351,6,90,95
130,354,2,90,95
131,355,2,90,95
132,363,2,90,95
133,366,8,90,95
134,368,6,90,95
135,369,8,90,95
136,372,3,90,95
137,375,3,90,95
138,380,6,90,95
139,383,6,90,95
140,385,8,90,95
141,388,6,90,95
142,389,2,90,95
143,391,5,90,95
144,392,3,90,95
145,394,2,90,95
146,395,1,90,95
147,398,2,90,95
148,399,1,90,95
149,401,9,90,95
150,405,1,90,95
151,409,1,90,95
152,413,1,90,95
153,415,1,90,95
154,422,2,90,95
155,423,2,90,95
156,432,2,90,95
157,433,10,90,95
158,434,4,90,95
159,436,2,90,95
160,443,2,90,95
161,449,10,90,95
162,455,1,90,95
163,463,2,90,95
164,467,1,90,95
165,474,7,90,95
166,476,1,90,95
167,481,9,90,95
168,482,2,90,95
169,484,1,90,95
170,486,1,90,95
171,491,2,90,95
172,492,2,90,95
173,494,5,90,95
174,503,5,90,95
175,505,10,90,95
176,508,1,90,95
177,512,2,90,95
178,514,3,90,95
179,518,2,90,95
180,520,6,90,95
181,521,6,90,95
182,524,6,90,95
183,530,6,90,95
184,531,2,90,95
185,533,4,90,95
186,541,6,90,95
187,542,3,90,95
188,544,2,90,95
189,550,2,90,95
190,553,2,90,95
191,559,2,90,95
192,560,2,90,95
193,564,2,90,95
194,566,6,90,95
195,567,2,90,95
196,568,1,90,95
197,570,2,90,95
198,571,2,90,95
199,573,2,90,95
200,579,2,90,95
201,585,3,90,95
202,587,10,90,95
203,588,3,90,95
204,591,6,90,95
205,593,6,90,95
206,594,9,90,95
207,608,5,90,95
208,611,2,90,95
209,617,2,90,95
210,618,5,90,95
211,622,2,90,95
212,623,5,90,95
213,625,6,90,95
214,630,1,90,95
215,635,2,90,95
216,649,6,90,95
217,650,6,90,95
218,651,2,90,95
219,654,3,90,95
0,3,2,90,96
1,4,2,90,96
2,6,14,90,96
3,9,2,90,96
4,10,2,90,96
5,13,2,90,96
6,14,2,90,96
7,15,2,90,96
8,16,5,90,96
9,17,2,90,96
10,19,2,90,96
11,23,4,90,96
12,24,2,90,96
13,26,1,90,96
14,27,6,90,96
15,35,1,90,96
16,36,1,90,96
17,44,1,90,96
18,47,1,90,96
19,48,4,90,96
20,52,1,90,96
21,53,2,90,96
22,54,2,90,96
23,58,2,90,96
24,63,2,90,96
25,64,2,90,96
26,70,2,90,96
27,71,2,90,96
28,78,2,90,96
29,79,2,90,96
30,81,2,90,96
31,82,2,90,96
32,83,2,90,96
33,85,2,90,96
34,88,6,90,96
35,89,3,90,96
36,91,6,90,96
37,94,3,90,96
38,99,5,90,96
39,101,3,90,96
40,105,6,90,96
41,106,6,90,96
42,110,5,90,96
43,115,2,90,96
44,120,2,90,96
45,122,2,90,96
46,126,2,90,96
47,136,2,90,96
48,144,2,90,96
49,145,2,90,96
50,146,3,90,96
51,152,2,90,96
52,153,1,90,96
53,159,2,90,96
54,162,1,90,96
55,163,1,90,96
56,168,2,90,96
57,172,1,90,96
58,174,5,90,96
59,177,5,90,96
60,180,3,90,96
61,181,7,90,96
62,185,1,90,96
63,188,2,90,96
64,189,1,90,96
65,191,2,90,96
66,194,2,90,96
67,200,2,90,96
68,201,2,90,96
69,204,1,90,96
70,205,2,90,96
71,207,6,90,96
72,210,2,90,96
73,211,2,90,96
74,214,2,90,96
75,218,2,90,96
76,219,6,90,96
77,220,5,90,96
78,222,3,90,96
79,224,3,90,96
80,231,6,90,96
81,232,2,90,96
82,233,2,90,96
83,235,6,90,96
84,236,6,90,96
85,238,6,90,96
86,241,5,90,96
87,247,2,90,96
88,248,2,90,96
89,251,7,90,96
90,255,2,90,96
91,257,4,90,96
92,259,5,90,96
93,263,6,90,96
94,267,6,90,96
95,268,6,90,96
96,272,2,90,96
97,275,6,90,96
98,278,3,90,96
99,284,6,90,96
100,291,2,90,96
101,293,2,90,96
102,295,2,90,96
103,296,2,90,96
104,298,2,90,96
105,301,2,90,96
106,302,2,90,96
107,305,2,90,96
108,307,2,90,96
109,309,3,90,96
110,314,9,90,96
111,316,6,90,96
112,321,5,90,96
113,323,3,90,96
114,324,3,90,96
115,325,7,90,96
116,326,6,90,96
117,327,3,90,96
118,328,19,90,96
119,329,3,90,96
120,335,6,90,96
121,338,6,90,96
122,339,6,90,96
123,340,6,90,96
124,341,6,90,96
125,342,8,90,96
126,345,3,90,96
127,347,6,90,96
128,348,8,90,96
129,350,6,90,96
130,351,5,90,96
131,354,3,90,96
132,355,6,90,96
133,368,3,90,96
134,369,9,90,96
135,372,3,90,96
136,375,5,90,96
137,380,6,90,96
138,383,6,90,96
139,385,10,90,96
140,388,6,90,96
141,389,2,90,96
142,392,7,90,96
143,394,2,90,96
144,395,2,90,96
145,399,2,90,96
146,401,2,90,96
147,402,4,90,96
148,403,7,90,96
149,410,5,90,96
150,413,2,90,96
151,415,3,90,96
152,420,2,90,96
153,422,1,90,96
154,423,2,90,96
155,433,2,90,96
156,434,5,90,96
157,436,1,90,96
158,443,1,90,96
159,447,9,90,96
160,449,2,90,96
161,453,2,90,96
162,456,2,90,96
163,461,2,90,96
164,467,2,90,96
165,470,4,90,96
166,476,2,90,96
167,480,5,90,96
168,486,2,90,96
169,491,2,90,96
170,492,2,90,96
171,494,2,90,96
172,495,2,90,96
173,499,2,90,96
174,503,2,90,96
175,505,3,90,96
176,508,4,90,96
177,512,2,90,96
178,514,5,90,96
179,520,6,90,96
180,521,7,90,96
181,524,6,90,96
182,527,3,90,96
183,530,3,90,96
184,531,2,90,96
185,541,9,90,96
186,542,1,90,96
187,544,2,90,96
188,550,2,90,96
189,553,2,90,96
190,557,3,90,96
191,559,1,90,96
192,564,1,90,96
193,566,5,90,96
194,567,1,90,96
195,568,6,90,96
196,569,2,90,96
197,570,2,90,96
198,571,3,90,96
199,573,1,90,96
200,577,3,90,96
201,585,2,90,96
202,587,3,90,96
203,588,3,90,96
204,591,6,90,96
205,593,6,90,96
206,594,6,90,96
207,595,2,90,96
208,597,2,90,96
209,600,2,90,96
210,608,7,90,96
211,611,3,90,96
212,617,2,90,96
213,619,3,90,96
214,622,2,90,96
215,623,2,90,96
216,628,2,90,96
217,630,6,90,96
218,650,2,90,96
219,652,3,90,96
0,3,3,90,97
1,4,2,90,97
2,9,3,90,97
3,13,2,90,97
4,14,1,90,97
5,15,1,90,97
6,16,2,90,97
7,17,2,90,97
8,18,1,90,97
9,19,2,90,97
10,20,2,90,97
11,24,1,90,97
12,26,2,90,97
13,27,2,90,97
14,28,2,90,97
15,35,0,90,97
16,36,0,90,97
17,42,2,90,97
18,44,0,90,97
19,47,0,90,97
20,48,2,90,97
21,52,0,90,97
22,53,2,90,97
23,54,2,90,97
24,63,2,90,97
25,64,5,90,97
26,70,2,90,97
27,71,10,90,97
28,78,2,90,97
29,79,2,90,97
30,81,2,90,97
31,83,2,90,97
32,85,2,90,97
33,88,1,90,97
34,91,1,90,97
35,94,4,90,97
36,95,2,90,97
37,99,7,90,97
38,100,1,90,97
39,101,2,90,97
40,104,1,90,97
41,105,2,90,97
42,110,2,90,97
43,117,3,90,97
44,121,2,90,97
45,126,2,90,97
46,128,4,90,97
47,131,1,90,97
48,136,2,90,97
49,144,1,90,97
50,145,2,90,97
51,146,1,90,97
52,148,10,90,97
53,152,2,90,97
54,157,3,90,97
55,159,1,90,97
56,162,6,90,97
57,163,9,90,97
58,172,12,90,97
59,177,3,90,97
60,180,2,90,97
61,181,14,90,97
62,182,8,90,97
63,185,6,90,97
64,189,6,90,97
65,191,0,90,97
66,193,2,90,97
67,194,7,90,97
68,200,1,90,97
69,201,1,90,97
70,204,1,90,97
71,205,11,90,97
72,207,8,90,97
73,210,1,90,97
74,211,7,90,97
75,217,2,90,97
76,218,10,90,97
77,220,2,90,97
78,224,10,90,97
79,230,2,90,97
80,231,7,90,97
81,235,1,90,97
82,236,6,90,97
83,238,4,90,97
84,239,2,90,97
85,241,3,90,97
86,244,0,90,97
87,248,0,90,97
88,252,10,90,97
89,255,0,90,97
90,257,1,90,97
91,259,8,90,97
92,263,1,90,97
93,265,2,90,97
94,267,1,90,97
95,272,4,90,97
96,274,2,90,97
97,275,1,90,97
98,277,2,90,97
99,278,2,90,97
100,291,6,90,97
101,293,6,90,97
102,295,6,90,97
103,300,3,90,97
104,301,6,90,97
105,306,3,90,97
106,307,6,90,97
107,309,3,90,97
108,311,12,90,97
109,321,3,90,97
110,323,3,90,97
111,324,6,90,97
112,325,6,90,97
113,326,8,90,97
114,327,3,90,97
115,328,6,90,97
116,329,6,90,97
117,336,16,90,97
118,338,4,90,97
119,339,12,90,97
120,340,1,90,97
121,341,10,90,97
122,345,5,90,97
123,346,7,90,97
124,347,3,90,97
125,350,1,90,97
126,354,2,90,97
127,355,4,90,97
128,363,1,90,97
129,364,3,90,97
130,366,3,90,97
131,369,8,90,97
132,372,3,90,97
133,375,2,90,97
134,380,6,90,97
135,383,6,90,97
136,385,6,90,97
137,388,0,90,97
138,392,2,90,97
139,394,2,90,97
140,395,1,90,97
141,398,5,90,97
142,399,1,90,97
143,401,6,90,97
144,404,1,90,97
145,409,1,90,97
146,413,1,90,97
147,415,1,90,97
148,420,2,90,97
149,422,5,90,97
150,423,2,90,97
151,433,3,90,97
152,434,2,90,97
153,436,2,90,97
154,443,2,90,97
155,447,12,90,97
156,449,2,90,97
157,452,2,90,97
158,453,6,90,97
159,455,1,90,97
160,461,1,90,97
161,463,2,90,97
162,467,9,90,97
163,472,1,90,97
164,480,8,90,97
165,482,3,90,97
166,486,6,90,97
167,491,16,90,97
168,492,6,90,97
169,495,6,90,97
170,498,6,90,97
171,499,3,90,97
172,501,3,90,97
173,503,7,90,97
174,505,9,90,97
175,508,6,90,97
176,512,2,90,97
177,514,8,90,97
178,516,0,90,97
179,518,5,90,97
180,520,0,90,97
181,521,0,90,97
182,527,8,90,97
183,528,0,90,97
184,530,2,90,97
185,533,1,90,97
186,541,2,90,97
187,553,2,90,97
188,557,2,90,97
189,559,1,90,97
190,560,3,90,97
191,564,4,90,97
192,565,5,90,97
193,566,6,90,97
194,567,7,90,97
195,568,1,90,97
196,569,2,90,97
197,571,2,90,97
198,573,2,90,97
199,577,2,90,97
200,579,0,90,97
201,585,7,90,97
202,588,2,90,97
203,593,6,90,97
204,594,6,90,97
205,597,2,90,97
206,617,6,90,97
207,618,2,90,97
208,619,2,90,97
209,620,5,90,97
210,623,5,90,97
211,625,2,90,97
212,628,1,90,97
213,630,1,90,97
214,635,3,90,97
215,650,1,90,97
216,651,2,90,97
217,652,3,90,97
218,654,7,90,97
219,655,6,90,97
0,3,6,90,98
1,4,6,90,98
2,6,6,90,98
3,9,3,90,98
4,13,3,90,98
5,14,6,90,98
6,15,6,90,98
7,16,6,90,98
8,17,4,90,98
9,18,9,90,98
10,19,2,90,98
11,20,5,90,98
12,23,11,90,98
13,26,2,90,98
14,27,5,90,98
15,28,2,90,98
16,36,2,90,98
17,44,2,90,98
18,45,2,90,98
19,47,2,90,98
20,48,2,90,98
21,52,2,90,98
22,53,2,90,98
23,57,2,90,98
24,58,2,90,98
25,64,2,90,98
26,65,2,90,98
27,70,2,90,98
28,71,2,90,98
29,78,2,90,98
30,79,2,90,98
31,81,4,90,98
32,82,6,90,98
33,83,7,90,98
34,85,2,90,98
35,88,2,90,98
36,89,2,90,98
37,91,2,90,98
38,94,2,90,98
39,99,8,90,98
40,101,2,90,98
41,104,2,90,98
42,105,2,90,98
43,106,2,90,98
44,115,2,90,98
45,117,2,90,98
46,120,1,90,98
47,128,1,90,98
48,129,6,90,98
49,136,8,90,98
50,144,1,90,98
51,145,1,90,98
52,146,2,90,98
53,148,6,90,98
54,152,2,90,98
55,157,2,90,98
56,159,2,90,98
57,162,1,90,98
58,172,1,90,98
59,177,2,90,98
60,180,2,90,98
61,181,2,90,98
62,182,2,90,98
63,185,1,90,98
64,189,1,90,98
65,191,1,90,98
66,192,5,90,98
67,194,2,90,98
68,200,2,90,98
69,201,3,90,98
70,204,2,90,98
71,205,10,90,98
72,207,9,90,98
73,210,2,90,98
74,211,2,90,98
75,214,2,90,98
76,218,6,90,98
77,219,1,90,98
78,220,2,90,98
79,222,5,90,98
80,224,3,90,98
81,228,1,90,98
82,231,1,90,98
83,234,1,90,98
84,235,1,90,98
85,236,1,90,98
86,238,7,90,98
87,239,2,90,98
88,240,2,90,98
89,241,1,90,98
90,247,2,90,98
91,248,1,90,98
92,252,6,90,98
93,255,1,90,98
94,257,1,90,98
95,259,7,90,98
96,263,1,90,98
97,265,2,90,98
98,267,1,90,98
99,268,2,90,98
100,272,2,90,98
101,274,2,90,98
102,275,1,90,98
103,278,2,90,98
104,291,1,90,98
105,293,1,90,98
106,295,1,90,98
107,300,2,90,98
108,301,1,90,98
109,305,1,90,98
110,306,2,90,98
111,309,2,90,98
112,311,8,90,98
113,314,5,90,98
114,321,2,90,98
115,322,6,90,98
116,323,3,90,98
117,325,6,90,98
118,326,6,90,98
119,327,4,90,98
120,328,6,90,98
121,333,6,90,98
122,337,6,90,98
123,338,2,90,98
124,339,12,90,98
125,340,1,90,98
126,342,4,90,98
127,345,5,90,98
128,347,1,90,98
129,348,7,90,98
130,350,1,90,98
131,351,9,90,98
132,354,2,90,98
133,357,10,90,98
134,363,1,90,98
135,364,2,90,98
136,366,3,90,98
137,369,2,90,98
138,372,5,90,98
139,380,4,90,98
140,383,5,90,98
141,385,7,90,98
142,386,2,90,98
143,388,1,90,98
144,389,6,90,98
145,394,2,90,98
146,395,2,90,98
147,398,2,90,98
148,399,2,90,98
149,401,2,90,98
150,403,7,90,98
151,409,2,90,98
152,413,2,90,98
153,415,2,90,98
154,420,2,90,98
155,422,2,90,98
156,432,4,90,98
157,433,2,90,98
158,434,5,90,98
159,436,11,90,98
160,437,2,90,98
161,443,2,90,98
162,447,3,90,98
163,449,2,90,98
164,455,6,90,98
165,456,6,90,98
166,461,6,90,98
167,467,6,90,98
168,474,6,90,98
169,476,6,90,98
170,480,3,90,98
171,491,11,90,98
172,494,9,90,98
173,495,9,90,98
174,496,6,90,98
175,498,6,90,98
176,499,3,90,98
177,503,6,90,98
178,505,8,90,98
179,508,9,90,98
180,512,2,90,98
181,514,2,90,98
182,516,1,90,98
183,518,3,90,98
184,521,4,90,98
185,523,6,90,98
186,524,1,90,98
187,527,8,90,98
188,528,1,90,98
189,533,3,90,98
190,541,2,90,98
191,542,2,90,98
192,553,2,90,98
193,557,2,90,98
194,559,2,90,98
195,560,2,90,98
196,563,4,90,98
197,564,2,90,98
198,566,5,90,98
199,567,2,90,98
200,568,1,90,98
201,569,2,90,98
202,570,7,90,98
203,573,2,90,98
204,585,5,90,98
205,588,2,90,98
206,590,2,90,98
207,591,9,90,98
208,593,2,90,98
209,594,2,90,98
210,595,2,90,98
211,608,8,90,98
212,611,2,90,98
213,617,2,90,98
214,618,2,90,98
215,623,3,90,98
216,625,5,90,98
217,630,1,90,98
218,650,2,90,98
219,652,2,90,98
0,2,2,90,99
1,3,1,90,99
2,4,8,90,99
3,6,3,90,99
4,9,2,90,99
5,14,6,90,99
6,15,1,90,99
7,17,2,90,99
8,18,1,90,99
9,19,2,90,99
10,20,2,90,99
11,23,7,90,99
12,24,1,90,99
13,26,2,90,99
14,27,2,90,99
15,28,5,90,99
16,35,1,90,99
17,36,1,90,99
18,44,1,90,99
19,47,1,90,99
20,52,1,90,99
21,53,2,90,99
22,54,2,90,99
23,57,2,90,99
24,58,6,90,99
25,63,2,90,99
26,64,2,90,99
27,70,5,90,99
28,78,2,90,99
29,79,2,90,99
30,81,2,90,99
31,82,10,90,99
32,83,5,90,99
33,85,2,90,99
34,89,2,90,99
35,91,1,90,99
36,94,2,90,99
37,98,2,90,99
38,99,4,90,99
39,100,1,90,99
40,101,2,90,99
41,104,7,90,99
42,105,1,90,99
43,110,7,90,99
44,115,2,90,99
45,117,2,90,99
46,126,2,90,99
47,128,1,90,99
48,129,2,90,99
49,136,2,90,99
50,144,3,90,99
51,145,1,90,99
52,146,1,90,99
53,148,3,90,99
54,152,2,90,99
55,157,2,90,99
56,159,5,90,99
57,162,2,90,99
58,168,5,90,99
59,171,2,90,99
60,172,2,90,99
61,174,2,90,99
62,177,7,90,99
63,180,2,90,99
64,182,11,90,99
65,185,2,90,99
66,189,2,90,99
67,191,1,90,99
68,200,4,90,99
69,201,1,90,99
70,202,1,90,99
71,204,1,90,99
72,205,2,90,99
73,207,2,90,99
74,210,1,90,99
75,211,1,90,99
76,214,7,90,99
77,217,6,90,99
78,218,6,90,99
79,219,6,90,99
80,222,8,90,99
81,224,3,90,99
82,230,5,90,99
83,231,6,90,99
84,232,9,90,99
85,233,2,90,99
86,235,6,90,99
87,236,9,90,99
88,240,5,90,99
89,241,1,90,99
90,247,2,90,99
91,248,1,90,99
92,252,12,90,99
93,255,1,90,99
94,257,1,90,99
95,259,2,90,99
96,263,-1,90,99
97,264,2,90,99
98,265,2,90,99
99,267,-1,90,99
100,268,2,90,99
101,274,2,90,99
102,275,-1,90,99
103,278,2,90,99
104,285,2,90,99
105,293,1,90,99
106,295,1,90,99
107,296,1,90,99
108,298,2,90,99
109,300,2,90,99
110,302,1,90,99
111,306,3,90,99
112,309,2,90,99
113,311,8,90,99
114,314,2,90,99
115,316,6,90,99
116,323,2,90,99
117,324,2,90,99
118,325,5,90,99
119,327,12,90,99
120,328,2,90,99
121,329,4,90,99
122,335,2,90,99
123,336,6,90,99
124,339,2,90,99
125,340,15,90,99
126,341,6,90,99
127,342,6,90,99
128,346,3,90,99
129,347,6,90,99
130,350,15,90,99
131,351,2,90,99
132,354,3,90,99
133,355,6,90,99
134,366,3,90,99
135,368,3,90,99
136,369,9,90,99
137,370,6,90,99
138,375,5,90,99
139,380,12,90,99
140,383,6,90,99
141,385,5,90,99
142,388,1,90,99
143,389,6,90,99
144,392,6,90,99
145,394,3,90,99
146,398,5,90,99
147,401,2,90,99
148,402,3,90,99
149,403,3,90,99
150,409,12,90,99
151,410,3,90,99
152,413,6,90,99
153,415,6,90,99
154,420,3,90,99
155,422,2,90,99
156,423,2,90,99
157,432,2,90,99
158,433,2,90,99
159,434,5,90,99
160,436,3,90,99
161,443,2,90,99
162,447,2,90,99
163,449,2,90,99
164,453,6,90,99
165,455,6,90,99
166,456,6,90,99
167,461,6,90,99
168,472,6,90,99
169,476,9,90,99
170,480,6,90,99
171,482,3,90,99
172,484,9,90,99
173,491,6,90,99
174,495,11,90,99
175,498,6,90,99
176,503,22,90,99
177,505,6,90,99
178,508,6,90,99
179,512,2,90,99
180,514,2,90,99
181,518,3,90,99
182,520,1,90,99
183,521,1,90,99
184,524,1,90,99
185,527,2,90,99
186,528,1,90,99
187,530,2,90,99
188,531,2,90,99
189,533,1,90,99
190,541,2,90,99
191,542,2,90,99
192,553,2,90,99
193,557,2,90,99
194,559,1,90,99
195,564,1,90,99
196,566,5,90,99
197,567,3,90,99
198,568,-1,90,99
199,570,2,90,99
200,571,11,90,99
201,577,4,90,99
202,580,2,90,99
203,585,10,90,99
204,591,1,90,99
205,593,6,90,99
206,608,8,90,99
207,609,9,90,99
208,617,10,90,99
209,618,2,90,99
210,619,2,90,99
211,622,2,90,99
212,623,3,90,99
213,625,3,90,99
214,628,1,90,99
215,630,-1,90,99
216,650,1,90,99
217,652,3,90,99
218,654,2,90,99
219,655,2,90,99
0,2,2,90,100
1,3,2,90,100
2,4,9,90,100
3,6,2,90,100
4,8,8,90,100
5,10,3,90,100
6,14,4,90,100
7,15,2,90,100
8,16,2,90,100
9,17,8,90,100
10,18,8,90,100
11,19,3,90,100
12,20,2,90,100
13,24,3,90,100
14,26,2,90,100
15,27,2,90,100
16,35,1,90,100
17,36,1,90,100
18,38,6,90,100
19,44,1,90,100
20,47,1,90,100
21,48,5,90,100
22,52,1,90,100
23,53,2,90,100
24,54,4,90,100
25,57,2,90,100
26,58,2,90,100
27,63,2,90,100
28,64,2,90,100
29,65,2,90,100
30,70,0,90,100
31,78,5,90,100
32,79,0,90,100
33,81,0,90,100
34,82,5,90,100
35,83,2,90,100
36,85,0,90,100
37,88,2,90,100
38,89,2,90,100
39,91,2,90,100
40,94,3,90,100
41,98,9,90,100
42,99,8,90,100
43,101,2,90,100
44,106,5,90,100
45,110,17,90,100
46,111,2,90,100
47,115,7,90,100
48,122,0,90,100
49,126,10,90,100
50,128,0,90,100
51,129,2,90,100
52,144,0,90,100
53,145,3,90,100
54,146,0,90,100
55,148,2,90,100
56,152,0,90,100
57,153,1,90,100
58,157,2,90,100
59,159,6,90,100
60,162,1,90,100
61,172,1,90,100
62,174,2,90,100
63,177,7,90,100
64,180,4,90,100
65,185,1,90,100
66,189,4,90,100
67,191,6,90,100
68,192,3,90,100
69,194,6,90,100
70,196,6,90,100
71,200,6,90,100
72,201,6,90,100
73,204,6,90,100
74,205,4,90,100
75,207,4,90,100
76,211,6,90,100
77,214,3,90,100
78,217,7,90,100
79,218,8,90,100
80,220,4,90,100
81,222,2,90,100
82,224,2,90,100
83,230,2,90,100
84,235,2,90,100
85,236,2,90,100
86,238,2,90,100
87,239,3,90,100
88,241,6,90,100
89,247,3,90,100
90,248,6,90,100
91,252,2,90,100
92,255,6,90,100
93,257,9,90,100
94,263,1,90,100
95,265,4,90,100
96,267,1,90,100
97,268,2,90,100
98,272,6,90,100
99,278,2,90,100
100,284,1,90,100
101,289,2,90,100
102,293,6,90,100
103,295,6,90,100
104,296,6,90,100
105,300,3,90,100
106,301,6,90,100
107,302,6,90,100
108,306,2,90,100
109,309,3,90,100
110,311,3,90,100
111,320,2,90,100
112,323,2,90,100
113,325,2,90,100
114,326,8,90,100
115,327,5,90,100
116,328,15,90,100
117,329,5,90,100
118,335,2,90,100
119,336,2,90,100
120,338,2,90,100
121,339,2,90,100
122,340,2,90,100
123,341,1,90,100
124,342,5,90,100
125,347,3,90,100
126,348,8,90,100
127,350,7,90,100
128,351,10,90,100
129,354,2,90,100
130,363,1,90,100
131,368,3,90,100
132,369,6,90,100
133,372,6,90,100
134,376,6,90,100
135,380,6,90,100
136,382,3,90,100
137,383,6,90,100
138,385,5,90,100
139,386,2,90,100
140,388,4,90,100
141,392,2,90,100
142,394,2,90,100
143,395,1,90,100
144,398,2,90,100
145,399,3,90,100
146,401,9,90,100
147,403,2,90,100
148,404,1,90,100
149,413,1,90,100
150,415,1,90,100
151,422,2,90,100
152,431,2,90,100
153,433,2,90,100
154,434,7,90,100
155,436,5,90,100
156,443,2,90,100
157,447,7,90,100
158,449,2,90,100
159,453,2,90,100
160,455,1,90,100
161,456,1,90,100
162,461,1,90,100
163,467,2,90,100
164,470,2,90,100
165,472,1,90,100
166,480,7,90,100
167,486,2,90,100
168,491,2,90,100
169,494,2,90,100
170,495,5,90,100
171,498,2,90,100
172,499,7,90,100
173,503,6,90,100
174,505,2,90,100
175,508,2,90,100
176,512,7,90,100
177,514,5,90,100
178,518,2,90,100
179,520,1,90,100
180,521,1,90,100
181,524,1,90,100
182,527,2,90,100
183,528,1,90,100
184,531,2,90,100
185,533,6,90,100
186,541,12,90,100
187,542,9,90,100
188,543,6,90,100
189,553,3,90,100
190,557,3,90,100
191,559,9,90,100
192,560,5,90,100
193,566,6,90,100
194,567,6,90,100
195,568,1,90,100
196,570,3,90,100
197,571,7,90,100
198,573,2,90,100
199,576,2,90,100
200,577,12,90,100
201,585,3,90,100
202,587,2,90,100
203,588,2,90,100
204,590,2,90,100
205,593,7,90,100
206,594,6,90,100
207,600,2,90,100
208,611,2,90,100
209,617,6,90,100
210,618,7,90,100
211,619,2,90,100
212,622,3,90,100
213,623,2,90,100
214,625,2,90,100
215,630,1,90,100
216,650,6,90,100
217,651,2,90,100
218,652,3,90,100
219,10149,3,90,100
