,player_id,web_name,team_code,element_type,now_cost,event,points_md,is_captain,multiplier,starting_lineup,selected_by_percent,gw_points
0,455,Fabianski,21,1,50,10,3.727,False,1,1,1.4,3.727
1,308,Aké,43,2,50,10,4.013999999999999,False,1,1,0.8,4.013999999999999
2,461,Zouma,21,2,45,10,3.6319999999999997,False,1,1,2.0,3.6319999999999997
3,538,Young,7,2,44,10,3.366,False,1,1,0.2,3.366
4,142,Mount,8,3,76,10,3.9139999999999997,False,1,1,3.4,3.9139999999999997
5,195,Gordon,11,3,56,10,3.877,False,1,1,4.2,3.877
6,333,Fernandes,1,3,98,10,3.8739999999999997,False,1,1,2.2,3.8739999999999997
7,465,Bowen,21,3,81,10,5.083,True,2,1,4.2,10.166
8,40,Watkins,7,4,72,10,4.013,False,1,1,2.2,4.013
9,66,Solanke,91,4,57,10,4.225,False,1,1,1.3,4.225
10,356,Wilson,4,4,72,10,3.905,False,1,1,1.3,3.905
11,152,Guaita,31,1,45,10,3.56,False,0,0,2.2,0.0
12,39,Mings,7,2,43,10,3.304,False,0,0,4.2,0.0
13,167,Guéhi,31,2,43,10,3.3289999999999997,False,0,0,1.8,0.0
14,369,Almirón,4,3,51,10,3.8539999999999996,False,0,0,4.0,0.0
