,player_id,web_name,team_code,element_type,now_cost,event,points_md,is_captain,multiplier,starting_lineup,selected_by_percent,gw_points
0,2,Leno,54,1,45,11,3.6180000000000003,False,1,1,1.6,3.6180000000000003
1,436,R.Sessegnon,6,2,45,11,3.5010000000000003,False,1,1,1.1,3.5010000000000003
2,443,Romero,6,2,49,11,3.725,False,1,1,1.5,3.725
3,477,Jonny,39,2,44,11,3.795,False,1,1,0.8,3.795
4,333,Fernandes,1,3,98,11,3.9989999999999997,False,1,1,2.1,3.9989999999999997
5,465,Bowen,21,3,81,11,4.655,True,2,1,4.9,9.31
6,483,Podence,39,3,55,11,4.1530000000000005,False,1,1,1.1,4.1530000000000005
7,579,Guedes,39,3,60,11,4.516,False,1,1,0.3,4.516
8,66,Solanke,91,4,57,11,4.03,False,1,1,1.6,4.03
9,454,Richarlison,6,4,85,11,3.7960000000000003,False,1,1,1.0,3.7960000000000003
10,617,Aubameyang,8,4,91,11,4.024,False,1,1,2.7,4.024
11,455,Fabianski,21,1,50,11,3.59,False,0,0,1.5,0.0
12,329,Varane,1,2,48,11,3.3110000000000004,False,0,0,2.8,0.0
13,526,Mee,94,2,45,11,3.22,False,0,0,3.1,0.0
14,70,Billing,91,3,53,11,3.6460000000000004,False,0,0,0.7,0.0
