,player_id,web_name,team_code,element_type,now_cost,event,points_md,is_captain,multiplier,starting_lineup,selected_by_percent,gw_points
0,238,Meslier,2,1,45,22,5.5820000000000025,False,1,1,1.8,5.5820000000000025
1,106,Dunk,36,2,47,22,4.553999999999999,False,1,1,4.9,4.553999999999999
2,285,Alexander-Arnold,14,2,73,22,4.633,False,1,1,17.0,4.633
3,332,Shaw,1,2,52,22,7.479999999999999,False,1,1,22.2,7.479999999999999
4,124,Mitoma,36,3,51,22,5.224,False,1,1,4.7,5.224
5,225,Rodrigo,2,3,64,22,6.1339999999999995,False,1,1,8.3,6.1339999999999995
6,283,Salah,14,3,128,22,6.172999999999999,False,1,1,26.4,6.172999999999999
7,333,Fernandes,1,3,98,22,9.043,False,1,1,7.1,9.043
8,335,Rashford,1,3,71,22,9.218,True,2,1,48.3,18.436
9,318,Haaland,43,4,122,22,5.5870000000000015,False,1,1,85.3,5.5870000000000015
10,356,Wilson,4,4,71,22,5.0310000000000015,False,1,1,4.5,5.0310000000000015
11,518,Hennessey,17,1,39,22,3.455,False,0,0,1.6,0.0
12,92,Pinnock,94,2,44,22,3.9560000000000004,False,0,0,0.2,0.0
13,108,Webster,36,2,45,22,4.226,False,0,0,0.4,0.0
14,619,Gnonto,2,4,50,22,4.109,False,0,0,0.9,0.0
