,player_id,web_name,team_code,element_type,now_cost,event,points_md,is_captain,multiplier,starting_lineup,selected_by_percent,gw_points
0,238,Meslier,2,1,45,22,5.5820000000000025,False,1,1,1.8,5.5820000000000025
1,106,Dunk,36,2,47,22,4.553999999999999,False,1,1,4.9,4.553999999999999
2,108,Webster,36,2,45,22,4.226,False,1,1,0.4,4.226
3,329,Varane,1,2,48,22,6.7840000000000025,True,2,1,3.1,13.568000000000005
4,124,Mitoma,36,3,51,22,5.224,False,1,1,4.7,5.224
5,233,Harrison,2,3,58,22,4.7,False,1,1,1.5,4.7
6,246,Aaronson,2,3,54,22,5.097,False,1,1,0.7,5.097
7,519,Eriksen,1,3,63,22,5.775000000000001,False,1,1,3.6,5.775000000000001
8,609,Antony,1,3,73,22,6.401999999999999,False,1,1,3.4,6.401999999999999
9,11,Nketiah,3,4,66,22,4.891,False,1,1,5.0,4.891
10,356,Wilson,4,4,71,22,5.0310000000000015,False,1,1,4.5,5.0310000000000015
11,31,Martínez,7,1,49,22,3.7060000000000004,False,0,0,4.3,0.0
12,85,Henry,94,2,45,22,3.91,False,0,0,1.0,0.0
13,92,Pinnock,94,2,44,22,3.9560000000000004,False,0,0,0.2,0.0
14,40,Watkins,7,4,71,22,4.668,False,0,0,2.4,0.0
