,player_id,web_name,team_code,element_type,now_cost,event,points_md,is_captain,multiplier,starting_lineup,selected_by_percent,gw_points
0,291,de Gea,1,1,53,19,7.148,False,1,1,4.5,7.148
1,300,Shaw,1,2,48,19,6.265,False,1,1,1.4,6.265
2,432,Ogbonna,21,2,50,19,8.22,False,1,1,2.7,8.22
3,490,Thiago Silva,8,2,56,19,7.449,False,1,1,4.1,7.449
4,119,Pulisic,8,3,82,19,7.9529999999999985,False,1,1,2.2,7.9529999999999985
5,231,Maddison,13,3,71,19,7.886,False,1,1,4.6,7.886
6,276,Sterling,43,3,114,19,11.251,True,2,1,4.3,22.502
7,445,Bowen,21,3,63,19,7.707999999999998,False,1,1,3.4,7.707999999999998
8,249,Firmino,14,4,93,19,9.085,False,1,1,4.4,9.085
9,282,Jesus,43,4,91,19,9.775,False,1,1,1.3,9.775
10,437,Antonio,21,4,62,19,9.135,False,1,1,3.4,9.135
11,417,Johnstone,35,1,45,19,6.59,False,0,0,2.6,0.0
12,219,Evans,13,2,55,19,5.305,False,0,0,0.5,0.0
13,298,Maguire,1,2,54,19,6.033,False,0,0,4.2,0.0
14,271,Gündogan,43,3,55,19,6.827000000000001,False,0,0,2.5,0.0
