,player_id,web_name,team_code,element_type,now_cost,event,points_md,is_captain,multiplier,starting_lineup,selected_by_percent,gw_points
0,200,Schmeichel,13,1,48,22,6.409,False,1,1,12.7,6.409
1,106,Mee,90,2,48,22,6.1880000000000015,False,1,1,0.5,6.1880000000000015
2,122,Alonso,8,2,57,22,6.19,False,1,1,10.8,6.19
3,279,Telles,1,2,50,22,6.829,False,1,1,0.9,6.829
4,555,Varane,1,2,55,22,6.051,False,1,1,2.2,6.051
5,138,Mount,8,3,77,22,7.791,False,1,1,22.0,7.791
6,210,Tielemans,13,3,64,22,7.037000000000001,False,1,1,4.0,7.037000000000001
7,359,Son,6,3,107,22,8.652999999999999,False,1,1,31.0,8.652999999999999
8,109,Wood,90,4,67,22,7.975,False,1,1,1.4,7.975
9,468,King,57,4,58,22,7.042000000000002,False,1,1,6.8,7.042000000000002
10,579,Ronaldo,1,4,125,22,9.431000000000001,True,2,1,30.8,18.862000000000002
11,69,Sánchez,36,1,46,22,6.456,False,0,0,18.2,0.0
12,110,Lowton,90,2,44,22,6.098,False,0,0,1.8,0.0
13,64,Trossard,36,3,61,22,6.699,False,0,0,1.3,0.0
14,212,Maddison,13,3,69,22,6.952000000000001,False,0,0,8.6,0.0
