,player_id,web_name,team_code,element_type,now_cost,event,points_md,is_captain,multiplier,starting_lineup,selected_by_percent,gw_points
0,199,Meslier,2,1,48,23,5.2860000000000005,False,1,1,2.2,5.2860000000000005
1,44,Cash,7,2,51,23,5.295,False,1,1,4.5,5.295
2,168,Digne,7,2,50,23,5.263,False,1,1,4.9,5.263
3,185,Ayling,2,2,43,23,4.807,False,1,1,2.8,4.807
4,234,Robertson,14,2,70,23,4.497,False,1,1,2.8,4.497
5,255,Sterling,43,3,107,23,4.6160000000000005,False,1,1,3.6,4.6160000000000005
6,558,Ødegaard,3,3,56,23,4.388,False,1,1,4.6,4.388
7,681,Coutinho,7,3,70,23,6.325,True,2,1,2.8,12.65
8,6,Lacazette,3,4,84,23,5.362,False,1,1,4.2,5.362
9,177,Calvert-Lewin,11,4,79,23,4.692,False,1,1,5.0,4.692
10,189,Bamford,2,4,77,23,5.57,False,1,1,3.1,5.57
11,112,Pope,90,1,54,23,4.395,False,0,0,2.2,0.0
12,121,Thiago Silva,8,2,56,23,3.986,False,0,0,4.9,0.0
13,210,Tielemans,13,3,64,23,4.035,False,0,0,4.2,0.0
14,578,Cornet,90,3,59,23,4.129,False,0,0,0.5,0.0
