,player_id,web_name,team_code,element_type,now_cost,event,points_md,is_captain,multiplier,starting_lineup,selected_by_percent,gw_points
0,257,Ederson,43,1,60,18,4.204,False,1,1,9.7,4.204
1,39,Targett,7,2,47,18,3.798,False,1,1,2.1,3.798
2,45,Konsa,7,2,49,18,3.866,False,1,1,1.5,3.866
3,122,Alonso,8,2,57,18,4.36,False,1,1,10.5,4.36
4,224,Matip,14,2,49,18,3.432,False,1,1,2.7,3.432
5,138,Mount,8,3,76,18,4.93,False,1,1,20.5,4.93
6,233,Salah,14,3,131,18,6.579,True,2,1,73.6,13.158
7,265,Foden,43,3,80,18,5.278,False,1,1,7.2,5.278
8,40,Watkins,7,4,77,18,4.3660000000000005,False,1,1,11.6,4.3660000000000005
9,109,Wood,90,4,67,18,3.691,False,1,1,1.4,3.691
10,583,Hwang,39,4,56,18,2.705,False,1,1,7.4,2.705
11,295,Dubravka,4,1,44,18,3.103,False,0,0,0.3,0.0
12,142,James,8,2,63,18,4.57,False,0,0,35.6,0.0
13,33,Grealish,43,3,76,18,4.811,False,0,0,8.3,0.0
14,196,Raphinha,2,3,66,18,4.181,False,0,0,17.6,0.0
