,player_id,web_name,team_code,element_type,now_cost,event,points_md,is_captain,multiplier,starting_lineup,selected_by_percent,gw_points
0,112,Pope,90,1,54,32,3.7060000000000004,False,1,1,4.1,3.7060000000000004
1,39,Targett,4,2,47,32,3.385,False,1,1,2.4,3.385
2,128,Zouma,21,2,54,32,3.389,False,1,1,1.3,3.389
3,414,Dawson,21,2,49,32,3.6660000000000004,False,1,1,1.2,3.6660000000000004
4,210,Tielemans,13,3,64,32,3.778,False,1,1,3.6,3.778
5,215,Barnes,13,3,66,32,4.29,True,2,1,4.0,8.58
6,230,Mané,14,3,117,32,3.5989999999999998,False,1,1,3.6,3.5989999999999998
7,399,Sarr,57,3,57,32,4.173,False,1,1,2.7,4.173
8,485,Sancho,1,3,89,32,4.05,False,1,1,2.9,4.05
9,109,Wood,4,4,67,32,4.034,False,1,1,2.2,4.034
10,177,Calvert-Lewin,11,4,77,32,3.667,False,1,1,3.7,3.667
11,408,Fabianski,21,1,50,32,3.701,False,0,0,2.8,0.0
12,58,Burn,4,2,44,32,3.363,False,0,0,0.6,0.0
13,585,Roberts,90,2,44,32,3.367,False,0,0,0.5,0.0
14,468,King,57,4,57,32,3.591,False,0,0,3.9,0.0
