,player_id,web_name,team_code,element_type,now_cost,event,points_md,is_captain,multiplier,starting_lineup,selected_by_percent,gw_points
0,143,Mendy,8,1,61,32,3.8369999999999997,False,1,1,11.8,3.8369999999999997
1,16,Tierney,3,2,51,32,4.441,False,1,1,13.5,4.441
2,23,Gabriel,3,2,53,32,4.5969999999999995,False,1,1,7.7,4.5969999999999995
3,142,James,8,2,62,32,4.785,False,1,1,13.5,4.785
4,22,Saka,3,3,68,32,5.553999999999999,True,2,1,32.9,11.107999999999999
5,138,Mount,8,3,75,32,4.694,False,1,1,14.2,4.694
6,196,Raphinha,2,3,65,32,4.437,False,1,1,16.1,4.437
7,212,Maddison,13,3,68,32,4.439,False,1,1,9.1,4.439
8,315,Pukki,45,4,59,32,4.513,False,1,1,6.5,4.513
9,357,Kane,6,4,125,32,5.007,False,1,1,24.4,5.007
10,579,Ronaldo,1,4,122,32,5.143,False,1,1,18.7,5.143
11,376,Foster,57,1,41,32,3.565,False,0,0,18.9,0.0
12,414,Dawson,21,2,49,32,3.6660000000000004,False,0,0,1.2,0.0
13,585,Roberts,90,2,44,32,3.367,False,0,0,0.5,0.0
14,399,Sarr,57,3,57,32,4.173,False,0,0,2.7,0.0
