,player_id,web_name,team_code,element_type,now_cost,event,points_md,is_captain,multiplier,starting_lineup,selected_by_percent,gw_points
0,200,Schmeichel,13,1,48,32,3.752,False,1,1,13.0,3.752
1,16,Tierney,3,2,51,32,4.475,False,1,1,13.5,4.475
2,23,Gabriel,3,2,53,32,4.627,False,1,1,7.7,4.627
3,411,Cresswell,21,2,54,32,3.7260000000000004,False,1,1,7.8,3.7260000000000004
4,414,Dawson,21,2,49,32,3.645,False,1,1,1.2,3.645
5,22,Saka,3,3,68,32,5.574,True,2,1,32.9,11.148
6,196,Raphinha,2,3,65,32,4.428999999999999,False,1,1,16.1,4.428999999999999
7,212,Maddison,13,3,68,32,4.5,False,1,1,9.1,4.5
8,359,Son,6,3,109,32,4.751,False,1,1,23.9,4.751
9,315,Pukki,45,4,59,32,4.499,False,1,1,6.5,4.499
10,700,Weghorst,90,4,64,32,4.306,False,1,1,7.2,4.306
11,408,Fabianski,21,1,50,32,3.701,False,0,0,2.8,0.0
12,142,James,8,2,62,32,4.711,False,0,0,13.5,0.0
13,138,Mount,8,3,75,32,4.941,False,0,0,14.2,0.0
14,357,Kane,6,4,125,32,5.093,False,0,0,24.4,0.0
