,player_id,web_name,team_code,element_type,now_cost,event,points_md,is_captain,multiplier,starting_lineup,selected_by_percent,gw_points
0,408,Fabianski,21,1,50,32,3.7089999999999996,False,1,1,2.8,3.7089999999999996
1,414,Dawson,21,2,49,32,3.6639999999999997,False,1,1,1.1,3.6639999999999997
2,585,Roberts,90,2,44,32,3.41,False,1,1,0.5,3.41
3,590,Tomiyasu,3,2,45,32,3.637,False,1,1,1.9,3.637
4,154,Zaha,31,3,68,32,3.641,False,1,1,4.9,3.641
5,210,Tielemans,13,3,64,32,3.8,False,1,1,3.6,3.8
6,215,Barnes,13,3,66,32,4.328,True,2,1,4.0,8.656
7,399,Sarr,57,3,57,32,4.202,False,1,1,2.7,4.202
8,485,Sancho,1,3,89,32,4.005,False,1,1,2.9,4.005
9,109,Wood,4,4,67,32,4.023,False,1,1,2.2,4.023
10,177,Calvert-Lewin,11,4,77,32,3.6260000000000003,False,1,1,3.7,3.6260000000000003
11,112,Pope,90,1,54,32,3.7089999999999996,False,0,0,4.1,0.0
12,39,Targett,4,2,47,32,3.365,False,0,0,2.4,0.0
13,128,Zouma,21,2,54,32,3.391,False,0,0,1.3,0.0
14,468,King,57,4,57,32,3.508,False,0,0,3.9,0.0
