,player_id,web_name,team_code,element_type,now_cost,event,points_md,is_captain,multiplier,starting_lineup,selected_by_percent,gw_points
0,455,Fabianski,21,1,49,37,3.6489999999999996,False,1,1,1.2,3.6489999999999996
1,299,Walker,43,2,47,37,5.912999999999999,False,1,1,4.2,5.912999999999999
2,329,Varane,1,2,48,37,6.626,False,1,1,2.7,6.626
3,559,Colwill,36,2,44,37,5.3870000000000005,False,1,1,0.1,5.3870000000000005
4,610,Akanji,43,2,51,37,6.466,False,1,1,4.0,6.466
5,304,Sterling,8,3,97,37,5.742999999999999,False,1,1,3.7,5.742999999999999
6,315,Rodri,43,3,56,37,6.3370000000000015,False,1,1,1.9,6.3370000000000015
7,609,Antony,1,3,73,37,7.032,True,2,1,3.9,14.064
8,125,Enciso,36,4,46,37,6.178,False,1,1,2.2,6.178
9,345,Martial,1,4,63,37,6.864,False,1,1,2.6,6.864
10,596,Ferguson,36,4,46,37,5.72,False,1,1,1.4,5.72
11,426,Forster,6,1,39,37,3.531,False,0,0,4.4,0.0
12,733,Pedro Porro,6,2,48,37,4.125,False,0,0,1.1,0.0
13,148,Gallagher,8,3,56,37,4.878,False,0,0,0.7,0.0
14,724,Enzo,8,3,50,37,4.785,False,0,0,0.8,0.0
