,player_id,web_name,team_code,element_type,now_cost,event,points_md,is_captain,multiplier,starting_lineup,selected_by_percent,gw_points
0,102,Steele,36,1,39,29,7.438,False,1,1,1.5,7.438
1,106,Dunk,36,2,47,29,7.101,False,1,1,4.8,7.101
2,461,Zouma,21,2,44,29,6.593,False,1,1,1.0,6.593
3,559,Colwill,36,2,44,29,6.256,False,1,1,0.1,6.256
4,464,Benrahma,21,3,55,29,7.1610000000000005,False,1,1,0.9,7.1610000000000005
5,465,Bowen,21,3,80,29,7.869,False,1,1,2.8,7.869
6,493,Gibbs-White,17,3,55,29,7.273,False,1,1,0.7,7.273
7,609,Antony,1,3,73,29,7.2079999999999975,False,1,1,2.8,7.2079999999999975
8,66,Solanke,91,4,55,29,8.24,True,2,1,2.0,16.48
9,594,Isak,4,4,67,29,7.274,False,1,1,3.7,7.274
10,690,João Félix,8,4,76,29,7.249,False,1,1,3.6,7.249
11,574,Neto,91,1,45,29,6.7620000000000005,False,0,0,0.4,0.0
12,256,Ricardo,13,2,43,29,5.534,False,0,0,0.1,0.0
13,358,Burn,4,2,45,29,5.902,False,0,0,4.0,0.0
14,264,Barnes,13,3,67,29,6.853999999999999,False,0,0,1.9,0.0
