,player_id,web_name,team_code,element_type,now_cost,event,points_md,is_captain,multiplier,starting_lineup,selected_by_percent,gw_points
0,182,Pickford,11,1,45,17,3.86,False,1,1,6.0,3.86
1,16,Gabriel,3,2,52,17,4.618,False,1,1,13.5,4.618
2,112,Cucurella,8,2,51,17,4.882,False,1,1,7.6,4.882
3,285,Alexander-Arnold,14,2,72,17,4.502,False,1,1,18.4,4.502
4,533,Martínez,1,2,45,17,4.376,False,1,1,7.3,4.376
5,13,Saka,3,3,80,17,5.608,False,1,1,17.0,5.608
6,111,Trossard,36,3,71,17,4.6739999999999995,False,1,1,28.0,4.6739999999999995
7,160,Zaha,31,3,75,17,5.4579999999999975,False,1,1,19.3,5.4579999999999975
8,80,Toney,94,4,74,17,4.537,False,1,1,18.5,4.537
9,318,Haaland,43,4,122,17,6.67,True,2,1,82.7,13.34
10,356,Wilson,4,4,74,17,4.325,False,1,1,8.8,4.325
11,307,Ederson,43,1,54,17,4.0280000000000005,False,0,0,13.8,0.0
12,332,Shaw,1,2,48,17,4.437,False,0,0,2.2,0.0
13,19,Martinelli,3,3,68,17,4.613,False,0,0,48.6,0.0
14,335,Rashford,1,3,67,17,4.902,False,0,0,18.8,0.0
