,player_id,web_name,team_code,element_type,now_cost,event,points_md,is_captain,multiplier,starting_lineup,selected_by_percent,gw_points
0,152,Guaita,31,1,45,18,3.6710000000000003,False,1,1,2.4,3.6710000000000003
1,146,James,8,2,58,18,4.077,False,1,1,21.8,4.077
2,285,Alexander-Arnold,14,2,72,18,4.857,False,1,1,16.3,4.857
3,357,Trippier,4,2,59,18,4.276,False,1,1,65.9,4.276
4,160,Zaha,31,3,75,18,4.776,False,1,1,15.5,4.776
5,314,Foden,43,3,83,18,4.875,False,1,1,18.8,4.875
6,335,Rashford,1,3,67,18,4.253,False,1,1,28.1,4.253
7,369,Almirón,4,3,58,18,4.687,False,1,1,39.5,4.687
8,66,Solanke,91,4,58,18,4.069,False,1,1,5.6,4.069
9,297,Darwin,14,4,90,18,5.919,False,1,1,17.5,5.919
10,318,Haaland,43,4,122,18,7.063,True,2,1,84.1,14.126
11,307,Ederson,43,1,54,18,4.487,False,0,0,13.6,0.0
12,284,Robertson,14,2,68,18,4.593,False,0,0,5.4,0.0
13,377,Botman,4,2,44,18,3.5980000000000003,False,0,0,3.6,0.0
14,346,Andreas,54,3,46,18,3.6039999999999996,False,0,0,24.2,0.0
