,player_id,web_name,team_code,element_type,now_cost,event,points_md,is_captain,multiplier,starting_lineup,selected_by_percent,gw_points
0,307,Ederson,43,1,54,18,4.239,False,1,1,13.6,4.239
1,276,Matip,14,2,59,18,4.239,False,1,1,0.8,4.239
2,306,Cancelo,43,2,74,18,4.808,False,1,1,51.8,4.808
3,357,Trippier,4,2,59,18,4.494,False,1,1,65.9,4.494
4,160,Zaha,31,3,75,18,4.62,False,1,1,15.5,4.62
5,283,Salah,14,3,128,18,7.138999999999999,False,1,1,32.8,7.138999999999999
6,346,Andreas,54,3,46,18,3.858,False,1,1,24.2,3.858
7,369,Almirón,4,3,58,18,4.507,False,1,1,39.6,4.507
8,297,Darwin,14,4,90,18,5.841,False,1,1,17.5,5.841
9,318,Haaland,43,4,122,18,7.657,True,2,1,84.1,15.314
10,356,Wilson,4,4,74,18,5.388999999999999,False,1,1,9.4,5.388999999999999
11,35,Olsen,7,1,39,18,1.12,False,0,0,1.4,0.0
12,273,Brunt,13,2,39,18,0.018000000000000002,False,0,0,0.3,0.0
13,343,B.Williams,1,2,38,18,0.2,False,0,0,3.0,0.0
14,173,Ebiowei,31,3,42,18,0.375,False,0,0,0.4,0.0
