,player_id,web_name,team_code,element_type,now_cost,event,points_md,is_captain,multiplier,starting_lineup,selected_by_percent,gw_points
0,425,Lloris,6,1,55,4,3.946,False,1,1,4.5,3.946
1,85,Henry,94,2,45,4,3.6839999999999997,False,1,1,1.4,3.6839999999999997
2,108,Webster,36,2,45,4,3.645,False,1,1,0.2,3.645
3,430,Dier,6,2,50,4,3.938,False,1,1,4.8,3.938
4,526,Mee,94,2,46,4,3.928,False,1,1,3.7,3.928
5,333,Fernandes,1,3,98,4,3.648,False,1,1,1.9,3.648
6,465,Bowen,21,3,84,4,3.801,False,1,1,4.6,3.801
7,579,Guedes,39,3,60,4,3.65,False,1,1,0.2,3.65
8,40,Watkins,7,4,74,4,4.189,False,1,1,3.9,4.189
9,103,Welbeck,36,4,65,4,4.098,False,1,1,1.5,4.098
10,279,Firmino,14,4,80,4,4.5489999999999995,True,2,1,1.3,9.097999999999999
11,478,Sá,39,1,50,4,3.593,False,0,0,4.4,0.0
12,432,Davies,6,2,50,4,3.5789999999999997,False,0,0,0.9,0.0
13,111,Trossard,36,3,65,4,3.636,False,0,0,2.2,0.0
14,303,Mahrez,43,3,79,4,3.5580000000000003,False,0,0,3.3,0.0
