,player_id,web_name,team_code,element_type,now_cost,event,points_md,is_captain,multiplier,starting_lineup,selected_by_percent,gw_points
0,102,Steele,36,1,39,33,3.883,False,1,1,3.1,3.883
1,358,Burn,4,2,45,33,3.457,False,1,1,4.4,3.457
2,417,Perraud,20,2,41,33,3.408,False,1,1,0.7,3.408
3,694,Álex Moreno,7,2,45,33,3.7260000000000004,False,1,1,2.7,3.7260000000000004
4,42,Buendía,7,3,57,33,4.217,True,2,1,1.1,8.434
5,47,Ramsey,7,3,52,33,3.966,False,1,1,1.7,3.966
6,225,Rodrigo,2,3,63,33,3.678,False,1,1,4.1,3.678
7,303,Mahrez,43,3,73,33,3.7539999999999996,False,1,1,4.3,3.7539999999999996
8,508,Sinisterra,2,3,65,33,3.7680000000000002,False,1,1,0.3,3.7680000000000002
9,66,Solanke,91,4,56,33,4.208,False,1,1,3.4,4.208
10,145,Havertz,8,4,74,33,4.006,False,1,1,3.6,4.006
11,422,Bazunu,20,1,45,33,3.588,False,0,0,0.7,0.0
12,272,W.Fofana,8,2,43,33,3.287,False,0,0,1.0,0.0
13,733,Pedro Porro,6,2,48,33,3.2239999999999998,False,0,0,1.0,0.0
14,394,Johnson,17,4,57,33,3.395,False,0,0,1.9,0.0
