,player_id,web_name,team_code,element_type,now_cost,event,points_md,is_captain,multiplier,starting_lineup,selected_by_percent,gw_points
0,102,Steele,36,1,39,33,4.004,False,1,1,2.6,4.004
1,272,W.Fofana,8,2,43,33,3.287,False,1,1,1.0,3.287
2,417,Perraud,20,2,41,33,3.32,False,1,1,0.7,3.32
3,694,Álex Moreno,7,2,45,33,3.65,False,1,1,4.2,3.65
4,42,Buendía,7,3,57,33,4.237,True,2,1,1.1,8.474
5,47,Ramsey,7,3,52,33,3.755,False,1,1,1.8,3.755
6,303,Mahrez,43,3,73,33,3.687,False,1,1,4.1,3.687
7,465,Bowen,21,3,80,33,3.4010000000000002,False,1,1,4.2,3.4010000000000002
8,66,Solanke,91,4,56,33,4.135,False,1,1,4.5,4.135
9,145,Havertz,8,4,74,33,3.572,False,1,1,3.5,3.572
10,394,Johnson,17,4,57,33,3.4130000000000003,False,1,1,1.9,3.4130000000000003
11,175,Johnstone,31,1,44,33,3.495,False,0,0,3.1,0.0
12,459,Dawson,39,2,48,33,3.2110000000000003,False,0,0,1.1,0.0
13,559,Colwill,36,2,44,33,3.264,False,0,0,0.1,0.0
14,70,Billing,91,3,52,33,3.389,False,0,0,1.7,0.0
