,player_id,web_name,team_code,element_type,now_cost,points_md,is_captain,multiplier,starting_lineup,selected_by_percent,gw_points
0,281,Alisson,14,1,54,3.7108,False,1,1,13.1,3.7108
1,165,Andersen,31,2,45,2.9366,False,1,1,2.4,2.9366
2,443,Romero,6,2,49,3.0308,False,1,1,1.6,3.0308
3,448,Perišić,6,2,55,3.3338,False,1,1,24.2,3.3338
4,104,Groß,36,3,59,3.6686,False,1,1,20.0,3.6686
5,111,Trossard,36,3,68,4.192200000000001,False,1,1,14.2,4.192200000000001
6,160,Zaha,31,3,74,4.739000000000001,False,1,1,20.1,4.739000000000001
7,283,Salah,14,3,127,5.4312000000000005,True,2,1,26.1,10.862400000000001
8,66,Solanke,91,4,57,3.7485999999999997,False,1,1,1.8,3.7485999999999997
9,318,Haaland,43,4,122,5.2212000000000005,False,1,1,84.3,5.2212000000000005
10,427,Kane,6,4,114,5.2462,False,1,1,20.1,5.2462
11,254,Ward,13,1,41,2.9618,False,0,0,26.0,0.0
12,477,Jonny,39,2,44,2.8734,False,0,0,0.8,0.0
13,526,Mee,94,2,45,2.9034,False,0,0,3.1,0.0
14,346,Andreas,54,3,46,2.9524,False,0,0,24.7,0.0
