,player_id,web_name,team_code,element_type,now_cost,event,points_md,is_captain,multiplier,starting_lineup,selected_by_percent,gw_points
0,2,Leno,54,1,45,11,3.694,False,1,1,1.6,3.694
1,16,Gabriel,3,2,51,11,3.92,False,1,1,10.3,3.92
2,443,Romero,6,2,49,11,3.6919999999999997,False,1,1,1.6,3.6919999999999997
3,448,Perišić,6,2,55,11,4.112,False,1,1,24.1,4.112
4,484,Kilman,39,2,45,11,3.7430000000000003,False,1,1,2.4,3.7430000000000003
5,13,Saka,3,3,78,11,4.985,False,1,1,12.8,4.985
6,19,Martinelli,3,3,66,11,4.516,False,1,1,47.7,4.516
7,111,Trossard,36,3,68,11,4.462,False,1,1,14.6,4.462
8,335,Rashford,1,3,65,11,4.423,False,1,1,15.8,4.423
9,80,Toney,94,4,73,11,4.402,False,1,1,23.4,4.402
10,427,Kane,6,4,114,11,5.859,True,2,1,20.3,11.718
11,478,Sá,39,1,50,11,3.943,False,0,0,6.4,0.0
12,477,Jonny,39,2,44,11,3.832,False,0,0,0.9,0.0
13,160,Zaha,31,3,74,11,4.502,False,0,0,20.2,0.0
14,318,Haaland,43,4,122,11,5.6,False,0,0,84.3,0.0
