,player_id,web_name,team_code,element_type,now_cost,event,points_md,is_captain,multiplier,starting_lineup,selected_by_percent,gw_points
0,425,Lloris,6,1,55,20,6.349,False,1,1,4.5,6.349
1,302,Stones,43,2,54,20,6.647,False,1,1,2.3,6.647
2,308,Aké,43,2,50,20,5.1880000000000015,False,1,1,1.3,5.1880000000000015
3,573,Lewis,43,2,39,20,5.055,False,1,1,0.6,5.055
4,169,Eze,31,3,56,20,6.277,False,1,1,2.9,6.277
5,171,Olise,31,3,54,20,6.311,False,1,1,0.3,6.311
6,333,Fernandes,1,3,98,20,7.017,False,1,1,3.3,7.017
7,433,Højbjerg,6,3,55,20,5.315,False,1,1,2.8,5.315
8,609,Antony,1,3,74,20,7.278,False,1,1,3.5,7.278
9,345,Martial,1,4,66,20,7.346,True,2,1,4.7,14.692
10,356,Wilson,4,4,72,20,4.748,False,1,1,4.9,4.748
11,152,Guaita,31,1,45,20,6.349,False,0,0,2.2,0.0
12,85,Henry,94,2,45,20,3.926,False,0,0,1.1,0.0
13,429,Doherty,6,2,46,20,4.221,False,0,0,0.7,0.0
14,191,Calvert-Lewin,11,4,79,20,4.444,False,0,0,0.4,0.0
