,player_id,web_name,team_code,element_type,now_cost,event,points_md,is_captain,multiplier,starting_lineup,selected_by_percent,gw_points
0,175,Johnstone,31,1,44,38,3.759,False,1,1,1.0,3.759
1,8,Tierney,3,2,46,38,4.334,False,1,1,0.8,4.334
2,16,Gabriel,3,2,52,38,4.468999999999999,False,1,1,12.9,4.468999999999999
3,285,Alexander-Arnold,14,2,77,38,5.037,False,1,1,29.3,5.037
4,13,Saka,3,3,80,38,5.818,False,1,1,27.3,5.818
5,169,Eze,31,3,56,38,5.507999999999999,False,1,1,8.2,5.507999999999999
6,283,Salah,14,3,131,38,6.716,True,2,1,35.5,13.432
7,335,Rashford,1,3,72,38,5.685,False,1,1,36.3,5.685
8,680,Gakpo,14,3,76,38,5.309,False,1,1,5.1,5.309
9,40,Watkins,7,4,73,38,5.31,False,1,1,12.5,5.31
10,318,Haaland,43,4,124,38,5.854,False,1,1,83.6,5.854
11,548,Iversen,13,1,39,38,3.457,False,0,0,5.0,0.0
12,188,Mina,11,2,43,38,3.272,False,0,0,0.1,0.0
13,199,Tarkowski,11,2,41,38,3.727,False,0,0,3.6,0.0
14,596,Ferguson,36,4,46,38,2.7769999999999997,False,0,0,1.5,0.0
