,player_id,web_name,team_code,element_type,now_cost,event,points_md,is_captain,multiplier,starting_lineup,selected_by_percent,gw_points
0,455,Fabianski,21,1,50,9,3.685,False,1,1,1.2,3.685
1,268,Justin,13,2,43,9,3.463,False,1,1,0.9,3.463
2,276,Matip,14,2,59,9,3.833,False,1,1,0.9,3.833
3,457,Cresswell,21,2,48,9,3.549,False,1,1,1.8,3.549
4,195,Gordon,11,3,56,9,3.805,False,1,1,4.8,3.805
5,233,Harrison,2,3,62,9,3.753,False,1,1,4.7,3.753
6,264,Barnes,13,3,69,9,4.067,False,1,1,1.1,4.067
7,465,Bowen,21,3,81,9,4.637,False,1,1,3.9,4.637
8,66,Solanke,91,4,57,9,4.277,False,1,1,0.6,4.277
9,227,Bamford,2,4,73,9,4.213,False,1,1,0.4,4.213
10,255,Vardy,13,4,92,9,4.726,True,2,1,2.3,9.452
11,422,Bazunu,20,1,45,9,3.5610000000000004,False,0,0,0.8,0.0
12,409,Walker-Peters,20,2,45,9,3.3169999999999997,False,0,0,1.5,0.0
13,526,Mee,94,2,45,9,3.1660000000000004,False,0,0,2.9,0.0
14,369,Almirón,4,3,50,9,3.4930000000000003,False,0,0,2.6,0.0
