,player_id,web_name,team_code,element_type,now_cost,event,points_md,is_captain,multiplier,starting_lineup,selected_by_percent,gw_points
0,157,Pickford,11,1,48,24,6.301,False,1,1,4.6,6.301
1,81,Tarkowski,90,2,53,24,6.318,False,1,1,3.0,6.318
2,92,Lowton,90,2,45,24,5.892,False,1,1,2.6,5.892
3,283,Zinchenko,43,2,55,24,6.332999999999998,False,1,1,0.5,6.332999999999998
4,572,Adarabioyo,54,2,45,24,5.699,False,1,1,0.6,5.699
5,100,McNeil,90,3,57,24,5.729,False,1,1,0.5,5.729
6,150,Sigurdsson,11,3,68,24,4.854,False,1,1,1.7,4.854
7,187,Cavaleiro,54,3,53,24,5.815,False,1,1,0.2,5.815
8,281,Bernardo Silva,43,3,74,24,6.447,False,1,1,1.1,6.447
9,557,Lookman,54,3,50,24,7.1789999999999985,False,1,1,1.4,7.1789999999999985
10,282,Jesus,43,4,92,24,8.381,True,2,1,5.0,16.762
11,431,Fabianski,21,1,51,24,4.104,False,0,0,3.8,0.0
12,576,Dawson,21,2,45,24,4.36,False,0,0,0.9,0.0
13,68,Maupay,36,4,61,24,3.357,False,0,0,2.9,0.0
14,651,King,11,4,55,24,3.374,False,0,0,0.2,0.0
