,player_id,web_name,team_code,element_type,now_cost,event,points_md,is_captain,multiplier,starting_lineup,selected_by_percent,gw_points
0,516,Areola,54,1,45,24,6.959,False,1,1,3.6,6.959
1,81,Tarkowski,90,2,53,24,6.318,False,1,1,3.0,6.318
2,88,Mee,90,2,50,24,6.2189999999999985,False,1,1,5.6,6.2189999999999985
3,155,Digne,11,2,61,24,5.941,False,1,1,7.4,5.941
4,300,Shaw,1,2,49,24,4.8180000000000005,False,1,1,6.5,4.8180000000000005
5,187,Cavaleiro,54,3,53,24,5.815,False,1,1,0.2,5.815
6,276,Sterling,43,3,116,24,10.337,True,2,1,13.9,20.674
7,302,Fernandes,1,3,115,24,6.723,False,1,1,59.5,6.723
8,166,Richarlison,11,4,78,24,6.233,False,1,1,6.7,6.233
9,282,Jesus,43,4,92,24,8.381,False,1,1,5.0,8.381
10,569,Cavani,1,4,79,24,5.476,False,1,1,5.6,5.476
11,157,Pickford,11,1,48,24,6.301,False,0,0,4.6,0.0
12,92,Lowton,90,2,45,24,5.892,False,0,0,2.6,0.0
13,271,Gündogan,43,3,60,24,8.564,False,0,0,28.3,0.0
14,557,Lookman,54,3,50,24,7.1789999999999985,False,0,0,1.4,0.0
