,player_id,web_name,team_code,element_type,now_cost,event,points_md,is_captain,multiplier,starting_lineup,selected_by_percent,gw_points
0,270,de Gea,1,1,52,24,3.864,False,1,1,13.4,3.864
1,224,Matip,14,2,49,24,4.164,False,1,1,2.3,4.164
2,256,Cancelo,43,2,71,24,5.4929999999999986,False,1,1,45.7,5.4929999999999986
3,367,Sánchez,6,2,46,24,4.1610000000000005,False,1,1,3.2,4.1610000000000005
4,144,Gallagher,31,3,61,24,4.3439999999999985,False,1,1,18.1,4.3439999999999985
5,233,Salah,14,3,127,24,6.7429999999999986,True,2,1,36.2,13.485999999999997
6,265,Foden,43,3,80,24,5.586,False,1,1,7.9,5.586
7,416,Lanzini,21,3,58,24,4.588,False,1,1,0.8,4.588
8,420,Bowen,21,3,68,24,5.584,False,1,1,28.6,5.584
9,109,Wood,4,4,67,24,4.362,False,1,1,1.5,4.362
10,315,Pukki,45,4,58,24,4.115,False,1,1,4.4,4.115
11,295,Dubravka,4,1,44,24,3.688,False,0,0,0.6,0.0
12,237,Alexander-Arnold,14,2,85,24,5.847,False,0,0,46.8,0.0
13,370,Reguilón,6,2,54,24,4.4460000000000015,False,0,0,17.4,0.0
14,413,Antonio,21,4,79,24,5.122999999999998,False,0,0,42.3,0.0
