,player_id,web_name,team_code,element_type,now_cost,event,points_md,is_captain,multiplier,starting_lineup,selected_by_percent,gw_points
0,295,Dubravka,4,1,44,29,6.474,False,1,1,2.6,6.474
1,165,Coleman,11,2,49,29,6.6389999999999985,False,1,1,0.6,6.6389999999999985
2,169,Keane,11,2,47,29,7.1179999999999986,False,1,1,2.4,7.1179999999999986
3,224,Matip,14,2,49,29,5.952000000000001,False,1,1,2.9,5.952000000000001
4,26,Martinelli,3,3,53,29,5.682,False,1,1,2.5,5.682
5,230,Mané,14,3,117,29,8.916,True,2,1,3.4,17.832
6,232,Fabinho,14,3,54,29,6.178,False,1,1,1.2,6.178
7,298,Fraser,4,3,53,29,6.395,False,1,1,1.2,6.395
8,558,Ødegaard,3,3,55,29,6.564,False,1,1,3.8,6.564
9,109,Wood,4,4,67,29,6.395,False,1,1,2.3,6.395
10,177,Calvert-Lewin,11,4,77,29,7.367000000000001,False,1,1,3.1,7.367000000000001
11,199,Meslier,2,1,48,29,3.853,False,0,0,2.1,0.0
12,59,Dunk,36,2,48,29,5.484,False,0,0,2.1,0.0
13,71,Lamptey,36,2,45,29,5.167000000000002,False,0,0,2.4,0.0
14,447,Welbeck,36,4,59,29,4.209,False,0,0,0.3,0.0
