,player_id,web_name,team_code,element_type,now_cost,event,points_md,is_captain,multiplier,starting_lineup,selected_by_percent,gw_points
0,363,McCarthy,20,1,46,15,3.629,False,1,1,22.7,3.629
1,255,Robertson,14,2,73,15,5.917999999999998,False,1,1,21.3,5.917999999999998
2,259,Alexander-Arnold,14,2,72,15,5.796,False,1,1,14.2,5.796
3,556,Dias,43,2,57,15,4.567,False,1,1,5.6,4.567
4,198,Klich,2,3,55,15,4.051,False,1,1,7.0,4.051
5,254,Salah,14,3,125,15,9.03,True,2,1,43.7,18.06
6,272,De Bruyne,43,3,118,15,7.064,False,1,1,24.8,7.064
7,276,Sterling,43,3,114,15,6.384,False,1,1,4.4,6.384
8,570,Raphinha,2,3,54,15,4.083,False,1,1,1.1,4.083
9,202,Bamford,2,4,64,15,4.8039999999999985,False,1,1,44.2,4.8039999999999985
10,514,Watkins,7,4,61,15,4.346,False,1,1,7.4,4.346
11,429,Martin,21,1,40,15,0.0,False,0,0,7.4,0.0
12,521,Carter-Vickers,6,2,39,15,0.0,False,0,0,0.3,0.0
13,603,Bryan,49,2,39,15,0.0,False,0,0,0.2,0.0
14,50,Davis,7,4,43,15,0.447,False,0,0,7.6,0.0
