,player_id,web_name,team_code,element_type,now_cost,event,points_md,is_captain,multiplier,starting_lineup,selected_by_percent,gw_points
0,102,Steele,36,1,39,29,7.57,False,1,1,1.4,7.57
1,139,Chilwell,8,2,60,29,7.165,False,1,1,9.4,7.165
2,146,James,8,2,58,29,7.4860000000000015,False,1,1,12.1,7.4860000000000015
3,586,Estupiñán,36,2,48,29,7.2200000000000015,False,1,1,11.1,7.2200000000000015
4,107,March,36,3,51,29,9.001999999999997,False,1,1,9.2,9.001999999999997
5,261,Maddison,13,3,82,29,9.365,False,1,1,9.6,9.365
6,283,Salah,14,3,128,29,8.737,False,1,1,25.7,8.737
7,333,Fernandes,1,3,96,29,8.559,False,1,1,7.2,8.559
8,335,Rashford,1,3,73,29,9.493,True,2,1,52.8,18.986
9,40,Watkins,7,4,75,29,8.349,False,1,1,14.7,8.349
10,145,Havertz,8,4,76,29,8.135,False,1,1,5.8,8.135
11,590,Whitworth,31,1,40,29,1.119,False,0,0,0.1,0.0
12,105,Duffy,54,2,43,29,0.0,False,0,0,0.1,0.0
13,366,Schär,4,2,50,29,5.96,False,0,0,13.0,0.0
14,662,Cannon,11,4,45,29,0.0,False,0,0,0.0,0.0
