,player_id,web_name,team_code,element_type,now_cost,event,points_md,is_captain,multiplier,starting_lineup,selected_by_percent,gw_points
0,475,Sá,39,1,52,26,7.209,False,1,1,7.7,7.209
1,16,Tierney,3,2,51,26,9.11,False,1,1,13.1,9.11
2,23,Gabriel,3,2,53,26,9.486,False,1,1,7.1,9.486
3,234,Robertson,14,2,71,26,11.370999999999999,False,1,1,6.8,11.370999999999999
4,237,Alexander-Arnold,14,2,85,26,12.964,False,1,1,48.0,12.964
5,22,Saka,3,3,64,26,10.077,False,1,1,16.6,10.077
6,154,Zaha,31,3,68,26,8.277999999999999,False,1,1,5.0,8.277999999999999
7,233,Salah,14,3,130,26,17.456,True,2,1,52.2,34.912
8,359,Son,6,3,107,26,8.642000000000001,False,1,1,15.7,8.642000000000001
9,430,Jiménez,39,4,74,26,8.185,False,1,1,6.2,8.185
10,450,Dennis,57,4,61,26,7.02,False,1,1,36.5,7.02
11,376,Foster,57,1,41,26,6.769,False,0,0,18.8,0.0
12,429,Coady,39,2,47,26,5.843,False,0,0,12.5,0.0
13,354,Sissoko,57,3,44,26,4.974,False,0,0,2.3,0.0
14,104,Rodriguez,90,4,52,26,4.194,False,0,0,1.3,0.0
