,player_id,web_name,team_code,element_type,now_cost,event,points_md,is_captain,multiplier,starting_lineup,selected_by_percent,gw_points
0,146,Guaita,31,1,46,37,6.665,False,1,1,6.1,6.665
1,122,Alonso,8,2,57,37,5.5,False,1,1,14.5,5.5
2,165,Coleman,11,2,49,37,6.7780000000000005,False,1,1,1.0,6.7780000000000005
3,168,Digne,7,2,50,37,7.282999999999999,False,1,1,5.4,7.282999999999999
4,237,Alexander-Arnold,14,2,84,37,5.699,False,1,1,38.7,5.699
5,154,Zaha,31,3,68,37,8.165,False,1,1,6.0,8.165
6,212,Maddison,13,3,69,37,6.2639999999999985,False,1,1,13.9,6.2639999999999985
7,233,Salah,14,3,133,37,7.0089999999999995,False,1,1,58.8,7.0089999999999995
8,503,Gordon,11,3,47,37,7.735,False,1,1,6.0,7.735
9,180,Richarlison,11,4,75,37,9.283,True,2,1,9.0,18.566
10,337,Ings,7,4,77,37,8.135,False,1,1,7.6,8.135
11,200,Schmeichel,13,1,50,37,6.879,False,0,0,18.1,0.0
12,44,Cash,7,2,53,37,7.2410000000000005,False,0,0,11.3,0.0
13,144,Gallagher,31,3,60,37,6.308,False,0,0,11.4,0.0
14,700,Weghorst,90,4,63,37,6.121,False,0,0,4.5,0.0
