,player_id,web_name,team_code,element_type,now_cost,points_md,is_captain,multiplier,starting_lineup,selected_by_percent,gw_points
0,548,Mendy,8,1,51,3.824375,False,1,1,6.9,3.824375
1,255,Robertson,14,2,74,4.035875,False,1,1,20.7,4.035875
2,300,Shaw,1,2,49,3.690625,False,1,1,3.8,3.690625
3,556,Dias,43,2,60,3.7211250000000002,False,1,1,19.8,3.7211250000000002
4,37,Grealish,7,3,78,4.31575,False,1,1,40.1,4.31575
5,254,Salah,14,3,127,5.638875,True,2,1,46.2,11.27775
6,306,Rashford,1,3,95,4.7405,False,1,1,10.8,4.7405
7,390,Son,6,3,97,4.83375,False,1,1,56.5,4.83375
8,202,Bamford,2,4,66,3.8862500000000004,False,1,1,47.1,3.8862500000000004
9,437,Antonio,21,4,66,4.094,False,1,1,19.6,4.094
10,514,Watkins,7,4,63,4.57325,False,1,1,18.1,4.57325
11,597,Sánchez,36,1,44,3.6715,False,0,0,1.5,0.0
12,470,Kilman,39,2,40,2.3629999999999995,False,0,0,7.7,0.0
13,589,Phillips,14,2,40,2.9605,False,0,0,0.7,0.0
14,557,Lookman,54,3,50,3.31,False,0,0,1.1,0.0
