,player_id,web_name,team_code,element_type,now_cost,points_md,is_captain,multiplier,starting_lineup,selected_by_percent,gw_points
0,307,Ederson,43,1,54,4.5552,False,1,1,13.8,4.5552
1,112,Cucurella,8,2,51,4.127400000000001,False,1,1,7.5,4.127400000000001
2,146,James,8,2,58,4.1168000000000005,False,1,1,12.4,4.1168000000000005
3,285,Alexander-Arnold,14,2,72,4.332400000000002,False,1,1,18.4,4.332400000000002
4,19,Martinelli,3,3,68,4.3302000000000005,False,1,1,48.4,4.3302000000000005
5,142,Mount,8,3,75,4.667199999999999,False,1,1,6.4,4.667199999999999
6,160,Zaha,31,3,75,4.4636,False,1,1,18.9,4.4636
7,301,De Bruyne,43,3,126,5.8146,False,1,1,37.6,5.8146
8,210,Mitrović,54,4,68,4.4323999999999995,False,1,1,19.1,4.4323999999999995
9,318,Haaland,43,4,122,7.4286,True,2,1,82.8,14.8572
10,345,Martial,1,4,67,4.1129999999999995,False,1,1,2.0,4.1129999999999995
11,254,Ward,13,1,41,3.4118000000000004,False,0,0,28.6,0.0
12,153,Tomkins,31,2,39,0.7567999999999999,False,0,0,1.1,0.0
13,558,Bueno,39,2,39,1.9436,False,0,0,2.5,0.0
14,45,Bailey,7,3,45,3.1710000000000003,False,0,0,4.5,0.0
