,player_id,web_name,team_code,element_type,now_cost,event,points_md,is_captain,multiplier,starting_lineup,selected_by_percent,gw_points
0,200,Schmeichel,13,1,48,33,7.0470000000000015,False,1,1,13.6,7.0470000000000015
1,23,Gabriel,3,2,54,33,6.1679999999999975,False,1,1,8.5,6.1679999999999975
2,39,Targett,4,2,47,33,6.58,False,1,1,2.6,6.58
3,279,Telles,1,2,50,33,6.484,False,1,1,0.8,6.484
4,305,Schär,4,2,44,33,6.785,False,1,1,3.0,6.785
5,22,Saka,3,3,68,33,8.34,False,1,1,32.9,8.34
6,210,Tielemans,13,3,64,33,6.8580000000000005,False,1,1,3.6,6.8580000000000005
7,212,Maddison,13,3,69,33,8.335,False,1,1,13.2,8.335
8,6,Lacazette,3,4,84,33,7.805999999999999,False,1,1,8.3,7.805999999999999
9,109,Wood,4,4,67,33,8.331,False,1,1,2.7,8.331
10,579,Ronaldo,1,4,122,33,9.736,True,2,1,18.6,19.472
11,112,Pope,90,1,54,33,6.8930000000000025,False,0,0,4.1,0.0
12,343,Bednarek,20,2,44,33,5.5520000000000005,False,0,0,1.4,0.0
13,277,Fernandes,1,3,116,33,8.551,False,0,0,15.4,0.0
14,341,Ward-Prowse,20,3,64,33,7.087999999999999,False,0,0,5.9,0.0
