,player_id,web_name,team_code,element_type,now_cost,points_md,is_captain,multiplier,starting_lineup,selected_by_percent,gw_points
0,200,Schmeichel,13,1,48,5.636799999999999,False,1,1,13.7,5.636799999999999
1,142,James,8,2,63,6.3782,False,1,1,14.2,6.3782
2,234,Robertson,14,2,73,5.6104,False,1,1,10.9,5.6104
3,237,Alexander-Arnold,14,2,84,6.3988000000000005,False,1,1,38.7,6.3988000000000005
4,259,Laporte,43,2,58,4.893399999999999,False,1,1,9.8,4.893399999999999
5,22,Saka,3,3,68,5.9841999999999995,False,1,1,32.9,5.9841999999999995
6,138,Mount,8,3,75,6.147799999999999,False,1,1,14.3,6.147799999999999
7,210,Tielemans,13,3,64,5.1968000000000005,False,1,1,3.6,5.1968000000000005
8,212,Maddison,13,3,69,6.6646,False,1,1,13.4,6.6646
9,233,Salah,14,3,132,7.9117999999999995,True,2,1,58.7,15.823599999999999
10,6,Lacazette,3,4,84,5.4632,False,1,1,8.3,5.4632
11,376,Foster,57,1,41,4.018000000000001,False,0,0,19.0,0.0
12,5,Cédric,3,2,42,3.8144000000000005,False,0,0,0.4,0.0
13,159,Mateta,31,4,53,4.2143999999999995,False,0,0,2.3,0.0
14,577,Gelhardt,2,4,46,1.1252,False,0,0,3.3,0.0
