,player_id,web_name,team_code,element_type,now_cost,event,points_md,is_captain,multiplier,starting_lineup,selected_by_percent,gw_points
0,2,Leno,54,1,45,23,3.87,False,1,1,2.4,3.87
1,285,Alexander-Arnold,14,2,73,23,5.3729999999999976,False,1,1,16.5,5.3729999999999976
2,286,Gomez,14,2,43,23,3.701,False,1,1,1.1,3.701
3,357,Trippier,4,2,61,23,4.534,False,1,1,69.6,4.534
4,358,Burn,4,2,46,23,3.918,False,1,1,4.2,3.918
5,377,Botman,4,2,45,23,3.925,False,1,1,6.3,3.925
6,7,Ødegaard,3,3,70,23,8.475,False,1,1,34.9,8.475
7,13,Saka,3,3,83,23,9.943,False,1,1,26.5,9.943
8,124,Mitoma,36,3,52,23,4.1739999999999995,False,1,1,10.4,4.1739999999999995
9,210,Mitrović,54,4,70,23,5.037,False,1,1,27.0,5.037
10,318,Haaland,43,4,122,23,12.302999999999999,True,2,1,85.5,24.605999999999998
11,307,Ederson,43,1,54,23,7.564,False,0,0,13.8,0.0
12,301,De Bruyne,43,3,124,23,9.45,False,0,0,35.4,0.0
13,346,Andreas,54,3,44,23,3.911,False,0,0,19.0,0.0
14,11,Nketiah,3,4,67,23,9.466,False,0,0,8.9,0.0
