,player_id,web_name,team_code,element_type,now_cost,event,points_md,is_captain,multiplier,starting_lineup,selected_by_percent,gw_points
0,31,Martínez,7,1,49,30,3.989,False,1,1,5.3,3.989
1,39,Mings,7,2,44,30,3.702,False,1,1,6.2,3.702
2,332,Shaw,1,2,52,30,4.458,False,1,1,23.9,4.458
3,533,Martínez,1,2,45,30,4.163,False,1,1,6.7,4.163
4,733,Pedro Porro,6,2,48,30,4.013,False,1,1,0.6,4.013
5,283,Salah,14,3,128,30,5.2989999999999995,False,1,1,27.3,5.2989999999999995
6,303,Mahrez,43,3,73,30,4.99,False,1,1,4.4,4.99
7,335,Rashford,1,3,73,30,5.894,True,2,1,52.4,11.788
8,40,Watkins,7,4,75,30,5.398,False,1,1,16.3,5.398
9,145,Havertz,8,4,76,30,4.157,False,1,1,6.2,4.157
10,427,Kane,6,4,117,30,5.695,False,1,1,40.1,5.695
11,307,Ederson,43,1,54,30,4.256,False,0,0,13.2,0.0
12,448,Perišić,6,2,53,30,3.697,False,0,0,15.7,0.0
13,305,Grealish,43,3,68,30,4.772,False,0,0,2.4,0.0
14,346,Andreas,54,3,43,30,4.02,False,0,0,12.7,0.0
