,player_id,web_name,team_code,element_type,now_cost,event,points_md,is_captain,multiplier,starting_lineup,selected_by_percent,gw_points
0,307,Ederson,43,1,55,10,4.376,False,1,1,15.8,4.376
1,112,Cucurella,8,2,51,10,3.96,False,1,1,8.6,3.96
2,146,James,8,2,60,10,5.3,False,1,1,37.6,5.3
3,306,Cancelo,43,2,72,10,4.93,False,1,1,51.8,4.93
4,111,Trossard,36,3,67,10,4.2219999999999995,False,1,1,8.4,4.2219999999999995
5,160,Zaha,31,3,73,10,5.4479999999999995,False,1,1,17.6,5.4479999999999995
6,261,Maddison,13,3,81,10,4.966,False,1,1,12.3,4.966
7,304,Sterling,8,3,100,10,5.151,False,1,1,9.3,5.151
8,465,Bowen,21,3,81,10,4.84,False,1,1,4.1,4.84
9,66,Solanke,91,4,57,10,4.239,False,1,1,1.3,4.239
10,318,Haaland,43,4,121,10,7.607,True,2,1,82.6,15.214
11,152,Guaita,31,1,45,10,3.535,False,0,0,2.1,0.0
12,39,Mings,7,2,43,10,3.1710000000000003,False,0,0,3.9,0.0
13,295,N.Williams,17,2,41,10,2.657,False,0,0,27.0,0.0
14,168,Mateta,31,4,53,10,3.029,False,0,0,0.4,0.0
