,player_id,web_name,team_code,element_type,now_cost,event,points_md,is_captain,multiplier,starting_lineup,selected_by_percent,gw_points
0,152,Guaita,31,1,45,10,3.555,False,1,1,2.1,3.555
1,146,James,8,2,60,10,5.665,False,1,1,37.6,5.665
2,306,Cancelo,43,2,72,10,4.9030000000000005,False,1,1,51.8,4.9030000000000005
3,457,Cresswell,21,2,48,10,3.716,False,1,1,2.1,3.716
4,461,Zouma,21,2,45,10,3.445,False,1,1,1.9,3.445
5,195,Gordon,11,3,56,10,3.907,False,1,1,4.4,3.907
6,261,Maddison,13,3,81,10,4.712,False,1,1,12.0,4.712
7,314,Foden,43,3,81,10,5.115,False,1,1,10.8,5.115
8,66,Solanke,91,4,57,10,4.4060000000000015,False,1,1,1.3,4.4060000000000015
9,318,Haaland,43,4,121,10,7.5939999999999985,True,2,1,82.5,15.187999999999997
10,356,Wilson,4,4,72,10,4.255,False,1,1,1.1,4.255
11,376,Pope,4,1,53,10,3.77,False,0,0,20.4,0.0
12,357,Trippier,4,2,55,10,3.8810000000000002,False,0,0,49.1,0.0
13,160,Zaha,31,3,73,10,5.412999999999999,False,0,0,17.5,0.0
14,465,Bowen,21,3,81,10,5.324,False,0,0,4.0,0.0
