,player_id,web_name,team_code,element_type,now_cost,points_md,is_captain,multiplier,starting_lineup,selected_by_percent,gw_points
0,2,Leno,54,1,45,3.8558,False,1,1,3.2,3.8558
1,284,Robertson,14,2,68,4.5258,False,1,1,6.1,4.5258
2,285,Alexander-Arnold,14,2,73,5.110999999999999,False,1,1,18.5,5.110999999999999
3,332,Shaw,1,2,52,3.504599999999999,False,1,1,23.8,3.504599999999999
4,13,Saka,3,3,86,4.661200000000001,False,1,1,41.0,4.661200000000001
5,107,March,36,3,52,4.0084,False,1,1,11.1,4.0084
6,124,Mitoma,36,3,56,3.9568,False,1,1,25.7,3.9568
7,283,Salah,14,3,128,7.122400000000001,True,2,1,27.3,14.244800000000001
8,335,Rashford,1,3,73,4.7538,False,1,1,52.4,4.7538
9,40,Watkins,7,4,75,4.1116,False,1,1,16.2,4.1116
10,318,Haaland,43,4,120,5.168200000000001,False,1,1,72.4,5.168200000000001
11,548,Iversen,13,1,38,2.6904,False,0,0,3.3,0.0
12,470,Diop,54,2,43,2.7168,False,0,0,0.3,0.0
13,533,Martínez,1,2,45,3.2504000000000004,False,0,0,6.6,0.0
14,596,Ferguson,36,4,46,2.1732,False,0,0,1.9,0.0
