,player_id,web_name,team_code,element_type,now_cost,event,points_md,is_captain,multiplier,starting_lineup,selected_by_percent,gw_points
0,2,Leno,54,1,45,30,3.5780000000000003,False,1,1,3.2,3.5780000000000003
1,222,Ayling,2,2,45,30,3.5410000000000004,False,1,1,0.3,3.5410000000000004
2,256,Ricardo,13,2,43,30,3.478,False,1,1,0.1,3.478
3,733,Pedro Porro,6,2,48,30,3.9019999999999997,False,1,1,0.6,3.9019999999999997
4,42,Buendía,7,3,57,30,4.088,False,1,1,0.9,4.088
5,264,Barnes,13,3,67,30,3.927,False,1,1,2.3,3.927
6,303,Mahrez,43,3,73,30,4.561,False,1,1,4.4,4.561
7,305,Grealish,43,3,68,30,4.565,True,2,1,2.1,9.13
8,609,Antony,1,3,73,30,4.171,False,1,1,2.8,4.171
9,66,Solanke,91,4,55,30,3.721,False,1,1,2.2,3.721
10,319,Álvarez,43,4,60,30,3.998,False,1,1,1.9,3.998
11,238,Meslier,2,1,45,30,3.565,False,0,0,1.9,0.0
12,221,Cooper,2,2,44,30,3.22,False,0,0,0.1,0.0
13,694,Álex Moreno,7,2,44,30,3.2680000000000002,False,0,0,0.5,0.0
14,262,Iheanacho,13,4,61,30,3.6239999999999997,False,0,0,1.5,0.0
