,player_id,web_name,team_code,element_type,now_cost,event,points_md,is_captain,multiplier,starting_lineup,selected_by_percent,gw_points
0,146,Guaita,31,1,46,37,6.8930000000000025,False,1,1,6.1,6.8930000000000025
1,44,Cash,7,2,53,37,7.340999999999997,False,1,1,11.2,7.340999999999997
2,165,Coleman,11,2,49,37,6.718999999999999,False,1,1,0.9,6.718999999999999
3,168,Digne,7,2,50,37,7.3290000000000015,False,1,1,5.3,7.3290000000000015
4,144,Gallagher,31,3,60,37,6.7349999999999985,False,1,1,11.4,6.7349999999999985
5,154,Zaha,31,3,68,37,7.9579999999999975,False,1,1,5.6,7.9579999999999975
6,233,Salah,14,3,133,37,6.73,False,1,1,58.9,6.73
7,503,Gordon,11,3,46,37,7.897,False,1,1,5.9,7.897
8,40,Watkins,7,4,75,37,7.9620000000000015,False,1,1,11.1,7.9620000000000015
9,180,Richarlison,11,4,75,37,9.302,True,2,1,8.9,18.604
10,357,Kane,6,4,124,37,6.672999999999999,False,1,1,19.8,6.672999999999999
11,200,Schmeichel,13,1,49,37,6.84,False,0,0,18.1,0.0
12,122,Alonso,8,2,57,37,4.883,False,0,0,14.5,0.0
13,433,Jonny,39,2,45,37,5.12,False,0,0,0.6,0.0
14,212,Maddison,13,3,69,37,6.4179999999999975,False,0,0,13.9,0.0
