,player_id,web_name,team_code,element_type,now_cost,event,points_md,is_captain,multiplier,starting_lineup,selected_by_percent,gw_points
0,270,de Gea,1,1,50,7,3.869,False,1,1,6.5,3.869
1,122,Alonso,8,2,59,7,4.7189999999999985,False,1,1,21.9,4.7189999999999985
2,127,Rüdiger,8,2,57,7,4.533,False,1,1,14.6,4.533
3,411,Cresswell,21,2,55,7,4.425,False,1,1,15.3,4.425
4,196,Raphinha,2,3,65,7,4.685,False,1,1,15.0,4.685
5,272,Pogba,1,3,78,7,5.114,False,1,1,22.8,5.114
6,359,Son,6,3,100,7,5.3260000000000005,False,1,1,11.8,5.3260000000000005
7,419,Benrahma,21,3,66,7,4.327,False,1,1,36.5,4.327
8,109,Wood,90,4,68,7,4.9460000000000015,False,1,1,1.5,4.9460000000000015
9,413,Antonio,21,4,79,7,5.278,False,1,1,43.2,5.278
10,529,Lukaku,8,4,117,7,6.4,True,2,1,33.9,12.8
11,199,Meslier,2,1,50,7,3.823,False,0,0,2.9,0.0
12,106,Mee,90,2,49,7,4.104,False,0,0,0.7,0.0
13,437,Semedo,39,2,49,7,3.991,False,0,0,3.6,0.0
14,186,Klich,2,3,55,7,4.097,False,0,0,0.6,0.0
