,player_id,web_name,team_code,element_type,now_cost,event,points_md,is_captain,multiplier,starting_lineup,selected_by_percent,gw_points
0,353,Lloris,6,1,54,22,7.0120000000000005,False,1,1,8.6,7.0120000000000005
1,106,Mee,90,2,48,22,6.046,False,1,1,0.5,6.046
2,110,Lowton,90,2,44,22,6.122000000000001,False,1,1,1.8,6.122000000000001
3,237,Alexander-Arnold,14,2,83,22,11.373,True,2,1,43.5,22.746
4,64,Trossard,36,3,62,22,6.658,False,1,1,1.1,6.658
5,210,Tielemans,13,3,64,22,7.1610000000000005,False,1,1,3.7,7.1610000000000005
6,240,Jota,14,3,81,22,11.067,False,1,1,28.4,11.067
7,359,Son,6,3,106,22,10.202,False,1,1,26.7,10.202
8,506,Elliott,14,3,53,22,9.2,False,1,1,0.1,9.2
9,63,Maupay,36,4,65,22,7.5310000000000015,False,1,1,5.8,7.5310000000000015
10,109,Wood,90,4,67,22,8.072000000000001,False,1,1,1.4,8.072000000000001
11,69,Sánchez,36,1,46,22,6.8420000000000005,False,0,0,18.2,0.0
12,219,Thomas,13,2,43,22,5.625,False,0,0,0.8,0.0
13,370,Reguilón,6,2,54,22,6.9620000000000015,False,0,0,16.9,0.0
14,579,Ronaldo,1,4,125,22,10.226,False,0,0,29.7,0.0
