,can_transact,can_select,chance_of_playing_next_round,chance_of_playing_this_round,code,cost_change_event,cost_change_event_fall,cost_change_start,cost_change_start_fall,dreamteam_count,element_type,ep_next,ep_this,event_points,first_name,form,id,in_dreamteam,news,news_added,now_cost,photo,points_per_game,removed,second_name,selected_by_percent,special,squad_number,status,team,team_code,total_points,transfers_in,transfers_in_event,transfers_out,transfers_out_event,value_form,value_season,web_name,region,team_join_date,birth_date,has_temporary_code,opta_code,minutes,goals_scored,assists,clean_sheets,goals_conceded,own_goals,penalties_saved,penalties_missed,yellow_cards,red_cards,saves,bonus,bps,influence,creativity,threat,ict_index,clearances_blocks_interceptions,recoveries,tackles,defensive_contribution,starts,expected_goals,expected_assists,expected_goal_involvements,expected_goals_conceded,corners_and_indirect_freekicks_order,corners_and_indirect_freekicks_text,direct_freekicks_order,direct_freekicks_text,penalties_order,penalties_text,scout_risks,influence_rank,influence_rank_type,creativity_rank,creativity_rank_type,threat_rank,threat_rank_type,ict_index_rank,ict_index_rank_type,expected_goals_per_90,saves_per_90,expected_assists_per_90,expected_goal_involvements_per_90,expected_goals_conceded_per_90,goals_conceded_per_90,now_cost_rank,now_cost_rank_type,form_rank,form_rank_type,points_per_game_rank,points_per_game_rank_type,selected_rank,selected_rank_type,starts_per_90,clean_sheets_per_90,defensive_contribution_per_90
0,True,True,,,154561,0,0,5,-5,1,1,4.5,4.5,6,David,3.5,1,False,,,60,154561.jpg,4.4,False,Raya Martín,36.4,False,,a,1,3,74,3157483,7472,1227696,10512,0.6,12.3,Raya,200.0,2024-07-04,1995-09-15,False,p154561,1530,0,0,9,10,0,0,0,1,0,27,3,303,250.2,10.3,0.0,26.1,13,141,0,0,17,0.00,0.04,0.04,10.12,,,,,,,[],118,16,371,4,758,88,260,16,0.0,1.59,0.0,0.0,0.6,0.59,87,1,94,8,54,5,5,1,1.0,0.53,0.0
1,True,True,,,109745,0,0,-4,4,0,1,1.0,1.0,0,Kepa,0.0,2,False,,,41,109745.jpg,0.0,False,Arrizabalaga Revuelta,0.4,False,,a,1,3,0,10705,97,68494,147,0.0,0.0,Arrizabalaga,200.0,2025-07-01,1994-10-03,False,p109745,0,0,0,0,0,0,0,0,0,0,0,0,0,0.0,0.0,0.0,0.0,0,0,0,0,0,0.00,0.00,0.00,0.00,,,,,,,[],572,78,560,67,528,52,572,78,0.0,0.0,0.0,0.0,0.0,0.0,619,38,525,73,580,78,266,35,0.0,0.0,0.0
2,True,False,0.0,0.0,463748,0,0,0,0,0,1,0.0,0.0,0,Karl,0.0,3,False,Has joined Werder Bremen on loan for the rest of the season.,2025-08-26T13:44:02.357864Z,40,463748.jpg,0.0,False,Hein,0.2,False,,u,1,3,0,5545,0,45077,96,0.0,0.0,Hein,67.0,2020-10-28,2002-04-13,False,p463748,0,0,0,0,0,0,0,0,0,0,0,0,0,0.0,0.0,0.0,0.0,0,0,0,0,0,0.00,0.00,0.00,0.00,,,,,,,[],537,69,525,58,492,43,537,69,0.0,0.0,0.0,0.0,0.0,0.0,649,54,489,64,545,69,346,51,0.0,0.0,0.0
3,True,True,,,551221,0,0,-1,1,0,1,1.0,1.0,0,Tommy,0.0,4,False,,,39,551221.jpg,0.0,False,Setford,0.2,False,,a,1,3,0,24768,428,22340,159,0.0,0.0,Setford,241.0,2024-07-24,2006-03-13,False,p551221,0,0,0,0,0,0,0,0,0,0,0,0,0,0.0,0.0,0.0,0.0,0,0,0,0,0,0.00,0.00,0.00,0.00,,,,,,,[],507,53,493,40,459,25,507,53,0.0,0.0,0.0,0.0,0.0,0.0,733,86,458,48,515,53,339,50,0.0,0.0,0.0
4,True,True,25.0,25.0,226597,0,0,2,-2,3,2,0.2,0.2,0,Gabriel,0.0,5,False,Thigh injury - 25% chance of playing,2025-11-17T12:00:07.436586Z,62,226597.jpg,7.4,False,dos Santos Magalhães,12.8,False,,d,1,3,81,3887864,849,4816157,15856,0.0,13.1,Gabriel,30.0,2020-09-01,1997-12-19,False,p226597,990,1,2,7,5,0,0,0,1,0,0,13,279,318.6,62.6,88.0,46.9,88,15,12,100,11,0.82,0.69,1.51,6.17,,,,,,,[],61,28,242,71,176,36,137,49,0.07,0.0,0.06,0.13,0.56,0.45,77,3,752,252,2,1,31,10,1.0,0.64,9.09
5,True,True,100.0,100.0,462424,0,0,-1,1,0,2,2.7,2.7,6,William,1.7,6,False,,2025-11-30T22:30:08.957329Z,59,462424.jpg,3.8,False,Saliba,10.9,False,,a,1,3,49,1114178,11506,1740374,1987,0.3,8.3,Saliba,73.0,2019-07-25,2001-03-24,False,p462424,994,0,0,6,5,0,0,0,0,0,0,1,231,201.6,40.7,20.0,26.3,60,48,12,72,12,0.29,0.28,0.57,5.30,,,,,,,[],158,67,290,92,318,104,258,85,0.03,0.0,0.03,0.06,0.48,0.45,100,7,226,79,94,37,36,13,1.09,0.54,6.52
6,True,True,100.0,100.0,466075,0,0,2,-2,2,2,3.7,3.7,6,Riccardo,2.7,7,False,,2025-12-06T20:00:08.845719Z,57,466075.jpg,4.8,False,Calafiori,10.0,False,,a,1,3,77,2449891,10344,1778723,3718,0.5,13.5,Calafiori,106.0,2024-07-29,2002-05-19,False,p466075,1256,1,2,9,7,0,0,0,5,0,0,4,284,206.0,100.3,219.0,52.4,56,57,28,84,16,2.49,0.36,2.85,7.09,,,,,,,[],155,65,173,42,62,4,105,31,0.18,0.0,0.03,0.21,0.51,0.5,121,12,138,53,31,16,42,14,1.15,0.64,6.02
7,True,True,100.0,100.0,445122,0,0,10,-10,2,2,4.3,4.3,7,Jurriën,3.3,8,True,,2025-12-11T00:30:09.735026Z,65,445122.jpg,5.1,False,Timber,33.2,False,,a,1,3,87,5009958,20073,1546961,13669,0.5,13.4,J.Timber,152.0,2023-07-14,2001-06-17,False,p445122,1377,2,3,7,10,0,0,0,2,0,0,8,317,302.2,215.6,256.0,77.6,43,57,43,86,15,3.55,0.81,4.36,8.76,,,,,,,[],80,34,67,15,42,1,36,2,0.23,0.0,0.05,0.28,0.57,0.65,51,1,100,37,20,10,8,2,0.98,0.46,5.62
8,True,False,0.0,0.0,440854,0,0,-1,1,0,2,0.0,0.0,0,Jakub,0.0,9,False,has joined Porto on loan for the rest of the season.,2025-09-02T13:37:25.929594Z,54,440854.jpg,0.0,False,Kiwior,0.0,False,,u,1,3,0,1119,0,10727,10,0.0,0.0,Kiwior,172.0,2023-01-23,2000-02-15,False,p440854,0,0,0,0,0,0,0,0,0,0,0,0,0,0.0,0.0,0.0,0.0,0,0,0,0,0,0.00,0.00,0.00,0.00,,,,,,,[],748,254,747,254,743,253,748,254,0.0,0.0,0.0,0.0,0.0,0.0,169,21,735,251,747,253,569,206,0.0,0.0,0.0
9,True,True,,,499169,0,0,-4,4,0,2,1.5,1.5,0,Myles,0.5,10,False,,,51,499169.jpg,0.8,False,Lewis-Skelly,1.8,False,,a,1,3,9,118890,510,405763,2581,0.1,1.8,Lewis-Skelly,241.0,2022-12-04,2006-09-26,False,p499169,195,0,0,0,3,0,0,0,2,0,0,0,28,19.4,33.1,14.0,6.6,7,11,3,10,0,0.05,0.05,0.10,2.50,,,,,,,[],400,151,308,101,342,116,385,133,0.02,0.0,0.02,0.04,1.15,1.38,237,37,346,125,458,156,142,56,0.0,0.0,4.62
10,True,True,0.0,0.0,198869,0,0,-2,2,1,2,0.0,0.0,0,Benjamin,2.7,11,False,Hamstring injury - Expected back 03 Jan,2025-12-13T23:30:11.163639Z,53,198869.jpg,5.5,False,White,1.4,False,,i,1,3,22,323866,19,266851,13851,0.5,4.2,White,241.0,2021-07-30,1997-10-08,False,p198869,280,0,1,2,2,0,0,0,0,0,0,3,90,89.2,66.8,34.0,19.0,15,16,11,26,4,0.37,0.42,0.79,3.52,,,,,,,[],282,109,232,66,288,92,302,101,0.12,0.0,0.14,0.26,1.13,0.64,188,27,136,52,12,5,158,64,1.29,0.64,8.36
11,True,True,,,563324,0,0,-2,2,0,2,1.0,1.0,0,Brayden,0.0,13,False,,,38,563324.jpg,0.0,False,Clarke,0.5,False,,a,1,3,0,43571,585,62311,310,0.0,0.0,Clarke,,,,False,p563324,0,0,0,0,0,0,0,0,0,0,0,0,0,0.0,0.0,0.0,0.0,0,0,0,0,0,0.00,0.00,0.00,0.00,,,,,,,[],470,176,454,175,419,162,469,175,0.0,0.0,0.0,0.0,0.0,0.0,763,250,418,157,477,174,252,94,0.0,0.0,0.0
12,True,False,0.0,0.0,588793,0,0,-1,1,0,2,0.0,0.0,0,Maldini,0.0,14,False,has joined Morecambe on loan for the rest of the season.,2025-09-22T21:14:30.857843Z,39,588793.jpg,0.0,False,Kacurri,0.1,False,,u,1,3,0,10218,0,21641,44,0.0,0.0,Kacurri,,,,False,p588793,0,0,0,0,0,0,0,0,0,0,0,0,0,0.0,0.0,0.0,0.0,0,0,0,0,0,0.00,0.00,0.00,0.00,,,,,,,[],511,192,497,192,463,180,511,192,0.0,0.0,0.0,0.0,0.0,0.0,738,225,463,176,519,191,460,169,0.0,0.0,0.0
13,True,True,,,499167,0,0,-2,2,0,2,1.0,1.0,0,Josh,0.0,15,False,,,38,499167.jpg,0.0,False,Nichols,0.2,False,,a,1,3,0,15690,96,21937,90,0.0,0.0,Nichols,241.0,2024-07-24,2006-07-26,False,p499167,0,0,0,0,0,0,0,0,0,0,0,0,0,0.0,0.0,0.0,0.0,0,0,0,0,0,0.00,0.00,0.00,0.00,,,,,,,[],466,172,450,171,414,157,465,171,0.0,0.0,0.0,0.0,0.0,0.0,756,243,414,153,472,169,376,139,0.0,0.0,0.0
14,True,True,100.0,100.0,223340,0,0,3,-3,1,3,6.5,6.5,3,Bukayo,5.5,16,False,,2025-08-23T22:30:05.759392Z,103,223340.jpg,5.2,False,Saka,22.6,False,,a,1,3,78,3466286,10166,2551335,34105,0.5,7.6,Saka,241.0,2018-11-28,2001-09-05,False,p223340,1148,4,4,6,7,0,0,0,1,0,0,8,298,305.8,408.8,361.0,107.6,7,65,21,93,13,4.19,3.73,7.92,7.26,2.0,,,,1.0,,[],75,22,11,11,16,8,12,10,0.33,0.0,0.29,0.62,0.57,0.55,5,3,15,8,17,8,16,5,1.02,0.47,7.29
15,True,True,100.0,100.0,184029,0,0,-2,2,0,3,2.7,2.7,3,Martin,1.7,17,False,,2025-10-04T20:00:07.945438Z,78,184029.jpg,2.1,False,Ødegaard,1.6,False,,a,1,3,23,189562,1091,440347,1173,0.2,2.9,Ødegaard,161.0,2021-08-20,1998-12-17,False,p184029,534,0,1,3,4,0,0,0,0,0,0,0,100,88.2,169.9,64.0,32.2,8,27,7,42,7,0.42,1.25,1.67,5.43,4.0,,,,3.0,,[],284,124,91,65,224,124,225,114,0.07,0.0,0.21,0.28,0.92,0.67,17,12,229,107,281,126,149,48,1.18,0.51,7.08
16,True,True,100.0,100.0,248857,0,0,-2,2,0,3,2.0,2.0,0,Noni,1.0,18,False,,2025-09-21T22:30:05.839272Z,68,248857.jpg,1.8,False,Madueke,0.8,False,,a,1,3,16,203843,673,252362,1505,0.1,2.4,Madueke,241.0,2025-07-18,2002-03-10,False,p248857,420,0,0,3,3,0,0,0,0,0,0,0,54,42.6,118.2,155.0,31.5,4,11,5,20,5,0.47,0.97,1.44,3.44,3.0,,,,,,[],353,160,148,104,89,55,229,117,0.1,0.0,0.21,0.31,0.74,0.64,45,28,297,140,317,144,203,69,1.07,0.64,4.29
17,True,True,100.0,100.0,444145,0,0,-2,2,0,3,2.0,2.0,0,Gabriel,1.0,19,False,,2025-10-28T21:00:08.076588Z,68,444145.jpg,1.7,False,Martinelli Silva,0.9,False,,a,1,3,22,125923,590,197863,1004,0.1,3.2,Martinelli,30.0,2019-07-15,2001-06-18,False,p444145,400,1,0,2,2,0,0,0,1,0,0,1,62,58.0,48.2,134.0,23.5,4,15,3,22,5,1.29,0.14,1.43,3.84,,,,,,,[],329,149,273,156,110,67,273,132,0.29,0.0,0.03,0.32,0.86,0.45,46,29,298,141,333,152,185,60,1.12,0.45,4.95
18,True,True,100.0,100.0,116216,0,0,-1,1,1,3,4.7,4.7,3,Leandro,3.7,20,False,,2025-11-27T10:00:06.582480Z,69,116216.jpg,4.8,False,Trossard,0.9,False,,a,1,3,62,199199,3091,146316,1407,0.5,9.0,Trossard,21.0,2023-01-20,1994-12-04,False,p116216,871,4,3,5,6,0,0,0,0,0,0,6,214,251.8,221.6,267.0,74.1,7,36,9,52,9,2.92,1.48,4.40,4.45,,,,,4.0,,[],117,42,62,47,39,24,44,33,0.3,0.0,0.15,0.45,0.46,0.62,41,25,87,40,32,12,195,65,0.93,0.52,5.37
19,True,True,100.0,100.0,204480,0,0,6,-6,3,3,6.3,6.3,11,Declan,5.3,21,True,,2025-12-10T00:00:07.384168Z,71,204480.jpg,5.7,False,Rice,22.7,False,,a,1,3,97,3456379,49756,1733974,9119,0.7,13.7,Rice,241.0,2023-07-15,1999-01-14,False,p204480,1425,2,6,8,10,0,0,0,1,0,0,15,390,399.6,483.0,160.0,104.3,59,84,28,171,16,1.82,3.45,5.27,9.32,1.0,,1.0,,,,[],18,5,5,5,85,53,14,12,0.11,0.0,0.22,0.33,0.59,0.63,33,19,17,10,11,5,15,4,1.01,0.51,10.8
20,True,True,,,195384,0,0,0,0,1,3,6.0,6.0,1,Mikel,5.0,22,False,,,60,195384.jpg,3.3,False,Merino Zazón,3.7,False,,a,1,3,53,776894,4660,412442,18213,0.8,8.8,Merino,200.0,2024-08-27,1996-06-22,False,p195384,759,3,3,3,7,0,0,0,0,0,0,4,185,233.6,123.5,160.0,51.4,20,40,18,78,8,2.14,0.88,3.02,4.81,,,,,,,[],130,48,143,100,84,52,111,62,0.25,0.0,0.1,0.35,0.57,0.83,88,58,24,11,140,63,94,31,0.95,0.36,9.25
21,True,False,0.0,0.0,438098,0,0,-1,1,0,3,0.0,0.0,0,Fábio,0.0,23,False,has joined Hamburger on loan for the rest of the season.,2025-09-02T13:38:06.128321Z,54,438098.jpg,0.0,False,Ferreira Vieira,0.0,False,,u,1,3,0,933,0,4349,3,0.0,0.0,Fábio Vieira,173.0,2022-06-21,2000-05-30,False,p438098,0,0,0,0,0,0,0,0,0,0,0,0,0,0.0,0.0,0.0,0.0,0,0,0,0,0,0.00,0.00,0.00,0.00,,,,,,,[],747,327,746,327,742,326,747,327,0.0,0.0,0.0,0.0,0.0,0.0,168,105,734,321,746,327,658,272,0.0,0.0,0.0
22,True,True,100.0,100.0,128295,0,0,-3,3,0,3,1.0,1.0,0,Christian,0.0,24,False,,2025-08-18T08:00:05.297235Z,52,128295.jpg,1.0,False,Nørgaard,0.1,False,,a,1,3,2,5454,48,58241,68,0.0,0.4,Nørgaard,58.0,2025-07-10,1994-03-10,False,p128295,14,0,0,0,0,0,0,0,0,0,0,0,7,6.4,0.1,7.0,1.4,2,2,0,4,0,0.05,0.00,0.05,0.05,,,,,,,[],425,194,438,208,369,188,433,199,0.32,0.0,0.0,0.32,0.32,0.0,209,129,721,313,442,209,418,135,0.0,0.0,25.71
23,True,True,,,499175,0,0,-4,4,0,3,1.2,1.2,0,Ethan,0.2,25,False,,,51,499175.jpg,1.3,False,Nwaneri,0.1,False,,a,1,3,8,12004,61,33538,93,0.0,1.6,Nwaneri,241.0,2022-09-17,2007-03-21,False,p499175,165,0,0,1,0,0,0,0,0,0,0,0,20,8.6,22.5,24.0,5.4,1,10,2,13,0,0.23,0.08,0.31,0.73,,,,,,,[],421,191,337,182,310,164,390,183,0.13,0.0,0.04,0.17,0.4,0.0,238,146,397,189,386,175,422,137,0.0,0.55,7.09
24,True,True,100.0,100.0,481655,0,0,-3,3,1,3,2.8,2.8,3,Martín,1.8,26,False,,2025-11-01T18:30:07.784912Z,52,481655.jpg,3.5,False,Zubimendi Ibáñez,2.2,False,,a,1,3,59,673004,1880,705274,2129,0.3,11.3,Zubimendi,200.0,2025-07-06,1999-02-02,False,p481655,1410,2,1,9,9,0,0,0,3,0,0,4,268,252.8,220.8,75.0,55.0,56,50,26,132,16,0.74,1.12,1.86,9.28,,,,,,,[],115,40,63,48,195,112,96,58,0.05,0.0,0.07,0.12,0.59,0.57,218,135,208,95,115,51,124,42,1.02,0.57,8.43
25,True,False,0.0,0.0,588796,0,0,0,0,0,3,0.0,0.0,0,Ismeal,0.0,28,False,has joined Shrewsbury Town on loan for the rest of the season.,2025-09-02T13:24:41.013511Z,45,588796.jpg,0.0,False,Kabia,0.1,False,,u,1,3,0,6731,0,29520,30,0.0,0.0,Kabia,152.0,2024-09-14,2005-12-10,False,p588796,0,0,0,0,0,0,0,0,0,0,0,0,0,0.0,0.0,0.0,0.0,0,0,0,0,0,0.00,0.00,0.00,0.00,,,,,,,[],685,282,679,282,664,279,686,283,0.0,0.0,0.0,0.0,0.0,0.0,469,285,652,265,689,286,459,152,0.0,0.0,0.0
26,True,False,0.0,0.0,437742,0,0,0,0,0,3,0.0,0.0,0,Albert,0.0,29,False,has joined Hamburger permanently.,2025-09-02T13:40:53.094922Z,45,437742.jpg,0.0,False,Sambi Lokonga,0.1,False,,u,1,3,0,2952,0,13753,19,0.0,0.0,Sambi,21.0,2021-07-19,1999-10-22,False,p437742,0,0,0,0,0,0,0,0,0,0,0,0,0,0.0,0.0,0.0,0.0,0,0,0,0,0,0.00,0.00,0.00,0.00,,,,,,,[],643,248,636,248,621,245,644,249,0.0,0.0,0.0,0.0,0.0,0.0,418,249,610,231,648,253,562,206,0.0,0.0,0.0
27,True,True,0.0,0.0,219847,0,0,-2,2,0,4,0.0,0.0,0,Kai,0.0,30,False,Knee injury - Unknown return date,2025-08-20T13:00:06.498911Z,73,219847.jpg,1.0,False,Havertz,0.3,False,,i,1,3,1,9715,16,110912,58,0.0,0.1,Havertz,80.0,2023-06-28,1999-06-11,False,p219847,30,0,0,0,0,0,0,0,0,0,0,0,4,2.8,0.8,2.0,0.6,1,2,0,3,0,0.00,0.01,0.01,0.82,,,,,,,[],439,50,421,51,403,54,445,54,0.0,0.0,0.03,0.03,2.46,0.0,23,9,763,83,453,55,300,48,0.0,0.0,9.0
28,True,True,100.0,100.0,205651,0,0,-1,1,0,4,1.3,1.3,1,Gabriel,0.3,31,False,,2025-07-21T10:00:04.697564Z,64,205651.jpg,1.0,False,Fernando de Jesus,0.2,False,,a,1,3,2,22776,873,9480,876,0.0,0.3,G.Jesus,30.0,2022-07-04,1997-04-03,False,p205651,34,0,0,0,1,0,0,0,0,0,0,0,4,4.2,0.6,17.0,2.2,1,3,0,4,0,0.14,0.02,0.16,0.12,,,,,,,[],435,48,423,52,332,49,425,49,0.37,0.0,0.05,0.42,0.32,2.65,60,21,369,42,451,53,369,57,0.0,0.0,10.59
29,True,True,,,232413,0,0,2,-2,2,3,5.2,5.2,0,Eberechi,4.2,266,False,,,77,232413.jpg,4.4,False,Eze,16.3,False,,a,1,3,66,3173029,6144,2501787,54993,0.5,8.6,Eze,241.0,2025-08-23,1998-06-29,False,p232413,991,4,3,6,6,0,0,0,0,0,0,6,254,252.4,158.5,281.0,69.1,13,40,11,64,12,2.54,1.41,3.95,6.00,,,,,,,[],116,41,102,75,34,20,58,39,0.23,0.0,0.13,0.36,0.54,0.54,19,13,54,24,59,24,21,7,1.09,0.54,5.81
30,True,True,0.0,0.0,500040,0,0,-1,1,0,2,0.0,0.0,0,Cristhian,0.5,662,False,Ankle injury - Unknown return date,2025-12-04T09:00:09.512338Z,54,500040.jpg,1.7,False,Mosquera,0.1,False,,i,1,3,17,41974,4,48146,186,0.1,3.1,Mosquera,200.0,2025-07-24,2004-06-27,False,p500040,429,0,0,1,4,0,0,0,1,0,0,1,85,84.0,23.2,8.0,11.5,24,17,11,35,4,0.00,0.43,0.43,2.68,,,,,,,[],293,112,335,114,361,129,349,118,0.0,0.0,0.09,0.09,0.56,0.84,174,23,348,126,331,120,409,153,0.84,0.21,7.34
31,True,True,100.0,100.0,224117,0,0,-2,2,1,4,2.5,2.5,5,Viktor,1.5,666,False,,2025-11-01T18:00:08.847750Z,88,224117.jpg,3.1,False,Gyökeres,10.3,False,,a,1,3,46,2573106,2758,4362475,7953,0.2,5.2,Gyökeres,206.0,2025-07-26,1998-06-04,False,p224117,1015,5,0,7,4,0,0,0,3,0,0,4,171,159.8,109.6,330.0,59.6,8,22,4,34,12,5.38,0.78,6.16,6.39,,,,,2.0,,[],202,15,157,11,21,11,83,13,0.48,0.0,0.07,0.55,0.57,0.35,8,3,245,29,172,16,39,7,1.06,0.62,3.01
32,True,True,0.0,0.0,616077,0,0,-2,2,0,3,0.0,0.0,0,Max,0.0,700,False,Ankle injury - Unknown return date,2025-12-10T00:00:08.266774Z,43,616077.jpg,2.5,False,Dowman,0.4,False,,i,1,3,5,124847,427,98528,960,0.0,1.2,Dowman,241.0,2025-07-22,2009-12-31,False,p616077,27,0,1,0,0,0,0,0,0,0,0,0,13,1.0,0.8,26.0,2.8,0,1,2,3,0,0.14,0.02,0.16,0.12,,,,,,,[],448,206,419,201,301,160,418,192,0.47,0.0,0.07,0.54,0.4,0.0,599,340,563,205,225,99,283,98,0.0,0.0,10.0
33,True,True,,,646243,0,0,0,0,0,3,1.0,1.0,0,Andre,0.0,711,False,,,45,646243.jpg,0.0,False,Harriman-Annous,0.0,False,,a,1,3,0,1437,5,1269,16,0.0,0.0,Harriman-Annous,241.0,2025-07-22,2007-12-28,False,p646243,0,0,0,0,0,0,0,0,0,0,0,0,0,0.0,0.0,0.0,0.0,0,0,0,0,0,0.00,0.00,0.00,0.00,,,,,,,[],698,294,691,293,676,290,698,294,0.0,0.0,0.0,0.0,0.0,0.0,485,297,664,276,699,295,689,291,0.0,0.0,0.0
34,True,True,100.0,100.0,448104,0,0,0,0,1,2,5.7,5.7,10,Piero,4.7,725,False,,2025-09-24T06:00:06.296709Z,55,448104.jpg,3.8,False,Hincapié,2.9,False,,a,1,3,30,409110,4736,43044,1879,0.9,5.5,Hincapie,62.0,2025-09-01,2002-01-09,False,p448104,563,0,0,2,5,0,0,0,1,0,0,2,112,112.6,20.2,6.0,13.8,51,26,10,61,6,0.00,0.48,0.48,4.36,,,,,,,[],248,99,341,117,376,136,331,114,0.0,0.0,0.08,0.08,0.7,0.8,146,17,35,12,92,35,106,41,0.96,0.32,9.75
35,True,True,,,616065,0,0,0,0,0,2,1.0,1.0,0,Marli,0.0,759,False,,,40,616065.jpg,0.0,False,Salmon,0.0,False,,a,1,3,0,462,18,122,21,0.0,0.0,Salmon,241.0,2025-07-22,2009-08-29,False,p616065,0,0,0,0,0,0,0,0,0,0,0,0,0,0.0,0.0,0.0,0.0,0,0,0,0,0,0.00,0.00,0.00,0.00,,,,,,,[],567,226,555,226,523,216,567,226,0.0,0.0,0.0,0.0,0.0,0.0,685,198,520,211,575,225,714,241,0.0,0.0,0.0
36,True,True,75.0,75.0,98980,0,0,1,-1,2,1,1.7,1.7,0,Emiliano,2.3,32,False,Back injury - 75% chance of playing,2025-12-12T00:00:09.834522Z,51,98980.jpg,4.5,False,Martínez Romero,3.2,False,,d,2,7,54,525119,318,367668,6080,0.5,10.6,Martinez,10.0,2020-09-16,1992-09-02,False,p98980,1080,0,0,4,9,0,1,0,1,0,34,3,224,277.4,3.0,0.0,27.9,10,100,0,0,12,0.00,0.03,0.03,14.61,,,,,,,[],94,15,402,12,731,82,249,15,0.0,2.83,0.0,0.0,1.22,0.75,228,7,161,13,49,4,99,15,1.0,0.33,0.0
37,True,True,,,72147,0,0,-3,3,0,1,0.3,0.3,0,Marco,0.3,33,False,,,42,72147.jpg,2.2,False,Bizot,0.4,False,,a,2,7,9,79967,105,104856,184,0.1,2.1,M.Bizot,152.0,2025-07-15,1991-03-10,False,p72147,360,0,0,1,8,0,0,0,2,0,9,0,34,57.6,0.0,0.0,5.8,5,35,0,0,4,0.00,0.00,0.00,7.34,,,,,,,[],330,28,562,69,530,54,387,28,0.0,2.25,0.0,0.0,1.84,2.0,603,34,356,23,255,23,263,34,1.0,0.25,0.0
38,True,False,0.0,0.0,462492,0,0,0,0,0,1,0.0,0.0,0,Joe,0.0,34,False,Has joined Port Vale on loan for the rest of the season.,2025-08-12T07:40:37.843391Z,40,462492.jpg,0.0,False,Gauci,0.1,False,,u,2,7,0,0,0,15774,41,0.0,0.0,Gauci,13.0,2024-02-01,2000-07-04,False,p462492,0,0,0,0,0,0,0,0,0,0,0,0,0,0.0,0.0,0.0,0.0,0,0,0,0,0,0.00,0.00,0.00,0.00,,,,,,,[],536,68,524,57,491,42,536,68,0.0,0.0,0.0,0.0,0.0,0.0,648,53,488,63,544,68,458,73,0.0,0.0,0.0
39,True,False,0.0,0.0,462381,0,0,0,0,0,1,0.0,0.0,0,Filip,0.0,35,False,Has joined Stevenage permanently.,2025-07-30T14:08:21.698398Z,40,462381.jpg,0.0,False,Marschall,0.0,False,,u,2,7,0,0,0,1152,3,0.0,0.0,Marschall,241.0,2021-12-13,2003-04-24,False,p462381,0,0,0,0,0,0,0,0,0,0,0,0,0,0.0,0.0,0.0,0.0,0,0,0,0,0,0.00,0.00,0.00,0.00,,,,,,,[],535,67,523,56,490,41,535,67,0.0,0.0,0.0,0.0,0.0,0.0,647,52,487,62,543,67,707,81,0.0,0.0,0.0
40,True,True,100.0,100.0,199796,0,0,4,-4,2,2,3.5,3.5,0,Matty,3.5,36,False,,2025-11-20T10:30:09.177815Z,49,199796.jpg,4.6,False,Cash,13.4,False,,a,2,7,73,2002762,10540,679622,14403,0.7,14.9,Cash,172.0,2020-09-03,1997-08-07,False,p199796,1412,3,1,5,16,0,0,0,4,0,0,6,263,355.6,232.2,106.0,69.4,66,35,29,95,16,0.59,1.40,1.99,20.97,1.0,,,,,,"[{'property': 'suspension_risk', 'notes': 'This player currently has four yellow cards in the Premier League and will face a one-match suspension should they receive another before Gameweek 20.', 'gameweek': None, 'url': None}]",34,15,56,10,145,25,55,8,0.04,0.0,0.09,0.13,1.34,1.02,297,49,89,34,39,18,28,8,1.02,0.32,6.06
41,True,True,100.0,100.0,101188,0,0,0,0,0,2,1.7,1.7,0,Lucas,1.7,37,False,,2025-10-23T13:30:07.954318Z,45,101188.jpg,3.5,False,Digne,1.8,False,,a,2,7,52,241521,879,253541,1561,0.4,11.6,Digne,73.0,2022-01-13,1993-07-20,False,p101188,987,0,3,5,8,0,0,0,2,0,0,1,209,185.2,223.1,78.0,48.4,35,38,16,51,12,0.36,1.48,1.84,13.52,2.0,,2.0,,,,[],178,75,61,13,190,42,126,43,0.03,0.0,0.13,0.16,1.23,0.73,398,75,220,77,111,41,141,55,1.09,0.46,4.65
42,True,True,100.0,100.0,199798,0,0,-1,1,0,2,2.3,2.3,0,Ezri,2.3,38,False,,2025-11-18T09:30:07.536725Z,44,199798.jpg,3.1,False,Konsa Ngoyo,7.7,False,,a,2,7,47,380119,2607,1721251,4293,0.5,10.7,Konsa,241.0,2019-07-11,1997-10-23,False,p199798,1325,0,0,5,16,0,0,0,0,1,0,2,238,260.4,54.4,60.0,37.7,75,47,8,83,15,0.31,0.22,0.53,20.42,,,,,,,[],111,49,258,78,232,65,187,63,0.02,0.0,0.01,0.03,1.39,1.09,497,106,156,59,156,60,54,18,1.02,0.34,5.64
43,True,True,,,441302,0,0,-3,3,0,2,0.8,0.8,0,Ian,0.8,39,False,,,42,441302.jpg,1.0,False,Maatsen,0.5,False,,a,2,7,11,34077,436,78760,278,0.2,2.6,Maatsen,152.0,2024-06-28,2002-03-10,False,p441302,447,0,0,0,9,0,0,0,1,0,0,0,68,104.8,113.3,65.0,28.4,23,27,16,39,4,0.36,0.76,1.12,8.42,5.0,,,,,,[],259,102,154,36,218,58,245,81,0.07,0.0,0.15,0.22,1.7,1.81,613,152,301,103,408,149,255,96,0.81,0.0,7.85
44,True,True,0.0,0.0,149484,0,0,-2,2,0,2,0.0,0.0,0,Tyrone,0.0,40,False,Hamstring injury - Expected back 30 Dec,2025-11-02T00:00:09.519584Z,43,149484.jpg,3.4,False,Mings,0.6,False,,i,2,7,24,122466,7,183144,361,0.0,5.6,Mings,241.0,2019-07-08,1993-03-13,False,p149484,497,0,0,2,6,0,0,0,0,0,0,1,87,120.2,44.6,25.0,19.0,39,16,2,41,6,0.33,0.09,0.42,8.78,,,,,,,[],239,93,281,88,305,99,300,100,0.06,0.0,0.02,0.08,1.59,1.09,550,127,536,221,120,44,238,87,1.09,0.36,7.42
45,True,True,0.0,0.0,244954,0,0,-2,2,0,2,0.0,0.0,0,Pau,2.3,41,False,Calf injury - Expected back 30 Dec,2025-12-12T00:00:09.857457Z,43,244954.jpg,3.2,False,Torres,0.4,False,,i,2,7,39,60380,23,70506,1838,0.5,9.1,Pau,200.0,2023-07-12,1997-01-16,False,p244954,952,0,1,3,11,1,0,0,0,0,0,2,176,207.6,17.3,26.0,25.3,58,52,15,73,10,0.22,0.22,0.44,14.19,,,,,,,[],153,64,352,123,300,96,262,87,0.02,0.0,0.02,0.04,1.34,1.04,559,133,153,56,142,53,265,100,0.95,0.28,6.9
46,True,True,100.0,100.0,606798,0,0,-1,1,0,2,0.0,0.0,0,Andrés,0.0,42,False,,2025-10-23T13:30:07.986013Z,39,606798.jpg,0.0,False,García,0.2,False,,a,2,7,0,24790,119,33488,121,0.0,0.0,A.García,200.0,2025-01-21,2003-02-07,False,p606798,0,0,0,0,0,0,0,0,0,0,0,0,0,0.0,0.0,0.0,0.0,0,0,0,0,0,0.00,0.00,0.00,0.00,,,,,,,[],512,193,498,193,464,181,512,193,0.0,0.0,0.0,0.0,0.0,0.0,739,226,464,177,520,192,348,128,0.0,0.0,0.0
47,True,False,0.0,0.0,106468,0,0,0,0,0,2,0.0,0.0,0,Álex,0.0,43,False,Has joined Girona permanently.,2025-08-26T13:45:03.013808Z,40,106468.jpg,0.0,False,Moreno Lopera,1.8,False,,u,2,7,0,44476,0,860445,972,0.0,0.0,Alex Moreno,200.0,2023-01-11,1993-06-08,False,p106468,0,0,0,0,0,0,0,0,0,0,0,0,0,0.0,0.0,0.0,0.0,0,0,0,0,0,0.00,0.00,0.00,0.00,,,,,,,[],518,196,505,196,471,184,518,196,0.0,0.0,0.0,0.0,0.0,0.0,626,159,470,180,526,195,137,53,0.0,0.0,0.0
48,True,True,100.0,100.0,515597,0,0,0,0,0,2,0.7,0.7,0,Lamare,0.7,44,False,,2025-11-20T10:30:09.224047Z,40,515597.jpg,1.8,False,Bogarde,0.6,False,,a,2,7,20,87333,360,68804,373,0.2,5.0,Bogarde,152.0,2021-01-07,2004-01-05,False,p515597,318,0,0,1,2,0,0,0,1,0,0,3,64,41.2,33.5,6.0,8.0,9,13,6,15,3,0.00,0.10,0.10,4.48,,,,,,,[],357,131,306,99,371,133,376,129,0.0,0.0,0.03,0.03,1.27,0.57,661,178,315,110,303,110,242,88,0.85,0.28,4.25
49,True,True,,,514315,0,0,-1,1,0,2,0.0,0.0,0,Lino,0.0,45,False,,,39,514315.jpg,0.0,False,da Cruz Sousa,0.3,False,,a,2,7,0,16599,60,28796,102,0.0,0.0,Sousa,,,,False,p514315,0,0,0,0,0,0,0,0,0,0,0,0,0,0.0,0.0,0.0,0.0,0,0,0,0,0,0.00,0.00,0.00,0.00,,,,,,,[],500,185,486,185,452,173,500,185,0.0,0.0,0.0,0.0,0.0,0.0,726,217,451,168,508,184,317,115,0.0,0.0,0.0
50,True,False,0.0,0.0,587178,0,0,0,0,0,2,0.0,0.0,0,Yasin,0.0,46,False,has joined Anderlecht on loan for the rest of the season.,2025-09-22T21:15:59.805053Z,40,587178.jpg,0.0,False,Özcan,0.1,False,,u,2,7,0,4656,0,19806,59,0.0,0.0,Yasin,219.0,2025-06-01,2006-04-20,False,p587178,0,0,0,0,0,0,0,0,0,0,0,0,0,0.0,0.0,0.0,0.0,0,0,0,0,0,0.00,0.00,0.00,0.00,,,,,,,[],560,220,548,220,516,210,560,220,0.0,0.0,0.0,0.0,0.0,0.0,677,191,513,205,568,219,432,161,0.0,0.0,0.0
51,True,True,100.0,100.0,244850,0,0,1,-1,2,3,6.8,6.8,0,Morgan,6.8,47,False,,2025-08-10T22:00:04.458365Z,71,244850.jpg,4.8,False,Rogers,14.5,False,,a,2,7,76,2179237,34598,1492895,9217,1.0,10.7,Rogers,241.0,2024-02-01,2002-07-26,False,p244850,1426,5,3,5,17,0,0,0,2,0,0,7,262,340.8,256.3,308.0,90.4,24,55,18,97,16,1.66,1.57,3.23,21.86,,,,,,,[],45,12,47,39,27,15,24,19,0.1,0.0,0.1,0.2,1.38,1.07,34,20,6,4,33,13,26,10,1.01,0.32,6.12
52,True,True,100.0,100.0,166989,0,0,-1,1,0,3,2.3,2.3,0,Youri,2.3,48,False,,2025-09-14T22:00:07.795199Z,59,166989.jpg,2.6,False,Tielemans,0.7,False,,a,2,7,26,79185,1075,253390,421,0.4,4.4,Tielemans,21.0,2023-06-14,1997-05-07,False,p166989,691,0,2,2,9,0,0,0,0,0,0,1,152,155.0,185.6,111.0,45.2,16,33,20,69,8,0.64,1.07,1.71,12.19,3.0,,,,,,[],209,89,81,59,140,81,145,74,0.08,0.0,0.14,0.22,1.59,1.17,94,61,171,76,221,97,213,77,1.04,0.26,8.99
53,True,False,0.0,0.0,215711,0,0,0,0,0,3,0.0,0.0,0,Leon,0.0,49,False,Has joined AS Roma on loan for the rest of the season.,2025-08-20T13:31:56.843157Z,55,215711.jpg,0.0,False,Bailey,0.1,False,,u,2,7,0,2168,0,48044,20,0.0,0.0,Bailey,107.0,2021-08-04,1997-08-09,False,p215711,0,0,0,0,0,0,0,0,0,0,0,0,0,0.0,0.0,0.0,0.0,0,0,0,0,0,0.00,0.00,0.00,0.00,,,,,,,[],753,332,752,332,750,331,753,332,0.0,0.0,0.0,0.0,0.0,0.0,140,88,742,327,752,332,500,174,0.0,0.0,0.0
54,True,True,100.0,100.0,195546,0,0,-2,2,2,3,1.7,1.7,0,Emiliano,1.7,50,False,,2025-10-31T00:00:08.522687Z,53,195546.jpg,3.5,False,Buendía Stati,0.5,False,,a,2,7,49,142550,787,109254,1062,0.3,9.2,Buendía,10.0,2021-06-10,1996-12-25,False,p195546,555,4,2,2,4,0,0,0,2,0,0,7,168,230.4,160.8,158.0,55.0,12,29,20,61,6,1.56,0.88,2.44,8.07,,,6.0,,2.0,,[],133,51,98,71,86,54,97,59,0.25,0.0,0.14,0.39,1.31,0.65,187,115,224,104,116,52,258,88,0.97,0.32,9.89
55,True,False,0.0,0.0,469247,0,0,0,0,0,3,0.0,0.0,0,Samuel,0.0,51,False,has joined West Bromwich Albion on loan for the rest of the season,2025-09-22T21:15:59.838578Z,55,469247.jpg,0.0,False,Iling-Junior,0.0,False,,u,2,7,0,1383,0,3693,3,0.0,0.0,Iling Jr,241.0,2024-07-01,2003-10-04,False,p469247,0,0,0,0,0,0,0,0,0,0,0,0,0,0.0,0.0,0.0,0.0,0,0,0,0,0,0.00,0.00,0.00,0.00,,,,,,,[],754,333,753,333,751,332,754,333,0.0,0.0,0.0,0.0,0.0,0.0,149,94,744,329,753,333,659,273,0.0,0.0,0.0
56,True,True,,,204646,0,0,-4,4,1,3,2.5,2.5,0,Donyell,2.5,53,False,,,51,204646.jpg,2.9,False,Malen,0.9,False,,a,2,7,47,160213,1076,268665,1163,0.5,9.2,Malen,152.0,2025-01-14,1999-01-19,False,p204646,514,4,1,1,7,0,0,0,0,0,0,3,143,177.2,84.3,237.0,48.9,1,9,4,14,4,3.16,0.35,3.51,6.95,,,,,1.0,,[],186,76,197,129,51,32,124,67,0.55,0.0,0.06,0.61,1.22,1.23,231,141,145,65,183,81,199,68,0.7,0.18,2.45
57,True,True,,,122806,0,0,-1,1,0,3,2.5,2.5,0,John,2.5,54,False,,,54,122806.jpg,2.8,False,McGinn,0.7,False,,a,2,7,45,111468,1018,116690,746,0.5,8.3,McGinn,243.0,2018-08-08,1994-10-18,False,p122806,1234,1,1,6,14,0,0,0,3,0,0,1,204,191.8,312.5,93.0,60.0,24,59,24,107,16,1.03,1.72,2.75,18.31,4.0,,,,,,[],172,69,31,29,169,99,82,51,0.08,0.0,0.13,0.21,1.34,1.02,156,97,146,66,197,86,217,78,1.17,0.44,7.8
58,True,True,0.0,0.0,88894,0,0,-2,2,0,3,0.0,0.0,0,Ross,0.8,55,False,Knee injury - Expected back 07 Feb,2025-11-30T22:30:09.043798Z,48,88894.jpg,2.1,False,Barkley,0.0,False,,i,2,7,15,4288,7,11104,37,0.2,3.1,Barkley,241.0,2024-07-01,1993-12-05,False,p88894,114,1,1,0,0,0,0,0,0,0,0,0,56,51.8,33.7,55.0,14.0,2,10,3,15,0,0.43,0.16,0.59,1.41,,,,,,,[],338,153,305,170,240,131,328,157,0.34,0.0,0.13,0.47,1.11,0.0,339,211,308,144,275,122,601,230,0.0,0.0,11.84
59,True,False,0.0,0.0,491287,0,0,0,0,0,3,0.0,0.0,0,Enzo,0.0,56,False,Season-long loan to Benfica,2025-07-22T13:50:13.193555Z,50,491287.jpg,0.0,False,Barrenechea,0.0,False,,u,2,7,0,0,0,34,0,0.0,0.0,Barrenechea,,,,False,p491287,0,0,0,0,0,0,0,0,0,0,0,0,0,0.0,0.0,0.0,0.0,0,0,0,0,0,0.00,0.00,0.00,0.00,,,,,,,[],734,319,732,319,724,317,734,319,0.0,0.0,0.0,0.0,0.0,0.0,267,163,714,308,733,319,762,338,0.0,0.0,0.0
60,True,False,0.0,0.0,461421,0,0,0,0,0,3,0.0,0.0,0,Lewis,0.0,57,False,Has joined Preston North End on loan for the rest of the season.,2025-08-26T13:44:19.058961Z,50,461421.jpg,0.0,False,Dobbin,0.0,False,,u,2,7,0,889,0,5335,4,0.0,0.0,Dobbin,241.0,2024-06-23,2003-01-03,False,p461421,0,0,0,0,0,0,0,0,0,0,0,0,0,0.0,0.0,0.0,0.0,0,0,0,0,0,0.00,0.00,0.00,0.00,,,,,,,[],730,316,727,316,720,314,730,316,0.0,0.0,0.0,0.0,0.0,0.0,259,160,710,305,729,316,640,261,0.0,0.0,0.0
61,True,True,100.0,100.0,226944,0,0,-1,1,0,3,4.7,4.7,0,Boubacar,4.7,58,False,,2025-08-23T22:30:05.846310Z,49,226944.jpg,3.6,False,Kamara,0.6,False,,a,2,7,51,89160,2931,40733,892,1.0,10.4,Kamara,73.0,2022-06-11,1999-11-23,False,p226944,1070,1,3,4,12,0,0,0,4,0,0,7,241,268.2,177.0,49.0,49.5,34,49,28,111,13,0.28,0.61,0.88,15.02,,,,,,,"[{'property': 'suspension_risk', 'notes': 'This player currently has four yellow cards in the Premier League and will face a one-match suspension should they receive another before Gameweek 20.', 'gameweek': None, 'url': None}]",103,34,86,62,255,137,121,66,0.02,0.0,0.05,0.07,1.26,1.01,309,189,31,14,105,46,233,82,1.09,0.34,9.34
62,True,True,100.0,100.0,449871,0,0,-2,2,0,3,2.7,2.7,0,Amadou,2.7,59,False,,2025-11-20T12:00:09.766248Z,48,449871.jpg,3.6,False,Onana,0.8,False,,a,2,7,40,116237,1249,220709,619,0.6,8.3,Onana,21.0,2024-07-22,2001-08-16,False,p449871,727,2,0,3,10,0,0,0,2,0,0,3,177,210.8,45.7,63.0,31.9,44,31,24,99,9,0.43,0.17,0.60,12.23,,,,,,,[],147,56,280,161,225,125,228,116,0.05,0.0,0.02,0.07,1.51,1.24,354,221,133,60,103,44,209,75,1.11,0.37,12.26
63,True,True,,,577731,0,0,0,0,0,3,0.0,0.0,0,Ben,0.0,60,False,,,45,577731.jpg,0.0,False,Broggio,0.3,False,,a,2,7,0,34397,203,41966,194,0.0,0.0,Broggio,241.0,2024-09-23,2007-01-29,False,p577731,0,0,0,0,0,0,0,0,0,0,0,0,0,0.0,0.0,0.0,0.0,0,0,0,0,0,0.00,0.00,0.00,0.00,,,,,,,[],683,280,677,280,662,277,684,281,0.0,0.0,0.0,0.0,0.0,0.0,467,283,650,263,687,284,311,107,0.0,0.0,0.0
64,True,False,0.0,0.0,151589,0,0,0,0,0,3,0.0,0.0,0,Leander,0.0,61,False,Has joined Real Oviedo permanently.,2025-08-20T13:31:56.822248Z,45,151589.jpg,0.0,False,Dendoncker,0.1,False,,u,2,7,0,2169,0,32796,32,0.0,0.0,Dendoncker,21.0,2022-09-01,1995-04-15,False,p151589,0,0,0,0,0,0,0,0,0,0,0,0,0,0.0,0.0,0.0,0.0,0,0,0,0,0,0.00,0.00,0.00,0.00,,,,,,,[],635,243,627,243,608,239,636,244,0.0,0.0,0.0,0.0,0.0,0.0,401,243,601,225,640,248,499,173,0.0,0.0,0.0
65,True,True,,,559962,0,0,0,0,0,3,0.0,0.0,0,Jamaldeen,0.0,62,False,,,45,559962.jpg,0.0,False,Jimoh-Aloba,0.1,False,,a,2,7,0,6565,56,7739,40,0.0,0.0,Jimoh-Aloba,241.0,2024-09-23,2006-10-02,False,p559962,0,0,0,0,0,0,0,0,0,0,0,0,0,0.0,0.0,0.0,0.0,0,0,0,0,0,0.00,0.00,0.00,0.00,,,,,,,[],671,273,665,273,650,270,672,274,0.0,0.0,0.0,0.0,0.0,0.0,454,275,638,256,675,277,532,188,0.0,0.0,0.0
66,True,True,,,537403,0,0,-2,2,0,3,0.0,0.0,0,Kadan,0.0,63,False,,,43,537403.jpg,0.0,False,Young,0.6,False,,a,2,7,0,73345,1287,90305,428,0.0,0.0,Young,,,,False,p537403,0,0,0,0,0,0,0,0,0,0,0,0,0,0.0,0.0,0.0,0.0,0,0,0,0,0,0.00,0.00,0.00,0.00,,,,,,,[],592,216,584,216,560,211,593,217,0.0,0.0,0.0,0.0,0.0,0.0,586,331,553,198,599,224,235,83,0.0,0.0,0.0
67,True,True,100.0,100.0,178301,0,0,-5,5,1,4,3.8,3.8,0,Ollie,3.8,64,False,,2025-10-13T11:00:08.391124Z,85,178301.jpg,3.1,False,Watkins,7.6,False,,a,2,7,50,878778,1891,2965440,9868,0.4,5.9,Watkins,241.0,2020-09-09,1995-12-30,False,p178301,1193,3,1,5,15,0,0,0,0,0,0,5,174,163.8,142.6,383.0,68.8,10,23,8,41,14,4.65,0.65,5.30,18.40,,,,,3.0,,[],197,14,119,4,8,5,59,10,0.35,0.0,0.05,0.4,1.39,1.13,11,5,79,7,171,15,55,10,1.06,0.38,3.09
68,True,False,0.0,0.0,576756,0,0,0,0,0,4,0.0,0.0,0,Zépiqueno,0.0,65,False,has joined Huddersfield Town on loan for the rest of the season.,2025-09-02T13:26:36.441136Z,45,576756.jpg,0.0,False,Redmond,0.3,False,,u,2,7,0,17574,0,82332,117,0.0,0.0,Redmond,,,,False,p576756,0,0,0,0,0,0,0,0,0,0,0,0,0,0.0,0.0,0.0,0.0,0,0,0,0,0,0.00,0.00,0.00,0.00,,,,,,,[],680,72,674,71,659,71,681,72,0.0,0.0,0.0,0.0,0.0,0.0,463,63,647,64,684,72,303,49,0.0,0.0,0.0
69,True,True,75.0,75.0,444884,0,0,-3,3,0,3,0.0,0.0,0,Harvey,0.0,389,False,Illness - 75% chance of playing,2025-12-19T15:00:08.993439Z,52,444884.jpg,1.0,False,Elliott,0.2,False,,d,2,7,4,91250,15,97951,230,0.0,0.8,Elliott,241.0,2025-09-01,2003-04-04,False,p444884,97,0,0,0,2,0,0,0,0,0,0,0,13,8.6,17.8,18.0,4.4,2,3,0,5,1,0.19,0.06,0.25,1.74,,,,,,,"[{'property': 'loan_ineligible', 'notes': 'This player will not be available to face their parent club in Gameweek 37 as part of their loan conditions.', 'gameweek': 37, 'url': None}]",422,192,348,184,326,170,403,186,0.18,0.0,0.06,0.24,1.61,1.86,217,134,724,315,444,210,378,126,0.93,0.0,4.64
70,True,True,100.0,0.0,209243,0,0,-2,2,0,3,0.5,0.0,0,Jadon,0.5,456,False,,2025-12-13T19:30:11.153931Z,58,209243.jpg,1.0,False,Sancho,0.2,False,,a,2,7,7,33013,57,39170,201,0.1,1.2,Sancho,241.0,2025-09-01,2000-03-25,False,p209243,126,0,0,0,0,0,0,0,0,0,0,0,26,23.4,65.9,72.0,16.3,3,5,0,8,0,0.32,0.56,0.88,1.25,,,,,,,"[{'property': 'loan_ineligible', 'notes': 'This player will not be available to face their parent club in Gameweek 30 as part of their loan conditions.', 'gameweek': 30, 'url': None}]",392,176,235,144,200,115,315,153,0.23,0.0,0.4,0.63,0.89,0.0,107,70,349,161,448,214,386,129,0.0,0.0,5.71
71,True,True,0.0,0.0,485337,0,0,-3,3,0,3,0.0,0.0,0,Evann,1.3,677,False,On international duty at the Africa Cup of Nations from Gameweek 17 onwards. - Unknown return date,2025-12-20T09:30:09.741346Z,62,485337.jpg,2.0,False,Guessand,0.0,False,,n,2,7,22,6258,2,10815,157,0.2,3.5,Guessand,54.0,2025-08-08,2001-07-01,False,p485337,505,0,2,1,9,0,0,0,0,0,0,0,69,75.4,42.3,107.0,22.2,6,26,16,48,6,0.97,0.37,1.34,8.37,,,,,,,[],306,137,286,163,144,84,281,136,0.17,0.0,0.07,0.24,1.49,1.6,81,52,259,122,291,130,596,227,1.07,0.18,8.55
72,True,True,,,481283,0,0,-1,1,0,1,0.0,0.0,0,James,0.0,688,False,,,39,481283.jpg,0.0,False,Wright,0.6,False,,a,2,7,0,51215,353,30344,269,0.0,0.0,Wright,241.0,2023-03-31,2004-12-02,False,p481283,0,0,0,0,0,0,0,0,0,0,0,0,0,0.0,0.0,0.0,0.0,0,0,0,0,0,0.00,0.00,0.00,0.00,,,,,,,[],493,46,479,33,445,18,493,46,0.0,0.0,0.0,0.0,0.0,0.0,719,79,444,41,501,46,226,31,0.0,0.0,0.0
73,True,False,0.0,0.0,569577,0,0,0,0,0,2,0.0,0.0,0,Triston,0.0,701,False,has joined Annecy on loan for the rest of the season.,2025-09-22T21:15:59.825051Z,40,569577.jpg,0.0,False,Rowe,0.1,False,,u,2,7,0,8943,0,10003,38,0.0,0.0,Rowe,241.0,2024-09-23,2006-10-02,False,p569577,0,0,0,0,0,0,0,0,0,0,0,0,0,0.0,0.0,0.0,0.0,0,0,0,0,0,0.00,0.00,0.00,0.00,,,,,,,[],558,218,546,218,514,208,558,218,0.0,0.0,0.0,0.0,0.0,0.0,674,188,511,203,566,217,501,181,0.0,0.0,0.0
74,True,True,,,645618,0,0,-1,1,0,3,0.0,0.0,0,Bradley,0.0,702,False,,,44,645618.jpg,1.0,False,Burrowes,0.1,False,,a,2,7,1,8616,29,7381,25,0.0,0.2,Burrowes,241.0,2025-01-09,2008-03-04,False,p645618,16,0,0,0,1,0,0,0,0,0,0,0,3,0.0,0.3,0.0,0.0,0,1,0,1,0,0.00,0.00,0.00,0.90,,,,,,,[],632,242,429,205,604,238,633,243,0.0,0.0,0.0,0.0,5.06,5.62,540,320,598,224,420,192,511,179,0.0,0.0,5.62
75,True,True,,,564505,0,0,-1,1,0,1,0.0,0.0,0,Sam,0.0,703,False,,,39,564505.jpg,0.0,False,Proctor,0.5,False,,a,2,7,0,46340,2017,14345,301,0.0,0.0,Proctor,241.0,2023-12-16,2006-12-21,False,p564505,0,0,0,0,0,0,0,0,0,0,0,0,0,0.0,0.0,0.0,0.0,0,0,0,0,0,0.00,0.00,0.00,0.00,,,,,,,[],508,54,494,41,460,26,508,54,0.0,0.0,0.0,0.0,0.0,0.0,734,87,459,49,516,54,256,33,0.0,0.0,0.0
76,True,True,,,534836,0,0,-1,1,0,2,0.0,0.0,0,Travis,0.0,710,False,,,39,534836.jpg,0.0,False,Patterson,0.2,False,,a,2,7,0,31561,31,17364,111,0.0,0.0,Patterson,241.0,2025-08-30,2005-10-06,False,p534836,0,0,0,0,0,0,0,0,0,0,0,0,0,0.0,0.0,0.0,0.0,0,0,0,0,0,0.00,0.00,0.00,0.00,,,,,,,[],504,189,490,189,456,177,504,189,0.0,0.0,0.0,0.0,0.0,0.0,730,221,455,172,512,188,357,131,0.0,0.0,0.0
77,True,True,100.0,100.0,184667,0,0,0,0,0,2,0.8,0.8,0,Victor,0.8,719,False,,2025-09-18T04:00:08.433120Z,45,184667.jpg,1.6,False,Lindelöf,0.1,False,,a,2,7,8,6604,130,3997,47,0.2,1.8,Lindelöf,206.0,2025-09-01,1994-07-17,False,p184667,115,0,1,0,2,0,0,0,0,0,0,0,26,34.0,12.9,0.0,4.8,4,3,1,5,1,0.00,0.02,0.02,1.72,,,,,,,[],374,141,363,128,611,235,397,140,0.0,0.0,0.02,0.02,1.35,1.57,405,78,304,105,335,122,553,200,0.78,0.0,3.91
78,True,True,,,577285,0,0,0,0,0,3,0.0,0.0,0,George,0.0,754,False,,,45,577285.jpg,0.0,False,Hemmings,0.0,False,,a,2,7,0,329,22,128,10,0.0,0.0,George Hemmings,241.0,2025-08-05,2007-03-04,False,p577285,0,0,0,0,0,0,0,0,0,0,0,0,0,0.0,0.0,0.0,0.0,0,0,0,0,0,0.00,0.00,0.00,0.00,,,,,,,[],682,279,676,279,661,276,683,280,0.0,0.0,0.0,0.0,0.0,0.0,465,281,649,262,686,283,744,327,0.0,0.0,0.0
79,True,True,,,516875,0,0,0,0,0,1,0.0,0.0,0,Ronnie,0.0,757,False,,,40,516875.jpg,0.0,False,Hollingshead,0.0,False,,a,2,7,0,517,15,215,15,0.0,0.0,Hollingshead,244.0,2025-12-02,2004-09-09,False,p516875,0,0,0,0,0,0,0,0,0,0,0,0,0,0.0,0.0,0.0,0.0,0,0,0,0,0,0.00,0.00,0.00,0.00,,,,,,,[],548,74,536,63,503,48,548,74,0.0,0.0,0.0,0.0,0.0,0.0,663,59,500,69,556,74,727,83,0.0,0.0,0.0
80,True,True,,,518030,0,0,-2,2,0,1,0.0,0.0,0,Max,0.0,183,False,,,43,518030.jpg,0.0,False,Weiß,0.1,False,,a,3,90,0,4988,46,14045,46,0.0,0.0,Weiss,80.0,2025-06-25,2004-06-15,False,p518030,0,0,0,0,0,0,0,0,0,0,0,0,0,0.0,0.0,0.0,0.0,0,0,0,0,0,0.00,0.00,0.00,0.00,,,,,,,[],589,83,581,76,556,63,590,83,0.0,0.0,0.0,0.0,0.0,0.0,582,32,550,81,596,83,442,68,0.0,0.0,0.0
81,True,False,0.0,0.0,489571,0,0,0,0,0,1,0.0,0.0,0,Etienne,0.0,184,False,has joined FC Fredericia permanently.,2025-09-02T12:51:25.510909Z,40,489571.jpg,0.0,False,Green,0.2,False,,u,3,90,0,4943,0,31079,92,0.0,0.0,Green,241.0,2024-08-07,2000-07-19,False,p489571,0,0,0,0,0,0,0,0,0,0,0,0,0,0.0,0.0,0.0,0.0,0,0,0,0,0,0.00,0.00,0.00,0.00,,,,,,,[],541,72,529,61,496,46,541,72,0.0,0.0,0.0,0.0,0.0,0.0,654,57,493,67,549,72,375,55,0.0,0.0,0.0
82,True,True,,,51943,0,0,-1,1,0,1,0.0,0.0,0,Václav,0.0,185,False,,,39,51943.jpg,0.0,False,Hladký,0.2,False,,a,3,90,0,10493,99,14476,52,0.0,0.0,Hladký,57.0,2024-07-19,1990-11-14,False,p51943,0,0,0,0,0,0,0,0,0,0,0,0,0,0.0,0.0,0.0,0.0,0,0,0,0,0,0.00,0.00,0.00,0.00,,,,,,,[],475,32,459,18,424,3,474,32,0.0,0.0,0.0,0.0,0.0,0.0,691,64,423,26,482,32,384,58,0.0,0.0,0.0
83,True,True,0.0,0.0,192290,0,0,-1,1,0,2,0.0,0.0,0,Connor,0.0,186,False,Achilles injury - Unknown return date,2025-08-22T12:30:06.986449Z,44,192290.jpg,0.0,False,Roberts,0.0,False,,i,3,90,0,1086,3,8530,10,0.0,0.0,Roberts,244.0,2021-08-31,1995-09-23,False,p192290,0,0,0,0,0,0,0,0,0,0,0,0,0,0.0,0.0,0.0,0.0,0,0,0,0,0,0.00,0.00,0.00,0.00,,,,,,,[],605,236,597,236,574,231,606,236,0.0,0.0,0.0,0.0,0.0,0.0,496,105,568,227,611,235,626,218,0.0,0.0,0.0
84,True,True,100.0,100.0,58621,0,0,-1,1,1,2,1.2,1.2,2,Kyle,1.2,187,False,,2025-12-06T20:00:09.097987Z,44,58621.jpg,2.2,False,Walker,1.2,False,,a,3,90,36,116259,473,222208,471,0.3,8.2,Walker,241.0,2025-07-05,1990-05-28,False,p58621,1426,0,1,2,31,0,0,0,5,0,0,3,102,248.4,75.5,18.0,34.3,86,82,29,115,16,0.12,0.53,0.65,32.70,,,,,,,[],121,53,213,58,324,108,214,70,0.01,0.0,0.03,0.04,2.06,1.96,491,100,265,92,258,97,171,69,1.01,0.13,7.26
85,True,True,,,247245,0,0,-2,2,0,2,0.0,0.0,0,Hannes,0.0,188,False,,,38,247245.jpg,0.0,False,Delcroix,0.3,False,,a,3,90,0,22702,281,28716,186,0.0,0.0,Delcroix,92.0,2023-08-22,1999-02-28,False,p247245,0,0,0,0,0,0,0,0,0,0,0,0,0,0.0,0.0,0.0,0.0,0,0,0,0,0,0.00,0.00,0.00,0.00,,,,,,,[],461,167,445,166,408,151,459,165,0.0,0.0,0.0,0.0,0.0,0.0,749,236,409,148,467,164,316,114,0.0,0.0,0.0
86,True,False,0.0,0.0,461567,0,0,0,0,0,2,0.0,0.0,0,Owen,0.0,189,False,Has joined Stockport County on loan for the rest of the season.,2025-08-11T01:08:30.737822Z,40,461567.jpg,0.0,False,Dodgson,0.0,False,,u,3,90,0,0,0,2280,2,0.0,0.0,Dodgson,241.0,2021-08-20,2003-03-19,False,p461567,0,0,0,0,0,0,0,0,0,0,0,0,0,0.0,0.0,0.0,0.0,0,0,0,0,0,0.00,0.00,0.00,0.00,,,,,,,[],534,204,522,204,489,193,534,204,0.0,0.0,0.0,0.0,0.0,0.0,646,170,486,188,542,203,688,237,0.0,0.0,0.0
87,True,True,,,478969,0,0,-1,1,0,2,1.7,1.7,4,Hjalmar,1.7,190,False,,,39,478969.jpg,2.7,False,Ekdal,0.8,False,,a,3,90,30,214877,378,163628,363,0.4,7.7,Ekdal,206.0,2023-01-21,1998-10-21,False,p478969,893,0,0,1,19,0,0,0,0,0,0,1,72,201.6,29.5,69.0,30.1,85,23,14,99,10,0.18,0.21,0.39,17.54,,,,,,,[],157,66,317,105,205,49,235,76,0.02,0.0,0.02,0.04,1.77,1.91,718,215,215,73,204,75,202,77,1.01,0.1,9.98
88,True,True,,,477717,0,0,-1,1,0,2,2.3,2.3,0,Maxime,2.3,191,False,,,39,477717.jpg,2.6,False,Estève,11.3,False,,a,3,90,42,672419,3807,1411537,6841,0.6,10.8,Estève,73.0,2024-06-14,2002-05-26,False,p477717,1432,0,0,2,33,2,0,0,0,0,0,0,139,340.6,67.2,60.0,47.0,145,50,16,161,16,0.41,0.39,0.80,33.52,,,,,,,[],46,22,229,63,230,63,135,47,0.03,0.0,0.02,0.05,2.11,2.07,717,214,152,55,214,79,33,11,1.01,0.13,10.12
89,True,True,,,494960,0,0,0,0,0,2,1.7,1.7,0,Quilindschy,1.7,192,False,,,40,494960.jpg,3.1,False,Hartman,1.0,False,,a,3,90,46,161256,791,108652,1101,0.4,11.5,Hartman,152.0,2025-06-26,2001-11-14,False,p494960,1337,0,5,2,28,0,0,0,1,0,0,0,170,305.4,228.9,57.0,59.2,73,49,31,104,15,0.19,1.51,1.70,30.28,1.0,,,,,,[],76,33,58,12,237,68,84,20,0.01,0.0,0.1,0.11,2.04,1.88,657,175,217,75,155,59,180,74,1.01,0.13,7.0
90,True,True,0.0,0.0,461188,0,0,-1,1,0,2,0.0,0.0,0,Bashir,0.0,193,False,Muscle injury - Expected back 03 Jan,2025-12-05T17:00:09.488823Z,39,461188.jpg,0.0,False,Humphreys,0.1,False,,i,3,90,0,2940,2,6680,45,0.0,0.0,Humphreys,241.0,2025-07-01,2003-03-15,False,p461188,2,0,0,0,2,0,0,0,0,0,0,0,-5,0.2,0.0,0.0,0.0,0,0,0,0,0,0.00,0.00,0.00,0.62,,,,,,,[],452,162,475,182,441,170,489,182,0.0,0.0,0.0,0.0,27.9,90.0,712,211,440,165,497,181,543,196,0.0,0.0,0.0
91,True,True,0.0,0.0,241231,-1,1,-1,1,0,2,0.0,0.0,0,Jordan,0.0,194,False,Hamstring injury - Unknown return date,2025-08-22T12:30:07.019474Z,39,241231.jpg,0.0,False,Beyer,0.1,False,,i,3,90,0,1183,2,14380,15,0.0,0.0,Jordan,80.0,2023-07-01,2000-05-19,False,p241231,0,0,0,0,0,0,0,0,0,0,0,0,0,0.0,0.0,0.0,0.0,0,0,0,0,0,0.00,0.00,0.00,0.00,,,,,,,[],487,181,472,180,438,168,486,180,0.0,0.0,0.0,0.0,0.0,0.0,707,207,437,163,494,179,530,193,0.0,0.0,0.0
92,True,True,100.0,100.0,549329,0,0,-2,2,0,2,-0.2,-0.2,2,Lucas,-0.2,195,False,,2025-12-06T20:30:09.199109Z,38,549329.jpg,0.0,False,Pires Silva,0.2,False,,a,3,90,0,23074,263,21470,100,-0.1,0.0,Lucas Pires,30.0,2024-07-16,2001-03-24,False,p549329,141,0,0,0,4,0,0,0,0,1,0,0,-1,19.0,26.3,5.0,4.9,5,8,4,9,2,0.04,0.14,0.18,3.18,,,,,,,[],402,152,327,111,379,137,395,138,0.03,0.0,0.09,0.12,2.03,2.55,762,249,766,253,476,173,358,132,1.28,0.0,5.74
93,True,False,0.0,0.0,450072,0,0,0,0,0,2,0.0,0.0,0,Shurandy,0.0,196,False,Has joined Sparta Rotterdam on loan for the rest of the season.,2025-08-19T13:36:42.853472Z,40,450072.jpg,0.0,False,Sambo,0.0,False,,u,3,90,0,202,0,9327,8,0.0,0.0,Sambo,152.0,2024-06-28,2001-08-19,False,p450072,0,0,0,0,0,0,0,0,0,0,0,0,0,0.0,0.0,0.0,0.0,0,0,0,0,0,0.00,0.00,0.00,0.00,,,,,,,[],532,202,520,202,487,191,532,202,0.0,0.0,0.0,0.0,0.0,0.0,644,168,484,186,540,201,591,212,0.0,0.0,0.0
94,True,True,,,519895,0,0,-2,2,0,2,1.3,1.3,1,Oliver,1.3,197,False,,,38,519895.jpg,2.2,False,Sonne,0.3,False,,a,3,90,11,24339,1010,12826,192,0.3,2.9,Sonne,169.0,2025-01-01,2000-11-10,False,p519895,128,1,0,0,4,0,0,0,0,0,0,0,18,42.2,17.5,23.0,8.2,3,3,1,4,1,0.42,0.08,0.50,3.72,,,,,,,[],355,130,351,122,311,101,374,128,0.3,0.0,0.06,0.36,2.62,2.81,757,244,246,84,253,94,318,116,0.7,0.0,2.81
95,True,True,0.0,0.0,180804,0,0,-1,1,0,2,0.0,0.0,0,Axel,0.3,198,False,On international duty at the Africa Cup of Nations from Gameweek 17 onwards. - Unknown return date,2025-12-04T09:51:41.164996Z,39,180804.jpg,2.2,False,Tuanzebe,1.2,False,,n,3,90,18,130855,8,250966,1531,0.1,4.6,Tuanzebe,50.0,2025-07-01,1997-11-14,False,p180804,706,0,0,1,17,0,0,0,1,0,0,0,59,149.8,8.6,0.0,16.0,65,24,9,74,8,0.00,0.11,0.11,18.97,,,,,,,[],217,87,384,136,434,166,316,106,0.0,0.0,0.01,0.01,2.42,2.17,702,204,353,128,254,95,165,67,1.02,0.13,9.43
96,True,True,,,208912,-1,1,-2,2,0,2,0.5,0.5,2,Joe,0.5,199,False,,,38,208912.jpg,1.2,False,Worrall,0.2,False,,a,3,90,7,15971,38,16924,70,0.1,1.8,Worrall,241.0,2024-08-23,1997-01-10,False,p208912,154,0,0,0,3,0,0,0,0,0,0,0,19,42.4,0.8,2.0,4.6,21,4,2,23,1,0.00,0.02,0.02,4.25,,,,,,,[],354,129,418,156,389,142,400,142,0.0,0.0,0.01,0.01,2.48,1.75,745,232,334,117,390,140,389,143,0.58,0.0,13.44
97,True,True,100.0,100.0,444180,0,0,-3,3,2,3,1.8,1.8,2,Jaidon,1.8,200,False,,2025-10-07T11:30:07.662899Z,52,444180.jpg,3.5,False,Anthony,2.4,False,,a,3,90,60,1177569,727,974242,3576,0.3,11.5,Anthony,241.0,2025-07-01,1999-12-01,False,p444180,1122,4,2,3,23,0,0,0,3,0,0,5,201,261.6,203.6,247.0,71.1,22,56,19,97,14,2.49,1.24,3.73,24.95,2.0,,,,,,[],110,38,72,54,44,28,48,36,0.2,0.0,0.1,0.3,2.0,1.84,216,133,207,94,114,50,122,41,1.12,0.24,7.78
98,True,False,0.0,0.0,183751,0,0,-1,1,0,3,0.0,0.0,0,Manuel,0.0,201,False,has joined Swansea City on loan for the rest of the season.,2025-09-22T21:45:34.872207Z,54,183751.jpg,0.0,False,Benson Hedilazio,0.0,False,,u,3,90,0,1070,0,3068,4,0.0,0.0,Benson,6.0,2022-08-04,1997-03-28,False,p183751,0,0,0,0,0,0,0,0,0,0,0,0,0,0.0,0.0,0.0,0.0,0,0,0,0,0,0.00,0.00,0.00,0.00,,,,,,,[],744,325,743,325,739,324,744,325,0.0,0.0,0.0,0.0,0.0,0.0,159,99,731,319,743,325,679,287,0.0,0.0,0.0
99,True,True,100.0,100.0,179458,0,0,-2,2,0,3,1.7,1.7,3,Jacob,1.7,202,False,,2025-09-14T22:00:08.065375Z,53,179458.jpg,1.7,False,Bruun Larsen,0.0,False,,a,3,90,26,3914,47,6260,21,0.3,4.9,Bruun Larsen,58.0,2025-07-11,1998-09-19,False,p179458,711,0,1,2,20,0,0,0,0,0,0,0,90,97.6,159.7,113.0,37.1,12,23,10,45,7,0.59,1.00,1.59,17.81,3.0,,1.0,,3.0,,[],275,121,100,73,138,79,193,98,0.07,0.0,0.13,0.2,2.25,2.53,186,114,223,103,327,149,614,242,0.89,0.25,5.7
100,True,True,,,578614,0,0,-3,3,0,3,0.0,0.0,0,Enock,0.0,203,False,,,47,578614.jpg,0.0,False,Agyei,0.0,False,,a,3,90,0,2303,53,5480,29,0.0,0.0,Boateng,21.0,2023-01-30,2005-01-13,False,p578614,0,0,0,0,0,0,0,0,0,0,0,0,0,0.0,0.0,0.0,0.0,0,0,0,0,0,0.00,0.00,0.00,0.00,,,,,,,[],702,297,696,296,682,293,702,297,0.0,0.0,0.0,0.0,0.0,0.0,381,237,672,280,702,297,589,223,0.0,0.0,0.0
101,True,False,0.0,0.0,250735,0,0,-1,1,0,3,0.0,0.0,0,Darko,0.0,204,False,has joined Kocaelispor  permanently.,2025-09-02T12:51:25.524903Z,49,250735.jpg,0.0,False,Churlinov,0.0,False,,u,3,90,0,160,0,2029,1,0.0,0.0,Churlinov,,2022-08-19,2000-07-11,False,p250735,0,0,0,0,0,0,0,0,0,0,0,0,0,0.0,0.0,0.0,0.0,0,0,0,0,0,0.00,0.00,0.00,0.00,,,,,,,[],716,305,712,305,705,303,716,305,0.0,0.0,0.0,0.0,0.0,0.0,314,193,693,293,715,305,690,292,0.0,0.0,0.0
102,True,True,,,172567,0,0,0,0,1,3,2.7,2.7,2,Josh,2.7,205,False,,,50,172567.jpg,4.1,False,Cullen,1.9,False,,a,3,90,69,555528,3137,387737,2006,0.5,13.8,Cullen,104.0,2022-07-12,1996-04-07,False,p172567,1461,2,2,3,29,1,0,0,2,0,0,8,314,337.6,214.6,91.0,64.5,67,69,29,165,17,0.90,1.35,2.25,32.52,,,,,,,[],48,14,69,51,171,101,70,45,0.06,0.0,0.08,0.14,2.0,1.79,242,150,134,61,74,31,133,44,1.05,0.18,10.16
103,True,True,,,174592,0,0,-3,3,0,3,1.2,1.2,4,Marcus,1.2,206,False,,,47,174592.jpg,1.4,False,Edwards,0.1,False,,a,3,90,10,6043,129,12060,43,0.3,2.1,Edwards,241.0,2025-07-01,1998-12-03,False,p174592,96,0,1,0,1,0,0,0,0,0,0,0,40,34.8,57.3,42.0,13.2,0,4,1,5,0,0.30,0.72,1.02,1.65,,,3.0,,,,[],371,165,252,152,268,143,332,159,0.28,0.0,0.68,0.96,1.55,0.94,373,231,268,124,368,165,550,200,0.0,0.0,4.69
104,True,True,0.0,0.0,465527,0,0,-2,2,0,3,0.0,0.0,0,Hannibal,0.2,207,False,On international duty at the Africa Cup of Nations from Gameweek 17 onwards. - Unknown return date,2025-12-06T01:00:07.884430Z,48,465527.jpg,1.7,False,Mejbri,0.1,False,,n,3,90,22,11849,6,21541,90,0.0,4.6,Hannibal,218.0,2024-08-28,2003-01-21,False,p465527,395,0,2,1,10,0,0,0,3,0,0,0,89,56.0,105.2,30.0,19.1,4,21,10,35,4,0.26,0.74,1.00,11.14,,,4.0,,,,[],332,151,167,115,293,155,299,144,0.06,0.0,0.17,0.23,2.54,2.28,357,222,389,182,321,146,467,157,0.91,0.23,7.97
105,True,False,0.0,0.0,487702,0,0,0,0,0,3,0.0,0.0,0,Luca,0.0,208,False,Has joined Espanyol on loan for the rest of the season.,2025-08-22T14:15:37.649817Z,50,487702.jpg,0.0,False,Koleosho,0.0,False,,u,3,90,0,68,0,2980,5,0.0,0.0,Koleosho,106.0,2023-07-25,2004-09-15,False,p487702,0,0,0,0,0,0,0,0,0,0,0,0,0,0.0,0.0,0.0,0.0,0,0,0,0,0,0.00,0.00,0.00,0.00,,,,,,,[],733,318,731,318,723,316,733,318,0.0,0.0,0.0,0.0,0.0,0.0,266,162,713,307,732,318,699,299,0.0,0.0,0.0
106,True,True,,,167887,0,0,-2,2,0,3,1.0,1.0,4,Josh,1.0,209,False,,,48,167887.jpg,1.5,False,Laurent,0.0,False,,a,3,90,21,1570,19,3068,7,0.2,4.4,Laurent,241.0,2024-08-30,1995-05-06,False,p167887,693,0,0,0,19,0,0,0,2,0,0,0,91,91.4,42.4,36.0,17.0,40,20,10,70,7,0.16,0.18,0.34,17.56,,,,,,,[],279,122,285,162,282,150,312,150,0.02,0.0,0.02,0.04,2.28,2.47,341,213,281,129,357,162,628,253,0.91,0.0,9.09
107,True,True,,,469272,0,0,-1,1,0,3,1.2,1.2,1,Loum,1.2,210,False,,,49,469272.jpg,2.1,False,Tchaouna,0.0,False,,a,3,90,29,4037,20,4734,14,0.2,5.9,Tchaouna,73.0,2025-07-02,2003-09-08,False,p469272,653,1,1,2,9,0,0,0,1,0,0,0,98,79.0,58.6,72.0,21.0,11,17,13,41,8,0.45,0.29,0.74,12.33,,,2.0,,,,[],298,133,247,150,199,114,288,139,0.06,0.0,0.04,0.1,1.7,1.24,326,201,270,125,277,124,612,240,1.1,0.28,5.65
108,True,False,0.0,0.0,447715,0,0,-1,1,0,3,0.0,0.0,0,Aaron,0.0,211,False,has joined Leicester City on loan for the rest of the season.,2025-09-02T12:51:25.540742Z,44,447715.jpg,0.0,False,Ramsey,1.6,False,,u,3,90,0,62789,0,909913,787,0.0,0.0,A.Ramsey,241.0,2023-08-22,2003-01-21,False,p447715,0,0,0,0,0,0,0,0,0,0,0,0,0,0.0,0.0,0.0,0.0,0,0,0,0,0,0.00,0.00,0.00,0.00,,,,,,,[],610,226,603,227,580,221,611,227,0.0,0.0,0.0,0.0,0.0,0.0,512,301,575,208,617,233,148,47,0.0,0.0,0.0
109,True,False,0.0,0.0,576323,0,0,0,0,0,3,0.0,0.0,0,Oluwaseun,0.0,212,False,Has joined Cercle Brugge on loan for the rest of the season.,2025-08-15T12:03:26.649417Z,45,576323.jpg,0.0,False,Adewumi,0.0,False,,u,3,90,0,0,0,2695,2,0.0,0.0,Adewumi,14.0,2024-08-29,2005-02-23,False,p576323,0,0,0,0,0,0,0,0,0,0,0,0,0,0.0,0.0,0.0,0.0,0,0,0,0,0,0.00,0.00,0.00,0.00,,,,,,,[],678,277,672,277,657,274,679,278,0.0,0.0,0.0,0.0,0.0,0.0,461,279,645,260,682,281,720,312,0.0,0.0,0.0
110,True,True,,,551206,0,0,0,0,0,3,0.0,0.0,0,Jaydon,0.0,213,False,,,45,551206.jpg,0.0,False,Banel,0.0,False,,a,3,90,0,6029,51,6614,40,0.0,0.0,Banel,152.0,2025-02-03,2004-10-19,False,p551206,0,0,0,0,0,0,0,0,0,0,0,0,0,0.0,0.0,0.0,0.0,0,0,0,0,0,0.00,0.00,0.00,0.00,,,,,,,[],667,270,661,270,646,267,668,271,0.0,0.0,0.0,0.0,0.0,0.0,449,272,634,253,672,275,585,220,0.0,0.0,0.0
111,True,True,,,437748,0,0,-1,1,0,3,0.3,0.3,1,Mike,0.3,214,False,,,44,437748.jpg,1.0,False,Trésor Ndayishimiye,0.1,False,,a,3,90,2,8967,107,11334,47,0.1,0.5,Trésor,21.0,2024-07-01,1999-05-28,False,p437748,15,0,0,0,0,0,0,0,0,0,0,0,5,0.2,0.0,2.0,0.2,0,0,0,0,0,0.00,0.00,0.00,0.41,,,,,,,[],455,208,601,226,394,197,450,206,0.0,0.0,0.0,0.0,2.46,0.0,509,300,358,164,417,189,522,183,0.0,0.0,0.0
112,True,True,,,431639,0,0,-2,2,1,4,2.7,2.7,1,Zian,2.7,215,False,,,53,431639.jpg,2.9,False,Flemming,0.7,False,,a,3,90,41,129624,1704,69723,2648,0.5,7.7,Flemming,152.0,2025-06-01,1998-08-01,False,p431639,658,5,0,2,10,0,0,0,3,0,0,3,155,209.0,58.6,207.0,46.8,15,10,6,31,8,3.15,0.17,3.32,14.03,,,,,1.0,,[],152,10,248,26,66,23,138,17,0.43,0.0,0.02,0.45,1.92,1.37,195,43,137,13,185,17,219,32,1.09,0.27,4.24
113,True,True,0.0,0.0,492831,0,0,-2,2,0,4,0.0,0.0,0,Zeki,0.0,216,False,Knee injury - Unknown return date,2025-08-10T22:00:04.567659Z,48,492831.jpg,0.0,False,Amdouni,0.0,False,,i,3,90,0,1380,10,5538,9,0.0,0.0,Amdouni,207.0,2023-07-19,2000-12-04,False,p492831,0,0,0,0,0,0,0,0,0,0,0,0,0,0.0,0.0,0.0,0.0,0,0,0,0,0,0.00,0.00,0.00,0.00,,,,,,,[],708,75,703,74,692,74,708,75,0.0,0.0,0.0,0.0,0.0,0.0,360,58,681,67,707,75,649,81,0.0,0.0,0.0
114,True,True,0.0,0.0,435973,0,0,0,0,0,4,0.0,0.0,0,Lyle,1.3,217,False,On international duty at the Africa Cup of Nations from Gameweek 17 onwards. - Unknown return date,2025-12-13T14:30:11.187944Z,50,435973.jpg,2.8,False,Foster,1.0,False,,n,3,90,36,428797,33,394478,2851,0.3,7.2,Foster,198.0,2023-01-25,2000-09-03,False,p435973,866,2,1,3,19,0,0,0,2,0,0,4,132,128.4,107.0,127.0,35.8,17,24,8,49,11,1.60,0.25,1.85,17.93,,,,,,,[],231,19,163,13,116,31,202,23,0.17,0.0,0.03,0.2,1.86,1.97,258,51,255,31,195,20,181,26,1.14,0.31,5.09
115,True,True,,,44699,0,0,-2,2,0,4,0.0,0.0,0,Ashley,0.0,218,False,,,43,44699.jpg,1.0,False,Barnes,1.2,False,,a,3,90,1,118930,780,259029,1049,0.0,0.2,Barnes,241.0,2025-01-02,1989-10-30,False,p44699,7,0,0,0,0,0,0,0,0,0,0,0,3,0.2,0.3,0.0,0.1,0,1,0,1,0,0.00,0.00,0.00,0.34,,,,,2.0,,[],453,55,428,53,538,56,454,56,0.0,0.0,0.0,0.0,4.37,0.0,541,76,532,48,409,46,170,25,0.0,0.0,12.86
116,True,False,0.0,0.0,220598,0,0,-1,1,0,4,0.0,0.0,0,Michael,0.0,219,False,has joined VfL Bochum  on loan for the rest of the season.,2025-09-02T12:51:25.555230Z,44,220598.jpg,0.0,False,Obafemi,0.1,False,,u,3,90,0,4151,0,39334,48,0.0,0.0,Obafemi,104.0,2023-07-01,2000-07-06,False,p220598,0,0,0,0,0,0,0,0,0,0,0,0,0,0.0,0.0,0.0,0.0,0,0,0,0,0,0.00,0.00,0.00,0.00,,,,,,,[],606,62,598,61,575,61,607,62,0.0,0.0,0.0,0.0,0.0,0.0,500,68,570,54,612,62,436,63,0.0,0.0,0.0
117,True,True,100.0,100.0,67089,0,0,0,0,1,1,1.8,1.8,2,Martin,1.8,470,False,,2025-08-11T10:30:07.723845Z,40,67089.jpg,2.7,False,Dúbravka,33.5,False,,a,3,90,46,1270470,5687,912236,5158,0.4,11.5,Dúbravka,194.0,2025-08-07,1989-01-15,False,p67089,1530,0,0,2,34,0,0,0,0,0,59,2,199,446.2,0.0,0.0,44.8,30,135,0,0,17,0.00,0.03,0.03,35.34,,,,,,,[],9,2,502,44,468,29,147,3,0.0,3.47,0.0,0.0,2.08,2.0,623,40,196,15,205,18,7,2,1.0,0.12,0.0
118,True,True,100.0,100.0,503714,0,0,0,0,0,3,2.8,2.8,2,Lesley,2.8,676,False,,2025-09-14T22:00:08.706775Z,50,503714.jpg,3.1,False,Ugochukwu,0.1,False,,a,3,90,49,26951,272,20951,129,0.6,9.8,Ugochukwu,73.0,2025-08-06,2004-03-26,False,p503714,961,3,1,2,21,0,0,0,0,1,0,5,179,207.4,83.6,150.0,43.9,23,35,22,80,11,2.01,0.15,2.16,22.66,,,,,,,[],154,61,199,131,95,58,153,80,0.19,0.0,0.01,0.2,2.12,1.97,272,167,126,57,162,70,439,145,1.03,0.19,7.49
119,True,True,100.0,100.0,440323,0,0,-3,3,0,4,2.3,2.3,7,Armando,2.3,680,False,,2025-11-17T14:00:08.532872Z,52,440323.jpg,1.7,False,Broja,0.2,False,,a,3,90,19,17831,696,29475,174,0.4,3.7,Broja,2.0,2025-08-08,2001-09-10,False,p440323,311,1,0,0,15,0,0,0,0,0,0,2,50,59.2,20.5,142.0,22.4,4,8,3,15,2,1.44,0.05,1.49,10.08,,,,,,,[],328,33,340,40,101,28,278,33,0.42,0.0,0.01,0.43,2.92,4.34,215,46,162,18,325,33,400,59,0.58,0.0,4.34
120,True,True,,,216055,0,0,0,0,0,3,2.2,2.2,0,Florentino Ibrain,2.2,722,False,,,50,216055.jpg,3.2,False,Morris Luís,0.0,False,,a,3,90,41,10680,30,8282,58,0.4,8.2,Florentino,173.0,2025-09-01,1999-08-19,False,p216055,1009,0,1,2,23,0,0,0,1,0,0,0,189,209.0,114.8,31.0,35.7,47,49,46,142,12,0.48,0.20,0.68,22.93,,,,,,,[],151,60,152,107,291,153,203,103,0.04,0.0,0.02,0.06,2.05,2.05,250,155,184,81,149,66,602,231,1.07,0.18,12.67
121,True,False,0.0,0.0,69752,0,0,0,0,0,1,0.0,0.0,0,Norberto,0.0,66,False,Has joined Botafogo permanently.,2025-08-11T01:25:12.553868Z,45,69752.jpg,0.0,False,Murara Neto,0.1,False,,u,4,91,0,0,0,15915,24,0.0,0.0,Neto,30.0,2022-08-07,1989-07-19,False,p69752,0,0,0,0,0,0,0,0,0,0,0,0,0,0.0,0.0,0.0,0.0,0,0,0,0,0,0.00,0.00,0.00,0.00,,,,,,,[],634,85,626,78,606,66,635,85,0.0,0.0,0.0,0.0,0.0,0.0,396,21,600,83,639,85,533,78,0.0,0.0,0.0
122,True,True,,,457569,0,0,0,0,0,1,2.5,2.5,2,Đorđe,2.5,67,False,,,45,457569.jpg,3.2,False,Petrović,5.6,False,,a,4,91,55,768804,1510,476135,4169,0.6,12.2,Petrović,190.0,2025-07-16,1999-10-08,False,p457569,1530,0,0,5,29,0,0,0,1,0,49,1,216,378.4,0.0,0.0,38.0,29,129,0,0,17,0.00,0.00,0.00,23.01,,,,,,,[],27,8,641,80,626,70,186,8,0.0,2.88,0.0,0.0,1.35,1.71,424,25,142,12,143,16,73,12,1.0,0.29,0.0
123,True,True,,,444172,0,0,0,0,0,1,0.0,0.0,0,Will,0.0,68,False,,,40,444172.jpg,0.0,False,Dennis,0.9,False,,a,4,91,0,45555,125,63126,278,0.0,0.0,Dennis,241.0,2019-08-01,2000-07-10,False,p444172,0,0,0,0,0,0,0,0,0,0,0,0,0,0.0,0.0,0.0,0.0,0,0,0,0,0,0.00,0.00,0.00,0.00,,,,,,,[],531,66,519,55,486,40,531,66,0.0,0.0,0.0,0.0,0.0,0.0,643,51,483,61,539,66,187,25,0.0,0.0,0.0
124,True,True,,,568791,0,0,0,0,0,1,0.0,0.0,0,Callan,0.0,69,False,,,40,568791.jpg,0.0,False,McKenna,0.2,False,,a,4,91,0,7386,24,12099,64,0.0,0.0,McKenna,243.0,2024-02-01,2006-12-22,False,p568791,0,0,0,0,0,0,0,0,0,0,0,0,0,0.0,0.0,0.0,0.0,0,0,0,0,0,0.00,0.00,0.00,0.00,,,,,,,[],557,76,545,65,513,50,557,76,0.0,0.0,0.0,0.0,0.0,0.0,673,61,510,71,565,76,373,54,0.0,0.0,0.0
125,True,False,0.0,0.0,495145,0,0,0,0,0,1,0.0,0.0,0,Alex,0.0,70,False,Has joined Lechia Gdansk on loan for the rest of the season.,2025-08-27T12:50:21.648936Z,40,495145.jpg,0.0,False,Paulsen,0.1,False,,u,4,91,0,1107,0,9638,27,0.0,0.0,Paulsen,154.0,2024-07-01,2002-07-04,False,p495145,0,0,0,0,0,0,0,0,0,0,0,0,0,0.0,0.0,0.0,0.0,0,0,0,0,0,0.00,0.00,0.00,0.00,,,,,,,[],544,73,532,62,499,47,544,73,0.0,0.0,0.0,0.0,0.0,0.0,658,58,496,68,552,73,531,77,0.0,0.0,0.0
126,True,False,0.0,0.0,477580,0,0,0,0,0,2,0.0,0.0,0,Illia,0.0,71,False,Has joined Paris Saint-Germain permanently.,2025-08-12T13:14:36.028170Z,50,477580.jpg,0.0,False,Zabarnyi,0.0,False,,u,4,91,0,0,0,8104,4,0.0,0.0,Zabarnyi,225.0,2023-01-31,2002-09-01,False,p477580,0,0,0,0,0,0,0,0,0,0,0,0,0,0.0,0.0,0.0,0.0,0,0,0,0,0,0.00,0.00,0.00,0.00,,,,,,,[],732,250,730,250,722,249,732,250,0.0,0.0,0.0,0.0,0.0,0.0,263,42,712,247,731,249,643,222,0.0,0.0,0.0
127,True,True,100.0,100.0,221466,0,0,4,-4,1,2,3.2,3.2,5,Marcos,3.2,72,False,,2025-12-06T22:00:07.547408Z,49,221466.jpg,4.8,False,Senesi Barón,17.0,False,,a,4,91,77,3966728,12990,2156693,7833,0.7,15.7,Senesi,10.0,2022-08-08,1997-05-10,False,p221466,1398,0,3,5,28,0,0,0,6,0,0,7,265,563.4,246.5,69.0,87.9,178,72,33,211,16,0.58,2.81,3.39,21.06,,,,,,,[],3,1,50,9,209,53,26,1,0.04,0.0,0.18,0.22,1.36,1.8,307,52,104,41,28,13,20,7,1.03,0.32,13.58
128,True,True,100.0,100.0,54469,0,0,-1,1,0,2,1.7,1.7,0,Adam,1.7,73,False,,2025-08-31T01:00:07.918421Z,44,54469.jpg,2.4,False,Smith,0.2,False,,a,4,91,19,20864,101,34698,189,0.4,4.3,Smith,241.0,2014-01-28,1991-04-29,False,p54469,476,0,1,2,10,0,0,0,1,0,0,0,51,53.6,28.3,14.0,9.5,20,9,4,24,7,0.00,0.11,0.11,7.98,,,,,,,[],337,123,321,108,338,113,362,125,0.0,0.0,0.02,0.02,1.51,1.89,490,99,219,76,235,87,371,137,1.32,0.38,4.54
129,True,True,,,494521,0,0,0,0,0,2,2.5,2.5,4,Adrien,2.5,74,False,,,45,494521.jpg,3.5,False,Truffert,2.4,False,,a,4,91,60,453007,1817,252364,2148,0.6,13.3,Truffert,73.0,2025-06-16,2001-11-20,False,p494521,1502,0,1,5,27,0,0,0,3,0,0,6,240,355.4,276.4,75.0,70.6,92,86,42,134,17,0.23,1.04,1.27,22.16,,,,,,,[],35,16,39,4,194,44,49,5,0.01,0.0,0.06,0.07,1.33,1.62,435,90,143,54,112,42,121,46,1.02,0.3,8.03
130,True,True,25.0,25.0,541462,0,0,-2,2,0,2,0.0,0.0,0,Matai,0.0,75,False,Muscle injury - 25% chance of playing,2025-11-07T15:00:08.469996Z,38,541462.jpg,0.0,False,Akinmboni,0.2,False,,d,4,91,0,12257,71,28133,127,0.0,0.0,Akinmboni,229.0,2025-01-03,2006-10-17,False,p541462,0,0,0,0,0,0,0,0,0,0,0,0,0,0.0,0.0,0.0,0.0,0,0,0,0,0,0.00,0.00,0.00,0.00,,,,,,,[],467,173,451,172,415,158,466,172,0.0,0.0,0.0,0.0,0.0,0.0,758,245,415,154,473,170,362,135,0.0,0.0,0.0
131,True,True,,,518906,0,0,-1,1,0,2,0.0,0.0,0,Owen,0.0,76,False,,,39,518906.jpg,0.0,False,Bevan,0.2,False,,a,4,91,0,7866,35,14507,70,0.0,0.0,Bevan,244.0,2022-08-22,2003-10-26,False,p518906,0,0,0,0,0,0,0,0,0,0,0,0,0,0.0,0.0,0.0,0.0,0,0,0,0,0,0.00,0.00,0.00,0.00,,,,,,,[],503,188,489,188,455,176,503,188,0.0,0.0,0.0,0.0,0.0,0.0,729,220,454,171,511,187,398,149,0.0,0.0,0.0
132,True,True,,,463981,0,0,-1,1,0,2,0.3,0.3,0,James,0.3,77,False,,,39,463981.jpg,2.1,False,Hill,0.7,False,,a,4,91,19,94104,174,105429,445,0.1,4.9,Hill,241.0,2022-01-05,2002-01-10,False,p463981,302,0,0,2,3,0,0,0,1,0,0,0,68,47.2,5.4,43.0,9.6,22,9,5,27,2,0.12,0.19,0.31,3.37,,,,,,,[],344,126,394,140,266,82,360,123,0.04,0.0,0.06,0.1,1.0,0.89,714,212,354,129,272,102,222,82,0.6,0.6,8.05
133,True,True,100.0,100.0,436893,0,0,-2,2,0,2,0.0,0.0,0,Julián,0.0,78,False,,2025-08-28T17:00:07.495624Z,38,436893.jpg,0.0,False,Araujo Zúñiga,0.7,False,,a,4,91,0,41817,661,104460,378,0.0,0.0,J.Araujo,139.0,2024-08-13,2001-08-13,False,p436893,0,0,0,0,0,0,0,0,0,0,0,0,0,0.0,0.0,0.0,0.0,0,0,0,0,0,0.00,0.00,0.00,0.00,,,,,,,[],462,168,446,167,409,152,460,166,0.0,0.0,0.0,0.0,0.0,0.0,750,237,410,149,468,165,216,80,0.0,0.0,0.0
134,True,False,0.0,0.0,223911,0,0,0,0,0,2,0.0,0.0,0,Chris,0.0,79,False,has joined West Bromwich Albion permanently.,2025-09-02T12:54:34.562307Z,40,223911.jpg,0.0,False,Mepham,0.1,False,,u,4,91,0,1400,0,16018,18,0.0,0.0,Mepham,244.0,2019-01-22,1997-11-05,False,p223911,0,0,0,0,0,0,0,0,0,0,0,0,0,0.0,0.0,0.0,0.0,0,0,0,0,0,0.00,0.00,0.00,0.00,,,,,,,[],525,200,513,200,480,189,525,200,0.0,0.0,0.0,0.0,0.0,0.0,637,166,477,184,533,199,506,183,0.0,0.0,0.0
135,True,True,100.0,100.0,575901,0,0,0,0,0,2,0.2,0.2,0,Julio,0.2,80,False,,2025-10-16T08:00:09.313004Z,40,575901.jpg,1.0,False,Soler Barreto,0.2,False,,a,4,91,2,13377,181,24488,147,0.0,0.5,Soler,10.0,2025-01-07,2005-02-16,False,p575901,21,0,0,0,1,0,0,0,0,0,0,0,2,0.6,1.8,2.0,0.4,0,1,0,0,0,0.00,0.00,0.00,0.17,,,,,,,[],450,160,411,150,390,143,447,159,0.0,0.0,0.0,0.0,0.73,4.29,675,189,372,133,406,147,347,127,0.0,0.0,0.0
136,True,True,100.0,100.0,222683,0,0,0,0,0,3,1.8,1.8,3,Justin,1.8,81,False,,2025-11-17T13:00:08.025954Z,70,222683.jpg,1.9,False,Kluivert,0.9,False,,a,4,91,29,171403,910,196545,1041,0.3,4.1,Kluivert,152.0,2023-07-01,1999-05-05,False,p222683,706,1,0,4,11,0,0,0,3,0,0,1,98,89.6,201.9,69.0,35.9,7,32,8,47,8,0.55,1.13,1.68,11.55,4.0,,2.0,,1.0,,[],281,123,74,55,211,118,201,102,0.07,0.0,0.14,0.21,1.47,1.4,38,23,213,100,302,138,194,64,1.02,0.51,5.99
137,True,True,100.0,100.0,437730,1,-1,7,-7,4,3,4.0,4.0,10,Antoine,4.0,82,True,,2025-11-17T13:00:08.045504Z,77,437730.jpg,6.2,False,Semenyo,45.4,False,,a,4,91,99,8400792,52443,4220539,13672,0.5,12.9,Semenyo,81.0,2023-01-27,2000-01-07,False,p437730,1440,8,4,5,27,0,0,1,4,0,0,12,313,457.4,310.6,475.0,124.5,18,81,25,124,16,5.43,1.77,7.20,22.36,,,4.0,,3.0,,"[{'property': 'suspension_risk', 'notes': 'This player currently has four yellow cards in the Premier League and will face a one-match suspension should they receive another before Gameweek 20.', 'gameweek': None, 'url': None}]",8,2,32,30,5,2,4,3,0.34,0.0,0.11,0.45,1.4,1.69,20,14,63,30,4,1,2,1,1.0,0.31,7.75
138,True,True,,,201658,0,0,1,-1,2,3,4.7,4.7,2,Marcus,4.7,84,False,,,56,201658.jpg,4.4,False,Tavernier,3.1,False,,a,4,91,75,667313,11082,363591,4183,0.8,13.4,Tavernier,241.0,2022-08-01,1999-03-22,False,p201658,1336,4,2,6,25,0,0,0,1,0,0,8,266,318.6,360.8,268.0,94.9,32,67,21,120,15,3.87,1.83,5.70,18.57,2.0,,1.0,,4.0,,[],60,16,20,20,37,22,21,17,0.26,0.0,0.12,0.38,1.25,1.68,127,80,36,16,53,20,102,32,1.01,0.4,8.08
139,True,True,0.0,0.0,200785,0,0,0,0,0,3,0.0,0.0,0,Tyler,2.2,85,False,Knee injury - Expected back 21 Feb,2025-12-15T23:30:10.848799Z,50,200785.jpg,3.3,False,Adams,0.4,False,,i,4,91,50,76532,16,79077,1329,0.4,10.0,Adams,229.0,2023-08-20,1999-02-14,False,p200785,1196,2,1,4,23,0,0,0,5,0,0,3,245,266.2,74.0,105.0,44.7,50,61,35,146,15,0.56,0.32,0.88,17.78,,,,,,,[],106,36,218,137,147,86,148,75,0.04,0.0,0.02,0.06,1.34,1.73,246,152,182,79,137,61,287,99,1.13,0.3,10.99
140,True,True,100.0,100.0,111317,0,0,0,0,0,3,0.8,0.8,2,David,0.8,86,False,,2025-11-29T20:30:06.847415Z,50,111317.jpg,1.7,False,Brooks,0.2,False,,a,4,91,26,61279,224,65958,105,0.2,5.2,Brooks,244.0,2018-07-01,1997-07-08,False,p111317,718,0,1,4,10,0,0,0,6,0,0,1,100,98.2,189.8,233.0,50.7,9,32,13,54,9,2.59,1.88,4.47,7.61,5.0,,3.0,,,,[],274,120,79,58,53,33,117,64,0.32,0.0,0.24,0.56,0.95,1.25,241,149,310,146,324,148,381,127,1.13,0.5,6.77
141,True,True,100.0,50.0,158499,0,0,-1,1,0,3,0.3,0.1,1,Ryan,0.3,87,False,,2025-11-28T17:30:08.350038Z,49,158499.jpg,1.6,False,Christie,0.1,False,,a,4,91,18,6624,19,13545,33,0.1,3.7,Christie,243.0,2021-08-31,1995-02-22,False,p158499,287,1,1,0,7,0,0,0,1,0,0,0,71,80.4,58.1,84.0,22.4,10,17,8,35,1,1.07,0.16,1.23,6.18,,,,,,,[],296,132,251,151,180,106,277,134,0.34,0.0,0.05,0.39,1.94,2.2,289,179,361,167,339,155,564,208,0.31,0.0,10.98
142,True,True,100.0,100.0,155408,0,0,-1,1,0,3,1.0,1.0,4,Lewis,1.0,88,False,,2025-11-29T20:30:06.869776Z,49,155408.jpg,1.4,False,Cook,0.0,False,,a,4,91,11,4278,110,4254,25,0.2,2.2,Cook,241.0,2016-07-08,1997-02-03,False,p155408,304,0,0,0,8,0,0,0,0,1,0,0,66,68.2,105.8,8.0,18.4,20,24,8,52,2,0.04,0.21,0.25,3.86,,,,,,,[],314,141,165,113,359,182,306,147,0.01,0.0,0.06,0.07,1.14,2.37,288,178,283,131,373,170,641,262,0.59,0.0,15.39
143,True,False,0.0,0.0,168991,0,0,-1,1,0,3,0.0,0.0,0,Philip,0.0,89,False,Has joined Midtjylland permanently.,2025-08-27T12:49:57.472718Z,49,168991.jpg,0.0,False,Billing,0.0,False,,u,4,91,0,598,0,6515,4,0.0,0.0,Philip,58.0,2019-07-29,1996-06-11,False,p168991,0,0,0,0,0,0,0,0,0,0,0,0,0,0.0,0.0,0.0,0.0,0,0,0,0,0,0.00,0.00,0.00,0.00,,,,,,,[],711,301,707,301,698,299,711,301,0.0,0.0,0.0,0.0,0.0,0.0,291,181,687,289,710,301,648,267,0.0,0.0,0.0
144,True,True,,,503139,0,0,0,0,0,3,2.2,2.2,1,Alex,2.2,90,False,,,50,503139.jpg,2.9,False,Scott,0.3,False,,a,4,91,49,63183,314,49770,351,0.4,9.8,Scott,241.0,2023-08-10,2003-08-21,False,p503139,1072,1,1,5,18,0,0,0,2,0,0,2,215,190.2,132.8,109.0,42.7,46,62,25,133,14,0.82,0.50,1.32,16.16,1.0,,,,,,[],173,70,131,93,142,83,162,85,0.07,0.0,0.04,0.11,1.36,1.51,271,166,185,82,182,80,328,112,1.18,0.42,11.17
145,True,False,0.0,0.0,224995,0,0,0,0,0,3,0.0,0.0,0,Luis,0.0,91,False,Has joined Cruzeiro on loan for the rest of the season.,2025-08-26T13:43:19.913048Z,50,224995.jpg,0.0,False,Sinisterra Lucumí,0.0,False,,u,4,91,0,396,0,3841,3,0.0,0.0,Sinisterra,48.0,2024-06-14,1999-06-17,False,p224995,0,0,0,0,0,0,0,0,0,0,0,0,0,0.0,0.0,0.0,0.0,0,0,0,0,0,0.00,0.00,0.00,0.00,,,,,,,[],728,314,725,314,718,312,728,314,0.0,0.0,0.0,0.0,0.0,0.0,252,156,708,303,727,314,701,301,0.0,0.0,0.0
146,True,False,0.0,0.0,441240,0,0,0,0,0,3,0.0,0.0,0,Romain,0.0,92,False,has joined Al Taawoun permanently.,2025-09-11T13:43:59.477111Z,45,441240.jpg,0.0,False,Faivre,0.1,False,,u,4,91,0,3740,0,18655,19,0.0,0.0,Faivre,73.0,2023-07-13,1998-07-14,False,p441240,0,0,0,0,0,0,0,0,0,0,0,0,0,0.0,0.0,0.0,0.0,0,0,0,0,0,0.00,0.00,0.00,0.00,,,,,,,[],645,250,638,250,623,247,646,251,0.0,0.0,0.0,0.0,0.0,0.0,420,251,612,233,650,255,528,186,0.0,0.0,0.0
147,True,False,0.0,0.0,424044,0,0,0,0,0,3,0.0,0.0,0,Hamed,0.0,93,False,has joined Marseille on loan for the rest of the season.,2025-09-02T12:54:34.582455Z,45,424044.jpg,4.0,False,Traorè,0.3,False,,u,4,91,4,114900,0,162069,167,0.0,0.9,H.Traorè,54.0,2023-07-01,2000-02-16,False,p424044,16,0,1,0,2,0,0,0,0,0,0,0,12,21.2,10.0,0.0,3.1,1,2,1,4,0,0.00,0.00,0.00,0.40,,,,,,,[],396,177,376,191,620,244,414,190,0.0,0.0,0.0,0.0,2.25,11.25,416,248,609,230,81,35,308,104,0.0,0.0,22.5
148,True,False,0.0,0.0,550596,0,0,0,0,0,3,0.0,0.0,0,Dominic,0.0,94,False,has joined Novi Pazar on loan for the rest of the season.,2025-09-22T21:51:49.974133Z,45,550596.jpg,0.0,False,Sadi,0.0,False,,u,4,91,0,3895,0,7898,12,0.0,0.0,Sadi,,,,False,p550596,0,0,0,0,0,0,0,0,0,0,0,0,0,0.0,0.0,0.0,0.0,0,0,0,0,0,0.00,0.00,0.00,0.00,,,,,,,[],666,269,660,269,645,266,667,270,0.0,0.0,0.0,0.0,0.0,0.0,448,271,633,252,671,274,619,246,0.0,0.0,0.0
149,True,False,0.0,0.0,530121,0,0,-1,1,0,3,0.0,0.0,0,Zain,0.0,95,False,has joined Olympiakos permanently.,2025-09-22T21:51:49.994072Z,44,530121.jpg,0.0,False,Silcott-Duberry,0.1,False,,u,4,91,0,15405,0,20561,45,0.0,0.0,Silcott-Duberry,241.0,2025-01-17,2005-07-09,False,p530121,0,0,0,0,0,0,0,0,0,0,0,0,0,0.0,0.0,0.0,0.0,0,0,0,0,0,0.00,0.00,0.00,0.00,,,,,,,[],617,233,610,234,588,228,618,234,0.0,0.0,0.0,0.0,0.0,0.0,523,309,583,215,624,240,536,191,0.0,0.0,0.0
150,True,False,0.0,0.0,606775,0,0,0,0,0,3,0.0,0.0,0,Ben,0.0,96,False,has joined Barnet on loan for the rest of the season.,2025-09-02T12:54:34.599400Z,45,606775.jpg,1.0,False,Winterburn,0.0,False,,u,4,91,1,2964,0,9693,11,0.0,0.2,Winterburn,241.0,2024-11-29,2004-09-04,False,p606775,6,0,0,0,2,0,0,0,0,0,0,0,3,0.0,0.0,0.0,0.0,0,0,0,0,0,0.00,0.00,0.00,0.31,,,,,,,[],691,287,685,287,670,284,692,288,0.0,0.0,0.0,0.0,4.65,30.0,475,290,658,270,422,194,618,245,0.0,0.0,0.0
151,True,True,100.0,100.0,444102,0,0,0,0,0,4,3.5,3.5,2,Francisco Evanilson,3.5,97,False,,2025-10-19T01:30:09.447327Z,70,444102.jpg,3.1,False,de Lima Barbosa,2.0,False,,a,4,91,46,655660,2326,670640,5800,0.5,6.6,Evanilson,30.0,2024-08-16,1999-10-06,False,p444102,1144,2,3,5,20,0,0,0,1,0,0,2,155,103.6,170.9,346.0,61.7,9,31,5,45,13,4.13,0.63,4.76,13.80,,,,,,,[],261,21,90,3,18,10,76,12,0.32,0.0,0.05,0.37,1.09,1.57,39,16,97,10,168,13,129,21,1.02,0.39,3.54
152,True,True,100.0,100.0,168636,0,0,-1,1,0,4,1.5,1.5,1,Enes,1.5,98,False,,2025-07-21T10:00:04.802496Z,54,168636.jpg,1.7,False,Ünal,0.0,False,,a,4,91,10,8297,122,5370,135,0.3,1.9,Enes Ünal,219.0,2024-07-01,1997-05-10,False,p168636,61,1,0,0,1,0,0,0,1,0,0,1,40,38.0,3.1,39.0,7.9,1,2,0,3,0,0.54,0.05,0.59,0.58,,,,,,,[],366,40,401,49,276,45,378,44,0.8,0.0,0.07,0.87,0.86,1.48,158,38,240,27,330,34,582,77,0.0,0.0,4.43
153,True,False,0.0,0.0,590760,0,0,-1,1,0,4,0.0,0.0,0,Daniel,0.0,99,False,has joined HNK Rijeka permanently.,2025-09-22T21:19:25.247985Z,44,590760.jpg,0.0,False,Adu-Adjei,0.2,False,,u,4,91,0,22144,0,42647,95,0.0,0.0,Adu-Adjei,241.0,2022-12-19,2005-06-21,False,p590760,0,0,0,0,0,0,0,0,0,0,0,0,0,0.0,0.0,0.0,0.0,0,0,0,0,0,0.00,0.00,0.00,0.00,,,,,,,[],627,68,620,67,599,67,628,68,0.0,0.0,0.0,0.0,0.0,0.0,535,74,593,60,633,68,401,60,0.0,0.0,0.0
154,True,True,,,560262,0,0,1,-1,0,4,1.8,1.8,1,Junior,1.8,100,False,,,46,560262.jpg,3.2,False,Kroupi,4.3,False,,a,4,91,41,968057,9732,591427,8304,0.4,8.9,Kroupi.Jr,73.0,2025-02-02,2006-06-23,False,p560262,444,5,0,2,12,0,0,0,1,0,0,4,189,195.0,69.5,223.0,48.6,10,19,4,33,5,2.92,0.17,3.09,8.11,,,,,,,[],167,12,226,24,58,20,125,15,0.59,0.0,0.03,0.62,1.64,2.43,394,60,201,25,146,11,89,15,1.01,0.41,6.69
155,True,True,0.0,0.0,496208,0,0,-2,2,0,3,0.0,0.0,0,Ben,0.0,391,False,Hamstring injury - Unknown return date,2025-11-20T10:30:09.618152Z,48,496208.jpg,1.8,False,Gannon-Doak,0.0,False,,i,4,91,7,4499,1,7616,16,0.0,1.5,Gannon-Doak,243.0,2025-08-18,2005-11-11,False,p496208,53,0,1,0,1,0,0,0,0,0,0,0,22,21.2,14.0,11.0,4.7,1,0,2,3,0,0.09,0.09,0.18,2.66,,,,,,,[],397,178,358,187,348,178,399,184,0.15,0.0,0.15,0.3,4.52,1.7,361,225,682,286,311,140,616,243,0.0,0.0,5.09
156,True,True,100.0,100.0,242882,0,0,-1,1,1,2,2.2,2.2,2,Bafodé,2.2,685,False,,2025-09-13T21:30:08.472990Z,44,242882.jpg,3.1,False,Diakité,0.4,False,,a,4,91,43,92076,201,74560,371,0.5,9.8,Diakité,73.0,2025-08-13,2001-01-06,False,p242882,1215,0,0,4,24,0,0,0,1,0,0,2,160,253.2,50.3,22.0,32.6,89,48,19,108,14,0.02,0.19,0.21,20.22,,,,,,,[],113,50,267,84,312,102,223,74,0.0,0.0,0.01,0.01,1.5,1.78,507,115,179,68,158,62,269,102,1.04,0.3,8.0
157,True,True,,,606774,0,0,-1,1,0,3,0.0,0.0,0,Remy,0.0,687,False,,,44,606774.jpg,0.0,False,Rees-Dottin,0.1,False,,a,4,91,0,12439,30,13756,54,0.0,0.0,Rees-Dottin,241.0,2024-12-28,2006-03-06,False,p606774,0,0,0,0,0,0,0,0,0,0,0,0,0,0.0,0.0,0.0,0.0,0,0,0,0,0,0.00,0.00,0.00,0.00,,,,,,,[],630,240,623,241,602,236,631,241,0.0,0.0,0.0,0.0,0.0,0.0,538,318,596,222,636,246,429,142,0.0,0.0,0.0
158,True,True,,,489888,0,0,-1,1,0,3,1.8,1.8,1,Amine,1.8,697,False,,,54,489888.jpg,1.5,False,Adli,0.0,False,,a,4,91,19,7547,46,6614,84,0.3,3.5,Adli,145.0,2025-08-21,2000-05-10,False,p489888,385,1,0,0,8,0,0,0,0,0,0,0,78,103.8,74.1,96.0,27.1,13,24,17,54,3,0.97,0.23,1.20,6.71,,,6.0,,,,[],260,115,217,136,162,95,255,129,0.23,0.0,0.05,0.28,1.57,1.87,173,107,211,98,360,163,592,224,0.7,0.0,12.62
159,True,True,,,551483,0,0,0,0,0,2,2.7,2.7,2,Álex,2.7,713,False,,,45,551483.jpg,1.8,False,Jiménez Sánchez,0.1,False,,a,4,91,24,11180,171,3087,141,0.6,5.3,A.Jimenez,200.0,2025-09-01,2005-05-08,False,p551483,797,0,1,2,16,0,0,0,4,0,0,0,97,111.4,89.2,54.0,25.3,26,32,15,41,9,0.28,0.59,0.87,14.17,,,,,,,"[{'property': 'suspension_risk', 'notes': 'This player currently has four yellow cards in the Premier League and will face a one-match suspension should they receive another before Gameweek 20.', 'gameweek': None, 'url': None}]",250,100,186,47,245,73,263,88,0.03,0.0,0.07,0.1,1.6,1.81,450,93,132,50,308,114,482,176,1.02,0.23,4.63
160,True,True,0.0,0.0,620487,0,0,0,0,0,2,0.0,0.0,0,Veljko,0.7,721,False,Knee injury - Expected back 21 Feb,2025-12-05T13:30:10.058587Z,45,620487.jpg,3.4,False,Milosavljevic,0.0,False,,i,4,91,17,5502,1,4926,42,0.2,3.8,Milosavljević,190.0,2025-09-01,2007-06-28,False,p620487,365,0,0,1,6,0,0,0,0,0,0,0,57,98.4,13.9,10.0,12.2,34,13,5,39,4,0.15,0.19,0.34,4.35,,,,,,,[],271,105,359,126,350,123,342,116,0.04,0.0,0.05,0.09,1.07,1.48,481,97,318,113,123,47,639,221,0.99,0.25,9.62
161,True,True,,,678552,0,0,0,0,0,3,0.0,0.0,0,Malcom,0.0,756,False,,,45,678552.jpg,0.0,False,DaCosta,0.0,False,,a,4,91,0,678,39,250,17,0.0,0.0,DaCosta,62.0,2025-12-01,2008-04-17,False,p678552,0,0,0,0,0,0,0,0,0,0,0,0,0,0.0,0.0,0.0,0.0,0,0,0,0,0,0.00,0.00,0.00,0.00,,,,,,,[],700,296,693,295,678,292,700,296,0.0,0.0,0.0,0.0,0.0,0.0,489,299,665,277,700,296,732,320,0.0,0.0,0.0
162,True,True,75.0,75.0,200641,0,0,-2,2,0,3,0.2,0.2,0,Reiss,0.2,27,False,Knock - 75% chance of playing,2025-12-09T15:00:09.283718Z,48,200641.jpg,1.0,False,Nelson,0.1,False,,d,5,94,3,8511,9,16148,56,0.0,0.6,Nelson,241.0,2025-09-01,1999-12-10,False,p200641,31,0,0,0,1,0,0,0,0,0,0,0,15,16.2,2.4,9.0,2.7,2,6,2,10,0,0.06,0.05,0.11,0.84,,,,,,,"[{'property': 'loan_ineligible', 'notes': 'This player will not be available to face their parent club in Gameweek 26 as part of their loan conditions.', 'gameweek': 26, 'url': None}]",406,183,406,198,353,180,419,193,0.17,0.0,0.15,0.32,2.44,2.9,344,216,387,181,430,201,474,161,0.0,0.0,29.03
163,True,True,0.0,0.0,533463,0,0,0,0,2,3,0.0,0.0,0,Dango,4.2,83,False,On international duty at the Africa Cup of Nations from Gameweek 17 onwards. - Unknown return date,2025-12-13T14:30:10.953675Z,60,533463.jpg,4.3,False,Ouattara,0.8,False,,n,5,94,64,447237,24,379611,6811,0.7,10.7,O.Dango,35.0,2025-08-16,2002-02-11,False,p533463,1061,3,4,3,15,0,0,0,3,0,0,6,176,183.6,96.5,309.0,58.4,40,46,11,97,12,3.56,0.66,4.22,14.32,2.0,,,,,,[],181,73,178,119,26,14,89,54,0.3,0.0,0.06,0.36,1.21,1.27,91,59,53,23,63,27,207,73,1.02,0.25,8.23
164,True,True,100.0,100.0,200720,0,0,0,0,1,1,4.0,4.0,13,Caoimhín,4.0,101,False,,2025-08-09T14:00:04.798673Z,45,200720.jpg,3.3,False,Kelleher,8.2,False,,a,5,94,56,494065,5362,708547,2342,0.9,12.4,Kelleher,104.0,2025-06-03,1998-11-23,False,p200720,1530,0,0,3,25,0,2,0,1,0,44,2,217,380.4,10.0,0.0,39.2,24,128,1,0,17,0.00,0.02,0.02,22.42,,,,,,,[],26,7,375,7,612,68,178,7,0.0,2.59,0.0,0.0,1.32,1.47,406,23,56,5,132,15,50,8,1.0,0.18,0.0
165,True,True,,,235448,0,0,0,0,0,1,0.0,0.0,0,Ellery,0.0,102,False,,,40,235448.jpg,0.0,False,Balcombe,0.3,False,,a,5,94,0,11427,33,19128,82,0.0,0.0,Balcombe,241.0,2016-11-02,1999-10-15,False,p235448,0,0,0,0,0,0,0,0,0,0,0,0,0,0.0,0.0,0.0,0.0,0,0,0,0,0,0.00,0.00,0.00,0.00,,,,,,,[],527,63,515,52,482,37,527,63,0.0,0.0,0.0,0.0,0.0,0.0,639,48,479,58,535,63,327,45,0.0,0.0,0.0
166,True,True,,,503300,0,0,-1,1,0,1,0.0,0.0,0,Matthew,0.0,103,False,,,39,503300.jpg,0.0,False,Cox,0.2,False,,a,5,94,0,9382,421,8620,74,0.0,0.0,Cox,241.0,2021-10-26,2003-05-02,False,p503300,0,0,0,0,0,0,0,0,0,0,0,0,0,0.0,0.0,0.0,0.0,0,0,0,0,0,0.00,0.00,0.00,0.00,,,,,,,[],498,50,484,37,450,22,498,50,0.0,0.0,0.0,0.0,0.0,0.0,724,83,449,45,506,50,380,57,0.0,0.0,0.0
167,True,True,,,535017,0,0,-1,1,0,1,0.0,0.0,0,Julian,0.0,104,False,,,39,535017.jpg,0.0,False,Eyestone,0.1,False,,a,5,94,0,11673,58,6558,80,0.0,0.0,Eyestone,229.0,2024-08-08,2006-04-21,False,p535017,0,0,0,0,0,0,0,0,0,0,0,0,0,0.0,0.0,0.0,0.0,0,0,0,0,0,0.00,0.00,0.00,0.00,,,,,,,[],505,52,491,39,457,24,505,52,0.0,0.0,0.0,0.0,0.0,0.0,731,85,456,47,513,52,421,66,0.0,0.0,0.0
168,True,True,,,507433,0,0,-1,1,0,1,0.0,0.0,0,Hákon Rafn,0.0,105,False,,,39,507433.jpg,0.0,False,Valdimarsson,0.7,False,,a,5,94,0,33478,136,58749,236,0.0,0.0,Valdimarsson,99.0,2024-01-26,2001-10-13,False,p507433,0,0,0,0,0,0,0,0,0,0,0,0,0,0.0,0.0,0.0,0.0,0,0,0,0,0,0.00,0.00,0.00,0.00,,,,,,,[],499,51,485,38,451,23,499,51,0.0,0.0,0.0,0.0,0.0,0.0,725,84,450,46,507,51,221,29,0.0,0.0,0.0
169,True,True,,,432830,0,0,-1,1,0,2,3.5,3.5,8,Nathan,3.5,106,False,,,49,432830.jpg,3.1,False,Collins,1.6,False,,a,5,94,53,166469,1028,168633,1375,0.7,10.8,Collins,104.0,2023-07-04,2001-04-30,False,p432830,1456,0,0,3,24,1,0,0,4,0,0,2,168,398.0,65.4,157.0,62.2,159,71,17,176,16,1.06,0.83,1.89,21.35,,,,,,,"[{'property': 'suspension_risk', 'notes': 'This player currently has four yellow cards in the Premier League and will face a one-match suspension should they receive another before Gameweek 20.', 'gameweek': None, 'url': None}]",20,7,238,68,87,9,75,16,0.07,0.0,0.05,0.12,1.32,1.48,316,55,90,35,161,65,151,60,0.99,0.19,10.88
170,True,True,,,249231,0,0,-2,2,1,2,5.0,5.0,21,Keane,5.0,107,False,,,48,249231.jpg,3.4,False,Lewis-Potter,0.5,False,,a,5,94,51,50474,17681,44288,247,1.0,10.6,Lewis-Potter,241.0,2022-07-12,2001-02-22,False,p249231,640,2,1,4,12,0,0,0,1,0,0,3,137,154.8,97.0,117.0,36.8,20,23,10,30,7,0.92,0.69,1.61,10.81,,,,,,,[],210,85,177,44,130,21,195,65,0.13,0.0,0.1,0.23,1.52,1.69,352,62,22,8,124,48,248,91,0.98,0.56,4.22
171,True,True,100.0,100.0,191866,0,0,-1,1,0,2,0.8,0.8,0,Kristoffer,0.8,108,False,,2025-11-10T10:00:08.739589Z,44,191866.jpg,2.2,False,Ajer,0.2,False,,a,5,94,24,14317,79,19567,173,0.2,5.5,Ajer,161.0,2021-07-21,1998-04-17,False,p191866,611,0,2,1,12,0,0,0,1,0,0,0,63,114.6,26.3,101.0,24.3,37,15,18,55,7,0.43,0.52,0.95,8.71,,,,,,,[],245,96,328,112,154,29,267,92,0.06,0.0,0.08,0.14,1.28,1.77,495,104,303,104,259,98,394,146,1.03,0.15,8.1
172,True,True,,,194010,0,0,-2,2,0,2,2.2,2.2,5,Rico,2.2,109,False,,,43,194010.jpg,1.5,False,Henry,0.1,False,,a,5,94,19,8247,209,14063,49,0.5,4.4,Henry,107.0,2016-08-31,1997-07-08,False,p194010,442,0,1,1,9,0,0,0,2,0,0,0,47,50.4,28.5,19.0,9.7,18,34,7,25,3,0.14,0.19,0.33,9.72,,,,,,,[],340,124,319,106,320,106,358,122,0.03,0.0,0.04,0.07,1.98,1.83,553,129,176,65,349,124,425,159,0.61,0.2,5.09
173,True,True,,,607464,0,0,0,0,0,2,2.3,2.3,5,Michael,2.3,110,False,,,45,607464.jpg,2.8,False,Kayode,0.7,False,,a,5,94,48,126726,635,70292,554,0.5,10.7,Kayode,106.0,2025-07-01,2004-07-10,False,p607464,1477,0,1,3,24,0,0,0,3,0,0,6,225,301.8,256.2,54.0,61.3,72,74,37,109,17,0.17,1.67,1.84,21.81,,,,,,,[],81,35,48,8,246,74,77,17,0.01,0.0,0.1,0.11,1.33,1.46,476,96,159,62,192,72,218,81,1.04,0.18,6.64
174,True,True,100.0,100.0,231065,0,0,-3,3,0,2,0.7,0.7,0,Ethan,0.7,111,False,,2025-08-18T08:00:05.393517Z,42,231065.jpg,1.3,False,Pinnock,0.1,False,,a,5,94,4,8903,96,22049,144,0.2,1.0,Pinnock,107.0,2019-07-02,1993-05-29,False,p231065,228,0,0,0,5,1,0,0,1,0,0,0,21,62.8,1.1,12.0,7.6,25,9,4,29,3,0.00,0.06,0.06,3.18,,,,,,,[],321,118,416,154,345,119,382,132,0.0,0.0,0.02,0.02,1.26,1.97,610,151,316,111,378,134,437,163,1.18,0.0,11.45
175,True,False,0.0,0.0,226956,0,0,0,0,0,2,0.0,0.0,0,Mads,0.0,112,False,Has joined Southampton permanently.,2025-08-22T14:17:15.662878Z,45,226956.jpg,0.0,False,Roerslev Rasmussen,0.0,False,,u,5,94,0,211,0,3845,3,0.0,0.0,Roerslev,58.0,2019-10-27,1999-06-24,False,p226956,0,0,0,0,0,0,0,0,0,0,0,0,0,0.0,0.0,0.0,0.0,0,0,0,0,0,0.00,0.00,0.00,0.00,,,,,,,[],641,241,634,241,618,239,642,241,0.0,0.0,0.0,0.0,0.0,0.0,412,82,607,235,646,241,681,233,0.0,0.0,0.0
176,True,True,,,444765,0,0,0,0,0,2,3.0,3.0,7,Sepp,3.0,113,False,,,45,444765.jpg,3.1,False,van den Berg,1.3,False,,a,5,94,52,188949,1288,93669,891,0.7,11.6,Van den Berg,152.0,2024-08-22,2001-12-20,False,p444765,1530,0,0,3,25,0,0,0,1,0,0,0,190,341.4,31.7,173.0,54.7,142,56,12,154,17,1.86,0.20,2.06,22.42,,,,,,,[],43,21,311,102,79,7,98,26,0.11,0.0,0.01,0.12,1.32,1.47,421,86,118,45,159,63,163,66,1.0,0.18,9.06
177,True,True,100.0,100.0,622536,0,0,-1,1,0,2,0.0,0.0,0,Benjamin,0.0,114,False,,2025-10-31T17:00:08.779634Z,39,622536.jpg,0.0,False,Arthur,0.2,False,,a,5,94,0,10766,54,24650,65,0.0,0.0,Arthur,241.0,2024-03-08,2005-10-09,False,p622536,0,0,0,0,0,0,0,0,0,0,0,0,0,0.0,0.0,0.0,0.0,0,0,0,0,0,0.00,0.00,0.00,0.00,,,,,,,[],514,195,500,195,466,183,514,195,0.0,0.0,0.0,0.0,0.0,0.0,741,228,466,179,522,194,359,133,0.0,0.0,0.0
178,True,False,0.0,0.0,612534,0,0,0,0,0,2,0.0,0.0,0,Benjamin,0.0,115,False,has joined Dender on loan for the rest of the season.,2025-09-22T21:16:59.169077Z,40,612534.jpg,0.0,False,Fredrick,0.1,False,,u,5,94,0,2020,0,13552,20,0.0,0.0,Fredrick,,,,False,p612534,0,0,0,0,0,0,0,0,0,0,0,0,0,0.0,0.0,0.0,0.0,0,0,0,0,0,0.00,0.00,0.00,0.00,,,,,,,[],566,225,554,225,522,215,566,225,0.0,0.0,0.0,0.0,0.0,0.0,684,197,519,210,574,224,494,179,0.0,0.0,0.0
179,True,True,100.0,100.0,472713,0,0,0,0,0,2,2.7,2.7,0,Aaron,2.7,116,False,,2025-10-16T08:00:09.344205Z,40,472713.jpg,2.4,False,Hickey,0.5,False,,a,5,94,24,50740,766,42368,657,0.7,6.0,Hickey,243.0,2022-07-09,2002-06-10,False,p472713,410,0,0,2,5,0,0,0,1,0,0,0,70,49.4,9.9,35.0,9.5,20,24,8,28,5,0.35,0.17,0.52,3.97,,,,,,,[],341,125,381,133,284,89,361,124,0.08,0.0,0.04,0.12,0.87,1.1,650,171,131,49,234,86,245,90,1.1,0.44,6.15
180,True,False,0.0,0.0,570241,0,0,-1,1,0,2,0.0,0.0,0,Kim,0.0,117,False,has joined Kaiserslautern on loan for the rest of the season.,2025-09-22T21:16:59.154227Z,39,570241.jpg,0.0,False,Ji-soo,0.1,False,,u,5,94,0,4108,0,14605,36,0.0,0.0,Ji-soo,114.0,2023-07-20,2004-12-24,False,p570241,0,0,0,0,0,0,0,0,0,0,0,0,0,0.0,0.0,0.0,0.0,0,0,0,0,0,0.00,0.00,0.00,0.00,,,,,,,[],509,191,495,191,461,179,509,191,0.0,0.0,0.0,0.0,0.0,0.0,735,223,460,174,517,190,478,175,0.0,0.0,0.0
181,True,False,0.0,0.0,499717,0,0,0,0,0,2,0.0,0.0,0,Jayden,0.0,118,False,Has joined Rangers on loan for the rest of the season.,2025-08-19T13:37:28.261506Z,40,499717.jpg,0.0,False,Meghoma,0.0,False,,u,5,94,0,279,0,10593,14,0.0,0.0,Meghoma,241.0,2024-08-30,2006-06-28,False,p499717,0,0,0,0,0,0,0,0,0,0,0,0,0,0.0,0.0,0.0,0.0,0,0,0,0,0,0.00,0.00,0.00,0.00,,,,,,,[],546,209,534,209,501,198,546,209,0.0,0.0,0.0,0.0,0.0,0.0,660,177,498,193,554,208,584,210,0.0,0.0,0.0
182,True,True,100.0,100.0,513418,0,0,0,0,0,3,1.7,1.7,3,Kevin,1.7,120,False,,2025-12-06T20:00:08.974964Z,70,513418.jpg,3.1,False,Schade,0.8,False,,a,5,94,50,267174,956,221356,1778,0.2,7.1,Schade,80.0,2023-07-01,2001-11-27,False,p513418,1323,3,2,4,17,0,0,1,5,0,0,2,174,245.8,207.1,363.0,81.7,32,47,22,101,15,3.87,1.00,4.87,16.51,,,,,3.0,,[],123,45,71,53,15,7,30,23,0.26,0.0,0.07,0.33,1.12,1.16,40,24,228,106,169,75,208,74,1.02,0.27,6.87
183,True,True,,,440089,0,0,-2,2,0,3,2.3,2.3,4,Mikkel,2.3,121,False,,,58,440089.jpg,3.1,False,Damsgaard,0.6,False,,a,5,94,47,84348,557,131586,909,0.4,8.1,Damsgaard,58.0,2022-08-10,2000-07-03,False,p440089,1028,1,2,2,17,0,0,0,0,0,0,3,197,226.0,332.5,120.0,67.9,20,55,28,103,12,0.96,2.26,3.22,16.20,1.0,,3.0,,,,[],137,53,25,24,128,76,64,40,0.08,0.0,0.2,0.28,1.42,1.49,108,71,169,75,166,73,231,81,1.05,0.18,9.02
184,True,True,0.0,0.0,543295,0,0,-3,3,0,3,0.0,0.0,0,Antoni,0.0,122,False,Knee injury - Expected back 01 Jun,2025-10-16T08:00:09.362049Z,52,543295.jpg,1.0,False,Milambo,0.0,False,,i,5,94,1,1888,4,6651,8,0.0,0.2,Milambo,152.0,2025-07-03,2005-04-03,False,p543295,45,0,0,0,3,0,0,0,0,0,0,0,5,4.0,1.8,0.0,0.6,0,2,2,4,1,0.00,0.01,0.01,1.49,,,,,,,[],437,201,412,200,734,322,444,204,0.0,0.0,0.02,0.02,2.98,6.0,222,138,725,316,445,211,627,252,2.0,0.0,8.0
185,True,True,0.0,0.0,244858,0,0,-3,3,0,3,0.0,0.0,0,Fábio,0.0,123,False,Knee injury - Expected back 01 Jun,2025-11-28T19:00:08.330112Z,47,244858.jpg,2.2,False,Freitas Gouveia Carvalho,0.1,False,,i,5,94,13,27003,6,48951,112,0.0,2.8,Carvalho,173.0,2024-08-12,2002-08-30,False,p244858,100,1,0,0,4,0,0,0,0,0,0,1,42,39.0,6.5,36.0,8.1,0,5,3,8,1,0.70,0.03,0.73,2.08,4.0,,,,4.0,,[],365,163,390,195,281,149,375,177,0.63,0.0,0.03,0.66,1.87,3.6,377,234,671,279,261,114,424,139,0.9,0.0,7.2
186,True,True,100.0,75.0,56979,0,0,0,0,0,3,4.0,3.0,0,Jordan,4.0,124,False,,2025-12-18T01:30:08.549911Z,50,56979.jpg,3.3,False,Henderson,0.5,False,,a,5,94,53,77813,670,60165,1355,0.8,10.6,Henderson,241.0,2025-07-15,1990-06-17,False,p56979,1218,1,3,3,19,0,0,0,3,0,0,5,235,248.6,244.3,37.0,52.9,38,61,17,116,14,0.33,1.25,1.58,17.03,,,,,,,[],120,43,52,42,277,146,103,61,0.02,0.0,0.09,0.11,1.26,1.4,240,148,59,27,136,60,253,87,1.03,0.22,8.57
187,True,True,100.0,100.0,204580,0,0,-1,1,0,3,2.5,2.5,9,Vitaly,2.5,125,False,,2025-08-09T14:00:04.867824Z,49,204580.jpg,2.1,False,Janelt,0.0,False,,a,5,94,25,2257,285,2445,23,0.5,5.1,Janelt,80.0,2020-10-03,1998-05-10,False,p204580,398,0,1,2,4,0,0,0,2,0,0,2,92,85.4,92.9,29.0,20.5,21,26,13,60,3,0.25,0.54,0.79,5.33,5.0,,,,,,[],290,128,183,123,296,157,295,142,0.06,0.0,0.12,0.18,1.21,0.9,299,184,144,64,276,123,646,266,0.68,0.45,13.57
188,True,True,,,207283,0,0,-1,1,0,3,2.0,2.0,3,Mathias,2.0,126,False,,,49,207283.jpg,2.2,False,Jensen,0.1,False,,a,5,94,33,10237,118,12147,86,0.4,6.7,Jensen,58.0,2019-07-10,1996-01-01,False,p207283,540,2,0,2,8,0,0,0,0,0,0,0,135,129.6,95.2,49.0,27.3,16,22,12,50,6,0.61,1.10,1.71,7.08,3.0,,,,,,[],230,101,180,121,254,136,253,127,0.1,0.0,0.18,0.28,1.18,1.33,302,186,191,85,265,117,489,166,1.0,0.33,8.33
189,True,True,100.0,100.0,626464,0,0,-1,1,0,3,0.0,0.0,0,Gustavo,0.0,127,False,,2025-08-09T14:00:04.884092Z,49,626464.jpg,0.0,False,Nunes Fernandes Gomes,0.0,False,,a,5,94,0,1043,32,1391,13,0.0,0.0,Nunes,30.0,2024-08-28,2005-11-20,False,p626464,0,0,0,0,0,0,0,0,0,0,0,0,0,0.0,0.0,0.0,0.0,0,0,0,0,0,0.00,0.00,0.00,0.00,,,,,,,[],724,311,720,311,713,309,724,311,0.0,0.0,0.0,0.0,0.0,0.0,334,207,703,300,723,311,685,289,0.0,0.0,0.0
190,True,True,0.0,0.0,428580,0,0,-2,2,0,3,0.0,0.0,0,Frank,0.0,128,False,On international duty at the Africa Cup of Nations from Gameweek 17 onwards. - Unknown return date,2025-12-13T14:30:11.035784Z,48,428580.jpg,2.0,False,Onyeka,0.0,False,,n,5,94,12,5115,0,7834,52,0.0,2.5,Onyeka,157.0,2021-07-20,1998-01-01,False,p428580,88,0,2,0,2,0,0,0,0,0,0,0,41,28.4,13.6,4.0,4.6,3,5,2,10,0,0.00,0.36,0.36,2.02,,,,,,,[],384,174,361,188,385,193,401,185,0.0,0.0,0.37,0.37,2.07,2.05,353,220,678,285,286,128,573,212,0.0,0.0,10.23
191,True,True,100.0,100.0,508395,0,0,0,0,0,3,1.8,1.8,5,Yehor,1.8,129,False,,2025-10-25T23:00:07.803030Z,50,508395.jpg,2.6,False,Yarmoliuk,0.1,False,,a,5,94,44,12156,122,12385,36,0.4,8.8,Yarmoliuk,225.0,2022-10-28,2004-03-01,False,p508395,1217,0,1,3,21,0,0,0,3,0,0,0,185,179.8,128.0,49.0,35.6,34,82,30,146,15,0.34,0.62,0.96,18.07,,,,,,,[],182,74,135,95,256,138,205,105,0.03,0.0,0.05,0.08,1.34,1.55,273,168,205,92,217,95,517,181,1.11,0.22,10.8
192,True,True,,,606689,0,0,-1,1,0,3,0.0,0.0,0,Romelle,0.0,130,False,,,44,606689.jpg,0.0,False,Donovan,0.1,False,,a,5,94,0,11186,98,14559,60,0.0,0.0,Donovan,241.0,2025-07-01,2006-11-30,False,p606689,0,0,0,0,0,0,0,0,0,0,0,0,0,0.0,0.0,0.0,0.0,0,0,0,0,0,0.00,0.00,0.00,0.00,,,,,,,[],629,239,622,240,601,235,630,240,0.0,0.0,0.0,0.0,0.0,0.0,537,317,595,221,635,245,466,156,0.0,0.0,0.0
193,True,True,,,628204,0,0,-2,2,0,3,0.0,0.0,0,Yunus Emre,0.0,131,False,,,43,628204.jpg,0.0,False,Konak,0.2,False,,a,5,94,0,32056,311,31673,215,0.0,0.0,Konak,219.0,2024-01-11,2006-01-10,False,p628204,0,0,0,0,0,0,0,0,0,0,0,0,0,0.0,0.0,0.0,0.0,0,0,0,0,0,0.00,0.00,0.00,0.00,,,,,,,[],602,225,594,225,571,220,603,226,0.0,0.0,0.0,0.0,0.0,0.0,601,342,565,207,608,232,365,122,0.0,0.0,0.0
194,True,True,100.0,100.0,220695,0,0,0,0,0,3,0.0,0.0,0,Paris,0.0,132,False,,2025-08-14T16:00:05.924672Z,45,220695.jpg,0.0,False,Maghoma,0.0,False,,a,5,94,0,2310,83,3154,32,0.0,0.0,Maghoma,241.0,2020-08-01,2001-05-08,False,p220695,0,0,0,0,0,0,0,0,0,0,0,0,0,0.0,0.0,0.0,0.0,0,0,0,0,0,0.00,0.00,0.00,0.00,,,,,,,[],640,246,633,246,616,242,641,247,0.0,0.0,0.0,0.0,0.0,0.0,410,246,606,228,645,251,645,265,0.0,0.0,0.0
195,True,True,,,450539,0,0,-1,1,0,3,0.0,0.0,0,Myles,0.0,133,False,,,44,450539.jpg,0.0,False,Peart-Harris,0.0,False,,a,5,94,0,3223,40,4903,21,0.0,0.0,Peart-Harris,241.0,2021-07-23,2002-09-18,False,p450539,0,0,0,0,0,0,0,0,0,0,0,0,0,0.0,0.0,0.0,0.0,0,0,0,0,0,0.00,0.00,0.00,0.00,,,,,,,[],611,227,604,228,581,222,612,228,0.0,0.0,0.0,0.0,0.0,0.0,513,302,576,209,618,234,608,236,0.0,0.0,0.0
196,True,False,0.0,0.0,591357,0,0,0,0,0,3,0.0,0.0,0,Ryan,0.0,134,False,Has joined Wigan on loan for the rest of the season,2025-08-11T01:07:54.335986Z,45,591357.jpg,0.0,False,Trevitt,0.0,False,,u,5,94,0,0,0,915,2,0.0,0.0,Trevitt,241.0,2024-01-08,2003-03-12,False,p591357,0,0,0,0,0,0,0,0,0,0,0,0,0,0.0,0.0,0.0,0.0,0,0,0,0,0,0.00,0.00,0.00,0.00,,,,,,,[],687,284,681,284,666,281,688,285,0.0,0.0,0.0,0.0,0.0,0.0,471,287,654,267,691,288,739,324,0.0,0.0,0.0
197,True,True,100.0,75.0,502500,-1,1,11,-11,3,4,4.0,3.0,2,Igor Thiago,4.0,136,False,,2025-12-18T01:30:08.634916Z,71,502500.jpg,4.9,False,Nascimento Rodrigues,35.3,False,,a,5,94,84,5555289,7774,1269989,240682,0.6,11.8,Thiago,30.0,2024-07-01,2001-06-26,False,p502500,1401,11,0,3,23,0,0,1,3,0,0,12,311,467.6,125.2,511.0,110.4,37,33,15,85,16,9.00,0.33,9.33,21.24,,,,,2.0,,[],7,2,138,9,4,3,9,2,0.58,0.0,0.02,0.6,1.36,1.48,35,15,62,6,24,2,6,2,1.03,0.19,5.46
198,True,True,,,533710,0,0,-1,1,0,4,0.0,0.0,0,Iwan,0.0,137,False,,,44,533710.jpg,0.0,False,Morgan,0.4,False,,a,5,94,0,49006,337,65834,379,0.0,0.0,Morgan,,,,False,p533710,0,0,0,0,0,0,0,0,0,0,0,0,0,0.0,0.0,0.0,0.0,0,0,0,0,0,0.00,0.00,0.00,0.00,,,,,,,[],619,64,612,63,590,63,620,64,0.0,0.0,0.0,0.0,0.0,0.0,525,70,585,56,626,64,273,42,0.0,0.0,0.0
199,True,True,0.0,0.0,183656,0,0,-1,1,0,3,0.0,0.0,0,Josh,0.0,748,False,Knee injury - Expected back 01 Jan,2025-11-20T12:00:10.592439Z,49,183656.jpg,0.0,False,Dasilva,0.0,False,,i,5,94,0,112,2,147,2,0.0,0.0,Dasilva,241.0,2025-10-23,1998-10-23,False,p183656,0,0,0,0,0,0,0,0,0,0,0,0,0,0.0,0.0,0.0,0.0,0,0,0,0,0,0.00,0.00,0.00,0.00,,,,,,,[],712,302,708,302,699,300,712,302,0.0,0.0,0.0,0.0,0.0,0.0,294,182,688,290,711,302,754,333,0.0,0.0,0.0
200,True,True,,,49262,0,0,-3,3,0,1,-1.0,0.0,0,Jason,0.0,138,False,,,42,49262.jpg,0.0,False,Steele,0.3,False,,a,6,36,0,7610,40,34607,92,0.0,0.0,Steele,241.0,2018-07-01,1990-08-18,False,p49262,0,0,0,0,0,0,0,0,0,0,0,0,0,0.0,0.0,0.0,0.0,0,0,0,0,0,0.00,0.00,0.00,0.00,,,,,,,[],573,79,561,68,529,53,573,79,0.0,0.0,0.0,0.0,0.0,0.0,602,33,526,74,581,79,331,47,0.0,0.0,0.0
201,True,True,,,489639,0,0,-1,1,1,1,4.0,5.0,11,Bart,5.0,139,False,,,44,489639.jpg,3.3,False,Verbruggen,5.3,False,,a,6,36,56,399378,5570,585564,2004,1.1,12.7,Verbruggen,152.0,2023-07-03,2002-08-18,False,p489639,1530,0,0,4,23,1,1,0,2,0,49,3,285,441.8,10.3,0.0,45.2,9,166,1,0,17,0.00,0.02,0.02,22.65,,,,,,,[],10,3,370,3,583,64,144,2,0.0,2.88,0.0,0.0,1.33,1.35,517,26,20,1,131,14,75,13,1.0,0.24,0.0
202,True,True,,,209288,0,0,-1,1,0,1,-1.0,0.0,0,Tom,0.0,140,False,,,39,209288.jpg,0.0,False,McGill,0.3,False,,a,6,36,0,13583,137,22262,81,0.0,0.0,McGill,39.0,2021-02-02,2000-03-25,False,p209288,0,0,0,0,0,0,0,0,0,0,0,0,0,0.0,0.0,0.0,0.0,0,0,0,0,0,0.00,0.00,0.00,0.00,,,,,,,[],484,41,469,28,435,13,483,41,0.0,0.0,0.0,0.0,0.0,0.0,703,74,434,36,491,41,301,41,0.0,0.0,0.0
203,True,False,0.0,0.0,472739,0,0,0,0,0,1,0.0,0.0,0,Carl,0.0,141,False,Has joined Coventry City on loan for the rest of the season.,2025-07-25T14:54:18.206318Z,40,472739.jpg,0.0,False,Rushworth,0.0,False,,u,6,36,0,0,0,229,1,0.0,0.0,Rushworth,241.0,2023-07-01,2001-07-02,False,p472739,0,0,0,0,0,0,0,0,0,0,0,0,0,0.0,0.0,0.0,0.0,0,0,0,0,0,0.00,0.00,0.00,0.00,,,,,,,[],538,70,526,59,493,44,538,70,0.0,0.0,0.0,0.0,0.0,0.0,651,55,490,65,546,70,750,86,0.0,0.0,0.0
204,True,False,0.0,0.0,240514,0,0,0,0,0,1,0.0,0.0,0,Kjell,0.0,142,False,Has joined Union SG permanently,2025-07-25T14:53:26.961790Z,40,240514.jpg,0.0,False,Scherpen,0.0,False,,u,6,36,0,0,0,188,0,0.0,0.0,Scherpen,152.0,2021-07-16,2000-01-23,False,p240514,0,0,0,0,0,0,0,0,0,0,0,0,0,0.0,0.0,0.0,0.0,0,0,0,0,0,0.00,0.00,0.00,0.00,,,,,,,[],528,64,516,53,483,38,528,64,0.0,0.0,0.0,0.0,0.0,0.0,640,49,480,59,536,64,751,87,0.0,0.0,0.0
205,True,True,,,204120,0,0,-3,3,0,2,0.3,1.3,7,Olivier,1.3,143,False,,,42,204120.jpg,2.7,False,Boscagli,0.1,False,,a,6,36,8,3622,75,10357,29,0.3,1.9,Boscagli,73.0,2025-07-02,1997-11-18,False,p204120,142,0,0,1,1,0,0,0,1,0,0,1,40,37.2,10.2,2.0,5.0,12,10,3,15,2,0.00,0.11,0.11,2.48,,,,,,,[],367,136,372,132,392,145,393,137,0.0,0.0,0.07,0.07,1.57,0.63,607,148,247,85,206,76,498,180,1.27,0.63,9.51
206,True,True,,,550090,0,0,-3,3,0,2,0.2,1.2,7,Diego,1.2,144,False,,,42,550090.jpg,2.5,False,Coppola,0.1,False,,a,6,36,10,1920,75,6480,19,0.3,2.4,Coppola,106.0,2025-06-17,2003-12-28,False,p550090,107,0,0,1,1,0,0,0,1,0,0,0,32,36.6,2.5,0.0,3.9,14,4,1,15,1,0.00,0.01,0.01,1.60,,,,,,,[],369,138,404,145,535,222,408,146,0.0,0.0,0.01,0.01,1.35,0.84,615,154,261,88,223,82,567,204,0.84,0.84,12.62
207,True,True,100.0,100.0,465730,0,0,-2,2,1,2,4.0,5.0,6,Maxim,5.0,145,False,,2025-09-13T21:30:07.998380Z,43,465730.jpg,3.3,False,De Cuyper,2.2,False,,a,6,36,46,173610,6048,576491,1183,1.2,10.7,De Cuyper,21.0,2025-07-05,2000-12-22,False,p465730,763,2,0,3,12,0,0,0,1,0,0,6,178,177.4,263.5,113.0,55.5,23,35,10,33,9,1.23,1.92,3.15,12.39,3.0,,6.0,,,,[],185,77,41,5,137,23,94,25,0.15,0.0,0.23,0.38,1.46,1.42,563,136,19,6,130,50,125,48,1.06,0.35,3.89
208,True,True,100.0,0.0,83299,0,0,0,0,0,2,0.3,0.0,0,Lewis,1.3,146,False,,2025-12-13T19:30:10.698808Z,45,83299.jpg,2.3,False,Dunk,0.9,False,,a,6,36,37,104236,138,157592,1662,0.3,8.2,Dunk,241.0,2009-07-01,1991-11-21,False,p83299,1395,0,1,3,22,0,0,0,5,0,0,0,194,274.6,43.8,64.0,38.4,90,68,15,105,15,0.57,0.14,0.71,20.40,,,1.0,,,,[],97,44,283,90,221,60,184,61,0.04,0.0,0.01,0.05,1.32,1.42,397,74,248,86,246,92,193,76,0.97,0.19,6.77
209,True,False,0.0,0.0,204214,0,0,0,0,0,2,0.0,0.0,0,Pervis,0.0,147,False,Has joined AC Milan permanently,2025-07-24T10:14:09.955203Z,45,204214.jpg,0.0,False,Estupiñán Tenorio,0.0,False,,u,6,36,0,0,0,1938,0,0.0,0.0,Estupiñan,62.0,2022-07-16,1998-01-21,False,p204214,0,0,0,0,0,0,0,0,0,0,0,0,0,0.0,0.0,0.0,0.0,0,0,0,0,0,0.00,0.00,0.00,0.00,,,,,,,[],638,239,631,239,614,236,639,239,0.0,0.0,0.0,0.0,0.0,0.0,408,79,604,233,643,239,705,240,0.0,0.0,0.0
210,True,True,,,231416,0,0,-1,1,0,2,2.0,3.0,6,Ferdi,3.0,148,False,,,44,231416.jpg,2.5,False,Kadıoğlu,0.2,False,,a,6,36,40,31826,505,29120,214,0.7,9.1,F.Kadıoğlu,219.0,2024-08-27,1999-10-07,False,p231416,1242,0,0,4,18,0,0,0,4,0,0,1,178,185.8,144.9,84.0,41.7,44,55,29,73,13,0.69,1.20,1.89,18.20,2.0,,,,,,"[{'property': 'suspension_risk', 'notes': 'This player currently has four yellow cards in the Premier League and will face a one-match suspension should they receive another before Gameweek 20.', 'gameweek': None, 'url': None}]",177,74,116,28,179,37,168,56,0.05,0.0,0.09,0.14,1.32,1.3,502,110,117,44,227,85,342,124,0.94,0.29,5.29
211,True,False,0.0,0.0,232792,0,0,-1,1,0,2,0.0,0.0,0,Tariq,0.0,150,False,has joined Fiorentina permanently.,2025-09-02T12:06:29.254107Z,44,232792.jpg,0.0,False,Lamptey,0.1,False,,u,6,36,0,2778,0,37851,41,0.0,0.0,Lamptey,81.0,2020-01-31,2000-09-30,False,p232792,0,0,0,0,0,0,0,0,0,0,0,0,0,0.0,0.0,0.0,0.0,0,0,0,0,0,0.00,0.00,0.00,0.00,,,,,,,[],607,237,599,237,576,232,608,237,0.0,0.0,0.0,0.0,0.0,0.0,504,112,571,229,613,236,476,174,0.0,0.0,0.0
212,True,True,,,469142,0,0,1,-1,1,2,3.3,4.3,0,Jan Paul,4.3,151,False,,,46,469142.jpg,4.1,False,van Hecke,4.4,False,,a,6,36,66,604733,3956,188708,9317,0.9,14.3,Van Hecke,152.0,2020-09-10,2000-06-08,False,p469142,1440,3,1,3,23,1,0,0,3,0,0,4,238,481.8,87.6,178.0,75.0,101,49,24,125,16,1.79,0.58,2.36,21.26,,,,,,,[],5,3,189,50,76,6,42,3,0.11,0.0,0.04,0.15,1.33,1.44,387,71,42,17,72,30,87,29,1.0,0.19,7.81
213,True,True,100.0,100.0,111478,0,0,-2,2,0,2,-0.3,0.7,1,Joël,0.7,152,False,,2025-10-02T13:00:07.706508Z,43,111478.jpg,1.2,False,Veltman,0.1,False,,a,6,36,11,9240,57,25976,59,0.2,2.6,Veltman,152.0,2020-07-29,1992-01-15,False,p111478,403,0,0,0,7,0,0,0,3,0,0,0,49,100.6,47.2,10.0,15.9,27,15,20,47,4,0.00,0.06,0.06,8.08,,,,,,,[],267,104,275,86,349,122,317,107,0.0,0.0,0.01,0.01,1.8,1.56,546,123,317,112,392,142,449,166,0.89,0.0,10.5
214,True,True,0.0,0.0,110735,0,0,-1,1,0,2,0.0,0.0,0,Adam,0.0,153,False,Knee injury - Unknown return date,2025-08-08T14:30:04.202011Z,44,110735.jpg,0.0,False,Webster,0.0,False,,i,6,36,0,605,2,1430,4,0.0,0.0,Webster,241.0,2019-08-03,1995-01-04,False,p110735,0,0,0,0,0,0,0,0,0,0,0,0,0,0.0,0.0,0.0,0.0,0,0,0,0,0,0.00,0.00,0.00,0.00,,,,,,,[],604,235,596,235,573,230,605,235,0.0,0.0,0.0,0.0,0.0,0.0,494,103,567,226,610,234,721,244,0.0,0.0,0.0
215,True,False,0.0,0.0,439135,0,0,0,0,0,2,0.0,0.0,0,Eiran,0.0,154,False,Has joined Birmingham on loan for the rest of the season.,2025-07-28T11:50:54.390347Z,40,439135.jpg,0.0,False,Cashin,0.0,False,,u,6,36,0,0,0,744,2,0.0,0.0,Cashin,104.0,2025-01-31,2001-11-09,False,p439135,0,0,0,0,0,0,0,0,0,0,0,0,0,0.0,0.0,0.0,0.0,0,0,0,0,0,0.00,0.00,0.00,0.00,,,,,,,[],530,201,518,201,485,190,530,201,0.0,0.0,0.0,0.0,0.0,0.0,642,167,482,185,538,200,733,247,0.0,0.0,0.0
216,True,False,0.0,0.0,589100,0,0,0,0,0,2,0.0,0.0,0,Jacob,0.0,155,False,has joined Harrogate Town on loan until January.,2025-09-22T21:52:58.462370Z,40,589100.jpg,0.0,False,Slater,0.1,False,,u,6,36,0,3175,0,15770,30,0.0,0.0,Slater,,,,False,p589100,0,0,0,0,0,0,0,0,0,0,0,0,0,0.0,0.0,0.0,0.0,0,0,0,0,0,0.00,0.00,0.00,0.00,,,,,,,[],562,221,550,221,518,211,562,221,0.0,0.0,0.0,0.0,0.0,0.0,679,192,515,206,570,220,468,171,0.0,0.0,0.0
217,True,True,,,547720,0,0,-1,1,0,2,-1.0,0.0,0,Charlie,0.0,156,False,,,39,547720.jpg,0.0,False,Tasker,0.1,False,,a,6,36,0,6873,41,13066,43,0.0,0.0,Tasker,241.0,2025-03-28,2006-02-24,False,p547720,0,0,0,0,0,0,0,0,0,0,0,0,0,0.0,0.0,0.0,0.0,0,0,0,0,0,0.00,0.00,0.00,0.00,,,,,,,[],506,190,492,190,458,178,506,190,0.0,0.0,0.0,0.0,0.0,0.0,732,222,457,173,514,189,412,155,0.0,0.0,0.0
218,True,True,100.0,100.0,451340,0,0,-4,4,0,3,-0.7,0.3,1,Mitoma,0.3,157,False,,2025-10-02T13:00:07.769683Z,61,451340.jpg,2.8,False,Kaoru,1.8,False,,a,6,36,22,175667,860,758378,757,0.0,3.6,Mitoma,108.0,2021-08-09,1997-05-20,False,p451340,560,1,1,1,8,0,0,0,1,0,0,0,67,98.4,140.2,106.0,34.2,7,13,3,23,6,0.95,0.49,1.44,8.71,,,,,,,[],272,118,122,89,146,85,216,110,0.15,0.0,0.08,0.23,1.4,1.29,83,54,368,172,201,89,138,46,0.96,0.16,3.7
219,True,True,100.0,100.0,463067,0,0,-4,4,0,3,2.2,3.2,3,Georginio,3.2,158,False,,2025-11-30T22:30:09.146377Z,56,463067.jpg,3.3,False,Rutter,0.4,False,,a,6,36,49,77511,540,191001,428,0.6,8.8,Georginio,73.0,2024-08-19,2002-04-20,False,p463067,1082,1,4,5,11,0,0,0,2,0,0,2,163,177.8,208.5,268.0,65.5,25,31,13,69,13,1.67,1.80,3.47,12.93,,,,,,,[],183,75,70,52,38,23,67,42,0.14,0.0,0.15,0.29,1.08,0.91,131,83,109,47,139,62,277,95,1.08,0.42,5.74
220,True,True,0.0,0.0,109345,0,0,-2,2,0,3,0.0,0.0,0,Solly,0.0,159,False,Knee injury - Expected back 03 Jan,2025-08-10T18:00:05.450301Z,58,109345.jpg,0.0,False,March,0.0,False,,i,6,36,0,538,3,2343,2,0.0,0.0,March,241.0,2012-07-01,1994-07-20,False,p109345,0,0,0,0,0,0,0,0,0,0,0,0,0,0.0,0.0,0.0,0.0,0,0,0,0,0,0.00,0.00,0.00,0.00,,,,,,,[],756,334,756,334,754,333,756,334,0.0,0.0,0.0,0.0,0.0,0.0,105,69,747,331,755,334,715,309,0.0,0.0,0.0
221,True,True,,,592031,0,0,1,-1,0,3,3.0,4.0,3,Yankuba,4.0,160,False,,,61,592031.jpg,4.4,False,Minteh,7.0,False,,a,6,36,74,1766878,7235,1060639,19536,0.7,12.1,Minteh,78.0,2024-07-01,2004-07-22,False,p592031,1441,1,7,6,20,0,0,0,0,0,0,6,273,272.0,409.7,368.0,105.2,17,60,29,106,17,2.66,2.61,5.27,20.95,1.0,,,,,,[],99,32,10,10,11,4,13,11,0.17,0.0,0.16,0.33,1.31,1.25,85,56,61,29,55,21,61,21,1.06,0.37,6.62
222,True,False,0.0,0.0,474120,0,0,-1,1,0,3,0.0,0.0,0,Julio,0.0,161,False,has joined Strasbourg permanently.,2025-08-10T18:00:05.470138Z,54,474120.jpg,0.0,False,Enciso Espínola,0.0,False,,u,6,36,0,105,0,2915,2,0.0,0.0,Enciso,168.0,2022-06-17,2004-01-23,False,p474120,0,0,0,0,0,0,0,0,0,0,0,0,0,0.0,0.0,0.0,0.0,0,0,0,0,0,0.00,0.00,0.00,0.00,,,,,,,[],749,328,748,328,744,327,749,328,0.0,0.0,0.0,0.0,0.0,0.0,171,106,736,322,748,328,708,305,0.0,0.0,0.0
223,True,True,100.0,100.0,513433,0,0,-1,1,0,3,0.3,1.3,2,Brajan,1.3,162,False,,2025-10-16T12:30:10.115478Z,54,513433.jpg,2.1,False,Gruda,0.1,False,,a,6,36,27,13589,73,15221,40,0.2,5.0,Gruda,80.0,2024-08-14,2004-05-31,False,p513433,468,1,1,1,9,0,0,0,2,0,0,2,85,106.2,151.5,120.0,37.7,2,30,12,44,5,1.81,0.70,2.51,8.78,,,,,,,[],256,113,111,82,127,75,188,95,0.35,0.0,0.13,0.48,1.69,1.73,177,110,257,120,279,125,558,203,0.96,0.19,8.46
224,True,True,100.0,100.0,532529,0,0,-4,4,0,3,2.7,3.7,3,Jack,3.7,163,False,,2025-09-13T21:30:08.019508Z,51,532529.jpg,2.9,False,Hinshelwood,0.0,False,,a,6,36,26,5312,181,12263,49,0.7,5.1,Hinshelwood,241.0,2022-12-30,2005-04-11,False,p532529,408,1,2,1,9,0,0,0,0,0,0,1,97,86.2,45.8,31.0,16.5,11,19,6,36,4,0.38,0.15,0.53,9.25,,,,,,,[],288,126,279,160,292,154,314,152,0.08,0.0,0.03,0.11,2.04,1.99,239,147,81,36,184,82,570,210,0.88,0.22,7.94
225,True,False,0.0,0.0,219249,0,0,0,0,1,3,0.0,0.0,0,Matt,0.0,164,False,has joined Marseille on loan for the rest of the season.,2025-09-02T12:06:29.272628Z,55,219249.jpg,6.0,False,O'Riley,0.4,False,,u,6,36,12,130744,0,197495,91,0.0,2.2,O'Riley,58.0,2024-08-26,2000-11-21,False,p219249,177,1,0,1,2,0,0,0,0,0,0,2,36,60.8,66.6,63.0,19.0,3,2,4,9,2,1.21,0.17,1.38,2.12,,,,,,,[],325,147,233,143,226,126,303,146,0.62,0.0,0.09,0.71,1.08,1.02,141,89,743,328,8,4,291,101,1.02,0.51,4.58
226,True,False,0.0,0.0,516211,0,0,-1,1,0,3,0.0,0.0,0,Abdallah,0.0,165,False,has joined Lens permanently.,2025-09-02T12:06:29.290672Z,54,516211.jpg,0.0,False,Sima,0.0,False,,u,6,36,0,247,0,2198,0,0.0,0.0,Sima,189.0,2021-08-30,2001-06-17,False,p516211,0,0,0,0,0,0,0,0,0,0,0,0,0,0.0,0.0,0.0,0.0,0,0,0,0,0,0.00,0.00,0.00,0.00,,,,,,,[],750,329,749,329,745,328,750,329,0.0,0.0,0.0,0.0,0.0,0.0,178,111,738,324,749,329,698,298,0.0,0.0,0.0
227,True,True,100.0,100.0,509416,0,0,-2,2,0,3,0.8,1.8,3,Yasin,1.8,166,False,,2025-12-04T09:30:08.531025Z,48,509416.jpg,2.7,False,Ayari,0.2,False,,a,6,36,40,51350,279,56348,127,0.4,8.3,Ayari,206.0,2023-01-30,2003-10-06,False,p509416,1167,1,0,4,13,0,0,0,0,0,0,2,209,165.8,153.2,143.0,46.3,27,76,29,132,12,1.90,0.62,2.52,14.98,4.0,,5.0,,,,[],194,80,108,79,99,61,141,73,0.15,0.0,0.05,0.2,1.16,1.0,363,226,203,91,211,92,374,125,0.93,0.31,10.18
228,True,True,0.0,0.0,535301,0,0,-4,4,0,3,0.0,0.0,0,Carlos,1.5,167,False,On international duty at the Africa Cup of Nations from Gameweek 17 onwards. - Unknown return date,2025-12-13T14:30:11.072266Z,46,535301.jpg,1.6,False,Baleba,1.5,False,,n,6,36,25,146783,70,497375,2469,0.3,5.4,Baleba,38.0,2023-08-29,2004-01-03,False,p535301,894,0,0,4,13,0,0,0,4,0,0,0,97,63.2,68.4,16.0,14.7,35,51,18,104,14,0.21,0.22,0.43,12.92,,,,,,,"[{'property': 'suspension_risk', 'notes': 'This player currently has four yellow cards in the Premier League and will face a one-match suspension should they receive another before Gameweek 20.', 'gameweek': None, 'url': None}]",320,146,227,141,333,174,323,156,0.02,0.0,0.02,0.04,1.3,1.31,391,241,234,109,337,153,152,49,1.41,0.4,10.47
229,True,True,100.0,0.0,514254,0,0,-1,1,1,3,0.3,0.0,0,Diego,1.3,169,False,,2025-12-13T19:30:10.729938Z,49,514254.jpg,2.4,False,Gómez Amarilla,0.1,False,,a,6,36,36,51003,78,44219,359,0.3,7.3,Gomez,168.0,2025-01-01,2003-03-27,False,p514254,956,2,0,3,15,0,0,0,5,0,0,3,160,209.8,179.7,254.0,64.4,21,41,34,96,11,3.54,0.82,4.36,12.95,,,3.0,,,,[],149,58,83,60,43,27,71,46,0.33,0.0,0.08,0.41,1.22,1.41,330,203,254,119,236,105,404,132,1.04,0.28,9.04
230,True,True,100.0,100.0,15157,0,0,-1,1,0,3,-0.7,0.3,1,James,0.3,170,False,,2025-10-28T21:00:08.282346Z,49,15157.jpg,1.9,False,Milner,0.1,False,,a,6,36,17,15158,95,20574,58,0.1,3.5,Milner,241.0,2023-07-01,1986-01-04,False,p15157,209,1,1,0,7,0,0,0,1,0,0,0,72,85.4,83.8,21.0,19.0,7,13,3,23,1,0.85,0.52,1.37,3.67,5.0,,,,1.0,,[],289,127,198,130,315,166,301,145,0.37,0.0,0.22,0.59,1.58,3.01,282,175,360,166,296,134,464,154,0.43,0.0,9.9
231,True,False,0.0,0.0,441192,0,0,-1,1,0,3,0.0,0.0,0,Jeremy,0.0,171,False,has joined Cremonese on loan for the rest of the season.,2025-09-02T12:06:29.308383Z,49,441192.jpg,0.0,False,Sarmiento Morante,0.0,False,,u,6,36,0,196,0,2893,3,0.0,0.0,Sarmiento,62.0,2021-09-21,2002-06-16,False,p441192,0,0,0,0,0,0,0,0,0,0,0,0,0,0.0,0.0,0.0,0.0,0,0,0,0,0,0.00,0.00,0.00,0.00,,,,,,,[],720,309,716,309,709,307,720,309,0.0,0.0,0.0,0.0,0.0,0.0,321,197,698,297,719,309,677,285,0.0,0.0,0.0
232,True,True,100.0,100.0,549074,0,0,-2,2,0,3,-0.8,0.2,1,Tom,0.2,172,False,,2025-08-10T18:00:05.491553Z,48,549074.jpg,1.0,False,Watson,0.0,False,,a,6,36,3,1801,25,3085,19,0.0,0.6,Watson,241.0,2025-06-01,2006-04-08,False,p549074,43,0,0,0,2,0,0,0,0,0,0,0,12,5.8,1.9,7.0,1.5,0,2,1,3,0,0.04,0.01,0.05,0.89,,,,,,,[],429,195,409,199,366,185,432,198,0.08,0.0,0.02,0.1,1.86,4.19,365,228,390,183,434,203,622,249,0.0,0.0,6.28
233,True,True,100.0,100.0,467779,0,0,-1,1,0,3,2.5,3.5,1,Mats,3.5,173,False,,2025-09-01T10:30:07.953121Z,49,467779.jpg,3.8,False,Wieffer,0.4,False,,a,6,36,57,75214,626,39384,758,0.7,11.6,Wieffer,152.0,2024-07-06,1999-11-16,False,p467779,1134,0,4,3,16,0,0,0,4,0,0,3,243,287.4,218.4,120.0,62.7,63,65,45,173,13,0.97,1.46,2.43,15.46,,,,,,,"[{'property': 'suspension_risk', 'notes': 'This player currently has four yellow cards in the Premier League and will face a one-match suspension should they receive another before Gameweek 20.', 'gameweek': None, 'url': None}]",86,26,65,49,126,74,74,48,0.08,0.0,0.12,0.2,1.23,1.27,325,200,91,41,87,38,278,96,1.03,0.24,13.73
234,True,False,0.0,0.0,611695,0,0,0,0,0,3,0.0,0.0,0,Malick,0.0,174,False,Has joined Swansea City on loan for the rest of the season.,2025-08-15T12:03:00.771795Z,50,611695.jpg,0.0,False,Yalcouyé,0.0,False,,u,6,36,0,0,0,1253,2,0.0,0.0,Yalcouye,54.0,2024-07-12,2005-11-18,False,p611695,0,0,0,0,0,0,0,0,0,0,0,0,0,0.0,0.0,0.0,0.0,0,0,0,0,0,0.00,0.00,0.00,0.00,,,,,,,[],738,322,736,322,728,320,738,322,0.0,0.0,0.0,0.0,0.0,0.0,280,174,718,311,737,322,731,319,0.0,0.0,0.0
235,True,True,,,567121,0,0,-1,1,0,3,-1.0,0.0,0,Joe,0.0,175,False,,,44,567121.jpg,1.0,False,Knight,0.1,False,,a,6,36,1,9081,81,11389,54,0.0,0.2,Knight,241.0,2025-01-31,2005-09-21,False,p567121,1,0,0,0,0,0,0,0,0,0,0,0,3,0.0,0.0,0.0,0.0,0,0,0,0,0,0.00,0.00,0.00,0.00,,,,,,,[],624,237,617,238,595,232,625,238,0.0,0.0,0.0,0.0,0.0,0.0,531,314,590,219,418,190,495,170,0.0,0.0,0.0
236,True,False,0.0,0.0,550141,0,0,0,0,0,3,0.0,0.0,0,Adrian,0.0,176,False,has joined Dinamo Bucharest permanently.,2025-09-22T21:46:15.598017Z,45,550141.jpg,0.0,False,Mazilu,0.0,False,,u,6,36,0,1435,0,4405,6,0.0,0.0,Mazilu,,,,False,p550141,0,0,0,0,0,0,0,0,0,0,0,0,0,0.0,0.0,0.0,0.0,0,0,0,0,0,0.00,0.00,0.00,0.00,,,,,,,[],665,268,659,268,644,265,666,269,0.0,0.0,0.0,0.0,0.0,0.0,447,270,632,251,670,273,655,271,0.0,0.0,0.0
237,True,False,0.0,0.0,513834,0,0,0,0,0,3,0.0,0.0,0,Andrew,0.0,177,False,Has joined Los Angeles FC on loan for the rest of the season.,2025-08-22T14:16:38.542849Z,45,513834.jpg,0.0,False,Moran,0.0,False,,u,6,36,0,490,0,4977,6,0.0,0.0,Moran,104.0,2021-08-23,2003-10-15,False,p513834,0,0,0,0,0,0,0,0,0,0,0,0,0,0.0,0.0,0.0,0.0,0,0,0,0,0,0.00,0.00,0.00,0.00,,,,,,,[],659,262,653,262,638,259,660,263,0.0,0.0,0.0,0.0,0.0,0.0,439,263,626,245,664,267,671,280,0.0,0.0,0.0
238,True,True,75.0,75.0,50175,-1,1,-1,1,2,4,1.0,1.7,0,Danny,2.3,178,False,Back injury - 75% chance of playing,2025-12-19T14:00:08.695558Z,64,50175.jpg,3.7,False,Welbeck,6.6,False,,d,6,36,59,1744734,670,1487983,61942,0.4,9.2,Welbeck,241.0,2020-10-18,1990-11-26,False,p50175,984,7,0,3,16,0,0,1,2,0,0,8,240,265.6,137.7,287.0,68.6,14,21,9,44,11,5.55,0.59,6.14,13.74,,,2.0,,2.0,,[],107,9,126,6,33,14,61,11,0.51,0.0,0.05,0.56,1.26,1.46,59,20,172,21,101,10,65,12,1.01,0.27,4.02
239,True,False,0.0,0.0,487117,0,0,0,0,0,4,0.0,0.0,0,Evan,0.0,179,False,Has joined AS Roma on loan for the rest of the season,2025-07-24T10:13:22.396984Z,55,487117.jpg,0.0,False,Ferguson,0.0,False,,u,6,36,0,0,0,1534,0,0.0,0.0,Ferguson,104.0,2021-08-23,2004-10-19,False,p487117,0,0,0,0,0,0,0,0,0,0,0,0,0,0.0,0.0,0.0,0.0,0,0,0,0,0,0.00,0.00,0.00,0.00,,,,,,,[],755,80,754,80,752,80,755,80,0.0,0.0,0.0,0.0,0.0,0.0,150,36,745,77,754,80,712,83,0.0,0.0,0.0
240,True,True,0.0,0.0,608181,0,0,-2,2,0,4,0.0,0.0,0,Stefanos,1.0,180,False,Knee injury - Expected back 01 Jun,2025-12-04T09:00:09.057817Z,53,608181.jpg,1.8,False,Tzimas,0.1,False,,i,6,36,16,12730,5,21383,101,0.2,3.0,Tzimas,83.0,2025-02-03,2006-01-06,False,p608181,132,1,1,0,2,0,0,0,0,0,0,0,55,66.6,65.7,44.0,17.7,2,10,3,15,1,0.44,0.11,0.55,2.59,,,,,,,[],316,30,237,25,264,42,309,37,0.3,0.0,0.08,0.38,1.77,1.36,207,44,289,35,314,31,487,70,0.68,0.0,10.23
241,True,True,,,647850,0,0,-2,2,0,4,-0.3,0.7,1,Charalampos,0.7,181,False,,,48,647850.jpg,1.5,False,Kostoulas,0.3,False,,a,6,36,12,37508,386,56248,385,0.1,2.5,Kostoulas,83.0,2025-07-01,2007-05-30,False,p647850,87,1,0,0,3,0,0,0,0,0,0,0,64,53.8,56.1,117.0,22.7,0,12,5,17,0,0.69,0.18,0.87,2.12,,,,,,,[],336,34,255,27,131,34,276,32,0.71,0.0,0.19,0.9,2.19,3.1,367,59,323,38,358,40,295,47,0.0,0.0,17.59
242,True,True,,,556637,0,0,0,0,0,3,-1.0,0.0,0,Nehemiah,0.0,744,False,,,45,556637.jpg,1.0,False,Oriola,0.0,False,,a,6,36,1,1662,26,923,17,0.0,0.2,Oriola,241.0,2025-10-17,2007-06-11,False,p556637,1,0,0,0,0,0,0,0,0,0,0,0,3,0.0,0.0,0.0,0.0,0,0,0,0,0,0.00,0.00,0.00,0.00,,,,,,,[],669,271,663,271,648,268,670,272,0.0,0.0,0.0,0.0,0.0,0.0,452,273,636,254,421,193,700,300,0.0,0.0,0.0
243,True,True,,,604988,0,0,0,0,0,2,0.3,1.3,0,Freddie,0.0,761,False,,,40,604988.jpg,0.0,False,Simmonds,0.0,False,,a,6,36,0,9,9,0,0,0.0,0.0,Simmonds,,,,False,p604988,0,0,0,0,0,0,0,0,0,0,0,0,0,0.0,0.0,0.0,0.0,0,0,0,0,0,0.00,0.00,0.00,0.00,,,,,,,[],565,224,553,224,521,214,565,224,0.0,0.0,0.0,0.0,0.0,0.0,683,196,518,209,573,223,763,254,0.0,0.0,0.0
244,True,True,100.0,100.0,536916,0,0,-4,4,0,3,0.0,0.0,0,Facundo,0.0,168,False,,2025-09-21T22:30:05.997985Z,46,536916.jpg,1.0,False,Buonanotte,0.1,False,,a,7,8,1,9641,56,24284,54,0.0,0.2,Buonanotte,10.0,2025-09-01,2004-12-23,False,p536916,45,0,0,0,1,0,0,0,0,0,0,0,4,5.6,25.1,8.0,3.9,0,2,1,3,1,0.00,0.09,0.09,0.55,,,,,,,"[{'property': 'loan_ineligible', 'notes': 'This player will not be available to face their parent club in Gameweek 34 as part of their loan conditions.', 'gameweek': 34, 'url': None}]",430,196,331,180,358,181,409,188,0.0,0.0,0.18,0.18,1.1,2.0,392,242,667,278,428,199,497,172,2.0,0.0,6.0
245,True,True,,,215059,0,0,-1,1,1,1,5.0,5.0,4,Robert,5.0,220,False,,,49,215059.jpg,3.9,False,Lynch Sánchez,15.0,False,,a,7,8,67,1070683,7949,2078537,5846,1.0,13.7,Sánchez,200.0,2023-08-05,1997-11-18,False,p215059,1444,0,1,8,17,0,0,0,2,1,35,4,275,327.0,50.0,0.0,37.5,15,133,0,0,17,0.00,0.02,0.02,21.30,,,,,,,[],59,11,268,1,703,80,190,9,0.0,2.18,0.0,0.0,1.33,1.06,305,13,23,2,82,8,23,3,1.06,0.5,0.0
246,True,True,,,508479,0,0,-2,2,0,1,0.0,0.0,0,Filip,0.0,221,False,,,43,508479.jpg,1.0,False,Jörgensen,0.2,False,,a,7,8,1,11211,48,21633,68,0.0,0.2,Jörgensen,58.0,2024-07-30,2002-04-16,False,p508479,84,0,0,0,2,0,0,0,0,0,1,0,4,9.4,0.0,0.0,0.9,2,5,0,0,0,0.00,0.00,0.00,1.79,,,,,,,[],418,30,580,75,555,62,440,30,0.0,1.07,0.0,0.0,1.92,2.14,579,31,549,80,414,30,390,59,0.0,0.0,0.0
247,True,False,0.0,0.0,549939,0,0,0,0,0,1,0.0,0.0,0,Mike,0.0,222,False,Has joined RC Strasbourg on loan for the rest of the season.,2025-07-28T11:48:06.001822Z,40,549939.jpg,0.0,False,Penders,0.0,False,,u,7,8,0,0,0,324,1,0.0,0.0,Penders,21.0,2024-08-27,2005-07-31,False,p549939,0,0,0,0,0,0,0,0,0,0,0,0,0,0.0,0.0,0.0,0.0,0,0,0,0,0,0.00,0.00,0.00,0.00,,,,,,,[],552,75,540,64,508,49,552,75,0.0,0.0,0.0,0.0,0.0,0.0,668,60,505,70,560,75,746,85,0.0,0.0,0.0
248,True,True,,,471798,0,0,-1,1,0,1,0.0,0.0,0,Gabriel,0.0,223,False,,,39,471798.jpg,0.0,False,Słonina,0.1,False,,a,7,8,0,8551,57,9788,58,0.0,0.0,Slonina,229.0,2022-08-02,2004-05-15,False,p471798,0,0,0,0,0,0,0,0,0,0,0,0,0,0.0,0.0,0.0,0.0,0,0,0,0,0,0.00,0.00,0.00,0.00,,,,,,,[],492,45,478,32,444,17,492,45,0.0,0.0,0.0,0.0,0.0,0.0,716,78,443,40,500,45,435,67,0.0,0.0,0.0
249,True,True,,,179268,0,0,2,-2,0,2,3.5,3.5,1,Marc,3.5,224,False,,,62,179268.jpg,4.1,False,Cucurella Saseta,22.8,False,,a,7,8,70,2347329,4237,2150995,27992,0.6,11.3,Cucurella,200.0,2022-08-05,1998-07-22,False,p179268,1436,0,2,8,16,0,0,0,3,0,0,5,317,286.6,289.9,107.0,68.3,70,66,33,103,16,0.58,1.99,2.57,21.70,,,,,,,[],90,40,37,3,143,24,62,12,0.04,0.0,0.12,0.16,1.36,1.0,75,2,95,36,79,32,14,5,1.0,0.5,6.46
250,True,True,100.0,100.0,225796,0,0,1,-1,1,2,4.7,4.7,7,Reece,4.7,225,False,,2025-10-13T09:30:08.256625Z,56,225796.jpg,4.6,False,James,9.3,False,,a,7,8,74,1308188,26724,913405,2978,0.8,13.2,James,241.0,2019-05-15,1999-12-08,False,p225796,1111,2,4,5,12,0,0,0,2,0,0,7,298,307.2,293.2,80.0,68.1,43,56,26,69,12,0.74,1.80,2.54,18.86,2.0,,2.0,,,,[],73,31,36,2,188,40,63,13,0.06,0.0,0.15,0.21,1.53,0.97,129,13,37,13,42,20,45,16,0.97,0.41,5.59
251,True,True,100.0,100.0,180736,0,0,5,-5,2,2,6.5,6.5,3,Trevoh,6.5,226,True,,2025-09-28T00:00:08.404840Z,55,180736.jpg,5.9,False,Chalobah,18.9,False,,a,7,8,94,3095570,31555,1065371,11080,1.2,17.1,Chalobah,241.0,2018-02-16,1999-07-05,False,p180736,1380,3,1,8,16,0,0,0,2,1,0,7,344,418.0,77.0,134.0,62.9,113,62,24,137,16,0.92,0.65,1.57,18.55,,,,,,,[],12,4,210,56,107,14,73,15,0.06,0.0,0.04,0.1,1.21,1.04,138,16,8,1,9,3,17,6,1.04,0.52,8.93
252,True,True,0.0,0.0,460028,0,0,-2,2,0,2,0.0,0.0,0,Levi,0.0,227,False,Anterior cruciate ligament - Unknown return date,2025-08-08T14:30:04.255160Z,48,460028.jpg,0.0,False,Samuels Colwill,0.1,False,,i,7,8,0,885,8,29889,19,0.0,0.0,Colwill,241.0,2022-07-01,2003-02-26,False,p460028,0,0,0,0,0,0,0,0,0,0,0,0,0,0.0,0.0,0.0,0.0,0,0,0,0,0,0.00,0.00,0.00,0.00,,,,,,,[],707,248,702,248,691,247,707,248,0.0,0.0,0.0,0.0,0.0,0.0,356,63,680,243,706,247,451,167,0.0,0.0,0.0
253,True,True,100.0,100.0,482609,0,0,0,0,2,2,4.7,4.7,-1,Malo,4.7,228,False,,2025-10-18T18:30:08.275780Z,50,482609.jpg,4.5,False,Gusto,2.6,False,,a,7,8,67,328470,5753,228569,7438,0.9,13.4,Gusto,73.0,2023-01-28,2003-05-19,False,p482609,940,2,2,6,9,0,0,0,1,1,0,7,248,237.2,178.6,102.0,51.8,33,59,24,57,10,1.15,0.70,1.85,15.96,,,,,,,[],126,54,85,22,152,27,109,35,0.11,0.0,0.07,0.18,1.53,0.86,264,43,32,11,47,21,113,44,0.96,0.57,5.46
254,True,True,100.0,100.0,242880,0,0,-1,1,0,2,0.0,0.0,0,Benoît,0.0,229,False,,2025-10-17T12:30:08.541306Z,44,242880.jpg,0.0,False,Badiashile Mukinayi,0.0,False,,a,7,8,0,2760,16,3744,40,0.0,0.0,B.Badiashile,73.0,2023-01-05,2001-03-26,False,p242880,155,0,0,0,4,0,0,0,2,0,0,0,12,24.8,3.7,0.0,2.9,10,6,2,12,2,0.00,0.02,0.02,2.95,,,,,,,[],389,145,399,143,577,233,417,150,0.0,0.0,0.01,0.01,1.71,2.32,506,114,572,230,614,237,657,226,1.16,0.0,6.97
255,True,True,100.0,100.0,444463,0,0,-1,1,0,2,3.8,3.8,1,Wesley,3.8,230,False,,2025-12-10T00:30:09.728628Z,44,444463.jpg,4.2,False,Fofana,0.5,False,,a,7,8,38,62795,1781,36198,614,0.9,8.6,Fofana,73.0,2022-08-31,2000-12-17,False,p444463,667,0,0,4,6,0,0,0,1,0,0,3,161,157.4,10.8,18.0,18.7,69,34,9,78,8,0.25,0.04,0.29,8.73,,,,,,,[],205,84,367,130,325,109,305,103,0.03,0.0,0.01,0.04,1.18,0.81,511,117,64,22,66,26,251,93,1.08,0.54,10.52
256,True,False,0.0,0.0,574458,0,0,0,0,0,2,0.0,0.0,0,Mamadou,0.0,231,False,Has joined RC Strasbourg on loan for the rest of the season.,2025-08-11T01:09:37.642396Z,45,574458.jpg,0.0,False,Sarr,0.0,False,,u,7,8,0,0,0,1921,1,0.0,0.0,M.Sarr,73.0,2025-06-09,2005-08-29,False,p574458,0,0,0,0,0,0,0,0,0,0,0,0,0,0.0,0.0,0.0,0.0,0,0,0,0,0,0.00,0.00,0.00,0.00,,,,,,,[],676,245,670,245,655,243,677,245,0.0,0.0,0.0,0.0,0.0,0.0,459,95,643,239,680,245,717,242,0.0,0.0,0.0
257,True,True,100.0,100.0,109646,0,0,-4,4,0,2,2.2,2.2,0,Tosin,2.2,232,False,,2025-09-26T11:30:06.530261Z,41,109646.jpg,3.0,False,Adarabioyo,0.3,False,,a,7,8,27,99732,267,206008,386,0.5,6.6,Tosin,241.0,2024-07-01,1997-09-24,False,p109646,557,0,0,2,9,0,0,0,1,0,0,2,92,167.8,17.6,19.0,20.5,51,16,13,64,5,0.11,0.22,0.32,8.62,,,,,,,[],192,81,350,121,319,105,293,97,0.02,0.0,0.04,0.06,1.39,1.45,618,156,174,63,173,66,304,112,0.81,0.32,10.34
258,True,True,100.0,100.0,577016,0,0,-1,1,1,2,0.0,0.0,0,Josh,0.0,233,False,,2025-09-24T11:30:08.237944Z,39,577016.jpg,5.4,False,Acheampong,1.4,False,,a,7,8,27,455753,324,406246,1581,0.0,6.9,Acheampong,241.0,2024-03-10,2006-05-05,False,p577016,348,1,0,2,5,0,0,0,0,0,0,5,90,88.4,8.5,60.0,15.8,22,16,2,24,4,0.60,0.04,0.64,7.53,,,,,,,[],283,110,385,137,231,64,318,108,0.16,0.0,0.01,0.17,1.95,1.29,736,224,461,175,13,6,156,63,1.03,0.52,6.21
259,True,False,0.0,0.0,622758,0,0,0,0,0,2,0.0,0.0,0,Aarón,0.0,234,False,has joined Borussia Dortmund on loan for the rest of the season.,2025-09-02T11:35:16.308555Z,40,622758.jpg,0.0,False,Anselmino,0.1,False,,u,7,8,0,1030,0,9739,9,0.0,0.0,Anselmino,10.0,2024-08-08,2005-04-29,False,p622758,0,0,0,0,0,0,0,0,0,0,0,0,0,0.0,0.0,0.0,0.0,0,0,0,0,0,0.00,0.00,0.00,0.00,,,,,,,[],568,227,556,227,524,217,568,227,0.0,0.0,0.0,0.0,0.0,0.0,686,199,521,212,576,226,551,198,0.0,0.0,0.0
260,True,True,100.0,100.0,244851,0,0,-1,1,0,3,2.2,2.2,5,Cole,2.2,235,False,,2025-09-20T23:30:06.610468Z,104,244851.jpg,3.4,False,Palmer,11.3,False,,a,7,8,24,1083006,8119,6444599,4988,0.2,2.3,Palmer,241.0,2023-09-01,2002-05-06,False,p244851,366,2,1,1,5,0,0,0,0,0,0,1,91,98.4,74.4,105.0,27.6,4,17,5,26,5,1.48,0.20,1.68,7.78,,,1.0,,1.0,,[],273,119,214,135,149,88,251,126,0.36,0.0,0.05,0.41,1.91,1.23,3,2,189,84,128,57,34,14,1.23,0.25,6.39
261,True,True,100.0,100.0,247632,0,0,3,-3,1,3,4.3,4.3,2,Pedro,4.3,236,False,,2025-11-09T11:00:08.651575Z,73,247632.jpg,4.6,False,Lomba Neto,9.3,False,,a,7,8,78,1639950,9602,1024923,18122,0.6,10.7,Neto,173.0,2024-08-11,2000-03-09,False,p247632,1324,5,3,8,10,0,0,0,2,0,0,6,313,342.4,425.8,337.0,110.7,10,47,9,66,16,3.09,3.12,6.21,17.83,1.0,,4.0,,,,[],42,10,9,9,19,9,8,7,0.21,0.0,0.21,0.42,1.21,0.68,27,18,48,21,44,16,44,17,1.09,0.54,4.49
262,True,True,100.0,100.0,448047,0,0,0,0,1,3,3.7,3.7,1,Enzo,3.7,237,False,,2025-11-09T11:00:08.666360Z,65,448047.jpg,4.4,False,Fernández,10.3,False,,a,7,8,70,2932719,5983,2350122,22834,0.6,10.8,Enzo,10.0,2023-01-31,2001-01-17,False,p448047,1366,4,2,7,15,0,0,0,2,0,0,6,282,338.8,398.7,363.0,110.2,20,63,24,107,15,6.19,2.87,9.06,18.59,3.0,,3.0,,2.0,,[],47,13,12,12,14,6,10,8,0.41,0.0,0.19,0.6,1.22,0.99,53,34,86,39,56,22,38,15,0.99,0.46,7.05
263,True,True,0.0,0.0,624773,0,0,0,0,0,3,0.0,0.0,0,Estêvão,0.5,238,False,Muscle injury - Expected back 27 Dec,2025-12-17T17:00:10.965534Z,65,624773.jpg,2.3,False,Almeida de Oliveira Gonçalves,2.0,False,,i,7,8,32,634445,140,646938,11941,0.1,4.9,Estêvão,30.0,2025-07-14,2007-04-24,False,p624773,449,1,3,2,4,0,0,0,3,0,0,2,104,108.4,155.8,183.0,44.7,5,22,9,36,6,1.95,1.82,3.77,3.24,4.0,,,,3.0,,[],253,111,104,76,73,45,149,76,0.39,0.0,0.36,0.75,0.65,0.8,58,38,351,163,251,113,130,43,1.2,0.4,7.22
264,True,True,,,463936,0,0,-4,4,0,3,2.0,2.0,0,Jamie,2.0,239,False,,,61,463936.jpg,1.8,False,Bynoe-Gittens,0.1,False,,a,7,8,21,15205,67,37714,150,0.3,3.4,Gittens,241.0,2025-07-05,2004-08-08,False,p463936,423,0,2,1,4,0,0,0,0,0,0,0,83,88.0,127.7,82.0,29.7,6,15,7,28,4,0.75,0.93,1.68,7.17,,,,,,,[],285,125,136,96,184,109,239,122,0.16,0.0,0.2,0.36,1.53,0.85,84,55,194,87,316,143,440,146,0.85,0.21,5.96
265,True,False,0.0,0.0,213198,0,0,-1,1,0,3,0.0,0.0,0,Christopher,0.0,240,False,has joined AC Milan permanently.,2025-09-02T11:35:16.323578Z,59,213198.jpg,0.0,False,Nkunku,0.1,False,,u,7,8,0,2668,0,23467,9,0.0,0.0,Nkunku,73.0,2023-07-01,1997-11-14,False,p213198,0,0,0,0,0,0,0,0,0,0,0,0,0,0.0,0.0,0.0,0.0,0,0,0,0,0,0.00,0.00,0.00,0.00,,,,,,,[],757,335,757,335,756,335,757,335,0.0,0.0,0.0,0.0,0.0,0.0,97,64,749,333,756,335,491,168,0.0,0.0,0.0
266,True,True,100.0,100.0,486672,0,0,2,-2,1,3,0.2,0.2,3,Moisés,0.2,241,False,,2025-11-30T22:30:09.218520Z,57,486672.jpg,4.7,False,Caicedo Corozo,8.9,False,,a,7,8,61,3023683,6918,2818623,6112,0.0,10.7,Caicedo,62.0,2023-08-14,2001-11-02,False,p486672,1072,3,1,4,14,0,0,0,3,1,0,9,270,317.8,138.1,60.0,51.3,51,70,37,158,12,0.62,0.75,1.37,15.75,,,,,,,[],64,18,125,92,235,128,112,63,0.05,0.0,0.06,0.11,1.32,1.18,122,77,403,191,38,14,48,18,1.01,0.34,13.26
267,True,True,,,550615,0,0,-2,2,0,3,0.0,0.0,0,Tyrique,0.0,243,False,,,48,550615.jpg,1.0,False,George,0.1,False,,a,7,8,4,5537,39,7897,33,0.0,0.8,George,241.0,2024-04-15,2006-02-04,False,p550615,142,0,0,1,2,0,0,0,2,0,0,0,2,8.2,7.0,56.0,7.1,0,1,2,3,0,0.32,0.08,0.40,1.65,,,,,,,[],423,193,388,194,239,130,384,180,0.2,0.0,0.05,0.25,1.05,1.27,366,229,683,287,435,204,547,198,0.0,0.63,1.9
268,True,True,0.0,0.0,514356,0,0,-1,1,0,3,0.0,0.0,0,Roméo,0.0,244,False,Thigh injury - Unknown return date,2025-11-06T09:30:08.519036Z,49,514356.jpg,1.0,False,Lavia,0.0,False,,i,7,8,4,2470,3,4357,11,0.0,0.8,Lavia,21.0,2023-08-18,2004-01-06,False,p514356,105,0,0,0,3,0,0,0,0,0,0,0,22,9.6,7.5,2.0,1.8,5,4,2,11,1,0.00,0.05,0.05,2.79,,,,,,,[],417,188,386,192,400,202,429,197,0.0,0.0,0.04,0.04,2.39,2.57,331,204,702,299,437,205,673,282,0.86,0.0,9.43
269,True,True,0.0,0.0,465920,0,0,-1,1,0,3,0.0,0.0,0,Mykhailo,0.0,245,False,Suspended - unknown return date,2025-07-21T10:00:04.824210Z,49,465920.jpg,0.0,False,Mudryk,0.0,False,,s,7,8,0,730,4,1086,5,0.0,0.0,Mudryk,225.0,2023-01-15,2001-01-05,False,p465920,0,0,0,0,0,0,0,0,0,0,0,0,0,0.0,0.0,0.0,0.0,0,0,0,0,0,0.00,0.00,0.00,0.00,,,,,,,[],722,310,718,310,711,308,722,310,0.0,0.0,0.0,0.0,0.0,0.0,324,199,700,298,721,310,711,307,0.0,0.0,0.0
270,True,True,100.0,100.0,532605,0,0,0,0,0,3,1.3,1.3,0,Andrey,1.3,246,False,,2025-10-01T00:30:06.094463Z,45,532605.jpg,1.2,False,Nascimento dos Santos,0.3,False,,a,7,8,15,58044,451,64426,369,0.3,3.3,Andrey Santos,30.0,2023-01-07,2004-05-03,False,p532605,436,0,0,1,5,0,0,0,3,0,0,0,64,67.4,86.3,44.0,19.7,17,23,14,54,4,0.87,0.11,0.98,7.02,,,,,,,[],315,142,193,127,263,142,298,143,0.18,0.0,0.02,0.2,1.45,1.03,444,267,249,116,393,178,310,106,0.83,0.21,11.15
271,True,True,0.0,0.0,491007,0,0,-2,2,0,3,0.0,0.0,0,Dário,0.0,247,False,Thigh injury - Unknown return date,2025-09-11T07:00:06.794916Z,43,491007.jpg,0.0,False,Luís Essugo,0.1,False,,i,7,8,0,10204,23,11825,58,0.0,0.0,D.Essugo,173.0,2025-06-02,2005-03-14,False,p491007,0,0,0,0,0,0,0,0,0,0,0,0,0,0.0,0.0,0.0,0.0,0,0,0,0,0,0.00,0.00,0.00,0.00,,,,,,,[],584,211,575,211,550,206,585,212,0.0,0.0,0.0,0.0,0.0,0.0,571,326,545,194,592,220,557,202,0.0,0.0,0.0
272,True,False,0.0,0.0,611134,0,0,0,0,0,3,0.0,0.0,0,Kendry,0.0,248,False,Has joined RC Strasbourg on loan for the rest of the season.,2025-08-11T01:09:37.664358Z,45,611134.jpg,0.0,False,Páez Andrade,0.0,False,,u,7,8,0,0,0,929,3,0.0,0.0,Paez,,,,False,p611134,0,0,0,0,0,0,0,0,0,0,0,0,0,0.0,0.0,0.0,0.0,0,0,0,0,0,0.00,0.00,0.00,0.00,,,,,,,[],693,289,687,289,672,286,694,290,0.0,0.0,0.0,0.0,0.0,0.0,478,292,660,272,695,291,736,322,0.0,0.0,0.0
273,True,True,,,475168,0,0,-3,3,3,4,2.2,2.2,6,João Pedro,2.2,249,False,,,72,475168.jpg,4.2,False,Junqueira de Jesus,29.8,False,,a,7,8,72,4208001,9306,7182095,28019,0.3,10.0,João Pedro,30.0,2025-07-02,2001-09-26,False,p475168,1350,5,3,7,14,0,0,0,2,0,0,13,302,337.6,316.1,380.0,103.0,23,42,12,77,16,4.86,1.25,6.11,18.99,,,,,,,[],49,3,29,1,9,6,16,3,0.32,0.0,0.08,0.4,1.27,0.93,31,13,188,23,70,7,10,3,1.07,0.47,5.13
274,True,True,0.0,0.0,463034,0,0,-3,3,0,4,0.0,0.0,0,Liam,1.0,250,False,Shoulder injury - Expected back 04 Jan,2025-12-06T20:30:09.280737Z,62,463034.jpg,1.5,False,Delap,0.9,False,,i,7,8,12,75660,16,433733,515,0.2,1.9,Delap,241.0,2025-06-04,2003-02-08,False,p463034,346,0,0,2,4,0,0,0,0,0,0,0,38,13.4,11.4,122.0,14.1,4,6,0,10,6,0.82,0.09,0.91,3.13,,,,,,,[],410,43,365,45,125,33,327,38,0.21,0.0,0.02,0.23,0.81,1.04,80,26,294,36,363,42,191,28,1.56,0.52,2.6
275,True,False,0.0,0.0,517052,0,0,0,0,0,4,0.0,0.0,0,Nicolas,0.0,251,False,has joined Bayern Munich on loan for the rest of the season.,2025-09-02T11:35:16.339917Z,65,517052.jpg,0.0,False,Jackson,0.1,False,,u,7,8,0,4962,0,15087,8,0.0,0.0,N.Jackson,189.0,2023-07-01,2001-06-20,False,p517052,0,0,0,0,0,0,0,0,0,0,0,0,0,0.0,0.0,0.0,0.0,0,0,0,0,0,0.00,0.00,0.00,0.00,,,,,,,[],763,83,763,83,763,83,763,83,0.0,0.0,0.0,0.0,0.0,0.0,57,19,758,80,762,83,502,72,0.0,0.0,0.0
276,True,True,100.0,100.0,499309,1,-1,-2,2,0,4,0.8,0.8,0,Marc,0.8,252,False,,2025-09-24T11:30:08.351112Z,43,499309.jpg,1.3,False,Guiu Paz,8.1,False,,a,7,8,12,1052077,9829,2257494,11094,0.2,2.8,Marc Guiu,200.0,2024-07-01,2006-01-04,False,p499309,247,0,1,0,2,0,0,0,1,0,0,0,19,24.6,38.8,81.0,12.6,4,3,0,7,1,1.46,0.29,1.75,5.65,,,,,,,[],390,42,296,34,185,38,338,39,0.53,0.0,0.11,0.64,2.06,0.73,575,78,302,37,381,44,51,8,0.36,0.0,2.55
277,True,True,,,493105,0,0,-1,1,1,3,1.5,1.5,1,Alejandro,1.5,453,False,,,64,493105.jpg,3.0,False,Garnacho Ferreyra,0.6,False,,a,7,8,33,192702,1308,167154,1180,0.2,5.2,Garnacho,10.0,2025-08-30,2004-07-01,False,p493105,646,1,2,4,7,0,0,0,1,0,0,2,120,109.4,166.4,232.0,50.1,5,26,5,36,8,1.88,2.15,4.03,10.61,,,,,,,[],252,110,93,67,54,34,120,65,0.26,0.0,0.3,0.56,1.48,0.98,65,42,244,115,178,78,240,84,1.11,0.56,5.02
278,True,True,,,551210,0,0,-4,4,0,2,0.0,0.0,0,Jorrel,0.0,672,False,,,46,551210.jpg,0.8,False,Hato,0.2,False,,a,7,8,3,10464,36,34745,73,0.0,0.7,Hato,152.0,2025-08-03,2006-03-07,False,p551210,166,0,0,0,2,0,0,0,2,0,0,0,5,24.0,3.3,6.0,3.2,6,5,2,8,2,0.00,0.01,0.01,2.51,,,,,,,[],391,146,400,144,374,135,412,149,0.0,0.0,0.01,0.01,1.36,1.08,393,73,668,240,456,155,393,145,1.08,0.0,4.34
279,True,True,,,611912,0,0,0,0,0,3,0.0,0.0,0,Landon,0.0,743,False,,,45,611912.jpg,0.0,False,Emenalo,0.0,False,,a,7,8,0,1053,18,794,13,0.0,0.0,Emenalo,241.0,2025-04-01,2008-01-18,False,p611912,0,0,0,0,0,0,0,0,0,0,0,0,0,0.0,0.0,0.0,0.0,0,0,0,0,0,0.00,0.00,0.00,0.00,,,,,,,[],694,290,688,290,673,287,695,291,0.0,0.0,0.0,0.0,0.0,0.0,479,293,661,273,696,292,704,303,0.0,0.0,0.0
280,True,True,,,172649,0,0,1,-1,1,1,3.2,3.2,0,Dean,3.2,253,False,,,51,172649.jpg,3.8,False,Henderson,8.9,False,,a,8,31,64,787535,1972,575185,8151,0.6,12.5,Henderson,241.0,2023-08-31,1997-03-12,False,p172649,1530,0,0,7,19,0,0,0,2,0,41,2,270,313.8,10.0,0.0,32.2,20,132,0,0,17,0.00,0.08,0.08,21.81,,,,,,,[],69,12,380,11,732,83,224,12,0.0,2.41,0.0,0.0,1.28,1.12,230,8,107,10,91,10,47,7,1.0,0.41,0.0
281,True,True,100.0,100.0,121709,0,0,0,0,0,1,0.0,0.0,0,Walter,0.0,254,False,,2025-09-19T14:49:12.216385Z,40,121709.jpg,0.0,False,Benítez,0.3,False,,a,8,31,0,9532,59,25615,85,0.0,0.0,Benitez,10.0,2025-07-01,1993-01-19,False,p121709,0,0,0,0,0,0,0,0,0,0,0,0,0,0.0,0.0,0.0,0.0,0,0,0,0,0,0.00,0.00,0.00,0.00,,,,,,,[],521,61,508,49,474,34,521,61,0.0,0.0,0.0,0.0,0.0,0.0,629,45,473,56,529,61,315,43,0.0,0.0,0.0
282,True,True,,,169593,0,0,-1,1,0,1,0.0,0.0,0,Remi,0.0,255,False,,,39,169593.jpg,0.0,False,Matthews,0.1,False,,a,8,31,0,4414,31,6900,30,0.0,0.0,Matthews,241.0,2021-07-13,1994-02-10,False,p169593,0,0,0,0,0,0,0,0,0,0,0,0,0,0.0,0.0,0.0,0.0,0,0,0,0,0,0.00,0.00,0.00,0.00,,,,,,,[],483,40,468,27,433,12,482,40,0.0,0.0,0.0,0.0,0.0,0.0,701,73,433,35,490,40,461,74,0.0,0.0,0.0
283,True,True,0.0,0.0,247348,0,0,4,-4,2,2,0.0,0.0,0,Daniel,4.8,256,True,Knee injury - Expected back 17 Jan,2025-12-08T08:00:09.019509Z,59,247348.jpg,6.4,False,Muñoz Mejía,9.4,False,,i,8,31,89,3170318,563,3121136,63653,0.8,15.1,Muñoz,48.0,2024-01-30,1996-05-26,False,p247348,1260,3,3,7,11,0,0,0,4,0,0,7,291,336.0,128.1,240.0,70.2,70,54,31,101,14,1.78,1.99,3.77,16.81,,,,,,,"[{'property': 'suspension_risk', 'notes': 'This player currently has four yellow cards in the Premier League and will face a one-match suspension should they receive another before Gameweek 20.', 'gameweek': None, 'url': None}]",51,24,134,32,49,2,53,7,0.13,0.0,0.14,0.27,1.2,0.79,99,6,28,10,3,2,43,15,1.0,0.5,7.21
284,True,True,,,437499,0,0,2,-2,1,2,4.3,4.3,1,Maxence,4.3,257,False,,,52,437499.jpg,4.8,False,Lacroix,7.2,False,,a,8,31,82,1216490,6749,526964,12509,0.8,15.8,Lacroix,73.0,2024-08-30,2000-04-06,False,p437499,1530,0,2,7,19,0,0,0,2,0,0,4,304,361.4,47.1,68.0,47.5,146,51,37,183,17,0.57,0.26,0.83,21.81,,,,,,,[],32,14,277,87,212,55,132,45,0.03,0.0,0.02,0.05,1.28,1.12,214,32,45,18,29,14,58,20,1.0,0.41,10.76
285,True,True,,,244723,0,0,0,0,1,2,2.7,2.7,0,Tyrick,2.7,258,False,,,50,244723.jpg,4.2,False,Mitchell,2.5,False,,a,8,31,71,366253,1581,241303,3249,0.5,14.2,Mitchell,241.0,2019-12-15,1999-09-01,False,p244723,1524,1,0,7,19,0,0,0,2,0,0,5,264,300.4,196.0,91.0,58.8,72,87,51,123,17,0.39,0.94,1.33,21.81,,,,,,,[],82,36,75,18,172,34,86,22,0.02,0.0,0.06,0.08,1.29,1.12,256,40,135,51,68,28,117,45,1.0,0.41,7.26
286,True,True,100.0,100.0,218364,0,0,-2,2,0,2,0.2,0.2,1,Borna,0.2,259,False,,2025-11-27T10:00:06.850858Z,48,218364.jpg,1.0,False,Sosa,0.1,False,,a,8,31,2,7323,66,14995,46,0.0,0.4,Sosa,97.0,2025-07-11,1998-01-21,False,p218364,26,0,0,0,1,0,0,0,0,0,0,0,1,0.0,0.0,0.0,0.0,2,1,1,3,0,0.00,0.06,0.06,0.63,,,,,,,[],706,247,700,247,686,245,706,247,0.0,0.0,0.21,0.21,2.18,3.46,347,60,388,139,431,152,447,165,0.0,0.0,10.38
287,True,True,100.0,100.0,209036,0,0,8,-8,3,2,4.8,4.8,1,Marc,4.8,260,True,,2025-11-10T10:00:08.937102Z,53,209036.jpg,5.8,False,Guéhi,41.5,False,,a,8,31,93,4699046,23543,1184271,18802,0.9,17.5,Guéhi,241.0,2021-07-18,2000-07-13,False,p209036,1440,2,4,6,19,0,0,0,3,0,0,8,318,386.8,124.6,147.0,65.8,104,62,27,131,16,1.29,1.42,2.71,21.43,,,,,,,[],23,10,140,33,96,12,66,14,0.08,0.0,0.09,0.17,1.34,1.19,191,28,27,9,10,4,3,1,1.0,0.38,8.19
288,True,True,100.0,100.0,427623,0,0,1,-1,0,2,3.8,3.8,2,Chris,3.8,261,False,,2025-10-28T21:00:08.429177Z,46,427623.jpg,4.4,False,Richards,4.4,False,,a,8,31,75,732671,3265,360869,3686,0.8,16.3,Richards,229.0,2022-07-27,2000-03-28,False,p427623,1522,0,0,7,19,0,0,0,0,0,0,1,276,350.4,66.1,60.0,47.9,145,26,36,181,17,0.43,1.16,1.59,21.81,,,,,,,[],39,19,234,67,233,66,129,44,0.03,0.0,0.07,0.1,1.29,1.12,385,70,67,25,52,24,88,30,1.01,0.41,10.7
289,True,True,25.0,25.0,515621,0,0,0,0,0,2,0.0,0.0,0,Chadi,0.0,262,False,Lack of match fitness - 25% chance of playing,2025-12-10T22:30:09.761507Z,40,515621.jpg,0.0,False,Riad Dnanou,0.0,False,,d,8,31,0,1324,2,1756,28,0.0,0.0,Chadi Riad,145.0,2024-07-02,2003-06-17,False,p515621,0,0,0,0,0,0,0,0,0,0,0,0,0,0.0,0.0,0.0,0.0,0,0,0,0,0,0.00,0.00,0.00,0.00,,,,,,,[],547,210,535,210,502,199,547,210,0.0,0.0,0.0,0.0,0.0,0.0,662,179,499,194,555,209,674,232,0.0,0.0,0.0
290,True,True,,,57328,0,0,-2,2,0,2,0.7,0.7,1,Nathaniel,0.7,263,False,,,38,57328.jpg,1.2,False,Clyne,0.7,False,,a,8,31,5,63432,1625,54685,366,0.2,1.3,Clyne,241.0,2020-10-14,1991-04-05,False,p57328,220,0,0,0,6,0,0,0,0,0,0,0,11,21.2,13.7,9.0,4.4,12,4,7,19,3,0.34,0.03,0.37,3.41,,,,,,,[],394,148,360,127,352,124,402,143,0.14,0.0,0.01,0.15,1.4,2.45,742,229,312,107,389,139,215,79,1.23,0.0,7.77
291,True,False,0.0,0.0,156074,0,0,0,0,0,2,0.0,0.0,0,Rob,0.0,264,False,Has joined Colorado Rapids permanently.,2025-08-11T01:12:01.613357Z,40,156074.jpg,0.0,False,Holding,0.0,False,,u,8,31,0,0,0,3778,3,0.0,0.0,Holding,241.0,2023-09-01,1995-09-20,False,p156074,0,0,0,0,0,0,0,0,0,0,0,0,0,0.0,0.0,0.0,0.0,0,0,0,0,0,0.00,0.00,0.00,0.00,,,,,,,[],522,197,509,197,475,185,522,197,0.0,0.0,0.0,0.0,0.0,0.0,630,160,474,181,530,196,669,231,0.0,0.0,0.0
292,True,True,0.0,0.0,590012,0,0,0,0,0,2,0.0,0.0,0,Caleb,0.0,265,False,Back injury - Unknown return date,2025-08-10T22:30:04.775923Z,40,590012.jpg,0.0,False,Kporha,0.0,False,,i,8,31,0,460,1,2036,6,0.0,0.0,Kporha,241.0,2024-07-30,2006-07-15,False,p590012,0,0,0,0,0,0,0,0,0,0,0,0,0,0.0,0.0,0.0,0.0,0,0,0,0,0,0.00,0.00,0.00,0.00,,,,,,,[],563,222,551,222,519,212,563,222,0.0,0.0,0.0,0.0,0.0,0.0,680,193,516,207,571,221,697,239,0.0,0.0,0.0
293,True,True,0.0,0.0,232185,0,0,-1,1,1,3,0.0,0.0,0,Ismaïla,1.0,267,False,On international duty at the Africa Cup of Nations from Gameweek 17 onwards. - Unknown return date,2025-11-30T22:30:09.281464Z,64,232185.jpg,4.3,False,Sarr,2.4,False,,n,8,31,52,2222707,34,2541168,5602,0.2,8.1,Sarr,189.0,2024-08-01,1998-02-25,False,p232185,1009,3,1,6,9,0,0,0,1,0,0,6,161,200.8,152.3,214.0,56.8,25,38,10,73,12,4.07,0.56,4.62,14.32,,,,,,,[],160,62,110,81,65,39,90,55,0.36,0.0,0.05,0.41,1.28,0.8,62,39,296,139,64,28,119,39,1.07,0.54,6.51
294,True,True,0.0,0.0,438464,0,0,-1,1,0,3,0.0,0.0,0,Cheick,0.0,268,False,Knee injury - Unknown return date,2025-07-21T10:00:04.882113Z,49,438464.jpg,0.0,False,Doucouré,0.0,False,,i,8,31,0,334,0,565,3,0.0,0.0,Doucouré,132.0,2022-07-11,2000-01-08,False,p438464,0,0,0,0,0,0,0,0,0,0,0,0,0,0.0,0.0,0.0,0.0,0,0,0,0,0,0.00,0.00,0.00,0.00,,,,,,,[],719,308,715,308,708,306,719,308,0.0,0.0,0.0,0.0,0.0,0.0,319,196,697,296,718,308,747,329,0.0,0.0,0.0
295,True,True,,,606921,0,0,-3,3,0,3,0.0,0.0,0,Romain,0.0,269,False,,,47,606921.jpg,1.0,False,Esse,0.1,False,,a,8,31,1,10570,84,25084,54,0.0,0.2,Esse,241.0,2025-01-18,2005-05-13,False,p606921,24,0,0,0,0,0,0,0,0,0,0,0,6,4.6,0.4,2.0,0.7,0,0,2,2,0,0.00,0.01,0.01,0.27,,,,,,,[],434,200,427,204,397,200,442,203,0.0,0.0,0.04,0.04,1.01,0.0,382,238,673,281,429,200,420,136,0.0,0.0,7.5
296,True,True,100.0,100.0,108413,0,0,-3,3,0,3,0.8,0.8,1,Will,0.8,270,False,,2025-11-28T19:00:08.464576Z,47,108413.jpg,1.4,False,Hughes,0.1,False,,a,8,31,19,14228,187,18489,66,0.2,4.0,Hughes,241.0,2021-08-28,1995-04-17,False,p108413,541,0,0,3,7,0,0,0,3,0,0,0,76,71.2,105.6,33.0,20.9,25,21,6,52,6,0.26,0.65,0.91,8.45,5.0,,,,,,[],309,138,166,114,289,152,290,140,0.04,0.0,0.11,0.15,1.41,1.16,371,230,307,143,367,164,471,159,1.0,0.5,8.65
297,True,True,0.0,0.0,209400,0,0,0,0,0,3,0.0,0.0,0,Daichi,2.2,271,False,Hamstring injury - Expected back 21 Feb,2025-12-15T01:30:08.425663Z,50,209400.jpg,3.2,False,Kamada,0.1,False,,i,8,31,45,42744,5,37821,531,0.4,9.0,Kamada,108.0,2024-07-01,1996-08-05,False,p209400,1166,0,2,6,11,0,0,0,1,0,0,0,199,141.0,164.6,110.0,41.6,23,64,39,126,14,0.90,1.54,2.44,14.31,2.0,,,,,,[],225,98,96,70,141,82,169,89,0.07,0.0,0.12,0.19,1.1,0.85,248,153,183,80,148,65,457,151,1.08,0.46,9.73
298,True,True,,,152551,0,0,-1,1,0,3,1.3,1.3,1,Jefferson,1.3,272,False,,,49,152551.jpg,1.9,False,Lerma Solís,0.1,False,,a,8,31,29,6779,47,8988,47,0.3,5.9,Lerma,48.0,2023-07-01,1994-10-25,False,p152551,534,0,2,4,4,0,0,0,3,0,0,1,101,78.2,63.8,66.0,20.8,27,34,8,69,4,0.57,0.38,0.95,6.12,,,,,,,[],301,135,240,146,216,119,291,141,0.1,0.0,0.06,0.16,1.03,0.67,287,177,252,117,297,135,524,184,0.67,0.67,11.63
299,True,True,100.0,100.0,496221,0,0,0,0,0,3,4.8,4.8,3,Adam,4.8,273,False,,2025-10-31T16:30:08.463118Z,50,496221.jpg,3.7,False,Wharton,0.8,False,,a,8,31,55,110136,4032,88643,847,1.0,11.0,Wharton,241.0,2024-02-01,2004-02-06,False,p496221,1208,0,3,5,18,0,0,0,2,0,0,4,260,193.4,309.1,42.0,54.4,37,74,30,141,15,0.74,3.05,3.78,18.24,3.0,,,,,,[],171,68,33,31,270,145,100,60,0.06,0.0,0.23,0.29,1.36,1.34,269,164,26,13,99,41,205,71,1.12,0.37,10.5
300,True,True,,,579075,0,0,-2,2,0,3,0.0,0.0,0,Asher,0.0,274,False,,,43,579075.jpg,0.0,False,Agbinone,0.1,False,,a,8,31,0,4112,60,6288,27,0.0,0.0,Agbinone,241.0,2024-07-30,2005-09-28,False,p579075,0,0,0,0,0,0,0,0,0,0,0,0,0,0.0,0.0,0.0,0.0,0,0,0,0,0,0.00,0.00,0.00,0.00,,,,,,,[],596,220,588,220,565,215,597,221,0.0,0.0,0.0,0.0,0.0,0.0,593,335,559,202,603,228,565,209,0.0,0.0,0.0
301,True,True,,,466117,0,0,-2,2,0,3,0.0,0.0,0,Naouirou,0.0,275,False,,,43,466117.jpg,0.0,False,Ahamada,0.0,False,,a,8,31,0,4607,65,5827,21,0.0,0.0,Ahamada,73.0,2023-01-31,2002-03-29,False,p466117,0,0,0,0,0,0,0,0,0,0,0,0,0,0.0,0.0,0.0,0.0,0,0,0,0,0,0.00,0.00,0.00,0.00,,,,,,,[],581,209,571,209,546,204,582,210,0.0,0.0,0.0,0.0,0.0,0.0,564,323,541,192,589,218,587,222,0.0,0.0,0.0
302,True,True,100.0,100.0,489706,0,0,-2,2,0,3,1.7,1.7,6,Justin,1.7,276,False,,2025-12-12T00:00:10.165623Z,43,489706.jpg,1.5,False,Devenny,1.2,False,,a,8,31,19,158193,3450,218658,795,0.4,4.4,Devenny,242.0,2024-03-13,2003-10-11,False,p489706,211,1,0,0,4,0,0,0,0,0,0,0,54,17.8,32.5,75.0,12.6,1,14,9,24,1,1.71,0.20,1.91,3.07,,,2.0,,,,[],404,181,309,171,193,111,337,162,0.73,0.0,0.09,0.82,1.31,1.71,568,325,218,101,350,161,169,55,0.43,0.0,10.24
303,True,False,0.0,0.0,450535,0,0,0,0,0,3,0.0,0.0,0,Malcolm,0.0,277,False,Has joined Blackpool permanently.,2025-08-11T01:12:01.633662Z,45,450535.jpg,0.0,False,Ebiowei,0.0,False,,u,8,31,0,0,0,730,0,0.0,0.0,Ebiowei,241.0,2022-07-01,2003-09-04,False,p450535,0,0,0,0,0,0,0,0,0,0,0,0,0,0.0,0.0,0.0,0.0,0,0,0,0,0,0.00,0.00,0.00,0.00,,,,,,,[],646,251,639,251,624,248,647,252,0.0,0.0,0.0,0.0,0.0,0.0,422,252,613,234,651,256,748,330,0.0,0.0,0.0
304,True,False,0.0,0.0,450542,0,0,-1,1,0,3,0.0,0.0,0,Jesurun,0.0,278,False,has joined Caykur Rizespor on loan for the rest of the season.,2025-09-22T09:16:14.064898Z,44,450542.jpg,0.0,False,Rak-Sakyi,0.0,False,,u,8,31,0,4176,0,9047,14,0.0,0.0,J.Rak-Sakyi,241.0,2021-04-09,2002-10-05,False,p450542,0,0,0,0,0,0,0,0,0,0,0,0,0,0.0,0.0,0.0,0.0,0,0,0,0,0,0.00,0.00,0.00,0.00,,,,,,,[],612,228,605,229,582,223,613,229,0.0,0.0,0.0,0.0,0.0,0.0,514,303,577,210,619,235,623,250,0.0,0.0,0.0
305,True,False,0.0,0.0,536694,0,0,0,0,0,3,0.0,0.0,0,Matheus,0.0,279,False,Has joined CR Vasco da Gama on loan for the rest of the season.,2025-08-10T22:30:04.849181Z,45,536694.jpg,0.0,False,França de Oliveira,0.0,False,,u,8,31,0,95,0,1615,1,0.0,0.0,M.França,30.0,2023-08-05,2004-04-01,False,p536694,0,0,0,0,0,0,0,0,0,0,0,0,0,0.0,0.0,0.0,0.0,0,0,0,0,0,0.00,0.00,0.00,0.00,,,,,,,[],664,267,658,267,643,264,665,268,0.0,0.0,0.0,0.0,0.0,0.0,446,269,631,250,669,272,724,315,0.0,0.0,0.0
306,True,False,0.0,0.0,531989,0,0,0,0,0,3,0.0,0.0,0,David,0.0,280,False,Has joined Derby County on loan for the rest of the season.,2025-07-30T14:07:45.618291Z,45,531989.jpg,0.0,False,Ozoh,0.0,False,,u,8,31,0,0,0,185,1,0.0,0.0,Ozoh,241.0,2022-07-11,2005-05-06,False,p531989,0,0,0,0,0,0,0,0,0,0,0,0,0,0.0,0.0,0.0,0.0,0,0,0,0,0,0.00,0.00,0.00,0.00,,,,,,,[],662,265,656,265,641,262,663,266,0.0,0.0,0.0,0.0,0.0,0.0,443,266,629,248,667,270,755,334,0.0,0.0,0.0
307,True,True,,,530318,0,0,-1,1,0,3,0.0,0.0,0,Kaden,0.0,281,False,,,44,530318.jpg,0.0,False,Rodney,0.0,False,,a,8,31,0,3954,40,5276,23,0.0,0.0,Rodney,241.0,2022-07-08,2004-10-07,False,p530318,0,0,0,0,0,0,0,0,0,0,0,0,0,0.0,0.0,0.0,0.0,0,0,0,0,0,0.00,0.00,0.00,0.00,,,,,,,[],618,234,611,235,589,229,619,235,0.0,0.0,0.0,0.0,0.0,0.0,524,310,584,216,625,241,579,216,0.0,0.0,0.0
308,True,False,0.0,0.0,574398,0,0,0,0,0,3,0.0,0.0,0,Franco,0.0,282,False,has joined Portsmouth permanently.,2025-09-22T21:43:58.439788Z,45,574398.jpg,0.0,False,Umeh-Chibueze,0.0,False,,u,8,31,0,860,0,2938,7,0.0,0.0,Umeh,104.0,2024-02-18,2005-01-26,False,p574398,0,0,0,0,0,0,0,0,0,0,0,0,0,0.0,0.0,0.0,0.0,0,0,0,0,0,0.00,0.00,0.00,0.00,,,,,,,[],675,276,669,276,654,273,676,277,0.0,0.0,0.0,0.0,0.0,0.0,458,278,642,259,679,280,672,281,0.0,0.0,0.0
309,True,True,100.0,100.0,231747,0,0,3,-3,1,4,2.5,2.5,2,Jean-Philippe,2.5,283,False,,2025-12-10T22:00:09.981733Z,78,231747.jpg,3.8,False,Mateta,15.0,False,,a,8,31,65,4567995,4057,3887859,65565,0.3,8.3,Mateta,73.0,2022-01-31,1997-06-28,False,p231747,1374,7,0,7,14,0,0,0,2,0,0,6,233,328.0,86.1,534.0,94.7,37,35,6,78,17,10.18,0.86,11.04,17.23,,,,,2.0,,[],58,6,194,17,2,2,22,5,0.67,0.0,0.06,0.73,1.13,0.92,18,6,151,16,96,9,24,6,1.11,0.46,5.11
310,True,True,100.0,100.0,205533,0,0,-1,1,0,4,2.3,2.3,2,Eddie,2.3,284,False,,2025-10-30T15:00:09.954721Z,54,205533.jpg,2.0,False,Nketiah,0.6,False,,a,8,31,22,115702,1746,91128,1580,0.4,4.1,Nketiah,241.0,2024-08-30,1999-05-30,False,p205533,382,2,0,0,12,0,0,0,2,0,0,3,98,101.4,71.3,155.0,32.8,12,14,8,34,2,1.77,0.46,2.23,9.58,,,,,,,[],265,24,225,23,88,25,221,25,0.42,0.0,0.11,0.53,2.26,2.83,162,39,166,19,288,28,224,33,0.47,0.0,8.01
311,True,False,0.0,0.0,199670,0,0,0,0,0,4,0.0,0.0,0,Odsonne,0.0,285,False,has joined RC Lens permanently.,2025-08-28T17:00:07.862344Z,50,199670.jpg,1.0,False,Édouard,0.2,False,,u,8,31,1,9044,0,88053,58,0.0,0.2,Édouard,73.0,2021-08-31,1998-01-16,False,p199670,2,0,0,0,0,0,0,0,0,0,0,0,6,2.0,0.0,0.0,0.2,0,0,1,1,0,0.00,0.00,0.00,0.27,,,,,,,[],443,51,724,78,717,78,453,55,0.0,0.0,0.0,0.0,12.15,0.0,244,49,707,72,439,50,353,55,0.0,0.0,45.0
312,True,True,,,576980,0,0,0,0,0,4,0.0,0.0,0,Zach,0.0,286,False,,,45,576980.jpg,0.0,False,Marsh,0.3,False,,a,8,31,0,40260,296,46042,312,0.0,0.0,Marsh,241.0,2023-07-18,2005-10-06,False,p576980,0,0,0,0,0,0,0,0,0,0,0,0,0,0.0,0.0,0.0,0.0,0,0,0,0,0,0.00,0.00,0.00,0.00,,,,,,,[],681,73,675,72,660,72,682,73,0.0,0.0,0.0,0.0,0.0,0.0,464,64,648,65,685,73,305,50,0.0,0.0,0.0
313,True,True,0.0,0.0,590014,0,0,-1,1,0,3,0.0,0.0,0,Rio,0.0,690,False,Groin Injury - Expected back 25 Jan,2025-12-17T17:00:11.927108Z,44,590014.jpg,0.0,False,Cardines,0.3,False,,i,8,31,0,57817,2,49229,367,0.0,0.0,Cardines,217.0,2025-07-24,2006-07-01,False,p590014,0,0,0,0,0,0,0,0,0,0,0,0,0,0.0,0.0,0.0,0.0,0,0,0,0,0,0.00,0.00,0.00,0.00,,,,,,,[],626,238,619,239,597,233,627,239,0.0,0.0,0.0,0.0,0.0,0.0,533,315,592,220,632,244,307,103,0.0,0.0,0.0
314,True,True,100.0,100.0,488024,0,0,-2,2,0,3,3.7,3.7,2,Yéremy,3.7,712,False,,2025-09-20T23:30:07.351615Z,58,488024.jpg,2.5,False,Pino Santos,0.4,False,,a,8,31,37,102404,1062,62736,871,0.6,6.4,Yeremy,200.0,2025-08-29,2002-10-20,False,p488024,1014,1,1,5,13,0,0,0,3,0,0,1,158,153.0,305.5,190.0,64.6,13,47,20,80,13,2.80,2.72,5.52,14.54,1.0,,1.0,,,,[],214,92,34,32,68,41,69,44,0.25,0.0,0.24,0.49,1.29,1.15,111,72,84,37,233,104,290,100,1.15,0.44,7.1
315,True,True,100.0,100.0,651426,0,0,0,0,0,2,0.5,0.5,0,Jaydee,0.5,723,False,,2025-12-10T22:00:10.518689Z,45,651426.jpg,2.8,False,Canvot,0.0,False,,a,8,31,14,2231,16,1828,10,0.1,3.1,Canvot,73.0,2025-09-01,2006-07-29,False,p651426,113,0,0,1,0,0,0,0,0,0,0,2,43,36.8,1.3,8.0,4.7,15,4,4,19,1,0.05,0.07,0.12,0.81,,,,,,,[],368,137,414,152,357,128,398,141,0.04,0.0,0.06,0.1,0.65,0.0,487,98,340,122,193,73,665,229,0.8,0.8,15.13
316,True,True,,,660392,0,0,0,0,0,4,1.2,1.2,4,Christantus,1.2,732,False,,,55,660392.jpg,1.4,False,Uche,0.0,False,,a,8,31,10,8797,161,5901,80,0.2,1.8,Uche,157.0,2025-09-01,2003-05-19,False,p660392,70,0,1,0,3,0,0,0,0,0,0,0,33,6.0,2.9,42.0,5.0,0,4,1,5,0,0.30,0.00,0.30,1.91,,,,,,,[],427,46,403,50,271,43,394,46,0.39,0.0,0.0,0.39,2.46,3.86,152,37,273,33,377,43,590,78,0.0,0.0,6.43
317,True,True,,,672492,0,0,0,0,0,3,1.2,1.2,1,Joél,1.0,762,False,,,45,672492.jpg,1.0,False,Drakes-Thomas,0.0,False,,a,8,31,1,8,8,1,1,0.2,0.2,Drakes-Thomas,,,,False,p672492,4,0,0,0,1,0,0,0,0,0,0,0,3,0.0,0.0,0.0,0.0,0,1,0,1,0,0.00,0.00,0.00,0.08,,,,,,,[],699,295,692,294,677,291,699,295,0.0,0.0,0.0,0.0,1.8,22.5,488,298,280,128,426,197,766,341,0.0,0.0,22.5
318,True,True,0.0,0.0,215413,0,0,1,-1,3,3,0.0,0.0,0,Kiernan,6.7,242,False,Hamstring injury - Unknown return date,2025-12-13T19:30:10.843882Z,51,215413.jpg,5.0,False,Dewsbury-Hall,6.7,False,,i,9,11,75,1492871,991,1172926,64483,1.3,14.7,Dewsbury-Hall,241.0,2025-08-06,1998-09-06,False,p215413,1257,4,3,6,16,0,0,0,5,0,0,10,291,286.8,315.4,189.0,79.1,28,55,26,109,15,1.59,2.75,4.34,17.55,2.0,,,,,,[],88,28,30,28,69,42,35,28,0.11,0.0,0.2,0.31,1.26,1.15,232,142,7,5,22,9,63,22,1.07,0.43,7.8
319,True,True,,,111234,0,0,0,0,2,1,4.7,3.7,2,Jordan,4.7,287,False,,,55,111234.jpg,4.1,False,Pickford,10.7,False,,a,9,11,70,740777,7253,824602,4577,0.9,12.7,Pickford,241.0,2017-07-01,1994-03-07,False,p111234,1530,0,0,6,20,0,1,0,0,0,45,6,274,403.8,0.1,0.0,40.2,28,139,1,0,17,0.00,0.08,0.08,24.44,,,,,,,[],16,5,440,16,748,86,177,6,0.0,2.65,0.0,0.0,1.44,1.18,136,3,34,3,76,6,37,4,1.0,0.35,0.0
320,True,True,,,229600,0,0,-2,2,0,1,0.0,-1.0,0,Mark,0.0,288,False,,,43,229600.jpg,0.0,False,Travers,0.1,False,,a,9,11,0,3317,18,10067,52,0.0,0.0,Travers,104.0,2025-07-15,1999-05-18,False,p229600,0,0,0,0,0,0,0,0,0,0,0,0,0,0.0,0.0,0.0,0.0,0,0,0,0,0,0.00,0.00,0.00,0.00,,,,,,,[],580,82,569,72,544,59,581,82,0.0,0.0,0.0,0.0,0.0,0.0,557,28,538,77,588,82,444,69,0.0,0.0,0.0
321,True,True,,,447325,0,0,-1,1,0,1,0.0,-1.0,0,Harry,0.0,289,False,,,39,447325.jpg,0.0,False,Tyrer,0.1,False,,a,9,11,0,4046,23,7478,29,0.0,0.0,Tyrer,241.0,2021-02-09,2001-12-06,False,p447325,0,0,0,0,0,0,0,0,0,0,0,0,0,0.0,0.0,0.0,0.0,0,0,0,0,0,0.00,0.00,0.00,0.00,,,,,,,[],489,43,474,30,440,15,488,43,0.0,0.0,0.0,0.0,0.0,0.0,711,76,439,38,496,43,448,70,0.0,0.0,0.0
322,True,True,0.0,0.0,480455,0,0,-2,2,0,2,0.0,0.0,0,Jarrad,0.0,290,False,Hamstring injury - Unknown return date,2025-10-17T14:00:10.203776Z,53,480455.jpg,0.0,False,Branthwaite,0.1,False,,i,9,11,0,1665,6,67391,40,0.0,0.0,Branthwaite,241.0,2020-06-20,2002-06-27,False,p480455,0,0,0,0,0,0,0,0,0,0,0,0,0,0.0,0.0,0.0,0.0,0,0,0,0,0,0.00,0.00,0.00,0.00,,,,,,,[],743,252,742,252,737,251,743,252,0.0,0.0,0.0,0.0,0.0,0.0,201,31,729,249,742,251,406,152,0.0,0.0,0.0
323,True,True,,,17761,0,0,0,0,0,2,5.7,4.7,3,James,5.7,291,False,,,55,17761.jpg,4.5,False,Tarkowski,7.5,False,,a,9,11,77,982563,12756,886205,4636,1.0,14.0,Tarkowski,241.0,2022-07-01,1992-11-19,False,p17761,1530,0,1,6,20,0,0,0,4,0,0,5,275,394.4,120.3,94.0,61.1,152,45,23,175,17,0.40,0.99,1.39,24.44,,,,,,,"[{'property': 'suspension_risk', 'notes': 'This player currently has four yellow cards in the Premier League and will face a one-match suspension should they receive another before Gameweek 20.', 'gameweek': None, 'url': None}]",21,8,146,35,167,33,78,18,0.02,0.0,0.06,0.08,1.44,1.18,133,15,11,3,50,23,56,19,1.0,0.35,10.29
324,True,True,100.0,100.0,224967,0,0,-1,1,0,2,3.8,2.8,1,Vitalii,3.8,292,False,,2025-09-05T10:00:06.495475Z,49,224967.jpg,2.9,False,Mykolenko,0.5,False,,a,9,11,40,54185,1945,98712,358,0.8,8.2,Mykolenko,225.0,2022-01-01,1999-05-29,False,p224967,1255,0,0,4,19,0,0,0,4,0,0,1,138,201.4,108.5,34.0,34.3,81,48,19,100,14,0.11,1.08,1.19,19.40,,,,,,,"[{'property': 'suspension_risk', 'notes': 'This player currently has four yellow cards in the Premier League and will face a one-match suspension should they receive another before Gameweek 20.', 'gameweek': None, 'url': None}]",159,68,160,38,286,90,215,71,0.01,0.0,0.08,0.09,1.39,1.36,308,53,68,26,181,70,257,97,1.0,0.29,7.17
325,True,True,,,512462,0,0,-1,1,0,2,3.8,2.8,2,Jake,3.8,293,False,,,49,512462.jpg,3.0,False,O'Brien,0.4,False,,a,9,11,51,44841,805,68037,157,0.8,10.4,O'Brien,104.0,2024-07-30,2001-05-15,False,p512462,1398,0,1,5,19,0,0,0,1,0,0,1,167,224.0,136.8,71.0,43.4,72,45,23,95,15,0.58,0.41,0.99,23.62,,,,,,,[],141,60,127,29,201,47,158,53,0.04,0.0,0.03,0.07,1.52,1.22,329,57,69,27,176,68,268,101,0.97,0.32,6.12
326,True,True,0.0,0.0,59949,0,0,-2,2,0,2,0.0,0.0,0,Séamus,0.2,294,False,Hamstring injury - Unknown return date,2025-11-25T00:00:08.625945Z,43,59949.jpg,1.0,False,Coleman,0.1,False,,i,9,11,3,4899,7,16012,73,0.0,0.7,Coleman,104.0,2009-02-02,1988-10-11,False,p59949,11,0,0,0,0,0,0,0,0,0,0,0,10,0.0,0.1,0.0,0.0,0,1,0,0,1,0.00,0.00,0.00,0.24,,,,,,,[],579,233,433,161,539,224,579,233,0.0,0.0,0.0,0.0,1.96,0.0,542,120,373,134,410,150,470,172,8.18,0.0,0.0
327,True,True,100.0,100.0,106611,1,-1,2,-2,1,2,4.2,3.2,4,Michael,4.2,295,False,,2025-12-03T00:00:08.752358Z,47,106611.jpg,5.1,False,Keane,3.5,False,,a,9,11,81,596735,31062,224532,1661,0.9,17.2,Keane,241.0,2017-07-03,1993-01-11,False,p106611,1414,2,0,5,20,0,0,0,0,0,0,6,228,388.2,22.9,129.0,53.9,143,45,16,159,16,1.16,0.13,1.29,23.61,,,,,,,[],22,9,336,115,115,18,101,28,0.07,0.0,0.01,0.08,1.5,1.27,370,64,51,20,18,8,97,36,1.02,0.32,10.12
328,True,True,100.0,100.0,243571,0,0,-1,1,0,2,0.0,-1.0,0,Nathan,0.0,296,False,,2025-10-17T14:30:10.578096Z,44,243571.jpg,0.0,False,Patterson,0.0,False,,a,9,11,0,1059,19,3177,12,0.0,0.0,Patterson,243.0,2022-01-04,2001-10-16,False,p243571,0,0,0,0,0,0,0,0,0,0,0,0,0,0.0,0.0,0.0,0.0,0,0,0,0,0,0.00,0.00,0.00,0.00,,,,,,,[],608,238,600,238,578,234,609,238,0.0,0.0,0.0,0.0,0.0,0.0,508,116,573,231,615,238,666,230,0.0,0.0,0.0
329,True,True,,,496178,0,0,-2,2,0,2,0.0,-1.0,0,Roman,0.0,297,False,,,38,496178.jpg,0.0,False,Dixon,0.2,False,,a,9,11,0,7480,80,16994,74,0.0,0.0,Dixon,,,,False,p496178,0,0,0,0,0,0,0,0,0,0,0,0,0,0.0,0.0,0.0,0.0,0,0,0,0,0,0.00,0.00,0.00,0.00,,,,,,,[],465,171,449,170,413,156,464,170,0.0,0.0,0.0,0.0,0.0,0.0,755,242,413,152,471,168,379,140,0.0,0.0,0.0
330,True,True,,,474907,0,0,-2,2,0,2,0.0,-1.0,0,Reece,0.0,298,False,,,38,474907.jpg,0.0,False,Welch,0.1,False,,a,9,11,0,5601,54,12219,49,0.0,0.0,Welch,241.0,2021-04-11,2003-09-19,False,p474907,0,0,0,0,0,0,0,0,0,0,0,0,0,0.0,0.0,0.0,0.0,0,0,0,0,0,0.00,0.00,0.00,0.00,,,,,,,[],463,169,447,168,411,154,462,168,0.0,0.0,0.0,0.0,0.0,0.0,753,240,411,150,469,166,411,154,0.0,0.0,0.0
331,True,True,0.0,0.0,440993,0,0,-2,2,0,3,0.0,0.0,0,Iliman,3.0,299,False,On international duty at the Africa Cup of Nations from Gameweek 17 onwards. - Unknown return date,2025-12-13T14:30:11.340794Z,63,440993.jpg,4.6,False,Ndiaye,4.6,False,,n,9,11,73,1459544,113,2195298,21767,0.5,11.6,Ndiaye,189.0,2024-07-03,2000-03-06,False,p440993,1343,4,2,6,19,0,0,0,2,0,0,3,294,341.0,240.2,294.0,87.6,16,95,36,147,16,3.12,2.69,5.81,19.27,,,,,1.0,,[],44,11,53,43,30,17,27,21,0.21,0.0,0.18,0.39,1.29,1.27,71,47,122,55,43,15,82,28,1.07,0.4,9.85
332,True,True,,,433154,0,0,-5,5,0,3,1.0,0.0,2,Dwight,1.0,300,False,,,55,433154.jpg,1.1,False,McNeil,0.1,False,,a,9,11,9,9825,351,43480,68,0.2,1.6,McNeil,241.0,2022-07-28,1999-11-22,False,p433154,165,0,0,0,1,0,0,0,0,0,0,0,25,19.6,46.6,8.0,7.3,5,10,2,17,1,0.24,0.14,0.38,4.82,,,,,,,[],399,179,278,159,362,184,383,179,0.13,0.0,0.08,0.21,2.63,0.55,142,90,290,135,401,185,431,144,0.55,0.0,9.27
333,True,True,,,502697,0,0,-3,3,0,3,2.3,1.3,2,Carlos,2.3,301,False,,,52,502697.jpg,1.6,False,Alcaraz Durán,0.1,False,,a,9,11,22,8010,503,18300,63,0.4,4.2,Alcaraz,10.0,2025-07-01,2002-11-30,False,p502697,589,0,1,2,8,0,0,0,3,0,0,0,89,60.4,121.4,89.0,27.1,7,33,10,50,5,0.79,0.39,1.18,11.71,,,,,,,[],326,148,145,102,174,103,254,128,0.12,0.0,0.06,0.18,1.79,1.22,221,137,163,70,342,157,469,158,0.76,0.31,7.64
334,True,True,0.0,0.0,80801,0,0,-1,1,0,3,0.0,0.0,0,Idrissa Gana,0.3,302,False,On international duty at the Africa Cup of Nations from Gameweek 17 onwards. - Unknown return date,2025-12-13T14:30:11.361048Z,54,80801.jpg,3.4,False,Gueye,0.1,False,,n,9,11,44,18644,2,24768,101,0.1,8.1,Gana,189.0,2022-09-01,1989-09-26,False,p80801,1051,2,0,3,13,0,0,0,0,1,0,3,211,198.6,112.5,112.0,42.3,26,57,31,114,13,1.07,0.63,1.70,16.10,,,,,,,[],161,63,155,109,139,80,164,86,0.09,0.0,0.05,0.14,1.38,1.11,153,96,366,171,125,54,490,167,1.11,0.26,9.76
335,True,True,,,232928,0,0,0,0,0,3,3.7,2.7,4,James,3.7,303,False,,,50,232928.jpg,3.8,False,Garner,0.6,False,,a,9,11,64,185246,2453,143671,466,0.7,12.8,Garner,241.0,2022-09-01,2001-03-13,False,p232928,1523,1,2,6,20,0,0,0,4,0,0,5,337,317.2,288.4,123.0,72.9,64,75,38,177,17,1.21,1.68,2.89,24.38,3.0,,3.0,,,,"[{'property': 'suspension_risk', 'notes': 'This player currently has four yellow cards in the Premier League and will face a one-match suspension should they receive another before Gameweek 20.', 'gameweek': None, 'url': None}]",65,19,38,34,120,71,46,35,0.07,0.0,0.1,0.17,1.44,1.18,253,157,80,35,89,40,241,85,1.0,0.35,10.46
336,True,True,100.0,100.0,490094,0,0,-2,2,0,3,1.8,0.8,4,Tim,1.8,304,False,,2025-12-02T22:30:08.872866Z,48,490094.jpg,2.2,False,Iroegbunam,0.0,False,,a,9,11,29,1658,70,3043,18,0.4,6.0,Iroegbunam,241.0,2024-06-22,2003-06-30,False,p490094,577,0,2,5,5,0,0,0,5,0,0,0,104,81.4,27.2,14.0,12.2,18,29,25,72,7,0.18,0.07,0.25,9.14,,,,,,,[],295,131,323,177,339,177,343,165,0.03,0.0,0.01,0.04,1.43,0.78,359,224,202,90,263,115,620,247,1.09,0.78,11.23
337,True,False,0.0,0.0,609873,0,0,0,0,0,3,0.0,0.0,0,Harrison,0.0,305,False,has joined Preston North End on loan for the rest of the season.,2025-09-02T11:36:28.006606Z,45,609873.jpg,1.0,False,Armstrong,0.0,False,,u,9,11,1,3524,0,14485,14,0.0,0.2,Armstrong,241.0,2024-08-09,2007-01-19,False,p609873,1,0,0,0,0,0,0,0,0,0,0,0,3,0.0,0.0,0.0,0.0,0,0,0,0,0,0.00,0.00,0.00,0.00,,,,,,,[],692,288,686,288,671,285,693,289,0.0,0.0,0.0,0.0,0.0,0.0,477,291,659,271,423,195,581,218,0.0,0.0,0.0
338,True,True,,,547801,0,0,-2,2,0,3,0.0,-1.0,0,Callum,0.0,306,False,,,43,547801.jpg,0.0,False,Bates,0.1,False,,a,9,11,0,7127,110,10308,46,0.0,0.0,Bates,,,,False,p547801,0,0,0,0,0,0,0,0,0,0,0,0,0,0.0,0.0,0.0,0.0,0,0,0,0,0,0.00,0.00,0.00,0.00,,,,,,,[],595,219,587,219,563,214,596,220,0.0,0.0,0.0,0.0,0.0,0.0,589,334,556,201,602,227,508,177,0.0,0.0,0.0
339,True,True,,,504296,0,0,-1,1,0,3,0.0,-1.0,0,Coby,0.0,307,False,,,44,504296.jpg,0.0,False,Ebere,0.0,False,,a,9,11,0,3308,34,4978,24,0.0,0.0,Ebere,,,,False,p504296,0,0,0,0,0,0,0,0,0,0,0,0,0,0.0,0.0,0.0,0.0,0,0,0,0,0,0.00,0.00,0.00,0.00,,,,,,,[],615,231,608,232,586,226,616,232,0.0,0.0,0.0,0.0,0.0,0.0,521,307,581,213,622,238,594,226,0.0,0.0,0.0
340,True,False,0.0,0.0,496279,0,0,0,0,0,3,0.0,0.0,0,Isaac,0.0,308,False,has joined Accrington on loan for the rest of the season.,2025-09-02T12:26:54.658601Z,45,496279.jpg,0.0,False,Heath,0.0,False,,u,9,11,0,458,0,3634,6,0.0,0.0,Heath,241.0,2025-02-07,2004-10-28,False,p496279,0,0,0,0,0,0,0,0,0,0,0,0,0,0.0,0.0,0.0,0.0,0,0,0,0,0,0.00,0.00,0.00,0.00,,,,,,,[],658,261,652,261,637,258,659,262,0.0,0.0,0.0,0.0,0.0,0.0,437,262,625,244,663,266,670,279,0.0,0.0,0.0
341,True,False,0.0,0.0,491557,0,0,0,0,0,3,0.0,0.0,0,Jenson,0.0,309,False,Has joined Bradford City permanently.,2025-07-25T14:54:45.196473Z,45,491557.jpg,0.0,False,Metcalfe,0.0,False,,u,9,11,0,0,0,104,0,0.0,0.0,Metcalfe,,,,False,p491557,0,0,0,0,0,0,0,0,0,0,0,0,0,0.0,0.0,0.0,0.0,0,0,0,0,0,0.00,0.00,0.00,0.00,,,,,,,[],655,259,649,259,634,256,656,260,0.0,0.0,0.0,0.0,0.0,0.0,433,260,622,242,660,264,758,337,0.0,0.0,0.0
342,True,True,,,586309,0,0,-3,3,0,4,2.5,1.5,2,Thierno,2.5,310,False,,,57,586309.jpg,1.6,False,Barry,0.4,False,,a,9,11,27,49138,1161,90449,556,0.4,4.7,Barry,73.0,2025-07-09,2002-10-21,False,p586309,818,1,0,5,11,0,0,0,2,0,0,0,48,46.0,79.8,151.0,26.1,11,11,1,23,10,2.73,0.13,2.86,12.52,,,,,,,[],348,36,206,21,94,26,259,29,0.3,0.0,0.01,0.31,1.38,1.21,123,32,149,15,345,37,272,41,1.1,0.55,2.53
343,True,True,,,486385,0,0,-5,5,0,4,1.0,0.0,1,Norberto Bercique,1.0,311,False,,,50,486385.jpg,1.6,False,Gomes Betuncal,2.5,False,,a,9,11,27,380861,2065,1024901,2303,0.2,5.4,Beto,90.0,2023-08-29,1998-01-31,False,p486385,702,1,0,1,9,0,0,0,1,0,0,1,54,86.6,48.8,230.0,35.1,22,13,7,42,7,4.06,0.13,4.19,12.09,,,,,2.0,,[],287,27,271,31,55,18,209,24,0.52,0.0,0.02,0.54,1.55,1.15,265,52,286,34,341,35,115,19,0.9,0.13,5.38
344,True,False,0.0,0.0,491012,0,0,-1,1,0,4,0.0,0.0,0,Youssef,0.0,312,False,has joined Rangers permanently.,2025-09-02T12:26:54.689038Z,49,491012.jpg,0.0,False,Ramalho Chermiti,0.1,False,,u,9,11,0,2418,0,14247,10,0.0,0.0,Y.Chermiti,173.0,2023-08-11,2004-05-24,False,p491012,0,0,0,0,0,0,0,0,0,0,0,0,0,0.0,0.0,0.0,0.0,0,0,0,0,0,0.00,0.00,0.00,0.00,,,,,,,[],723,78,719,77,712,77,723,78,0.0,0.0,0.0,0.0,0.0,0.0,328,57,701,71,722,78,523,73,0.0,0.0,0.0
345,True,False,0.0,0.0,536241,0,0,-1,1,0,4,0.0,0.0,0,Martin,0.0,313,False,has joined Rotherham United on loan for the rest of the season.,2025-09-22T21:18:55.519763Z,44,536241.jpg,0.0,False,Sherif,0.1,False,,u,9,11,0,8006,0,24750,38,0.0,0.0,Sherif,,,,False,p536241,0,0,0,0,0,0,0,0,0,0,0,0,0,0.0,0.0,0.0,0.0,0,0,0,0,0,0.00,0.00,0.00,0.00,,,,,,,[],620,65,613,64,591,64,621,65,0.0,0.0,0.0,0.0,0.0,0.0,526,71,586,57,627,65,433,62,0.0,0.0,0.0
346,True,True,100.0,100.0,114283,0,0,0,0,2,3,3.8,2.8,2,Jack,3.8,419,False,,2025-12-14T12:00:08.756057Z,65,114283.jpg,4.1,False,Grealish,10.2,False,,a,9,11,66,3466901,16771,2903090,8517,0.6,10.2,Grealish,241.0,2025-08-12,1995-09-10,False,p114283,1340,2,4,6,18,0,0,0,3,0,0,10,290,305.2,398.2,336.0,103.9,23,72,16,111,15,1.86,3.09,4.95,20.50,,,,,,,"[{'property': 'loan_ineligible', 'notes': 'This player will not be available to face their parent club in Gameweek 35 as part of their loan conditions.', 'gameweek': 35, 'url': None}]",77,23,13,13,20,10,15,13,0.12,0.0,0.21,0.33,1.38,1.21,48,31,78,34,80,34,40,16,1.01,0.4,7.46
347,True,True,,,138001,0,0,-1,1,0,1,0.0,-1.0,0,Tom,0.0,630,False,,,39,138001.jpg,0.0,False,King,1.4,False,,a,9,11,0,58043,348,75308,415,0.0,0.0,King,244.0,2025-08-15,1995-03-09,False,p138001,0,0,0,0,0,0,0,0,0,0,0,0,0,0.0,0.0,0.0,0.0,0,0,0,0,0,0.00,0.00,0.00,0.00,,,,,,,[],481,38,466,25,431,10,480,38,0.0,0.0,0.0,0.0,0.0,0.0,699,71,431,33,488,38,157,21,0.0,0.0,0.0
348,True,True,100.0,100.0,499300,0,0,-3,3,0,2,0.0,-1.0,0,Adam,0.0,667,False,,2025-08-29T10:30:08.715230Z,42,499300.jpg,0.0,False,Aznou,0.1,False,,a,9,11,0,1926,21,11358,28,0.0,0.0,Aznou,145.0,2025-07-29,2006-06-02,False,p499300,0,0,0,0,0,0,0,0,0,0,0,0,0,0.0,0.0,0.0,0.0,0,0,0,0,0,0.00,0.00,0.00,0.00,,,,,,,[],576,231,565,231,534,221,576,231,0.0,0.0,0.0,0.0,0.0,0.0,614,153,529,216,584,230,561,203,0.0,0.0,0.0
349,True,False,0.0,0.0,461446,0,0,0,0,0,3,0.0,0.0,0,Tyler,0.0,704,False,has joined Stockport County on loan for the rest of the season.,2025-09-02T12:26:54.674165Z,45,461446.jpg,0.0,False,Onyango,0.1,False,,u,9,11,0,8420,0,9744,23,0.0,0.0,Onyango,241.0,2025-07-25,2003-03-04,False,p461446,0,0,0,0,0,0,0,0,0,0,0,0,0,0.0,0.0,0.0,0.0,0,0,0,0,0,0.00,0.00,0.00,0.00,,,,,,,[],649,253,643,253,628,250,650,254,0.0,0.0,0.0,0.0,0.0,0.0,426,254,616,236,654,258,560,205,0.0,0.0,0.0
350,True,True,,,491745,0,0,-1,1,0,2,0.0,-1.0,0,Elijah,0.0,705,False,,,39,491745.jpg,0.0,False,Campbell,0.2,False,,a,9,11,0,17254,58,13249,76,0.0,0.0,Campbell,241.0,2023-12-15,2004-08-02,False,p491745,0,0,0,0,0,0,0,0,0,0,0,0,0,0.0,0.0,0.0,0.0,0,0,0,0,0,0.00,0.00,0.00,0.00,,,,,,,[],497,184,483,184,449,172,497,184,0.0,0.0,0.0,0.0,0.0,0.0,723,216,448,167,505,183,388,142,0.0,0.0,0.0
351,True,True,,,496661,0,0,-2,2,0,3,0.7,-0.3,1,Tyler,0.7,707,False,,,53,496661.jpg,0.9,False,Dibling,0.0,False,,a,9,11,7,5062,57,4400,28,0.1,1.3,Dibling,241.0,2025-08-25,2006-02-17,False,p496661,97,0,0,0,1,0,0,0,1,0,0,0,23,12.4,14.2,6.0,3.1,3,9,6,18,1,0.00,0.01,0.01,1.74,,,,,,,[],412,186,356,186,375,189,415,191,0.0,0.0,0.01,0.01,1.61,0.93,202,123,329,154,455,216,638,260,0.93,0.0,16.7
352,True,True,100.0,100.0,513466,0,0,0,0,0,3,0.2,-0.8,1,Merlin,0.2,728,False,,2025-11-21T15:00:09.732749Z,50,513466.jpg,1.0,False,Röhl,0.0,False,,a,9,11,5,612,16,773,4,0.0,1.0,Röhl,80.0,2025-09-01,2002-07-05,False,p513466,105,0,0,0,1,0,0,0,0,0,0,0,14,11.4,13.3,7.0,3.2,1,9,6,16,0,0.28,0.02,0.30,1.56,,,,,,,[],414,187,362,189,368,187,413,189,0.24,0.0,0.02,0.26,1.34,0.86,274,169,394,186,440,207,713,308,0.0,0.0,13.71
353,True,True,,,80201,0,0,-1,1,1,1,1.8,1.8,0,Bernd,1.8,314,False,,,49,80201.jpg,2.8,False,Leno,1.8,False,,a,10,54,45,172628,611,157126,914,0.4,9.2,Leno,80.0,2022-08-02,1992-03-04,False,p80201,1440,0,0,3,26,0,0,0,3,0,44,2,192,370.8,0.0,0.0,37.0,19,131,1,0,16,0.00,0.00,0.00,22.08,,,,,,,[],29,9,704,83,694,77,194,10,0.0,2.75,0.0,0.0,1.38,1.62,284,10,204,17,194,17,136,18,1.0,0.19,0.0
354,True,False,0.0,0.0,428971,0,0,0,0,0,1,0.0,0.0,0,Steven,0.0,315,False,Has joined Millwall on loan for the rest of the season.,2025-07-28T11:48:41.553663Z,40,428971.jpg,0.0,False,Benda,0.0,False,,u,10,54,0,0,0,442,4,0.0,0.0,Benda,80.0,2023-08-30,1998-10-01,False,p428971,0,0,0,0,0,0,0,0,0,0,0,0,0,0.0,0.0,0.0,0.0,0,0,0,0,0,0.00,0.00,0.00,0.00,,,,,,,[],529,65,517,54,484,39,529,65,0.0,0.0,0.0,0.0,0.0,0.0,641,50,481,60,537,65,738,84,0.0,0.0,0.0
355,True,True,100.0,100.0,169528,0,0,-1,1,0,2,0.5,0.5,0,Antonee,0.5,316,False,,2025-10-17T01:00:10.471151Z,49,169528.jpg,1.5,False,Robinson,0.5,False,,a,10,54,6,70656,1118,123446,170,0.1,1.2,Robinson,229.0,2020-08-20,1997-08-08,False,p169528,151,0,0,0,2,0,0,0,0,0,0,0,24,39.8,28.5,14.0,8.3,11,7,4,15,1,0.19,0.11,0.30,2.69,,,,,,,[],361,133,320,107,340,114,373,127,0.11,0.0,0.07,0.18,1.6,1.19,292,47,343,124,359,130,244,89,0.6,0.0,8.94
356,True,True,100.0,100.0,174874,0,0,1,-1,1,2,2.8,2.8,0,Joachim,2.8,317,False,,2025-10-18T20:00:09.645414Z,46,174874.jpg,3.7,False,Andersen,6.7,False,,a,10,54,56,1002165,2719,502904,3210,0.6,12.2,Andersen,58.0,2024-08-23,1996-05-31,False,p174874,1301,0,0,3,23,0,0,0,1,0,0,4,200,376.8,67.2,62.0,50.6,140,58,21,161,15,0.54,1.19,1.73,18.62,,,,,,,[],28,12,231,65,227,61,118,40,0.04,0.0,0.08,0.12,1.29,1.59,383,68,124,47,97,38,64,22,1.04,0.21,11.14
357,True,True,0.0,0.0,232892,0,0,0,0,0,2,0.0,0.0,0,Calvin,4.5,318,False,On international duty at the Africa Cup of Nations from Gameweek 17 onwards. - Unknown return date,2025-12-13T14:30:11.389034Z,45,232892.jpg,3.4,False,Bassey,0.5,False,,n,10,54,55,89629,64,94828,1631,1.0,12.2,Bassey,157.0,2023-07-28,1999-12-31,False,p232892,1358,1,0,3,25,0,0,0,3,0,0,6,178,335.2,74.1,54.0,46.5,89,66,31,120,15,0.91,0.18,1.09,20.78,,,,,,,[],52,25,216,59,244,72,140,50,0.06,0.0,0.01,0.07,1.38,1.66,413,83,39,14,122,46,254,95,0.99,0.2,7.95
358,True,True,,,166477,0,0,-2,2,0,2,1.2,1.2,0,Timothy,1.2,319,False,,,43,166477.jpg,1.4,False,Castagne,0.1,False,,a,10,54,17,13805,121,17961,93,0.3,4.0,Castagne,21.0,2023-08-29,1995-12-05,False,p166477,537,0,1,0,14,0,0,0,0,0,0,0,64,96.2,72.5,41.0,21.0,29,19,15,44,6,0.42,0.16,0.58,10.53,,,,,,,[],277,106,221,60,272,84,287,95,0.07,0.0,0.03,0.1,1.76,2.35,552,128,263,90,366,133,434,162,1.01,0.0,7.37
359,True,True,,,219924,0,0,-2,2,0,2,0.0,0.0,0,Issa,0.0,320,False,,,43,219924.jpg,1.3,False,Diop,0.1,False,,a,10,54,4,5192,46,9281,38,0.0,0.9,Diop,73.0,2022-08-10,1997-01-09,False,p219924,223,0,0,0,5,0,0,0,1,0,0,0,9,34.0,1.7,4.0,4.0,16,7,4,20,2,0.00,0.02,0.02,4.06,,,,,,,[],373,140,413,151,383,140,407,145,0.0,0.0,0.01,0.01,1.64,2.02,554,130,537,222,379,135,515,187,0.81,0.0,8.07
360,True,True,,,246301,0,0,-2,2,0,2,0.0,0.0,0,Jorge,0.0,321,False,,,43,246301.jpg,2.3,False,Cuenca Barreno,0.0,False,,a,10,54,7,1829,29,3982,17,0.0,1.6,J.Cuenca,200.0,2024-08-03,1999-11-17,False,p246301,168,0,0,0,2,0,0,0,0,0,0,0,25,40.6,4.6,6.0,5.1,18,6,2,20,2,0.00,0.01,0.01,2.42,,,,,,,[],360,132,396,141,372,134,391,135,0.0,0.0,0.01,0.01,1.3,1.07,560,134,539,223,245,91,595,213,1.07,0.0,10.71
361,True,True,100.0,100.0,167074,0,0,0,0,1,2,3.8,3.8,0,Kenny,3.8,322,False,,2025-09-29T00:30:06.414184Z,45,167074.jpg,3.8,False,Tete,0.9,False,,a,10,54,49,131025,992,45645,667,0.8,10.9,Tete,152.0,2020-09-10,1995-10-09,False,p167074,1125,1,0,3,17,0,0,0,2,0,0,2,195,291.0,109.4,69.0,47.0,67,50,45,112,13,0.29,0.60,0.89,17.31,,,,,,,[],84,37,158,37,208,52,136,48,0.02,0.0,0.05,0.07,1.38,1.36,403,77,65,23,86,33,192,75,1.04,0.24,8.96
362,True,True,,,591385,0,0,-2,2,0,2,0.0,0.0,0,Samuel,0.0,323,False,,,38,591385.jpg,0.0,False,Amissah,0.1,False,,a,10,54,0,7068,67,13605,52,0.0,0.0,Amissah,241.0,2023-07-19,2007-03-07,False,p591385,0,0,0,0,0,0,0,0,0,0,0,0,0,0.0,0.0,0.0,0.0,0,0,0,0,0,0.00,0.00,0.00,0.00,,,,,,,[],472,178,456,177,421,164,471,177,0.0,0.0,0.0,0.0,0.0,0.0,765,252,420,159,479,176,405,151,0.0,0.0,0.0
363,True,True,0.0,0.0,153133,-1,1,-2,2,1,3,0.0,0.0,0,Alex,2.7,324,False,On international duty at the Africa Cup of Nations from Gameweek 17 onwards. - Unknown return date,2025-12-13T14:30:11.406691Z,63,153133.jpg,3.5,False,Iwobi,0.9,False,,n,10,54,56,276466,17,358418,3041,0.4,8.9,Iwobi,157.0,2023-09-01,1996-05-03,False,p153133,1329,2,2,3,24,0,0,0,2,0,0,5,263,264.8,361.1,146.0,77.3,18,63,18,99,16,0.76,2.09,2.85,20.36,5.0,,,,,,[],108,37,19,19,98,60,38,29,0.05,0.0,0.14,0.19,1.38,1.63,68,44,140,62,118,53,188,62,1.08,0.2,6.7
364,True,True,100.0,100.0,209289,0,0,-4,4,0,3,3.2,3.2,0,Emile,3.2,325,False,,2025-10-28T21:00:08.536299Z,56,209289.jpg,2.2,False,Smith Rowe,0.9,False,,a,10,54,35,114051,2483,123894,604,0.6,6.2,Smith Rowe,241.0,2024-08-02,2000-07-28,False,p209289,492,3,0,0,10,0,0,0,0,0,0,1,136,143.0,86.8,185.0,41.4,8,15,6,29,4,2.41,0.34,2.75,9.26,,,,,,,[],223,97,192,126,71,44,170,90,0.44,0.0,0.06,0.5,1.69,1.83,128,81,108,46,268,119,198,67,0.73,0.0,5.3
365,True,True,,,159533,0,0,-4,4,0,3,0.3,0.3,0,Adama,0.3,326,False,,,51,159533.jpg,1.2,False,Traoré Diarra,0.1,False,,a,10,54,13,9923,112,31032,76,0.1,2.5,Adama,200.0,2023-08-12,1996-01-25,False,p159533,244,0,0,0,6,0,0,0,0,0,0,0,47,19.2,60.7,55.0,13.1,1,11,1,13,1,0.19,0.55,0.74,4.54,,,,,,,[],401,180,245,149,241,132,334,161,0.07,0.0,0.2,0.27,1.67,2.21,229,140,363,169,394,179,407,133,0.37,0.0,4.8
366,True,False,0.0,0.0,156689,0,0,-2,2,0,3,0.0,0.0,0,Andreas,0.0,327,False,has joined Palmeiras permanently.,2025-09-02T13:24:11.133813Z,53,156689.jpg,0.0,False,Hoelgebaum Pereira,0.1,False,,u,10,54,0,2438,0,35302,19,0.0,0.0,Andreas,30.0,2022-07-11,1996-01-01,False,p156689,0,0,0,0,0,0,0,0,0,0,0,0,0,0.0,0.0,0.0,0.0,0,0,0,0,0,0.00,0.00,0.00,0.00,,,,,,,[],742,324,741,324,736,323,742,324,0.0,0.0,0.0,0.0,0.0,0.0,185,113,727,317,741,324,534,189,0.0,0.0,0.0
367,True,True,0.0,0.0,184349,0,0,-1,1,1,3,0.0,0.0,0,Ryan,1.5,328,False,Hamstring injury - Unknown return date,2025-12-08T08:00:09.095165Z,54,184349.jpg,4.3,False,Sessegnon,0.2,False,,i,10,54,56,138158,6,122984,1307,0.3,10.4,Sessegnon,241.0,2024-07-26,2000-05-18,False,p184349,1106,2,2,3,21,0,0,0,0,0,0,5,201,246.2,106.7,122.0,47.4,61,44,26,131,13,0.85,0.85,1.70,16.26,,,,,,,[],122,44,164,112,124,73,134,71,0.07,0.0,0.07,0.14,1.32,1.71,160,100,241,113,62,26,351,117,1.06,0.24,10.66
368,True,True,100.0,100.0,153682,0,0,2,-2,1,3,7.3,7.3,0,Harry,7.3,329,False,,2025-12-01T13:00:07.476350Z,57,153682.jpg,5.2,False,Wilson,18.8,False,,a,10,54,78,2414108,93029,145030,2892,1.3,13.7,Wilson,244.0,2021-07-24,1997-03-22,False,p153682,1066,5,5,3,17,0,0,0,2,0,0,11,287,317.0,239.5,241.0,79.5,26,38,15,79,13,2.38,1.64,4.02,13.88,3.0,,3.0,,3.0,,[],66,20,55,45,48,31,33,26,0.2,0.0,0.14,0.34,1.17,1.44,113,74,5,3,14,6,18,6,1.1,0.25,6.67
369,True,True,,,207189,0,0,-1,1,0,3,1.5,1.5,0,Sander,1.5,330,False,,,49,207189.jpg,2.2,False,Berge,0.1,False,,a,10,54,36,6532,93,8279,40,0.3,7.3,Berge,161.0,2024-08-22,1998-02-14,False,p207189,1393,0,1,3,25,1,0,0,2,0,0,0,224,198.0,192.1,42.0,43.3,38,62,25,125,16,0.60,0.73,1.33,20.98,,,,,,,[],163,64,76,56,269,144,159,83,0.04,0.0,0.05,0.09,1.36,1.62,301,185,236,111,264,116,510,178,1.03,0.19,8.08
370,True,True,100.0,100.0,76357,0,0,-2,2,0,3,0.2,0.2,0,Tom,0.2,331,False,,2025-10-18T20:00:09.684225Z,48,76357.jpg,1.1,False,Cairney,0.0,False,,a,10,54,9,1397,21,3439,10,0.0,1.9,Cairney,243.0,2015-07-07,1991-01-20,False,p76357,198,0,0,0,5,0,0,0,1,0,0,0,35,17.2,39.4,22.0,8.0,3,9,1,13,1,0.44,0.15,0.59,3.27,,,,,,,[],405,182,294,166,313,165,377,178,0.2,0.0,0.07,0.27,1.49,2.27,338,210,386,180,396,181,629,254,0.45,0.0,5.91
371,True,True,75.0,75.0,212314,0,0,0,0,0,3,0.5,0.5,0,Saša,0.7,332,False,Groin Injury - 75% chance of playing,2025-12-18T02:00:09.874646Z,50,212314.jpg,2.4,False,Lukić,0.1,False,,d,10,54,31,12609,11,16042,60,0.1,6.2,Lukić,190.0,2023-01-31,1996-08-13,False,p212314,769,1,2,1,15,0,0,0,5,0,0,2,151,160.2,244.8,71.0,47.5,30,33,23,86,10,1.35,1.02,2.37,13.54,1.0,,,,,,[],201,84,51,41,202,116,131,70,0.16,0.0,0.12,0.28,1.58,1.76,249,154,325,151,237,106,535,190,1.17,0.12,10.07
372,True,False,0.0,0.0,573062,0,0,0,0,0,3,0.0,0.0,0,Martial,0.0,333,False,has joined Strasbourg permanently.,2025-09-02T13:30:29.210428Z,45,573062.jpg,0.0,False,Godo,0.0,False,,u,10,54,0,898,0,6411,7,0.0,0.0,Godo,54.0,2022-08-22,2003-03-14,False,p573062,0,0,0,0,0,0,0,0,0,0,0,0,0,0.0,0.0,0.0,0.0,0,0,0,0,0,0.00,0.00,0.00,0.00,,,,,,,[],674,275,668,275,653,272,675,276,0.0,0.0,0.0,0.0,0.0,0.0,457,277,641,258,678,279,642,263,0.0,0.0,0.0
373,True,False,0.0,0.0,515024,0,0,0,0,0,3,0.0,0.0,0,Luke,0.0,334,False,Has joined Oxford United on loan for the rest of the season.,2025-07-28T11:48:41.571901Z,45,515024.jpg,0.0,False,Harris,0.0,False,,u,10,54,0,0,0,299,0,0.0,0.0,Harris,244.0,2022-08-05,2005-03-04,False,p515024,0,0,0,0,0,0,0,0,0,0,0,0,0,0.0,0.0,0.0,0.0,0,0,0,0,0,0.00,0.00,0.00,0.00,,,,,,,[],660,263,654,263,639,260,661,264,0.0,0.0,0.0,0.0,0.0,0.0,440,264,627,246,665,268,753,332,0.0,0.0,0.0
374,True,True,,,577725,0,0,0,0,0,3,1.8,1.8,0,Josh,1.8,335,False,,,45,577725.jpg,1.9,False,King,2.8,False,,a,10,54,30,889946,2457,663436,2871,0.4,6.7,King,241.0,2024-02-02,2007-01-03,False,p577725,830,0,1,3,14,0,0,0,2,0,0,0,108,99.0,103.1,153.0,34.7,13,33,17,63,11,1.10,0.40,1.50,12.13,,,,,,,[],270,117,169,116,90,56,212,109,0.12,0.0,0.04,0.16,1.32,1.52,466,282,200,89,295,133,109,35,1.19,0.33,6.83
375,True,True,,,153366,0,0,-2,2,0,3,0.2,0.2,0,Harrison,0.2,336,False,,,43,153366.jpg,1.0,False,Reed,0.3,False,,a,10,54,1,45118,306,46485,214,0.0,0.2,Reed,241.0,2020-08-30,1995-01-27,False,p153366,1,0,0,0,0,0,0,0,0,0,0,0,3,0.2,0.1,0.0,0.0,0,1,0,1,0,0.00,0.00,0.00,0.00,,,,,,,[],454,207,434,207,543,203,580,209,0.0,0.0,0.0,0.0,0.0,0.0,551,321,375,173,412,186,323,110,0.0,0.0,90.0
376,True,True,100.0,100.0,102057,0,0,-2,2,0,4,2.7,2.7,0,Raúl,2.7,337,False,,2025-10-29T18:00:08.542122Z,63,102057.jpg,2.7,False,Jiménez Rodríguez,2.7,False,,a,10,54,41,378344,2522,304710,8052,0.4,6.5,Raúl,139.0,2023-07-25,1991-05-05,False,p102057,870,2,3,2,14,0,0,0,2,0,0,2,143,145.2,109.1,243.0,49.2,14,26,10,50,11,2.70,0.38,3.08,13.22,,,1.0,,1.0,,[],221,18,159,12,47,16,122,14,0.28,0.0,0.04,0.32,1.37,1.45,67,23,139,14,213,22,111,18,1.14,0.21,5.17
377,True,True,0.0,0.0,244042,0,0,-2,2,0,4,0.0,0.0,0,Rodrigo,0.0,338,False,Hamstring injury - Expected back 01 Jan,2025-11-08T19:00:09.014811Z,53,244042.jpg,2.4,False,Muniz Carvalho,0.8,False,,i,10,54,17,254887,21,426854,445,0.0,3.2,Muniz,30.0,2021-08-20,2001-05-04,False,p244042,348,1,1,1,4,1,0,0,1,0,0,3,47,61.8,42.0,122.0,22.2,9,7,3,19,4,0.94,0.01,0.95,5.66,,,,,,,[],323,31,287,32,123,32,280,34,0.24,0.0,0.0,0.24,1.46,1.03,194,42,728,75,238,24,210,31,1.03,0.26,4.91
378,True,True,,,86873,0,0,-1,1,0,1,0.0,0.0,0,Benjamin,0.0,664,False,,,39,86873.jpg,0.0,False,Lecomte,0.7,False,,a,10,54,0,29504,251,38725,226,0.0,0.0,Lecomte,73.0,2025-07-26,1991-04-26,False,p86873,0,0,0,0,0,0,0,0,0,0,0,0,0,0.0,0.0,0.0,0.0,0,0,0,0,0,0.00,0.00,0.00,0.00,,,,,,,[],478,35,463,22,428,7,477,35,0.0,0.0,0.0,0.0,0.0,0.0,695,68,427,30,485,35,214,28,0.0,0.0,0.0
379,True,True,0.0,0.0,218328,0,0,-2,2,1,3,0.0,0.0,0,Samuel,4.7,727,False,On international duty at the Africa Cup of Nations from Gameweek 17 onwards. - Unknown return date,2025-12-13T14:30:12.223752Z,53,218328.jpg,3.9,False,Chukwueze,0.2,False,,n,10,54,35,88745,58,63164,2312,0.9,6.6,Chukwueze,157.0,2025-09-01,1999-05-22,False,p218328,393,2,4,0,10,0,0,0,0,0,0,1,143,170.6,140.8,124.0,43.6,7,24,2,33,3,1.02,2.16,3.18,6.03,,,,,,,[],189,78,121,88,118,69,155,81,0.23,0.0,0.49,0.72,1.38,2.29,192,118,33,15,83,36,349,116,0.69,0.0,7.56
380,True,True,100.0,100.0,560552,0,0,-2,2,0,3,1.0,1.0,0,Kevin,1.0,731,False,,2025-09-24T06:30:08.624024Z,58,560552.jpg,1.3,False,Santos Lopes de Macedo,0.1,False,,a,10,54,16,26984,122,22871,88,0.2,2.8,Kevin,30.0,2025-09-01,2003-01-04,False,p560552,416,0,0,2,7,0,0,0,1,0,0,0,65,85.0,117.7,100.0,30.1,10,19,8,37,3,0.43,0.73,1.16,5.24,4.0,,,,,,[],291,129,149,105,157,91,236,121,0.09,0.0,0.16,0.25,1.13,1.51,112,73,292,136,388,177,548,199,0.65,0.43,8.0
381,True,True,,,631786,0,0,0,0,0,4,0.2,0.2,0,Jonah,0.2,737,False,,,45,631786.jpg,1.0,False,Kusi-Asare,0.1,False,,a,10,54,2,14177,134,9698,121,0.0,0.4,Kusi-Asare,206.0,2025-09-01,2007-07-04,False,p631786,18,0,0,0,0,0,0,0,0,0,0,0,5,1.2,10.5,6.0,1.8,0,0,0,0,0,0.00,0.01,0.01,0.02,,,,,,,[],447,53,369,46,373,51,428,50,0.0,0.0,0.05,0.05,0.1,0.0,484,66,384,44,425,48,493,71,0.0,0.0,0.0
382,True,True,,,437495,0,0,-3,3,0,1,0.0,0.0,0,Illan,0.0,339,False,,,42,437495.jpg,0.0,False,Meslier,0.4,False,,a,11,2,0,10327,49,56906,155,0.0,0.0,Meslier,73.0,2020-07-27,2000-03-02,False,p437495,0,0,0,0,0,0,0,0,0,0,0,0,0,0.0,0.0,0.0,0.0,0,0,0,0,0,0.00,0.00,0.00,0.00,,,,,,,[],575,81,564,71,533,57,575,81,0.0,0.0,0.0,0.0,0.0,0.0,612,37,528,76,583,81,288,37,0.0,0.0,0.0
383,True,True,,,97846,0,0,-1,1,0,1,0.0,0.0,0,Alex,0.0,340,False,,,39,97846.jpg,0.0,False,Cairns,0.2,False,,a,11,2,0,6193,51,11761,39,0.0,0.0,Cairns,241.0,2024-07-08,1993-01-04,False,p97846,0,0,0,0,0,0,0,0,0,0,0,0,0,0.0,0.0,0.0,0.0,0,0,0,0,0,0.00,0.00,0.00,0.00,,,,,,,[],479,36,464,23,429,8,478,36,0.0,0.0,0.0,0.0,0.0,0.0,696,69,428,31,486,36,396,61,0.0,0.0,0.0
384,True,True,,,59735,0,0,-1,1,0,1,0.0,0.0,0,Karl,0.0,341,False,,,39,59735.jpg,2.0,False,Darlow,2.1,False,,a,11,2,10,120954,1128,208513,954,0.0,2.6,Darlow,244.0,2023-07-29,1990-10-08,False,p59735,450,0,0,0,8,0,0,0,0,0,13,0,55,105.0,0.0,0.0,10.5,6,53,0,0,5,0.00,0.01,0.01,4.43,,,,,,,[],257,23,460,19,425,4,352,23,0.0,2.6,0.0,0.0,0.89,1.6,692,65,424,27,282,25,128,17,1.0,0.0,0.0
385,True,True,100.0,100.0,226182,0,0,-1,1,0,2,2.3,2.3,6,Jayden,2.3,342,False,,2025-09-20T23:30:06.793765Z,44,226182.jpg,2.5,False,Bogle,0.2,False,,a,11,2,42,22405,228,27340,91,0.5,9.5,Bogle,241.0,2024-07-20,2000-07-27,False,p226182,1483,0,2,3,29,0,0,0,4,0,0,0,102,193.8,136.4,97.0,42.8,58,75,34,92,17,0.72,0.91,1.63,21.85,,,,,,,"[{'property': 'suspension_risk', 'notes': 'This player currently has four yellow cards in the Premier League and will face a one-match suspension should they receive another before Gameweek 20.', 'gameweek': None, 'url': None}]",170,71,128,30,159,31,161,54,0.04,0.0,0.06,0.1,1.33,1.76,501,109,157,60,226,84,383,141,1.03,0.18,5.58
386,True,True,100.0,100.0,222694,0,0,-2,2,0,2,2.2,2.2,4,Pascal,2.2,343,False,,2025-10-23T13:30:08.346349Z,43,222694.jpg,2.5,False,Struijk,0.2,False,,a,11,2,38,34457,244,52770,99,0.5,8.8,Struijk,152.0,2018-04-12,1999-08-11,False,p222694,1268,0,0,2,25,0,0,0,3,0,0,2,142,270.0,67.2,101.0,43.8,109,54,16,125,14,1.81,0.14,1.95,19.01,,,,,3.0,,[],101,46,230,64,153,28,154,52,0.13,0.0,0.01,0.14,1.35,1.77,555,131,177,66,224,83,337,122,0.99,0.14,8.87
387,True,True,100.0,100.0,434752,0,0,-1,1,0,2,3.5,3.5,5,Jaka,3.5,344,False,,2025-07-21T10:00:04.901206Z,39,434752.jpg,3.4,False,Bijol,0.4,False,,a,11,2,27,45772,1995,25697,248,0.9,6.9,Bijol,195.0,2025-06-23,1999-02-05,False,p434752,622,1,1,0,12,0,0,0,0,0,0,2,94,145.8,12.7,47.0,20.6,49,24,12,61,7,0.21,0.32,0.53,10.23,,,,,,,[],220,88,364,129,259,79,292,96,0.03,0.0,0.05,0.08,1.48,1.74,709,209,88,33,119,43,282,106,1.01,0.0,8.83
388,True,True,100.0,100.0,437738,0,0,-2,2,0,2,0.3,0.3,0,Sebastiaan,0.3,345,False,,2025-11-27T15:30:07.090974Z,38,437738.jpg,1.0,False,Bornauw,0.1,False,,a,11,2,2,11215,91,9164,100,0.1,0.5,Bornauw,21.0,2025-07-01,1999-03-22,False,p437738,2,0,0,0,0,0,0,0,0,0,0,0,6,0.2,0.1,0.0,0.0,0,0,0,0,0,0.00,0.00,0.00,0.03,,,,,,,[],451,161,432,160,410,153,461,167,0.0,0.0,0.0,0.0,1.35,0.0,751,238,352,127,403,144,446,164,0.0,0.0,0.0
389,True,True,,,113564,0,0,-2,2,0,2,0.0,0.0,0,Sam,0.0,346,False,,,38,113564.jpg,1.0,False,Byram,0.2,False,,a,11,2,1,20521,77,27965,104,0.0,0.3,Byram,241.0,2023-08-05,1993-09-16,False,p113564,7,0,0,0,1,0,0,0,0,0,0,0,-2,0.0,0.0,0.0,0.0,0,0,0,0,0,0.00,0.00,0.00,0.79,,,,,,,[],458,164,442,163,405,148,456,162,0.0,0.0,0.0,0.0,10.16,12.86,744,231,406,145,402,143,360,134,0.0,0.0,0.0
390,True,True,100.0,100.0,243526,0,0,-2,2,0,2,1.7,1.7,2,Gabriel,1.7,347,False,,2025-10-25T09:30:08.635945Z,38,243526.jpg,2.2,False,Gudmundsson,3.7,False,,a,11,2,37,674274,6677,565700,1689,0.4,9.7,Gudmundsson,206.0,2025-07-08,1999-04-29,False,p243526,1380,0,0,2,27,1,0,0,2,0,0,6,150,263.6,261.4,75.0,60.0,69,62,39,108,16,0.89,1.40,2.29,20.16,,,,,,,[],109,48,43,6,192,43,81,19,0.06,0.0,0.09,0.15,1.31,1.76,748,235,214,72,252,93,93,33,1.04,0.13,7.04
391,True,True,100.0,100.0,214225,-1,1,0,0,1,2,1.7,1.7,2,Joe,1.7,348,False,,2025-09-05T10:00:06.564684Z,40,214225.jpg,3.3,False,Rodon,5.3,False,,a,11,2,56,914950,2555,534892,2942,0.4,14.0,Rodon,244.0,2024-07-02,1997-10-22,False,p214225,1530,2,0,2,31,0,0,0,1,0,0,5,198,399.0,56.1,132.0,58.8,129,50,18,147,17,0.99,0.15,1.14,24.44,,,,,,,[],19,6,254,76,112,16,85,21,0.06,0.0,0.01,0.07,1.44,1.82,634,164,216,74,129,49,76,25,1.0,0.12,8.65
392,True,False,0.0,0.0,492368,0,0,0,0,0,2,0.0,0.0,0,Isaac,0.0,349,False,has joined Werder Bremen on loan for the rest of the season.,2025-09-02T12:00:32.361624Z,40,492368.jpg,0.0,False,Schmidt,0.1,False,,u,11,2,0,788,0,15271,22,0.0,0.0,Schmidt,207.0,2024-08-30,1999-12-07,False,p492368,0,0,0,0,0,0,0,0,0,0,0,0,0,0.0,0.0,0.0,0.0,0,0,0,0,0,0.00,0.00,0.00,0.00,,,,,,,[],543,207,531,207,498,196,543,207,0.0,0.0,0.0,0.0,0.0,0.0,656,174,495,191,551,206,520,190,0.0,0.0,0.0
393,True,True,,,427637,0,0,-1,1,1,3,2.3,2.3,6,Brenden,2.3,350,False,,,54,427637.jpg,3.4,False,Aaronson,0.1,False,,a,11,2,55,33860,342,31124,126,0.4,10.2,Aaronson,229.0,2022-07-01,2000-10-22,False,p427637,907,1,5,3,14,0,0,0,1,0,0,3,202,187.6,175.1,222.0,58.5,16,48,26,90,10,2.07,1.47,3.54,12.52,,,,,,,[],175,71,88,64,59,36,88,53,0.21,0.0,0.15,0.36,1.24,1.39,167,104,167,73,126,55,441,147,0.99,0.3,8.93
394,True,True,100.0,100.0,492859,0,0,-3,3,0,3,1.7,1.7,1,Wilfried,1.7,351,False,,2025-09-18T14:30:08.147956Z,52,492859.jpg,1.8,False,Gnonto,0.1,False,,a,11,2,16,7252,86,37429,51,0.3,3.1,Gnonto,106.0,2022-09-01,2003-11-05,False,p492859,301,0,2,1,9,0,0,0,2,0,0,0,75,46.8,72.2,20.0,14.0,5,11,13,29,4,0.20,0.51,0.71,7.75,,,,,,,[],345,156,223,140,317,167,329,158,0.06,0.0,0.15,0.21,2.32,2.69,220,136,222,102,313,142,483,164,1.2,0.3,8.67
395,True,True,100.0,100.0,221399,0,0,-4,4,0,3,0.2,0.2,0,Jack,0.2,352,False,,2025-12-02T16:30:09.049722Z,51,221399.jpg,1.1,False,Harrison,0.1,False,,a,11,2,12,4812,71,16117,43,0.0,2.4,Harrison,241.0,2021-07-02,1996-11-20,False,p221399,262,0,0,0,5,0,0,0,0,0,0,0,51,30.0,49.4,35.0,11.5,6,13,5,24,1,0.28,0.23,0.51,3.82,4.0,,,,,,[],382,172,270,155,285,151,348,168,0.1,0.0,0.08,0.18,1.31,1.72,233,143,395,187,399,183,554,201,0.34,0.0,8.24
396,True,True,0.0,0.0,200617,0,0,-2,2,0,3,0.0,0.0,0,Daniel,0.3,353,False,Hamstring injury - Expected back 07 Feb,2025-12-04T10:30:09.533717Z,53,200617.jpg,1.3,False,James,0.1,False,,i,11,2,13,7151,3,50994,89,0.1,2.5,James,244.0,2021-08-31,1997-11-10,False,p200617,348,0,0,1,12,0,0,0,0,0,0,0,50,36.0,95.0,87.0,21.9,2,12,4,18,4,0.71,0.56,1.27,8.79,,,,,,,[],370,164,181,122,178,105,282,137,0.18,0.0,0.14,0.32,2.27,3.1,189,116,365,170,387,176,456,150,1.03,0.26,4.66
397,True,True,100.0,100.0,199598,0,0,-1,1,1,3,4.3,4.3,12,Ethan,4.3,354,False,,2025-10-23T13:30:08.371584Z,49,199598.jpg,3.3,False,Ampadu,0.1,False,,a,11,2,50,12182,988,14153,70,0.9,10.2,Ampadu,244.0,2023-07-19,2000-09-14,False,p199598,1319,1,0,2,25,0,0,0,4,0,0,3,244,197.8,128.8,28.0,35.6,58,80,35,173,15,0.89,0.57,1.46,19.57,,,,,,,"[{'property': 'suspension_risk', 'notes': 'This player currently has four yellow cards in the Premier League and will face a one-match suspension should they receive another before Gameweek 20.', 'gameweek': None, 'url': None}]",165,66,133,94,298,158,204,104,0.06,0.0,0.04,0.1,1.34,1.71,296,183,43,18,135,59,496,171,1.02,0.14,11.8
398,True,False,0.0,0.0,248937,0,0,-1,1,0,3,0.0,0.0,0,Sam,0.0,355,False,has joined Pogon Szczecin permanently.,2025-09-02T12:00:32.393623Z,49,248937.jpg,0.0,False,Greenwood,0.0,False,,u,11,2,0,1234,0,9941,8,0.0,0.0,Greenwood,241.0,2021-01-09,2002-01-26,False,p248937,0,0,0,0,0,0,0,0,0,0,0,0,0,0.0,0.0,0.0,0.0,0,0,0,0,0,0.00,0.00,0.00,0.00,,,,,,,[],715,304,711,304,704,302,715,304,0.0,0.0,0.0,0.0,0.0,0.0,313,192,692,292,714,304,613,241,0.0,0.0,0.0
399,True,True,,,486520,0,0,-3,3,0,3,1.5,1.5,4,Ilia,1.5,356,False,,,47,486520.jpg,1.8,False,Gruev,0.0,False,,a,11,2,16,2401,85,4678,31,0.3,3.4,Gruev,34.0,2023-08-31,2000-05-06,False,p486520,391,0,1,1,12,0,0,0,1,0,0,0,85,43.0,41.7,2.0,8.7,8,20,10,38,4,0.00,0.22,0.22,9.68,,,,,,,[],352,159,288,164,396,199,366,172,0.0,0.0,0.05,0.05,2.23,2.76,379,235,235,110,309,139,603,232,0.92,0.23,8.75
400,True,False,0.0,0.0,433952,0,0,-1,1,0,3,0.0,0.0,0,Largie,0.0,357,False,has joined Valencia on loan for the rest of the season.,2025-09-02T12:00:32.377624Z,49,433952.jpg,0.0,False,Ramazani,0.0,False,,u,11,2,0,203,0,4240,2,0.0,0.0,Ramazani,21.0,2024-08-22,2001-02-27,False,p433952,0,0,0,0,0,0,0,0,0,0,0,0,0,0.0,0.0,0.0,0.0,0,0,0,0,0,0.00,0.00,0.00,0.00,,,,,,,[],717,306,713,306,706,304,717,306,0.0,0.0,0.0,0.0,0.0,0.0,317,194,695,294,716,306,680,288,0.0,0.0,0.0
401,True,True,100.0,100.0,248056,0,0,-2,2,0,3,4.0,4.0,1,Tanaka,4.0,358,False,,2025-08-24T01:30:06.493361Z,48,248056.jpg,2.6,False,Ao,0.3,False,,a,11,2,37,39308,1103,30522,718,0.8,7.7,Tanaka,108.0,2024-08-30,1998-09-10,False,p248056,633,2,0,2,14,0,0,0,1,0,0,2,138,122.8,99.1,70.0,29.1,19,34,12,65,7,0.63,0.52,1.15,12.32,,,,,,,[],236,104,174,118,204,117,243,124,0.09,0.0,0.07,0.16,1.75,1.99,351,219,57,26,215,94,299,102,1.0,0.28,9.24
402,True,False,0.0,0.0,536119,0,0,0,0,0,3,0.0,0.0,0,Charlie,0.0,359,False,Has joined Doncaster Rovers on loan for the rest of the season.,2025-08-11T01:12:36.647868Z,45,536119.jpg,0.0,False,Crew,0.0,False,,u,11,2,0,0,0,946,0,0.0,0.0,Crew,244.0,2024-03-28,2006-06-15,False,p536119,0,0,0,0,0,0,0,0,0,0,0,0,0,0.0,0.0,0.0,0.0,0,0,0,0,0,0.00,0.00,0.00,0.00,,,,,,,[],663,266,657,266,642,263,664,267,0.0,0.0,0.0,0.0,0.0,0.0,445,268,630,249,668,271,741,325,0.0,0.0,0.0
403,True,False,0.0,0.0,462635,0,0,0,0,0,3,0.0,0.0,0,Joe,0.0,360,False,Has joined Hull City on loan for the rest of the season.,2025-08-11T11:07:52.207439Z,45,462635.jpg,0.0,False,Gelhardt,0.0,False,,u,11,2,0,0,0,2828,1,0.0,0.0,Gelhardt,241.0,2021-02-07,2002-05-04,False,p462635,0,0,0,0,0,0,0,0,0,0,0,0,0,0.0,0.0,0.0,0.0,0,0,0,0,0,0.00,0.00,0.00,0.00,,,,,,,[],651,255,645,255,630,252,652,256,0.0,0.0,0.0,0.0,0.0,0.0,428,256,618,238,656,260,710,306,0.0,0.0,0.0
404,True,False,0.0,0.0,470294,0,0,0,0,0,3,0.0,0.0,0,Darko,0.0,361,False,has joined Hull City permanently.,2025-09-02T13:38:58.066167Z,45,470294.jpg,0.0,False,Gyabi,0.0,False,,u,11,2,0,1165,0,8165,7,0.0,0.0,Gyabi,241.0,2022-07-04,2004-02-18,False,p470294,0,0,0,0,0,0,0,0,0,0,0,0,0,0.0,0.0,0.0,0.0,0,0,0,0,0,0.00,0.00,0.00,0.00,,,,,,,[],652,256,646,256,631,253,653,257,0.0,0.0,0.0,0.0,0.0,0.0,429,257,619,239,657,261,637,259,0.0,0.0,0.0
405,True,True,100.0,100.0,235826,0,0,-5,5,0,4,0.7,0.7,1,Joël,0.7,362,False,,2025-09-11T17:30:06.758854Z,50,235826.jpg,1.1,False,Piroe,0.4,False,,a,11,2,10,32703,178,209878,291,0.1,2.0,Piroe,152.0,2023-08-24,1999-08-02,False,p235826,198,0,0,1,6,0,0,0,0,0,0,0,21,6.0,20.1,81.0,10.3,1,8,0,9,2,0.53,0.07,0.60,4.83,,,,,2.0,,[],426,45,343,41,186,39,354,43,0.24,0.0,0.03,0.27,2.2,2.73,254,50,326,39,397,45,284,44,0.91,0.45,4.09
406,True,False,0.0,0.0,106617,0,0,-1,1,0,4,0.0,0.0,0,Patrick,0.0,363,False,has departed the club as a free agent.,2025-09-02T12:00:32.408955Z,49,106617.jpg,0.0,False,Bamford,0.4,False,,u,11,2,0,16144,0,200168,126,0.0,0.0,Bamford,241.0,2018-07-31,1993-09-05,False,p106617,0,0,0,0,0,0,0,0,0,0,0,0,0,0.0,0.0,0.0,0.0,0,0,0,0,0,0.00,0.00,0.00,0.00,,,,,,,[],709,76,705,75,695,75,709,76,0.0,0.0,0.0,0.0,0.0,0.0,285,54,685,68,708,76,289,46,0.0,0.0,0.0
407,True,False,0.0,0.0,565297,0,0,0,0,0,4,0.0,0.0,0,Mateo,0.0,364,False,Has joined RCD Mallorca on loan for the rest of the season.,2025-08-11T11:07:32.622877Z,50,565297.jpg,0.0,False,Joseph Fernández-Regatillo,0.0,False,,u,11,2,0,0,0,2386,2,0.0,0.0,Mateo Joseph,200.0,2022-11-04,2003-10-19,False,p565297,0,0,0,0,0,0,0,0,0,0,0,0,0,0.0,0.0,0.0,0.0,0,0,0,0,0,0.00,0.00,0.00,0.00,,,,,,,[],736,79,734,79,726,79,736,79,0.0,0.0,0.0,0.0,0.0,0.0,277,53,716,73,735,79,702,82,0.0,0.0,0.0
408,True,True,0.0,0.0,174594,0,0,0,0,0,4,0.0,0.0,0,Lukas,2.3,365,False,Hamstring injury - Expected back 28 Dec,2025-12-04T19:00:09.704394Z,50,174594.jpg,2.6,False,Nmecha,0.6,False,,i,11,2,37,170574,98,178462,1697,0.5,7.4,Nmecha,80.0,2025-07-01,1998-12-14,False,p174594,489,4,0,1,12,0,0,1,0,0,0,4,132,156.2,29.7,217.0,40.3,10,11,4,25,5,4.41,0.30,4.71,9.45,,,,,1.0,,[],207,16,316,36,63,22,175,22,0.81,0.0,0.06,0.87,1.74,2.21,243,48,160,17,216,23,239,38,0.92,0.18,4.6
409,True,True,0.0,0.0,180135,0,0,-2,2,1,3,0.0,0.0,0,Sean,0.3,493,False,Calf injury - Expected back 28 Dec,2025-11-27T15:30:07.230475Z,48,180135.jpg,3.3,False,Longstaff,0.3,False,,i,11,2,40,174561,11,169991,605,0.1,8.3,Longstaff,241.0,2025-07-18,1997-10-30,False,p180135,877,1,2,1,15,0,0,0,1,0,0,4,221,228.2,327.0,54.0,60.9,23,36,35,94,10,0.74,1.27,2.01,11.28,1.0,,2.0,,,,[],134,52,27,26,247,133,79,49,0.08,0.0,0.13,0.21,1.16,1.54,342,214,359,165,133,58,313,108,1.03,0.1,9.65
410,True,True,100.0,100.0,466525,0,0,-2,2,2,3,5.3,5.3,8,Anton,5.3,660,False,,2025-11-24T11:30:07.231421Z,48,466525.jpg,4.8,False,Stach,1.9,False,,a,11,2,72,647988,14693,464135,1114,1.1,15.0,Stach,80.0,2025-07-22,1998-11-15,False,p466525,1180,3,5,2,24,0,0,0,2,0,0,6,276,253.4,354.4,160.0,76.8,41,56,21,118,14,1.69,1.79,3.48,17.49,3.0,,1.0,,,,[],112,39,21,21,83,51,39,30,0.13,0.0,0.14,0.27,1.33,1.83,358,223,16,9,27,11,135,45,1.07,0.15,9.0
411,True,True,100.0,100.0,201595,0,0,0,0,0,1,1.8,1.8,1,Lucas Estella,1.8,665,False,,2025-09-11T17:30:07.176029Z,45,201595.jpg,2.3,False,Perri,0.2,False,,a,11,2,28,26361,174,44319,137,0.4,6.2,Perri,30.0,2025-07-26,1997-12-10,False,p201595,1080,0,0,2,23,0,0,0,2,0,28,0,100,227.4,0.0,0.0,22.7,11,76,0,0,12,0.00,0.00,0.00,20.01,,,,,,,[],136,18,630,79,613,69,275,18,0.0,2.33,0.0,0.0,1.67,1.92,407,24,198,16,247,22,338,49,1.0,0.17,0.0
412,True,True,100.0,100.0,177815,0,0,2,-2,2,4,7.5,7.5,13,Dominic,7.5,691,False,,2025-12-04T19:00:10.210491Z,57,177815.jpg,4.7,False,Calvert-Lewin,6.2,False,,a,11,2,70,1037160,104313,293139,3612,1.3,12.3,Calvert-Lewin,241.0,2025-08-15,1997-03-16,False,p177815,1029,7,1,3,16,0,0,0,0,0,0,13,231,201.8,142.2,367.0,70.4,10,20,6,36,11,6.40,0.63,7.03,12.38,,,,,,,[],156,11,120,5,12,8,51,9,0.56,0.0,0.06,0.62,1.08,1.4,115,31,4,2,37,5,69,13,0.96,0.26,3.15
413,True,True,100.0,100.0,435997,0,0,0,0,0,3,2.3,2.3,3,Noah,2.3,698,False,,2025-10-17T00:30:11.157914Z,55,435997.jpg,3.1,False,Okafor,0.1,False,,a,11,2,43,51358,278,41759,195,0.4,7.8,Okafor,207.0,2025-08-21,2000-05-24,False,p435997,855,2,2,2,17,0,0,0,2,0,0,3,148,148.4,117.2,216.0,48.2,13,30,16,59,11,2.39,0.68,3.07,12.87,,,,,,,[],218,94,150,106,64,38,127,68,0.25,0.0,0.07,0.32,1.35,1.79,143,91,168,74,164,72,443,148,1.16,0.21,6.21
414,True,True,,,220627,0,0,-1,1,0,2,0.7,0.7,1,James,0.7,706,False,,,39,220627.jpg,0.9,False,Justin,0.2,False,,a,11,2,8,34606,123,21695,106,0.2,2.1,Justin,241.0,2025-08-25,1998-02-23,False,p220627,159,0,0,0,4,0,0,0,1,0,0,0,22,34.6,1.8,4.0,4.0,17,11,1,18,1,0.00,0.00,0.00,5.18,,,,,,,[],372,139,410,149,382,139,406,144,0.0,0.0,0.0,0.0,2.93,2.26,705,205,314,109,454,154,345,126,0.57,0.0,10.19
415,True,True,100.0,100.0,600882,0,0,0,0,0,4,0.0,0.0,0,Harry,0.0,741,False,,2025-10-02T14:30:07.989923Z,45,600882.jpg,0.0,False,Gray,0.1,False,,a,11,2,0,22969,321,14025,218,0.0,0.0,Gray,241.0,2025-04-20,2008-10-08,False,p600882,0,0,0,0,0,0,0,0,0,0,0,0,0,0.0,0.0,0.0,0.0,0,0,0,0,0,0.00,0.00,0.00,0.00,,,,,,,[],689,74,683,73,668,73,690,74,0.0,0.0,0.0,0.0,0.0,0.0,473,65,656,66,693,74,438,64,0.0,0.0,0.0
416,True,True,100.0,100.0,116535,0,0,-1,1,1,1,4.2,4.2,3,Alisson,3.7,366,False,,2025-11-27T10:00:06.952479Z,54,116535.jpg,3.5,False,Becker,5.7,False,,a,12,14,42,379090,7487,1119296,1175,0.7,7.8,A.Becker,30.0,2018-07-19,1992-10-02,False,p116535,1080,0,0,4,15,0,0,0,0,0,24,3,177,215.6,0.1,0.0,21.5,21,105,0,0,12,0.00,0.02,0.02,13.63,,,,,,,[],143,19,439,15,738,85,284,19,0.0,2.0,0.0,0.0,1.14,1.25,155,4,82,7,117,13,71,11,1.0,0.33,0.0
417,True,True,,,449027,0,0,-2,2,0,1,0.5,0.5,0,Giorgi,0.0,367,False,,,43,449027.jpg,3.8,False,Mamardashvili,0.7,False,,a,12,14,19,146781,167,143606,887,0.0,4.4,Mamardashvili,79.0,2024-08-27,2000-09-29,False,p449027,450,0,0,1,10,0,1,0,0,0,17,0,70,140.0,0.0,0.0,13.9,7,43,0,0,5,0.00,0.00,0.00,7.10,,,,,,,[],226,21,570,73,545,60,330,21,0.0,3.4,0.0,0.0,1.42,2.0,561,29,540,78,85,9,223,30,1.0,0.2,0.0
418,True,True,,,586268,0,0,-1,1,0,1,0.5,0.5,0,Ármin,0.0,368,False,,,39,586268.jpg,0.0,False,Pécsi,0.3,False,,a,12,14,0,48500,19,24295,149,0.0,0.0,Pécsi,98.0,2025-06-07,2005-02-24,False,p586268,0,0,0,0,0,0,0,0,0,0,0,0,0,0.0,0.0,0.0,0.0,0,0,0,0,0,0.00,0.00,0.00,0.00,,,,,,,[],510,55,496,42,462,27,510,55,0.0,0.0,0.0,0.0,0.0,0.0,737,88,462,50,518,55,296,39,0.0,0.0,0.0
419,True,True,,,155503,0,0,-1,1,0,1,0.5,0.5,0,Freddie,0.0,369,False,,,39,155503.jpg,0.0,False,Woodman,0.2,False,,a,12,14,0,20776,49,12733,96,0.0,0.0,Woodman,241.0,2025-07-01,1997-03-04,False,p155503,0,0,0,0,0,0,0,0,0,0,0,0,0,0.0,0.0,0.0,0.0,0,0,0,0,0,0.00,0.00,0.00,0.00,,,,,,,[],482,39,467,26,432,11,481,39,0.0,0.0,0.0,0.0,0.0,0.0,700,72,432,34,489,39,368,53,0.0,0.0,0.0
420,True,True,100.0,100.0,216094,0,0,-3,3,0,2,1.2,1.2,4,Jeremie,0.7,370,False,,2025-10-23T09:00:08.355744Z,57,216094.jpg,2.2,False,Frimpong,4.5,False,,a,12,14,11,188663,3256,2968646,541,0.1,1.9,Frimpong,152.0,2025-06-01,2000-12-10,False,p216094,113,0,2,0,2,0,0,0,0,0,0,0,37,20.6,19.6,37.0,7.8,5,7,2,7,1,0.09,0.37,0.46,2.41,,,,,,,[],398,150,345,120,280,87,380,131,0.07,0.0,0.29,0.36,1.92,1.59,119,10,331,116,269,101,86,28,0.8,0.0,5.58
421,True,True,,,544877,0,0,-4,4,0,2,3.5,3.5,2,Milos,3.0,371,False,,,56,544877.jpg,2.4,False,Kerkez,3.0,False,,a,12,14,39,251218,2315,717380,958,0.5,7.0,Kerkez,98.0,2025-06-26,2003-11-07,False,p544877,1119,1,0,3,18,0,0,0,3,0,0,1,167,234.8,190.5,82.0,50.8,58,39,23,81,14,0.91,0.38,1.29,15.81,,,,,,,[],128,56,78,19,183,38,116,39,0.07,0.0,0.03,0.1,1.27,1.45,132,14,120,46,241,89,104,40,1.13,0.24,6.51
422,True,True,,,122798,0,0,-2,2,1,2,1.5,1.5,1,Andrew,1.0,372,False,,,58,122798.jpg,1.5,False,Robertson,1.0,False,,a,12,14,17,42740,368,115129,475,0.2,2.9,Robertson,243.0,2017-07-21,1994-03-11,False,p122798,416,0,0,1,7,0,0,0,0,0,0,2,82,95.4,136.1,49.0,28.1,19,18,7,26,3,0.21,0.70,0.90,5.15,,,,,,,[],278,107,129,31,257,78,248,82,0.05,0.0,0.15,0.2,1.11,1.51,106,8,291,100,362,131,179,73,0.65,0.22,5.62
423,True,True,,,97032,0,0,-1,1,0,2,4.3,4.3,2,Virgil,3.8,373,False,,,59,97032.jpg,3.8,False,van Dijk,23.7,False,,a,12,14,64,2234549,23245,2535585,7885,0.6,10.8,Virgil,152.0,2018-01-01,1991-07-08,False,p97032,1530,0,0,5,25,0,0,0,3,0,0,4,242,495.4,93.0,118.0,70.5,168,35,11,179,17,0.78,0.34,1.12,20.73,,,,,,,[],4,2,182,45,129,20,50,6,0.05,0.0,0.02,0.07,1.22,1.47,93,5,76,32,93,36,13,4,1.0,0.29,10.53
424,True,True,100.0,100.0,204716,0,0,-1,1,0,2,4.3,4.3,1,Ibrahima,3.8,374,False,,2025-10-05T01:30:08.114532Z,54,204716.jpg,3.6,False,Konaté,3.1,False,,a,12,14,62,401704,12495,447087,1516,0.7,11.5,Konaté,73.0,2021-07-01,1999-05-25,False,p204716,1426,0,0,5,22,0,0,0,4,0,0,5,228,367.8,82.9,69.0,52.2,123,50,29,152,17,0.81,0.41,1.22,18.16,,,,,,,"[{'property': 'suspension_risk', 'notes': 'This player currently has four yellow cards in the Premier League and will face a one-match suspension should they receive another before Gameweek 20.', 'gameweek': None, 'url': None}]",31,13,202,51,210,54,106,32,0.05,0.0,0.03,0.08,1.15,1.39,161,19,74,31,108,40,100,38,1.07,0.32,9.59
425,True,True,75.0,100.0,492777,0,0,0,0,0,2,1.1,1.5,1,Conor,1.0,375,False,Knock - 75% chance of playing,2025-12-20T23:00:11.314770Z,50,492777.jpg,1.9,False,Bradley,0.2,False,,d,12,14,21,51683,1536,50642,424,0.2,4.2,Bradley,242.0,2023-09-25,2003-07-09,False,p492777,641,0,1,2,11,0,0,0,5,0,0,0,77,90.4,81.4,41.0,21.1,25,28,13,38,9,0.07,0.72,0.79,8.86,,,,,,,[],280,108,205,53,273,85,286,94,0.01,0.0,0.1,0.11,1.24,1.54,268,44,287,99,300,109,350,129,1.26,0.28,5.34
426,True,True,0.0,0.0,171287,0,0,-1,1,1,2,0.0,0.0,0,Joe,3.2,376,False,Muscle injury - Expected back 27 Dec,2025-12-13T19:30:11.021904Z,49,171287.jpg,2.9,False,Gomez,0.2,False,,i,12,14,23,20019,18,22234,365,0.7,4.7,Gomez,241.0,2015-06-20,1997-05-23,False,p171287,244,0,2,2,4,0,0,0,2,0,0,2,72,70.2,56.3,20.0,14.6,18,8,1,19,3,0.18,0.53,0.71,2.98,,,,,,,[],311,117,253,75,316,103,324,111,0.07,0.0,0.2,0.27,1.1,1.48,293,48,103,40,180,69,391,144,1.11,0.74,7.01
427,True,False,0.0,0.0,214285,0,0,-2,2,0,2,0.0,0.0,0,Konstantinos,0.0,377,False,has joined AS Roma on loan for the rest of the season.,2025-09-22T09:16:54.545563Z,48,214285.jpg,0.0,False,Tsimikas,0.1,False,,u,12,14,0,1669,0,12024,9,0.0,0.0,Tsimikas,83.0,2020-08-10,1996-05-12,False,p214285,0,0,0,0,0,0,0,0,0,0,0,0,0,0.0,0.0,0.0,0.0,0,0,0,0,0,0.00,0.00,0.00,0.00,,,,,,,[],704,246,698,246,684,244,704,246,0.0,0.0,0.0,0.0,0.0,0.0,345,59,675,242,704,246,568,205,0.0,0.0,0.0
428,True,True,100.0,100.0,611926,0,0,-2,2,0,2,0.5,0.5,0,Amara,0.0,378,False,,2025-10-30T11:30:08.685763Z,38,611926.jpg,0.0,False,Nallo,0.3,False,,a,12,14,0,45190,23,30073,214,0.0,0.0,Nallo,241.0,2024-02-27,2006-11-18,False,p611926,0,0,0,0,0,0,0,0,0,0,0,0,0,0.0,0.0,0.0,0.0,0,0,0,0,0,0.00,0.00,0.00,0.00,,,,,,,[],473,179,457,178,422,165,472,178,0.0,0.0,0.0,0.0,0.0,0.0,767,254,421,160,480,177,314,113,0.0,0.0,0.0
429,True,True,,,219937,0,0,-2,2,0,2,0.5,0.5,0,Rhys,0.0,379,False,,,38,219937.jpg,0.0,False,Williams,0.2,False,,a,12,14,0,23629,38,23802,123,0.0,0.0,R.Williams,241.0,2020-09-23,2001-02-03,False,p219937,0,0,0,0,0,0,0,0,0,0,0,0,0,0.0,0.0,0.0,0.0,0,0,0,0,0,0.00,0.00,0.00,0.00,,,,,,,[],459,165,443,164,406,149,457,163,0.0,0.0,0.0,0.0,0.0,0.0,746,233,407,146,465,162,341,123,0.0,0.0,0.0
430,True,True,,,489580,0,0,-2,2,0,2,0.5,0.5,0,Calvin,0.0,380,False,,,38,489580.jpg,0.0,False,Ramsay,0.3,False,,a,12,14,0,25269,79,25082,146,0.0,0.0,Ramsay,243.0,2022-06-19,2003-07-31,False,p489580,0,0,0,0,0,0,0,0,0,0,0,0,0,0.0,0.0,0.0,0.0,0,0,0,0,0,0.00,0.00,0.00,0.00,,,,,,,[],464,170,448,169,412,155,463,169,0.0,0.0,0.0,0.0,0.0,0.0,754,241,412,151,470,167,330,119,0.0,0.0,0.0
431,True,True,0.0,0.0,118748,0,0,-5,5,0,3,0.0,0.0,0,Mohamed,1.7,381,False,On international duty at the Africa Cup of Nations from Gameweek 17 onwards. - Unknown return date,2025-12-13T14:30:11.477568Z,140,118748.jpg,4.6,False,Salah,15.4,False,,n,12,14,64,1266275,38,5672962,19510,0.1,4.6,M.Salah,63.0,2017-07-01,1992-06-15,False,p118748,1183,4,3,4,21,0,0,0,1,0,0,5,206,283.2,454.7,408.0,114.6,5,39,3,47,12,4.65,2.42,7.07,16.56,,,4.0,,1.0,,[],93,29,8,8,7,3,6,5,0.35,0.0,0.18,0.53,1.26,1.6,2,1,230,108,46,18,22,8,0.91,0.3,3.58
432,True,True,100.0,100.0,494595,0,0,-5,5,0,3,4.8,4.8,8,Florian,4.3,382,False,,2025-11-21T12:00:09.930986Z,80,494595.jpg,2.8,False,Wirtz,7.1,False,,a,12,14,45,562114,20294,3393025,1699,0.5,5.6,Wirtz,80.0,2025-06-20,2003-05-03,False,p494595,1084,0,2,5,14,0,0,0,1,0,0,5,201,155.8,396.7,246.0,79.8,10,55,17,82,12,2.21,1.89,4.09,14.58,4.0,,,,,,[],208,88,15,15,46,30,32,25,0.18,0.0,0.16,0.34,1.21,1.16,15,10,49,22,203,91,59,20,1.0,0.42,6.81
433,True,False,0.0,0.0,244731,0,0,0,0,0,3,0.0,0.0,0,Luis,0.0,383,False,Has joined Bayern Munch permanently.,2025-07-30T14:05:01.491481Z,80,244731.jpg,0.0,False,Díaz Marulanda,0.0,False,,u,12,14,0,0,0,7233,5,0.0,0.0,Luis Díaz,48.0,2022-01-30,1997-01-13,False,p244731,0,0,0,0,0,0,0,0,0,0,0,0,0,0.0,0.0,0.0,0.0,0,0,0,0,0,0.00,0.00,0.00,0.00,,,,,,,[],766,341,766,341,766,341,766,341,0.0,0.0,0.0,0.0,0.0,0.0,14,9,764,341,765,341,586,221,0.0,0.0,0.0
434,True,True,0.0,0.0,243298,0,0,-2,2,1,3,0.0,0.0,0,Cody,3.2,384,False,Muscle injury - Unknown return date,2025-12-09T02:00:07.849895Z,73,243298.jpg,4.3,False,Gakpo,5.6,False,,i,12,14,65,3109474,69,3492300,17720,0.4,8.9,Gakpo,152.0,2023-01-01,1999-05-07,False,p243298,1136,4,3,4,19,0,0,0,0,0,0,5,235,270.0,366.5,365.0,100.3,18,38,10,66,13,4.05,2.76,6.81,13.42,3.0,,,,2.0,,[],102,33,18,18,13,5,18,14,0.32,0.0,0.22,0.54,1.06,1.51,26,17,114,52,65,29,72,24,1.03,0.32,5.23
435,True,True,100.0,100.0,223541,0,0,-2,2,0,3,1.0,1.0,1,Federico,0.5,385,False,,2025-10-03T09:30:08.615318Z,63,223541.jpg,1.9,False,Chiesa,0.3,False,,a,12,14,23,41187,684,50041,297,0.1,3.7,Chiesa,106.0,2024-08-29,1997-10-25,False,p223541,151,2,1,0,4,0,0,0,2,0,0,0,98,106.8,30.1,90.0,22.8,7,3,8,18,0,1.17,0.35,1.52,3.22,,,,,,,[],254,112,314,174,173,102,274,133,0.7,0.0,0.21,0.91,1.92,2.38,70,46,350,162,301,137,309,105,0.0,0.0,10.73
436,True,True,100.0,100.0,243016,0,0,-3,3,0,3,2.5,2.5,1,Alexis,2.0,386,False,,2025-08-28T17:30:07.822110Z,62,243016.jpg,2.3,False,Mac Allister,1.2,False,,a,12,14,37,111601,4047,211308,821,0.3,6.0,Mac Allister,10.0,2023-06-14,1998-12-24,False,p243016,1092,0,2,4,16,0,0,0,2,0,0,0,184,162.6,178.8,124.0,46.6,25,46,18,89,14,1.57,0.71,2.28,14.03,,,,,3.0,,[],200,83,84,61,119,70,139,72,0.13,0.0,0.06,0.19,1.16,1.32,78,51,195,88,250,112,164,54,1.15,0.33,7.34
437,True,True,0.0,75.0,424876,0,0,2,-2,1,3,0.0,2.8,1,Dominik,3.2,387,False,Suspended until 01 Jan,2025-12-13T19:30:11.046303Z,67,424876.jpg,3.7,False,Szoboszlai,5.6,False,,s,12,14,63,1155914,7219,825078,27092,0.5,9.4,Szoboszlai,98.0,2023-07-02,2000-10-25,False,p424876,1522,2,1,5,25,0,0,0,5,0,0,8,338,370.8,550.7,186.0,110.8,49,94,28,171,17,2.12,2.47,4.59,20.51,2.0,,2.0,,,,[],30,7,2,2,70,43,7,6,0.13,0.0,0.15,0.28,1.21,1.48,47,30,113,51,102,43,74,25,1.01,0.3,10.11
438,True,True,100.0,100.0,206915,0,0,-1,1,0,3,2.3,2.3,2,Curtis,1.8,388,False,,2025-10-25T23:00:08.088311Z,54,206915.jpg,1.6,False,Jones,0.1,False,,a,12,14,24,13828,1235,16343,199,0.3,4.4,C.Jones,241.0,2018-04-06,2001-01-30,False,p206915,725,0,1,1,16,0,0,0,1,0,0,0,161,130.2,159.5,50.0,33.8,15,50,15,80,6,0.46,1.29,1.75,12.34,,,,,,,[],229,100,101,74,252,135,218,112,0.06,0.0,0.16,0.22,1.53,1.99,163,101,210,97,343,158,428,141,0.74,0.12,9.93
439,True,True,100.0,100.0,441266,0,0,1,-1,2,3,4.0,4.0,2,Ryan,3.5,390,False,,2025-10-20T00:30:09.747338Z,56,441266.jpg,4.9,False,Gravenberch,4.6,False,,a,12,14,73,1341251,17978,884813,4962,0.6,13.0,Gravenberch,152.0,2023-09-01,2002-05-16,False,p441266,1321,3,3,5,19,0,0,0,3,0,0,11,325,331.6,240.1,82.0,65.4,44,59,24,127,15,0.71,0.89,1.60,15.64,,,,,,,[],56,15,54,44,182,108,68,43,0.05,0.0,0.06,0.11,1.07,1.29,130,82,93,43,23,10,81,27,1.02,0.34,8.65
440,True,True,0.0,0.0,158983,0,0,-1,1,0,3,0.0,0.0,0,Endo,0.2,392,False,Ankle injury - Unknown return date,2025-12-12T12:00:10.357849Z,49,158983.jpg,1.4,False,Wataru,0.1,False,,i,12,14,7,6518,3,13664,60,0.0,1.4,Endo,108.0,2023-08-18,1993-02-09,False,p158983,43,0,1,0,4,0,0,0,1,0,0,0,23,31.2,11.1,0.0,4.2,3,0,4,7,0,0.00,0.00,0.00,1.98,,,,,,,[],379,169,366,190,697,298,405,187,0.0,0.0,0.0,0.0,4.14,8.37,290,180,391,184,374,171,481,163,0.0,0.0,14.65
441,True,True,0.0,0.0,535928,0,0,-2,2,0,3,0.0,0.0,0,Stefan,0.0,393,False,Hamstring injury - Unknown return date,2025-09-12T10:00:06.938334Z,43,535928.jpg,0.0,False,Bajčetić Maquieira,0.0,False,,i,12,14,0,6296,8,9174,23,0.0,0.0,Bajcetic,200.0,2022-07-11,2004-10-22,False,p535928,0,0,0,0,0,0,0,0,0,0,0,0,0,0.0,0.0,0.0,0.0,0,0,0,0,0,0.00,0.00,0.00,0.00,,,,,,,[],591,215,583,215,558,210,592,216,0.0,0.0,0.0,0.0,0.0,0.0,584,330,552,197,598,223,610,238,0.0,0.0,0.0
442,True,False,0.0,0.0,491501,0,0,-1,1,0,3,0.0,0.0,0,James,0.0,394,False,has joined Ajax on loan for the rest of the season.,2025-09-22T21:23:24.738341Z,44,491501.jpg,0.0,False,McConnell,0.0,False,,u,12,14,0,1737,0,3970,5,0.0,0.0,McConnell,,,,False,p491501,0,0,0,0,0,0,0,0,0,0,0,0,0,0.0,0.0,0.0,0.0,0,0,0,0,0,0.00,0.00,0.00,0.00,,,,,,,[],613,229,606,230,584,224,614,230,0.0,0.0,0.0,0.0,0.0,0.0,519,305,579,211,620,236,653,269,0.0,0.0,0.0
443,True,False,0.0,0.0,440148,0,0,0,0,0,3,0.0,0.0,0,Tyler,0.0,395,False,Has joined Lyon permanently.,2025-08-11T01:13:11.403187Z,45,440148.jpg,0.0,False,Morton,0.0,False,,u,12,14,0,0,0,346,0,0.0,0.0,Morton,241.0,2021-07-22,2002-10-31,False,p440148,0,0,0,0,0,0,0,0,0,0,0,0,0,0.0,0.0,0.0,0.0,0,0,0,0,0,0.00,0.00,0.00,0.00,,,,,,,[],644,249,637,249,622,246,645,250,0.0,0.0,0.0,0.0,0.0,0.0,419,250,611,232,649,254,749,331,0.0,0.0,0.0
444,True,True,,,591386,0,0,-2,2,0,3,0.7,0.7,1,Trey,0.2,396,False,,,43,591386.jpg,1.0,False,Nyoni,0.4,False,,a,12,14,1,93973,112,68621,360,0.0,0.2,Nyoni,241.0,2023-11-11,2007-06-30,False,p591386,1,0,0,0,0,0,0,0,0,0,0,0,2,0.0,0.0,0.0,0.0,0,0,0,0,0,0.00,0.00,0.00,0.00,,,,,,,[],597,221,589,221,566,216,598,222,0.0,0.0,0.0,0.0,0.0,0.0,594,336,380,176,416,188,271,94,0.0,0.0,0.0
445,True,False,0.0,0.0,447203,0,0,0,0,0,4,0.0,0.0,0,Darwin,0.0,397,False,Has joined Al-Hilal permanently.,2025-08-11T11:06:59.061616Z,65,447203.jpg,0.0,False,Núñez Ribeiro,0.1,False,,u,12,14,0,0,0,15772,4,0.0,0.0,Darwin,230.0,2022-06-14,1999-06-24,False,p447203,0,0,0,0,0,0,0,0,0,0,0,0,0,0.0,0.0,0.0,0.0,0,0,0,0,0,0.00,0.00,0.00,0.00,,,,,,,[],762,82,762,82,762,82,762,82,0.0,0.0,0.0,0.0,0.0,0.0,52,18,757,79,761,82,525,74,0.0,0.0,0.0
446,True,True,0.0,0.0,500058,0,0,-2,2,0,4,0.0,0.0,0,Jayden,0.0,398,False,Hamstring injury - Unknown return date,2025-10-17T01:00:10.583515Z,43,500058.jpg,0.0,False,Danns,0.1,False,,i,12,14,0,8115,13,18099,58,0.0,0.0,Danns,241.0,2024-02-20,2006-01-16,False,p500058,0,0,0,0,0,0,0,0,0,0,0,0,0,0.0,0.0,0.0,0.0,0,0,0,0,0,0.00,0.00,0.00,0.00,,,,,,,[],588,59,579,58,554,58,589,59,0.0,0.0,0.0,0.0,0.0,0.0,577,79,548,50,595,59,450,66,0.0,0.0,0.0
447,True,True,75.0,100.0,219168,0,0,-2,2,0,4,2.8,3.7,6,Alexander,3.2,499,False,Leg injury - 75% chance of playing,2025-12-20T23:00:11.567903Z,103,219168.jpg,2.9,False,Isak,4.2,False,,d,12,14,29,1795619,1013,2335351,4662,0.3,2.8,Isak,206.0,2025-09-01,1999-09-21,False,p219168,501,2,1,1,7,0,0,0,0,0,0,2,96,97.6,36.5,143.0,26.9,6,11,6,23,6,2.04,0.07,2.11,5.10,,,,,,,[],276,26,300,35,100,27,256,28,0.37,0.0,0.01,0.38,0.92,1.26,4,2,115,11,190,19,91,16,1.08,0.18,4.13
448,True,True,100.0,100.0,510663,1,-1,3,-3,2,4,6.8,6.8,9,Hugo,6.3,661,False,,2025-11-27T10:00:07.363885Z,88,510663.jpg,4.8,False,Ekitiké,24.6,False,,a,12,14,77,4741897,222035,3986319,2986,0.7,8.8,Ekitiké,73.0,2025-07-23,2002-06-20,False,p510663,953,8,1,4,14,0,0,0,0,0,0,16,285,332.8,132.2,369.0,82.4,20,22,6,48,11,4.49,0.44,4.93,14.51,,,,,,,[],55,5,132,8,10,7,28,6,0.42,0.0,0.04,0.46,1.37,1.32,9,4,9,3,34,4,12,4,1.04,0.38,4.53
449,True,True,,,611922,0,0,-2,2,0,3,0.7,0.7,0,Rio,0.2,686,False,,,43,611922.jpg,2.0,False,Ngumoha,0.6,False,,a,12,14,10,166583,3373,112725,1102,0.0,2.3,Ngumoha,241.0,2024-12-17,2008-08-29,False,p611922,42,1,0,0,2,0,0,0,0,0,0,0,43,44.2,34.0,25.0,10.4,0,2,1,3,0,0.37,0.12,0.49,1.34,,,,,,,[],350,157,303,169,306,162,353,169,0.79,0.0,0.26,1.05,2.87,4.29,597,339,381,177,284,127,227,80,0.0,0.0,6.43
450,True,True,0.0,0.0,647681,0,0,-1,1,0,2,0.0,0.0,0,Giovanni,0.0,692,False,Knee injury - Expected back 01 Sep,2025-09-24T06:00:06.281394Z,49,647681.jpg,0.0,False,Leoni,0.0,False,,i,12,14,0,1667,3,2303,7,0.0,0.0,Leoni,106.0,2025-08-15,2006-12-21,False,p647681,0,0,0,0,0,0,0,0,0,0,0,0,0,0.0,0.0,0.0,0.0,0,0,0,0,0,0.00,0.00,0.00,0.00,,,,,,,[],727,249,723,249,716,248,727,249,0.0,0.0,0.0,0.0,0.0,0.0,337,58,706,246,726,248,687,236,0.0,0.0,0.0
451,True,True,,,596042,0,0,0,0,0,3,0.5,0.5,0,Kieran,0.0,746,False,,,45,596042.jpg,0.0,False,Morrison,0.0,False,,a,12,14,0,602,21,338,16,0.0,0.0,Morrison,242.0,2025-01-29,2006-11-09,False,p596042,0,0,0,0,0,0,0,0,0,0,0,0,0,0.0,0.0,0.0,0.0,0,0,0,0,0,0.00,0.00,0.00,0.00,,,,,,,[],688,285,682,285,667,282,689,286,0.0,0.0,0.0,0.0,0.0,0.0,472,288,655,268,692,289,722,313,0.0,0.0,0.0
452,True,True,,,519440,0,0,0,0,0,2,0.5,0.5,0,Wellity,0.0,760,False,,,40,519440.jpg,0.0,False,Lucky,0.0,False,,a,12,14,0,158,24,23,8,0.0,0.0,Lucky,200.0,2025-08-01,2006-01-12,False,p519440,0,0,0,0,0,0,0,0,0,0,0,0,0,0.0,0.0,0.0,0.0,0,0,0,0,0,0.00,0.00,0.00,0.00,,,,,,,[],550,212,538,212,505,201,550,212,0.0,0.0,0.0,0.0,0.0,0.0,665,181,502,196,558,211,743,250,0.0,0.0,0.0
453,True,True,,,432720,0,0,-4,4,0,1,0.5,0.5,0,James,0.0,182,False,,,46,432720.jpg,3.7,False,Trafford,1.0,False,,a,13,43,11,98344,34,260983,389,0.0,2.4,Trafford,241.0,2025-07-29,2002-10-10,False,p432720,270,0,0,1,4,0,0,0,0,0,11,0,62,100.2,0.0,0.0,10.1,6,33,2,0,3,0.00,0.00,0.00,3.97,,,,,,,[],268,24,694,81,679,71,355,24,0.0,3.67,0.0,0.0,1.32,1.33,386,19,666,84,98,11,177,23,1.0,0.33,0.0
454,True,False,0.0,0.0,121160,0,0,-2,2,0,1,0.0,0.0,0,Ederson,0.0,399,False,has joined Fenerbache permanently.,2025-09-02T13:32:35.715838Z,53,121160.jpg,0.0,False,Santana de Moraes,0.9,False,,u,13,43,0,15200,0,269150,137,0.0,0.0,Ederson M.,30.0,2017-07-01,1993-08-17,False,p121160,0,0,0,0,0,0,0,0,0,0,0,0,0,0.0,0.0,0.0,0.0,0,0,0,0,0,0.00,0.00,0.00,0.00,,,,,,,[],741,88,740,87,735,84,741,88,0.0,0.0,0.0,0.0,0.0,0.0,183,5,726,88,740,88,200,27,0.0,0.0,0.0
455,True,True,,,88248,0,0,-3,3,0,1,0.5,0.5,0,Stefan,0.0,400,False,,,47,88248.jpg,0.0,False,Ortega Moreno,0.2,False,,a,13,43,0,2779,10,18114,56,0.0,0.0,Ortega Moreno,80.0,2022-07-01,1992-11-06,False,p88248,0,0,0,0,0,0,0,0,0,0,0,0,0,0.0,0.0,0.0,0.0,0,0,0,0,0,0.00,0.00,0.00,0.00,,,,,,,[],701,86,695,82,681,73,701,86,0.0,0.0,0.0,0.0,0.0,0.0,369,18,669,85,701,86,392,60,0.0,0.0,0.0
456,True,True,100.0,100.0,122074,0,0,-1,1,0,1,0.5,0.5,0,Marcus,0.0,401,False,,2025-08-22T12:00:07.134628Z,39,122074.jpg,0.0,False,Bettinelli,0.1,False,,a,13,43,0,3203,27,12219,64,0.0,0.0,Bettinelli,241.0,2025-06-10,1992-05-24,False,p122074,0,0,0,0,0,0,0,0,0,0,0,0,0,0.0,0.0,0.0,0.0,0,0,0,0,0,0.00,0.00,0.00,0.00,,,,,,,[],480,37,465,24,430,9,479,37,0.0,0.0,0.0,0.0,0.0,0.0,698,70,430,32,487,37,454,71,0.0,0.0,0.0
457,True,True,0.0,0.0,448514,0,0,-3,3,0,2,0.0,0.0,0,Rayan,0.2,402,False,On international duty at the Africa Cup of Nations from Gameweek 17 onwards. - Unknown return date,2025-12-13T14:30:11.538845Z,57,448514.jpg,2.4,False,Aït-Nouri,4.0,False,,n,13,43,12,507108,12,2354537,2541,0.0,2.1,Aït-Nouri,3.0,2025-06-09,2001-06-06,False,p448514,204,0,0,1,2,0,0,0,1,0,0,1,41,46.4,37.8,7.0,9.1,14,8,9,23,3,0.04,0.48,0.52,2.96,,,,,,,[],347,128,297,94,370,132,364,126,0.02,0.0,0.21,0.23,1.31,0.88,120,11,402,143,243,90,92,32,1.32,0.44,10.15
458,True,True,100.0,100.0,477424,0,0,0,0,2,2,6.0,6.0,6,Joško,5.5,403,False,,2025-08-15T14:00:07.606174Z,60,477424.jpg,5.2,False,Gvardiol,8.8,False,,a,13,43,67,1110916,13250,1211410,3581,0.9,11.2,Gvardiol,97.0,2023-08-05,2002-01-23,False,p477424,1128,2,1,6,12,0,0,0,2,0,0,4,250,286.6,81.6,152.0,52.1,69,46,11,80,13,1.51,0.56,2.07,14.16,,,,,,,[],89,39,204,52,93,11,107,33,0.12,0.0,0.04,0.16,1.13,0.96,90,4,13,4,15,7,49,17,1.04,0.48,6.38
459,True,False,0.0,0.0,211975,0,0,-1,1,0,2,0.0,0.0,0,Manuel,0.0,404,False,has joined Inter Milan on loan for the rest of the season.,2025-09-02T13:32:35.738667Z,54,211975.jpg,0.0,False,Akanji,0.3,False,,u,13,43,0,9281,0,84347,35,0.0,0.0,Akanji,207.0,2022-09-01,1995-07-19,False,p211975,0,0,0,0,0,0,0,0,0,0,0,0,0,0.0,0.0,0.0,0.0,0,0,0,0,0,0.00,0.00,0.00,0.00,,,,,,,[],745,253,744,253,740,252,745,253,0.0,0.0,0.0,0.0,0.0,0.0,164,20,732,250,744,252,322,117,0.0,0.0,0.0
460,True,True,,,126184,0,0,-2,2,0,2,0.8,0.8,0,Nathan,0.3,405,False,,,53,126184.jpg,1.7,False,Aké,0.6,False,,a,13,43,12,29601,140,68688,301,0.1,2.3,Aké,152.0,2020-08-05,1995-02-18,False,p126184,222,0,0,1,3,0,0,0,0,0,0,0,48,39.4,25.0,13.0,7.8,11,3,3,14,1,0.28,0.17,0.45,2.44,,,,,,,[],362,134,332,113,344,118,379,130,0.11,0.0,0.07,0.18,0.99,1.22,184,26,364,131,326,118,236,86,0.41,0.41,5.68
461,True,True,100.0,100.0,578153,0,0,-1,1,0,2,0.7,0.7,1,Abdukodir,0.2,406,False,,2025-09-21T22:30:06.201489Z,54,578153.jpg,2.4,False,Khusanov,0.3,False,,a,13,43,12,27434,125,55033,126,0.0,2.2,Khusanov,231.0,2025-01-20,2004-02-29,False,p578153,250,0,0,1,1,0,0,0,1,0,0,0,57,46.4,8.7,0.0,5.6,15,10,8,23,3,0.00,0.03,0.03,3.31,,,,,,,[],346,127,383,135,747,254,388,134,0.0,0.0,0.01,0.01,1.19,0.36,181,24,401,142,240,88,325,118,1.08,0.36,8.28
462,True,True,,,465351,0,0,-1,1,3,2,5.7,5.7,8,Matheus,5.2,407,False,,,54,465351.jpg,5.1,False,Nunes,2.0,False,,a,13,43,76,294681,8014,117371,799,1.0,14.1,Matheus N.,173.0,2023-09-01,1998-08-27,False,p465351,1233,1,4,6,13,0,0,0,2,0,0,8,312,332.8,182.7,44.0,56.1,74,78,25,99,13,0.23,1.01,1.24,14.56,,,,,4.0,,[],54,26,82,21,265,81,92,24,0.02,0.0,0.07,0.09,1.06,0.95,170,22,18,5,19,9,131,50,0.95,0.44,7.23
463,True,True,,,171314,0,0,2,-2,1,2,6.5,6.5,6,Rúben,6.0,408,False,,,57,171314.jpg,4.8,False,dos Santos Gato Alves Dias,7.1,False,,a,13,43,81,770048,17636,408313,2523,1.1,14.2,Rúben,173.0,2020-09-29,1997-05-14,False,p171314,1445,2,0,8,15,0,0,0,0,0,0,3,318,404.4,78.2,61.0,54.5,105,45,7,112,16,0.42,0.41,0.83,17.80,,,,,,,[],15,5,208,54,228,62,99,27,0.03,0.0,0.03,0.06,1.11,0.93,114,9,10,2,30,15,60,21,1.0,0.5,6.98
464,True,True,0.0,0.0,97299,0,0,-1,1,0,2,0.0,0.0,0,John,0.2,409,False,Thigh injury - Expected back 27 Dec,2025-12-08T10:30:09.659145Z,54,97299.jpg,1.7,False,Stones,0.6,False,,i,13,43,12,50028,6,101259,473,0.0,2.2,Stones,241.0,2016-08-09,1994-05-28,False,p97299,351,0,0,1,8,0,0,0,0,0,0,0,45,76.6,19.6,2.0,9.8,19,17,0,19,4,0.00,0.06,0.06,5.05,,,,,,,[],303,113,344,119,402,146,357,121,0.0,0.0,0.02,0.02,1.29,2.05,154,18,400,141,329,119,230,84,1.03,0.26,4.87
465,True,True,100.0,100.0,477064,0,0,-3,3,1,2,1.0,1.0,1,Rico,0.5,410,False,,2025-09-05T10:00:06.653551Z,47,477064.jpg,2.2,False,Lewis,1.3,False,,a,13,43,18,358633,283,434420,724,0.1,3.8,Lewis,241.0,2022-07-16,2004-11-21,False,p477064,204,0,1,1,3,0,0,0,0,0,0,2,67,54.8,62.6,25.0,14.2,11,8,3,14,2,0.02,1.19,1.21,2.77,,,,,,,[],334,121,241,70,308,100,326,113,0.01,0.0,0.52,0.53,1.22,1.32,378,67,341,123,262,100,159,65,0.88,0.44,6.18
466,True,True,100.0,100.0,472769,0,0,3,-3,0,2,4.3,4.3,6,Nico,3.8,411,False,,2025-09-05T10:00:06.671127Z,53,472769.jpg,4.6,False,O'Reilly,11.1,False,,a,13,43,74,1637218,19174,273681,3144,0.7,14.0,O'Reilly,241.0,2022-12-16,2005-03-21,False,p472769,1223,1,3,8,11,0,0,0,2,0,0,2,274,307.0,201.9,183.0,69.3,60,50,39,99,13,1.96,1.25,3.21,15.76,,,,,,,[],74,32,73,17,72,5,56,9,0.14,0.0,0.09,0.23,1.16,0.81,200,30,73,30,41,19,35,12,0.96,0.59,7.29
467,True,False,0.0,0.0,616222,0,0,0,0,0,2,0.0,0.0,0,Vitor,0.0,412,False,Has joined Girona on loan for the rest of the season.,2025-08-11T01:23:23.836966Z,50,616222.jpg,0.0,False,de Oliveira Nunes dos Reis,0.0,False,,u,13,43,0,0,0,835,0,0.0,0.0,Vitor Reis,30.0,2025-01-21,2006-01-12,False,p616222,0,0,0,0,0,0,0,0,0,0,0,0,0,0.0,0.0,0.0,0.0,0,0,0,0,0,0.00,0.00,0.00,0.00,,,,,,,[],739,251,737,251,729,250,739,251,0.0,0.0,0.0,0.0,0.0,0.0,281,45,719,248,738,250,735,248,0.0,0.0,0.0
468,True,True,0.0,0.0,438234,0,0,-2,2,0,3,0.0,0.0,0,Omar,0.7,413,False,On international duty at the Africa Cup of Nations from Gameweek 17 onwards. - Unknown return date,2025-12-13T14:30:11.571466Z,83,438234.jpg,1.6,False,Marmoush,2.4,False,,n,13,43,16,203448,23,1221206,1182,0.1,1.9,Marmoush,63.0,2025-01-23,1999-02-07,False,p438234,204,0,1,0,3,0,0,0,0,0,0,2,52,41.4,39.1,93.0,17.2,4,9,3,16,2,1.25,0.46,1.71,2.47,,,1.0,,2.0,,[],356,161,295,167,170,100,310,149,0.55,0.0,0.2,0.75,1.09,1.32,12,7,333,156,348,160,120,40,0.88,0.0,7.06
469,True,True,100.0,100.0,209244,0,0,9,-9,3,3,10.5,10.5,3,Phil,10.0,414,True,,2025-08-10T23:00:06.538510Z,89,209244.jpg,6.1,False,Foden,39.9,False,,a,13,43,91,5501047,43075,775698,12847,1.1,10.2,Foden,241.0,2016-12-05,2000-05-28,False,p209244,1225,7,2,8,11,0,0,0,3,0,0,10,377,412.6,511.6,292.0,121.4,17,58,20,95,14,4.03,2.64,6.67,14.85,1.0,,3.0,,,,[],13,4,3,3,31,18,5,4,0.3,0.0,0.19,0.49,1.09,0.81,7,5,1,1,5,2,4,2,1.03,0.59,6.98
470,True,True,100.0,100.0,510281,0,0,-1,1,0,3,1.8,1.8,1,Sávio,1.3,415,False,,2025-08-15T14:00:07.649098Z,69,510281.jpg,1.8,False,Moreira de Oliveira,0.4,False,,a,13,43,24,31106,295,103646,279,0.2,3.5,Savinho,30.0,2024-07-18,2004-04-10,False,p510281,464,0,2,2,5,0,0,0,1,0,0,0,83,66.2,124.8,174.0,36.5,8,26,5,39,4,0.60,1.11,1.71,5.79,,,,,,,[],317,143,139,98,78,48,197,100,0.12,0.0,0.22,0.34,1.12,0.97,43,26,260,123,318,145,260,90,0.78,0.39,7.56
471,True,True,,,165809,0,0,-3,3,0,3,2.7,2.7,3,Bernardo,2.2,416,False,,,62,165809.jpg,2.2,False,Mota Veiga de Carvalho e Silva,0.5,False,,a,13,43,38,58679,659,103233,365,0.4,6.1,Bernardo,173.0,2017-07-01,1994-08-10,False,p165809,1139,0,2,6,12,0,0,0,4,0,0,0,188,152.2,249.0,45.0,44.5,28,60,17,105,13,0.26,1.53,1.79,14.45,5.0,,,,,,"[{'property': 'suspension_risk', 'notes': 'This player currently has four yellow cards in the Premier League and will face a one-match suspension should they receive another before Gameweek 20.', 'gameweek': None, 'url': None}]",215,93,49,40,261,141,150,77,0.02,0.0,0.12,0.14,1.14,0.95,74,49,187,83,270,120,247,86,1.03,0.47,8.3
472,True,True,100.0,100.0,466052,0,0,0,0,1,3,6.0,6.0,4,Rayan,5.5,417,False,,2025-09-01T10:30:08.352331Z,65,466052.jpg,4.4,False,Cherki,7.8,False,,a,13,43,53,1113796,43383,1118844,5121,0.8,8.2,Cherki,73.0,2025-06-10,2003-08-17,False,p466052,549,1,7,3,5,0,0,0,1,0,0,8,232,237.8,369.1,140.0,74.8,6,29,8,43,7,1.02,3.11,4.13,7.72,2.0,,4.0,,,,[],125,46,17,17,104,63,43,32,0.17,0.0,0.51,0.68,1.27,0.82,55,36,14,7,57,23,53,19,1.15,0.49,7.05
473,True,True,0.0,0.0,248875,0,0,0,0,1,3,0.0,0.0,0,Jérémy,2.5,418,False,Leg injury - Expected back 01 Jan,2025-12-15T01:30:08.582948Z,65,248875.jpg,3.9,False,Doku,4.5,False,,i,13,43,59,2051329,117,1728753,46847,0.4,9.1,Doku,21.0,2023-08-24,2002-05-27,False,p248875,935,1,6,5,9,0,0,0,0,0,0,6,253,267.4,496.4,314.0,107.7,7,41,10,58,11,1.47,3.63,5.10,10.44,,,,,3.0,,[],105,35,4,4,25,13,11,9,0.14,0.0,0.35,0.49,1.0,0.87,50,33,150,69,84,37,85,30,1.06,0.48,5.58
474,True,False,0.0,0.0,59859,0,0,-2,2,0,3,0.0,0.0,0,İlkay,0.0,420,False,has joined Galatasaray permanently.,2025-09-05T08:55:41.702765Z,63,59859.jpg,0.0,False,Gündoğan,0.1,False,,u,13,43,0,1928,0,19617,15,0.0,0.0,Gündoğan,80.0,2024-08-23,1990-10-24,False,p59859,0,0,0,0,0,0,0,0,0,0,0,0,0,0.0,0.0,0.0,0.0,0,0,0,0,0,0.00,0.00,0.00,0.00,,,,,,,[],759,337,759,337,759,337,759,337,0.0,0.0,0.0,0.0,0.0,0.0,66,43,753,336,758,337,529,187,0.0,0.0,0.0
475,True,True,0.0,0.0,220566,0,0,-2,2,0,3,0.0,0.0,0,Rodrigo 'Rodri',0.0,421,False,Muscle injury - Unknown return date,2025-11-07T16:00:08.654141Z,63,220566.jpg,2.0,False,Hernandez Cascante,0.4,False,,i,13,43,12,40370,3,88074,125,0.0,1.9,Rodrigo,200.0,2019-07-04,1996-06-22,False,p220566,292,0,0,1,3,0,0,0,0,0,0,0,58,50.6,50.9,19.0,12.0,12,22,6,40,4,0.14,0.22,0.36,3.78,,,,,,,[],339,154,266,154,322,169,346,166,0.04,0.0,0.07,0.11,1.17,0.92,69,45,754,337,292,131,270,93,1.23,0.31,12.33
476,True,True,0.0,0.0,91651,0,0,-1,1,0,3,0.0,0.0,0,Mateo,0.0,422,False,Ankle injury - Unknown return date,2025-11-03T09:30:08.601064Z,59,91651.jpg,1.0,False,Kovačić,0.0,False,,i,13,43,1,2314,5,3108,13,0.0,0.2,Kovačić,97.0,2023-06-27,1994-05-06,False,p91651,4,0,0,0,0,0,0,0,0,0,0,0,3,2.6,0.8,0.0,0.3,0,0,0,0,0,0.00,0.00,0.00,0.00,,,,,,,[],440,202,420,202,755,334,449,205,0.0,0.0,0.0,0.0,0.0,0.0,92,60,748,332,449,215,661,275,0.0,0.0,0.0
477,True,True,100.0,100.0,465694,0,0,-1,1,0,3,3.5,3.5,2,Nico,3.0,423,False,,2025-10-22T10:00:08.540683Z,59,465694.jpg,2.9,False,González Iglesias,0.1,False,,a,13,43,46,24175,231,21665,272,0.5,7.8,N.Gonzalez,200.0,2025-02-03,2002-01-03,False,p465694,1133,1,0,7,11,0,0,0,4,0,0,1,241,233.4,149.3,58.0,44.1,54,58,26,138,12,0.50,0.82,1.32,14.21,,,,,,,"[{'property': 'suspension_risk', 'notes': 'This player currently has four yellow cards in the Premier League and will face a one-match suspension should they receive another before Gameweek 20.', 'gameweek': None, 'url': None}]",131,49,113,84,236,129,152,79,0.04,0.0,0.07,0.11,1.13,0.87,101,66,121,54,187,84,410,134,0.95,0.56,10.96
478,True,True,0.0,0.0,477555,0,0,-4,4,0,3,0.0,0.0,0,Oscar,0.0,424,False,Hamstring injury - Expected back 27 Jan,2025-12-18T01:30:09.837246Z,51,477555.jpg,2.0,False,Bobb,0.2,False,,i,13,43,18,81524,4,92296,308,0.0,3.5,Bobb,161.0,2022-01-06,2003-07-12,False,p477555,464,0,1,2,5,0,0,0,1,0,0,0,82,69.8,154.3,87.0,31.2,3,18,8,29,5,0.40,1.15,1.55,5.10,,,,,,,[],313,140,106,78,177,104,230,118,0.08,0.0,0.22,0.3,0.99,0.97,236,145,720,312,287,129,364,121,0.97,0.39,5.62
479,True,False,0.0,0.0,575204,0,0,-1,1,0,3,0.0,0.0,0,Claudio,0.0,425,False,Has joined Bayer Leverkusen on loan for the rest of the season.,2025-08-21T14:03:07.217793Z,54,575204.jpg,0.0,False,Echeverri,0.0,False,,u,13,43,0,194,0,3200,1,0.0,0.0,Echeverri,10.0,2024-01-25,2006-01-02,False,p575204,0,0,0,0,0,0,0,0,0,0,0,0,0,0.0,0.0,0.0,0.0,0,0,0,0,0,0.00,0.00,0.00,0.00,,,,,,,[],751,330,750,330,746,329,751,330,0.0,0.0,0.0,0.0,0.0,0.0,180,112,740,325,750,330,703,302,0.0,0.0,0.0
480,True,True,,,433036,0,0,-3,3,1,3,4.3,4.3,8,Tijjani,3.8,427,False,,,52,433036.jpg,3.6,False,Reijnders,11.7,False,,a,13,43,57,3230764,10952,4379078,4647,0.7,11.0,Reijnders,152.0,2025-06-10,1998-07-29,False,p433036,1096,3,2,5,13,0,0,0,2,0,0,3,240,234.4,223.7,278.0,73.0,21,38,8,67,13,2.90,1.41,4.31,13.65,3.0,,,,,,[],129,47,60,46,35,21,45,34,0.24,0.0,0.12,0.36,1.12,1.07,213,132,71,31,106,47,32,13,1.07,0.41,5.5
481,True,False,0.0,0.0,566164,0,0,0,0,0,3,0.0,0.0,0,Sverre,0.0,428,False,Has joined Middlesbrough on loan for the rest of the season.,2025-08-19T13:38:08.307876Z,50,566164.jpg,0.0,False,Nypan,0.0,False,,u,13,43,0,73,0,2439,1,0.0,0.0,Nypan,161.0,2025-07-17,2006-12-19,False,p566164,0,0,0,0,0,0,0,0,0,0,0,0,0,0.0,0.0,0.0,0.0,0,0,0,0,0,0.00,0.00,0.00,0.00,,,,,,,[],737,321,735,321,727,319,737,321,0.0,0.0,0.0,0.0,0.0,0.0,278,172,717,310,736,321,695,296,0.0,0.0,0.0
482,True,True,,,155405,0,0,-2,2,0,3,0.5,0.5,0,Kalvin,0.0,429,False,,,48,155405.jpg,0.0,False,Phillips,0.1,False,,a,13,43,0,3534,30,7158,26,0.0,0.0,Phillips,241.0,2022-07-04,1995-12-02,False,p155405,0,0,0,0,0,0,0,0,0,0,0,0,0,0.0,0.0,0.0,0.0,0,0,0,0,0,0.00,0.00,0.00,0.00,,,,,,,[],703,298,697,297,683,294,703,298,0.0,0.0,0.0,0.0,0.0,0.0,340,212,674,282,703,298,527,185,0.0,0.0,0.0
483,True,True,100.0,100.0,223094,0,0,10,-10,8,4,8.7,8.7,16,Erling,8.2,430,True,,2025-09-24T06:00:06.159318Z,150,223094.jpg,8.9,False,Haaland,73.9,False,,a,13,43,151,6435763,13598,836881,1133,0.5,10.1,Haaland,161.0,2022-07-01,2000-07-21,False,p223094,1462,19,4,9,15,0,0,1,0,0,0,31,631,772.2,116.3,889.0,177.9,31,19,7,57,17,16.02,1.09,17.11,18.44,,,,,1.0,,[],1,1,151,10,1,1,1,1,0.99,0.0,0.07,1.06,1.14,0.92,1,1,2,1,1,1,1,1,1.05,0.55,3.51
484,True,True,,,204936,0,0,2,-2,0,1,4.8,4.8,7,Gianluigi,4.3,736,False,,,57,204936.jpg,4.1,False,Donnarumma,10.2,False,,a,13,43,57,1675611,7568,717251,4506,0.8,10.0,Donnarumma,106.0,2025-09-01,1999-02-25,False,p204936,1260,0,0,7,12,0,1,0,4,0,29,0,223,239.0,0.0,0.0,24.0,22,87,0,0,14,0.00,0.00,0.00,15.02,,,,,,,"[{'property': 'suspension_risk', 'notes': 'This player currently has four yellow cards in the Premier League and will face a one-match suspension should they receive another before Gameweek 20.', 'gameweek': None, 'url': None}]",124,17,755,88,753,87,268,17,0.0,2.07,0.0,0.0,1.07,0.86,116,2,47,4,78,7,41,5,1.0,0.5,0.0
485,True,True,,,590039,0,0,-1,1,0,3,0.7,0.7,1,Divine,0.2,739,False,,,44,590039.jpg,1.0,False,Mukasa,0.0,False,,a,13,43,1,2699,38,2079,16,0.0,0.2,Mukasa,241.0,2025-08-07,2007-08-22,False,p590039,15,0,0,0,0,0,0,0,0,0,0,0,2,2.0,17.8,0.0,2.0,0,1,0,1,0,0.00,0.20,0.20,0.18,,,,,,,[],441,203,347,183,598,234,427,196,0.0,0.0,1.2,1.2,1.08,0.0,534,316,383,178,419,191,664,276,0.0,0.0,6.0
486,True,True,,,566213,0,0,0,0,0,2,0.5,0.5,0,Stephen,0.0,740,False,,,40,566213.jpg,0.0,False,Mfuni,0.0,False,,a,13,43,0,2621,18,2487,41,0.0,0.0,Mfuni,241.0,2024-07-23,2008-02-12,False,p566213,0,0,0,0,0,0,0,0,0,0,0,0,0,0.0,0.0,0.0,0.0,0,0,0,0,0,0.00,0.00,0.00,0.00,,,,,,,[],556,217,544,217,512,207,556,217,0.0,0.0,0.0,0.0,0.0,0.0,672,187,509,202,564,216,607,216,0.0,0.0,0.0
487,True,True,,,616288,0,0,0,0,0,3,0.5,0.5,0,Ryan,0.0,742,False,,,45,616288.jpg,0.0,False,McAidoo,0.0,False,,a,13,43,0,1106,17,774,9,0.0,0.0,McAidoo,241.0,2025-09-26,2008-06-24,False,p616288,0,0,0,0,0,0,0,0,0,0,0,0,0,0.0,0.0,0.0,0.0,0,0,0,0,0,0.00,0.00,0.00,0.00,,,,,,,[],695,291,689,291,674,288,696,292,0.0,0.0,0.0,0.0,0.0,0.0,480,294,662,274,697,293,706,304,0.0,0.0,0.0
488,True,True,,,516234,0,0,0,0,0,3,1.7,1.7,0,Charlie,0.0,763,False,,,45,516234.jpg,0.0,False,Gray,0.0,False,,a,13,43,0,8,8,0,0,0.0,0.0,Gray,,,,False,p516234,0,0,0,0,0,0,0,0,0,0,0,0,0,0.0,0.0,0.0,0.0,0,0,0,0,0,0.00,0.00,0.00,0.00,,,,,,,[],661,264,655,264,640,261,662,265,0.0,0.0,0.0,0.0,0.0,0.0,441,265,628,247,666,269,765,340,0.0,0.0,0.0
489,True,True,,,580921,0,0,0,0,0,3,1.7,1.7,0,Reigan,0.0,764,False,,,45,580921.jpg,0.0,False,Heskey,0.0,False,,a,13,43,0,1,1,0,0,0.0,0.0,Heskey,,,,False,p580921,0,0,0,0,0,0,0,0,0,0,0,0,0,0.0,0.0,0.0,0.0,0,0,0,0,0,0.00,0.00,0.00,0.00,,,,,,,[],684,281,678,281,663,278,685,282,0.0,0.0,0.0,0.0,0.0,0.0,468,284,651,264,688,285,767,342,0.0,0.0,0.0
490,True,True,0.0,0.0,446008,0,0,2,-2,1,3,0.0,0.0,0,Bryan,2.3,119,False,On international duty at the Africa Cup of Nations from Gameweek 17 onwards. - Unknown return date,2025-12-13T14:30:10.989622Z,82,446008.jpg,4.6,False,Mbeumo,13.0,False,,n,14,1,74,4685311,195,4878290,71727,0.3,9.0,Mbeumo,38.0,2025-07-21,1999-08-07,False,p446008,1405,6,1,2,25,0,0,0,3,0,0,10,292,360.0,472.6,527.0,135.9,7,54,13,74,16,5.35,3.41,8.76,20.83,2.0,,2.0,,,,[],33,8,6,6,3,1,3,2,0.34,0.0,0.22,0.56,1.33,1.6,13,8,173,77,45,17,30,12,1.02,0.13,4.74
491,True,True,,,451302,0,0,-2,2,0,1,0.0,0.0,0,Altay,0.0,431,False,,,48,451302.jpg,1.8,False,Bayındır,0.3,False,,a,14,1,11,33172,59,56196,116,0.0,2.3,Bayindir,219.0,2023-09-01,1998-04-14,False,p451302,540,0,0,0,11,0,0,0,0,0,13,0,49,118.4,10.0,0.0,12.8,7,39,0,0,6,0.00,0.05,0.05,9.24,,,,,,,[],241,22,379,10,690,75,336,22,0.0,2.17,0.01,0.01,1.54,1.83,355,15,679,86,310,27,298,40,1.0,0.0,0.0
492,True,False,0.0,0.0,202641,0,0,-1,1,0,1,0.0,0.0,0,André,0.0,432,False,has joined Trabzonspor on loan for the rest of the season.,2025-09-12T15:53:11.993916Z,49,202641.jpg,0.0,False,Onana,0.1,False,,u,14,1,0,5156,0,25927,19,0.0,0.0,Onana,38.0,2023-07-20,1996-04-02,False,p202641,0,0,0,0,0,0,0,0,0,0,0,0,0,0.0,0.0,0.0,0.0,0,0,0,0,0,0.00,0.00,0.00,0.00,,,,,,,[],713,87,709,84,701,79,713,87,0.0,0.0,0.0,0.0,0.0,0.0,298,12,689,87,712,87,403,62,0.0,0.0,0.0
493,True,False,0.0,0.0,588555,0,0,0,0,0,1,0.0,0.0,0,Elyh,0.0,433,False,On loan to Shrewsbury Town,2025-07-23T18:48:43.383466Z,40,588555.jpg,0.0,False,Harrison,0.0,False,,u,14,1,0,0,0,234,0,0.0,0.0,Harrison,,,,False,p588555,0,0,0,0,0,0,0,0,0,0,0,0,0,0.0,0.0,0.0,0.0,0,0,0,0,0,0.00,0.00,0.00,0.00,,,,,,,[],561,77,549,66,517,51,561,77,0.0,0.0,0.0,0.0,0.0,0.0,678,62,514,72,569,77,752,88,0.0,0.0,0.0
494,True,True,,,21205,0,0,-1,1,0,1,0.0,0.0,0,Tom,0.0,434,False,,,39,21205.jpg,0.0,False,Heaton,0.3,False,,a,14,1,0,12670,99,18308,77,0.0,0.0,Heaton,241.0,2021-07-02,1986-04-15,False,p21205,0,0,0,0,0,0,0,0,0,0,0,0,0,0.0,0.0,0.0,0.0,0,0,0,0,0,0.00,0.00,0.00,0.00,,,,,,,[],474,31,458,17,423,2,473,31,0.0,0.0,0.0,0.0,0.0,0.0,690,63,422,25,481,31,320,44,0.0,0.0,0.0
495,True,True,,,461537,0,0,-1,1,0,1,0.0,0.0,0,Dermot,0.0,435,False,,,39,461537.jpg,0.0,False,Mee,0.1,False,,a,14,1,0,4023,46,6571,28,0.0,0.0,Mee,242.0,2023-07-24,2002-11-20,False,p461537,0,0,0,0,0,0,0,0,0,0,0,0,0,0.0,0.0,0.0,0.0,0,0,0,0,0,0.00,0.00,0.00,0.00,,,,,,,[],490,44,476,31,442,16,490,44,0.0,0.0,0.0,0.0,0.0,0.0,713,77,441,39,498,44,455,72,0.0,0.0,0.0
496,True,True,0.0,0.0,209365,0,0,0,0,0,2,0.0,0.0,0,Matthijs,0.7,436,False,Back injury - Unknown return date,2025-12-05T00:30:07.892711Z,50,209365.jpg,3.3,False,de Ligt,2.3,False,,i,14,1,43,418449,66,484118,4497,0.1,8.6,De Ligt,152.0,2024-08-13,1999-08-12,False,p209365,1170,1,0,1,20,0,0,0,0,0,0,5,169,276.6,60.2,122.0,45.7,88,40,19,107,13,1.38,0.83,2.21,18.73,,,,,,,[],96,43,246,72,122,19,142,51,0.11,0.0,0.06,0.17,1.44,1.54,247,38,324,115,138,52,123,47,1.0,0.08,8.23
497,True,True,100.0,100.0,221820,0,0,-2,2,0,2,0.7,0.7,0,Lisandro,0.7,437,False,,2025-08-10T23:00:06.577034Z,48,221820.jpg,1.0,False,Martínez,0.2,False,,a,14,1,4,12867,510,17437,164,0.1,0.8,Martinez,10.0,2022-07-17,1998-01-18,False,p221820,52,0,0,0,1,0,0,0,0,0,0,0,14,18.4,2.2,0.0,2.1,5,7,2,7,0,0.00,0.04,0.04,0.73,,,,,,,[],403,153,407,147,687,246,426,154,0.0,0.0,0.07,0.07,1.26,1.73,348,61,322,114,432,153,395,147,0.0,0.0,12.12
498,True,True,0.0,0.0,230001,0,0,-1,1,0,2,0.0,0.0,0,Noussair,1.2,438,False,On international duty at the Africa Cup of Nations from Gameweek 17 onwards. - Unknown return date,2025-12-13T14:30:11.618299Z,49,230001.jpg,1.9,False,Mazraoui,0.2,False,,n,14,1,17,25045,5,46025,420,0.2,3.5,Mazraoui,145.0,2024-08-13,1997-11-14,False,p230001,439,0,0,1,5,0,0,0,1,0,0,2,93,106.6,51.1,14.0,17.1,29,23,13,42,6,0.02,0.23,0.24,3.93,,,,,,,[],255,101,264,82,341,115,311,105,0.0,0.0,0.05,0.05,0.81,1.03,310,54,269,95,298,108,372,138,1.23,0.21,8.61
499,True,True,,,661712,0,0,-3,3,0,2,0.0,0.0,0,Diego,0.0,439,False,,,42,661712.jpg,0.0,False,León Blanco,0.1,False,,a,14,1,0,2513,21,7341,20,0.0,0.0,D.Leon,168.0,2025-07-05,2007-04-03,False,p661712,0,0,0,0,0,0,0,0,0,0,0,0,0,0.0,0.0,0.0,0.0,0,0,0,0,0,0.00,0.00,0.00,0.00,,,,,,,[],578,232,567,232,537,223,578,232,0.0,0.0,0.0,0.0,0.0,0.0,617,155,531,217,586,231,555,201,0.0,0.0,0.0
500,True,True,100.0,100.0,216051,0,0,-1,1,1,2,4.2,4.2,0,Diogo,4.2,440,False,,2025-12-05T17:00:09.775964Z,44,216051.jpg,3.4,False,Dalot Teixeira,1.8,False,,a,14,1,47,190384,6159,219115,879,1.0,10.7,Dalot,173.0,2018-06-08,1999-03-18,False,p216051,954,1,4,2,20,0,0,0,1,0,0,3,139,211.0,219.1,78.0,50.8,46,42,18,64,11,0.58,1.28,1.86,15.89,,,,,,,[],146,63,64,14,189,41,114,37,0.05,0.0,0.12,0.17,1.5,1.89,499,108,50,19,121,45,140,54,1.04,0.19,6.04
501,True,True,,,596777,0,0,-4,4,0,2,0.8,0.8,0,Patrick,0.8,441,False,,,41,596777.jpg,1.4,False,Dorgu,2.2,False,,a,14,1,21,438694,758,922703,1406,0.2,5.1,Dorgu,58.0,2025-02-02,2004-10-26,False,p596777,709,0,1,1,13,0,0,0,4,0,0,0,75,127.8,153.2,100.0,38.1,28,29,24,52,7,0.72,0.78,1.50,12.51,,,,,,,"[{'property': 'suspension_risk', 'notes': 'This player currently has four yellow cards in the Premier League and will face a one-match suspension should they receive another before Gameweek 20.', 'gameweek': None, 'url': None}]",233,91,107,26,156,30,185,62,0.09,0.0,0.1,0.19,1.59,1.65,620,157,300,102,364,132,126,49,0.89,0.13,6.6
502,True,True,0.0,0.0,95658,0,0,-2,2,1,2,0.0,0.0,0,Harry,0.0,442,False,Hamstring injury - Unknown return date,2025-11-08T18:30:08.844225Z,43,95658.jpg,4.1,False,Maguire,0.5,False,,i,14,1,33,72430,34,117735,403,0.0,7.7,Maguire,241.0,2019-08-05,1993-03-05,False,p95658,341,1,1,2,4,0,0,0,0,0,0,3,83,86.8,16.3,40.0,14.3,22,13,1,23,4,0.32,0.02,0.34,6.70,,,,,,,[],286,111,353,124,274,86,325,112,0.08,0.0,0.01,0.09,1.77,1.06,544,121,533,218,71,29,249,92,1.06,0.53,6.07
503,True,True,,,106760,0,0,0,0,0,2,1.0,1.0,0,Luke,1.0,443,False,,,45,106760.jpg,2.1,False,Shaw,0.6,False,,a,14,1,34,101076,810,66149,594,0.2,7.6,Shaw,241.0,2014-07-01,1995-07-12,False,p106760,1371,0,1,2,23,0,0,0,2,0,0,0,141,236.2,107.5,17.0,36.1,50,46,34,84,16,0.08,0.70,0.78,20.21,,,,,,,[],127,55,162,39,327,110,199,66,0.01,0.0,0.05,0.06,1.33,1.51,400,76,279,98,274,104,229,83,1.05,0.13,5.51
504,True,True,,,550864,0,0,-2,2,0,2,1.0,1.0,0,Leny,1.0,444,False,,,43,550864.jpg,1.8,False,Yoro,1.4,False,,a,14,1,29,190491,622,260435,725,0.2,6.7,Yoro,73.0,2024-07-19,2005-11-13,False,p550864,915,0,1,1,20,0,0,0,0,0,0,1,81,151.2,56.0,32.0,23.9,58,37,17,75,10,0.29,0.15,0.44,13.97,,,,,,,[],216,86,256,77,290,93,269,93,0.03,0.0,0.01,0.04,1.37,1.97,590,144,276,96,305,112,153,61,0.98,0.1,7.38
505,True,False,0.0,0.0,577974,0,0,0,0,0,2,0.0,0.0,0,Harry,0.0,445,False,has joined Sheffield Wednesday on loan for the rest of the season.,2025-09-02T13:39:58.762783Z,40,577974.jpg,0.0,False,Amass,0.1,False,,u,14,1,0,1160,0,13862,18,0.0,0.0,Amass,241.0,2024-04-06,2007-03-16,False,p577974,0,0,0,0,0,0,0,0,0,0,0,0,0,0.0,0.0,0.0,0.0,0,0,0,0,0,0.00,0.00,0.00,0.00,,,,,,,[],559,219,547,219,515,209,559,219,0.0,0.0,0.0,0.0,0.0,0.0,676,190,512,204,567,218,507,184,0.0,0.0,0.0
506,True,True,,,547676,0,0,-2,2,0,2,0.0,0.0,0,Tyler,0.0,446,False,,,38,547676.jpg,0.0,False,Fredricson,0.1,False,,a,14,1,0,8903,45,11639,68,0.0,0.0,Fredricson,241.0,2022-09-07,2005-02-23,False,p547676,0,0,0,0,0,0,0,0,0,0,0,0,0,0.0,0.0,0.0,0.0,0,0,0,0,0,0.00,0.00,0.00,0.00,,,,,,,[],469,175,453,174,417,160,468,174,0.0,0.0,0.0,0.0,0.0,0.0,760,247,417,156,475,172,414,157,0.0,0.0,0.0
507,True,True,100.0,100.0,606745,0,0,-2,2,0,2,0.7,0.7,0,Ayden,0.7,447,False,,2025-10-14T13:00:06.698643Z,38,606745.jpg,1.6,False,Heaven,1.6,False,,a,14,1,8,170550,2458,157171,910,0.2,2.1,Heaven,241.0,2025-02-01,2006-09-22,False,p606745,231,0,1,0,7,0,0,0,1,0,0,0,31,76.4,21.8,8.0,10.6,26,10,2,28,3,0.03,0.09,0.12,3.15,,,,,,,[],305,114,338,116,354,125,351,119,0.01,0.0,0.04,0.05,1.23,2.73,766,253,313,108,334,121,150,59,1.17,0.0,10.91
508,True,True,,,222690,0,0,-2,2,0,2,0.0,0.0,0,Tyrell,0.0,448,False,,,38,222690.jpg,0.0,False,Malacia,0.4,False,,a,14,1,0,47231,243,43143,264,0.0,0.0,Malacia,152.0,2022-07-05,1999-08-17,False,p222690,0,0,0,0,0,0,0,0,0,0,0,0,0,0.0,0.0,0.0,0.0,0,0,0,0,0,0.00,0.00,0.00,0.00,,,,,,,[],460,166,444,165,407,150,458,164,0.0,0.0,0.0,0.0,0.0,0.0,747,234,408,147,466,163,262,99,0.0,0.0,0.0
509,True,True,,,141746,1,-1,4,-4,3,3,8.0,8.0,0,Bruno,8.0,449,True,,,94,141746.jpg,6.1,False,Borges Fernandes,30.9,False,,a,14,1,98,3750865,63004,2583814,5032,0.9,10.4,B.Fernandes,173.0,2020-01-30,1994-09-08,False,p141746,1430,5,7,1,26,0,0,2,2,0,0,17,434,591.8,722.6,324.0,164.1,46,93,29,168,16,6.91,3.95,10.86,21.41,1.0,,1.0,,1.0,,[],2,1,1,1,23,11,2,1,0.43,0.0,0.25,0.68,1.35,1.64,6,4,3,2,6,3,9,3,1.01,0.06,10.57
510,True,True,100.0,100.0,430871,0,0,-1,1,0,3,2.7,2.7,0,Matheus,2.7,450,False,,2025-11-25T00:00:08.817052Z,79,430871.jpg,3.2,False,Santos Carneiro da Cunha,4.5,False,,a,14,1,42,1186986,11707,1650767,1823,0.3,5.3,Cunha,30.0,2025-06-01,1999-05-27,False,p430871,939,2,1,2,15,0,0,0,0,0,0,2,192,222.0,217.3,321.0,76.1,16,48,14,78,11,3.57,1.44,5.01,14.45,,,,,,,[],142,55,66,50,24,12,40,31,0.34,0.0,0.14,0.48,1.38,1.44,16,11,141,63,153,69,83,29,1.05,0.19,7.48
511,True,False,0.0,0.0,176297,0,0,0,0,0,3,0.0,0.0,0,Marcus,0.0,451,False,Has joined Barcelona on loan for the rest of the season,2025-07-24T10:12:59.455702Z,70,176297.jpg,0.0,False,Rashford,0.0,False,,u,14,1,0,0,0,2044,0,0.0,0.0,Rashford,241.0,2015-07-01,1997-10-31,False,p176297,0,0,0,0,0,0,0,0,0,0,0,0,0,0.0,0.0,0.0,0.0,0,0,0,0,0,0.00,0.00,0.00,0.00,,,,,,,[],765,340,765,340,765,340,765,340,0.0,0.0,0.0,0.0,0.0,0.0,36,21,760,340,764,340,675,283,0.0,0.0,0.0
512,True,True,0.0,0.0,493250,0,0,-2,2,0,3,0.0,0.0,0,Amad,3.2,452,False,On international duty at the Africa Cup of Nations from Gameweek 17 onwards. - Unknown return date,2025-12-13T14:30:11.647420Z,63,493250.jpg,3.7,False,Diallo,1.1,False,,n,14,1,56,235719,71,446095,3356,0.5,8.9,Amad,54.0,2021-01-07,2002-07-11,False,p493250,1203,2,4,2,18,0,0,0,1,0,0,6,283,287.2,392.2,301.0,98.2,26,59,22,107,14,3.58,2.78,6.36,15.45,,,,,,,[],87,27,16,16,29,16,19,15,0.27,0.0,0.21,0.48,1.16,1.35,72,48,111,49,100,42,174,56,1.05,0.15,8.0
513,True,False,0.0,0.0,467169,0,0,-1,1,0,3,0.0,0.0,0,Antony,0.0,454,False,has joined Real Betis permanently.,2025-09-02T13:30:59.559397Z,59,467169.jpg,0.0,False,dos Santos,0.1,False,,u,14,1,0,1511,0,10537,6,0.0,0.0,Antony,30.0,2022-09-01,2000-02-24,False,p467169,0,0,0,0,0,0,0,0,0,0,0,0,0,0.0,0.0,0.0,0.0,0,0,0,0,0,0.00,0.00,0.00,0.00,,,,,,,[],758,336,758,336,757,336,758,336,0.0,0.0,0.0,0.0,0.0,0.0,102,67,750,334,757,336,541,195,0.0,0.0,0.0
514,True,True,100.0,100.0,184341,0,0,-1,1,0,3,3.2,3.2,0,Mason,3.2,455,False,,2025-10-24T14:00:08.382202Z,59,184341.jpg,3.2,False,Mount,0.8,False,,a,14,1,41,128423,3963,76047,1008,0.5,6.9,Mount,241.0,2023-07-05,1999-01-10,False,p184341,647,3,0,3,11,0,0,0,0,0,0,3,144,146.2,151.3,146.0,44.4,4,31,10,45,8,1.40,1.12,2.52,8.48,3.0,,,,,,[],219,95,112,83,97,59,151,78,0.19,0.0,0.16,0.35,1.18,1.53,96,63,110,48,152,68,206,72,1.11,0.42,6.26
515,True,True,100.0,0.0,61256,0,0,0,0,2,3,3.3,0.0,0,Carlos Henrique,3.3,457,False,,2025-12-15T23:00:11.358129Z,55,61256.jpg,4.5,False,Casimiro,0.9,False,,a,14,1,67,254159,1567,188484,3424,0.6,12.2,Casemiro,30.0,2022-08-22,1992-02-23,False,p61256,991,4,3,3,13,0,0,0,5,1,0,6,239,302.8,148.9,220.0,67.3,40,55,30,125,14,2.60,0.57,3.17,12.41,,,,,,,[],79,24,114,85,61,37,65,41,0.24,0.0,0.05,0.29,1.13,1.18,134,84,99,44,51,19,186,61,1.27,0.27,11.35
516,True,True,100.0,100.0,516895,0,0,-4,4,0,3,0.7,0.7,0,Kobbie,0.7,458,False,,2025-11-08T18:30:08.882474Z,46,516895.jpg,1.0,False,Mainoo,0.5,False,,a,14,1,11,45697,869,86702,311,0.2,2.4,Mainoo,241.0,2022-10-15,2005-04-19,False,p516895,212,0,0,0,7,0,0,0,0,0,0,0,43,47.6,87.2,17.0,15.2,8,11,6,25,0,0.07,0.25,0.32,4.24,,,,,,,[],343,155,190,125,329,171,322,155,0.03,0.0,0.11,0.14,1.8,2.97,390,240,319,148,427,198,259,89,0.0,0.0,10.61
517,True,True,,,232112,0,0,-3,3,0,3,0.2,0.2,0,Manuel,0.2,459,False,,,47,232112.jpg,1.4,False,Ugarte Ribeiro,0.1,False,,a,14,1,14,15783,161,25695,96,0.0,3.0,Ugarte,230.0,2024-08-30,2001-04-11,False,p232112,312,0,0,0,12,0,0,0,0,0,0,0,70,55.4,28.8,2.0,8.5,16,20,16,52,2,0.05,0.04,0.09,8.51,,,,,,,[],333,152,318,175,395,198,370,175,0.01,0.0,0.01,0.02,2.45,3.46,376,233,385,179,370,167,423,138,0.58,0.0,15.0
518,True,False,0.0,0.0,490881,0,0,0,0,0,3,0.0,0.0,0,Toby,0.0,460,False,Has joined West Bromwich Albion on loan for the rest of the season.,2025-08-19T13:36:56.708077Z,45,490881.jpg,0.0,False,Collyer,0.0,False,,u,14,1,0,423,0,9320,10,0.0,0.0,Collyer,241.0,2023-07-01,2004-01-03,False,p490881,0,0,0,0,0,0,0,0,0,0,0,0,0,0.0,0.0,0.0,0.0,0,0,0,0,0,0.00,0.00,0.00,0.00,,,,,,,[],653,257,647,257,632,254,654,258,0.0,0.0,0.0,0.0,0.0,0.0,431,258,620,240,658,262,635,258,0.0,0.0,0.0
519,True,True,,,556639,0,0,-1,1,0,3,0.0,0.0,0,Jayce,0.0,461,False,,,44,556639.jpg,0.0,False,Fitzgerald,0.0,False,,a,14,1,0,2176,17,3871,21,0.0,0.0,Fitzgerald,,,,False,p556639,0,0,0,0,0,0,0,0,0,0,0,0,0,0.0,0.0,0.0,0.0,0,0,0,0,0,0.00,0.00,0.00,0.00,,,,,,,[],622,235,615,236,593,230,623,236,0.0,0.0,0.0,0.0,0.0,0.0,529,312,588,217,629,242,605,234,0.0,0.0,0.0
520,True,True,,,547037,0,0,-2,2,0,3,0.0,0.0,0,Jack,0.0,462,False,,,43,547037.jpg,0.0,False,Fletcher,0.1,False,,a,14,1,0,5973,46,6478,39,0.0,0.0,J.Fletcher,241.0,2024-07-12,2007-03-19,False,p547037,0,0,0,0,0,0,0,0,0,0,0,0,0,0.0,0.0,0.0,0.0,0,0,0,0,0,0.00,0.00,0.00,0.00,,,,,,,[],593,217,585,217,561,212,594,218,0.0,0.0,0.0,0.0,0.0,0.0,587,332,554,199,600,225,537,192,0.0,0.0,0.0
521,True,True,,,618873,0,0,-2,2,0,3,0.0,0.0,0,Sékou,0.0,463,False,,,43,618873.jpg,0.0,False,Koné,0.1,False,,a,14,1,0,7272,75,10100,42,0.0,0.0,Kone,132.0,2025-02-15,2006-02-03,False,p618873,0,0,0,0,0,0,0,0,0,0,0,0,0,0.0,0.0,0.0,0.0,0,0,0,0,0,0.00,0.00,0.00,0.00,,,,,,,[],601,224,593,224,570,219,602,225,0.0,0.0,0.0,0.0,0.0,0.0,600,341,564,206,607,231,480,162,0.0,0.0,0.0
522,True,False,0.0,0.0,559684,0,0,0,0,0,3,0.0,0.0,0,Jack,0.0,464,False,has joined Leyton Orient on loan for the rest of the season.,2025-09-22T21:21:54.592776Z,45,559684.jpg,0.0,False,Moorhouse,0.0,False,,u,14,1,0,723,0,2739,3,0.0,0.0,Moorhouse,,,,False,p559684,0,0,0,0,0,0,0,0,0,0,0,0,0,0.0,0.0,0.0,0.0,0,0,0,0,0,0.00,0.00,0.00,0.00,,,,,,,[],670,272,664,272,649,269,671,273,0.0,0.0,0.0,0.0,0.0,0.0,453,274,637,255,674,276,667,277,0.0,0.0,0.0
523,True,False,0.0,0.0,497894,0,0,-2,2,0,4,0.0,0.0,0,Rasmus,0.0,465,False,has joined Napoli on loan for the rest of the season.,2025-09-02T13:30:59.575548Z,63,497894.jpg,0.0,False,Højlund,0.3,False,,u,14,1,0,5437,0,55859,34,0.0,0.0,Højlund,58.0,2023-08-05,2003-02-04,False,p497894,0,0,0,0,0,0,0,0,0,0,0,0,0,0.0,0.0,0.0,0.0,0,0,0,0,0,0.00,0.00,0.00,0.00,,,,,,,[],760,81,760,81,760,81,760,81,0.0,0.0,0.0,0.0,0.0,0.0,73,24,755,78,759,81,324,53,0.0,0.0,0.0
524,True,True,100.0,100.0,458249,0,0,-2,2,0,4,2.3,2.3,0,Joshua,2.3,466,False,,2025-08-10T23:00:06.602693Z,58,458249.jpg,2.0,False,Zirkzee,0.5,False,,a,14,1,18,84318,604,89060,1101,0.4,3.1,Zirkzee,152.0,2024-07-17,2001-05-22,False,p458249,346,1,0,1,6,0,0,0,1,0,0,3,63,78.8,74.3,134.0,28.4,8,13,6,27,3,1.60,0.13,1.73,4.62,,,,,,,[],299,28,215,22,109,29,246,27,0.42,0.0,0.03,0.45,1.2,1.56,109,29,170,20,289,29,246,40,0.78,0.26,7.02
525,True,True,,,596047,0,0,-3,3,0,4,0.0,0.0,0,Chido,0.0,467,False,,,42,596047.jpg,0.0,False,Obi,1.7,False,,a,14,1,0,179422,4533,255590,1938,0.0,0.0,Obi,58.0,2025-02-15,2007-11-29,False,p596047,0,0,0,0,0,0,0,0,0,0,0,0,0,0.0,0.0,0.0,0.0,0,0,0,0,0,0.00,0.00,0.00,0.00,,,,,,,[],577,57,566,56,536,55,577,57,0.0,0.0,0.0,0.0,0.0,0.0,616,83,530,47,585,57,147,23,0.0,0.0,0.0
526,True,False,0.0,0.0,575034,0,0,0,0,0,4,0.0,0.0,0,Ethan,0.0,468,False,has joined Northampton Town on loan for the rest of the season.,2025-09-22T21:18:26.096577Z,45,575034.jpg,0.0,False,Wheatley,0.1,False,,u,14,1,0,3886,0,13760,17,0.0,0.0,Wheatley,241.0,2024-04-12,2006-01-20,False,p575034,0,0,0,0,0,0,0,0,0,0,0,0,0,0.0,0.0,0.0,0.0,0,0,0,0,0,0.00,0.00,0.00,0.00,,,,,,,[],677,71,671,70,656,70,678,71,0.0,0.0,0.0,0.0,0.0,0.0,460,62,644,63,681,71,485,69,0.0,0.0,0.0
527,True,True,100.0,100.0,485711,0,0,-3,3,1,4,0.7,0.7,0,Benjamin,0.7,681,False,,2025-11-08T18:30:09.316829Z,72,485711.jpg,2.9,False,Sesko,3.1,False,,a,14,1,35,528247,1521,1218852,991,0.1,4.9,Šeško,195.0,2025-08-09,2003-05-31,False,p485711,637,2,2,1,14,0,0,0,1,0,0,5,100,122.6,97.8,221.0,43.5,11,15,3,29,6,1.97,0.16,2.13,11.35,,,,,,,[],237,20,176,15,60,21,157,20,0.28,0.0,0.02,0.3,1.6,1.98,32,14,332,40,189,18,103,17,0.85,0.14,4.1
528,True,True,,,465247,0,0,0,0,1,1,1.5,1.5,0,Senne,1.5,733,False,,,50,465247.jpg,2.5,False,Lammens,1.7,False,,a,14,1,25,281036,1138,130583,1833,0.3,5.0,Lammens,21.0,2025-09-01,2002-07-07,False,p465247,900,0,0,1,15,0,0,0,0,0,23,2,100,198.4,0.0,2.0,20.0,6,76,1,0,10,0.00,0.00,0.00,12.59,,,,,,,[],162,20,728,85,401,1,297,20,0.0,2.3,0.0,0.0,1.26,1.5,260,9,237,18,228,21,146,20,1.0,0.1,0.0
529,True,True,,,576628,0,0,0,0,0,3,0.0,0.0,0,Shea,0.0,755,False,,,45,576628.jpg,0.0,False,Lacey,0.0,False,,a,14,1,0,525,24,205,12,0.0,0.0,Lacey,241.0,2025-05-26,2007-04-14,False,p576628,0,0,0,0,0,0,0,0,0,0,0,0,0,0.0,0.0,0.0,0.0,0,0,0,0,0,0.00,0.00,0.00,0.00,,,,,,,[],679,278,673,278,658,275,680,279,0.0,0.0,0.0,0.0,0.0,0.0,462,280,646,261,683,282,734,321,0.0,0.0,0.0
530,True,True,100.0,100.0,232653,0,0,-2,2,0,3,0.7,0.7,2,Jacob,0.7,52,False,,2025-08-31T01:30:07.565346Z,53,232653.jpg,1.1,False,Ramsey,0.2,False,,a,15,4,9,19089,188,68931,94,0.1,1.7,J.Ramsey,241.0,2025-08-17,2001-05-28,False,p232653,387,0,0,0,9,0,0,0,2,0,0,0,54,44.2,118.4,52.0,21.5,5,30,7,42,3,0.34,0.58,0.92,7.88,,,,,,,[],351,158,147,103,251,134,283,138,0.08,0.0,0.13,0.21,1.83,2.09,193,119,328,153,400,184,366,123,0.7,0.0,9.77
531,True,True,100.0,100.0,216646,0,0,-2,2,0,4,0.3,0.3,0,Yoane,0.3,135,False,,2025-12-01T13:00:07.211962Z,73,216646.jpg,0.7,False,Wissa,0.6,False,,a,15,4,2,105276,650,318702,1392,0.0,0.3,Wissa,50.0,2025-09-01,1996-09-03,False,p216646,48,0,0,0,1,0,0,0,1,0,0,0,4,0.2,5.4,6.0,1.0,0,2,0,2,0,0.00,0.34,0.34,1.27,,,,,,,[],456,56,395,47,378,52,439,51,0.0,0.0,0.64,0.64,2.38,1.88,22,8,370,43,460,56,237,37,0.0,0.0,3.75
532,True,True,75.0,75.0,98747,0,0,1,-1,1,1,0.4,0.4,0,Nick,0.5,469,False,Groin Injury - 75% chance of playing,2025-11-30T11:00:09.029807Z,51,98747.jpg,4.6,False,Pope,4.8,False,,d,15,4,55,1338398,102,1344808,6019,0.1,10.8,Pope,241.0,2022-06-23,1992-04-19,False,p98747,1066,0,1,5,13,0,0,0,1,0,39,3,233,311.2,0.0,0.0,31.1,22,113,1,0,12,0.00,0.00,0.00,12.48,,,,,,,[],70,13,738,86,730,81,232,13,0.0,3.29,0.0,0.0,1.05,1.1,227,6,345,22,40,3,80,14,1.01,0.42,0.0
533,True,True,,,81441,0,0,-1,1,0,1,0.0,0.0,0,Mark,0.0,471,False,,,39,81441.jpg,0.0,False,Gillespie,0.1,False,,a,15,4,0,5185,49,8322,42,0.0,0.0,Gillespie,241.0,2020-07-27,1992-03-27,False,p81441,0,0,0,0,0,0,0,0,0,0,0,0,0,0.0,0.0,0.0,0.0,0,0,0,0,0,0.00,0.00,0.00,0.00,,,,,,,[],477,34,462,21,427,6,476,34,0.0,0.0,0.0,0.0,0.0,0.0,694,67,426,29,484,34,415,64,0.0,0.0,0.0
534,True,False,0.0,0.0,111452,0,0,0,0,0,1,0.0,0.0,0,Odysseas,0.0,472,False,Has joined Sevilla on loan for the rest of the season.,2025-08-13T15:41:50.078613Z,40,111452.jpg,0.0,False,Vlachodimos,0.0,False,,u,15,4,0,0,0,2308,4,0.0,0.0,Odysseas,83.0,2024-07-01,1994-04-26,False,p111452,0,0,0,0,0,0,0,0,0,0,0,0,0,0.0,0.0,0.0,0.0,0,0,0,0,0,0.00,0.00,0.00,0.00,,,,,,,[],520,60,507,48,473,33,520,60,0.0,0.0,0.0,0.0,0.0,0.0,628,44,472,55,528,60,682,80,0.0,0.0,0.0
535,True,True,100.0,75.0,487838,0,0,-3,3,0,2,2.8,2.1,2,Lewis,2.8,473,False,,2025-12-18T01:30:10.150597Z,52,487838.jpg,2.6,False,Hall,1.0,False,,a,15,4,26,135358,1072,245635,1353,0.5,5.0,Hall,241.0,2024-07-01,2004-09-08,False,p487838,608,0,1,1,11,0,0,0,1,0,0,1,105,169.8,75.7,52.0,29.7,40,26,23,63,6,0.30,0.78,1.08,9.40,4.0,,,,,,[],190,79,212,57,249,76,238,77,0.04,0.0,0.12,0.16,1.39,1.63,219,33,128,48,219,81,176,72,0.89,0.15,9.33
536,True,True,100.0,100.0,119471,0,0,-2,2,0,2,1.5,1.5,0,Fabian,1.5,474,False,,2025-09-19T11:30:08.392759Z,53,119471.jpg,2.8,False,Schär,1.7,False,,a,15,4,34,229296,1046,362446,1568,0.3,6.4,Schär,207.0,2018-07-26,1991-12-20,False,p119471,744,0,0,3,9,0,0,0,1,0,0,0,123,190.0,31.7,55.0,27.8,69,32,10,79,7,0.33,0.46,0.79,9.09,,,3.0,,4.0,,[],174,72,312,103,242,70,250,83,0.04,0.0,0.06,0.1,1.1,1.09,182,25,238,83,196,74,145,58,0.85,0.36,9.56
537,True,True,0.0,0.0,220237,0,0,-1,1,0,2,0.0,0.0,0,Sven,0.2,475,False,Back injury - Expected back 26 Dec,2025-11-28T18:30:07.166361Z,49,220237.jpg,3.2,False,Botman,0.3,False,,i,15,4,32,63059,6,90594,381,0.0,6.5,Botman,152.0,2022-06-28,2000-01-12,False,p220237,655,0,0,3,10,1,0,0,0,0,0,4,121,169.6,35.2,43.0,24.7,61,36,5,66,8,0.13,0.25,0.38,9.01,,,,,,,[],191,80,301,96,267,83,265,90,0.02,0.0,0.03,0.05,1.24,1.37,306,51,392,140,147,56,293,109,1.1,0.41,9.07
538,True,True,0.0,0.0,78916,-1,1,1,-1,1,2,0.0,0.0,0,Dan,3.2,476,False,Rib Injury - Expected back 18 Jan,2025-12-15T01:30:08.656752Z,51,78916.jpg,4.5,False,Burn,5.8,False,,i,15,4,67,1461632,43,1294012,45521,0.6,13.1,Burn,241.0,2022-01-31,1992-05-09,False,p78916,1255,0,3,6,17,0,0,0,3,1,0,5,196,270.2,72.4,60.0,40.3,102,46,19,121,15,0.12,0.30,0.42,12.38,,,,,,,[],100,45,222,61,234,67,176,58,0.01,0.0,0.02,0.03,0.89,1.22,226,35,106,42,48,22,70,24,1.08,0.43,8.68
539,True,True,0.0,0.0,441191,0,0,-1,1,0,2,0.0,0.0,0,Tino,1.7,477,False,Knee injury - Expected back 04 Jan,2025-12-18T01:30:10.275412Z,49,441191.jpg,4.3,False,Livramento,2.9,False,,i,15,4,47,1080695,20,1237040,13669,0.3,9.6,Livramento,241.0,2023-08-08,2002-11-12,False,p441191,976,0,1,5,9,0,0,0,1,0,0,3,203,171.8,147.0,34.0,35.3,35,61,19,54,11,0.12,0.53,0.65,10.42,,,,,,,[],188,78,115,27,287,91,206,67,0.01,0.0,0.05,0.06,0.96,0.83,320,56,221,78,60,25,108,42,1.01,0.46,4.98
540,True,True,0.0,0.0,77794,0,0,-1,1,0,2,0.0,0.0,0,Kieran,0.0,478,False,Hamstring injury - Expected back 04 Jan,2025-11-28T18:30:07.183281Z,49,77794.jpg,3.3,False,Trippier,1.4,False,,i,15,4,30,224801,8,349918,1592,0.0,6.1,Trippier,241.0,2022-01-07,1990-09-19,False,p77794,699,0,0,4,10,0,0,0,1,0,0,2,121,113.0,230.7,4.0,34.6,22,36,9,31,8,0.00,0.90,0.90,7.51,2.0,,2.0,,,,[],246,97,57,11,386,141,213,69,0.0,0.0,0.12,0.12,0.97,1.29,283,46,684,244,134,51,155,62,1.03,0.52,3.99
541,True,True,0.0,0.0,111773,0,0,-2,2,0,2,0.0,0.0,0,Emil,0.0,479,False,Knee injury - Expected back 04 Jan,2025-11-28T19:00:08.647206Z,43,111773.jpg,0.0,False,Krafth,0.0,False,,i,15,4,0,1371,3,4660,19,0.0,0.0,Krafth,206.0,2019-08-08,1994-08-02,False,p111773,45,0,0,0,2,0,0,0,0,0,0,0,-8,1.4,1.2,0.0,0.3,1,0,0,1,1,0.00,0.00,0.00,0.25,,,,,,,[],445,159,415,153,541,225,448,160,0.0,0.0,0.0,0.0,0.5,4.0,547,124,535,220,587,232,598,215,2.0,0.0,2.0
542,True,True,0.0,0.0,101148,0,0,-2,2,0,2,0.0,0.0,0,Jamaal,0.0,480,False,Lack of match fitness - Expected back 26 Dec,2025-12-19T14:00:09.135296Z,43,101148.jpg,0.5,False,Lascelles,0.1,False,,i,15,4,1,2700,4,7510,92,0.0,0.2,Lascelles,241.0,2014-08-04,1993-11-11,False,p101148,19,0,0,0,2,0,0,0,0,0,0,0,0,10.2,0.0,7.0,1.7,5,0,0,5,0,0.04,0.00,0.04,0.55,,,,,,,[],416,156,568,233,364,131,430,155,0.19,0.0,0.0,0.19,2.61,9.47,545,122,534,219,461,158,538,194,0.0,0.0,23.68
543,True,True,,,545477,0,0,-2,2,0,2,0.0,0.0,0,Alex,0.0,481,False,,,38,545477.jpg,0.0,False,Murphy,0.7,False,,a,15,4,0,59079,822,76589,545,0.0,0.0,A.Murphy,104.0,2023-07-19,2004-06-25,False,p545477,0,0,0,0,0,0,0,0,0,0,0,0,0,0.0,0.0,0.0,0.0,0,0,0,0,0,0.00,0.00,0.00,0.00,,,,,,,[],468,174,452,173,416,159,467,173,0.0,0.0,0.0,0.0,0.0,0.0,759,246,416,155,474,171,212,78,0.0,0.0,0.0
544,True,True,100.0,100.0,441024,0,0,-1,1,0,2,0.0,0.0,0,Harrison,0.0,482,False,,2025-10-17T14:00:10.381414Z,39,441024.jpg,0.0,False,Ashby,0.1,False,,a,15,4,0,8161,23,14531,41,0.0,0.0,Ashby,243.0,2023-01-31,2001-11-14,False,p441024,0,0,0,0,0,0,0,0,0,0,0,0,0,0.0,0.0,0.0,0.0,0,0,0,0,0,0.00,0.00,0.00,0.00,,,,,,,[],488,182,473,181,439,169,487,181,0.0,0.0,0.0,0.0,0.0,0.0,710,210,438,164,495,180,426,160,0.0,0.0,0.0
545,True,True,,,578512,0,0,-2,2,0,2,0.0,0.0,0,Miodrag,0.0,483,False,,,38,578512.jpg,0.0,False,Pivaš,0.4,False,,a,15,4,0,58302,346,30613,448,0.0,0.0,Pivas,,,,False,p578512,0,0,0,0,0,0,0,0,0,0,0,0,0,0.0,0.0,0.0,0.0,0,0,0,0,0,0.00,0.00,0.00,0.00,,,,,,,[],471,177,455,176,420,163,470,176,0.0,0.0,0.0,0.0,0.0,0.0,764,251,419,158,478,175,261,98,0.0,0.0,0.0
546,True,False,0.0,0.0,169359,0,0,0,0,0,2,0.0,0.0,0,Matt,0.0,484,False,has joined Middlesbrough on loan for the rest of the season.,2025-09-02T12:49:12.555659Z,40,169359.jpg,0.0,False,Targett,0.2,False,,u,15,4,0,3759,0,43438,65,0.0,0.0,Targett,241.0,2022-07-01,1995-09-18,False,p169359,0,0,0,0,0,0,0,0,0,0,0,0,0,0.0,0.0,0.0,0.0,0,0,0,0,0,0.00,0.00,0.00,0.00,,,,,,,[],523,198,510,198,477,187,523,198,0.0,0.0,0.0,0.0,0.0,0.0,632,162,475,182,531,197,397,148,0.0,0.0,0.0
547,True,True,100.0,100.0,232826,0,0,-2,2,1,3,4.7,4.7,10,Anthony,4.7,485,False,,2025-11-06T09:30:08.733043Z,73,232826.jpg,3.3,False,Gordon,2.6,False,,a,15,4,40,752139,14045,677393,1551,0.6,5.5,Gordon,241.0,2023-01-29,2001-02-24,False,p232826,688,2,2,4,12,0,0,0,0,1,0,4,142,159.2,167.8,229.0,55.3,7,26,7,40,10,3.93,1.66,5.59,6.82,,,,,2.0,,[],204,86,92,66,57,35,95,57,0.51,0.0,0.22,0.73,0.89,1.57,25,16,38,17,141,64,114,37,1.31,0.52,5.23
548,True,True,,,449434,-1,1,-5,5,0,3,1.8,1.8,1,Anthony,1.8,486,False,,,65,449434.jpg,1.6,False,Elanga,2.9,False,,a,15,4,27,539691,585,1130200,1454,0.3,4.2,Elanga,206.0,2025-07-11,2002-04-27,False,p449434,675,0,1,2,14,0,0,0,0,0,0,0,89,76.6,139.2,105.0,32.1,4,15,6,25,7,1.12,0.49,1.61,9.02,,,,,,,[],304,136,123,90,148,87,226,115,0.15,0.0,0.07,0.22,1.2,1.87,54,35,212,99,346,159,107,34,0.93,0.27,3.33
549,True,True,,,201666,0,0,-3,3,1,3,3.7,3.7,1,Harvey,3.7,487,False,,,62,201666.jpg,2.9,False,Barnes,1.3,False,,a,15,4,46,513925,1969,425300,5571,0.6,7.4,Barnes,241.0,2023-07-23,1997-12-09,False,p201666,732,3,0,3,8,0,0,0,0,0,0,5,136,165.2,165.9,257.0,58.6,8,24,4,36,7,3.19,1.44,4.63,7.80,,,,,,,[],196,81,94,68,41,26,87,52,0.39,0.0,0.18,0.57,0.96,0.98,76,50,85,38,188,85,161,52,0.86,0.37,4.43
550,True,True,,,208706,0,0,5,-5,1,3,5.7,5.7,2,Bruno,5.7,488,True,,,70,208706.jpg,5.2,False,Guimarães Rodriguez Moura,14.3,False,,a,15,4,84,2171019,19980,637082,34349,0.8,12.0,Bruno G.,30.0,2022-01-30,1997-11-16,False,p208706,1389,5,4,4,22,0,0,0,4,0,0,12,363,384.2,335.7,173.0,89.3,29,79,31,139,15,2.28,1.55,3.83,17.56,,,,,,,"[{'property': 'suspension_risk', 'notes': 'This player currently has four yellow cards in the Premier League and will face a one-match suspension should they receive another before Gameweek 20.', 'gameweek': None, 'url': None}]",24,6,24,23,80,49,25,20,0.15,0.0,0.1,0.25,1.14,1.43,37,22,12,6,16,7,27,11,0.97,0.26,9.01
551,True,True,,,114243,0,0,-5,5,0,3,1.3,1.3,2,Jacob,1.3,489,False,,,60,114243.jpg,3.1,False,Murphy,0.8,False,,a,15,4,44,129737,907,291078,865,0.2,7.3,J.Murphy,241.0,2017-07-19,1995-02-24,False,p114243,824,2,1,5,8,0,0,0,0,0,0,2,188,195.0,260.5,247.0,70.2,9,20,6,35,10,2.41,1.99,4.40,10.09,,,,,,,[],168,67,44,37,45,29,54,38,0.26,0.0,0.22,0.48,1.1,0.87,86,57,258,121,167,74,204,70,1.09,0.55,3.82
552,True,True,100.0,100.0,180974,0,0,-1,1,0,3,1.7,1.7,0,Joelinton Cássio,1.7,490,False,,2025-12-11T00:30:10.513386Z,59,180974.jpg,2.4,False,Apolinário de Lira,0.3,False,,a,15,4,31,41274,278,69990,343,0.3,5.3,Joelinton,30.0,2019-07-24,1996-08-14,False,p180974,935,0,0,3,13,0,0,0,3,0,0,0,126,100.8,122.1,126.0,35.0,34,54,19,107,12,0.69,0.51,1.20,12.32,,,,,,,[],266,116,144,101,117,68,210,107,0.07,0.0,0.05,0.12,1.19,1.25,95,62,225,105,244,109,321,109,1.16,0.29,10.3
553,True,True,100.0,100.0,432422,0,0,-2,2,0,3,1.8,1.8,4,Sandro,1.8,491,False,,2025-12-03T12:00:08.874410Z,53,432422.jpg,2.5,False,Tonali,1.0,False,,a,15,4,43,147629,1350,260622,553,0.3,8.1,Tonali,106.0,2023-07-03,2000-05-08,False,p432422,1154,0,1,5,13,0,0,0,1,0,0,1,221,198.0,261.8,96.0,55.7,37,66,15,118,14,0.45,1.38,1.83,12.73,1.0,,1.0,,,,[],164,65,42,36,161,94,93,56,0.04,0.0,0.11,0.15,0.99,1.01,196,120,209,96,229,100,178,58,1.09,0.39,9.2
554,True,False,0.0,0.0,640108,0,0,-1,1,0,3,0.0,0.0,0,Antoñito,0.0,492,False,has joined KVC Westerlo on loan for the rest of the season.,2025-09-22T21:20:47.006379Z,49,640108.jpg,0.0,False,Cordero Campillo,0.0,False,,u,15,4,0,655,0,3475,5,0.0,0.0,Antoñito C.,200.0,2025-07-01,2006-11-14,False,p640108,0,0,0,0,0,0,0,0,0,0,0,0,0,0.0,0.0,0.0,0.0,0,0,0,0,0,0.00,0.00,0.00,0.00,,,,,,,[],726,313,722,313,715,311,726,313,0.0,0.0,0.0,0.0,0.0,0.0,336,209,705,302,725,313,651,268,0.0,0.0,0.0
555,True,True,100.0,100.0,200089,0,0,0,0,0,3,1.0,1.0,1,Joe,1.0,494,False,,2025-08-10T23:30:07.136690Z,50,200089.jpg,1.4,False,Willock,0.1,False,,a,15,4,11,7566,135,8368,80,0.2,2.2,Willock,241.0,2021-08-13,1999-08-20,False,p200089,217,0,0,2,2,0,0,0,1,0,0,0,48,30.6,47.8,19.0,9.7,4,10,8,22,2,0.17,0.09,0.26,3.25,,,,,,,[],380,170,274,157,321,168,359,170,0.07,0.0,0.04,0.11,1.35,0.83,245,151,284,132,375,172,518,182,0.83,0.83,9.12
556,True,False,0.0,0.0,153127,0,0,0,0,0,3,0.0,0.0,0,Isaac,0.0,495,False,Has departed the club as a free agent.,2025-08-11T01:17:33.103826Z,45,153127.jpg,0.0,False,Hayden,0.0,False,,u,15,4,0,0,0,1568,0,0.0,0.0,Hayden,107.0,2016-07-11,1995-03-22,False,p153127,0,0,0,0,0,0,0,0,0,0,0,0,0,0.0,0.0,0.0,0.0,0,0,0,0,0,0.00,0.00,0.00,0.00,,,,,,,[],636,244,628,244,609,240,637,245,0.0,0.0,0.0,0.0,0.0,0.0,402,244,602,226,641,249,723,314,0.0,0.0,0.0
557,True,False,0.0,0.0,564510,0,0,-1,1,0,3,0.0,0.0,0,Garang,0.0,496,False,has joined Sparta Prague permanently.,2025-09-22T21:20:47.021681Z,44,564510.jpg,0.0,False,Kuol,0.0,False,,u,15,4,0,2219,0,7112,19,0.0,0.0,Kuol,13.0,2023-01-01,2004-09-15,False,p564510,0,0,0,0,0,0,0,0,0,0,0,0,0,0.0,0.0,0.0,0.0,0,0,0,0,0,0.00,0.00,0.00,0.00,,,,,,,[],623,236,616,237,594,231,624,237,0.0,0.0,0.0,0.0,0.0,0.0,530,313,589,218,630,243,611,239,0.0,0.0,0.0
558,True,True,100.0,100.0,547719,0,0,-1,1,1,3,4.0,4.0,4,Lewis,4.0,497,False,,2025-10-13T11:30:08.705391Z,44,547719.jpg,2.9,False,Miley,2.6,False,,a,15,4,38,369194,14792,336402,1402,0.9,8.6,L.Miley,241.0,2023-02-01,2006-05-01,False,p547719,660,1,2,1,9,0,0,0,0,0,0,3,162,157.4,124.1,83.0,36.6,20,35,9,64,6,0.54,0.90,1.44,7.51,,,,,,,[],206,87,141,99,181,107,196,99,0.07,0.0,0.12,0.19,1.02,1.23,527,311,55,25,179,79,112,36,0.82,0.14,8.73
559,True,False,0.0,0.0,461484,0,0,0,0,0,3,0.0,0.0,0,Joe,0.0,498,False,Has joined Leyton Orient on loan for the rest of the season.,2025-07-30T14:07:15.215025Z,45,461484.jpg,0.0,False,White,0.0,False,,u,15,4,0,0,0,1110,1,0.0,0.0,White,241.0,2024-01-29,2002-10-01,False,p461484,0,0,0,0,0,0,0,0,0,0,0,0,0,0.0,0.0,0.0,0.0,0,0,0,0,0,0.00,0.00,0.00,0.00,,,,,,,[],650,254,644,254,629,251,651,255,0.0,0.0,0.0,0.0,0.0,0.0,427,255,617,237,655,259,730,318,0.0,0.0,0.0
560,True,True,25.0,25.0,538207,0,0,-1,1,0,4,0.0,0.0,0,William,0.0,500,False,Ankle injury - 25% chance of playing,2025-11-06T09:30:08.761577Z,54,538207.jpg,1.8,False,Osula,0.2,False,,d,15,4,18,68672,9,83544,129,0.0,3.3,Osula,58.0,2024-08-08,2003-08-04,False,p538207,213,1,1,1,4,0,0,0,0,0,0,0,60,41.2,14.2,68.0,12.1,1,6,1,8,1,0.64,0.03,0.67,3.27,,,,,,,[],358,38,357,44,213,40,345,41,0.27,0.0,0.01,0.28,1.38,1.69,179,41,739,76,315,32,363,56,0.42,0.42,3.38
561,True,True,,,599303,0,0,-1,1,0,4,0.0,0.0,0,Sean,0.0,501,False,,,44,599303.jpg,0.0,False,Neave,0.2,False,,a,15,4,0,17932,134,28596,190,0.0,0.0,Neave,241.0,2025-02-07,2007-05-27,False,p599303,0,0,0,0,0,0,0,0,0,0,0,0,0,0.0,0.0,0.0,0.0,0,0,0,0,0,0.00,0.00,0.00,0.00,,,,,,,[],628,69,621,68,600,68,629,69,0.0,0.0,0.0,0.0,0.0,0.0,536,75,594,61,634,69,344,54,0.0,0.0,0.0
562,True,True,,,225321,0,0,-2,2,0,1,1.3,1.3,1,Aaron,1.3,674,False,,,48,225321.jpg,1.3,False,Ramsdale,0.9,False,,a,15,4,8,85044,584,92082,1021,0.3,1.7,Ramsdale,241.0,2025-08-02,1998-05-14,False,p225321,463,0,0,0,9,0,0,0,0,0,7,0,33,73.8,10.0,0.0,8.4,5,43,0,0,5,0.00,0.00,0.00,6.69,,,,,,,[],307,27,378,9,689,74,372,27,0.0,1.36,0.0,0.0,1.3,1.75,350,14,251,19,385,29,189,26,0.97,0.0,0.0
563,True,True,,,465642,0,0,0,0,1,2,4.5,4.5,1,Malick,4.5,684,False,,,50,465642.jpg,3.8,False,Thiaw,2.7,False,,a,15,4,53,452645,4559,141801,4939,0.9,10.6,Thiaw,80.0,2025-08-12,2001-08-08,False,p465642,1172,2,0,2,20,0,0,0,2,0,0,4,179,348.0,27.2,140.0,51.6,110,48,15,125,13,1.22,0.39,1.61,17.32,,,,,,,[],40,20,324,109,102,13,110,36,0.09,0.0,0.03,0.12,1.33,1.54,261,41,40,15,90,34,110,43,1.0,0.15,9.6
564,True,True,,,623110,0,0,-1,1,0,3,0.0,0.0,0,Seung-Soo,0.0,689,False,,,44,623110.jpg,0.0,False,Park,0.2,False,,a,15,4,0,31837,31,28907,120,0.0,0.0,Seung soo,114.0,2025-07-26,2007-03-17,False,p623110,0,0,0,0,0,0,0,0,0,0,0,0,0,0.0,0.0,0.0,0.0,0,0,0,0,0,0.00,0.00,0.00,0.00,,,,,,,[],631,241,624,242,603,237,632,242,0.0,0.0,0.0,0.0,0.0,0.0,539,319,597,223,637,247,355,119,0.0,0.0,0.0
565,True,True,,,470313,0,0,3,-3,1,4,4.8,4.8,13,Nick,4.8,714,False,,,73,470313.jpg,4.9,False,Woltemade,17.6,False,,a,15,4,69,4711573,82450,2641303,14489,0.7,9.5,Woltemade,80.0,2025-08-30,2002-02-14,False,p470313,1095,7,2,5,15,1,0,0,0,0,0,10,245,304.2,133.2,325.0,75.8,16,24,13,53,14,5.87,0.42,6.29,13.90,,,,,3.0,,[],78,8,130,7,22,12,41,8,0.48,0.0,0.03,0.51,1.14,1.23,28,10,29,4,25,3,19,5,1.15,0.41,4.36
566,True,True,,,19236,0,0,0,0,0,1,0.0,0.0,0,John,0.0,753,False,,,40,19236.jpg,0.0,False,Ruddy,0.0,False,,a,15,4,0,732,24,230,12,0.0,0.0,Ruddy,241.0,2024-07-01,1986-10-24,False,p19236,0,0,0,0,0,0,0,0,0,0,0,0,0,0.0,0.0,0.0,0.0,0,0,0,0,0,0.00,0.00,0.00,0.00,,,,,,,[],515,56,501,43,467,28,515,56,0.0,0.0,0.0,0.0,0.0,0.0,622,39,467,51,523,56,709,82,0.0,0.0,0.0
567,True,True,,,553746,0,0,0,0,0,2,1.3,1.3,0,Leo,0.0,765,False,,,40,553746.jpg,0.0,False,Shahar,0.0,False,,a,15,4,0,34,34,2,2,0.0,0.0,Shahar,,,,False,p553746,0,0,0,0,0,0,0,0,0,0,0,0,0,0.0,0.0,0.0,0.0,0,0,0,0,0,0.00,0.00,0.00,0.00,,,,,,,[],554,215,542,215,510,205,554,215,0.0,0.0,0.0,0.0,0.0,0.0,670,185,507,200,562,214,760,252,0.0,0.0,0.0
568,True,True,100.0,100.0,206325,0,0,-1,1,0,2,-0.5,0.0,0,Oleksandr,0.0,12,False,,2025-10-24T09:00:07.804001Z,49,206325.jpg,1.7,False,Zinchenko,0.2,False,,a,16,17,5,22591,169,47066,71,0.0,1.0,Zinchenko,225.0,2025-09-01,1996-12-15,False,p206325,253,0,0,0,4,0,0,0,0,0,0,0,46,62.6,52.4,15.0,13.0,11,12,10,21,3,0.04,0.30,0.34,3.45,,,,,,,"[{'property': 'loan_ineligible', 'notes': 'This player will not be available to face their parent club in Gameweek 22 as part of their loan conditions.', 'gameweek': 22, 'url': None}]",322,119,261,80,336,112,335,115,0.01,0.0,0.11,0.12,1.23,1.42,300,50,690,245,322,117,352,130,1.07,0.0,7.47
569,True,True,,,432714,0,0,-4,4,0,3,-0.3,0.2,0,James,0.2,426,False,,,51,432714.jpg,1.0,False,McAtee,0.1,False,,a,16,17,5,10961,57,23944,52,0.0,1.0,McAtee,241.0,2025-08-16,2002-10-18,False,p432714,131,0,0,0,6,0,0,0,0,0,0,0,23,14.2,41.5,8.0,6.5,1,6,2,9,1,0.02,0.17,0.19,2.86,,,,,,,[],409,185,289,165,360,183,386,181,0.01,0.0,0.12,0.13,1.96,4.12,235,144,396,188,441,208,484,165,0.69,0.0,6.18
570,True,True,75.0,75.0,85633,0,0,-3,3,0,1,1.7,2.1,0,Matz,2.8,502,False,Groin Injury - 75% chance of playing,2025-12-10T22:00:10.213183Z,47,85633.jpg,2.7,False,Sels,6.3,False,,d,16,17,40,348000,94,1794430,7187,0.6,8.5,Sels,21.0,2024-02-01,1992-02-26,False,p85633,1350,0,0,2,25,0,0,0,1,0,47,0,168,353.8,10.0,0.0,36.4,14,101,1,0,15,0.00,0.06,0.06,21.74,,,,,,,[],36,10,377,8,680,72,198,11,0.0,3.13,0.0,0.0,1.45,1.67,368,17,125,11,210,20,68,10,1.0,0.13,0.0
571,True,False,0.0,0.0,475123,0,0,0,0,0,1,0.0,0.0,0,Carlos Miguel,0.0,503,False,Has joined Palmeiras permanently.,2025-08-20T13:32:34.630338Z,40,475123.jpg,0.0,False,dos Santos Pereira,0.1,False,,u,16,17,0,448,0,14782,21,0.0,0.0,C.Miguel,30.0,2024-07-09,1998-10-09,False,p475123,0,0,0,0,0,0,0,0,0,0,0,0,0,0.0,0.0,0.0,0.0,0,0,0,0,0,0.00,0.00,0.00,0.00,,,,,,,[],539,71,527,60,494,45,539,71,0.0,0.0,0.0,0.0,0.0,0.0,652,56,491,66,547,71,512,76,0.0,0.0,0.0
572,True,False,0.0,0.0,224068,0,0,0,0,0,1,0.0,0.0,0,Matt,0.0,504,False,Has joined Lyon permanently.,2025-08-11T01:18:09.881299Z,40,224068.jpg,0.0,False,Turner,0.1,False,,u,16,17,0,0,0,14655,30,0.0,0.0,Turner,229.0,2023-08-09,1994-06-24,False,p224068,0,0,0,0,0,0,0,0,0,0,0,0,0,0.0,0.0,0.0,0.0,0,0,0,0,0,0.00,0.00,0.00,0.00,,,,,,,[],526,62,514,51,481,36,526,62,0.0,0.0,0.0,0.0,0.0,0.0,638,47,478,57,534,62,479,75,0.0,0.0,0.0
573,True,True,,,227444,0,0,-4,4,0,2,3.3,3.8,0,Nikola,3.8,505,False,,,51,227444.jpg,2.6,False,Milenković,3.5,False,,a,16,17,42,270521,793,946377,1679,0.7,8.2,Milenković,190.0,2024-07-18,1997-10-12,False,p227444,1440,0,0,3,25,1,0,0,3,0,0,1,151,283.8,29.9,73.0,38.8,121,49,6,127,16,0.69,0.25,0.94,22.07,,,,,,,[],92,42,315,104,197,46,180,59,0.04,0.0,0.02,0.06,1.38,1.56,234,36,70,28,218,80,98,37,1.0,0.19,7.94
574,True,True,100.0,100.0,575476,0,0,-3,3,1,2,3.3,3.8,0,Murillo,3.8,506,False,,2025-11-29T01:00:07.306025Z,52,575476.jpg,3.6,False,Costa dos Santos,1.9,False,,a,16,17,36,157669,1096,686322,858,0.7,6.9,Murillo,30.0,2023-08-31,2002-07-04,False,p575476,829,1,0,2,13,0,0,0,2,0,0,3,137,228.2,27.1,36.0,29.2,71,45,15,86,10,0.25,0.25,0.50,12.04,,,3.0,,,,[],135,57,325,110,283,88,242,79,0.03,0.0,0.03,0.06,1.31,1.41,224,34,72,29,107,39,134,52,1.09,0.22,9.34
575,True,True,0.0,0.0,159506,0,0,-3,3,0,2,0.0,0.0,0,Ola,0.0,507,False,Hamstring injury - Expected back 07 Feb,2025-09-11T06:30:07.556962Z,47,159506.jpg,2.0,False,Aina,2.0,False,,i,16,17,6,231412,1,1576438,880,0.0,1.3,Aina,157.0,2023-07-22,1996-10-08,False,p159506,270,0,0,0,5,0,0,0,1,0,0,0,20,53.8,33.3,11.0,9.8,16,20,6,22,3,0.04,0.32,0.36,5.02,,,,,,,[],335,122,307,100,347,121,356,120,0.01,0.0,0.11,0.12,1.67,1.67,372,65,670,241,285,106,132,51,1.0,0.0,7.33
576,True,True,,,215136,0,0,-3,3,2,2,4.5,5.0,0,Neco,5.0,508,False,,,47,215136.jpg,3.1,False,Williams,3.6,False,,a,16,17,50,316405,3772,994824,2070,1.1,10.6,N.Williams,244.0,2022-07-11,2001-04-13,False,p215136,1440,1,1,3,25,0,0,0,4,0,0,7,232,351.0,215.2,152.0,71.9,57,70,52,109,16,1.13,1.12,2.25,22.07,4.0,,,,,,"[{'property': 'suspension_risk', 'notes': 'This player currently has four yellow cards in the Premier League and will face a one-match suspension should they receive another before Gameweek 20.', 'gameweek': None, 'url': None}]",38,18,68,16,91,10,47,4,0.07,0.0,0.07,0.14,1.38,1.56,375,66,21,7,160,64,96,35,1.0,0.19,6.81
577,True,False,0.0,0.0,451432,0,0,0,0,0,2,0.0,0.0,0,David,0.0,509,False,has joined Real Oviedo on loan for the rest of the season.,2025-09-02T13:08:17.187888Z,45,451432.jpg,0.0,False,Mota Veiga Teixeira do Carmo,0.0,False,,u,16,17,0,427,0,4292,3,0.0,0.0,David Carmo,6.0,2024-08-25,1999-07-19,False,p451432,0,0,0,0,0,0,0,0,0,0,0,0,0,0.0,0.0,0.0,0.0,0,0,0,0,0,0.00,0.00,0.00,0.00,,,,,,,[],647,242,640,242,625,240,648,242,0.0,0.0,0.0,0.0,0.0,0.0,423,87,614,236,652,242,652,224,0.0,0.0,0.0
578,True,True,,,575458,0,0,-2,2,0,2,-0.5,0.0,0,Jair,0.0,510,False,,,43,575458.jpg,3.0,False,Paula da Cunha Filho,0.1,False,,a,16,17,3,2331,20,7051,17,0.0,0.7,Jair Cunha,30.0,2025-07-11,2005-03-07,False,p575458,90,0,0,0,2,0,0,0,0,0,0,0,9,26.0,0.4,0.0,2.6,9,1,2,11,1,0.00,0.00,0.00,3.28,,,,,,,[],386,143,426,159,564,228,420,151,0.0,0.0,0.0,0.0,3.28,2.0,592,145,558,224,174,67,542,195,1.0,0.0,11.0
579,True,True,,,485047,0,0,-2,2,0,2,1.5,2.0,0,Felipe,2.0,511,False,,,43,485047.jpg,2.2,False,Rodrigues da Silva,0.1,False,,a,16,17,20,6909,38,10192,43,0.5,4.7,Morato,30.0,2024-08-30,2001-06-30,False,p485047,708,0,0,1,14,0,0,0,4,0,0,1,81,165.2,8.8,5.0,17.9,52,31,18,70,8,0.03,0.06,0.09,10.69,,,,,,,"[{'property': 'suspension_risk', 'notes': 'This player currently has four yellow cards in the Premier League and will face a one-match suspension should they receive another before Gameweek 20.', 'gameweek': None, 'url': None}]",195,82,382,134,380,138,308,104,0.0,0.0,0.01,0.01,1.36,1.78,567,137,190,69,257,96,486,177,1.02,0.13,8.9
580,True,False,0.0,0.0,204822,0,0,0,0,0,2,0.0,0.0,0,Omar,0.0,512,False,has joined Rio Ave on loan for the rest of the season.,2025-09-02T12:23:02.662537Z,45,204822.jpg,0.0,False,Richards,0.0,False,,u,16,17,0,345,0,4030,1,0.0,0.0,O.Richards,241.0,2022-07-10,1998-02-15,False,p204822,0,0,0,0,0,0,0,0,0,0,0,0,0,0.0,0.0,0.0,0.0,0,0,0,0,0,0.00,0.00,0.00,0.00,,,,,,,[],639,240,632,240,615,237,640,240,0.0,0.0,0.0,0.0,0.0,0.0,409,80,605,234,644,240,656,225,0.0,0.0,0.0
581,True,True,,,549067,0,0,-2,2,0,2,-0.3,0.2,0,Zach,0.2,513,False,,,38,549067.jpg,1.0,False,Abbott,0.3,False,,a,16,17,1,16707,837,17124,197,0.1,0.3,Abbott,241.0,2022-08-22,2006-05-13,False,p549067,45,0,0,0,1,0,0,0,0,0,0,0,5,15.6,0.6,0.0,1.6,6,1,1,7,0,0.00,0.00,0.00,0.63,,,,,,,[],408,154,422,157,418,161,431,156,0.0,0.0,0.0,0.0,1.26,2.0,761,248,371,132,404,145,332,120,0.0,0.0,14.0
582,True,True,0.0,0.0,90585,0,0,-2,2,0,2,0.0,0.0,0,Willy,0.0,514,False,On international duty at the Africa Cup of Nations from Gameweek 17 onwards. - Unknown return date,2025-12-13T14:30:11.773577Z,38,90585.jpg,0.0,False,Boly,0.4,False,,n,16,17,0,31349,233,49947,467,0.0,0.0,Boly,54.0,2022-09-01,1991-02-03,False,p90585,0,0,0,0,0,0,0,0,0,0,0,0,0,0.0,0.0,0.0,0.0,0,0,0,0,0,0.00,0.00,0.00,0.00,,,,,,,[],457,163,441,162,404,147,455,161,0.0,0.0,0.0,0.0,0.0,0.0,743,230,405,144,464,161,276,105,0.0,0.0,0.0
583,True,True,100.0,100.0,222531,0,0,-2,2,0,3,2.5,3.0,0,Morgan,3.0,515,False,,2025-11-27T10:00:07.108311Z,73,222531.jpg,3.6,False,Gibbs-White,2.9,False,,a,16,17,58,604222,902,883504,3053,0.4,7.9,Gibbs-White,241.0,2022-08-19,2000-01-27,False,p222531,1350,3,1,3,22,0,0,0,0,0,0,4,234,225.2,295.4,289.0,80.6,21,41,8,70,15,3.75,1.23,4.98,21.29,,,2.0,,2.0,,[],138,54,35,33,32,19,31,24,0.25,0.0,0.08,0.33,1.42,1.47,24,15,123,56,110,49,105,33,1.0,0.2,4.67
584,True,True,100.0,100.0,209046,0,0,-3,3,1,3,3.3,3.8,0,Callum,3.8,516,False,,2025-11-05T22:30:08.175849Z,57,209046.jpg,3.0,False,Hudson-Odoi,0.9,False,,a,16,17,45,209111,1701,249682,951,0.7,7.9,Hudson-Odoi,241.0,2023-09-01,2000-11-07,False,p209046,774,3,1,1,14,0,0,0,0,0,0,6,172,210.0,256.9,174.0,64.0,10,27,9,46,7,1.60,1.25,2.85,12.71,,,,,,,[],148,57,46,38,77,47,72,47,0.19,0.0,0.15,0.34,1.48,1.63,117,75,75,32,177,77,190,63,0.81,0.12,5.35
585,True,True,,,215379,0,0,-1,1,0,3,3.5,4.0,0,Elliot,4.0,517,False,,,54,215379.jpg,4.1,False,Anderson,4.9,False,,a,16,17,65,780826,3655,900863,5512,0.7,12.0,Anderson,241.0,2024-07-01,2002-11-06,False,p215379,1440,1,2,3,25,0,0,0,3,0,0,4,328,345.8,456.9,140.0,94.6,32,132,43,207,16,1.79,1.71,3.50,22.07,2.0,,,,4.0,,[],41,9,7,7,103,62,23,18,0.11,0.0,0.11,0.22,1.38,1.56,165,102,60,28,75,32,78,26,1.0,0.19,12.94
586,True,False,0.0,0.0,510500,0,0,-1,1,0,3,0.0,0.0,0,João Pedro,0.0,518,False,has joined Besiktas on loan for the rest of the season.,2025-09-12T15:53:40.376767Z,54,510500.jpg,1.0,False,Ferreira da Silva,0.0,False,,u,16,17,1,1029,0,8946,10,0.0,0.2,Jota,173.0,2024-08-01,1999-08-01,False,p510500,11,0,0,0,0,0,0,0,0,0,0,0,6,5.0,0.5,4.0,1.0,1,0,2,3,0,0.00,0.00,0.00,0.00,,,,,,,[],433,199,424,203,388,195,438,202,0.0,0.0,0.0,0.0,0.0,0.0,176,109,737,323,447,213,599,228,0.0,0.0,24.55
587,True,True,75.0,75.0,250199,0,0,0,0,0,3,0.4,0.8,0,Nicolás,1.0,519,False,Knee injury - 75% chance of playing,2025-12-15T01:30:08.723436Z,50,250199.jpg,1.1,False,Domínguez,0.0,False,,d,16,17,8,1242,4,1319,25,0.2,1.6,Dominguez,10.0,2023-09-01,1998-06-28,False,p250199,244,0,0,1,4,0,0,0,1,0,0,0,40,39.2,76.9,7.0,12.4,7,9,9,25,4,0.34,0.21,0.55,3.21,3.0,,,,,,[],363,162,211,134,367,186,339,163,0.13,0.0,0.08,0.21,1.18,1.48,257,159,285,133,398,182,686,290,1.48,0.37,9.22
588,True,False,0.0,0.0,243345,0,0,0,0,0,3,0.0,0.0,0,Lewis,0.0,520,False,Has joined Wrexham permanently.,2025-07-25T14:55:12.030109Z,50,243345.jpg,0.0,False,O'Brien,0.0,False,,u,16,17,0,0,0,115,0,0.0,0.0,O'Brien,241.0,2022-07-20,1998-10-14,False,p243345,0,0,0,0,0,0,0,0,0,0,0,0,0,0.0,0.0,0.0,0.0,0,0,0,0,0,0.00,0.00,0.00,0.00,,,,,,,[],729,315,726,315,719,313,729,315,0.0,0.0,0.0,0.0,0.0,0.0,255,158,709,304,728,315,757,336,0.0,0.0,0.0
589,True,True,0.0,0.0,210462,0,0,-1,1,1,3,0.0,0.0,0,Ibrahim,4.8,521,False,On international duty at the Africa Cup of Nations from Gameweek 17 onwards. - Unknown return date,2025-12-13T14:30:11.791163Z,49,210462.jpg,3.6,False,Sangaré,0.1,False,,n,16,17,47,6932,24,9504,83,1.0,9.6,Sangaré,54.0,2023-09-01,1997-12-02,False,p210462,864,2,2,3,13,0,0,0,2,0,0,2,188,233.0,78.6,77.0,38.9,39,40,27,106,11,0.78,1.07,1.85,12.80,,,,,,,[],132,50,207,133,191,110,179,92,0.08,0.0,0.11,0.19,1.33,1.35,303,187,25,12,104,45,546,197,1.15,0.31,11.04
590,True,True,0.0,0.0,204968,0,0,-3,3,0,3,0.0,0.0,0,Ryan,0.7,522,False,Hamstring injury - Expected back 17 Jan,2025-12-06T20:30:09.569234Z,47,204968.jpg,1.4,False,Yates,0.1,False,,i,16,17,15,8888,8,17140,103,0.1,3.2,Yates,241.0,2018-08-01,1997-11-21,False,p204968,299,0,1,0,5,0,0,0,1,0,0,0,67,64.2,27.0,25.0,11.5,15,11,7,33,1,0.07,0.17,0.24,3.48,,,,,,,[],318,144,326,178,307,163,347,167,0.02,0.0,0.05,0.07,1.05,1.51,374,232,320,149,369,166,513,180,0.3,0.0,9.93
591,True,False,0.0,0.0,569014,0,0,0,0,0,3,0.0,0.0,0,Eric,0.0,523,False,has joined Rio Ave on loan for the rest of the season.,2025-09-02T12:23:02.683095Z,45,569014.jpg,0.0,False,da Silva Moreira,0.1,False,,u,16,17,0,1896,0,16147,23,0.0,0.0,Da Silva Moreira,80.0,2024-07-01,2006-05-03,False,p569014,0,0,0,0,0,0,0,0,0,0,0,0,0,0.0,0.0,0.0,0.0,0,0,0,0,0,0.00,0.00,0.00,0.00,,,,,,,[],673,274,667,274,652,271,674,275,0.0,0.0,0.0,0.0,0.0,0.0,456,276,640,257,677,278,559,204,0.0,0.0,0.0
592,True,False,0.0,0.0,495161,0,0,0,0,0,3,0.0,0.0,0,Marko,0.0,524,False,Has joined Swansea City permanently.,2025-08-20T13:32:34.645399Z,45,495161.jpg,0.0,False,Stamenić,0.0,False,,u,16,17,0,245,0,5583,3,0.0,0.0,Stamenic,154.0,2024-06-27,2002-02-19,False,p495161,0,0,0,0,0,0,0,0,0,0,0,0,0,0.0,0.0,0.0,0.0,0,0,0,0,0,0.00,0.00,0.00,0.00,,,,,,,[],657,260,651,260,636,257,658,261,0.0,0.0,0.0,0.0,0.0,0.0,436,261,624,243,662,265,668,278,0.0,0.0,0.0
593,True,True,0.0,0.0,60689,0,0,-3,3,1,4,0.0,0.0,0,Chris,0.0,525,False,Knee injury - Unknown return date,2025-10-24T09:00:08.418318Z,72,60689.jpg,3.1,False,Wood,5.0,False,,i,16,17,25,2132729,10,3344091,2187,0.0,3.5,Wood,154.0,2023-07-01,1991-12-07,False,p60689,538,2,0,1,8,0,0,0,0,0,0,3,85,77.6,49.6,179.0,29.8,6,7,1,14,7,2.81,0.11,2.92,7.84,,,,,1.0,,[],302,29,269,30,75,24,237,26,0.47,0.0,0.02,0.49,1.31,1.34,29,11,761,81,170,14,77,14,1.17,0.17,2.34
594,True,True,,,482973,0,0,-2,2,0,4,2.3,2.8,0,Igor Jesus,2.8,526,False,,,58,482973.jpg,2.1,False,Maciel da Cruz,1.2,False,,a,16,17,31,234898,1901,193095,3175,0.5,5.3,Igor Jesus,30.0,2025-07-05,2001-02-25,False,p482973,749,1,1,3,15,0,0,0,0,0,0,3,116,100.2,83.2,273.0,45.1,16,18,12,46,8,2.64,0.50,3.14,12.70,,,,,3.0,,[],269,25,200,19,36,15,146,19,0.32,0.0,0.06,0.38,1.53,1.8,110,30,130,12,280,27,168,24,0.96,0.36,5.53
595,True,True,50.0,50.0,210156,0,0,-3,3,0,4,-0.2,0.0,0,Taiwo,0.0,527,False,Lack of match fitness - 50% chance of playing,2025-11-20T17:00:08.462155Z,52,210156.jpg,1.0,False,Awoniyi,0.3,False,,d,16,17,4,26563,25,85321,160,0.0,0.8,Awoniyi,157.0,2022-06-25,1997-08-12,False,p210156,133,0,0,0,1,0,0,0,0,0,0,0,19,11.8,25.7,39.0,7.7,2,6,1,9,1,0.19,0.02,0.21,1.59,,,,,,,[],413,44,329,37,275,44,381,45,0.13,0.0,0.01,0.14,1.08,0.68,210,45,722,74,443,51,319,52,0.68,0.0,6.09
596,True,True,,,456512,0,0,-5,5,0,3,1.0,1.5,0,Dan,1.5,669,False,,,55,456512.jpg,2.7,False,Ndoye,0.9,False,,a,16,17,41,542199,151,549313,575,0.3,7.5,Ndoye,207.0,2025-07-31,2000-10-25,False,p456512,997,1,2,2,16,0,0,0,1,0,0,4,140,143.4,152.7,134.0,43.1,19,43,18,80,14,0.78,1.22,2.00,13.88,,,,,,,[],222,96,109,80,108,66,160,84,0.07,0.0,0.11,0.18,1.25,1.44,148,93,242,114,212,93,197,66,1.26,0.18,7.22
597,True,True,100.0,100.0,107265,0,0,0,0,0,1,-0.5,0.0,0,Angus,0.0,675,False,,2025-10-31T00:00:09.154875Z,40,107265.jpg,0.0,False,Gunn,1.2,False,,a,16,17,0,26698,63,88412,232,0.0,0.0,Gunn,243.0,2025-08-06,1996-01-22,False,p107265,0,0,0,0,0,0,0,0,0,0,0,0,0,0.0,0.0,0.0,0.0,0,0,0,0,0,0.00,0.00,0.00,0.00,,,,,,,[],519,59,506,47,472,32,519,59,0.0,0.0,0.0,0.0,0.0,0.0,627,43,471,54,527,59,166,22,0.0,0.0,0.0
598,True,True,,,503301,0,0,-1,1,0,3,2.5,3.0,0,Omari,3.0,693,False,,,54,503301.jpg,2.8,False,Hutchinson,0.1,False,,a,16,17,31,10129,178,6397,91,0.6,5.7,Hutchinson,241.0,2025-08-16,2003-10-30,False,p503301,472,0,4,2,6,0,0,0,0,0,0,1,111,111.8,191.0,137.0,43.6,3,30,10,43,3,1.19,1.55,2.74,7.87,,,,,,,[],249,108,77,57,105,64,156,82,0.23,0.0,0.3,0.53,1.5,1.14,175,108,119,53,198,87,540,194,0.57,0.38,8.2
599,True,True,,,465680,0,0,0,0,0,4,-0.3,0.2,0,Arnaud,0.2,696,False,,,60,465680.jpg,1.0,False,Kalimuendo,0.1,False,,a,16,17,7,14029,111,14019,138,0.0,1.2,Kalimuendo,73.0,2025-08-18,2002-01-20,False,p465680,81,0,0,0,3,0,0,0,0,0,0,0,17,3.8,17.7,22.0,4.3,1,3,1,5,0,0.35,0.02,0.37,1.57,,,,,,,[],438,49,349,43,314,47,404,47,0.39,0.0,0.02,0.41,1.74,3.33,89,27,404,46,450,52,419,61,0.0,0.0,5.56
600,True,True,100.0,100.0,230046,0,0,-1,1,0,3,-0.3,0.2,0,Douglas Luiz,0.2,699,False,,2025-11-01T18:30:08.443766Z,49,230046.jpg,1.6,False,Soares de Paulo,0.0,False,,a,16,17,8,13491,93,13540,27,0.0,1.6,Douglas Luiz,30.0,2025-08-21,1998-05-09,False,p230046,190,0,1,0,5,0,0,0,1,0,0,0,43,27.8,47.1,10.0,8.5,5,10,4,19,4,0.02,0.48,0.50,2.29,1.0,,,,,,[],385,175,276,158,351,179,371,176,0.01,0.0,0.23,0.24,1.08,2.37,311,190,393,185,340,156,593,225,1.89,0.0,9.0
601,True,True,,,221389,0,0,0,0,0,1,0.5,1.0,0,John Victor,1.0,715,False,,,40,221389.jpg,6.0,False,Maciel Furtado,0.3,False,,a,16,17,6,42238,240,20892,139,0.2,1.5,John,30.0,2025-08-31,1996-02-13,False,p221389,90,0,0,1,0,0,0,0,0,0,1,0,24,12.4,0.0,0.0,1.2,2,7,0,0,1,0.00,0.00,0.00,0.33,,,,,,,[],411,29,512,50,479,35,436,29,0.0,1.0,0.0,0.0,0.33,0.0,636,46,275,20,7,1,294,38,1.0,1.0,0.0
602,True,True,,,500151,0,0,0,0,1,2,3.3,3.8,0,Nicolò,3.8,716,False,,,45,500151.jpg,3.2,False,Savona,0.2,False,,a,16,17,35,41266,268,20434,293,0.8,7.8,Savona,106.0,2025-08-30,2003-03-19,False,p500151,834,2,0,3,14,0,0,0,2,0,0,0,126,184.8,101.8,88.0,37.5,31,25,17,48,9,1.26,0.39,1.65,12.01,,,,,,,[],179,76,171,40,175,35,189,64,0.14,0.0,0.04,0.18,1.3,1.51,438,91,66,24,145,55,370,136,0.97,0.32,5.18
603,True,False,0.0,0.0,560441,0,0,0,0,0,2,0.0,0.0,0,Luis Eduardo,0.0,729,False,has joined Botafogo on loan for the rest of the season.,2025-09-05T08:56:15.818633Z,45,560441.jpg,0.0,False,Soares da Silva,0.0,False,,u,16,17,0,25,0,39,0,0.0,0.0,Cuiabano,30.0,2025-09-01,2003-02-16,False,p560441,0,0,0,0,0,0,0,0,0,0,0,0,0,0.0,0.0,0.0,0.0,0,0,0,0,0,0.00,0.00,0.00,0.00,,,,,,,[],672,244,666,244,651,242,673,244,0.0,0.0,0.0,0.0,0.0,0.0,455,94,639,238,676,244,759,251,0.0,0.0,0.0
604,True,True,100.0,100.0,476887,0,0,-1,1,0,3,-0.5,0.0,0,Dilane,0.0,734,False,,2025-10-24T09:00:08.676633Z,59,476887.jpg,1.2,False,Bakwa,0.0,False,,a,16,17,5,2883,16,2787,10,0.0,0.8,Bakwa,73.0,2025-09-01,2002-08-26,False,p476887,172,0,0,0,4,0,0,0,0,0,0,0,27,30.2,73.7,49.0,15.3,2,11,0,13,2,0.13,0.27,0.40,3.23,,,,,,,[],381,171,219,138,258,139,321,154,0.07,0.0,0.14,0.21,1.69,2.09,103,68,751,335,395,180,693,295,1.05,0.0,6.8
605,True,True,,,232571,0,0,-3,3,0,1,0.0,0.0,0,Anthony,0.0,528,False,,,42,232571.jpg,0.0,False,Patterson,0.2,False,,a,17,56,0,8704,51,28767,92,0.0,0.0,Patterson,241.0,2018-10-09,2000-05-10,False,p232571,0,0,0,0,0,0,0,0,0,0,0,0,0,0.0,0.0,0.0,0.0,0,0,0,0,0,0.00,0.00,0.00,0.00,,,,,,,[],574,80,563,70,532,56,574,80,0.0,0.0,0.0,0.0,0.0,0.0,611,36,527,75,582,80,377,56,0.0,0.0,0.0
606,True,True,,,74854,0,0,-1,1,0,1,0.0,0.0,0,Simon,0.0,529,False,,,39,74854.jpg,0.0,False,Moore,0.4,False,,a,17,56,0,14326,100,27116,122,0.0,0.0,Moore,241.0,2024-07-01,1990-05-19,False,p74854,0,0,0,0,0,0,0,0,0,0,0,0,0,0.0,0.0,0.0,0.0,0,0,0,0,0,0.00,0.00,0.00,0.00,,,,,,,[],476,33,461,20,426,5,475,33,0.0,0.0,0.0,0.0,0.0,0.0,693,66,425,28,483,33,280,36,0.0,0.0,0.0
607,True,True,,,490000,0,0,-1,1,0,1,0.0,0.0,0,Blondy,0.0,530,False,,,39,490000.jpg,0.0,False,Nna Noukeu,0.1,False,,a,17,56,0,6569,47,9481,48,0.0,0.0,Nna Noukeu,38.0,2024-08-02,2001-05-31,False,p490000,0,0,0,0,0,0,0,0,0,0,0,0,0,0.0,0.0,0.0,0.0,0,0,0,0,0,0.00,0.00,0.00,0.00,,,,,,,[],496,49,482,36,448,21,496,49,0.0,0.0,0.0,0.0,0.0,0.0,722,82,447,44,504,49,417,65,0.0,0.0,0.0
608,True,True,100.0,100.0,223827,0,0,1,-1,2,2,4.3,4.3,9,Daniel,4.3,531,False,,2025-08-23T22:30:06.243330Z,46,223827.jpg,5.0,False,Ballard,3.6,False,,a,17,56,75,884339,13807,692527,842,0.9,16.3,Ballard,242.0,2022-07-01,1999-09-22,False,p223827,1119,2,1,4,12,0,0,0,2,0,0,7,230,381.6,71.5,238.0,69.2,116,30,19,135,12,1.36,0.39,1.75,16.00,,,,,,,[],25,11,224,62,50,3,57,10,0.11,0.0,0.03,0.14,1.29,0.97,384,69,41,16,21,11,95,34,0.97,0.32,10.86
609,True,True,,,487676,0,0,0,0,0,2,2.3,2.3,9,Trai,2.3,532,False,,,45,487676.jpg,3.2,False,Hume,0.3,False,,a,17,56,55,57204,564,50848,101,0.5,12.2,Hume,242.0,2022-01-04,2002-03-18,False,p487676,1381,0,1,5,15,0,0,0,3,0,0,3,221,248.8,189.4,66.0,50.5,69,45,37,106,15,0.53,0.82,1.35,20.23,2.0,,,,,,[],119,52,80,20,215,57,119,41,0.03,0.0,0.05,0.08,1.32,0.98,430,88,158,61,144,54,302,111,0.98,0.33,6.91
610,True,True,0.0,0.0,220684,0,0,0,0,0,2,0.0,0.0,0,Aji,0.0,533,False,Shoulder injury - Unknown return date,2025-07-21T10:00:05.007315Z,40,220684.jpg,0.0,False,Alese,0.0,False,,i,17,56,0,487,2,675,2,0.0,0.0,Alese,241.0,2022-07-15,2001-01-17,False,p220684,0,0,0,0,0,0,0,0,0,0,0,0,0,0.0,0.0,0.0,0.0,0,0,0,0,0,0.00,0.00,0.00,0.00,,,,,,,[],524,199,511,199,478,188,524,199,0.0,0.0,0.0,0.0,0.0,0.0,635,165,476,183,532,198,740,249,0.0,0.0,0.0
611,True,True,,,232820,0,0,-1,1,0,2,0.0,0.0,0,Joe,0.0,534,False,,,39,232820.jpg,0.0,False,Anderson,0.4,False,,a,17,56,0,34269,104,49652,188,0.0,0.0,Anderson,241.0,2023-01-31,2001-02-06,False,p232820,0,0,0,0,0,0,0,0,0,0,0,0,0,0.0,0.0,0.0,0.0,0,0,0,0,0,0.00,0.00,0.00,0.00,,,,,,,[],486,180,471,179,437,167,485,179,0.0,0.0,0.0,0.0,0.0,0.0,706,206,436,162,493,178,275,104,0.0,0.0,0.0
612,True,True,100.0,100.0,461195,0,0,0,0,0,2,0.0,0.0,0,Dennis,0.0,535,False,,2025-07-21T10:00:05.027113Z,40,461195.jpg,0.0,False,Cirkin,0.0,False,,a,17,56,0,1144,74,2381,31,0.0,0.0,Cirkin,241.0,2021-08-11,2002-04-06,False,p461195,0,0,0,0,0,0,0,0,0,0,0,0,0,0.0,0.0,0.0,0.0,0,0,0,0,0,0.00,0.00,0.00,0.00,,,,,,,[],533,203,521,203,488,192,533,203,0.0,0.0,0.0,0.0,0.0,0.0,645,169,485,187,541,202,663,228,0.0,0.0,0.0
613,True,True,100.0,100.0,477547,0,0,0,0,0,2,0.0,0.0,0,Leo Fuhr,0.0,536,False,,2025-07-21T10:00:05.047173Z,40,477547.jpg,0.0,False,Hjelde,0.0,False,,a,17,56,0,549,27,616,6,0.0,0.0,Hjelde,161.0,2024-01-30,2003-08-26,False,p477547,0,0,0,0,0,0,0,0,0,0,0,0,0,0.0,0.0,0.0,0.0,0,0,0,0,0,0.00,0.00,0.00,0.00,,,,,,,[],540,205,528,205,495,194,540,205,0.0,0.0,0.0,0.0,0.0,0.0,653,172,492,189,548,204,726,245,0.0,0.0,0.0
614,True,False,0.0,0.0,492066,0,0,0,0,0,2,0.0,0.0,0,Niall,0.0,537,False,has joined Wycombe Wanderers on loan for the rest of the season.,2025-09-02T13:34:00.250364Z,40,492066.jpg,0.0,False,Huggins,0.1,False,,u,17,56,0,1038,0,15475,29,0.0,0.0,Huggins,244.0,2021-08-20,2000-12-18,False,p492066,0,0,0,0,0,0,0,0,0,0,0,0,0,0.0,0.0,0.0,0.0,0,0,0,0,0,0.00,0.00,0.00,0.00,,,,,,,[],542,206,530,206,497,195,542,206,0.0,0.0,0.0,0.0,0.0,0.0,655,173,494,190,550,205,504,182,0.0,0.0,0.0
615,True,True,,,514613,0,0,-1,1,0,2,0.0,0.0,0,Zak,0.0,538,False,,,39,514613.jpg,0.0,False,Johnson,0.2,False,,a,17,56,0,18127,38,23577,100,0.0,0.0,Johnson,241.0,2021-10-12,2004-07-30,False,p514613,0,0,0,0,0,0,0,0,0,0,0,0,0,0.0,0.0,0.0,0.0,0,0,0,0,0,0.00,0.00,0.00,0.00,,,,,,,[],501,186,487,186,453,174,501,186,0.0,0.0,0.0,0.0,0.0,0.0,727,218,452,169,509,185,343,125,0.0,0.0,0.0
616,True,True,0.0,0.0,167512,0,0,0,0,0,2,0.0,0.0,0,Luke,-0.2,539,False,Suspended until 01 Jan,2025-12-06T20:30:09.638471Z,40,167512.jpg,-0.5,False,O'Nien,0.0,False,,s,17,56,-1,4339,15,5259,63,0.0,-0.2,O'Nien,241.0,2018-07-30,1994-11-21,False,p167512,4,0,0,0,0,0,0,0,0,1,0,0,-2,4.0,0.4,0.0,0.4,0,0,2,2,0,0.00,0.00,0.00,0.29,,,,,,,[],436,158,425,158,476,186,446,158,0.0,0.0,0.0,0.0,6.52,0.0,631,161,767,254,767,254,578,209,0.0,0.0,45.0
617,True,True,,,465702,0,0,-1,1,0,2,0.0,0.0,0,Timothée,0.0,540,False,,,39,465702.jpg,0.0,False,Pembélé,0.4,False,,a,17,56,0,46743,30,37156,163,0.0,0.0,Pembele,73.0,2023-09-01,2002-09-09,False,p465702,0,0,0,0,0,0,0,0,0,0,0,0,0,0.0,0.0,0.0,0.0,0,0,0,0,0,0.00,0.00,0.00,0.00,,,,,,,[],491,183,477,183,443,171,491,183,0.0,0.0,0.0,0.0,0.0,0.0,715,213,442,166,499,182,285,107,0.0,0.0,0.0
618,True,True,0.0,0.0,434399,0,0,-1,1,1,2,0.0,0.0,0,Reinildo,3.2,541,False,On international duty at the Africa Cup of Nations from Gameweek 17 onwards. - Unknown return date,2025-12-13T14:30:11.873299Z,39,434399.jpg,3.1,False,Mandava,3.1,False,,n,17,56,37,459866,204,869989,6695,0.8,9.5,Reinildo,146.0,2025-07-08,1994-01-21,False,p434399,1022,0,1,3,12,0,0,0,4,1,0,3,135,186.4,33.9,25.0,24.7,68,45,24,92,12,0.10,0.08,0.18,14.00,,,,,,,"[{'property': 'suspension_risk', 'notes': 'This player currently has four yellow cards in the Premier League and will face a one-match suspension should they receive another before Gameweek 20.', 'gameweek': None, 'url': None}]",176,73,304,98,304,98,264,89,0.01,0.0,0.01,0.02,1.23,1.06,708,208,101,38,154,58,101,39,1.06,0.26,8.1
619,True,False,0.0,0.0,519634,0,0,0,0,0,2,0.0,0.0,0,Jenson,0.0,542,False,has joined Wolfsburg on loan for the rest of the season.,2025-09-02T13:40:22.421351Z,40,519634.jpg,1.0,False,Seelt,0.1,False,,u,17,56,2,3016,0,24108,34,0.0,0.5,Seelt,152.0,2023-07-01,2003-05-23,False,p519634,133,0,0,0,2,0,0,0,0,0,0,0,11,33.6,2.4,0.0,3.6,8,6,4,12,1,0.00,0.01,0.01,1.33,,,,,,,[],375,142,405,146,506,202,410,147,0.0,0.0,0.01,0.01,0.9,1.35,666,182,503,197,405,146,472,173,0.68,0.0,8.12
620,True,True,,,535818,0,0,-6,6,0,3,0.8,0.8,3,Simon,0.8,543,False,,,49,535818.jpg,1.9,False,Adingra,0.4,False,,a,17,56,19,79208,201,212373,164,0.2,3.9,Adingra,54.0,2025-07-10,2002-01-01,False,p535818,378,0,1,3,5,0,0,0,1,0,0,0,46,32.2,83.1,16.0,13.1,7,10,7,24,5,0.14,0.28,0.42,4.96,,,,,,,[],376,166,201,132,334,175,333,160,0.03,0.0,0.07,0.1,1.18,1.19,332,205,309,145,299,136,267,92,1.19,0.71,5.71
621,True,True,0.0,100.0,547027,0,0,-2,2,0,3,0.0,0.2,1,Habib,0.2,544,False,International Duty - Unknown return date,2025-12-20T23:30:08.955091Z,53,547027.jpg,2.6,False,Diarra,0.0,False,,i,17,56,13,6388,45,15809,18,0.0,2.5,Diarra,189.0,2025-07-01,2004-01-03,False,p547027,371,0,1,2,2,0,0,0,1,0,0,0,28,16.0,31.5,45.0,8.6,7,10,3,20,4,0.50,0.08,0.58,4.60,,,,,1.0,,[],407,184,313,173,260,140,368,174,0.12,0.0,0.02,0.14,1.12,0.49,204,125,399,190,220,96,606,235,0.97,0.49,4.85
622,True,False,0.0,0.0,124165,0,0,-1,1,0,3,0.0,0.0,0,Patrick,0.0,545,False,has joined Birmingham City on loan for the rest of the season.,2025-09-02T13:33:32.438579Z,54,124165.jpg,1.0,False,Roberts,0.0,False,,u,17,56,1,462,0,4025,5,0.0,0.2,Roberts,241.0,2022-01-21,1997-02-05,False,p124165,27,0,0,0,1,0,0,0,0,0,0,0,4,1.8,7.3,5.0,1.4,0,1,0,1,0,0.03,0.02,0.05,0.66,,,,,,,[],444,205,387,193,381,191,434,200,0.1,0.0,0.07,0.17,2.2,3.33,157,98,730,318,446,212,691,293,0.0,0.0,3.33
623,True,False,0.0,0.0,626844,0,0,-1,1,0,3,0.0,0.0,0,Milan,0.0,546,False,has joined Cracovia on loan for the rest of the season.,2025-09-08T09:11:30.805435Z,49,626844.jpg,0.0,False,Aleksić,0.0,False,,u,17,56,0,295,0,3320,4,0.0,0.0,Aleksić,190.0,2024-08-30,2005-08-30,False,p626844,0,0,0,0,0,0,0,0,0,0,0,0,0,0.0,0.0,0.0,0.0,0,0,0,0,0,0.00,0.00,0.00,0.00,,,,,,,[],725,312,721,312,714,310,725,312,0.0,0.0,0.0,0.0,0.0,0.0,335,208,704,301,724,312,676,284,0.0,0.0,0.0
624,True,True,100.0,100.0,484420,0,0,-1,1,2,3,4.3,4.3,2,Enzo,4.3,547,False,,2025-09-13T21:30:08.349570Z,49,484420.jpg,3.8,False,Le Fée,0.7,False,,a,17,56,60,133273,4839,89559,812,0.9,12.2,E.Le Fée,73.0,2025-07-01,2000-02-03,False,p484420,1215,2,3,5,14,0,0,0,4,0,0,6,210,272.2,329.3,101.0,70.3,28,58,34,120,14,2.22,1.62,3.84,17.75,3.0,,2.0,,2.0,,"[{'property': 'suspension_risk', 'notes': 'This player currently has four yellow cards in the Premier League and will face a one-match suspension should they receive another before Gameweek 20.', 'gameweek': None, 'url': None}]",98,31,26,25,155,90,52,37,0.16,0.0,0.12,0.28,1.31,1.04,327,202,44,19,88,39,211,76,1.04,0.37,8.89
625,True,True,100.0,100.0,461199,0,0,-1,1,0,3,0.5,0.5,1,Romaine,0.5,548,False,,2025-08-10T23:30:07.214806Z,49,461199.jpg,0.8,False,Mundle,0.0,False,,a,17,56,3,538,27,948,16,0.1,0.6,Mundle,241.0,2024-02-01,2003-04-24,False,p461199,78,0,0,0,0,0,0,0,1,0,0,0,8,5.6,5.5,17.0,2.6,2,5,0,7,0,0.11,0.22,0.33,1.48,,,3.0,,,,[],432,198,393,197,331,173,421,194,0.13,0.0,0.25,0.38,1.71,0.0,323,198,344,159,457,217,716,310,0.0,0.0,8.08
626,True,True,,,223336,0,0,-2,2,0,3,0.0,0.0,0,Dan,0.0,549,False,,,48,223336.jpg,1.0,False,Neil,0.0,False,,a,17,56,2,1555,13,3766,22,0.0,0.4,Neil,241.0,2018-11-01,2001-12-13,False,p223336,2,0,0,0,0,0,0,0,0,0,0,0,7,2.0,0.0,0.0,0.2,2,0,0,2,0,0.00,0.00,0.00,0.20,,,,,,,[],442,204,701,299,688,296,452,208,0.0,0.0,0.0,0.0,9.0,0.0,349,218,677,284,433,202,625,251,0.0,0.0,90.0
627,True,True,,,215460,0,0,-2,2,0,3,0.0,0.0,0,Ian,0.0,550,False,,,48,215460.jpg,0.0,False,Poveda-Ocampo,0.0,False,,a,17,56,0,732,7,2297,14,0.0,0.0,Poveda,48.0,2024-07-24,2000-02-09,False,p215460,0,0,0,0,0,0,0,0,0,0,0,0,0,0.0,0.0,0.0,0.0,0,0,0,0,0,0.00,0.00,0.00,0.00,,,,,,,[],705,299,699,298,685,295,705,299,0.0,0.0,0.0,0.0,0.0,0.0,346,217,676,283,705,299,644,264,0.0,0.0,0.0
628,True,True,,,554197,0,0,-3,3,0,3,0.5,0.5,3,Chris,0.5,551,False,,,47,554197.jpg,1.6,False,Rigg,0.0,False,,a,17,56,11,3938,70,7153,26,0.1,2.3,Rigg,241.0,2022-12-31,2007-06-18,False,p554197,249,0,0,2,0,0,0,0,0,0,0,0,30,9.0,27.3,17.0,5.4,3,10,5,18,4,0.31,0.07,0.38,1.86,,,,,,,[],420,190,322,176,330,172,389,182,0.11,0.0,0.03,0.14,0.67,0.0,380,236,342,158,338,154,583,219,1.45,0.72,6.51
629,True,True,0.0,0.0,577669,0,0,0,0,0,3,0.0,0.0,0,Noah,1.8,552,False,On international duty at the Africa Cup of Nations from Gameweek 17 onwards. - Unknown return date,2025-12-13T14:30:11.905086Z,50,577669.jpg,2.3,False,Sadiki,0.1,False,,n,17,56,37,7804,2,9379,112,0.4,7.4,Sadiki,50.0,2025-07-04,2004-12-17,False,p577669,1414,0,0,5,17,0,0,0,4,0,0,0,190,159.4,155.6,37.0,35.3,50,48,20,118,16,0.24,0.75,0.99,20.09,,,,,,,"[{'property': 'suspension_risk', 'notes': 'This player currently has four yellow cards in the Premier League and will face a one-match suspension should they receive another before Gameweek 20.', 'gameweek': None, 'url': None}]",203,85,105,77,278,147,207,106,0.02,0.0,0.05,0.07,1.28,1.08,279,173,206,93,249,111,563,207,1.02,0.32,7.51
630,True,True,0.0,0.0,549912,0,0,0,0,0,3,0.0,0.0,0,Chemsdine,2.8,553,False,On international duty at the Africa Cup of Nations from Gameweek 17 onwards. - Unknown return date,2025-12-13T14:30:11.920590Z,50,549912.jpg,3.2,False,Talbi,0.2,False,,n,17,56,51,55465,13,62977,491,0.6,10.2,Talbi,145.0,2025-07-09,2005-05-09,False,p549912,881,2,2,5,8,0,0,0,0,0,0,5,148,128.4,126.7,123.0,37.3,11,35,7,53,9,1.19,0.49,1.67,13.55,,,,,,,[],232,102,137,97,121,72,192,97,0.12,0.0,0.05,0.17,1.38,0.82,275,170,127,58,150,67,385,128,0.92,0.51,5.41
631,True,True,,,477851,0,0,-2,2,0,3,0.0,0.0,0,Abdoullah,0.0,554,False,,,43,477851.jpg,0.0,False,Ba,0.4,False,,a,17,56,0,74293,194,60164,421,0.0,0.0,Ba,73.0,2022-08-31,2003-07-31,False,p477851,0,0,0,0,0,0,0,0,0,0,0,0,0,0.0,0.0,0.0,0.0,0,0,0,0,0,0.00,0.00,0.00,0.00,,,,,,,[],582,210,573,210,548,205,583,211,0.0,0.0,0.0,0.0,0.0,0.0,566,324,543,193,590,219,264,91,0.0,0.0,0.0
632,True,False,0.0,0.0,171422,0,0,0,0,0,3,0.0,0.0,0,Alan,0.0,555,False,has joined Middlesbrough on loan for the rest of the season.,2025-09-02T13:31:41.354124Z,45,171422.jpg,0.0,False,Browne,0.0,False,,u,17,56,0,1291,0,9568,8,0.0,0.0,Browne,104.0,2024-07-11,1995-04-15,False,p171422,0,0,0,0,0,0,0,0,0,0,0,0,0,0.0,0.0,0.0,0.0,0,0,0,0,0,0.00,0.00,0.00,0.00,,,,,,,[],637,245,629,245,610,241,638,246,0.0,0.0,0.0,0.0,0.0,0.0,404,245,603,227,642,250,621,248,0.0,0.0,0.0
633,True,False,0.0,0.0,458297,0,0,0,0,0,3,0.0,0.0,0,Pierre,0.0,556,False,Has joined AS Saint-Etienne permanently.,2025-08-14T14:03:00.702056Z,45,458297.jpg,0.0,False,Ekwah Elimby,0.0,False,,u,17,56,0,0,0,1752,1,0.0,0.0,Ekwah,73.0,2023-01-23,2002-01-15,False,p458297,0,0,0,0,0,0,0,0,0,0,0,0,0,0.0,0.0,0.0,0.0,0,0,0,0,0,0.00,0.00,0.00,0.00,,,,,,,[],648,252,642,252,627,249,649,253,0.0,0.0,0.0,0.0,0.0,0.0,425,253,615,235,653,257,728,317,0.0,0.0,0.0
634,True,True,,,547410,0,0,-2,2,0,3,0.0,0.0,0,Harrison,0.0,557,False,,,43,547410.jpg,0.0,False,Jones,0.1,False,,a,17,56,0,5371,61,7747,40,0.0,0.0,H.Jones,241.0,2024-01-01,2004-12-25,False,p547410,0,0,0,0,0,0,0,0,0,0,0,0,0,0.0,0.0,0.0,0.0,0,0,0,0,0,0.00,0.00,0.00,0.00,,,,,,,[],594,218,586,218,562,213,595,219,0.0,0.0,0.0,0.0,0.0,0.0,588,333,555,200,601,226,539,193,0.0,0.0,0.0
635,True,True,,,493837,0,0,-2,2,0,3,0.0,0.0,0,Jay,0.0,558,False,,,43,493837.jpg,0.0,False,Matete,0.2,False,,a,17,56,0,25714,321,33315,176,0.0,0.0,Matete,241.0,2022-01-31,2001-02-11,False,p493837,0,0,0,0,0,0,0,0,0,0,0,0,0,0.0,0.0,0.0,0.0,0,0,0,0,0,0.00,0.00,0.00,0.00,,,,,,,[],585,212,576,212,551,207,586,213,0.0,0.0,0.0,0.0,0.0,0.0,572,327,546,195,593,221,354,118,0.0,0.0,0.0
636,True,False,0.0,0.0,500696,0,0,-1,1,0,3,0.0,0.0,0,Nectarios,0.0,559,False,has joined Minnesota United permanently.,2025-09-22T21:19:57.157510Z,44,500696.jpg,0.0,False,Triantis,0.0,False,,u,17,56,0,2951,0,8258,15,0.0,0.0,Triantis,13.0,2023-07-01,2003-05-11,False,p500696,0,0,0,0,0,0,0,0,0,0,0,0,0,0.0,0.0,0.0,0.0,0,0,0,0,0,0.00,0.00,0.00,0.00,,,,,,,[],614,230,607,231,585,225,615,231,0.0,0.0,0.0,0.0,0.0,0.0,520,306,580,212,621,237,617,244,0.0,0.0,0.0
637,True,True,,,437505,0,0,0,0,1,4,1.2,1.2,1,Wilson,1.2,560,False,,,55,437505.jpg,2.8,False,Isidor,2.5,False,,a,17,56,48,899720,4007,658562,7892,0.2,8.7,Isidor,73.0,2025-02-01,2000-08-27,False,p437505,916,4,0,4,13,0,0,0,1,0,0,7,160,154.2,21.7,304.0,47.8,12,14,7,33,11,3.26,0.05,3.31,14.20,,,,,,,[],213,17,339,39,28,13,130,16,0.32,0.0,0.0,0.32,1.4,1.28,144,34,271,32,200,21,116,20,1.08,0.39,3.24
638,True,True,,,564406,0,0,-3,3,0,4,0.2,0.2,0,Eliezer,0.2,561,False,,,52,564406.jpg,2.1,False,Mayenda Dossou,0.6,False,,a,17,56,17,258341,211,291828,432,0.0,3.3,Mayenda,200.0,2023-07-28,2005-05-08,False,p564406,261,1,0,2,1,0,0,0,0,0,0,2,58,48.2,24.6,52.0,12.3,2,4,1,7,3,0.47,0.06,0.53,3.45,,,,,3.0,,[],342,35,333,38,250,41,341,40,0.16,0.0,0.02,0.18,1.19,0.34,223,47,398,45,278,26,243,39,1.03,0.69,2.41
639,True,True,,,611975,0,0,-2,2,0,4,0.0,0.0,0,Ahmed,0.0,562,False,,,43,611975.jpg,0.0,False,Abdullahi,0.4,False,,a,17,56,0,40220,243,68717,382,0.0,0.0,Abdullahi,157.0,2024-08-31,2004-06-19,False,p611975,0,0,0,0,0,0,0,0,0,0,0,0,0,0.0,0.0,0.0,0.0,0,0,0,0,0,0.00,0.00,0.00,0.00,,,,,,,[],600,61,592,60,569,60,601,61,0.0,0.0,0.0,0.0,0.0,0.0,598,82,562,53,606,61,279,43,0.0,0.0,0.0
640,True,False,0.0,0.0,551153,0,0,-1,1,0,4,0.0,0.0,0,Luís Hemir,0.0,563,False,has joined Moreirense on loan for the rest of the season.,2025-09-22T21:17:57.534387Z,44,551153.jpg,0.0,False,Silva Semedo,0.1,False,,u,17,56,0,5979,0,19575,26,0.0,0.0,Luís Hemir,173.0,2023-07-01,2003-08-11,False,p551153,0,0,0,0,0,0,0,0,0,0,0,0,0,0.0,0.0,0.0,0.0,0,0,0,0,0,0.00,0.00,0.00,0.00,,,,,,,[],621,66,614,65,592,65,622,66,0.0,0.0,0.0,0.0,0.0,0.0,528,72,587,58,628,66,475,67,0.0,0.0,0.0
641,True,False,0.0,0.0,440955,0,0,-1,1,0,4,0.0,0.0,0,Nazarii,0.0,564,False,has joined Arka on loan for the rest of the season.,2025-09-05T08:56:38.449926Z,44,440955.jpg,0.0,False,Rusyn,0.1,False,,u,17,56,0,3530,0,19483,26,0.0,0.0,Rusyn,225.0,2023-09-01,1998-10-25,False,p440955,0,0,0,0,0,0,0,0,0,0,0,0,0,0.0,0.0,0.0,0.0,0,0,0,0,0,0.00,0.00,0.00,0.00,,,,,,,[],609,63,602,62,579,62,610,63,0.0,0.0,0.0,0.0,0.0,0.0,510,69,574,55,616,63,477,68,0.0,0.0,0.0
642,True,True,,,84450,0,0,2,-2,0,3,3.5,3.5,5,Granit,3.5,668,False,,,52,84450.jpg,4.3,False,Xhaka,6.5,False,,a,17,56,73,1053805,16512,634001,3544,0.7,14.0,Xhaka,207.0,2025-07-30,1992-09-27,False,p84450,1512,1,4,6,17,0,0,0,4,0,0,4,329,429.4,324.7,66.0,81.9,87,72,30,189,17,0.53,1.59,2.12,21.96,1.0,,1.0,,,,"[{'property': 'suspension_risk', 'notes': 'This player currently has four yellow cards in the Premier League and will face a one-match suspension should they receive another before Gameweek 20.', 'gameweek': None, 'url': None}]",11,3,28,27,217,120,29,22,0.03,0.0,0.09,0.12,1.31,1.01,208,128,92,42,61,25,66,23,1.01,0.36,11.25
643,True,True,,,498016,0,0,3,-3,3,1,4.0,4.0,7,Robin,4.0,670,True,,,48,498016.jpg,4.7,False,Roefs,9.2,False,,a,17,56,80,1367930,19546,391557,1519,0.8,16.7,Roefs,152.0,2025-08-01,2003-01-17,False,p498016,1530,0,0,6,17,0,1,0,2,0,59,9,334,471.8,40.0,0.0,51.1,15,175,0,0,17,0.00,0.03,0.03,22.52,,,,,,,[],6,1,292,2,693,76,113,1,0.0,3.47,0.0,0.0,1.32,1.0,362,16,58,6,36,2,46,6,1.0,0.35,0.0
644,True,True,0.0,0.0,105717,0,0,-1,1,0,2,0.0,0.0,0,Arthur,0.0,678,False,On international duty at the Africa Cup of Nations from Gameweek 17 onwards. - Unknown return date,2025-12-13T14:30:12.161495Z,39,105717.jpg,0.3,False,Masuaku,0.6,False,,n,17,56,1,52126,5,67031,645,0.0,0.3,Masuaku,50.0,2025-08-10,1993-11-07,False,p105717,125,0,0,0,2,0,0,0,1,0,0,0,4,21.8,20.1,7.0,4.9,6,3,4,10,2,0.07,0.08,0.15,2.09,,,,,,,[],393,147,342,118,363,130,396,139,0.05,0.0,0.06,0.11,1.5,1.44,697,203,429,161,462,159,234,85,1.44,0.0,7.2
645,True,True,100.0,100.0,201895,0,0,0,0,1,2,3.0,3.0,6,Omar,3.0,683,False,,2025-10-23T13:30:08.702646Z,40,201895.jpg,4.8,False,Alderete,4.8,False,,a,17,56,63,1038017,15658,601617,918,0.8,15.8,Alderete,168.0,2025-08-12,1996-12-26,False,p201895,1117,1,1,5,12,0,0,0,2,0,0,5,209,337.2,58.5,168.0,56.5,104,37,14,118,12,0.93,0.58,1.51,16.36,,,,,,,[],50,23,249,73,81,8,91,23,0.07,0.0,0.05,0.12,1.32,0.97,633,163,116,43,26,12,79,26,0.97,0.4,9.51
646,True,True,,,200834,0,0,2,-2,2,2,3.2,3.2,6,Nordi,3.2,694,False,,,42,200834.jpg,4.7,False,Mukiele,6.4,False,,a,17,56,70,1078702,17601,347290,1292,0.8,16.7,Mukiele,73.0,2025-08-17,1997-11-01,False,p200834,1350,1,2,5,15,1,0,0,3,0,0,5,233,329.4,123.9,80.0,53.3,108,60,39,147,15,0.59,1.14,1.73,20.96,,,,,,,[],57,27,142,34,187,39,102,29,0.04,0.0,0.08,0.12,1.4,1.0,606,147,102,39,35,17,67,23,1.0,0.33,9.8
647,True,True,,,247955,0,0,0,0,0,2,1.8,1.8,6,Lutsharel,1.8,724,False,,,45,247955.jpg,1.6,False,Geertruida,0.0,False,,a,17,56,21,4747,98,3074,17,0.4,4.7,Geertruida,152.0,2025-09-01,2000-07-18,False,p247955,622,0,0,1,9,0,0,0,0,0,0,0,99,116.4,43.9,28.0,18.9,29,31,15,44,6,0.33,0.35,0.68,12.32,,,,,,,[],243,95,282,89,297,95,304,102,0.05,0.0,0.05,0.1,1.78,1.3,415,84,199,71,336,123,615,217,0.87,0.14,6.37
648,True,True,,,441264,0,0,0,0,0,4,2.2,2.2,2,Brian,2.2,730,False,,,55,441264.jpg,2.2,False,Brobbey,0.3,False,,a,17,56,26,57800,1351,27297,873,0.4,4.7,Brobbey,152.0,2025-09-01,2002-02-01,False,p441264,394,2,1,3,3,0,0,0,1,0,0,1,104,102.2,17.9,96.0,21.4,5,15,4,24,3,0.65,0.09,0.74,6.81,,,,,,,[],263,23,346,42,163,37,285,35,0.15,0.0,0.02,0.17,1.56,0.69,145,35,186,22,266,25,312,51,0.69,0.69,5.48
649,True,True,0.0,0.0,110504,0,0,0,0,0,3,0.0,0.0,0,Bertrand,2.5,735,False,On international duty at the Africa Cup of Nations from Gameweek 17 onwards. - Unknown return date,2025-12-13T14:30:12.251523Z,55,110504.jpg,2.8,False,Traoré,0.0,False,,n,17,56,28,13237,6,10313,234,0.5,5.1,Traoré,35.0,2025-09-01,1995-09-06,False,p110504,607,1,1,3,9,0,0,0,1,0,0,1,114,115.6,108.1,135.0,35.9,11,18,11,40,9,0.48,0.25,0.73,8.99,,,,,,,[],244,107,161,111,106,65,200,101,0.07,0.0,0.04,0.11,1.33,1.33,135,85,147,67,199,88,576,214,1.33,0.44,5.93
650,True,True,,,184254,0,0,-1,1,0,1,2.2,1.7,1,Guglielmo,2.2,565,False,,,49,184254.jpg,3.5,False,Vicario,7.3,False,,a,18,6,60,1258934,590,1109398,7400,0.4,12.2,Vicario,106.0,2023-07-01,1996-10-07,False,p184254,1530,0,0,5,23,0,0,0,0,0,49,5,269,409.2,0.1,0.0,41.0,24,136,0,0,17,0.00,0.01,0.01,22.68,,,,,,,[],14,4,437,14,700,78,173,5,0.0,2.88,0.0,0.0,1.33,1.35,295,11,181,14,113,12,57,9,1.0,0.29,0.0
651,True,True,,,214572,0,0,-1,1,0,1,0.0,-0.5,0,Brandon,0.0,566,False,,,39,214572.jpg,0.0,False,Austin,0.3,False,,a,18,6,0,18414,79,19211,93,0.0,0.0,Austin,241.0,2017-07-22,1999-01-08,False,p214572,0,0,0,0,0,0,0,0,0,0,0,0,0,0.0,0.0,0.0,0.0,0,0,0,0,0,0.00,0.00,0.00,0.00,,,,,,,[],485,42,470,29,436,14,484,42,0.0,0.0,0.0,0.0,0.0,0.0,704,75,435,37,492,42,306,42,0.0,0.0,0.0
652,True,True,,,485055,0,0,-1,1,0,1,0.0,-0.5,0,Antonín,0.0,567,False,,,39,485055.jpg,0.0,False,Kinský,1.8,False,,a,18,6,0,115769,292,142566,596,0.0,0.0,Kinsky,57.0,2025-01-05,2003-03-13,False,p485055,0,0,0,0,0,0,0,0,0,0,0,0,0,0.0,0.0,0.0,0.0,0,0,0,0,0,0.00,0.00,0.00,0.00,,,,,,,[],495,48,481,35,447,20,495,48,0.0,0.0,0.0,0.0,0.0,0.0,721,81,446,43,503,48,139,19,0.0,0.0,0.0
653,True,True,,,441164,0,0,-2,2,1,2,1.3,0.8,1,Pedro,1.3,568,False,,,53,441164.jpg,3.2,False,Porro Sauceda,13.1,False,,a,18,6,54,1295045,1597,2363785,11136,0.2,10.2,Pedro Porro,200.0,2023-07-01,1999-09-13,False,p441164,1325,0,2,5,17,0,0,0,4,0,0,2,239,291.0,338.2,55.0,68.6,72,61,27,99,15,0.25,1.95,2.20,18.17,3.0,,2.0,,,,"[{'property': 'suspension_risk', 'notes': 'This player currently has four yellow cards in the Premier League and will face a one-match suspension should they receive another before Gameweek 20.', 'gameweek': None, 'url': None}]",85,38,23,1,243,71,60,11,0.02,0.0,0.13,0.15,1.23,1.15,198,29,256,87,151,57,29,9,1.02,0.34,6.72
654,True,True,0.0,100.0,221632,0,0,0,0,2,2,0.0,3.7,0,Cristian,4.2,569,False,Suspended until 01 Jan,2025-12-20T23:00:11.705207Z,50,221632.jpg,4.2,False,Romero,4.2,False,,s,18,6,59,833598,1869,866728,13228,0.8,11.8,Romero,10.0,2022-08-30,1998-04-27,False,p221632,1187,2,1,4,17,0,0,0,7,1,0,7,207,351.2,52.7,117.0,52.0,87,50,33,120,13,0.76,0.29,1.05,17.80,,,,,,,[],37,17,260,79,133,22,108,34,0.06,0.0,0.02,0.08,1.35,1.29,251,39,52,21,67,27,90,31,0.99,0.3,9.1
655,True,True,,,135720,0,0,-2,2,0,2,1.2,0.7,0,Kevin,1.2,570,False,,,43,135720.jpg,1.7,False,Danso,0.1,False,,a,18,6,19,14249,53,25586,103,0.3,4.4,Danso,14.0,2025-07-01,1998-09-19,False,p135720,491,0,0,1,10,0,0,0,3,0,0,1,83,141.8,6.8,8.0,15.7,61,21,8,69,6,0.03,0.09,0.12,7.99,,,,,,,[],224,89,389,138,355,126,320,110,0.01,0.0,0.02,0.03,1.46,1.83,549,126,262,89,319,115,413,156,1.1,0.18,12.65
656,True,True,100.0,100.0,115556,0,0,-2,2,0,2,0.2,-0.3,0,Ben,0.2,571,False,,2025-10-14T13:00:06.756853Z,43,115556.jpg,1.0,False,Davies,0.1,False,,a,18,6,1,2930,20,9731,21,0.0,0.2,Davies,244.0,2014-07-23,1993-04-24,False,p115556,31,0,0,0,1,0,0,0,0,0,0,0,4,11.2,1.0,0.0,1.2,4,2,3,7,0,0.00,0.00,0.00,0.30,,,,,,,[],415,155,417,155,542,226,437,157,0.0,0.0,0.0,0.0,0.87,2.9,548,125,374,135,411,151,516,188,0.0,0.0,20.32
657,True,True,100.0,75.0,493125,0,0,0,0,0,2,0.0,-0.4,0,Radu,0.0,572,False,,2025-07-21T10:00:05.088977Z,45,493125.jpg,0.0,False,Drăgușin,0.0,False,,a,18,6,0,520,10,700,8,0.0,0.0,Dragusin,177.0,2024-01-11,2002-02-03,False,p493125,0,0,0,0,0,0,0,0,0,0,0,0,0,0.0,0.0,0.0,0.0,0,0,0,0,0,0.00,0.00,0.00,0.00,,,,,,,[],656,243,650,243,635,241,657,243,0.0,0.0,0.0,0.0,0.0,0.0,434,89,623,237,661,243,729,246,0.0,0.0,0.0
658,True,True,,,232859,0,0,-2,2,0,2,1.2,0.7,1,Djed,1.2,573,False,,,43,232859.jpg,2.7,False,Spence,1.1,False,,a,18,6,38,266264,775,298598,904,0.3,8.8,Spence,241.0,2022-07-19,2000-08-09,False,p232859,1073,0,0,5,15,0,0,0,2,0,0,0,137,130.2,88.5,73.0,29.0,35,46,18,53,13,0.59,0.54,1.13,16.38,,,,,,,[],228,90,187,48,196,45,244,80,0.05,0.0,0.05,0.1,1.37,1.26,558,132,264,91,208,77,173,71,1.09,0.42,4.45
659,True,True,0.0,0.0,487053,0,0,-1,1,0,2,0.0,0.0,0,Destiny,0.2,574,False,Hamstring injury - Expected back 17 Jan,2025-12-08T10:30:09.923022Z,44,487053.jpg,1.3,False,Udogie,0.3,False,,i,18,6,13,46149,5,104972,362,0.0,3.0,Udogie,106.0,2022-08-16,2002-11-28,False,p487053,605,0,1,0,13,0,0,0,1,0,0,0,58,119.0,98.3,57.0,27.4,18,38,12,30,6,0.10,0.32,0.42,10.36,,,,,,,[],240,94,175,43,238,69,252,84,0.01,0.0,0.05,0.06,1.54,1.93,516,119,382,138,383,137,297,110,0.89,0.0,4.46
660,True,True,,,491279,0,0,1,-1,2,2,1.2,0.7,0,Micky,1.2,575,False,,,46,491279.jpg,4.1,False,van de Ven,27.5,False,,a,18,6,65,2733763,5863,2572929,30253,0.3,14.1,Van de Ven,152.0,2023-08-08,2001-04-19,False,p491279,1429,3,0,5,21,0,0,0,4,0,0,5,236,316.4,58.5,133.0,50.8,76,57,17,93,16,1.99,0.29,2.28,20.64,,,,,,,"[{'property': 'suspension_risk', 'notes': 'This player currently has four yellow cards in the Premier League and will face a one-match suspension should they receive another before Gameweek 20.', 'gameweek': None, 'url': None}]",67,29,250,74,111,15,115,38,0.13,0.0,0.02,0.15,1.3,1.32,389,72,267,94,73,31,11,3,1.01,0.31,5.86
661,True,False,0.0,0.0,548308,0,0,0,0,0,2,0.0,0.0,0,Ashley,0.0,576,False,Has joined Stoke City on loan for the rest of the season.,2025-07-25T14:55:41.438809Z,40,548308.jpg,0.0,False,Phillips,0.0,False,,u,18,6,0,0,0,1913,3,0.0,0.0,Phillips,241.0,2023-08-05,2005-06-26,False,p548308,0,0,0,0,0,0,0,0,0,0,0,0,0,0.0,0.0,0.0,0.0,0,0,0,0,0,0.00,0.00,0.00,0.00,,,,,,,[],551,213,539,213,507,203,551,213,0.0,0.0,0.0,0.0,0.0,0.0,667,183,504,198,559,212,694,238,0.0,0.0,0.0
662,True,True,75.0,75.0,553299,0,0,0,0,0,2,0.0,-0.4,0,Takai,0.0,577,False,Lack of match fitness - 75% chance of playing,2025-08-10T23:30:07.262578Z,40,553299.jpg,0.0,False,Kōta,0.0,False,,d,18,6,0,769,8,8260,23,0.0,0.0,Takai,108.0,2025-07-08,2004-09-04,False,p553299,0,0,0,0,0,0,0,0,0,0,0,0,0,0.0,0.0,0.0,0.0,0,0,0,0,0,0.00,0.00,0.00,0.00,,,,,,,[],553,214,541,214,509,204,553,214,0.0,0.0,0.0,0.0,0.0,0.0,669,184,506,199,561,213,572,207,0.0,0.0,0.0
663,True,False,0.0,0.0,610799,0,0,-1,1,0,2,0.0,0.0,0,Luka,0.0,578,False,has joined Hamburger SV on loan for the rest of the season.,2025-09-02T13:17:42.706711Z,39,610799.jpg,0.0,False,Vušković,0.3,False,,u,18,6,0,7334,0,88288,129,0.0,0.0,Vuskovic,97.0,2025-06-01,2007-02-24,False,p610799,0,0,0,0,0,0,0,0,0,0,0,0,0,0.0,0.0,0.0,0.0,0,0,0,0,0,0.00,0.00,0.00,0.00,,,,,,,[],513,194,499,194,465,182,513,194,0.0,0.0,0.0,0.0,0.0,0.0,740,227,465,178,521,193,292,108,0.0,0.0,0.0
664,True,False,0.0,0.0,85971,0,0,0,0,0,3,0.0,0.0,0,Son,0.0,579,False,Has joined Los Angeles FC permanently.,2025-08-11T01:22:33.649224Z,85,85971.jpg,0.0,False,Heung-min,0.1,False,,u,18,6,0,0,0,25161,10,0.0,0.0,Son,114.0,2015-08-28,1992-07-08,False,p85971,0,0,0,0,0,0,0,0,0,0,0,0,0,0.0,0.0,0.0,0.0,0,0,0,0,0,0.00,0.00,0.00,0.00,,,,,,,[],767,342,767,342,767,342,767,342,0.0,0.0,0.0,0.0,0.0,0.0,10,6,765,342,766,342,427,140,0.0,0.0,0.0
665,True,True,,,242898,0,0,-5,5,0,3,0.8,0.3,1,Brennan,0.8,580,False,,,65,242898.jpg,2.2,False,Johnson,2.5,False,,a,18,6,33,1088310,248,1252041,1084,0.1,5.1,Johnson,244.0,2023-09-01,2001-05-23,False,p242898,597,2,0,3,5,0,0,0,2,0,0,2,118,137.8,95.6,73.0,30.6,16,13,13,42,6,1.02,0.29,1.31,9.95,,,,,,,[],227,99,179,120,198,113,234,120,0.15,0.0,0.04,0.19,1.5,0.75,49,32,311,147,271,121,118,38,0.9,0.45,6.33
666,True,True,0.0,0.0,172780,0,0,-2,2,0,3,0.0,0.0,0,James,0.0,581,False,Anterior cruciate ligament - Unknown return date,2025-08-08T13:57:59.638052Z,68,172780.jpg,0.0,False,Maddison,0.1,False,,i,18,6,0,1261,6,22973,23,0.0,0.0,Maddison,241.0,2023-06-28,1996-11-23,False,p172780,0,0,0,0,0,0,0,0,0,0,0,0,0,0.0,0.0,0.0,0.0,0,0,0,0,0,0.00,0.00,0.00,0.00,,,,,,,[],764,339,764,339,764,339,764,339,0.0,0.0,0.0,0.0,0.0,0.0,44,27,759,339,763,339,430,143,0.0,0.0,0.0
667,True,True,100.0,100.0,460842,0,0,-1,1,2,3,3.8,3.3,1,Mohammed,3.8,582,False,,2025-11-05T15:30:08.650723Z,64,460842.jpg,4.2,False,Kudus,14.8,False,,a,18,6,68,3146641,6076,4425631,18888,0.6,10.6,Kudus,81.0,2025-07-10,2000-08-02,False,p460842,1343,2,6,5,20,0,0,0,3,0,0,7,240,318.0,397.3,259.0,97.4,5,83,27,115,16,1.69,2.37,4.06,20.65,2.0,,1.0,,,,[],63,17,14,14,40,25,20,16,0.11,0.0,0.16,0.27,1.38,1.34,64,41,77,33,69,30,25,9,1.07,0.34,7.71
668,True,True,0.0,0.0,445044,0,0,-1,1,0,3,0.0,0.0,0,Dejan,0.0,583,False,Knee injury - Unknown return date,2025-07-21T10:00:05.109205Z,64,445044.jpg,0.0,False,Kulusevski,0.0,False,,i,18,6,0,709,7,1795,10,0.0,0.0,Kulusevski,206.0,2023-07-01,2000-04-25,False,p445044,0,0,0,0,0,0,0,0,0,0,0,0,0,0.0,0.0,0.0,0.0,0,0,0,0,0,0.00,0.00,0.00,0.00,,,,,,,[],761,338,761,338,761,338,761,338,0.0,0.0,0.0,0.0,0.0,0.0,63,40,756,338,760,338,692,294,0.0,0.0,0.0
669,True,True,,,511499,0,0,-3,3,0,3,1.0,0.5,0,Mathys,1.0,584,False,,,62,511499.jpg,2.6,False,Tel,0.1,False,,a,18,6,29,17199,83,25228,117,0.2,4.7,Tel,73.0,2025-07-01,2005-04-27,False,p511499,274,2,1,1,4,0,0,0,0,0,0,2,85,78.4,25.7,61.0,16.6,2,13,5,20,3,0.47,0.33,0.80,3.25,4.0,,,,4.0,,[],300,134,330,179,229,127,313,151,0.15,0.0,0.11,0.26,1.07,1.31,82,53,295,138,222,98,452,149,0.99,0.33,6.57
670,True,True,,,202993,0,0,-2,2,1,3,2.3,1.8,3,Rodrigo,2.3,585,False,,,53,202993.jpg,3.1,False,Bentancur,0.2,False,,a,18,6,49,50818,188,50458,210,0.4,9.2,Bentancur,230.0,2022-01-31,1997-06-25,False,p202993,1052,1,1,3,18,0,0,0,4,0,0,3,201,209.6,144.3,64.0,42.0,53,73,27,153,13,0.41,0.62,1.03,16.87,,,,,,,"[{'property': 'suspension_risk', 'notes': 'This player currently has four yellow cards in the Premier League and will face a one-match suspension should they receive another before Gameweek 20.', 'gameweek': None, 'url': None}]",150,59,117,86,222,122,167,88,0.04,0.0,0.05,0.09,1.44,1.54,190,117,164,71,163,71,340,115,1.11,0.26,13.09
671,True,True,100.0,100.0,570526,0,0,-2,2,1,3,1.5,1.0,2,Lucas,1.5,586,False,,2025-11-01T22:00:08.633383Z,53,570526.jpg,2.5,False,Bergvall,0.2,False,,a,18,6,33,100248,155,103168,148,0.3,6.2,Bergvall,206.0,2024-07-01,2006-02-02,False,p570526,662,1,2,2,9,0,0,0,2,0,0,0,120,121.6,73.5,115.0,31.2,13,28,16,57,8,0.92,0.30,1.22,7.44,,,,,,,[],238,105,220,139,135,78,231,119,0.13,0.0,0.04,0.17,1.01,1.22,206,127,239,112,231,102,356,120,1.09,0.27,7.75
672,True,True,0.0,0.0,227127,0,0,-3,3,0,3,0.0,0.0,0,Yves,0.0,587,False,On international duty at the Africa Cup of Nations from Gameweek 17 onwards. - Unknown return date,2025-08-22T13:47:04.343594Z,52,227127.jpg,0.0,False,Bissouma,0.0,False,,n,18,6,0,1183,4,13565,15,0.0,0.0,Bissouma,132.0,2022-06-17,1996-08-30,False,p227127,0,0,0,0,0,0,0,0,0,0,0,0,0,0.0,0.0,0.0,0.0,0,0,0,0,0,0.00,0.00,0.00,0.00,,,,,,,[],740,323,739,323,733,321,740,323,0.0,0.0,0.0,0.0,0.0,0.0,211,130,723,314,739,323,604,233,0.0,0.0,0.0
673,True,True,100.0,100.0,550839,0,0,-2,2,0,3,1.0,0.5,1,Wilson,1.0,588,False,,2025-10-23T14:00:09.078476Z,53,550839.jpg,1.7,False,Odobert,0.0,False,,a,18,6,25,4021,23,6126,22,0.2,4.7,Odobert,73.0,2024-08-16,2004-11-28,False,p550839,509,0,1,0,9,0,0,0,0,0,0,3,83,70.0,112.1,99.0,28.1,8,21,4,33,4,0.79,0.63,1.42,6.34,,,,,,,[],312,139,156,110,158,92,247,125,0.14,0.0,0.11,0.25,1.12,1.59,205,126,288,134,328,150,609,237,0.71,0.0,5.83
674,True,False,0.0,0.0,235674,0,0,-1,1,0,3,0.0,0.0,0,Manor,0.0,589,False,has joined Villarreal CF on loan for the rest of the season.,2025-09-02T13:17:42.731308Z,54,235674.jpg,0.0,False,Solomon,0.0,False,,u,18,6,0,115,0,1456,1,0.0,0.0,Solomon,105.0,2023-07-11,1999-07-24,False,p235674,0,0,0,0,0,0,0,0,0,0,0,0,0,0.0,0.0,0.0,0.0,0,0,0,0,0,0.00,0.00,0.00,0.00,,,,,,,[],746,326,745,326,741,325,746,326,0.0,0.0,0.0,0.0,0.0,0.0,166,103,733,320,745,326,718,311,0.0,0.0,0.0
675,True,False,0.0,0.0,436234,0,0,-1,1,0,3,0.0,0.0,0,Bryan,0.0,590,False,has joined Girona permanently.,2025-09-22T09:26:56.310666Z,49,436234.jpg,0.0,False,Gil Salvatierra,0.0,False,,u,18,6,0,675,0,4355,5,0.0,0.0,Bryan,200.0,2021-07-26,2001-02-11,False,p436234,0,0,0,0,0,0,0,0,0,0,0,0,0,0.0,0.0,0.0,0.0,0,0,0,0,0,0.00,0.00,0.00,0.00,,,,,,,[],718,307,714,307,707,305,718,307,0.0,0.0,0.0,0.0,0.0,0.0,318,195,696,295,717,307,634,257,0.0,0.0,0.0
676,True,True,100.0,100.0,547701,0,0,-2,2,0,3,1.0,0.5,2,Archie,1.0,591,False,,2025-10-31T09:00:09.658347Z,48,547701.jpg,1.4,False,Gray,0.1,False,,a,18,6,10,6560,102,15666,40,0.2,2.1,Gray,241.0,2024-07-02,2006-03-12,False,p547701,351,0,0,2,6,0,0,0,2,0,0,0,47,32.0,31.8,26.0,9.0,20,17,3,40,5,0.07,0.09,0.16,4.14,,,,,,,[],377,167,310,172,303,161,365,171,0.02,0.0,0.02,0.04,1.06,1.54,364,227,282,130,372,169,473,160,1.28,0.51,10.26
677,True,False,0.0,0.0,499721,0,0,0,0,0,3,0.0,0.0,0,Mikey,0.0,592,False,Has joined Rangers on loan for the rest of the season.,2025-08-11T01:19:38.328172Z,50,499721.jpg,0.0,False,Moore,0.0,False,,u,18,6,0,0,0,671,1,0.0,0.0,Moore,241.0,2024-05-01,2007-08-11,False,p499721,0,0,0,0,0,0,0,0,0,0,0,0,0,0.0,0.0,0.0,0.0,0,0,0,0,0,0.00,0.00,0.00,0.00,,,,,,,[],735,320,733,320,725,318,735,320,0.0,0.0,0.0,0.0,0.0,0.0,270,165,715,309,734,320,742,326,0.0,0.0,0.0
678,True,True,0.0,0.0,482442,0,0,-4,4,0,3,0.0,0.0,0,Pape Matar,0.8,593,False,On international duty at the Africa Cup of Nations from Gameweek 17 onwards. - Unknown return date,2025-12-13T14:30:12.000738Z,46,482442.jpg,3.0,False,Sarr,1.0,False,,n,18,6,42,324299,109,528051,2248,0.2,9.1,P.M.Sarr,189.0,2021-08-27,2002-09-14,False,p482442,703,2,2,3,7,0,0,0,0,0,0,0,161,154.6,84.7,94.0,33.4,29,41,12,82,7,1.04,0.45,1.49,12.70,,,,,,,[],211,90,196,128,166,97,219,113,0.13,0.0,0.06,0.19,1.63,0.9,388,239,306,142,175,76,182,59,0.9,0.38,10.5
679,True,False,0.0,0.0,623095,0,0,0,0,0,3,0.0,0.0,0,Yang,0.0,594,False,Has joined Portsmouth on loan for the rest of the season.,2025-08-11T01:24:33.782871Z,45,623095.jpg,0.0,False,Min-hyeok,0.0,False,,u,18,6,0,0,0,2757,5,0.0,0.0,Min-hyeok,114.0,2025-01-01,2006-04-16,False,p623095,0,0,0,0,0,0,0,0,0,0,0,0,0,0.0,0.0,0.0,0.0,0,0,0,0,0,0.00,0.00,0.00,0.00,,,,,,,[],696,292,690,292,675,289,697,293,0.0,0.0,0.0,0.0,0.0,0.0,482,295,663,275,698,294,696,297,0.0,0.0,0.0
680,True,True,,,499726,0,0,-2,2,0,3,0.0,-0.5,0,Callum,0.0,595,False,,,43,499726.jpg,0.0,False,Olusesi,0.2,False,,a,18,6,0,17986,183,24005,102,0.0,0.0,Olusesi,241.0,2024-11-06,2007-03-11,False,p499726,0,0,0,0,0,0,0,0,0,0,0,0,0,0.0,0.0,0.0,0.0,0,0,0,0,0,0.00,0.00,0.00,0.00,,,,,,,[],587,214,578,214,553,209,588,215,0.0,0.0,0.0,0.0,0.0,0.0,576,329,547,196,594,222,367,124,0.0,0.0,0.0
681,True,True,0.0,0.0,154566,0,0,-3,3,0,4,0.0,0.0,0,Dominic,0.0,596,False,Ankle injury - Unknown return date,2025-09-12T16:30:09.183639Z,72,154566.jpg,1.0,False,Solanke-Mitchell,0.9,False,,i,18,6,2,29335,5,445820,146,0.0,0.3,Solanke,241.0,2024-08-10,1997-09-14,False,p154566,31,0,0,0,0,0,0,0,0,0,0,0,10,6.0,0.3,25.0,3.1,2,0,1,3,0,0.20,0.00,0.20,0.22,,,,,2.0,,[],428,47,431,54,309,46,416,48,0.58,0.0,0.0,0.58,0.64,0.0,30,12,762,82,452,54,196,29,0.0,0.0,8.71
682,True,True,,,212319,0,0,-1,1,1,4,3.5,3.0,4,Richarlison,3.5,597,False,,,64,212319.jpg,3.8,False,de Andrade,7.9,False,,a,18,6,65,2785778,8713,2557742,12282,0.5,10.2,Richarlison,30.0,2022-07-01,1997-05-10,False,p212319,983,7,2,3,17,0,0,0,4,0,0,9,289,318.4,103.4,353.0,77.5,29,29,12,70,10,3.59,0.70,4.29,14.96,,,,,3.0,,"[{'property': 'suspension_risk', 'notes': 'This player currently has four yellow cards in the Premier League and will face a one-match suspension should they receive another before Gameweek 20.', 'gameweek': None, 'url': None}]",62,7,168,14,17,9,37,7,0.33,0.0,0.06,0.39,1.37,1.56,61,22,96,9,95,8,52,9,0.92,0.27,6.41
683,True,False,0.0,0.0,552427,0,0,0,0,0,4,0.0,0.0,0,Will,0.0,598,False,Has joined Oxford United on loan for the rest of the season.,2025-08-11T01:18:54.659436Z,45,552427.jpg,0.0,False,Lankshear,0.0,False,,u,18,6,0,0,0,4983,4,0.0,0.0,Lankshear,241.0,2022-12-08,2005-04-20,False,p552427,0,0,0,0,0,0,0,0,0,0,0,0,0,0.0,0.0,0.0,0.0,0,0,0,0,0,0.00,0.00,0.00,0.00,,,,,,,[],668,70,662,69,647,69,669,70,0.0,0.0,0.0,0.0,0.0,0.0,451,61,635,62,673,70,647,80,0.0,0.0,0.0
684,True,True,,,490145,0,0,-2,2,0,4,0.0,-0.5,0,Dane,0.0,599,False,,,43,490145.jpg,0.0,False,Scarlett,0.6,False,,a,18,6,0,52493,240,91994,442,0.0,0.0,Scarlett,241.0,2020-08-21,2004-03-24,False,p490145,0,0,0,0,0,0,0,0,0,0,0,0,0,0.0,0.0,0.0,0.0,0,0,0,0,0,0.00,0.00,0.00,0.00,,,,,,,[],583,58,574,57,549,57,584,58,0.0,0.0,0.0,0.0,0.0,0.0,569,77,544,49,591,58,232,36,0.0,0.0,0.0
685,True,True,,,154296,0,0,0,0,0,3,2.5,2.0,4,João Maria,2.5,673,False,,,55,154296.jpg,4.1,False,Lobo Alves Palhares Costa Palhinha Gonçalves,1.1,False,,a,18,6,66,340678,727,287873,1686,0.5,12.0,J.Palhinha,173.0,2025-08-03,1995-07-09,False,p154296,1085,2,3,3,16,0,0,0,3,0,0,9,270,310.2,65.8,103.0,48.1,40,43,65,148,12,0.75,0.39,1.14,16.44,,,,,,,[],71,21,236,145,151,89,128,69,0.06,0.0,0.03,0.09,1.36,1.33,137,86,148,68,77,33,175,57,1.0,0.25,12.28
686,True,True,0.0,,493362,0,0,-5,5,1,3,0.0,2.7,-2,Xavi,3.2,717,False,Suspended until 07 Jan,2025-12-20T23:00:11.931727Z,65,493362.jpg,2.8,False,Simons,1.3,False,,s,18,6,39,723020,907,623715,6950,0.5,6.0,Xavi,152.0,2025-08-29,2003-04-21,False,p493362,830,1,2,3,14,0,0,0,2,1,0,3,153,154.4,160.3,97.0,41.2,13,47,21,81,9,0.82,1.41,2.23,12.39,5.0,,,,,,[],212,91,99,72,160,93,171,91,0.09,0.0,0.15,0.24,1.34,1.52,56,37,112,50,202,90,162,53,0.98,0.33,8.78
687,True,True,100.0,100.0,247693,0,0,-1,1,0,4,1.7,1.2,2,Randal,1.7,726,False,,2025-11-14T12:00:08.068318Z,69,247693.jpg,1.6,False,Kolo Muani,0.4,False,,a,18,6,16,93212,628,76322,868,0.2,2.3,Kolo Muani,73.0,2025-09-01,1998-12-05,False,p247693,610,0,0,2,11,0,0,0,1,0,0,0,38,44.4,82.8,117.0,23.7,7,18,11,36,8,1.18,0.27,1.45,9.07,,,,,,,[],349,37,203,20,134,35,272,31,0.17,0.0,0.04,0.21,1.34,1.62,42,17,227,26,347,38,286,45,1.18,0.3,5.31
688,True,True,,,640419,0,0,0,0,0,2,0.0,-0.5,0,Jun'ai,0.0,745,False,,,40,640419.jpg,0.0,False,Byfield,0.0,False,,a,18,6,0,970,21,830,17,0.0,0.0,Byfield,241.0,2025-07-25,2008-12-06,False,p640419,0,0,0,0,0,0,0,0,0,0,0,0,0,0.0,0.0,0.0,0.0,0,0,0,0,0,0.00,0.00,0.00,0.00,,,,,,,[],569,228,557,228,525,218,569,228,0.0,0.0,0.0,0.0,0.0,0.0,687,200,522,213,577,227,650,223,0.0,0.0,0.0
689,True,True,,,499716,0,0,0,0,0,2,0.0,-0.5,0,James,0.0,750,False,,,40,499716.jpg,0.0,False,Rowswell,0.0,False,,a,18,6,0,624,15,434,14,0.0,0.0,Rowswell,241.0,2025-07-25,2006-07-13,False,p499716,0,0,0,0,0,0,0,0,0,0,0,0,0,0.0,0.0,0.0,0.0,0,0,0,0,0,0.00,0.00,0.00,0.00,,,,,,,[],545,208,533,208,500,197,545,208,0.0,0.0,0.0,0.0,0.0,0.0,659,176,497,192,553,207,683,234,0.0,0.0,0.0
690,True,True,,,590035,0,0,0,0,0,3,0.0,-0.5,0,Yusuf,0.0,751,False,,,45,590035.jpg,0.0,False,Akhamrich,0.0,False,,a,18,6,0,424,17,219,10,0.0,0.0,Akhamrich,145.0,2025-07-25,2005-09-05,False,p590035,0,0,0,0,0,0,0,0,0,0,0,0,0,0.0,0.0,0.0,0.0,0,0,0,0,0,0.00,0.00,0.00,0.00,,,,,,,[],686,283,680,283,665,280,687,284,0.0,0.0,0.0,0.0,0.0,0.0,470,286,653,266,690,287,737,323,0.0,0.0,0.0
691,True,True,100.0,100.0,223434,0,0,0,0,0,2,0.5,0.0,0,Igor Julio,0.5,149,False,,2025-12-04T11:00:09.631277Z,45,223434.jpg,1.5,False,dos Santos de Paulo,0.1,False,,a,19,21,6,5899,57,7230,49,0.1,1.3,Igor,30.0,2025-09-01,1998-02-07,False,p223434,103,0,0,0,3,0,0,0,0,0,0,0,10,25.8,10.6,0.0,3.6,13,3,0,13,1,0.00,0.00,0.00,4.66,,,,,,,"[{'property': 'loan_ineligible', 'notes': 'This player will not be available to face their parent club in Gameweek 19 as part of their loan conditions.', 'gameweek': 19, 'url': None}]",388,144,368,131,617,238,411,148,0.0,0.0,0.0,0.0,4.07,2.62,411,81,338,121,355,129,519,189,0.87,0.0,11.36
692,True,True,,,84182,0,0,-2,2,0,1,3.3,2.8,2,Alphonse,3.3,600,False,,,43,84182.jpg,2.7,False,Areola,2.2,False,,a,19,21,35,102683,1475,357081,865,0.8,8.1,Areola,73.0,2022-07-01,1993-02-27,False,p84182,1170,0,1,0,24,0,0,0,0,0,51,2,157,401.0,10.0,0.0,41.0,20,92,0,0,13,0.00,0.00,0.00,22.68,,,,,,,[],17,6,374,6,540,58,172,4,0.0,3.92,0.0,0.0,1.74,1.85,543,27,98,9,207,19,127,16,1.0,0.0,0.0
693,True,False,0.0,0.0,82143,0,0,0,0,0,1,0.0,0.0,0,Wes,0.0,601,False,has joined Aris Limassol permanently.,2025-09-11T13:43:36.667461Z,40,82143.jpg,0.0,False,Foderingham,0.3,False,,u,19,21,0,3874,0,38985,106,0.0,0.0,Foderingham,241.0,2024-07-01,1991-01-14,False,p82143,0,0,0,0,0,0,0,0,0,0,0,0,0,0.0,0.0,0.0,0.0,0,0,0,0,0,0.00,0.00,0.00,0.00,,,,,,,[],517,58,504,46,470,31,517,58,0.0,0.0,0.0,0.0,0.0,0.0,625,42,469,53,525,58,329,46,0.0,0.0,0.0
694,True,True,,,483364,0,0,-1,1,0,1,0.0,-0.5,0,Krisztián,0.0,602,False,,,39,483364.jpg,0.0,False,Hegyi,0.2,False,,a,19,21,0,9036,109,12970,78,0.0,0.0,Hegyi,98.0,2022-08-24,2002-09-24,False,p483364,0,0,0,0,0,0,0,0,0,0,0,0,0,0.0,0.0,0.0,0.0,0,0,0,0,0,0.00,0.00,0.00,0.00,,,,,,,[],494,47,480,34,446,19,494,47,0.0,0.0,0.0,0.0,0.0,0.0,720,80,445,42,502,47,335,48,0.0,0.0,0.0
695,True,True,0.0,0.0,613804,0,0,-4,4,0,2,0.0,0.0,0,El Hadji Malick,2.2,603,False,On international duty at the Africa Cup of Nations from Gameweek 17 onwards. - Unknown return date,2025-12-13T14:30:12.025609Z,41,613804.jpg,2.8,False,Diouf,1.7,False,,n,19,21,44,214757,19,803862,4002,0.5,10.7,Diouf,189.0,2025-07-15,2004-12-28,False,p613804,1387,0,4,2,30,0,0,0,3,0,0,1,112,267.4,158.3,64.0,49.0,90,54,19,109,15,0.39,0.82,1.21,24.01,,,,,,,[],104,47,103,25,220,59,123,42,0.03,0.0,0.05,0.08,1.56,1.95,621,158,175,64,191,71,143,57,0.97,0.13,7.07
696,True,False,0.0,0.0,109533,0,0,-1,1,0,2,0.0,0.0,0,Emerson,0.0,604,False,has joined Marseille permanently.,2025-09-02T13:30:06.113081Z,44,109533.jpg,0.0,False,Palmieri dos Santos,0.1,False,,u,19,21,0,1719,0,20364,18,0.0,0.0,Emerson,106.0,2022-08-23,1994-08-03,False,p109533,0,0,0,0,0,0,0,0,0,0,0,0,0,0.0,0.0,0.0,0.0,0,0,0,0,0,0.00,0.00,0.00,0.00,,,,,,,[],603,234,595,234,572,229,604,234,0.0,0.0,0.0,0.0,0.0,0.0,493,102,566,225,609,233,556,202,0.0,0.0,0.0
697,True,True,,,214048,0,0,-3,3,0,2,1.5,1.0,1,Maximilian,1.5,605,False,,,42,214048.jpg,1.9,False,Kilman,0.2,False,,a,19,21,29,18267,153,36437,61,0.4,6.9,Kilman,241.0,2024-07-05,1997-05-23,False,p214048,1263,0,0,1,29,0,0,0,3,0,0,0,67,315.0,43.2,49.0,40.7,114,35,14,128,14,0.53,0.21,0.74,25.03,,,,,,,[],68,30,284,91,253,77,174,57,0.04,0.0,0.01,0.05,1.78,2.07,608,149,231,80,293,107,399,150,1.0,0.07,9.12
698,True,True,100.0,100.0,233963,0,0,-1,1,0,2,2.2,1.7,1,Konstantinos,2.2,606,False,,2025-10-23T14:00:09.099071Z,44,233963.jpg,2.7,False,Mavropanos,0.1,False,,a,19,21,30,7358,58,9496,31,0.5,6.8,Mavropanos,83.0,2023-08-22,1997-12-11,False,p233963,866,0,0,1,16,1,0,0,1,0,0,0,93,225.0,6.0,95.0,32.6,96,36,9,105,9,0.67,0.28,0.95,14.18,,,,,,,[],139,58,391,139,165,32,222,73,0.07,0.0,0.03,0.1,1.47,1.66,505,113,178,67,209,78,549,197,0.94,0.1,10.91
699,True,False,0.0,0.0,210494,0,0,-1,1,0,2,0.0,0.0,0,Nayef,0.0,607,False,has joined Marseille permanently.,2025-09-02T12:20:05.254985Z,44,210494.jpg,1.5,False,Aguerd,0.0,False,,u,19,21,3,1288,0,12117,12,0.0,0.7,N.Aguerd,145.0,2022-06-21,1996-03-30,False,p210494,180,0,0,0,8,0,0,0,0,0,0,0,-1,39.0,3.9,8.0,5.1,14,8,1,15,2,0.10,0.03,0.13,3.42,,,,,,,[],364,135,398,142,356,127,392,136,0.05,0.0,0.02,0.07,1.71,4.0,498,107,569,228,354,128,588,211,1.0,0.0,7.5
700,True,True,75.0,100.0,536109,0,0,-2,2,0,2,0.2,-0.3,1,Ollie,0.2,608,False,Knock - 75% chance of playing,2025-12-20T23:30:09.037716Z,43,536109.jpg,0.7,False,Scarles,0.0,False,,d,19,21,2,1005,10,3464,12,0.0,0.5,Scarles,241.0,2022-10-01,2005-12-12,False,p536109,132,0,0,0,5,0,0,0,0,0,0,0,7,21.2,2.0,0.0,2.3,6,6,6,12,3,0.00,0.01,0.01,3.23,,,,,,,[],395,149,408,148,559,227,424,153,0.0,0.0,0.01,0.01,2.2,3.41,585,143,379,137,459,157,631,219,2.05,0.0,8.18
701,True,True,,,462116,0,0,-2,2,0,2,2.3,1.8,1,Jean-Clair,2.3,609,False,,,43,462116.jpg,1.8,False,Todibo,0.1,False,,a,19,21,21,7536,136,13546,71,0.5,4.9,Todibo,73.0,2025-07-01,1999-12-30,False,p462116,1026,0,1,0,24,0,0,0,2,0,0,0,75,224.8,51.4,15.0,29.2,69,51,19,88,12,0.05,0.24,0.29,19.13,,,,,,,[],140,59,263,81,335,111,241,78,0.0,0.0,0.02,0.02,1.68,2.11,562,135,154,57,304,111,453,168,1.05,0.0,7.72
702,True,True,0.0,0.0,214590,0,0,-3,3,0,2,0.0,0.0,0,Aaron,1.8,610,False,On international duty at the Africa Cup of Nations from Gameweek 17 onwards. - Unknown return date,2025-12-13T14:30:12.044504Z,42,214590.jpg,2.1,False,Wan-Bissaka,4.5,False,,n,19,21,25,117315,51,2172024,5989,0.4,6.0,Wan-Bissaka,50.0,2024-08-13,1997-11-26,False,p214590,1011,0,1,0,25,0,0,0,2,0,0,0,61,195.8,171.4,18.0,38.7,74,30,14,88,11,0.00,0.50,0.50,19.32,,,,,,,[],166,69,89,23,323,107,181,60,0.0,0.0,0.04,0.04,1.72,2.23,609,150,197,70,273,103,84,27,0.98,0.0,7.83
703,True,False,0.0,0.0,518438,0,0,0,0,0,2,0.0,0.0,0,Kaelan,0.0,611,False,Has joined Swansea City on loan for the rest of the season.,2025-08-11T01:20:17.436361Z,40,518438.jpg,0.0,False,Casey,0.1,False,,u,19,21,0,0,0,12336,31,0.0,0.0,Casey,241.0,2022-11-01,2004-10-28,False,p518438,0,0,0,0,0,0,0,0,0,0,0,0,0,0.0,0.0,0.0,0.0,0,0,0,0,0,0.00,0.00,0.00,0.00,,,,,,,[],549,211,537,211,504,200,549,211,0.0,0.0,0.0,0.0,0.0,0.0,664,180,501,195,557,210,509,185,0.0,0.0,0.0
704,True,True,100.0,100.0,224024,0,0,-1,1,0,3,1.0,0.5,2,Lucas,1.0,612,False,,2025-11-30T22:30:09.703888Z,59,224024.jpg,3.4,False,Tolentino Coelho de Lima,1.4,False,,a,19,21,51,673368,2368,712854,971,0.2,8.6,L.Paquetá,30.0,2022-08-29,1997-08-27,False,p224024,1288,3,1,2,30,0,0,0,5,1,0,5,243,300.4,342.4,152.0,79.4,27,66,31,124,15,1.94,1.67,3.61,19.99,3.0,,2.0,,1.0,,[],83,25,22,22,92,57,34,27,0.14,0.0,0.12,0.26,1.4,2.1,98,65,293,137,127,56,154,50,1.05,0.14,8.66
705,True,True,100.0,100.0,215439,0,0,-3,3,1,3,1.2,0.7,1,Tomáš,1.2,613,False,,2025-09-13T21:30:08.395458Z,57,215439.jpg,2.4,False,Souček,0.2,False,,a,19,21,33,23563,78,96572,205,0.2,5.8,Souček,57.0,2020-07-28,1995-02-27,False,p215439,566,2,1,1,19,0,0,0,0,1,0,3,124,167.4,24.6,182.0,37.4,39,16,8,63,6,2.28,0.03,2.31,14.14,,,,,,,[],193,79,334,181,74,46,191,96,0.36,0.0,0.0,0.36,2.25,3.02,118,76,274,127,242,108,336,114,0.95,0.16,10.02
706,True,True,,,101178,0,0,-4,4,0,3,0.0,-0.5,0,James,0.0,614,False,,,56,101178.jpg,2.2,False,Ward-Prowse,0.2,False,,a,19,21,11,13000,83,42310,98,0.0,2.0,Ward-Prowse,241.0,2023-08-14,1994-11-01,False,p101178,414,0,0,1,11,0,0,0,0,0,0,0,82,56.6,176.3,6.0,23.9,9,9,4,22,5,0.13,0.91,1.04,7.27,,,3.0,,3.0,,[],331,150,87,63,377,190,270,131,0.03,0.0,0.2,0.23,1.58,2.39,125,78,746,330,267,118,387,130,1.09,0.22,4.78
707,True,True,100.0,100.0,450070,0,0,0,0,0,3,1.2,0.7,2,Crysencio,1.2,615,False,,2025-11-28T19:00:08.821232Z,55,450070.jpg,2.5,False,Summerville,0.1,False,,a,19,21,30,27964,306,24483,62,0.2,5.5,Summerville,152.0,2024-08-03,2001-10-30,False,p450070,875,0,3,1,19,0,0,0,3,0,0,0,106,83.4,102.0,163.0,34.8,22,40,12,74,11,1.46,0.47,1.93,14.04,2.0,,,,,,[],294,130,170,117,82,50,211,108,0.15,0.0,0.05,0.2,1.44,1.95,147,92,272,126,232,103,505,176,1.13,0.1,7.61
708,True,False,0.0,0.0,213999,0,0,-1,1,0,3,0.0,0.0,0,Edson,0.0,616,False,Has joined Fenerbahçe on loan for the rest of the season.,2025-08-26T13:45:35.073930Z,49,213999.jpg,0.0,False,Álvarez Velázquez,0.0,False,,u,19,21,0,1147,0,15878,7,0.0,0.0,Álvarez,139.0,2023-08-10,1997-10-24,False,p213999,0,0,0,0,0,0,0,0,0,0,0,0,0,0.0,0.0,0.0,0.0,0,0,0,0,0,0.00,0.00,0.00,0.00,,,,,,,[],714,303,710,303,702,301,714,303,0.0,0.0,0.0,0.0,0.0,0.0,304,188,691,291,713,303,571,211,0.0,0.0,0.0
709,True,False,0.0,0.0,149519,0,0,-1,1,0,3,0.0,0.0,0,Maxwel,0.0,617,False,has joined Genoa on loan for the rest of the season.,2025-09-02T12:21:17.687537Z,49,149519.jpg,0.0,False,Cornet,0.0,False,,u,19,21,0,246,0,3148,2,0.0,0.0,Cornet,54.0,2022-08-07,1996-09-27,False,p149519,0,0,0,0,0,0,0,0,0,0,0,0,0,0.0,0.0,0.0,0.0,0,0,0,0,0,0.00,0.00,0.00,0.00,,,,,,,[],710,300,706,300,696,297,710,300,0.0,0.0,0.0,0.0,0.0,0.0,286,176,686,288,709,300,678,286,0.0,0.0,0.0
710,True,True,,,197024,0,0,-2,2,0,3,0.7,0.2,1,Guido,0.7,618,False,,,48,197024.jpg,1.4,False,Rodríguez,0.0,False,,a,19,21,7,1888,15,4993,27,0.1,1.5,G.Rodriguez,10.0,2024-08-06,1994-04-12,False,p197024,164,0,0,1,2,0,0,0,1,0,0,0,26,5.6,6.0,2.0,1.3,2,10,1,13,2,0.03,0.04,0.07,2.38,,,,,,,[],431,197,392,196,398,201,435,201,0.02,0.0,0.02,0.04,1.31,1.1,343,215,321,150,371,168,580,217,1.1,0.55,7.13
711,True,True,100.0,100.0,577114,0,0,-1,1,0,3,0.3,-0.2,0,Luis Guilherme,0.3,619,False,,2025-08-21T14:30:06.529194Z,49,577114.jpg,1.0,False,Lira dos Santos,0.0,False,,a,19,21,5,740,4,2983,7,0.1,1.0,L.Guilherme,30.0,2024-06-14,2006-02-09,False,p577114,121,0,0,0,2,0,0,0,0,0,0,0,11,9.2,14.5,4.0,2.5,2,8,1,11,1,0.07,0.03,0.10,1.82,,,,,,,[],419,189,355,185,387,194,423,195,0.05,0.0,0.02,0.07,1.35,1.49,333,206,362,168,438,206,654,270,0.74,0.0,8.18
712,True,True,100.0,100.0,490885,0,0,0,0,0,3,0.0,-0.5,0,George,0.0,620,False,,2025-10-02T14:30:07.920085Z,45,490885.jpg,0.0,False,Earthy,0.0,False,,a,19,21,0,3274,40,8180,26,0.0,0.0,Earthy,241.0,2023-07-14,2004-09-05,False,p490885,0,0,0,0,0,0,0,0,0,0,0,0,0,0.0,0.0,0.0,0.0,0,0,0,0,0,0.00,0.00,0.00,0.00,,,,,,,[],654,258,648,258,633,255,655,259,0.0,0.0,0.0,0.0,0.0,0.0,432,259,621,241,659,263,575,213,0.0,0.0,0.0
713,True,True,,,229384,0,0,-2,2,0,3,0.2,-0.3,0,Andy,0.2,621,False,,,43,229384.jpg,1.3,False,Irving,0.3,False,,a,19,21,9,36430,491,42037,171,0.0,2.1,Irving,243.0,2023-08-31,2000-05-13,False,p229384,156,0,0,0,4,0,0,0,0,0,0,0,49,31.6,52.3,2.0,8.6,2,14,6,22,2,0.00,0.17,0.17,4.03,3.0,,,,,,[],378,168,262,153,393,196,367,173,0.0,0.0,0.1,0.1,2.32,2.31,556,322,376,174,380,174,326,111,1.15,0.0,12.69
714,True,False,0.0,0.0,518442,0,0,-1,1,0,3,0.0,0.0,0,Lewis,0.0,622,False,has joined Stevenage on loan for the rest of the season.,2025-09-02T12:14:36.944075Z,44,518442.jpg,0.0,False,Orford,0.1,False,,u,19,21,0,1052,0,11420,29,0.0,0.0,Orford,241.0,2022-11-01,2006-02-18,False,p518442,0,0,0,0,0,0,0,0,0,0,0,0,0,0.0,0.0,0.0,0.0,0,0,0,0,0,0.00,0.00,0.00,0.00,,,,,,,[],616,232,609,233,587,227,617,233,0.0,0.0,0.0,0.0,0.0,0.0,522,308,582,214,623,239,544,196,0.0,0.0,0.0
715,True,True,100.0,100.0,490142,0,0,-1,1,0,3,2.2,1.7,2,Freddie,2.2,623,False,,2025-11-14T12:00:07.935476Z,44,490142.jpg,1.9,False,Potts,0.7,False,,a,19,21,23,100985,2485,105788,377,0.5,5.2,Potts,241.0,2021-12-08,2003-09-12,False,p490142,732,0,1,0,16,0,0,0,1,0,0,0,150,123.0,113.9,29.0,26.5,28,27,19,74,7,0.21,0.33,0.54,12.42,1.0,,,,,,[],235,103,153,108,295,156,257,130,0.03,0.0,0.04,0.07,1.53,1.97,518,304,180,78,294,132,220,79,0.86,0.0,9.1
716,True,True,,,178186,1,-1,-4,4,1,4,4.8,4.3,1,Jarrod,4.8,624,False,,,76,178186.jpg,4.4,False,Bowen,6.9,False,,a,19,21,75,1150735,29600,2146052,10594,0.6,9.9,Bowen,241.0,2020-01-31,1996-12-20,False,p178186,1530,5,2,1,35,0,0,0,1,0,0,14,315,335.0,223.8,462.0,101.9,22,64,16,102,17,3.37,1.34,4.71,28.12,,,1.0,,2.0,,[],53,4,59,2,6,4,17,4,0.2,0.0,0.08,0.28,1.65,2.06,21,7,30,5,58,6,62,11,1.0,0.06,6.0
717,True,True,100.0,100.0,91889,0,0,-4,4,0,4,0.3,-0.2,0,Niclas,0.3,625,False,,2025-10-14T13:00:06.800734Z,56,91889.jpg,1.5,False,Füllkrug,0.6,False,,a,19,21,12,46053,164,383730,264,0.1,2.1,Füllkrug,80.0,2024-08-05,1993-02-09,False,p91889,407,0,0,1,11,0,0,0,0,0,0,0,28,26.0,85.1,130.0,23.8,7,10,2,19,5,0.93,0.21,1.14,8.59,,,,,,,[],387,41,195,18,113,30,271,30,0.21,0.0,0.05,0.26,1.9,2.43,124,33,367,41,361,41,225,34,1.11,0.22,4.2
718,True,True,,,565431,0,0,-2,2,0,4,0.0,-0.5,0,Callum,0.0,626,False,,,43,565431.jpg,1.0,False,Marshall,0.6,False,,a,19,21,2,59811,304,87894,455,0.0,0.5,Marshall,242.0,2023-09-26,2004-11-28,False,p565431,58,0,0,0,2,0,0,0,0,0,0,0,0,1.2,0.1,7.0,0.8,2,1,0,3,0,0.13,0.00,0.13,1.55,,,,,,,[],446,52,435,55,365,50,441,52,0.2,0.0,0.0,0.2,2.41,3.1,591,81,557,52,415,47,228,35,0.0,0.0,4.66
719,True,True,,,158534,0,0,-3,3,0,2,0.5,0.0,3,Kyle,0.5,659,False,,,42,158534.jpg,2.0,False,Walker-Peters,0.3,False,,a,19,21,24,17659,331,38421,109,0.1,5.7,Walker-Peters,241.0,2025-07-20,1997-04-13,False,p158534,600,1,0,1,13,0,0,0,1,0,0,0,79,124.0,50.9,67.0,24.3,26,25,15,41,6,1.10,0.08,1.18,13.21,,,,,,,[],234,92,265,83,214,56,266,91,0.16,0.0,0.01,0.17,1.98,1.95,605,146,335,118,283,105,333,121,0.9,0.15,6.15
720,True,True,,,75115,0,0,-2,2,1,4,3.7,3.2,1,Callum,3.7,671,False,,,58,75115.jpg,3.1,False,Wilson,0.9,False,,a,19,21,44,158510,1703,127142,3504,0.6,7.6,Wilson,241.0,2025-08-02,1992-02-27,False,p75115,617,4,1,1,10,0,0,0,0,0,0,6,173,177.6,52.8,229.0,45.4,6,15,0,21,6,2.88,0.12,3.00,9.50,,,,,,,[],184,13,259,29,56,19,143,18,0.42,0.0,0.02,0.44,1.39,1.46,104,28,83,8,165,12,201,30,0.88,0.15,3.06
721,True,True,,,467189,0,0,-2,2,0,1,0.0,-0.5,0,Mads,0.0,679,False,,,43,467189.jpg,2.2,False,Hermansen,0.2,False,,a,19,21,9,14285,15,33591,81,0.0,2.1,Hermansen,58.0,2025-08-09,2000-07-11,False,p467189,360,0,0,1,11,0,0,0,0,0,9,0,27,84.8,0.0,0.0,8.5,7,27,0,0,4,0.00,0.01,0.01,5.44,,,,,,,[],292,25,572,74,547,61,369,26,0.0,2.25,0.0,0.0,1.36,2.75,565,30,542,79,256,24,361,52,1.0,0.25,0.0
722,True,True,,,551226,0,0,0,0,0,3,4.3,3.8,2,Mateus Gonçalo,4.3,708,False,,,55,551226.jpg,3.6,False,Espanha Fernandes,0.1,False,,a,19,21,54,18905,1420,10064,117,0.8,9.8,M.Fernandes,173.0,2025-08-29,2004-07-10,False,p551226,1144,2,1,2,21,0,0,0,1,0,0,2,251,277.2,266.3,64.0,60.9,37,63,36,136,14,0.94,0.93,1.87,18.09,4.0,,,,,,[],95,30,40,35,223,123,80,50,0.07,0.0,0.07,0.14,1.42,1.65,151,95,46,20,109,48,463,153,1.1,0.16,10.7
723,True,True,,,564940,0,0,0,0,0,3,3.2,2.7,2,Soungoutou,3.2,718,False,,,50,564940.jpg,2.3,False,Magassa,0.0,False,,a,19,21,25,1735,62,1203,22,0.6,5.0,S.Magassa,73.0,2025-08-30,2003-10-08,False,p564940,524,1,0,0,13,0,0,0,2,0,0,2,107,117.2,37.7,28.0,18.3,19,33,21,73,6,0.29,0.05,0.34,9.46,,,,,,,[],242,106,299,168,299,159,307,148,0.05,0.0,0.01,0.06,1.62,2.23,276,171,105,45,248,110,660,274,1.03,0.0,12.54
724,True,True,100.0,100.0,37096,0,0,0,0,0,1,0.0,-0.5,0,Lukasz,0.0,738,False,,2025-11-07T08:00:09.026724Z,45,37096.jpg,0.0,False,Fabianski,0.0,False,,a,19,21,0,4181,47,3532,22,0.0,0.0,Fabianski,172.0,2025-09-10,1985-04-18,False,p37096,0,0,0,0,0,0,0,0,0,0,0,0,0,0.0,0.0,0.0,0.0,0,0,0,0,0,0.00,0.00,0.00,0.00,,,,,,,[],633,84,625,77,605,65,634,84,0.0,0.0,0.0,0.0,0.0,0.0,395,20,599,82,638,84,624,79,0.0,0.0,0.0
725,True,True,,,602903,0,0,0,0,0,2,0.3,-0.2,1,Ezra,0.3,747,False,,,40,602903.jpg,1.0,False,Mayers,0.0,False,,a,19,21,2,1117,34,621,25,0.1,0.5,Mayers,241.0,2024-11-29,2007-01-16,False,p602903,33,0,0,0,2,0,0,0,0,0,0,0,2,7.4,15.3,2.0,2.5,3,3,0,3,0,0.00,0.35,0.35,1.55,,,,,,,[],424,157,354,125,391,144,422,152,0.0,0.0,0.95,0.95,4.23,5.45,682,195,355,130,407,148,662,227,0.0,0.0,8.18
726,True,True,,,643473,0,0,0,0,0,2,0.0,-0.5,0,Airidas,0.0,752,False,,,40,643473.jpg,0.0,False,Golambeckis,0.0,False,,a,19,21,0,735,26,457,22,0.0,0.0,Golambeckis,241.0,2025-07-23,2007-11-04,False,p643473,0,0,0,0,0,0,0,0,0,0,0,0,0,0.0,0.0,0.0,0.0,0,0,0,0,0,0.00,0.00,0.00,0.00,,,,,,,[],571,230,559,230,527,220,571,230,0.0,0.0,0.0,0.0,0.0,0.0,689,202,524,215,579,229,684,235,0.0,0.0,0.0
727,True,True,,,630699,0,0,0,0,0,3,0.5,0.0,0,Mohamadou,0.5,758,False,,,45,630699.jpg,1.0,False,Kanté,0.0,False,,a,19,21,2,708,31,169,15,0.1,0.4,Mohamadou Kanté,73.0,2024-08-22,2005-09-20,False,p630699,9,0,0,0,0,0,0,0,0,0,0,0,5,0.0,0.3,4.0,0.2,0,3,0,3,0,0.03,0.00,0.03,0.47,,,,,,,[],697,293,430,206,384,192,451,207,0.3,0.0,0.0,0.3,4.7,0.0,483,296,339,157,424,196,725,316,0.0,0.0,30.0
728,True,True,,,101982,0,0,0,0,0,1,0.5,1.0,0,Sam,1.0,627,False,,,45,101982.jpg,1.8,False,Johnstone,0.1,False,,a,20,39,21,15333,31,18271,94,0.2,4.7,Johnstone,241.0,2024-08-30,1993-03-25,False,p101982,1080,0,0,0,24,1,0,0,0,0,39,0,117,308.0,0.1,0.0,30.8,24,107,2,0,12,0.00,0.02,0.02,18.59,,,,,,,[],72,14,436,13,607,67,233,14,0.0,3.25,0.0,0.0,1.55,2.0,399,22,278,21,306,26,408,63,1.0,0.0,0.0
729,True,True,,,149065,0,0,-3,3,0,1,-0.2,0.3,2,José,0.3,628,False,,,42,149065.jpg,1.4,False,Malheiro de Sá,1.0,False,,a,20,39,7,33793,144,144266,366,0.1,1.7,José Sá,173.0,2021-07-15,1993-01-17,False,p149065,450,0,0,0,13,0,0,0,0,0,9,0,21,79.8,10.0,0.0,9.1,4,44,0,0,5,0.00,0.03,0.03,7.45,,,,,,,[],297,26,373,5,531,55,363,25,0.0,1.8,0.01,0.01,1.49,2.6,604,35,357,24,365,28,183,24,1.0,0.0,0.0
730,True,True,0.0,0.0,79602,0,0,0,0,0,1,0.0,0.0,0,Daniel,0.0,629,False,Ankle injury - Unknown return date,2025-11-21T13:30:09.840951Z,40,79602.jpg,0.0,False,Bentley,0.5,False,,i,20,39,0,11846,15,42351,304,0.0,0.0,Bentley,241.0,2023-01-25,1993-07-13,False,p79602,0,0,0,0,0,0,0,0,0,0,0,0,0,0.0,0.0,0.0,0.0,0,0,0,0,0,0.00,0.00,0.00,0.00,,,,,,,[],516,57,503,45,469,30,516,57,0.0,0.0,0.0,0.0,0.0,0.0,624,41,468,52,524,57,250,32,0.0,0.0,0.0
731,True,True,0.0,0.0,516939,0,0,-2,2,0,2,0.0,0.0,0,Emmanuel,1.5,631,False,On international duty at the Africa Cup of Nations from Gameweek 17 onwards. - Unknown return date,2025-12-13T14:30:12.072057Z,43,516939.jpg,1.5,False,Agbadou,0.1,False,,n,20,39,20,23907,2,59822,98,0.3,4.7,Agbadou,54.0,2025-01-09,1997-06-17,False,p516939,1010,0,0,0,27,0,0,0,1,1,0,0,75,286.4,65.2,69.0,42.1,87,61,28,115,11,0.50,0.35,0.85,16.90,,,5.0,,,,[],91,41,239,69,207,51,165,55,0.04,0.0,0.03,0.07,1.51,2.41,581,142,233,82,353,127,416,158,0.98,0.0,10.25
732,True,True,100.0,100.0,87835,0,0,-1,1,0,2,0.5,1.0,1,Matt,1.0,632,False,,2025-10-31T09:00:09.720618Z,44,87835.jpg,1.3,False,Doherty,0.1,False,,a,20,39,8,4179,24,17788,36,0.2,1.8,Doherty,104.0,2023-07-20,1992-01-16,False,p87835,448,0,0,1,8,0,0,0,4,0,0,0,39,70.4,37.7,12.0,12.1,26,17,11,37,6,0.09,0.11,0.20,7.18,,,,,,,"[{'property': 'suspension_risk', 'notes': 'This player currently has four yellow cards in the Premier League and will face a one-match suspension should they receive another before Gameweek 20.', 'gameweek': None, 'url': None}]",310,116,298,95,346,120,344,117,0.02,0.0,0.02,0.04,1.44,1.61,492,101,277,97,382,136,488,178,1.21,0.2,7.43
733,True,True,0.0,0.0,490721,0,0,-2,2,0,2,0.0,0.0,0,Hugo,0.5,633,False,Knock - Expected back 27 Dec,2025-12-19T14:30:09.734923Z,43,490721.jpg,1.7,False,Bueno López,0.1,False,,i,20,39,24,11473,1,14778,126,0.1,5.6,H.Bueno,200.0,2021-01-29,2002-09-18,False,p490721,827,0,0,1,17,0,0,0,1,0,0,2,88,194.4,259.0,69.0,52.4,37,41,27,64,8,0.20,1.17,1.37,13.64,2.0,,,,,,[],169,70,45,7,206,50,104,30,0.02,0.0,0.13,0.15,1.48,1.85,570,138,336,119,320,116,514,186,0.87,0.11,6.96
734,True,True,100.0,0.0,501837,0,0,-2,2,0,2,-0.3,0.0,0,Yerson,0.2,634,False,,2025-12-13T22:30:11.820609Z,43,501837.jpg,0.2,False,Mosquera Valdelamar,0.0,False,,a,20,39,2,2192,6,5621,43,0.0,0.5,Mosquera,48.0,2021-06-17,2001-05-02,False,p501837,518,0,0,0,14,2,0,0,5,0,0,0,14,71.6,34.0,53.0,15.8,27,27,13,40,6,0.10,0.15,0.25,9.78,,,,,,,[],308,115,302,97,248,75,319,109,0.02,0.0,0.03,0.05,1.7,2.43,578,140,378,136,463,160,574,208,1.04,0.0,6.95
735,True,True,0.0,0.0,483081,0,0,-1,1,0,2,0.0,0.0,0,Rodrigo,0.0,635,False,Groin Injury - Expected back 17 Jan,2025-10-31T09:00:09.735105Z,44,483081.jpg,2.2,False,Martins Gomes,0.1,False,,i,20,39,13,8553,0,13762,18,0.0,3.0,R.Gomes,173.0,2024-07-01,2003-07-07,False,p483081,331,1,0,0,9,0,0,0,0,0,0,0,20,60.2,40.4,103.0,20.5,11,14,7,18,4,0.95,0.22,1.17,4.30,,,,,,,[],327,120,291,93,150,26,294,98,0.26,0.0,0.06,0.32,1.17,2.45,515,118,578,232,260,99,552,199,1.09,0.0,4.89
736,True,True,,,231480,0,0,-1,1,1,2,0.0,0.5,3,Santiago,0.5,636,False,,,44,231480.jpg,3.1,False,Ignacio Bueno,0.1,False,,a,20,39,28,13146,16,13997,44,0.1,6.4,S.Bueno,230.0,2023-08-31,1998-11-09,False,p231480,754,1,1,0,18,0,0,0,2,0,0,2,86,213.8,48.4,70.0,33.2,55,19,27,82,8,0.80,0.46,1.26,12.47,,,,,,,[],144,61,272,85,203,48,220,72,0.1,0.0,0.05,0.15,1.49,2.15,503,111,337,120,157,61,521,191,0.95,0.0,9.79
737,True,True,100.0,100.0,510362,0,0,-2,2,0,2,1.8,2.3,0,Toti,2.3,637,False,,2025-10-03T14:00:09.220271Z,43,510362.jpg,1.5,False,Gomes,0.1,False,,a,20,39,20,6506,36,15986,75,0.5,4.7,Toti,173.0,2022-01-14,1999-01-16,False,p510362,949,0,0,0,25,0,0,0,1,1,0,0,74,212.2,77.4,29.0,31.9,70,37,14,84,12,0.04,0.21,0.25,17.96,,,,,,,[],145,62,209,55,294,94,227,75,0.0,0.0,0.02,0.02,1.7,2.37,580,141,155,58,352,126,462,170,1.14,0.0,7.97
738,True,True,100.0,100.0,441271,0,0,-2,2,0,2,0.3,0.8,4,Ki-Jana,0.8,638,False,,2025-08-23T23:00:08.490117Z,38,441271.jpg,1.2,False,Hoever,1.2,False,,a,20,39,10,73651,4504,189267,748,0.2,2.6,Hoever,152.0,2020-09-19,2002-01-18,False,p441271,423,0,0,0,13,0,0,0,0,0,0,0,38,101.4,87.8,13.0,20.3,27,16,13,40,6,0.02,0.36,0.38,9.36,,,,,,,[],264,103,188,49,343,117,296,99,0.0,0.0,0.08,0.08,1.99,2.77,752,239,299,101,391,141,172,70,1.28,0.0,8.51
739,True,False,0.0,0.0,560248,0,0,0,0,0,2,0.0,0.0,0,Bastien,0.0,639,False,On loan to FC Alverca,2025-07-23T18:49:36.204721Z,40,560248.jpg,0.0,False,Meupiyou Menadjou,0.0,False,,u,20,39,0,0,0,816,4,0.0,0.0,Meupiyou,73.0,2024-08-29,2006-03-19,False,p560248,0,0,0,0,0,0,0,0,0,0,0,0,0,0.0,0.0,0.0,0.0,0,0,0,0,0,0.00,0.00,0.00,0.00,,,,,,,[],555,216,543,216,511,206,555,216,0.0,0.0,0.0,0.0,0.0,0.0,671,186,508,201,563,215,719,243,0.0,0.0,0.0
740,True,False,0.0,0.0,641221,0,0,0,0,0,2,0.0,0.0,0,Pedro,0.0,640,False,has joined Porto on loan for the rest of the season.,2025-09-02T13:11:07.466362Z,40,641221.jpg,0.0,False,Cardoso de Lima,0.4,False,,u,20,39,0,7922,0,83811,195,0.0,0.0,Pedro Lima,30.0,2024-07-02,2006-07-01,False,p641221,0,0,0,0,0,0,0,0,0,0,0,0,0,0.0,0.0,0.0,0.0,0,0,0,0,0,0.00,0.00,0.00,0.00,,,,,,,[],570,229,558,229,526,219,570,229,0.0,0.0,0.0,0.0,0.0,0.0,688,201,523,214,578,228,274,103,0.0,0.0,0.0
741,True,True,,,517179,0,0,-1,1,0,2,-0.5,0.0,0,Alfie,0.0,641,False,,,39,517179.jpg,0.0,False,Pond,1.2,False,,a,20,39,0,83661,144,115959,515,0.0,0.0,Pond,,,,False,p517179,0,0,0,0,0,0,0,0,0,0,0,0,0,0.0,0.0,0.0,0.0,0,0,0,0,0,0.00,0.00,0.00,0.00,,,,,,,[],502,187,488,187,454,175,502,187,0.0,0.0,0.0,0.0,0.0,0.0,728,219,453,170,510,186,167,68,0.0,0.0,0.0
742,True,True,100.0,100.0,184754,0,0,-4,4,0,3,0.2,0.7,1,Hwang,0.7,642,False,,2025-10-17T16:00:11.280022Z,56,184754.jpg,1.7,False,Hee-chan,0.1,False,,a,20,39,20,28335,34,38874,70,0.1,3.6,Hee Chan,114.0,2022-07-01,1996-01-26,False,p184754,581,1,0,0,12,0,0,0,2,0,0,0,58,63.8,68.1,96.0,22.4,12,12,6,30,7,1.09,0.29,1.38,10.02,,,,,3.0,,[],319,145,228,142,164,96,279,135,0.17,0.0,0.04,0.21,1.55,1.86,126,79,330,155,332,151,465,155,1.08,0.0,4.65
743,True,True,100.0,100.0,509291,0,0,-2,2,0,3,2.3,2.8,2,André,2.8,643,False,,2025-09-24T06:30:08.481734Z,53,509291.jpg,2.5,False,Trindade da Costa Neto,0.1,False,,a,20,39,42,8707,48,12164,49,0.5,7.9,André,30.0,2024-08-30,2001-07-16,False,p509291,1243,0,0,0,28,0,0,0,4,0,0,1,208,184.4,138.8,15.0,33.8,51,94,33,178,14,0.17,0.43,0.60,23.10,,,,,,,"[{'property': 'suspension_risk', 'notes': 'This player currently has four yellow cards in the Premier League and will face a one-match suspension should they receive another before Gameweek 20.', 'gameweek': None, 'url': None}]",180,72,124,91,337,176,217,111,0.01,0.0,0.03,0.04,1.67,2.03,203,124,129,59,230,101,503,175,1.01,0.0,12.89
744,True,True,0.0,0.0,231057,0,0,-3,3,0,3,0.0,0.0,0,Jean-Ricner,2.0,644,False,Hamstring injury - Expected back 24 Jan,2025-12-09T13:00:10.361407Z,52,231057.jpg,1.8,False,Bellegarde,0.0,False,,i,20,39,25,3226,1,9714,37,0.4,4.8,Bellegarde,92.0,2023-09-01,1998-06-27,False,p231057,685,1,0,1,20,0,0,0,1,0,0,0,114,111.2,91.3,93.0,29.4,20,21,18,59,9,0.73,0.58,1.31,11.84,3.0,,4.0,,,,[],251,109,184,124,168,98,240,123,0.1,0.0,0.08,0.18,1.56,2.63,212,131,192,86,312,141,600,229,1.18,0.13,7.75
745,True,True,100.0,100.0,643135,0,0,-3,3,0,3,0.2,0.7,2,Fer,0.7,645,False,,2025-12-04T10:30:09.788624Z,52,643135.jpg,1.4,False,López González,0.0,False,,a,20,39,11,1030,6,4141,10,0.1,2.1,Fer López,200.0,2025-06-20,2004-05-24,False,p643135,226,0,1,0,9,0,0,0,1,0,0,0,35,29.0,61.0,37.0,12.4,1,9,1,11,2,0.16,0.61,0.77,3.86,,,,,,,[],383,173,244,148,279,148,340,164,0.06,0.0,0.24,0.3,1.54,3.58,225,139,327,152,376,173,630,255,0.8,0.0,4.38
746,True,True,100.0,100.0,448089,0,0,-2,2,0,3,1.8,2.3,1,João Victor,2.3,646,False,,2025-12-04T09:00:09.492484Z,53,448089.jpg,2.4,False,Gomes da Silva,0.1,False,,a,20,39,38,8445,26,14800,37,0.4,7.2,Gomes,30.0,2023-01-30,2001-02-12,False,p448089,1279,0,0,1,28,0,0,0,6,0,0,1,200,174.0,143.8,65.0,38.6,43,84,39,166,14,0.63,0.60,1.23,20.46,,,,,,,[],187,77,118,87,219,121,183,94,0.04,0.0,0.04,0.08,1.44,1.97,199,122,165,72,239,107,492,169,0.99,0.07,11.68
747,True,False,0.0,0.0,181284,0,0,0,0,0,3,0.0,0.0,0,Gonçalo Manuel,0.0,647,False,Has joined Real Sociedad permanently.,2025-08-11T01:21:19.226169Z,55,181284.jpg,0.0,False,Ganchinho Guedes,0.0,False,,u,20,39,0,0,0,783,1,0.0,0.0,Guedes,173.0,2022-08-08,1996-11-29,False,p181284,0,0,0,0,0,0,0,0,0,0,0,0,0,0.0,0.0,0.0,0.0,0,0,0,0,0,0.00,0.00,0.00,0.00,,,,,,,[],752,331,751,331,749,330,752,331,0.0,0.0,0.0,0.0,0.0,0.0,139,87,741,326,751,331,745,328,0.0,0.0,0.0
748,True,True,0.0,0.0,433312,-1,1,-2,2,0,3,0.0,0.0,0,Marshall,0.5,648,False,Calf injury - Expected back 18 Jan,2025-12-04T10:30:09.808170Z,53,433312.jpg,2.9,False,Munetsi,0.0,False,,i,20,39,38,19046,1,21671,50,0.1,7.2,Munetsi,239.0,2025-02-03,1996-06-22,False,p433312,872,1,2,0,19,0,0,0,2,0,0,1,131,163.6,61.8,196.0,42.1,39,20,21,80,9,1.64,0.38,2.02,13.36,,,,,,,[],198,82,243,147,67,40,166,87,0.17,0.0,0.04,0.21,1.38,1.96,197,121,347,160,186,83,577,215,0.93,0.0,8.26
749,True,False,0.0,0.0,476502,0,0,0,0,0,3,0.0,0.0,0,Boubacar,0.0,649,False,Has joined FC Metz on loan for the rest of the season.,2025-07-25T14:53:52.740212Z,50,476502.jpg,0.0,False,Traoré,0.0,False,,u,20,39,0,0,0,158,0,0.0,0.0,B.Traore,132.0,2023-07-01,2001-08-20,False,p476502,0,0,0,0,0,0,0,0,0,0,0,0,0,0.0,0.0,0.0,0.0,0,0,0,0,0,0.00,0.00,0.00,0.00,,,,,,,[],731,317,729,317,721,315,731,317,0.0,0.0,0.0,0.0,0.0,0.0,262,161,711,306,730,317,756,335,0.0,0.0,0.0
750,True,True,0.0,0.0,497606,0,0,-2,2,0,3,0.0,0.0,0,Tawanda,0.2,650,False,On international duty at the Africa Cup of Nations from Gameweek 17 onwards. - Unknown return date,2025-12-13T14:30:12.117016Z,43,497606.jpg,1.0,False,Chirewa,0.3,False,,n,20,39,1,28621,30,40211,286,0.0,0.2,Chirewa,239.0,2023-12-01,2003-10-12,False,p497606,21,0,0,0,0,0,0,0,0,0,0,0,1,0.0,0.0,0.0,0.0,0,1,1,2,0,0.00,0.00,0.00,0.45,,,,,,,[],586,213,577,213,552,208,587,214,0.0,0.0,0.0,0.0,1.93,0.0,573,328,377,175,413,187,334,113,0.0,0.0,8.57
751,True,True,,,596054,0,0,-2,2,0,3,-0.5,0.0,0,Tom,0.0,651,False,,,43,596054.jpg,0.0,False,Edozie,0.4,False,,a,20,39,0,44194,436,51322,258,0.0,0.0,Edozie,,,,False,p596054,0,0,0,0,0,0,0,0,0,0,0,0,0,0.0,0.0,0.0,0.0,0,0,0,0,0,0.00,0.00,0.00,0.00,,,,,,,[],599,223,591,223,568,218,600,224,0.0,0.0,0.0,0.0,0.0,0.0,596,338,561,204,605,230,281,97,0.0,0.0,0.0
752,True,True,,,593001,0,0,-2,2,0,3,-0.5,0.0,0,Enso,0.0,652,False,,,43,593001.jpg,0.0,False,González Medina,1.3,False,,a,20,39,0,151815,1785,190264,971,0.0,0.0,Gonzalez,168.0,2023-08-31,2005-01-20,False,p593001,0,0,0,0,0,0,0,0,0,0,0,0,0,0.0,0.0,0.0,0.0,0,0,0,0,0,0.00,0.00,0.00,0.00,,,,,,,[],598,222,590,222,567,217,599,223,0.0,0.0,0.0,0.0,0.0,0.0,595,337,560,203,604,229,160,51,0.0,0.0,0.0
753,True,False,0.0,0.0,240299,0,0,0,0,0,3,0.0,0.0,0,Joe,0.0,653,False,Signed by CD Tondela,2025-07-23T18:50:21.231185Z,45,240299.jpg,0.0,False,Hodge,0.0,False,,u,20,39,0,0,0,5431,16,0.0,0.0,Hodge,,,,False,p240299,0,0,0,0,0,0,0,0,0,0,0,0,0,0.0,0.0,0.0,0.0,0,0,0,0,0,0.00,0.00,0.00,0.00,,,,,,,[],642,247,635,247,619,243,643,248,0.0,0.0,0.0,0.0,0.0,0.0,414,247,608,229,647,252,632,256,0.0,0.0,0.0
754,True,True,100.0,100.0,247412,0,0,-3,3,0,4,1.0,1.5,0,Jørgen,1.5,654,False,,2025-10-03T14:00:09.236895Z,62,247412.jpg,2.0,False,Strand Larsen,0.9,False,,a,20,39,30,181880,177,594096,761,0.2,4.8,Strand Larsen,161.0,2025-07-01,2000-02-06,False,p247412,1203,1,0,3,25,0,0,1,1,0,0,0,72,103.2,87.2,236.0,42.5,30,12,4,46,14,2.69,0.42,3.11,19.56,,,,,2.0,,[],262,22,191,16,52,17,163,21,0.2,0.0,0.03,0.23,1.46,1.87,79,25,243,28,290,30,184,27,1.05,0.22,3.44
755,True,False,0.0,0.0,449988,0,0,-1,1,0,4,0.0,0.0,0,Fábio,0.0,655,False,has joined Borussia Dortmund permanently.,2025-09-02T13:11:07.488555Z,49,449988.jpg,0.0,False,Soares Silva,0.2,False,,u,20,39,0,7178,0,54283,44,0.0,0.0,Fábio Silva,173.0,2020-09-05,2002-07-19,False,p449988,0,0,0,0,0,0,0,0,0,0,0,0,0,0.0,0.0,0.0,0.0,0,0,0,0,0,0.00,0.00,0.00,0.00,,,,,,,[],721,77,717,76,710,76,721,77,0.0,0.0,0.0,0.0,0.0,0.0,322,56,699,70,720,77,382,58,0.0,0.0,0.0
756,True,False,0.0,0.0,429414,0,0,-1,1,0,4,0.0,0.0,0,Saša,0.0,656,False,has joined LASK on loan for the rest of the season.,2025-09-08T09:11:55.060395Z,49,429414.jpg,1.0,False,Kalajdžić,0.1,False,,u,20,39,1,1691,0,9895,5,0.0,0.2,Kalajdžić,14.0,2022-08-31,1997-07-07,False,p429414,14,0,0,0,0,0,0,0,0,0,0,0,1,1.0,4.3,2.0,0.7,1,1,0,2,0,0.00,0.01,0.01,0.10,,,,,,,[],449,54,397,48,399,53,443,53,0.0,0.0,0.06,0.06,0.64,0.0,315,55,694,69,436,49,566,76,0.0,0.0,12.86
757,True,True,0.0,0.0,589507,0,0,-1,1,0,4,0.0,0.0,0,Leon,0.0,657,False,Knee injury - Unknown return date,2025-07-21T10:00:05.148649Z,44,589507.jpg,0.0,False,Chiwome,0.0,False,,i,20,39,0,3737,14,6065,16,0.0,0.0,Chiwome,,,,False,p589507,0,0,0,0,0,0,0,0,0,0,0,0,0,0.0,0.0,0.0,0.0,0,0,0,0,0,0.00,0.00,0.00,0.00,,,,,,,[],625,67,618,66,596,66,626,67,0.0,0.0,0.0,0.0,0.0,0.0,532,73,591,59,631,67,633,79,0.0,0.0,0.0
758,True,True,,,531363,0,0,-2,2,0,4,-0.5,0.0,0,Nathan,0.0,658,False,,,43,531363.jpg,0.0,False,Fraser,1.7,False,,a,20,39,0,184283,586,289198,1267,0.0,0.0,Fraser,,,,False,p531363,0,0,0,0,0,0,0,0,0,0,0,0,0,0.0,0.0,0.0,0.0,0,0,0,0,0,0.00,0.00,0.00,0.00,,,,,,,[],590,60,582,59,557,59,591,60,0.0,0.0,0.0,0.0,0.0,0.0,583,80,551,51,597,60,144,22,0.0,0.0,0.0
759,True,True,,,230376,0,0,-6,6,0,3,0.8,1.3,1,Jhon,1.3,663,False,,,49,230376.jpg,1.7,False,Arias,0.1,False,,a,20,39,27,13851,30,73312,75,0.3,5.5,J.Arias,48.0,2025-07-24,1997-09-21,False,p230376,807,0,0,1,16,0,0,0,1,0,0,1,118,105.0,165.0,117.0,38.6,16,42,30,88,10,2.78,0.45,3.23,12.06,1.0,,1.0,,,,[],258,114,95,69,132,77,182,93,0.31,0.0,0.05,0.36,1.34,1.78,312,191,253,118,323,147,402,131,1.12,0.11,9.81
760,True,True,,,497949,0,0,-2,2,0,2,1.0,1.5,1,David,1.5,682,False,,,43,497949.jpg,1.5,False,Møller Wolfe,0.1,False,,a,20,39,17,3690,26,7660,49,0.3,4.0,Møller Wolfe,161.0,2025-08-02,2002-04-23,False,p497949,672,0,2,0,18,0,0,0,1,0,0,0,33,112.8,100.7,44.0,25.9,27,17,5,32,8,0.13,0.96,1.09,12.96,,,,,,,[],247,98,172,41,262,80,261,86,0.02,0.0,0.13,0.15,1.74,2.41,574,139,232,81,351,125,526,192,1.07,0.0,4.29
761,True,True,,,523705,0,0,0,0,0,2,0.7,1.2,1,Jackson,1.2,695,False,,,45,523705.jpg,1.3,False,Tchatchoua,0.0,False,,a,20,39,21,4279,17,3892,28,0.3,4.7,Tchatchoua,38.0,2025-08-19,2001-09-14,False,p523705,803,0,0,0,21,0,0,0,0,0,0,0,44,163.4,162.6,26.0,35.2,42,33,15,57,7,0.26,0.72,0.98,12.51,,,,,,,[],199,83,97,24,302,97,208,68,0.03,0.0,0.08,0.11,1.4,2.35,442,92,266,93,384,138,636,220,0.78,0.0,6.39
762,True,True,100.0,100.0,431248,0,0,0,0,0,2,0.3,0.8,1,Ladislav,0.8,709,False,,2025-11-30T22:30:09.864078Z,45,431248.jpg,1.8,False,Krejcí,0.0,False,,a,20,39,22,10462,17,8310,28,0.2,4.9,Krejčí,57.0,2025-08-28,1999-04-20,False,p431248,1053,1,1,0,26,1,0,0,2,0,0,0,71,253.0,91.2,129.0,47.4,73,33,14,87,12,1.61,1.04,2.65,18.36,,,,,,,[],114,51,185,46,114,17,133,46,0.14,0.0,0.09,0.23,1.57,2.22,417,85,305,106,307,113,597,214,1.03,0.0,7.44
763,True,True,,,488213,0,0,-1,1,0,4,1.5,2.0,1,Tolu,2.0,720,False,,,54,488213.jpg,1.6,False,Arokodare,0.1,False,,a,20,39,21,18930,88,14325,135,0.4,3.9,Tolu,157.0,2025-09-01,2000-11-23,False,p488213,335,1,0,0,13,0,0,0,1,0,0,2,64,61.6,39.5,115.0,21.0,14,9,3,26,3,0.61,0.06,0.67,5.45,,,2.0,,,,[],324,32,293,33,136,36,289,36,0.16,0.0,0.02,0.18,1.46,3.49,172,40,193,24,344,36,545,75,0.81,0.0,6.99
764,True,True,,,647671,0,0,0,0,0,4,0.8,1.3,1,Mateus,1.3,749,False,,,45,647671.jpg,1.5,False,Mané,0.1,False,,a,20,39,9,14276,694,3265,294,0.3,2.0,Mané,241.0,2025-02-24,2007-09-16,False,p647671,91,0,1,0,4,0,0,0,0,0,0,0,37,41.0,55.5,17.0,11.2,1,5,3,9,0,0.03,0.27,0.30,3.05,,,,,,,[],359,39,257,28,328,48,350,42,0.03,0.0,0.27,0.3,3.02,3.96,486,67,250,30,356,39,445,65,0.0,0.0,8.9
765,True,True,,,601956,0,0,0,0,0,2,0.8,1.3,0,Saheed,0.0,766,False,,,40,601956.jpg,0.0,False,Olagunju,0.0,False,,a,20,39,0,20,20,0,0,0.0,0.0,Olagunju,,,,False,p601956,0,0,0,0,0,0,0,0,0,0,0,0,0,0.0,0.0,0.0,0.0,0,0,0,0,0,0.00,0.00,0.00,0.00,,,,,,,[],564,223,552,223,520,213,564,223,0.0,0.0,0.0,0.0,0.0,0.0,681,194,517,208,572,222,761,253,0.0,0.0,0.0
766,True,True,,,605319,0,0,0,0,0,3,0.7,1.2,0,Luke,0.0,767,False,,,45,605319.jpg,0.0,False,Rawlings,0.0,False,,a,20,39,0,12,12,1,1,0.0,0.0,Rawlings,,,,False,p605319,0,0,0,0,0,0,0,0,0,0,0,0,0,0.0,0.0,0.0,0.0,0,0,0,0,0,0.00,0.00,0.00,0.00,,,,,,,[],690,286,684,286,669,283,691,287,0.0,0.0,0.0,0.0,0.0,0.0,474,289,657,269,694,290,764,339,0.0,0.0,0.0
