,player_id,web_name,team_code,element_type,now_cost,event,points_md,is_captain,multiplier,starting_lineup,selected_by_percent,gw_points
0,102,Steele,36,1,39,31,3.52,False,1,1,3.1,3.52
1,16,Gabriel,3,2,53,31,4.037,False,1,1,16.0,4.037
2,180,Keane,11,2,42,31,3.7510000000000003,False,1,1,0.4,3.7510000000000003
3,448,Perišić,6,2,53,31,4.4319999999999995,False,1,1,15.9,4.4319999999999995
4,533,Martínez,1,2,45,31,3.8369999999999997,False,1,1,8.1,3.8369999999999997
5,733,Pedro Porro,6,2,48,31,5.246,False,1,1,0.8,5.246
6,13,Saka,3,3,86,31,5.125,False,1,1,40.9,5.125
7,303,Mahrez,43,3,73,31,4.887,False,1,1,4.6,4.887
8,305,Grealish,43,3,71,31,5.322,False,1,1,8.8,5.322
9,318,Haaland,43,4,122,31,7.886,True,2,1,78.0,15.772
10,427,Kane,6,4,117,31,6.5470000000000015,False,1,1,39.8,6.5470000000000015
11,15,Ramsdale,3,1,49,31,3.839,False,0,0,11.5,0.0
12,333,Fernandes,1,3,96,31,5.081,False,0,0,10.0,0.0
13,346,Andreas,54,3,43,31,3.807,False,0,0,13.4,0.0
14,345,Martial,1,4,63,31,4.3069999999999995,False,0,0,1.0,0.0
