,player_id,web_name,team_code,element_type,now_cost,event,points_md,is_captain,multiplier,starting_lineup,selected_by_percent,gw_points
0,15,Ramsdale,3,1,49,14,4.319,False,1,1,10.5,4.319
1,16,Gabriel,3,2,51,14,5.143,False,1,1,10.3,5.143
2,285,Alexander-Arnold,14,2,72,14,5.352,False,1,1,19.9,5.352
3,357,Trippier,4,2,58,14,4.265,False,1,1,60.3,4.265
4,13,Saka,3,3,80,14,5.97,False,1,1,15.9,5.97
5,160,Zaha,31,3,76,14,5.376,False,1,1,23.2,5.376
6,283,Salah,14,3,128,14,6.922999999999999,True,2,1,32.0,13.845999999999998
7,369,Almirón,4,3,54,14,4.815,False,1,1,15.1,4.815
8,210,Mitrović,54,4,68,14,5.099,False,1,1,26.4,5.099
9,297,Darwin,14,4,88,14,5.895,False,1,1,6.3,5.895
10,427,Kane,6,4,115,14,6.129,False,1,1,22.7,6.129
11,324,Ortega,43,1,38,14,0.11599999999999999,False,0,0,0.7,0.0
12,322,Wilson-Esbrand,43,2,38,14,0.017,False,0,0,0.8,0.0
13,439,Tanganga,6,2,39,14,0.113,False,0,0,3.1,0.0
14,216,Onomah,54,3,43,14,0.0,False,0,0,0.1,0.0
