,player_id,web_name,team_code,element_type,now_cost,event,points_md,is_captain,multiplier,starting_lineup,selected_by_percent,gw_points
0,152,Guaita,31,1,45,14,3.844,False,1,1,3.0,3.844
1,165,Andersen,31,2,45,14,3.6689999999999996,False,1,1,3.2,3.6689999999999996
2,284,Robertson,14,2,67,14,4.455,False,1,1,3.9,4.455
3,526,Mee,94,2,45,14,3.782,False,1,1,4.1,3.782
4,3,Xhaka,3,3,51,14,4.165,False,1,1,3.8,4.165
5,169,Eze,31,3,57,14,3.886,False,1,1,4.8,3.886
6,296,Carvalho,14,3,54,14,4.048,False,1,1,0.5,4.048
7,333,Fernandes,1,3,98,14,4.398,False,1,1,2.3,4.398
8,340,Sancho,1,3,72,14,3.655,False,1,1,4.6,3.655
9,191,Calvert-Lewin,11,4,79,14,3.907,False,1,1,0.4,3.907
10,356,Wilson,4,4,73,14,4.508,True,2,1,2.3,9.016
11,2,Leno,54,1,45,14,3.549,False,0,0,1.6,0.0
12,85,Henry,94,2,45,14,3.4989999999999997,False,0,0,1.2,0.0
13,358,Burn,4,2,45,14,3.514,False,0,0,1.7,0.0
14,30,Ings,7,4,66,14,3.655,False,0,0,1.0,0.0
