,player_id,web_name,team_code,element_type,now_cost,event,points_md,is_captain,multiplier,starting_lineup,selected_by_percent,gw_points
0,152,Guaita,31,1,45,17,3.7739999999999996,False,1,1,2.8,3.7739999999999996
1,16,Gabriel,3,2,52,17,4.756,False,1,1,14.4,4.756
2,112,Cucurella,8,2,51,17,4.572,False,1,1,7.5,4.572
3,128,Thiago Silva,8,2,54,17,4.047,False,1,1,6.5,4.047
4,332,Shaw,1,2,48,17,4.538,False,1,1,3.9,4.538
5,13,Saka,3,3,80,17,5.729,False,1,1,17.9,5.729
6,104,Groß,36,3,56,17,4.475,False,1,1,12.9,4.475
7,283,Salah,14,3,128,17,6.71,False,1,1,32.8,6.71
8,335,Rashford,1,3,67,17,5.233,False,1,1,23.9,5.233
9,11,Nketiah,3,4,65,17,5.069,False,1,1,1.3,5.069
10,318,Haaland,43,4,122,17,7.15,True,2,1,83.5,14.3
11,182,Pickford,11,1,45,17,3.752,False,0,0,6.1,0.0
12,165,Andersen,31,2,45,17,3.7260000000000004,False,0,0,2.7,0.0
13,160,Zaha,31,3,75,17,5.706,False,0,0,17.0,0.0
14,345,Martial,1,4,67,17,5.188,False,0,0,3.6,0.0
