,player_id,web_name,team_code,element_type,now_cost,event,points_md,is_captain,multiplier,starting_lineup,selected_by_percent,gw_points
0,200,Schmeichel,13,1,50,37,6.851,False,1,1,18.0,6.851
1,38,Mings,7,2,50,37,6.537999999999999,False,1,1,7.4,6.537999999999999
2,44,Cash,7,2,53,37,7.391,False,1,1,13.5,7.391
3,169,Keane,11,2,46,37,6.626,False,1,1,2.8,6.626
4,675,Mykolenko,11,2,49,37,7.4270000000000005,False,1,1,1.5,7.4270000000000005
5,154,Zaha,31,3,69,37,7.973000000000001,False,1,1,9.4,7.973000000000001
6,212,Maddison,13,3,69,37,6.6770000000000005,False,1,1,14.5,6.6770000000000005
7,359,Son,6,3,110,37,7.0710000000000015,False,1,1,29.3,7.0710000000000015
8,180,Richarlison,11,4,76,37,8.515,False,1,1,12.4,8.515
9,337,Ings,7,4,77,37,9.082,True,2,1,10.4,18.164
10,357,Kane,6,4,124,37,6.777,False,1,1,20.2,6.777
11,112,Pope,90,1,53,37,6.44,False,0,0,3.5,0.0
12,433,Jonny,39,2,45,37,5.335,False,0,0,0.6,0.0
13,144,Gallagher,31,3,60,37,5.928,False,0,0,11.8,0.0
14,160,Eze,31,3,59,37,6.8100000000000005,False,0,0,0.2,0.0
