,player_id,web_name,team_code,element_type,now_cost,event,points_md,is_captain,multiplier,starting_lineup,selected_by_percent,gw_points
0,307,Ederson,43,1,54,23,7.7479999999999976,False,1,1,14.0,7.7479999999999976
1,284,Robertson,14,2,68,23,4.645,False,1,1,5.3,4.645
2,285,Alexander-Arnold,14,2,73,23,5.331,False,1,1,16.3,5.331
3,358,Burn,4,2,46,23,3.9339999999999997,False,1,1,4.2,3.9339999999999997
4,7,Ødegaard,3,3,70,23,8.394,False,1,1,36.0,8.394
5,13,Saka,3,3,83,23,9.652,False,1,1,28.2,9.652
6,283,Salah,14,3,127,23,6.806,False,1,1,22.4,6.806
7,315,Rodri,43,3,56,23,6.3389999999999995,False,1,1,1.7,6.3389999999999995
8,11,Nketiah,3,4,68,23,9.328,False,1,1,10.3,9.328
9,210,Mitrović,54,4,70,23,5.148,False,1,1,26.8,5.148
10,318,Haaland,43,4,122,23,11.927,True,2,1,85.5,23.854
11,426,Forster,6,1,39,23,3.405,False,0,0,3.7,0.0
12,463,Coufal,21,2,41,23,2.331,False,0,0,0.7,0.0
13,558,Bueno,39,2,39,23,2.47,False,0,0,6.4,0.0
14,346,Andreas,54,3,44,23,3.8310000000000004,False,0,0,18.7,0.0
