,player_id,web_name,team_code,element_type,now_cost,event,points_md,is_captain,multiplier,starting_lineup,selected_by_percent,gw_points
0,478,Sá,39,1,50,23,3.747,False,1,1,4.9,3.747
1,276,Matip,14,2,59,23,4.263,False,1,1,0.8,4.263
2,309,Laporte,43,2,57,23,5.836,False,1,1,0.6,5.836
3,358,Burn,4,2,46,23,3.9339999999999997,False,1,1,4.2,3.9339999999999997
4,3,Xhaka,3,3,49,23,6.102,False,1,1,2.8,6.102
5,6,Partey,3,3,47,23,4.856,False,1,1,0.5,4.856
6,305,Grealish,43,3,68,23,5.6549999999999985,False,1,1,1.7,5.6549999999999985
7,315,Rodri,43,3,56,23,6.3389999999999995,True,2,1,1.7,12.677999999999999
8,680,Gakpo,14,3,77,23,4.9110000000000005,False,1,1,0.7,4.9110000000000005
9,145,Havertz,8,4,78,23,4.114,False,1,1,4.7,4.114
10,356,Wilson,4,4,71,23,4.811,False,1,1,4.4,4.811
11,2,Leno,54,1,45,23,3.6260000000000003,False,0,0,2.4,0.0
12,215,Tete,54,2,44,23,3.667,False,0,0,0.4,0.0
13,286,Gomez,14,2,43,23,3.6060000000000003,False,0,0,1.1,0.0
14,227,Bamford,2,4,72,23,3.821,False,0,0,0.7,0.0
