,player_id,web_name,team_code,element_type,now_cost,event,points_md,is_captain,multiplier,starting_lineup,selected_by_percent,gw_points
0,152,Guaita,31,1,44,27,6.404,False,1,1,2.1,6.404
1,85,Henry,94,2,45,27,6.615,False,1,1,3.1,6.615
2,106,Dunk,36,2,47,27,7.422999999999999,False,1,1,4.9,7.422999999999999
3,108,Webster,36,2,45,27,6.398999999999999,False,1,1,0.4,6.398999999999999
4,88,Jensen,94,3,48,27,6.16,False,1,1,1.4,6.16
5,116,Mac Allister,36,3,54,27,8.607000000000001,True,2,1,3.3,17.214000000000002
6,159,J.Ayew,31,3,53,27,5.388,False,1,1,0.2,5.388
7,171,Olise,31,3,54,27,5.627000000000002,False,1,1,0.5,5.627000000000002
8,731,Kamaldeen,20,3,50,27,4.79,False,1,1,0.0,4.79
9,95,Mbeumo,94,4,58,27,6.984,False,1,1,4.3,6.984
10,732,Onuachu,20,4,55,27,5.106,False,1,1,0.0,5.106
11,422,Bazunu,20,1,45,27,6.126,False,0,0,0.6,0.0
12,342,Dalot,1,2,47,27,4.103,False,0,0,4.2,0.0
13,445,Emerson Royal,6,2,50,27,4.4110000000000005,False,0,0,3.7,0.0
14,690,João Félix,8,4,76,27,3.883,False,0,0,3.7,0.0
