,player_id,web_name,team_code,element_type,now_cost,event,points_md,is_captain,multiplier,starting_lineup,selected_by_percent,gw_points
0,152,Guaita,31,1,44,27,6.3420000000000005,False,1,1,2.1,6.3420000000000005
1,85,Henry,94,2,45,27,6.787000000000001,False,1,1,3.1,6.787000000000001
2,106,Dunk,36,2,47,27,7.422999999999999,False,1,1,4.9,7.422999999999999
3,285,Alexander-Arnold,14,2,73,27,4.99,False,1,1,19.9,4.99
4,332,Shaw,1,2,53,27,4.6530000000000005,False,1,1,21.5,4.6530000000000005
5,116,Mac Allister,36,3,54,27,8.693,True,2,1,3.4,17.386
6,124,Mitoma,36,3,54,27,8.644,False,1,1,16.1,8.644
7,335,Rashford,1,3,73,27,6.775,False,1,1,54.0,6.775
8,407,Ward-Prowse,20,3,63,27,6.627000000000002,False,1,1,6.0,6.627000000000002
9,80,Toney,94,4,77,27,7.592,False,1,1,32.5,7.592
10,427,Kane,6,4,117,27,6.871,False,1,1,38.4,6.871
11,422,Bazunu,20,1,45,27,6.144,False,0,0,0.6,0.0
12,526,Mee,94,2,51,27,7.081,False,0,0,16.3,0.0
13,160,Zaha,31,3,72,27,7.3820000000000014,False,0,0,7.2,0.0
14,318,Haaland,43,4,122,27,6.22,False,0,0,85.1,0.0
