,player_id,web_name,team_code,element_type,now_cost,event,points_md,is_captain,multiplier,starting_lineup,selected_by_percent,gw_points
0,2,Leno,54,1,45,23,3.7880000000000003,False,1,1,2.4,3.7880000000000003
1,276,Matip,14,2,59,23,4.376,False,1,1,0.8,4.376
2,309,Laporte,43,2,57,23,6.377000000000002,True,2,1,0.6,12.754000000000003
3,358,Burn,4,2,46,23,3.8819999999999997,False,1,1,4.2,3.8819999999999997
4,3,Xhaka,3,3,49,23,5.981,False,1,1,2.8,5.981
5,6,Partey,3,3,47,23,5.037,False,1,1,0.5,5.037
6,305,Grealish,43,3,68,23,5.771,False,1,1,1.6,5.771
7,315,Rodri,43,3,56,23,6.287000000000001,False,1,1,1.6,6.287000000000001
8,680,Gakpo,14,3,77,23,4.729,False,1,1,0.7,4.729
9,145,Havertz,8,4,78,23,3.812,False,1,1,4.8,3.812
10,356,Wilson,4,4,71,23,4.853,False,1,1,4.3,4.853
11,478,Sá,39,1,50,23,3.741,False,0,0,4.9,0.0
12,286,Gomez,14,2,43,23,3.76,False,0,0,1.1,0.0
13,470,Diop,54,2,43,23,3.6210000000000004,False,0,0,0.3,0.0
14,394,Johnson,17,4,56,23,3.676,False,0,0,1.9,0.0
