,player_id,web_name,team_code,element_type,now_cost,event,points_md,is_captain,multiplier,starting_lineup,selected_by_percent,gw_points
0,31,Martínez,7,1,49,26,3.773,False,1,1,4.2,3.773
1,85,Henry,94,2,45,26,3.477,False,1,1,1.2,3.477
2,106,Dunk,36,2,47,26,3.8169999999999997,False,1,1,4.4,3.8169999999999997
3,139,Chilwell,8,2,58,26,3.534,False,1,1,1.8,3.534
4,42,Buendía,7,3,57,26,3.628,False,1,1,0.5,3.628
5,116,Mac Allister,36,3,54,26,4.569,True,2,1,2.4,9.138
6,493,Gibbs-White,17,3,55,26,3.863,False,1,1,0.5,3.863
7,715,Tetê,13,3,55,26,3.5869999999999997,False,1,1,0.2,3.5869999999999997
8,145,Havertz,8,4,76,26,3.783,False,1,1,3.8,3.783
9,394,Johnson,17,4,57,26,3.842,False,1,1,2.3,3.842
10,690,João Félix,8,4,76,26,4.1819999999999995,False,1,1,3.9,4.1819999999999995
11,729,Navas,17,1,45,26,3.676,False,0,0,0.8,0.0
12,44,Konsa,7,2,44,26,3.261,False,0,0,0.4,0.0
13,510,Hickey,94,2,49,26,3.2760000000000002,False,0,0,0.2,0.0
14,465,Bowen,21,3,80,26,3.555,False,0,0,2.9,0.0
