,player_id,web_name,team_code,element_type,now_cost,event,points_md,is_captain,multiplier,starting_lineup,selected_by_percent,gw_points
0,213,Meslier,2,1,47,25,7.1560000000000015,False,1,1,5.8,7.1560000000000015
1,74,White,36,2,44,25,3.832,False,1,1,1.9,3.832
2,300,Shaw,1,2,50,25,5.074,False,1,1,8.0,5.074
3,572,Adarabioyo,54,2,45,25,3.97,False,1,1,0.5,3.97
4,254,Salah,14,3,126,25,6.789,False,1,1,42.9,6.789
5,302,Fernandes,1,3,115,25,6.705,False,1,1,59.9,6.705
6,306,Rashford,1,3,96,25,6.182,False,1,1,12.0,6.182
7,570,Raphinha,2,3,54,25,7.774,False,1,1,5.9,7.774
8,202,Bamford,2,4,69,25,9.473,True,2,1,55.8,18.946
9,366,Ings,20,4,84,25,7.9,False,1,1,13.2,7.9
10,514,Watkins,7,4,65,25,4.177,False,1,1,23.1,4.177
11,363,McCarthy,20,1,45,25,6.319,False,0,0,16.4,0.0
12,62,Dunk,36,2,49,25,4.22,False,0,0,4.9,0.0
13,88,Mee,90,2,51,25,3.926,False,0,0,7.0,0.0
14,370,Ward-Prowse,20,3,60,25,6.276,False,0,0,8.1,0.0
