,player_id,web_name,team_code,element_type,now_cost,event,points_md,is_captain,multiplier,starting_lineup,selected_by_percent,gw_points
0,307,Ederson,43,1,54,20,6.4350000000000005,False,1,1,13.4,6.4350000000000005
1,357,Trippier,4,2,59,20,4.367,False,1,1,67.0,4.367
2,358,Burn,4,2,45,20,3.9389999999999996,False,1,1,2.0,3.9389999999999996
3,526,Mee,94,2,46,20,4.084,False,1,1,5.9,4.084
4,225,Rodrigo,2,3,63,20,5.683,False,1,1,6.4,5.683
5,301,De Bruyne,43,3,125,20,7.682,False,1,1,36.5,7.682
6,335,Rashford,1,3,69,20,5.845,False,1,1,36.1,5.845
7,428,Son,6,3,116,20,6.766,False,1,1,5.9,6.766
8,318,Haaland,43,4,122,20,10.103000000000002,True,2,1,84.8,20.206000000000003
9,345,Martial,1,4,66,20,5.901,False,1,1,4.9,5.901
10,356,Wilson,4,4,72,20,5.162999999999999,False,1,1,5.0,5.162999999999999
11,254,Ward,13,1,41,20,3.6510000000000002,False,0,0,31.2,0.0
12,197,Patterson,11,2,40,20,3.005,False,0,0,5.8,0.0
13,558,Bueno,39,2,39,20,2.392,False,0,0,5.8,0.0
14,240,Summerville,2,3,43,20,3.3120000000000003,False,0,0,1.0,0.0
