,player_id,web_name,team_code,element_type,now_cost,event,points_md,is_captain,multiplier,starting_lineup,selected_by_percent,gw_points
0,307,Ederson,43,1,54,20,6.497000000000001,False,1,1,13.4,6.497000000000001
1,329,Varane,1,2,48,20,3.923,False,1,1,2.8,3.923
2,357,Trippier,4,2,59,20,4.124,False,1,1,67.0,4.124
3,526,Mee,94,2,46,20,4.0760000000000005,False,1,1,5.9,4.0760000000000005
4,225,Rodrigo,2,3,63,20,5.474,False,1,1,6.4,5.474
5,301,De Bruyne,43,3,125,20,7.8610000000000015,False,1,1,36.5,7.8610000000000015
6,335,Rashford,1,3,69,20,5.506,False,1,1,36.1,5.506
7,428,Son,6,3,116,20,6.6709999999999985,False,1,1,5.9,6.6709999999999985
8,318,Haaland,43,4,122,20,10.237,True,2,1,84.8,20.474
9,345,Martial,1,4,66,20,6.0470000000000015,False,1,1,4.9,6.0470000000000015
10,356,Wilson,4,4,72,20,5.3420000000000005,False,1,1,5.0,5.3420000000000005
11,353,Darlow,4,1,39,20,0.0,False,0,0,1.0,0.0
12,96,Goode,94,2,39,20,0.0,False,0,0,0.6,0.0
13,489,Toti,39,2,39,20,0.284,False,0,0,1.5,0.0
14,173,Ebiowei,31,3,42,20,0.44,False,0,0,0.4,0.0
