,player_id,web_name,team_code,element_type,now_cost,event,points_md,is_captain,multiplier,starting_lineup,selected_by_percent,gw_points
0,307,Ederson,43,1,54,20,6.497000000000001,False,1,1,13.4,6.497000000000001
1,85,Henry,94,2,45,20,3.8080000000000003,False,1,1,1.0,3.8080000000000003
2,329,Varane,1,2,48,20,3.923,False,1,1,2.8,3.923
3,526,Mee,94,2,46,20,4.0760000000000005,False,1,1,5.9,4.0760000000000005
4,225,Rodrigo,2,3,63,20,5.474,False,1,1,6.4,5.474
5,301,De Bruyne,43,3,125,20,7.8610000000000015,False,1,1,36.5,7.8610000000000015
6,335,Rashford,1,3,69,20,5.506,False,1,1,36.1,5.506
7,428,Son,6,3,116,20,6.6709999999999985,False,1,1,5.9,6.6709999999999985
8,318,Haaland,43,4,122,20,10.237,True,2,1,84.8,20.474
9,345,Martial,1,4,66,20,6.0470000000000015,False,1,1,4.9,6.0470000000000015
10,356,Wilson,4,4,72,20,5.3420000000000005,False,1,1,5.0,5.3420000000000005
11,238,Meslier,2,1,45,20,4.478,False,0,0,1.8,0.0
12,197,Patterson,11,2,40,20,2.9789999999999996,False,0,0,5.8,0.0
13,377,Botman,4,2,44,20,3.733,False,0,0,4.3,0.0
14,45,Bailey,7,3,45,20,3.6289999999999996,False,0,0,4.0,0.0
