,player_id,web_name,team_code,element_type,now_cost,event,points_md,is_captain,multiplier,starting_lineup,selected_by_percent,gw_points
0,307,Ederson,43,1,54,24,4.187,False,1,1,14.4,4.187
1,106,Dunk,36,2,47,24,4.015,False,1,1,5.0,4.015
2,146,James,8,2,58,24,4.249,False,1,1,12.8,4.249
3,448,Perišić,6,2,55,24,4.02,False,1,1,19.3,4.02
4,459,Dawson,39,2,48,24,3.9960000000000004,False,1,1,0.4,3.9960000000000004
5,13,Saka,3,3,83,24,5.035,False,1,1,31.9,5.035
6,124,Mitoma,36,3,53,24,4.68,False,1,1,13.6,4.68
7,335,Rashford,1,3,73,24,5.846,False,1,1,54.4,5.846
8,80,Toney,94,4,76,24,5.369,False,1,1,29.8,5.369
9,318,Haaland,43,4,122,24,6.928999999999999,True,2,1,85.4,13.857999999999999
10,690,João Félix,8,4,75,24,4.902,False,1,1,2.2,4.902
11,133,Arrizabalaga,8,1,46,24,4.149,False,0,0,8.6,0.0
12,526,Mee,94,2,49,24,4.001,False,0,0,13.0,0.0
13,116,Mac Allister,36,3,54,24,4.629,False,0,0,2.5,0.0
14,333,Fernandes,1,3,99,24,5.334,False,0,0,12.1,0.0
