,player_id,web_name,team_code,element_type,now_cost,event,points_md,is_captain,multiplier,starting_lineup,selected_by_percent,gw_points
0,307,Ederson,43,1,54,24,4.187,False,1,1,14.4,4.187
1,106,Dunk,36,2,47,24,4.015,False,1,1,5.0,4.015
2,146,James,8,2,58,24,4.249,False,1,1,12.8,4.249
3,448,Perišić,6,2,55,24,4.02,False,1,1,19.3,4.02
4,13,Saka,3,3,83,24,5.035,False,1,1,31.9,5.035
5,124,Mitoma,36,3,53,24,4.68,False,1,1,13.6,4.68
6,333,Fernandes,1,3,99,24,5.334,False,1,1,12.1,5.334
7,335,Rashford,1,3,73,24,5.846,False,1,1,54.4,5.846
8,80,Toney,94,4,76,24,5.369,False,1,1,29.8,5.369
9,318,Haaland,43,4,122,24,6.928999999999999,True,2,1,85.4,13.857999999999999
10,427,Kane,6,4,118,24,6.046,False,1,1,38.0,6.046
11,238,Meslier,2,1,45,24,3.4589999999999996,False,0,0,1.9,0.0
12,322,Wilson-Esbrand,43,2,38,24,0.0,False,0,0,0.8,0.0
13,343,B.Williams,1,2,38,24,0.001,False,0,0,3.0,0.0
14,378,Arter,17,3,41,24,0.0,False,0,0,0.2,0.0
