,player_id,web_name,team_code,element_type,now_cost,event,points_md,is_captain,multiplier,starting_lineup,selected_by_percent,gw_points
0,31,Martínez,7,1,49,26,3.728,False,1,1,4.2,3.728
1,92,Pinnock,94,2,44,26,3.2889999999999997,False,1,1,0.2,3.2889999999999997
2,106,Dunk,36,2,47,26,3.6519999999999997,False,1,1,4.4,3.6519999999999997
3,139,Chilwell,8,2,58,26,3.593,False,1,1,1.8,3.593
4,42,Buendía,7,3,57,26,3.645,False,1,1,0.5,3.645
5,45,Bailey,7,3,44,26,3.528,False,1,1,3.7,3.528
6,116,Mac Allister,36,3,54,26,4.563,False,1,1,2.4,4.563
7,493,Gibbs-White,17,3,55,26,4.194,False,1,1,0.5,4.194
8,715,Tetê,13,3,55,26,3.6919999999999997,False,1,1,0.2,3.6919999999999997
9,394,Johnson,17,4,57,26,4.047,False,1,1,2.3,4.047
10,690,João Félix,8,4,76,26,4.695,True,2,1,3.9,9.39
11,729,Navas,17,1,45,26,3.6239999999999997,False,0,0,0.8,0.0
12,85,Henry,94,2,45,26,3.1830000000000003,False,0,0,1.2,0.0
13,445,Emerson Royal,6,2,49,26,3.275,False,0,0,2.6,0.0
14,732,Onuachu,20,4,55,26,3.37,False,0,0,0.0,0.0
