,player_id,web_name,team_code,element_type,now_cost,event,points_md,is_captain,multiplier,starting_lineup,selected_by_percent,gw_points
0,281,Alisson,14,1,54,9,4.17,False,1,1,14.3,4.17
1,146,James,8,2,60,9,4.0489999999999995,False,1,1,35.4,4.0489999999999995
2,249,Evans,13,2,44,9,3.4960000000000004,False,1,1,0.3,3.4960000000000004
3,285,Alexander-Arnold,14,2,74,9,5.047,False,1,1,37.0,5.047
4,292,Tsimikas,14,2,45,9,3.943,False,1,1,0.2,3.943
5,233,Harrison,2,3,62,9,3.844,False,1,1,4.8,3.844
6,261,Maddison,13,3,79,9,5.367999999999999,False,1,1,5.4,5.367999999999999
7,465,Bowen,21,3,81,9,5.012,False,1,1,4.0,5.012
8,66,Solanke,91,4,57,9,4.2989999999999995,False,1,1,0.5,4.2989999999999995
9,210,Mitrović,54,4,69,9,5.075,False,1,1,30.4,5.075
10,318,Haaland,43,4,120,9,6.5429999999999975,True,2,1,80.8,13.085999999999995
11,307,Ederson,43,1,55,9,4.02,False,0,0,16.4,0.0
12,306,Cancelo,43,2,72,9,4.284,False,0,0,51.3,0.0
13,160,Zaha,31,3,72,9,4.2589999999999995,False,0,0,14.9,0.0
14,195,Gordon,11,3,56,9,3.885,False,0,0,4.8,0.0
