,player_id,web_name,team_code,element_type,now_cost,event,points_md,is_captain,multiplier,starting_lineup,selected_by_percent,gw_points
0,307,Ederson,43,1,55,9,3.917,False,1,1,16.4,3.917
1,249,Evans,13,2,44,9,3.463,False,1,1,0.3,3.463
2,285,Alexander-Arnold,14,2,74,9,5.092,False,1,1,37.0,5.092
3,292,Tsimikas,14,2,45,9,3.5860000000000003,False,1,1,0.2,3.5860000000000003
4,160,Zaha,31,3,72,9,4.393,False,1,1,14.8,4.393
5,261,Maddison,13,3,79,9,5.3210000000000015,False,1,1,5.3,5.3210000000000015
6,283,Salah,14,3,129,9,6.3020000000000005,False,1,1,35.6,6.3020000000000005
7,465,Bowen,21,3,81,9,4.752,False,1,1,4.0,4.752
8,80,Toney,94,4,72,9,4.681,False,1,1,20.1,4.681
9,210,Mitrović,54,4,69,9,5.039,False,1,1,30.4,5.039
10,318,Haaland,43,4,120,9,6.591,True,2,1,80.8,13.182
11,24,Turner,3,1,39,9,0.004,False,0,0,1.5,0.0
12,96,Goode,94,2,39,9,0.0,False,0,0,0.6,0.0
13,322,Wilson-Esbrand,43,2,39,9,0.039,False,0,0,0.7,0.0
14,383,Cafú,17,3,43,9,0.03,False,0,0,0.4,0.0
