,player_id,web_name,team_code,element_type,now_cost,event,points_md,is_captain,multiplier,starting_lineup,selected_by_percent,gw_points
0,281,Alisson,14,1,54,9,4.072,False,1,1,14.3,4.072
1,249,Evans,13,2,44,9,3.463,False,1,1,0.3,3.463
2,285,Alexander-Arnold,14,2,74,9,5.092,False,1,1,37.0,5.092
3,306,Cancelo,43,2,72,9,4.365,False,1,1,51.3,4.365
4,160,Zaha,31,3,72,9,4.393,False,1,1,14.8,4.393
5,195,Gordon,11,3,56,9,3.6889999999999996,False,1,1,4.8,3.6889999999999996
6,261,Maddison,13,3,79,9,5.3210000000000015,False,1,1,5.3,5.3210000000000015
7,407,Ward-Prowse,20,3,65,9,4.0,False,1,1,9.2,4.0
8,66,Solanke,91,4,57,9,4.184,False,1,1,0.5,4.184
9,210,Mitrović,54,4,69,9,5.039,False,1,1,30.4,5.039
10,318,Haaland,43,4,120,9,6.591,True,2,1,80.8,13.182
11,307,Ederson,43,1,55,9,3.917,False,0,0,16.4,0.0
12,268,Justin,13,2,43,9,3.418,False,0,0,0.9,0.0
13,276,Matip,14,2,59,9,4.069,False,0,0,0.9,0.0
14,465,Bowen,21,3,81,9,4.752,False,0,0,4.0,0.0
