,player_id,web_name,team_code,element_type,now_cost,event,points_md,is_captain,multiplier,starting_lineup,selected_by_percent,gw_points
0,182,Pickford,11,1,45,3,3.807,False,1,1,5.6,3.807
1,146,James,8,2,61,3,4.841,False,1,1,43.6,4.841
2,258,Castagne,13,2,45,3,3.7889999999999997,False,1,1,2.0,3.7889999999999997
3,285,Alexander-Arnold,14,2,75,3,4.4860000000000015,False,1,1,52.2,4.4860000000000015
4,160,Zaha,31,3,70,3,4.846,False,1,1,8.1,4.846
5,189,Gray,11,3,55,3,4.36,False,1,1,0.9,4.36
6,261,Maddison,13,3,80,3,5.202999999999999,False,1,1,5.7,5.202999999999999
7,283,Salah,14,3,130,3,6.407,True,2,1,61.1,12.814
8,293,Luis Díaz,14,3,80,3,5.206,False,1,1,21.6,5.206
9,210,Mitrović,54,4,66,3,4.888,False,1,1,16.3,4.888
10,427,Kane,6,4,114,3,6.216,False,1,1,17.2,6.216
11,254,Ward,13,1,40,3,3.492,False,0,0,27.5,0.0
12,197,Patterson,11,2,40,3,3.283,False,0,0,6.0,0.0
13,435,Sánchez,6,2,44,3,3.263,False,0,0,0.6,0.0
14,166,Edouard,31,4,55,3,3.428,False,0,0,2.7,0.0
