,player_id,web_name,team_code,element_type,now_cost,event,points_md,is_captain,multiplier,starting_lineup,selected_by_percent,gw_points
0,548,Mendy,8,1,51,21,4.37,False,1,1,6.7,4.37
1,155,Digne,11,2,60,21,4.654,False,1,1,5.3,4.654
2,273,Stones,43,2,52,21,5.212999999999999,False,1,1,19.1,5.212999999999999
3,490,Thiago Silva,8,2,56,21,4.418,False,1,1,4.1,4.418
4,556,Dias,43,2,59,21,5.4220000000000015,False,1,1,15.6,5.4220000000000015
5,235,Barnes,13,3,68,21,4.342,False,1,1,5.8,4.342
6,254,Salah,14,3,125,21,5.86,False,1,1,37.6,5.86
7,276,Sterling,43,3,115,21,6.369,True,2,1,10.1,12.738
8,390,Son,6,3,97,21,4.773,False,1,1,59.1,4.773
9,508,Rodríguez,11,3,77,21,4.575,False,1,1,8.6,4.575
10,164,Calvert-Lewin,11,4,76,21,4.905,False,1,1,28.2,4.905
11,578,Henderson,31,1,40,21,0.0,False,0,0,0.5,0.0
12,196,Douglas,2,2,38,21,0.0,False,0,0,4.0,0.0
13,50,Davis,7,4,43,21,0.179,False,0,0,9.3,0.0
14,51,Vassilev,7,4,43,21,0.0,False,0,0,0.6,0.0
