,player_id,web_name,team_code,element_type,now_cost,event,points_md,is_captain,multiplier,starting_lineup,selected_by_percent,gw_points
0,516,Areola,54,1,45,21,3.788,False,1,1,2.9,3.788
1,162,Mina,11,2,56,21,3.697,False,1,1,3.1,3.697
2,182,Bryan,54,2,46,21,3.5610000000000004,False,1,1,0.3,3.5610000000000004
3,490,Thiago Silva,8,2,56,21,4.363,True,2,1,4.1,8.726
4,119,Pulisic,8,3,82,21,4.021,False,1,1,2.2,4.021
5,228,Tielemans,13,3,64,21,4.038,False,1,1,2.5,4.038
6,275,Mahrez,43,3,81,21,3.991,False,1,1,3.3,3.991
7,281,Bernardo Silva,43,3,74,21,4.209,False,1,1,1.0,4.209
8,557,Lookman,54,3,50,21,4.155,False,1,1,1.4,4.155
9,233,Iheanacho,13,4,56,21,4.005,False,1,1,0.3,4.005
10,249,Firmino,14,4,93,21,4.282,False,1,1,4.4,4.282
11,455,Patrício,39,1,54,21,3.661,False,0,0,4.7,0.0
12,246,Matip,14,2,54,21,3.497,False,0,0,0.6,0.0
13,391,Dier,6,2,50,21,3.408,False,0,0,4.8,0.0
14,166,Richarlison,11,4,78,21,3.902,False,0,0,4.2,0.0
