,ID,Points,Minutes,sim
0,14,1,90,1
1,27,2,90,1
2,62,2,90,1
3,64,7,90,1
4,70,1,90,1
5,71,2,90,1
6,77,2,90,1
7,78,7,90,1
8,81,1,90,1
9,82,2,90,1
10,85,1,90,1
11,88,2,90,1
12,89,2,90,1
13,91,4,90,1
14,95,2,90,1
15,98,2,90,1
16,99,5,90,1
17,101,2,90,1
18,106,2,90,1
19,110,2,90,1
20,111,2,90,1
21,115,2,90,1
22,117,2,90,1
23,120,2,90,1
24,121,2,90,1
25,122,2,90,1
26,126,7,90,1
27,135,5,90,1
28,144,2,90,1
29,146,2,90,1
30,148,4,90,1
31,152,1,90,1
32,157,8,90,1
33,159,9,90,1
34,162,6,90,1
35,163,6,90,1
36,168,8,90,1
37,180,2,90,1
38,181,3,90,1
39,182,14,90,1
40,185,6,90,1
41,188,2,90,1
42,191,1,90,1
43,217,2,90,1
44,219,1,90,1
45,222,2,90,1
46,224,2,90,1
47,230,2,90,1
48,231,1,90,1
49,232,2,90,1
50,235,1,90,1
51,236,1,90,1
52,239,5,90,1
53,240,5,90,1
54,241,1,90,1
55,245,2,90,1
56,247,12,90,1
57,248,4,90,1
58,249,2,90,1
59,255,1,90,1
60,257,1,90,1
61,263,2,90,1
62,270,2,90,1
63,275,2,90,1
64,278,2,90,1
65,282,2,90,1
66,285,2,90,1
67,288,1,90,1
68,291,1,90,1
69,293,2,90,1
70,295,1,90,1
71,296,1,90,1
72,300,2,90,1
73,302,1,90,1
74,305,1,90,1
75,310,6,90,1
76,311,6,90,1
77,313,6,90,1
78,323,3,90,1
79,326,6,90,1
80,328,10,90,1
81,329,6,90,1
82,335,9,90,1
83,336,3,90,1
84,337,6,90,1
85,339,6,90,1
86,366,4,90,1
87,368,7,90,1
88,369,1,90,1
89,370,2,90,1
90,375,6,90,1
91,378,2,90,1
92,383,4,90,1
93,387,4,90,1
94,388,2,90,1
95,392,11,90,1
96,393,6,90,1
97,394,4,90,1
98,401,2,90,1
99,409,8,90,1
100,413,6,90,1
101,415,6,90,1
102,417,6,90,1
103,418,6,90,1
104,420,3,90,1
105,422,6,90,1
106,423,3,90,1
107,431,8,90,1
108,433,3,90,1
109,436,6,90,1
110,437,9,90,1
111,443,6,90,1
112,444,6,90,1
113,447,3,90,1
114,449,3,90,1
115,450,2,90,1
116,455,1,90,1
117,461,9,90,1
118,462,7,90,1
119,470,6,90,1
120,472,1,90,1
121,476,4,90,1
122,480,2,90,1
123,481,2,90,1
124,491,2,90,1
125,495,2,90,1
126,498,2,90,1
127,504,2,90,1
128,505,2,90,1
129,508,3,90,1
130,511,2,90,1
131,513,2,90,1
132,514,3,90,1
133,518,2,90,1
134,524,2,90,1
135,525,7,90,1
136,528,2,90,1
137,530,2,90,1
138,531,5,90,1
139,533,6,90,1
140,535,6,90,1
141,541,10,90,1
142,543,6,90,1
143,554,6,90,1
144,559,6,90,1
145,560,6,90,1
146,564,6,90,1
147,567,15,90,1
148,573,6,90,1
149,580,2,90,1
150,582,4,90,1
151,583,2,90,1
152,590,2,90,1
153,591,2,90,1
154,594,1,90,1
155,595,5,90,1
156,612,2,90,1
157,617,5,90,1
158,619,2,90,1
159,622,2,90,1
160,629,2,90,1
161,630,2,90,1
162,631,2,90,1
163,634,2,90,1
164,635,2,90,1
165,642,6,90,1
166,652,2,90,1
167,677,2,90,1
168,697,6,90,1
169,714,2,90,1
170,718,1,90,1
171,720,6,90,1
172,764,2,90,1
173,766,4,90,1
174,768,2,90,1
175,770,8,90,1
0,14,1,90,2
1,27,2,90,2
2,60,2,90,2
3,64,5,90,2
4,70,1,90,2
5,71,5,90,2
6,78,2,90,2
7,81,1,90,2
8,82,2,90,2
9,83,5,90,2
10,85,1,90,2
11,86,6,90,2
12,88,10,90,2
13,91,6,90,2
14,92,6,90,2
15,94,3,90,2
16,98,3,90,2
17,99,3,90,2
18,106,8,90,2
19,110,9,90,2
20,115,3,90,2
21,117,5,90,2
22,120,12,90,2
23,121,2,90,2
24,122,7,90,2
25,126,3,90,2
26,135,5,90,2
27,144,6,90,2
28,146,6,90,2
29,148,2,90,2
30,149,3,90,2
31,152,1,90,2
32,157,2,90,2
33,159,2,90,2
34,162,2,90,2
35,163,2,90,2
36,168,4,90,2
37,171,2,90,2
38,177,2,90,2
39,180,3,90,2
40,182,5,90,2
41,185,8,90,2
42,191,6,90,2
43,219,2,90,2
44,223,2,90,2
45,224,5,90,2
46,230,2,90,2
47,231,2,90,2
48,232,6,90,2
49,235,2,90,2
50,236,2,90,2
51,237,2,90,2
52,241,6,90,2
53,244,6,90,2
54,248,8,90,2
55,249,3,90,2
56,252,12,90,2
57,255,6,90,2
58,259,6,90,2
59,262,2,90,2
60,265,2,90,2
61,270,0,90,2
62,275,3,90,2
63,278,2,90,2
64,282,0,90,2
65,285,2,90,2
66,288,1,90,2
67,291,1,90,2
68,293,1,90,2
69,296,7,90,2
70,300,2,90,2
71,302,1,90,2
72,305,1,90,2
73,306,2,90,2
74,310,6,90,2
75,311,6,90,2
76,321,2,90,2
77,323,3,90,2
78,326,7,90,2
79,327,10,90,2
80,328,8,90,2
81,329,8,90,2
82,333,6,90,2
83,336,12,90,2
84,338,6,90,2
85,339,9,90,2
86,366,8,90,2
87,368,2,90,2
88,369,1,90,2
89,370,2,90,2
90,372,2,90,2
91,375,5,90,2
92,377,7,90,2
93,383,1,90,2
94,386,2,90,2
95,388,2,90,2
96,392,3,90,2
97,394,3,90,2
98,395,6,90,2
99,398,9,90,2
100,401,7,90,2
101,403,3,90,2
102,409,12,90,2
103,413,8,90,2
104,415,12,90,2
105,417,8,90,2
106,418,6,90,2
107,423,2,90,2
108,429,2,90,2
109,431,2,90,2
110,433,4,90,2
111,434,2,90,2
112,436,1,90,2
113,437,1,90,2
114,443,1,90,2
115,447,5,90,2
116,449,2,90,2
117,450,2,90,2
118,455,1,90,2
119,461,1,90,2
120,470,2,90,2
121,472,1,90,2
122,474,1,90,2
123,476,1,90,2
124,480,2,90,2
125,481,2,90,2
126,491,2,90,2
127,495,1,90,2
128,498,1,90,2
129,503,2,90,2
130,504,1,90,2
131,506,1,90,2
132,508,1,90,2
133,513,2,90,2
134,514,2,90,2
135,518,2,90,2
136,524,2,90,2
137,525,2,90,2
138,527,2,90,2
139,530,2,90,2
140,531,2,90,2
141,533,2,90,2
142,535,2,90,2
143,541,11,90,2
144,553,5,90,2
145,554,2,90,2
146,559,2,90,2
147,564,2,90,2
148,566,5,90,2
149,572,1,90,2
150,573,1,90,2
151,579,12,90,2
152,580,9,90,2
153,582,5,90,2
154,583,0,90,2
155,591,2,90,2
156,594,1,90,2
157,608,2,90,2
158,617,6,90,2
159,619,2,90,2
160,622,8,90,2
161,623,3,90,2
162,629,8,90,2
163,630,0,90,2
164,634,3,90,2
165,635,2,90,2
166,642,2,90,2
167,654,2,90,2
168,677,2,90,2
169,714,3,90,2
170,720,2,90,2
171,764,0,90,2
172,766,1,90,2
173,768,2,90,2
174,770,7,90,2
175,772,3,90,2
0,14,2,90,3
1,60,2,90,3
2,64,2,90,3
3,70,2,90,3
4,71,2,90,3
5,77,2,90,3
6,78,4,90,3
7,82,5,90,3
8,85,2,90,3
9,88,1,90,3
10,89,2,90,3
11,91,3,90,3
12,94,2,90,3
13,98,2,90,3
14,99,3,90,3
15,101,2,90,3
16,104,1,90,3
17,106,7,90,3
18,110,5,90,3
19,115,2,90,3
20,120,2,90,3
21,121,15,90,3
22,122,5,90,3
23,135,5,90,3
24,136,2,90,3
25,144,4,90,3
26,146,2,90,3
27,148,15,90,3
28,152,2,90,3
29,157,3,90,3
30,159,6,90,3
31,162,9,90,3
32,163,7,90,3
33,177,8,90,3
34,180,6,90,3
35,181,6,90,3
36,182,9,90,3
37,185,6,90,3
38,188,2,90,3
39,191,2,90,3
40,217,2,90,3
41,219,1,90,3
42,222,2,90,3
43,223,2,90,3
44,230,2,90,3
45,231,1,90,3
46,232,2,90,3
47,235,1,90,3
48,236,1,90,3
49,240,7,90,3
50,241,4,90,3
51,244,2,90,3
52,247,8,90,3
53,248,2,90,3
54,249,5,90,3
55,252,6,90,3
56,255,2,90,3
57,262,7,90,3
58,263,2,90,3
59,275,5,90,3
60,278,2,90,3
61,281,2,90,3
62,282,2,90,3
63,285,3,90,3
64,288,7,90,3
65,289,2,90,3
66,291,6,90,3
67,293,6,90,3
68,295,6,90,3
69,296,6,90,3
70,298,3,90,3
71,300,3,90,3
72,302,6,90,3
73,306,4,90,3
74,310,2,90,3
75,323,2,90,3
76,324,2,90,3
77,326,2,90,3
78,327,7,90,3
79,328,7,90,3
80,329,2,90,3
81,335,6,90,3
82,336,7,90,3
83,337,2,90,3
84,338,1,90,3
85,339,2,90,3
86,366,6,90,3
87,368,3,90,3
88,369,6,90,3
89,375,6,90,3
90,377,6,90,3
91,378,4,90,3
92,382,3,90,3
93,383,6,90,3
94,386,3,90,3
95,387,6,90,3
96,388,1,90,3
97,392,5,90,3
98,394,2,90,3
99,398,5,90,3
100,401,6,90,3
101,403,2,90,3
102,409,3,90,3
103,413,1,90,3
104,415,1,90,3
105,417,2,90,3
106,418,1,90,3
107,420,3,90,3
108,422,2,90,3
109,423,2,90,3
110,431,2,90,3
111,433,2,90,3
112,436,5,90,3
113,437,5,90,3
114,443,2,90,3
115,447,5,90,3
116,449,2,90,3
117,450,2,90,3
118,455,1,90,3
119,461,1,90,3
120,467,1,90,3
121,471,2,90,3
122,472,1,90,3
123,473,6,90,3
124,476,4,90,3
125,480,2,90,3
126,491,2,90,3
127,494,2,90,3
128,498,1,90,3
129,499,2,90,3
130,505,1,90,3
131,506,1,90,3
132,508,1,90,3
133,511,2,90,3
134,513,1,90,3
135,514,5,90,3
136,518,2,90,3
137,520,1,90,3
138,524,1,90,3
139,525,7,90,3
140,527,2,90,3
141,528,1,90,3
142,530,2,90,3
143,533,6,90,3
144,535,3,90,3
145,541,2,90,3
146,543,6,90,3
147,544,3,90,3
148,553,3,90,3
149,554,6,90,3
150,560,10,90,3
151,566,2,90,3
152,567,6,90,3
153,573,8,90,3
154,580,2,90,3
155,582,1,90,3
156,586,2,90,3
157,591,1,90,3
158,592,2,90,3
159,595,5,90,3
160,596,7,90,3
161,600,2,90,3
162,608,2,90,3
163,612,5,90,3
164,617,2,90,3
165,619,2,90,3
166,622,2,90,3
167,630,2,90,3
168,631,5,90,3
169,652,3,90,3
170,714,2,90,3
171,720,9,90,3
172,764,2,90,3
173,766,9,90,3
174,768,7,90,3
175,770,3,90,3
0,14,0,90,4
1,26,9,90,4
2,64,3,90,4
3,70,6,90,4
4,71,9,90,4
5,77,3,90,4
6,78,6,90,4
7,81,9,90,4
8,82,2,90,4
9,83,3,90,4
10,85,6,90,4
11,86,1,90,4
12,88,1,90,4
13,89,2,90,4
14,91,1,90,4
15,95,2,90,4
16,98,2,90,4
17,99,4,90,4
18,101,3,90,4
19,106,2,90,4
20,111,2,90,4
21,120,6,90,4
22,121,2,90,4
23,122,9,90,4
24,126,8,90,4
25,135,3,90,4
26,136,6,90,4
27,144,15,90,4
28,146,6,90,4
29,148,2,90,4
30,152,6,90,4
31,157,4,90,4
32,159,8,90,4
33,162,6,90,4
34,163,6,90,4
35,168,3,90,4
36,180,5,90,4
37,182,3,90,4
38,185,6,90,4
39,191,2,90,4
40,192,2,90,4
41,218,2,90,4
42,219,6,90,4
43,223,3,90,4
44,224,3,90,4
45,226,3,90,4
46,230,3,90,4
47,231,6,90,4
48,232,2,90,4
49,235,6,90,4
50,236,6,90,4
51,241,2,90,4
52,243,12,90,4
53,244,8,90,4
54,247,5,90,4
55,248,4,90,4
56,249,7,90,4
57,255,2,90,4
58,262,2,90,4
59,268,2,90,4
60,272,5,90,4
61,275,1,90,4
62,278,2,90,4
63,282,1,90,4
64,288,2,90,4
65,291,2,90,4
66,293,2,90,4
67,296,6,90,4
68,298,2,90,4
69,300,2,90,4
70,302,2,90,4
71,305,5,90,4
72,306,6,90,4
73,310,1,90,4
74,311,1,90,4
75,313,1,90,4
76,323,2,90,4
77,324,2,90,4
78,326,1,90,4
79,327,5,90,4
80,329,7,90,4
81,335,5,90,4
82,336,2,90,4
83,338,1,90,4
84,339,1,90,4
85,366,2,90,4
86,369,2,90,4
87,372,2,90,4
88,375,4,90,4
89,378,2,90,4
90,382,2,90,4
91,383,2,90,4
92,386,3,90,4
93,388,1,90,4
94,394,3,90,4
95,395,6,90,4
96,398,3,90,4
97,401,6,90,4
98,402,13,90,4
99,403,8,90,4
100,409,9,90,4
101,413,6,90,4
102,415,7,90,4
103,417,3,90,4
104,418,6,90,4
105,422,12,90,4
106,423,6,90,4
107,431,3,90,4
108,433,8,90,4
109,434,3,90,4
110,436,6,90,4
111,437,6,90,4
112,443,6,90,4
113,447,2,90,4
114,455,0,90,4
115,461,0,90,4
116,462,2,90,4
117,470,7,90,4
118,472,0,90,4
119,474,0,90,4
120,476,0,90,4
121,480,2,90,4
122,492,4,90,4
123,495,5,90,4
124,497,6,90,4
125,498,2,90,4
126,503,7,90,4
127,504,5,90,4
128,506,2,90,4
129,508,2,90,4
130,513,1,90,4
131,514,2,90,4
132,516,1,90,4
133,518,2,90,4
134,524,1,90,4
135,525,2,90,4
136,527,2,90,4
137,528,2,90,4
138,530,2,90,4
139,531,2,90,4
140,533,2,90,4
141,536,2,90,4
142,543,2,90,4
143,548,5,90,4
144,553,2,90,4
145,559,2,90,4
146,560,3,90,4
147,566,2,90,4
148,567,2,90,4
149,573,6,90,4
150,579,5,90,4
151,580,6,90,4
152,582,6,90,4
153,583,1,90,4
154,593,2,90,4
155,594,2,90,4
156,600,3,90,4
157,608,2,90,4
158,617,2,90,4
159,619,2,90,4
160,622,2,90,4
161,623,5,90,4
162,629,5,90,4
163,635,2,90,4
164,642,2,90,4
165,652,2,90,4
166,677,1,90,4
167,697,6,90,4
168,714,3,90,4
169,715,1,90,4
170,720,4,90,4
171,764,1,90,4
172,766,2,90,4
173,768,2,90,4
174,770,7,90,4
175,772,10,90,4
0,14,0,90,5
1,19,5,90,5
2,27,2,90,5
3,60,2,90,5
4,62,2,90,5
5,64,2,90,5
6,71,10,90,5
7,77,7,90,5
8,78,7,90,5
9,81,2,90,5
10,82,2,90,5
11,83,15,90,5
12,86,6,90,5
13,88,6,90,5
14,91,6,90,5
15,94,3,90,5
16,95,3,90,5
17,98,3,90,5
18,99,3,90,5
19,101,3,90,5
20,104,9,90,5
21,106,3,90,5
22,110,2,90,5
23,113,2,90,5
24,115,10,90,5
25,117,2,90,5
26,120,10,90,5
27,122,5,90,5
28,136,5,90,5
29,146,2,90,5
30,148,9,90,5
31,152,2,90,5
32,157,2,90,5
33,162,2,90,5
34,163,2,90,5
35,168,2,90,5
36,172,2,90,5
37,177,4,90,5
38,181,5,90,5
39,182,7,90,5
40,185,2,90,5
41,188,2,90,5
42,191,6,90,5
43,217,7,90,5
44,219,2,90,5
45,222,2,90,5
46,226,2,90,5
47,230,2,90,5
48,231,2,90,5
49,232,2,90,5
50,235,2,90,5
51,236,2,90,5
52,241,6,90,5
53,244,6,90,5
54,248,6,90,5
55,249,3,90,5
56,252,6,90,5
57,255,7,90,5
58,259,9,90,5
59,262,2,90,5
60,263,1,90,5
61,265,2,90,5
62,270,4,90,5
63,274,2,90,5
64,275,1,90,5
65,278,2,90,5
66,282,1,90,5
67,285,2,90,5
68,288,1,90,5
69,291,1,90,5
70,293,1,90,5
71,296,4,90,5
72,298,12,90,5
73,300,2,90,5
74,305,1,90,5
75,306,2,90,5
76,310,6,90,5
77,311,6,90,5
78,316,2,90,5
79,317,4,90,5
80,323,8,90,5
81,324,8,90,5
82,326,6,90,5
83,327,13,90,5
84,328,9,90,5
85,335,9,90,5
86,339,6,90,5
87,366,5,90,5
88,369,0,90,5
89,372,7,90,5
90,375,3,90,5
91,377,0,90,5
92,378,2,90,5
93,383,0,90,5
94,386,2,90,5
95,392,14,90,5
96,394,5,90,5
97,395,2,90,5
98,401,6,90,5
99,403,2,90,5
100,409,2,90,5
101,413,3,90,5
102,415,2,90,5
103,417,8,90,5
104,418,2,90,5
105,420,2,90,5
106,422,6,90,5
107,423,3,90,5
108,431,5,90,5
109,433,3,90,5
110,436,6,90,5
111,437,6,90,5
112,443,7,90,5
113,444,6,90,5
114,449,3,90,5
115,450,3,90,5
116,455,0,90,5
117,461,0,90,5
118,462,5,90,5
119,467,0,90,5
120,470,2,90,5
121,472,0,90,5
122,476,0,90,5
123,480,2,90,5
124,492,2,90,5
125,494,2,90,5
126,495,1,90,5
127,498,1,90,5
128,504,1,90,5
129,505,1,90,5
130,506,1,90,5
131,508,1,90,5
132,511,2,90,5
133,513,0,90,5
134,514,7,90,5
135,520,3,90,5
136,524,0,90,5
137,525,2,90,5
138,527,2,90,5
139,530,2,90,5
140,531,2,90,5
141,533,7,90,5
142,541,12,90,5
143,543,1,90,5
144,553,2,90,5
145,554,1,90,5
146,559,1,90,5
147,560,5,90,5
148,566,2,90,5
149,567,1,90,5
150,573,6,90,5
151,579,21,90,5
152,580,2,90,5
153,582,5,90,5
154,586,12,90,5
155,591,0,90,5
156,593,0,90,5
157,594,0,90,5
158,595,2,90,5
159,596,3,90,5
160,600,2,90,5
161,617,5,90,5
162,619,2,90,5
163,623,2,90,5
164,629,10,90,5
165,630,7,90,5
166,635,2,90,5
167,642,2,90,5
168,652,2,90,5
169,654,3,90,5
170,714,2,90,5
171,720,8,90,5
172,764,1,90,5
173,766,0,90,5
174,768,2,90,5
175,770,8,90,5
0,14,1,90,6
1,60,5,90,6
2,64,2,90,6
3,70,2,90,6
4,71,2,90,6
5,77,5,90,6
6,78,2,90,6
7,82,2,90,6
8,83,4,90,6
9,85,2,90,6
10,86,1,90,6
11,88,1,90,6
12,89,2,90,6
13,91,1,90,6
14,94,2,90,6
15,95,2,90,6
16,98,2,90,6
17,99,5,90,6
18,101,2,90,6
19,104,1,90,6
20,110,4,90,6
21,113,2,90,6
22,115,2,90,6
23,121,2,90,6
24,122,2,90,6
25,126,2,90,6
26,131,2,90,6
27,135,5,90,6
28,136,2,90,6
29,144,2,90,6
30,146,3,90,6
31,148,6,90,6
32,152,2,90,6
33,157,3,90,6
34,159,6,90,6
35,162,8,90,6
36,163,6,90,6
37,168,3,90,6
38,177,11,90,6
39,180,2,90,6
40,182,6,90,6
41,185,6,90,6
42,188,2,90,6
43,191,6,90,6
44,192,2,90,6
45,204,2,90,6
46,217,2,90,6
47,218,2,90,6
48,219,1,90,6
49,223,2,90,6
50,230,2,90,6
51,231,1,90,6
52,232,2,90,6
53,235,1,90,6
54,236,1,90,6
55,238,1,90,6
56,239,3,90,6
57,241,6,90,6
58,244,12,90,6
59,247,3,90,6
60,248,6,90,6
61,249,3,90,6
62,252,6,90,6
63,255,6,90,6
64,259,9,90,6
65,263,1,90,6
66,268,2,90,6
67,272,6,90,6
68,275,10,90,6
69,278,5,90,6
70,282,1,90,6
71,285,2,90,6
72,289,3,90,6
73,291,1,90,6
74,293,1,90,6
75,295,1,90,6
76,298,7,90,6
77,300,2,90,6
78,302,4,90,6
79,305,1,90,6
80,310,2,90,6
81,311,4,90,6
82,316,9,90,6
83,317,7,90,6
84,321,2,90,6
85,326,2,90,6
86,327,7,90,6
87,328,13,90,6
88,329,2,90,6
89,336,5,90,6
90,339,3,90,6
91,366,5,90,6
92,369,1,90,6
93,372,7,90,6
94,375,3,90,6
95,377,1,90,6
96,378,2,90,6
97,383,4,90,6
98,386,4,90,6
99,387,1,90,6
100,392,2,90,6
101,394,2,90,6
102,395,8,90,6
103,398,7,90,6
104,401,8,90,6
105,403,7,90,6
106,409,1,90,6
107,413,1,90,6
108,415,3,90,6
109,417,5,90,6
110,418,1,90,6
111,422,6,90,6
112,431,4,90,6
113,432,6,90,6
114,434,6,90,6
115,436,6,90,6
116,437,6,90,6
117,443,6,90,6
118,447,10,90,6
119,455,1,90,6
120,461,4,90,6
121,467,1,90,6
122,470,4,90,6
123,472,1,90,6
124,473,2,90,6
125,476,1,90,6
126,481,7,90,6
127,482,2,90,6
128,494,2,90,6
129,495,0,90,6
130,497,5,90,6
131,498,0,90,6
132,499,2,90,6
133,504,0,90,6
134,506,0,90,6
135,508,0,90,6
136,513,2,90,6
137,514,2,90,6
138,518,2,90,6
139,520,5,90,6
140,524,5,90,6
141,525,4,90,6
142,527,7,90,6
143,530,2,90,6
144,531,2,90,6
145,533,2,90,6
146,541,7,90,6
147,543,2,90,6
148,553,2,90,6
149,559,8,90,6
150,566,10,90,6
151,567,5,90,6
152,572,1,90,6
153,573,6,90,6
154,580,8,90,6
155,582,1,90,6
156,583,1,90,6
157,591,2,90,6
158,593,1,90,6
159,596,3,90,6
160,617,10,90,6
161,619,2,90,6
162,622,3,90,6
163,623,2,90,6
164,630,1,90,6
165,635,2,90,6
166,642,7,90,6
167,652,2,90,6
168,653,6,90,6
169,654,2,90,6
170,677,2,90,6
171,696,8,90,6
172,714,2,90,6
173,720,2,90,6
174,764,1,90,6
175,770,2,90,6
0,14,0,90,7
1,19,7,90,7
2,26,1,90,7
3,60,2,90,7
4,62,7,90,7
5,64,7,90,7
6,70,2,90,7
7,71,5,90,7
8,78,2,90,7
9,82,2,90,7
10,83,2,90,7
11,85,2,90,7
12,86,1,90,7
13,88,1,90,7
14,89,2,90,7
15,91,1,90,7
16,98,7,90,7
17,99,5,90,7
18,101,2,90,7
19,104,1,90,7
20,106,7,90,7
21,110,9,90,7
22,115,2,90,7
23,117,7,90,7
24,120,3,90,7
25,121,3,90,7
26,122,4,90,7
27,131,4,90,7
28,144,7,90,7
29,146,1,90,7
30,148,7,90,7
31,152,2,90,7
32,157,2,90,7
33,159,1,90,7
34,162,4,90,7
35,163,1,90,7
36,168,5,90,7
37,171,1,90,7
38,172,5,90,7
39,177,7,90,7
40,182,7,90,7
41,185,1,90,7
42,188,2,90,7
43,191,9,90,7
44,217,2,90,7
45,218,2,90,7
46,219,1,90,7
47,221,1,90,7
48,222,2,90,7
49,230,7,90,7
50,231,1,90,7
51,232,10,90,7
52,235,1,90,7
53,236,1,90,7
54,240,2,90,7
55,241,2,90,7
56,247,2,90,7
57,248,2,90,7
58,249,10,90,7
59,255,8,90,7
60,257,5,90,7
61,272,6,90,7
62,274,3,90,7
63,275,6,90,7
64,278,6,90,7
65,281,3,90,7
66,282,6,90,7
67,285,2,90,7
68,288,1,90,7
69,289,2,90,7
70,291,1,90,7
71,293,1,90,7
72,296,1,90,7
73,300,2,90,7
74,302,1,90,7
75,305,1,90,7
76,310,6,90,7
77,313,6,90,7
78,316,6,90,7
79,317,6,90,7
80,323,3,90,7
81,326,8,90,7
82,328,3,90,7
83,329,3,90,7
84,335,6,90,7
85,336,11,90,7
86,339,7,90,7
87,366,4,90,7
88,369,1,90,7
89,375,5,90,7
90,377,1,90,7
91,378,2,90,7
92,382,2,90,7
93,383,1,90,7
94,387,1,90,7
95,392,2,90,7
96,394,3,90,7
97,395,2,90,7
98,401,5,90,7
99,402,2,90,7
100,403,2,90,7
101,409,2,90,7
102,413,2,90,7
103,415,4,90,7
104,417,2,90,7
105,418,2,90,7
106,423,7,90,7
107,431,7,90,7
108,433,2,90,7
109,434,5,90,7
110,436,1,90,7
111,437,1,90,7
112,443,2,90,7
113,447,9,90,7
114,449,2,90,7
115,455,0,90,7
116,461,0,90,7
117,462,2,90,7
118,467,0,90,7
119,470,6,90,7
120,472,0,90,7
121,476,0,90,7
122,480,2,90,7
123,481,2,90,7
124,482,2,90,7
125,494,2,90,7
126,495,1,90,7
127,498,1,90,7
128,503,2,90,7
129,505,1,90,7
130,506,1,90,7
131,508,1,90,7
132,513,1,90,7
133,514,2,90,7
134,520,1,90,7
135,524,1,90,7
136,525,13,90,7
137,527,7,90,7
138,528,1,90,7
139,530,2,90,7
140,531,2,90,7
141,533,4,90,7
142,541,6,90,7
143,543,2,90,7
144,553,7,90,7
145,554,3,90,7
146,559,2,90,7
147,560,2,90,7
148,566,2,90,7
149,567,2,90,7
150,573,1,90,7
151,580,3,90,7
152,582,1,90,7
153,583,6,90,7
154,589,2,90,7
155,594,1,90,7
156,600,2,90,7
157,617,2,90,7
158,619,3,90,7
159,622,5,90,7
160,623,4,90,7
161,629,2,90,7
162,630,6,90,7
163,635,5,90,7
164,642,8,90,7
165,652,2,90,7
166,654,7,90,7
167,714,2,90,7
168,718,3,90,7
169,720,2,90,7
170,757,1,90,7
171,763,4,90,7
172,764,6,90,7
173,766,7,90,7
174,770,7,90,7
175,772,7,90,7
0,14,0,90,8
1,62,7,90,8
2,64,2,90,8
3,70,2,90,8
4,71,2,90,8
5,74,3,90,8
6,77,2,90,8
7,78,2,90,8
8,81,2,90,8
9,82,2,90,8
10,85,2,90,8
11,86,1,90,8
12,88,1,90,8
13,89,2,90,8
14,91,1,90,8
15,94,2,90,8
16,98,2,90,8
17,99,12,90,8
18,104,4,90,8
19,106,2,90,8
20,110,2,90,8
21,111,10,90,8
22,115,3,90,8
23,117,10,90,8
24,120,6,90,8
25,121,2,90,8
26,122,6,90,8
27,126,3,90,8
28,135,3,90,8
29,146,6,90,8
30,148,2,90,8
31,152,2,90,8
32,157,3,90,8
33,162,6,90,8
34,163,9,90,8
35,168,10,90,8
36,172,7,90,8
37,177,6,90,8
38,180,2,90,8
39,181,6,90,8
40,182,8,90,8
41,185,6,90,8
42,188,2,90,8
43,218,2,90,8
44,219,1,90,8
45,222,2,90,8
46,223,2,90,8
47,224,2,90,8
48,231,1,90,8
49,232,2,90,8
50,234,1,90,8
51,235,1,90,8
52,236,1,90,8
53,241,8,90,8
54,245,2,90,8
55,247,4,90,8
56,248,2,90,8
57,249,7,90,8
58,252,2,90,8
59,255,2,90,8
60,259,10,90,8
61,263,2,90,8
62,268,2,90,8
63,270,2,90,8
64,274,2,90,8
65,275,2,90,8
66,278,2,90,8
67,282,2,90,8
68,285,3,90,8
69,288,6,90,8
70,293,6,90,8
71,295,6,90,8
72,296,6,90,8
73,298,8,90,8
74,300,3,90,8
75,302,12,90,8
76,305,6,90,8
77,310,9,90,8
78,311,6,90,8
79,317,3,90,8
80,321,2,90,8
81,323,3,90,8
82,326,9,90,8
83,328,9,90,8
84,329,10,90,8
85,335,9,90,8
86,336,3,90,8
87,339,6,90,8
88,366,9,90,8
89,369,2,90,8
90,375,8,90,8
91,376,2,90,8
92,382,2,90,8
93,383,2,90,8
94,386,3,90,8
95,387,2,90,8
96,388,6,90,8
97,394,8,90,8
98,395,6,90,8
99,398,3,90,8
100,401,6,90,8
101,402,3,90,8
102,403,3,90,8
103,409,9,90,8
104,413,6,90,8
105,415,6,90,8
106,417,4,90,8
107,418,6,90,8
108,422,3,90,8
109,423,2,90,8
110,424,6,90,8
111,433,3,90,8
112,434,2,90,8
113,437,4,90,8
114,443,7,90,8
115,447,2,90,8
116,449,2,90,8
117,455,3,90,8
118,461,0,90,8
119,462,2,90,8
120,467,3,90,8
121,470,6,90,8
122,472,0,90,8
123,476,0,90,8
124,480,2,90,8
125,481,2,90,8
126,494,2,90,8
127,495,1,90,8
128,498,1,90,8
129,504,1,90,8
130,506,1,90,8
131,508,1,90,8
132,513,8,90,8
133,514,3,90,8
134,518,2,90,8
135,524,6,90,8
136,525,4,90,8
137,526,3,90,8
138,531,3,90,8
139,533,4,90,8
140,536,1,90,8
141,541,2,90,8
142,543,1,90,8
143,553,2,90,8
144,559,2,90,8
145,566,2,90,8
146,567,1,90,8
147,572,2,90,8
148,573,4,90,8
149,579,2,90,8
150,580,2,90,8
151,582,1,90,8
152,589,2,90,8
153,591,6,90,8
154,593,2,90,8
155,594,2,90,8
156,595,3,90,8
157,596,5,90,8
158,600,3,90,8
159,622,2,90,8
160,623,2,90,8
161,629,6,90,8
162,630,2,90,8
163,631,2,90,8
164,635,3,90,8
165,642,2,90,8
166,654,3,90,8
167,677,6,90,8
168,720,1,90,8
169,763,6,90,8
170,764,2,90,8
171,766,2,90,8
172,767,1,90,8
173,768,2,90,8
174,770,2,90,8
175,772,11,90,8
0,14,2,90,9
1,19,3,90,9
2,27,2,90,9
3,60,4,90,9
4,64,2,90,9
5,70,1,90,9
6,77,2,90,9
7,78,2,90,9
8,79,7,90,9
9,81,1,90,9
10,82,2,90,9
11,85,1,90,9
12,86,1,90,9
13,88,1,90,9
14,89,5,90,9
15,91,3,90,9
16,94,2,90,9
17,98,5,90,9
18,99,2,90,9
19,101,2,90,9
20,106,12,90,9
21,110,6,90,9
22,115,2,90,9
23,117,3,90,9
24,120,5,90,9
25,121,7,90,9
26,122,2,90,9
27,126,12,90,9
28,132,2,90,9
29,135,4,90,9
30,144,6,90,9
31,146,2,90,9
32,148,6,90,9
33,152,1,90,9
34,157,2,90,9
35,159,5,90,9
36,162,2,90,9
37,163,2,90,9
38,166,2,90,9
39,168,2,90,9
40,177,5,90,9
41,180,6,90,9
42,182,4,90,9
43,185,3,90,9
44,188,5,90,9
45,191,2,90,9
46,217,5,90,9
47,219,2,90,9
48,222,2,90,9
49,223,2,90,9
50,224,2,90,9
51,228,2,90,9
52,230,7,90,9
53,231,2,90,9
54,232,2,90,9
55,235,2,90,9
56,241,10,90,9
57,245,2,90,9
58,247,2,90,9
59,248,2,90,9
60,249,2,90,9
61,251,2,90,9
62,252,5,90,9
63,263,1,90,9
64,270,1,90,9
65,274,10,90,9
66,278,2,90,9
67,281,2,90,9
68,282,4,90,9
69,285,3,90,9
70,288,6,90,9
71,291,6,90,9
72,293,9,90,9
73,296,9,90,9
74,298,8,90,9
75,300,3,90,9
76,302,9,90,9
77,306,6,90,9
78,310,9,90,9
79,311,9,90,9
80,316,2,90,9
81,317,3,90,9
82,326,6,90,9
83,327,3,90,9
84,328,4,90,9
85,329,5,90,9
86,335,6,90,9
87,336,13,90,9
88,338,5,90,9
89,339,12,90,9
90,366,8,90,9
91,369,3,90,9
92,372,2,90,9
93,375,2,90,9
94,377,2,90,9
95,378,2,90,9
96,383,2,90,9
97,388,1,90,9
98,392,2,90,9
99,394,5,90,9
100,395,1,90,9
101,398,9,90,9
102,401,13,90,9
103,409,1,90,9
104,413,1,90,9
105,415,1,90,9
106,417,5,90,9
107,418,1,90,9
108,421,6,90,9
109,423,8,90,9
110,431,2,90,9
111,434,2,90,9
112,436,1,90,9
113,437,1,90,9
114,443,1,90,9
115,447,13,90,9
116,449,7,90,9
117,455,2,90,9
118,461,2,90,9
119,462,2,90,9
120,467,2,90,9
121,472,2,90,9
122,474,2,90,9
123,476,2,90,9
124,482,2,90,9
125,492,2,90,9
126,494,5,90,9
127,495,1,90,9
128,498,1,90,9
129,504,1,90,9
130,505,1,90,9
131,506,1,90,9
132,508,1,90,9
133,513,1,90,9
134,514,7,90,9
135,516,1,90,9
136,520,1,90,9
137,524,1,90,9
138,527,2,90,9
139,531,5,90,9
140,533,1,90,9
141,543,3,90,9
142,553,2,90,9
143,554,1,90,9
144,559,2,90,9
145,560,2,90,9
146,564,1,90,9
147,566,2,90,9
148,567,1,90,9
149,572,2,90,9
150,573,1,90,9
151,579,2,90,9
152,580,1,90,9
153,582,2,90,9
154,589,2,90,9
155,591,1,90,9
156,596,2,90,9
157,612,2,90,9
158,617,5,90,9
159,619,2,90,9
160,622,2,90,9
161,623,7,90,9
162,629,5,90,9
163,630,1,90,9
164,631,2,90,9
165,635,3,90,9
166,642,2,90,9
167,652,2,90,9
168,653,1,90,9
169,654,2,90,9
170,714,2,90,9
171,720,1,90,9
172,764,1,90,9
173,766,8,90,9
174,770,2,90,9
175,776,6,90,9
0,14,2,90,10
1,19,8,90,10
2,64,2,90,10
3,70,3,90,10
4,71,7,90,10
5,77,2,90,10
6,78,4,90,10
7,81,5,90,10
8,82,2,90,10
9,83,8,90,10
10,85,8,90,10
11,86,1,90,10
12,88,1,90,10
13,89,7,90,10
14,91,1,90,10
15,92,4,90,10
16,94,2,90,10
17,99,4,90,10
18,101,2,90,10
19,104,1,90,10
20,106,2,90,10
21,113,8,90,10
22,115,3,90,10
23,120,9,90,10
24,121,2,90,10
25,122,7,90,10
26,135,6,90,10
27,144,6,90,10
28,146,6,90,10
29,152,2,90,10
30,157,3,90,10
31,162,6,90,10
32,163,6,90,10
33,168,6,90,10
34,174,3,90,10
35,180,3,90,10
36,181,3,90,10
37,182,16,90,10
38,185,6,90,10
39,188,2,90,10
40,217,2,90,10
41,219,1,90,10
42,222,2,90,10
43,223,2,90,10
44,224,2,90,10
45,231,3,90,10
46,232,2,90,10
47,235,1,90,10
48,236,1,90,10
49,237,2,90,10
50,241,6,90,10
51,244,6,90,10
52,247,3,90,10
53,248,6,90,10
54,249,3,90,10
55,251,6,90,10
56,252,2,90,10
57,255,6,90,10
58,259,8,90,10
59,262,7,90,10
60,268,5,90,10
61,270,1,90,10
62,278,2,90,10
63,281,2,90,10
64,282,1,90,10
65,285,2,90,10
66,288,2,90,10
67,289,2,90,10
68,290,2,90,10
69,291,2,90,10
70,293,2,90,10
71,296,2,90,10
72,298,2,90,10
73,300,2,90,10
74,302,2,90,10
75,306,6,90,10
76,310,6,90,10
77,313,12,90,10
78,317,8,90,10
79,323,3,90,10
80,326,10,90,10
81,327,19,90,10
82,328,11,90,10
83,329,5,90,10
84,335,12,90,10
85,336,11,90,10
86,338,1,90,10
87,339,6,90,10
88,366,5,90,10
89,369,1,90,10
90,372,7,90,10
91,375,2,90,10
92,383,1,90,10
93,386,3,90,10
94,387,1,90,10
95,388,2,90,10
96,392,10,90,10
97,394,5,90,10
98,395,2,90,10
99,402,2,90,10
100,403,2,90,10
101,409,3,90,10
102,413,2,90,10
103,415,2,90,10
104,418,4,90,10
105,420,10,90,10
106,423,3,90,10
107,432,2,90,10
108,433,5,90,10
109,434,5,90,10
110,436,8,90,10
111,437,2,90,10
112,443,2,90,10
113,447,10,90,10
114,449,5,90,10
115,455,1,90,10
116,461,1,90,10
117,462,2,90,10
118,467,3,90,10
119,470,2,90,10
120,472,1,90,10
121,476,1,90,10
122,492,2,90,10
123,495,-1,90,10
124,497,2,90,10
125,498,-1,90,10
126,503,2,90,10
127,504,-1,90,10
128,505,-1,90,10
129,506,-1,90,10
130,508,-1,90,10
131,513,2,90,10
132,516,2,90,10
133,520,2,90,10
134,524,2,90,10
135,525,2,90,10
136,527,2,90,10
137,528,2,90,10
138,531,4,90,10
139,533,5,90,10
140,543,7,90,10
141,553,2,90,10
142,554,3,90,10
143,559,2,90,10
144,560,6,90,10
145,565,7,90,10
146,566,2,90,10
147,567,2,90,10
148,572,1,90,10
149,573,5,90,10
150,580,2,90,10
151,582,1,90,10
152,589,2,90,10
153,590,9,90,10
154,591,2,90,10
155,593,1,90,10
156,594,1,90,10
157,595,3,90,10
158,600,3,90,10
159,608,2,90,10
160,612,2,90,10
161,617,2,90,10
162,619,2,90,10
163,622,6,90,10
164,623,5,90,10
165,630,1,90,10
166,631,2,90,10
167,642,2,90,10
168,652,2,90,10
169,653,2,90,10
170,714,3,90,10
171,720,2,90,10
172,763,6,90,10
173,764,1,90,10
174,766,1,90,10
175,770,2,90,10
0,14,2,90,11
1,27,2,90,11
2,60,8,90,11
3,62,2,90,11
4,64,2,90,11
5,70,6,90,11
6,71,2,90,11
7,78,10,90,11
8,79,0,90,11
9,81,0,90,11
10,82,2,90,11
11,88,2,90,11
12,91,4,90,11
13,94,2,90,11
14,98,2,90,11
15,99,2,90,11
16,101,2,90,11
17,106,2,90,11
18,110,2,90,11
19,111,2,90,11
20,113,3,90,11
21,120,6,90,11
22,121,5,90,11
23,122,9,90,11
24,135,3,90,11
25,136,8,90,11
26,144,6,90,11
27,145,8,90,11
28,146,6,90,11
29,148,5,90,11
30,149,3,90,11
31,152,3,90,11
32,157,3,90,11
33,159,6,90,11
34,162,6,90,11
35,163,12,90,11
36,168,8,90,11
37,172,8,90,11
38,181,6,90,11
39,182,9,90,11
40,185,6,90,11
41,187,15,90,11
42,188,2,90,11
43,191,7,90,11
44,192,2,90,11
45,218,2,90,11
46,219,1,90,11
47,222,2,90,11
48,223,3,90,11
49,224,2,90,11
50,230,2,90,11
51,231,1,90,11
52,235,1,90,11
53,236,1,90,11
54,237,2,90,11
55,240,3,90,11
56,241,8,90,11
57,244,6,90,11
58,247,3,90,11
59,248,6,90,11
60,249,3,90,11
61,251,2,90,11
62,252,6,90,11
63,255,6,90,11
64,268,2,90,11
65,272,2,90,11
66,275,1,90,11
67,278,7,90,11
68,282,1,90,11
69,288,0,90,11
70,290,5,90,11
71,291,0,90,11
72,293,0,90,11
73,296,0,90,11
74,300,7,90,11
75,302,0,90,11
76,305,0,90,11
77,306,7,90,11
78,310,6,90,11
79,311,6,90,11
80,317,6,90,11
81,323,6,90,11
82,324,8,90,11
83,326,6,90,11
84,327,6,90,11
85,328,5,90,11
86,336,19,90,11
87,337,6,90,11
88,338,2,90,11
89,339,6,90,11
90,366,20,90,11
91,369,0,90,11
92,372,2,90,11
93,377,0,90,11
94,378,2,90,11
95,382,7,90,11
96,383,0,90,11
97,387,3,90,11
98,388,1,90,11
99,392,4,90,11
100,394,2,90,11
101,395,1,90,11
102,402,5,90,11
103,403,2,90,11
104,405,7,90,11
105,409,7,90,11
106,413,1,90,11
107,415,5,90,11
108,417,2,90,11
109,418,1,90,11
110,422,6,90,11
111,423,3,90,11
112,432,3,90,11
113,433,3,90,11
114,434,4,90,11
115,436,6,90,11
116,437,6,90,11
117,443,6,90,11
118,447,6,90,11
119,449,3,90,11
120,452,2,90,11
121,455,2,90,11
122,462,2,90,11
123,470,5,90,11
124,471,2,90,11
125,472,2,90,11
126,476,2,90,11
127,481,2,90,11
128,482,2,90,11
129,492,2,90,11
130,494,2,90,11
131,497,2,90,11
132,498,0,90,11
133,504,0,90,11
134,505,0,90,11
135,506,0,90,11
136,508,3,90,11
137,513,1,90,11
138,514,2,90,11
139,516,1,90,11
140,524,1,90,11
141,525,2,90,11
142,527,2,90,11
143,530,2,90,11
144,531,2,90,11
145,533,1,90,11
146,541,9,90,11
147,553,2,90,11
148,554,1,90,11
149,559,7,90,11
150,560,3,90,11
151,564,1,90,11
152,565,7,90,11
153,566,12,90,11
154,567,1,90,11
155,573,9,90,11
156,582,1,90,11
157,583,1,90,11
158,591,1,90,11
159,592,3,90,11
160,594,3,90,11
161,600,9,90,11
162,617,8,90,11
163,619,7,90,11
164,622,3,90,11
165,623,2,90,11
166,630,1,90,11
167,631,2,90,11
168,635,2,90,11
169,642,2,90,11
170,654,2,90,11
171,670,0,90,11
172,720,1,90,11
173,757,2,90,11
174,764,4,90,11
175,766,3,90,11
0,14,1,90,12
1,19,7,90,12
2,26,12,90,12
3,27,2,90,12
4,60,3,90,12
5,64,3,90,12
6,70,6,90,12
7,71,5,90,12
8,77,3,90,12
9,78,11,90,12
10,79,6,90,12
11,81,6,90,12
12,82,2,90,12
13,86,0,90,12
14,88,0,90,12
15,89,2,90,12
16,91,0,90,12
17,95,2,90,12
18,98,2,90,12
19,99,2,90,12
20,101,2,90,12
21,106,2,90,12
22,110,2,90,12
23,115,6,90,12
24,120,6,90,12
25,121,2,90,12
26,122,6,90,12
27,126,3,90,12
28,135,3,90,12
29,136,8,90,12
30,144,6,90,12
31,146,6,90,12
32,148,5,90,12
33,152,6,90,12
34,157,2,90,12
35,159,2,90,12
36,162,2,90,12
37,163,10,90,12
38,168,2,90,12
39,174,2,90,12
40,180,3,90,12
41,182,8,90,12
42,185,2,90,12
43,188,2,90,12
44,191,2,90,12
45,192,2,90,12
46,217,2,90,12
47,218,2,90,12
48,219,5,90,12
49,222,2,90,12
50,223,2,90,12
51,230,7,90,12
52,231,2,90,12
53,232,2,90,12
54,235,2,90,12
55,236,2,90,12
56,241,2,90,12
57,244,2,90,12
58,245,2,90,12
59,247,3,90,12
60,248,2,90,12
61,249,2,90,12
62,252,9,90,12
63,255,5,90,12
64,262,2,90,12
65,268,2,90,12
66,272,2,90,12
67,274,2,90,12
68,275,1,90,12
69,278,2,90,12
70,282,1,90,12
71,288,1,90,12
72,291,7,90,12
73,293,4,90,12
74,295,1,90,12
75,296,1,90,12
76,299,2,90,12
77,300,2,90,12
78,306,2,90,12
79,310,2,90,12
80,311,2,90,12
81,313,2,90,12
82,317,7,90,12
83,321,3,90,12
84,323,5,90,12
85,326,2,90,12
86,328,2,90,12
87,329,2,90,12
88,336,4,90,12
89,338,0,90,12
90,339,2,90,12
91,366,2,90,12
92,369,2,90,12
93,370,2,90,12
94,372,2,90,12
95,375,2,90,12
96,378,2,90,12
97,383,2,90,12
98,386,2,90,12
99,387,2,90,12
100,394,8,90,12
101,395,6,90,12
102,401,2,90,12
103,402,11,90,12
104,409,6,90,12
105,413,6,90,12
106,415,6,90,12
107,417,3,90,12
108,418,6,90,12
109,420,3,90,12
110,421,9,90,12
111,422,6,90,12
112,424,16,90,12
113,431,3,90,12
114,433,8,90,12
115,434,6,90,12
116,437,6,90,12
117,443,7,90,12
118,449,6,90,12
119,455,1,90,12
120,461,4,90,12
121,462,2,90,12
122,467,3,90,12
123,472,1,90,12
124,476,7,90,12
125,480,5,90,12
126,494,2,90,12
127,495,2,90,12
128,498,2,90,12
129,503,2,90,12
130,505,2,90,12
131,506,2,90,12
132,508,2,90,12
133,513,1,90,12
134,514,2,90,12
135,516,1,90,12
136,524,1,90,12
137,525,2,90,12
138,527,2,90,12
139,528,1,90,12
140,530,2,90,12
141,541,2,90,12
142,543,2,90,12
143,548,5,90,12
144,553,2,90,12
145,554,2,90,12
146,559,2,90,12
147,560,2,90,12
148,566,6,90,12
149,567,2,90,12
150,573,6,90,12
151,580,10,90,12
152,582,2,90,12
153,589,4,90,12
154,592,6,90,12
155,594,2,90,12
156,595,4,90,12
157,596,3,90,12
158,600,8,90,12
159,608,5,90,12
160,612,7,90,12
161,619,2,90,12
162,622,2,90,12
163,623,2,90,12
164,630,1,90,12
165,635,5,90,12
166,642,2,90,12
167,652,2,90,12
168,654,2,90,12
169,677,1,90,12
170,720,7,90,12
171,726,1,90,12
172,764,2,90,12
173,766,2,90,12
174,768,2,90,12
175,770,8,90,12
0,14,2,90,13
1,26,15,90,13
2,64,2,90,13
3,70,4,90,13
4,71,15,90,13
5,77,2,90,13
6,78,14,90,13
7,81,2,90,13
8,82,6,90,13
9,83,7,90,13
10,85,2,90,13
11,86,0,90,13
12,88,0,90,13
13,91,0,90,13
14,98,2,90,13
15,99,2,90,13
16,101,2,90,13
17,104,0,90,13
18,106,5,90,13
19,110,2,90,13
20,111,2,90,13
21,113,2,90,13
22,115,3,90,13
23,117,2,90,13
24,120,2,90,13
25,121,2,90,13
26,122,5,90,13
27,126,2,90,13
28,132,2,90,13
29,135,7,90,13
30,144,2,90,13
31,146,2,90,13
32,148,8,90,13
33,152,2,90,13
34,157,2,90,13
35,159,0,90,13
36,162,2,90,13
37,163,0,90,13
38,168,2,90,13
39,172,0,90,13
40,181,2,90,13
41,182,5,90,13
42,185,0,90,13
43,188,2,90,13
44,191,6,90,13
45,219,12,90,13
46,222,3,90,13
47,223,3,90,13
48,224,14,90,13
49,230,3,90,13
50,231,6,90,13
51,232,17,90,13
52,234,6,90,13
53,235,6,90,13
54,239,3,90,13
55,241,6,90,13
56,244,6,90,13
57,247,3,90,13
58,248,6,90,13
59,249,3,90,13
60,251,5,90,13
61,255,9,90,13
62,259,13,90,13
63,268,2,90,13
64,272,4,90,13
65,274,2,90,13
66,275,1,90,13
67,278,2,90,13
68,282,1,90,13
69,285,5,90,13
70,288,0,90,13
71,289,9,90,13
72,290,2,90,13
73,291,0,90,13
74,293,0,90,13
75,296,0,90,13
76,300,2,90,13
77,305,0,90,13
78,310,1,90,13
79,316,2,90,13
80,321,3,90,13
81,323,2,90,13
82,326,1,90,13
83,327,2,90,13
84,328,7,90,13
85,329,2,90,13
86,336,10,90,13
87,337,1,90,13
88,338,0,90,13
89,339,3,90,13
90,366,7,90,13
91,369,0,90,13
92,372,2,90,13
93,375,5,90,13
94,377,0,90,13
95,378,2,90,13
96,382,2,90,13
97,383,0,90,13
98,386,2,90,13
99,394,3,90,13
100,395,6,90,13
101,398,3,90,13
102,401,9,90,13
103,402,6,90,13
104,403,3,90,13
105,409,7,90,13
106,413,6,90,13
107,415,12,90,13
108,417,6,90,13
109,418,6,90,13
110,423,8,90,13
111,429,11,90,13
112,431,3,90,13
113,432,11,90,13
114,433,12,90,13
115,434,8,90,13
116,436,6,90,13
117,437,6,90,13
118,443,6,90,13
119,450,9,90,13
120,452,2,90,13
121,455,1,90,13
122,461,1,90,13
123,462,4,90,13
124,470,2,90,13
125,472,1,90,13
126,476,1,90,13
127,480,2,90,13
128,481,2,90,13
129,492,2,90,13
130,495,4,90,13
131,498,1,90,13
132,499,2,90,13
133,503,7,90,13
134,504,1,90,13
135,506,1,90,13
136,508,1,90,13
137,513,4,90,13
138,514,2,90,13
139,516,1,90,13
140,518,2,90,13
141,520,1,90,13
142,524,1,90,13
143,526,2,90,13
144,527,7,90,13
145,530,2,90,13
146,531,2,90,13
147,533,6,90,13
148,535,7,90,13
149,541,6,90,13
150,553,5,90,13
151,554,2,90,13
152,559,5,90,13
153,560,2,90,13
154,564,2,90,13
155,566,12,90,13
156,567,2,90,13
157,572,0,90,13
158,573,6,90,13
159,580,2,90,13
160,582,7,90,13
161,591,1,90,13
162,595,2,90,13
163,608,2,90,13
164,617,5,90,13
165,619,2,90,13
166,622,3,90,13
167,630,1,90,13
168,635,2,90,13
169,642,5,90,13
170,652,2,90,13
171,654,2,90,13
172,715,1,90,13
173,720,2,90,13
174,764,1,90,13
175,766,0,90,13
0,14,1,90,14
1,60,3,90,14
2,64,6,90,14
3,70,8,90,14
4,71,8,90,14
5,78,9,90,14
6,81,6,90,14
7,83,3,90,14
8,85,6,90,14
9,88,9,90,14
10,89,3,90,14
11,91,6,90,14
12,93,6,90,14
13,94,3,90,14
14,99,5,90,14
15,101,3,90,14
16,106,4,90,14
17,110,2,90,14
18,111,3,90,14
19,113,2,90,14
20,115,2,90,14
21,120,1,90,14
22,121,2,90,14
23,122,4,90,14
24,135,2,90,14
25,136,7,90,14
26,144,4,90,14
27,145,1,90,14
28,146,1,90,14
29,148,3,90,14
30,152,6,90,14
31,157,2,90,14
32,159,8,90,14
33,162,2,90,14
34,163,2,90,14
35,172,5,90,14
36,177,2,90,14
37,180,5,90,14
38,182,20,90,14
39,185,3,90,14
40,188,2,90,14
41,191,3,90,14
42,217,2,90,14
43,218,6,90,14
44,219,3,90,14
45,222,2,90,14
46,223,2,90,14
47,226,2,90,14
48,231,0,90,14
49,232,2,90,14
50,235,0,90,14
51,240,2,90,14
52,241,8,90,14
53,244,5,90,14
54,247,2,90,14
55,248,4,90,14
56,249,7,90,14
57,252,2,90,14
58,255,2,90,14
59,257,5,90,14
60,262,2,90,14
61,263,1,90,14
62,270,1,90,14
63,275,1,90,14
64,278,2,90,14
65,282,1,90,14
66,285,3,90,14
67,288,10,90,14
68,291,6,90,14
69,293,6,90,14
70,295,6,90,14
71,296,6,90,14
72,298,3,90,14
73,300,3,90,14
74,302,6,90,14
75,305,6,90,14
76,306,6,90,14
77,310,1,90,14
78,311,4,90,14
79,316,6,90,14
80,317,5,90,14
81,323,2,90,14
82,326,1,90,14
83,327,8,90,14
84,328,9,90,14
85,329,2,90,14
86,335,1,90,14
87,338,6,90,14
88,339,1,90,14
89,366,2,90,14
90,369,1,90,14
91,375,5,90,14
92,377,1,90,14
93,382,2,90,14
94,383,1,90,14
95,386,8,90,14
96,387,1,90,14
97,388,5,90,14
98,392,11,90,14
99,394,3,90,14
100,395,9,90,14
101,403,5,90,14
102,409,7,90,14
103,411,6,90,14
104,413,6,90,14
105,415,6,90,14
106,417,3,90,14
107,418,6,90,14
108,421,6,90,14
109,422,6,90,14
110,423,3,90,14
111,431,3,90,14
112,433,3,90,14
113,434,3,90,14
114,436,6,90,14
115,437,6,90,14
116,443,6,90,14
117,444,6,90,14
118,447,2,90,14
119,450,4,90,14
120,455,1,90,14
121,461,1,90,14
122,462,5,90,14
123,470,2,90,14
124,472,1,90,14
125,474,1,90,14
126,476,7,90,14
127,491,7,90,14
128,492,2,90,14
129,494,2,90,14
130,495,7,90,14
131,498,1,90,14
132,499,2,90,14
133,504,1,90,14
134,505,1,90,14
135,506,1,90,14
136,508,4,90,14
137,513,2,90,14
138,514,2,90,14
139,516,8,90,14
140,520,2,90,14
141,524,2,90,14
142,525,7,90,14
143,527,7,90,14
144,530,2,90,14
145,533,2,90,14
146,541,2,90,14
147,543,2,90,14
148,553,5,90,14
149,554,2,90,14
150,559,2,90,14
151,560,2,90,14
152,566,4,90,14
153,567,2,90,14
154,572,1,90,14
155,582,0,90,14
156,583,1,90,14
157,589,2,90,14
158,591,2,90,14
159,592,6,90,14
160,608,2,90,14
161,612,5,90,14
162,617,2,90,14
163,622,2,90,14
164,623,2,90,14
165,630,1,90,14
166,631,2,90,14
167,642,2,90,14
168,652,2,90,14
169,653,6,90,14
170,714,2,90,14
171,720,2,90,14
172,764,1,90,14
173,766,1,90,14
174,770,2,90,14
175,776,2,90,14
0,14,2,90,15
1,19,3,90,15
2,27,2,90,15
3,60,8,90,15
4,70,7,90,15
5,71,3,90,15
6,77,3,90,15
7,78,3,90,15
8,79,6,90,15
9,81,6,90,15
10,82,2,90,15
11,83,3,90,15
12,85,6,90,15
13,88,1,90,15
14,89,2,90,15
15,91,3,90,15
16,94,2,90,15
17,95,2,90,15
18,98,2,90,15
19,99,7,90,15
20,101,2,90,15
21,110,8,90,15
22,111,2,90,15
23,113,2,90,15
24,115,5,90,15
25,120,2,90,15
26,121,5,90,15
27,122,2,90,15
28,126,2,90,15
29,131,2,90,15
30,136,2,90,15
31,144,2,90,15
32,146,2,90,15
33,152,6,90,15
34,157,2,90,15
35,159,8,90,15
36,162,2,90,15
37,163,2,90,15
38,168,5,90,15
39,177,5,90,15
40,181,7,90,15
41,182,5,90,15
42,185,2,90,15
43,188,2,90,15
44,191,11,90,15
45,217,2,90,15
46,218,2,90,15
47,219,3,90,15
48,222,2,90,15
49,223,5,90,15
50,224,3,90,15
51,230,7,90,15
52,231,1,90,15
53,232,2,90,15
54,235,1,90,15
55,241,6,90,15
56,244,12,90,15
57,247,3,90,15
58,248,6,90,15
59,249,3,90,15
60,252,3,90,15
61,255,9,90,15
62,263,1,90,15
63,272,6,90,15
64,275,7,90,15
65,278,2,90,15
66,281,2,90,15
67,282,1,90,15
68,289,2,90,15
69,291,2,90,15
70,293,2,90,15
71,295,2,90,15
72,296,4,90,15
73,298,7,90,15
74,300,2,90,15
75,302,2,90,15
76,305,2,90,15
77,306,3,90,15
78,310,6,90,15
79,313,9,90,15
80,321,8,90,15
81,323,6,90,15
82,324,3,90,15
83,326,6,90,15
84,327,3,90,15
85,328,4,90,15
86,329,3,90,15
87,336,3,90,15
88,338,1,90,15
89,339,6,90,15
90,366,2,90,15
91,368,2,90,15
92,369,2,90,15
93,372,4,90,15
94,377,2,90,15
95,378,2,90,15
96,383,5,90,15
97,386,2,90,15
98,387,2,90,15
99,392,7,90,15
100,394,7,90,15
101,395,1,90,15
102,401,7,90,15
103,402,5,90,15
104,403,7,90,15
105,409,1,90,15
106,413,1,90,15
107,415,7,90,15
108,417,2,90,15
109,418,1,90,15
110,422,2,90,15
111,423,2,90,15
112,431,5,90,15
113,433,8,90,15
114,434,5,90,15
115,436,2,90,15
116,437,2,90,15
117,443,2,90,15
118,447,10,90,15
119,449,2,90,15
120,455,2,90,15
121,461,2,90,15
122,462,2,90,15
123,467,2,90,15
124,472,2,90,15
125,473,2,90,15
126,476,2,90,15
127,491,2,90,15
128,498,2,90,15
129,503,2,90,15
130,504,2,90,15
131,505,2,90,15
132,506,2,90,15
133,508,2,90,15
134,511,5,90,15
135,513,2,90,15
136,514,4,90,15
137,516,2,90,15
138,524,2,90,15
139,525,2,90,15
140,527,2,90,15
141,528,2,90,15
142,531,3,90,15
143,533,5,90,15
144,535,5,90,15
145,541,6,90,15
146,554,2,90,15
147,559,2,90,15
148,564,2,90,15
149,566,2,90,15
150,567,2,90,15
151,573,2,90,15
152,579,6,90,15
153,580,9,90,15
154,582,1,90,15
155,583,1,90,15
156,589,6,90,15
157,591,2,90,15
158,594,2,90,15
159,600,7,90,15
160,612,2,90,15
161,619,2,90,15
162,622,3,90,15
163,623,2,90,15
164,629,5,90,15
165,630,1,90,15
166,635,2,90,15
167,642,2,90,15
168,652,2,90,15
169,697,2,90,15
170,720,2,90,15
171,764,1,90,15
172,766,2,90,15
173,767,2,90,15
174,768,2,90,15
175,770,2,90,15
0,14,2,90,16
1,19,3,90,16
2,27,5,90,16
3,60,3,90,16
4,62,3,90,16
5,64,9,90,16
6,69,2,90,16
7,70,6,90,16
8,71,13,90,16
9,78,3,90,16
10,82,2,90,16
11,83,3,90,16
12,88,1,90,16
13,89,2,90,16
14,91,3,90,16
15,98,2,90,16
16,99,2,90,16
17,101,2,90,16
18,104,1,90,16
19,106,2,90,16
20,110,2,90,16
21,113,15,90,16
22,115,2,90,16
23,117,2,90,16
24,120,2,90,16
25,121,2,90,16
26,122,8,90,16
27,126,5,90,16
28,135,7,90,16
29,146,2,90,16
30,148,2,90,16
31,152,6,90,16
32,157,2,90,16
33,159,1,90,16
34,162,1,90,16
35,163,1,90,16
36,168,4,90,16
37,177,5,90,16
38,180,6,90,16
39,182,5,90,16
40,185,1,90,16
41,187,1,90,16
42,188,2,90,16
43,191,8,90,16
44,218,6,90,16
45,219,2,90,16
46,224,7,90,16
47,230,2,90,16
48,231,3,90,16
49,232,5,90,16
50,235,2,90,16
51,236,2,90,16
52,237,2,90,16
53,238,2,90,16
54,239,8,90,16
55,241,6,90,16
56,244,9,90,16
57,248,6,90,16
58,249,3,90,16
59,252,2,90,16
60,255,6,90,16
61,268,2,90,16
62,272,4,90,16
63,274,2,90,16
64,275,1,90,16
65,282,1,90,16
66,288,1,90,16
67,289,2,90,16
68,291,0,90,16
69,293,2,90,16
70,296,3,90,16
71,298,2,90,16
72,300,2,90,16
73,302,0,90,16
74,306,2,90,16
75,310,6,90,16
76,313,6,90,16
77,317,3,90,16
78,321,2,90,16
79,323,6,90,16
80,326,6,90,16
81,327,9,90,16
82,328,4,90,16
83,329,3,90,16
84,335,24,90,16
85,339,8,90,16
86,366,2,90,16
87,368,2,90,16
88,369,1,90,16
89,375,4,90,16
90,377,1,90,16
91,378,2,90,16
92,383,2,90,16
93,387,1,90,16
94,394,8,90,16
95,395,6,90,16
96,398,3,90,16
97,401,5,90,16
98,402,3,90,16
99,409,6,90,16
100,413,6,90,16
101,415,9,90,16
102,417,3,90,16
103,418,9,90,16
104,421,6,90,16
105,423,6,90,16
106,431,3,90,16
107,433,6,90,16
108,434,6,90,16
109,436,6,90,16
110,437,6,90,16
111,443,6,90,16
112,444,6,90,16
113,447,10,90,16
114,449,3,90,16
115,455,3,90,16
116,461,2,90,16
117,462,2,90,16
118,467,2,90,16
119,472,2,90,16
120,476,2,90,16
121,480,5,90,16
122,492,2,90,16
123,494,2,90,16
124,495,1,90,16
125,497,2,90,16
126,498,1,90,16
127,504,1,90,16
128,505,1,90,16
129,506,1,90,16
130,508,1,90,16
131,511,5,90,16
132,513,3,90,16
133,514,2,90,16
134,518,2,90,16
135,524,1,90,16
136,525,2,90,16
137,528,1,90,16
138,530,2,90,16
139,531,2,90,16
140,533,6,90,16
141,541,5,90,16
142,543,15,90,16
143,553,3,90,16
144,554,6,90,16
145,559,6,90,16
146,566,14,90,16
147,567,9,90,16
148,572,1,90,16
149,573,7,90,16
150,580,6,90,16
151,582,2,90,16
152,583,1,90,16
153,589,3,90,16
154,591,1,90,16
155,594,1,90,16
156,595,2,90,16
157,600,2,90,16
158,604,3,90,16
159,617,2,90,16
160,619,2,90,16
161,623,2,90,16
162,630,1,90,16
163,631,3,90,16
164,634,2,90,16
165,635,2,90,16
166,642,6,90,16
167,652,2,90,16
168,654,7,90,16
169,674,2,90,16
170,697,1,90,16
171,720,6,90,16
172,763,2,90,16
173,764,1,90,16
174,770,3,90,16
175,772,3,90,16
0,14,2,90,17
1,27,2,90,17
2,60,3,90,17
3,62,7,90,17
4,70,1,90,17
5,71,2,90,17
6,77,2,90,17
7,78,2,90,17
8,82,2,90,17
9,83,5,90,17
10,85,1,90,17
11,88,6,90,17
12,89,3,90,17
13,91,6,90,17
14,95,6,90,17
15,98,5,90,17
16,99,3,90,17
17,101,3,90,17
18,104,6,90,17
19,110,7,90,17
20,111,3,90,17
21,113,2,90,17
22,117,7,90,17
23,120,4,90,17
24,121,2,90,17
25,122,1,90,17
26,126,2,90,17
27,131,1,90,17
28,135,2,90,17
29,144,1,90,17
30,146,1,90,17
31,148,3,90,17
32,152,1,90,17
33,157,2,90,17
34,162,4,90,17
35,163,2,90,17
36,168,2,90,17
37,177,2,90,17
38,180,6,90,17
39,181,5,90,17
40,182,2,90,17
41,185,2,90,17
42,188,9,90,17
43,191,1,90,17
44,222,2,90,17
45,223,2,90,17
46,224,5,90,17
47,230,2,90,17
48,231,8,90,17
49,232,2,90,17
50,235,3,90,17
51,236,2,90,17
52,237,2,90,17
53,239,7,90,17
54,241,1,90,17
55,245,1,90,17
56,247,2,90,17
57,248,1,90,17
58,249,2,90,17
59,252,8,90,17
60,255,2,90,17
61,263,1,90,17
62,268,2,90,17
63,272,2,90,17
64,275,1,90,17
65,278,2,90,17
66,285,2,90,17
67,288,0,90,17
68,290,2,90,17
69,291,0,90,17
70,293,0,90,17
71,295,0,90,17
72,296,3,90,17
73,300,5,90,17
74,305,0,90,17
75,306,6,90,17
76,310,2,90,17
77,311,2,90,17
78,313,2,90,17
79,323,2,90,17
80,326,2,90,17
81,327,2,90,17
82,328,8,90,17
83,329,2,90,17
84,335,2,90,17
85,336,5,90,17
86,338,6,90,17
87,339,4,90,17
88,366,10,90,17
89,369,2,90,17
90,372,7,90,17
91,375,5,90,17
92,378,2,90,17
93,382,2,90,17
94,383,2,90,17
95,386,2,90,17
96,392,3,90,17
97,394,3,90,17
98,395,9,90,17
99,398,3,90,17
100,401,12,90,17
101,409,10,90,17
102,413,12,90,17
103,415,6,90,17
104,417,3,90,17
105,418,9,90,17
106,420,3,90,17
107,422,2,90,17
108,423,2,90,17
109,429,2,90,17
110,431,2,90,17
111,432,2,90,17
112,433,2,90,17
113,437,2,90,17
114,443,2,90,17
115,447,2,90,17
116,449,2,90,17
117,450,2,90,17
118,455,2,90,17
119,461,2,90,17
120,462,2,90,17
121,467,2,90,17
122,472,2,90,17
123,476,8,90,17
124,494,2,90,17
125,495,2,90,17
126,498,2,90,17
127,503,2,90,17
128,504,8,90,17
129,505,5,90,17
130,506,2,90,17
131,508,5,90,17
132,511,3,90,17
133,513,6,90,17
134,514,8,90,17
135,518,2,90,17
136,524,6,90,17
137,525,3,90,17
138,526,8,90,17
139,527,3,90,17
140,530,6,90,17
141,533,4,90,17
142,541,17,90,17
143,543,5,90,17
144,554,1,90,17
145,559,1,90,17
146,560,5,90,17
147,564,7,90,17
148,566,2,90,17
149,567,1,90,17
150,572,2,90,17
151,573,2,90,17
152,579,1,90,17
153,580,1,90,17
154,582,2,90,17
155,583,1,90,17
156,589,5,90,17
157,591,6,90,17
158,595,4,90,17
159,617,4,90,17
160,619,2,90,17
161,622,2,90,17
162,623,8,90,17
163,630,1,90,17
164,631,2,90,17
165,642,2,90,17
166,652,2,90,17
167,670,2,90,17
168,677,6,90,17
169,720,7,90,17
170,763,1,90,17
171,764,1,90,17
172,766,2,90,17
173,767,2,90,17
174,768,2,90,17
175,770,4,90,17
0,14,1,90,18
1,27,2,90,18
2,60,5,90,18
3,64,2,90,18
4,70,1,90,18
5,71,2,90,18
6,77,2,90,18
7,81,1,90,18
8,82,2,90,18
9,85,3,90,18
10,86,2,90,18
11,88,3,90,18
12,91,0,90,18
13,92,0,90,18
14,98,2,90,18
15,99,2,90,18
16,101,2,90,18
17,104,0,90,18
18,106,5,90,18
19,110,6,90,18
20,115,3,90,18
21,117,2,90,18
22,120,6,90,18
23,121,2,90,18
24,122,6,90,18
25,135,3,90,18
26,136,5,90,18
27,144,6,90,18
28,146,6,90,18
29,148,3,90,18
30,149,3,90,18
31,152,1,90,18
32,157,2,90,18
33,159,5,90,18
34,162,3,90,18
35,163,2,90,18
36,168,2,90,18
37,171,2,90,18
38,172,11,90,18
39,180,11,90,18
40,182,2,90,18
41,185,2,90,18
42,191,6,90,18
43,217,2,90,18
44,218,6,90,18
45,219,1,90,18
46,222,2,90,18
47,228,1,90,18
48,230,2,90,18
49,231,1,90,18
50,232,5,90,18
51,235,1,90,18
52,241,6,90,18
53,243,3,90,18
54,244,6,90,18
55,247,14,90,18
56,248,6,90,18
57,251,2,90,18
58,254,3,90,18
59,255,10,90,18
60,262,2,90,18
61,268,2,90,18
62,275,0,90,18
63,278,2,90,18
64,282,0,90,18
65,285,2,90,18
66,288,3,90,18
67,291,2,90,18
68,293,2,90,18
69,296,2,90,18
70,298,5,90,18
71,300,2,90,18
72,305,2,90,18
73,306,6,90,18
74,310,6,90,18
75,313,6,90,18
76,316,10,90,18
77,326,7,90,18
78,327,9,90,18
79,328,14,90,18
80,329,3,90,18
81,335,6,90,18
82,336,8,90,18
83,337,6,90,18
84,338,0,90,18
85,339,12,90,18
86,366,7,90,18
87,368,2,90,18
88,369,2,90,18
89,375,5,90,18
90,376,2,90,18
91,377,2,90,18
92,378,7,90,18
93,383,2,90,18
94,388,6,90,18
95,392,8,90,18
96,394,11,90,18
97,395,6,90,18
98,398,6,90,18
99,402,3,90,18
100,403,21,90,18
101,409,7,90,18
102,413,9,90,18
103,415,8,90,18
104,417,3,90,18
105,418,12,90,18
106,422,8,90,18
107,423,13,90,18
108,424,9,90,18
109,432,7,90,18
110,433,2,90,18
111,434,10,90,18
112,436,2,90,18
113,437,2,90,18
114,443,2,90,18
115,449,2,90,18
116,450,2,90,18
117,452,2,90,18
118,455,1,90,18
119,461,1,90,18
120,462,2,90,18
121,467,1,90,18
122,476,1,90,18
123,491,2,90,18
124,492,2,90,18
125,495,0,90,18
126,498,0,90,18
127,504,0,90,18
128,505,0,90,18
129,506,0,90,18
130,508,0,90,18
131,513,9,90,18
132,514,3,90,18
133,516,6,90,18
134,518,2,90,18
135,520,6,90,18
136,524,6,90,18
137,527,3,90,18
138,530,3,90,18
139,531,3,90,18
140,533,2,90,18
141,541,5,90,18
142,543,2,90,18
143,548,2,90,18
144,553,5,90,18
145,554,2,90,18
146,559,2,90,18
147,560,2,90,18
148,567,4,90,18
149,572,5,90,18
150,573,6,90,18
151,580,1,90,18
152,582,1,90,18
153,583,0,90,18
154,591,6,90,18
155,594,2,90,18
156,600,3,90,18
157,608,4,90,18
158,612,2,90,18
159,617,7,90,18
160,619,2,90,18
161,622,8,90,18
162,623,2,90,18
163,629,3,90,18
164,630,0,90,18
165,631,2,90,18
166,635,2,90,18
167,642,2,90,18
168,652,2,90,18
169,654,3,90,18
170,713,1,90,18
171,720,2,90,18
172,764,0,90,18
173,768,2,90,18
174,770,7,90,18
175,772,3,90,18
0,14,1,90,19
1,27,2,90,19
2,60,2,90,19
3,64,2,90,19
4,70,1,90,19
5,71,13,90,19
6,77,2,90,19
7,78,4,90,19
8,82,3,90,19
9,83,5,90,19
10,85,2,90,19
11,88,1,90,19
12,89,2,90,19
13,91,2,90,19
14,98,2,90,19
15,99,8,90,19
16,101,2,90,19
17,106,7,90,19
18,110,4,90,19
19,111,2,90,19
20,115,2,90,19
21,121,3,90,19
22,122,1,90,19
23,126,2,90,19
24,135,10,90,19
25,136,7,90,19
26,144,1,90,19
27,146,1,90,19
28,148,6,90,19
29,152,1,90,19
30,157,2,90,19
31,159,2,90,19
32,162,5,90,19
33,163,2,90,19
34,168,3,90,19
35,174,5,90,19
36,177,5,90,19
37,180,10,90,19
38,182,2,90,19
39,185,4,90,19
40,188,2,90,19
41,191,6,90,19
42,217,2,90,19
43,218,5,90,19
44,219,7,90,19
45,222,2,90,19
46,223,2,90,19
47,224,2,90,19
48,230,2,90,19
49,231,1,90,19
50,232,2,90,19
51,235,1,90,19
52,240,3,90,19
53,241,7,90,19
54,244,9,90,19
55,245,12,90,19
56,247,6,90,19
57,248,6,90,19
58,249,3,90,19
59,251,6,90,19
60,255,9,90,19
61,263,6,90,19
62,265,4,90,19
63,272,2,90,19
64,275,12,90,19
65,278,6,90,19
66,282,6,90,19
67,284,6,90,19
68,285,3,90,19
69,288,6,90,19
70,290,3,90,19
71,293,6,90,19
72,295,9,90,19
73,300,3,90,19
74,302,6,90,19
75,305,12,90,19
76,306,6,90,19
77,310,6,90,19
78,311,6,90,19
79,313,8,90,19
80,323,11,90,19
81,326,6,90,19
82,327,8,90,19
83,328,9,90,19
84,329,3,90,19
85,335,9,90,19
86,336,3,90,19
87,338,1,90,19
88,339,12,90,19
89,366,7,90,19
90,369,1,90,19
91,372,2,90,19
92,375,6,90,19
93,377,1,90,19
94,378,2,90,19
95,383,1,90,19
96,387,1,90,19
97,388,4,90,19
98,392,2,90,19
99,394,2,90,19
100,395,4,90,19
101,401,5,90,19
102,403,2,90,19
103,409,2,90,19
104,413,2,90,19
105,415,2,90,19
106,417,2,90,19
107,418,2,90,19
108,422,2,90,19
109,423,10,90,19
110,429,2,90,19
111,432,5,90,19
112,434,5,90,19
113,436,2,90,19
114,437,2,90,19
115,443,2,90,19
116,444,2,90,19
117,447,10,90,19
118,455,1,90,19
119,461,3,90,19
120,462,2,90,19
121,472,1,90,19
122,476,1,90,19
123,481,2,90,19
124,491,2,90,19
125,492,2,90,19
126,495,1,90,19
127,498,1,90,19
128,499,2,90,19
129,501,3,90,19
130,506,1,90,19
131,508,1,90,19
132,511,2,90,19
133,513,1,90,19
134,514,2,90,19
135,518,2,90,19
136,524,1,90,19
137,525,7,90,19
138,528,1,90,19
139,530,2,90,19
140,533,1,90,19
141,535,3,90,19
142,543,1,90,19
143,553,4,90,19
144,554,1,90,19
145,560,2,90,19
146,563,2,90,19
147,564,1,90,19
148,566,5,90,19
149,567,1,90,19
150,572,1,90,19
151,580,1,90,19
152,582,1,90,19
153,589,6,90,19
154,590,2,90,19
155,591,1,90,19
156,600,5,90,19
157,608,2,90,19
158,612,2,90,19
159,617,6,90,19
160,619,3,90,19
161,620,2,90,19
162,622,3,90,19
163,623,2,90,19
164,629,2,90,19
165,630,6,90,19
166,635,3,90,19
167,642,2,90,19
168,652,2,90,19
169,654,3,90,19
170,720,1,90,19
171,757,1,90,19
172,763,1,90,19
173,764,6,90,19
174,766,4,90,19
175,768,2,90,19
0,14,1,90,20
1,26,4,90,20
2,60,2,90,20
3,62,2,90,20
4,64,5,90,20
5,70,2,90,20
6,71,10,90,20
7,74,2,90,20
8,77,2,90,20
9,81,2,90,20
10,82,2,90,20
11,83,2,90,20
12,86,4,90,20
13,88,1,90,20
14,89,2,90,20
15,91,1,90,20
16,95,2,90,20
17,99,5,90,20
18,101,2,90,20
19,104,7,90,20
20,106,10,90,20
21,110,3,90,20
22,113,3,90,20
23,115,4,90,20
24,120,8,90,20
25,121,2,90,20
26,122,6,90,20
27,135,3,90,20
28,136,3,90,20
29,144,6,90,20
30,146,6,90,20
31,148,6,90,20
32,152,2,90,20
33,157,2,90,20
34,159,1,90,20
35,162,1,90,20
36,163,4,90,20
37,168,2,90,20
38,177,5,90,20
39,180,2,90,20
40,181,2,90,20
41,182,2,90,20
42,185,1,90,20
43,188,2,90,20
44,191,6,90,20
45,218,6,90,20
46,219,2,90,20
47,222,2,90,20
48,223,5,90,20
49,230,2,90,20
50,231,2,90,20
51,232,7,90,20
52,234,5,90,20
53,235,4,90,20
54,236,2,90,20
55,241,7,90,20
56,243,3,90,20
57,247,13,90,20
58,248,6,90,20
59,249,6,90,20
60,252,10,90,20
61,255,6,90,20
62,257,6,90,20
63,259,3,90,20
64,263,1,90,20
65,268,2,90,20
66,270,1,90,20
67,274,2,90,20
68,278,2,90,20
69,282,1,90,20
70,284,1,90,20
71,285,2,90,20
72,288,1,90,20
73,291,1,90,20
74,293,1,90,20
75,296,2,90,20
76,298,2,90,20
77,300,2,90,20
78,302,1,90,20
79,305,1,90,20
80,310,6,90,20
81,311,6,90,20
82,317,9,90,20
83,323,3,90,20
84,326,6,90,20
85,327,11,90,20
86,328,13,90,20
87,329,6,90,20
88,335,6,90,20
89,336,3,90,20
90,338,7,90,20
91,339,7,90,20
92,366,4,90,20
93,369,2,90,20
94,375,2,90,20
95,378,2,90,20
96,382,2,90,20
97,383,2,90,20
98,386,7,90,20
99,387,2,90,20
100,388,2,90,20
101,394,3,90,20
102,395,6,90,20
103,398,11,90,20
104,402,10,90,20
105,403,3,90,20
106,409,6,90,20
107,413,6,90,20
108,415,6,90,20
109,417,3,90,20
110,418,12,90,20
111,420,3,90,20
112,423,2,90,20
113,431,2,90,20
114,433,10,90,20
115,434,2,90,20
116,436,1,90,20
117,437,1,90,20
118,443,3,90,20
119,447,2,90,20
120,449,7,90,20
121,455,1,90,20
122,457,1,90,20
123,461,1,90,20
124,462,2,90,20
125,472,1,90,20
126,473,2,90,20
127,476,1,90,20
128,481,2,90,20
129,491,4,90,20
130,495,1,90,20
131,497,2,90,20
132,498,1,90,20
133,501,2,90,20
134,504,1,90,20
135,505,1,90,20
136,506,1,90,20
137,508,1,90,20
138,513,2,90,20
139,514,5,90,20
140,516,2,90,20
141,518,2,90,20
142,524,2,90,20
143,525,2,90,20
144,527,2,90,20
145,530,2,90,20
146,531,2,90,20
147,533,9,90,20
148,535,6,90,20
149,541,12,90,20
150,553,8,90,20
151,554,6,90,20
152,559,9,90,20
153,566,2,90,20
154,567,6,90,20
155,572,2,90,20
156,573,4,90,20
157,580,3,90,20
158,582,2,90,20
159,591,2,90,20
160,593,2,90,20
161,594,2,90,20
162,595,3,90,20
163,612,2,90,20
164,619,2,90,20
165,622,3,90,20
166,623,2,90,20
167,629,3,90,20
168,630,1,90,20
169,635,2,90,20
170,642,6,90,20
171,677,2,90,20
172,720,6,90,20
173,764,2,90,20
174,770,3,90,20
175,776,6,90,20
0,14,1,90,21
1,19,8,90,21
2,60,5,90,21
3,64,3,90,21
4,70,7,90,21
5,71,8,90,21
6,77,3,90,21
7,78,9,90,21
8,81,6,90,21
9,82,2,90,21
10,88,1,90,21
11,89,2,90,21
12,91,4,90,21
13,98,2,90,21
14,99,7,90,21
15,101,2,90,21
16,104,1,90,21
17,106,2,90,21
18,110,2,90,21
19,111,2,90,21
20,115,5,90,21
21,117,7,90,21
22,120,1,90,21
23,122,7,90,21
24,126,2,90,21
25,136,7,90,21
26,145,1,90,21
27,146,1,90,21
28,148,3,90,21
29,152,6,90,21
30,157,2,90,21
31,159,1,90,21
32,162,1,90,21
33,163,3,90,21
34,168,3,90,21
35,172,1,90,21
36,177,2,90,21
37,182,2,90,21
38,185,1,90,21
39,187,1,90,21
40,188,2,90,21
41,191,2,90,21
42,192,2,90,21
43,217,6,90,21
44,218,6,90,21
45,219,6,90,21
46,224,9,90,21
47,228,6,90,21
48,230,8,90,21
49,231,6,90,21
50,232,6,90,21
51,235,6,90,21
52,236,6,90,21
53,240,2,90,21
54,241,2,90,21
55,244,2,90,21
56,248,2,90,21
57,249,2,90,21
58,252,7,90,21
59,255,2,90,21
60,262,2,90,21
61,268,2,90,21
62,270,2,90,21
63,272,4,90,21
64,274,2,90,21
65,275,2,90,21
66,278,2,90,21
67,282,2,90,21
68,285,2,90,21
69,290,2,90,21
70,291,1,90,21
71,293,1,90,21
72,295,3,90,21
73,301,1,90,21
74,302,1,90,21
75,305,1,90,21
76,306,6,90,21
77,310,1,90,21
78,313,1,90,21
79,317,10,90,21
80,321,6,90,21
81,323,8,90,21
82,326,7,90,21
83,327,5,90,21
84,328,4,90,21
85,335,1,90,21
86,336,8,90,21
87,338,1,90,21
88,339,1,90,21
89,366,2,90,21
90,368,2,90,21
91,369,1,90,21
92,370,2,90,21
93,372,2,90,21
94,375,2,90,21
95,378,2,90,21
96,383,1,90,21
97,386,2,90,21
98,388,1,90,21
99,394,3,90,21
100,395,6,90,21
101,398,3,90,21
102,402,6,90,21
103,403,3,90,21
104,409,9,90,21
105,410,3,90,21
106,413,7,90,21
107,415,6,90,21
108,417,8,90,21
109,418,6,90,21
110,422,2,90,21
111,425,2,90,21
112,432,2,90,21
113,433,4,90,21
114,434,6,90,21
115,436,2,90,21
116,437,2,90,21
117,443,2,90,21
118,447,6,90,21
119,455,1,90,21
120,461,4,90,21
121,462,4,90,21
122,467,1,90,21
123,470,6,90,21
124,474,1,90,21
125,476,4,90,21
126,481,2,90,21
127,494,5,90,21
128,495,0,90,21
129,497,10,90,21
130,498,0,90,21
131,499,2,90,21
132,503,2,90,21
133,505,0,90,21
134,506,0,90,21
135,508,0,90,21
136,513,1,90,21
137,514,7,90,21
138,518,2,90,21
139,520,4,90,21
140,524,1,90,21
141,525,2,90,21
142,527,2,90,21
143,528,1,90,21
144,530,5,90,21
145,531,2,90,21
146,533,4,90,21
147,536,1,90,21
148,541,6,90,21
149,543,1,90,21
150,553,2,90,21
151,559,1,90,21
152,566,6,90,21
153,567,1,90,21
154,572,1,90,21
155,573,2,90,21
156,576,7,90,21
157,579,2,90,21
158,580,12,90,21
159,582,6,90,21
160,600,7,90,21
161,617,6,90,21
162,619,2,90,21
163,622,7,90,21
164,623,2,90,21
165,629,2,90,21
166,630,2,90,21
167,642,10,90,21
168,652,2,90,21
169,653,8,90,21
170,687,6,90,21
171,714,4,90,21
172,720,1,90,21
173,764,2,90,21
174,766,1,90,21
175,770,2,90,21
0,14,6,90,22
1,26,1,90,22
2,27,2,90,22
3,64,3,90,22
4,70,12,90,22
5,71,3,90,22
6,77,6,90,22
7,78,5,90,22
8,79,6,90,22
9,82,3,90,22
10,83,4,90,22
11,85,6,90,22
12,86,2,90,22
13,89,2,90,22
14,91,2,90,22
15,94,2,90,22
16,98,2,90,22
17,99,12,90,22
18,101,2,90,22
19,104,2,90,22
20,106,8,90,22
21,110,2,90,22
22,113,6,90,22
23,115,2,90,22
24,117,12,90,22
25,120,8,90,22
26,121,2,90,22
27,122,2,90,22
28,126,2,90,22
29,135,2,90,22
30,136,2,90,22
31,146,2,90,22
32,148,4,90,22
33,152,6,90,22
34,157,2,90,22
35,162,9,90,22
36,163,2,90,22
37,168,4,90,22
38,172,2,90,22
39,177,5,90,22
40,180,2,90,22
41,181,7,90,22
42,182,2,90,22
43,185,2,90,22
44,191,2,90,22
45,217,7,90,22
46,218,8,90,22
47,219,1,90,22
48,222,2,90,22
49,223,2,90,22
50,224,2,90,22
51,230,2,90,22
52,231,1,90,22
53,235,1,90,22
54,240,2,90,22
55,241,2,90,22
56,243,2,90,22
57,244,2,90,22
58,248,2,90,22
59,249,4,90,22
60,252,5,90,22
61,255,2,90,22
62,259,2,90,22
63,262,7,90,22
64,270,2,90,22
65,274,7,90,22
66,275,2,90,22
67,278,2,90,22
68,282,2,90,22
69,285,2,90,22
70,288,2,90,22
71,291,2,90,22
72,293,2,90,22
73,295,2,90,22
74,300,2,90,22
75,302,2,90,22
76,305,5,90,22
77,306,2,90,22
78,310,2,90,22
79,311,2,90,22
80,313,2,90,22
81,321,2,90,22
82,323,5,90,22
83,326,2,90,22
84,327,7,90,22
85,328,5,90,22
86,329,2,90,22
87,336,2,90,22
88,338,2,90,22
89,339,2,90,22
90,366,2,90,22
91,369,5,90,22
92,372,2,90,22
93,375,2,90,22
94,378,2,90,22
95,382,2,90,22
96,383,2,90,22
97,387,2,90,22
98,392,7,90,22
99,394,3,90,22
100,395,2,90,22
101,401,5,90,22
102,403,2,90,22
103,405,2,90,22
104,409,2,90,22
105,413,2,90,22
106,415,2,90,22
107,418,2,90,22
108,421,2,90,22
109,422,1,90,22
110,423,3,90,22
111,433,5,90,22
112,434,7,90,22
113,436,1,90,22
114,443,3,90,22
115,447,5,90,22
116,449,2,90,22
117,450,2,90,22
118,455,6,90,22
119,461,6,90,22
120,462,3,90,22
121,470,2,90,22
122,471,3,90,22
123,472,6,90,22
124,476,9,90,22
125,491,2,90,22
126,492,7,90,22
127,494,2,90,22
128,495,2,90,22
129,498,4,90,22
130,503,5,90,22
131,504,2,90,22
132,506,2,90,22
133,508,2,90,22
134,511,2,90,22
135,513,1,90,22
136,514,5,90,22
137,520,1,90,22
138,524,7,90,22
139,525,2,90,22
140,527,2,90,22
141,530,2,90,22
142,531,2,90,22
143,535,2,90,22
144,541,3,90,22
145,543,3,90,22
146,553,5,90,22
147,554,1,90,22
148,559,1,90,22
149,560,2,90,22
150,566,9,90,22
151,567,1,90,22
152,573,1,90,22
153,576,2,90,22
154,580,6,90,22
155,582,1,90,22
156,583,2,90,22
157,594,2,90,22
158,608,3,90,22
159,612,2,90,22
160,617,2,90,22
161,619,2,90,22
162,622,2,90,22
163,623,9,90,22
164,629,12,90,22
165,630,2,90,22
166,635,5,90,22
167,642,2,90,22
168,652,2,90,22
169,653,1,90,22
170,654,2,90,22
171,720,1,90,22
172,763,2,90,22
173,764,2,90,22
174,766,2,90,22
175,770,2,90,22
0,14,1,90,23
1,19,8,90,23
2,27,3,90,23
3,60,3,90,23
4,64,6,90,23
5,71,13,90,23
6,77,3,90,23
7,78,3,90,23
8,81,7,90,23
9,82,6,90,23
10,83,9,90,23
11,85,6,90,23
12,86,6,90,23
13,88,6,90,23
14,89,8,90,23
15,91,6,90,23
16,94,6,90,23
17,95,6,90,23
18,98,8,90,23
19,99,3,90,23
20,101,3,90,23
21,110,8,90,23
22,115,2,90,23
23,120,3,90,23
24,121,5,90,23
25,122,0,90,23
26,126,2,90,23
27,135,5,90,23
28,136,2,90,23
29,145,0,90,23
30,146,0,90,23
31,148,7,90,23
32,152,6,90,23
33,159,8,90,23
34,162,2,90,23
35,163,2,90,23
36,168,3,90,23
37,172,2,90,23
38,180,5,90,23
39,181,2,90,23
40,182,9,90,23
41,185,2,90,23
42,217,5,90,23
43,218,2,90,23
44,219,1,90,23
45,222,2,90,23
46,223,2,90,23
47,224,2,90,23
48,232,5,90,23
49,235,1,90,23
50,236,1,90,23
51,237,6,90,23
52,241,6,90,23
53,245,12,90,23
54,247,3,90,23
55,248,6,90,23
56,249,3,90,23
57,252,2,90,23
58,255,9,90,23
59,257,6,90,23
60,263,1,90,23
61,270,1,90,23
62,274,2,90,23
63,275,1,90,23
64,278,7,90,23
65,282,1,90,23
66,285,2,90,23
67,289,4,90,23
68,291,2,90,23
69,293,3,90,23
70,295,2,90,23
71,296,2,90,23
72,300,2,90,23
73,302,2,90,23
74,305,2,90,23
75,306,2,90,23
76,310,2,90,23
77,317,11,90,23
78,321,6,90,23
79,323,2,90,23
80,326,2,90,23
81,327,7,90,23
82,328,4,90,23
83,329,10,90,23
84,333,2,90,23
85,335,8,90,23
86,338,6,90,23
87,339,5,90,23
88,366,4,90,23
89,369,1,90,23
90,375,2,90,23
91,377,1,90,23
92,378,2,90,23
93,382,2,90,23
94,383,1,90,23
95,386,5,90,23
96,387,1,90,23
97,388,8,90,23
98,392,2,90,23
99,394,2,90,23
100,395,4,90,23
101,401,10,90,23
102,402,2,90,23
103,409,2,90,23
104,411,5,90,23
105,413,2,90,23
106,415,8,90,23
107,417,5,90,23
108,418,3,90,23
109,423,2,90,23
110,431,2,90,23
111,432,2,90,23
112,433,3,90,23
113,434,2,90,23
114,436,1,90,23
115,437,4,90,23
116,443,1,90,23
117,447,2,90,23
118,455,1,90,23
119,461,1,90,23
120,462,5,90,23
121,470,2,90,23
122,472,1,90,23
123,476,1,90,23
124,482,2,90,23
125,491,2,90,23
126,494,2,90,23
127,495,0,90,23
128,498,0,90,23
129,504,3,90,23
130,505,0,90,23
131,506,0,90,23
132,508,0,90,23
133,511,2,90,23
134,513,2,90,23
135,514,2,90,23
136,520,8,90,23
137,525,10,90,23
138,528,2,90,23
139,530,2,90,23
140,531,2,90,23
141,533,9,90,23
142,543,9,90,23
143,553,3,90,23
144,554,6,90,23
145,559,6,90,23
146,560,2,90,23
147,565,8,90,23
148,566,2,90,23
149,567,6,90,23
150,572,1,90,23
151,573,1,90,23
152,579,12,90,23
153,580,6,90,23
154,582,1,90,23
155,583,4,90,23
156,589,9,90,23
157,591,2,90,23
158,600,4,90,23
159,608,2,90,23
160,612,2,90,23
161,617,6,90,23
162,622,6,90,23
163,623,4,90,23
164,630,1,90,23
165,631,2,90,23
166,635,2,90,23
167,642,3,90,23
168,652,2,90,23
169,653,1,90,23
170,670,1,90,23
171,714,2,90,23
172,718,1,90,23
173,720,6,90,23
174,764,1,90,23
175,770,3,90,23
0,14,2,90,24
1,26,2,90,24
2,60,3,90,24
3,64,3,90,24
4,70,9,90,24
5,71,3,90,24
6,77,5,90,24
7,78,3,90,24
8,81,6,90,24
9,82,2,90,24
10,85,6,90,24
11,88,2,90,24
12,89,2,90,24
13,91,2,90,24
14,93,2,90,24
15,94,2,90,24
16,98,2,90,24
17,99,6,90,24
18,101,2,90,24
19,104,2,90,24
20,110,6,90,24
21,115,6,90,24
22,117,2,90,24
23,120,6,90,24
24,121,3,90,24
25,122,9,90,24
26,135,8,90,24
27,136,6,90,24
28,144,7,90,24
29,146,6,90,24
30,148,10,90,24
31,149,3,90,24
32,152,6,90,24
33,157,3,90,24
34,159,6,90,24
35,162,6,90,24
36,163,9,90,24
37,168,3,90,24
38,172,6,90,24
39,180,6,90,24
40,182,5,90,24
41,185,6,90,24
42,188,2,90,24
43,191,6,90,24
44,192,10,90,24
45,217,2,90,24
46,218,3,90,24
47,219,2,90,24
48,222,2,90,24
49,228,2,90,24
50,230,5,90,24
51,231,2,90,24
52,232,2,90,24
53,235,2,90,24
54,239,3,90,24
55,241,6,90,24
56,247,3,90,24
57,248,7,90,24
58,249,3,90,24
59,252,5,90,24
60,255,6,90,24
61,263,6,90,24
62,265,3,90,24
63,270,6,90,24
64,274,6,90,24
65,275,12,90,24
66,278,3,90,24
67,282,6,90,24
68,285,2,90,24
69,291,7,90,24
70,293,1,90,24
71,295,1,90,24
72,300,2,90,24
73,301,1,90,24
74,305,1,90,24
75,310,9,90,24
76,311,12,90,24
77,313,6,90,24
78,317,3,90,24
79,323,3,90,24
80,326,6,90,24
81,328,10,90,24
82,329,3,90,24
83,335,9,90,24
84,336,7,90,24
85,338,2,90,24
86,339,6,90,24
87,366,4,90,24
88,368,3,90,24
89,369,6,90,24
90,372,3,90,24
91,378,3,90,24
92,382,3,90,24
93,383,6,90,24
94,386,3,90,24
95,387,6,90,24
96,394,2,90,24
97,395,2,90,24
98,398,2,90,24
99,401,2,90,24
100,402,2,90,24
101,403,3,90,24
102,409,4,90,24
103,413,2,90,24
104,415,5,90,24
105,417,2,90,24
106,418,2,90,24
107,422,2,90,24
108,423,2,90,24
109,432,2,90,24
110,434,5,90,24
111,436,5,90,24
112,437,2,90,24
113,442,2,90,24
114,443,4,90,24
115,447,6,90,24
116,450,2,90,24
117,455,2,90,24
118,461,2,90,24
119,462,2,90,24
120,467,2,90,24
121,470,2,90,24
122,472,2,90,24
123,474,2,90,24
124,476,4,90,24
125,481,2,90,24
126,482,2,90,24
127,491,2,90,24
128,492,2,90,24
129,495,1,90,24
130,498,1,90,24
131,503,2,90,24
132,506,1,90,24
133,508,1,90,24
134,513,1,90,24
135,514,5,90,24
136,516,1,90,24
137,520,1,90,24
138,524,1,90,24
139,525,4,90,24
140,528,1,90,24
141,530,2,90,24
142,531,2,90,24
143,533,7,90,24
144,535,2,90,24
145,541,5,90,24
146,550,7,90,24
147,553,2,90,24
148,554,2,90,24
149,563,2,90,24
150,566,12,90,24
151,567,1,90,24
152,572,6,90,24
153,573,2,90,24
154,579,6,90,24
155,580,6,90,24
156,582,2,90,24
157,583,6,90,24
158,591,1,90,24
159,593,6,90,24
160,594,6,90,24
161,595,3,90,24
162,600,3,90,24
163,617,2,90,24
164,619,3,90,24
165,622,3,90,24
166,623,2,90,24
167,635,5,90,24
168,677,1,90,24
169,697,6,90,24
170,720,1,90,24
171,726,1,90,24
172,764,6,90,24
173,768,2,90,24
174,770,2,90,24
175,772,8,90,24
0,14,6,90,25
1,26,1,90,25
2,27,2,90,25
3,60,2,90,25
4,64,2,90,25
5,70,1,90,25
6,71,3,90,25
7,78,2,90,25
8,81,1,90,25
9,82,2,90,25
10,83,2,90,25
11,85,1,90,25
12,86,2,90,25
13,88,2,90,25
14,89,5,90,25
15,91,2,90,25
16,92,5,90,25
17,98,2,90,25
18,99,7,90,25
19,101,2,90,25
20,104,2,90,25
21,106,2,90,25
22,110,6,90,25
23,113,7,90,25
24,115,2,90,25
25,120,1,90,25
26,121,3,90,25
27,122,1,90,25
28,126,2,90,25
29,135,9,90,25
30,144,2,90,25
31,146,1,90,25
32,148,6,90,25
33,152,1,90,25
34,157,3,90,25
35,159,6,90,25
36,162,6,90,25
37,163,6,90,25
38,166,3,90,25
39,168,3,90,25
40,174,3,90,25
41,180,2,90,25
42,185,6,90,25
43,187,6,90,25
44,188,3,90,25
45,191,6,90,25
46,192,5,90,25
47,217,3,90,25
48,218,2,90,25
49,219,6,90,25
50,222,3,90,25
51,223,5,90,25
52,230,3,90,25
53,231,6,90,25
54,232,2,90,25
55,234,9,90,25
56,235,7,90,25
57,244,6,90,25
58,247,3,90,25
59,248,6,90,25
60,249,6,90,25
61,251,2,90,25
62,252,2,90,25
63,255,6,90,25
64,257,6,90,25
65,268,2,90,25
66,270,6,90,25
67,275,6,90,25
68,278,3,90,25
69,281,3,90,25
70,282,6,90,25
71,285,2,90,25
72,288,1,90,25
73,290,2,90,25
74,291,1,90,25
75,293,1,90,25
76,296,1,90,25
77,298,7,90,25
78,300,2,90,25
79,305,1,90,25
80,310,6,90,25
81,313,6,90,25
82,317,9,90,25
83,321,12,90,25
84,323,3,90,25
85,326,6,90,25
86,328,4,90,25
87,329,6,90,25
88,335,6,90,25
89,337,6,90,25
90,339,6,90,25
91,366,9,90,25
92,368,8,90,25
93,369,6,90,25
94,375,2,90,25
95,377,6,90,25
96,378,3,90,25
97,382,3,90,25
98,383,6,90,25
99,394,5,90,25
100,395,6,90,25
101,398,3,90,25
102,401,2,90,25
103,402,3,90,25
104,403,3,90,25
105,409,7,90,25
106,413,6,90,25
107,415,9,90,25
108,417,3,90,25
109,418,6,90,25
110,422,1,90,25
111,423,5,90,25
112,429,5,90,25
113,433,2,90,25
114,436,1,90,25
115,437,1,90,25
116,443,1,90,25
117,447,4,90,25
118,455,6,90,25
119,462,3,90,25
120,467,6,90,25
121,470,3,90,25
122,471,3,90,25
123,472,6,90,25
124,476,6,90,25
125,480,2,90,25
126,481,2,90,25
127,482,2,90,25
128,491,2,90,25
129,494,2,90,25
130,498,1,90,25
131,503,2,90,25
132,504,1,90,25
133,506,1,90,25
134,508,1,90,25
135,513,1,90,25
136,514,11,90,25
137,517,1,90,25
138,524,1,90,25
139,525,2,90,25
140,527,7,90,25
141,528,1,90,25
142,531,5,90,25
143,541,5,90,25
144,543,2,90,25
145,544,2,90,25
146,553,7,90,25
147,554,5,90,25
148,559,2,90,25
149,560,3,90,25
150,566,7,90,25
151,567,2,90,25
152,573,2,90,25
153,579,6,90,25
154,580,1,90,25
155,582,6,90,25
156,583,6,90,25
157,589,10,90,25
158,591,1,90,25
159,594,6,90,25
160,596,7,90,25
161,600,5,90,25
162,617,4,90,25
163,619,3,90,25
164,622,3,90,25
165,623,5,90,25
166,629,5,90,25
167,630,6,90,25
168,635,2,90,25
169,642,2,90,25
170,652,3,90,25
171,677,1,90,25
172,720,2,90,25
173,764,6,90,25
174,766,12,90,25
175,770,4,90,25
0,14,6,90,26
1,19,3,90,26
2,26,2,90,26
3,64,2,90,26
4,70,4,90,26
5,71,2,90,26
6,74,7,90,26
7,77,2,90,26
8,79,1,90,26
9,81,1,90,26
10,82,5,90,26
11,85,1,90,26
12,86,1,90,26
13,88,1,90,26
14,91,1,90,26
15,94,7,90,26
16,95,2,90,26
17,98,2,90,26
18,99,2,90,26
19,101,2,90,26
20,111,2,90,26
21,115,3,90,26
22,117,2,90,26
23,120,1,90,26
24,121,2,90,26
25,122,1,90,26
26,126,5,90,26
27,131,1,90,26
28,136,2,90,26
29,144,1,90,26
30,146,1,90,26
31,148,6,90,26
32,149,2,90,26
33,152,1,90,26
34,157,2,90,26
35,162,2,90,26
36,163,5,90,26
37,168,2,90,26
38,172,4,90,26
39,180,7,90,26
40,181,2,90,26
41,182,2,90,26
42,185,2,90,26
43,188,3,90,26
44,191,6,90,26
45,217,5,90,26
46,218,2,90,26
47,219,2,90,26
48,222,2,90,26
49,223,2,90,26
50,230,2,90,26
51,231,2,90,26
52,232,6,90,26
53,235,2,90,26
54,240,3,90,26
55,241,6,90,26
56,244,6,90,26
57,245,6,90,26
58,247,5,90,26
59,248,7,90,26
60,255,9,90,26
61,262,5,90,26
62,263,0,90,26
63,265,2,90,26
64,268,6,90,26
65,272,2,90,26
66,274,2,90,26
67,285,5,90,26
68,288,2,90,26
69,289,6,90,26
70,291,2,90,26
71,293,6,90,26
72,296,2,90,26
73,298,7,90,26
74,300,2,90,26
75,302,2,90,26
76,305,2,90,26
77,310,1,90,26
78,313,1,90,26
79,323,5,90,26
80,324,2,90,26
81,326,7,90,26
82,327,13,90,26
83,328,10,90,26
84,329,2,90,26
85,335,7,90,26
86,336,5,90,26
87,338,1,90,26
88,339,1,90,26
89,366,4,90,26
90,368,5,90,26
91,369,2,90,26
92,370,2,90,26
93,372,2,90,26
94,378,7,90,26
95,383,3,90,26
96,386,2,90,26
97,388,2,90,26
98,392,5,90,26
99,394,2,90,26
100,395,8,90,26
101,401,15,90,26
102,402,2,90,26
103,403,2,90,26
104,409,4,90,26
105,413,2,90,26
106,415,8,90,26
107,417,2,90,26
108,418,2,90,26
109,423,10,90,26
110,429,2,90,26
111,432,5,90,26
112,433,4,90,26
113,436,2,90,26
114,437,5,90,26
115,443,2,90,26
116,447,2,90,26
117,450,2,90,26
118,455,6,90,26
119,461,6,90,26
120,462,3,90,26
121,470,2,90,26
122,472,6,90,26
123,474,6,90,26
124,476,6,90,26
125,491,7,90,26
126,492,7,90,26
127,494,2,90,26
128,495,0,90,26
129,498,0,90,26
130,503,2,90,26
131,504,0,90,26
132,505,0,90,26
133,506,6,90,26
134,508,0,90,26
135,513,4,90,26
136,516,5,90,26
137,518,3,90,26
138,523,6,90,26
139,524,5,90,26
140,525,2,90,26
141,527,2,90,26
142,530,2,90,26
143,531,5,90,26
144,533,3,90,26
145,541,6,90,26
146,543,1,90,26
147,544,2,90,26
148,554,1,90,26
149,559,1,90,26
150,560,2,90,26
151,566,5,90,26
152,567,1,90,26
153,572,8,90,26
154,573,9,90,26
155,579,6,90,26
156,580,1,90,26
157,582,2,90,26
158,583,0,90,26
159,594,2,90,26
160,600,2,90,26
161,617,2,90,26
162,622,3,90,26
163,623,3,90,26
164,630,0,90,26
165,642,2,90,26
166,652,2,90,26
167,653,2,90,26
168,654,7,90,26
169,677,2,90,26
170,715,0,90,26
171,720,1,90,26
172,757,4,90,26
173,764,0,90,26
174,766,5,90,26
175,770,2,90,26
0,14,1,90,27
1,26,6,90,27
2,27,2,90,27
3,60,2,90,27
4,64,8,90,27
5,70,1,90,27
6,71,12,90,27
7,77,2,90,27
8,78,5,90,27
9,82,2,90,27
10,83,10,90,27
11,85,1,90,27
12,89,2,90,27
13,91,2,90,27
14,94,2,90,27
15,95,2,90,27
16,98,5,90,27
17,99,2,90,27
18,101,2,90,27
19,106,2,90,27
20,110,4,90,27
21,111,2,90,27
22,113,2,90,27
23,115,2,90,27
24,120,2,90,27
25,121,2,90,27
26,122,4,90,27
27,126,7,90,27
28,135,2,90,27
29,136,2,90,27
30,146,2,90,27
31,148,5,90,27
32,152,1,90,27
33,157,4,90,27
34,159,3,90,27
35,162,2,90,27
36,163,2,90,27
37,168,7,90,27
38,171,2,90,27
39,180,2,90,27
40,181,2,90,27
41,182,7,90,27
42,185,5,90,27
43,188,2,90,27
44,191,6,90,27
45,217,5,90,27
46,218,6,90,27
47,219,1,90,27
48,222,2,90,27
49,223,2,90,27
50,228,1,90,27
51,230,2,90,27
52,231,1,90,27
53,235,1,90,27
54,236,1,90,27
55,239,3,90,27
56,241,10,90,27
57,244,6,90,27
58,245,6,90,27
59,247,6,90,27
60,248,6,90,27
61,249,6,90,27
62,252,10,90,27
63,255,6,90,27
64,263,-1,90,27
65,268,2,90,27
66,272,2,90,27
67,275,-1,90,27
68,278,2,90,27
69,285,2,90,27
70,288,0,90,27
71,291,0,90,27
72,293,0,90,27
73,296,0,90,27
74,298,2,90,27
75,299,4,90,27
76,302,0,90,27
77,305,1,90,27
78,306,2,90,27
79,310,6,90,27
80,311,9,90,27
81,316,2,90,27
82,323,9,90,27
83,327,3,90,27
84,328,13,90,27
85,329,3,90,27
86,335,14,90,27
87,336,3,90,27
88,337,10,90,27
89,338,2,90,27
90,339,6,90,27
91,366,7,90,27
92,369,1,90,27
93,372,7,90,27
94,375,2,90,27
95,378,5,90,27
96,383,3,90,27
97,387,1,90,27
98,388,2,90,27
99,394,13,90,27
100,395,8,90,27
101,401,10,90,27
102,402,7,90,27
103,403,2,90,27
104,409,8,90,27
105,413,3,90,27
106,415,5,90,27
107,417,10,90,27
108,418,4,90,27
109,421,2,90,27
110,423,4,90,27
111,431,3,90,27
112,433,6,90,27
113,434,8,90,27
114,436,6,90,27
115,437,6,90,27
116,443,6,90,27
117,449,3,90,27
118,455,1,90,27
119,461,1,90,27
120,462,2,90,27
121,467,1,90,27
122,470,4,90,27
123,476,1,90,27
124,480,2,90,27
125,481,2,90,27
126,491,2,90,27
127,492,2,90,27
128,495,1,90,27
129,498,1,90,27
130,504,1,90,27
131,505,1,90,27
132,506,1,90,27
133,508,1,90,27
134,513,2,90,27
135,514,7,90,27
136,516,8,90,27
137,518,2,90,27
138,524,2,90,27
139,525,2,90,27
140,527,2,90,27
141,530,2,90,27
142,531,2,90,27
143,533,18,90,27
144,535,9,90,27
145,541,5,90,27
146,554,6,90,27
147,559,9,90,27
148,560,5,90,27
149,563,3,90,27
150,564,6,90,27
151,566,6,90,27
152,567,12,90,27
153,572,1,90,27
154,573,6,90,27
155,580,1,90,27
156,582,1,90,27
157,583,-1,90,27
158,589,2,90,27
159,591,3,90,27
160,594,1,90,27
161,600,2,90,27
162,617,3,90,27
163,622,3,90,27
164,623,2,90,27
165,629,2,90,27
166,630,-1,90,27
167,631,2,90,27
168,635,2,90,27
169,652,2,90,27
170,653,6,90,27
171,715,-1,90,27
172,720,6,90,27
173,764,5,90,27
174,766,1,90,27
175,770,3,90,27
0,14,1,90,28
1,27,2,90,28
2,62,6,90,28
3,64,3,90,28
4,70,8,90,28
5,71,6,90,28
6,74,4,90,28
7,77,8,90,28
8,78,13,90,28
9,81,9,90,28
10,82,2,90,28
11,85,6,90,28
12,88,1,90,28
13,89,2,90,28
14,91,3,90,28
15,95,5,90,28
16,98,2,90,28
17,99,2,90,28
18,104,1,90,28
19,106,7,90,28
20,110,5,90,28
21,113,7,90,28
22,115,5,90,28
23,120,2,90,28
24,121,2,90,28
25,122,2,90,28
26,135,10,90,28
27,144,5,90,28
28,146,2,90,28
29,148,2,90,28
30,152,9,90,28
31,157,2,90,28
32,159,1,90,28
33,162,2,90,28
34,163,1,90,28
35,168,10,90,28
36,171,1,90,28
37,172,1,90,28
38,180,5,90,28
39,182,18,90,28
40,185,1,90,28
41,188,2,90,28
42,191,2,90,28
43,218,2,90,28
44,219,1,90,28
45,222,5,90,28
46,224,4,90,28
47,230,7,90,28
48,231,1,90,28
49,232,2,90,28
50,235,1,90,28
51,236,1,90,28
52,240,7,90,28
53,241,2,90,28
54,244,2,90,28
55,247,10,90,28
56,248,5,90,28
57,249,2,90,28
58,252,2,90,28
59,255,2,90,28
60,259,7,90,28
61,263,4,90,28
62,268,6,90,28
63,270,1,90,28
64,275,1,90,28
65,278,2,90,28
66,282,1,90,28
67,285,2,90,28
68,289,5,90,28
69,290,2,90,28
70,291,1,90,28
71,293,10,90,28
72,295,1,90,28
73,296,1,90,28
74,300,2,90,28
75,306,6,90,28
76,310,2,90,28
77,313,2,90,28
78,317,8,90,28
79,321,4,90,28
80,323,2,90,28
81,326,2,90,28
82,327,2,90,28
83,328,8,90,28
84,335,2,90,28
85,336,2,90,28
86,338,7,90,28
87,339,2,90,28
88,366,2,90,28
89,369,1,90,28
90,370,2,90,28
91,372,2,90,28
92,383,1,90,28
93,387,1,90,28
94,388,2,90,28
95,394,3,90,28
96,395,1,90,28
97,398,4,90,28
98,401,9,90,28
99,402,10,90,28
100,409,1,90,28
101,413,1,90,28
102,415,1,90,28
103,418,4,90,28
104,420,2,90,28
105,421,2,90,28
106,422,1,90,28
107,423,5,90,28
108,432,5,90,28
109,433,5,90,28
110,434,2,90,28
111,436,1,90,28
112,437,2,90,28
113,443,1,90,28
114,447,6,90,28
115,450,2,90,28
116,455,1,90,28
117,461,2,90,28
118,462,5,90,28
119,467,1,90,28
120,472,7,90,28
121,476,1,90,28
122,480,2,90,28
123,491,7,90,28
124,492,5,90,28
125,495,2,90,28
126,498,2,90,28
127,501,2,90,28
128,503,2,90,28
129,504,2,90,28
130,505,2,90,28
131,506,2,90,28
132,508,2,90,28
133,511,2,90,28
134,513,1,90,28
135,514,7,90,28
136,516,1,90,28
137,524,1,90,28
138,527,2,90,28
139,531,2,90,28
140,533,4,90,28
141,535,2,90,28
142,543,13,90,28
143,553,2,90,28
144,554,1,90,28
145,559,1,90,28
146,560,2,90,28
147,563,2,90,28
148,564,1,90,28
149,566,2,90,28
150,567,6,90,28
151,572,1,90,28
152,573,7,90,28
153,580,6,90,28
154,582,10,90,28
155,583,4,90,28
156,589,2,90,28
157,591,1,90,28
158,594,1,90,28
159,595,4,90,28
160,600,2,90,28
161,619,7,90,28
162,622,2,90,28
163,623,2,90,28
164,630,1,90,28
165,635,2,90,28
166,652,2,90,28
167,653,1,90,28
168,654,2,90,28
169,670,1,90,28
170,674,2,90,28
171,714,2,90,28
172,718,1,90,28
173,720,2,90,28
174,764,1,90,28
175,766,1,90,28
0,14,1,90,29
1,19,8,90,29
2,60,3,90,29
3,64,3,90,29
4,70,6,90,29
5,71,3,90,29
6,77,3,90,29
7,81,6,90,29
8,82,2,90,29
9,83,4,90,29
10,85,6,90,29
11,86,2,90,29
12,88,5,90,29
13,89,7,90,29
14,91,2,90,29
15,94,2,90,29
16,95,2,90,29
17,99,13,90,29
18,101,2,90,29
19,106,2,90,29
20,110,2,90,29
21,113,4,90,29
22,115,2,90,29
23,117,2,90,29
24,120,2,90,29
25,122,2,90,29
26,126,2,90,29
27,135,2,90,29
28,136,2,90,29
29,146,3,90,29
30,148,5,90,29
31,152,6,90,29
32,157,2,90,29
33,159,2,90,29
34,162,7,90,29
35,163,3,90,29
36,168,5,90,29
37,171,1,90,29
38,177,2,90,29
39,180,9,90,29
40,182,2,90,29
41,185,1,90,29
42,188,2,90,29
43,191,6,90,29
44,217,2,90,29
45,219,1,90,29
46,222,2,90,29
47,224,5,90,29
48,231,1,90,29
49,232,6,90,29
50,235,7,90,29
51,236,1,90,29
52,237,2,90,29
53,239,5,90,29
54,241,6,90,29
55,244,9,90,29
56,247,3,90,29
57,248,6,90,29
58,252,5,90,29
59,255,6,90,29
60,263,2,90,29
61,265,2,90,29
62,268,2,90,29
63,278,2,90,29
64,282,2,90,29
65,284,2,90,29
66,290,2,90,29
67,291,1,90,29
68,293,1,90,29
69,296,1,90,29
70,300,2,90,29
71,302,1,90,29
72,305,1,90,29
73,306,6,90,29
74,310,9,90,29
75,317,8,90,29
76,319,8,90,29
77,321,11,90,29
78,323,3,90,29
79,326,6,90,29
80,328,3,90,29
81,329,3,90,29
82,335,7,90,29
83,336,3,90,29
84,339,6,90,29
85,366,3,90,29
86,372,3,90,29
87,375,4,90,29
88,377,6,90,29
89,378,6,90,29
90,383,6,90,29
91,388,2,90,29
92,392,3,90,29
93,394,3,90,29
94,395,6,90,29
95,398,5,90,29
96,402,8,90,29
97,403,6,90,29
98,409,9,90,29
99,413,7,90,29
100,415,6,90,29
101,417,3,90,29
102,418,6,90,29
103,422,1,90,29
104,423,3,90,29
105,431,2,90,29
106,433,9,90,29
107,434,2,90,29
108,436,1,90,29
109,437,1,90,29
110,443,1,90,29
111,447,5,90,29
112,450,2,90,29
113,455,1,90,29
114,457,1,90,29
115,461,1,90,29
116,462,2,90,29
117,470,2,90,29
118,471,2,90,29
119,476,1,90,29
120,491,2,90,29
121,492,2,90,29
122,498,1,90,29
123,499,2,90,29
124,503,2,90,29
125,504,1,90,29
126,506,1,90,29
127,508,1,90,29
128,511,2,90,29
129,513,2,90,29
130,514,2,90,29
131,524,2,90,29
132,525,2,90,29
133,528,2,90,29
134,531,5,90,29
135,533,2,90,29
136,541,11,90,29
137,544,2,90,29
138,553,2,90,29
139,554,2,90,29
140,559,2,90,29
141,560,2,90,29
142,566,8,90,29
143,567,2,90,29
144,572,6,90,29
145,573,1,90,29
146,580,6,90,29
147,582,1,90,29
148,583,2,90,29
149,589,6,90,29
150,591,2,90,29
151,593,6,90,29
152,594,6,90,29
153,600,2,90,29
154,612,2,90,29
155,617,2,90,29
156,619,2,90,29
157,622,3,90,29
158,623,3,90,29
159,630,2,90,29
160,631,2,90,29
161,635,2,90,29
162,642,7,90,29
163,652,3,90,29
164,653,1,90,29
165,674,2,90,29
166,677,2,90,29
167,714,7,90,29
168,718,1,90,29
169,720,2,90,29
170,726,1,90,29
171,764,2,90,29
172,766,6,90,29
173,767,1,90,29
174,770,2,90,29
175,772,8,90,29
0,14,7,90,30
1,68,2,90,30
2,70,2,90,30
3,71,2,90,30
4,77,2,90,30
5,78,7,90,30
6,81,2,90,30
7,82,2,90,30
8,83,5,90,30
9,85,2,90,30
10,86,1,90,30
11,88,1,90,30
12,91,1,90,30
13,92,4,90,30
14,94,10,90,30
15,98,2,90,30
16,99,13,90,30
17,101,2,90,30
18,106,2,90,30
19,110,4,90,30
20,113,2,90,30
21,115,2,90,30
22,117,2,90,30
23,120,1,90,30
24,121,2,90,30
25,122,1,90,30
26,136,4,90,30
27,144,1,90,30
28,146,1,90,30
29,148,3,90,30
30,149,2,90,30
31,152,2,90,30
32,157,6,90,30
33,159,6,90,30
34,162,6,90,30
35,163,7,90,30
36,168,6,90,30
37,172,6,90,30
38,177,8,90,30
39,180,5,90,30
40,182,25,90,30
41,185,6,90,30
42,188,3,90,30
43,191,6,90,30
44,217,2,90,30
45,218,2,90,30
46,219,0,90,30
47,222,2,90,30
48,223,2,90,30
49,224,2,90,30
50,231,0,90,30
51,232,2,90,30
52,235,0,90,30
53,241,6,90,30
54,247,3,90,30
55,248,6,90,30
56,249,3,90,30
57,255,8,90,30
58,257,6,90,30
59,258,2,90,30
60,262,2,90,30
61,274,2,90,30
62,275,0,90,30
63,278,2,90,30
64,282,0,90,30
65,285,2,90,30
66,289,2,90,30
67,293,2,90,30
68,295,2,90,30
69,298,2,90,30
70,300,2,90,30
71,301,2,90,30
72,302,2,90,30
73,306,5,90,30
74,310,2,90,30
75,311,2,90,30
76,317,7,90,30
77,323,2,90,30
78,324,2,90,30
79,326,2,90,30
80,327,6,90,30
81,328,5,90,30
82,335,2,90,30
83,336,2,90,30
84,339,2,90,30
85,366,7,90,30
86,368,2,90,30
87,369,2,90,30
88,370,2,90,30
89,372,2,90,30
90,375,4,90,30
91,377,2,90,30
92,383,2,90,30
93,387,2,90,30
94,388,12,90,30
95,392,16,90,30
96,394,3,90,30
97,395,6,90,30
98,398,18,90,30
99,401,6,90,30
100,402,6,90,30
101,403,6,90,30
102,409,9,90,30
103,413,6,90,30
104,415,7,90,30
105,418,6,90,30
106,422,4,90,30
107,423,2,90,30
108,433,2,90,30
109,434,2,90,30
110,436,4,90,30
111,437,1,90,30
112,443,1,90,30
113,447,9,90,30
114,450,2,90,30
115,455,6,90,30
116,461,6,90,30
117,462,3,90,30
118,467,6,90,30
119,470,5,90,30
120,472,6,90,30
121,476,6,90,30
122,480,2,90,30
123,491,2,90,30
124,497,2,90,30
125,498,5,90,30
126,503,2,90,30
127,504,2,90,30
128,505,8,90,30
129,506,2,90,30
130,508,4,90,30
131,511,3,90,30
132,513,6,90,30
133,514,3,90,30
134,516,6,90,30
135,524,6,90,30
136,525,11,90,30
137,527,6,90,30
138,528,6,90,30
139,531,3,90,30
140,533,6,90,30
141,541,2,90,30
142,544,3,90,30
143,553,3,90,30
144,554,6,90,30
145,559,6,90,30
146,560,9,90,30
147,566,2,90,30
148,567,6,90,30
149,572,2,90,30
150,573,1,90,30
151,579,6,90,30
152,580,5,90,30
153,582,0,90,30
154,583,0,90,30
155,589,2,90,30
156,592,2,90,30
157,594,3,90,30
158,600,2,90,30
159,612,2,90,30
160,619,2,90,30
161,620,7,90,30
162,622,3,90,30
163,623,3,90,30
164,630,0,90,30
165,635,4,90,30
166,642,6,90,30
167,653,1,90,30
168,714,2,90,30
169,715,0,90,30
170,718,6,90,30
171,720,12,90,30
172,757,1,90,30
173,764,3,90,30
174,770,4,90,30
175,772,3,90,30
0,14,1,90,31
1,19,7,90,31
2,64,3,90,31
3,70,12,90,31
4,71,9,90,31
5,74,8,90,31
6,77,3,90,31
7,78,3,90,31
8,82,2,90,31
9,83,3,90,31
10,85,6,90,31
11,88,6,90,31
12,89,3,90,31
13,91,6,90,31
14,94,3,90,31
15,95,4,90,31
16,98,3,90,31
17,99,3,90,31
18,104,12,90,31
19,106,3,90,31
20,110,5,90,31
21,115,3,90,31
22,120,6,90,31
23,121,4,90,31
24,122,9,90,31
25,135,5,90,31
26,136,3,90,31
27,144,6,90,31
28,145,6,90,31
29,146,7,90,31
30,148,2,90,31
31,149,3,90,31
32,152,6,90,31
33,157,2,90,31
34,159,1,90,31
35,162,1,90,31
36,163,1,90,31
37,168,2,90,31
38,171,1,90,31
39,172,3,90,31
40,180,2,90,31
41,182,3,90,31
42,185,4,90,31
43,188,2,90,31
44,217,11,90,31
45,218,6,90,31
46,219,6,90,31
47,222,6,90,31
48,223,3,90,31
49,228,12,90,31
50,230,3,90,31
51,231,9,90,31
52,235,6,90,31
53,236,6,90,31
54,241,1,90,31
55,244,1,90,31
56,245,1,90,31
57,247,5,90,31
58,248,1,90,31
59,249,2,90,31
60,252,15,90,31
61,255,2,90,31
62,257,4,90,31
63,270,2,90,31
64,272,6,90,31
65,275,4,90,31
66,278,2,90,31
67,282,1,90,31
68,285,2,90,31
69,288,1,90,31
70,289,6,90,31
71,291,3,90,31
72,293,1,90,31
73,295,1,90,31
74,296,1,90,31
75,302,1,90,31
76,305,4,90,31
77,306,2,90,31
78,310,6,90,31
79,313,9,90,31
80,317,4,90,31
81,323,3,90,31
82,324,3,90,31
83,326,6,90,31
84,327,3,90,31
85,328,9,90,31
86,329,3,90,31
87,336,8,90,31
88,339,14,90,31
89,366,4,90,31
90,369,1,90,31
91,372,2,90,31
92,375,2,90,31
93,378,2,90,31
94,383,2,90,31
95,387,1,90,31
96,388,6,90,31
97,394,2,90,31
98,395,2,90,31
99,401,9,90,31
100,403,2,90,31
101,405,2,90,31
102,409,2,90,31
103,413,2,90,31
104,415,2,90,31
105,417,2,90,31
106,418,2,90,31
107,420,7,90,31
108,422,2,90,31
109,423,2,90,31
110,432,2,90,31
111,433,2,90,31
112,436,2,90,31
113,437,2,90,31
114,443,2,90,31
115,447,4,90,31
116,449,2,90,31
117,455,4,90,31
118,461,1,90,31
119,462,2,90,31
120,472,1,90,31
121,474,1,90,31
122,476,7,90,31
123,480,2,90,31
124,491,2,90,31
125,492,2,90,31
126,495,1,90,31
127,498,1,90,31
128,501,2,90,31
129,503,2,90,31
130,504,1,90,31
131,506,1,90,31
132,508,1,90,31
133,511,3,90,31
134,513,6,90,31
135,514,3,90,31
136,520,6,90,31
137,524,6,90,31
138,525,3,90,31
139,528,6,90,31
140,530,3,90,31
141,531,3,90,31
142,533,2,90,31
143,541,9,90,31
144,543,2,90,31
145,553,5,90,31
146,554,2,90,31
147,560,2,90,31
148,564,2,90,31
149,566,2,90,31
150,567,2,90,31
151,573,5,90,31
152,580,6,90,31
153,582,6,90,31
154,583,1,90,31
155,591,6,90,31
156,593,1,90,31
157,594,1,90,31
158,600,3,90,31
159,608,7,90,31
160,612,2,90,31
161,617,9,90,31
162,619,2,90,31
163,623,5,90,31
164,630,4,90,31
165,631,2,90,31
166,634,3,90,31
167,642,2,90,31
168,652,2,90,31
169,653,2,90,31
170,718,4,90,31
171,720,3,90,31
172,764,1,90,31
173,766,1,90,31
174,770,10,90,31
175,772,2,90,31
0,14,3,90,32
1,26,2,90,32
2,27,5,90,32
3,64,3,90,32
4,70,6,90,32
5,71,5,90,32
6,77,3,90,32
7,78,6,90,32
8,79,6,90,32
9,81,6,90,32
10,82,5,90,32
11,83,3,90,32
12,85,6,90,32
13,86,3,90,32
14,88,0,90,32
15,91,1,90,32
16,98,2,90,32
17,99,2,90,32
18,101,2,90,32
19,104,0,90,32
20,106,5,90,32
21,110,6,90,32
22,115,2,90,32
23,117,2,90,32
24,120,4,90,32
25,121,2,90,32
26,122,8,90,32
27,126,5,90,32
28,135,7,90,32
29,136,2,90,32
30,144,3,90,32
31,146,2,90,32
32,149,10,90,32
33,152,6,90,32
34,159,2,90,32
35,162,2,90,32
36,163,2,90,32
37,168,2,90,32
38,172,2,90,32
39,174,2,90,32
40,177,2,90,32
41,182,4,90,32
42,185,3,90,32
43,188,2,90,32
44,191,8,90,32
45,217,3,90,32
46,218,2,90,32
47,219,6,90,32
48,222,8,90,32
49,223,3,90,32
50,230,3,90,32
51,232,5,90,32
52,235,6,90,32
53,236,9,90,32
54,240,2,90,32
55,241,2,90,32
56,247,7,90,32
57,248,2,90,32
58,249,2,90,32
59,251,6,90,32
60,252,5,90,32
61,255,2,90,32
62,259,2,90,32
63,263,0,90,32
64,272,2,90,32
65,275,0,90,32
66,278,2,90,32
67,282,0,90,32
68,288,1,90,32
69,289,2,90,32
70,293,1,90,32
71,295,1,90,32
72,296,1,90,32
73,300,2,90,32
74,302,1,90,32
75,305,1,90,32
76,306,2,90,32
77,310,2,90,32
78,311,8,90,32
79,316,10,90,32
80,321,2,90,32
81,323,5,90,32
82,326,2,90,32
83,328,3,90,32
84,329,2,90,32
85,335,5,90,32
86,336,2,90,32
87,338,0,90,32
88,339,2,90,32
89,366,3,90,32
90,368,3,90,32
91,369,6,90,32
92,375,3,90,32
93,376,6,90,32
94,378,3,90,32
95,383,6,90,32
96,386,2,90,32
97,392,6,90,32
98,394,4,90,32
99,395,12,90,32
100,401,12,90,32
101,409,9,90,32
102,411,6,90,32
103,413,6,90,32
104,415,12,90,32
105,417,3,90,32
106,418,6,90,32
107,421,5,90,32
108,422,2,90,32
109,423,2,90,32
110,424,2,90,32
111,432,10,90,32
112,433,10,90,32
113,434,13,90,32
114,437,2,90,32
115,443,2,90,32
116,447,8,90,32
117,450,3,90,32
118,461,2,90,32
119,462,7,90,32
120,467,1,90,32
121,472,1,90,32
122,473,2,90,32
123,474,1,90,32
124,476,1,90,32
125,480,2,90,32
126,481,2,90,32
127,491,7,90,32
128,495,1,90,32
129,497,5,90,32
130,498,1,90,32
131,499,2,90,32
132,504,1,90,32
133,506,1,90,32
134,508,3,90,32
135,511,2,90,32
136,513,0,90,32
137,514,8,90,32
138,524,0,90,32
139,525,7,90,32
140,527,2,90,32
141,528,0,90,32
142,531,2,90,32
143,533,9,90,32
144,535,3,90,32
145,541,4,90,32
146,553,3,90,32
147,554,6,90,32
148,559,9,90,32
149,560,2,90,32
150,566,6,90,32
151,567,6,90,32
152,572,6,90,32
153,573,2,90,32
154,582,6,90,32
155,583,0,90,32
156,589,2,90,32
157,591,0,90,32
158,594,6,90,32
159,595,7,90,32
160,608,2,90,32
161,617,2,90,32
162,619,2,90,32
163,622,8,90,32
164,630,0,90,32
165,631,2,90,32
166,634,2,90,32
167,635,2,90,32
168,642,3,90,32
169,652,3,90,32
170,677,0,90,32
171,714,7,90,32
172,720,7,90,32
173,764,0,90,32
174,766,6,90,32
175,770,8,90,32
0,14,2,90,33
1,27,2,90,33
2,60,2,90,33
3,64,5,90,33
4,70,1,90,33
5,71,7,90,33
6,77,2,90,33
7,78,5,90,33
8,81,1,90,33
9,82,2,90,33
10,85,1,90,33
11,86,2,90,33
12,88,2,90,33
13,89,7,90,33
14,91,2,90,33
15,94,2,90,33
16,95,2,90,33
17,99,4,90,33
18,101,2,90,33
19,106,2,90,33
20,110,2,90,33
21,115,3,90,33
22,120,13,90,33
23,121,2,90,33
24,122,6,90,33
25,126,3,90,33
26,136,6,90,33
27,144,6,90,33
28,146,6,90,33
29,148,13,90,33
30,152,1,90,33
31,157,3,90,33
32,162,6,90,33
33,163,8,90,33
34,171,6,90,33
35,172,9,90,33
36,174,3,90,33
37,177,11,90,33
38,180,2,90,33
39,182,3,90,33
40,185,6,90,33
41,188,2,90,33
42,191,2,90,33
43,192,7,90,33
44,217,2,90,33
45,218,3,90,33
46,219,2,90,33
47,222,2,90,33
48,223,2,90,33
49,224,2,90,33
50,230,2,90,33
51,235,2,90,33
52,236,2,90,33
53,239,2,90,33
54,240,7,90,33
55,241,2,90,33
56,244,2,90,33
57,247,5,90,33
58,248,5,90,33
59,249,2,90,33
60,252,4,90,33
61,255,2,90,33
62,272,2,90,33
63,274,2,90,33
64,275,1,90,33
65,278,2,90,33
66,284,1,90,33
67,285,2,90,33
68,288,0,90,33
69,291,0,90,33
70,293,0,90,33
71,296,0,90,33
72,300,3,90,33
73,302,0,90,33
74,305,3,90,33
75,306,2,90,33
76,310,6,90,33
77,311,6,90,33
78,317,3,90,33
79,321,3,90,33
80,323,5,90,33
81,326,6,90,33
82,327,3,90,33
83,328,16,90,33
84,329,8,90,33
85,335,9,90,33
86,338,5,90,33
87,339,6,90,33
88,366,7,90,33
89,369,4,90,33
90,377,2,90,33
91,378,2,90,33
92,382,7,90,33
93,383,1,90,33
94,386,3,90,33
95,387,1,90,33
96,388,1,90,33
97,392,3,90,33
98,394,3,90,33
99,395,6,90,33
100,401,8,90,33
101,403,6,90,33
102,409,9,90,33
103,411,8,90,33
104,413,6,90,33
105,415,6,90,33
106,417,4,90,33
107,418,6,90,33
108,423,7,90,33
109,432,2,90,33
110,433,2,90,33
111,434,2,90,33
112,436,2,90,33
113,437,2,90,33
114,443,2,90,33
115,447,5,90,33
116,449,3,90,33
117,450,2,90,33
118,455,2,90,33
119,461,3,90,33
120,462,2,90,33
121,467,2,90,33
122,470,6,90,33
123,472,2,90,33
124,476,2,90,33
125,481,2,90,33
126,491,2,90,33
127,492,5,90,33
128,494,2,90,33
129,495,1,90,33
130,498,1,90,33
131,503,2,90,33
132,505,1,90,33
133,506,1,90,33
134,508,1,90,33
135,511,2,90,33
136,513,1,90,33
137,514,4,90,33
138,520,1,90,33
139,524,1,90,33
140,525,2,90,33
141,530,2,90,33
142,531,2,90,33
143,533,5,90,33
144,541,10,90,33
145,543,10,90,33
146,548,7,90,33
147,553,2,90,33
148,554,2,90,33
149,559,2,90,33
150,564,2,90,33
151,567,2,90,33
152,572,1,90,33
153,573,2,90,33
154,580,1,90,33
155,582,2,90,33
156,583,1,90,33
157,589,2,90,33
158,594,1,90,33
159,595,6,90,33
160,596,5,90,33
161,600,6,90,33
162,617,9,90,33
163,619,2,90,33
164,622,2,90,33
165,623,2,90,33
166,629,3,90,33
167,630,1,90,33
168,631,2,90,33
169,635,5,90,33
170,642,2,90,33
171,652,2,90,33
172,654,2,90,33
173,720,2,90,33
174,764,1,90,33
175,766,7,90,33
0,14,1,90,34
1,27,2,90,34
2,64,3,90,34
3,70,6,90,34
4,71,6,90,34
5,77,3,90,34
6,78,8,90,34
7,79,6,90,34
8,81,6,90,34
9,82,8,90,34
10,85,6,90,34
11,88,0,90,34
12,89,4,90,34
13,91,1,90,34
14,95,2,90,34
15,98,2,90,34
16,99,2,90,34
17,101,2,90,34
18,104,0,90,34
19,110,6,90,34
20,111,2,90,34
21,113,2,90,34
22,115,2,90,34
23,120,5,90,34
24,122,2,90,34
25,126,2,90,34
26,135,2,90,34
27,136,2,90,34
28,146,2,90,34
29,148,2,90,34
30,149,2,90,34
31,152,6,90,34
32,157,2,90,34
33,163,2,90,34
34,168,2,90,34
35,171,2,90,34
36,172,9,90,34
37,177,2,90,34
38,180,2,90,34
39,182,5,90,34
40,185,4,90,34
41,188,2,90,34
42,191,9,90,34
43,217,7,90,34
44,218,2,90,34
45,219,2,90,34
46,228,2,90,34
47,230,2,90,34
48,231,2,90,34
49,232,2,90,34
50,235,2,90,34
51,236,2,90,34
52,238,5,90,34
53,241,6,90,34
54,244,6,90,34
55,247,8,90,34
56,248,6,90,34
57,249,3,90,34
58,252,6,90,34
59,255,8,90,34
60,257,6,90,34
61,262,2,90,34
62,263,2,90,34
63,268,6,90,34
64,270,2,90,34
65,272,2,90,34
66,274,2,90,34
67,278,2,90,34
68,282,2,90,34
69,285,2,90,34
70,288,1,90,34
71,289,2,90,34
72,291,1,90,34
73,293,1,90,34
74,296,1,90,34
75,300,2,90,34
76,305,1,90,34
77,306,6,90,34
78,310,1,90,34
79,317,2,90,34
80,319,7,90,34
81,323,2,90,34
82,324,2,90,34
83,327,2,90,34
84,328,3,90,34
85,329,5,90,34
86,333,1,90,34
87,336,5,90,34
88,338,0,90,34
89,339,1,90,34
90,366,2,90,34
91,369,2,90,34
92,375,2,90,34
93,376,2,90,34
94,378,2,90,34
95,382,2,90,34
96,383,3,90,34
97,386,2,90,34
98,388,6,90,34
99,394,2,90,34
100,395,3,90,34
101,398,2,90,34
102,401,5,90,34
103,402,4,90,34
104,403,2,90,34
105,409,2,90,34
106,413,2,90,34
107,415,2,90,34
108,417,7,90,34
109,418,5,90,34
110,423,2,90,34
111,432,8,90,34
112,433,12,90,34
113,434,5,90,34
114,436,2,90,34
115,437,2,90,34
116,443,8,90,34
117,447,5,90,34
118,455,1,90,34
119,461,1,90,34
120,462,2,90,34
121,470,2,90,34
122,472,1,90,34
123,474,4,90,34
124,476,1,90,34
125,480,2,90,34
126,492,2,90,34
127,494,2,90,34
128,495,2,90,34
129,497,6,90,34
130,498,2,90,34
131,501,2,90,34
132,503,10,90,34
133,505,2,90,34
134,506,2,90,34
135,508,2,90,34
136,513,6,90,34
137,514,5,90,34
138,520,9,90,34
139,524,6,90,34
140,525,3,90,34
141,527,4,90,34
142,530,3,90,34
143,531,3,90,34
144,533,2,90,34
145,541,2,90,34
146,550,2,90,34
147,553,7,90,34
148,554,4,90,34
149,559,2,90,34
150,560,5,90,34
151,563,5,90,34
152,566,9,90,34
153,567,2,90,34
154,572,2,90,34
155,573,2,90,34
156,579,15,90,34
157,580,8,90,34
158,582,2,90,34
159,591,6,90,34
160,596,7,90,34
161,617,5,90,34
162,619,2,90,34
163,620,2,90,34
164,622,3,90,34
165,623,3,90,34
166,629,2,90,34
167,630,2,90,34
168,635,3,90,34
169,642,2,90,34
170,652,2,90,34
171,670,2,90,34
172,677,12,90,34
173,720,2,90,34
174,764,2,90,34
175,776,2,90,34
0,14,6,90,35
1,26,2,90,35
2,27,6,90,35
3,60,3,90,35
4,64,6,90,35
5,70,6,90,35
6,71,8,90,35
7,77,3,90,35
8,78,16,90,35
9,82,6,90,35
10,83,6,90,35
11,85,9,90,35
12,86,1,90,35
13,88,2,90,35
14,89,2,90,35
15,91,1,90,35
16,94,2,90,35
17,98,2,90,35
18,99,5,90,35
19,101,5,90,35
20,104,1,90,35
21,106,7,90,35
22,110,2,90,35
23,113,6,90,35
24,115,2,90,35
25,120,1,90,35
26,121,2,90,35
27,122,1,90,35
28,135,5,90,35
29,144,1,90,35
30,146,7,90,35
31,148,4,90,35
32,152,6,90,35
33,157,3,90,35
34,159,6,90,35
35,162,6,90,35
36,163,8,90,35
37,168,13,90,35
38,171,6,90,35
39,172,6,90,35
40,177,11,90,35
41,180,2,90,35
42,182,12,90,35
43,185,6,90,35
44,191,1,90,35
45,217,2,90,35
46,218,2,90,35
47,219,1,90,35
48,222,2,90,35
49,224,2,90,35
50,230,2,90,35
51,231,1,90,35
52,232,3,90,35
53,235,1,90,35
54,236,1,90,35
55,241,4,90,35
56,244,1,90,35
57,248,2,90,35
58,249,2,90,35
59,252,4,90,35
60,255,1,90,35
61,263,0,90,35
62,265,2,90,35
63,270,0,90,35
64,274,2,90,35
65,278,2,90,35
66,281,2,90,35
67,282,0,90,35
68,285,2,90,35
69,288,1,90,35
70,289,6,90,35
71,291,1,90,35
72,293,1,90,35
73,296,4,90,35
74,298,2,90,35
75,300,2,90,35
76,305,1,90,35
77,306,2,90,35
78,310,3,90,35
79,311,8,90,35
80,313,2,90,35
81,316,16,90,35
82,317,10,90,35
83,323,2,90,35
84,326,2,90,35
85,327,5,90,35
86,328,20,90,35
87,329,2,90,35
88,336,2,90,35
89,366,2,90,35
90,369,1,90,35
91,375,2,90,35
92,376,1,90,35
93,377,1,90,35
94,378,2,90,35
95,382,4,90,35
96,383,2,90,35
97,392,13,90,35
98,394,3,90,35
99,395,9,90,35
100,398,11,90,35
101,402,6,90,35
102,403,3,90,35
103,409,6,90,35
104,413,6,90,35
105,415,6,90,35
106,417,13,90,35
107,418,10,90,35
108,423,5,90,35
109,432,7,90,35
110,434,2,90,35
111,436,2,90,35
112,437,11,90,35
113,442,2,90,35
114,443,2,90,35
115,447,6,90,35
116,455,6,90,35
117,461,6,90,35
118,462,3,90,35
119,467,6,90,35
120,470,2,90,35
121,476,6,90,35
122,480,2,90,35
123,491,5,90,35
124,492,2,90,35
125,494,4,90,35
126,495,-1,90,35
127,497,2,90,35
128,498,-1,90,35
129,505,-1,90,35
130,506,-1,90,35
131,508,-1,90,35
132,513,2,90,35
133,514,2,90,35
134,518,3,90,35
135,524,2,90,35
136,525,2,90,35
137,526,15,90,35
138,528,2,90,35
139,530,2,90,35
140,531,2,90,35
141,533,8,90,35
142,541,6,90,35
143,543,5,90,35
144,553,4,90,35
145,554,5,90,35
146,559,2,90,35
147,563,2,90,35
148,567,5,90,35
149,573,7,90,35
150,579,1,90,35
151,580,6,90,35
152,582,1,90,35
153,586,1,90,35
154,589,6,90,35
155,594,1,90,35
156,600,2,90,35
157,608,3,90,35
158,617,2,90,35
159,619,2,90,35
160,622,2,90,35
161,623,8,90,35
162,629,2,90,35
163,630,0,90,35
164,635,2,90,35
165,642,3,90,35
166,653,2,90,35
167,654,2,90,35
168,670,1,90,35
169,677,5,90,35
170,714,2,90,35
171,720,2,90,35
172,764,0,90,35
173,766,1,90,35
174,770,2,90,35
175,772,2,90,35
0,14,1,90,36
1,60,2,90,36
2,64,5,90,36
3,70,1,90,36
4,71,4,90,36
5,77,2,90,36
6,78,7,90,36
7,81,8,90,36
8,82,2,90,36
9,85,1,90,36
10,86,1,90,36
11,88,1,90,36
12,91,1,90,36
13,94,2,90,36
14,95,2,90,36
15,98,2,90,36
16,99,2,90,36
17,101,2,90,36
18,106,2,90,36
19,110,2,90,36
20,115,2,90,36
21,120,0,90,36
22,121,2,90,36
23,122,0,90,36
24,126,2,90,36
25,135,5,90,36
26,136,2,90,36
27,146,2,90,36
28,148,2,90,36
29,152,1,90,36
30,159,7,90,36
31,162,1,90,36
32,163,1,90,36
33,168,2,90,36
34,172,3,90,36
35,174,2,90,36
36,177,5,90,36
37,180,9,90,36
38,182,8,90,36
39,185,1,90,36
40,188,5,90,36
41,191,1,90,36
42,217,8,90,36
43,218,6,90,36
44,219,0,90,36
45,223,2,90,36
46,226,2,90,36
47,231,3,90,36
48,232,2,90,36
49,235,0,90,36
50,236,0,90,36
51,240,11,90,36
52,241,1,90,36
53,247,5,90,36
54,248,1,90,36
55,249,5,90,36
56,251,10,90,36
57,252,12,90,36
58,255,1,90,36
59,257,1,90,36
60,268,2,90,36
61,275,1,90,36
62,278,2,90,36
63,282,1,90,36
64,285,3,90,36
65,288,6,90,36
66,289,2,90,36
67,291,6,90,36
68,293,6,90,36
69,295,6,90,36
70,296,6,90,36
71,300,3,90,36
72,302,6,90,36
73,305,6,90,36
74,310,6,90,36
75,317,11,90,36
76,323,4,90,36
77,324,3,90,36
78,326,6,90,36
79,327,6,90,36
80,328,8,90,36
81,329,5,90,36
82,335,6,90,36
83,336,3,90,36
84,338,1,90,36
85,339,6,90,36
86,369,1,90,36
87,370,2,90,36
88,372,7,90,36
89,375,5,90,36
90,377,1,90,36
91,378,2,90,36
92,382,7,90,36
93,383,1,90,36
94,394,3,90,36
95,395,7,90,36
96,397,2,90,36
97,401,5,90,36
98,403,8,90,36
99,405,6,90,36
100,409,6,90,36
101,413,8,90,36
102,415,6,90,36
103,417,8,90,36
104,418,6,90,36
105,421,2,90,36
106,422,6,90,36
107,423,5,90,36
108,432,7,90,36
109,433,11,90,36
110,434,3,90,36
111,436,9,90,36
112,437,6,90,36
113,443,6,90,36
114,447,13,90,36
115,450,10,90,36
116,455,5,90,36
117,457,5,90,36
118,461,-1,90,36
119,462,2,90,36
120,467,-1,90,36
121,470,2,90,36
122,476,-1,90,36
123,491,2,90,36
124,492,2,90,36
125,498,1,90,36
126,503,2,90,36
127,504,1,90,36
128,505,1,90,36
129,506,1,90,36
130,508,1,90,36
131,513,6,90,36
132,514,8,90,36
133,516,6,90,36
134,520,6,90,36
135,524,12,90,36
136,525,7,90,36
137,527,11,90,36
138,528,6,90,36
139,530,6,90,36
140,531,6,90,36
141,533,6,90,36
142,541,2,90,36
143,543,6,90,36
144,553,3,90,36
145,554,9,90,36
146,559,7,90,36
147,560,10,90,36
148,564,6,90,36
149,567,8,90,36
150,572,1,90,36
151,573,6,90,36
152,580,1,90,36
153,582,6,90,36
154,583,1,90,36
155,589,6,90,36
156,594,1,90,36
157,600,2,90,36
158,604,15,90,36
159,608,2,90,36
160,612,2,90,36
161,617,9,90,36
162,619,2,90,36
163,629,2,90,36
164,630,1,90,36
165,631,2,90,36
166,635,3,90,36
167,642,3,90,36
168,652,2,90,36
169,653,6,90,36
170,714,2,90,36
171,715,1,90,36
172,720,6,90,36
173,764,1,90,36
174,768,2,90,36
175,770,3,90,36
0,14,2,90,37
1,26,6,90,37
2,60,2,90,37
3,64,2,90,37
4,70,1,90,37
5,71,5,90,37
6,77,3,90,37
7,78,2,90,37
8,81,1,90,37
9,82,8,90,37
10,83,2,90,37
11,85,7,90,37
12,86,1,90,37
13,88,1,90,37
14,91,1,90,37
15,94,2,90,37
16,95,2,90,37
17,99,2,90,37
18,101,2,90,37
19,110,5,90,37
20,111,2,90,37
21,115,3,90,37
22,120,15,90,37
23,121,9,90,37
24,122,6,90,37
25,126,3,90,37
26,135,3,90,37
27,136,3,90,37
28,144,6,90,37
29,146,6,90,37
30,148,6,90,37
31,152,1,90,37
32,157,3,90,37
33,159,14,90,37
34,162,6,90,37
35,163,6,90,37
36,168,3,90,37
37,172,6,90,37
38,180,2,90,37
39,185,6,90,37
40,188,5,90,37
41,191,1,90,37
42,192,2,90,37
43,218,2,90,37
44,219,2,90,37
45,223,2,90,37
46,226,2,90,37
47,228,2,90,37
48,230,2,90,37
49,231,2,90,37
50,232,3,90,37
51,235,5,90,37
52,236,2,90,37
53,241,1,90,37
54,244,3,90,37
55,247,5,90,37
56,248,1,90,37
57,249,2,90,37
58,252,6,90,37
59,254,2,90,37
60,255,4,90,37
61,257,1,90,37
62,262,5,90,37
63,265,2,90,37
64,274,2,90,37
65,275,5,90,37
66,278,3,90,37
67,282,2,90,37
68,285,2,90,37
69,288,2,90,37
70,291,2,90,37
71,293,2,90,37
72,296,2,90,37
73,300,2,90,37
74,302,5,90,37
75,305,2,90,37
76,310,2,90,37
77,311,1,90,37
78,313,1,90,37
79,321,8,90,37
80,323,2,90,37
81,326,1,90,37
82,328,2,90,37
83,329,2,90,37
84,335,4,90,37
85,337,4,90,37
86,338,1,90,37
87,339,1,90,37
88,366,2,90,37
89,369,2,90,37
90,372,13,90,37
91,375,2,90,37
92,377,2,90,37
93,378,7,90,37
94,382,7,90,37
95,383,2,90,37
96,386,3,90,37
97,394,2,90,37
98,395,2,90,37
99,398,7,90,37
100,401,2,90,37
101,402,2,90,37
102,403,5,90,37
103,409,2,90,37
104,413,2,90,37
105,415,2,90,37
106,417,2,90,37
107,418,2,90,37
108,422,12,90,37
109,423,3,90,37
110,433,3,90,37
111,434,9,90,37
112,436,7,90,37
113,437,6,90,37
114,443,6,90,37
115,455,2,90,37
116,461,2,90,37
117,462,8,90,37
118,467,2,90,37
119,470,7,90,37
120,476,2,90,37
121,480,2,90,37
122,491,2,90,37
123,494,7,90,37
124,495,2,90,37
125,498,2,90,37
126,505,5,90,37
127,506,2,90,37
128,508,2,90,37
129,511,2,90,37
130,513,1,90,37
131,514,2,90,37
132,518,2,90,37
133,524,1,90,37
134,525,3,90,37
135,527,2,90,37
136,530,2,90,37
137,531,2,90,37
138,533,6,90,37
139,535,3,90,37
140,541,4,90,37
141,543,6,90,37
142,553,7,90,37
143,554,6,90,37
144,559,12,90,37
145,560,6,90,37
146,567,6,90,37
147,573,8,90,37
148,579,1,90,37
149,580,6,90,37
150,582,2,90,37
151,591,1,90,37
152,594,2,90,37
153,595,9,90,37
154,596,8,90,37
155,600,5,90,37
156,608,7,90,37
157,612,7,90,37
158,619,2,90,37
159,623,7,90,37
160,630,2,90,37
161,631,2,90,37
162,635,2,90,37
163,642,3,90,37
164,652,2,90,37
165,653,6,90,37
166,654,2,90,37
167,674,2,90,37
168,677,1,90,37
169,697,6,90,37
170,720,6,90,37
171,726,2,90,37
172,764,2,90,37
173,766,2,90,37
174,768,7,90,37
175,770,3,90,37
0,14,1,90,38
1,60,2,90,38
2,64,5,90,38
3,70,1,90,38
4,71,10,90,38
5,77,2,90,38
6,78,5,90,38
7,79,1,90,38
8,81,1,90,38
9,82,2,90,38
10,85,1,90,38
11,86,1,90,38
12,88,1,90,38
13,89,2,90,38
14,91,4,90,38
15,98,2,90,38
16,99,2,90,38
17,101,2,90,38
18,106,2,90,38
19,110,2,90,38
20,111,2,90,38
21,113,6,90,38
22,115,3,90,38
23,117,2,90,38
24,120,6,90,38
25,121,7,90,38
26,132,8,90,38
27,135,6,90,38
28,136,6,90,38
29,144,8,90,38
30,146,6,90,38
31,148,10,90,38
32,149,3,90,38
33,152,1,90,38
34,159,2,90,38
35,162,2,90,38
36,163,5,90,38
37,168,3,90,38
38,177,2,90,38
39,180,2,90,38
40,181,2,90,38
41,182,2,90,38
42,185,2,90,38
43,188,2,90,38
44,217,7,90,38
45,218,2,90,38
46,219,2,90,38
47,222,2,90,38
48,223,2,90,38
49,224,2,90,38
50,230,2,90,38
51,231,2,90,38
52,232,7,90,38
53,235,5,90,38
54,240,7,90,38
55,241,2,90,38
56,244,2,90,38
57,247,2,90,38
58,248,2,90,38
59,249,2,90,38
60,251,5,90,38
61,252,7,90,38
62,255,2,90,38
63,262,2,90,38
64,263,1,90,38
65,270,1,90,38
66,274,2,90,38
67,275,4,90,38
68,282,1,90,38
69,285,2,90,38
70,288,1,90,38
71,291,1,90,38
72,293,1,90,38
73,295,1,90,38
74,296,1,90,38
75,300,2,90,38
76,302,1,90,38
77,306,2,90,38
78,310,2,90,38
79,311,11,90,38
80,313,8,90,38
81,324,15,90,38
82,326,2,90,38
83,327,2,90,38
84,328,9,90,38
85,329,5,90,38
86,335,2,90,38
87,336,3,90,38
88,338,1,90,38
89,339,2,90,38
90,366,11,90,38
91,369,1,90,38
92,372,2,90,38
93,375,8,90,38
94,376,1,90,38
95,377,1,90,38
96,378,2,90,38
97,383,1,90,38
98,386,7,90,38
99,392,7,90,38
100,394,2,90,38
101,395,2,90,38
102,398,7,90,38
103,401,9,90,38
104,402,5,90,38
105,403,5,90,38
106,409,2,90,38
107,413,2,90,38
108,415,2,90,38
109,418,4,90,38
110,422,6,90,38
111,432,3,90,38
112,434,6,90,38
113,436,6,90,38
114,437,9,90,38
115,443,6,90,38
116,447,12,90,38
117,449,4,90,38
118,455,1,90,38
119,461,1,90,38
120,462,10,90,38
121,467,1,90,38
122,470,2,90,38
123,471,2,90,38
124,472,1,90,38
125,476,1,90,38
126,480,2,90,38
127,481,2,90,38
128,492,7,90,38
129,494,2,90,38
130,498,0,90,38
131,499,2,90,38
132,503,5,90,38
133,506,0,90,38
134,508,0,90,38
135,511,2,90,38
136,513,1,90,38
137,514,2,90,38
138,516,1,90,38
139,520,1,90,38
140,524,1,90,38
141,525,2,90,38
142,527,3,90,38
143,530,2,90,38
144,533,8,90,38
145,541,7,90,38
146,543,6,90,38
147,553,8,90,38
148,554,6,90,38
149,559,6,90,38
150,560,2,90,38
151,564,6,90,38
152,567,6,90,38
153,572,1,90,38
154,573,6,90,38
155,579,2,90,38
156,580,7,90,38
157,582,2,90,38
158,583,1,90,38
159,591,1,90,38
160,596,3,90,38
161,604,2,90,38
162,619,3,90,38
163,623,4,90,38
164,629,3,90,38
165,630,1,90,38
166,635,5,90,38
167,642,6,90,38
168,652,2,90,38
169,653,6,90,38
170,677,1,90,38
171,720,6,90,38
172,764,1,90,38
173,766,1,90,38
174,768,2,90,38
175,770,3,90,38
0,14,2,90,39
1,27,2,90,39
2,60,2,90,39
3,62,12,90,39
4,70,0,90,39
5,71,10,90,39
6,78,2,90,39
7,79,0,90,39
8,81,3,90,39
9,82,5,90,39
10,85,0,90,39
11,86,1,90,39
12,88,1,90,39
13,89,2,90,39
14,91,4,90,39
15,94,2,90,39
16,98,2,90,39
17,99,2,90,39
18,101,2,90,39
19,106,2,90,39
20,110,2,90,39
21,113,8,90,39
22,115,3,90,39
23,120,6,90,39
24,122,6,90,39
25,126,6,90,39
26,135,6,90,39
27,136,4,90,39
28,144,6,90,39
29,146,6,90,39
30,152,0,90,39
31,157,3,90,39
32,159,9,90,39
33,162,6,90,39
34,163,6,90,39
35,168,5,90,39
36,174,3,90,39
37,177,3,90,39
38,182,3,90,39
39,185,7,90,39
40,188,5,90,39
41,191,3,90,39
42,219,6,90,39
43,222,3,90,39
44,223,3,90,39
45,224,3,90,39
46,228,6,90,39
47,230,3,90,39
48,231,6,90,39
49,232,2,90,39
50,235,6,90,39
51,236,6,90,39
52,241,1,90,39
53,245,1,90,39
54,247,2,90,39
55,248,4,90,39
56,249,3,90,39
57,252,2,90,39
58,255,1,90,39
59,259,2,90,39
60,262,8,90,39
61,263,6,90,39
62,270,9,90,39
63,275,6,90,39
64,278,3,90,39
65,282,6,90,39
66,285,2,90,39
67,288,2,90,39
68,289,2,90,39
69,290,2,90,39
70,291,2,90,39
71,293,2,90,39
72,296,2,90,39
73,300,2,90,39
74,310,6,90,39
75,313,9,90,39
76,316,5,90,39
77,317,8,90,39
78,323,3,90,39
79,326,10,90,39
80,327,8,90,39
81,328,15,90,39
82,329,8,90,39
83,336,8,90,39
84,338,1,90,39
85,339,6,90,39
86,366,5,90,39
87,369,4,90,39
88,372,7,90,39
89,375,6,90,39
90,377,1,90,39
91,382,15,90,39
92,383,1,90,39
93,386,3,90,39
94,387,4,90,39
95,388,2,90,39
96,392,4,90,39
97,394,2,90,39
98,395,2,90,39
99,401,2,90,39
100,402,2,90,39
101,403,2,90,39
102,409,2,90,39
103,413,2,90,39
104,415,2,90,39
105,417,3,90,39
106,418,2,90,39
107,422,6,90,39
108,423,3,90,39
109,425,6,90,39
110,433,3,90,39
111,434,3,90,39
112,436,8,90,39
113,437,6,90,39
114,443,6,90,39
115,447,10,90,39
116,449,3,90,39
117,455,8,90,39
118,461,2,90,39
119,462,2,90,39
120,470,6,90,39
121,472,2,90,39
122,476,2,90,39
123,491,2,90,39
124,492,2,90,39
125,494,2,90,39
126,495,-1,90,39
127,498,-1,90,39
128,501,2,90,39
129,504,-1,90,39
130,505,-1,90,39
131,506,-1,90,39
132,508,-1,90,39
133,513,4,90,39
134,514,2,90,39
135,516,2,90,39
136,524,2,90,39
137,525,2,90,39
138,527,2,90,39
139,530,2,90,39
140,531,2,90,39
141,533,8,90,39
142,541,2,90,39
143,543,7,90,39
144,554,6,90,39
145,559,9,90,39
146,560,3,90,39
147,565,3,90,39
148,566,6,90,39
149,567,6,90,39
150,572,1,90,39
151,573,7,90,39
152,580,6,90,39
153,582,6,90,39
154,583,9,90,39
155,589,2,90,39
156,600,3,90,39
157,608,2,90,39
158,612,2,90,39
159,617,3,90,39
160,619,3,90,39
161,622,2,90,39
162,623,2,90,39
163,630,6,90,39
164,631,3,90,39
165,635,2,90,39
166,642,3,90,39
167,652,2,90,39
168,677,2,90,39
169,720,9,90,39
170,726,2,90,39
171,763,6,90,39
172,764,6,90,39
173,766,1,90,39
174,770,3,90,39
175,772,7,90,39
0,14,6,90,40
1,26,2,90,40
2,27,2,90,40
3,60,5,90,40
4,64,2,90,40
5,70,2,90,40
6,77,5,90,40
7,78,12,90,40
8,81,2,90,40
9,83,2,90,40
10,85,4,90,40
11,88,1,90,40
12,89,2,90,40
13,91,1,90,40
14,92,1,90,40
15,93,4,90,40
16,99,2,90,40
17,101,2,90,40
18,106,4,90,40
19,110,7,90,40
20,111,2,90,40
21,117,7,90,40
22,120,7,90,40
23,121,2,90,40
24,122,4,90,40
25,135,7,90,40
26,136,5,90,40
27,144,4,90,40
28,146,1,90,40
29,148,2,90,40
30,152,2,90,40
31,157,5,90,40
32,159,2,90,40
33,162,3,90,40
34,163,2,90,40
35,168,13,90,40
36,172,2,90,40
37,174,2,90,40
38,182,12,90,40
39,185,2,90,40
40,188,3,90,40
41,191,1,90,40
42,217,2,90,40
43,218,5,90,40
44,219,0,90,40
45,222,2,90,40
46,223,2,90,40
47,224,2,90,40
48,230,4,90,40
49,231,0,90,40
50,232,6,90,40
51,235,0,90,40
52,240,3,90,40
53,241,1,90,40
54,244,1,90,40
55,247,2,90,40
56,248,4,90,40
57,249,2,90,40
58,252,2,90,40
59,255,1,90,40
60,262,2,90,40
61,268,2,90,40
62,270,1,90,40
63,275,1,90,40
64,278,2,90,40
65,282,1,90,40
66,284,1,90,40
67,288,0,90,40
68,289,2,90,40
69,291,0,90,40
70,293,0,90,40
71,295,3,90,40
72,296,0,90,40
73,298,2,90,40
74,300,2,90,40
75,305,0,90,40
76,310,2,90,40
77,313,3,90,40
78,317,2,90,40
79,323,2,90,40
80,324,2,90,40
81,326,2,90,40
82,328,2,90,40
83,329,2,90,40
84,335,5,90,40
85,336,2,90,40
86,338,1,90,40
87,339,4,90,40
88,366,2,90,40
89,369,1,90,40
90,375,6,90,40
91,377,1,90,40
92,378,2,90,40
93,382,3,90,40
94,383,1,90,40
95,386,2,90,40
96,392,10,90,40
97,394,6,90,40
98,395,6,90,40
99,398,3,90,40
100,402,13,90,40
101,403,3,90,40
102,409,7,90,40
103,413,6,90,40
104,415,9,90,40
105,417,3,90,40
106,418,12,90,40
107,423,2,90,40
108,431,2,90,40
109,433,7,90,40
110,434,2,90,40
111,436,5,90,40
112,437,5,90,40
113,443,2,90,40
114,447,6,90,40
115,449,2,90,40
116,455,6,90,40
117,461,6,90,40
118,462,3,90,40
119,470,2,90,40
120,472,6,90,40
121,476,14,90,40
122,480,3,90,40
123,491,6,90,40
124,492,3,90,40
125,494,3,90,40
126,495,6,90,40
127,498,6,90,40
128,504,6,90,40
129,505,6,90,40
130,506,12,90,40
131,508,6,90,40
132,513,1,90,40
133,514,2,90,40
134,516,1,90,40
135,520,1,90,40
136,524,1,90,40
137,525,7,90,40
138,528,1,90,40
139,530,5,90,40
140,531,5,90,40
141,533,5,90,40
142,535,8,90,40
143,541,12,90,40
144,543,2,90,40
145,553,2,90,40
146,554,2,90,40
147,559,9,90,40
148,560,10,90,40
149,566,8,90,40
150,567,2,90,40
151,572,1,90,40
152,573,2,90,40
153,580,2,90,40
154,582,0,90,40
155,591,7,90,40
156,594,1,90,40
157,595,7,90,40
158,600,8,90,40
159,608,3,90,40
160,617,5,90,40
161,619,2,90,40
162,622,2,90,40
163,623,8,90,40
164,629,2,90,40
165,630,1,90,40
166,635,2,90,40
167,652,2,90,40
168,677,1,90,40
169,714,2,90,40
170,720,2,90,40
171,764,1,90,40
172,766,1,90,40
173,767,6,90,40
174,770,7,90,40
175,772,2,90,40
0,14,2,90,41
1,64,6,90,41
2,70,6,90,41
3,71,3,90,41
4,77,3,90,41
5,78,6,90,41
6,81,6,90,41
7,82,6,90,41
8,85,12,90,41
9,86,2,90,41
10,88,2,90,41
11,89,2,90,41
12,91,2,90,41
13,94,2,90,41
14,98,2,90,41
15,99,2,90,41
16,101,2,90,41
17,104,2,90,41
18,110,2,90,41
19,113,3,90,41
20,115,3,90,41
21,120,6,90,41
22,121,2,90,41
23,126,3,90,41
24,131,6,90,41
25,132,3,90,41
26,146,6,90,41
27,148,5,90,41
28,152,6,90,41
29,157,3,90,41
30,159,6,90,41
31,162,6,90,41
32,163,6,90,41
33,168,3,90,41
34,177,3,90,41
35,181,3,90,41
36,182,4,90,41
37,185,8,90,41
38,187,6,90,41
39,191,6,90,41
40,217,3,90,41
41,218,5,90,41
42,219,6,90,41
43,222,3,90,41
44,223,3,90,41
45,231,6,90,41
46,232,2,90,41
47,235,6,90,41
48,236,6,90,41
49,241,6,90,41
50,244,6,90,41
51,245,9,90,41
52,247,3,90,41
53,248,6,90,41
54,249,3,90,41
55,252,6,90,41
56,255,6,90,41
57,259,3,90,41
58,268,5,90,41
59,270,6,90,41
60,272,2,90,41
61,274,2,90,41
62,275,0,90,41
63,278,2,90,41
64,282,0,90,41
65,285,2,90,41
66,288,2,90,41
67,291,2,90,41
68,293,2,90,41
69,295,2,90,41
70,296,2,90,41
71,298,2,90,41
72,300,2,90,41
73,301,2,90,41
74,306,3,90,41
75,310,4,90,41
76,311,2,90,41
77,317,2,90,41
78,323,2,90,41
79,326,2,90,41
80,327,2,90,41
81,328,10,90,41
82,329,2,90,41
83,336,3,90,41
84,337,5,90,41
85,338,2,90,41
86,339,2,90,41
87,366,2,90,41
88,369,1,90,41
89,372,2,90,41
90,375,2,90,41
91,377,1,90,41
92,378,2,90,41
93,383,1,90,41
94,386,3,90,41
95,387,2,90,41
96,388,6,90,41
97,394,8,90,41
98,395,2,90,41
99,398,2,90,41
100,401,15,90,41
101,402,7,90,41
102,409,5,90,41
103,413,2,90,41
104,415,2,90,41
105,417,5,90,41
106,418,5,90,41
107,420,5,90,41
108,422,8,90,41
109,423,3,90,41
110,431,6,90,41
111,432,3,90,41
112,433,3,90,41
113,434,3,90,41
114,436,6,90,41
115,443,6,90,41
116,447,9,90,41
117,450,3,90,41
118,455,2,90,41
119,461,2,90,41
120,462,3,90,41
121,467,2,90,41
122,470,2,90,41
123,472,2,90,41
124,474,2,90,41
125,476,4,90,41
126,480,2,90,41
127,481,2,90,41
128,495,5,90,41
129,498,2,90,41
130,499,2,90,41
131,503,2,90,41
132,504,2,90,41
133,506,2,90,41
134,508,2,90,41
135,513,6,90,41
136,514,5,90,41
137,517,6,90,41
138,518,2,90,41
139,524,6,90,41
140,525,3,90,41
141,530,3,90,41
142,531,4,90,41
143,533,6,90,41
144,541,6,90,41
145,543,6,90,41
146,553,3,90,41
147,554,8,90,41
148,559,6,90,41
149,564,6,90,41
150,566,2,90,41
151,573,7,90,41
152,580,14,90,41
153,582,6,90,41
154,583,0,90,41
155,591,6,90,41
156,592,6,90,41
157,600,3,90,41
158,604,3,90,41
159,617,5,90,41
160,623,5,90,41
161,629,3,90,41
162,630,0,90,41
163,635,5,90,41
164,642,3,90,41
165,652,2,90,41
166,653,6,90,41
167,654,3,90,41
168,670,1,90,41
169,677,6,90,41
170,714,3,90,41
171,720,6,90,41
172,764,0,90,41
173,766,1,90,41
174,768,2,90,41
175,770,3,90,41
0,14,7,90,42
1,19,3,90,42
2,70,1,90,42
3,71,2,90,42
4,77,2,90,42
5,78,2,90,42
6,81,1,90,42
7,83,5,90,42
8,85,1,90,42
9,86,6,90,42
10,89,3,90,42
11,91,6,90,42
12,92,6,90,42
13,93,6,90,42
14,94,3,90,42
15,98,3,90,42
16,99,4,90,42
17,101,3,90,42
18,110,2,90,42
19,113,3,90,42
20,115,3,90,42
21,120,9,90,42
22,121,2,90,42
23,122,6,90,42
24,135,3,90,42
25,136,5,90,42
26,145,6,90,42
27,146,6,90,42
28,148,6,90,42
29,152,1,90,42
30,157,2,90,42
31,159,3,90,42
32,162,2,90,42
33,163,2,90,42
34,166,2,90,42
35,168,2,90,42
36,171,2,90,42
37,180,12,90,42
38,182,11,90,42
39,185,2,90,42
40,188,3,90,42
41,191,6,90,42
42,218,2,90,42
43,219,1,90,42
44,222,2,90,42
45,223,2,90,42
46,224,5,90,42
47,230,7,90,42
48,231,1,90,42
49,235,1,90,42
50,236,1,90,42
51,238,1,90,42
52,241,6,90,42
53,244,6,90,42
54,248,6,90,42
55,249,3,90,42
56,251,5,90,42
57,252,2,90,42
58,255,6,90,42
59,259,3,90,42
60,274,2,90,42
61,275,1,90,42
62,278,2,90,42
63,281,2,90,42
64,282,1,90,42
65,285,2,90,42
66,289,8,90,42
67,291,0,90,42
68,293,0,90,42
69,295,0,90,42
70,296,0,90,42
71,298,7,90,42
72,300,2,90,42
73,302,0,90,42
74,305,0,90,42
75,310,6,90,42
76,313,6,90,42
77,317,11,90,42
78,321,10,90,42
79,323,6,90,42
80,326,7,90,42
81,327,3,90,42
82,328,5,90,42
83,329,3,90,42
84,335,9,90,42
85,338,6,90,42
86,339,6,90,42
87,366,3,90,42
88,369,6,90,42
89,372,8,90,42
90,375,8,90,42
91,378,3,90,42
92,383,7,90,42
93,387,6,90,42
94,392,6,90,42
95,394,6,90,42
96,395,6,90,42
97,398,6,90,42
98,401,12,90,42
99,402,3,90,42
100,409,6,90,42
101,413,6,90,42
102,415,6,90,42
103,417,9,90,42
104,418,6,90,42
105,422,9,90,42
106,423,3,90,42
107,429,3,90,42
108,433,3,90,42
109,434,5,90,42
110,436,6,90,42
111,437,6,90,42
112,443,6,90,42
113,447,2,90,42
114,449,3,90,42
115,455,6,90,42
116,461,6,90,42
117,462,3,90,42
118,467,6,90,42
119,470,2,90,42
120,472,8,90,42
121,476,6,90,42
122,484,1,90,42
123,492,2,90,42
124,495,1,90,42
125,497,2,90,42
126,498,1,90,42
127,499,2,90,42
128,503,2,90,42
129,504,1,90,42
130,505,1,90,42
131,506,1,90,42
132,508,1,90,42
133,513,2,90,42
134,514,2,90,42
135,524,2,90,42
136,525,2,90,42
137,527,2,90,42
138,528,3,90,42
139,530,2,90,42
140,531,2,90,42
141,533,2,90,42
142,541,15,90,42
143,543,2,90,42
144,553,7,90,42
145,554,3,90,42
146,559,2,90,42
147,560,2,90,42
148,566,9,90,42
149,567,2,90,42
150,572,9,90,42
151,573,6,90,42
152,580,1,90,42
153,582,1,90,42
154,583,1,90,42
155,589,2,90,42
156,591,2,90,42
157,592,1,90,42
158,594,6,90,42
159,595,6,90,42
160,600,3,90,42
161,617,2,90,42
162,619,2,90,42
163,622,3,90,42
164,623,3,90,42
165,630,1,90,42
166,631,2,90,42
167,635,2,90,42
168,642,7,90,42
169,652,3,90,42
170,654,2,90,42
171,718,6,90,42
172,720,4,90,42
173,764,1,90,42
174,766,9,90,42
175,770,2,90,42
0,14,6,90,43
1,64,3,90,43
2,70,6,90,43
3,71,3,90,43
4,74,8,90,43
5,77,3,90,43
6,78,4,90,43
7,82,2,90,43
8,83,6,90,43
9,85,6,90,43
10,86,6,90,43
11,88,6,90,43
12,89,6,90,43
13,91,7,90,43
14,94,3,90,43
15,98,3,90,43
16,99,3,90,43
17,101,3,90,43
18,106,3,90,43
19,110,2,90,43
20,111,3,90,43
21,115,2,90,43
22,120,1,90,43
23,121,7,90,43
24,122,3,90,43
25,126,2,90,43
26,135,2,90,43
27,136,2,90,43
28,144,4,90,43
29,146,1,90,43
30,149,2,90,43
31,152,6,90,43
32,159,9,90,43
33,162,6,90,43
34,163,12,90,43
35,168,3,90,43
36,177,6,90,43
37,180,6,90,43
38,181,3,90,43
39,182,8,90,43
40,185,6,90,43
41,188,3,90,43
42,191,1,90,43
43,217,2,90,43
44,219,0,90,43
45,222,2,90,43
46,223,2,90,43
47,224,2,90,43
48,230,3,90,43
49,231,0,90,43
50,232,2,90,43
51,235,2,90,43
52,236,0,90,43
53,241,1,90,43
54,244,1,90,43
55,245,1,90,43
56,247,2,90,43
57,248,2,90,43
58,249,2,90,43
59,252,2,90,43
60,255,1,90,43
61,257,1,90,43
62,259,2,90,43
63,263,1,90,43
64,268,2,90,43
65,270,1,90,43
66,274,5,90,43
67,275,1,90,43
68,278,2,90,43
69,282,1,90,43
70,285,2,90,43
71,288,0,90,43
72,291,0,90,43
73,293,0,90,43
74,295,0,90,43
75,296,0,90,43
76,298,10,90,43
77,300,2,90,43
78,305,0,90,43
79,306,6,90,43
80,310,5,90,43
81,311,2,90,43
82,313,2,90,43
83,316,2,90,43
84,317,12,90,43
85,323,3,90,43
86,324,2,90,43
87,326,2,90,43
88,328,10,90,43
89,329,4,90,43
90,336,2,90,43
91,366,2,90,43
92,369,2,90,43
93,372,2,90,43
94,375,2,90,43
95,377,2,90,43
96,383,2,90,43
97,387,2,90,43
98,388,9,90,43
99,394,2,90,43
100,395,4,90,43
101,398,5,90,43
102,401,9,90,43
103,402,12,90,43
104,403,5,90,43
105,409,2,90,43
106,413,2,90,43
107,415,5,90,43
108,417,3,90,43
109,418,2,90,43
110,422,6,90,43
111,429,3,90,43
112,431,3,90,43
113,432,3,90,43
114,433,3,90,43
115,434,3,90,43
116,436,6,90,43
117,437,6,90,43
118,443,6,90,43
119,447,4,90,43
120,452,6,90,43
121,455,6,90,43
122,461,12,90,43
123,462,11,90,43
124,467,6,90,43
125,472,6,90,43
126,476,12,90,43
127,480,2,90,43
128,481,5,90,43
129,491,7,90,43
130,492,2,90,43
131,494,2,90,43
132,498,1,90,43
133,505,1,90,43
134,506,1,90,43
135,508,1,90,43
136,511,3,90,43
137,513,6,90,43
138,514,3,90,43
139,516,6,90,43
140,524,6,90,43
141,525,3,90,43
142,528,6,90,43
143,530,8,90,43
144,533,1,90,43
145,541,8,90,43
146,544,7,90,43
147,553,2,90,43
148,554,1,90,43
149,559,5,90,43
150,560,13,90,43
151,565,8,90,43
152,566,14,90,43
153,567,7,90,43
154,572,2,90,43
155,573,6,90,43
156,580,9,90,43
157,582,0,90,43
158,589,6,90,43
159,594,2,90,43
160,600,3,90,43
161,612,2,90,43
162,617,2,90,43
163,623,8,90,43
164,630,1,90,43
165,631,2,90,43
166,635,7,90,43
167,642,2,90,43
168,652,2,90,43
169,654,3,90,43
170,696,6,90,43
171,714,2,90,43
172,718,9,90,43
173,720,3,90,43
174,764,1,90,43
175,766,4,90,43
0,14,6,90,44
1,26,1,90,44
2,60,2,90,44
3,62,2,90,44
4,64,2,90,44
5,70,2,90,44
6,77,2,90,44
7,78,9,90,44
8,83,2,90,44
9,85,2,90,44
10,88,9,90,44
11,89,3,90,44
12,91,6,90,44
13,94,3,90,44
14,98,3,90,44
15,99,13,90,44
16,101,3,90,44
17,106,3,90,44
18,110,2,90,44
19,120,2,90,44
20,121,2,90,44
21,122,2,90,44
22,126,3,90,44
23,132,2,90,44
24,136,4,90,44
25,146,2,90,44
26,148,2,90,44
27,152,3,90,44
28,157,3,90,44
29,159,6,90,44
30,162,6,90,44
31,163,6,90,44
32,168,8,90,44
33,177,8,90,44
34,180,7,90,44
35,181,8,90,44
36,182,9,90,44
37,185,6,90,44
38,188,3,90,44
39,191,5,90,44
40,217,2,90,44
41,218,2,90,44
42,219,1,90,44
43,222,2,90,44
44,223,2,90,44
45,224,2,90,44
46,230,2,90,44
47,231,1,90,44
48,232,2,90,44
49,235,1,90,44
50,240,2,90,44
51,241,2,90,44
52,245,2,90,44
53,248,2,90,44
54,252,2,90,44
55,255,4,90,44
56,257,2,90,44
57,259,2,90,44
58,262,2,90,44
59,263,1,90,44
60,268,2,90,44
61,270,1,90,44
62,278,2,90,44
63,282,1,90,44
64,285,2,90,44
65,288,1,90,44
66,291,1,90,44
67,293,1,90,44
68,296,1,90,44
69,298,2,90,44
70,300,2,90,44
71,305,1,90,44
72,306,2,90,44
73,310,1,90,44
74,311,1,90,44
75,317,2,90,44
76,321,5,90,44
77,323,5,90,44
78,326,2,90,44
79,327,7,90,44
80,328,10,90,44
81,329,2,90,44
82,335,1,90,44
83,338,6,90,44
84,339,1,90,44
85,369,2,90,44
86,370,2,90,44
87,372,7,90,44
88,375,5,90,44
89,377,2,90,44
90,378,2,90,44
91,383,2,90,44
92,388,2,90,44
93,392,8,90,44
94,394,6,90,44
95,395,6,90,44
96,401,5,90,44
97,402,9,90,44
98,403,8,90,44
99,409,6,90,44
100,413,6,90,44
101,415,8,90,44
102,417,3,90,44
103,418,9,90,44
104,423,5,90,44
105,432,2,90,44
106,433,2,90,44
107,434,4,90,44
108,436,1,90,44
109,437,1,90,44
110,443,1,90,44
111,447,3,90,44
112,452,3,90,44
113,455,12,90,44
114,461,7,90,44
115,467,6,90,44
116,472,6,90,44
117,476,6,90,44
118,480,2,90,44
119,481,2,90,44
120,491,2,90,44
121,497,2,90,44
122,498,3,90,44
123,501,2,90,44
124,503,5,90,44
125,504,1,90,44
126,505,4,90,44
127,506,1,90,44
128,508,1,90,44
129,513,2,90,44
130,514,10,90,44
131,516,2,90,44
132,518,6,90,44
133,524,2,90,44
134,528,2,90,44
135,530,2,90,44
136,531,5,90,44
137,535,5,90,44
138,541,2,90,44
139,553,2,90,44
140,554,2,90,44
141,559,2,90,44
142,560,3,90,44
143,564,2,90,44
144,566,4,90,44
145,567,3,90,44
146,572,2,90,44
147,573,1,90,44
148,580,2,90,44
149,582,1,90,44
150,583,1,90,44
151,589,2,90,44
152,591,2,90,44
153,593,2,90,44
154,594,2,90,44
155,595,2,90,44
156,600,5,90,44
157,608,3,90,44
158,617,5,90,44
159,619,2,90,44
160,622,2,90,44
161,623,3,90,44
162,629,7,90,44
163,630,1,90,44
164,634,6,90,44
165,635,7,90,44
166,642,2,90,44
167,652,2,90,44
168,653,1,90,44
169,677,2,90,44
170,714,2,90,44
171,720,8,90,44
172,764,1,90,44
173,768,12,90,44
174,770,10,90,44
175,772,2,90,44
0,14,2,90,45
1,19,2,90,45
2,27,6,90,45
3,60,2,90,45
4,64,2,90,45
5,70,4,90,45
6,71,2,90,45
7,77,2,90,45
8,78,7,90,45
9,79,1,90,45
10,82,2,90,45
11,85,1,90,45
12,88,9,90,45
13,89,8,90,45
14,91,6,90,45
15,94,6,90,45
16,99,16,90,45
17,101,3,90,45
18,104,6,90,45
19,110,2,90,45
20,115,2,90,45
21,120,3,90,45
22,121,2,90,45
23,126,2,90,45
24,135,9,90,45
25,136,2,90,45
26,144,2,90,45
27,146,2,90,45
28,148,2,90,45
29,152,1,90,45
30,157,2,90,45
31,159,3,90,45
32,163,4,90,45
33,168,2,90,45
34,171,1,90,45
35,177,2,90,45
36,181,7,90,45
37,182,7,90,45
38,185,4,90,45
39,188,2,90,45
40,191,1,90,45
41,217,2,90,45
42,218,9,90,45
43,219,1,90,45
44,224,2,90,45
45,226,7,90,45
46,230,5,90,45
47,231,1,90,45
48,235,1,90,45
49,236,1,90,45
50,241,1,90,45
51,243,5,90,45
52,244,1,90,45
53,247,2,90,45
54,248,3,90,45
55,249,2,90,45
56,252,6,90,45
57,255,1,90,45
58,263,1,90,45
59,268,2,90,45
60,270,1,90,45
61,272,2,90,45
62,275,1,90,45
63,278,2,90,45
64,282,1,90,45
65,285,2,90,45
66,288,1,90,45
67,291,4,90,45
68,293,1,90,45
69,296,1,90,45
70,298,2,90,45
71,300,2,90,45
72,305,1,90,45
73,306,2,90,45
74,310,6,90,45
75,311,9,90,45
76,317,8,90,45
77,321,6,90,45
78,323,6,90,45
79,326,7,90,45
80,327,5,90,45
81,328,6,90,45
82,335,6,90,45
83,336,3,90,45
84,338,6,90,45
85,339,6,90,45
86,366,5,90,45
87,368,2,90,45
88,372,2,90,45
89,375,3,90,45
90,377,8,90,45
91,378,5,90,45
92,383,2,90,45
93,386,2,90,45
94,392,13,90,45
95,394,4,90,45
96,395,6,90,45
97,401,10,90,45
98,402,3,90,45
99,403,3,90,45
100,409,6,90,45
101,413,6,90,45
102,415,6,90,45
103,417,3,90,45
104,418,12,90,45
105,423,4,90,45
106,431,2,90,45
107,432,2,90,45
108,433,2,90,45
109,434,2,90,45
110,436,1,90,45
111,443,0,90,45
112,447,2,90,45
113,449,2,90,45
114,450,3,90,45
115,461,2,90,45
116,462,2,90,45
117,467,5,90,45
118,473,6,90,45
119,476,2,90,45
120,480,2,90,45
121,481,2,90,45
122,492,2,90,45
123,495,1,90,45
124,498,1,90,45
125,499,2,90,45
126,503,2,90,45
127,506,1,90,45
128,508,1,90,45
129,511,2,90,45
130,513,2,90,45
131,514,5,90,45
132,516,8,90,45
133,518,2,90,45
134,524,2,90,45
135,525,2,90,45
136,526,2,90,45
137,527,2,90,45
138,533,6,90,45
139,535,3,90,45
140,541,6,90,45
141,543,8,90,45
142,554,6,90,45
143,559,12,90,45
144,560,5,90,45
145,565,8,90,45
146,567,6,90,45
147,573,3,90,45
148,580,3,90,45
149,582,1,90,45
150,583,1,90,45
151,589,5,90,45
152,591,2,90,45
153,593,8,90,45
154,594,2,90,45
155,600,2,90,45
156,608,2,90,45
157,612,2,90,45
158,617,2,90,45
159,619,2,90,45
160,622,5,90,45
161,623,3,90,45
162,629,5,90,45
163,635,2,90,45
164,642,3,90,45
165,652,5,90,45
166,653,0,90,45
167,674,8,90,45
168,677,2,90,45
169,714,2,90,45
170,720,6,90,45
171,757,9,90,45
172,764,1,90,45
173,766,8,90,45
174,770,3,90,45
175,792,2,90,45
0,14,4,90,46
1,64,3,90,46
2,70,6,90,46
3,71,8,90,46
4,74,3,90,46
5,77,4,90,46
6,78,8,90,46
7,82,5,90,46
8,83,3,90,46
9,85,6,90,46
10,86,6,90,46
11,88,6,90,46
12,89,3,90,46
13,91,6,90,46
14,98,8,90,46
15,99,3,90,46
16,101,3,90,46
17,106,8,90,46
18,110,8,90,46
19,111,3,90,46
20,115,2,90,46
21,117,5,90,46
22,120,1,90,46
23,122,7,90,46
24,132,10,90,46
25,136,5,90,46
26,144,1,90,46
27,145,1,90,46
28,146,1,90,46
29,148,10,90,46
30,152,6,90,46
31,157,3,90,46
32,159,6,90,46
33,162,6,90,46
34,163,9,90,46
35,168,8,90,46
36,174,3,90,46
37,180,3,90,46
38,181,3,90,46
39,182,6,90,46
40,185,6,90,46
41,188,2,90,46
42,191,2,90,46
43,217,2,90,46
44,218,2,90,46
45,219,2,90,46
46,222,2,90,46
47,223,2,90,46
48,224,2,90,46
49,226,2,90,46
50,231,2,90,46
51,232,2,90,46
52,235,4,90,46
53,241,2,90,46
54,244,5,90,46
55,245,2,90,46
56,247,5,90,46
57,248,2,90,46
58,249,2,90,46
59,252,6,90,46
60,255,2,90,46
61,259,2,90,46
62,265,2,90,46
63,270,-1,90,46
64,274,2,90,46
65,278,2,90,46
66,281,2,90,46
67,282,-1,90,46
68,285,2,90,46
69,288,0,90,46
70,289,2,90,46
71,290,7,90,46
72,291,0,90,46
73,293,0,90,46
74,300,5,90,46
75,305,0,90,46
76,306,2,90,46
77,310,6,90,46
78,311,6,90,46
79,313,6,90,46
80,317,3,90,46
81,323,3,90,46
82,326,6,90,46
83,328,8,90,46
84,329,3,90,46
85,335,9,90,46
86,337,6,90,46
87,338,7,90,46
88,339,6,90,46
89,366,2,90,46
90,369,1,90,46
91,375,2,90,46
92,377,1,90,46
93,378,5,90,46
94,383,1,90,46
95,387,1,90,46
96,394,12,90,46
97,397,2,90,46
98,398,5,90,46
99,401,22,90,46
100,403,5,90,46
101,405,2,90,46
102,409,5,90,46
103,413,2,90,46
104,415,11,90,46
105,417,2,90,46
106,418,5,90,46
107,421,6,90,46
108,422,3,90,46
109,429,2,90,46
110,433,2,90,46
111,434,2,90,46
112,436,1,90,46
113,437,1,90,46
114,443,1,90,46
115,447,5,90,46
116,449,2,90,46
117,455,2,90,46
118,462,7,90,46
119,470,3,90,46
120,472,5,90,46
121,476,2,90,46
122,481,2,90,46
123,491,4,90,46
124,495,2,90,46
125,497,2,90,46
126,498,2,90,46
127,503,3,90,46
128,504,2,90,46
129,505,2,90,46
130,506,2,90,46
131,508,2,90,46
132,513,2,90,46
133,518,2,90,46
134,520,0,90,46
135,524,0,90,46
136,525,2,90,46
137,526,2,90,46
138,527,15,90,46
139,528,0,90,46
140,530,2,90,46
141,531,2,90,46
142,533,2,90,46
143,535,7,90,46
144,541,7,90,46
145,553,2,90,46
146,554,1,90,46
147,559,10,90,46
148,560,3,90,46
149,566,10,90,46
150,567,1,90,46
151,572,1,90,46
152,573,1,90,46
153,580,8,90,46
154,582,2,90,46
155,583,-1,90,46
156,589,5,90,46
157,591,0,90,46
158,593,1,90,46
159,594,1,90,46
160,595,6,90,46
161,600,2,90,46
162,617,2,90,46
163,619,2,90,46
164,620,2,90,46
165,622,2,90,46
166,623,2,90,46
167,630,5,90,46
168,631,5,90,46
169,635,7,90,46
170,642,2,90,46
171,652,2,90,46
172,718,2,90,46
173,720,4,90,46
174,764,-1,90,46
175,770,8,90,46
0,14,0,90,47
1,26,8,90,47
2,60,3,90,47
3,64,3,90,47
4,70,7,90,47
5,71,3,90,47
6,78,3,90,47
7,81,6,90,47
8,82,5,90,47
9,83,3,90,47
10,85,8,90,47
11,86,2,90,47
12,88,2,90,47
13,89,2,90,47
14,91,5,90,47
15,94,2,90,47
16,98,2,90,47
17,110,2,90,47
18,111,2,90,47
19,115,3,90,47
20,117,2,90,47
21,120,1,90,47
22,121,2,90,47
23,122,4,90,47
24,135,2,90,47
25,136,2,90,47
26,144,1,90,47
27,146,1,90,47
28,148,6,90,47
29,152,6,90,47
30,157,5,90,47
31,159,1,90,47
32,162,4,90,47
33,163,1,90,47
34,168,2,90,47
35,180,10,90,47
36,181,2,90,47
37,182,5,90,47
38,185,1,90,47
39,187,1,90,47
40,191,9,90,47
41,217,2,90,47
42,218,2,90,47
43,219,1,90,47
44,222,2,90,47
45,224,7,90,47
46,228,7,90,47
47,231,4,90,47
48,232,2,90,47
49,235,2,90,47
50,236,1,90,47
51,239,13,90,47
52,240,10,90,47
53,241,6,90,47
54,244,9,90,47
55,247,9,90,47
56,248,6,90,47
57,249,3,90,47
58,252,7,90,47
59,255,6,90,47
60,263,1,90,47
61,265,7,90,47
62,270,1,90,47
63,274,2,90,47
64,278,3,90,47
65,282,1,90,47
66,285,2,90,47
67,288,0,90,47
68,293,0,90,47
69,296,0,90,47
70,298,2,90,47
71,300,2,90,47
72,302,0,90,47
73,305,3,90,47
74,306,11,90,47
75,310,2,90,47
76,311,9,90,47
77,313,2,90,47
78,321,5,90,47
79,323,5,90,47
80,326,2,90,47
81,327,2,90,47
82,328,4,90,47
83,329,2,90,47
84,335,2,90,47
85,338,2,90,47
86,339,2,90,47
87,366,3,90,47
88,369,6,90,47
89,375,2,90,47
90,376,6,90,47
91,378,3,90,47
92,383,9,90,47
93,387,6,90,47
94,392,2,90,47
95,394,2,90,47
96,395,2,90,47
97,398,12,90,47
98,402,5,90,47
99,403,5,90,47
100,409,2,90,47
101,413,2,90,47
102,415,2,90,47
103,417,4,90,47
104,418,5,90,47
105,422,6,90,47
106,423,7,90,47
107,433,3,90,47
108,434,3,90,47
109,436,6,90,47
110,437,6,90,47
111,443,6,90,47
112,447,2,90,47
113,455,0,90,47
114,461,0,90,47
115,462,2,90,47
116,470,2,90,47
117,471,2,90,47
118,472,0,90,47
119,476,0,90,47
120,480,2,90,47
121,481,2,90,47
122,491,2,90,47
123,495,2,90,47
124,498,2,90,47
125,499,2,90,47
126,503,2,90,47
127,506,8,90,47
128,508,2,90,47
129,511,2,90,47
130,513,1,90,47
131,514,8,90,47
132,524,1,90,47
133,525,12,90,47
134,527,4,90,47
135,528,1,90,47
136,530,2,90,47
137,533,1,90,47
138,535,7,90,47
139,541,16,90,47
140,553,2,90,47
141,554,1,90,47
142,555,6,90,47
143,559,3,90,47
144,560,4,90,47
145,567,1,90,47
146,573,12,90,47
147,580,6,90,47
148,582,1,90,47
149,589,2,90,47
150,591,1,90,47
151,594,6,90,47
152,595,7,90,47
153,600,2,90,47
154,608,2,90,47
155,612,2,90,47
156,619,2,90,47
157,622,6,90,47
158,623,2,90,47
159,629,2,90,47
160,630,1,90,47
161,631,5,90,47
162,634,2,90,47
163,635,2,90,47
164,642,2,90,47
165,652,3,90,47
166,653,6,90,47
167,654,5,90,47
168,670,6,90,47
169,713,6,90,47
170,718,0,90,47
171,720,1,90,47
172,757,2,90,47
173,764,1,90,47
174,766,6,90,47
175,770,10,90,47
0,14,2,90,48
1,19,2,90,48
2,27,2,90,48
3,60,2,90,48
4,64,2,90,48
5,70,2,90,48
6,71,3,90,48
7,77,2,90,48
8,78,2,90,48
9,81,2,90,48
10,83,2,90,48
11,85,4,90,48
12,86,1,90,48
13,88,4,90,48
14,89,4,90,48
15,91,1,90,48
16,94,7,90,48
17,95,2,90,48
18,99,2,90,48
19,104,1,90,48
20,110,9,90,48
21,111,5,90,48
22,113,6,90,48
23,115,3,90,48
24,120,6,90,48
25,122,6,90,48
26,126,3,90,48
27,131,6,90,48
28,135,3,90,48
29,144,7,90,48
30,146,6,90,48
31,148,10,90,48
32,152,2,90,48
33,157,8,90,48
34,159,7,90,48
35,162,1,90,48
36,163,2,90,48
37,166,2,90,48
38,168,2,90,48
39,172,1,90,48
40,180,2,90,48
41,182,12,90,48
42,185,1,90,48
43,191,1,90,48
44,217,8,90,48
45,218,5,90,48
46,219,1,90,48
47,222,2,90,48
48,223,2,90,48
49,224,12,90,48
50,230,5,90,48
51,231,3,90,48
52,235,1,90,48
53,236,1,90,48
54,241,1,90,48
55,244,1,90,48
56,247,2,90,48
57,248,1,90,48
58,249,5,90,48
59,251,5,90,48
60,252,7,90,48
61,255,1,90,48
62,262,2,90,48
63,263,2,90,48
64,265,2,90,48
65,270,2,90,48
66,272,2,90,48
67,274,2,90,48
68,275,2,90,48
69,282,2,90,48
70,285,5,90,48
71,288,1,90,48
72,291,1,90,48
73,293,3,90,48
74,295,1,90,48
75,296,1,90,48
76,300,2,90,48
77,302,7,90,48
78,305,1,90,48
79,306,5,90,48
80,310,2,90,48
81,311,9,90,48
82,321,4,90,48
83,323,2,90,48
84,326,2,90,48
85,327,5,90,48
86,329,2,90,48
87,335,2,90,48
88,336,2,90,48
89,337,5,90,48
90,338,1,90,48
91,339,2,90,48
92,366,2,90,48
93,368,2,90,48
94,372,2,90,48
95,375,6,90,48
96,377,5,90,48
97,378,2,90,48
98,382,5,90,48
99,383,2,90,48
100,388,1,90,48
101,392,8,90,48
102,394,5,90,48
103,395,6,90,48
104,398,3,90,48
105,402,3,90,48
106,403,3,90,48
107,409,6,90,48
108,413,6,90,48
109,415,9,90,48
110,416,9,90,48
111,418,6,90,48
112,422,1,90,48
113,423,7,90,48
114,432,2,90,48
115,433,2,90,48
116,434,5,90,48
117,436,4,90,48
118,437,1,90,48
119,443,1,90,48
120,447,7,90,48
121,449,2,90,48
122,450,7,90,48
123,455,2,90,48
124,461,2,90,48
125,467,5,90,48
126,470,6,90,48
127,472,8,90,48
128,474,8,90,48
129,476,2,90,48
130,480,2,90,48
131,492,2,90,48
132,495,5,90,48
133,497,2,90,48
134,498,2,90,48
135,504,2,90,48
136,505,2,90,48
137,506,8,90,48
138,508,2,90,48
139,513,3,90,48
140,514,5,90,48
141,520,1,90,48
142,524,1,90,48
143,527,2,90,48
144,528,1,90,48
145,530,2,90,48
146,531,2,90,48
147,533,8,90,48
148,541,2,90,48
149,543,2,90,48
150,553,7,90,48
151,554,2,90,48
152,559,2,90,48
153,560,2,90,48
154,566,5,90,48
155,567,2,90,48
156,573,1,90,48
157,583,2,90,48
158,589,2,90,48
159,594,2,90,48
160,595,3,90,48
161,608,4,90,48
162,612,2,90,48
163,617,6,90,48
164,619,2,90,48
165,622,2,90,48
166,623,5,90,48
167,635,2,90,48
168,642,2,90,48
169,652,2,90,48
170,654,2,90,48
171,720,3,90,48
172,764,3,90,48
173,766,2,90,48
174,768,2,90,48
175,770,2,90,48
0,14,6,90,49
1,64,2,90,49
2,70,5,90,49
3,71,7,90,49
4,77,2,90,49
5,78,2,90,49
6,81,8,90,49
7,82,2,90,49
8,83,7,90,49
9,85,2,90,49
10,86,2,90,49
11,88,5,90,49
12,91,4,90,49
13,94,2,90,49
14,98,2,90,49
15,101,2,90,49
16,104,8,90,49
17,106,2,90,49
18,110,2,90,49
19,111,2,90,49
20,115,2,90,49
21,117,12,90,49
22,120,2,90,49
23,121,2,90,49
24,122,2,90,49
25,132,2,90,49
26,135,6,90,49
27,136,4,90,49
28,144,5,90,49
29,146,2,90,49
30,148,10,90,49
31,152,2,90,49
32,153,2,90,49
33,157,3,90,49
34,159,2,90,49
35,163,2,90,49
36,171,5,90,49
37,177,2,90,49
38,181,2,90,49
39,182,2,90,49
40,185,2,90,49
41,191,6,90,49
42,217,8,90,49
43,218,2,90,49
44,219,6,90,49
45,222,3,90,49
46,223,3,90,49
47,224,3,90,49
48,231,6,90,49
49,232,2,90,49
50,235,6,90,49
51,238,9,90,49
52,240,3,90,49
53,241,6,90,49
54,245,6,90,49
55,247,3,90,49
56,248,6,90,49
57,249,6,90,49
58,252,3,90,49
59,255,6,90,49
60,257,6,90,49
61,263,2,90,49
62,265,2,90,49
63,268,2,90,49
64,272,2,90,49
65,275,2,90,49
66,278,2,90,49
67,282,2,90,49
68,285,4,90,49
69,288,1,90,49
70,291,4,90,49
71,293,1,90,49
72,295,7,90,49
73,296,4,90,49
74,298,7,90,49
75,300,5,90,49
76,306,5,90,49
77,310,6,90,49
78,316,2,90,49
79,323,6,90,49
80,324,3,90,49
81,326,6,90,49
82,327,4,90,49
83,328,16,90,49
84,329,11,90,49
85,335,6,90,49
86,336,3,90,49
87,338,5,90,49
88,339,14,90,49
89,366,5,90,49
90,369,1,90,49
91,370,3,90,49
92,372,5,90,49
93,375,6,90,49
94,377,1,90,49
95,382,2,90,49
96,383,1,90,49
97,386,4,90,49
98,388,1,90,49
99,392,3,90,49
100,398,6,90,49
101,401,7,90,49
102,403,3,90,49
103,405,6,90,49
104,409,6,90,49
105,413,6,90,49
106,415,6,90,49
107,417,5,90,49
108,418,9,90,49
109,420,3,90,49
110,423,2,90,49
111,425,2,90,49
112,432,7,90,49
113,433,2,90,49
114,434,2,90,49
115,437,2,90,49
116,443,2,90,49
117,447,3,90,49
118,449,2,90,49
119,455,6,90,49
120,462,3,90,49
121,467,6,90,49
122,470,2,90,49
123,472,8,90,49
124,474,6,90,49
125,476,6,90,49
126,480,2,90,49
127,481,2,90,49
128,484,0,90,49
129,492,2,90,49
130,494,2,90,49
131,498,0,90,49
132,504,0,90,49
133,505,0,90,49
134,506,0,90,49
135,508,0,90,49
136,511,5,90,49
137,513,1,90,49
138,514,2,90,49
139,516,4,90,49
140,518,3,90,49
141,524,1,90,49
142,525,2,90,49
143,528,1,90,49
144,531,7,90,49
145,533,0,90,49
146,543,0,90,49
147,553,2,90,49
148,554,0,90,49
149,559,0,90,49
150,560,2,90,49
151,563,7,90,49
152,564,0,90,49
153,566,5,90,49
154,567,0,90,49
155,573,2,90,49
156,579,6,90,49
157,580,2,90,49
158,582,6,90,49
159,589,2,90,49
160,591,1,90,49
161,594,1,90,49
162,596,2,90,49
163,600,2,90,49
164,608,3,90,49
165,623,3,90,49
166,629,2,90,49
167,630,2,90,49
168,631,2,90,49
169,635,10,90,49
170,652,2,90,49
171,713,2,90,49
172,720,1,90,49
173,764,2,90,49
174,766,1,90,49
175,770,7,90,49
0,14,2,90,50
1,19,2,90,50
2,64,8,90,50
3,70,1,90,50
4,71,15,90,50
5,74,7,90,50
6,77,5,90,50
7,78,10,90,50
8,81,1,90,50
9,82,2,90,50
10,83,7,90,50
11,85,2,90,50
12,86,1,90,50
13,88,1,90,50
14,89,2,90,50
15,91,1,90,50
16,93,4,90,50
17,98,2,90,50
18,99,7,90,50
19,101,2,90,50
20,104,1,90,50
21,106,7,90,50
22,110,5,90,50
23,113,6,90,50
24,115,3,90,50
25,117,8,90,50
26,120,6,90,50
27,131,6,90,50
28,136,3,90,50
29,144,6,90,50
30,145,6,90,50
31,146,6,90,50
32,148,3,90,50
33,152,1,90,50
34,159,1,90,50
35,162,1,90,50
36,163,1,90,50
37,171,1,90,50
38,172,1,90,50
39,174,7,90,50
40,180,5,90,50
41,181,2,90,50
42,182,2,90,50
43,185,1,90,50
44,188,7,90,50
45,191,2,90,50
46,217,2,90,50
47,218,11,90,50
48,219,2,90,50
49,222,4,90,50
50,226,5,90,50
51,230,2,90,50
52,231,2,90,50
53,232,5,90,50
54,235,2,90,50
55,236,2,90,50
56,241,2,90,50
57,247,7,90,50
58,248,2,90,50
59,249,2,90,50
60,255,2,90,50
61,258,12,90,50
62,262,2,90,50
63,263,0,90,50
64,268,2,90,50
65,270,0,90,50
66,274,7,90,50
67,275,0,90,50
68,278,3,90,50
69,282,0,90,50
70,288,1,90,50
71,289,5,90,50
72,291,7,90,50
73,293,1,90,50
74,296,1,90,50
75,300,2,90,50
76,302,7,90,50
77,305,1,90,50
78,306,2,90,50
79,310,5,90,50
80,313,2,90,50
81,317,2,90,50
82,321,2,90,50
83,323,3,90,50
84,326,2,90,50
85,327,12,90,50
86,328,12,90,50
87,329,2,90,50
88,333,2,90,50
89,335,2,90,50
90,366,5,90,50
91,368,2,90,50
92,369,0,90,50
93,372,7,90,50
94,375,2,90,50
95,377,0,90,50
96,378,10,90,50
97,383,2,90,50
98,387,0,90,50
99,394,8,90,50
100,395,2,90,50
101,398,7,90,50
102,401,10,90,50
103,402,17,90,50
104,403,2,90,50
105,409,5,90,50
106,413,2,90,50
107,415,2,90,50
108,417,2,90,50
109,418,8,90,50
110,423,2,90,50
111,432,5,90,50
112,433,7,90,50
113,434,6,90,50
114,436,1,90,50
115,437,1,90,50
116,443,1,90,50
117,447,13,90,50
118,449,4,90,50
119,455,1,90,50
120,461,1,90,50
121,462,2,90,50
122,470,2,90,50
123,471,2,90,50
124,472,4,90,50
125,476,4,90,50
126,480,2,90,50
127,492,2,90,50
128,494,2,90,50
129,495,1,90,50
130,498,1,90,50
131,503,7,90,50
132,505,1,90,50
133,506,1,90,50
134,508,1,90,50
135,511,3,90,50
136,513,6,90,50
137,514,3,90,50
138,524,6,90,50
139,525,5,90,50
140,527,3,90,50
141,530,3,90,50
142,531,3,90,50
143,533,1,90,50
144,541,2,90,50
145,543,1,90,50
146,548,10,90,50
147,553,2,90,50
148,554,1,90,50
149,559,3,90,50
150,560,2,90,50
151,566,10,90,50
152,567,1,90,50
153,573,1,90,50
154,579,8,90,50
155,580,1,90,50
156,582,2,90,50
157,583,3,90,50
158,589,2,90,50
159,591,6,90,50
160,594,6,90,50
161,595,3,90,50
162,608,2,90,50
163,622,2,90,50
164,623,2,90,50
165,629,3,90,50
166,630,0,90,50
167,635,2,90,50
168,653,1,90,50
169,677,6,90,50
170,720,1,90,50
171,764,0,90,50
172,766,0,90,50
173,768,2,90,50
174,770,7,90,50
175,772,2,90,50
0,14,1,90,51
1,60,2,90,51
2,64,2,90,51
3,70,4,90,51
4,71,5,90,51
5,77,2,90,51
6,78,2,90,51
7,85,2,90,51
8,86,1,90,51
9,89,2,90,51
10,91,1,90,51
11,94,2,90,51
12,95,2,90,51
13,101,3,90,51
14,106,2,90,51
15,110,2,90,51
16,111,2,90,51
17,113,7,90,51
18,115,2,90,51
19,120,1,90,51
20,121,2,90,51
21,122,3,90,51
22,126,7,90,51
23,136,18,90,51
24,145,1,90,51
25,146,1,90,51
26,148,7,90,51
27,152,2,90,51
28,163,0,90,51
29,168,5,90,51
30,171,0,90,51
31,172,0,90,51
32,177,2,90,51
33,181,7,90,51
34,182,2,90,51
35,185,0,90,51
36,187,0,90,51
37,188,2,90,51
38,191,6,90,51
39,217,10,90,51
40,218,10,90,51
41,219,2,90,51
42,222,10,90,51
43,223,5,90,51
44,228,2,90,51
45,230,7,90,51
46,232,2,90,51
47,235,4,90,51
48,241,6,90,51
49,245,6,90,51
50,247,5,90,51
51,248,9,90,51
52,249,3,90,51
53,251,6,90,51
54,255,7,90,51
55,257,6,90,51
56,268,2,90,51
57,272,6,90,51
58,275,5,90,51
59,278,2,90,51
60,281,2,90,51
61,282,2,90,51
62,285,2,90,51
63,288,1,90,51
64,289,2,90,51
65,291,1,90,51
66,293,1,90,51
67,296,4,90,51
68,298,2,90,51
69,300,2,90,51
70,305,7,90,51
71,306,10,90,51
72,310,6,90,51
73,313,6,90,51
74,317,8,90,51
75,323,6,90,51
76,326,6,90,51
77,327,3,90,51
78,328,6,90,51
79,335,6,90,51
80,336,3,90,51
81,337,6,90,51
82,338,1,90,51
83,339,6,90,51
84,366,3,90,51
85,369,6,90,51
86,370,3,90,51
87,372,6,90,51
88,375,2,90,51
89,378,3,90,51
90,383,6,90,51
91,386,5,90,51
92,388,0,90,51
93,392,2,90,51
94,394,7,90,51
95,398,2,90,51
96,401,2,90,51
97,402,2,90,51
98,403,2,90,51
99,409,2,90,51
100,413,3,90,51
101,415,2,90,51
102,417,7,90,51
103,418,5,90,51
104,422,6,90,51
105,423,3,90,51
106,432,8,90,51
107,433,8,90,51
108,434,8,90,51
109,437,6,90,51
110,443,6,90,51
111,444,9,90,51
112,447,5,90,51
113,450,7,90,51
114,455,1,90,51
115,456,1,90,51
116,461,1,90,51
117,462,2,90,51
118,470,5,90,51
119,472,1,90,51
120,474,1,90,51
121,476,1,90,51
122,480,2,90,51
123,481,2,90,51
124,491,2,90,51
125,492,2,90,51
126,494,2,90,51
127,495,2,90,51
128,497,2,90,51
129,498,2,90,51
130,504,4,90,51
131,505,2,90,51
132,508,3,90,51
133,513,0,90,51
134,514,2,90,51
135,518,2,90,51
136,524,0,90,51
137,525,2,90,51
138,526,5,90,51
139,527,7,90,51
140,530,2,90,51
141,531,2,90,51
142,533,1,90,51
143,541,9,90,51
144,543,5,90,51
145,553,2,90,51
146,554,1,90,51
147,559,3,90,51
148,560,2,90,51
149,566,2,90,51
150,567,1,90,51
151,572,12,90,51
152,573,6,90,51
153,580,3,90,51
154,582,2,90,51
155,583,2,90,51
156,589,6,90,51
157,592,2,90,51
158,594,6,90,51
159,600,5,90,51
160,617,2,90,51
161,619,2,90,51
162,622,3,90,51
163,629,2,90,51
164,630,2,90,51
165,635,5,90,51
166,642,2,90,51
167,652,3,90,51
168,653,6,90,51
169,670,6,90,51
170,674,2,90,51
171,677,6,90,51
172,720,1,90,51
173,764,2,90,51
174,770,7,90,51
175,772,8,90,51
0,14,1,90,52
1,27,2,90,52
2,64,3,90,52
3,70,6,90,52
4,71,5,90,52
5,77,3,90,52
6,78,3,90,52
7,79,6,90,52
8,81,6,90,52
9,82,6,90,52
10,85,9,90,52
11,86,1,90,52
12,88,1,90,52
13,89,2,90,52
14,91,1,90,52
15,94,2,90,52
16,98,2,90,52
17,99,2,90,52
18,101,2,90,52
19,106,5,90,52
20,110,6,90,52
21,111,2,90,52
22,115,2,90,52
23,120,2,90,52
24,121,2,90,52
25,122,5,90,52
26,126,2,90,52
27,136,2,90,52
28,144,5,90,52
29,146,2,90,52
30,148,4,90,52
31,149,3,90,52
32,152,6,90,52
33,157,3,90,52
34,159,6,90,52
35,162,6,90,52
36,163,6,90,52
37,172,6,90,52
38,180,2,90,52
39,181,3,90,52
40,182,3,90,52
41,185,6,90,52
42,191,6,90,52
43,218,3,90,52
44,219,6,90,52
45,222,3,90,52
46,223,3,90,52
47,228,6,90,52
48,230,3,90,52
49,231,6,90,52
50,232,2,90,52
51,235,6,90,52
52,236,6,90,52
53,241,6,90,52
54,244,6,90,52
55,248,9,90,52
56,249,3,90,52
57,252,8,90,52
58,255,7,90,52
59,257,6,90,52
60,259,6,90,52
61,263,2,90,52
62,265,7,90,52
63,268,2,90,52
64,270,2,90,52
65,272,5,90,52
66,278,2,90,52
67,282,2,90,52
68,285,2,90,52
69,288,1,90,52
70,289,2,90,52
71,291,1,90,52
72,293,1,90,52
73,295,1,90,52
74,296,1,90,52
75,300,2,90,52
76,305,1,90,52
77,306,3,90,52
78,310,1,90,52
79,311,5,90,52
80,316,5,90,52
81,317,2,90,52
82,321,9,90,52
83,323,2,90,52
84,324,7,90,52
85,327,9,90,52
86,335,4,90,52
87,339,1,90,52
88,366,2,90,52
89,369,2,90,52
90,372,2,90,52
91,375,2,90,52
92,377,2,90,52
93,382,2,90,52
94,383,2,90,52
95,386,5,90,52
96,387,2,90,52
97,388,2,90,52
98,392,8,90,52
99,393,2,90,52
100,394,2,90,52
101,395,2,90,52
102,398,4,90,52
103,403,2,90,52
104,409,5,90,52
105,413,2,90,52
106,415,2,90,52
107,417,2,90,52
108,418,2,90,52
109,423,2,90,52
110,431,8,90,52
111,432,2,90,52
112,433,3,90,52
113,434,5,90,52
114,436,2,90,52
115,437,4,90,52
116,443,2,90,52
117,447,14,90,52
118,452,2,90,52
119,455,1,90,52
120,461,1,90,52
121,462,2,90,52
122,472,1,90,52
123,474,1,90,52
124,476,1,90,52
125,480,2,90,52
126,481,2,90,52
127,491,2,90,52
128,494,7,90,52
129,497,5,90,52
130,498,1,90,52
131,505,1,90,52
132,506,1,90,52
133,508,1,90,52
134,513,2,90,52
135,516,2,90,52
136,518,2,90,52
137,520,2,90,52
138,524,2,90,52
139,525,2,90,52
140,527,2,90,52
141,528,8,90,52
142,530,5,90,52
143,533,12,90,52
144,535,3,90,52
145,541,6,90,52
146,543,12,90,52
147,544,3,90,52
148,553,3,90,52
149,554,9,90,52
150,559,6,90,52
151,560,6,90,52
152,567,6,90,52
153,573,5,90,52
154,580,7,90,52
155,582,6,90,52
156,589,2,90,52
157,591,2,90,52
158,594,2,90,52
159,617,6,90,52
160,619,2,90,52
161,622,3,90,52
162,623,2,90,52
163,630,2,90,52
164,635,4,90,52
165,636,2,90,52
166,642,3,90,52
167,652,2,90,52
168,653,2,90,52
169,714,2,90,52
170,720,6,90,52
171,763,8,90,52
172,764,5,90,52
173,766,2,90,52
174,767,1,90,52
175,772,8,90,52
0,14,1,90,53
1,19,6,90,53
2,60,3,90,53
3,64,3,90,53
4,70,6,90,53
5,71,3,90,53
6,77,3,90,53
7,78,4,90,53
8,81,6,90,53
9,82,2,90,53
10,83,6,90,53
11,85,12,90,53
12,86,6,90,53
13,88,6,90,53
14,91,9,90,53
15,98,3,90,53
16,99,6,90,53
17,101,8,90,53
18,104,6,90,53
19,106,3,90,53
20,110,4,90,53
21,111,3,90,53
22,113,8,90,53
23,115,3,90,53
24,117,3,90,53
25,120,6,90,53
26,121,2,90,53
27,122,8,90,53
28,135,8,90,53
29,136,3,90,53
30,146,6,90,53
31,148,8,90,53
32,152,6,90,53
33,157,2,90,53
34,159,1,90,53
35,162,1,90,53
36,168,2,90,53
37,174,2,90,53
38,180,7,90,53
39,181,2,90,53
40,182,5,90,53
41,185,1,90,53
42,188,2,90,53
43,191,6,90,53
44,217,2,90,53
45,218,6,90,53
46,219,1,90,53
47,222,2,90,53
48,224,5,90,53
49,226,7,90,53
50,231,1,90,53
51,232,2,90,53
52,235,1,90,53
53,236,1,90,53
54,241,6,90,53
55,245,8,90,53
56,247,6,90,53
57,248,6,90,53
58,249,3,90,53
59,252,10,90,53
60,255,6,90,53
61,262,2,90,53
62,268,2,90,53
63,270,-2,90,53
64,274,2,90,53
65,275,-2,90,53
66,278,2,90,53
67,282,-2,90,53
68,285,3,90,53
69,288,6,90,53
70,289,2,90,53
71,290,3,90,53
72,293,6,90,53
73,296,6,90,53
74,300,4,90,53
75,301,6,90,53
76,302,6,90,53
77,310,6,90,53
78,317,8,90,53
79,320,3,90,53
80,323,6,90,53
81,324,3,90,53
82,326,6,90,53
83,328,15,90,53
84,329,6,90,53
85,333,6,90,53
86,336,4,90,53
87,338,6,90,53
88,339,6,90,53
89,366,5,90,53
90,369,2,90,53
91,372,2,90,53
92,375,4,90,53
93,377,2,90,53
94,382,2,90,53
95,383,2,90,53
96,386,7,90,53
97,392,3,90,53
98,394,3,90,53
99,395,12,90,53
100,401,19,90,53
101,402,22,90,53
102,403,13,90,53
103,409,6,90,53
104,413,6,90,53
105,415,9,90,53
106,417,11,90,53
107,418,9,90,53
108,423,2,90,53
109,429,3,90,53
110,432,2,90,53
111,433,2,90,53
112,434,2,90,53
113,437,2,90,53
114,443,2,90,53
115,449,2,90,53
116,455,1,90,53
117,461,1,90,53
118,467,1,90,53
119,470,2,90,53
120,472,1,90,53
121,476,1,90,53
122,480,2,90,53
123,492,2,90,53
124,494,2,90,53
125,495,1,90,53
126,498,1,90,53
127,504,1,90,53
128,505,1,90,53
129,506,1,90,53
130,508,1,90,53
131,513,1,90,53
132,514,2,90,53
133,516,1,90,53
134,518,2,90,53
135,524,1,90,53
136,525,5,90,53
137,527,2,90,53
138,528,1,90,53
139,530,2,90,53
140,531,3,90,53
141,533,6,90,53
142,541,2,90,53
143,543,6,90,53
144,553,3,90,53
145,554,6,90,53
146,559,6,90,53
147,560,4,90,53
148,566,4,90,53
149,567,6,90,53
150,572,2,90,53
151,573,2,90,53
152,579,9,90,53
153,580,6,90,53
154,582,1,90,53
155,589,2,90,53
156,591,1,90,53
157,593,2,90,53
158,594,2,90,53
159,595,8,90,53
160,596,2,90,53
161,600,3,90,53
162,608,2,90,53
163,612,2,90,53
164,619,2,90,53
165,620,2,90,53
166,622,3,90,53
167,623,3,90,53
168,629,3,90,53
169,630,-2,90,53
170,635,3,90,53
171,642,3,90,53
172,720,9,90,53
173,764,-2,90,53
174,766,2,90,53
175,770,3,90,53
0,14,1,90,54
1,60,5,90,54
2,62,2,90,54
3,64,2,90,54
4,70,10,90,54
5,71,3,90,54
6,78,2,90,54
7,81,2,90,54
8,83,7,90,54
9,85,2,90,54
10,86,6,90,54
11,88,6,90,54
12,89,3,90,54
13,91,6,90,54
14,98,3,90,54
15,99,10,90,54
16,101,8,90,54
17,104,6,90,54
18,106,10,90,54
19,110,6,90,54
20,111,3,90,54
21,115,2,90,54
22,120,0,90,54
23,121,2,90,54
24,122,0,90,54
25,131,3,90,54
26,135,5,90,54
27,136,2,90,54
28,144,2,90,54
29,146,0,90,54
30,148,9,90,54
31,152,2,90,54
32,157,2,90,54
33,159,2,90,54
34,162,1,90,54
35,163,3,90,54
36,168,2,90,54
37,172,1,90,54
38,174,5,90,54
39,177,2,90,54
40,182,7,90,54
41,185,1,90,54
42,188,2,90,54
43,191,6,90,54
44,192,5,90,54
45,217,5,90,54
46,218,10,90,54
47,219,2,90,54
48,222,2,90,54
49,223,2,90,54
50,224,2,90,54
51,231,2,90,54
52,232,2,90,54
53,235,2,90,54
54,240,11,90,54
55,241,9,90,54
56,244,6,90,54
57,245,6,90,54
58,247,3,90,54
59,248,6,90,54
60,249,6,90,54
61,252,10,90,54
62,255,8,90,54
63,265,2,90,54
64,268,2,90,54
65,270,2,90,54
66,275,2,90,54
67,282,2,90,54
68,285,7,90,54
69,288,1,90,54
70,291,1,90,54
71,293,1,90,54
72,295,1,90,54
73,296,1,90,54
74,300,2,90,54
75,302,1,90,54
76,306,5,90,54
77,310,6,90,54
78,321,2,90,54
79,323,3,90,54
80,324,8,90,54
81,326,6,90,54
82,327,6,90,54
83,328,3,90,54
84,335,9,90,54
85,336,5,90,54
86,337,6,90,54
87,339,7,90,54
88,366,2,90,54
89,368,2,90,54
90,369,1,90,54
91,372,2,90,54
92,375,6,90,54
93,378,2,90,54
94,382,2,90,54
95,383,1,90,54
96,386,2,90,54
97,388,1,90,54
98,394,5,90,54
99,395,6,90,54
100,401,9,90,54
101,402,3,90,54
102,405,6,90,54
103,409,7,90,54
104,411,3,90,54
105,413,6,90,54
106,415,6,90,54
107,418,6,90,54
108,421,2,90,54
109,422,1,90,54
110,423,2,90,54
111,431,2,90,54
112,432,2,90,54
113,434,2,90,54
114,436,1,90,54
115,437,1,90,54
116,443,4,90,54
117,449,2,90,54
118,450,2,90,54
119,452,2,90,54
120,455,1,90,54
121,461,1,90,54
122,462,3,90,54
123,467,1,90,54
124,470,2,90,54
125,472,1,90,54
126,476,1,90,54
127,480,2,90,54
128,491,2,90,54
129,494,2,90,54
130,495,2,90,54
131,497,2,90,54
132,498,2,90,54
133,503,2,90,54
134,504,2,90,54
135,505,2,90,54
136,506,2,90,54
137,508,2,90,54
138,513,1,90,54
139,514,6,90,54
140,524,4,90,54
141,525,10,90,54
142,527,2,90,54
143,528,1,90,54
144,530,7,90,54
145,531,2,90,54
146,533,1,90,54
147,541,9,90,54
148,543,5,90,54
149,553,2,90,54
150,554,1,90,54
151,559,3,90,54
152,566,10,90,54
153,567,1,90,54
154,572,1,90,54
155,573,1,90,54
156,582,2,90,54
157,583,2,90,54
158,591,7,90,54
159,594,1,90,54
160,600,2,90,54
161,617,12,90,54
162,619,2,90,54
163,622,3,90,54
164,623,2,90,54
165,629,7,90,54
166,630,2,90,54
167,631,2,90,54
168,635,7,90,54
169,642,2,90,54
170,653,1,90,54
171,677,10,90,54
172,720,1,90,54
173,764,2,90,54
174,766,4,90,54
175,770,2,90,54
0,14,6,90,55
1,19,2,90,55
2,27,10,90,55
3,64,6,90,55
4,70,6,90,55
5,71,18,90,55
6,74,3,90,55
7,78,6,90,55
8,81,6,90,55
9,82,2,90,55
10,83,4,90,55
11,85,6,90,55
12,88,5,90,55
13,89,2,90,55
14,91,2,90,55
15,94,2,90,55
16,98,5,90,55
17,99,9,90,55
18,101,2,90,55
19,106,7,90,55
20,110,2,90,55
21,111,2,90,55
22,113,7,90,55
23,115,2,90,55
24,121,2,90,55
25,122,5,90,55
26,126,2,90,55
27,136,8,90,55
28,144,4,90,55
29,145,5,90,55
30,146,2,90,55
31,148,2,90,55
32,152,6,90,55
33,157,3,90,55
34,159,7,90,55
35,162,8,90,55
36,163,6,90,55
37,168,3,90,55
38,171,9,90,55
39,172,9,90,55
40,182,11,90,55
41,185,6,90,55
42,187,6,90,55
43,188,3,90,55
44,191,1,90,55
45,217,2,90,55
46,218,2,90,55
47,219,1,90,55
48,221,1,90,55
49,222,2,90,55
50,223,2,90,55
51,230,2,90,55
52,231,1,90,55
53,235,1,90,55
54,238,1,90,55
55,239,2,90,55
56,241,1,90,55
57,244,1,90,55
58,245,1,90,55
59,247,4,90,55
60,248,1,90,55
61,257,1,90,55
62,262,5,90,55
63,268,2,90,55
64,270,0,90,55
65,278,2,90,55
66,282,6,90,55
67,285,5,90,55
68,289,2,90,55
69,290,2,90,55
70,291,2,90,55
71,293,2,90,55
72,295,2,90,55
73,296,4,90,55
74,300,2,90,55
75,305,2,90,55
76,306,6,90,55
77,310,6,90,55
78,313,6,90,55
79,317,5,90,55
80,323,3,90,55
81,326,6,90,55
82,327,3,90,55
83,328,4,90,55
84,329,3,90,55
85,335,6,90,55
86,336,3,90,55
87,338,2,90,55
88,339,6,90,55
89,366,2,90,55
90,369,0,90,55
91,370,2,90,55
92,372,2,90,55
93,375,4,90,55
94,377,0,90,55
95,383,0,90,55
96,386,8,90,55
97,388,1,90,55
98,392,7,90,55
99,394,2,90,55
100,395,4,90,55
101,398,8,90,55
102,402,10,90,55
103,403,12,90,55
104,409,1,90,55
105,413,1,90,55
106,415,16,90,55
107,417,2,90,55
108,418,1,90,55
109,422,1,90,55
110,423,2,90,55
111,431,2,90,55
112,433,2,90,55
113,434,2,90,55
114,436,1,90,55
115,437,1,90,55
116,443,1,90,55
117,449,2,90,55
118,455,6,90,55
119,461,6,90,55
120,462,6,90,55
121,470,9,90,55
122,472,6,90,55
123,476,6,90,55
124,480,3,90,55
125,492,3,90,55
126,494,3,90,55
127,498,6,90,55
128,499,3,90,55
129,504,6,90,55
130,506,6,90,55
131,508,9,90,55
132,511,2,90,55
133,513,1,90,55
134,514,5,90,55
135,518,3,90,55
136,524,1,90,55
137,525,2,90,55
138,530,2,90,55
139,531,2,90,55
140,533,2,90,55
141,541,6,90,55
142,544,5,90,55
143,553,2,90,55
144,554,2,90,55
145,559,2,90,55
146,564,2,90,55
147,566,3,90,55
148,567,2,90,55
149,572,0,90,55
150,573,5,90,55
151,579,1,90,55
152,580,6,90,55
153,582,1,90,55
154,583,0,90,55
155,589,6,90,55
156,591,1,90,55
157,594,0,90,55
158,595,2,90,55
159,596,7,90,55
160,600,2,90,55
161,612,3,90,55
162,617,9,90,55
163,619,2,90,55
164,623,3,90,55
165,630,0,90,55
166,631,7,90,55
167,635,2,90,55
168,670,0,90,55
169,677,1,90,55
170,720,2,90,55
171,764,1,90,55
172,766,0,90,55
173,768,3,90,55
174,770,2,90,55
175,772,2,90,55
0,14,2,90,56
1,19,9,90,56
2,60,2,90,56
3,64,2,90,56
4,70,1,90,56
5,74,2,90,56
6,78,2,90,56
7,81,1,90,56
8,82,2,90,56
9,83,2,90,56
10,85,1,90,56
11,86,0,90,56
12,88,0,90,56
13,91,0,90,56
14,94,2,90,56
15,98,2,90,56
16,99,2,90,56
17,106,2,90,56
18,110,2,90,56
19,111,2,90,56
20,115,3,90,56
21,120,6,90,56
22,121,2,90,56
23,122,6,90,56
24,126,3,90,56
25,135,6,90,56
26,136,10,90,56
27,144,9,90,56
28,145,6,90,56
29,146,6,90,56
30,152,1,90,56
31,157,2,90,56
32,159,2,90,56
33,162,2,90,56
34,163,2,90,56
35,168,10,90,56
36,180,7,90,56
37,181,5,90,56
38,182,5,90,56
39,185,4,90,56
40,187,2,90,56
41,188,2,90,56
42,191,2,90,56
43,217,2,90,56
44,219,1,90,56
45,223,2,90,56
46,224,2,90,56
47,228,1,90,56
48,230,2,90,56
49,231,1,90,56
50,235,1,90,56
51,237,2,90,56
52,241,5,90,56
53,244,2,90,56
54,245,2,90,56
55,247,2,90,56
56,248,2,90,56
57,249,2,90,56
58,255,3,90,56
59,259,2,90,56
60,263,2,90,56
61,268,2,90,56
62,275,2,90,56
63,278,2,90,56
64,281,2,90,56
65,282,2,90,56
66,285,3,90,56
67,288,6,90,56
68,291,6,90,56
69,293,6,90,56
70,295,6,90,56
71,298,3,90,56
72,300,3,90,56
73,302,6,90,56
74,305,6,90,56
75,306,2,90,56
76,310,6,90,56
77,311,6,90,56
78,313,6,90,56
79,316,6,90,56
80,317,13,90,56
81,323,12,90,56
82,328,11,90,56
83,329,9,90,56
84,335,11,90,56
85,336,11,90,56
86,338,0,90,56
87,339,6,90,56
88,366,10,90,56
89,369,2,90,56
90,372,7,90,56
91,375,2,90,56
92,378,5,90,56
93,382,7,90,56
94,383,4,90,56
95,386,10,90,56
96,387,3,90,56
97,394,3,90,56
98,395,6,90,56
99,398,3,90,56
100,401,8,90,56
101,402,6,90,56
102,403,3,90,56
103,409,7,90,56
104,413,6,90,56
105,415,6,90,56
106,418,6,90,56
107,420,3,90,56
108,422,15,90,56
109,423,6,90,56
110,432,10,90,56
111,433,11,90,56
112,434,14,90,56
113,436,6,90,56
114,443,7,90,56
115,447,5,90,56
116,449,3,90,56
117,450,7,90,56
118,455,2,90,56
119,461,2,90,56
120,467,2,90,56
121,470,9,90,56
122,472,5,90,56
123,474,2,90,56
124,476,2,90,56
125,480,2,90,56
126,481,2,90,56
127,492,2,90,56
128,494,2,90,56
129,495,-1,90,56
130,498,-1,90,56
131,505,-1,90,56
132,506,-1,90,56
133,508,-1,90,56
134,513,2,90,56
135,514,2,90,56
136,520,2,90,56
137,524,2,90,56
138,525,2,90,56
139,527,3,90,56
140,530,2,90,56
141,531,2,90,56
142,533,6,90,56
143,535,3,90,56
144,541,3,90,56
145,554,6,90,56
146,559,6,90,56
147,564,6,90,56
148,566,4,90,56
149,567,6,90,56
150,572,2,90,56
151,573,6,90,56
152,580,7,90,56
153,582,1,90,56
154,583,2,90,56
155,589,2,90,56
156,591,2,90,56
157,594,2,90,56
158,595,3,90,56
159,596,8,90,56
160,612,2,90,56
161,617,5,90,56
162,619,2,90,56
163,622,2,90,56
164,623,2,90,56
165,630,2,90,56
166,634,2,90,56
167,635,3,90,56
168,642,3,90,56
169,652,5,90,56
170,654,2,90,56
171,714,3,90,56
172,718,2,90,56
173,720,9,90,56
174,764,5,90,56
175,770,3,90,56
0,14,0,90,57
1,27,9,90,57
2,60,3,90,57
3,62,3,90,57
4,64,3,90,57
5,70,6,90,57
6,71,3,90,57
7,74,3,90,57
8,77,3,90,57
9,78,5,90,57
10,81,6,90,57
11,82,2,90,57
12,85,9,90,57
13,86,2,90,57
14,88,2,90,57
15,89,12,90,57
16,91,5,90,57
17,95,2,90,57
18,98,4,90,57
19,99,5,90,57
20,101,2,90,57
21,110,2,90,57
22,113,7,90,57
23,115,2,90,57
24,120,2,90,57
25,121,2,90,57
26,122,3,90,57
27,135,2,90,57
28,144,2,90,57
29,146,2,90,57
30,149,5,90,57
31,152,7,90,57
32,157,3,90,57
33,162,6,90,57
34,163,8,90,57
35,171,6,90,57
36,177,3,90,57
37,181,4,90,57
38,182,8,90,57
39,185,6,90,57
40,187,6,90,57
41,188,2,90,57
42,191,2,90,57
43,217,2,90,57
44,218,2,90,57
45,219,5,90,57
46,222,2,90,57
47,223,2,90,57
48,224,2,90,57
49,231,2,90,57
50,235,2,90,57
51,236,2,90,57
52,240,7,90,57
53,241,2,90,57
54,247,7,90,57
55,248,2,90,57
56,249,6,90,57
57,251,2,90,57
58,252,12,90,57
59,255,5,90,57
60,259,5,90,57
61,262,2,90,57
62,263,1,90,57
63,272,2,90,57
64,275,1,90,57
65,281,2,90,57
66,282,1,90,57
67,285,3,90,57
68,288,1,90,57
69,291,1,90,57
70,293,1,90,57
71,295,4,90,57
72,296,9,90,57
73,300,2,90,57
74,302,1,90,57
75,305,4,90,57
76,306,6,90,57
77,310,2,90,57
78,311,5,90,57
79,313,11,90,57
80,316,2,90,57
81,317,3,90,57
82,323,2,90,57
83,326,2,90,57
84,328,7,90,57
85,329,2,90,57
86,335,2,90,57
87,336,4,90,57
88,338,2,90,57
89,366,3,90,57
90,369,6,90,57
91,372,3,90,57
92,376,6,90,57
93,377,6,90,57
94,383,6,90,57
95,386,3,90,57
96,388,1,90,57
97,392,3,90,57
98,394,3,90,57
99,395,18,90,57
100,402,6,90,57
101,403,3,90,57
102,409,7,90,57
103,413,6,90,57
104,415,9,90,57
105,417,3,90,57
106,418,9,90,57
107,421,4,90,57
108,422,1,90,57
109,423,2,90,57
110,431,2,90,57
111,433,5,90,57
112,434,3,90,57
113,436,1,90,57
114,437,1,90,57
115,443,1,90,57
116,447,6,90,57
117,450,2,90,57
118,452,5,90,57
119,455,0,90,57
120,461,0,90,57
121,462,2,90,57
122,467,0,90,57
123,470,2,90,57
124,476,0,90,57
125,477,0,90,57
126,480,2,90,57
127,481,2,90,57
128,482,2,90,57
129,498,1,90,57
130,499,2,90,57
131,503,7,90,57
132,505,1,90,57
133,506,1,90,57
134,508,1,90,57
135,513,1,90,57
136,514,2,90,57
137,516,4,90,57
138,520,1,90,57
139,524,10,90,57
140,525,2,90,57
141,527,2,90,57
142,530,2,90,57
143,531,2,90,57
144,533,1,90,57
145,541,6,90,57
146,543,1,90,57
147,553,2,90,57
148,554,1,90,57
149,559,4,90,57
150,560,6,90,57
151,566,5,90,57
152,567,1,90,57
153,572,6,90,57
154,573,1,90,57
155,582,2,90,57
156,583,1,90,57
157,591,1,90,57
158,593,6,90,57
159,594,6,90,57
160,595,7,90,57
161,596,2,90,57
162,600,2,90,57
163,622,2,90,57
164,630,1,90,57
165,634,2,90,57
166,635,5,90,57
167,642,2,90,57
168,652,3,90,57
169,714,7,90,57
170,715,1,90,57
171,720,1,90,57
172,764,1,90,57
173,766,6,90,57
174,768,2,90,57
175,770,7,90,57
0,14,6,90,58
1,19,2,90,58
2,26,2,90,58
3,60,2,90,58
4,64,2,90,58
5,70,2,90,58
6,71,10,90,58
7,74,5,90,58
8,77,2,90,58
9,78,10,90,58
10,81,1,90,58
11,82,2,90,58
12,85,1,90,58
13,86,6,90,58
14,88,6,90,58
15,89,3,90,58
16,91,6,90,58
17,94,3,90,58
18,95,3,90,58
19,99,8,90,58
20,101,5,90,58
21,106,3,90,58
22,110,2,90,58
23,115,3,90,58
24,117,2,90,58
25,120,12,90,58
26,121,3,90,58
27,122,7,90,58
28,131,9,90,58
29,135,6,90,58
30,136,6,90,58
31,144,9,90,58
32,146,6,90,58
33,148,14,90,58
34,152,1,90,58
35,157,4,90,58
36,159,5,90,58
37,162,2,90,58
38,163,2,90,58
39,168,2,90,58
40,180,6,90,58
41,182,3,90,58
42,185,2,90,58
43,188,8,90,58
44,191,2,90,58
45,217,2,90,58
46,218,2,90,58
47,219,1,90,58
48,223,2,90,58
49,224,7,90,58
50,228,1,90,58
51,231,1,90,58
52,232,5,90,58
53,235,1,90,58
54,236,1,90,58
55,240,3,90,58
56,241,2,90,58
57,244,2,90,58
58,245,2,90,58
59,247,5,90,58
60,248,2,90,58
61,249,4,90,58
62,255,2,90,58
63,262,8,90,58
64,263,6,90,58
65,270,6,90,58
66,272,2,90,58
67,275,6,90,58
68,278,3,90,58
69,282,6,90,58
70,285,2,90,58
71,288,1,90,58
72,289,4,90,58
73,291,1,90,58
74,293,1,90,58
75,298,2,90,58
76,299,7,90,58
77,300,2,90,58
78,302,1,90,58
79,305,1,90,58
80,310,6,90,58
81,317,3,90,58
82,320,3,90,58
83,323,4,90,58
84,324,3,90,58
85,326,9,90,58
86,327,3,90,58
87,328,5,90,58
88,333,6,90,58
89,336,3,90,58
90,338,9,90,58
91,339,6,90,58
92,366,2,90,58
93,368,2,90,58
94,369,1,90,58
95,377,1,90,58
96,378,2,90,58
97,383,1,90,58
98,386,2,90,58
99,388,0,90,58
100,394,4,90,58
101,395,2,90,58
102,398,2,90,58
103,402,2,90,58
104,403,5,90,58
105,405,1,90,58
106,409,1,90,58
107,413,1,90,58
108,417,2,90,58
109,418,1,90,58
110,420,2,90,58
111,422,2,90,58
112,423,2,90,58
113,434,2,90,58
114,436,2,90,58
115,437,5,90,58
116,443,2,90,58
117,447,3,90,58
118,449,2,90,58
119,455,6,90,58
120,457,6,90,58
121,461,9,90,58
122,462,3,90,58
123,467,6,90,58
124,472,6,90,58
125,474,6,90,58
126,476,6,90,58
127,480,3,90,58
128,481,3,90,58
129,491,3,90,58
130,494,3,90,58
131,495,6,90,58
132,498,6,90,58
133,499,3,90,58
134,504,6,90,58
135,506,6,90,58
136,508,6,90,58
137,513,0,90,58
138,514,2,90,58
139,516,0,90,58
140,520,0,90,58
141,524,0,90,58
142,525,2,90,58
143,527,2,90,58
144,530,2,90,58
145,531,4,90,58
146,533,11,90,58
147,541,2,90,58
148,543,2,90,58
149,553,10,90,58
150,554,2,90,58
151,559,2,90,58
152,560,7,90,58
153,564,8,90,58
154,566,6,90,58
155,573,2,90,58
156,580,3,90,58
157,582,1,90,58
158,591,0,90,58
159,593,4,90,58
160,594,1,90,58
161,596,2,90,58
162,600,3,90,58
163,622,2,90,58
164,623,3,90,58
165,629,3,90,58
166,630,6,90,58
167,631,8,90,58
168,642,3,90,58
169,652,7,90,58
170,670,1,90,58
171,697,2,90,58
172,720,2,90,58
173,764,6,90,58
174,770,2,90,58
175,776,6,90,58
0,14,2,90,59
1,60,2,90,59
2,62,2,90,59
3,64,2,90,59
4,70,1,90,59
5,71,2,90,59
6,77,2,90,59
7,81,1,90,59
8,82,2,90,59
9,85,1,90,59
10,88,1,90,59
11,89,5,90,59
12,91,1,90,59
13,94,2,90,59
14,95,10,90,59
15,98,2,90,59
16,99,9,90,59
17,101,5,90,59
18,106,3,90,59
19,110,6,90,59
20,111,2,90,59
21,113,2,90,59
22,115,2,90,59
23,120,2,90,59
24,121,2,90,59
25,122,2,90,59
26,126,4,90,59
27,135,2,90,59
28,136,2,90,59
29,144,2,90,59
30,146,2,90,59
31,148,2,90,59
32,152,1,90,59
33,159,7,90,59
34,162,1,90,59
35,163,1,90,59
36,168,3,90,59
37,177,2,90,59
38,180,5,90,59
39,182,4,90,59
40,185,1,90,59
41,187,1,90,59
42,188,2,90,59
43,191,10,90,59
44,217,10,90,59
45,219,8,90,59
46,222,2,90,59
47,223,2,90,59
48,230,2,90,59
49,231,5,90,59
50,235,2,90,59
51,236,2,90,59
52,238,2,90,59
53,241,2,90,59
54,247,2,90,59
55,248,2,90,59
56,249,2,90,59
57,251,2,90,59
58,252,3,90,59
59,255,2,90,59
60,263,2,90,59
61,265,2,90,59
62,270,2,90,59
63,275,2,90,59
64,278,2,90,59
65,281,2,90,59
66,282,2,90,59
67,285,2,90,59
68,288,2,90,59
69,289,5,90,59
70,291,5,90,59
71,293,2,90,59
72,295,2,90,59
73,296,8,90,59
74,300,2,90,59
75,302,8,90,59
76,305,2,90,59
77,310,6,90,59
78,313,6,90,59
79,317,3,90,59
80,321,2,90,59
81,323,3,90,59
82,326,6,90,59
83,328,8,90,59
84,329,4,90,59
85,335,11,90,59
86,337,9,90,59
87,339,6,90,59
88,366,8,90,59
89,369,9,90,59
90,372,6,90,59
91,375,3,90,59
92,383,6,90,59
93,386,2,90,59
94,387,6,90,59
95,388,9,90,59
96,394,3,90,59
97,395,9,90,59
98,398,4,90,59
99,402,6,90,59
100,403,3,90,59
101,409,6,90,59
102,413,6,90,59
103,415,8,90,59
104,417,3,90,59
105,418,6,90,59
106,420,8,90,59
107,422,1,90,59
108,423,2,90,59
109,431,5,90,59
110,433,2,90,59
111,434,7,90,59
112,437,1,90,59
113,443,4,90,59
114,447,6,90,59
115,449,2,90,59
116,450,2,90,59
117,455,2,90,59
118,461,2,90,59
119,467,5,90,59
120,471,7,90,59
121,472,2,90,59
122,473,5,90,59
123,476,2,90,59
124,480,2,90,59
125,492,2,90,59
126,494,2,90,59
127,495,2,90,59
128,497,2,90,59
129,498,2,90,59
130,503,2,90,59
131,506,2,90,59
132,508,2,90,59
133,513,6,90,59
134,514,4,90,59
135,518,2,90,59
136,520,6,90,59
137,524,6,90,59
138,525,3,90,59
139,527,8,90,59
140,528,6,90,59
141,530,6,90,59
142,531,3,90,59
143,533,1,90,59
144,541,2,90,59
145,543,1,90,59
146,553,2,90,59
147,554,1,90,59
148,559,1,90,59
149,560,2,90,59
150,566,8,90,59
151,567,2,90,59
152,573,1,90,59
153,579,2,90,59
154,580,1,90,59
155,582,2,90,59
156,591,6,90,59
157,593,8,90,59
158,594,6,90,59
159,596,5,90,59
160,612,2,90,59
161,617,2,90,59
162,619,2,90,59
163,622,2,90,59
164,623,2,90,59
165,630,2,90,59
166,635,5,90,59
167,642,2,90,59
168,652,8,90,59
169,714,2,90,59
170,720,1,90,59
171,764,2,90,59
172,766,6,90,59
173,770,5,90,59
174,772,2,90,59
175,776,2,90,59
0,14,2,90,60
1,26,5,90,60
2,27,6,90,60
3,60,3,90,60
4,62,3,90,60
5,64,6,90,60
6,70,6,90,60
7,77,3,90,60
8,78,3,90,60
9,81,6,90,60
10,82,2,90,60
11,83,4,90,60
12,85,6,90,60
13,88,2,90,60
14,89,5,90,60
15,91,5,90,60
16,94,2,90,60
17,95,2,90,60
18,98,2,90,60
19,99,7,90,60
20,101,2,90,60
21,106,2,90,60
22,110,3,90,60
23,115,3,90,60
24,120,6,90,60
25,121,2,90,60
26,122,6,90,60
27,126,3,90,60
28,132,3,90,60
29,136,6,90,60
30,144,6,90,60
31,146,6,90,60
32,148,2,90,60
33,152,6,90,60
34,157,2,90,60
35,159,1,90,60
36,162,1,90,60
37,163,7,90,60
38,168,5,90,60
39,172,1,90,60
40,174,2,90,60
41,180,2,90,60
42,182,4,90,60
43,185,1,90,60
44,188,5,90,60
45,191,2,90,60
46,217,2,90,60
47,218,2,90,60
48,219,1,90,60
49,222,2,90,60
50,223,5,90,60
51,224,2,90,60
52,228,1,90,60
53,231,2,90,60
54,232,10,90,60
55,235,1,90,60
56,240,2,90,60
57,241,2,90,60
58,245,2,90,60
59,247,7,90,60
60,248,2,90,60
61,249,2,90,60
62,252,2,90,60
63,255,6,90,60
64,263,1,90,60
65,270,1,90,60
66,274,2,90,60
67,275,1,90,60
68,278,2,90,60
69,285,3,90,60
70,288,1,90,60
71,289,2,90,60
72,291,1,90,60
73,293,1,90,60
74,296,10,90,60
75,298,2,90,60
76,300,5,90,60
77,302,1,90,60
78,305,1,90,60
79,306,6,90,60
80,310,6,90,60
81,311,6,90,60
82,317,6,90,60
83,321,2,90,60
84,323,8,90,60
85,326,6,90,60
86,327,5,90,60
87,328,3,90,60
88,329,3,90,60
89,336,3,90,60
90,338,2,90,60
91,339,7,90,60
92,366,3,90,60
93,368,3,90,60
94,369,6,90,60
95,370,3,90,60
96,372,3,90,60
97,377,6,90,60
98,378,5,90,60
99,383,6,90,60
100,388,6,90,60
101,394,5,90,60
102,395,9,90,60
103,398,6,90,60
104,402,13,90,60
105,403,3,90,60
106,405,6,90,60
107,409,6,90,60
108,413,6,90,60
109,415,7,90,60
110,417,3,90,60
111,418,9,90,60
112,422,2,90,60
113,423,7,90,60
114,429,2,90,60
115,434,2,90,60
116,436,2,90,60
117,437,2,90,60
118,443,2,90,60
119,447,2,90,60
120,449,2,90,60
121,450,2,90,60
122,455,2,90,60
123,461,2,90,60
124,467,2,90,60
125,470,2,90,60
126,471,2,90,60
127,476,2,90,60
128,477,2,90,60
129,480,2,90,60
130,492,2,90,60
131,494,2,90,60
132,495,2,90,60
133,498,2,90,60
134,503,2,90,60
135,504,2,90,60
136,506,2,90,60
137,508,2,90,60
138,513,8,90,60
139,514,3,90,60
140,516,6,90,60
141,520,6,90,60
142,524,6,90,60
143,525,4,90,60
144,528,6,90,60
145,531,3,90,60
146,533,1,90,60
147,541,9,90,60
148,543,4,90,60
149,553,2,90,60
150,554,1,90,60
151,559,10,90,60
152,560,12,90,60
153,566,4,90,60
154,567,1,90,60
155,572,6,90,60
156,573,4,90,60
157,579,2,90,60
158,580,6,90,60
159,583,1,90,60
160,591,6,90,60
161,594,6,90,60
162,600,3,90,60
163,619,2,90,60
164,622,4,90,60
165,623,2,90,60
166,630,1,90,60
167,631,2,90,60
168,642,2,90,60
169,654,3,90,60
170,714,3,90,60
171,720,1,90,60
172,764,1,90,60
173,766,6,90,60
174,768,2,90,60
175,770,2,90,60
0,14,2,90,61
1,19,2,90,61
2,26,1,90,61
3,27,2,90,61
4,64,2,90,61
5,70,2,90,61
6,71,5,90,61
7,77,2,90,61
8,78,5,90,61
9,81,2,90,61
10,82,2,90,61
11,83,2,90,61
12,85,2,90,61
13,86,1,90,61
14,88,1,90,61
15,89,2,90,61
16,91,1,90,61
17,93,4,90,61
18,94,2,90,61
19,99,5,90,61
20,106,5,90,61
21,110,12,90,61
22,113,3,90,61
23,115,6,90,61
24,120,6,90,61
25,121,10,90,61
26,122,6,90,61
27,126,3,90,61
28,136,3,90,61
29,146,6,90,61
30,148,8,90,61
31,149,3,90,61
32,152,2,90,61
33,157,2,90,61
34,159,2,90,61
35,162,2,90,61
36,163,2,90,61
37,166,5,90,61
38,168,2,90,61
39,171,2,90,61
40,180,6,90,61
41,182,4,90,61
42,185,2,90,61
43,191,2,90,61
44,192,5,90,61
45,217,2,90,61
46,218,2,90,61
47,219,2,90,61
48,222,2,90,61
49,230,5,90,61
50,231,2,90,61
51,232,2,90,61
52,235,2,90,61
53,236,8,90,61
54,240,6,90,61
55,241,5,90,61
56,245,2,90,61
57,247,2,90,61
58,248,2,90,61
59,249,2,90,61
60,255,2,90,61
61,259,7,90,61
62,263,1,90,61
63,268,6,90,61
64,272,2,90,61
65,274,2,90,61
66,275,1,90,61
67,278,2,90,61
68,282,1,90,61
69,285,2,90,61
70,288,2,90,61
71,289,4,90,61
72,291,2,90,61
73,293,2,90,61
74,300,2,90,61
75,305,2,90,61
76,306,2,90,61
77,310,6,90,61
78,313,6,90,61
79,317,3,90,61
80,323,3,90,61
81,326,8,90,61
82,327,11,90,61
83,328,14,90,61
84,329,3,90,61
85,335,6,90,61
86,336,4,90,61
87,338,2,90,61
88,339,6,90,61
89,366,2,90,61
90,369,4,90,61
91,372,3,90,61
92,375,5,90,61
93,377,2,90,61
94,382,2,90,61
95,383,2,90,61
96,386,3,90,61
97,387,2,90,61
98,388,2,90,61
99,393,1,90,61
100,394,7,90,61
101,395,1,90,61
102,401,8,90,61
103,402,10,90,61
104,403,5,90,61
105,409,7,90,61
106,413,1,90,61
107,415,1,90,61
108,417,2,90,61
109,418,2,90,61
110,422,7,90,61
111,423,2,90,61
112,431,5,90,61
113,432,8,90,61
114,433,2,90,61
115,434,2,90,61
116,437,1,90,61
117,443,1,90,61
118,447,10,90,61
119,450,2,90,61
120,455,10,90,61
121,457,2,90,61
122,467,5,90,61
123,471,2,90,61
124,472,2,90,61
125,473,2,90,61
126,474,2,90,61
127,476,2,90,61
128,480,2,90,61
129,494,2,90,61
130,495,1,90,61
131,497,2,90,61
132,498,1,90,61
133,499,2,90,61
134,501,2,90,61
135,504,1,90,61
136,505,1,90,61
137,506,1,90,61
138,508,1,90,61
139,513,2,90,61
140,514,5,90,61
141,520,2,90,61
142,524,2,90,61
143,526,2,90,61
144,527,2,90,61
145,530,2,90,61
146,531,3,90,61
147,533,2,90,61
148,541,2,90,61
149,543,2,90,61
150,553,7,90,61
151,554,2,90,61
152,559,5,90,61
153,566,2,90,61
154,567,2,90,61
155,572,2,90,61
156,573,1,90,61
157,580,2,90,61
158,582,2,90,61
159,591,2,90,61
160,600,3,90,61
161,608,2,90,61
162,617,6,90,61
163,619,2,90,61
164,622,2,90,61
165,631,2,90,61
166,635,7,90,61
167,642,2,90,61
168,652,2,90,61
169,677,2,90,61
170,714,3,90,61
171,720,2,90,61
172,757,1,90,61
173,764,1,90,61
174,766,8,90,61
175,770,6,90,61
0,14,2,90,62
1,19,5,90,62
2,27,2,90,62
3,64,3,90,62
4,70,6,90,62
5,71,3,90,62
6,78,3,90,62
7,79,6,90,62
8,81,6,90,62
9,82,6,90,62
10,83,8,90,62
11,86,1,90,62
12,88,1,90,62
13,89,2,90,62
14,91,1,90,62
15,92,4,90,62
16,98,2,90,62
17,99,7,90,62
18,101,2,90,62
19,110,4,90,62
20,113,3,90,62
21,115,2,90,62
22,117,2,90,62
23,121,8,90,62
24,122,4,90,62
25,135,2,90,62
26,144,2,90,62
27,145,2,90,62
28,146,2,90,62
29,148,2,90,62
30,152,6,90,62
31,157,3,90,62
32,162,6,90,62
33,163,6,90,62
34,168,3,90,62
35,172,6,90,62
36,174,3,90,62
37,180,2,90,62
38,182,3,90,62
39,185,9,90,62
40,188,3,90,62
41,191,4,90,62
42,217,3,90,62
43,218,2,90,62
44,219,6,90,62
45,222,3,90,62
46,223,3,90,62
47,230,4,90,62
48,231,8,90,62
49,232,2,90,62
50,235,6,90,62
51,241,4,90,62
52,244,1,90,62
53,247,2,90,62
54,248,1,90,62
55,249,2,90,62
56,252,18,90,62
57,255,1,90,62
58,262,3,90,62
59,268,5,90,62
60,270,6,90,62
61,275,8,90,62
62,278,3,90,62
63,281,3,90,62
64,288,0,90,62
65,289,2,90,62
66,291,6,90,62
67,293,0,90,62
68,295,2,90,62
69,296,1,90,62
70,298,7,90,62
71,301,0,90,62
72,305,0,90,62
73,306,9,90,62
74,310,2,90,62
75,311,3,90,62
76,321,6,90,62
77,323,2,90,62
78,326,4,90,62
79,327,2,90,62
80,328,2,90,62
81,329,2,90,62
82,335,2,90,62
83,336,5,90,62
84,338,1,90,62
85,339,5,90,62
86,366,2,90,62
87,368,2,90,62
88,369,2,90,62
89,372,3,90,62
90,375,2,90,62
91,377,2,90,62
92,378,2,90,62
93,382,2,90,62
94,383,2,90,62
95,386,3,90,62
96,392,2,90,62
97,394,5,90,62
98,395,3,90,62
99,398,2,90,62
100,402,2,90,62
101,403,2,90,62
102,409,2,90,62
103,413,2,90,62
104,415,2,90,62
105,417,2,90,62
106,418,2,90,62
107,422,2,90,62
108,423,3,90,62
109,431,5,90,62
110,432,2,90,62
111,433,2,90,62
112,434,2,90,62
113,436,5,90,62
114,437,2,90,62
115,443,2,90,62
116,450,3,90,62
117,455,0,90,62
118,461,0,90,62
119,462,2,90,62
120,470,6,90,62
121,472,6,90,62
122,476,0,90,62
123,480,2,90,62
124,481,2,90,62
125,497,2,90,62
126,498,2,90,62
127,503,2,90,62
128,504,2,90,62
129,505,2,90,62
130,506,2,90,62
131,508,2,90,62
132,513,6,90,62
133,514,3,90,62
134,516,6,90,62
135,518,2,90,62
136,520,12,90,62
137,524,6,90,62
138,525,3,90,62
139,528,6,90,62
140,530,8,90,62
141,531,3,90,62
142,535,2,90,62
143,541,13,90,62
144,553,2,90,62
145,554,1,90,62
146,560,3,90,62
147,564,1,90,62
148,566,10,90,62
149,567,1,90,62
150,573,8,90,62
151,579,7,90,62
152,580,8,90,62
153,582,6,90,62
154,583,6,90,62
155,591,6,90,62
156,592,9,90,62
157,594,5,90,62
158,600,2,90,62
159,617,2,90,62
160,619,3,90,62
161,620,10,90,62
162,622,2,90,62
163,623,2,90,62
164,629,2,90,62
165,630,6,90,62
166,642,5,90,62
167,652,2,90,62
168,654,3,90,62
169,714,2,90,62
170,720,1,90,62
171,757,1,90,62
172,764,6,90,62
173,768,2,90,62
174,769,1,90,62
175,770,2,90,62
0,14,6,90,63
1,26,2,90,63
2,27,6,90,63
3,60,2,90,63
4,64,5,90,63
5,70,4,90,63
6,71,7,90,63
7,74,2,90,63
8,77,2,90,63
9,78,2,90,63
10,82,6,90,63
11,85,1,90,63
12,86,1,90,63
13,88,1,90,63
14,89,2,90,63
15,91,1,90,63
16,93,1,90,63
17,95,2,90,63
18,99,2,90,63
19,101,7,90,63
20,106,2,90,63
21,110,2,90,63
22,113,2,90,63
23,115,2,90,63
24,117,2,90,63
25,120,2,90,63
26,122,2,90,63
27,131,2,90,63
28,136,2,90,63
29,145,2,90,63
30,146,2,90,63
31,148,2,90,63
32,152,1,90,63
33,157,2,90,63
34,162,1,90,63
35,163,4,90,63
36,168,4,90,63
37,171,4,90,63
38,172,1,90,63
39,180,6,90,63
40,182,12,90,63
41,185,1,90,63
42,188,3,90,63
43,191,2,90,63
44,217,5,90,63
45,218,3,90,63
46,219,1,90,63
47,222,2,90,63
48,223,7,90,63
49,228,1,90,63
50,230,7,90,63
51,232,5,90,63
52,235,1,90,63
53,236,1,90,63
54,240,2,90,63
55,241,3,90,63
56,244,2,90,63
57,247,4,90,63
58,248,2,90,63
59,249,2,90,63
60,252,5,90,63
61,255,2,90,63
62,262,2,90,63
63,265,2,90,63
64,270,1,90,63
65,274,2,90,63
66,275,1,90,63
67,278,2,90,63
68,281,2,90,63
69,282,1,90,63
70,285,2,90,63
71,289,8,90,63
72,291,1,90,63
73,293,1,90,63
74,295,1,90,63
75,296,1,90,63
76,299,7,90,63
77,300,2,90,63
78,306,2,90,63
79,310,2,90,63
80,311,14,90,63
81,313,2,90,63
82,317,2,90,63
83,320,2,90,63
84,323,2,90,63
85,326,2,90,63
86,327,10,90,63
87,328,4,90,63
88,329,2,90,63
89,338,1,90,63
90,339,2,90,63
91,366,14,90,63
92,369,1,90,63
93,372,2,90,63
94,375,2,90,63
95,382,5,90,63
96,383,1,90,63
97,387,1,90,63
98,388,6,90,63
99,392,14,90,63
100,394,3,90,63
101,395,8,90,63
102,401,13,90,63
103,402,3,90,63
104,403,3,90,63
105,409,6,90,63
106,413,6,90,63
107,415,7,90,63
108,417,3,90,63
109,418,6,90,63
110,423,2,90,63
111,432,2,90,63
112,433,7,90,63
113,434,8,90,63
114,436,4,90,63
115,437,5,90,63
116,443,2,90,63
117,447,8,90,63
118,449,2,90,63
119,455,6,90,63
120,461,6,90,63
121,462,3,90,63
122,467,6,90,63
123,472,6,90,63
124,473,2,90,63
125,476,6,90,63
126,480,2,90,63
127,481,3,90,63
128,491,5,90,63
129,492,2,90,63
130,495,1,90,63
131,499,2,90,63
132,505,1,90,63
133,506,1,90,63
134,508,1,90,63
135,513,8,90,63
136,514,11,90,63
137,516,6,90,63
138,524,6,90,63
139,525,3,90,63
140,528,6,90,63
141,530,3,90,63
142,531,7,90,63
143,533,2,90,63
144,535,3,90,63
145,541,10,90,63
146,553,4,90,63
147,554,2,90,63
148,559,2,90,63
149,560,2,90,63
150,566,8,90,63
151,567,2,90,63
152,572,1,90,63
153,573,2,90,63
154,579,2,90,63
155,580,10,90,63
156,582,1,90,63
157,583,1,90,63
158,589,2,90,63
159,591,6,90,63
160,594,1,90,63
161,600,2,90,63
162,612,2,90,63
163,617,9,90,63
164,619,2,90,63
165,622,2,90,63
166,623,3,90,63
167,635,2,90,63
168,642,2,90,63
169,652,2,90,63
170,670,8,90,63
171,696,2,90,63
172,714,2,90,63
173,720,8,90,63
174,764,1,90,63
175,770,2,90,63
0,14,1,90,64
1,26,0,90,64
2,64,9,90,64
3,70,6,90,64
4,71,3,90,64
5,77,3,90,64
6,78,3,90,64
7,79,6,90,64
8,82,10,90,64
9,83,3,90,64
10,85,6,90,64
11,86,2,90,64
12,88,2,90,64
13,89,7,90,64
14,91,2,90,64
15,98,2,90,64
16,99,18,90,64
17,101,2,90,64
18,104,2,90,64
19,106,2,90,64
20,110,6,90,64
21,115,2,90,64
22,117,2,90,64
23,120,2,90,64
24,121,12,90,64
25,122,2,90,64
26,126,2,90,64
27,135,3,90,64
28,144,2,90,64
29,145,2,90,64
30,146,2,90,64
31,152,6,90,64
32,157,2,90,64
33,159,4,90,64
34,162,8,90,64
35,163,1,90,64
36,168,2,90,64
37,171,1,90,64
38,180,4,90,64
39,182,10,90,64
40,185,1,90,64
41,188,7,90,64
42,191,2,90,64
43,217,2,90,64
44,218,6,90,64
45,219,7,90,64
46,222,2,90,64
47,223,5,90,64
48,224,2,90,64
49,230,2,90,64
50,231,1,90,64
51,232,6,90,64
52,235,1,90,64
53,236,1,90,64
54,240,2,90,64
55,241,2,90,64
56,244,2,90,64
57,247,5,90,64
58,248,2,90,64
59,249,2,90,64
60,252,6,90,64
61,255,2,90,64
62,259,7,90,64
63,270,2,90,64
64,274,5,90,64
65,278,2,90,64
66,281,2,90,64
67,282,2,90,64
68,285,2,90,64
69,288,1,90,64
70,291,1,90,64
71,293,4,90,64
72,296,4,90,64
73,298,2,90,64
74,300,2,90,64
75,305,1,90,64
76,306,14,90,64
77,310,1,90,64
78,311,1,90,64
79,317,10,90,64
80,319,2,90,64
81,323,2,90,64
82,326,1,90,64
83,327,17,90,64
84,328,8,90,64
85,329,2,90,64
86,336,3,90,64
87,338,5,90,64
88,339,6,90,64
89,366,3,90,64
90,368,2,90,64
91,369,3,90,64
92,375,5,90,64
93,377,1,90,64
94,378,2,90,64
95,383,1,90,64
96,386,5,90,64
97,388,2,90,64
98,392,3,90,64
99,395,1,90,64
100,398,7,90,64
101,401,2,90,64
102,402,2,90,64
103,403,2,90,64
104,409,1,90,64
105,413,1,90,64
106,415,4,90,64
107,417,2,90,64
108,418,6,90,64
109,422,0,90,64
110,423,7,90,64
111,432,2,90,64
112,433,5,90,64
113,434,2,90,64
114,436,0,90,64
115,443,0,90,64
116,447,2,90,64
117,455,3,90,64
118,461,1,90,64
119,462,2,90,64
120,467,1,90,64
121,470,8,90,64
122,472,1,90,64
123,476,1,90,64
124,480,5,90,64
125,481,2,90,64
126,491,7,90,64
127,492,2,90,64
128,494,5,90,64
129,495,0,90,64
130,498,0,90,64
131,505,0,90,64
132,506,0,90,64
133,508,3,90,64
134,513,5,90,64
135,514,7,90,64
136,520,2,90,64
137,524,2,90,64
138,525,4,90,64
139,530,2,90,64
140,531,2,90,64
141,533,1,90,64
142,541,2,90,64
143,543,1,90,64
144,553,12,90,64
145,554,1,90,64
146,559,5,90,64
147,560,10,90,64
148,564,1,90,64
149,565,5,90,64
150,566,2,90,64
151,572,1,90,64
152,573,3,90,64
153,580,6,90,64
154,583,5,90,64
155,589,2,90,64
156,591,2,90,64
157,594,1,90,64
158,595,7,90,64
159,600,2,90,64
160,617,10,90,64
161,619,2,90,64
162,620,2,90,64
163,622,2,90,64
164,623,3,90,64
165,629,5,90,64
166,630,2,90,64
167,631,2,90,64
168,635,5,90,64
169,642,4,90,64
170,652,2,90,64
171,677,2,90,64
172,718,1,90,64
173,720,1,90,64
174,764,2,90,64
175,766,1,90,64
0,14,0,90,65
1,26,3,90,65
2,64,5,90,65
3,70,1,90,65
4,71,2,90,65
5,77,2,90,65
6,78,3,90,65
7,81,1,90,65
8,82,2,90,65
9,83,7,90,65
10,85,1,90,65
11,86,1,90,65
12,88,1,90,65
13,91,1,90,65
14,93,1,90,65
15,94,2,90,65
16,95,7,90,65
17,98,2,90,65
18,99,2,90,65
19,101,2,90,65
20,110,4,90,65
21,120,8,90,65
22,121,2,90,65
23,122,6,90,65
24,126,3,90,65
25,132,3,90,65
26,136,3,90,65
27,144,6,90,65
28,146,6,90,65
29,149,3,90,65
30,152,1,90,65
31,157,2,90,65
32,159,1,90,65
33,162,1,90,65
34,163,1,90,65
35,168,2,90,65
36,177,12,90,65
37,180,9,90,65
38,182,2,90,65
39,185,1,90,65
40,188,2,90,65
41,191,1,90,65
42,217,7,90,65
43,218,8,90,65
44,219,1,90,65
45,223,2,90,65
46,224,6,90,65
47,230,2,90,65
48,231,1,90,65
49,232,5,90,65
50,235,1,90,65
51,236,1,90,65
52,240,8,90,65
53,241,1,90,65
54,244,1,90,65
55,245,1,90,65
56,248,1,90,65
57,249,5,90,65
58,251,10,90,65
59,252,10,90,65
60,255,1,90,65
61,262,2,90,65
62,268,2,90,65
63,275,2,90,65
64,278,2,90,65
65,282,2,90,65
66,285,2,90,65
67,288,3,90,65
68,291,2,90,65
69,293,2,90,65
70,295,2,90,65
71,296,2,90,65
72,298,2,90,65
73,299,2,90,65
74,300,2,90,65
75,306,2,90,65
76,310,7,90,65
77,313,6,90,65
78,321,5,90,65
79,323,3,90,65
80,326,6,90,65
81,327,8,90,65
82,328,11,90,65
83,329,3,90,65
84,335,6,90,65
85,337,6,90,65
86,338,1,90,65
87,339,11,90,65
88,366,2,90,65
89,372,9,90,65
90,375,6,90,65
91,377,7,90,65
92,378,5,90,65
93,383,1,90,65
94,386,5,90,65
95,388,6,90,65
96,393,6,90,65
97,394,8,90,65
98,395,6,90,65
99,398,3,90,65
100,403,3,90,65
101,409,9,90,65
102,413,6,90,65
103,415,7,90,65
104,417,3,90,65
105,418,6,90,65
106,421,6,90,65
107,423,5,90,65
108,432,2,90,65
109,433,8,90,65
110,434,2,90,65
111,437,2,90,65
112,443,2,90,65
113,447,14,90,65
114,449,2,90,65
115,455,0,90,65
116,461,6,90,65
117,462,4,90,65
118,467,0,90,65
119,470,6,90,65
120,471,2,90,65
121,472,0,90,65
122,476,0,90,65
123,480,2,90,65
124,481,2,90,65
125,494,2,90,65
126,495,1,90,65
127,498,1,90,65
128,504,1,90,65
129,505,1,90,65
130,506,1,90,65
131,508,1,90,65
132,513,7,90,65
133,514,3,90,65
134,516,6,90,65
135,520,6,90,65
136,524,9,90,65
137,525,3,90,65
138,530,3,90,65
139,531,3,90,65
140,533,6,90,65
141,535,3,90,65
142,541,6,90,65
143,543,8,90,65
144,553,3,90,65
145,554,6,90,65
146,559,9,90,65
147,560,5,90,65
148,564,6,90,65
149,566,5,90,65
150,567,6,90,65
151,573,2,90,65
152,580,1,90,65
153,582,1,90,65
154,583,2,90,65
155,589,2,90,65
156,591,6,90,65
157,594,1,90,65
158,595,3,90,65
159,596,2,90,65
160,612,2,90,65
161,617,9,90,65
162,619,2,90,65
163,622,6,90,65
164,623,2,90,65
165,629,3,90,65
166,630,2,90,65
167,631,2,90,65
168,635,2,90,65
169,652,2,90,65
170,670,1,90,65
171,714,3,90,65
172,720,6,90,65
173,764,2,90,65
174,766,1,90,65
175,776,5,90,65
0,14,2,90,66
1,26,6,90,66
2,60,2,90,66
3,62,2,90,66
4,70,3,90,66
5,71,7,90,66
6,74,5,90,66
7,78,2,90,66
8,81,2,90,66
9,82,2,90,66
10,85,2,90,66
11,86,6,90,66
12,88,6,90,66
13,89,3,90,66
14,91,6,90,66
15,94,3,90,66
16,98,3,90,66
17,99,3,90,66
18,101,3,90,66
19,106,3,90,66
20,120,2,90,66
21,121,2,90,66
22,122,2,90,66
23,126,2,90,66
24,135,2,90,66
25,144,2,90,66
26,145,2,90,66
27,146,2,90,66
28,148,5,90,66
29,152,2,90,66
30,157,2,90,66
31,159,2,90,66
32,162,3,90,66
33,163,5,90,66
34,168,2,90,66
35,171,2,90,66
36,177,2,90,66
37,180,2,90,66
38,185,2,90,66
39,188,7,90,66
40,191,1,90,66
41,217,2,90,66
42,218,5,90,66
43,219,3,90,66
44,222,2,90,66
45,223,2,90,66
46,224,2,90,66
47,230,2,90,66
48,231,4,90,66
49,235,1,90,66
50,236,7,90,66
51,240,7,90,66
52,241,1,90,66
53,247,13,90,66
54,248,1,90,66
55,251,6,90,66
56,252,6,90,66
57,255,5,90,66
58,257,1,90,66
59,262,2,90,66
60,263,1,90,66
61,270,1,90,66
62,272,2,90,66
63,275,1,90,66
64,278,2,90,66
65,282,1,90,66
66,285,2,90,66
67,288,2,90,66
68,291,4,90,66
69,293,2,90,66
70,295,2,90,66
71,299,2,90,66
72,300,2,90,66
73,305,2,90,66
74,306,2,90,66
75,310,6,90,66
76,311,6,90,66
77,316,2,90,66
78,323,8,90,66
79,326,6,90,66
80,327,6,90,66
81,328,4,90,66
82,329,13,90,66
83,335,6,90,66
84,337,6,90,66
85,338,6,90,66
86,339,6,90,66
87,366,10,90,66
88,369,2,90,66
89,372,2,90,66
90,375,2,90,66
91,377,5,90,66
92,382,2,90,66
93,383,2,90,66
94,387,2,90,66
95,388,2,90,66
96,393,6,90,66
97,394,3,90,66
98,395,6,90,66
99,398,5,90,66
100,401,11,90,66
101,403,3,90,66
102,413,6,90,66
103,415,6,90,66
104,417,3,90,66
105,418,6,90,66
106,423,6,90,66
107,432,3,90,66
108,433,3,90,66
109,434,3,90,66
110,436,6,90,66
111,437,6,90,66
112,443,6,90,66
113,447,4,90,66
114,455,0,90,66
115,461,3,90,66
116,467,0,90,66
117,470,6,90,66
118,472,0,90,66
119,476,3,90,66
120,480,2,90,66
121,481,2,90,66
122,492,5,90,66
123,495,1,90,66
124,498,1,90,66
125,499,2,90,66
126,505,1,90,66
127,506,1,90,66
128,508,1,90,66
129,513,2,90,66
130,514,3,90,66
131,518,2,90,66
132,524,2,90,66
133,525,2,90,66
134,527,2,90,66
135,530,2,90,66
136,531,9,90,66
137,533,6,90,66
138,541,5,90,66
139,548,3,90,66
140,554,6,90,66
141,559,6,90,66
142,560,12,90,66
143,564,6,90,66
144,566,6,90,66
145,567,9,90,66
146,573,6,90,66
147,579,10,90,66
148,580,4,90,66
149,582,1,90,66
150,583,1,90,66
151,589,5,90,66
152,590,6,90,66
153,591,2,90,66
154,594,2,90,66
155,595,5,90,66
156,600,2,90,66
157,608,2,90,66
158,612,2,90,66
159,617,2,90,66
160,622,2,90,66
161,623,2,90,66
162,629,7,90,66
163,630,1,90,66
164,634,3,90,66
165,635,2,90,66
166,642,3,90,66
167,652,2,90,66
168,653,7,90,66
169,654,2,90,66
170,696,5,90,66
171,720,7,90,66
172,764,4,90,66
173,766,2,90,66
174,770,3,90,66
175,792,2,90,66
0,14,6,90,67
1,27,9,90,67
2,60,3,90,67
3,64,3,90,67
4,70,6,90,67
5,71,3,90,67
6,77,4,90,67
7,78,6,90,67
8,81,6,90,67
9,82,5,90,67
10,83,3,90,67
11,85,6,90,67
12,86,2,90,67
13,88,2,90,67
14,89,2,90,67
15,91,2,90,67
16,94,2,90,67
17,95,2,90,67
18,99,5,90,67
19,104,2,90,67
20,110,6,90,67
21,111,2,90,67
22,113,2,90,67
23,115,2,90,67
24,120,4,90,67
25,121,3,90,67
26,122,2,90,67
27,135,2,90,67
28,136,2,90,67
29,144,2,90,67
30,146,2,90,67
31,148,5,90,67
32,152,6,90,67
33,157,2,90,67
34,159,1,90,67
35,162,4,90,67
36,163,1,90,67
37,168,2,90,67
38,171,4,90,67
39,172,2,90,67
40,182,7,90,67
41,185,3,90,67
42,188,3,90,67
43,191,1,90,67
44,217,2,90,67
45,218,5,90,67
46,219,2,90,67
47,221,2,90,67
48,222,2,90,67
49,223,7,90,67
50,230,5,90,67
51,231,2,90,67
52,232,6,90,67
53,235,2,90,67
54,236,2,90,67
55,241,2,90,67
56,244,1,90,67
57,247,2,90,67
58,248,1,90,67
59,249,4,90,67
60,252,2,90,67
61,255,1,90,67
62,259,2,90,67
63,263,6,90,67
64,268,3,90,67
65,272,2,90,67
66,274,3,90,67
67,278,3,90,67
68,282,6,90,67
69,285,2,90,67
70,288,2,90,67
71,291,2,90,67
72,293,2,90,67
73,295,2,90,67
74,296,2,90,67
75,300,2,90,67
76,302,2,90,67
77,310,3,90,67
78,311,2,90,67
79,313,2,90,67
80,323,2,90,67
81,326,2,90,67
82,327,7,90,67
83,328,4,90,67
84,329,2,90,67
85,335,5,90,67
86,336,2,90,67
87,338,2,90,67
88,339,2,90,67
89,366,3,90,67
90,368,3,90,67
91,369,8,90,67
92,372,3,90,67
93,375,2,90,67
94,378,3,90,67
95,383,6,90,67
96,387,6,90,67
97,388,6,90,67
98,394,3,90,67
99,395,9,90,67
100,401,2,90,67
101,402,3,90,67
102,403,3,90,67
103,409,8,90,67
104,413,6,90,67
105,415,6,90,67
106,417,3,90,67
107,418,6,90,67
108,420,3,90,67
109,422,5,90,67
110,423,2,90,67
111,433,2,90,67
112,434,5,90,67
113,436,2,90,67
114,437,3,90,67
115,443,2,90,67
116,447,4,90,67
117,449,2,90,67
118,455,6,90,67
119,461,12,90,67
120,470,2,90,67
121,472,6,90,67
122,474,6,90,67
123,476,6,90,67
124,481,2,90,67
125,491,2,90,67
126,492,2,90,67
127,495,2,90,67
128,498,2,90,67
129,501,2,90,67
130,503,2,90,67
131,505,2,90,67
132,506,2,90,67
133,508,2,90,67
134,513,6,90,67
135,514,3,90,67
136,516,6,90,67
137,518,3,90,67
138,520,6,90,67
139,524,6,90,67
140,525,3,90,67
141,527,8,90,67
142,528,6,90,67
143,531,6,90,67
144,533,6,90,67
145,541,5,90,67
146,543,6,90,67
147,553,3,90,67
148,554,6,90,67
149,559,6,90,67
150,560,2,90,67
151,566,7,90,67
152,567,6,90,67
153,572,6,90,67
154,573,2,90,67
155,579,4,90,67
156,580,6,90,67
157,591,7,90,67
158,594,6,90,67
159,612,10,90,67
160,619,3,90,67
161,622,2,90,67
162,623,3,90,67
163,629,2,90,67
164,630,6,90,67
165,631,3,90,67
166,635,2,90,67
167,642,3,90,67
168,652,3,90,67
169,653,8,90,67
170,696,2,90,67
171,714,2,90,67
172,720,6,90,67
173,726,2,90,67
174,764,6,90,67
175,770,8,90,67
0,14,1,90,68
1,60,2,90,68
2,64,5,90,68
3,70,2,90,68
4,71,7,90,68
5,74,2,90,68
6,77,2,90,68
7,78,2,90,68
8,81,5,90,68
9,88,6,90,68
10,89,3,90,68
11,91,6,90,68
12,98,3,90,68
13,99,15,90,68
14,101,4,90,68
15,104,6,90,68
16,106,3,90,68
17,110,2,90,68
18,113,2,90,68
19,115,2,90,68
20,121,2,90,68
21,122,1,90,68
22,135,2,90,68
23,136,2,90,68
24,144,1,90,68
25,146,1,90,68
26,148,6,90,68
27,152,2,90,68
28,157,2,90,68
29,162,2,90,68
30,163,2,90,68
31,168,2,90,68
32,171,2,90,68
33,172,4,90,68
34,177,2,90,68
35,180,2,90,68
36,182,2,90,68
37,185,5,90,68
38,188,2,90,68
39,191,2,90,68
40,217,3,90,68
41,219,6,90,68
42,221,6,90,68
43,223,3,90,68
44,230,3,90,68
45,231,6,90,68
46,232,5,90,68
47,235,6,90,68
48,236,6,90,68
49,239,5,90,68
50,241,2,90,68
51,244,2,90,68
52,247,2,90,68
53,248,2,90,68
54,249,2,90,68
55,252,11,90,68
56,255,5,90,68
57,259,2,90,68
58,263,2,90,68
59,268,4,90,68
60,275,2,90,68
61,278,2,90,68
62,282,2,90,68
63,285,2,90,68
64,291,7,90,68
65,293,1,90,68
66,295,1,90,68
67,296,1,90,68
68,298,2,90,68
69,300,2,90,68
70,305,1,90,68
71,306,6,90,68
72,310,6,90,68
73,313,9,90,68
74,321,2,90,68
75,323,3,90,68
76,326,6,90,68
77,328,4,90,68
78,329,6,90,68
79,335,8,90,68
80,336,8,90,68
81,337,6,90,68
82,338,9,90,68
83,339,6,90,68
84,366,3,90,68
85,369,2,90,68
86,372,7,90,68
87,375,5,90,68
88,377,2,90,68
89,378,2,90,68
90,383,2,90,68
91,388,2,90,68
92,394,6,90,68
93,395,7,90,68
94,398,8,90,68
95,401,2,90,68
96,402,3,90,68
97,403,3,90,68
98,409,6,90,68
99,413,6,90,68
100,415,6,90,68
101,417,3,90,68
102,418,6,90,68
103,422,1,90,68
104,423,2,90,68
105,431,2,90,68
106,434,2,90,68
107,436,1,90,68
108,437,1,90,68
109,443,1,90,68
110,447,5,90,68
111,449,2,90,68
112,450,8,90,68
113,455,1,90,68
114,461,1,90,68
115,462,2,90,68
116,467,3,90,68
117,470,5,90,68
118,471,2,90,68
119,477,1,90,68
120,480,2,90,68
121,481,2,90,68
122,491,2,90,68
123,492,2,90,68
124,495,2,90,68
125,498,2,90,68
126,499,2,90,68
127,503,2,90,68
128,505,2,90,68
129,506,2,90,68
130,508,2,90,68
131,513,3,90,68
132,514,15,90,68
133,520,2,90,68
134,524,2,90,68
135,525,4,90,68
136,527,2,90,68
137,530,2,90,68
138,531,2,90,68
139,533,4,90,68
140,541,7,90,68
141,543,1,90,68
142,553,7,90,68
143,554,3,90,68
144,559,4,90,68
145,560,2,90,68
146,564,1,90,68
147,567,1,90,68
148,572,2,90,68
149,573,1,90,68
150,580,4,90,68
151,582,7,90,68
152,583,2,90,68
153,589,2,90,68
154,591,2,90,68
155,594,2,90,68
156,600,2,90,68
157,608,7,90,68
158,617,2,90,68
159,619,2,90,68
160,622,2,90,68
161,623,2,90,68
162,629,2,90,68
163,630,2,90,68
164,631,2,90,68
165,635,2,90,68
166,642,5,90,68
167,652,2,90,68
168,653,1,90,68
169,714,2,90,68
170,720,1,90,68
171,726,1,90,68
172,757,6,90,68
173,764,2,90,68
174,766,2,90,68
175,770,2,90,68
0,14,1,90,69
1,27,2,90,69
2,64,5,90,69
3,70,3,90,69
4,77,2,90,69
5,78,7,90,69
6,79,2,90,69
7,81,2,90,69
8,82,2,90,69
9,83,5,90,69
10,85,8,90,69
11,86,6,90,69
12,88,6,90,69
13,89,3,90,69
14,91,6,90,69
15,94,3,90,69
16,98,4,90,69
17,99,3,90,69
18,101,3,90,69
19,106,3,90,69
20,110,2,90,69
21,113,3,90,69
22,115,3,90,69
23,117,2,90,69
24,120,6,90,69
25,126,4,90,69
26,135,9,90,69
27,136,3,90,69
28,144,6,90,69
29,145,12,90,69
30,146,6,90,69
31,148,4,90,69
32,152,2,90,69
33,157,2,90,69
34,162,2,90,69
35,163,2,90,69
36,168,2,90,69
37,171,2,90,69
38,172,2,90,69
39,177,2,90,69
40,180,2,90,69
41,182,5,90,69
42,185,3,90,69
43,187,2,90,69
44,191,1,90,69
45,217,8,90,69
46,218,2,90,69
47,219,6,90,69
48,222,3,90,69
49,224,3,90,69
50,230,6,90,69
51,231,6,90,69
52,232,2,90,69
53,235,6,90,69
54,236,8,90,69
55,239,2,90,69
56,240,10,90,69
57,241,4,90,69
58,244,1,90,69
59,248,1,90,69
60,249,2,90,69
61,252,7,90,69
62,255,1,90,69
63,257,3,90,69
64,262,2,90,69
65,263,1,90,69
66,270,1,90,69
67,275,1,90,69
68,278,2,90,69
69,282,1,90,69
70,285,2,90,69
71,288,1,90,69
72,291,1,90,69
73,293,1,90,69
74,296,1,90,69
75,298,2,90,69
76,300,2,90,69
77,302,1,90,69
78,305,1,90,69
79,306,6,90,69
80,310,6,90,69
81,311,6,90,69
82,323,3,90,69
83,326,6,90,69
84,327,4,90,69
85,328,5,90,69
86,329,6,90,69
87,335,6,90,69
88,336,3,90,69
89,337,6,90,69
90,338,6,90,69
91,339,6,90,69
92,366,5,90,69
93,369,1,90,69
94,372,2,90,69
95,375,8,90,69
96,377,1,90,69
97,383,4,90,69
98,387,1,90,69
99,392,3,90,69
100,394,3,90,69
101,395,13,90,69
102,401,2,90,69
103,402,11,90,69
104,403,3,90,69
105,409,6,90,69
106,413,6,90,69
107,415,6,90,69
108,417,3,90,69
109,420,3,90,69
110,422,6,90,69
111,423,3,90,69
112,433,3,90,69
113,434,3,90,69
114,436,6,90,69
115,437,8,90,69
116,442,3,90,69
117,443,6,90,69
118,447,5,90,69
119,449,3,90,69
120,455,1,90,69
121,461,1,90,69
122,462,2,90,69
123,470,10,90,69
124,471,2,90,69
125,472,1,90,69
126,476,1,90,69
127,480,3,90,69
128,492,3,90,69
129,495,6,90,69
130,498,6,90,69
131,503,3,90,69
132,504,6,90,69
133,505,6,90,69
134,506,6,90,69
135,508,6,90,69
136,513,2,90,69
137,514,2,90,69
138,516,2,90,69
139,524,2,90,69
140,525,2,90,69
141,527,2,90,69
142,530,2,90,69
143,531,2,90,69
144,533,5,90,69
145,541,9,90,69
146,543,2,90,69
147,553,2,90,69
148,554,2,90,69
149,559,4,90,69
150,566,7,90,69
151,567,2,90,69
152,572,1,90,69
153,573,6,90,69
154,580,2,90,69
155,582,6,90,69
156,583,4,90,69
157,591,2,90,69
158,594,1,90,69
159,608,2,90,69
160,612,3,90,69
161,617,6,90,69
162,622,7,90,69
163,623,2,90,69
164,630,3,90,69
165,631,2,90,69
166,642,2,90,69
167,652,2,90,69
168,654,2,90,69
169,677,2,90,69
170,714,3,90,69
171,715,1,90,69
172,720,2,90,69
173,764,1,90,69
174,766,1,90,69
175,770,5,90,69
0,14,2,90,70
1,64,2,90,70
2,70,8,90,70
3,71,3,90,70
4,77,2,90,70
5,78,4,90,70
6,82,2,90,70
7,83,2,90,70
8,85,5,90,70
9,86,1,90,70
10,88,1,90,70
11,91,1,90,70
12,93,1,90,70
13,94,2,90,70
14,98,2,90,70
15,99,5,90,70
16,101,2,90,70
17,106,2,90,70
18,110,2,90,70
19,115,5,90,70
20,117,2,90,70
21,120,12,90,70
22,121,2,90,70
23,131,6,90,70
24,132,3,90,70
25,135,3,90,70
26,136,4,90,70
27,146,6,90,70
28,148,5,90,70
29,152,2,90,70
30,157,2,90,70
31,159,1,90,70
32,162,1,90,70
33,163,4,90,70
34,168,3,90,70
35,177,7,90,70
36,180,9,90,70
37,181,7,90,70
38,182,13,90,70
39,185,1,90,70
40,191,1,90,70
41,217,5,90,70
42,218,8,90,70
43,219,0,90,70
44,222,2,90,70
45,223,2,90,70
46,224,7,90,70
47,230,2,90,70
48,231,0,90,70
49,232,5,90,70
50,235,0,90,70
51,239,2,90,70
52,240,8,90,70
53,241,3,90,70
54,244,1,90,70
55,245,1,90,70
56,247,5,90,70
57,248,1,90,70
58,249,2,90,70
59,255,1,90,70
60,265,2,90,70
61,268,6,90,70
62,270,1,90,70
63,272,6,90,70
64,274,2,90,70
65,275,4,90,70
66,278,2,90,70
67,282,1,90,70
68,285,2,90,70
69,288,1,90,70
70,289,2,90,70
71,291,1,90,70
72,293,1,90,70
73,295,1,90,70
74,296,1,90,70
75,301,7,90,70
76,302,1,90,70
77,310,6,90,70
78,313,7,90,70
79,321,2,90,70
80,323,3,90,70
81,326,6,90,70
82,327,6,90,70
83,328,16,90,70
84,329,5,90,70
85,335,6,90,70
86,336,6,90,70
87,338,1,90,70
88,339,6,90,70
89,366,2,90,70
90,369,2,90,70
91,372,2,90,70
92,375,6,90,70
93,378,2,90,70
94,383,2,90,70
95,386,7,90,70
96,388,2,90,70
97,394,7,90,70
98,395,3,90,70
99,401,2,90,70
100,402,5,90,70
101,403,2,90,70
102,409,1,90,70
103,413,2,90,70
104,415,1,90,70
105,417,7,90,70
106,418,1,90,70
107,421,2,90,70
108,422,6,90,70
109,423,6,90,70
110,425,6,90,70
111,432,8,90,70
112,433,4,90,70
113,434,8,90,70
114,436,6,90,70
115,437,6,90,70
116,443,8,90,70
117,447,2,90,70
118,455,2,90,70
119,461,2,90,70
120,462,2,90,70
121,467,8,90,70
122,470,2,90,70
123,472,8,90,70
124,473,2,90,70
125,476,2,90,70
126,480,2,90,70
127,481,2,90,70
128,492,2,90,70
129,494,2,90,70
130,495,1,90,70
131,498,1,90,70
132,504,1,90,70
133,506,1,90,70
134,508,1,90,70
135,513,2,90,70
136,514,2,90,70
137,516,2,90,70
138,518,2,90,70
139,524,2,90,70
140,525,2,90,70
141,530,2,90,70
142,531,2,90,70
143,533,2,90,70
144,535,10,90,70
145,543,2,90,70
146,553,2,90,70
147,554,2,90,70
148,559,10,90,70
149,565,2,90,70
150,566,3,90,70
151,567,5,90,70
152,572,2,90,70
153,573,6,90,70
154,580,2,90,70
155,582,0,90,70
156,589,5,90,70
157,591,2,90,70
158,592,2,90,70
159,593,2,90,70
160,594,5,90,70
161,595,3,90,70
162,608,5,90,70
163,612,2,90,70
164,617,5,90,70
165,622,5,90,70
166,630,4,90,70
167,635,5,90,70
168,654,2,90,70
169,670,2,90,70
170,714,3,90,70
171,720,2,90,70
172,763,6,90,70
173,764,1,90,70
174,766,2,90,70
175,770,5,90,70
0,14,8,90,71
1,27,3,90,71
2,64,3,90,71
3,70,9,90,71
4,71,5,90,71
5,74,13,90,71
6,77,3,90,71
7,78,11,90,71
8,82,3,90,71
9,83,8,90,71
10,85,9,90,71
11,88,2,90,71
12,89,5,90,71
13,91,2,90,71
14,94,4,90,71
15,95,2,90,71
16,98,2,90,71
17,99,3,90,71
18,104,2,90,71
19,106,7,90,71
20,110,9,90,71
21,113,3,90,71
22,115,3,90,71
23,117,5,90,71
24,120,6,90,71
25,121,7,90,71
26,122,6,90,71
27,126,6,90,71
28,136,6,90,71
29,144,9,90,71
30,146,6,90,71
31,148,6,90,71
32,149,3,90,71
33,152,6,90,71
34,157,2,90,71
35,159,2,90,71
36,162,2,90,71
37,163,2,90,71
38,168,2,90,71
39,172,2,90,71
40,177,3,90,71
41,180,2,90,71
42,182,2,90,71
43,185,4,90,71
44,188,3,90,71
45,191,2,90,71
46,217,3,90,71
47,218,2,90,71
48,219,6,90,71
49,224,3,90,71
50,230,8,90,71
51,231,6,90,71
52,232,5,90,71
53,235,6,90,71
54,236,6,90,71
55,241,2,90,71
56,244,2,90,71
57,245,2,90,71
58,247,2,90,71
59,248,2,90,71
60,249,2,90,71
61,252,5,90,71
62,255,2,90,71
63,262,2,90,71
64,270,0,90,71
65,278,2,90,71
66,281,2,90,71
67,282,0,90,71
68,285,2,90,71
69,288,1,90,71
70,289,6,90,71
71,291,3,90,71
72,293,0,90,71
73,296,0,90,71
74,300,2,90,71
75,305,0,90,71
76,306,6,90,71
77,310,2,90,71
78,313,2,90,71
79,323,2,90,71
80,324,7,90,71
81,326,2,90,71
82,328,5,90,71
83,329,2,90,71
84,333,2,90,71
85,335,2,90,71
86,336,2,90,71
87,338,2,90,71
88,339,2,90,71
89,366,2,90,71
90,368,2,90,71
91,369,0,90,71
92,377,0,90,71
93,382,2,90,71
94,383,0,90,71
95,387,1,90,71
96,388,1,90,71
97,392,5,90,71
98,394,2,90,71
99,395,2,90,71
100,398,4,90,71
101,401,18,90,71
102,402,13,90,71
103,403,2,90,71
104,409,2,90,71
105,413,5,90,71
106,415,8,90,71
107,417,2,90,71
108,422,7,90,71
109,423,2,90,71
110,432,2,90,71
111,433,2,90,71
112,434,2,90,71
113,436,1,90,71
114,437,4,90,71
115,443,1,90,71
116,447,5,90,71
117,449,2,90,71
118,450,3,90,71
119,455,6,90,71
120,461,6,90,71
121,470,6,90,71
122,472,6,90,71
123,476,6,90,71
124,480,4,90,71
125,492,5,90,71
126,494,2,90,71
127,495,2,90,71
128,498,2,90,71
129,503,2,90,71
130,506,2,90,71
131,508,5,90,71
132,513,1,90,71
133,514,2,90,71
134,516,1,90,71
135,518,3,90,71
136,520,1,90,71
137,524,1,90,71
138,525,2,90,71
139,527,4,90,71
140,533,4,90,71
141,541,23,90,71
142,543,7,90,71
143,554,1,90,71
144,559,1,90,71
145,560,2,90,71
146,564,1,90,71
147,566,2,90,71
148,567,1,90,71
149,572,0,90,71
150,573,1,90,71
151,582,6,90,71
152,583,3,90,71
153,589,3,90,71
154,591,1,90,71
155,592,6,90,71
156,594,0,90,71
157,595,8,90,71
158,608,3,90,71
159,612,2,90,71
160,617,5,90,71
161,619,2,90,71
162,622,2,90,71
163,623,3,90,71
164,630,0,90,71
165,631,2,90,71
166,642,2,90,71
167,652,2,90,71
168,677,1,90,71
169,720,1,90,71
170,726,6,90,71
171,764,0,90,71
172,766,0,90,71
173,768,7,90,71
174,770,5,90,71
175,772,2,90,71
0,14,1,90,72
1,19,12,90,72
2,64,2,90,72
3,70,2,90,72
4,71,7,90,72
5,74,2,90,72
6,78,2,90,72
7,81,2,90,72
8,83,2,90,72
9,85,2,90,72
10,86,6,90,72
11,88,6,90,72
12,91,6,90,72
13,94,3,90,72
14,98,3,90,72
15,99,5,90,72
16,100,6,90,72
17,104,6,90,72
18,110,3,90,72
19,111,3,90,72
20,113,12,90,72
21,115,4,90,72
22,117,7,90,72
23,120,1,90,72
24,122,1,90,72
25,126,2,90,72
26,135,5,90,72
27,136,5,90,72
28,144,1,90,72
29,146,1,90,72
30,148,2,90,72
31,152,2,90,72
32,157,2,90,72
33,159,3,90,72
34,162,2,90,72
35,163,5,90,72
36,171,2,90,72
37,177,2,90,72
38,180,9,90,72
39,181,7,90,72
40,182,2,90,72
41,185,2,90,72
42,188,2,90,72
43,191,2,90,72
44,217,2,90,72
45,218,2,90,72
46,219,3,90,72
47,222,2,90,72
48,223,2,90,72
49,230,5,90,72
50,231,1,90,72
51,235,1,90,72
52,236,1,90,72
53,237,6,90,72
54,241,2,90,72
55,244,5,90,72
56,245,2,90,72
57,248,2,90,72
58,249,5,90,72
59,251,4,90,72
60,254,2,90,72
61,255,2,90,72
62,263,1,90,72
63,268,5,90,72
64,272,2,90,72
65,275,1,90,72
66,278,7,90,72
67,281,2,90,72
68,282,1,90,72
69,288,0,90,72
70,289,4,90,72
71,291,0,90,72
72,293,0,90,72
73,295,3,90,72
74,298,10,90,72
75,300,2,90,72
76,302,1,90,72
77,305,0,90,72
78,306,6,90,72
79,310,6,90,72
80,311,9,90,72
81,313,9,90,72
82,316,6,90,72
83,317,13,90,72
84,326,6,90,72
85,327,4,90,72
86,328,11,90,72
87,329,3,90,72
88,336,8,90,72
89,338,6,90,72
90,339,6,90,72
91,366,5,90,72
92,368,2,90,72
93,369,2,90,72
94,372,7,90,72
95,375,2,90,72
96,377,2,90,72
97,383,4,90,72
98,388,10,90,72
99,394,2,90,72
100,395,2,90,72
101,401,8,90,72
102,402,2,90,72
103,403,13,90,72
104,409,2,90,72
105,413,2,90,72
106,415,2,90,72
107,418,5,90,72
108,420,5,90,72
109,421,2,90,72
110,422,6,90,72
111,423,3,90,72
112,433,3,90,72
113,434,3,90,72
114,436,9,90,72
115,437,6,90,72
116,443,6,90,72
117,447,2,90,72
118,449,3,90,72
119,455,1,90,72
120,461,1,90,72
121,462,7,90,72
122,467,4,90,72
123,470,2,90,72
124,476,1,90,72
125,492,2,90,72
126,494,2,90,72
127,495,0,90,72
128,497,2,90,72
129,498,0,90,72
130,499,2,90,72
131,503,4,90,72
132,504,0,90,72
133,506,0,90,72
134,508,3,90,72
135,513,1,90,72
136,514,3,90,72
137,516,4,90,72
138,518,2,90,72
139,524,1,90,72
140,525,2,90,72
141,527,7,90,72
142,528,7,90,72
143,530,5,90,72
144,531,2,90,72
145,533,1,90,72
146,541,6,90,72
147,543,1,90,72
148,553,7,90,72
149,554,1,90,72
150,559,7,90,72
151,560,5,90,72
152,566,2,90,72
153,567,1,90,72
154,572,2,90,72
155,573,6,90,72
156,580,2,90,72
157,582,1,90,72
158,583,1,90,72
159,591,1,90,72
160,594,2,90,72
161,595,2,90,72
162,608,2,90,72
163,617,3,90,72
164,619,2,90,72
165,622,3,90,72
166,623,2,90,72
167,630,1,90,72
168,642,2,90,72
169,652,2,90,72
170,653,6,90,72
171,720,1,90,72
172,764,4,90,72
173,766,5,90,72
174,768,2,90,72
175,770,10,90,72
0,14,9,90,73
1,64,2,90,73
2,70,8,90,73
3,71,2,90,73
4,77,2,90,73
5,78,8,90,73
6,79,2,90,73
7,81,2,90,73
8,85,2,90,73
9,88,2,90,73
10,89,7,90,73
11,91,2,90,73
12,94,2,90,73
13,98,5,90,73
14,99,4,90,73
15,101,5,90,73
16,106,2,90,73
17,110,2,90,73
18,111,2,90,73
19,115,8,90,73
20,120,6,90,73
21,121,7,90,73
22,122,10,90,73
23,126,3,90,73
24,136,8,90,73
25,144,6,90,73
26,146,9,90,73
27,148,4,90,73
28,149,3,90,73
29,152,4,90,73
30,157,3,90,73
31,162,12,90,73
32,163,12,90,73
33,168,8,90,73
34,171,6,90,73
35,172,6,90,73
36,182,9,90,73
37,185,6,90,73
38,187,6,90,73
39,188,3,90,73
40,191,1,90,73
41,192,2,90,73
42,217,3,90,73
43,218,2,90,73
44,219,1,90,73
45,221,1,90,73
46,222,2,90,73
47,223,2,90,73
48,230,2,90,73
49,231,1,90,73
50,232,2,90,73
51,235,1,90,73
52,241,1,90,73
53,244,1,90,73
54,247,2,90,73
55,248,1,90,73
56,249,4,90,73
57,252,2,90,73
58,255,2,90,73
59,257,1,90,73
60,265,7,90,73
61,268,5,90,73
62,272,2,90,73
63,275,1,90,73
64,278,2,90,73
65,282,1,90,73
66,285,2,90,73
67,288,1,90,73
68,291,1,90,73
69,293,1,90,73
70,296,1,90,73
71,300,2,90,73
72,302,4,90,73
73,305,1,90,73
74,306,2,90,73
75,310,2,90,73
76,311,7,90,73
77,317,2,90,73
78,323,2,90,73
79,326,8,90,73
80,327,3,90,73
81,328,7,90,73
82,329,2,90,73
83,336,7,90,73
84,337,2,90,73
85,338,2,90,73
86,339,2,90,73
87,366,2,90,73
88,368,5,90,73
89,369,2,90,73
90,372,2,90,73
91,375,7,90,73
92,377,2,90,73
93,382,2,90,73
94,383,2,90,73
95,386,8,90,73
96,388,1,90,73
97,393,1,90,73
98,394,3,90,73
99,395,4,90,73
100,398,2,90,73
101,401,12,90,73
102,402,9,90,73
103,403,7,90,73
104,409,4,90,73
105,413,1,90,73
106,415,1,90,73
107,418,1,90,73
108,422,2,90,73
109,423,2,90,73
110,431,2,90,73
111,433,7,90,73
112,434,5,90,73
113,436,2,90,73
114,437,3,90,73
115,443,2,90,73
116,447,2,90,73
117,449,2,90,73
118,452,3,90,73
119,455,6,90,73
120,461,6,90,73
121,462,3,90,73
122,467,9,90,73
123,470,10,90,73
124,472,6,90,73
125,481,2,90,73
126,482,2,90,73
127,492,5,90,73
128,494,2,90,73
129,495,1,90,73
130,504,4,90,73
131,505,1,90,73
132,506,1,90,73
133,508,1,90,73
134,513,1,90,73
135,514,2,90,73
136,520,1,90,73
137,524,1,90,73
138,525,2,90,73
139,527,2,90,73
140,528,1,90,73
141,530,2,90,73
142,531,2,90,73
143,533,6,90,73
144,543,6,90,73
145,550,8,90,73
146,553,3,90,73
147,554,6,90,73
148,559,8,90,73
149,560,5,90,73
150,566,10,90,73
151,567,6,90,73
152,572,2,90,73
153,573,2,90,73
154,579,1,90,73
155,580,2,90,73
156,582,1,90,73
157,583,1,90,73
158,591,1,90,73
159,608,3,90,73
160,617,2,90,73
161,619,2,90,73
162,622,2,90,73
163,623,3,90,73
164,629,3,90,73
165,630,4,90,73
166,642,3,90,73
167,652,2,90,73
168,714,8,90,73
169,720,7,90,73
170,726,1,90,73
171,764,1,90,73
172,766,2,90,73
173,767,7,90,73
174,768,2,90,73
175,770,6,90,73
0,14,1,90,74
1,26,6,90,74
2,64,3,90,74
3,70,11,90,74
4,71,9,90,74
5,78,11,90,74
6,81,6,90,74
7,82,2,90,74
8,83,3,90,74
9,85,9,90,74
10,88,6,90,74
11,89,3,90,74
12,91,6,90,74
13,92,6,90,74
14,94,3,90,74
15,98,3,90,74
16,99,4,90,74
17,101,3,90,74
18,104,6,90,74
19,106,3,90,74
20,110,4,90,74
21,113,7,90,74
22,120,5,90,74
23,122,2,90,74
24,126,2,90,74
25,131,5,90,74
26,136,5,90,74
27,144,2,90,74
28,146,2,90,74
29,148,2,90,74
30,152,6,90,74
31,157,2,90,74
32,159,2,90,74
33,162,2,90,74
34,163,2,90,74
35,166,2,90,74
36,174,5,90,74
37,180,5,90,74
38,182,12,90,74
39,185,2,90,74
40,188,2,90,74
41,191,2,90,74
42,217,7,90,74
43,218,2,90,74
44,219,1,90,74
45,223,8,90,74
46,230,2,90,74
47,231,1,90,74
48,232,2,90,74
49,235,1,90,74
50,236,1,90,74
51,241,2,90,74
52,244,8,90,74
53,247,3,90,74
54,248,2,90,74
55,249,2,90,74
56,251,6,90,74
57,255,2,90,74
58,259,4,90,74
59,262,3,90,74
60,265,3,90,74
61,272,2,90,74
62,274,3,90,74
63,275,6,90,74
64,282,6,90,74
65,285,2,90,74
66,288,1,90,74
67,289,2,90,74
68,291,1,90,74
69,293,1,90,74
70,295,1,90,74
71,296,4,90,74
72,298,7,90,74
73,300,3,90,74
74,302,1,90,74
75,306,2,90,74
76,310,6,90,74
77,313,9,90,74
78,316,6,90,74
79,321,2,90,74
80,323,3,90,74
81,326,6,90,74
82,327,3,90,74
83,328,13,90,74
84,329,4,90,74
85,335,6,90,74
86,339,9,90,74
87,366,2,90,74
88,368,2,90,74
89,369,1,90,74
90,372,2,90,74
91,375,2,90,74
92,376,1,90,74
93,382,2,90,74
94,383,1,90,74
95,386,2,90,74
96,388,1,90,74
97,392,3,90,74
98,394,3,90,74
99,395,6,90,74
100,398,3,90,74
101,401,4,90,74
102,402,6,90,74
103,405,6,90,74
104,409,6,90,74
105,413,7,90,74
106,417,3,90,74
107,418,6,90,74
108,423,6,90,74
109,425,6,90,74
110,433,3,90,74
111,434,3,90,74
112,436,6,90,74
113,437,6,90,74
114,443,6,90,74
115,447,2,90,74
116,449,3,90,74
117,450,3,90,74
118,452,7,90,74
119,455,1,90,74
120,461,1,90,74
121,467,4,90,74
122,472,1,90,74
123,476,4,90,74
124,480,2,90,74
125,482,2,90,74
126,491,2,90,74
127,492,2,90,74
128,497,2,90,74
129,498,1,90,74
130,503,2,90,74
131,505,1,90,74
132,506,1,90,74
133,508,1,90,74
134,513,2,90,74
135,514,2,90,74
136,517,1,90,74
137,518,2,90,74
138,520,1,90,74
139,524,1,90,74
140,525,4,90,74
141,527,2,90,74
142,530,2,90,74
143,531,7,90,74
144,533,2,90,74
145,541,6,90,74
146,543,2,90,74
147,553,2,90,74
148,554,2,90,74
149,559,2,90,74
150,560,12,90,74
151,564,5,90,74
152,566,8,90,74
153,567,2,90,74
154,573,6,90,74
155,579,5,90,74
156,580,6,90,74
157,582,1,90,74
158,583,6,90,74
159,592,6,90,74
160,593,1,90,74
161,594,1,90,74
162,600,2,90,74
163,617,2,90,74
164,619,3,90,74
165,622,2,90,74
166,623,2,90,74
167,630,6,90,74
168,631,3,90,74
169,642,2,90,74
170,677,4,90,74
171,714,7,90,74
172,718,1,90,74
173,720,5,90,74
174,764,6,90,74
175,766,1,90,74
0,14,3,90,75
1,27,5,90,75
2,60,2,90,75
3,62,2,90,75
4,64,2,90,75
5,71,5,90,75
6,74,2,90,75
7,78,8,90,75
8,81,1,90,75
9,82,2,90,75
10,85,1,90,75
11,88,6,90,75
12,89,3,90,75
13,91,6,90,75
14,95,3,90,75
15,98,3,90,75
16,99,3,90,75
17,101,3,90,75
18,110,2,90,75
19,111,3,90,75
20,115,5,90,75
21,120,2,90,75
22,121,2,90,75
23,122,15,90,75
24,135,10,90,75
25,136,2,90,75
26,144,11,90,75
27,145,2,90,75
28,146,4,90,75
29,152,1,90,75
30,159,2,90,75
31,162,2,90,75
32,163,5,90,75
33,168,5,90,75
34,172,2,90,75
35,177,12,90,75
36,180,2,90,75
37,185,2,90,75
38,187,2,90,75
39,191,0,90,75
40,192,7,90,75
41,218,6,90,75
42,219,2,90,75
43,222,2,90,75
44,223,2,90,75
45,224,5,90,75
46,226,2,90,75
47,230,4,90,75
48,231,1,90,75
49,235,1,90,75
50,241,0,90,75
51,244,0,90,75
52,245,0,90,75
53,247,10,90,75
54,248,0,90,75
55,249,2,90,75
56,252,9,90,75
57,255,3,90,75
58,259,2,90,75
59,263,-1,90,75
60,272,2,90,75
61,275,-1,90,75
62,278,2,90,75
63,281,5,90,75
64,282,-1,90,75
65,285,5,90,75
66,288,1,90,75
67,290,2,90,75
68,293,1,90,75
69,295,1,90,75
70,296,4,90,75
71,300,2,90,75
72,306,2,90,75
73,310,6,90,75
74,316,7,90,75
75,323,3,90,75
76,324,3,90,75
77,326,6,90,75
78,328,8,90,75
79,329,3,90,75
80,335,12,90,75
81,336,8,90,75
82,337,9,90,75
83,338,6,90,75
84,339,8,90,75
85,366,5,90,75
86,369,1,90,75
87,372,7,90,75
88,375,6,90,75
89,377,1,90,75
90,383,1,90,75
91,386,2,90,75
92,387,1,90,75
93,394,6,90,75
94,395,9,90,75
95,398,8,90,75
96,401,19,90,75
97,402,5,90,75
98,403,3,90,75
99,409,15,90,75
100,413,6,90,75
101,415,6,90,75
102,417,6,90,75
103,421,9,90,75
104,423,3,90,75
105,431,3,90,75
106,433,5,90,75
107,434,3,90,75
108,436,7,90,75
109,437,6,90,75
110,443,6,90,75
111,447,2,90,75
112,449,3,90,75
113,450,2,90,75
114,455,1,90,75
115,461,1,90,75
116,467,10,90,75
117,473,13,90,75
118,476,4,90,75
119,480,2,90,75
120,481,2,90,75
121,482,2,90,75
122,494,2,90,75
123,495,1,90,75
124,498,1,90,75
125,501,7,90,75
126,504,1,90,75
127,505,1,90,75
128,506,1,90,75
129,508,1,90,75
130,513,0,90,75
131,514,7,90,75
132,518,2,90,75
133,520,0,90,75
134,524,0,90,75
135,525,2,90,75
136,528,0,90,75
137,530,2,90,75
138,531,2,90,75
139,533,1,90,75
140,541,5,90,75
141,543,1,90,75
142,553,2,90,75
143,554,2,90,75
144,559,1,90,75
145,560,10,90,75
146,564,1,90,75
147,566,12,90,75
148,567,1,90,75
149,572,1,90,75
150,573,6,90,75
151,580,7,90,75
152,582,1,90,75
153,583,-1,90,75
154,591,0,90,75
155,594,1,90,75
156,595,2,90,75
157,600,2,90,75
158,608,2,90,75
159,617,9,90,75
160,619,2,90,75
161,622,3,90,75
162,623,2,90,75
163,630,-1,90,75
164,635,5,90,75
165,642,2,90,75
166,653,9,90,75
167,654,5,90,75
168,677,0,90,75
169,714,7,90,75
170,718,13,90,75
171,720,1,90,75
172,757,6,90,75
173,764,-1,90,75
174,766,6,90,75
175,776,6,90,75
0,14,2,90,76
1,19,2,90,76
2,60,6,90,76
3,62,8,90,76
4,64,4,90,76
5,70,6,90,76
6,71,16,90,76
7,77,3,90,76
8,80,8,90,76
9,81,6,90,76
10,82,2,90,76
11,83,17,90,76
12,85,9,90,76
13,86,1,90,76
14,88,7,90,76
15,89,2,90,76
16,91,1,90,76
17,98,2,90,76
18,99,8,90,76
19,101,7,90,76
20,106,2,90,76
21,110,2,90,76
22,113,2,90,76
23,115,2,90,76
24,120,2,90,76
25,121,2,90,76
26,122,5,90,76
27,146,2,90,76
28,148,6,90,76
29,149,2,90,76
30,152,6,90,76
31,157,3,90,76
32,162,9,90,76
33,163,6,90,76
34,168,3,90,76
35,171,11,90,76
36,177,13,90,76
37,180,2,90,76
38,182,3,90,76
39,185,6,90,76
40,188,2,90,76
41,191,1,90,76
42,217,2,90,76
43,219,1,90,76
44,222,2,90,76
45,224,2,90,76
46,228,1,90,76
47,230,2,90,76
48,231,2,90,76
49,234,1,90,76
50,235,1,90,76
51,236,1,90,76
52,240,5,90,76
53,241,1,90,76
54,245,1,90,76
55,248,1,90,76
56,252,8,90,76
57,255,1,90,76
58,257,1,90,76
59,259,2,90,76
60,268,2,90,76
61,270,0,90,76
62,272,2,90,76
63,275,0,90,76
64,278,2,90,76
65,282,0,90,76
66,284,0,90,76
67,285,2,90,76
68,288,1,90,76
69,291,1,90,76
70,293,1,90,76
71,295,1,90,76
72,300,2,90,76
73,302,1,90,76
74,305,1,90,76
75,310,6,90,76
76,311,12,90,76
77,321,6,90,76
78,323,7,90,76
79,326,6,90,76
80,327,6,90,76
81,328,8,90,76
82,329,3,90,76
83,333,6,90,76
84,335,6,90,76
85,338,1,90,76
86,339,6,90,76
87,366,2,90,76
88,368,2,90,76
89,369,2,90,76
90,372,2,90,76
91,375,2,90,76
92,378,2,90,76
93,383,0,90,76
94,386,3,90,76
95,388,2,90,76
96,394,8,90,76
97,395,6,90,76
98,401,10,90,76
99,402,3,90,76
100,403,6,90,76
101,409,7,90,76
102,413,6,90,76
103,415,12,90,76
104,417,3,90,76
105,418,14,90,76
106,423,7,90,76
107,432,7,90,76
108,433,2,90,76
109,434,5,90,76
110,436,1,90,76
111,437,1,90,76
112,443,1,90,76
113,447,4,90,76
114,455,2,90,76
115,461,5,90,76
116,462,7,90,76
117,467,2,90,76
118,472,6,90,76
119,476,14,90,76
120,494,2,90,76
121,495,1,90,76
122,497,2,90,76
123,498,1,90,76
124,501,2,90,76
125,503,2,90,76
126,504,1,90,76
127,505,1,90,76
128,506,1,90,76
129,508,1,90,76
130,513,2,90,76
131,514,7,90,76
132,518,5,90,76
133,520,2,90,76
134,524,3,90,76
135,525,2,90,76
136,527,4,90,76
137,528,2,90,76
138,531,2,90,76
139,533,6,90,76
140,541,6,90,76
141,543,18,90,76
142,553,3,90,76
143,554,6,90,76
144,559,6,90,76
145,560,3,90,76
146,566,2,90,76
147,567,12,90,76
148,572,0,90,76
149,573,2,90,76
150,582,1,90,76
151,590,5,90,76
152,591,5,90,76
153,593,0,90,76
154,594,0,90,76
155,595,2,90,76
156,596,8,90,76
157,600,2,90,76
158,612,2,90,76
159,619,2,90,76
160,622,2,90,76
161,623,5,90,76
162,629,2,90,76
163,630,0,90,76
164,634,2,90,76
165,635,2,90,76
166,642,3,90,76
167,652,2,90,76
168,653,1,90,76
169,654,2,90,76
170,714,2,90,76
171,718,2,90,76
172,720,8,90,76
173,726,1,90,76
174,764,0,90,76
175,770,8,90,76
0,14,1,90,77
1,27,6,90,77
2,64,2,90,77
3,70,2,90,77
4,71,5,90,77
5,74,2,90,77
6,78,2,90,77
7,79,2,90,77
8,82,2,90,77
9,85,2,90,77
10,88,4,90,77
11,91,1,90,77
12,94,2,90,77
13,98,2,90,77
14,99,2,90,77
15,101,2,90,77
16,104,1,90,77
17,106,7,90,77
18,110,2,90,77
19,111,5,90,77
20,115,8,90,77
21,120,6,90,77
22,122,9,90,77
23,126,3,90,77
24,131,6,90,77
25,135,3,90,77
26,136,3,90,77
27,144,6,90,77
28,146,6,90,77
29,148,2,90,77
30,149,3,90,77
31,152,2,90,77
32,157,5,90,77
33,159,1,90,77
34,162,1,90,77
35,163,1,90,77
36,168,2,90,77
37,177,10,90,77
38,180,6,90,77
39,182,4,90,77
40,185,1,90,77
41,187,1,90,77
42,188,2,90,77
43,217,2,90,77
44,218,12,90,77
45,219,1,90,77
46,222,5,90,77
47,223,2,90,77
48,230,2,90,77
49,231,4,90,77
50,232,11,90,77
51,235,1,90,77
52,236,1,90,77
53,241,2,90,77
54,244,2,90,77
55,245,2,90,77
56,247,5,90,77
57,248,2,90,77
58,249,4,90,77
59,252,6,90,77
60,255,2,90,77
61,259,2,90,77
62,263,-1,90,77
63,268,6,90,77
64,270,-1,90,77
65,275,-1,90,77
66,278,2,90,77
67,281,5,90,77
68,282,-1,90,77
69,285,2,90,77
70,288,1,90,77
71,291,1,90,77
72,293,1,90,77
73,295,1,90,77
74,296,4,90,77
75,300,2,90,77
76,305,1,90,77
77,306,2,90,77
78,310,1,90,77
79,313,1,90,77
80,316,2,90,77
81,323,5,90,77
82,324,2,90,77
83,326,1,90,77
84,327,8,90,77
85,328,9,90,77
86,329,2,90,77
87,336,7,90,77
88,337,1,90,77
89,338,1,90,77
90,366,10,90,77
91,368,2,90,77
92,369,2,90,77
93,372,3,90,77
94,375,2,90,77
95,382,5,90,77
96,383,2,90,77
97,386,2,90,77
98,388,2,90,77
99,392,5,90,77
100,394,2,90,77
101,395,3,90,77
102,398,7,90,77
103,401,13,90,77
104,402,5,90,77
105,403,15,90,77
106,409,2,90,77
107,413,2,90,77
108,415,8,90,77
109,417,2,90,77
110,422,2,90,77
111,423,2,90,77
112,429,7,90,77
113,433,7,90,77
114,434,7,90,77
115,436,5,90,77
116,443,2,90,77
117,444,2,90,77
118,449,2,90,77
119,455,1,90,77
120,461,1,90,77
121,462,2,90,77
122,467,1,90,77
123,472,1,90,77
124,474,4,90,77
125,476,4,90,77
126,480,2,90,77
127,492,8,90,77
128,495,1,90,77
129,498,1,90,77
130,499,7,90,77
131,503,2,90,77
132,505,1,90,77
133,506,7,90,77
134,508,1,90,77
135,511,2,90,77
136,513,2,90,77
137,514,3,90,77
138,520,2,90,77
139,524,2,90,77
140,525,5,90,77
141,526,2,90,77
142,528,2,90,77
143,530,2,90,77
144,531,4,90,77
145,533,6,90,77
146,541,9,90,77
147,553,6,90,77
148,554,6,90,77
149,559,8,90,77
150,563,6,90,77
151,566,11,90,77
152,567,6,90,77
153,572,2,90,77
154,573,3,90,77
155,580,2,90,77
156,582,1,90,77
157,592,2,90,77
158,594,2,90,77
159,612,3,90,77
160,617,8,90,77
161,619,2,90,77
162,622,3,90,77
163,623,2,90,77
164,630,-1,90,77
165,635,2,90,77
166,642,3,90,77
167,652,2,90,77
168,653,2,90,77
169,715,-1,90,77
170,720,6,90,77
171,726,1,90,77
172,764,1,90,77
173,766,2,90,77
174,770,3,90,77
175,772,7,90,77
0,14,8,90,78
1,26,3,90,78
2,70,2,90,78
3,71,7,90,78
4,74,12,90,78
5,77,2,90,78
6,78,7,90,78
7,81,4,90,78
8,82,2,90,78
9,83,2,90,78
10,86,1,90,78
11,88,1,90,78
12,89,2,90,78
13,91,1,90,78
14,98,2,90,78
15,99,6,90,78
16,101,2,90,78
17,106,7,90,78
18,110,6,90,78
19,111,2,90,78
20,115,2,90,78
21,120,8,90,78
22,121,2,90,78
23,122,12,90,78
24,131,2,90,78
25,135,7,90,78
26,136,2,90,78
27,146,2,90,78
28,148,2,90,78
29,152,1,90,78
30,157,4,90,78
31,159,8,90,78
32,162,2,90,78
33,163,2,90,78
34,168,3,90,78
35,171,2,90,78
36,180,5,90,78
37,182,2,90,78
38,185,2,90,78
39,187,2,90,78
40,188,3,90,78
41,191,9,90,78
42,217,5,90,78
43,218,2,90,78
44,219,2,90,78
45,222,2,90,78
46,223,2,90,78
47,230,2,90,78
48,231,2,90,78
49,232,2,90,78
50,235,2,90,78
51,236,2,90,78
52,240,3,90,78
53,241,7,90,78
54,247,3,90,78
55,248,6,90,78
56,249,3,90,78
57,251,2,90,78
58,252,2,90,78
59,255,6,90,78
60,257,6,90,78
61,262,2,90,78
62,263,0,90,78
63,268,2,90,78
64,275,6,90,78
65,278,3,90,78
66,282,0,90,78
67,285,3,90,78
68,288,2,90,78
69,289,2,90,78
70,291,2,90,78
71,293,2,90,78
72,295,2,90,78
73,296,2,90,78
74,298,7,90,78
75,300,5,90,78
76,306,2,90,78
77,310,2,90,78
78,313,2,90,78
79,317,3,90,78
80,321,8,90,78
81,323,2,90,78
82,326,2,90,78
83,327,7,90,78
84,328,9,90,78
85,329,2,90,78
86,336,2,90,78
87,338,1,90,78
88,339,2,90,78
89,366,7,90,78
90,369,1,90,78
91,370,2,90,78
92,372,5,90,78
93,375,6,90,78
94,378,8,90,78
95,383,1,90,78
96,388,4,90,78
97,392,2,90,78
98,394,4,90,78
99,395,2,90,78
100,398,13,90,78
101,401,5,90,78
102,402,18,90,78
103,403,10,90,78
104,409,2,90,78
105,413,2,90,78
106,415,8,90,78
107,418,2,90,78
108,422,1,90,78
109,424,6,90,78
110,431,7,90,78
111,434,2,90,78
112,436,1,90,78
113,437,1,90,78
114,443,1,90,78
115,447,5,90,78
116,455,6,90,78
117,461,6,90,78
118,467,6,90,78
119,470,2,90,78
120,472,6,90,78
121,474,6,90,78
122,476,6,90,78
123,480,2,90,78
124,494,2,90,78
125,497,2,90,78
126,498,1,90,78
127,503,2,90,78
128,505,1,90,78
129,506,1,90,78
130,508,1,90,78
131,513,1,90,78
132,514,7,90,78
133,520,4,90,78
134,524,1,90,78
135,525,2,90,78
136,527,2,90,78
137,530,2,90,78
138,531,2,90,78
139,533,2,90,78
140,535,2,90,78
141,541,2,90,78
142,553,2,90,78
143,554,2,90,78
144,560,5,90,78
145,564,2,90,78
146,566,9,90,78
147,567,2,90,78
148,572,1,90,78
149,573,1,90,78
150,580,1,90,78
151,582,8,90,78
152,583,0,90,78
153,591,1,90,78
154,592,1,90,78
155,594,1,90,78
156,595,7,90,78
157,596,8,90,78
158,600,4,90,78
159,612,7,90,78
160,617,2,90,78
161,619,2,90,78
162,622,3,90,78
163,623,3,90,78
164,630,0,90,78
165,635,4,90,78
166,642,2,90,78
167,652,2,90,78
168,677,1,90,78
169,714,2,90,78
170,718,6,90,78
171,720,2,90,78
172,764,0,90,78
173,766,1,90,78
174,768,2,90,78
175,770,2,90,78
0,14,1,90,79
1,19,2,90,79
2,27,5,90,79
3,62,2,90,79
4,64,5,90,79
5,70,1,90,79
6,71,2,90,79
7,74,2,90,79
8,78,2,90,79
9,82,6,90,79
10,83,7,90,79
11,85,1,90,79
12,88,6,90,79
13,89,6,90,79
14,91,7,90,79
15,94,3,90,79
16,98,3,90,79
17,99,11,90,79
18,101,3,90,79
19,104,6,90,79
20,106,6,90,79
21,110,6,90,79
22,115,2,90,79
23,117,2,90,79
24,120,5,90,79
25,121,6,90,79
26,122,2,90,79
27,126,2,90,79
28,136,5,90,79
29,144,2,90,79
30,146,2,90,79
31,148,8,90,79
32,152,2,90,79
33,157,5,90,79
34,159,6,90,79
35,162,6,90,79
36,163,6,90,79
37,168,3,90,79
38,171,6,90,79
39,174,3,90,79
40,180,3,90,79
41,182,3,90,79
42,185,6,90,79
43,187,6,90,79
44,188,3,90,79
45,191,1,90,79
46,217,3,90,79
47,218,2,90,79
48,219,6,90,79
49,222,3,90,79
50,228,6,90,79
51,230,3,90,79
52,231,6,90,79
53,232,5,90,79
54,235,6,90,79
55,236,6,90,79
56,240,7,90,79
57,241,1,90,79
58,244,1,90,79
59,245,6,90,79
60,247,2,90,79
61,248,1,90,79
62,252,9,90,79
63,255,4,90,79
64,257,1,90,79
65,268,9,90,79
66,272,6,90,79
67,275,6,90,79
68,278,3,90,79
69,282,6,90,79
70,284,6,90,79
71,285,2,90,79
72,288,1,90,79
73,289,5,90,79
74,291,1,90,79
75,293,1,90,79
76,298,2,90,79
77,300,2,90,79
78,301,1,90,79
79,306,2,90,79
80,310,2,90,79
81,319,2,90,79
82,321,6,90,79
83,323,2,90,79
84,324,2,90,79
85,326,2,90,79
86,327,2,90,79
87,328,5,90,79
88,329,5,90,79
89,336,8,90,79
90,338,6,90,79
91,339,5,90,79
92,366,2,90,79
93,369,2,90,79
94,372,2,90,79
95,375,6,90,79
96,377,8,90,79
97,378,5,90,79
98,383,2,90,79
99,394,2,90,79
100,395,1,90,79
101,398,4,90,79
102,401,2,90,79
103,402,5,90,79
104,403,3,90,79
105,409,1,90,79
106,413,1,90,79
107,415,1,90,79
108,417,2,90,79
109,418,1,90,79
110,423,2,90,79
111,425,1,90,79
112,432,2,90,79
113,433,2,90,79
114,434,2,90,79
115,436,1,90,79
116,437,1,90,79
117,443,1,90,79
118,447,4,90,79
119,449,2,90,79
120,455,1,90,79
121,461,1,90,79
122,462,7,90,79
123,470,6,90,79
124,471,2,90,79
125,472,1,90,79
126,476,1,90,79
127,480,2,90,79
128,491,2,90,79
129,492,2,90,79
130,495,1,90,79
131,497,4,90,79
132,503,5,90,79
133,504,1,90,79
134,506,1,90,79
135,508,1,90,79
136,513,1,90,79
137,514,3,90,79
138,516,1,90,79
139,524,1,90,79
140,525,2,90,79
141,527,2,90,79
142,528,1,90,79
143,531,7,90,79
144,533,6,90,79
145,541,6,90,79
146,543,7,90,79
147,544,8,90,79
148,553,6,90,79
149,554,6,90,79
150,564,6,90,79
151,566,6,90,79
152,567,8,90,79
153,572,2,90,79
154,573,1,90,79
155,580,4,90,79
156,582,6,90,79
157,583,6,90,79
158,589,5,90,79
159,591,1,90,79
160,593,2,90,79
161,595,7,90,79
162,600,5,90,79
163,617,4,90,79
164,619,3,90,79
165,623,2,90,79
166,630,6,90,79
167,635,2,90,79
168,652,2,90,79
169,677,1,90,79
170,714,2,90,79
171,720,6,90,79
172,764,6,90,79
173,766,2,90,79
174,768,2,90,79
175,770,3,90,79
0,14,1,90,80
1,26,4,90,80
2,27,2,90,80
3,64,3,90,80
4,70,9,90,80
5,71,6,90,80
6,77,3,90,80
7,78,3,90,80
8,81,6,90,80
9,82,5,90,80
10,85,6,90,80
11,86,1,90,80
12,88,1,90,80
13,89,2,90,80
14,91,1,90,80
15,98,5,90,80
16,99,2,90,80
17,101,2,90,80
18,104,1,90,80
19,106,7,90,80
20,110,5,90,80
21,120,6,90,80
22,122,6,90,80
23,126,3,90,80
24,132,3,90,80
25,135,5,90,80
26,136,3,90,80
27,144,6,90,80
28,145,6,90,80
29,146,6,90,80
30,148,5,90,80
31,152,7,90,80
32,157,5,90,80
33,162,6,90,80
34,163,6,90,80
35,168,3,90,80
36,172,7,90,80
37,180,6,90,80
38,181,8,90,80
39,182,6,90,80
40,185,6,90,80
41,188,2,90,80
42,191,6,90,80
43,217,2,90,80
44,218,2,90,80
45,219,1,90,80
46,222,2,90,80
47,224,2,90,80
48,230,2,90,80
49,232,2,90,80
50,235,1,90,80
51,236,1,90,80
52,241,6,90,80
53,244,8,90,80
54,247,3,90,80
55,248,6,90,80
56,249,3,90,80
57,251,8,90,80
58,252,7,90,80
59,255,12,90,80
60,262,2,90,80
61,268,5,90,80
62,270,1,90,80
63,272,2,90,80
64,275,7,90,80
65,278,2,90,80
66,282,1,90,80
67,285,2,90,80
68,288,1,90,80
69,289,2,90,80
70,291,1,90,80
71,293,1,90,80
72,296,3,90,80
73,300,5,90,80
74,302,1,90,80
75,305,1,90,80
76,306,7,90,80
77,310,2,90,80
78,320,2,90,80
79,323,5,90,80
80,326,8,90,80
81,327,3,90,80
82,328,5,90,80
83,329,2,90,80
84,335,5,90,80
85,336,9,90,80
86,337,8,90,80
87,338,1,90,80
88,339,2,90,80
89,366,4,90,80
90,369,2,90,80
91,375,2,90,80
92,377,2,90,80
93,382,2,90,80
94,383,2,90,80
95,386,9,90,80
96,387,2,90,80
97,388,6,90,80
98,394,2,90,80
99,395,8,90,80
100,402,7,90,80
101,403,2,90,80
102,409,8,90,80
103,410,5,90,80
104,413,2,90,80
105,415,2,90,80
106,417,2,90,80
107,418,3,90,80
108,420,2,90,80
109,422,3,90,80
110,423,2,90,80
111,429,2,90,80
112,434,7,90,80
113,437,8,90,80
114,442,7,90,80
115,443,2,90,80
116,447,9,90,80
117,449,2,90,80
118,450,2,90,80
119,455,1,90,80
120,461,1,90,80
121,462,2,90,80
122,470,2,90,80
123,471,2,90,80
124,472,1,90,80
125,476,1,90,80
126,481,2,90,80
127,492,5,90,80
128,495,1,90,80
129,497,2,90,80
130,498,1,90,80
131,503,2,90,80
132,504,1,90,80
133,505,7,90,80
134,506,1,90,80
135,508,1,90,80
136,513,6,90,80
137,524,6,90,80
138,525,4,90,80
139,526,3,90,80
140,528,6,90,80
141,530,3,90,80
142,531,3,90,80
143,533,5,90,80
144,541,6,90,80
145,543,2,90,80
146,544,7,90,80
147,553,2,90,80
148,554,2,90,80
149,559,5,90,80
150,560,3,90,80
151,564,2,90,80
152,567,2,90,80
153,572,2,90,80
154,579,9,90,80
155,580,6,90,80
156,582,1,90,80
157,591,6,90,80
158,592,6,90,80
159,594,2,90,80
160,596,2,90,80
161,600,3,90,80
162,617,6,90,80
163,619,2,90,80
164,622,3,90,80
165,623,2,90,80
166,630,1,90,80
167,631,2,90,80
168,635,2,90,80
169,642,2,90,80
170,652,2,90,80
171,654,3,90,80
172,677,6,90,80
173,720,2,90,80
174,764,3,90,80
175,766,2,90,80
0,14,2,90,81
1,19,2,90,81
2,27,2,90,81
3,60,2,90,81
4,62,8,90,81
5,64,7,90,81
6,70,3,90,81
7,71,7,90,81
8,78,2,90,81
9,81,5,90,81
10,82,8,90,81
11,85,2,90,81
12,86,2,90,81
13,88,5,90,81
14,89,5,90,81
15,91,2,90,81
16,95,15,90,81
17,98,2,90,81
18,99,2,90,81
19,101,2,90,81
20,104,2,90,81
21,110,7,90,81
22,115,2,90,81
23,117,2,90,81
24,120,5,90,81
25,122,2,90,81
26,126,2,90,81
27,135,2,90,81
28,136,2,90,81
29,144,2,90,81
30,145,2,90,81
31,146,2,90,81
32,148,3,90,81
33,152,5,90,81
34,157,2,90,81
35,159,2,90,81
36,162,5,90,81
37,163,5,90,81
38,168,2,90,81
39,177,13,90,81
40,180,2,90,81
41,182,5,90,81
42,185,2,90,81
43,188,2,90,81
44,191,2,90,81
45,217,2,90,81
46,219,0,90,81
47,222,7,90,81
48,223,2,90,81
49,224,5,90,81
50,226,2,90,81
51,230,2,90,81
52,231,0,90,81
53,232,2,90,81
54,235,0,90,81
55,240,7,90,81
56,241,5,90,81
57,244,2,90,81
58,248,3,90,81
59,249,2,90,81
60,255,2,90,81
61,257,2,90,81
62,263,0,90,81
63,270,0,90,81
64,272,2,90,81
65,274,2,90,81
66,275,0,90,81
67,278,2,90,81
68,284,0,90,81
69,288,0,90,81
70,291,0,90,81
71,293,0,90,81
72,296,0,90,81
73,298,4,90,81
74,300,2,90,81
75,302,0,90,81
76,305,0,90,81
77,310,2,90,81
78,311,10,90,81
79,313,1,90,81
80,316,2,90,81
81,317,7,90,81
82,326,9,90,81
83,327,2,90,81
84,328,7,90,81
85,329,8,90,81
86,336,7,90,81
87,338,2,90,81
88,339,4,90,81
89,366,2,90,81
90,368,2,90,81
91,369,7,90,81
92,372,2,90,81
93,375,4,90,81
94,377,1,90,81
95,383,1,90,81
96,386,22,90,81
97,388,6,90,81
98,392,16,90,81
99,394,8,90,81
100,395,9,90,81
101,401,9,90,81
102,403,9,90,81
103,409,6,90,81
104,413,12,90,81
105,415,6,90,81
106,417,3,90,81
107,418,6,90,81
108,420,6,90,81
109,423,2,90,81
110,424,2,90,81
111,432,2,90,81
112,434,4,90,81
113,436,4,90,81
114,437,1,90,81
115,443,1,90,81
116,444,1,90,81
117,447,6,90,81
118,452,2,90,81
119,455,8,90,81
120,461,2,90,81
121,462,2,90,81
122,470,5,90,81
123,472,4,90,81
124,480,2,90,81
125,481,2,90,81
126,492,2,90,81
127,495,0,90,81
128,498,0,90,81
129,501,2,90,81
130,503,12,90,81
131,505,0,90,81
132,506,0,90,81
133,508,0,90,81
134,513,6,90,81
135,514,8,90,81
136,516,6,90,81
137,518,2,90,81
138,520,6,90,81
139,524,6,90,81
140,525,3,90,81
141,527,3,90,81
142,528,6,90,81
143,531,6,90,81
144,533,7,90,81
145,535,13,90,81
146,544,8,90,81
147,548,6,90,81
148,553,9,90,81
149,554,6,90,81
150,559,9,90,81
151,560,8,90,81
152,566,6,90,81
153,567,6,90,81
154,572,1,90,81
155,573,1,90,81
156,579,2,90,81
157,582,0,90,81
158,583,0,90,81
159,589,2,90,81
160,592,2,90,81
161,594,1,90,81
162,600,4,90,81
163,612,2,90,81
164,617,6,90,81
165,619,2,90,81
166,622,2,90,81
167,623,2,90,81
168,630,0,90,81
169,635,2,90,81
170,652,2,90,81
171,653,1,90,81
172,720,6,90,81
173,764,0,90,81
174,766,1,90,81
175,770,6,90,81
0,14,6,90,82
1,26,1,90,82
2,27,2,90,82
3,60,2,90,82
4,64,2,90,82
5,70,1,90,82
6,71,4,90,82
7,77,2,90,82
8,78,2,90,82
9,79,0,90,82
10,81,0,90,82
11,82,7,90,82
12,86,2,90,82
13,88,3,90,82
14,89,7,90,82
15,91,2,90,82
16,95,2,90,82
17,98,2,90,82
18,99,10,90,82
19,101,2,90,82
20,104,5,90,82
21,106,9,90,82
22,110,2,90,82
23,115,2,90,82
24,120,1,90,82
25,122,1,90,82
26,126,7,90,82
27,135,12,90,82
28,136,8,90,82
29,146,1,90,82
30,148,2,90,82
31,149,2,90,82
32,152,0,90,82
33,153,1,90,82
34,159,1,90,82
35,162,2,90,82
36,163,4,90,82
37,168,4,90,82
38,172,1,90,82
39,180,2,90,82
40,181,2,90,82
41,182,2,90,82
42,185,1,90,82
43,188,3,90,82
44,191,2,90,82
45,218,2,90,82
46,219,6,90,82
47,222,3,90,82
48,224,8,90,82
49,226,3,90,82
50,230,6,90,82
51,231,6,90,82
52,232,6,90,82
53,235,6,90,82
54,236,6,90,82
55,241,2,90,82
56,244,2,90,82
57,247,2,90,82
58,248,2,90,82
59,249,3,90,82
60,252,4,90,82
61,254,2,90,82
62,255,2,90,82
63,262,2,90,82
64,263,2,90,82
65,268,2,90,82
66,270,2,90,82
67,272,2,90,82
68,275,2,90,82
69,278,2,90,82
70,282,2,90,82
71,285,2,90,82
72,288,2,90,82
73,289,5,90,82
74,291,2,90,82
75,293,3,90,82
76,296,2,90,82
77,300,2,90,82
78,302,2,90,82
79,306,2,90,82
80,310,2,90,82
81,311,2,90,82
82,323,5,90,82
83,326,2,90,82
84,327,4,90,82
85,329,2,90,82
86,333,2,90,82
87,335,8,90,82
88,336,5,90,82
89,337,2,90,82
90,339,2,90,82
91,366,8,90,82
92,369,6,90,82
93,375,5,90,82
94,377,12,90,82
95,378,3,90,82
96,383,6,90,82
97,394,6,90,82
98,395,6,90,82
99,398,3,90,82
100,402,4,90,82
101,403,3,90,82
102,405,6,90,82
103,409,6,90,82
104,413,6,90,82
105,415,6,90,82
106,417,6,90,82
107,421,8,90,82
108,423,2,90,82
109,432,2,90,82
110,433,2,90,82
111,434,2,90,82
112,436,1,90,82
113,437,1,90,82
114,443,1,90,82
115,447,6,90,82
116,455,6,90,82
117,461,6,90,82
118,462,6,90,82
119,467,6,90,82
120,472,6,90,82
121,476,9,90,82
122,481,2,90,82
123,491,2,90,82
124,492,5,90,82
125,495,2,90,82
126,498,2,90,82
127,504,2,90,82
128,505,2,90,82
129,506,2,90,82
130,508,2,90,82
131,511,2,90,82
132,513,1,90,82
133,514,2,90,82
134,516,1,90,82
135,524,1,90,82
136,525,2,90,82
137,527,12,90,82
138,528,4,90,82
139,531,5,90,82
140,533,4,90,82
141,535,2,90,82
142,541,6,90,82
143,543,2,90,82
144,553,2,90,82
145,554,2,90,82
146,560,2,90,82
147,566,2,90,82
148,567,5,90,82
149,572,6,90,82
150,573,1,90,82
151,579,2,90,82
152,580,0,90,82
153,582,6,90,82
154,591,1,90,82
155,593,6,90,82
156,594,9,90,82
157,595,2,90,82
158,596,2,90,82
159,608,8,90,82
160,612,2,90,82
161,617,5,90,82
162,619,2,90,82
163,622,2,90,82
164,623,3,90,82
165,630,2,90,82
166,635,7,90,82
167,642,2,90,82
168,654,3,90,82
169,714,2,90,82
170,720,2,90,82
171,726,2,90,82
172,764,2,90,82
173,766,15,90,82
174,769,2,90,82
175,776,6,90,82
0,14,0,90,83
1,60,2,90,83
2,64,4,90,83
3,70,2,90,83
4,71,5,90,83
5,77,2,90,83
6,78,2,90,83
7,81,2,90,83
8,82,2,90,83
9,85,2,90,83
10,88,6,90,83
11,89,3,90,83
12,91,6,90,83
13,94,3,90,83
14,95,3,90,83
15,99,3,90,83
16,101,3,90,83
17,110,2,90,83
18,111,3,90,83
19,113,2,90,83
20,115,2,90,83
21,120,3,90,83
22,121,5,90,83
23,122,1,90,83
24,135,3,90,83
25,136,2,90,83
26,144,1,90,83
27,146,4,90,83
28,149,2,90,83
29,152,2,90,83
30,157,8,90,83
31,159,6,90,83
32,162,9,90,83
33,168,8,90,83
34,174,3,90,83
35,180,10,90,83
36,182,9,90,83
37,185,6,90,83
38,188,2,90,83
39,191,6,90,83
40,217,2,90,83
41,218,2,90,83
42,219,1,90,83
43,222,2,90,83
44,226,2,90,83
45,230,2,90,83
46,231,1,90,83
47,232,2,90,83
48,235,1,90,83
49,236,1,90,83
50,239,6,90,83
51,240,8,90,83
52,241,6,90,83
53,244,13,90,83
54,247,8,90,83
55,248,9,90,83
56,249,3,90,83
57,252,11,90,83
58,255,6,90,83
59,262,2,90,83
60,263,2,90,83
61,270,2,90,83
62,272,6,90,83
63,274,2,90,83
64,278,2,90,83
65,281,7,90,83
66,282,2,90,83
67,285,2,90,83
68,288,1,90,83
69,291,1,90,83
70,293,1,90,83
71,295,1,90,83
72,296,1,90,83
73,300,2,90,83
74,301,1,90,83
75,306,4,90,83
76,310,6,90,83
77,317,3,90,83
78,319,3,90,83
79,321,2,90,83
80,323,3,90,83
81,326,6,90,83
82,327,3,90,83
83,328,6,90,83
84,329,8,90,83
85,336,3,90,83
86,338,6,90,83
87,339,9,90,83
88,366,3,90,83
89,369,7,90,83
90,372,3,90,83
91,375,2,90,83
92,377,6,90,83
93,378,3,90,83
94,383,6,90,83
95,386,5,90,83
96,388,6,90,83
97,393,1,90,83
98,394,2,90,83
99,395,1,90,83
100,401,5,90,83
101,402,7,90,83
102,403,2,90,83
103,409,1,90,83
104,413,3,90,83
105,415,1,90,83
106,417,5,90,83
107,418,2,90,83
108,423,3,90,83
109,424,2,90,83
110,431,3,90,83
111,433,6,90,83
112,434,5,90,83
113,436,6,90,83
114,437,6,90,83
115,443,6,90,83
116,447,3,90,83
117,449,3,90,83
118,455,0,90,83
119,461,0,90,83
120,462,2,90,83
121,467,0,90,83
122,471,2,90,83
123,472,0,90,83
124,473,2,90,83
125,476,0,90,83
126,480,4,90,83
127,481,2,90,83
128,492,2,90,83
129,494,2,90,83
130,498,2,90,83
131,499,2,90,83
132,501,2,90,83
133,504,2,90,83
134,505,2,90,83
135,506,2,90,83
136,508,3,90,83
137,513,6,90,83
138,514,8,90,83
139,516,9,90,83
140,520,6,90,83
141,524,6,90,83
142,525,11,90,83
143,528,6,90,83
144,531,3,90,83
145,533,6,90,83
146,541,6,90,83
147,543,10,90,83
148,553,3,90,83
149,554,6,90,83
150,559,6,90,83
151,560,3,90,83
152,563,3,90,83
153,566,6,90,83
154,567,6,90,83
155,572,6,90,83
156,573,6,90,83
157,579,12,90,83
158,580,2,90,83
159,582,1,90,83
160,589,6,90,83
161,591,6,90,83
162,594,6,90,83
163,600,2,90,83
164,617,2,90,83
165,623,2,90,83
166,631,5,90,83
167,635,2,90,83
168,652,3,90,83
169,697,6,90,83
170,714,2,90,83
171,720,9,90,83
172,757,6,90,83
173,764,2,90,83
174,766,12,90,83
175,770,6,90,83
0,14,9,90,84
1,19,2,90,84
2,64,3,90,84
3,70,2,90,84
4,71,2,90,84
5,77,2,90,84
6,78,5,90,84
7,79,2,90,84
8,81,2,90,84
9,82,4,90,84
10,83,2,90,84
11,85,2,90,84
12,86,1,90,84
13,88,1,90,84
14,91,1,90,84
15,94,2,90,84
16,95,2,90,84
17,99,2,90,84
18,101,2,90,84
19,106,2,90,84
20,110,2,90,84
21,115,2,90,84
22,117,7,90,84
23,120,3,90,84
24,122,5,90,84
25,132,2,90,84
26,136,5,90,84
27,144,2,90,84
28,145,2,90,84
29,146,5,90,84
30,148,12,90,84
31,152,2,90,84
32,157,5,90,84
33,159,2,90,84
34,162,2,90,84
35,163,2,90,84
36,172,2,90,84
37,177,2,90,84
38,180,2,90,84
39,182,2,90,84
40,185,2,90,84
41,187,2,90,84
42,188,3,90,84
43,191,2,90,84
44,217,3,90,84
45,218,2,90,84
46,219,6,90,84
47,223,4,90,84
48,224,3,90,84
49,230,3,90,84
50,231,6,90,84
51,232,6,90,84
52,235,8,90,84
53,236,6,90,84
54,238,6,90,84
55,241,2,90,84
56,244,2,90,84
57,247,2,90,84
58,248,2,90,84
59,249,2,90,84
60,252,2,90,84
61,255,2,90,84
62,263,1,90,84
63,270,1,90,84
64,272,2,90,84
65,278,2,90,84
66,282,4,90,84
67,284,1,90,84
68,285,2,90,84
69,288,0,90,84
70,289,9,90,84
71,293,0,90,84
72,296,0,90,84
73,298,7,90,84
74,300,2,90,84
75,305,0,90,84
76,306,5,90,84
77,310,6,90,84
78,311,6,90,84
79,313,6,90,84
80,323,6,90,84
81,326,9,90,84
82,327,3,90,84
83,328,13,90,84
84,329,3,90,84
85,335,9,90,84
86,336,3,90,84
87,338,1,90,84
88,339,6,90,84
89,366,6,90,84
90,369,6,90,84
91,375,4,90,84
92,376,6,90,84
93,378,8,90,84
94,382,3,90,84
95,383,6,90,84
96,387,6,90,84
97,394,2,90,84
98,395,2,90,84
99,398,4,90,84
100,401,7,90,84
101,402,5,90,84
102,403,2,90,84
103,409,2,90,84
104,413,2,90,84
105,415,11,90,84
106,417,2,90,84
107,418,2,90,84
108,422,6,90,84
109,423,8,90,84
110,432,3,90,84
111,433,3,90,84
112,434,8,90,84
113,436,6,90,84
114,437,10,90,84
115,443,6,90,84
116,447,9,90,84
117,455,6,90,84
118,461,7,90,84
119,462,3,90,84
120,467,6,90,84
121,470,6,90,84
122,471,3,90,84
123,472,8,90,84
124,476,6,90,84
125,480,2,90,84
126,491,2,90,84
127,492,2,90,84
128,498,1,90,84
129,504,1,90,84
130,505,1,90,84
131,506,1,90,84
132,508,2,90,84
133,513,1,90,84
134,514,2,90,84
135,516,1,90,84
136,524,1,90,84
137,525,2,90,84
138,527,2,90,84
139,528,1,90,84
140,530,7,90,84
141,541,9,90,84
142,544,8,90,84
143,553,2,90,84
144,554,0,90,84
145,555,10,90,84
146,559,0,90,84
147,560,2,90,84
148,566,7,90,84
149,567,0,90,84
150,572,6,90,84
151,573,6,90,84
152,580,2,90,84
153,583,7,90,84
154,591,1,90,84
155,594,6,90,84
156,600,2,90,84
157,612,2,90,84
158,619,2,90,84
159,622,2,90,84
160,623,3,90,84
161,630,1,90,84
162,631,2,90,84
163,635,7,90,84
164,642,2,90,84
165,653,6,90,84
166,654,2,90,84
167,674,2,90,84
168,677,1,90,84
169,720,2,90,84
170,763,2,90,84
171,764,1,90,84
172,766,6,90,84
173,768,2,90,84
174,770,7,90,84
175,772,2,90,84
0,14,2,90,85
1,27,2,90,85
2,60,2,90,85
3,70,2,90,85
4,71,5,90,85
5,74,7,90,85
6,77,2,90,85
7,78,3,90,85
8,79,2,90,85
9,82,2,90,85
10,85,2,90,85
11,88,2,90,85
12,89,4,90,85
13,91,2,90,85
14,95,2,90,85
15,99,10,90,85
16,101,5,90,85
17,104,2,90,85
18,106,7,90,85
19,110,6,90,85
20,113,7,90,85
21,115,7,90,85
22,120,1,90,85
23,121,2,90,85
24,131,1,90,85
25,136,9,90,85
26,146,3,90,85
27,148,5,90,85
28,152,2,90,85
29,157,3,90,85
30,159,6,90,85
31,162,6,90,85
32,163,7,90,85
33,168,3,90,85
34,171,6,90,85
35,177,3,90,85
36,180,2,90,85
37,182,3,90,85
38,185,6,90,85
39,188,2,90,85
40,191,1,90,85
41,217,3,90,85
42,218,4,90,85
43,219,6,90,85
44,222,3,90,85
45,224,3,90,85
46,230,3,90,85
47,231,6,90,85
48,232,2,90,85
49,235,6,90,85
50,241,1,90,85
51,244,1,90,85
52,247,10,90,85
53,248,1,90,85
54,249,2,90,85
55,252,3,90,85
56,255,3,90,85
57,259,2,90,85
58,263,1,90,85
59,265,2,90,85
60,272,2,90,85
61,275,4,90,85
62,278,2,90,85
63,281,2,90,85
64,282,1,90,85
65,285,2,90,85
66,288,2,90,85
67,290,2,90,85
68,291,2,90,85
69,293,2,90,85
70,295,2,90,85
71,296,2,90,85
72,298,2,90,85
73,302,2,90,85
74,305,2,90,85
75,306,2,90,85
76,310,1,90,85
77,311,4,90,85
78,321,2,90,85
79,323,2,90,85
80,326,1,90,85
81,327,2,90,85
82,328,8,90,85
83,329,2,90,85
84,333,1,90,85
85,336,4,90,85
86,338,2,90,85
87,339,1,90,85
88,366,4,90,85
89,368,2,90,85
90,369,8,90,85
91,372,2,90,85
92,375,2,90,85
93,377,2,90,85
94,378,2,90,85
95,383,2,90,85
96,387,2,90,85
97,388,7,90,85
98,392,2,90,85
99,394,7,90,85
100,395,2,90,85
101,401,9,90,85
102,403,2,90,85
103,409,2,90,85
104,413,2,90,85
105,415,3,90,85
106,416,4,90,85
107,417,2,90,85
108,418,5,90,85
109,423,2,90,85
110,431,2,90,85
111,433,7,90,85
112,436,1,90,85
113,437,1,90,85
114,443,4,90,85
115,447,3,90,85
116,449,2,90,85
117,450,3,90,85
118,455,8,90,85
119,461,2,90,85
120,462,7,90,85
121,467,5,90,85
122,470,6,90,85
123,472,2,90,85
124,480,2,90,85
125,491,12,90,85
126,492,5,90,85
127,495,8,90,85
128,497,2,90,85
129,498,2,90,85
130,503,5,90,85
131,506,2,90,85
132,508,2,90,85
133,513,1,90,85
134,514,7,90,85
135,520,1,90,85
136,524,1,90,85
137,525,5,90,85
138,527,2,90,85
139,531,5,90,85
140,533,6,90,85
141,536,6,90,85
142,541,4,90,85
143,543,6,90,85
144,553,3,90,85
145,559,6,90,85
146,560,6,90,85
147,565,6,90,85
148,566,6,90,85
149,567,7,90,85
150,573,1,90,85
151,579,1,90,85
152,580,5,90,85
153,582,6,90,85
154,591,1,90,85
155,594,2,90,85
156,595,7,90,85
157,596,2,90,85
158,600,2,90,85
159,612,7,90,85
160,617,2,90,85
161,619,7,90,85
162,622,2,90,85
163,623,2,90,85
164,629,2,90,85
165,630,1,90,85
166,642,6,90,85
167,652,2,90,85
168,653,4,90,85
169,654,2,90,85
170,677,1,90,85
171,714,2,90,85
172,718,2,90,85
173,720,6,90,85
174,757,2,90,85
175,764,1,90,85
0,14,2,90,86
1,62,2,90,86
2,64,3,90,86
3,69,2,90,86
4,70,1,90,86
5,71,2,90,86
6,74,2,90,86
7,77,2,90,86
8,78,2,90,86
9,81,1,90,86
10,82,2,90,86
11,83,10,90,86
12,88,7,90,86
13,89,2,90,86
14,91,1,90,86
15,94,2,90,86
16,98,2,90,86
17,99,2,90,86
18,101,2,90,86
19,104,1,90,86
20,106,2,90,86
21,110,2,90,86
22,115,7,90,86
23,117,2,90,86
24,120,2,90,86
25,121,2,90,86
26,122,0,90,86
27,126,3,90,86
28,132,2,90,86
29,135,5,90,86
30,146,0,90,86
31,148,5,90,86
32,149,2,90,86
33,152,1,90,86
34,157,3,90,86
35,159,8,90,86
36,162,6,90,86
37,163,6,90,86
38,168,3,90,86
39,180,2,90,86
40,181,3,90,86
41,182,8,90,86
42,185,6,90,86
43,188,2,90,86
44,191,6,90,86
45,217,3,90,86
46,218,5,90,86
47,222,2,90,86
48,223,2,90,86
49,224,2,90,86
50,230,2,90,86
51,231,2,90,86
52,232,2,90,86
53,235,2,90,86
54,236,2,90,86
55,240,3,90,86
56,241,6,90,86
57,244,6,90,86
58,245,6,90,86
59,247,11,90,86
60,248,6,90,86
61,249,3,90,86
62,255,6,90,86
63,263,4,90,86
64,270,2,90,86
65,272,2,90,86
66,274,2,90,86
67,275,2,90,86
68,282,2,90,86
69,285,2,90,86
70,288,0,90,86
71,289,6,90,86
72,291,0,90,86
73,293,0,90,86
74,298,7,90,86
75,300,2,90,86
76,302,3,90,86
77,305,0,90,86
78,310,6,90,86
79,311,6,90,86
80,321,6,90,86
81,323,4,90,86
82,326,6,90,86
83,328,18,90,86
84,329,14,90,86
85,333,6,90,86
86,336,3,90,86
87,337,12,90,86
88,338,1,90,86
89,339,6,90,86
90,366,7,90,86
91,369,2,90,86
92,375,2,90,86
93,377,2,90,86
94,378,2,90,86
95,383,2,90,86
96,386,3,90,86
97,388,2,90,86
98,394,3,90,86
99,395,6,90,86
100,398,3,90,86
101,401,6,90,86
102,402,3,90,86
103,403,3,90,86
104,409,7,90,86
105,413,6,90,86
106,417,3,90,86
107,418,9,90,86
108,420,6,90,86
109,423,5,90,86
110,432,7,90,86
111,433,2,90,86
112,434,5,90,86
113,436,2,90,86
114,437,2,90,86
115,443,2,90,86
116,447,7,90,86
117,449,7,90,86
118,455,2,90,86
119,461,2,90,86
120,462,2,90,86
121,467,2,90,86
122,470,2,90,86
123,472,3,90,86
124,476,2,90,86
125,482,2,90,86
126,491,2,90,86
127,492,2,90,86
128,494,2,90,86
129,498,0,90,86
130,504,0,90,86
131,505,0,90,86
132,506,0,90,86
133,508,0,90,86
134,511,7,90,86
135,513,2,90,86
136,514,2,90,86
137,520,5,90,86
138,524,5,90,86
139,525,12,90,86
140,527,2,90,86
141,533,13,90,86
142,541,6,90,86
143,543,1,90,86
144,553,5,90,86
145,554,3,90,86
146,559,1,90,86
147,560,3,90,86
148,564,1,90,86
149,566,9,90,86
150,567,1,90,86
151,572,2,90,86
152,573,2,90,86
153,582,2,90,86
154,589,9,90,86
155,591,2,90,86
156,594,5,90,86
157,608,4,90,86
158,612,2,90,86
159,619,2,90,86
160,622,6,90,86
161,623,2,90,86
162,629,2,90,86
163,630,2,90,86
164,631,2,90,86
165,635,2,90,86
166,642,7,90,86
167,652,5,90,86
168,653,2,90,86
169,654,2,90,86
170,714,2,90,86
171,720,8,90,86
172,764,2,90,86
173,766,4,90,86
174,772,3,90,86
175,776,6,90,86
0,14,1,90,87
1,27,6,90,87
2,60,3,90,87
3,70,6,90,87
4,71,5,90,87
5,77,3,90,87
6,78,3,90,87
7,81,6,90,87
8,82,2,90,87
9,83,3,90,87
10,88,2,90,87
11,89,2,90,87
12,91,2,90,87
13,94,2,90,87
14,95,2,90,87
15,99,11,90,87
16,101,5,90,87
17,104,2,90,87
18,106,7,90,87
19,110,4,90,87
20,113,12,90,87
21,115,5,90,87
22,120,1,90,87
23,121,2,90,87
24,122,5,90,87
25,132,10,90,87
26,135,13,90,87
27,144,1,90,87
28,146,1,90,87
29,149,2,90,87
30,152,6,90,87
31,162,6,90,87
32,163,6,90,87
33,166,3,90,87
34,168,3,90,87
35,171,6,90,87
36,172,6,90,87
37,174,3,90,87
38,180,2,90,87
39,181,3,90,87
40,182,3,90,87
41,185,7,90,87
42,188,2,90,87
43,191,2,90,87
44,192,3,90,87
45,217,3,90,87
46,218,2,90,87
47,219,6,90,87
48,222,3,90,87
49,224,3,90,87
50,230,6,90,87
51,231,6,90,87
52,232,2,90,87
53,234,6,90,87
54,235,6,90,87
55,240,7,90,87
56,241,9,90,87
57,245,2,90,87
58,247,2,90,87
59,248,2,90,87
60,249,2,90,87
61,252,7,90,87
62,255,2,90,87
63,259,5,90,87
64,263,2,90,87
65,268,2,90,87
66,275,2,90,87
67,277,2,90,87
68,278,2,90,87
69,282,2,90,87
70,285,3,90,87
71,288,6,90,87
72,289,2,90,87
73,291,12,90,87
74,293,6,90,87
75,296,7,90,87
76,298,3,90,87
77,300,3,90,87
78,306,2,90,87
79,310,2,90,87
80,317,2,90,87
81,321,5,90,87
82,323,3,90,87
83,326,2,90,87
84,327,2,90,87
85,328,9,90,87
86,329,2,90,87
87,333,2,90,87
88,335,5,90,87
89,338,2,90,87
90,339,2,90,87
91,366,3,90,87
92,369,6,90,87
93,370,3,90,87
94,372,4,90,87
95,375,2,90,87
96,377,6,90,87
97,383,6,90,87
98,388,6,90,87
99,392,6,90,87
100,394,3,90,87
101,395,8,90,87
102,398,8,90,87
103,401,3,90,87
104,403,3,90,87
105,409,6,90,87
106,413,6,90,87
107,415,6,90,87
108,417,3,90,87
109,418,9,90,87
110,422,4,90,87
111,423,2,90,87
112,433,2,90,87
113,434,5,90,87
114,436,1,90,87
115,437,1,90,87
116,443,1,90,87
117,447,2,90,87
118,449,2,90,87
119,455,1,90,87
120,461,1,90,87
121,467,1,90,87
122,470,2,90,87
123,472,1,90,87
124,476,1,90,87
125,480,2,90,87
126,491,2,90,87
127,494,5,90,87
128,495,2,90,87
129,497,6,90,87
130,498,2,90,87
131,503,2,90,87
132,506,2,90,87
133,508,2,90,87
134,511,2,90,87
135,513,2,90,87
136,514,7,90,87
137,520,0,90,87
138,524,6,90,87
139,525,2,90,87
140,527,5,90,87
141,531,7,90,87
142,533,2,90,87
143,535,2,90,87
144,543,2,90,87
145,553,2,90,87
146,554,2,90,87
147,559,2,90,87
148,566,2,90,87
149,567,2,90,87
150,572,6,90,87
151,573,1,90,87
152,580,9,90,87
153,582,8,90,87
154,583,2,90,87
155,591,0,90,87
156,592,6,90,87
157,593,6,90,87
158,594,6,90,87
159,595,2,90,87
160,596,7,90,87
161,608,2,90,87
162,617,2,90,87
163,619,2,90,87
164,622,2,90,87
165,623,8,90,87
166,630,2,90,87
167,635,3,90,87
168,677,0,90,87
169,714,2,90,87
170,720,5,90,87
171,764,2,90,87
172,766,6,90,87
173,768,2,90,87
174,769,2,90,87
175,770,4,90,87
0,14,0,90,88
1,27,2,90,88
2,62,3,90,88
3,64,3,90,88
4,70,6,90,88
5,71,3,90,88
6,78,10,90,88
7,81,6,90,88
8,82,2,90,88
9,83,3,90,88
10,85,6,90,88
11,86,5,90,88
12,88,2,90,88
13,89,2,90,88
14,91,2,90,88
15,98,8,90,88
16,99,2,90,88
17,101,2,90,88
18,104,2,90,88
19,106,2,90,88
20,110,5,90,88
21,111,2,90,88
22,113,2,90,88
23,115,5,90,88
24,117,2,90,88
25,120,1,90,88
26,121,2,90,88
27,122,1,90,88
28,135,2,90,88
29,136,2,90,88
30,144,1,90,88
31,146,1,90,88
32,152,6,90,88
33,157,2,90,88
34,162,1,90,88
35,163,1,90,88
36,168,2,90,88
37,172,1,90,88
38,180,11,90,88
39,181,2,90,88
40,182,15,90,88
41,185,1,90,88
42,187,1,90,88
43,188,2,90,88
44,191,6,90,88
45,217,5,90,88
46,219,1,90,88
47,222,2,90,88
48,224,2,90,88
49,230,5,90,88
50,231,1,90,88
51,232,9,90,88
52,235,1,90,88
53,236,2,90,88
54,237,6,90,88
55,239,18,90,88
56,241,6,90,88
57,244,6,90,88
58,245,6,90,88
59,247,11,90,88
60,248,6,90,88
61,249,4,90,88
62,252,5,90,88
63,255,6,90,88
64,263,1,90,88
65,265,2,90,88
66,268,2,90,88
67,270,1,90,88
68,275,1,90,88
69,282,1,90,88
70,285,2,90,88
71,288,0,90,88
72,291,3,90,88
73,293,0,90,88
74,296,0,90,88
75,300,2,90,88
76,302,0,90,88
77,305,0,90,88
78,306,2,90,88
79,310,6,90,88
80,311,10,90,88
81,316,2,90,88
82,319,3,90,88
83,323,3,90,88
84,326,6,90,88
85,327,13,90,88
86,328,11,90,88
87,335,6,90,88
88,336,6,90,88
89,339,8,90,88
90,366,5,90,88
91,369,2,90,88
92,372,2,90,88
93,375,2,90,88
94,377,2,90,88
95,382,2,90,88
96,383,2,90,88
97,387,2,90,88
98,388,6,90,88
99,394,8,90,88
100,395,6,90,88
101,398,3,90,88
102,401,2,90,88
103,402,11,90,88
104,403,3,90,88
105,409,6,90,88
106,413,6,90,88
107,415,6,90,88
108,417,3,90,88
109,418,8,90,88
110,422,5,90,88
111,423,2,90,88
112,432,2,90,88
113,433,7,90,88
114,434,2,90,88
115,436,2,90,88
116,437,2,90,88
117,443,4,90,88
118,447,2,90,88
119,449,2,90,88
120,450,2,90,88
121,455,0,90,88
122,461,0,90,88
123,462,5,90,88
124,467,0,90,88
125,472,0,90,88
126,474,0,90,88
127,476,0,90,88
128,480,2,90,88
129,482,2,90,88
130,491,5,90,88
131,492,2,90,88
132,494,2,90,88
133,495,1,90,88
134,498,1,90,88
135,499,2,90,88
136,506,1,90,88
137,508,1,90,88
138,513,8,90,88
139,514,8,90,88
140,516,9,90,88
141,524,6,90,88
142,525,8,90,88
143,528,6,90,88
144,530,6,90,88
145,531,3,90,88
146,533,10,90,88
147,541,9,90,88
148,543,6,90,88
149,553,16,90,88
150,554,6,90,88
151,559,9,90,88
152,560,2,90,88
153,566,2,90,88
154,567,6,90,88
155,573,2,90,88
156,580,10,90,88
157,594,2,90,88
158,617,2,90,88
159,619,5,90,88
160,622,5,90,88
161,623,2,90,88
162,629,3,90,88
163,630,1,90,88
164,631,3,90,88
165,635,2,90,88
166,642,5,90,88
167,652,2,90,88
168,654,3,90,88
169,677,6,90,88
170,714,2,90,88
171,720,6,90,88
172,763,1,90,88
173,764,1,90,88
174,766,2,90,88
175,770,8,90,88
0,14,6,90,89
1,19,2,90,89
2,60,2,90,89
3,64,2,90,89
4,70,2,90,89
5,71,2,90,89
6,78,7,90,89
7,81,2,90,89
8,82,2,90,89
9,83,2,90,89
10,85,8,90,89
11,86,6,90,89
12,88,6,90,89
13,89,3,90,89
14,91,6,90,89
15,98,3,90,89
16,99,8,90,89
17,101,3,90,89
18,110,7,90,89
19,111,3,90,89
20,113,5,90,89
21,115,2,90,89
22,120,1,90,89
23,121,4,90,89
24,122,1,90,89
25,135,7,90,89
26,136,2,90,89
27,144,2,90,89
28,146,1,90,89
29,148,2,90,89
30,152,3,90,89
31,157,3,90,89
32,159,6,90,89
33,162,8,90,89
34,163,9,90,89
35,168,3,90,89
36,177,6,90,89
37,180,3,90,89
38,182,16,90,89
39,185,6,90,89
40,187,6,90,89
41,191,2,90,89
42,192,2,90,89
43,217,2,90,89
44,218,2,90,89
45,219,1,90,89
46,221,1,90,89
47,222,2,90,89
48,224,2,90,89
49,231,1,90,89
50,232,2,90,89
51,235,1,90,89
52,236,1,90,89
53,241,4,90,89
54,244,2,90,89
55,245,2,90,89
56,247,2,90,89
57,248,2,90,89
58,249,3,90,89
59,255,2,90,89
60,263,1,90,89
61,270,1,90,89
62,274,5,90,89
63,275,1,90,89
64,278,2,90,89
65,282,1,90,89
66,285,2,90,89
67,288,2,90,89
68,291,2,90,89
69,293,3,90,89
70,296,2,90,89
71,298,2,90,89
72,300,4,90,89
73,302,2,90,89
74,306,2,90,89
75,310,1,90,89
76,311,7,90,89
77,313,1,90,89
78,317,14,90,89
79,321,2,90,89
80,323,2,90,89
81,326,1,90,89
82,328,5,90,89
83,335,1,90,89
84,336,2,90,89
85,338,6,90,89
86,339,2,90,89
87,366,4,90,89
88,372,7,90,89
89,375,2,90,89
90,377,2,90,89
91,378,2,90,89
92,383,2,90,89
93,386,8,90,89
94,387,2,90,89
95,388,2,90,89
96,392,6,90,89
97,394,4,90,89
98,395,6,90,89
99,398,11,90,89
100,402,8,90,89
101,403,3,90,89
102,409,6,90,89
103,413,6,90,89
104,415,6,90,89
105,417,3,90,89
106,418,6,90,89
107,422,2,90,89
108,423,2,90,89
109,432,2,90,89
110,433,5,90,89
111,436,2,90,89
112,437,2,90,89
113,443,2,90,89
114,447,2,90,89
115,449,2,90,89
116,455,6,90,89
117,461,6,90,89
118,462,3,90,89
119,467,6,90,89
120,470,2,90,89
121,472,12,90,89
122,476,12,90,89
123,480,7,90,89
124,481,2,90,89
125,482,2,90,89
126,491,10,90,89
127,495,1,90,89
128,498,1,90,89
129,504,4,90,89
130,505,1,90,89
131,506,1,90,89
132,508,1,90,89
133,513,2,90,89
134,514,8,90,89
135,516,8,90,89
136,518,3,90,89
137,520,2,90,89
138,524,4,90,89
139,525,2,90,89
140,527,2,90,89
141,531,5,90,89
142,533,6,90,89
143,541,6,90,89
144,543,6,90,89
145,553,3,90,89
146,554,6,90,89
147,559,9,90,89
148,564,6,90,89
149,566,5,90,89
150,567,6,90,89
151,572,2,90,89
152,573,2,90,89
153,579,2,90,89
154,582,1,90,89
155,589,6,90,89
156,592,2,90,89
157,594,2,90,89
158,600,2,90,89
159,608,3,90,89
160,617,2,90,89
161,619,2,90,89
162,622,2,90,89
163,623,3,90,89
164,630,1,90,89
165,631,2,90,89
166,635,2,90,89
167,642,3,90,89
168,653,2,90,89
169,654,2,90,89
170,670,2,90,89
171,674,3,90,89
172,714,2,90,89
173,720,6,90,89
174,764,1,90,89
175,766,2,90,89
0,14,6,90,90
1,19,3,90,90
2,60,3,90,90
3,64,6,90,90
4,70,6,90,90
5,71,10,90,90
6,79,6,90,90
7,81,6,90,90
8,83,9,90,90
9,85,6,90,90
10,86,6,90,90
11,88,6,90,90
12,89,3,90,90
13,91,6,90,90
14,92,6,90,90
15,98,3,90,90
16,99,4,90,90
17,101,6,90,90
18,104,6,90,90
19,110,2,90,90
20,113,2,90,90
21,115,2,90,90
22,120,2,90,90
23,121,2,90,90
24,122,5,90,90
25,126,2,90,90
26,144,2,90,90
27,145,2,90,90
28,146,2,90,90
29,148,4,90,90
30,152,6,90,90
31,157,2,90,90
32,159,1,90,90
33,162,1,90,90
34,163,4,90,90
35,172,1,90,90
36,177,2,90,90
37,180,2,90,90
38,182,4,90,90
39,185,1,90,90
40,188,3,90,90
41,191,6,90,90
42,192,2,90,90
43,217,3,90,90
44,219,6,90,90
45,221,6,90,90
46,222,8,90,90
47,223,3,90,90
48,230,11,90,90
49,231,6,90,90
50,232,5,90,90
51,235,6,90,90
52,236,6,90,90
53,239,3,90,90
54,241,6,90,90
55,247,3,90,90
56,248,6,90,90
57,249,3,90,90
58,252,5,90,90
59,255,8,90,90
60,259,3,90,90
61,263,2,90,90
62,270,2,90,90
63,272,2,90,90
64,275,2,90,90
65,278,2,90,90
66,285,2,90,90
67,288,0,90,90
68,289,2,90,90
69,291,0,90,90
70,293,0,90,90
71,296,0,90,90
72,298,2,90,90
73,300,2,90,90
74,305,0,90,90
75,310,6,90,90
76,317,3,90,90
77,321,12,90,90
78,323,8,90,90
79,326,12,90,90
80,327,3,90,90
81,328,3,90,90
82,329,3,90,90
83,333,6,90,90
84,336,9,90,90
85,338,6,90,90
86,339,7,90,90
87,366,2,90,90
88,369,1,90,90
89,375,2,90,90
90,376,1,90,90
91,377,1,90,90
92,378,2,90,90
93,383,1,90,90
94,386,3,90,90
95,392,4,90,90
96,394,3,90,90
97,398,3,90,90
98,401,8,90,90
99,402,6,90,90
100,403,3,90,90
101,409,6,90,90
102,413,6,90,90
103,415,6,90,90
104,418,6,90,90
105,420,3,90,90
106,423,3,90,90
107,424,2,90,90
108,432,3,90,90
109,433,3,90,90
110,434,5,90,90
111,436,6,90,90
112,437,6,90,90
113,443,6,90,90
114,447,2,90,90
115,449,3,90,90
116,455,7,90,90
117,461,6,90,90
118,462,3,90,90
119,470,2,90,90
120,472,6,90,90
121,476,6,90,90
122,480,2,90,90
123,481,2,90,90
124,492,2,90,90
125,497,2,90,90
126,498,0,90,90
127,504,0,90,90
128,505,0,90,90
129,506,0,90,90
130,508,0,90,90
131,513,2,90,90
132,514,8,90,90
133,518,3,90,90
134,520,2,90,90
135,524,2,90,90
136,525,2,90,90
137,527,2,90,90
138,530,2,90,90
139,531,2,90,90
140,533,12,90,90
141,541,15,90,90
142,543,14,90,90
143,553,3,90,90
144,554,6,90,90
145,559,6,90,90
146,560,2,90,90
147,566,10,90,90
148,567,7,90,90
149,572,1,90,90
150,573,6,90,90
151,580,6,90,90
152,582,6,90,90
153,583,2,90,90
154,589,6,90,90
155,591,2,90,90
156,593,1,90,90
157,594,1,90,90
158,595,7,90,90
159,600,2,90,90
160,608,3,90,90
161,612,2,90,90
162,617,5,90,90
163,619,2,90,90
164,622,3,90,90
165,623,3,90,90
166,630,2,90,90
167,635,2,90,90
168,642,6,90,90
169,677,3,90,90
170,715,2,90,90
171,720,12,90,90
172,764,5,90,90
173,766,1,90,90
174,768,2,90,90
175,770,3,90,90
0,14,1,90,91
1,60,2,90,91
2,64,6,90,91
3,70,1,90,91
4,71,4,90,91
5,77,2,90,91
6,78,2,90,91
7,82,14,90,91
8,83,7,90,91
9,85,1,90,91
10,86,1,90,91
11,88,1,90,91
12,89,7,90,91
13,91,1,90,91
14,94,2,90,91
15,98,5,90,91
16,99,10,90,91
17,101,2,90,91
18,106,7,90,91
19,110,7,90,91
20,115,2,90,91
21,117,2,90,91
22,120,11,90,91
23,131,2,90,91
24,136,2,90,91
25,144,2,90,91
26,145,2,90,91
27,146,5,90,91
28,148,8,90,91
29,149,7,90,91
30,152,1,90,91
31,157,2,90,91
32,162,2,90,91
33,163,2,90,91
34,168,10,90,91
35,177,2,90,91
36,180,4,90,91
37,181,7,90,91
38,182,2,90,91
39,185,3,90,91
40,188,5,90,91
41,191,6,90,91
42,217,2,90,91
43,218,6,90,91
44,219,1,90,91
45,222,2,90,91
46,223,2,90,91
47,226,2,90,91
48,230,2,90,91
49,231,4,90,91
50,235,1,90,91
51,236,1,90,91
52,239,3,90,91
53,241,6,90,91
54,244,6,90,91
55,247,8,90,91
56,248,6,90,91
57,252,12,90,91
58,255,13,90,91
59,257,6,90,91
60,262,3,90,91
61,268,2,90,91
62,270,6,90,91
63,272,2,90,91
64,274,3,90,91
65,275,6,90,91
66,278,3,90,91
67,282,6,90,91
68,285,2,90,91
69,288,1,90,91
70,291,4,90,91
71,293,1,90,91
72,295,7,90,91
73,296,4,90,91
74,300,2,90,91
75,305,1,90,91
76,310,0,90,91
77,321,2,90,91
78,323,4,90,91
79,324,2,90,91
80,326,0,90,91
81,328,2,90,91
82,329,2,90,91
83,335,0,90,91
84,336,2,90,91
85,337,3,90,91
86,338,1,90,91
87,339,1,90,91
88,366,7,90,91
89,368,5,90,91
90,369,2,90,91
91,372,2,90,91
92,375,6,90,91
93,377,8,90,91
94,378,2,90,91
95,383,2,90,91
96,392,3,90,91
97,394,4,90,91
98,395,9,90,91
99,401,2,90,91
100,403,3,90,91
101,405,6,90,91
102,409,6,90,91
103,413,6,90,91
104,415,6,90,91
105,417,3,90,91
106,418,8,90,91
107,422,1,90,91
108,429,2,90,91
109,431,2,90,91
110,433,8,90,91
111,434,5,90,91
112,437,8,90,91
113,443,1,90,91
114,447,6,90,91
115,449,2,90,91
116,455,1,90,91
117,461,1,90,91
118,467,1,90,91
119,472,1,90,91
120,474,1,90,91
121,476,1,90,91
122,480,3,90,91
123,491,6,90,91
124,495,9,90,91
125,497,6,90,91
126,499,3,90,91
127,503,11,90,91
128,504,9,90,91
129,505,6,90,91
130,506,6,90,91
131,508,6,90,91
132,513,1,90,91
133,514,5,90,91
134,518,2,90,91
135,520,1,90,91
136,524,7,90,91
137,525,2,90,91
138,527,2,90,91
139,528,1,90,91
140,531,3,90,91
141,533,2,90,91
142,535,2,90,91
143,541,6,90,91
144,544,5,90,91
145,553,5,90,91
146,554,2,90,91
147,559,3,90,91
148,560,2,90,91
149,567,2,90,91
150,572,2,90,91
151,573,1,90,91
152,579,6,90,91
153,580,1,90,91
154,582,4,90,91
155,591,1,90,91
156,596,10,90,91
157,600,5,90,91
158,608,2,90,91
159,617,2,90,91
160,619,3,90,91
161,622,3,90,91
162,623,2,90,91
163,629,2,90,91
164,630,6,90,91
165,635,2,90,91
166,642,4,90,91
167,654,2,90,91
168,677,1,90,91
169,696,5,90,91
170,720,8,90,91
171,726,1,90,91
172,764,6,90,91
173,766,2,90,91
174,770,2,90,91
175,776,5,90,91
0,14,1,90,92
1,27,2,90,92
2,60,3,90,92
3,62,3,90,92
4,64,3,90,92
5,70,7,90,92
6,71,3,90,92
7,77,8,90,92
8,81,6,90,92
9,82,6,90,92
10,85,6,90,92
11,86,0,90,92
12,88,3,90,92
13,91,1,90,92
14,94,2,90,92
15,99,2,90,92
16,104,0,90,92
17,106,2,90,92
18,110,2,90,92
19,111,2,90,92
20,113,2,90,92
21,115,10,90,92
22,117,2,90,92
23,120,3,90,92
24,121,2,90,92
25,126,2,90,92
26,136,7,90,92
27,145,1,90,92
28,146,1,90,92
29,148,2,90,92
30,149,2,90,92
31,152,6,90,92
32,157,2,90,92
33,162,8,90,92
34,163,6,90,92
35,166,2,90,92
36,168,5,90,92
37,172,2,90,92
38,177,2,90,92
39,182,4,90,92
40,185,2,90,92
41,191,8,90,92
42,217,2,90,92
43,218,6,90,92
44,219,2,90,92
45,222,2,90,92
46,224,5,90,92
47,230,2,90,92
48,231,2,90,92
49,235,2,90,92
50,236,2,90,92
51,239,4,90,92
52,241,6,90,92
53,243,6,90,92
54,244,6,90,92
55,245,6,90,92
56,247,8,90,92
57,248,6,90,92
58,249,3,90,92
59,255,15,90,92
60,262,2,90,92
61,274,2,90,92
62,275,1,90,92
63,278,2,90,92
64,282,1,90,92
65,285,2,90,92
66,288,0,90,92
67,291,0,90,92
68,293,0,90,92
69,296,0,90,92
70,300,7,90,92
71,301,3,90,92
72,305,0,90,92
73,306,2,90,92
74,310,4,90,92
75,321,2,90,92
76,323,2,90,92
77,326,2,90,92
78,327,5,90,92
79,328,13,90,92
80,329,2,90,92
81,335,11,90,92
82,336,5,90,92
83,337,2,90,92
84,338,0,90,92
85,339,2,90,92
86,366,5,90,92
87,368,2,90,92
88,369,2,90,92
89,372,2,90,92
90,377,2,90,92
91,378,2,90,92
92,383,2,90,92
93,386,2,90,92
94,388,7,90,92
95,394,3,90,92
96,395,12,90,92
97,398,3,90,92
98,401,6,90,92
99,402,3,90,92
100,403,4,90,92
101,409,8,90,92
102,413,6,90,92
103,415,9,90,92
104,417,6,90,92
105,418,9,90,92
106,422,9,90,92
107,423,3,90,92
108,433,6,90,92
109,434,3,90,92
110,436,8,90,92
111,437,6,90,92
112,442,3,90,92
113,443,9,90,92
114,447,14,90,92
115,450,2,90,92
116,455,1,90,92
117,461,1,90,92
118,462,5,90,92
119,470,2,90,92
120,474,1,90,92
121,476,1,90,92
122,480,2,90,92
123,484,1,90,92
124,492,2,90,92
125,494,2,90,92
126,495,4,90,92
127,498,4,90,92
128,504,1,90,92
129,506,1,90,92
130,508,1,90,92
131,513,1,90,92
132,514,7,90,92
133,516,1,90,92
134,518,2,90,92
135,524,1,90,92
136,525,2,90,92
137,527,3,90,92
138,530,2,90,92
139,531,2,90,92
140,533,2,90,92
141,541,17,90,92
142,543,2,90,92
143,553,5,90,92
144,554,2,90,92
145,559,4,90,92
146,560,2,90,92
147,566,7,90,92
148,567,2,90,92
149,572,2,90,92
150,573,6,90,92
151,580,11,90,92
152,582,2,90,92
153,583,1,90,92
154,589,5,90,92
155,591,1,90,92
156,594,2,90,92
157,596,16,90,92
158,600,5,90,92
159,608,2,90,92
160,612,2,90,92
161,617,2,90,92
162,622,3,90,92
163,623,2,90,92
164,630,1,90,92
165,631,2,90,92
166,635,2,90,92
167,642,5,90,92
168,652,2,90,92
169,674,2,90,92
170,714,2,90,92
171,715,1,90,92
172,720,2,90,92
173,764,1,90,92
174,766,2,90,92
175,770,5,90,92
0,14,5,90,93
1,26,6,90,93
2,60,2,90,93
3,64,2,90,93
4,70,2,90,93
5,71,2,90,93
6,77,2,90,93
7,81,5,90,93
8,82,2,90,93
9,85,2,90,93
10,86,3,90,93
11,88,2,90,93
12,89,2,90,93
13,91,4,90,93
14,98,2,90,93
15,99,2,90,93
16,101,2,90,93
17,104,1,90,93
18,106,2,90,93
19,110,2,90,93
20,113,2,90,93
21,115,2,90,93
22,120,3,90,93
23,121,3,90,93
24,122,2,90,93
25,131,2,90,93
26,135,4,90,93
27,144,2,90,93
28,146,2,90,93
29,148,2,90,93
30,152,2,90,93
31,157,3,90,93
32,162,6,90,93
33,163,6,90,93
34,168,3,90,93
35,172,6,90,93
36,174,3,90,93
37,180,7,90,93
38,181,8,90,93
39,185,6,90,93
40,187,6,90,93
41,188,2,90,93
42,217,2,90,93
43,218,2,90,93
44,219,5,90,93
45,222,2,90,93
46,224,2,90,93
47,230,2,90,93
48,231,2,90,93
49,232,2,90,93
50,235,2,90,93
51,236,3,90,93
52,240,8,90,93
53,241,6,90,93
54,244,7,90,93
55,247,3,90,93
56,248,6,90,93
57,251,2,90,93
58,252,2,90,93
59,255,8,90,93
60,257,6,90,93
61,259,6,90,93
62,262,3,90,93
63,268,2,90,93
64,272,2,90,93
65,275,6,90,93
66,278,3,90,93
67,282,6,90,93
68,288,1,90,93
69,289,6,90,93
70,291,1,90,93
71,293,1,90,93
72,295,1,90,93
73,296,1,90,93
74,300,5,90,93
75,301,1,90,93
76,305,1,90,93
77,306,6,90,93
78,310,2,90,93
79,316,2,90,93
80,321,2,90,93
81,323,2,90,93
82,326,5,90,93
83,327,2,90,93
84,328,14,90,93
85,329,2,90,93
86,335,8,90,93
87,336,2,90,93
88,338,1,90,93
89,339,3,90,93
90,366,3,90,93
91,372,3,90,93
92,375,2,90,93
93,376,6,90,93
94,378,6,90,93
95,383,6,90,93
96,386,3,90,93
97,387,6,90,93
98,388,6,90,93
99,392,5,90,93
100,394,3,90,93
101,395,6,90,93
102,398,3,90,93
103,402,3,90,93
104,403,3,90,93
105,409,7,90,93
106,411,3,90,93
107,413,6,90,93
108,415,6,90,93
109,418,9,90,93
110,423,3,90,93
111,429,12,90,93
112,431,3,90,93
113,433,3,90,93
114,436,6,90,93
115,437,6,90,93
116,443,6,90,93
117,447,10,90,93
118,449,3,90,93
119,455,2,90,93
120,461,2,90,93
121,462,2,90,93
122,467,2,90,93
123,472,2,90,93
124,476,2,90,93
125,480,2,90,93
126,491,2,90,93
127,495,1,90,93
128,498,1,90,93
129,499,2,90,93
130,504,1,90,93
131,505,1,90,93
132,506,1,90,93
133,508,1,90,93
134,511,3,90,93
135,513,6,90,93
136,514,3,90,93
137,518,2,90,93
138,524,12,90,93
139,525,3,90,93
140,530,6,90,93
141,531,3,90,93
142,533,3,90,93
143,541,2,90,93
144,543,1,90,93
145,553,5,90,93
146,554,10,90,93
147,559,1,90,93
148,566,3,90,93
149,567,7,90,93
150,572,6,90,93
151,573,12,90,93
152,580,3,90,93
153,582,2,90,93
154,583,6,90,93
155,589,5,90,93
156,591,6,90,93
157,592,2,90,93
158,594,12,90,93
159,600,2,90,93
160,608,2,90,93
161,612,7,90,93
162,617,4,90,93
163,619,3,90,93
164,622,3,90,93
165,623,2,90,93
166,629,2,90,93
167,630,6,90,93
168,635,5,90,93
169,642,2,90,93
170,652,3,90,93
171,654,3,90,93
172,720,1,90,93
173,764,6,90,93
174,766,6,90,93
175,770,2,90,93
0,14,2,90,94
1,19,5,90,94
2,27,2,90,94
3,60,3,90,94
4,64,3,90,94
5,70,6,90,94
6,78,3,90,94
7,81,6,90,94
8,82,5,90,94
9,83,3,90,94
10,85,6,90,94
11,86,2,90,94
12,88,2,90,94
13,89,2,90,94
14,91,2,90,94
15,94,2,90,94
16,95,2,90,94
17,99,4,90,94
18,104,2,90,94
19,106,2,90,94
20,111,2,90,94
21,113,7,90,94
22,115,2,90,94
23,120,3,90,94
24,121,5,90,94
25,122,8,90,94
26,126,2,90,94
27,135,10,90,94
28,136,5,90,94
29,144,2,90,94
30,146,2,90,94
31,148,2,90,94
32,149,2,90,94
33,152,6,90,94
34,157,3,90,94
35,162,6,90,94
36,163,6,90,94
37,168,3,90,94
38,177,11,90,94
39,180,7,90,94
40,182,6,90,94
41,185,6,90,94
42,187,6,90,94
43,188,7,90,94
44,191,5,90,94
45,192,8,90,94
46,217,2,90,94
47,218,2,90,94
48,219,1,90,94
49,221,1,90,94
50,222,2,90,94
51,230,2,90,94
52,231,4,90,94
53,232,2,90,94
54,235,1,90,94
55,236,1,90,94
56,240,2,90,94
57,241,3,90,94
58,244,2,90,94
59,247,2,90,94
60,248,4,90,94
61,249,2,90,94
62,255,2,90,94
63,259,2,90,94
64,263,9,90,94
65,265,13,90,94
66,275,6,90,94
67,278,7,90,94
68,282,0,90,94
69,284,0,90,94
70,285,3,90,94
71,288,6,90,94
72,291,6,90,94
73,293,6,90,94
74,296,6,90,94
75,298,6,90,94
76,300,3,90,94
77,302,6,90,94
78,305,6,90,94
79,306,2,90,94
80,310,1,90,94
81,317,2,90,94
82,321,2,90,94
83,323,2,90,94
84,326,1,90,94
85,327,5,90,94
86,328,4,90,94
87,329,2,90,94
88,335,1,90,94
89,336,2,90,94
90,338,2,90,94
91,339,2,90,94
92,366,3,90,94
93,369,6,90,94
94,372,3,90,94
95,376,6,90,94
96,377,6,90,94
97,378,3,90,94
98,383,7,90,94
99,386,5,90,94
100,388,1,90,94
101,392,8,90,94
102,394,4,90,94
103,395,0,90,94
104,398,15,90,94
105,401,2,90,94
106,402,8,90,94
107,403,2,90,94
108,409,3,90,94
109,413,0,90,94
110,415,0,90,94
111,417,7,90,94
112,423,3,90,94
113,432,3,90,94
114,433,4,90,94
115,434,3,90,94
116,436,6,90,94
117,437,9,90,94
118,443,6,90,94
119,444,6,90,94
120,447,6,90,94
121,449,3,90,94
122,452,2,90,94
123,455,2,90,94
124,462,2,90,94
125,467,2,90,94
126,470,2,90,94
127,472,2,90,94
128,474,2,90,94
129,481,3,90,94
130,491,3,90,94
131,492,8,90,94
132,494,3,90,94
133,497,5,90,94
134,498,6,90,94
135,504,6,90,94
136,506,12,90,94
137,508,6,90,94
138,513,3,90,94
139,514,2,90,94
140,516,1,90,94
141,524,1,90,94
142,525,8,90,94
143,527,2,90,94
144,531,2,90,94
145,533,3,90,94
146,541,2,90,94
147,553,2,90,94
148,554,2,90,94
149,559,2,90,94
150,560,3,90,94
151,564,2,90,94
152,566,4,90,94
153,567,2,90,94
154,572,6,90,94
155,573,9,90,94
156,579,8,90,94
157,580,6,90,94
158,582,1,90,94
159,583,0,90,94
160,589,6,90,94
161,591,1,90,94
162,592,6,90,94
163,594,8,90,94
164,612,3,90,94
165,617,5,90,94
166,619,2,90,94
167,623,2,90,94
168,630,0,90,94
169,642,2,90,94
170,652,3,90,94
171,654,2,90,94
172,720,2,90,94
173,764,0,90,94
174,766,6,90,94
175,770,5,90,94
0,14,1,90,95
1,26,2,90,95
2,27,2,90,95
3,60,3,90,95
4,64,3,90,95
5,70,6,90,95
6,71,3,90,95
7,74,8,90,95
8,78,6,90,95
9,81,8,90,95
10,82,2,90,95
11,85,6,90,95
12,86,2,90,95
13,88,1,90,95
14,91,1,90,95
15,94,2,90,95
16,98,2,90,95
17,99,5,90,95
18,100,1,90,95
19,106,7,90,95
20,110,4,90,95
21,115,2,90,95
22,120,2,90,95
23,121,2,90,95
24,122,5,90,95
25,126,4,90,95
26,144,2,90,95
27,146,2,90,95
28,148,10,90,95
29,149,2,90,95
30,152,6,90,95
31,157,3,90,95
32,159,6,90,95
33,162,6,90,95
34,163,6,90,95
35,168,3,90,95
36,172,6,90,95
37,177,6,90,95
38,180,6,90,95
39,182,3,90,95
40,185,6,90,95
41,188,2,90,95
42,191,1,90,95
43,217,2,90,95
44,218,4,90,95
45,219,1,90,95
46,222,5,90,95
47,224,2,90,95
48,230,2,90,95
49,231,1,90,95
50,232,2,90,95
51,234,1,90,95
52,235,1,90,95
53,241,2,90,95
54,244,1,90,95
55,245,1,90,95
56,247,7,90,95
57,248,4,90,95
58,249,5,90,95
59,252,4,90,95
60,255,1,90,95
61,263,1,90,95
62,268,2,90,95
63,272,2,90,95
64,275,1,90,95
65,278,2,90,95
66,282,1,90,95
67,289,2,90,95
68,290,2,90,95
69,291,2,90,95
70,293,2,90,95
71,295,2,90,95
72,296,2,90,95
73,298,2,90,95
74,300,4,90,95
75,305,2,90,95
76,306,2,90,95
77,310,2,90,95
78,311,2,90,95
79,313,2,90,95
80,317,3,90,95
81,323,2,90,95
82,324,2,90,95
83,326,5,90,95
84,327,2,90,95
85,328,2,90,95
86,336,2,90,95
87,338,1,90,95
88,339,4,90,95
89,366,3,90,95
90,368,2,90,95
91,369,2,90,95
92,370,2,90,95
93,375,5,90,95
94,377,2,90,95
95,383,2,90,95
96,387,2,90,95
97,392,11,90,95
98,394,3,90,95
99,395,6,90,95
100,398,3,90,95
101,401,6,90,95
102,403,8,90,95
103,409,7,90,95
104,413,6,90,95
105,415,6,90,95
106,417,11,90,95
107,421,5,90,95
108,423,5,90,95
109,432,7,90,95
110,433,10,90,95
111,436,2,90,95
112,437,2,90,95
113,443,2,90,95
114,447,2,90,95
115,449,7,90,95
116,452,2,90,95
117,455,4,90,95
118,461,1,90,95
119,462,2,90,95
120,470,10,90,95
121,472,1,90,95
122,476,1,90,95
123,480,3,90,95
124,491,3,90,95
125,492,8,90,95
126,494,3,90,95
127,497,5,90,95
128,503,3,90,95
129,505,6,90,95
130,506,6,90,95
131,508,6,90,95
132,513,1,90,95
133,514,5,90,95
134,524,1,90,95
135,525,2,90,95
136,527,2,90,95
137,528,1,90,95
138,530,2,90,95
139,531,2,90,95
140,533,6,90,95
141,541,5,90,95
142,543,6,90,95
143,544,3,90,95
144,553,4,90,95
145,554,6,90,95
146,559,6,90,95
147,560,12,90,95
148,567,6,90,95
149,572,2,90,95
150,580,6,90,95
151,582,1,90,95
152,583,1,90,95
153,589,9,90,95
154,591,1,90,95
155,594,2,90,95
156,595,5,90,95
157,596,5,90,95
158,600,2,90,95
159,619,2,90,95
160,622,2,90,95
161,629,3,90,95
162,630,1,90,95
163,635,2,90,95
164,642,3,90,95
165,652,2,90,95
166,653,2,90,95
167,677,1,90,95
168,687,3,90,95
169,718,1,90,95
170,720,12,90,95
171,757,1,90,95
172,764,1,90,95
173,768,3,90,95
174,770,3,90,95
175,772,7,90,95
0,14,2,90,96
1,60,3,90,96
2,62,6,90,96
3,64,3,90,96
4,70,6,90,96
5,71,4,90,96
6,78,3,90,96
7,81,9,90,96
8,82,5,90,96
9,85,9,90,96
10,89,2,90,96
11,91,1,90,96
12,92,1,90,96
13,94,2,90,96
14,95,2,90,96
15,99,2,90,96
16,101,2,90,96
17,110,5,90,96
18,111,2,90,96
19,113,5,90,96
20,115,2,90,96
21,121,5,90,96
22,122,3,90,96
23,126,2,90,96
24,135,2,90,96
25,136,2,90,96
26,144,1,90,96
27,146,1,90,96
28,148,7,90,96
29,152,6,90,96
30,157,2,90,96
31,159,1,90,96
32,162,4,90,96
33,163,1,90,96
34,171,1,90,96
35,177,10,90,96
36,180,3,90,96
37,182,20,90,96
38,185,1,90,96
39,187,1,90,96
40,188,2,90,96
41,191,8,90,96
42,192,2,90,96
43,217,7,90,96
44,218,2,90,96
45,219,2,90,96
46,221,0,90,96
47,224,2,90,96
48,230,5,90,96
49,231,0,90,96
50,232,6,90,96
51,235,0,90,96
52,236,3,90,96
53,241,2,90,96
54,244,2,90,96
55,247,5,90,96
56,248,2,90,96
57,249,2,90,96
58,252,2,90,96
59,255,3,90,96
60,259,2,90,96
61,263,7,90,96
62,268,6,90,96
63,270,1,90,96
64,275,1,90,96
65,278,2,90,96
66,282,1,90,96
67,288,1,90,96
68,291,1,90,96
69,293,1,90,96
70,296,1,90,96
71,298,2,90,96
72,300,2,90,96
73,302,1,90,96
74,305,1,90,96
75,306,2,90,96
76,310,1,90,96
77,313,1,90,96
78,317,7,90,96
79,321,2,90,96
80,323,7,90,96
81,326,9,90,96
82,327,2,90,96
83,328,11,90,96
84,329,2,90,96
85,335,4,90,96
86,338,1,90,96
87,339,4,90,96
88,366,2,90,96
89,368,2,90,96
90,369,3,90,96
91,372,2,90,96
92,377,1,90,96
93,378,2,90,96
94,382,2,90,96
95,383,1,90,96
96,388,2,90,96
97,394,2,90,96
98,395,1,90,96
99,397,2,90,96
100,398,10,90,96
101,402,2,90,96
102,409,2,90,96
103,413,1,90,96
104,415,3,90,96
105,417,2,90,96
106,418,1,90,96
107,420,5,90,96
108,421,6,90,96
109,422,6,90,96
110,423,4,90,96
111,431,3,90,96
112,433,8,90,96
113,434,3,90,96
114,436,12,90,96
115,437,6,90,96
116,443,6,90,96
117,447,9,90,96
118,449,3,90,96
119,455,4,90,96
120,461,2,90,96
121,467,2,90,96
122,470,2,90,96
123,472,5,90,96
124,476,8,90,96
125,480,2,90,96
126,494,7,90,96
127,497,2,90,96
128,498,0,90,96
129,503,5,90,96
130,505,0,90,96
131,506,0,90,96
132,508,0,90,96
133,513,2,90,96
134,514,2,90,96
135,516,2,90,96
136,520,2,90,96
137,524,5,90,96
138,525,2,90,96
139,526,2,90,96
140,527,2,90,96
141,531,2,90,96
142,533,6,90,96
143,541,6,90,96
144,543,12,90,96
145,553,3,90,96
146,554,7,90,96
147,559,6,90,96
148,560,5,90,96
149,566,5,90,96
150,567,6,90,96
151,572,1,90,96
152,573,6,90,96
153,579,2,90,96
154,580,6,90,96
155,582,6,90,96
156,583,1,90,96
157,589,10,90,96
158,594,1,90,96
159,600,2,90,96
160,608,2,90,96
161,612,7,90,96
162,617,10,90,96
163,619,2,90,96
164,622,5,90,96
165,623,2,90,96
166,629,2,90,96
167,630,1,90,96
168,634,2,90,96
169,635,2,90,96
170,642,8,90,96
171,720,6,90,96
172,764,4,90,96
173,766,1,90,96
174,768,2,90,96
175,770,3,90,96
0,14,1,90,97
1,19,3,90,97
2,60,2,90,97
3,64,2,90,97
4,70,3,90,97
5,71,2,90,97
6,77,2,90,97
7,78,2,90,97
8,79,1,90,97
9,82,2,90,97
10,85,1,90,97
11,86,0,90,97
12,88,0,90,97
13,89,6,90,97
14,91,3,90,97
15,95,2,90,97
16,98,2,90,97
17,99,5,90,97
18,101,2,90,97
19,104,0,90,97
20,110,6,90,97
21,113,2,90,97
22,115,2,90,97
23,120,1,90,97
24,121,2,90,97
25,122,1,90,97
26,126,2,90,97
27,144,1,90,97
28,146,1,90,97
29,148,5,90,97
30,152,1,90,97
31,157,2,90,97
32,162,2,90,97
33,163,2,90,97
34,168,5,90,97
35,171,2,90,97
36,172,2,90,97
37,177,7,90,97
38,180,2,90,97
39,182,4,90,97
40,185,2,90,97
41,188,2,90,97
42,191,1,90,97
43,217,2,90,97
44,219,2,90,97
45,222,2,90,97
46,224,2,90,97
47,226,2,90,97
48,228,2,90,97
49,231,2,90,97
50,232,6,90,97
51,235,5,90,97
52,236,2,90,97
53,240,2,90,97
54,244,4,90,97
55,245,7,90,97
56,247,5,90,97
57,248,3,90,97
58,249,2,90,97
59,252,9,90,97
60,255,1,90,97
61,263,1,90,97
62,270,4,90,97
63,274,2,90,97
64,275,1,90,97
65,278,2,90,97
66,282,1,90,97
67,285,3,90,97
68,288,6,90,97
69,291,12,90,97
70,293,6,90,97
71,296,6,90,97
72,298,6,90,97
73,300,3,90,97
74,302,6,90,97
75,305,13,90,97
76,306,13,90,97
77,310,2,90,97
78,311,8,90,97
79,319,2,90,97
80,323,4,90,97
81,326,5,90,97
82,327,10,90,97
83,328,20,90,97
84,329,2,90,97
85,335,2,90,97
86,336,10,90,97
87,338,6,90,97
88,339,2,90,97
89,366,3,90,97
90,369,6,90,97
91,375,6,90,97
92,377,6,90,97
93,382,6,90,97
94,383,6,90,97
95,387,6,90,97
96,388,12,90,97
97,394,2,90,97
98,395,2,90,97
99,398,8,90,97
100,401,8,90,97
101,402,10,90,97
102,403,2,90,97
103,409,3,90,97
104,413,2,90,97
105,415,2,90,97
106,417,2,90,97
107,418,2,90,97
108,422,7,90,97
109,423,2,90,97
110,431,2,90,97
111,432,5,90,97
112,433,5,90,97
113,434,4,90,97
114,437,1,90,97
115,443,1,90,97
116,447,6,90,97
117,455,4,90,97
118,461,1,90,97
119,462,2,90,97
120,467,1,90,97
121,470,6,90,97
122,472,1,90,97
123,474,7,90,97
124,476,4,90,97
125,480,3,90,97
126,491,7,90,97
127,494,2,90,97
128,498,0,90,97
129,499,2,90,97
130,504,0,90,97
131,505,0,90,97
132,506,0,90,97
133,508,0,90,97
134,513,8,90,97
135,514,14,90,97
136,520,6,90,97
137,524,6,90,97
138,527,3,90,97
139,528,6,90,97
140,531,6,90,97
141,541,2,90,97
142,543,1,90,97
143,553,2,90,97
144,554,1,90,97
145,559,1,90,97
146,560,3,90,97
147,564,1,90,97
148,566,2,90,97
149,567,3,90,97
150,572,12,90,97
151,573,13,90,97
152,580,4,90,97
153,582,5,90,97
154,591,6,90,97
155,594,6,90,97
156,595,2,90,97
157,596,2,90,97
158,600,2,90,97
159,612,2,90,97
160,617,3,90,97
161,619,7,90,97
162,622,2,90,97
163,623,2,90,97
164,630,1,90,97
165,631,2,90,97
166,635,3,90,97
167,642,2,90,97
168,652,6,90,97
169,654,3,90,97
170,677,12,90,97
171,720,1,90,97
172,763,1,90,97
173,764,1,90,97
174,766,6,90,97
175,770,2,90,97
0,14,1,90,98
1,26,5,90,98
2,27,2,90,98
3,60,2,90,98
4,62,5,90,98
5,64,10,90,98
6,70,7,90,98
7,78,2,90,98
8,81,2,90,98
9,82,2,90,98
10,83,10,90,98
11,85,2,90,98
12,86,6,90,98
13,88,6,90,98
14,89,3,90,98
15,91,6,90,98
16,94,3,90,98
17,98,3,90,98
18,99,5,90,98
19,101,3,90,98
20,110,7,90,98
21,111,6,90,98
22,113,2,90,98
23,120,3,90,98
24,121,2,90,98
25,122,2,90,98
26,126,2,90,98
27,135,2,90,98
28,136,7,90,98
29,146,2,90,98
30,148,2,90,98
31,152,2,90,98
32,157,2,90,98
33,159,1,90,98
34,162,2,90,98
35,163,4,90,98
36,168,5,90,98
37,171,1,90,98
38,172,4,90,98
39,180,6,90,98
40,182,5,90,98
41,185,1,90,98
42,188,2,90,98
43,191,6,90,98
44,217,2,90,98
45,218,6,90,98
46,219,1,90,98
47,222,5,90,98
48,230,2,90,98
49,231,1,90,98
50,232,8,90,98
51,235,1,90,98
52,236,1,90,98
53,240,3,90,98
54,241,8,90,98
55,244,9,90,98
56,245,6,90,98
57,247,12,90,98
58,248,6,90,98
59,249,3,90,98
60,252,9,90,98
61,262,2,90,98
62,263,4,90,98
63,270,1,90,98
64,275,7,90,98
65,278,3,90,98
66,282,1,90,98
67,285,2,90,98
68,288,2,90,98
69,289,2,90,98
70,291,2,90,98
71,293,2,90,98
72,295,2,90,98
73,300,2,90,98
74,302,2,90,98
75,305,5,90,98
76,306,2,90,98
77,310,9,90,98
78,317,3,90,98
79,321,8,90,98
80,326,6,90,98
81,327,3,90,98
82,328,9,90,98
83,329,3,90,98
84,336,3,90,98
85,337,9,90,98
86,338,6,90,98
87,339,6,90,98
88,366,2,90,98
89,369,1,90,98
90,370,2,90,98
91,372,5,90,98
92,375,7,90,98
93,377,1,90,98
94,378,2,90,98
95,383,1,90,98
96,387,1,90,98
97,388,2,90,98
98,392,7,90,98
99,394,2,90,98
100,395,2,90,98
101,402,8,90,98
102,403,4,90,98
103,409,2,90,98
104,413,2,90,98
105,415,2,90,98
106,417,2,90,98
107,418,2,90,98
108,421,6,90,98
109,422,2,90,98
110,423,2,90,98
111,432,2,90,98
112,433,2,90,98
113,434,2,90,98
114,437,2,90,98
115,443,2,90,98
116,447,2,90,98
117,450,10,90,98
118,455,1,90,98
119,461,1,90,98
120,462,2,90,98
121,470,2,90,98
122,472,1,90,98
123,476,1,90,98
124,477,1,90,98
125,480,2,90,98
126,491,2,90,98
127,492,2,90,98
128,494,2,90,98
129,498,0,90,98
130,504,0,90,98
131,505,0,90,98
132,506,0,90,98
133,508,0,90,98
134,513,4,90,98
135,514,2,90,98
136,524,2,90,98
137,525,7,90,98
138,527,5,90,98
139,528,2,90,98
140,530,2,90,98
141,533,7,90,98
142,541,2,90,98
143,553,6,90,98
144,554,6,90,98
145,559,6,90,98
146,560,12,90,98
147,564,6,90,98
148,566,6,90,98
149,567,6,90,98
150,573,2,90,98
151,582,1,90,98
152,583,1,90,98
153,586,12,90,98
154,589,2,90,98
155,591,2,90,98
156,592,2,90,98
157,594,1,90,98
158,595,5,90,98
159,600,5,90,98
160,612,2,90,98
161,617,6,90,98
162,619,2,90,98
163,620,2,90,98
164,622,3,90,98
165,623,2,90,98
166,630,1,90,98
167,635,4,90,98
168,636,16,90,98
169,642,3,90,98
170,652,2,90,98
171,654,2,90,98
172,714,2,90,98
173,720,6,90,98
174,764,1,90,98
175,770,3,90,98
0,14,0,90,99
1,19,2,90,99
2,60,2,90,99
3,64,2,90,99
4,70,2,90,99
5,71,7,90,99
6,77,2,90,99
7,78,4,90,99
8,82,3,90,99
9,83,5,90,99
10,85,2,90,99
11,86,6,90,99
12,88,6,90,99
13,89,3,90,99
14,91,6,90,99
15,94,3,90,99
16,98,6,90,99
17,99,7,90,99
18,101,3,90,99
19,106,8,90,99
20,110,6,90,99
21,113,3,90,99
22,115,3,90,99
23,120,11,90,99
24,121,2,90,99
25,122,6,90,99
26,135,3,90,99
27,136,3,90,99
28,144,6,90,99
29,146,6,90,99
30,148,2,90,99
31,152,2,90,99
32,157,7,90,99
33,159,1,90,99
34,163,1,90,99
35,166,2,90,99
36,168,5,90,99
37,180,8,90,99
38,181,10,90,99
39,182,8,90,99
40,185,1,90,99
41,191,1,90,99
42,219,1,90,99
43,222,5,90,99
44,223,7,90,99
45,224,2,90,99
46,230,2,90,99
47,231,1,90,99
48,232,9,90,99
49,235,2,90,99
50,236,1,90,99
51,239,17,90,99
52,240,4,90,99
53,241,1,90,99
54,244,10,90,99
55,248,7,90,99
56,249,2,90,99
57,252,8,90,99
58,255,1,90,99
59,263,2,90,99
60,272,2,90,99
61,275,2,90,99
62,278,2,90,99
63,281,2,90,99
64,285,2,90,99
65,289,2,90,99
66,291,1,90,99
67,293,1,90,99
68,296,1,90,99
69,298,2,90,99
70,299,2,90,99
71,300,2,90,99
72,305,4,90,99
73,306,2,90,99
74,310,6,90,99
75,323,3,90,99
76,324,3,90,99
77,326,6,90,99
78,327,5,90,99
79,328,3,90,99
80,329,3,90,99
81,335,6,90,99
82,336,3,90,99
83,337,6,90,99
84,338,6,90,99
85,339,6,90,99
86,366,6,90,99
87,368,2,90,99
88,369,2,90,99
89,370,2,90,99
90,372,2,90,99
91,375,6,90,99
92,377,2,90,99
93,383,5,90,99
94,386,2,90,99
95,387,2,90,99
96,392,3,90,99
97,394,3,90,99
98,395,6,90,99
99,398,6,90,99
100,401,7,90,99
101,403,3,90,99
102,409,6,90,99
103,413,6,90,99
104,415,6,90,99
105,417,3,90,99
106,418,11,90,99
107,422,1,90,99
108,423,2,90,99
109,431,2,90,99
110,433,2,90,99
111,434,2,90,99
112,436,1,90,99
113,437,1,90,99
114,443,1,90,99
115,447,4,90,99
116,449,2,90,99
117,450,2,90,99
118,452,2,90,99
119,455,0,90,99
120,461,4,90,99
121,462,2,90,99
122,467,6,90,99
123,471,2,90,99
124,472,0,90,99
125,476,3,90,99
126,480,3,90,99
127,481,3,90,99
128,492,3,90,99
129,495,6,90,99
130,498,6,90,99
131,503,3,90,99
132,504,6,90,99
133,505,6,90,99
134,506,6,90,99
135,508,9,90,99
136,513,2,90,99
137,514,3,90,99
138,516,2,90,99
139,520,2,90,99
140,524,2,90,99
141,527,2,90,99
142,528,2,90,99
143,530,2,90,99
144,533,8,90,99
145,535,2,90,99
146,541,6,90,99
147,553,4,90,99
148,554,2,90,99
149,559,2,90,99
150,560,2,90,99
151,566,6,90,99
152,567,3,90,99
153,573,1,90,99
154,580,2,90,99
155,582,1,90,99
156,583,2,90,99
157,589,2,90,99
158,591,2,90,99
159,594,2,90,99
160,595,8,90,99
161,600,6,90,99
162,608,2,90,99
163,617,2,90,99
164,619,2,90,99
165,622,2,90,99
166,623,7,90,99
167,630,2,90,99
168,631,2,90,99
169,635,7,90,99
170,642,2,90,99
171,654,2,90,99
172,720,2,90,99
173,764,2,90,99
174,766,2,90,99
175,770,2,90,99
0,14,1,90,100
1,26,6,90,100
2,27,2,90,100
3,62,2,90,100
4,64,2,90,100
5,70,2,90,100
6,71,8,90,100
7,77,2,90,100
8,78,4,90,100
9,81,2,90,100
10,82,2,90,100
11,83,7,90,100
12,85,2,90,100
13,86,6,90,100
14,88,6,90,100
15,89,3,90,100
16,91,6,90,100
17,95,3,90,100
18,98,3,90,100
19,99,3,90,100
20,101,3,90,100
21,106,3,90,100
22,110,5,90,100
23,111,3,90,100
24,115,3,90,100
25,117,8,90,100
26,120,8,90,100
27,121,2,90,100
28,122,6,90,100
29,126,6,90,100
30,135,3,90,100
31,145,6,90,100
32,146,6,90,100
33,148,9,90,100
34,152,2,90,100
35,157,3,90,100
36,159,6,90,100
37,162,6,90,100
38,163,6,90,100
39,168,3,90,100
40,172,12,90,100
41,180,2,90,100
42,181,3,90,100
43,182,16,90,100
44,185,6,90,100
45,188,4,90,100
46,191,6,90,100
47,217,2,90,100
48,219,1,90,100
49,222,2,90,100
50,223,2,90,100
51,226,2,90,100
52,230,2,90,100
53,231,1,90,100
54,232,3,90,100
55,235,1,90,100
56,238,1,90,100
57,239,3,90,100
58,241,6,90,100
59,245,6,90,100
60,247,11,90,100
61,248,6,90,100
62,249,3,90,100
63,251,2,90,100
64,252,6,90,100
65,255,6,90,100
66,270,2,90,100
67,272,2,90,100
68,274,2,90,100
69,278,2,90,100
70,281,2,90,100
71,282,2,90,100
72,285,3,90,100
73,289,2,90,100
74,290,3,90,100
75,293,6,90,100
76,296,6,90,100
77,300,3,90,100
78,302,6,90,100
79,305,6,90,100
80,306,2,90,100
81,310,2,90,100
82,313,2,90,100
83,323,2,90,100
84,326,2,90,100
85,327,3,90,100
86,328,4,90,100
87,329,2,90,100
88,335,2,90,100
89,336,2,90,100
90,337,2,90,100
91,339,2,90,100
92,366,2,90,100
93,368,2,90,100
94,369,2,90,100
95,375,6,90,100
96,377,2,90,100
97,378,2,90,100
98,383,3,90,100
99,387,2,90,100
100,388,3,90,100
101,394,3,90,100
102,395,7,90,100
103,401,2,90,100
104,402,6,90,100
105,403,8,90,100
106,409,6,90,100
107,413,6,90,100
108,415,6,90,100
109,417,3,90,100
110,418,6,90,100
111,420,3,90,100
112,425,6,90,100
113,431,3,90,100
114,432,4,90,100
115,433,3,90,100
116,434,3,90,100
117,437,8,90,100
118,443,6,90,100
119,444,6,90,100
120,455,1,90,100
121,461,1,90,100
122,467,1,90,100
123,472,4,90,100
124,476,1,90,100
125,480,3,90,100
126,492,3,90,100
127,494,3,90,100
128,495,6,90,100
129,498,6,90,100
130,504,12,90,100
131,505,6,90,100
132,506,6,90,100
133,508,6,90,100
134,511,2,90,100
135,513,2,90,100
136,516,2,90,100
137,520,2,90,100
138,524,2,90,100
139,525,2,90,100
140,526,2,90,100
141,531,2,90,100
142,541,5,90,100
143,543,2,90,100
144,550,2,90,100
145,553,2,90,100
146,554,3,90,100
147,559,2,90,100
148,560,11,90,100
149,566,4,90,100
150,567,2,90,100
151,572,2,90,100
152,573,6,90,100
153,580,2,90,100
154,582,3,90,100
155,583,2,90,100
156,591,2,90,100
157,593,5,90,100
158,595,3,90,100
159,600,3,90,100
160,608,2,90,100
161,612,8,90,100
162,619,4,90,100
163,622,3,90,100
164,623,3,90,100
165,630,5,90,100
166,635,3,90,100
167,642,2,90,100
168,653,6,90,100
169,677,2,90,100
170,714,3,90,100
171,718,1,90,100
172,720,2,90,100
173,764,2,90,100
174,766,2,90,100
175,770,2,90,100
