,player_id,web_name,team_code,element_type,now_cost,event,points_md,is_captain,multiplier,starting_lineup,selected_by_percent,gw_points
0,455,Fabianski,21,1,50,9,3.762,False,1,1,1.2,3.762
1,276,Matip,14,2,59,9,3.98,False,1,1,0.9,3.98
2,292,Tsimikas,14,2,45,9,3.804,False,1,1,0.2,3.804
3,409,Walker-Peters,20,2,45,9,3.409,False,1,1,1.5,3.409
4,142,Mount,8,3,76,9,3.897,False,1,1,3.4,3.897
5,264,Barnes,13,3,69,9,4.007,False,1,1,1.1,4.007
6,465,Bowen,21,3,81,9,4.837,False,1,1,3.9,4.837
7,603,Paquetá,21,3,60,9,3.7460000000000004,False,1,1,1.3,3.7460000000000004
8,66,Solanke,91,4,57,9,4.2360000000000015,False,1,1,0.5,4.2360000000000015
9,227,Bamford,2,4,73,9,4.372,False,1,1,0.4,4.372
10,255,Vardy,13,4,92,9,5.271,True,2,1,2.3,10.542
11,422,Bazunu,20,1,45,9,3.5580000000000003,False,0,0,0.8,0.0
12,249,Evans,13,2,44,9,3.3810000000000002,False,0,0,0.3,0.0
13,302,Stones,43,2,54,9,3.2680000000000002,False,0,0,2.2,0.0
14,233,Harrison,2,3,62,9,3.745,False,0,0,4.8,0.0
