,player_id,web_name,team_code,element_type,now_cost,event,points_md,is_captain,multiplier,starting_lineup,selected_by_percent,gw_points
0,425,Lloris,6,1,55,3,3.97,False,1,1,4.5,3.97
1,194,Mykolenko,11,2,45,3,4.0089999999999995,False,1,1,0.3,4.0089999999999995
2,430,Dier,6,2,50,3,4.0710000000000015,False,1,1,4.4,4.0710000000000015
3,443,Romero,6,2,50,3,3.938,False,1,1,2.6,3.938
4,169,Eze,31,3,55,3,3.843,False,1,1,1.0,3.843
5,189,Gray,11,3,55,3,4.224,False,1,1,0.9,4.224
6,195,Gordon,11,3,55,3,4.147,False,1,1,1.4,4.147
7,261,Maddison,13,3,80,3,4.9830000000000005,True,2,1,4.7,9.966000000000001
8,303,Mahrez,43,3,80,3,3.72,False,1,1,4.9,3.72
9,103,Welbeck,36,4,65,3,3.742,False,1,1,1.2,3.742
10,255,Vardy,13,4,95,3,4.86,False,1,1,4.5,4.86
11,455,Fabianski,21,1,50,3,3.65,False,0,0,1.1,0.0
12,258,Castagne,13,2,45,3,3.707,False,0,0,2.0,0.0
13,308,Aké,43,2,50,3,3.4419999999999997,False,0,0,1.6,0.0
14,40,Watkins,7,4,74,3,3.639,False,0,0,3.0,0.0
