,player_id,web_name,team_code,element_type,now_cost,points_md,is_captain,multiplier,starting_lineup,selected_by_percent,gw_points
0,102,Steele,36,1,40,5.034750000000001,False,1,1,4.4,5.034750000000001
1,312,Dias,43,2,60,4.39725,False,1,1,7.5,4.39725
2,332,Shaw,1,2,51,4.33825,False,1,1,16.4,4.33825
3,357,Trippier,4,2,61,4.6685,False,1,1,66.1,4.6685
4,107,March,36,3,53,5.565250000000001,False,1,1,14.5,5.565250000000001
5,124,Mitoma,36,3,56,5.733750000000001,False,1,1,27.8,5.733750000000001
6,283,Salah,14,3,130,5.9887500000000005,False,1,1,34.3,5.9887500000000005
7,333,Fernandes,1,3,94,5.8995,False,1,1,7.3,5.8995
8,335,Rashford,1,3,72,6.8870000000000005,False,1,1,44.7,6.8870000000000005
9,318,Haaland,43,4,124,8.027000000000001,True,2,1,83.0,16.054000000000002
10,594,Isak,4,4,69,4.68925,False,1,1,10.6,4.68925
11,133,Arrizabalaga,8,1,46,4.157,False,0,0,7.2,0.0
12,272,W.Fofana,8,2,43,3.2745,False,0,0,1.0,0.0
13,377,Botman,4,2,45,3.84625,False,0,0,6.6,0.0
14,66,Solanke,91,4,56,3.926,False,0,0,4.0,0.0
