,player_id,web_name,team_code,element_type,now_cost,event,points_md,is_captain,multiplier,starting_lineup,selected_by_percent,gw_points
0,102,Steele,36,1,40,35,4.061,False,1,1,4.3,4.061
1,285,Alexander-Arnold,14,2,76,35,4.984,False,1,1,26.7,4.984
2,302,Stones,43,2,56,35,4.033,False,1,1,7.8,4.033
3,733,Pedro Porro,6,2,48,35,4.41,False,1,1,0.8,4.41
4,107,March,36,3,53,35,5.1610000000000005,False,1,1,14.6,5.1610000000000005
5,124,Mitoma,36,3,56,35,5.1579999999999995,False,1,1,27.8,5.1579999999999995
6,283,Salah,14,3,130,35,6.42,False,1,1,34.2,6.42
7,335,Rashford,1,3,72,35,5.3210000000000015,False,1,1,44.6,5.3210000000000015
8,680,Gakpo,14,3,77,35,4.928999999999999,False,1,1,6.4,4.928999999999999
9,318,Haaland,43,4,124,35,8.144,True,2,1,83.0,16.288
10,427,Kane,6,4,114,35,5.9239999999999995,False,1,1,29.3,5.9239999999999995
11,502,Carson,43,1,38,35,0.0,False,0,0,0.4,0.0
12,295,N.Williams,17,2,38,35,0.0,False,0,0,13.6,0.0
13,555,Ashby,4,2,38,35,0.0,False,0,0,0.6,0.0
14,237,Greenwood,2,4,40,35,0.08,False,0,0,10.7,0.0
