,player_id,web_name,team_code,element_type,now_cost,event,points_md,is_captain,multiplier,starting_lineup,selected_by_percent,gw_points
0,307,Ederson,43,1,54,35,4.346,False,1,1,15.3,4.346
1,285,Alexander-Arnold,14,2,76,35,5.044,False,1,1,26.6,5.044
2,448,Perišić,6,2,53,35,3.95,False,1,1,15.1,3.95
3,628,Aurier,17,2,43,35,3.87,False,1,1,0.3,3.87
4,116,Mac Allister,36,3,55,35,4.857,False,1,1,7.0,4.857
5,124,Mitoma,36,3,56,35,5.239,False,1,1,27.8,5.239
6,283,Salah,14,3,130,35,6.676,False,1,1,34.2,6.676
7,335,Rashford,1,3,72,35,5.178999999999999,False,1,1,44.6,5.178999999999999
8,493,Gibbs-White,17,3,55,35,4.481,False,1,1,0.6,4.481
9,66,Solanke,91,4,56,35,4.378,False,1,1,4.0,4.378
10,318,Haaland,43,4,124,35,8.314,True,2,1,83.0,16.628
11,102,Steele,36,1,40,35,4.008,False,0,0,4.3,0.0
12,302,Stones,43,2,56,35,4.563,False,0,0,7.8,0.0
13,733,Pedro Porro,6,2,48,35,4.204,False,0,0,0.8,0.0
14,40,Watkins,7,4,76,35,4.718999999999999,False,0,0,20.1,0.0
