,player_id,web_name,team_code,element_type,now_cost,event,points_md,is_captain,multiplier,starting_lineup,selected_by_percent,gw_points
0,102,Steele,36,1,40,35,4.061,False,1,1,4.3,4.061
1,139,Chilwell,8,2,57,35,3.78,False,1,1,4.7,3.78
2,628,Aurier,17,2,43,35,3.863,False,1,1,0.3,3.863
3,733,Pedro Porro,6,2,48,35,4.41,True,2,1,0.8,8.82
4,261,Maddison,13,3,79,35,4.251,False,1,1,5.0,4.251
5,303,Mahrez,43,3,73,35,4.204,False,1,1,4.4,4.204
6,315,Rodri,43,3,56,35,3.8360000000000003,False,1,1,1.8,3.8360000000000003
7,493,Gibbs-White,17,3,55,35,4.143,False,1,1,0.6,4.143
8,614,Willian,54,3,55,35,3.827,False,1,1,0.3,3.827
9,66,Solanke,91,4,56,35,4.237,False,1,1,4.0,4.237
10,319,Álvarez,43,4,60,35,4.25,False,1,1,2.4,4.25
11,2,Leno,54,1,46,35,3.612,False,0,0,3.5,0.0
12,109,Veltman,36,2,46,35,3.235,False,0,0,3.2,0.0
13,290,Konaté,14,2,48,35,3.4419999999999997,False,0,0,1.3,0.0
14,394,Johnson,17,4,56,35,3.68,False,0,0,1.7,0.0
