,player_id,web_name,team_code,element_type,now_cost,event,points_md,is_captain,multiplier,starting_lineup,selected_by_percent,gw_points
0,257,Ederson,43,1,61,24,4.51,False,1,1,12.2,4.51
1,234,Robertson,14,2,71,24,5.096,False,1,1,4.6,5.096
2,237,Alexander-Arnold,14,2,85,24,5.922999999999999,False,1,1,47.0,5.922999999999999
3,256,Cancelo,43,2,71,24,5.193,False,1,1,45.9,5.193
4,370,Reguilón,6,2,54,24,4.397,False,1,1,17.2,4.397
5,240,Jota,14,3,84,24,4.97,False,1,1,39.7,4.97
6,265,Foden,43,3,80,24,6.046,True,2,1,8.0,12.092
7,359,Son,6,3,106,24,5.399,False,1,1,12.8,5.399
8,416,Lanzini,21,3,58,24,4.645,False,1,1,0.8,4.645
9,420,Bowen,21,3,69,24,5.599,False,1,1,29.2,5.599
10,413,Antonio,21,4,79,24,5.119,False,1,1,42.4,5.119
11,448,Gunn,45,1,40,24,3.494,False,0,0,1.4,0.0
12,367,Sánchez,6,2,46,24,4.08,False,0,0,3.2,0.0
13,329,Idah,45,4,49,24,2.883,False,0,0,0.8,0.0
14,577,Gelhardt,2,4,46,24,1.45,False,0,0,2.0,0.0
