,player_id,web_name,team_code,element_type,now_cost,event,points_md,is_captain,multiplier,starting_lineup,selected_by_percent,gw_points
0,559,Ramsdale,3,1,47,11,4.01,False,1,1,8.0,4.01
1,23,Gabriel,3,2,50,11,4.437,False,1,1,1.3,4.437
2,135,Chilwell,8,2,60,11,4.746,False,1,1,17.6,4.746
3,142,James,8,2,57,11,5.9289999999999985,False,1,1,11.8,5.9289999999999985
4,64,Trossard,36,3,64,11,4.613,False,1,1,1.3,4.613
5,96,Mbeumo,94,3,56,11,5.44,False,1,1,4.1,5.44
6,141,Havertz,8,3,81,11,5.206,False,1,1,7.4,5.206
7,230,Mané,14,3,119,11,4.8660000000000005,False,1,1,3.8,4.8660000000000005
8,233,Salah,14,3,129,11,6.178,True,2,1,70.8,12.356
9,4,Aubameyang,3,4,100,11,5.968,False,1,1,5.2,5.968
10,78,Toney,94,4,66,11,5.563,False,1,1,20.6,5.563
11,593,Carson,43,1,39,11,0.0,False,0,0,0.7,0.0
12,246,N.Williams,14,2,39,11,0.129,False,0,0,0.9,0.0
13,410,Reid,21,2,39,11,0.0,False,0,0,1.1,0.0
14,49,Davis,7,4,44,11,0.0,False,0,0,2.0,0.0
