,player_id,web_name,team_code,element_type,now_cost,event,points_md,is_captain,multiplier,starting_lineup,selected_by_percent,gw_points
0,2,Leno,54,1,45,23,3.838,False,1,1,2.3,3.838
1,276,Matip,14,2,59,23,4.539,False,1,1,0.8,4.539
2,309,Laporte,43,2,57,23,5.825,False,1,1,0.6,5.825
3,358,Burn,4,2,46,23,3.8280000000000003,False,1,1,4.1,3.8280000000000003
4,3,Xhaka,3,3,49,23,5.5779999999999985,False,1,1,2.8,5.5779999999999985
5,6,Partey,3,3,47,23,4.997,False,1,1,0.5,4.997
6,305,Grealish,43,3,68,23,5.933,False,1,1,1.4,5.933
7,315,Rodri,43,3,56,23,6.1690000000000005,True,2,1,1.6,12.338000000000001
8,680,Gakpo,14,3,78,23,5.015,False,1,1,0.8,5.015
9,145,Havertz,8,4,78,23,4.007,False,1,1,5.0,4.007
10,356,Wilson,4,4,71,23,4.766,False,1,1,4.3,4.766
11,478,Sá,39,1,50,23,3.6660000000000004,False,0,0,4.8,0.0
12,201,Ream,54,2,45,23,3.48,False,0,0,1.7,0.0
13,286,Gomez,14,2,43,23,3.7310000000000003,False,0,0,1.1,0.0
14,394,Johnson,17,4,56,23,3.6060000000000003,False,0,0,1.6,0.0
