,player_id,web_name,team_code,element_type,now_cost,event,points_md,is_captain,multiplier,starting_lineup,selected_by_percent,gw_points
0,455,Patrício,39,1,53,32,4.244,False,1,1,4.5,4.244
1,219,Evans,13,2,55,32,3.793,False,1,1,0.9,3.793
2,308,Lindelöf,1,2,48,32,3.737,False,1,1,1.3,3.737
3,398,Sánchez,6,2,52,32,5.745,False,1,1,0.9,5.745
4,498,Castagne,13,2,57,32,3.652,False,1,1,4.1,3.652
5,542,Reguilón,6,2,55,32,6.8820000000000014,True,2,1,3.9,13.764000000000003
6,228,Tielemans,13,3,64,32,3.648,False,1,1,3.6,3.648
7,251,Mané,14,3,118,32,5.135,False,1,1,4.9,5.135
8,396,Højbjerg,6,3,49,32,4.918,False,1,1,0.9,4.918
9,445,Bowen,21,3,59,32,3.893,False,1,1,1.9,3.893
10,569,Cavani,1,4,78,32,4.426,False,1,1,1.8,4.426
11,431,Fabianski,21,1,50,32,3.993,False,0,0,3.2,0.0
12,465,Traoré,39,3,60,32,3.542,False,0,0,5.0,0.0
13,91,Wood,90,4,63,32,3.277,False,0,0,2.0,0.0
14,282,Jesus,43,4,92,32,3.4610000000000003,False,0,0,3.2,0.0
