,player_id,web_name,team_code,element_type,now_cost,event,points_md,is_captain,multiplier,starting_lineup,selected_by_percent,gw_points
0,81,Raya,94,1,48,27,7.318,False,1,1,13.2,7.318
1,85,Henry,94,2,45,27,6.551,False,1,1,3.0,6.551
2,526,Mee,94,2,50,27,7.004,False,1,1,16.0,7.004
3,586,Estupiñán,36,2,47,27,7.274,False,1,1,7.5,7.274
4,116,Mac Allister,36,3,54,27,8.86,True,2,1,3.0,17.72
5,124,Mitoma,36,3,54,27,8.762,False,1,1,15.0,8.762
6,160,Zaha,31,3,72,27,7.558999999999997,False,1,1,7.2,7.558999999999997
7,335,Rashford,1,3,73,27,7.114,False,1,1,53.9,7.114
8,407,Ward-Prowse,20,3,63,27,6.2810000000000015,False,1,1,5.9,6.2810000000000015
9,427,Kane,6,4,117,27,6.817,False,1,1,38.4,6.817
10,732,Onuachu,20,4,55,27,6.431,False,1,1,0.0,6.431
11,376,Pope,4,1,54,27,3.907,False,0,0,21.0,0.0
12,463,Coufal,21,2,41,27,0.7759999999999999,False,0,0,0.7,0.0
13,484,Kilman,39,2,44,27,1.9609999999999999,False,0,0,3.9,0.0
14,671,Morgan,20,4,45,27,0.0,False,0,0,0.0,0.0
