,player_id,web_name,team_code,element_type,now_cost,event,points_md,is_captain,multiplier,starting_lineup,selected_by_percent,gw_points
0,270,de Gea,1,1,51,34,6.757999999999999,False,1,1,10.6,6.757999999999999
1,142,James,8,2,63,34,8.933,False,1,1,14.4,8.933
2,237,Alexander-Arnold,14,2,84,34,6.54,False,1,1,38.8,6.54
3,259,Laporte,43,2,59,34,5.425,False,1,1,10.3,5.425
4,138,Mount,8,3,76,34,9.024,False,1,1,15.3,9.024
5,141,Havertz,8,3,79,34,8.199,False,1,1,8.0,8.199
6,154,Zaha,31,3,68,34,5.022,False,1,1,5.2,5.022
7,233,Salah,14,3,132,34,7.772,False,1,1,57.0,7.772
8,512,Elanga,1,3,48,34,5.803,False,1,1,0.6,5.803
9,315,Pukki,45,4,59,34,4.54,False,1,1,7.3,4.54
10,579,Ronaldo,1,4,122,34,9.255,True,2,1,19.4,18.51
11,514,Gillespie,4,1,39,34,0.0,False,0,0,0.3,0.0
12,151,Kelly,31,2,38,34,0.015,False,0,0,1.6,0.0
13,245,Tsimikas,14,2,37,34,0.064,False,0,0,11.1,0.0
14,595,Locadia,36,4,44,34,0.0,False,0,0,0.9,0.0
