,player_id,web_name,team_code,element_type,now_cost,event,points_md,is_captain,multiplier,starting_lineup,selected_by_percent,gw_points
0,152,Guaita,31,1,45,17,3.717,False,1,1,3.3,3.717
1,165,Andersen,31,2,45,17,3.5780000000000003,False,1,1,3.0,3.5780000000000003
2,199,Tarkowski,11,2,44,17,3.1919999999999997,False,1,1,1.5,3.1919999999999997
3,332,Shaw,1,2,48,17,4.438,False,1,1,2.2,4.438
4,189,Gray,11,3,53,17,3.8169999999999997,False,1,1,0.6,3.8169999999999997
5,264,Barnes,13,3,69,17,3.679,False,1,1,1.9,3.679
6,304,Sterling,8,3,97,17,4.6110000000000015,False,1,1,4.4,4.6110000000000015
7,333,Fernandes,1,3,98,17,4.905,False,1,1,2.2,4.905
8,166,Edouard,31,4,53,17,3.767,False,1,1,2.7,3.767
9,345,Martial,1,4,67,17,5.0760000000000005,True,2,1,2.0,10.152000000000001
10,617,Aubameyang,8,4,87,17,3.862,False,1,1,1.0,3.862
11,425,Lloris,6,1,55,17,3.5269999999999997,False,0,0,5.0,0.0
12,108,Webster,36,2,45,17,3.1289999999999996,False,0,0,0.9,0.0
13,417,Perraud,20,2,44,17,3.125,False,0,0,0.5,0.0
14,3,Xhaka,3,3,51,17,3.568,False,0,0,3.7,0.0
