,player_id,web_name,team_code,element_type,now_cost,event,points_md,is_captain,multiplier,starting_lineup,selected_by_percent,gw_points
0,112,Pope,90,1,53,37,6.41,False,1,1,3.5,6.41
1,165,Coleman,11,2,49,37,6.306,False,1,1,1.0,6.306
2,169,Keane,11,2,46,37,5.562,False,1,1,2.3,5.562
3,488,Andersen,31,2,46,37,5.372000000000001,False,1,1,2.4,5.372000000000001
4,675,Mykolenko,11,2,49,37,6.82,False,1,1,0.6,6.82
5,35,McGinn,7,3,56,37,5.756,False,1,1,1.0,5.756
6,43,Buendía,7,3,61,37,7.355,True,2,1,1.1,14.71
7,118,McNeil,90,3,55,37,5.257999999999999,False,1,1,0.2,5.257999999999999
8,210,Tielemans,13,3,64,37,5.7410000000000005,False,1,1,3.7,5.7410000000000005
9,159,Mateta,31,4,53,37,5.909,False,1,1,2.7,5.909
10,700,Weghorst,90,4,63,37,5.705,False,1,1,4.4,5.705
11,199,Meslier,2,1,48,37,3.592,False,0,0,2.0,0.0
12,433,Jonny,39,2,45,37,5.252999999999999,False,0,0,0.6,0.0
13,215,Barnes,13,3,65,37,5.166,False,0,0,3.4,0.0
14,430,Jiménez,39,4,75,37,4.543,False,0,0,4.3,0.0
