,player_id,web_name,team_code,element_type,now_cost,event,points_md,is_captain,multiplier,starting_lineup,selected_by_percent,gw_points
0,307,Ederson,43,1,54,20,6.5360000000000005,False,1,1,13.4,6.5360000000000005
1,357,Trippier,4,2,60,20,4.638,False,1,1,67.4,4.638
2,358,Burn,4,2,45,20,3.948,False,1,1,2.1,3.948
3,526,Mee,94,2,46,20,4.263999999999999,False,1,1,6.4,4.263999999999999
4,225,Rodrigo,2,3,63,20,5.459,False,1,1,6.8,5.459
5,301,De Bruyne,43,3,125,20,8.076,False,1,1,36.7,8.076
6,335,Rashford,1,3,70,20,6.091000000000001,False,1,1,37.9,6.091000000000001
7,609,Antony,1,3,74,20,5.508000000000001,False,1,1,3.5,5.508000000000001
8,318,Haaland,43,4,122,20,10.558,True,2,1,85.0,21.116
9,345,Martial,1,4,66,20,5.69,False,1,1,4.6,5.69
10,427,Kane,6,4,116,20,6.85,False,1,1,29.7,6.85
11,35,Olsen,7,1,39,20,0.0,False,0,0,1.5,0.0
12,138,Kenedy,8,2,39,20,0.0,False,0,0,0.2,0.0
13,494,Mosquera,39,2,39,20,0.04,False,0,0,1.1,0.0
14,173,Ebiowei,31,3,42,20,0.28900000000000003,False,0,0,0.4,0.0
