,player_id,web_name,team_code,element_type,now_cost,points_md,is_captain,multiplier,starting_lineup,selected_by_percent,gw_points
0,307,Ederson,43,1,54,5.1902,False,1,1,13.4,5.1902
1,16,Gabriel,3,2,52,5.264200000000001,False,1,1,14.1,5.264200000000001
2,284,Robertson,14,2,69,4.3234,False,1,1,5.5,4.3234
3,285,Alexander-Arnold,14,2,73,4.8296,False,1,1,17.7,4.8296
4,13,Saka,3,3,81,6.3124,False,1,1,21.0,6.3124
5,19,Martinelli,3,3,68,6.048800000000001,False,1,1,48.3,6.048800000000001
6,104,Groß,36,3,56,4.3260000000000005,False,1,1,11.5,4.3260000000000005
7,283,Salah,14,3,129,6.4244,False,1,1,33.6,6.4244
8,305,Grealish,43,3,68,4.6739999999999995,False,1,1,1.3,4.6739999999999995
9,318,Haaland,43,4,122,8.201200000000002,True,2,1,85.0,16.402400000000004
10,345,Martial,1,4,66,4.615399999999999,False,1,1,4.6,4.615399999999999
11,254,Ward,13,1,41,3.3213999999999997,False,0,0,31.0,0.0
12,295,N.Williams,17,2,40,1.5248,False,0,0,19.9,0.0
13,558,Bueno,39,2,39,1.9396,False,0,0,5.8,0.0
14,237,Greenwood,2,4,42,0.6407999999999999,False,0,0,13.0,0.0
