,player_id,web_name,team_code,element_type,now_cost,event,points_md,is_captain,multiplier,starting_lineup,selected_by_percent,gw_points
0,475,Sá,39,1,50,10,3.822,False,1,1,2.6,3.822
1,224,Matip,14,2,50,10,4.3260000000000005,False,1,1,3.5,4.3260000000000005
2,262,Dias,43,2,62,10,4.3660000000000005,False,1,1,28.5,4.3660000000000005
3,429,Coady,39,2,45,10,3.346,False,1,1,6.3,3.346
4,138,Mount,8,3,75,10,5.541,False,1,1,14.4,5.541
5,186,Klich,2,3,55,10,3.647,False,1,1,0.6,3.647
6,233,Salah,14,3,129,10,7.9620000000000015,True,2,1,68.8,15.924000000000003
7,265,Foden,43,3,81,10,5.4910000000000005,False,1,1,9.9,5.4910000000000005
8,78,Toney,94,4,65,10,4.59,False,1,1,18.6,4.59
9,315,Pukki,45,4,58,10,4.418,False,1,1,4.2,4.418
10,430,Jiménez,39,4,76,10,4.727,False,1,1,7.5,4.727
11,257,Ederson,43,1,60,10,4.37,False,0,0,9.4,0.0
12,142,James,8,2,55,10,4.248,False,0,0,6.5,0.0
13,237,Alexander-Arnold,14,2,76,10,5.85,False,0,0,25.8,0.0
14,399,Sarr,57,3,62,10,4.618,False,0,0,14.8,0.0
