,player_id,web_name,team_code,element_type,now_cost,event,points_md,is_captain,multiplier,starting_lineup,selected_by_percent,gw_points
0,475,Sá,39,1,50,10,3.781,False,1,1,2.6,3.781
1,224,Matip,14,2,50,10,4.365,False,1,1,3.5,4.365
2,234,Robertson,14,2,70,10,4.5139999999999985,False,1,1,2.2,4.5139999999999985
3,259,Laporte,43,2,55,10,3.611,False,1,1,4.9,3.611
4,186,Klich,2,3,55,10,3.789,False,1,1,0.6,3.789
5,230,Mané,14,3,119,10,5.959,True,2,1,3.5,11.918
6,251,De Bruyne,43,3,120,10,5.949,False,1,1,4.0,5.949
7,420,Bowen,21,3,63,10,3.819,False,1,1,1.3,3.819
8,4,Aubameyang,3,4,100,10,4.674,False,1,1,4.7,4.674
9,109,Wood,90,4,67,10,4.182,False,1,1,1.2,4.182
10,315,Pukki,45,4,58,10,4.243,False,1,1,4.1,4.243
11,556,Fernández,94,1,45,10,3.492,False,0,0,0.2,0.0
12,110,Lowton,90,2,44,10,3.323,False,0,0,1.5,0.0
13,437,Semedo,39,2,49,10,3.551,False,0,0,3.0,0.0
14,266,Rodrigo,43,3,55,10,3.217,False,0,0,0.7,0.0
