,player_id,web_name,team_code,element_type,now_cost,event,points_md,is_captain,multiplier,starting_lineup,selected_by_percent,gw_points
0,559,Ramsdale,3,1,48,13,4.043,False,1,1,11.1,4.043
1,23,Gabriel,3,2,51,13,4.45,False,1,1,2.3,4.45
2,142,James,8,2,60,13,5.176,False,1,1,24.3,5.176
3,237,Alexander-Arnold,14,2,77,13,6.042000000000002,False,1,1,30.7,6.042000000000002
4,154,Zaha,31,3,70,13,4.559,False,1,1,8.3,4.559
5,212,Maddison,13,3,66,13,4.7189999999999985,False,1,1,3.7,4.7189999999999985
6,233,Salah,14,3,130,13,7.874,True,2,1,71.8,15.748
7,240,Jota,14,3,75,13,5.792000000000002,False,1,1,13.7,5.792000000000002
8,78,Toney,94,4,67,13,4.627,False,1,1,21.2,4.627
9,205,Vardy,13,4,107,13,5.311,False,1,1,26.6,5.311
10,430,Jiménez,39,4,77,13,4.743,False,1,1,9.8,4.743
11,94,Gunnarsson,94,1,39,13,0.0,False,0,0,0.8,0.0
12,87,Goode,94,2,39,13,0.424,False,0,0,1.9,0.0
13,410,Reid,21,2,39,13,0.0,False,0,0,1.1,0.0
14,145,Gilmour,45,3,44,13,1.658,False,0,0,4.5,0.0
