,player_id,web_name,team_code,element_type,now_cost,points_md,is_captain,multiplier,starting_lineup,selected_by_percent,gw_points
0,257,Ederson,43,1,60,3.9337777777777783,False,1,1,9.1,3.9337777777777783
1,142,James,8,2,60,4.760777777777778,False,1,1,24.2,4.760777777777778
2,237,Alexander-Arnold,14,2,77,4.766666666666667,False,1,1,30.8,4.766666666666667
3,275,Shaw,1,2,52,3.6457777777777785,False,1,1,18.2,3.6457777777777785
4,33,Grealish,43,3,77,3.9285555555555556,False,1,1,10.8,3.9285555555555556
5,233,Salah,14,3,130,5.535777777777778,True,2,1,71.8,11.071555555555555
6,240,Jota,14,3,75,4.465777777777777,False,1,1,13.7,4.465777777777777
7,265,Foden,43,3,83,4.461888888888889,False,1,1,14.1,4.461888888888889
8,420,Bowen,21,3,64,3.7407777777777778,False,1,1,3.1,3.7407777777777778
9,78,Toney,94,4,67,3.8265555555555557,False,1,1,21.2,3.8265555555555557
10,413,Antonio,21,4,82,4.0808888888888895,False,1,1,48.5,4.0808888888888895
11,376,Foster,57,1,41,2.7880000000000003,False,0,0,23.1,0.0
12,67,White,3,2,44,2.844222222222222,False,0,0,11.9,0.0
13,110,Lowton,90,2,44,2.7204444444444444,False,0,0,1.9,0.0
14,595,Locadia,36,4,44,0.4712222222222222,False,0,0,0.8,0.0
