,player_id,web_name,team_code,element_type,now_cost,event,points_md,is_captain,multiplier,starting_lineup,selected_by_percent,gw_points
0,231,Alisson,14,1,60,36,8.206,False,1,1,9.1,8.206
1,122,Alonso,8,2,57,36,8.353,False,1,1,13.8,8.353
2,237,Alexander-Arnold,14,2,84,36,10.915,False,1,1,38.7,10.915
3,256,Cancelo,43,2,72,36,8.613,False,1,1,40.9,8.613
4,262,Dias,43,2,61,36,8.363999999999999,False,1,1,17.2,8.363999999999999
5,22,Saka,3,3,67,36,9.712,False,1,1,30.0,9.712
6,212,Maddison,13,3,69,36,8.501999999999999,False,1,1,13.8,8.501999999999999
7,233,Salah,14,3,133,36,13.902,True,2,1,58.9,27.804
8,558,Ødegaard,3,3,56,36,8.356,False,1,1,6.6,8.356
9,263,Jesus,43,4,86,36,8.548,False,1,1,10.3,8.548
10,315,Pukki,45,4,61,36,8.14,False,1,1,10.8,8.14
11,376,Foster,57,1,41,36,6.522,False,0,0,19.9,0.0
12,466,Tavares,3,2,43,36,7.2079999999999975,False,0,0,0.9,0.0
13,503,Gordon,11,3,46,36,7.5470000000000015,False,0,0,4.4,0.0
14,450,Dennis,57,4,59,36,6.295,False,0,0,28.6,0.0
