,player_id,web_name,team_code,element_type,now_cost,event,points_md,is_captain,multiplier,starting_lineup,selected_by_percent,gw_points
0,200,Schmeichel,13,1,49,36,7.544,False,1,1,17.3,7.544
1,122,Alonso,8,2,57,36,8.353,False,1,1,13.8,8.353
2,237,Alexander-Arnold,14,2,84,36,10.915,False,1,1,38.7,10.915
3,256,Cancelo,43,2,72,36,8.613,False,1,1,40.9,8.613
4,262,Dias,43,2,61,36,8.363999999999999,False,1,1,17.2,8.363999999999999
5,22,Saka,3,3,67,36,9.712,False,1,1,30.0,9.712
6,212,Maddison,13,3,69,36,8.501999999999999,False,1,1,13.8,8.501999999999999
7,233,Salah,14,3,133,36,13.902,True,2,1,58.9,27.804
8,251,De Bruyne,43,3,119,36,10.078,False,1,1,10.8,10.078
9,558,Ødegaard,3,3,56,36,8.356,False,1,1,6.6,8.356
10,315,Pukki,45,4,61,36,8.14,False,1,1,10.8,8.14
11,313,McGovern,45,1,39,36,0.0,False,0,0,1.1,0.0
12,245,Tsimikas,14,2,37,36,2.069,False,0,0,11.4,0.0
13,545,Broadhead,11,4,45,36,0.0,False,0,0,0.0,0.0
14,595,Locadia,36,4,44,36,0.0,False,0,0,0.9,0.0
