,player_id,web_name,team_code,element_type,now_cost,event,points_md,is_captain,multiplier,starting_lineup,selected_by_percent,gw_points
0,376,Pope,4,1,53,12,3.8560000000000003,False,1,1,20.9,3.8560000000000003
1,106,Dunk,36,2,46,12,4.418,False,1,1,5.2,4.418
2,108,Webster,36,2,45,12,4.35,False,1,1,0.9,4.35
3,280,Van Dijk,14,2,64,12,4.127,False,1,1,12.4,4.127
4,357,Trippier,4,2,56,12,4.114,False,1,1,56.1,4.114
5,104,Groß,36,3,58,12,4.915,False,1,1,19.4,4.915
6,160,Zaha,31,3,75,12,5.716,False,1,1,21.2,5.716
7,264,Barnes,13,3,69,12,4.244,False,1,1,1.5,4.244
8,283,Salah,14,3,127,12,6.4570000000000025,True,2,1,26.5,12.914000000000005
9,66,Solanke,91,4,57,12,4.923,False,1,1,2.2,4.923
10,427,Kane,6,4,114,12,5.0360000000000005,False,1,1,21.6,5.0360000000000005
11,281,Alisson,14,1,54,12,4.013,False,0,0,12.9,0.0
12,165,Andersen,31,2,45,12,3.785,False,0,0,2.8,0.0
13,368,Saint-Maximin,4,3,63,12,4.065,False,0,0,5.1,0.0
14,210,Mitrović,54,4,67,12,4.638,False,0,0,21.6,0.0
