,player_id,web_name,team_code,element_type,now_cost,event,points_md,is_captain,multiplier,starting_lineup,selected_by_percent,gw_points
0,281,Alisson,14,1,54,12,4.007,False,1,1,12.9,4.007
1,106,Dunk,36,2,46,12,4.55,False,1,1,5.2,4.55
2,108,Webster,36,2,45,12,4.409,False,1,1,0.9,4.409
3,280,Van Dijk,14,2,64,12,4.216,False,1,1,12.3,4.216
4,357,Trippier,4,2,56,12,4.007,False,1,1,56.0,4.007
5,111,Trossard,36,3,69,12,5.176,False,1,1,17.0,5.176
6,264,Barnes,13,3,69,12,4.4830000000000005,False,1,1,1.5,4.4830000000000005
7,283,Salah,14,3,127,12,6.084,True,2,1,26.4,12.168
8,66,Solanke,91,4,57,12,4.416,False,1,1,2.2,4.416
9,210,Mitrović,54,4,67,12,4.646,False,1,1,21.5,4.646
10,356,Wilson,4,4,73,12,4.546,False,1,1,2.3,4.546
11,376,Pope,4,1,53,12,3.76,False,0,0,20.9,0.0
12,165,Andersen,31,2,45,12,3.667,False,0,0,2.8,0.0
13,160,Zaha,31,3,75,12,5.671,False,0,0,21.2,0.0
14,304,Sterling,8,3,99,12,4.626,False,0,0,7.9,0.0
