,player_id,web_name,team_code,element_type,now_cost,points_md,is_captain,multiplier,starting_lineup,selected_by_percent,gw_points
0,281,Alisson,14,1,54,3.9516,False,1,1,12.9,3.9516
1,106,Dunk,36,2,46,3.0844,False,1,1,5.3,3.0844
2,165,Andersen,31,2,45,3.2858000000000005,False,1,1,2.8,3.2858000000000005
3,280,Van Dijk,14,2,64,3.9595999999999996,False,1,1,12.5,3.9595999999999996
4,104,Groß,36,3,58,3.7386000000000004,False,1,1,19.3,3.7386000000000004
5,111,Trossard,36,3,69,4.012200000000001,False,1,1,17.4,4.012200000000001
6,160,Zaha,31,3,75,5.0414,False,1,1,21.3,5.0414
7,283,Salah,14,3,127,6.1512,True,2,1,26.7,12.3024
8,66,Solanke,91,4,57,3.8848,False,1,1,2.3,3.8848
9,318,Haaland,43,4,122,5.5388,False,1,1,83.0,5.5388
10,427,Kane,6,4,114,5.2822,False,1,1,21.9,5.2822
11,254,Ward,13,1,41,2.8822,False,0,0,25.9,0.0
12,167,Guéhi,31,2,43,3.0194,False,0,0,2.8,0.0
13,489,Toti,39,2,39,0.5107999999999999,False,0,0,1.6,0.0
14,45,Bailey,7,3,46,2.9113999999999995,False,0,0,4.9,0.0
