,player_id,web_name,team_code,element_type,now_cost,event,points_md,is_captain,multiplier,starting_lineup,selected_by_percent,gw_points
0,112,Pope,90,1,54,33,6.865,False,1,1,4.1,6.865
1,39,Targett,4,2,47,33,6.6400000000000015,False,1,1,2.8,6.6400000000000015
2,273,Maguire,1,2,54,33,5.78,False,1,1,4.7,5.78
3,279,Telles,1,2,51,33,6.525,False,1,1,0.9,6.525
4,305,Schär,4,2,44,33,6.8599999999999985,False,1,1,3.7,6.8599999999999985
5,26,Martinelli,3,3,53,33,6.445,False,1,1,4.1,6.445
6,210,Tielemans,13,3,64,33,6.8900000000000015,False,1,1,3.6,6.8900000000000015
7,485,Sancho,1,3,89,33,7.568,False,1,1,3.1,7.568
8,517,Elyounoussi,20,3,54,33,5.7620000000000005,False,1,1,0.2,5.7620000000000005
9,578,Cornet,90,3,59,33,5.888,False,1,1,1.3,5.888
10,109,Wood,4,4,67,33,8.361999999999998,True,2,1,3.2,16.723999999999997
11,333,Forster,20,1,44,33,4.348000000000001,False,0,0,1.3,0.0
12,5,Cédric,3,2,42,33,5.65,False,0,0,0.5,0.0
13,104,Rodriguez,90,4,52,33,5.6910000000000025,False,0,0,2.0,0.0
14,213,Iheanacho,13,4,71,33,5.721,False,0,0,3.9,0.0
