,player_id,web_name,team_code,element_type,now_cost,event,points_md,is_captain,multiplier,starting_lineup,selected_by_percent,gw_points
0,295,Dubravka,4,1,44,34,3.696,False,1,1,3.1,3.696
1,252,Stones,43,2,52,34,4.232,False,1,1,3.0,4.232
2,273,Maguire,1,2,54,34,4.454,False,1,1,4.8,4.454
3,279,Telles,1,2,51,34,4.649,False,1,1,1.2,4.649
4,125,Kovacic,8,3,49,34,4.333,False,1,1,1.9,4.333
5,230,Mané,14,3,117,34,6.204,False,1,1,3.2,6.204
6,254,Mahrez,43,3,86,34,5.435,False,1,1,3.8,5.435
7,255,Sterling,43,3,105,34,4.394,False,1,1,2.4,4.394
8,485,Sancho,1,3,89,34,6.295,True,2,1,3.3,12.59
9,134,Werner,8,4,86,34,3.8939999999999997,False,1,1,1.8,3.8939999999999997
10,159,Mateta,31,4,53,34,4.075,False,1,1,2.6,4.075
11,314,Krul,45,1,45,34,3.465,False,0,0,1.2,0.0
12,59,Dunk,36,2,48,34,3.734,False,0,0,2.2,0.0
13,588,Emerson Royal,6,2,45,34,3.6260000000000003,False,0,0,1.3,0.0
14,430,Jiménez,39,4,75,34,3.8939999999999997,False,0,0,4.7,0.0
