,player_id,web_name,team_code,element_type,now_cost,event,points_md,is_captain,multiplier,starting_lineup,selected_by_percent,gw_points
0,281,Alisson,14,1,55,17,3.9960000000000004,False,1,1,16.0,3.9960000000000004
1,16,Gabriel,3,2,52,17,4.272,False,1,1,13.7,4.272
2,112,Cucurella,8,2,51,17,4.629,False,1,1,7.5,4.629
3,332,Shaw,1,2,48,17,4.428999999999999,False,1,1,2.2,4.428999999999999
4,533,Martínez,1,2,45,17,4.387,False,1,1,7.4,4.387
5,13,Saka,3,3,80,17,5.405,False,1,1,17.3,5.405
6,19,Martinelli,3,3,68,17,4.787,False,1,1,48.3,4.787
7,111,Trossard,36,3,71,17,4.8660000000000005,False,1,1,27.7,4.8660000000000005
8,297,Darwin,14,4,90,17,5.135,False,1,1,12.3,5.135
9,318,Haaland,43,4,122,17,7.06,True,2,1,82.8,14.12
10,345,Martial,1,4,67,17,5.228,False,1,1,2.1,5.228
11,307,Ederson,43,1,54,17,4.047,False,0,0,13.7,0.0
12,165,Andersen,31,2,45,17,3.6260000000000003,False,0,0,2.9,0.0
13,142,Mount,8,3,75,17,5.024,False,0,0,6.5,0.0
14,160,Zaha,31,3,75,17,5.67,False,0,0,18.8,0.0
