,player_id,web_name,team_code,element_type,now_cost,event,points_md,is_captain,multiplier,starting_lineup,selected_by_percent,gw_points
0,15,Ramsdale,3,1,49,17,3.987,False,1,1,11.2,3.987
1,16,Gabriel,3,2,52,17,4.655,False,1,1,13.7,4.655
2,112,Cucurella,8,2,51,17,4.87,False,1,1,7.5,4.87
3,332,Shaw,1,2,48,17,4.49,False,1,1,2.2,4.49
4,533,Martínez,1,2,45,17,4.325,False,1,1,7.4,4.325
5,13,Saka,3,3,80,17,5.537999999999999,False,1,1,17.3,5.537999999999999
6,160,Zaha,31,3,75,17,5.742999999999999,False,1,1,18.8,5.742999999999999
7,283,Salah,14,3,128,17,6.468,False,1,1,32.4,6.468
8,318,Haaland,43,4,122,17,6.846,True,2,1,82.8,13.692
9,345,Martial,1,4,67,17,5.153,False,1,1,2.1,5.153
10,427,Kane,6,4,116,17,5.362,False,1,1,27.4,5.362
11,324,Ortega,43,1,38,17,0.132,False,0,0,0.9,0.0
12,322,Wilson-Esbrand,43,2,38,17,0.0,False,0,0,1.0,0.0
13,173,Ebiowei,31,3,42,17,0.38299999999999995,False,0,0,0.3,0.0
14,381,Colback,17,3,42,17,0.035,False,0,0,0.7,0.0
