,can_transact,can_select,chance_of_playing_next_round,chance_of_playing_this_round,code,cost_change_event,cost_change_event_fall,cost_change_start,cost_change_start_fall,dreamteam_count,element_type,ep_next,ep_this,event_points,first_name,form,id,in_dreamteam,news,news_added,now_cost,photo,points_per_game,removed,second_name,selected_by_percent,special,squad_number,status,team,team_code,total_points,transfers_in,transfers_in_event,transfers_out,transfers_out_event,value_form,value_season,web_name,region,team_join_date,birth_date,has_temporary_code,opta_code,minutes,goals_scored,assists,clean_sheets,goals_conceded,own_goals,penalties_saved,penalties_missed,yellow_cards,red_cards,saves,bonus,bps,influence,creativity,threat,ict_index,clearances_blocks_interceptions,recoveries,tackles,defensive_contribution,starts,expected_goals,expected_assists,expected_goal_involvements,expected_goals_conceded,influence_rank,influence_rank_type,creativity_rank,creativity_rank_type,threat_rank,threat_rank_type,ict_index_rank,ict_index_rank_type,corners_and_indirect_freekicks_order,corners_and_indirect_freekicks_text,direct_freekicks_order,direct_freekicks_text,penalties_order,penalties_text,expected_goals_per_90,saves_per_90,expected_assists_per_90,expected_goal_involvements_per_90,expected_goals_conceded_per_90,goals_conceded_per_90,now_cost_rank,now_cost_rank_type,form_rank,form_rank_type,points_per_game_rank,points_per_game_rank_type,selected_rank,selected_rank_type,starts_per_90,clean_sheets_per_90,defensive_contribution_per_90
0,True,True,,,154561,0,0,0,0,1,1,6.5,5.5,2,David,6.0,1,False,,,55,154561.jpg,6.0,False,Raya Martín,22.3,False,,a,1,3,18,530489,106411,270226,52496,1.1,3.3,Raya,200.0,2024-07-04,1995-09-15,False,p154561,270,0,0,2,1,0,0,0,1,0,10,3,78,82.6,10.0,0.0,9.2,1,28,0,0,3,0.00,0.02,0.02,2.21,29,4,218,5,692,84,110,3,,,,,,,0.0,3.33,0.01,0.01,0.74,0.33,137,3,25,4,33,4,17,3,1.0,0.67,0.0
1,True,True,,,109745,0,0,-1,1,0,1,0.5,-0.5,0,Kepa,0.0,2,False,,,44,109745.jpg,0.0,False,Arrizabalaga Revuelta,0.7,False,,a,1,3,0,3925,664,29155,4485,0.0,0.0,Arrizabalaga,200.0,2025-07-01,1994-10-03,False,p109745,0,0,0,0,0,0,0,0,0,0,0,0,0,0.0,0.0,0.0,0.0,0,0,0,0,0,0.00,0.00,0.00,0.00,478,70,466,56,428,50,481,70,,,,,,,0.0,0.0,0.0,0.0,0.0,0.0,540,33,483,70,483,70,212,30,0.0,0.0,0.0
2,True,False,0.0,0.0,463748,0,0,0,0,0,1,0.0,0.0,0,Karl,0.0,3,False,Has joined Werder Bremen on loan for the rest of the season.,2025-08-26T13:44:02.357864Z,40,463748.jpg,0.0,False,Hein,0.5,False,,u,1,3,0,5545,0,18993,4049,0.0,0.0,Hein,67.0,2020-10-28,2002-04-13,False,p463748,0,0,0,0,0,0,0,0,0,0,0,0,0,0.0,0.0,0.0,0.0,0,0,0,0,0,0.00,0.00,0.00,0.00,414,50,401,36,361,30,417,50,,,,,,,0.0,0.0,0.0,0.0,0.0,0.0,663,67,419,50,419,50,248,34,0.0,0.0,0.0
3,True,True,,,551221,0,0,0,0,0,1,0.5,-0.5,0,Tommy,0.0,4,False,,,40,551221.jpg,0.0,False,Setford,0.2,False,,a,1,3,0,5076,1885,4503,1028,0.0,0.0,Setford,241.0,2024-07-24,2006-03-13,False,p551221,0,0,0,0,0,0,0,0,0,0,0,0,0,0.0,0.0,0.0,0.0,0,0,0,0,0,0.00,0.00,0.00,0.00,451,64,438,50,400,44,454,64,,,,,,,0.0,0.0,0.0,0.0,0.0,0.0,708,81,456,64,456,64,368,55,0.0,0.0,0.0
4,True,True,,,226597,0,0,1,-1,0,2,5.2,4.2,2,Gabriel,4.7,5,False,,,61,226597.jpg,4.7,False,dos Santos Magalhães,21.1,False,,a,1,3,14,569446,96186,307900,61531,0.8,2.3,Gabriel,30.0,2020-09-01,1997-12-19,False,p226597,270,0,0,2,1,0,0,0,0,0,0,0,57,51.6,5.0,12.0,6.9,15,7,2,17,3,0.06,0.02,0.08,2.21,94,39,248,74,175,40,167,54,,,,,,,0.02,0.0,0.01,0.03,0.74,0.33,83,2,62,26,71,31,19,5,1.0,0.67,5.67
5,True,True,75.0,,462424,0,0,1,-1,0,2,4.3,4.8,1,William,5.3,6,False,Ankle injury - 75% chance of playing,2025-09-01T10:30:07.602868Z,61,462424.jpg,5.3,False,Saliba,16.4,False,,d,1,3,16,468222,23798,423095,216203,0.9,2.6,Saliba,73.0,2019-07-25,2001-03-24,False,p462424,184,0,0,2,0,0,0,0,0,0,0,1,56,52.8,2.2,2.0,5.8,18,7,4,22,3,0.00,0.01,0.01,1.69,89,36,294,100,295,101,189,65,,,,,,,0.0,0.0,0.0,0.0,0.83,0.0,85,3,44,17,53,21,25,8,1.47,0.98,10.76
6,True,True,,,466075,0,0,1,-1,2,2,9.8,8.8,2,Riccardo,9.3,7,True,,,56,466075.jpg,9.3,False,Calafiori,11.0,False,,a,1,3,28,952156,247286,123227,28698,1.7,5.0,Calafiori,106.0,2024-07-29,2002-05-19,False,p466075,224,1,2,2,1,0,0,0,1,0,0,3,80,84.0,25.4,68.0,17.7,9,9,3,12,3,1.43,0.03,1.46,1.56,27,7,116,26,22,2,29,2,,,,,,,0.57,0.0,0.01,0.58,0.63,0.4,126,12,1,1,1,1,37,13,1.21,0.8,4.82
7,True,True,,,445122,0,0,1,-1,1,2,9.2,8.2,2,Jurriën,8.7,8,True,,,56,445122.jpg,8.7,False,Timber,8.8,False,,a,1,3,26,696582,172310,128168,30237,1.6,4.6,J.Timber,152.0,2023-07-14,2001-06-17,False,p445122,172,2,1,1,1,0,0,0,1,0,0,3,72,109.4,41.2,86.0,23.7,8,6,8,16,2,0.90,0.10,1.00,1.35,4,2,72,16,9,1,10,1,,,,,,,0.47,0.0,0.05,0.52,0.71,0.52,125,11,3,3,5,5,48,16,1.05,0.52,8.37
8,True,False,0.0,,440854,0,0,-1,1,0,2,0.0,-0.5,0,Jakub,0.0,9,False,has joined Porto on loan for the rest of the season.,2025-09-02T13:37:25.929594Z,54,440854.jpg,0.0,False,Kiwior,0.1,False,,u,1,3,0,1119,193,5992,1356,0.0,0.0,Kiwior,172.0,2023-01-23,2000-02-15,False,p440854,0,0,0,0,0,0,0,0,0,0,0,0,0,0.0,0.0,0.0,0.0,0,0,0,0,0,0.00,0.00,0.00,0.00,693,242,692,242,678,235,694,242,,,,,,,0.0,0.0,0.0,0.0,0.0,0.0,206,26,693,241,693,241,494,186,0.0,0.0,0.0
9,True,True,,,499169,0,0,-1,1,0,2,0.8,-0.2,0,Myles,0.3,10,False,,,54,499169.jpg,0.5,False,Lewis-Skelly,2.7,False,,a,1,3,1,28574,2736,200258,30954,0.1,0.2,Lewis-Skelly,241.0,2022-12-04,2006-09-26,False,p499169,44,0,0,0,0,0,0,0,1,0,0,0,6,4.4,3.7,0.0,0.8,1,2,1,2,0,0.00,0.00,0.00,0.66,321,116,265,82,682,237,335,115,,,,,,,0.0,0.0,0.0,0.0,1.35,0.0,213,29,353,124,361,124,104,45,0.0,0.0,4.09
10,True,True,50.0,50.0,198869,-1,1,-1,1,0,2,1.2,0.8,0,Benjamin,2.0,11,False,Knock - 50% chance of playing,2025-08-22T13:47:03.754043Z,54,198869.jpg,6.0,False,White,0.6,False,,d,1,3,6,22051,119,56474,9487,0.4,1.1,White,241.0,2021-07-30,1997-10-08,False,p198869,70,0,0,1,0,0,0,0,0,0,0,0,23,15.4,11.3,1.0,2.8,6,4,2,8,1,0.01,0.01,0.02,0.87,239,92,201,62,300,103,289,97,,,,,,,0.01,0.0,0.01,0.02,1.12,0.0,190,24,202,73,31,14,224,83,1.29,1.29,10.29
11,True,True,,,563324,0,0,0,0,0,2,0.5,-0.5,0,Brayden,0.0,13,False,,,40,563324.jpg,0.0,False,Clarke,0.5,False,,a,1,3,0,13335,2499,21654,3538,0.0,0.0,Clarke,,,,False,p563324,0,0,0,0,0,0,0,0,0,0,0,0,0,0.0,0.0,0.0,0.0,0,0,0,0,0,0.00,0.00,0.00,0.00,454,180,441,179,403,161,457,181,,,,,,,0.0,0.0,0.0,0.0,0.0,0.0,711,223,459,178,459,178,231,86,0.0,0.0,0.0
12,True,True,,,588793,0,0,0,0,0,2,0.5,-0.5,0,Maldini,0.0,14,False,,,40,588793.jpg,0.0,False,Kacurri,0.2,False,,a,1,3,0,2879,472,6692,984,0.0,0.0,Kacurri,,,,False,p588793,0,0,0,0,0,0,0,0,0,0,0,0,0,0.0,0.0,0.0,0.0,0,0,0,0,0,0.00,0.00,0.00,0.00,465,187,452,186,414,168,468,188,,,,,,,0.0,0.0,0.0,0.0,0.0,0.0,723,231,470,185,470,185,390,144,0.0,0.0,0.0
13,True,True,,,499167,0,0,0,0,0,2,0.5,-0.5,0,Josh,0.0,15,False,,,40,499167.jpg,0.0,False,Nichols,0.2,False,,a,1,3,0,2378,467,6248,959,0.0,0.0,Nichols,241.0,2024-07-24,2006-07-26,False,p499167,0,0,0,0,0,0,0,0,0,0,0,0,0,0.0,0.0,0.0,0.0,0,0,0,0,0,0.00,0.00,0.00,0.00,431,162,418,161,379,142,434,163,,,,,,,0.0,0.0,0.0,0.0,0.0,0.0,685,202,436,160,436,160,382,139,0.0,0.0,0.0
14,True,True,0.0,0.0,223340,0,0,-1,1,0,3,0.0,0.0,0,Bukayo,3.0,16,False,Hamstring injury - Unknown return date,2025-08-23T22:30:05.759392Z,99,223340.jpg,4.5,False,Saka,6.1,False,,i,1,3,9,210815,3595,1324466,174281,0.3,0.9,Saka,241.0,2018-11-28,2001-09-05,False,p223340,142,1,0,1,0,0,0,0,0,0,0,0,34,52.4,46.8,28.0,12.7,0,6,3,9,2,0.26,0.12,0.38,1.69,92,32,53,38,87,54,67,46,1.0,,4.0,,1.0,,0.16,0.0,0.08,0.24,1.07,0.0,5,3,131,54,76,30,68,23,1.27,0.63,5.7
15,True,True,100.0,50.0,184029,0,0,-1,1,0,3,2.8,0.9,1,Martin,2.3,17,False,,2025-08-23T23:00:07.713831Z,79,184029.jpg,2.3,False,Ødegaard,2.5,False,,a,1,3,7,66854,9769,211198,26691,0.3,0.9,Ødegaard,161.0,2021-08-20,1998-12-17,False,p184029,147,0,0,1,1,0,0,0,0,0,0,0,24,20.8,26.9,22.0,7.0,6,9,2,17,2,0.14,0.35,0.49,1.94,219,98,108,77,107,65,165,82,3.0,,2.0,,3.0,,0.09,0.0,0.21,0.3,1.19,0.61,17,12,183,83,194,91,110,36,1.22,0.61,10.41
16,True,True,,,248857,0,0,0,0,0,3,2.5,1.5,2,Noni,2.0,18,False,,,70,248857.jpg,2.0,False,Madueke,1.0,False,,a,1,3,6,28914,14157,44231,7016,0.3,0.9,Madueke,241.0,2025-07-18,2002-03-10,False,p248857,181,0,0,1,1,0,0,0,0,0,0,0,17,7.2,39.2,50.0,9.6,0,5,0,5,2,0.14,0.14,0.28,1.39,292,138,75,54,47,25,102,57,,,,,,,0.07,0.0,0.07,0.14,0.69,0.5,37,23,209,101,227,114,184,61,0.99,0.5,2.49
17,True,True,,,444145,0,0,-1,1,0,3,1.8,0.8,3,Gabriel,1.3,19,False,,,69,444145.jpg,2.0,False,Martinelli Silva,1.1,False,,a,1,3,4,17306,2879,60871,7313,0.2,0.6,Martinelli,30.0,2019-07-15,2001-06-18,False,p444145,128,0,0,1,0,0,0,0,0,0,0,0,17,7.6,10.7,27.0,4.6,0,5,2,7,2,0.02,0.01,0.03,0.98,288,135,208,126,89,55,231,111,,,,,,,0.01,0.0,0.01,0.02,0.69,0.0,45,29,251,124,226,113,180,59,1.41,0.7,4.92
18,True,True,100.0,75.0,116216,0,0,-1,1,0,3,0.8,-0.2,0,Leandro,0.3,20,False,,2025-08-29T18:30:07.885490Z,69,116216.jpg,1.0,False,Trossard,0.3,False,,a,1,3,1,2636,304,16296,3407,0.0,0.1,Trossard,21.0,2023-01-20,1994-12-04,False,p116216,37,0,0,0,0,0,0,0,0,0,0,0,4,5.4,21.5,4.0,3.1,0,0,0,0,0,0.07,0.03,0.10,0.00,312,152,131,88,259,143,275,140,,,,,4.0,,0.17,0.0,0.07,0.24,0.0,0.0,43,27,361,177,348,175,319,105,0.0,0.0,0.0
19,True,True,,,204480,0,0,0,0,0,3,5.8,4.8,4,Declan,5.3,21,False,,,65,204480.jpg,5.3,False,Rice,8.9,False,,a,1,3,16,242863,46633,193970,36914,0.8,2.5,Rice,241.0,2023-07-15,1999-01-14,False,p204480,262,0,2,2,1,0,0,0,0,0,0,0,53,41.0,74.0,13.0,12.8,7,13,0,20,3,0.15,0.65,0.80,1.73,127,38,18,17,169,103,66,45,2.0,,1.0,,,,0.05,0.0,0.22,0.27,0.59,0.34,53,36,45,17,54,22,47,16,1.03,0.69,6.87
20,True,True,,,195384,0,0,-1,1,0,3,1.8,0.8,3,Mikel,1.3,22,False,,,59,195384.jpg,2.0,False,Merino Zazón,0.4,False,,a,1,3,4,8287,2076,39022,3930,0.2,0.7,Merino,200.0,2024-08-27,1996-06-22,False,p195384,76,0,0,1,0,0,0,0,0,0,0,0,8,6.4,2.3,0.0,0.9,1,2,3,6,1,0.00,0.02,0.02,0.77,298,144,290,159,711,312,333,167,,,,,,,0.0,0.0,0.02,0.02,0.91,0.0,106,71,244,121,219,107,281,90,1.18,1.18,7.11
21,True,False,0.0,,438098,0,0,-1,1,0,3,0.0,-0.5,0,Fábio,0.0,23,False,has joined Hamburger on loan for the rest of the season.,2025-09-02T13:38:06.128321Z,54,438098.jpg,0.0,False,Ferreira Vieira,0.0,False,,u,1,3,0,933,112,2486,509,0.0,0.0,Fábio Vieira,173.0,2022-06-21,2000-05-30,False,p438098,0,0,0,0,0,0,0,0,0,0,0,0,0,0.0,0.0,0.0,0.0,0,0,0,0,0,0.00,0.00,0.00,0.00,691,301,690,302,676,297,692,302,,,,,,,0.0,0.0,0.0,0.0,0.0,0.0,204,129,691,302,691,302,604,243,0.0,0.0,0.0
22,True,True,50.0,50.0,128295,0,0,-1,1,0,3,0.2,-0.2,0,Christian,0.0,24,False,Knock - 50% chance of playing,2025-08-18T08:00:05.297235Z,54,128295.jpg,0.0,False,Nørgaard,0.2,False,,d,1,3,0,1241,46,42094,3506,0.0,0.0,Nørgaard,58.0,2025-07-10,1994-03-10,False,p128295,0,0,0,0,0,0,0,0,0,0,0,0,0,0.0,0.0,0.0,0.0,0,0,0,0,0,0.00,0.00,0.00,0.00,685,298,684,299,669,293,686,299,,,,,,,0.0,0.0,0.0,0.0,0.0,0.0,184,115,685,299,685,299,342,118,0.0,0.0,0.0
23,True,True,,,499175,0,0,-1,1,0,3,0.8,-0.2,0,Ethan,0.3,25,False,,,54,499175.jpg,1.0,False,Nwaneri,0.2,False,,a,1,3,1,4582,688,15399,2463,0.1,0.2,Nwaneri,241.0,2022-09-17,2007-03-21,False,p499175,52,0,0,0,0,0,0,0,0,0,0,0,3,5.6,1.8,5.0,1.2,0,3,1,4,0,0.02,0.01,0.03,0.00,305,148,300,162,237,133,324,163,4.0,,3.0,,,,0.03,0.0,0.02,0.05,0.0,0.0,214,133,354,173,324,159,356,123,0.0,0.0,6.92
24,True,True,,,481655,0,0,0,0,0,3,3.5,2.5,1,Martín,3.0,26,False,,,55,481655.jpg,3.0,False,Zubimendi Ibáñez,1.9,False,,a,1,3,9,59460,7736,101033,18212,0.5,1.6,Zubimendi,200.0,2025-07-06,1999-02-02,False,p481655,270,0,0,2,1,0,0,0,1,0,0,0,31,23.8,11.4,8.0,4.3,6,15,6,27,3,0.05,0.05,0.10,2.21,199,82,199,120,205,118,235,114,,,,,,,0.02,0.0,0.02,0.04,0.74,0.33,167,104,122,46,144,61,127,41,1.0,0.67,9.0
25,True,False,0.0,,588796,0,0,0,0,0,3,0.0,-0.5,0,Ismeal,0.0,28,False,has joined Shrewsbury Town on loan for the rest of the season.,2025-09-02T13:24:41.013511Z,45,588796.jpg,0.0,False,Kabia,0.2,False,,u,1,3,0,6731,774,14234,2939,0.0,0.0,Kabia,152.0,2024-09-14,2005-12-10,False,p588796,0,0,0,0,0,0,0,0,0,0,0,0,0,0.0,0.0,0.0,0.0,0,0,0,0,0,0.00,0.00,0.00,0.00,602,238,596,241,567,229,603,239,,,,,,,0.0,0.0,0.0,0.0,0.0,0.0,515,297,605,244,605,244,334,113,0.0,0.0,0.0
26,True,False,0.0,,437742,0,0,0,0,0,3,0.0,-0.5,0,Albert,0.0,29,False,has joined Hamburger permanently.,2025-09-02T13:40:53.094922Z,45,437742.jpg,0.0,False,Sambi Lokonga,0.1,False,,u,1,3,0,2952,377,6765,1544,0.0,0.0,Sambi,21.0,2021-07-19,1999-10-22,False,p437742,0,0,0,0,0,0,0,0,0,0,0,0,0,0.0,0.0,0.0,0.0,0,0,0,0,0,0.00,0.00,0.00,0.00,545,194,536,197,507,185,547,195,,,,,,,0.0,0.0,0.0,0.0,0.0,0.0,438,249,549,200,549,200,465,156,0.0,0.0,0.0
27,True,True,0.0,0.0,219847,0,0,-1,1,0,4,0.0,0.0,0,Kai,0.3,30,False,Knee injury - Unknown return date,2025-08-20T13:00:06.498911Z,74,219847.jpg,1.0,False,Havertz,0.5,False,,i,1,3,1,8186,75,92724,7750,0.0,0.1,Havertz,80.0,2023-06-28,1999-06-11,False,p219847,30,0,0,0,0,0,0,0,0,0,0,0,4,2.8,0.8,2.0,0.6,1,2,0,3,0,0.00,0.01,0.01,0.82,334,26,318,33,296,36,345,35,,,,,,,0.0,0.0,0.03,0.03,2.46,0.0,26,11,362,38,351,37,247,42,0.0,0.0,9.0
28,True,True,0.0,0.0,205651,0,0,0,0,0,4,0.0,0.0,0,Gabriel,0.0,31,False,Knee injury - Unknown return date,2025-07-21T10:00:04.697564Z,65,205651.jpg,0.0,False,Fernando de Jesus,0.0,False,,i,1,3,0,510,94,2202,363,0.0,0.0,G.Jesus,30.0,2022-07-04,1997-04-03,False,p205651,0,0,0,0,0,0,0,0,0,0,0,0,0,0.0,0.0,0.0,0.0,0,0,0,0,0,0.00,0.00,0.00,0.00,724,74,724,74,724,74,724,74,,,,,,,0.0,0.0,0.0,0.0,0.0,0.0,54,18,724,74,724,74,597,71,0.0,0.0,0.0
29,True,True,,,232413,0,0,0,0,0,3,1.8,0.8,1,Eberechi,1.3,266,False,,,75,232413.jpg,2.0,False,Eze,11.0,False,,a,1,3,4,471133,112722,460539,77806,0.2,0.5,Eze,241.0,2025-08-23,1998-06-29,False,p232413,103,0,0,1,1,0,0,0,0,0,0,0,14,9.0,5.4,28.0,4.3,1,6,1,8,1,0.24,0.03,0.27,1.47,277,130,244,142,86,53,236,115,1.0,,1.0,,1.0,,0.21,0.0,0.03,0.24,1.28,0.87,25,15,253,126,229,116,36,11,0.87,0.87,6.99
30,True,True,,,500040,0,0,-1,1,0,2,1.5,0.5,2,Cristhian,1.0,662,False,,,54,500040.jpg,1.5,False,Mosquera,0.1,False,,a,1,3,3,2630,1942,5162,848,0.2,0.6,Mosquera,200.0,2025-07-24,2004-06-27,False,p500040,111,0,0,0,1,0,0,0,0,0,0,0,21,30.0,0.8,2.0,3.3,5,3,6,11,0,0.00,0.00,0.00,0.52,175,72,317,113,288,97,272,91,,,,,,,0.0,0.0,0.0,0.0,0.42,0.81,215,30,276,92,256,84,463,176,0.0,0.0,8.92
31,True,True,,,224117,0,0,0,0,1,4,5.2,4.2,1,Viktor,4.7,666,False,,,90,224117.jpg,4.7,False,Gyökeres,24.8,False,,a,1,3,14,639838,113666,686201,164953,0.5,1.6,Gyökeres,206.0,2025-07-26,1998-06-04,False,p224117,239,2,0,1,1,0,0,0,1,0,0,2,52,74.4,33.1,54.0,16.2,4,5,0,9,3,1.28,0.25,1.53,1.39,38,6,91,7,44,17,37,9,,,,,2.0,,0.48,0.0,0.09,0.57,0.52,0.38,7,3,65,8,74,8,14,5,1.13,0.38,3.39
32,True,True,,,616077,0,0,0,0,0,3,3.0,2.0,1,Max,2.5,700,False,,,45,616077.jpg,2.5,False,Dowman,0.3,False,,a,1,3,5,38814,12063,10679,4283,0.6,1.1,Dowman,241.0,2025-07-22,2009-12-31,False,p616077,27,0,1,0,0,0,0,0,0,0,0,0,13,1.0,0.8,26.0,2.8,0,1,2,3,0,0.14,0.02,0.16,0.12,350,170,315,166,92,56,288,146,,,,,,,0.47,0.0,0.07,0.54,0.4,0.0,528,306,153,62,172,76,297,97,0.0,0.0,10.0
33,True,True,,,646243,0,0,0,0,0,3,1.6,0.6,0,Andre,0.0,711,False,,,45,646243.jpg,0.0,False,Harriman-Annous,0.0,False,,a,1,3,0,281,281,64,64,0.0,0.0,Harriman-Annous,241.0,2025-07-22,2007-12-28,False,p646243,0,0,0,0,0,0,0,0,0,0,0,0,0,0.0,0.0,0.0,0.0,0,0,0,0,0,0.00,0.00,0.00,0.00,616,250,609,252,581,241,617,251,,,,,,,0.0,0.0,0.0,0.0,0.0,0.0,534,311,616,253,616,253,709,313,0.0,0.0,0.0
34,True,True,,,448104,0,0,0,0,0,2,3.7,2.7,0,Piero,0.0,725,False,,,55,448104.jpg,0.0,False,Hincapié,0.0,False,,a,1,3,0,880,880,86,86,0.0,0.0,Hincapie,62.0,2025-09-01,2002-01-09,False,p448104,0,0,0,0,0,0,0,0,0,0,0,0,0,0.0,0.0,0.0,0.0,0,0,0,0,0,0.00,0.00,0.00,0.00,705,243,706,243,701,241,706,243,,,,,,,0.0,0.0,0.0,0.0,0.0,0.0,163,22,705,242,705,242,675,226,0.0,0.0,0.0
35,True,True,100.0,100.0,98980,0,0,0,0,0,1,0.7,0.7,0,Emiliano,0.7,32,False,,2025-07-21T10:00:04.758838Z,50,98980.jpg,2.0,False,Martínez Romero,1.7,False,,a,2,7,2,68755,11936,40223,15949,0.1,0.4,Martinez,10.0,2020-09-16,1992-09-02,False,p98980,90,0,0,0,1,0,0,0,0,0,1,0,15,12.8,0.0,0.0,1.3,0,10,0,0,1,0.00,0.01,0.01,1.21,253,21,651,78,628,74,321,21,,,,,,,0.0,1.0,0.01,0.01,1.21,1.0,244,9,302,21,206,18,140,19,1.0,0.0,0.0
36,True,True,,,72147,0,0,0,0,0,1,2.3,2.3,0,Marco,2.3,33,False,,,45,72147.jpg,3.5,False,Bizot,0.8,False,,a,2,7,7,65191,5117,47010,7545,0.5,1.6,M.Bizot,152.0,2025-07-15,1991-03-10,False,p72147,180,0,0,1,3,0,0,0,1,0,4,0,22,25.4,0.0,0.0,2.6,4,19,0,0,2,0.00,0.00,0.00,4.10,191,20,518,63,483,57,293,20,,,,,,,0.0,2.0,0.0,0.0,2.05,1.5,392,21,157,15,110,11,196,26,1.0,0.5,0.0
37,True,False,0.0,0.0,462492,0,0,0,0,0,1,0.0,0.0,0,Joe,0.0,34,False,Has joined Port Vale on loan for the rest of the season.,2025-08-12T07:40:37.843391Z,40,462492.jpg,0.0,False,Gauci,0.2,False,,u,2,7,0,0,0,7673,961,0.0,0.0,Gauci,13.0,2024-02-01,2000-07-04,False,p462492,0,0,0,0,0,0,0,0,0,0,0,0,0,0.0,0.0,0.0,0.0,0,0,0,0,0,0.00,0.00,0.00,0.00,413,49,400,35,360,29,416,49,,,,,,,0.0,0.0,0.0,0.0,0.0,0.0,662,66,418,49,418,49,374,58,0.0,0.0,0.0
38,True,False,0.0,0.0,462381,0,0,0,0,0,1,0.0,0.0,0,Filip,0.0,35,False,Has joined Stevenage permanently.,2025-07-30T14:08:21.698398Z,40,462381.jpg,0.0,False,Marschall,0.0,False,,u,2,7,0,0,0,621,74,0.0,0.0,Marschall,241.0,2021-12-13,2003-04-24,False,p462381,0,0,0,0,0,0,0,0,0,0,0,0,0,0.0,0.0,0.0,0.0,0,0,0,0,0,0.00,0.00,0.00,0.00,412,48,399,34,359,28,415,48,,,,,,,0.0,0.0,0.0,0.0,0.0,0.0,661,65,417,48,417,48,666,80,0.0,0.0,0.0
39,True,True,,,199796,0,0,0,0,0,2,3.3,3.3,0,Matty,3.3,36,False,,,45,199796.jpg,3.3,False,Cash,5.0,False,,a,2,7,10,402451,16544,154957,41893,0.7,2.2,Cash,172.0,2020-09-03,1997-08-07,False,p199796,253,0,0,1,3,0,0,0,1,0,0,0,42,64.2,48.8,7.0,12.1,15,8,5,20,3,0.01,0.34,0.35,4.41,61,19,49,10,211,60,71,12,,,,,,,0.0,0.0,0.12,0.12,1.57,1.07,413,87,98,42,118,49,82,31,1.07,0.36,7.11
40,True,True,,,101188,0,0,0,0,0,2,3.0,3.0,1,Lucas,3.0,37,False,,,45,101188.jpg,3.0,False,Digne,2.1,False,,a,2,7,9,76757,2929,51536,13108,0.7,2.0,Digne,73.0,2022-01-13,1993-07-20,False,p101188,160,0,0,1,1,0,0,0,0,0,0,0,33,18.4,14.9,6.0,3.9,6,5,3,9,2,0.00,0.17,0.17,2.92,226,88,171,50,226,70,245,81,7.0,,2.0,,,,0.0,0.0,0.1,0.1,1.64,0.56,396,75,109,46,128,52,120,49,1.12,0.56,5.06
41,True,True,100.0,100.0,199798,0,0,0,0,0,2,1.3,1.3,1,Ezri,1.3,38,False,,2025-08-16T19:30:05.327199Z,45,199798.jpg,2.0,False,Konsa Ngoyo,13.8,False,,a,2,7,4,79328,13230,762501,80395,0.3,0.9,Konsa,241.0,2019-07-11,1997-10-23,False,p199798,155,0,0,1,3,0,0,0,0,1,0,0,18,20.2,15.4,4.0,4.0,8,6,0,8,2,0.00,0.04,0.04,3.78,221,85,167,47,244,79,241,80,,,,,,,0.0,0.0,0.02,0.02,2.19,1.74,414,88,229,77,197,71,32,11,1.16,0.58,4.65
42,True,True,,,441302,0,0,-1,1,0,2,0.7,0.7,1,Ian,0.7,39,False,,,44,441302.jpg,1.0,False,Maatsen,0.7,False,,a,2,7,2,8461,2154,31715,4485,0.2,0.5,Maatsen,152.0,2024-06-28,2002-03-10,False,p441302,109,0,0,0,3,0,0,0,0,0,0,0,16,29.6,53.5,7.0,9.0,9,7,1,10,1,0.11,0.18,0.29,2.40,176,73,44,7,210,59,112,29,,,,,,,0.09,0.0,0.15,0.24,1.98,2.48,563,147,292,96,282,100,218,81,0.83,0.0,8.26
43,True,True,,,149484,0,0,0,0,0,2,3.0,3.0,1,Tyrone,3.0,40,False,,,45,149484.jpg,3.0,False,Mings,1.3,False,,a,2,7,9,60340,2946,33780,7782,0.7,2.0,Mings,241.0,2019-07-08,1993-03-13,False,p149484,270,0,0,1,4,0,0,0,0,0,0,0,38,45.0,18.1,15.0,7.9,13,10,1,14,3,0.11,0.05,0.16,5.31,114,52,149,40,151,24,139,41,,,,,,,0.04,0.0,0.02,0.06,1.77,1.33,403,80,110,47,129,53,163,61,1.0,0.33,4.67
44,True,True,,,244954,0,0,0,0,0,2,1.0,1.0,1,Pau,1.0,41,False,,,45,244954.jpg,1.5,False,Torres,0.4,False,,a,2,7,3,6393,561,16156,2788,0.2,0.7,Pau,200.0,2023-07-12,1997-01-16,False,p244954,106,0,0,0,2,0,0,0,0,0,0,0,7,20.4,6.3,9.0,3.6,1,9,3,4,1,0.07,0.13,0.20,2.11,220,84,237,70,188,48,258,88,,,,,,,0.06,0.0,0.11,0.17,1.79,1.7,432,100,258,88,248,81,266,97,0.85,0.0,3.4
45,True,True,25.0,25.0,606798,0,0,0,0,0,2,0.0,0.0,0,Andrés,0.0,42,False,Knock - 25% chance of playing,2025-08-10T22:00:04.418109Z,40,606798.jpg,0.0,False,García,0.2,False,,d,2,7,0,1017,218,10767,1470,0.0,0.0,A.García,200.0,2025-01-21,2003-02-07,False,p606798,0,0,0,0,0,0,0,0,0,0,0,0,0,0.0,0.0,0.0,0.0,0,0,0,0,0,0.00,0.00,0.00,0.00,469,191,457,191,419,173,472,192,,,,,,,0.0,0.0,0.0,0.0,0.0,0.0,728,236,474,189,474,189,360,128,0.0,0.0,0.0
46,True,False,0.0,0.0,106468,0,0,0,0,0,2,0.0,0.0,0,Álex,0.0,43,False,Has joined Girona permanently.,2025-08-26T13:45:03.013808Z,40,106468.jpg,0.0,False,Moreno Lopera,5.9,False,,u,2,7,0,44476,0,410664,95654,0.0,0.0,Alex Moreno,200.0,2023-01-11,1993-06-08,False,p106468,0,0,0,0,0,0,0,0,0,0,0,0,0,0.0,0.0,0.0,0.0,0,0,0,0,0,0.00,0.00,0.00,0.00,373,133,359,131,319,111,376,134,,,,,,,0.0,0.0,0.0,0.0,0.0,0.0,615,161,380,133,380,133,69,24,0.0,0.0,0.0
47,True,True,,,515597,0,0,0,0,0,2,0.3,0.3,1,Lamare,0.3,44,False,,,40,515597.jpg,0.5,False,Bogarde,0.3,False,,a,2,7,1,7353,2515,9204,1701,0.1,0.2,Bogarde,152.0,2021-01-07,2004-01-05,False,p515597,22,0,0,0,0,0,0,0,1,0,0,0,0,0.2,4.0,2.0,0.5,0,0,0,0,0,0.00,0.03,0.03,0.49,355,126,260,78,267,88,346,118,,,,,,,0.0,0.0,0.12,0.12,2.0,0.0,691,206,325,107,357,120,291,107,0.0,0.0,0.0
48,True,True,,,514315,0,0,0,0,0,2,0.0,0.0,0,Lino,0.0,45,False,,,40,514315.jpg,0.0,False,da Cruz Sousa,0.3,False,,a,2,7,0,5689,1300,9184,1599,0.0,0.0,Sousa,,,,False,p514315,0,0,0,0,0,0,0,0,0,0,0,0,0,0.0,0.0,0.0,0.0,0,0,0,0,0,0.00,0.00,0.00,0.00,435,164,422,163,383,144,438,165,,,,,,,0.0,0.0,0.0,0.0,0.0,0.0,689,204,440,162,440,162,290,106,0.0,0.0,0.0
49,True,True,,,587178,0,0,0,0,0,2,0.0,0.0,0,Yasin,0.0,46,False,,,40,587178.jpg,0.0,False,Özcan,0.2,False,,a,2,7,0,3013,653,6280,1049,0.0,0.0,Yasin,219.0,2025-06-01,2006-04-20,False,p587178,0,0,0,0,0,0,0,0,0,0,0,0,0,0.0,0.0,0.0,0.0,0,0,0,0,0,0.00,0.00,0.00,0.00,463,186,450,185,412,167,466,187,,,,,,,0.0,0.0,0.0,0.0,0.0,0.0,721,230,468,184,468,184,344,122,0.0,0.0,0.0
50,True,True,100.0,100.0,244850,0,0,0,0,0,3,2.3,2.3,2,Morgan,2.3,47,False,,2025-08-10T22:00:04.458365Z,70,244850.jpg,2.3,False,Rogers,8.4,False,,a,2,7,7,234939,27322,367607,87269,0.3,1.0,Rogers,241.0,2024-02-01,2002-07-26,False,p244850,270,0,0,1,4,0,0,0,0,0,0,0,19,21.0,46.3,42.0,10.9,3,10,2,15,3,0.14,0.21,0.35,5.31,218,97,56,41,56,31,89,53,,,,,,,0.05,0.0,0.07,0.12,1.77,1.33,34,21,182,82,193,90,52,18,1.0,0.33,5.0
51,True,True,,,166989,-1,1,-1,1,0,3,2.3,2.3,2,Youri,2.3,48,False,,,59,166989.jpg,2.3,False,Tielemans,1.8,False,,a,2,7,7,37310,5073,87658,15992,0.4,1.2,Tielemans,21.0,2023-06-14,1997-05-07,False,p166989,270,0,0,1,4,0,0,0,0,0,0,0,36,30.8,71.9,29.0,13.2,4,9,4,17,3,0.13,0.35,0.48,5.31,171,65,22,21,83,51,61,41,3.0,,,,4.0,,0.04,0.0,0.12,0.16,1.77,1.33,103,68,176,77,190,88,132,44,1.0,0.33,5.67
52,True,False,0.0,0.0,215711,0,0,0,0,0,3,0.0,0.0,0,Leon,0.0,49,False,Has joined AS Roma on loan for the rest of the season.,2025-08-20T13:31:56.843157Z,55,215711.jpg,0.0,False,Bailey,0.2,False,,u,2,7,0,2168,0,39511,2781,0.0,0.0,Bailey,107.0,2021-08-04,1997-08-09,False,p215711,0,0,0,0,0,0,0,0,0,0,0,0,0,0.0,0.0,0.0,0.0,0,0,0,0,0,0.00,0.00,0.00,0.00,702,307,703,308,697,305,703,308,8.0,,4.0,,,,0.0,0.0,0.0,0.0,0.0,0.0,147,91,702,308,702,308,405,139,0.0,0.0,0.0
53,True,True,,,195546,-1,1,-2,2,0,3,0.7,0.7,1,Emiliano,0.7,50,False,,,53,195546.jpg,1.0,False,Buendía Stati,0.1,False,,a,2,7,2,1624,518,10098,1061,0.1,0.4,Buendía,10.0,2021-06-10,1996-12-25,False,p195546,103,0,0,0,2,0,0,0,0,0,0,0,8,12.2,46.3,21.0,8.0,3,3,4,10,0,0.21,0.32,0.53,1.23,256,116,55,40,113,70,137,72,,,,,,,0.18,0.0,0.28,0.46,1.07,1.75,229,144,306,153,316,153,490,168,0.0,0.0,8.74
54,True,True,,,469247,0,0,0,0,0,3,0.0,0.0,0,Samuel,0.0,51,False,,,55,469247.jpg,0.0,False,Iling-Junior,0.0,False,,a,2,7,0,755,267,1469,307,0.0,0.0,Iling Jr,241.0,2024-07-01,2003-10-04,False,p469247,0,0,0,0,0,0,0,0,0,0,0,0,0,0.0,0.0,0.0,0.0,0,0,0,0,0,0.00,0.00,0.00,0.00,706,309,707,310,702,308,707,310,,,,,,,0.0,0.0,0.0,0.0,0.0,0.0,165,102,706,310,706,310,623,258,0.0,0.0,0.0
55,True,True,,,204646,0,0,-2,2,0,3,1.3,1.3,2,Donyell,1.3,53,False,,,53,204646.jpg,1.3,False,Malen,1.0,False,,a,2,7,4,12250,2742,105262,13047,0.2,0.8,Malen,152.0,2025-01-14,1999-01-19,False,p204646,114,0,0,0,3,0,0,0,0,0,0,0,8,3.4,9.0,24.0,3.4,0,4,0,4,1,0.21,0.04,0.25,2.50,331,165,220,131,100,60,269,136,,,,,,,0.17,0.0,0.03,0.2,1.97,2.37,230,145,238,116,264,133,187,63,0.79,0.0,3.16
56,True,True,,,122806,0,0,0,0,0,3,2.3,2.3,2,John,2.3,54,False,,,55,122806.jpg,2.3,False,McGinn,0.6,False,,a,2,7,7,16717,2266,27608,5132,0.4,1.3,McGinn,243.0,2018-08-08,1994-10-18,False,p122806,229,0,0,1,3,0,0,0,0,0,0,0,42,30.6,64.3,21.0,11.6,3,12,2,17,3,0.05,0.33,0.38,4.21,173,66,33,31,116,73,79,50,6.0,,6.0,,,,0.02,0.0,0.13,0.15,1.65,1.18,134,85,170,73,185,85,219,73,1.18,0.39,6.68
57,True,True,25.0,25.0,88894,0,0,-1,1,0,3,0.0,0.0,0,Ross,0.0,55,False,Knock - 25% chance of playing,2025-08-10T22:00:04.469618Z,49,88894.jpg,0.0,False,Barkley,0.0,False,,d,2,7,0,226,24,5245,570,0.0,0.0,Barkley,241.0,2024-07-01,1993-12-05,False,p88894,0,0,0,0,0,0,0,0,0,0,0,0,0,0.0,0.0,0.0,0.0,0,0,0,0,0,0.00,0.00,0.00,0.00,620,252,612,253,585,243,621,253,,,,,,,0.0,0.0,0.0,0.0,0.0,0.0,325,201,620,255,620,255,576,223,0.0,0.0,0.0
58,True,False,0.0,0.0,491287,0,0,0,0,0,3,0.0,0.0,0,Enzo,0.0,56,False,Season-long loan to Benfica,2025-07-22T13:50:13.193555Z,50,491287.jpg,0.0,False,Barrenechea,0.0,False,,u,2,7,0,0,0,21,3,0.0,0.0,Barrenechea,,,,False,p491287,0,0,0,0,0,0,0,0,0,0,0,0,0,0.0,0.0,0.0,0.0,0,0,0,0,0,0.00,0.00,0.00,0.00,670,288,669,289,652,281,671,289,,,,,,,0.0,0.0,0.0,0.0,0.0,0.0,302,184,669,289,669,289,736,327,0.0,0.0,0.0
59,True,False,0.0,0.0,461421,0,0,0,0,0,3,0.0,0.0,0,Lewis,0.0,57,False,Has joined Preston North End on loan for the rest of the season.,2025-08-26T13:44:19.058961Z,50,461421.jpg,0.0,False,Dobbin,0.0,False,,u,2,7,0,889,0,3576,742,0.0,0.0,Dobbin,241.0,2024-06-23,2003-01-03,False,p461421,0,0,0,0,0,0,0,0,0,0,0,0,0,0.0,0.0,0.0,0.0,0,0,0,0,0,0.00,0.00,0.00,0.00,664,284,663,285,645,277,665,285,,,,,,,0.0,0.0,0.0,0.0,0.0,0.0,286,173,663,285,663,285,592,235,0.0,0.0,0.0
60,True,True,50.0,50.0,226944,0,0,-1,1,0,3,0.5,0.5,0,Boubacar,1.0,58,False,Hamstring injury - 50% chance of playing,2025-08-23T22:30:05.846310Z,49,226944.jpg,1.5,False,Kamara,0.1,False,,d,2,7,3,3817,86,13251,2011,0.2,0.6,Kamara,73.0,2022-06-11,1999-11-23,False,p226944,105,0,0,1,1,0,0,0,1,0,0,0,18,15.4,3.0,19.0,3.7,3,6,3,12,2,0.05,0.03,0.08,2.26,238,108,277,155,126,79,253,126,,,,,,,0.04,0.0,0.03,0.07,1.94,0.86,350,218,265,130,251,128,438,147,1.71,0.86,10.29
61,True,True,50.0,50.0,449871,0,0,0,0,0,3,1.0,1.0,0,Amadou,2.0,59,False,Hamstring injury - 50% chance of playing,2025-08-29T18:30:08.037987Z,50,449871.jpg,3.0,False,Onana,1.3,False,,d,2,7,6,58359,400,99351,31693,0.4,1.2,Onana,21.0,2024-07-22,2001-08-16,False,p449871,153,0,0,1,1,0,0,0,1,0,0,0,29,34.0,6.2,16.0,5.6,9,10,4,23,2,0.23,0.05,0.28,2.54,157,58,238,139,144,92,193,93,,,,,,,0.14,0.0,0.03,0.17,1.49,0.59,284,172,197,90,136,56,159,52,1.18,0.59,13.53
62,True,True,,,577731,0,0,0,0,0,3,0.0,0.0,0,Ben,0.0,60,False,,,45,577731.jpg,0.0,False,Broggio,0.3,False,,a,2,7,0,8463,2073,12255,2292,0.0,0.0,Broggio,,,,False,p577731,0,0,0,0,0,0,0,0,0,0,0,0,0,0.0,0.0,0.0,0.0,0,0,0,0,0,0.00,0.00,0.00,0.00,600,236,594,239,565,227,601,237,,,,,,,0.0,0.0,0.0,0.0,0.0,0.0,513,295,603,242,603,242,304,99,0.0,0.0,0.0
63,True,False,0.0,0.0,151589,0,0,0,0,0,3,0.0,0.0,0,Leander,0.0,61,False,Has joined Real Oviedo permanently.,2025-08-20T13:31:56.822248Z,45,151589.jpg,0.0,False,Dendoncker,0.2,False,,u,2,7,0,2169,0,20606,2600,0.0,0.0,Dendoncker,21.0,2022-09-01,1995-04-15,False,p151589,0,0,0,0,0,0,0,0,0,0,0,0,0,0.0,0.0,0.0,0.0,0,0,0,0,0,0.00,0.00,0.00,0.00,532,189,521,192,489,178,534,190,,,,,,,0.0,0.0,0.0,0.0,0.0,0.0,404,242,536,195,536,195,363,125,0.0,0.0,0.0
64,True,True,,,559962,0,0,0,0,0,3,0.0,0.0,0,Jamaldeen,0.0,62,False,,,45,559962.jpg,0.0,False,Jimoh-Aloba,0.1,False,,a,2,7,0,1294,323,2093,383,0.0,0.0,Jimoh-Aloba,241.0,2024-09-23,2006-10-02,False,p559962,0,0,0,0,0,0,0,0,0,0,0,0,0,0.0,0.0,0.0,0.0,0,0,0,0,0,0.00,0.00,0.00,0.00,587,229,581,232,553,220,589,230,,,,,,,0.0,0.0,0.0,0.0,0.0,0.0,499,287,591,235,591,235,565,215,0.0,0.0,0.0
65,True,True,,,537403,0,0,0,0,0,3,0.0,0.0,0,Kadan,0.0,63,False,,,45,537403.jpg,0.0,False,Young,0.6,False,,a,2,7,0,13266,2367,27102,4648,0.0,0.0,Young,,,,False,p537403,0,0,0,0,0,0,0,0,0,0,0,0,0,0.0,0.0,0.0,0.0,0,0,0,0,0,0.00,0.00,0.00,0.00,577,221,571,224,543,212,579,222,,,,,,,0.0,0.0,0.0,0.0,0.0,0.0,487,278,581,227,581,227,222,75,0.0,0.0,0.0
66,True,True,,,178301,0,0,-1,1,0,4,2.0,2.0,2,Ollie,2.0,64,False,,,89,178301.jpg,2.0,False,Watkins,18.1,False,,a,2,7,6,237901,19526,1074752,232790,0.2,0.7,Watkins,241.0,2020-09-09,1995-12-30,False,p178301,270,0,0,1,4,0,0,0,0,0,0,0,22,16.2,38.1,92.0,14.7,2,6,2,10,3,1.13,0.13,1.26,5.31,236,19,77,6,8,5,47,10,,,,,3.0,,0.38,0.0,0.04,0.42,1.77,1.33,8,4,211,19,230,20,21,6,1.0,0.33,3.33
67,True,False,0.0,,576756,0,0,0,0,0,4,0.0,0.0,0,Zépiqueno,0.0,65,False,has joined Huddersfield Town on loan for the rest of the season.,2025-09-02T13:26:36.441136Z,45,576756.jpg,0.0,False,Redmond,0.7,False,,u,2,7,0,17574,1673,39611,8838,0.0,0.0,Redmond,,,,False,p576756,0,0,0,0,0,0,0,0,0,0,0,0,0,0.0,0.0,0.0,0.0,0,0,0,0,0,0.00,0.00,0.00,0.00,598,55,592,54,563,53,599,55,,,,,,,0.0,0.0,0.0,0.0,0.0,0.0,510,64,601,55,601,55,210,34,0.0,0.0,0.0
68,True,True,,,444884,0,0,-1,1,0,3,0.3,0.3,0,Harvey,0.3,389,False,,,54,444884.jpg,1.0,False,Elliott,0.3,False,,a,2,7,1,19026,17510,10653,3828,0.1,0.2,Elliott,241.0,2025-09-01,2003-04-04,False,p444884,1,0,0,0,0,0,0,0,0,0,0,0,2,0.2,0.8,0.0,0.1,0,0,0,0,0,0.00,0.00,0.00,0.00,356,172,316,167,679,298,360,174,,,,,,,0.0,0.0,0.0,0.0,0.0,0.0,207,130,352,172,322,158,321,106,0.0,0.0,0.0
69,True,True,,,209243,0,0,-1,1,0,3,0.0,0.0,0,Jadon,0.0,456,False,,,59,209243.jpg,0.0,False,Sancho,0.2,False,,a,2,7,0,7449,6348,7264,2218,0.0,0.0,Sancho,241.0,2025-09-01,2000-03-25,False,p209243,0,0,0,0,0,0,0,0,0,0,0,0,0,0.0,0.0,0.0,0.0,0,0,0,0,0,0.00,0.00,0.00,0.00,714,313,714,313,712,313,714,313,,,,,,,0.0,0.0,0.0,0.0,0.0,0.0,107,72,714,313,714,313,392,132,0.0,0.0,0.0
70,True,True,,,485337,0,0,-1,1,0,3,0.7,0.7,1,Evann,0.7,677,False,,,64,485337.jpg,1.0,False,Guessand,0.0,False,,a,2,7,2,1090,294,4087,586,0.1,0.3,Guessand,54.0,2025-08-08,2001-07-01,False,p485337,60,0,0,0,1,0,0,0,0,0,0,0,4,6.6,3.2,19.0,2.8,0,4,2,6,1,0.07,0.01,0.08,1.83,296,142,275,154,129,82,290,147,,,,,,,0.1,0.0,0.02,0.12,2.74,1.5,73,50,316,160,347,174,582,228,1.5,0.0,9.0
71,True,True,,,481283,0,0,0,0,0,1,0.0,0.0,0,James,0.0,688,False,,,40,481283.jpg,0.0,False,Wright,0.5,False,,a,2,7,0,19022,1463,8604,2009,0.0,0.0,Wright,241.0,2023-03-31,2004-12-02,False,p481283,0,0,0,0,0,0,0,0,0,0,0,0,0,0.0,0.0,0.0,0.0,0,0,0,0,0,0.00,0.00,0.00,0.00,421,54,408,40,369,34,424,54,,,,,,,0.0,0.0,0.0,0.0,0.0,0.0,674,71,426,54,426,54,237,33,0.0,0.0,0.0
72,True,True,,,569577,0,0,0,0,0,2,0.0,0.0,0,Triston,0.0,701,False,,,40,569577.jpg,0.0,False,Rowe,0.1,False,,a,2,7,0,7516,1395,1959,928,0.0,0.0,Rowe,241.0,2024-09-23,2006-10-02,False,p569577,0,0,0,0,0,0,0,0,0,0,0,0,0,0.0,0.0,0.0,0.0,0,0,0,0,0,0.00,0.00,0.00,0.00,457,181,444,180,406,162,460,182,,,,,,,0.0,0.0,0.0,0.0,0.0,0.0,714,224,462,179,462,179,454,172,0.0,0.0,0.0
73,True,True,,,645618,0,0,0,0,0,3,0.5,0.5,1,Bradley,0.5,702,False,,,45,645618.jpg,1.0,False,Burrowes,0.1,False,,a,2,7,1,4298,1011,1634,756,0.1,0.2,Burrowes,241.0,2025-01-09,2008-03-04,False,p645618,16,0,0,0,1,0,0,0,0,0,0,0,3,0.0,0.3,0.0,0.0,0,1,0,1,0,0.00,0.00,0.00,0.90,615,249,334,174,580,240,616,250,,,,,,,0.0,0.0,0.0,0.0,5.06,5.62,533,310,319,162,298,142,523,184,0.0,0.0,5.62
74,True,True,,,564505,0,0,0,0,0,1,0.0,0.0,0,Sam,0.0,703,False,,,40,564505.jpg,0.0,False,Proctor,0.3,False,,a,2,7,0,13182,3952,2334,1300,0.0,0.0,Proctor,241.0,2023-12-16,2006-12-21,False,p564505,0,0,0,0,0,0,0,0,0,0,0,0,0,0.0,0.0,0.0,0.0,0,0,0,0,0,0.00,0.00,0.00,0.00,455,65,442,51,404,45,458,65,,,,,,,0.0,0.0,0.0,0.0,0.0,0.0,712,82,460,65,460,65,332,51,0.0,0.0,0.0
75,True,True,,,534836,0,0,0,0,0,2,1.2,1.2,0,Travis,0.0,710,False,,,40,534836.jpg,0.0,False,Patterson,0.1,False,,a,2,7,0,3858,3858,468,468,0.0,0.0,Patterson,241.0,2025-08-30,2005-10-06,False,p534836,0,0,0,0,0,0,0,0,0,0,0,0,0,0.0,0.0,0.0,0.0,0,0,0,0,0,0.00,0.00,0.00,0.00,441,170,428,169,390,151,444,171,,,,,,,0.0,0.0,0.0,0.0,0.0,0.0,698,213,446,168,446,168,544,199,0.0,0.0,0.0
76,True,True,,,184667,0,0,0,0,0,2,2.0,2.0,0,Victor,0.0,719,False,,,45,184667.jpg,0.0,False,Lindelöf,0.0,False,,a,2,7,0,694,694,83,83,0.0,0.0,Lindelöf,206.0,2025-09-01,1994-07-17,False,p184667,0,0,0,0,0,0,0,0,0,0,0,0,0,0.0,0.0,0.0,0.0,0,0,0,0,0,0.00,0.00,0.00,0.00,535,217,524,217,492,204,537,217,,,,,,,0.0,0.0,0.0,0.0,0.0,0.0,410,84,539,214,539,214,687,230,0.0,0.0,0.0
77,True,True,,,518030,0,0,0,0,0,1,-1.5,-0.5,0,Max,0.0,183,False,,,45,518030.jpg,0.0,False,Weiß,0.1,False,,a,3,90,0,1407,197,5111,803,0.0,0.0,Weiss,80.0,2025-06-25,2004-06-15,False,p518030,0,0,0,0,0,0,0,0,0,0,0,0,0,0.0,0.0,0.0,0.0,0,0,0,0,0,0.00,0.00,0.00,0.00,570,79,564,71,536,67,572,79,,,,,,,0.0,0.0,0.0,0.0,0.0,0.0,478,31,574,79,574,79,415,60,0.0,0.0,0.0
78,True,False,0.0,,489571,0,0,0,0,0,1,0.0,-0.5,0,Etienne,0.0,184,False,has joined FC Fredericia permanently.,2025-09-02T12:51:25.510909Z,40,489571.jpg,0.0,False,Green,0.4,False,,u,3,90,0,4943,537,8389,2296,0.0,0.0,Green,241.0,2024-08-07,2000-07-19,False,p489571,0,0,0,0,0,0,0,0,0,0,0,0,0,0.0,0.0,0.0,0.0,0,0,0,0,0,0.00,0.00,0.00,0.00,424,57,411,43,372,37,427,57,,,,,,,0.0,0.0,0.0,0.0,0.0,0.0,677,74,429,57,429,57,276,40,0.0,0.0,0.0
79,True,True,,,51943,0,0,0,0,0,1,-1.5,-0.5,0,Václav,0.0,185,False,,,40,51943.jpg,0.0,False,Hladký,0.2,False,,a,3,90,0,1730,391,3942,753,0.0,0.0,Hladký,57.0,2024-07-19,1990-11-14,False,p51943,0,0,0,0,0,0,0,0,0,0,0,0,0,0.0,0.0,0.0,0.0,0,0,0,0,0,0.00,0.00,0.00,0.00,363,23,348,8,307,2,366,23,,,,,,,0.0,0.0,0.0,0.0,0.0,0.0,603,39,370,23,370,23,372,57,0.0,0.0,0.0
80,True,True,0.0,0.0,192290,-1,1,-1,1,0,2,0.0,0.0,0,Connor,0.0,186,False,Knock - Expected back 14 Sep,2025-08-22T12:30:06.986449Z,44,192290.jpg,0.0,False,Roberts,0.1,False,,i,3,90,0,519,26,4964,580,0.0,0.0,Roberts,244.0,2021-08-31,1995-09-23,False,p192290,0,0,0,0,0,0,0,0,0,0,0,0,0,0.0,0.0,0.0,0.0,0,0,0,0,0,0.00,0.00,0.00,0.00,482,200,471,201,433,183,485,201,,,,,,,0.0,0.0,0.0,0.0,0.0,0.0,547,135,487,198,487,198,559,203,0.0,0.0,0.0
81,True,True,,,58621,0,0,0,0,0,2,0.8,1.8,0,Kyle,2.3,187,False,,,45,58621.jpg,2.3,False,Walker,1.8,False,,a,3,90,7,36718,4725,55646,15417,0.5,1.6,Walker,241.0,2025-07-05,1990-05-28,False,p58621,270,0,0,1,6,0,0,0,1,0,0,0,22,39.0,7.3,1.0,4.8,15,13,4,19,3,0.01,0.14,0.15,6.72,135,60,225,66,297,102,223,77,,,,,,,0.0,0.0,0.05,0.05,2.24,2.0,389,70,156,62,174,65,133,53,1.0,0.33,6.33
82,True,True,,,247245,0,0,0,0,0,2,-1.5,-0.5,0,Hannes,0.0,188,False,,,40,247245.jpg,0.0,False,Delcroix,0.3,False,,a,3,90,0,2853,481,9179,1497,0.0,0.0,Delcroix,21.0,2023-08-22,1999-02-28,False,p247245,0,0,0,0,0,0,0,0,0,0,0,0,0,0.0,0.0,0.0,0.0,0,0,0,0,0,0.00,0.00,0.00,0.00,398,145,385,144,345,124,401,146,,,,,,,0.0,0.0,0.0,0.0,0.0,0.0,645,178,403,143,403,143,323,118,0.0,0.0,0.0
83,True,False,0.0,0.0,461567,0,0,0,0,0,2,0.0,0.0,0,Owen,0.0,189,False,Has joined Stockport County on loan for the rest of the season.,2025-08-11T01:08:30.737822Z,40,461567.jpg,0.0,False,Dodgson,0.0,False,,u,3,90,0,0,0,1505,137,0.0,0.0,Dodgson,241.0,2021-08-20,2003-03-19,False,p461567,0,0,0,0,0,0,0,0,0,0,0,0,0,0.0,0.0,0.0,0.0,0,0,0,0,0,0.00,0.00,0.00,0.00,411,154,398,153,358,133,414,155,,,,,,,0.0,0.0,0.0,0.0,0.0,0.0,660,189,416,152,416,152,647,218,0.0,0.0,0.0
84,True,True,,,478969,0,0,0,0,0,2,2.8,3.8,3,Hjalmar,4.3,190,False,,,40,478969.jpg,4.3,False,Ekdal,1.1,False,,a,3,90,13,108004,20441,24075,6867,1.1,3.2,Ekdal,206.0,2023-01-21,1998-10-21,False,p478969,262,0,0,1,5,0,0,0,0,0,0,1,40,66.2,15.1,14.0,9.5,27,10,4,31,3,0.00,0.01,0.01,5.66,57,18,169,48,156,27,103,26,,,,,,,0.0,0.0,0.0,0.0,1.94,1.72,673,196,66,27,77,32,181,68,1.03,0.34,10.65
85,True,True,,,477717,0,0,0,0,0,2,1.2,2.2,1,Maxime,2.7,191,False,,,40,477717.jpg,2.7,False,Estève,17.9,False,,a,3,90,8,223275,28766,284462,85727,0.7,2.0,Estève,73.0,2024-06-14,2002-05-26,False,p477717,262,0,0,1,6,0,0,0,0,0,0,0,27,56.8,1.8,19.0,7.8,21,4,2,23,3,0.05,0.01,0.06,6.61,76,29,299,102,125,18,142,44,,,,,,,0.02,0.0,0.0,0.02,2.27,2.06,672,195,132,52,154,58,22,6,1.03,0.34,7.9
86,True,True,,,494960,0,0,0,0,0,2,1.2,2.2,1,Quilindschy,2.7,192,False,,,40,494960.jpg,2.7,False,Hartman,0.5,False,,a,3,90,8,16776,1891,15022,3948,0.7,2.0,Hartman,152.0,2025-06-26,2001-11-14,False,p494960,270,0,0,1,6,0,0,0,0,0,0,0,26,52.8,20.8,11.0,8.4,15,8,8,23,3,0.09,0.08,0.17,6.72,88,35,135,34,177,41,128,37,2.0,,,,,,0.03,0.0,0.03,0.06,2.24,2.0,682,200,133,53,155,59,238,88,1.0,0.33,7.67
87,True,True,100.0,100.0,461188,0,0,0,0,0,2,-1.5,-0.5,0,Bashir,0.0,193,False,,2025-08-10T22:00:04.557380Z,40,461188.jpg,0.0,False,Humphreys,0.0,False,,a,3,90,0,551,211,1913,187,0.0,0.0,Humphreys,241.0,2025-07-01,2003-03-15,False,p461188,0,0,0,0,0,0,0,0,0,0,0,0,0,0.0,0.0,0.0,0.0,0,0,0,0,0,0.00,0.00,0.00,0.00,408,152,395,151,355,131,411,153,,,,,,,0.0,0.0,0.0,0.0,0.0,0.0,657,187,413,150,413,150,577,207,0.0,0.0,0.0
88,True,True,0.0,0.0,241231,0,0,0,0,0,2,0.0,0.0,0,Jordan,0.0,194,False,Knee injury - Expected back 14 Sep,2025-08-22T12:30:07.019474Z,40,241231.jpg,0.0,False,Beyer,0.1,False,,i,3,90,0,671,31,7795,1010,0.0,0.0,Jordan,80.0,2023-07-01,2000-05-19,False,p241231,0,0,0,0,0,0,0,0,0,0,0,0,0,0.0,0.0,0.0,0.0,0,0,0,0,0,0.00,0.00,0.00,0.00,397,144,384,143,344,123,400,145,,,,,,,0.0,0.0,0.0,0.0,0.0,0.0,643,176,402,142,402,142,464,177,0.0,0.0,0.0
89,True,True,,,549329,0,0,0,0,0,2,-1.5,-0.5,0,Lucas,0.0,195,False,,,40,549329.jpg,0.0,False,Pires Silva,0.1,False,,a,3,90,0,890,151,4612,738,0.0,0.0,Lucas Pires,30.0,2024-07-16,2001-03-24,False,p549329,0,0,0,0,0,0,0,0,0,0,0,0,0,0.0,0.0,0.0,0.0,0,0,0,0,0,0.00,0.00,0.00,0.00,449,177,436,176,398,158,452,178,,,,,,,0.0,0.0,0.0,0.0,0.0,0.0,706,220,454,175,454,175,433,165,0.0,0.0,0.0
90,True,False,0.0,0.0,450072,0,0,0,0,0,2,0.0,0.0,0,Shurandy,0.0,196,False,Has joined Sparta Rotterdam on loan for the rest of the season.,2025-08-19T13:36:42.853472Z,40,450072.jpg,0.0,False,Sambo,0.1,False,,u,3,90,0,202,0,5717,615,0.0,0.0,Sambo,152.0,2024-06-28,2001-08-19,False,p450072,0,0,0,0,0,0,0,0,0,0,0,0,0,0.0,0.0,0.0,0.0,0,0,0,0,0,0.00,0.00,0.00,0.00,407,151,394,150,354,130,410,152,,,,,,,0.0,0.0,0.0,0.0,0.0,0.0,656,186,412,149,412,149,515,194,0.0,0.0,0.0
91,True,True,,,519895,0,0,0,0,0,2,-0.5,0.5,1,Oliver,1.0,197,False,,,40,519895.jpg,1.0,False,Sonne,0.1,False,,a,3,90,3,2672,298,3923,738,0.2,0.8,Sonne,169.0,2025-01-01,2000-11-10,False,p519895,102,0,0,0,4,0,0,0,0,0,0,0,-2,7.6,16.4,6.0,3.0,1,3,1,2,1,0.03,0.08,0.11,3.31,287,109,160,43,222,67,277,92,,,,,,,0.03,0.0,0.07,0.1,2.92,3.53,697,212,255,85,278,96,420,159,0.88,0.0,1.76
92,True,True,100.0,100.0,180804,0,0,0,0,0,2,-1.5,-0.5,0,Axel,0.0,198,False,,2025-08-22T12:30:07.036752Z,40,180804.jpg,0.0,False,Tuanzebe,1.7,False,,a,3,90,0,4822,736,69529,9207,0.0,0.0,Tuanzebe,50.0,2025-07-01,1997-11-14,False,p180804,0,0,0,0,0,0,0,0,0,0,0,0,0,0.0,0.0,0.0,0.0,0,0,0,0,0,0.00,0.00,0.00,0.00,385,138,371,136,331,116,388,139,,,,,,,0.0,0.0,0.0,0.0,0.0,0.0,627,166,391,137,391,137,142,56,0.0,0.0,0.0
93,True,True,,,208912,0,0,0,0,0,2,-0.8,0.2,1,Joe,0.7,199,False,,,40,208912.jpg,1.0,False,Worrall,0.1,False,,a,3,90,2,1054,203,3532,537,0.2,0.5,Worrall,241.0,2024-08-23,1997-01-10,False,p208912,14,0,0,0,1,0,0,0,0,0,0,0,7,9.0,0.0,0.0,0.9,4,1,1,5,0,0.00,0.00,0.00,1.17,274,105,372,137,332,117,331,113,,,,,,,0.0,0.0,0.0,0.0,7.52,6.43,630,169,289,93,274,92,447,170,0.0,0.0,32.14
94,True,True,,,444180,0,0,0,0,1,3,5.5,6.5,6,Jaidon,7.0,200,False,,,55,444180.jpg,7.0,False,Anthony,0.7,False,,a,3,90,21,63243,33742,16417,7643,1.3,3.8,Anthony,241.0,2025-07-01,1999-12-01,False,p444180,264,2,1,1,6,0,0,0,1,0,0,2,69,106.2,41.6,95.0,24.3,5,13,3,21,3,1.59,0.39,1.98,6.72,5,2,70,51,6,3,7,5,3.0,,1.0,,,,0.54,0.0,0.13,0.67,2.29,2.05,161,99,14,4,18,5,206,70,1.02,0.34,7.16
95,True,True,,,183751,-1,1,-1,1,0,3,-1.5,-0.5,0,Manuel,0.0,201,False,,,54,183751.jpg,0.0,False,Benson Hedilazio,0.0,False,,a,3,90,0,631,218,1248,266,0.0,0.0,Benson,6.0,2022-08-04,1997-03-28,False,p183751,0,0,0,0,0,0,0,0,0,0,0,0,0,0.0,0.0,0.0,0.0,0,0,0,0,0,0.00,0.00,0.00,0.00,686,299,685,300,670,294,687,300,,,,,,,0.0,0.0,0.0,0.0,0.0,0.0,188,119,686,300,686,300,639,271,0.0,0.0,0.0
96,True,True,,,179458,0,0,-1,1,0,3,1.5,2.5,5,Jacob,3.0,202,False,,,54,179458.jpg,3.0,False,Bruun Larsen,0.0,False,,a,3,90,9,1138,534,1875,288,0.6,1.7,Bruun Larsen,58.0,2025-07-11,1998-09-19,False,p179458,176,0,1,1,3,0,0,0,0,0,0,0,30,32.8,29.1,20.0,8.0,6,6,1,13,2,0.05,0.34,0.39,4.09,164,62,100,70,121,78,138,73,,,,,2.0,,0.03,0.0,0.17,0.2,2.09,1.53,187,118,118,43,141,59,596,238,1.02,0.51,6.65
97,True,True,,,578614,0,0,-1,1,0,3,-1.5,-0.5,0,Enock,0.0,203,False,,,49,578614.jpg,0.0,False,Agyei,0.0,False,,a,3,90,0,587,138,2408,385,0.0,0.0,Boateng,21.0,2023-01-30,2005-01-13,False,p578614,0,0,0,0,0,0,0,0,0,0,0,0,0,0.0,0.0,0.0,0.0,0,0,0,0,0,0.00,0.00,0.00,0.00,651,273,643,274,620,265,652,274,,,,,,,0.0,0.0,0.0,0.0,0.0,0.0,377,237,650,274,650,274,579,225,0.0,0.0,0.0
98,True,False,0.0,,250735,-1,1,-1,1,0,3,0.0,-0.5,0,Darko,0.0,204,False,has joined Kocaelispor  permanently.,2025-09-02T12:51:25.524903Z,49,250735.jpg,0.0,False,Churlinov,0.0,False,,u,3,90,0,160,30,1049,214,0.0,0.0,Churlinov,,2022-08-19,2000-07-11,False,p250735,0,0,0,0,0,0,0,0,0,0,0,0,0,0.0,0.0,0.0,0.0,0,0,0,0,0,0.00,0.00,0.00,0.00,638,264,630,265,606,256,639,265,,,,,,,0.0,0.0,0.0,0.0,0.0,0.0,356,223,637,266,637,266,642,273,0.0,0.0,0.0
99,True,True,,,172567,0,0,0,0,1,3,5.2,6.2,2,Josh,6.7,205,False,,,50,172567.jpg,6.7,False,Cullen,1.8,False,,a,3,90,20,204587,27276,46051,21259,1.3,4.0,Cullen,104.0,2022-07-12,1996-04-07,False,p172567,270,1,1,1,6,1,0,0,0,0,0,3,77,105.0,79.7,21.0,20.6,14,13,6,33,3,0.08,0.52,0.60,6.72,8,5,14,13,109,67,17,13,1.0,,,,,,0.03,0.0,0.17,0.2,2.24,2.0,253,156,16,6,21,8,128,42,1.0,0.33,11.0
100,True,True,,,174592,0,0,-1,1,0,3,-1.2,-0.2,0,Marcus,0.3,206,False,,,49,174592.jpg,1.0,False,Edwards,0.1,False,,a,3,90,1,918,133,4542,727,0.1,0.2,Edwards,241.0,2025-07-01,1998-12-03,False,p174592,5,0,0,0,0,0,0,0,0,0,0,0,3,0.0,0.0,0.0,0.0,0,0,0,0,0,0.00,0.00,0.00,0.00,626,257,618,258,591,248,627,258,4.0,,,,,,0.0,0.0,0.0,0.0,0.0,0.0,332,207,341,167,299,143,533,191,0.0,0.0,0.0
101,True,True,,,465527,0,0,0,0,0,3,1.5,2.5,2,Hannibal,3.0,207,False,,,50,465527.jpg,3.0,False,Mejbri,0.2,False,,a,3,90,9,4672,907,5258,1301,0.6,1.8,Hannibal,218.0,2024-08-28,2003-01-21,False,p465527,208,0,0,1,4,0,0,0,0,0,0,0,26,12.0,26.3,13.0,5.1,3,9,5,17,3,0.16,0.13,0.29,4.45,258,118,111,79,165,101,214,101,,,3.0,,,,0.07,0.0,0.06,0.13,1.93,1.73,288,174,114,41,137,57,393,133,1.3,0.43,7.36
102,True,False,0.0,0.0,487702,0,0,0,0,0,3,0.0,0.0,0,Luca,0.0,208,False,Has joined Espanyol on loan for the rest of the season.,2025-08-22T14:15:37.649817Z,50,487702.jpg,0.0,False,Koleosho,0.0,False,,u,3,90,0,68,0,2169,215,0.0,0.0,Koleosho,106.0,2023-07-25,2004-09-15,False,p487702,0,0,0,0,0,0,0,0,0,0,0,0,0,0.0,0.0,0.0,0.0,0,0,0,0,0,0.00,0.00,0.00,0.00,669,287,668,288,651,280,670,288,,,,,,,0.0,0.0,0.0,0.0,0.0,0.0,300,182,668,288,668,288,652,280,0.0,0.0,0.0
103,True,True,,,167887,0,0,0,0,0,3,-0.5,0.5,0,Josh,1.0,209,False,,,50,167887.jpg,1.0,False,Laurent,0.0,False,,a,3,90,3,354,63,1103,188,0.2,0.6,Laurent,241.0,2024-08-30,1995-05-06,False,p167887,97,0,0,0,3,0,0,0,1,0,0,0,16,23.8,12.1,22.0,5.9,7,5,2,14,1,0.11,0.13,0.24,2.70,198,81,193,118,105,64,187,91,,,,,,,0.1,0.0,0.12,0.22,2.51,2.78,250,155,270,135,310,151,632,265,0.93,0.0,12.99
104,True,True,,,469272,0,0,0,0,0,3,0.2,1.2,3,Loum,1.7,210,False,,,50,469272.jpg,1.7,False,Tchaouna,0.0,False,,a,3,90,5,207,67,911,136,0.3,1.0,Tchaouna,73.0,2025-07-02,2003-09-08,False,p469272,48,0,1,0,1,0,0,0,1,0,0,0,19,7.8,6.7,20.0,3.5,0,3,2,5,0,0.21,0.04,0.25,1.59,286,134,232,137,119,76,263,130,,,,,,,0.39,0.0,0.08,0.47,2.98,1.88,293,178,219,106,238,120,637,269,0.0,0.0,9.38
105,True,False,0.0,,447715,-1,1,-1,1,0,3,0.0,-0.5,0,Aaron,0.0,211,False,has joined Leicester City on loan for the rest of the season.,2025-09-02T12:51:25.540742Z,44,447715.jpg,0.0,False,Ramsey,6.6,False,,u,3,90,0,62789,6563,341221,82008,0.0,0.0,A.Ramsey,241.0,2023-08-22,2003-01-21,False,p447715,0,0,0,0,0,0,0,0,0,0,0,0,0,0.0,0.0,0.0,0.0,0,0,0,0,0,0.00,0.00,0.00,0.00,494,175,482,178,446,164,496,176,,,,,,,0.0,0.0,0.0,0.0,0.0,0.0,565,313,499,181,499,181,64,22,0.0,0.0,0.0
106,True,False,0.0,0.0,576323,0,0,0,0,0,3,0.0,0.0,0,Oluwaseun,0.0,212,False,Has joined Cercle Brugge on loan for the rest of the season.,2025-08-15T12:03:26.649417Z,45,576323.jpg,0.0,False,Adewumi,0.0,False,,u,3,90,0,0,0,1813,133,0.0,0.0,Adewumi,14.0,2024-08-29,2005-02-23,False,p576323,0,0,0,0,0,0,0,0,0,0,0,0,0,0.0,0.0,0.0,0.0,0,0,0,0,0,0.00,0.00,0.00,0.00,597,235,591,238,562,226,598,236,,,,,,,0.0,0.0,0.0,0.0,0.0,0.0,509,293,600,241,600,241,665,287,0.0,0.0,0.0
107,True,True,,,551206,0,0,0,0,0,3,-1.5,-0.5,0,Jaydon,0.0,213,False,,,45,551206.jpg,0.0,False,Banel,0.0,False,,a,3,90,0,830,234,1522,295,0.0,0.0,Banel,152.0,2025-02-03,2004-10-19,False,p551206,0,0,0,0,0,0,0,0,0,0,0,0,0,0.0,0.0,0.0,0.0,0,0,0,0,0,0.00,0.00,0.00,0.00,582,226,576,229,548,217,584,227,,,,,,,0.0,0.0,0.0,0.0,0.0,0.0,494,284,586,232,586,232,613,250,0.0,0.0,0.0
108,True,True,,,437748,0,0,0,0,0,3,-1.5,-0.5,0,Mike,0.0,214,False,,,45,437748.jpg,0.0,False,Trésor Ndayishimiye,0.1,False,,a,3,90,0,1037,234,2802,521,0.0,0.0,Trésor,21.0,2024-07-01,1999-05-28,False,p437748,0,0,0,0,0,0,0,0,0,0,0,0,0,0.0,0.0,0.0,0.0,0,0,0,0,0,0.00,0.00,0.00,0.00,546,195,537,198,508,186,548,196,,,,,,,0.0,0.0,0.0,0.0,0.0,0.0,439,250,550,201,550,201,541,197,0.0,0.0,0.0
109,True,True,,,431639,-1,1,-1,1,0,4,-0.8,0.2,0,Zian,0.7,215,False,,,54,431639.jpg,1.0,False,Flemming,0.1,False,,a,3,90,2,3889,443,9054,1750,0.1,0.4,Flemming,152.0,2025-06-01,1998-08-01,False,p431639,20,0,0,0,0,0,0,0,0,0,0,0,6,2.2,10.0,2.0,1.4,0,0,0,0,0,0.00,0.00,0.00,0.34,338,28,217,20,287,35,318,31,,,2.0,,,,0.0,0.0,0.0,0.0,1.53,0.0,202,46,309,32,321,30,444,61,0.0,0.0,0.0
110,True,True,0.0,0.0,492831,0,0,-1,1,0,4,0.0,0.0,0,Zeki,0.0,216,False,Knee injury - Unknown return date,2025-08-10T22:00:04.567659Z,49,492831.jpg,0.0,False,Amdouni,0.0,False,,i,3,90,0,245,36,3353,317,0.0,0.0,Amdouni,207.0,2023-07-19,2000-12-04,False,p492831,0,0,0,0,0,0,0,0,0,0,0,0,0,0.0,0.0,0.0,0.0,0,0,0,0,0,0.00,0.00,0.00,0.00,646,61,638,60,614,59,647,61,,,,,,,0.0,0.0,0.0,0.0,0.0,0.0,367,58,645,61,645,61,624,74,0.0,0.0,0.0
111,True,True,,,435973,0,0,0,0,0,4,1.8,2.8,6,Lyle,3.3,217,False,,,50,435973.jpg,3.3,False,Foster,0.7,False,,a,3,90,10,58149,21497,32914,7654,0.7,2.0,Foster,198.0,2023-01-25,2000-09-03,False,p435973,248,1,0,1,6,0,0,0,1,0,0,1,40,45.8,29.6,39.0,11.5,3,8,3,14,3,0.73,0.05,0.78,6.38,109,13,98,8,60,22,81,14,,,,,,,0.26,0.0,0.02,0.28,2.32,2.18,281,52,100,12,120,12,205,32,1.09,0.36,5.08
112,True,True,,,44699,-1,1,-1,1,0,4,-1.5,-0.5,0,Ashley,0.0,218,False,,,44,44699.jpg,0.0,False,Barnes,1.7,False,,a,3,90,0,23342,5453,97022,17782,0.0,0.0,Barnes,241.0,2025-01-02,1989-10-30,False,p44699,0,0,0,0,0,0,0,0,0,0,0,0,0,0.0,0.0,0.0,0.0,0,0,0,0,0,0.00,0.00,0.00,0.00,474,38,462,37,424,37,477,39,,,,,1.0,,0.0,0.0,0.0,0.0,0.0,0.0,536,67,479,39,479,39,138,23,0.0,0.0,0.0
113,True,False,0.0,,220598,-1,1,-1,1,0,4,0.0,-0.5,0,Michael,0.0,219,False,has joined VfL Bochum  on loan for the rest of the season.,2025-09-02T12:51:25.555230Z,44,220598.jpg,0.0,False,Obafemi,0.3,False,,u,3,90,0,4151,772,17088,3804,0.0,0.0,Obafemi,104.0,2023-07-01,2000-07-06,False,p220598,0,0,0,0,0,0,0,0,0,0,0,0,0,0.0,0.0,0.0,0.0,0,0,0,0,0,0.00,0.00,0.00,0.00,485,39,474,38,436,38,488,40,,,,,,,0.0,0.0,0.0,0.0,0.0,0.0,553,68,490,40,490,40,300,50,0.0,0.0,0.0
114,True,True,100.0,100.0,67089,0,0,0,0,0,1,1.8,2.8,2,Martin,3.3,470,False,,2025-08-11T10:30:07.723845Z,40,67089.jpg,3.3,False,Dúbravka,33.9,False,,a,3,90,10,360374,66544,177397,48096,0.8,2.5,Dúbravka,194.0,2025-08-07,1989-01-15,False,p67089,270,0,0,1,6,0,0,0,0,0,9,0,38,71.8,0.0,0.0,7.2,4,24,0,0,3,0.00,0.00,0.00,6.72,44,8,350,10,310,4,156,8,,,,,,,0.0,3.0,0.0,0.0,2.24,2.0,606,41,95,11,116,12,3,1,1.0,0.33,0.0
115,True,True,100.0,100.0,503714,0,0,0,0,0,3,0.5,1.5,2,Lesley,2.0,676,False,,2025-08-11T10:30:07.946294Z,50,503714.jpg,2.0,False,Ugochukwu,0.0,False,,a,3,90,6,705,128,1617,308,0.4,1.2,Ugochukwu,73.0,2025-08-06,2004-03-26,False,p503714,170,0,0,1,3,0,0,0,0,0,0,0,20,16.4,18.7,8.0,4.1,3,6,6,15,2,0.07,0.02,0.09,4.02,234,106,146,95,200,114,239,118,,,,,,,0.04,0.0,0.01,0.05,2.13,1.59,308,189,200,93,212,100,590,233,1.06,0.53,7.94
116,True,True,100.0,100.0,440323,0,0,-1,1,0,4,-1.5,-0.5,0,Armando,0.0,680,False,,2025-08-22T12:30:07.403187Z,54,440323.jpg,0.0,False,Broja,0.2,False,,a,3,90,0,3498,568,13156,1621,0.0,0.0,Broja,2.0,2025-08-08,2001-09-10,False,p440323,0,0,0,0,0,0,0,0,0,0,0,0,0,0.0,0.0,0.0,0.0,0,0,0,0,0,0.00,0.00,0.00,0.00,692,66,691,66,677,65,693,66,,,,,,,0.0,0.0,0.0,0.0,0.0,0.0,205,47,692,66,692,66,400,59,0.0,0.0,0.0
117,True,True,,,216055,0,0,0,0,0,3,0.1,1.1,0,Florentino Ibrain,0.0,722,False,,,50,216055.jpg,0.0,False,Morris Luís,0.0,False,,a,3,90,0,64,64,5,5,0.0,0.0,Florentino,173.0,2025-09-01,1999-08-19,False,p216055,0,0,0,0,0,0,0,0,0,0,0,0,0,0.0,0.0,0.0,0.0,0,0,0,0,0,0.00,0.00,0.00,0.00,657,278,655,279,636,271,658,279,,,,,,,0.0,0.0,0.0,0.0,0.0,0.0,268,164,656,279,656,279,732,325,0.0,0.0,0.0
118,True,False,0.0,0.0,69752,0,0,0,0,0,1,0.0,0.0,0,Norberto,0.0,66,False,Has joined Botafogo permanently.,2025-08-11T01:25:12.553868Z,45,69752.jpg,0.0,False,Murara Neto,0.1,False,,u,4,91,0,0,0,10137,1027,0.0,0.0,Neto,30.0,2022-08-07,1989-07-19,False,p69752,0,0,0,0,0,0,0,0,0,0,0,0,0,0.0,0.0,0.0,0.0,0,0,0,0,0,0.00,0.00,0.00,0.00,529,76,517,62,482,56,531,76,,,,,,,0.0,0.0,0.0,0.0,0.0,0.0,391,20,532,76,532,76,468,70,0.0,0.0,0.0
119,True,True,,,457569,0,0,0,0,0,1,4.3,4.3,5,Đorđe,4.3,67,False,,,45,457569.jpg,4.3,False,Petrović,4.0,False,,a,4,91,13,158355,53678,78364,16529,1.0,2.9,Petrović,190.0,2025-07-16,1999-10-08,False,p457569,270,0,0,2,4,0,0,0,1,0,8,0,55,70.4,0.0,0.0,7.0,8,23,0,0,3,0.00,0.00,0.00,2.86,48,9,544,68,515,63,161,9,,,,,,,0.0,2.67,0.0,0.0,0.95,1.33,447,27,69,8,80,8,88,12,1.0,0.67,0.0
120,True,True,,,444172,0,0,0,0,0,1,0.0,0.0,0,Will,0.0,68,False,,,40,444172.jpg,0.0,False,Dennis,1.1,False,,a,4,91,0,19539,3582,17089,3477,0.0,0.0,Dennis,241.0,2019-08-01,2000-07-10,False,p444172,0,0,0,0,0,0,0,0,0,0,0,0,0,0.0,0.0,0.0,0.0,0,0,0,0,0,0.00,0.00,0.00,0.00,405,45,392,31,352,25,408,45,,,,,,,0.0,0.0,0.0,0.0,0.0,0.0,654,62,410,45,410,45,178,24,0.0,0.0,0.0
121,True,True,,,568791,0,0,0,0,0,1,0.0,0.0,0,Callan,0.0,69,False,,,40,568791.jpg,0.0,False,McKenna,0.2,False,,a,4,91,0,2793,593,3222,592,0.0,0.0,McKenna,243.0,2024-02-01,2006-12-22,False,p568791,0,0,0,0,0,0,0,0,0,0,0,0,0,0.0,0.0,0.0,0.0,0,0,0,0,0,0.00,0.00,0.00,0.00,456,66,443,52,405,46,459,66,,,,,,,0.0,0.0,0.0,0.0,0.0,0.0,713,83,461,66,461,66,346,52,0.0,0.0,0.0
122,True,False,0.0,0.0,495145,0,0,0,0,0,1,0.0,0.0,0,Alex,0.0,70,False,Has joined Lechia Gdansk on loan for the rest of the season.,2025-08-27T12:50:21.648936Z,40,495145.jpg,0.0,False,Paulsen,0.1,False,,u,4,91,0,1107,0,3886,1096,0.0,0.0,Paulsen,154.0,2024-07-01,2002-07-04,False,p495145,0,0,0,0,0,0,0,0,0,0,0,0,0,0.0,0.0,0.0,0.0,0,0,0,0,0,0.00,0.00,0.00,0.00,429,59,416,45,377,39,432,59,,,,,,,0.0,0.0,0.0,0.0,0.0,0.0,683,76,434,59,434,59,467,69,0.0,0.0,0.0
123,True,False,0.0,0.0,477580,0,0,0,0,0,2,0.0,0.0,0,Illia,0.0,71,False,Has joined Paris Saint-Germain permanently.,2025-08-12T13:14:36.028170Z,50,477580.jpg,0.0,False,Zabarnyi,0.0,False,,u,4,91,0,0,0,6828,406,0.0,0.0,Zabarnyi,225.0,2023-01-31,2002-09-01,False,p477580,0,0,0,0,0,0,0,0,0,0,0,0,0,0.0,0.0,0.0,0.0,0,0,0,0,0,0.00,0.00,0.00,0.00,668,237,667,237,650,230,669,237,,,,,,,0.0,0.0,0.0,0.0,0.0,0.0,296,50,667,235,667,235,606,213,0.0,0.0,0.0
124,True,True,,,221466,1,-1,1,-1,1,2,8.3,8.3,14,Marcos,8.3,72,True,,,46,221466.jpg,8.3,False,Senesi Barón,4.7,False,,a,4,91,25,440846,317394,57127,17754,1.8,5.4,Senesi,10.0,2022-08-08,1997-05-10,False,p221466,270,0,1,2,4,0,0,0,0,0,0,4,74,89.0,26.2,10.0,12.5,37,12,6,43,3,0.14,0.09,0.23,2.86,20,4,113,25,184,47,68,10,,,,,,,0.05,0.0,0.03,0.08,0.95,1.33,384,66,5,4,7,6,84,32,1.0,0.67,14.33
125,True,True,50.0,,54469,0,0,0,0,0,2,1.4,2.7,1,Adam,2.7,73,False,Hamstring injury - 50% chance of playing,2025-08-31T01:00:07.918421Z,45,54469.jpg,2.7,False,Smith,0.3,False,,d,4,91,8,13432,207,13520,5459,0.6,1.8,Smith,241.0,2014-01-28,1991-04-29,False,p54469,204,0,0,1,3,0,0,0,0,0,0,0,28,17.8,14.0,4.0,3.6,10,3,1,11,3,0.00,0.09,0.09,2.56,231,89,175,52,241,76,257,87,,,,,,,0.0,0.0,0.04,0.04,1.13,1.32,388,69,134,54,156,60,305,111,1.32,0.44,4.85
126,True,True,,,494521,0,0,0,0,0,2,4.3,4.3,7,Adrien,4.3,74,False,,,45,494521.jpg,4.3,False,Truffert,1.1,False,,a,4,91,13,71467,15294,30618,5858,1.0,2.9,Truffert,73.0,2025-06-16,2001-11-20,False,p494521,270,0,0,2,4,0,0,0,0,0,0,1,51,56.0,57.4,7.0,12.0,12,8,7,19,3,0.01,0.27,0.28,2.86,79,30,41,5,213,62,73,14,,,,,,,0.0,0.0,0.09,0.09,0.95,1.33,467,113,70,30,81,35,183,69,1.0,0.67,6.33
127,True,True,,,541462,0,0,0,0,0,2,0.0,0.0,0,Matai,0.0,75,False,,,40,541462.jpg,0.0,False,Akinmboni,0.3,False,,a,4,91,0,5055,1026,8619,1556,0.0,0.0,Akinmboni,229.0,2025-01-03,2006-10-17,False,p541462,0,0,0,0,0,0,0,0,0,0,0,0,0,0.0,0.0,0.0,0.0,0,0,0,0,0,0.00,0.00,0.00,0.00,443,171,430,170,392,152,446,172,,,,,,,0.0,0.0,0.0,0.0,0.0,0.0,700,214,448,169,448,169,309,112,0.0,0.0,0.0
128,True,True,,,518906,0,0,0,0,0,2,0.0,0.0,0,Owen,0.0,76,False,,,40,518906.jpg,0.0,False,Bevan,0.2,False,,a,4,91,0,1640,333,4693,772,0.0,0.0,Bevan,244.0,2022-08-22,2003-10-26,False,p518906,0,0,0,0,0,0,0,0,0,0,0,0,0,0.0,0.0,0.0,0.0,0,0,0,0,0,0.00,0.00,0.00,0.00,440,169,427,168,388,149,443,170,,,,,,,0.0,0.0,0.0,0.0,0.0,0.0,695,210,445,167,445,167,395,146,0.0,0.0,0.0
129,True,True,,,463981,0,0,0,0,0,2,2.3,2.3,5,James,2.3,77,False,,,40,463981.jpg,2.3,False,Hill,0.8,False,,a,4,91,7,27933,10748,22303,4032,0.6,1.8,Hill,241.0,2022-01-05,2002-01-10,False,p463981,67,0,0,1,1,0,0,0,1,0,0,0,20,11.0,1.0,4.0,1.6,7,4,0,7,0,0.00,0.00,0.00,0.36,261,101,310,109,239,74,310,102,,,,,,,0.0,0.0,0.0,0.0,0.48,1.34,664,190,154,60,173,64,194,74,0.0,1.34,9.4
130,True,True,100.0,0.0,436893,0,0,0,0,0,2,0.0,0.0,0,Julián,0.0,78,False,,2025-08-28T17:00:07.495624Z,40,436893.jpg,0.0,False,Araujo Zúñiga,1.0,False,,a,4,91,0,13888,2133,42933,7488,0.0,0.0,J.Araujo,139.0,2024-08-13,2001-08-13,False,p436893,0,0,0,0,0,0,0,0,0,0,0,0,0,0.0,0.0,0.0,0.0,0,0,0,0,0,0.00,0.00,0.00,0.00,401,147,388,146,348,126,404,148,,,,,,,0.0,0.0,0.0,0.0,0.0,0.0,649,181,406,145,406,145,186,70,0.0,0.0,0.0
131,True,False,0.0,,223911,0,0,0,0,0,2,0.0,0.0,0,Chris,0.0,79,False,has joined West Bromwich Albion permanently.,2025-09-02T12:54:34.562307Z,40,223911.jpg,0.0,False,Mepham,0.2,False,,u,4,91,0,1400,189,5685,1444,0.0,0.0,Mepham,244.0,2019-01-22,1997-11-05,False,p223911,0,0,0,0,0,0,0,0,0,0,0,0,0,0.0,0.0,0.0,0.0,0,0,0,0,0,0.00,0.00,0.00,0.00,392,142,379,141,339,121,395,143,,,,,,,0.0,0.0,0.0,0.0,0.0,0.0,638,174,397,140,397,140,381,138,0.0,0.0,0.0
132,True,True,,,575901,0,0,0,0,0,2,0.0,0.0,0,Julio,0.0,80,False,,,40,575901.jpg,0.0,False,Soler Barreto,0.3,False,,a,4,91,0,3287,691,7402,1352,0.0,0.0,Soler,10.0,2025-01-07,2005-02-16,False,p575901,0,0,0,0,0,0,0,0,0,0,0,0,0,0.0,0.0,0.0,0.0,0,0,0,0,0,0.00,0.00,0.00,0.00,459,183,446,182,408,164,462,184,,,,,,,0.0,0.0,0.0,0.0,0.0,0.0,716,226,464,181,464,181,327,119,0.0,0.0,0.0
133,True,True,100.0,100.0,222683,0,0,0,0,0,3,0.7,0.7,1,Justin,0.7,81,False,,2025-08-10T22:00:04.480285Z,70,222683.jpg,1.0,False,Kluivert,0.7,False,,a,4,91,2,18280,7577,50490,5704,0.1,0.3,Kluivert,152.0,2023-07-01,1999-05-05,False,p222683,21,0,0,0,0,0,0,0,0,0,0,0,2,0.8,14.6,9.0,2.4,0,1,0,1,0,0.11,0.01,0.12,0.13,353,171,173,105,192,112,297,152,3.0,,,,1.0,,0.47,0.0,0.04,0.51,0.56,0.0,33,20,317,161,349,176,213,71,0.0,0.0,4.29
134,True,True,,,437730,1,-1,4,-4,1,3,7.7,7.7,2,Antoine,7.7,82,True,,,74,437730.jpg,7.7,False,Semenyo,29.2,False,,a,4,91,23,2550669,461979,283382,82327,1.0,3.1,Semenyo,81.0,2023-01-27,2000-01-07,False,p437730,270,2,1,2,4,0,0,0,1,0,0,3,57,98.2,60.7,107.0,26.6,1,16,3,20,3,1.80,0.15,1.95,2.86,14,8,36,33,4,1,5,3,,,,,3.0,,0.6,0.0,0.05,0.65,0.95,1.33,28,17,9,2,12,2,8,4,1.0,0.67,6.67
135,True,True,,,201658,0,0,0,0,1,3,6.0,6.0,3,Marcus,6.0,84,False,,,55,201658.jpg,6.0,False,Tavernier,1.3,False,,a,4,91,18,128766,34729,43758,11972,1.1,3.3,Tavernier,241.0,2022-08-01,1999-03-22,False,p201658,247,1,0,2,4,0,0,0,0,0,0,3,56,71.8,35.9,80.0,18.8,9,14,6,29,3,0.82,0.32,1.14,2.74,45,17,86,62,13,6,27,20,1.0,,1.0,,,,0.3,0.0,0.12,0.42,1.0,1.46,142,88,26,8,34,12,158,51,1.09,0.73,10.57
136,True,True,,,200785,0,0,0,0,0,3,3.3,3.3,4,Tyler,3.3,85,False,,,50,200785.jpg,3.3,False,Adams,0.4,False,,a,4,91,10,15802,4722,12822,2483,0.7,2.0,Adams,229.0,2023-08-20,1999-02-14,False,p200785,267,0,0,2,3,0,0,0,2,0,0,0,42,53.0,8.8,28.0,9.0,15,16,9,40,3,0.06,0.12,0.18,2.70,86,31,221,132,85,52,116,63,,,4.0,,,,0.02,0.0,0.04,0.06,0.91,1.01,259,158,99,35,119,47,286,92,1.01,0.67,13.48
137,True,True,,,111317,0,0,0,0,0,3,3.7,3.7,4,David,3.7,86,False,,,50,111317.jpg,3.7,False,Brooks,0.3,False,,a,4,91,11,28547,8778,12736,2946,0.7,2.2,Brooks,244.0,2018-07-01,1997-07-08,False,p111317,212,0,1,2,2,0,0,0,1,0,0,1,58,54.0,89.6,70.0,21.4,2,8,6,16,3,0.70,1.18,1.88,2.32,82,30,9,9,20,11,14,10,5.0,,,,,,0.3,0.0,0.5,0.8,0.98,0.85,245,151,90,32,104,39,293,95,1.27,0.85,6.79
138,True,True,100.0,100.0,158499,0,0,0,0,0,3,0.7,0.7,1,Ryan,0.7,87,False,,2025-08-10T22:00:04.490616Z,50,158499.jpg,1.0,False,Christie,0.1,False,,a,4,91,2,955,374,3964,504,0.1,0.4,Christie,243.0,2021-08-31,1995-02-22,False,p158499,51,0,0,0,0,0,0,0,0,0,0,0,13,14.8,13.4,7.0,3.6,3,4,4,11,0,0.06,0.02,0.08,0.24,242,109,180,109,214,121,259,128,4.0,,,,,,0.11,0.0,0.04,0.15,0.42,0.0,247,153,303,152,309,150,518,181,0.0,0.0,19.41
139,True,True,0.0,0.0,155408,-1,1,-1,1,0,3,0.0,0.0,0,Lewis,0.0,88,False,Knee injury - Expected back 13 Sep,2025-07-21T10:00:04.780951Z,49,155408.jpg,0.0,False,Cook,0.0,False,,i,4,91,0,102,18,711,121,0.0,0.0,Cook,241.0,2016-07-08,1997-02-03,False,p155408,0,0,0,0,0,0,0,0,0,0,0,0,0,0.0,0.0,0.0,0.0,0,0,0,0,0,0.00,0.00,0.00,0.00,624,255,616,256,589,246,625,256,2.0,,,,,,0.0,0.0,0.0,0.0,0.0,0.0,330,205,624,258,624,258,685,298,0.0,0.0,0.0
140,True,False,0.0,0.0,168991,0,0,-1,1,0,3,0.0,0.0,0,Philip,0.0,89,False,Has joined Midtjylland permanently.,2025-08-27T12:49:57.472718Z,49,168991.jpg,0.0,False,Billing,0.0,False,,u,4,91,0,598,0,4281,884,0.0,0.0,Philip,58.0,2019-07-29,1996-06-11,False,p168991,0,0,0,0,0,0,0,0,0,0,0,0,0,0.0,0.0,0.0,0.0,0,0,0,0,0,0.00,0.00,0.00,0.00,625,256,617,257,590,247,626,257,,,,,,,0.0,0.0,0.0,0.0,0.0,0.0,331,206,625,259,625,259,589,232,0.0,0.0,0.0
141,True,True,,,503139,0,0,0,0,0,3,2.3,2.3,3,Alex,2.3,90,False,,,50,503139.jpg,2.3,False,Scott,0.1,False,,a,4,91,7,3046,935,3444,636,0.5,1.4,Scott,241.0,2023-08-10,2003-08-21,False,p503139,200,0,0,2,2,0,0,0,1,0,0,0,31,21.6,46.4,12.0,8.0,5,6,5,16,3,0.10,0.16,0.26,2.23,214,93,54,39,171,104,136,71,,,5.0,,,,0.04,0.0,0.07,0.11,1.0,0.9,307,188,164,67,179,79,485,165,1.35,0.9,7.2
142,True,False,0.0,0.0,224995,0,0,0,0,0,3,0.0,0.0,0,Luis,0.0,91,False,Has joined Cruzeiro on loan for the rest of the season.,2025-08-26T13:43:19.913048Z,50,224995.jpg,0.0,False,Sinisterra Lucumí,0.0,False,,u,4,91,0,396,0,2741,542,0.0,0.0,Sinisterra,48.0,2024-06-14,1999-06-17,False,p224995,0,0,0,0,0,0,0,0,0,0,0,0,0,0.0,0.0,0.0,0.0,0,0,0,0,0,0.00,0.00,0.00,0.00,659,279,657,280,638,272,660,280,,,,,,,0.0,0.0,0.0,0.0,0.0,0.0,271,165,658,280,658,280,648,277,0.0,0.0,0.0
143,True,True,,,441240,0,0,0,0,0,3,0.0,0.0,0,Romain,0.0,92,False,,,45,441240.jpg,0.0,False,Faivre,0.2,False,,a,4,91,0,3456,660,7401,1230,0.0,0.0,Faivre,73.0,2023-07-13,1998-07-14,False,p441240,0,0,0,0,0,0,0,0,0,0,0,0,0,0.0,0.0,0.0,0.0,0,0,0,0,0,0.00,0.00,0.00,0.00,548,197,539,200,510,188,550,198,,,,,,,0.0,0.0,0.0,0.0,0.0,0.0,441,252,552,203,552,203,389,131,0.0,0.0,0.0
144,True,False,0.0,,424044,0,0,0,0,0,3,0.0,1.3,0,Hamed,1.3,93,False,has joined Marseille on loan for the rest of the season.,2025-09-02T12:54:34.582455Z,45,424044.jpg,4.0,False,Traorè,1.1,False,,u,4,91,4,114900,5057,67695,18802,0.3,0.9,H.Traorè,54.0,2023-07-01,2000-02-16,False,p424044,16,0,1,0,2,0,0,0,0,0,0,0,12,21.2,10.0,0.0,3.1,1,2,1,4,0,0.00,0.00,0.00,0.40,216,95,213,130,505,184,274,139,,,,,,,0.0,0.0,0.0,0.0,2.25,11.25,435,248,232,113,93,35,174,58,0.0,0.0,22.5
145,True,True,,,550596,0,0,0,0,0,3,0.0,0.0,0,Dominic,0.0,94,False,,,45,550596.jpg,0.0,False,Sadi,0.1,False,,a,4,91,0,1207,335,2190,387,0.0,0.0,Sadi,,,,False,p550596,0,0,0,0,0,0,0,0,0,0,0,0,0,0.0,0.0,0.0,0.0,0,0,0,0,0,0.00,0.00,0.00,0.00,581,225,575,228,547,216,583,226,,,,,,,0.0,0.0,0.0,0.0,0.0,0.0,492,283,585,231,585,231,560,210,0.0,0.0,0.0
146,True,True,,,530121,0,0,0,0,0,3,0.0,0.0,0,Zain,0.0,95,False,,,45,530121.jpg,0.0,False,Silcott-Duberry,0.1,False,,a,4,91,0,762,159,3093,501,0.0,0.0,Silcott-Duberry,241.0,2025-01-17,2005-07-09,False,p530121,0,0,0,0,0,0,0,0,0,0,0,0,0,0.0,0.0,0.0,0.0,0,0,0,0,0,0.00,0.00,0.00,0.00,571,216,565,219,537,207,573,217,,,,,,,0.0,0.0,0.0,0.0,0.0,0.0,480,272,575,222,575,222,525,186,0.0,0.0,0.0
147,True,False,0.0,,606775,0,0,0,0,0,3,0.0,0.3,0,Ben,0.3,96,False,has joined Barnet on loan for the rest of the season.,2025-09-02T12:54:34.599400Z,45,606775.jpg,1.0,False,Winterburn,0.1,False,,u,4,91,1,2964,224,4047,1044,0.1,0.2,Winterburn,241.0,2024-11-29,2004-09-04,False,p606775,6,0,0,0,2,0,0,0,0,0,0,0,3,0.0,0.0,0.0,0.0,0,0,0,0,0,0.00,0.00,0.00,0.31,608,243,602,246,573,234,609,244,,,,,,,0.0,0.0,0.0,0.0,4.65,30.0,522,302,339,165,296,140,504,175,0.0,0.0,0.0
148,True,True,,,444102,0,0,0,0,0,4,3.7,3.7,8,Francisco Evanilson,3.7,97,False,,,70,444102.jpg,3.7,False,de Lima Barbosa,2.2,False,,a,4,91,11,147279,39856,127851,18237,0.5,1.6,Evanilson,30.0,2024-08-16,1999-10-06,False,p444102,257,1,0,2,4,0,0,0,1,0,0,2,46,47.0,67.8,84.0,19.7,5,6,0,11,3,0.79,0.08,0.87,2.74,105,11,27,1,11,6,23,6,,,,,2.0,,0.28,0.0,0.03,0.31,0.96,1.4,38,15,94,11,108,11,116,17,1.05,0.7,3.85
149,True,True,0.0,0.0,168636,0,0,0,0,0,4,0.0,0.0,0,Enes,0.0,98,False,Knee injury - Unknown return date,2025-07-21T10:00:04.802496Z,55,168636.jpg,0.0,False,Ünal,0.0,False,,i,4,91,0,286,49,678,104,0.0,0.0,Enes Ünal,219.0,2024-07-01,1997-05-10,False,p168636,0,0,0,0,0,0,0,0,0,0,0,0,0,0.0,0.0,0.0,0.0,0,0,0,0,0,0.00,0.00,0.00,0.00,699,68,700,68,693,67,700,68,,,2.0,,,,0.0,0.0,0.0,0.0,0.0,0.0,138,33,699,68,699,68,679,77,0.0,0.0,0.0
150,True,True,,,590760,-1,1,-1,1,0,4,0.0,0.0,0,Daniel,0.0,99,False,,,44,590760.jpg,0.0,False,Adu-Adjei,0.3,False,,a,4,91,0,6435,1630,13572,2413,0.0,0.0,Adu-Adjei,241.0,2022-12-19,2005-06-21,False,p590760,0,0,0,0,0,0,0,0,0,0,0,0,0,0.0,0.0,0.0,0.0,0,0,0,0,0,0.00,0.00,0.00,0.00,518,47,506,46,471,46,520,48,,,,,,,0.0,0.0,0.0,0.0,0.0,0.0,593,77,522,48,522,48,326,51,0.0,0.0,0.0
151,True,True,,,560262,0,0,0,0,0,4,1.0,1.0,1,Eli Junior,1.0,100,False,,,45,560262.jpg,1.0,False,Kroupi,1.2,False,,a,4,91,3,81600,12917,69640,14152,0.2,0.7,Kroupi.Jr,73.0,2025-02-02,2006-06-23,False,p560262,12,0,0,0,1,0,0,0,0,0,0,0,8,0.0,0.0,2.0,0.2,0,1,0,1,0,0.00,0.00,0.00,0.24,588,53,582,52,273,33,356,37,,,,,,,0.0,0.0,0.0,0.0,1.8,7.5,500,62,261,25,295,27,172,28,0.0,0.0,7.5
152,True,True,,,496208,0,0,0,0,0,3,0.0,0.0,0,Ben,0.0,391,False,,,50,496208.jpg,0.0,False,Gannon-Doak,0.1,False,,a,4,91,0,2741,217,2703,595,0.0,0.0,Gannon-Doak,243.0,2025-08-18,2005-11-11,False,p496208,0,0,0,0,0,0,0,0,0,0,0,0,0,0.0,0.0,0.0,0.0,0,0,0,0,0,0.00,0.00,0.00,0.00,671,289,670,290,653,282,672,290,,,,,,,0.0,0.0,0.0,0.0,0.0,0.0,304,185,671,290,671,290,564,214,0.0,0.0,0.0
153,True,True,,,242882,0,0,0,0,1,2,5.3,5.3,6,Bafodé,5.3,685,False,,,45,242882.jpg,5.3,False,Diakité,0.4,False,,a,4,91,16,32632,12110,9490,2853,1.2,3.6,Diakité,73.0,2025-08-13,2001-01-06,False,p242882,270,0,0,2,4,0,0,0,0,0,0,2,58,51.0,12.0,2.0,6.5,21,14,5,26,3,0.00,0.01,0.01,2.86,96,41,194,58,272,92,175,57,,,,,,,0.0,0.0,0.0,0.0,0.95,1.33,431,99,39,14,48,18,267,98,1.0,0.67,8.67
154,True,True,,,606774,0,0,0,0,0,3,0.0,0.0,0,Remy,0.0,687,False,,,45,606774.jpg,0.0,False,Rees-Dottin,0.1,False,,a,4,91,0,5627,210,5019,976,0.0,0.0,Rees-Dottin,241.0,2024-12-28,2006-03-06,False,p606774,0,0,0,0,0,0,0,0,0,0,0,0,0,0.0,0.0,0.0,0.0,0,0,0,0,0,0.00,0.00,0.00,0.00,607,242,601,245,572,233,608,243,,,,,,,0.0,0.0,0.0,0.0,0.0,0.0,521,301,610,248,610,248,450,150,0.0,0.0,0.0
155,True,True,,,489888,0,0,0,0,0,3,1.0,1.0,1,Amine,1.0,697,False,,,55,489888.jpg,1.0,False,Adli,0.0,False,,a,4,91,2,2061,478,894,352,0.2,0.4,Adli,145.0,2025-08-21,2000-05-10,False,p489888,50,0,0,0,0,0,0,0,0,0,0,0,16,23.2,25.5,2.0,5.0,3,7,7,17,0,0.00,0.03,0.03,0.24,208,91,115,81,291,158,219,105,,,,,,,0.0,0.0,0.05,0.05,0.43,0.0,171,106,279,141,336,168,638,270,0.0,0.0,30.6
156,True,True,,,551483,0,0,0,0,0,2,2.0,2.0,0,Álex,0.0,713,False,,,45,551483.jpg,0.0,False,Jiménez Sánchez,0.0,False,,a,4,91,0,271,271,45,45,0.0,0.0,A.Jimenez,200.0,2025-09-01,2005-05-08,False,p551483,0,0,0,0,0,0,0,0,0,0,0,0,0,0.0,0.0,0.0,0.0,0,0,0,0,0,0.00,0.00,0.00,0.00,583,227,577,227,549,215,585,227,,,,,,,0.0,0.0,0.0,0.0,0.0,0.0,495,120,587,224,587,224,714,239,0.0,0.0,0.0
157,True,True,,,620487,0,0,0,0,0,2,2.0,2.0,0,Veljko,0.0,721,False,,,45,620487.jpg,0.0,False,Milosavljevic,0.0,False,,a,4,91,0,63,63,5,5,0.0,0.0,Milosavljević,190.0,2025-09-01,2007-06-28,False,p620487,0,0,0,0,0,0,0,0,0,0,0,0,0,0.0,0.0,0.0,0.0,0,0,0,0,0,0.00,0.00,0.00,0.00,612,230,606,230,577,218,613,230,,,,,,,0.0,0.0,0.0,0.0,0.0,0.0,530,126,613,227,613,227,729,242,0.0,0.0,0.0
158,True,True,,,200641,-1,1,-1,1,0,3,-0.5,0.5,0,Reiss,0.0,27,False,,,49,200641.jpg,0.0,False,Nelson,0.1,False,,a,5,94,0,3563,1062,7049,1205,0.0,0.0,Nelson,241.0,2025-09-01,1999-12-10,False,p200641,0,0,0,0,0,0,0,0,0,0,0,0,0,0.0,0.0,0.0,0.0,0,0,0,0,0,0.00,0.00,0.00,0.00,627,258,619,259,593,250,628,259,,,,,,,0.0,0.0,0.0,0.0,0.0,0.0,336,211,626,260,626,260,456,153,0.0,0.0,0.0
159,True,True,100.0,100.0,533463,0,0,0,0,1,3,4.5,5.5,2,Dango,5.0,83,False,,2025-08-14T16:00:05.815568Z,60,533463.jpg,7.5,False,Ouattara,1.0,False,,a,5,94,15,133870,11604,38611,15488,0.8,2.5,O.Dango,35.0,2025-08-16,2002-02-11,False,p533463,173,1,0,1,2,0,0,0,0,0,0,3,39,57.6,4.4,75.0,13.7,9,9,4,22,2,0.85,0.02,0.87,2.64,74,28,256,150,16,8,56,37,,,,,,,0.44,0.0,0.01,0.45,1.37,1.04,96,64,52,19,13,3,185,62,1.04,0.52,11.45
160,True,True,100.0,100.0,200720,0,0,0,0,0,1,1.8,2.8,1,Caoimhín,2.3,101,False,,2025-08-09T14:00:04.798673Z,45,200720.jpg,2.3,False,Kelleher,9.8,False,,a,5,94,7,122681,11953,187576,52857,0.5,1.6,Kelleher,104.0,2025-06-03,1998-11-23,False,p200720,270,0,0,1,5,0,0,0,1,0,5,0,27,34.6,0.0,0.0,3.5,5,25,0,0,3,0.00,0.01,0.01,4.59,154,18,525,65,494,60,260,18,,,,,,,0.0,1.67,0.0,0.0,1.53,1.67,415,24,159,16,176,16,42,7,1.0,0.33,0.0
161,True,True,,,235448,0,0,0,0,0,1,-0.5,0.5,0,Ellery,0.0,102,False,,,40,235448.jpg,0.0,False,Balcombe,0.3,False,,a,5,94,0,4320,785,5514,1056,0.0,0.0,Balcombe,241.0,2016-11-02,1999-10-15,False,p235448,0,0,0,0,0,0,0,0,0,0,0,0,0,0.0,0.0,0.0,0.0,0,0,0,0,0,0.00,0.00,0.00,0.00,395,42,382,28,342,22,398,42,,,,,,,0.0,0.0,0.0,0.0,0.0,0.0,641,59,400,42,400,42,303,45,0.0,0.0,0.0
162,True,True,,,503300,0,0,0,0,0,1,-0.5,0.5,0,Matthew,0.0,103,False,,,40,503300.jpg,0.0,False,Cox,0.1,False,,a,5,94,0,1622,355,2512,490,0.0,0.0,Cox,241.0,2021-10-26,2003-05-02,False,p503300,0,0,0,0,0,0,0,0,0,0,0,0,0,0.0,0.0,0.0,0.0,0,0,0,0,0,0.00,0.00,0.00,0.00,433,60,420,46,381,40,436,60,,,,,,,0.0,0.0,0.0,0.0,0.0,0.0,687,77,438,60,438,60,419,62,0.0,0.0,0.0
163,True,True,,,535017,0,0,0,0,0,1,-0.5,0.5,0,Julian,0.0,104,False,,,40,535017.jpg,0.0,False,Eyestone,0.1,False,,a,5,94,0,568,87,1433,260,0.0,0.0,Eyestone,229.0,2024-08-08,2006-04-21,False,p535017,0,0,0,0,0,0,0,0,0,0,0,0,0,0.0,0.0,0.0,0.0,0,0,0,0,0,0.00,0.00,0.00,0.00,442,62,429,48,391,42,445,62,,,,,,,0.0,0.0,0.0,0.0,0.0,0.0,699,79,447,62,447,62,519,76,0.0,0.0,0.0
164,True,True,,,507433,0,0,0,0,0,1,-0.5,0.5,0,Hákon Rafn,0.0,105,False,,,40,507433.jpg,0.0,False,Valdimarsson,0.8,False,,a,5,94,0,3450,444,15637,3224,0.0,0.0,Valdimarsson,99.0,2024-01-26,2001-10-13,False,p507433,0,0,0,0,0,0,0,0,0,0,0,0,0,0.0,0.0,0.0,0.0,0,0,0,0,0,0.00,0.00,0.00,0.00,434,61,421,47,382,41,437,61,,,,,,,0.0,0.0,0.0,0.0,0.0,0.0,688,78,439,61,439,61,193,25,0.0,0.0,0.0
165,True,True,,,432830,0,0,0,0,0,2,3.5,4.5,3,Nathan,4.0,106,False,,,50,432830.jpg,4.0,False,Collins,1.6,False,,a,5,94,12,34975,1899,39849,8558,0.8,2.4,Collins,104.0,2023-07-04,2001-04-30,False,p432830,270,0,0,1,5,0,0,0,1,0,0,1,37,55.8,0.9,13.0,7.0,27,15,2,29,3,0.02,0.01,0.03,4.59,81,31,313,112,164,34,163,53,,,,,,,0.01,0.0,0.0,0.01,1.53,1.67,280,46,83,37,97,44,144,57,1.0,0.33,9.67
166,True,True,,,249231,0,0,0,0,0,2,3.8,4.8,6,Keane,4.3,107,False,,,50,249231.jpg,4.3,False,Lewis-Potter,0.4,False,,a,5,94,13,10088,1434,10155,2134,0.9,2.6,Lewis-Potter,241.0,2022-07-12,2001-02-22,False,p249231,229,0,0,2,3,0,0,0,0,0,0,0,37,22.2,5.6,9.0,3.7,9,11,5,14,3,0.12,0.00,0.12,3.53,213,83,243,72,191,50,254,85,,,4.0,,,,0.05,0.0,0.0,0.05,1.39,1.18,276,45,74,33,85,38,262,96,1.18,0.79,5.5
167,True,True,,,191866,0,0,0,0,0,2,-0.2,0.8,0,Kristoffer,0.3,108,False,,,45,191866.jpg,1.0,False,Ajer,0.2,False,,a,5,94,1,2518,192,6038,1347,0.1,0.2,Ajer,161.0,2021-07-21,1998-04-17,False,p191866,5,0,0,0,0,0,0,0,0,0,0,0,3,1.4,0.1,0.0,0.2,1,0,0,1,0,0.00,0.00,0.00,0.10,345,124,339,123,493,205,355,125,,,,,,,0.0,0.0,0.0,0.0,1.8,0.0,411,85,336,117,291,107,386,141,0.0,0.0,18.0
168,True,True,,,194010,0,0,0,0,0,2,-0.2,0.8,-1,Rico,0.3,109,False,,,45,194010.jpg,0.3,False,Henry,0.1,False,,a,5,94,1,2360,147,4825,1204,0.1,0.2,Henry,241.0,2016-08-31,1997-07-08,False,p194010,111,0,0,0,5,0,0,0,1,0,0,0,-4,10.6,11.8,8.0,2.9,4,4,2,6,1,0.03,0.06,0.09,3.02,265,102,197,60,195,53,283,96,,,,,,,0.02,0.0,0.05,0.07,2.45,4.05,412,86,337,118,363,125,425,164,0.81,0.0,4.86
169,True,True,,,607464,0,0,0,0,0,2,3.5,4.5,1,Michael,4.0,110,False,,,45,607464.jpg,4.0,False,Kayode,0.4,False,,a,5,94,12,37445,1167,12503,4181,0.9,2.7,Kayode,106.0,2025-07-01,2004-07-10,False,p607464,264,0,0,1,5,0,0,0,0,0,0,2,36,57.6,23.1,4.0,8.5,12,9,8,20,3,0.00,0.10,0.10,4.50,73,27,126,31,249,83,126,36,,,,,,,0.0,0.0,0.03,0.03,1.53,1.7,523,124,81,35,95,42,259,94,1.02,0.34,6.82
170,True,True,100.0,100.0,231065,0,0,-1,1,0,2,-0.5,0.5,0,Ethan,0.0,111,False,,2025-08-18T08:00:05.393517Z,44,231065.jpg,0.0,False,Pinnock,0.2,False,,a,5,94,0,1390,302,9596,913,0.0,0.0,Pinnock,107.0,2019-07-02,1993-05-29,False,p231065,0,0,0,0,0,0,0,0,0,0,0,0,0,0.0,0.0,0.0,0.0,0,0,0,0,0,0.00,0.00,0.00,0.00,486,203,475,204,437,186,489,204,,,,,,,0.0,0.0,0.0,0.0,0.0,0.0,554,141,491,201,491,201,414,156,0.0,0.0,0.0
171,True,False,0.0,0.0,226956,0,0,0,0,0,2,0.0,0.0,0,Mads,0.0,112,False,Has joined Southampton permanently.,2025-08-22T14:17:15.662878Z,45,226956.jpg,0.0,False,Roerslev Rasmussen,0.0,False,,u,5,94,0,211,0,2570,284,0.0,0.0,Roerslev,58.0,2019-10-27,1999-06-24,False,p226956,0,0,0,0,0,0,0,0,0,0,0,0,0,0.0,0.0,0.0,0.0,0,0,0,0,0,0.00,0.00,0.00,0.00,540,221,531,221,500,209,542,221,,,,,,,0.0,0.0,0.0,0.0,0.0,0.0,424,95,544,218,544,218,636,216,0.0,0.0,0.0
172,True,True,,,444765,0,0,0,0,0,2,4.2,5.2,3,Sepp,4.7,113,False,,,45,444765.jpg,4.7,False,van den Berg,0.7,False,,a,5,94,14,45687,5197,17687,5220,1.0,3.1,Van den Berg,152.0,2024-08-22,2001-12-20,False,p444765,270,0,0,1,5,0,0,0,0,0,0,0,40,85.6,1.6,26.0,11.3,35,10,2,37,3,0.21,0.03,0.24,4.59,24,6,303,103,91,11,84,20,,,,,,,0.07,0.0,0.01,0.08,1.53,1.67,442,105,55,23,64,28,204,76,1.0,0.33,12.33
173,True,True,,,622536,0,0,0,0,0,2,-0.5,0.5,0,Benjamin,0.0,114,False,,,40,622536.jpg,0.0,False,Arthur,0.3,False,,a,5,94,0,3688,499,8184,1419,0.0,0.0,Arthur,241.0,2024-03-08,2005-10-09,False,p622536,0,0,0,0,0,0,0,0,0,0,0,0,0,0.0,0.0,0.0,0.0,0,0,0,0,0,0.00,0.00,0.00,0.00,471,193,459,193,421,175,474,194,,,,,,,0.0,0.0,0.0,0.0,0.0,0.0,730,238,476,191,476,191,315,115,0.0,0.0,0.0
174,True,True,,,612534,0,0,0,0,0,2,-0.5,0.5,0,Benjamin,0.0,115,False,,,40,612534.jpg,0.0,False,Fredrick,0.2,False,,a,5,94,0,1387,231,4379,758,0.0,0.0,Fredrick,,,,False,p612534,0,0,0,0,0,0,0,0,0,0,0,0,0,0.0,0.0,0.0,0.0,0,0,0,0,0,0.00,0.00,0.00,0.00,470,192,458,192,420,174,473,193,,,,,,,0.0,0.0,0.0,0.0,0.0,0.0,729,237,475,190,475,190,410,153,0.0,0.0,0.0
175,True,True,,,472713,0,0,0,0,0,2,-0.2,0.8,0,Aaron,0.3,116,False,,,40,472713.jpg,0.5,False,Hickey,0.4,False,,a,5,94,1,5499,785,10887,2288,0.1,0.2,Hickey,243.0,2022-07-09,2002-06-10,False,p472713,13,0,0,0,0,0,0,0,1,0,0,0,6,6.0,0.1,0.0,0.6,1,0,3,4,0,0.00,0.00,0.00,0.24,302,111,338,122,364,135,341,117,,,,,,,0.0,0.0,0.0,0.0,1.66,0.0,667,192,324,106,356,119,271,100,0.0,0.0,27.69
176,True,True,,,570241,0,0,0,0,0,2,-0.5,0.5,0,Kim,0.0,117,False,,,40,570241.jpg,0.0,False,Ji-soo,0.1,False,,a,5,94,0,928,148,4376,758,0.0,0.0,Ji-soo,114.0,2023-07-20,2004-12-24,False,p570241,0,0,0,0,0,0,0,0,0,0,0,0,0,0.0,0.0,0.0,0.0,0,0,0,0,0,0.00,0.00,0.00,0.00,458,182,445,181,407,163,461,183,,,,,,,0.0,0.0,0.0,0.0,0.0,0.0,715,225,463,180,463,180,418,158,0.0,0.0,0.0
177,True,False,0.0,0.0,499717,0,0,0,0,0,2,0.0,0.0,0,Jayden,0.0,118,False,Has joined Rangers on loan for the rest of the season.,2025-08-19T13:37:28.261506Z,40,499717.jpg,0.0,False,Meghoma,0.1,False,,u,5,94,0,279,0,6581,693,0.0,0.0,Meghoma,241.0,2024-08-30,2006-06-28,False,p499717,0,0,0,0,0,0,0,0,0,0,0,0,0,0.0,0.0,0.0,0.0,0,0,0,0,0,0.00,0.00,0.00,0.00,432,163,419,162,380,143,435,164,,,,,,,0.0,0.0,0.0,0.0,0.0,0.0,686,203,437,161,437,161,505,188,0.0,0.0,0.0
178,True,True,100.0,100.0,513418,0,0,0,0,0,3,0.8,1.8,0,Kevin,1.3,120,False,,2025-08-09T14:00:04.851048Z,70,513418.jpg,1.3,False,Schade,0.3,False,,a,5,94,4,11549,741,14256,3688,0.2,0.6,Schade,80.0,2023-07-01,2001-11-27,False,p513418,212,0,0,1,1,0,0,1,0,0,0,0,8,27.6,18.9,44.0,9.1,6,10,5,21,2,1.05,0.06,1.11,2.73,186,73,145,94,53,29,111,62,,,,,,,0.45,0.0,0.03,0.48,1.16,0.42,42,26,252,125,271,136,307,101,0.85,0.42,8.92
179,True,True,,,440089,0,0,-1,1,0,3,1.8,2.8,2,Mikkel,2.3,121,False,,,59,440089.jpg,3.5,False,Damsgaard,0.8,False,,a,5,94,7,21131,1313,42841,7132,0.4,1.2,Damsgaard,58.0,2022-08-10,2000-07-03,False,p440089,180,0,0,1,2,0,0,0,0,0,0,0,24,39.0,81.7,16.0,13.7,6,7,3,16,2,0.06,0.51,0.57,2.73,136,44,12,12,148,96,55,36,2.0,,3.0,,,,0.03,0.0,0.26,0.29,1.36,1.0,112,76,177,78,113,44,191,65,1.0,0.5,8.0
180,True,True,,,543295,0,0,-1,1,0,3,-0.2,0.8,0,Antoni,0.3,122,False,,,54,543295.jpg,1.0,False,Milambo,0.1,False,,a,5,94,1,895,164,2866,521,0.1,0.2,Milambo,152.0,2025-07-03,2005-04-03,False,p543295,45,0,0,0,3,0,0,0,0,0,0,0,5,4.0,1.8,0.0,0.6,0,2,2,4,1,0.00,0.01,0.01,1.49,325,161,301,163,684,301,342,170,,,,,,,0.0,0.0,0.02,0.02,2.98,6.0,220,138,356,175,327,162,574,221,2.0,0.0,8.0
181,True,True,,,244858,-1,1,-1,1,0,3,0.5,1.5,1,Fábio,1.0,123,False,,,49,244858.jpg,1.5,False,Freitas Gouveia Carvalho,0.2,False,,a,5,94,3,5787,762,14459,2687,0.2,0.6,Carvalho,173.0,2024-08-12,2002-08-30,False,p244858,91,0,0,0,4,0,0,0,0,0,0,0,10,5.4,5.1,3.0,1.3,0,4,3,7,1,0.03,0.03,0.06,1.99,308,150,247,144,260,144,320,160,4.0,,,,,,0.03,0.0,0.03,0.06,1.97,3.96,353,220,266,131,252,129,340,116,0.99,0.0,6.92
182,True,True,,,56979,0,0,0,0,0,3,1.8,2.8,3,Jordan,2.3,124,False,,,50,56979.jpg,2.3,False,Henderson,0.3,False,,a,5,94,7,5561,1382,10201,1946,0.5,1.4,Henderson,241.0,2025-07-15,1990-06-17,False,p56979,159,0,0,2,0,0,0,0,0,0,0,0,19,13.6,10.1,5.0,2.9,5,10,2,17,2,0.03,0.01,0.04,1.36,251,112,211,129,234,131,286,144,,,,,,,0.02,0.0,0.01,0.03,0.77,0.0,237,149,162,65,178,78,325,108,1.13,1.13,9.62
183,True,True,25.0,25.0,204580,0,0,-1,1,0,3,-0.1,0.1,0,Vitaly,0.0,125,False,Lack of match fitness - 25% chance of playing,2025-08-09T14:00:04.867824Z,49,204580.jpg,0.0,False,Janelt,0.0,False,,d,5,94,0,56,6,1010,85,0.0,0.0,Janelt,80.0,2020-10-03,1998-05-10,False,p204580,0,0,0,0,0,0,0,0,0,0,0,0,0,0.0,0.0,0.0,0.0,0,0,0,0,0,0.00,0.00,0.00,0.00,629,259,621,260,595,251,630,260,,,,,,,0.0,0.0,0.0,0.0,0.0,0.0,338,212,628,261,628,261,684,297,0.0,0.0,0.0
184,True,True,,,207283,-1,1,-1,1,0,3,0.5,1.5,0,Mathias,1.0,126,False,,,49,207283.jpg,1.5,False,Jensen,0.1,False,,a,5,94,3,1120,115,3405,634,0.2,0.6,Jensen,58.0,2019-07-10,1996-01-01,False,p207283,79,0,0,0,3,0,0,0,0,0,0,0,15,12.4,25.7,8.0,4.6,3,2,3,8,1,0.13,0.04,0.17,2.10,255,115,114,80,198,113,229,109,3.0,,,,,,0.15,0.0,0.05,0.2,2.39,3.42,341,214,264,129,250,127,517,180,1.14,0.0,9.11
185,True,True,0.0,0.0,626464,-1,1,-1,1,0,3,0.0,0.0,0,Gustavo,0.0,127,False,Hamstring injury - Unknown return date,2025-08-09T14:00:04.884092Z,49,626464.jpg,0.0,False,Nunes Fernandes Gomes,0.0,False,,i,5,94,0,68,14,594,65,0.0,0.0,Nunes,30.0,2024-08-28,2005-11-20,False,p626464,0,0,0,0,0,0,0,0,0,0,0,0,0,0.0,0.0,0.0,0.0,0,0,0,0,0,0.00,0.00,0.00,0.00,652,274,644,275,621,266,653,275,,,,,,,0.0,0.0,0.0,0.0,0.0,0.0,379,239,651,275,651,275,695,304,0.0,0.0,0.0
186,True,True,,,428580,0,0,0,0,0,3,2.5,3.5,4,Frank,3.0,128,False,,,50,428580.jpg,3.0,False,Onyeka,0.1,False,,a,5,94,9,2739,470,2631,415,0.6,1.8,Onyeka,157.0,2021-07-20,1998-01-01,False,p428580,61,0,2,0,2,0,0,0,0,0,0,0,31,23.4,12.3,4.0,3.9,2,3,1,6,0,0.00,0.36,0.36,1.37,203,86,189,115,251,135,248,123,,,,,,,0.0,0.0,0.53,0.53,2.02,2.95,278,170,113,40,135,55,543,199,0.0,0.0,8.85
187,True,True,,,508395,0,0,0,0,0,3,2.5,3.5,2,Yehor,3.0,129,False,,,50,508395.jpg,3.0,False,Yarmoliuk,0.1,False,,a,5,94,9,3694,296,2237,517,0.6,1.8,Yarmoliuk,225.0,2022-10-28,2004-03-01,False,p508395,258,0,0,1,5,0,0,0,0,0,0,0,38,36.4,19.0,15.0,7.0,7,17,7,31,3,0.12,0.03,0.15,4.35,147,52,144,93,153,98,164,81,,,,,,,0.04,0.0,0.01,0.05,1.52,1.74,309,190,116,42,139,58,532,190,1.05,0.35,10.81
188,True,True,,,606689,0,0,0,0,0,3,-0.5,0.5,0,Romelle,0.0,130,False,,,45,606689.jpg,0.0,False,Donovan,0.1,False,,a,5,94,0,2294,386,4208,680,0.0,0.0,Donovan,241.0,2025-07-01,2006-11-30,False,p606689,0,0,0,0,0,0,0,0,0,0,0,0,0,0.0,0.0,0.0,0.0,0,0,0,0,0,0.00,0.00,0.00,0.00,606,241,600,244,571,232,607,242,,,,,,,0.0,0.0,0.0,0.0,0.0,0.0,520,300,609,247,609,247,480,161,0.0,0.0,0.0
189,True,True,,,628204,-1,1,-1,1,0,3,-0.5,0.5,0,Yunus Emre,0.0,131,False,,,44,628204.jpg,0.0,False,Konak,0.1,False,,a,5,94,0,1121,209,5823,966,0.0,0.0,Konak,219.0,2024-01-11,2006-01-10,False,p628204,0,0,0,0,0,0,0,0,0,0,0,0,0,0.0,0.0,0.0,0.0,0,0,0,0,0,0.00,0.00,0.00,0.00,525,188,513,191,478,177,527,189,,,,,,,0.0,0.0,0.0,0.0,0.0,0.0,600,327,529,194,529,194,436,145,0.0,0.0,0.0
190,True,True,25.0,25.0,220695,0,0,0,0,0,3,-0.1,0.1,0,Paris,0.0,132,False,Lack of match fitness - 25% chance of playing,2025-08-14T16:00:05.924672Z,45,220695.jpg,0.0,False,Maghoma,0.0,False,,d,5,94,0,120,18,1396,146,0.0,0.0,Maghoma,241.0,2020-08-01,2001-05-08,False,p220695,0,0,0,0,0,0,0,0,0,0,0,0,0,0.0,0.0,0.0,0.0,0,0,0,0,0,0.00,0.00,0.00,0.00,538,192,529,195,498,181,540,193,,,,,,,0.0,0.0,0.0,0.0,0.0,0.0,420,245,542,198,542,198,656,282,0.0,0.0,0.0
191,True,True,,,450539,0,0,0,0,0,3,-0.5,0.5,0,Myles,0.0,133,False,,,45,450539.jpg,0.0,False,Peart-Harris,0.0,False,,a,5,94,0,706,112,1555,254,0.0,0.0,Peart-Harris,241.0,2021-07-23,2002-09-18,False,p450539,0,0,0,0,0,0,0,0,0,0,0,0,0,0.0,0.0,0.0,0.0,0,0,0,0,0,0.00,0.00,0.00,0.00,550,199,541,202,512,190,552,200,,,,,,,0.0,0.0,0.0,0.0,0.0,0.0,444,254,554,205,554,205,601,241,0.0,0.0,0.0
192,True,False,0.0,0.0,591357,0,0,0,0,0,3,0.0,0.0,0,Ryan,0.0,134,False,Has joined Wigan on loan for the rest of the season,2025-08-11T01:07:54.335986Z,45,591357.jpg,0.0,False,Trevitt,0.0,False,,u,5,94,0,0,0,588,58,0.0,0.0,Trevitt,241.0,2024-01-08,2003-03-12,False,p591357,0,0,0,0,0,0,0,0,0,0,0,0,0,0.0,0.0,0.0,0.0,0,0,0,0,0,0.00,0.00,0.00,0.00,605,240,599,243,570,231,606,241,,,,,,,0.0,0.0,0.0,0.0,0.0,0.0,518,299,608,246,608,246,696,305,0.0,0.0,0.0
193,True,True,,,502500,0,0,0,0,0,4,4.2,5.2,6,Igor Thiago,4.7,136,False,,,60,502500.jpg,4.7,False,Nascimento Rodrigues,1.5,False,,a,5,94,14,107802,30281,55176,15213,0.8,2.3,Thiago,30.0,2024-07-01,2001-06-26,False,p502500,270,2,0,1,5,0,0,0,1,0,0,1,50,84.4,44.4,58.0,18.7,9,3,3,15,3,1.25,0.12,1.37,4.59,25,5,62,5,36,14,28,7,,,,,2.0,,0.42,0.0,0.04,0.46,1.53,1.67,95,27,61,7,70,7,152,25,1.0,0.33,5.0
194,True,True,,,533710,-1,1,-1,1,0,4,-0.5,0.5,0,Iwan,0.0,137,False,,,44,533710.jpg,0.0,False,Morgan,0.4,False,,a,5,94,0,7877,1388,19424,3395,0.0,0.0,Morgan,,,,False,p533710,0,0,0,0,0,0,0,0,0,0,0,0,0,0.0,0.0,0.0,0.0,0,0,0,0,0,0.00,0.00,0.00,0.00,509,43,497,42,462,42,511,44,,,,,,,0.0,0.0,0.0,0.0,0.0,0.0,584,73,514,44,514,44,278,47,0.0,0.0,0.0
195,True,True,,,49262,0,0,0,0,0,1,0.0,-0.5,0,Jason,0.0,138,False,,,45,49262.jpg,0.0,False,Steele,0.4,False,,a,6,36,0,2439,425,13636,1851,0.0,0.0,Steele,241.0,2018-07-01,1990-08-18,False,p49262,0,0,0,0,0,0,0,0,0,0,0,0,0,0.0,0.0,0.0,0.0,0,0,0,0,0,0.00,0.00,0.00,0.00,527,75,515,61,480,55,529,75,,,,,,,0.0,0.0,0.0,0.0,0.0,0.0,387,19,531,75,531,75,277,41,0.0,0.0,0.0
196,True,True,,,489639,0,0,0,0,0,1,1.7,1.2,2,Bart,1.7,139,False,,,45,489639.jpg,1.7,False,Verbruggen,6.1,False,,a,6,36,5,49439,6812,176810,35732,0.4,1.1,Verbruggen,152.0,2023-07-03,2002-08-18,False,p489639,270,0,0,0,4,0,0,0,0,0,4,0,25,44.8,10.0,0.0,5.4,1,30,0,0,3,0.00,0.00,0.00,4.18,115,14,214,2,523,65,200,13,,,,,,,0.0,1.33,0.0,0.0,1.39,1.33,459,29,213,18,232,19,67,10,1.0,0.0,0.0
197,True,True,,,209288,0,0,0,0,0,1,0.0,-0.5,0,Tom,0.0,140,False,,,40,209288.jpg,0.0,False,McGill,0.4,False,,a,6,36,0,4564,903,6529,1091,0.0,0.0,McGill,39.0,2021-02-02,2000-03-25,False,p209288,0,0,0,0,0,0,0,0,0,0,0,0,0,0.0,0.0,0.0,0.0,0,0,0,0,0,0.00,0.00,0.00,0.00,386,38,373,24,333,18,389,38,,,,,,,0.0,0.0,0.0,0.0,0.0,0.0,631,55,392,38,392,38,283,43,0.0,0.0,0.0
198,True,False,0.0,0.0,472739,0,0,0,0,0,1,0.0,0.0,0,Carl,0.0,141,False,Has joined Coventry City on loan for the rest of the season.,2025-07-25T14:54:18.206318Z,40,472739.jpg,0.0,False,Rushworth,0.0,False,,u,6,36,0,0,0,118,18,0.0,0.0,Rushworth,241.0,2023-07-01,2001-07-02,False,p472739,0,0,0,0,0,0,0,0,0,0,0,0,0,0.0,0.0,0.0,0.0,0,0,0,0,0,0.00,0.00,0.00,0.00,417,52,404,38,365,32,420,52,,,,,,,0.0,0.0,0.0,0.0,0.0,0.0,668,69,422,52,422,52,717,83,0.0,0.0,0.0
199,True,False,0.0,0.0,240514,0,0,0,0,0,1,0.0,0.0,0,Kjell,0.0,142,False,Has joined Union SG permanently,2025-07-25T14:53:26.961790Z,40,240514.jpg,0.0,False,Scherpen,0.0,False,,u,6,36,0,0,0,110,9,0.0,0.0,Scherpen,152.0,2021-07-16,2000-01-23,False,p240514,0,0,0,0,0,0,0,0,0,0,0,0,0,0.0,0.0,0.0,0.0,0,0,0,0,0,0.00,0.00,0.00,0.00,396,43,383,29,343,23,399,43,,,,,,,0.0,0.0,0.0,0.0,0.0,0.0,642,60,401,43,401,43,719,84,0.0,0.0,0.0
200,True,True,,,204120,0,0,-1,1,0,2,0.0,-0.5,0,Olivier,0.0,143,False,,,44,204120.jpg,0.0,False,Boscagli,0.1,False,,a,6,36,0,1282,170,4838,723,0.0,0.0,Boscagli,73.0,2025-07-02,1997-11-18,False,p204120,0,0,0,0,0,0,0,0,0,0,0,0,0,0.0,0.0,0.0,0.0,0,0,0,0,0,0.00,0.00,0.00,0.00,483,201,472,202,434,184,486,202,,,,,,,0.0,0.0,0.0,0.0,0.0,0.0,548,136,488,199,488,199,491,184,0.0,0.0,0.0
201,True,True,,,550090,0,0,-1,1,0,2,0.3,-0.2,1,Diego,0.3,144,False,,,44,550090.jpg,1.0,False,Coppola,0.1,False,,a,6,36,1,459,92,2620,335,0.1,0.2,Coppola,106.0,2025-06-17,2003-12-28,False,p550090,1,0,0,0,0,0,0,0,0,0,0,0,3,0.0,0.0,0.0,0.0,0,0,0,0,0,0.00,0.00,0.00,0.06,514,212,502,212,467,197,516,212,,,,,,,0.0,0.0,0.0,0.0,5.4,0.0,589,155,334,115,287,103,552,201,0.0,0.0,0.0
202,True,True,,,465730,0,0,0,0,0,2,1.3,0.8,2,Maxim,1.3,145,False,,,45,465730.jpg,1.3,False,De Cuyper,4.5,False,,a,6,36,4,40149,3081,185399,42679,0.3,0.9,De Cuyper,21.0,2025-07-05,2000-12-22,False,p465730,246,0,0,0,4,0,0,0,1,0,0,0,22,24.6,37.5,10.0,7.3,10,13,4,14,3,0.00,0.47,0.47,3.78,193,79,80,17,183,46,155,49,,,,,,,0.0,0.0,0.17,0.17,1.38,1.46,452,107,233,80,260,86,85,33,1.1,0.0,5.12
203,True,True,,,83299,0,0,0,0,0,2,2.7,2.2,5,Lewis,2.7,146,False,,,45,83299.jpg,2.7,False,Dunk,1.2,False,,a,6,36,8,22830,4482,31418,4192,0.6,1.8,Dunk,241.0,2009-07-01,1991-11-21,False,p83299,270,0,1,0,4,0,0,0,0,0,0,0,43,36.8,2.9,18.0,5.8,16,14,3,19,3,0.18,0.01,0.19,4.18,143,62,279,89,133,19,188,64,,,,,,,0.06,0.0,0.0,0.06,1.39,1.33,393,72,135,55,157,61,170,64,1.0,0.0,6.33
204,True,False,0.0,0.0,204214,0,0,0,0,0,2,0.0,0.0,0,Pervis,0.0,147,False,Has joined AC Milan permanently,2025-07-24T10:14:09.955203Z,45,204214.jpg,0.0,False,Estupiñán Tenorio,0.0,False,,u,6,36,0,0,0,1563,133,0.0,0.0,Estupiñan,62.0,2022-07-16,1998-01-21,False,p204214,0,0,0,0,0,0,0,0,0,0,0,0,0,0.0,0.0,0.0,0.0,0,0,0,0,0,0.00,0.00,0.00,0.00,536,218,527,218,496,206,538,218,,,4.0,,,,0.0,0.0,0.0,0.0,0.0,0.0,417,89,540,215,540,215,671,225,0.0,0.0,0.0
205,True,True,,,231416,0,0,-1,1,0,2,0.0,-0.5,0,Ferdi,0.0,148,False,,,44,231416.jpg,0.0,False,Kadıoğlu,0.1,False,,a,6,36,0,1921,249,8321,1300,0.0,0.0,F.Kadıoğlu,219.0,2024-08-27,1999-10-07,False,p231416,44,0,0,0,1,0,0,0,2,0,0,0,-6,0.0,3.5,0.0,0.3,2,2,0,2,0,0.00,0.00,0.00,0.64,487,204,267,83,438,187,353,123,,,,,,,0.0,0.0,0.0,0.0,1.31,2.05,555,142,492,202,492,202,421,160,0.0,0.0,4.09
206,True,False,0.0,,232792,0,0,-1,1,0,2,0.0,-0.5,0,Tariq,0.0,150,False,has joined Fiorentina permanently.,2025-09-02T12:06:29.254107Z,44,232792.jpg,0.0,False,Lamptey,0.3,False,,u,6,36,0,2778,314,16480,4072,0.0,0.0,Lamptey,81.0,2020-01-31,2000-09-30,False,p232792,0,0,0,0,0,0,0,0,0,0,0,0,0,0.0,0.0,0.0,0.0,0,0,0,0,0,0.00,0.00,0.00,0.00,489,205,477,205,440,188,491,205,,,,,,,0.0,0.0,0.0,0.0,0.0,0.0,557,143,494,203,494,203,314,114,0.0,0.0,0.0
207,True,True,,,469142,0,0,0,0,0,2,1.3,0.8,1,Jan Paul,1.3,151,False,,,45,469142.jpg,1.3,False,van Hecke,1.0,False,,a,6,36,4,10219,1504,30005,4929,0.3,0.9,Van Hecke,152.0,2020-09-10,2000-06-08,False,p469142,270,0,0,0,4,0,0,0,1,0,0,0,24,63.8,2.6,37.0,10.4,17,12,2,19,3,0.30,0.14,0.44,4.18,62,20,283,92,64,5,92,22,,,,,,,0.1,0.0,0.05,0.15,1.39,1.33,455,108,234,81,261,87,188,71,1.0,0.0,6.33
208,True,True,,,111478,0,0,-1,1,0,2,0.3,-0.2,1,Joël,0.3,152,False,,,44,111478.jpg,1.0,False,Veltman,0.2,False,,a,6,36,1,1826,582,8959,929,0.1,0.2,Veltman,152.0,2020-07-29,1992-01-15,False,p111478,90,0,0,0,1,0,0,0,1,0,0,0,5,8.2,3.3,2.0,1.4,2,0,3,5,1,0.00,0.00,0.00,1.82,281,107,274,87,268,89,316,108,,,,,,,0.0,0.0,0.0,0.0,1.82,1.0,542,131,327,109,280,98,373,133,1.0,0.0,5.0
209,True,True,0.0,0.0,110735,0,0,-1,1,0,2,0.0,0.0,0,Adam,0.0,153,False,Knee injury - Unknown return date,2025-08-08T14:30:04.202011Z,44,110735.jpg,0.0,False,Webster,0.0,False,,i,6,36,0,133,13,766,68,0.0,0.0,Webster,241.0,2019-08-03,1995-01-04,False,p110735,0,0,0,0,0,0,0,0,0,0,0,0,0,0.0,0.0,0.0,0.0,0,0,0,0,0,0.00,0.00,0.00,0.00,479,198,467,198,429,180,482,199,,,,,,,0.0,0.0,0.0,0.0,0.0,0.0,541,130,484,196,484,196,689,231,0.0,0.0,0.0
210,True,False,0.0,0.0,439135,0,0,0,0,0,2,0.0,0.0,0,Eiran,0.0,154,False,Has joined Birmingham on loan for the rest of the season.,2025-07-28T11:50:54.390347Z,40,439135.jpg,0.0,False,Cashin,0.0,False,,u,6,36,0,0,0,466,54,0.0,0.0,Cashin,104.0,2025-01-31,2001-11-09,False,p439135,0,0,0,0,0,0,0,0,0,0,0,0,0,0.0,0.0,0.0,0.0,0,0,0,0,0,0.00,0.00,0.00,0.00,403,149,390,148,350,128,406,150,,,,,,,0.0,0.0,0.0,0.0,0.0,0.0,651,183,408,147,408,147,692,232,0.0,0.0,0.0
211,True,True,,,589100,0,0,0,0,0,2,0.0,-0.5,0,Jacob,0.0,155,False,,,40,589100.jpg,0.0,False,Slater,0.2,False,,a,6,36,0,2091,477,5213,802,0.0,0.0,Slater,,,,False,p589100,0,0,0,0,0,0,0,0,0,0,0,0,0,0.0,0.0,0.0,0.0,0,0,0,0,0,0.00,0.00,0.00,0.00,466,188,453,187,415,169,469,189,,,,,,,0.0,0.0,0.0,0.0,0.0,0.0,724,232,471,186,471,186,376,135,0.0,0.0,0.0
212,True,True,,,547720,0,0,0,0,0,2,0.0,-0.5,0,Charlie,0.0,156,False,,,40,547720.jpg,0.0,False,Tasker,0.1,False,,a,6,36,0,1303,256,4160,653,0.0,0.0,Tasker,241.0,2025-03-28,2006-02-24,False,p547720,0,0,0,0,0,0,0,0,0,0,0,0,0,0.0,0.0,0.0,0.0,0,0,0,0,0,0.00,0.00,0.00,0.00,446,174,433,173,395,155,449,175,,,,,,,0.0,0.0,0.0,0.0,0.0,0.0,703,217,451,172,451,172,423,162,0.0,0.0,0.0
213,True,True,,,451340,0,0,-1,1,0,3,3.0,2.5,5,Mitoma,3.0,157,False,,,64,451340.jpg,3.0,False,Kaoru,4.9,False,,a,6,36,9,48826,14781,269260,28926,0.5,1.4,Mitoma,108.0,2021-08-09,1997-05-20,False,p451340,262,0,1,1,3,0,0,0,1,0,0,0,27,39.4,78.5,30.0,14.4,3,6,3,12,3,0.30,0.17,0.47,3.94,133,43,15,14,80,48,50,33,,,,,,,0.1,0.0,0.06,0.16,1.35,1.03,72,49,128,51,150,66,83,28,1.03,0.34,4.12
214,True,True,100.0,75.0,463067,0,0,-1,1,0,3,2.3,1.3,1,Georginio,2.3,158,False,,2025-08-25T07:30:07.559102Z,59,463067.jpg,3.5,False,Rutter,0.8,False,,a,6,36,7,23518,1133,89371,11690,0.4,1.2,Georginio,73.0,2024-08-19,2002-04-20,False,p463067,97,0,1,1,0,0,0,0,0,0,0,0,20,7.4,13.3,34.0,5.4,0,1,1,2,1,0.14,0.06,0.20,0.69,290,136,182,110,67,40,201,97,,,,,,,0.13,0.0,0.06,0.19,0.64,0.0,114,77,178,79,114,45,198,68,0.93,0.93,1.86
215,True,True,0.0,0.0,109345,0,0,-1,1,0,3,0.0,0.0,0,Solly,0.0,159,False,Knee injury - Unknown return date,2025-08-10T18:00:05.450301Z,59,109345.jpg,0.0,False,March,0.0,False,,i,6,36,0,101,23,1586,134,0.0,0.0,March,241.0,2012-07-01,1994-07-20,False,p109345,0,0,0,0,0,0,0,0,0,0,0,0,0,0.0,0.0,0.0,0.0,0,0,0,0,0,0.00,0.00,0.00,0.00,713,312,713,312,710,311,713,312,4.0,,,,,,0.0,0.0,0.0,0.0,0.0,0.0,101,67,712,312,712,312,683,296,0.0,0.0,0.0
216,True,True,,,592031,0,0,-1,1,0,3,3.0,2.5,4,Yankuba,3.0,160,False,,,59,592031.jpg,3.0,False,Minteh,0.8,False,,a,6,36,9,14343,6503,55777,6894,0.5,1.5,Minteh,78.0,2024-07-01,2004-07-22,False,p592031,248,0,0,1,3,0,0,0,0,0,0,0,39,30.2,56.7,70.0,15.7,5,14,4,23,3,0.37,0.60,0.97,3.88,174,67,42,35,21,12,41,29,,,,,,,0.13,0.0,0.22,0.35,1.41,1.09,118,79,127,50,149,65,195,66,1.09,0.36,8.35
217,True,False,0.0,0.0,474120,0,0,-1,1,0,3,0.0,0.0,0,Julio,0.0,161,False,has joined Strasbourg permanently.,2025-08-10T18:00:05.470138Z,54,474120.jpg,0.0,False,Enciso Espínola,0.0,False,,u,6,36,0,105,17,2260,195,0.0,0.0,Enciso,168.0,2022-06-17,2004-01-23,False,p474120,0,0,0,0,0,0,0,0,0,0,0,0,0,0.0,0.0,0.0,0.0,0,0,0,0,0,0.00,0.00,0.00,0.00,694,302,693,303,681,299,695,303,,,,,,,0.0,0.0,0.0,0.0,0.0,0.0,209,131,694,303,694,303,663,286,0.0,0.0,0.0
218,True,True,,,513433,0,0,-1,1,0,3,3.3,2.8,8,Brajan,3.3,162,False,,,54,513433.jpg,3.3,False,Gruda,0.1,False,,a,6,36,10,3729,3260,2316,638,0.6,1.9,Gruda,80.0,2024-08-14,2004-05-31,False,p513433,41,1,0,0,1,0,0,0,0,0,0,2,27,39.4,10.7,45.0,9.5,0,4,1,5,0,1.15,0.00,1.15,0.80,132,42,206,124,50,28,105,58,2.0,,6.0,,,,2.52,0.0,0.0,2.52,1.76,2.2,218,136,101,36,121,48,534,192,0.0,0.0,10.98
219,True,True,,,532529,-1,1,-2,2,0,3,1.0,0.5,2,Jack,1.0,163,False,,,53,532529.jpg,1.5,False,Hinshelwood,0.1,False,,a,6,36,3,538,158,4895,475,0.2,0.6,Hinshelwood,241.0,2022-12-30,2005-04-11,False,p532529,105,0,0,0,2,0,0,0,0,0,0,0,20,9.4,2.0,0.0,1.2,2,6,3,11,1,0.00,0.01,0.01,2.32,273,128,298,161,668,292,323,162,,,,,,,0.0,0.0,0.01,0.01,1.99,1.71,233,147,272,137,253,130,527,187,0.86,0.0,9.43
220,True,False,0.0,,219249,0,0,0,0,1,3,0.0,3.5,0,Matt,4.0,164,False,has joined Marseille on loan for the rest of the season.,2025-09-02T12:06:29.272628Z,55,219249.jpg,6.0,False,O'Riley,1.3,False,,u,6,36,12,130744,1859,93095,29769,0.7,2.2,O'Riley,58.0,2024-08-26,2000-11-21,False,p219249,177,1,0,1,2,0,0,0,0,0,0,2,36,60.8,66.6,63.0,19.0,3,2,4,9,2,1.21,0.17,1.38,2.12,66,24,29,27,28,15,25,18,1.0,,2.0,,2.0,,0.62,0.0,0.09,0.71,1.08,1.02,149,93,84,29,35,13,166,56,1.02,0.51,4.58
221,True,False,0.0,,516211,0,0,-1,1,0,3,0.0,-0.5,0,Abdallah,0.0,165,False,has joined Lens permanently.,2025-09-02T12:06:29.290672Z,54,516211.jpg,0.0,False,Sima,0.0,False,,u,6,36,0,247,41,1172,254,0.0,0.0,Sima,189.0,2021-08-30,2001-06-17,False,p516211,0,0,0,0,0,0,0,0,0,0,0,0,0,0.0,0.0,0.0,0.0,0,0,0,0,0,0.00,0.00,0.00,0.00,695,303,694,304,683,300,696,304,,,,,,,0.0,0.0,0.0,0.0,0.0,0.0,219,137,695,304,695,304,646,276,0.0,0.0,0.0
222,True,True,,,509416,0,0,0,0,0,3,2.0,1.5,1,Yasin,2.0,166,False,,,50,509416.jpg,2.0,False,Ayari,0.2,False,,a,6,36,6,2948,588,7809,1369,0.4,1.2,Ayari,206.0,2023-01-30,2003-10-06,False,p509416,185,0,0,0,3,0,0,0,0,0,0,1,33,24.6,31.8,20.0,7.7,5,9,5,19,2,0.15,0.15,0.30,2.13,195,78,95,67,120,77,144,74,3.0,,5.0,,,,0.07,0.0,0.07,0.14,1.04,1.46,310,191,201,94,213,101,383,130,0.97,0.0,9.24
223,True,True,,,535301,-1,1,-1,1,0,3,1.7,1.2,1,Carlos,1.7,167,False,,,49,535301.jpg,1.7,False,Baleba,3.6,False,,a,6,36,5,52282,7479,167784,32055,0.3,1.0,Baleba,38.0,2023-08-29,2004-01-03,False,p535301,172,0,0,1,2,0,0,0,0,0,0,0,16,4.4,25.0,1.0,3.0,4,11,1,16,3,0.02,0.01,0.03,3.09,320,159,117,82,299,161,278,141,,,,,,,0.01,0.0,0.01,0.02,1.62,1.05,370,231,216,104,235,118,92,30,1.57,0.52,8.37
224,True,True,,,514254,0,0,0,0,0,3,1.0,0.5,2,Diego,1.0,169,False,,,50,514254.jpg,1.0,False,Gómez Amarilla,0.1,False,,a,6,36,3,732,313,2198,317,0.2,0.6,Gomez,168.0,2025-01-01,2003-03-27,False,p514254,104,0,0,0,2,0,0,0,1,0,0,0,22,18.4,13.6,7.0,3.9,5,6,5,16,1,0.03,0.04,0.07,2.29,228,102,179,108,215,122,249,124,,,3.0,,,,0.03,0.0,0.03,0.06,1.98,1.73,313,193,271,136,315,152,553,206,0.87,0.0,13.85
225,True,True,,,15157,0,0,0,0,0,3,2.3,1.8,6,James,2.3,170,False,,,50,15157.jpg,3.5,False,Milner,0.1,False,,a,6,36,7,3965,2856,4299,779,0.5,1.4,Milner,241.0,2023-07-01,1986-01-04,False,p15157,32,1,0,0,1,0,0,0,0,0,0,0,22,35.6,0.5,17.0,5.3,0,1,1,2,0,0.79,0.01,0.80,0.41,151,55,325,169,140,89,203,98,,,,,,,2.22,0.0,0.03,2.25,1.15,2.81,236,148,161,64,111,42,457,154,0.0,0.0,5.62
226,True,False,0.0,,441192,0,0,-1,1,0,3,0.0,-0.5,0,Jeremy,0.0,171,False,has joined Cremonese on loan for the rest of the season.,2025-09-02T12:06:29.308383Z,49,441192.jpg,0.0,False,Sarmiento Morante,0.0,False,,u,6,36,0,196,52,1467,335,0.0,0.0,Sarmiento,62.0,2021-09-21,2002-06-16,False,p441192,0,0,0,0,0,0,0,0,0,0,0,0,0,0.0,0.0,0.0,0.0,0,0,0,0,0,0.00,0.00,0.00,0.00,641,267,633,268,609,259,642,268,,,,,,,0.0,0.0,0.0,0.0,0.0,0.0,360,226,640,269,640,269,631,264,0.0,0.0,0.0
227,True,True,100.0,100.0,549074,0,0,0,0,0,3,0.0,-0.5,0,Tom,0.0,172,False,,2025-08-10T18:00:05.491553Z,50,549074.jpg,0.0,False,Watson,0.0,False,,a,6,36,0,293,69,1016,163,0.0,0.0,Watson,241.0,2025-06-01,2006-04-08,False,p549074,0,0,0,0,0,0,0,0,0,0,0,0,0,0.0,0.0,0.0,0.0,0,0,0,0,0,0.00,0.00,0.00,0.00,674,292,673,293,657,286,675,293,,,,,,,0.0,0.0,0.0,0.0,0.0,0.0,314,194,674,293,674,293,634,267,0.0,0.0,0.0
228,True,True,75.0,,467779,0,0,0,0,0,3,1.7,1.8,0,Mats,2.3,173,False,Knee injury - 75% chance of playing,2025-09-01T10:30:07.953121Z,50,467779.jpg,3.5,False,Wieffer,0.1,False,,d,6,36,7,2729,157,3123,854,0.5,1.4,Wieffer,152.0,2024-07-06,1999-11-16,False,p467779,174,0,0,0,3,0,0,0,1,0,0,0,30,44.8,5.2,21.0,7.1,11,8,12,31,2,0.02,0.04,0.06,1.97,116,36,246,143,112,69,160,80,,,,,,,0.01,0.0,0.02,0.03,1.02,1.55,292,177,163,66,112,43,540,196,1.03,0.0,16.03
229,True,False,0.0,0.0,611695,0,0,0,0,0,3,0.0,0.0,0,Malick,0.0,174,False,Has joined Swansea City on loan for the rest of the season.,2025-08-15T12:03:00.771795Z,50,611695.jpg,0.0,False,Yalcouyé,0.0,False,,u,6,36,0,0,0,1000,66,0.0,0.0,Yalcouye,54.0,2024-07-12,2005-11-18,False,p611695,0,0,0,0,0,0,0,0,0,0,0,0,0,0.0,0.0,0.0,0.0,0,0,0,0,0,0.00,0.00,0.00,0.00,678,295,677,296,661,289,679,296,,,,,,,0.0,0.0,0.0,0.0,0.0,0.0,320,199,678,296,678,296,693,303,0.0,0.0,0.0
230,True,True,,,567121,0,0,0,0,0,3,0.0,-0.5,0,Joe,0.0,175,False,,,45,567121.jpg,0.0,False,Knight,0.1,False,,a,6,36,0,1777,445,3166,519,0.0,0.0,Knight,,,,False,p567121,0,0,0,0,0,0,0,0,0,0,0,0,0,0.0,0.0,0.0,0.0,0,0,0,0,0,0.00,0.00,0.00,0.00,591,231,585,234,556,222,592,232,,,,,,,0.0,0.0,0.0,0.0,0.0,0.0,503,289,594,237,594,237,509,178,0.0,0.0,0.0
231,True,True,,,550141,0,0,0,0,0,3,0.0,-0.5,0,Adrian,0.0,176,False,,,45,550141.jpg,0.0,False,Mazilu,0.0,False,,a,6,36,0,726,185,1493,273,0.0,0.0,Mazilu,,,,False,p550141,0,0,0,0,0,0,0,0,0,0,0,0,0,0.0,0.0,0.0,0.0,0,0,0,0,0,0.00,0.00,0.00,0.00,580,224,574,227,546,215,582,225,,,,,,,0.0,0.0,0.0,0.0,0.0,0.0,491,282,584,230,584,230,602,242,0.0,0.0,0.0
232,True,False,0.0,0.0,513834,0,0,0,0,0,3,0.0,0.0,0,Andrew,0.0,177,False,Has joined Los Angeles FC on loan for the rest of the season.,2025-08-22T14:16:38.542849Z,45,513834.jpg,0.0,False,Moran,0.0,False,,u,6,36,0,490,0,3181,402,0.0,0.0,Moran,104.0,2021-08-23,2003-10-15,False,p513834,0,0,0,0,0,0,0,0,0,0,0,0,0,0.0,0.0,0.0,0.0,0,0,0,0,0,0.00,0.00,0.00,0.00,568,214,562,217,534,205,570,215,,,,,,,0.0,0.0,0.0,0.0,0.0,0.0,475,270,572,220,572,220,614,251,0.0,0.0,0.0
233,True,True,,,50175,0,0,-1,1,0,4,1.0,0.5,2,Danny,1.0,178,False,,,64,50175.jpg,1.0,False,Welbeck,2.4,False,,a,6,36,3,31051,7920,253240,27067,0.2,0.5,Welbeck,241.0,2020-10-18,1990-11-26,False,p50175,171,0,0,0,4,0,0,1,0,0,0,0,0,2.6,20.5,31.0,5.2,0,3,1,4,2,1.56,0.27,1.83,3.49,335,27,138,13,77,25,209,24,,,1.0,,1.0,,0.82,0.0,0.14,0.96,1.84,2.11,64,21,285,29,346,35,112,15,1.05,0.0,2.11
234,True,False,0.0,0.0,487117,0,0,0,0,0,4,0.0,0.0,0,Evan,0.0,179,False,Has joined AS Roma on loan for the rest of the season,2025-07-24T10:13:22.396984Z,55,487117.jpg,0.0,False,Ferguson,0.0,False,,u,6,36,0,0,0,1255,97,0.0,0.0,Ferguson,104.0,2021-08-23,2004-10-19,False,p487117,0,0,0,0,0,0,0,0,0,0,0,0,0,0.0,0.0,0.0,0.0,0,0,0,0,0,0.00,0.00,0.00,0.00,707,70,708,70,703,69,708,70,,,,,,,0.0,0.0,0.0,0.0,0.0,0.0,169,38,707,70,707,70,680,78,0.0,0.0,0.0
235,True,True,,,608181,0,0,-1,1,0,4,0.0,-0.5,0,Stefanos,0.0,180,False,,,54,608181.jpg,0.0,False,Tzimas,0.1,False,,a,6,36,0,3226,638,7474,1174,0.0,0.0,Tzimas,83.0,2025-02-03,2006-01-06,False,p608181,0,0,0,0,0,0,0,0,0,0,0,0,0,0.0,0.0,0.0,0.0,0,0,0,0,0,0.00,0.00,0.00,0.00,697,67,696,67,687,66,698,67,,,,,,,0.0,0.0,0.0,0.0,0.0,0.0,225,49,697,67,697,67,471,65,0.0,0.0,0.0
236,True,True,,,647850,0,0,-1,1,0,4,0.0,-0.5,0,Charalampos,0.0,181,False,,,49,647850.jpg,0.0,False,Kostoulas,0.3,False,,a,6,36,0,6506,1173,21438,3393,0.0,0.0,Kostoulas,83.0,2025-07-01,2007-05-30,False,p647850,0,0,0,0,0,0,0,0,0,0,0,0,0,0.0,0.0,0.0,0.0,0,0,0,0,0,0.00,0.00,0.00,0.00,655,62,647,61,624,60,656,62,,,,,,,0.0,0.0,0.0,0.0,0.0,0.0,382,59,654,62,654,62,295,49,0.0,0.0,0.0
237,True,True,,,536916,0,0,-1,1,0,3,0.5,0.5,0,Facundo,0.0,168,False,,,49,536916.jpg,0.0,False,Buonanotte,0.1,False,,a,7,8,0,2117,506,9472,1363,0.0,0.0,Buonanotte,10.0,2025-09-01,2004-12-23,False,p536916,0,0,0,0,0,0,0,0,0,0,0,0,0,0.0,0.0,0.0,0.0,0,0,0,0,0,0.00,0.00,0.00,0.00,648,270,640,271,616,262,649,271,,,,,,,0.0,0.0,0.0,0.0,0.0,0.0,371,232,647,272,647,272,441,149,0.0,0.0,0.0
238,True,True,,,215059,0,0,0,0,0,1,6.2,6.2,6,Robert,5.7,220,False,,,50,215059.jpg,5.7,False,Lynch Sánchez,24.5,False,,a,7,8,17,358367,63864,332170,76713,1.1,3.4,Sánchez,200.0,2023-08-05,1997-11-18,False,p215059,270,0,0,2,1,0,0,0,0,0,8,1,64,55.8,0.0,0.0,5.5,1,19,0,0,3,0.00,0.00,0.00,2.41,80,12,654,79,635,77,197,12,,,,,,,0.0,2.67,0.0,0.0,0.8,0.33,265,12,32,6,41,6,15,2,1.0,0.67,0.0
239,True,True,,,508479,-1,1,-1,1,0,1,0.5,0.5,0,Filip,0.0,221,False,,,44,508479.jpg,0.0,False,Jörgensen,0.2,False,,a,7,8,0,1643,324,6949,1336,0.0,0.0,Jörgensen,58.0,2024-07-30,2002-04-16,False,p508479,0,0,0,0,0,0,0,0,0,0,0,0,0,0.0,0.0,0.0,0.0,0,0,0,0,0,0.00,0.00,0.00,0.00,507,74,495,60,460,54,509,74,,,,,,,0.0,0.0,0.0,0.0,0.0,0.0,582,37,512,74,512,74,371,56,0.0,0.0,0.0
240,True,False,0.0,0.0,549939,0,0,0,0,0,1,0.0,0.0,0,Mike,0.0,222,False,Has joined RC Strasbourg on loan for the rest of the season.,2025-07-28T11:48:06.001822Z,40,549939.jpg,0.0,False,Penders,0.0,False,,u,7,8,0,0,0,210,29,0.0,0.0,Penders,21.0,2024-08-27,2005-07-31,False,p549939,0,0,0,0,0,0,0,0,0,0,0,0,0,0.0,0.0,0.0,0.0,0,0,0,0,0,0.00,0.00,0.00,0.00,450,63,437,49,399,43,453,63,,,,,,,0.0,0.0,0.0,0.0,0.0,0.0,707,80,455,63,455,63,711,82,0.0,0.0,0.0
241,True,True,,,471798,0,0,0,0,0,1,0.5,0.5,0,Gabriel,0.0,223,False,,,40,471798.jpg,0.0,False,Słonina,0.1,False,,a,7,8,0,1365,218,2860,593,0.0,0.0,Slonina,229.0,2022-08-02,2004-05-15,False,p471798,0,0,0,0,0,0,0,0,0,0,0,0,0,0.0,0.0,0.0,0.0,0,0,0,0,0,0.00,0.00,0.00,0.00,416,51,403,37,363,31,419,51,,,,,,,0.0,0.0,0.0,0.0,0.0,0.0,666,68,421,51,421,51,477,73,0.0,0.0,0.0
242,True,True,,,179268,0,0,1,-1,0,2,6.8,6.8,6,Marc,6.3,224,False,,,61,179268.jpg,6.3,False,Cucurella Saseta,28.1,False,,a,7,8,19,1066582,152770,243396,66178,1.0,3.1,Cucurella,200.0,2022-08-05,1998-07-22,False,p179268,248,0,1,2,1,0,0,0,0,0,0,2,90,67.0,56.1,17.0,14.0,12,14,6,18,3,0.11,0.45,0.56,1.97,56,17,43,6,142,23,53,8,,,,,,,0.04,0.0,0.16,0.2,0.71,0.36,82,1,20,9,25,12,10,2,1.09,0.73,6.53
243,True,True,,,225796,0,0,0,0,0,2,2.8,2.8,1,Reece,2.3,225,False,,,55,225796.jpg,2.3,False,James,5.2,False,,a,7,8,7,134339,8326,203230,66733,0.4,1.3,James,241.0,2019-05-15,1999-12-08,False,p225796,108,0,0,1,0,0,0,0,1,0,0,0,40,23.0,62.4,7.0,9.3,6,8,1,7,1,0.04,0.32,0.36,1.73,209,80,34,2,216,63,109,28,3.0,,2.0,,,,0.03,0.0,0.27,0.3,1.44,0.0,150,19,172,65,187,68,81,30,0.83,0.83,5.83
244,True,True,,,180736,1,-1,1,-1,1,2,9.5,9.5,13,Trevoh,9.0,226,True,,,51,180736.jpg,9.0,False,Chalobah,6.2,False,,a,7,8,27,543662,245754,74966,20344,1.8,5.3,Chalobah,241.0,2018-02-16,1999-07-05,False,p180736,248,1,1,2,1,0,0,0,0,0,0,2,95,92.0,14.9,54.0,16.1,18,9,7,25,3,0.52,0.25,0.77,1.97,18,3,172,51,40,4,38,3,,,,,,,0.19,0.0,0.09,0.28,0.71,0.36,234,33,2,2,4,4,66,23,1.09,0.73,9.07
245,True,True,0.0,0.0,460028,0,0,-1,1,0,2,0.0,0.0,0,Levi,0.0,227,False,Anterior cruciate ligament - Unknown return date,2025-08-08T14:30:04.255160Z,49,460028.jpg,0.0,False,Samuels Colwill,0.2,False,,i,7,8,0,352,47,23734,1893,0.0,0.0,Colwill,241.0,2022-07-01,2003-02-26,False,p460028,0,0,0,0,0,0,0,0,0,0,0,0,0,0.0,0.0,0.0,0.0,0,0,0,0,0,0.00,0.00,0.00,0.00,643,235,635,235,611,225,644,235,,,,,,,0.0,0.0,0.0,0.0,0.0,0.0,362,62,642,232,642,232,388,143,0.0,0.0,0.0
246,True,True,,,482609,0,0,0,0,0,2,3.5,3.5,6,Malo,3.0,228,False,,,50,482609.jpg,3.0,False,Gusto,1.5,False,,a,7,8,9,30213,7605,61919,7412,0.6,1.8,Gusto,73.0,2023-01-28,2003-05-19,False,p482609,169,0,0,1,1,0,0,0,0,0,0,0,35,22.8,19.5,5.0,4.7,6,8,4,10,2,0.02,0.06,0.08,1.36,211,82,140,35,235,72,227,79,,,,,,,0.01,0.0,0.03,0.04,0.72,0.53,298,51,115,50,138,56,150,59,1.07,0.53,5.33
247,True,True,0.0,0.0,242880,0,0,-1,1,0,2,0.0,0.0,0,Benoît,0.0,229,False,Knock - Unknown return date,2025-08-10T22:00:04.583805Z,44,242880.jpg,0.0,False,Badiashile Mukinayi,0.0,False,,i,7,8,0,95,6,1110,88,0.0,0.0,B.Badiashile,73.0,2023-01-05,2001-03-26,False,p242880,0,0,0,0,0,0,0,0,0,0,0,0,0,0.0,0.0,0.0,0.0,0,0,0,0,0,0.00,0.00,0.00,0.00,490,206,478,206,441,189,492,206,,,,,,,0.0,0.0,0.0,0.0,0.0,0.0,559,145,495,204,495,204,681,228,0.0,0.0,0.0
248,True,True,100.0,100.0,444463,-1,1,-1,1,0,2,0.8,0.8,0,Wesley,0.3,230,False,,2025-08-15T10:30:06.840432Z,44,444463.jpg,1.0,False,Fofana,0.2,False,,a,7,8,1,3483,635,9722,2030,0.1,0.2,Fofana,73.0,2022-08-31,2000-12-17,False,p444463,21,0,0,0,0,0,0,0,0,0,0,0,5,3.4,0.4,0.0,0.4,1,0,1,2,0,0.00,0.00,0.00,0.44,330,120,330,120,445,191,351,122,,,,,,,0.0,0.0,0.0,0.0,1.89,0.0,564,148,330,112,283,101,365,130,0.0,0.0,8.57
249,True,False,0.0,0.0,574458,0,0,0,0,0,2,0.0,0.0,0,Mamadou,0.0,231,False,Has joined RC Strasbourg on loan for the rest of the season.,2025-08-11T01:09:37.642396Z,45,574458.jpg,0.0,False,Sarr,0.0,False,,u,7,8,0,0,0,1502,113,0.0,0.0,M.Sarr,73.0,2025-06-09,2005-08-29,False,p574458,0,0,0,0,0,0,0,0,0,0,0,0,0,0.0,0.0,0.0,0.0,0,0,0,0,0,0.00,0.00,0.00,0.00,595,229,589,229,560,217,596,229,,,,,,,0.0,0.0,0.0,0.0,0.0,0.0,507,122,598,226,598,226,676,227,0.0,0.0,0.0
250,True,True,100.0,100.0,109646,0,0,0,0,0,2,3.8,3.8,8,Tosin,3.3,232,False,,2025-08-18T08:00:05.503139Z,45,109646.jpg,5.0,False,Adarabioyo,1.1,False,,a,7,8,10,40061,14760,50614,8999,0.7,2.2,Tosin,241.0,2024-07-01,1997-09-24,False,p109646,180,0,0,1,1,0,0,0,0,0,0,0,43,52.4,2.6,2.0,5.7,15,6,5,20,2,0.00,0.04,0.04,1.75,91,38,282,91,270,90,190,66,,,,,,,0.0,0.0,0.02,0.02,0.88,0.5,400,78,97,41,56,22,177,66,1.0,0.5,10.0
251,True,True,,,577016,0,0,0,0,0,2,3.5,3.5,0,Josh,3.0,233,False,,,40,577016.jpg,9.0,False,Acheampong,2.1,False,,a,7,8,9,255296,4578,121587,31341,0.8,2.2,Acheampong,241.0,2024-03-10,2006-05-05,False,p577016,90,0,0,1,0,0,0,0,0,0,0,3,35,16.2,2.3,10.0,2.9,6,4,2,8,1,0.09,0.01,0.10,0.66,235,91,287,96,182,45,281,94,,,,,,,0.09,0.0,0.01,0.1,0.66,0.0,717,227,108,45,2,2,122,50,1.0,1.0,8.0
252,True,False,0.0,,622758,0,0,0,0,0,2,0.0,0.5,0,Aarón,0.0,234,False,has joined Borussia Dortmund on loan for the rest of the season.,2025-09-02T11:35:16.308555Z,40,622758.jpg,0.0,False,Anselmino,0.1,False,,u,7,8,0,1030,104,4740,1111,0.0,0.0,Anselmino,10.0,2024-08-08,2005-04-29,False,p622758,0,0,0,0,0,0,0,0,0,0,0,0,0,0.0,0.0,0.0,0.0,0,0,0,0,0,0.00,0.00,0.00,0.00,472,194,460,194,422,176,475,195,,,,,,,0.0,0.0,0.0,0.0,0.0,0.0,731,239,477,192,477,192,479,181,0.0,0.0,0.0
253,True,True,0.0,0.0,244851,0,0,-1,1,0,3,0.0,0.0,0,Cole,1.0,235,False,Groin Injury - Unknown return date,2025-08-23T01:00:07.551888Z,104,244851.jpg,3.0,False,Palmer,23.7,False,,i,7,8,3,155789,10647,4079099,694681,0.1,0.3,Palmer,241.0,2023-09-01,2002-05-06,False,p244851,90,0,0,1,0,0,0,0,0,0,0,0,10,4.8,16.9,23.0,4.5,0,4,1,5,1,0.17,0.03,0.20,0.66,315,155,155,100,104,63,234,113,5.0,,1.0,,1.0,,0.17,0.0,0.03,0.2,0.66,0.0,4,2,288,146,153,69,16,5,1.0,1.0,5.0
254,True,True,,,247632,0,0,0,0,0,3,4.8,4.8,3,Pedro,4.3,236,False,,,70,247632.jpg,4.3,False,Lomba Neto,5.6,False,,a,7,8,13,299405,34983,143557,44282,0.6,1.9,Neto,173.0,2024-08-11,2000-03-09,False,p247632,260,1,0,2,1,0,0,0,0,0,0,0,63,60.2,88.6,40.0,18.9,3,7,2,12,3,0.41,0.70,1.11,1.74,68,25,10,10,59,34,26,19,1.0,,,,,,0.14,0.0,0.24,0.38,0.6,0.35,35,22,78,28,89,34,75,27,1.04,0.69,4.15
255,True,True,,,448047,1,-1,1,-1,1,3,8.8,8.8,12,Enzo,8.3,237,True,,,66,448047.jpg,8.3,False,Fernández,9.4,False,,a,7,8,25,651799,438182,123559,27801,1.3,3.8,Enzo,10.0,2023-01-31,2001-01-17,False,p448047,258,2,2,2,1,0,0,0,0,0,0,1,82,97.4,65.7,65.0,22.8,3,6,2,11,3,1.82,0.36,2.18,2.36,15,9,32,30,27,14,11,7,4.0,,3.0,,4.0,,0.63,0.0,0.13,0.76,0.82,0.35,49,32,6,1,8,1,45,15,1.05,0.7,3.84
256,True,True,,,624773,0,0,0,0,0,3,3.2,3.2,3,Estêvão,2.7,238,False,,,65,624773.jpg,2.7,False,Almeida de Oliveira Gonçalves,2.5,False,,a,7,8,8,154300,16435,89261,24689,0.4,1.2,Estêvão,30.0,2025-07-14,2007-04-24,False,p624773,179,0,1,1,1,0,0,0,1,0,0,0,27,37.0,37.6,62.0,13.7,2,6,3,11,2,0.99,1.04,2.03,0.75,142,49,79,57,29,16,57,38,2.0,,,,,,0.5,0.0,0.52,1.02,0.38,0.5,63,43,151,61,170,75,109,35,1.01,0.5,5.53
257,True,True,,,463936,-1,1,-2,2,0,3,1.5,1.5,1,Jamie,1.0,239,False,,,63,463936.jpg,1.0,False,Bynoe-Gittens,0.2,False,,a,7,8,3,3956,356,18563,2960,0.2,0.5,Gittens,241.0,2025-07-05,2004-08-08,False,p463936,88,0,0,0,0,0,0,0,0,0,0,0,10,10.2,27.8,17.0,5.5,1,2,2,5,1,0.10,0.08,0.18,1.67,268,124,105,74,143,91,198,95,,,,,,,0.1,0.0,0.08,0.18,1.71,0.0,79,55,284,144,344,172,380,129,1.02,0.0,5.11
258,True,False,0.0,0.0,213198,0,0,-1,1,0,3,0.0,0.0,0,Christopher,0.0,240,False,has joined AC Milan permanently.,2025-09-02T11:35:16.323578Z,59,213198.jpg,0.0,False,Nkunku,0.1,False,,u,7,8,0,2668,256,17416,2943,0.0,0.0,Nkunku,73.0,2023-07-01,1997-11-14,False,p213198,0,0,0,0,0,0,0,0,0,0,0,0,0,0.0,0.0,0.0,0.0,0,0,0,0,0,0.00,0.00,0.00,0.00,715,314,715,314,713,314,715,314,,,,,2.0,,0.0,0.0,0.0,0.0,0.0,0.0,109,74,715,314,715,314,429,143,0.0,0.0,0.0
259,True,True,,,486672,0,0,0,0,0,3,6.2,6.2,4,Moisés,5.7,241,False,,,55,486672.jpg,5.7,False,Caicedo Corozo,6.8,False,,a,7,8,17,239002,51728,151822,37534,1.0,3.1,Caicedo,62.0,2023-08-14,2001-11-02,False,p486672,270,1,0,2,1,0,0,0,1,0,0,1,70,105.8,13.0,24.0,14.3,16,14,12,42,3,0.34,0.09,0.43,2.41,6,3,185,112,101,61,52,35,,,,,,,0.11,0.0,0.03,0.14,0.8,0.33,168,105,33,11,42,16,63,21,1.0,0.67,14.0
260,True,True,,,550615,0,0,-1,1,0,3,1.5,1.5,3,Tyrique,1.0,243,False,,,49,550615.jpg,3.0,False,George,0.1,False,,a,7,8,3,1349,681,2593,534,0.2,0.6,George,241.0,2024-04-15,2006-02-04,False,p550615,66,0,0,1,0,0,0,0,0,0,0,0,4,3.6,1.3,33.0,3.8,0,1,0,1,0,0.21,0.01,0.22,0.27,327,163,306,164,68,41,250,125,,,,,,,0.29,0.0,0.01,0.3,0.37,0.0,373,234,268,133,134,54,566,216,0.0,1.36,1.36
261,True,True,0.0,0.0,514356,0,0,-1,1,0,3,0.0,0.0,0,Roméo,0.0,244,False,Muscle injury - Unknown return date,2025-08-10T22:00:04.594276Z,49,514356.jpg,0.0,False,Lavia,0.0,False,,i,7,8,0,89,12,1610,171,0.0,0.0,Lavia,21.0,2023-08-18,2004-01-06,False,p514356,0,0,0,0,0,0,0,0,0,0,0,0,0,0.0,0.0,0.0,0.0,0,0,0,0,0,0.00,0.00,0.00,0.00,647,269,639,270,615,261,648,270,,,,,,,0.0,0.0,0.0,0.0,0.0,0.0,368,229,646,271,646,271,669,290,0.0,0.0,0.0
262,True,True,0.0,0.0,465920,0,0,0,0,0,3,0.0,0.0,0,Mykhailo,0.0,245,False,Suspended - unknown return date,2025-07-21T10:00:04.824210Z,50,465920.jpg,0.0,False,Mudryk,0.0,False,,s,7,8,0,220,47,442,86,0.0,0.0,Mudryk,225.0,2023-01-15,2001-01-05,False,p465920,0,0,0,0,0,0,0,0,0,0,0,0,0,0.0,0.0,0.0,0.0,0,0,0,0,0,0.00,0.00,0.00,0.00,666,285,665,286,648,278,667,286,,,,,,,0.0,0.0,0.0,0.0,0.0,0.0,290,175,665,286,665,286,697,306,0.0,0.0,0.0
263,True,True,,,532605,0,0,0,0,0,3,1.2,1.2,0,Andrey,0.7,246,False,,,45,532605.jpg,0.7,False,Nascimento dos Santos,0.3,False,,a,7,8,2,14589,1916,16808,3741,0.2,0.4,Andrey Santos,30.0,2023-01-07,2004-05-03,False,p532605,48,0,0,0,0,0,0,0,1,0,0,0,7,6.8,22.8,25.0,5.5,1,3,1,5,0,0.31,0.02,0.33,1.28,293,139,128,86,96,59,196,94,,,,,,,0.58,0.0,0.04,0.62,2.4,0.0,484,275,298,148,355,178,298,98,0.0,0.0,9.38
264,True,True,,,491007,-1,1,-1,1,0,3,0.5,0.5,0,Dário,0.0,247,False,,,44,491007.jpg,0.0,False,Luís Essugo,0.1,False,,a,7,8,0,2012,1173,2530,572,0.0,0.0,D.Essugo,173.0,2025-06-02,2005-03-14,False,p491007,0,0,0,0,0,0,0,0,0,0,0,0,0,0.0,0.0,0.0,0.0,0,0,0,0,0,0.00,0.00,0.00,0.00,499,177,487,180,452,166,501,178,,,,,,,0.0,0.0,0.0,0.0,0.0,0.0,573,316,504,183,504,183,546,201,0.0,0.0,0.0
265,True,False,0.0,0.0,611134,0,0,0,0,0,3,0.0,0.0,0,Kendry,0.0,248,False,Has joined RC Strasbourg on loan for the rest of the season.,2025-08-11T01:09:37.664358Z,45,611134.jpg,0.0,False,Páez Andrade,0.0,False,,u,7,8,0,0,0,695,60,0.0,0.0,Paez,,,,False,p611134,0,0,0,0,0,0,0,0,0,0,0,0,0,0.0,0.0,0.0,0.0,0,0,0,0,0,0.00,0.00,0.00,0.00,610,245,604,248,575,236,611,246,,,,,,,0.0,0.0,0.0,0.0,0.0,0.0,525,304,611,249,611,249,698,307,0.0,0.0,0.0
266,True,True,,,475168,1,-1,2,-2,2,4,9.2,9.2,9,João Pedro,8.7,249,True,,,77,475168.jpg,8.7,False,Junqueira de Jesus,63.5,False,,a,7,8,26,1575036,415440,540476,35683,1.1,3.4,João Pedro,30.0,2025-07-02,2001-09-26,False,p475168,252,2,2,2,1,0,0,0,0,0,0,6,107,125.6,50.0,109.0,28.2,6,8,2,16,3,1.35,0.15,1.50,2.35,1,1,47,3,3,3,4,2,,,,,,,0.48,0.0,0.05,0.53,0.84,0.36,21,8,4,1,6,1,1,1,1.07,0.71,5.71
267,True,True,25.0,,463034,-1,1,-2,2,0,4,0.5,1.8,1,Liam,1.3,250,False,Hamstring injury - 25% chance of playing,2025-08-31T01:30:07.879411Z,63,463034.jpg,1.3,False,Delap,2.2,False,,d,7,8,4,37895,1152,242617,78731,0.2,0.6,Delap,241.0,2025-06-04,2003-02-08,False,p463034,91,0,0,0,1,0,0,0,0,0,0,0,12,8.0,3.5,43.0,5.0,1,3,0,4,2,0.23,0.03,0.26,0.31,284,23,269,29,55,21,220,25,,,,,,,0.23,0.0,0.03,0.26,0.31,0.99,78,24,248,22,269,24,117,18,1.98,0.0,3.96
268,True,False,0.0,0.0,517052,0,0,0,0,0,4,0.0,0.0,0,Nicolas,0.0,251,False,has joined Bayern Munich on loan for the rest of the season.,2025-09-02T11:35:16.339917Z,65,517052.jpg,0.0,False,Jackson,0.1,False,,u,7,8,0,4962,837,10144,2840,0.0,0.0,N.Jackson,189.0,2023-07-01,2001-06-20,False,p517052,0,0,0,0,0,0,0,0,0,0,0,0,0,0.0,0.0,0.0,0.0,0,0,0,0,0,0.00,0.00,0.00,0.00,726,76,726,76,726,76,726,76,,,,,,,0.0,0.0,0.0,0.0,0.0,0.0,62,20,726,76,726,76,458,64,0.0,0.0,0.0
269,True,True,100.0,100.0,499309,-1,1,-1,1,0,4,1.2,1.2,1,Marc,0.7,252,False,,2025-08-11T10:30:07.368326Z,44,499309.jpg,1.0,False,Guiu Paz,13.5,False,,a,7,8,2,198237,25227,795800,154796,0.2,0.5,Marc Guiu,200.0,2024-07-01,2006-01-04,False,p499309,13,0,0,0,1,0,0,0,0,0,0,0,5,1.0,1.6,6.0,0.7,1,0,0,1,0,0.02,0.01,0.03,0.66,349,34,302,32,225,32,336,33,,,,,,,0.14,0.0,0.07,0.21,4.57,6.92,577,71,293,31,286,26,33,8,0.0,0.0,6.92
270,True,True,,,493105,0,0,-1,1,0,3,0.5,0.5,0,Alejandro,0.0,453,False,,,64,493105.jpg,0.0,False,Garnacho Ferreyra,0.2,False,,a,7,8,0,9604,7084,10928,2871,0.0,0.0,Garnacho,10.0,2025-08-30,2004-07-01,False,p493105,0,0,0,0,0,0,0,0,0,0,0,0,0,0.0,0.0,0.0,0.0,0,0,0,0,0,0.00,0.00,0.00,0.00,723,321,723,321,723,321,723,321,,,,,,,0.0,0.0,0.0,0.0,0.0,0.0,74,51,723,321,723,321,336,114,0.0,0.0,0.0
271,True,True,,,551210,0,0,-1,1,0,2,0.5,0.5,0,Jorrel,0.0,672,False,,,49,551210.jpg,0.0,False,Hato,0.2,False,,a,7,8,0,4366,462,17853,3320,0.0,0.0,Hato,152.0,2025-08-03,2006-03-07,False,p551210,21,0,0,0,0,0,0,0,1,0,0,0,-2,1.2,1.0,0.0,0.2,1,1,0,1,0,0.00,0.00,0.00,0.44,347,125,311,110,617,226,357,126,,,,,,,0.0,0.0,0.0,0.0,1.89,0.0,374,64,648,233,648,233,338,121,0.0,0.0,4.29
272,True,True,,,172649,0,0,0,0,0,1,5.5,5.0,7,Dean,5.0,253,False,,,50,172649.jpg,5.0,False,Henderson,7.6,False,,a,8,31,15,138709,54882,102179,20010,1.0,3.0,Henderson,241.0,2023-08-31,1997-03-12,False,p172649,270,0,0,2,1,0,0,0,0,0,6,0,61,56.8,10.0,0.0,6.6,2,16,0,0,3,0.00,0.00,0.00,3.66,77,11,215,3,631,75,172,11,,,,,,,0.0,2.0,0.0,0.0,1.22,0.33,254,10,47,7,57,7,57,9,1.0,0.67,0.0
273,True,True,,,121709,0,0,0,0,0,1,0.5,0.0,0,Walter,0.0,254,False,,,40,121709.jpg,0.0,False,Benítez,0.4,False,,a,8,31,0,4342,845,6703,1392,0.0,0.0,Benitez,10.0,2025-07-01,1993-01-19,False,p121709,0,0,0,0,0,0,0,0,0,0,0,0,0,0.0,0.0,0.0,0.0,0,0,0,0,0,0.00,0.00,0.00,0.00,377,33,363,19,323,13,380,33,,,,,,,0.0,0.0,0.0,0.0,0.0,0.0,619,50,383,33,383,33,272,39,0.0,0.0,0.0
274,True,True,,,169593,0,0,0,0,0,1,0.5,0.0,0,Remi,0.0,255,False,,,40,169593.jpg,0.0,False,Matthews,0.1,False,,a,8,31,0,936,190,1789,346,0.0,0.0,Matthews,241.0,2021-07-13,1994-02-10,False,p169593,0,0,0,0,0,0,0,0,0,0,0,0,0,0.0,0.0,0.0,0.0,0,0,0,0,0,0.00,0.00,0.00,0.00,384,37,370,23,330,17,387,37,,,,,,,0.0,0.0,0.0,0.0,0.0,0.0,626,54,390,37,390,37,476,72,0.0,0.0,0.0
275,True,True,,,247348,0,0,0,0,0,2,6.8,6.3,9,Daniel,6.3,256,False,,,55,247348.jpg,6.3,False,Muñoz Mejía,10.8,False,,a,8,31,19,405209,135190,149579,30741,1.1,3.5,Muñoz,48.0,2024-01-30,1996-05-26,False,p247348,270,0,1,2,1,0,0,0,1,0,0,1,72,63.4,41.3,12.0,11.6,13,15,7,20,3,0.05,0.80,0.85,3.66,63,21,71,15,174,39,80,17,,,,,,,0.02,0.0,0.27,0.29,1.22,0.33,154,21,19,8,24,11,38,14,1.0,0.67,6.67
276,True,True,,,437499,0,0,0,0,1,2,7.8,7.3,11,Maxence,7.3,257,False,,,50,437499.jpg,7.3,False,Lacroix,2.2,False,,a,8,31,22,136109,56739,49471,14080,1.5,4.4,Lacroix,73.0,2024-08-30,2000-04-06,False,p437499,270,0,1,2,1,0,0,0,1,0,0,2,75,88.4,11.3,25.0,12.5,31,8,6,37,3,0.10,0.12,0.22,3.66,21,5,200,61,97,13,69,11,,,,,,,0.03,0.0,0.04,0.07,1.22,0.33,282,47,10,6,14,9,119,48,1.0,0.67,12.33
277,True,True,,,244723,0,0,0,0,0,2,5.8,5.3,6,Tyrick,5.3,258,False,,,50,244723.jpg,5.3,False,Mitchell,1.8,False,,a,8,31,16,82657,8835,41707,6865,1.1,3.2,Mitchell,241.0,2019-12-15,1999-09-01,False,p244723,270,0,0,2,1,0,0,0,1,0,0,1,70,63.2,45.6,12.0,12.1,11,13,14,25,3,0.00,0.11,0.11,3.66,64,22,57,12,170,37,72,13,,,,,,,0.0,0.0,0.04,0.04,1.22,0.33,275,44,43,16,52,20,131,52,1.0,0.67,8.33
278,True,True,,,218364,0,0,0,0,0,2,0.5,0.0,0,Borna,0.0,259,False,,,50,218364.jpg,0.0,False,Sosa,0.1,False,,a,8,31,0,1991,414,5067,923,0.0,0.0,Sosa,97.0,2025-07-11,1998-01-21,False,p218364,0,0,0,0,0,0,0,0,0,0,0,0,0,0.0,0.0,0.0,0.0,0,0,0,0,0,0.00,0.00,0.00,0.00,658,236,656,236,637,228,659,236,4.0,,,,,,0.0,0.0,0.0,0.0,0.0,0.0,269,42,657,234,657,234,445,169,0.0,0.0,0.0
279,True,True,,,209036,1,-1,1,-1,1,2,8.2,7.7,15,Marc,7.7,260,True,,,46,209036.jpg,7.7,False,Guéhi,15.7,False,,a,8,31,23,544731,299780,187297,41510,1.7,5.0,Guéhi,241.0,2021-07-18,2000-07-13,False,p209036,270,1,0,2,1,0,0,0,0,0,0,3,74,78.8,13.3,23.0,11.6,15,9,5,20,3,0.16,0.02,0.18,3.66,32,8,181,55,102,15,78,16,,,,,,,0.05,0.0,0.01,0.06,1.22,0.33,383,65,8,5,11,8,28,9,1.0,0.67,6.67
280,True,True,,,427623,0,0,0,0,0,2,5.8,5.3,8,Chris,5.3,261,False,,,45,427623.jpg,5.3,False,Richards,1.7,False,,a,8,31,16,78092,20817,41800,11265,1.2,3.6,Richards,229.0,2022-07-27,2000-03-28,False,p427623,270,0,0,2,1,0,0,0,0,0,0,0,63,72.2,2.2,4.0,7.9,22,3,7,29,3,0.08,0.05,0.13,3.66,43,13,292,98,246,81,140,42,,,,,,,0.03,0.0,0.02,0.05,1.22,0.33,436,103,40,15,49,19,141,55,1.0,0.67,9.67
281,True,True,0.0,0.0,515621,0,0,0,0,0,2,0.0,0.0,0,Chadi,0.0,262,False,Knee injury - Unknown return date,2025-07-21T10:00:04.863209Z,40,515621.jpg,0.0,False,Riad Dnanou,0.0,False,,i,8,31,0,150,16,327,54,0.0,0.0,Chadi Riad,145.0,2024-07-02,2003-06-17,False,p515621,0,0,0,0,0,0,0,0,0,0,0,0,0,0.0,0.0,0.0,0.0,0,0,0,0,0,0.00,0.00,0.00,0.00,437,166,424,165,385,146,440,167,,,,,,,0.0,0.0,0.0,0.0,0.0,0.0,692,207,442,164,442,164,694,233,0.0,0.0,0.0
282,True,True,,,57328,0,0,0,0,0,2,0.8,0.3,1,Nathaniel,0.3,263,False,,,40,57328.jpg,1.0,False,Clyne,0.6,False,,a,8,31,1,5188,1146,16339,2691,0.1,0.2,Clyne,241.0,2020-10-14,1991-04-05,False,p57328,4,0,0,0,0,0,0,0,0,0,0,0,5,3.4,0.5,0.0,0.4,1,0,1,2,0,0.00,0.00,0.00,0.00,329,119,322,115,308,108,349,120,,,,,,,0.0,0.0,0.0,0.0,0.0,0.0,604,158,322,104,272,90,227,84,0.0,0.0,45.0
283,True,False,0.0,0.0,156074,0,0,0,0,0,2,0.0,0.0,0,Rob,0.0,264,False,Has joined Colorado Rapids permanently.,2025-08-11T01:12:01.613357Z,40,156074.jpg,0.0,False,Holding,0.0,False,,u,8,31,0,0,0,2445,259,0.0,0.0,Holding,241.0,2023-09-01,1995-09-20,False,p156074,0,0,0,0,0,0,0,0,0,0,0,0,0,0.0,0.0,0.0,0.0,0,0,0,0,0,0.00,0.00,0.00,0.00,381,135,367,133,327,113,384,136,,,,,,,0.0,0.0,0.0,0.0,0.0,0.0,623,163,387,134,387,134,629,215,0.0,0.0,0.0
284,True,True,0.0,0.0,590012,0,0,0,0,0,2,0.0,0.0,0,Caleb,0.0,265,False,Back injury - Unknown return date,2025-08-10T22:30:04.775923Z,40,590012.jpg,0.0,False,Kporha,0.0,False,,i,8,31,0,117,11,1118,97,0.0,0.0,Kporha,241.0,2024-07-30,2006-07-15,False,p590012,0,0,0,0,0,0,0,0,0,0,0,0,0,0.0,0.0,0.0,0.0,0,0,0,0,0,0.00,0.00,0.00,0.00,467,189,454,188,416,170,470,190,,,,,,,0.0,0.0,0.0,0.0,0.0,0.0,725,233,472,187,472,187,655,221,0.0,0.0,0.0
285,True,True,75.0,,232185,0,0,0,0,0,3,4.9,6.0,7,Ismaïla,6.0,267,False,Muscle injury - 75% chance of playing,2025-09-01T10:30:08.125928Z,65,232185.jpg,6.0,False,Sarr,6.8,False,,d,8,31,18,416319,127025,198023,74290,0.9,2.8,Sarr,189.0,2024-08-01,1998-02-25,False,p232185,270,2,0,2,1,0,0,0,1,0,0,1,52,83.4,20.6,57.0,16.2,6,10,3,19,3,2.00,0.05,2.05,3.66,28,13,137,91,38,21,35,25,,,,,,,0.67,0.0,0.02,0.69,1.22,0.33,57,39,27,9,36,14,62,20,1.0,0.67,6.33
286,True,True,0.0,0.0,438464,0,0,0,0,0,3,0.0,0.0,0,Cheick,0.0,268,False,Knee injury - Unknown return date,2025-07-21T10:00:04.882113Z,50,438464.jpg,0.0,False,Doucouré,0.0,False,,i,8,31,0,72,24,242,43,0.0,0.0,Doucouré,132.0,2022-07-11,2000-01-08,False,p438464,0,0,0,0,0,0,0,0,0,0,0,0,0,0.0,0.0,0.0,0.0,0,0,0,0,0,0.00,0.00,0.00,0.00,663,283,662,284,643,276,664,284,,,,,,,0.0,0.0,0.0,0.0,0.0,0.0,283,171,662,284,662,284,718,315,0.0,0.0,0.0
287,True,True,,,606921,0,0,-1,1,0,3,0.8,0.3,0,Romain,0.3,269,False,,,49,606921.jpg,1.0,False,Esse,0.2,False,,a,8,31,1,3934,707,10674,1873,0.1,0.2,Esse,241.0,2025-01-18,2005-05-13,False,p606921,24,0,0,0,0,0,0,0,0,0,0,0,6,4.6,0.4,2.0,0.7,0,0,2,2,0,0.00,0.01,0.01,0.27,317,156,332,172,281,153,339,169,,,,,,,0.0,0.0,0.04,0.04,1.01,0.0,378,238,348,170,307,148,370,127,0.0,0.0,7.5
288,True,True,100.0,75.0,108413,-1,1,-1,1,0,3,2.2,1.3,2,Will,1.7,270,False,,2025-08-28T17:00:07.807114Z,49,108413.jpg,1.7,False,Hughes,0.1,False,,a,8,31,5,2253,749,4855,1084,0.3,1.0,Hughes,241.0,2021-08-28,1995-04-17,False,p108413,229,0,0,2,1,0,0,0,3,0,0,0,26,31.4,44.0,10.0,8.6,13,10,4,27,3,0.12,0.29,0.41,3.00,168,64,63,44,185,108,124,67,2.0,,,,,,0.05,0.0,0.11,0.16,1.18,0.39,327,202,215,103,234,117,488,167,1.18,0.79,10.61
289,True,True,100.0,100.0,209400,0,0,0,0,0,3,2.5,2.0,6,Daichi,2.0,271,False,,2025-08-10T22:30:04.831701Z,50,209400.jpg,6.0,False,Kamada,0.0,False,,a,8,31,6,3393,3213,1621,713,0.4,1.2,Kamada,108.0,2024-07-01,1996-08-05,False,p209400,85,0,1,1,0,0,0,0,0,0,0,0,25,5.8,10.3,2.0,1.8,1,4,2,7,1,0.00,0.17,0.17,1.13,304,147,209,127,283,154,307,156,5.0,,,,,,0.0,0.0,0.18,0.18,1.2,0.0,262,160,195,88,30,11,587,231,1.06,1.06,7.41
290,True,True,,,152551,0,0,0,0,0,3,1.5,1.0,1,Jefferson,1.0,272,False,,,50,152551.jpg,1.0,False,Lerma Solís,0.1,False,,a,8,31,3,605,207,2150,350,0.2,0.6,Lerma,48.0,2023-07-01,1994-10-25,False,p152551,62,0,0,0,0,0,0,0,0,0,0,0,6,9.0,5.6,19.0,3.4,4,3,1,8,0,0.36,0.01,0.37,1.03,275,129,242,141,127,80,266,133,,,,,,,0.52,0.0,0.01,0.53,1.5,0.0,246,152,269,134,308,149,551,205,0.0,0.0,11.61
291,True,True,75.0,,496221,0,0,0,0,0,3,1.9,2.0,1,Adam,2.0,273,False,Muscle injury - 75% chance of playing,2025-09-01T10:30:08.180122Z,50,496221.jpg,2.0,False,Wharton,0.6,False,,d,8,31,6,15172,1954,22133,6822,0.4,1.2,Wharton,241.0,2024-02-01,2004-02-06,False,p496221,226,0,0,1,1,0,0,0,0,0,0,0,41,26.0,48.4,0.0,7.4,4,15,1,20,3,0.00,0.15,0.15,3.01,190,76,50,37,654,283,152,77,3.0,,,,,,0.0,0.0,0.06,0.06,1.2,0.4,305,186,199,92,211,99,229,78,1.19,0.4,7.96
292,True,True,,,579075,0,0,0,0,0,3,0.5,0.0,0,Asher,0.0,274,False,,,45,579075.jpg,0.0,False,Agbinone,0.1,False,,a,8,31,0,925,212,2104,393,0.0,0.0,Agbinone,241.0,2024-07-30,2005-09-28,False,p579075,0,0,0,0,0,0,0,0,0,0,0,0,0,0.0,0.0,0.0,0.0,0,0,0,0,0,0.00,0.00,0.00,0.00,601,237,595,240,566,228,602,238,,,,,,,0.0,0.0,0.0,0.0,0.0,0.0,514,296,604,243,604,243,567,217,0.0,0.0,0.0
293,True,True,,,466117,0,0,0,0,0,3,0.5,0.0,0,Naouirou,0.0,275,False,,,45,466117.jpg,0.0,False,Ahamada,0.0,False,,a,8,31,0,708,157,1539,250,0.0,0.0,Ahamada,73.0,2023-01-31,2002-03-29,False,p466117,0,0,0,0,0,0,0,0,0,0,0,0,0,0.0,0.0,0.0,0.0,0,0,0,0,0,0.00,0.00,0.00,0.00,557,205,549,208,520,196,559,206,,,,,,,0.0,0.0,0.0,0.0,0.0,0.0,453,260,561,211,561,211,600,240,0.0,0.0,0.0
294,True,True,,,489706,0,0,0,0,0,3,1.8,1.3,1,Justin,1.3,276,False,,,45,489706.jpg,1.3,False,Devenny,1.5,False,,a,8,31,4,28528,5528,54723,10433,0.3,0.9,Devenny,242.0,2024-03-13,2003-10-11,False,p489706,76,0,0,0,1,0,0,0,0,0,0,0,16,9.8,4.8,25.0,4.0,1,6,4,11,1,0.05,0.02,0.07,1.04,270,126,252,146,94,58,242,120,,,2.0,,,,0.06,0.0,0.02,0.08,1.23,1.18,460,262,235,114,262,132,151,47,1.18,0.0,13.03
295,True,False,0.0,0.0,450535,0,0,0,0,0,3,0.0,0.0,0,Malcolm,0.0,277,False,Has joined Blackpool permanently.,2025-08-11T01:12:01.633662Z,45,450535.jpg,0.0,False,Ebiowei,0.0,False,,u,8,31,0,0,0,523,67,0.0,0.0,Ebiowei,241.0,2022-07-01,2003-09-04,False,p450535,0,0,0,0,0,0,0,0,0,0,0,0,0,0.0,0.0,0.0,0.0,0,0,0,0,0,0.00,0.00,0.00,0.00,549,198,540,201,511,189,551,199,,,,,,,0.0,0.0,0.0,0.0,0.0,0.0,443,253,553,204,553,204,704,310,0.0,0.0,0.0
296,True,True,,,450542,0,0,0,0,0,3,0.5,0.0,0,Jesurun,0.0,278,False,,,45,450542.jpg,0.0,False,Rak-Sakyi,0.1,False,,a,8,31,0,931,174,2514,445,0.0,0.0,J.Rak-Sakyi,241.0,2021-04-09,2002-10-05,False,p450542,0,0,0,0,0,0,0,0,0,0,0,0,0,0.0,0.0,0.0,0.0,0,0,0,0,0,0.00,0.00,0.00,0.00,551,200,542,203,513,191,553,201,,,,,,,0.0,0.0,0.0,0.0,0.0,0.0,445,255,555,206,555,206,563,213,0.0,0.0,0.0
297,True,False,0.0,0.0,536694,0,0,0,0,0,3,0.0,0.0,0,Matheus,0.0,279,False,Has joined CR Vasco da Gama on loan for the rest of the season.,2025-08-10T22:30:04.849181Z,45,536694.jpg,0.0,False,França de Oliveira,0.0,False,,u,8,31,0,95,0,987,146,0.0,0.0,M.França,30.0,2023-08-05,2004-04-01,False,p536694,0,0,0,0,0,0,0,0,0,0,0,0,0,0.0,0.0,0.0,0.0,0,0,0,0,0,0.00,0.00,0.00,0.00,576,220,570,223,542,211,578,221,,,,,,,0.0,0.0,0.0,0.0,0.0,0.0,486,277,580,226,580,226,673,292,0.0,0.0,0.0
298,True,False,0.0,0.0,531989,0,0,0,0,0,3,0.0,0.0,0,David,0.0,280,False,Has joined Derby County on loan for the rest of the season.,2025-07-30T14:07:45.618291Z,45,531989.jpg,0.0,False,Ozoh,0.0,False,,u,8,31,0,0,0,125,12,0.0,0.0,Ozoh,241.0,2022-07-11,2005-05-06,False,p531989,0,0,0,0,0,0,0,0,0,0,0,0,0,0.0,0.0,0.0,0.0,0,0,0,0,0,0.00,0.00,0.00,0.00,574,218,568,221,540,209,576,219,,,,,,,0.0,0.0,0.0,0.0,0.0,0.0,483,274,578,224,578,224,724,319,0.0,0.0,0.0
299,True,True,,,530318,0,0,0,0,0,3,0.5,0.0,0,Kaden,0.0,281,False,,,45,530318.jpg,0.0,False,Rodney,0.0,False,,a,8,31,0,687,157,1448,249,0.0,0.0,Rodney,241.0,2022-07-08,2004-10-07,False,p530318,0,0,0,0,0,0,0,0,0,0,0,0,0,0.0,0.0,0.0,0.0,0,0,0,0,0,0.00,0.00,0.00,0.00,572,217,566,220,538,208,574,218,,,,,,,0.0,0.0,0.0,0.0,0.0,0.0,481,273,576,223,576,223,593,236,0.0,0.0,0.0
300,True,True,,,574398,0,0,0,0,0,3,0.5,0.0,0,Franco,0.0,282,False,,,45,574398.jpg,0.0,False,Umeh-Chibueze,0.0,False,,a,8,31,0,491,123,1073,195,0.0,0.0,Umeh,104.0,2024-02-18,2005-01-26,False,p574398,0,0,0,0,0,0,0,0,0,0,0,0,0,0.0,0.0,0.0,0.0,0,0,0,0,0,0.00,0.00,0.00,0.00,594,234,588,237,559,225,595,235,,,,,,,0.0,0.0,0.0,0.0,0.0,0.0,506,292,597,240,597,240,633,266,0.0,0.0,0.0
301,True,True,,,231747,0,0,0,0,0,4,3.2,2.7,5,Jean-Philippe,2.7,283,False,,,75,231747.jpg,2.7,False,Mateta,8.9,False,,a,8,31,8,300952,142517,327261,50560,0.4,1.1,Mateta,73.0,2022-01-31,1997-06-28,False,p231747,261,1,0,2,1,0,0,0,2,0,0,0,36,53.8,5.0,60.0,11.9,9,5,1,15,3,1.24,0.33,1.57,3.39,85,10,249,26,33,13,75,13,,,,,2.0,,0.43,0.0,0.11,0.54,1.17,0.34,24,10,152,18,171,18,46,9,1.03,0.69,5.17
302,True,True,0.0,0.0,205533,0,0,-1,1,0,4,0.0,0.0,0,Eddie,0.0,284,False,Hamstring injury - Expected back 18 Oct,2025-08-10T22:30:04.865817Z,54,205533.jpg,0.0,False,Nketiah,0.2,False,,i,8,31,0,796,122,23367,2367,0.0,0.0,Nketiah,241.0,2024-08-30,1999-05-30,False,p205533,0,0,0,0,0,0,0,0,0,0,0,0,0,0.0,0.0,0.0,0.0,0,0,0,0,0,0.00,0.00,0.00,0.00,687,64,686,64,671,63,688,64,,,,,,,0.0,0.0,0.0,0.0,0.0,0.0,192,43,687,64,687,64,384,57,0.0,0.0,0.0
303,True,False,0.0,0.0,199670,0,0,0,0,0,4,0.0,0.0,0,Odsonne,0.3,285,False,has joined RC Lens permanently.,2025-08-28T17:00:07.862344Z,50,199670.jpg,1.0,False,Édouard,0.6,False,,u,8,31,1,9044,71,50567,13564,0.1,0.2,Édouard,73.0,2021-08-31,1998-01-16,False,p199670,2,0,0,0,0,0,0,0,0,0,0,0,6,2.0,0.0,0.0,0.2,0,0,1,1,0,0.00,0.00,0.00,0.27,340,29,652,62,633,61,358,38,,,,,,,0.0,0.0,0.0,0.0,12.15,0.0,257,51,349,36,313,29,228,36,0.0,0.0,45.0
304,True,True,,,576980,0,0,0,0,0,4,0.5,0.0,0,Zach,0.0,286,False,,,45,576980.jpg,0.0,False,Marsh,0.2,False,,a,8,31,0,5016,1625,11243,2020,0.0,0.0,Marsh,241.0,2023-07-18,2005-10-06,False,p576980,0,0,0,0,0,0,0,0,0,0,0,0,0,0.0,0.0,0.0,0.0,0,0,0,0,0,0.00,0.00,0.00,0.00,599,56,593,55,564,54,600,56,,,,,,,0.0,0.0,0.0,0.0,0.0,0.0,511,65,602,56,602,56,335,52,0.0,0.0,0.0
305,True,True,,,590014,0,0,0,0,0,3,0.5,0.0,0,Rio,0.0,690,False,,,45,590014.jpg,0.0,False,Cardines,0.2,False,,a,8,31,0,13886,374,9450,1697,0.0,0.0,Cardines,217.0,2025-07-24,2006-07-01,False,p590014,0,0,0,0,0,0,0,0,0,0,0,0,0,0.0,0.0,0.0,0.0,0,0,0,0,0,0.00,0.00,0.00,0.00,604,239,598,242,569,230,605,240,,,,,,,0.0,0.0,0.0,0.0,0.0,0.0,517,298,607,245,607,245,353,122,0.0,0.0,0.0
306,True,True,75.0,,488024,0,0,0,0,0,3,2.0,2.1,1,Yéremy,1.0,712,False,Ankle injury - 75% chance of playing,2025-09-03T11:30:06.161431Z,60,488024.jpg,1.0,False,Pino Santos,0.0,False,,d,8,31,1,4546,4546,1490,1490,0.2,0.2,Yeremy,200.0,2025-08-29,2002-10-20,False,p488024,19,0,0,0,0,0,0,0,0,0,0,0,10,3.6,11.6,2.0,1.7,0,3,1,4,0,0.02,0.01,0.03,0.28,328,164,198,119,294,159,309,158,,,,,,,0.09,0.0,0.05,0.14,1.33,0.0,94,63,283,143,343,171,617,253,0.0,0.0,18.95
307,True,True,,,651426,0,0,0,0,0,2,2.5,2.0,0,Jaydee,0.0,723,False,,,45,651426.jpg,0.0,False,Canvot,0.0,False,,a,8,31,0,37,37,4,4,0.0,0.0,Canvot,73.0,2025-09-01,2006-07-29,False,p651426,0,0,0,0,0,0,0,0,0,0,0,0,0,0.0,0.0,0.0,0.0,0,0,0,0,0,0.00,0.00,0.00,0.00,617,231,610,231,582,219,618,231,,,,,,,0.0,0.0,0.0,0.0,0.0,0.0,535,127,617,228,617,228,734,243,0.0,0.0,0.0
308,True,True,,,660392,0,0,0,0,0,4,2.3,1.8,0,Christantus,0.0,732,False,,,55,660392.jpg,0.0,False,Uche,0.0,False,,a,8,31,0,284,284,40,40,0.0,0.0,Uche,157.0,2025-09-01,2003-05-19,False,p660392,0,0,0,0,0,0,0,0,0,0,0,0,0,0.0,0.0,0.0,0.0,0,0,0,0,0,0.00,0.00,0.00,0.00,710,72,711,72,708,71,711,72,,,,,,,0.0,0.0,0.0,0.0,0.0,0.0,181,42,710,72,710,72,713,80,0.0,0.0,0.0
309,True,True,,,215413,0,0,0,0,1,3,5.3,5.3,12,Kiernan,5.3,242,False,,,50,215413.jpg,5.3,False,Dewsbury-Hall,4.3,False,,a,9,11,16,114337,72812,137413,26065,1.1,3.2,Dewsbury-Hall,241.0,2025-08-06,1998-09-06,False,p215413,270,1,1,1,3,0,0,0,2,0,0,3,78,74.8,125.8,21.0,22.2,3,9,3,15,3,0.06,1.00,1.06,5.61,37,16,5,5,111,68,13,9,2.0,,,,,,0.02,0.0,0.33,0.35,1.87,1.0,267,163,41,15,50,20,86,29,1.0,0.33,5.0
310,True,True,,,111234,0,0,0,0,1,1,6.0,6.0,1,Jordan,6.0,287,False,,,55,111234.jpg,6.0,False,Pickford,12.0,False,,a,9,11,18,237940,38829,179450,46508,1.1,3.3,Pickford,241.0,2017-07-01,1994-03-07,False,p111234,270,0,0,1,3,0,1,0,0,0,8,3,57,86.4,0.0,0.0,8.6,8,27,0,0,3,0.00,0.01,0.01,5.61,22,3,698,83,690,82,125,4,,,,,,,0.0,2.67,0.0,0.0,1.87,1.0,131,1,24,3,32,3,35,5,1.0,0.33,0.0
311,True,True,,,229600,0,0,0,0,0,1,0.0,0.0,0,Mark,0.0,288,False,,,45,229600.jpg,0.0,False,Travers,0.1,False,,a,9,11,0,1030,197,3464,613,0.0,0.0,Travers,104.0,2025-07-15,1999-05-18,False,p229600,0,0,0,0,0,0,0,0,0,0,0,0,0,0.0,0.0,0.0,0.0,0,0,0,0,0,0.00,0.00,0.00,0.00,541,78,532,67,502,62,543,78,,,,,,,0.0,0.0,0.0,0.0,0.0,0.0,426,26,545,78,545,78,434,65,0.0,0.0,0.0
312,True,True,,,447325,0,0,0,0,0,1,0.0,0.0,0,Harry,0.0,289,False,,,40,447325.jpg,0.0,False,Tyrer,0.1,False,,a,9,11,0,1087,184,2316,410,0.0,0.0,Tyrer,241.0,2021-02-09,2001-12-06,False,p447325,0,0,0,0,0,0,0,0,0,0,0,0,0,0.0,0.0,0.0,0.0,0,0,0,0,0,0.00,0.00,0.00,0.00,406,46,393,32,353,26,409,46,,,,,,,0.0,0.0,0.0,0.0,0.0,0.0,655,63,411,46,411,46,459,68,0.0,0.0,0.0
313,True,True,0.0,0.0,480455,-1,1,-2,2,0,2,0.0,0.0,0,Jarrad,0.0,290,False,Hamstring injury - Unknown return date,2025-08-14T16:00:06.147468Z,53,480455.jpg,0.0,False,Branthwaite,0.3,False,,i,9,11,0,515,117,50151,3994,0.0,0.0,Branthwaite,241.0,2020-06-20,2002-06-27,False,p480455,0,0,0,0,0,0,0,0,0,0,0,0,0,0.0,0.0,0.0,0.0,0,0,0,0,0,0.00,0.00,0.00,0.00,684,240,683,240,667,233,685,240,,,,,,,0.0,0.0,0.0,0.0,0.0,0.0,232,32,684,239,684,239,311,113,0.0,0.0,0.0
314,True,True,,,17761,0,0,0,0,0,2,5.0,5.0,3,James,5.0,291,False,,,55,17761.jpg,5.0,False,Tarkowski,7.3,False,,a,9,11,15,182445,22920,130943,34678,0.9,2.7,Tarkowski,241.0,2022-07-01,1992-11-19,False,p17761,270,0,0,1,3,0,0,0,0,0,0,0,39,67.4,2.7,11.0,8.2,33,10,3,36,3,0.20,0.01,0.21,5.61,54,16,281,90,180,43,132,39,,,,,,,0.07,0.0,0.0,0.07,1.87,1.0,127,13,49,19,59,24,60,22,1.0,0.33,12.0
315,True,True,100.0,100.0,224967,0,0,-1,1,0,2,0.3,0.3,1,Vitalii,0.3,292,False,,2025-08-10T22:30:04.882407Z,49,224967.jpg,1.0,False,Mykolenko,0.5,False,,a,9,11,1,4731,2153,45912,2785,0.1,0.2,Mykolenko,225.0,2022-01-01,1999-05-29,False,p224967,90,0,0,0,2,0,0,0,0,0,0,0,3,7.4,5.3,2.0,1.5,6,4,1,7,1,0.00,0.07,0.07,1.11,289,110,245,73,277,93,314,106,,,,,,,0.0,0.0,0.07,0.07,1.11,2.0,348,60,342,120,301,109,246,89,1.0,0.0,7.0
316,True,True,,,512462,0,0,0,0,0,2,3.0,3.0,1,Jake,3.0,293,False,,,50,512462.jpg,3.0,False,O'Brien,0.5,False,,a,9,11,9,12327,1537,15539,3923,0.6,1.8,O'Brien,104.0,2024-07-30,2001-05-15,False,p512462,270,0,0,1,3,0,0,0,0,0,0,0,18,31.8,15.1,15.0,6.2,11,8,5,16,3,0.24,0.03,0.27,5.61,167,70,170,49,154,26,182,61,,,,,,,0.08,0.0,0.01,0.09,1.87,1.0,311,53,117,51,140,57,230,85,1.0,0.33,5.33
317,True,True,,,59949,0,0,0,0,0,2,0.3,0.3,1,Séamus,0.3,294,False,,,45,59949.jpg,1.0,False,Coleman,0.1,False,,a,9,11,1,1874,277,5654,921,0.1,0.2,Coleman,104.0,2009-02-02,1988-10-11,False,p59949,1,0,0,0,0,0,0,0,0,0,0,0,3,0.0,0.0,0.0,0.0,0,0,0,0,0,0.00,0.00,0.00,0.00,528,215,516,215,481,200,530,215,,,,,,,0.0,0.0,0.0,0.0,0.0,0.0,390,71,335,116,288,104,422,161,0.0,0.0,0.0
318,True,True,,,106611,0,0,0,0,0,2,4.3,4.3,3,Michael,4.3,295,False,,,45,106611.jpg,4.3,False,Keane,0.5,False,,a,9,11,13,31088,6017,14890,3950,1.0,2.9,Keane,241.0,2017-07-03,1993-01-11,False,p106611,270,0,0,1,3,0,0,0,0,0,0,0,39,68.4,0.9,4.0,7.3,31,6,3,34,3,0.00,0.01,0.01,5.61,53,15,312,111,243,78,154,48,,,,,,,0.0,0.0,0.0,0.0,1.87,1.0,398,76,67,28,78,33,234,87,1.0,0.33,11.33
319,True,True,0.0,0.0,243571,-1,1,-1,1,0,2,0.0,0.0,0,Nathan,0.0,296,False,Hernia - Unknown return date,2025-08-10T22:30:04.898823Z,44,243571.jpg,0.0,False,Patterson,0.0,False,,i,9,11,0,125,18,1578,175,0.0,0.0,Patterson,243.0,2022-01-04,2001-10-16,False,p243571,0,0,0,0,0,0,0,0,0,0,0,0,0,0.0,0.0,0.0,0.0,0,0,0,0,0,0.00,0.00,0.00,0.00,491,207,479,207,442,190,493,207,,,,,,,0.0,0.0,0.0,0.0,0.0,0.0,560,146,496,205,496,205,658,222,0.0,0.0,0.0
320,True,True,,,496178,0,0,0,0,0,2,0.0,0.0,0,Roman,0.0,297,False,,,40,496178.jpg,0.0,False,Dixon,0.2,False,,a,9,11,0,2273,401,6194,1029,0.0,0.0,Dixon,,,,False,p496178,0,0,0,0,0,0,0,0,0,0,0,0,0,0.0,0.0,0.0,0.0,0,0,0,0,0,0.00,0.00,0.00,0.00,430,161,417,160,378,141,433,162,,,,,,,0.0,0.0,0.0,0.0,0.0,0.0,684,201,435,159,435,159,355,127,0.0,0.0,0.0
321,True,True,,,474907,0,0,0,0,0,2,0.0,0.0,0,Reece,0.0,298,False,,,40,474907.jpg,0.0,False,Welch,0.1,False,,a,9,11,0,985,183,4179,723,0.0,0.0,Welch,,,,False,p474907,0,0,0,0,0,0,0,0,0,0,0,0,0,0.0,0.0,0.0,0.0,0,0,0,0,0,0.00,0.00,0.00,0.00,418,156,405,155,366,136,421,157,,,,,,,0.0,0.0,0.0,0.0,0.0,0.0,669,193,423,154,423,154,424,163,0.0,0.0,0.0
322,True,True,,,440993,0,0,0,0,0,3,5.7,5.7,7,Iliman,5.7,299,False,,,65,440993.jpg,5.7,False,Ndiaye,9.6,False,,a,9,11,17,177331,67475,323956,39060,0.9,2.6,Ndiaye,189.0,2024-07-03,2000-03-06,False,p440993,243,2,0,1,3,0,0,0,0,0,0,0,65,95.4,37.2,67.0,20.0,2,15,8,25,3,1.29,0.07,1.36,4.66,16,10,81,58,25,13,22,16,,,,,1.0,,0.48,0.0,0.03,0.51,1.73,1.11,59,41,36,14,45,19,44,14,1.11,0.37,9.26
323,True,True,,,433154,0,0,-2,2,0,3,0.3,0.3,0,Dwight,0.3,300,False,,,58,433154.jpg,1.0,False,McNeil,0.2,False,,a,9,11,1,2502,533,23355,3271,0.1,0.2,McNeil,241.0,2022-07-28,1999-11-22,False,p433154,19,0,0,0,0,0,0,0,0,0,0,0,2,0.0,11.3,8.0,1.8,0,0,0,0,0,0.24,0.00,0.24,0.95,711,311,202,121,207,120,308,157,1.0,,,,,,1.14,0.0,0.0,1.14,4.5,0.0,121,81,358,176,338,170,345,119,0.0,0.0,0.0
324,True,True,,,502697,0,0,-1,1,0,3,1.0,1.0,1,Carlos,1.0,301,False,,,54,502697.jpg,1.0,False,Alcaraz Durán,0.1,False,,a,9,11,3,1997,361,7327,1387,0.2,0.6,Alcaraz,10.0,2025-07-01,2002-11-30,False,p502697,113,0,0,0,1,0,0,0,1,0,0,0,18,14.6,4.5,21.0,4.0,1,7,4,12,1,0.03,0.01,0.04,2.94,245,110,254,148,114,71,243,121,,,1.0,,,,0.02,0.0,0.01,0.03,2.34,0.8,216,134,277,139,325,160,453,152,0.8,0.0,9.56
325,True,True,,,80801,-1,1,-1,1,0,3,2.3,2.3,2,Idrissa Gana,2.3,302,False,,,54,80801.jpg,2.3,False,Gueye,0.1,False,,a,9,11,7,1488,359,4181,817,0.4,1.3,Gana,189.0,2022-09-01,1989-09-26,False,p80801,255,0,0,1,2,0,0,0,0,0,0,0,43,27.0,38.1,16.0,8.1,3,12,6,21,3,0.36,0.16,0.52,5.15,188,75,76,55,145,93,135,70,,,,,,,0.13,0.0,0.06,0.19,1.82,0.71,182,113,166,69,181,81,500,172,1.06,0.35,7.41
326,True,True,,,232928,0,0,0,0,0,3,5.3,5.3,4,James,5.3,303,False,,,50,232928.jpg,5.3,False,Garner,0.3,False,,a,9,11,16,27049,5557,8663,2514,1.1,3.2,Garner,241.0,2022-09-01,2001-03-13,False,p232928,270,1,0,1,3,0,0,0,1,0,0,1,68,84.0,33.1,10.0,12.8,18,13,6,37,3,0.07,0.10,0.17,5.61,26,12,90,64,186,109,65,44,3.0,,3.0,,,,0.02,0.0,0.03,0.05,1.87,1.0,273,167,42,16,51,21,306,100,1.0,0.33,12.33
327,True,True,,,490094,0,0,0,0,0,3,1.7,1.7,1,Tim,1.7,304,False,,,50,490094.jpg,1.7,False,Iroegbunam,0.0,False,,a,9,11,5,305,52,982,154,0.3,1.0,Iroegbunam,241.0,2024-06-22,2003-06-30,False,p490094,154,0,0,2,1,0,0,0,2,0,0,0,16,27.0,3.8,3.0,3.4,10,9,3,22,2,0.11,0.00,0.11,2.87,187,74,263,151,263,147,268,135,,,,,,,0.06,0.0,0.0,0.06,1.68,0.58,301,183,220,107,239,121,625,259,1.17,1.17,12.86
328,True,False,0.0,100.0,609873,0,0,0,0,0,3,0.0,0.3,0,Harrison,0.3,305,False,has joined Preston North End on loan for the rest of the season.,2025-09-02T11:36:28.006606Z,45,609873.jpg,1.0,False,Armstrong,0.1,False,,u,9,11,1,3524,647,6086,1683,0.1,0.2,Armstrong,241.0,2024-08-09,2007-01-19,False,p609873,1,0,0,0,0,0,0,0,0,0,0,0,3,0.0,0.0,0.0,0.0,0,0,0,0,0,0.00,0.00,0.00,0.00,609,244,603,247,574,235,610,245,,,,,,,0.0,0.0,0.0,0.0,0.0,0.0,524,303,340,166,297,141,461,155,0.0,0.0,0.0
329,True,True,,,547801,0,0,0,0,0,3,0.0,0.0,0,Callum,0.0,306,False,,,45,547801.jpg,0.0,False,Bates,0.1,False,,a,9,11,0,1349,265,3227,554,0.0,0.0,Bates,,,,False,p547801,0,0,0,0,0,0,0,0,0,0,0,0,0,0.0,0.0,0.0,0.0,0,0,0,0,0,0.00,0.00,0.00,0.00,579,223,573,226,545,214,581,224,,,,,,,0.0,0.0,0.0,0.0,0.0,0.0,490,281,583,229,583,229,520,182,0.0,0.0,0.0
330,True,True,,,504296,0,0,0,0,0,3,0.0,0.0,0,Coby,0.0,307,False,,,45,504296.jpg,0.0,False,Ebere,0.0,False,,a,9,11,0,620,123,1511,257,0.0,0.0,Ebere,,,,False,p504296,0,0,0,0,0,0,0,0,0,0,0,0,0,0.0,0.0,0.0,0.0,0,0,0,0,0,0.00,0.00,0.00,0.00,567,213,561,216,533,204,569,214,,,,,,,0.0,0.0,0.0,0.0,0.0,0.0,473,269,571,219,571,219,599,239,0.0,0.0,0.0
331,True,False,0.0,,496279,0,0,0,0,0,3,0.0,0.0,0,Isaac,0.0,308,False,has joined Accrington on loan for the rest of the season.,2025-09-02T12:26:54.658601Z,45,496279.jpg,0.0,False,Heath,0.0,False,,u,9,11,0,458,52,1616,394,0.0,0.0,Heath,241.0,2025-02-07,2004-10-28,False,p496279,0,0,0,0,0,0,0,0,0,0,0,0,0,0.0,0.0,0.0,0.0,0,0,0,0,0,0.00,0.00,0.00,0.00,565,212,558,215,530,203,567,213,,,,,,,0.0,0.0,0.0,0.0,0.0,0.0,469,268,569,218,569,218,608,245,0.0,0.0,0.0
332,True,False,0.0,0.0,491557,0,0,0,0,0,3,0.0,0.0,0,Jenson,0.0,309,False,Has joined Bradford City permanently.,2025-07-25T14:54:45.196473Z,45,491557.jpg,0.0,False,Metcalfe,0.0,False,,u,9,11,0,0,0,78,9,0.0,0.0,Metcalfe,,,,False,p491557,0,0,0,0,0,0,0,0,0,0,0,0,0,0.0,0.0,0.0,0.0,0,0,0,0,0,0.00,0.00,0.00,0.00,561,209,554,212,526,200,563,210,,,,,,,0.0,0.0,0.0,0.0,0.0,0.0,464,265,565,215,565,215,731,324,0.0,0.0,0.0
333,True,True,,,586309,0,0,-1,1,0,4,1.3,1.3,1,Thierno,1.3,310,False,,,59,586309.jpg,1.3,False,Barry,0.5,False,,a,9,11,4,11419,1708,37790,7505,0.2,0.7,Barry,73.0,2025-07-09,2002-10-21,False,p586309,81,0,0,1,1,0,0,0,0,0,0,0,7,6.2,7.1,16.0,2.5,2,0,0,2,1,0.35,0.01,0.36,2.14,300,24,228,21,149,30,296,28,,,,,,,0.39,0.0,0.01,0.4,2.38,1.11,117,31,245,21,268,23,241,38,1.11,1.11,2.22
334,True,True,,,486385,0,0,-1,1,0,4,3.0,3.0,7,Norberto Bercique,3.0,311,False,,,54,486385.jpg,3.0,False,Gomes Betuncal,5.5,False,,a,9,11,9,99179,36226,388903,42079,0.6,1.7,Beto,90.0,2023-08-29,1998-01-31,False,p486385,191,1,0,0,2,0,0,0,1,0,0,1,38,42.4,17.4,54.0,11.0,3,2,1,6,2,0.83,0.09,0.92,3.67,124,16,152,14,41,16,87,15,,,,,2.0,,0.39,0.0,0.04,0.43,1.73,0.94,210,48,119,13,142,13,76,13,0.94,0.0,2.83
335,True,False,0.0,,491012,-1,1,-1,1,0,4,0.0,0.0,0,Youssef,0.0,312,False,has joined Rangers permanently.,2025-09-02T12:26:54.689038Z,49,491012.jpg,0.0,False,Ramalho Chermiti,0.1,False,,u,9,11,0,2418,407,7660,1782,0.0,0.0,Y.Chermiti,173.0,2023-08-11,2004-05-24,False,p491012,0,0,0,0,0,0,0,0,0,0,0,0,0,0.0,0.0,0.0,0.0,0,0,0,0,0,0.00,0.00,0.00,0.00,645,60,637,59,613,58,646,60,,,,,,,0.0,0.0,0.0,0.0,0.0,0.0,366,57,644,60,644,60,448,62,0.0,0.0,0.0
336,True,True,,,536241,-1,1,-1,1,0,4,0.0,0.0,0,Martin,0.0,313,False,,,44,536241.jpg,0.0,False,Sherif,0.2,False,,a,9,11,0,3605,802,9609,1734,0.0,0.0,Sherif,,,,False,p536241,0,0,0,0,0,0,0,0,0,0,0,0,0,0.0,0.0,0.0,0.0,0,0,0,0,0,0.00,0.00,0.00,0.00,512,44,500,43,465,43,514,45,,,,,,,0.0,0.0,0.0,0.0,0.0,0.0,587,74,517,45,517,45,357,54,0.0,0.0,0.0
337,True,True,,,114283,1,-1,2,-2,2,3,7.3,7.3,10,Jack,7.3,419,True,,,67,114283.jpg,7.3,False,Grealish,14.4,False,,a,9,11,22,1248146,789464,133893,28417,1.1,3.3,Grealish,241.0,2025-08-12,1995-09-10,False,p114283,196,0,4,1,3,0,0,0,0,0,0,4,86,101.2,72.1,51.0,22.5,4,16,4,24,2,0.31,1.29,1.60,4.56,10,6,21,20,46,24,12,8,,,,,,,0.14,0.0,0.59,0.73,2.09,1.38,47,31,11,3,15,4,30,10,0.92,0.46,11.02
338,True,True,,,138001,0,0,0,0,0,1,0.0,0.0,0,Tom,0.0,630,False,,,40,138001.jpg,0.0,False,King,1.4,False,,a,9,11,0,7236,1254,22165,4435,0.0,0.0,King,244.0,2025-08-15,1995-03-09,False,p138001,0,0,0,0,0,0,0,0,0,0,0,0,0,0.0,0.0,0.0,0.0,0,0,0,0,0,0.00,0.00,0.00,0.00,379,35,365,21,325,15,382,35,,,,,,,0.0,0.0,0.0,0.0,0.0,0.0,621,52,385,35,385,35,156,22,0.0,0.0,0.0
339,True,True,25.0,25.0,499300,0,0,-1,1,0,2,0.0,0.0,0,Adam,0.0,667,False,Ankle injury - 25% chance of playing,2025-08-29T10:30:08.715230Z,44,499300.jpg,0.0,False,Aznou,0.1,False,,d,9,11,0,801,16,6195,1171,0.0,0.0,Aznou,145.0,2025-07-29,2006-06-02,False,p499300,0,0,0,0,0,0,0,0,0,0,0,0,0,0.0,0.0,0.0,0.0,0,0,0,0,0,0.00,0.00,0.00,0.00,502,209,490,209,455,194,504,209,,,,,,,0.0,0.0,0.0,0.0,0.0,0.0,576,152,507,207,507,207,513,192,0.0,0.0,0.0
340,True,False,0.0,,461446,0,0,0,0,0,3,0.0,0.0,0,Tyler,0.0,704,False,has joined Stockport County on loan for the rest of the season.,2025-09-02T12:26:54.674165Z,45,461446.jpg,0.0,False,Onyango,0.1,False,,u,9,11,0,8420,2293,3465,2111,0.0,0.0,Onyango,241.0,2025-07-25,2003-03-04,False,p461446,0,0,0,0,0,0,0,0,0,0,0,0,0,0.0,0.0,0.0,0.0,0,0,0,0,0,0.00,0.00,0.00,0.00,554,202,546,205,517,193,556,203,,,,,,,0.0,0.0,0.0,0.0,0.0,0.0,449,257,558,208,558,208,469,158,0.0,0.0,0.0
341,True,True,,,491745,0,0,0,0,0,2,0.0,0.0,0,Elijah,0.0,705,False,,,40,491745.jpg,0.0,False,Campbell,0.2,False,,a,9,11,0,10018,2400,2544,1347,0.0,0.0,Campbell,241.0,2023-12-15,2004-08-02,False,p491745,0,0,0,0,0,0,0,0,0,0,0,0,0,0.0,0.0,0.0,0.0,0,0,0,0,0,0.00,0.00,0.00,0.00,426,158,413,157,374,138,429,159,,,,,,,0.0,0.0,0.0,0.0,0.0,0.0,679,197,431,156,431,156,398,147,0.0,0.0,0.0
342,True,True,,,496661,0,0,0,0,0,3,2.0,2.0,0,Tyler,0.0,707,False,,,55,496661.jpg,0.0,False,Dibling,0.0,False,,a,9,11,0,1713,622,488,273,0.0,0.0,Dibling,241.0,2025-08-25,2006-02-17,False,p496661,0,0,0,0,0,0,0,0,0,0,0,0,0,0.0,0.0,0.0,0.0,0,0,0,0,0,0.00,0.00,0.00,0.00,709,310,710,311,705,309,710,311,,,,,,,0.0,0.0,0.0,0.0,0.0,0.0,172,107,709,311,709,311,660,284,0.0,0.0,0.0
343,True,True,,,513466,0,0,0,0,0,3,1.6,1.6,0,Merlin,0.0,728,False,,,50,513466.jpg,0.0,False,Röhl,0.0,False,,a,9,11,0,44,44,8,8,0.0,0.0,Röhl,80.0,2025-09-01,2002-07-05,False,p513466,0,0,0,0,0,0,0,0,0,0,0,0,0,0.0,0.0,0.0,0.0,0,0,0,0,0,0.00,0.00,0.00,0.00,673,291,672,292,656,285,674,292,,,,,,,0.0,0.0,0.0,0.0,0.0,0.0,312,192,673,292,673,292,733,326,0.0,0.0,0.0
344,True,True,,,80201,0,0,0,0,0,1,3.2,2.2,2,Bernd,2.7,314,False,,,50,80201.jpg,2.7,False,Leno,1.6,False,,a,10,54,8,19112,7240,34923,5846,0.5,1.6,Leno,80.0,2022-08-02,1992-03-04,False,p80201,270,0,0,0,4,0,0,0,0,0,10,0,40,76.2,0.0,0.0,7.6,3,30,1,0,3,0.00,0.00,0.00,5.46,34,6,648,75,625,71,146,6,,,,,,,0.0,3.33,0.0,0.0,1.82,1.33,240,6,139,14,159,15,147,21,1.0,0.0,0.0
345,True,False,0.0,0.0,428971,0,0,0,0,0,1,0.0,0.0,0,Steven,0.0,315,False,Has joined Millwall on loan for the rest of the season.,2025-07-28T11:48:41.553663Z,40,428971.jpg,0.0,False,Benda,0.0,False,,u,10,54,0,0,0,222,28,0.0,0.0,Benda,80.0,2023-08-30,1998-10-01,False,p428971,0,0,0,0,0,0,0,0,0,0,0,0,0,0.0,0.0,0.0,0.0,0,0,0,0,0,0.00,0.00,0.00,0.00,399,44,386,30,346,24,402,44,,,,,,,0.0,0.0,0.0,0.0,0.0,0.0,646,61,404,44,404,44,700,81,0.0,0.0,0.0
346,True,True,100.0,100.0,169528,0,0,0,0,0,2,1.2,0.2,1,Antonee,0.7,316,False,,2025-08-22T14:00:07.747640Z,50,169528.jpg,1.0,False,Robinson,0.8,False,,a,10,54,2,19936,6848,43298,4002,0.1,0.4,Robinson,229.0,2020-08-20,1997-08-08,False,p169528,51,0,0,0,0,0,0,0,0,0,0,0,9,11.8,21.5,4.0,3.8,2,1,0,2,0,0.00,0.06,0.06,0.23,259,100,130,32,250,84,251,83,,,,,,,0.0,0.0,0.11,0.11,0.41,0.0,251,38,304,100,311,111,202,75,0.0,0.0,3.53
347,True,True,,,174874,0,0,0,0,0,2,3.5,2.5,3,Joachim,3.0,317,False,,,45,174874.jpg,3.0,False,Andersen,2.7,False,,a,10,54,9,39632,14033,48336,11489,0.7,2.0,Andersen,58.0,2024-08-23,1996-05-31,False,p174874,270,0,0,0,4,0,0,0,0,0,0,0,41,61.8,23.6,18.0,10.3,22,7,7,29,3,0.21,0.67,0.88,5.46,65,23,121,27,134,20,93,23,,,,,,,0.07,0.0,0.22,0.29,1.82,1.33,409,83,111,48,130,54,102,43,1.0,0.0,9.67
348,True,True,,,232892,0,0,0,0,0,2,1.8,0.8,1,Calvin,1.3,318,False,,,45,232892.jpg,1.3,False,Bassey,0.5,False,,a,10,54,4,11880,3069,13559,2398,0.3,0.9,Bassey,157.0,2023-07-28,1999-12-31,False,p232892,270,0,0,0,4,0,0,0,1,0,0,0,16,27.8,3.7,7.0,3.9,9,14,4,13,3,0.15,0.02,0.17,5.46,185,76,264,81,212,61,246,82,,,,,,,0.05,0.0,0.01,0.06,1.82,1.33,429,98,231,79,259,85,249,90,1.0,0.0,4.33
349,True,True,,,166477,0,0,0,0,0,2,1.5,0.5,0,Timothy,1.0,319,False,,,45,166477.jpg,1.0,False,Castagne,0.1,False,,a,10,54,3,1933,902,3998,771,0.2,0.7,Castagne,21.0,2023-08-29,1995-12-05,False,p166477,126,0,0,0,3,0,0,0,0,0,0,0,3,14.8,19.1,28.0,6.2,3,3,3,6,2,0.38,0.07,0.45,4.11,241,94,143,38,84,8,181,60,,,,,,,0.27,0.0,0.05,0.32,2.94,2.14,406,81,257,87,290,106,451,171,1.43,0.0,4.29
350,True,True,,,219924,-1,1,-1,1,0,2,0.5,-0.5,0,Issa,0.0,320,False,,,44,219924.jpg,0.0,False,Diop,0.1,False,,a,10,54,0,672,173,2803,488,0.0,0.0,Diop,73.0,2022-08-10,1997-01-09,False,p219924,0,0,0,0,0,0,0,0,0,0,0,0,0,0.0,0.0,0.0,0.0,0,0,0,0,0,0.00,0.00,0.00,0.00,484,202,473,203,435,185,487,203,,,,,,,0.0,0.0,0.0,0.0,0.0,0.0,552,140,489,200,489,200,521,195,0.0,0.0,0.0
351,True,True,,,246301,0,0,0,0,0,2,1.2,0.2,0,Jorge,0.7,321,False,,,45,246301.jpg,2.0,False,Cuenca Barreno,0.0,False,,a,10,54,2,337,47,1262,241,0.2,0.4,J.Cuenca,200.0,2024-08-03,1999-11-17,False,p246301,83,0,0,0,1,0,0,0,0,0,0,0,10,9.6,1.2,4.0,1.5,2,4,1,3,1,0.00,0.01,0.01,1.07,272,104,309,108,245,80,313,105,,,,,,,0.0,0.0,0.01,0.01,1.16,1.08,433,101,296,98,200,74,598,212,1.08,0.0,3.25
352,True,True,,,167074,0,0,0,0,0,2,2.8,1.8,3,Kenny,2.3,322,False,,,45,167074.jpg,2.3,False,Tete,0.2,False,,a,10,54,7,6166,1768,5086,964,0.5,1.6,Tete,152.0,2020-09-10,1995-10-09,False,p167074,270,0,0,0,4,0,0,0,0,0,0,0,39,52.6,23.3,14.0,9.0,12,10,10,22,3,0.07,0.39,0.46,5.46,90,37,123,28,157,28,113,30,,,,,,,0.02,0.0,0.13,0.15,1.82,1.33,407,82,158,63,175,66,369,132,1.0,0.0,7.33
353,True,True,,,591385,0,0,0,0,0,2,0.5,-0.5,0,Samuel,0.0,323,False,,,40,591385.jpg,0.0,False,Amissah,0.2,False,,a,10,54,0,1224,205,4699,734,0.0,0.0,Amissah,,,,False,p591385,0,0,0,0,0,0,0,0,0,0,0,0,0,0.0,0.0,0.0,0.0,0,0,0,0,0,0.00,0.00,0.00,0.00,468,190,455,189,417,171,471,191,,,,,,,0.0,0.0,0.0,0.0,0.0,0.0,726,234,473,188,473,188,411,154,0.0,0.0,0.0
354,True,True,,,153133,0,0,0,0,0,3,3.8,2.8,1,Alex,3.3,324,False,,,65,153133.jpg,3.3,False,Iwobi,1.3,False,,a,10,54,10,27986,11009,53089,9805,0.5,1.5,Iwobi,157.0,2023-09-01,1996-05-03,False,p153133,238,0,1,0,4,0,0,0,1,0,0,2,37,38.4,72.2,19.0,13.0,3,9,3,15,3,0.11,0.58,0.69,4.99,137,45,20,19,130,83,63,43,,,,,,,0.04,0.0,0.22,0.26,1.89,1.51,51,34,106,39,126,51,157,50,1.13,0.0,5.67
355,True,True,,,209289,0,0,-1,1,0,3,3.2,2.2,1,Emile,2.7,325,False,,,59,209289.jpg,2.7,False,Smith Rowe,0.8,False,,a,10,54,8,19638,5751,42369,6991,0.5,1.4,Smith Rowe,241.0,2024-08-02,2000-07-28,False,p209289,55,1,0,0,0,0,0,0,0,0,0,0,27,36.8,17.9,40.0,9.4,0,0,0,0,0,0.79,0.05,0.84,0.63,144,50,151,98,58,33,107,60,,,,,,,1.29,0.0,0.08,1.37,1.03,0.0,108,73,148,58,168,73,199,69,0.0,0.0,0.0
356,True,True,,,159533,0,0,-1,1,0,3,1.2,0.2,1,Adama,0.7,326,False,,,54,159533.jpg,1.0,False,Traoré Diarra,0.2,False,,a,10,54,2,2153,497,13548,2042,0.1,0.4,Adama,200.0,2023-08-12,1996-01-25,False,p159533,30,0,0,0,0,0,0,0,0,0,0,0,6,4.2,15.5,6.0,2.5,0,1,0,1,0,0.00,0.07,0.07,0.47,323,160,166,104,229,126,295,151,,,,,,,0.0,0.0,0.21,0.21,1.41,0.0,186,117,307,154,318,155,348,120,0.0,0.0,3.0
357,True,False,0.0,,156689,-1,1,-2,2,0,3,0.0,-0.5,0,Andreas,0.0,327,False,has joined Palmeiras permanently.,2025-09-02T13:24:11.133813Z,53,156689.jpg,0.0,False,Hoelgebaum Pereira,0.2,False,,u,10,54,0,2438,405,19652,3565,0.0,0.0,Andreas,30.0,2022-07-11,1996-01-01,False,p156689,0,0,0,0,0,0,0,0,0,0,0,0,0,0.0,0.0,0.0,0.0,0,0,0,0,0,0.00,0.00,0.00,0.00,682,296,681,297,665,290,683,297,1.0,,1.0,,2.0,,0.0,0.0,0.0,0.0,0.0,0.0,228,143,682,297,682,297,358,124,0.0,0.0,0.0
358,True,True,100.0,100.0,184349,0,0,-1,1,0,3,1.8,0.8,2,Ryan,1.3,328,False,,2025-08-22T14:00:07.804630Z,54,184349.jpg,2.0,False,Sessegnon,0.0,False,,a,10,54,4,1271,561,1632,304,0.2,0.7,Sessegnon,241.0,2024-07-26,2000-05-18,False,p184349,127,0,0,0,3,0,0,0,0,0,0,0,17,21.6,16.6,8.0,4.6,7,2,6,15,2,0.00,0.16,0.16,3.75,215,94,159,102,201,115,230,110,,,,,,,0.0,0.0,0.11,0.11,2.66,2.13,189,120,239,117,214,102,622,257,1.42,0.0,10.63
359,True,True,100.0,75.0,153682,-1,1,-1,1,0,3,2.8,1.3,1,Harry,2.3,329,False,,2025-08-28T17:30:07.780586Z,54,153682.jpg,2.3,False,Wilson,0.6,False,,a,10,54,7,9797,1107,51462,8175,0.4,1.3,Wilson,244.0,2021-07-24,1997-03-22,False,p153682,148,0,1,0,1,0,0,0,0,0,0,0,26,8.6,8.1,26.0,4.2,1,4,3,8,1,0.10,0.12,0.22,1.75,280,133,223,134,93,57,237,116,3.0,,3.0,,,,0.06,0.0,0.07,0.13,1.06,0.61,185,116,167,70,182,82,223,76,0.61,0.0,4.86
360,True,True,,,207189,0,0,0,0,0,3,2.5,1.5,2,Sander,2.0,330,False,,,50,207189.jpg,2.0,False,Berge,0.1,False,,a,10,54,6,821,293,1937,345,0.4,1.2,Berge,161.0,2024-08-22,1998-02-14,False,p207189,245,0,0,0,4,0,0,0,0,0,0,0,25,23.2,6.8,11.0,4.1,5,8,3,16,3,0.41,0.06,0.47,5.03,207,90,231,136,179,107,238,117,,,,,,,0.15,0.0,0.02,0.17,1.85,1.47,260,159,194,87,208,96,538,194,1.1,0.0,5.88
361,True,True,,,76357,0,0,-1,1,0,3,0.5,-0.5,0,Tom,0.0,331,False,,,49,76357.jpg,0.0,False,Cairney,0.0,False,,a,10,54,0,234,67,1388,217,0.0,0.0,Cairney,243.0,2015-07-07,1991-01-20,False,p76357,24,0,0,0,0,0,0,0,1,0,0,0,-3,0.0,0.4,0.0,0.0,0,2,0,2,0,0.00,0.00,0.00,0.43,618,251,331,171,583,242,619,252,,,2.0,,,,0.0,0.0,0.0,0.0,1.61,0.0,323,200,618,254,618,254,626,260,0.0,0.0,7.5
362,True,True,,,212314,0,0,0,0,0,3,2.5,1.5,1,Saša,2.0,332,False,,,50,212314.jpg,2.0,False,Lukić,0.1,False,,a,10,54,6,1581,534,2180,450,0.4,1.2,Lukić,190.0,2023-01-31,1996-08-13,False,p212314,270,0,0,0,4,0,0,0,2,0,0,0,36,37.2,127.0,6.0,17.0,7,11,7,25,3,0.00,0.56,0.56,5.46,141,48,4,4,228,125,32,22,4.0,,,,,,0.0,0.0,0.19,0.19,1.82,1.33,264,162,196,89,209,97,529,188,1.0,0.0,8.33
363,True,False,0.0,,573062,0,0,0,0,0,3,0.0,-0.5,0,Martial,0.0,333,False,has joined Strasbourg permanently.,2025-09-02T13:30:29.210428Z,45,573062.jpg,0.0,False,Godo,0.1,False,,u,10,54,0,898,113,2806,575,0.0,0.0,Godo,54.0,2022-08-22,2003-03-14,False,p573062,0,0,0,0,0,0,0,0,0,0,0,0,0,0.0,0.0,0.0,0.0,0,0,0,0,0,0.00,0.00,0.00,0.00,593,233,587,236,558,224,594,234,,,,,,,0.0,0.0,0.0,0.0,0.0,0.0,505,291,596,239,596,239,555,207,0.0,0.0,0.0
364,True,False,0.0,0.0,515024,0,0,0,0,0,3,0.0,0.0,0,Luke,0.0,334,False,Has joined Oxford United on loan for the rest of the season.,2025-07-28T11:48:41.571901Z,45,515024.jpg,0.0,False,Harris,0.0,False,,u,10,54,0,0,0,196,22,0.0,0.0,Harris,244.0,2022-08-05,2005-03-04,False,p515024,0,0,0,0,0,0,0,0,0,0,0,0,0,0.0,0.0,0.0,0.0,0,0,0,0,0,0.00,0.00,0.00,0.00,569,215,563,218,535,206,571,216,,,,,,,0.0,0.0,0.0,0.0,0.0,0.0,476,271,573,221,573,221,720,316,0.0,0.0,0.0
365,True,True,,,577725,0,0,0,0,0,3,2.5,1.5,2,Josh,2.0,335,False,,,45,577725.jpg,2.0,False,King,1.8,False,,a,10,54,6,159966,66295,64846,17734,0.4,1.3,King,241.0,2024-02-02,2007-01-03,False,p577725,212,0,0,0,4,0,0,0,0,0,0,0,23,28.2,27.9,61.0,11.6,2,10,4,16,3,0.39,0.22,0.61,4.82,182,71,104,73,31,17,77,49,,,,,,,0.17,0.0,0.09,0.26,2.05,1.7,512,294,190,85,202,93,130,43,1.27,0.0,6.79
366,True,True,,,153366,-1,1,-1,1,0,3,0.5,-0.5,0,Harrison,0.0,336,False,,,44,153366.jpg,0.0,False,Reed,0.3,False,,a,10,54,0,7320,5422,10285,2405,0.0,0.0,Reed,241.0,2020-08-30,1995-01-27,False,p153366,0,0,0,0,0,0,0,0,0,0,0,0,0,0.0,0.0,0.0,0.0,0,0,0,0,0,0.00,0.00,0.00,0.00,481,174,470,177,432,163,484,175,,,,,,,0.0,0.0,0.0,0.0,0.0,0.0,545,312,486,180,486,180,328,109,0.0,0.0,0.0
367,True,True,,,102057,0,0,-1,1,0,4,1.8,0.8,1,Raúl,1.3,337,False,,,64,102057.jpg,1.3,False,Jiménez Rodríguez,1.4,False,,a,10,54,4,16885,4342,104120,16217,0.2,0.6,Raúl,139.0,2023-07-25,1991-05-05,False,p102057,115,0,0,0,1,0,0,0,0,0,0,0,-2,1.0,6.6,20.0,2.0,2,1,1,4,1,0.40,0.00,0.40,1.32,352,36,234,24,123,29,305,30,,,4.0,,1.0,,0.31,0.0,0.0,0.31,1.03,0.78,65,22,249,23,270,25,155,26,0.78,0.0,3.13
368,True,True,,,244042,0,0,0,0,0,4,3.2,2.2,1,Rodrigo,2.7,338,False,,,55,244042.jpg,2.7,False,Muniz Carvalho,2.3,False,,a,10,54,8,119436,19924,110303,23075,0.5,1.5,Muniz,30.0,2021-08-20,2001-05-04,False,p244042,152,1,0,0,3,1,0,0,1,0,0,3,21,31.0,20.6,61.0,10.9,3,3,1,7,2,0.56,0.00,0.56,4.14,169,17,136,12,32,12,88,16,,,,,,,0.33,0.0,0.0,0.33,2.45,1.78,153,35,145,16,165,16,115,16,1.18,0.0,4.14
369,True,True,,,86873,0,0,0,0,0,1,0.5,-0.5,0,Benjamin,0.0,664,False,,,40,86873.jpg,0.0,False,Lecomte,0.8,False,,a,10,54,0,4571,787,11144,1963,0.0,0.0,Lecomte,73.0,2025-07-26,1991-04-26,False,p86873,0,0,0,0,0,0,0,0,0,0,0,0,0,0.0,0.0,0.0,0.0,0,0,0,0,0,0.00,0.00,0.00,0.00,369,29,355,15,315,9,372,29,,,,,,,0.0,0.0,0.0,0.0,0.0,0.0,611,46,376,29,376,29,200,27,0.0,0.0,0.0
370,True,True,,,218328,0,0,0,0,0,3,2.5,1.5,0,Samuel,0.0,727,False,,,55,218328.jpg,0.0,False,Chukwueze,0.0,False,,a,10,54,0,860,860,165,165,0.0,0.0,Chukwueze,157.0,2025-09-01,1999-05-22,False,p218328,0,0,0,0,0,0,0,0,0,0,0,0,0,0.0,0.0,0.0,0.0,0,0,0,0,0,0.00,0.00,0.00,0.00,703,308,704,309,698,306,704,309,,,,,,,0.0,0.0,0.0,0.0,0.0,0.0,148,92,703,309,703,309,691,302,0.0,0.0,0.0
371,True,True,,,560552,0,0,0,0,0,3,2.6,1.6,0,Kevin,0.0,731,False,,,60,560552.jpg,0.0,False,Santos Lopes de Macedo,0.0,False,,a,10,54,0,968,968,162,162,0.0,0.0,Kevin,30.0,2025-09-01,2003-01-04,False,p560552,0,0,0,0,0,0,0,0,0,0,0,0,0,0.0,0.0,0.0,0.0,0,0,0,0,0,0.00,0.00,0.00,0.00,719,318,719,318,719,318,719,318,,,,,,,0.0,0.0,0.0,0.0,0.0,0.0,98,65,719,318,719,318,688,300,0.0,0.0,0.0
372,True,True,,,437495,-1,1,-1,1,0,1,-0.5,-1.0,0,Illan,0.0,339,False,,,44,437495.jpg,0.0,False,Meslier,0.6,False,,a,11,2,0,3204,592,23547,3706,0.0,0.0,Meslier,73.0,2020-07-27,2000-03-02,False,p437495,0,0,0,0,0,0,0,0,0,0,0,0,0,0.0,0.0,0.0,0.0,0,0,0,0,0,0.00,0.00,0.00,0.00,492,72,480,58,443,52,494,72,,,,,,,0.0,0.0,0.0,0.0,0.0,0.0,561,35,497,72,497,72,225,31,0.0,0.0,0.0
373,True,True,,,97846,0,0,0,0,0,1,-0.5,-1.0,0,Alex,0.0,340,False,,,40,97846.jpg,0.0,False,Cairns,0.2,False,,a,11,2,0,1563,283,3415,638,0.0,0.0,Cairns,241.0,2024-07-08,1993-01-04,False,p97846,0,0,0,0,0,0,0,0,0,0,0,0,0,0.0,0.0,0.0,0.0,0,0,0,0,0,0.00,0.00,0.00,0.00,371,30,357,16,317,10,374,30,,,,,,,0.0,0.0,0.0,0.0,0.0,0.0,613,47,378,30,378,30,362,54,0.0,0.0,0.0
374,True,True,,,59735,0,0,0,0,0,1,-0.5,-1.0,0,Karl,0.0,341,False,,,40,59735.jpg,0.0,False,Darlow,2.5,False,,a,11,2,0,13235,1708,56282,12189,0.0,0.0,Darlow,244.0,2023-07-29,1990-10-08,False,p59735,0,0,0,0,0,0,0,0,0,0,0,0,0,0.0,0.0,0.0,0.0,0,0,0,0,0,0.00,0.00,0.00,0.00,364,24,349,9,309,3,367,24,,,,,,,0.0,0.0,0.0,0.0,0.0,0.0,605,40,371,24,371,24,107,14,0.0,0.0,0.0
375,True,True,100.0,100.0,226182,0,0,0,0,0,2,3.2,2.7,6,Jayden,3.7,342,False,,2025-08-10T23:00:06.436528Z,45,226182.jpg,3.7,False,Bogle,0.2,False,,a,11,2,11,3487,1167,4586,703,0.8,2.4,Bogle,241.0,2024-07-20,2000-07-27,False,p226182,262,0,0,2,4,0,0,0,1,0,0,0,34,27.8,13.8,15.0,5.7,11,17,5,16,3,0.09,0.03,0.12,3.10,184,75,176,53,152,25,191,67,,,,,,,0.03,0.0,0.01,0.04,1.06,1.37,423,94,87,38,101,45,361,129,1.03,0.69,5.5
376,True,True,,,222694,0,0,0,0,0,2,4.2,3.7,6,Pascal,4.7,343,False,,,45,222694.jpg,4.7,False,Struijk,0.4,False,,a,11,2,14,10234,2246,11505,1936,1.0,3.1,Struijk,152.0,2018-04-12,1999-08-11,False,p222694,270,0,0,2,5,0,0,0,0,0,0,2,55,49.8,12.9,26.0,8.9,16,11,2,18,3,0.23,0.02,0.25,3.89,100,44,186,56,90,10,117,33,,,,,3.0,,0.08,0.0,0.01,0.09,1.3,1.67,421,92,54,22,63,27,284,103,1.0,0.67,6.0
377,True,True,100.0,100.0,434752,0,0,0,0,0,2,-0.5,-1.0,0,Jaka,0.0,344,False,,2025-07-21T10:00:04.901206Z,40,434752.jpg,0.0,False,Bijol,0.2,False,,a,11,2,0,3149,373,4842,1622,0.0,0.0,Bijol,195.0,2025-06-23,1999-02-05,False,p434752,0,0,0,0,0,0,0,0,0,0,0,0,0,0.0,0.0,0.0,0.0,0,0,0,0,0,0.00,0.00,0.00,0.00,400,146,387,145,347,125,403,147,,,,,,,0.0,0.0,0.0,0.0,0.0,0.0,648,180,405,144,405,144,391,145,0.0,0.0,0.0
378,True,True,100.0,100.0,437738,0,0,0,0,0,2,-0.5,-1.0,0,Sebastiaan,0.0,345,False,,2025-08-10T23:00:06.493026Z,40,437738.jpg,0.0,False,Bornauw,0.1,False,,a,11,2,0,357,97,1980,323,0.0,0.0,Bornauw,21.0,2025-07-01,1999-03-22,False,p437738,0,0,0,0,0,0,0,0,0,0,0,0,0,0.0,0.0,0.0,0.0,0,0,0,0,0,0.00,0.00,0.00,0.00,402,148,389,147,349,127,405,149,,,,,,,0.0,0.0,0.0,0.0,0.0,0.0,650,182,407,146,407,146,554,202,0.0,0.0,0.0
379,True,True,,,113564,0,0,0,0,0,2,-0.2,-0.7,0,Sam,0.3,346,False,,,40,113564.jpg,1.0,False,Byram,0.2,False,,a,11,2,1,1265,185,6344,1083,0.1,0.2,Byram,241.0,2023-08-05,1993-09-16,False,p113564,7,0,0,0,1,0,0,0,0,0,0,0,-2,0.0,0.0,0.0,0.0,0,0,0,0,0,0.00,0.00,0.00,0.79,376,134,362,132,322,112,379,135,,,,,,,0.0,0.0,0.0,0.0,10.16,12.86,618,162,323,105,273,91,351,124,0.0,0.0,0.0
380,True,True,75.0,,243526,0,0,0,0,0,2,3.9,4.7,9,Gabriel,5.7,347,False,Knock - 75% chance of playing,2025-08-31T01:00:08.219642Z,40,243526.jpg,5.7,False,Gudmundsson,3.8,False,,d,11,2,17,193508,50712,89492,21851,1.4,4.2,Gudmundsson,206.0,2025-07-08,1999-04-29,False,p243526,259,0,0,2,5,0,0,0,1,0,0,6,50,60.2,59.6,19.0,13.9,15,9,6,21,3,0.17,0.17,0.34,3.86,67,24,38,3,124,17,54,9,,,,,,,0.06,0.0,0.06,0.12,1.34,1.74,644,177,29,11,38,15,90,36,1.04,0.69,7.3
381,True,True,,,214225,0,0,0,0,0,2,4.8,4.3,7,Joe,5.3,348,False,,,40,214225.jpg,5.3,False,Rodon,2.9,False,,a,11,2,16,124170,60712,50060,13357,1.3,4.0,Rodon,244.0,2024-07-02,1997-10-22,False,p214225,270,0,0,2,5,0,0,0,0,0,0,2,52,58.8,1.5,2.0,6.2,26,7,2,28,3,0.00,0.00,0.00,3.89,70,26,304,104,265,86,180,59,,,,,,,0.0,0.0,0.0,0.0,1.3,1.67,632,170,38,13,47,17,98,40,1.0,0.67,9.33
382,True,False,0.0,,492368,0,0,0,0,0,2,0.0,-1.0,0,Isaac,0.0,349,False,has joined Werder Bremen on loan for the rest of the season.,2025-09-02T12:00:32.361624Z,40,492368.jpg,0.0,False,Schmidt,0.2,False,,u,11,2,0,788,112,5745,1299,0.0,0.0,Schmidt,207.0,2024-08-30,1999-12-07,False,p492368,0,0,0,0,0,0,0,0,0,0,0,0,0,0.0,0.0,0.0,0.0,0,0,0,0,0,0.00,0.00,0.00,0.00,428,160,415,159,376,140,431,161,,,,,,,0.0,0.0,0.0,0.0,0.0,0.0,681,199,433,158,433,158,406,150,0.0,0.0,0.0
383,True,True,,,427637,0,0,-1,1,0,3,0.5,0.0,1,Brenden,1.0,350,False,,,54,427637.jpg,1.0,False,Aaronson,0.1,False,,a,11,2,3,722,78,3044,450,0.2,0.6,Aaronson,229.0,2022-07-01,2000-10-22,False,p427637,77,0,0,0,1,0,0,0,0,0,0,0,23,16.6,27.4,6.0,5.0,0,2,4,6,0,0.00,0.27,0.27,1.41,233,105,107,76,230,127,218,104,,,2.0,,,,0.0,0.0,0.32,0.32,1.65,1.17,201,127,274,138,320,157,568,218,0.0,0.0,7.01
384,True,True,,,492859,0,0,-1,1,0,3,1.2,0.7,0,Wilfried,1.7,351,False,,,54,492859.jpg,1.7,False,Gnonto,0.3,False,,a,11,2,5,4059,708,14726,2921,0.3,0.9,Gnonto,106.0,2022-09-01,2003-11-05,False,p492859,190,0,0,1,4,0,0,0,1,0,0,0,22,13.8,21.4,16.0,5.1,2,6,8,16,3,0.18,0.06,0.24,2.48,250,111,132,89,147,95,216,103,,,,,,,0.09,0.0,0.03,0.12,1.17,1.89,212,132,221,108,240,122,329,110,1.42,0.47,7.58
385,True,True,,,221399,0,0,-1,1,0,3,0.2,-0.3,1,Jack,0.7,352,False,,,54,221399.jpg,1.0,False,Harrison,0.1,False,,a,11,2,2,588,96,7104,849,0.1,0.4,Harrison,241.0,2021-07-02,1996-11-20,False,p221399,42,0,0,0,0,0,0,0,0,0,0,0,13,9.8,5.7,4.0,2.0,3,2,2,7,0,0.00,0.03,0.03,0.35,271,127,241,140,253,137,303,154,3.0,,,,,,0.0,0.0,0.06,0.06,0.75,0.0,196,123,308,155,319,156,501,173,0.0,0.0,15.0
386,True,True,,,200617,0,0,-1,1,0,3,1.5,1.0,1,Daniel,2.0,353,False,,,54,200617.jpg,2.0,False,James,0.4,False,,a,11,2,6,3663,610,18040,3405,0.4,1.1,James,244.0,2021-08-31,1997-11-10,False,p200617,201,0,0,1,4,0,0,0,0,0,0,0,20,11.8,31.1,29.0,7.2,1,7,1,9,3,0.43,0.17,0.60,2.68,260,119,96,68,81,49,159,79,,,,,,,0.19,0.0,0.08,0.27,1.2,1.79,191,121,203,95,215,103,287,93,1.34,0.45,4.03
387,True,True,0.0,0.0,199598,0,0,-1,1,0,3,0.0,0.0,0,Ethan,1.0,354,False,Knee injury - Expected back 13 Sep,2025-08-21T13:57:30.981880Z,49,199598.jpg,3.0,False,Ampadu,0.0,False,,i,11,2,3,647,29,5301,586,0.2,0.6,Ampadu,244.0,2023-07-19,2000-09-14,False,p199598,77,0,0,1,0,0,0,0,0,0,0,0,12,10.8,4.9,2.0,1.8,2,3,3,8,1,0.00,0.02,0.02,0.28,264,122,250,145,275,150,306,155,,,,,,,0.0,0.0,0.02,0.02,0.33,0.0,335,210,263,128,132,52,578,224,1.17,1.17,9.35
388,True,False,0.0,,248937,0,0,-1,1,0,3,0.0,-1.0,0,Sam,0.0,355,False,has joined Pogon Szczecin permanently.,2025-09-02T12:00:32.393623Z,49,248937.jpg,0.0,False,Greenwood,0.1,False,,u,11,2,0,1234,135,5479,1186,0.0,0.0,Greenwood,241.0,2021-01-09,2002-01-26,False,p248937,0,0,0,0,0,0,0,0,0,0,0,0,0,0.0,0.0,0.0,0.0,0,0,0,0,0,0.00,0.00,0.00,0.00,637,263,629,264,605,255,638,264,,,,,,,0.0,0.0,0.0,0.0,0.0,0.0,355,222,636,265,636,265,516,179,0.0,0.0,0.0
389,True,True,,,486520,0,0,0,0,0,3,1.5,1.0,3,Ilia,2.0,356,False,,,50,486520.jpg,2.0,False,Gruev,0.0,False,,a,11,2,6,410,140,1530,217,0.4,1.2,Gruev,34.0,2023-08-31,2000-05-06,False,p486520,192,0,0,1,5,0,0,0,0,0,0,0,37,24.4,8.5,2.0,3.5,6,5,4,15,2,0.00,0.01,0.01,3.62,196,79,222,133,285,156,264,131,2.0,,1.0,,,,0.0,0.0,0.0,0.0,1.7,2.34,299,181,198,91,210,98,591,234,0.94,0.47,7.03
390,True,False,0.0,,433952,0,0,-1,1,0,3,0.0,-1.0,0,Largie,0.0,357,False,has joined Valencia on loan for the rest of the season.,2025-09-02T12:00:32.377624Z,49,433952.jpg,0.0,False,Ramazani,0.0,False,,u,11,2,0,203,19,2422,479,0.0,0.0,Ramazani,21.0,2024-08-22,2001-02-27,False,p433952,0,0,0,0,0,0,0,0,0,0,0,0,0,0.0,0.0,0.0,0.0,0,0,0,0,0,0.00,0.00,0.00,0.00,639,265,631,266,607,257,640,266,,,,,,,0.0,0.0,0.0,0.0,0.0,0.0,358,224,638,267,638,267,620,255,0.0,0.0,0.0
391,True,True,0.0,0.0,248056,-1,1,-1,1,0,3,0.0,0.0,0,Tanaka,1.3,358,False,Knee injury - Expected back 13 Sep,2025-08-24T01:30:06.493361Z,49,248056.jpg,2.0,False,Ao,0.2,False,,i,11,2,4,3709,68,14551,3098,0.3,0.8,Tanaka,108.0,2024-08-30,1998-09-10,False,p248056,147,0,0,1,4,0,0,0,0,0,0,0,15,2.2,27.6,9.0,3.9,1,8,0,9,2,0.09,0.03,0.12,2.40,337,168,106,75,190,111,247,122,,,,,,,0.06,0.0,0.02,0.08,1.47,2.45,354,221,236,115,204,95,394,134,1.22,0.61,5.51
392,True,False,0.0,0.0,536119,0,0,0,0,0,3,0.0,0.0,0,Charlie,0.0,359,False,Has joined Doncaster Rovers on loan for the rest of the season.,2025-08-11T01:12:36.647868Z,45,536119.jpg,0.0,False,Crew,0.0,False,,u,11,2,0,0,0,635,77,0.0,0.0,Crew,244.0,2024-03-28,2006-06-15,False,p536119,0,0,0,0,0,0,0,0,0,0,0,0,0,0.0,0.0,0.0,0.0,0,0,0,0,0,0.00,0.00,0.00,0.00,575,219,569,222,541,210,577,220,,,,,,,0.0,0.0,0.0,0.0,0.0,0.0,485,276,579,225,579,225,699,308,0.0,0.0,0.0
393,True,False,0.0,0.0,462635,0,0,0,0,0,3,0.0,0.0,0,Joe,0.0,360,False,Has joined Hull City on loan for the rest of the season.,2025-08-11T11:07:52.207439Z,45,462635.jpg,0.0,False,Gelhardt,0.0,False,,u,11,2,0,0,0,1863,202,0.0,0.0,Gelhardt,241.0,2021-02-07,2002-05-04,False,p462635,0,0,0,0,0,0,0,0,0,0,0,0,0,0.0,0.0,0.0,0.0,0,0,0,0,0,0.00,0.00,0.00,0.00,556,204,548,207,519,195,558,205,,,,,,,0.0,0.0,0.0,0.0,0.0,0.0,451,259,560,210,560,210,657,283,0.0,0.0,0.0
394,True,False,0.0,,470294,0,0,0,0,0,3,0.0,-1.0,0,Darko,0.0,361,False,has joined Hull City permanently.,2025-09-02T13:38:58.066167Z,45,470294.jpg,0.0,False,Gyabi,0.1,False,,u,11,2,0,1165,126,3547,712,0.0,0.0,Gyabi,241.0,2022-07-04,2004-02-18,False,p470294,0,0,0,0,0,0,0,0,0,0,0,0,0,0.0,0.0,0.0,0.0,0,0,0,0,0,0.00,0.00,0.00,0.00,558,206,551,209,522,197,560,207,,,,,,,0.0,0.0,0.0,0.0,0.0,0.0,456,261,562,212,562,212,535,193,0.0,0.0,0.0
395,True,True,,,235826,0,0,-1,1,0,4,0.5,0.0,0,Joël,1.0,362,False,,,54,235826.jpg,1.5,False,Piroe,1.1,False,,a,11,2,3,14953,1074,102217,19062,0.2,0.6,Piroe,152.0,2023-08-24,1999-08-02,False,p235826,134,0,0,1,4,0,0,0,0,0,0,0,7,2.0,6.9,44.0,5.3,0,5,0,5,2,0.28,0.04,0.32,2.13,341,30,229,22,52,20,204,23,,,3.0,,2.0,,0.19,0.0,0.03,0.22,1.43,2.69,200,45,273,26,254,22,176,30,1.34,0.67,3.36
396,True,False,0.0,,106617,0,0,-1,1,0,4,0.0,-1.0,0,Patrick,0.0,363,False,has departed the club as a free agent.,2025-09-02T12:00:32.408955Z,49,106617.jpg,0.0,False,Bamford,1.1,False,,u,11,2,0,16144,1292,113127,21202,0.0,0.0,Bamford,241.0,2018-07-31,1993-09-05,False,p106617,0,0,0,0,0,0,0,0,0,0,0,0,0,0.0,0.0,0.0,0.0,0,0,0,0,0,0.00,0.00,0.00,0.00,621,58,613,57,586,56,622,58,,,,,,,0.0,0.0,0.0,0.0,0.0,0.0,326,54,621,58,621,58,175,29,0.0,0.0,0.0
397,True,False,0.0,0.0,565297,0,0,0,0,0,4,0.0,0.0,0,Mateo,0.0,364,False,Has joined RCD Mallorca on loan for the rest of the season.,2025-08-11T11:07:32.622877Z,50,565297.jpg,0.0,False,Joseph Fernández-Regatillo,0.0,False,,u,11,2,0,0,0,1870,165,0.0,0.0,Mateo Joseph,200.0,2022-11-04,2003-10-19,False,p565297,0,0,0,0,0,0,0,0,0,0,0,0,0,0.0,0.0,0.0,0.0,0,0,0,0,0,0.00,0.00,0.00,0.00,676,63,675,63,659,62,677,63,,,,,,,0.0,0.0,0.0,0.0,0.0,0.0,317,53,676,63,676,63,664,76,0.0,0.0,0.0
398,True,True,,,174594,0,0,0,0,0,4,2.2,1.7,2,Lukas,2.7,365,False,,,50,174594.jpg,2.7,False,Nmecha,0.8,False,,a,11,2,8,59423,8961,37202,8306,0.5,1.6,Nmecha,80.0,2025-07-01,1998-12-14,False,p174594,113,1,0,1,1,0,0,0,0,0,0,0,31,44.6,6.8,33.0,8.5,6,6,0,12,1,0.95,0.03,0.98,1.70,118,15,230,23,69,23,127,20,,,,,1.0,,0.76,0.0,0.02,0.78,1.35,0.8,255,50,140,15,160,15,201,31,0.8,0.8,9.56
399,True,True,,,180135,0,0,-1,1,0,3,1.8,1.3,5,Sean,2.3,493,False,,,49,180135.jpg,2.3,False,Longstaff,0.2,False,,a,11,2,7,3074,2108,6600,1009,0.5,1.4,Longstaff,241.0,2025-07-18,1997-10-30,False,p180135,123,0,0,1,1,0,0,0,0,0,0,0,26,15.6,13.0,0.0,2.9,3,7,5,15,1,0.00,0.01,0.01,1.49,237,107,184,111,592,249,285,143,,,,,,,0.0,0.0,0.01,0.01,1.09,0.73,333,208,160,63,177,77,404,138,0.73,0.73,10.98
400,True,True,,,466525,0,0,0,0,0,3,3.8,3.3,3,Anton,4.3,660,False,,,50,466525.jpg,4.3,False,Stach,0.5,False,,a,11,2,13,30707,3561,16044,3364,0.9,2.6,Stach,80.0,2025-07-22,1998-11-15,False,p466525,270,0,1,2,5,0,0,0,0,0,0,0,39,40.8,137.0,33.0,21.1,10,7,6,23,3,0.45,0.38,0.83,3.89,128,39,3,3,70,42,16,12,1.0,,4.0,,,,0.15,0.0,0.13,0.28,1.3,1.67,291,176,75,26,86,32,250,84,1.0,0.67,7.67
401,True,True,,,201595,0,0,0,0,0,1,3.5,3.0,6,Lucas Estella,4.0,665,False,,,45,201595.jpg,4.0,False,Perri,0.4,False,,a,11,2,12,12120,4030,9559,2017,0.9,2.7,Perri,30.0,2025-07-26,1997-12-10,False,p201595,270,0,0,2,5,0,0,0,0,0,3,0,36,29.2,0.0,0.0,2.9,3,20,0,0,3,0.00,0.00,0.00,3.89,177,19,526,66,495,61,284,19,,,,,,,0.0,1.0,0.0,0.0,1.3,1.67,416,25,80,9,92,9,268,38,1.0,0.67,0.0
402,True,True,100.0,100.0,177815,0,0,0,0,0,4,0.0,-0.5,1,Dominic,0.5,691,False,,2025-08-22T12:30:07.420235Z,55,177815.jpg,1.0,False,Calvert-Lewin,0.1,False,,a,11,2,1,8592,3344,4418,1128,0.1,0.2,Calvert-Lewin,241.0,2025-08-15,1997-03-16,False,p177815,20,0,0,0,0,0,0,0,0,0,0,0,3,1.2,0.5,20.0,2.2,0,2,0,2,0,0.07,0.00,0.07,0.07,348,33,328,35,122,28,299,29,,,,,,,0.32,0.0,0.0,0.32,0.32,0.0,140,34,320,34,332,31,497,67,0.0,0.0,9.0
403,True,True,100.0,25.0,435997,0,0,0,0,0,3,0.0,-0.1,0,Noah,0.5,698,False,,2025-08-28T17:00:08.222534Z,55,435997.jpg,1.0,False,Okafor,0.0,False,,a,11,2,1,1582,380,820,276,0.1,0.2,Okafor,207.0,2025-08-21,2000-05-24,False,p435997,24,0,0,0,1,0,0,0,0,0,0,0,3,4.6,0.3,0.0,0.5,0,2,2,4,0,0.00,0.00,0.00,0.87,318,157,336,175,699,307,348,173,,,,,,,0.0,0.0,0.0,0.0,3.26,3.75,157,97,321,163,335,167,667,288,0.0,0.0,15.0
404,True,True,,,220627,0,0,0,0,0,2,0.7,0.2,1,James,1.0,706,False,,,40,220627.jpg,1.0,False,Justin,0.2,False,,a,11,2,1,15933,7285,2815,1786,0.2,0.2,Justin,241.0,2025-08-25,1998-02-23,False,p220627,10,0,0,0,0,0,0,0,0,0,0,0,3,0.0,0.0,0.0,0.0,0,0,0,0,0,0.00,0.00,0.00,0.03,388,139,375,138,335,118,391,140,,,,,,,0.0,0.0,0.0,0.0,0.27,0.0,634,171,254,84,275,93,350,123,0.0,0.0,0.0
405,True,True,,,116535,0,0,0,0,1,1,4.8,3.8,8,Alisson,3.3,366,False,,,55,116535.jpg,3.3,False,Becker,10.5,False,,a,12,14,10,105971,56379,262126,35307,0.6,1.8,A.Becker,30.0,2018-07-19,1992-10-02,False,p116535,270,0,0,1,4,0,0,0,0,0,3,2,44,44.8,0.0,0.0,4.5,9,26,0,0,3,0.00,0.01,0.01,3.12,117,15,699,84,691,83,232,17,,,,,,,0.0,1.0,0.0,0.0,1.04,1.33,132,2,102,12,122,13,39,6,1.0,0.33,0.0
406,True,True,,,449027,0,0,-1,1,0,1,1.5,0.5,0,Giorgi,0.0,367,False,,,44,449027.jpg,0.0,False,Mamardashvili,0.4,False,,a,12,14,0,3216,580,18879,3426,0.0,0.0,Mamardashvili,79.0,2024-08-27,2000-09-29,False,p449027,0,0,0,0,0,0,0,0,0,0,0,0,0,0.0,0.0,0.0,0.0,0,0,0,0,0,0.00,0.00,0.00,0.00,495,73,483,59,447,53,497,73,,,,,,,0.0,0.0,0.0,0.0,0.0,0.0,566,36,500,73,500,73,282,42,0.0,0.0,0.0
407,True,True,,,586268,0,0,0,0,0,1,1.5,0.5,0,Ármin,0.0,368,False,,,40,586268.jpg,0.0,False,Pécsi,0.1,False,,a,12,14,0,664,118,1975,378,0.0,0.0,Pécsi,98.0,2025-06-07,2005-02-24,False,p586268,0,0,0,0,0,0,0,0,0,0,0,0,0,0.0,0.0,0.0,0.0,0,0,0,0,0,0.00,0.00,0.00,0.00,462,67,449,53,411,47,465,67,,,,,,,0.0,0.0,0.0,0.0,0.0,0.0,720,84,467,67,467,67,511,75,0.0,0.0,0.0
408,True,True,,,155503,0,0,0,0,0,1,1.5,0.5,0,Freddie,0.0,369,False,,,40,155503.jpg,0.0,False,Woodman,0.1,False,,a,12,14,0,781,131,2232,457,0.0,0.0,Woodman,241.0,2025-07-01,1997-03-04,False,p155503,0,0,0,0,0,0,0,0,0,0,0,0,0,0.0,0.0,0.0,0.0,0,0,0,0,0,0.00,0.00,0.00,0.00,380,36,366,22,326,16,383,36,,,,,,,0.0,0.0,0.0,0.0,0.0,0.0,622,53,386,36,386,36,499,74,0.0,0.0,0.0
409,True,True,0.0,0.0,216094,0,0,-1,1,0,2,0.0,0.0,0,Jeremie,0.3,370,False,Hamstring injury - Expected back 14 Sep,2025-08-21T13:57:30.994073Z,59,216094.jpg,1.0,False,Frimpong,9.6,False,,i,12,14,1,59923,3115,2223325,153767,0.1,0.2,Frimpong,152.0,2025-06-01,2000-12-10,False,p216094,59,0,0,0,0,0,0,0,0,0,0,0,8,5.4,1.3,2.0,0.9,3,1,1,4,1,0.01,0.01,0.02,0.81,311,114,308,107,293,100,334,114,,,,,,,0.02,0.0,0.02,0.04,1.24,0.0,110,8,359,126,339,117,43,15,1.53,0.0,6.1
410,True,True,,,544877,0,0,0,0,0,2,3.8,2.8,6,Milos,2.3,371,False,,,60,544877.jpg,2.3,False,Kerkez,5.8,False,,a,12,14,7,111534,45388,231775,28371,0.4,1.2,Kerkez,98.0,2025-06-26,2003-11-07,False,p544877,239,0,0,1,2,0,0,0,1,0,0,0,39,48.0,4.2,0.0,5.3,18,11,6,24,3,0.00,0.01,0.01,2.23,103,47,258,76,718,244,207,72,,,,,,,0.0,0.0,0.0,0.0,0.84,0.75,97,6,179,66,191,69,70,25,1.13,0.38,9.04
411,True,True,,,122798,0,0,-1,1,0,2,1.5,0.5,0,Andrew,0.0,372,False,,,59,122798.jpg,0.0,False,Robertson,1.1,False,,a,12,14,0,9313,2053,50597,8903,0.0,0.0,Robertson,243.0,2017-07-21,1994-03-11,False,p122798,30,0,0,0,2,0,0,0,0,0,0,0,-3,5.4,4.1,2.0,1.2,2,0,0,2,0,0.00,0.04,0.04,0.89,310,113,259,77,292,99,325,110,4.0,,,,,,0.0,0.0,0.12,0.12,2.67,6.0,102,7,713,244,713,244,173,65,0.0,0.0,6.0
412,True,True,,,97032,0,0,0,0,0,2,6.2,5.2,8,Virgil,4.7,373,False,,,60,97032.jpg,4.7,False,van Dijk,25.8,False,,a,12,14,14,450497,164620,369026,56851,0.8,2.3,Virgil,152.0,2018-01-01,1991-07-08,False,p97032,270,0,0,1,4,0,0,0,0,0,0,2,50,119.2,4.9,27.0,15.1,43,7,1,44,3,0.18,0.03,0.21,3.12,3,1,251,75,88,9,44,5,,,3.0,,,,0.06,0.0,0.01,0.07,1.04,1.33,87,4,59,25,68,30,11,3,1.0,0.33,14.67
413,True,True,,,204716,0,0,0,0,0,2,3.8,2.8,6,Ibrahima,2.3,374,False,,,55,204716.jpg,2.3,False,Konaté,2.8,False,,a,12,14,7,56994,17359,104929,16495,0.4,1.3,Konaté,73.0,2021-07-01,1999-05-25,False,p204716,258,0,0,1,4,0,0,0,1,0,0,0,37,50.8,2.4,0.0,5.3,16,8,2,18,3,0.00,0.01,0.01,3.03,97,42,286,95,695,240,205,71,,,,,,,0.0,0.0,0.0,0.0,1.06,1.4,144,18,171,64,186,67,99,41,1.05,0.35,6.28
414,True,True,100.0,100.0,492777,0,0,0,0,0,2,1.5,0.5,0,Conor,0.0,375,False,,2025-08-10T23:00:06.506922Z,50,492777.jpg,0.0,False,Bradley,0.1,False,,a,12,14,0,4371,957,7790,1366,0.0,0.0,Bradley,242.0,2023-09-25,2003-07-09,False,p492777,10,0,0,0,1,0,0,0,1,0,0,0,-7,4.0,1.3,2.0,0.7,1,0,0,1,0,0.00,0.01,0.01,0.16,324,118,307,106,286,96,340,116,,,,,,,0.0,0.0,0.09,0.09,1.44,9.0,303,52,670,236,670,236,462,175,0.0,0.0,9.0
415,True,True,100.0,100.0,171287,0,0,0,0,0,2,2.2,1.2,1,Joe,0.7,376,False,,2025-08-10T23:00:06.519894Z,50,171287.jpg,1.0,False,Gomez,0.1,False,,a,12,14,2,3505,832,4192,1119,0.1,0.4,Gomez,241.0,2015-06-20,1997-05-23,False,p171287,29,0,0,0,1,0,0,0,0,0,0,0,5,14.6,0.5,0.0,1.5,8,1,0,8,0,0.00,0.00,0.00,0.30,244,96,326,118,630,227,315,107,,,,,,,0.0,0.0,0.0,0.0,0.93,3.1,252,39,305,101,312,112,442,168,0.0,0.0,24.83
416,True,True,,,214285,0,0,-1,1,0,2,1.5,0.5,0,Konstantinos,0.0,377,False,,,49,214285.jpg,0.0,False,Tsimikas,0.1,False,,a,12,14,0,1128,187,5626,966,0.0,0.0,Tsimikas,83.0,2020-08-10,1996-05-12,False,p214285,0,0,0,0,0,0,0,0,0,0,0,0,0,0.0,0.0,0.0,0.0,0,0,0,0,0,0.00,0.00,0.00,0.00,632,233,624,233,598,221,633,233,3.0,,,,,,0.0,0.0,0.0,0.0,0.0,0.0,343,57,631,230,631,230,486,183,0.0,0.0,0.0
417,True,True,,,611926,-1,1,-1,1,0,2,1.5,0.5,0,Amara,0.0,378,False,,,39,611926.jpg,0.0,False,Nallo,0.2,False,,a,12,14,0,6854,6505,4852,1976,0.0,0.0,Nallo,241.0,2024-02-27,2006-11-18,False,p611926,0,0,0,0,0,0,0,0,0,0,0,0,0,0.0,0.0,0.0,0.0,0,0,0,0,0,0.00,0.00,0.00,0.00,361,130,346,128,305,107,364,131,,,,,,,0.0,0.0,0.0,0.0,0.0,0.0,736,244,368,130,368,130,407,151,0.0,0.0,0.0
418,True,True,,,219937,-1,1,-1,1,0,2,1.5,0.5,0,Rhys,0.0,379,False,,,39,219937.jpg,0.0,False,Williams,0.2,False,,a,12,14,0,4139,3178,6218,1474,0.0,0.0,R.Williams,241.0,2020-09-23,2001-02-03,False,p219937,0,0,0,0,0,0,0,0,0,0,0,0,0,0.0,0.0,0.0,0.0,0,0,0,0,0,0.00,0.00,0.00,0.00,358,127,343,125,302,104,361,128,,,,,,,0.0,0.0,0.0,0.0,0.0,0.0,733,241,365,127,365,127,375,134,0.0,0.0,0.0
419,True,True,,,489580,-1,1,-1,1,0,2,1.5,0.5,0,Calvin,0.0,380,False,,,39,489580.jpg,0.0,False,Ramsay,0.2,False,,a,12,14,0,1288,277,5708,1001,0.0,0.0,Ramsay,243.0,2022-06-19,2003-07-31,False,p489580,0,0,0,0,0,0,0,0,0,0,0,0,0,0.0,0.0,0.0,0.0,0,0,0,0,0,0.00,0.00,0.00,0.00,359,128,344,126,303,105,362,129,,,,,,,0.0,0.0,0.0,0.0,0.0,0.0,734,242,366,128,366,128,408,152,0.0,0.0,0.0
420,True,True,,,118748,0,0,0,0,0,3,6.8,5.8,3,Mohamed,5.3,381,False,,,145,118748.jpg,5.3,False,Salah,54.0,False,,a,12,14,16,569663,127825,452574,114591,0.4,1.1,M.Salah,63.0,2017-07-01,1992-06-15,False,p118748,270,1,1,1,4,0,0,0,0,0,0,1,65,70.4,68.9,74.0,21.3,2,12,0,14,3,0.31,0.35,0.66,3.12,49,19,26,25,18,10,15,11,,,4.0,,1.0,,0.1,0.0,0.12,0.22,1.04,1.33,1,1,46,18,55,23,2,1,1.0,0.33,4.67
421,True,True,,,494595,0,0,-1,1,0,3,3.8,2.8,3,Florian,2.3,382,False,,,84,494595.jpg,2.3,False,Wirtz,20.7,False,,a,12,14,7,191571,58293,1413424,217608,0.3,0.8,Wirtz,80.0,2025-06-20,2003-05-03,False,p494595,248,0,0,1,3,0,0,0,0,0,0,0,41,28.6,67.8,54.0,15.0,3,12,5,20,3,0.37,0.44,0.80,2.88,179,68,28,26,43,23,46,31,1.0,,,,,,0.13,0.0,0.16,0.29,1.05,1.09,12,7,184,84,195,92,20,7,1.09,0.36,7.26
422,True,False,0.0,0.0,244731,0,0,0,0,0,3,0.0,0.0,0,Luis,0.0,383,False,Has joined Bayern Munch permanently.,2025-07-30T14:05:01.491481Z,80,244731.jpg,0.0,False,Díaz Marulanda,0.1,False,,u,12,14,0,0,0,6213,363,0.0,0.0,Luis Díaz,48.0,2022-01-30,1997-01-13,False,p244731,0,0,0,0,0,0,0,0,0,0,0,0,0,0.0,0.0,0.0,0.0,0,0,0,0,0,0.00,0.00,0.00,0.00,734,326,734,326,734,326,734,326,,,,,,,0.0,0.0,0.0,0.0,0.0,0.0,16,11,734,326,734,326,558,209,0.0,0.0,0.0
423,True,True,,,243298,1,-1,2,-2,0,3,8.2,7.2,3,Cody,6.7,384,False,,,77,243298.jpg,6.7,False,Gakpo,16.0,False,,a,12,14,20,1130607,310461,269197,76980,0.9,2.6,Gakpo,152.0,2023-01-01,1999-05-07,False,p243298,270,1,2,1,4,0,0,0,0,0,0,2,73,99.0,75.8,76.0,25.1,5,12,5,22,3,0.31,0.52,0.83,3.12,12,7,17,16,15,7,6,4,,,,,2.0,,0.1,0.0,0.17,0.27,1.04,1.33,20,13,17,7,22,9,27,9,1.0,0.33,7.33
424,True,True,,,223541,0,0,0,0,0,3,4.2,3.2,1,Federico,2.7,385,False,,,65,223541.jpg,2.7,False,Chiesa,0.3,False,,a,12,14,8,13719,1273,13960,4113,0.4,1.2,Chiesa,106.0,2024-08-29,1997-10-25,False,p223541,29,1,0,0,1,0,0,0,0,0,0,0,33,36.6,0.7,19.0,5.7,1,0,1,2,0,0.28,0.00,0.28,0.25,146,51,320,168,132,85,192,92,,,,,,,0.87,0.0,0.0,0.87,0.78,3.1,56,38,150,60,169,74,292,94,0.0,0.0,6.21
425,True,True,100.0,75.0,243016,-1,1,-1,1,0,3,4.2,2.4,3,Alexis,2.7,386,False,,2025-08-28T17:30:07.822110Z,64,243016.jpg,4.0,False,Mac Allister,1.5,False,,a,12,14,8,37230,4073,92393,21199,0.4,1.2,Mac Allister,10.0,2023-06-14,1998-12-24,False,p243016,131,0,1,1,1,0,0,0,0,0,0,0,34,33.6,36.7,16.0,8.7,3,9,3,15,2,0.08,0.07,0.15,1.80,162,60,82,59,150,97,123,66,2.0,,5.0,,3.0,,0.05,0.0,0.05,0.1,1.24,0.69,68,46,149,59,99,36,149,46,1.37,0.69,10.31
426,True,True,,,424876,0,0,0,0,1,3,7.2,6.2,13,Dominik,5.7,387,False,,,65,424876.jpg,5.7,False,Szoboszlai,2.6,False,,a,12,14,17,103082,80926,77677,12734,0.9,2.6,Szoboszlai,98.0,2023-07-02,2000-10-25,False,p424876,270,1,0,1,4,0,0,0,0,0,0,3,75,79.6,49.2,33.0,16.2,13,14,7,34,3,0.13,0.12,0.25,3.12,31,14,48,36,72,44,36,26,5.0,,2.0,,,,0.04,0.0,0.04,0.08,1.04,1.33,58,40,35,13,44,18,106,34,1.0,0.33,11.33
427,True,True,,,206915,0,0,-1,1,0,3,3.8,2.8,4,Curtis,2.3,388,False,,,54,206915.jpg,2.3,False,Jones,0.1,False,,a,12,14,7,2412,640,5640,946,0.4,1.3,C.Jones,241.0,2018-04-06,2001-01-30,False,p206915,137,0,1,0,3,0,0,0,0,0,0,0,34,21.2,30.3,0.0,5.1,1,9,4,14,1,0.00,0.08,0.08,1.32,217,96,97,69,672,295,215,102,,,,,,,0.0,0.0,0.05,0.05,0.87,1.97,193,122,168,71,183,83,483,164,0.66,0.0,9.2
428,True,True,100.0,100.0,441266,0,0,0,0,0,3,4.5,3.5,2,Ryan,3.0,390,False,,2025-07-21T10:00:04.921035Z,55,441266.jpg,4.5,False,Gravenberch,0.5,False,,a,12,14,9,38052,14004,14008,6243,0.5,1.6,Gravenberch,152.0,2023-09-01,2002-05-16,False,p441266,180,1,0,1,2,0,0,0,2,0,0,1,41,46.8,21.6,8.0,7.7,4,11,2,17,2,0.04,0.02,0.06,1.42,106,35,129,87,204,117,145,75,,,,,,,0.02,0.0,0.01,0.03,0.71,1.0,160,98,121,45,75,29,232,79,1.0,0.5,8.5
429,True,True,,,158983,0,0,0,0,0,3,3.2,2.2,0,Endo,1.7,392,False,,,50,158983.jpg,1.7,False,Wataru,0.1,False,,a,12,14,5,3038,500,5248,1288,0.3,1.0,Endo,108.0,2023-08-18,1993-02-09,False,p158983,32,0,1,0,2,0,0,0,1,0,0,0,16,24.6,10.7,0.0,3.5,2,0,2,4,0,0.00,0.00,0.00,0.98,194,77,205,123,629,269,262,129,,,,,,,0.0,0.0,0.0,0.0,2.76,5.62,248,154,217,105,236,119,470,159,0.0,0.0,11.25
430,True,True,,,535928,0,0,-1,1,0,3,1.5,0.5,0,Stefan,0.0,393,False,,,44,535928.jpg,0.0,False,Bajčetić Maquieira,0.1,False,,a,12,14,0,4004,2460,2973,1078,0.0,0.0,Bajcetic,200.0,2022-07-11,2004-10-22,False,p535928,0,0,0,0,0,0,0,0,0,0,0,0,0,0.0,0.0,0.0,0.0,0,0,0,0,0,0.00,0.00,0.00,0.00,510,183,498,186,463,172,512,184,,,,,,,0.0,0.0,0.0,0.0,0.0,0.0,585,322,515,189,515,189,524,185,0.0,0.0,0.0
431,True,True,,,491501,-1,1,-1,1,0,3,1.5,0.5,0,James,0.0,394,False,,,44,491501.jpg,0.0,False,McConnell,0.0,False,,a,12,14,0,1013,728,1438,400,0.0,0.0,McConnell,,,,False,p491501,0,0,0,0,0,0,0,0,0,0,0,0,0,0.0,0.0,0.0,0.0,0,0,0,0,0,0.00,0.00,0.00,0.00,500,178,488,181,453,167,502,179,,,,,,,0.0,0.0,0.0,0.0,0.0,0.0,574,317,505,184,505,184,612,249,0.0,0.0,0.0
432,True,False,0.0,0.0,440148,0,0,0,0,0,3,0.0,0.0,0,Tyler,0.0,395,False,Has joined Lyon permanently.,2025-08-11T01:13:11.403187Z,45,440148.jpg,0.0,False,Morton,0.0,False,,u,12,14,0,0,0,252,26,0.0,0.0,Morton,241.0,2021-07-22,2002-10-31,False,p440148,0,0,0,0,0,0,0,0,0,0,0,0,0,0.0,0.0,0.0,0.0,0,0,0,0,0,0.00,0.00,0.00,0.00,547,196,538,199,509,187,549,197,,,,,,,0.0,0.0,0.0,0.0,0.0,0.0,440,251,551,202,551,202,716,314,0.0,0.0,0.0
433,True,True,,,591386,0,0,-1,1,0,3,1.5,0.5,0,Trey,0.0,396,False,,,44,591386.jpg,0.0,False,Nyoni,0.3,False,,a,12,14,0,22861,4714,10692,3663,0.0,0.0,Nyoni,241.0,2023-11-11,2007-06-30,False,p591386,0,0,0,0,0,0,0,0,0,0,0,0,0,0.0,0.0,0.0,0.0,0,0,0,0,0,0.00,0.00,0.00,0.00,519,185,507,188,472,174,521,186,,,,,,,0.0,0.0,0.0,0.0,0.0,0.0,594,324,523,191,523,191,333,112,0.0,0.0,0.0
434,True,False,0.0,0.0,447203,0,0,0,0,0,4,0.0,0.0,0,Darwin,0.0,397,False,Has joined Al-Hilal permanently.,2025-08-11T11:06:59.061616Z,65,447203.jpg,0.0,False,Núñez Ribeiro,0.1,False,,u,12,14,0,0,0,14086,759,0.0,0.0,Darwin,230.0,2022-06-14,1999-06-24,False,p447203,0,0,0,0,0,0,0,0,0,0,0,0,0,0.0,0.0,0.0,0.0,0,0,0,0,0,0.00,0.00,0.00,0.00,725,75,725,75,725,75,725,75,,,,,,,0.0,0.0,0.0,0.0,0.0,0.0,60,19,725,75,725,75,503,68,0.0,0.0,0.0
435,True,True,,,500058,0,0,-1,1,0,4,1.5,0.5,0,Jayden,0.0,398,False,,,44,500058.jpg,0.0,False,Danns,0.1,False,,a,12,14,0,2990,965,7022,1359,0.0,0.0,Danns,,,,False,p500058,0,0,0,0,0,0,0,0,0,0,0,0,0,0.0,0.0,0.0,0.0,0,0,0,0,0,0.00,0.00,0.00,0.00,504,42,492,41,457,41,506,43,,,,,,,0.0,0.0,0.0,0.0,0.0,0.0,579,72,509,43,509,43,432,60,0.0,0.0,0.0
436,True,True,100.0,0.0,219168,0,0,-1,1,0,4,1.5,0.0,0,Alexander,0.0,499,False,,2025-08-15T11:30:07.344023Z,104,219168.jpg,0.0,False,Isak,6.9,False,,a,12,14,0,428782,413763,599536,52336,0.0,0.0,Isak,206.0,2025-09-01,1999-09-21,False,p219168,0,0,0,0,0,0,0,0,0,0,0,0,0,0.0,0.0,0.0,0.0,0,0,0,0,0,0.00,0.00,0.00,0.00,736,80,736,80,736,80,736,80,,,3.0,,2.0,,0.0,0.0,0.0,0.0,0.0,0.0,3,2,736,80,736,80,61,11,0.0,0.0,0.0
437,True,True,,,510663,0,0,2,-2,0,4,8.8,7.8,2,Hugo,7.3,661,False,,,87,510663.jpg,7.3,False,Ekitiké,29.4,False,,a,12,14,22,1675815,335010,426160,163824,0.8,2.5,Ekitiké,73.0,2025-07-23,2002-06-20,False,p510663,228,2,1,1,2,0,0,0,0,0,0,5,73,92.8,47.1,62.0,20.2,4,3,1,8,3,1.35,0.08,1.43,2.67,17,3,52,4,30,11,20,5,,,,,,,0.53,0.0,0.03,0.56,1.05,0.79,9,5,12,3,16,3,7,3,1.18,0.39,3.16
438,True,True,,,611922,0,0,0,0,0,3,3.5,2.5,0,Rio,2.0,686,False,,,45,611922.jpg,6.0,False,Ngumoha,0.4,False,,a,12,14,6,51116,9433,17897,7114,0.4,1.3,Ngumoha,241.0,2024-12-17,2008-08-29,False,p611922,1,1,0,0,0,0,0,0,0,0,0,0,27,34.0,0.1,17.0,5.1,0,0,0,0,0,0.37,0.00,0.37,0.00,156,57,340,176,139,88,212,100,,,,,,,33.3,0.0,0.0,33.3,0.0,0.0,526,305,191,86,28,10,263,86,0.0,0.0,0.0
439,True,True,,,647681,0,0,0,0,0,2,1.5,0.5,0,Giovanni,0.0,692,False,,,50,647681.jpg,0.0,False,Leoni,0.0,False,,a,12,14,0,1057,199,852,304,0.0,0.0,Leoni,106.0,2025-08-15,2006-12-21,False,p647681,0,0,0,0,0,0,0,0,0,0,0,0,0,0.0,0.0,0.0,0.0,0,0,0,0,0,0.00,0.00,0.00,0.00,680,239,679,239,663,232,681,239,,,,,,,0.0,0.0,0.0,0.0,0.0,0.0,322,55,680,238,680,238,659,223,0.0,0.0,0.0
440,True,True,,,432720,0,0,0,0,0,1,4.2,4.2,2,James,3.7,182,False,,,50,432720.jpg,3.7,False,Trafford,2.4,False,,a,13,43,11,89518,7180,94535,25675,0.7,2.2,Trafford,241.0,2025-07-29,2002-10-10,False,p432720,270,0,0,1,4,0,0,0,0,0,11,0,62,100.2,0.0,0.0,10.1,6,33,2,0,3,0.00,0.00,0.00,3.97,11,1,661,80,642,78,96,1,,,,,,,0.0,3.67,0.0,0.0,1.32,1.33,279,13,91,10,105,10,113,15,1.0,0.33,0.0
441,True,False,0.0,,121160,-1,1,-2,2,0,1,0.0,0.5,0,Ederson,0.0,399,False,has joined Fenerbache permanently.,2025-09-02T13:32:35.715838Z,53,121160.jpg,0.0,False,Santana de Moraes,1.9,False,,u,13,43,0,15200,1668,156805,30529,0.0,0.0,Ederson M.,30.0,2017-07-01,1993-08-17,False,p121160,0,0,0,0,0,0,0,0,0,0,0,0,0,0.0,0.0,0.0,0.0,0,0,0,0,0,0.00,0.00,0.00,0.00,681,84,680,82,664,81,682,84,,,,,,,0.0,0.0,0.0,0.0,0.0,0.0,227,5,681,84,681,84,126,16,0.0,0.0,0.0
442,True,True,,,88248,0,0,-1,1,0,1,0.5,0.5,0,Stefan,0.0,400,False,,,49,88248.jpg,0.0,False,Ortega Moreno,0.2,False,,a,13,43,0,1148,316,9188,1251,0.0,0.0,Ortega Moreno,80.0,2022-07-01,1992-11-06,False,p88248,0,0,0,0,0,0,0,0,0,0,0,0,0,0.0,0.0,0.0,0.0,0,0,0,0,0,0.00,0.00,0.00,0.00,619,80,611,72,584,68,620,80,,,,,,,0.0,0.0,0.0,0.0,0.0,0.0,324,16,619,80,619,80,347,53,0.0,0.0,0.0
443,True,True,0.0,0.0,122074,0,0,0,0,0,1,0.0,0.0,0,Marcus,0.0,401,False,Knock - Unknown return date,2025-08-22T12:00:07.134628Z,40,122074.jpg,0.0,False,Bettinelli,0.1,False,,i,13,43,0,857,43,5639,859,0.0,0.0,Bettinelli,241.0,2025-06-10,1992-05-24,False,p122074,0,0,0,0,0,0,0,0,0,0,0,0,0,0.0,0.0,0.0,0.0,0,0,0,0,0,0.00,0.00,0.00,0.00,378,34,364,20,324,14,381,34,,,,,,,0.0,0.0,0.0,0.0,0.0,0.0,620,51,384,34,384,34,443,66,0.0,0.0,0.0
444,True,True,100.0,100.0,448514,0,0,0,0,0,2,3.8,3.8,0,Rayan,3.3,402,False,,2025-08-23T22:30:06.169484Z,60,448514.jpg,3.3,False,Aït-Nouri,17.1,False,,a,13,43,10,466208,27067,809675,116858,0.6,1.7,Aït-Nouri,3.0,2025-06-09,2001-06-06,False,p448514,202,0,0,1,2,0,0,0,1,0,0,1,34,43.0,26.7,7.0,7.6,14,8,9,23,3,0.04,0.48,0.52,2.94,123,56,109,24,219,64,148,46,,,,,,,0.02,0.0,0.21,0.23,1.31,0.89,90,5,105,43,125,50,23,7,1.34,0.45,10.25
445,True,True,0.0,0.0,477424,-1,1,-2,2,0,2,0.0,0.0,0,Joško,0.0,403,False,Knock - Unknown return date,2025-08-15T14:00:07.606174Z,58,477424.jpg,0.0,False,Gvardiol,3.2,False,,i,13,43,0,3004,491,742308,45644,0.0,0.0,Gvardiol,97.0,2023-08-05,2002-01-23,False,p477424,0,0,0,0,0,0,0,0,0,0,0,0,0,0.0,0.0,0.0,0.0,0,0,0,0,0,0.00,0.00,0.00,0.00,712,244,712,244,709,243,712,244,,,,,,,0.0,0.0,0.0,0.0,0.0,0.0,122,9,711,243,711,243,94,38,0.0,0.0,0.0
446,True,False,0.0,,211975,0,0,-1,1,0,2,0.0,0.5,0,Manuel,0.0,404,False,has joined Inter Milan on loan for the rest of the season.,2025-09-02T13:32:35.738667Z,54,211975.jpg,0.0,False,Akanji,0.6,False,,u,13,43,0,9281,836,47614,11435,0.0,0.0,Akanji,207.0,2022-09-01,1995-07-19,False,p211975,0,0,0,0,0,0,0,0,0,0,0,0,0,0.0,0.0,0.0,0.0,0,0,0,0,0,0.00,0.00,0.00,0.00,689,241,688,241,674,234,690,241,,,,,,,0.0,0.0,0.0,0.0,0.0,0.0,195,25,689,240,689,240,221,82,0.0,0.0,0.0
447,True,True,,,126184,0,0,0,0,0,2,0.8,0.8,0,Nathan,0.3,405,False,,,55,126184.jpg,1.0,False,Aké,0.7,False,,a,13,43,1,11599,1543,27124,6408,0.1,0.2,Aké,152.0,2020-08-05,1995-02-18,False,p126184,67,0,0,0,2,0,0,0,0,0,0,0,9,15.2,9.8,5.0,3.0,4,2,1,5,0,0.14,0.12,0.26,1.03,240,93,219,64,238,73,279,93,,,,,,,0.19,0.0,0.16,0.35,1.38,2.69,135,16,357,125,331,116,211,78,0.0,0.0,6.72
448,True,True,,,578153,0,0,-1,1,0,2,1.2,1.2,1,Abdukodir,0.7,406,False,,,54,578153.jpg,1.0,False,Khusanov,0.3,False,,a,13,43,2,5309,1640,17352,2657,0.1,0.4,Khusanov,231.0,2025-01-20,2004-02-29,False,p578153,92,0,0,0,1,0,0,0,1,0,0,0,15,17.6,2.3,0.0,2.0,2,1,5,7,1,0.00,0.01,0.01,1.27,232,90,289,97,686,238,304,101,,,,,,,0.0,0.0,0.01,0.01,1.24,0.98,224,31,311,103,329,115,289,105,0.98,0.0,6.85
449,True,True,,,465351,0,0,-1,1,0,2,1.5,1.5,2,Matheus,1.0,407,False,,,54,465351.jpg,1.5,False,Nunes,0.3,False,,a,13,43,3,4666,962,22705,2622,0.2,0.6,Matheus N.,173.0,2023-09-01,1998-08-27,False,p465351,108,0,0,0,1,0,0,0,0,0,0,0,12,14.4,6.5,0.0,2.1,9,7,1,10,1,0.00,0.02,0.02,1.40,246,97,236,69,680,236,301,99,,,,,4.0,,0.0,0.0,0.02,0.02,1.17,0.83,208,27,275,91,255,83,294,108,0.83,0.0,8.33
450,True,True,,,171314,0,0,0,0,0,2,3.2,3.2,1,Rúben,2.7,408,False,,,55,171314.jpg,2.7,False,dos Santos Gato Alves Dias,4.1,False,,a,13,43,8,117758,8826,98900,33337,0.5,1.5,Rúben,173.0,2020-09-29,1997-05-14,False,p171314,185,0,0,1,3,0,0,0,0,0,0,0,30,45.4,3.4,2.0,5.1,10,6,2,12,2,0.00,0.09,0.09,2.78,112,51,272,85,289,98,217,76,,,,,,,0.0,0.0,0.04,0.04,1.35,1.46,139,17,144,59,164,63,87,34,0.97,0.49,5.84
451,True,True,,,97299,0,0,0,0,0,2,3.2,3.2,1,John,2.7,409,False,,,55,97299.jpg,2.7,False,Stones,1.1,False,,a,13,43,8,33836,4259,22520,6969,0.5,1.5,Stones,241.0,2016-08-09,1994-05-28,False,p97299,261,0,0,1,4,0,0,0,0,0,0,0,44,53.8,5.8,0.0,6.0,14,13,0,14,3,0.00,0.04,0.04,3.88,84,33,240,71,688,239,185,62,,,,,,,0.0,0.0,0.01,0.01,1.34,1.38,129,14,143,58,163,62,179,67,1.03,0.34,4.83
452,True,True,,,477064,0,0,0,0,1,2,4.8,4.8,1,Rico,4.3,410,False,,,50,477064.jpg,4.3,False,Lewis,3.7,False,,a,13,43,13,329301,7155,131897,40944,0.9,2.6,Lewis,241.0,2022-07-16,2004-11-21,False,p477064,160,0,1,1,3,0,0,0,0,0,0,2,44,46.4,28.2,13.0,8.7,9,4,3,12,2,0.02,0.67,0.69,2.57,107,48,103,23,166,35,121,35,,,,,,,0.01,0.0,0.38,0.39,1.45,1.69,295,49,76,34,87,39,91,37,1.12,0.56,6.75
453,True,True,,,472769,0,0,-1,1,0,2,0.8,0.8,1,Nico,0.3,411,False,,,49,472769.jpg,0.5,False,O'Reilly,0.1,False,,a,13,43,1,2538,359,7795,1160,0.1,0.2,O’Reilly,241.0,2022-12-16,2005-03-21,False,p472769,42,0,0,0,1,0,0,0,1,0,0,0,-3,7.8,6.5,2.0,1.6,1,1,2,3,0,0.02,0.01,0.03,1.44,285,108,235,68,279,94,311,103,,,,,,,0.04,0.0,0.02,0.06,3.09,2.14,364,63,345,122,360,123,440,167,0.0,0.0,6.43
454,True,False,0.0,0.0,616222,0,0,0,0,0,2,0.0,0.0,0,Vitor,0.0,412,False,Has joined Girona on loan for the rest of the season.,2025-08-11T01:23:23.836966Z,50,616222.jpg,0.0,False,de Oliveira Nunes dos Reis,0.0,False,,u,13,43,0,0,0,692,52,0.0,0.0,Vitor Reis,30.0,2025-01-21,2006-01-12,False,p616222,0,0,0,0,0,0,0,0,0,0,0,0,0,0.0,0.0,0.0,0.0,0,0,0,0,0,0.00,0.00,0.00,0.00,679,238,678,238,662,231,680,238,,,,,,,0.0,0.0,0.0,0.0,0.0,0.0,321,54,679,237,679,237,701,234,0.0,0.0,0.0
455,True,True,,,438234,0,0,-1,1,0,3,3.5,3.5,7,Omar,3.0,413,False,,,84,438234.jpg,3.0,False,Marmoush,7.4,False,,a,13,43,9,151612,40959,578691,52231,0.4,1.1,Marmoush,63.0,2025-01-23,1999-02-07,False,p438234,148,0,1,0,3,0,0,0,0,0,0,2,37,38.2,36.1,58.0,13.3,3,7,3,13,2,0.82,0.45,1.27,1.90,140,47,85,61,37,20,59,39,2.0,,1.0,,2.0,,0.5,0.0,0.27,0.77,1.16,1.82,11,6,130,53,152,68,58,19,1.22,0.0,7.91
456,True,True,100.0,100.0,209244,0,0,0,0,0,3,0.8,0.8,0,Phil,0.3,414,False,,2025-08-10T23:00:06.538510Z,80,209244.jpg,1.0,False,Foden,1.5,False,,a,13,43,1,34285,7357,68743,16181,0.0,0.1,Foden,241.0,2016-12-05,2000-05-28,False,p209244,15,0,0,0,0,0,0,0,0,0,0,0,8,5.6,14.3,12.0,3.2,0,3,0,3,0,0.18,0.02,0.20,0.36,306,149,174,106,176,106,273,138,3.0,,3.0,,,,1.08,0.0,0.12,1.2,2.16,0.0,15,10,364,179,353,177,153,48,0.0,0.0,18.0
457,True,True,0.0,0.0,510281,0,0,-1,1,0,3,0.0,0.0,0,Sávio,0.0,415,False,Knock - Expected back 14 Sep,2025-08-15T14:00:07.649098Z,69,510281.jpg,0.0,False,Moreira de Oliveira,0.4,False,,i,13,43,0,572,114,69612,3965,0.0,0.0,Savinho,30.0,2024-07-18,2004-04-10,False,p510281,0,0,0,0,0,0,0,0,0,0,0,0,0,0.0,0.0,0.0,0.0,0,0,0,0,0,0.00,0.00,0.00,0.00,728,323,728,323,728,323,728,323,,,,,,,0.0,0.0,0.0,0.0,0.0,0.0,46,30,728,323,728,323,265,88,0.0,0.0,0.0
458,True,True,,,165809,0,0,-1,1,0,3,2.5,2.5,2,Bernardo,2.0,416,False,,,64,165809.jpg,2.0,False,Mota Veiga de Carvalho e Silva,0.7,False,,a,13,43,6,13943,2235,37789,5801,0.3,0.9,Bernardo,173.0,2017-07-01,1994-08-10,False,p165809,172,0,0,1,1,0,0,0,0,0,0,0,35,28.4,70.1,10.0,10.8,5,6,5,16,2,0.00,0.49,0.49,1.91,181,70,24,23,187,110,91,54,1.0,,,,,,0.0,0.0,0.26,0.26,1.0,0.52,66,44,207,99,223,111,216,72,1.05,0.52,8.37
459,True,True,0.0,,466052,0,0,0,0,0,3,0.0,2.8,0,Rayan,2.3,417,False,Thigh injury - Expected back 26 Oct,2025-09-01T10:30:08.352331Z,65,466052.jpg,3.5,False,Cherki,5.8,False,,i,13,43,7,175044,5965,469717,208173,0.4,1.1,Cherki,73.0,2025-06-10,2003-08-17,False,p466052,70,1,0,0,2,0,0,0,0,0,0,0,32,50.2,28.3,15.0,9.4,2,3,4,9,1,0.06,0.47,0.53,0.83,98,34,102,72,155,99,108,61,,,,,,,0.08,0.0,0.6,0.68,1.07,2.57,61,42,181,81,115,46,71,24,1.29,0.0,11.57
460,True,True,,,248875,0,0,-1,1,0,3,2.2,2.2,1,Jérémy,1.7,418,False,,,64,248875.jpg,1.7,False,Doku,0.9,False,,a,13,43,5,18486,2470,58500,10663,0.3,0.8,Doku,21.0,2023-08-24,2002-05-27,False,p248875,119,0,0,1,1,0,0,0,0,0,0,0,9,6.2,36.5,14.0,5.5,0,2,0,2,1,0.00,0.28,0.28,2.07,301,146,83,60,162,100,199,96,,,,,3.0,,0.0,0.0,0.21,0.21,1.57,0.76,70,47,226,111,245,125,189,64,0.76,0.76,1.51
461,True,True,,,59859,0,0,-2,2,0,3,0.5,0.5,0,İlkay,0.0,420,False,,,63,59859.jpg,0.0,False,Gündoğan,0.1,False,,a,13,43,0,1925,631,11319,1842,0.0,0.0,Gündoğan,80.0,2024-08-23,1990-10-24,False,p59859,0,0,0,0,0,0,0,0,0,0,0,0,0,0.0,0.0,0.0,0.0,0,0,0,0,0,0.00,0.00,0.00,0.00,720,319,720,319,720,319,720,319,4.0,,4.0,,,,0.0,0.0,0.0,0.0,0.0,0.0,76,53,720,319,720,319,430,144,0.0,0.0,0.0
462,True,True,100.0,100.0,220566,0,0,-1,1,0,3,1.5,1.5,2,Rodrigo 'Rodri',1.0,421,False,,2025-08-10T23:00:06.551720Z,64,220566.jpg,1.5,False,Hernandez Cascante,0.6,False,,a,13,43,3,16098,5687,30127,4961,0.2,0.5,Rodrigo,200.0,2019-07-04,1996-06-22,False,p220566,105,0,0,0,2,0,0,0,0,0,0,0,21,18.4,28.8,18.0,6.5,1,12,2,15,1,0.08,0.18,0.26,2.66,230,104,101,71,137,87,176,87,,,,,,,0.07,0.0,0.15,0.22,2.28,1.71,67,45,286,145,257,131,220,74,0.86,0.0,12.86
463,True,True,0.0,0.0,91651,0,0,0,0,0,3,0.0,0.0,0,Mateo,0.0,422,False,Achilles injury - Expected back 13 Sep,2025-07-21T10:00:04.940328Z,60,91651.jpg,0.0,False,Kovačić,0.0,False,,i,13,43,0,170,41,598,86,0.0,0.0,Kovačić,97.0,2023-06-27,1994-05-06,False,p91651,0,0,0,0,0,0,0,0,0,0,0,0,0,0.0,0.0,0.0,0.0,0,0,0,0,0,0.00,0.00,0.00,0.00,717,316,717,316,715,316,717,316,,,,,,,0.0,0.0,0.0,0.0,0.0,0.0,86,58,717,316,717,316,686,299,0.0,0.0,0.0
464,True,True,,,465694,0,0,0,0,0,3,1.8,1.8,0,Nico,1.3,423,False,,,60,465694.jpg,2.0,False,González Iglesias,0.1,False,,a,13,43,4,3911,626,4947,1196,0.2,0.7,N.Gonzalez,200.0,2025-02-03,2002-01-03,False,p465694,164,0,0,1,2,0,0,0,1,0,0,0,42,35.2,12.3,6.0,5.3,5,6,6,17,2,0.05,0.07,0.12,1.31,152,56,190,116,233,130,206,99,,,,,,,0.03,0.0,0.04,0.07,0.72,1.1,92,61,246,122,221,109,498,171,1.1,0.55,9.33
465,True,True,,,477555,0,0,0,0,0,3,3.8,3.8,2,Oscar,3.3,424,False,,,55,477555.jpg,3.3,False,Bobb,0.5,False,,a,13,43,10,53101,7928,23715,6231,0.6,1.8,Bobb,161.0,2022-01-06,2003-07-12,False,p477555,254,0,1,1,4,0,0,0,0,0,0,0,42,39.6,66.0,38.0,14.4,1,10,4,15,3,0.30,0.46,0.76,3.61,131,41,31,29,62,36,49,32,,,,,,,0.11,0.0,0.16,0.27,1.28,1.42,166,103,104,38,124,50,239,81,1.06,0.35,5.31
466,True,False,0.0,0.0,575204,0,0,-1,1,0,3,0.0,0.0,0,Claudio,0.0,425,False,Has joined Bayer Leverkusen on loan for the rest of the season.,2025-08-21T14:03:07.217793Z,54,575204.jpg,0.0,False,Echeverri,0.0,False,,u,13,43,0,194,0,2624,214,0.0,0.0,Echeverri,10.0,2024-01-25,2006-01-02,False,p575204,0,0,0,0,0,0,0,0,0,0,0,0,0,0.0,0.0,0.0,0.0,0,0,0,0,0,0.00,0.00,0.00,0.00,696,304,695,305,685,302,697,305,,,2.0,,,,0.0,0.0,0.0,0.0,0.0,0.0,223,141,696,305,696,305,662,285,0.0,0.0,0.0
467,True,True,,,433036,0,0,2,-2,1,3,5.2,5.2,2,Tijjani,4.7,427,False,,,57,433036.jpg,4.7,False,Reijnders,32.8,False,,a,13,43,14,1775128,102648,448671,190244,0.8,2.5,Reijnders,152.0,2025-06-10,1998-07-29,False,p433036,270,1,1,1,4,0,0,0,1,0,0,0,61,67.0,61.1,33.0,16.2,2,8,3,13,3,0.26,0.30,0.56,3.97,55,22,35,32,71,43,34,24,,,,,,,0.09,0.0,0.1,0.19,1.32,1.33,123,82,58,21,67,25,4,2,1.0,0.33,4.33
468,True,False,0.0,0.0,566164,0,0,0,0,0,3,0.0,0.0,0,Sverre,0.0,428,False,Has joined Middlesbrough on loan for the rest of the season.,2025-08-19T13:38:08.307876Z,50,566164.jpg,0.0,False,Nypan,0.0,False,,u,13,43,0,73,0,1921,160,0.0,0.0,Nypan,161.0,2025-07-17,2006-12-19,False,p566164,0,0,0,0,0,0,0,0,0,0,0,0,0,0.0,0.0,0.0,0.0,0,0,0,0,0,0.00,0.00,0.00,0.00,677,294,676,295,660,288,678,295,,,,,,,0.0,0.0,0.0,0.0,0.0,0.0,318,197,677,295,677,295,654,281,0.0,0.0,0.0
469,True,True,,,155405,0,0,-1,1,0,3,0.5,0.5,0,Kalvin,0.0,429,False,,,49,155405.jpg,0.0,False,Phillips,0.1,False,,a,13,43,0,933,269,2874,496,0.0,0.0,Phillips,241.0,2022-07-04,1995-12-02,False,p155405,0,0,0,0,0,0,0,0,0,0,0,0,0,0.0,0.0,0.0,0.0,0,0,0,0,0,0.00,0.00,0.00,0.00,623,254,615,255,588,245,624,255,,,,,,,0.0,0.0,0.0,0.0,0.0,0.0,329,204,623,257,623,257,545,200,0.0,0.0,0.0
470,True,True,,,223094,0,0,1,-1,1,4,8.5,8.5,9,Erling,8.0,430,True,,,141,223094.jpg,8.0,False,Haaland,32.1,False,,a,13,43,24,964504,151800,342104,105069,0.6,1.7,Haaland,161.0,2022-07-01,2000-07-21,False,p223094,252,3,0,1,4,0,0,0,0,0,0,6,84,89.8,15.9,182.0,28.8,1,5,1,7,3,3.86,0.30,4.16,3.76,19,4,163,16,1,1,3,1,,,5.0,,1.0,,1.38,0.0,0.11,1.49,1.34,1.43,2,1,7,2,10,2,6,2,1.07,0.36,2.5
471,True,True,,,204936,0,0,0,0,0,1,4.5,4.5,0,Gianluigi,0.0,736,False,,,55,204936.jpg,0.0,False,Donnarumma,0.5,False,,a,13,43,0,40926,40926,2395,2395,0.0,0.0,Donnarumma,106.0,2025-09-01,1999-02-25,False,p204936,0,0,0,0,0,0,0,0,0,0,0,0,0,0.0,0.0,0.0,0.0,0,0,0,0,0,0.00,0.00,0.00,0.00,701,85,702,85,696,85,702,85,,,,,,,0.0,0.0,0.0,0.0,0.0,0.0,145,4,701,85,701,85,252,35,0.0,0.0,0.0
472,True,True,,,446008,1,-1,1,-1,0,3,4.2,5.2,10,Bryan,4.7,119,False,,,81,446008.jpg,4.7,False,Mbeumo,16.1,False,,a,14,1,14,667690,169200,393154,79825,0.6,1.7,Mbeumo,38.0,2025-07-21,1999-08-07,False,p446008,270,1,0,0,4,0,0,0,0,0,0,3,64,65.0,143.3,107.0,31.5,1,8,0,9,3,1.08,1.02,2.10,4.27,60,23,2,2,5,2,2,2,2.0,,2.0,,,,0.36,0.0,0.34,0.7,1.42,1.33,14,9,63,23,72,27,26,8,1.0,0.0,3.0
473,True,True,,,451302,0,0,0,0,0,1,1.2,2.2,1,Altay,1.7,431,False,,,50,451302.jpg,1.7,False,Bayındır,0.5,False,,a,14,1,5,15989,830,16723,4663,0.3,1.0,Bayindir,219.0,2023-09-01,1998-04-14,False,p451302,270,0,0,0,4,0,0,0,0,0,5,0,29,41.0,10.0,0.0,5.1,1,28,0,0,3,0.00,0.04,0.04,4.27,126,16,216,4,644,79,213,14,,,,,,,0.0,1.67,0.01,0.01,1.42,1.33,285,14,218,19,237,20,253,36,1.0,0.0,0.0
474,True,True,100.0,100.0,202641,-1,1,-1,1,0,1,-0.5,0.5,0,André,0.0,432,False,,2025-07-21T10:00:04.960176Z,49,202641.jpg,0.0,False,Onana,0.3,False,,a,14,1,0,4981,383,11733,3076,0.0,0.0,Onana,38.0,2023-07-20,1996-04-02,False,p202641,0,0,0,0,0,0,0,0,0,0,0,0,0,0.0,0.0,0.0,0.0,0,0,0,0,0,0.00,0.00,0.00,0.00,628,81,620,73,594,69,629,81,,,,,,,0.0,0.0,0.0,0.0,0.0,0.0,337,17,627,81,627,81,316,47,0.0,0.0,0.0
475,True,False,0.0,0.0,588555,0,0,0,0,0,1,0.0,0.0,0,Elyh,0.0,433,False,On loan to Shrewsbury Town,2025-07-23T18:48:43.383466Z,40,588555.jpg,0.0,False,Harrison,0.0,False,,u,14,1,0,0,0,154,17,0.0,0.0,Harrison,,,,False,p588555,0,0,0,0,0,0,0,0,0,0,0,0,0,0.0,0.0,0.0,0.0,0,0,0,0,0,0.00,0.00,0.00,0.00,464,68,451,54,413,48,467,68,,,,,,,0.0,0.0,0.0,0.0,0.0,0.0,722,85,469,68,469,68,721,85,0.0,0.0,0.0
476,True,True,,,21205,0,0,0,0,0,1,-0.5,0.5,0,Tom,0.0,434,False,,,40,21205.jpg,0.0,False,Heaton,0.3,False,,a,14,1,0,3052,480,5471,989,0.0,0.0,Heaton,241.0,2021-07-02,1986-04-15,False,p21205,0,0,0,0,0,0,0,0,0,0,0,0,0,0.0,0.0,0.0,0.0,0,0,0,0,0,0.00,0.00,0.00,0.00,362,22,347,7,306,1,365,22,,,,,,,0.0,0.0,0.0,0.0,0.0,0.0,602,38,369,22,369,22,308,46,0.0,0.0,0.0
477,True,True,,,461537,0,0,0,0,0,1,-0.5,0.5,0,Dermot,0.0,435,False,,,40,461537.jpg,0.0,False,Mee,0.1,False,,a,14,1,0,870,163,1976,383,0.0,0.0,Mee,242.0,2023-07-24,2002-11-20,False,p461537,0,0,0,0,0,0,0,0,0,0,0,0,0,0.0,0.0,0.0,0.0,0,0,0,0,0,0.00,0.00,0.00,0.00,410,47,397,33,357,27,413,47,,,,,,,0.0,0.0,0.0,0.0,0.0,0.0,659,64,415,47,415,47,475,71,0.0,0.0,0.0
478,True,True,,,209365,0,0,0,0,0,2,3.5,4.5,1,Matthijs,4.0,436,False,,,50,209365.jpg,4.0,False,de Ligt,3.1,False,,a,14,1,12,143809,8639,81092,32793,0.8,2.4,De Ligt,152.0,2024-08-13,1999-08-12,False,p209365,270,0,0,0,4,0,0,0,0,0,0,3,44,72.6,16.4,31.0,11.9,22,10,3,25,3,0.31,0.07,0.38,4.27,42,12,161,44,74,7,74,15,,,,,,,0.1,0.0,0.02,0.12,1.42,1.33,261,40,82,36,96,43,96,39,1.0,0.0,8.33
479,True,True,0.0,0.0,221820,0,0,-1,1,0,2,0.0,0.0,0,Lisandro,0.0,437,False,Knee injury - Unknown return date,2025-08-10T23:00:06.577034Z,49,221820.jpg,0.0,False,Martínez,0.1,False,,i,14,1,0,323,52,10418,994,0.0,0.0,Martinez,10.0,2022-07-17,1998-01-18,False,p221820,0,0,0,0,0,0,0,0,0,0,0,0,0,0.0,0.0,0.0,0.0,0,0,0,0,0,0.00,0.00,0.00,0.00,634,234,626,234,601,223,635,234,,,,,,,0.0,0.0,0.0,0.0,0.0,0.0,346,59,633,231,633,231,493,185,0.0,0.0,0.0
480,True,True,100.0,0.0,230001,0,0,-1,1,0,2,-0.2,0.0,1,Noussair,0.3,438,False,,2025-08-10T23:00:06.590223Z,49,230001.jpg,1.0,False,Mazraoui,0.2,False,,a,14,1,1,1755,1453,17552,1023,0.1,0.2,Mazraoui,145.0,2024-08-13,1997-11-14,False,p230001,5,0,0,0,0,0,0,0,0,0,0,0,5,4.6,0.5,0.0,0.5,1,0,1,2,0,0.00,0.00,0.00,0.00,316,115,324,117,604,224,347,119,,,,,,,0.0,0.0,0.0,0.0,0.0,0.0,351,61,343,121,302,110,379,137,0.0,0.0,36.0
481,True,True,,,661712,0,0,-1,1,0,2,-0.5,0.5,0,Diego,0.0,439,False,,,44,661712.jpg,0.0,False,León Blanco,0.1,False,,a,14,1,0,686,97,3119,515,0.0,0.0,D.Leon,168.0,2025-07-05,2007-04-03,False,p661712,0,0,0,0,0,0,0,0,0,0,0,0,0,0.0,0.0,0.0,0.0,0,0,0,0,0,0.00,0.00,0.00,0.00,526,214,514,214,479,199,528,214,,,,,,,0.0,0.0,0.0,0.0,0.0,0.0,601,157,530,211,530,211,549,200,0.0,0.0,0.0
482,True,True,,,216051,0,0,0,0,0,2,1.5,2.5,4,Diogo,2.0,440,False,,,45,216051.jpg,2.0,False,Dalot Teixeira,1.8,False,,a,14,1,6,20622,3461,55600,9678,0.4,1.3,Dalot,173.0,2018-06-08,1999-03-18,False,p216051,182,0,1,0,4,0,0,0,0,0,0,0,18,43.6,52.0,18.0,11.3,8,6,4,12,2,0.01,0.62,0.63,3.09,120,54,45,8,135,21,83,19,,,,,,,0.0,0.0,0.31,0.31,1.53,1.98,419,91,188,70,198,72,129,51,0.99,0.0,5.93
483,True,True,,,596777,0,0,0,0,0,2,0.5,1.5,0,Patrick,1.0,441,False,,,45,596777.jpg,1.5,False,Dorgu,7.3,False,,a,14,1,3,338877,4382,223003,101234,0.2,0.7,Dorgu,58.0,2025-02-02,2004-10-26,False,p596777,180,0,0,0,2,0,0,0,1,0,0,0,8,13.8,7.3,14.0,3.5,5,3,4,9,2,0.04,0.06,0.10,3.07,249,99,226,67,158,29,261,89,,,,,,,0.02,0.0,0.03,0.05,1.54,1.0,519,123,262,90,249,82,59,21,1.0,0.0,4.5
484,True,True,,,95658,0,0,0,0,0,2,0.2,1.2,0,Harry,0.7,442,False,,,45,95658.jpg,1.0,False,Maguire,0.7,False,,a,14,1,2,10231,1669,25854,6603,0.2,0.4,Maguire,241.0,2019-08-05,1993-03-05,False,p95658,13,0,0,0,0,0,0,0,0,0,0,0,4,5.4,0.5,4.0,1.0,4,0,0,4,0,0.10,0.00,0.10,0.24,307,112,323,116,242,77,328,112,,,,,,,0.69,0.0,0.0,0.69,1.66,0.0,395,74,294,97,289,105,217,80,0.0,0.0,27.69
485,True,True,,,106760,0,0,0,0,0,2,1.2,2.2,1,Luke,1.7,443,False,,,45,106760.jpg,1.7,False,Shaw,0.3,False,,a,14,1,5,12573,716,8714,2469,0.4,1.1,Shaw,241.0,2014-07-01,1995-07-12,False,p106760,255,0,0,0,4,0,0,0,0,0,0,0,16,33.8,19.1,0.0,5.3,6,8,7,13,3,0.00,0.05,0.05,4.03,158,66,142,37,486,202,202,70,3.0,,,,,,0.0,0.0,0.02,0.02,1.42,1.41,399,77,212,74,231,77,299,109,1.06,0.0,4.59
486,True,True,,,550864,0,0,0,0,0,2,3.2,4.2,1,Leny,3.7,444,False,,,45,550864.jpg,3.7,False,Yoro,2.5,False,,a,14,1,11,129726,9855,62934,22822,0.8,2.4,Yoro,73.0,2024-07-19,2005-11-13,False,p550864,260,0,1,0,4,0,0,0,0,0,0,1,35,41.0,18.5,13.0,7.2,18,6,5,23,3,0.27,0.04,0.31,4.24,125,57,148,39,163,33,158,51,,,,,,,0.09,0.0,0.01,0.1,1.47,1.38,493,119,88,39,102,46,108,46,1.04,0.0,7.96
487,True,False,0.0,,577974,0,0,0,0,0,2,0.0,0.5,0,Harry,0.0,445,False,has joined Sheffield Wednesday on loan for the rest of the season.,2025-09-02T13:39:58.762783Z,40,577974.jpg,0.0,False,Amass,0.1,False,,u,14,1,0,1160,99,5847,1417,0.0,0.0,Amass,241.0,2024-04-06,2007-03-16,False,p577974,0,0,0,0,0,0,0,0,0,0,0,0,0,0.0,0.0,0.0,0.0,0,0,0,0,0,0.00,0.00,0.00,0.00,460,184,447,183,409,165,463,185,,,,,,,0.0,0.0,0.0,0.0,0.0,0.0,718,228,465,182,465,182,417,157,0.0,0.0,0.0
488,True,True,,,547676,0,0,0,0,0,2,-0.5,0.5,0,Tyler,0.0,446,False,,,40,547676.jpg,0.0,False,Fredricson,0.1,False,,a,14,1,0,476,97,3198,529,0.0,0.0,Fredricson,241.0,2022-09-07,2005-02-23,False,p547676,0,0,0,0,0,0,0,0,0,0,0,0,0,0.0,0.0,0.0,0.0,0,0,0,0,0,0.00,0.00,0.00,0.00,445,173,432,172,394,154,448,174,,,,,,,0.0,0.0,0.0,0.0,0.0,0.0,702,216,450,171,450,171,484,182,0.0,0.0,0.0
489,True,True,,,606745,0,0,0,0,0,2,-0.2,0.8,0,Ayden,0.3,447,False,,,40,606745.jpg,1.0,False,Heaven,1.2,False,,a,14,1,1,10536,1554,40068,7693,0.1,0.2,Heaven,241.0,2025-02-01,2006-09-22,False,p606745,3,0,0,0,0,0,0,0,0,0,0,0,3,2.0,0.0,0.0,0.2,1,0,0,1,0,0.00,0.00,0.00,0.03,339,122,456,190,418,172,354,124,,,,,,,0.0,0.0,0.0,0.0,0.9,0.0,727,235,326,108,279,97,169,63,0.0,0.0,30.0
490,True,True,,,222690,0,0,0,0,0,2,-0.5,0.5,0,Tyrell,0.0,448,False,,,40,222690.jpg,0.0,False,Malacia,0.3,False,,a,14,1,0,2569,353,9709,1929,0.0,0.0,Malacia,152.0,2022-07-05,1999-08-17,False,p222690,0,0,0,0,0,0,0,0,0,0,0,0,0,0.0,0.0,0.0,0.0,0,0,0,0,0,0.00,0.00,0.00,0.00,391,141,378,140,338,120,394,142,,,,,,,0.0,0.0,0.0,0.0,0.0,0.0,637,173,396,139,396,139,318,117,0.0,0.0,0.0
491,True,True,,,141746,0,0,0,0,0,3,4.2,5.2,10,Bruno,4.7,449,False,,,90,141746.jpg,4.7,False,Borges Fernandes,21.4,False,,a,14,1,14,541658,109848,573082,120067,0.5,1.6,B.Fernandes,173.0,2020-01-30,1994-09-08,False,p141746,270,1,0,0,4,0,0,1,1,0,0,2,66,105.2,166.3,49.0,32.1,9,24,8,41,3,1.89,0.59,2.48,4.27,7,4,1,1,49,27,1,1,1.0,,1.0,,1.0,,0.63,0.0,0.2,0.83,1.42,1.33,6,4,64,24,73,28,18,6,1.0,0.0,13.67
492,True,True,75.0,,430871,0,0,1,-1,0,3,0.9,2.2,1,Matheus,1.7,450,False,Hamstring injury - 75% chance of playing,2025-08-31T01:00:08.314117Z,81,430871.jpg,1.7,False,Santos Carneiro da Cunha,9.9,False,,d,14,1,5,718133,6639,547489,336436,0.2,0.6,Cunha,30.0,2025-06-01,1999-05-27,False,p430871,210,0,0,0,2,0,0,0,0,0,0,0,28,33.2,43.3,81.0,15.8,1,5,2,8,3,0.82,0.22,1.04,3.07,163,61,65,46,12,5,40,28,,,,,,,0.35,0.0,0.09,0.44,1.32,0.86,13,8,227,112,246,126,41,13,1.29,0.0,3.43
493,True,False,0.0,0.0,176297,0,0,0,0,0,3,0.0,0.0,0,Marcus,0.0,451,False,Has joined Barcelona on loan for the rest of the season,2025-07-24T10:12:59.455702Z,70,176297.jpg,0.0,False,Rashford,0.0,False,,u,14,1,0,0,0,1544,110,0.0,0.0,Rashford,241.0,2015-07-01,1997-10-31,False,p176297,0,0,0,0,0,0,0,0,0,0,0,0,0,0.0,0.0,0.0,0.0,0,0,0,0,0,0.00,0.00,0.00,0.00,729,324,729,324,729,324,729,324,,,,,,,0.0,0.0,0.0,0.0,0.0,0.0,32,19,729,324,729,324,644,275,0.0,0.0,0.0
494,True,True,,,493250,0,0,-1,1,0,3,1.8,2.8,5,Amad,2.3,452,False,,,64,493250.jpg,2.3,False,Diallo,2.0,False,,a,14,1,7,27477,5478,128187,18589,0.4,1.1,Amad,54.0,2021-01-07,2002-07-11,False,p493250,176,0,1,0,2,0,0,0,0,0,0,0,43,40.2,43.0,74.0,15.8,4,10,6,20,2,0.80,0.12,0.92,2.37,129,40,67,48,17,9,39,27,4.0,,,,,,0.41,0.0,0.06,0.47,1.21,1.02,75,52,180,80,192,89,124,39,1.02,0.0,10.23
495,True,False,0.0,,467169,0,0,-1,1,0,3,0.0,0.5,0,Antony,0.0,454,False,has joined Real Betis permanently.,2025-09-02T13:30:59.559397Z,59,467169.jpg,0.0,False,dos Santos,0.1,False,,u,14,1,0,1511,223,6791,1743,0.0,0.0,Antony,30.0,2022-09-01,2000-02-24,False,p467169,0,0,0,0,0,0,0,0,0,0,0,0,0,0.0,0.0,0.0,0.0,0,0,0,0,0,0.00,0.00,0.00,0.00,716,315,716,315,714,315,716,315,,,,,,,0.0,0.0,0.0,0.0,0.0,0.0,115,78,716,315,716,315,492,169,0.0,0.0,0.0
496,True,True,75.0,,184341,0,0,0,0,0,3,1.1,2.5,1,Mason,2.0,455,False,Knock - 75% chance of playing,2025-08-31T01:00:08.331663Z,60,184341.jpg,2.0,False,Mount,0.3,False,,d,14,1,6,14926,1013,19127,7581,0.3,1.0,Mount,241.0,2023-07-05,1999-01-10,False,p184341,177,0,0,1,1,0,0,0,0,0,0,0,25,18.4,68.9,31.0,11.8,0,8,5,13,3,0.18,0.44,0.62,2.36,229,103,25,24,76,45,76,48,,,,,,,0.09,0.0,0.22,0.31,1.2,0.51,88,59,206,98,220,108,310,102,1.53,0.51,6.61
497,True,True,,,61256,0,0,0,0,0,3,1.8,2.8,5,Carlos Henrique,2.3,457,False,,,55,61256.jpg,2.3,False,Casimiro,0.2,False,,a,14,1,7,5954,1698,9684,1668,0.4,1.3,Casemiro,30.0,2022-08-22,1992-02-23,False,p61256,187,0,1,0,3,0,0,0,1,0,0,0,39,23.6,19.9,6.0,4.9,4,8,6,18,3,0.13,0.04,0.17,3.20,201,84,139,92,231,128,222,107,,,,,,,0.06,0.0,0.02,0.08,1.54,1.44,128,83,169,72,184,84,339,115,1.44,0.0,8.66
498,True,True,,,516895,0,0,-1,1,0,3,-0.2,0.8,1,Kobbie,0.3,458,False,,,49,516895.jpg,1.0,False,Mainoo,0.5,False,,a,14,1,1,10091,2563,35795,5976,0.1,0.2,Mainoo,241.0,2022-10-15,2005-04-19,False,p516895,45,0,0,0,2,0,0,0,0,0,0,0,5,5.4,16.7,3.0,2.5,0,4,1,5,0,0.07,0.09,0.16,1.00,309,151,158,101,261,145,294,150,,,,,,,0.14,0.0,0.18,0.32,2.0,4.0,369,230,346,168,305,146,233,80,0.0,0.0,10.0
499,True,True,,,232112,0,0,-1,1,0,3,0.2,1.2,0,Manuel,0.7,459,False,,,49,232112.jpg,1.0,False,Ugarte Ribeiro,0.1,False,,a,14,1,2,3511,607,9221,2003,0.1,0.4,Ugarte,230.0,2024-08-30,2001-04-11,False,p232112,46,0,0,0,1,0,0,0,0,0,0,0,7,8.6,12.2,1.0,2.1,2,1,3,6,0,0.03,0.01,0.04,0.91,279,132,191,117,298,160,300,153,,,,,,,0.06,0.0,0.02,0.08,1.78,1.96,352,219,301,151,303,145,427,142,0.0,0.0,11.74
500,True,False,0.0,0.0,490881,0,0,0,0,0,3,0.0,0.0,0,Toby,0.0,460,False,Has joined West Bromwich Albion on loan for the rest of the season.,2025-08-19T13:36:56.708077Z,45,490881.jpg,0.0,False,Collyer,0.1,False,,u,14,1,0,423,0,5990,699,0.0,0.0,Collyer,241.0,2023-07-01,2004-01-03,False,p490881,0,0,0,0,0,0,0,0,0,0,0,0,0,0.0,0.0,0.0,0.0,0,0,0,0,0,0.00,0.00,0.00,0.00,559,207,552,210,524,198,561,208,,,,,,,0.0,0.0,0.0,0.0,0.0,0.0,462,263,563,213,563,213,556,208,0.0,0.0,0.0
501,True,True,,,556639,0,0,0,0,0,3,-0.5,0.5,0,Jayce,0.0,461,False,,,45,556639.jpg,0.0,False,Fitzgerald,0.0,False,,a,14,1,0,392,80,1286,227,0.0,0.0,Fitzgerald,,,,False,p556639,0,0,0,0,0,0,0,0,0,0,0,0,0,0.0,0.0,0.0,0.0,0,0,0,0,0,0.00,0.00,0.00,0.00,585,227,579,230,551,218,587,228,,,,,,,0.0,0.0,0.0,0.0,0.0,0.0,497,285,589,233,589,233,611,248,0.0,0.0,0.0
502,True,True,,,547037,-1,1,-1,1,0,3,-0.5,0.5,0,Jack,0.0,462,False,,,44,547037.jpg,0.0,False,Fletcher,0.0,False,,a,14,1,0,1182,860,1563,408,0.0,0.0,J.Fletcher,241.0,2024-07-12,2007-03-19,False,p547037,0,0,0,0,0,0,0,0,0,0,0,0,0,0.0,0.0,0.0,0.0,0,0,0,0,0,0.00,0.00,0.00,0.00,513,184,501,187,466,173,515,185,,,,,,,0.0,0.0,0.0,0.0,0.0,0.0,588,323,518,190,518,190,585,229,0.0,0.0,0.0
503,True,True,,,618873,0,0,0,0,0,3,-0.5,0.5,0,Sékou,0.0,463,False,,,45,618873.jpg,0.0,False,Koné,0.1,False,,a,14,1,0,1328,229,3186,613,0.0,0.0,Kone,132.0,2025-02-15,2006-02-03,False,p618873,0,0,0,0,0,0,0,0,0,0,0,0,0,0.0,0.0,0.0,0.0,0,0,0,0,0,0.00,0.00,0.00,0.00,611,246,605,249,576,237,612,247,,,,,,,0.0,0.0,0.0,0.0,0.0,0.0,529,307,612,250,612,250,522,183,0.0,0.0,0.0
504,True,True,100.0,100.0,559684,0,0,0,0,0,3,-0.5,0.5,0,Jack,0.0,464,False,,2025-08-11T01:14:09.567077Z,45,559684.jpg,0.0,False,Moorhouse,0.0,False,,a,14,1,0,371,75,1079,198,0.0,0.0,Moorhouse,,,,False,p559684,0,0,0,0,0,0,0,0,0,0,0,0,0,0.0,0.0,0.0,0.0,0,0,0,0,0,0.00,0.00,0.00,0.00,586,228,580,231,552,219,588,229,,,,,,,0.0,0.0,0.0,0.0,0.0,0.0,498,286,590,234,590,234,635,268,0.0,0.0,0.0
505,True,False,0.0,,497894,-1,1,-2,2,0,4,0.0,0.5,0,Rasmus,0.0,465,False,has joined Napoli on loan for the rest of the season.,2025-09-02T13:30:59.575548Z,63,497894.jpg,0.0,False,Højlund,0.5,False,,u,14,1,0,5437,855,37055,8173,0.0,0.0,Højlund,58.0,2023-08-05,2003-02-04,False,p497894,0,0,0,0,0,0,0,0,0,0,0,0,0,0.0,0.0,0.0,0.0,0,0,0,0,0,0.00,0.00,0.00,0.00,721,73,721,73,721,73,721,73,,,,,,,0.0,0.0,0.0,0.0,0.0,0.0,80,25,721,73,721,73,256,43,0.0,0.0,0.0
506,True,True,100.0,100.0,458249,0,0,-1,1,0,4,-0.2,0.8,1,Joshua,0.3,466,False,,2025-08-10T23:00:06.602693Z,59,458249.jpg,1.0,False,Zirkzee,0.4,False,,a,14,1,1,9434,2373,22279,4124,0.1,0.2,Zirkzee,152.0,2024-07-17,2001-05-22,False,p458249,59,0,0,0,2,0,0,0,0,0,0,0,-2,8.2,15.4,52.0,7.6,2,1,0,3,0,0.67,0.03,0.70,1.20,282,21,168,17,45,18,147,21,,,,,,,1.02,0.0,0.05,1.07,1.83,3.05,113,29,360,37,340,32,280,48,0.0,0.0,4.58
507,True,True,,,596047,0,0,-1,1,0,4,-0.5,0.5,0,Chido,0.0,467,False,,,44,596047.jpg,0.0,False,Obi,1.6,False,,a,14,1,0,18119,5474,86944,16775,0.0,0.0,Obi,58.0,2025-02-15,2007-11-29,False,p596047,0,0,0,0,0,0,0,0,0,0,0,0,0,0.0,0.0,0.0,0.0,0,0,0,0,0,0.00,0.00,0.00,0.00,521,48,509,47,474,47,523,49,,,,,,,0.0,0.0,0.0,0.0,0.0,0.0,596,78,525,49,525,49,145,24,0.0,0.0,0.0
508,True,True,100.0,100.0,575034,0,0,0,0,0,4,-0.5,0.5,0,Ethan,0.0,468,False,,2025-08-11T01:13:48.087832Z,45,575034.jpg,0.0,False,Wheatley,0.1,False,,a,14,1,0,1667,464,5527,1035,0.0,0.0,Wheatley,241.0,2024-04-12,2006-01-20,False,p575034,0,0,0,0,0,0,0,0,0,0,0,0,0,0.0,0.0,0.0,0.0,0,0,0,0,0,0.00,0.00,0.00,0.00,596,54,590,53,561,52,597,54,,,,,,,0.0,0.0,0.0,0.0,0.0,0.0,508,63,599,54,599,54,449,63,0.0,0.0,0.0
509,True,True,,,485711,-1,1,-1,1,0,4,0.5,1.5,1,Benjamin,1.0,681,False,,,74,485711.jpg,1.0,False,Sesko,6.2,False,,a,14,1,3,179634,6899,470705,138206,0.1,0.4,Šeško,195.0,2025-08-09,2003-05-31,False,p485711,80,0,0,0,1,0,0,0,0,0,0,0,2,0.4,23.9,22.0,4.0,0,2,0,2,0,0.38,0.10,0.48,1.07,354,37,120,10,106,27,244,26,,,,,,,0.43,0.0,0.11,0.54,1.2,1.12,29,12,287,30,352,38,65,12,0.0,0.0,2.25
510,True,True,,,465247,0,0,0,0,0,1,2.6,3.6,0,Senne,0.0,733,False,,,50,465247.jpg,0.0,False,Lammens,0.0,False,,a,14,1,0,2442,2442,189,189,0.0,0.0,Lammens,21.0,2025-09-01,2002-07-07,False,p465247,0,0,0,0,0,0,0,0,0,0,0,0,0,0.0,0.0,0.0,0.0,0,0,0,0,0,0.00,0.00,0.00,0.00,665,83,664,81,646,80,666,83,,,,,,,0.0,0.0,0.0,0.0,0.0,0.0,287,15,664,83,664,83,618,78,0.0,0.0,0.0
511,True,True,75.0,,232653,0,0,0,0,0,3,0.9,1.7,1,Jacob,0.7,52,False,Ankle injury - 75% chance of playing,2025-08-31T01:30:07.565346Z,55,232653.jpg,1.0,False,Ramsey,0.5,False,,d,15,4,2,12315,860,31501,8387,0.1,0.4,J.Ramsey,241.0,2025-08-17,2001-05-28,False,p232653,59,0,0,0,1,0,0,0,0,0,0,0,13,13.4,41.8,7.0,6.2,0,5,1,6,1,0.03,0.12,0.15,0.91,252,113,69,50,217,123,183,89,,,,,,,0.05,0.0,0.18,0.23,1.39,1.53,152,94,313,157,333,165,254,85,1.53,0.0,9.15
512,True,True,100.0,0.0,216646,0,0,0,0,0,4,0.5,0.0,0,Yoane,0.0,135,False,,2025-08-14T16:00:05.941925Z,75,216646.jpg,0.0,False,Wissa,1.2,False,,a,15,4,0,41348,34196,183360,18307,0.0,0.0,Wissa,50.0,2025-09-01,1996-09-03,False,p216646,0,0,0,0,0,0,0,0,0,0,0,0,0,0.0,0.0,0.0,0.0,0,0,0,0,0,0.00,0.00,0.00,0.00,733,79,733,79,733,79,733,79,,,,,1.0,,0.0,0.0,0.0,0.0,0.0,0.0,22,9,733,79,733,79,168,27,0.0,0.0,0.0
513,True,True,,,98747,0,0,0,0,0,1,6.5,7.0,5,Nick,6.0,469,False,,,50,98747.jpg,6.0,False,Pope,5.4,False,,a,15,4,18,215123,40403,78470,16672,1.2,3.6,Pope,241.0,2022-06-23,1992-04-19,False,p98747,270,0,1,2,3,0,0,0,1,0,5,2,60,47.2,0.0,0.0,4.7,3,31,0,0,3,0.00,0.00,0.00,1.59,104,13,650,77,627,73,226,16,,,,,,,0.0,1.67,0.0,0.0,0.53,1.0,243,8,23,2,29,2,77,11,1.0,0.67,0.0
514,True,True,,,81441,0,0,0,0,0,1,0.5,1.0,0,Mark,0.0,471,False,,,40,81441.jpg,0.0,False,Gillespie,0.1,False,,a,15,4,0,1547,276,2640,476,0.0,0.0,Gillespie,241.0,2020-07-27,1992-03-27,False,p81441,0,0,0,0,0,0,0,0,0,0,0,0,0,0.0,0.0,0.0,0.0,0,0,0,0,0,0.00,0.00,0.00,0.00,367,27,353,13,313,7,370,27,,,,,,,0.0,0.0,0.0,0.0,0.0,0.0,609,44,374,27,374,27,416,61,0.0,0.0,0.0
515,True,False,0.0,0.0,111452,0,0,0,0,0,1,0.0,0.0,0,Odysseas,0.0,472,False,Has joined Sevilla on loan for the rest of the season.,2025-08-13T15:41:50.078613Z,40,111452.jpg,0.0,False,Vlachodimos,0.0,False,,u,15,4,0,0,0,1296,140,0.0,0.0,Odysseas,83.0,2024-07-01,1994-04-26,False,p111452,0,0,0,0,0,0,0,0,0,0,0,0,0,0.0,0.0,0.0,0.0,0,0,0,0,0,0.00,0.00,0.00,0.00,375,32,361,18,321,12,378,32,,,,,,,0.0,0.0,0.0,0.0,0.0,0.0,617,49,382,32,382,32,640,79,0.0,0.0,0.0
516,True,True,,,487838,-1,1,-1,1,0,2,1.2,1.7,1,Lewis,0.7,473,False,,,54,487838.jpg,1.0,False,Hall,1.6,False,,a,15,4,2,32957,3503,82181,14336,0.1,0.4,Hall,241.0,2024-07-01,2004-09-08,False,p487838,43,0,0,0,1,0,0,0,0,0,0,0,4,9.0,1.4,3.0,1.4,5,1,2,7,0,0.04,0.00,0.04,0.44,276,106,305,105,264,85,319,109,2.0,,,,,,0.08,0.0,0.0,0.08,0.92,2.09,211,28,310,102,323,114,146,58,0.0,0.0,14.65
517,True,True,100.0,100.0,119471,0,0,0,0,0,2,5.5,6.0,6,Fabian,5.0,474,False,,2025-08-25T23:00:08.159533Z,55,119471.jpg,5.0,False,Schär,2.8,False,,a,15,4,15,97731,19765,96882,7238,0.9,2.7,Schär,207.0,2018-07-26,1991-12-20,False,p119471,260,0,0,2,2,0,0,0,0,0,0,0,54,51.4,13.7,13.0,7.9,20,11,4,24,3,0.08,0.04,0.12,1.22,95,40,178,54,167,36,141,43,,,2.0,,4.0,,0.03,0.0,0.01,0.04,0.42,0.69,133,15,50,20,60,25,100,42,1.04,0.69,8.31
518,True,True,,,220237,0,0,-1,1,0,2,3.2,3.7,8,Sven,2.7,475,False,,,49,220237.jpg,8.0,False,Botman,0.4,False,,a,15,4,8,8867,3615,18696,2009,0.6,1.6,Botman,152.0,2022-06-28,2000-01-12,False,p220237,67,0,0,1,0,0,0,0,0,0,0,2,29,19.8,0.3,0.0,2.0,7,5,2,9,1,0.00,0.00,0.00,0.62,223,86,335,121,600,222,302,100,,,,,,,0.0,0.0,0.0,0.0,0.83,0.0,345,58,138,57,9,7,258,93,1.34,1.34,12.09
519,True,True,,,78916,0,0,0,0,0,2,6.2,6.7,6,Dan,5.7,476,False,,,50,78916.jpg,5.7,False,Burn,5.3,False,,a,15,4,17,218688,37592,75081,15827,1.1,3.4,Burn,241.0,2022-01-31,1992-05-09,False,p78916,270,0,0,2,3,0,0,0,1,0,0,1,52,45.4,16.8,14.0,7.7,22,11,2,24,3,0.01,0.09,0.10,1.59,111,50,156,41,161,32,143,45,,,,,,,0.0,0.0,0.03,0.03,0.53,1.0,239,36,31,12,40,16,80,29,1.0,0.67,8.0
520,True,True,,,441191,0,0,1,-1,0,2,6.8,7.3,6,Tino,6.3,477,False,,,51,441191.jpg,6.3,False,Livramento,8.3,False,,a,15,4,19,559803,100070,88998,23125,1.2,3.7,Livramento,241.0,2023-08-08,2002-11-12,False,p441191,270,0,1,2,3,0,0,0,0,0,0,3,66,45.6,44.7,12.0,10.2,4,15,2,6,3,0.00,0.26,0.26,1.59,110,49,59,13,173,38,94,24,,,,,,,0.0,0.0,0.09,0.09,0.53,1.0,235,34,18,7,23,10,55,20,1.0,0.67,2.0
521,True,True,,,77794,0,0,0,0,0,2,4.8,5.3,6,Kieran,4.3,478,False,,,50,77794.jpg,4.3,False,Trippier,2.7,False,,a,15,4,13,87084,13552,40499,7294,0.9,2.6,Trippier,241.0,2022-01-07,1990-09-19,False,p77794,226,0,0,2,2,0,0,0,0,0,0,0,45,14.6,47.4,2.0,6.3,4,12,1,5,3,0.00,0.16,0.16,1.15,243,95,51,11,282,95,177,58,1.0,,1.0,,,,0.0,0.0,0.06,0.06,0.46,0.8,238,35,73,32,84,37,103,44,1.19,0.8,1.99
522,True,True,,,111773,0,0,0,0,0,2,0.5,1.0,0,Emil,0.0,479,False,,,45,111773.jpg,0.0,False,Krafth,0.0,False,,a,15,4,0,490,89,1749,326,0.0,0.0,Krafth,206.0,2019-08-08,1994-08-02,False,p111773,0,0,0,0,0,0,0,0,0,0,0,0,0,0.0,0.0,0.0,0.0,0,0,0,0,0,0.00,0.00,0.00,0.00,531,216,520,216,487,203,533,216,,,,,,,0.0,0.0,0.0,0.0,0.0,0.0,401,79,535,213,535,213,583,208,0.0,0.0,0.0
523,True,True,,,101148,-1,1,-1,1,0,2,0.5,1.0,0,Jamaal,0.0,480,False,,,44,101148.jpg,0.0,False,Lascelles,0.1,False,,a,15,4,0,647,143,2846,493,0.0,0.0,Lascelles,241.0,2014-08-04,1993-11-11,False,p101148,0,0,0,0,0,0,0,0,0,0,0,0,0,0.0,0.0,0.0,0.0,0,0,0,0,0,0.00,0.00,0.00,0.00,476,196,464,196,426,178,479,197,,,,,,,0.0,0.0,0.0,0.0,0.0,0.0,538,128,481,194,481,194,528,196,0.0,0.0,0.0
524,True,True,,,545477,0,0,0,0,0,2,0.5,1.0,0,Alex,0.0,481,False,,,40,545477.jpg,0.0,False,Murphy,0.7,False,,a,15,4,0,10091,1617,24253,4533,0.0,0.0,A.Murphy,104.0,2023-07-19,2004-06-25,False,p545477,0,0,0,0,0,0,0,0,0,0,0,0,0,0.0,0.0,0.0,0.0,0,0,0,0,0,0.00,0.00,0.00,0.00,444,172,431,171,393,153,447,173,,,,,,,0.0,0.0,0.0,0.0,0.0,0.0,701,215,449,170,449,170,207,77,0.0,0.0,0.0
525,True,True,,,441024,0,0,0,0,0,2,0.5,1.0,0,Harrison,0.0,482,False,,,40,441024.jpg,0.0,False,Ashby,0.1,False,,a,15,4,0,624,111,3660,553,0.0,0.0,Ashby,243.0,2023-01-31,2001-11-14,False,p441024,0,0,0,0,0,0,0,0,0,0,0,0,0,0.0,0.0,0.0,0.0,0,0,0,0,0,0.00,0.00,0.00,0.00,404,150,391,149,351,129,407,151,,,,,,,0.0,0.0,0.0,0.0,0.0,0.0,652,184,409,148,409,148,455,173,0.0,0.0,0.0
526,True,True,,,578512,0,0,0,0,0,2,0.5,1.0,0,Miodrag,0.0,483,False,,,40,578512.jpg,0.0,False,Pivaš,0.1,False,,a,15,4,0,479,66,3327,566,0.0,0.0,Pivas,,,,False,p578512,0,0,0,0,0,0,0,0,0,0,0,0,0,0.0,0.0,0.0,0.0,0,0,0,0,0,0.00,0.00,0.00,0.00,461,185,448,184,410,166,464,186,,,,,,,0.0,0.0,0.0,0.0,0.0,0.0,719,229,466,183,466,183,472,178,0.0,0.0,0.0
527,True,False,0.0,,169359,0,0,0,0,0,2,0.0,1.0,0,Matt,0.0,484,False,has joined Middlesbrough on loan for the rest of the season.,2025-09-02T12:49:12.555659Z,40,169359.jpg,0.0,False,Targett,0.4,False,,u,15,4,0,3759,402,15266,3976,0.0,0.0,Targett,241.0,2022-07-01,1995-09-18,False,p169359,0,0,0,0,0,0,0,0,0,0,0,0,0,0.0,0.0,0.0,0.0,0,0,0,0,0,0.00,0.00,0.00,0.00,383,137,369,135,329,115,386,138,,,,,,,0.0,0.0,0.0,0.0,0.0,0.0,625,165,389,136,389,136,270,99,0.0,0.0,0.0
528,True,True,0.0,0.0,232826,-1,1,-1,1,0,3,0.0,0.0,0,Anthony,0.3,485,False,Suspended until 28 Sep,2025-08-25T23:00:08.176199Z,74,232826.jpg,0.5,False,Gordon,1.2,False,,s,15,4,1,117878,1576,196972,31285,0.0,0.1,Gordon,241.0,2023-01-29,2001-02-24,False,p232826,137,0,0,1,3,0,0,0,0,1,0,0,-2,5.4,24.2,86.0,11.3,0,7,0,7,2,1.03,0.05,1.08,0.27,313,153,119,84,10,4,85,51,3.0,,,,3.0,,0.68,0.0,0.03,0.71,0.18,1.97,27,16,363,178,362,179,171,57,1.31,0.66,4.6
529,True,True,,,449434,0,0,0,0,0,3,2.5,3.0,1,Anthony,2.0,486,False,,,70,449434.jpg,2.0,False,Elanga,8.6,False,,a,15,4,6,380721,30451,308176,85556,0.3,0.9,Elanga,206.0,2025-07-11,2002-04-27,False,p449434,195,0,0,1,3,0,0,0,0,0,0,0,20,19.0,45.4,37.0,10.1,1,3,1,5,2,0.57,0.13,0.70,0.94,225,100,58,42,66,39,98,55,,,,,,,0.26,0.0,0.06,0.32,0.43,1.38,39,24,210,102,228,115,49,17,0.92,0.46,2.31
530,True,True,,,201666,0,0,0,0,0,3,2.5,3.0,1,Harvey,2.0,487,False,,,65,201666.jpg,2.0,False,Barnes,1.1,False,,a,15,4,6,100478,4374,42955,12186,0.3,0.9,Barnes,241.0,2023-07-23,1997-12-09,False,p201666,186,0,0,1,2,0,0,0,0,0,0,0,27,20.2,73.6,31.0,12.5,1,5,1,7,2,0.26,0.71,0.97,0.60,222,99,19,18,78,46,70,47,,,,,,,0.13,0.0,0.34,0.47,0.29,0.97,52,35,208,100,225,112,182,60,0.97,0.48,3.39
531,True,True,,,208706,0,0,0,0,0,3,4.5,5.0,3,Bruno,4.0,488,False,,,65,208706.jpg,4.0,False,Guimarães Rodriguez Moura,2.4,False,,a,15,4,12,107412,22051,55055,13190,0.6,1.8,Bruno G.,30.0,2022-01-30,1997-11-16,False,p208706,270,1,0,2,3,0,0,0,1,0,0,0,47,52.2,40.5,19.0,11.1,1,19,8,28,3,0.17,0.17,0.34,1.59,93,33,74,53,131,84,86,52,,,,,,,0.06,0.0,0.06,0.12,0.53,1.0,55,37,86,30,100,37,111,37,1.0,0.67,9.33
532,True,True,,,114243,0,0,-2,2,0,3,1.8,2.3,3,Jacob,1.3,489,False,,,63,114243.jpg,2.0,False,Murphy,1.3,False,,a,15,4,4,9140,2613,116167,11682,0.2,0.6,J.Murphy,241.0,2017-07-19,1995-02-24,False,p114243,73,0,0,1,0,0,0,0,0,0,0,0,10,6.6,3.7,37.0,4.7,0,3,0,3,1,0.08,0.02,0.10,0.65,295,141,266,152,65,38,228,108,,,,,,,0.1,0.0,0.02,0.12,0.8,0.0,77,54,247,123,222,110,164,54,1.23,1.23,3.7
533,True,True,0.0,0.0,180974,-1,1,-1,1,0,3,0.0,0.0,0,Joelinton Cássio,1.3,490,False,Thigh injury - Expected back 13 Sep,2025-08-25T23:00:08.192388Z,59,180974.jpg,2.0,False,Apolinário de Lira,0.3,False,,i,15,4,4,5818,94,30802,6433,0.2,0.7,Joelinton,30.0,2019-07-24,1996-08-14,False,p180974,157,0,0,1,2,0,0,0,1,0,0,0,14,11.0,4.6,13.0,2.9,4,8,4,16,2,0.03,0.02,0.05,0.50,263,121,253,147,168,102,287,145,,,,,,,0.02,0.0,0.01,0.03,0.29,1.15,104,69,243,120,218,106,324,107,1.15,0.57,9.17
534,True,True,100.0,50.0,432422,0,0,-1,1,0,3,3.2,1.9,3,Sandro,2.7,491,False,,2025-08-25T23:00:08.207841Z,54,432422.jpg,2.7,False,Tonali,1.3,False,,a,15,4,8,20891,7520,92460,9988,0.5,1.5,Tonali,106.0,2023-07-03,2000-05-08,False,p432422,245,0,0,2,2,0,0,0,0,0,0,0,44,23.4,66.5,8.0,9.8,4,14,2,20,3,0.09,0.24,0.33,1.22,205,88,30,28,202,116,101,56,4.0,,5.0,,,,0.03,0.0,0.09,0.12,0.45,0.73,203,128,142,56,162,71,165,55,1.1,0.73,7.35
535,True,True,100.0,100.0,640108,-1,1,-1,1,0,3,0.5,1.0,0,Antoñito,0.0,492,False,,2025-08-11T01:17:33.082876Z,49,640108.jpg,0.0,False,Cordero Campillo,0.0,False,,a,15,4,0,415,87,1544,272,0.0,0.0,Antoñito C.,200.0,2025-07-01,2006-11-14,False,p640108,0,0,0,0,0,0,0,0,0,0,0,0,0,0.0,0.0,0.0,0.0,0,0,0,0,0,0.00,0.00,0.00,0.00,654,276,646,277,623,268,655,277,,,,,,,0.0,0.0,0.0,0.0,0.0,0.0,381,241,653,277,653,277,609,246,0.0,0.0,0.0
536,True,True,100.0,100.0,200089,0,0,0,0,0,3,0.5,1.0,0,Joe,0.0,494,False,,2025-08-10T23:30:07.136690Z,50,200089.jpg,0.0,False,Willock,0.0,False,,a,15,4,0,1047,388,1951,328,0.0,0.0,Willock,241.0,2021-08-13,1999-08-20,False,p200089,0,0,0,0,0,0,0,0,0,0,0,0,0,0.0,0.0,0.0,0.0,0,0,0,0,0,0.00,0.00,0.00,0.00,656,277,653,278,634,270,657,278,,,,,,,0.0,0.0,0.0,0.0,0.0,0.0,258,157,655,278,655,278,594,237,0.0,0.0,0.0
537,True,False,0.0,0.0,153127,0,0,0,0,0,3,0.0,0.0,0,Isaac,0.0,495,False,Has departed the club as a free agent.,2025-08-11T01:17:33.103826Z,45,153127.jpg,0.0,False,Hayden,0.0,False,,u,15,4,0,0,0,1078,102,0.0,0.0,Hayden,107.0,2016-07-11,1995-03-22,False,p153127,0,0,0,0,0,0,0,0,0,0,0,0,0,0.0,0.0,0.0,0.0,0,0,0,0,0,0.00,0.00,0.00,0.00,533,190,522,193,490,179,535,191,,,,,,,0.0,0.0,0.0,0.0,0.0,0.0,405,243,537,196,537,196,677,294,0.0,0.0,0.0
538,True,True,,,564510,0,0,0,0,0,3,0.5,1.0,0,Garang,0.0,496,False,,,45,564510.jpg,0.0,False,Kuol,0.1,False,,a,15,4,0,935,197,2422,406,0.0,0.0,Kuol,13.0,2023-01-01,2004-09-15,False,p564510,0,0,0,0,0,0,0,0,0,0,0,0,0,0.0,0.0,0.0,0.0,0,0,0,0,0,0.00,0.00,0.00,0.00,590,230,584,233,555,221,591,231,,,,,,,0.0,0.0,0.0,0.0,0.0,0.0,502,288,593,236,593,236,542,198,0.0,0.0,0.0
539,True,True,,,547719,0,0,0,0,0,3,1.5,2.0,1,Lewis,1.0,497,False,,,45,547719.jpg,1.0,False,Miley,2.1,False,,a,15,4,3,35070,6312,79185,15460,0.2,0.7,L.Miley,241.0,2023-02-01,2006-05-01,False,p547719,76,0,0,0,1,0,0,0,0,0,0,0,15,8.6,13.8,4.0,2.7,2,5,1,8,0,0.03,0.02,0.05,0.55,278,131,177,107,248,134,292,149,,,,,,,0.04,0.0,0.02,0.06,0.65,1.18,489,280,260,127,294,139,121,38,0.0,0.0,9.47
540,True,False,0.0,0.0,461484,0,0,0,0,0,3,0.0,0.0,0,Joe,0.0,498,False,Has joined Leyton Orient on loan for the rest of the season.,2025-07-30T14:07:15.215025Z,45,461484.jpg,0.0,False,White,0.0,False,,u,15,4,0,0,0,815,89,0.0,0.0,White,241.0,2024-01-29,2002-10-01,False,p461484,0,0,0,0,0,0,0,0,0,0,0,0,0,0.0,0.0,0.0,0.0,0,0,0,0,0,0.00,0.00,0.00,0.00,555,203,547,206,518,194,557,204,,,,,,,0.0,0.0,0.0,0.0,0.0,0.0,450,258,559,209,559,209,690,301,0.0,0.0,0.0
541,True,True,,,538207,0,0,0,0,0,4,3.2,3.7,2,William,2.7,500,False,,,55,538207.jpg,2.7,False,Osula,0.5,False,,a,15,4,8,43714,5661,20799,7362,0.5,1.5,Osula,58.0,2024-08-08,2003-08-04,False,p538207,105,1,0,1,1,0,0,0,0,0,0,0,32,31.0,3.5,31.0,6.3,0,3,1,4,1,0.40,0.02,0.42,1.06,170,18,268,28,75,24,179,22,,,,,,,0.34,0.0,0.02,0.36,0.91,0.86,176,40,147,17,167,17,244,40,0.86,0.86,3.43
542,True,True,,,599303,-1,1,-1,1,0,4,0.5,1.0,0,Sean,0.0,501,False,,,44,599303.jpg,0.0,False,Neave,0.2,False,,a,15,4,0,4264,822,10339,1892,0.0,0.0,Neave,241.0,2025-02-07,2007-05-27,False,p599303,0,0,0,0,0,0,0,0,0,0,0,0,0,0.0,0.0,0.0,0.0,0,0,0,0,0,0.00,0.00,0.00,0.00,523,49,511,48,476,48,525,50,,,,,,,0.0,0.0,0.0,0.0,0.0,0.0,598,79,527,50,527,50,343,53,0.0,0.0,0.0
543,True,True,,,225321,-1,1,-1,1,0,1,0.5,1.0,0,Aaron,0.0,674,False,,,49,225321.jpg,0.0,False,Ramsdale,0.7,False,,a,15,4,0,5024,975,30679,5066,0.0,0.0,Ramsdale,241.0,2025-08-02,1998-05-14,False,p225321,0,0,0,0,0,0,0,0,0,0,0,0,0,0.0,0.0,0.0,0.0,0,0,0,0,0,0.00,0.00,0.00,0.00,636,82,628,74,603,70,637,82,,,,,,,0.0,0.0,0.0,0.0,0.0,0.0,349,18,635,82,635,82,203,28,0.0,0.0,0.0
544,True,True,,,465642,0,0,0,0,0,2,0.8,1.3,0,Malick,0.3,684,False,,,50,465642.jpg,1.0,False,Thiaw,0.2,False,,a,15,4,1,3535,521,7513,1848,0.1,0.2,Thiaw,80.0,2025-08-12,2001-08-08,False,p465642,9,0,0,0,1,0,0,0,0,0,0,0,-1,1.8,0.1,0.0,0.2,1,0,0,1,0,0.00,0.00,0.00,0.37,343,123,342,124,647,229,359,127,,,,,,,0.0,0.0,0.0,0.0,3.7,10.0,289,48,350,123,314,113,403,149,0.0,0.0,10.0
545,True,True,,,623110,0,0,0,0,0,3,0.5,1.0,0,Seung-Soo,0.0,689,False,,,45,623110.jpg,0.0,False,Park,0.2,False,,a,15,4,0,9773,362,7583,1514,0.0,0.0,Seung soo,114.0,2025-07-26,2007-03-17,False,p623110,0,0,0,0,0,0,0,0,0,0,0,0,0,0.0,0.0,0.0,0.0,0,0,0,0,0,0.00,0.00,0.00,0.00,614,248,608,251,579,239,615,249,,,,,,,0.0,0.0,0.0,0.0,0.0,0.0,532,309,615,252,615,252,378,128,0.0,0.0,0.0
546,True,True,,,470313,0,0,0,0,0,4,2.8,3.3,0,Nick,0.0,714,False,,,70,470313.jpg,0.0,False,Woltemade,0.2,False,,a,15,4,0,22755,22755,3451,3451,0.0,0.0,Woltemade,80.0,2025-08-30,2002-02-14,False,p470313,0,0,0,0,0,0,0,0,0,0,0,0,0,0.0,0.0,0.0,0.0,0,0,0,0,0,0.00,0.00,0.00,0.00,731,78,731,78,731,78,731,78,,,,,,,0.0,0.0,0.0,0.0,0.0,0.0,40,16,731,78,731,78,359,55,0.0,0.0,0.0
547,True,True,,,206325,0,0,-1,1,0,2,-0.5,0.0,0,Oleksandr,0.0,12,False,,,49,206325.jpg,0.0,False,Zinchenko,0.3,False,,a,16,17,0,6594,1780,17589,3013,0.0,0.0,Zinchenko,225.0,2025-09-01,1996-12-15,False,p206325,0,0,0,0,0,0,0,0,0,0,0,0,0,0.0,0.0,0.0,0.0,0,0,0,0,0,0.00,0.00,0.00,0.00,630,232,622,232,596,220,631,232,,,,,,,0.0,0.0,0.0,0.0,0.0,0.0,340,56,629,229,629,229,302,110,0.0,0.0,0.0
548,True,True,,,432714,0,0,0,0,0,3,0.2,0.7,1,James,0.7,426,False,,,55,432714.jpg,1.0,False,McAtee,0.2,False,,a,16,17,2,5511,634,8650,1974,0.1,0.4,McAtee,241.0,2025-08-16,2002-10-18,False,p432714,50,0,0,0,3,0,0,0,0,0,0,0,11,6.8,23.6,4.0,3.5,0,3,1,4,0,0.00,0.12,0.12,1.95,294,140,122,85,255,139,265,132,,,,,,,0.0,0.0,0.22,0.22,3.51,5.4,155,95,314,158,334,166,409,140,0.0,0.0,7.2
549,True,True,,,85633,0,0,0,0,0,1,1.5,2.0,2,Matz,2.0,502,False,,,50,85633.jpg,2.0,False,Sels,17.0,False,,a,16,17,6,167743,13133,388771,124228,0.4,1.2,Sels,21.0,2024-02-01,1992-02-26,False,p85633,270,0,0,0,5,0,0,0,1,0,10,0,29,73.8,0.0,0.0,7.5,1,23,0,0,3,0.00,0.00,0.00,5.02,39,7,649,76,626,72,150,7,,,,,,,0.0,3.33,0.0,0.0,1.67,1.67,242,7,192,17,205,17,24,4,1.0,0.0,0.0
550,True,False,0.0,0.0,475123,0,0,0,0,0,1,0.0,0.0,0,Carlos Miguel,0.0,503,False,Has joined Palmeiras permanently.,2025-08-20T13:32:34.630338Z,40,475123.jpg,0.0,False,dos Santos Pereira,0.1,False,,u,16,17,0,448,0,7378,1060,0.0,0.0,C.Miguel,30.0,2024-07-09,1998-10-09,False,p475123,0,0,0,0,0,0,0,0,0,0,0,0,0,0.0,0.0,0.0,0.0,0,0,0,0,0,0.00,0.00,0.00,0.00,419,53,406,39,367,33,422,53,,,,,,,0.0,0.0,0.0,0.0,0.0,0.0,670,70,424,53,424,53,431,64,0.0,0.0,0.0
551,True,False,0.0,0.0,224068,0,0,0,0,0,1,0.0,0.0,0,Matt,0.0,504,False,Has joined Lyon permanently.,2025-08-11T01:18:09.881299Z,40,224068.jpg,0.0,False,Turner,0.2,False,,u,16,17,0,0,0,8199,903,0.0,0.0,Turner,229.0,2023-08-09,1994-06-24,False,p224068,0,0,0,0,0,0,0,0,0,0,0,0,0,0.0,0.0,0.0,0.0,0,0,0,0,0,0.00,0.00,0.00,0.00,393,41,380,27,340,21,396,41,,,,,,,0.0,0.0,0.0,0.0,0.0,0.0,639,58,398,41,398,41,412,59,0.0,0.0,0.0
552,True,True,,,227444,0,0,0,0,0,2,1.2,1.7,1,Nikola,1.7,505,False,,,55,227444.jpg,1.7,False,Milenković,8.6,False,,a,16,17,5,119186,7481,213261,66731,0.3,0.9,Milenković,190.0,2024-07-18,1997-10-12,False,p227444,270,0,0,0,5,0,0,0,0,0,0,0,18,43.8,3.4,8.0,5.6,17,7,2,19,3,0.05,0.03,0.08,5.02,119,53,273,86,203,57,194,68,,,,,,,0.02,0.0,0.01,0.03,1.67,1.67,151,20,223,76,242,79,50,17,1.0,0.0,6.33
553,True,True,,,575476,0,0,0,0,0,2,0.8,1.3,1,Murillo,1.3,506,False,,,55,575476.jpg,1.3,False,Costa dos Santos,5.7,False,,a,16,17,4,56459,4210,145098,46535,0.2,0.7,Murillo,30.0,2023-08-31,2002-07-04,False,p575476,270,0,0,0,5,0,0,0,1,0,0,0,18,39.8,11.9,0.0,5.2,13,20,2,15,3,0.00,0.20,0.20,5.02,130,58,195,59,707,242,208,73,,,3.0,,,,0.0,0.0,0.07,0.07,1.67,1.67,180,23,242,83,267,89,73,26,1.0,0.0,5.0
554,True,True,,,159506,0,0,0,0,0,2,1.5,2.0,1,Ola,2.0,507,False,,,50,159506.jpg,2.0,False,Aina,13.1,False,,a,16,17,6,224866,14485,284975,94695,0.4,1.2,Aina,157.0,2023-07-22,1996-10-08,False,p159506,270,0,0,0,5,0,0,0,1,0,0,0,20,53.8,33.3,11.0,9.8,16,20,6,22,3,0.04,0.32,0.36,5.02,83,32,88,20,178,42,99,25,,,,,,,0.01,0.0,0.11,0.12,1.67,1.67,249,37,193,72,207,76,34,12,1.0,0.0,7.33
555,True,True,,,215136,0,0,0,0,0,2,0.8,1.3,1,Neco,1.3,508,False,,,50,215136.jpg,1.3,False,Williams,8.4,False,,a,16,17,4,78051,5450,211148,65001,0.3,0.8,N.Williams,244.0,2022-07-11,2001-04-13,False,p215136,270,0,0,0,5,0,0,0,1,0,0,0,30,38.2,36.2,21.0,9.5,6,13,8,14,3,0.03,0.13,0.16,5.02,138,61,84,18,110,16,104,27,,,,,,,0.01,0.0,0.04,0.05,1.67,1.67,266,41,237,82,263,88,51,18,1.0,0.0,4.67
556,True,False,0.0,,451432,0,0,0,0,0,2,0.0,0.0,0,David,0.0,509,False,has joined Real Oviedo on loan for the rest of the season.,2025-09-02T13:08:17.187888Z,45,451432.jpg,0.0,False,Mota Veiga Teixeira do Carmo,0.0,False,,u,16,17,0,427,50,1915,484,0.0,0.0,David Carmo,6.0,2024-08-25,1999-07-19,False,p451432,0,0,0,0,0,0,0,0,0,0,0,0,0,0.0,0.0,0.0,0.0,0,0,0,0,0,0.00,0.00,0.00,0.00,552,224,543,224,514,212,554,224,,,,,,,0.0,0.0,0.0,0.0,0.0,0.0,446,106,556,221,556,221,588,210,0.0,0.0,0.0
557,True,True,,,575458,-1,1,-1,1,0,2,-0.5,0.0,0,Jair,0.0,510,False,,,44,575458.jpg,0.0,False,Paula da Cunha Filho,0.1,False,,a,16,17,0,676,90,2793,482,0.0,0.0,Jair Cunha,30.0,2025-07-11,2005-03-07,False,p575458,0,0,0,0,0,0,0,0,0,0,0,0,0,0.0,0.0,0.0,0.0,0,0,0,0,0,0.00,0.00,0.00,0.00,517,213,505,213,470,198,519,213,,,,,,,0.0,0.0,0.0,0.0,0.0,0.0,592,156,521,210,521,210,530,197,0.0,0.0,0.0
558,True,True,,,485047,-1,1,-1,1,0,2,-0.5,0.0,0,Felipe,0.0,511,False,,,44,485047.jpg,0.0,False,Rodrigues da Silva,0.1,False,,a,16,17,0,560,123,3025,490,0.0,0.0,Morato,30.0,2024-08-30,2001-06-30,False,p485047,0,0,0,0,0,0,0,0,0,0,0,0,0,0.0,0.0,0.0,0.0,0,0,0,0,0,0.00,0.00,0.00,0.00,497,208,485,208,450,193,499,208,,,,,,,0.0,0.0,0.0,0.0,0.0,0.0,569,150,502,206,502,206,510,190,0.0,0.0,0.0
559,True,False,0.0,,204822,0,0,0,0,0,2,0.0,0.0,0,Omar,0.0,512,False,has joined Rio Ave on loan for the rest of the season.,2025-09-02T12:23:02.662537Z,45,204822.jpg,0.0,False,Richards,0.0,False,,u,16,17,0,345,31,1762,440,0.0,0.0,O.Richards,241.0,2022-07-10,1998-02-15,False,p204822,0,0,0,0,0,0,0,0,0,0,0,0,0,0.0,0.0,0.0,0.0,0,0,0,0,0,0.00,0.00,0.00,0.00,537,219,528,219,497,207,539,219,,,,,,,0.0,0.0,0.0,0.0,0.0,0.0,418,90,541,216,541,216,595,211,0.0,0.0,0.0
560,True,True,,,549067,0,0,0,0,0,2,-0.5,0.0,0,Zach,0.0,513,False,,,40,549067.jpg,0.0,False,Abbott,0.2,False,,a,16,17,0,1501,210,5466,946,0.0,0.0,Abbott,241.0,2022-08-22,2006-05-13,False,p549067,0,0,0,0,0,0,0,0,0,0,0,0,0,0.0,0.0,0.0,0.0,0,0,0,0,0,0.00,0.00,0.00,0.00,448,176,435,175,397,157,451,177,,,,,,,0.0,0.0,0.0,0.0,0.0,0.0,705,219,453,174,453,174,366,131,0.0,0.0,0.0
561,True,True,,,90585,0,0,0,0,0,2,-0.5,0.0,0,Willy,0.0,514,False,,,40,90585.jpg,0.0,False,Boly,0.4,False,,a,16,17,0,3802,489,13241,2234,0.0,0.0,Boly,54.0,2022-09-01,1991-02-03,False,p90585,0,0,0,0,0,0,0,0,0,0,0,0,0,0.0,0.0,0.0,0.0,0,0,0,0,0,0.00,0.00,0.00,0.00,370,131,356,129,316,109,373,132,,,,,,,0.0,0.0,0.0,0.0,0.0,0.0,612,159,377,131,377,131,261,95,0.0,0.0,0.0
562,True,True,,,222531,0,0,0,0,0,3,2.5,3.0,2,Morgan,3.0,515,False,,,75,222531.jpg,3.0,False,Gibbs-White,5.8,False,,a,16,17,9,227783,15777,169531,58249,0.4,1.2,Gibbs-White,241.0,2022-08-19,2000-01-27,False,p222531,254,0,1,0,5,0,0,0,0,0,0,0,43,36.4,83.5,50.0,16.8,1,8,2,11,3,0.64,0.46,1.10,5.02,148,53,11,11,48,26,33,23,,,2.0,,2.0,,0.23,0.0,0.16,0.39,1.78,1.77,23,14,129,52,151,67,72,25,1.06,0.0,3.9
563,True,True,,,209046,0,0,0,0,0,3,4.2,4.7,2,Callum,4.7,516,False,,,60,209046.jpg,4.7,False,Hudson-Odoi,1.6,False,,a,16,17,14,86543,11823,50569,14951,0.8,2.3,Hudson-Odoi,241.0,2023-09-01,2000-11-07,False,p209046,249,1,0,0,4,0,0,0,0,0,0,3,62,58.6,77.9,58.0,19.5,2,3,1,6,3,0.37,0.35,0.72,4.06,71,26,16,15,35,19,24,17,4.0,,,,,,0.13,0.0,0.13,0.26,1.47,1.45,89,60,60,22,69,26,148,45,1.08,0.0,2.17
564,True,True,,,215379,0,0,0,0,0,3,2.8,3.3,2,Elliot,3.3,517,False,,,55,215379.jpg,3.3,False,Anderson,5.7,False,,a,16,17,10,124934,10473,175045,40374,0.6,1.8,Anderson,241.0,2024-07-01,2002-11-06,False,p215379,270,0,1,0,5,0,0,0,0,0,0,1,61,78.6,92.1,30.0,20.1,3,18,12,33,3,0.41,0.44,0.85,5.02,33,15,8,8,79,47,21,15,3.0,,,,,,0.14,0.0,0.15,0.29,1.67,1.67,146,90,103,37,123,49,74,26,1.0,0.0,11.0
565,True,True,,,510500,0,0,-1,1,0,3,-0.2,0.3,0,João Pedro,0.3,518,False,,,54,510500.jpg,1.0,False,Ferreira da Silva,0.1,False,,a,16,17,1,926,192,3652,668,0.1,0.2,Jota,173.0,2024-08-01,1999-08-01,False,p510500,11,0,0,0,0,0,0,0,0,0,0,0,6,5.0,0.5,4.0,1.0,1,0,2,3,0,0.00,0.00,0.00,0.00,314,154,327,170,254,138,329,165,,,,,,,0.0,0.0,0.0,0.0,0.0,0.0,217,135,355,174,326,161,502,174,0.0,0.0,24.55
566,True,True,0.0,0.0,250199,0,0,0,0,0,3,0.0,0.0,0,Nicolás,0.0,519,False,Knee injury - Expected back 04 Oct,2025-07-21T10:00:04.988497Z,50,250199.jpg,0.0,False,Domínguez,0.0,False,,i,16,17,0,47,7,81,17,0.0,0.0,Dominguez,10.0,2023-09-01,1998-06-28,False,p250199,0,0,0,0,0,0,0,0,0,0,0,0,0,0.0,0.0,0.0,0.0,0,0,0,0,0,0.00,0.00,0.00,0.00,662,282,660,283,641,275,663,283,,,,,,,0.0,0.0,0.0,0.0,0.0,0.0,277,169,661,283,661,283,725,320,0.0,0.0,0.0
567,True,False,0.0,0.0,243345,0,0,0,0,0,3,0.0,0.0,0,Lewis,0.0,520,False,Has joined Wrexham permanently.,2025-07-25T14:55:12.030109Z,50,243345.jpg,0.0,False,O'Brien,0.0,False,,u,16,17,0,0,0,87,6,0.0,0.0,O'Brien,241.0,2022-07-20,1998-10-14,False,p243345,0,0,0,0,0,0,0,0,0,0,0,0,0,0.0,0.0,0.0,0.0,0,0,0,0,0,0.00,0.00,0.00,0.00,661,281,659,282,640,274,662,282,,,,,,,0.0,0.0,0.0,0.0,0.0,0.0,274,168,660,282,660,282,730,323,0.0,0.0,0.0
568,True,True,,,210462,0,0,0,0,0,3,2.2,2.7,4,Ibrahim,2.7,521,False,,,50,210462.jpg,2.7,False,Sangaré,0.1,False,,a,16,17,8,1654,452,2192,452,0.5,1.6,Sangaré,54.0,2023-09-01,1997-12-02,False,p210462,265,0,0,0,4,0,0,0,0,0,0,0,35,18.4,12.8,2.0,3.4,16,12,4,32,3,0.03,0.06,0.09,4.06,227,101,187,113,284,155,267,134,,,,,,,0.01,0.0,0.02,0.03,1.38,1.36,263,161,141,55,161,70,547,202,1.02,0.0,10.87
569,True,True,,,204968,0,0,-1,1,0,3,0.2,0.7,0,Ryan,0.7,522,False,,,49,204968.jpg,1.0,False,Yates,0.1,False,,a,16,17,2,910,226,4795,882,0.1,0.4,Yates,241.0,2018-08-01,1997-11-21,False,p204968,8,0,0,0,0,0,0,0,0,0,0,0,10,7.2,3.4,2.0,1.2,3,3,0,6,0,0.00,0.01,0.01,0.00,291,137,271,153,276,151,322,161,,,,,,,0.0,0.0,0.11,0.11,0.0,0.0,339,213,300,150,300,144,487,166,0.0,0.0,67.5
570,True,False,0.0,,569014,0,0,0,0,0,3,0.0,0.0,0,Eric,0.0,523,False,has joined Rio Ave on loan for the rest of the season.,2025-09-02T12:23:02.683095Z,45,569014.jpg,0.0,False,da Silva Moreira,0.1,False,,u,16,17,0,1896,200,6927,1697,0.0,0.0,Da Silva Moreira,80.0,2024-07-01,2006-05-03,False,p569014,0,0,0,0,0,0,0,0,0,0,0,0,0,0.0,0.0,0.0,0.0,0,0,0,0,0,0.00,0.00,0.00,0.00,592,232,586,235,557,223,593,233,,,,,,,0.0,0.0,0.0,0.0,0.0,0.0,504,290,595,238,595,238,437,146,0.0,0.0,0.0
571,True,False,0.0,0.0,495161,0,0,0,0,0,3,0.0,0.0,0,Marko,0.0,524,False,Has joined Swansea City permanently.,2025-08-20T13:32:34.645399Z,45,495161.jpg,0.0,False,Stamenić,0.0,False,,u,16,17,0,245,0,3730,445,0.0,0.0,Stamenic,154.0,2024-06-27,2002-02-19,False,p495161,0,0,0,0,0,0,0,0,0,0,0,0,0,0.0,0.0,0.0,0.0,0,0,0,0,0,0.00,0.00,0.00,0.00,564,211,557,214,529,202,566,212,,,,,,,0.0,0.0,0.0,0.0,0.0,0.0,468,267,568,217,568,217,610,247,0.0,0.0,0.0
572,True,True,,,60689,0,0,2,-2,1,4,5.2,5.7,2,Chris,5.7,525,False,,,77,60689.jpg,5.7,False,Wood,25.3,False,,a,16,17,17,1734358,70378,557330,282451,0.7,2.2,Wood,154.0,2023-07-01,1991-12-07,False,p60689,237,2,0,1,2,0,0,0,0,0,0,3,65,66.2,17.2,92.0,17.1,0,3,0,3,3,1.59,0.07,1.66,3.19,58,9,154,15,7,4,31,8,,,,,1.0,,0.6,0.0,0.03,0.63,1.21,0.76,19,7,37,5,46,5,13,4,1.14,0.38,1.14
573,True,True,,,482973,0,0,-1,1,0,4,0.5,1.0,1,Igor Jesus,1.0,526,False,,,59,482973.jpg,1.0,False,Maciel da Cruz,0.5,False,,a,16,17,3,8142,1156,41735,5993,0.2,0.5,Igor Jesus,30.0,2025-07-05,2001-02-25,False,p482973,30,0,0,0,3,0,0,0,0,0,0,0,7,2.0,2.1,8.0,1.0,1,1,1,3,0,0.07,0.00,0.07,1.83,342,31,295,30,208,31,330,32,,,,,,,0.21,0.0,0.0,0.21,5.49,9.0,116,30,281,27,341,33,236,37,0.0,0.0,9.0
574,True,True,,,210156,0,0,-1,1,0,4,-0.5,0.0,0,Taiwo,0.0,527,False,,,54,210156.jpg,0.0,False,Awoniyi,0.5,False,,a,16,17,0,8800,1118,38969,6387,0.0,0.0,Awoniyi,157.0,2022-06-25,1997-08-12,False,p210156,0,0,0,0,0,0,0,0,0,0,0,0,0,0.0,0.0,0.0,0.0,0,0,0,0,0,0.00,0.00,0.00,0.00,688,65,687,65,673,64,689,65,,,,,,,0.0,0.0,0.0,0.0,0.0,0.0,194,44,688,65,688,65,242,39,0.0,0.0,0.0
575,True,True,,,456512,1,-1,1,-1,0,3,5.2,5.7,1,Dan,5.7,669,False,,,61,456512.jpg,5.7,False,Ndoye,3.4,False,,a,16,17,17,387498,27953,95890,42716,0.9,2.8,Ndoye,207.0,2025-07-31,2000-10-25,False,p456512,205,1,1,0,2,0,0,0,0,0,0,4,55,58.6,32.3,39.0,13.0,2,10,2,14,3,0.10,0.36,0.46,3.07,72,27,93,66,61,35,62,42,,,,,,,0.04,0.0,0.16,0.2,1.35,0.88,84,57,34,12,43,17,93,31,1.32,0.0,6.15
576,True,True,,,107265,0,0,0,0,0,1,-0.5,0.0,0,Angus,0.0,675,False,,,40,107265.jpg,0.0,False,Gunn,1.7,False,,a,16,17,0,15126,1941,24643,4023,0.0,0.0,Gunn,243.0,2025-08-06,1996-01-22,False,p107265,0,0,0,0,0,0,0,0,0,0,0,0,0,0.0,0.0,0.0,0.0,0,0,0,0,0,0.00,0.00,0.00,0.00,374,31,360,17,320,11,377,31,,,,,,,0.0,0.0,0.0,0.0,0.0,0.0,616,48,381,31,381,31,137,18,0.0,0.0,0.0
577,True,True,,,503301,0,0,0,0,0,3,0.5,1.0,1,Omari,1.0,693,False,,,55,503301.jpg,1.0,False,Hutchinson,0.0,False,,a,16,17,2,1740,267,897,309,0.2,0.4,Hutchinson,241.0,2025-08-16,2003-10-30,False,p503301,9,0,0,0,1,0,0,0,0,0,0,0,1,0.2,0.9,8.0,0.6,0,1,0,1,0,0.20,0.00,0.20,0.96,357,173,314,165,206,119,343,171,,,,,,,2.0,0.0,0.0,2.0,9.6,10.0,173,108,280,142,337,169,643,274,0.0,0.0,10.0
578,True,True,,,465680,0,0,0,0,0,4,0.5,1.0,1,Arnaud,1.0,696,False,,,60,465680.jpg,1.0,False,Kalimuendo,0.1,False,,a,16,17,2,2839,734,1595,727,0.2,0.3,Kalimuendo,73.0,2025-08-18,2002-01-20,False,p465680,20,0,0,0,1,0,0,0,0,0,0,0,5,1.4,2.1,0.0,0.4,1,2,0,3,0,0.00,0.00,0.00,0.96,346,32,296,31,716,72,352,36,,,,,,,0.0,0.0,0.0,0.0,4.32,4.5,91,26,282,28,342,34,557,70,0.0,0.0,13.5
579,True,True,,,230046,0,0,0,0,0,3,-0.5,0.0,0,Douglas Luiz,0.0,699,False,,,50,230046.jpg,0.0,False,Soares de Paulo,0.1,False,,a,16,17,0,5952,1262,2436,984,0.0,0.0,Douglas Luiz,30.0,2025-08-21,1998-05-09,False,p230046,0,0,0,0,0,0,0,0,0,0,0,0,0,0.0,0.0,0.0,0.0,0,0,0,0,0,0.00,0.00,0.00,0.00,660,280,658,281,639,273,661,281,,,,,,,0.0,0.0,0.0,0.0,0.0,0.0,272,166,659,281,659,281,562,212,0.0,0.0,0.0
580,True,True,,,221389,0,0,0,0,0,1,0.5,1.0,0,John Victor,0.0,715,False,,,40,221389.jpg,0.0,False,Maciel Furtado,0.1,False,,a,16,17,0,3590,3590,236,236,0.0,0.0,John,30.0,2025-08-31,1996-02-13,False,p221389,0,0,0,0,0,0,0,0,0,0,0,0,0,0.0,0.0,0.0,0.0,0,0,0,0,0,0.00,0.00,0.00,0.00,390,40,377,26,337,20,393,40,,,,,,,0.0,0.0,0.0,0.0,0.0,0.0,636,57,395,40,395,40,537,77,0.0,0.0,0.0
581,True,True,,,500151,0,0,0,0,0,2,1.5,2.0,0,Nicolò,0.0,716,False,,,45,500151.jpg,0.0,False,Savona,0.0,False,,a,16,17,0,87,87,7,7,0.0,0.0,Savona,106.0,2025-08-30,2003-03-19,False,p500151,0,0,0,0,0,0,0,0,0,0,0,0,0,0.0,0.0,0.0,0.0,0,0,0,0,0,0.00,0.00,0.00,0.00,566,226,560,226,532,214,568,226,,,,,,,0.0,0.0,0.0,0.0,0.0,0.0,472,115,570,223,570,223,726,241,0.0,0.0,0.0
582,True,True,,,560441,0,0,0,0,0,2,1.5,2.0,0,Luis Eduardo,0.0,729,False,,,45,560441.jpg,0.0,False,Soares da Silva,0.0,False,,a,16,17,0,23,23,1,1,0.0,0.0,Cuiabano,30.0,2025-09-01,2003-02-16,False,p560441,0,0,0,0,0,0,0,0,0,0,0,0,0,0.0,0.0,0.0,0.0,0,0,0,0,0,0.00,0.00,0.00,0.00,589,228,583,228,554,216,590,228,,,,,,,0.0,0.0,0.0,0.0,0.0,0.0,501,121,592,225,592,225,735,244,0.0,0.0,0.0
583,True,True,,,476887,0,0,0,0,0,3,1.6,2.1,0,Dilane,0.0,734,False,,,60,476887.jpg,0.0,False,Bakwa,0.0,False,,a,16,17,0,152,152,20,20,0.0,0.0,Bakwa,73.0,2025-09-01,2002-08-26,False,p476887,0,0,0,0,0,0,0,0,0,0,0,0,0,0.0,0.0,0.0,0.0,0,0,0,0,0,0.00,0.00,0.00,0.00,718,317,718,317,717,317,718,317,,,,,,,0.0,0.0,0.0,0.0,0.0,0.0,93,62,718,317,718,317,723,318,0.0,0.0,0.0
584,True,True,,,232571,-1,1,-1,1,0,1,-0.5,-0.5,0,Anthony,0.0,528,False,,,44,232571.jpg,0.0,False,Patterson,0.3,False,,a,17,56,0,3756,436,12757,1762,0.0,0.0,Patterson,241.0,2018-10-09,2000-05-10,False,p232571,0,0,0,0,0,0,0,0,0,0,0,0,0,0.0,0.0,0.0,0.0,0,0,0,0,0,0.00,0.00,0.00,0.00,488,71,476,57,439,51,490,71,,,,,,,0.0,0.0,0.0,0.0,0.0,0.0,556,34,493,71,493,71,320,48,0.0,0.0,0.0
585,True,True,,,74854,0,0,0,0,0,1,-0.5,-0.5,0,Simon,0.0,529,False,,,40,74854.jpg,0.0,False,Moore,0.5,False,,a,17,56,0,3966,592,8273,1496,0.0,0.0,Moore,241.0,2024-07-01,1990-05-19,False,p74854,0,0,0,0,0,0,0,0,0,0,0,0,0,0.0,0.0,0.0,0.0,0,0,0,0,0,0.00,0.00,0.00,0.00,365,25,351,11,311,5,368,25,,,,,,,0.0,0.0,0.0,0.0,0.0,0.0,607,42,372,25,372,25,255,37,0.0,0.0,0.0
586,True,True,,,490000,0,0,0,0,0,1,-0.5,-0.5,0,Blondy,0.0,530,False,,,40,490000.jpg,0.0,False,Nna Noukeu,0.1,False,,a,17,56,0,854,150,2436,416,0.0,0.0,Nna Noukeu,38.0,2024-08-02,2001-05-31,False,p490000,0,0,0,0,0,0,0,0,0,0,0,0,0,0.0,0.0,0.0,0.0,0,0,0,0,0,0.00,0.00,0.00,0.00,425,58,412,44,373,38,428,58,,,,,,,0.0,0.0,0.0,0.0,0.0,0.0,678,75,430,58,430,58,428,63,0.0,0.0,0.0
587,True,True,0.0,0.0,223827,0,0,1,-1,1,2,0.0,0.0,0,Daniel,6.0,531,False,Groin Injury - Expected back 13 Sep,2025-08-23T22:30:06.243330Z,46,223827.jpg,9.0,False,Ballard,3.9,False,,i,17,56,18,584588,1549,371123,92541,1.3,3.9,Ballard,242.0,2022-07-01,1999-09-22,False,p223827,98,1,0,1,0,0,0,0,0,0,0,3,61,74.8,10.8,66.0,15.2,15,4,1,16,2,0.18,0.18,0.36,0.56,36,10,204,63,26,3,43,4,,,,,,,0.17,0.0,0.17,0.34,0.51,0.0,385,67,22,10,3,3,89,35,1.84,0.92,14.69
588,True,True,,,487676,0,0,0,0,0,2,2.5,2.5,2,Trai,3.0,532,False,,,45,487676.jpg,3.0,False,Hume,0.3,False,,a,17,56,9,15463,838,10186,1866,0.7,2.0,Hume,242.0,2022-01-04,2002-03-18,False,p487676,270,0,0,1,3,0,0,0,0,0,0,0,40,43.0,31.9,8.0,8.3,10,8,8,18,3,0.07,0.13,0.20,2.76,122,55,94,21,196,54,129,38,,,4.0,,,,0.02,0.0,0.04,0.06,0.92,1.0,458,110,112,49,131,55,317,116,1.0,0.33,6.0
589,True,True,0.0,0.0,220684,0,0,0,0,0,2,0.0,0.0,0,Aji,0.0,533,False,Shoulder injury - Expected back 13 Sep,2025-07-21T10:00:05.007315Z,40,220684.jpg,0.0,False,Alese,0.0,False,,i,17,56,0,129,18,215,28,0.0,0.0,Alese,241.0,2022-07-15,2001-01-17,False,p220684,0,0,0,0,0,0,0,0,0,0,0,0,0,0.0,0.0,0.0,0.0,0,0,0,0,0,0.00,0.00,0.00,0.00,389,140,376,139,336,119,392,141,,,,,,,0.0,0.0,0.0,0.0,0.0,0.0,635,172,394,138,394,138,710,238,0.0,0.0,0.0
590,True,True,,,232820,0,0,0,0,0,2,-0.5,-0.5,0,Joe,0.0,534,False,,,40,232820.jpg,0.0,False,Anderson,0.4,False,,a,17,56,0,4440,589,13930,2167,0.0,0.0,Anderson,241.0,2023-01-31,2001-02-06,False,p232820,0,0,0,0,0,0,0,0,0,0,0,0,0,0.0,0.0,0.0,0.0,0,0,0,0,0,0.00,0.00,0.00,0.00,394,143,381,142,341,122,397,144,,,,,,,0.0,0.0,0.0,0.0,0.0,0.0,640,175,399,141,399,141,275,102,0.0,0.0,0.0
591,True,True,0.0,0.0,461195,0,0,0,0,0,2,0.0,0.0,0,Dennis,0.0,535,False,Wrist Injury - Expected back 13 Sep,2025-07-21T10:00:05.027113Z,40,461195.jpg,0.0,False,Cirkin,0.0,False,,i,17,56,0,138,18,1033,148,0.0,0.0,Cirkin,241.0,2021-08-11,2002-04-06,False,p461195,0,0,0,0,0,0,0,0,0,0,0,0,0,0.0,0.0,0.0,0.0,0,0,0,0,0,0.00,0.00,0.00,0.00,409,153,396,152,356,132,412,154,,,,,,,0.0,0.0,0.0,0.0,0.0,0.0,658,188,414,151,414,151,650,219,0.0,0.0,0.0
592,True,True,0.0,0.0,477547,0,0,0,0,0,2,0.0,0.0,0,Leo Fuhr,0.0,536,False,Achilles injury - Expected back 13 Sep,2025-07-21T10:00:05.047173Z,40,477547.jpg,0.0,False,Hjelde,0.0,False,,i,17,56,0,125,14,202,24,0.0,0.0,Hjelde,161.0,2024-01-30,2003-08-26,False,p477547,0,0,0,0,0,0,0,0,0,0,0,0,0,0.0,0.0,0.0,0.0,0,0,0,0,0,0.00,0.00,0.00,0.00,420,157,407,156,368,137,423,158,,,,,,,0.0,0.0,0.0,0.0,0.0,0.0,671,194,425,155,425,155,706,236,0.0,0.0,0.0
593,True,False,0.0,75.0,492066,0,0,0,0,0,2,0.0,-0.4,0,Niall,0.0,537,False,has joined Wycombe Wanderers on loan for the rest of the season.,2025-09-02T13:34:00.250364Z,40,492066.jpg,0.0,False,Huggins,0.2,False,,u,17,56,0,1038,91,6477,1276,0.0,0.0,Huggins,244.0,2021-08-20,2000-12-18,False,p492066,0,0,0,0,0,0,0,0,0,0,0,0,0,0.0,0.0,0.0,0.0,0,0,0,0,0,0.00,0.00,0.00,0.00,427,159,414,158,375,139,430,160,,,,,,,0.0,0.0,0.0,0.0,0.0,0.0,680,198,432,157,432,157,401,148,0.0,0.0,0.0
594,True,True,,,514613,0,0,0,0,0,2,-0.5,-0.5,0,Zak,0.0,538,False,,,40,514613.jpg,0.0,False,Johnson,0.2,False,,a,17,56,0,1674,299,6160,1012,0.0,0.0,Johnson,241.0,2021-10-12,2004-07-30,False,p514613,0,0,0,0,0,0,0,0,0,0,0,0,0,0.0,0.0,0.0,0.0,0,0,0,0,0,0.00,0.00,0.00,0.00,436,165,423,164,384,145,439,166,,,,,,,0.0,0.0,0.0,0.0,0.0,0.0,690,205,441,163,441,163,354,126,0.0,0.0,0.0
595,True,True,0.0,0.0,167512,0,0,0,0,0,2,0.0,0.0,0,Luke,0.0,539,False,Shoulder injury - Expected back 13 Sep,2025-07-21T10:00:05.068622Z,40,167512.jpg,0.0,False,O'Nien,0.0,False,,i,17,56,0,308,57,762,133,0.0,0.0,O'Nien,241.0,2018-07-30,1994-11-21,False,p167512,0,0,0,0,0,0,0,0,0,0,0,0,0,0.0,0.0,0.0,0.0,0,0,0,0,0,0.00,0.00,0.00,0.00,382,136,368,134,328,114,385,137,,,,,4.0,,0.0,0.0,0.0,0.0,0.0,0.0,624,164,388,135,388,135,645,217,0.0,0.0,0.0
596,True,True,,,465702,0,0,0,0,0,2,-0.5,-0.5,0,Timothée,0.0,540,False,,,40,465702.jpg,0.0,False,Pembélé,0.2,False,,a,17,56,0,1271,191,5324,847,0.0,0.0,Pembele,73.0,2023-09-01,2002-09-09,False,p465702,0,0,0,0,0,0,0,0,0,0,0,0,0,0.0,0.0,0.0,0.0,0,0,0,0,0,0.00,0.00,0.00,0.00,415,155,402,154,362,134,418,156,,,,,,,0.0,0.0,0.0,0.0,0.0,0.0,665,191,420,153,420,153,377,136,0.0,0.0,0.0
597,True,True,,,434399,0,0,0,0,0,2,2.8,2.8,1,Reinildo,3.3,541,False,,,40,434399.jpg,3.3,False,Mandava,8.3,False,,a,17,56,10,319012,31523,146735,40515,0.8,2.5,Reinildo,146.0,2025-07-08,1994-01-21,False,p434399,270,0,0,1,3,0,0,0,1,0,0,0,49,52.8,15.8,6.0,7.5,19,9,10,29,3,0.02,0.03,0.05,2.76,87,34,164,46,221,66,149,47,,,,,,,0.01,0.0,0.01,0.02,0.92,1.0,647,179,96,40,117,48,53,19,1.0,0.33,9.67
598,True,False,0.0,100.0,519634,0,0,0,0,0,2,0.0,0.2,0,Jenson,0.7,542,False,has joined Wolfsburg on loan for the rest of the season.,2025-09-02T13:40:22.421351Z,40,519634.jpg,1.0,False,Seelt,0.2,False,,u,17,56,2,3016,193,8319,1927,0.2,0.5,Seelt,152.0,2023-07-01,2003-05-23,False,p519634,133,0,0,0,2,0,0,0,0,0,0,0,11,33.6,2.4,0.0,3.6,8,6,4,12,1,0.00,0.01,0.01,1.33,160,68,285,94,389,150,256,86,,,,,,,0.0,0.0,0.01,0.01,0.9,1.35,696,211,291,95,277,95,337,120,0.68,0.0,8.12
599,True,True,,,535818,0,0,0,0,0,3,2.2,2.2,1,Simon,2.7,543,False,,,55,535818.jpg,2.7,False,Adingra,1.4,False,,a,17,56,8,62990,1632,77223,18546,0.5,1.5,Adingra,54.0,2025-07-10,2002-01-01,False,p535818,162,0,1,1,2,0,0,0,1,0,0,0,19,12.2,44.5,6.0,6.3,3,5,2,10,2,0.14,0.11,0.25,0.91,257,117,61,43,232,129,178,88,,,,,,,0.08,0.0,0.06,0.14,0.51,1.11,175,110,146,57,166,72,154,49,1.11,0.56,5.56
600,True,True,,,547027,0,0,0,0,0,3,2.5,2.5,4,Habib,3.0,544,False,,,55,547027.jpg,3.0,False,Diarra,0.1,False,,a,17,56,9,3975,560,4790,757,0.5,1.6,Diarra,189.0,2025-07-01,2004-01-03,False,p547027,255,0,1,1,2,0,0,0,1,0,0,0,22,10.6,24.9,38.0,6.9,4,6,1,11,3,0.48,0.07,0.55,2.10,266,123,118,83,63,37,166,83,,,,,,,0.17,0.0,0.02,0.19,0.74,0.71,177,111,123,47,145,62,474,160,1.06,0.35,3.88
601,True,False,0.0,,124165,0,0,-1,1,0,3,0.0,-0.2,0,Patrick,0.3,545,False,has joined Birmingham City on loan for the rest of the season.,2025-09-02T13:33:32.438579Z,54,124165.jpg,1.0,False,Roberts,0.0,False,,u,17,56,1,462,41,2187,438,0.1,0.2,Roberts,241.0,2022-01-21,1997-02-05,False,p124165,27,0,0,0,1,0,0,0,0,0,0,0,4,1.8,7.3,5.0,1.4,0,1,0,1,0,0.03,0.02,0.05,0.66,344,169,227,135,236,132,317,159,4.0,,,,2.0,,0.1,0.0,0.07,0.17,2.2,3.33,183,114,351,171,317,154,630,263,0.0,0.0,3.33
602,True,True,,,626844,0,0,-1,1,0,3,-0.5,-0.5,0,Milan,0.0,546,False,,,49,626844.jpg,0.0,False,Aleksić,0.0,False,,a,17,56,0,280,53,1585,204,0.0,0.0,Aleksić,190.0,2024-08-30,2005-08-30,False,p626844,0,0,0,0,0,0,0,0,0,0,0,0,0,0.0,0.0,0.0,0.0,0,0,0,0,0,0.00,0.00,0.00,0.00,653,275,645,276,622,267,654,276,,,,,,,0.0,0.0,0.0,0.0,0.0,0.0,380,240,652,276,652,276,621,256,0.0,0.0,0.0
603,True,True,,,484420,0,0,-1,1,1,3,3.8,3.8,11,Enzo,4.3,547,False,,,49,484420.jpg,4.3,False,Le Fée,0.4,False,,a,17,56,13,17772,15661,16796,3725,0.9,2.7,E.Le Fée,73.0,2025-07-01,2000-02-03,False,p484420,131,1,0,0,2,0,0,0,0,0,0,2,49,69.4,41.0,21.0,13.2,5,13,8,26,1,0.83,0.08,0.91,2.09,51,21,73,52,108,66,60,40,2.0,,2.0,,,,0.57,0.0,0.05,0.62,1.44,1.37,365,228,72,25,83,31,279,89,0.69,0.0,17.86
604,True,True,0.0,0.0,461199,0,0,-1,1,0,3,0.0,0.0,0,Romaine,0.0,548,False,Hamstring injury - Expected back 18 Oct,2025-08-10T23:30:07.214806Z,49,461199.jpg,0.0,False,Mundle,0.0,False,,i,17,56,0,48,3,514,41,0.0,0.0,Mundle,241.0,2024-02-01,2003-04-24,False,p461199,0,0,0,0,0,0,0,0,0,0,0,0,0,0.0,0.0,0.0,0.0,0,0,0,0,0,0.00,0.00,0.00,0.00,644,268,636,269,612,260,645,269,3.0,,3.0,,,,0.0,0.0,0.0,0.0,0.0,0.0,363,227,643,270,643,270,703,309,0.0,0.0,0.0
605,True,True,,,223336,0,0,-1,1,0,3,-0.5,-0.5,0,Dan,0.0,549,False,,,49,223336.jpg,0.0,False,Neil,0.0,False,,a,17,56,0,211,42,1470,213,0.0,0.0,Neil,241.0,2018-11-01,2001-12-13,False,p223336,0,0,0,0,0,0,0,0,0,0,0,0,0,0.0,0.0,0.0,0.0,0,0,0,0,0,0.00,0.00,0.00,0.00,635,262,627,263,602,254,636,263,,,,,,,0.0,0.0,0.0,0.0,0.0,0.0,347,217,634,264,634,264,619,254,0.0,0.0,0.0
606,True,True,,,215460,0,0,-1,1,0,3,-0.5,-0.5,0,Ian,0.0,550,False,,,49,215460.jpg,0.0,False,Poveda-Ocampo,0.0,False,,a,17,56,0,96,17,1037,127,0.0,0.0,Poveda,48.0,2024-07-24,2000-02-09,False,p215460,0,0,0,0,0,0,0,0,0,0,0,0,0,0.0,0.0,0.0,0.0,0,0,0,0,0,0.00,0.00,0.00,0.00,633,261,625,262,599,253,634,262,,,,,,,0.0,0.0,0.0,0.0,0.0,0.0,344,216,632,263,632,263,641,272,0.0,0.0,0.0
607,True,True,,,554197,0,0,-1,1,0,3,-0.2,-0.2,0,Chris,0.3,551,False,,,49,554197.jpg,1.0,False,Rigg,0.0,False,,a,17,56,1,353,65,2462,408,0.1,0.2,Rigg,241.0,2022-12-31,2007-06-18,False,p554197,1,0,0,0,0,0,0,0,0,0,0,0,3,0.0,0.0,0.0,0.0,0,0,0,0,0,0.00,0.00,0.00,0.03,649,271,641,272,618,263,650,272,,,,,,,0.0,0.0,0.0,0.0,2.7,0.0,375,235,347,169,306,147,581,227,0.0,0.0,0.0
608,True,True,,,577669,0,0,0,0,0,3,1.8,1.8,2,Noah,2.3,552,False,,,50,577669.jpg,2.3,False,Sadiki,0.0,False,,a,17,56,7,1402,189,1686,344,0.5,1.4,Sadiki,50.0,2025-07-04,2004-12-17,False,p577669,270,0,0,1,3,0,0,0,0,0,0,0,31,28.2,42.0,4.0,7.5,7,4,6,17,3,0.00,0.28,0.28,2.76,183,72,68,49,252,136,151,76,,,,,,,0.0,0.0,0.09,0.09,0.92,1.0,319,198,165,68,180,80,580,226,1.0,0.33,5.67
609,True,True,,,549912,0,0,0,0,0,3,3.2,3.2,3,Chemsdine,3.7,553,False,,,50,549912.jpg,3.7,False,Talbi,0.3,False,,a,17,56,11,30462,1012,18181,3172,0.7,2.2,Talbi,145.0,2025-07-09,2005-05-09,False,p549912,216,0,1,2,1,0,0,0,0,0,0,0,27,28.4,43.0,12.0,8.3,2,5,3,10,3,0.31,0.04,0.35,1.83,180,69,66,47,172,105,130,68,,,,,,,0.13,0.0,0.02,0.15,0.76,0.42,315,195,93,34,107,41,296,96,1.25,0.83,4.17
610,True,True,,,477851,-1,1,-1,1,0,3,-0.5,-0.5,0,Abdoullah,0.0,554,False,,,44,477851.jpg,0.0,False,Ba,0.2,False,,a,17,56,0,5053,2748,10136,1946,0.0,0.0,Ba,73.0,2022-08-31,2003-07-31,False,p477851,0,0,0,0,0,0,0,0,0,0,0,0,0,0.0,0.0,0.0,0.0,0,0,0,0,0,0.00,0.00,0.00,0.00,496,176,484,179,449,165,498,177,,,,,,,0.0,0.0,0.0,0.0,0.0,0.0,568,314,501,182,501,182,341,117,0.0,0.0,0.0
611,True,False,0.0,,171422,0,0,0,0,0,3,0.0,-0.5,0,Alan,0.0,555,False,has joined Middlesbrough on loan for the rest of the season.,2025-09-02T13:31:41.354124Z,45,171422.jpg,0.0,False,Browne,0.1,False,,u,17,56,0,1291,134,4137,871,0.0,0.0,Browne,104.0,2024-07-11,1995-04-15,False,p171422,0,0,0,0,0,0,0,0,0,0,0,0,0,0.0,0.0,0.0,0.0,0,0,0,0,0,0.00,0.00,0.00,0.00,534,191,523,194,491,180,536,192,,,,,,,0.0,0.0,0.0,0.0,0.0,0.0,408,244,538,197,538,197,508,177,0.0,0.0,0.0
612,True,False,0.0,0.0,458297,0,0,0,0,0,3,0.0,0.0,0,Pierre,0.0,556,False,Has joined AS Saint-Etienne permanently.,2025-08-14T14:03:00.702056Z,45,458297.jpg,0.0,False,Ekwah Elimby,0.0,False,,u,17,56,0,0,0,1178,100,0.0,0.0,Ekwah,73.0,2023-01-23,2002-01-15,False,p458297,0,0,0,0,0,0,0,0,0,0,0,0,0,0.0,0.0,0.0,0.0,0,0,0,0,0,0.00,0.00,0.00,0.00,553,201,545,204,516,192,555,202,,,,,,,0.0,0.0,0.0,0.0,0.0,0.0,448,256,557,207,557,207,678,295,0.0,0.0,0.0
613,True,True,,,547410,0,0,0,0,0,3,-0.5,-0.5,0,Harrison,0.0,557,False,,,45,547410.jpg,0.0,False,Jones,0.1,False,,a,17,56,0,850,156,2458,358,0.0,0.0,H.Jones,241.0,2024-01-01,2004-12-25,False,p547410,0,0,0,0,0,0,0,0,0,0,0,0,0,0.0,0.0,0.0,0.0,0,0,0,0,0,0.00,0.00,0.00,0.00,578,222,572,225,544,213,580,223,,,,,,,0.0,0.0,0.0,0.0,0.0,0.0,488,279,582,228,582,228,561,211,0.0,0.0,0.0
614,True,True,,,493837,0,0,0,0,0,3,-0.5,-0.5,0,Jay,0.0,558,False,,,45,493837.jpg,0.0,False,Matete,0.2,False,,a,17,56,0,3521,502,9697,1604,0.0,0.0,Matete,241.0,2022-01-31,2001-02-11,False,p493837,0,0,0,0,0,0,0,0,0,0,0,0,0,0.0,0.0,0.0,0.0,0,0,0,0,0,0.00,0.00,0.00,0.00,563,210,556,213,528,201,565,211,,,,,,,0.0,0.0,0.0,0.0,0.0,0.0,466,266,567,216,567,216,349,121,0.0,0.0,0.0
615,True,True,,,500696,-1,1,-1,1,0,3,-0.5,-0.5,0,Nectarios,0.0,559,False,,,44,500696.jpg,0.0,False,Triantis,0.1,False,,a,17,56,0,794,281,2551,422,0.0,0.0,Triantis,13.0,2023-07-01,2003-05-11,False,p500696,0,0,0,0,0,0,0,0,0,0,0,0,0,0.0,0.0,0.0,0.0,0,0,0,0,0,0.00,0.00,0.00,0.00,505,181,493,184,458,170,507,182,,,,,,,0.0,0.0,0.0,0.0,0.0,0.0,580,320,510,187,510,187,550,204,0.0,0.0,0.0
616,True,True,,,437505,0,0,0,0,0,4,4.2,4.2,8,Wilson,4.7,560,False,,,55,437505.jpg,4.7,False,Isidor,0.5,False,,a,17,56,14,40101,23485,19568,5049,0.9,2.5,Isidor,73.0,2025-02-01,2000-08-27,False,p437505,66,2,0,0,2,0,0,0,0,0,0,3,61,72.8,0.7,56.0,12.9,1,1,2,4,0,0.28,0.00,0.28,1.13,41,7,319,34,39,15,64,12,,,,,3.0,,0.38,0.0,0.0,0.38,1.54,2.73,158,36,57,6,66,6,245,41,0.0,0.0,5.45
617,True,True,,,564406,0,0,0,0,0,4,3.5,3.5,2,Eliezer,4.0,561,False,,,55,564406.jpg,4.0,False,Mayenda Dossou,1.8,False,,a,17,56,12,229612,6745,117169,25471,0.7,2.2,Mayenda,200.0,2023-07-28,2005-05-08,False,p564406,201,1,0,2,1,0,0,0,0,0,0,2,43,45.2,13.1,45.0,10.2,2,2,1,5,3,0.39,0.00,0.39,1.63,113,14,183,18,51,19,95,17,,,,,1.0,,0.17,0.0,0.0,0.17,0.73,0.45,179,41,85,10,98,10,134,21,1.34,0.9,2.24
618,True,True,,,611975,-1,1,-1,1,0,4,-0.5,-0.5,0,Ahmed,0.0,562,False,,,44,611975.jpg,0.0,False,Abdullahi,0.4,False,,a,17,56,0,6751,1889,23297,4116,0.0,0.0,Abdullahi,157.0,2024-08-31,2004-06-19,False,p611975,0,0,0,0,0,0,0,0,0,0,0,0,0,0.0,0.0,0.0,0.0,0,0,0,0,0,0.00,0.00,0.00,0.00,524,50,512,49,477,49,526,51,,,,,,,0.0,0.0,0.0,0.0,0.0,0.0,599,80,528,51,528,51,260,44,0.0,0.0,0.0
619,True,True,,,551153,-1,1,-1,1,0,4,-0.5,-0.5,0,Luís Hemir,0.0,563,False,,,44,551153.jpg,0.0,False,Silva Semedo,0.2,False,,a,17,56,0,2263,573,7313,1222,0.0,0.0,Luís Hemir,173.0,2023-07-01,2003-08-11,False,p551153,0,0,0,0,0,0,0,0,0,0,0,0,0,0.0,0.0,0.0,0.0,0,0,0,0,0,0.00,0.00,0.00,0.00,515,45,503,44,468,44,517,46,,,,,,,0.0,0.0,0.0,0.0,0.0,0.0,590,75,519,46,519,46,396,58,0.0,0.0,0.0
620,True,True,,,440955,-1,1,-1,1,0,4,-0.5,-0.5,0,Nazarii,0.0,564,False,,,44,440955.jpg,0.0,False,Rusyn,0.2,False,,a,17,56,0,3516,1212,8792,1518,0.0,0.0,Rusyn,225.0,2023-09-01,1998-10-25,False,p440955,0,0,0,0,0,0,0,0,0,0,0,0,0,0.0,0.0,0.0,0.0,0,0,0,0,0,0.00,0.00,0.00,0.00,493,40,481,39,444,39,495,41,,,,,,,0.0,0.0,0.0,0.0,0.0,0.0,562,69,498,41,498,41,364,56,0.0,0.0,0.0
621,True,True,,,84450,0,0,0,0,0,3,3.2,3.2,4,Granit,3.7,668,False,,,50,84450.jpg,3.7,False,Xhaka,2.7,False,,a,17,56,11,68408,14571,82788,16012,0.7,2.2,Xhaka,207.0,2025-07-30,1992-09-27,False,p84450,270,0,1,1,3,0,0,0,1,0,0,0,52,69.6,70.6,3.0,14.3,14,12,4,30,3,0.05,0.20,0.25,2.76,50,20,23,22,262,146,51,34,1.0,,1.0,,,,0.02,0.0,0.07,0.09,0.92,1.0,241,150,89,31,103,38,101,32,1.0,0.33,10.0
622,True,True,,,498016,0,0,0,0,0,1,5.2,5.2,8,Robin,5.7,670,False,,,45,498016.jpg,5.7,False,Roefs,1.3,False,,a,17,56,17,112793,22410,39344,6663,1.3,3.8,Roefs,152.0,2025-08-01,2003-01-17,False,p498016,270,0,0,1,3,0,1,0,0,0,7,1,54,81.6,0.0,0.0,8.1,4,27,0,0,3,0.00,0.00,0.00,2.76,30,5,559,70,531,66,133,5,,,,,,,0.0,2.33,0.0,0.0,0.92,1.0,471,30,30,5,39,5,161,23,1.0,0.33,0.0
623,True,True,100.0,100.0,105717,0,0,0,0,0,2,-0.5,-0.5,0,Arthur,0.0,678,False,,2025-08-11T13:51:46.232630Z,40,105717.jpg,0.0,False,Masuaku,0.7,False,,a,17,56,0,12056,757,17101,2817,0.0,0.0,Masuaku,50.0,2025-08-10,1993-11-07,False,p105717,0,0,0,0,0,0,0,0,0,0,0,0,0,0.0,0.0,0.0,0.0,0,0,0,0,0,0.00,0.00,0.00,0.00,372,132,358,130,318,110,375,133,,,,,,,0.0,0.0,0.0,0.0,0.0,0.0,614,160,379,132,379,132,214,79,0.0,0.0,0.0
624,True,True,,,201895,0,0,0,0,0,2,2.5,2.5,4,Omar,3.0,683,False,,,40,201895.jpg,3.0,False,Alderete,1.3,False,,a,17,56,9,57412,8197,31273,5173,0.8,2.2,Alderete,168.0,2025-08-12,1996-12-26,False,p201895,217,0,1,0,3,0,0,0,0,0,0,0,36,75.0,21.3,17.0,11.3,20,11,5,25,2,0.11,0.15,0.26,2.43,35,9,133,33,138,22,82,18,,,,,,,0.05,0.0,0.06,0.11,1.01,1.24,629,168,107,44,127,51,160,60,0.83,0.0,10.37
625,True,True,,,200834,0,0,0,0,0,2,1.5,1.5,4,Nordi,2.0,694,False,,,40,200834.jpg,4.0,False,Mukiele,0.4,False,,a,17,56,4,28646,6077,10502,2435,0.5,1.0,Mukiele,73.0,2025-08-17,1997-11-01,False,p200834,90,0,0,0,1,0,0,0,0,0,0,0,18,26.4,0.6,6.0,3.3,9,1,5,14,1,0.07,0.00,0.07,1.20,189,77,321,114,220,65,271,90,,,,,,,0.07,0.0,0.0,0.07,1.2,1.0,628,167,185,67,91,40,273,101,1.0,0.0,14.0
626,True,True,,,247955,0,0,0,0,0,2,1.5,1.5,0,Lutsharel,0.0,724,False,,,45,247955.jpg,0.0,False,Geertruida,0.0,False,,a,17,56,0,288,288,42,42,0.0,0.0,Geertruida,152.0,2025-09-01,2000-07-18,False,p247955,0,0,0,0,0,0,0,0,0,0,0,0,0,0.0,0.0,0.0,0.0,0,0,0,0,0,0.00,0.00,0.00,0.00,543,222,534,222,504,210,545,222,,,,,,,0.0,0.0,0.0,0.0,0.0,0.0,434,102,547,219,547,219,715,240,0.0,0.0,0.0
627,True,True,,,441264,0,0,0,0,0,4,1.3,1.3,0,Brian,0.0,730,False,,,55,441264.jpg,0.0,False,Brobbey,0.0,False,,a,17,56,0,1622,1622,190,190,0.0,0.0,Brobbey,152.0,2025-09-01,2002-02-01,False,p441264,0,0,0,0,0,0,0,0,0,0,0,0,0,0.0,0.0,0.0,0.0,0,0,0,0,0,0.00,0.00,0.00,0.00,704,69,705,69,700,68,705,69,,,,,,,0.0,0.0,0.0,0.0,0.0,0.0,159,37,704,69,704,69,661,75,0.0,0.0,0.0
628,True,True,,,110504,0,0,0,0,0,3,1.5,1.5,0,Bertrand,0.0,735,False,,,55,110504.jpg,0.0,False,Traoré,0.0,False,,a,17,56,0,141,141,25,25,0.0,0.0,Traoré,35.0,2025-09-01,1995-09-06,False,p110504,0,0,0,0,0,0,0,0,0,0,0,0,0,0.0,0.0,0.0,0.0,0,0,0,0,0,0.00,0.00,0.00,0.00,698,305,697,306,689,303,699,306,,,,,,,0.0,0.0,0.0,0.0,0.0,0.0,130,84,698,306,698,306,722,317,0.0,0.0,0.0
629,True,True,,,184254,0,0,0,0,0,1,7.0,7.0,3,Guglielmo,7.0,565,True,,,50,184254.jpg,7.0,False,Vicario,8.3,False,,a,18,6,21,436376,132774,134926,33190,1.4,4.2,Vicario,106.0,2023-07-01,1996-10-07,False,p184254,270,0,0,2,1,0,0,0,0,0,13,4,89,98.4,0.1,0.0,9.8,2,26,0,0,3,0.00,0.01,0.01,4.08,13,2,341,6,632,76,100,2,,,,,,,0.0,4.33,0.0,0.0,1.36,0.33,256,11,13,1,17,1,54,8,1.0,0.67,0.0
630,True,True,,,214572,0,0,0,0,0,1,0.0,0.0,0,Brandon,0.0,566,False,,,40,214572.jpg,0.0,False,Austin,0.3,False,,a,18,6,0,1583,293,5602,891,0.0,0.0,Austin,241.0,2017-07-22,1999-01-08,False,p214572,0,0,0,0,0,0,0,0,0,0,0,0,0,0.0,0.0,0.0,0.0,0,0,0,0,0,0.00,0.00,0.00,0.00,387,39,374,25,334,19,390,39,,,,,,,0.0,0.0,0.0,0.0,0.0,0.0,633,56,393,39,393,39,322,49,0.0,0.0,0.0
631,True,True,,,485055,0,0,0,0,0,1,0.0,0.0,0,Antonín,0.0,567,False,,,40,485055.jpg,0.0,False,Kinský,1.7,False,,a,18,6,0,5650,763,39352,7135,0.0,0.0,Kinsky,57.0,2025-01-05,2003-03-13,False,p485055,0,0,0,0,0,0,0,0,0,0,0,0,0,0.0,0.0,0.0,0.0,0,0,0,0,0,0.00,0.00,0.00,0.00,423,56,410,42,371,36,426,56,,,,,,,0.0,0.0,0.0,0.0,0.0,0.0,676,73,428,56,428,56,143,20,0.0,0.0,0.0
632,True,True,,,441164,0,0,1,-1,0,2,5.0,5.0,4,Pedro,5.0,568,False,,,56,441164.jpg,5.0,False,Porro Sauceda,25.4,False,,a,18,6,15,672670,95766,320666,70739,0.9,2.7,Pedro Porro,200.0,2023-07-01,1999-09-13,False,p441164,250,0,0,2,1,0,0,0,1,0,0,0,59,57.0,81.2,11.0,15.0,17,11,5,22,3,0.11,0.41,0.52,4.05,75,28,13,1,181,44,45,6,1.0,,2.0,,,,0.04,0.0,0.15,0.19,1.46,0.36,124,10,51,21,61,26,12,4,1.08,0.72,7.92
633,True,True,,,221632,0,0,0,0,0,2,5.0,5.0,2,Cristian,5.0,569,False,,,50,221632.jpg,5.0,False,Romero,5.4,False,,a,18,6,15,236734,26626,103534,25990,1.0,3.0,Romero,10.0,2022-08-30,1998-04-27,False,p221632,270,0,0,2,1,0,0,0,1,0,0,0,62,60.0,2.5,8.0,7.0,17,14,5,22,3,0.00,0.03,0.03,4.08,69,25,284,93,199,56,162,52,,,,,,,0.0,0.0,0.01,0.01,1.36,0.33,270,43,48,18,58,23,78,27,1.0,0.67,7.33
634,True,True,,,135720,0,0,-1,1,0,2,0.3,0.3,0,Kevin,0.3,570,False,,,44,135720.jpg,1.0,False,Danso,0.2,False,,a,18,6,1,4412,335,10704,1670,0.1,0.2,Danso,14.0,2025-07-01,1998-09-19,False,p135720,1,0,0,0,0,0,0,0,0,0,0,0,4,4.2,0.0,0.0,0.4,2,0,0,2,0,0.00,0.00,0.00,0.00,322,117,469,200,431,182,350,121,,,,,,,0.0,0.0,0.0,0.0,0.0,0.0,544,133,328,110,281,99,387,142,0.0,0.0,180.0
635,True,True,,,115556,-1,1,-1,1,0,2,0.0,0.0,0,Ben,0.0,571,False,,,44,115556.jpg,0.0,False,Davies,0.1,False,,a,18,6,0,1155,309,3827,663,0.0,0.0,Davies,244.0,2014-07-23,1993-04-24,False,p115556,0,0,0,0,0,0,0,0,0,0,0,0,0,0.0,0.0,0.0,0.0,0,0,0,0,0,0.00,0.00,0.00,0.00,480,199,468,199,430,181,483,200,,,,,,,0.0,0.0,0.0,0.0,0.0,0.0,543,132,485,197,485,197,496,187,0.0,0.0,0.0
636,True,True,0.0,0.0,493125,0,0,0,0,0,2,0.0,0.0,0,Radu,0.0,572,False,Knee injury - Unknown return date,2025-07-21T10:00:05.088977Z,45,493125.jpg,0.0,False,Drăgușin,0.0,False,,i,18,6,0,124,30,251,53,0.0,0.0,Dragusin,177.0,2024-01-11,2002-02-03,False,p493125,0,0,0,0,0,0,0,0,0,0,0,0,0,0.0,0.0,0.0,0.0,0,0,0,0,0,0.00,0.00,0.00,0.00,562,225,555,225,527,213,564,225,,,,,,,0.0,0.0,0.0,0.0,0.0,0.0,465,112,566,222,566,222,707,237,0.0,0.0,0.0
637,True,True,,,232859,0,0,0,0,0,2,4.3,4.3,1,Djed,4.3,573,False,,,45,232859.jpg,4.3,False,Spence,2.3,False,,a,18,6,13,152987,17809,47863,13550,1.0,2.9,Spence,241.0,2022-07-19,2000-08-09,False,p232859,270,0,0,2,1,0,0,0,1,0,0,0,49,36.6,29.4,24.0,9.0,11,11,2,13,3,0.18,0.11,0.29,4.08,145,63,99,22,99,14,114,31,,,,,,,0.06,0.0,0.04,0.1,1.36,0.33,428,97,68,29,79,34,114,47,1.0,0.67,4.33
638,True,True,100.0,100.0,487053,0,0,-1,1,0,2,0.3,0.3,1,Destiny,0.3,574,False,,2025-08-10T23:30:07.244451Z,44,487053.jpg,1.0,False,Udogie,0.5,False,,a,18,6,1,7437,4322,45064,2570,0.1,0.2,Udogie,106.0,2022-08-16,2002-11-28,False,p487053,19,0,0,0,0,0,0,0,0,0,0,0,5,3.2,2.0,6.0,1.1,1,0,1,2,0,0.02,0.06,0.08,0.03,333,121,297,101,224,69,326,111,,,,,,,0.09,0.0,0.28,0.37,0.14,0.0,570,151,332,114,284,102,251,91,0.0,0.0,9.47
639,True,True,,,491279,0,0,1,-1,0,2,4.3,4.3,1,Micky,4.3,575,False,,,46,491279.jpg,4.3,False,van de Ven,28.8,False,,a,18,6,13,600164,79779,325047,89447,0.9,2.8,Van de Ven,152.0,2023-08-08,2001-04-19,False,p491279,270,0,0,2,1,0,0,0,1,0,0,0,61,48.2,3.9,14.0,6.6,17,13,2,19,3,0.59,0.02,0.61,4.08,102,46,262,80,160,31,171,56,,,,,,,0.2,0.0,0.01,0.21,1.36,0.33,386,68,71,31,82,36,9,1,1.0,0.67,6.33
640,True,False,0.0,0.0,548308,0,0,0,0,0,2,0.0,0.0,0,Ashley,0.0,576,False,Has joined Stoke City on loan for the rest of the season.,2025-07-25T14:55:41.438809Z,40,548308.jpg,0.0,False,Phillips,0.0,False,,u,18,6,0,0,0,1253,147,0.0,0.0,Phillips,241.0,2023-08-05,2005-06-26,False,p548308,0,0,0,0,0,0,0,0,0,0,0,0,0,0.0,0.0,0.0,0.0,0,0,0,0,0,0.00,0.00,0.00,0.00,447,175,434,174,396,156,450,176,,,,,,,0.0,0.0,0.0,0.0,0.0,0.0,704,218,452,173,452,173,653,220,0.0,0.0,0.0
641,True,True,50.0,50.0,553299,0,0,0,0,0,2,0.0,0.0,0,Takai,0.0,577,False,Foot injury - 50% chance of playing,2025-08-10T23:30:07.262578Z,40,553299.jpg,0.0,False,Kōta,0.1,False,,d,18,6,0,223,47,4595,517,0.0,0.0,Takai,108.0,2025-07-08,2004-09-04,False,p553299,0,0,0,0,0,0,0,0,0,0,0,0,0,0.0,0.0,0.0,0.0,0,0,0,0,0,0.00,0.00,0.00,0.00,452,178,439,177,401,159,455,179,,,,,,,0.0,0.0,0.0,0.0,0.0,0.0,709,221,457,176,457,176,514,193,0.0,0.0,0.0
642,True,False,0.0,,610799,-1,1,-1,1,0,2,0.0,0.0,0,Luka,0.0,578,False,has joined Hamburger SV on loan for the rest of the season.,2025-09-02T13:17:42.706711Z,39,610799.jpg,0.0,False,Vušković,0.8,False,,u,18,6,0,7334,2352,37299,9013,0.0,0.0,Vuskovic,97.0,2025-06-01,2007-02-24,False,p610799,0,0,0,0,0,0,0,0,0,0,0,0,0,0.0,0.0,0.0,0.0,0,0,0,0,0,0.00,0.00,0.00,0.00,360,129,345,127,304,106,363,130,,,,,,,0.0,0.0,0.0,0.0,0.0,0.0,735,243,367,129,367,129,192,73,0.0,0.0,0.0
643,True,False,0.0,0.0,85971,0,0,0,0,0,3,0.0,0.0,0,Son,0.0,579,False,Has joined Los Angeles FC permanently.,2025-08-11T01:22:33.649224Z,85,85971.jpg,0.0,False,Heung-min,0.2,False,,u,18,6,0,0,0,22253,1135,0.0,0.0,Son,114.0,2015-08-28,1992-07-08,False,p85971,0,0,0,0,0,0,0,0,0,0,0,0,0,0.0,0.0,0.0,0.0,0,0,0,0,0,0.00,0.00,0.00,0.00,735,327,735,327,735,327,735,327,,,,,,,0.0,0.0,0.0,0.0,0.0,0.0,10,5,735,327,735,327,397,135,0.0,0.0,0.0
644,True,True,,,242898,0,0,1,-1,0,3,6.0,6.0,1,Brennan,6.0,580,False,,,71,242898.jpg,6.0,False,Johnson,10.1,False,,a,18,6,18,911467,84416,185761,87106,0.8,2.5,Johnson,244.0,2023-09-01,2001-05-23,False,p242898,209,2,0,2,1,0,0,0,1,0,0,2,62,85.8,43.7,44.0,17.4,3,5,5,13,3,0.90,0.10,1.00,3.59,23,11,64,45,54,30,30,21,,,,,,,0.39,0.0,0.04,0.43,1.55,0.43,31,18,28,10,37,15,40,12,1.29,0.86,5.6
645,True,True,0.0,0.0,172780,0,0,-1,1,0,3,0.0,0.0,0,James,0.0,581,False,Anterior cruciate ligament - Unknown return date,2025-08-08T13:57:59.638052Z,69,172780.jpg,0.0,False,Maddison,0.2,False,,i,18,6,0,395,78,18277,1304,0.0,0.0,Maddison,241.0,2023-06-28,1996-11-23,False,p172780,0,0,0,0,0,0,0,0,0,0,0,0,0,0.0,0.0,0.0,0.0,0,0,0,0,0,0.00,0.00,0.00,0.00,727,322,727,322,727,322,727,322,4.0,,1.0,,,,0.0,0.0,0.0,0.0,0.0,0.0,44,28,727,322,727,322,399,136,0.0,0.0,0.0
646,True,True,,,460842,0,0,1,-1,1,3,5.0,5.0,2,Mohammed,5.0,582,False,,,66,460842.jpg,5.0,False,Kudus,32.7,False,,a,18,6,15,1246324,124491,435632,151847,0.8,2.3,Kudus,81.0,2025-07-10,2000-08-02,False,p460842,259,0,2,2,1,0,0,0,0,0,0,1,55,71.6,113.3,21.0,20.5,0,11,8,19,3,0.06,0.75,0.81,4.08,46,18,7,7,118,75,18,14,2.0,,,,,,0.02,0.0,0.26,0.28,1.42,0.35,50,33,53,20,62,24,5,3,1.04,0.69,6.6
647,True,True,0.0,0.0,445044,-1,1,-1,1,0,3,0.0,0.0,0,Dejan,0.0,583,False,Knee injury - Unknown return date,2025-07-21T10:00:05.109205Z,64,445044.jpg,0.0,False,Kulusevski,0.0,False,,i,18,6,0,198,24,1005,143,0.0,0.0,Kulusevski,206.0,2023-07-01,2000-04-25,False,p445044,0,0,0,0,0,0,0,0,0,0,0,0,0,0.0,0.0,0.0,0.0,0,0,0,0,0,0.00,0.00,0.00,0.00,722,320,722,320,722,320,722,320,,,,,,,0.0,0.0,0.0,0.0,0.0,0.0,71,48,722,320,722,320,672,291,0.0,0.0,0.0
648,True,True,,,511499,0,0,-2,2,0,3,0.7,0.7,1,Mathys,0.7,584,False,,,63,511499.jpg,1.0,False,Tel,0.1,False,,a,18,6,2,2186,657,8311,1248,0.1,0.3,Tel,73.0,2025-07-01,2005-04-27,False,p511499,19,0,0,0,0,0,0,0,0,0,0,0,2,4.6,0.4,1.0,0.6,0,2,3,5,0,0.05,0.00,0.05,0.00,319,158,333,173,301,162,344,172,5.0,,4.0,,4.0,,0.24,0.0,0.0,0.24,0.0,0.0,81,56,315,159,345,173,481,162,0.0,0.0,23.68
649,True,True,,,202993,0,0,0,0,0,3,2.0,2.0,2,Rodrigo,2.0,585,False,,,55,202993.jpg,2.0,False,Bentancur,0.2,False,,a,18,6,6,3689,923,7415,1207,0.4,1.1,Bentancur,230.0,2022-01-31,1997-06-25,False,p202993,199,0,0,1,1,0,0,0,0,0,0,0,37,24.2,18.0,2.0,4.5,4,16,4,24,2,0.00,0.02,0.02,3.18,197,80,150,97,290,157,233,112,,,,,,,0.0,0.0,0.01,0.01,1.44,0.45,143,89,204,96,216,104,402,137,0.9,0.45,10.85
650,True,True,,,570526,-1,1,-1,1,0,3,1.7,1.7,1,Lucas,1.7,586,False,,,54,570526.jpg,1.7,False,Bergvall,0.1,False,,a,18,6,5,1980,362,6045,1266,0.3,0.9,Bergvall,206.0,2024-07-01,2006-02-02,False,p570526,119,0,0,1,0,0,0,0,0,0,0,0,22,23.6,15.6,54.0,9.4,4,2,3,9,1,0.18,0.07,0.25,1.24,200,83,165,103,42,22,106,59,,,,,,,0.14,0.0,0.05,0.19,0.94,0.0,222,140,222,109,241,123,439,148,0.76,0.76,6.81
651,True,True,0.0,0.0,227127,0,0,-2,2,0,3,0.0,0.0,0,Yves,0.0,587,False,Knock - Unknown return date,2025-08-22T13:47:04.343594Z,53,227127.jpg,0.0,False,Bissouma,0.1,False,,i,18,6,0,742,51,10162,1070,0.0,0.0,Bissouma,132.0,2022-06-17,1996-08-30,False,p227127,0,0,0,0,0,0,0,0,0,0,0,0,0,0.0,0.0,0.0,0.0,0,0,0,0,0,0.00,0.00,0.00,0.00,683,297,682,298,666,291,684,298,,,,,,,0.0,0.0,0.0,0.0,0.0,0.0,231,146,683,298,683,298,539,195,0.0,0.0,0.0
652,True,True,,,550839,0,0,-1,1,0,3,1.0,1.0,1,Wilson,1.0,588,False,,,54,550839.jpg,1.0,False,Odobert,0.0,False,,a,18,6,3,613,89,1868,298,0.2,0.6,Odobert,73.0,2024-08-16,2004-11-28,False,p550839,58,0,0,0,0,0,0,0,0,0,0,0,8,6.4,12.8,29.0,4.9,1,4,0,5,0,0.30,0.03,0.33,0.48,297,143,188,114,82,50,221,106,,,,,,,0.47,0.0,0.05,0.52,0.74,0.0,221,139,278,140,328,163,615,252,0.0,0.0,7.76
653,True,False,0.0,50.0,235674,0,0,-1,1,0,3,0.0,0.0,0,Manor,0.0,589,False,has joined Villarreal CF on loan for the rest of the season.,2025-09-02T13:17:42.731308Z,54,235674.jpg,0.0,False,Solomon,0.0,False,,u,18,6,0,115,63,947,133,0.0,0.0,Solomon,105.0,2023-07-11,1999-07-24,False,p235674,0,0,0,0,0,0,0,0,0,0,0,0,0,0.0,0.0,0.0,0.0,0,0,0,0,0,0.00,0.00,0.00,0.00,690,300,689,301,675,296,691,301,,,,,,,0.0,0.0,0.0,0.0,0.0,0.0,199,126,690,301,690,301,674,293,0.0,0.0,0.0
654,True,True,,,436234,0,0,-1,1,0,3,0.0,0.0,0,Bryan,0.0,590,False,,,49,436234.jpg,0.0,False,Gil Salvatierra,0.0,False,,a,18,6,0,436,107,1988,295,0.0,0.0,Bryan,200.0,2021-07-26,2001-02-11,False,p436234,0,0,0,0,0,0,0,0,0,0,0,0,0,0.0,0.0,0.0,0.0,0,0,0,0,0,0.00,0.00,0.00,0.00,640,266,632,267,608,258,641,267,,,,,,,0.0,0.0,0.0,0.0,0.0,0.0,359,225,639,268,639,268,586,230,0.0,0.0,0.0
655,True,True,,,547701,-1,1,-1,1,0,3,1.0,1.0,0,Archie,1.0,591,False,,,49,547701.jpg,3.0,False,Gray,0.1,False,,a,18,6,3,2040,517,5992,1258,0.2,0.6,Gray,241.0,2024-07-02,2006-03-12,False,p547701,70,0,0,1,0,0,0,0,0,0,0,0,13,3.6,3.0,2.0,0.9,2,5,1,8,1,0.00,0.05,0.05,0.89,326,162,278,156,280,152,332,166,,,,,,,0.0,0.0,0.06,0.06,1.14,0.0,372,233,267,132,133,53,452,151,1.29,1.29,10.29
656,True,False,0.0,0.0,499721,0,0,0,0,0,3,0.0,0.0,0,Mikey,0.0,592,False,Has joined Rangers on loan for the rest of the season.,2025-08-11T01:19:38.328172Z,50,499721.jpg,0.0,False,Moore,0.0,False,,u,18,6,0,0,0,528,39,0.0,0.0,Moore,241.0,2024-05-01,2007-08-11,False,p499721,0,0,0,0,0,0,0,0,0,0,0,0,0,0.0,0.0,0.0,0.0,0,0,0,0,0,0.00,0.00,0.00,0.00,672,290,671,291,655,284,673,291,,,,,,,0.0,0.0,0.0,0.0,0.0,0.0,306,187,672,291,672,291,705,311,0.0,0.0,0.0
657,True,True,,,482442,0,0,0,0,0,3,3.7,3.7,2,Pape Matar,3.7,593,False,,,50,482442.jpg,3.7,False,Sarr,2.7,False,,a,18,6,11,110313,11432,111058,25784,0.7,2.2,P.M.Sarr,189.0,2021-08-27,2002-09-14,False,p482442,255,0,1,2,1,0,0,0,0,0,0,0,41,43.6,21.2,23.0,8.8,9,12,4,25,3,0.03,0.23,0.26,4.08,121,37,134,90,103,62,119,64,,,,,,,0.01,0.0,0.08,0.09,1.44,0.35,297,180,92,33,106,40,105,33,1.06,0.71,8.82
658,True,False,0.0,0.0,623095,0,0,0,0,0,3,0.0,0.0,0,Yang,0.0,594,False,Has joined Portsmouth on loan for the rest of the season.,2025-08-11T01:24:33.782871Z,45,623095.jpg,0.0,False,Min-hyeok,0.0,False,,u,18,6,0,0,0,1953,204,0.0,0.0,Min-hyeok,114.0,2025-01-01,2006-04-16,False,p623095,0,0,0,0,0,0,0,0,0,0,0,0,0,0.0,0.0,0.0,0.0,0,0,0,0,0,0.00,0.00,0.00,0.00,613,247,607,250,578,238,614,248,,,,,,,0.0,0.0,0.0,0.0,0.0,0.0,531,308,614,251,614,251,651,279,0.0,0.0,0.0
659,True,True,,,499726,-1,1,-1,1,0,3,0.0,0.0,0,Callum,0.0,595,False,,,44,499726.jpg,0.0,False,Olusesi,0.2,False,,a,18,6,0,3903,1992,7600,1382,0.0,0.0,Olusesi,241.0,2024-11-06,2007-03-11,False,p499726,0,0,0,0,0,0,0,0,0,0,0,0,0,0.0,0.0,0.0,0.0,0,0,0,0,0,0.00,0.00,0.00,0.00,503,180,491,183,456,169,505,181,,,,,,,0.0,0.0,0.0,0.0,0.0,0.0,578,319,508,186,508,186,367,126,0.0,0.0,0.0
660,True,True,100.0,100.0,154566,0,0,-2,2,0,4,0.7,0.7,0,Dominic,0.7,596,False,,2025-08-10T23:30:07.320877Z,73,154566.jpg,1.0,False,Solanke-Mitchell,2.2,False,,a,18,6,2,24928,4534,293658,35675,0.1,0.3,Solanke,241.0,2024-08-10,1997-09-14,False,p154566,31,0,0,0,0,0,0,0,0,0,0,0,10,6.0,0.3,25.0,3.1,2,0,1,3,0,0.20,0.00,0.20,0.22,303,25,337,36,98,26,276,27,,,,,2.0,,0.58,0.0,0.0,0.58,0.64,0.0,30,13,318,33,350,36,118,19,0.0,0.0,8.71
661,True,True,,,212319,0,0,2,-2,1,4,6.3,6.3,2,Richarlison,6.3,597,False,,,67,212319.jpg,6.3,False,de Andrade,13.8,False,,a,18,6,19,1256878,138284,285863,117448,0.9,2.8,Richarlison,30.0,2022-07-01,1997-05-10,False,p212319,238,2,1,2,1,0,0,0,1,0,0,3,86,102.8,23.1,113.0,23.9,9,6,2,17,3,0.88,0.13,1.01,3.85,9,2,127,11,2,2,9,3,,,,,3.0,,0.33,0.0,0.05,0.38,1.46,0.38,48,17,21,4,26,4,31,7,1.13,0.76,6.43
662,True,False,0.0,0.0,552427,0,0,0,0,0,4,0.0,0.0,0,Will,0.0,598,False,Has joined Oxford United on loan for the rest of the season.,2025-08-11T01:18:54.659436Z,45,552427.jpg,0.0,False,Lankshear,0.0,False,,u,18,6,0,0,0,3558,380,0.0,0.0,Lankshear,241.0,2022-12-08,2005-04-20,False,p552427,0,0,0,0,0,0,0,0,0,0,0,0,0,0.0,0.0,0.0,0.0,0,0,0,0,0,0.00,0.00,0.00,0.00,584,52,578,51,550,51,586,53,,,,,,,0.0,0.0,0.0,0.0,0.0,0.0,496,61,588,53,588,53,605,73,0.0,0.0,0.0
663,True,True,,,490145,-1,1,-1,1,0,4,0.0,0.0,0,Dane,0.0,599,False,,,44,490145.jpg,0.0,False,Scarlett,0.7,False,,a,18,6,0,15180,5851,35650,6718,0.0,0.0,Scarlett,241.0,2020-08-21,2004-03-24,False,p490145,0,0,0,0,0,0,0,0,0,0,0,0,0,0.0,0.0,0.0,0.0,0,0,0,0,0,0.00,0.00,0.00,0.00,498,41,486,40,451,40,500,42,,,,,,,0.0,0.0,0.0,0.0,0.0,0.0,572,70,503,42,503,42,209,33,0.0,0.0,0.0
664,True,True,,,154296,0,0,0,0,0,3,4.3,4.3,1,João Maria,4.3,673,False,,,55,154296.jpg,4.3,False,Lobo Alves Palhares Costa Palhinha Gonçalves,0.8,False,,a,18,6,13,53284,10288,24278,7682,0.8,2.4,J.Palhinha,173.0,2025-08-03,1995-07-09,False,p154296,153,1,0,1,1,0,0,0,0,0,0,3,39,56.8,4.5,21.0,8.3,5,4,6,15,2,0.14,0.01,0.15,2.83,78,29,255,149,117,74,131,69,,,,,,,0.08,0.0,0.01,0.09,1.66,0.59,136,86,77,27,88,33,197,67,1.18,0.59,8.82
665,True,True,,,493362,0,0,0,0,0,3,2.4,2.4,0,Xavi,0.0,717,False,,,70,493362.jpg,0.0,False,Simons,0.5,False,,a,18,6,0,54740,54740,6630,6630,0.0,0.0,Xavi,152.0,2025-08-29,2003-04-21,False,p493362,0,0,0,0,0,0,0,0,0,0,0,0,0,0.0,0.0,0.0,0.0,0,0,0,0,0,0.00,0.00,0.00,0.00,732,325,732,325,732,325,732,325,,,,,,,0.0,0.0,0.0,0.0,0.0,0.0,41,25,732,325,732,325,243,83,0.0,0.0,0.0
666,True,True,,,247693,0,0,0,0,0,4,2.3,2.3,0,Randal,0.0,726,False,,,70,247693.jpg,0.0,False,Kolo Muani,0.1,False,,a,18,6,0,6181,6181,792,792,0.0,0.0,Kolo Muani,73.0,2025-09-01,1998-12-05,False,p247693,0,0,0,0,0,0,0,0,0,0,0,0,0,0.0,0.0,0.0,0.0,0,0,0,0,0,0.00,0.00,0.00,0.00,730,77,730,77,730,77,730,77,,,,,,,0.0,0.0,0.0,0.0,0.0,0.0,36,14,730,77,730,77,526,69,0.0,0.0,0.0
667,True,True,100.0,100.0,223434,0,0,0,0,0,2,0.0,0.0,0,Igor Julio,0.0,149,False,,2025-08-10T18:00:05.419085Z,45,223434.jpg,0.0,False,dos Santos de Paulo,0.1,False,,a,19,21,0,919,352,1683,358,0.0,0.0,Igor,30.0,2025-09-01,1998-02-07,False,p223434,0,0,0,0,0,0,0,0,0,0,0,0,0,0.0,0.0,0.0,0.0,0,0,0,0,0,0.00,0.00,0.00,0.00,539,220,530,220,499,208,541,220,,,,,,,0.0,0.0,0.0,0.0,0.0,0.0,422,93,543,217,543,217,570,204,0.0,0.0,0.0
668,True,True,,,84182,0,0,-1,1,0,1,0.0,0.0,0,Alphonse,0.0,600,False,,,44,84182.jpg,0.0,False,Areola,3.1,False,,a,19,21,0,12797,2406,166022,22927,0.0,0.0,Areola,73.0,2022-07-01,1993-02-27,False,p84182,0,0,0,0,0,0,0,0,0,0,0,0,0,0.0,0.0,0.0,0.0,0,0,0,0,0,0.00,0.00,0.00,0.00,475,69,463,55,425,49,478,69,,,,,,,0.0,0.0,0.0,0.0,0.0,0.0,537,32,480,69,480,69,97,13,0.0,0.0,0.0
669,True,True,,,82143,0,0,0,0,0,1,0.0,0.0,0,Wes,0.0,601,False,,,40,82143.jpg,0.0,False,Foderingham,0.5,False,,a,19,21,0,3702,578,9062,1686,0.0,0.0,Foderingham,241.0,2024-07-01,1991-01-14,False,p82143,0,0,0,0,0,0,0,0,0,0,0,0,0,0.0,0.0,0.0,0.0,0,0,0,0,0,0.00,0.00,0.00,0.00,368,28,354,14,314,8,371,28,,,,,,,0.0,0.0,0.0,0.0,0.0,0.0,610,45,375,28,375,28,235,32,0.0,0.0,0.0
670,True,True,,,483364,0,0,0,0,0,1,0.0,0.0,0,Krisztián,0.0,602,False,,,40,483364.jpg,0.0,False,Hegyi,0.3,False,,a,19,21,0,966,159,3727,612,0.0,0.0,Hegyi,98.0,2022-08-24,2002-09-24,False,p483364,0,0,0,0,0,0,0,0,0,0,0,0,0,0.0,0.0,0.0,0.0,0,0,0,0,0,0.00,0.00,0.00,0.00,422,55,409,41,370,35,425,55,,,,,,,0.0,0.0,0.0,0.0,0.0,0.0,675,72,427,55,427,55,330,50,0.0,0.0,0.0
671,True,True,,,613804,0,0,0,0,0,2,4.7,4.7,10,El Hadji Malick,4.7,603,False,,,45,613804.jpg,4.7,False,Diouf,5.3,False,,a,19,21,14,30384,14127,202591,33315,1.0,3.1,Diouf,189.0,2025-07-15,2004-12-28,False,p613804,270,0,2,1,8,0,0,0,0,0,0,1,36,72.8,58.9,14.0,14.6,15,8,1,16,3,0.16,0.20,0.36,4.15,40,11,40,4,159,30,48,7,,,,,,,0.05,0.0,0.07,0.12,1.38,2.67,527,125,56,24,65,29,79,28,1.0,0.33,5.33
672,True,False,0.0,,109533,0,0,-1,1,0,2,0.0,0.0,0,Emerson,0.0,604,False,has joined Marseille permanently.,2025-09-02T13:30:06.113081Z,44,109533.jpg,0.0,False,Palmieri dos Santos,0.2,False,,u,19,21,0,1719,186,9759,1877,0.0,0.0,Emerson,106.0,2022-08-23,1994-08-03,False,p109533,0,0,0,0,0,0,0,0,0,0,0,0,0,0.0,0.0,0.0,0.0,0,0,0,0,0,0.00,0.00,0.00,0.00,477,197,465,197,427,179,480,198,3.0,,3.0,,,,0.0,0.0,0.0,0.0,0.0,0.0,539,129,482,195,482,195,413,155,0.0,0.0,0.0
673,True,True,,,214048,0,0,-1,1,0,2,2.0,2.0,6,Maximilian,2.0,605,False,,,44,214048.jpg,2.0,False,Kilman,0.2,False,,a,19,21,6,2806,987,13242,1189,0.5,1.4,Kilman,241.0,2024-07-05,1997-05-23,False,p214048,270,0,0,1,8,0,0,0,1,0,0,0,15,48.6,16.7,7.0,7.2,18,6,4,22,3,0.19,0.03,0.22,4.15,101,45,157,42,209,58,157,50,,,,,,,0.06,0.0,0.01,0.07,1.38,2.67,550,138,186,68,196,70,352,125,1.0,0.33,7.33
674,True,True,,,233963,0,0,-1,1,0,2,2.0,2.0,6,Konstantinos,2.0,606,False,,,44,233963.jpg,6.0,False,Mavropanos,0.1,False,,a,19,21,6,553,322,1920,170,0.5,1.4,Mavropanos,83.0,2023-08-22,1997-12-11,False,p233963,90,0,0,1,0,0,0,0,0,0,0,0,24,10.2,0.4,4.0,1.5,6,1,0,6,1,0.06,0.01,0.07,0.73,267,103,329,119,240,75,312,104,,,,,,,0.06,0.0,0.01,0.07,0.73,0.0,558,144,187,69,27,13,571,205,1.0,1.0,6.0
675,True,False,0.0,,210494,-1,1,-1,1,0,2,0.0,1.0,0,Nayef,1.0,607,False,has joined Marseille permanently.,2025-09-02T12:20:05.254985Z,44,210494.jpg,1.5,False,Aguerd,0.1,False,,u,19,21,3,1288,200,5497,1800,0.2,0.7,N.Aguerd,145.0,2022-06-21,1996-03-30,False,p210494,180,0,0,0,8,0,0,0,0,0,0,0,-1,39.0,3.9,8.0,5.1,14,8,1,15,2,0.10,0.03,0.13,3.42,134,59,261,79,193,51,210,74,,,,,,,0.05,0.0,0.02,0.07,1.71,4.0,549,137,256,86,247,80,478,180,1.0,0.0,7.5
676,True,True,,,536109,-1,1,-1,1,0,2,0.0,0.0,0,Ollie,0.0,608,False,,,44,536109.jpg,0.0,False,Scarles,0.0,False,,a,19,21,0,196,61,1256,193,0.0,0.0,Scarles,241.0,2022-10-01,2005-12-12,False,p536109,0,0,0,0,0,0,0,0,0,0,0,0,0,0.0,0.0,0.0,0.0,0,0,0,0,0,0.00,0.00,0.00,0.00,511,211,499,211,464,196,513,211,,,,,,,0.0,0.0,0.0,0.0,0.0,0.0,586,154,516,209,516,209,616,214,0.0,0.0,0.0
677,True,True,,,462116,0,0,-1,1,0,2,0.3,0.3,0,Jean-Clair,0.3,609,False,,,44,462116.jpg,0.5,False,Todibo,0.1,False,,a,19,21,1,1649,291,5471,869,0.1,0.2,Todibo,73.0,2025-07-01,1999-12-30,False,p462116,126,0,0,0,5,0,0,0,0,0,0,0,0,25.2,3.4,0.0,2.9,8,2,3,11,2,0.00,0.01,0.01,2.26,192,78,270,84,448,192,282,95,,,,,,,0.0,0.0,0.01,0.01,1.61,3.57,567,149,331,113,359,122,473,179,1.43,0.0,7.86
678,True,True,,,214590,0,0,-1,1,0,2,0.3,0.3,0,Aaron,0.3,610,False,,,44,214590.jpg,0.5,False,Wan-Bissaka,15.6,False,,a,19,21,1,45464,6736,847218,154811,0.1,0.2,Wan-Bissaka,50.0,2024-08-13,1997-11-26,False,p214590,180,0,0,0,8,0,0,0,0,0,0,0,1,34.8,44.5,8.0,8.8,7,8,1,8,2,0.00,0.13,0.13,3.42,153,64,60,14,194,52,118,34,,,,,,,0.0,0.0,0.06,0.06,1.71,4.0,551,139,329,111,358,121,29,10,1.0,0.0,4.0
679,True,False,0.0,0.0,518438,0,0,0,0,0,2,0.0,0.0,0,Kaelan,0.0,611,False,Has joined Swansea City on loan for the rest of the season.,2025-08-11T01:20:17.436361Z,40,518438.jpg,0.0,False,Casey,0.1,False,,u,19,21,0,0,0,6990,831,0.0,0.0,Casey,241.0,2022-11-01,2004-10-28,False,p518438,0,0,0,0,0,0,0,0,0,0,0,0,0,0.0,0.0,0.0,0.0,0,0,0,0,0,0.00,0.00,0.00,0.00,439,168,426,167,387,148,442,169,,,,,,,0.0,0.0,0.0,0.0,0.0,0.0,694,209,444,166,444,166,460,174,0.0,0.0,0.0
680,True,True,,,224024,0,0,-1,1,0,3,7.0,7.0,10,Lucas,7.0,612,False,,,59,224024.jpg,7.0,False,Tolentino Coelho de Lima,2.0,False,,a,19,21,21,129894,92785,64967,16207,1.2,3.6,L.Paquetá,30.0,2022-08-29,1997-08-27,False,p224024,270,2,0,1,8,0,0,0,0,0,0,2,74,122.4,59.9,58.0,24.1,6,18,8,32,3,1.18,0.22,1.40,4.15,2,1,37,34,34,18,8,6,,,1.0,,1.0,,0.39,0.0,0.07,0.46,1.38,2.67,111,75,15,5,20,7,125,40,1.0,0.33,10.67
681,True,True,,,215439,-1,1,-2,2,0,3,2.0,2.0,3,Tomáš,2.0,613,False,,,58,215439.jpg,2.0,False,Souček,0.5,False,,a,19,21,6,2111,648,43197,3963,0.3,1.0,Souček,57.0,2020-07-28,1995-02-27,False,p215439,178,0,0,1,7,0,0,0,0,0,0,0,26,23.4,2.8,41.0,6.8,7,6,3,16,2,0.16,0.00,0.16,3.24,206,89,280,157,57,32,168,84,,,,,,,0.08,0.0,0.0,0.08,1.64,3.54,120,80,205,97,217,105,240,82,1.01,0.51,8.09
682,True,True,,,101178,0,0,-1,1,0,3,2.3,2.3,3,James,2.3,614,False,,,59,101178.jpg,2.3,False,Ward-Prowse,0.3,False,,a,19,21,7,4056,808,18021,2281,0.4,1.2,Ward-Prowse,241.0,2023-08-14,1994-11-01,False,p101178,234,0,0,1,6,0,0,0,0,0,0,0,47,32.8,119.0,4.0,15.6,5,7,3,15,3,0.11,0.44,0.55,4.04,165,63,6,6,258,142,42,30,2.0,,2.0,,3.0,,0.04,0.0,0.17,0.21,1.55,2.31,100,66,175,76,189,87,312,103,1.15,0.38,5.77
683,True,True,100.0,0.0,450070,0,0,0,0,0,3,2.3,0.0,7,Crysencio,2.3,615,False,,2025-07-21T10:00:05.129084Z,55,450070.jpg,7.0,False,Summerville,0.0,False,,a,19,21,7,2754,2637,909,475,0.4,1.3,Summerville,152.0,2024-08-03,2001-10-30,False,p450070,8,0,2,0,0,0,0,0,0,0,0,0,24,22.6,10.7,4.0,3.7,1,3,0,4,0,0.00,0.02,0.02,0.04,212,92,207,125,256,140,255,127,,,,,,,0.0,0.0,0.22,0.22,0.45,0.0,164,101,173,74,19,6,627,261,0.0,0.0,45.0
684,True,False,0.0,0.0,213999,0,0,-1,1,0,3,0.0,0.0,0,Edson,0.0,616,False,Has joined Fenerbahçe on loan for the rest of the season.,2025-08-26T13:45:35.073930Z,49,213999.jpg,0.0,False,Álvarez Velázquez,0.1,False,,u,19,21,0,1147,0,11090,2110,0.0,0.0,Álvarez,139.0,2023-08-10,1997-10-24,False,p213999,0,0,0,0,0,0,0,0,0,0,0,0,0,0.0,0.0,0.0,0.0,0,0,0,0,0,0.00,0.00,0.00,0.00,631,260,623,261,597,252,632,261,,,,,,,0.0,0.0,0.0,0.0,0.0,0.0,342,215,630,262,630,262,495,170,0.0,0.0,0.0
685,True,False,0.0,,149519,0,0,-1,1,0,3,0.0,0.0,0,Maxwel,0.0,617,False,has joined Genoa on loan for the rest of the season.,2025-09-02T12:21:17.687537Z,49,149519.jpg,0.0,False,Cornet,0.0,False,,u,19,21,0,246,52,1595,318,0.0,0.0,Cornet,54.0,2022-08-07,1996-09-27,False,p149519,0,0,0,0,0,0,0,0,0,0,0,0,0,0.0,0.0,0.0,0.0,0,0,0,0,0,0.00,0.00,0.00,0.00,622,253,614,254,587,244,623,254,,,,,,,0.0,0.0,0.0,0.0,0.0,0.0,328,203,622,256,622,256,628,262,0.0,0.0,0.0
686,True,True,,,197024,-1,1,-1,1,0,3,0.7,0.7,0,Guido,0.7,618,False,,,49,197024.jpg,2.0,False,Rodríguez,0.1,False,,a,19,21,2,545,128,2036,346,0.1,0.4,G.Rodriguez,10.0,2024-08-06,1994-04-12,False,p197024,70,0,0,0,1,0,0,0,0,0,0,0,11,2.2,2.3,2.0,0.7,0,4,0,4,1,0.03,0.03,0.06,0.60,336,167,288,158,274,149,337,168,,,,,,,0.04,0.0,0.04,0.08,0.77,1.29,334,209,299,149,203,94,573,220,1.29,0.0,5.14
687,True,True,0.0,0.0,577114,-1,1,-1,1,0,3,0.0,0.0,0,Luis Guilherme,0.0,619,False,Shoulder injury - Unknown return date,2025-08-21T14:30:06.529194Z,49,577114.jpg,0.0,False,Lira dos Santos,0.0,False,,i,19,21,0,103,23,1750,206,0.0,0.0,L.Guilherme,30.0,2024-06-14,2006-02-09,False,p577114,0,0,0,0,0,0,0,0,0,0,0,0,0,0.0,0.0,0.0,0.0,0,0,0,0,0,0.00,0.00,0.00,0.00,650,272,642,273,619,264,651,273,,,,,,,0.0,0.0,0.0,0.0,0.0,0.0,376,236,649,273,649,273,649,278,0.0,0.0,0.0
688,True,True,100.0,100.0,490885,0,0,0,0,0,3,0.0,0.0,0,George,0.0,620,False,,2025-08-14T16:00:06.537170Z,45,490885.jpg,0.0,False,Earthy,0.1,False,,a,19,21,0,643,155,3225,388,0.0,0.0,Earthy,241.0,2023-07-14,2004-09-05,False,p490885,0,0,0,0,0,0,0,0,0,0,0,0,0,0.0,0.0,0.0,0.0,0,0,0,0,0,0.00,0.00,0.00,0.00,560,208,553,211,525,199,562,209,,,,,,,0.0,0.0,0.0,0.0,0.0,0.0,463,264,564,214,564,214,548,203,0.0,0.0,0.0
689,True,True,,,229384,0,0,0,0,0,3,0.7,0.7,1,Andy,0.7,621,False,,,45,229384.jpg,1.0,False,Irving,0.3,False,,a,19,21,2,4451,544,9596,1600,0.2,0.4,Irving,243.0,2023-08-31,2000-05-13,False,p229384,23,0,0,0,1,0,0,0,0,0,0,0,11,9.8,17.2,0.0,2.7,0,2,3,5,0,0.00,0.06,0.06,0.08,269,125,153,99,501,182,291,148,4.0,,,,,,0.0,0.0,0.23,0.23,0.31,3.91,425,246,295,147,292,138,331,111,0.0,0.0,19.57
690,True,False,0.0,,518442,-1,1,-1,1,0,3,0.0,0.0,0,Lewis,0.0,622,False,has joined Stevenage on loan for the rest of the season.,2025-09-02T12:14:36.944075Z,44,518442.jpg,0.0,False,Orford,0.1,False,,u,19,21,0,1052,198,5146,1076,0.0,0.0,Orford,241.0,2022-11-01,2006-02-18,False,p518442,0,0,0,0,0,0,0,0,0,0,0,0,0,0.0,0.0,0.0,0.0,0,0,0,0,0,0.00,0.00,0.00,0.00,508,182,496,185,461,171,510,183,,,,,,,0.0,0.0,0.0,0.0,0.0,0.0,583,321,513,188,513,188,466,157,0.0,0.0,0.0
691,True,True,,,490142,-1,1,-1,1,0,3,0.3,0.3,0,Freddie,0.3,623,False,,,44,490142.jpg,1.0,False,Potts,0.6,False,,a,19,21,1,5599,1382,23168,4558,0.1,0.2,Potts,241.0,2021-12-08,2003-09-12,False,p490142,45,0,0,0,2,0,0,0,0,0,0,0,2,6.2,2.2,2.0,1.0,1,2,1,4,0,0.00,0.00,0.00,1.12,299,145,291,160,269,148,327,164,,,,,,,0.0,0.0,0.0,0.0,2.24,4.0,571,315,333,164,285,137,226,77,0.0,0.0,8.0
692,True,True,,,178186,0,0,-2,2,0,4,4.3,4.3,9,Jarrod,4.3,624,False,,,78,178186.jpg,4.3,False,Bowen,7.6,False,,a,19,21,13,50798,20544,968149,57865,0.6,1.7,Bowen,241.0,2020-01-31,1996-12-20,False,p178186,270,1,0,1,8,0,0,0,0,0,0,3,69,70.6,59.1,73.0,20.3,2,11,4,17,3,0.31,0.20,0.51,4.15,47,8,39,2,19,8,19,4,,,4.0,,2.0,,0.1,0.0,0.07,0.17,1.38,2.67,18,6,79,9,90,9,56,10,1.0,0.33,5.67
693,True,True,,,91889,-1,1,-2,2,0,4,1.7,1.7,2,Niclas,1.7,625,False,,,58,91889.jpg,1.7,False,Füllkrug,1.8,False,,a,19,21,5,24037,3668,229596,26187,0.3,0.9,Füllkrug,80.0,2024-08-05,1993-02-09,False,p91889,198,0,0,1,6,0,0,0,0,0,0,0,8,8.0,26.3,67.0,10.1,1,2,1,4,3,0.29,0.10,0.39,2.84,283,22,112,9,24,10,97,18,,,,,,,0.13,0.0,0.05,0.18,1.29,2.73,119,32,225,20,244,21,136,22,1.36,0.45,1.82
694,True,True,,,565431,-1,1,-1,1,0,4,0.0,0.0,0,Callum,0.0,626,False,,,44,565431.jpg,0.0,False,Marshall,0.7,False,,a,19,21,0,14929,4196,31343,5603,0.0,0.0,Marshall,242.0,2023-09-26,2004-11-28,False,p565431,0,0,0,0,0,0,0,0,0,0,0,0,0,0.0,0.0,0.0,0.0,0,0,0,0,0,0.00,0.00,0.00,0.00,516,46,504,45,469,45,518,47,,,,,,,0.0,0.0,0.0,0.0,0.0,0.0,591,76,520,47,520,47,215,35,0.0,0.0,0.0
695,True,True,,,158534,0,0,-1,1,0,2,2.3,2.3,6,Kyle,2.3,659,False,,,44,158534.jpg,3.5,False,Walker-Peters,0.3,False,,a,19,21,7,3756,2191,12323,1527,0.5,1.6,Walker-Peters,241.0,2025-07-20,1997-04-13,False,p158534,110,0,0,1,0,0,0,0,0,0,0,0,33,13.8,3.1,6.0,2.2,3,5,3,6,1,0.04,0.01,0.05,1.04,248,98,276,88,223,68,298,98,,,,,,,0.03,0.0,0.01,0.04,0.85,0.0,546,134,155,61,109,47,288,104,0.82,0.82,4.91
696,True,True,,,75115,0,0,-1,1,0,4,3.0,3.0,7,Callum,3.0,671,False,,,59,75115.jpg,3.0,False,Wilson,0.4,False,,a,19,21,9,8631,4582,23726,3015,0.5,1.5,Wilson,241.0,2025-08-02,1992-02-27,False,p75115,90,1,0,0,4,0,0,0,0,0,0,2,38,46.4,11.9,78.0,13.3,1,1,0,2,0,1.09,0.04,1.13,1.39,108,12,196,19,14,7,58,11,,,,,,,1.09,0.0,0.04,1.13,1.39,4.0,99,28,125,14,147,14,274,46,0.0,0.0,2.0
697,True,True,,,467189,0,0,0,0,0,1,2.7,2.7,7,Mads,2.7,679,False,,,45,467189.jpg,2.7,False,Hermansen,0.3,False,,a,19,21,8,5102,1580,10074,1604,0.6,1.8,Hermansen,58.0,2025-08-09,2000-07-11,False,p467189,270,0,0,1,8,0,0,0,0,0,7,0,25,65.6,0.0,0.0,6.6,5,24,0,0,3,0.00,0.01,0.01,4.15,59,10,550,69,521,64,170,10,,,,,,,0.0,2.33,0.0,0.0,1.38,2.67,454,28,136,13,158,14,301,44,1.0,0.33,0.0
698,True,True,,,551226,0,0,0,0,0,3,2.0,2.0,3,Mateus Gonçalo,3.0,708,False,,,55,551226.jpg,3.0,False,Espanha Fernandes,0.0,False,,a,19,21,3,1242,1000,209,188,0.5,0.5,M.Fernandes,173.0,2025-08-29,2004-07-10,False,p551226,81,0,0,1,0,0,0,0,0,0,0,0,15,11.0,26.4,4.0,4.1,1,7,3,11,1,0.00,0.10,0.10,0.70,262,120,110,78,257,141,240,119,,,,,,,0.0,0.0,0.11,0.11,0.78,0.0,178,112,124,48,146,63,668,289,1.11,1.11,12.22
699,True,True,,,564940,0,0,0,0,0,3,1.6,1.6,0,Soungoutou,0.0,718,False,,,50,564940.jpg,0.0,False,Magassa,0.0,False,,a,19,21,0,43,43,8,8,0.0,0.0,S.Magassa,73.0,2025-08-30,2003-10-08,False,p564940,0,0,0,0,0,0,0,0,0,0,0,0,0,0.0,0.0,0.0,0.0,0,0,0,0,0,0.00,0.00,0.00,0.00,675,293,674,294,658,287,676,294,,,,,,,0.0,0.0,0.0,0.0,0.0,0.0,316,196,675,294,675,294,727,321,0.0,0.0,0.0
700,True,True,,,101982,0,0,0,0,0,1,-0.5,0.0,0,Sam,0.0,627,False,,,45,101982.jpg,0.0,False,Johnstone,0.1,False,,a,20,39,0,971,141,3229,532,0.0,0.0,Johnstone,241.0,2024-08-30,1993-03-25,False,p101982,0,0,0,0,0,0,0,0,0,0,0,0,0,0.0,0.0,0.0,0.0,0,0,0,0,0,0.00,0.00,0.00,0.00,530,77,519,64,485,58,532,77,,,,,,,0.0,0.0,0.0,0.0,0.0,0.0,397,22,534,77,534,77,446,67,0.0,0.0,0.0
701,True,True,,,149065,0,0,0,0,0,1,0.8,1.3,1,José,1.3,628,False,,,45,149065.jpg,1.3,False,Malheiro de Sá,1.8,False,,a,20,39,4,17096,2048,37729,7936,0.3,0.9,José Sá,173.0,2021-07-15,1993-01-17,False,p149065,270,0,0,0,8,0,0,0,0,0,4,0,7,36.2,10.0,0.0,4.7,3,30,0,0,3,0.00,0.03,0.03,5.69,149,17,212,1,488,59,225,15,,,,,,,0.0,1.33,0.01,0.01,1.9,2.67,402,23,228,20,258,21,135,17,1.0,0.0,0.0
702,True,True,,,79602,0,0,0,0,0,1,-0.5,0.0,0,Daniel,0.0,629,False,,,40,79602.jpg,0.0,False,Bentley,0.7,False,,a,20,39,0,4500,737,10338,1992,0.0,0.0,Bentley,241.0,2023-01-25,1993-07-13,False,p79602,0,0,0,0,0,0,0,0,0,0,0,0,0,0.0,0.0,0.0,0.0,0,0,0,0,0,0.00,0.00,0.00,0.00,366,26,352,12,312,6,369,26,,,,,,,0.0,0.0,0.0,0.0,0.0,0.0,608,43,373,26,373,26,208,29,0.0,0.0,0.0
703,True,True,,,516939,0,0,0,0,0,2,1.2,1.7,1,Emmanuel,1.7,631,False,,,45,516939.jpg,1.7,False,Agbadou,0.4,False,,a,20,39,5,11458,762,9559,2905,0.4,1.1,Agbadou,54.0,2025-01-09,1997-06-17,False,p516939,270,0,0,0,8,0,0,0,0,0,0,0,14,69.0,12.1,9.0,9.0,23,13,4,27,3,0.25,0.05,0.30,5.69,52,14,192,57,189,49,115,32,,,5.0,,,,0.08,0.0,0.02,0.1,1.9,2.67,477,117,214,75,233,78,257,92,1.0,0.0,9.0
704,True,True,,,87835,0,0,0,0,0,2,-0.5,0.0,0,Matt,0.0,632,False,,,45,87835.jpg,0.0,False,Doherty,0.2,False,,a,20,39,0,1830,123,5360,1130,0.0,0.0,Doherty,104.0,2023-07-20,1992-01-16,False,p87835,180,0,0,0,5,0,0,0,2,0,0,0,4,29.0,7.7,0.0,3.7,8,8,6,14,2,0.00,0.03,0.03,3.76,178,74,224,65,484,201,252,84,,,,,,,0.0,0.0,0.02,0.02,1.88,2.5,394,73,533,212,533,212,385,140,1.0,0.0,7.0
705,True,True,75.0,,490721,0,0,0,0,0,2,0.1,0.7,1,Hugo,0.7,633,False,Knock - 75% chance of playing,2025-08-31T01:30:08.567399Z,45,490721.jpg,0.7,False,Bueno López,0.1,False,,d,20,39,2,1053,25,3003,667,0.2,0.4,H.Bueno,200.0,2021-01-29,2002-09-18,False,p490721,137,0,0,0,4,0,0,0,1,0,0,0,9,32.0,50.3,25.0,10.8,7,7,6,13,1,0.06,0.15,0.21,2.65,166,69,46,9,95,12,90,21,,,,,,,0.04,0.0,0.1,0.14,1.74,2.63,461,111,297,99,354,118,536,198,0.66,0.0,8.54
706,True,True,,,501837,-1,1,-1,1,0,2,-0.5,0.0,0,Yerson,0.0,634,False,,,44,501837.jpg,0.0,False,Mosquera Valdelamar,0.1,False,,a,20,39,0,454,124,1970,350,0.0,0.0,Mosquera,48.0,2021-06-17,2001-05-02,False,p501837,0,0,0,0,0,0,0,0,0,0,0,0,0,0.0,0.0,0.0,0.0,0,0,0,0,0,0.00,0.00,0.00,0.00,506,210,494,210,459,195,508,210,,,,,,,0.0,0.0,0.0,0.0,0.0,0.0,581,153,511,208,511,208,572,206,0.0,0.0,0.0
707,True,True,,,483081,0,0,0,0,0,2,2.2,2.7,7,Rodrigo,2.7,635,False,,,45,483081.jpg,4.0,False,Martins Gomes,0.1,False,,a,20,39,8,1352,496,2452,298,0.6,1.8,R.Gomes,173.0,2024-07-01,2003-07-07,False,p483081,44,1,0,0,1,0,0,0,0,0,0,0,15,34.4,2.2,31.0,6.7,1,3,2,3,0,0.37,0.01,0.38,0.42,155,65,293,99,73,6,169,55,,,,,,,0.76,0.0,0.02,0.78,0.86,2.05,457,109,137,56,94,41,512,191,0.0,0.0,6.14
708,True,True,,,231480,0,0,0,0,0,2,0.8,1.3,3,Santiago,1.3,636,False,,,45,231480.jpg,2.0,False,Ignacio Bueno,0.0,False,,a,20,39,4,252,56,1397,174,0.3,0.9,S.Bueno,230.0,2023-08-31,1998-11-09,False,p231480,124,0,0,0,3,0,0,0,0,0,0,0,10,33.8,19.4,2.0,5.5,10,4,4,14,1,0.00,0.05,0.05,2.39,159,67,141,36,271,91,195,69,,,,,,,0.0,0.0,0.04,0.04,1.73,2.18,427,96,230,78,199,73,584,209,0.73,0.0,10.16
709,True,True,,,510362,0,0,0,0,0,2,-0.2,0.3,3,Toti,0.3,637,False,,,45,510362.jpg,0.3,False,Gomes,0.1,False,,a,20,39,1,1525,168,5503,657,0.1,0.2,Toti,173.0,2022-01-14,1999-01-16,False,p510362,228,0,0,0,8,0,0,0,0,1,0,0,0,50.0,23.2,8.0,8.1,14,12,7,21,3,0.03,0.01,0.04,5.12,99,43,124,29,197,55,134,40,,,,,,,0.01,0.0,0.0,0.01,2.02,3.16,474,116,338,119,364,126,435,166,1.18,0.0,8.29
710,True,True,75.0,75.0,441271,0,0,0,0,0,2,0.1,0.5,0,Ki-Jana,0.7,638,False,Knock - 75% chance of playing,2025-08-23T23:00:08.490117Z,40,441271.jpg,1.0,False,Hoever,1.7,False,,d,20,39,2,20859,396,72193,16545,0.2,0.5,Hoever,152.0,2020-09-19,2002-01-18,False,p441271,106,0,0,0,4,0,0,0,0,0,0,0,1,22.8,34.2,2.0,5.9,6,2,2,8,2,0.00,0.24,0.24,2.85,210,81,87,19,266,87,186,63,,,,,,,0.0,0.0,0.2,0.2,2.42,3.4,653,185,290,94,276,94,139,54,1.7,0.0,6.79
711,True,False,0.0,0.0,560248,0,0,0,0,0,2,0.0,0.0,0,Bastien,0.0,639,False,On loan to FC Alverca,2025-07-23T18:49:36.204721Z,40,560248.jpg,0.0,False,Meupiyou Menadjou,0.0,False,,u,20,39,0,0,0,463,83,0.0,0.0,Meupiyou,73.0,2024-08-29,2006-03-19,False,p560248,0,0,0,0,0,0,0,0,0,0,0,0,0,0.0,0.0,0.0,0.0,0,0,0,0,0,0.00,0.00,0.00,0.00,453,179,440,178,402,160,456,180,,,,,,,0.0,0.0,0.0,0.0,0.0,0.0,710,222,458,177,458,177,682,229,0.0,0.0,0.0
712,True,False,0.0,,641221,0,0,0,0,0,2,0.0,0.0,0,Pedro,0.0,640,False,has joined Porto on loan for the rest of the season.,2025-09-02T13:11:07.466362Z,40,641221.jpg,0.0,False,Cardoso de Lima,0.9,False,,u,20,39,0,7922,574,27856,7120,0.0,0.0,Pedro Lima,30.0,2024-07-02,2006-07-01,False,p641221,0,0,0,0,0,0,0,0,0,0,0,0,0,0.0,0.0,0.0,0.0,0,0,0,0,0,0.00,0.00,0.00,0.00,473,195,461,195,423,177,476,196,,,,,,,0.0,0.0,0.0,0.0,0.0,0.0,732,240,478,193,478,193,190,72,0.0,0.0,0.0
713,True,True,,,517179,0,0,0,0,0,2,-0.5,0.0,0,Alfie,0.0,641,False,,,40,517179.jpg,0.0,False,Pond,1.3,False,,a,20,39,0,9714,840,32847,5743,0.0,0.0,Pond,,,,False,p517179,0,0,0,0,0,0,0,0,0,0,0,0,0,0.0,0.0,0.0,0.0,0,0,0,0,0,0.00,0.00,0.00,0.00,438,167,425,166,386,147,441,168,,,,,,,0.0,0.0,0.0,0.0,0.0,0.0,693,208,443,165,443,165,167,62,0.0,0.0,0.0
714,True,True,,,184754,0,0,-1,1,0,3,2.5,3.0,7,Hwang,3.0,642,False,,,59,184754.jpg,3.0,False,Hee-chan,0.1,False,,a,20,39,9,3982,1965,7529,1083,0.5,1.5,Hee Chan,114.0,2022-07-01,1996-01-26,False,p184754,95,1,0,0,3,0,0,0,0,0,0,0,30,38.2,11.0,17.0,6.6,2,0,1,3,1,0.42,0.02,0.44,2.19,139,46,203,122,141,90,174,86,,,,,1.0,,0.4,0.0,0.02,0.42,2.07,2.84,105,70,126,49,148,64,426,141,0.95,0.0,2.84
715,True,True,,,509291,0,0,0,0,0,3,1.8,2.3,2,André,2.3,643,False,,,55,509291.jpg,2.3,False,Trindade da Costa Neto,0.1,False,,a,20,39,7,2840,182,4057,629,0.4,1.3,André,30.0,2024-08-30,2001-07-16,False,p509291,179,0,0,0,6,0,0,0,0,0,0,0,34,23.6,6.7,0.0,3.0,5,17,7,29,2,0.00,0.03,0.03,4.54,202,85,233,138,706,310,280,142,,,,,,,0.0,0.0,0.02,0.02,2.28,3.02,174,109,174,75,188,86,507,176,1.01,0.0,14.58
716,True,True,,,231057,-1,1,-1,1,0,3,0.8,1.3,1,Jean-Ricner,1.3,644,False,,,54,231057.jpg,1.3,False,Bellegarde,0.1,False,,a,20,39,4,1557,77,3969,573,0.2,0.7,Bellegarde,73.0,2023-09-01,1998-06-27,False,p231057,143,0,0,0,4,0,0,0,0,0,0,0,16,12.8,37.7,16.0,6.6,2,2,4,8,2,0.08,0.13,0.21,3.12,254,114,78,56,146,94,173,85,4.0,,4.0,,,,0.05,0.0,0.08,0.13,1.96,2.52,198,125,241,119,266,135,531,189,1.26,0.0,5.03
717,True,True,,,643135,0,0,-1,1,0,3,0.2,0.7,1,Fer,0.7,645,False,,,54,643135.jpg,1.0,False,López González,0.0,False,,a,20,39,2,299,54,1746,210,0.1,0.4,Fer López,200.0,2025-06-20,2004-05-24,False,p643135,44,0,0,0,1,0,0,0,0,0,0,0,5,3.4,10.3,21.0,3.4,0,1,0,1,0,0.11,0.03,0.14,0.42,332,166,210,128,115,72,270,137,,,,,,,0.22,0.0,0.06,0.28,0.86,2.05,226,142,312,156,330,164,607,244,0.0,0.0,2.05
718,True,True,,,448089,0,0,0,0,0,3,1.2,1.7,2,João Victor,1.7,646,False,,,55,448089.jpg,1.7,False,Gomes da Silva,0.1,False,,a,20,39,5,1439,236,3910,660,0.3,0.9,Gomes,30.0,2023-01-30,2001-02-12,False,p448089,270,0,0,0,8,0,0,0,1,0,0,0,48,33.6,33.0,7.0,7.4,6,12,7,25,3,0.01,0.09,0.10,5.69,161,59,92,65,218,124,153,78,,,,,,,0.0,0.0,0.03,0.03,1.9,2.67,162,100,224,110,243,124,482,163,1.0,0.0,8.33
719,True,False,0.0,0.0,181284,0,0,0,0,0,3,0.0,0.0,0,Gonçalo Manuel,0.0,647,False,Has joined Real Sociedad permanently.,2025-08-11T01:21:19.226169Z,55,181284.jpg,0.0,False,Ganchinho Guedes,0.0,False,,u,20,39,0,0,0,642,40,0.0,0.0,Guedes,173.0,2022-08-08,1996-11-29,False,p181284,0,0,0,0,0,0,0,0,0,0,0,0,0,0.0,0.0,0.0,0.0,0,0,0,0,0,0.00,0.00,0.00,0.00,700,306,701,307,694,304,701,307,,,,,,,0.0,0.0,0.0,0.0,0.0,0.0,141,87,700,307,700,307,708,312,0.0,0.0,0.0
720,True,True,,,433312,0,0,0,0,0,3,2.5,3.0,5,Marshall,3.0,648,False,,,55,433312.jpg,3.0,False,Munetsi,0.1,False,,a,20,39,9,2968,418,3124,357,0.5,1.6,Munetsi,239.0,2025-02-03,1996-06-22,False,p433312,270,0,1,0,8,0,0,0,0,0,0,0,33,36.0,33.2,18.0,8.7,3,6,5,14,3,0.14,0.09,0.23,5.69,150,54,89,63,136,86,122,65,,,,,,,0.05,0.0,0.03,0.08,1.9,2.67,156,96,120,44,143,60,569,219,1.0,0.0,4.67
721,True,False,0.0,0.0,476502,0,0,0,0,0,3,0.0,0.0,0,Boubacar,0.0,649,False,Has joined FC Metz on loan for the rest of the season.,2025-07-25T14:53:52.740212Z,50,476502.jpg,0.0,False,Traoré,0.0,False,,u,20,39,0,0,0,133,11,0.0,0.0,B.Traore,132.0,2023-07-01,2001-08-20,False,p476502,0,0,0,0,0,0,0,0,0,0,0,0,0,0.0,0.0,0.0,0.0,0,0,0,0,0,0.00,0.00,0.00,0.00,667,286,666,287,649,279,668,287,,,,,,,0.0,0.0,0.0,0.0,0.0,0.0,294,179,666,287,666,287,728,322,0.0,0.0,0.0
722,True,True,,,497606,-1,1,-1,1,0,3,-0.5,0.0,0,Tawanda,0.0,650,False,,,44,497606.jpg,0.0,False,Chirewa,0.3,False,,a,20,39,0,4611,2652,10923,2030,0.0,0.0,Chirewa,239.0,2023-12-01,2003-10-12,False,p497606,0,0,0,0,0,0,0,0,0,0,0,0,0,0.0,0.0,0.0,0.0,0,0,0,0,0,0.00,0.00,0.00,0.00,501,179,489,182,454,168,503,180,,,,,,,0.0,0.0,0.0,0.0,0.0,0.0,575,318,506,185,506,185,313,104,0.0,0.0,0.0
723,True,True,,,596054,-1,1,-1,1,0,3,-0.5,0.0,0,Tom,0.0,651,False,,,44,596054.jpg,0.0,False,Edozie,0.4,False,,a,20,39,0,8276,6067,13087,2742,0.0,0.0,Edozie,,,,False,p596054,0,0,0,0,0,0,0,0,0,0,0,0,0,0.0,0.0,0.0,0.0,0,0,0,0,0,0.00,0.00,0.00,0.00,522,187,510,190,475,176,524,188,,,,,,,0.0,0.0,0.0,0.0,0.0,0.0,597,326,526,193,526,193,285,91,0.0,0.0,0.0
724,True,True,,,593001,-1,1,-1,1,0,3,-0.5,0.0,0,Enso,0.0,652,False,,,44,593001.jpg,0.0,False,González Medina,1.3,False,,a,20,39,0,18361,8653,49579,8698,0.0,0.0,Gonzalez,168.0,2023-08-31,2005-01-20,False,p593001,0,0,0,0,0,0,0,0,0,0,0,0,0,0.0,0.0,0.0,0.0,0,0,0,0,0,0.00,0.00,0.00,0.00,520,186,508,189,473,175,522,187,,,,,,,0.0,0.0,0.0,0.0,0.0,0.0,595,325,524,192,524,192,162,53,0.0,0.0,0.0
725,True,False,0.0,0.0,240299,0,0,0,0,0,3,0.0,0.0,0,Joe,0.0,653,False,Signed by CD Tondela,2025-07-23T18:50:21.231185Z,45,240299.jpg,0.0,False,Hodge,0.0,False,,u,20,39,0,0,0,3223,443,0.0,0.0,Hodge,,,,False,p240299,0,0,0,0,0,0,0,0,0,0,0,0,0,0.0,0.0,0.0,0.0,0,0,0,0,0,0.00,0.00,0.00,0.00,542,193,533,196,503,183,544,194,,,,,,,0.0,0.0,0.0,0.0,0.0,0.0,430,247,546,199,546,199,575,222,0.0,0.0,0.0
726,True,True,75.0,75.0,247412,-1,1,-1,1,0,4,0.6,1.0,0,Jørgen,1.3,654,False,Achilles injury - 75% chance of playing,2025-08-29T14:00:08.176762Z,64,247412.jpg,2.0,False,Strand Larsen,3.1,False,,d,20,39,4,81492,3359,236566,59336,0.2,0.6,Strand Larsen,161.0,2025-07-01,2000-02-06,False,p247412,158,0,0,0,5,0,0,0,0,0,0,0,12,14.2,6.1,68.0,8.8,4,1,1,6,2,0.48,0.02,0.50,3.41,247,20,239,25,23,9,120,19,,,,,,,0.27,0.0,0.01,0.28,1.94,2.85,69,23,250,24,224,19,95,14,1.14,0.0,3.42
727,True,False,0.0,,449988,0,0,-1,1,0,4,0.0,0.0,0,Fábio,0.0,655,False,has joined Borussia Dortmund permanently.,2025-09-02T13:11:07.488555Z,49,449988.jpg,0.0,False,Soares Silva,0.4,False,,u,20,39,0,7178,893,28260,6554,0.0,0.0,Fábio Silva,173.0,2020-09-05,2002-07-19,False,p449988,0,0,0,0,0,0,0,0,0,0,0,0,0,0.0,0.0,0.0,0.0,0,0,0,0,0,0.00,0.00,0.00,0.00,642,59,634,58,610,57,643,59,,,,,,,0.0,0.0,0.0,0.0,0.0,0.0,361,56,641,59,641,59,269,45,0.0,0.0,0.0
728,True,True,,,429414,0,0,-1,1,0,4,-0.2,0.3,1,Saša,0.3,656,False,,,49,429414.jpg,1.0,False,Kalajdžić,0.1,False,,a,20,39,1,1468,672,4619,748,0.1,0.2,Kalajdžić,14.0,2022-08-31,1997-07-07,False,p429414,14,0,0,0,0,0,0,0,0,0,0,0,1,1.0,4.3,2.0,0.7,1,1,0,2,0,0.00,0.01,0.01,0.10,351,35,257,27,278,34,338,34,,,,,,,0.0,0.0,0.06,0.06,0.64,0.0,357,55,344,35,304,28,489,66,0.0,0.0,12.86
729,True,True,0.0,0.0,589507,0,0,0,0,0,4,0.0,0.0,0,Leon,0.0,657,False,Knee injury - Unknown return date,2025-07-21T10:00:05.148649Z,45,589507.jpg,0.0,False,Chiwome,0.0,False,,i,20,39,0,1606,80,2738,443,0.0,0.0,Chiwome,,,,False,p589507,0,0,0,0,0,0,0,0,0,0,0,0,0,0.0,0.0,0.0,0.0,0,0,0,0,0,0.00,0.00,0.00,0.00,603,57,597,56,568,55,604,57,,,,,,,0.0,0.0,0.0,0.0,0.0,0.0,516,66,606,57,606,57,603,72,0.0,0.0,0.0
730,True,True,,,531363,0,0,0,0,0,4,-0.5,0.0,0,Nathan,0.0,658,False,,,45,531363.jpg,0.0,False,Fraser,2.0,False,,a,20,39,0,43403,2323,100681,18129,0.0,0.0,Fraser,,,,False,p531363,0,0,0,0,0,0,0,0,0,0,0,0,0,0.0,0.0,0.0,0.0,0,0,0,0,0,0.00,0.00,0.00,0.00,573,51,567,50,539,50,575,52,,,,,,,0.0,0.0,0.0,0.0,0.0,0.0,482,60,577,52,577,52,123,20,0.0,0.0,0.0
731,True,True,,,230376,0,0,-1,1,0,3,0.8,1.3,2,Jhon,1.3,663,False,,,54,230376.jpg,1.3,False,Arias,0.4,False,,a,20,39,4,3648,298,30337,5076,0.2,0.7,J.Arias,48.0,2025-07-24,1997-09-21,False,p230376,135,0,0,0,5,0,0,0,0,0,0,0,19,23.4,18.6,19.0,6.1,2,5,10,17,2,0.17,0.05,0.22,2.82,204,87,147,96,128,81,184,90,1.0,,,,,,0.11,0.0,0.03,0.14,1.88,3.33,197,124,240,118,265,134,264,87,1.33,0.0,11.33
732,True,True,,,497949,0,0,0,0,0,2,1.5,2.0,4,David,2.0,682,False,,,45,497949.jpg,2.0,False,Møller Wolfe,0.1,False,,a,20,39,6,1476,160,2042,343,0.4,1.3,Møller Wolfe,161.0,2025-08-02,2002-04-23,False,p497949,131,0,1,0,4,0,0,0,0,0,0,0,16,30.6,16.1,4.0,5.1,4,4,2,6,2,0.00,0.12,0.12,3.04,172,71,162,45,247,82,211,75,,,,,,,0.0,0.0,0.08,0.08,2.09,2.75,470,114,189,71,201,75,506,189,1.37,0.0,4.12
733,True,True,,,523705,0,0,0,0,0,2,0.5,1.0,1,Jackson,1.0,695,False,,,45,523705.jpg,1.0,False,Tchatchoua,0.0,False,,a,20,39,2,993,110,393,125,0.2,0.4,Tchatchoua,38.0,2025-08-19,2001-09-14,False,p523705,117,0,0,0,3,0,0,0,0,0,0,0,2,19.6,23.1,6.0,4.8,6,5,1,7,1,0.00,0.03,0.03,2.41,224,87,125,30,227,71,224,78,,,,,,,0.0,0.0,0.02,0.02,1.85,2.31,479,118,259,89,293,108,670,224,0.77,0.0,5.38
734,True,True,,,431248,0,0,0,0,0,2,1.5,2.0,0,Ladislav,0.0,709,False,,,45,431248.jpg,0.0,False,Krejcí,0.0,False,,a,20,39,0,416,238,45,35,0.0,0.0,Krejčí,57.0,2025-08-28,1999-04-20,False,p431248,0,0,0,0,0,0,0,0,0,0,0,0,0,0.0,0.0,0.0,0.0,0,0,0,0,0,0.00,0.00,0.00,0.00,544,223,535,223,506,211,546,223,,,,,,,0.0,0.0,0.0,0.0,0.0,0.0,437,104,548,220,548,220,702,235,0.0,0.0,0.0
735,True,True,,,488213,0,0,0,0,0,4,1.3,1.8,0,Tolu,0.0,720,False,,,55,488213.jpg,0.0,False,Arokodare,0.0,False,,a,20,39,0,329,329,43,43,0.0,0.0,Tolu,157.0,2025-09-01,2000-11-23,False,p488213,0,0,0,0,0,0,0,0,0,0,0,0,0,0.0,0.0,0.0,0.0,0,0,0,0,0,0.00,0.00,0.00,0.00,708,71,709,71,704,70,709,71,,,,,,,0.0,0.0,0.0,0.0,0.0,0.0,170,39,708,71,708,71,712,79,0.0,0.0,0.0
