,player_id,web_name,team_code,element_type,now_cost,event,points_md,is_captain,multiplier,starting_lineup,selected_by_percent,gw_points
0,307,Ederson,43,1,54,31,4.123,False,1,1,13.4,4.123
1,180,Keane,11,2,42,31,3.883,False,1,1,0.4,3.883
2,448,Perišić,6,2,53,31,4.3180000000000005,False,1,1,15.8,4.3180000000000005
3,733,Pedro Porro,6,2,48,31,4.97,False,1,1,0.7,4.97
4,7,Ødegaard,3,3,67,31,4.3469999999999995,False,1,1,29.7,4.3469999999999995
5,13,Saka,3,3,86,31,5.454,False,1,1,40.9,5.454
6,283,Salah,14,3,128,31,6.091,False,1,1,26.3,6.091
7,305,Grealish,43,3,70,31,5.019,False,1,1,6.8,5.019
8,346,Andreas,54,3,43,31,3.818,False,1,1,13.2,3.818
9,318,Haaland,43,4,122,31,7.581,True,2,1,77.4,15.162
10,427,Kane,6,4,117,31,7.0760000000000005,False,1,1,39.8,7.0760000000000005
11,102,Steele,36,1,39,31,3.3810000000000002,False,0,0,3.0,0.0
12,199,Tarkowski,11,2,42,31,3.427,False,0,0,4.4,0.0
13,504,Malacia,1,2,42,31,3.281,False,0,0,1.9,0.0
14,596,Ferguson,36,4,46,31,2.635,False,0,0,1.9,0.0
