,player_id,web_name,team_code,element_type,now_cost,event,points_md,is_captain,multiplier,starting_lineup,selected_by_percent,gw_points
0,170,Pickford,11,1,48,36,6.879,False,1,1,4.4,6.879
1,209,Castagne,13,2,53,36,6.34,False,1,1,1.1,6.34
2,220,Fofana,13,2,43,36,6.33,False,1,1,0.8,6.33
3,466,Tavares,3,2,43,36,7.01,False,1,1,0.6,7.01
4,215,Barnes,13,3,66,36,8.274000000000001,False,1,1,3.6,8.274000000000001
5,230,Mané,14,3,117,36,10.949000000000002,True,2,1,4.0,21.898000000000003
6,254,Mahrez,43,3,86,36,9.050999999999998,False,1,1,4.2,9.050999999999998
7,255,Sterling,43,3,105,36,7.526,False,1,1,2.5,7.526
8,399,Sarr,57,3,57,36,7.575,False,1,1,2.8,7.575
9,20,Nketiah,3,4,55,36,6.783,False,1,1,4.0,6.783
10,430,Jiménez,39,4,75,36,6.056,False,1,1,4.5,6.056
11,314,Krul,45,1,45,36,6.41,False,0,0,1.4,0.0
12,165,Coleman,11,2,49,36,5.518,False,0,0,0.7,0.0
13,675,Mykolenko,11,2,49,36,5.401,False,0,0,0.1,0.0
14,134,Werner,8,4,87,36,5.8210000000000015,False,0,0,4.5,0.0
