,player_id,web_name,team_code,element_type,now_cost,event,points_md,is_captain,multiplier,starting_lineup,selected_by_percent,gw_points
0,238,Meslier,2,1,45,7,3.77,False,1,1,2.4,3.77
1,108,Webster,36,2,45,7,3.633,False,1,1,0.8,3.633
2,228,Llorente,2,2,45,7,3.8080000000000003,False,1,1,0.4,3.8080000000000003
3,276,Matip,14,2,59,7,4.5710000000000015,False,1,1,0.9,4.5710000000000015
4,142,Mount,8,3,77,7,4.375,False,1,1,3.9,4.375
5,261,Maddison,13,3,79,7,4.426,False,1,1,2.9,4.426
6,264,Barnes,13,3,69,7,4.053,False,1,1,1.0,4.053
7,465,Bowen,21,3,81,7,4.26,False,1,1,2.4,4.26
8,66,Solanke,91,4,57,7,4.158,False,1,1,0.4,4.158
9,227,Bamford,2,4,73,7,4.8580000000000005,True,2,1,0.5,9.716000000000001
10,255,Vardy,13,4,93,7,4.155,False,1,1,2.5,4.155
11,455,Fabianski,21,1,50,7,3.633,False,0,0,1.0,0.0
12,8,Tierney,3,2,49,7,3.2260000000000004,False,0,0,0.9,0.0
13,586,Estupiñán,36,2,45,7,3.325,False,0,0,1.0,0.0
14,111,Trossard,36,3,65,7,3.992,False,0,0,3.8,0.0
