,player_id,web_name,team_code,element_type,now_cost,points_md,is_captain,multiplier,starting_lineup,selected_by_percent,gw_points
0,548,Mendy,8,1,52,4.9258750000000004,False,1,1,7.6,4.9258750000000004
1,308,Lindelöf,1,2,48,4.243125,False,1,1,1.4,4.243125
2,490,Thiago Silva,8,2,56,4.91775,False,1,1,4.5,4.91775
3,556,Dias,43,2,57,5.364625000000001,False,1,1,7.1,5.364625000000001
4,203,Harrison,2,3,54,4.574625,False,1,1,2.9,4.574625
5,272,De Bruyne,43,3,117,8.184875,True,2,1,19.4,16.36975
6,276,Sterling,43,3,114,7.368750000000001,False,1,1,4.1,7.368750000000001
7,302,Fernandes,1,3,112,7.036125,False,1,1,49.7,7.036125
8,306,Rashford,1,3,95,6.865375000000001,False,1,1,10.2,6.865375000000001
9,202,Bamford,2,4,66,5.80075,False,1,1,49.3,5.80075
10,514,Watkins,7,4,61,5.500875,False,1,1,7.9,5.500875
11,516,Areola,54,1,45,4.168125,False,0,0,1.8,0.0
12,211,Struijk,2,2,39,2.357125,False,0,0,3.2,0.0
13,603,Bryan,49,2,39,1.141375,False,0,0,0.2,0.0
14,262,Brewster,49,4,45,1.679625,False,0,0,6.7,0.0
