,player_id,web_name,team_code,element_type,now_cost,points_md,is_captain,multiplier,starting_lineup,selected_by_percent,gw_points
0,475,Sá,39,1,52,4.087555555555555,False,1,1,7.5,4.087555555555555
1,234,Robertson,14,2,71,4.288,False,1,1,4.6,4.288
2,237,Alexander-Arnold,14,2,85,4.875333333333334,False,1,1,46.9,4.875333333333334
3,370,Reguilón,6,2,54,3.8947777777777777,False,1,1,17.2,3.8947777777777777
4,22,Saka,3,3,64,4.073777777777778,False,1,1,15.1,4.073777777777778
5,144,Gallagher,31,3,61,3.8458888888888887,False,1,1,18.3,3.8458888888888887
6,196,Raphinha,2,3,66,4.1528888888888895,False,1,1,17.1,4.1528888888888895
7,233,Salah,14,3,127,6.190666666666666,True,2,1,36.3,12.381333333333332
8,359,Son,6,3,106,5.543222222222223,False,1,1,12.8,5.543222222222223
9,430,Jiménez,39,4,74,4.4608888888888885,False,1,1,4.5,4.4608888888888885
10,700,Weghorst,90,4,65,4.1306666666666665,False,1,1,0.1,4.1306666666666665
11,295,Dubravka,4,1,44,3.503222222222222,False,0,0,0.6,0.0
12,290,Williams,45,2,39,1.772777777777778,False,0,0,5.2,0.0
13,470,Ait Nouri,39,2,43,3.0113333333333334,False,0,0,1.3,0.0
14,329,Idah,45,4,49,2.420888888888889,False,0,0,0.8,0.0
