,player_id,web_name,team_code,element_type,now_cost,event,points_md,is_captain,multiplier,starting_lineup,selected_by_percent,gw_points
0,69,Sánchez,36,1,46,29,6.7680000000000025,False,1,1,16.8,6.7680000000000025
1,67,White,3,2,45,29,5.9060000000000015,False,1,1,13.0,5.9060000000000015
2,169,Keane,11,2,47,29,7.294,False,1,1,2.4,7.294
3,178,Holgate,11,2,42,29,6.069,False,1,1,0.5,6.069
4,22,Saka,3,3,65,29,8.907,False,1,1,20.7,8.907
5,74,Mac Allister,36,3,53,29,6.0710000000000015,False,1,1,0.7,6.0710000000000015
6,233,Salah,14,3,132,29,11.97,True,2,1,60.9,23.94
7,298,Fraser,4,3,53,29,6.022,False,1,1,1.0,6.022
8,359,Son,6,3,108,29,8.515,False,1,1,20.3,8.515
9,6,Lacazette,3,4,83,29,8.992,False,1,1,5.0,8.992
10,109,Wood,4,4,67,29,6.572,False,1,1,2.3,6.572
11,231,Alisson,14,1,60,29,8.002,False,0,0,7.6,0.0
12,165,Coleman,11,2,49,29,6.7810000000000015,False,0,0,0.5,0.0
13,237,Alexander-Arnold,14,2,85,29,9.243,False,0,0,45.7,0.0
14,63,Maupay,36,4,65,29,7.432,False,0,0,9.0,0.0
