,player_id,web_name,team_code,element_type,now_cost,event,points_md,is_captain,multiplier,starting_lineup,selected_by_percent,gw_points
0,295,Dubravka,4,1,45,34,3.69,False,1,1,3.1,3.69
1,59,Dunk,36,2,48,34,3.7889999999999997,False,1,1,2.2,3.7889999999999997
2,119,Azpilicueta,8,2,56,34,5.456,False,1,1,3.1,5.456
3,279,Telles,1,2,51,34,5.412999999999999,False,1,1,1.2,5.412999999999999
4,123,Jorginho,8,3,57,34,5.74,False,1,1,4.3,5.74
5,230,Mané,14,3,117,34,6.357,False,1,1,3.4,6.357
6,254,Mahrez,43,3,86,34,5.362,False,1,1,3.9,5.362
7,485,Sancho,1,3,89,34,7.206,True,2,1,3.2,14.412
8,512,Elanga,1,3,48,34,6.0760000000000005,False,1,1,0.8,6.0760000000000005
9,134,Werner,8,4,86,34,4.7589999999999995,False,1,1,2.6,4.7589999999999995
10,430,Jiménez,39,4,75,34,4.002,False,1,1,4.7,4.002
11,112,Pope,90,1,54,34,3.6319999999999997,False,0,0,4.0,0.0
12,39,Targett,4,2,47,34,3.596,False,0,0,3.1,0.0
13,71,Lamptey,36,2,45,34,3.592,False,0,0,2.1,0.0
14,159,Mateta,31,4,53,34,3.8680000000000003,False,0,0,2.8,0.0
