,player_id,web_name,team_code,element_type,now_cost,event,points_md,is_captain,multiplier,starting_lineup,selected_by_percent,gw_points
0,270,de Gea,1,1,51,34,6.664,False,1,1,10.5,6.664
1,142,James,8,2,63,34,8.529,True,2,1,14.9,17.058
2,237,Alexander-Arnold,14,2,84,34,6.456,False,1,1,38.9,6.456
3,256,Cancelo,43,2,71,34,5.784,False,1,1,39.8,5.784
4,259,Laporte,43,2,59,34,5.3870000000000005,False,1,1,10.6,5.3870000000000005
5,138,Mount,8,3,76,34,8.283,False,1,1,17.1,8.283
6,141,Havertz,8,3,79,34,8.322000000000001,False,1,1,8.3,8.322000000000001
7,233,Salah,14,3,132,34,8.193999999999999,False,1,1,57.6,8.193999999999999
8,485,Sancho,1,3,89,34,7.242000000000001,False,1,1,3.1,7.242000000000001
9,512,Elanga,1,3,48,34,6.102,False,1,1,0.8,6.102
10,315,Pukki,45,4,60,34,4.567,False,1,1,8.2,4.567
11,376,Foster,57,1,41,34,3.114,False,0,0,19.1,0.0
12,5,Cédric,3,2,42,34,3.259,False,0,0,0.5,0.0
13,104,Rodriguez,90,4,52,34,3.279,False,0,0,2.2,0.0
14,159,Mateta,31,4,53,34,3.67,False,0,0,2.8,0.0
