,player_id,web_name,team_code,element_type,now_cost,event,points_md,is_captain,multiplier,starting_lineup,selected_by_percent,gw_points
0,96,Pope,90,1,55,24,7.3279999999999985,False,1,1,12.9,7.3279999999999985
1,81,Tarkowski,90,2,53,24,6.124,False,1,1,2.4,6.124
2,88,Mee,90,2,50,24,6.227,False,1,1,2.9,6.227
3,484,Robinson,54,2,44,24,5.942,False,1,1,0.2,5.942
4,271,Gündogan,43,3,59,24,8.88,False,1,1,20.2,8.88
5,276,Sterling,43,3,116,24,10.075,False,1,1,11.6,10.075
6,302,Fernandes,1,3,115,24,6.402,False,1,1,58.8,6.402
7,508,Rodríguez,11,3,77,24,6.207999999999998,False,1,1,8.7,6.207999999999998
8,164,Calvert-Lewin,11,4,76,24,7.564,False,1,1,38.7,7.564
9,184,Mitrović,54,4,55,24,6.773,False,1,1,3.6,6.773
10,282,Jesus,43,4,92,24,10.106,True,2,1,4.3,20.212
11,183,Bettinelli,54,1,43,24,0.0,False,0,0,0.0,0.0
12,63,Montoya,36,2,45,24,0.0,False,0,0,0.0,0.0
13,135,Kelly,31,2,41,24,0.085,False,0,0,0.2,0.0
14,387,Lamela,6,3,57,24,0.851,False,0,0,0.1,0.0
