,player_id,web_name,team_code,element_type,now_cost,event,points_md,is_captain,multiplier,starting_lineup,selected_by_percent,gw_points
0,422,Bazunu,20,1,45,27,6.3210000000000015,False,1,1,0.6,6.3210000000000015
1,85,Henry,94,2,45,27,6.5790000000000015,False,1,1,3.4,6.5790000000000015
2,106,Dunk,36,2,47,27,7.556,False,1,1,5.0,7.556
3,526,Mee,94,2,51,27,6.721,False,1,1,17.2,6.721
4,116,Mac Allister,36,3,54,27,8.125,False,1,1,4.3,8.125
5,124,Mitoma,36,3,55,27,8.780000000000001,False,1,1,18.3,8.780000000000001
6,160,Zaha,31,3,72,27,7.507999999999999,False,1,1,7.3,7.507999999999999
7,335,Rashford,1,3,73,27,6.709,False,1,1,54.1,6.709
8,407,Ward-Prowse,20,3,63,27,6.473,False,1,1,6.0,6.473
9,80,Toney,94,4,77,27,9.36,True,2,1,34.4,18.72
10,427,Kane,6,4,117,27,6.845,False,1,1,37.9,6.845
11,670,Marschall,7,1,40,27,0.0,False,0,0,0.0,0.0
12,448,Perišić,6,2,54,27,3.937,False,0,0,17.4,0.0
13,461,Zouma,21,2,44,27,2.128,False,0,0,1.0,0.0
14,237,Greenwood,2,4,41,27,0.41600000000000004,False,0,0,10.9,0.0
