,player_id,web_name,team_code,element_type,now_cost,points_md,is_captain,multiplier,starting_lineup,selected_by_percent,gw_points
0,81,Raya,94,1,48,4.85,False,1,1,13.9,4.85
1,146,James,8,2,58,4.2932,False,1,1,12.5,4.2932
2,357,Trippier,4,2,60,4.5144,False,1,1,64.2,4.5144
3,526,Mee,94,2,51,4.1048,False,1,1,17.1,4.1048
4,13,Saka,3,3,85,5.3726,False,1,1,40.3,5.3726
5,116,Mac Allister,36,3,54,4.921400000000001,False,1,1,4.2,4.921400000000001
6,124,Mitoma,36,3,55,4.8596,False,1,1,18.2,4.8596
7,335,Rashford,1,3,73,5.324599999999999,False,1,1,54.1,5.324599999999999
8,40,Watkins,7,4,73,5.4357999999999995,False,1,1,8.8,5.4357999999999995
9,80,Toney,94,4,77,5.0128,False,1,1,34.3,5.0128
10,427,Kane,6,4,117,5.687400000000001,True,2,1,37.9,11.374800000000002
11,376,Pope,4,1,54,4.619200000000001,False,0,0,20.9,0.0
12,106,Dunk,36,2,47,4.0282,False,0,0,5.0,0.0
13,358,Burn,4,2,45,3.9742000000000006,False,0,0,3.5,0.0
14,160,Zaha,31,3,72,4.8344000000000005,False,0,0,7.3,0.0
