,player_id,web_name,team_code,element_type,now_cost,event,points_md,is_captain,multiplier,starting_lineup,selected_by_percent,gw_points
0,152,Guaita,31,1,44,27,6.3839999999999995,False,1,1,2.1,6.3839999999999995
1,85,Henry,94,2,45,27,6.432,False,1,1,3.4,6.432
2,106,Dunk,36,2,47,27,7.633999999999999,False,1,1,5.0,7.633999999999999
3,526,Mee,94,2,51,27,6.7139999999999995,False,1,1,17.1,6.7139999999999995
4,116,Mac Allister,36,3,54,27,8.716000000000001,False,1,1,4.2,8.716000000000001
5,124,Mitoma,36,3,55,27,8.41,False,1,1,18.2,8.41
6,160,Zaha,31,3,72,27,7.657,False,1,1,7.3,7.657
7,335,Rashford,1,3,73,27,6.971,False,1,1,54.1,6.971
8,407,Ward-Prowse,20,3,63,27,6.6770000000000005,False,1,1,6.0,6.6770000000000005
9,80,Toney,94,4,77,27,9.586,True,2,1,34.3,19.172
10,427,Kane,6,4,117,27,6.664,False,1,1,37.9,6.664
11,670,Marschall,7,1,40,27,0.0,False,0,0,0.0,0.0
12,448,Perišić,6,2,54,27,3.7910000000000004,False,0,0,17.4,0.0
13,461,Zouma,21,2,44,27,1.7990000000000002,False,0,0,1.0,0.0
14,237,Greenwood,2,4,41,27,0.311,False,0,0,10.9,0.0
