,player_id,web_name,team_code,element_type,now_cost,points_md,is_captain,multiplier,starting_lineup,selected_by_percent,gw_points
0,475,Sá,39,1,52,4.195333333333334,False,1,1,7.5,4.195333333333334
1,234,Robertson,14,2,71,4.236888888888888,False,1,1,5.6,4.236888888888888
2,237,Alexander-Arnold,14,2,85,4.848666666666667,False,1,1,47.3,4.848666666666667
3,370,Reguilón,6,2,54,3.8004444444444445,False,1,1,16.9,3.8004444444444445
4,22,Saka,3,3,64,4.332777777777778,False,1,1,14.8,4.332777777777778
5,26,Martinelli,3,3,54,3.6927777777777777,False,1,1,6.2,3.6927777777777777
6,196,Raphinha,2,3,65,4.446666666666667,False,1,1,15.3,4.446666666666667
7,233,Salah,14,3,128,6.224,True,2,1,39.8,12.448
8,359,Son,6,3,107,5.4782222222222225,False,1,1,14.3,5.4782222222222225
9,430,Jiménez,39,4,74,4.5602222222222215,False,1,1,4.5,4.5602222222222215
10,700,Weghorst,90,4,65,4.505,False,1,1,0.4,4.505
11,376,Foster,57,1,41,3.3669999999999995,False,0,0,18.6,0.0
12,185,Ayling,2,2,43,2.8811111111111116,False,0,0,2.9,0.0
13,439,Kilman,39,2,45,3.3281111111111112,False,0,0,1.9,0.0
14,518,Broja,20,4,52,3.1841111111111107,False,0,0,6.2,0.0
