,player_id,web_name,team_code,element_type,now_cost,event,points_md,is_captain,multiplier,starting_lineup,selected_by_percent,gw_points
0,69,Sánchez,36,1,46,25,6.9410000000000025,False,1,1,17.9,6.9410000000000025
1,234,Robertson,14,2,71,25,5.088,False,1,1,5.5,5.088
2,237,Alexander-Arnold,14,2,85,25,5.716,False,1,1,47.3,5.716
3,256,Cancelo,43,2,71,25,5.024,False,1,1,46.5,5.024
4,510,Dalot,1,2,46,25,7.8290000000000015,False,1,1,3.4,7.8290000000000015
5,555,Varane,1,2,55,25,7.5470000000000015,False,1,1,3.3,7.5470000000000015
6,64,Trossard,36,3,60,25,5.8160000000000025,False,1,1,1.7,5.8160000000000025
7,233,Salah,14,3,128,25,5.8439999999999985,False,1,1,39.6,5.8439999999999985
8,265,Foden,43,3,80,25,5.299,False,1,1,7.8,5.299
9,277,Fernandes,1,3,117,25,10.023,True,2,1,20.2,20.046
10,63,Maupay,36,4,65,25,7.688,False,1,1,6.8,7.688
11,637,Lewis,20,1,39,25,0.0,False,0,0,0.1,0.0
12,203,Mendy,13,3,43,25,0.094,False,0,0,0.9,0.0
13,533,Richardson,90,4,44,25,0.0,False,0,0,1.8,0.0
14,568,Archer,7,4,45,25,0.0,False,0,0,1.1,0.0
