,player_id,web_name,team_code,element_type,now_cost,event,points_md,is_captain,multiplier,starting_lineup,selected_by_percent,gw_points
0,483,Ramsdale,49,1,46,22,4.05,False,1,1,1.9,4.05
1,255,Robertson,14,2,74,22,5.197,False,1,1,20.0,5.197
2,259,Alexander-Arnold,14,2,73,22,4.934,False,1,1,14.5,4.934
3,273,Stones,43,2,52,22,4.802,False,1,1,20.7,4.802
4,556,Dias,43,2,59,22,4.682,False,1,1,16.5,4.682
5,254,Salah,14,3,125,22,6.265,True,2,1,38.2,12.53
6,276,Sterling,43,3,116,22,6.109,False,1,1,12.6,6.109
7,306,Rashford,1,3,96,22,5.365,False,1,1,11.0,5.365
8,202,Bamford,2,4,66,22,4.729,False,1,1,46.9,4.729
9,506,Wilson,4,4,66,22,4.4110000000000005,False,1,1,18.1,4.4110000000000005
10,514,Watkins,7,4,62,22,4.382,False,1,1,16.6,4.382
11,578,Henderson,31,1,40,22,0.0,False,0,0,0.5,0.0
12,196,Douglas,2,2,38,22,0.0,False,0,0,3.9,0.0
13,44,Nakamba,7,3,43,22,0.23,False,0,0,0.6,0.0
14,424,Burke,49,3,42,22,1.719,False,0,0,1.7,0.0
