,player_id,web_name,team_code,element_type,now_cost,event,points_md,is_captain,multiplier,starting_lineup,selected_by_percent,gw_points
0,8,Leno,3,1,50,22,3.861,False,1,1,9.1,3.861
1,255,Robertson,14,2,74,22,5.197,False,1,1,20.1,5.197
2,259,Alexander-Arnold,14,2,73,22,4.934,False,1,1,14.5,4.934
3,351,Baldock,49,2,49,22,3.953,False,1,1,0.9,3.953
4,231,Maddison,13,3,72,22,4.32,False,1,1,13.3,4.32
5,254,Salah,14,3,125,22,6.265,True,2,1,38.3,12.53
6,271,Gündogan,43,3,58,22,4.595,False,1,1,18.3,4.595
7,284,Foden,43,3,63,22,4.599,False,1,1,9.7,4.599
8,306,Rashford,1,3,96,22,5.365,False,1,1,10.9,5.365
9,202,Bamford,2,4,66,22,4.729,False,1,1,46.8,4.729
10,506,Wilson,4,4,66,22,4.4110000000000005,False,1,1,18.5,4.4110000000000005
11,483,Ramsdale,49,1,46,22,4.05,False,0,0,1.9,0.0
12,273,Stones,43,2,52,22,4.802,False,0,0,20.6,0.0
13,353,Egan,49,2,47,22,3.81,False,0,0,1.9,0.0
14,514,Watkins,7,4,62,22,4.382,False,0,0,16.7,0.0
