,player_id,web_name,team_code,element_type,now_cost,event,points_md,is_captain,multiplier,starting_lineup,selected_by_percent,gw_points
0,175,Johnstone,31,1,44,36,3.6310000000000002,False,1,1,1.0,3.6310000000000002
1,139,Chilwell,8,2,57,36,4.905,False,1,1,4.5,4.905
2,272,W.Fofana,8,2,43,36,3.8810000000000002,False,1,1,1.0,3.8810000000000002
3,358,Burn,4,2,45,36,6.507999999999999,True,2,1,4.2,13.015999999999998
4,120,Caicedo,36,3,50,36,4.442,False,1,1,0.3,4.442
5,159,J.Ayew,31,3,52,36,4.268,False,1,1,0.4,4.268
6,171,Olise,31,3,54,36,3.952,False,1,1,1.9,3.952
7,373,Willock,4,3,47,36,5.9670000000000005,False,1,1,1.2,5.9670000000000005
8,374,Bruno Guimarães,4,3,55,36,6.318,False,1,1,2.8,6.318
9,66,Solanke,91,4,56,36,3.859,False,1,1,4.4,3.859
10,103,Welbeck,36,4,65,36,4.43,False,1,1,1.8,4.43
11,2,Leno,54,1,46,36,3.534,False,0,0,3.5,0.0
12,92,Pinnock,94,2,44,36,3.572,False,0,0,1.0,0.0
13,337,Lindelöf,1,2,41,36,3.411,False,0,0,0.7,0.0
14,125,Enciso,36,4,46,36,3.75,False,0,0,1.5,0.0
