,player_id,web_name,team_code,element_type,now_cost,event,points_md,is_captain,multiplier,starting_lineup,selected_by_percent,gw_points
0,102,Steele,36,1,40,36,6.439,False,1,1,5.2,6.439
1,285,Alexander-Arnold,14,2,76,36,4.521,False,1,1,27.5,4.521
2,357,Trippier,4,2,61,36,7.936,True,2,1,65.6,15.872
3,366,Schär,4,2,51,36,7.182,False,1,1,14.5,7.182
4,13,Saka,3,3,82,36,5.34,False,1,1,29.7,5.34
5,107,March,36,3,53,36,6.517,False,1,1,14.6,6.517
6,124,Mitoma,36,3,56,36,6.5630000000000015,False,1,1,27.9,6.5630000000000015
7,283,Salah,14,3,130,36,6.091,False,1,1,35.3,6.091
8,335,Rashford,1,3,72,36,5.9270000000000005,False,1,1,45.7,5.9270000000000005
9,318,Haaland,43,4,124,36,6.291,False,1,1,83.4,6.291
10,594,Isak,4,4,69,36,7.641,False,1,1,11.1,7.641
11,382,Samba,17,1,45,36,0.0,False,0,0,0.0,0.0
12,193,Godfrey,11,2,43,36,0.047,False,0,0,0.1,0.0
13,249,Evans,13,2,44,36,0.8909999999999999,False,0,0,0.1,0.0
14,686,Simms,11,4,45,36,0.358,False,0,0,0.1,0.0
