,player_id,web_name,team_code,element_type,now_cost,points_md,is_captain,multiplier,starting_lineup,selected_by_percent,gw_points
0,102,Steele,36,1,40,5.4543333333333335,False,1,1,5.2,5.4543333333333335
1,332,Shaw,1,2,51,4.854,False,1,1,16.7,4.854
2,357,Trippier,4,2,61,5.324666666666666,False,1,1,65.6,5.324666666666666
3,366,Schär,4,2,51,4.869666666666667,False,1,1,14.4,4.869666666666667
4,107,March,36,3,53,6.030666666666666,False,1,1,14.5,6.030666666666666
5,124,Mitoma,36,3,56,5.960333333333334,False,1,1,27.8,5.960333333333334
6,301,De Bruyne,43,3,122,6.233,False,1,1,26.3,6.233
7,333,Fernandes,1,3,94,6.273,False,1,1,7.6,6.273
8,335,Rashford,1,3,72,7.465666666666667,True,2,1,45.7,14.931333333333335
9,318,Haaland,43,4,124,7.123333333333334,False,1,1,83.4,7.123333333333334
10,594,Isak,4,4,69,5.272999999999999,False,1,1,11.0,5.272999999999999
11,133,Arrizabalaga,8,1,46,4.333333333333333,False,0,0,7.1,0.0
12,10,White,3,2,50,3.8659999999999997,False,0,0,15.1,0.0
13,308,Aké,43,2,50,4.271,False,0,0,3.3,0.0
14,66,Solanke,91,4,56,3.8336666666666663,False,0,0,4.4,0.0
