,player_id,web_name,team_code,element_type,now_cost,event,points_md,is_captain,multiplier,starting_lineup,selected_by_percent,gw_points
0,376,Pope,4,1,54,36,7.3889999999999985,False,1,1,20.4,7.3889999999999985
1,139,Chilwell,8,2,57,36,4.905,False,1,1,4.5,4.905
2,272,W.Fofana,8,2,43,36,3.8810000000000002,False,1,1,1.0,3.8810000000000002
3,332,Shaw,1,2,51,36,3.945,False,1,1,16.7,3.945
4,357,Trippier,4,2,61,36,8.288,True,2,1,65.6,16.576
5,366,Schär,4,2,51,36,7.258999999999999,False,1,1,14.4,7.258999999999999
6,107,March,36,3,53,36,6.648,False,1,1,14.5,6.648
7,124,Mitoma,36,3,56,36,6.775,False,1,1,27.8,6.775
8,283,Salah,14,3,130,36,5.811,False,1,1,35.3,5.811
9,335,Rashford,1,3,72,36,6.063,False,1,1,45.6,6.063
10,210,Mitrović,54,4,66,36,4.67,False,1,1,11.8,4.67
11,102,Steele,36,1,40,36,6.271,False,0,0,5.2,0.0
12,169,Eze,31,3,55,36,4.697,False,0,0,6.2,0.0
13,40,Watkins,7,4,76,36,5.119,False,0,0,19.6,0.0
14,318,Haaland,43,4,124,36,6.3329999999999975,False,0,0,83.4,0.0
