,player_id,web_name,team_code,element_type,now_cost,points_md,is_captain,multiplier,starting_lineup,selected_by_percent,gw_points
0,363,McCarthy,20,1,46,3.9307499999999997,False,1,1,17.2,3.9307499999999997
1,155,Digne,11,2,61,3.7141249999999997,False,1,1,7.2,3.7141249999999997
2,300,Shaw,1,2,49,3.73625,False,1,1,5.9,3.73625
3,556,Dias,43,2,61,4.2795000000000005,False,1,1,22.7,4.2795000000000005
4,276,Sterling,43,3,116,5.799500000000001,True,2,1,12.4,11.599000000000002
5,302,Fernandes,1,3,115,5.2524999999999995,False,1,1,59.2,5.2524999999999995
6,306,Rashford,1,3,96,4.818,False,1,1,12.5,4.818
7,570,Raphinha,2,3,53,3.852125,False,1,1,2.3,3.852125
8,164,Calvert-Lewin,11,4,77,4.601999999999999,False,1,1,43.2,4.601999999999999
9,202,Bamford,2,4,67,5.078125,False,1,1,50.1,5.078125
10,282,Jesus,43,4,92,5.532750000000001,False,1,1,4.4,5.532750000000001
11,516,Areola,54,1,45,3.785625,False,0,0,3.4,0.0
12,211,Struijk,2,2,39,2.044125,False,0,0,4.4,0.0
13,589,Phillips,14,2,40,2.4378750000000005,False,0,0,0.6,0.0
14,23,Smith Rowe,3,3,43,2.2146250000000003,False,0,0,2.2,0.0
