,player_id,web_name,team_code,element_type,now_cost,event,points_md,is_captain,multiplier,starting_lineup,selected_by_percent,gw_points
0,157,Pickford,11,1,48,26,7.627000000000002,False,1,1,4.9,7.627000000000002
1,226,Pereira,13,2,59,26,7.162000000000001,False,1,1,0.9,7.162000000000001
2,283,Zinchenko,43,2,55,26,9.29,False,1,1,0.7,9.29
3,391,Dier,6,2,49,26,7.355,False,1,1,3.6,7.355
4,106,Barkley,7,3,59,26,6.773,False,1,1,0.9,6.773
5,281,Bernardo Silva,43,3,74,26,7.811,False,1,1,1.4,7.811
6,481,Pereira,35,3,54,26,7.24,False,1,1,1.6,7.24
7,557,Lookman,54,3,50,26,7.606,False,1,1,1.7,7.606
8,249,Firmino,14,4,92,26,8.737,False,1,1,4.8,8.737
9,282,Jesus,43,4,92,26,10.839,True,2,1,3.9,21.678
10,303,Martial,1,4,87,26,6.822,False,1,1,4.4,6.822
11,516,Areola,54,1,45,26,7.41,False,0,0,4.3,0.0
12,219,Evans,13,2,55,26,6.728,False,0,0,1.1,0.0
13,498,Castagne,13,2,57,26,6.6960000000000015,False,0,0,3.9,0.0
14,540,Traoré,7,3,59,26,6.367000000000001,False,0,0,0.8,0.0
