,player_id,web_name,team_code,element_type,now_cost,event,points_md,is_captain,multiplier,starting_lineup,selected_by_percent,gw_points
0,157,Pickford,11,1,48,26,7.627000000000002,False,1,1,4.9,7.627000000000002
1,277,Cancelo,43,2,61,26,10.288,False,1,1,25.9,10.288
2,283,Zinchenko,43,2,55,26,9.29,False,1,1,0.7,9.29
3,556,Dias,43,2,61,26,9.673,False,1,1,21.6,9.673
4,235,Barnes,13,3,69,26,8.889,False,1,1,15.7,8.889
5,254,Salah,14,3,126,26,13.032,True,2,1,41.9,26.064
6,390,Son,6,3,95,26,10.584,False,1,1,51.2,10.584
7,557,Lookman,54,3,50,26,7.606,False,1,1,1.7,7.606
8,224,Vardy,13,4,101,26,10.652,False,1,1,19.6,10.652
9,388,Kane,6,4,111,26,11.953,False,1,1,28.4,11.953
10,514,Watkins,7,4,65,26,8.305,False,1,1,25.2,8.305
11,662,McGill,36,1,39,26,0.0,False,0,0,0.2,0.0
12,196,Douglas,2,2,38,26,0.0,False,0,0,3.3,0.0
13,519,Dunne,90,2,38,26,0.0,False,0,0,4.5,0.0
14,79,Alzate,36,3,42,26,1.534,False,0,0,0.6,0.0
