,player_id,web_name,team_code,element_type,now_cost,event,points_md,is_captain,multiplier,starting_lineup,selected_by_percent,gw_points
0,408,Fabianski,21,1,50,19,3.47,False,1,1,2.4,3.47
1,16,Tierney,3,2,48,19,3.136,False,1,1,6.5,3.136
2,23,Gabriel,3,2,53,19,3.472,False,1,1,6.0,3.472
3,370,Reguilón,6,2,52,19,4.063,False,1,1,12.2,4.063
4,22,Saka,3,3,63,19,3.681,False,1,1,10.8,3.681
5,144,Gallagher,31,3,61,19,3.1910000000000003,False,1,1,25.1,3.1910000000000003
6,359,Son,6,3,103,19,4.631,False,1,1,16.8,4.631
7,420,Bowen,21,3,65,19,4.422,False,1,1,6.0,4.422
8,423,Fornals,21,3,60,19,3.784,False,1,1,1.9,3.784
9,357,Kane,6,4,121,19,4.932,True,2,1,6.0,9.864
10,579,Ronaldo,1,4,125,19,4.259,False,1,1,27.2,4.259
11,641,Caballero,20,1,45,19,2.886,False,0,0,0.0,0.0
12,279,Telles,1,2,50,19,2.579,False,0,0,0.9,0.0
13,510,Dalot,1,2,45,19,2.875,False,0,0,2.4,0.0
14,315,Pukki,45,4,59,19,3.082,False,0,0,6.2,0.0
