,player_id,web_name,team_code,element_type,now_cost,event,points_md,is_captain,multiplier,starting_lineup,selected_by_percent,gw_points
0,516,Areola,54,1,46,31,3.901,False,1,1,5.2,3.901
1,5,Cédric,3,2,46,31,3.818,False,1,1,0.3,3.818
2,92,Lowton,90,2,44,31,3.747,False,1,1,2.4,3.747
3,102,Azpilicueta,8,2,59,31,4.1080000000000005,False,1,1,8.3,4.1080000000000005
4,104,Alonso,8,2,57,31,4.666,False,1,1,2.9,4.666
5,123,James,8,2,50,31,3.837,False,1,1,6.5,3.837
6,254,Salah,14,3,124,31,6.096,True,2,1,30.3,12.192
7,272,De Bruyne,43,3,119,31,5.277,False,1,1,19.9,5.277
8,276,Sterling,43,3,113,31,5.914,False,1,1,5.8,5.914
9,91,Wood,90,4,62,31,4.501,False,1,1,1.6,4.501
10,93,Vydra,90,4,48,31,3.802,False,1,1,1.3,3.802
11,8,Leno,3,1,50,31,4.16,False,0,0,6.9,0.0
12,468,Jota,14,3,69,31,4.873,False,0,0,13.5,0.0
13,481,Pereira,35,3,53,31,3.872,False,0,0,2.3,0.0
14,233,Iheanacho,13,4,58,31,3.773,False,0,0,5.8,0.0
