,player_id,web_name,team_code,element_type,now_cost,points_md,is_captain,multiplier,starting_lineup,selected_by_percent,gw_points
0,281,Alisson,14,1,54,3.8678,False,1,1,14.5,3.8678
1,146,James,8,2,60,4.3584,False,1,1,37.2,4.3584
2,285,Alexander-Arnold,14,2,74,4.470000000000001,False,1,1,35.0,4.470000000000001
3,448,Perišić,6,2,56,3.4764000000000004,False,1,1,26.1,3.4764000000000004
4,104,Groß,36,3,60,3.71,False,1,1,23.0,3.71
5,160,Zaha,31,3,73,5.1964,False,1,1,17.3,5.1964
6,261,Maddison,13,3,80,4.055999999999999,False,1,1,10.4,4.055999999999999
7,283,Salah,14,3,128,5.556,True,2,1,35.2,11.112
8,66,Solanke,91,4,57,3.8356000000000003,False,1,1,1.2,3.8356000000000003
9,210,Mitrović,54,4,69,4.4716,False,1,1,31.9,4.4716
10,427,Kane,6,4,114,5.4684,False,1,1,19.3,5.4684
11,254,Ward,13,1,40,2.2558,False,0,0,25.7,0.0
12,165,Andersen,31,2,45,3.085,False,0,0,2.7,0.0
13,167,Guéhi,31,2,43,3.0734000000000004,False,0,0,1.7,0.0
14,346,Andreas,54,3,46,3.1908000000000003,False,0,0,25.9,0.0
