,player_id,web_name,team_code,element_type,now_cost,event,points_md,is_captain,multiplier,starting_lineup,selected_by_percent,gw_points
0,152,Guaita,31,1,45,17,3.8289999999999997,False,1,1,3.3,3.8289999999999997
1,165,Andersen,31,2,45,17,3.753,False,1,1,3.0,3.753
2,284,Robertson,14,2,68,17,4.066,False,1,1,4.9,4.066
3,332,Shaw,1,2,48,17,4.417,False,1,1,2.2,4.417
4,169,Eze,31,3,57,17,4.001,False,1,1,4.3,4.001
5,195,Gordon,11,3,53,17,3.654,False,1,1,1.7,3.654
6,264,Barnes,13,3,69,17,3.77,False,1,1,1.9,3.77
7,304,Sterling,8,3,97,17,4.7010000000000005,False,1,1,4.4,4.7010000000000005
8,333,Fernandes,1,3,98,17,4.695,False,1,1,2.1,4.695
9,345,Martial,1,4,67,17,4.739,True,2,1,1.9,9.478
10,617,Aubameyang,8,4,87,17,4.678,False,1,1,1.0,4.678
11,2,Leno,54,1,45,17,3.25,False,0,0,1.6,0.0
12,194,Mykolenko,11,2,45,17,3.318,False,0,0,1.0,0.0
13,299,Walker,43,2,48,17,3.1719999999999997,False,0,0,3.1,0.0
14,476,Jiménez,39,4,68,17,3.5789999999999997,False,0,0,0.2,0.0
