,player_id,web_name,team_code,element_type,now_cost,event,points_md,is_captain,multiplier,starting_lineup,selected_by_percent,gw_points
0,327,De Gea,1,1,49,17,4.0760000000000005,False,1,1,7.2,4.0760000000000005
1,16,Gabriel,3,2,52,17,4.547,False,1,1,13.2,4.547
2,112,Cucurella,8,2,51,17,4.802,False,1,1,7.7,4.802
3,285,Alexander-Arnold,14,2,72,17,4.499,False,1,1,18.5,4.499
4,13,Saka,3,3,80,17,5.579,False,1,1,17.1,5.579
5,111,Trossard,36,3,71,17,4.723,False,1,1,28.0,4.723
6,142,Mount,8,3,75,17,4.92,False,1,1,6.6,4.92
7,160,Zaha,31,3,75,17,5.595,False,1,1,19.5,5.595
8,283,Salah,14,3,128,17,6.327999999999999,False,1,1,32.1,6.327999999999999
9,318,Haaland,43,4,122,17,6.733,True,2,1,82.7,13.466
10,345,Martial,1,4,67,17,4.73,False,1,1,1.9,4.73
11,324,Ortega,43,1,38,17,0.0,False,0,0,0.9,0.0
12,322,Wilson-Esbrand,43,2,38,17,0.0,False,0,0,1.0,0.0
13,343,B.Williams,1,2,38,17,0.053,False,0,0,1.8,0.0
14,380,Lyle Taylor,17,4,42,17,0.0,False,0,0,4.9,0.0
