,player_id,web_name,team_code,element_type,now_cost,points_md,is_captain,multiplier,starting_lineup,selected_by_percent,gw_points
0,307,Ederson,43,1,54,4.8552,False,1,1,13.8,4.8552
1,112,Cucurella,8,2,51,4.092599999999999,False,1,1,7.5,4.092599999999999
2,146,James,8,2,58,3.8839999999999995,False,1,1,12.3,3.8839999999999995
3,285,Alexander-Arnold,14,2,72,4.3922,False,1,1,18.4,4.3922
4,13,Saka,3,3,80,4.5994,False,1,1,17.1,4.5994
5,142,Mount,8,3,75,4.6096,False,1,1,6.4,4.6096
6,301,De Bruyne,43,3,126,6.129,False,1,1,37.7,6.129
7,346,Andreas,54,3,46,3.4517999999999995,False,1,1,23.6,3.4517999999999995
8,210,Mitrović,54,4,68,4.509200000000001,False,1,1,18.6,4.509200000000001
9,318,Haaland,43,4,122,7.6912,True,2,1,82.7,15.3824
10,356,Wilson,4,4,74,4.369400000000001,False,1,1,8.8,4.369400000000001
11,254,Ward,13,1,41,3.4576000000000002,False,0,0,28.5,0.0
12,377,Botman,4,2,44,2.9197999999999995,False,0,0,3.0,0.0
13,417,Perraud,20,2,44,2.8862,False,0,0,0.4,0.0
14,45,Bailey,7,3,45,2.9198,False,0,0,4.5,0.0
