,player_id,web_name,team_code,element_type,now_cost,event,points_md,is_captain,multiplier,starting_lineup,selected_by_percent,gw_points
0,307,Ederson,43,1,54,17,4.022,False,1,1,13.8,4.022
1,112,Cucurella,8,2,51,17,4.718999999999999,False,1,1,7.5,4.718999999999999
2,332,Shaw,1,2,48,17,4.408,False,1,1,2.2,4.408
3,533,Martínez,1,2,45,17,4.4430000000000005,False,1,1,7.3,4.4430000000000005
4,13,Saka,3,3,80,17,5.5120000000000005,False,1,1,17.1,5.5120000000000005
5,19,Martinelli,3,3,68,17,4.748,False,1,1,48.4,4.748
6,142,Mount,8,3,75,17,4.901,False,1,1,6.4,4.901
7,160,Zaha,31,3,75,17,5.557,False,1,1,19.1,5.557
8,283,Salah,14,3,128,17,5.871,False,1,1,32.2,5.871
9,318,Haaland,43,4,122,17,7.171,True,2,1,82.7,14.342
10,345,Martial,1,4,67,17,5.221,False,1,1,2.0,5.221
11,182,Pickford,11,1,45,17,3.8139999999999996,False,0,0,6.0,0.0
12,165,Andersen,31,2,45,17,3.569,False,0,0,3.0,0.0
13,199,Tarkowski,11,2,44,17,3.3510000000000004,False,0,0,1.5,0.0
14,166,Edouard,31,4,53,17,3.986,False,0,0,2.7,0.0
