,player_id,web_name,team_code,element_type,now_cost,event,points_md,is_captain,multiplier,starting_lineup,selected_by_percent,gw_points
0,408,Fabianski,21,1,50,24,3.968,False,1,1,3.4,3.968
1,234,Robertson,14,2,70,24,4.961,False,1,1,3.8,4.961
2,237,Alexander-Arnold,14,2,84,24,5.968,False,1,1,46.6,5.968
3,256,Cancelo,43,2,71,24,5.4689999999999985,False,1,1,45.5,5.4689999999999985
4,262,Dias,43,2,63,24,4.887,False,1,1,27.8,4.887
5,370,Reguilón,6,2,54,24,4.657,False,1,1,17.7,4.657
6,144,Gallagher,31,3,61,24,4.345,False,1,1,17.9,4.345
7,233,Salah,14,3,127,24,7.033,True,2,1,36.2,14.066
8,265,Foden,43,3,80,24,6.053,False,1,1,7.9,6.053
9,420,Bowen,21,3,68,24,5.737,False,1,1,28.0,5.737
10,413,Antonio,21,4,79,24,5.125,False,1,1,41.9,5.125
11,376,Foster,57,1,41,24,2.995,False,0,0,18.5,0.0
12,50,Douglas Luiz,7,3,45,24,2.7710000000000004,False,0,0,1.9,0.0
13,315,Pukki,45,4,58,24,3.97,False,0,0,4.3,0.0
14,329,Idah,45,4,49,24,2.947,False,0,0,0.7,0.0
