,player_id,web_name,team_code,element_type,now_cost,points_md,is_captain,multiplier,starting_lineup,selected_by_percent,gw_points
0,475,Sá,39,1,52,4.1146666666666665,False,1,1,8.2,4.1146666666666665
1,142,James,8,2,62,3.980444444444445,False,1,1,10.4,3.980444444444445
2,237,Alexander-Arnold,14,2,85,4.33388888888889,False,1,1,47.9,4.33388888888889
3,437,Semedo,39,2,48,3.5775555555555556,False,1,1,3.2,3.5775555555555556
4,22,Saka,3,3,65,4.362111111111111,False,1,1,21.5,4.362111111111111
5,196,Raphinha,2,3,65,4.168777777777778,False,1,1,14.8,4.168777777777778
6,233,Salah,14,3,131,5.612666666666666,True,2,1,57.7,11.225333333333332
7,359,Son,6,3,107,5.002,False,1,1,17.0,5.002
8,6,Lacazette,3,4,83,4.370222222222223,False,1,1,5.7,4.370222222222223
9,430,Jiménez,39,4,74,4.549,False,1,1,8.3,4.549
10,700,Weghorst,90,4,65,4.148000000000001,False,1,1,2.3,4.148000000000001
11,376,Foster,57,1,41,3.1886666666666663,False,0,0,18.8,0.0
12,208,Amartey,13,2,38,2.1281111111111115,False,0,0,8.8,0.0
13,290,Williams,45,2,39,2.074111111111111,False,0,0,5.6,0.0
14,496,Ramsey,7,3,44,3.204111111111111,False,0,0,0.2,0.0
