,player_id,web_name,team_code,element_type,now_cost,event,points_md,is_captain,multiplier,starting_lineup,selected_by_percent,gw_points
0,2,Leno,54,1,45,30,3.655,False,1,1,3.3,3.655
1,44,Konsa,7,2,44,30,3.762,False,1,1,0.5,3.762
2,329,Varane,1,2,48,30,3.8930000000000002,False,1,1,2.9,3.8930000000000002
3,694,Álex Moreno,7,2,44,30,3.759,False,1,1,0.6,3.759
4,733,Pedro Porro,6,2,48,30,3.822,False,1,1,0.6,3.822
5,42,Buendía,7,3,57,30,4.093,False,1,1,0.9,4.093
6,264,Barnes,13,3,67,30,4.619,False,1,1,2.3,4.619
7,303,Mahrez,43,3,73,30,4.791,True,2,1,4.5,9.582
8,305,Grealish,43,3,69,30,4.684,False,1,1,3.1,4.684
9,609,Antony,1,3,73,30,4.038,False,1,1,2.8,4.038
10,356,Wilson,4,4,69,30,3.891,False,1,1,2.9,3.891
11,238,Meslier,2,1,45,30,3.623,False,0,0,1.9,0.0
12,342,Dalot,1,2,47,30,3.67,False,0,0,4.0,0.0
13,66,Solanke,91,4,55,30,3.5669999999999997,False,0,0,2.1,0.0
14,319,Álvarez,43,4,60,30,3.5210000000000004,False,0,0,2.2,0.0
