,player_id,web_name,team_code,element_type,now_cost,event,points_md,is_captain,multiplier,starting_lineup,selected_by_percent,gw_points
0,295,Dubravka,4,1,44,28,6.984,False,1,1,1.3,6.984
1,343,Bednarek,20,2,44,28,6.749,False,1,1,1.6,6.749
2,431,Saïss,39,2,50,28,8.314,False,1,1,3.0,8.314
3,439,Kilman,39,2,46,28,7.619,False,1,1,2.9,7.619
4,470,Ait Nouri,39,2,44,28,7.862999999999999,False,1,1,2.0,7.862999999999999
5,267,Harrison,2,3,55,28,7.053,False,1,1,1.7,7.053
6,287,James,2,3,60,28,7.2189999999999985,False,1,1,0.9,7.2189999999999985
7,298,Fraser,4,3,53,28,6.876,False,1,1,0.3,6.876
8,496,Ramsey,7,3,44,28,6.43,False,1,1,0.2,6.43
9,109,Wood,4,4,67,28,7.657,False,1,1,1.8,7.657
10,345,Adams,20,4,69,28,8.466000000000001,True,2,1,4.3,16.932000000000002
11,199,Meslier,2,1,48,28,6.8100000000000005,False,0,0,2.1,0.0
12,342,Walker-Peters,20,2,48,28,6.252999999999999,False,0,0,1.2,0.0
13,35,McGinn,7,3,57,28,6.125,False,0,0,1.1,0.0
14,6,Lacazette,3,4,83,28,5.009,False,0,0,4.8,0.0
