,player_id,web_name,team_code,element_type,now_cost,event,points_md,is_captain,multiplier,starting_lineup,selected_by_percent,gw_points
0,146,Guaita,31,1,46,26,6.8660000000000005,False,1,1,6.9,6.8660000000000005
1,16,Tierney,3,2,51,26,9.164,False,1,1,13.7,9.164
2,23,Gabriel,3,2,53,26,9.505,False,1,1,7.9,9.505
3,234,Robertson,14,2,71,26,11.142,False,1,1,7.6,11.142
4,437,Semedo,39,2,48,26,6.151,False,1,1,3.2,6.151
5,22,Saka,3,3,64,26,9.983,False,1,1,20.1,9.983
6,154,Zaha,31,3,68,26,8.347000000000001,False,1,1,5.9,8.347000000000001
7,233,Salah,14,3,130,26,16.746000000000002,True,2,1,56.3,33.492000000000004
8,430,Jiménez,39,4,74,26,8.339,False,1,1,7.7,8.339
9,450,Dennis,57,4,61,26,6.972,False,1,1,36.3,6.972
10,468,King,57,4,59,26,7.0440000000000005,False,1,1,8.5,7.0440000000000005
11,475,Sá,39,1,52,26,7.2,False,0,0,7.9,0.0
12,237,Alexander-Arnold,14,2,85,26,13.11,False,0,0,48.4,0.0
13,196,Raphinha,2,3,65,26,7.1240000000000006,False,0,0,14.6,0.0
14,399,Sarr,57,3,57,26,6.5340000000000025,False,0,0,3.1,0.0
