,player_id,web_name,team_code,element_type,now_cost,event,points_md,is_captain,multiplier,starting_lineup,selected_by_percent,gw_points
0,475,Sá,39,1,52,26,7.2,False,1,1,7.9,7.2
1,16,Tierney,3,2,51,26,9.164,False,1,1,13.7,9.164
2,23,Gabriel,3,2,53,26,9.505,False,1,1,7.9,9.505
3,234,Robertson,14,2,71,26,11.142,False,1,1,7.6,11.142
4,237,Alexander-Arnold,14,2,85,26,13.11,False,1,1,48.4,13.11
5,22,Saka,3,3,64,26,9.983,False,1,1,20.1,9.983
6,154,Zaha,31,3,68,26,8.347000000000001,False,1,1,5.9,8.347000000000001
7,233,Salah,14,3,130,26,16.746000000000002,True,2,1,56.3,33.492000000000004
8,359,Son,6,3,107,26,8.586,False,1,1,16.7,8.586
9,430,Jiménez,39,4,74,26,8.339,False,1,1,7.7,8.339
10,468,King,57,4,59,26,7.0440000000000005,False,1,1,8.5,7.0440000000000005
11,376,Foster,57,1,41,26,6.69,False,0,0,18.9,0.0
12,150,Kouyaté,31,2,45,26,5.481,False,0,0,0.5,0.0
13,434,Dendoncker,39,3,47,26,5.670999999999999,False,0,0,0.5,0.0
14,159,Mateta,31,4,52,26,3.988,False,0,0,0.3,0.0
