,player_id,web_name,team_code,element_type,now_cost,event,points_md,is_captain,multiplier,starting_lineup,selected_by_percent,gw_points
0,96,Pope,90,1,55,24,7.595,False,1,1,14.2,7.595
1,81,Tarkowski,90,2,53,24,6.39,False,1,1,2.6,6.39
2,88,Mee,90,2,50,24,6.4289999999999985,False,1,1,4.0,6.4289999999999985
3,155,Digne,11,2,61,24,5.972,False,1,1,7.4,5.972
4,271,Gündogan,43,3,60,24,8.603,False,1,1,26.0,8.603
5,276,Sterling,43,3,116,24,10.441,True,2,1,12.8,20.882
6,302,Fernandes,1,3,115,24,6.6629999999999985,False,1,1,59.3,6.6629999999999985
7,508,Rodríguez,11,3,77,24,7.354,False,1,1,10.0,7.354
8,557,Lookman,54,3,50,24,6.9220000000000015,False,1,1,1.2,6.9220000000000015
9,164,Calvert-Lewin,11,4,77,24,7.61,False,1,1,44.6,7.61
10,282,Jesus,43,4,92,24,8.656,False,1,1,4.4,8.656
11,383,Lloris,6,1,56,24,3.125,False,0,0,6.7,0.0
12,179,Christie,54,2,42,24,0.0,False,0,0,0.0,0.0
13,534,Inniss,31,2,40,24,0.0,False,0,0,0.0,0.0
14,53,Murray,36,4,48,24,0.0,False,0,0,0.1,0.0
