,player_id,web_name,team_code,element_type,now_cost,event,points_md,is_captain,multiplier,starting_lineup,selected_by_percent,gw_points
0,254,Ward,13,1,40,7,3.6630000000000003,False,1,1,26.8,3.6630000000000003
1,16,Gabriel,3,2,51,7,4.148,False,1,1,11.2,4.148
2,146,James,8,2,60,7,4.5280000000000005,False,1,1,37.2,4.5280000000000005
3,228,Llorente,2,2,45,7,3.852,False,1,1,0.4,3.852
4,285,Alexander-Arnold,14,2,75,7,5.294,False,1,1,47.7,5.294
5,13,Saka,3,3,78,7,5.379,False,1,1,10.8,5.379
6,261,Maddison,13,3,79,7,4.677,False,1,1,3.0,4.677
7,283,Salah,14,3,130,7,6.985,True,2,1,51.0,13.97
8,66,Solanke,91,4,57,7,4.337,False,1,1,0.4,4.337
9,80,Toney,94,4,71,7,4.522,False,1,1,16.3,4.522
10,227,Bamford,2,4,73,7,4.7780000000000005,False,1,1,0.5,4.7780000000000005
11,238,Meslier,2,1,45,7,3.843,False,0,0,2.5,0.0
12,276,Matip,14,2,59,7,4.612,False,0,0,0.9,0.0
13,19,Martinelli,3,3,65,7,5.322,False,0,0,46.3,0.0
14,160,Zaha,31,3,72,7,4.708,False,0,0,14.3,0.0
