,player_id,web_name,team_code,element_type,now_cost,event,points_md,is_captain,multiplier,starting_lineup,selected_by_percent,gw_points
0,281,Alisson,14,1,55,7,4.394,False,1,1,15.4,4.394
1,16,Gabriel,3,2,51,7,4.273,False,1,1,11.2,4.273
2,146,James,8,2,60,7,4.333,False,1,1,37.2,4.333
3,285,Alexander-Arnold,14,2,75,7,5.2989999999999995,False,1,1,47.6,5.2989999999999995
4,13,Saka,3,3,78,7,5.277,False,1,1,10.8,5.277
5,19,Martinelli,3,3,65,7,4.865,False,1,1,46.4,4.865
6,233,Harrison,2,3,62,7,4.352,False,1,1,6.3,4.352
7,283,Salah,14,3,130,7,6.8260000000000005,True,2,1,50.7,13.652000000000001
8,80,Toney,94,4,71,7,4.604,False,1,1,16.6,4.604
9,227,Bamford,2,4,73,7,4.6930000000000005,False,1,1,0.5,4.6930000000000005
10,318,Haaland,43,4,119,7,6.0889999999999995,False,1,1,77.4,6.0889999999999995
11,502,Carson,43,1,39,7,0.0,False,0,0,0.2,0.0
12,320,Mbete,43,2,39,7,0.0,False,0,0,0.3,0.0
13,494,Mosquera,39,2,39,7,0.042,False,0,0,0.8,0.0
14,173,Ebiowei,31,3,44,7,0.588,False,0,0,0.2,0.0
