,player_id,web_name,team_code,element_type,now_cost,event,points_md,is_captain,multiplier,starting_lineup,selected_by_percent,gw_points
0,238,Meslier,2,1,45,7,3.8280000000000003,False,1,1,2.5,3.8280000000000003
1,16,Gabriel,3,2,51,7,4.273,False,1,1,11.2,4.273
2,276,Matip,14,2,59,7,4.643,False,1,1,0.9,4.643
3,285,Alexander-Arnold,14,2,75,7,5.2989999999999995,False,1,1,47.6,5.2989999999999995
4,13,Saka,3,3,78,7,5.277,False,1,1,10.8,5.277
5,19,Martinelli,3,3,65,7,4.865,False,1,1,46.4,4.865
6,233,Harrison,2,3,62,7,4.352,False,1,1,6.3,4.352
7,283,Salah,14,3,130,7,6.8260000000000005,True,2,1,50.7,13.652000000000001
8,80,Toney,94,4,71,7,4.604,False,1,1,16.6,4.604
9,227,Bamford,2,4,73,7,4.6930000000000005,False,1,1,0.5,4.6930000000000005
10,318,Haaland,43,4,119,7,6.0889999999999995,False,1,1,77.4,6.0889999999999995
11,254,Ward,13,1,40,7,3.5460000000000003,False,0,0,26.8,0.0
12,268,Justin,13,2,43,7,2.946,False,0,0,0.8,0.0
13,586,Estupiñán,36,2,45,7,3.695,False,0,0,1.0,0.0
14,416,Diallo,20,3,44,7,2.378,False,0,0,0.6,0.0
