,player_id,web_name,team_code,element_type,now_cost,event,points_md,is_captain,multiplier,starting_lineup,selected_by_percent,gw_points
0,559,Ramsdale,3,1,51,19,3.1660000000000004,False,1,1,19.7,3.1660000000000004
1,23,Gabriel,3,2,53,19,3.506,False,1,1,5.9,3.506
2,237,Alexander-Arnold,14,2,83,19,5.178,False,1,1,44.3,5.178
3,245,Tsimikas,14,2,37,19,3.738,False,1,1,11.2,3.738
4,370,Reguilón,6,2,52,19,3.367,False,1,1,12.0,3.367
5,22,Saka,3,3,63,19,3.634,False,1,1,10.6,3.634
6,233,Salah,14,3,131,19,6.327000000000001,True,2,1,73.7,12.654000000000002
7,420,Bowen,21,3,65,19,3.983,False,1,1,5.8,3.983
8,357,Kane,6,4,121,19,4.419,False,1,1,5.7,4.419
9,413,Antonio,21,4,78,19,4.049,False,1,1,34.8,4.049
10,430,Jiménez,39,4,75,19,3.728,False,1,1,5.8,3.728
11,641,Caballero,20,1,45,19,2.564,False,0,0,0.0,0.0
12,439,Kilman,39,2,45,19,2.719,False,0,0,0.6,0.0
13,365,Højbjerg,6,3,50,19,2.485,False,0,0,3.9,0.0
14,421,Rice,21,3,51,19,2.6060000000000003,False,0,0,5.3,0.0
