,can_transact,can_select,chance_of_playing_next_round,chance_of_playing_this_round,code,cost_change_event,cost_change_event_fall,cost_change_start,cost_change_start_fall,dreamteam_count,element_type,ep_next,ep_this,event_points,first_name,form,id,in_dreamteam,news,news_added,now_cost,photo,points_per_game,removed,second_name,selected_by_percent,special,squad_number,status,team,team_code,total_points,transfers_in,transfers_in_event,transfers_out,transfers_out_event,value_form,value_season,web_name,region,team_join_date,minutes,goals_scored,assists,clean_sheets,goals_conceded,own_goals,penalties_saved,penalties_missed,yellow_cards,red_cards,saves,bonus,bps,influence,creativity,threat,ict_index,starts,expected_goals,expected_assists,expected_goal_involvements,expected_goals_conceded,influence_rank,influence_rank_type,creativity_rank,creativity_rank_type,threat_rank,threat_rank_type,ict_index_rank,ict_index_rank_type,corners_and_indirect_freekicks_order,corners_and_indirect_freekicks_text,direct_freekicks_order,direct_freekicks_text,penalties_order,penalties_text,expected_goals_per_90,saves_per_90,expected_assists_per_90,expected_goal_involvements_per_90,expected_goals_conceded_per_90,goals_conceded_per_90,now_cost_rank,now_cost_rank_type,form_rank,form_rank_type,points_per_game_rank,points_per_game_rank_type,selected_rank,selected_rank_type,starts_per_90,clean_sheets_per_90
0,True,False,0.0,0.0,438098,0,0,-1,1,0,3,0.0,0.0,0,Fábio,0.0,1,False,Has joined Portuguese side FC Porto on loan for the 2024/25 season,2024-08-29T11:06:25.241953Z,54,438098.jpg,0.0,False,Ferreira Vieira,0.0,False,,u,1,3,0,439,0,2781,2,0.0,0.0,Fábio Vieira,,,0,0,0,0,0,0,0,0,0,0,0,0,0,0.0,0.0,0.0,0.0,0,0.00,0.00,0.00,0.00,700,315,698,314,697,313,700,315,,,,,,,0.0,0.0,0.0,0.0,0.0,0.0,130,77,691,310,700,315,645,282,0.0,0.0
1,True,True,100.0,100.0,205651,0,0,-2,2,1,4,3.8,3.8,0,Gabriel,3.3,2,False,,2024-08-25T11:00:05.312580Z,68,205651.jpg,1.9,False,Fernando de Jesus,6.7,False,,a,1,3,28,839822,12081,375930,34405,0.5,4.1,G.Jesus,30.0,2022-07-04,420,2,1,2,3,0,0,0,4,0,0,3,108,108.6,85.6,159.0,35.0,4,1.84,0.25,2.09,4.01,287,26,221,27,118,30,230,31,,,,,,,0.39,0.0,0.05,0.44,0.86,0.64,31,15,81,12,285,34,57,12,0.86,0.43
2,True,True,100.0,100.0,226597,1,-1,4,-4,2,2,3.7,3.7,0,Gabriel,3.2,3,True,,2024-11-27T10:30:06.325759Z,64,226597.jpg,4.9,False,dos Santos Magalhães,28.7,False,,a,1,3,79,3711789,48450,2143922,20065,0.5,12.3,Gabriel,30.0,2020-09-01,1358,3,2,6,14,0,0,0,2,0,0,7,278,383.6,112.9,251.0,74.8,16,2.42,0.60,3.02,14.34,50,16,185,43,62,3,84,13,,,,,,,0.16,0.0,0.04,0.2,0.95,0.93,48,3,86,25,19,1,7,2,1.06,0.4
3,True,True,100.0,100.0,219847,0,0,-1,1,1,4,4.2,4.2,0,Kai,3.7,4,False,,2024-11-07T09:00:07.112803Z,79,219847.jpg,4.4,False,Havertz,10.4,False,,a,1,3,74,2401444,20136,2832679,16966,0.5,9.4,Havertz,80.0,2023-06-28,1480,7,2,6,16,0,0,0,3,0,0,10,283,372.2,220.2,559.0,115.2,17,7.77,1.34,9.11,15.63,53,7,98,7,12,5,22,6,,,,,3.0,,0.47,0.0,0.08,0.55,0.95,0.97,13,5,67,8,39,11,35,8,1.03,0.36
4,True,False,0.0,0.0,463748,0,0,0,0,0,1,0.0,0.0,0,Karl,0.0,5,False,Loaned to Real Valladolid,2024-08-14T08:31:46.556082Z,40,463748.jpg,0.0,False,Hein,0.0,False,,u,1,3,0,0,0,4251,25,0.0,0.0,Hein,,,0,0,0,0,0,0,0,0,0,0,0,0,0,0.0,0.0,0.0,0.0,0,0.00,0.00,0.00,0.00,526,61,506,42,470,29,526,61,,,,,,,0.0,0.0,0.0,0.0,0.0,0.0,637,59,466,57,532,61,564,68,0.0,0.0
5,True,True,100.0,100.0,445122,0,0,2,-2,2,2,5.8,5.8,0,Jurriën,5.3,6,False,,2024-10-04T13:30:05.569185Z,57,445122.jpg,3.9,False,Timber,8.0,False,,a,1,3,63,1130303,19941,393137,16624,0.9,11.1,J.Timber,152.0,2023-07-14,1305,1,1,6,11,0,0,0,4,0,0,5,227,218.0,185.4,166.0,56.7,15,0.71,0.83,1.54,11.85,176,68,121,25,113,9,134,33,,,,,,,0.05,0.0,0.06,0.11,0.82,0.76,93,9,19,8,59,12,46,14,1.03,0.41
6,True,True,,,85955,0,0,-3,3,0,3,1.2,1.2,0,Jorge Luiz,0.7,7,False,,,47,85955.jpg,1.2,False,Frello Filho,0.2,False,,a,1,3,10,25869,261,42150,378,0.1,2.1,Jorginho,106.0,2023-01-31,391,0,0,1,4,0,0,0,3,0,0,0,63,30.8,50.1,3.0,8.4,5,0.04,0.31,0.35,2.92,391,180,285,173,401,215,377,185,,,,,,,0.01,0.0,0.07,0.08,0.67,0.92,323,210,319,159,374,179,335,107,1.15,0.23
7,True,True,,,440854,0,0,-2,2,0,2,1.8,1.8,0,Jakub,1.3,8,False,,,48,440854.jpg,1.6,False,Kiwior,0.2,False,,a,1,3,13,23702,144,30905,500,0.3,2.7,Kiwior,172.0,2023-01-23,323,0,0,1,5,0,0,0,0,0,0,0,39,49.2,13.7,0.0,6.3,2,0.00,0.03,0.03,4.45,363,127,375,128,659,237,395,131,,,,,,,0.0,0.0,0.01,0.01,1.24,1.39,313,37,237,80,325,110,363,129,0.56,0.28
8,True,True,100.0,100.0,444145,0,0,-2,2,1,3,3.2,3.2,0,Gabriel,2.7,9,False,,2024-10-18T16:00:06.884775Z,68,444145.jpg,3.9,False,Martinelli Silva,4.2,False,,a,1,3,63,891036,9710,780075,9707,0.4,9.3,Martinelli,30.0,2019-07-15,1031,4,2,6,10,0,0,0,1,0,0,4,199,272.4,257.2,395.0,92.4,12,2.96,2.56,5.52,10.62,128,45,75,58,33,20,49,33,,,,,,,0.26,0.0,0.22,0.48,0.93,0.87,34,17,121,53,60,23,85,28,1.05,0.52
9,True,True,,,499175,0,0,0,0,0,3,1.0,1.0,0,Ethan,0.5,12,False,,,45,499175.jpg,1.5,False,Nwaneri,0.4,False,,a,1,3,15,81293,664,65276,1230,0.1,3.3,Nwaneri,241.0,2022-09-17,108,1,0,0,0,0,0,0,0,0,0,0,55,55.6,33.9,41.0,13.1,0,0.15,0.28,0.43,0.75,357,165,316,179,268,149,346,169,,,,,,,0.12,0.0,0.23,0.35,0.62,0.0,426,258,338,169,333,152,281,88,0.0,0.0
10,True,True,100.0,100.0,184029,0,0,-1,1,0,3,2.7,2.7,0,Martin,2.2,13,False,,2024-09-10T00:30:06.311550Z,84,184029.jpg,3.7,False,Ødegaard,7.2,False,,a,1,3,41,799627,12110,1623405,17640,0.3,4.9,Ødegaard,161.0,2021-08-20,905,1,2,6,6,0,0,0,1,0,0,3,188,196.8,374.2,213.0,78.6,11,2.53,2.37,4.90,7.50,195,77,42,33,81,52,74,46,3.0,,1.0,,2.0,,0.25,0.0,0.24,0.49,0.75,0.6,10,7,163,72,68,26,50,15,1.09,0.6
11,True,True,100.0,100.0,154561,0,0,1,-1,1,1,4.3,4.3,0,David,3.8,15,False,,2024-09-25T21:30:06.211210Z,56,154561.jpg,4.1,False,Raya Martin,31.3,False,,a,1,3,73,2434749,25237,1920808,28382,0.7,13.0,Raya,200.0,2024-07-04,1620,0,0,7,16,0,0,0,2,0,45,6,265,390.0,0.0,0.0,39.0,18,0.00,0.01,0.01,16.02,44,13,702,73,702,73,215,13,,,,,,,0.0,2.5,0.0,0.0,0.89,0.89,97,1,58,5,50,8,4,1,1.0,0.39
12,True,True,100.0,100.0,204480,0,0,-3,3,0,3,4.8,4.8,0,Declan,4.3,16,False,,2024-12-14T22:30:07.561621Z,62,204480.jpg,2.9,False,Rice,2.7,False,,a,1,3,47,210171,3601,591254,3194,0.7,7.6,Rice,241.0,2023-07-15,1281,1,3,5,15,0,0,0,3,1,0,4,265,307.0,424.0,144.0,87.0,15,1.24,2.78,4.02,11.32,99,34,25,21,131,88,59,38,2.0,,2.0,,,,0.09,0.0,0.2,0.29,0.8,1.05,62,38,40,21,142,60,113,34,1.05,0.35
13,True,True,0.0,0.0,223340,0,0,3,-3,4,3,0.0,0.0,0,Bukayo,1.5,17,True,Hamstring injury - Expected back 08 Mar,2024-12-21T21:30:07.668871Z,103,223340.jpg,6.7,False,Saka,12.5,False,,i,1,3,107,5217442,858,7248774,110477,0.1,10.4,Saka,241.0,2018-11-28,1268,5,11,6,13,0,0,0,3,0,0,16,435,516.2,630.0,604.0,174.9,16,4.17,5.60,9.77,10.52,11,5,2,2,9,5,4,3,1.0,,,,1.0,,0.3,0.0,0.4,0.7,0.75,0.92,4,3,227,105,3,3,29,8,1.14,0.43
14,True,True,100.0,100.0,462424,0,0,3,-3,2,2,7.0,7.0,0,William,6.5,18,False,,2024-10-19T19:30:06.564445Z,63,462424.jpg,4.1,False,Saliba,30.4,False,,a,1,3,70,2059145,19536,3021775,28651,1.0,11.1,Saliba,73.0,2019-07-25,1469,2,0,7,14,0,0,0,2,1,0,6,293,349.2,71.1,89.0,51.2,17,1.88,0.69,2.57,13.38,65,23,247,64,190,46,156,41,,,,,,,0.12,0.0,0.04,0.16,0.82,0.86,59,4,8,3,51,9,6,1,1.04,0.43
15,True,True,100.0,100.0,167199,0,0,0,0,0,3,3.0,3.0,0,Thomas,2.5,20,False,,2024-11-30T22:00:07.258906Z,50,167199.jpg,3.2,False,Partey,0.8,False,,a,1,3,54,260828,670,231539,1461,0.5,10.8,Thomas,81.0,2020-10-05,1311,2,2,4,14,0,0,0,2,0,0,5,282,306.8,178.0,100.0,58.7,14,1.19,1.06,2.25,14.16,100,35,124,87,178,106,126,75,,,,,,,0.08,0.0,0.07,0.15,0.97,0.96,198,123,129,57,114,50,226,67,0.96,0.27
16,True,True,100.0,100.0,192895,0,0,-2,2,0,2,0.5,0.5,0,Kieran,0.0,21,False,,2024-08-12T14:30:04.394338Z,43,192895.jpg,0.0,False,Tierney,0.0,False,,a,1,3,0,2639,105,5398,80,0.0,0.0,Tierney,243.0,2019-08-08,0,0,0,0,0,0,0,0,0,0,0,0,0,0.0,0.0,0.0,0.0,0,0.00,0.00,0.00,0.00,570,222,559,221,532,212,570,222,,,,,,,0.0,0.0,0.0,0.0,0.0,0.0,547,122,519,210,577,222,549,194,0.0,0.0
17,True,True,0.0,0.0,223723,0,0,-2,2,0,2,0.0,0.0,0,Tomiyasu,0.0,22,False,Knee injury - Unknown return date,2024-10-18T16:00:06.930143Z,48,223723.jpg,1.0,False,Takehiro,0.0,False,,i,1,3,1,1464,14,7479,25,0.0,0.2,Tomiyasu,108.0,2021-08-31,6,0,0,0,0,0,0,0,0,0,0,0,2,0.4,0.3,9.0,1.0,0,0.18,0.00,0.18,0.04,481,168,451,162,362,125,464,160,,,,,,,2.7,0.0,0.0,2.7,0.6,0.0,304,34,643,233,443,152,553,195,0.0,0.0
18,True,True,100.0,100.0,116216,0,0,-2,2,1,3,2.5,2.5,0,Leandro,2.0,23,False,,2024-11-21T08:30:08.540890Z,68,116216.jpg,3.2,False,Trossard,2.0,False,,a,1,3,58,432716,6010,475865,4051,0.3,8.5,Trossard,21.0,2023-01-20,1010,3,3,5,11,0,0,0,0,1,0,5,220,257.2,265.6,307.0,82.8,11,2.67,1.69,4.36,7.80,142,53,69,54,49,29,67,43,4.0,,,,4.0,,0.24,0.0,0.15,0.39,0.7,0.98,30,15,188,84,117,52,142,44,0.98,0.45
19,True,True,0.0,0.0,198869,0,0,-4,4,0,2,0.0,0.0,0,Benjamin,0.0,24,False,Knee injury - Unknown return date,2024-11-14T13:00:07.861117Z,61,198869.jpg,3.0,False,White,2.3,False,,i,1,3,27,145493,40,965888,2063,0.0,4.4,White,241.0,2021-07-30,694,0,1,3,7,0,0,0,2,0,0,0,112,128.4,55.3,29.0,21.3,7,0.13,0.32,0.45,9.87,266,99,274,76,299,96,303,100,,,,,,,0.02,0.0,0.04,0.06,1.28,0.91,72,5,697,237,132,37,131,54,0.91,0.39
20,True,True,100.0,100.0,206325,0,0,-2,2,0,2,1.3,1.3,0,Oleksandr,0.8,25,False,,2024-12-09T09:30:06.099861Z,48,206325.jpg,2.5,False,Zinchenko,0.9,False,,a,1,3,15,88180,356,304347,421,0.2,3.1,Zinchenko,225.0,2022-07-22,234,0,0,2,0,0,0,0,1,0,0,0,60,22.2,23.2,21.0,6.7,2,0.06,0.08,0.14,1.73,405,143,343,111,318,106,390,129,,,,,,,0.02,0.0,0.03,0.05,0.67,0.0,298,33,299,95,185,56,211,82,0.77,0.77
21,True,True,100.0,100.0,69752,0,0,-3,3,0,1,0.5,0.5,0,Norberto,0.0,73,False,,2024-10-05T17:30:06.760449Z,42,69752.jpg,3.5,False,Murara Neto,0.8,False,,a,1,3,7,84482,247,239099,838,0.0,1.7,Neto,30.0,2024-08-30,180,0,0,0,2,0,0,0,0,0,11,0,30,77.8,0.0,0.0,7.8,2,0.00,0.00,0.00,2.91,324,29,547,50,516,38,382,29,,,,,,,0.0,5.5,0.0,0.0,1.46,1.0,572,35,508,64,77,12,224,32,1.0,0.0
22,True,True,50.0,50.0,103955,0,0,-3,3,0,3,0.2,0.2,0,Raheem,0.0,186,False,Knee injury - 50% chance of playing,2024-12-21T21:30:08.006504Z,67,103955.jpg,1.5,False,Sterling,0.8,False,,d,1,3,9,46997,15,152465,475,0.0,1.3,Sterling,241.0,2024-08-30,144,0,1,0,1,0,0,0,0,0,0,0,24,23.8,37.8,54.0,11.3,2,0.51,0.09,0.60,1.39,398,185,304,176,251,137,357,175,,,3.0,,,,0.32,0.0,0.06,0.38,0.87,0.62,37,18,703,318,343,160,220,65,1.25,0.0
23,True,True,100.0,100.0,466075,0,0,-2,2,1,2,1.2,1.2,0,Riccardo,0.7,578,False,,2024-12-05T01:00:08.685840Z,58,466075.jpg,2.7,False,Calafiori,1.3,False,,a,1,3,24,204393,678,367723,1232,0.1,4.1,Calafiori,106.0,2024-07-29,537,1,1,1,8,0,0,0,1,0,0,1,97,170.0,58.6,111.0,33.9,6,0.55,0.44,0.99,5.99,220,83,265,71,167,30,236,70,,,,,,,0.09,0.0,0.07,0.16,1.0,1.34,90,8,326,102,162,45,192,77,1.01,0.17
24,True,True,100.0,100.0,499169,0,0,0,0,0,3,1.7,1.7,0,Myles,1.2,597,False,,2024-12-03T15:00:08.736469Z,45,499169.jpg,1.6,False,Lewis-Skelly,0.1,False,,a,1,3,8,16901,1649,9635,503,0.3,1.8,Lewis-Skelly,241.0,2022-12-04,230,0,0,2,3,0,0,0,1,0,0,0,47,34.2,51.6,6.0,9.2,3,0.00,0.12,0.12,2.58,385,178,282,171,379,201,372,180,,,,,,,0.0,0.0,0.05,0.05,1.01,1.17,425,257,250,117,322,146,427,153,1.17,0.78
25,True,True,100.0,100.0,195384,0,0,0,0,0,3,1.7,1.7,0,Mikel,1.2,633,False,,2024-11-30T22:00:08.239353Z,60,195384.jpg,2.1,False,Merino,0.1,False,,a,1,3,23,20903,97,18432,186,0.2,3.8,Merino,200.0,2024-08-27,493,1,0,2,5,0,0,0,1,0,0,1,91,124.6,87.1,135.0,34.4,5,1.28,0.51,1.79,4.18,273,120,218,139,136,90,232,118,,,,,,,0.23,0.0,0.09,0.32,0.76,0.91,75,49,260,126,250,109,494,186,0.91,0.37
26,True,True,,,498046,0,0,0,0,0,3,0.5,0.5,0,Salah-Eddine,0.0,638,False,,,45,498046.jpg,0.0,False,Oulad M'hand,0.0,False,,a,1,3,0,2008,15,1616,27,0.0,0.0,Oulad M'hand,152.0,2021-10-25,0,0,0,0,0,0,0,0,0,0,0,0,0,0.0,0.0,0.0,0.0,0,0.00,0.00,0.00,0.00,630,266,626,268,610,262,630,266,,,,,,,0.0,0.0,0.0,0.0,0.0,0.0,424,256,591,239,637,270,632,274,0.0,0.0
27,True,True,,,551221,0,0,0,0,0,1,0.5,0.5,0,Tommy,0.0,639,False,,,45,551221.jpg,0.0,False,Setford,0.0,False,,a,1,3,0,3129,77,3098,92,0.0,0.0,Setford,241.0,2024-07-24,0,0,0,0,0,0,0,0,0,0,0,0,0,0.0,0.0,0.0,0.0,0,0.00,0.00,0.00,0.00,653,73,648,67,633,61,653,73,,,,,,,0.0,0.0,0.0,0.0,0.0,0.0,454,19,616,72,659,73,532,66,0.0,0.0
28,True,True,,,588793,0,0,0,0,0,2,0.5,0.5,0,Maldini,0.0,657,False,,,40,588793.jpg,0.0,False,Kacurri,0.1,False,,a,1,3,0,9724,109,6830,140,0.0,0.0,Kacurri,2.0,2024-09-14,0,0,0,0,0,0,0,0,0,0,0,0,0,0.0,0.0,0.0,0.0,0,0.00,0.00,0.00,0.00,553,209,534,207,501,196,553,209,,,,,,,0.0,0.0,0.0,0.0,0.0,0.0,672,212,495,192,560,209,489,176,0.0,0.0
29,True,True,,,606745,0,0,0,0,0,2,0.5,0.5,0,Ayden,0.0,658,False,,,40,606745.jpg,0.0,False,Heaven,0.0,False,,a,1,3,0,6165,48,4712,100,0.0,0.0,Heaven,241.0,2024-02-20,0,0,0,0,0,0,0,0,0,0,0,0,0,0.0,0.0,0.0,0.0,0,0.00,0.00,0.00,0.00,558,214,539,212,507,202,558,214,,,,,,,0.0,0.0,0.0,0.0,0.0,0.0,678,218,500,197,565,214,523,187,0.0,0.0
30,True,True,,,588796,0,0,0,0,0,3,0.5,0.5,0,Ismeal,0.0,659,False,,,45,588796.jpg,0.0,False,Kabia,0.0,False,,a,1,3,0,2216,28,1665,36,0.0,0.0,Kabia,152.0,2024-09-14,0,0,0,0,0,0,0,0,0,0,0,0,0,0.0,0.0,0.0,0.0,0,0.00,0.00,0.00,0.00,660,289,655,290,640,285,660,289,,,,,,,0.0,0.0,0.0,0.0,0.0,0.0,465,289,623,264,665,292,627,270,0.0,0.0
31,True,True,,,499167,0,0,0,0,0,2,0.5,0.5,0,Josh,0.0,662,False,,,40,499167.jpg,0.0,False,Nichols,0.0,False,,a,1,3,0,3603,60,2567,66,0.0,0.0,Nichols,241.0,2024-07-24,0,0,0,0,0,0,0,0,0,0,0,0,0,0.0,0.0,0.0,0.0,0,0.00,0.00,0.00,0.00,534,191,514,188,479,175,534,191,,,,,,,0.0,0.0,0.0,0.0,0.0,0.0,647,188,475,173,541,191,547,193,0.0,0.0
32,True,True,,,461025,0,0,0,0,0,4,0.5,0.5,0,Nathan,0.0,665,False,,,45,461025.jpg,0.0,False,Butler-Oyedeji,0.2,False,,a,1,3,0,45822,657,30027,920,0.0,0.0,Butler-Oyedeji,241.0,2024-09-18,0,0,0,0,0,0,0,0,0,0,0,0,0,0.0,0.0,0.0,0.0,0,0.00,0.00,0.00,0.00,611,52,606,52,588,52,611,52,,,,,,,0.0,0.0,0.0,0.0,0.0,0.0,396,65,571,49,618,55,354,58,0.0,0.0
33,True,True,100.0,100.0,215711,0,0,-3,3,0,3,1.0,1.0,2,Leon,1.0,28,False,,2024-12-09T09:30:06.119495Z,62,215711.jpg,1.9,False,Bailey,0.8,False,,a,2,7,30,140761,1083,424441,749,0.2,4.8,Bailey,107.0,2021-08-04,824,0,2,1,14,0,0,0,2,0,0,0,114,88.0,188.0,176.0,45.0,11,0.95,2.68,3.63,9.79,315,147,120,85,107,70,187,98,3.0,,4.0,,,,0.1,0.0,0.29,0.39,1.07,1.53,64,40,287,141,283,126,231,70,1.2,0.11
34,True,True,100.0,100.0,88894,0,0,-3,3,0,3,0.9,0.9,1,Ross,0.9,29,False,,2024-11-01T16:30:07.356966Z,52,88894.jpg,2.0,False,Barkley,0.3,False,,a,2,7,30,22786,164,82004,330,0.2,5.8,Barkley,241.0,2024-07-01,469,2,1,1,8,0,0,0,3,0,0,2,109,154.8,109.1,173.0,43.6,2,1.53,0.39,1.92,4.95,235,100,191,123,108,71,193,100,,,,,,,0.29,0.0,0.07,0.36,0.95,1.54,157,93,293,146,267,116,316,100,0.38,0.19
35,True,False,0.0,0.0,491287,0,0,-1,1,0,3,0.0,0.0,0,Enzo,0.0,30,False,Loaned to Valencia CF,2024-08-31T06:33:47.934620Z,49,491287.jpg,0.0,False,Barrenechea,0.0,False,,u,2,7,0,872,0,5227,5,0.0,0.0,Barrenechea,,,0,0,0,0,0,0,0,0,0,0,0,0,0,0.0,0.0,0.0,0.0,0,0.00,0.00,0.00,0.00,683,304,678,303,672,301,683,304,,,,,,,0.0,0.0,0.0,0.0,0.0,0.0,277,181,662,290,684,304,610,261,0.0,0.0
36,True,True,,,195546,0,0,-4,4,0,3,0.6,0.6,0,Emiliano,0.6,31,False,,,51,195546.jpg,0.9,False,Buendía Stati,0.1,False,,a,2,7,8,6009,68,14619,85,0.1,1.6,Buendia,10.0,2021-06-10,48,0,0,0,2,0,0,0,1,0,0,0,33,16.2,22.0,5.0,4.3,0,0.09,0.02,0.11,1.68,424,198,351,192,389,209,419,201,,,3.0,,,,0.17,0.0,0.04,0.21,3.15,3.75,176,109,328,164,468,226,470,173,0.0,0.0
37,True,True,100.0,0.0,199796,0,0,-1,1,0,2,1.3,0.0,0,Matty,1.3,32,False,,2024-12-27T00:30:09.083461Z,44,199796.jpg,1.9,False,Cash,1.1,False,,a,2,7,23,147324,1032,345474,3809,0.3,5.2,Cash,172.0,2020-09-03,898,1,0,1,13,0,0,0,5,0,0,0,70,157.4,53.4,75.0,28.5,11,0.18,0.63,0.81,13.44,232,88,277,78,215,56,266,82,,,,,,,0.02,0.0,0.06,0.08,1.35,1.3,487,93,233,77,271,89,197,79,1.1,0.1
38,True,False,0.0,0.0,151589,0,0,0,0,0,3,0.0,0.0,0,Leander,0.0,33,False,On loan to Anderlecht for the rest of the season,2024-09-02T10:45:36.198316Z,45,151589.jpg,0.0,False,Dendoncker,0.2,False,,u,2,7,0,18187,0,91028,181,0.0,0.0,Dendoncker,,,0,0,0,0,0,0,0,0,0,0,0,0,0,0.0,0.0,0.0,0.0,0,0.00,0.00,0.00,0.00,596,243,591,245,573,239,596,243,,,,,,,0.0,0.0,0.0,0.0,0.0,0.0,366,227,555,215,603,247,346,112,0.0,0.0
39,True,False,0.0,0.0,243557,0,0,0,0,0,3,0.0,0.0,0,Moussa,0.0,34,False,Permanent transfer to Al Ittihad,2024-07-26T08:50:40.300928Z,65,243557.jpg,0.0,False,Diaby,0.0,False,,u,2,7,0,0,0,3352,4,0.0,0.0,Diaby,,,0,0,0,0,0,0,0,0,0,0,0,0,0,0.0,0.0,0.0,0.0,0,0.00,0.00,0.00,0.00,707,319,707,319,707,319,707,319,,,,,,,0.0,0.0,0.0,0.0,0.0,0.0,45,25,702,317,707,319,620,265,0.0,0.0
40,True,True,100.0,100.0,165659,0,0,0,0,0,2,1.3,1.3,1,Diego Carlos,1.3,35,False,,2024-12-23T11:30:07.657141Z,45,165659.jpg,2.1,False,Santos Silva,0.4,False,,a,2,7,21,49553,675,77443,637,0.3,4.7,Diego Carlos,30.0,2022-06-10,828,0,0,2,15,0,0,0,1,0,0,1,69,150.6,9.2,54.0,21.5,8,0.64,0.08,0.72,11.84,240,91,400,134,250,76,299,98,,,,,,,0.07,0.0,0.01,0.08,1.29,1.63,368,62,235,79,236,76,271,102,0.87,0.22
41,True,True,,,101188,0,0,1,-1,2,2,1.4,1.4,1,Lucas,1.4,36,False,,,46,101188.jpg,2.5,False,Digne,7.6,False,,a,2,7,48,1540007,7624,1018121,21066,0.3,10.4,Digne,73.0,2022-01-13,1425,0,3,2,25,0,0,0,3,0,0,6,211,309.8,421.3,94.0,82.6,17,0.59,2.85,3.44,19.89,95,37,26,4,185,43,68,9,2.0,,2.0,,,,0.04,0.0,0.18,0.22,1.26,1.58,343,48,228,74,183,54,48,15,1.07,0.13
42,True,False,0.0,0.0,461421,0,0,0,0,0,3,0.0,0.0,0,Lewis,0.0,37,False,Permanent transfer to West Bromwich Albion,2024-08-07T08:21:33.016106Z,50,461421.jpg,0.0,False,Dobbin,0.0,False,,u,2,7,0,0,0,280,0,0.0,0.0,Dobbin,,,0,0,0,0,0,0,0,0,0,0,0,0,0,0.0,0.0,0.0,0.0,0,0.00,0.00,0.00,0.00,691,310,688,309,683,307,691,310,,,,,,,0.0,0.0,0.0,0.0,0.0,0.0,219,139,676,302,692,310,698,314,0.0,0.0
43,True,True,0.0,0.0,476344,-1,1,-2,2,0,4,0.0,0.0,0,Jhon,2.7,38,False,Suspended until 15 Jan,2024-12-27T00:30:09.111478Z,58,476344.jpg,2.8,False,Durán,3.4,False,,s,2,7,51,1306809,1177,1069459,39608,0.5,8.8,Duran,48.0,2023-01-23,588,7,0,2,13,0,0,0,3,1,0,9,219,273.4,66.8,325.0,66.4,4,5.02,0.22,5.24,9.07,126,18,252,29,45,19,107,21,,,,,,,0.77,0.0,0.03,0.8,1.39,1.99,91,25,118,21,151,22,101,16,0.61,0.31
44,True,True,,,462492,0,0,0,0,0,1,0.0,0.0,0,Joe,0.0,39,False,,,40,462492.jpg,0.0,False,Gauci,0.7,False,,a,2,7,0,61766,228,54165,962,0.0,0.0,Gauci,13.0,2024-02-01,0,0,0,0,0,0,0,0,0,0,0,0,0,0.0,0.0,0.0,0.0,0,0.00,0.00,0.00,0.00,525,60,505,41,469,28,525,60,,,,,,,0.0,0.0,0.0,0.0,0.0,0.0,636,58,465,56,531,60,234,34,0.0,0.0
45,True,True,,,123354,0,0,-1,1,0,2,0.0,0.0,0,Kortney,0.0,40,False,,,39,123354.jpg,0.0,False,Hause,0.6,False,,a,2,7,0,44796,947,54410,793,0.0,0.0,Hause,241.0,2019-07-01,0,0,0,0,0,0,0,0,0,0,0,0,0,0.0,0.0,0.0,0.0,0,0.00,0.00,0.00,0.00,488,170,463,167,421,147,488,170,,,,,,,0.0,0.0,0.0,0.0,0.0,0.0,687,225,422,146,496,171,250,91,0.0,0.0
46,True,False,0.0,0.0,469247,0,0,-1,1,0,3,0.0,0.0,0,Samuel,0.0,41,False,Season long loan to Bologna,2024-08-29T11:07:04.555253Z,54,469247.jpg,0.0,False,Iling-Junior,0.0,False,,u,2,7,0,342,0,6666,5,0.0,0.0,Iling Jr,,,0,0,0,0,0,0,0,0,0,0,0,0,0,0.0,0.0,0.0,0.0,0,0.00,0.00,0.00,0.00,701,316,699,315,698,314,701,316,,,,,,,0.0,0.0,0.0,0.0,0.0,0.0,134,79,692,311,701,316,602,258,0.0,0.0
47,True,True,100.0,100.0,226944,0,0,0,0,0,3,2.1,2.1,2,Boubacar,2.1,42,False,,2024-11-11T16:00:06.089849Z,50,226944.jpg,1.7,False,Kamara,0.0,False,,a,2,7,17,3943,188,2727,111,0.4,3.4,Kamara,73.0,2022-06-11,583,0,0,1,12,0,0,0,1,0,0,0,93,97.4,58.3,5.0,16.2,7,0.10,0.16,0.26,8.79,301,138,268,167,388,208,335,165,,,,,,,0.02,0.0,0.02,0.04,1.36,1.85,208,131,166,73,310,141,567,230,1.08,0.15
48,True,False,0.0,0.0,465390,0,0,0,0,0,2,0.0,0.0,0,Kaine,0.0,43,False,Has joined Preston North End for the rest of the season,2024-08-09T11:14:21.895838Z,40,465390.jpg,0.0,False,Kesler-Hayden,0.0,False,,u,2,7,0,0,0,1592,8,0.0,0.0,Kesler-Hayden,,,0,0,0,0,0,0,0,0,0,0,0,0,0,0.0,0.0,0.0,0.0,0,0.00,0.00,0.00,0.00,528,187,508,184,472,170,528,187,,,,,,,0.0,0.0,0.0,0.0,0.0,0.0,639,182,468,168,534,186,651,222,0.0,0.0
49,True,True,100.0,100.0,199798,0,0,-1,1,2,2,2.3,2.3,1,Ezri,2.3,44,False,,2024-11-21T08:30:08.587167Z,44,199798.jpg,2.1,False,Konsa Ngoyo,7.1,False,,a,2,7,36,929132,5281,1442289,11270,0.5,8.2,Konsa,241.0,2019-07-11,1451,1,0,1,28,0,0,0,0,0,0,3,173,266.4,76.6,77.0,42.0,17,0.59,0.38,0.97,20.92,132,48,239,61,207,52,201,62,,,,,,,0.04,0.0,0.02,0.06,1.3,1.74,488,94,139,40,235,75,53,17,1.05,0.06
50,True,True,100.0,100.0,441302,0,0,-4,4,0,2,0.6,0.6,1,Ian,0.6,45,False,,2024-11-14T10:00:07.838636Z,46,441302.jpg,0.9,False,Maatsen,1.3,False,,a,2,7,13,73451,217,312331,1157,0.1,2.8,Maatsen,152.0,2024-06-28,289,0,0,0,6,0,0,0,1,0,0,0,44,66.2,130.3,56.0,25.3,2,0.08,0.87,0.95,4.55,342,121,166,35,246,73,278,87,,,,,,,0.02,0.0,0.27,0.29,1.42,1.87,351,52,327,103,466,155,189,76,0.62,0.0
51,True,False,0.0,0.0,462381,0,0,0,0,0,1,0.0,0.0,0,Filip,0.0,46,False,Has joined MK Dons for the rest of the season,2024-07-18T09:50:40.812599Z,40,462381.jpg,0.0,False,Marschall,0.0,False,,u,2,7,0,0,0,72,1,0.0,0.0,Marschall,,,0,0,0,0,0,0,0,0,0,0,0,0,0,0.0,0.0,0.0,0.0,0,0.00,0.00,0.00,0.00,524,59,504,40,468,27,524,59,,,,,,,0.0,0.0,0.0,0.0,0.0,0.0,635,57,464,55,530,59,705,72,0.0,0.0
52,True,True,100.0,100.0,98980,0,0,0,0,1,1,2.4,2.4,2,Emiliano,2.4,47,False,,2024-12-02T00:00:07.797146Z,50,98980.jpg,2.7,False,Martínez Romero,11.7,False,,a,2,7,51,1030913,14483,1228598,13403,0.5,10.2,Martinez,10.0,2020-09-16,1665,0,0,2,30,0,1,0,2,0,50,2,204,426.8,0.0,0.0,42.7,19,0.00,0.01,0.01,23.54,31,10,681,71,676,67,197,10,,,,,,,0.0,2.7,0.0,0.0,1.27,1.62,192,7,135,14,158,27,31,6,1.03,0.11
53,True,True,100.0,100.0,122806,0,0,-3,3,0,3,3.0,3.0,2,John,3.0,48,False,,2024-09-21T20:30:05.276348Z,52,122806.jpg,2.4,False,McGinn,0.8,False,,a,2,7,41,82409,1738,226600,1157,0.6,7.9,McGinn,243.0,2018-08-08,1235,0,3,3,22,0,0,0,3,0,0,1,182,132.2,321.4,151.0,60.4,15,1.87,1.92,3.79,17.60,259,115,49,38,123,81,120,71,,,,,,,0.14,0.0,0.14,0.28,1.28,1.6,159,95,93,43,204,86,227,68,1.09,0.22
54,True,True,100.0,100.0,149484,0,0,-1,1,0,2,0.4,0.4,1,Tyrone,0.4,49,False,,2024-08-05T15:00:04.309727Z,44,149484.jpg,1.5,False,Mings,0.1,False,,a,2,7,3,11481,295,12386,205,0.1,0.7,Mings,241.0,2019-07-08,160,0,0,0,2,0,0,0,1,0,0,0,18,32.2,12.1,16.0,6.0,1,0.21,0.02,0.23,1.80,389,138,382,131,340,116,401,135,,,,,,,0.12,0.0,0.01,0.13,1.01,1.12,483,90,345,109,332,112,448,162,0.56,0.0
55,True,True,,,578545,0,0,-1,1,0,2,0.1,0.1,0,Kosta,0.1,50,False,,,39,578545.jpg,1.0,False,Nedeljković,0.9,False,,a,2,7,4,248572,779,213783,1969,0.0,1.0,Nedeljkovic,190.0,2024-01-22,114,0,0,0,3,0,0,0,0,0,0,0,12,22.2,6.7,0.0,2.9,0,0.00,0.02,0.02,2.11,404,142,406,138,435,153,431,146,,,,,,,0.0,0.0,0.02,0.02,1.67,2.37,708,238,404,135,395,131,216,85,0.0,0.0
56,True,True,100.0,100.0,111782,0,0,0,0,0,1,0.1,0.1,0,Robin,0.1,51,False,,2024-10-18T16:30:05.894923Z,45,111782.jpg,1.0,False,Olsen,0.1,False,,a,2,7,1,8439,164,11861,166,0.0,0.2,Olsen,206.0,2022-06-10,45,0,0,0,1,0,0,0,0,0,2,0,3,17.6,0.0,0.0,1.8,0,0.00,0.00,0.00,0.79,419,36,590,65,571,57,450,36,,,,,,,0.0,4.0,0.0,0.0,1.58,2.0,364,14,411,32,423,38,428,61,0.0,0.0
57,True,True,75.0,100.0,244954,0,0,-2,2,0,2,1.3,1.7,1,Pau,1.7,52,False,Foot injury - 75% chance of playing,2024-12-30T23:30:08.107053Z,43,244954.jpg,1.8,False,Torres,1.3,False,,d,2,7,32,232435,1944,251988,4052,0.4,7.4,Pau,200.0,2023-07-12,1549,0,0,2,29,0,0,0,1,0,0,0,162,261.4,55.4,94.0,41.2,18,0.51,0.34,0.85,22.52,137,51,273,75,184,42,203,63,,,,,,,0.03,0.0,0.02,0.05,1.31,1.68,561,133,202,65,289,95,188,75,1.05,0.12
58,True,True,100.0,75.0,232653,0,0,-1,1,0,3,0.1,0.1,1,Jacob,0.1,53,False,,2024-11-10T23:00:07.265497Z,54,232653.jpg,2.1,False,Ramsey,0.2,False,,a,2,7,23,44020,210,63097,184,0.0,4.3,Ramsey,241.0,2019-02-12,645,0,2,0,15,0,0,0,1,0,0,0,121,101.4,122.7,113.0,34.0,7,0.69,1.18,1.87,9.91,296,133,172,113,160,100,235,120,,,,,,,0.1,0.0,0.16,0.26,1.38,2.09,128,75,419,196,247,107,352,117,0.98,0.0
59,True,True,0.0,100.0,244850,0,0,5,-5,3,3,0.0,5.9,11,Morgan,5.9,54,False,Suspended until 15 Jan,2024-12-30T23:30:08.155716Z,55,244850.jpg,4.6,False,Rogers,24.1,False,,s,2,7,88,3821830,113619,2110076,59862,1.1,16.0,Rogers,241.0,2024-02-01,1559,6,4,3,23,0,0,0,5,0,0,11,297,384.8,374.7,363.0,112.5,19,3.55,2.87,6.42,20.54,49,15,40,31,39,23,24,18,,,,,,,0.2,0.0,0.17,0.37,1.19,1.33,112,69,12,6,26,10,13,4,1.1,0.17
60,True,False,0.0,0.0,248164,0,0,0,0,0,1,0.0,0.0,0,Viljami,0.0,55,False,Permanent transfer to Celtic,2024-07-18T09:43:21.242291Z,40,248164.jpg,0.0,False,Sinisalo,0.0,False,,u,2,7,0,0,0,73,1,0.0,0.0,Sinisalo,,,0,0,0,0,0,0,0,0,0,0,0,0,0,0.0,0.0,0.0,0.0,0,0.00,0.00,0.00,0.00,517,56,495,35,459,22,517,56,,,,,,,0.0,0.0,0.0,0.0,0.0,0.0,626,52,456,51,523,56,708,73,0.0,0.0
61,True,False,0.0,0.0,514315,0,0,0,0,0,2,0.0,0.0,0,Lino,0.0,56,False,Loaned to  Bristol Rovers,2024-08-16T11:50:34.812830Z,40,514315.jpg,0.0,False,da Cruz Sousa,0.1,False,,u,2,7,0,0,0,18271,48,0.0,0.0,Sousa,,,0,0,0,0,0,0,0,0,0,0,0,0,0,0.0,0.0,0.0,0.0,0,0.00,0.00,0.00,0.00,538,195,518,192,484,180,538,195,,,,,,,0.0,0.0,0.0,0.0,0.0,0.0,652,193,479,177,545,195,503,182,0.0,0.0
62,True,True,,,166989,0,0,0,0,0,3,1.9,1.9,2,Youri,1.9,57,False,,,55,166989.jpg,2.6,False,Tielemans,1.0,False,,a,2,7,50,236428,1636,233574,1890,0.3,9.1,Tielemans,21.0,2023-06-14,1591,0,4,2,26,0,0,1,3,0,0,5,334,356.8,606.1,89.0,105.2,19,1.45,3.85,5.30,20.96,62,19,3,3,189,110,30,22,1.0,,,,2.0,,0.08,0.0,0.22,0.3,1.19,1.47,104,63,191,86,175,73,203,60,1.07,0.11
63,True,True,100.0,100.0,178301,0,0,-2,2,4,4,4.3,4.3,12,Ollie,4.3,58,False,,2024-12-11T15:00:06.857766Z,88,178301.jpg,4.8,False,Watkins,15.3,False,,a,2,7,92,2780822,61259,4747467,21937,0.5,10.5,Watkins,241.0,2020-09-09,1270,8,4,4,25,0,0,0,0,0,0,14,319,390.6,197.6,676.0,125.2,15,9.59,1.23,10.82,17.49,43,6,112,10,4,3,18,5,,,,,1.0,,0.68,0.0,0.09,0.77,1.24,1.77,9,3,43,5,21,9,23,7,1.06,0.28
64,True,True,100.0,100.0,449871,0,0,-1,1,0,3,0.9,0.9,1,Amadou,0.9,233,False,,2024-11-21T08:30:08.977638Z,49,449871.jpg,2.6,False,Onana,2.7,False,,a,2,7,37,1430740,1046,1410988,3024,0.2,7.6,Onana,21.0,2024-07-22,907,2,0,1,19,0,0,0,3,0,0,5,170,205.0,75.8,177.0,45.9,12,1.80,0.21,2.01,15.88,187,74,242,154,103,68,182,96,,,,,,,0.18,0.0,0.02,0.2,1.58,1.89,268,176,291,145,168,71,115,35,1.19,0.1
65,True,True,100.0,100.0,481624,0,0,-2,2,0,3,0.4,0.4,0,Jaden,0.4,569,False,,2024-10-19T16:30:07.135033Z,53,481624.jpg,0.8,False,Philogene,0.0,False,,a,2,7,9,3553,89,8844,87,0.1,1.7,Jaden,241.0,2024-07-19,325,0,0,1,5,0,0,0,2,1,0,0,18,17.4,18.7,45.0,7.4,2,0.46,0.17,0.63,4.73,420,196,358,197,261,144,386,190,,,,,,,0.13,0.0,0.05,0.18,1.31,1.38,152,90,349,175,480,230,530,210,0.55,0.28
66,True,True,,,515597,0,0,0,0,0,2,0.0,0.0,0,Lamare,0.0,598,False,,,40,515597.jpg,0.7,False,Bogarde,0.3,False,,a,2,7,2,52582,179,43262,538,0.0,0.5,Bogarde,152.0,2021-01-07,213,0,0,0,5,0,0,0,1,0,0,0,6,31.8,17.8,2.0,5.1,3,0.00,0.11,0.11,2.13,390,139,360,120,403,139,414,141,,,,,,,0.0,0.0,0.05,0.05,0.9,2.11,654,195,481,179,482,163,319,121,1.27,0.0
67,True,True,,,514287,0,0,0,0,0,2,0.0,0.0,0,Sil,0.0,640,False,,,40,514287.jpg,0.0,False,Swinkels,0.1,False,,a,2,7,0,7805,65,5754,113,0.0,0.0,Swinkels,152.0,2021-01-07,0,0,0,0,0,0,0,0,0,0,0,0,0,0.0,0.0,0.0,0.0,0,0.00,0.00,0.00,0.00,537,194,517,191,483,179,537,194,,,,,,,0.0,0.0,0.0,0.0,0.0,0.0,651,192,478,176,544,194,476,171,0.0,0.0
68,True,True,,,516159,0,0,0,0,0,1,0.0,0.0,0,Oliwier,0.0,641,False,,,40,516159.jpg,0.0,False,Zych,0.6,False,,a,2,7,0,81588,105,36985,945,0.0,0.0,Zych,172.0,2021-01-07,0,0,0,0,0,0,0,0,0,0,0,0,0,0.0,0.0,0.0,0.0,0,0.00,0.00,0.00,0.00,540,65,520,46,486,33,540,65,,,,,,,0.0,0.0,0.0,0.0,0.0,0.0,655,63,482,61,547,65,243,39,0.0,0.0
69,True,True,,,537403,0,0,0,0,0,3,0.0,0.0,0,Kadan,0.0,656,False,,,45,537403.jpg,0.0,False,Young,0.2,False,,a,2,7,0,52363,470,36972,661,0.0,0.0,Young,241.0,2022-12-10,0,0,0,0,0,0,0,0,0,0,0,0,0,0.0,0.0,0.0,0.0,0,0.00,0.00,0.00,0.00,646,280,641,281,626,276,646,280,,,,,,,0.0,0.0,0.0,0.0,0.0,0.0,447,276,609,254,652,283,336,108,0.0,0.0
70,True,True,,,577731,0,0,0,0,0,3,0.0,0.0,0,Ben,0.0,679,False,,,45,577731.jpg,0.0,False,Broggio,0.0,False,,a,2,7,0,1099,49,653,40,0.0,0.0,Broggio,241.0,2024-09-23,0,0,0,0,0,0,0,0,0,0,0,0,0,0.0,0.0,0.0,0.0,0,0.00,0.00,0.00,0.00,659,288,654,289,639,284,659,288,,,,,,,0.0,0.0,0.0,0.0,0.0,0.0,463,287,621,262,664,291,664,293,0.0,0.0
71,True,True,,,232980,0,0,-2,2,0,2,1.2,1.2,1,Max,1.2,59,False,,,43,232980.jpg,2.7,False,Aarons,0.2,False,,a,3,91,8,11179,208,21956,220,0.3,1.9,Aarons,241.0,2023-08-10,84,0,0,1,0,0,0,0,0,0,0,0,31,13.2,3.2,0.0,1.7,1,0.00,0.01,0.01,0.28,431,154,419,148,535,214,451,155,,,,,,,0.0,0.0,0.01,0.01,0.3,0.0,559,131,249,82,155,42,381,137,1.07,1.07
72,True,True,75.0,100.0,200785,0,0,-1,1,0,3,0.9,1.2,0,Tyler,1.2,60,False,Knock - 75% chance of playing,2024-12-30T23:30:08.175231Z,49,200785.jpg,1.6,False,Adams,0.0,False,,d,3,91,14,4018,101,2981,113,0.2,2.9,Adams,229.0,2023-08-20,481,0,0,2,9,0,0,0,2,0,0,0,74,109.8,56.4,39.0,20.6,5,0.79,0.11,0.90,7.05,285,128,271,169,272,151,305,151,,,,,,,0.15,0.0,0.02,0.17,1.32,1.68,249,159,254,121,327,148,575,236,0.94,0.37
73,True,False,0.0,0.0,444180,0,0,0,0,0,3,0.0,0.0,0,Jaidon,0.0,61,False,Season long loan to Burnley,2024-08-30T09:46:29.420148Z,45,444180.jpg,0.0,False,Anthony,0.1,False,,u,3,91,0,8381,0,44976,99,0.0,0.0,Anthony,,,0,0,0,0,0,0,0,0,0,0,0,0,0,0.0,0.0,0.0,0.0,0,0.00,0.00,0.00,0.00,607,249,602,251,584,245,607,249,,,,,,,0.0,0.0,0.0,0.0,0.0,0.0,390,235,567,221,614,253,438,160,0.0,0.0
74,True,True,100.0,100.0,111317,0,0,-1,1,0,3,1.5,1.5,2,David,1.5,62,False,,2024-08-12T14:30:04.440536Z,49,111317.jpg,1.8,False,Brooks,0.0,False,,a,3,91,22,3555,68,3099,68,0.3,4.5,Brooks,244.0,2018-07-01,234,1,1,0,4,0,0,0,1,0,0,1,73,68.8,76.0,83.0,22.2,2,0.97,0.70,1.67,4.03,340,161,240,152,199,116,294,148,,,,,,,0.37,0.0,0.27,0.64,1.55,1.54,238,152,223,102,292,129,594,251,0.77,0.0
75,True,True,100.0,100.0,158499,0,0,-1,1,0,3,3.2,3.2,1,Ryan,3.2,63,False,,2024-11-09T20:00:07.258668Z,49,158499.jpg,2.4,False,Christie,0.2,False,,a,3,91,44,26405,710,32783,525,0.7,9.0,Christie,243.0,2021-08-31,1311,1,1,6,17,0,0,0,6,0,0,2,250,281.8,334.1,148.0,76.6,16,0.89,1.75,2.64,17.77,120,41,45,35,125,83,78,49,4.0,,,,,,0.06,0.0,0.12,0.18,1.22,1.17,241,153,84,41,199,81,373,130,1.1,0.41
76,True,True,100.0,100.0,155408,0,0,0,0,0,3,1.8,1.8,2,Lewis,1.8,64,False,,2024-11-30T22:00:07.304760Z,50,155408.jpg,2.7,False,Cook,0.2,False,,a,3,91,48,51561,242,46761,433,0.4,9.6,Cook,241.0,2016-07-08,1491,1,3,2,21,0,0,0,4,0,0,2,280,346.2,462.6,72.0,88.0,16,0.60,2.49,3.09,21.69,68,20,20,16,226,129,57,36,1.0,,2.0,,,,0.04,0.0,0.15,0.19,1.31,1.27,196,121,196,88,159,66,371,129,0.97,0.12
77,True,True,100.0,100.0,168636,0,0,-1,1,0,4,3.0,3.0,0,Enes,3.0,65,False,,2024-08-12T14:30:04.450058Z,54,168636.jpg,1.9,False,Ünal,0.2,False,,a,3,91,31,42776,1023,22904,2375,0.6,5.7,Enes Ünal,219.0,2024-07-01,310,2,1,2,3,0,0,0,2,0,0,4,97,104.0,53.3,203.0,35.2,2,2.68,0.25,2.93,6.23,292,27,278,30,85,27,229,30,,,4.0,,,,0.78,0.0,0.07,0.85,1.81,0.87,123,36,95,14,279,33,330,54,0.58,0.58
78,True,False,0.0,0.0,441240,0,0,0,0,0,3,0.0,0.0,0,Romain,0.0,66,False,Loaned to Brest,2024-08-20T12:15:06.505689Z,50,441240.jpg,0.0,False,Faivre,0.0,False,,u,3,91,0,23,0,1433,1,0.0,0.0,Faivre,,,0,0,0,0,0,0,0,0,0,0,0,0,0,0.0,0.0,0.0,0.0,0,0.00,0.00,0.00,0.00,689,309,686,308,681,306,689,309,,,,,,,0.0,0.0,0.0,0.0,0.0,0.0,216,137,674,301,690,309,669,296,0.0,0.0
79,True,False,0.0,0.0,424044,0,0,0,0,0,3,0.0,0.0,0,Hamed,0.0,67,False,Season long loan to A.J.Auxerre,2024-08-29T11:07:43.785266Z,45,424044.jpg,0.0,False,Traorè,0.1,False,,u,3,91,0,3525,0,18829,33,0.0,0.0,H.Traorè,,,0,0,0,0,0,0,0,0,0,0,0,0,0,0.0,0.0,0.0,0.0,0,0.00,0.00,0.00,0.00,606,248,601,250,583,244,606,248,,,,,,,0.0,0.0,0.0,0.0,0.0,0.0,387,234,566,220,613,252,518,202,0.0,0.0
80,True,True,,,463981,0,0,-1,1,0,2,1.0,1.0,4,James,1.0,68,False,,,39,463981.jpg,2.0,False,Hill,0.5,False,,a,3,91,6,48874,5836,38776,1378,0.3,1.5,Hill,241.0,2022-01-05,86,0,1,0,2,0,0,0,0,0,0,0,21,30.2,22.2,0.0,5.3,1,0.00,0.15,0.15,1.63,393,140,349,116,427,148,411,140,,,,,,,0.0,0.0,0.16,0.16,1.71,2.09,699,232,268,87,254,82,258,95,1.05,0.0
81,True,False,0.0,0.0,523700,0,0,0,0,0,4,0.0,0.0,0,Daniel,0.0,69,False,Loaned to Watford,2024-08-31T06:32:40.630710Z,45,523700.jpg,1.0,False,Jebbison,0.9,False,,u,3,91,2,380085,0,487045,1882,0.0,0.4,Jebbison,,,26,0,0,0,0,0,0,0,0,0,0,0,7,3.2,10.6,2.0,1.6,0,0.00,0.00,0.00,0.34,463,48,385,43,414,49,454,48,,,,,,,0.0,0.0,0.0,0.0,1.18,0.0,438,70,601,54,428,43,213,37,0.0,0.0
82,True,True,100.0,100.0,544877,0,0,2,-2,1,2,4.2,4.2,1,Milos,4.2,70,False,,2024-11-21T08:30:08.632085Z,47,544877.jpg,3.3,False,Kerkez,6.7,False,,a,3,91,63,870035,16248,205167,16447,0.9,13.4,Kerkez,98.0,2023-07-20,1637,1,2,4,23,0,0,0,2,0,0,5,260,332.6,312.3,106.0,75.1,19,0.39,1.49,1.88,23.62,79,32,54,11,170,32,82,11,,,,,,,0.02,0.0,0.08,0.1,1.3,1.26,340,47,48,17,101,24,59,20,1.04,0.22
83,True,True,100.0,0.0,222683,0,0,0,0,2,3,3.0,0.0,0,Justin,3.0,71,False,,2024-12-27T00:30:09.136640Z,55,222683.jpg,4.2,False,Kluivert,3.5,False,,a,3,91,75,831784,11800,510948,29677,0.5,13.6,Kluivert,152.0,2023-07-01,1124,6,2,8,14,0,0,0,5,0,0,5,240,323.6,289.2,423.0,103.7,15,6.18,1.15,7.33,14.56,88,28,61,48,27,15,34,23,,,,,1.0,,0.49,0.0,0.09,0.58,1.17,1.12,110,68,97,45,44,18,97,31,1.2,0.64
84,True,False,0.0,0.0,223911,0,0,-1,1,0,2,0.0,0.0,0,Chris,0.0,72,False,On loan to Sunderland for the season,2024-09-01T09:10:00.945219Z,44,223911.jpg,0.0,False,Mepham,0.0,False,,u,3,91,0,287,0,6136,8,0.0,0.0,Mepham,,,0,0,0,0,0,0,0,0,0,0,0,0,0,0.0,0.0,0.0,0.0,0,0.00,0.00,0.00,0.00,579,228,569,227,547,222,579,228,,,,,,,0.0,0.0,0.0,0.0,0.0,0.0,496,102,533,219,586,228,566,199,0.0,0.0
85,True,True,100.0,100.0,533463,0,0,0,0,1,3,5.0,5.0,6,Dango,5.0,74,False,,2024-11-01T16:30:07.369192Z,50,533463.jpg,3.4,False,Ouattara,0.1,False,,a,3,91,54,16485,2673,8147,692,1.0,10.8,O.Dango,35.0,2023-01-19,806,3,3,3,7,0,0,0,0,0,0,4,209,301.6,226.1,291.0,81.6,7,4.01,1.92,5.93,12.18,102,36,92,69,52,32,69,44,,,,,,,0.45,0.0,0.21,0.66,1.36,0.78,227,145,25,11,90,41,430,155,0.78,0.33
86,True,False,0.0,0.0,495145,0,0,0,0,0,1,0.0,0.0,0,Alex,0.0,75,False,Loaned to Auckland FC,2024-08-10T12:14:13.050842Z,40,495145.jpg,0.0,False,Paulsen,0.0,False,,u,3,91,0,0,0,2639,22,0.0,0.0,Paulsen,,,0,0,0,0,0,0,0,0,0,0,0,0,0,0.0,0.0,0.0,0.0,0,0.00,0.00,0.00,0.00,532,64,512,45,476,32,532,64,,,,,,,0.0,0.0,0.0,0.0,0.0,0.0,644,62,472,60,538,64,593,69,0.0,0.0
87,True,True,100.0,100.0,168991,0,0,-2,2,0,3,1.0,1.0,1,Philip,1.0,76,False,,2024-08-29T09:30:04.570455Z,48,168991.jpg,1.0,False,Billing,0.0,False,,a,3,91,9,5613,96,9304,91,0.2,1.9,Philip,58.0,2019-07-29,168,0,0,0,4,0,0,0,1,0,0,0,50,54.0,102.4,47.0,20.4,1,0.55,0.97,1.52,3.29,358,166,202,127,257,141,307,152,,,3.0,,,,0.29,0.0,0.52,0.81,1.76,2.14,293,193,277,133,442,208,524,205,0.54,0.0
88,True,True,0.0,0.0,503139,0,0,-3,3,0,3,0.0,0.0,0,Alex,0.0,77,False,Knee injury - Unknown return date,2024-10-25T09:00:05.962917Z,47,503139.jpg,1.4,False,Scott,0.0,False,,i,3,91,11,2363,8,5976,25,0.0,2.3,Scott,241.0,2023-08-10,258,0,0,1,3,0,0,0,0,0,0,0,54,71.0,65.5,21.0,15.8,2,0.12,0.17,0.29,3.67,337,158,255,160,317,171,338,166,,,,,,,0.04,0.0,0.06,0.1,1.28,1.05,338,218,639,274,350,162,563,228,0.7,0.35
89,True,True,100.0,100.0,437730,0,0,1,-1,1,3,4.0,4.0,5,Antoine,4.0,78,False,,2024-11-13T14:00:07.717891Z,56,437730.jpg,3.9,False,Semenyo,6.5,False,,a,3,91,71,2282588,28709,1770650,13070,0.7,12.7,Semenyo,81.0,2023-01-27,1566,5,2,5,20,0,0,0,5,0,0,4,269,357.8,315.9,630.0,129.7,18,5.42,2.40,7.82,21.46,60,18,53,41,7,3,16,12,,,,,,,0.31,0.0,0.14,0.45,1.23,1.15,98,61,52,26,58,22,62,18,1.03,0.29
90,True,True,0.0,0.0,221466,0,0,-3,3,1,2,0.0,0.0,0,Marcos,0.0,79,False,Thigh injury - Expected back 01 Apr,2024-12-06T10:30:07.568268Z,47,221466.jpg,1.9,False,Senesi,0.3,False,,i,3,91,21,66315,17,137914,826,0.0,4.5,Senesi,10.0,2022-08-08,917,0,0,1,15,0,0,0,4,0,0,3,82,221.0,78.7,29.0,33.1,11,0.81,0.44,1.25,12.04,174,67,235,59,297,94,239,72,,,,,,,0.08,0.0,0.04,0.12,1.18,1.47,328,42,634,231,274,92,298,113,1.08,0.1
91,True,True,0.0,0.0,224995,0,0,-2,2,1,3,0.0,0.0,0,Luis,0.0,80,False,Hamstring injury - Unknown return date,2024-10-25T09:00:05.974870Z,48,224995.jpg,2.4,False,Sinisterra,0.1,False,,i,3,91,19,68208,7,80622,140,0.0,4.0,Sinisterra,48.0,2024-06-14,203,1,1,0,3,0,0,0,0,0,0,2,75,98.4,96.3,177.0,37.2,1,1.09,0.91,2.00,3.48,299,136,206,129,102,67,219,112,,,,,,,0.48,0.0,0.4,0.88,1.54,1.33,305,201,644,277,198,80,422,149,0.44,0.0
92,True,True,0.0,0.0,54469,0,0,0,0,0,2,0.0,0.0,0,Adam,2.3,81,False,Muscle injury - Unknown return date,2024-12-25T22:30:07.943044Z,45,54469.jpg,2.0,False,Smith,0.2,False,,i,3,91,34,27405,5,32608,1040,0.5,7.6,Smith,241.0,2014-01-28,1032,0,0,3,13,0,0,0,4,0,0,0,93,116.2,62.2,8.0,18.6,12,0.60,0.10,0.70,12.51,278,105,258,67,365,127,321,107,,,,,,,0.05,0.0,0.01,0.06,1.09,1.13,358,58,140,41,259,86,367,131,1.05,0.26
93,True,True,0.0,0.0,201658,0,0,-1,1,0,3,0.0,0.0,0,Marcus,1.3,83,False,Hamstring injury - Unknown return date,2024-12-12T12:00:08.312511Z,54,201658.jpg,3.2,False,Tavernier,0.2,False,,i,3,91,48,90100,18,97912,533,0.2,8.9,Tavernier,241.0,2022-08-01,1138,1,4,3,16,0,0,0,2,0,0,2,187,263.2,433.6,275.0,97.1,13,4.09,2.13,6.22,14.02,136,50,24,20,56,34,42,29,2.0,,1.0,,,,0.32,0.0,0.17,0.49,1.11,1.27,126,74,243,112,116,51,357,120,1.03,0.24
94,True,True,,,229600,0,0,-1,1,0,1,0.0,0.0,0,Mark,0.0,84,False,,,44,229600.jpg,3.3,False,Travers,0.1,False,,a,3,91,10,13093,159,18202,225,0.0,2.3,Travers,104.0,2018-07-01,270,0,0,0,3,0,0,0,0,0,12,1,38,94.6,0.0,0.0,9.4,3,0.00,0.01,0.01,4.15,305,28,571,62,549,53,370,28,,,,,,,0.0,4.0,0.0,0.0,1.38,1.0,499,21,534,70,98,15,404,58,1.0,0.0
95,True,True,,,477580,0,0,-1,1,0,2,4.2,4.2,1,Illia,4.2,85,False,,,44,477580.jpg,2.5,False,Zabarnyi,0.5,False,,a,3,91,48,67488,1903,55800,1112,1.0,10.9,Zabarnyi,225.0,2023-01-31,1710,0,0,4,23,0,0,0,2,0,0,2,227,348.2,109.9,32.0,49.3,19,0.62,0.34,0.96,23.94,66,24,190,44,283,88,167,47,,,,,,,0.03,0.0,0.02,0.05,1.26,1.21,512,110,45,14,180,51,253,92,1.0,0.21
96,True,True,100.0,100.0,109745,0,0,0,0,0,1,5.2,5.2,2,Kepa,5.2,152,False,,2024-10-26T20:00:07.229572Z,45,109745.jpg,3.7,False,Arrizabalaga,2.2,False,,a,3,91,52,308787,24085,125943,5136,1.2,11.6,Arrizabalaga,200.0,2024-08-29,1260,0,0,4,18,0,0,0,2,0,50,4,199,373.2,10.1,0.0,38.2,14,0.00,0.00,0.00,16.88,51,14,389,4,570,56,216,14,,,,,,,0.0,3.57,0.0,0.0,1.21,1.29,362,13,20,1,66,10,132,18,1.0,0.29
97,True,True,,,554605,0,0,-1,1,2,2,7.0,7.0,1,Dean,7.0,580,False,,,44,554605.jpg,3.8,False,Huijsen,2.9,False,,a,3,91,49,337414,28162,38186,7211,1.6,11.1,Huijsen,200.0,2024-07-30,790,2,0,3,8,0,0,0,3,0,0,9,184,293.0,105.9,100.0,49.9,8,1.20,0.45,1.65,12.53,111,43,194,46,176,37,165,45,,,,,,,0.14,0.0,0.05,0.19,1.43,0.91,523,111,5,1,61,13,109,42,0.91,0.34
98,True,True,0.0,0.0,436893,0,0,-2,2,0,2,0.0,0.0,0,Julián,0.0,592,False,Hamstring injury - Unknown return date,2024-11-21T11:30:08.788295Z,43,436893.jpg,1.0,False,Araujo Zúñiga,0.1,False,,i,3,91,8,10838,1,23022,113,0.0,1.9,J.Araujo,139.0,2024-08-13,352,0,0,0,7,0,0,0,1,0,0,0,11,40.0,7.9,2.0,5.1,5,0.00,0.04,0.04,6.95,378,133,404,136,409,145,415,142,,,,,,,0.0,0.0,0.01,0.01,1.78,1.79,562,134,522,212,415,148,414,149,1.28,0.0
99,True,True,,,444172,0,0,0,0,0,1,0.0,0.0,0,Will,0.0,599,False,,,40,444172.jpg,0.0,False,Dennis,0.4,False,,a,3,91,0,34939,207,27849,566,0.0,0.0,Dennis,241.0,2019-08-01,0,0,0,0,0,0,0,0,0,0,0,0,0,0.0,0.0,0.0,0.0,0,0.00,0.00,0.00,0.00,520,58,500,39,464,26,520,58,,,,,,,0.0,0.0,0.0,0.0,0.0,0.0,631,56,460,54,526,58,293,45,0.0,0.0
100,True,True,,,444102,-1,1,-1,1,1,4,2.8,2.8,8,Francisco Evanilson,2.8,617,False,,,59,444102.jpg,4.2,False,de Lima Barbosa,3.3,False,,a,3,91,76,848941,24510,518242,14247,0.5,12.9,Evanilson,30.0,2024-08-16,1287,5,4,7,18,0,0,1,0,0,0,12,285,243.2,181.0,537.0,95.7,16,6.29,1.13,7.42,16.20,152,19,123,12,13,6,45,9,,,,,2.0,,0.44,0.0,0.08,0.52,1.13,1.26,85,23,109,18,45,13,103,17,1.12,0.49
101,True,True,,,496683,0,0,0,0,0,2,0.0,0.0,0,Max,0.0,680,False,,,40,496683.jpg,0.0,False,Kinsey,0.0,False,,a,3,91,0,2469,139,1183,119,0.0,0.0,Kinsey,241.0,2023-02-03,0,0,0,0,0,0,0,0,0,0,0,0,0,0.0,0.0,0.0,0.0,0,0.00,0.00,0.00,0.00,533,190,513,187,478,174,533,190,,,,,,,0.0,0.0,0.0,0.0,0.0,0.0,646,187,474,172,540,190,604,203,0.0,0.0
102,True,True,,,606775,0,0,0,0,0,3,0.2,0.2,1,Ben,0.2,687,False,,,45,606775.jpg,1.0,False,Winterburn,0.0,False,,a,3,91,1,1239,83,625,37,0.0,0.2,Winterburn,241.0,2024-11-29,8,0,0,0,0,0,0,0,0,0,0,0,3,0.2,0.0,0.0,0.0,0,0.00,0.00,0.00,0.00,483,227,661,294,646,289,666,293,,,,,,,0.0,0.0,0.0,0.0,0.0,0.0,471,293,394,189,434,201,660,290,0.0,0.0
103,True,True,,,632822,0,0,0,0,0,2,0.0,0.0,0,Archie,0.0,702,False,,,40,632822.jpg,0.0,False,Harris,0.0,False,,a,3,91,0,363,98,55,29,0.0,0.0,Harris,241.0,2024-12-25,0,0,0,0,0,0,0,0,0,0,0,0,0,0.0,0.0,0.0,0.0,0,0.00,0.00,0.00,0.00,563,218,544,216,512,206,563,218,,,,,,,0.0,0.0,0.0,0.0,0.0,0.0,683,222,505,201,570,218,677,232,0.0,0.0
104,True,True,,,606774,0,0,0,0,0,4,1.1,1.1,0,Remy,0.0,707,False,,,45,606774.jpg,0.0,False,Rees-Dottin,0.0,False,,a,3,91,0,905,905,154,154,0.0,0.0,Rees-Dottin,241.0,2024-12-28,0,0,0,0,0,0,0,0,0,0,0,0,0,0.0,0.0,0.0,0.0,0,0.00,0.00,0.00,0.00,665,63,660,63,645,63,665,63,,,,,,,0.0,0.0,0.0,0.0,0.0,0.0,470,77,628,60,670,65,654,75,0.0,0.0
105,True,True,0.0,0.0,191866,0,0,-1,1,0,2,0.0,0.0,0,Kristoffer,0.3,86,False,Ankle injury - Unknown return date,2024-12-21T21:30:07.775014Z,44,191866.jpg,0.9,False,Ajer,0.2,False,,i,4,94,9,31967,9,56316,290,0.1,2.0,Ajer,161.0,2021-07-21,717,0,0,0,15,0,0,0,3,0,0,0,26,87.8,56.0,76.0,22.0,9,0.51,0.30,0.81,12.92,317,113,272,74,209,53,296,95,,,,,,,0.06,0.0,0.04,0.1,1.62,1.88,486,92,360,119,465,154,366,130,1.13,0.0
106,True,True,100.0,100.0,494041,0,0,-1,1,0,3,0.5,-0.5,0,Ethan,0.0,87,False,,2024-09-10T11:15:13.439596Z,44,494041.jpg,0.0,False,Brierley,0.1,False,,a,4,94,0,10932,204,12302,152,0.0,0.0,Brierley,,,0,0,0,0,0,0,0,0,0,0,0,0,0,0.0,0.0,0.0,0.0,0,0.00,0.00,0.00,0.00,584,235,578,237,556,229,584,235,,,,,,,0.0,0.0,0.0,0.0,0.0,0.0,516,305,541,205,591,239,463,170,0.0,0.0
107,True,True,,,432830,0,0,1,-1,1,2,3.0,2.0,0,Nathan,2.5,88,False,,,46,432830.jpg,3.1,False,Collins,2.3,False,,a,4,94,55,455380,3156,285240,4940,0.5,12.0,Collins,104.0,2023-07-04,1620,2,4,2,32,0,0,0,2,0,0,1,238,525.2,79.7,207.0,81.2,18,2.02,1.06,3.08,30.32,9,2,232,57,84,5,71,10,,,,,,,0.11,0.0,0.06,0.17,1.68,1.78,350,51,127,37,119,32,128,51,1.0,0.11
108,True,True,100.0,100.0,440089,0,0,0,0,0,3,3.2,2.2,0,Mikkel,2.7,89,False,,2024-10-12T11:00:07.165630Z,50,440089.jpg,3.6,False,Damsgaard,1.1,False,,a,4,94,64,256781,4095,153671,4263,0.5,12.8,Damsgaard,58.0,2022-08-10,1278,2,4,4,21,0,0,0,1,0,0,6,307,385.8,400.0,213.0,100.0,15,1.74,3.14,4.88,23.34,48,14,33,27,80,51,39,27,1.0,,3.0,,,,0.12,0.0,0.22,0.34,1.64,1.48,215,136,116,51,70,27,200,58,1.06,0.28
109,True,True,0.0,0.0,183656,0,0,-2,2,0,3,0.0,0.0,0,Josh,0.0,90,False,Knee injury - Unknown return date,2024-08-12T14:30:04.460316Z,48,183656.jpg,0.0,False,Dasilva,0.0,False,,i,4,94,0,294,2,1014,3,0.0,0.0,Dasilva,241.0,2018-08-21,0,0,0,0,0,0,0,0,0,0,0,0,0,0.0,0.0,0.0,0.0,0,0.00,0.00,0.00,0.00,672,297,665,297,654,293,672,297,,,,,,,0.0,0.0,0.0,0.0,0.0,0.0,294,194,641,276,674,298,678,299,0.0,0.0
110,True,True,75.0,75.0,118342,0,0,0,0,1,1,2.1,1.3,0,Mark,2.3,91,False,Muscle injury - 75% chance of playing,2024-12-28T00:00:09.786428Z,45,118342.jpg,3.0,False,Flekken,9.3,False,,d,4,94,54,1097278,1719,1180109,29666,0.5,12.0,Flekken,152.0,2023-07-01,1565,0,1,1,32,0,0,0,1,0,87,2,269,711.0,10.1,0.0,71.8,18,0.00,0.07,0.07,29.69,3,1,390,5,572,58,91,1,,,,,,,0.0,5.0,0.0,0.0,1.71,1.84,365,15,141,15,128,22,39,9,1.04,0.06
111,True,True,0.0,0.0,194010,0,0,-2,2,0,2,0.0,0.0,0,Rico,0.0,92,False,Lack of match fitness - Unknown return date,2024-08-12T14:30:04.471299Z,43,194010.jpg,0.0,False,Henry,0.0,False,,i,4,94,0,1045,11,6775,23,0.0,0.0,Henry,241.0,2016-08-31,0,0,0,0,0,0,0,0,0,0,0,0,0,0.0,0.0,0.0,0.0,0,0.00,0.00,0.00,0.00,571,223,560,222,533,213,571,223,,,,,,,0.0,0.0,0.0,0.0,0.0,0.0,548,123,520,211,578,223,579,201,0.0,0.0
112,True,True,0.0,0.0,472713,0,0,-2,2,0,2,0.0,0.0,0,Aaron,0.0,93,False,Hamstring injury - Unknown return date,2024-08-12T14:30:04.480785Z,43,472713.jpg,0.0,False,Hickey,0.0,False,,i,4,94,0,491,6,2771,9,0.0,0.0,Hickey,243.0,2022-07-09,0,0,0,0,0,0,0,0,0,0,0,0,0,0.0,0.0,0.0,0.0,0,0.00,0.00,0.00,0.00,574,224,564,223,539,216,574,224,,,,,,,0.0,0.0,0.0,0.0,0.0,0.0,565,135,525,213,581,224,637,216,0.0,0.0
113,True,True,100.0,100.0,204580,0,0,-1,1,0,3,1.7,0.7,0,Vitaly,1.2,94,False,,2024-12-10T00:00:07.895374Z,49,204580.jpg,2.9,False,Janelt,0.3,False,,a,4,94,49,109316,193,98319,801,0.2,10.0,Janelt,80.0,2020-10-03,1310,1,3,3,26,0,0,0,2,0,0,2,264,255.0,205.3,87.0,54.7,15,0.58,1.87,2.45,23.17,143,54,106,77,192,111,139,84,,,,,,,0.04,0.0,0.13,0.17,1.59,1.79,253,163,255,122,135,55,305,95,1.03,0.21
114,True,True,50.0,50.0,207283,0,0,-2,2,0,3,0.2,-0.2,0,Mathias,0.0,95,False,Hamstring injury - 50% chance of playing,2024-11-30T22:00:07.383631Z,53,207283.jpg,2.1,False,Jensen,0.1,False,,d,4,94,17,6205,7,19642,31,0.0,3.2,Jensen,58.0,2019-07-10,477,0,1,1,9,0,0,0,1,0,0,1,76,62.0,119.5,21.0,20.4,6,0.21,0.59,0.80,9.06,347,163,177,115,321,174,308,153,3.0,,,,,,0.04,0.0,0.11,0.15,1.71,1.7,147,86,687,307,245,106,507,193,1.13,0.19
115,True,True,,,570241,0,0,-1,1,0,2,0.7,-0.3,0,Kim,0.2,96,False,,,39,570241.jpg,1.0,False,Ji-soo,0.4,False,,a,4,94,1,41674,360,32643,693,0.1,0.3,Ji-soo,114.0,2023-07-20,12,0,0,0,0,0,0,0,0,0,0,0,3,2.6,0.1,0.0,0.3,0,0.00,0.00,0.00,0.32,467,161,457,166,434,152,478,164,,,,,,,0.0,0.0,0.0,0.0,2.4,0.0,707,237,381,125,394,130,284,108,0.0,0.0
116,True,True,,,628204,0,0,0,0,0,3,0.7,-0.3,0,Yunus Emre,0.2,97,False,,,45,628204.jpg,1.0,False,Konak,0.1,False,,a,4,94,5,8767,42,9802,69,0.0,1.1,Konak,219.0,2024-01-11,19,0,0,0,2,0,0,0,0,0,0,0,10,1.4,1.6,3.0,0.4,0,0.15,0.00,0.15,1.22,476,223,433,219,399,213,476,226,,,,,,,0.71,0.0,0.0,0.71,5.78,9.47,474,296,395,190,435,202,492,185,0.0,0.0
117,True,True,,,249231,0,0,0,0,0,3,2.2,1.2,0,Keane,1.7,98,False,,,50,249231.jpg,2.4,False,Lewis-Potter,0.1,False,,a,4,94,43,20010,61,19895,160,0.3,8.6,Lewis-Potter,241.0,2022-07-12,1377,0,3,3,27,0,0,0,3,0,0,0,188,202.8,175.6,219.0,59.8,16,1.28,1.90,3.18,26.50,190,75,127,89,76,48,123,72,,,4.0,,,,0.08,0.0,0.12,0.2,1.73,1.76,212,134,208,96,201,83,472,174,1.05,0.2
118,True,True,100.0,100.0,446008,0,0,6,-6,3,3,5.3,4.3,0,Bryan,4.8,99,True,,2024-11-13T15:00:08.005055Z,76,446008.jpg,6.1,False,Mbeumo,28.6,False,,a,4,94,110,5851369,82083,3367977,43780,0.6,14.5,Mbeumo,38.0,2019-08-05,1615,10,2,3,30,0,0,0,2,0,0,17,428,584.8,509.7,379.0,147.5,18,4.89,4.09,8.98,29.41,6,3,15,13,35,21,9,6,2.0,,2.0,,2.0,,0.27,0.0,0.23,0.5,1.64,1.67,16,11,30,15,5,4,8,3,1.0,0.17
119,True,True,75.0,75.0,51927,0,0,-3,3,0,2,1.1,0.4,0,Ben,1.0,100,False,Muscle injury - 75% chance of playing,2024-12-29T08:30:08.579360Z,42,51927.jpg,1.4,False,Mee,0.4,False,,d,4,94,7,24824,110,76211,966,0.2,1.7,Mee,241.0,2022-07-21,174,0,0,1,4,0,0,0,2,0,0,0,23,33.8,3.0,6.0,4.3,2,0.00,0.02,0.02,2.56,387,137,421,150,374,130,417,143,,,,,,,0.0,0.0,0.01,0.01,1.32,2.07,570,140,271,90,345,114,287,109,1.03,0.52
120,True,True,100.0,100.0,128295,0,0,-2,2,0,3,2.5,1.5,0,Christian,2.0,101,False,,2024-12-05T01:00:07.750977Z,48,128295.jpg,2.4,False,Nørgaard,0.2,False,,a,4,94,36,38257,530,34876,456,0.4,7.5,Nørgaard,58.0,2019-07-01,1225,1,2,1,23,0,0,0,2,1,0,0,240,292.4,143.6,123.0,56.0,15,1.73,0.38,2.11,21.08,114,38,152,105,151,96,136,81,,,,,,,0.13,0.0,0.03,0.16,1.55,1.69,289,189,176,75,197,79,369,127,1.1,0.07
121,True,False,0.0,0.0,428580,0,0,-1,1,0,3,0.0,0.0,0,Frank,0.0,102,False,Loaned to FC Augsburg,2024-08-31T06:32:02.183747Z,49,428580.jpg,1.0,False,Onyeka,0.0,False,,u,4,94,2,648,0,3891,7,0.0,0.4,Onyeka,,,23,0,0,0,0,0,0,0,0,0,0,0,3,0.0,0.5,0.0,0.0,0,0.00,0.02,0.02,0.69,680,302,443,226,668,298,680,302,,,,,,,0.0,0.0,0.08,0.08,2.7,0.0,264,172,657,286,447,211,625,268,0.0,0.0
122,True,False,0.0,0.0,450539,0,0,0,0,0,3,0.0,0.0,0,Myles,0.0,103,False,Loaned to Swansea City,2024-08-31T06:31:19.312069Z,45,450539.jpg,0.0,False,Peart-Harris,0.0,False,,u,4,94,0,913,0,4538,13,0.0,0.0,Peart-Harris,,,0,0,0,0,0,0,0,0,0,0,0,0,0,0.0,0.0,0.0,0.0,0,0.00,0.00,0.00,0.00,609,251,604,253,586,247,609,251,,,,,,,0.0,0.0,0.0,0.0,0.0,0.0,392,237,569,223,616,255,618,264,0.0,0.0
123,True,True,0.0,0.0,231065,0,0,0,0,0,2,0.0,0.0,0,Ethan,0.3,104,False,Hamstring injury - Unknown return date,2024-12-19T00:30:06.525832Z,45,231065.jpg,2.1,False,Pinnock,0.5,False,,i,4,94,33,178236,10,181637,3352,0.1,7.3,Pinnock,107.0,2019-07-02,1440,2,0,1,30,1,0,0,2,0,0,0,162,438.6,97.7,185.0,72.3,16,0.87,0.63,1.50,28.13,26,7,204,51,97,7,89,15,,,,,,,0.05,0.0,0.04,0.09,1.76,1.88,379,70,362,121,237,77,266,100,1.0,0.06
124,True,True,100.0,100.0,226956,0,0,-2,2,0,2,2.2,1.2,0,Mads,1.7,105,False,,2024-12-21T21:30:07.848901Z,43,226956.jpg,1.6,False,Roerslev Rasmussen,0.1,False,,a,4,94,23,9417,238,13580,94,0.4,5.3,Roerslev,58.0,2019-10-27,654,0,1,1,12,0,0,0,1,0,0,0,72,132.8,129.0,19.0,28.1,6,0.01,0.79,0.80,12.83,256,94,167,36,327,109,268,83,,,,,,,0.0,0.0,0.11,0.11,1.77,1.65,557,129,201,64,318,105,465,167,0.83,0.14
125,True,True,,,513418,0,0,-4,4,1,3,3.7,2.7,0,Kevin,3.2,106,False,,,51,513418.jpg,3.4,False,Schade,0.9,False,,a,4,94,61,171898,6424,86757,4673,0.6,12.0,Schade,80.0,2023-07-01,839,4,4,2,17,0,0,0,2,0,0,3,191,248.2,80.3,292.0,61.6,9,3.55,0.61,4.16,13.50,151,59,231,148,51,31,118,70,,,,,,,0.38,0.0,0.07,0.45,1.45,1.82,185,114,85,42,91,42,209,63,0.97,0.21
126,True,True,0.0,0.0,502500,0,0,-1,1,0,4,0.0,0.0,0,Igor Thiago,0.5,107,False,Knee injury - Unknown return date,2024-12-19T00:30:06.542371Z,59,502500.jpg,1.2,False,Nascimento Rodrigues,0.0,False,,i,4,94,5,3323,19,4966,88,0.1,0.8,Thiago,30.0,2024-07-01,129,0,0,0,2,0,0,0,0,0,0,0,20,10.8,27.9,6.0,4.2,1,0.10,0.02,0.12,2.52,437,42,328,37,383,47,420,44,,,,,,,0.07,0.0,0.01,0.08,1.76,1.4,86,24,343,38,382,40,581,72,0.7,0.0
127,True,False,0.0,0.0,144485,0,0,-2,2,0,4,0.0,0.0,0,Ivan,0.0,108,False,Transferred to Al-Ahli,2024-08-31T06:41:10.704245Z,73,144485.jpg,0.0,False,Toney,1.2,False,,u,4,94,0,43376,0,800531,324,0.0,0.0,Toney,,,0,0,0,0,0,0,0,0,0,0,0,0,0,0.0,0.0,0.0,0.0,0,0.00,0.00,0.00,0.00,709,78,709,78,709,78,709,78,,,,,,,0.0,0.0,0.0,0.0,0.0,0.0,20,7,707,78,709,78,195,33,0.0,0.0
128,True,True,,,507433,0,0,-1,1,0,1,0.7,-0.3,0,Hákon,0.2,109,False,,,39,507433.jpg,1.0,False,Valdimarsson,3.9,False,,a,4,94,1,299066,22497,283942,5110,0.1,0.3,Valdimarsson,99.0,2024-01-26,54,0,0,0,0,0,0,0,0,0,2,0,10,12.4,0.0,0.0,1.2,0,0.00,0.00,0.00,0.63,432,37,471,22,431,9,461,37,,,,,,,0.0,3.33,0.0,0.0,1.05,0.0,704,72,380,29,392,35,90,14,0.0,0.0
129,True,True,100.0,100.0,216646,0,0,2,-2,3,4,2.8,1.8,0,Yoane,2.3,110,False,,2024-11-13T14:30:07.614563Z,62,216646.jpg,5.2,False,Wissa,9.1,False,,a,4,94,78,2476740,33492,1884999,36607,0.4,12.6,Wissa,50.0,2021-08-10,1137,8,2,3,20,0,0,0,2,0,0,14,321,334.0,139.1,388.0,85.6,14,6.69,0.52,7.21,19.30,76,10,157,19,34,14,63,14,,,,,4.0,,0.53,0.0,0.04,0.57,1.53,1.58,65,21,150,24,12,5,40,10,1.11,0.24
130,True,True,,,508395,0,0,-1,1,0,3,1.5,0.5,0,Yehor,1.0,111,False,,,44,508395.jpg,1.2,False,Yarmoliuk,3.2,False,,a,4,94,15,492280,5691,453697,8294,0.2,3.4,Yarmoliuk,225.0,2022-10-28,407,0,0,0,10,0,0,0,2,0,0,0,98,109.0,82.3,33.0,22.4,4,0.39,0.29,0.68,10.15,286,129,225,142,281,154,291,146,,,,,,,0.09,0.0,0.06,0.15,2.24,2.21,519,308,275,131,372,177,104,33,0.88,0.0
131,True,False,0.0,0.0,48760,0,0,0,0,0,2,0.0,0.0,0,Mathias,0.0,112,False,Joined Anderlecht,2024-08-16T11:51:35.999618Z,45,48760.jpg,0.0,False,Jorgensen,0.0,False,,u,4,94,0,0,0,4056,9,0.0,0.0,Zanka,,,0,0,0,0,0,0,0,0,0,0,0,0,0,0.0,0.0,0.0,0.0,0,0.00,0.00,0.00,0.00,592,229,586,229,566,224,592,229,,,,,,,0.0,0.0,0.0,0.0,0.0,0.0,357,57,551,220,599,229,639,218,0.0,0.0
132,True,True,,,244858,0,0,-4,4,0,3,1.3,0.3,0,Fábio,0.8,314,False,,,46,244858.jpg,1.7,False,Freitas Gouveia Carvalho,0.6,False,,a,4,94,27,176538,842,255485,1551,0.2,5.9,Carvalho,173.0,2024-08-12,418,1,1,0,13,0,0,0,1,0,0,1,95,106.4,60.5,129.0,29.1,3,2.12,0.52,2.64,11.14,290,130,263,165,141,93,261,134,4.0,,,,,,0.46,0.0,0.11,0.57,2.4,2.8,348,224,298,150,306,138,244,76,0.65,0.0
133,True,True,50.0,50.0,444765,0,0,1,-1,0,2,0.4,-0.1,0,Sepp,0.3,338,False,Groin Injury - 50% chance of playing,2024-12-19T00:30:07.020968Z,41,444765.jpg,1.4,False,van den Berg,2.5,False,,d,4,94,20,531300,313,327716,11480,0.1,4.9,Van den Berg,152.0,2024-08-22,1173,0,0,1,27,0,0,0,1,0,0,0,60,243.0,61.1,95.0,39.9,13,0.62,0.41,1.03,23.21,153,56,261,69,181,40,207,64,,,,,,,0.05,0.0,0.03,0.08,1.78,2.07,593,156,354,114,344,113,120,46,1.0,0.08
134,True,True,,,591357,0,0,-1,1,0,3,0.5,-0.5,0,Ryan,0.0,602,False,,,44,591357.jpg,1.0,False,Trevitt,0.1,False,,a,4,94,1,7112,261,6740,157,0.0,0.2,Trevitt,241.0,2024-01-08,3,0,0,0,0,0,0,0,0,0,0,0,5,2.6,0.1,0.0,0.3,0,0.00,0.00,0.00,0.00,469,221,458,230,564,237,480,228,,,,,,,0.0,0.0,0.0,0.0,0.0,0.0,528,316,549,213,422,192,504,190,0.0,0.0
135,True,True,0.0,0.0,626464,0,0,-1,1,0,3,0.0,0.0,0,Gustavo,0.0,634,False,Back injury - Unknown return date,2024-09-12T15:00:06.996116Z,49,626464.jpg,0.0,False,Nunes Fernandes Gomes,0.0,False,,i,4,94,0,364,4,411,5,0.0,0.0,G.Nunes,30.0,2024-08-28,0,0,0,0,0,0,0,0,0,0,0,0,0,0.0,0.0,0.0,0.0,0,0.00,0.00,0.00,0.00,685,305,680,304,674,302,685,305,,,,,,,0.0,0.0,0.0,0.0,0.0,0.0,282,184,666,293,686,305,690,309,0.0,0.0
136,True,True,,,499717,0,0,0,0,0,2,0.7,-0.3,0,Jayden,0.2,649,False,,,40,499717.jpg,1.0,False,Meghoma,0.1,False,,a,4,94,1,5346,78,3714,96,0.0,0.2,Meghoma,241.0,2024-08-30,4,0,0,0,0,0,0,0,0,0,0,0,3,0.2,0.3,0.0,0.1,0,0.00,0.00,0.00,0.14,482,169,445,160,480,176,484,168,,,,,,,0.0,0.0,0.0,0.0,3.15,0.0,648,189,384,128,403,137,521,185,0.0,0.0
137,True,True,,,592662,0,0,0,0,0,3,0.5,-0.5,0,Tony,0.0,661,False,,,45,592662.jpg,0.0,False,Yogane,0.0,False,,a,4,94,0,2544,30,1908,33,0.0,0.0,Yogane,241.0,2024-07-19,0,0,0,0,0,0,0,0,0,0,0,0,0,0.0,0.0,0.0,0.0,0,0.00,0.00,0.00,0.00,663,291,658,292,643,287,663,291,,,,,,,0.0,0.0,0.0,0.0,0.0,0.0,468,291,626,266,668,294,631,273,0.0,0.0
138,True,True,,,220695,0,0,0,0,0,3,1.0,0.0,0,Paris,0.5,674,False,,,45,220695.jpg,1.0,False,Maghoma,0.0,False,,a,4,94,3,824,24,460,19,0.1,0.7,Maghoma,241.0,2020-08-01,50,0,0,0,0,0,0,0,0,0,0,0,11,11.0,2.2,2.0,1.5,0,0.00,0.01,0.01,0.85,436,204,428,217,411,217,456,216,,,,,,,0.0,0.0,0.02,0.02,1.53,0.0,377,229,337,168,424,193,666,294,0.0,0.0
139,True,True,,,622536,0,0,0,0,0,2,0.5,-0.5,0,Benjamin,0.0,705,False,,,40,622536.jpg,0.0,False,Arthur,0.0,False,,a,4,94,0,269,104,36,23,0.0,0.0,Arthur,241.0,2024-03-08,0,0,0,0,0,0,0,0,0,0,0,0,0,0.0,0.0,0.0,0.0,0,0.00,0.00,0.00,0.00,562,217,543,215,511,205,562,217,,,,,,,0.0,0.0,0.0,0.0,0.0,0.0,682,221,504,200,569,217,683,234,0.0,0.0
140,True,True,100.0,100.0,535818,0,0,-3,3,0,3,1.2,1.7,6,Simon,1.7,113,False,,2024-09-29T22:30:06.392264Z,52,535818.jpg,2.2,False,Adingra,0.3,False,,a,5,36,29,110136,364,145177,357,0.3,5.6,Adingra,54.0,2022-06-24,422,2,1,0,8,0,0,0,0,0,0,0,101,132.4,77.3,130.0,34.0,4,0.89,1.12,2.01,7.74,258,114,238,151,140,92,234,119,,,,,,,0.19,0.0,0.24,0.43,1.65,1.71,170,105,209,97,229,101,303,94,0.85,0.0
141,True,False,0.0,0.0,475480,0,0,0,0,0,3,0.0,0.0,0,Benicio,0.0,114,False,Loaned to Port Vale,2024-08-10T12:17:28.055765Z,45,475480.jpg,0.0,False,Baker-Boaitey,0.0,False,,u,5,36,0,0,0,514,1,0.0,0.0,Baker-Boaitey,,,0,0,0,0,0,0,0,0,0,0,0,0,0,0.0,0.0,0.0,0.0,0,0.00,0.00,0.00,0.00,618,258,613,260,596,254,618,258,,,,,,,0.0,0.0,0.0,0.0,0.0,0.0,405,245,578,230,625,262,695,312,0.0,0.0
142,True,True,100.0,100.0,535301,0,0,0,0,1,3,2.3,2.8,1,Carlos,2.8,115,False,,2024-11-23T17:30:08.295877Z,50,535301.jpg,2.7,False,Baleba,0.2,False,,a,5,36,43,55891,264,46864,440,0.6,8.6,Baleba,38.0,2023-08-29,1160,2,1,4,18,0,0,0,3,1,0,4,233,270.2,170.8,111.0,55.3,14,1.16,0.48,1.64,18.89,131,48,130,90,166,103,137,82,,,,,,,0.09,0.0,0.04,0.13,1.47,1.4,228,146,107,50,160,67,378,132,1.09,0.31
143,True,False,0.0,0.0,543158,0,0,0,0,0,2,0.0,0.0,0,Valentín,0.0,116,False,Loaned to Sevilla,2024-08-23T23:00:06.122778Z,40,543158.jpg,0.0,False,Barco,2.5,False,,u,5,36,0,34254,0,1959221,2239,0.0,0.0,Barco,,,0,0,0,0,0,0,0,0,0,0,0,0,0,0.0,0.0,0.0,0.0,0,0.00,0.00,0.00,0.00,544,200,525,198,492,187,544,200,,,,,,,0.0,0.0,0.0,0.0,0.0,0.0,662,202,486,183,551,200,121,47,0.0,0.0
144,True,False,0.0,0.0,519324,0,0,0,0,0,3,0.0,0.0,0,Amario,0.0,118,False,Loaned to Blackburn Rovers,2024-08-31T06:29:40.845798Z,45,519324.jpg,0.0,False,Cozier-Duberry,0.0,False,,u,5,36,0,1560,0,13403,22,0.0,0.0,Cozier-Duberry,,,0,0,0,0,0,0,0,0,0,0,0,0,0,0.0,0.0,0.0,0.0,0,0.00,0.00,0.00,0.00,637,272,633,274,617,268,637,272,,,,,,,0.0,0.0,0.0,0.0,0.0,0.0,437,268,600,247,644,276,568,231,0.0,0.0
145,True,False,0.0,0.0,168090,0,0,-1,1,0,3,0.0,0.0,0,Mahmoud,0.0,119,False,Transferred to Eintracht Frankfurt,2024-08-31T06:30:37.645175Z,49,168090.jpg,0.0,False,Dahoud,0.0,False,,u,5,36,0,380,0,2937,2,0.0,0.0,Dahoud,,,0,0,0,0,0,0,0,0,0,0,0,0,0,0.0,0.0,0.0,0.0,0,0.00,0.00,0.00,0.00,677,300,673,300,665,296,677,300,,,,,,,0.0,0.0,0.0,0.0,0.0,0.0,243,155,651,281,679,301,643,280,0.0,0.0
146,True,True,100.0,100.0,83299,0,0,-1,1,0,2,1.7,2.2,1,Lewis,2.2,120,False,,2024-10-26T20:00:07.127533Z,44,83299.jpg,2.4,False,Dunk,3.7,False,,a,5,36,36,699959,1519,803863,6328,0.5,8.2,Dunk,241.0,2009-07-01,1263,0,1,4,21,0,0,0,4,0,0,0,177,265.2,91.4,79.0,43.6,14,0.69,0.53,1.22,21.70,134,49,215,54,204,50,192,59,,,4.0,,,,0.05,0.0,0.04,0.09,1.55,1.5,478,86,155,46,192,59,93,33,1.0,0.29
147,True,True,100.0,100.0,474120,0,0,-1,1,0,3,0.5,1.0,1,Julio,1.0,121,False,,2024-08-12T14:30:04.495991Z,54,474120.jpg,1.2,False,Enciso,0.1,False,,a,5,36,13,12508,200,14886,153,0.2,2.4,Enciso,168.0,2022-06-17,285,0,0,1,4,0,0,0,0,0,0,0,59,47.2,78.5,153.0,27.7,2,1.06,0.25,1.31,4.82,369,172,237,150,119,80,270,138,5.0,,3.0,,,,0.33,0.0,0.08,0.41,1.52,1.26,135,80,283,138,381,183,474,175,0.63,0.32
148,True,True,100.0,100.0,204214,0,0,1,-1,0,2,1.8,2.3,0,Pervis,2.3,122,False,,2024-08-15T14:30:05.811816Z,51,204214.jpg,1.7,False,Estupiñán,1.7,False,,a,5,36,26,330155,1393,178555,11143,0.5,5.1,Estupiñan,62.0,2022-07-16,1152,0,1,1,22,0,0,0,3,0,0,3,148,252.0,357.5,74.0,68.5,12,0.44,1.55,1.99,21.71,145,53,44,8,220,58,100,19,2.0,,2.0,,,,0.03,0.0,0.12,0.15,1.7,1.72,180,21,147,44,313,102,158,65,0.94,0.08
149,True,True,100.0,100.0,487117,0,0,0,0,0,4,0.3,0.8,0,Evan,0.8,123,False,,2024-08-15T14:30:05.827079Z,55,487117.jpg,1.6,False,Ferguson,0.3,False,,a,5,36,19,65224,433,56165,910,0.1,3.5,Ferguson,104.0,2021-08-23,217,1,0,1,5,0,0,0,0,0,0,2,65,56.6,35.6,57.0,14.6,2,0.57,0.39,0.96,4.32,355,35,309,35,245,38,343,37,,,5.0,,,,0.24,0.0,0.16,0.4,1.79,2.07,118,35,309,35,330,35,311,51,0.83,0.41
150,True,False,0.0,0.0,243568,0,0,0,0,0,3,0.0,0.0,0,Billy,0.0,124,False,Transferred to Napoli,2024-08-31T06:42:09.507349Z,50,243568.jpg,1.5,False,Gilmour,0.0,False,,u,5,36,3,2640,0,16430,10,0.0,0.6,Gilmour,,,97,0,0,0,1,0,0,0,0,0,0,0,21,11.4,11.9,2.0,2.5,1,0.08,0.04,0.12,1.32,435,203,383,208,416,221,436,210,,,,,,,0.07,0.0,0.04,0.11,1.22,0.93,210,133,672,299,341,159,550,219,0.93,0.0
151,True,False,0.0,0.0,60307,0,0,0,0,0,3,0.0,0.0,0,Pascal,0.0,125,False,Permanent transfer to Borussia Dortmund,2024-08-02T13:11:40.837259Z,65,60307.jpg,0.0,False,Groß,0.0,False,,u,5,36,0,0,0,8182,6,0.0,0.0,Gross,,,0,0,0,0,0,0,0,0,0,0,0,0,0,0.0,0.0,0.0,0.0,0,0.00,0.00,0.00,0.00,706,318,705,317,706,318,706,318,,,,,,,0.0,0.0,0.0,0.0,0.0,0.0,41,22,701,316,706,318,586,244,0.0,0.0
152,True,True,25.0,25.0,532529,0,0,-1,1,1,3,-0.1,0.0,0,Jack,0.0,126,False,Knee injury - 25% chance of playing,2024-11-10T01:30:07.476316Z,49,532529.jpg,2.8,False,Hinshelwood,0.1,False,,d,5,36,28,23457,1,24084,85,0.0,5.7,Hinshelwood,241.0,2022-12-30,839,1,0,3,13,0,0,0,2,0,0,3,129,117.0,111.3,76.0,30.6,10,0.74,0.68,1.42,16.85,276,122,189,122,212,123,250,127,,,,,,,0.08,0.0,0.07,0.15,1.81,1.39,279,183,664,292,146,62,513,198,1.07,0.32
153,True,False,0.0,0.0,612855,0,0,0,0,0,3,0.0,0.0,0,Ibrahim,0.0,127,False,Loaned to Feyenoord,2024-08-16T11:54:28.483822Z,50,612855.jpg,0.0,False,Osman,0.0,False,,u,5,36,0,0,0,1139,2,0.0,0.0,I.Osman,,,0,0,0,0,0,0,0,0,0,0,0,0,0,0.0,0.0,0.0,0.0,0,0.00,0.00,0.00,0.00,697,313,694,312,690,311,697,313,,,,,,,0.0,0.0,0.0,0.0,0.0,0.0,232,149,682,305,697,313,682,302,0.0,0.0
154,True,True,,,223434,0,0,-1,1,0,2,-0.2,0.3,0,Igor Julio,0.3,128,False,,,44,223434.jpg,1.4,False,dos Santos de Paulo,0.1,False,,a,5,36,15,12968,35,16055,304,0.1,3.4,Igor,30.0,2023-07-26,835,0,0,1,15,0,0,0,4,0,0,0,93,170.2,38.1,4.0,21.3,8,0.05,0.22,0.27,14.51,219,82,303,95,392,136,300,99,,,,,,,0.01,0.0,0.02,0.03,1.56,1.62,495,101,361,120,347,115,437,156,0.86,0.11
155,True,True,100.0,100.0,475168,0,0,2,-2,2,4,3.2,3.7,9,João Pedro,3.7,129,False,,2024-11-07T23:00:07.502402Z,57,475168.jpg,5.1,False,Junqueira de Jesus,16.4,False,,a,5,36,66,4349870,20327,4470099,79812,0.6,11.6,João Pedro,30.0,2023-06-14,948,4,5,4,11,0,0,0,1,0,0,12,273,293.8,245.9,313.0,85.2,11,2.78,1.82,4.60,13.08,109,16,84,4,47,20,64,15,,,,,1.0,,0.26,0.0,0.17,0.43,1.24,1.04,95,26,63,6,15,7,21,6,1.04,0.38
156,True,False,0.0,0.0,484658,0,0,0,0,0,3,0.0,0.0,0,Kacper,0.0,130,False,Permanent transfer to Gaziantep FK,2024-07-22T09:03:00.342050Z,45,484658.jpg,0.0,False,Kozłowski,0.0,False,,u,5,36,0,0,0,94,0,0.0,0.0,Kozlowski,,,0,0,0,0,0,0,0,0,0,0,0,0,0,0.0,0.0,0.0,0.0,0,0.00,0.00,0.00,0.00,620,259,615,261,598,255,620,259,,,,,,,0.0,0.0,0.0,0.0,0.0,0.0,408,246,580,231,627,263,709,319,0.0,0.0
157,True,True,100.0,100.0,232792,0,0,-1,1,1,2,2.2,2.7,7,Tariq,2.7,131,False,,2024-11-13T14:00:07.816484Z,44,232792.jpg,3.4,False,Lamptey,0.4,False,,a,5,36,24,59366,897,43870,1917,0.6,5.5,Lamptey,81.0,2020-01-31,347,2,2,0,11,0,0,0,0,0,0,1,55,141.4,48.2,31.0,22.1,4,0.25,0.21,0.46,6.54,251,92,290,85,288,90,295,94,,,,,,,0.06,0.0,0.05,0.11,1.7,2.85,501,103,113,32,87,19,278,106,1.04,0.0
158,True,True,100.0,100.0,109345,0,0,0,0,0,3,-0.3,0.2,0,Solly,0.2,132,False,,2024-07-17T13:30:04.993410Z,65,109345.jpg,1.0,False,March,0.0,False,,a,5,36,1,1437,144,1285,52,0.0,0.2,March,241.0,2012-07-01,2,0,0,0,0,0,0,0,0,0,0,0,4,1.0,0.0,4.0,0.5,0,0.07,0.00,0.07,0.00,479,225,706,318,398,212,475,225,,,,,,,3.15,0.0,0.0,3.15,0.0,0.0,43,23,403,194,463,223,640,278,0.0,0.0
159,True,False,0.0,0.0,550141,0,0,0,0,0,3,0.0,0.0,0,Adrian,0.0,133,False,Has joined Vitesse Arnhem on loan for the rest of the season,2024-08-29T11:08:43.963582Z,45,550141.jpg,0.0,False,Mazilu,0.0,False,,u,5,36,0,720,0,3994,8,0.0,0.0,Mazilu,,,0,0,0,0,0,0,0,0,0,0,0,0,0,0.0,0.0,0.0,0.0,0,0.00,0.00,0.00,0.00,651,285,646,286,631,281,651,285,,,,,,,0.0,0.0,0.0,0.0,0.0,0.0,452,281,614,259,657,288,636,277,0.0,0.0
160,True,True,25.0,25.0,15157,0,0,0,0,0,3,-0.1,0.0,0,James,0.0,134,False,Hamstring injury - 25% chance of playing,2024-08-31T21:00:04.655035Z,50,15157.jpg,1.7,False,Milner,0.0,False,,d,5,36,5,4614,5,10406,26,0.0,1.0,Milner,241.0,2023-07-01,169,0,0,1,1,0,0,0,1,0,0,0,24,28.6,66.3,12.0,10.7,3,0.16,0.15,0.31,1.98,394,182,253,158,353,187,361,177,,,,,,,0.09,0.0,0.08,0.17,1.05,0.53,187,116,667,294,309,140,543,217,1.6,0.53
161,True,True,100.0,100.0,592031,0,0,-4,4,0,3,1.5,2.0,1,Yankuba,2.0,135,False,,2024-10-19T22:30:05.622192Z,51,592031.jpg,2.4,False,Minteh,0.4,False,,a,5,36,34,258131,67,354850,549,0.4,6.7,Minteh,78.0,2024-07-01,585,2,2,1,10,0,0,0,2,0,0,0,124,142.0,164.9,167.0,47.5,6,1.32,1.76,3.08,8.78,250,109,135,93,112,75,177,95,5.0,,,,,,0.2,0.0,0.27,0.47,1.35,1.54,186,115,182,79,203,85,286,90,0.92,0.15
162,True,True,100.0,100.0,451340,-1,1,-1,1,0,3,1.5,2.0,1,Mitoma,2.0,136,False,,2024-12-03T12:30:08.039613Z,64,451340.jpg,3.6,False,Kaoru,6.2,False,,a,5,36,69,1922785,2426,1676496,31858,0.3,10.8,Mitoma,108.0,2021-08-09,1544,3,3,3,24,0,0,0,0,0,0,6,282,314.4,411.0,494.0,121.9,17,4.05,2.88,6.93,25.10,93,32,29,24,18,10,20,15,,,,,,,0.24,0.0,0.17,0.41,1.46,1.4,50,28,187,83,74,31,67,21,0.99,0.17
163,True,True,,,243505,0,0,-1,1,0,3,-0.3,0.2,1,Jakub,0.2,137,False,,,44,243505.jpg,1.0,False,Moder,0.7,False,,a,5,36,3,170690,365,141791,1577,0.0,0.7,Moder,172.0,2020-10-05,8,0,0,0,0,0,0,0,0,0,0,0,14,15.8,36.0,2.0,5.4,0,0.00,0.53,0.53,0.26,426,200,308,177,410,216,410,197,,,,,,,0.0,0.0,5.96,5.96,2.92,0.0,505,300,391,186,417,189,237,74,0.0,0.0
164,True,False,0.0,0.0,574402,0,0,0,0,0,4,0.0,0.0,0,Mark,0.0,138,False,Season long to Portsmouth,2024-08-30T10:16:16.061223Z,45,574402.jpg,0.0,False,O’Mahony,0.2,False,,u,5,36,0,31158,0,70469,298,0.0,0.0,O’Mahony,,,0,0,0,0,0,0,0,0,0,0,0,0,0,0.0,0.0,0.0,0.0,0,0.00,0.00,0.00,0.00,656,59,651,59,636,59,656,59,,,,,,,0.0,0.0,0.0,0.0,0.0,0.0,459,73,618,56,661,61,337,55,0.0,0.0
165,True,False,0.0,0.0,445548,0,0,0,0,0,2,0.0,0.0,0,Odeluga,0.0,139,False,Loaned to Blackpool,2024-08-31T06:26:46.238644Z,40,445548.jpg,0.0,False,Offiah,0.1,False,,u,5,36,0,2639,0,13074,33,0.0,0.0,Offiah,,,0,0,0,0,0,0,0,0,0,0,0,0,0,0.0,0.0,0.0,0.0,0,0.00,0.00,0.00,0.00,521,184,501,181,465,167,521,184,,,,,,,0.0,0.0,0.0,0.0,0.0,0.0,632,179,461,165,527,183,496,179,0.0,0.0
166,True,True,,,491598,0,0,-1,1,0,3,-0.5,0.0,0,Cameron,0.0,140,False,,,44,491598.jpg,0.0,False,Peupion,0.1,False,,a,5,36,0,8809,178,8788,168,0.0,0.0,Peupion,13.0,2022-08-23,0,0,0,0,0,0,0,0,0,0,0,0,0,0.0,0.0,0.0,0.0,0,0.00,0.00,0.00,0.00,583,234,577,236,555,228,583,234,,,,,,,0.0,0.0,0.0,0.0,0.0,0.0,515,304,540,204,590,238,483,180,0.0,0.0
167,True,False,0.0,0.0,441192,0,0,-1,1,0,3,0.0,0.0,0,Jeremy,0.0,141,False,Loaned to Burnley,2024-08-31T06:27:42.007071Z,49,441192.jpg,1.0,False,Sarmiento Morante,0.0,False,,u,5,36,1,354,0,2915,2,0.0,0.2,Sarmiento,,,8,0,0,0,0,0,0,0,0,0,0,0,3,0.2,0.8,0.0,0.1,0,0.00,0.00,0.00,0.00,485,229,440,224,669,299,486,230,,,,,,,0.0,0.0,0.0,0.0,0.0,0.0,266,174,658,287,448,212,647,284,0.0,0.0
168,True,True,,,49262,-1,1,-4,4,0,1,-0.5,0.0,0,Jason,0.0,142,False,,,41,49262.jpg,4.5,False,Steele,1.0,False,,a,5,36,9,291686,362,309641,1657,0.0,2.2,Steele,241.0,2018-07-01,180,0,0,1,1,0,0,0,0,0,3,1,46,40.4,0.0,0.0,4.1,2,0.00,0.00,0.00,1.88,377,33,545,48,514,36,421,33,,,,,,,0.0,1.5,0.0,0.0,0.94,0.5,589,40,506,63,31,5,208,30,1.0,0.5
169,True,False,0.0,0.0,450434,0,0,0,0,0,4,0.0,0.0,0,Deniz,0.0,143,False,Transferred to Stuttgart,2024-08-10T12:18:55.962223Z,55,450434.jpg,0.0,False,Undav,0.0,False,,u,5,36,0,0,0,1445,1,0.0,0.0,Undav,,,0,0,0,0,0,0,0,0,0,0,0,0,0,0.0,0.0,0.0,0.0,0,0.00,0.00,0.00,0.00,703,75,701,75,701,75,703,75,,,,,,,0.0,0.0,0.0,0.0,0.0,0.0,116,34,695,74,703,75,675,77,0.0,0.0
170,True,True,100.0,100.0,469142,0,0,0,0,1,2,2.0,2.5,1,Jan Paul,2.5,144,False,,2024-09-29T22:30:06.452903Z,45,469142.jpg,2.4,False,van Hecke,0.9,False,,a,5,36,41,188429,769,137601,3012,0.6,9.1,Van Hecke,152.0,2020-09-10,1430,0,1,3,20,0,0,0,4,0,0,3,206,357.0,136.2,78.0,57.2,16,0.61,0.77,1.38,22.01,61,21,160,33,205,51,133,32,,,,,,,0.04,0.0,0.05,0.09,1.39,1.26,404,77,126,36,196,62,210,81,1.01,0.19
171,True,True,100.0,100.0,111478,0,0,0,0,1,2,1.0,1.5,0,Joël,1.5,145,False,,2024-11-30T01:00:07.662889Z,45,111478.jpg,3.3,False,Veltman,2.0,False,,a,5,36,43,613580,497,536386,5052,0.3,9.6,Veltman,152.0,2020-07-29,1109,0,0,4,13,0,0,0,2,0,0,7,187,190.8,75.2,21.0,28.8,13,0.13,1.11,1.24,16.33,202,78,243,62,313,103,262,80,,,,,,,0.01,0.0,0.09,0.1,1.33,1.06,363,61,220,71,99,22,138,56,1.06,0.32
172,True,True,100.0,100.0,489639,0,0,0,0,1,1,2.3,2.8,2,Bart,2.8,146,False,,2024-08-12T14:30:04.523944Z,45,489639.jpg,2.9,False,Verbruggen,2.9,False,,a,5,36,50,500847,3952,268966,9185,0.6,11.1,Verbruggen,152.0,2023-07-03,1530,0,0,3,27,0,0,0,2,0,51,4,195,467.8,0.0,0.0,46.9,17,0.00,0.00,0.00,27.64,18,7,617,66,601,60,178,7,,,,,,,0.0,3.0,0.0,0.0,1.63,1.59,411,18,104,11,134,23,112,17,1.0,0.18
173,True,True,75.0,75.0,110735,0,0,-2,2,0,2,-0.4,0.0,0,Adam,0.0,147,False,Lack of match fitness - 75% chance of playing,2024-12-23T14:30:07.986462Z,43,110735.jpg,0.3,False,Webster,0.1,False,,d,5,36,1,3099,8,10663,32,0.0,0.2,Webster,241.0,2019-08-03,78,0,0,0,4,0,0,0,0,0,0,0,7,20.4,1.8,2.0,2.4,2,0.00,0.03,0.03,3.95,410,144,431,155,407,143,439,149,,,,,,,0.0,0.0,0.03,0.03,4.56,4.62,539,116,515,207,493,169,502,181,2.31,0.0
174,True,True,25.0,25.0,50175,-1,1,0,0,1,4,-0.1,0.1,0,Danny,0.2,148,False,Ankle injury - 25% chance of playing,2024-12-16T09:30:06.558564Z,55,50175.jpg,4.9,False,Welbeck,7.0,False,,d,5,36,69,3688559,108,3374033,40794,0.0,12.5,Welbeck,241.0,2020-10-18,1111,6,2,5,16,0,0,0,1,0,0,13,247,293.0,173.8,370.0,83.7,13,5.57,0.44,6.01,20.73,112,17,129,13,37,16,66,16,,,1.0,,3.0,,0.45,0.0,0.04,0.49,1.68,1.3,101,28,402,44,18,8,55,11,1.05,0.41
175,True,True,75.0,75.0,467779,0,0,-3,3,0,3,1.5,1.9,0,Mats,2.5,149,False,Thigh injury - 75% chance of playing,2024-12-21T22:00:08.030972Z,47,467779.jpg,2.2,False,Wieffer,0.1,False,,d,5,36,28,15841,182,18530,248,0.5,6.0,Wieffer,152.0,2024-07-06,464,1,2,1,12,0,0,0,2,0,0,3,104,144.0,80.3,57.0,27.8,4,0.50,0.18,0.68,9.70,249,108,230,147,243,135,269,137,,,,,,,0.1,0.0,0.03,0.13,1.88,2.33,332,215,128,56,221,93,467,171,0.78,0.19
176,True,True,100.0,100.0,513433,0,0,-1,1,0,3,0.8,1.3,1,Brajan,1.3,595,False,,2024-11-30T01:00:08.395710Z,54,513433.jpg,1.3,False,Gruda,0.0,False,,a,5,36,12,1428,47,3860,34,0.2,2.2,Gruda,80.0,2024-08-14,272,0,0,1,7,0,0,0,0,0,0,0,42,46.2,114.2,53.0,21.3,3,0.11,0.47,0.58,4.88,373,174,184,118,254,140,302,150,,,,,,,0.04,0.0,0.16,0.2,1.61,2.32,137,82,245,114,367,176,588,246,0.99,0.33
177,True,True,100.0,100.0,509416,0,0,0,0,0,3,0.8,1.3,1,Yasin,1.3,600,False,,2024-12-03T12:30:09.025260Z,50,509416.jpg,1.7,False,Ayari,0.0,False,,a,5,36,27,4752,23,4498,68,0.3,5.4,Ayari,206.0,2023-01-30,920,0,0,4,12,0,0,0,3,0,0,0,137,163.4,255.0,146.0,56.4,10,1.28,1.12,2.40,15.49,227,97,77,60,129,86,135,80,3.0,,,,,,0.13,0.0,0.11,0.24,1.52,1.17,225,143,241,111,312,143,556,224,0.98,0.39
178,True,False,0.0,0.0,513834,0,0,0,0,0,3,0.0,0.0,0,Andrew,0.0,601,False,Loaned to Stoke City,2024-08-20T12:19:09.002604Z,50,513834.jpg,0.0,False,Moran,0.0,False,,u,5,36,0,24,0,514,0,0.0,0.0,Moran,,,0,0,0,0,0,0,0,0,0,0,0,0,0,0.0,0.0,0.0,0.0,0,0.00,0.00,0.00,0.00,695,312,692,311,687,309,695,312,,,,,,,0.0,0.0,0.0,0.0,0.0,0.0,226,144,680,304,695,312,688,307,0.0,0.0
179,True,False,0.0,0.0,472739,0,0,0,0,0,1,0.0,0.0,0,Carl,0.0,615,False,Loaned to Hull City,2024-08-31T06:28:38.039682Z,40,472739.jpg,0.0,False,Rushworth,0.0,False,,u,5,36,0,6698,0,7261,72,0.0,0.0,Rushworth,,,0,0,0,0,0,0,0,0,0,0,0,0,0,0.0,0.0,0.0,0.0,0,0.00,0.00,0.00,0.00,529,63,509,44,473,31,529,63,,,,,,,0.0,0.0,0.0,0.0,0.0,0.0,640,61,469,59,535,63,533,67,0.0,0.0
180,True,True,100.0,100.0,463067,0,0,-2,2,1,3,1.0,1.5,1,Georginio,1.5,618,False,,2024-10-12T11:00:07.563830Z,53,463067.jpg,3.1,False,Rutter,0.7,False,,a,5,36,56,312892,293,247946,4983,0.3,10.6,Georginio,73.0,2024-08-19,1034,2,4,4,18,0,0,0,2,0,0,1,153,176.6,168.2,243.0,57.7,13,2.77,1.01,3.78,19.54,214,90,133,92,64,38,131,78,,,,,,,0.24,0.0,0.09,0.33,1.7,1.57,151,89,225,104,123,54,235,72,1.13,0.35
181,True,True,25.0,25.0,231416,0,0,0,0,0,2,-0.1,0.0,0,Ferdi,0.0,628,False,Toe Injury - 25% chance of playing,2024-11-10T01:30:09.967684Z,45,231416.jpg,3.2,False,Kadioglu,0.1,False,,d,5,36,19,73665,19,65393,771,0.0,4.2,F.Kadıoğlu,219.0,2024-08-27,385,1,0,2,8,0,0,0,1,0,0,0,59,116.4,83.7,40.0,24.0,5,0.44,0.31,0.75,9.44,277,104,224,56,269,81,284,90,,,,,,,0.1,0.0,0.07,0.17,2.21,1.87,380,71,560,226,109,27,400,143,1.17,0.47
182,True,True,100.0,100.0,219249,0,0,0,0,0,3,0.3,0.8,1,Matt,0.8,629,False,,2024-12-16T09:30:07.550940Z,55,219249.jpg,2.1,False,O'Riley,0.1,False,,a,5,36,15,16103,104,12144,256,0.1,2.7,O'Riley,58.0,2024-08-26,304,1,0,1,6,1,0,0,1,0,0,2,76,73.0,105.2,94.0,27.3,3,1.05,0.92,1.97,4.51,333,157,196,125,187,109,271,139,1.0,,,,,,0.31,0.0,0.27,0.58,1.34,1.78,109,67,308,156,248,108,514,199,0.89,0.3
183,True,True,,,447720,0,0,0,0,0,2,-0.5,0.0,0,Imari,0.0,663,False,,,40,447720.jpg,0.0,False,Samuels,0.0,False,,a,5,36,0,4920,53,3335,65,0.0,0.0,Samuels,241.0,2023-05-17,0,0,0,0,0,0,0,0,0,0,0,0,0,0.0,0.0,0.0,0.0,0,0.00,0.00,0.00,0.00,522,185,502,182,466,168,522,185,,,,,,,0.0,0.0,0.0,0.0,0.0,0.0,633,180,462,166,528,184,539,191,0.0,0.0
184,True,True,,,565858,0,0,-1,1,0,1,-0.5,0.0,0,Killian,0.0,668,False,,,39,565858.jpg,0.0,False,Cahill,1.3,False,,a,5,36,0,170369,1124,39817,2265,0.0,0.0,Cahill,104.0,2024-08-24,0,0,0,0,0,0,0,0,0,0,0,0,0,0.0,0.0,0.0,0.0,0,0.00,0.00,0.00,0.00,497,46,473,23,433,10,497,46,,,,,,,0.0,0.0,0.0,0.0,0.0,0.0,706,73,434,41,505,46,187,26,0.0,0.0
185,True,True,,,539721,0,0,0,0,0,2,-0.5,0.0,0,Ruairi,0.0,681,False,,,40,539721.jpg,0.0,False,McConville,0.0,False,,a,5,36,0,884,34,521,36,0.0,0.0,McConville,242.0,2024-11-22,0,0,0,0,0,0,0,0,0,0,0,0,0,0.0,0.0,0.0,0.0,0,0.00,0.00,0.00,0.00,543,199,524,197,491,186,543,199,,,,,,,0.0,0.0,0.0,0.0,0.0,0.0,661,201,485,182,550,199,638,217,0.0,0.0
186,True,True,,,589100,0,0,0,0,0,2,-0.5,0.0,0,Jacob,0.0,685,False,,,40,589100.jpg,0.0,False,Slater,0.0,False,,a,5,36,0,779,27,493,35,0.0,0.0,Slater,241.0,2024-11-28,0,0,0,0,0,0,0,0,0,0,0,0,0,0.0,0.0,0.0,0.0,0,0.00,0.00,0.00,0.00,554,210,535,208,502,197,554,210,,,,,,,0.0,0.0,0.0,0.0,0.0,0.0,673,213,496,193,561,210,648,220,0.0,0.0
187,True,False,0.0,0.0,532605,0,0,0,0,0,3,0.0,0.0,0,Andrey,0.0,150,False,Has joined Strasbourg on a season-long loan,2024-08-05T10:16:34.176364Z,45,532605.jpg,0.0,False,Nascimento dos Santos,0.0,False,,u,6,8,0,0,0,604,1,0.0,0.0,Andrey Santos,,,0,0,0,0,0,0,0,0,0,0,0,0,0,0.0,0.0,0.0,0.0,0,0.00,0.00,0.00,0.00,644,278,639,279,624,274,644,278,,,,,,,0.0,0.0,0.0,0.0,0.0,0.0,445,274,607,252,650,281,686,305,0.0,0.0
188,True,False,0.0,0.0,518620,0,0,0,0,0,3,0.0,0.0,0,Ângelo Gabriel,0.0,151,False,Transferred to Al-Nassr,2024-09-05T10:38:18.297070Z,45,518620.jpg,0.0,False,Borges Damaceno,0.1,False,,u,6,8,0,5940,0,29044,100,0.0,0.0,Ângelo,,,0,0,0,0,0,0,0,0,0,0,0,0,0,0.0,0.0,0.0,0.0,0,0.00,0.00,0.00,0.00,636,271,632,273,616,267,636,271,,,,,,,0.0,0.0,0.0,0.0,0.0,0.0,436,267,599,246,643,275,429,154,0.0,0.0
189,True,True,0.0,0.0,242880,0,0,-2,2,0,2,0.0,0.0,0,Benoît,0.3,153,False,Unknown - Unknown return date,2024-12-16T10:30:07.655172Z,43,242880.jpg,1.2,False,Badiashile,0.1,False,,i,6,8,5,11907,4,19514,271,0.1,1.2,B.Badiashile,73.0,2023-01-05,247,0,0,0,4,0,0,0,0,0,0,0,22,48.2,8.8,0.0,5.7,2,0.00,0.06,0.06,4.63,366,129,402,135,536,215,406,137,,,,,,,0.0,0.0,0.02,0.02,1.69,1.46,560,132,359,118,371,123,445,160,0.73,0.0
190,True,True,,,482158,0,0,-1,1,0,1,0.5,0.5,0,Lucas,0.0,154,False,,,39,482158.jpg,0.0,False,Bergström,0.3,False,,a,6,8,0,18138,514,18835,330,0.0,0.0,Bergström,72.0,2021-07-27,0,0,0,0,0,0,0,0,0,0,0,0,0,0.0,0.0,0.0,0.0,0,0.00,0.00,0.00,0.00,495,45,470,21,429,8,495,45,,,,,,,0.0,0.0,0.0,0.0,0.0,0.0,701,71,431,40,504,45,325,48,0.0,0.0
191,True,True,,,122074,0,0,-1,1,0,1,0.5,0.5,0,Marcus,0.0,155,False,,,39,122074.jpg,0.0,False,Bettinelli,0.4,False,,a,6,8,0,28536,401,24159,501,0.0,0.0,Bettinelli,241.0,2021-07-28,0,0,0,0,0,0,0,0,0,0,0,0,0,0.0,0.0,0.0,0.0,0,0.00,0.00,0.00,0.00,487,39,462,15,420,2,487,39,,,,,,,0.0,0.0,0.0,0.0,0.0,0.0,686,65,421,34,495,39,274,43,0.0,0.0
192,True,True,,,486672,0,0,-1,1,0,3,3.1,3.1,1,Moisés,2.6,157,False,,,49,486672.jpg,2.9,False,Caicedo Corozo,1.3,False,,a,6,8,55,246878,3127,197460,3798,0.5,11.2,Caicedo,62.0,2023-08-14,1685,1,3,5,22,0,0,0,4,0,0,2,336,367.0,312.1,60.0,74.0,19,0.48,1.59,2.07,25.40,57,17,55,42,237,133,85,53,,,,,,,0.03,0.0,0.08,0.11,1.36,1.18,273,179,123,55,137,56,185,55,1.01,0.27
193,True,True,,,505187,0,0,-1,1,0,3,0.5,0.5,0,Cesare,0.0,158,False,,,44,505187.jpg,0.0,False,Casadei,0.1,False,,a,6,8,0,21598,198,24905,298,0.0,0.0,Casadei,106.0,2022-08-19,0,0,0,0,0,0,0,0,0,0,0,0,0,0.0,0.0,0.0,0.0,0,0.00,0.00,0.00,0.00,585,236,579,238,557,230,585,236,,,,,,,0.0,0.0,0.0,0.0,0.0,0.0,518,307,543,207,592,240,417,147,0.0,0.0
194,True,True,,,172850,0,0,-3,3,0,2,0.5,0.5,0,Ben,0.0,160,False,,,47,172850.jpg,0.0,False,Chilwell,0.5,False,,a,6,8,0,38144,545,90217,846,0.0,0.0,Chilwell,241.0,2020-08-26,0,0,0,0,0,0,0,0,0,0,0,0,0,0.0,0.0,0.0,0.0,0,0.00,0.00,0.00,0.00,668,238,663,238,649,235,668,238,,,,,,,0.0,0.0,0.0,0.0,0.0,0.0,327,41,633,230,672,238,257,94,0.0,0.0
195,True,True,100.0,100.0,478912,0,0,-2,2,0,3,0.5,0.5,0,Carney,0.0,161,False,,2024-10-04T12:30:06.437566Z,48,478912.jpg,0.0,False,Chukwuemeka,0.0,False,,a,6,8,0,4361,35,7605,39,0.0,0.0,Chukwuemeka,241.0,2022-08-04,0,0,0,0,0,0,0,0,0,0,0,0,0,0.0,0.0,0.0,0.0,0,0.00,0.00,0.00,0.00,675,299,670,299,661,295,675,299,,,,,,,0.0,0.0,0.0,0.0,0.0,0.0,317,206,648,279,677,300,527,207,0.0,0.0
196,True,True,100.0,100.0,460028,0,0,1,-1,0,2,3.2,3.2,0,Levi,2.7,162,False,,2024-11-12T14:30:07.619476Z,46,460028.jpg,2.5,False,Colwill,5.4,False,,a,6,8,45,892046,6123,417238,15203,0.6,9.8,Colwill,241.0,2022-07-01,1620,0,1,4,22,0,0,0,4,0,0,1,213,347.8,104.5,59.0,51.2,18,0.38,1.11,1.49,24.54,67,25,197,48,238,68,155,40,,,,,,,0.02,0.0,0.06,0.08,1.36,1.22,352,53,114,33,184,55,77,26,1.0,0.22
197,True,True,100.0,100.0,179268,0,0,2,-2,1,2,3.9,3.9,1,Marc,3.4,163,False,,2024-12-16T09:30:06.586582Z,52,179268.jpg,2.6,False,Cucurella Saseta,7.1,False,,a,6,8,44,929544,11727,880770,19270,0.7,8.5,Cucurella,200.0,2022-08-05,1355,1,2,3,18,0,0,0,6,1,0,2,202,233.2,155.7,94.0,48.3,15,0.41,1.42,1.83,19.44,160,59,139,29,186,44,173,51,,,,,,,0.03,0.0,0.09,0.12,1.29,1.2,161,19,74,21,172,48,51,16,1.0,0.2
198,True,False,0.0,0.0,520295,0,0,-1,1,0,4,0.0,0.0,0,David Datro,0.0,164,False,Transferred to AEK Athens,2024-09-11T14:26:52.770225Z,54,520295.jpg,0.0,False,Fofana,0.1,False,,u,6,8,0,4727,0,15022,15,0.0,0.0,D.D.Fofana,54.0,,0,0,0,0,0,0,0,0,0,0,0,0,0,0.0,0.0,0.0,0.0,0,0.00,0.00,0.00,0.00,702,74,700,74,699,74,702,74,,,,,,,0.0,0.0,0.0,0.0,0.0,0.0,138,41,693,73,702,74,495,66,0.0,0.0
199,True,True,,,617054,0,0,-1,1,0,4,0.5,0.5,0,Deivid Washington,0.0,165,False,,,49,617054.jpg,0.0,False,de Souza Eugênio,0.1,False,,a,6,8,0,15149,118,18811,228,0.0,0.0,Deivid,30.0,2023-08-24,0,0,0,0,0,0,0,0,0,0,0,0,0,0.0,0.0,0.0,0.0,0,0.00,0.00,0.00,0.00,684,69,679,68,673,69,684,69,,,,,,,0.0,0.0,0.0,0.0,0.0,0.0,281,58,665,66,685,70,399,61,0.0,0.0
200,True,True,25.0,25.0,215413,0,0,-5,5,0,3,0.1,0.1,0,Kiernan,0.1,166,False,Unknown - 25% chance of playing,2024-12-29T08:30:08.647462Z,55,215413.jpg,1.0,False,Dewsbury-Hall,0.1,False,,d,6,8,5,6508,10,25563,260,0.0,0.9,Dewsbury-Hall,241.0,2024-07-02,56,0,0,0,2,0,0,0,0,0,0,0,15,9.4,15.3,0.0,2.5,0,0.00,0.05,0.05,1.13,443,210,371,204,700,315,437,211,,,,,,,0.0,0.0,0.08,0.08,1.82,3.21,108,66,420,197,458,218,434,159,0.0,0.0
201,True,True,,,220362,0,0,-3,3,0,2,2.5,2.5,1,Axel,2.0,167,False,,,42,220362.jpg,4.2,False,Disasi,0.4,False,,a,6,8,21,59582,902,65049,1441,0.5,5.0,Disasi,73.0,2023-08-04,350,1,0,2,3,0,0,0,1,0,0,0,81,84.8,33.9,36.0,15.5,4,0.29,0.09,0.38,5.16,318,114,315,101,277,85,340,114,,,,,,,0.07,0.0,0.02,0.09,1.33,0.77,582,149,170,53,41,7,273,104,1.03,0.51
202,True,True,,,448047,0,0,1,-1,1,3,5.4,5.4,1,Enzo,4.9,168,False,,,51,448047.jpg,3.6,False,Fernández,10.3,False,,a,6,8,65,1387565,19632,466570,50186,1.0,12.7,Enzo,10.0,2023-01-31,1327,3,4,3,18,0,0,0,2,0,0,5,339,386.8,511.9,218.0,111.9,14,2.15,3.51,5.66,17.90,46,13,14,12,77,49,25,19,3.0,,3.0,,4.0,,0.15,0.0,0.24,0.39,1.21,1.22,183,112,29,14,71,28,36,11,0.95,0.2
203,True,False,0.0,0.0,232787,0,0,-1,1,0,3,0.0,0.0,0,Conor,0.0,169,False,Transferred to Atletico Madrid,2024-08-22T11:20:34.236891Z,59,232787.jpg,0.0,False,Gallagher,0.1,False,,u,6,8,0,1567,0,72170,38,0.0,0.0,Gallagher,,,0,0,0,0,0,0,0,0,0,0,0,0,0,0.0,0.0,0.0,0.0,0,0.00,0.00,0.00,0.00,704,317,703,316,703,316,704,317,,,,,,,0.0,0.0,0.0,0.0,0.0,0.0,84,55,696,313,704,317,410,143,0.0,0.0
204,True,False,0.0,0.0,514280,0,0,0,0,0,2,0.0,0.0,0,Alfie,0.0,170,False,Has joined Sheffield United on a season-long,2024-08-09T11:15:16.064928Z,40,514280.jpg,0.0,False,Gilchrist,0.0,False,,u,6,8,0,0,0,7149,24,0.0,0.0,Gilchrist,,,0,0,0,0,0,0,0,0,0,0,0,0,0,0.0,0.0,0.0,0.0,0,0.00,0.00,0.00,0.00,536,193,516,190,482,178,536,193,,,,,,,0.0,0.0,0.0,0.0,0.0,0.0,650,191,477,175,543,193,558,196,0.0,0.0
205,True,True,100.0,100.0,482609,0,0,-1,1,0,2,2.8,2.8,0,Malo,2.3,171,False,,2024-11-13T09:30:07.704412Z,49,482609.jpg,1.7,False,Gusto,2.2,False,,a,6,8,27,301644,3185,404926,7705,0.5,5.5,Gusto,73.0,2023-01-28,1148,0,1,1,17,0,0,0,3,0,0,0,136,203.6,201.9,103.0,51.0,13,1.23,1.02,2.25,18.14,189,74,111,23,173,35,159,42,,,,,,,0.1,0.0,0.08,0.18,1.42,1.33,271,30,145,43,308,101,135,55,1.02,0.08
206,True,True,100.0,0.0,225796,0,0,-2,2,0,2,0.5,0.0,0,Reece,0.0,172,False,,2024-11-21T14:00:08.020459Z,48,225796.jpg,1.2,False,James,0.1,False,,a,6,8,5,76269,213,81671,282,0.0,1.0,James,241.0,2019-05-15,240,0,0,0,4,0,0,0,0,0,0,0,32,38.2,23.2,0.0,6.2,3,0.00,0.22,0.22,5.78,380,134,344,112,657,236,397,133,2.0,,2.0,,,,0.0,0.0,0.08,0.08,2.17,1.5,306,35,645,234,377,124,408,148,1.12,0.0
207,True,True,0.0,0.0,549068,0,0,-1,1,0,3,0.0,0.0,0,Omari,0.0,173,False,Hamstring injury - Unknown return date,2024-09-08T23:00:06.668188Z,44,549068.jpg,0.0,False,Kellyman,0.0,False,,i,6,8,0,3047,20,5606,25,0.0,0.0,Kellyman,241.0,2024-06-29,0,0,0,0,0,0,0,0,0,0,0,0,0,0.0,0.0,0.0,0.0,0,0.00,0.00,0.00,0.00,587,238,581,240,559,232,587,238,,,,,,,0.0,0.0,0.0,0.0,0.0,0.0,521,310,545,209,594,242,584,242,0.0,0.0
208,True,True,50.0,50.0,514356,0,0,0,0,0,3,0.5,0.5,0,Roméo,0.4,174,False,Hamstring injury - 50% chance of playing,2024-12-20T16:45:59.176104Z,45,514356.jpg,1.7,False,Lavia,0.6,False,,d,6,8,15,186825,133,238786,2095,0.1,3.3,Lavia,21.0,2023-08-18,475,0,1,1,9,0,0,0,3,0,0,0,81,88.2,94.3,5.0,18.8,7,0.18,0.29,0.47,9.99,313,145,210,132,385,205,319,158,,,,,,,0.03,0.0,0.05,0.08,1.89,1.71,432,263,347,173,304,136,246,77,1.33,0.19
209,True,False,0.0,0.0,66749,0,0,-2,2,0,4,0.0,0.0,0,Romelu,0.0,175,False,Permanent transfer to Napoli,2024-08-30T10:21:53.872158Z,63,66749.jpg,0.0,False,Lukaku Bolingoli,0.2,False,,u,6,8,0,8049,0,61017,34,0.0,0.0,Lukaku,,,0,0,0,0,0,0,0,0,0,0,0,0,0,0.0,0.0,0.0,0.0,0,0.00,0.00,0.00,0.00,705,76,704,76,704,76,705,76,,,,,,,0.0,0.0,0.0,0.0,0.0,0.0,52,20,699,75,705,76,360,59,0.0,0.0
210,True,False,0.0,0.0,204727,0,0,0,0,0,2,0.0,0.0,0,Malang,0.0,176,False,Permanent move to RC Lens,2024-07-29T09:46:25.583703Z,45,204727.jpg,0.0,False,Sarr,0.0,False,,u,6,8,0,0,0,449,1,0.0,0.0,M.Sarr,,,0,0,0,0,0,0,0,0,0,0,0,0,0,0.0,0.0,0.0,0.0,0,0.00,0.00,0.00,0.00,598,232,593,232,575,227,598,232,,,,,,,0.0,0.0,0.0,0.0,0.0,0.0,373,65,557,223,605,232,692,235,0.0,0.0
211,True,True,,,248857,0,0,-2,2,1,3,4.2,4.2,2,Noni,3.7,177,False,,,63,248857.jpg,4.6,False,Madueke,5.8,False,,a,6,8,78,2362107,4293,1963763,23510,0.6,12.4,Madueke,241.0,2023-01-20,1112,5,4,3,16,0,0,0,3,0,0,10,267,325.2,253.6,652.0,123.2,14,5.20,1.37,6.57,17.96,86,27,79,62,5,2,19,14,,,,,3.0,,0.42,0.0,0.11,0.53,1.45,1.29,57,34,65,34,27,11,71,22,1.13,0.24
212,True,True,,,499309,0,0,-3,3,0,4,0.5,0.5,0,Marc,0.0,178,False,,,47,499309.jpg,1.0,False,Guiu Paz,0.6,False,,a,6,8,1,94199,1646,125701,1550,0.0,0.2,Marc Guiu,200.0,2024-07-01,24,0,0,0,1,0,0,0,0,0,0,0,2,0.0,0.3,0.0,0.0,0,0.00,0.00,0.00,0.11,670,64,450,49,651,64,670,64,,,,,,,0.0,0.0,0.0,0.0,0.41,3.75,337,62,638,61,439,45,249,41,0.0,0.0
213,True,True,0.0,0.0,465920,0,0,-3,3,0,3,0.0,0.0,0,Mykhailo,0.0,179,False,Suspended - unknown return date,2024-12-06T15:30:07.786308Z,62,465920.jpg,1.0,False,Mudryk,0.2,False,,s,6,8,7,17913,24,41338,170,0.0,1.1,Mudryk,225.0,2023-01-15,145,0,0,0,2,0,0,0,0,0,0,0,26,23.2,31.5,31.0,8.5,1,0.24,0.66,0.90,3.28,399,186,320,182,291,159,376,184,,,,,,,0.15,0.0,0.41,0.56,2.04,1.24,70,45,698,314,460,220,353,118,0.62,0.0
214,True,True,,,517052,-1,1,7,-7,2,4,3.6,3.6,1,Nicolas,3.1,180,False,,,82,517052.jpg,5.2,False,Jackson,27.0,False,,a,6,8,94,5040010,18541,2493851,177076,0.4,11.5,N.Jackson,189.0,2023-07-01,1364,9,4,7,14,0,0,0,4,0,0,15,369,436.0,223.8,651.0,131.3,17,8.54,0.72,9.26,18.88,29,4,96,6,6,4,14,4,,,,,,,0.56,0.0,0.05,0.61,1.25,0.92,12,4,88,13,14,6,9,3,1.12,0.46
215,True,True,,,213198,0,0,-7,7,1,3,3.4,3.4,2,Christopher,2.9,181,False,,,58,213198.jpg,2.0,False,Nkunku,2.2,False,,a,6,8,36,280479,863,1603047,3013,0.5,6.2,Nkunku,73.0,2023-07-01,388,2,1,0,9,0,0,0,1,0,0,4,109,128.6,112.4,188.0,42.6,3,4.24,0.38,4.62,8.76,265,117,186,119,95,61,198,103,,,,,2.0,,0.98,0.0,0.09,1.07,2.03,2.09,89,58,100,46,269,118,133,41,0.7,0.0
216,True,True,100.0,100.0,244851,0,0,9,-9,6,3,8.6,8.6,2,Cole,8.1,182,True,,2024-11-12T14:30:07.656076Z,114,244851.jpg,7.5,False,Palmer,68.8,False,,a,6,8,143,6082916,45101,2623557,29323,0.7,12.5,Palmer,241.0,2023-09-01,1658,12,7,4,22,0,0,0,3,0,0,23,609,721.6,711.4,596.0,203.1,19,10.41,4.93,15.34,24.66,2,2,1,1,11,7,2,2,1.0,,1.0,,1.0,,0.57,0.0,0.27,0.84,1.34,1.19,3,2,3,2,2,2,2,2,1.03,0.22
217,True,False,0.0,0.0,457569,0,0,-1,1,0,1,0.0,0.0,0,Đorđe,0.0,183,False,Loaned to Strasbourg,2024-08-31T06:26:07.653045Z,44,457569.jpg,0.0,False,Petrović,0.2,False,,u,6,8,0,2753,0,63310,89,0.0,0.0,Petrović,,,0,0,0,0,0,0,0,0,0,0,0,0,0,0.0,0.0,0.0,0.0,0,0.00,0.00,0.00,0.00,581,72,575,64,553,55,581,72,,,,,,,0.0,0.0,0.0,0.0,0.0,0.0,511,23,537,71,588,72,382,54,0.0,0.0
218,True,True,,,551230,0,0,0,0,0,3,0.8,0.8,0,Renato,0.3,184,False,,,45,551230.jpg,1.0,False,Palma Veiga,0.2,False,,a,6,8,7,40201,101,39161,270,0.1,1.6,Renato Veiga,173.0,2024-07-12,176,0,0,1,2,0,0,0,2,0,0,0,22,30.4,9.2,19.0,5.9,1,0.16,0.15,0.31,3.17,392,181,401,211,328,177,403,195,,,,,,,0.08,0.0,0.08,0.16,1.62,1.02,455,283,363,176,430,198,393,136,0.51,0.51
219,True,True,,,215059,0,0,3,-3,2,1,3.5,3.5,0,Robert,3.0,185,False,,,48,215059.jpg,3.9,False,Sánchez,14.0,False,,a,6,8,66,2064504,15231,929866,41578,0.6,13.8,Sánchez,200.0,2023-08-05,1530,0,0,4,20,0,1,0,4,0,59,7,247,459.0,0.0,0.0,45.8,17,0.00,0.01,0.01,24.13,19,8,667,69,656,64,183,8,,,,,,,0.0,3.47,0.0,0.0,1.42,1.18,301,12,90,8,56,9,25,3,1.0,0.24
220,True,True,,,109646,0,0,-3,3,0,2,2.6,2.6,1,Tosin,2.1,187,False,,,42,109646.jpg,2.4,False,Adarabioyo,0.3,False,,a,6,8,22,38414,1881,34956,993,0.5,5.2,Tosin,241.0,2024-07-01,621,0,0,2,8,0,0,0,1,0,0,3,103,132.0,19.0,20.0,17.3,7,0.30,0.07,0.37,9.81,260,95,356,119,323,107,329,109,,,,,,,0.04,0.0,0.01,0.05,1.42,1.16,575,142,164,48,191,58,310,117,1.01,0.29
221,True,True,0.0,0.0,444463,0,0,-1,1,0,2,0.0,0.0,0,Wesley,0.1,189,False,Hamstring injury - Unknown return date,2024-12-02T00:00:08.059563Z,44,444463.jpg,1.6,False,Fofana,0.3,False,,i,6,8,19,83372,14,102309,398,0.0,4.3,W.Fofana,73.0,2022-08-31,1015,0,0,1,12,0,0,0,6,0,0,2,133,187.2,70.0,29.0,28.7,12,0.40,0.15,0.55,13.99,209,81,248,65,294,93,263,81,,,,,,,0.04,0.0,0.01,0.05,1.24,1.06,510,109,410,141,321,108,313,118,1.06,0.09
222,True,True,100.0,100.0,209243,0,0,-3,3,0,3,4.1,4.1,1,Jadon,3.6,386,False,,2024-11-07T09:00:07.812014Z,62,209243.jpg,3.5,False,Sancho,1.4,False,,a,6,8,45,444505,2305,370352,7408,0.6,7.3,Sancho,241.0,2024-08-30,783,2,4,2,11,0,0,0,1,0,0,2,195,192.8,238.2,192.0,62.1,9,1.02,1.93,2.95,12.48,201,81,87,66,91,58,116,68,,,,,,,0.12,0.0,0.22,0.34,1.43,1.26,63,39,69,35,82,37,181,54,1.03,0.23
223,True,True,100.0,100.0,247632,0,0,-3,3,0,3,1.8,1.8,1,Pedro,1.3,560,False,,2024-12-09T09:30:06.764738Z,62,247632.jpg,2.1,False,Lomba Neto,0.7,False,,a,6,8,34,241706,939,298522,2169,0.2,5.5,Neto,173.0,2024-08-11,908,1,2,2,10,0,0,0,6,0,0,4,153,170.6,276.1,170.0,61.7,9,0.67,1.82,2.49,13.76,218,93,63,50,109,72,117,69,4.0,,,,,,0.07,0.0,0.18,0.25,1.36,0.99,67,42,247,116,251,110,236,73,0.89,0.2
224,True,False,0.0,0.0,488464,0,0,0,0,0,2,0.0,0.0,0,Caleb,0.0,575,False,Loaned to Strasbourg,2024-08-13T07:07:06.645739Z,40,488464.jpg,0.0,False,Wiley,0.0,False,,u,6,8,0,0,0,3696,12,0.0,0.0,Wiley,,,0,0,0,0,0,0,0,0,0,0,0,0,0,0.0,0.0,0.0,0.0,0,0.00,0.00,0.00,0.00,530,188,510,185,474,171,530,188,,,,,,,0.0,0.0,0.0,0.0,0.0,0.0,642,184,470,169,536,187,611,208,0.0,0.0
225,True,True,100.0,100.0,508479,0,0,-3,3,0,1,1.2,1.2,2,Filip,0.7,581,False,,2024-11-21T08:30:09.544798Z,42,508479.jpg,2.5,False,Jørgensen,0.2,False,,a,6,8,5,12285,493,31010,249,0.2,1.2,Jørgensen,58.0,2024-07-30,180,0,0,0,3,0,0,0,0,0,7,0,13,56.8,0.0,0.0,5.7,2,0.00,0.00,0.00,2.23,353,31,552,53,522,41,405,32,,,,,,,0.0,3.5,0.0,0.0,1.12,1.5,587,38,315,25,177,29,356,51,1.0,0.0
226,True,True,,,428399,0,0,-5,5,0,3,1.5,1.5,1,João,1.0,621,False,,,60,428399.jpg,1.9,False,Félix Sequeira,0.5,False,,a,6,8,19,158892,369,156602,611,0.2,3.2,João Félix,173.0,2024-08-21,347,1,1,1,4,0,0,0,2,0,0,0,76,82.8,92.8,135.0,30.9,3,2.24,0.37,2.61,4.85,320,149,212,134,137,91,248,126,,,,,,,0.58,0.0,0.1,0.68,1.26,1.04,77,51,286,140,280,123,267,82,0.78,0.26
227,True,True,,,547692,0,0,0,0,0,3,0.5,0.5,0,Samuel,0.0,695,False,,,45,547692.jpg,0.0,False,Rak-Sakyi,0.0,False,,a,6,8,0,111,13,48,12,0.0,0.0,Rak-Sakyi,241.0,2024-10-23,0,0,0,0,0,0,0,0,0,0,0,0,0,0.0,0.0,0.0,0.0,0,0.00,0.00,0.00,0.00,649,283,644,284,629,279,649,283,,,,,,,0.0,0.0,0.0,0.0,0.0,0.0,450,279,612,257,655,286,701,315,0.0,0.0
228,True,True,,,550615,0,0,0,0,0,3,0.5,0.5,0,Tyrique,0.0,696,False,,,45,550615.jpg,0.0,False,George,0.0,False,,a,6,8,0,245,34,100,27,0.0,0.0,George,241.0,2024-04-15,0,0,0,0,0,0,0,0,0,0,0,0,0,0.0,0.0,0.0,0.0,0,0.00,0.00,0.00,0.00,652,286,647,287,632,282,652,286,,,,,,,0.0,0.0,0.0,0.0,0.0,0.0,453,282,615,260,658,289,691,310,0.0,0.0
229,True,True,,,577016,0,0,0,0,0,2,0.5,0.5,0,Josh,0.0,697,False,,,40,577016.jpg,0.0,False,Acheampong,0.0,False,,a,6,8,0,1114,104,358,82,0.0,0.0,Acheampong,241.0,2024-03-10,0,0,0,0,0,0,0,0,0,0,0,0,0,0.0,0.0,0.0,0.0,0,0.00,0.00,0.00,0.00,550,206,531,204,498,193,550,206,,,,,,,0.0,0.0,0.0,0.0,0.0,0.0,669,209,492,189,557,206,642,219,0.0,0.0
230,True,True,100.0,100.0,205533,0,0,-1,1,0,4,0.5,1.5,0,Eddie,1.0,11,False,,2024-11-08T15:00:07.256448Z,59,205533.jpg,1.5,False,Nketiah,0.5,False,,a,7,31,19,168509,671,175661,1434,0.2,3.2,Nketiah,241.0,2024-08-30,575,0,1,1,10,0,0,0,3,0,0,0,76,66.0,117.1,177.0,35.8,6,1.49,0.46,1.95,8.28,343,32,183,24,105,29,227,28,,,,,,,0.23,0.0,0.07,0.3,1.3,1.57,82,22,284,31,342,37,269,44,0.94,0.16
231,True,True,100.0,100.0,180736,0,0,-1,1,3,2,4.8,5.8,10,Trevoh,5.3,159,False,,2024-09-13T15:30:06.602568Z,44,180736.jpg,4.5,False,Chalobah,0.9,False,,a,7,31,54,123312,16859,55061,2889,1.2,12.3,Chalobah,241.0,2024-08-30,1060,3,0,3,13,0,0,0,1,0,0,5,216,309.0,59.0,146.0,51.6,12,1.20,0.35,1.55,15.50,96,38,264,70,128,13,151,39,,,,,,,0.1,0.0,0.03,0.13,1.32,1.1,485,91,18,7,32,4,212,83,1.02,0.25
232,True,False,0.0,0.0,466117,0,0,0,0,0,3,0.0,0.0,0,Naouirou,0.0,190,False,Loaned to Rennes,2024-08-31T06:25:25.419519Z,45,466117.jpg,0.0,False,Ahamada,0.1,False,,u,7,31,0,6178,0,33797,63,0.0,0.0,Ahamada,,,0,0,0,0,0,0,0,0,0,0,0,0,0,0.0,0.0,0.0,0.0,0,0.00,0.00,0.00,0.00,617,257,612,259,594,253,617,257,,,,,,,0.0,0.0,0.0,0.0,0.0,0.0,402,244,577,229,624,261,452,164,0.0,0.0
233,True,True,100.0,100.0,438464,0,0,-1,1,0,3,0.2,1.2,1,Cheick,0.7,193,False,,2024-09-14T18:00:06.266238Z,49,438464.jpg,1.3,False,Doucouré,0.1,False,,a,7,31,14,12142,36,18078,60,0.1,2.9,C.Doucouré,132.0,2022-07-11,305,0,1,0,5,0,0,0,1,0,0,0,51,41.8,22.4,21.0,8.5,3,0.38,0.08,0.46,5.68,375,175,347,191,319,172,375,183,,,,,,,0.11,0.0,0.02,0.13,1.68,1.48,265,173,322,162,363,172,516,201,0.89,0.0
234,True,True,100.0,100.0,427623,0,0,-1,1,0,2,0.0,1.0,2,Chris,0.5,194,False,,2024-09-27T15:30:06.509919Z,44,427623.jpg,1.6,False,Richards,0.1,False,,a,7,31,13,6628,66,17947,73,0.1,3.0,C.Richards,229.0,2022-07-27,533,0,0,1,11,0,0,0,1,0,0,0,41,92.4,6.1,8.0,10.7,6,0.12,0.02,0.14,10.51,307,111,409,140,364,126,360,121,,,,,,,0.02,0.0,0.0,0.02,1.77,1.86,508,108,336,107,320,107,443,158,1.01,0.17
235,True,True,100.0,75.0,515621,0,0,-2,2,0,2,-0.5,0.4,0,Chadi,0.0,195,False,,2024-08-28T16:30:04.488064Z,43,515621.jpg,1.0,False,Riad Dnanou,0.0,False,,a,7,31,1,2019,22,13420,14,0.0,0.2,Chadi Riad,145.0,2024-07-02,90,0,0,0,2,0,0,0,0,0,0,0,3,18.2,1.3,0.0,2.0,1,0.00,0.02,0.02,1.39,414,147,434,156,540,217,446,153,,,,,,,0.0,0.0,0.02,0.02,1.39,2.0,568,138,526,214,416,149,531,188,1.0,0.0
236,True,True,,,57328,0,0,-2,2,0,2,-0.5,0.5,0,Nathaniel,0.0,196,False,,,43,57328.jpg,1.6,False,Clyne,0.1,False,,a,7,31,13,7354,74,12044,167,0.0,3.0,Clyne,241.0,2020-10-14,378,0,0,1,9,0,0,0,1,0,0,0,34,51.8,36.0,5.0,9.2,4,0.01,0.13,0.14,8.95,361,125,307,97,384,133,371,125,,,,,,,0.0,0.0,0.03,0.03,2.13,2.14,532,113,513,206,317,104,442,157,0.95,0.24
237,True,False,0.0,0.0,450535,0,0,0,0,0,3,0.0,0.0,0,Malcolm,0.0,197,False,Season long loan to Oxford United,2024-08-06T17:23:26.723638Z,45,450535.jpg,0.0,False,Ebiowei,0.0,False,,u,7,31,0,0,0,467,0,0.0,0.0,Ebiowei,,,0,0,0,0,0,0,0,0,0,0,0,0,0,0.0,0.0,0.0,0.0,0,0.00,0.00,0.00,0.00,608,250,603,252,585,246,608,250,,,,,,,0.0,0.0,0.0,0.0,0.0,0.0,391,236,568,222,615,254,693,311,0.0,0.0
238,True,True,100.0,100.0,232413,0,0,-4,4,1,3,3.0,4.0,10,Eberechi,3.5,199,False,,2024-12-20T16:45:59.233673Z,66,232413.jpg,3.6,False,Eze,7.5,False,,a,7,31,54,1067811,18823,3565542,7556,0.5,8.2,Eze,241.0,2020-08-28,1251,2,2,4,15,0,0,0,1,0,0,6,245,271.8,417.6,368.0,105.6,15,3.91,2.05,5.96,17.68,129,46,28,23,38,22,29,21,1.0,,1.0,,2.0,,0.28,0.0,0.15,0.43,1.27,1.08,39,20,73,37,76,33,49,14,1.08,0.29
239,True,True,100.0,0.0,209036,0,0,0,0,1,2,1.5,0.0,0,Marc,2.0,200,False,,2024-12-27T00:30:09.395954Z,45,209036.jpg,2.9,False,Guéhi,5.7,False,,a,7,31,53,618439,2185,753197,23461,0.4,11.8,Guéhi,241.0,2021-07-18,1620,2,1,4,26,2,0,0,5,0,0,5,226,475.0,106.6,128.0,70.9,18,1.25,0.43,1.68,26.60,17,3,192,45,142,17,94,17,,,,,,,0.07,0.0,0.02,0.09,1.48,1.44,376,68,172,55,133,38,73,25,1.0,0.22
240,True,True,,,172649,0,0,0,0,2,1,2.7,3.7,2,Dean,3.2,201,False,,,45,172649.jpg,3.4,False,Henderson,11.7,False,,a,7,31,64,938739,21340,1373454,18200,0.7,14.2,Henderson,241.0,2023-08-31,1710,0,0,4,27,0,1,0,2,0,57,4,216,475.4,10.0,4.0,48.9,19,0.01,0.01,0.02,27.54,16,6,396,9,394,1,169,6,,,,,,,0.0,3.0,0.0,0.0,1.45,1.42,370,16,82,7,88,14,30,5,1.0,0.21
241,True,True,,,156074,0,0,-2,2,0,2,-0.5,0.5,0,Rob,0.0,202,False,,,43,156074.jpg,0.0,False,Holding,0.1,False,,a,7,31,0,3012,42,8124,72,0.0,0.0,Holding,241.0,2023-09-01,0,0,0,0,0,0,0,0,0,0,0,0,0,0.0,0.0,0.0,0.0,0,0.00,0.00,0.00,0.00,569,221,558,220,531,211,569,221,,,,,,,0.0,0.0,0.0,0.0,0.0,0.0,544,119,518,209,576,221,469,168,0.0,0.0
242,True,True,100.0,75.0,108413,0,0,-1,1,0,3,3.3,3.2,4,Will,3.8,203,False,,2024-12-27T02:30:09.403097Z,49,108413.jpg,2.1,False,Hughes,0.1,False,,a,7,31,36,8757,646,8501,239,0.8,7.3,Hughes,241.0,2021-08-28,1086,0,3,3,17,0,0,0,7,0,0,3,159,216.2,303.2,55.0,57.4,12,0.68,1.57,2.25,18.78,177,68,58,45,249,136,132,79,2.0,,,,,,0.06,0.0,0.13,0.19,1.56,1.41,237,151,56,29,241,104,497,187,0.99,0.25
243,True,True,100.0,100.0,209400,0,0,-4,4,0,3,0.3,1.3,1,Daichi,0.8,205,False,,2024-11-09T20:00:07.600072Z,51,209400.jpg,1.3,False,Kamada,0.1,False,,a,7,31,19,13666,41,58919,98,0.2,3.7,Kamada,108.0,2024-07-01,718,0,0,1,16,0,0,0,2,1,0,0,92,112.4,189.3,75.0,37.9,8,0.62,0.76,1.38,13.30,283,127,118,83,218,126,218,111,5.0,,,,,,0.08,0.0,0.1,0.18,1.67,2.01,182,111,305,154,366,175,440,162,1.0,0.13
244,True,True,100.0,100.0,152551,0,0,-2,2,0,3,1.5,2.5,2,Jefferson,2.0,206,False,,2024-10-27T22:00:06.083970Z,48,152551.jpg,1.5,False,Lerma Solís,0.1,False,,a,7,31,23,6190,124,8537,115,0.4,4.8,Lerma,48.0,2023-07-01,1002,0,0,2,15,0,0,0,4,0,0,0,142,175.6,92.6,112.0,38.2,11,0.62,1.01,1.63,14.24,215,91,213,135,163,102,217,110,,,,,,,0.06,0.0,0.09,0.15,1.28,1.35,291,191,177,76,335,154,512,197,0.99,0.18
245,True,True,,,231747,0,0,-3,3,1,4,2.3,3.3,2,Jean-Philippe,2.8,207,False,,,72,231747.jpg,3.1,False,Mateta,3.1,False,,a,7,31,59,596469,3959,890434,15861,0.4,8.2,Mateta,73.0,2022-01-31,1422,4,1,3,22,0,0,0,2,0,0,9,203,225.2,231.6,358.0,81.2,17,5.49,0.89,6.38,23.19,169,20,90,5,41,17,72,18,,,,,1.0,,0.35,0.0,0.06,0.41,1.47,1.39,24,9,111,19,125,18,107,18,1.08,0.19
246,True,True,0.0,0.0,536694,0,0,-1,1,0,3,0.0,0.0,0,Matheus,0.0,208,False,Groin Injury - Expected back 04 Jan,2024-09-27T15:30:06.533416Z,44,536694.jpg,0.0,False,França de Oliveira,0.3,False,,i,7,31,0,121996,32,107171,785,0.0,0.0,M.França,30.0,2023-08-05,0,0,0,0,0,0,0,0,0,0,0,0,0,0.0,0.0,0.0,0.0,0,0.00,0.00,0.00,0.00,586,237,580,239,558,231,586,237,,,,,,,0.0,0.0,0.0,0.0,0.0,0.0,520,309,544,208,593,241,309,97,0.0,0.0
247,True,True,,,169593,0,0,-1,1,0,1,-0.5,0.5,0,Remi,0.0,209,False,,,39,169593.jpg,0.0,False,Matthews,0.6,False,,a,7,31,0,31376,586,68454,638,0.0,0.0,Matthews,241.0,2021-07-13,0,0,0,0,0,0,0,0,0,0,0,0,0,0.0,0.0,0.0,0.0,0,0.00,0.00,0.00,0.00,489,40,464,16,422,3,489,40,,,,,,,0.0,0.0,0.0,0.0,0.0,0.0,688,66,423,35,497,40,247,40,0.0,0.0
248,True,True,,,244723,0,0,-2,2,1,2,4.5,5.5,2,Tyrick,5.0,210,False,,,48,244723.jpg,3.0,False,Mitchell,1.8,False,,a,7,31,57,174069,3646,227698,5772,1.0,11.9,Mitchell,241.0,2019-12-15,1654,0,3,5,26,0,0,0,2,0,0,3,247,339.0,331.8,73.0,74.8,19,0.34,2.56,2.90,26.80,74,29,46,9,224,62,83,12,,,,,,,0.02,0.0,0.14,0.16,1.46,1.41,309,36,24,9,130,36,152,61,1.03,0.27
249,True,True,100.0,100.0,247348,0,0,-3,3,1,2,3.2,4.2,2,Daniel,3.7,211,False,,2024-12-16T09:30:06.692125Z,47,247348.jpg,3.3,False,Muñoz,4.7,False,,a,7,31,59,578358,14681,514072,14670,0.8,12.6,Muñoz,48.0,2024-01-30,1534,2,2,4,22,0,0,0,5,0,0,3,194,371.0,267.4,288.0,92.7,18,3.35,0.94,4.29,23.51,55,19,67,12,53,1,48,6,,,,,,,0.2,0.0,0.06,0.26,1.38,1.29,330,44,60,19,100,23,83,30,1.06,0.23
250,True,False,0.0,0.0,531989,0,0,0,0,0,3,0.0,0.0,0,David,0.0,212,False,Season long loan to Derby County,2024-07-26T08:51:53.649693Z,45,531989.jpg,0.0,False,Ozoh,0.0,False,,u,7,31,0,0,0,299,2,0.0,0.0,Ozoh,,,0,0,0,0,0,0,0,0,0,0,0,0,0,0.0,0.0,0.0,0.0,0,0.00,0.00,0.00,0.00,641,275,637,277,621,271,641,275,,,,,,,0.0,0.0,0.0,0.0,0.0,0.0,442,271,605,250,648,279,702,316,0.0,0.0
251,True,False,0.0,0.0,450542,0,0,0,0,0,3,0.0,0.0,0,Jesurun,0.0,213,False,Loaned to Sheffield United,2024-08-20T12:16:48.741122Z,45,450542.jpg,0.0,False,Rak-Sakyi,0.0,False,,u,7,31,0,755,0,19340,29,0.0,0.0,Rak-Sakyi,,,0,0,0,0,0,0,0,0,0,0,0,0,0,0.0,0.0,0.0,0.0,0,0.00,0.00,0.00,0.00,610,252,605,254,587,248,610,252,,,,,,,0.0,0.0,0.0,0.0,0.0,0.0,393,238,570,224,617,256,560,226,0.0,0.0
252,True,True,,,86417,-1,1,-4,4,0,3,-0.3,0.7,0,Jeffrey,0.2,214,False,,,46,86417.jpg,1.0,False,Schlupp,0.1,False,,a,7,31,11,8927,91,14758,141,0.0,2.4,Schlupp,81.0,2017-01-13,94,0,0,0,3,0,0,0,0,0,0,0,40,21.8,32.6,46.0,9.9,0,0.17,0.08,0.25,1.53,407,191,318,181,259,143,367,179,,,,,,,0.16,0.0,0.08,0.24,1.46,2.87,342,221,396,191,436,203,491,184,0.0,0.0
253,True,True,100.0,100.0,55494,0,0,-2,2,0,2,-0.5,0.5,0,Joel,0.0,215,False,,2024-12-13T17:00:06.193525Z,43,55494.jpg,0.0,False,Ward,0.1,False,,a,7,31,0,3675,55,11542,92,0.0,0.0,Ward,241.0,2012-05-29,0,0,0,0,0,0,0,0,0,0,0,0,0,0.0,0.0,0.0,0.0,0,0.00,0.00,0.00,0.00,566,220,554,219,524,210,566,220,,,,,,,0.0,0.0,0.0,0.0,0.0,0.0,531,112,512,205,573,220,456,164,0.0,0.0
254,True,True,0.0,0.0,496221,0,0,-3,3,0,3,0.0,0.0,0,Adam,0.0,216,False,Groin Injury - Expected back 15 Jan,2024-11-01T16:30:07.622710Z,47,496221.jpg,1.9,False,Wharton,0.2,False,,i,7,31,15,18687,16,52898,162,0.0,3.2,Wharton,241.0,2024-02-01,621,0,0,1,9,0,0,0,0,0,0,0,104,112.6,131.4,53.0,29.7,8,0.22,0.60,0.82,9.39,282,126,165,111,252,138,255,130,4.0,,,,,,0.03,0.0,0.09,0.12,1.36,1.3,336,217,637,273,276,120,398,140,1.16,0.14
255,True,True,100.0,100.0,224068,-1,1,-1,1,0,1,-0.5,0.5,0,Matt,0.0,445,False,,2024-10-05T17:30:07.013947Z,39,224068.jpg,0.0,False,Turner,9.8,False,,a,7,31,0,238661,4619,1032028,10903,0.0,0.0,Turner,229.0,2024-08-30,0,0,0,0,0,0,0,0,0,0,0,0,0,0.0,0.0,0.0,0.0,0,0.00,0.00,0.00,0.00,492,43,467,19,425,6,492,43,,,,,,,0.0,0.0,0.0,0.0,0.0,0.0,694,69,427,38,500,43,37,8,0.0,0.0
256,True,True,,,232185,0,0,-1,1,2,3,5.0,6.0,2,Ismaïla,5.5,585,False,,,59,232185.jpg,3.5,False,Sarr,5.4,False,,a,7,31,66,659576,16866,112696,28364,0.9,11.2,I.Sarr,189.0,2024-08-01,1180,4,3,3,18,0,0,0,3,0,0,6,265,312.6,271.8,514.0,109.8,12,3.90,3.08,6.98,17.84,94,33,64,51,14,8,26,20,,,,,,,0.3,0.0,0.23,0.53,1.36,1.37,83,54,17,8,81,36,78,26,0.92,0.23
257,True,True,25.0,25.0,574398,0,0,-1,1,0,3,-0.1,0.1,0,Franco,0.0,644,False,Hamstring injury - 25% chance of playing,2024-11-13T09:30:08.263810Z,44,574398.jpg,0.0,False,Umeh-Chibueze,0.0,False,,d,7,31,0,5365,52,4204,55,0.0,0.0,Umeh-Chibueze,104.0,2024-02-18,0,0,0,0,0,0,0,0,0,0,0,0,0,0.0,0.0,0.0,0.0,0,0.00,0.00,0.00,0.00,590,241,584,243,563,236,590,241,,,,,,,0.0,0.0,0.0,0.0,0.0,0.0,527,315,548,212,597,245,600,256,0.0,0.0
258,True,True,,,489706,0,0,0,0,0,3,0.3,1.3,0,Justin,0.8,645,False,,,45,489706.jpg,2.0,False,Devenny,0.2,False,,a,7,31,16,38580,162,19246,979,0.2,3.6,Devenny,242.0,2024-03-13,228,1,0,0,3,0,0,0,0,0,0,1,65,73.6,69.9,29.0,17.4,2,0.45,0.31,0.76,4.76,331,156,249,156,296,162,328,162,3.0,,2.0,,,,0.18,0.0,0.12,0.3,1.88,1.18,412,247,296,148,262,112,361,122,0.79,0.0
259,True,True,,,579075,0,0,0,0,0,3,-0.5,0.5,0,Asher,0.0,646,False,,,45,579075.jpg,1.0,False,Agbinone,0.0,False,,a,7,31,2,8617,57,5810,87,0.0,0.4,Agbinone,241.0,2024-07-30,4,0,0,0,0,0,0,0,0,0,0,0,4,4.0,10.6,1.0,1.5,0,0.02,0.01,0.03,0.00,460,216,386,209,418,222,457,217,,,,,,,0.45,0.0,0.22,0.67,0.0,0.0,464,288,622,263,433,200,541,215,0.0,0.0
260,True,True,,,530318,0,0,0,0,0,3,-0.5,0.5,0,Kaden,0.0,647,False,,,45,530318.jpg,0.0,False,Rodney,0.0,False,,a,7,31,0,3948,35,2934,38,0.0,0.0,Rodney,241.0,2022-07-08,0,0,0,0,0,0,0,0,0,0,0,0,0,0.0,0.0,0.0,0.0,0,0.00,0.00,0.00,0.00,639,274,635,276,619,270,639,274,,,,,,,0.0,0.0,0.0,0.0,0.0,0.0,440,270,603,249,646,278,589,247,0.0,0.0
261,True,True,,,437499,0,0,0,0,0,2,3.7,4.7,2,Maxence,4.2,650,False,,,45,437499.jpg,3.0,False,Lacroix,0.4,False,,a,7,31,48,58203,1801,21771,2064,0.9,10.7,Lacroix,73.0,2024-08-30,1440,1,1,4,22,0,0,0,3,0,0,2,198,328.4,42.5,95.0,46.6,16,1.47,0.44,1.91,22.29,82,33,296,90,182,41,179,53,,,,,,,0.09,0.0,0.03,0.12,1.39,1.38,388,74,46,15,129,35,277,105,1.0,0.25
262,True,True,,,590012,0,0,0,0,0,2,-0.3,0.7,0,Caleb,0.2,666,False,,,40,590012.jpg,1.0,False,Kporha,0.0,False,,a,7,31,2,4083,61,2824,74,0.0,0.5,Kporha,241.0,2024-07-30,11,0,0,0,1,0,0,0,0,0,0,0,1,8.0,4.6,0.0,1.3,0,0.00,0.02,0.02,0.06,447,155,412,143,503,198,460,159,,,,,,,0.0,0.0,0.16,0.16,0.49,8.18,674,214,387,131,407,141,559,197,0.0,0.0
263,True,True,,,576980,0,0,0,0,0,4,-0.5,0.5,0,Zach,0.0,676,False,,,45,576980.jpg,0.0,False,Marsh,0.4,False,,a,7,31,0,68072,1382,34081,1957,0.0,0.0,Marsh,241.0,2023-07-18,0,0,0,0,0,0,0,0,0,0,0,0,0,0.0,0.0,0.0,0.0,0,0.00,0.00,0.00,0.00,658,61,653,61,638,61,658,61,,,,,,,0.0,0.0,0.0,0.0,0.0,0.0,461,75,620,58,663,63,290,45,0.0,0.0
264,True,True,100.0,100.0,440323,0,0,-1,1,0,4,0.7,0.7,2,Armando,0.7,156,False,,2024-12-14T22:00:07.921932Z,54,440323.jpg,1.0,False,Broja,0.1,False,,a,8,11,4,9542,263,14151,163,0.1,0.7,Broja,2.0,2024-08-30,125,0,0,0,2,0,0,0,1,0,0,0,2,11.6,26.7,21.0,5.3,1,0.07,0.08,0.15,1.31,434,41,332,38,322,42,413,43,,,,,,,0.05,0.0,0.06,0.11,0.94,1.44,131,39,325,36,456,49,482,65,0.72,0.0
265,True,True,100.0,100.0,121599,0,0,-4,4,0,3,2.5,2.5,2,Abdoulaye,2.5,217,False,,2024-11-01T10:30:06.244300Z,51,121599.jpg,2.3,False,Doucouré,0.2,False,,a,8,11,37,22089,196,54410,412,0.5,7.3,A.Doucoure,132.0,2020-09-08,1252,0,0,7,17,0,0,0,0,0,0,0,137,119.8,202.3,77.0,39.8,15,0.66,0.52,1.18,19.21,275,121,109,78,208,121,208,108,,,,,,,0.05,0.0,0.04,0.09,1.38,1.22,172,107,130,58,213,92,362,123,1.08,0.5
266,True,True,,,486385,0,0,-1,1,0,4,0.5,0.5,1,Norberto Bercique,0.5,218,False,,,49,486385.jpg,1.5,False,Gomes Betuncal,0.5,False,,a,8,11,17,125051,1219,130373,1373,0.1,3.5,Beto,90.0,2023-08-29,211,1,0,0,9,0,0,0,1,0,0,2,51,46.2,2.4,131.0,17.5,1,1.65,0.00,1.65,3.76,372,37,426,47,139,32,327,34,,,,,,,0.7,0.0,0.0,0.7,1.6,3.84,272,55,342,37,339,36,254,42,0.43,0.0
267,True,True,100.0,100.0,480455,0,0,-2,2,0,2,3.3,3.3,0,Jarrad,3.3,219,False,,2024-11-14T10:00:08.223634Z,48,480455.jpg,3.3,False,Branthwaite,1.1,False,,a,8,11,36,89110,2037,210277,3574,0.7,7.5,Branthwaite,241.0,2020-06-20,816,0,0,5,8,0,0,0,2,0,0,1,161,158.4,19.5,32.0,21.0,9,0.17,0.16,0.33,10.05,231,87,355,118,285,89,304,101,,,,,,,0.02,0.0,0.02,0.04,1.11,0.88,318,39,78,23,102,25,198,80,0.99,0.55
268,True,True,100.0,100.0,177815,0,0,-6,6,1,4,2.2,2.2,1,Dominic,2.2,220,False,,2024-09-18T19:30:06.748871Z,54,177815.jpg,2.8,False,Calvert-Lewin,1.6,False,,a,8,11,50,939655,1949,994980,4489,0.4,9.3,Calvert-Lewin,241.0,2016-10-01,1321,2,2,8,13,0,0,0,1,0,0,3,122,154.4,104.1,450.0,70.4,16,4.65,0.57,5.22,20.03,236,22,200,25,22,11,96,20,,,,,1.0,,0.32,0.0,0.04,0.36,1.36,0.89,125,37,162,27,150,21,168,28,1.09,0.55
269,True,True,75.0,75.0,59949,0,0,-2,2,0,2,0.2,0.2,0,Séamus,0.3,221,False,Muscle injury - 75% chance of playing,2024-12-29T08:30:08.755300Z,43,59949.jpg,1.0,False,Coleman,0.0,False,,d,8,11,3,4525,23,6649,181,0.1,0.7,Coleman,104.0,2009-02-02,196,0,0,0,4,0,0,0,1,0,0,0,9,38.0,1.9,21.0,6.2,2,0.62,0.01,0.63,4.32,381,135,429,154,312,102,396,132,,,,,,,0.28,0.0,0.0,0.28,1.98,1.84,534,114,357,117,413,147,545,192,0.92,0.0
270,True,True,100.0,100.0,80801,0,0,-2,2,0,3,2.2,2.2,1,Idrissa,2.2,222,False,,2024-09-19T14:30:05.586621Z,48,80801.jpg,2.1,False,Gueye,0.1,False,,a,8,11,35,10181,276,11553,219,0.5,7.3,Gana,189.0,2022-09-01,1316,0,0,6,21,0,0,0,3,0,0,0,188,185.0,151.8,75.0,41.1,15,0.84,0.73,1.57,19.90,211,87,142,99,217,125,204,105,,,,,,,0.06,0.0,0.05,0.11,1.36,1.44,286,187,158,68,240,103,481,179,1.03,0.41
271,True,True,0.0,0.0,232928,0,0,-1,1,0,3,0.0,0.0,0,James,0.0,223,False,Back injury - Unknown return date,2024-10-17T14:00:07.870350Z,49,232928.jpg,1.8,False,Garner,0.0,False,,i,8,11,7,1181,1,2920,12,0.0,1.4,Garner,241.0,2022-09-01,251,0,0,1,4,0,0,0,1,0,0,0,36,54.0,20.9,5.0,7.9,2,0.05,0.05,0.10,4.49,359,167,352,193,387,207,381,187,,,2.0,,,,0.02,0.0,0.02,0.04,1.61,1.43,263,171,656,285,293,130,629,271,0.72,0.36
272,True,True,100.0,100.0,221399,0,0,-3,3,0,3,1.8,1.8,1,Jack,1.8,224,False,,2024-09-19T14:30:05.601507Z,52,221399.jpg,1.9,False,Harrison,0.1,False,,a,8,11,33,16162,102,25041,222,0.3,6.3,Harrison,241.0,2023-08-14,935,0,1,4,14,0,0,0,0,0,0,0,104,102.0,190.3,146.0,43.1,11,2.21,1.06,3.27,16.74,295,132,117,82,130,87,194,101,,,,,,,0.21,0.0,0.1,0.31,1.61,1.35,162,97,198,90,278,122,432,157,1.06,0.39
273,True,False,0.0,0.0,194164,0,0,0,0,0,2,0.0,0.0,0,Mason,0.0,225,False,Loaned to West Bromwich Albion,2024-08-31T08:24:25.909228Z,40,194164.jpg,1.0,False,Holgate,0.2,False,,u,8,11,1,11786,0,49099,174,0.0,0.2,Holgate,,,5,0,0,0,1,0,0,0,0,0,0,0,-1,0.0,0.0,0.0,0.0,0,0.00,0.00,0.00,0.07,507,175,485,172,449,158,507,175,,,,,,,0.0,0.0,0.0,0.0,1.26,18.0,612,166,446,156,400,135,380,136,0.0,0.0
274,True,True,0.0,0.0,490094,0,0,-1,1,0,3,0.0,0.0,0,Tim,0.0,226,False,Foot injury - Unknown return date,2024-10-17T14:00:07.887629Z,44,490094.jpg,1.3,False,Iroegbunam,0.4,False,,i,8,11,8,190169,24,187507,703,0.0,1.8,Iroegbunam,241.0,2024-06-22,381,0,0,0,13,0,0,0,2,0,0,0,29,47.0,27.1,29.0,10.4,4,0.21,0.08,0.29,8.36,370,173,331,187,295,161,363,178,,,,,,,0.05,0.0,0.02,0.07,1.97,3.07,513,302,538,202,359,168,288,91,0.94,0.0
275,True,True,,,222627,0,0,-1,1,0,1,0.0,0.0,0,João,0.0,227,False,,,39,222627.jpg,0.0,False,Neves Virgínia,0.7,False,,a,8,11,0,57103,784,53909,1111,0.0,0.0,J.Virginia,173.0,2018-08-27,0,0,0,0,0,0,0,0,0,0,0,0,0,0.0,0.0,0.0,0.0,0,0.00,0.00,0.00,0.00,491,42,466,18,424,5,491,42,,,,,,,0.0,0.0,0.0,0.0,0.0,0.0,693,68,426,37,499,42,239,35,0.0,0.0
276,True,True,100.0,100.0,106611,0,0,0,0,1,2,0.0,0.0,0,Michael,0.0,228,False,,2024-12-06T10:30:07.770742Z,40,106611.jpg,3.6,False,Keane,5.4,False,,a,8,11,32,1374503,6096,1059400,19173,0.0,8.0,Keane,241.0,2017-07-03,810,2,0,2,16,0,0,0,4,0,0,3,89,221.6,22.9,84.0,33.0,9,0.43,0.02,0.45,14.16,171,65,346,114,197,48,241,74,,,,,,,0.05,0.0,0.0,0.05,1.57,1.78,603,160,441,153,69,16,79,27,1.0,0.22
277,True,False,0.0,0.0,115382,0,0,-1,1,0,4,0.0,0.0,0,Neal,0.0,229,False,Transferred to Marseille,2024-08-31T06:13:30.372925Z,49,115382.jpg,0.0,False,Maupay,0.3,False,,u,8,11,0,20402,0,161999,169,0.0,0.0,Maupay,,,0,0,0,0,0,0,0,0,0,0,0,0,0,0.0,0.0,0.0,0.0,0,0.00,0.00,0.00,0.00,676,66,672,65,664,66,676,66,,,,,,,0.0,0.0,0.0,0.0,0.0,0.0,239,52,649,63,678,67,321,52,0.0,0.0
278,True,True,50.0,50.0,433154,0,0,-3,3,2,3,0.9,0.9,0,Dwight,1.8,230,False,Knee injury - 50% chance of playing,2024-12-14T22:30:07.956313Z,52,433154.jpg,5.0,False,McNeil,2.0,False,,d,8,11,65,1710532,342,1630532,9408,0.3,12.5,McNeil,241.0,2022-07-28,1140,3,5,4,21,0,0,0,1,0,0,6,299,287.4,547.4,169.0,100.5,13,0.87,3.96,4.82,17.67,118,40,7,7,110,73,38,26,1.0,,,,,,0.07,0.0,0.31,0.38,1.4,1.66,163,98,199,91,17,8,141,43,1.03,0.32
279,True,True,100.0,100.0,224967,0,0,-2,2,0,2,4.3,4.3,1,Vitalii,4.3,231,False,,2024-10-07T00:30:07.641913Z,43,224967.jpg,3.4,False,Mykolenko,5.7,False,,a,8,11,54,633510,16327,899500,14401,1.0,12.6,Mykolenko,225.0,2022-01-01,1375,0,1,6,20,0,0,0,2,0,0,5,191,230.2,176.0,48.0,45.6,16,0.28,0.63,0.91,19.74,163,61,125,26,256,77,185,55,,,,,,,0.02,0.0,0.04,0.06,1.29,1.31,556,128,38,11,85,18,72,24,1.05,0.39
280,True,True,100.0,75.0,440993,0,0,-1,1,1,4,3.0,2.2,2,Iliman,3.0,232,False,,2024-12-27T02:30:09.454143Z,54,440993.jpg,2.9,False,Ndiaye,0.6,False,,a,8,11,53,235818,2398,199676,2893,0.6,9.8,Ndiaye,189.0,2024-07-03,1423,3,0,9,16,0,0,0,2,0,0,9,263,308.8,207.2,252.0,77.1,16,1.82,0.84,2.66,18.90,97,11,105,8,61,23,76,19,,,,,,,0.12,0.0,0.05,0.17,1.2,1.01,132,40,96,15,140,20,245,40,1.01,0.57
281,True,True,100.0,100.0,243571,0,0,-1,1,0,2,0.5,0.5,1,Nathan,0.5,234,False,,2024-08-12T14:30:04.567805Z,44,243571.jpg,1.0,False,Patterson,0.0,False,,a,8,11,3,1465,44,2702,35,0.1,0.7,Patterson,243.0,2022-01-04,40,0,0,0,0,0,0,0,0,0,0,0,18,17.8,35.0,4.0,5.7,0,0.00,0.29,0.29,0.65,417,149,311,99,393,137,407,138,,,,,,,0.0,0.0,0.65,0.65,1.46,0.0,506,106,335,106,418,150,607,206,0.0,0.0
282,True,True,,,111234,0,0,0,0,3,1,5.2,5.2,1,Jordan,5.2,235,False,,,50,111234.jpg,4.6,False,Pickford,13.1,False,,a,8,11,83,1031034,38358,1251481,18166,1.0,16.6,Pickford,241.0,2017-07-01,1620,0,0,7,24,0,2,0,4,0,54,10,276,498.8,10.3,0.0,50.7,18,0.00,0.10,0.10,24.20,15,5,388,3,677,68,160,5,,,,,,,0.0,3.0,0.01,0.01,1.34,1.33,193,8,21,2,25,4,27,4,1.0,0.39
283,True,True,100.0,100.0,17761,0,0,-2,2,1,2,3.3,3.3,0,James,3.3,236,False,,2024-09-18T22:30:07.010253Z,48,17761.jpg,3.2,False,Tarkowski,1.7,False,,a,8,11,57,195890,1828,246688,5852,0.7,11.9,Tarkowski,241.0,2022-07-01,1611,0,0,7,24,0,0,0,4,0,0,5,237,438.8,104.4,128.0,67.4,18,0.74,1.25,1.99,24.20,25,6,198,49,143,18,102,20,,,,,,,0.04,0.0,0.07,0.11,1.35,1.34,283,32,77,22,111,29,159,66,1.01,0.39
284,True,True,100.0,100.0,491012,0,0,-1,1,0,4,0.0,0.0,0,Youssef,0.0,237,False,,2024-08-05T15:00:04.380259Z,49,491012.jpg,0.0,False,Ramalho Chermiti,0.0,False,,a,8,11,0,3054,83,3338,67,0.0,0.0,Y. Chermiti,173.0,2023-08-11,0,0,0,0,0,0,0,0,0,0,0,0,0,0.0,0.0,0.0,0.0,0,0.00,0.00,0.00,0.00,682,68,677,67,671,68,682,68,,,,,,,0.0,0.0,0.0,0.0,0.0,0.0,276,56,661,65,683,69,615,74,0.0,0.0
285,True,True,100.0,100.0,18892,0,0,2,-2,1,2,4.2,4.2,1,Ashley,4.2,238,False,,2024-12-23T10:00:08.166370Z,47,18892.jpg,4.5,False,Young,3.5,False,,a,8,11,68,565995,8566,230484,12759,0.9,14.5,Young,241.0,2023-07-13,1266,1,3,7,16,0,0,0,5,1,0,8,232,323.8,243.4,31.0,60.0,15,0.22,1.40,1.62,16.76,87,35,85,17,289,91,122,29,,,1.0,,,,0.02,0.0,0.1,0.12,1.19,1.14,322,40,47,16,33,5,96,36,1.07,0.5
286,True,True,,,463903,0,0,-4,4,0,3,1.2,1.2,1,Jesper,1.2,577,False,,,51,463903.jpg,1.6,False,Lindstrøm,0.1,False,,a,8,11,22,3321,18,13234,64,0.2,4.3,Lindstrøm,58.0,2024-07-26,584,0,0,3,9,0,0,0,0,0,0,0,89,114.2,184.9,148.0,44.7,6,1.47,0.91,2.38,6.70,280,124,122,86,126,84,188,99,2.0,,1.0,,,,0.23,0.0,0.14,0.37,1.03,1.39,184,113,258,124,328,149,505,191,0.92,0.46
287,True,True,,,512462,0,0,-4,4,0,2,0.2,0.2,0,Jake,0.2,582,False,,,46,512462.jpg,0.5,False,O'Brien,0.1,False,,a,8,11,1,6145,40,28546,152,0.0,0.2,O'Brien,104.0,2024-07-30,34,0,0,0,1,0,0,0,1,0,0,0,1,5.0,0.5,0.0,0.5,0,0.00,0.00,0.00,0.82,454,159,442,158,648,234,472,163,,,,,,,0.0,0.0,0.0,0.0,2.17,2.65,354,55,397,134,490,168,403,145,0.0,0.0
288,True,True,,,609873,0,0,0,0,0,3,0.0,0.0,0,Harrison,0.0,603,False,,,45,609873.jpg,0.5,False,Armstrong,0.2,False,,a,8,11,1,32497,151,31857,300,0.0,0.2,Armstrong,241.0,2024-08-09,2,0,0,0,0,0,0,0,1,0,0,0,2,0.0,0.1,2.0,0.2,0,0.00,0.00,0.00,0.00,666,293,459,231,415,220,483,229,,,,,,,0.0,0.0,0.0,0.0,0.0,0.0,472,294,629,268,489,232,370,128,0.0,0.0
289,True,False,0.0,0.0,491557,0,0,0,0,0,3,0.0,0.0,0,Jenson,0.0,614,False,Season long loan to Chesterfield,2024-09-01T09:13:11.888586Z,45,491557.jpg,0.0,False,Metcalfe,0.0,False,,u,8,11,0,777,0,1038,4,0.0,0.0,Metcalfe,,,0,0,0,0,0,0,0,0,0,0,0,0,0,0.0,0.0,0.0,0.0,0,0.00,0.00,0.00,0.00,625,261,621,263,605,257,625,261,,,,,,,0.0,0.0,0.0,0.0,0.0,0.0,418,250,586,234,632,265,676,298,0.0,0.0
290,True,True,,,40349,0,0,0,0,0,1,0.0,0.0,0,Asmir,0.0,624,False,,,40,40349.jpg,0.0,False,Begovic,0.3,False,,a,8,11,0,37059,337,17475,466,0.0,0.0,Begovic,27.0,2024-08-23,0,0,0,0,0,0,0,0,0,0,0,0,0,0.0,0.0,0.0,0.0,0,0.00,0.00,0.00,0.00,502,50,478,27,440,14,502,50,,,,,,,0.0,0.0,0.0,0.0,0.0,0.0,597,44,439,45,510,50,326,49,0.0,0.0
291,True,True,,,496178,0,0,0,0,0,2,0.0,0.0,0,Roman,0.0,627,False,,,40,496178.jpg,0.0,False,Dixon,0.1,False,,a,8,11,0,10683,61,8354,113,0.0,0.0,Dixon,241.0,2024-08-09,90,0,0,0,4,0,0,0,0,0,0,0,0,15.4,0.3,0.0,1.6,1,0.00,0.00,0.00,2.43,427,151,444,159,477,173,453,156,,,,,,,0.0,0.0,0.0,0.0,2.43,4.0,645,186,473,171,539,189,462,165,1.0,0.0
292,True,True,,,179519,0,0,0,0,0,3,2.8,2.8,2,Orel,2.8,651,False,,,50,179519.jpg,2.1,False,Mangala,0.0,False,,a,8,11,31,3469,99,2376,106,0.6,6.2,Mangala,21.0,2024-08-30,942,1,0,4,7,0,0,0,2,0,0,0,134,133.4,92.4,68.0,29.5,10,0.77,0.55,1.32,12.25,254,111,214,136,229,130,258,133,,,,,,,0.07,0.0,0.05,0.12,1.17,0.67,199,124,106,49,243,105,587,245,0.96,0.38
293,True,True,,,547801,0,0,0,0,0,3,0.0,0.0,0,Callum,0.0,678,False,,,45,547801.jpg,0.0,False,Bates,0.0,False,,a,8,11,0,1511,27,1055,39,0.0,0.0,Bates,241.0,2024-11-08,0,0,0,0,0,0,0,0,0,0,0,0,0,0.0,0.0,0.0,0.0,0,0.00,0.00,0.00,0.00,650,284,645,285,630,280,650,284,,,,,,,0.0,0.0,0.0,0.0,0.0,0.0,451,280,613,258,656,287,663,292,0.0,0.0
294,True,True,0.0,0.0,200641,0,0,0,0,0,3,0.0,0.0,0,Reiss,0.7,10,False,Hamstring injury - Expected back 15 Feb,2024-12-05T00:30:07.571778Z,50,200641.jpg,2.2,False,Nelson,0.1,False,,i,9,54,27,15876,4,17386,109,0.1,5.4,Nelson,241.0,2024-08-30,483,1,1,1,9,0,0,0,1,0,0,2,143,131.6,223.9,195.0,55.1,5,1.07,0.96,2.03,6.13,262,116,95,72,88,56,138,83,4.0,,,,,,0.2,0.0,0.18,0.38,1.14,1.68,200,125,323,163,225,97,500,188,0.93,0.19
295,True,True,100.0,50.0,209289,-1,1,-2,2,1,3,1.0,0.5,1,Emile,1.0,19,False,,2024-12-23T10:00:07.834003Z,53,209289.jpg,3.6,False,Smith Rowe,11.1,False,,a,9,54,62,3425406,7401,3955953,44568,0.2,11.7,Smith Rowe,241.0,2024-08-02,1089,3,2,5,14,0,0,0,1,0,0,8,254,251.2,255.5,164.0,67.2,14,2.12,1.29,3.41,13.79,146,56,76,59,115,77,104,63,,,,,,,0.18,0.0,0.11,0.29,1.14,1.16,149,88,282,137,73,30,33,10,1.16,0.41
296,True,True,100.0,100.0,174874,0,0,-3,3,0,2,0.1,0.1,0,Joachim,0.1,191,False,,2024-12-20T17:00:08.228623Z,42,174874.jpg,1.9,False,Andersen,3.9,False,,a,9,54,21,194961,3262,1589720,3584,0.0,5.0,Andersen,58.0,2024-08-23,963,0,0,2,18,0,0,0,3,1,0,3,109,223.4,27.6,58.0,31.0,11,0.25,0.14,0.39,13.67,170,64,329,106,240,70,247,76,,,,,,,0.02,0.0,0.01,0.03,1.28,1.68,579,146,406,137,270,88,89,32,1.03,0.19
297,True,True,,,159533,0,0,-3,3,0,3,1.0,1.0,1,Adama,1.0,239,False,,,47,159533.jpg,2.6,False,Traoré,1.8,False,,a,9,54,46,738167,4618,633490,5135,0.2,9.8,Adama,200.0,2023-08-12,922,1,3,3,14,0,0,0,2,0,0,3,200,194.2,317.9,259.0,77.2,11,2.91,2.51,5.42,12.34,196,78,50,39,59,36,75,47,,,,,,,0.28,0.0,0.25,0.53,1.2,1.37,326,213,276,132,167,70,154,47,1.07,0.29
298,True,True,100.0,100.0,156689,0,0,-5,5,0,3,2.4,2.4,5,Andreas,2.4,240,False,,2024-12-14T22:00:08.101494Z,50,156689.jpg,2.8,False,Hoelgebaum Pereira,1.0,False,,a,9,54,48,122585,4246,390458,1436,0.5,9.6,Andreas,30.0,2022-07-11,1149,2,3,4,14,0,0,1,5,0,0,1,221,210.0,545.0,210.0,96.6,15,2.89,2.62,5.51,13.39,183,71,8,8,82,53,44,31,1.0,,1.0,,1.0,,0.23,0.0,0.21,0.44,1.05,1.1,197,122,136,63,147,63,204,61,1.17,0.31
299,True,True,100.0,100.0,232892,0,0,0,0,0,2,2.0,2.0,1,Calvin,2.0,241,False,,2024-12-09T09:30:06.333045Z,45,232892.jpg,2.1,False,Bassey,0.5,False,,a,9,54,38,60828,2628,54337,1110,0.4,8.4,Bassey,157.0,2023-07-28,1620,0,0,3,23,0,0,0,5,0,0,0,200,296.8,45.5,55.0,39.7,18,0.39,0.14,0.53,21.44,106,40,294,88,248,75,209,65,,,,,,,0.02,0.0,0.01,0.03,1.19,1.28,381,72,173,56,238,78,263,98,1.0,0.17
300,True,True,,,428971,0,0,0,0,0,1,0.0,0.0,0,Steven,0.0,242,False,,,40,428971.jpg,0.0,False,Benda,0.4,False,,a,9,54,0,23380,273,29621,541,0.0,0.0,Benda,80.0,2023-08-30,0,0,0,0,0,0,0,0,0,0,0,0,0,0.0,0.0,0.0,0.0,0,0.00,0.00,0.00,0.00,518,57,496,36,460,23,518,57,,,,,,,0.0,0.0,0.0,0.0,0.0,0.0,627,53,457,52,524,57,282,44,0.0,0.0
301,True,True,100.0,100.0,76357,0,0,-2,2,0,3,1.1,1.1,1,Tom,1.1,243,False,,2024-12-02T00:00:08.212324Z,48,76357.jpg,1.2,False,Cairney,0.0,False,,a,9,54,15,3134,94,5205,46,0.2,3.1,Cairney,243.0,2015-07-07,283,1,0,1,6,0,0,0,2,1,0,0,88,82.0,111.4,27.0,22.2,1,0.07,0.72,0.79,4.27,321,150,188,121,300,163,293,147,,,,,,,0.02,0.0,0.23,0.25,1.36,1.91,285,186,263,127,375,180,557,225,0.32,0.32
302,True,True,100.0,100.0,166477,0,0,-3,3,0,2,2.3,2.3,1,Timothy,2.3,244,False,,2024-10-18T17:30:07.030897Z,42,166477.jpg,2.0,False,Castagne,1.5,False,,a,9,54,18,122254,9964,237105,2564,0.5,4.3,Castagne,21.0,2023-08-29,448,0,1,1,8,0,0,0,0,0,0,0,74,125.2,58.3,58.0,24.3,4,0.12,0.24,0.36,6.82,272,102,267,72,239,69,280,89,,,,,,,0.02,0.0,0.05,0.07,1.37,1.61,578,145,137,38,258,85,174,70,0.8,0.2
303,True,True,,,219924,0,0,-1,1,0,2,2.1,2.1,1,Issa,2.1,245,False,,,44,219924.jpg,1.6,False,Diop,0.2,False,,a,9,54,23,24350,654,28450,409,0.5,5.2,Diop,73.0,2022-08-10,1020,0,0,1,13,1,0,0,2,0,0,0,105,197.8,28.9,75.0,29.9,11,0.51,0.03,0.54,14.28,192,76,325,104,216,57,253,77,,,,,,,0.04,0.0,0.0,0.04,1.26,1.15,491,97,165,49,319,106,328,124,0.97,0.09
304,True,False,0.0,0.0,515024,0,0,0,0,0,3,0.0,0.0,0,Luke,0.0,246,False,Season long loan to Birmingham City,2024-08-06T17:24:03.566492Z,45,515024.jpg,0.0,False,Harris,0.0,False,,u,9,54,0,0,0,940,1,0.0,0.0,Harris,,,0,0,0,0,0,0,0,0,0,0,0,0,0,0.0,0.0,0.0,0.0,0,0.00,0.00,0.00,0.00,633,268,629,270,613,264,633,268,,,,,,,0.0,0.0,0.0,0.0,0.0,0.0,433,264,596,243,640,272,681,301,0.0,0.0
305,True,True,,,153133,1,-1,4,-4,2,3,4.4,4.4,2,Alex,4.4,247,False,,,59,153133.jpg,4.5,False,Iwobi,7.7,False,,a,9,54,85,1205642,69458,460542,29043,0.7,14.4,Iwobi,157.0,2023-09-01,1660,5,3,5,22,0,0,0,1,0,0,9,382,454.8,514.5,408.0,137.8,19,2.64,3.67,6.31,22.21,21,7,13,11,29,16,11,8,,,,,,,0.14,0.0,0.2,0.34,1.2,1.19,81,53,35,18,36,14,47,13,1.03,0.27
306,True,True,,,80201,0,0,0,0,0,1,3.0,3.0,3,Bernd,3.0,248,False,,,50,80201.jpg,3.2,False,Leno,2.9,False,,a,9,54,60,310573,24321,305389,4725,0.6,12.0,Leno,80.0,2022-08-02,1710,0,1,3,25,0,0,0,2,0,58,2,263,507.2,10.0,0.0,51.6,19,0.00,0.02,0.02,23.57,14,4,397,10,675,66,152,2,,,,,,,0.0,3.05,0.0,0.0,1.24,1.32,189,6,92,9,113,18,111,16,1.0,0.16
307,True,True,100.0,100.0,212314,0,0,-2,2,0,3,1.7,1.7,2,Saša,1.7,249,False,,2024-12-23T10:00:08.180866Z,48,212314.jpg,1.8,False,Lukić,0.1,False,,a,9,54,25,4713,197,6388,108,0.4,5.2,Lukić,190.0,2023-01-31,1074,0,1,2,17,0,0,0,7,0,0,1,150,161.8,144.1,6.0,31.2,13,0.07,0.61,0.68,14.75,228,98,151,104,381,203,244,123,2.0,,,,3.0,,0.01,0.0,0.05,0.06,1.24,1.42,300,198,206,94,291,128,519,203,1.09,0.17
308,True,False,0.0,0.0,120721,0,0,0,0,0,2,0.0,0.0,0,Kevin,0.0,250,False,Transferred to FC Midtjylland,2024-08-31T06:24:47.127908Z,40,120721.jpg,0.0,False,Mbabu,0.2,False,,u,9,54,0,8149,0,42871,147,0.0,0.0,Mbabu,,,0,0,0,0,0,0,0,0,0,0,0,0,0,0.0,0.0,0.0,0.0,0,0.00,0.00,0.00,0.00,504,174,481,171,444,156,504,174,,,,,,,0.0,0.0,0.0,0.0,0.0,0.0,605,162,443,155,512,175,390,140,0.0,0.0
309,True,True,,,244042,0,0,-5,5,0,4,3.0,3.0,1,Rodrigo,3.0,251,False,,,55,244042.jpg,2.3,False,Muniz Carvalho,2.1,False,,a,9,54,42,761317,5626,1219939,8207,0.5,7.6,Muniz,30.0,2021-08-20,562,3,1,2,10,0,0,0,1,0,0,5,164,150.0,74.9,259.0,48.3,5,2.50,0.10,2.60,8.09,241,23,245,28,60,22,174,24,,,,,,,0.4,0.0,0.02,0.42,1.3,1.6,111,32,98,16,214,27,137,22,0.8,0.32
310,True,True,,,102057,0,0,0,0,1,4,3.4,3.4,9,Raúl,3.4,252,False,,,55,102057.jpg,3.9,False,Jiménez,6.3,False,,a,9,54,74,1957300,83908,1373781,14047,0.6,13.5,Raúl,139.0,2023-07-25,1132,6,2,4,15,0,0,0,2,0,0,13,272,301.4,145.7,503.0,95.4,14,5.60,1.35,6.95,15.47,104,13,150,17,16,8,46,10,,,,,2.0,,0.45,0.0,0.11,0.56,1.23,1.19,103,30,75,11,57,16,66,14,1.11,0.32
311,True,False,0.0,0.0,82514,0,0,0,0,0,2,0.0,0.0,0,Tim,0.0,253,False,Permanent transfer to Charlotte FC,2024-08-09T11:16:10.995330Z,45,82514.jpg,0.0,False,Ream,0.0,False,,u,9,54,0,0,0,1192,1,0.0,0.0,Ream,,,0,0,0,0,0,0,0,0,0,0,0,0,0,0.0,0.0,0.0,0.0,0,0.00,0.00,0.00,0.00,593,230,587,230,567,225,593,230,,,,,,,0.0,0.0,0.0,0.0,0.0,0.0,359,59,552,221,600,230,671,229,0.0,0.0
312,True,True,0.0,0.0,153366,0,0,-3,3,0,3,0.0,0.0,0,Harrison,0.0,254,False,Knee injury - Expected back 05 Jan,2024-11-22T17:00:09.110556Z,47,153366.jpg,0.8,False,Reed,0.0,False,,i,9,54,6,2441,1,5324,19,0.0,1.3,Reed,241.0,2020-08-30,54,0,0,0,2,0,0,0,2,0,0,0,23,9.2,18.4,9.0,3.7,0,0.01,0.09,0.10,2.96,444,211,359,198,361,192,424,202,,,,,,,0.02,0.0,0.15,0.17,4.93,3.33,325,212,632,271,478,228,573,234,0.0,0.0
313,True,True,,,169528,0,0,4,-4,0,2,3.7,3.7,4,Antonee,3.7,255,False,,,49,169528.jpg,3.5,False,Robinson,23.3,False,,a,9,54,66,2921047,94395,1374971,14845,0.8,13.5,Robinson,229.0,2020-08-20,1710,0,7,3,25,0,0,0,4,0,0,5,297,529.0,407.4,132.0,107.0,19,0.50,2.58,3.08,23.57,8,1,30,5,138,16,27,1,,,,,,,0.03,0.0,0.14,0.17,1.24,1.32,244,27,62,20,78,17,16,6,1.0,0.16
314,True,False,0.0,0.0,490146,0,0,0,0,0,4,0.0,0.0,0,Jay,0.0,256,False,Transferred to Birmingham City,2024-08-31T09:25:38.042723Z,50,490146.jpg,1.0,False,Stansfield,0.0,False,,u,9,54,1,4673,0,11872,15,0.0,0.2,Stansfield,,,1,0,0,0,0,0,0,0,0,0,0,0,2,0.0,0.0,0.0,0.0,0,0.00,0.00,0.00,0.67,694,72,691,72,686,72,694,72,,,,,,,0.0,0.0,0.0,0.0,60.3,0.0,222,50,679,69,452,48,546,69,0.0,0.0
315,True,True,0.0,0.0,167074,0,0,0,0,0,2,0.0,0.0,0,Kenny,1.1,257,False,Knee injury - Expected back 15 Feb,2024-12-14T22:30:08.002508Z,45,167074.jpg,2.5,False,Tete,0.3,False,,i,9,54,37,55726,9,62696,1008,0.2,8.2,Tete,152.0,2020-09-10,1262,0,2,2,17,0,0,0,3,0,0,0,152,258.8,120.9,115.0,49.4,15,1.02,0.44,1.46,16.77,141,52,174,39,157,25,166,46,,,,,,,0.07,0.0,0.03,0.1,1.2,1.21,369,63,261,83,181,52,323,123,1.07,0.14
316,True,True,100.0,100.0,245824,0,0,0,0,0,4,0.1,0.1,0,Carlos Vinícius,0.1,258,False,,2024-09-13T15:30:06.747794Z,50,245824.jpg,1.0,False,Alves Morais,0.3,False,,a,9,54,1,43606,704,82099,740,0.0,0.2,Vinicius,30.0,2022-09-01,3,0,0,0,0,0,0,0,0,0,0,0,6,4.0,0.0,19.0,2.3,0,0.06,0.00,0.06,0.00,461,47,684,69,330,43,442,45,,,,,,,1.8,0.0,0.0,1.8,0.0,0.0,211,46,416,45,451,47,300,48,0.0,0.0
317,True,True,,,153682,0,0,-3,3,1,3,3.3,3.3,8,Harry,3.3,259,False,,,52,153682.jpg,3.1,False,Wilson,0.5,False,,a,9,54,47,98545,18779,64758,2357,0.6,9.0,Wilson,244.0,2021-07-24,513,5,0,1,8,0,0,0,2,0,0,4,160,189.0,81.4,239.0,50.1,4,2.86,0.26,3.12,8.57,205,84,228,145,68,41,163,92,3.0,,3.0,,,,0.5,0.0,0.05,0.55,1.5,1.4,160,96,79,39,122,53,252,79,0.7,0.18
318,True,True,100.0,100.0,184349,0,0,-3,3,0,2,0.3,0.3,0,Ryan,0.3,579,False,,2024-11-29T14:30:06.735790Z,42,184349.jpg,1.0,False,Sessegnon,0.1,False,,a,9,54,2,5247,90,16936,116,0.1,0.5,Sessegnon,241.0,2024-07-26,5,0,0,0,0,0,0,0,0,0,0,0,3,2.0,0.0,0.0,0.2,0,0.00,0.00,0.00,0.30,472,165,549,217,518,207,482,167,,,,,,,0.0,0.0,0.0,0.0,5.4,0.0,580,147,356,116,411,145,436,155,0.0,0.0
319,True,True,100.0,100.0,246301,0,0,-1,1,0,2,0.4,0.4,0,Jorge,0.4,586,False,,2024-11-29T14:30:06.749491Z,44,246301.jpg,1.0,False,Cuenca Barreno,0.0,False,,a,9,54,4,1787,35,5346,46,0.1,0.9,J.Cuenca,200.0,2024-08-03,93,0,0,0,3,0,0,0,0,0,0,0,17,24.8,0.0,0.0,2.4,1,0.00,0.00,0.00,2.56,396,141,573,228,551,223,440,150,,,,,,,0.0,0.0,0.0,0.0,2.48,2.9,507,107,346,110,419,151,537,190,0.97,0.0
320,True,True,,,577725,0,0,0,0,0,3,0.7,0.7,1,Josh,0.7,604,False,,,45,577725.jpg,1.7,False,King,0.1,False,,a,9,54,5,13653,149,13287,151,0.2,1.1,King,241.0,2024-02-02,72,0,0,1,0,0,0,0,0,0,0,0,16,18.8,26.4,10.0,5.6,1,0.00,0.06,0.06,0.27,412,194,334,189,359,191,409,196,,,,,,,0.0,0.0,0.08,0.08,0.34,0.0,462,286,318,158,305,137,453,165,1.25,1.25
321,True,True,,,573062,0,0,0,0,0,3,0.1,0.1,0,Martial,0.1,605,False,,,45,573062.jpg,1.0,False,Godo,0.0,False,,a,9,54,1,4891,36,5196,61,0.0,0.2,Godo,241.0,2022-08-22,14,0,0,0,0,0,0,0,0,0,0,0,1,1.0,0.5,6.0,0.8,0,0.00,0.00,0.00,0.05,478,224,441,225,380,202,467,220,,,,,,,0.0,0.0,0.0,0.0,0.32,0.0,458,285,413,195,432,199,554,222,0.0,0.0
322,True,True,50.0,50.0,207189,0,0,0,0,0,3,0.8,0.8,0,Sander,1.6,622,False,Ankle injury - 50% chance of playing,2024-12-23T10:00:08.707768Z,50,207189.jpg,1.9,False,Berge,0.0,False,,d,9,54,26,3487,6,3102,55,0.3,5.2,Berge,161.0,2024-08-22,956,0,0,2,14,0,0,0,2,0,0,2,155,172.4,149.5,17.0,33.8,10,0.08,0.29,0.37,14.16,217,92,143,100,335,180,237,121,,,,,,,0.01,0.0,0.03,0.04,1.33,1.32,201,126,213,99,277,121,597,254,0.94,0.19
323,True,True,,,591385,0,0,0,0,0,2,0.0,0.0,0,Samuel,0.0,690,False,,,40,591385.jpg,0.0,False,Amissah,0.0,False,,a,9,54,0,2247,96,1359,78,0.0,0.0,Amissah,241.0,2023-07-19,0,0,0,0,0,0,0,0,0,0,0,0,0,0.0,0.0,0.0,0.0,0,0.00,0.00,0.00,0.00,555,211,536,209,504,199,555,211,,,,,,,0.0,0.0,0.0,0.0,0.0,0.0,675,215,497,194,562,211,619,212,0.0,0.0
324,True,True,100.0,100.0,462387,0,0,-2,2,0,4,0.8,0.3,1,Ali,0.8,260,False,,2024-10-05T09:30:06.031534Z,48,462387.jpg,0.7,False,Al-Hamadi,0.3,False,,a,10,40,7,54613,511,70261,767,0.2,1.5,Al-Hamadi,103.0,2024-01-29,123,0,0,0,4,0,0,0,3,0,0,0,14,5.6,25.4,32.0,6.0,0,0.35,0.04,0.39,3.03,451,44,336,39,284,41,402,42,,,,,2.0,,0.26,0.0,0.03,0.29,2.22,2.93,315,61,300,32,483,52,307,50,0.0,0.0
325,True,False,0.0,0.0,517178,0,0,0,0,0,2,0.0,0.0,0,Elkan,0.0,261,False,Season long loan to Blackpool,2024-08-07T08:20:38.133494Z,40,517178.jpg,0.0,False,Baggott,0.0,False,,u,10,40,0,0,0,2693,14,0.0,0.0,Baggott,,,0,0,0,0,0,0,0,0,0,0,0,0,0,0.0,0.0,0.0,0.0,0,0.00,0.00,0.00,0.00,541,197,521,194,487,182,541,197,,,,,,,0.0,0.0,0.0,0.0,0.0,0.0,656,196,483,180,548,197,621,213,0.0,0.0
326,True,True,100.0,100.0,173818,0,0,-1,1,0,3,1.0,0.5,3,Nathan,1.0,262,False,,2024-11-13T14:30:07.893005Z,49,173818.jpg,1.4,False,Broadhead,0.0,False,,a,10,40,7,1075,31,1814,11,0.2,1.4,Broadhead,244.0,2023-01-09,133,0,0,1,0,0,0,0,0,0,0,0,28,23.0,28.2,35.0,8.6,1,0.55,0.05,0.60,2.26,400,187,326,186,279,153,374,182,,,1.0,,3.0,,0.37,0.0,0.03,0.4,1.53,0.0,246,156,280,135,352,164,649,285,0.68,0.68
327,True,True,,,122411,0,0,0,0,0,2,1.0,0.5,0,Cameron,1.0,263,False,,,40,122411.jpg,1.7,False,Burgess,2.3,False,,a,10,40,15,336324,804,139681,6497,0.2,3.8,Burgess,13.0,2021-08-15,810,0,1,0,17,0,0,0,0,0,0,0,76,207.6,41.5,73.0,32.3,9,0.55,0.22,0.77,18.58,185,72,297,91,221,59,242,75,,,,,,,0.06,0.0,0.02,0.08,2.06,1.89,606,163,270,89,299,98,129,52,1.0,0.0
328,True,True,100.0,100.0,149929,0,0,-2,2,0,3,1.7,1.2,3,Wes,1.7,264,False,,2024-11-13T14:30:07.906131Z,48,149929.jpg,1.7,False,Burns,0.0,False,,a,10,40,26,4557,111,10439,100,0.4,5.4,Burns,244.0,2021-06-09,814,0,1,1,20,0,0,0,1,0,0,0,125,98.4,136.5,58.0,28.6,10,0.36,1.14,1.50,21.67,298,135,159,108,241,134,265,136,,,,,,,0.04,0.0,0.13,0.17,2.4,2.21,290,190,205,93,307,139,538,213,1.11,0.11
329,True,True,,,196411,0,0,-4,4,0,3,2.5,2.0,0,Conor,2.5,265,False,,,51,196411.jpg,2.2,False,Chaplin,0.1,False,,a,10,40,33,7383,49,24154,132,0.5,6.5,Chaplin,241.0,2021-07-27,605,1,2,1,12,0,0,0,1,0,0,0,115,95.6,120.4,86.0,29.7,7,1.18,0.54,1.72,14.60,303,139,176,114,195,114,256,131,,,,,,,0.18,0.0,0.08,0.26,2.17,1.79,177,110,131,59,227,99,446,163,1.04,0.15
330,True,True,100.0,100.0,232228,0,0,0,0,0,2,0.7,0.2,0,Harry,0.7,266,False,,2024-10-26T20:00:07.408041Z,40,232228.jpg,0.1,False,Clarke,0.1,False,,a,10,40,1,9659,125,7760,193,0.2,0.2,H.Clarke,241.0,2023-01-19,377,0,0,0,10,1,0,0,1,1,0,0,-5,48.2,24.4,35.0,10.5,4,0.08,0.10,0.18,9.10,365,128,339,110,278,86,362,122,,,,,,,0.02,0.0,0.02,0.04,2.17,2.39,623,175,312,97,494,170,471,169,0.95,0.0
331,True,True,,,455084,0,0,0,0,2,2,1.8,1.3,5,Leif,1.8,267,False,,,45,455084.jpg,2.5,False,Davis,1.9,False,,a,10,40,47,324487,757,306247,5310,0.4,10.4,Davis,241.0,2022-07-25,1710,1,2,2,33,0,0,0,4,0,0,5,186,332.8,539.3,104.0,97.6,19,0.63,3.45,4.08,39.85,78,31,10,2,171,33,41,5,1.0,,4.0,,,,0.03,0.0,0.18,0.21,2.1,1.74,395,76,194,61,182,53,148,58,1.0,0.11
332,True,True,100.0,100.0,463034,0,0,1,-1,2,4,2.8,2.3,11,Liam,2.8,268,False,,2024-12-16T09:30:06.820569Z,56,463034.jpg,4.0,False,Delap,2.5,False,,a,10,40,72,1132112,13140,938095,9338,0.5,12.9,Delap,241.0,2024-07-13,1355,7,2,3,22,0,0,0,6,0,0,10,256,304.8,190.9,417.0,90.8,17,4.74,1.00,5.74,28.48,101,12,116,11,28,13,51,12,,,,,,,0.31,0.0,0.07,0.38,1.89,1.46,100,27,108,17,54,15,119,20,1.13,0.2
333,True,False,0.0,0.0,214964,0,0,0,0,0,2,0.0,0.0,0,George,0.0,269,False,Loaned to Middlesbrough,2024-08-31T08:22:49.668219Z,40,214964.jpg,1.0,False,Edmundson,0.1,False,,u,10,40,1,2076,0,14319,62,0.0,0.2,Edmundson,,,1,0,0,0,0,0,0,0,0,0,0,0,3,0.0,0.0,0.0,0.0,0,0.00,0.00,0.00,0.00,514,180,492,177,456,163,514,180,,,,,,,0.0,0.0,0.0,0.0,0.0,0.0,619,171,453,161,401,136,485,175,0.0,0.0
334,True,True,100.0,100.0,449429,0,0,-1,1,0,2,1.5,1.0,6,Jacob,1.5,270,False,,2024-11-22T17:30:09.014564Z,39,449429.jpg,2.0,False,Greaves,3.7,False,,a,10,40,20,774240,11865,455635,6712,0.4,5.1,Greaves,241.0,2024-07-12,900,0,0,2,16,0,0,0,2,0,0,0,93,212.2,17.7,63.0,29.3,10,0.43,0.03,0.46,21.27,180,69,361,121,236,67,259,78,,,,,,,0.04,0.0,0.0,0.04,2.13,1.6,698,231,216,69,253,81,95,35,1.0,0.2
335,True,False,0.0,0.0,167191,0,0,-1,1,0,3,0.0,0.0,0,Marcus,0.0,271,False,Loaned to Derby County,2024-08-31T08:21:56.022360Z,49,167191.jpg,1.0,False,Myers-Harness,0.0,False,,u,10,40,2,347,0,2394,9,0.0,0.4,Harness,,,43,0,0,0,2,0,0,0,0,0,0,0,4,9.4,1.9,6.0,1.7,0,0.00,0.05,0.05,1.36,442,209,430,218,382,204,452,214,,,,,,,0.0,0.0,0.1,0.1,2.85,4.19,242,154,650,280,445,209,656,286,0.0,0.0
336,True,True,0.0,0.0,222625,0,0,-1,1,1,4,0.0,0.0,0,George,0.0,272,False,Knee injury - Expected back 16 Jan,2024-11-22T17:00:09.158802Z,54,222625.jpg,2.1,False,Hirst,0.0,False,,i,10,40,17,10273,11,11058,45,0.0,3.1,Hirst,241.0,2023-07-13,174,1,1,0,4,0,0,0,1,0,0,2,56,60.2,37.0,68.0,16.7,1,0.77,0.10,0.87,6.50,350,34,305,34,230,36,331,35,,,,,1.0,,0.4,0.0,0.05,0.45,3.36,2.07,127,38,689,72,246,30,582,73,0.52,0.0
337,True,False,0.0,0.0,524180,0,0,0,0,0,3,0.0,0.0,0,Cameron,0.0,273,False,Loaned to Wycombe,2024-08-23T12:39:48.370081Z,45,524180.jpg,0.0,False,Humphreys,0.0,False,,u,10,40,0,651,0,5026,9,0.0,0.0,Humphreys,,,0,0,0,0,0,0,0,0,0,0,0,0,0,0.0,0.0,0.0,0.0,0,0.00,0.00,0.00,0.00,638,273,634,275,618,269,638,273,,,,,,,0.0,0.0,0.0,0.0,0.0,0.0,439,269,602,248,645,277,633,275,0.0,0.0
338,True,True,100.0,100.0,503301,0,0,-3,3,0,3,3.0,2.5,9,Omari,3.0,274,False,,2024-11-20T14:00:07.757189Z,52,503301.jpg,2.8,False,Giraud-Hutchinson,0.3,False,,a,10,40,51,52842,1390,81320,590,0.6,9.8,Hutchinson,241.0,2024-07-01,1537,2,1,3,26,0,0,0,4,0,0,4,180,216.0,257.8,239.0,71.4,18,1.44,1.30,2.74,33.06,178,69,74,57,69,42,92,57,,,3.0,,,,0.08,0.0,0.08,0.16,1.94,1.52,167,102,94,44,149,64,308,96,1.05,0.18
339,True,True,100.0,100.0,222018,0,0,-1,1,0,2,1.0,0.5,1,Ben,1.0,275,False,,2024-11-25T09:30:07.489482Z,39,222018.jpg,1.2,False,Johnson,2.3,False,,a,10,40,13,297535,4175,422727,4852,0.3,3.3,Johnson,241.0,2024-07-01,592,0,1,0,15,0,0,0,1,0,0,0,33,129.0,46.5,13.0,18.8,6,0.04,0.24,0.28,18.48,264,98,292,87,345,119,318,105,,,,,,,0.01,0.0,0.04,0.05,2.81,2.28,692,228,267,86,368,120,130,53,0.91,0.0
340,True,False,0.0,0.0,94926,0,0,0,0,0,4,0.0,0.0,0,Freddie,0.0,276,False,Mutual termination of contract,2024-08-31T06:23:26.859072Z,45,94926.jpg,0.0,False,Ladapo,0.5,False,,u,10,40,0,59882,0,210222,683,0.0,0.0,Ladapo,,,0,0,0,0,0,0,0,0,0,0,0,0,0,0.0,0.0,0.0,0.0,0,0.00,0.00,0.00,0.00,594,50,588,50,568,50,594,50,,,,,,,0.0,0.0,0.0,0.0,0.0,0.0,360,63,553,47,601,53,262,43,0.0,0.0
341,True,True,75.0,75.0,106606,0,0,-1,1,0,3,0.0,-0.4,0,Massimo,0.0,277,False,Illness - 75% chance of playing,2024-12-25T22:30:08.205367Z,44,106606.jpg,1.4,False,Luongo,0.2,False,,d,10,40,7,71070,47,81665,570,0.0,1.6,Luongo,13.0,2023-01-05,143,0,0,0,4,0,0,0,0,0,0,0,26,25.0,4.3,0.0,3.0,2,0.00,0.00,0.00,5.08,395,183,413,213,542,224,430,206,,,,,,,0.0,0.0,0.0,0.0,3.2,2.52,481,297,529,199,346,161,327,102,1.26,0.0
342,True,True,100.0,100.0,74944,0,0,-1,1,0,3,1.5,1.0,2,Sam,1.5,278,False,,2024-12-21T21:30:08.223651Z,49,74944.jpg,2.5,False,Morsy,0.2,False,,a,10,40,43,40084,186,49557,255,0.3,8.8,Morsy,63.0,2021-08-31,1523,1,1,2,28,0,0,0,6,0,0,5,252,273.4,214.4,23.0,51.1,17,0.29,0.92,1.21,33.55,125,43,101,74,308,168,157,91,,,,,,,0.02,0.0,0.05,0.07,1.98,1.65,233,150,222,101,186,75,397,139,1.0,0.12
343,True,False,0.0,0.0,246265,0,0,0,0,0,2,0.0,0.0,0,Corrie,0.0,279,False,Permanent transfer to Kilmarnock,2024-08-01T06:52:12.954431Z,40,246265.jpg,0.0,False,Ndaba,0.0,False,,u,10,40,0,0,0,607,2,0.0,0.0,Ndaba,,,0,0,0,0,0,0,0,0,0,0,0,0,0,0.0,0.0,0.0,0.0,0,0.00,0.00,0.00,0.00,516,182,494,179,458,165,516,182,,,,,,,0.0,0.0,0.0,0.0,0.0,0.0,625,177,455,163,522,181,679,233,0.0,0.0
344,True,True,,,434044,0,0,-1,1,0,1,0.0,-0.5,0,Cieran,0.0,280,False,,,39,434044.jpg,0.0,False,Slicker,0.6,False,,a,10,40,0,31585,1890,54044,721,0.0,0.0,Slicker,243.0,2023-07-08,0,0,0,0,0,0,0,0,0,0,0,0,0,0.0,0.0,0.0,0.0,0,0.00,0.00,0.00,0.00,493,44,468,20,426,7,493,44,,,,,,,0.0,0.0,0.0,0.0,0.0,0.0,696,70,429,39,502,44,242,38,0.0,0.0
345,True,True,100.0,100.0,231899,0,0,-2,2,0,3,2.0,1.5,1,Jack,2.0,281,False,,2024-11-22T17:30:09.045912Z,48,231899.jpg,1.3,False,Taylor,0.0,False,,a,10,40,18,2403,49,3952,53,0.4,3.8,Taylor,104.0,2023-06-26,337,1,0,0,3,0,0,0,3,0,0,1,72,88.2,78.8,65.0,23.1,1,0.55,0.71,1.26,6.73,314,146,233,149,234,132,288,145,,,,,,,0.15,0.0,0.19,0.34,1.8,0.8,308,203,178,77,361,170,565,229,0.27,0.0
346,True,True,0.0,0.0,180804,0,0,-1,1,0,2,0.0,0.0,0,Axel,0.0,282,False,Hamstring injury - Unknown return date,2024-11-30T22:00:07.627808Z,39,180804.jpg,1.7,False,Tuanzebe,1.6,False,,i,10,40,15,386140,2168,347821,5276,0.0,3.8,Tuanzebe,50.0,2023-09-08,770,0,0,1,13,0,0,0,3,0,0,0,54,122.2,48.3,19.0,18.9,9,0.18,0.05,0.23,15.48,274,103,288,83,325,108,317,104,,,,,,,0.02,0.0,0.01,0.03,1.81,1.52,689,226,424,147,298,97,167,67,1.05,0.12
347,True,True,,,108813,0,0,-2,2,1,1,1.5,1.0,9,Christian,1.5,283,False,,,43,108813.jpg,5.5,False,Walton,0.2,False,,a,10,40,11,10098,622,18531,141,0.3,2.6,Walton,241.0,2022-01-19,180,0,0,1,2,0,0,0,0,0,7,2,39,56.6,10.0,0.0,6.6,2,0.00,0.00,0.00,4.64,354,32,394,7,528,46,391,30,,,,,,,0.0,3.5,0.0,0.0,2.32,1.0,538,28,218,20,11,2,383,55,1.0,0.5
348,True,True,,,220583,0,0,0,0,0,2,1.3,0.8,6,Luke,1.3,284,False,,,40,220583.jpg,1.7,False,Woolfenden,1.4,False,,a,10,40,12,120069,466,119496,1777,0.3,3.0,Woolfenden,241.0,2017-08-07,557,0,0,1,11,0,0,0,1,0,0,0,55,107.6,3.8,6.0,11.9,6,0.03,0.02,0.05,13.37,289,108,415,145,373,129,352,119,,,,,,,0.0,0.0,0.0,0.0,2.16,1.78,622,174,231,75,300,99,176,71,0.97,0.16
349,True,True,100.0,100.0,155405,0,0,-2,2,0,3,0.7,0.2,1,Kalvin,0.7,359,False,,2024-11-22T17:30:09.216627Z,48,155405.jpg,1.5,False,Phillips,0.1,False,,a,10,40,15,5218,66,11865,54,0.1,3.1,Phillips,241.0,2024-08-16,667,0,0,1,15,0,0,0,1,1,0,0,94,89.4,63.5,27.0,17.8,8,0.33,0.25,0.58,14.69,312,144,257,162,301,164,324,160,2.0,,2.0,,,,0.04,0.0,0.03,0.07,1.98,2.02,292,192,320,160,336,155,509,195,1.08,0.13
350,True,True,100.0,100.0,232917,0,0,-1,1,0,1,2.2,1.7,0,Arijanet,2.2,568,False,,2024-08-17T20:30:06.519689Z,44,232917.jpg,2.8,False,Muric,1.0,False,,a,10,40,48,181729,1470,127182,2604,0.5,10.9,Muric,286.0,2024-07-17,1530,0,0,1,31,0,0,0,1,0,68,5,180,510.6,0.0,0.0,51.0,17,0.00,0.01,0.01,35.21,13,3,572,63,550,54,158,4,,,,,,,0.0,4.0,0.0,0.0,2.07,1.82,503,22,156,17,144,24,207,29,1.0,0.06
351,True,True,,,108053,0,0,0,0,0,2,0.0,-0.5,0,Conor,0.0,583,False,,,40,108053.jpg,1.0,False,Townsend,0.4,False,,a,10,40,1,24897,133,33783,431,0.0,0.2,Townsend,241.0,2024-08-01,1,0,0,0,1,0,0,0,0,0,0,0,2,4.0,10.0,0.0,1.4,0,0.00,0.00,0.00,0.23,458,160,392,133,443,155,458,157,,,,,,,0.0,0.0,0.0,0.0,20.7,90.0,604,161,442,154,398,133,291,110,0.0,0.0
352,True,True,,,172453,0,0,-2,2,0,3,1.2,0.7,1,Sam,1.2,611,False,,,58,172453.jpg,2.6,False,Szmodics,0.2,False,,a,10,40,45,105748,170,104224,673,0.2,7.8,Szmodics,104.0,2024-08-16,903,3,0,2,16,0,0,0,2,0,0,2,132,169.2,80.9,240.0,48.5,12,3.16,0.44,3.60,21.82,221,94,229,146,67,40,172,93,3.0,,,,,,0.31,0.0,0.04,0.35,2.17,1.59,88,57,259,125,176,74,329,103,1.2,0.2
353,True,True,100.0,100.0,454667,0,0,0,0,0,3,2.0,1.5,3,Jens,2.0,619,False,,2024-10-04T00:00:05.976169Z,45,454667.jpg,1.7,False,Cajuste,0.1,False,,a,10,40,22,27177,651,14812,466,0.4,4.9,Cajuste,206.0,2024-08-19,762,0,0,1,16,0,0,0,2,0,0,0,105,68.8,84.3,14.0,16.5,10,0.13,0.23,0.36,19.52,339,160,223,141,344,182,332,164,,,,,,,0.02,0.0,0.03,0.05,2.31,1.89,394,239,174,74,303,135,413,145,1.18,0.12
354,True,True,100.0,100.0,216616,0,0,1,-1,0,2,1.8,1.3,5,Dara,1.8,630,False,,2024-10-18T17:30:07.558521Z,41,216616.jpg,1.8,False,O'Shea,1.8,False,,a,10,40,28,302030,1915,123236,4717,0.4,6.8,O'Shea,104.0,2024-08-25,1412,0,0,2,26,0,0,0,4,0,0,1,138,371.8,12.6,114.0,49.9,16,0.71,0.15,0.86,32.34,54,18,379,130,158,26,164,44,,,,,,,0.05,0.0,0.01,0.06,2.06,1.66,591,154,193,60,287,94,156,63,1.02,0.13
355,True,True,,,443261,0,0,-1,1,0,3,1.3,0.8,0,Jack,1.3,631,False,,,54,443261.jpg,1.6,False,Clarke,0.0,False,,a,10,40,24,7396,64,6679,77,0.2,4.4,J.Clarke,241.0,2024-08-24,513,0,2,0,13,0,0,0,1,0,0,0,98,104.0,117.3,76.0,29.6,4,0.76,0.69,1.45,13.07,293,131,182,117,214,124,257,132,,,,,,,0.13,0.0,0.12,0.25,2.29,2.28,133,78,244,113,329,150,542,216,0.7,0.0
356,True,True,0.0,0.0,229164,0,0,-1,1,0,3,0.0,0.0,0,Chiedozie,0.0,632,False,Achilles injury - Expected back 01 Jun,2024-10-26T20:00:08.138345Z,49,229164.jpg,1.4,False,Ogbene,0.0,False,,i,10,40,7,2393,5,2419,9,0.0,1.4,Ogbene,104.0,2024-08-28,237,0,0,0,3,0,0,0,0,0,0,0,29,22.8,30.2,12.0,6.4,3,0.00,0.05,0.05,2.36,401,188,323,184,352,186,394,193,,,,,,,0.0,0.0,0.02,0.02,0.9,1.14,259,168,654,284,353,165,658,288,1.14,0.0
357,True,True,100.0,100.0,536916,-1,1,-2,2,1,3,1.3,0.8,2,Facundo,1.3,117,False,,2024-12-05T00:30:07.817700Z,48,536916.jpg,3.4,False,Buonanotte,0.8,False,,a,11,13,54,441703,1198,386752,2950,0.3,11.2,Buonanotte,10.0,2024-08-10,1035,4,2,2,22,0,0,0,5,0,0,4,225,319.0,324.6,230.0,87.3,11,3.22,1.67,4.89,20.54,90,29,48,37,72,44,58,37,3.0,,,,,,0.28,0.0,0.15,0.43,1.79,1.91,321,209,238,108,89,40,232,71,0.96,0.17
358,True,True,100.0,0.0,80146,0,0,-3,3,0,3,2.0,0.0,0,Jordan,2.0,192,False,,2024-12-27T00:30:09.361030Z,52,80146.jpg,2.6,False,Ayew,0.2,False,,a,11,13,45,27047,204,56325,523,0.4,8.7,J.Ayew,81.0,2024-08-23,845,4,0,1,24,0,0,0,5,0,0,3,158,184.6,131.6,202.0,51.7,9,2.87,0.58,3.45,16.93,212,88,164,110,86,54,149,90,,,2.0,,2.0,,0.31,0.0,0.06,0.37,1.8,2.56,155,92,183,80,171,72,375,131,0.96,0.11
359,True,True,100.0,100.0,199670,0,0,-4,4,0,4,0.0,-0.5,0,Odsonne,0.0,198,False,,2024-09-05T11:30:06.462155Z,51,199670.jpg,1.2,False,Edouard,0.2,False,,a,11,13,7,37852,222,93214,465,0.0,1.4,Edouard,73.0,2024-08-30,141,0,0,0,3,0,0,0,0,0,0,0,14,5.0,25.0,50.0,8.0,1,0.39,0.07,0.46,3.72,455,45,338,40,255,39,380,40,,,,,,,0.25,0.0,0.04,0.29,2.37,1.91,178,44,683,71,380,39,338,56,0.64,0.0
360,True,True,100.0,100.0,225902,0,0,-1,1,0,3,1.0,0.5,1,Boubakary,1.0,285,False,,2024-12-09T09:30:06.376244Z,44,225902.jpg,1.1,False,Soumaré,0.4,False,,a,11,13,13,83684,2537,61239,1494,0.2,3.0,B.Soumaré,73.0,2021-07-02,741,0,0,0,20,0,0,0,7,0,0,0,94,97.4,81.7,10.0,19.0,8,0.08,0.41,0.49,15.56,300,137,227,144,358,190,316,157,,,,,,,0.01,0.0,0.05,0.06,1.89,2.43,498,299,273,130,385,185,275,84,0.97,0.0
361,True,False,0.0,0.0,461416,0,0,0,0,0,4,0.0,0.0,0,Tom,0.0,286,False,Loaned to Stoke City,2024-08-31T06:20:48.397195Z,45,461416.jpg,0.0,False,Cannon,0.4,False,,u,11,13,0,49177,0,149745,403,0.0,0.0,Cannon,,,0,0,0,0,0,0,0,0,0,0,0,0,0,0.0,0.0,0.0,0.0,0,0.00,0.00,0.00,0.00,612,53,607,53,589,53,612,53,,,,,,,0.0,0.0,0.0,0.0,0.0,0.0,397,66,572,50,619,56,292,46,0.0,0.0
362,True,True,100.0,100.0,197469,0,0,-2,2,0,3,0.5,0.0,1,Hamza,0.5,287,False,,2024-10-04T00:00:05.751780Z,43,197469.jpg,1.0,False,Choudhury,2.0,False,,a,11,13,4,319205,18406,140960,8588,0.1,0.9,Choudhury,18.0,2017-09-18,129,0,0,0,5,0,0,0,0,0,0,0,29,33.8,30.4,6.0,7.0,1,0.00,0.19,0.19,5.28,388,179,322,183,376,199,387,191,,,,,,,0.0,0.0,0.13,0.13,3.68,3.49,549,318,334,167,414,188,139,42,0.7,0.0
363,True,True,100.0,100.0,94147,0,0,0,0,0,2,1.0,0.5,1,Conor,1.0,288,False,,2024-08-12T14:30:04.626270Z,40,94147.jpg,0.8,False,Coady,0.4,False,,a,11,13,6,46349,1443,35638,1103,0.2,1.5,Coady,241.0,2023-07-01,631,0,0,0,20,0,0,0,1,0,0,0,24,134.8,23.1,6.0,16.4,7,0.00,0.45,0.45,16.06,253,93,345,113,372,128,333,110,,,,,,,0.0,0.0,0.06,0.06,2.29,2.85,601,159,269,88,474,160,283,107,1.0,0.0
364,True,True,100.0,100.0,245419,0,0,-2,2,0,4,2.0,1.5,1,Patson,2.0,289,False,,2024-08-12T14:30:04.636525Z,48,245419.jpg,2.0,False,Daka,0.9,False,,a,11,13,14,153295,5821,97456,5646,0.4,2.9,Daka,238.0,2021-07-01,202,1,0,0,5,0,0,0,0,0,0,2,48,56.0,9.6,38.0,10.3,1,0.21,0.00,0.21,4.23,356,36,399,45,273,40,364,38,,,,,3.0,,0.09,0.0,0.0,0.09,1.88,2.23,310,59,179,28,264,32,215,38,0.45,0.0
365,True,True,100.0,100.0,96994,0,0,-3,3,0,3,2.5,2.0,0,Bobby,2.5,290,False,,2024-11-08T16:00:07.429188Z,52,96994.jpg,2.2,False,De Cordova-Reid,0.1,False,,a,11,13,28,6241,55,16076,142,0.5,5.4,De Cordova-Reid,107.0,2024-07-05,271,1,2,0,6,0,0,0,0,0,0,2,88,49.0,20.2,44.0,11.4,2,0.72,0.08,0.80,6.40,364,169,353,194,262,145,356,174,,,,,,,0.24,0.0,0.03,0.27,2.13,1.99,158,94,132,60,228,100,480,178,0.66,0.0
366,True,True,50.0,50.0,218218,0,0,0,0,0,2,0.2,0.0,0,Wout,0.5,291,False,Knock - 50% chance of playing,2024-12-27T02:00:09.574693Z,40,218218.jpg,1.6,False,Faes,8.2,False,,d,11,13,26,1372675,700,1216917,43569,0.1,6.5,Faes,21.0,2022-09-01,1254,1,0,1,28,0,0,0,2,0,0,0,101,333.6,35.3,73.0,44.2,13,0.94,0.19,1.13,27.95,77,30,310,98,222,60,190,58,,,,,,,0.07,0.0,0.01,0.08,2.01,2.01,620,172,332,105,316,103,43,12,0.93,0.07
367,True,True,,,549640,0,0,-1,1,0,3,0.0,-0.5,0,Michael,0.0,292,False,,,44,549640.jpg,0.0,False,Golding,0.2,False,,a,11,13,0,45744,110,35362,417,0.0,0.0,Golding,241.0,2024-07-07,0,0,0,0,0,0,0,0,0,0,0,0,0,0.0,0.0,0.0,0.0,0,0.00,0.00,0.00,0.00,588,239,582,241,560,233,588,239,,,,,,,0.0,0.0,0.0,0.0,0.0,0.0,522,311,546,210,595,243,345,111,0.0,0.0
368,True,True,0.0,0.0,467189,0,0,0,0,0,1,0.0,0.0,0,Mads,1.3,293,False,Groin Injury - Unknown return date,2024-12-14T22:30:08.086057Z,45,467189.jpg,2.4,False,Hermansen,0.6,False,,i,11,13,38,116093,20,117010,3105,0.3,8.4,Hermansen,58.0,2023-07-18,1395,0,0,1,31,0,0,0,0,0,65,0,163,514.4,0.2,0.0,51.5,16,0.00,0.01,0.01,31.84,12,2,455,13,595,59,153,3,,,,,,,0.0,4.19,0.0,0.0,2.05,2.0,403,17,236,22,195,31,251,41,1.03,0.06
369,True,True,,,207270,0,0,-1,1,0,1,0.0,-0.5,0,Daniel,0.0,294,False,,,39,207270.jpg,0.0,False,Iversen,0.8,False,,a,11,13,0,61224,4491,48607,1558,0.0,0.0,Iversen,58.0,2019-07-15,0,0,0,0,0,0,0,0,0,0,0,0,0,0.0,0.0,0.0,0.0,0,0.00,0.00,0.00,0.00,490,41,465,17,423,4,490,41,,,,,,,0.0,0.0,0.0,0.0,0.0,0.0,691,67,425,36,498,41,221,31,0.0,0.0
370,True,True,,,220627,0,0,-2,2,2,2,1.0,0.5,2,James,1.0,295,False,,,43,220627.jpg,2.1,False,Justin,1.9,False,,a,11,13,38,596859,813,453792,6785,0.2,8.8,Justin,241.0,2019-06-28,1553,2,1,1,40,0,0,0,2,0,0,2,111,366.8,105.8,152.0,62.6,18,1.12,0.32,1.44,36.35,58,20,195,47,120,10,113,26,,,,,,,0.06,0.0,0.02,0.08,2.11,2.32,555,127,272,91,232,72,150,60,1.04,0.06
371,True,True,100.0,100.0,481510,0,0,0,0,0,2,1.5,1.0,1,Victor,1.5,296,False,,2024-10-27T22:00:06.301413Z,45,481510.jpg,1.4,False,Kristiansen,0.1,False,,a,11,13,23,13613,199,17987,212,0.3,5.1,Kristiansen,58.0,2023-01-20,1487,0,1,1,35,1,0,0,1,0,0,0,130,343.4,248.6,12.0,60.3,17,0.00,1.13,1.13,33.79,70,26,82,15,351,122,121,28,1.0,,,,,,0.0,0.0,0.07,0.07,2.05,2.12,407,79,221,72,349,117,418,150,1.03,0.06
372,True,False,0.0,0.0,461584,0,0,0,0,0,3,0.0,0.0,0,Wanya,0.0,297,False,Loaned to De Graafschap,2024-08-31T06:21:32.289998Z,45,461584.jpg,0.0,False,Marçal-Madivádua,0.0,False,,u,11,13,0,754,0,4430,5,0.0,0.0,Marcal,,,0,0,0,0,0,0,0,0,0,0,0,0,0,0.0,0.0,0.0,0.0,0,0.00,0.00,0.00,0.00,614,254,609,256,591,250,614,254,,,,,,,0.0,0.0,0.0,0.0,0.0,0.0,399,241,574,226,621,258,624,267,0.0,0.0
373,True,True,,,154048,0,0,-4,4,0,3,2.0,1.5,2,Stephy,2.0,298,False,,,51,154048.jpg,2.4,False,Mavididi,0.3,False,,a,11,13,43,168227,344,192017,717,0.4,8.4,Mavididi,241.0,2023-07-31,1020,2,1,1,24,0,0,0,2,0,0,3,172,205.4,261.9,161.0,62.5,11,1.13,2.82,3.95,22.21,186,73,72,56,117,79,114,66,,,1.0,,4.0,,0.1,0.0,0.25,0.35,1.96,2.12,173,108,180,78,202,84,296,93,0.97,0.09
374,True,True,0.0,0.0,461587,0,0,-3,3,0,3,0.0,0.0,0,Kasey,1.7,299,False,Unknown - Unknown return date,2024-12-29T08:30:08.854035Z,47,461587.jpg,1.9,False,McAteer,0.1,False,,i,11,13,17,10634,3,9765,568,0.4,3.6,McAteer,104.0,2021-12-01,330,0,1,1,6,0,0,0,0,0,0,0,53,52.6,33.9,65.0,14.9,4,0.55,0.10,0.65,9.15,360,168,317,180,233,131,342,167,,,,,,,0.15,0.0,0.03,0.18,2.5,1.64,331,214,204,92,275,119,488,183,1.09,0.27
375,True,True,0.0,0.0,203341,0,0,-1,1,1,3,0.0,0.0,0,Wilfred,0.5,300,False,Hamstring injury - Expected back 29 Dec,2024-12-09T09:30:06.387859Z,49,203341.jpg,2.5,False,Ndidi,0.2,False,,i,11,13,37,105468,9,109975,475,0.1,7.6,Ndidi,157.0,2017-01-03,1216,0,4,1,25,1,0,0,4,0,0,1,204,326.6,155.6,187.0,66.8,15,1.53,1.13,2.66,26.39,84,25,140,97,96,62,105,64,,,,,,,0.11,0.0,0.08,0.19,1.95,1.85,252,162,341,172,187,76,349,115,1.11,0.07
376,True,True,100.0,100.0,473341,0,0,0,0,0,2,0.3,-0.2,1,Caleb,0.3,301,False,,2024-11-30T22:00:07.641824Z,40,473341.jpg,1.3,False,Okoli,0.8,False,,a,11,13,16,170091,341,111088,2410,0.1,4.0,Okoli,106.0,2024-07-09,791,0,0,1,18,0,0,0,2,0,0,1,81,226.6,7.3,36.0,27.0,9,0.14,0.04,0.18,19.41,168,63,405,137,276,84,273,84,,,,,,,0.02,0.0,0.0,0.02,2.21,2.05,641,183,352,112,356,118,222,87,1.02,0.11
377,True,True,0.0,0.0,111931,0,0,-4,4,0,2,0.0,0.0,0,Ricardo,0.0,302,False,Hamstring injury - Expected back 01 Mar,2024-11-10T23:00:07.847243Z,41,111931.jpg,1.0,False,Barbosa Pereira,0.1,False,,i,11,13,2,4845,15,20607,79,0.0,0.5,Ricardo,173.0,2018-06-09,146,0,0,0,4,0,0,0,1,0,0,0,10,13.8,5.7,2.0,2.2,2,0.00,0.03,0.03,2.08,430,153,410,141,406,142,443,152,,,,,,,0.0,0.0,0.02,0.02,1.28,2.47,590,153,507,202,408,142,464,166,1.23,0.0
378,True,False,0.0,0.0,194190,0,0,0,0,0,2,0.0,0.0,0,Harry,0.0,303,False,Season long loan to Sheffield United,2024-08-07T08:21:01.638839Z,40,194190.jpg,0.0,False,Souttar,0.0,False,,u,11,13,0,0,0,1450,6,0.0,0.0,Souttar,,,0,0,0,0,0,0,0,0,0,0,0,0,0,0.0,0.0,0.0,0.0,0,0.00,0.00,0.00,0.00,508,176,486,173,450,159,508,176,,,,,,,0.0,0.0,0.0,0.0,0.0,0.0,613,167,447,157,515,176,655,225,0.0,0.0
379,True,True,100.0,100.0,436680,0,0,0,0,0,1,0.7,0.2,2,Jakub,0.7,304,False,,2024-07-25T11:00:04.015354Z,40,436680.jpg,2.0,False,Stolarczyk,0.1,False,,a,11,13,4,15608,4888,6233,834,0.2,1.0,Stolarczyk,172.0,2020-09-04,180,0,0,0,5,0,0,0,0,0,7,0,14,65.2,0.0,0.0,6.5,2,0.00,0.00,0.00,3.18,344,30,498,38,462,25,393,31,,,,,,,0.0,3.5,0.0,0.0,1.59,2.5,629,55,313,24,256,32,416,60,1.0,0.0
380,True,True,,,244619,0,0,-1,1,0,2,0.0,-0.5,0,Luke,0.0,305,False,,,39,244619.jpg,0.0,False,Thomas,1.9,False,,a,11,13,0,243255,5658,114995,4684,0.0,0.0,Thomas,241.0,2020-07-15,90,0,0,0,4,0,0,0,0,0,0,0,-1,7.8,13.3,10.0,3.1,1,0.02,0.03,0.05,2.40,448,156,376,129,357,124,429,145,,,,,,,0.02,0.0,0.03,0.05,2.4,4.0,695,229,428,148,501,172,145,57,1.0,0.0
381,True,True,100.0,75.0,101668,-1,1,0,0,1,4,3.5,2.2,2,Jamie,3.5,306,False,,2024-12-25T22:30:08.266785Z,55,101668.jpg,4.2,False,Vardy,6.7,False,,a,11,13,71,2368665,6150,2069249,34368,0.6,12.9,Vardy,241.0,2012-07-01,1371,6,3,1,34,0,0,0,4,0,0,10,259,294.6,148.8,375.0,81.5,17,6.12,2.05,8.17,32.79,108,15,145,15,36,15,70,17,,,,,1.0,,0.4,0.0,0.13,0.53,2.15,2.23,102,29,72,10,43,12,60,13,1.12,0.07
382,True,True,100.0,100.0,93100,0,0,0,0,0,2,0.2,-0.3,1,Jannik,0.2,307,False,,2024-10-24T16:30:05.805561Z,40,93100.jpg,0.5,False,Vestergaard,1.6,False,,a,11,13,6,233660,781,265407,2889,0.0,1.5,Vestergaard,58.0,2021-08-13,869,0,0,0,23,0,0,0,4,0,0,0,54,202.2,22.2,30.0,25.6,10,0.04,0.07,0.11,16.30,191,75,350,117,292,92,277,86,,,,,,,0.0,0.0,0.01,0.01,1.69,2.38,600,158,382,126,485,165,169,68,1.04,0.0
383,True,True,,,95463,0,0,0,0,0,1,0.3,-0.2,0,Danny,0.3,308,False,,,40,95463.jpg,1.0,False,Ward,1.9,False,,a,11,13,2,91578,788,146066,2568,0.1,0.5,Ward,244.0,2018-07-20,135,0,0,0,6,0,0,0,0,0,4,0,-5,35.4,0.0,0.0,3.6,1,0.00,0.00,0.00,3.35,384,35,480,29,442,16,425,35,,,,,,,0.0,2.67,0.0,0.0,2.23,4.0,602,46,351,27,397,36,147,20,0.67,0.0
384,True,True,100.0,100.0,157668,0,0,0,0,0,3,0.8,0.3,2,Harry,0.8,309,False,,2024-11-23T17:30:08.809600Z,45,157668.jpg,2.0,False,Winks,6.4,False,,a,11,13,28,1208875,3694,1883870,9641,0.2,6.2,Winks,241.0,2023-07-01,1058,0,2,0,23,0,0,0,3,0,0,0,190,193.2,240.5,21.0,45.7,12,0.16,1.37,1.53,20.41,200,80,86,65,314,170,184,97,2.0,,,,,,0.01,0.0,0.12,0.13,1.74,1.96,367,228,295,147,260,111,64,20,1.02,0.0
385,True,True,,,209042,0,0,-2,2,0,3,0.7,0.2,0,Oliver,0.7,501,False,,,48,209042.jpg,1.2,False,Skipp,0.0,False,,a,11,13,15,4006,31,6026,56,0.1,3.1,Skipp,241.0,2024-08-19,704,0,0,1,19,0,0,0,4,0,0,0,82,74.8,106.2,13.0,19.5,7,0.07,0.27,0.34,19.57,329,154,193,124,347,184,312,155,,,,,,,0.01,0.0,0.03,0.04,2.5,2.43,299,197,321,161,376,181,544,218,0.89,0.13
386,True,True,0.0,0.0,531442,0,0,-3,3,0,3,0.0,0.0,0,Abdul,0.0,570,False,Knee injury - Expected back 01 Jun,2024-11-21T10:30:09.372550Z,52,531442.jpg,2.4,False,Fatawu,0.2,False,,i,11,13,26,68721,10,100229,165,0.0,5.0,A.Fatawu,81.0,2024-07-16,576,0,2,0,14,0,0,0,0,0,0,3,125,147.6,104.3,148.0,40.1,6,0.41,1.42,1.83,11.00,245,104,199,126,127,85,205,106,,,,,,,0.06,0.0,0.22,0.28,1.72,2.19,169,104,685,306,205,87,358,121,0.94,0.0
387,True,True,,,532534,0,0,0,0,0,3,0.2,-0.3,1,Will,0.2,606,False,,,45,532534.jpg,1.0,False,Alves,0.1,False,,a,11,13,1,11807,37,12481,114,0.0,0.2,Alves,241.0,2024-02-09,1,0,0,0,0,0,0,0,0,0,0,0,3,0.0,0.3,0.0,0.0,0,0.00,0.00,0.00,0.00,643,277,449,228,623,273,643,277,,,,,,,0.0,0.0,0.0,0.0,0.0,0.0,444,273,393,188,429,197,458,167,0.0,0.0
388,True,False,0.0,0.0,501770,0,0,0,0,0,2,0.0,0.0,0,Ben,0.0,616,False,Loaned to Oxford United,2024-08-31T06:22:31.067773Z,40,501770.jpg,0.0,False,Nelson,0.0,False,,u,11,13,0,2208,0,3619,15,0.0,0.0,Nelson,,,0,0,0,0,0,0,0,0,0,0,0,0,0,0.0,0.0,0.0,0.0,0,0.00,0.00,0.00,0.00,535,192,515,189,481,177,535,192,,,,,,,0.0,0.0,0.0,0.0,0.0,0.0,649,190,476,174,542,192,609,207,0.0,0.0
389,True,True,,,513527,0,0,-2,2,1,3,3.7,3.2,1,Bilal,3.7,635,False,,,48,513527.jpg,2.3,False,El Khannouss,0.2,False,,a,11,13,32,47262,1760,26341,1411,0.8,6.7,El Khannouss,145.0,2024-08-29,715,1,1,1,21,0,0,0,1,0,0,3,127,132.8,192.3,39.0,36.3,9,0.30,1.07,1.37,18.19,257,113,115,81,271,150,225,116,4.0,,,,,,0.04,0.0,0.13,0.17,2.29,2.64,320,208,61,32,210,89,339,109,1.13,0.13
390,True,True,,,531997,0,0,0,0,0,3,0.0,-0.5,0,Henry,0.0,694,False,,,45,531997.jpg,0.0,False,Cartwright,0.0,False,,a,11,13,0,213,12,60,13,0.0,0.0,Cartwright,241.0,2024-12-13,0,0,0,0,0,0,0,0,0,0,0,0,0,0.0,0.0,0.0,0.0,0,0.00,0.00,0.00,0.00,642,276,638,278,622,272,642,276,,,,,,,0.0,0.0,0.0,0.0,0.0,0.0,443,272,606,251,649,280,696,313,0.0,0.0
391,True,True,,,532535,0,0,0,0,0,2,1.2,0.7,0,Thomas,0.0,708,False,,,40,532535.jpg,0.0,False,Wilson-Brown,0.0,False,,a,11,13,0,37,37,2,2,0.0,0.0,Wilson-Brown,241.0,2022-07-08,0,0,0,0,0,0,0,0,0,0,0,0,0,0.0,0.0,0.0,0.0,0,0.00,0.00,0.00,0.00,542,198,523,196,490,185,542,198,,,,,,,0.0,0.0,0.0,0.0,0.0,0.0,659,199,484,181,549,198,706,239,0.0,0.0
392,True,True,100.0,100.0,116535,0,0,-1,1,1,1,2.7,2.7,6,Alisson,1.7,310,False,,2024-10-05T14:00:07.200306Z,54,116535.jpg,4.5,False,Ramses Becker,6.6,False,,a,12,14,45,807884,20365,1342030,9245,0.3,8.3,A.Becker,30.0,2018-07-19,888,0,0,5,8,0,0,0,0,0,19,5,172,168.4,13.0,0.0,18.0,10,0.00,0.20,0.20,6.91,222,24,378,2,695,72,323,24,,,,,,,0.0,1.93,0.02,0.02,0.7,0.81,121,2,210,19,35,7,61,11,1.01,0.51
393,True,True,100.0,100.0,169187,1,-1,2,-2,2,2,7.0,7.0,15,Trent,6.0,311,True,,2024-11-10T01:30:08.685145Z,72,169187.jpg,4.9,False,Alexander-Arnold,26.0,False,,a,12,14,83,2663394,134311,3082924,15813,0.8,11.5,Alexander-Arnold,241.0,2015-07-01,1309,1,4,7,13,0,0,0,3,0,0,11,352,406.8,544.9,94.0,104.5,16,0.58,4.61,5.19,11.55,37,12,9,1,188,45,33,4,1.0,,1.0,,,,0.04,0.0,0.32,0.36,0.79,0.89,22,1,11,4,20,2,10,3,1.1,0.48
394,True,False,0.0,0.0,535928,0,0,0,0,0,3,0.0,0.0,0,Stefan,0.0,312,False,Loaned to RB Salzburg,2024-08-31T06:19:45.092198Z,45,535928.jpg,0.0,False,Bajčetić Maquieira,0.0,False,,u,12,14,0,2712,0,17225,31,0.0,0.0,Bajcetic,,,0,0,0,0,0,0,0,0,0,0,0,0,0,0.0,0.0,0.0,0.0,0,0.00,0.00,0.00,0.00,645,279,640,280,625,275,645,279,,,,,,,0.0,0.0,0.0,0.0,0.0,0.0,446,275,608,253,651,282,551,220,0.0,0.0
395,True,True,0.0,0.0,492777,0,0,-3,3,0,2,0.0,0.0,0,Conor,0.0,313,False,Hamstring injury - Unknown return date,2024-11-28T10:30:07.495614Z,47,492777.jpg,1.6,False,Bradley,0.2,False,,i,12,14,11,46883,14,93053,352,0.0,2.3,Bradley,242.0,2023-09-25,231,0,0,1,3,0,0,0,1,0,0,0,40,34.0,14.7,76.0,12.4,1,0.41,0.19,0.60,3.38,386,136,372,126,211,54,349,116,,,,,,,0.16,0.0,0.07,0.23,1.32,1.17,335,46,636,232,324,109,341,126,0.39,0.39
396,True,False,0.0,0.0,491970,0,0,0,0,0,3,0.0,0.0,0,Bobby,0.0,315,False,Transferred to RB Salzburg,2024-08-22T11:22:35.466323Z,45,491970.jpg,0.0,False,Clark,0.0,False,,u,12,14,0,444,0,5200,7,0.0,0.0,Clark,,,0,0,0,0,0,0,0,0,0,0,0,0,0,0.0,0.0,0.0,0.0,0,0.00,0.00,0.00,0.00,626,262,622,264,606,258,626,262,,,,,,,0.0,0.0,0.0,0.0,0.0,0.0,419,251,587,235,633,266,626,269,0.0,0.0
397,True,True,,,447203,-1,1,-5,5,0,4,2.3,2.3,0,Darwin,1.3,316,False,,,70,447203.jpg,2.4,False,Núñez Ribeiro,1.9,False,,a,12,14,33,246616,722,641138,4176,0.2,4.7,Darwin,230.0,2022-06-14,719,2,2,2,12,0,0,0,4,0,0,1,140,148.2,86.2,232.0,46.0,7,2.43,0.29,2.72,10.04,243,24,219,26,71,25,181,25,,,,,3.0,,0.3,0.0,0.04,0.34,1.26,1.5,26,11,248,29,207,26,143,24,0.88,0.25
398,True,True,100.0,100.0,194634,0,0,-3,3,0,3,3.7,3.7,6,Diogo,2.7,317,False,,2024-10-20T21:30:07.041173Z,72,194634.jpg,4.6,False,Teixeira da Silva,3.4,False,,a,12,14,51,1158792,5782,2464135,8157,0.4,7.1,Diogo J.,173.0,2020-09-19,569,4,3,4,3,0,0,0,1,0,0,3,149,190.8,96.3,239.0,52.5,7,3.72,0.62,4.34,4.34,203,82,207,130,70,43,145,87,,,,,,,0.59,0.0,0.1,0.69,0.69,0.47,23,14,122,54,28,12,99,32,1.11,0.63
399,True,False,0.0,0.0,496208,0,0,0,0,0,3,0.0,0.0,0,Ben,0.0,318,False,Loaned to Middlesbrough,2024-08-31T06:17:31.171503Z,45,496208.jpg,0.0,False,Doak,0.0,False,,u,12,14,0,1136,0,5519,10,0.0,0.0,Doak,,,0,0,0,0,0,0,0,0,0,0,0,0,0,0.0,0.0,0.0,0.0,0,0.00,0.00,0.00,0.00,628,264,624,266,608,260,628,264,,,,,,,0.0,0.0,0.0,0.0,0.0,0.0,421,253,589,237,635,268,616,262,0.0,0.0
400,True,True,100.0,100.0,444884,0,0,-3,3,0,3,1.8,1.8,1,Harvey,0.8,319,False,,2024-09-08T23:00:06.842081Z,52,444884.jpg,1.0,False,Elliott,0.2,False,,a,12,14,6,14159,134,110408,267,0.2,1.2,Elliott,241.0,2019-07-28,39,0,0,0,0,0,0,0,0,0,0,0,19,10.6,34.5,8.0,5.3,0,0.04,0.15,0.19,0.48,439,206,314,178,366,194,412,198,,,,,,,0.09,0.0,0.35,0.44,1.11,0.0,164,99,306,155,455,216,340,110,0.0,0.0
401,True,True,,,158983,0,0,-4,4,0,3,1.3,1.3,1,Endo,0.3,320,False,,,46,158983.jpg,1.0,False,Wataru,0.1,False,,a,12,14,8,18080,228,30026,256,0.1,1.7,Endo,108.0,2023-08-18,56,0,0,0,0,0,0,0,0,0,0,0,26,16.0,15.7,4.0,3.5,0,0.00,0.03,0.03,0.46,425,199,369,203,395,210,427,204,,,,,,,0.0,0.0,0.05,0.05,0.74,0.0,344,222,365,177,437,204,415,146,0.0,0.0
402,True,True,,,243298,1,-1,-2,2,1,4,7.3,7.3,5,Cody,6.3,321,False,,,73,243298.jpg,3.4,False,Gakpo,5.9,False,,a,12,14,61,714506,96925,530745,14430,0.9,8.4,Gakpo,152.0,2023-01-01,896,5,2,2,10,0,0,0,4,0,0,12,276,300.0,261.9,327.0,88.9,10,3.21,1.84,5.04,8.88,105,14,73,3,44,18,55,13,,,,,,,0.32,0.0,0.18,0.5,0.89,1.0,21,8,9,2,96,17,70,15,1.0,0.2
403,True,True,0.0,,171287,0,0,-1,1,0,2,0.0,2.8,1,Joe,1.8,322,False,Hamstring injury - Unknown return date,2024-12-30T09:30:06.945841Z,49,171287.jpg,1.6,False,Gomez,1.8,False,,i,12,14,14,286390,1242,173148,46208,0.4,2.9,Gomez,241.0,2015-06-20,517,0,0,1,8,0,0,0,1,0,0,0,83,130.4,38.5,58.0,22.8,6,0.33,0.09,0.42,5.38,263,97,302,94,242,71,290,93,,,,,,,0.06,0.0,0.02,0.08,0.94,1.39,245,28,195,62,326,111,157,64,1.04,0.17
404,True,True,,,441266,0,0,0,0,0,3,3.2,3.2,4,Ryan,2.2,323,False,,,50,441266.jpg,2.5,False,Gravenberch,0.8,False,,a,12,14,45,197096,1976,157393,2471,0.4,9.0,Gravenberch,152.0,2023-09-01,1558,0,2,7,16,0,0,0,4,0,0,1,287,271.4,252.0,53.0,57.7,18,0.62,1.85,2.47,15.64,130,47,80,63,253,139,130,77,,,,,,,0.04,0.0,0.11,0.15,0.9,0.92,217,138,159,69,189,77,229,69,1.04,0.4
405,True,True,100.0,100.0,206915,0,0,-2,2,1,3,5.0,5.0,6,Curtis,4.0,324,False,,2024-08-27T11:00:05.666567Z,53,206915.jpg,3.6,False,Jones,0.6,False,,a,12,14,54,142208,5518,99507,2352,0.8,10.2,Jones,241.0,2018-04-06,805,3,3,3,12,0,0,0,1,0,0,4,241,259.0,146.8,270.0,67.7,9,2.95,0.37,3.32,10.22,140,52,146,102,57,35,101,61,,,,,,,0.33,0.0,0.04,0.37,1.14,1.34,146,85,51,25,72,29,248,78,1.01,0.34
406,True,True,,,200720,0,0,-2,2,1,1,2.5,2.5,0,Caoimhin,1.5,325,False,,,43,200720.jpg,4.6,False,Kelleher,2.1,False,,a,12,14,37,705340,936,557795,19789,0.3,8.6,Kelleher,104.0,2016-08-06,720,0,0,3,9,0,1,0,0,0,24,1,127,196.8,0.0,0.0,19.7,8,0.00,0.00,0.00,9.68,194,22,561,58,534,49,309,23,,,,,,,0.0,3.0,0.0,0.0,1.21,1.12,550,31,219,21,24,3,136,19,1.0,0.38
407,True,True,0.0,0.0,204716,0,0,1,-1,0,2,0.0,0.0,0,Ibrahima,0.0,326,False,Knee injury - Unknown return date,2024-11-28T10:30:07.514061Z,51,204716.jpg,3.8,False,Konaté,3.2,False,,i,12,14,46,2094334,674,2096891,10581,0.0,9.0,Konaté,73.0,2021-07-01,974,1,1,5,8,0,0,0,4,0,0,1,200,228.8,46.9,65.0,34.2,11,0.88,0.15,1.03,9.92,167,62,291,86,235,66,233,69,,,,,,,0.08,0.0,0.01,0.09,0.92,0.74,181,22,684,235,63,15,105,40,1.02,0.46
408,True,True,,,244731,1,-1,1,-1,3,3,6.0,6.0,9,Luis,5.0,327,False,,,76,244731.jpg,5.6,False,Díaz,21.7,False,,a,12,14,95,5373749,130637,4132145,27025,0.7,12.5,Luis Díaz,48.0,2022-01-30,1053,8,3,8,9,0,0,0,1,0,0,10,308,394.2,301.3,448.0,114.3,12,4.97,1.69,6.66,9.90,41,12,59,46,23,12,23,17,,,,,,,0.42,0.0,0.14,0.56,0.85,0.77,15,10,28,13,10,5,17,5,1.03,0.68
409,True,True,,,118748,0,0,11,-11,8,3,14.7,14.7,16,Mohamed,13.7,328,True,,,136,118748.jpg,11.2,False,Salah,69.1,False,,a,12,14,202,5793177,57960,2073795,2126,1.0,14.9,M.Salah,63.0,2017-07-01,1583,17,13,8,17,0,0,0,1,0,0,35,654,929.8,494.3,1142.0,256.5,18,14.80,4.12,18.92,16.40,1,1,17,14,1,1,1,1,,,,,2.0,,0.84,0.0,0.23,1.07,0.93,0.97,2,1,1,1,1,1,1,1,1.02,0.45
410,True,True,100.0,100.0,243016,0,0,-3,3,0,3,4.7,4.7,3,Alexis,3.7,329,False,,2024-12-05T00:30:08.282606Z,62,243016.jpg,2.5,False,Mac Allister,1.6,False,,a,12,14,43,145519,4535,272513,5071,0.6,6.9,Mac Allister,10.0,2023-06-14,1231,1,2,7,9,0,0,0,5,0,0,0,241,251.0,317.1,168.0,73.6,15,1.05,2.93,3.98,11.21,147,57,52,40,111,74,88,55,4.0,,,,,,0.08,0.0,0.21,0.29,0.82,0.66,66,41,64,33,190,78,166,51,1.1,0.51
411,True,True,100.0,100.0,491501,0,0,-1,1,0,3,1.0,1.0,0,James,0.0,330,False,,2024-09-10T11:24:32.362482Z,44,491501.jpg,0.0,False,McConnell,0.1,False,,a,12,14,0,8207,81,8226,135,0.0,0.0,McConnell,241.0,2023-07-18,0,0,0,0,0,0,0,0,0,0,0,0,0,0.0,0.0,0.0,0.0,0,0.00,0.00,0.00,0.00,582,233,576,235,554,227,582,233,,,,,,,0.0,0.0,0.0,0.0,0.0,0.0,514,303,539,203,589,237,506,192,0.0,0.0
412,True,True,100.0,100.0,440148,0,0,-1,1,0,3,1.0,1.0,0,Tyler,0.0,331,False,,2024-09-10T11:27:39.864039Z,44,440148.jpg,0.0,False,Morton,0.1,False,,a,12,14,0,28741,122,25007,395,0.0,0.0,Morton,241.0,2021-07-22,0,0,0,0,0,0,0,0,0,0,0,0,0,0.0,0.0,0.0,0.0,0,0.00,0.00,0.00,0.00,580,232,574,234,552,226,580,232,,,,,,,0.0,0.0,0.0,0.0,0.0,0.0,509,301,536,201,587,236,420,148,0.0,0.0
413,True,False,0.0,0.0,197464,0,0,0,0,0,2,0.0,0.0,0,Nathaniel,0.0,332,False,Loaned to Derby County,2024-08-31T06:18:33.693343Z,40,197464.jpg,0.0,False,Phillips,0.1,False,,u,12,14,0,4026,0,16964,50,0.0,0.0,N.Phillips,,,0,0,0,0,0,0,0,0,0,0,0,0,0,0.0,0.0,0.0,0.0,0,0.00,0.00,0.00,0.00,510,178,488,175,452,161,510,178,,,,,,,0.0,0.0,0.0,0.0,0.0,0.0,615,169,449,159,517,178,479,173,0.0,0.0
414,True,True,100.0,100.0,441428,0,0,-6,6,0,2,1.5,1.5,1,Jarell,0.5,333,False,,2024-08-23T09:30:06.099816Z,39,441428.jpg,0.8,False,Quansah,1.8,False,,a,12,14,4,238104,17078,640927,7219,0.1,1.0,Quansah,241.0,2021-12-18,225,0,0,0,4,0,0,0,1,0,0,0,22,59.6,4.8,4.0,6.9,2,0.00,0.13,0.13,3.64,351,124,411,142,390,134,388,128,,,,,,,0.0,0.0,0.05,0.05,1.46,1.6,697,230,331,104,473,159,155,62,0.8,0.0
415,True,False,0.0,0.0,219937,0,0,0,0,0,2,0.0,0.0,0,Rhys,0.0,334,False,Loaned to Morecambe,2024-08-22T11:18:16.485954Z,40,219937.jpg,0.0,False,Williams,0.1,False,,u,12,14,0,828,0,13958,43,0.0,0.0,R.Williams,,,0,0,0,0,0,0,0,0,0,0,0,0,0,0.0,0.0,0.0,0.0,0,0.00,0.00,0.00,0.00,515,181,493,178,457,164,515,181,,,,,,,0.0,0.0,0.0,0.0,0.0,0.0,621,173,454,162,521,180,517,184,0.0,0.0
416,True,True,,,122798,0,0,-1,1,0,2,3.0,3.0,6,Andrew,2.0,335,False,,,59,122798.jpg,3.1,False,Robertson,4.8,False,,a,12,14,52,958395,5791,991453,9176,0.3,8.8,Robertson,243.0,2017-07-21,1289,0,0,7,16,0,0,0,2,1,0,2,246,210.2,375.8,107.0,69.1,16,0.50,2.18,2.68,13.39,182,71,39,7,169,31,98,18,2.0,,,,,,0.03,0.0,0.15,0.18,0.93,1.12,80,7,185,58,124,34,81,28,1.12,0.49
417,True,True,100.0,0.0,424876,0,0,-2,2,1,3,4.8,0.0,0,Dominik,3.8,336,False,,2024-12-27T00:30:09.581631Z,63,424876.jpg,3.5,False,Szoboszlai,1.6,False,,a,12,14,60,335340,1852,423241,7877,0.6,9.5,Szoboszlai,98.0,2023-07-02,1127,2,5,5,12,0,0,0,5,0,0,6,275,233.6,376.1,250.0,85.9,12,3.67,2.74,6.41,11.91,159,62,38,30,63,37,62,41,5.0,,2.0,,,,0.29,0.0,0.22,0.51,0.95,0.96,58,35,59,31,84,39,164,49,0.96,0.4
418,True,True,100.0,100.0,214285,0,0,-4,4,0,2,1.3,1.3,1,Konstantinos,0.3,337,False,,2024-11-25T09:30:07.571904Z,46,214285.jpg,1.9,False,Tsimikas,0.2,False,,a,12,14,15,25247,206,58464,316,0.1,3.3,Tsimikas,83.0,2020-08-10,248,0,0,1,1,0,0,0,0,0,0,1,77,75.4,62.2,21.0,16.1,2,0.08,0.73,0.81,2.24,328,117,259,68,316,105,336,111,3.0,,,,,,0.03,0.0,0.26,0.29,0.81,0.36,346,49,366,122,273,91,377,134,0.73,0.36
419,True,True,,,97032,0,0,5,-5,0,2,3.8,3.8,6,Virgil,2.8,339,False,,,65,97032.jpg,4.1,False,van Dijk,23.6,False,,a,12,14,74,2193223,15017,1258903,47660,0.4,11.4,Virgil,152.0,2018-01-01,1620,1,1,8,17,0,0,0,1,0,0,3,323,419.8,78.8,152.0,65.0,18,0.98,0.36,1.34,16.73,35,11,234,58,121,11,109,23,,,3.0,,,,0.05,0.0,0.02,0.07,0.93,0.94,42,2,110,31,52,10,15,5,1.0,0.44
420,True,True,100.0,100.0,223541,0,0,-2,2,0,3,1.0,1.0,0,Federico,0.0,636,False,,2024-12-26T10:30:09.366339Z,68,223541.jpg,1.0,False,Chiesa,0.1,False,,a,12,14,1,45579,99,46568,203,0.0,0.1,Chiesa,106.0,2024-08-29,18,0,0,0,0,0,0,0,0,0,0,0,-1,0.2,0.9,15.0,1.6,0,0.16,0.08,0.24,0.55,486,230,439,223,341,181,455,215,,,,,,,0.8,0.0,0.4,1.2,2.75,0.0,33,16,705,319,464,224,409,142,0.0,0.0
421,True,True,,,432987,0,0,0,0,0,1,1.0,1.0,0,Vítezslav,0.0,660,False,,,40,432987.jpg,1.0,False,Jaros,0.2,False,,a,12,14,1,35005,33,20532,634,0.0,0.2,Jaros,57.0,2019-07-10,11,0,0,0,0,0,0,0,0,0,1,0,6,8.8,0.0,0.0,0.9,0,0.00,0.00,0.00,0.14,445,38,497,37,461,24,465,38,,,,,,,0.0,8.18,0.0,0.0,1.15,0.0,628,54,458,53,402,37,376,53,0.0,0.0
422,True,True,,,464353,0,0,0,0,0,1,1.0,1.0,0,Harvey,0.0,669,False,,,40,464353.jpg,0.0,False,Davies,0.0,False,,a,12,14,0,1267,36,835,51,0.0,0.0,Davies,241.0,2021-03-09,0,0,0,0,0,0,0,0,0,0,0,0,0,0.0,0.0,0.0,0.0,0,0.00,0.00,0.00,0.00,527,62,507,43,471,30,527,62,,,,,,,0.0,0.0,0.0,0.0,0.0,0.0,638,60,467,58,533,62,628,70,0.0,0.0
423,True,True,,,591386,0,0,0,0,0,3,1.0,1.0,0,Treymaurice,0.0,688,False,,,45,591386.jpg,0.0,False,Nyoni,0.0,False,,a,12,14,0,429,29,232,25,0.0,0.0,Nyoni,241.0,2023-11-11,0,0,0,0,0,0,0,0,0,0,0,0,0,0.0,0.0,0.0,0.0,0,0.00,0.00,0.00,0.00,662,290,657,291,642,286,662,290,,,,,,,0.0,0.0,0.0,0.0,0.0,0.0,467,290,625,265,667,293,687,306,0.0,0.0
424,True,True,,,611926,0,0,0,0,0,2,1.0,1.0,0,Amara,0.0,692,False,,,40,611926.jpg,0.0,False,Nallo,0.0,False,,a,12,14,0,441,23,294,34,0.0,0.0,Nallo,241.0,2024-02-27,0,0,0,0,0,0,0,0,0,0,0,0,0,0.0,0.0,0.0,0.0,0,0.00,0.00,0.00,0.00,560,216,541,214,509,204,560,216,,,,,,,0.0,0.0,0.0,0.0,0.0,0.0,680,220,502,199,567,216,667,228,0.0,0.0
425,True,True,,,500058,0,0,0,0,0,4,2.1,2.1,0,Jayden,0.0,709,False,,,45,500058.jpg,0.0,False,Danns,0.0,False,,a,12,14,0,198,198,26,26,0.0,0.0,Danns,241.0,2024-02-20,0,0,0,0,0,0,0,0,0,0,0,0,0,0.0,0.0,0.0,0.0,0,0.00,0.00,0.00,0.00,632,56,628,56,612,56,632,56,,,,,,,0.0,0.0,0.0,0.0,0.0,0.0,429,69,594,53,639,59,694,78,0.0,0.0
426,True,True,100.0,100.0,211975,0,0,-2,2,0,2,2.1,2.1,7,Manuel,1.6,340,False,,2024-12-05T00:30:08.316605Z,53,211975.jpg,2.2,False,Akanji,2.7,False,,a,13,43,33,381155,3448,626533,2170,0.3,6.2,Akanji,207.0,2022-09-01,1276,0,0,3,18,0,0,0,3,0,0,1,188,238.0,204.2,43.0,48.6,15,0.35,0.98,1.33,19.46,157,57,108,22,264,80,171,50,,,,,,,0.02,0.0,0.07,0.09,1.37,1.27,150,17,215,68,230,70,114,44,1.06,0.21
427,True,True,100.0,100.0,126184,0,0,-2,2,0,2,2.6,2.6,6,Nathan,2.1,341,False,,2024-12-05T00:30:08.334401Z,53,126184.jpg,2.4,False,Aké,0.9,False,,a,13,43,17,51270,1346,244315,571,0.4,3.2,Aké,152.0,2020-08-05,451,0,0,2,7,0,0,0,0,0,0,0,75,64.4,16.1,18.0,9.9,5,0.22,0.12,0.34,9.72,346,122,366,123,332,110,368,123,,,,,,,0.04,0.0,0.02,0.06,1.94,1.4,144,16,167,50,206,63,214,84,1.0,0.4
428,True,True,,,165809,0,0,-2,2,0,3,4.9,4.9,3,Bernardo,4.4,342,False,,,63,165809.jpg,3.4,False,Veiga de Carvalho e Silva,3.7,False,,a,13,43,65,870842,8382,1016876,8341,0.7,10.3,Bernardo,173.0,2017-07-01,1554,2,4,4,25,0,0,0,4,0,0,7,339,340.8,524.9,408.0,127.4,17,2.65,3.08,5.73,24.86,73,22,12,10,30,17,17,13,4.0,,,,,,0.15,0.0,0.18,0.33,1.44,1.45,53,30,36,19,94,44,92,30,0.98,0.23
429,True,True,0.0,0.0,477555,0,0,-3,3,0,3,0.0,0.0,0,Oscar,0.0,343,False,Leg injury - Unknown return date,2024-08-14T22:30:05.558994Z,47,477555.jpg,0.0,False,Bobb,0.1,False,,i,13,43,0,2780,35,29623,71,0.0,0.0,Bobb,161.0,2022-01-06,0,0,0,0,0,0,0,0,0,0,0,0,0,0.0,0.0,0.0,0.0,0,0.00,0.00,0.00,0.00,669,295,664,296,650,291,669,295,,,,,,,0.0,0.0,0.0,0.0,0.0,0.0,333,216,635,272,673,297,511,196,0.0,0.0
430,True,True,,,17601,0,0,0,0,0,1,0.5,0.5,0,Scott,0.0,344,False,,,40,17601.jpg,0.0,False,Carson,0.2,False,,a,13,43,0,13912,135,15502,242,0.0,0.0,Carson,241.0,2021-07-20,0,0,0,0,0,0,0,0,0,0,0,0,0,0.0,0.0,0.0,0.0,0,0.00,0.00,0.00,0.00,499,47,475,24,437,11,499,47,,,,,,,0.0,0.0,0.0,0.0,0.0,0.0,594,41,436,42,507,47,359,52,0.0,0.0
431,True,True,100.0,100.0,61366,0,0,-1,1,2,3,4.4,4.4,3,Kevin,3.9,345,False,,2024-09-18T23:00:07.299083Z,94,61366.jpg,3.8,False,De Bruyne,4.5,False,,a,13,43,46,1022546,7077,1502238,10667,0.4,4.9,De Bruyne,21.0,2015-08-30,729,2,3,4,8,0,0,0,2,0,0,5,200,197.8,418.4,185.0,79.9,8,2.19,3.51,5.70,8.77,193,76,27,22,98,63,73,45,1.0,,1.0,,4.0,,0.27,0.0,0.43,0.7,1.08,0.99,6,5,54,28,65,25,84,27,0.99,0.49
432,True,True,100.0,100.0,248875,0,0,-3,3,0,3,3.9,3.9,0,Jérémy,3.4,346,False,,2024-11-13T14:30:08.065449Z,62,248875.jpg,3.3,False,Doku,1.7,False,,a,13,43,46,440879,1254,658115,6017,0.5,7.4,Doku,21.0,2023-08-24,692,2,3,3,8,0,0,0,0,0,0,2,208,229.4,236.5,225.0,69.2,8,0.69,1.49,2.18,7.42,165,65,89,68,74,46,97,59,,,,,,,0.09,0.0,0.19,0.28,0.97,1.04,68,43,76,38,107,49,161,48,1.04,0.39
433,True,True,50.0,50.0,121160,0,0,-2,2,0,1,0.3,0.3,0,Ederson,0.1,347,False,Leg injury - 50% chance of playing,2024-12-20T16:30:08.692337Z,53,121160.jpg,2.6,False,Santana de Moraes,5.1,False,,d,13,43,34,562141,93,906751,11013,0.0,6.4,Ederson M.,30.0,2017-07-01,1170,0,1,2,19,0,0,0,3,0,29,2,128,276.4,10.0,0.0,28.5,13,0.00,0.01,0.01,17.91,124,18,398,11,694,71,267,18,,,,,,,0.0,2.23,0.0,0.0,1.38,1.46,143,3,418,33,174,28,80,12,1.0,0.15
434,True,True,100.0,100.0,209244,0,0,-3,3,0,3,3.4,3.4,6,Phil,2.9,348,False,,2024-12-05T00:30:08.366700Z,92,209244.jpg,2.7,False,Foden,5.5,False,,a,13,43,38,924266,9474,2118166,10594,0.3,4.1,Foden,241.0,2016-12-05,963,1,2,2,16,0,0,0,2,0,0,3,201,158.6,482.1,223.0,86.6,10,2.17,4.23,6.39,18.77,230,99,19,15,75,47,60,39,3.0,,,,,,0.2,0.0,0.4,0.6,1.75,1.5,7,6,101,47,164,69,75,24,0.93,0.19
435,True,True,100.0,75.0,114283,0,0,-1,1,0,3,1.5,1.1,0,Jack,1.0,349,False,,2024-12-27T02:00:09.682154Z,64,114283.jpg,1.8,False,Grealish,0.2,False,,a,13,43,23,41796,131,50990,447,0.2,3.6,Grealish,241.0,2021-08-05,566,0,1,1,9,0,0,0,3,0,0,3,134,114.6,287.5,196.0,59.8,6,0.74,1.49,2.23,10.27,279,123,62,49,87,55,124,73,,,,,,,0.12,0.0,0.24,0.36,1.63,1.43,47,26,288,142,297,134,347,113,0.95,0.16
436,True,True,100.0,100.0,477424,0,0,0,0,2,2,3.6,3.6,6,Joško,3.1,350,False,,2024-10-31T02:30:07.426838Z,60,477424.jpg,4.0,False,Gvardiol,21.3,False,,a,13,43,72,2620872,24976,3674565,31689,0.5,12.0,Gvardiol,97.0,2023-08-05,1572,4,0,4,23,0,0,0,1,0,0,7,268,438.2,317.9,288.0,104.6,17,2.71,1.97,4.68,22.88,27,8,51,10,54,2,31,3,,,,,,,0.16,0.0,0.11,0.27,1.31,1.32,78,6,87,26,55,11,19,8,0.97,0.23
437,True,True,100.0,100.0,223094,0,0,-2,2,3,4,4.2,4.2,8,Erling,3.7,351,True,,2024-09-13T15:00:06.985607Z,148,223094.jpg,5.8,False,Haaland,30.8,False,,a,13,43,110,2931507,16399,5370358,45965,0.2,7.4,Haaland,161.0,2022-07-01,1709,14,1,4,26,0,0,1,2,0,0,17,489,592.2,204.5,1040.0,183.9,19,14.79,1.09,15.88,27.24,5,2,107,9,2,1,3,1,,,3.0,,1.0,,0.78,0.0,0.06,0.84,1.43,1.37,1,1,68,9,8,3,5,2,1.0,0.21
438,True,False,0.0,0.0,461358,0,0,0,0,0,4,0.0,0.0,0,Julián,0.0,352,False,Transferred to Atletico Madrid,2024-08-13T07:07:51.627006Z,70,461358.jpg,0.0,False,Álvarez,0.1,False,,u,13,43,0,0,0,29236,24,0.0,0.0,J.Alvarez,,,0,0,0,0,0,0,0,0,0,0,0,0,0,0.0,0.0,0.0,0.0,0,0.00,0.00,0.00,0.00,708,77,708,77,708,77,708,77,,,,,,,0.0,0.0,0.0,0.0,0.0,0.0,27,12,706,77,708,77,450,63,0.0,0.0
439,True,False,0.0,0.0,121145,0,0,-2,2,0,2,0.0,0.0,0,João,0.0,353,False,Permanent transfer to Saudi club Al-Hilal,2024-08-29T11:05:25.670531Z,53,121145.jpg,0.0,False,Cavaco Cancelo,0.2,False,,u,13,43,0,4654,0,77790,50,0.0,0.0,João Cancelo,,,0,0,0,0,0,0,0,0,0,0,0,0,0,0.0,0.0,0.0,0.0,0,0.00,0.00,0.00,0.00,698,239,696,239,693,239,698,239,,,,,,,0.0,0.0,0.0,0.0,0.0,0.0,142,15,686,236,698,239,344,128,0.0,0.0
440,True,True,100.0,100.0,91651,0,0,-1,1,2,3,1.6,1.6,3,Mateo,1.1,354,False,,2024-11-22T17:30:09.194248Z,54,91651.jpg,3.5,False,Kovačić,1.2,False,,a,13,43,53,685848,1419,697130,1529,0.2,9.8,Kovačić,97.0,2023-06-27,1157,3,1,3,18,0,0,0,3,0,0,8,274,289.0,310.8,122.0,72.2,13,1.13,1.70,2.82,18.66,116,39,56,43,152,97,90,56,,,,,,,0.09,0.0,0.13,0.22,1.45,1.4,120,73,266,129,80,35,194,57,1.01,0.23
441,True,True,100.0,100.0,477064,0,0,1,-1,0,2,2.5,2.5,6,Rico,2.0,355,False,,2024-12-07T21:30:08.281236Z,46,477064.jpg,2.6,False,Lewis,7.0,False,,a,13,43,44,2423719,12794,1866009,12297,0.4,9.6,Lewis,241.0,2022-07-16,1292,1,2,3,19,0,0,0,3,1,0,1,177,211.8,170.5,111.0,49.3,15,1.04,0.76,1.80,20.24,181,70,131,28,165,29,168,48,,,,,,,0.07,0.0,0.05,0.12,1.41,1.32,353,54,175,57,166,47,56,19,1.04,0.21
442,True,True,50.0,50.0,465351,0,0,-1,1,0,3,0.9,0.9,0,Matheus Luiz,1.4,356,False,Knock - 50% chance of playing,2024-12-21T22:00:08.310190Z,49,465351.jpg,2.3,False,Nunes,0.1,False,,d,13,43,28,71140,32,67869,560,0.3,5.7,Matheus N.,173.0,2023-09-01,527,0,3,1,9,0,0,0,1,0,0,2,125,133.0,212.9,83.0,43.0,6,0.17,1.73,1.90,10.43,255,112,102,75,200,117,195,102,,,,,,,0.03,0.0,0.3,0.33,1.78,1.54,269,177,229,106,212,91,433,158,1.02,0.17
443,True,True,,,432714,0,0,-4,4,0,3,0.8,0.8,1,James,0.3,357,False,,,46,432714.jpg,1.0,False,McAtee,0.0,False,,a,13,43,3,5730,905,10590,184,0.1,0.7,McAtee,241.0,2021-07-26,26,0,0,0,0,0,0,0,0,0,0,0,10,0.2,2.8,3.0,0.5,0,0.03,0.02,0.05,0.57,484,228,422,215,400,214,471,222,,,,,,,0.1,0.0,0.07,0.17,1.97,0.0,349,225,367,178,438,205,525,206,0.0,0.0
444,True,True,,,88248,0,0,-3,3,0,1,3.4,3.4,6,Stefan,2.9,358,False,,,52,88248.jpg,3.3,False,Ortega Moreno,0.7,False,,a,13,43,20,34860,2222,62678,1110,0.6,3.8,Ortega Moreno,80.0,2022-07-01,540,0,0,2,7,0,0,0,1,0,18,0,86,153.4,0.0,0.0,15.4,6,0.00,0.00,0.00,9.33,238,25,695,72,692,70,341,25,,,,,,,0.0,3.0,0.0,0.0,1.56,1.17,156,4,99,10,103,16,240,36,1.0,0.33
445,True,True,0.0,0.0,220566,0,0,-2,2,0,3,0.0,0.0,0,Rodrigo 'Rodri',0.0,360,False,Knee injury - Expected back 01 Jun,2024-09-22T22:00:05.633631Z,63,220566.jpg,1.0,False,Hernandez,0.8,False,,i,13,43,2,39299,52,417017,332,0.0,0.3,Rodrigo,200.0,2019-07-04,65,0,0,0,0,0,0,0,0,0,0,0,18,10.8,17.1,0.0,2.8,1,0.00,0.09,0.09,0.04,438,205,362,199,705,317,434,208,,,,,,,0.0,0.0,0.12,0.12,0.06,0.0,55,32,700,315,462,222,223,66,1.38,0.0
446,True,True,0.0,0.0,171314,0,0,-1,1,0,2,0.0,0.0,0,Rúben,1.3,361,False,Muscle injury - Expected back 19 Jan,2024-12-20T16:30:08.723036Z,54,171314.jpg,2.2,False,Gato Alves Dias,2.4,False,,i,13,43,28,334545,50,566303,4308,0.2,5.2,Rúben,173.0,2020-09-29,1086,0,0,3,14,1,0,0,3,0,0,1,144,231.4,120.6,76.0,42.9,12,1.12,0.74,1.86,15.88,162,60,175,40,213,55,196,60,,,,,,,0.09,0.0,0.06,0.15,1.32,1.16,124,13,242,81,231,71,123,48,0.99,0.25
447,True,True,50.0,50.0,97299,0,0,-2,2,1,2,0.3,0.3,0,John,0.1,362,False,Foot injury - 50% chance of playing,2024-12-21T22:30:08.482600Z,53,97299.jpg,2.6,False,Stones,1.2,False,,d,13,43,21,188444,20,331294,1756,0.0,4.0,Stones,241.0,2016-08-09,328,2,0,0,6,0,0,0,1,0,0,1,63,107.8,43.8,70.0,22.0,4,0.60,0.15,0.75,4.36,288,107,295,89,228,64,297,96,,,,,,,0.16,0.0,0.04,0.2,1.2,1.65,141,14,417,145,173,49,196,78,1.1,0.0
448,True,True,100.0,75.0,58621,0,0,-3,3,0,2,1.2,0.9,1,Kyle,0.7,363,False,,2024-12-27T02:00:09.726433Z,52,58621.jpg,0.9,False,Walker,3.2,False,,a,13,43,13,179566,627,839237,3938,0.1,2.5,Walker,241.0,2017-07-14,937,0,0,0,20,0,0,0,2,0,0,0,68,154.8,146.2,29.0,33.1,9,0.12,1.33,1.45,18.48,234,90,147,30,298,95,240,73,,,,,,,0.01,0.0,0.13,0.14,1.78,1.92,154,18,324,101,469,156,106,41,0.86,0.0
449,True,True,100.0,100.0,510281,0,0,-1,1,1,3,3.8,3.8,14,Sávio 'Savinho',3.3,571,False,,2024-10-31T02:30:07.756984Z,64,510281.jpg,3.4,False,Moreira de Oliveira,1.0,False,,a,13,43,54,525286,28408,505001,3531,0.5,8.4,Sávio,30.0,2024-07-18,908,1,4,3,13,0,0,0,2,0,0,10,224,230.2,406.5,359.0,99.7,11,2.52,3.78,6.30,11.03,164,64,31,25,40,24,40,28,6.0,,4.0,,,,0.25,0.0,0.37,0.62,1.09,1.29,51,29,80,40,95,45,205,62,1.09,0.3
450,True,True,100.0,100.0,472769,0,0,-1,1,0,3,0.5,0.5,0,Nico,0.0,607,False,,2024-11-13T15:30:08.718593Z,49,472769.jpg,0.0,False,O'Reilly,0.0,False,,a,13,43,0,1202,21,1785,27,0.0,0.0,O’Reilly,241.0,2022-12-16,0,0,0,0,0,0,0,0,0,0,0,0,0,0.0,0.0,0.0,0.0,0,0.00,0.00,0.00,0.00,681,303,676,302,670,300,681,303,,,,,,,0.0,0.0,0.0,0.0,0.0,0.0,270,178,659,288,682,303,617,263,0.0,0.0
451,True,True,,,59859,0,0,0,0,0,3,1.9,1.9,0,Ilkay,1.4,625,False,,,65,59859.jpg,1.9,False,Gündogan,0.4,False,,a,13,43,33,137751,334,124983,1314,0.2,5.1,Gündogan,80.0,2024-08-23,1115,0,1,2,19,0,0,0,1,0,0,0,193,147.2,383.6,143.0,67.3,13,1.55,2.28,3.82,20.91,246,105,36,29,132,89,103,62,2.0,,2.0,,,,0.13,0.0,0.18,0.31,1.69,1.53,40,21,230,107,284,127,279,86,1.05,0.16
452,True,False,0.0,0.0,476369,0,0,0,0,0,2,0.0,0.0,0,Issa,0.0,626,False,Loaned to Benfica,2024-09-05T10:37:05.659734Z,45,476369.jpg,0.0,False,Kaboré,0.0,False,,u,13,43,0,491,0,762,2,0.0,0.0,Kaboré,,,0,0,0,0,0,0,0,0,0,0,0,0,0,0.0,0.0,0.0,0.0,0,0.00,0.00,0.00,0.00,619,236,614,236,597,231,619,236,,,,,,,0.0,0.0,0.0,0.0,0.0,0.0,406,78,579,228,626,236,673,230,0.0,0.0
453,True,True,,,516250,0,0,0,0,0,3,0.5,0.5,0,Jacob,0.0,671,False,,,45,516250.jpg,0.0,False,Wright,0.0,False,,a,13,43,0,1529,49,959,56,0.0,0.0,Wright,241.0,2024-01-06,0,0,0,0,0,0,0,0,0,0,0,0,0,0.0,0.0,0.0,0.0,0,0.00,0.00,0.00,0.00,634,269,630,271,614,265,634,269,,,,,,,0.0,0.0,0.0,0.0,0.0,0.0,434,265,597,244,641,273,641,279,0.0,0.0
454,True,True,100.0,100.0,554194,0,0,0,0,0,2,0.6,0.6,0,Jahmai,0.1,672,False,,2024-11-13T15:30:08.805382Z,40,554194.jpg,0.5,False,Simpson-Pusey,0.0,False,,a,13,43,1,4213,157,2238,163,0.0,0.2,Simpson-Pusey,241.0,2024-07-23,95,0,0,0,2,0,0,0,1,0,0,0,7,19.6,2.2,2.0,2.4,1,0.00,0.01,0.01,2.37,411,145,427,153,405,141,438,148,,,,,,,0.0,0.0,0.01,0.01,2.25,1.89,666,206,405,136,486,166,561,198,0.95,0.0
455,True,True,,,447880,0,0,0,0,0,2,0.5,0.5,0,Josh,0.0,675,False,,,40,447880.jpg,0.0,False,Wilson-Esbrand,0.0,False,,a,13,43,0,1728,58,1074,74,0.0,0.0,Wilson-Esbrand,241.0,2021-09-17,0,0,0,0,0,0,0,0,0,0,0,0,0,0.0,0.0,0.0,0.0,0,0.00,0.00,0.00,0.00,523,186,503,183,467,169,523,186,,,,,,,0.0,0.0,0.0,0.0,0.0,0.0,634,181,463,167,529,185,613,210,0.0,0.0
456,True,True,,,487837,0,0,0,0,0,4,0.5,0.5,0,Divin,0.0,698,False,,,45,487837.jpg,0.0,False,Mubama,0.1,False,,a,13,43,0,10549,954,3471,628,0.0,0.0,Mubama,241.0,2024-12-15,0,0,0,0,0,0,0,0,0,0,0,0,0,0.0,0.0,0.0,0.0,0,0.00,0.00,0.00,0.00,621,54,616,54,600,54,621,54,,,,,,,0.0,0.0,0.0,0.0,0.0,0.0,410,67,581,51,628,57,466,64,0.0,0.0
457,True,True,,,494307,0,0,0,0,0,2,0.5,0.5,0,Max,0.0,703,False,,,40,494307.jpg,0.0,False,Alleyne,0.0,False,,a,13,43,0,103,35,19,12,0.0,0.0,Alleyne,241.0,2022-12-16,0,0,0,0,0,0,0,0,0,0,0,0,0,0.0,0.0,0.0,0.0,0,0.00,0.00,0.00,0.00,531,189,511,186,475,172,531,189,,,,,,,0.0,0.0,0.0,0.0,0.0,0.0,643,185,471,170,537,188,697,236,0.0,0.0
458,True,True,,,613120,0,0,0,0,0,1,0.5,0.5,0,Spike,0.0,704,False,,,40,613120.jpg,0.0,False,Brits,0.0,False,,a,13,43,0,102,30,20,9,0.0,0.0,Brits,241.0,2024-12-25,0,0,0,0,0,0,0,0,0,0,0,0,0,0.0,0.0,0.0,0.0,0,0.00,0.00,0.00,0.00,561,66,542,47,510,34,561,66,,,,,,,0.0,0.0,0.0,0.0,0.0,0.0,681,64,503,62,568,66,700,71,0.0,0.0
459,True,True,100.0,100.0,493250,0,0,4,-4,1,3,4.1,5.1,2,Amad,5.1,364,False,,2024-11-08T18:30:07.952497Z,54,493250.jpg,4.2,False,Diallo,16.0,False,,a,14,1,71,2388039,24884,1031731,89381,0.9,13.1,Amad,54.0,2021-01-07,1141,2,7,5,17,0,0,0,2,0,0,8,305,330.4,374.2,323.0,102.9,12,2.34,2.08,4.42,17.95,81,24,41,32,46,27,37,25,3.0,,,,,,0.18,0.0,0.16,0.34,1.42,1.34,136,81,23,10,42,17,22,6,0.95,0.39
460,True,True,100.0,100.0,467169,0,0,-3,3,0,3,-0.4,0.6,1,Antony Matheus,0.6,365,False,,2024-10-25T13:00:06.238324Z,57,467169.jpg,1.0,False,dos Santos,0.2,False,,a,14,1,6,16799,173,33490,282,0.1,1.1,Antony,30.0,2022-09-01,84,0,0,0,2,0,0,0,0,0,0,0,26,23.8,29.4,30.0,8.2,0,0.26,0.11,0.37,1.79,397,184,324,185,293,160,379,186,,,,,,,0.28,0.0,0.12,0.4,1.92,2.14,94,60,329,165,459,219,348,114,0.0,0.0
461,True,True,100.0,0.0,141746,-1,1,-2,2,2,3,3.1,0.0,0,Bruno,4.1,366,False,,2024-12-27T00:30:09.652602Z,83,141746.jpg,4.5,False,Borges Fernandes,9.1,False,,a,14,1,81,2078041,3133,3118860,61577,0.5,9.8,B.Fernandes,173.0,2020-01-30,1475,4,6,6,23,0,0,0,1,2,0,10,356,450.8,584.9,309.0,134.2,18,6.17,3.29,9.46,21.38,23,8,5,5,48,28,13,10,1.0,,1.0,,1.0,,0.38,0.0,0.2,0.58,1.3,1.4,11,8,49,24,38,16,41,12,1.1,0.37
462,True,True,,,451302,0,0,-2,2,0,1,-1.0,0.0,0,Altay,0.0,367,False,,,43,451302.jpg,0.0,False,Bayindir,0.1,False,,a,14,1,0,2439,38,7284,66,0.0,0.0,Bayindir,219.0,2023-09-01,0,0,0,0,0,0,0,0,0,0,0,0,0,0.0,0.0,0.0,0.0,0,0.00,0.00,0.00,0.00,572,70,562,59,537,50,572,70,,,,,,,0.0,0.0,0.0,0.0,0.0,0.0,563,32,523,68,579,70,455,64,0.0,0.0
463,True,True,100.0,100.0,61256,0,0,-2,2,1,3,-0.1,0.9,2,Carlos Henrique,0.9,368,False,,2024-11-10T23:00:08.039181Z,48,61256.jpg,2.3,False,Casimiro,0.5,False,,a,14,1,32,118624,343,142786,963,0.2,6.7,Casemiro,30.0,2022-08-22,834,1,0,3,14,0,0,0,1,0,0,3,197,249.0,236.7,150.0,63.6,10,1.05,1.54,2.59,15.79,149,58,88,67,124,82,111,65,,,,,,,0.11,0.0,0.17,0.28,1.7,1.51,284,185,290,144,209,88,259,81,1.08,0.32
464,True,True,,,216051,-1,1,0,0,2,2,0.9,1.9,1,Diogo,1.9,369,False,,,50,216051.jpg,2.8,False,Dalot Teixeira,8.0,False,,a,14,1,54,1280928,1500,1345320,41362,0.4,10.8,Dalot,173.0,2018-06-08,1676,0,1,5,26,0,0,0,3,0,0,6,211,281.6,226.7,128.0,63.4,19,1.16,1.31,2.47,27.32,121,46,91,18,144,19,112,25,,,,,,,0.06,0.0,0.07,0.13,1.47,1.4,206,24,190,59,148,41,45,13,1.02,0.27
465,True,True,100.0,100.0,80607,0,0,-2,2,0,3,-0.6,0.4,2,Christian,0.4,370,False,,2024-11-01T10:30:06.566158Z,53,80607.jpg,1.7,False,Eriksen,0.2,False,,a,14,1,19,22412,97,33251,212,0.1,3.6,Eriksen,58.0,2022-07-15,622,0,0,3,7,0,0,0,2,0,0,0,112,92.6,249.1,24.0,36.6,7,0.12,1.20,1.32,11.30,306,140,81,64,304,166,221,114,2.0,,4.0,,,,0.02,0.0,0.17,0.19,1.64,1.01,140,83,348,174,314,144,368,126,1.01,0.43
466,True,True,100.0,100.0,37642,0,0,-1,1,1,2,-1.0,0.0,0,Jonny,0.0,371,False,,2024-12-06T15:30:08.179513Z,44,37642.jpg,2.3,False,Evans,0.1,False,,a,14,1,14,8592,28,15374,102,0.0,3.2,Evans,242.0,2023-07-18,288,0,0,1,2,0,0,0,1,0,0,3,62,51.0,4.1,6.0,6.1,3,0.08,0.02,0.10,2.62,362,126,414,144,377,132,400,134,,,,,,,0.02,0.0,0.01,0.03,0.82,0.62,475,83,527,215,208,64,447,161,0.94,0.31
467,True,True,100.0,100.0,493105,0,0,-5,5,1,3,0.3,1.3,1,Alejandro,1.3,372,False,,2024-10-07T15:30:06.108745Z,60,493105.jpg,2.8,False,Garnacho,5.4,False,,a,14,1,51,1119641,809,2329843,12665,0.2,8.5,Garnacho,10.0,2022-04-15,1008,3,2,2,19,0,0,0,1,0,0,3,168,215.0,208.5,430.0,84.6,10,4.23,0.80,5.03,17.75,179,70,104,76,26,14,65,42,,,,,,,0.38,0.0,0.07,0.45,1.58,1.7,79,52,246,115,152,65,76,25,0.89,0.18
468,True,False,0.0,0.0,465527,0,0,0,0,0,3,0.0,0.0,0,Hannibal,0.0,373,False,Permanent move to Burnley,2024-08-30T09:47:42.727251Z,45,465527.jpg,0.0,False,Mejbri,0.0,False,,u,14,1,0,1740,0,11537,15,0.0,0.0,Hannibal,,,0,0,0,0,0,0,0,0,0,0,0,0,0,0.0,0.0,0.0,0.0,0,0.00,0.00,0.00,0.00,616,256,611,258,593,252,616,256,,,,,,,0.0,0.0,0.0,0.0,0.0,0.0,401,243,576,228,623,260,552,221,0.0,0.0
469,True,True,,,21205,0,0,0,0,0,1,-1.0,0.0,0,Tom,0.0,374,False,,,40,21205.jpg,0.0,False,Heaton,0.2,False,,a,14,1,0,11298,77,14673,244,0.0,0.0,Heaton,241.0,2021-07-02,0,0,0,0,0,0,0,0,0,0,0,0,0,0.0,0.0,0.0,0.0,0,0.00,0.00,0.00,0.00,501,49,477,26,439,13,501,49,,,,,,,0.0,0.0,0.0,0.0,0.0,0.0,596,43,438,44,509,49,342,50,0.0,0.0
470,True,True,100.0,100.0,497894,0,0,-1,1,0,4,1.3,2.3,2,Rasmus,2.3,375,False,,2024-08-05T15:00:04.427374Z,69,497894.jpg,2.7,False,Højlund,1.4,False,,a,14,1,38,357014,1228,312523,9540,0.3,5.5,Højlund,58.0,2023-08-05,885,2,1,2,16,0,0,0,1,0,0,4,129,96.4,133.1,128.0,35.4,10,1.88,0.60,2.48,14.53,302,28,162,20,145,33,228,29,,,,,,,0.19,0.0,0.06,0.25,1.48,1.63,29,14,153,26,163,23,177,30,1.02,0.2
471,True,True,25.0,25.0,184667,0,0,-2,2,0,2,-0.2,0.0,0,Victor,0.1,376,False,Muscle injury - 25% chance of playing,2024-12-20T17:00:08.474761Z,43,184667.jpg,0.8,False,Lindelöf,0.1,False,,d,14,1,4,2954,8,16738,60,0.0,0.9,Lindelof,206.0,2017-07-01,59,0,0,0,1,0,0,0,1,0,0,0,10,18.0,15.5,4.0,3.8,0,0.00,0.04,0.04,1.38,415,148,370,125,391,135,422,144,,,,,,,0.0,0.0,0.06,0.06,2.11,1.53,546,121,408,139,475,161,477,172,0.0,0.0
472,True,True,100.0,100.0,95658,0,0,-1,1,0,2,0.0,1.0,1,Harry,1.0,377,False,,2024-10-06T22:00:07.722929Z,49,95658.jpg,1.2,False,Maguire,0.5,False,,a,14,1,15,37608,443,71453,729,0.2,3.1,Maguire,241.0,2019-08-05,717,0,0,1,10,0,0,0,4,0,0,0,84,131.8,40.3,43.0,21.7,8,0.18,0.15,0.33,8.35,261,96,300,92,263,79,298,97,,,,,,,0.02,0.0,0.02,0.04,1.05,1.26,234,25,279,93,378,125,260,96,1.0,0.13
473,True,True,100.0,100.0,516895,0,0,-3,3,0,3,0.6,1.6,1,Kobbie,1.6,378,False,,2024-12-02T00:00:08.519876Z,52,516895.jpg,1.8,False,Mainoo,1.9,False,,a,14,1,24,138026,609,588924,1427,0.3,4.6,Mainoo,241.0,2022-10-15,1025,0,0,5,14,0,0,0,5,0,0,0,163,135.2,188.7,73.0,40.0,11,0.45,0.99,1.44,12.47,252,110,119,84,225,128,206,107,,,,,,,0.04,0.0,0.09,0.13,1.09,1.23,168,103,214,100,295,132,144,45,0.97,0.44
474,True,True,100.0,100.0,222690,0,0,-1,1,0,2,-0.9,0.1,0,Tyrell,0.1,379,False,,2024-08-05T15:00:04.439521Z,44,222690.jpg,0.5,False,Malacia,0.0,False,,a,14,1,1,2288,25,2368,71,0.0,0.2,Malacia,152.0,2022-07-05,90,0,0,0,1,0,0,0,1,0,0,0,-3,2.0,13.8,0.0,1.4,2,0.00,0.02,0.02,0.41,473,166,374,127,546,221,459,158,,,,,,,0.0,0.0,0.02,0.02,0.41,1.0,494,100,409,140,487,167,606,205,2.0,0.0
475,True,True,100.0,100.0,221820,0,0,-1,1,0,2,1.0,2.0,0,Lisandro,2.0,380,False,,2024-12-02T00:00:08.536263Z,44,221820.jpg,2.7,False,Martínez,3.5,False,,a,14,1,43,325830,1113,534558,10633,0.5,9.8,Martinez,10.0,2022-07-17,1400,0,1,5,23,0,0,0,6,0,0,2,212,291.2,118.4,123.0,53.3,16,1.13,1.08,2.21,23.15,115,44,181,42,150,22,144,36,,,,,,,0.07,0.0,0.07,0.14,1.49,1.48,493,99,171,54,157,44,98,37,1.03,0.32
476,True,False,0.0,0.0,195851,0,0,-1,1,0,3,0.0,0.0,0,Scott,0.0,381,False,Transferred to Napoli,2024-08-31T06:16:49.087133Z,49,195851.jpg,1.0,False,McTominay,0.1,False,,u,14,1,2,6691,0,92685,56,0.0,0.4,McTominay,,,17,0,0,0,1,0,0,0,0,0,0,0,4,3.2,0.3,5.0,0.9,0,0.07,0.00,0.07,0.66,464,218,452,229,386,206,466,219,,,,,,,0.37,0.0,0.0,0.37,3.49,5.29,248,158,652,282,446,210,406,141,0.0,0.0
477,True,True,0.0,0.0,184341,0,0,-2,2,0,3,0.0,0.0,0,Mason,0.6,382,False,Muscle injury - Unknown return date,2024-12-16T09:30:07.044661Z,63,184341.jpg,1.0,False,Mount,0.1,False,,i,14,1,8,6336,30,26048,123,0.1,1.3,Mount,241.0,2023-07-05,243,0,0,1,4,0,0,0,2,0,0,0,16,20.8,55.2,43.0,11.8,4,0.40,0.08,0.48,4.08,409,193,275,170,265,146,355,173,,,,,,,0.15,0.0,0.03,0.18,1.51,1.48,54,31,330,166,461,221,439,161,1.48,0.37
478,True,True,,,202641,-1,1,1,-1,0,1,1.0,2.0,1,André,2.0,383,False,,,51,202641.jpg,3.7,False,Onana,8.0,False,,a,14,1,70,985495,1473,855472,42023,0.4,13.7,Onana,38.0,2023-07-20,1710,0,0,6,26,0,1,0,0,0,47,5,265,403.2,13.0,0.0,41.6,19,0.00,0.19,0.19,27.36,38,11,377,1,691,69,202,11,,,,,,,0.0,2.47,0.01,0.01,1.44,1.37,179,5,181,18,67,11,44,10,1.0,0.32
479,True,False,0.0,0.0,488404,0,0,0,0,0,3,0.0,0.0,0,Facundo,0.0,384,False,Transferred to Panathinaikos,2024-08-22T11:21:35.952901Z,50,488404.jpg,0.0,False,Pellistri Rebollo,0.0,False,,u,14,1,0,61,0,1890,0,0.0,0.0,Pellistri,,,0,0,0,0,0,0,0,0,0,0,0,0,0,0.0,0.0,0.0,0.0,0,0.00,0.00,0.00,0.00,693,311,690,310,685,308,693,311,,,,,,,0.0,0.0,0.0,0.0,0.0,0.0,221,140,678,303,694,311,661,291,0.0,0.0
480,True,True,,,176297,-1,1,-4,4,1,3,1.3,2.3,0,Marcus,2.3,385,False,,,66,176297.jpg,3.6,False,Rashford,2.4,False,,a,14,1,54,680691,576,935129,6282,0.3,8.2,Rashford,241.0,2015-07-01,975,4,1,5,9,0,0,0,2,0,0,3,186,238.8,254.7,194.0,68.9,12,1.60,1.36,2.96,14.79,156,61,78,61,90,57,99,60,,,2.0,,3.0,,0.15,0.0,0.13,0.28,1.37,0.83,38,19,151,67,75,32,124,39,1.11,0.46
481,True,True,0.0,0.0,106760,0,0,-1,1,0,2,0.0,0.0,0,Luke,0.1,387,False,Muscle injury - Unknown return date,2024-12-05T01:00:08.299125Z,49,106760.jpg,1.0,False,Shaw,0.2,False,,i,14,1,2,4810,19,64939,133,0.0,0.4,Shaw,241.0,2014-07-01,68,0,0,0,0,0,0,0,0,0,0,0,19,16.6,2.6,0.0,2.0,0,0.00,0.01,0.01,0.50,422,150,423,151,663,238,447,154,,,,,,,0.0,0.0,0.01,0.01,0.66,0.0,236,26,414,143,444,153,386,139,0.0,0.0
482,True,True,,,458249,0,0,-5,5,1,4,1.7,2.7,1,Joshua,2.7,389,False,,,65,458249.jpg,2.3,False,Zirkzee,1.6,False,,a,14,1,43,458051,430,607832,2489,0.4,6.6,Zirkzee,152.0,2024-07-17,693,3,1,3,11,0,0,0,1,0,0,6,158,175.0,119.2,215.0,50.7,7,2.79,0.44,3.23,12.59,216,21,178,23,79,26,161,23,,,,,,,0.36,0.0,0.06,0.42,1.64,1.43,46,19,120,22,215,28,170,29,0.91,0.39
483,True,True,100.0,100.0,550864,0,0,-2,2,0,2,-0.3,0.7,1,Leny,0.7,572,False,,2024-08-05T15:00:04.535911Z,43,550864.jpg,0.8,False,Yoro,0.2,False,,a,14,1,5,27716,523,26755,1258,0.2,1.2,Yoro,73.0,2024-07-19,239,0,0,0,7,0,0,0,1,0,0,0,2,46.8,3.1,33.0,8.3,2,0.57,0.00,0.57,3.78,371,130,420,149,280,87,378,126,,,,,,,0.21,0.0,0.0,0.21,1.42,2.64,569,139,317,100,476,162,343,127,0.75,0.0
484,True,True,100.0,100.0,209365,0,0,0,0,1,2,-0.1,0.9,1,Matthijs,0.9,593,False,,2024-12-20T17:00:08.811947Z,50,209365.jpg,2.5,False,de Ligt,3.7,False,,a,14,1,43,549772,1007,684669,9305,0.2,8.6,De Ligt,152.0,2024-08-13,1218,1,0,3,20,0,0,0,2,0,0,3,185,264.0,34.7,177.0,47.9,14,1.38,0.11,1.49,22.53,135,50,312,100,104,8,176,52,,,,,,,0.1,0.0,0.01,0.11,1.66,1.48,202,23,292,94,188,57,94,34,1.03,0.22
485,True,True,100.0,100.0,230001,0,0,0,0,2,2,0.1,1.1,1,Noussair,1.1,594,False,,2024-12-16T09:30:07.495600Z,45,230001.jpg,2.6,False,Mazraoui,13.0,False,,a,14,1,49,2801522,4308,1966549,77147,0.2,10.9,Mazraoui,145.0,2024-08-13,1428,0,1,4,21,0,0,0,1,0,0,4,225,327.0,128.3,67.0,52.1,17,0.40,1.03,1.43,24.23,83,34,168,37,231,65,148,37,,,,,,,0.03,0.0,0.06,0.09,1.53,1.32,378,69,262,84,165,46,28,10,1.07,0.25
486,True,True,,,490881,0,0,0,0,0,3,-1.0,0.0,0,Toby,0.0,613,False,,,45,490881.jpg,1.0,False,Collyer,0.0,False,,a,14,1,1,10099,32,8562,73,0.0,0.2,Collyer,241.0,2023-07-01,45,0,0,0,1,0,0,0,0,0,0,0,12,14.2,12.6,2.0,2.9,0,0.00,0.01,0.01,1.03,429,201,380,206,412,218,432,207,,,,,,,0.0,0.0,0.02,0.02,2.06,2.0,415,248,584,232,425,194,536,212,0.0,0.0
487,True,True,,,575034,0,0,0,0,0,4,-1.0,0.0,0,Ethan,0.0,648,False,,,45,575034.jpg,0.0,False,Wheatley,1.7,False,,a,14,1,0,437855,3111,298200,5659,0.0,0.0,Wheatley,241.0,2024-04-12,0,0,0,0,0,0,0,0,0,0,0,0,0,0.0,0.0,0.0,0.0,0,0.00,0.00,0.00,0.00,657,60,652,60,637,60,657,60,,,,,,,0.0,0.0,0.0,0.0,0.0,0.0,460,74,619,57,662,62,160,26,0.0,0.0
488,True,True,100.0,0.0,232112,0,0,-1,1,0,3,0.0,0.0,0,Manuel,1.0,652,False,,2024-12-27T00:30:10.109987Z,49,232112.jpg,1.2,False,Ugarte,0.1,False,,a,14,1,16,24738,112,21032,339,0.2,3.3,Ugarte,230.0,2024-08-30,706,0,0,1,11,0,0,0,5,0,0,0,106,125.4,98.6,20.0,24.1,8,0.26,0.40,0.66,9.99,271,119,203,128,324,175,282,142,,,,,,,0.03,0.0,0.05,0.08,1.27,1.4,262,170,281,136,379,182,461,169,1.02,0.13
489,True,True,,,547037,0,0,0,0,0,3,-1.0,0.0,0,Jack,0.0,667,False,,,45,547037.jpg,0.0,False,Fletcher,0.0,False,,a,14,1,0,954,22,655,21,0.0,0.0,Fletcher,241.0,2024-07-12,0,0,0,0,0,0,0,0,0,0,0,0,0,0.0,0.0,0.0,0.0,0,0.00,0.00,0.00,0.00,648,282,643,283,628,278,648,282,,,,,,,0.0,0.0,0.0,0.0,0.0,0.0,449,278,611,256,654,285,659,289,0.0,0.0
490,True,True,,,577974,0,0,0,0,0,2,-1.0,0.0,0,Harry,0.0,670,False,,,40,577974.jpg,0.0,False,Amass,0.0,False,,a,14,1,0,3132,66,1935,113,0.0,0.0,Amass,241.0,2024-04-06,0,0,0,0,0,0,0,0,0,0,0,0,0,0.0,0.0,0.0,0.0,0,0.00,0.00,0.00,0.00,551,207,532,205,499,194,551,207,,,,,,,0.0,0.0,0.0,0.0,0.0,0.0,670,210,493,190,558,207,569,200,0.0,0.0
491,True,True,,,556639,0,0,0,0,0,3,-1.0,0.0,0,Jayce,0.0,673,False,,,45,556639.jpg,0.0,False,Fitzgerald,0.0,False,,a,14,1,0,394,11,244,18,0.0,0.0,Fitzgerald,241.0,2024-10-29,0,0,0,0,0,0,0,0,0,0,0,0,0,0.0,0.0,0.0,0.0,0,0.00,0.00,0.00,0.00,655,287,650,288,635,283,655,287,,,,,,,0.0,0.0,0.0,0.0,0.0,0.0,457,284,617,261,660,290,680,300,0.0,0.0
492,True,True,,,576637,0,0,0,0,0,2,-1.0,0.0,0,Godwill,0.0,691,False,,,40,576637.jpg,0.0,False,Kukonki,0.0,False,,a,14,1,0,353,25,228,25,0.0,0.0,Kukonki,241.0,2024-12-03,0,0,0,0,0,0,0,0,0,0,0,0,0,0.0,0.0,0.0,0.0,0,0.00,0.00,0.00,0.00,549,205,530,203,497,192,549,205,,,,,,,0.0,0.0,0.0,0.0,0.0,0.0,668,208,491,188,556,205,665,227,0.0,0.0
493,True,True,,,545477,0,0,0,0,0,2,-0.5,0.0,0,Alex,0.0,390,False,,,40,545477.jpg,0.0,False,Murphy,0.8,False,,a,15,4,0,78252,703,91722,1355,0.0,0.0,A.Murphy,104.0,2023-07-19,0,0,0,0,0,0,0,0,0,0,0,0,0,0.0,0.0,0.0,0.0,0,0.00,0.00,0.00,0.00,545,201,526,199,493,188,545,201,,,,,,,0.0,0.0,0.0,0.0,0.0,0.0,663,203,487,184,552,201,230,89,0.0,0.0
494,True,True,,,179018,0,0,-5,5,0,3,-0.2,0.3,0,Miguel,0.3,391,False,,,55,179018.jpg,1.1,False,Almirón Rejala,0.4,False,,a,15,4,8,39994,311,108476,509,0.1,1.5,Almirón,168.0,2019-01-31,136,0,0,0,3,0,0,0,0,0,0,0,23,4.8,19.8,38.0,6.2,1,0.47,0.16,0.63,2.81,456,214,354,195,274,152,398,194,,,,,,,0.31,0.0,0.11,0.42,1.86,1.99,105,64,374,183,388,187,289,92,0.66,0.0
495,True,True,,,201666,-1,1,-5,5,0,3,1.5,2.0,1,Harvey,2.0,392,False,,,60,201666.jpg,3.4,False,Barnes,1.5,False,,a,15,4,64,701944,842,632164,5228,0.3,10.7,Barnes,241.0,2023-07-23,761,5,1,1,13,0,0,0,0,0,0,9,221,252.4,175.9,278.0,70.8,6,2.22,2.57,4.79,12.16,144,55,126,88,55,33,95,58,,,,,,,0.26,0.0,0.3,0.56,1.44,1.54,76,50,186,82,93,43,172,53,0.71,0.12
496,True,True,50.0,50.0,220237,0,0,-1,1,0,2,-0.2,0.0,0,Sven,0.0,393,False,Lack of match fitness - 50% chance of playing,2024-07-17T13:30:05.022057Z,44,220237.jpg,0.0,False,Botman,0.0,False,,d,15,4,0,1236,53,2025,32,0.0,0.0,Botman,152.0,2022-06-28,0,0,0,0,0,0,0,0,0,0,0,0,0,0.0,0.0,0.0,0.0,0,0.00,0.00,0.00,0.00,578,227,568,226,545,220,578,227,,,,,,,0.0,0.0,0.0,0.0,0.0,0.0,492,98,532,218,585,227,623,214,0.0,0.0
497,True,True,100.0,100.0,208706,0,0,-4,4,0,3,4.5,5.0,3,Bruno,5.0,394,False,,2024-11-26T02:30:08.074203Z,61,208706.jpg,3.3,False,Guimarães Rodriguez Moura,1.9,False,,a,15,4,62,142328,4010,305073,3311,0.8,10.2,Bruno G.,30.0,2022-01-30,1655,1,4,7,21,0,0,0,3,0,0,3,321,330.6,364.3,164.0,86.0,19,2.07,2.08,4.15,22.18,80,23,43,34,116,78,61,40,,,,,,,0.11,0.0,0.11,0.22,1.21,1.14,73,47,27,12,106,48,151,46,1.03,0.38
498,True,True,100.0,100.0,78916,0,0,-1,1,0,2,3.8,4.3,7,Dan,4.3,395,False,,2024-11-10T23:00:08.148381Z,44,78916.jpg,3.2,False,Burn,7.0,False,,a,15,4,57,522492,12771,1369562,8679,1.0,13.0,Burn,241.0,2022-01-31,1620,0,0,7,19,1,0,0,5,0,0,5,249,319.0,32.4,113.0,46.5,18,0.70,0.60,1.30,21.66,89,36,319,102,159,27,180,54,,,,,,,0.04,0.0,0.03,0.07,1.2,1.06,477,85,39,12,108,26,54,18,1.0,0.39
499,True,True,100.0,100.0,67089,0,0,-3,3,0,1,3.5,4.0,6,Martin,4.0,396,False,,2024-10-02T00:30:05.687323Z,42,67089.jpg,6.0,False,Dúbravka,1.2,False,,a,15,4,24,113013,15387,108510,2952,1.0,5.7,Dúbravka,194.0,2018-07-01,360,0,0,4,0,0,0,0,0,0,4,0,90,37.0,0.0,0.0,3.7,4,0.00,0.00,0.00,2.12,382,34,546,49,515,37,423,34,,,,,,,0.0,1.0,0.0,0.0,0.53,0.0,571,34,50,4,6,1,193,28,1.0,1.0
500,True,True,100.0,100.0,232826,1,-1,-1,1,1,3,5.7,6.2,6,Anthony,6.2,398,False,,2024-11-10T23:00:08.179603Z,74,232826.jpg,4.6,False,Gordon,13.7,False,,a,15,4,83,1475948,102649,2508705,19356,0.8,11.2,Gordon,241.0,2023-01-29,1434,4,5,8,14,0,0,1,1,0,0,8,329,396.2,592.2,452.0,144.2,17,5.75,3.79,9.54,18.32,39,11,4,4,21,11,10,7,3.0,,,,3.0,,0.36,0.0,0.24,0.6,1.15,0.88,19,13,10,5,29,13,26,7,1.07,0.5
501,True,True,,,487838,0,0,2,-2,2,2,6.5,7.0,12,Lewis,7.0,399,False,,,47,487838.jpg,4.1,False,Hall,14.3,False,,a,15,4,77,1694609,104505,621349,13438,1.5,16.4,Hall,241.0,2024-07-01,1497,0,4,7,16,0,0,0,3,0,0,9,342,388.0,388.0,104.0,88.3,16,0.34,3.01,3.35,17.38,45,14,34,6,172,34,56,8,2.0,,,,,,0.02,0.0,0.18,0.2,1.04,0.96,334,45,6,2,48,8,24,9,0.96,0.42
502,True,True,,,153127,0,0,-1,1,0,3,-0.5,0.0,0,Isaac,0.0,400,False,,,44,153127.jpg,0.0,False,Hayden,0.1,False,,a,15,4,0,9969,228,11027,149,0.0,0.0,Hayden,107.0,2016-07-11,0,0,0,0,0,0,0,0,0,0,0,0,0,0.0,0.0,0.0,0.0,0,0.00,0.00,0.00,0.00,576,231,566,233,543,225,576,231,,,,,,,0.0,0.0,0.0,0.0,0.0,0.0,484,298,530,200,583,235,460,168,0.0,0.0
503,True,True,100.0,100.0,219168,1,-1,7,-7,2,4,9.8,10.3,7,Alexander,10.3,401,True,,2024-11-30T22:00:07.827670Z,92,219168.jpg,6.6,False,Isak,48.4,False,,a,15,4,112,5303202,175118,5827405,12797,1.1,12.2,Isak,206.0,2022-08-26,1380,12,4,6,19,0,0,0,0,0,0,20,460,581.0,378.1,720.0,167.3,17,10.31,2.37,12.68,18.79,7,3,37,2,3,2,5,2,,,3.0,,2.0,,0.67,0.0,0.15,0.82,1.23,1.24,8,2,2,1,4,1,3,1,1.11,0.39
504,True,True,100.0,100.0,114243,1,-1,-4,4,2,3,6.8,7.3,3,Jacob,7.3,402,False,,2024-10-31T02:30:07.555512Z,51,114243.jpg,4.0,False,Murphy,4.0,False,,a,15,4,64,479826,42299,249526,13900,1.4,12.5,J.Murphy,241.0,2017-07-19,934,3,6,5,10,0,0,0,2,0,0,3,218,280.0,268.5,190.0,73.7,12,2.30,2.78,5.08,9.88,122,42,66,53,94,60,87,54,,,,,,,0.22,0.0,0.27,0.49,0.95,0.96,171,106,4,3,53,21,87,29,1.16,0.48
505,True,True,100.0,100.0,180974,0,0,0,0,3,3,4.2,4.7,10,Joelinton Cássio,4.7,403,False,,2024-12-23T14:30:08.328463Z,60,180974.jpg,3.8,False,Apolinário de Lira,1.3,False,,a,15,4,68,354223,10726,380756,1770,0.8,11.3,Joelinton,30.0,2019-07-24,1500,4,1,6,19,0,0,0,6,0,0,11,244,325.6,265.0,354.0,94.7,18,2.67,1.16,3.83,19.66,85,26,70,55,42,25,47,32,,,,,,,0.16,0.0,0.07,0.23,1.18,1.14,74,48,31,16,64,24,186,56,1.08,0.36
506,True,True,,,235530,0,0,-3,3,0,2,-0.5,0.0,0,Lloyd,0.0,404,False,,,42,235530.jpg,1.2,False,Kelly,0.1,False,,a,15,4,10,9614,106,16940,145,0.0,2.4,Kelly,241.0,2024-07-01,295,0,1,0,6,0,0,0,2,0,0,0,36,79.6,28.1,14.0,12.0,4,0.36,0.11,0.47,5.55,322,115,327,105,343,118,351,118,,,,,,,0.11,0.0,0.03,0.14,1.69,1.83,583,150,509,203,370,122,435,154,1.22,0.0
507,True,True,0.0,0.0,111773,0,0,-2,2,0,2,0.0,0.0,0,Emil,0.0,405,False,Shoulder injury - Expected back 15 Jan,2024-11-11T16:00:06.953415Z,43,111773.jpg,3.3,False,Krafth,0.1,False,,i,15,4,10,11756,5,19663,79,0.0,2.3,Krafth,206.0,2019-08-08,240,0,0,1,2,0,0,0,0,0,0,0,34,44.2,10.9,11.0,6.6,2,0.04,0.03,0.07,5.07,374,131,384,132,355,123,392,130,,,,,,,0.02,0.0,0.01,0.03,1.9,0.75,541,117,517,208,97,21,454,163,0.75,0.38
508,True,True,,,564510,0,0,-1,1,0,3,-0.5,0.0,0,Garang,0.0,406,False,,,44,564510.jpg,0.0,False,Kuol,0.1,False,,a,15,4,0,7224,223,7394,139,0.0,0.0,Kuol,13.0,2023-01-01,0,0,0,0,0,0,0,0,0,0,0,0,0,0.0,0.0,0.0,0.0,0,0.00,0.00,0.00,0.00,589,240,583,242,561,234,589,240,,,,,,,0.0,0.0,0.0,0.0,0.0,0.0,524,312,547,211,596,244,508,194,0.0,0.0
509,True,True,0.0,0.0,101148,0,0,0,0,0,2,0.0,0.0,0,Jamaal,0.0,407,False,Knee injury - Expected back 01 Feb,2024-07-17T13:30:05.035452Z,45,101148.jpg,0.0,False,Lascelles,0.0,False,,i,15,4,0,742,7,762,12,0.0,0.0,Lascelles,241.0,2014-08-04,0,0,0,0,0,0,0,0,0,0,0,0,0,0.0,0.0,0.0,0.0,0,0.00,0.00,0.00,0.00,595,231,589,231,569,226,595,231,,,,,,,0.0,0.0,0.0,0.0,0.0,0.0,361,60,554,222,602,231,674,231,0.0,0.0
510,True,False,0.0,0.0,194799,0,0,0,0,0,2,0.0,0.0,0,Jamal,0.0,408,False,Loaned to  Sao Paulo,2024-09-05T10:35:35.180344Z,40,194799.jpg,0.0,False,Lewis,0.2,False,,u,15,4,0,11493,0,39719,151,0.0,0.0,Lewis,,,0,0,0,0,0,0,0,0,0,0,0,0,0,0.0,0.0,0.0,0.0,0,0.00,0.00,0.00,0.00,509,177,487,174,451,160,509,177,,,,,,,0.0,0.0,0.0,0.0,0.0,0.0,614,168,448,158,516,177,391,141,0.0,0.0
511,True,True,100.0,75.0,441191,0,0,0,0,0,2,1.8,1.7,1,Tino,2.3,409,False,,2024-12-27T02:00:09.792616Z,45,441191.jpg,2.4,False,Livramento,1.9,False,,a,15,4,44,338487,472,322764,8754,0.5,9.8,Livramento,241.0,2023-08-08,1225,0,0,4,18,0,0,0,0,0,0,2,180,237.2,137.5,21.0,39.5,14,0.04,0.46,0.50,17.51,158,58,158,32,315,104,210,66,,,,,,,0.0,0.0,0.03,0.03,1.29,1.32,389,75,142,42,194,61,149,59,1.03,0.29
512,True,True,,,180135,-1,1,-4,4,0,3,0.3,0.8,0,Sean,0.8,410,False,,,46,180135.jpg,1.6,False,Longstaff,0.5,False,,a,15,4,25,73891,578,138583,1202,0.2,5.4,Longstaff,241.0,2018-08-09,707,0,1,2,10,0,0,0,2,0,0,0,101,91.8,75.2,76.0,24.3,8,0.60,0.22,0.82,9.09,308,141,244,155,210,122,281,141,,,,,,,0.08,0.0,0.03,0.11,1.16,1.27,345,223,297,149,323,147,270,83,1.02,0.25
513,True,True,100.0,100.0,547719,0,0,0,0,0,3,-0.2,0.3,0,Lewis,0.3,411,False,,2024-07-17T13:30:05.048462Z,50,547719.jpg,1.0,False,Miley,0.0,False,,a,15,4,2,1136,30,1056,26,0.1,0.4,Miley,241.0,2023-02-01,11,0,0,0,0,0,0,0,0,0,0,0,8,3.4,1.3,0.0,0.5,0,0.00,0.01,0.01,0.04,462,217,435,220,689,310,474,224,,,,,,,0.0,0.0,0.08,0.08,0.33,0.0,230,147,373,182,454,215,644,281,0.0,0.0
514,True,True,,,111452,0,0,-2,2,0,1,-0.5,0.0,0,Odysseas,0.0,412,False,,,43,111452.jpg,0.0,False,Vlachodimos,0.1,False,,a,15,4,0,2618,93,8805,110,0.0,0.0,Odysseas,83.0,2024-07-01,0,0,0,0,0,0,0,0,0,0,0,0,0,0.0,0.0,0.0,0.0,0,0.00,0.00,0.00,0.00,568,69,557,57,529,47,568,69,,,,,,,0.0,0.0,0.0,0.0,0.0,0.0,540,29,516,67,575,69,441,62,0.0,0.0
515,True,True,0.0,0.0,98747,0,0,-1,1,1,1,0.0,0.0,0,Nick,0.2,413,False,Knee injury - Expected back 15 Jan,2024-12-13T11:30:08.088931Z,49,98747.jpg,3.2,False,Pope,3.8,False,,i,15,4,48,630215,116,1013105,12599,0.0,9.8,Pope,241.0,2022-06-23,1350,0,0,3,21,0,0,0,2,0,54,2,188,392.4,0.0,0.0,39.1,15,0.00,0.00,0.00,20.45,42,12,671,70,662,65,213,12,,,,,,,0.0,3.6,0.0,0.0,1.36,1.4,235,9,400,31,112,17,91,15,1.0,0.2
516,True,True,,,19236,0,0,0,0,0,1,-0.5,0.0,0,John,0.0,414,False,,,40,19236.jpg,0.0,False,Ruddy,0.3,False,,a,15,4,0,18398,83,20759,333,0.0,0.0,Ruddy,241.0,2024-07-01,0,0,0,0,0,0,0,0,0,0,0,0,0,0.0,0.0,0.0,0.0,0,0.00,0.00,0.00,0.00,500,48,476,25,438,12,500,48,,,,,,,0.0,0.0,0.0,0.0,0.0,0.0,595,42,437,43,508,48,312,47,0.0,0.0
517,True,True,0.0,100.0,119471,0,0,-1,1,0,2,0.0,5.0,5,Fabian,5.0,415,False,Suspended until 15 Jan,2024-12-30T23:30:08.986654Z,54,119471.jpg,3.2,False,Schär,2.3,False,,s,15,4,55,302237,5383,280066,12901,0.9,10.2,Schär,207.0,2018-07-26,1467,2,0,6,19,0,0,0,5,1,0,0,223,351.6,53.8,103.0,50.4,17,1.43,0.72,2.15,17.51,64,22,276,77,174,36,162,43,,,2.0,,,,0.09,0.0,0.04,0.13,1.07,1.17,122,12,26,10,115,30,126,50,1.04,0.37
518,True,True,100.0,100.0,169359,0,0,0,0,0,2,-0.3,0.2,0,Matt,0.2,416,False,,2024-09-27T11:00:07.434832Z,40,169359.jpg,1.0,False,Targett,0.3,False,,a,15,4,1,30957,199,49348,473,0.0,0.2,Targett,241.0,2022-07-01,12,0,0,0,0,0,0,0,0,0,0,0,3,2.4,1.0,0.0,0.3,0,0.00,0.00,0.00,0.19,470,163,438,157,447,157,479,165,,,,,,,0.0,0.0,0.0,0.0,1.42,0.0,609,164,383,127,399,134,301,114,0.0,0.0
519,True,True,100.0,100.0,432422,0,0,0,0,0,3,1.8,2.3,3,Sandro,2.3,417,False,,2024-07-17T13:30:05.060878Z,55,432422.jpg,1.8,False,Tonali,0.4,False,,a,15,4,31,78916,1621,58610,1109,0.4,5.6,Tonali,106.0,2023-07-03,1007,0,1,5,10,0,0,0,4,0,0,0,160,164.4,132.2,124.0,42.1,10,2.20,0.69,2.89,12.14,226,96,163,109,149,95,199,104,4.0,,4.0,,,,0.2,0.0,0.06,0.26,1.09,0.89,114,70,148,66,296,133,280,87,0.89,0.45
520,True,True,100.0,100.0,77794,0,0,-4,4,0,2,1.0,1.5,1,Kieran,1.5,418,False,,2024-12-05T01:00:08.361656Z,56,77794.jpg,2.1,False,Trippier,3.4,False,,a,15,4,23,117933,2679,1117419,2459,0.3,4.1,Trippier,241.0,2022-01-07,477,0,0,2,4,0,0,0,1,0,0,2,99,76.4,97.5,13.0,18.7,5,0.03,0.47,0.50,5.54,327,116,205,52,348,120,320,106,1.0,,1.0,,,,0.01,0.0,0.09,0.1,1.05,0.75,96,10,226,73,249,80,100,38,0.94,0.38
521,True,False,0.0,0.0,461484,0,0,0,0,0,3,0.0,0.0,0,Joe,0.0,419,False,Loaned to MK Dons,2024-08-31T08:20:54.098792Z,45,461484.jpg,0.0,False,White,0.1,False,,u,15,4,0,12007,0,41914,111,0.0,0.0,White,,,0,0,0,0,0,0,0,0,0,0,0,0,0,0.0,0.0,0.0,0.0,0,0.00,0.00,0.00,0.00,613,253,608,255,590,249,613,253,,,,,,,0.0,0.0,0.0,0.0,0.0,0.0,398,240,573,225,620,257,412,144,0.0,0.0
522,True,True,100.0,100.0,200089,0,0,-2,2,0,3,0.7,1.2,1,Joe,1.2,420,False,,2024-12-12T11:30:08.737452Z,48,200089.jpg,1.5,False,Willock,0.2,False,,a,15,4,24,35351,213,39267,315,0.3,5.0,Willock,241.0,2021-08-13,532,0,1,3,4,0,0,0,2,0,0,0,78,79.0,141.6,86.0,30.4,6,0.69,0.62,1.31,7.10,323,151,154,107,193,112,251,128,,,,,,,0.12,0.0,0.1,0.22,1.2,0.68,297,196,251,118,338,157,395,138,1.02,0.51
523,True,True,0.0,0.0,75115,0,0,-1,1,0,4,0.0,0.0,0,Callum,0.3,421,False,Hamstring injury - Expected back 15 Feb,2024-12-12T11:30:08.753948Z,69,75115.jpg,0.8,False,Wilson,0.0,False,,i,15,4,3,5781,31,12137,81,0.0,0.4,Wilson,241.0,2020-09-07,57,0,0,0,2,0,0,0,1,0,0,0,6,2.0,1.7,8.0,1.1,0,0.00,0.00,0.00,1.17,474,49,432,48,367,46,462,49,,,,,1.0,,0.0,0.0,0.0,0.0,1.85,3.16,28,13,377,42,481,51,526,68,0.0,0.0
524,True,False,0.0,0.0,578512,0,0,0,0,0,2,0.0,0.0,0,Miodrag,0.0,574,False,Loaned to Willem II,2024-09-10T11:08:18.853575Z,40,578512.jpg,0.0,False,Pivaš,0.1,False,,u,15,4,0,2653,0,11045,34,0.0,0.0,Pivas,,,0,0,0,0,0,0,0,0,0,0,0,0,0,0.0,0.0,0.0,0.0,0,0.00,0.00,0.00,0.00,552,208,533,206,500,195,552,208,,,,,,,0.0,0.0,0.0,0.0,0.0,0.0,671,211,494,191,559,208,484,174,0.0,0.0
525,True,True,,,538207,0,0,-1,1,0,4,-0.2,0.3,0,William,0.3,590,False,,,49,538207.jpg,1.0,False,Osula,0.2,False,,a,15,4,6,21578,205,25409,305,0.1,1.2,Osula,58.0,2024-08-08,28,0,0,0,1,0,0,0,0,0,0,0,15,4.2,10.3,4.0,1.9,0,0.00,0.02,0.02,0.48,457,46,387,44,397,48,449,47,,,,,,,0.0,0.0,0.06,0.06,1.54,3.21,280,57,370,40,450,46,396,60,0.0,0.0
526,True,True,100.0,100.0,106468,0,0,-1,1,1,2,0.2,0.2,0,Álex,0.2,26,False,,2024-12-07T21:30:07.580389Z,44,106468.jpg,2.7,False,Moreno Lopera,0.5,False,,a,16,17,30,92081,421,115966,1779,0.0,6.8,Alex Moreno,200.0,2024-08-21,787,0,1,3,13,0,0,0,2,0,0,1,107,156.6,78.6,25.0,26.0,10,0.17,0.81,0.98,10.56,233,89,236,60,303,97,275,85,,,,,,,0.02,0.0,0.09,0.11,1.21,1.49,480,88,390,133,156,43,261,97,1.14,0.34
527,True,True,100.0,100.0,159506,0,0,6,-6,4,2,5.5,5.5,8,Ola,5.5,422,True,,2024-11-21T08:30:09.347848Z,51,159506.jpg,4.7,False,Aina,21.6,False,,a,16,17,89,2991243,145035,833641,11417,1.1,17.5,Aina,157.0,2023-07-22,1643,2,0,8,18,0,0,0,2,0,0,15,320,342.4,141.3,57.0,54.0,19,0.56,1.16,1.72,19.03,72,28,155,31,244,72,142,34,,,,,,,0.03,0.0,0.06,0.09,1.04,0.99,175,20,16,6,22,3,18,7,1.04,0.44
528,True,True,100.0,100.0,215379,0,0,0,0,0,3,3.5,3.5,3,Elliot,3.5,423,False,,2024-11-13T15:30:08.535910Z,50,215379.jpg,2.9,False,Anderson,0.2,False,,a,16,17,52,42725,1338,38060,757,0.7,10.4,Anderson,241.0,2024-07-01,1129,0,5,7,12,0,0,0,4,0,0,4,271,317.6,405.6,176.0,89.9,14,0.92,2.36,3.28,12.77,91,30,32,26,106,69,52,34,3.0,,,,,,0.07,0.0,0.19,0.26,1.02,0.96,205,129,71,36,139,58,332,105,1.12,0.56
529,True,True,,,210156,0,0,-5,5,0,4,0.8,0.8,1,Taiwo,0.8,424,False,,,55,210156.jpg,1.1,False,Awoniyi,0.3,False,,a,16,17,15,35622,719,101233,675,0.1,2.7,Awoniyi,157.0,2022-06-25,216,0,0,0,3,0,0,0,0,0,0,0,34,16.6,23.6,67.0,10.0,2,0.62,0.09,0.71,2.92,423,40,341,42,232,37,366,39,,,,,,,0.26,0.0,0.04,0.3,1.22,1.25,107,31,307,34,389,42,306,49,0.83,0.0
530,True,True,100.0,100.0,90585,0,0,-3,3,0,2,0.2,0.2,0,Willy,0.2,425,False,,2024-09-11T12:30:07.170970Z,42,90585.jpg,1.0,False,Boly,0.1,False,,a,16,17,4,9024,160,24285,200,0.0,1.0,Boly,54.0,2022-09-01,113,0,0,0,1,0,0,0,1,0,0,0,20,41.2,0.2,17.0,5.8,1,0.07,0.00,0.07,1.70,376,132,454,164,334,112,404,136,,,,,,,0.06,0.0,0.0,0.06,1.35,0.8,574,141,388,132,409,143,424,153,0.8,0.0
531,True,False,0.0,0.0,245830,0,0,0,0,0,3,0.0,0.0,0,Josh,0.0,426,False,Loaned to  Preston North End,2024-08-31T08:19:22.292913Z,45,245830.jpg,0.0,False,Bowler,0.0,False,,u,16,17,0,1220,0,6286,16,0.0,0.0,Bowler,,,0,0,0,0,0,0,0,0,0,0,0,0,0,0.0,0.0,0.0,0.0,0,0.00,0.00,0.00,0.00,604,246,599,248,581,242,604,246,,,,,,,0.0,0.0,0.0,0.0,0.0,0.0,385,232,564,218,611,250,608,260,0.0,0.0
532,True,True,,,475123,0,0,-3,3,0,1,0.0,0.0,0,Carlos Miguel,0.0,427,False,,,42,475123.jpg,0.0,False,dos Santos Pereira,0.2,False,,a,16,17,0,10262,316,31078,314,0.0,0.0,C.Miguel,30.0,2024-07-09,0,0,0,0,0,0,0,0,0,0,0,0,0,0.0,0.0,0.0,0.0,0,0.00,0.00,0.00,0.00,565,67,551,52,521,40,565,67,,,,,,,0.0,0.0,0.0,0.0,0.0,0.0,586,37,511,65,572,67,384,56,0.0,0.0
533,True,True,,,569014,0,0,-1,1,0,3,0.2,0.2,0,Eric,0.2,428,False,,,44,569014.jpg,1.0,False,da Silva Moreira,0.1,False,,a,16,17,2,12971,331,13150,274,0.0,0.5,Da Silva Moreira,80.0,2024-07-01,28,0,0,0,0,0,0,0,0,0,0,0,9,5.2,0.3,0.0,0.6,0,0.00,0.00,0.00,0.31,452,213,448,227,562,235,468,221,,,,,,,0.0,0.0,0.0,0.0,1.0,0.0,525,313,392,187,420,190,457,166,0.0,0.0
534,True,True,25.0,25.0,513046,0,0,-3,3,0,3,0.0,0.0,0,Danilo,0.0,429,False,Lack of match fitness - 25% chance of playing,2024-08-17T20:00:06.172553Z,47,513046.jpg,1.0,False,dos Santos de Oliveira,0.0,False,,d,16,17,1,640,5,5456,10,0.0,0.2,Danilo,30.0,2023-01-16,14,0,0,0,0,0,0,0,0,0,0,0,1,0.0,0.1,0.0,0.0,1,0.00,0.00,0.00,0.28,671,296,460,232,652,292,671,296,,,,,,,0.0,0.0,0.0,0.0,1.8,0.0,339,219,640,275,440,206,630,272,6.43,0.0
535,True,True,,,230251,0,0,-1,1,0,4,0.0,0.0,0,Emmanuel,0.0,430,False,,,49,230251.jpg,0.0,False,Dennis,0.3,False,,a,16,17,0,45224,416,51632,615,0.0,0.0,Dennis,157.0,2022-08-13,0,0,0,0,0,0,0,0,0,0,0,0,0,0.0,0.0,0.0,0.0,0,0.00,0.00,0.00,0.00,679,67,675,66,667,67,679,67,,,,,,,0.0,0.0,0.0,0.0,0.0,0.0,260,54,655,64,681,68,324,53,0.0,0.0
536,True,True,100.0,100.0,250199,0,0,-2,2,0,3,1.2,1.2,3,Nicolás,1.2,431,False,,2024-12-21T21:30:08.505388Z,48,250199.jpg,1.4,False,Domínguez,0.0,False,,a,16,17,22,3974,181,5349,71,0.3,4.6,Dominguez,10.0,2023-09-01,891,0,0,3,11,0,0,0,5,0,0,0,113,154.0,85.4,125.0,36.4,10,1.19,0.30,1.49,12.13,237,101,222,140,148,94,224,115,,,,,,,0.12,0.0,0.03,0.15,1.23,1.11,311,204,253,120,351,163,555,223,1.01,0.3
537,True,True,100.0,100.0,449434,1,-1,-3,3,1,3,5.8,5.8,6,Anthony,5.8,432,False,,2024-11-23T22:30:08.527966Z,52,449434.jpg,3.3,False,Elanga,2.4,False,,a,16,17,62,282037,67091,244050,6872,1.1,11.9,Elanga,206.0,2023-07-25,1043,3,3,6,12,0,0,0,1,0,0,4,212,242.6,270.1,240.0,75.6,13,1.96,1.66,3.62,13.09,154,60,65,52,66,39,79,50,2.0,,4.0,,,,0.17,0.0,0.14,0.31,1.13,1.04,165,100,13,7,104,46,122,38,1.12,0.52
538,True,True,100.0,100.0,222531,0,0,-2,2,1,3,6.7,6.7,10,Morgan,6.7,433,False,,2024-11-23T22:30:08.545151Z,63,222531.jpg,4.2,False,Gibbs-White,2.6,False,,a,16,17,63,389493,70386,593195,6445,1.1,10.0,Gibbs-White,241.0,2022-08-19,1164,3,3,7,12,0,0,0,4,1,0,10,241,314.8,386.2,332.0,103.3,15,2.08,3.32,5.40,12.73,92,31,35,28,43,26,35,24,,,2.0,,2.0,,0.16,0.0,0.26,0.42,0.98,0.93,56,33,7,4,46,19,117,37,1.16,0.54
539,True,True,75.0,100.0,209046,0,0,-2,2,1,3,1.7,2.2,0,Callum,2.2,434,False,Knock - 75% chance of playing,2024-12-30T09:30:07.071633Z,53,209046.jpg,3.3,False,Hudson-Odoi,1.5,False,,d,16,17,56,343626,1349,530894,9417,0.4,10.6,Hudson-Odoi,241.0,2023-09-01,1316,2,2,7,12,0,0,0,1,0,0,3,247,233.0,435.1,226.0,89.0,15,1.46,1.42,2.88,12.08,161,63,23,19,73,45,54,35,,,,,,,0.1,0.0,0.1,0.2,0.83,0.82,148,87,161,71,105,47,171,52,1.03,0.48
540,True,False,0.0,0.0,244930,0,0,0,0,0,3,0.0,0.0,0,Alex,0.0,435,False,Season long loan to Port Vale,2024-08-29T11:09:56.647313Z,45,244930.jpg,0.0,False,Mighten,0.0,False,,u,16,17,0,689,0,4028,9,0.0,0.0,Mighten,,,0,0,0,0,0,0,0,0,0,0,0,0,0,0.0,0.0,0.0,0.0,0,0.00,0.00,0.00,0.00,603,245,598,247,580,241,603,245,,,,,,,0.0,0.0,0.0,0.0,0.0,0.0,384,231,563,217,610,249,622,266,0.0,0.0
541,True,True,75.0,100.0,575476,0,0,1,-1,0,2,2.0,2.7,0,Murillo,2.7,436,False,Muscle injury - 75% chance of playing,2024-12-30T09:30:07.080942Z,46,575476.jpg,3.8,False,Santiago Costa dos Santos,3.3,False,,d,16,17,68,522563,5386,243694,20894,0.6,14.8,Murillo,30.0,2023-08-31,1597,1,0,7,19,0,0,0,4,0,0,7,274,451.6,133.5,127.0,71.3,18,1.01,0.65,1.66,19.07,22,4,161,34,146,20,93,16,,,3.0,,,,0.06,0.0,0.04,0.1,1.07,1.07,356,56,115,34,62,14,102,39,1.01,0.39
542,True,True,,,215136,0,0,-2,2,1,2,4.2,4.2,6,Neco,4.2,437,False,,,43,215136.jpg,2.8,False,Williams,0.8,False,,a,16,17,45,103296,16802,71677,2320,1.0,10.5,N.Williams,244.0,2022-07-11,904,0,1,5,6,0,0,0,4,0,0,2,176,193.4,103.1,121.0,42.0,9,1.02,0.45,1.47,9.18,199,77,201,50,153,23,200,61,,,5.0,,,,0.1,0.0,0.04,0.14,0.91,0.6,553,125,44,13,143,40,218,86,0.9,0.5
543,True,False,0.0,0.0,204822,0,0,0,0,0,2,0.0,0.0,0,Omar,0.0,438,False,Loaned to Rio Ave,2024-08-22T11:19:23.101534Z,45,204822.jpg,0.0,False,Richards,0.0,False,,u,16,17,0,33,0,4808,5,0.0,0.0,O.Richards,,,0,0,0,0,0,0,0,0,0,0,0,0,0,0.0,0.0,0.0,0.0,0,0.00,0.00,0.00,0.00,599,233,594,233,576,228,599,233,,,,,,,0.0,0.0,0.0,0.0,0.0,0.0,374,66,558,224,606,233,614,211,0.0,0.0
544,True,False,0.0,0.0,243345,0,0,0,0,0,3,0.0,0.0,0,Lewis,0.0,439,False,On loan to Los Angeles Football Club for the rest of the season,2024-08-01T07:01:57.624673Z,50,243345.jpg,0.0,False,O'Brien,0.0,False,,u,16,17,0,0,0,122,0,0.0,0.0,O'Brien,,,0,0,0,0,0,0,0,0,0,0,0,0,0,0.0,0.0,0.0,0.0,0,0.00,0.00,0.00,0.00,687,307,683,306,679,304,687,307,,,,,,,0.0,0.0,0.0,0.0,0.0,0.0,209,132,671,298,688,307,707,318,0.0,0.0
545,True,True,,,466404,0,0,-3,3,0,2,0.0,0.0,0,Andrew,0.0,440,False,,,42,466404.jpg,0.0,False,Omobamidele,0.1,False,,a,16,17,0,1394,38,5319,58,0.0,0.0,Omobamidele,104.0,2023-09-01,0,0,0,0,0,0,0,0,0,0,0,0,0,0.0,0.0,0.0,0.0,0,0.00,0.00,0.00,0.00,564,219,550,218,520,209,564,219,,,,,,,0.0,0.0,0.0,0.0,0.0,0.0,585,152,510,204,571,219,522,186,0.0,0.0
546,True,False,0.0,0.0,209035,0,0,0,0,0,2,0.0,0.0,0,Jonathan,0.0,441,False,On a season long loan to Rio Ave,2024-07-18T09:44:17.568948Z,40,209035.jpg,0.0,False,Panzo,0.0,False,,u,16,17,0,0,0,126,2,0.0,0.0,Panzo,,,0,0,0,0,0,0,0,0,0,0,0,0,0,0.0,0.0,0.0,0.0,0,0.00,0.00,0.00,0.00,512,179,490,176,454,162,512,179,,,,,,,0.0,0.0,0.0,0.0,0.0,0.0,617,170,451,160,519,179,704,238,0.0,0.0
547,True,True,0.0,0.0,210462,0,0,-2,2,0,3,0.0,0.0,0,Ibrahim,0.0,442,False,Hamstring injury - Unknown return date,2024-09-12T15:00:06.800627Z,43,210462.jpg,1.3,False,Sangaré,0.7,False,,i,16,17,4,172473,3320,323120,1923,0.0,0.9,Sangaré,54.0,2023-09-01,212,0,0,1,2,0,0,0,2,0,0,0,26,38.8,16.4,19.0,7.4,3,0.02,0.06,0.08,1.98,379,176,364,200,326,176,385,189,,,,,,,0.01,0.0,0.03,0.04,0.84,0.85,552,319,521,198,358,167,238,75,1.27,0.42
548,True,True,100.0,100.0,85633,0,0,3,-3,1,1,4.5,4.5,6,Matz,4.5,443,True,,2024-10-12T11:00:07.468908Z,48,85633.jpg,4.5,False,Sels,10.9,False,,a,16,17,85,1452354,113045,442090,10420,0.9,17.7,Sels,21.0,2024-02-01,1710,0,1,8,19,0,0,0,2,0,53,7,288,436.6,0.1,0.0,44.0,19,0.00,0.04,0.04,20.01,28,9,461,14,653,62,191,9,,,,,,,0.0,2.79,0.0,0.0,1.05,1.0,287,10,34,3,34,6,34,7,1.0,0.42
549,True,True,,,114241,0,0,-3,3,0,2,0.3,0.3,1,Harry,0.3,444,False,,,42,114241.jpg,1.0,False,Toffolo,0.1,False,,a,16,17,3,1781,66,6530,59,0.1,0.7,Toffolo,241.0,2022-07-20,45,0,0,0,1,0,0,0,0,0,0,0,8,18.2,3.3,6.0,2.8,0,0.02,0.01,0.03,0.74,413,146,417,146,375,131,433,147,,,,,,,0.04,0.0,0.02,0.06,1.48,2.0,576,143,355,115,410,144,510,183,0.0,0.0
550,True,False,0.0,0.0,201440,0,0,0,0,0,4,0.0,0.0,0,Hwang,0.0,446,False,Transferred to Alanyaspor,2024-09-10T11:39:20.038647Z,45,201440.jpg,0.0,False,Ui-jo,1.0,False,,u,16,17,0,317328,0,384581,2218,0.0,0.0,Ui-jo,114.0,,0,0,0,0,0,0,0,0,0,0,0,0,0,0.0,0.0,0.0,0.0,0,0.00,0.00,0.00,0.00,597,51,592,51,574,51,597,51,,,,,,,0.0,0.0,0.0,0.0,0.0,0.0,372,64,556,48,604,54,206,36,0.0,0.0
551,True,True,100.0,100.0,60689,1,-1,7,-7,2,4,4.7,4.7,12,Chris,4.7,447,False,,2024-10-26T11:00:07.644070Z,67,60689.jpg,5.6,False,Wood,25.8,False,,a,16,17,106,4502958,254892,2381908,19965,0.7,15.8,Wood,154.0,2023-07-01,1485,11,1,9,16,0,0,0,1,0,0,23,397,435.0,124.2,484.0,104.6,18,6.76,0.31,7.07,16.35,30,5,171,22,19,9,32,7,,,,,1.0,,0.41,0.0,0.02,0.43,0.99,0.97,35,17,32,4,9,4,11,4,1.09,0.55
552,True,False,0.0,0.0,208912,0,0,0,0,0,2,0.0,0.0,0,Joe,0.0,448,False,Transferred to Burnley,2024-08-26T10:09:19.430328Z,45,208912.jpg,0.0,False,Worrall,0.0,False,,u,16,17,0,71,0,5201,13,0.0,0.0,Worrall,,,0,0,0,0,0,0,0,0,0,0,0,0,0,0.0,0.0,0.0,0.0,0,0.00,0.00,0.00,0.00,600,234,595,234,577,229,600,234,,,,,,,0.0,0.0,0.0,0.0,0.0,0.0,375,67,559,225,607,234,598,202,0.0,0.0
553,True,True,100.0,0.0,204968,0,0,-1,1,0,3,1.3,0.0,0,Ryan,1.3,449,False,,2024-12-27T00:30:09.776071Z,49,204968.jpg,2.3,False,Yates,0.2,False,,a,16,17,42,56732,108,60082,610,0.3,8.6,Yates,241.0,2018-08-01,1304,1,1,5,15,0,0,0,5,0,0,3,192,188.2,169.2,183.0,54.1,13,1.72,0.39,2.11,16.64,208,85,132,91,100,65,141,86,,,,,,,0.12,0.0,0.03,0.15,1.15,1.04,255,165,239,109,211,90,387,133,0.9,0.35
554,True,True,100.0,100.0,101178,0,0,-3,3,0,3,0.3,0.3,1,James,0.3,531,False,,2024-10-25T22:30:06.650947Z,62,101178.jpg,1.2,False,Ward-Prowse,0.5,False,,a,16,17,11,25110,498,162647,554,0.0,1.8,Ward-Prowse,241.0,2024-08-30,410,0,0,1,8,0,0,0,0,1,0,0,48,48.0,61.2,9.0,11.9,5,0.06,0.39,0.45,5.64,367,170,260,163,363,193,353,171,1.0,,1.0,,,,0.01,0.0,0.09,0.1,1.24,1.76,60,36,376,185,383,184,255,80,1.1,0.22
555,True,True,,,227444,0,0,2,-2,0,2,5.7,5.7,6,Nikola,5.7,573,False,,,47,227444.jpg,4.3,False,Milenković,6.2,False,,a,16,17,77,750386,64142,113917,12157,1.2,16.4,Milenković,190.0,2024-07-18,1620,2,1,8,18,0,0,0,2,0,0,1,262,343.0,48.5,190.0,57.9,18,2.76,0.44,3.20,18.79,71,27,287,82,93,6,128,30,,,,,,,0.15,0.0,0.02,0.17,1.04,1.0,329,43,14,5,40,6,68,22,1.0,0.44
556,True,True,100.0,100.0,510500,0,0,-1,1,0,3,1.0,1.0,1,João Pedro,1.0,596,False,,2024-11-01T10:30:06.942890Z,59,510500.jpg,1.4,False,Ferreira Silva,0.1,False,,a,16,17,25,13786,250,20256,292,0.2,4.2,Jota Silva,173.0,2024-08-01,531,0,2,1,9,0,0,0,3,0,0,0,98,77.2,127.5,97.0,30.3,3,0.52,1.53,2.05,7.67,326,153,170,112,180,107,252,129,,,,,,,0.09,0.0,0.26,0.35,1.3,1.53,87,56,285,139,354,166,426,152,0.51,0.17
557,True,True,,,502222,0,0,0,0,0,3,0.8,0.8,3,Ramón,0.8,620,False,,,55,502222.jpg,1.6,False,Sosa,0.0,False,,a,16,17,19,4598,197,4388,75,0.1,3.5,Sosa,168.0,2024-08-16,211,1,0,1,2,0,0,0,0,0,0,0,73,74.0,87.4,75.0,23.5,1,1.02,0.30,1.32,1.50,330,155,217,138,219,127,287,144,,,,,,,0.44,0.0,0.13,0.57,0.64,0.85,119,72,310,157,331,151,528,208,0.43,0.43
558,True,True,,,485047,0,0,0,0,0,2,3.0,3.0,8,Felipe,3.0,653,False,,,45,485047.jpg,2.0,False,Rodrigues da Silva,0.1,False,,a,16,17,24,5518,1310,2737,194,0.7,5.3,Morato,30.0,2024-08-30,362,0,0,2,1,0,0,0,0,0,0,2,92,104.0,3.3,0.0,10.8,2,0.00,0.01,0.01,4.03,291,109,418,147,599,232,359,120,,,,,,,0.0,0.0,0.0,0.0,1.0,0.25,409,80,89,27,261,87,490,177,0.5,0.5
559,True,True,,,549067,0,0,0,0,0,2,1.2,1.2,0,Zach,0.0,706,False,,,40,549067.jpg,0.0,False,Abbott,0.0,False,,a,16,17,0,123,123,20,20,0.0,0.0,Abbott,241.0,2022-08-22,0,0,0,0,0,0,0,0,0,0,0,0,0,0.0,0.0,0.0,0.0,0,0.00,0.00,0.00,0.00,547,203,528,201,495,190,547,203,,,,,,,0.0,0.0,0.0,0.0,0.0,0.0,665,205,489,186,554,203,699,237,0.0,0.0
560,True,True,100.0,100.0,225321,0,0,-1,1,2,1,2.0,2.0,3,Aaron,2.5,14,False,,2024-11-12T14:30:07.315514Z,44,225321.jpg,3.4,False,Ramsdale,1.4,False,,a,17,20,41,274243,3249,248861,2274,0.6,9.3,Ramsdale,241.0,2024-08-30,1080,0,0,2,22,0,0,0,1,0,50,5,156,359.2,0.0,0.0,36.0,12,0.00,0.02,0.02,25.21,59,15,570,61,548,52,226,15,,,,,,,0.0,4.17,0.0,0.0,2.1,1.83,497,20,125,13,86,13,180,25,1.0,0.17
561,True,True,,,433979,0,0,0,0,1,4,0.7,0.7,1,Cameron,1.2,27,False,,,50,433979.jpg,2.1,False,Archer,1.9,False,,a,17,20,37,495045,3112,438777,8924,0.2,7.4,Archer,241.0,2024-08-16,914,2,0,1,17,0,0,1,0,0,0,4,97,90.4,40.6,262.0,39.2,9,4.38,0.37,4.75,23.77,310,29,298,33,58,21,212,27,,,,,2.0,,0.43,0.0,0.04,0.47,2.34,1.67,213,47,257,30,244,29,146,25,0.89,0.1
562,True,True,100.0,100.0,503714,0,0,0,0,0,3,0.0,0.0,1,Lesley,0.5,188,False,,2024-11-30T01:00:07.716140Z,45,503714.jpg,1.0,False,Ugochukwu,0.2,False,,a,17,20,9,45266,94,56152,368,0.1,2.0,Ugochukwu,73.0,2024-08-16,366,0,0,0,10,0,0,0,2,0,0,0,36,47.2,60.5,18.0,12.5,3,0.28,0.12,0.40,8.91,368,171,262,164,331,179,348,170,,,,,,,0.07,0.0,0.03,0.1,2.19,2.46,430,261,339,170,426,195,333,106,0.74,0.0
563,True,True,100.0,100.0,90105,0,0,-2,2,0,3,-0.2,-0.2,0,Ryan,0.3,397,False,,2024-11-01T16:30:08.020367Z,48,90105.jpg,0.9,False,Fraser,0.0,False,,a,17,20,6,2144,4,4223,24,0.1,1.2,Fraser,243.0,2024-08-30,301,0,0,0,12,0,0,0,0,1,0,0,28,35.8,26.5,13.0,6.7,4,0.02,0.10,0.12,10.12,383,177,333,188,346,183,389,192,,,,,,,0.01,0.0,0.03,0.04,3.03,3.59,288,188,368,179,467,225,580,240,1.2,0.0
564,True,False,0.0,0.0,502697,0,0,-1,1,0,3,0.0,0.0,0,Carlos,0.0,450,False,Permanent transfer to Flamengo,2024-08-30T09:48:28.633540Z,49,502697.jpg,1.0,False,Alcaraz Durán,0.0,False,,u,17,20,1,1072,0,9984,5,0.0,0.2,Alcaraz,,,9,0,0,0,0,0,0,0,0,0,0,0,4,8.4,15.9,19.0,4.3,0,0.07,0.03,0.10,0.00,446,212,368,202,329,178,418,200,,,,,,,0.7,0.0,0.3,1.0,0.0,0.0,278,182,663,291,449,213,601,257,0.0,0.0
565,True,True,,,499724,0,0,-1,1,0,3,-0.5,-0.5,0,Samuel,0.0,451,False,,,44,499724.jpg,0.5,False,Amo-Ameyaw,0.1,False,,a,17,20,1,21952,288,22743,322,0.0,0.2,Amo-Ameyaw,241.0,2023-05-27,26,0,0,0,0,0,0,0,1,0,0,0,1,4.0,16.1,6.0,2.6,0,0.02,0.13,0.15,1.11,459,215,365,201,378,200,435,209,,,,,,,0.07,0.0,0.45,0.52,3.84,0.0,517,306,542,206,488,231,425,151,0.0,0.0
566,True,True,,,193204,0,0,-1,1,0,3,1.8,1.8,1,Joe,2.3,452,False,,,49,193204.jpg,2.2,False,Aribo,0.1,False,,a,17,20,39,13132,104,13987,163,0.5,8.0,Aribo,157.0,2022-07-09,1035,2,0,0,27,0,0,0,0,0,0,3,201,209.4,148.8,184.0,54.4,10,2.20,1.01,3.21,30.76,184,72,144,101,99,64,140,85,,,,,,,0.19,0.0,0.09,0.28,2.67,2.35,247,157,144,65,222,94,486,181,0.87,0.0
567,True,True,,,155511,0,0,-4,4,0,4,1.8,1.8,5,Adam,2.3,453,False,,,51,155511.jpg,2.6,False,Armstrong,1.1,False,,a,17,20,41,220085,6345,275950,4562,0.5,8.0,Armstrong,241.0,2021-08-10,1078,2,3,2,22,0,0,1,4,0,0,2,133,147.6,127.6,240.0,51.5,13,3.20,0.53,3.73,25.44,244,25,169,21,65,24,154,22,,,,,1.0,,0.27,0.0,0.04,0.31,2.12,1.84,174,43,146,23,170,25,199,34,1.09,0.17
568,True,True,0.0,0.0,456350,0,0,-2,2,0,1,0.0,0.0,0,Gavin,0.0,454,False,Achilles injury - Expected back 15 Feb,2024-08-23T09:30:06.171400Z,43,456350.jpg,0.0,False,Bazunu,0.1,False,,i,17,20,0,2349,18,24227,93,0.0,0.0,Bazunu,104.0,2022-06-17,0,0,0,0,0,0,0,0,0,0,0,0,0,0.0,0.0,0.0,0.0,0,0.00,0.00,0.00,0.00,573,71,563,60,538,51,573,71,,,,,,,0.0,0.0,0.0,0.0,0.0,0.0,564,33,524,69,580,71,451,63,0.0,0.0
569,True,True,100.0,100.0,171771,0,0,0,0,0,2,1.2,1.2,0,Jan,1.7,455,False,,2024-12-06T15:30:08.306281Z,40,171771.jpg,1.8,False,Bednarek,2.6,False,,a,17,20,27,473660,4411,350193,6018,0.4,6.8,Bednarek,172.0,2023-01-23,1340,0,0,2,29,0,0,0,4,0,0,2,147,386.2,49.2,16.0,45.0,15,0.01,0.76,0.77,30.35,47,15,286,81,337,113,186,56,,,,,,,0.0,0.0,0.05,0.05,2.04,1.95,610,165,200,63,286,93,118,45,1.01,0.13
570,True,True,,,477386,0,0,-1,1,0,2,-0.5,-0.5,0,Armel,0.0,456,False,,,39,477386.jpg,0.0,False,Bella-Kotchap,0.5,False,,a,17,20,0,51701,497,42025,849,0.0,0.0,Bella-Kotchap,80.0,2022-06-21,0,0,0,0,0,0,0,0,0,0,0,0,0,0.0,0.0,0.0,0.0,0,0.00,0.00,0.00,0.00,494,171,469,168,428,149,494,171,,,,,,,0.0,0.0,0.0,0.0,0.0,0.0,700,233,430,149,503,173,264,99,0.0,0.0
571,True,True,100.0,100.0,184386,0,0,-1,1,0,2,0.2,0.2,1,James,0.7,457,False,,2024-12-19T04:30:08.224477Z,39,184386.jpg,0.8,False,Bree,0.3,False,,a,17,20,5,36559,1116,24542,648,0.2,1.3,Bree,241.0,2023-01-26,264,0,0,0,7,0,0,0,0,0,0,0,34,60.4,72.9,23.0,15.5,3,0.04,0.23,0.27,9.19,349,123,246,63,305,98,339,113,,,,,,,0.01,0.0,0.08,0.09,3.13,2.39,690,227,311,96,472,158,304,116,1.02,0.0
572,True,False,0.0,0.0,463210,0,0,0,0,0,3,0.0,0.0,0,Shea,0.0,458,False,Has joined Sheffield Wednesday on a season-long loan,2024-08-29T11:10:39.600629Z,45,463210.jpg,0.0,False,Charles,0.0,False,,u,17,20,0,1091,0,7442,13,0.0,0.0,Charles,,,0,0,0,0,0,0,0,0,0,0,0,0,0,0.0,0.0,0.0,0.0,0,0.00,0.00,0.00,0.00,615,255,610,257,592,251,615,255,,,,,,,0.0,0.0,0.0,0.0,0.0,0.0,400,242,575,227,622,259,570,232,0.0,0.0
573,True,False,0.0,0.0,490503,0,0,-1,1,0,3,0.0,0.0,0,Samuel,0.0,459,False,Loaned to Anderlecht,2024-09-10T11:28:17.403794Z,49,490503.jpg,0.5,False,Edozie,0.0,False,,u,17,20,1,463,0,2604,7,0.0,0.2,Edozie,,,64,0,0,0,0,0,0,0,1,0,0,0,6,9.8,19.0,22.0,5.1,0,0.00,0.15,0.15,0.31,441,208,357,196,310,169,416,199,,,,,,,0.0,0.0,0.21,0.21,0.44,0.0,275,180,660,289,492,234,646,283,0.0,0.0
574,True,True,,,500926,0,0,-1,1,0,2,-0.3,-0.3,0,Ronnie,0.2,460,False,,,39,500926.jpg,1.0,False,Edwards,0.4,False,,a,17,20,1,40313,237,28415,669,0.1,0.3,Edwards,241.0,2024-07-03,12,0,0,0,1,0,0,0,0,0,0,0,-1,5.0,0.1,0.0,0.5,0,0.00,0.00,0.00,0.32,453,158,456,165,430,150,469,161,,,,,,,0.0,0.0,0.0,0.0,2.4,7.5,702,234,379,124,391,128,295,111,0.0,0.0
575,True,True,100.0,100.0,245719,0,0,1,-1,0,2,1.5,1.5,0,Taylor,2.0,461,False,,2024-11-30T01:00:08.130168Z,41,245719.jpg,2.0,False,Harwood-Bellis,8.3,False,,a,17,20,36,763800,7606,879913,16076,0.5,8.8,Harwood-Bellis,241.0,2024-07-01,1489,1,0,2,30,0,0,0,6,0,0,2,155,394.6,118.6,126.0,64.1,17,1.19,0.35,1.54,33.81,40,13,180,41,147,21,110,24,,,,,,,0.07,0.0,0.02,0.09,2.04,1.81,592,155,169,52,257,84,42,11,1.03,0.12
576,True,True,100.0,100.0,504783,0,0,0,0,0,3,0.3,0.3,1,Kamaldeen,0.8,462,False,,2024-08-05T15:00:04.500770Z,50,504783.jpg,1.0,False,Sulemana,0.0,False,,a,17,20,8,821,14,1162,18,0.2,1.6,Kamaldeen,81.0,2023-01-31,102,0,0,0,6,0,0,0,0,0,0,0,25,17.8,8.6,11.0,3.6,1,0.02,0.04,0.06,4.60,418,195,403,212,356,189,426,203,,,,,,,0.02,0.0,0.04,0.06,4.06,5.29,223,141,304,153,453,214,657,287,0.88,0.0
577,True,True,100.0,100.0,39155,0,0,0,0,0,3,-0.2,-0.2,1,Adam,0.3,463,False,,2024-11-25T09:30:07.787290Z,50,39155.jpg,1.3,False,Lallana,0.0,False,,a,17,20,13,3222,21,5572,26,0.1,2.6,Lallana,241.0,2024-06-14,319,0,2,0,5,0,0,0,4,0,0,1,65,77.6,81.9,21.0,18.0,5,0.15,0.48,0.63,5.80,325,152,226,143,320,173,322,159,,,,,,,0.04,0.0,0.14,0.18,1.64,1.41,188,117,371,181,364,173,572,233,1.41,0.0
578,True,True,0.0,0.0,515571,0,0,0,0,0,2,0.0,0.0,0,Juan,0.0,464,False,Unknown - Expected back 16 Jan,2024-11-29T12:00:07.896449Z,40,515571.jpg,0.0,False,Larios López,0.1,False,,i,17,20,0,2979,8,7671,78,0.0,0.0,Larios,200.0,2022-09-01,0,0,0,0,0,0,0,0,0,0,0,0,0,0.0,0.0,0.0,0.0,0,0.00,0.00,0.00,0.00,539,196,519,193,485,181,539,196,,,,,,,0.0,0.0,0.0,0.0,0.0,0.0,653,194,480,178,546,196,493,178,0.0,0.0
579,True,False,0.0,0.0,200428,0,0,0,0,0,1,0.0,0.0,0,Mateusz,0.0,465,False,Transferred to Göztepe,2024-08-23T12:38:57.742902Z,40,200428.jpg,0.0,False,Lis,0.1,False,,u,17,20,0,888,0,17857,78,0.0,0.0,Lis,,,0,0,0,0,0,0,0,0,0,0,0,0,0,0.0,0.0,0.0,0.0,0,0.00,0.00,0.00,0.00,511,54,489,33,453,20,511,54,,,,,,,0.0,0.0,0.0,0.0,0.0,0.0,616,50,450,49,518,54,459,65,0.0,0.0
580,True,True,,,167888,0,0,0,0,0,1,0.3,0.3,0,Joe,0.8,466,False,,,40,167888.jpg,2.7,False,Lumley,0.6,False,,a,17,20,8,71546,2417,36535,1612,0.2,2.0,Lumley,241.0,2023-08-07,270,0,0,0,7,0,0,0,0,0,13,0,22,102.2,0.0,0.0,10.2,3,0.00,0.00,0.00,9.40,294,27,483,31,446,18,365,27,,,,,,,0.0,4.33,0.0,0.0,3.13,2.33,608,48,294,23,153,25,241,37,1.0,0.0
581,True,True,,,204863,0,0,-2,2,0,2,0.2,0.2,1,Ryan,0.7,467,False,,,43,204863.jpg,1.3,False,Manning,0.1,False,,a,17,20,14,2696,31,6466,74,0.2,3.3,Manning,104.0,2023-07-12,668,0,1,0,18,0,0,0,1,0,0,0,57,126.8,193.6,45.0,36.4,9,0.14,1.48,1.62,20.02,268,101,113,24,260,78,222,67,1.0,,,,,,0.02,0.0,0.2,0.22,2.7,2.43,551,124,316,99,357,119,499,180,1.21,0.0
582,True,False,0.0,0.0,476888,0,0,0,0,0,4,0.0,0.0,0,Sékou,0.0,468,False,Transferred to Strasbourg,2024-08-26T10:17:11.280625Z,50,476888.jpg,0.0,False,Mara,0.0,False,,u,17,20,0,782,0,8147,9,0.0,0.0,Mara,,,0,0,0,0,0,0,0,0,0,0,0,0,0,0.0,0.0,0.0,0.0,0,0.00,0.00,0.00,0.00,692,71,689,71,684,71,692,71,,,,,,,0.0,0.0,0.0,0.0,0.0,0.0,220,49,677,68,693,72,571,71,0.0,0.0
583,True,True,,,58376,0,0,-2,2,0,1,-0.3,-0.3,0,Alex,0.2,469,False,,,43,58376.jpg,2.5,False,McCarthy,0.1,False,,a,17,20,10,16628,36,24082,147,0.0,2.3,McCarthy,241.0,2016-08-01,360,0,0,0,10,0,0,0,0,0,19,0,25,126.6,0.0,0.0,12.7,4,0.00,0.00,0.00,8.29,269,26,555,55,525,43,347,26,,,,,,,0.0,4.75,0.0,0.0,2.07,2.5,533,25,389,30,178,30,402,57,1.0,0.0
584,True,True,100.0,100.0,147611,0,0,-1,1,0,4,0.3,0.3,2,Paul,0.8,470,False,,2024-11-25T09:30:07.798801Z,49,147611.jpg,1.1,False,Onuachu,0.2,False,,a,17,20,10,35752,937,31948,662,0.2,2.0,Onuachu,157.0,2023-01-31,265,0,0,0,7,0,0,0,1,0,0,0,17,18.0,34.6,112.0,16.3,3,0.92,0.04,0.96,6.78,416,39,313,36,164,34,334,36,,,,,,,0.31,0.0,0.01,0.32,2.3,2.38,240,53,301,33,386,41,350,57,1.02,0.0
585,True,True,75.0,75.0,214466,0,0,0,0,0,3,-0.4,-0.4,0,Will,0.0,471,False,Lack of match fitness - 75% chance of playing,2024-10-20T11:00:06.361543Z,50,214466.jpg,1.5,False,Smallbone,0.0,False,,d,17,20,6,1908,5,6063,18,0.0,1.2,Smallbone,104.0,2019-07-22,240,0,0,0,5,0,0,0,0,0,0,0,31,22.6,57.1,32.0,11.1,3,0.31,0.54,0.85,4.93,403,190,269,168,287,157,358,176,2.0,,1.0,,,,0.12,0.0,0.2,0.32,1.85,1.88,204,128,670,297,340,158,603,259,1.12,0.0
586,True,True,0.0,0.0,88900,0,0,0,0,0,2,0.0,0.0,0,Jack,-0.7,472,False,Knock - Expected back 16 Jan,2024-12-27T02:00:09.866125Z,40,88900.jpg,1.0,False,Stephens,0.5,False,,i,17,20,10,118689,32,106777,2039,-0.2,2.5,Stephens,241.0,2011-07-01,793,0,0,1,20,0,0,0,2,2,0,2,39,127.2,51.5,17.0,19.6,10,0.28,0.20,0.48,19.16,267,100,283,80,333,111,310,102,,,,,,,0.03,0.0,0.02,0.05,2.17,2.27,599,157,709,239,396,132,256,93,1.13,0.11
587,True,True,0.0,0.0,230348,0,0,-1,1,0,4,0.0,0.0,0,Ross,0.0,473,False,Muscle injury - Expected back 16 Jan,2024-10-05T18:00:07.268831Z,44,230348.jpg,0.8,False,Stewart,2.2,False,,i,17,20,3,663046,9994,512891,11128,0.0,0.7,Stewart,243.0,2023-09-01,130,0,0,0,2,0,0,0,1,0,0,0,5,5.8,6.7,9.0,2.1,1,0.17,0.02,0.19,2.56,450,43,407,46,360,45,445,46,,,,,,,0.12,0.0,0.01,0.13,1.77,1.38,500,78,535,46,477,50,134,21,0.69,0.0
588,True,True,100.0,100.0,219279,0,0,-2,2,1,2,0.8,0.8,0,Sugawara,1.3,474,False,,2024-10-20T11:00:06.390070Z,43,219279.jpg,2.2,False,Yukinari,0.2,False,,a,17,20,35,31724,62,35794,332,0.3,8.1,Sugawara,108.0,2024-07-14,930,1,1,2,20,0,0,0,3,0,0,0,141,221.0,223.3,73.0,51.6,11,0.37,1.70,2.07,21.82,173,66,97,19,223,61,150,38,,,2.0,,,,0.04,0.0,0.16,0.2,2.11,1.94,554,126,232,76,218,67,372,132,1.06,0.19
589,True,True,,,103914,0,0,-1,1,0,2,-0.3,-0.3,0,Charlie,0.2,475,False,,,39,103914.jpg,1.0,False,Taylor,4.8,False,,a,17,20,6,380335,5090,419434,8715,0.1,1.5,Taylor,241.0,2024-07-01,218,0,0,0,6,0,0,0,1,0,0,0,30,68.6,25.4,2.0,9.7,2,0.00,0.09,0.09,4.40,341,120,335,108,402,138,369,124,,,,,,,0.0,0.0,0.04,0.04,1.82,2.48,685,224,378,123,390,127,82,29,0.83,0.0
590,True,True,100.0,100.0,158534,0,0,-2,2,0,2,1.8,1.8,1,Kyle,2.3,476,False,,2024-12-20T17:00:08.649440Z,43,158534.jpg,2.2,False,Walker-Peters,0.3,False,,a,17,20,37,33903,519,49877,507,0.5,8.6,Walker-Peters,241.0,2020-08-11,1510,0,2,2,35,0,0,0,3,0,0,3,182,301.4,214.8,151.0,66.7,17,0.31,1.85,2.15,39.73,103,39,99,20,122,12,106,21,,,,,,,0.02,0.0,0.11,0.13,2.37,2.09,545,120,138,39,217,66,297,112,1.01,0.12
591,True,True,,,244845,0,0,0,0,0,2,1.5,1.5,1,Nathan,2.0,477,False,,,40,244845.jpg,2.0,False,Wood-Gordon,1.4,False,,a,17,20,12,110658,2327,108016,2058,0.5,3.0,Wood,241.0,2024-07-05,525,0,0,1,11,0,0,0,2,0,0,2,51,87.8,16.7,14.0,12.0,5,0.23,0.03,0.26,13.81,316,112,363,122,342,117,350,117,,,,,,,0.04,0.0,0.01,0.05,2.37,1.89,624,176,168,51,255,83,184,74,0.86,0.17
592,True,True,100.0,100.0,149519,0,0,-3,3,0,3,-0.5,-0.5,0,Maxwel,0.0,515,False,,2024-12-21T21:30:08.763721Z,47,149519.jpg,0.5,False,Cornet,0.0,False,,a,17,20,1,2195,16,4138,28,0.0,0.2,Cornet,54.0,2024-08-30,71,0,0,0,4,0,0,0,1,0,0,0,12,11.6,3.5,7.0,2.2,1,0.16,0.00,0.16,1.79,433,202,416,214,370,197,444,212,,,,,,,0.2,0.0,0.0,0.2,2.27,5.07,324,211,631,270,491,233,590,248,1.27,0.0
593,True,True,75.0,100.0,220585,0,0,-2,2,0,3,0.5,0.7,0,Flynn,1.2,518,False,Leg injury - 75% chance of playing,2024-12-30T09:30:07.198312Z,48,220585.jpg,2.0,False,Downes,0.1,False,,d,17,20,32,6669,33,8607,149,0.3,6.7,Downes,241.0,2024-07-16,1369,1,0,2,30,0,0,0,7,0,0,0,206,193.8,225.0,102.0,52.2,16,0.60,1.13,1.73,31.59,198,79,94,71,175,105,147,89,,,,,,,0.04,0.0,0.07,0.11,2.08,1.97,303,200,252,119,263,113,515,200,1.05,0.13
594,True,True,,,204814,0,0,-6,6,0,3,-0.2,-0.2,0,Ben,0.3,584,False,,,49,204814.jpg,1.3,False,Brereton Díaz,0.2,False,,a,17,20,13,22554,18,80202,118,0.1,2.7,Brereton Díaz,44.0,2024-07-30,446,0,0,0,10,0,0,0,1,0,0,0,43,21.8,63.6,81.0,16.8,4,0.90,0.15,1.05,11.43,408,192,256,161,203,119,330,163,,,,,,,0.18,0.0,0.03,0.21,2.31,2.02,254,164,369,180,362,171,394,137,0.81,0.0
595,True,True,100.0,100.0,496661,0,0,0,0,1,3,1.8,1.8,8,Tyler,2.3,608,False,,2024-11-30T01:00:08.409547Z,45,496661.jpg,2.1,False,Dibling,2.3,False,,a,17,20,38,652886,15714,421004,5366,0.5,8.4,Dibling,241.0,2023-08-07,1073,2,0,1,26,0,0,0,5,0,0,4,147,179.8,225.6,191.0,59.6,12,1.85,1.06,2.91,25.84,213,89,93,70,92,59,125,74,4.0,,,,,,0.16,0.0,0.09,0.25,2.17,2.18,422,254,143,64,239,102,127,40,1.01,0.08
596,True,True,0.0,,551226,0,0,0,0,0,3,0.0,1.3,1,Mateus Gonçalo,1.8,623,False,Suspended until 16 Jan,2024-12-30T09:30:07.304371Z,50,551226.jpg,2.2,False,Espanha Fernandes,0.0,False,,s,17,20,40,9255,37,6852,251,0.4,8.0,M.Fernandes,173.0,2024-08-20,1398,1,1,3,30,0,0,0,5,0,0,0,216,229.0,306.2,217.0,75.3,16,1.96,1.83,3.79,35.58,166,66,57,44,78,50,81,52,3.0,,3.0,,,,0.13,0.0,0.12,0.25,2.29,1.93,231,148,197,89,226,98,534,211,1.03,0.19
597,True,True,,,545508,0,0,0,0,0,3,-0.5,-0.5,0,Joseph,0.0,693,False,,,45,545508.jpg,0.0,False,O'Brien-Whitmarsh,0.0,False,,a,17,20,0,538,16,354,20,0.0,0.0,O'Brien-Whitmarsh,104.0,2024-08-27,0,0,0,0,0,0,0,0,0,0,0,0,0,0.0,0.0,0.0,0.0,0,0.00,0.00,0.00,0.00,647,281,642,282,627,277,647,281,,,,,,,0.0,0.0,0.0,0.0,0.0,0.0,448,277,610,255,653,284,689,308,0.0,0.0
598,True,True,100.0,100.0,154566,0,0,0,0,1,4,4.2,4.2,2,Dominic,3.7,82,False,,2024-12-02T00:00:07.868049Z,75,154566.jpg,4.6,False,Solanke-Mitchell,9.5,False,,a,18,6,74,2445838,11396,4205977,49286,0.5,9.9,Solanke,241.0,2024-08-10,1418,6,5,3,25,0,0,0,0,0,0,3,292,352.8,166.6,512.0,103.0,16,7.72,0.96,8.68,26.09,63,8,134,14,15,7,36,8,,,,,,,0.49,0.0,0.06,0.55,1.66,1.59,17,6,66,7,30,10,38,9,1.02,0.19
599,True,False,0.0,0.0,548308,0,0,0,0,0,2,0.0,0.0,0,Ashley,0.0,478,False,Loaned to Stoke City,2024-08-26T10:10:07.966773Z,40,548308.jpg,0.0,False,Phillips,0.2,False,,u,18,6,0,8361,0,42012,112,0.0,0.0,A.Phillips,,,0,0,0,0,0,0,0,0,0,0,0,0,0,0.0,0.0,0.0,0.0,0,0.00,0.00,0.00,0.00,546,202,527,200,494,189,546,202,,,,,,,0.0,0.0,0.0,0.0,0.0,0.0,664,204,488,185,553,202,374,133,0.0,0.0
600,True,True,,,214572,0,0,0,0,0,1,0.5,0.5,0,Brandon,0.0,479,False,,,40,214572.jpg,0.0,False,Austin,0.5,False,,a,18,6,0,29931,275,30321,562,0.0,0.0,Austin,241.0,2017-07-22,0,0,0,0,0,0,0,0,0,0,0,0,0,0.0,0.0,0.0,0.0,0,0.00,0.00,0.00,0.00,513,55,491,34,455,21,513,55,,,,,,,0.0,0.0,0.0,0.0,0.0,0.0,618,51,452,50,520,55,265,42,0.0,0.0
601,True,True,0.0,100.0,202993,0,0,-1,1,0,3,0.0,1.6,6,Rodrigo,1.1,480,False,Suspended until 15 Jan,2024-12-30T09:30:07.124510Z,49,202993.jpg,2.2,False,Bentancur,0.1,False,,s,18,6,27,20174,482,36591,340,0.2,5.5,Bentancur,230.0,2022-01-31,685,2,0,1,12,0,0,0,5,0,0,1,139,149.4,75.9,86.0,31.2,9,0.82,0.46,1.28,9.76,242,103,241,153,194,113,245,124,,,,,,,0.11,0.0,0.06,0.17,1.28,1.58,251,161,264,128,223,95,423,150,1.18,0.13
602,True,True,100.0,100.0,570526,0,0,-1,1,0,3,1.4,1.4,0,Lucas,0.9,481,False,,2024-10-16T12:30:07.550630Z,44,570526.jpg,1.0,False,Bergvall,0.8,False,,a,18,6,12,144917,1879,151085,2589,0.2,2.7,Bergvall,206.0,2024-07-01,221,0,0,1,3,0,0,0,2,0,0,0,54,58.0,65.8,12.0,13.5,1,0.08,0.38,0.46,4.82,352,164,254,159,350,185,345,168,,,,,,,0.03,0.0,0.15,0.18,1.96,1.22,526,314,289,143,421,191,219,64,0.41,0.41
603,True,True,100.0,100.0,227127,0,0,-1,1,1,3,1.8,1.8,2,Yves,1.3,482,False,,2024-12-09T09:30:06.664766Z,49,227127.jpg,2.4,False,Bissouma,0.3,False,,a,18,6,36,89407,351,87275,558,0.3,7.3,Bissouma,132.0,2022-06-17,889,2,0,2,16,0,0,0,5,0,0,4,178,190.0,87.6,32.0,31.2,10,0.37,0.37,0.74,17.31,204,83,216,137,286,156,246,125,,,,,,,0.04,0.0,0.04,0.08,1.75,1.62,258,167,240,110,200,82,314,98,1.01,0.2
604,True,False,0.0,0.0,436234,0,0,0,0,0,3,0.0,0.0,0,Bryan,0.0,483,False,On loan to Girona for the season,2024-07-31T11:08:25.895794Z,50,436234.jpg,0.0,False,Gil Salvatierra,0.0,False,,u,18,6,0,0,0,148,0,0.0,0.0,Bryan,,,0,0,0,0,0,0,0,0,0,0,0,0,0,0.0,0.0,0.0,0.0,0,0.00,0.00,0.00,0.00,688,308,685,307,680,305,688,308,,,,,,,0.0,0.0,0.0,0.0,0.0,0.0,214,135,673,300,689,308,703,317,0.0,0.0
605,True,True,0.0,0.0,115556,0,0,-2,2,0,2,0.0,0.0,0,Ben,0.4,484,False,Hamstring injury - Expected back 15 Jan,2024-12-06T10:30:08.078300Z,43,115556.jpg,2.5,False,Davies,0.1,False,,i,18,6,10,11927,3,24796,230,0.1,2.3,Davies,244.0,2014-07-23,270,0,0,1,2,0,0,0,1,0,0,0,51,72.6,2.5,2.0,7.8,3,0.00,0.03,0.03,5.14,334,118,424,152,408,144,383,127,,,,,,,0.0,0.0,0.01,0.01,1.71,0.67,542,118,344,108,179,50,401,144,1.0,0.33
606,True,False,0.0,0.0,496179,0,0,0,0,0,3,0.0,0.0,0,Alfie,0.0,485,False,Loaned to Westerlo,2024-09-10T11:37:22.522366Z,45,496179.jpg,0.0,False,Devine,0.1,False,,u,18,6,0,4716,0,12331,41,0.0,0.0,Devine,,,0,0,0,0,0,0,0,0,0,0,0,0,0,0.0,0.0,0.0,0.0,0,0.00,0.00,0.00,0.00,627,263,623,265,607,259,627,263,,,,,,,0.0,0.0,0.0,0.0,0.0,0.0,420,252,588,236,634,267,520,204,0.0,0.0
607,True,True,100.0,75.0,493125,0,0,-2,2,0,2,2.1,1.6,1,Radu,1.6,486,False,,2024-12-27T02:30:09.769805Z,43,493125.jpg,1.8,False,Drăgușin,0.3,False,,a,18,6,22,47679,365,42192,1775,0.4,5.1,Dragusin,177.0,2024-01-11,980,0,0,2,20,0,0,0,1,0,0,0,86,188.6,22.3,37.0,24.8,10,0.10,0.09,0.19,22.04,207,80,348,115,275,83,279,88,,,,,,,0.01,0.0,0.01,0.02,2.02,1.84,566,136,212,67,290,96,302,115,0.92,0.18
608,True,False,0.0,0.0,241157,0,0,0,0,0,2,0.0,0.0,0,Emerson,0.0,487,False,Transferred to AC Milan,2024-08-13T07:06:12.490889Z,45,241157.jpg,0.0,False,Leite de Souza Junior,0.0,False,,u,18,6,0,0,0,2652,5,0.0,0.0,E.Royal,,,0,0,0,0,0,0,0,0,0,0,0,0,0,0.0,0.0,0.0,0.0,0,0.00,0.00,0.00,0.00,602,235,597,235,579,230,602,235,,,,,,,0.0,0.0,0.0,0.0,0.0,0.0,383,73,562,227,609,235,650,221,0.0,0.0
609,True,True,,,40383,0,0,-2,2,0,1,3.2,3.2,1,Fraser,2.7,488,False,,,43,40383.jpg,2.7,False,Forster,0.8,False,,a,18,6,19,93668,2777,41585,3182,0.6,4.4,Forster,241.0,2022-06-10,630,0,0,1,15,0,0,0,0,0,29,0,64,221.0,0.0,0.0,22.2,7,0.00,0.00,0.00,14.80,172,21,553,54,523,42,292,21,,,,,,,0.0,4.14,0.0,0.0,2.11,2.14,530,24,112,12,154,26,228,33,1.0,0.14
610,True,True,100.0,100.0,547701,0,0,-4,4,0,3,2.4,2.4,2,Archie,1.9,489,False,,2024-12-02T00:00:08.747842Z,46,547701.jpg,1.5,False,Gray,0.2,False,,a,18,6,18,22016,1186,29483,668,0.4,3.9,Gray,241.0,2024-07-02,513,0,0,1,11,0,0,0,0,0,0,0,100,99.8,12.3,7.0,11.8,5,0.03,0.05,0.08,11.52,297,134,381,207,369,196,354,172,,,,,,,0.01,0.0,0.01,0.02,2.02,1.93,355,226,189,85,334,153,355,119,0.88,0.18
611,True,False,0.0,0.0,132015,0,0,0,0,0,3,0.0,0.0,0,Pierre-Emile,0.0,490,False,On loan to Marseille for the season,2024-07-23T11:58:08.802970Z,50,132015.jpg,0.0,False,Højbjerg,0.0,False,,u,18,6,0,0,0,511,0,0.0,0.0,Højbjerg,,,0,0,0,0,0,0,0,0,0,0,0,0,0,0.0,0.0,0.0,0.0,0,0.00,0.00,0.00,0.00,686,306,682,305,678,303,686,306,,,,,,,0.0,0.0,0.0,0.0,0.0,0.0,194,119,669,296,687,306,685,304,0.0,0.0
612,True,True,,,242898,0,0,0,0,0,3,4.9,4.9,9,Brennan,4.4,491,False,,,65,242898.jpg,4.5,False,Johnson,5.6,False,,a,18,6,86,1980840,28807,1498375,14614,0.7,13.2,Johnson,244.0,2023-09-01,1355,7,4,2,19,0,0,0,3,0,0,7,290,370.2,202.1,599.0,116.5,15,8.15,1.13,9.28,21.75,56,16,110,79,10,6,21,16,,,,,,,0.54,0.0,0.08,0.62,1.44,1.26,44,24,37,20,37,15,74,23,1.0,0.13
613,True,True,,,445044,0,0,-1,1,0,3,5.1,5.1,5,Dejan,4.6,492,False,,,64,445044.jpg,4.2,False,Kulusevski,7.1,False,,a,18,6,79,1134241,39348,643843,19004,0.7,12.3,Kulusevski,206.0,2023-07-01,1498,5,4,4,25,0,0,0,3,0,0,5,306,426.0,562.3,494.0,148.0,17,2.79,3.18,5.97,26.90,32,9,6,6,17,9,8,5,3.0,,,,,,0.17,0.0,0.19,0.36,1.62,1.5,49,27,33,17,47,20,52,16,1.02,0.24
614,True,False,0.0,0.0,200826,0,0,-1,1,0,3,0.0,0.0,0,Giovani,0.0,493,False,Transferred to Real Betis,2024-08-31T06:14:45.936781Z,49,200826.jpg,0.0,False,Lo Celso,0.0,False,,u,18,6,0,2052,0,10582,3,0.0,0.0,Lo Celso,,,0,0,0,0,0,0,0,0,0,0,0,0,0,0.0,0.0,0.0,0.0,0,0.00,0.00,0.00,0.00,678,301,674,301,666,297,678,301,,,,,,,0.0,0.0,0.0,0.0,0.0,0.0,250,160,653,283,680,302,562,227,0.0,0.0
615,True,True,,,172780,0,0,2,-2,3,3,4.8,4.8,1,James,4.3,494,False,,,77,172780.jpg,5.2,False,Maddison,11.2,False,,a,18,6,98,2046843,18799,1407501,127985,0.6,12.7,Maddison,241.0,2023-06-28,1130,8,5,4,18,0,0,0,4,0,0,12,429,523.8,452.0,405.0,137.8,14,4.44,4.40,8.84,19.83,10,4,22,18,32,19,12,9,1.0,,2.0,,2.0,,0.35,0.0,0.35,0.7,1.58,1.43,14,9,42,23,13,6,32,9,1.12,0.32
616,True,True,100.0,100.0,441164,0,0,0,0,2,2,2.8,2.8,4,Pedro,2.3,495,False,,2024-08-19T23:00:06.196679Z,55,441164.jpg,3.4,False,Porro,25.2,False,,a,18,6,65,2405084,11284,3255975,56595,0.4,11.8,Pedro Porro,200.0,2023-07-01,1536,2,3,4,26,0,0,0,2,0,0,3,264,444.8,483.6,140.0,107.0,16,1.22,2.08,3.30,27.62,24,5,18,3,134,15,28,2,2.0,,1.0,,,,0.07,0.0,0.12,0.19,1.62,1.52,115,11,149,45,92,20,12,4,0.94,0.23
617,True,True,,,199249,0,0,-3,3,0,2,0.6,0.6,1,Sergio,0.1,496,False,,,42,199249.jpg,1.0,False,Reguilón,0.2,False,,a,18,6,1,10571,174,28494,216,0.0,0.2,Reguilón,200.0,2020-09-19,40,0,0,0,1,0,0,0,0,0,0,0,3,6.6,15.9,0.0,2.3,0,0.00,0.03,0.03,0.56,449,157,367,124,519,208,441,151,,,,,,,0.0,0.0,0.07,0.07,1.26,2.25,581,148,407,138,412,146,385,138,0.0,0.0
618,True,True,0.0,0.0,212319,0,0,-2,2,0,4,0.0,0.0,0,Richarlison,0.0,497,False,Hamstring injury - Expected back 04 Jan,2024-11-04T00:00:08.087677Z,68,212319.jpg,1.4,False,de Andrade,0.3,False,,i,18,6,7,46914,35,133739,142,0.0,1.0,Richarlison,30.0,2022-07-01,87,0,1,0,0,0,0,0,1,0,0,0,22,22.2,23.7,17.0,6.2,0,0.19,0.49,0.68,0.59,406,38,340,41,336,44,399,41,,,,,2.0,,0.2,0.0,0.51,0.71,0.61,0.0,32,16,704,76,355,38,299,47,0.0,0.0
619,True,True,0.0,0.0,221632,0,0,-1,1,1,2,0.0,0.0,0,Cristian,0.1,498,False,Muscle injury - Expected back 15 Jan,2024-11-21T14:30:08.425075Z,49,221632.jpg,2.9,False,Romero,4.0,False,,i,18,6,35,930933,36,1206770,7264,0.0,7.1,Romero,10.0,2022-08-30,974,1,0,2,13,0,0,0,1,0,0,2,185,249.6,95.1,140.0,48.7,12,1.03,0.74,1.77,12.86,148,54,209,53,133,14,170,49,,,,,,,0.1,0.0,0.07,0.17,1.19,1.2,257,29,415,144,136,39,88,31,1.11,0.18
620,True,True,100.0,100.0,482442,0,0,-2,2,0,3,2.9,2.9,1,Pape Matar,2.4,499,False,,2024-11-10T23:00:08.379204Z,48,482442.jpg,2.0,False,Sarr,0.3,False,,a,18,6,38,42522,1157,43821,1241,0.5,7.9,P.M.Sarr,189.0,2021-08-27,994,1,2,2,17,0,0,0,3,0,0,1,214,220.6,156.0,109.0,48.2,11,2.04,0.46,2.50,18.58,175,67,138,96,168,104,175,94,,,,,,,0.18,0.0,0.04,0.22,1.68,1.54,319,207,134,62,265,114,320,101,1.0,0.18
621,True,False,0.0,0.0,490145,0,0,0,0,0,4,0.0,0.0,0,Dane,0.0,500,False,Loaned to Oxford United,2024-08-14T08:32:58.295903Z,45,490145.jpg,0.0,False,Scarlett,0.1,False,,u,18,6,0,0,0,14702,54,0.0,0.0,Scarlett,,,0,0,0,0,0,0,0,0,0,0,0,0,0,0.0,0.0,0.0,0.0,0,0.00,0.00,0.00,0.00,622,55,618,55,602,55,622,55,,,,,,,0.0,0.0,0.0,0.0,0.0,0.0,413,68,582,52,629,58,498,67,0.0,0.0
622,True,False,0.0,0.0,235674,0,0,-1,1,0,3,0.0,0.0,0,Manor,0.0,502,False,Season long loan to Leeds United,2024-08-29T11:11:30.036154Z,54,235674.jpg,0.0,False,Solomon,0.0,False,,u,18,6,0,480,0,5396,5,0.0,0.0,Solomon,,,0,0,0,0,0,0,0,0,0,0,0,0,0,0.0,0.0,0.0,0.0,0,0.00,0.00,0.00,0.00,699,314,697,313,696,312,699,314,,,,,,,0.0,0.0,0.0,0.0,0.0,0.0,129,76,690,309,699,314,592,250,0.0,0.0
623,True,True,100.0,100.0,85971,0,0,-1,1,2,3,4.5,4.5,0,Son,4.0,503,False,,2024-10-25T10:30:06.315550Z,99,85971.jpg,5.1,False,Heung-min,6.5,False,,a,18,6,81,1636917,10375,2013043,52645,0.4,8.2,Son,114.0,2015-08-28,1208,5,6,2,21,0,0,1,0,0,0,9,351,419.0,456.4,434.0,130.9,15,4.68,3.46,8.14,22.92,36,10,21,17,25,13,15,11,4.0,,,,1.0,,0.35,0.0,0.26,0.61,1.71,1.56,5,4,53,27,16,7,63,19,1.12,0.15
624,True,True,100.0,0.0,232859,0,0,-1,1,1,2,1.5,0.0,0,Djed,1.0,504,False,,2024-12-27T00:30:09.848258Z,44,232859.jpg,1.4,False,Spence,0.1,False,,a,18,6,10,8930,189,11583,434,0.2,2.3,Spence,241.0,2022-07-19,320,0,1,1,7,0,0,0,1,1,0,0,55,95.0,68.1,12.0,17.5,3,0.09,0.48,0.57,7.20,304,110,251,66,349,121,326,108,,,,,,,0.03,0.0,0.14,0.17,2.02,1.97,502,104,274,92,348,116,444,159,0.84,0.28
625,True,True,75.0,100.0,487053,0,0,-1,1,0,2,1.2,1.6,1,Destiny,1.1,505,False,Hamstring injury - 75% chance of playing,2024-12-30T09:30:07.165603Z,49,487053.jpg,2.1,False,Udogie,2.4,False,,d,18,6,37,314860,654,473911,10835,0.2,7.6,Udogie,106.0,2022-08-16,1430,0,1,2,21,0,0,0,2,0,0,0,204,248.6,211.3,116.0,57.7,18,0.31,1.10,1.41,23.50,150,55,103,21,156,24,129,31,,,,,,,0.02,0.0,0.07,0.09,1.48,1.32,274,31,265,85,242,79,125,49,1.13,0.13
626,True,True,0.0,0.0,491279,0,0,0,0,1,2,0.0,0.0,0,Micky,0.1,506,False,Hamstring injury - Expected back 15 Jan,2024-12-11T23:30:08.371422Z,45,491279.jpg,3.1,False,van de Ven,2.9,False,,i,18,6,28,1025905,135,1445027,6763,0.0,6.2,Van de Ven,152.0,2023-08-08,788,0,2,2,11,0,0,0,4,0,0,2,128,161.0,36.6,40.0,23.8,9,0.35,0.69,1.04,9.79,229,86,306,96,270,82,285,91,,,,,,,0.04,0.0,0.08,0.12,1.12,1.26,417,82,412,142,118,31,110,43,1.03,0.23
627,True,False,0.0,0.0,536908,0,0,0,0,0,4,0.0,0.0,0,Alejo,0.0,507,False,Loaned to Espanyol,2024-08-10T12:19:41.352153Z,50,536908.jpg,0.0,False,Véliz,0.0,False,,u,18,6,0,0,0,961,2,0.0,0.0,Veliz,,,0,0,0,0,0,0,0,0,0,0,0,0,0,0.0,0.0,0.0,0.0,0,0.00,0.00,0.00,0.00,696,73,693,73,688,73,696,73,,,,,,,0.0,0.0,0.0,0.0,0.0,0.0,229,51,681,70,696,73,672,76,0.0,0.0
628,True,True,0.0,0.0,184254,0,0,-2,2,1,1,0.0,0.0,0,Guglielmo,0.0,508,False,Ankle injury - Unknown return date,2024-11-26T00:00:08.341528Z,48,184254.jpg,3.1,False,Vicario,1.8,False,,i,18,6,37,201478,64,469309,2954,0.0,7.7,Vicario,106.0,2023-07-01,1080,0,0,3,13,0,0,0,1,0,29,1,185,260.4,0.0,0.0,25.9,12,0.00,0.00,0.00,15.25,139,19,666,68,655,63,276,19,,,,,,,0.0,2.42,0.0,0.0,1.27,1.08,295,11,642,73,120,19,153,21,1.0,0.25
629,True,True,100.0,100.0,165153,0,0,-3,3,0,3,2.4,2.4,1,Timo,1.9,509,False,,2024-12-20T13:00:09.182575Z,62,165153.jpg,1.9,False,Werner,0.2,False,,a,18,6,31,13634,61,33152,185,0.3,5.0,Werner,80.0,2024-01-09,435,0,3,1,10,0,0,0,0,0,0,2,110,112.8,145.9,113.0,36.7,3,1.04,1.53,2.57,9.07,281,125,149,103,161,101,220,113,,,,,,,0.22,0.0,0.32,0.54,1.88,2.07,61,37,192,87,282,125,389,135,0.62,0.21
630,True,True,,,175941,0,0,0,0,0,1,0.5,0.5,0,Alfie,0.0,510,False,,,40,175941.jpg,0.0,False,Whiteman,1.3,False,,a,18,6,0,47932,107,67722,1198,0.0,0.0,Whiteman,241.0,2016-07-01,0,0,0,0,0,0,0,0,0,0,0,0,0,0.0,0.0,0.0,0.0,0,0.00,0.00,0.00,0.00,506,53,484,32,448,19,506,53,,,,,,,0.0,0.0,0.0,0.0,0.0,0.0,611,49,445,48,514,53,191,27,0.0,0.0
631,True,True,100.0,100.0,552427,0,0,0,0,0,4,0.8,0.8,0,Will,0.3,609,False,,2024-09-13T15:00:07.321230Z,45,552427.jpg,1.0,False,Lankshear,1.7,False,,a,18,6,2,402378,4074,296896,5832,0.1,0.4,Lankshear,241.0,2022-12-08,9,0,0,0,0,0,0,0,0,0,0,0,6,0.0,0.0,0.0,0.0,0,0.00,0.00,0.00,0.02,654,58,649,58,634,58,654,58,,,,,,,0.0,0.0,0.0,0.0,0.2,0.0,456,72,364,39,431,44,162,27,0.0,0.0
632,True,True,0.0,0.0,499721,0,0,0,0,0,3,0.0,0.0,0,Mikey,0.0,610,False,Lack of match fitness - Expected back 04 Jan,2024-11-07T09:00:08.150966Z,45,499721.jpg,1.2,False,Moore,0.2,False,,i,18,6,5,42939,17,46263,284,0.0,1.1,Moore,241.0,2024-05-01,82,0,0,0,1,0,0,0,0,0,0,0,12,1.8,2.5,7.0,1.0,1,0.04,0.03,0.07,0.94,475,222,425,216,368,195,463,218,,,,,,,0.04,0.0,0.03,0.07,1.03,1.1,427,259,592,240,373,178,351,116,1.1,0.0
633,True,True,0.0,0.0,550839,0,0,-2,2,0,3,0.0,0.0,0,Wilson,0.0,612,False,Hamstring injury - Unknown return date,2024-10-30T12:00:07.631102Z,53,550839.jpg,2.0,False,Odobert,0.0,False,,i,18,6,6,6331,4,7947,12,0.0,1.1,Odobert,73.0,2024-08-16,160,0,0,1,1,0,0,0,0,0,0,0,12,10.0,40.5,42.0,9.2,2,0.42,0.08,0.50,1.63,440,207,299,175,266,147,373,181,,,,,,,0.24,0.0,0.04,0.28,0.92,0.56,153,91,688,308,268,117,595,252,1.12,0.56
634,True,True,,,499726,0,0,0,0,0,3,0.5,0.5,0,Callum,0.0,683,False,,,45,499726.jpg,0.0,False,Olusesi,0.0,False,,a,18,6,0,746,28,418,24,0.0,0.0,Olusesi,241.0,2024-11-06,0,0,0,0,0,0,0,0,0,0,0,0,0,0.0,0.0,0.0,0.0,0,0.00,0.00,0.00,0.00,631,267,627,269,611,263,631,267,,,,,,,0.0,0.0,0.0,0.0,0.0,0.0,428,260,593,241,638,271,668,295,0.0,0.0
635,True,True,,,611920,0,0,0,0,0,2,0.5,0.5,0,Malachi,0.0,684,False,,,40,611920.jpg,0.0,False,Hardy,0.0,False,,a,18,6,0,1796,52,994,73,0.0,0.0,Hardy,241.0,2024-11-22,0,0,0,0,0,0,0,0,0,0,0,0,0,0.0,0.0,0.0,0.0,0,0.00,0.00,0.00,0.00,559,215,540,213,508,203,559,215,,,,,,,0.0,0.0,0.0,0.0,0.0,0.0,679,219,501,198,566,215,605,204,0.0,0.0
636,True,True,,,611917,0,0,0,0,0,3,0.5,0.5,0,Luca,0.0,689,False,,,45,611917.jpg,0.0,False,Williams-Barnett,0.0,False,,a,18,6,0,608,37,321,32,0.0,0.0,Williams-Barnett,241.0,2024-11-06,0,0,0,0,0,0,0,0,0,0,0,0,0,0.0,0.0,0.0,0.0,0,0.00,0.00,0.00,0.00,667,294,662,295,647,290,667,294,,,,,,,0.0,0.0,0.0,0.0,0.0,0.0,473,295,630,269,671,296,670,297,0.0,0.0
637,True,True,,,519321,0,0,0,0,0,2,0.7,0.7,0,Alfie,0.2,699,False,,,40,519321.jpg,1.0,False,Dorrington,0.0,False,,a,18,6,1,848,38,301,51,0.0,0.2,Dorrington,241.0,2022-12-08,13,0,0,0,0,0,0,0,0,0,0,0,4,1.0,0.2,0.0,0.1,0,0.00,0.00,0.00,0.04,477,167,453,163,489,184,485,169,,,,,,,0.0,0.0,0.0,0.0,0.28,0.0,658,198,386,130,405,139,653,224,0.0,0.0
638,True,True,,,592736,0,0,0,0,0,2,0.5,0.5,0,Maeson,0.0,700,False,,,40,592736.jpg,0.0,False,King,0.0,False,,a,18,6,0,669,90,223,46,0.0,0.0,King,241.0,2024-11-27,0,0,0,0,0,0,0,0,0,0,0,0,0,0.0,0.0,0.0,0.0,0,0.00,0.00,0.00,0.00,556,212,537,210,505,200,556,212,,,,,,,0.0,0.0,0.0,0.0,0.0,0.0,676,216,498,195,563,212,652,223,0.0,0.0
639,True,True,,,214590,0,0,1,-1,2,2,2.7,2.2,0,Aaron,3.2,388,False,,,46,214590.jpg,3.2,False,Wan-Bissaka,6.0,False,,a,19,21,58,761739,5479,352122,26649,0.7,12.6,Wan-Bissaka,241.0,2024-08-13,1534,2,1,3,33,0,0,0,0,0,0,6,214,373.0,264.9,100.0,73.8,17,0.91,1.30,2.21,31.47,52,17,71,14,177,38,86,14,,,,,,,0.05,0.0,0.08,0.13,1.85,1.94,347,50,83,24,110,28,69,23,1.0,0.18
640,True,True,100.0,100.0,213999,0,0,0,0,0,3,1.0,0.5,1,Edson,1.5,511,False,,2024-11-02T18:30:08.251411Z,50,213999.jpg,1.1,False,Álvarez Velázquez,0.1,False,,a,19,21,16,12558,106,16334,186,0.3,3.2,Álvarez,139.0,2023-08-10,882,0,0,1,18,0,0,0,4,1,0,0,106,144.6,111.9,31.0,28.7,10,0.19,0.48,0.67,16.32,248,107,187,120,290,158,264,135,,,,,,,0.02,0.0,0.05,0.07,1.67,1.84,203,127,224,103,387,186,431,156,1.02,0.1
641,True,True,0.0,0.0,57531,0,0,-2,2,1,4,0.0,0.0,0,Michail,0.2,512,False,Leg injury - Unknown return date,2024-12-09T17:00:08.418178Z,53,57531.jpg,3.0,False,Antonio,1.1,False,,i,19,21,42,384698,65,459101,2599,0.0,7.9,Antonio,107.0,2015-09-01,834,1,4,4,18,0,0,0,1,0,0,3,111,72.0,139.5,194.0,39.5,11,2.20,0.91,3.11,17.83,336,31,156,18,89,28,211,26,,,,,,,0.24,0.0,0.1,0.34,1.92,1.94,139,42,401,43,131,19,202,35,1.19,0.43
642,True,True,100.0,100.0,84182,0,0,-3,3,0,1,0.0,-0.5,2,Alphonse,0.5,513,False,,2024-09-01T00:30:06.144103Z,42,84182.jpg,1.8,False,Areola,4.1,False,,a,19,21,18,249901,7205,753839,5678,0.1,4.3,Areola,73.0,2022-07-01,819,0,0,1,19,1,0,0,0,0,30,0,76,239.2,0.0,0.0,24.0,9,0.00,0.00,0.00,15.67,155,20,548,51,517,39,283,20,,,,,,,0.0,3.3,0.0,0.0,1.72,2.09,573,36,333,26,288,33,86,13,0.99,0.11
643,True,True,75.0,,178186,0,0,0,0,2,3,3.5,4.2,1,Jarrod,5.2,514,False,Ankle injury - 75% chance of playing,2024-12-30T09:30:07.187593Z,75,178186.jpg,4.7,False,Bowen,6.7,False,,d,19,21,90,1147446,10614,1198812,54113,0.7,12.0,Bowen,241.0,2020-01-31,1656,5,6,4,33,0,0,0,1,0,0,7,349,456.0,526.6,608.0,158.8,19,4.76,4.32,9.08,33.06,20,6,11,9,8,4,7,4,2.0,,,,4.0,,0.26,0.0,0.23,0.49,1.8,1.79,18,12,22,9,23,9,58,17,1.03,0.22
644,True,True,,,164555,0,0,-3,3,0,2,0.2,-0.3,0,Vladimír,0.7,516,False,,,42,164555.jpg,1.2,False,Coufal,0.4,False,,a,19,21,15,29355,219,71942,647,0.2,3.6,Coufal,57.0,2020-10-02,478,0,0,1,9,0,0,0,2,0,0,0,31,72.2,53.1,16.0,13.8,5,0.22,0.35,0.57,10.04,335,119,279,79,338,114,344,115,,,,,,,0.04,0.0,0.07,0.11,1.89,1.69,577,144,314,98,369,121,272,103,0.94,0.19
645,True,True,100.0,100.0,55459,0,0,-1,1,0,2,-0.2,-0.7,0,Aaron,0.3,517,False,,2024-08-30T04:00:05.718151Z,39,55459.jpg,0.8,False,Cresswell,1.5,False,,a,19,21,5,111882,2159,197415,2366,0.1,1.3,Cresswell,241.0,2014-07-03,50,0,0,0,0,0,0,0,1,0,0,0,19,14.8,39.9,1.0,5.6,0,0.03,0.10,0.13,1.51,428,152,301,93,417,146,408,139,,,2.0,,,,0.05,0.0,0.18,0.23,2.72,0.0,684,223,350,111,471,157,173,69,0.0,0.0
646,True,False,0.0,0.0,490885,0,0,0,0,0,3,0.0,0.0,0,George,0.0,519,False,Loaned to Bristol City,2024-08-16T11:57:26.531525Z,45,490885.jpg,0.0,False,Earthy,0.0,False,,u,19,21,0,0,0,7724,18,0.0,0.0,Earthy,,,0,0,0,0,0,0,0,0,0,0,0,0,0,0.0,0.0,0.0,0.0,0,0.00,0.00,0.00,0.00,624,260,620,262,604,256,624,260,,,,,,,0.0,0.0,0.0,0.0,0.0,0.0,416,249,585,233,631,264,578,239,0.0,0.0
647,True,True,100.0,100.0,109533,0,0,-1,1,1,2,1.2,0.7,0,Emerson,1.7,520,False,,2024-12-10T00:00:08.561714Z,44,109533.jpg,2.4,False,Palmieri dos Santos,0.8,False,,a,19,21,43,123396,385,116292,3037,0.4,9.8,Emerson,106.0,2022-08-23,1351,1,1,4,31,0,0,0,5,0,0,0,131,276.6,245.9,87.0,60.9,17,1.17,1.67,2.84,27.25,123,47,83,16,191,47,119,27,3.0,,1.0,,,,0.08,0.0,0.11,0.19,1.82,2.07,482,89,203,66,193,60,225,88,1.13,0.27
648,True,True,25.0,25.0,37096,0,0,1,-1,0,1,0.4,0.3,0,Łukasz,2.2,521,False,Head injury - 25% chance of playing,2024-12-27T02:00:09.942808Z,41,37096.jpg,3.0,False,Fabiański,18.4,False,,d,19,21,33,1537963,3363,881218,59332,0.5,8.0,Fabianski,172.0,2018-06-20,890,0,0,2,16,0,0,0,2,0,40,2,117,307.8,0.3,0.0,30.7,10,0.00,0.00,0.00,18.77,98,16,447,12,513,35,249,16,,,,,,,0.0,4.04,0.0,0.0,1.9,1.62,588,39,154,16,126,20,20,2,1.01,0.2
649,True,True,,,82143,0,0,-2,2,0,1,-0.5,-1.0,0,Wes,0.0,522,False,,,43,82143.jpg,0.0,False,Foderingham,0.1,False,,a,19,21,0,5848,79,13157,156,0.0,0.0,Foderingham,241.0,2024-07-01,0,0,0,0,0,0,0,0,0,0,0,0,0,0.0,0.0,0.0,0.0,0,0.00,0.00,0.00,0.00,567,68,556,56,526,44,567,68,,,,,,,0.0,0.0,0.0,0.0,0.0,0.0,535,26,514,66,574,68,411,59,0.0,0.0
650,True,True,100.0,100.0,84939,0,0,0,0,0,4,-0.2,-0.7,0,Danny,0.3,523,False,,2024-12-04T09:30:08.866937Z,50,84939.jpg,2.6,False,Ings,1.4,False,,a,19,21,23,367491,1240,362294,3729,0.1,4.6,Ings,241.0,2023-01-20,172,1,2,0,2,0,0,0,0,0,0,4,77,73.0,52.0,137.0,26.3,1,2.05,0.05,2.10,2.50,332,30,281,32,135,31,274,32,,,,,,,1.07,0.0,0.03,1.1,1.31,1.05,190,45,372,41,169,24,178,31,0.52,0.0
651,True,True,100.0,25.0,214048,0,0,-1,1,1,2,0.8,0.1,0,Max,1.3,524,False,,2024-12-27T02:00:09.960422Z,44,214048.jpg,2.2,False,Kilman,1.4,False,,a,19,21,41,331285,87,319196,6438,0.3,9.3,Kilman,241.0,2024-07-05,1638,0,1,3,35,0,0,0,3,0,0,3,183,420.2,121.6,112.0,65.6,19,1.44,0.70,2.14,33.59,34,10,173,38,162,28,108,22,,,,,,,0.08,0.0,0.04,0.12,1.85,1.92,490,96,234,78,219,68,182,72,1.04,0.16
652,True,True,100.0,100.0,460842,0,0,-3,3,0,3,3.8,3.3,2,Mohammed,4.3,525,False,,2024-10-19T16:00:07.402004Z,62,460842.jpg,3.5,False,Kudus,2.7,False,,a,19,21,49,302803,4924,894841,5732,0.7,7.9,Kudus,81.0,2023-08-27,1160,3,1,3,23,0,0,0,0,1,0,4,204,265.4,294.8,407.0,96.7,14,3.61,1.68,5.29,22.20,133,49,60,47,31,18,43,30,,,,,,,0.28,0.0,0.13,0.41,1.72,1.78,69,44,41,22,83,38,116,36,1.09,0.23
653,True,True,,,577114,0,0,-3,3,0,3,-0.3,-0.8,1,Luis Guilherme,0.2,526,False,,,47,577114.jpg,1.0,False,Lira dos Santos,0.0,False,,a,19,21,3,1907,30,4147,31,0.0,0.6,L.Guilherme,30.0,2024-06-14,20,0,0,0,1,0,0,0,0,0,0,0,10,0.6,1.2,4.0,0.5,0,0.03,0.01,0.04,0.43,480,226,436,221,396,211,473,223,,,,,,,0.14,0.0,0.04,0.18,1.94,4.5,341,220,398,192,441,207,583,241,0.0,0.0
654,True,True,100.0,100.0,224024,0,0,-3,3,0,3,2.0,1.5,2,Lucas,2.5,527,False,,2024-12-21T21:30:08.782213Z,57,224024.jpg,2.9,False,Tolentino Coelho de Lima,1.1,False,,a,19,21,52,207607,580,311819,1221,0.4,9.1,L.Paquetá,30.0,2022-08-29,1281,3,1,3,30,0,0,0,5,0,0,4,216,261.0,331.3,180.0,76.9,15,3.57,1.29,4.86,27.49,138,51,47,36,101,66,77,48,,,3.0,,1.0,,0.25,0.0,0.09,0.34,1.93,2.11,92,59,133,61,141,59,201,59,1.05,0.21
655,True,True,100.0,100.0,233963,0,0,-1,1,0,2,1.7,1.2,0,Konstantinos,2.2,528,False,,2024-11-30T22:00:08.032136Z,44,233963.jpg,1.9,False,Mavropanos,0.1,False,,a,19,21,30,16702,63,20728,174,0.5,6.8,Mavropanos,83.0,2023-08-22,1178,0,0,2,22,0,0,0,2,0,0,4,155,296.2,48.3,98.0,44.4,13,0.93,0.37,1.30,24.14,107,41,289,84,179,39,189,57,,,,,,,0.07,0.0,0.03,0.1,1.84,1.68,504,105,157,47,272,90,405,146,0.99,0.15
656,True,False,0.0,0.0,210494,0,0,-1,1,0,2,0.0,0.0,0,Nayef,0.0,529,False,On loan to Real Sociedad for the season,2024-09-01T09:10:50.538029Z,44,210494.jpg,0.0,False,Aguerd,0.0,False,,u,19,21,0,1368,0,13122,23,0.0,0.0,N.Aguerd,,,0,0,0,0,0,0,0,0,0,0,0,0,0,0.0,0.0,0.0,0.0,0,0.00,0.00,0.00,0.00,577,226,567,225,544,219,577,226,,,,,,,0.0,0.0,0.0,0.0,0.0,0.0,489,95,531,217,584,226,535,189,0.0,0.0
657,True,True,100.0,0.0,215439,0,0,-1,1,0,3,2.3,0.0,0,Tomáš,2.8,530,False,,2024-12-27T00:30:09.920421Z,49,215439.jpg,3.5,False,Souček,1.6,False,,a,19,21,60,396200,1474,478910,7113,0.6,12.2,Souček,57.0,2020-07-28,1253,4,1,4,22,0,0,0,5,0,0,8,206,292.8,163.8,304.0,75.4,14,2.99,0.94,3.93,22.69,113,37,136,94,50,30,80,51,,,,,,,0.21,0.0,0.07,0.28,1.63,1.58,256,166,105,48,79,34,165,50,1.01,0.29
658,True,False,0.0,0.0,103192,0,0,-1,1,0,2,0.0,0.0,0,Kurt,0.0,532,False,On loan to Al-Orobah for the rest of the season,2024-09-02T10:44:47.323774Z,44,103192.jpg,0.0,False,Zouma,0.1,False,,u,19,21,0,5376,0,49990,78,0.0,0.0,Zouma,,,0,0,0,0,0,0,0,0,0,0,0,0,0,0.0,0.0,0.0,0.0,0,0.00,0.00,0.00,0.00,575,225,565,224,541,218,575,225,,,,,,,0.0,0.0,0.0,0.0,0.0,0.0,479,87,528,216,582,225,407,147,0.0,0.0
659,True,True,,,229384,0,0,-2,2,0,3,-0.3,-0.8,1,Andy,0.2,576,False,,,48,229384.jpg,0.8,False,Irving,0.0,False,,a,19,21,5,1206,16,2538,23,0.0,1.0,Irving,243.0,2023-08-31,65,0,0,0,1,0,0,0,1,0,0,0,17,16.6,10.1,7.0,3.3,0,0.04,0.01,0.05,2.07,421,197,391,210,371,198,428,205,,,,,,,0.06,0.0,0.01,0.07,2.87,1.38,307,202,399,193,479,229,585,243,0.0,0.0
660,True,True,,,450070,0,0,-4,4,0,3,1.2,0.7,1,Crysencio,1.7,587,False,,,56,450070.jpg,1.7,False,Summerville,0.4,False,,a,19,21,31,47409,224,115456,698,0.3,5.5,Summerville,152.0,2024-08-03,686,1,1,2,16,0,0,0,2,0,0,2,113,145.6,214.5,165.0,52.4,6,1.51,1.69,3.20,15.67,247,106,100,73,114,76,146,88,5.0,,,,,,0.2,0.0,0.22,0.42,2.06,2.1,99,62,211,98,315,145,285,89,0.79,0.26
661,True,True,100.0,0.0,197024,0,0,-2,2,0,3,0.0,0.0,0,Guido,0.5,588,False,,2024-12-27T00:30:09.990636Z,48,197024.jpg,1.5,False,Rodríguez,0.1,False,,a,19,21,24,6388,19,10001,94,0.1,5.0,G.Rodríguez,10.0,2024-08-06,889,0,0,3,16,0,0,0,5,0,0,0,135,152.0,58.5,23.0,23.5,12,0.22,0.12,0.34,17.01,239,102,266,166,307,167,286,143,,,,,,,0.02,0.0,0.01,0.03,1.72,1.62,296,195,340,171,337,156,487,182,1.21,0.3
662,True,True,100.0,100.0,91889,0,0,-3,3,0,4,1.8,1.3,1,Niclas,2.3,589,False,,2024-09-11T12:30:07.323344Z,67,91889.jpg,2.1,False,Füllkrug,0.9,False,,a,19,21,17,60491,326,396204,857,0.3,2.5,Füllkrug,80.0,2024-08-05,276,1,1,1,7,0,0,0,0,0,0,1,59,61.6,52.5,84.0,19.5,2,0.92,0.20,1.12,5.46,348,33,280,31,198,35,313,33,,,,,,,0.3,0.0,0.07,0.37,1.78,2.28,36,18,152,25,252,31,217,39,0.65,0.33
663,True,True,100.0,100.0,462116,-1,1,-3,3,0,2,1.0,0.5,0,Jean-Clair,1.5,591,False,,2024-12-03T11:00:08.140652Z,42,462116.jpg,1.7,False,Todibo,0.3,False,,a,19,21,24,16022,142,40115,325,0.4,5.7,Todibo,73.0,2024-08-10,811,0,0,2,18,0,0,0,0,0,0,1,106,188.6,25.0,16.0,22.9,7,0.10,0.02,0.12,15.29,206,79,337,109,339,115,289,92,,,,,,,0.01,0.0,0.0,0.01,1.7,2.0,584,151,217,70,301,100,322,122,0.78,0.22
664,True,True,100.0,100.0,518438,0,0,0,0,0,2,-0.3,-0.8,0,Kaelan,0.2,643,False,,2024-11-30T22:00:08.284898Z,40,518438.jpg,1.0,False,Casey,0.2,False,,a,19,21,1,25908,46,17776,269,0.0,0.2,Casey,241.0,2022-11-01,1,0,0,0,0,0,0,0,0,0,0,0,3,2.0,0.0,0.0,0.2,0,0.00,0.00,0.00,0.09,471,164,522,195,488,183,481,166,,,,,,,0.0,0.0,0.0,0.0,8.1,0.0,657,197,385,129,404,138,379,135,0.0,0.0
665,True,True,100.0,75.0,224860,0,0,0,0,0,3,0.7,0.1,2,Carlos,1.2,654,False,,2024-12-27T02:00:10.148689Z,50,224860.jpg,1.3,False,Soler,0.0,False,,a,19,21,20,4464,43,3920,68,0.2,4.0,C.Soler,200.0,2024-08-30,719,0,1,2,13,0,0,0,5,0,0,0,98,69.2,153.4,95.0,31.6,8,1.06,0.86,1.92,16.03,338,159,141,98,183,108,243,122,4.0,,4.0,,,,0.13,0.0,0.11,0.24,2.01,1.63,207,130,256,123,365,174,596,253,1.0,0.25
666,True,True,,,536109,0,0,0,0,0,2,-0.2,-0.7,0,Ollie,0.3,677,False,,,40,536109.jpg,1.0,False,Scarles,0.0,False,,a,19,21,2,1313,42,707,57,0.1,0.5,Scarles,241.0,2022-10-01,34,0,0,0,1,0,0,0,0,0,0,0,1,2.6,0.3,2.0,0.5,0,0.00,0.00,0.00,1.14,468,162,446,161,404,140,470,162,,,,,,,0.0,0.0,0.0,0.0,3.02,2.65,660,200,353,113,406,140,612,209,0.0,0.0
667,True,True,,,602903,0,0,0,0,0,2,-0.5,-1.0,0,Ezra,0.0,686,False,,,40,602903.jpg,0.0,False,Mayers,0.0,False,,a,19,21,0,1047,40,634,55,0.0,0.0,Mayers,241.0,2024-11-29,0,0,0,0,0,0,0,0,0,0,0,0,0,0.0,0.0,0.0,0.0,0,0.00,0.00,0.00,0.00,557,213,538,211,506,201,557,213,,,,,,,0.0,0.0,0.0,0.0,0.0,0.0,677,217,499,196,564,213,635,215,0.0,0.0
668,True,True,,,518442,0,0,0,0,0,3,-0.5,-1.0,0,Lewis,0.0,701,False,,,45,518442.jpg,0.0,False,Orford,0.0,False,,a,19,21,0,332,39,136,21,0.0,0.0,Orford,241.0,2022-11-01,0,0,0,0,0,0,0,0,0,0,0,0,0,0.0,0.0,0.0,0.0,0,0.00,0.00,0.00,0.00,635,270,631,272,615,266,635,270,,,,,,,0.0,0.0,0.0,0.0,0.0,0.0,435,266,598,245,642,274,684,303,0.0,0.0
669,True,True,100.0,100.0,101982,0,0,-2,2,0,1,0.3,-0.2,0,Sam,0.3,204,False,,2024-10-20T21:30:06.848774Z,43,101982.jpg,1.7,False,Johnstone,0.4,False,,a,20,39,12,52640,131,67941,718,0.1,2.8,Johnstone,241.0,2024-08-30,630,0,0,0,17,0,0,0,0,0,23,0,42,193.8,10.0,0.0,20.4,7,0.00,0.00,0.00,12.98,197,23,393,6,527,45,306,22,,,,,,,0.0,3.29,0.0,0.0,1.85,2.43,537,27,358,28,302,34,294,46,1.0,0.0
670,True,True,100.0,100.0,448514,0,0,3,-3,2,2,3.0,2.5,10,Rayan,3.0,533,False,,2024-12-14T21:30:08.057496Z,48,448514.jpg,3.1,False,Aït-Nouri,6.3,False,,a,20,39,56,2020511,32874,1622737,8856,0.6,11.7,Aït-Nouri,3.0,2021-07-09,1545,3,5,2,41,0,0,0,4,1,0,5,179,421.4,266.6,208.0,89.8,18,1.51,1.25,2.76,28.33,33,9,68,13,83,4,53,7,,,,,,,0.09,0.0,0.07,0.16,1.65,2.39,314,38,91,28,121,33,65,21,1.05,0.12
671,True,True,0.0,0.0,476502,0,0,-2,2,0,3,0.0,0.0,0,Boubacar,0.0,534,False,Knee injury - Expected back 06 Jan,2024-08-30T04:00:05.724805Z,48,476502.jpg,0.0,False,Traoré,0.0,False,,i,20,39,0,1475,2,6435,16,0.0,0.0,B.Traore,132.0,2023-07-01,0,0,0,0,0,0,0,0,0,0,0,0,0,0.0,0.0,0.0,0.0,0,0.00,0.00,0.00,0.00,674,298,669,298,660,294,674,298,,,,,,,0.0,0.0,0.0,0.0,0.0,0.0,316,205,647,278,676,299,591,249,0.0,0.0
672,True,True,,,231057,0,0,-1,1,0,3,0.8,0.3,0,Jean-Ricner,0.8,535,False,,,49,231057.jpg,2.0,False,Bellegarde,0.1,False,,a,20,39,34,13959,47,14583,97,0.2,6.9,Bellegarde,73.0,2023-09-01,770,1,2,2,19,0,0,0,3,0,0,0,106,126.6,143.3,82.0,34.7,10,0.55,0.75,1.30,14.79,270,118,153,106,202,118,231,117,,,1.0,,,,0.06,0.0,0.09,0.15,1.73,2.22,261,169,302,151,266,115,501,189,1.17,0.23
673,True,True,,,79602,0,0,0,0,0,1,0.0,-0.5,0,Daniel,0.0,536,False,,,40,79602.jpg,0.0,False,Bentley,1.4,False,,a,20,39,0,53961,264,124044,1448,0.0,0.0,Bentley,241.0,2023-01-25,0,0,0,0,0,0,0,0,0,0,0,0,0,0.0,0.0,0.0,0.0,0,0.00,0.00,0.00,0.00,503,51,479,28,441,15,503,51,,,,,,,0.0,0.0,0.0,0.0,0.0,0.0,598,45,440,46,511,51,179,24,0.0,0.0
674,True,False,0.0,0.0,510363,0,0,0,0,0,3,0.0,0.0,0,Francisco Jorge,0.0,537,False,Season long loan to RCD Mallorca,2024-09-01T09:12:21.111329Z,45,510363.jpg,1.0,False,Tomás Oliveira,0.1,False,,u,20,39,1,11572,0,27041,62,0.0,0.2,Chiquinho,,,6,0,0,0,0,0,0,0,0,0,0,0,4,3.0,14.3,2.0,1.9,0,0.00,0.05,0.05,0.00,465,219,373,205,413,219,448,213,,,,,,,0.0,0.0,0.75,0.75,0.0,0.0,431,262,595,242,427,196,468,172,0.0,0.0
675,True,False,0.0,0.0,497606,0,0,0,0,0,3,0.0,0.0,0,Tawanda,0.0,538,False,Loaened to Derby County,2024-08-27T08:37:28.318365Z,45,497606.jpg,0.0,False,Chirewa,0.0,False,,u,20,39,0,1909,0,8637,21,0.0,0.0,Chirewa,,,0,0,0,0,0,0,0,0,0,0,0,0,0,0.0,0.0,0.0,0.0,0,0.00,0.00,0.00,0.00,629,265,625,267,609,261,629,265,,,,,,,0.0,0.0,0.0,0.0,0.0,0.0,423,255,590,238,636,269,576,237,0.0,0.0
676,True,True,100.0,100.0,589507,0,0,0,0,0,4,0.0,-0.5,0,Leon,0.0,539,False,,2024-09-10T11:40:34.472554Z,45,589507.jpg,0.0,False,Chiwome,2.0,False,,a,20,39,0,543111,3437,368695,7439,0.0,0.0,Chiwome,,,0,0,0,0,0,0,0,0,0,0,0,0,0,0.0,0.0,0.0,0.0,0,0.00,0.00,0.00,0.00,661,62,656,62,641,62,661,62,,,,,,,0.0,0.0,0.0,0.0,0.0,0.0,466,76,624,59,666,64,140,23,0.0,0.0
677,True,True,,,245923,0,0,0,0,0,3,0.0,-0.5,0,Luke,0.0,540,False,,,45,245923.jpg,0.0,False,Cundle,0.2,False,,a,20,39,0,32663,73,32745,261,0.0,0.0,Cundle,241.0,2019-07-16,0,0,0,0,0,0,0,0,0,0,0,0,0,0.0,0.0,0.0,0.0,0,0.00,0.00,0.00,0.00,605,247,600,249,582,243,605,247,,,,,,,0.0,0.0,0.0,0.0,0.0,0.0,386,233,565,219,612,251,365,125,0.0,0.0
678,True,True,75.0,,430871,0,0,6,-6,3,4,4.3,5.2,1,Matheus,5.7,541,True,Knock - 75% chance of playing,2024-12-30T09:30:07.234687Z,71,430871.jpg,5.8,False,Santos Carneiro Da Cunha,24.1,False,,d,20,39,111,3983243,59414,1653761,184477,0.8,15.6,Cunha,30.0,2023-07-01,1560,10,4,3,39,0,0,0,2,0,0,25,527,604.8,498.6,484.0,158.8,18,4.06,3.46,7.52,27.60,4,1,16,1,20,10,6,3,1.0,,3.0,,3.0,,0.23,0.0,0.2,0.43,1.59,2.25,25,10,15,3,7,2,14,5,1.04,0.17
679,True,True,,,60232,0,0,-1,1,0,2,-0.2,-0.7,1,Craig,-0.2,542,False,,,44,60232.jpg,1.1,False,Dawson,0.2,False,,a,20,39,17,21695,70,28244,233,0.0,3.9,Dawson,241.0,2023-01-22,969,0,1,1,25,2,0,0,2,0,0,1,57,204.2,31.3,55.0,29.1,10,0.50,0.07,0.57,18.56,188,73,321,103,247,74,260,79,,,,,,,0.05,0.0,0.01,0.06,1.72,2.32,476,84,708,238,384,126,392,142,0.93,0.09
680,True,True,,,87835,0,0,-2,2,0,2,3.8,3.3,1,Matt,3.8,543,False,,,43,87835.jpg,2.2,False,Doherty,0.2,False,,a,20,39,27,19725,1124,20004,560,0.9,6.3,Doherty,104.0,2023-07-20,711,1,1,2,18,1,0,0,2,0,0,2,104,164.4,86.1,82.0,33.2,8,0.73,0.59,1.32,9.71,224,84,220,55,201,49,238,71,,,,,,,0.09,0.0,0.07,0.16,1.23,2.28,536,115,55,18,216,65,334,125,1.01,0.25
681,True,True,,,220394,0,0,-2,2,0,3,1.0,0.5,1,Tommy,1.0,544,False,,,48,220394.jpg,1.3,False,Doyle,0.0,False,,a,20,39,20,4572,45,6357,60,0.2,4.2,Doyle,241.0,2024-07-01,369,0,1,0,8,0,0,0,0,0,0,0,96,90.4,95.1,26.0,21.3,2,0.47,0.32,0.79,8.50,309,142,208,131,302,165,301,149,,,,,,,0.11,0.0,0.08,0.19,2.07,1.95,302,199,278,134,360,169,540,214,0.49,0.0
682,True,False,0.0,0.0,449988,0,0,0,0,0,4,0.0,0.0,0,Fábio,0.0,545,False,Season long loan to Las Palmas,2024-08-30T20:53:22.805927Z,50,449988.jpg,0.0,False,Silva,0.1,False,,u,20,39,0,7594,0,33478,32,0.0,0.0,Fábio Silva,,,0,0,0,0,0,0,0,0,0,0,0,0,0,0.0,0.0,0.0,0.0,0,0.00,0.00,0.00,0.00,690,70,687,70,682,70,690,70,,,,,,,0.0,0.0,0.0,0.0,0.0,0.0,218,48,675,67,691,71,449,62,0.0,0.0
683,True,False,0.0,0.0,531363,0,0,0,0,0,4,0.0,0.0,0,Nathan,0.0,546,False,Loaned to Zulte Waregem,2024-08-26T10:19:49.301076Z,45,531363.jpg,0.0,False,Fraser,1.3,False,,u,20,39,0,86763,0,511210,1666,0.0,0.0,Fraser,104.0,2022-11-05,0,0,0,0,0,0,0,0,0,0,0,0,0,0.0,0.0,0.0,0.0,0,0.00,0.00,0.00,0.00,640,57,636,57,620,57,640,57,,,,,,,0.0,0.0,0.0,0.0,0.0,0.0,441,71,604,55,647,60,190,32,0.0,0.0
684,True,True,0.0,0.0,593001,0,0,-1,1,0,3,0.0,0.0,0,Enso,0.0,547,False,Knee injury - Unknown return date,2024-08-05T15:00:04.514369Z,44,593001.jpg,0.0,False,González,0.0,False,,i,20,39,0,9650,128,9069,165,0.0,0.0,Gonzalez,168.0,2023-08-31,0,0,0,0,0,0,0,0,0,0,0,0,0,0.0,0.0,0.0,0.0,0,0.00,0.00,0.00,0.00,591,242,585,244,565,238,591,242,,,,,,,0.0,0.0,0.0,0.0,0.0,0.0,529,317,550,214,598,246,529,209,0.0,0.0
685,True,True,,,181284,0,0,-2,2,1,3,3.8,3.3,1,Gonçalo Manuel,3.8,548,False,,,53,181284.jpg,2.7,False,Ganchinho Guedes,0.2,False,,a,20,39,43,21229,888,16417,983,0.7,8.1,Guedes,173.0,2022-08-08,450,2,4,2,12,0,0,0,1,0,0,2,145,186.2,119.0,86.0,39.1,3,0.63,0.45,1.08,9.43,210,86,179,116,196,115,214,109,,,,,,,0.13,0.0,0.09,0.22,1.89,2.4,145,84,57,30,161,68,388,134,0.6,0.4
686,True,False,0.0,0.0,490721,0,0,0,0,0,2,0.0,0.0,0,Hugo,0.0,549,False,Loaned to Feyenoord,2024-08-14T08:32:21.592368Z,45,490721.jpg,0.0,False,Bueno López,0.0,False,,u,20,39,0,0,0,1806,2,0.0,0.0,H.Bueno,,,0,0,0,0,0,0,0,0,0,0,0,0,0,0.0,0.0,0.0,0.0,0,0.00,0.00,0.00,0.00,623,237,619,237,603,233,623,237,,,,,,,0.0,0.0,0.0,0.0,0.0,0.0,414,81,583,229,630,237,662,226,0.0,0.0
687,True,True,100.0,100.0,184754,0,0,-4,4,0,3,2.7,2.2,7,Hwang,2.7,550,False,,2024-10-16T12:30:07.628110Z,61,184754.jpg,1.9,False,Hee-chan,0.3,False,,a,20,39,25,26200,3733,92167,748,0.4,4.1,Hee Chan,114.0,2022-07-01,421,2,0,0,13,0,0,0,0,0,0,0,92,90.0,46.0,42.0,17.8,3,0.61,0.18,0.79,8.16,311,143,293,174,267,148,325,161,,,,,1.0,,0.13,0.0,0.04,0.17,1.74,2.78,71,46,119,52,281,124,315,99,0.64,0.0
688,True,False,0.0,0.0,240299,0,0,0,0,0,3,0.0,0.0,0,Joe,0.0,551,False,Season long to Huddersfield Town,2024-08-29T11:12:19.576028Z,45,240299.jpg,0.0,False,Hodge,0.2,False,,u,20,39,0,17482,0,51302,175,0.0,0.0,Hodge,,,0,0,0,0,0,0,0,0,0,0,0,0,0,0.0,0.0,0.0,0.0,0,0.00,0.00,0.00,0.00,601,244,596,246,578,240,601,244,,,,,,,0.0,0.0,0.0,0.0,0.0,0.0,382,230,561,216,608,248,364,124,0.0,0.0
689,True,False,0.0,0.0,441271,0,0,0,0,0,2,0.0,0.0,0,Ki-Jana,0.0,552,False,Loaned to Auxerre,2024-08-26T10:11:13.033350Z,40,441271.jpg,0.0,False,Hoever,0.1,False,,u,20,39,0,3224,0,24089,128,0.0,0.0,Hoever,,,0,0,0,0,0,0,0,0,0,0,0,0,0,0.0,0.0,0.0,0.0,0,0.00,0.00,0.00,0.00,519,183,499,180,463,166,519,183,,,,,,,0.0,0.0,0.0,0.0,0.0,0.0,630,178,459,164,525,182,421,152,0.0,0.0
690,True,True,100.0,100.0,448089,0,0,-1,1,1,3,1.7,1.2,2,João Victor,1.7,553,False,,2024-12-10T00:00:08.608247Z,49,448089.jpg,2.8,False,Gomes da Silva,0.4,False,,a,20,39,50,160480,702,133840,2050,0.3,10.2,J.Gomes,30.0,2023-01-30,1518,2,1,3,36,0,0,0,6,0,0,5,217,273.2,192.8,120.0,58.6,18,1.60,0.71,2.31,25.24,127,44,114,80,154,98,127,76,,,,,,,0.09,0.0,0.04,0.13,1.5,2.13,267,175,207,95,145,61,276,85,1.07,0.18
691,True,True,100.0,100.0,149065,0,0,-2,2,0,1,3.5,3.0,6,José,3.5,554,False,,2024-12-12T11:30:09.069160Z,43,149065.jpg,3.0,False,Malheiro de Sá,1.6,False,,a,20,39,36,152258,11624,222233,2554,0.8,8.4,José Sá,173.0,2021-07-15,1080,0,0,3,25,0,1,0,1,0,36,1,123,287.6,10.0,0.0,29.7,12,0.00,0.01,0.01,17.74,117,17,395,8,530,48,254,17,,,,,,,0.0,3.0,0.0,0.0,1.48,2.08,543,30,70,6,127,21,163,22,1.0,0.25
692,True,True,0.0,0.0,429414,0,0,-2,2,0,4,0.0,0.0,0,Saša,0.0,555,False,Knee injury - Unknown return date,2024-08-22T10:59:37.463254Z,48,429414.jpg,0.0,False,Kalajdžić,0.0,False,,i,20,39,0,3583,55,10401,56,0.0,0.0,Kalajdžić,14.0,2022-08-31,0,0,0,0,0,0,0,0,0,0,0,0,0,0.0,0.0,0.0,0.0,0,0.00,0.00,0.00,0.00,673,65,668,64,658,65,673,65,,,,,,,0.0,0.0,0.0,0.0,0.0,0.0,312,60,646,62,675,66,548,70,0.0,0.0
693,True,True,,,138001,0,0,0,0,0,1,0.0,-0.5,0,Tom,0.0,556,False,,,40,138001.jpg,0.0,False,King,1.5,False,,a,20,39,0,82531,256,79360,1528,0.0,0.0,King,244.0,2023-07-03,0,0,0,0,0,0,0,0,0,0,0,0,0,0.0,0.0,0.0,0.0,0,0.00,0.00,0.00,0.00,505,52,482,30,445,17,505,52,,,,,,,0.0,0.0,0.0,0.0,0.0,0.0,607,47,444,47,513,52,175,23,0.0,0.0
694,True,True,75.0,75.0,151086,0,0,0,0,1,3,0.6,0.2,0,Mario,0.8,557,False,Knock - 75% chance of playing,2024-12-23T10:00:08.633088Z,50,151086.jpg,2.9,False,Lemina,0.2,False,,d,20,39,46,105374,12,102369,1214,0.2,9.2,Mario Jr.,77.0,2023-01-13,1332,1,3,1,38,0,0,0,4,0,0,5,248,345.8,160.1,118.0,62.4,15,1.30,0.83,2.13,25.77,69,21,137,95,155,99,115,67,,,,,,,0.09,0.0,0.06,0.15,1.74,2.57,195,120,303,152,138,57,331,104,1.01,0.07
695,True,True,0.0,0.0,501837,0,0,-1,1,0,2,0.0,0.0,0,Yerson,0.0,558,False,Knee injury - Expected back 01 Jun,2024-09-21T20:30:06.017799Z,39,501837.jpg,0.6,False,Mosquera,0.5,False,,i,20,39,3,120891,140,138291,983,0.0,0.8,Mosquera,48.0,2021-06-17,441,0,0,0,12,0,0,0,2,0,0,0,24,110.2,27.3,21.0,16.0,5,0.33,0.03,0.36,5.63,284,106,330,107,311,101,337,112,,,,,,,0.07,0.0,0.01,0.08,1.15,2.45,703,235,432,150,484,164,268,101,1.02,0.0
696,True,True,100.0,100.0,200402,0,0,0,0,0,2,2.8,2.3,0,Nélson,2.8,559,False,,2024-11-30T20:30:08.621993Z,45,200402.jpg,2.2,False,Cabral Semedo,0.3,False,,a,20,39,35,62872,949,44386,1189,0.6,7.8,N.Semedo,173.0,2020-09-23,1408,0,3,3,29,0,0,0,6,0,0,0,130,293.4,174.6,70.0,53.9,16,0.56,0.86,1.42,25.67,110,42,128,27,227,63,143,35,,,,,,,0.04,0.0,0.05,0.09,1.64,1.85,371,64,103,30,220,69,317,119,1.02,0.19
697,True,True,,,641221,0,0,-1,1,0,2,0.0,-0.5,0,Pedro,0.0,561,False,,,39,641221.jpg,0.0,False,Cardoso de Lima,1.4,False,,a,20,39,0,105883,2790,124840,2263,0.0,0.0,Pedro Lima,30.0,2024-07-02,0,0,0,0,0,0,0,0,0,0,0,0,0,0.0,0.0,0.0,0.0,0,0.00,0.00,0.00,0.00,498,173,474,170,436,154,498,173,,,,,,,0.0,0.0,0.0,0.0,0.0,0.0,709,239,435,152,506,174,183,73,0.0,0.0
698,True,False,0.0,0.0,200600,0,0,0,0,0,3,0.0,0.0,0,Daniel,0.0,562,False,Transferred to Al-Shabab,2024-09-05T10:36:18.217223Z,55,200600.jpg,1.0,False,Castelo Podence,0.0,False,,u,20,39,2,1049,0,5042,10,0.0,0.4,Podence,,,46,0,0,0,2,0,0,0,0,0,0,0,9,3.0,1.1,1.0,0.4,0,0.04,0.01,0.05,0.70,466,220,437,222,419,223,477,227,,,,,,,0.08,0.0,0.02,0.1,1.37,3.91,106,65,694,312,457,217,599,255,0.0,0.0
699,True,True,,,483081,0,0,-3,3,0,3,2.0,1.5,1,Rodrigo,2.0,563,False,,,52,483081.jpg,1.8,False,Martins Gomes,0.1,False,,a,20,39,21,5265,67,14715,109,0.4,4.0,R.Gomes,173.0,2024-07-01,366,1,0,1,10,0,0,0,0,0,0,0,78,82.8,68.3,47.0,19.6,4,0.32,0.08,0.40,8.07,319,148,250,157,258,142,311,154,,,,,,,0.08,0.0,0.02,0.1,1.98,2.46,166,101,184,81,294,131,475,176,0.98,0.25
700,True,True,100.0,100.0,231480,0,0,-2,2,0,2,2.5,2.0,1,Santiago,2.5,564,False,,2024-11-21T08:30:09.504880Z,43,231480.jpg,2.1,False,Bueno,0.1,False,,a,20,39,25,4455,126,7945,95,0.6,5.8,S.Bueno,230.0,2023-08-31,970,0,0,3,20,0,0,0,0,0,0,0,89,164.4,6.4,22.0,19.2,11,0.27,0.03,0.30,15.94,225,85,408,139,309,100,315,103,,,,,,,0.03,0.0,0.0,0.03,1.48,1.86,558,130,124,35,233,73,473,170,1.02,0.28
701,True,True,0.0,0.0,88484,0,0,-5,5,0,3,0.0,0.0,0,Pablo,0.0,565,False,Calf injury - Unknown return date,2024-12-06T10:30:08.162176Z,50,88484.jpg,2.2,False,Sarabia,0.1,False,,i,20,39,10,8633,4,25987,70,0.0,2.0,Sarabia,200.0,2023-01-17,179,1,0,0,3,0,0,0,1,0,0,0,47,64.6,51.0,78.0,19.4,2,1.43,0.42,1.85,2.23,345,162,284,172,206,120,314,156,2.0,,2.0,,2.0,,0.72,0.0,0.21,0.93,1.12,1.51,191,118,668,295,224,96,478,177,1.01,0.0
702,True,True,,,247412,-1,1,0,0,0,4,2.7,2.2,6,Jørgen,2.7,566,False,,,55,247412.jpg,4.1,False,Strand Larsen,3.0,False,,a,20,39,77,902450,15629,618734,17446,0.5,14.0,Strand Larsen,161.0,2024-07-02,1534,7,2,4,35,0,0,0,2,0,0,8,298,334.8,146.0,437.0,91.5,18,4.42,0.52,4.94,25.90,75,9,148,16,24,12,50,11,,,,,,,0.26,0.0,0.03,0.29,1.52,2.05,113,33,117,20,49,14,108,19,1.06,0.23
703,True,True,0.0,100.0,510362,0,0,-2,2,1,2,0.0,2.3,0,Toti António,2.8,567,False,Hamstring injury - Expected back 20 Jan,2024-12-30T09:30:07.264222Z,43,510362.jpg,2.1,False,Gomes,0.3,False,,i,20,39,34,39373,176,37334,2392,0.7,7.9,Toti,173.0,2022-01-14,1263,0,1,3,28,0,0,0,4,0,0,4,148,284.2,56.8,23.0,36.4,15,0.03,0.37,0.40,22.48,119,45,270,73,306,99,223,68,,,,,,,0.0,0.0,0.03,0.03,1.6,2.0,567,137,102,29,234,74,318,120,1.07,0.21
704,True,True,100.0,100.0,560248,0,0,0,0,0,2,0.0,-0.5,0,Bastien,0.0,637,False,,2024-09-15T23:00:06.387765Z,40,560248.jpg,0.0,False,Meupiyou,0.1,False,,a,20,39,0,23969,63,18460,201,0.0,0.0,Meupiyou,73.0,2024-08-29,0,0,0,0,0,0,0,0,0,0,0,0,0,0.0,0.0,0.0,0.0,0,0.00,0.00,0.00,0.00,548,204,529,202,496,191,548,204,,,,,,,0.0,0.0,0.0,0.0,0.0,0.0,667,207,490,187,555,204,419,151,0.0,0.0
705,True,True,75.0,,509291,0,0,0,0,0,3,1.7,1.7,2,André,2.2,642,False,Knock - 75% chance of playing,2024-12-30T09:30:07.327372Z,50,509291.jpg,1.7,False,Trindade da Costa Neto,0.0,False,,d,20,39,25,4496,48,3529,97,0.4,5.0,André,30.0,2024-08-30,977,0,0,2,24,0,0,0,2,0,0,0,197,166.6,93.4,12.0,27.1,13,0.07,0.16,0.23,17.49,223,95,211,133,354,188,272,140,,,,,,,0.01,0.0,0.01,0.02,1.61,2.21,224,142,160,70,311,142,577,238,1.2,0.18
706,True,True,,,463212,0,0,0,0,0,3,0.3,-0.2,1,Carlos Roberto,0.3,655,False,,,55,463212.jpg,0.9,False,Forbs Borges,0.0,False,,a,20,39,7,2890,40,2888,62,0.1,1.3,Forbs,173.0,2024-08-31,220,0,0,0,8,0,0,0,2,0,0,0,30,22.8,23.3,33.0,7.7,1,0.15,0.10,0.25,6.98,402,189,342,190,282,155,384,188,,,,,,,0.06,0.0,0.04,0.1,2.86,3.27,117,71,375,184,470,227,574,235,0.41,0.0
707,True,True,,,517179,0,0,-1,1,0,2,0.0,-0.5,0,Alfie,0.0,664,False,,,39,517179.jpg,1.0,False,Pond,0.8,False,,a,20,39,1,109485,3454,42013,2800,0.0,0.3,Pond,241.0,2024-09-17,1,0,0,0,0,0,0,0,0,0,0,0,3,0.0,0.0,0.0,0.0,0,0.00,0.00,0.00,0.00,496,172,472,169,432,151,496,172,,,,,,,0.0,0.0,0.0,0.0,0.0,0.0,705,236,433,151,393,129,233,90,0.0,0.0
708,True,True,,,596054,0,0,0,0,0,3,0.0,-0.5,0,Tom,0.0,682,False,,,45,596054.jpg,0.0,False,Edozie,0.0,False,,a,20,39,0,1892,83,1066,78,0.0,0.0,Edozie,241.0,2024-11-22,0,0,0,0,0,0,0,0,0,0,0,0,0,0.0,0.0,0.0,0.0,0,0.00,0.00,0.00,0.00,664,292,659,293,644,288,664,292,,,,,,,0.0,0.0,0.0,0.0,0.0,0.0,469,292,627,267,669,295,634,276,0.0,0.0
