,player_id,web_name,team_code,element_type,now_cost,event,points_md,is_captain,multiplier,starting_lineup,selected_by_percent,gw_points
0,307,Ederson,43,1,54,34,8.026,False,1,1,13.9,8.026
1,106,Dunk,36,2,48,34,6.9110000000000005,False,1,1,6.5,6.9110000000000005
2,280,Van Dijk,14,2,66,34,7.746,False,1,1,11.7,7.746
3,285,Alexander-Arnold,14,2,75,34,9.975,False,1,1,23.7,9.975
4,337,Lindelöf,1,2,41,34,5.433,False,1,1,0.3,5.433
5,107,March,36,3,52,34,9.184,False,1,1,12.3,9.184
6,124,Mitoma,36,3,56,34,9.007,False,1,1,27.1,9.007
7,283,Salah,14,3,130,34,13.548,True,2,1,33.1,27.096
8,301,De Bruyne,43,3,121,34,10.420000000000002,False,1,1,26.0,10.420000000000002
9,335,Rashford,1,3,71,34,9.688,False,1,1,36.8,9.688
10,318,Haaland,43,4,123,34,13.095999999999998,False,1,1,80.5,13.095999999999998
11,348,Heaton,1,1,38,34,0.0,False,0,0,0.3,0.0
12,253,Vestergaard,13,2,38,34,0.0,False,0,0,5.1,0.0
13,237,Greenwood,2,4,40,34,0.588,False,0,0,9.6,0.0
14,380,Lyle Taylor,17,4,41,34,0.0,False,0,0,4.1,0.0
