,player_id,web_name,team_code,element_type,now_cost,event,points_md,is_captain,multiplier,starting_lineup,selected_by_percent,gw_points
0,112,Pope,90,1,54,27,6.928,False,1,1,3.3,6.928
1,262,Dias,43,2,63,27,4.238,False,1,1,26.8,4.238
2,273,Maguire,1,2,54,27,4.373,False,1,1,5.0,4.373
3,275,Shaw,1,2,50,27,4.377,False,1,1,12.9,4.377
4,343,Bednarek,20,2,44,27,4.245,False,1,1,1.1,4.245
5,491,Livramento,20,2,43,27,4.46,False,1,1,9.8,4.46
6,154,Zaha,31,3,68,27,4.877,False,1,1,5.5,4.877
7,265,Foden,43,3,79,27,4.953,False,1,1,6.6,4.953
8,341,Ward-Prowse,20,3,65,27,4.8,False,1,1,5.2,4.8
9,357,Kane,6,4,122,27,5.254,False,1,1,11.8,5.254
10,700,Weghorst,90,4,65,27,8.937999999999997,True,2,1,3.1,17.875999999999994
11,80,Raya,94,1,43,27,3.757,False,0,0,3.2,0.0
12,144,Gallagher,31,3,62,27,4.626,False,0,0,14.3,0.0
13,578,Cornet,90,3,59,27,6.457000000000002,False,0,0,2.1,0.0
14,579,Ronaldo,1,4,124,27,6.4860000000000015,False,0,0,23.6,0.0
