,player_id,web_name,team_code,element_type,now_cost,event,points_md,is_captain,multiplier,starting_lineup,selected_by_percent,gw_points
0,112,Pope,90,1,54,27,6.928,False,1,1,3.3,6.928
1,273,Maguire,1,2,54,27,4.373,False,1,1,5.0,4.373
2,342,Walker-Peters,20,2,48,27,3.987,False,1,1,0.7,3.987
3,343,Bednarek,20,2,44,27,4.245,False,1,1,1.1,4.245
4,96,Mbeumo,94,3,52,27,4.319,False,1,1,1.1,4.319
5,254,Mahrez,43,3,87,27,4.8180000000000005,False,1,1,3.9,4.8180000000000005
6,255,Sterling,43,3,107,27,5.077,False,1,1,3.7,5.077
7,485,Sancho,1,3,89,27,5.138,False,1,1,2.6,5.138
8,578,Cornet,90,3,59,27,6.457000000000002,False,1,1,2.1,6.457000000000002
9,345,Adams,20,4,69,27,4.574,False,1,1,2.3,4.574
10,700,Weghorst,90,4,65,27,8.937999999999997,True,2,1,3.1,17.875999999999994
11,80,Raya,94,1,43,27,3.757,False,0,0,3.2,0.0
12,414,Dawson,21,2,49,27,3.806,False,0,0,0.9,0.0
13,555,Varane,1,2,55,27,3.752,False,0,0,3.3,0.0
14,109,Wood,4,4,67,27,3.826,False,0,0,1.5,0.0
