,player_id,web_name,team_code,element_type,now_cost,event,points_md,is_captain,multiplier,starting_lineup,selected_by_percent,gw_points
0,455,Fabianski,21,1,49,37,3.674,False,1,1,1.2,3.674
1,308,Aké,43,2,50,37,4.925,False,1,1,3.0,4.925
2,329,Varane,1,2,48,37,6.305999999999999,False,1,1,2.5,6.305999999999999
3,610,Akanji,43,2,50,37,5.5600000000000005,False,1,1,3.6,5.5600000000000005
4,148,Gallagher,8,3,56,37,4.838,False,1,1,0.6,4.838
5,304,Sterling,8,3,97,37,5.172999999999999,False,1,1,3.3,5.172999999999999
6,315,Rodri,43,3,56,37,6.597,False,1,1,1.8,6.597
7,340,Sancho,1,3,71,37,6.275,False,1,1,3.1,6.275
8,609,Antony,1,3,73,37,6.694,True,2,1,3.0,13.388
9,125,Enciso,36,4,46,37,4.862,False,1,1,1.6,4.862
10,596,Ferguson,36,4,46,37,5.68,False,1,1,1.3,5.68
11,2,Leno,54,1,46,37,3.658,False,0,0,3.6,0.0
12,559,Colwill,36,2,44,37,4.013,False,0,0,0.1,0.0
13,733,Pedro Porro,6,2,48,37,3.9010000000000002,False,0,0,1.1,0.0
14,145,Havertz,8,4,74,37,4.5939999999999985,False,0,0,3.1,0.0
