,player_id,web_name,team_code,element_type,now_cost,event,points_md,is_captain,multiplier,starting_lineup,selected_by_percent,gw_points
0,146,Guaita,31,1,46,26,6.865,False,1,1,6.9,6.865
1,23,Gabriel,3,2,53,26,9.472000000000001,False,1,1,6.7,9.472000000000001
2,234,Robertson,14,2,71,26,11.324000000000002,False,1,1,6.4,11.324000000000002
3,237,Alexander-Arnold,14,2,85,26,13.033,False,1,1,47.8,13.033
4,437,Semedo,39,2,48,26,6.199,False,1,1,2.9,6.199
5,22,Saka,3,3,64,26,10.151,False,1,1,15.4,10.151
6,154,Zaha,31,3,68,26,8.375,False,1,1,4.7,8.375
7,233,Salah,14,3,130,26,17.023,True,2,1,50.1,34.046
8,578,Cornet,90,3,59,26,6.7170000000000005,False,1,1,0.9,6.7170000000000005
9,450,Dennis,57,4,61,26,7.039,False,1,1,36.6,7.039
10,468,King,57,4,59,26,6.716,False,1,1,8.5,6.716
11,475,Sá,39,1,52,26,7.21,False,0,0,7.6,0.0
12,16,Tierney,3,2,51,26,9.164,False,0,0,12.7,0.0
13,196,Raphinha,2,3,65,26,7.144,False,0,0,14.5,0.0
14,430,Jiménez,39,4,74,26,8.228,False,0,0,5.6,0.0
