,player_id,web_name,team_code,element_type,now_cost,event,points_md,is_captain,multiplier,starting_lineup,selected_by_percent,gw_points
0,307,Ederson,43,1,54,20,7.724,False,1,1,13.5,7.724
1,165,Andersen,31,2,45,20,4.61,False,1,1,2.4,4.61
2,332,Shaw,1,2,51,20,5.5180000000000025,False,1,1,14.4,5.5180000000000025
3,357,Trippier,4,2,60,20,4.692,False,1,1,67.5,4.692
4,160,Zaha,31,3,73,20,7.879,False,1,1,11.8,7.879
5,169,Eze,31,3,56,20,6.362,False,1,1,3.0,6.362
6,301,De Bruyne,43,3,125,20,9.132,False,1,1,37.1,9.132
7,335,Rashford,1,3,70,20,7.3660000000000005,False,1,1,39.6,7.3660000000000005
8,318,Haaland,43,4,122,20,12.191,True,2,1,85.0,24.382
9,345,Martial,1,4,66,20,6.985,False,1,1,4.8,6.985
10,427,Kane,6,4,116,20,8.478,False,1,1,31.0,8.478
11,35,Olsen,7,1,39,20,0.019,False,0,0,1.6,0.0
12,138,Kenedy,8,2,39,20,0.0,False,0,0,0.2,0.0
13,494,Mosquera,39,2,39,20,0.0,False,0,0,1.1,0.0
14,381,Colback,17,3,42,20,0.58,False,0,0,0.7,0.0
