,player_id,web_name,team_code,element_type,now_cost,event,points_md,is_captain,multiplier,starting_lineup,selected_by_percent,gw_points
0,425,Lloris,6,1,55,20,6.401,False,1,1,4.5,6.401
1,165,Andersen,31,2,45,20,4.5280000000000005,False,1,1,2.4,4.5280000000000005
2,308,Aké,43,2,50,20,6.1690000000000005,False,1,1,1.5,6.1690000000000005
3,332,Shaw,1,2,51,20,5.505,False,1,1,15.2,5.505
4,160,Zaha,31,3,73,20,8.166,False,1,1,11.8,8.166
5,169,Eze,31,3,56,20,6.268,False,1,1,3.0,6.268
6,301,De Bruyne,43,3,125,20,8.722999999999999,False,1,1,37.4,8.722999999999999
7,335,Rashford,1,3,70,20,7.407,False,1,1,40.4,7.407
8,609,Antony,1,3,74,20,6.933,False,1,1,3.6,6.933
9,318,Haaland,43,4,122,20,11.625,True,2,1,85.0,23.25
10,427,Kane,6,4,116,20,8.274000000000001,False,1,1,31.7,8.274000000000001
11,518,Hennessey,17,1,39,20,0.098,False,0,0,1.6,0.0
12,555,Ashby,21,2,39,20,0.059000000000000004,False,0,0,0.4,0.0
13,558,Bueno,39,2,39,20,2.412,False,0,0,6.0,0.0
14,54,Archer,7,4,42,20,0.0,False,0,0,2.5,0.0
