,player_id,web_name,team_code,element_type,now_cost,event,points_md,is_captain,multiplier,starting_lineup,selected_by_percent,gw_points
0,327,De Gea,1,1,49,17,4.101,False,1,1,7.2,4.101
1,16,Gabriel,3,2,52,17,4.6160000000000005,False,1,1,13.5,4.6160000000000005
2,112,Cucurella,8,2,51,17,4.809,False,1,1,7.6,4.809
3,332,Shaw,1,2,48,17,4.349,False,1,1,2.2,4.349
4,13,Saka,3,3,80,17,5.495,False,1,1,17.0,5.495
5,142,Mount,8,3,75,17,4.9460000000000015,False,1,1,6.5,4.9460000000000015
6,160,Zaha,31,3,75,17,5.207999999999998,False,1,1,19.2,5.207999999999998
7,283,Salah,14,3,128,17,5.992999999999999,False,1,1,32.1,5.992999999999999
8,297,Darwin,14,4,90,17,4.988,False,1,1,12.1,4.988
9,318,Haaland,43,4,122,17,6.499,True,2,1,82.7,12.998
10,345,Martial,1,4,67,17,4.947,False,1,1,1.9,4.947
11,324,Ortega,43,1,38,17,0.005,False,0,0,0.9,0.0
12,273,Brunt,13,2,39,17,0.019,False,0,0,0.3,0.0
13,322,Wilson-Esbrand,43,2,38,17,0.0,False,0,0,1.0,0.0
14,381,Colback,17,3,42,17,0.048,False,0,0,0.7,0.0
