,player_id,web_name,team_code,element_type,now_cost,event,points_md,is_captain,multiplier,starting_lineup,selected_by_percent,gw_points
0,425,Lloris,6,1,55,20,5.401,False,1,1,4.5,5.401
1,85,Henry,94,2,45,20,3.8110000000000004,False,1,1,1.0,3.8110000000000004
2,302,Stones,43,2,54,20,3.968,False,1,1,1.9,3.968
3,309,Laporte,43,2,58,20,4.072,False,1,1,0.5,4.072
4,89,Wissa,94,3,53,20,4.607,False,1,1,0.2,4.607
5,305,Grealish,43,3,68,20,5.355,False,1,1,1.2,5.355
6,333,Fernandes,1,3,98,20,5.449,False,1,1,3.3,5.449
7,609,Antony,1,3,74,20,4.988,False,1,1,3.7,4.988
8,40,Watkins,7,4,71,20,4.544,False,1,1,2.8,4.544
9,345,Martial,1,4,66,20,5.9270000000000005,True,2,1,4.7,11.854000000000001
10,356,Wilson,4,4,72,20,5.153,False,1,1,5.0,5.153
11,238,Meslier,2,1,45,20,4.506,False,0,0,1.8,0.0
12,358,Burn,4,2,45,20,3.8089999999999997,False,0,0,2.1,0.0
13,377,Botman,4,2,44,20,3.787,False,0,0,4.4,0.0
14,433,Højbjerg,6,3,55,20,4.51,False,0,0,2.6,0.0
