,player_id,web_name,team_code,element_type,now_cost,event,points_md,is_captain,multiplier,starting_lineup,selected_by_percent,gw_points
0,478,Sá,39,1,50,2,3.8160000000000003,False,1,1,3.7,3.8160000000000003
1,33,Digne,7,2,50,2,3.964,False,1,1,4.1,3.964
2,276,Matip,14,2,60,2,4.8069999999999995,True,2,1,2.6,9.613999999999999
3,308,Aké,43,2,50,2,4.24,False,1,1,1.3,4.24
4,104,Groß,36,3,55,2,3.9819999999999998,False,1,1,3.5,3.9819999999999998
5,305,Grealish,43,3,70,2,3.9419999999999997,False,1,1,4.4,3.9419999999999997
6,333,Fernandes,1,3,100,2,4.1819999999999995,False,1,1,3.0,4.1819999999999995
7,480,Neves,39,3,55,2,3.995,False,1,1,1.9,3.995
8,40,Watkins,7,4,74,2,4.163,False,1,1,3.2,4.163
9,227,Bamford,2,4,75,2,4.109,False,1,1,1.5,4.109
10,326,Ronaldo,1,4,105,2,4.505,False,1,1,4.6,4.505
11,455,Fabianski,21,1,50,2,3.551,False,0,0,1.2,0.0
12,457,Cresswell,21,2,50,2,3.5639999999999996,False,0,0,3.5,0.0
13,477,Jonny,39,2,45,2,3.6510000000000002,False,0,0,0.6,0.0
14,111,Trossard,36,3,65,2,3.68,False,0,0,2.3,0.0
