,player_id,web_name,team_code,element_type,now_cost,event,points_md,is_captain,multiplier,starting_lineup,selected_by_percent,gw_points
0,478,Sá,39,1,50,2,3.852,False,1,1,3.7,3.852
1,284,Robertson,14,2,70,2,5.229,False,1,1,12.0,5.229
2,285,Alexander-Arnold,14,2,75,2,5.943,False,1,1,56.3,5.943
3,306,Cancelo,43,2,70,2,5.483,False,1,1,45.0,5.483
4,312,Dias,43,2,60,2,5.185,False,1,1,12.1,5.185
5,13,Saka,3,3,80,2,4.7989999999999995,False,1,1,21.9,4.7989999999999995
6,104,Groß,36,3,55,2,4.11,False,1,1,3.4,4.11
7,407,Ward-Prowse,20,3,65,2,4.2780000000000005,False,1,1,10.7,4.2780000000000005
8,80,Toney,94,4,70,2,4.419,False,1,1,5.7,4.419
9,210,Mitrović,54,4,66,2,4.327,False,1,1,14.5,4.327
10,318,Haaland,43,4,116,2,7.318,True,2,1,55.7,14.636
11,113,Sánchez,36,1,45,2,3.72,False,0,0,11.3,0.0
12,276,Matip,14,2,60,2,5.037,False,0,0,2.6,0.0
13,19,Martinelli,3,3,61,2,4.537,False,0,0,25.8,0.0
14,486,Neto,39,3,55,2,3.965,False,0,0,16.5,0.0
