,player_id,web_name,team_code,element_type,now_cost,event,points_md,is_captain,multiplier,starting_lineup,selected_by_percent,gw_points
0,478,Sá,39,1,50,2,3.853,False,1,1,3.7,3.853
1,284,Robertson,14,2,70,2,5.242999999999999,False,1,1,12.0,5.242999999999999
2,285,Alexander-Arnold,14,2,75,2,5.933,False,1,1,56.4,5.933
3,306,Cancelo,43,2,70,2,5.547999999999999,False,1,1,45.0,5.547999999999999
4,312,Dias,43,2,60,2,5.36,False,1,1,12.1,5.36
5,13,Saka,3,3,80,2,4.922,False,1,1,21.9,4.922
6,19,Martinelli,3,3,61,2,4.338,False,1,1,25.7,4.338
7,104,Groß,36,3,55,2,4.244,False,1,1,3.3,4.244
8,480,Neves,39,3,55,2,3.925,False,1,1,1.8,3.925
9,28,Jesus,3,4,80,2,4.717,False,1,1,71.4,4.717
10,318,Haaland,43,4,116,2,7.117000000000001,True,2,1,55.4,14.234000000000002
11,113,Sánchez,36,1,45,2,3.685,False,0,0,11.3,0.0
12,276,Matip,14,2,60,2,5.026,False,0,0,2.6,0.0
13,486,Neto,39,3,55,2,4.051,False,0,0,16.5,0.0
14,210,Mitrović,54,4,66,2,4.084,False,0,0,14.4,0.0
