,player_id,web_name,team_code,element_type,now_cost,event,points_md,is_captain,multiplier,starting_lineup,selected_by_percent,gw_points
0,307,Ederson,43,1,54,31,4.258,False,1,1,13.4,4.258
1,285,Alexander-Arnold,14,2,73,31,4.415,False,1,1,17.8,4.415
2,448,Perišić,6,2,53,31,4.041,False,1,1,15.8,4.041
3,733,Pedro Porro,6,2,48,31,5.212999999999999,False,1,1,0.7,5.212999999999999
4,13,Saka,3,3,86,31,5.435,False,1,1,40.9,5.435
5,189,Gray,11,3,52,31,4.495,False,1,1,0.6,4.495
6,283,Salah,14,3,128,31,6.053999999999999,False,1,1,26.4,6.053999999999999
7,305,Grealish,43,3,70,31,5.404,False,1,1,7.2,5.404
8,346,Andreas,54,3,43,31,3.94,False,1,1,13.2,3.94
9,318,Haaland,43,4,122,31,7.818,True,2,1,77.6,15.636
10,427,Kane,6,4,117,31,6.853,False,1,1,39.8,6.853
11,236,Klaesson,2,1,38,31,0.0,False,0,0,0.5,0.0
12,343,B.Williams,1,2,38,31,0.28,False,0,0,2.7,0.0
13,489,Toti,39,2,38,31,1.686,False,0,0,1.5,0.0
14,237,Greenwood,2,4,40,31,0.42100000000000004,False,0,0,9.5,0.0
