,player_id,web_name,team_code,element_type,now_cost,event,points_md,is_captain,multiplier,starting_lineup,selected_by_percent,gw_points
0,182,Pickford,11,1,44,31,3.719,False,1,1,5.7,3.719
1,16,Gabriel,3,2,53,31,4.078,False,1,1,16.0,4.078
2,448,Perišić,6,2,53,31,4.758,False,1,1,15.8,4.758
3,533,Martínez,1,2,45,31,3.763,False,1,1,7.9,3.763
4,733,Pedro Porro,6,2,48,31,5.044,False,1,1,0.8,5.044
5,13,Saka,3,3,86,31,5.332999999999998,False,1,1,40.9,5.332999999999998
6,301,De Bruyne,43,3,121,31,5.936,False,1,1,26.0,5.936
7,305,Grealish,43,3,70,31,5.229,False,1,1,7.3,5.229
8,40,Watkins,7,4,76,31,4.579,False,1,1,19.6,4.579
9,318,Haaland,43,4,122,31,7.3260000000000005,True,2,1,77.6,14.652000000000001
10,427,Kane,6,4,117,31,6.973,False,1,1,39.8,6.973
11,102,Steele,36,1,39,31,3.451,False,0,0,3.0,0.0
12,199,Tarkowski,11,2,42,31,3.648,False,0,0,4.5,0.0
13,346,Andreas,54,3,43,31,3.702,False,0,0,13.3,0.0
14,365,Murphy,4,3,41,31,1.952,False,0,0,2.4,0.0
