,player_id,web_name,team_code,element_type,now_cost,event,points_md,is_captain,multiplier,starting_lineup,selected_by_percent,gw_points
0,182,Pickford,11,1,44,31,3.719,False,1,1,5.7,3.719
1,16,Gabriel,3,2,53,31,4.078,False,1,1,16.0,4.078
2,448,Perišić,6,2,53,31,4.758,False,1,1,15.8,4.758
3,733,Pedro Porro,6,2,48,31,5.044,False,1,1,0.8,5.044
4,13,Saka,3,3,86,31,5.332999999999998,False,1,1,40.9,5.332999999999998
5,107,March,36,3,52,31,3.8819999999999997,False,1,1,11.1,3.8819999999999997
6,283,Salah,14,3,128,31,5.904,False,1,1,26.4,5.904
7,303,Mahrez,43,3,73,31,4.762,False,1,1,4.6,4.762
8,305,Grealish,43,3,70,31,5.229,False,1,1,7.3,5.229
9,318,Haaland,43,4,122,31,7.3260000000000005,True,2,1,77.6,14.652000000000001
10,427,Kane,6,4,117,31,6.973,False,1,1,39.8,6.973
11,497,Adrián,14,1,38,31,0.0,False,0,0,0.6,0.0
12,343,B.Williams,1,2,38,31,0.303,False,0,0,2.7,0.0
13,489,Toti,39,2,38,31,1.5390000000000001,False,0,0,1.5,0.0
14,237,Greenwood,2,4,40,31,0.413,False,0,0,9.5,0.0
