,player_id,web_name,team_code,element_type,now_cost,event,points_md,is_captain,multiplier,starting_lineup,selected_by_percent,gw_points
0,170,Pickford,11,1,49,31,6.579,False,1,1,4.2,6.579
1,234,Robertson,14,2,72,31,5.843999999999999,False,1,1,7.0,5.843999999999999
2,237,Alexander-Arnold,14,2,85,31,6.654,False,1,1,38.7,6.654
3,585,Roberts,90,2,44,31,5.122999999999998,False,1,1,0.3,5.122999999999998
4,118,McNeil,90,3,56,31,5.5310000000000015,False,1,1,0.2,5.5310000000000015
5,138,Mount,8,3,75,31,5.401,False,1,1,12.8,5.401
6,233,Salah,14,3,133,31,8.575,True,2,1,52.7,17.15
7,503,Gordon,11,3,45,31,5.1720000000000015,False,1,1,1.8,5.1720000000000015
8,180,Richarlison,11,4,75,31,6.142,False,1,1,4.6,6.142
9,357,Kane,6,4,124,31,5.754,False,1,1,28.5,5.754
10,700,Weghorst,90,4,65,31,7.485,False,1,1,3.0,7.485
11,376,Foster,57,1,41,31,3.0589999999999997,False,0,0,17.4,0.0
12,71,Lamptey,36,2,45,31,4.069,False,0,0,1.9,0.0
13,425,Johnson,21,2,39,31,3.077,False,0,0,3.3,0.0
14,74,Mac Allister,36,3,52,31,3.8960000000000004,False,0,0,0.5,0.0
