,player_id,web_name,team_code,element_type,now_cost,event,points_md,is_captain,multiplier,starting_lineup,selected_by_percent,gw_points
0,112,Pope,90,1,54,31,6.859,False,1,1,2.8,6.859
1,59,Dunk,36,2,48,31,4.31,False,1,1,2.1,4.31
2,224,Matip,14,2,49,31,4.859,False,1,1,3.4,4.859
3,414,Dawson,21,2,49,31,4.261,False,1,1,1.6,4.261
4,118,McNeil,90,3,56,31,5.5310000000000015,False,1,1,0.2,5.5310000000000015
5,230,Mané,14,3,117,31,6.11,False,1,1,3.3,6.11
6,265,Foden,43,3,79,31,4.498,False,1,1,5.0,4.498
7,484,Gray,11,3,55,31,5.348000000000001,False,1,1,4.9,5.348000000000001
8,503,Gordon,11,3,45,31,5.1720000000000015,False,1,1,1.8,5.1720000000000015
9,180,Richarlison,11,4,75,31,6.142,False,1,1,4.6,6.142
10,700,Weghorst,90,4,65,31,7.485,True,2,1,3.0,14.97
11,408,Fabianski,21,1,50,31,3.88,False,0,0,2.9,0.0
12,71,Lamptey,36,2,45,31,4.069,False,0,0,1.9,0.0
13,584,Cucurella,36,2,50,31,4.051,False,0,0,2.4,0.0
14,189,Bamford,2,4,77,31,4.332,False,0,0,3.3,0.0
