,player_id,web_name,team_code,element_type,now_cost,event,points_md,is_captain,multiplier,starting_lineup,selected_by_percent,gw_points
0,199,Meslier,2,1,48,23,4.327999999999999,False,1,1,2.2,4.327999999999999
1,122,Alonso,8,2,57,23,3.898,False,1,1,12.0,3.898
2,185,Ayling,2,2,43,23,4.104,False,1,1,2.9,4.104
3,234,Robertson,14,2,70,23,3.975,False,1,1,3.3,3.975
4,138,Mount,8,3,77,23,4.898,False,1,1,24.9,4.898
5,196,Raphinha,2,3,65,23,6.336,True,2,1,15.8,12.672
6,265,Foden,43,3,80,23,4.36,False,1,1,7.6,4.36
7,681,Coutinho,7,3,70,23,5.683,False,1,1,5.9,5.683
8,40,Watkins,7,4,77,23,6.087999999999999,False,1,1,13.3,6.087999999999999
9,450,Dennis,57,4,61,23,4.4860000000000015,False,1,1,39.8,4.4860000000000015
10,468,King,57,4,58,23,4.644,False,1,1,8.2,4.644
11,30,Martínez,7,1,55,23,5.584,False,0,0,12.6,0.0
12,237,Alexander-Arnold,14,2,84,23,4.829,False,0,0,45.6,0.0
13,256,Cancelo,43,2,70,23,4.1610000000000005,False,0,0,44.3,0.0
14,240,Jota,14,3,84,23,4.487,False,0,0,37.6,0.0
