,player_id,web_name,team_code,element_type,now_cost,event,points_md,is_captain,multiplier,starting_lineup,selected_by_percent,gw_points
0,199,Meslier,2,1,48,23,3.968,False,1,1,2.2,3.968
1,122,Alonso,8,2,57,23,3.891,False,1,1,12.0,3.891
2,185,Ayling,2,2,43,23,3.762,False,1,1,2.9,3.762
3,234,Robertson,14,2,70,23,3.972,False,1,1,3.4,3.972
4,138,Mount,8,3,77,23,4.899,False,1,1,24.7,4.899
5,196,Raphinha,2,3,65,23,5.852,True,2,1,16.0,11.704
6,265,Foden,43,3,80,23,4.721,False,1,1,7.6,4.721
7,681,Coutinho,7,3,70,23,5.097,False,1,1,6.4,5.097
8,40,Watkins,7,4,77,23,5.651,False,1,1,13.3,5.651
9,450,Dennis,57,4,61,23,4.398,False,1,1,39.9,4.398
10,468,King,57,4,58,23,4.5569999999999995,False,1,1,8.2,4.5569999999999995
11,30,Martínez,7,1,55,23,5.043,False,0,0,12.6,0.0
12,237,Alexander-Arnold,14,2,84,23,4.78,False,0,0,45.7,0.0
13,256,Cancelo,43,2,70,23,4.119,False,0,0,44.5,0.0
14,240,Jota,14,3,84,23,4.651,False,0,0,37.8,0.0
