,player_id,web_name,team_code,element_type,now_cost,event,points_md,is_captain,multiplier,starting_lineup,selected_by_percent,gw_points
0,54,Steele,36,1,40,12,3.434,False,1,1,2.8,3.434
1,135,Chilwell,8,2,60,12,4.2780000000000005,False,1,1,19.7,4.2780000000000005
2,142,James,8,2,59,12,5.3,False,1,1,22.0,5.3
3,237,Alexander-Arnold,14,2,77,12,5.185,False,1,1,29.9,5.185
4,275,Shaw,1,2,52,12,4.085,False,1,1,19.4,4.085
5,233,Salah,14,3,130,12,6.602,True,2,1,71.6,13.204
6,265,Foden,43,3,83,12,5.141,False,1,1,15.1,5.141
7,420,Bowen,21,3,63,12,4.078,False,1,1,2.3,4.078
8,109,Wood,90,4,67,12,4.545,False,1,1,1.2,4.545
9,296,Wilson,4,4,73,12,5.117,False,1,1,2.4,5.117
10,525,A.Armstrong,20,4,59,12,4.502,False,1,1,3.4,4.502
11,257,Ederson,43,1,60,12,4.2860000000000005,False,0,0,9.0,0.0
12,299,Lascelles,4,2,44,12,3.553,False,0,0,0.2,0.0
13,144,Gallagher,31,3,58,12,3.886,False,0,0,16.1,0.0
14,240,Jota,14,3,75,12,4.9110000000000005,False,0,0,12.7,0.0
