,player_id,web_name,team_code,element_type,now_cost,event,points_md,is_captain,multiplier,starting_lineup,selected_by_percent,gw_points
0,170,Pickford,11,1,49,31,6.724,False,1,1,4.5,6.724
1,59,Dunk,36,2,48,31,4.57,False,1,1,2.1,4.57
2,224,Matip,14,2,50,31,5.192,False,1,1,4.3,5.192
3,234,Robertson,14,2,73,31,6.308,False,1,1,10.3,6.308
4,138,Mount,8,3,75,31,5.7929999999999975,False,1,1,14.0,5.7929999999999975
5,233,Salah,14,3,133,31,8.71,True,2,1,60.8,17.42
6,503,Gordon,11,3,45,31,5.442,False,1,1,2.6,5.442
7,575,Lennon,90,3,48,31,5.575,False,1,1,0.1,5.575
8,63,Maupay,36,4,65,31,4.609,False,1,1,7.5,4.609
9,180,Richarlison,11,4,75,31,6.577000000000001,False,1,1,5.6,6.577000000000001
10,700,Weghorst,90,4,64,31,7.5710000000000015,False,1,1,5.4,7.5710000000000015
11,112,Pope,90,1,54,31,6.841,False,0,0,3.4,0.0
12,259,Laporte,43,2,58,31,4.607,False,0,0,9.2,0.0
13,370,Reguilón,6,2,52,31,4.521,False,0,0,12.0,0.0
14,359,Son,6,3,109,31,5.749,False,0,0,24.2,0.0
