,player_id,web_name,team_code,element_type,now_cost,event,points_md,is_captain,multiplier,starting_lineup,selected_by_percent,gw_points
0,112,Pope,90,1,54,31,6.8409999999999975,False,1,1,3.5,6.8409999999999975
1,165,Coleman,11,2,49,31,5.239,False,1,1,0.8,5.239
2,229,van Dijk,14,2,68,31,5.234,False,1,1,19.9,5.234
3,234,Robertson,14,2,73,31,6.266,False,1,1,10.5,6.266
4,115,Brownhill,90,3,43,31,5.4819999999999975,False,1,1,2.7,5.4819999999999975
5,138,Mount,8,3,75,31,5.527,False,1,1,14.1,5.527
6,233,Salah,14,3,133,31,8.726,True,2,1,60.9,17.452
7,484,Gray,11,3,55,31,6.23,False,1,1,5.2,6.23
8,177,Calvert-Lewin,11,4,77,31,7.144,False,1,1,3.4,7.144
9,357,Kane,6,4,125,31,5.9860000000000015,False,1,1,23.9,5.9860000000000015
10,700,Weghorst,90,4,64,31,7.778,False,1,1,5.7,7.778
11,69,Sánchez,36,1,46,31,4.051,False,0,0,16.1,0.0
12,71,Lamptey,36,2,45,31,4.207,False,0,0,2.2,0.0
13,364,Davies,6,2,44,31,3.6710000000000003,False,0,0,1.8,0.0
14,426,Moutinho,39,3,49,31,3.532,False,0,0,0.9,0.0
