,player_id,web_name,team_code,element_type,now_cost,event,points_md,is_captain,multiplier,starting_lineup,selected_by_percent,gw_points
0,556,Fernández,94,1,45,11,3.864,False,1,1,0.5,3.864
1,23,Gabriel,3,2,50,11,4.367,False,1,1,1.2,4.367
2,59,Dunk,36,2,50,11,4.002,False,1,1,4.7,4.002
3,590,Tomiyasu,3,2,46,11,4.019,False,1,1,3.3,4.019
4,594,Zanka,94,2,45,11,3.966,False,1,1,0.1,3.966
5,64,Trossard,36,3,64,11,4.728,False,1,1,1.3,4.728
6,96,Mbeumo,94,3,56,11,4.928,True,2,1,4.1,9.856
7,230,Mané,14,3,119,11,4.836,False,1,1,3.8,4.836
8,251,De Bruyne,43,3,120,11,4.284,False,1,1,3.7,4.284
9,63,Maupay,36,4,65,11,4.5710000000000015,False,1,1,3.4,4.5710000000000015
10,296,Wilson,4,4,73,11,3.909,False,1,1,1.6,3.909
11,475,Sá,39,1,50,11,3.624,False,0,0,2.6,0.0
12,121,Thiago Silva,8,2,55,11,3.619,False,0,0,3.8,0.0
13,186,Klich,2,3,55,11,3.886,False,0,0,0.6,0.0
14,525,A.Armstrong,20,4,59,11,3.857,False,0,0,2.4,0.0
