,player_id,web_name,team_code,element_type,now_cost,event,points_md,is_captain,multiplier,starting_lineup,selected_by_percent,gw_points
0,559,Ramsdale,3,1,46,11,4.019,False,1,1,7.8,4.019
1,23,Gabriel,3,2,50,11,4.367,False,1,1,1.2,4.367
2,135,Chilwell,8,2,59,11,4.684,False,1,1,17.5,4.684
3,142,James,8,2,57,11,5.6,False,1,1,11.0,5.6
4,64,Trossard,36,3,64,11,4.728,False,1,1,1.3,4.728
5,96,Mbeumo,94,3,56,11,4.928,False,1,1,4.1,4.928
6,141,Havertz,8,3,81,11,5.3889999999999985,False,1,1,7.4,5.3889999999999985
7,230,Mané,14,3,119,11,4.836,False,1,1,3.8,4.836
8,233,Salah,14,3,129,11,6.256,True,2,1,70.8,12.512
9,4,Aubameyang,3,4,100,11,6.086,False,1,1,5.1,6.086
10,78,Toney,94,4,66,11,5.5710000000000015,False,1,1,20.5,5.5710000000000015
11,593,Carson,43,1,39,11,0.0,False,0,0,0.7,0.0
12,246,N.Williams,14,2,39,11,0.0,False,0,0,0.9,0.0
13,410,Reid,21,2,39,11,0.0,False,0,0,1.1,0.0
14,49,Davis,7,4,44,11,0.0,False,0,0,2.0,0.0
