,player_id,web_name,team_code,element_type,now_cost,event,points_md,is_captain,multiplier,starting_lineup,selected_by_percent,gw_points
0,1,Leno,3,1,49,4,3.936,False,1,1,1.8,3.936
1,168,Digne,11,2,54,4,4.489,False,1,1,13.5,4.489
2,275,Shaw,1,2,55,4,5.072,False,1,1,46.1,5.072
3,555,Varane,1,2,55,4,4.642,False,1,1,3.8,4.642
4,233,Salah,14,3,125,4,5.858,False,1,1,53.5,5.858
5,240,Jota,14,3,76,4,4.795,False,1,1,17.1,4.795
6,268,Torres,43,3,71,4,4.642,False,1,1,11.9,4.642
7,399,Sarr,57,3,60,4,4.4430000000000005,False,1,1,4.7,4.4430000000000005
8,78,Toney,94,4,64,4,5.039,False,1,1,19.0,5.039
9,413,Antonio,21,4,79,4,4.848,False,1,1,51.2,4.848
10,579,Ronaldo,1,4,125,4,5.886,True,2,1,19.5,11.772
11,389,Bachmann,57,1,45,4,3.543,False,0,0,2.3,0.0
12,16,Tierney,3,2,49,4,4.327,False,0,0,5.4,0.0
13,67,White,3,2,44,4,3.793,False,0,0,12.3,0.0
14,86,Jensen,94,3,49,4,2.911,False,0,0,0.0,0.0
