,player_id,web_name,team_code,element_type,now_cost,event,points_md,is_captain,multiplier,starting_lineup,selected_by_percent,gw_points
0,31,Martínez,7,1,49,26,3.6660000000000004,False,1,1,4.2,3.6660000000000004
1,92,Pinnock,94,2,44,26,3.3089999999999997,False,1,1,0.2,3.3089999999999997
2,106,Dunk,36,2,47,26,3.759,False,1,1,4.4,3.759
3,586,Estupiñán,36,2,47,26,3.6180000000000003,False,1,1,3.8,3.6180000000000003
4,116,Mac Allister,36,3,54,26,4.333,False,1,1,2.4,4.333
5,465,Bowen,21,3,80,26,3.522,False,1,1,3.3,3.522
6,493,Gibbs-White,17,3,55,26,3.801,False,1,1,0.5,3.801
7,715,Tetê,13,3,55,26,3.6289999999999996,False,1,1,0.2,3.6289999999999996
8,145,Havertz,8,4,76,26,3.839,False,1,1,3.8,3.839
9,394,Johnson,17,4,57,26,3.9730000000000003,False,1,1,2.3,3.9730000000000003
10,690,João Félix,8,4,76,26,4.412,True,2,1,3.8,8.824
11,729,Navas,17,1,45,26,3.614,False,0,0,0.9,0.0
12,39,Mings,7,2,43,26,3.2310000000000003,False,0,0,3.6,0.0
13,85,Henry,94,2,45,26,3.123,False,0,0,1.2,0.0
14,261,Maddison,13,3,81,26,3.4410000000000003,False,0,0,4.7,0.0
