,player_id,web_name,team_code,element_type,now_cost,points_md,is_captain,multiplier,starting_lineup,selected_by_percent,gw_points
0,133,Arrizabalaga,8,1,47,4.3308,False,1,1,8.6,4.3308
1,106,Dunk,36,2,47,4.106400000000001,False,1,1,4.4,4.106400000000001
2,146,James,8,2,58,4.116200000000001,False,1,1,13.2,4.116200000000001
3,357,Trippier,4,2,60,4.0246,False,1,1,63.5,4.0246
4,13,Saka,3,3,84,5.3682,False,1,1,37.3,5.3682
5,116,Mac Allister,36,3,54,5.009600000000001,False,1,1,2.4,5.009600000000001
6,124,Mitoma,36,3,54,5.0962000000000005,False,1,1,11.5,5.0962000000000005
7,283,Salah,14,3,127,5.477200000000001,True,2,1,29.2,10.954400000000001
8,335,Rashford,1,3,73,5.1632,False,1,1,51.1,5.1632
9,40,Watkins,7,4,72,5.2188,False,1,1,5.8,5.2188
10,690,João Félix,8,4,76,4.7534,False,1,1,3.9,4.7534
11,81,Raya,94,1,47,4.3036,False,0,0,10.1,0.0
12,16,Gabriel,3,2,52,3.9898000000000002,False,0,0,13.6,0.0
13,285,Alexander-Arnold,14,2,73,3.8482,False,0,0,20.9,0.0
14,80,Toney,94,4,76,4.280600000000001,False,0,0,26.8,0.0
