,player_id,web_name,team_code,element_type,now_cost,event,points_md,is_captain,multiplier,starting_lineup,selected_by_percent,gw_points
0,257,Ederson,43,1,61,24,4.489,False,1,1,12.1,4.489
1,234,Robertson,14,2,71,24,5.109,False,1,1,4.4,5.109
2,237,Alexander-Arnold,14,2,85,24,5.933,False,1,1,46.9,5.933
3,256,Cancelo,43,2,71,24,5.542999999999998,False,1,1,45.8,5.542999999999998
4,370,Reguilón,6,2,54,24,4.512,False,1,1,17.3,4.512
5,233,Salah,14,3,127,24,6.585,True,2,1,36.2,13.17
6,265,Foden,43,3,80,24,6.07,False,1,1,7.9,6.07
7,416,Lanzini,21,3,58,24,4.303,False,1,1,0.8,4.303
8,420,Bowen,21,3,69,24,5.606,False,1,1,28.9,5.606
9,40,Watkins,7,4,77,24,4.57,False,1,1,13.3,4.57
10,413,Antonio,21,4,79,24,5.0760000000000005,False,1,1,42.3,5.0760000000000005
11,313,McGovern,45,1,39,24,0.0,False,0,0,0.7,0.0
12,208,Amartey,13,2,38,24,1.104,False,0,0,7.8,0.0
13,405,Baah,57,3,43,24,0.0,False,0,0,0.1,0.0
14,533,Richardson,90,4,44,24,0.0,False,0,0,1.4,0.0
