,player_id,web_name,team_code,element_type,now_cost,points_md,is_captain,multiplier,starting_lineup,selected_by_percent,gw_points
0,475,Sá,39,1,52,3.9552222222222215,False,1,1,7.4,3.9552222222222215
1,234,Robertson,14,2,71,3.988888888888889,False,1,1,4.4,3.988888888888889
2,237,Alexander-Arnold,14,2,85,4.5341111111111125,False,1,1,46.9,4.5341111111111125
3,370,Reguilón,6,2,54,3.7399999999999998,False,1,1,17.3,3.7399999999999998
4,22,Saka,3,3,64,3.8609999999999993,False,1,1,15.0,3.8609999999999993
5,196,Raphinha,2,3,66,4.125111111111111,False,1,1,17.3,4.125111111111111
6,233,Salah,14,3,127,5.903333333333332,True,2,1,36.2,11.806666666666665
7,265,Foden,43,3,80,4.284,False,1,1,7.9,4.284
8,420,Bowen,21,3,69,4.030777777777778,False,1,1,28.9,4.030777777777778
9,40,Watkins,7,4,77,4.281,False,1,1,13.3,4.281
10,430,Jiménez,39,4,74,4.245444444444445,False,1,1,4.6,4.245444444444445
11,295,Dubravka,4,1,44,3.5958888888888887,False,0,0,0.6,0.0
12,185,Ayling,2,2,43,2.8481111111111113,False,0,0,2.9,0.0
13,439,Kilman,39,2,45,3.1194444444444445,False,0,0,1.8,0.0
14,329,Idah,45,4,49,2.429555555555556,False,0,0,0.8,0.0
