,player_id,web_name,team_code,element_type,now_cost,event,points_md,is_captain,multiplier,starting_lineup,selected_by_percent,gw_points
0,431,Fabianski,21,1,51,15,3.716,False,1,1,4.7,3.716
1,246,Matip,14,2,54,15,5.1320000000000014,False,1,1,1.7,5.1320000000000014
2,391,Dier,6,2,50,15,3.747,False,1,1,4.8,3.747
3,556,Dias,43,2,57,15,5.19,False,1,1,5.0,5.19
4,150,Sigurdsson,11,3,68,15,4.072,False,1,1,1.1,4.072
5,203,Harrison,2,3,54,15,4.121,False,1,1,2.0,4.121
6,276,Sterling,43,3,114,15,6.948,True,2,1,4.3,13.896
7,570,Raphinha,2,3,54,15,4.08,False,1,1,0.9,4.08
8,249,Firmino,14,4,93,15,5.68,False,1,1,4.2,5.68
9,282,Jesus,43,4,91,15,6.2010000000000005,False,1,1,1.4,6.2010000000000005
10,303,Martial,1,4,87,15,3.986,False,1,1,3.8,3.986
11,516,Areola,54,1,45,15,3.485,False,0,0,1.5,0.0
12,197,Ayling,2,2,45,15,3.707,False,0,0,3.7,0.0
13,490,Thiago Silva,8,2,56,15,3.634,False,0,0,4.1,0.0
14,244,Henderson,14,3,54,15,3.66,False,0,0,1.5,0.0
