,player_id,web_name,team_code,element_type,now_cost,event,points_md,is_captain,multiplier,starting_lineup,selected_by_percent,gw_points
0,238,Meslier,2,1,45,22,5.643,False,1,1,1.8,5.643
1,332,Shaw,1,2,52,22,7.7070000000000025,False,1,1,21.0,7.7070000000000025
2,357,Trippier,4,2,60,22,4.657,False,1,1,68.5,4.657
3,586,Estupiñán,36,2,45,22,4.5889999999999995,False,1,1,1.2,4.5889999999999995
4,104,Groß,36,3,56,22,5.206,False,1,1,11.3,5.206
5,225,Rodrigo,2,3,64,22,6.3599999999999985,False,1,1,8.0,6.3599999999999985
6,283,Salah,14,3,128,22,6.254,False,1,1,27.3,6.254
7,333,Fernandes,1,3,98,22,9.162,True,2,1,5.5,18.324
8,335,Rashford,1,3,71,22,9.099,False,1,1,46.5,9.099
9,318,Haaland,43,4,122,22,5.544,False,1,1,85.1,5.544
10,356,Wilson,4,4,72,22,4.909,False,1,1,4.7,4.909
11,133,Arrizabalaga,8,1,46,22,4.06,False,0,0,7.0,0.0
12,92,Pinnock,94,2,44,22,3.8369999999999997,False,0,0,0.2,0.0
13,106,Dunk,36,2,47,22,4.55,False,0,0,4.9,0.0
14,619,Gnonto,2,4,50,22,4.204,False,0,0,0.8,0.0
