,player_id,web_name,team_code,element_type,now_cost,event,points_md,is_captain,multiplier,starting_lineup,selected_by_percent,gw_points
0,455,Fabianski,21,1,50,9,3.753,False,1,1,1.1,3.753
1,276,Matip,14,2,59,9,4.033,False,1,1,0.9,4.033
2,292,Tsimikas,14,2,45,9,3.846,False,1,1,0.2,3.846
3,409,Walker-Peters,20,2,45,9,3.5,False,1,1,1.5,3.5
4,142,Mount,8,3,76,9,3.76,False,1,1,3.4,3.76
5,233,Harrison,2,3,62,9,3.905,False,1,1,4.8,3.905
6,261,Maddison,13,3,79,9,4.978,True,2,1,4.7,9.956
7,465,Bowen,21,3,81,9,4.8839999999999995,False,1,1,4.1,4.8839999999999995
8,66,Solanke,91,4,57,9,4.425,False,1,1,0.5,4.425
9,227,Bamford,2,4,73,9,4.522,False,1,1,0.4,4.522
10,255,Vardy,13,4,92,9,4.875,False,1,1,2.3,4.875
11,422,Bazunu,20,1,45,9,3.5460000000000003,False,0,0,0.8,0.0
12,249,Evans,13,2,44,9,3.388,False,0,0,0.3,0.0
13,302,Stones,43,2,54,9,3.446,False,0,0,2.2,0.0
14,195,Gordon,11,3,56,9,3.6660000000000004,False,0,0,4.8,0.0
