,player_id,web_name,team_code,element_type,now_cost,event,points_md,is_captain,multiplier,starting_lineup,selected_by_percent,gw_points
0,281,Alisson,14,1,54,9,4.177,False,1,1,14.4,4.177
1,146,James,8,2,60,9,3.9760000000000004,False,1,1,35.4,3.9760000000000004
2,285,Alexander-Arnold,14,2,74,9,5.1739999999999995,False,1,1,37.5,5.1739999999999995
3,292,Tsimikas,14,2,45,9,3.846,False,1,1,0.2,3.846
4,306,Cancelo,43,2,72,9,4.226,False,1,1,51.0,4.226
5,233,Harrison,2,3,62,9,3.905,False,1,1,4.8,3.905
6,261,Maddison,13,3,79,9,4.978,False,1,1,4.7,4.978
7,407,Ward-Prowse,20,3,65,9,4.059,False,1,1,9.4,4.059
8,66,Solanke,91,4,57,9,4.425,False,1,1,0.5,4.425
9,210,Mitrović,54,4,69,9,4.888,False,1,1,30.5,4.888
10,318,Haaland,43,4,120,9,6.23,True,2,1,80.6,12.46
11,81,Raya,94,1,45,9,3.673,False,0,0,6.5,0.0
12,409,Walker-Peters,20,2,45,9,3.5,False,0,0,1.5,0.0
13,160,Zaha,31,3,72,9,4.178,False,0,0,14.5,0.0
14,465,Bowen,21,3,81,9,4.8839999999999995,False,0,0,4.1,0.0
