,player_id,web_name,team_code,element_type,now_cost,event,points_md,is_captain,multiplier,starting_lineup,selected_by_percent,gw_points
0,2,Leno,54,1,45,30,3.6639999999999997,False,1,1,3.2,3.6639999999999997
1,302,Stones,43,2,54,30,3.748,False,1,1,1.6,3.748
2,329,Varane,1,2,48,30,3.793,False,1,1,2.9,3.793
3,694,Álex Moreno,7,2,44,30,3.842,False,1,1,0.5,3.842
4,733,Pedro Porro,6,2,48,30,3.903,False,1,1,0.6,3.903
5,42,Buendía,7,3,57,30,4.553,False,1,1,0.9,4.553
6,264,Barnes,13,3,67,30,3.991,False,1,1,2.3,3.991
7,303,Mahrez,43,3,73,30,4.5680000000000005,False,1,1,4.4,4.5680000000000005
8,305,Grealish,43,3,68,30,4.695,True,2,1,2.4,9.39
9,609,Antony,1,3,73,30,3.9810000000000003,False,1,1,2.8,3.9810000000000003
10,66,Solanke,91,4,55,30,3.542,False,1,1,2.2,3.542
11,238,Meslier,2,1,45,30,3.55,False,0,0,1.9,0.0
12,342,Dalot,1,2,47,30,3.5589999999999997,False,0,0,4.0,0.0
13,394,Johnson,17,4,57,30,3.468,False,0,0,2.1,0.0
14,618,Vinícius,54,4,54,30,3.4589999999999996,False,0,0,0.2,0.0
