,player_id,web_name,team_code,element_type,now_cost,event,points_md,is_captain,multiplier,starting_lineup,selected_by_percent,gw_points
0,307,Ederson,43,1,54,30,4.093,False,1,1,13.2,4.093
1,332,Shaw,1,2,52,30,4.189,False,1,1,23.9,4.189
2,533,Martínez,1,2,45,30,4.147,False,1,1,6.7,4.147
3,733,Pedro Porro,6,2,48,30,3.903,False,1,1,0.6,3.903
4,42,Buendía,7,3,57,30,4.553,False,1,1,0.9,4.553
5,283,Salah,14,3,128,30,4.9510000000000005,False,1,1,27.3,4.9510000000000005
6,301,De Bruyne,43,3,120,30,5.565,False,1,1,24.2,5.565
7,305,Grealish,43,3,68,30,4.695,False,1,1,2.4,4.695
8,335,Rashford,1,3,73,30,5.9239999999999995,True,2,1,52.3,11.847999999999999
9,40,Watkins,7,4,75,30,5.272,False,1,1,16.3,5.272
10,427,Kane,6,4,117,30,5.522,False,1,1,40.1,5.522
11,548,Iversen,13,1,38,30,3.185,False,0,0,3.4,0.0
12,295,N.Williams,17,2,38,30,2.099,False,0,0,14.5,0.0
13,501,Phillips,14,2,38,30,0.0,False,0,0,0.5,0.0
14,237,Greenwood,2,4,40,30,0.858,False,0,0,9.7,0.0
