,player_id,web_name,team_code,element_type,now_cost,event,points_md,is_captain,multiplier,starting_lineup,selected_by_percent,gw_points
0,307,Ederson,43,1,55,13,4.154,False,1,1,13.9,4.154
1,16,Gabriel,3,2,51,13,4.234,False,1,1,10.0,4.234
2,306,Cancelo,43,2,73,13,4.6930000000000005,False,1,1,54.6,4.6930000000000005
3,461,Zouma,21,2,45,13,3.736,False,1,1,1.7,3.736
4,588,Kehrer,21,2,45,13,3.8280000000000003,False,1,1,0.4,3.8280000000000003
5,13,Saka,3,3,79,13,5.138,False,1,1,15.3,5.138
6,160,Zaha,31,3,75,13,4.788,False,1,1,23.2,4.788
7,296,Carvalho,14,3,54,13,4.397,False,1,1,0.5,4.397
8,227,Bamford,2,4,72,13,4.548,False,1,1,0.5,4.548
9,279,Firmino,14,4,81,13,5.292999999999998,False,1,1,9.1,5.292999999999998
10,318,Haaland,43,4,121,13,7.423999999999999,True,2,1,82.6,14.847999999999997
11,455,Fabianski,21,1,50,13,3.98,False,0,0,1.5,0.0
12,285,Alexander-Arnold,14,2,72,13,4.812,False,0,0,20.1,0.0
13,19,Martinelli,3,3,67,13,4.7010000000000005,False,0,0,47.5,0.0
14,233,Harrison,2,3,60,13,4.026,False,0,0,3.1,0.0
