,player_id,web_name,team_code,element_type,now_cost,event,points_md,is_captain,multiplier,starting_lineup,selected_by_percent,gw_points
0,475,Sá,39,1,53,30,3.779,False,1,1,12.6,3.779
1,23,Gabriel,3,2,53,30,3.338,False,1,1,7.7,3.338
2,429,Coady,39,2,48,30,3.4160000000000004,False,1,1,16.8,3.4160000000000004
3,431,Saïss,39,2,50,30,3.408,False,1,1,5.1,3.408
4,22,Saka,3,3,66,30,4.524,False,1,1,30.6,4.524
5,212,Maddison,13,3,67,30,4.353,False,1,1,8.3,4.353
6,359,Son,6,3,109,30,5.1080000000000005,False,1,1,24.2,5.1080000000000005
7,681,Coutinho,7,3,75,30,3.9330000000000003,False,1,1,24.7,3.9330000000000003
8,6,Lacazette,3,4,84,30,4.398,False,1,1,8.7,4.398
9,78,Toney,94,4,66,30,4.183,False,1,1,12.5,4.183
10,357,Kane,6,4,124,30,5.272,True,2,1,22.0,10.544
11,80,Raya,94,1,43,30,3.353,False,0,0,3.8,0.0
12,219,Thomas,13,2,43,30,3.5589999999999997,False,0,0,1.0,0.0
13,370,Reguilón,6,2,52,30,3.8139999999999996,False,0,0,11.8,0.0
14,215,Barnes,13,3,65,30,4.393,False,0,0,3.3,0.0
