,player_id,web_name,team_code,element_type,now_cost,event,points_md,is_captain,multiplier,starting_lineup,selected_by_percent,gw_points
0,307,Ederson,43,1,54,23,7.762,False,1,1,13.7,7.762
1,276,Matip,14,2,59,23,4.67,False,1,1,0.8,4.67
2,285,Alexander-Arnold,14,2,73,23,5.4179999999999975,False,1,1,16.6,5.4179999999999975
3,357,Trippier,4,2,61,23,4.433,False,1,1,69.5,4.433
4,7,Ødegaard,3,3,69,23,8.575,False,1,1,34.5,8.575
5,13,Saka,3,3,82,23,9.563,False,1,1,25.9,9.563
6,301,De Bruyne,43,3,124,23,9.384,False,1,1,35.4,9.384
7,346,Andreas,54,3,44,23,3.929,False,1,1,19.1,3.929
8,11,Nketiah,3,4,67,23,9.123,False,1,1,8.6,9.123
9,297,Darwin,14,4,87,23,5.875,False,1,1,7.9,5.875
10,318,Haaland,43,4,122,23,11.481,True,2,1,85.4,22.962
11,426,Forster,6,1,39,23,0.009000000000000001,False,0,0,3.6,0.0
12,343,B.Williams,1,2,38,23,0.077,False,0,0,3.0,0.0
13,362,Dummett,4,2,39,23,0.053,False,0,0,0.3,0.0
14,381,Colback,17,3,41,23,1.314,False,0,0,0.7,0.0
