,player_id,web_name,team_code,element_type,now_cost,event,points_md,is_captain,multiplier,starting_lineup,selected_by_percent,gw_points
0,281,Alisson,14,1,54,23,4.444,False,1,1,13.7,4.444
1,284,Robertson,14,2,68,23,4.967,False,1,1,5.5,4.967
2,285,Alexander-Arnold,14,2,73,23,5.438,False,1,1,16.7,5.438
3,357,Trippier,4,2,61,23,4.7330000000000005,False,1,1,69.4,4.7330000000000005
4,377,Botman,4,2,45,23,3.9739999999999998,False,1,1,6.3,3.9739999999999998
5,7,Ødegaard,3,3,69,23,8.822000000000003,False,1,1,34.4,8.822000000000003
6,13,Saka,3,3,82,23,9.832,False,1,1,25.6,9.832
7,124,Mitoma,36,3,52,23,4.239,False,1,1,8.7,4.239
8,315,Rodri,43,3,56,23,6.31,False,1,1,1.6,6.31
9,335,Rashford,1,3,72,23,4.935,False,1,1,51.8,4.935
10,318,Haaland,43,4,122,23,11.728,True,2,1,85.4,23.456
11,307,Ederson,43,1,54,23,7.852,False,0,0,13.7,0.0
12,366,Schär,4,2,52,23,4.22,False,0,0,17.0,0.0
13,11,Nketiah,3,4,67,23,9.156,False,0,0,8.4,0.0
14,210,Mitrović,54,4,70,23,5.055,False,0,0,27.1,0.0
