,player_id,web_name,team_code,element_type,now_cost,event,points_md,is_captain,multiplier,starting_lineup,selected_by_percent,gw_points
0,2,Leno,54,1,45,23,3.88,False,1,1,2.3,3.88
1,284,Robertson,14,2,68,23,4.93,False,1,1,5.4,4.93
2,285,Alexander-Arnold,14,2,73,23,5.4179999999999975,False,1,1,16.6,5.4179999999999975
3,358,Burn,4,2,46,23,3.948,False,1,1,4.1,3.948
4,366,Schär,4,2,52,23,4.05,False,1,1,17.1,4.05
5,7,Ødegaard,3,3,69,23,8.575,False,1,1,34.5,8.575
6,13,Saka,3,3,82,23,9.563,False,1,1,25.9,9.563
7,335,Rashford,1,3,72,23,4.896,False,1,1,52.0,4.896
8,11,Nketiah,3,4,67,23,9.123,False,1,1,8.6,9.123
9,210,Mitrović,54,4,70,23,4.898,False,1,1,27.1,4.898
10,318,Haaland,43,4,122,23,11.481,True,2,1,85.4,22.962
11,307,Ederson,43,1,54,23,7.762,False,0,0,13.7,0.0
12,276,Matip,14,2,59,23,4.67,False,0,0,0.8,0.0
13,303,Mahrez,43,3,77,23,7.425000000000002,False,0,0,8.5,0.0
14,346,Andreas,54,3,44,23,3.929,False,0,0,19.1,0.0
