,player_id,web_name,team_code,element_type,now_cost,event,points_md,is_captain,multiplier,starting_lineup,selected_by_percent,gw_points
0,307,Ederson,43,1,55,5,4.5280000000000005,False,1,1,18.1,4.5280000000000005
1,16,Gabriel,3,2,50,5,4.54,False,1,1,8.7,4.54
2,146,James,8,2,61,5,4.67,False,1,1,44.2,4.67
3,165,Andersen,31,2,45,5,3.57,False,1,1,2.3,3.57
4,285,Alexander-Arnold,14,2,75,5,5.638999999999999,False,1,1,48.3,5.638999999999999
5,13,Saka,3,3,79,5,5.329,False,1,1,13.1,5.329
6,104,Groß,36,3,58,5,4.43,False,1,1,13.3,4.43
7,225,Rodrigo,2,3,65,5,5.71,False,1,1,28.9,5.71
8,210,Mitrović,54,4,67,5,4.434,False,1,1,18.6,4.434
9,279,Firmino,14,4,80,5,5.239,False,1,1,2.5,5.239
10,318,Haaland,43,4,118,5,6.934,True,2,1,65.9,13.868
11,113,Sánchez,36,1,46,5,3.734,False,0,0,15.6,0.0
12,302,Stones,43,2,54,5,4.41,False,0,0,2.0,0.0
13,19,Martinelli,3,3,64,5,4.664,False,0,0,40.9,0.0
14,293,Luis Díaz,14,3,81,5,5.7360000000000015,False,0,0,25.5,0.0
