,player_id,web_name,team_code,element_type,now_cost,event,points_md,is_captain,multiplier,starting_lineup,selected_by_percent,gw_points
0,307,Ederson,43,1,55,4,4.32,False,1,1,18.9,4.32
1,16,Gabriel,3,2,50,4,4.699,False,1,1,8.1,4.699
2,146,James,8,2,61,4,5.079,False,1,1,44.4,5.079
3,285,Alexander-Arnold,14,2,75,4,6.153,False,1,1,51.6,6.153
4,308,Aké,43,2,50,4,4.415,False,1,1,2.4,4.415
5,13,Saka,3,3,80,4,5.595,False,1,1,17.5,5.595
6,19,Martinelli,3,3,63,4,5.037,False,1,1,40.6,5.037
7,283,Salah,14,3,130,4,8.033999999999999,True,2,1,60.7,16.067999999999998
8,293,Luis Díaz,14,3,80,4,6.1339999999999995,False,1,1,22.0,6.1339999999999995
9,80,Toney,94,4,71,4,5.047,False,1,1,13.9,5.047
10,427,Kane,6,4,114,4,6.021,False,1,1,17.3,6.021
11,176,Begović,11,1,40,4,0.0,False,0,0,0.6,0.0
12,537,Kesler Hayden,7,2,40,4,0.0,False,0,0,0.1,0.0
13,485,Cundle,39,3,45,4,0.121,False,0,0,0.4,0.0
14,591,Ablade,54,4,45,4,0.0,False,0,0,0.0,0.0
