,player_id,web_name,team_code,element_type,now_cost,event,points_md,is_captain,multiplier,starting_lineup,selected_by_percent,gw_points
0,425,Lloris,6,1,55,4,3.832,False,1,1,4.4,3.832
1,308,Aké,43,2,50,4,4.415,False,1,1,2.4,4.415
2,430,Dier,6,2,50,4,3.8080000000000003,False,1,1,4.7,3.8080000000000003
3,526,Mee,94,2,46,4,3.92,False,1,1,3.8,3.92
4,111,Trossard,36,3,65,4,3.7760000000000002,False,1,1,2.1,3.7760000000000002
5,303,Mahrez,43,3,79,4,3.78,False,1,1,3.7,3.78
6,340,Sancho,1,3,73,4,3.7430000000000003,False,1,1,4.7,3.7430000000000003
7,579,Guedes,39,3,60,4,3.798,False,1,1,0.2,3.798
8,40,Watkins,7,4,74,4,4.105,False,1,1,3.8,4.105
9,103,Welbeck,36,4,65,4,4.167,False,1,1,1.4,4.167
10,279,Firmino,14,4,80,4,4.578,True,2,1,1.3,9.156
11,478,Sá,39,1,50,4,3.565,False,0,0,4.3,0.0
12,106,Dunk,36,2,45,4,3.7030000000000003,False,0,0,2.6,0.0
13,435,Sánchez,6,2,44,4,3.533,False,0,0,0.7,0.0
14,333,Fernandes,1,3,98,4,3.57,False,0,0,1.9,0.0
