,player_id,web_name,team_code,element_type,now_cost,event,points_md,is_captain,multiplier,starting_lineup,selected_by_percent,gw_points
0,81,Raya,94,1,45,4,3.827,False,1,1,6.2,3.827
1,16,Gabriel,3,2,50,4,4.699,False,1,1,8.1,4.699
2,146,James,8,2,61,4,5.079,False,1,1,44.4,5.079
3,285,Alexander-Arnold,14,2,75,4,6.153,False,1,1,51.6,6.153
4,308,Aké,43,2,50,4,4.415,False,1,1,2.4,4.415
5,13,Saka,3,3,80,4,5.595,False,1,1,17.5,5.595
6,19,Martinelli,3,3,63,4,5.037,False,1,1,40.6,5.037
7,283,Salah,14,3,130,4,8.033999999999999,True,2,1,60.7,16.067999999999998
8,293,Luis Díaz,14,3,80,4,6.1339999999999995,False,1,1,22.0,6.1339999999999995
9,80,Toney,94,4,71,4,5.047,False,1,1,13.9,5.047
10,318,Haaland,43,4,117,4,6.382999999999999,False,1,1,60.9,6.382999999999999
11,254,Ward,13,1,40,4,2.984,False,0,0,27.6,0.0
12,295,N.Williams,17,2,40,4,2.424,False,0,0,29.1,0.0
13,83,Dasilva,94,3,46,4,2.713,False,0,0,11.5,0.0
14,177,Rondón,11,4,50,4,2.9,False,0,0,0.5,0.0
