,player_id,web_name,team_code,element_type,now_cost,event,points_md,is_captain,multiplier,starting_lineup,selected_by_percent,gw_points
0,425,Lloris,6,1,55,4,3.923,False,1,1,4.4,3.923
1,106,Dunk,36,2,45,4,3.722,False,1,1,2.6,3.722
2,308,Aké,43,2,50,4,4.284,False,1,1,2.4,4.284
3,430,Dier,6,2,50,4,3.929,False,1,1,4.7,3.929
4,526,Mee,94,2,46,4,3.827,False,1,1,3.8,3.827
5,111,Trossard,36,3,65,4,3.693,False,1,1,2.1,3.693
6,340,Sancho,1,3,73,4,3.75,False,1,1,4.7,3.75
7,579,Guedes,39,3,60,4,3.812,False,1,1,0.2,3.812
8,103,Welbeck,36,4,65,4,4.189,False,1,1,1.4,4.189
9,279,Firmino,14,4,80,4,4.371,True,2,1,1.3,8.742
10,326,Ronaldo,1,4,104,4,4.163,False,1,1,3.8,4.163
11,478,Sá,39,1,50,4,3.627,False,0,0,4.3,0.0
12,432,Davies,6,2,50,4,3.5460000000000003,False,0,0,0.9,0.0
13,303,Mahrez,43,3,79,4,3.6919999999999997,False,0,0,3.7,0.0
14,333,Fernandes,1,3,98,4,3.657,False,0,0,1.9,0.0
