,player_id,web_name,team_code,element_type,now_cost,event,points_md,is_captain,multiplier,starting_lineup,selected_by_percent,gw_points
0,170,Pickford,11,1,49,31,6.693,False,1,1,4.4,6.693
1,59,Dunk,36,2,48,31,4.448,False,1,1,2.1,4.448
2,71,Lamptey,36,2,45,31,4.186,False,1,1,2.2,4.186
3,224,Matip,14,2,49,31,5.246,False,1,1,4.1,5.246
4,414,Dawson,21,2,49,31,4.298,False,1,1,1.2,4.298
5,118,McNeil,90,3,56,31,5.627999999999999,False,1,1,0.3,5.627999999999999
6,173,Doucouré,11,3,53,31,5.3729999999999976,False,1,1,1.2,5.3729999999999976
7,230,Mané,14,3,117,31,6.522,False,1,1,3.6,6.522
8,503,Gordon,11,3,45,31,5.5150000000000015,False,1,1,2.4,5.5150000000000015
9,575,Lennon,90,3,48,31,5.5,False,1,1,0.1,5.5
10,700,Weghorst,90,4,64,31,7.625,True,2,1,4.7,15.25
11,408,Fabianski,21,1,50,31,3.878,False,0,0,2.7,0.0
12,584,Cucurella,36,2,50,31,4.163,False,0,0,2.7,0.0
13,109,Wood,4,4,67,31,3.304,False,0,0,2.4,0.0
14,583,Hwang,39,4,54,31,3.4819999999999998,False,0,0,4.6,0.0
