,player_id,web_name,team_code,element_type,now_cost,event,points_md,is_captain,multiplier,starting_lineup,selected_by_percent,gw_points
0,112,Pope,90,1,54,31,6.843,False,1,1,3.2,6.843
1,165,Coleman,11,2,49,31,5.0310000000000015,False,1,1,0.7,5.0310000000000015
2,234,Robertson,14,2,72,31,6.195,False,1,1,9.3,6.195
3,585,Roberts,90,2,44,31,5.061,False,1,1,0.4,5.061
4,138,Mount,8,3,75,31,5.683,False,1,1,13.9,5.683
5,230,Mané,14,3,117,31,6.481,False,1,1,3.6,6.481
6,233,Salah,14,3,133,31,8.835,True,2,1,60.3,17.67
7,359,Son,6,3,109,31,5.72,False,1,1,24.3,5.72
8,503,Gordon,11,3,45,31,5.593,False,1,1,2.4,5.593
9,180,Richarlison,11,4,75,31,6.412999999999999,False,1,1,5.2,6.412999999999999
10,700,Weghorst,90,4,64,31,7.733,False,1,1,4.7,7.733
11,444,Söndergaard,39,1,39,31,0.0,False,0,0,1.0,0.0
12,68,Bernardo,36,2,40,31,0.0,False,0,0,0.0,0.0
13,410,Reid,21,2,39,31,0.0,False,0,0,0.8,0.0
14,595,Locadia,36,4,44,31,0.0,False,0,0,1.0,0.0
