,player_id,web_name,team_code,element_type,now_cost,points_md,is_captain,multiplier,starting_lineup,selected_by_percent,gw_points
0,270,de Gea,1,1,52,3.924888888888889,False,1,1,11.1,3.924888888888889
1,234,Robertson,14,2,70,4.3,False,1,1,2.2,4.3
2,237,Alexander-Arnold,14,2,83,5.238666666666667,False,1,1,44.4,5.238666666666667
3,262,Dias,43,2,63,3.825222222222223,False,1,1,28.4,3.825222222222223
4,196,Raphinha,2,3,65,3.866555555555556,False,1,1,15.3,3.866555555555556
5,240,Jota,14,3,82,4.8391111111111105,False,1,1,31.5,4.8391111111111105
6,265,Foden,43,3,81,4.473222222222223,False,1,1,8.7,4.473222222222223
7,420,Bowen,21,3,67,3.9366666666666665,False,1,1,20.7,3.9366666666666665
8,78,Toney,94,4,66,3.9368888888888893,False,1,1,12.7,3.9368888888888893
9,430,Jiménez,39,4,74,4.217111111111112,False,1,1,4.6,4.217111111111112
10,579,Ronaldo,1,4,125,5.459444444444445,True,2,1,30.4,10.91888888888889
11,295,Dubravka,4,1,44,3.4753333333333334,False,0,0,0.5,0.0
12,425,Johnson,21,2,40,2.3116666666666665,False,0,0,3.9,0.0
13,439,Kilman,39,2,45,3.1367777777777777,False,0,0,0.8,0.0
14,115,Brownhill,90,3,43,2.193222222222222,False,0,0,2.5,0.0
