,player_id,web_name,team_code,element_type,now_cost,event,points_md,is_captain,multiplier,starting_lineup,selected_by_percent,gw_points
0,200,Schmeichel,13,1,49,33,7.0420000000000025,False,1,1,14.0,7.0420000000000025
1,23,Gabriel,3,2,54,33,6.142,False,1,1,8.6,6.142
2,39,Targett,4,2,47,33,6.6370000000000005,False,1,1,2.8,6.6370000000000005
3,279,Telles,1,2,50,33,6.382999999999999,False,1,1,0.9,6.382999999999999
4,305,Schär,4,2,44,33,6.8569999999999975,False,1,1,3.6,6.8569999999999975
5,22,Saka,3,3,68,33,8.329,False,1,1,32.8,8.329
6,210,Tielemans,13,3,64,33,6.908,False,1,1,3.6,6.908
7,212,Maddison,13,3,70,33,8.426,False,1,1,14.2,8.426
8,341,Ward-Prowse,20,3,64,33,7.069000000000001,False,1,1,6.2,7.069000000000001
9,6,Lacazette,3,4,84,33,7.358,False,1,1,8.2,7.358
10,579,Ronaldo,1,4,122,33,9.356,True,2,1,18.8,18.712
11,112,Pope,90,1,54,33,6.862,False,0,0,4.1,0.0
12,58,Burn,4,2,44,33,6.5920000000000005,False,0,0,0.9,0.0
13,277,Fernandes,1,3,116,33,8.67,False,0,0,15.6,0.0
14,345,Adams,20,4,68,33,7.2479999999999976,False,0,0,5.1,0.0
