,player_id,web_name,team_code,element_type,now_cost,event,points_md,is_captain,multiplier,starting_lineup,selected_by_percent,gw_points
0,548,Mendy,8,1,52,31,4.3580000000000005,False,1,1,9.6,4.3580000000000005
1,88,Mee,90,2,49,31,3.826,False,1,1,3.1,3.826
2,104,Alonso,8,2,57,31,4.037,False,1,1,2.9,4.037
3,572,Adarabioyo,54,2,45,31,3.718,False,1,1,0.8,3.718
4,254,Salah,14,3,124,31,5.997000000000001,True,2,1,29.9,11.994000000000002
5,275,Mahrez,43,3,82,31,4.993,False,1,1,7.6,4.993
6,468,Jota,14,3,69,31,4.9060000000000015,False,1,1,11.9,4.9060000000000015
7,481,Pereira,35,3,53,31,3.96,False,1,1,2.0,3.96
8,91,Wood,90,4,62,31,4.502,False,1,1,1.4,4.502
9,93,Vydra,90,4,48,31,3.759,False,1,1,1.1,3.759
10,268,Agüero,43,4,103,31,5.222,False,1,1,1.3,5.222
11,8,Leno,3,1,50,31,4.221,False,0,0,6.8,0.0
12,109,Rüdiger,8,2,47,31,3.989,False,0,0,5.6,0.0
13,571,Andersen,54,2,45,31,3.605,False,0,0,0.5,0.0
14,276,Sterling,43,3,113,31,5.7189999999999985,False,0,0,5.8,0.0
