,player_id,web_name,team_code,element_type,now_cost,event,points_md,is_captain,multiplier,starting_lineup,selected_by_percent,gw_points
0,307,Ederson,43,1,54,17,4.1110000000000015,False,1,1,13.7,4.1110000000000015
1,16,Gabriel,3,2,52,17,4.47,False,1,1,13.8,4.47
2,112,Cucurella,8,2,51,17,4.848,False,1,1,7.5,4.848
3,332,Shaw,1,2,48,17,4.253,False,1,1,2.2,4.253
4,533,Martínez,1,2,45,17,4.206,False,1,1,7.4,4.206
5,13,Saka,3,3,80,17,5.359,False,1,1,17.3,5.359
6,160,Zaha,31,3,75,17,5.53,False,1,1,18.7,5.53
7,283,Salah,14,3,128,17,6.154,False,1,1,32.5,6.154
8,318,Haaland,43,4,122,17,6.605,True,2,1,82.9,13.21
9,345,Martial,1,4,67,17,4.897,False,1,1,2.1,4.897
10,427,Kane,6,4,116,17,5.606,False,1,1,27.3,5.606
11,324,Ortega,43,1,38,17,0.0,False,0,0,0.9,0.0
12,489,Toti,39,2,39,17,0.218,False,0,0,1.5,0.0
13,4,Elneny,3,3,42,17,0.156,False,0,0,0.8,0.0
14,173,Ebiowei,31,3,42,17,0.326,False,0,0,0.4,0.0
