,player_id,web_name,team_code,element_type,now_cost,event,points_md,is_captain,multiplier,starting_lineup,selected_by_percent,gw_points
0,152,Guaita,31,1,45,17,3.7710000000000004,False,1,1,3.2,3.7710000000000004
1,165,Andersen,31,2,45,17,3.5669999999999997,False,1,1,2.9,3.5669999999999997
2,199,Tarkowski,11,2,44,17,3.389,False,1,1,1.5,3.389
3,332,Shaw,1,2,48,17,4.379,False,1,1,2.2,4.379
4,264,Barnes,13,3,69,17,3.866,False,1,1,1.9,3.866
5,304,Sterling,8,3,97,17,4.1930000000000005,False,1,1,4.4,4.1930000000000005
6,333,Fernandes,1,3,98,17,4.8,False,1,1,2.3,4.8
7,368,Saint-Maximin,4,3,62,17,3.742,False,1,1,3.5,3.742
8,11,Nketiah,3,4,65,17,4.4060000000000015,False,1,1,0.5,4.4060000000000015
9,345,Martial,1,4,67,17,5.084,True,2,1,2.1,10.168
10,617,Aubameyang,8,4,87,17,4.343999999999999,False,1,1,1.0,4.343999999999999
11,425,Lloris,6,1,55,17,3.576,False,0,0,5.0,0.0
12,108,Webster,36,2,45,17,3.154,False,0,0,0.9,0.0
13,443,Romero,6,2,49,17,3.173,False,0,0,1.3,0.0
14,169,Eze,31,3,57,17,3.667,False,0,0,4.1,0.0
