,player_id,web_name,team_code,element_type,now_cost,event,points_md,is_captain,multiplier,starting_lineup,selected_by_percent,gw_points
0,238,Meslier,2,1,45,15,3.681,False,1,1,2.4,3.681
1,457,Cresswell,21,2,48,15,3.551,False,1,1,2.6,3.551
2,461,Zouma,21,2,45,15,3.563,False,1,1,2.0,3.563
3,526,Mee,94,2,46,15,3.67,False,1,1,4.7,3.67
4,89,Wissa,94,3,54,15,3.937,False,1,1,0.2,3.937
5,233,Harrison,2,3,59,15,4.001,False,1,1,2.5,4.001
6,305,Grealish,43,3,68,15,3.827,False,1,1,1.1,3.827
7,465,Bowen,21,3,81,15,4.613,True,2,1,3.5,9.226
8,95,Mbeumo,94,4,58,15,4.114,False,1,1,1.7,4.114
9,191,Calvert-Lewin,11,4,79,15,4.435,False,1,1,0.8,4.435
10,227,Bamford,2,4,72,15,4.0489999999999995,False,1,1,0.5,4.0489999999999995
11,422,Bazunu,20,1,45,15,3.2289999999999996,False,0,0,0.7,0.0
12,309,Laporte,43,2,58,15,3.407,False,0,0,0.4,0.0
13,358,Burn,4,2,45,15,3.218,False,0,0,1.8,0.0
14,303,Mahrez,43,3,75,15,3.765,False,0,0,1.4,0.0
