,player_id,web_name,team_code,element_type,now_cost,event,points_md,is_captain,multiplier,starting_lineup,selected_by_percent,gw_points
0,238,Meslier,2,1,45,15,3.7319999999999998,False,1,1,2.5,3.7319999999999998
1,306,Cancelo,43,2,74,15,4.459,False,1,1,56.7,4.459
2,357,Trippier,4,2,59,15,3.832,False,1,1,62.5,3.832
3,526,Mee,94,2,46,15,3.727,False,1,1,4.8,3.727
4,111,Trossard,36,3,69,15,4.707,False,1,1,22.8,4.707
5,225,Rodrigo,2,3,63,15,4.199,False,1,1,5.8,4.199
6,301,De Bruyne,43,3,125,15,6.532,True,2,1,34.6,13.064
7,465,Bowen,21,3,81,15,4.607,False,1,1,3.5,4.607
8,95,Mbeumo,94,4,58,15,4.106,False,1,1,1.7,4.106
9,318,Haaland,43,4,121,15,6.528,False,1,1,80.3,6.528
10,356,Wilson,4,4,75,15,4.855,False,1,1,10.9,4.855
11,254,Ward,13,1,41,15,3.383,False,0,0,26.2,0.0
12,221,Cooper,2,2,44,15,3.343,False,0,0,0.1,0.0
13,461,Zouma,21,2,45,15,3.637,False,0,0,2.0,0.0
14,89,Wissa,94,3,54,15,3.918,False,0,0,0.2,0.0
