,player_id,web_name,team_code,element_type,now_cost,event,points_md,is_captain,multiplier,starting_lineup,selected_by_percent,gw_points
0,238,Meslier,2,1,45,15,3.7319999999999998,False,1,1,2.5,3.7319999999999998
1,309,Laporte,43,2,58,15,3.952,False,1,1,0.4,3.952
2,461,Zouma,21,2,45,15,3.637,False,1,1,2.0,3.637
3,526,Mee,94,2,46,15,3.727,False,1,1,4.8,3.727
4,89,Wissa,94,3,54,15,3.918,False,1,1,0.2,3.918
5,233,Harrison,2,3,59,15,4.0360000000000005,False,1,1,2.5,4.0360000000000005
6,465,Bowen,21,3,81,15,4.607,True,2,1,3.5,9.214
7,481,Hwang,39,3,57,15,3.98,False,1,1,0.2,3.98
8,191,Calvert-Lewin,11,4,79,15,4.3069999999999995,False,1,1,0.8,4.3069999999999995
9,227,Bamford,2,4,72,15,4.181,False,1,1,0.5,4.181
10,617,Aubameyang,8,4,88,15,4.19,False,1,1,1.3,4.19
11,422,Bazunu,20,1,45,15,3.263,False,0,0,0.7,0.0
12,302,Stones,43,2,54,15,3.447,False,0,0,1.4,0.0
13,457,Cresswell,21,2,48,15,3.5839999999999996,False,0,0,2.6,0.0
14,195,Gordon,11,3,54,15,3.7460000000000004,False,0,0,2.1,0.0
