,player_id,web_name,team_code,element_type,now_cost,event,points_md,is_captain,multiplier,starting_lineup,selected_by_percent,gw_points
0,307,Ederson,43,1,54,15,4.4030000000000005,False,1,1,13.9,4.4030000000000005
1,357,Trippier,4,2,59,15,3.832,False,1,1,62.5,3.832
2,461,Zouma,21,2,45,15,3.637,False,1,1,2.0,3.637
3,526,Mee,94,2,46,15,3.727,False,1,1,4.8,3.727
4,111,Trossard,36,3,69,15,4.707,False,1,1,22.8,4.707
5,225,Rodrigo,2,3,63,15,4.199,False,1,1,5.8,4.199
6,283,Salah,14,3,128,15,5.1979999999999995,False,1,1,30.8,5.1979999999999995
7,301,De Bruyne,43,3,125,15,6.532,True,2,1,34.6,13.064
8,369,Almirón,4,3,56,15,4.146,False,1,1,25.2,4.146
9,318,Haaland,43,4,121,15,6.528,False,1,1,80.3,6.528
10,356,Wilson,4,4,75,15,4.855,False,1,1,10.9,4.855
11,102,Steele,36,1,39,15,0.0,False,0,0,0.7,0.0
12,250,Bertrand,13,2,39,15,0.0,False,0,0,0.0,0.0
13,501,Phillips,14,2,39,15,0.026000000000000002,False,0,0,0.4,0.0
14,237,Greenwood,2,4,42,15,0.526,False,0,0,9.5,0.0
