,player_id,web_name,team_code,element_type,now_cost,event,points_md,is_captain,multiplier,starting_lineup,selected_by_percent,gw_points
0,146,Guaita,31,1,46,24,3.668,False,1,1,7.0,3.668
1,224,Matip,14,2,49,24,4.206,False,1,1,2.4,4.206
2,256,Cancelo,43,2,71,24,5.537000000000001,False,1,1,45.7,5.537000000000001
3,259,Laporte,43,2,57,24,4.761,False,1,1,7.9,4.761
4,367,Sánchez,6,2,46,24,4.1610000000000005,False,1,1,3.2,4.1610000000000005
5,233,Salah,14,3,127,24,6.546,True,2,1,36.2,13.092
6,265,Foden,43,3,80,24,5.824,False,1,1,7.9,5.824
7,416,Lanzini,21,3,58,24,4.431,False,1,1,0.8,4.431
8,420,Bowen,21,3,68,24,5.579,False,1,1,28.7,5.579
9,109,Wood,4,4,67,24,4.322,False,1,1,1.5,4.322
10,315,Pukki,45,4,58,24,4.07,False,1,1,4.4,4.07
11,295,Dubravka,4,1,44,24,3.687,False,0,0,0.6,0.0
12,237,Alexander-Arnold,14,2,85,24,5.896,False,0,0,46.9,0.0
13,144,Gallagher,31,3,61,24,4.313,False,0,0,18.2,0.0
14,413,Antonio,21,4,79,24,5.166,False,0,0,42.3,0.0
