,player_id,web_name,team_code,element_type,now_cost,event,points_md,is_captain,multiplier,starting_lineup,selected_by_percent,gw_points
0,295,Dubravka,4,1,44,24,3.687,False,1,1,0.6,3.687
1,224,Matip,14,2,49,24,4.206,False,1,1,2.4,4.206
2,234,Robertson,14,2,71,24,5.0360000000000005,True,2,1,4.3,10.072000000000001
3,367,Sánchez,6,2,46,24,4.1610000000000005,False,1,1,3.2,4.1610000000000005
4,414,Dawson,21,2,49,24,4.061,False,1,1,0.9,4.061
5,230,Mané,14,3,117,24,4.287,False,1,1,2.2,4.287
6,255,Sterling,43,3,108,24,4.3580000000000005,False,1,1,3.8,4.3580000000000005
7,416,Lanzini,21,3,58,24,4.431,False,1,1,0.8,4.431
8,6,Lacazette,3,4,84,24,4.106,False,1,1,4.5,4.106
9,109,Wood,4,4,67,24,4.322,False,1,1,1.5,4.322
10,177,Calvert-Lewin,11,4,79,24,4.176,False,1,1,4.8,4.176
11,170,Pickford,11,1,49,24,3.44,False,0,0,4.7,0.0
12,279,Telles,1,2,50,24,4.053,False,0,0,1.1,0.0
13,266,Rodrigo,43,3,55,24,3.669,False,0,0,1.0,0.0
14,422,Soucek,21,3,57,24,3.716,False,0,0,3.8,0.0
