,player_id,web_name,team_code,element_type,now_cost,event,points_md,is_captain,multiplier,starting_lineup,selected_by_percent,gw_points
0,254,Ward,13,1,40,3,3.707,False,1,1,27.1,3.707
1,16,Gabriel,3,2,50,3,3.911,False,1,1,8.1,3.911
2,146,James,8,2,60,3,4.738,False,1,1,41.9,4.738
3,194,Mykolenko,11,2,45,3,4.168,False,1,1,0.3,4.168
4,430,Dier,6,2,50,3,4.12,False,1,1,4.5,4.12
5,443,Romero,6,2,50,3,3.918,False,1,1,2.6,3.918
6,195,Gordon,11,3,55,3,4.5089999999999995,False,1,1,1.6,4.5089999999999995
7,261,Maddison,13,3,80,3,5.608,False,1,1,5.3,5.608
8,283,Salah,14,3,130,3,6.475,True,2,1,61.8,12.95
9,28,Jesus,3,4,80,3,4.8580000000000005,False,1,1,77.1,4.8580000000000005
10,210,Mitrović,54,4,66,3,4.864,False,1,1,15.9,4.864
11,307,Ederson,43,1,55,3,3.9610000000000003,False,0,0,18.4,0.0
12,160,Zaha,31,3,70,3,4.859,False,0,0,7.5,0.0
13,189,Gray,11,3,55,3,4.132,False,0,0,0.9,0.0
14,427,Kane,6,4,114,3,6.202999999999999,False,0,0,17.2,0.0
