,player_id,web_name,team_code,element_type,now_cost,event,points_md,is_captain,multiplier,starting_lineup,selected_by_percent,gw_points
0,199,Meslier,2,1,48,23,3.967,False,1,1,2.2,3.967
1,44,Cash,7,2,51,23,4.2410000000000005,True,2,1,4.5,8.482000000000001
2,45,Konsa,7,2,49,23,3.895,False,1,1,1.4,3.895
3,185,Ayling,2,2,43,23,3.852,False,1,1,2.9,3.852
4,234,Robertson,14,2,70,23,4.044,False,1,1,3.5,4.044
5,35,McGinn,7,3,58,23,3.754,False,1,1,1.2,3.754
6,255,Sterling,43,3,107,23,3.71,False,1,1,3.8,3.71
7,267,Harrison,2,3,55,23,4.202999999999999,False,1,1,1.7,4.202999999999999
8,177,Calvert-Lewin,11,4,79,23,4.097,False,1,1,5.0,4.097
9,228,Firmino,14,4,87,23,3.883,False,1,1,3.2,3.883
10,430,Jiménez,39,4,74,23,4.07,False,1,1,4.8,4.07
11,170,Pickford,11,1,49,23,3.213,False,0,0,4.7,0.0
12,121,Thiago Silva,8,2,56,23,3.459,False,0,0,4.9,0.0
13,96,Mbeumo,94,3,53,23,3.49,False,0,0,1.2,0.0
14,250,Gündogan,43,3,73,23,3.518,False,0,0,3.5,0.0
