,player_id,web_name,team_code,element_type,now_cost,event,points_md,is_captain,multiplier,starting_lineup,selected_by_percent,gw_points
0,291,de Gea,1,1,53,20,4.38,False,1,1,4.7,4.38
1,298,Maguire,1,2,54,20,4.538,False,1,1,4.3,4.538
2,300,Shaw,1,2,48,20,4.7860000000000005,False,1,1,1.6,4.7860000000000005
3,490,Thiago Silva,8,2,56,20,4.334,False,1,1,4.1,4.334
4,69,Trossard,36,3,57,20,4.02,False,1,1,0.7,4.02
5,203,Harrison,2,3,54,20,4.098,False,1,1,2.5,4.098
6,275,Mahrez,43,3,81,20,4.044,False,1,1,3.5,4.044
7,276,Sterling,43,3,114,20,6.223,True,2,1,4.3,12.446
8,68,Maupay,36,4,61,20,4.7189999999999985,False,1,1,2.3,4.7189999999999985
9,249,Firmino,14,4,93,20,4.265,False,1,1,5.0,4.265
10,282,Jesus,43,4,91,20,5.9670000000000005,False,1,1,1.4,5.9670000000000005
11,431,Fabianski,21,1,51,20,3.778,False,0,0,4.1,0.0
12,42,Targett,7,2,46,20,3.616,False,0,0,4.9,0.0
13,62,Dunk,36,2,48,20,3.788,False,0,0,2.5,0.0
14,570,Raphinha,2,3,55,20,3.822,False,0,0,1.6,0.0
