,player_id,web_name,team_code,element_type,now_cost,event,points_md,is_captain,multiplier,starting_lineup,selected_by_percent,gw_points
0,597,Sánchez,36,1,44,20,3.611,False,1,1,0.9,3.611
1,232,Chilwell,8,2,61,20,4.499,False,1,1,23.0,4.499
2,273,Stones,43,2,50,20,5.001,False,1,1,10.7,5.001
3,490,Thiago Silva,8,2,56,20,4.334,False,1,1,4.1,4.334
4,556,Dias,43,2,58,20,5.2120000000000015,False,1,1,11.2,5.2120000000000015
5,69,Trossard,36,3,57,20,4.02,False,1,1,0.7,4.02
6,203,Harrison,2,3,54,20,4.098,False,1,1,2.4,4.098
7,272,De Bruyne,43,3,119,20,7.477,True,2,1,30.9,14.954
8,306,Rashford,1,3,96,20,5.977,False,1,1,12.7,5.977
9,202,Bamford,2,4,66,20,5.294,False,1,1,49.4,5.294
10,506,Wilson,4,4,66,20,4.8610000000000015,False,1,1,20.8,4.8610000000000015
11,548,Mendy,8,1,51,20,4.232,False,0,0,7.1,0.0
12,300,Shaw,1,2,48,20,4.7860000000000005,False,0,0,1.7,0.0
13,302,Fernandes,1,3,113,20,6.324,False,0,0,52.9,0.0
14,514,Watkins,7,4,61,20,4.7360000000000015,False,0,0,11.0,0.0
