,player_id,web_name,team_code,element_type,now_cost,event,points_md,is_captain,multiplier,starting_lineup,selected_by_percent,gw_points
0,270,de Gea,1,1,52,24,3.87,False,1,1,13.6,3.87
1,234,Robertson,14,2,71,24,5.047,False,1,1,4.5,5.047
2,237,Alexander-Arnold,14,2,85,24,5.914,True,2,1,46.9,11.828
3,256,Cancelo,43,2,71,24,5.57,False,1,1,45.8,5.57
4,259,Laporte,43,2,57,24,4.85,False,1,1,8.1,4.85
5,370,Reguilón,6,2,54,24,4.439,False,1,1,17.3,4.439
6,240,Jota,14,3,84,24,4.8610000000000015,False,1,1,39.7,4.8610000000000015
7,265,Foden,43,3,80,24,5.6389999999999985,False,1,1,8.0,5.6389999999999985
8,420,Bowen,21,3,69,24,5.5779999999999985,False,1,1,29.0,5.5779999999999985
9,109,Wood,4,4,67,24,4.343,False,1,1,1.5,4.343
10,315,Pukki,45,4,58,24,4.175,False,1,1,4.4,4.175
11,353,Lloris,6,1,54,24,3.815,False,0,0,8.6,0.0
12,144,Gallagher,31,3,61,24,4.279,False,0,0,18.2,0.0
13,416,Lanzini,21,3,58,24,4.325,False,0,0,0.8,0.0
14,413,Antonio,21,4,79,24,5.073,False,0,0,42.3,0.0
