,player_id,web_name,team_code,element_type,now_cost,event,points_md,is_captain,multiplier,starting_lineup,selected_by_percent,gw_points
0,455,Fabianski,21,1,50,9,3.6719999999999997,False,1,1,1.2,3.6719999999999997
1,249,Evans,13,2,44,9,3.488,False,1,1,0.3,3.488
2,276,Matip,14,2,59,9,4.07,False,1,1,0.9,4.07
3,292,Tsimikas,14,2,45,9,3.65,False,1,1,0.3,3.65
4,195,Gordon,11,3,56,9,3.742,False,1,1,4.8,3.742
5,233,Harrison,2,3,62,9,3.685,False,1,1,4.7,3.685
6,264,Barnes,13,3,69,9,4.085,False,1,1,1.1,4.085
7,465,Bowen,21,3,81,9,4.511,False,1,1,3.9,4.511
8,66,Solanke,91,4,57,9,4.455,False,1,1,0.6,4.455
9,227,Bamford,2,4,73,9,4.314,False,1,1,0.4,4.314
10,255,Vardy,13,4,92,9,4.7010000000000005,True,2,1,2.3,9.402000000000001
11,422,Bazunu,20,1,45,9,3.617,False,0,0,0.8,0.0
12,409,Walker-Peters,20,2,45,9,3.3810000000000002,False,0,0,1.5,0.0
13,457,Cresswell,21,2,48,9,3.4760000000000004,False,0,0,1.8,0.0
14,246,Aaronson,2,3,55,9,3.555,False,0,0,1.5,0.0
