,ID,Points,Minutes,sim
0,3,1,90,1
1,4,2,90,1
2,6,1,90,1
3,9,9,90,1
4,10,7,90,1
5,11,9,90,1
6,14,3,90,1
7,15,1,90,1
8,16,6,90,1
9,17,2,90,1
10,18,1,90,1
11,19,5,90,1
12,24,4,90,1
13,25,1,90,1
14,26,6,90,1
15,27,9,90,1
16,28,3,90,1
17,31,3,90,1
18,36,6,90,1
19,42,3,90,1
20,44,6,90,1
21,47,6,90,1
22,52,6,90,1
23,54,5,90,1
24,57,3,90,1
25,58,2,90,1
26,62,12,90,1
27,65,5,90,1
28,70,1,90,1
29,76,2,90,1
30,78,13,90,1
31,81,4,90,1
32,82,5,90,1
33,84,1,90,1
34,85,1,90,1
35,88,2,90,1
36,91,2,90,1
37,94,2,90,1
38,98,7,90,1
39,99,2,90,1
40,104,2,90,1
41,105,2,90,1
42,106,5,90,1
43,110,5,90,1
44,115,2,90,1
45,122,1,90,1
46,126,2,90,1
47,136,3,90,1
48,144,1,90,1
49,145,1,90,1
50,146,1,90,1
51,148,2,90,1
52,157,3,90,1
53,159,7,90,1
54,168,3,90,1
55,171,6,90,1
56,172,6,90,1
57,174,3,90,1
58,177,9,90,1
59,180,12,90,1
60,182,6,90,1
61,185,6,90,1
62,189,6,90,1
63,191,2,90,1
64,192,8,90,1
65,200,6,90,1
66,201,6,90,1
67,203,8,90,1
68,204,3,90,1
69,205,3,90,1
70,207,2,90,1
71,210,6,90,1
72,211,6,90,1
73,218,6,90,1
74,219,1,90,1
75,220,6,90,1
76,222,2,90,1
77,224,2,90,1
78,231,1,90,1
79,232,2,90,1
80,233,3,90,1
81,235,1,90,1
82,236,1,90,1
83,238,1,90,1
84,239,3,90,1
85,240,2,90,1
86,241,2,90,1
87,247,2,90,1
88,248,2,90,1
89,252,4,90,1
90,255,2,90,1
91,267,2,90,1
92,268,2,90,1
93,275,2,90,1
94,277,2,90,1
95,278,2,90,1
96,284,2,90,1
97,289,2,90,1
98,291,6,90,1
99,293,6,90,1
100,295,6,90,1
101,300,3,90,1
102,301,9,90,1
103,302,6,90,1
104,306,4,90,1
105,309,3,90,1
106,311,6,90,1
107,314,2,90,1
108,316,5,90,1
109,320,3,90,1
110,321,15,90,1
111,323,8,90,1
112,324,3,90,1
113,325,6,90,1
114,326,9,90,1
115,328,6,90,1
116,329,3,90,1
117,338,2,90,1
118,339,6,90,1
119,342,2,90,1
120,347,1,90,1
121,348,2,90,1
122,351,8,90,1
123,354,2,90,1
124,355,1,90,1
125,356,2,90,1
126,359,2,90,1
127,361,2,90,1
128,362,1,90,1
129,366,2,90,1
130,368,2,90,1
131,369,1,90,1
132,371,1,90,1
133,372,3,90,1
134,375,2,90,1
135,380,1,90,1
136,383,1,90,1
137,385,2,90,1
138,388,6,90,1
139,392,2,90,1
140,394,2,90,1
141,395,2,90,1
142,398,2,90,1
143,399,2,90,1
144,401,10,90,1
145,409,2,90,1
146,410,2,90,1
147,413,2,90,1
148,415,2,90,1
149,417,2,90,1
150,422,8,90,1
151,423,3,90,1
152,424,2,90,1
153,430,2,90,1
154,434,3,90,1
155,436,9,90,1
156,443,6,90,1
157,447,2,90,1
158,449,3,90,1
159,452,7,90,1
160,455,1,90,1
161,461,2,90,1
162,463,2,90,1
163,474,4,90,1
164,475,1,90,1
165,476,4,90,1
166,480,3,90,1
167,482,3,90,1
168,484,6,90,1
169,486,6,90,1
170,492,4,90,1
171,494,3,90,1
172,495,6,90,1
173,498,6,90,1
174,501,3,90,1
175,503,3,90,1
176,508,6,90,1
177,511,3,90,1
178,512,2,90,1
179,514,3,90,1
180,518,2,90,1
181,520,7,90,1
182,521,6,90,1
183,524,6,90,1
184,527,3,90,1
185,528,6,90,1
186,530,3,90,1
187,533,1,90,1
188,535,2,90,1
189,541,2,90,1
190,544,2,90,1
191,553,2,90,1
192,557,2,90,1
193,559,4,90,1
194,560,3,90,1
195,564,1,90,1
196,567,1,90,1
197,568,2,90,1
198,571,5,90,1
199,573,6,90,1
200,577,7,90,1
201,580,1,90,1
202,585,3,90,1
203,588,3,90,1
204,592,1,90,1
205,593,1,90,1
206,600,2,90,1
207,608,10,90,1
208,617,2,90,1
209,618,2,90,1
210,619,2,90,1
211,622,2,90,1
212,625,7,90,1
213,628,1,90,1
214,630,3,90,1
215,631,2,90,1
216,633,2,90,1
217,650,6,90,1
218,652,2,90,1
219,10149,2,90,1
0,3,6,90,2
1,4,8,90,2
2,6,6,90,2
3,9,8,90,2
4,11,6,90,2
5,14,2,90,2
6,15,6,90,2
7,16,3,90,2
8,17,3,90,2
9,18,6,90,2
10,19,5,90,2
11,20,6,90,2
12,23,3,90,2
13,24,6,90,2
14,36,2,90,2
15,42,2,90,2
16,44,2,90,2
17,45,2,90,2
18,47,2,90,2
19,48,2,90,2
20,52,2,90,2
21,54,7,90,2
22,57,2,90,2
23,58,2,90,2
24,60,2,90,2
25,64,2,90,2
26,70,3,90,2
27,71,5,90,2
28,78,9,90,2
29,79,0,90,2
30,81,6,90,2
31,82,4,90,2
32,83,2,90,2
33,84,0,90,2
34,85,0,90,2
35,88,7,90,2
36,91,1,90,2
37,95,5,90,2
38,98,5,90,2
39,99,3,90,2
40,101,2,90,2
41,104,1,90,2
42,105,1,90,2
43,106,4,90,2
44,110,6,90,2
45,113,2,90,2
46,115,2,90,2
47,122,2,90,2
48,126,2,90,2
49,128,2,90,2
50,136,2,90,2
51,144,2,90,2
52,145,2,90,2
53,146,2,90,2
54,148,8,90,2
55,157,5,90,2
56,159,2,90,2
57,162,1,90,2
58,168,2,90,2
59,171,7,90,2
60,172,1,90,2
61,174,2,90,2
62,180,5,90,2
63,182,12,90,2
64,185,1,90,2
65,188,2,90,2
66,189,1,90,2
67,191,1,90,2
68,192,2,90,2
69,200,1,90,2
70,201,1,90,2
71,203,5,90,2
72,204,0,90,2
73,205,12,90,2
74,207,6,90,2
75,211,1,90,2
76,214,5,90,2
77,219,2,90,2
78,220,4,90,2
79,222,2,90,2
80,224,2,90,2
81,230,7,90,2
82,231,5,90,2
83,232,2,90,2
84,235,2,90,2
85,236,2,90,2
86,238,2,90,2
87,240,7,90,2
88,241,1,90,2
89,247,2,90,2
90,248,1,90,2
91,255,1,90,2
92,257,1,90,2
93,258,6,90,2
94,259,5,90,2
95,263,1,90,2
96,265,7,90,2
97,267,4,90,2
98,268,2,90,2
99,272,4,90,2
100,274,2,90,2
101,284,1,90,2
102,291,2,90,2
103,293,2,90,2
104,295,8,90,2
105,296,2,90,2
106,298,2,90,2
107,300,2,90,2
108,301,2,90,2
109,306,9,90,2
110,313,2,90,2
111,316,6,90,2
112,320,5,90,2
113,323,2,90,2
114,325,2,90,2
115,326,2,90,2
116,328,2,90,2
117,329,2,90,2
118,336,2,90,2
119,337,5,90,2
120,338,1,90,2
121,339,3,90,2
122,341,7,90,2
123,342,2,90,2
124,347,1,90,2
125,348,10,90,2
126,350,2,90,2
127,351,6,90,2
128,354,5,90,2
129,361,1,90,2
130,362,4,90,2
131,366,2,90,2
132,368,5,90,2
133,369,7,90,2
134,372,3,90,2
135,375,10,90,2
136,382,2,90,2
137,383,4,90,2
138,385,9,90,2
139,392,2,90,2
140,394,2,90,2
141,395,1,90,2
142,398,3,90,2
143,401,2,90,2
144,403,5,90,2
145,404,1,90,2
146,409,1,90,2
147,413,1,90,2
148,415,1,90,2
149,417,2,90,2
150,422,6,90,2
151,423,3,90,2
152,425,6,90,2
153,433,3,90,2
154,434,8,90,2
155,436,6,90,2
156,443,8,90,2
157,447,5,90,2
158,449,3,90,2
159,455,5,90,2
160,461,2,90,2
161,463,7,90,2
162,474,2,90,2
163,475,2,90,2
164,476,5,90,2
165,482,2,90,2
166,484,8,90,2
167,486,2,90,2
168,494,2,90,2
169,495,2,90,2
170,497,2,90,2
171,498,5,90,2
172,499,2,90,2
173,501,2,90,2
174,505,2,90,2
175,508,3,90,2
176,511,2,90,2
177,512,2,90,2
178,514,5,90,2
179,517,2,90,2
180,518,2,90,2
181,521,2,90,2
182,524,2,90,2
183,528,2,90,2
184,530,2,90,2
185,533,0,90,2
186,535,5,90,2
187,541,2,90,2
188,542,3,90,2
189,548,7,90,2
190,557,2,90,2
191,559,9,90,2
192,560,5,90,2
193,566,2,90,2
194,567,0,90,2
195,568,1,90,2
196,569,2,90,2
197,570,5,90,2
198,571,7,90,2
199,573,6,90,2
200,585,10,90,2
201,587,2,90,2
202,588,2,90,2
203,593,1,90,2
204,594,1,90,2
205,596,4,90,2
206,608,3,90,2
207,611,3,90,2
208,617,2,90,2
209,618,2,90,2
210,622,2,90,2
211,623,2,90,2
212,625,2,90,2
213,630,1,90,2
214,631,2,90,2
215,650,1,90,2
216,651,2,90,2
217,652,2,90,2
218,654,2,90,2
219,655,2,90,2
0,3,5,90,3
1,4,9,90,3
2,6,5,90,3
3,9,7,90,3
4,11,8,90,3
5,14,1,90,3
6,15,2,90,3
7,16,2,90,3
8,17,2,90,3
9,18,8,90,3
10,19,8,90,3
11,20,2,90,3
12,23,5,90,3
13,25,8,90,3
14,26,9,90,3
15,32,3,90,3
16,36,1,90,3
17,44,1,90,3
18,45,1,90,3
19,47,1,90,3
20,48,2,90,3
21,52,1,90,3
22,53,5,90,3
23,54,2,90,3
24,57,2,90,3
25,63,8,90,3
26,64,2,90,3
27,65,6,90,3
28,70,1,90,3
29,76,12,90,3
30,78,2,90,3
31,79,1,90,3
32,82,7,90,3
33,83,2,90,3
34,84,1,90,3
35,85,1,90,3
36,88,2,90,3
37,89,2,90,3
38,91,2,90,3
39,94,2,90,3
40,95,2,90,3
41,98,2,90,3
42,99,2,90,3
43,101,2,90,3
44,104,2,90,3
45,110,2,90,3
46,115,2,90,3
47,117,7,90,3
48,122,2,90,3
49,126,2,90,3
50,128,2,90,3
51,136,5,90,3
52,144,2,90,3
53,145,2,90,3
54,146,2,90,3
55,148,2,90,3
56,157,2,90,3
57,162,1,90,3
58,163,1,90,3
59,171,1,90,3
60,172,7,90,3
61,177,2,90,3
62,180,5,90,3
63,182,4,90,3
64,185,4,90,3
65,188,2,90,3
66,189,7,90,3
67,191,6,90,3
68,196,2,90,3
69,198,2,90,3
70,200,2,90,3
71,201,3,90,3
72,203,7,90,3
73,204,1,90,3
74,205,12,90,3
75,207,5,90,3
76,210,4,90,3
77,211,2,90,3
78,214,2,90,3
79,217,6,90,3
80,219,6,90,3
81,220,6,90,3
82,224,3,90,3
83,230,8,90,3
84,231,9,90,3
85,232,4,90,3
86,233,2,90,3
87,235,6,90,3
88,236,9,90,3
89,238,6,90,3
90,239,8,90,3
91,240,3,90,3
92,241,6,90,3
93,244,6,90,3
94,247,4,90,3
95,248,6,90,3
96,252,5,90,3
97,255,6,90,3
98,257,6,90,3
99,263,8,90,3
100,265,10,90,3
101,267,2,90,3
102,268,10,90,3
103,272,5,90,3
104,274,2,90,3
105,278,2,90,3
106,284,2,90,3
107,289,2,90,3
108,291,0,90,3
109,293,3,90,3
110,295,0,90,3
111,296,0,90,3
112,298,7,90,3
113,300,2,90,3
114,309,2,90,3
115,311,6,90,3
116,316,4,90,3
117,323,3,90,3
118,324,8,90,3
119,325,6,90,3
120,326,6,90,3
121,327,3,90,3
122,328,6,90,3
123,336,3,90,3
124,337,6,90,3
125,338,2,90,3
126,339,7,90,3
127,340,2,90,3
128,341,6,90,3
129,342,7,90,3
130,347,0,90,3
131,348,2,90,3
132,350,0,90,3
133,351,2,90,3
134,354,3,90,3
135,355,3,90,3
136,362,0,90,3
137,366,2,90,3
138,368,2,90,3
139,369,7,90,3
140,371,1,90,3
141,372,5,90,3
142,375,5,90,3
143,376,1,90,3
144,383,1,90,3
145,385,12,90,3
146,388,2,90,3
147,391,2,90,3
148,394,2,90,3
149,398,7,90,3
150,399,0,90,3
151,401,4,90,3
152,404,0,90,3
153,409,1,90,3
154,413,3,90,3
155,415,0,90,3
156,417,2,90,3
157,423,3,90,3
158,425,6,90,3
159,428,3,90,3
160,432,8,90,3
161,436,9,90,3
162,443,6,90,3
163,447,2,90,3
164,449,3,90,3
165,455,1,90,3
166,461,1,90,3
167,463,2,90,3
168,472,1,90,3
169,475,1,90,3
170,476,1,90,3
171,482,3,90,3
172,491,8,90,3
173,492,6,90,3
174,494,3,90,3
175,495,6,90,3
176,498,9,90,3
177,499,3,90,3
178,504,9,90,3
179,505,12,90,3
180,508,6,90,3
181,511,2,90,3
182,512,2,90,3
183,514,2,90,3
184,517,2,90,3
185,518,2,90,3
186,520,2,90,3
187,521,2,90,3
188,524,4,90,3
189,530,2,90,3
190,533,7,90,3
191,541,2,90,3
192,542,1,90,3
193,548,2,90,3
194,553,2,90,3
195,557,2,90,3
196,559,1,90,3
197,560,5,90,3
198,563,5,90,3
199,566,2,90,3
200,567,1,90,3
201,568,2,90,3
202,571,5,90,3
203,573,7,90,3
204,577,3,90,3
205,588,2,90,3
206,590,2,90,3
207,591,2,90,3
208,593,1,90,3
209,594,2,90,3
210,608,3,90,3
211,611,2,90,3
212,617,6,90,3
213,618,2,90,3
214,620,3,90,3
215,623,2,90,3
216,628,2,90,3
217,630,2,90,3
218,635,3,90,3
219,650,2,90,3
0,2,4,90,4
1,4,2,90,4
2,6,2,90,4
3,7,2,90,4
4,9,2,90,4
5,14,1,90,4
6,15,2,90,4
7,16,2,90,4
8,17,7,90,4
9,18,2,90,4
10,19,2,90,4
11,23,5,90,4
12,24,3,90,4
13,27,6,90,4
14,28,2,90,4
15,32,1,90,4
16,36,1,90,4
17,44,1,90,4
18,45,1,90,4
19,47,1,90,4
20,48,2,90,4
21,52,1,90,4
22,54,7,90,4
23,58,8,90,4
24,63,7,90,4
25,64,2,90,4
26,70,1,90,4
27,74,5,90,4
28,78,2,90,4
29,79,1,90,4
30,81,1,90,4
31,82,2,90,4
32,83,2,90,4
33,84,1,90,4
34,85,1,90,4
35,86,8,90,4
36,88,6,90,4
37,91,6,90,4
38,94,4,90,4
39,95,6,90,4
40,99,6,90,4
41,100,6,90,4
42,104,6,90,4
43,105,12,90,4
44,110,6,90,4
45,115,2,90,4
46,117,2,90,4
47,122,2,90,4
48,131,2,90,4
49,135,7,90,4
50,136,2,90,4
51,144,2,90,4
52,145,2,90,4
53,146,5,90,4
54,148,2,90,4
55,157,5,90,4
56,159,3,90,4
57,162,1,90,4
58,163,1,90,4
59,172,7,90,4
60,174,2,90,4
61,177,2,90,4
62,182,2,90,4
63,184,2,90,4
64,185,4,90,4
65,191,1,90,4
66,200,1,90,4
67,201,1,90,4
68,203,2,90,4
69,204,6,90,4
70,205,2,90,4
71,207,5,90,4
72,210,1,90,4
73,211,1,90,4
74,214,2,90,4
75,219,5,90,4
76,221,8,90,4
77,222,8,90,4
78,230,8,90,4
79,231,2,90,4
80,232,4,90,4
81,233,2,90,4
82,234,2,90,4
83,235,2,90,4
84,236,2,90,4
85,238,2,90,4
86,241,1,90,4
87,244,1,90,4
88,247,2,90,4
89,248,4,90,4
90,252,2,90,4
91,254,2,90,4
92,255,1,90,4
93,257,1,90,4
94,263,2,90,4
95,265,2,90,4
96,267,5,90,4
97,268,2,90,4
98,274,5,90,4
99,278,2,90,4
100,284,2,90,4
101,290,7,90,4
102,291,2,90,4
103,293,2,90,4
104,298,2,90,4
105,300,2,90,4
106,301,2,90,4
107,302,2,90,4
108,305,2,90,4
109,306,2,90,4
110,311,8,90,4
111,313,2,90,4
112,316,5,90,4
113,320,2,90,4
114,321,6,90,4
115,323,2,90,4
116,324,2,90,4
117,325,2,90,4
118,328,4,90,4
119,329,2,90,4
120,338,6,90,4
121,339,2,90,4
122,340,2,90,4
123,342,5,90,4
124,347,2,90,4
125,348,2,90,4
126,350,2,90,4
127,351,13,90,4
128,354,3,90,4
129,355,2,90,4
130,359,2,90,4
131,361,4,90,4
132,362,2,90,4
133,366,8,90,4
134,368,2,90,4
135,369,5,90,4
136,370,5,90,4
137,371,2,90,4
138,372,2,90,4
139,375,2,90,4
140,380,2,90,4
141,383,2,90,4
142,385,17,90,4
143,388,6,90,4
144,394,2,90,4
145,395,2,90,4
146,397,2,90,4
147,398,7,90,4
148,399,2,90,4
149,401,2,90,4
150,402,2,90,4
151,404,2,90,4
152,413,2,90,4
153,415,2,90,4
154,417,2,90,4
155,420,5,90,4
156,422,1,90,4
157,431,2,90,4
158,432,2,90,4
159,436,1,90,4
160,437,1,90,4
161,443,3,90,4
162,444,1,90,4
163,447,2,90,4
164,449,2,90,4
165,453,2,90,4
166,455,1,90,4
167,461,1,90,4
168,463,2,90,4
169,476,1,90,4
170,482,2,90,4
171,486,2,90,4
172,489,2,90,4
173,491,9,90,4
174,494,5,90,4
175,495,5,90,4
176,497,7,90,4
177,498,2,90,4
178,505,2,90,4
179,508,2,90,4
180,511,3,90,4
181,514,3,90,4
182,518,2,90,4
183,520,6,90,4
184,521,6,90,4
185,524,6,90,4
186,527,3,90,4
187,530,3,90,4
188,533,10,90,4
189,541,2,90,4
190,542,6,90,4
191,548,8,90,4
192,553,3,90,4
193,557,3,90,4
194,559,6,90,4
195,560,2,90,4
196,563,6,90,4
197,566,6,90,4
198,567,6,90,4
199,568,2,90,4
200,573,1,90,4
201,585,2,90,4
202,587,9,90,4
203,588,11,90,4
204,591,13,90,4
205,592,1,90,4
206,608,2,90,4
207,611,9,90,4
208,618,2,90,4
209,620,2,90,4
210,621,2,90,4
211,622,2,90,4
212,623,2,90,4
213,625,5,90,4
214,628,2,90,4
215,630,2,90,4
216,635,3,90,4
217,650,1,90,4
218,651,2,90,4
219,652,2,90,4
0,2,5,90,5
1,3,0,90,5
2,4,10,90,5
3,6,3,90,5
4,7,2,90,5
5,11,5,90,5
6,14,-1,90,5
7,15,0,90,5
8,16,12,90,5
9,17,8,90,5
10,18,0,90,5
11,19,6,90,5
12,23,3,90,5
13,24,0,90,5
14,26,2,90,5
15,27,14,90,5
16,28,6,90,5
17,32,6,90,5
18,36,6,90,5
19,38,6,90,5
20,44,6,90,5
21,47,6,90,5
22,48,3,90,5
23,52,6,90,5
24,57,3,90,5
25,58,9,90,5
26,63,2,90,5
27,64,2,90,5
28,70,1,90,5
29,78,7,90,5
30,79,1,90,5
31,81,1,90,5
32,82,2,90,5
33,83,2,90,5
34,84,1,90,5
35,85,1,90,5
36,86,2,90,5
37,88,2,90,5
38,89,2,90,5
39,91,2,90,5
40,99,2,90,5
41,101,4,90,5
42,104,2,90,5
43,105,2,90,5
44,110,2,90,5
45,111,2,90,5
46,115,2,90,5
47,120,1,90,5
48,122,1,90,5
49,126,2,90,5
50,136,2,90,5
51,144,1,90,5
52,145,1,90,5
53,146,1,90,5
54,148,2,90,5
55,157,2,90,5
56,159,1,90,5
57,162,1,90,5
58,171,1,90,5
59,172,1,90,5
60,177,2,90,5
61,180,2,90,5
62,182,7,90,5
63,185,1,90,5
64,187,1,90,5
65,189,1,90,5
66,191,6,90,5
67,192,2,90,5
68,200,1,90,5
69,201,2,90,5
70,203,2,90,5
71,204,6,90,5
72,207,2,90,5
73,210,1,90,5
74,211,1,90,5
75,214,2,90,5
76,218,10,90,5
77,219,0,90,5
78,220,16,90,5
79,224,10,90,5
80,230,8,90,5
81,231,0,90,5
82,232,2,90,5
83,235,0,90,5
84,236,3,90,5
85,238,0,90,5
86,239,8,90,5
87,240,6,90,5
88,241,6,90,5
89,247,3,90,5
90,248,6,90,5
91,254,3,90,5
92,255,7,90,5
93,257,6,90,5
94,263,2,90,5
95,264,2,90,5
96,267,2,90,5
97,268,6,90,5
98,274,2,90,5
99,284,2,90,5
100,291,3,90,5
101,293,1,90,5
102,295,1,90,5
103,298,10,90,5
104,300,2,90,5
105,301,1,90,5
106,306,5,90,5
107,309,2,90,5
108,311,6,90,5
109,316,6,90,5
110,321,12,90,5
111,323,3,90,5
112,325,6,90,5
113,326,6,90,5
114,328,4,90,5
115,329,5,90,5
116,335,9,90,5
117,337,6,90,5
118,338,2,90,5
119,339,6,90,5
120,340,2,90,5
121,342,7,90,5
122,347,2,90,5
123,348,7,90,5
124,351,7,90,5
125,354,2,90,5
126,355,2,90,5
127,356,2,90,5
128,359,2,90,5
129,362,3,90,5
130,366,2,90,5
131,368,2,90,5
132,369,2,90,5
133,372,7,90,5
134,375,6,90,5
135,383,2,90,5
136,385,3,90,5
137,388,6,90,5
138,389,5,90,5
139,392,5,90,5
140,394,2,90,5
141,395,3,90,5
142,398,2,90,5
143,399,6,90,5
144,401,10,90,5
145,404,0,90,5
146,405,3,90,5
147,409,3,90,5
148,413,2,90,5
149,415,6,90,5
150,422,2,90,5
151,423,2,90,5
152,431,2,90,5
153,432,5,90,5
154,433,3,90,5
155,436,2,90,5
156,443,2,90,5
157,447,2,90,5
158,449,2,90,5
159,452,8,90,5
160,455,-1,90,5
161,461,-1,90,5
162,472,-1,90,5
163,474,-1,90,5
164,476,0,90,5
165,482,2,90,5
166,484,1,90,5
167,486,2,90,5
168,492,2,90,5
169,494,4,90,5
170,495,1,90,5
171,498,1,90,5
172,499,2,90,5
173,505,1,90,5
174,508,1,90,5
175,511,3,90,5
176,512,2,90,5
177,514,8,90,5
178,518,2,90,5
179,520,6,90,5
180,521,6,90,5
181,524,8,90,5
182,527,3,90,5
183,533,6,90,5
184,541,9,90,5
185,544,8,90,5
186,553,3,90,5
187,557,8,90,5
188,559,6,90,5
189,560,5,90,5
190,564,6,90,5
191,565,5,90,5
192,566,2,90,5
193,568,2,90,5
194,570,3,90,5
195,573,2,90,5
196,585,2,90,5
197,588,3,90,5
198,591,6,90,5
199,592,1,90,5
200,593,4,90,5
201,594,5,90,5
202,598,6,90,5
203,600,2,90,5
204,608,2,90,5
205,611,7,90,5
206,617,5,90,5
207,618,2,90,5
208,622,3,90,5
209,623,7,90,5
210,625,8,90,5
211,630,2,90,5
212,631,5,90,5
213,635,2,90,5
214,650,1,90,5
215,651,2,90,5
216,652,5,90,5
217,654,6,90,5
218,655,6,90,5
219,10001,2,90,5
0,2,2,90,6
1,3,2,90,6
2,4,2,90,6
3,6,8,90,6
4,9,4,90,6
5,11,4,90,6
6,14,1,90,6
7,15,5,90,6
8,16,2,90,6
9,17,2,90,6
10,18,2,90,6
11,19,6,90,6
12,23,2,90,6
13,26,4,90,6
14,28,7,90,6
15,36,1,90,6
16,44,1,90,6
17,47,1,90,6
18,48,2,90,6
19,52,7,90,6
20,53,2,90,6
21,54,10,90,6
22,57,2,90,6
23,58,6,90,6
24,59,1,90,6
25,60,2,90,6
26,64,2,90,6
27,70,2,90,6
28,76,2,90,6
29,78,4,90,6
30,79,1,90,6
31,83,2,90,6
32,84,1,90,6
33,85,1,90,6
34,88,2,90,6
35,91,2,90,6
36,94,2,90,6
37,95,2,90,6
38,98,2,90,6
39,99,2,90,6
40,101,2,90,6
41,104,2,90,6
42,105,2,90,6
43,110,2,90,6
44,113,2,90,6
45,115,2,90,6
46,120,-1,90,6
47,126,2,90,6
48,128,-1,90,6
49,136,5,90,6
50,144,-1,90,6
51,145,-1,90,6
52,146,-1,90,6
53,148,6,90,6
54,157,2,90,6
55,159,1,90,6
56,162,8,90,6
57,163,2,90,6
58,171,2,90,6
59,172,5,90,6
60,174,2,90,6
61,177,2,90,6
62,180,4,90,6
63,185,2,90,6
64,188,2,90,6
65,189,2,90,6
66,191,6,90,6
67,200,1,90,6
68,201,1,90,6
69,203,2,90,6
70,204,6,90,6
71,205,2,90,6
72,207,3,90,6
73,210,1,90,6
74,211,1,90,6
75,217,6,90,6
76,218,2,90,6
77,220,5,90,6
78,221,6,90,6
79,222,3,90,6
80,224,8,90,6
81,231,7,90,6
82,232,8,90,6
83,233,2,90,6
84,235,6,90,6
85,236,6,90,6
86,240,5,90,6
87,241,7,90,6
88,247,3,90,6
89,248,6,90,6
90,251,6,90,6
91,252,5,90,6
92,255,6,90,6
93,257,6,90,6
94,267,2,90,6
95,268,6,90,6
96,274,4,90,6
97,278,5,90,6
98,284,2,90,6
99,291,1,90,6
100,293,4,90,6
101,295,1,90,6
102,296,1,90,6
103,298,2,90,6
104,300,7,90,6
105,302,1,90,6
106,306,2,90,6
107,309,5,90,6
108,311,2,90,6
109,316,8,90,6
110,321,8,90,6
111,323,8,90,6
112,324,2,90,6
113,325,2,90,6
114,326,2,90,6
115,328,17,90,6
116,335,8,90,6
117,336,7,90,6
118,338,2,90,6
119,339,6,90,6
120,340,6,90,6
121,342,6,90,6
122,346,3,90,6
123,347,6,90,6
124,348,9,90,6
125,350,6,90,6
126,351,6,90,6
127,354,3,90,6
128,359,2,90,6
129,366,3,90,6
130,369,2,90,6
131,370,2,90,6
132,372,7,90,6
133,380,2,90,6
134,383,2,90,6
135,385,2,90,6
136,388,1,90,6
137,389,5,90,6
138,391,2,90,6
139,394,2,90,6
140,395,2,90,6
141,398,2,90,6
142,399,2,90,6
143,401,6,90,6
144,404,2,90,6
145,409,2,90,6
146,410,5,90,6
147,413,2,90,6
148,415,3,90,6
149,422,1,90,6
150,423,2,90,6
151,431,2,90,6
152,432,5,90,6
153,433,2,90,6
154,434,13,90,6
155,436,1,90,6
156,443,1,90,6
157,449,4,90,6
158,455,1,90,6
159,461,1,90,6
160,463,2,90,6
161,467,1,90,6
162,474,1,90,6
163,476,1,90,6
164,482,2,90,6
165,484,1,90,6
166,486,1,90,6
167,491,7,90,6
168,494,2,90,6
169,495,7,90,6
170,497,5,90,6
171,498,9,90,6
172,501,2,90,6
173,503,8,90,6
174,505,5,90,6
175,508,1,90,6
176,512,6,90,6
177,514,15,90,6
178,515,2,90,6
179,518,2,90,6
180,520,1,90,6
181,521,1,90,6
182,524,1,90,6
183,527,5,90,6
184,530,2,90,6
185,533,6,90,6
186,535,3,90,6
187,541,6,90,6
188,548,3,90,6
189,553,3,90,6
190,557,3,90,6
191,559,9,90,6
192,560,5,90,6
193,563,3,90,6
194,564,12,90,6
195,566,10,90,6
196,568,8,90,6
197,570,3,90,6
198,571,3,90,6
199,573,1,90,6
200,583,2,90,6
201,585,2,90,6
202,587,2,90,6
203,588,2,90,6
204,593,2,90,6
205,594,2,90,6
206,607,8,90,6
207,611,2,90,6
208,617,2,90,6
209,622,3,90,6
210,623,2,90,6
211,625,3,90,6
212,628,-1,90,6
213,630,5,90,6
214,631,2,90,6
215,633,2,90,6
216,650,1,90,6
217,651,3,90,6
218,652,2,90,6
219,654,2,90,6
0,2,10,90,7
1,3,2,90,7
2,4,2,90,7
3,6,2,90,7
4,8,5,90,7
5,10,2,90,7
6,11,2,90,7
7,12,2,90,7
8,14,2,90,7
9,15,2,90,7
10,16,6,90,7
11,17,2,90,7
12,18,5,90,7
13,19,3,90,7
14,20,7,90,7
15,26,6,90,7
16,28,2,90,7
17,36,4,90,7
18,44,1,90,7
19,47,1,90,7
20,48,7,90,7
21,52,4,90,7
22,53,7,90,7
23,54,2,90,7
24,57,2,90,7
25,58,2,90,7
26,60,2,90,7
27,63,2,90,7
28,64,2,90,7
29,70,0,90,7
30,71,7,90,7
31,78,2,90,7
32,79,1,90,7
33,82,2,90,7
34,84,0,90,7
35,85,0,90,7
36,88,2,90,7
37,89,2,90,7
38,91,2,90,7
39,94,2,90,7
40,95,2,90,7
41,99,2,90,7
42,104,2,90,7
43,106,2,90,7
44,110,8,90,7
45,115,2,90,7
46,117,3,90,7
47,122,1,90,7
48,126,2,90,7
49,128,1,90,7
50,136,10,90,7
51,144,1,90,7
52,145,1,90,7
53,146,1,90,7
54,148,9,90,7
55,157,2,90,7
56,159,1,90,7
57,162,1,90,7
58,163,1,90,7
59,171,4,90,7
60,172,1,90,7
61,177,7,90,7
62,181,2,90,7
63,182,3,90,7
64,185,1,90,7
65,189,1,90,7
66,191,2,90,7
67,192,12,90,7
68,200,1,90,7
69,201,1,90,7
70,203,2,90,7
71,204,6,90,7
72,205,5,90,7
73,207,3,90,7
74,210,1,90,7
75,211,1,90,7
76,217,2,90,7
77,219,1,90,7
78,220,12,90,7
79,224,2,90,7
80,231,1,90,7
81,232,5,90,7
82,233,2,90,7
83,235,1,90,7
84,236,1,90,7
85,238,1,90,7
86,239,2,90,7
87,241,2,90,7
88,247,2,90,7
89,248,2,90,7
90,252,6,90,7
91,255,2,90,7
92,257,5,90,7
93,265,2,90,7
94,267,1,90,7
95,268,2,90,7
96,274,2,90,7
97,284,1,90,7
98,290,3,90,7
99,291,6,90,7
100,293,6,90,7
101,296,6,90,7
102,300,3,90,7
103,301,6,90,7
104,302,9,90,7
105,309,3,90,7
106,311,7,90,7
107,314,5,90,7
108,316,4,90,7
109,321,2,90,7
110,323,2,90,7
111,325,1,90,7
112,326,7,90,7
113,327,2,90,7
114,328,13,90,7
115,329,2,90,7
116,336,5,90,7
117,338,5,90,7
118,339,1,90,7
119,340,2,90,7
120,342,12,90,7
121,347,2,90,7
122,348,18,90,7
123,350,2,90,7
124,351,4,90,7
125,354,5,90,7
126,355,2,90,7
127,359,2,90,7
128,361,2,90,7
129,362,2,90,7
130,364,2,90,7
131,366,5,90,7
132,369,1,90,7
133,372,2,90,7
134,375,4,90,7
135,380,1,90,7
136,383,7,90,7
137,385,7,90,7
138,388,1,90,7
139,389,2,90,7
140,392,2,90,7
141,394,2,90,7
142,398,2,90,7
143,401,2,90,7
144,402,2,90,7
145,403,2,90,7
146,409,3,90,7
147,413,1,90,7
148,415,1,90,7
149,417,2,90,7
150,422,9,90,7
151,424,2,90,7
152,425,6,90,7
153,431,11,90,7
154,434,3,90,7
155,436,6,90,7
156,437,6,90,7
157,443,7,90,7
158,447,16,90,7
159,452,2,90,7
160,455,7,90,7
161,461,1,90,7
162,463,2,90,7
163,472,1,90,7
164,474,4,90,7
165,476,1,90,7
166,482,2,90,7
167,484,1,90,7
168,486,3,90,7
169,494,8,90,7
170,495,2,90,7
171,496,1,90,7
172,503,10,90,7
173,504,1,90,7
174,505,7,90,7
175,508,1,90,7
176,512,2,90,7
177,514,2,90,7
178,516,1,90,7
179,518,2,90,7
180,520,3,90,7
181,521,1,90,7
182,524,1,90,7
183,530,2,90,7
184,539,2,90,7
185,542,6,90,7
186,553,6,90,7
187,557,3,90,7
188,559,8,90,7
189,563,3,90,7
190,566,6,90,7
191,567,6,90,7
192,568,1,90,7
193,573,6,90,7
194,577,2,90,7
195,583,1,90,7
196,584,2,90,7
197,585,2,90,7
198,588,2,90,7
199,590,6,90,7
200,591,1,90,7
201,592,0,90,7
202,593,1,90,7
203,594,4,90,7
204,608,10,90,7
205,611,4,90,7
206,617,2,90,7
207,618,2,90,7
208,619,2,90,7
209,621,7,90,7
210,622,2,90,7
211,625,2,90,7
212,628,1,90,7
213,630,1,90,7
214,635,11,90,7
215,650,1,90,7
216,651,2,90,7
217,654,2,90,7
218,655,8,90,7
219,10149,3,90,7
0,3,2,90,8
1,4,6,90,8
2,6,2,90,8
3,9,2,90,8
4,10,5,90,8
5,11,2,90,8
6,12,2,90,8
7,14,1,90,8
8,15,2,90,8
9,16,2,90,8
10,17,2,90,8
11,18,2,90,8
12,20,5,90,8
13,23,3,90,8
14,26,4,90,8
15,27,2,90,8
16,32,7,90,8
17,35,1,90,8
18,44,1,90,8
19,47,1,90,8
20,48,10,90,8
21,49,1,90,8
22,52,7,90,8
23,53,2,90,8
24,54,3,90,8
25,57,7,90,8
26,58,8,90,8
27,64,2,90,8
28,70,-1,90,8
29,71,5,90,8
30,74,2,90,8
31,78,2,90,8
32,79,1,90,8
33,81,-1,90,8
34,82,6,90,8
35,83,2,90,8
36,84,-1,90,8
37,85,5,90,8
38,88,2,90,8
39,91,2,90,8
40,95,5,90,8
41,98,12,90,8
42,99,3,90,8
43,100,5,90,8
44,101,2,90,8
45,104,2,90,8
46,105,2,90,8
47,115,2,90,8
48,117,2,90,8
49,122,2,90,8
50,126,2,90,8
51,128,2,90,8
52,131,2,90,8
53,136,2,90,8
54,144,2,90,8
55,145,2,90,8
56,146,2,90,8
57,157,2,90,8
58,159,1,90,8
59,162,2,90,8
60,163,1,90,8
61,168,5,90,8
62,171,1,90,8
63,180,2,90,8
64,181,4,90,8
65,182,7,90,8
66,185,1,90,8
67,189,1,90,8
68,191,3,90,8
69,192,7,90,8
70,196,1,90,8
71,200,1,90,8
72,201,1,90,8
73,203,2,90,8
74,204,2,90,8
75,205,3,90,8
76,207,6,90,8
77,210,1,90,8
78,211,1,90,8
79,217,12,90,8
80,219,5,90,8
81,220,7,90,8
82,222,2,90,8
83,224,5,90,8
84,231,2,90,8
85,232,5,90,8
86,235,2,90,8
87,236,2,90,8
88,238,4,90,8
89,239,2,90,8
90,240,2,90,8
91,241,1,90,8
92,247,2,90,8
93,248,4,90,8
94,252,6,90,8
95,254,2,90,8
96,255,1,90,8
97,263,2,90,8
98,264,2,90,8
99,265,2,90,8
100,267,6,90,8
101,272,6,90,8
102,274,4,90,8
103,278,2,90,8
104,291,2,90,8
105,293,2,90,8
106,295,2,90,8
107,296,2,90,8
108,300,2,90,8
109,301,2,90,8
110,305,2,90,8
111,306,8,90,8
112,311,9,90,8
113,314,2,90,8
114,316,5,90,8
115,321,2,90,8
116,323,3,90,8
117,325,6,90,8
118,326,7,90,8
119,327,5,90,8
120,328,8,90,8
121,329,3,90,8
122,337,6,90,8
123,338,2,90,8
124,339,6,90,8
125,340,14,90,8
126,342,8,90,8
127,347,2,90,8
128,348,8,90,8
129,350,8,90,8
130,351,6,90,8
131,355,5,90,8
132,356,5,90,8
133,359,2,90,8
134,361,8,90,8
135,362,8,90,8
136,366,5,90,8
137,368,2,90,8
138,369,5,90,8
139,370,2,90,8
140,371,2,90,8
141,375,12,90,8
142,383,2,90,8
143,388,1,90,8
144,389,10,90,8
145,391,5,90,8
146,392,7,90,8
147,394,2,90,8
148,395,2,90,8
149,398,2,90,8
150,401,4,90,8
151,403,2,90,8
152,404,2,90,8
153,409,2,90,8
154,413,5,90,8
155,415,2,90,8
156,422,7,90,8
157,423,5,90,8
158,431,2,90,8
159,433,10,90,8
160,434,2,90,8
161,436,1,90,8
162,443,2,90,8
163,449,2,90,8
164,456,1,90,8
165,461,1,90,8
166,467,1,90,8
167,474,1,90,8
168,476,1,90,8
169,482,2,90,8
170,484,0,90,8
171,486,6,90,8
172,492,5,90,8
173,495,0,90,8
174,498,0,90,8
175,501,2,90,8
176,503,5,90,8
177,505,0,90,8
178,508,0,90,8
179,509,5,90,8
180,512,6,90,8
181,514,10,90,8
182,515,7,90,8
183,518,2,90,8
184,520,3,90,8
185,521,1,90,8
186,527,2,90,8
187,528,1,90,8
188,530,2,90,8
189,533,2,90,8
190,535,2,90,8
191,539,10,90,8
192,541,4,90,8
193,542,5,90,8
194,553,2,90,8
195,557,7,90,8
196,559,8,90,8
197,567,5,90,8
198,568,2,90,8
199,573,1,90,8
200,585,5,90,8
201,587,7,90,8
202,588,2,90,8
203,591,1,90,8
204,592,-1,90,8
205,593,2,90,8
206,594,2,90,8
207,595,2,90,8
208,596,10,90,8
209,608,8,90,8
210,619,2,90,8
211,621,2,90,8
212,622,2,90,8
213,623,2,90,8
214,625,2,90,8
215,628,2,90,8
216,630,2,90,8
217,651,2,90,8
218,652,2,90,8
219,655,2,90,8
0,3,1,90,9
1,4,2,90,9
2,6,1,90,9
3,8,1,90,9
4,9,8,90,9
5,11,6,90,9
6,14,1,90,9
7,15,1,90,9
8,16,7,90,9
9,17,9,90,9
10,18,1,90,9
11,19,2,90,9
12,24,1,90,9
13,25,1,90,9
14,26,5,90,9
15,28,2,90,9
16,32,1,90,9
17,44,4,90,9
18,47,2,90,9
19,48,5,90,9
20,52,1,90,9
21,53,2,90,9
22,54,7,90,9
23,57,2,90,9
24,58,2,90,9
25,63,3,90,9
26,64,6,90,9
27,70,6,90,9
28,71,11,90,9
29,74,3,90,9
30,78,5,90,9
31,79,6,90,9
32,81,6,90,9
33,82,2,90,9
34,83,8,90,9
35,84,6,90,9
36,85,6,90,9
37,88,1,90,9
38,89,2,90,9
39,91,1,90,9
40,94,3,90,9
41,98,2,90,9
42,99,10,90,9
43,101,5,90,9
44,104,1,90,9
45,106,2,90,9
46,110,2,90,9
47,115,7,90,9
48,120,2,90,9
49,122,2,90,9
50,126,5,90,9
51,128,4,90,9
52,144,2,90,9
53,145,2,90,9
54,146,2,90,9
55,148,2,90,9
56,157,5,90,9
57,159,2,90,9
58,162,5,90,9
59,163,2,90,9
60,168,2,90,9
61,172,2,90,9
62,174,2,90,9
63,180,3,90,9
64,182,7,90,9
65,184,7,90,9
66,185,2,90,9
67,189,4,90,9
68,191,1,90,9
69,192,2,90,9
70,200,2,90,9
71,201,2,90,9
72,202,2,90,9
73,203,2,90,9
74,204,2,90,9
75,205,3,90,9
76,210,2,90,9
77,211,2,90,9
78,217,5,90,9
79,219,2,90,9
80,220,10,90,9
81,221,2,90,9
82,224,5,90,9
83,231,5,90,9
84,232,2,90,9
85,233,2,90,9
86,235,4,90,9
87,236,2,90,9
88,238,2,90,9
89,239,5,90,9
90,240,4,90,9
91,241,1,90,9
92,247,7,90,9
93,248,1,90,9
94,251,6,90,9
95,252,8,90,9
96,255,1,90,9
97,263,6,90,9
98,264,5,90,9
99,267,12,90,9
100,274,3,90,9
101,278,3,90,9
102,289,2,90,9
103,291,2,90,9
104,293,2,90,9
105,295,2,90,9
106,296,2,90,9
107,300,2,90,9
108,301,2,90,9
109,305,2,90,9
110,306,2,90,9
111,309,2,90,9
112,311,2,90,9
113,316,2,90,9
114,321,3,90,9
115,323,2,90,9
116,325,2,90,9
117,326,2,90,9
118,327,2,90,9
119,328,5,90,9
120,329,2,90,9
121,336,7,90,9
122,338,7,90,9
123,339,2,90,9
124,340,1,90,9
125,341,1,90,9
126,347,1,90,9
127,348,2,90,9
128,350,1,90,9
129,351,5,90,9
130,355,2,90,9
131,357,2,90,9
132,359,3,90,9
133,361,1,90,9
134,362,1,90,9
135,364,5,90,9
136,365,2,90,9
137,366,10,90,9
138,368,2,90,9
139,369,1,90,9
140,371,1,90,9
141,372,2,90,9
142,375,2,90,9
143,380,1,90,9
144,383,1,90,9
145,388,1,90,9
146,392,8,90,9
147,394,7,90,9
148,395,1,90,9
149,398,2,90,9
150,401,5,90,9
151,403,2,90,9
152,409,1,90,9
153,413,1,90,9
154,415,1,90,9
155,417,2,90,9
156,420,2,90,9
157,422,5,90,9
158,423,7,90,9
159,425,2,90,9
160,432,2,90,9
161,434,4,90,9
162,436,2,90,9
163,443,2,90,9
164,452,5,90,9
165,455,1,90,9
166,461,1,90,9
167,462,2,90,9
168,463,2,90,9
169,475,1,90,9
170,476,1,90,9
171,482,2,90,9
172,486,2,90,9
173,492,2,90,9
174,495,4,90,9
175,497,6,90,9
176,498,2,90,9
177,499,5,90,9
178,503,7,90,9
179,505,2,90,9
180,508,2,90,9
181,511,2,90,9
182,512,3,90,9
183,514,2,90,9
184,518,2,90,9
185,521,1,90,9
186,524,7,90,9
187,527,2,90,9
188,530,2,90,9
189,533,2,90,9
190,541,5,90,9
191,542,2,90,9
192,544,5,90,9
193,548,2,90,9
194,553,2,90,9
195,559,2,90,9
196,564,2,90,9
197,567,2,90,9
198,568,6,90,9
199,573,2,90,9
200,585,5,90,9
201,587,8,90,9
202,588,2,90,9
203,591,1,90,9
204,593,1,90,9
205,595,2,90,9
206,596,2,90,9
207,608,8,90,9
208,611,9,90,9
209,619,3,90,9
210,620,7,90,9
211,622,2,90,9
212,623,2,90,9
213,625,2,90,9
214,628,2,90,9
215,630,6,90,9
216,631,3,90,9
217,650,4,90,9
218,651,10,90,9
219,10149,7,90,9
0,2,2,90,10
1,3,5,90,10
2,6,2,90,10
3,10,10,90,10
4,11,5,90,10
5,14,2,90,10
6,15,2,90,10
7,16,2,90,10
8,17,2,90,10
9,18,2,90,10
10,19,5,90,10
11,20,2,90,10
12,23,2,90,10
13,24,2,90,10
14,26,4,90,10
15,32,4,90,10
16,35,1,90,10
17,36,3,90,10
18,42,2,90,10
19,45,1,90,10
20,47,1,90,10
21,48,2,90,10
22,52,1,90,10
23,54,7,90,10
24,57,5,90,10
25,58,6,90,10
26,59,6,90,10
27,63,3,90,10
28,64,3,90,10
29,65,2,90,10
30,70,8,90,10
31,71,8,90,10
32,78,3,90,10
33,79,6,90,10
34,82,10,90,10
35,83,3,90,10
36,84,6,90,10
37,85,6,90,10
38,88,-1,90,10
39,89,10,90,10
40,91,2,90,10
41,94,3,90,10
42,95,2,90,10
43,98,7,90,10
44,99,7,90,10
45,101,2,90,10
46,104,-1,90,10
47,110,2,90,10
48,115,2,90,10
49,117,8,90,10
50,120,2,90,10
51,121,2,90,10
52,122,2,90,10
53,123,2,90,10
54,128,2,90,10
55,136,2,90,10
56,144,2,90,10
57,146,2,90,10
58,148,6,90,10
59,149,2,90,10
60,157,2,90,10
61,159,6,90,10
62,162,0,90,10
63,163,0,90,10
64,168,2,90,10
65,171,0,90,10
66,174,2,90,10
67,177,2,90,10
68,180,2,90,10
69,185,0,90,10
70,189,2,90,10
71,191,1,90,10
72,200,6,90,10
73,201,9,90,10
74,202,9,90,10
75,203,6,90,10
76,204,0,90,10
77,207,18,90,10
78,210,7,90,10
79,211,6,90,10
80,217,7,90,10
81,219,2,90,10
82,224,5,90,10
83,230,2,90,10
84,231,2,90,10
85,232,2,90,10
86,235,2,90,10
87,236,2,90,10
88,238,2,90,10
89,239,8,90,10
90,240,12,90,10
91,241,1,90,10
92,248,1,90,10
93,252,10,90,10
94,254,5,90,10
95,255,7,90,10
96,257,1,90,10
97,262,7,90,10
98,264,2,90,10
99,265,5,90,10
100,267,1,90,10
101,274,4,90,10
102,275,2,90,10
103,284,1,90,10
104,291,1,90,10
105,293,1,90,10
106,295,1,90,10
107,298,2,90,10
108,300,2,90,10
109,301,1,90,10
110,305,1,90,10
111,306,6,90,10
112,311,6,90,10
113,321,5,90,10
114,323,2,90,10
115,325,2,90,10
116,326,2,90,10
117,327,2,90,10
118,328,7,90,10
119,329,4,90,10
120,335,2,90,10
121,336,2,90,10
122,338,-1,90,10
123,339,2,90,10
124,341,2,90,10
125,342,2,90,10
126,347,2,90,10
127,348,2,90,10
128,351,2,90,10
129,354,5,90,10
130,355,3,90,10
131,356,2,90,10
132,361,2,90,10
133,364,11,90,10
134,366,9,90,10
135,368,3,90,10
136,369,6,90,10
137,372,11,90,10
138,375,9,90,10
139,377,6,90,10
140,380,6,90,10
141,383,6,90,10
142,388,2,90,10
143,394,3,90,10
144,395,7,90,10
145,398,6,90,10
146,399,14,90,10
147,401,2,90,10
148,403,3,90,10
149,404,6,90,10
150,409,6,90,10
151,413,6,90,10
152,415,6,90,10
153,420,3,90,10
154,422,1,90,10
155,423,2,90,10
156,430,2,90,10
157,432,3,90,10
158,433,4,90,10
159,436,1,90,10
160,437,1,90,10
161,443,1,90,10
162,449,2,90,10
163,452,3,90,10
164,455,5,90,10
165,461,4,90,10
166,467,5,90,10
167,474,2,90,10
168,475,2,90,10
169,476,2,90,10
170,482,2,90,10
171,484,1,90,10
172,486,1,90,10
173,492,2,90,10
174,494,8,90,10
175,495,4,90,10
176,497,6,90,10
177,498,1,90,10
178,505,2,90,10
179,508,4,90,10
180,512,6,90,10
181,514,10,90,10
182,518,2,90,10
183,520,2,90,10
184,521,2,90,10
185,524,2,90,10
186,527,5,90,10
187,528,2,90,10
188,530,5,90,10
189,533,0,90,10
190,535,2,90,10
191,542,0,90,10
192,553,2,90,10
193,557,4,90,10
194,559,0,90,10
195,560,3,90,10
196,564,0,90,10
197,566,2,90,10
198,567,0,90,10
199,568,4,90,10
200,570,7,90,10
201,571,2,90,10
202,573,7,90,10
203,577,2,90,10
204,585,3,90,10
205,588,2,90,10
206,591,2,90,10
207,593,12,90,10
208,608,7,90,10
209,611,7,90,10
210,623,2,90,10
211,625,2,90,10
212,630,1,90,10
213,631,2,90,10
214,633,2,90,10
215,635,10,90,10
216,650,6,90,10
217,651,2,90,10
218,652,3,90,10
219,655,2,90,10
0,2,5,90,11
1,4,6,90,11
2,7,2,90,11
3,8,1,90,11
4,11,10,90,11
5,14,1,90,11
6,15,1,90,11
7,16,2,90,11
8,17,10,90,11
9,18,1,90,11
10,19,11,90,11
11,20,2,90,11
12,24,1,90,11
13,26,5,90,11
14,27,2,90,11
15,32,4,90,11
16,36,1,90,11
17,38,2,90,11
18,44,1,90,11
19,45,1,90,11
20,47,3,90,11
21,48,5,90,11
22,52,1,90,11
23,53,2,90,11
24,58,6,90,11
25,59,2,90,11
26,63,5,90,11
27,64,2,90,11
28,65,3,90,11
29,78,2,90,11
30,79,2,90,11
31,81,2,90,11
32,82,2,90,11
33,83,2,90,11
34,84,2,90,11
35,85,2,90,11
36,88,1,90,11
37,89,2,90,11
38,91,1,90,11
39,94,2,90,11
40,95,2,90,11
41,98,2,90,11
42,101,2,90,11
43,104,1,90,11
44,105,1,90,11
45,110,2,90,11
46,115,3,90,11
47,117,2,90,11
48,122,6,90,11
49,126,3,90,11
50,128,6,90,11
51,134,3,90,11
52,136,3,90,11
53,144,6,90,11
54,145,6,90,11
55,146,6,90,11
56,148,2,90,11
57,157,3,90,11
58,159,2,90,11
59,162,6,90,11
60,163,6,90,11
61,171,6,90,11
62,172,6,90,11
63,177,3,90,11
64,180,2,90,11
65,182,5,90,11
66,185,6,90,11
67,189,9,90,11
68,191,9,90,11
69,196,2,90,11
70,200,2,90,11
71,201,2,90,11
72,203,5,90,11
73,204,1,90,11
74,205,5,90,11
75,207,9,90,11
76,210,2,90,11
77,211,2,90,11
78,217,2,90,11
79,219,1,90,11
80,220,2,90,11
81,222,5,90,11
82,224,5,90,11
83,230,12,90,11
84,233,2,90,11
85,235,1,90,11
86,236,7,90,11
87,238,1,90,11
88,239,4,90,11
89,240,3,90,11
90,241,12,90,11
91,247,13,90,11
92,248,9,90,11
93,254,3,90,11
94,257,6,90,11
95,259,3,90,11
96,265,8,90,11
97,267,2,90,11
98,272,6,90,11
99,278,2,90,11
100,284,5,90,11
101,291,1,90,11
102,293,1,90,11
103,295,2,90,11
104,296,1,90,11
105,300,5,90,11
106,302,1,90,11
107,309,2,90,11
108,311,9,90,11
109,316,3,90,11
110,320,3,90,11
111,323,3,90,11
112,324,3,90,11
113,325,8,90,11
114,326,6,90,11
115,327,3,90,11
116,328,3,90,11
117,329,3,90,11
118,338,1,90,11
119,339,6,90,11
120,342,2,90,11
121,347,2,90,11
122,348,7,90,11
123,350,5,90,11
124,351,2,90,11
125,354,2,90,11
126,355,4,90,11
127,356,2,90,11
128,359,7,90,11
129,362,2,90,11
130,366,3,90,11
131,368,3,90,11
132,369,6,90,11
133,372,3,90,11
134,375,2,90,11
135,377,6,90,11
136,380,6,90,11
137,383,6,90,11
138,385,3,90,11
139,388,1,90,11
140,391,2,90,11
141,392,7,90,11
142,394,6,90,11
143,398,5,90,11
144,401,8,90,11
145,403,2,90,11
146,409,1,90,11
147,411,2,90,11
148,413,1,90,11
149,415,1,90,11
150,417,2,90,11
151,422,4,90,11
152,423,5,90,11
153,431,2,90,11
154,432,2,90,11
155,433,7,90,11
156,434,5,90,11
157,436,8,90,11
158,443,2,90,11
159,449,2,90,11
160,452,2,90,11
161,453,7,90,11
162,455,3,90,11
163,461,1,90,11
164,476,1,90,11
165,480,2,90,11
166,482,2,90,11
167,486,2,90,11
168,491,7,90,11
169,494,2,90,11
170,495,5,90,11
171,497,6,90,11
172,501,4,90,11
173,503,3,90,11
174,505,5,90,11
175,508,2,90,11
176,511,2,90,11
177,512,5,90,11
178,514,8,90,11
179,518,2,90,11
180,520,1,90,11
181,521,1,90,11
182,524,1,90,11
183,527,2,90,11
184,528,1,90,11
185,533,1,90,11
186,541,9,90,11
187,542,3,90,11
188,553,2,90,11
189,557,2,90,11
190,559,1,90,11
191,560,4,90,11
192,565,2,90,11
193,566,3,90,11
194,568,2,90,11
195,570,2,90,11
196,573,2,90,11
197,577,2,90,11
198,583,5,90,11
199,584,5,90,11
200,588,2,90,11
201,591,1,90,11
202,593,6,90,11
203,594,6,90,11
204,608,7,90,11
205,617,6,90,11
206,619,2,90,11
207,622,3,90,11
208,623,2,90,11
209,625,2,90,11
210,628,6,90,11
211,630,2,90,11
212,631,7,90,11
213,633,5,90,11
214,635,7,90,11
215,650,2,90,11
216,651,5,90,11
217,655,2,90,11
218,10001,5,90,11
219,10149,2,90,11
0,4,2,90,12
1,6,2,90,12
2,9,7,90,12
3,11,3,90,12
4,12,2,90,12
5,14,2,90,12
6,15,2,90,12
7,16,3,90,12
8,17,8,90,12
9,18,2,90,12
10,19,5,90,12
11,20,2,90,12
12,23,2,90,12
13,24,2,90,12
14,38,11,90,12
15,44,1,90,12
16,47,1,90,12
17,48,2,90,12
18,49,1,90,12
19,52,1,90,12
20,53,2,90,12
21,54,5,90,12
22,57,2,90,12
23,58,5,90,12
24,60,2,90,12
25,63,5,90,12
26,64,2,90,12
27,65,2,90,12
28,70,1,90,12
29,71,2,90,12
30,78,2,90,12
31,81,1,90,12
32,82,8,90,12
33,83,2,90,12
34,84,1,90,12
35,85,1,90,12
36,86,1,90,12
37,88,1,90,12
38,91,1,90,12
39,94,2,90,12
40,95,2,90,12
41,98,2,90,12
42,99,7,90,12
43,101,2,90,12
44,106,2,90,12
45,110,2,90,12
46,113,2,90,12
47,115,2,90,12
48,117,6,90,12
49,120,1,90,12
50,123,6,90,12
51,128,1,90,12
52,144,1,90,12
53,145,1,90,12
54,146,4,90,12
55,148,5,90,12
56,157,2,90,12
57,159,2,90,12
58,162,2,90,12
59,171,2,90,12
60,172,2,90,12
61,174,2,90,12
62,177,2,90,12
63,180,3,90,12
64,182,5,90,12
65,185,2,90,12
66,187,2,90,12
67,189,2,90,12
68,191,2,90,12
69,192,3,90,12
70,196,2,90,12
71,200,2,90,12
72,201,2,90,12
73,202,8,90,12
74,203,2,90,12
75,204,2,90,12
76,205,2,90,12
77,207,5,90,12
78,211,5,90,12
79,217,2,90,12
80,219,1,90,12
81,220,5,90,12
82,222,7,90,12
83,224,2,90,12
84,231,1,90,12
85,232,2,90,12
86,235,2,90,12
87,236,1,90,12
88,238,4,90,12
89,240,2,90,12
90,241,11,90,12
91,243,2,90,12
92,247,4,90,12
93,248,5,90,12
94,252,6,90,12
95,254,2,90,12
96,255,2,90,12
97,264,2,90,12
98,265,2,90,12
99,267,2,90,12
100,268,2,90,12
101,272,2,90,12
102,274,2,90,12
103,275,2,90,12
104,277,2,90,12
105,284,2,90,12
106,289,6,90,12
107,291,7,90,12
108,293,8,90,12
109,295,6,90,12
110,300,3,90,12
111,301,6,90,12
112,302,6,90,12
113,309,3,90,12
114,311,7,90,12
115,321,3,90,12
116,323,7,90,12
117,325,2,90,12
118,326,2,90,12
119,327,2,90,12
120,328,2,90,12
121,329,2,90,12
122,335,8,90,12
123,336,5,90,12
124,338,1,90,12
125,339,2,90,12
126,340,6,90,12
127,342,3,90,12
128,347,6,90,12
129,348,13,90,12
130,350,6,90,12
131,351,7,90,12
132,354,3,90,12
133,355,6,90,12
134,362,7,90,12
135,366,3,90,12
136,368,3,90,12
137,369,6,90,12
138,370,8,90,12
139,372,3,90,12
140,375,2,90,12
141,380,6,90,12
142,383,8,90,12
143,385,3,90,12
144,388,6,90,12
145,394,2,90,12
146,395,2,90,12
147,398,7,90,12
148,399,2,90,12
149,401,2,90,12
150,402,2,90,12
151,404,2,90,12
152,409,2,90,12
153,410,5,90,12
154,413,4,90,12
155,415,2,90,12
156,422,2,90,12
157,423,2,90,12
158,424,2,90,12
159,431,2,90,12
160,434,5,90,12
161,436,2,90,12
162,437,3,90,12
163,443,2,90,12
164,447,2,90,12
165,449,2,90,12
166,453,2,90,12
167,455,10,90,12
168,461,2,90,12
169,463,5,90,12
170,467,2,90,12
171,474,5,90,12
172,482,2,90,12
173,486,1,90,12
174,491,5,90,12
175,492,5,90,12
176,494,2,90,12
177,495,7,90,12
178,497,2,90,12
179,498,1,90,12
180,499,2,90,12
181,508,1,90,12
182,511,8,90,12
183,512,2,90,12
184,514,3,90,12
185,517,6,90,12
186,518,2,90,12
187,520,6,90,12
188,521,8,90,12
189,523,5,90,12
190,524,6,90,12
191,527,3,90,12
192,533,2,90,12
193,535,2,90,12
194,541,2,90,12
195,542,2,90,12
196,553,2,90,12
197,559,2,90,12
198,563,7,90,12
199,564,2,90,12
200,567,7,90,12
201,568,2,90,12
202,569,2,90,12
203,570,3,90,12
204,571,11,90,12
205,584,2,90,12
206,593,6,90,12
207,600,2,90,12
208,608,12,90,12
209,620,2,90,12
210,622,3,90,12
211,623,5,90,12
212,625,6,90,12
213,628,1,90,12
214,630,2,90,12
215,650,2,90,12
216,651,2,90,12
217,652,3,90,12
218,654,3,90,12
219,10149,2,90,12
0,2,2,90,13
1,4,2,90,13
2,6,6,90,13
3,8,6,90,13
4,9,5,90,13
5,10,5,90,13
6,11,2,90,13
7,14,6,90,13
8,15,6,90,13
9,16,3,90,13
10,17,4,90,13
11,18,6,90,13
12,19,2,90,13
13,23,6,90,13
14,26,6,90,13
15,27,6,90,13
16,28,3,90,13
17,35,6,90,13
18,36,6,90,13
19,44,6,90,13
20,47,6,90,13
21,52,6,90,13
22,53,3,90,13
23,54,3,90,13
24,57,3,90,13
25,63,2,90,13
26,64,5,90,13
27,65,2,90,13
28,76,7,90,13
29,78,2,90,13
30,79,1,90,13
31,81,1,90,13
32,82,5,90,13
33,84,1,90,13
34,85,1,90,13
35,88,2,90,13
36,91,2,90,13
37,94,2,90,13
38,99,5,90,13
39,100,2,90,13
40,101,2,90,13
41,104,2,90,13
42,105,5,90,13
43,106,2,90,13
44,110,11,90,13
45,115,7,90,13
46,117,2,90,13
47,122,0,90,13
48,128,0,90,13
49,132,2,90,13
50,144,0,90,13
51,145,0,90,13
52,146,0,90,13
53,148,2,90,13
54,157,2,90,13
55,159,2,90,13
56,162,1,90,13
57,171,1,90,13
58,172,1,90,13
59,174,2,90,13
60,177,2,90,13
61,179,2,90,13
62,182,3,90,13
63,185,4,90,13
64,189,3,90,13
65,191,3,90,13
66,198,2,90,13
67,201,4,90,13
68,202,2,90,13
69,203,2,90,13
70,204,8,90,13
71,205,2,90,13
72,207,9,90,13
73,210,2,90,13
74,211,2,90,13
75,214,2,90,13
76,218,4,90,13
77,219,2,90,13
78,220,5,90,13
79,221,3,90,13
80,224,2,90,13
81,230,2,90,13
82,231,2,90,13
83,232,2,90,13
84,233,3,90,13
85,235,2,90,13
86,236,2,90,13
87,239,5,90,13
88,240,2,90,13
89,241,1,90,13
90,247,7,90,13
91,248,1,90,13
92,252,2,90,13
93,255,1,90,13
94,257,1,90,13
95,263,2,90,13
96,264,2,90,13
97,267,2,90,13
98,272,6,90,13
99,278,7,90,13
100,284,2,90,13
101,291,4,90,13
102,293,1,90,13
103,295,1,90,13
104,296,7,90,13
105,298,3,90,13
106,300,2,90,13
107,301,1,90,13
108,302,1,90,13
109,306,2,90,13
110,311,8,90,13
111,316,13,90,13
112,321,4,90,13
113,323,5,90,13
114,325,2,90,13
115,326,2,90,13
116,328,8,90,13
117,335,5,90,13
118,336,5,90,13
119,337,11,90,13
120,338,2,90,13
121,339,5,90,13
122,340,5,90,13
123,342,5,90,13
124,347,2,90,13
125,348,5,90,13
126,351,8,90,13
127,354,7,90,13
128,355,3,90,13
129,359,2,90,13
130,361,2,90,13
131,362,5,90,13
132,366,8,90,13
133,368,3,90,13
134,369,9,90,13
135,372,3,90,13
136,377,6,90,13
137,380,6,90,13
138,383,6,90,13
139,385,11,90,13
140,388,6,90,13
141,389,2,90,13
142,394,3,90,13
143,395,6,90,13
144,397,6,90,13
145,398,3,90,13
146,401,2,90,13
147,402,3,90,13
148,404,6,90,13
149,409,6,90,13
150,413,6,90,13
151,415,6,90,13
152,417,3,90,13
153,422,6,90,13
154,423,3,90,13
155,431,3,90,13
156,432,3,90,13
157,436,7,90,13
158,443,8,90,13
159,447,2,90,13
160,449,3,90,13
161,452,3,90,13
162,455,6,90,13
163,461,6,90,13
164,475,6,90,13
165,476,6,90,13
166,484,6,90,13
167,486,6,90,13
168,489,3,90,13
169,492,3,90,13
170,494,3,90,13
171,495,6,90,13
172,498,7,90,13
173,503,5,90,13
174,505,6,90,13
175,508,6,90,13
176,511,3,90,13
177,512,2,90,13
178,514,3,90,13
179,518,3,90,13
180,521,6,90,13
181,524,9,90,13
182,530,3,90,13
183,533,2,90,13
184,542,2,90,13
185,553,2,90,13
186,557,2,90,13
187,559,3,90,13
188,560,2,90,13
189,563,2,90,13
190,564,2,90,13
191,567,2,90,13
192,568,2,90,13
193,571,2,90,13
194,573,6,90,13
195,587,3,90,13
196,588,3,90,13
197,590,2,90,13
198,591,6,90,13
199,592,1,90,13
200,593,6,90,13
201,594,6,90,13
202,595,2,90,13
203,596,3,90,13
204,598,6,90,13
205,600,2,90,13
206,608,3,90,13
207,617,2,90,13
208,618,5,90,13
209,619,4,90,13
210,623,3,90,13
211,625,7,90,13
212,630,2,90,13
213,631,8,90,13
214,633,3,90,13
215,650,2,90,13
216,651,2,90,13
217,654,3,90,13
218,655,2,90,13
219,10149,5,90,13
0,2,5,90,14
1,3,1,90,14
2,4,3,90,14
3,9,17,90,14
4,10,2,90,14
5,14,2,90,14
6,15,1,90,14
7,16,2,90,14
8,17,2,90,14
9,18,1,90,14
10,19,2,90,14
11,20,2,90,14
12,23,2,90,14
13,24,1,90,14
14,26,1,90,14
15,27,4,90,14
16,32,1,90,14
17,36,1,90,14
18,44,3,90,14
19,45,1,90,14
20,47,1,90,14
21,48,2,90,14
22,52,1,90,14
23,54,2,90,14
24,58,2,90,14
25,63,2,90,14
26,64,2,90,14
27,70,2,90,14
28,71,2,90,14
29,74,2,90,14
30,78,2,90,14
31,79,2,90,14
32,82,6,90,14
33,83,2,90,14
34,84,2,90,14
35,85,2,90,14
36,86,4,90,14
37,88,1,90,14
38,89,2,90,14
39,91,1,90,14
40,95,2,90,14
41,98,5,90,14
42,99,11,90,14
43,101,2,90,14
44,104,7,90,14
45,110,6,90,14
46,115,2,90,14
47,117,7,90,14
48,120,1,90,14
49,122,1,90,14
50,126,2,90,14
51,128,1,90,14
52,136,2,90,14
53,144,1,90,14
54,145,1,90,14
55,146,1,90,14
56,148,2,90,14
57,157,7,90,14
58,159,2,90,14
59,168,5,90,14
60,171,3,90,14
61,174,2,90,14
62,177,7,90,14
63,179,2,90,14
64,180,5,90,14
65,181,2,90,14
66,182,10,90,14
67,185,2,90,14
68,188,2,90,14
69,191,7,90,14
70,192,5,90,14
71,200,2,90,14
72,201,2,90,14
73,202,2,90,14
74,203,5,90,14
75,204,6,90,14
76,205,2,90,14
77,207,2,90,14
78,210,2,90,14
79,211,2,90,14
80,217,6,90,14
81,219,6,90,14
82,222,3,90,14
83,224,3,90,14
84,230,3,90,14
85,231,6,90,14
86,232,2,90,14
87,233,2,90,14
88,235,6,90,14
89,236,6,90,14
90,238,7,90,14
91,239,12,90,14
92,241,4,90,14
93,248,1,90,14
94,251,2,90,14
95,252,9,90,14
96,255,1,90,14
97,257,1,90,14
98,263,2,90,14
99,264,5,90,14
100,267,5,90,14
101,268,2,90,14
102,278,2,90,14
103,284,2,90,14
104,291,1,90,14
105,293,1,90,14
106,298,2,90,14
107,300,3,90,14
108,301,1,90,14
109,305,1,90,14
110,306,4,90,14
111,321,13,90,14
112,325,8,90,14
113,326,6,90,14
114,327,9,90,14
115,328,6,90,14
116,329,3,90,14
117,333,6,90,14
118,335,6,90,14
119,336,6,90,14
120,337,6,90,14
121,338,1,90,14
122,339,6,90,14
123,341,6,90,14
124,342,3,90,14
125,347,6,90,14
126,348,4,90,14
127,351,2,90,14
128,354,3,90,14
129,355,12,90,14
130,356,6,90,14
131,359,7,90,14
132,362,8,90,14
133,366,2,90,14
134,368,2,90,14
135,369,1,90,14
136,370,2,90,14
137,372,4,90,14
138,375,6,90,14
139,380,1,90,14
140,383,1,90,14
141,385,2,90,14
142,388,2,90,14
143,389,5,90,14
144,392,5,90,14
145,394,7,90,14
146,395,1,90,14
147,397,2,90,14
148,398,2,90,14
149,399,7,90,14
150,401,9,90,14
151,403,2,90,14
152,404,1,90,14
153,409,1,90,14
154,413,1,90,14
155,415,1,90,14
156,422,1,90,14
157,432,7,90,14
158,433,5,90,14
159,434,5,90,14
160,436,1,90,14
161,437,1,90,14
162,443,1,90,14
163,449,2,90,14
164,455,2,90,14
165,461,2,90,14
166,463,5,90,14
167,474,2,90,14
168,482,6,90,14
169,484,7,90,14
170,486,6,90,14
171,491,3,90,14
172,495,6,90,14
173,498,6,90,14
174,501,2,90,14
175,503,11,90,14
176,504,6,90,14
177,505,9,90,14
178,508,6,90,14
179,511,2,90,14
180,512,6,90,14
181,514,3,90,14
182,518,2,90,14
183,520,8,90,14
184,521,2,90,14
185,524,5,90,14
186,527,2,90,14
187,533,6,90,14
188,535,3,90,14
189,539,2,90,14
190,541,2,90,14
191,544,6,90,14
192,553,8,90,14
193,557,3,90,14
194,559,6,90,14
195,560,2,90,14
196,567,8,90,14
197,568,2,90,14
198,569,2,90,14
199,570,2,90,14
200,573,1,90,14
201,580,2,90,14
202,585,2,90,14
203,587,5,90,14
204,588,7,90,14
205,591,4,90,14
206,593,1,90,14
207,595,2,90,14
208,607,6,90,14
209,608,2,90,14
210,619,2,90,14
211,620,2,90,14
212,622,2,90,14
213,623,2,90,14
214,625,3,90,14
215,630,2,90,14
216,631,10,90,14
217,650,3,90,14
218,651,8,90,14
219,10149,3,90,14
0,3,2,90,15
1,4,9,90,15
2,6,2,90,15
3,9,2,90,15
4,10,8,90,15
5,11,5,90,15
6,12,7,90,15
7,14,6,90,15
8,15,2,90,15
9,16,5,90,15
10,17,10,90,15
11,18,4,90,15
12,19,8,90,15
13,20,2,90,15
14,24,2,90,15
15,26,5,90,15
16,27,7,90,15
17,32,1,90,15
18,36,1,90,15
19,42,2,90,15
20,44,1,90,15
21,47,3,90,15
22,48,2,90,15
23,52,1,90,15
24,54,5,90,15
25,57,2,90,15
26,58,6,90,15
27,63,7,90,15
28,64,2,90,15
29,65,2,90,15
30,70,1,90,15
31,71,2,90,15
32,76,2,90,15
33,78,2,90,15
34,79,1,90,15
35,81,1,90,15
36,83,8,90,15
37,84,1,90,15
38,88,1,90,15
39,91,1,90,15
40,94,2,90,15
41,95,2,90,15
42,98,2,90,15
43,99,2,90,15
44,104,4,90,15
45,105,1,90,15
46,110,2,90,15
47,113,5,90,15
48,115,2,90,15
49,117,2,90,15
50,126,2,90,15
51,128,0,90,15
52,136,4,90,15
53,144,0,90,15
54,145,0,90,15
55,146,0,90,15
56,148,6,90,15
57,149,2,90,15
58,157,2,90,15
59,159,6,90,15
60,162,1,90,15
61,163,1,90,15
62,171,1,90,15
63,174,2,90,15
64,179,2,90,15
65,180,4,90,15
66,182,5,90,15
67,185,1,90,15
68,189,1,90,15
69,191,6,90,15
70,200,6,90,15
71,201,6,90,15
72,203,8,90,15
73,204,2,90,15
74,205,6,90,15
75,207,2,90,15
76,210,6,90,15
77,211,6,90,15
78,214,4,90,15
79,219,1,90,15
80,220,5,90,15
81,224,4,90,15
82,230,2,90,15
83,231,1,90,15
84,232,2,90,15
85,233,2,90,15
86,235,1,90,15
87,236,1,90,15
88,238,1,90,15
89,239,8,90,15
90,240,3,90,15
91,241,6,90,15
92,247,9,90,15
93,248,6,90,15
94,252,6,90,15
95,254,3,90,15
96,255,8,90,15
97,267,2,90,15
98,268,2,90,15
99,272,5,90,15
100,274,5,90,15
101,275,8,90,15
102,278,2,90,15
103,291,2,90,15
104,293,2,90,15
105,295,2,90,15
106,296,2,90,15
107,298,2,90,15
108,301,2,90,15
109,309,2,90,15
110,311,2,90,15
111,314,2,90,15
112,321,9,90,15
113,323,5,90,15
114,325,9,90,15
115,326,2,90,15
116,327,7,90,15
117,328,10,90,15
118,335,2,90,15
119,336,2,90,15
120,337,5,90,15
121,338,1,90,15
122,339,5,90,15
123,340,5,90,15
124,342,2,90,15
125,347,2,90,15
126,348,2,90,15
127,351,7,90,15
128,354,2,90,15
129,355,2,90,15
130,356,2,90,15
131,357,2,90,15
132,359,2,90,15
133,361,8,90,15
134,365,6,90,15
135,366,9,90,15
136,368,11,90,15
137,369,6,90,15
138,371,6,90,15
139,380,6,90,15
140,383,6,90,15
141,385,3,90,15
142,388,0,90,15
143,394,2,90,15
144,395,1,90,15
145,398,7,90,15
146,399,1,90,15
147,401,2,90,15
148,403,2,90,15
149,404,1,90,15
150,409,1,90,15
151,413,2,90,15
152,415,1,90,15
153,417,2,90,15
154,422,2,90,15
155,423,8,90,15
156,432,10,90,15
157,434,10,90,15
158,436,2,90,15
159,443,2,90,15
160,447,6,90,15
161,449,7,90,15
162,452,8,90,15
163,455,6,90,15
164,461,6,90,15
165,463,8,90,15
166,474,6,90,15
167,476,9,90,15
168,482,2,90,15
169,484,5,90,15
170,491,2,90,15
171,492,2,90,15
172,494,3,90,15
173,495,2,90,15
174,499,7,90,15
175,501,2,90,15
176,503,10,90,15
177,504,5,90,15
178,505,2,90,15
179,508,2,90,15
180,511,2,90,15
181,512,3,90,15
182,514,2,90,15
183,515,6,90,15
184,518,3,90,15
185,521,0,90,15
186,524,0,90,15
187,527,7,90,15
188,528,0,90,15
189,530,2,90,15
190,533,2,90,15
191,535,2,90,15
192,542,2,90,15
193,553,2,90,15
194,557,2,90,15
195,559,2,90,15
196,563,2,90,15
197,564,2,90,15
198,566,4,90,15
199,567,2,90,15
200,568,2,90,15
201,570,9,90,15
202,573,2,90,15
203,577,2,90,15
204,588,5,90,15
205,591,2,90,15
206,593,6,90,15
207,594,9,90,15
208,596,2,90,15
209,608,3,90,15
210,618,2,90,15
211,619,2,90,15
212,621,2,90,15
213,625,7,90,15
214,630,2,90,15
215,631,3,90,15
216,635,5,90,15
217,650,6,90,15
218,651,2,90,15
219,652,8,90,15
0,3,2,90,16
1,6,2,90,16
2,8,2,90,16
3,9,2,90,16
4,11,2,90,16
5,14,2,90,16
6,15,3,90,16
7,16,2,90,16
8,17,2,90,16
9,18,2,90,16
10,19,4,90,16
11,20,2,90,16
12,24,2,90,16
13,26,1,90,16
14,27,2,90,16
15,31,3,90,16
16,32,6,90,16
17,44,6,90,16
18,47,6,90,16
19,48,3,90,16
20,52,6,90,16
21,53,8,90,16
22,54,3,90,16
23,57,6,90,16
24,59,1,90,16
25,62,2,90,16
26,64,2,90,16
27,71,2,90,16
28,78,2,90,16
29,79,7,90,16
30,81,1,90,16
31,82,5,90,16
32,83,2,90,16
33,84,3,90,16
34,88,1,90,16
35,91,1,90,16
36,94,2,90,16
37,95,5,90,16
38,98,7,90,16
39,99,2,90,16
40,101,2,90,16
41,104,4,90,16
42,105,1,90,16
43,110,2,90,16
44,115,2,90,16
45,126,2,90,16
46,128,2,90,16
47,136,2,90,16
48,144,2,90,16
49,145,2,90,16
50,146,3,90,16
51,148,2,90,16
52,149,2,90,16
53,157,2,90,16
54,159,1,90,16
55,162,1,90,16
56,171,1,90,16
57,172,1,90,16
58,174,2,90,16
59,177,3,90,16
60,180,2,90,16
61,181,10,90,16
62,182,10,90,16
63,185,1,90,16
64,188,2,90,16
65,191,5,90,16
66,192,2,90,16
67,200,1,90,16
68,201,1,90,16
69,203,2,90,16
70,204,2,90,16
71,205,7,90,16
72,207,3,90,16
73,210,1,90,16
74,211,1,90,16
75,214,2,90,16
76,217,3,90,16
77,219,6,90,16
78,220,2,90,16
79,224,11,90,16
80,228,6,90,16
81,230,3,90,16
82,231,6,90,16
83,232,5,90,16
84,233,3,90,16
85,235,6,90,16
86,238,6,90,16
87,239,7,90,16
88,240,5,90,16
89,241,8,90,16
90,244,2,90,16
91,248,2,90,16
92,251,3,90,16
93,252,2,90,16
94,255,2,90,16
95,257,2,90,16
96,263,6,90,16
97,265,8,90,16
98,267,9,90,16
99,268,3,90,16
100,272,2,90,16
101,274,3,90,16
102,277,3,90,16
103,284,6,90,16
104,289,2,90,16
105,291,2,90,16
106,293,5,90,16
107,295,2,90,16
108,296,4,90,16
109,298,2,90,16
110,300,2,90,16
111,302,2,90,16
112,307,2,90,16
113,311,6,90,16
114,316,4,90,16
115,321,6,90,16
116,323,3,90,16
117,325,6,90,16
118,326,6,90,16
119,327,3,90,16
120,328,6,90,16
121,329,3,90,16
122,337,6,90,16
123,338,1,90,16
124,339,6,90,16
125,341,2,90,16
126,342,7,90,16
127,347,2,90,16
128,348,2,90,16
129,350,5,90,16
130,351,7,90,16
131,354,2,90,16
132,355,2,90,16
133,356,2,90,16
134,361,2,90,16
135,364,5,90,16
136,366,2,90,16
137,371,1,90,16
138,372,7,90,16
139,375,9,90,16
140,380,10,90,16
141,383,3,90,16
142,385,2,90,16
143,389,2,90,16
144,391,3,90,16
145,395,6,90,16
146,398,3,90,16
147,401,6,90,16
148,403,3,90,16
149,404,6,90,16
150,409,9,90,16
151,410,3,90,16
152,413,6,90,16
153,415,6,90,16
154,417,3,90,16
155,422,1,90,16
156,423,5,90,16
157,432,7,90,16
158,436,1,90,16
159,437,1,90,16
160,443,1,90,16
161,447,8,90,16
162,449,2,90,16
163,455,2,90,16
164,461,2,90,16
165,463,2,90,16
166,474,4,90,16
167,476,3,90,16
168,480,2,90,16
169,482,2,90,16
170,484,3,90,16
171,486,2,90,16
172,492,2,90,16
173,494,4,90,16
174,495,2,90,16
175,498,2,90,16
176,501,2,90,16
177,505,2,90,16
178,508,2,90,16
179,511,2,90,16
180,512,6,90,16
181,514,2,90,16
182,518,2,90,16
183,520,1,90,16
184,521,1,90,16
185,524,2,90,16
186,527,5,90,16
187,530,2,90,16
188,533,8,90,16
189,542,5,90,16
190,543,8,90,16
191,548,5,90,16
192,553,2,90,16
193,557,2,90,16
194,559,4,90,16
195,560,2,90,16
196,566,2,90,16
197,567,2,90,16
198,568,6,90,16
199,571,5,90,16
200,573,1,90,16
201,580,1,90,16
202,587,7,90,16
203,588,2,90,16
204,593,4,90,16
205,598,6,90,16
206,600,2,90,16
207,608,2,90,16
208,617,5,90,16
209,619,3,90,16
210,620,2,90,16
211,623,2,90,16
212,628,2,90,16
213,630,6,90,16
214,633,4,90,16
215,650,4,90,16
216,651,3,90,16
217,652,2,90,16
218,654,2,90,16
219,655,7,90,16
0,3,1,90,17
1,4,5,90,17
2,6,1,90,17
3,9,15,90,17
4,10,2,90,17
5,11,2,90,17
6,14,4,90,17
7,15,1,90,17
8,16,2,90,17
9,17,5,90,17
10,18,3,90,17
11,19,2,90,17
12,20,2,90,17
13,23,7,90,17
14,24,2,90,17
15,26,1,90,17
16,28,2,90,17
17,32,1,90,17
18,36,1,90,17
19,44,1,90,17
20,45,1,90,17
21,47,1,90,17
22,48,7,90,17
23,53,8,90,17
24,57,2,90,17
25,58,6,90,17
26,64,2,90,17
27,70,0,90,17
28,71,2,90,17
29,74,2,90,17
30,78,2,90,17
31,79,0,90,17
32,82,6,90,17
33,83,2,90,17
34,84,0,90,17
35,85,0,90,17
36,86,9,90,17
37,88,6,90,17
38,91,9,90,17
39,95,3,90,17
40,98,3,90,17
41,99,5,90,17
42,100,6,90,17
43,101,4,90,17
44,104,6,90,17
45,106,3,90,17
46,110,6,90,17
47,115,2,90,17
48,117,2,90,17
49,121,2,90,17
50,122,2,90,17
51,128,2,90,17
52,135,2,90,17
53,144,2,90,17
54,145,2,90,17
55,146,2,90,17
56,148,2,90,17
57,149,2,90,17
58,157,2,90,17
59,162,2,90,17
60,168,2,90,17
61,171,2,90,17
62,172,5,90,17
63,174,2,90,17
64,180,9,90,17
65,182,2,90,17
66,185,2,90,17
67,189,2,90,17
68,191,2,90,17
69,200,0,90,17
70,201,0,90,17
71,203,2,90,17
72,204,2,90,17
73,207,9,90,17
74,210,1,90,17
75,211,0,90,17
76,214,5,90,17
77,219,4,90,17
78,220,2,90,17
79,222,2,90,17
80,224,2,90,17
81,230,7,90,17
82,231,1,90,17
83,232,5,90,17
84,233,2,90,17
85,235,1,90,17
86,236,2,90,17
87,240,2,90,17
88,241,2,90,17
89,247,2,90,17
90,248,2,90,17
91,251,2,90,17
92,252,2,90,17
93,255,2,90,17
94,257,2,90,17
95,263,2,90,17
96,267,2,90,17
97,272,2,90,17
98,274,2,90,17
99,277,2,90,17
100,291,2,90,17
101,293,2,90,17
102,295,2,90,17
103,296,2,90,17
104,298,10,90,17
105,300,2,90,17
106,302,2,90,17
107,306,4,90,17
108,307,2,90,17
109,309,5,90,17
110,311,6,90,17
111,313,6,90,17
112,316,8,90,17
113,321,3,90,17
114,323,3,90,17
115,325,6,90,17
116,326,6,90,17
117,328,6,90,17
118,329,6,90,17
119,336,3,90,17
120,339,6,90,17
121,342,3,90,17
122,347,6,90,17
123,348,11,90,17
124,350,12,90,17
125,351,9,90,17
126,354,3,90,17
127,355,12,90,17
128,356,3,90,17
129,359,2,90,17
130,361,7,90,17
131,362,6,90,17
132,364,2,90,17
133,366,5,90,17
134,368,2,90,17
135,369,2,90,17
136,372,2,90,17
137,377,2,90,17
138,380,4,90,17
139,383,2,90,17
140,385,7,90,17
141,388,2,90,17
142,391,2,90,17
143,392,2,90,17
144,394,2,90,17
145,398,7,90,17
146,399,1,90,17
147,401,2,90,17
148,402,2,90,17
149,403,5,90,17
150,409,7,90,17
151,413,1,90,17
152,415,1,90,17
153,422,1,90,17
154,423,2,90,17
155,424,5,90,17
156,432,7,90,17
157,434,5,90,17
158,436,1,90,17
159,443,1,90,17
160,444,1,90,17
161,447,2,90,17
162,449,2,90,17
163,452,2,90,17
164,455,2,90,17
165,461,2,90,17
166,470,2,90,17
167,472,2,90,17
168,474,2,90,17
169,476,2,90,17
170,482,5,90,17
171,486,4,90,17
172,491,7,90,17
173,492,7,90,17
174,494,6,90,17
175,495,1,90,17
176,498,1,90,17
177,503,7,90,17
178,505,1,90,17
179,508,1,90,17
180,511,2,90,17
181,514,14,90,17
182,518,2,90,17
183,520,2,90,17
184,521,2,90,17
185,524,2,90,17
186,527,5,90,17
187,528,2,90,17
188,533,2,90,17
189,535,5,90,17
190,541,15,90,17
191,557,2,90,17
192,559,2,90,17
193,560,3,90,17
194,564,2,90,17
195,566,16,90,17
196,567,2,90,17
197,568,2,90,17
198,577,2,90,17
199,583,5,90,17
200,584,12,90,17
201,585,2,90,17
202,587,5,90,17
203,588,2,90,17
204,591,3,90,17
205,592,0,90,17
206,594,2,90,17
207,611,2,90,17
208,617,4,90,17
209,618,2,90,17
210,623,5,90,17
211,625,8,90,17
212,630,2,90,17
213,631,8,90,17
214,644,2,90,17
215,650,0,90,17
216,651,2,90,17
217,652,2,90,17
218,655,7,90,17
219,10149,5,90,17
0,2,5,90,18
1,4,2,90,18
2,6,6,90,18
3,8,6,90,18
4,10,2,90,18
5,11,6,90,18
6,14,5,90,18
7,15,6,90,18
8,16,3,90,18
9,17,8,90,18
10,18,6,90,18
11,19,2,90,18
12,20,4,90,18
13,23,11,90,18
14,24,6,90,18
15,26,3,90,18
16,27,2,90,18
17,28,3,90,18
18,32,6,90,18
19,36,6,90,18
20,45,6,90,18
21,47,6,90,18
22,48,6,90,18
23,52,6,90,18
24,53,9,90,18
25,54,3,90,18
26,57,6,90,18
27,62,2,90,18
28,63,2,90,18
29,64,2,90,18
30,70,1,90,18
31,74,2,90,18
32,76,2,90,18
33,78,3,90,18
34,79,1,90,18
35,82,2,90,18
36,83,2,90,18
37,84,3,90,18
38,85,4,90,18
39,88,2,90,18
40,91,2,90,18
41,94,2,90,18
42,98,2,90,18
43,99,2,90,18
44,101,2,90,18
45,104,9,90,18
46,105,2,90,18
47,110,4,90,18
48,120,1,90,18
49,121,5,90,18
50,123,2,90,18
51,126,2,90,18
52,128,1,90,18
53,144,1,90,18
54,145,1,90,18
55,146,1,90,18
56,159,2,90,18
57,162,2,90,18
58,163,2,90,18
59,171,2,90,18
60,172,2,90,18
61,174,2,90,18
62,177,7,90,18
63,180,5,90,18
64,182,2,90,18
65,185,2,90,18
66,189,2,90,18
67,191,5,90,18
68,192,3,90,18
69,200,2,90,18
70,201,5,90,18
71,203,2,90,18
72,204,1,90,18
73,205,3,90,18
74,207,10,90,18
75,210,2,90,18
76,211,2,90,18
77,219,5,90,18
78,221,2,90,18
79,222,4,90,18
80,224,7,90,18
81,230,3,90,18
82,231,2,90,18
83,233,3,90,18
84,234,2,90,18
85,235,2,90,18
86,236,2,90,18
87,238,2,90,18
88,240,5,90,18
89,241,2,90,18
90,247,2,90,18
91,248,2,90,18
92,251,6,90,18
93,252,2,90,18
94,255,2,90,18
95,257,2,90,18
96,263,7,90,18
97,264,3,90,18
98,267,8,90,18
99,268,2,90,18
100,274,6,90,18
101,278,3,90,18
102,284,6,90,18
103,290,3,90,18
104,291,6,90,18
105,293,6,90,18
106,295,6,90,18
107,300,3,90,18
108,301,6,90,18
109,306,2,90,18
110,309,3,90,18
111,311,3,90,18
112,316,8,90,18
113,321,6,90,18
114,323,2,90,18
115,324,2,90,18
116,325,2,90,18
117,326,2,90,18
118,328,2,90,18
119,335,5,90,18
120,336,2,90,18
121,338,2,90,18
122,339,2,90,18
123,341,6,90,18
124,342,3,90,18
125,347,6,90,18
126,348,6,90,18
127,350,6,90,18
128,351,14,90,18
129,354,3,90,18
130,355,6,90,18
131,359,3,90,18
132,366,3,90,18
133,368,2,90,18
134,369,2,90,18
135,370,2,90,18
136,372,2,90,18
137,380,5,90,18
138,383,2,90,18
139,385,4,90,18
140,392,2,90,18
141,394,2,90,18
142,398,2,90,18
143,399,1,90,18
144,401,4,90,18
145,402,2,90,18
146,403,2,90,18
147,404,1,90,18
148,409,1,90,18
149,413,1,90,18
150,415,1,90,18
151,422,1,90,18
152,423,5,90,18
153,425,1,90,18
154,432,7,90,18
155,433,2,90,18
156,434,3,90,18
157,443,1,90,18
158,449,2,90,18
159,452,7,90,18
160,455,2,90,18
161,461,2,90,18
162,470,2,90,18
163,472,2,90,18
164,474,2,90,18
165,476,5,90,18
166,486,2,90,18
167,491,2,90,18
168,492,2,90,18
169,494,4,90,18
170,495,2,90,18
171,498,2,90,18
172,499,2,90,18
173,501,3,90,18
174,503,2,90,18
175,505,2,90,18
176,508,2,90,18
177,511,2,90,18
178,514,5,90,18
179,516,5,90,18
180,517,2,90,18
181,518,2,90,18
182,520,2,90,18
183,521,2,90,18
184,524,2,90,18
185,530,7,90,18
186,533,3,90,18
187,541,6,90,18
188,542,1,90,18
189,553,2,90,18
190,557,2,90,18
191,559,1,90,18
192,560,5,90,18
193,563,2,90,18
194,564,1,90,18
195,566,2,90,18
196,568,6,90,18
197,570,3,90,18
198,571,6,90,18
199,573,4,90,18
200,585,5,90,18
201,587,7,90,18
202,588,2,90,18
203,591,2,90,18
204,593,8,90,18
205,594,2,90,18
206,596,2,90,18
207,600,7,90,18
208,618,2,90,18
209,623,2,90,18
210,625,3,90,18
211,628,1,90,18
212,630,6,90,18
213,631,3,90,18
214,650,2,90,18
215,651,2,90,18
216,652,2,90,18
217,10001,6,90,18
218,10077,5,90,18
219,10149,2,90,18
0,3,1,90,19
1,4,2,90,19
2,6,2,90,19
3,8,7,90,19
4,9,2,90,19
5,10,2,90,19
6,11,2,90,19
7,14,1,90,19
8,15,1,90,19
9,16,2,90,19
10,17,5,90,19
11,18,1,90,19
12,19,2,90,19
13,20,2,90,19
14,26,1,90,19
15,27,2,90,19
16,31,2,90,19
17,32,0,90,19
18,36,0,90,19
19,44,0,90,19
20,47,0,90,19
21,48,2,90,19
22,52,0,90,19
23,53,2,90,19
24,54,2,90,19
25,57,3,90,19
26,58,2,90,19
27,63,5,90,19
28,64,2,90,19
29,70,0,90,19
30,71,2,90,19
31,78,2,90,19
32,79,0,90,19
33,81,0,90,19
34,82,9,90,19
35,83,2,90,19
36,84,0,90,19
37,85,0,90,19
38,86,6,90,19
39,88,6,90,19
40,91,6,90,19
41,95,3,90,19
42,98,8,90,19
43,101,3,90,19
44,104,6,90,19
45,105,6,90,19
46,106,3,90,19
47,110,5,90,19
48,115,2,90,19
49,122,1,90,19
50,123,2,90,19
51,128,1,90,19
52,136,2,90,19
53,144,1,90,19
54,145,1,90,19
55,146,1,90,19
56,148,2,90,19
57,157,2,90,19
58,159,6,90,19
59,162,4,90,19
60,163,1,90,19
61,171,1,90,19
62,177,2,90,19
63,179,12,90,19
64,180,7,90,19
65,181,2,90,19
66,182,10,90,19
67,185,1,90,19
68,186,2,90,19
69,189,4,90,19
70,191,2,90,19
71,198,6,90,19
72,200,7,90,19
73,201,6,90,19
74,203,6,90,19
75,204,1,90,19
76,205,9,90,19
77,207,10,90,19
78,210,6,90,19
79,211,6,90,19
80,214,5,90,19
81,217,2,90,19
82,219,2,90,19
83,220,7,90,19
84,224,7,90,19
85,231,2,90,19
86,232,4,90,19
87,235,5,90,19
88,236,2,90,19
89,238,2,90,19
90,239,3,90,19
91,240,2,90,19
92,241,2,90,19
93,247,2,90,19
94,248,2,90,19
95,252,4,90,19
96,255,2,90,19
97,263,1,90,19
98,264,2,90,19
99,267,1,90,19
100,268,7,90,19
101,272,2,90,19
102,274,2,90,19
103,278,2,90,19
104,291,2,90,19
105,293,2,90,19
106,295,5,90,19
107,298,2,90,19
108,300,2,90,19
109,301,5,90,19
110,306,6,90,19
111,309,2,90,19
112,311,11,90,19
113,316,10,90,19
114,320,3,90,19
115,321,5,90,19
116,323,3,90,19
117,324,3,90,19
118,325,6,90,19
119,326,7,90,19
120,328,6,90,19
121,329,3,90,19
122,338,6,90,19
123,339,6,90,19
124,342,8,90,19
125,347,6,90,19
126,348,11,90,19
127,350,6,90,19
128,351,12,90,19
129,354,3,90,19
130,355,10,90,19
131,359,5,90,19
132,361,6,90,19
133,364,2,90,19
134,366,9,90,19
135,368,2,90,19
136,369,0,90,19
137,372,2,90,19
138,375,5,90,19
139,380,0,90,19
140,383,0,90,19
141,385,10,90,19
142,392,5,90,19
143,394,5,90,19
144,397,7,90,19
145,398,2,90,19
146,399,2,90,19
147,401,8,90,19
148,403,2,90,19
149,409,2,90,19
150,410,2,90,19
151,413,5,90,19
152,415,2,90,19
153,417,7,90,19
154,422,1,90,19
155,423,2,90,19
156,424,2,90,19
157,425,1,90,19
158,432,4,90,19
159,436,1,90,19
160,437,1,90,19
161,443,1,90,19
162,453,2,90,19
163,455,1,90,19
164,461,1,90,19
165,463,5,90,19
166,472,1,90,19
167,482,3,90,19
168,484,6,90,19
169,486,6,90,19
170,491,5,90,19
171,492,13,90,19
172,494,8,90,19
173,495,9,90,19
174,496,6,90,19
175,501,2,90,19
176,503,12,90,19
177,508,6,90,19
178,511,8,90,19
179,512,2,90,19
180,514,3,90,19
181,516,12,90,19
182,518,2,90,19
183,520,10,90,19
184,521,9,90,19
185,524,6,90,19
186,527,3,90,19
187,533,1,90,19
188,541,2,90,19
189,548,2,90,19
190,553,2,90,19
191,557,2,90,19
192,559,1,90,19
193,564,1,90,19
194,566,2,90,19
195,567,1,90,19
196,568,3,90,19
197,571,9,90,19
198,577,2,90,19
199,587,3,90,19
200,588,3,90,19
201,591,6,90,19
202,592,0,90,19
203,593,0,90,19
204,594,0,90,19
205,596,2,90,19
206,600,2,90,19
207,607,3,90,19
208,608,2,90,19
209,611,2,90,19
210,618,2,90,19
211,620,2,90,19
212,622,5,90,19
213,623,2,90,19
214,625,3,90,19
215,630,1,90,19
216,635,7,90,19
217,650,6,90,19
218,651,2,90,19
219,10149,2,90,19
0,3,5,90,20
1,4,6,90,20
2,6,2,90,20
3,8,2,90,20
4,11,2,90,20
5,14,3,90,20
6,15,2,90,20
7,16,2,90,20
8,17,5,90,20
9,18,2,90,20
10,19,2,90,20
11,20,9,90,20
12,23,2,90,20
13,25,2,90,20
14,26,1,90,20
15,27,6,90,20
16,36,0,90,20
17,38,2,90,20
18,44,6,90,20
19,45,0,90,20
20,47,0,90,20
21,48,5,90,20
22,52,0,90,20
23,54,2,90,20
24,57,2,90,20
25,58,4,90,20
26,63,2,90,20
27,64,2,90,20
28,70,8,90,20
29,71,2,90,20
30,78,2,90,20
31,79,1,90,20
32,81,4,90,20
33,82,6,90,20
34,83,2,90,20
35,84,1,90,20
36,85,1,90,20
37,88,1,90,20
38,91,1,90,20
39,95,10,90,20
40,98,2,90,20
41,99,7,90,20
42,100,1,90,20
43,101,2,90,20
44,104,1,90,20
45,105,1,90,20
46,110,4,90,20
47,113,2,90,20
48,115,2,90,20
49,122,1,90,20
50,126,7,90,20
51,128,1,90,20
52,136,2,90,20
53,144,1,90,20
54,146,1,90,20
55,148,5,90,20
56,157,2,90,20
57,159,2,90,20
58,162,4,90,20
59,168,2,90,20
60,171,8,90,20
61,172,2,90,20
62,174,2,90,20
63,180,2,90,20
64,182,6,90,20
65,185,5,90,20
66,189,2,90,20
67,191,1,90,20
68,192,2,90,20
69,200,2,90,20
70,201,2,90,20
71,203,2,90,20
72,204,6,90,20
73,205,2,90,20
74,210,2,90,20
75,211,2,90,20
76,214,2,90,20
77,217,2,90,20
78,219,2,90,20
79,220,5,90,20
80,221,2,90,20
81,222,2,90,20
82,224,2,90,20
83,230,7,90,20
84,232,2,90,20
85,233,2,90,20
86,235,2,90,20
87,236,2,90,20
88,238,5,90,20
89,239,8,90,20
90,240,2,90,20
91,241,1,90,20
92,247,10,90,20
93,248,1,90,20
94,254,2,90,20
95,255,4,90,20
96,257,4,90,20
97,263,1,90,20
98,265,10,90,20
99,267,3,90,20
100,272,6,90,20
101,274,2,90,20
102,275,1,90,20
103,291,1,90,20
104,293,1,90,20
105,295,1,90,20
106,298,2,90,20
107,300,2,90,20
108,301,4,90,20
109,302,1,90,20
110,305,1,90,20
111,306,13,90,20
112,309,6,90,20
113,311,8,90,20
114,313,5,90,20
115,321,3,90,20
116,323,2,90,20
117,325,2,90,20
118,326,2,90,20
119,328,14,90,20
120,329,8,90,20
121,336,5,90,20
122,337,2,90,20
123,339,2,90,20
124,341,2,90,20
125,342,2,90,20
126,347,2,90,20
127,348,2,90,20
128,350,8,90,20
129,351,10,90,20
130,354,2,90,20
131,355,4,90,20
132,356,2,90,20
133,359,2,90,20
134,361,5,90,20
135,364,7,90,20
136,366,2,90,20
137,368,2,90,20
138,369,2,90,20
139,370,2,90,20
140,375,5,90,20
141,380,2,90,20
142,382,2,90,20
143,383,2,90,20
144,388,0,90,20
145,389,2,90,20
146,392,7,90,20
147,394,3,90,20
148,398,2,90,20
149,399,1,90,20
150,401,2,90,20
151,403,2,90,20
152,404,1,90,20
153,409,1,90,20
154,413,1,90,20
155,415,1,90,20
156,417,2,90,20
157,422,4,90,20
158,423,2,90,20
159,431,5,90,20
160,432,9,90,20
161,433,7,90,20
162,434,15,90,20
163,436,1,90,20
164,443,1,90,20
165,452,2,90,20
166,456,2,90,20
167,467,5,90,20
168,474,2,90,20
169,475,2,90,20
170,476,2,90,20
171,482,2,90,20
172,486,2,90,20
173,491,10,90,20
174,492,8,90,20
175,494,5,90,20
176,495,2,90,20
177,497,14,90,20
178,498,2,90,20
179,503,3,90,20
180,508,2,90,20
181,511,2,90,20
182,513,0,90,20
183,514,9,90,20
184,518,4,90,20
185,520,0,90,20
186,524,0,90,20
187,526,7,90,20
188,533,6,90,20
189,541,8,90,20
190,542,7,90,20
191,544,3,90,20
192,557,3,90,20
193,559,6,90,20
194,560,2,90,20
195,564,6,90,20
196,565,8,90,20
197,566,2,90,20
198,567,6,90,20
199,568,1,90,20
200,573,1,90,20
201,583,1,90,20
202,584,2,90,20
203,585,4,90,20
204,587,2,90,20
205,588,8,90,20
206,591,0,90,20
207,593,2,90,20
208,595,2,90,20
209,617,2,90,20
210,618,2,90,20
211,619,2,90,20
212,620,7,90,20
213,622,2,90,20
214,623,2,90,20
215,625,2,90,20
216,630,1,90,20
217,649,1,90,20
218,650,2,90,20
219,654,2,90,20
0,2,2,90,21
1,4,4,90,21
2,6,4,90,21
3,9,2,90,21
4,10,2,90,21
5,11,2,90,21
6,12,2,90,21
7,14,4,90,21
8,15,1,90,21
9,16,6,90,21
10,17,10,90,21
11,18,4,90,21
12,19,2,90,21
13,20,7,90,21
14,24,7,90,21
15,32,7,90,21
16,36,1,90,21
17,44,2,90,21
18,45,1,90,21
19,47,1,90,21
20,52,1,90,21
21,54,2,90,21
22,57,4,90,21
23,58,2,90,21
24,60,2,90,21
25,63,2,90,21
26,64,2,90,21
27,70,2,90,21
28,76,2,90,21
29,78,2,90,21
30,79,2,90,21
31,82,2,90,21
32,83,2,90,21
33,84,2,90,21
34,85,2,90,21
35,86,6,90,21
36,88,6,90,21
37,89,3,90,21
38,91,6,90,21
39,94,3,90,21
40,97,6,90,21
41,98,3,90,21
42,100,12,90,21
43,101,3,90,21
44,104,6,90,21
45,105,6,90,21
46,117,2,90,21
47,120,3,90,21
48,122,0,90,21
49,126,2,90,21
50,136,7,90,21
51,144,0,90,21
52,145,0,90,21
53,146,0,90,21
54,148,5,90,21
55,157,2,90,21
56,159,2,90,21
57,162,0,90,21
58,163,0,90,21
59,168,7,90,21
60,171,0,90,21
61,177,2,90,21
62,180,2,90,21
63,181,5,90,21
64,182,3,90,21
65,185,0,90,21
66,189,0,90,21
67,191,2,90,21
68,200,2,90,21
69,201,2,90,21
70,203,2,90,21
71,204,1,90,21
72,205,5,90,21
73,207,9,90,21
74,211,2,90,21
75,214,7,90,21
76,217,2,90,21
77,219,1,90,21
78,222,2,90,21
79,224,13,90,21
80,230,4,90,21
81,232,2,90,21
82,233,2,90,21
83,235,1,90,21
84,236,4,90,21
85,238,1,90,21
86,240,2,90,21
87,247,4,90,21
88,248,2,90,21
89,252,5,90,21
90,255,3,90,21
91,257,2,90,21
92,263,2,90,21
93,267,2,90,21
94,272,10,90,21
95,274,5,90,21
96,284,2,90,21
97,291,1,90,21
98,293,2,90,21
99,295,4,90,21
100,296,1,90,21
101,300,7,90,21
102,301,1,90,21
103,305,1,90,21
104,306,2,90,21
105,309,2,90,21
106,311,8,90,21
107,316,8,90,21
108,323,7,90,21
109,324,2,90,21
110,325,2,90,21
111,326,2,90,21
112,328,4,90,21
113,329,8,90,21
114,333,2,90,21
115,336,7,90,21
116,339,8,90,21
117,340,8,90,21
118,341,6,90,21
119,342,4,90,21
120,347,6,90,21
121,348,3,90,21
122,351,5,90,21
123,355,6,90,21
124,357,3,90,21
125,359,2,90,21
126,361,6,90,21
127,364,10,90,21
128,366,13,90,21
129,368,2,90,21
130,369,2,90,21
131,375,2,90,21
132,380,2,90,21
133,383,2,90,21
134,385,15,90,21
135,388,1,90,21
136,392,2,90,21
137,394,2,90,21
138,395,1,90,21
139,398,7,90,21
140,399,1,90,21
141,401,6,90,21
142,402,5,90,21
143,409,1,90,21
144,411,2,90,21
145,413,1,90,21
146,415,4,90,21
147,422,7,90,21
148,425,1,90,21
149,428,7,90,21
150,430,5,90,21
151,432,2,90,21
152,434,8,90,21
153,436,1,90,21
154,443,4,90,21
155,447,8,90,21
156,449,2,90,21
157,452,5,90,21
158,461,1,90,21
159,467,7,90,21
160,472,1,90,21
161,474,1,90,21
162,476,1,90,21
163,482,2,90,21
164,486,2,90,21
165,491,10,90,21
166,492,2,90,21
167,494,5,90,21
168,495,2,90,21
169,498,2,90,21
170,501,2,90,21
171,503,7,90,21
172,505,5,90,21
173,508,2,90,21
174,511,2,90,21
175,512,6,90,21
176,514,10,90,21
177,518,5,90,21
178,520,4,90,21
179,521,1,90,21
180,524,1,90,21
181,530,4,90,21
182,533,1,90,21
183,535,2,90,21
184,541,2,90,21
185,548,6,90,21
186,553,2,90,21
187,557,4,90,21
188,559,1,90,21
189,564,1,90,21
190,567,7,90,21
191,568,2,90,21
192,569,2,90,21
193,571,8,90,21
194,573,1,90,21
195,577,5,90,21
196,579,2,90,21
197,584,7,90,21
198,585,2,90,21
199,587,2,90,21
200,588,2,90,21
201,591,1,90,21
202,593,4,90,21
203,594,2,90,21
204,595,2,90,21
205,608,2,90,21
206,611,8,90,21
207,617,2,90,21
208,618,2,90,21
209,619,2,90,21
210,622,2,90,21
211,623,7,90,21
212,625,3,90,21
213,628,0,90,21
214,630,4,90,21
215,631,10,90,21
216,650,2,90,21
217,651,2,90,21
218,652,2,90,21
219,655,2,90,21
0,3,2,90,22
1,4,2,90,22
2,6,2,90,22
3,8,2,90,22
4,9,2,90,22
5,10,7,90,22
6,11,7,90,22
7,14,1,90,22
8,15,2,90,22
9,17,4,90,22
10,18,2,90,22
11,19,3,90,22
12,23,7,90,22
13,24,2,90,22
14,25,5,90,22
15,26,5,90,22
16,27,2,90,22
17,32,0,90,22
18,36,0,90,22
19,44,0,90,22
20,47,0,90,22
21,48,3,90,22
22,52,0,90,22
23,53,2,90,22
24,54,2,90,22
25,57,7,90,22
26,58,5,90,22
27,60,2,90,22
28,63,2,90,22
29,64,2,90,22
30,65,2,90,22
31,70,0,90,22
32,71,2,90,22
33,78,5,90,22
34,79,0,90,22
35,82,8,90,22
36,83,9,90,22
37,84,1,90,22
38,85,0,90,22
39,88,1,90,22
40,91,1,90,22
41,94,2,90,22
42,95,5,90,22
43,98,7,90,22
44,99,5,90,22
45,101,2,90,22
46,104,1,90,22
47,110,9,90,22
48,113,4,90,22
49,115,6,90,22
50,117,8,90,22
51,120,6,90,22
52,121,3,90,22
53,128,6,90,22
54,136,3,90,22
55,144,6,90,22
56,145,6,90,22
57,146,6,90,22
58,148,2,90,22
59,157,2,90,22
60,159,1,90,22
61,162,2,90,22
62,172,1,90,22
63,174,2,90,22
64,177,7,90,22
65,180,5,90,22
66,182,2,90,22
67,185,1,90,22
68,187,1,90,22
69,188,5,90,22
70,189,4,90,22
71,191,1,90,22
72,192,7,90,22
73,196,7,90,22
74,198,6,90,22
75,200,1,90,22
76,201,1,90,22
77,202,1,90,22
78,204,1,90,22
79,205,5,90,22
80,210,1,90,22
81,211,1,90,22
82,217,13,90,22
83,218,5,90,22
84,219,7,90,22
85,220,6,90,22
86,222,3,90,22
87,224,3,90,22
88,228,6,90,22
89,231,6,90,22
90,232,2,90,22
91,233,2,90,22
92,235,6,90,22
93,236,6,90,22
94,239,7,90,22
95,241,1,90,22
96,247,5,90,22
97,248,1,90,22
98,252,5,90,22
99,255,1,90,22
100,257,7,90,22
101,263,1,90,22
102,267,1,90,22
103,268,7,90,22
104,272,6,90,22
105,274,5,90,22
106,278,2,90,22
107,291,1,90,22
108,293,1,90,22
109,295,1,90,22
110,298,2,90,22
111,300,2,90,22
112,301,1,90,22
113,306,5,90,22
114,309,2,90,22
115,314,4,90,22
116,316,2,90,22
117,323,2,90,22
118,324,2,90,22
119,325,2,90,22
120,326,2,90,22
121,327,4,90,22
122,328,5,90,22
123,329,2,90,22
124,335,2,90,22
125,337,2,90,22
126,338,1,90,22
127,339,2,90,22
128,340,2,90,22
129,341,2,90,22
130,342,5,90,22
131,347,2,90,22
132,348,5,90,22
133,350,2,90,22
134,351,9,90,22
135,354,2,90,22
136,356,12,90,22
137,359,2,90,22
138,366,10,90,22
139,368,2,90,22
140,369,2,90,22
141,372,2,90,22
142,375,2,90,22
143,376,2,90,22
144,380,2,90,22
145,383,2,90,22
146,385,9,90,22
147,388,2,90,22
148,394,2,90,22
149,395,2,90,22
150,398,2,90,22
151,399,2,90,22
152,401,6,90,22
153,403,5,90,22
154,409,3,90,22
155,410,2,90,22
156,413,2,90,22
157,415,2,90,22
158,417,5,90,22
159,422,4,90,22
160,423,2,90,22
161,433,2,90,22
162,434,7,90,22
163,436,2,90,22
164,437,2,90,22
165,443,2,90,22
166,447,2,90,22
167,449,2,90,22
168,452,2,90,22
169,456,1,90,22
170,461,1,90,22
171,462,2,90,22
172,476,1,90,22
173,482,2,90,22
174,486,5,90,22
175,492,2,90,22
176,494,10,90,22
177,495,5,90,22
178,497,9,90,22
179,498,2,90,22
180,503,7,90,22
181,505,2,90,22
182,508,2,90,22
183,512,2,90,22
184,514,3,90,22
185,517,2,90,22
186,518,2,90,22
187,521,2,90,22
188,527,2,90,22
189,528,2,90,22
190,530,5,90,22
191,533,1,90,22
192,535,2,90,22
193,541,9,90,22
194,542,7,90,22
195,548,2,90,22
196,559,1,90,22
197,560,2,90,22
198,564,1,90,22
199,565,5,90,22
200,567,4,90,22
201,568,3,90,22
202,571,5,90,22
203,573,2,90,22
204,584,2,90,22
205,585,8,90,22
206,588,2,90,22
207,591,2,90,22
208,593,2,90,22
209,608,4,90,22
210,611,2,90,22
211,618,8,90,22
212,619,5,90,22
213,622,2,90,22
214,625,7,90,22
215,630,1,90,22
216,650,1,90,22
217,652,5,90,22
218,654,7,90,22
219,10149,2,90,22
0,3,4,90,23
1,4,6,90,23
2,6,2,90,23
3,7,2,90,23
4,8,2,90,23
5,9,2,90,23
6,11,5,90,23
7,14,6,90,23
8,15,2,90,23
9,16,3,90,23
10,17,2,90,23
11,18,2,90,23
12,19,2,90,23
13,23,2,90,23
14,26,2,90,23
15,32,3,90,23
16,35,0,90,23
17,36,0,90,23
18,42,2,90,23
19,44,0,90,23
20,47,0,90,23
21,48,7,90,23
22,57,8,90,23
23,58,9,90,23
24,63,2,90,23
25,64,2,90,23
26,65,10,90,23
27,70,4,90,23
28,71,7,90,23
29,79,1,90,23
30,81,1,90,23
31,82,3,90,23
32,83,5,90,23
33,84,1,90,23
34,85,1,90,23
35,88,3,90,23
36,91,2,90,23
37,94,2,90,23
38,95,2,90,23
39,99,9,90,23
40,101,2,90,23
41,104,2,90,23
42,106,2,90,23
43,110,2,90,23
44,115,2,90,23
45,117,2,90,23
46,120,1,90,23
47,121,2,90,23
48,122,1,90,23
49,128,1,90,23
50,136,2,90,23
51,144,2,90,23
52,145,4,90,23
53,146,1,90,23
54,148,4,90,23
55,157,3,90,23
56,159,4,90,23
57,167,6,90,23
58,172,12,90,23
59,174,3,90,23
60,177,6,90,23
61,180,5,90,23
62,182,3,90,23
63,185,6,90,23
64,188,3,90,23
65,189,6,90,23
66,191,1,90,23
67,192,2,90,23
68,200,1,90,23
69,201,1,90,23
70,203,2,90,23
71,204,4,90,23
72,205,12,90,23
73,207,6,90,23
74,210,1,90,23
75,211,2,90,23
76,217,2,90,23
77,218,2,90,23
78,219,1,90,23
79,220,2,90,23
80,224,4,90,23
81,231,4,90,23
82,232,2,90,23
83,233,2,90,23
84,235,1,90,23
85,236,1,90,23
86,238,1,90,23
87,239,5,90,23
88,240,2,90,23
89,241,1,90,23
90,247,2,90,23
91,248,1,90,23
92,252,9,90,23
93,255,1,90,23
94,257,1,90,23
95,263,2,90,23
96,265,7,90,23
97,267,5,90,23
98,268,5,90,23
99,284,3,90,23
100,291,2,90,23
101,293,2,90,23
102,296,2,90,23
103,298,7,90,23
104,300,2,90,23
105,301,2,90,23
106,306,2,90,23
107,311,12,90,23
108,313,6,90,23
109,314,2,90,23
110,316,2,90,23
111,323,6,90,23
112,324,8,90,23
113,325,6,90,23
114,326,6,90,23
115,327,3,90,23
116,328,9,90,23
117,335,6,90,23
118,338,8,90,23
119,339,12,90,23
120,340,0,90,23
121,342,2,90,23
122,347,0,90,23
123,348,5,90,23
124,350,3,90,23
125,351,12,90,23
126,354,2,90,23
127,355,0,90,23
128,357,5,90,23
129,359,2,90,23
130,361,1,90,23
131,362,0,90,23
132,365,2,90,23
133,366,2,90,23
134,372,2,90,23
135,375,2,90,23
136,380,3,90,23
137,383,2,90,23
138,385,2,90,23
139,388,3,90,23
140,389,2,90,23
141,391,2,90,23
142,392,2,90,23
143,394,2,90,23
144,395,2,90,23
145,399,2,90,23
146,401,6,90,23
147,403,2,90,23
148,409,2,90,23
149,410,5,90,23
150,413,2,90,23
151,415,5,90,23
152,423,2,90,23
153,432,2,90,23
154,433,2,90,23
155,434,2,90,23
156,436,2,90,23
157,437,2,90,23
158,443,2,90,23
159,447,9,90,23
160,449,5,90,23
161,452,3,90,23
162,455,6,90,23
163,461,6,90,23
164,463,3,90,23
165,474,9,90,23
166,482,2,90,23
167,486,0,90,23
168,491,9,90,23
169,494,8,90,23
170,495,6,90,23
171,498,3,90,23
172,501,2,90,23
173,503,20,90,23
174,505,3,90,23
175,508,0,90,23
176,509,2,90,23
177,512,2,90,23
178,514,2,90,23
179,518,6,90,23
180,520,2,90,23
181,521,2,90,23
182,524,5,90,23
183,527,2,90,23
184,528,2,90,23
185,530,2,90,23
186,533,1,90,23
187,535,5,90,23
188,541,2,90,23
189,542,1,90,23
190,553,2,90,23
191,559,1,90,23
192,560,3,90,23
193,564,1,90,23
194,565,7,90,23
195,567,7,90,23
196,568,2,90,23
197,569,12,90,23
198,573,2,90,23
199,584,8,90,23
200,585,2,90,23
201,587,9,90,23
202,588,2,90,23
203,593,2,90,23
204,594,4,90,23
205,608,4,90,23
206,611,2,90,23
207,617,6,90,23
208,618,2,90,23
209,619,2,90,23
210,621,3,90,23
211,622,2,90,23
212,623,8,90,23
213,630,2,90,23
214,631,2,90,23
215,635,7,90,23
216,650,3,90,23
217,651,2,90,23
218,652,2,90,23
219,655,5,90,23
0,3,6,90,24
1,4,2,90,24
2,6,6,90,24
3,9,3,90,24
4,10,6,90,24
5,12,3,90,24
6,14,1,90,24
7,15,6,90,24
8,16,3,90,24
9,17,3,90,24
10,19,3,90,24
11,20,3,90,24
12,24,7,90,24
13,25,6,90,24
14,26,5,90,24
15,28,6,90,24
16,32,6,90,24
17,36,6,90,24
18,44,6,90,24
19,47,6,90,24
20,48,3,90,24
21,52,6,90,24
22,53,8,90,24
23,54,6,90,24
24,57,3,90,24
25,58,4,90,24
26,62,2,90,24
27,63,2,90,24
28,64,2,90,24
29,65,2,90,24
30,70,0,90,24
31,78,2,90,24
32,79,0,90,24
33,82,2,90,24
34,83,2,90,24
35,84,0,90,24
36,85,0,90,24
37,88,2,90,24
38,89,2,90,24
39,91,2,90,24
40,94,2,90,24
41,98,2,90,24
42,99,3,90,24
43,101,5,90,24
44,104,4,90,24
45,105,2,90,24
46,110,2,90,24
47,113,2,90,24
48,115,2,90,24
49,120,5,90,24
50,122,2,90,24
51,123,6,90,24
52,126,2,90,24
53,136,2,90,24
54,144,3,90,24
55,146,2,90,24
56,148,2,90,24
57,157,3,90,24
58,159,6,90,24
59,162,6,90,24
60,168,6,90,24
61,171,6,90,24
62,180,3,90,24
63,182,3,90,24
64,184,3,90,24
65,185,8,90,24
66,188,2,90,24
67,189,6,90,24
68,191,6,90,24
69,200,6,90,24
70,201,6,90,24
71,203,3,90,24
72,204,1,90,24
73,205,3,90,24
74,207,9,90,24
75,210,6,90,24
76,211,6,90,24
77,214,8,90,24
78,217,2,90,24
79,218,11,90,24
80,219,8,90,24
81,222,2,90,24
82,230,5,90,24
83,231,2,90,24
84,232,9,90,24
85,235,2,90,24
86,236,2,90,24
87,238,5,90,24
88,241,6,90,24
89,243,3,90,24
90,247,3,90,24
91,248,6,90,24
92,252,2,90,24
93,255,6,90,24
94,257,12,90,24
95,263,1,90,24
96,267,1,90,24
97,268,3,90,24
98,274,2,90,24
99,278,2,90,24
100,291,2,90,24
101,293,2,90,24
102,295,8,90,24
103,296,2,90,24
104,298,7,90,24
105,300,2,90,24
106,301,5,90,24
107,305,5,90,24
108,306,2,90,24
109,309,5,90,24
110,311,2,90,24
111,313,2,90,24
112,314,2,90,24
113,321,4,90,24
114,323,7,90,24
115,325,2,90,24
116,326,5,90,24
117,328,2,90,24
118,329,2,90,24
119,336,2,90,24
120,337,5,90,24
121,339,2,90,24
122,341,15,90,24
123,347,6,90,24
124,348,8,90,24
125,350,6,90,24
126,351,7,90,24
127,354,3,90,24
128,355,6,90,24
129,356,3,90,24
130,357,12,90,24
131,359,2,90,24
132,362,6,90,24
133,366,2,90,24
134,368,2,90,24
135,369,2,90,24
136,372,2,90,24
137,375,2,90,24
138,382,2,90,24
139,383,2,90,24
140,385,2,90,24
141,389,2,90,24
142,394,3,90,24
143,398,3,90,24
144,399,6,90,24
145,401,5,90,24
146,403,5,90,24
147,409,6,90,24
148,410,3,90,24
149,411,3,90,24
150,413,6,90,24
151,415,6,90,24
152,417,3,90,24
153,422,2,90,24
154,423,2,90,24
155,431,2,90,24
156,433,6,90,24
157,436,2,90,24
158,437,2,90,24
159,443,4,90,24
160,447,10,90,24
161,449,2,90,24
162,452,2,90,24
163,455,1,90,24
164,461,1,90,24
165,467,4,90,24
166,470,2,90,24
167,482,2,90,24
168,486,2,90,24
169,491,2,90,24
170,492,2,90,24
171,494,2,90,24
172,495,2,90,24
173,498,2,90,24
174,501,2,90,24
175,503,3,90,24
176,505,2,90,24
177,508,2,90,24
178,511,2,90,24
179,512,6,90,24
180,514,5,90,24
181,518,2,90,24
182,520,1,90,24
183,521,1,90,24
184,524,1,90,24
185,527,2,90,24
186,530,2,90,24
187,533,1,90,24
188,535,2,90,24
189,541,2,90,24
190,553,2,90,24
191,557,4,90,24
192,559,2,90,24
193,560,6,90,24
194,564,1,90,24
195,566,5,90,24
196,567,1,90,24
197,568,1,90,24
198,573,2,90,24
199,584,2,90,24
200,585,6,90,24
201,587,2,90,24
202,588,2,90,24
203,591,1,90,24
204,592,0,90,24
205,593,2,90,24
206,600,2,90,24
207,608,2,90,24
208,611,7,90,24
209,619,2,90,24
210,621,8,90,24
211,622,3,90,24
212,623,7,90,24
213,625,10,90,24
214,630,3,90,24
215,631,2,90,24
216,650,6,90,24
217,651,3,90,24
218,652,2,90,24
219,655,2,90,24
0,3,8,90,25
1,4,2,90,25
2,6,5,90,25
3,11,6,90,25
4,14,0,90,25
5,15,2,90,25
6,16,5,90,25
7,17,12,90,25
8,18,3,90,25
9,19,2,90,25
10,20,5,90,25
11,23,5,90,25
12,24,2,90,25
13,26,2,90,25
14,32,1,90,25
15,36,1,90,25
16,44,1,90,25
17,47,4,90,25
18,48,2,90,25
19,52,1,90,25
20,54,2,90,25
21,57,2,90,25
22,58,2,90,25
23,63,2,90,25
24,64,2,90,25
25,70,0,90,25
26,76,2,90,25
27,78,2,90,25
28,79,0,90,25
29,81,0,90,25
30,82,4,90,25
31,84,0,90,25
32,85,0,90,25
33,86,1,90,25
34,88,4,90,25
35,91,1,90,25
36,95,2,90,25
37,98,5,90,25
38,99,3,90,25
39,101,7,90,25
40,104,1,90,25
41,106,7,90,25
42,110,2,90,25
43,115,2,90,25
44,117,10,90,25
45,120,0,90,25
46,126,2,90,25
47,128,0,90,25
48,129,2,90,25
49,144,0,90,25
50,145,0,90,25
51,146,0,90,25
52,148,2,90,25
53,157,2,90,25
54,159,2,90,25
55,162,1,90,25
56,163,7,90,25
57,171,4,90,25
58,174,2,90,25
59,177,2,90,25
60,180,5,90,25
61,182,2,90,25
62,185,1,90,25
63,186,7,90,25
64,189,1,90,25
65,191,3,90,25
66,192,7,90,25
67,196,2,90,25
68,200,2,90,25
69,201,3,90,25
70,203,2,90,25
71,204,2,90,25
72,207,2,90,25
73,210,2,90,25
74,211,2,90,25
75,219,1,90,25
76,220,14,90,25
77,222,2,90,25
78,224,7,90,25
79,230,11,90,25
80,231,1,90,25
81,232,9,90,25
82,233,2,90,25
83,235,1,90,25
84,236,1,90,25
85,238,3,90,25
86,240,7,90,25
87,241,1,90,25
88,247,5,90,25
89,248,1,90,25
90,252,9,90,25
91,255,1,90,25
92,257,1,90,25
93,258,2,90,25
94,263,3,90,25
95,267,2,90,25
96,268,9,90,25
97,274,10,90,25
98,278,7,90,25
99,284,0,90,25
100,289,2,90,25
101,291,0,90,25
102,293,0,90,25
103,295,0,90,25
104,298,7,90,25
105,300,7,90,25
106,301,3,90,25
107,302,0,90,25
108,306,2,90,25
109,311,6,90,25
110,313,12,90,25
111,316,8,90,25
112,321,6,90,25
113,324,8,90,25
114,325,6,90,25
115,326,6,90,25
116,328,6,90,25
117,329,4,90,25
118,336,8,90,25
119,338,1,90,25
120,339,12,90,25
121,340,6,90,25
122,341,6,90,25
123,342,3,90,25
124,347,8,90,25
125,350,6,90,25
126,351,18,90,25
127,354,3,90,25
128,355,12,90,25
129,357,6,90,25
130,359,2,90,25
131,361,6,90,25
132,364,2,90,25
133,366,7,90,25
134,369,2,90,25
135,371,2,90,25
136,372,2,90,25
137,375,6,90,25
138,380,8,90,25
139,383,2,90,25
140,385,3,90,25
141,388,2,90,25
142,392,2,90,25
143,394,2,90,25
144,398,7,90,25
145,401,2,90,25
146,402,2,90,25
147,403,7,90,25
148,409,0,90,25
149,410,2,90,25
150,413,0,90,25
151,415,0,90,25
152,417,2,90,25
153,422,3,90,25
154,423,5,90,25
155,432,7,90,25
156,434,2,90,25
157,436,2,90,25
158,437,2,90,25
159,443,4,90,25
160,447,2,90,25
161,449,2,90,25
162,455,0,90,25
163,457,0,90,25
164,461,0,90,25
165,463,10,90,25
166,474,6,90,25
167,475,0,90,25
168,476,0,90,25
169,480,3,90,25
170,486,12,90,25
171,489,3,90,25
172,491,8,90,25
173,492,3,90,25
174,494,8,90,25
175,495,7,90,25
176,505,6,90,25
177,508,6,90,25
178,509,3,90,25
179,511,2,90,25
180,512,6,90,25
181,514,5,90,25
182,518,2,90,25
183,520,2,90,25
184,521,2,90,25
185,524,2,90,25
186,528,2,90,25
187,533,2,90,25
188,535,2,90,25
189,541,7,90,25
190,542,8,90,25
191,559,2,90,25
192,560,2,90,25
193,564,2,90,25
194,565,2,90,25
195,566,2,90,25
196,567,5,90,25
197,568,0,90,25
198,573,5,90,25
199,584,7,90,25
200,585,5,90,25
201,588,2,90,25
202,591,2,90,25
203,592,0,90,25
204,593,2,90,25
205,595,2,90,25
206,598,1,90,25
207,611,5,90,25
208,617,2,90,25
209,619,7,90,25
210,622,5,90,25
211,623,8,90,25
212,625,7,90,25
213,628,0,90,25
214,630,1,90,25
215,650,2,90,25
216,651,5,90,25
217,652,2,90,25
218,654,2,90,25
219,10149,2,90,25
0,2,10,90,26
1,3,7,90,26
2,4,6,90,26
3,8,8,90,26
4,9,6,90,26
5,11,2,90,26
6,14,4,90,26
7,15,6,90,26
8,16,8,90,26
9,17,6,90,26
10,18,9,90,26
11,19,2,90,26
12,20,6,90,26
13,26,1,90,26
14,27,2,90,26
15,28,6,90,26
16,32,6,90,26
17,36,6,90,26
18,42,3,90,26
19,44,6,90,26
20,47,6,90,26
21,48,3,90,26
22,52,6,90,26
23,54,3,90,26
24,57,6,90,26
25,58,11,90,26
26,63,2,90,26
27,64,2,90,26
28,70,2,90,26
29,78,2,90,26
30,79,2,90,26
31,81,2,90,26
32,82,2,90,26
33,83,2,90,26
34,84,2,90,26
35,85,2,90,26
36,86,1,90,26
37,88,1,90,26
38,91,4,90,26
39,94,2,90,26
40,95,5,90,26
41,98,5,90,26
42,99,10,90,26
43,101,2,90,26
44,104,7,90,26
45,110,4,90,26
46,115,2,90,26
47,117,2,90,26
48,122,1,90,26
49,126,2,90,26
50,131,1,90,26
51,136,3,90,26
52,144,1,90,26
53,145,1,90,26
54,146,1,90,26
55,148,6,90,26
56,149,4,90,26
57,157,2,90,26
58,159,2,90,26
59,162,0,90,26
60,163,0,90,26
61,168,2,90,26
62,171,0,90,26
63,177,2,90,26
64,180,2,90,26
65,182,10,90,26
66,185,0,90,26
67,186,6,90,26
68,188,2,90,26
69,189,0,90,26
70,191,1,90,26
71,200,2,90,26
72,201,2,90,26
73,203,2,90,26
74,204,1,90,26
75,205,9,90,26
76,207,13,90,26
77,210,4,90,26
78,211,5,90,26
79,214,7,90,26
80,218,2,90,26
81,219,6,90,26
82,220,7,90,26
83,224,3,90,26
84,230,3,90,26
85,231,6,90,26
86,232,5,90,26
87,235,6,90,26
88,236,6,90,26
89,238,6,90,26
90,240,13,90,26
91,241,1,90,26
92,244,4,90,26
93,248,1,90,26
94,251,5,90,26
95,252,2,90,26
96,255,1,90,26
97,257,1,90,26
98,263,1,90,26
99,265,7,90,26
100,267,1,90,26
101,274,3,90,26
102,275,1,90,26
103,284,1,90,26
104,289,8,90,26
105,290,7,90,26
106,291,2,90,26
107,293,2,90,26
108,295,4,90,26
109,298,7,90,26
110,300,2,90,26
111,301,2,90,26
112,305,2,90,26
113,309,5,90,26
114,311,5,90,26
115,316,9,90,26
116,323,2,90,26
117,324,2,90,26
118,325,2,90,26
119,328,8,90,26
120,329,2,90,26
121,333,2,90,26
122,336,7,90,26
123,337,2,90,26
124,338,7,90,26
125,339,8,90,26
126,341,6,90,26
127,342,6,90,26
128,347,6,90,26
129,350,6,90,26
130,351,2,90,26
131,354,3,90,26
132,355,10,90,26
133,356,3,90,26
134,361,6,90,26
135,362,6,90,26
136,366,11,90,26
137,368,7,90,26
138,369,2,90,26
139,372,10,90,26
140,380,2,90,26
141,382,2,90,26
142,383,4,90,26
143,385,10,90,26
144,394,2,90,26
145,395,0,90,26
146,398,2,90,26
147,402,2,90,26
148,403,2,90,26
149,404,0,90,26
150,405,0,90,26
151,409,0,90,26
152,410,2,90,26
153,413,0,90,26
154,415,0,90,26
155,424,6,90,26
156,430,2,90,26
157,432,5,90,26
158,434,2,90,26
159,436,4,90,26
160,443,1,90,26
161,447,2,90,26
162,449,7,90,26
163,455,2,90,26
164,467,2,90,26
165,475,5,90,26
166,476,2,90,26
167,481,2,90,26
168,486,1,90,26
169,491,2,90,26
170,492,2,90,26
171,494,2,90,26
172,495,4,90,26
173,498,1,90,26
174,503,2,90,26
175,505,1,90,26
176,508,3,90,26
177,511,2,90,26
178,512,6,90,26
179,514,5,90,26
180,515,2,90,26
181,517,7,90,26
182,518,2,90,26
183,520,1,90,26
184,521,1,90,26
185,524,1,90,26
186,527,6,90,26
187,530,2,90,26
188,533,1,90,26
189,541,6,90,26
190,542,1,90,26
191,544,2,90,26
192,553,2,90,26
193,557,2,90,26
194,559,1,90,26
195,563,2,90,26
196,565,5,90,26
197,567,1,90,26
198,568,1,90,26
199,573,1,90,26
200,588,2,90,26
201,591,3,90,26
202,592,4,90,26
203,593,2,90,26
204,594,5,90,26
205,596,2,90,26
206,608,2,90,26
207,611,5,90,26
208,617,2,90,26
209,618,5,90,26
210,619,2,90,26
211,621,2,90,26
212,622,2,90,26
213,623,2,90,26
214,625,8,90,26
215,630,1,90,26
216,631,2,90,26
217,650,2,90,26
218,651,3,90,26
219,652,2,90,26
0,2,2,90,27
1,3,3,90,27
2,4,6,90,27
3,6,2,90,27
4,9,2,90,27
5,11,2,90,27
6,14,6,90,27
7,15,2,90,27
8,16,5,90,27
9,17,2,90,27
10,18,5,90,27
11,19,9,90,27
12,20,2,90,27
13,24,2,90,27
14,26,5,90,27
15,27,4,90,27
16,28,3,90,27
17,31,7,90,27
18,32,2,90,27
19,42,2,90,27
20,44,4,90,27
21,47,2,90,27
22,48,2,90,27
23,52,5,90,27
24,54,2,90,27
25,58,2,90,27
26,59,0,90,27
27,62,2,90,27
28,63,2,90,27
29,64,3,90,27
30,70,0,90,27
31,76,2,90,27
32,78,4,90,27
33,79,0,90,27
34,83,2,90,27
35,84,3,90,27
36,85,0,90,27
37,88,1,90,27
38,89,2,90,27
39,91,1,90,27
40,94,2,90,27
41,98,2,90,27
42,99,2,90,27
43,101,2,90,27
44,104,1,90,27
45,105,1,90,27
46,110,5,90,27
47,113,2,90,27
48,121,7,90,27
49,122,5,90,27
50,128,2,90,27
51,135,2,90,27
52,136,2,90,27
53,144,5,90,27
54,146,2,90,27
55,148,2,90,27
56,157,2,90,27
57,159,1,90,27
58,161,2,90,27
59,162,2,90,27
60,172,2,90,27
61,174,3,90,27
62,177,5,90,27
63,180,8,90,27
64,182,2,90,27
65,185,2,90,27
66,189,2,90,27
67,191,8,90,27
68,192,11,90,27
69,200,1,90,27
70,201,1,90,27
71,203,2,90,27
72,204,1,90,27
73,205,15,90,27
74,207,8,90,27
75,210,1,90,27
76,211,1,90,27
77,214,2,90,27
78,217,3,90,27
79,219,6,90,27
80,222,3,90,27
81,230,3,90,27
82,231,9,90,27
83,232,2,90,27
84,235,6,90,27
85,236,6,90,27
86,238,6,90,27
87,239,6,90,27
88,241,12,90,27
89,243,3,90,27
90,247,3,90,27
91,248,6,90,27
92,251,6,90,27
93,252,5,90,27
94,257,6,90,27
95,263,1,90,27
96,264,2,90,27
97,265,2,90,27
98,267,2,90,27
99,268,4,90,27
100,275,1,90,27
101,278,2,90,27
102,291,12,90,27
103,293,6,90,27
104,295,6,90,27
105,296,9,90,27
106,298,3,90,27
107,300,3,90,27
108,301,6,90,27
109,305,6,90,27
110,306,2,90,27
111,309,3,90,27
112,311,1,90,27
113,316,9,90,27
114,320,2,90,27
115,324,2,90,27
116,325,2,90,27
117,327,2,90,27
118,328,2,90,27
119,329,2,90,27
120,335,1,90,27
121,336,7,90,27
122,338,1,90,27
123,339,1,90,27
124,342,3,90,27
125,347,6,90,27
126,348,8,90,27
127,351,6,90,27
128,354,3,90,27
129,355,6,90,27
130,356,3,90,27
131,357,13,90,27
132,359,2,90,27
133,361,12,90,27
134,366,7,90,27
135,368,2,90,27
136,369,2,90,27
137,370,2,90,27
138,371,2,90,27
139,377,2,90,27
140,380,2,90,27
141,383,2,90,27
142,385,5,90,27
143,388,0,90,27
144,392,2,90,27
145,394,2,90,27
146,395,2,90,27
147,398,2,90,27
148,399,5,90,27
149,401,4,90,27
150,403,2,90,27
151,409,2,90,27
152,413,2,90,27
153,415,2,90,27
154,417,7,90,27
155,422,2,90,27
156,423,2,90,27
157,433,10,90,27
158,434,4,90,27
159,436,5,90,27
160,437,5,90,27
161,443,8,90,27
162,447,10,90,27
163,449,2,90,27
164,455,6,90,27
165,461,6,90,27
166,463,3,90,27
167,470,2,90,27
168,472,6,90,27
169,476,6,90,27
170,482,2,90,27
171,484,2,90,27
172,486,8,90,27
173,492,2,90,27
174,494,5,90,27
175,495,5,90,27
176,498,2,90,27
177,503,2,90,27
178,505,2,90,27
179,508,2,90,27
180,509,2,90,27
181,511,2,90,27
182,512,2,90,27
183,514,7,90,27
184,517,0,90,27
185,518,4,90,27
186,520,0,90,27
187,521,0,90,27
188,524,1,90,27
189,530,5,90,27
190,541,6,90,27
191,542,1,90,27
192,543,1,90,27
193,553,2,90,27
194,557,2,90,27
195,559,4,90,27
196,560,5,90,27
197,564,1,90,27
198,566,10,90,27
199,567,1,90,27
200,568,1,90,27
201,571,6,90,27
202,573,2,90,27
203,577,3,90,27
204,588,2,90,27
205,591,0,90,27
206,593,2,90,27
207,594,2,90,27
208,598,2,90,27
209,600,2,90,27
210,608,3,90,27
211,618,7,90,27
212,622,6,90,27
213,623,3,90,27
214,625,6,90,27
215,630,1,90,27
216,631,5,90,27
217,650,3,90,27
218,651,3,90,27
219,10149,2,90,27
0,3,2,90,28
1,4,2,90,28
2,6,2,90,28
3,8,2,90,28
4,9,2,90,28
5,11,6,90,28
6,14,1,90,28
7,15,2,90,28
8,16,8,90,28
9,17,7,90,28
10,18,2,90,28
11,23,7,90,28
12,25,2,90,28
13,26,2,90,28
14,28,2,90,28
15,32,8,90,28
16,35,8,90,28
17,44,2,90,28
18,47,2,90,28
19,48,2,90,28
20,52,2,90,28
21,53,4,90,28
22,54,3,90,28
23,57,5,90,28
24,58,5,90,28
25,63,2,90,28
26,64,2,90,28
27,70,0,90,28
28,71,5,90,28
29,78,7,90,28
30,79,0,90,28
31,81,2,90,28
32,82,9,90,28
33,83,2,90,28
34,84,0,90,28
35,85,0,90,28
36,88,6,90,28
37,91,6,90,28
38,94,3,90,28
39,95,3,90,28
40,98,4,90,28
41,99,8,90,28
42,101,3,90,28
43,104,6,90,28
44,105,6,90,28
45,110,6,90,28
46,113,2,90,28
47,115,2,90,28
48,120,1,90,28
49,122,1,90,28
50,123,2,90,28
51,126,2,90,28
52,128,1,90,28
53,145,1,90,28
54,146,1,90,28
55,148,2,90,28
56,157,2,90,28
57,159,6,90,28
58,162,0,90,28
59,171,0,90,28
60,172,0,90,28
61,174,2,90,28
62,177,2,90,28
63,180,2,90,28
64,182,2,90,28
65,185,0,90,28
66,189,3,90,28
67,191,1,90,28
68,198,2,90,28
69,200,6,90,28
70,201,6,90,28
71,204,2,90,28
72,205,3,90,28
73,207,5,90,28
74,211,9,90,28
75,214,3,90,28
76,219,6,90,28
77,220,6,90,28
78,221,6,90,28
79,222,3,90,28
80,224,3,90,28
81,228,6,90,28
82,230,9,90,28
83,235,6,90,28
84,236,9,90,28
85,238,12,90,28
86,241,1,90,28
87,243,2,90,28
88,244,1,90,28
89,247,2,90,28
90,248,4,90,28
91,252,2,90,28
92,255,3,90,28
93,257,1,90,28
94,259,2,90,28
95,263,7,90,28
96,267,4,90,28
97,268,9,90,28
98,272,5,90,28
99,274,2,90,28
100,278,2,90,28
101,284,1,90,28
102,291,0,90,28
103,293,2,90,28
104,295,0,90,28
105,300,5,90,28
106,301,0,90,28
107,305,6,90,28
108,307,0,90,28
109,309,7,90,28
110,311,9,90,28
111,321,6,90,28
112,323,5,90,28
113,324,3,90,28
114,325,6,90,28
115,328,14,90,28
116,329,3,90,28
117,335,6,90,28
118,336,4,90,28
119,337,6,90,28
120,338,6,90,28
121,339,6,90,28
122,340,2,90,28
123,342,5,90,28
124,347,8,90,28
125,348,8,90,28
126,350,8,90,28
127,351,6,90,28
128,354,2,90,28
129,355,2,90,28
130,356,2,90,28
131,362,2,90,28
132,364,3,90,28
133,366,12,90,28
134,369,6,90,28
135,372,8,90,28
136,375,2,90,28
137,378,3,90,28
138,380,6,90,28
139,383,6,90,28
140,385,16,90,28
141,388,2,90,28
142,392,2,90,28
143,394,2,90,28
144,395,1,90,28
145,398,5,90,28
146,399,1,90,28
147,401,6,90,28
148,403,2,90,28
149,404,1,90,28
150,413,1,90,28
151,415,1,90,28
152,417,5,90,28
153,422,5,90,28
154,424,2,90,28
155,431,2,90,28
156,432,2,90,28
157,434,2,90,28
158,436,2,90,28
159,443,2,90,28
160,444,2,90,28
161,447,6,90,28
162,449,2,90,28
163,452,2,90,28
164,455,3,90,28
165,461,1,90,28
166,463,2,90,28
167,470,2,90,28
168,474,2,90,28
169,476,1,90,28
170,480,2,90,28
171,484,1,90,28
172,486,1,90,28
173,491,2,90,28
174,494,5,90,28
175,495,1,90,28
176,498,1,90,28
177,499,2,90,28
178,501,7,90,28
179,505,1,90,28
180,508,1,90,28
181,511,2,90,28
182,512,2,90,28
183,514,7,90,28
184,518,2,90,28
185,520,2,90,28
186,521,2,90,28
187,524,2,90,28
188,527,3,90,28
189,530,4,90,28
190,541,4,90,28
191,542,3,90,28
192,544,2,90,28
193,553,2,90,28
194,557,2,90,28
195,559,2,90,28
196,560,4,90,28
197,564,2,90,28
198,565,2,90,28
199,567,2,90,28
200,568,1,90,28
201,585,3,90,28
202,587,2,90,28
203,591,2,90,28
204,593,6,90,28
205,594,9,90,28
206,608,2,90,28
207,611,8,90,28
208,617,3,90,28
209,618,2,90,28
210,622,2,90,28
211,623,2,90,28
212,625,7,90,28
213,630,1,90,28
214,631,10,90,28
215,635,7,90,28
216,645,3,90,28
217,650,6,90,28
218,651,3,90,28
219,10149,2,90,28
0,3,2,90,29
1,4,9,90,29
2,6,2,90,29
3,8,2,90,29
4,14,6,90,29
5,15,2,90,29
6,17,2,90,29
7,18,2,90,29
8,19,2,90,29
9,20,2,90,29
10,23,2,90,29
11,24,2,90,29
12,26,6,90,29
13,27,4,90,29
14,28,8,90,29
15,32,8,90,29
16,35,2,90,29
17,44,2,90,29
18,47,2,90,29
19,52,2,90,29
20,53,2,90,29
21,57,2,90,29
22,58,5,90,29
23,63,3,90,29
24,64,3,90,29
25,70,6,90,29
26,71,3,90,29
27,78,3,90,29
28,79,6,90,29
29,81,6,90,29
30,82,7,90,29
31,84,6,90,29
32,85,6,90,29
33,86,4,90,29
34,88,1,90,29
35,89,2,90,29
36,91,1,90,29
37,94,2,90,29
38,99,5,90,29
39,101,2,90,29
40,104,1,90,29
41,110,12,90,29
42,115,2,90,29
43,117,2,90,29
44,122,1,90,29
45,126,2,90,29
46,136,7,90,29
47,144,1,90,29
48,145,1,90,29
49,146,4,90,29
50,148,2,90,29
51,157,2,90,29
52,159,1,90,29
53,162,1,90,29
54,171,3,90,29
55,172,1,90,29
56,174,2,90,29
57,177,2,90,29
58,180,8,90,29
59,182,7,90,29
60,185,1,90,29
61,189,1,90,29
62,191,4,90,29
63,192,2,90,29
64,200,1,90,29
65,201,1,90,29
66,203,2,90,29
67,204,1,90,29
68,205,8,90,29
69,207,9,90,29
70,210,1,90,29
71,211,1,90,29
72,214,2,90,29
73,217,3,90,29
74,219,1,90,29
75,221,1,90,29
76,224,2,90,29
77,230,5,90,29
78,232,2,90,29
79,233,2,90,29
80,234,1,90,29
81,235,1,90,29
82,236,1,90,29
83,238,1,90,29
84,240,2,90,29
85,241,2,90,29
86,248,1,90,29
87,251,14,90,29
88,252,2,90,29
89,254,2,90,29
90,255,1,90,29
91,257,1,90,29
92,263,1,90,29
93,264,2,90,29
94,267,3,90,29
95,268,2,90,29
96,272,9,90,29
97,275,1,90,29
98,284,1,90,29
99,291,7,90,29
100,293,1,90,29
101,295,1,90,29
102,296,1,90,29
103,300,5,90,29
104,301,1,90,29
105,306,6,90,29
106,309,2,90,29
107,311,4,90,29
108,316,10,90,29
109,320,2,90,29
110,321,5,90,29
111,325,2,90,29
112,326,2,90,29
113,328,8,90,29
114,329,2,90,29
115,336,2,90,29
116,337,2,90,29
117,338,1,90,29
118,339,8,90,29
119,340,6,90,29
120,341,6,90,29
121,342,6,90,29
122,347,6,90,29
123,348,3,90,29
124,350,6,90,29
125,351,4,90,29
126,354,3,90,29
127,356,3,90,29
128,359,2,90,29
129,361,6,90,29
130,366,2,90,29
131,368,2,90,29
132,369,2,90,29
133,370,2,90,29
134,375,6,90,29
135,380,5,90,29
136,383,2,90,29
137,385,3,90,29
138,388,6,90,29
139,389,6,90,29
140,394,2,90,29
141,395,2,90,29
142,398,7,90,29
143,399,3,90,29
144,401,2,90,29
145,402,5,90,29
146,404,2,90,29
147,409,4,90,29
148,413,2,90,29
149,415,2,90,29
150,417,2,90,29
151,422,7,90,29
152,423,3,90,29
153,430,2,90,29
154,431,3,90,29
155,434,3,90,29
156,436,6,90,29
157,443,6,90,29
158,447,2,90,29
159,452,6,90,29
160,453,9,90,29
161,461,12,90,29
162,463,3,90,29
163,467,6,90,29
164,472,6,90,29
165,474,12,90,29
166,476,6,90,29
167,484,1,90,29
168,486,1,90,29
169,491,2,90,29
170,492,2,90,29
171,494,2,90,29
172,495,1,90,29
173,497,2,90,29
174,501,2,90,29
175,503,5,90,29
176,505,1,90,29
177,508,3,90,29
178,511,3,90,29
179,512,5,90,29
180,514,3,90,29
181,516,6,90,29
182,520,6,90,29
183,521,6,90,29
184,524,6,90,29
185,527,5,90,29
186,533,4,90,29
187,535,2,90,29
188,541,9,90,29
189,542,7,90,29
190,553,2,90,29
191,559,1,90,29
192,560,2,90,29
193,563,2,90,29
194,564,1,90,29
195,566,8,90,29
196,567,1,90,29
197,568,4,90,29
198,569,7,90,29
199,573,6,90,29
200,585,2,90,29
201,587,3,90,29
202,588,3,90,29
203,592,6,90,29
204,593,2,90,29
205,595,2,90,29
206,596,3,90,29
207,597,2,90,29
208,600,2,90,29
209,611,12,90,29
210,617,2,90,29
211,618,2,90,29
212,622,2,90,29
213,623,3,90,29
214,625,4,90,29
215,630,1,90,29
216,650,1,90,29
217,651,2,90,29
218,652,2,90,29
219,10077,7,90,29
0,2,2,90,30
1,4,6,90,30
2,6,6,90,30
3,9,3,90,30
4,11,5,90,30
5,14,1,90,30
6,15,9,90,30
7,16,3,90,30
8,17,3,90,30
9,18,6,90,30
10,19,10,90,30
11,20,3,90,30
12,23,23,90,30
13,26,1,90,30
14,27,5,90,30
15,28,2,90,30
16,32,4,90,30
17,36,4,90,30
18,44,1,90,30
19,47,3,90,30
20,48,2,90,30
21,52,1,90,30
22,54,2,90,30
23,57,12,90,30
24,58,5,90,30
25,59,1,90,30
26,63,2,90,30
27,64,2,90,30
28,70,1,90,30
29,78,2,90,30
30,79,1,90,30
31,82,10,90,30
32,83,2,90,30
33,84,1,90,30
34,85,1,90,30
35,86,1,90,30
36,88,7,90,30
37,89,2,90,30
38,91,1,90,30
39,95,2,90,30
40,99,7,90,30
41,101,2,90,30
42,104,1,90,30
43,106,2,90,30
44,110,2,90,30
45,115,5,90,30
46,121,10,90,30
47,122,2,90,30
48,128,2,90,30
49,136,2,90,30
50,144,2,90,30
51,145,2,90,30
52,146,2,90,30
53,148,9,90,30
54,149,2,90,30
55,157,2,90,30
56,159,9,90,30
57,162,1,90,30
58,163,1,90,30
59,171,1,90,30
60,172,1,90,30
61,174,2,90,30
62,177,2,90,30
63,180,9,90,30
64,182,5,90,30
65,185,1,90,30
66,189,1,90,30
67,191,2,90,30
68,200,6,90,30
69,201,7,90,30
70,203,3,90,30
71,204,2,90,30
72,205,5,90,30
73,207,2,90,30
74,210,6,90,30
75,211,6,90,30
76,219,9,90,30
77,220,2,90,30
78,222,3,90,30
79,224,8,90,30
80,230,11,90,30
81,231,6,90,30
82,232,2,90,30
83,233,2,90,30
84,235,6,90,30
85,236,6,90,30
86,238,6,90,30
87,240,2,90,30
88,241,2,90,30
89,243,2,90,30
90,247,3,90,30
91,248,5,90,30
92,252,13,90,30
93,255,2,90,30
94,257,2,90,30
95,263,6,90,30
96,264,4,90,30
97,267,8,90,30
98,268,2,90,30
99,272,6,90,30
100,278,6,90,30
101,284,6,90,30
102,291,2,90,30
103,293,2,90,30
104,295,2,90,30
105,296,2,90,30
106,298,5,90,30
107,300,2,90,30
108,301,2,90,30
109,302,2,90,30
110,306,2,90,30
111,316,2,90,30
112,321,2,90,30
113,323,2,90,30
114,325,1,90,30
115,326,1,90,30
116,328,4,90,30
117,329,2,90,30
118,333,4,90,30
119,336,7,90,30
120,337,1,90,30
121,338,1,90,30
122,339,2,90,30
123,341,9,90,30
124,342,3,90,30
125,347,8,90,30
126,348,11,90,30
127,350,6,90,30
128,351,3,90,30
129,355,6,90,30
130,356,3,90,30
131,357,8,90,30
132,359,3,90,30
133,366,2,90,30
134,368,2,90,30
135,369,2,90,30
136,370,5,90,30
137,372,2,90,30
138,380,2,90,30
139,383,4,90,30
140,385,12,90,30
141,388,2,90,30
142,392,2,90,30
143,394,3,90,30
144,395,0,90,30
145,398,2,90,30
146,399,0,90,30
147,401,2,90,30
148,409,0,90,30
149,410,2,90,30
150,413,0,90,30
151,415,0,90,30
152,417,2,90,30
153,422,3,90,30
154,425,7,90,30
155,431,2,90,30
156,432,5,90,30
157,434,2,90,30
158,436,1,90,30
159,443,1,90,30
160,447,2,90,30
161,449,2,90,30
162,452,2,90,30
163,455,1,90,30
164,461,1,90,30
165,463,4,90,30
166,472,1,90,30
167,474,1,90,30
168,475,1,90,30
169,476,1,90,30
170,480,2,90,30
171,484,1,90,30
172,486,1,90,30
173,494,5,90,30
174,495,1,90,30
175,498,4,90,30
176,503,7,90,30
177,504,1,90,30
178,505,2,90,30
179,508,1,90,30
180,511,2,90,30
181,514,10,90,30
182,521,2,90,30
183,524,2,90,30
184,527,3,90,30
185,530,7,90,30
186,533,2,90,30
187,535,2,90,30
188,541,2,90,30
189,542,2,90,30
190,553,2,90,30
191,557,2,90,30
192,559,2,90,30
193,564,2,90,30
194,567,2,90,30
195,568,6,90,30
196,570,2,90,30
197,571,3,90,30
198,573,1,90,30
199,576,2,90,30
200,585,8,90,30
201,587,5,90,30
202,588,2,90,30
203,591,2,90,30
204,592,1,90,30
205,593,2,90,30
206,594,6,90,30
207,600,2,90,30
208,617,2,90,30
209,622,5,90,30
210,623,3,90,30
211,625,11,90,30
212,630,6,90,30
213,631,3,90,30
214,633,3,90,30
215,635,2,90,30
216,650,6,90,30
217,651,3,90,30
218,652,2,90,30
219,10149,2,90,30
0,4,9,90,31
1,6,1,90,31
2,8,1,90,31
3,9,2,90,31
4,10,12,90,31
5,14,3,90,31
6,15,1,90,31
7,16,3,90,31
8,17,4,90,31
9,18,1,90,31
10,19,2,90,31
11,23,5,90,31
12,24,1,90,31
13,28,2,90,31
14,35,2,90,31
15,38,2,90,31
16,42,3,90,31
17,44,2,90,31
18,45,2,90,31
19,47,2,90,31
20,48,2,90,31
21,52,2,90,31
22,57,2,90,31
23,63,2,90,31
24,64,2,90,31
25,65,2,90,31
26,70,1,90,31
27,78,2,90,31
28,79,2,90,31
29,81,1,90,31
30,82,4,90,31
31,83,2,90,31
32,84,1,90,31
33,85,1,90,31
34,88,1,90,31
35,89,2,90,31
36,91,4,90,31
37,94,8,90,31
38,98,2,90,31
39,99,12,90,31
40,101,2,90,31
41,104,1,90,31
42,106,4,90,31
43,110,6,90,31
44,115,2,90,31
45,117,4,90,31
46,120,1,90,31
47,121,2,90,31
48,126,2,90,31
49,136,2,90,31
50,144,1,90,31
51,145,1,90,31
52,146,1,90,31
53,148,2,90,31
54,157,2,90,31
55,159,1,90,31
56,162,2,90,31
57,171,2,90,31
58,172,8,90,31
59,174,2,90,31
60,177,8,90,31
61,179,5,90,31
62,180,15,90,31
63,182,7,90,31
64,185,2,90,31
65,189,2,90,31
66,191,1,90,31
67,200,1,90,31
68,201,1,90,31
69,203,2,90,31
70,204,5,90,31
71,205,3,90,31
72,207,6,90,31
73,210,1,90,31
74,211,1,90,31
75,214,2,90,31
76,217,2,90,31
77,219,2,90,31
78,220,7,90,31
79,222,2,90,31
80,224,2,90,31
81,228,2,90,31
82,231,8,90,31
83,235,2,90,31
84,236,2,90,31
85,238,2,90,31
86,240,5,90,31
87,241,1,90,31
88,244,1,90,31
89,247,3,90,31
90,248,1,90,31
91,255,1,90,31
92,257,1,90,31
93,263,1,90,31
94,267,1,90,31
95,268,6,90,31
96,274,2,90,31
97,277,2,90,31
98,278,2,90,31
99,284,1,90,31
100,291,2,90,31
101,293,5,90,31
102,295,2,90,31
103,298,7,90,31
104,300,2,90,31
105,301,2,90,31
106,305,2,90,31
107,306,2,90,31
108,309,2,90,31
109,311,6,90,31
110,316,5,90,31
111,321,6,90,31
112,323,3,90,31
113,325,6,90,31
114,326,12,90,31
115,328,11,90,31
116,329,4,90,31
117,335,6,90,31
118,336,3,90,31
119,338,1,90,31
120,339,8,90,31
121,342,3,90,31
122,347,6,90,31
123,348,6,90,31
124,350,6,90,31
125,351,8,90,31
126,354,3,90,31
127,355,6,90,31
128,359,3,90,31
129,361,12,90,31
130,362,6,90,31
131,364,7,90,31
132,366,2,90,31
133,368,2,90,31
134,369,3,90,31
135,371,0,90,31
136,375,2,90,31
137,380,0,90,31
138,383,2,90,31
139,385,2,90,31
140,388,6,90,31
141,394,2,90,31
142,395,2,90,31
143,398,7,90,31
144,399,2,90,31
145,401,6,90,31
146,403,5,90,31
147,409,5,90,31
148,410,2,90,31
149,413,2,90,31
150,415,2,90,31
151,422,2,90,31
152,423,2,90,31
153,424,2,90,31
154,432,4,90,31
155,433,5,90,31
156,434,2,90,31
157,436,2,90,31
158,443,2,90,31
159,449,2,90,31
160,453,2,90,31
161,455,2,90,31
162,461,2,90,31
163,463,2,90,31
164,470,5,90,31
165,472,2,90,31
166,474,2,90,31
167,476,2,90,31
168,482,3,90,31
169,484,6,90,31
170,486,6,90,31
171,492,8,90,31
172,495,9,90,31
173,497,2,90,31
174,498,6,90,31
175,504,6,90,31
176,505,6,90,31
177,508,6,90,31
178,511,3,90,31
179,512,2,90,31
180,514,3,90,31
181,516,6,90,31
182,521,6,90,31
183,524,6,90,31
184,528,10,90,31
185,530,3,90,31
186,533,8,90,31
187,541,2,90,31
188,544,2,90,31
189,557,4,90,31
190,563,5,90,31
191,564,2,90,31
192,565,7,90,31
193,566,5,90,31
194,567,2,90,31
195,568,1,90,31
196,569,2,90,31
197,570,7,90,31
198,571,3,90,31
199,573,2,90,31
200,577,2,90,31
201,585,2,90,31
202,587,3,90,31
203,588,8,90,31
204,590,2,90,31
205,592,1,90,31
206,593,0,90,31
207,594,0,90,31
208,597,2,90,31
209,600,2,90,31
210,608,10,90,31
211,611,2,90,31
212,620,2,90,31
213,622,5,90,31
214,623,2,90,31
215,625,6,90,31
216,628,1,90,31
217,630,1,90,31
218,650,1,90,31
219,655,2,90,31
0,4,5,90,32
1,6,6,90,32
2,8,6,90,32
3,9,3,90,32
4,14,1,90,32
5,15,6,90,32
6,16,3,90,32
7,17,3,90,32
8,18,6,90,32
9,19,6,90,32
10,23,8,90,32
11,24,6,90,32
12,25,6,90,32
13,26,3,90,32
14,27,5,90,32
15,28,5,90,32
16,36,1,90,32
17,42,2,90,32
18,44,1,90,32
19,45,1,90,32
20,47,1,90,32
21,48,2,90,32
22,52,1,90,32
23,54,2,90,32
24,57,2,90,32
25,58,7,90,32
26,63,2,90,32
27,64,2,90,32
28,70,2,90,32
29,76,2,90,32
30,78,3,90,32
31,79,2,90,32
32,81,2,90,32
33,82,5,90,32
34,83,5,90,32
35,84,2,90,32
36,85,2,90,32
37,88,1,90,32
38,91,3,90,32
39,95,7,90,32
40,98,2,90,32
41,99,10,90,32
42,101,5,90,32
43,104,1,90,32
44,105,1,90,32
45,110,6,90,32
46,111,8,90,32
47,120,1,90,32
48,122,1,90,32
49,128,1,90,32
50,136,2,90,32
51,144,1,90,32
52,145,1,90,32
53,146,1,90,32
54,148,5,90,32
55,149,2,90,32
56,157,2,90,32
57,159,1,90,32
58,162,2,90,32
59,172,2,90,32
60,174,2,90,32
61,177,2,90,32
62,180,2,90,32
63,181,2,90,32
64,182,5,90,32
65,185,2,90,32
66,188,2,90,32
67,189,2,90,32
68,191,1,90,32
69,196,1,90,32
70,198,3,90,32
71,200,1,90,32
72,201,1,90,32
73,203,2,90,32
74,204,1,90,32
75,205,15,90,32
76,210,1,90,32
77,211,7,90,32
78,214,8,90,32
79,219,2,90,32
80,220,5,90,32
81,221,2,90,32
82,224,8,90,32
83,230,2,90,32
84,231,2,90,32
85,232,2,90,32
86,235,3,90,32
87,236,2,90,32
88,239,2,90,32
89,240,2,90,32
90,241,7,90,32
91,247,2,90,32
92,248,1,90,32
93,251,6,90,32
94,255,4,90,32
95,257,1,90,32
96,263,9,90,32
97,265,6,90,32
98,267,6,90,32
99,272,2,90,32
100,274,8,90,32
101,277,3,90,32
102,278,3,90,32
103,284,6,90,32
104,291,2,90,32
105,293,2,90,32
106,295,2,90,32
107,296,2,90,32
108,298,2,90,32
109,301,2,90,32
110,305,2,90,32
111,306,4,90,32
112,309,2,90,32
113,311,7,90,32
114,316,6,90,32
115,321,2,90,32
116,323,3,90,32
117,324,6,90,32
118,325,6,90,32
119,326,6,90,32
120,328,5,90,32
121,335,9,90,32
122,336,8,90,32
123,338,1,90,32
124,339,6,90,32
125,341,6,90,32
126,342,5,90,32
127,347,6,90,32
128,348,3,90,32
129,350,6,90,32
130,351,6,90,32
131,354,3,90,32
132,356,3,90,32
133,361,6,90,32
134,362,6,90,32
135,364,3,90,32
136,366,3,90,32
137,368,3,90,32
138,369,7,90,32
139,372,6,90,32
140,375,2,90,32
141,380,6,90,32
142,383,6,90,32
143,385,10,90,32
144,391,2,90,32
145,392,2,90,32
146,394,2,90,32
147,398,3,90,32
148,399,2,90,32
149,401,2,90,32
150,409,2,90,32
151,413,2,90,32
152,415,2,90,32
153,417,4,90,32
154,424,14,90,32
155,430,6,90,32
156,431,2,90,32
157,432,5,90,32
158,436,1,90,32
159,437,0,90,32
160,443,0,90,32
161,449,2,90,32
162,455,1,90,32
163,461,1,90,32
164,467,1,90,32
165,474,1,90,32
166,476,3,90,32
167,484,2,90,32
168,486,2,90,32
169,491,4,90,32
170,492,5,90,32
171,494,5,90,32
172,495,8,90,32
173,497,6,90,32
174,501,2,90,32
175,504,2,90,32
176,505,2,90,32
177,508,2,90,32
178,511,7,90,32
179,512,2,90,32
180,514,9,90,32
181,516,0,90,32
182,518,2,90,32
183,520,0,90,32
184,521,0,90,32
185,524,3,90,32
186,527,7,90,32
187,530,5,90,32
188,533,1,90,32
189,535,5,90,32
190,541,4,90,32
191,544,2,90,32
192,559,4,90,32
193,560,2,90,32
194,564,1,90,32
195,566,13,90,32
196,567,2,90,32
197,568,6,90,32
198,571,3,90,32
199,573,3,90,32
200,577,12,90,32
201,584,7,90,32
202,585,2,90,32
203,587,2,90,32
204,588,7,90,32
205,590,2,90,32
206,592,2,90,32
207,593,6,90,32
208,618,2,90,32
209,619,3,90,32
210,620,5,90,32
211,622,2,90,32
212,623,2,90,32
213,628,1,90,32
214,630,6,90,32
215,650,1,90,32
216,651,2,90,32
217,652,3,90,32
218,655,2,90,32
219,10149,2,90,32
0,4,2,90,33
1,6,1,90,33
2,7,2,90,33
3,8,1,90,33
4,9,6,90,33
5,11,2,90,33
6,14,1,90,33
7,15,4,90,33
8,16,2,90,33
9,17,4,90,33
10,18,1,90,33
11,19,3,90,33
12,23,7,90,33
13,24,1,90,33
14,26,13,90,33
15,28,2,90,33
16,32,1,90,33
17,36,1,90,33
18,44,1,90,33
19,47,1,90,33
20,52,1,90,33
21,53,2,90,33
22,54,2,90,33
23,57,2,90,33
24,58,5,90,33
25,64,2,90,33
26,70,1,90,33
27,71,7,90,33
28,76,2,90,33
29,78,6,90,33
30,79,1,90,33
31,81,4,90,33
32,82,2,90,33
33,84,4,90,33
34,85,1,90,33
35,86,6,90,33
36,88,6,90,33
37,89,3,90,33
38,91,8,90,33
39,99,3,90,33
40,101,3,90,33
41,104,7,90,33
42,105,6,90,33
43,106,3,90,33
44,110,2,90,33
45,115,2,90,33
46,117,7,90,33
47,120,1,90,33
48,126,2,90,33
49,128,1,90,33
50,131,1,90,33
51,136,5,90,33
52,145,1,90,33
53,146,1,90,33
54,148,6,90,33
55,157,7,90,33
56,159,2,90,33
57,162,2,90,33
58,171,5,90,33
59,172,2,90,33
60,174,2,90,33
61,180,5,90,33
62,182,2,90,33
63,184,2,90,33
64,185,2,90,33
65,189,2,90,33
66,191,6,90,33
67,192,2,90,33
68,200,5,90,33
69,201,2,90,33
70,203,2,90,33
71,204,1,90,33
72,207,10,90,33
73,210,2,90,33
74,211,5,90,33
75,214,2,90,33
76,217,6,90,33
77,219,6,90,33
78,220,6,90,33
79,222,3,90,33
80,224,5,90,33
81,230,6,90,33
82,231,6,90,33
83,233,2,90,33
84,235,7,90,33
85,236,6,90,33
86,238,9,90,33
87,241,6,90,33
88,245,6,90,33
89,247,3,90,33
90,248,6,90,33
91,251,2,90,33
92,252,2,90,33
93,255,6,90,33
94,257,6,90,33
95,264,7,90,33
96,265,2,90,33
97,268,2,90,33
98,274,2,90,33
99,275,0,90,33
100,278,7,90,33
101,285,2,90,33
102,289,6,90,33
103,291,4,90,33
104,293,1,90,33
105,295,7,90,33
106,298,7,90,33
107,300,2,90,33
108,301,1,90,33
109,306,10,90,33
110,311,4,90,33
111,316,9,90,33
112,324,5,90,33
113,325,1,90,33
114,326,1,90,33
115,327,4,90,33
116,328,2,90,33
117,329,5,90,33
118,335,7,90,33
119,336,7,90,33
120,338,6,90,33
121,339,2,90,33
122,340,1,90,33
123,341,1,90,33
124,347,1,90,33
125,350,1,90,33
126,351,2,90,33
127,354,2,90,33
128,355,3,90,33
129,356,7,90,33
130,357,2,90,33
131,359,2,90,33
132,361,1,90,33
133,366,2,90,33
134,368,5,90,33
135,369,2,90,33
136,372,9,90,33
137,375,2,90,33
138,380,2,90,33
139,382,3,90,33
140,383,2,90,33
141,388,1,90,33
142,391,7,90,33
143,394,2,90,33
144,395,5,90,33
145,398,8,90,33
146,399,2,90,33
147,401,10,90,33
148,403,2,90,33
149,410,2,90,33
150,413,2,90,33
151,415,2,90,33
152,420,2,90,33
153,422,1,90,33
154,423,4,90,33
155,425,4,90,33
156,431,2,90,33
157,432,2,90,33
158,436,4,90,33
159,437,1,90,33
160,443,1,90,33
161,449,2,90,33
162,452,2,90,33
163,455,1,90,33
164,461,1,90,33
165,463,2,90,33
166,472,1,90,33
167,474,1,90,33
168,476,1,90,33
169,486,6,90,33
170,491,6,90,33
171,492,8,90,33
172,494,4,90,33
173,495,9,90,33
174,498,8,90,33
175,503,11,90,33
176,504,6,90,33
177,505,12,90,33
178,508,6,90,33
179,511,2,90,33
180,512,6,90,33
181,514,10,90,33
182,518,2,90,33
183,520,7,90,33
184,521,1,90,33
185,524,1,90,33
186,527,2,90,33
187,530,2,90,33
188,533,1,90,33
189,535,5,90,33
190,541,2,90,33
191,542,2,90,33
192,557,7,90,33
193,559,1,90,33
194,560,2,90,33
195,566,4,90,33
196,567,1,90,33
197,568,0,90,33
198,571,7,90,33
199,573,1,90,33
200,577,8,90,33
201,583,0,90,33
202,584,2,90,33
203,585,5,90,33
204,591,2,90,33
205,592,1,90,33
206,593,2,90,33
207,594,2,90,33
208,600,5,90,33
209,611,4,90,33
210,617,6,90,33
211,618,7,90,33
212,622,6,90,33
213,623,2,90,33
214,630,0,90,33
215,650,2,90,33
216,652,2,90,33
217,654,7,90,33
218,655,2,90,33
219,10149,2,90,33
0,3,6,90,34
1,4,6,90,34
2,6,6,90,34
3,8,6,90,34
4,14,2,90,34
5,15,6,90,34
6,16,3,90,34
7,17,3,90,34
8,18,6,90,34
9,20,3,90,34
10,23,3,90,34
11,26,4,90,34
12,27,7,90,34
13,32,8,90,34
14,35,6,90,34
15,36,9,90,34
16,42,3,90,34
17,44,6,90,34
18,47,6,90,34
19,52,12,90,34
20,54,3,90,34
21,57,3,90,34
22,64,2,90,34
23,70,-2,90,34
24,71,2,90,34
25,76,2,90,34
26,78,5,90,34
27,79,-2,90,34
28,81,-2,90,34
29,82,2,90,34
30,83,2,90,34
31,84,-2,90,34
32,85,1,90,34
33,88,1,90,34
34,91,1,90,34
35,94,5,90,34
36,95,4,90,34
37,99,8,90,34
38,101,2,90,34
39,104,1,90,34
40,105,1,90,34
41,110,5,90,34
42,121,2,90,34
43,122,-1,90,34
44,126,2,90,34
45,135,2,90,34
46,144,2,90,34
47,145,-1,90,34
48,146,-1,90,34
49,148,2,90,34
50,149,2,90,34
51,157,2,90,34
52,159,1,90,34
53,162,2,90,34
54,163,2,90,34
55,168,2,90,34
56,174,2,90,34
57,177,2,90,34
58,180,6,90,34
59,182,5,90,34
60,185,3,90,34
61,189,2,90,34
62,191,2,90,34
63,200,1,90,34
64,201,1,90,34
65,202,1,90,34
66,203,2,90,34
67,204,8,90,34
68,205,2,90,34
69,207,2,90,34
70,210,3,90,34
71,211,7,90,34
72,217,2,90,34
73,219,1,90,34
74,222,2,90,34
75,224,2,90,34
76,230,2,90,34
77,231,1,90,34
78,233,8,90,34
79,235,1,90,34
80,236,10,90,34
81,238,1,90,34
82,239,5,90,34
83,240,2,90,34
84,241,2,90,34
85,247,2,90,34
86,248,2,90,34
87,252,6,90,34
88,254,2,90,34
89,255,8,90,34
90,257,2,90,34
91,263,6,90,34
92,265,3,90,34
93,267,6,90,34
94,268,2,90,34
95,272,2,90,34
96,274,4,90,34
97,278,3,90,34
98,290,2,90,34
99,291,1,90,34
100,293,3,90,34
101,295,1,90,34
102,298,2,90,34
103,300,2,90,34
104,301,4,90,34
105,306,2,90,34
106,313,12,90,34
107,314,2,90,34
108,316,17,90,34
109,321,10,90,34
110,325,6,90,34
111,326,6,90,34
112,327,8,90,34
113,328,10,90,34
114,329,3,90,34
115,336,3,90,34
116,337,6,90,34
117,338,1,90,34
118,339,6,90,34
119,342,2,90,34
120,347,2,90,34
121,348,2,90,34
122,350,17,90,34
123,351,14,90,34
124,354,11,90,34
125,355,10,90,34
126,356,15,90,34
127,359,8,90,34
128,361,5,90,34
129,362,2,90,34
130,364,2,90,34
131,366,7,90,34
132,368,2,90,34
133,369,2,90,34
134,372,7,90,34
135,375,2,90,34
136,383,2,90,34
137,385,2,90,34
138,388,9,90,34
139,392,2,90,34
140,394,2,90,34
141,398,2,90,34
142,399,2,90,34
143,401,4,90,34
144,402,2,90,34
145,403,2,90,34
146,409,5,90,34
147,413,2,90,34
148,415,3,90,34
149,417,2,90,34
150,423,2,90,34
151,425,2,90,34
152,431,2,90,34
153,432,2,90,34
154,433,2,90,34
155,436,5,90,34
156,443,2,90,34
157,447,2,90,34
158,449,3,90,34
159,453,6,90,34
160,455,2,90,34
161,461,2,90,34
162,463,5,90,34
163,472,2,90,34
164,474,2,90,34
165,476,2,90,34
166,480,2,90,34
167,484,1,90,34
168,486,1,90,34
169,491,2,90,34
170,492,5,90,34
171,494,3,90,34
172,498,1,90,34
173,501,2,90,34
174,503,2,90,34
175,505,1,90,34
176,508,1,90,34
177,511,3,90,34
178,514,3,90,34
179,518,2,90,34
180,521,6,90,34
181,524,6,90,34
182,528,6,90,34
183,533,5,90,34
184,539,6,90,34
185,541,6,90,34
186,542,2,90,34
187,553,2,90,34
188,557,2,90,34
189,559,5,90,34
190,564,2,90,34
191,566,6,90,34
192,567,2,90,34
193,568,6,90,34
194,569,6,90,34
195,570,2,90,34
196,573,2,90,34
197,576,3,90,34
198,577,5,90,34
199,585,5,90,34
200,587,8,90,34
201,588,3,90,34
202,591,6,90,34
203,593,2,90,34
204,594,5,90,34
205,611,8,90,34
206,617,7,90,34
207,618,2,90,34
208,621,2,90,34
209,622,2,90,34
210,623,2,90,34
211,625,5,90,34
212,628,-1,90,34
213,631,3,90,34
214,633,3,90,34
215,635,2,90,34
216,650,1,90,34
217,651,4,90,34
218,652,2,90,34
219,654,3,90,34
0,4,2,90,35
1,6,6,90,35
2,9,4,90,35
3,11,2,90,35
4,14,0,90,35
5,15,6,90,35
6,16,3,90,35
7,17,8,90,35
8,18,9,90,35
9,19,5,90,35
10,23,3,90,35
11,24,6,90,35
12,26,6,90,35
13,27,8,90,35
14,32,3,90,35
15,35,0,90,35
16,36,0,90,35
17,44,0,90,35
18,47,0,90,35
19,48,2,90,35
20,52,0,90,35
21,53,2,90,35
22,54,7,90,35
23,57,2,90,35
24,63,2,90,35
25,64,2,90,35
26,70,1,90,35
27,71,2,90,35
28,78,12,90,35
29,79,1,90,35
30,82,4,90,35
31,83,8,90,35
32,84,1,90,35
33,85,1,90,35
34,88,2,90,35
35,89,2,90,35
36,91,5,90,35
37,95,2,90,35
38,98,2,90,35
39,99,12,90,35
40,101,2,90,35
41,104,2,90,35
42,105,2,90,35
43,110,2,90,35
44,115,2,90,35
45,122,2,90,35
46,128,2,90,35
47,135,2,90,35
48,136,2,90,35
49,144,2,90,35
50,145,2,90,35
51,146,2,90,35
52,148,2,90,35
53,157,2,90,35
54,159,5,90,35
55,162,1,90,35
56,163,7,90,35
57,168,2,90,35
58,171,1,90,35
59,172,1,90,35
60,177,4,90,35
61,180,2,90,35
62,181,5,90,35
63,182,7,90,35
64,185,2,90,35
65,186,3,90,35
66,191,1,90,35
67,200,2,90,35
68,201,2,90,35
69,203,7,90,35
70,204,2,90,35
71,205,2,90,35
72,207,2,90,35
73,210,5,90,35
74,211,2,90,35
75,214,4,90,35
76,219,1,90,35
77,220,9,90,35
78,222,2,90,35
79,224,7,90,35
80,230,15,90,35
81,231,4,90,35
82,232,2,90,35
83,233,2,90,35
84,235,1,90,35
85,236,7,90,35
86,238,1,90,35
87,239,7,90,35
88,240,2,90,35
89,241,1,90,35
90,247,4,90,35
91,248,1,90,35
92,252,2,90,35
93,255,1,90,35
94,257,2,90,35
95,262,2,90,35
96,263,1,90,35
97,265,3,90,35
98,267,1,90,35
99,268,6,90,35
100,274,2,90,35
101,278,2,90,35
102,291,2,90,35
103,293,2,90,35
104,295,2,90,35
105,298,4,90,35
106,300,2,90,35
107,301,2,90,35
108,305,2,90,35
109,306,10,90,35
110,309,8,90,35
111,311,6,90,35
112,316,6,90,35
113,321,2,90,35
114,323,3,90,35
115,325,7,90,35
116,326,6,90,35
117,328,5,90,35
118,329,3,90,35
119,336,6,90,35
120,337,6,90,35
121,338,2,90,35
122,339,6,90,35
123,340,5,90,35
124,341,1,90,35
125,342,5,90,35
126,347,1,90,35
127,348,7,90,35
128,355,6,90,35
129,357,2,90,35
130,359,2,90,35
131,361,1,90,35
132,362,1,90,35
133,364,10,90,35
134,366,5,90,35
135,368,2,90,35
136,372,7,90,35
137,380,1,90,35
138,382,5,90,35
139,383,1,90,35
140,385,2,90,35
141,388,6,90,35
142,389,2,90,35
143,392,2,90,35
144,394,4,90,35
145,395,2,90,35
146,399,2,90,35
147,401,2,90,35
148,404,2,90,35
149,409,2,90,35
150,410,2,90,35
151,413,2,90,35
152,415,2,90,35
153,417,2,90,35
154,422,6,90,35
155,423,3,90,35
156,431,3,90,35
157,432,3,90,35
158,433,3,90,35
159,434,3,90,35
160,436,6,90,35
161,443,6,90,35
162,449,3,90,35
163,453,2,90,35
164,455,1,90,35
165,461,0,90,35
166,462,7,90,35
167,467,0,90,35
168,472,0,90,35
169,476,0,90,35
170,480,2,90,35
171,482,2,90,35
172,486,3,90,35
173,492,7,90,35
174,495,2,90,35
175,498,2,90,35
176,499,8,90,35
177,501,2,90,35
178,503,13,90,35
179,505,14,90,35
180,508,2,90,35
181,511,3,90,35
182,512,5,90,35
183,514,4,90,35
184,518,7,90,35
185,520,6,90,35
186,521,6,90,35
187,524,6,90,35
188,527,3,90,35
189,530,3,90,35
190,533,2,90,35
191,539,2,90,35
192,541,2,90,35
193,542,2,90,35
194,543,2,90,35
195,544,2,90,35
196,557,2,90,35
197,559,2,90,35
198,564,3,90,35
199,566,6,90,35
200,568,4,90,35
201,571,12,90,35
202,573,6,90,35
203,587,5,90,35
204,591,6,90,35
205,592,1,90,35
206,593,1,90,35
207,595,2,90,35
208,611,2,90,35
209,617,5,90,35
210,618,2,90,35
211,622,2,90,35
212,623,2,90,35
213,625,2,90,35
214,630,1,90,35
215,633,3,90,35
216,635,2,90,35
217,650,2,90,35
218,651,2,90,35
219,652,2,90,35
0,2,2,90,36
1,3,1,90,36
2,4,2,90,36
3,6,4,90,36
4,8,7,90,36
5,14,2,90,36
6,15,1,90,36
7,16,2,90,36
8,17,2,90,36
9,18,1,90,36
10,19,2,90,36
11,20,2,90,36
12,26,2,90,36
13,28,5,90,36
14,35,7,90,36
15,36,1,90,36
16,44,1,90,36
17,47,4,90,36
18,48,2,90,36
19,52,1,90,36
20,53,2,90,36
21,54,2,90,36
22,57,7,90,36
23,58,2,90,36
24,59,2,90,36
25,63,2,90,36
26,64,3,90,36
27,70,2,90,36
28,71,2,90,36
29,78,5,90,36
30,79,2,90,36
31,82,6,90,36
32,83,2,90,36
33,84,2,90,36
34,85,2,90,36
35,88,4,90,36
36,89,8,90,36
37,91,3,90,36
38,94,7,90,36
39,95,7,90,36
40,98,10,90,36
41,99,2,90,36
42,101,2,90,36
43,104,1,90,36
44,110,2,90,36
45,113,3,90,36
46,115,3,90,36
47,126,3,90,36
48,128,6,90,36
49,136,3,90,36
50,144,6,90,36
51,145,6,90,36
52,146,6,90,36
53,148,2,90,36
54,157,2,90,36
55,159,2,90,36
56,162,1,90,36
57,163,7,90,36
58,171,1,90,36
59,174,7,90,36
60,177,10,90,36
61,180,9,90,36
62,182,17,90,36
63,185,1,90,36
64,189,1,90,36
65,200,2,90,36
66,201,2,90,36
67,203,2,90,36
68,204,4,90,36
69,205,7,90,36
70,207,12,90,36
71,210,2,90,36
72,211,2,90,36
73,214,2,90,36
74,217,2,90,36
75,218,2,90,36
76,219,2,90,36
77,224,2,90,36
78,230,7,90,36
79,231,2,90,36
80,232,7,90,36
81,235,2,90,36
82,236,2,90,36
83,238,2,90,36
84,239,8,90,36
85,240,2,90,36
86,241,1,90,36
87,243,2,90,36
88,245,1,90,36
89,247,7,90,36
90,248,1,90,36
91,251,2,90,36
92,252,7,90,36
93,255,1,90,36
94,263,1,90,36
95,267,1,90,36
96,274,4,90,36
97,275,1,90,36
98,278,5,90,36
99,284,1,90,36
100,289,6,90,36
101,291,2,90,36
102,293,2,90,36
103,295,2,90,36
104,296,2,90,36
105,298,2,90,36
106,300,5,90,36
107,301,5,90,36
108,302,2,90,36
109,306,10,90,36
110,311,6,90,36
111,321,3,90,36
112,322,6,90,36
113,324,3,90,36
114,325,6,90,36
115,326,6,90,36
116,327,3,90,36
117,328,3,90,36
118,333,6,90,36
119,336,5,90,36
120,338,1,90,36
121,339,9,90,36
122,342,2,90,36
123,347,2,90,36
124,350,2,90,36
125,351,8,90,36
126,354,2,90,36
127,355,2,90,36
128,356,2,90,36
129,357,2,90,36
130,359,2,90,36
131,361,2,90,36
132,362,2,90,36
133,366,9,90,36
134,368,2,90,36
135,369,-1,90,36
136,370,2,90,36
137,372,5,90,36
138,375,6,90,36
139,380,-1,90,36
140,383,-1,90,36
141,385,3,90,36
142,394,5,90,36
143,395,3,90,36
144,398,7,90,36
145,399,2,90,36
146,401,6,90,36
147,402,2,90,36
148,405,2,90,36
149,409,2,90,36
150,413,5,90,36
151,415,4,90,36
152,417,2,90,36
153,422,2,90,36
154,423,5,90,36
155,431,2,90,36
156,432,2,90,36
157,434,10,90,36
158,436,3,90,36
159,443,2,90,36
160,447,2,90,36
161,449,2,90,36
162,453,3,90,36
163,461,2,90,36
164,463,5,90,36
165,467,2,90,36
166,474,2,90,36
167,475,2,90,36
168,476,2,90,36
169,482,7,90,36
170,484,1,90,36
171,491,6,90,36
172,492,2,90,36
173,494,9,90,36
174,495,4,90,36
175,498,1,90,36
176,499,2,90,36
177,501,2,90,36
178,505,1,90,36
179,508,4,90,36
180,511,2,90,36
181,512,2,90,36
182,514,7,90,36
183,516,2,90,36
184,518,5,90,36
185,520,2,90,36
186,521,4,90,36
187,524,2,90,36
188,527,5,90,36
189,530,2,90,36
190,533,1,90,36
191,541,2,90,36
192,542,1,90,36
193,544,2,90,36
194,553,2,90,36
195,557,2,90,36
196,559,3,90,36
197,560,5,90,36
198,566,7,90,36
199,567,1,90,36
200,568,1,90,36
201,573,2,90,36
202,585,7,90,36
203,588,2,90,36
204,591,2,90,36
205,593,-1,90,36
206,594,2,90,36
207,600,3,90,36
208,608,7,90,36
209,611,7,90,36
210,617,6,90,36
211,618,3,90,36
212,623,2,90,36
213,625,5,90,36
214,630,1,90,36
215,631,2,90,36
216,633,2,90,36
217,650,2,90,36
218,651,2,90,36
219,10149,2,90,36
0,3,2,90,37
1,4,4,90,37
2,6,2,90,37
3,8,2,90,37
4,9,2,90,37
5,11,2,90,37
6,14,2,90,37
7,15,2,90,37
8,16,3,90,37
9,18,5,90,37
10,20,2,90,37
11,23,2,90,37
12,24,2,90,37
13,26,5,90,37
14,27,6,90,37
15,35,1,90,37
16,38,2,90,37
17,42,2,90,37
18,44,1,90,37
19,45,1,90,37
20,47,1,90,37
21,48,2,90,37
22,52,1,90,37
23,57,2,90,37
24,58,2,90,37
25,64,2,90,37
26,70,1,90,37
27,71,2,90,37
28,74,2,90,37
29,78,2,90,37
30,79,1,90,37
31,81,1,90,37
32,82,5,90,37
33,83,2,90,37
34,84,2,90,37
35,85,1,90,37
36,86,6,90,37
37,88,7,90,37
38,91,6,90,37
39,94,3,90,37
40,98,3,90,37
41,99,13,90,37
42,101,8,90,37
43,104,6,90,37
44,106,11,90,37
45,110,2,90,37
46,115,2,90,37
47,126,2,90,37
48,128,1,90,37
49,135,5,90,37
50,136,2,90,37
51,144,1,90,37
52,146,1,90,37
53,148,6,90,37
54,157,5,90,37
55,159,6,90,37
56,162,1,90,37
57,163,1,90,37
58,171,1,90,37
59,174,2,90,37
60,181,4,90,37
61,182,2,90,37
62,185,1,90,37
63,187,1,90,37
64,188,2,90,37
65,189,7,90,37
66,191,3,90,37
67,200,6,90,37
68,201,7,90,37
69,203,3,90,37
70,204,1,90,37
71,205,8,90,37
72,207,9,90,37
73,210,6,90,37
74,211,6,90,37
75,219,3,90,37
76,220,2,90,37
77,222,2,90,37
78,224,7,90,37
79,230,2,90,37
80,232,5,90,37
81,233,2,90,37
82,235,2,90,37
83,236,2,90,37
84,238,2,90,37
85,239,2,90,37
86,240,4,90,37
87,241,0,90,37
88,247,2,90,37
89,248,0,90,37
90,251,2,90,37
91,252,2,90,37
92,255,0,90,37
93,257,0,90,37
94,262,13,90,37
95,263,2,90,37
96,264,5,90,37
97,265,5,90,37
98,267,8,90,37
99,272,6,90,37
100,274,7,90,37
101,275,8,90,37
102,290,2,90,37
103,291,5,90,37
104,293,-1,90,37
105,295,-1,90,37
106,298,2,90,37
107,300,2,90,37
108,302,-1,90,37
109,306,2,90,37
110,311,4,90,37
111,316,12,90,37
112,325,2,90,37
113,326,2,90,37
114,327,2,90,37
115,328,7,90,37
116,329,5,90,37
117,333,3,90,37
118,336,2,90,37
119,337,2,90,37
120,338,6,90,37
121,339,2,90,37
122,340,6,90,37
123,342,8,90,37
124,347,6,90,37
125,348,5,90,37
126,350,6,90,37
127,351,2,90,37
128,354,6,90,37
129,355,6,90,37
130,357,11,90,37
131,359,2,90,37
132,361,6,90,37
133,362,9,90,37
134,366,2,90,37
135,369,5,90,37
136,370,5,90,37
137,372,8,90,37
138,375,9,90,37
139,380,2,90,37
140,383,2,90,37
141,385,2,90,37
142,388,1,90,37
143,389,2,90,37
144,394,3,90,37
145,395,6,90,37
146,398,8,90,37
147,399,6,90,37
148,401,2,90,37
149,402,3,90,37
150,404,6,90,37
151,405,6,90,37
152,409,6,90,37
153,413,6,90,37
154,417,6,90,37
155,422,2,90,37
156,423,2,90,37
157,424,5,90,37
158,432,3,90,37
159,434,5,90,37
160,436,2,90,37
161,443,2,90,37
162,447,10,90,37
163,449,2,90,37
164,452,2,90,37
165,455,2,90,37
166,461,4,90,37
167,474,5,90,37
168,476,2,90,37
169,480,3,90,37
170,486,8,90,37
171,491,6,90,37
172,494,9,90,37
173,495,6,90,37
174,499,8,90,37
175,501,2,90,37
176,503,13,90,37
177,505,7,90,37
178,508,6,90,37
179,509,3,90,37
180,514,4,90,37
181,517,1,90,37
182,518,2,90,37
183,520,4,90,37
184,521,1,90,37
185,527,2,90,37
186,528,1,90,37
187,533,1,90,37
188,541,2,90,37
189,542,1,90,37
190,557,2,90,37
191,559,1,90,37
192,560,2,90,37
193,564,1,90,37
194,565,2,90,37
195,566,2,90,37
196,567,1,90,37
197,568,2,90,37
198,570,2,90,37
199,573,2,90,37
200,577,2,90,37
201,585,8,90,37
202,587,7,90,37
203,588,2,90,37
204,591,1,90,37
205,593,2,90,37
206,594,2,90,37
207,600,2,90,37
208,608,2,90,37
209,611,12,90,37
210,617,2,90,37
211,618,2,90,37
212,622,2,90,37
213,623,2,90,37
214,628,1,90,37
215,635,2,90,37
216,650,6,90,37
217,651,5,90,37
218,654,2,90,37
219,655,2,90,37
0,2,6,90,38
1,3,1,90,38
2,4,2,90,38
3,6,1,90,38
4,10,2,90,38
5,14,2,90,38
6,15,1,90,38
7,16,13,90,38
8,17,2,90,38
9,18,1,90,38
10,19,4,90,38
11,23,2,90,38
12,24,3,90,38
13,36,1,90,38
14,38,2,90,38
15,44,7,90,38
16,45,1,90,38
17,47,1,90,38
18,48,2,90,38
19,52,1,90,38
20,57,2,90,38
21,58,5,90,38
22,63,2,90,38
23,64,2,90,38
24,70,1,90,38
25,76,2,90,38
26,78,2,90,38
27,79,1,90,38
28,81,1,90,38
29,82,10,90,38
30,83,2,90,38
31,84,1,90,38
32,85,1,90,38
33,88,6,90,38
34,89,3,90,38
35,91,6,90,38
36,94,3,90,38
37,98,3,90,38
38,99,8,90,38
39,101,3,90,38
40,104,6,90,38
41,106,3,90,38
42,110,6,90,38
43,115,2,90,38
44,117,2,90,38
45,120,1,90,38
46,126,7,90,38
47,128,1,90,38
48,136,2,90,38
49,144,1,90,38
50,145,1,90,38
51,146,1,90,38
52,148,7,90,38
53,157,3,90,38
54,159,9,90,38
55,162,6,90,38
56,171,6,90,38
57,179,3,90,38
58,180,2,90,38
59,181,3,90,38
60,182,6,90,38
61,185,8,90,38
62,187,6,90,38
63,189,6,90,38
64,191,1,90,38
65,192,2,90,38
66,196,6,90,38
67,200,6,90,38
68,201,6,90,38
69,203,6,90,38
70,204,4,90,38
71,205,3,90,38
72,207,10,90,38
73,210,6,90,38
74,211,6,90,38
75,214,3,90,38
76,217,3,90,38
77,219,6,90,38
78,220,13,90,38
79,222,8,90,38
80,224,3,90,38
81,231,9,90,38
82,232,2,90,38
83,233,4,90,38
84,235,6,90,38
85,236,6,90,38
86,238,6,90,38
87,239,2,90,38
88,240,2,90,38
89,241,1,90,38
90,247,5,90,38
91,248,1,90,38
92,252,3,90,38
93,255,1,90,38
94,257,1,90,38
95,263,6,90,38
96,264,3,90,38
97,267,10,90,38
98,268,8,90,38
99,278,3,90,38
100,291,1,90,38
101,293,3,90,38
102,295,1,90,38
103,296,1,90,38
104,300,2,90,38
105,301,1,90,38
106,307,1,90,38
107,311,1,90,38
108,316,10,90,38
109,322,1,90,38
110,323,2,90,38
111,325,1,90,38
112,326,1,90,38
113,328,10,90,38
114,329,3,90,38
115,336,5,90,38
116,337,4,90,38
117,338,6,90,38
118,339,1,90,38
119,341,6,90,38
120,342,11,90,38
121,346,6,90,38
122,347,6,90,38
123,350,6,90,38
124,351,6,90,38
125,354,3,90,38
126,355,6,90,38
127,359,3,90,38
128,361,6,90,38
129,362,8,90,38
130,366,3,90,38
131,368,3,90,38
132,369,6,90,38
133,372,3,90,38
134,375,2,90,38
135,380,6,90,38
136,383,6,90,38
137,385,3,90,38
138,388,1,90,38
139,389,3,90,38
140,392,2,90,38
141,394,7,90,38
142,395,1,90,38
143,398,5,90,38
144,399,1,90,38
145,401,6,90,38
146,403,5,90,38
147,409,2,90,38
148,413,1,90,38
149,415,1,90,38
150,417,2,90,38
151,422,2,90,38
152,423,4,90,38
153,432,2,90,38
154,434,5,90,38
155,436,2,90,38
156,443,2,90,38
157,447,6,90,38
158,449,2,90,38
159,452,2,90,38
160,455,1,90,38
161,461,1,90,38
162,467,1,90,38
163,474,1,90,38
164,475,1,90,38
165,476,1,90,38
166,480,5,90,38
167,482,2,90,38
168,486,5,90,38
169,491,3,90,38
170,494,2,90,38
171,495,2,90,38
172,498,5,90,38
173,501,2,90,38
174,503,2,90,38
175,505,2,90,38
176,508,2,90,38
177,511,2,90,38
178,512,3,90,38
179,514,2,90,38
180,518,2,90,38
181,520,1,90,38
182,521,1,90,38
183,524,1,90,38
184,527,7,90,38
185,528,1,90,38
186,530,5,90,38
187,535,2,90,38
188,539,2,90,38
189,541,3,90,38
190,542,1,90,38
191,548,2,90,38
192,557,2,90,38
193,559,1,90,38
194,560,3,90,38
195,566,2,90,38
196,567,3,90,38
197,568,6,90,38
198,569,2,90,38
199,570,2,90,38
200,573,5,90,38
201,588,2,90,38
202,592,1,90,38
203,593,6,90,38
204,596,2,90,38
205,600,2,90,38
206,608,2,90,38
207,611,8,90,38
208,618,10,90,38
209,619,3,90,38
210,620,7,90,38
211,623,2,90,38
212,625,8,90,38
213,630,6,90,38
214,631,8,90,38
215,633,2,90,38
216,650,6,90,38
217,651,3,90,38
218,652,3,90,38
219,655,2,90,38
0,3,2,90,39
1,4,2,90,39
2,11,2,90,39
3,14,2,90,39
4,15,2,90,39
5,16,2,90,39
6,17,2,90,39
7,18,2,90,39
8,19,7,90,39
9,20,2,90,39
10,23,7,90,39
11,24,2,90,39
12,26,5,90,39
13,28,6,90,39
14,32,6,90,39
15,36,6,90,39
16,38,2,90,39
17,44,6,90,39
18,45,6,90,39
19,47,6,90,39
20,48,4,90,39
21,53,3,90,39
22,57,3,90,39
23,60,2,90,39
24,63,2,90,39
25,64,2,90,39
26,71,7,90,39
27,76,5,90,39
28,78,2,90,39
29,82,2,90,39
30,83,2,90,39
31,84,2,90,39
32,85,2,90,39
33,88,1,90,39
34,89,2,90,39
35,91,1,90,39
36,94,2,90,39
37,99,10,90,39
38,101,2,90,39
39,104,1,90,39
40,105,1,90,39
41,110,3,90,39
42,111,2,90,39
43,115,3,90,39
44,123,2,90,39
45,128,6,90,39
46,132,3,90,39
47,136,3,90,39
48,144,6,90,39
49,145,6,90,39
50,146,6,90,39
51,148,3,90,39
52,157,5,90,39
53,159,6,90,39
54,162,2,90,39
55,163,2,90,39
56,168,2,90,39
57,174,8,90,39
58,177,5,90,39
59,180,10,90,39
60,181,7,90,39
61,182,4,90,39
62,185,2,90,39
63,186,2,90,39
64,189,8,90,39
65,191,8,90,39
66,196,6,90,39
67,200,6,90,39
68,201,7,90,39
69,203,3,90,39
70,204,2,90,39
71,205,5,90,39
72,207,6,90,39
73,210,6,90,39
74,211,6,90,39
75,219,2,90,39
76,222,2,90,39
77,224,2,90,39
78,230,2,90,39
79,231,7,90,39
80,232,2,90,39
81,235,2,90,39
82,236,8,90,39
83,238,2,90,39
84,239,5,90,39
85,240,2,90,39
86,241,4,90,39
87,247,2,90,39
88,248,2,90,39
89,252,2,90,39
90,255,5,90,39
91,257,2,90,39
92,263,0,90,39
93,267,0,90,39
94,272,2,90,39
95,274,5,90,39
96,278,2,90,39
97,284,0,90,39
98,291,6,90,39
99,293,9,90,39
100,295,6,90,39
101,296,9,90,39
102,298,12,90,39
103,300,8,90,39
104,301,6,90,39
105,306,10,90,39
106,309,3,90,39
107,311,6,90,39
108,316,2,90,39
109,321,2,90,39
110,323,6,90,39
111,324,3,90,39
112,325,8,90,39
113,326,6,90,39
114,328,3,90,39
115,329,3,90,39
116,337,6,90,39
117,338,1,90,39
118,339,6,90,39
119,341,1,90,39
120,342,5,90,39
121,347,1,90,39
122,348,5,90,39
123,350,2,90,39
124,351,4,90,39
125,354,2,90,39
126,355,1,90,39
127,357,7,90,39
128,359,2,90,39
129,361,1,90,39
130,364,2,90,39
131,366,2,90,39
132,368,2,90,39
133,369,0,90,39
134,372,6,90,39
135,375,6,90,39
136,380,0,90,39
137,383,3,90,39
138,388,1,90,39
139,391,2,90,39
140,392,2,90,39
141,394,7,90,39
142,395,2,90,39
143,398,2,90,39
144,401,4,90,39
145,403,5,90,39
146,409,5,90,39
147,413,3,90,39
148,415,2,90,39
149,417,2,90,39
150,422,2,90,39
151,423,4,90,39
152,424,9,90,39
153,431,2,90,39
154,434,3,90,39
155,436,2,90,39
156,443,2,90,39
157,447,9,90,39
158,452,2,90,39
159,455,2,90,39
160,461,5,90,39
161,467,5,90,39
162,472,2,90,39
163,474,2,90,39
164,476,3,90,39
165,482,2,90,39
166,484,2,90,39
167,486,2,90,39
168,491,5,90,39
169,492,2,90,39
170,494,2,90,39
171,495,2,90,39
172,499,2,90,39
173,501,3,90,39
174,505,4,90,39
175,508,2,90,39
176,512,6,90,39
177,514,2,90,39
178,515,7,90,39
179,517,1,90,39
180,518,2,90,39
181,521,1,90,39
182,524,1,90,39
183,527,2,90,39
184,530,2,90,39
185,533,2,90,39
186,541,5,90,39
187,542,2,90,39
188,553,2,90,39
189,557,2,90,39
190,559,2,90,39
191,565,2,90,39
192,566,2,90,39
193,568,0,90,39
194,569,8,90,39
195,573,2,90,39
196,577,2,90,39
197,587,5,90,39
198,588,2,90,39
199,591,1,90,39
200,592,2,90,39
201,593,0,90,39
202,594,0,90,39
203,596,2,90,39
204,597,2,90,39
205,611,2,90,39
206,617,6,90,39
207,618,3,90,39
208,622,2,90,39
209,623,2,90,39
210,625,2,90,39
211,628,6,90,39
212,630,0,90,39
213,631,4,90,39
214,635,3,90,39
215,650,6,90,39
216,651,2,90,39
217,652,2,90,39
218,655,2,90,39
219,10149,2,90,39
0,2,2,90,40
1,4,6,90,40
2,6,4,90,40
3,9,2,90,40
4,11,6,90,40
5,12,2,90,40
6,14,2,90,40
7,15,1,90,40
8,16,2,90,40
9,17,4,90,40
10,18,1,90,40
11,20,5,90,40
12,23,3,90,40
13,26,8,90,40
14,28,2,90,40
15,32,1,90,40
16,44,1,90,40
17,47,1,90,40
18,48,5,90,40
19,52,1,90,40
20,53,2,90,40
21,54,7,90,40
22,57,2,90,40
23,58,2,90,40
24,63,2,90,40
25,64,2,90,40
26,70,1,90,40
27,71,7,90,40
28,78,12,90,40
29,79,1,90,40
30,81,1,90,40
31,82,4,90,40
32,83,11,90,40
33,84,4,90,40
34,85,1,90,40
35,88,8,90,40
36,89,3,90,40
37,91,6,90,40
38,94,3,90,40
39,95,3,90,40
40,99,3,90,40
41,101,3,90,40
42,104,6,90,40
43,106,3,90,40
44,110,2,90,40
45,113,2,90,40
46,115,2,90,40
47,126,2,90,40
48,128,1,90,40
49,136,2,90,40
50,144,1,90,40
51,146,1,90,40
52,148,6,90,40
53,149,5,90,40
54,157,3,90,40
55,159,6,90,40
56,162,6,90,40
57,163,6,90,40
58,174,3,90,40
59,177,3,90,40
60,179,3,90,40
61,181,3,90,40
62,182,5,90,40
63,185,6,90,40
64,189,6,90,40
65,191,9,90,40
66,192,6,90,40
67,200,6,90,40
68,201,6,90,40
69,203,6,90,40
70,204,1,90,40
71,205,12,90,40
72,207,21,90,40
73,210,6,90,40
74,211,6,90,40
75,219,3,90,40
76,220,2,90,40
77,221,1,90,40
78,222,2,90,40
79,224,7,90,40
80,231,4,90,40
81,232,5,90,40
82,233,2,90,40
83,235,1,90,40
84,236,1,90,40
85,238,1,90,40
86,239,3,90,40
87,241,6,90,40
88,244,6,90,40
89,248,7,90,40
90,252,2,90,40
91,254,3,90,40
92,255,6,90,40
93,257,6,90,40
94,259,3,90,40
95,263,0,90,40
96,264,2,90,40
97,267,2,90,40
98,268,2,90,40
99,274,2,90,40
100,277,2,90,40
101,278,2,90,40
102,284,0,90,40
103,290,3,90,40
104,291,6,90,40
105,293,6,90,40
106,295,6,90,40
107,298,11,90,40
108,300,3,90,40
109,306,17,90,40
110,309,6,90,40
111,311,5,90,40
112,323,2,90,40
113,325,2,90,40
114,326,5,90,40
115,327,2,90,40
116,328,7,90,40
117,329,3,90,40
118,335,5,90,40
119,336,7,90,40
120,337,4,90,40
121,338,6,90,40
122,339,2,90,40
123,340,1,90,40
124,341,1,90,40
125,342,4,90,40
126,347,1,90,40
127,348,6,90,40
128,351,10,90,40
129,354,2,90,40
130,356,2,90,40
131,359,2,90,40
132,361,4,90,40
133,362,1,90,40
134,364,3,90,40
135,372,4,90,40
136,375,2,90,40
137,380,6,90,40
138,382,3,90,40
139,383,9,90,40
140,385,3,90,40
141,388,1,90,40
142,389,2,90,40
143,392,7,90,40
144,394,2,90,40
145,398,7,90,40
146,399,2,90,40
147,401,2,90,40
148,404,2,90,40
149,409,2,90,40
150,410,2,90,40
151,413,2,90,40
152,415,2,90,40
153,417,2,90,40
154,422,6,90,40
155,423,3,90,40
156,425,12,90,40
157,431,3,90,40
158,434,3,90,40
159,436,7,90,40
160,443,6,90,40
161,447,5,90,40
162,449,11,90,40
163,452,2,90,40
164,455,2,90,40
165,456,2,90,40
166,461,2,90,40
167,462,7,90,40
168,463,5,90,40
169,476,8,90,40
170,482,2,90,40
171,486,3,90,40
172,491,7,90,40
173,492,2,90,40
174,494,11,90,40
175,495,2,90,40
176,498,2,90,40
177,503,7,90,40
178,504,2,90,40
179,508,2,90,40
180,511,5,90,40
181,512,2,90,40
182,514,2,90,40
183,518,2,90,40
184,520,1,90,40
185,521,1,90,40
186,527,2,90,40
187,530,2,90,40
188,533,-1,90,40
189,541,2,90,40
190,542,-1,90,40
191,544,2,90,40
192,553,2,90,40
193,559,-1,90,40
194,560,3,90,40
195,563,2,90,40
196,564,-1,90,40
197,565,3,90,40
198,567,-1,90,40
199,568,0,90,40
200,570,3,90,40
201,573,6,90,40
202,585,16,90,40
203,587,2,90,40
204,591,1,90,40
205,592,1,90,40
206,593,6,90,40
207,594,6,90,40
208,608,3,90,40
209,618,2,90,40
210,622,3,90,40
211,623,2,90,40
212,625,2,90,40
213,628,1,90,40
214,630,1,90,40
215,635,3,90,40
216,650,6,90,40
217,651,2,90,40
218,652,3,90,40
219,654,2,90,40
0,2,5,90,41
1,3,1,90,41
2,4,6,90,41
3,9,2,90,41
4,10,2,90,41
5,11,2,90,41
6,14,12,90,41
7,15,1,90,41
8,16,2,90,41
9,17,9,90,41
10,18,1,90,41
11,19,7,90,41
12,20,2,90,41
13,23,2,90,41
14,24,1,90,41
15,27,8,90,41
16,35,2,90,41
17,38,2,90,41
18,47,2,90,41
19,48,2,90,41
20,52,5,90,41
21,53,2,90,41
22,54,2,90,41
23,57,2,90,41
24,58,2,90,41
25,60,2,90,41
26,63,2,90,41
27,64,2,90,41
28,65,4,90,41
29,70,1,90,41
30,76,2,90,41
31,78,2,90,41
32,79,1,90,41
33,82,3,90,41
34,83,2,90,41
35,84,1,90,41
36,85,1,90,41
37,86,0,90,41
38,88,0,90,41
39,91,0,90,41
40,94,2,90,41
41,95,2,90,41
42,99,2,90,41
43,101,5,90,41
44,104,0,90,41
45,105,0,90,41
46,110,6,90,41
47,113,3,90,41
48,115,3,90,41
49,117,5,90,41
50,126,3,90,41
51,128,9,90,41
52,135,3,90,41
53,136,8,90,41
54,144,6,90,41
55,145,6,90,41
56,146,6,90,41
57,149,3,90,41
58,157,3,90,41
59,159,2,90,41
60,162,6,90,41
61,163,6,90,41
62,171,9,90,41
63,172,9,90,41
64,177,8,90,41
65,180,9,90,41
66,182,3,90,41
67,185,6,90,41
68,189,6,90,41
69,191,2,90,41
70,192,2,90,41
71,200,2,90,41
72,201,2,90,41
73,203,2,90,41
74,204,6,90,41
75,205,2,90,41
76,207,4,90,41
77,210,2,90,41
78,211,2,90,41
79,218,2,90,41
80,219,1,90,41
81,222,2,90,41
82,224,2,90,41
83,230,2,90,41
84,231,1,90,41
85,232,2,90,41
86,233,2,90,41
87,235,1,90,41
88,236,1,90,41
89,238,1,90,41
90,239,7,90,41
91,240,2,90,41
92,241,9,90,41
93,247,13,90,41
94,248,2,90,41
95,255,11,90,41
96,257,2,90,41
97,263,6,90,41
98,267,9,90,41
99,268,2,90,41
100,274,3,90,41
101,275,7,90,41
102,278,3,90,41
103,284,6,90,41
104,289,2,90,41
105,291,2,90,41
106,293,2,90,41
107,295,2,90,41
108,300,2,90,41
109,302,2,90,41
110,306,4,90,41
111,309,2,90,41
112,311,2,90,41
113,313,2,90,41
114,320,2,90,41
115,323,3,90,41
116,325,2,90,41
117,326,5,90,41
118,328,2,90,41
119,329,4,90,41
120,335,2,90,41
121,337,2,90,41
122,338,0,90,41
123,339,2,90,41
124,341,6,90,41
125,342,8,90,41
126,347,6,90,41
127,348,8,90,41
128,350,6,90,41
129,351,2,90,41
130,354,3,90,41
131,355,10,90,41
132,356,9,90,41
133,359,3,90,41
134,361,6,90,41
135,366,2,90,41
136,368,2,90,41
137,369,1,90,41
138,371,1,90,41
139,380,1,90,41
140,382,3,90,41
141,383,1,90,41
142,385,4,90,41
143,389,2,90,41
144,392,7,90,41
145,394,7,90,41
146,398,5,90,41
147,401,6,90,41
148,402,2,90,41
149,403,2,90,41
150,405,7,90,41
151,409,1,90,41
152,411,2,90,41
153,413,1,90,41
154,415,1,90,41
155,422,2,90,41
156,423,2,90,41
157,431,2,90,41
158,432,2,90,41
159,434,2,90,41
160,436,2,90,41
161,443,2,90,41
162,447,2,90,41
163,449,2,90,41
164,453,2,90,41
165,455,6,90,41
166,461,6,90,41
167,463,4,90,41
168,470,6,90,41
169,472,6,90,41
170,474,9,90,41
171,476,8,90,41
172,482,3,90,41
173,484,6,90,41
174,489,3,90,41
175,491,8,90,41
176,492,3,90,41
177,494,5,90,41
178,498,6,90,41
179,501,2,90,41
180,503,3,90,41
181,505,6,90,41
182,508,9,90,41
183,511,3,90,41
184,514,3,90,41
185,517,9,90,41
186,518,3,90,41
187,521,6,90,41
188,524,6,90,41
189,527,8,90,41
190,528,6,90,41
191,530,3,90,41
192,533,9,90,41
193,541,5,90,41
194,542,6,90,41
195,553,4,90,41
196,557,8,90,41
197,559,6,90,41
198,560,3,90,41
199,563,3,90,41
200,566,2,90,41
201,567,6,90,41
202,568,6,90,41
203,569,2,90,41
204,573,4,90,41
205,585,2,90,41
206,587,4,90,41
207,588,3,90,41
208,593,1,90,41
209,595,3,90,41
210,611,8,90,41
211,620,5,90,41
212,622,5,90,41
213,625,8,90,41
214,630,6,90,41
215,650,2,90,41
216,651,2,90,41
217,652,2,90,41
218,654,3,90,41
219,10149,3,90,41
0,4,2,90,42
1,6,1,90,42
2,9,2,90,42
3,11,6,90,42
4,12,2,90,42
5,14,2,90,42
6,15,1,90,42
7,16,2,90,42
8,17,5,90,42
9,18,3,90,42
10,19,2,90,42
11,20,5,90,42
12,23,7,90,42
13,24,1,90,42
14,26,2,90,42
15,27,2,90,42
16,28,2,90,42
17,32,1,90,42
18,36,1,90,42
19,42,2,90,42
20,47,1,90,42
21,48,2,90,42
22,49,1,90,42
23,57,2,90,42
24,58,2,90,42
25,63,4,90,42
26,64,2,90,42
27,65,2,90,42
28,70,1,90,42
29,71,7,90,42
30,76,2,90,42
31,78,10,90,42
32,81,7,90,42
33,82,9,90,42
34,83,2,90,42
35,84,1,90,42
36,85,1,90,42
37,86,2,90,42
38,88,2,90,42
39,89,5,90,42
40,91,2,90,42
41,94,2,90,42
42,99,7,90,42
43,101,2,90,42
44,104,2,90,42
45,106,2,90,42
46,110,2,90,42
47,115,3,90,42
48,117,2,90,42
49,122,6,90,42
50,128,6,90,42
51,129,2,90,42
52,136,3,90,42
53,144,6,90,42
54,145,6,90,42
55,146,6,90,42
56,148,2,90,42
57,157,2,90,42
58,159,6,90,42
59,162,2,90,42
60,168,2,90,42
61,172,2,90,42
62,174,2,90,42
63,177,2,90,42
64,180,2,90,42
65,182,2,90,42
66,185,2,90,42
67,188,2,90,42
68,189,2,90,42
69,191,4,90,42
70,196,6,90,42
71,200,6,90,42
72,201,6,90,42
73,203,3,90,42
74,204,2,90,42
75,205,3,90,42
76,207,9,90,42
77,210,9,90,42
78,211,6,90,42
79,219,6,90,42
80,220,4,90,42
81,222,3,90,42
82,224,3,90,42
83,230,6,90,42
84,231,6,90,42
85,233,2,90,42
86,235,6,90,42
87,236,6,90,42
88,238,9,90,42
89,239,2,90,42
90,241,3,90,42
91,247,5,90,42
92,248,2,90,42
93,252,6,90,42
94,254,2,90,42
95,255,2,90,42
96,257,5,90,42
97,263,2,90,42
98,264,2,90,42
99,265,2,90,42
100,267,4,90,42
101,268,13,90,42
102,272,5,90,42
103,284,2,90,42
104,291,1,90,42
105,293,1,90,42
106,295,2,90,42
107,300,2,90,42
108,301,1,90,42
109,305,7,90,42
110,306,2,90,42
111,309,2,90,42
112,311,6,90,42
113,316,5,90,42
114,323,3,90,42
115,324,3,90,42
116,325,8,90,42
117,326,6,90,42
118,328,3,90,42
119,329,3,90,42
120,335,7,90,42
121,337,6,90,42
122,338,2,90,42
123,339,6,90,42
124,342,8,90,42
125,346,2,90,42
126,347,1,90,42
127,348,7,90,42
128,351,5,90,42
129,354,2,90,42
130,355,1,90,42
131,356,2,90,42
132,361,1,90,42
133,362,1,90,42
134,364,3,90,42
135,366,9,90,42
136,368,3,90,42
137,369,6,90,42
138,375,2,90,42
139,377,12,90,42
140,380,6,90,42
141,383,6,90,42
142,385,3,90,42
143,388,9,90,42
144,391,7,90,42
145,394,2,90,42
146,395,2,90,42
147,398,5,90,42
148,399,2,90,42
149,403,8,90,42
150,405,2,90,42
151,409,5,90,42
152,410,2,90,42
153,413,2,90,42
154,415,2,90,42
155,422,2,90,42
156,431,2,90,42
157,434,3,90,42
158,436,2,90,42
159,443,5,90,42
160,447,2,90,42
161,449,2,90,42
162,452,2,90,42
163,455,2,90,42
164,461,2,90,42
165,467,2,90,42
166,476,2,90,42
167,486,6,90,42
168,491,8,90,42
169,492,5,90,42
170,494,6,90,42
171,495,15,90,42
172,498,6,90,42
173,499,3,90,42
174,501,2,90,42
175,503,7,90,42
176,505,6,90,42
177,508,6,90,42
178,511,3,90,42
179,513,6,90,42
180,514,3,90,42
181,515,2,90,42
182,518,2,90,42
183,520,6,90,42
184,524,6,90,42
185,527,3,90,42
186,528,6,90,42
187,539,2,90,42
188,541,2,90,42
189,542,1,90,42
190,544,2,90,42
191,557,2,90,42
192,559,1,90,42
193,560,3,90,42
194,565,2,90,42
195,566,2,90,42
196,567,3,90,42
197,568,2,90,42
198,569,2,90,42
199,570,2,90,42
200,573,4,90,42
201,577,9,90,42
202,587,8,90,42
203,588,3,90,42
204,591,6,90,42
205,593,8,90,42
206,594,6,90,42
207,596,2,90,42
208,600,3,90,42
209,608,2,90,42
210,618,3,90,42
211,619,5,90,42
212,620,2,90,42
213,622,2,90,42
214,625,5,90,42
215,630,2,90,42
216,631,2,90,42
217,650,6,90,42
218,651,3,90,42
219,10149,2,90,42
0,2,2,90,43
1,3,1,90,43
2,4,5,90,43
3,6,4,90,43
4,7,2,90,43
5,11,6,90,43
6,14,2,90,43
7,15,2,90,43
8,16,2,90,43
9,17,4,90,43
10,18,1,90,43
11,19,2,90,43
12,23,12,90,43
13,24,1,90,43
14,26,6,90,43
15,32,1,90,43
16,36,1,90,43
17,38,6,90,43
18,44,1,90,43
19,47,1,90,43
20,48,2,90,43
21,52,4,90,43
22,53,2,90,43
23,57,2,90,43
24,58,2,90,43
25,64,2,90,43
26,65,2,90,43
27,70,1,90,43
28,71,2,90,43
29,76,2,90,43
30,79,1,90,43
31,82,3,90,43
32,83,2,90,43
33,84,1,90,43
34,85,1,90,43
35,88,6,90,43
36,89,3,90,43
37,91,9,90,43
38,94,3,90,43
39,95,3,90,43
40,98,3,90,43
41,99,8,90,43
42,101,3,90,43
43,104,6,90,43
44,110,10,90,43
45,115,7,90,43
46,117,2,90,43
47,120,1,90,43
48,122,1,90,43
49,123,2,90,43
50,126,5,90,43
51,136,2,90,43
52,144,1,90,43
53,145,1,90,43
54,146,1,90,43
55,148,2,90,43
56,157,2,90,43
57,159,6,90,43
58,162,7,90,43
59,163,4,90,43
60,168,2,90,43
61,171,1,90,43
62,172,1,90,43
63,174,5,90,43
64,177,4,90,43
65,182,10,90,43
66,185,1,90,43
67,189,1,90,43
68,191,1,90,43
69,192,2,90,43
70,200,9,90,43
71,201,6,90,43
72,203,3,90,43
73,204,1,90,43
74,205,3,90,43
75,207,8,90,43
76,210,6,90,43
77,211,9,90,43
78,217,2,90,43
79,219,2,90,43
80,220,2,90,43
81,222,5,90,43
82,224,2,90,43
83,232,6,90,43
84,233,2,90,43
85,235,2,90,43
86,236,2,90,43
87,238,2,90,43
88,239,2,90,43
89,240,2,90,43
90,241,1,90,43
91,244,1,90,43
92,247,2,90,43
93,248,1,90,43
94,255,2,90,43
95,257,1,90,43
96,263,2,90,43
97,264,2,90,43
98,267,3,90,43
99,268,4,90,43
100,274,5,90,43
101,284,2,90,43
102,290,2,90,43
103,291,2,90,43
104,293,2,90,43
105,295,8,90,43
106,300,2,90,43
107,301,2,90,43
108,306,5,90,43
109,309,2,90,43
110,311,4,90,43
111,323,2,90,43
112,324,2,90,43
113,325,1,90,43
114,326,1,90,43
115,327,9,90,43
116,328,8,90,43
117,329,5,90,43
118,336,5,90,43
119,337,1,90,43
120,338,6,90,43
121,339,1,90,43
122,340,10,90,43
123,342,3,90,43
124,347,6,90,43
125,348,8,90,43
126,350,9,90,43
127,351,2,90,43
128,354,8,90,43
129,356,3,90,43
130,359,2,90,43
131,361,6,90,43
132,362,8,90,43
133,368,2,90,43
134,369,4,90,43
135,372,7,90,43
136,375,6,90,43
137,376,1,90,43
138,378,2,90,43
139,380,4,90,43
140,382,2,90,43
141,383,1,90,43
142,385,3,90,43
143,388,1,90,43
144,392,2,90,43
145,394,7,90,43
146,395,1,90,43
147,397,3,90,43
148,398,7,90,43
149,399,1,90,43
150,401,8,90,43
151,403,2,90,43
152,404,4,90,43
153,413,1,90,43
154,415,1,90,43
155,420,2,90,43
156,422,6,90,43
157,424,2,90,43
158,431,6,90,43
159,433,11,90,43
160,434,3,90,43
161,436,6,90,43
162,443,6,90,43
163,447,6,90,43
164,449,3,90,43
165,452,2,90,43
166,453,5,90,43
167,455,2,90,43
168,461,2,90,43
169,476,2,90,43
170,482,2,90,43
171,486,2,90,43
172,491,2,90,43
173,492,2,90,43
174,494,2,90,43
175,495,8,90,43
176,501,2,90,43
177,503,12,90,43
178,505,2,90,43
179,508,4,90,43
180,509,2,90,43
181,512,2,90,43
182,514,2,90,43
183,517,1,90,43
184,518,9,90,43
185,520,3,90,43
186,521,1,90,43
187,524,1,90,43
188,528,2,90,43
189,530,2,90,43
190,541,3,90,43
191,542,1,90,43
192,544,2,90,43
193,548,2,90,43
194,553,2,90,43
195,557,2,90,43
196,559,1,90,43
197,564,1,90,43
198,566,2,90,43
199,568,2,90,43
200,573,6,90,43
201,577,5,90,43
202,579,1,90,43
203,580,1,90,43
204,584,2,90,43
205,585,6,90,43
206,587,2,90,43
207,591,1,90,43
208,594,1,90,43
209,608,2,90,43
210,611,2,90,43
211,617,2,90,43
212,618,7,90,43
213,623,2,90,43
214,625,6,90,43
215,630,2,90,43
216,631,7,90,43
217,650,6,90,43
218,651,2,90,43
219,10149,2,90,43
0,2,5,90,44
1,4,6,90,44
2,6,2,90,44
3,9,2,90,44
4,11,2,90,44
5,14,1,90,44
6,15,2,90,44
7,16,2,90,44
8,17,5,90,44
9,18,2,90,44
10,19,2,90,44
11,23,9,90,44
12,24,2,90,44
13,25,3,90,44
14,26,4,90,44
15,27,8,90,44
16,28,3,90,44
17,32,6,90,44
18,36,6,90,44
19,44,6,90,44
20,47,6,90,44
21,48,3,90,44
22,52,6,90,44
23,53,3,90,44
24,54,8,90,44
25,57,6,90,44
26,58,2,90,44
27,63,3,90,44
28,64,3,90,44
29,70,6,90,44
30,71,3,90,44
31,78,3,90,44
32,79,6,90,44
33,81,6,90,44
34,82,3,90,44
35,83,3,90,44
36,84,6,90,44
37,85,6,90,44
38,88,1,90,44
39,89,8,90,44
40,91,7,90,44
41,94,5,90,44
42,95,5,90,44
43,99,7,90,44
44,101,2,90,44
45,104,1,90,44
46,105,1,90,44
47,110,2,90,44
48,113,2,90,44
49,115,2,90,44
50,117,3,90,44
51,120,-1,90,44
52,122,-1,90,44
53,123,2,90,44
54,126,5,90,44
55,145,-1,90,44
56,146,0,90,44
57,148,10,90,44
58,157,2,90,44
59,159,2,90,44
60,162,2,90,44
61,171,2,90,44
62,172,11,90,44
63,174,5,90,44
64,177,7,90,44
65,180,2,90,44
66,182,12,90,44
67,185,2,90,44
68,189,2,90,44
69,191,1,90,44
70,200,2,90,44
71,201,2,90,44
72,203,2,90,44
73,204,1,90,44
74,205,7,90,44
75,207,9,90,44
76,210,2,90,44
77,211,8,90,44
78,218,10,90,44
79,219,2,90,44
80,222,2,90,44
81,224,5,90,44
82,230,5,90,44
83,231,2,90,44
84,232,2,90,44
85,235,2,90,44
86,236,3,90,44
87,238,2,90,44
88,239,9,90,44
89,240,7,90,44
90,241,1,90,44
91,247,2,90,44
92,248,1,90,44
93,252,5,90,44
94,254,5,90,44
95,255,1,90,44
96,257,4,90,44
97,262,2,90,44
98,263,2,90,44
99,267,2,90,44
100,268,5,90,44
101,272,2,90,44
102,278,2,90,44
103,291,8,90,44
104,293,6,90,44
105,295,6,90,44
106,298,6,90,44
107,300,3,90,44
108,301,6,90,44
109,302,6,90,44
110,306,7,90,44
111,311,1,90,44
112,316,5,90,44
113,320,10,90,44
114,321,20,90,44
115,323,2,90,44
116,325,1,90,44
117,326,1,90,44
118,328,7,90,44
119,329,5,90,44
120,335,7,90,44
121,336,5,90,44
122,340,6,90,44
123,347,6,90,44
124,348,5,90,44
125,350,6,90,44
126,351,5,90,44
127,355,6,90,44
128,356,3,90,44
129,359,2,90,44
130,361,6,90,44
131,364,2,90,44
132,366,4,90,44
133,369,0,90,44
134,372,3,90,44
135,375,2,90,44
136,380,0,90,44
137,383,0,90,44
138,385,2,90,44
139,388,6,90,44
140,394,2,90,44
141,398,5,90,44
142,399,7,90,44
143,400,2,90,44
144,401,2,90,44
145,403,2,90,44
146,404,1,90,44
147,410,2,90,44
148,413,1,90,44
149,415,1,90,44
150,420,2,90,44
151,422,1,90,44
152,423,2,90,44
153,433,3,90,44
154,434,2,90,44
155,436,1,90,44
156,437,1,90,44
157,443,1,90,44
158,444,1,90,44
159,449,2,90,44
160,452,2,90,44
161,453,5,90,44
162,455,1,90,44
163,461,1,90,44
164,463,2,90,44
165,472,1,90,44
166,474,1,90,44
167,476,1,90,44
168,484,2,90,44
169,486,2,90,44
170,491,5,90,44
171,492,2,90,44
172,494,4,90,44
173,495,2,90,44
174,497,2,90,44
175,501,3,90,44
176,503,2,90,44
177,505,2,90,44
178,508,2,90,44
179,511,3,90,44
180,512,2,90,44
181,514,6,90,44
182,518,2,90,44
183,520,14,90,44
184,521,6,90,44
185,524,6,90,44
186,527,6,90,44
187,528,6,90,44
188,533,1,90,44
189,535,2,90,44
190,541,7,90,44
191,542,1,90,44
192,544,2,90,44
193,553,5,90,44
194,557,2,90,44
195,559,1,90,44
196,560,11,90,44
197,564,1,90,44
198,567,1,90,44
199,568,2,90,44
200,571,3,90,44
201,573,1,90,44
202,577,2,90,44
203,585,2,90,44
204,588,8,90,44
205,591,6,90,44
206,594,6,90,44
207,611,2,90,44
208,617,2,90,44
209,618,2,90,44
210,625,4,90,44
211,628,2,90,44
212,630,2,90,44
213,631,2,90,44
214,635,3,90,44
215,649,1,90,44
216,650,2,90,44
217,652,2,90,44
218,10001,6,90,44
219,10083,2,90,44
0,3,2,90,45
1,4,9,90,45
2,6,5,90,45
3,10,2,90,45
4,11,5,90,45
5,14,2,90,45
6,15,5,90,45
7,16,7,90,45
8,17,7,90,45
9,18,3,90,45
10,19,2,90,45
11,20,2,90,45
12,23,5,90,45
13,26,4,90,45
14,27,6,90,45
15,28,7,90,45
16,32,2,90,45
17,36,2,90,45
18,42,5,90,45
19,44,2,90,45
20,47,2,90,45
21,48,2,90,45
22,52,2,90,45
23,54,5,90,45
24,58,6,90,45
25,63,2,90,45
26,70,1,90,45
27,71,2,90,45
28,78,2,90,45
29,79,1,90,45
30,83,2,90,45
31,84,1,90,45
32,85,1,90,45
33,88,6,90,45
34,91,6,90,45
35,94,3,90,45
36,98,3,90,45
37,99,8,90,45
38,101,3,90,45
39,106,8,90,45
40,110,5,90,45
41,111,3,90,45
42,115,2,90,45
43,117,2,90,45
44,120,0,90,45
45,122,0,90,45
46,128,0,90,45
47,129,2,90,45
48,131,0,90,45
49,136,12,90,45
50,144,0,90,45
51,145,0,90,45
52,146,0,90,45
53,148,2,90,45
54,157,2,90,45
55,159,2,90,45
56,162,1,90,45
57,163,1,90,45
58,168,2,90,45
59,171,1,90,45
60,172,1,90,45
61,174,2,90,45
62,177,2,90,45
63,182,5,90,45
64,185,1,90,45
65,186,10,90,45
66,188,2,90,45
67,189,3,90,45
68,191,4,90,45
69,192,2,90,45
70,196,2,90,45
71,200,2,90,45
72,201,4,90,45
73,203,7,90,45
74,204,1,90,45
75,205,2,90,45
76,210,2,90,45
77,211,8,90,45
78,217,2,90,45
79,219,2,90,45
80,220,5,90,45
81,222,2,90,45
82,224,2,90,45
83,231,2,90,45
84,232,6,90,45
85,233,5,90,45
86,235,2,90,45
87,236,2,90,45
88,238,2,90,45
89,239,2,90,45
90,240,2,90,45
91,241,1,90,45
92,247,2,90,45
93,248,3,90,45
94,255,2,90,45
95,257,1,90,45
96,264,13,90,45
97,267,1,90,45
98,272,2,90,45
99,274,2,90,45
100,275,1,90,45
101,278,5,90,45
102,291,1,90,45
103,293,1,90,45
104,295,1,90,45
105,298,5,90,45
106,300,2,90,45
107,301,1,90,45
108,306,12,90,45
109,309,2,90,45
110,311,1,90,45
111,316,13,90,45
112,321,9,90,45
113,324,9,90,45
114,325,1,90,45
115,326,1,90,45
116,328,12,90,45
117,329,2,90,45
118,336,5,90,45
119,337,1,90,45
120,338,9,90,45
121,339,1,90,45
122,340,6,90,45
123,341,6,90,45
124,342,6,90,45
125,347,6,90,45
126,348,13,90,45
127,351,5,90,45
128,354,8,90,45
129,355,8,90,45
130,359,5,90,45
131,361,6,90,45
132,362,6,90,45
133,366,6,90,45
134,368,3,90,45
135,369,6,90,45
136,370,6,90,45
137,372,3,90,45
138,375,2,90,45
139,380,7,90,45
140,383,6,90,45
141,385,8,90,45
142,388,1,90,45
143,394,2,90,45
144,397,2,90,45
145,398,2,90,45
146,399,0,90,45
147,401,2,90,45
148,402,5,90,45
149,403,4,90,45
150,409,0,90,45
151,410,7,90,45
152,413,0,90,45
153,415,0,90,45
154,417,2,90,45
155,422,2,90,45
156,423,2,90,45
157,424,5,90,45
158,425,2,90,45
159,431,5,90,45
160,434,12,90,45
161,436,2,90,45
162,443,2,90,45
163,449,5,90,45
164,452,2,90,45
165,455,2,90,45
166,472,2,90,45
167,474,6,90,45
168,476,2,90,45
169,480,2,90,45
170,482,2,90,45
171,484,1,90,45
172,486,2,90,45
173,492,5,90,45
174,494,2,90,45
175,495,7,90,45
176,498,1,90,45
177,499,2,90,45
178,505,1,90,45
179,508,3,90,45
180,511,2,90,45
181,512,2,90,45
182,514,7,90,45
183,518,4,90,45
184,520,1,90,45
185,521,1,90,45
186,524,1,90,45
187,527,2,90,45
188,533,2,90,45
189,535,2,90,45
190,541,6,90,45
191,544,2,90,45
192,553,2,90,45
193,559,1,90,45
194,564,1,90,45
195,566,5,90,45
196,567,1,90,45
197,568,1,90,45
198,570,5,90,45
199,573,8,90,45
200,580,2,90,45
201,583,4,90,45
202,585,7,90,45
203,588,5,90,45
204,591,2,90,45
205,592,1,90,45
206,593,6,90,45
207,611,10,90,45
208,617,2,90,45
209,622,2,90,45
210,623,2,90,45
211,625,3,90,45
212,631,2,90,45
213,633,2,90,45
214,649,6,90,45
215,650,2,90,45
216,651,2,90,45
217,652,8,90,45
218,654,2,90,45
219,10149,2,90,45
0,2,2,90,46
1,4,4,90,46
2,6,2,90,46
3,8,3,90,46
4,9,5,90,46
5,14,1,90,46
6,15,2,90,46
7,16,2,90,46
8,17,2,90,46
9,18,2,90,46
10,19,4,90,46
11,20,2,90,46
12,24,2,90,46
13,26,2,90,46
14,27,2,90,46
15,36,1,90,46
16,38,2,90,46
17,44,1,90,46
18,45,1,90,46
19,47,1,90,46
20,48,2,90,46
21,52,1,90,46
22,54,2,90,46
23,57,3,90,46
24,58,2,90,46
25,63,2,90,46
26,65,6,90,46
27,70,3,90,46
28,71,2,90,46
29,78,2,90,46
30,79,1,90,46
31,81,1,90,46
32,82,6,90,46
33,84,1,90,46
34,85,1,90,46
35,88,2,90,46
36,91,3,90,46
37,94,2,90,46
38,98,7,90,46
39,99,2,90,46
40,104,2,90,46
41,105,2,90,46
42,106,2,90,46
43,110,2,90,46
44,115,2,90,46
45,122,2,90,46
46,123,2,90,46
47,126,2,90,46
48,128,2,90,46
49,144,2,90,46
50,145,2,90,46
51,146,2,90,46
52,148,2,90,46
53,149,2,90,46
54,157,2,90,46
55,159,6,90,46
56,162,2,90,46
57,167,2,90,46
58,171,5,90,46
59,172,2,90,46
60,177,2,90,46
61,180,9,90,46
62,182,4,90,46
63,185,2,90,46
64,189,2,90,46
65,191,2,90,46
66,192,3,90,46
67,196,6,90,46
68,200,15,90,46
69,201,6,90,46
70,203,6,90,46
71,204,1,90,46
72,205,5,90,46
73,207,6,90,46
74,210,6,90,46
75,211,6,90,46
76,217,8,90,46
77,219,6,90,46
78,224,6,90,46
79,230,8,90,46
80,231,9,90,46
81,232,3,90,46
82,233,2,90,46
83,235,6,90,46
84,236,6,90,46
85,238,6,90,46
86,239,2,90,46
87,240,5,90,46
88,241,2,90,46
89,247,2,90,46
90,248,2,90,46
91,251,6,90,46
92,255,2,90,46
93,257,5,90,46
94,263,2,90,46
95,267,2,90,46
96,268,2,90,46
97,272,4,90,46
98,274,2,90,46
99,284,2,90,46
100,289,5,90,46
101,291,6,90,46
102,293,6,90,46
103,295,6,90,46
104,298,8,90,46
105,300,3,90,46
106,301,6,90,46
107,305,6,90,46
108,309,3,90,46
109,311,9,90,46
110,314,2,90,46
111,316,2,90,46
112,321,4,90,46
113,324,3,90,46
114,325,6,90,46
115,326,6,90,46
116,328,3,90,46
117,329,6,90,46
118,335,12,90,46
119,336,4,90,46
120,338,2,90,46
121,339,6,90,46
122,340,8,90,46
123,342,2,90,46
124,347,3,90,46
125,350,2,90,46
126,351,8,90,46
127,354,2,90,46
128,355,2,90,46
129,356,2,90,46
130,359,2,90,46
131,361,2,90,46
132,362,2,90,46
133,368,3,90,46
134,369,2,90,46
135,371,2,90,46
136,372,2,90,46
137,380,2,90,46
138,383,2,90,46
139,385,2,90,46
140,388,1,90,46
141,389,6,90,46
142,392,3,90,46
143,394,3,90,46
144,395,6,90,46
145,398,8,90,46
146,399,6,90,46
147,401,2,90,46
148,403,3,90,46
149,409,6,90,46
150,413,9,90,46
151,415,6,90,46
152,417,3,90,46
153,422,2,90,46
154,424,5,90,46
155,425,2,90,46
156,431,5,90,46
157,433,2,90,46
158,434,5,90,46
159,443,4,90,46
160,447,2,90,46
161,449,12,90,46
162,452,4,90,46
163,455,1,90,46
164,457,1,90,46
165,462,2,90,46
166,467,1,90,46
167,472,1,90,46
168,474,1,90,46
169,476,1,90,46
170,484,6,90,46
171,491,6,90,46
172,492,11,90,46
173,494,8,90,46
174,495,6,90,46
175,497,6,90,46
176,499,3,90,46
177,501,6,90,46
178,503,3,90,46
179,505,6,90,46
180,508,6,90,46
181,511,2,90,46
182,512,2,90,46
183,514,7,90,46
184,518,2,90,46
185,520,1,90,46
186,521,4,90,46
187,524,2,90,46
188,527,2,90,46
189,530,2,90,46
190,533,1,90,46
191,535,2,90,46
192,541,2,90,46
193,553,2,90,46
194,557,2,90,46
195,559,1,90,46
196,560,2,90,46
197,564,1,90,46
198,566,3,90,46
199,567,1,90,46
200,568,3,90,46
201,573,2,90,46
202,577,6,90,46
203,585,3,90,46
204,588,2,90,46
205,591,1,90,46
206,592,1,90,46
207,593,2,90,46
208,594,5,90,46
209,600,2,90,46
210,607,7,90,46
211,611,2,90,46
212,617,5,90,46
213,622,2,90,46
214,630,2,90,46
215,631,2,90,46
216,650,9,90,46
217,651,3,90,46
218,652,2,90,46
219,655,2,90,46
0,4,5,90,47
1,6,1,90,47
2,8,1,90,47
3,9,2,90,47
4,11,2,90,47
5,12,2,90,47
6,14,2,90,47
7,15,1,90,47
8,16,2,90,47
9,17,2,90,47
10,18,1,90,47
11,19,2,90,47
12,23,2,90,47
13,24,3,90,47
14,26,2,90,47
15,28,7,90,47
16,42,2,90,47
17,44,2,90,47
18,47,2,90,47
19,48,2,90,47
20,52,2,90,47
21,53,3,90,47
22,54,2,90,47
23,57,2,90,47
24,58,4,90,47
25,63,2,90,47
26,64,4,90,47
27,70,1,90,47
28,71,2,90,47
29,78,2,90,47
30,79,1,90,47
31,81,1,90,47
32,82,6,90,47
33,83,2,90,47
34,84,1,90,47
35,85,2,90,47
36,88,2,90,47
37,91,2,90,47
38,94,2,90,47
39,95,10,90,47
40,99,5,90,47
41,101,5,90,47
42,104,2,90,47
43,105,2,90,47
44,110,6,90,47
45,113,2,90,47
46,115,2,90,47
47,122,-1,90,47
48,126,2,90,47
49,128,-1,90,47
50,136,2,90,47
51,144,-1,90,47
52,145,-1,90,47
53,146,-1,90,47
54,157,2,90,47
55,159,6,90,47
56,162,2,90,47
57,168,2,90,47
58,171,2,90,47
59,174,2,90,47
60,177,2,90,47
61,180,2,90,47
62,182,2,90,47
63,185,2,90,47
64,188,4,90,47
65,189,2,90,47
66,191,1,90,47
67,192,5,90,47
68,196,6,90,47
69,200,6,90,47
70,201,6,90,47
71,203,6,90,47
72,204,2,90,47
73,205,5,90,47
74,207,6,90,47
75,210,6,90,47
76,211,9,90,47
77,217,3,90,47
78,219,6,90,47
79,220,6,90,47
80,221,6,90,47
81,222,6,90,47
82,224,6,90,47
83,231,6,90,47
84,232,3,90,47
85,233,5,90,47
86,235,6,90,47
87,236,6,90,47
88,239,4,90,47
89,240,5,90,47
90,241,1,90,47
91,247,2,90,47
92,248,1,90,47
93,252,6,90,47
94,255,2,90,47
95,257,1,90,47
96,263,4,90,47
97,265,2,90,47
98,267,1,90,47
99,268,2,90,47
100,274,2,90,47
101,277,2,90,47
102,284,1,90,47
103,289,2,90,47
104,291,6,90,47
105,293,6,90,47
106,295,6,90,47
107,298,9,90,47
108,300,3,90,47
109,301,6,90,47
110,306,11,90,47
111,309,3,90,47
112,314,7,90,47
113,316,13,90,47
114,321,3,90,47
115,323,3,90,47
116,324,6,90,47
117,325,9,90,47
118,326,6,90,47
119,328,11,90,47
120,329,8,90,47
121,335,11,90,47
122,336,16,90,47
123,338,2,90,47
124,339,9,90,47
125,341,6,90,47
126,342,6,90,47
127,347,6,90,47
128,348,3,90,47
129,350,6,90,47
130,351,5,90,47
131,356,3,90,47
132,359,2,90,47
133,361,6,90,47
134,362,6,90,47
135,366,3,90,47
136,369,9,90,47
137,370,3,90,47
138,372,11,90,47
139,375,3,90,47
140,376,6,90,47
141,380,6,90,47
142,383,6,90,47
143,385,5,90,47
144,388,1,90,47
145,391,3,90,47
146,394,3,90,47
147,395,6,90,47
148,397,2,90,47
149,398,4,90,47
150,401,14,90,47
151,403,3,90,47
152,404,6,90,47
153,409,9,90,47
154,413,6,90,47
155,415,6,90,47
156,417,3,90,47
157,422,2,90,47
158,423,2,90,47
159,434,2,90,47
160,436,2,90,47
161,437,8,90,47
162,443,2,90,47
163,447,9,90,47
164,449,2,90,47
165,455,2,90,47
166,457,2,90,47
167,461,2,90,47
168,463,2,90,47
169,472,2,90,47
170,474,2,90,47
171,476,2,90,47
172,482,2,90,47
173,486,2,90,47
174,491,5,90,47
175,492,2,90,47
176,494,2,90,47
177,495,2,90,47
178,498,2,90,47
179,499,2,90,47
180,501,3,90,47
181,503,5,90,47
182,508,2,90,47
183,511,4,90,47
184,514,8,90,47
185,521,1,90,47
186,524,1,90,47
187,527,2,90,47
188,528,1,90,47
189,530,2,90,47
190,533,2,90,47
191,541,2,90,47
192,542,2,90,47
193,544,2,90,47
194,559,3,90,47
195,560,2,90,47
196,563,2,90,47
197,564,2,90,47
198,566,2,90,47
199,567,2,90,47
200,568,1,90,47
201,571,8,90,47
202,573,5,90,47
203,588,2,90,47
204,591,1,90,47
205,593,6,90,47
206,594,6,90,47
207,596,5,90,47
208,600,2,90,47
209,617,2,90,47
210,618,2,90,47
211,619,2,90,47
212,622,2,90,47
213,623,2,90,47
214,625,8,90,47
215,630,1,90,47
216,650,6,90,47
217,651,3,90,47
218,654,2,90,47
219,10149,2,90,47
0,4,2,90,48
1,6,9,90,48
2,9,3,90,48
3,10,2,90,48
4,11,2,90,48
5,14,2,90,48
6,15,6,90,48
7,16,3,90,48
8,17,9,90,48
9,18,6,90,48
10,20,3,90,48
11,23,3,90,48
12,24,6,90,48
13,25,6,90,48
14,26,2,90,48
15,27,5,90,48
16,32,1,90,48
17,35,1,90,48
18,36,1,90,48
19,44,1,90,48
20,47,1,90,48
21,48,2,90,48
22,52,1,90,48
23,53,2,90,48
24,57,2,90,48
25,58,3,90,48
26,64,2,90,48
27,70,1,90,48
28,71,2,90,48
29,78,2,90,48
30,79,1,90,48
31,81,2,90,48
32,83,2,90,48
33,84,1,90,48
34,85,1,90,48
35,88,1,90,48
36,89,2,90,48
37,91,1,90,48
38,95,2,90,48
39,98,2,90,48
40,99,5,90,48
41,101,2,90,48
42,104,1,90,48
43,105,4,90,48
44,110,6,90,48
45,115,2,90,48
46,117,5,90,48
47,126,2,90,48
48,135,3,90,48
49,136,2,90,48
50,144,0,90,48
51,145,0,90,48
52,146,0,90,48
53,148,2,90,48
54,157,2,90,48
55,159,1,90,48
56,162,1,90,48
57,171,3,90,48
58,177,7,90,48
59,180,7,90,48
60,181,7,90,48
61,182,5,90,48
62,185,1,90,48
63,187,1,90,48
64,189,1,90,48
65,191,2,90,48
66,192,2,90,48
67,196,1,90,48
68,200,1,90,48
69,201,3,90,48
70,203,2,90,48
71,204,6,90,48
72,205,2,90,48
73,210,1,90,48
74,211,1,90,48
75,219,1,90,48
76,220,2,90,48
77,222,2,90,48
78,224,2,90,48
79,230,7,90,48
80,231,4,90,48
81,232,5,90,48
82,233,2,90,48
83,235,1,90,48
84,236,1,90,48
85,238,1,90,48
86,239,5,90,48
87,240,2,90,48
88,241,8,90,48
89,247,2,90,48
90,248,4,90,48
91,252,10,90,48
92,255,2,90,48
93,257,8,90,48
94,263,1,90,48
95,265,7,90,48
96,267,7,90,48
97,268,10,90,48
98,272,6,90,48
99,274,7,90,48
100,278,3,90,48
101,284,1,90,48
102,290,2,90,48
103,291,0,90,48
104,293,2,90,48
105,295,0,90,48
106,300,2,90,48
107,301,0,90,48
108,305,9,90,48
109,306,9,90,48
110,311,9,90,48
111,321,6,90,48
112,323,10,90,48
113,324,6,90,48
114,325,6,90,48
115,326,6,90,48
116,327,11,90,48
117,328,11,90,48
118,329,3,90,48
119,335,6,90,48
120,338,1,90,48
121,339,6,90,48
122,341,2,90,48
123,342,5,90,48
124,346,10,90,48
125,347,2,90,48
126,348,5,90,48
127,351,6,90,48
128,355,2,90,48
129,357,7,90,48
130,361,2,90,48
131,362,2,90,48
132,364,2,90,48
133,366,10,90,48
134,368,2,90,48
135,369,1,90,48
136,371,1,90,48
137,372,2,90,48
138,375,2,90,48
139,380,1,90,48
140,383,4,90,48
141,385,7,90,48
142,388,6,90,48
143,389,2,90,48
144,392,2,90,48
145,394,2,90,48
146,395,2,90,48
147,398,5,90,48
148,399,2,90,48
149,404,2,90,48
150,409,2,90,48
151,410,2,90,48
152,413,4,90,48
153,415,2,90,48
154,417,2,90,48
155,423,2,90,48
156,431,2,90,48
157,433,2,90,48
158,434,2,90,48
159,436,2,90,48
160,437,2,90,48
161,440,2,90,48
162,443,2,90,48
163,455,7,90,48
164,461,1,90,48
165,474,3,90,48
166,475,1,90,48
167,476,4,90,48
168,482,3,90,48
169,484,6,90,48
170,486,6,90,48
171,489,6,90,48
172,491,13,90,48
173,492,5,90,48
174,494,6,90,48
175,497,2,90,48
176,498,9,90,48
177,501,7,90,48
178,505,6,90,48
179,508,6,90,48
180,511,3,90,48
181,512,4,90,48
182,514,3,90,48
183,518,2,90,48
184,520,12,90,48
185,521,6,90,48
186,524,6,90,48
187,527,3,90,48
188,530,9,90,48
189,541,5,90,48
190,542,6,90,48
191,548,11,90,48
192,553,3,90,48
193,557,3,90,48
194,559,7,90,48
195,560,2,90,48
196,564,9,90,48
197,566,9,90,48
198,567,6,90,48
199,568,1,90,48
200,573,2,90,48
201,577,7,90,48
202,580,1,90,48
203,583,7,90,48
204,584,2,90,48
205,585,2,90,48
206,588,3,90,48
207,596,2,90,48
208,600,2,90,48
209,608,7,90,48
210,617,8,90,48
211,618,2,90,48
212,622,5,90,48
213,623,2,90,48
214,625,5,90,48
215,628,0,90,48
216,630,1,90,48
217,650,1,90,48
218,654,3,90,48
219,10149,8,90,48
0,3,6,90,49
1,4,2,90,49
2,6,12,90,49
3,8,6,90,49
4,9,6,90,49
5,11,2,90,49
6,14,1,90,49
7,15,6,90,49
8,16,5,90,49
9,17,4,90,49
10,18,12,90,49
11,19,2,90,49
12,23,6,90,49
13,26,5,90,49
14,32,1,90,49
15,36,1,90,49
16,42,5,90,49
17,44,1,90,49
18,47,1,90,49
19,48,2,90,49
20,52,1,90,49
21,53,7,90,49
22,54,2,90,49
23,57,4,90,49
24,58,3,90,49
25,59,0,90,49
26,62,2,90,49
27,64,2,90,49
28,65,3,90,49
29,70,0,90,49
30,71,7,90,49
31,76,7,90,49
32,78,2,90,49
33,82,5,90,49
34,83,2,90,49
35,84,0,90,49
36,85,0,90,49
37,88,6,90,49
38,89,3,90,49
39,91,6,90,49
40,92,6,90,49
41,94,3,90,49
42,95,6,90,49
43,98,3,90,49
44,99,8,90,49
45,101,3,90,49
46,104,6,90,49
47,110,2,90,49
48,115,4,90,49
49,117,2,90,49
50,122,1,90,49
51,123,5,90,49
52,126,7,90,49
53,129,2,90,49
54,144,1,90,49
55,146,1,90,49
56,148,5,90,49
57,149,2,90,49
58,157,2,90,49
59,159,8,90,49
60,162,1,90,49
61,163,1,90,49
62,171,2,90,49
63,172,1,90,49
64,177,2,90,49
65,180,6,90,49
66,182,4,90,49
67,185,1,90,49
68,186,3,90,49
69,189,1,90,49
70,191,2,90,49
71,192,2,90,49
72,200,6,90,49
73,201,7,90,49
74,203,3,90,49
75,204,6,90,49
76,205,3,90,49
77,207,2,90,49
78,210,6,90,49
79,211,6,90,49
80,217,2,90,49
81,218,5,90,49
82,219,2,90,49
83,220,4,90,49
84,231,2,90,49
85,232,6,90,49
86,234,2,90,49
87,235,2,90,49
88,236,8,90,49
89,238,3,90,49
90,239,2,90,49
91,240,2,90,49
92,241,3,90,49
93,247,2,90,49
94,248,2,90,49
95,252,4,90,49
96,255,2,90,49
97,257,2,90,49
98,263,6,90,49
99,267,6,90,49
100,268,5,90,49
101,272,6,90,49
102,274,3,90,49
103,278,3,90,49
104,291,1,90,49
105,293,2,90,49
106,296,1,90,49
107,298,4,90,49
108,300,2,90,49
109,301,1,90,49
110,305,1,90,49
111,306,2,90,49
112,309,2,90,49
113,311,5,90,49
114,316,2,90,49
115,321,3,90,49
116,323,2,90,49
117,325,8,90,49
118,326,2,90,49
119,327,10,90,49
120,329,2,90,49
121,335,2,90,49
122,336,2,90,49
123,339,2,90,49
124,340,2,90,49
125,342,10,90,49
126,346,2,90,49
127,347,2,90,49
128,348,10,90,49
129,350,5,90,49
130,351,6,90,49
131,354,7,90,49
132,355,2,90,49
133,356,2,90,49
134,361,2,90,49
135,364,10,90,49
136,365,7,90,49
137,366,5,90,49
138,369,2,90,49
139,371,2,90,49
140,372,2,90,49
141,380,2,90,49
142,383,5,90,49
143,392,2,90,49
144,394,2,90,49
145,395,1,90,49
146,398,2,90,49
147,399,1,90,49
148,401,5,90,49
149,402,2,90,49
150,403,2,90,49
151,409,1,90,49
152,413,1,90,49
153,415,1,90,49
154,422,2,90,49
155,424,2,90,49
156,430,6,90,49
157,431,2,90,49
158,432,7,90,49
159,436,2,90,49
160,437,2,90,49
161,443,2,90,49
162,449,2,90,49
163,452,2,90,49
164,455,1,90,49
165,461,1,90,49
166,467,1,90,49
167,470,2,90,49
168,472,1,90,49
169,474,7,90,49
170,476,1,90,49
171,480,7,90,49
172,484,2,90,49
173,486,2,90,49
174,492,2,90,49
175,494,7,90,49
176,495,5,90,49
177,498,5,90,49
178,499,2,90,49
179,504,2,90,49
180,508,2,90,49
181,511,2,90,49
182,512,9,90,49
183,520,2,90,49
184,521,1,90,49
185,523,2,90,49
186,524,4,90,49
187,527,4,90,49
188,530,2,90,49
189,533,6,90,49
190,541,5,90,49
191,542,6,90,49
192,544,3,90,49
193,557,3,90,49
194,559,6,90,49
195,563,3,90,49
196,565,3,90,49
197,567,6,90,49
198,568,6,90,49
199,573,2,90,49
200,585,3,90,49
201,588,2,90,49
202,591,1,90,49
203,593,2,90,49
204,594,2,90,49
205,608,2,90,49
206,611,8,90,49
207,618,2,90,49
208,619,3,90,49
209,621,5,90,49
210,622,5,90,49
211,623,2,90,49
212,628,1,90,49
213,630,9,90,49
214,631,3,90,49
215,650,6,90,49
216,651,10,90,49
217,652,2,90,49
218,654,2,90,49
219,10149,3,90,49
0,3,1,90,50
1,4,6,90,50
2,6,1,90,50
3,9,2,90,50
4,11,4,90,50
5,14,2,90,50
6,15,1,90,50
7,16,2,90,50
8,17,5,90,50
9,18,1,90,50
10,19,5,90,50
11,20,2,90,50
12,23,7,90,50
13,24,4,90,50
14,26,2,90,50
15,32,2,90,50
16,36,3,90,50
17,42,2,90,50
18,44,2,90,50
19,45,2,90,50
20,47,2,90,50
21,48,2,90,50
22,54,2,90,50
23,57,2,90,50
24,58,5,90,50
25,60,3,90,50
26,64,3,90,50
27,70,9,90,50
28,78,8,90,50
29,79,6,90,50
30,81,6,90,50
31,84,6,90,50
32,85,6,90,50
33,86,1,90,50
34,88,1,90,50
35,91,1,90,50
36,94,2,90,50
37,95,8,90,50
38,99,7,90,50
39,101,7,90,50
40,104,3,90,50
41,106,2,90,50
42,110,2,90,50
43,117,2,90,50
44,121,7,90,50
45,126,2,90,50
46,128,0,90,50
47,129,6,90,50
48,135,13,90,50
49,136,2,90,50
50,144,3,90,50
51,145,0,90,50
52,146,0,90,50
53,148,6,90,50
54,157,2,90,50
55,159,6,90,50
56,162,2,90,50
57,168,5,90,50
58,171,2,90,50
59,177,7,90,50
60,180,5,90,50
61,182,13,90,50
62,185,4,90,50
63,187,2,90,50
64,189,2,90,50
65,191,1,90,50
66,200,6,90,50
67,201,6,90,50
68,203,3,90,50
69,204,9,90,50
70,205,3,90,50
71,207,2,90,50
72,210,6,90,50
73,211,6,90,50
74,214,3,90,50
75,217,2,90,50
76,219,1,90,50
77,220,4,90,50
78,222,5,90,50
79,230,7,90,50
80,231,1,90,50
81,233,2,90,50
82,235,1,90,50
83,236,1,90,50
84,238,4,90,50
85,239,5,90,50
86,240,12,90,50
87,241,1,90,50
88,247,2,90,50
89,248,1,90,50
90,252,3,90,50
91,255,4,90,50
92,263,6,90,50
93,264,8,90,50
94,267,9,90,50
95,268,2,90,50
96,272,2,90,50
97,274,3,90,50
98,278,3,90,50
99,284,6,90,50
100,291,4,90,50
101,293,2,90,50
102,295,2,90,50
103,296,2,90,50
104,298,2,90,50
105,300,3,90,50
106,301,2,90,50
107,302,5,90,50
108,306,2,90,50
109,309,2,90,50
110,311,6,90,50
111,316,10,90,50
112,321,12,90,50
113,323,2,90,50
114,325,0,90,50
115,326,0,90,50
116,328,6,90,50
117,329,2,90,50
118,336,5,90,50
119,337,3,90,50
120,338,1,90,50
121,339,0,90,50
122,341,2,90,50
123,342,2,90,50
124,346,2,90,50
125,347,3,90,50
126,350,2,90,50
127,351,2,90,50
128,354,2,90,50
129,355,5,90,50
130,356,2,90,50
131,359,3,90,50
132,362,2,90,50
133,364,2,90,50
134,366,5,90,50
135,368,2,90,50
136,369,1,90,50
137,371,1,90,50
138,375,2,90,50
139,380,1,90,50
140,383,1,90,50
141,385,7,90,50
142,388,6,90,50
143,394,2,90,50
144,395,1,90,50
145,398,7,90,50
146,401,9,90,50
147,403,3,90,50
148,405,1,90,50
149,410,2,90,50
150,413,1,90,50
151,415,1,90,50
152,417,2,90,50
153,422,2,90,50
154,423,2,90,50
155,434,2,90,50
156,436,2,90,50
157,437,2,90,50
158,443,2,90,50
159,447,2,90,50
160,449,2,90,50
161,452,7,90,50
162,453,6,90,50
163,455,1,90,50
164,461,10,90,50
165,463,2,90,50
166,467,1,90,50
167,474,4,90,50
168,480,3,90,50
169,481,3,90,50
170,486,6,90,50
171,491,3,90,50
172,492,6,90,50
173,494,8,90,50
174,495,6,90,50
175,498,6,90,50
176,503,5,90,50
177,505,6,90,50
178,508,6,90,50
179,511,3,90,50
180,512,6,90,50
181,514,8,90,50
182,518,5,90,50
183,520,8,90,50
184,521,6,90,50
185,524,9,90,50
186,527,3,90,50
187,530,3,90,50
188,533,6,90,50
189,539,2,90,50
190,541,2,90,50
191,542,6,90,50
192,553,3,90,50
193,557,3,90,50
194,559,7,90,50
195,560,2,90,50
196,566,2,90,50
197,567,6,90,50
198,568,6,90,50
199,573,2,90,50
200,577,7,90,50
201,580,6,90,50
202,586,1,90,50
203,587,3,90,50
204,588,3,90,50
205,590,4,90,50
206,592,6,90,50
207,593,4,90,50
208,594,1,90,50
209,596,2,90,50
210,600,2,90,50
211,608,2,90,50
212,617,2,90,50
213,622,2,90,50
214,623,5,90,50
215,625,4,90,50
216,631,3,90,50
217,650,6,90,50
218,651,2,90,50
219,10149,3,90,50
0,2,6,90,51
1,3,2,90,51
2,4,4,90,51
3,6,1,90,51
4,8,1,90,51
5,10,2,90,51
6,11,2,90,51
7,12,5,90,51
8,14,3,90,51
9,15,1,90,51
10,16,7,90,51
11,17,2,90,51
12,19,2,90,51
13,24,1,90,51
14,26,6,90,51
15,27,2,90,51
16,32,6,90,51
17,35,6,90,51
18,38,2,90,51
19,42,3,90,51
20,44,6,90,51
21,47,6,90,51
22,53,8,90,51
23,54,8,90,51
24,57,11,90,51
25,58,2,90,51
26,63,2,90,51
27,64,2,90,51
28,70,0,90,51
29,71,5,90,51
30,78,4,90,51
31,81,0,90,51
32,82,3,90,51
33,83,2,90,51
34,84,0,90,51
35,85,0,90,51
36,86,1,90,51
37,88,3,90,51
38,89,5,90,51
39,91,1,90,51
40,94,2,90,51
41,95,2,90,51
42,99,8,90,51
43,105,1,90,51
44,110,2,90,51
45,115,8,90,51
46,120,6,90,51
47,123,2,90,51
48,126,3,90,51
49,128,11,90,51
50,129,6,90,51
51,136,8,90,51
52,144,6,90,51
53,146,6,90,51
54,148,2,90,51
55,157,3,90,51
56,159,8,90,51
57,162,6,90,51
58,163,6,90,51
59,168,3,90,51
60,171,6,90,51
61,177,6,90,51
62,180,2,90,51
63,182,3,90,51
64,185,8,90,51
65,186,2,90,51
66,189,6,90,51
67,191,1,90,51
68,192,2,90,51
69,200,2,90,51
70,201,2,90,51
71,203,2,90,51
72,204,1,90,51
73,205,2,90,51
74,207,6,90,51
75,210,2,90,51
76,211,8,90,51
77,217,7,90,51
78,219,5,90,51
79,220,6,90,51
80,230,5,90,51
81,231,2,90,51
82,232,5,90,51
83,233,3,90,51
84,234,2,90,51
85,235,2,90,51
86,236,3,90,51
87,238,5,90,51
88,239,2,90,51
89,241,1,90,51
90,247,2,90,51
91,248,1,90,51
92,251,6,90,51
93,252,9,90,51
94,257,1,90,51
95,262,3,90,51
96,263,6,90,51
97,267,12,90,51
98,268,2,90,51
99,274,5,90,51
100,284,6,90,51
101,291,2,90,51
102,293,2,90,51
103,295,2,90,51
104,296,2,90,51
105,298,2,90,51
106,300,2,90,51
107,301,2,90,51
108,302,3,90,51
109,306,2,90,51
110,311,1,90,51
111,314,7,90,51
112,316,2,90,51
113,321,2,90,51
114,323,2,90,51
115,325,1,90,51
116,326,1,90,51
117,327,2,90,51
118,328,5,90,51
119,336,2,90,51
120,337,1,90,51
121,338,1,90,51
122,339,2,90,51
123,340,2,90,51
124,347,2,90,51
125,348,3,90,51
126,351,21,90,51
127,354,2,90,51
128,355,5,90,51
129,356,2,90,51
130,359,3,90,51
131,362,2,90,51
132,366,3,90,51
133,368,3,90,51
134,369,6,90,51
135,371,6,90,51
136,372,3,90,51
137,375,2,90,51
138,380,6,90,51
139,383,6,90,51
140,385,4,90,51
141,388,1,90,51
142,392,12,90,51
143,394,2,90,51
144,395,1,90,51
145,398,5,90,51
146,402,2,90,51
147,403,2,90,51
148,409,4,90,51
149,410,7,90,51
150,413,1,90,51
151,415,1,90,51
152,417,5,90,51
153,422,6,90,51
154,423,6,90,51
155,425,6,90,51
156,434,13,90,51
157,436,6,90,51
158,437,9,90,51
159,443,6,90,51
160,447,6,90,51
161,452,2,90,51
162,453,6,90,51
163,455,1,90,51
164,461,1,90,51
165,463,2,90,51
166,474,1,90,51
167,476,1,90,51
168,480,2,90,51
169,482,2,90,51
170,484,1,90,51
171,486,1,90,51
172,494,2,90,51
173,495,4,90,51
174,498,1,90,51
175,501,2,90,51
176,503,2,90,51
177,505,3,90,51
178,508,1,90,51
179,511,2,90,51
180,514,2,90,51
181,518,2,90,51
182,520,1,90,51
183,521,1,90,51
184,524,1,90,51
185,527,4,90,51
186,530,3,90,51
187,533,1,90,51
188,541,5,90,51
189,548,2,90,51
190,553,3,90,51
191,557,2,90,51
192,559,1,90,51
193,560,3,90,51
194,563,2,90,51
195,566,6,90,51
196,567,3,90,51
197,568,6,90,51
198,571,2,90,51
199,573,6,90,51
200,583,9,90,51
201,585,2,90,51
202,587,2,90,51
203,588,2,90,51
204,591,1,90,51
205,592,0,90,51
206,593,6,90,51
207,617,6,90,51
208,618,3,90,51
209,620,6,90,51
210,622,2,90,51
211,623,2,90,51
212,625,7,90,51
213,630,6,90,51
214,631,6,90,51
215,650,2,90,51
216,651,7,90,51
217,652,3,90,51
218,655,2,90,51
219,10001,2,90,51
0,4,2,90,52
1,6,1,90,52
2,8,1,90,52
3,11,2,90,52
4,12,5,90,52
5,14,2,90,52
6,15,1,90,52
7,16,3,90,52
8,17,2,90,52
9,18,1,90,52
10,19,3,90,52
11,20,2,90,52
12,24,1,90,52
13,28,2,90,52
14,35,1,90,52
15,36,1,90,52
16,44,1,90,52
17,47,2,90,52
18,48,5,90,52
19,52,1,90,52
20,54,2,90,52
21,57,2,90,52
22,58,9,90,52
23,60,2,90,52
24,64,2,90,52
25,65,2,90,52
26,70,0,90,52
27,71,7,90,52
28,78,2,90,52
29,79,0,90,52
30,82,9,90,52
31,83,2,90,52
32,84,0,90,52
33,85,0,90,52
34,88,1,90,52
35,91,1,90,52
36,94,2,90,52
37,95,2,90,52
38,99,2,90,52
39,101,5,90,52
40,104,1,90,52
41,106,7,90,52
42,110,6,90,52
43,117,5,90,52
44,120,1,90,52
45,121,2,90,52
46,122,1,90,52
47,126,2,90,52
48,136,2,90,52
49,144,1,90,52
50,145,1,90,52
51,146,1,90,52
52,148,4,90,52
53,149,2,90,52
54,159,1,90,52
55,162,2,90,52
56,163,5,90,52
57,168,7,90,52
58,171,2,90,52
59,172,5,90,52
60,177,2,90,52
61,180,2,90,52
62,181,2,90,52
63,182,10,90,52
64,185,4,90,52
65,186,7,90,52
66,192,7,90,52
67,200,1,90,52
68,201,1,90,52
69,203,2,90,52
70,204,6,90,52
71,205,2,90,52
72,207,2,90,52
73,210,1,90,52
74,211,1,90,52
75,218,6,90,52
76,219,1,90,52
77,220,5,90,52
78,222,2,90,52
79,224,4,90,52
80,230,2,90,52
81,231,1,90,52
82,233,2,90,52
83,235,1,90,52
84,236,5,90,52
85,238,1,90,52
86,239,2,90,52
87,240,5,90,52
88,241,4,90,52
89,247,2,90,52
90,248,1,90,52
91,252,15,90,52
92,254,2,90,52
93,255,1,90,52
94,257,1,90,52
95,259,7,90,52
96,263,2,90,52
97,265,2,90,52
98,267,2,90,52
99,272,9,90,52
100,274,2,90,52
101,275,2,90,52
102,278,3,90,52
103,291,2,90,52
104,293,2,90,52
105,295,2,90,52
106,298,2,90,52
107,300,4,90,52
108,301,2,90,52
109,305,2,90,52
110,306,2,90,52
111,311,6,90,52
112,314,2,90,52
113,316,10,90,52
114,323,3,90,52
115,325,6,90,52
116,326,6,90,52
117,327,3,90,52
118,328,7,90,52
119,335,6,90,52
120,336,8,90,52
121,337,9,90,52
122,338,1,90,52
123,339,9,90,52
124,342,2,90,52
125,347,3,90,52
126,348,13,90,52
127,350,10,90,52
128,351,9,90,52
129,354,7,90,52
130,355,5,90,52
131,356,2,90,52
132,359,2,90,52
133,361,2,90,52
134,362,8,90,52
135,364,2,90,52
136,368,2,90,52
137,369,1,90,52
138,370,2,90,52
139,372,2,90,52
140,375,2,90,52
141,380,1,90,52
142,383,1,90,52
143,385,8,90,52
144,388,1,90,52
145,392,2,90,52
146,394,2,90,52
147,395,2,90,52
148,398,10,90,52
149,399,8,90,52
150,401,8,90,52
151,402,2,90,52
152,403,2,90,52
153,409,5,90,52
154,413,4,90,52
155,415,8,90,52
156,422,9,90,52
157,423,6,90,52
158,424,6,90,52
159,431,8,90,52
160,432,6,90,52
161,434,3,90,52
162,436,6,90,52
163,443,6,90,52
164,447,2,90,52
165,449,8,90,52
166,452,2,90,52
167,455,2,90,52
168,461,2,90,52
169,462,2,90,52
170,472,2,90,52
171,475,2,90,52
172,476,5,90,52
173,486,2,90,52
174,491,5,90,52
175,492,5,90,52
176,494,7,90,52
177,495,2,90,52
178,498,8,90,52
179,499,2,90,52
180,501,2,90,52
181,503,2,90,52
182,505,4,90,52
183,508,2,90,52
184,511,2,90,52
185,512,2,90,52
186,514,2,90,52
187,518,2,90,52
188,520,1,90,52
189,521,1,90,52
190,524,3,90,52
191,527,2,90,52
192,528,1,90,52
193,530,2,90,52
194,541,10,90,52
195,544,3,90,52
196,548,3,90,52
197,553,6,90,52
198,557,4,90,52
199,559,9,90,52
200,560,2,90,52
201,563,8,90,52
202,564,6,90,52
203,566,7,90,52
204,567,6,90,52
205,568,2,90,52
206,573,7,90,52
207,577,2,90,52
208,584,7,90,52
209,585,2,90,52
210,587,5,90,52
211,593,1,90,52
212,608,7,90,52
213,611,5,90,52
214,617,2,90,52
215,618,2,90,52
216,625,5,90,52
217,630,2,90,52
218,650,1,90,52
219,652,2,90,52
0,2,10,90,53
1,3,6,90,53
2,4,6,90,53
3,6,9,90,53
4,9,6,90,53
5,11,2,90,53
6,14,2,90,53
7,15,6,90,53
8,16,9,90,53
9,17,8,90,53
10,18,6,90,53
11,19,5,90,53
12,24,9,90,53
13,26,0,90,53
14,27,9,90,53
15,28,2,90,53
16,36,1,90,53
17,44,1,90,53
18,47,1,90,53
19,48,10,90,53
20,53,7,90,53
21,54,2,90,53
22,57,5,90,53
23,58,5,90,53
24,63,2,90,53
25,64,5,90,53
26,74,5,90,53
27,78,2,90,53
28,79,0,90,53
29,81,0,90,53
30,82,4,90,53
31,83,2,90,53
32,84,0,90,53
33,85,0,90,53
34,88,2,90,53
35,91,2,90,53
36,94,5,90,53
37,95,2,90,53
38,98,2,90,53
39,99,2,90,53
40,104,2,90,53
41,105,2,90,53
42,106,7,90,53
43,110,5,90,53
44,113,2,90,53
45,115,2,90,53
46,122,4,90,53
47,128,1,90,53
48,144,1,90,53
49,145,1,90,53
50,146,1,90,53
51,148,6,90,53
52,157,3,90,53
53,159,6,90,53
54,162,6,90,53
55,163,6,90,53
56,167,9,90,53
57,171,9,90,53
58,177,5,90,53
59,179,3,90,53
60,180,7,90,53
61,182,6,90,53
62,185,6,90,53
63,191,2,90,53
64,196,6,90,53
65,200,6,90,53
66,201,6,90,53
67,203,3,90,53
68,204,6,90,53
69,205,3,90,53
70,210,6,90,53
71,211,6,90,53
72,219,1,90,53
73,220,2,90,53
74,224,2,90,53
75,230,3,90,53
76,231,1,90,53
77,232,6,90,53
78,233,2,90,53
79,235,1,90,53
80,236,1,90,53
81,238,1,90,53
82,240,4,90,53
83,241,1,90,53
84,247,2,90,53
85,248,1,90,53
86,251,2,90,53
87,255,1,90,53
88,257,7,90,53
89,263,1,90,53
90,264,3,90,53
91,267,1,90,53
92,274,2,90,53
93,278,2,90,53
94,284,1,90,53
95,291,9,90,53
96,293,8,90,53
97,295,6,90,53
98,296,6,90,53
99,298,9,90,53
100,300,8,90,53
101,301,6,90,53
102,307,6,90,53
103,311,3,90,53
104,323,2,90,53
105,324,7,90,53
106,325,2,90,53
107,326,2,90,53
108,327,2,90,53
109,328,9,90,53
110,329,10,90,53
111,336,5,90,53
112,337,8,90,53
113,338,8,90,53
114,339,2,90,53
115,341,1,90,53
116,342,5,90,53
117,347,1,90,53
118,348,10,90,53
119,351,13,90,53
120,355,1,90,53
121,356,7,90,53
122,361,2,90,53
123,362,1,90,53
124,364,2,90,53
125,366,2,90,53
126,368,2,90,53
127,369,0,90,53
128,375,2,90,53
129,380,3,90,53
130,383,0,90,53
131,385,2,90,53
132,388,2,90,53
133,389,2,90,53
134,394,2,90,53
135,395,0,90,53
136,397,2,90,53
137,398,4,90,53
138,399,0,90,53
139,401,2,90,53
140,403,2,90,53
141,409,0,90,53
142,410,2,90,53
143,413,0,90,53
144,415,1,90,53
145,417,2,90,53
146,422,4,90,53
147,424,2,90,53
148,431,2,90,53
149,432,2,90,53
150,434,5,90,53
151,436,0,90,53
152,443,0,90,53
153,447,8,90,53
154,449,2,90,53
155,453,2,90,53
156,461,2,90,53
157,463,2,90,53
158,470,2,90,53
159,472,2,90,53
160,474,2,90,53
161,476,4,90,53
162,480,7,90,53
163,482,2,90,53
164,486,1,90,53
165,491,7,90,53
166,492,2,90,53
167,494,2,90,53
168,495,1,90,53
169,497,5,90,53
170,501,3,90,53
171,503,6,90,53
172,508,1,90,53
173,512,6,90,53
174,514,2,90,53
175,520,5,90,53
176,521,2,90,53
177,524,5,90,53
178,527,7,90,53
179,530,5,90,53
180,533,6,90,53
181,535,3,90,53
182,541,5,90,53
183,544,3,90,53
184,557,3,90,53
185,559,6,90,53
186,560,18,90,53
187,564,6,90,53
188,565,4,90,53
189,566,4,90,53
190,568,1,90,53
191,569,2,90,53
192,570,8,90,53
193,571,5,90,53
194,573,0,90,53
195,577,2,90,53
196,579,1,90,53
197,583,1,90,53
198,585,3,90,53
199,587,7,90,53
200,588,5,90,53
201,591,8,90,53
202,592,0,90,53
203,593,0,90,53
204,594,0,90,53
205,600,2,90,53
206,608,7,90,53
207,611,2,90,53
208,617,12,90,53
209,618,2,90,53
210,619,2,90,53
211,622,2,90,53
212,625,7,90,53
213,628,1,90,53
214,630,1,90,53
215,633,3,90,53
216,635,3,90,53
217,650,6,90,53
218,651,2,90,53
219,10149,3,90,53
0,2,5,90,54
1,3,1,90,54
2,4,6,90,54
3,6,1,90,54
4,8,1,90,54
5,12,5,90,54
6,14,6,90,54
7,15,1,90,54
8,17,17,90,54
9,18,2,90,54
10,19,2,90,54
11,23,2,90,54
12,26,1,90,54
13,28,2,90,54
14,32,2,90,54
15,36,2,90,54
16,44,2,90,54
17,47,4,90,54
18,48,2,90,54
19,52,3,90,54
20,54,2,90,54
21,57,10,90,54
22,58,6,90,54
23,59,-1,90,54
24,64,2,90,54
25,70,2,90,54
26,71,2,90,54
27,76,2,90,54
28,78,2,90,54
29,82,5,90,54
30,83,2,90,54
31,84,-1,90,54
32,85,-1,90,54
33,86,8,90,54
34,88,2,90,54
35,91,2,90,54
36,94,2,90,54
37,95,2,90,54
38,99,4,90,54
39,101,7,90,54
40,104,5,90,54
41,105,2,90,54
42,110,5,90,54
43,115,2,90,54
44,117,2,90,54
45,120,-1,90,54
46,122,-1,90,54
47,128,-1,90,54
48,136,2,90,54
49,144,-1,90,54
50,145,-1,90,54
51,146,2,90,54
52,149,2,90,54
53,157,3,90,54
54,159,6,90,54
55,162,6,90,54
56,168,3,90,54
57,171,6,90,54
58,172,9,90,54
59,174,3,90,54
60,180,9,90,54
61,182,8,90,54
62,185,8,90,54
63,189,6,90,54
64,191,1,90,54
65,192,2,90,54
66,200,6,90,54
67,201,6,90,54
68,203,8,90,54
69,204,2,90,54
70,205,3,90,54
71,207,5,90,54
72,210,6,90,54
73,211,6,90,54
74,214,3,90,54
75,219,6,90,54
76,220,4,90,54
77,222,3,90,54
78,224,3,90,54
79,230,3,90,54
80,231,6,90,54
81,233,2,90,54
82,235,6,90,54
83,236,6,90,54
84,238,6,90,54
85,239,5,90,54
86,240,7,90,54
87,241,4,90,54
88,244,1,90,54
89,247,2,90,54
90,248,2,90,54
91,252,2,90,54
92,255,1,90,54
93,257,1,90,54
94,264,3,90,54
95,265,8,90,54
96,267,7,90,54
97,268,5,90,54
98,274,3,90,54
99,275,6,90,54
100,284,6,90,54
101,291,2,90,54
102,293,5,90,54
103,295,2,90,54
104,298,2,90,54
105,301,2,90,54
106,306,4,90,54
107,309,2,90,54
108,313,15,90,54
109,316,8,90,54
110,321,9,90,54
111,324,3,90,54
112,325,6,90,54
113,326,6,90,54
114,327,14,90,54
115,328,14,90,54
116,329,9,90,54
117,336,3,90,54
118,338,2,90,54
119,339,6,90,54
120,341,15,90,54
121,342,17,90,54
122,347,6,90,54
123,348,8,90,54
124,350,7,90,54
125,351,16,90,54
126,354,3,90,54
127,355,6,90,54
128,359,3,90,54
129,361,6,90,54
130,362,6,90,54
131,366,2,90,54
132,368,2,90,54
133,369,1,90,54
134,370,5,90,54
135,371,1,90,54
136,372,2,90,54
137,380,1,90,54
138,383,1,90,54
139,388,1,90,54
140,392,10,90,54
141,394,2,90,54
142,395,1,90,54
143,398,7,90,54
144,399,1,90,54
145,401,12,90,54
146,403,2,90,54
147,409,1,90,54
148,413,1,90,54
149,415,1,90,54
150,417,2,90,54
151,422,7,90,54
152,424,5,90,54
153,433,2,90,54
154,434,7,90,54
155,436,3,90,54
156,443,1,90,54
157,449,5,90,54
158,457,6,90,54
159,461,9,90,54
160,463,3,90,54
161,467,6,90,54
162,472,6,90,54
163,474,6,90,54
164,475,6,90,54
165,476,6,90,54
166,481,2,90,54
167,486,1,90,54
168,491,7,90,54
169,492,5,90,54
170,494,2,90,54
171,495,1,90,54
172,498,1,90,54
173,501,2,90,54
174,503,2,90,54
175,505,1,90,54
176,508,1,90,54
177,514,10,90,54
178,520,1,90,54
179,521,1,90,54
180,524,1,90,54
181,526,2,90,54
182,527,2,90,54
183,528,4,90,54
184,530,7,90,54
185,533,3,90,54
186,535,2,90,54
187,542,2,90,54
188,544,2,90,54
189,557,2,90,54
190,559,2,90,54
191,560,3,90,54
192,564,2,90,54
193,566,2,90,54
194,568,6,90,54
195,573,2,90,54
196,577,4,90,54
197,580,-1,90,54
198,585,6,90,54
199,587,2,90,54
200,588,2,90,54
201,593,1,90,54
202,594,1,90,54
203,596,2,90,54
204,597,2,90,54
205,608,3,90,54
206,617,2,90,54
207,618,2,90,54
208,620,2,90,54
209,623,3,90,54
210,625,6,90,54
211,628,-1,90,54
212,630,6,90,54
213,631,3,90,54
214,635,2,90,54
215,650,6,90,54
216,651,3,90,54
217,652,3,90,54
218,655,4,90,54
219,10149,2,90,54
0,3,1,90,55
1,4,17,90,55
2,6,1,90,55
3,12,5,90,55
4,14,1,90,55
5,15,1,90,55
6,16,2,90,55
7,17,6,90,55
8,18,1,90,55
9,19,7,90,55
10,24,4,90,55
11,26,2,90,55
12,27,6,90,55
13,44,0,90,55
14,47,0,90,55
15,48,4,90,55
16,49,0,90,55
17,50,0,90,55
18,52,0,90,55
19,53,7,90,55
20,57,2,90,55
21,58,7,90,55
22,62,2,90,55
23,63,2,90,55
24,64,2,90,55
25,70,0,90,55
26,71,2,90,55
27,78,4,90,55
28,79,0,90,55
29,82,13,90,55
30,83,2,90,55
31,84,0,90,55
32,85,0,90,55
33,88,2,90,55
34,91,5,90,55
35,92,2,90,55
36,94,2,90,55
37,95,2,90,55
38,98,2,90,55
39,99,2,90,55
40,104,2,90,55
41,106,7,90,55
42,110,2,90,55
43,113,4,90,55
44,122,15,90,55
45,126,3,90,55
46,136,3,90,55
47,144,6,90,55
48,145,6,90,55
49,146,6,90,55
50,148,9,90,55
51,159,1,90,55
52,162,1,90,55
53,163,1,90,55
54,168,5,90,55
55,172,4,90,55
56,174,2,90,55
57,177,2,90,55
58,180,6,90,55
59,182,8,90,55
60,185,1,90,55
61,186,2,90,55
62,189,1,90,55
63,191,3,90,55
64,200,1,90,55
65,201,1,90,55
66,203,2,90,55
67,204,5,90,55
68,205,7,90,55
69,207,6,90,55
70,210,1,90,55
71,211,1,90,55
72,219,2,90,55
73,220,6,90,55
74,222,2,90,55
75,230,5,90,55
76,231,5,90,55
77,232,2,90,55
78,233,2,90,55
79,235,2,90,55
80,236,2,90,55
81,238,5,90,55
82,239,5,90,55
83,240,2,90,55
84,241,2,90,55
85,248,2,90,55
86,252,2,90,55
87,255,2,90,55
88,257,2,90,55
89,263,2,90,55
90,265,2,90,55
91,267,7,90,55
92,268,6,90,55
93,272,2,90,55
94,274,2,90,55
95,278,2,90,55
96,284,2,90,55
97,291,2,90,55
98,293,2,90,55
99,295,2,90,55
100,296,5,90,55
101,298,2,90,55
102,300,3,90,55
103,301,2,90,55
104,306,9,90,55
105,309,2,90,55
106,311,1,90,55
107,313,1,90,55
108,316,5,90,55
109,323,2,90,55
110,325,1,90,55
111,326,1,90,55
112,328,4,90,55
113,329,2,90,55
114,335,1,90,55
115,336,2,90,55
116,338,2,90,55
117,339,1,90,55
118,340,9,90,55
119,342,6,90,55
120,347,6,90,55
121,348,14,90,55
122,350,6,90,55
123,351,11,90,55
124,354,8,90,55
125,355,6,90,55
126,359,2,90,55
127,361,6,90,55
128,362,6,90,55
129,366,8,90,55
130,369,1,90,55
131,370,7,90,55
132,372,2,90,55
133,375,2,90,55
134,380,1,90,55
135,383,1,90,55
136,385,2,90,55
137,388,6,90,55
138,389,8,90,55
139,391,5,90,55
140,392,12,90,55
141,394,2,90,55
142,395,3,90,55
143,398,2,90,55
144,399,1,90,55
145,403,2,90,55
146,404,1,90,55
147,409,1,90,55
148,413,1,90,55
149,415,4,90,55
150,422,2,90,55
151,423,2,90,55
152,425,2,90,55
153,428,2,90,55
154,432,2,90,55
155,436,5,90,55
156,443,2,90,55
157,447,2,90,55
158,449,2,90,55
159,452,2,90,55
160,455,1,90,55
161,461,1,90,55
162,467,1,90,55
163,472,2,90,55
164,475,1,90,55
165,476,1,90,55
166,480,2,90,55
167,482,2,90,55
168,486,1,90,55
169,489,2,90,55
170,491,2,90,55
171,492,8,90,55
172,494,8,90,55
173,498,1,90,55
174,501,2,90,55
175,508,1,90,55
176,509,12,90,55
177,512,4,90,55
178,514,3,90,55
179,518,5,90,55
180,520,6,90,55
181,521,6,90,55
182,524,6,90,55
183,527,8,90,55
184,528,6,90,55
185,533,7,90,55
186,541,8,90,55
187,542,1,90,55
188,553,2,90,55
189,557,7,90,55
190,559,1,90,55
191,560,2,90,55
192,564,1,90,55
193,566,4,90,55
194,567,1,90,55
195,568,2,90,55
196,569,7,90,55
197,570,2,90,55
198,573,3,90,55
199,577,7,90,55
200,579,2,90,55
201,580,0,90,55
202,585,2,90,55
203,587,3,90,55
204,588,3,90,55
205,591,6,90,55
206,593,1,90,55
207,597,2,90,55
208,600,3,90,55
209,608,2,90,55
210,618,3,90,55
211,622,4,90,55
212,625,11,90,55
213,628,6,90,55
214,630,2,90,55
215,645,5,90,55
216,650,1,90,55
217,651,4,90,55
218,652,2,90,55
219,10149,2,90,55
0,3,6,90,56
1,4,2,90,56
2,6,6,90,56
3,9,3,90,56
4,11,6,90,56
5,12,3,90,56
6,14,6,90,56
7,15,6,90,56
8,16,3,90,56
9,17,4,90,56
10,18,9,90,56
11,19,2,90,56
12,20,3,90,56
13,23,8,90,56
14,26,9,90,56
15,32,1,90,56
16,36,1,90,56
17,42,2,90,56
18,44,1,90,56
19,45,1,90,56
20,47,1,90,56
21,48,2,90,56
22,52,1,90,56
23,53,2,90,56
24,57,2,90,56
25,62,2,90,56
26,64,2,90,56
27,65,2,90,56
28,70,2,90,56
29,78,4,90,56
30,79,2,90,56
31,81,2,90,56
32,82,6,90,56
33,83,2,90,56
34,84,3,90,56
35,85,2,90,56
36,86,6,90,56
37,88,6,90,56
38,89,3,90,56
39,91,6,90,56
40,95,3,90,56
41,98,8,90,56
42,99,6,90,56
43,101,3,90,56
44,104,6,90,56
45,110,2,90,56
46,117,3,90,56
47,120,1,90,56
48,121,2,90,56
49,122,4,90,56
50,128,1,90,56
51,136,7,90,56
52,144,1,90,56
53,145,1,90,56
54,146,1,90,56
55,148,8,90,56
56,149,2,90,56
57,157,2,90,56
58,159,2,90,56
59,162,1,90,56
60,168,2,90,56
61,171,4,90,56
62,172,2,90,56
63,177,7,90,56
64,180,2,90,56
65,182,10,90,56
66,185,1,90,56
67,187,1,90,56
68,191,2,90,56
69,200,2,90,56
70,201,2,90,56
71,203,2,90,56
72,204,1,90,56
73,207,9,90,56
74,210,2,90,56
75,211,2,90,56
76,214,2,90,56
77,217,4,90,56
78,219,2,90,56
79,220,2,90,56
80,221,1,90,56
81,224,2,90,56
82,230,2,90,56
83,231,1,90,56
84,232,2,90,56
85,233,2,90,56
86,235,1,90,56
87,236,1,90,56
88,238,1,90,56
89,239,2,90,56
90,240,3,90,56
91,241,2,90,56
92,243,2,90,56
93,247,2,90,56
94,248,2,90,56
95,252,2,90,56
96,255,2,90,56
97,257,4,90,56
98,262,3,90,56
99,267,6,90,56
100,268,2,90,56
101,274,3,90,56
102,275,6,90,56
103,284,7,90,56
104,291,8,90,56
105,293,9,90,56
106,295,6,90,56
107,298,3,90,56
108,300,3,90,56
109,301,6,90,56
110,302,6,90,56
111,306,2,90,56
112,309,3,90,56
113,311,4,90,56
114,316,6,90,56
115,321,5,90,56
116,323,10,90,56
117,325,1,90,56
118,326,1,90,56
119,327,2,90,56
120,328,10,90,56
121,329,2,90,56
122,337,2,90,56
123,338,6,90,56
124,339,1,90,56
125,340,6,90,56
126,341,6,90,56
127,342,3,90,56
128,347,6,90,56
129,348,3,90,56
130,350,9,90,56
131,354,3,90,56
132,356,8,90,56
133,357,3,90,56
134,359,3,90,56
135,366,7,90,56
136,368,5,90,56
137,369,4,90,56
138,370,7,90,56
139,380,1,90,56
140,382,5,90,56
141,383,3,90,56
142,385,2,90,56
143,388,0,90,56
144,392,2,90,56
145,394,2,90,56
146,395,2,90,56
147,399,2,90,56
148,401,2,90,56
149,402,2,90,56
150,403,5,90,56
151,409,2,90,56
152,413,4,90,56
153,415,2,90,56
154,417,2,90,56
155,423,10,90,56
156,431,7,90,56
157,433,2,90,56
158,434,10,90,56
159,436,2,90,56
160,437,1,90,56
161,443,1,90,56
162,447,2,90,56
163,449,2,90,56
164,453,5,90,56
165,455,6,90,56
166,461,12,90,56
167,472,6,90,56
168,474,18,90,56
169,475,6,90,56
170,476,6,90,56
171,484,6,90,56
172,486,6,90,56
173,492,3,90,56
174,494,7,90,56
175,495,6,90,56
176,497,4,90,56
177,498,6,90,56
178,501,3,90,56
179,503,11,90,56
180,505,6,90,56
181,508,6,90,56
182,511,2,90,56
183,512,5,90,56
184,518,3,90,56
185,520,0,90,56
186,521,0,90,56
187,523,2,90,56
188,524,0,90,56
189,530,5,90,56
190,541,2,90,56
191,542,1,90,56
192,548,2,90,56
193,553,2,90,56
194,557,4,90,56
195,559,1,90,56
196,560,2,90,56
197,564,1,90,56
198,566,6,90,56
199,567,1,90,56
200,568,6,90,56
201,571,6,90,56
202,573,4,90,56
203,576,2,90,56
204,583,6,90,56
205,587,17,90,56
206,588,2,90,56
207,593,1,90,56
208,594,1,90,56
209,600,5,90,56
210,608,3,90,56
211,617,2,90,56
212,623,3,90,56
213,625,3,90,56
214,630,6,90,56
215,631,3,90,56
216,646,2,90,56
217,650,2,90,56
218,652,2,90,56
219,10149,3,90,56
0,3,2,90,57
1,4,2,90,57
2,6,2,90,57
3,9,7,90,57
4,10,2,90,57
5,14,1,90,57
6,15,3,90,57
7,16,2,90,57
8,17,2,90,57
9,18,5,90,57
10,19,2,90,57
11,20,7,90,57
12,23,20,90,57
13,24,2,90,57
14,27,2,90,57
15,32,2,90,57
16,35,2,90,57
17,36,2,90,57
18,44,2,90,57
19,47,2,90,57
20,52,2,90,57
21,53,2,90,57
22,54,2,90,57
23,57,2,90,57
24,58,2,90,57
25,63,2,90,57
26,64,2,90,57
27,70,3,90,57
28,71,2,90,57
29,78,2,90,57
30,79,1,90,57
31,82,9,90,57
32,83,2,90,57
33,84,1,90,57
34,85,1,90,57
35,88,6,90,57
36,89,8,90,57
37,91,6,90,57
38,94,3,90,57
39,98,3,90,57
40,99,3,90,57
41,101,6,90,57
42,104,6,90,57
43,110,6,90,57
44,115,2,90,57
45,122,1,90,57
46,128,1,90,57
47,136,7,90,57
48,144,1,90,57
49,145,1,90,57
50,146,1,90,57
51,148,5,90,57
52,157,2,90,57
53,159,2,90,57
54,162,2,90,57
55,168,2,90,57
56,174,2,90,57
57,180,2,90,57
58,182,10,90,57
59,184,2,90,57
60,185,4,90,57
61,189,2,90,57
62,191,1,90,57
63,198,2,90,57
64,200,2,90,57
65,201,2,90,57
66,203,7,90,57
67,204,2,90,57
68,205,8,90,57
69,207,2,90,57
70,210,3,90,57
71,211,2,90,57
72,214,2,90,57
73,217,3,90,57
74,219,6,90,57
75,220,2,90,57
76,222,8,90,57
77,224,9,90,57
78,231,6,90,57
79,232,2,90,57
80,233,2,90,57
81,235,7,90,57
82,236,6,90,57
83,238,15,90,57
84,239,3,90,57
85,240,5,90,57
86,241,3,90,57
87,247,2,90,57
88,248,1,90,57
89,252,2,90,57
90,255,1,90,57
91,257,1,90,57
92,263,9,90,57
93,264,6,90,57
94,265,6,90,57
95,267,6,90,57
96,268,8,90,57
97,272,2,90,57
98,274,9,90,57
99,278,3,90,57
100,291,1,90,57
101,293,1,90,57
102,295,1,90,57
103,298,2,90,57
104,300,2,90,57
105,301,1,90,57
106,302,1,90,57
107,305,1,90,57
108,306,2,90,57
109,309,2,90,57
110,311,2,90,57
111,314,3,90,57
112,321,2,90,57
113,323,4,90,57
114,325,2,90,57
115,326,2,90,57
116,328,7,90,57
117,329,7,90,57
118,335,8,90,57
119,336,10,90,57
120,337,3,90,57
121,338,6,90,57
122,339,2,90,57
123,340,9,90,57
124,341,6,90,57
125,342,6,90,57
126,347,6,90,57
127,348,8,90,57
128,350,6,90,57
129,351,13,90,57
130,355,6,90,57
131,356,3,90,57
132,361,7,90,57
133,366,2,90,57
134,368,2,90,57
135,369,1,90,57
136,372,7,90,57
137,378,2,90,57
138,380,1,90,57
139,382,2,90,57
140,383,1,90,57
141,385,3,90,57
142,392,7,90,57
143,394,2,90,57
144,395,0,90,57
145,398,2,90,57
146,399,0,90,57
147,401,2,90,57
148,403,2,90,57
149,409,0,90,57
150,411,2,90,57
151,413,0,90,57
152,415,3,90,57
153,422,1,90,57
154,423,2,90,57
155,424,2,90,57
156,431,2,90,57
157,432,2,90,57
158,434,2,90,57
159,436,1,90,57
160,443,1,90,57
161,444,1,90,57
162,447,7,90,57
163,452,2,90,57
164,455,1,90,57
165,463,2,90,57
166,470,2,90,57
167,474,3,90,57
168,484,6,90,57
169,491,5,90,57
170,492,3,90,57
171,494,4,90,57
172,495,9,90,57
173,496,6,90,57
174,498,6,90,57
175,503,3,90,57
176,505,6,90,57
177,508,6,90,57
178,511,2,90,57
179,512,2,90,57
180,514,5,90,57
181,515,2,90,57
182,518,2,90,57
183,520,10,90,57
184,521,2,90,57
185,524,2,90,57
186,527,2,90,57
187,530,5,90,57
188,533,4,90,57
189,535,2,90,57
190,541,6,90,57
191,548,5,90,57
192,553,2,90,57
193,559,2,90,57
194,560,10,90,57
195,564,2,90,57
196,565,2,90,57
197,566,2,90,57
198,567,2,90,57
199,568,6,90,57
200,573,1,90,57
201,577,3,90,57
202,587,7,90,57
203,591,2,90,57
204,592,1,90,57
205,593,1,90,57
206,595,2,90,57
207,600,2,90,57
208,608,2,90,57
209,611,3,90,57
210,617,2,90,57
211,618,5,90,57
212,621,2,90,57
213,623,2,90,57
214,625,6,90,57
215,630,6,90,57
216,647,2,90,57
217,650,2,90,57
218,652,5,90,57
219,654,2,90,57
0,3,6,90,58
1,4,2,90,58
2,6,6,90,58
3,9,3,90,58
4,11,2,90,58
5,14,6,90,58
6,15,6,90,58
7,16,6,90,58
8,17,6,90,58
9,18,6,90,58
10,19,5,90,58
11,20,3,90,58
12,23,8,90,58
13,24,6,90,58
14,26,1,90,58
15,27,2,90,58
16,28,2,90,58
17,32,2,90,58
18,35,2,90,58
19,44,2,90,58
20,47,2,90,58
21,48,2,90,58
22,52,2,90,58
23,53,2,90,58
24,57,5,90,58
25,58,2,90,58
26,63,2,90,58
27,64,2,90,58
28,65,2,90,58
29,70,1,90,58
30,71,2,90,58
31,76,2,90,58
32,78,2,90,58
33,82,7,90,58
34,84,1,90,58
35,85,1,90,58
36,88,0,90,58
37,89,5,90,58
38,91,0,90,58
39,94,2,90,58
40,98,2,90,58
41,99,7,90,58
42,101,2,90,58
43,104,0,90,58
44,110,4,90,58
45,115,2,90,58
46,120,1,90,58
47,126,2,90,58
48,131,1,90,58
49,136,2,90,58
50,144,2,90,58
51,145,1,90,58
52,146,1,90,58
53,148,2,90,58
54,149,2,90,58
55,157,2,90,58
56,159,6,90,58
57,162,2,90,58
58,163,2,90,58
59,168,2,90,58
60,171,2,90,58
61,172,2,90,58
62,174,2,90,58
63,182,6,90,58
64,185,2,90,58
65,189,8,90,58
66,191,5,90,58
67,192,9,90,58
68,198,2,90,58
69,200,6,90,58
70,201,6,90,58
71,203,3,90,58
72,204,1,90,58
73,205,19,90,58
74,207,5,90,58
75,210,6,90,58
76,211,13,90,58
77,219,4,90,58
78,220,3,90,58
79,221,2,90,58
80,222,2,90,58
81,230,2,90,58
82,231,2,90,58
83,232,5,90,58
84,233,2,90,58
85,235,2,90,58
86,236,2,90,58
87,238,2,90,58
88,240,5,90,58
89,241,2,90,58
90,247,2,90,58
91,248,2,90,58
92,251,10,90,58
93,252,6,90,58
94,254,5,90,58
95,255,9,90,58
96,257,2,90,58
97,263,2,90,58
98,264,2,90,58
99,267,2,90,58
100,268,2,90,58
101,274,2,90,58
102,277,2,90,58
103,284,2,90,58
104,285,3,90,58
105,291,9,90,58
106,293,6,90,58
107,295,6,90,58
108,296,6,90,58
109,300,3,90,58
110,301,6,90,58
111,306,2,90,58
112,309,3,90,58
113,311,9,90,58
114,313,9,90,58
115,314,2,90,58
116,316,2,90,58
117,323,3,90,58
118,325,6,90,58
119,326,12,90,58
120,327,6,90,58
121,328,11,90,58
122,329,8,90,58
123,336,5,90,58
124,338,0,90,58
125,339,6,90,58
126,340,6,90,58
127,342,6,90,58
128,347,6,90,58
129,348,4,90,58
130,350,6,90,58
131,351,12,90,58
132,354,3,90,58
133,355,6,90,58
134,359,4,90,58
135,361,6,90,58
136,362,9,90,58
137,366,2,90,58
138,368,2,90,58
139,369,5,90,58
140,372,2,90,58
141,375,6,90,58
142,380,2,90,58
143,383,2,90,58
144,385,2,90,58
145,388,0,90,58
146,389,2,90,58
147,392,2,90,58
148,394,2,90,58
149,395,2,90,58
150,399,4,90,58
151,401,2,90,58
152,402,3,90,58
153,403,2,90,58
154,409,2,90,58
155,410,2,90,58
156,413,2,90,58
157,415,2,90,58
158,422,7,90,58
159,423,2,90,58
160,432,2,90,58
161,434,12,90,58
162,436,1,90,58
163,443,1,90,58
164,447,5,90,58
165,449,7,90,58
166,452,3,90,58
167,453,2,90,58
168,461,6,90,58
169,463,3,90,58
170,470,2,90,58
171,472,6,90,58
172,475,6,90,58
173,486,6,90,58
174,491,6,90,58
175,492,3,90,58
176,494,3,90,58
177,495,6,90,58
178,498,6,90,58
179,503,3,90,58
180,505,6,90,58
181,508,8,90,58
182,509,3,90,58
183,511,2,90,58
184,512,3,90,58
185,514,12,90,58
186,520,0,90,58
187,521,0,90,58
188,524,3,90,58
189,527,2,90,58
190,530,5,90,58
191,533,1,90,58
192,535,2,90,58
193,541,4,90,58
194,548,2,90,58
195,557,2,90,58
196,559,1,90,58
197,560,5,90,58
198,563,2,90,58
199,565,2,90,58
200,566,2,90,58
201,567,1,90,58
202,568,2,90,58
203,577,2,90,58
204,584,3,90,58
205,585,3,90,58
206,588,2,90,58
207,591,0,90,58
208,592,1,90,58
209,593,4,90,58
210,596,12,90,58
211,600,2,90,58
212,611,2,90,58
213,617,2,90,58
214,620,2,90,58
215,623,8,90,58
216,625,8,90,58
217,630,2,90,58
218,650,6,90,58
219,652,2,90,58
0,4,5,90,59
1,6,6,90,59
2,9,3,90,59
3,11,2,90,59
4,14,2,90,59
5,15,8,90,59
6,16,3,90,59
7,17,6,90,59
8,18,7,90,59
9,19,4,90,59
10,20,3,90,59
11,23,13,90,59
12,24,6,90,59
13,26,6,90,59
14,27,6,90,59
15,36,2,90,59
16,42,2,90,59
17,44,2,90,59
18,47,2,90,59
19,48,2,90,59
20,52,4,90,59
21,53,2,90,59
22,54,5,90,59
23,57,2,90,59
24,58,6,90,59
25,64,2,90,59
26,65,9,90,59
27,70,8,90,59
28,71,5,90,59
29,78,2,90,59
30,79,1,90,59
31,82,3,90,59
32,83,2,90,59
33,84,1,90,59
34,85,1,90,59
35,86,0,90,59
36,88,0,90,59
37,89,5,90,59
38,91,0,90,59
39,95,5,90,59
40,98,2,90,59
41,99,12,90,59
42,101,2,90,59
43,104,0,90,59
44,106,7,90,59
45,110,2,90,59
46,115,2,90,59
47,117,2,90,59
48,122,1,90,59
49,123,2,90,59
50,126,2,90,59
51,128,1,90,59
52,131,1,90,59
53,135,2,90,59
54,136,2,90,59
55,145,1,90,59
56,146,1,90,59
57,157,2,90,59
58,159,2,90,59
59,162,1,90,59
60,163,1,90,59
61,171,10,90,59
62,177,2,90,59
63,180,2,90,59
64,181,5,90,59
65,182,7,90,59
66,185,1,90,59
67,189,1,90,59
68,191,1,90,59
69,196,2,90,59
70,200,2,90,59
71,201,2,90,59
72,204,6,90,59
73,205,2,90,59
74,210,2,90,59
75,211,2,90,59
76,214,2,90,59
77,219,4,90,59
78,220,3,90,59
79,222,2,90,59
80,224,2,90,59
81,230,2,90,59
82,231,1,90,59
83,232,4,90,59
84,233,2,90,59
85,235,4,90,59
86,236,1,90,59
87,238,7,90,59
88,239,5,90,59
89,240,10,90,59
90,241,1,90,59
91,247,10,90,59
92,248,1,90,59
93,252,9,90,59
94,255,1,90,59
95,257,2,90,59
96,263,1,90,59
97,265,7,90,59
98,267,7,90,59
99,274,3,90,59
100,278,2,90,59
101,284,1,90,59
102,289,5,90,59
103,291,7,90,59
104,293,1,90,59
105,295,1,90,59
106,296,1,90,59
107,300,2,90,59
108,301,7,90,59
109,302,1,90,59
110,306,5,90,59
111,309,2,90,59
112,311,15,90,59
113,313,6,90,59
114,316,2,90,59
115,322,6,90,59
116,323,8,90,59
117,324,3,90,59
118,325,7,90,59
119,326,6,90,59
120,328,11,90,59
121,329,3,90,59
122,339,6,90,59
123,340,4,90,59
124,341,1,90,59
125,342,2,90,59
126,347,1,90,59
127,348,7,90,59
128,350,1,90,59
129,354,5,90,59
130,359,2,90,59
131,361,1,90,59
132,362,1,90,59
133,366,2,90,59
134,368,2,90,59
135,369,4,90,59
136,372,6,90,59
137,375,4,90,59
138,380,1,90,59
139,383,1,90,59
140,385,2,90,59
141,388,0,90,59
142,389,10,90,59
143,394,2,90,59
144,395,1,90,59
145,398,2,90,59
146,399,1,90,59
147,401,5,90,59
148,402,2,90,59
149,403,2,90,59
150,409,1,90,59
151,410,2,90,59
152,413,1,90,59
153,415,1,90,59
154,422,7,90,59
155,424,14,90,59
156,431,3,90,59
157,432,5,90,59
158,434,9,90,59
159,436,9,90,59
160,443,6,90,59
161,449,3,90,59
162,452,2,90,59
163,455,2,90,59
164,461,2,90,59
165,470,6,90,59
166,474,2,90,59
167,476,2,90,59
168,482,2,90,59
169,486,2,90,59
170,491,7,90,59
171,492,2,90,59
172,494,8,90,59
173,495,2,90,59
174,498,2,90,59
175,499,2,90,59
176,505,2,90,59
177,508,2,90,59
178,511,2,90,59
179,512,2,90,59
180,514,2,90,59
181,518,2,90,59
182,520,0,90,59
183,521,0,90,59
184,524,0,90,59
185,527,2,90,59
186,533,6,90,59
187,535,3,90,59
188,542,12,90,59
189,543,6,90,59
190,544,3,90,59
191,553,3,90,59
192,559,6,90,59
193,560,2,90,59
194,565,8,90,59
195,567,9,90,59
196,568,1,90,59
197,573,6,90,59
198,580,1,90,59
199,584,7,90,59
200,585,3,90,59
201,587,2,90,59
202,588,2,90,59
203,593,1,90,59
204,594,1,90,59
205,596,8,90,59
206,607,7,90,59
207,608,5,90,59
208,611,7,90,59
209,617,4,90,59
210,622,7,90,59
211,625,2,90,59
212,628,1,90,59
213,630,1,90,59
214,631,4,90,59
215,633,3,90,59
216,650,2,90,59
217,651,2,90,59
218,654,5,90,59
219,10149,3,90,59
0,3,6,90,60
1,4,2,90,60
2,6,6,90,60
3,9,11,90,60
4,10,2,90,60
5,11,2,90,60
6,14,5,90,60
7,15,6,90,60
8,16,8,90,60
9,17,14,90,60
10,18,6,90,60
11,19,7,90,60
12,20,3,90,60
13,23,11,90,60
14,24,8,90,60
15,26,1,90,60
16,28,5,90,60
17,32,7,90,60
18,35,1,90,60
19,36,1,90,60
20,44,2,90,60
21,47,1,90,60
22,48,2,90,60
23,52,1,90,60
24,57,2,90,60
25,58,6,90,60
26,64,2,90,60
27,65,5,90,60
28,70,3,90,60
29,78,7,90,60
30,79,0,90,60
31,81,0,90,60
32,82,2,90,60
33,83,2,90,60
34,84,2,90,60
35,85,0,90,60
36,88,2,90,60
37,89,5,90,60
38,91,2,90,60
39,94,5,90,60
40,95,7,90,60
41,98,2,90,60
42,101,2,90,60
43,104,2,90,60
44,106,7,90,60
45,110,2,90,60
46,113,5,90,60
47,117,7,90,60
48,120,2,90,60
49,122,2,90,60
50,136,2,90,60
51,144,2,90,60
52,145,2,90,60
53,146,2,90,60
54,148,8,90,60
55,149,2,90,60
56,157,2,90,60
57,159,6,90,60
58,162,1,90,60
59,171,1,90,60
60,172,1,90,60
61,174,2,90,60
62,177,2,90,60
63,180,2,90,60
64,182,8,90,60
65,185,1,90,60
66,189,1,90,60
67,191,1,90,60
68,192,2,90,60
69,200,6,90,60
70,201,6,90,60
71,203,3,90,60
72,204,4,90,60
73,205,3,90,60
74,207,2,90,60
75,210,9,90,60
76,214,3,90,60
77,218,2,90,60
78,219,1,90,60
79,220,6,90,60
80,222,2,90,60
81,224,2,90,60
82,230,2,90,60
83,231,4,90,60
84,233,5,90,60
85,235,1,90,60
86,236,1,90,60
87,239,2,90,60
88,240,5,90,60
89,241,3,90,60
90,247,2,90,60
91,248,1,90,60
92,252,6,90,60
93,257,1,90,60
94,263,1,90,60
95,264,2,90,60
96,267,4,90,60
97,274,7,90,60
98,275,1,90,60
99,284,2,90,60
100,291,2,90,60
101,293,4,90,60
102,295,2,90,60
103,300,5,90,60
104,301,2,90,60
105,302,2,90,60
106,306,13,90,60
107,309,2,90,60
108,311,2,90,60
109,321,2,90,60
110,323,2,90,60
111,325,2,90,60
112,326,2,90,60
113,327,7,90,60
114,328,5,90,60
115,329,2,90,60
116,331,2,90,60
117,337,5,90,60
118,338,2,90,60
119,339,3,90,60
120,342,10,90,60
121,347,1,90,60
122,348,7,90,60
123,351,6,90,60
124,355,1,90,60
125,356,2,90,60
126,357,11,90,60
127,359,2,90,60
128,361,2,90,60
129,362,1,90,60
130,366,10,90,60
131,368,2,90,60
132,369,2,90,60
133,371,2,90,60
134,372,2,90,60
135,375,2,90,60
136,380,10,90,60
137,383,2,90,60
138,388,3,90,60
139,389,5,90,60
140,391,2,90,60
141,392,2,90,60
142,394,5,90,60
143,397,2,90,60
144,398,2,90,60
145,402,2,90,60
146,403,3,90,60
147,409,0,90,60
148,413,0,90,60
149,415,0,90,60
150,417,2,90,60
151,422,1,90,60
152,423,2,90,60
153,430,5,90,60
154,431,2,90,60
155,434,12,90,60
156,436,1,90,60
157,443,1,90,60
158,447,5,90,60
159,449,2,90,60
160,452,5,90,60
161,455,2,90,60
162,463,2,90,60
163,472,2,90,60
164,474,6,90,60
165,475,2,90,60
166,476,2,90,60
167,484,1,90,60
168,491,2,90,60
169,492,5,90,60
170,494,10,90,60
171,495,3,90,60
172,496,1,90,60
173,498,1,90,60
174,501,2,90,60
175,503,7,90,60
176,505,1,90,60
177,508,1,90,60
178,511,2,90,60
179,512,3,90,60
180,514,5,90,60
181,520,7,90,60
182,521,4,90,60
183,524,1,90,60
184,527,2,90,60
185,528,1,90,60
186,535,2,90,60
187,541,3,90,60
188,542,5,90,60
189,553,2,90,60
190,557,2,90,60
191,559,2,90,60
192,560,8,90,60
193,564,2,90,60
194,566,2,90,60
195,567,2,90,60
196,568,1,90,60
197,571,12,90,60
198,573,1,90,60
199,577,2,90,60
200,580,0,90,60
201,585,8,90,60
202,588,2,90,60
203,590,2,90,60
204,591,7,90,60
205,593,2,90,60
206,594,2,90,60
207,600,2,90,60
208,608,14,90,60
209,611,2,90,60
210,617,6,90,60
211,618,2,90,60
212,622,2,90,60
213,623,10,90,60
214,625,2,90,60
215,630,1,90,60
216,631,2,90,60
217,650,6,90,60
218,651,2,90,60
219,10149,2,90,60
0,3,2,90,61
1,4,2,90,61
2,6,2,90,61
3,9,2,90,61
4,10,3,90,61
5,11,2,90,61
6,14,6,90,61
7,15,2,90,61
8,16,2,90,61
9,17,9,90,61
10,18,2,90,61
11,19,5,90,61
12,20,2,90,61
13,23,2,90,61
14,27,2,90,61
15,32,2,90,61
16,36,2,90,61
17,44,8,90,61
18,47,3,90,61
19,48,5,90,61
20,49,2,90,61
21,52,2,90,61
22,54,2,90,61
23,57,5,90,61
24,58,6,90,61
25,64,5,90,61
26,65,2,90,61
27,70,1,90,61
28,71,2,90,61
29,78,2,90,61
30,79,1,90,61
31,81,2,90,61
32,84,3,90,61
33,85,1,90,61
34,88,6,90,61
35,91,6,90,61
36,94,3,90,61
37,95,3,90,61
38,98,3,90,61
39,99,4,90,61
40,101,3,90,61
41,105,6,90,61
42,106,3,90,61
43,110,2,90,61
44,115,3,90,61
45,120,6,90,61
46,122,9,90,61
47,126,3,90,61
48,128,6,90,61
49,136,3,90,61
50,144,6,90,61
51,145,12,90,61
52,146,6,90,61
53,157,2,90,61
54,159,1,90,61
55,162,2,90,61
56,167,2,90,61
57,168,2,90,61
58,171,2,90,61
59,172,2,90,61
60,177,7,90,61
61,182,5,90,61
62,185,2,90,61
63,189,2,90,61
64,191,6,90,61
65,196,1,90,61
66,200,3,90,61
67,201,1,90,61
68,203,2,90,61
69,204,5,90,61
70,207,6,90,61
71,210,1,90,61
72,211,1,90,61
73,217,3,90,61
74,219,7,90,61
75,220,5,90,61
76,222,3,90,61
77,231,6,90,61
78,232,2,90,61
79,233,2,90,61
80,235,6,90,61
81,236,8,90,61
82,238,6,90,61
83,239,3,90,61
84,240,3,90,61
85,247,3,90,61
86,248,6,90,61
87,252,2,90,61
88,255,6,90,61
89,257,6,90,61
90,262,7,90,61
91,263,2,90,61
92,265,2,90,61
93,267,1,90,61
94,272,7,90,61
95,274,2,90,61
96,278,2,90,61
97,285,2,90,61
98,291,5,90,61
99,293,2,90,61
100,295,2,90,61
101,298,2,90,61
102,300,2,90,61
103,301,2,90,61
104,302,8,90,61
105,305,2,90,61
106,309,2,90,61
107,311,2,90,61
108,316,2,90,61
109,321,2,90,61
110,325,2,90,61
111,326,2,90,61
112,327,2,90,61
113,328,5,90,61
114,329,4,90,61
115,335,2,90,61
116,336,3,90,61
117,338,9,90,61
118,339,2,90,61
119,340,2,90,61
120,347,2,90,61
121,348,13,90,61
122,350,2,90,61
123,351,2,90,61
124,354,7,90,61
125,355,5,90,61
126,356,7,90,61
127,359,2,90,61
128,361,2,90,61
129,362,2,90,61
130,366,6,90,61
131,368,7,90,61
132,369,2,90,61
133,372,2,90,61
134,375,4,90,61
135,380,2,90,61
136,383,2,90,61
137,385,2,90,61
138,388,1,90,61
139,392,2,90,61
140,394,5,90,61
141,395,2,90,61
142,398,3,90,61
143,401,2,90,61
144,403,2,90,61
145,409,8,90,61
146,413,5,90,61
147,415,2,90,61
148,417,2,90,61
149,420,2,90,61
150,422,6,90,61
151,423,3,90,61
152,431,3,90,61
153,432,6,90,61
154,433,3,90,61
155,434,3,90,61
156,436,6,90,61
157,443,9,90,61
158,449,3,90,61
159,455,6,90,61
160,461,6,90,61
161,467,6,90,61
162,470,2,90,61
163,472,6,90,61
164,474,6,90,61
165,477,6,90,61
166,482,2,90,61
167,484,1,90,61
168,486,1,90,61
169,491,5,90,61
170,492,2,90,61
171,494,7,90,61
172,495,4,90,61
173,498,3,90,61
174,503,2,90,61
175,505,1,90,61
176,508,1,90,61
177,511,2,90,61
178,512,2,90,61
179,514,5,90,61
180,518,3,90,61
181,521,1,90,61
182,524,1,90,61
183,527,2,90,61
184,530,2,90,61
185,533,5,90,61
186,541,2,90,61
187,542,2,90,61
188,543,5,90,61
189,548,17,90,61
190,553,2,90,61
191,557,2,90,61
192,560,5,90,61
193,564,2,90,61
194,566,2,90,61
195,567,3,90,61
196,568,1,90,61
197,570,12,90,61
198,573,8,90,61
199,577,3,90,61
200,585,5,90,61
201,587,3,90,61
202,588,2,90,61
203,592,1,90,61
204,593,2,90,61
205,594,2,90,61
206,596,13,90,61
207,617,6,90,61
208,618,3,90,61
209,619,2,90,61
210,622,3,90,61
211,623,3,90,61
212,625,2,90,61
213,628,6,90,61
214,630,1,90,61
215,633,2,90,61
216,650,1,90,61
217,651,3,90,61
218,652,2,90,61
219,654,2,90,61
0,3,2,90,62
1,4,2,90,62
2,6,2,90,62
3,9,2,90,62
4,14,6,90,62
5,15,2,90,62
6,16,2,90,62
7,17,2,90,62
8,18,3,90,62
9,19,2,90,62
10,20,2,90,62
11,24,2,90,62
12,26,10,90,62
13,32,1,90,62
14,44,1,90,62
15,47,1,90,62
16,48,2,90,62
17,52,1,90,62
18,53,2,90,62
19,54,7,90,62
20,57,2,90,62
21,58,8,90,62
22,59,1,90,62
23,64,2,90,62
24,65,2,90,62
25,76,2,90,62
26,78,4,90,62
27,79,1,90,62
28,82,2,90,62
29,83,2,90,62
30,84,4,90,62
31,85,1,90,62
32,88,2,90,62
33,91,2,90,62
34,94,2,90,62
35,95,7,90,62
36,98,2,90,62
37,99,2,90,62
38,101,2,90,62
39,104,2,90,62
40,105,2,90,62
41,110,3,90,62
42,115,2,90,62
43,117,2,90,62
44,120,1,90,62
45,126,7,90,62
46,128,1,90,62
47,135,7,90,62
48,144,1,90,62
49,145,1,90,62
50,146,1,90,62
51,157,6,90,62
52,159,1,90,62
53,162,6,90,62
54,168,3,90,62
55,171,9,90,62
56,177,3,90,62
57,180,7,90,62
58,182,3,90,62
59,184,3,90,62
60,185,6,90,62
61,189,6,90,62
62,191,4,90,62
63,200,1,90,62
64,201,1,90,62
65,202,1,90,62
66,203,5,90,62
67,204,2,90,62
68,205,2,90,62
69,207,2,90,62
70,210,1,90,62
71,211,1,90,62
72,219,1,90,62
73,220,3,90,62
74,222,2,90,62
75,224,2,90,62
76,231,1,90,62
77,232,2,90,62
78,233,2,90,62
79,235,1,90,62
80,236,4,90,62
81,238,1,90,62
82,239,2,90,62
83,240,5,90,62
84,241,2,90,62
85,247,7,90,62
86,248,2,90,62
87,252,2,90,62
88,255,2,90,62
89,257,2,90,62
90,263,2,90,62
91,265,5,90,62
92,267,2,90,62
93,274,5,90,62
94,275,4,90,62
95,277,2,90,62
96,288,2,90,62
97,291,2,90,62
98,293,3,90,62
99,295,2,90,62
100,300,7,90,62
101,305,2,90,62
102,306,2,90,62
103,307,5,90,62
104,316,14,90,62
105,323,2,90,62
106,324,2,90,62
107,325,1,90,62
108,327,7,90,62
109,328,8,90,62
110,329,2,90,62
111,335,4,90,62
112,336,2,90,62
113,337,1,90,62
114,338,5,90,62
115,339,3,90,62
116,340,6,90,62
117,341,7,90,62
118,347,6,90,62
119,348,13,90,62
120,350,6,90,62
121,354,6,90,62
122,355,6,90,62
123,356,3,90,62
124,359,7,90,62
125,361,9,90,62
126,362,6,90,62
127,364,2,90,62
128,366,5,90,62
129,368,2,90,62
130,369,1,90,62
131,372,4,90,62
132,375,2,90,62
133,380,1,90,62
134,383,1,90,62
135,385,2,90,62
136,388,1,90,62
137,392,3,90,62
138,394,3,90,62
139,398,3,90,62
140,399,9,90,62
141,401,4,90,62
142,402,3,90,62
143,403,3,90,62
144,404,6,90,62
145,409,12,90,62
146,413,9,90,62
147,415,6,90,62
148,422,12,90,62
149,423,3,90,62
150,430,5,90,62
151,431,14,90,62
152,434,3,90,62
153,436,6,90,62
154,443,6,90,62
155,447,6,90,62
156,449,3,90,62
157,455,12,90,62
158,461,6,90,62
159,470,2,90,62
160,474,11,90,62
161,475,6,90,62
162,476,6,90,62
163,480,2,90,62
164,486,2,90,62
165,491,5,90,62
166,492,2,90,62
167,494,4,90,62
168,495,5,90,62
169,498,2,90,62
170,501,2,90,62
171,503,7,90,62
172,505,2,90,62
173,508,9,90,62
174,511,2,90,62
175,514,4,90,62
176,517,1,90,62
177,518,3,90,62
178,520,1,90,62
179,521,1,90,62
180,527,2,90,62
181,530,2,90,62
182,533,5,90,62
183,541,13,90,62
184,542,2,90,62
185,548,2,90,62
186,553,3,90,62
187,557,5,90,62
188,559,2,90,62
189,560,8,90,62
190,563,4,90,62
191,564,2,90,62
192,567,2,90,62
193,568,2,90,62
194,571,3,90,62
195,573,6,90,62
196,577,2,90,62
197,584,6,90,62
198,585,7,90,62
199,587,2,90,62
200,588,2,90,62
201,591,1,90,62
202,592,1,90,62
203,593,1,90,62
204,594,1,90,62
205,595,5,90,62
206,598,1,90,62
207,600,2,90,62
208,608,8,90,62
209,611,2,90,62
210,617,2,90,62
211,618,2,90,62
212,622,5,90,62
213,623,3,90,62
214,630,2,90,62
215,631,2,90,62
216,633,2,90,62
217,635,2,90,62
218,650,1,90,62
219,651,2,90,62
0,4,5,90,63
1,6,1,90,63
2,7,2,90,63
3,8,1,90,63
4,9,7,90,63
5,11,2,90,63
6,14,6,90,63
7,15,3,90,63
8,16,7,90,63
9,17,7,90,63
10,18,1,90,63
11,19,2,90,63
12,20,3,90,63
13,24,4,90,63
14,27,10,90,63
15,32,0,90,63
16,35,0,90,63
17,42,2,90,63
18,44,0,90,63
19,47,0,90,63
20,48,5,90,63
21,49,0,90,63
22,54,7,90,63
23,57,2,90,63
24,58,5,90,63
25,64,2,90,63
26,65,2,90,63
27,70,1,90,63
28,71,2,90,63
29,78,2,90,63
30,79,1,90,63
31,82,10,90,63
32,83,2,90,63
33,84,1,90,63
34,85,1,90,63
35,88,8,90,63
36,91,2,90,63
37,94,5,90,63
38,98,13,90,63
39,99,2,90,63
40,101,2,90,63
41,104,2,90,63
42,105,2,90,63
43,110,5,90,63
44,120,1,90,63
45,121,2,90,63
46,122,1,90,63
47,136,2,90,63
48,144,1,90,63
49,145,1,90,63
50,146,1,90,63
51,148,2,90,63
52,157,3,90,63
53,159,2,90,63
54,162,9,90,63
55,171,6,90,63
56,172,6,90,63
57,174,3,90,63
58,177,3,90,63
59,180,8,90,63
60,182,4,90,63
61,184,3,90,63
62,185,6,90,63
63,189,6,90,63
64,191,7,90,63
65,200,2,90,63
66,201,2,90,63
67,203,4,90,63
68,204,9,90,63
69,205,2,90,63
70,207,2,90,63
71,210,5,90,63
72,211,2,90,63
73,217,2,90,63
74,219,1,90,63
75,220,5,90,63
76,224,2,90,63
77,230,2,90,63
78,231,3,90,63
79,232,2,90,63
80,235,1,90,63
81,236,1,90,63
82,238,1,90,63
83,239,5,90,63
84,240,4,90,63
85,241,1,90,63
86,247,2,90,63
87,248,1,90,63
88,252,2,90,63
89,254,2,90,63
90,255,1,90,63
91,260,2,90,63
92,263,4,90,63
93,265,5,90,63
94,268,2,90,63
95,274,2,90,63
96,278,12,90,63
97,284,2,90,63
98,291,1,90,63
99,293,1,90,63
100,298,2,90,63
101,300,2,90,63
102,302,1,90,63
103,305,1,90,63
104,306,2,90,63
105,307,1,90,63
106,309,7,90,63
107,311,6,90,63
108,314,5,90,63
109,316,9,90,63
110,320,3,90,63
111,321,2,90,63
112,323,3,90,63
113,325,8,90,63
114,327,11,90,63
115,328,7,90,63
116,329,3,90,63
117,336,3,90,63
118,338,2,90,63
119,339,6,90,63
120,341,6,90,63
121,342,3,90,63
122,347,6,90,63
123,348,8,90,63
124,351,10,90,63
125,354,3,90,63
126,355,6,90,63
127,356,3,90,63
128,357,3,90,63
129,359,2,90,63
130,361,8,90,63
131,364,2,90,63
132,366,2,90,63
133,368,2,90,63
134,369,5,90,63
135,371,2,90,63
136,383,2,90,63
137,385,2,90,63
138,388,4,90,63
139,389,2,90,63
140,392,2,90,63
141,394,2,90,63
142,395,1,90,63
143,398,2,90,63
144,399,1,90,63
145,401,2,90,63
146,409,1,90,63
147,413,1,90,63
148,415,4,90,63
149,417,12,90,63
150,420,5,90,63
151,422,1,90,63
152,423,9,90,63
153,424,10,90,63
154,432,2,90,63
155,433,5,90,63
156,434,5,90,63
157,436,1,90,63
158,443,1,90,63
159,447,5,90,63
160,449,2,90,63
161,452,3,90,63
162,453,2,90,63
163,455,6,90,63
164,461,6,90,63
165,467,13,90,63
166,472,6,90,63
167,481,2,90,63
168,482,7,90,63
169,491,12,90,63
170,492,10,90,63
171,494,3,90,63
172,495,5,90,63
173,499,5,90,63
174,501,5,90,63
175,503,2,90,63
176,508,2,90,63
177,509,5,90,63
178,512,2,90,63
179,514,5,90,63
180,518,3,90,63
181,520,1,90,63
182,521,2,90,63
183,524,1,90,63
184,527,5,90,63
185,528,7,90,63
186,530,7,90,63
187,533,6,90,63
188,535,8,90,63
189,541,2,90,63
190,542,7,90,63
191,553,3,90,63
192,557,3,90,63
193,559,6,90,63
194,565,3,90,63
195,567,6,90,63
196,568,5,90,63
197,569,2,90,63
198,570,3,90,63
199,573,1,90,63
200,585,2,90,63
201,588,2,90,63
202,591,1,90,63
203,592,1,90,63
204,593,2,90,63
205,594,2,90,63
206,595,2,90,63
207,600,2,90,63
208,608,3,90,63
209,611,2,90,63
210,617,2,90,63
211,622,5,90,63
212,623,6,90,63
213,625,6,90,63
214,628,1,90,63
215,630,2,90,63
216,650,2,90,63
217,651,2,90,63
218,652,2,90,63
219,10149,3,90,63
0,2,6,90,64
1,4,2,90,64
2,6,5,90,64
3,9,5,90,64
4,10,3,90,64
5,14,2,90,64
6,15,2,90,64
7,16,7,90,64
8,17,5,90,64
9,18,2,90,64
10,19,3,90,64
11,20,2,90,64
12,24,2,90,64
13,26,-1,90,64
14,32,1,90,64
15,36,1,90,64
16,44,1,90,64
17,47,1,90,64
18,48,5,90,64
19,52,1,90,64
20,53,8,90,64
21,57,2,90,64
22,58,2,90,64
23,62,2,90,64
24,63,2,90,64
25,64,2,90,64
26,70,2,90,64
27,74,2,90,64
28,78,2,90,64
29,81,2,90,64
30,82,9,90,64
31,83,2,90,64
32,84,2,90,64
33,85,2,90,64
34,88,2,90,64
35,89,2,90,64
36,91,2,90,64
37,94,2,90,64
38,95,2,90,64
39,99,2,90,64
40,101,2,90,64
41,104,2,90,64
42,105,2,90,64
43,110,2,90,64
44,113,3,90,64
45,115,3,90,64
46,117,7,90,64
47,122,6,90,64
48,126,3,90,64
49,128,6,90,64
50,144,6,90,64
51,145,6,90,64
52,146,6,90,64
53,148,2,90,64
54,157,2,90,64
55,159,2,90,64
56,162,2,90,64
57,163,2,90,64
58,171,2,90,64
59,172,2,90,64
60,174,2,90,64
61,177,5,90,64
62,180,2,90,64
63,182,2,90,64
64,185,2,90,64
65,189,2,90,64
66,196,2,90,64
67,200,4,90,64
68,201,5,90,64
69,203,2,90,64
70,204,2,90,64
71,205,2,90,64
72,207,3,90,64
73,210,2,90,64
74,211,2,90,64
75,219,2,90,64
76,220,2,90,64
77,222,2,90,64
78,224,2,90,64
79,230,2,90,64
80,231,2,90,64
81,232,2,90,64
82,233,2,90,64
83,235,2,90,64
84,236,2,90,64
85,239,3,90,64
86,241,9,90,64
87,244,6,90,64
88,247,5,90,64
89,248,10,90,64
90,255,6,90,64
91,257,6,90,64
92,259,8,90,64
93,263,1,90,64
94,267,5,90,64
95,268,9,90,64
96,274,5,90,64
97,275,1,90,64
98,284,1,90,64
99,291,1,90,64
100,293,1,90,64
101,295,1,90,64
102,300,2,90,64
103,301,1,90,64
104,305,1,90,64
105,306,6,90,64
106,309,4,90,64
107,311,6,90,64
108,313,6,90,64
109,314,2,90,64
110,316,2,90,64
111,321,2,90,64
112,325,6,90,64
113,326,6,90,64
114,328,5,90,64
115,329,6,90,64
116,335,6,90,64
117,336,3,90,64
118,339,7,90,64
119,341,6,90,64
120,342,6,90,64
121,347,6,90,64
122,348,4,90,64
123,350,6,90,64
124,351,8,90,64
125,354,3,90,64
126,355,6,90,64
127,356,6,90,64
128,359,2,90,64
129,362,6,90,64
130,365,3,90,64
131,366,3,90,64
132,368,3,90,64
133,369,6,90,64
134,370,3,90,64
135,372,6,90,64
136,375,6,90,64
137,380,7,90,64
138,383,6,90,64
139,388,7,90,64
140,389,4,90,64
141,391,2,90,64
142,394,2,90,64
143,395,1,90,64
144,397,2,90,64
145,398,2,90,64
146,399,1,90,64
147,401,7,90,64
148,404,3,90,64
149,413,1,90,64
150,415,1,90,64
151,417,2,90,64
152,422,-1,90,64
153,423,2,90,64
154,431,2,90,64
155,434,2,90,64
156,436,-1,90,64
157,437,-1,90,64
158,443,-1,90,64
159,447,2,90,64
160,449,2,90,64
161,452,2,90,64
162,455,2,90,64
163,457,2,90,64
164,461,5,90,64
165,470,6,90,64
166,476,3,90,64
167,480,2,90,64
168,482,9,90,64
169,491,5,90,64
170,492,7,90,64
171,495,5,90,64
172,497,5,90,64
173,498,2,90,64
174,499,2,90,64
175,501,5,90,64
176,505,2,90,64
177,508,2,90,64
178,511,8,90,64
179,512,14,90,64
180,514,3,90,64
181,518,2,90,64
182,520,9,90,64
183,521,6,90,64
184,524,6,90,64
185,527,12,90,64
186,533,2,90,64
187,535,5,90,64
188,541,6,90,64
189,542,2,90,64
190,557,2,90,64
191,559,5,90,64
192,564,2,90,64
193,565,2,90,64
194,566,2,90,64
195,567,2,90,64
196,568,1,90,64
197,569,2,90,64
198,570,5,90,64
199,573,1,90,64
200,577,7,90,64
201,585,7,90,64
202,587,13,90,64
203,588,3,90,64
204,590,2,90,64
205,591,9,90,64
206,592,2,90,64
207,594,6,90,64
208,608,4,90,64
209,611,7,90,64
210,618,3,90,64
211,622,3,90,64
212,623,5,90,64
213,625,3,90,64
214,628,6,90,64
215,630,1,90,64
216,631,2,90,64
217,633,2,90,64
218,650,2,90,64
219,651,2,90,64
0,2,2,90,65
1,4,6,90,65
2,6,1,90,65
3,7,2,90,65
4,8,1,90,65
5,14,1,90,65
6,15,1,90,65
7,16,5,90,65
8,17,2,90,65
9,18,1,90,65
10,23,2,90,65
11,26,6,90,65
12,27,9,90,65
13,28,3,90,65
14,35,6,90,65
15,42,3,90,65
16,44,6,90,65
17,47,6,90,65
18,53,3,90,65
19,54,6,90,65
20,57,4,90,65
21,58,2,90,65
22,63,3,90,65
23,64,3,90,65
24,70,6,90,65
25,71,3,90,65
26,78,3,90,65
27,81,6,90,65
28,82,5,90,65
29,83,8,90,65
30,84,6,90,65
31,85,6,90,65
32,86,1,90,65
33,88,1,90,65
34,89,2,90,65
35,91,1,90,65
36,94,2,90,65
37,98,2,90,65
38,99,2,90,65
39,104,1,90,65
40,106,2,90,65
41,110,5,90,65
42,115,2,90,65
43,122,2,90,65
44,128,2,90,65
45,135,2,90,65
46,136,2,90,65
47,144,2,90,65
48,145,2,90,65
49,146,2,90,65
50,148,2,90,65
51,149,2,90,65
52,157,2,90,65
53,159,2,90,65
54,168,5,90,65
55,171,2,90,65
56,172,2,90,65
57,174,2,90,65
58,177,2,90,65
59,180,11,90,65
60,182,2,90,65
61,185,4,90,65
62,188,2,90,65
63,189,2,90,65
64,191,8,90,65
65,198,2,90,65
66,200,8,90,65
67,201,2,90,65
68,203,2,90,65
69,204,2,90,65
70,205,2,90,65
71,207,5,90,65
72,210,2,90,65
73,211,2,90,65
74,214,2,90,65
75,219,2,90,65
76,220,5,90,65
77,222,2,90,65
78,224,5,90,65
79,230,2,90,65
80,231,2,90,65
81,232,6,90,65
82,233,3,90,65
83,235,2,90,65
84,238,9,90,65
85,239,2,90,65
86,240,5,90,65
87,241,3,90,65
88,247,7,90,65
89,248,2,90,65
90,252,6,90,65
91,254,2,90,65
92,255,2,90,65
93,257,2,90,65
94,263,2,90,65
95,264,2,90,65
96,267,1,90,65
97,268,6,90,65
98,272,5,90,65
99,275,1,90,65
100,278,2,90,65
101,291,2,90,65
102,293,2,90,65
103,295,2,90,65
104,298,9,90,65
105,300,2,90,65
106,301,2,90,65
107,306,5,90,65
108,309,2,90,65
109,316,8,90,65
110,321,2,90,65
111,323,3,90,65
112,324,3,90,65
113,325,6,90,65
114,326,6,90,65
115,328,4,90,65
116,329,6,90,65
117,336,6,90,65
118,337,6,90,65
119,338,7,90,65
120,339,6,90,65
121,341,1,90,65
122,342,2,90,65
123,347,1,90,65
124,348,2,90,65
125,350,1,90,65
126,354,2,90,65
127,355,1,90,65
128,356,2,90,65
129,357,3,90,65
130,362,1,90,65
131,364,2,90,65
132,366,2,90,65
133,368,2,90,65
134,369,1,90,65
135,372,7,90,65
136,375,2,90,65
137,380,1,90,65
138,383,1,90,65
139,388,1,90,65
140,392,2,90,65
141,394,8,90,65
142,398,2,90,65
143,399,8,90,65
144,403,2,90,65
145,404,2,90,65
146,405,2,90,65
147,409,3,90,65
148,413,4,90,65
149,415,2,90,65
150,420,7,90,65
151,422,6,90,65
152,431,8,90,65
153,432,6,90,65
154,434,3,90,65
155,436,6,90,65
156,437,12,90,65
157,443,6,90,65
158,447,5,90,65
159,449,3,90,65
160,455,1,90,65
161,467,1,90,65
162,472,1,90,65
163,474,4,90,65
164,476,1,90,65
165,482,4,90,65
166,486,2,90,65
167,492,2,90,65
168,494,2,90,65
169,495,2,90,65
170,498,2,90,65
171,499,2,90,65
172,501,2,90,65
173,505,2,90,65
174,508,2,90,65
175,509,2,90,65
176,511,2,90,65
177,512,3,90,65
178,514,5,90,65
179,518,2,90,65
180,520,3,90,65
181,521,1,90,65
182,524,1,90,65
183,526,2,90,65
184,527,2,90,65
185,533,2,90,65
186,541,5,90,65
187,542,8,90,65
188,553,2,90,65
189,557,2,90,65
190,559,2,90,65
191,560,5,90,65
192,564,2,90,65
193,566,4,90,65
194,567,2,90,65
195,568,1,90,65
196,569,8,90,65
197,573,6,90,65
198,577,4,90,65
199,584,2,90,65
200,585,2,90,65
201,587,2,90,65
202,588,2,90,65
203,592,9,90,65
204,593,1,90,65
205,594,1,90,65
206,608,2,90,65
207,611,2,90,65
208,617,11,90,65
209,618,2,90,65
210,619,2,90,65
211,622,2,90,65
212,625,5,90,65
213,631,2,90,65
214,635,7,90,65
215,650,3,90,65
216,651,2,90,65
217,652,2,90,65
218,657,1,90,65
219,10149,2,90,65
0,3,12,90,66
1,4,2,90,66
2,6,6,90,66
3,7,3,90,66
4,11,2,90,66
5,14,6,90,66
6,15,6,90,66
7,16,6,90,66
8,17,8,90,66
9,18,6,90,66
10,23,6,90,66
11,24,6,90,66
12,35,1,90,66
13,36,1,90,66
14,38,2,90,66
15,42,2,90,66
16,44,1,90,66
17,47,4,90,66
18,48,2,90,66
19,52,1,90,66
20,53,2,90,66
21,54,2,90,66
22,58,2,90,66
23,64,3,90,66
24,70,6,90,66
25,71,3,90,66
26,76,3,90,66
27,78,3,90,66
28,79,6,90,66
29,81,6,90,66
30,82,10,90,66
31,84,6,90,66
32,85,6,90,66
33,88,1,90,66
34,91,1,90,66
35,94,2,90,66
36,98,2,90,66
37,99,5,90,66
38,101,2,90,66
39,104,1,90,66
40,105,1,90,66
41,106,7,90,66
42,110,2,90,66
43,115,2,90,66
44,117,7,90,66
45,122,2,90,66
46,128,2,90,66
47,136,2,90,66
48,144,5,90,66
49,145,2,90,66
50,146,4,90,66
51,148,2,90,66
52,149,2,90,66
53,157,2,90,66
54,159,6,90,66
55,162,1,90,66
56,171,1,90,66
57,172,7,90,66
58,177,2,90,66
59,179,2,90,66
60,182,8,90,66
61,184,2,90,66
62,185,1,90,66
63,189,1,90,66
64,191,2,90,66
65,192,2,90,66
66,196,6,90,66
67,198,6,90,66
68,200,6,90,66
69,201,6,90,66
70,203,6,90,66
71,204,7,90,66
72,205,3,90,66
73,210,6,90,66
74,211,6,90,66
75,217,2,90,66
76,219,0,90,66
77,220,3,90,66
78,224,2,90,66
79,230,2,90,66
80,231,0,90,66
81,232,2,90,66
82,234,0,90,66
83,235,0,90,66
84,236,0,90,66
85,239,8,90,66
86,240,2,90,66
87,241,2,90,66
88,247,5,90,66
89,248,4,90,66
90,252,6,90,66
91,255,5,90,66
92,257,2,90,66
93,259,2,90,66
94,263,1,90,66
95,264,2,90,66
96,267,4,90,66
97,268,2,90,66
98,274,7,90,66
99,275,4,90,66
100,284,1,90,66
101,291,2,90,66
102,293,2,90,66
103,295,2,90,66
104,296,3,90,66
105,300,2,90,66
106,301,4,90,66
107,306,9,90,66
108,309,2,90,66
109,313,6,90,66
110,320,3,90,66
111,321,2,90,66
112,323,4,90,66
113,324,3,90,66
114,325,6,90,66
115,328,8,90,66
116,335,9,90,66
117,336,3,90,66
118,337,6,90,66
119,338,1,90,66
120,339,6,90,66
121,341,6,90,66
122,342,3,90,66
123,347,6,90,66
124,348,6,90,66
125,351,4,90,66
126,354,3,90,66
127,355,7,90,66
128,357,3,90,66
129,362,6,90,66
130,365,5,90,66
131,366,2,90,66
132,369,4,90,66
133,372,2,90,66
134,375,2,90,66
135,378,2,90,66
136,380,2,90,66
137,383,2,90,66
138,385,12,90,66
139,394,2,90,66
140,395,1,90,66
141,397,6,90,66
142,398,2,90,66
143,399,1,90,66
144,401,2,90,66
145,409,3,90,66
146,410,3,90,66
147,413,1,90,66
148,415,1,90,66
149,417,2,90,66
150,422,2,90,66
151,423,2,90,66
152,431,2,90,66
153,433,3,90,66
154,434,2,90,66
155,436,2,90,66
156,443,5,90,66
157,447,2,90,66
158,449,9,90,66
159,455,6,90,66
160,461,8,90,66
161,467,6,90,66
162,472,6,90,66
163,474,6,90,66
164,476,6,90,66
165,481,3,90,66
166,482,3,90,66
167,491,3,90,66
168,492,5,90,66
169,494,4,90,66
170,495,6,90,66
171,503,3,90,66
172,504,9,90,66
173,505,9,90,66
174,508,6,90,66
175,511,5,90,66
176,514,7,90,66
177,520,2,90,66
178,521,2,90,66
179,524,2,90,66
180,527,2,90,66
181,530,2,90,66
182,533,6,90,66
183,542,8,90,66
184,553,3,90,66
185,557,3,90,66
186,559,6,90,66
187,560,2,90,66
188,563,3,90,66
189,564,6,90,66
190,566,2,90,66
191,567,6,90,66
192,568,1,90,66
193,571,3,90,66
194,573,2,90,66
195,584,18,90,66
196,585,3,90,66
197,587,2,90,66
198,588,2,90,66
199,590,2,90,66
200,591,2,90,66
201,592,6,90,66
202,593,2,90,66
203,595,2,90,66
204,608,6,90,66
205,611,2,90,66
206,617,2,90,66
207,618,2,90,66
208,622,2,90,66
209,623,11,90,66
210,625,3,90,66
211,630,1,90,66
212,631,2,90,66
213,633,3,90,66
214,650,6,90,66
215,651,2,90,66
216,652,2,90,66
217,654,2,90,66
218,10145,5,90,66
219,10149,3,90,66
0,2,2,90,67
1,4,2,90,67
2,6,6,90,67
3,8,6,90,67
4,9,3,90,67
5,11,6,90,67
6,14,6,90,67
7,15,6,90,67
8,16,3,90,67
9,17,6,90,67
10,23,11,90,67
11,24,6,90,67
12,26,1,90,67
13,27,3,90,67
14,28,3,90,67
15,32,6,90,67
16,36,9,90,67
17,38,2,90,67
18,42,3,90,67
19,44,11,90,67
20,47,6,90,67
21,52,6,90,67
22,57,8,90,67
23,60,2,90,67
24,63,2,90,67
25,64,8,90,67
26,65,10,90,67
27,78,3,90,67
28,79,1,90,67
29,81,1,90,67
30,83,2,90,67
31,84,1,90,67
32,85,1,90,67
33,88,2,90,67
34,89,10,90,67
35,91,4,90,67
36,98,2,90,67
37,99,7,90,67
38,101,8,90,67
39,104,5,90,67
40,105,2,90,67
41,106,7,90,67
42,110,6,90,67
43,121,2,90,67
44,122,1,90,67
45,126,2,90,67
46,128,1,90,67
47,135,2,90,67
48,136,2,90,67
49,144,1,90,67
50,145,1,90,67
51,146,1,90,67
52,148,2,90,67
53,157,3,90,67
54,162,6,90,67
55,171,6,90,67
56,172,6,90,67
57,174,3,90,67
58,180,2,90,67
59,182,3,90,67
60,185,7,90,67
61,186,3,90,67
62,189,6,90,67
63,191,0,90,67
64,200,6,90,67
65,201,6,90,67
66,202,6,90,67
67,203,3,90,67
68,204,1,90,67
69,205,11,90,67
70,210,6,90,67
71,211,9,90,67
72,214,8,90,67
73,217,2,90,67
74,219,1,90,67
75,222,5,90,67
76,224,4,90,67
77,230,2,90,67
78,231,1,90,67
79,233,8,90,67
80,234,1,90,67
81,235,1,90,67
82,238,1,90,67
83,239,7,90,67
84,240,2,90,67
85,241,0,90,67
86,247,2,90,67
87,248,0,90,67
88,252,5,90,67
89,255,0,90,67
90,257,0,90,67
91,263,6,90,67
92,264,4,90,67
93,265,3,90,67
94,267,6,90,67
95,268,9,90,67
96,274,8,90,67
97,284,6,90,67
98,291,1,90,67
99,293,1,90,67
100,295,1,90,67
101,296,1,90,67
102,298,2,90,67
103,300,2,90,67
104,306,2,90,67
105,309,2,90,67
106,311,9,90,67
107,316,6,90,67
108,323,4,90,67
109,324,3,90,67
110,325,6,90,67
111,326,6,90,67
112,327,8,90,67
113,328,8,90,67
114,329,3,90,67
115,336,3,90,67
116,338,3,90,67
117,339,9,90,67
118,341,1,90,67
119,342,7,90,67
120,347,3,90,67
121,348,2,90,67
122,351,5,90,67
123,354,2,90,67
124,355,1,90,67
125,356,2,90,67
126,357,10,90,67
127,359,3,90,67
128,366,6,90,67
129,368,3,90,67
130,369,8,90,67
131,370,3,90,67
132,372,3,90,67
133,376,6,90,67
134,377,6,90,67
135,380,6,90,67
136,383,6,90,67
137,388,6,90,67
138,394,4,90,67
139,397,6,90,67
140,399,3,90,67
141,401,2,90,67
142,402,2,90,67
143,403,2,90,67
144,404,2,90,67
145,405,2,90,67
146,409,2,90,67
147,410,2,90,67
148,413,2,90,67
149,417,2,90,67
150,422,1,90,67
151,423,2,90,67
152,425,1,90,67
153,430,2,90,67
154,433,2,90,67
155,434,2,90,67
156,443,1,90,67
157,447,2,90,67
158,449,2,90,67
159,452,8,90,67
160,455,6,90,67
161,461,6,90,67
162,467,6,90,67
163,474,9,90,67
164,480,2,90,67
165,482,2,90,67
166,484,1,90,67
167,486,1,90,67
168,494,2,90,67
169,495,1,90,67
170,497,2,90,67
171,498,1,90,67
172,501,2,90,67
173,503,3,90,67
174,505,1,90,67
175,508,1,90,67
176,511,6,90,67
177,514,8,90,67
178,518,8,90,67
179,521,6,90,67
180,524,10,90,67
181,527,6,90,67
182,528,6,90,67
183,530,3,90,67
184,533,1,90,67
185,542,2,90,67
186,543,1,90,67
187,553,2,90,67
188,557,2,90,67
189,559,1,90,67
190,560,3,90,67
191,564,1,90,67
192,566,2,90,67
193,567,1,90,67
194,568,8,90,67
195,569,3,90,67
196,570,2,90,67
197,571,7,90,67
198,573,1,90,67
199,577,2,90,67
200,579,0,90,67
201,585,11,90,67
202,587,3,90,67
203,588,5,90,67
204,593,6,90,67
205,594,6,90,67
206,600,2,90,67
207,608,8,90,67
208,611,6,90,67
209,617,6,90,67
210,621,3,90,67
211,622,2,90,67
212,623,3,90,67
213,625,2,90,67
214,630,6,90,67
215,635,2,90,67
216,650,6,90,67
217,651,2,90,67
218,654,8,90,67
219,10149,2,90,67
0,3,1,90,68
1,4,4,90,68
2,6,1,90,68
3,10,3,90,68
4,11,6,90,68
5,14,6,90,68
6,15,1,90,68
7,16,2,90,68
8,17,2,90,68
9,18,1,90,68
10,19,4,90,68
11,20,2,90,68
12,23,5,90,68
13,24,1,90,68
14,27,2,90,68
15,28,7,90,68
16,36,1,90,68
17,42,2,90,68
18,44,2,90,68
19,47,4,90,68
20,48,5,90,68
21,52,3,90,68
22,53,2,90,68
23,57,2,90,68
24,58,2,90,68
25,63,2,90,68
26,64,8,90,68
27,70,3,90,68
28,71,10,90,68
29,76,2,90,68
30,78,2,90,68
31,79,2,90,68
32,81,0,90,68
33,82,10,90,68
34,84,0,90,68
35,85,0,90,68
36,86,1,90,68
37,88,1,90,68
38,89,2,90,68
39,91,1,90,68
40,94,2,90,68
41,99,2,90,68
42,100,1,90,68
43,104,1,90,68
44,105,1,90,68
45,110,2,90,68
46,113,3,90,68
47,115,2,90,68
48,128,1,90,68
49,135,2,90,68
50,136,2,90,68
51,144,1,90,68
52,145,1,90,68
53,146,1,90,68
54,148,2,90,68
55,157,2,90,68
56,159,4,90,68
57,162,1,90,68
58,163,1,90,68
59,172,1,90,68
60,174,2,90,68
61,180,3,90,68
62,182,2,90,68
63,184,2,90,68
64,185,1,90,68
65,186,2,90,68
66,189,1,90,68
67,191,6,90,68
68,192,2,90,68
69,198,2,90,68
70,200,3,90,68
71,201,1,90,68
72,203,5,90,68
73,204,0,90,68
74,205,7,90,68
75,207,14,90,68
76,210,1,90,68
77,211,7,90,68
78,217,2,90,68
79,219,2,90,68
80,221,2,90,68
81,222,2,90,68
82,224,2,90,68
83,230,2,90,68
84,231,2,90,68
85,233,2,90,68
86,235,5,90,68
87,236,3,90,68
88,238,2,90,68
89,240,8,90,68
90,241,8,90,68
91,244,6,90,68
92,247,6,90,68
93,248,6,90,68
94,252,9,90,68
95,255,9,90,68
96,263,6,90,68
97,264,16,90,68
98,265,6,90,68
99,267,9,90,68
100,268,6,90,68
101,272,5,90,68
102,274,3,90,68
103,284,6,90,68
104,291,0,90,68
105,293,1,90,68
106,295,0,90,68
107,300,4,90,68
108,301,0,90,68
109,302,0,90,68
110,306,2,90,68
111,309,2,90,68
112,311,6,90,68
113,316,9,90,68
114,323,3,90,68
115,324,3,90,68
116,325,6,90,68
117,326,8,90,68
118,327,3,90,68
119,328,11,90,68
120,329,3,90,68
121,335,6,90,68
122,338,1,90,68
123,339,6,90,68
124,342,8,90,68
125,347,1,90,68
126,348,8,90,68
127,351,14,90,68
128,354,2,90,68
129,355,4,90,68
130,356,2,90,68
131,357,7,90,68
132,362,7,90,68
133,368,3,90,68
134,369,9,90,68
135,371,6,90,68
136,372,3,90,68
137,375,2,90,68
138,376,6,90,68
139,382,6,90,68
140,383,6,90,68
141,385,3,90,68
142,388,2,90,68
143,389,6,90,68
144,391,3,90,68
145,394,3,90,68
146,395,6,90,68
147,399,6,90,68
148,401,9,90,68
149,402,3,90,68
150,405,6,90,68
151,409,6,90,68
152,413,6,90,68
153,415,13,90,68
154,417,3,90,68
155,422,2,90,68
156,423,4,90,68
157,431,2,90,68
158,432,5,90,68
159,433,7,90,68
160,436,2,90,68
161,443,5,90,68
162,447,3,90,68
163,449,2,90,68
164,452,3,90,68
165,455,6,90,68
166,461,6,90,68
167,474,9,90,68
168,475,6,90,68
169,476,6,90,68
170,480,2,90,68
171,482,2,90,68
172,484,2,90,68
173,486,2,90,68
174,491,5,90,68
175,492,2,90,68
176,494,2,90,68
177,497,2,90,68
178,501,2,90,68
179,503,2,90,68
180,508,2,90,68
181,511,2,90,68
182,514,7,90,68
183,517,2,90,68
184,518,8,90,68
185,520,2,90,68
186,521,2,90,68
187,523,2,90,68
188,533,6,90,68
189,542,0,90,68
190,544,2,90,68
191,548,2,90,68
192,553,2,90,68
193,557,2,90,68
194,559,0,90,68
195,560,2,90,68
196,564,0,90,68
197,566,11,90,68
198,567,0,90,68
199,568,6,90,68
200,571,5,90,68
201,573,2,90,68
202,585,5,90,68
203,587,2,90,68
204,588,2,90,68
205,591,2,90,68
206,593,14,90,68
207,595,2,90,68
208,608,3,90,68
209,611,11,90,68
210,617,2,90,68
211,618,2,90,68
212,620,2,90,68
213,622,3,90,68
214,623,5,90,68
215,625,2,90,68
216,630,6,90,68
217,650,1,90,68
218,651,2,90,68
219,654,5,90,68
0,4,6,90,69
1,6,2,90,69
2,9,7,90,69
3,11,2,90,69
4,14,1,90,69
5,15,3,90,69
6,16,2,90,69
7,17,7,90,69
8,18,2,90,69
9,19,2,90,69
10,20,2,90,69
11,23,2,90,69
12,24,2,90,69
13,26,2,90,69
14,27,4,90,69
15,28,10,90,69
16,32,2,90,69
17,36,2,90,69
18,42,5,90,69
19,44,3,90,69
20,45,2,90,69
21,47,2,90,69
22,52,2,90,69
23,54,7,90,69
24,58,9,90,69
25,63,2,90,69
26,64,2,90,69
27,65,2,90,69
28,70,1,90,69
29,71,2,90,69
30,78,7,90,69
31,79,1,90,69
32,82,8,90,69
33,83,5,90,69
34,84,1,90,69
35,85,7,90,69
36,88,1,90,69
37,89,2,90,69
38,91,1,90,69
39,94,2,90,69
40,95,2,90,69
41,99,2,90,69
42,104,1,90,69
43,105,4,90,69
44,106,7,90,69
45,110,5,90,69
46,115,2,90,69
47,117,2,90,69
48,121,2,90,69
49,122,1,90,69
50,126,2,90,69
51,136,2,90,69
52,144,1,90,69
53,145,1,90,69
54,146,1,90,69
55,148,2,90,69
56,149,2,90,69
57,157,11,90,69
58,159,1,90,69
59,162,6,90,69
60,171,6,90,69
61,172,9,90,69
62,174,3,90,69
63,177,3,90,69
64,180,2,90,69
65,182,9,90,69
66,185,12,90,69
67,189,6,90,69
68,191,2,90,69
69,192,5,90,69
70,200,2,90,69
71,201,1,90,69
72,203,2,90,69
73,204,2,90,69
74,205,2,90,69
75,207,6,90,69
76,210,1,90,69
77,211,1,90,69
78,219,6,90,69
79,220,2,90,69
80,222,3,90,69
81,224,8,90,69
82,230,6,90,69
83,231,9,90,69
84,232,6,90,69
85,233,2,90,69
86,235,6,90,69
87,236,6,90,69
88,238,7,90,69
89,239,3,90,69
90,240,2,90,69
91,247,12,90,69
92,248,2,90,69
93,251,2,90,69
94,252,2,90,69
95,255,2,90,69
96,257,5,90,69
97,263,1,90,69
98,264,7,90,69
99,265,2,90,69
100,267,3,90,69
101,268,8,90,69
102,274,2,90,69
103,284,1,90,69
104,291,2,90,69
105,293,2,90,69
106,295,2,90,69
107,296,2,90,69
108,298,5,90,69
109,301,2,90,69
110,302,2,90,69
111,305,8,90,69
112,311,12,90,69
113,316,10,90,69
114,321,2,90,69
115,323,3,90,69
116,325,6,90,69
117,326,6,90,69
118,328,10,90,69
119,335,9,90,69
120,336,3,90,69
121,337,6,90,69
122,338,3,90,69
123,339,7,90,69
124,340,1,90,69
125,342,7,90,69
126,347,1,90,69
127,348,2,90,69
128,350,4,90,69
129,351,5,90,69
130,354,2,90,69
131,355,1,90,69
132,359,2,90,69
133,362,1,90,69
134,366,2,90,69
135,368,2,90,69
136,369,1,90,69
137,372,4,90,69
138,375,2,90,69
139,380,0,90,69
140,383,0,90,69
141,385,2,90,69
142,388,1,90,69
143,394,2,90,69
144,395,1,90,69
145,398,2,90,69
146,399,4,90,69
147,401,2,90,69
148,403,2,90,69
149,404,1,90,69
150,409,1,90,69
151,413,1,90,69
152,415,7,90,69
153,417,2,90,69
154,422,2,90,69
155,423,5,90,69
156,424,6,90,69
157,432,2,90,69
158,434,7,90,69
159,436,5,90,69
160,443,5,90,69
161,447,3,90,69
162,453,2,90,69
163,455,1,90,69
164,461,1,90,69
165,472,1,90,69
166,474,1,90,69
167,475,1,90,69
168,476,1,90,69
169,484,1,90,69
170,486,1,90,69
171,491,5,90,69
172,492,2,90,69
173,498,1,90,69
174,499,2,90,69
175,503,2,90,69
176,504,1,90,69
177,505,1,90,69
178,508,4,90,69
179,511,2,90,69
180,514,2,90,69
181,518,2,90,69
182,520,1,90,69
183,521,1,90,69
184,524,1,90,69
185,528,7,90,69
186,533,4,90,69
187,535,5,90,69
188,539,6,90,69
189,541,9,90,69
190,544,7,90,69
191,553,2,90,69
192,557,2,90,69
193,559,2,90,69
194,564,2,90,69
195,566,5,90,69
196,568,1,90,69
197,570,7,90,69
198,571,7,90,69
199,585,2,90,69
200,587,5,90,69
201,588,2,90,69
202,591,1,90,69
203,593,0,90,69
204,594,0,90,69
205,597,2,90,69
206,600,2,90,69
207,608,5,90,69
208,617,3,90,69
209,620,9,90,69
210,621,13,90,69
211,622,2,90,69
212,625,4,90,69
213,630,1,90,69
214,631,3,90,69
215,650,1,90,69
216,651,3,90,69
217,652,2,90,69
218,654,2,90,69
219,10145,2,90,69
0,3,5,90,70
1,4,2,90,70
2,6,4,90,70
3,8,2,90,70
4,10,2,90,70
5,11,9,90,70
6,14,2,90,70
7,15,2,90,70
8,16,7,90,70
9,17,2,90,70
10,18,2,90,70
11,19,2,90,70
12,20,2,90,70
13,23,2,90,70
14,24,3,90,70
15,26,5,90,70
16,32,2,90,70
17,44,2,90,70
18,45,2,90,70
19,47,3,90,70
20,48,2,90,70
21,52,2,90,70
22,53,2,90,70
23,54,5,90,70
24,57,7,90,70
25,62,2,90,70
26,63,2,90,70
27,64,2,90,70
28,70,0,90,70
29,71,2,90,70
30,78,4,90,70
31,81,0,90,70
32,82,7,90,70
33,83,2,90,70
34,84,0,90,70
35,88,8,90,70
36,89,3,90,70
37,91,6,90,70
38,94,3,90,70
39,95,6,90,70
40,98,6,90,70
41,99,3,90,70
42,101,3,90,70
43,104,6,90,70
44,110,6,90,70
45,115,2,90,70
46,122,4,90,70
47,123,2,90,70
48,126,2,90,70
49,135,2,90,70
50,136,2,90,70
51,144,2,90,70
52,146,2,90,70
53,148,6,90,70
54,149,2,90,70
55,157,2,90,70
56,159,5,90,70
57,162,4,90,70
58,168,2,90,70
59,171,1,90,70
60,172,1,90,70
61,174,2,90,70
62,177,3,90,70
63,182,2,90,70
64,185,1,90,70
65,189,1,90,70
66,191,2,90,70
67,192,2,90,70
68,200,2,90,70
69,201,2,90,70
70,203,2,90,70
71,204,0,90,70
72,205,2,90,70
73,207,2,90,70
74,210,5,90,70
75,211,6,90,70
76,217,2,90,70
77,218,6,90,70
78,219,2,90,70
79,220,5,90,70
80,224,2,90,70
81,231,3,90,70
82,232,5,90,70
83,233,2,90,70
84,235,2,90,70
85,236,4,90,70
86,238,2,90,70
87,240,2,90,70
88,241,2,90,70
89,247,2,90,70
90,248,2,90,70
91,252,3,90,70
92,255,2,90,70
93,257,2,90,70
94,262,3,90,70
95,263,6,90,70
96,265,3,90,70
97,267,6,90,70
98,268,13,90,70
99,274,4,90,70
100,278,6,90,70
101,284,6,90,70
102,291,1,90,70
103,293,1,90,70
104,295,1,90,70
105,298,2,90,70
106,300,2,90,70
107,301,1,90,70
108,302,1,90,70
109,305,1,90,70
110,306,2,90,70
111,309,2,90,70
112,311,2,90,70
113,316,3,90,70
114,321,2,90,70
115,323,2,90,70
116,325,2,90,70
117,327,2,90,70
118,328,2,90,70
119,329,7,90,70
120,335,2,90,70
121,336,5,90,70
122,338,6,90,70
123,339,5,90,70
124,342,6,90,70
125,346,8,90,70
126,347,7,90,70
127,348,6,90,70
128,350,6,90,70
129,351,13,90,70
130,354,3,90,70
131,356,3,90,70
132,357,6,90,70
133,361,6,90,70
134,366,13,90,70
135,368,3,90,70
136,369,6,90,70
137,370,3,90,70
138,371,6,90,70
139,372,5,90,70
140,380,9,90,70
141,383,9,90,70
142,385,3,90,70
143,389,6,90,70
144,391,2,90,70
145,392,7,90,70
146,394,2,90,70
147,395,2,90,70
148,397,2,90,70
149,398,5,90,70
150,403,2,90,70
151,409,2,90,70
152,410,2,90,70
153,413,2,90,70
154,415,2,90,70
155,417,2,90,70
156,422,2,90,70
157,423,2,90,70
158,425,2,90,70
159,436,2,90,70
160,437,2,90,70
161,443,2,90,70
162,444,2,90,70
163,455,2,90,70
164,461,2,90,70
165,463,7,90,70
166,467,2,90,70
167,472,2,90,70
168,474,5,90,70
169,475,2,90,70
170,476,2,90,70
171,480,7,90,70
172,482,2,90,70
173,484,2,90,70
174,486,2,90,70
175,492,2,90,70
176,494,2,90,70
177,495,2,90,70
178,504,2,90,70
179,505,5,90,70
180,508,2,90,70
181,511,3,90,70
182,512,3,90,70
183,514,8,90,70
184,516,6,90,70
185,518,2,90,70
186,520,6,90,70
187,521,6,90,70
188,523,2,90,70
189,524,6,90,70
190,527,6,90,70
191,533,0,90,70
192,541,6,90,70
193,542,0,90,70
194,553,2,90,70
195,557,4,90,70
196,559,0,90,70
197,564,0,90,70
198,567,0,90,70
199,568,8,90,70
200,569,2,90,70
201,571,8,90,70
202,573,4,90,70
203,577,2,90,70
204,585,15,90,70
205,587,3,90,70
206,588,3,90,70
207,592,0,90,70
208,593,6,90,70
209,600,2,90,70
210,611,3,90,70
211,617,2,90,70
212,620,2,90,70
213,621,2,90,70
214,622,2,90,70
215,630,6,90,70
216,650,8,90,70
217,655,2,90,70
218,10145,2,90,70
219,10149,2,90,70
0,3,4,90,71
1,4,2,90,71
2,6,2,90,71
3,8,2,90,71
4,9,2,90,71
5,11,2,90,71
6,14,1,90,71
7,15,2,90,71
8,16,3,90,71
9,17,2,90,71
10,18,2,90,71
11,19,3,90,71
12,23,5,90,71
13,24,2,90,71
14,26,11,90,71
15,27,8,90,71
16,28,3,90,71
17,35,6,90,71
18,36,6,90,71
19,44,6,90,71
20,47,6,90,71
21,48,6,90,71
22,52,6,90,71
23,54,3,90,71
24,57,3,90,71
25,58,6,90,71
26,63,2,90,71
27,64,2,90,71
28,70,1,90,71
29,71,2,90,71
30,74,2,90,71
31,78,2,90,71
32,79,2,90,71
33,82,2,90,71
34,83,2,90,71
35,84,1,90,71
36,85,1,90,71
37,86,5,90,71
38,89,2,90,71
39,91,2,90,71
40,92,2,90,71
41,95,5,90,71
42,99,2,90,71
43,104,2,90,71
44,105,2,90,71
45,110,6,90,71
46,113,2,90,71
47,115,2,90,71
48,122,0,90,71
49,128,0,90,71
50,129,2,90,71
51,144,0,90,71
52,145,0,90,71
53,146,0,90,71
54,148,2,90,71
55,157,3,90,71
56,159,6,90,71
57,162,6,90,71
58,168,3,90,71
59,171,6,90,71
60,172,6,90,71
61,174,3,90,71
62,177,3,90,71
63,180,2,90,71
64,182,6,90,71
65,185,6,90,71
66,189,6,90,71
67,191,2,90,71
68,192,2,90,71
69,198,2,90,71
70,200,6,90,71
71,201,8,90,71
72,203,3,90,71
73,204,6,90,71
74,205,3,90,71
75,207,2,90,71
76,210,9,90,71
77,211,6,90,71
78,214,3,90,71
79,218,2,90,71
80,219,1,90,71
81,220,6,90,71
82,222,2,90,71
83,230,5,90,71
84,231,7,90,71
85,232,2,90,71
86,233,3,90,71
87,235,1,90,71
88,236,1,90,71
89,238,1,90,71
90,239,2,90,71
91,240,7,90,71
92,241,2,90,71
93,247,2,90,71
94,248,2,90,71
95,252,6,90,71
96,257,2,90,71
97,263,2,90,71
98,265,2,90,71
99,267,2,90,71
100,272,12,90,71
101,278,2,90,71
102,289,2,90,71
103,291,1,90,71
104,293,1,90,71
105,295,1,90,71
106,298,7,90,71
107,300,2,90,71
108,301,1,90,71
109,306,6,90,71
110,309,2,90,71
111,311,12,90,71
112,314,2,90,71
113,316,17,90,71
114,321,2,90,71
115,323,15,90,71
116,324,3,90,71
117,325,6,90,71
118,326,6,90,71
119,327,3,90,71
120,328,3,90,71
121,329,3,90,71
122,338,2,90,71
123,339,7,90,71
124,340,6,90,71
125,341,6,90,71
126,342,5,90,71
127,347,6,90,71
128,350,6,90,71
129,351,5,90,71
130,354,8,90,71
131,355,6,90,71
132,356,3,90,71
133,359,2,90,71
134,362,6,90,71
135,364,3,90,71
136,366,3,90,71
137,368,3,90,71
138,369,6,90,71
139,372,3,90,71
140,375,2,90,71
141,380,6,90,71
142,383,8,90,71
143,385,4,90,71
144,388,1,90,71
145,394,3,90,71
146,395,6,90,71
147,397,5,90,71
148,398,6,90,71
149,399,6,90,71
150,401,2,90,71
151,403,3,90,71
152,404,6,90,71
153,409,6,90,71
154,410,3,90,71
155,413,6,90,71
156,415,12,90,71
157,422,2,90,71
158,423,2,90,71
159,424,6,90,71
160,431,2,90,71
161,436,2,90,71
162,440,8,90,71
163,443,2,90,71
164,447,8,90,71
165,449,5,90,71
166,452,2,90,71
167,453,10,90,71
168,455,4,90,71
169,461,1,90,71
170,474,4,90,71
171,476,2,90,71
172,482,2,90,71
173,484,2,90,71
174,486,2,90,71
175,492,2,90,71
176,494,3,90,71
177,495,4,90,71
178,498,2,90,71
179,503,5,90,71
180,505,2,90,71
181,508,2,90,71
182,511,2,90,71
183,512,2,90,71
184,517,4,90,71
185,518,5,90,71
186,520,1,90,71
187,521,2,90,71
188,524,1,90,71
189,527,2,90,71
190,528,1,90,71
191,530,7,90,71
192,533,6,90,71
193,541,3,90,71
194,542,6,90,71
195,548,3,90,71
196,557,3,90,71
197,559,6,90,71
198,564,6,90,71
199,566,2,90,71
200,567,6,90,71
201,568,3,90,71
202,573,2,90,71
203,577,5,90,71
204,579,2,90,71
205,588,2,90,71
206,593,6,90,71
207,600,2,90,71
208,611,5,90,71
209,617,2,90,71
210,619,2,90,71
211,622,2,90,71
212,623,2,90,71
213,625,8,90,71
214,628,0,90,71
215,630,2,90,71
216,631,7,90,71
217,650,6,90,71
218,652,3,90,71
219,655,3,90,71
0,3,2,90,72
1,4,2,90,72
2,6,3,90,72
3,9,12,90,72
4,11,3,90,72
5,12,2,90,72
6,14,1,90,72
7,15,2,90,72
8,16,2,90,72
9,17,2,90,72
10,18,2,90,72
11,19,2,90,72
12,23,2,90,72
13,25,8,90,72
14,26,2,90,72
15,28,2,90,72
16,36,4,90,72
17,38,2,90,72
18,42,2,90,72
19,44,9,90,72
20,45,1,90,72
21,47,1,90,72
22,48,7,90,72
23,52,1,90,72
24,54,5,90,72
25,58,12,90,72
26,63,2,90,72
27,64,2,90,72
28,70,0,90,72
29,71,2,90,72
30,78,2,90,72
31,79,1,90,72
32,83,5,90,72
33,84,0,90,72
34,85,0,90,72
35,86,2,90,72
36,88,2,90,72
37,89,2,90,72
38,91,2,90,72
39,94,7,90,72
40,95,5,90,72
41,98,2,90,72
42,99,2,90,72
43,101,2,90,72
44,105,5,90,72
45,110,6,90,72
46,113,2,90,72
47,120,1,90,72
48,126,2,90,72
49,128,1,90,72
50,135,2,90,72
51,136,3,90,72
52,144,1,90,72
53,146,1,90,72
54,148,5,90,72
55,157,2,90,72
56,159,6,90,72
57,163,1,90,72
58,168,3,90,72
59,171,1,90,72
60,172,1,90,72
61,174,2,90,72
62,177,2,90,72
63,182,2,90,72
64,185,1,90,72
65,187,1,90,72
66,189,1,90,72
67,192,2,90,72
68,196,6,90,72
69,200,8,90,72
70,201,6,90,72
71,203,3,90,72
72,204,6,90,72
73,205,3,90,72
74,210,6,90,72
75,211,6,90,72
76,217,3,90,72
77,219,6,90,72
78,222,8,90,72
79,224,9,90,72
80,230,3,90,72
81,231,9,90,72
82,232,6,90,72
83,235,9,90,72
84,236,6,90,72
85,238,6,90,72
86,239,4,90,72
87,240,2,90,72
88,241,1,90,72
89,245,2,90,72
90,247,2,90,72
91,248,1,90,72
92,252,5,90,72
93,255,1,90,72
94,263,1,90,72
95,267,7,90,72
96,272,2,90,72
97,274,2,90,72
98,275,1,90,72
99,277,2,90,72
100,278,2,90,72
101,284,1,90,72
102,291,2,90,72
103,293,3,90,72
104,295,2,90,72
105,298,2,90,72
106,300,2,90,72
107,301,2,90,72
108,305,2,90,72
109,306,10,90,72
110,309,2,90,72
111,311,9,90,72
112,313,6,90,72
113,323,3,90,72
114,324,8,90,72
115,325,6,90,72
116,326,6,90,72
117,328,8,90,72
118,329,6,90,72
119,335,6,90,72
120,337,6,90,72
121,339,6,90,72
122,342,5,90,72
123,347,2,90,72
124,348,7,90,72
125,350,8,90,72
126,351,9,90,72
127,354,2,90,72
128,355,5,90,72
129,356,7,90,72
130,361,2,90,72
131,362,2,90,72
132,366,6,90,72
133,368,3,90,72
134,369,12,90,72
135,370,9,90,72
136,372,8,90,72
137,380,6,90,72
138,382,3,90,72
139,383,6,90,72
140,385,10,90,72
141,388,7,90,72
142,389,5,90,72
143,392,2,90,72
144,394,8,90,72
145,395,1,90,72
146,397,2,90,72
147,398,2,90,72
148,399,1,90,72
149,401,6,90,72
150,403,2,90,72
151,409,1,90,72
152,413,3,90,72
153,415,1,90,72
154,417,2,90,72
155,422,5,90,72
156,423,2,90,72
157,431,2,90,72
158,433,2,90,72
159,434,4,90,72
160,436,2,90,72
161,443,2,90,72
162,449,2,90,72
163,452,2,90,72
164,453,2,90,72
165,455,1,90,72
166,461,3,90,72
167,463,2,90,72
168,467,1,90,72
169,484,1,90,72
170,486,1,90,72
171,491,2,90,72
172,492,8,90,72
173,494,7,90,72
174,495,1,90,72
175,498,2,90,72
176,499,2,90,72
177,501,2,90,72
178,503,7,90,72
179,505,1,90,72
180,508,1,90,72
181,511,3,90,72
182,512,2,90,72
183,514,3,90,72
184,518,2,90,72
185,520,6,90,72
186,521,6,90,72
187,524,6,90,72
188,527,6,90,72
189,528,6,90,72
190,530,3,90,72
191,533,6,90,72
192,535,3,90,72
193,541,5,90,72
194,542,6,90,72
195,544,3,90,72
196,553,3,90,72
197,557,3,90,72
198,559,6,90,72
199,565,3,90,72
200,566,2,90,72
201,568,1,90,72
202,571,8,90,72
203,573,2,90,72
204,585,3,90,72
205,586,7,90,72
206,592,0,90,72
207,593,6,90,72
208,595,2,90,72
209,600,4,90,72
210,608,2,90,72
211,611,7,90,72
212,617,8,90,72
213,622,2,90,72
214,623,2,90,72
215,630,3,90,72
216,650,6,90,72
217,651,9,90,72
218,654,8,90,72
219,10145,2,90,72
0,2,2,90,73
1,3,3,90,73
2,4,3,90,73
3,6,1,90,73
4,9,2,90,73
5,10,4,90,73
6,11,6,90,73
7,14,6,90,73
8,15,1,90,73
9,16,2,90,73
10,17,5,90,73
11,18,1,90,73
12,23,2,90,73
13,26,2,90,73
14,27,5,90,73
15,32,1,90,73
16,36,3,90,73
17,44,1,90,73
18,45,1,90,73
19,47,1,90,73
20,48,2,90,73
21,52,1,90,73
22,53,2,90,73
23,54,2,90,73
24,57,2,90,73
25,58,5,90,73
26,63,2,90,73
27,64,2,90,73
28,70,2,90,73
29,71,5,90,73
30,78,7,90,73
31,79,2,90,73
32,81,2,90,73
33,82,6,90,73
34,83,2,90,73
35,84,2,90,73
36,85,2,90,73
37,89,5,90,73
38,91,1,90,73
39,94,5,90,73
40,95,2,90,73
41,99,2,90,73
42,100,1,90,73
43,101,7,90,73
44,104,1,90,73
45,106,7,90,73
46,110,2,90,73
47,113,7,90,73
48,115,2,90,73
49,122,2,90,73
50,126,5,90,73
51,135,2,90,73
52,136,5,90,73
53,144,2,90,73
54,146,2,90,73
55,148,6,90,73
56,157,2,90,73
57,159,2,90,73
58,162,0,90,73
59,171,0,90,73
60,172,0,90,73
61,174,2,90,73
62,177,2,90,73
63,180,2,90,73
64,182,3,90,73
65,185,0,90,73
66,188,3,90,73
67,189,3,90,73
68,191,4,90,73
69,192,2,90,73
70,198,2,90,73
71,200,2,90,73
72,201,2,90,73
73,203,5,90,73
74,204,0,90,73
75,205,10,90,73
76,207,10,90,73
77,210,3,90,73
78,211,8,90,73
79,214,2,90,73
80,217,3,90,73
81,219,6,90,73
82,222,3,90,73
83,224,3,90,73
84,230,5,90,73
85,231,6,90,73
86,232,2,90,73
87,235,6,90,73
88,236,6,90,73
89,238,6,90,73
90,240,7,90,73
91,241,4,90,73
92,244,1,90,73
93,247,2,90,73
94,248,1,90,73
95,251,2,90,73
96,252,6,90,73
97,263,6,90,73
98,264,3,90,73
99,265,3,90,73
100,267,6,90,73
101,268,2,90,73
102,272,5,90,73
103,278,4,90,73
104,284,6,90,73
105,291,2,90,73
106,293,2,90,73
107,295,2,90,73
108,296,2,90,73
109,300,2,90,73
110,301,2,90,73
111,305,2,90,73
112,311,1,90,73
113,316,7,90,73
114,321,2,90,73
115,323,4,90,73
116,325,1,90,73
117,326,4,90,73
118,328,2,90,73
119,329,2,90,73
120,336,2,90,73
121,337,1,90,73
122,338,2,90,73
123,339,4,90,73
124,340,2,90,73
125,342,2,90,73
126,347,2,90,73
127,348,5,90,73
128,350,2,90,73
129,351,7,90,73
130,354,2,90,73
131,355,4,90,73
132,356,2,90,73
133,361,2,90,73
134,362,2,90,73
135,364,14,90,73
136,366,5,90,73
137,368,6,90,73
138,369,9,90,73
139,372,13,90,73
140,375,2,90,73
141,380,15,90,73
142,383,6,90,73
143,385,3,90,73
144,388,2,90,73
145,389,6,90,73
146,394,3,90,73
147,395,12,90,73
148,398,6,90,73
149,399,6,90,73
150,401,6,90,73
151,403,3,90,73
152,404,9,90,73
153,409,6,90,73
154,413,6,90,73
155,415,6,90,73
156,417,3,90,73
157,422,2,90,73
158,423,2,90,73
159,424,6,90,73
160,432,2,90,73
161,434,5,90,73
162,436,2,90,73
163,437,2,90,73
164,443,5,90,73
165,449,2,90,73
166,455,6,90,73
167,461,6,90,73
168,472,6,90,73
169,474,6,90,73
170,476,7,90,73
171,482,3,90,73
172,492,6,90,73
173,495,9,90,73
174,497,10,90,73
175,498,6,90,73
176,499,3,90,73
177,501,2,90,73
178,503,7,90,73
179,505,6,90,73
180,508,6,90,73
181,509,3,90,73
182,511,2,90,73
183,512,2,90,73
184,514,4,90,73
185,515,3,90,73
186,518,3,90,73
187,521,2,90,73
188,524,2,90,73
189,527,7,90,73
190,528,3,90,73
191,530,2,90,73
192,533,0,90,73
193,535,2,90,73
194,541,9,90,73
195,542,0,90,73
196,553,2,90,73
197,557,2,90,73
198,559,0,90,73
199,560,2,90,73
200,564,0,90,73
201,566,2,90,73
202,567,2,90,73
203,568,8,90,73
204,570,2,90,73
205,573,2,90,73
206,579,1,90,73
207,588,2,90,73
208,591,2,90,73
209,592,2,90,73
210,593,6,90,73
211,600,2,90,73
212,611,8,90,73
213,618,2,90,73
214,622,2,90,73
215,623,3,90,73
216,630,6,90,73
217,633,2,90,73
218,650,2,90,73
219,651,3,90,73
0,3,8,90,74
1,4,16,90,74
2,6,2,90,74
3,8,2,90,74
4,10,3,90,74
5,11,9,90,74
6,14,6,90,74
7,15,3,90,74
8,16,2,90,74
9,17,12,90,74
10,18,2,90,74
11,19,3,90,74
12,20,5,90,74
13,23,5,90,74
14,26,2,90,74
15,36,6,90,74
16,42,3,90,74
17,44,6,90,74
18,45,6,90,74
19,47,6,90,74
20,48,6,90,74
21,52,6,90,74
22,53,6,90,74
23,54,3,90,74
24,58,6,90,74
25,60,2,90,74
26,63,2,90,74
27,64,2,90,74
28,70,1,90,74
29,78,2,90,74
30,79,1,90,74
31,82,3,90,74
32,83,2,90,74
33,84,4,90,74
34,85,1,90,74
35,88,2,90,74
36,89,2,90,74
37,91,2,90,74
38,94,2,90,74
39,95,2,90,74
40,98,2,90,74
41,99,2,90,74
42,104,2,90,74
43,106,2,90,74
44,110,2,90,74
45,115,2,90,74
46,126,2,90,74
47,128,2,90,74
48,131,2,90,74
49,136,2,90,74
50,144,2,90,74
51,145,2,90,74
52,146,2,90,74
53,148,4,90,74
54,157,5,90,74
55,159,2,90,74
56,162,6,90,74
57,168,3,90,74
58,171,6,90,74
59,172,6,90,74
60,177,3,90,74
61,180,9,90,74
62,182,3,90,74
63,185,6,90,74
64,188,3,90,74
65,189,6,90,74
66,191,6,90,74
67,200,2,90,74
68,201,2,90,74
69,203,2,90,74
70,204,2,90,74
71,205,4,90,74
72,207,5,90,74
73,211,2,90,74
74,214,2,90,74
75,219,2,90,74
76,220,2,90,74
77,221,2,90,74
78,224,5,90,74
79,231,2,90,74
80,232,2,90,74
81,233,3,90,74
82,235,2,90,74
83,236,2,90,74
84,238,2,90,74
85,239,8,90,74
86,241,6,90,74
87,247,8,90,74
88,248,6,90,74
89,255,7,90,74
90,257,6,90,74
91,263,2,90,74
92,264,2,90,74
93,267,1,90,74
94,272,2,90,74
95,274,4,90,74
96,284,1,90,74
97,290,3,90,74
98,291,9,90,74
99,293,6,90,74
100,295,12,90,74
101,296,6,90,74
102,300,3,90,74
103,301,6,90,74
104,305,6,90,74
105,306,9,90,74
106,311,9,90,74
107,313,6,90,74
108,316,2,90,74
109,323,3,90,74
110,325,6,90,74
111,326,7,90,74
112,328,8,90,74
113,329,3,90,74
114,335,6,90,74
115,337,6,90,74
116,338,2,90,74
117,339,9,90,74
118,341,6,90,74
119,342,3,90,74
120,347,6,90,74
121,348,15,90,74
122,350,10,90,74
123,351,8,90,74
124,356,3,90,74
125,357,3,90,74
126,362,6,90,74
127,366,2,90,74
128,368,2,90,74
129,369,2,90,74
130,372,2,90,74
131,376,2,90,74
132,378,2,90,74
133,380,2,90,74
134,383,2,90,74
135,385,2,90,74
136,388,9,90,74
137,391,2,90,74
138,392,5,90,74
139,394,7,90,74
140,395,0,90,74
141,398,2,90,74
142,399,0,90,74
143,401,5,90,74
144,413,0,90,74
145,415,0,90,74
146,417,4,90,74
147,420,2,90,74
148,422,2,90,74
149,424,3,90,74
150,425,2,90,74
151,436,2,90,74
152,437,2,90,74
153,443,2,90,74
154,449,2,90,74
155,455,12,90,74
156,461,6,90,74
157,463,4,90,74
158,474,8,90,74
159,475,6,90,74
160,476,6,90,74
161,481,2,90,74
162,482,2,90,74
163,486,2,90,74
164,489,2,90,74
165,491,4,90,74
166,492,2,90,74
167,495,2,90,74
168,501,3,90,74
169,505,2,90,74
170,508,2,90,74
171,509,2,90,74
172,511,3,90,74
173,512,2,90,74
174,514,11,90,74
175,518,3,90,74
176,520,6,90,74
177,521,6,90,74
178,524,6,90,74
179,530,3,90,74
180,533,2,90,74
181,535,2,90,74
182,541,6,90,74
183,542,2,90,74
184,553,2,90,74
185,559,2,90,74
186,560,4,90,74
187,564,2,90,74
188,566,2,90,74
189,567,3,90,74
190,568,1,90,74
191,570,6,90,74
192,573,2,90,74
193,577,2,90,74
194,579,6,90,74
195,585,2,90,74
196,588,3,90,74
197,591,6,90,74
198,592,1,90,74
199,593,2,90,74
200,596,2,90,74
201,597,5,90,74
202,600,2,90,74
203,608,3,90,74
204,611,2,90,74
205,617,2,90,74
206,618,2,90,74
207,619,2,90,74
208,620,4,90,74
209,622,6,90,74
210,623,6,90,74
211,625,8,90,74
212,630,1,90,74
213,631,2,90,74
214,650,2,90,74
215,651,2,90,74
216,652,2,90,74
217,654,3,90,74
218,10001,6,90,74
219,10149,5,90,74
0,4,4,90,75
1,6,1,90,75
2,8,7,90,75
3,9,6,90,75
4,11,2,90,75
5,14,1,90,75
6,15,1,90,75
7,16,2,90,75
8,17,10,90,75
9,18,10,90,75
10,23,7,90,75
11,24,7,90,75
12,27,5,90,75
13,28,2,90,75
14,32,2,90,75
15,35,2,90,75
16,36,2,90,75
17,38,2,90,75
18,44,2,90,75
19,47,2,90,75
20,52,2,90,75
21,54,5,90,75
22,57,2,90,75
23,58,4,90,75
24,59,1,90,75
25,60,2,90,75
26,63,2,90,75
27,65,2,90,75
28,71,2,90,75
29,76,7,90,75
30,78,2,90,75
31,79,1,90,75
32,81,1,90,75
33,82,6,90,75
34,84,1,90,75
35,88,2,90,75
36,89,2,90,75
37,91,2,90,75
38,94,2,90,75
39,98,2,90,75
40,99,10,90,75
41,101,2,90,75
42,104,2,90,75
43,106,5,90,75
44,115,7,90,75
45,117,3,90,75
46,120,1,90,75
47,122,1,90,75
48,126,5,90,75
49,135,2,90,75
50,136,5,90,75
51,144,7,90,75
52,145,1,90,75
53,146,1,90,75
54,148,2,90,75
55,159,2,90,75
56,162,6,90,75
57,163,6,90,75
58,171,6,90,75
59,174,3,90,75
60,177,6,90,75
61,180,8,90,75
62,182,3,90,75
63,185,6,90,75
64,189,6,90,75
65,191,2,90,75
66,200,2,90,75
67,201,2,90,75
68,203,2,90,75
69,204,2,90,75
70,205,4,90,75
71,207,9,90,75
72,210,2,90,75
73,211,2,90,75
74,217,7,90,75
75,220,5,90,75
76,221,2,90,75
77,224,2,90,75
78,230,2,90,75
79,231,2,90,75
80,232,9,90,75
81,235,2,90,75
82,236,2,90,75
83,239,2,90,75
84,240,6,90,75
85,241,2,90,75
86,247,2,90,75
87,248,4,90,75
88,251,2,90,75
89,252,6,90,75
90,255,2,90,75
91,257,2,90,75
92,263,2,90,75
93,265,2,90,75
94,267,2,90,75
95,268,3,90,75
96,278,2,90,75
97,284,2,90,75
98,291,9,90,75
99,293,6,90,75
100,295,6,90,75
101,298,3,90,75
102,300,3,90,75
103,301,6,90,75
104,306,2,90,75
105,311,1,90,75
106,314,2,90,75
107,316,8,90,75
108,321,5,90,75
109,323,2,90,75
110,324,2,90,75
111,325,3,90,75
112,326,1,90,75
113,328,18,90,75
114,329,2,90,75
115,337,1,90,75
116,338,2,90,75
117,339,1,90,75
118,340,2,90,75
119,342,2,90,75
120,347,5,90,75
121,348,2,90,75
122,350,5,90,75
123,351,3,90,75
124,355,8,90,75
125,356,2,90,75
126,359,2,90,75
127,361,2,90,75
128,366,2,90,75
129,368,2,90,75
130,369,2,90,75
131,372,3,90,75
132,382,2,90,75
133,383,2,90,75
134,385,2,90,75
135,388,2,90,75
136,389,2,90,75
137,392,2,90,75
138,394,8,90,75
139,395,0,90,75
140,398,2,90,75
141,401,10,90,75
142,402,2,90,75
143,404,0,90,75
144,405,0,90,75
145,409,0,90,75
146,413,0,90,75
147,415,0,90,75
148,422,1,90,75
149,423,2,90,75
150,425,1,90,75
151,431,2,90,75
152,432,2,90,75
153,434,7,90,75
154,436,1,90,75
155,443,1,90,75
156,447,5,90,75
157,449,2,90,75
158,452,2,90,75
159,455,1,90,75
160,461,1,90,75
161,474,7,90,75
162,475,1,90,75
163,476,3,90,75
164,481,3,90,75
165,486,6,90,75
166,491,3,90,75
167,492,3,90,75
168,494,3,90,75
169,495,7,90,75
170,497,2,90,75
171,501,3,90,75
172,503,6,90,75
173,505,6,90,75
174,508,6,90,75
175,511,2,90,75
176,512,12,90,75
177,514,5,90,75
178,516,2,90,75
179,518,3,90,75
180,520,5,90,75
181,521,3,90,75
182,524,2,90,75
183,527,2,90,75
184,533,5,90,75
185,535,2,90,75
186,541,3,90,75
187,543,2,90,75
188,544,2,90,75
189,553,2,90,75
190,559,2,90,75
191,560,3,90,75
192,564,2,90,75
193,566,6,90,75
194,567,2,90,75
195,568,2,90,75
196,570,3,90,75
197,573,1,90,75
198,577,2,90,75
199,585,5,90,75
200,588,2,90,75
201,591,2,90,75
202,593,2,90,75
203,594,2,90,75
204,607,7,90,75
205,608,2,90,75
206,611,4,90,75
207,617,7,90,75
208,618,2,90,75
209,619,2,90,75
210,621,3,90,75
211,622,2,90,75
212,623,2,90,75
213,625,5,90,75
214,630,2,90,75
215,635,8,90,75
216,650,2,90,75
217,651,2,90,75
218,652,2,90,75
219,657,1,90,75
0,3,3,90,76
1,4,2,90,76
2,6,2,90,76
3,9,5,90,76
4,10,6,90,76
5,11,13,90,76
6,14,6,90,76
7,15,2,90,76
8,16,2,90,76
9,17,2,90,76
10,18,4,90,76
11,19,3,90,76
12,20,2,90,76
13,24,2,90,76
14,26,2,90,76
15,27,2,90,76
16,32,1,90,76
17,36,1,90,76
18,38,2,90,76
19,42,2,90,76
20,44,1,90,76
21,47,1,90,76
22,48,2,90,76
23,52,1,90,76
24,54,2,90,76
25,57,2,90,76
26,63,3,90,76
27,64,2,90,76
28,65,2,90,76
29,70,1,90,76
30,74,2,90,76
31,78,2,90,76
32,79,1,90,76
33,82,5,90,76
34,83,2,90,76
35,84,1,90,76
36,85,1,90,76
37,86,2,90,76
38,88,2,90,76
39,91,2,90,76
40,94,2,90,76
41,98,2,90,76
42,99,4,90,76
43,101,2,90,76
44,104,2,90,76
45,106,2,90,76
46,110,2,90,76
47,115,2,90,76
48,117,2,90,76
49,122,1,90,76
50,126,5,90,76
51,128,1,90,76
52,129,2,90,76
53,131,1,90,76
54,136,7,90,76
55,144,1,90,76
56,146,1,90,76
57,148,5,90,76
58,153,1,90,76
59,157,2,90,76
60,159,6,90,76
61,162,1,90,76
62,171,4,90,76
63,174,2,90,76
64,177,7,90,76
65,180,2,90,76
66,182,2,90,76
67,185,3,90,76
68,189,1,90,76
69,191,6,90,76
70,198,6,90,76
71,200,6,90,76
72,201,6,90,76
73,203,11,90,76
74,204,0,90,76
75,205,6,90,76
76,207,10,90,76
77,210,6,90,76
78,211,7,90,76
79,217,2,90,76
80,219,2,90,76
81,220,5,90,76
82,224,2,90,76
83,230,2,90,76
84,231,1,90,76
85,232,2,90,76
86,233,2,90,76
87,234,1,90,76
88,235,1,90,76
89,236,1,90,76
90,240,4,90,76
91,241,6,90,76
92,247,3,90,76
93,248,6,90,76
94,252,6,90,76
95,254,3,90,76
96,257,6,90,76
97,263,0,90,76
98,264,5,90,76
99,267,3,90,76
100,274,9,90,76
101,275,0,90,76
102,278,2,90,76
103,290,2,90,76
104,291,2,90,76
105,293,2,90,76
106,295,2,90,76
107,296,2,90,76
108,300,12,90,76
109,301,5,90,76
110,306,9,90,76
111,313,2,90,76
112,316,2,90,76
113,321,6,90,76
114,323,5,90,76
115,325,3,90,76
116,326,2,90,76
117,328,7,90,76
118,329,5,90,76
119,336,2,90,76
120,337,2,90,76
121,338,2,90,76
122,339,4,90,76
123,340,6,90,76
124,347,6,90,76
125,348,16,90,76
126,350,6,90,76
127,351,7,90,76
128,354,3,90,76
129,355,6,90,76
130,356,3,90,76
131,359,3,90,76
132,362,6,90,76
133,364,8,90,76
134,366,7,90,76
135,368,2,90,76
136,369,2,90,76
137,375,6,90,76
138,380,2,90,76
139,383,2,90,76
140,385,3,90,76
141,388,2,90,76
142,392,3,90,76
143,394,3,90,76
144,395,6,90,76
145,398,6,90,76
146,399,6,90,76
147,401,6,90,76
148,403,3,90,76
149,409,6,90,76
150,413,6,90,76
151,415,6,90,76
152,417,3,90,76
153,422,5,90,76
154,431,2,90,76
155,432,2,90,76
156,433,7,90,76
157,434,3,90,76
158,436,2,90,76
159,443,2,90,76
160,449,2,90,76
161,453,10,90,76
162,455,6,90,76
163,461,6,90,76
164,463,3,90,76
165,467,6,90,76
166,470,2,90,76
167,474,8,90,76
168,482,3,90,76
169,484,6,90,76
170,486,6,90,76
171,491,15,90,76
172,492,7,90,76
173,494,6,90,76
174,495,6,90,76
175,498,6,90,76
176,505,6,90,76
177,508,6,90,76
178,511,2,90,76
179,512,2,90,76
180,514,7,90,76
181,517,2,90,76
182,518,3,90,76
183,520,2,90,76
184,521,2,90,76
185,524,2,90,76
186,527,5,90,76
187,533,0,90,76
188,541,2,90,76
189,542,0,90,76
190,553,2,90,76
191,557,2,90,76
192,559,0,90,76
193,560,5,90,76
194,564,0,90,76
195,565,2,90,76
196,566,5,90,76
197,567,0,90,76
198,568,0,90,76
199,571,3,90,76
200,573,4,90,76
201,583,0,90,76
202,585,3,90,76
203,587,2,90,76
204,591,2,90,76
205,593,2,90,76
206,594,2,90,76
207,596,5,90,76
208,617,2,90,76
209,618,2,90,76
210,622,6,90,76
211,623,3,90,76
212,625,3,90,76
213,630,0,90,76
214,631,2,90,76
215,633,2,90,76
216,635,5,90,76
217,650,6,90,76
218,651,2,90,76
219,652,2,90,76
0,3,9,90,77
1,4,6,90,77
2,6,9,90,77
3,12,3,90,77
4,14,0,90,77
5,15,6,90,77
6,16,9,90,77
7,17,8,90,77
8,18,12,90,77
9,19,6,90,77
10,20,3,90,77
11,23,16,90,77
12,26,1,90,77
13,27,7,90,77
14,32,1,90,77
15,35,1,90,77
16,44,1,90,77
17,47,1,90,77
18,48,2,90,77
19,49,1,90,77
20,53,2,90,77
21,54,5,90,77
22,58,6,90,77
23,63,2,90,77
24,64,2,90,77
25,70,1,90,77
26,71,5,90,77
27,79,1,90,77
28,81,3,90,77
29,82,8,90,77
30,83,2,90,77
31,84,1,90,77
32,85,7,90,77
33,88,1,90,77
34,91,1,90,77
35,94,2,90,77
36,95,7,90,77
37,98,2,90,77
38,99,7,90,77
39,101,2,90,77
40,104,1,90,77
41,106,7,90,77
42,110,5,90,77
43,113,2,90,77
44,115,2,90,77
45,117,2,90,77
46,122,1,90,77
47,126,2,90,77
48,128,1,90,77
49,136,2,90,77
50,145,1,90,77
51,146,1,90,77
52,148,2,90,77
53,157,2,90,77
54,159,6,90,77
55,162,3,90,77
56,163,2,90,77
57,168,2,90,77
58,171,5,90,77
59,174,2,90,77
60,177,7,90,77
61,180,2,90,77
62,182,9,90,77
63,185,2,90,77
64,189,2,90,77
65,191,1,90,77
66,192,3,90,77
67,198,6,90,77
68,200,6,90,77
69,201,8,90,77
70,203,3,90,77
71,204,2,90,77
72,205,8,90,77
73,207,2,90,77
74,210,6,90,77
75,211,9,90,77
76,214,3,90,77
77,218,9,90,77
78,219,1,90,77
79,220,2,90,77
80,230,7,90,77
81,231,4,90,77
82,232,14,90,77
83,233,2,90,77
84,235,1,90,77
85,236,7,90,77
86,238,1,90,77
87,239,10,90,77
88,240,2,90,77
89,241,1,90,77
90,247,4,90,77
91,248,1,90,77
92,252,6,90,77
93,255,1,90,77
94,259,2,90,77
95,263,2,90,77
96,267,2,90,77
97,274,2,90,77
98,275,5,90,77
99,278,4,90,77
100,284,2,90,77
101,291,2,90,77
102,293,2,90,77
103,295,2,90,77
104,300,2,90,77
105,301,2,90,77
106,306,5,90,77
107,311,9,90,77
108,316,3,90,77
109,321,2,90,77
110,325,6,90,77
111,326,6,90,77
112,327,3,90,77
113,328,8,90,77
114,329,6,90,77
115,336,11,90,77
116,337,8,90,77
117,338,1,90,77
118,339,6,90,77
119,340,2,90,77
120,342,8,90,77
121,347,2,90,77
122,348,3,90,77
123,350,5,90,77
124,354,7,90,77
125,355,2,90,77
126,356,2,90,77
127,359,2,90,77
128,362,2,90,77
129,366,2,90,77
130,368,2,90,77
131,369,1,90,77
132,372,2,90,77
133,375,2,90,77
134,377,1,90,77
135,380,1,90,77
136,383,1,90,77
137,385,2,90,77
138,388,7,90,77
139,389,9,90,77
140,392,5,90,77
141,394,2,90,77
142,395,0,90,77
143,399,0,90,77
144,401,3,90,77
145,404,0,90,77
146,409,2,90,77
147,410,2,90,77
148,413,0,90,77
149,415,0,90,77
150,420,2,90,77
151,422,1,90,77
152,423,5,90,77
153,431,2,90,77
154,432,6,90,77
155,434,7,90,77
156,436,1,90,77
157,443,1,90,77
158,447,14,90,77
159,449,5,90,77
160,452,2,90,77
161,455,0,90,77
162,463,2,90,77
163,470,2,90,77
164,474,3,90,77
165,475,0,90,77
166,476,0,90,77
167,484,1,90,77
168,486,1,90,77
169,491,7,90,77
170,492,8,90,77
171,494,3,90,77
172,498,4,90,77
173,499,7,90,77
174,501,2,90,77
175,503,2,90,77
176,504,1,90,77
177,508,1,90,77
178,511,2,90,77
179,512,6,90,77
180,514,2,90,77
181,520,1,90,77
182,521,1,90,77
183,524,1,90,77
184,527,7,90,77
185,530,5,90,77
186,533,3,90,77
187,541,2,90,77
188,542,2,90,77
189,548,2,90,77
190,553,2,90,77
191,557,2,90,77
192,559,2,90,77
193,564,2,90,77
194,566,2,90,77
195,567,2,90,77
196,568,2,90,77
197,569,7,90,77
198,571,7,90,77
199,573,1,90,77
200,577,8,90,77
201,585,3,90,77
202,591,1,90,77
203,592,1,90,77
204,593,1,90,77
205,608,7,90,77
206,611,10,90,77
207,617,2,90,77
208,618,2,90,77
209,619,2,90,77
210,622,5,90,77
211,623,2,90,77
212,625,2,90,77
213,628,1,90,77
214,630,2,90,77
215,633,3,90,77
216,635,2,90,77
217,650,6,90,77
218,651,2,90,77
219,654,5,90,77
0,3,1,90,78
1,4,7,90,78
2,6,1,90,78
3,8,1,90,78
4,9,2,90,78
5,14,6,90,78
6,15,2,90,78
7,16,7,90,78
8,17,2,90,78
9,18,1,90,78
10,19,3,90,78
11,24,1,90,78
12,26,6,90,78
13,27,4,90,78
14,36,1,90,78
15,42,2,90,78
16,44,1,90,78
17,47,2,90,78
18,48,2,90,78
19,52,1,90,78
20,54,4,90,78
21,57,2,90,78
22,58,6,90,78
23,63,3,90,78
24,64,3,90,78
25,65,2,90,78
26,70,6,90,78
27,71,3,90,78
28,78,3,90,78
29,79,8,90,78
30,81,6,90,78
31,82,6,90,78
32,84,6,90,78
33,85,6,90,78
34,88,2,90,78
35,89,2,90,78
36,91,2,90,78
37,95,2,90,78
38,98,2,90,78
39,99,2,90,78
40,101,2,90,78
41,104,2,90,78
42,106,2,90,78
43,110,4,90,78
44,115,2,90,78
45,117,4,90,78
46,120,1,90,78
47,128,1,90,78
48,144,1,90,78
49,145,1,90,78
50,146,1,90,78
51,148,2,90,78
52,149,2,90,78
53,157,7,90,78
54,159,6,90,78
55,162,2,90,78
56,163,2,90,78
57,172,5,90,78
58,177,2,90,78
59,180,6,90,78
60,181,3,90,78
61,182,7,90,78
62,185,2,90,78
63,186,2,90,78
64,189,2,90,78
65,192,2,90,78
66,200,7,90,78
67,201,6,90,78
68,203,3,90,78
69,204,6,90,78
70,205,3,90,78
71,207,4,90,78
72,210,6,90,78
73,211,6,90,78
74,214,3,90,78
75,217,4,90,78
76,219,6,90,78
77,222,3,90,78
78,224,3,90,78
79,228,6,90,78
80,231,6,90,78
81,232,2,90,78
82,233,2,90,78
83,235,6,90,78
84,236,6,90,78
85,238,6,90,78
86,239,6,90,78
87,241,6,90,78
88,247,3,90,78
89,248,7,90,78
90,252,6,90,78
91,254,3,90,78
92,255,9,90,78
93,257,6,90,78
94,258,2,90,78
95,262,2,90,78
96,263,1,90,78
97,264,2,90,78
98,265,10,90,78
99,267,4,90,78
100,268,10,90,78
101,274,2,90,78
102,284,1,90,78
103,289,6,90,78
104,291,1,90,78
105,293,1,90,78
106,295,2,90,78
107,298,7,90,78
108,300,2,90,78
109,301,1,90,78
110,306,5,90,78
111,309,5,90,78
112,313,12,90,78
113,316,7,90,78
114,320,3,90,78
115,323,3,90,78
116,324,3,90,78
117,325,6,90,78
118,326,6,90,78
119,328,6,90,78
120,329,6,90,78
121,337,6,90,78
122,338,2,90,78
123,339,8,90,78
124,340,6,90,78
125,341,6,90,78
126,347,6,90,78
127,348,6,90,78
128,351,3,90,78
129,356,3,90,78
130,357,3,90,78
131,361,6,90,78
132,362,6,90,78
133,366,5,90,78
134,368,7,90,78
135,369,1,90,78
136,370,2,90,78
137,372,2,90,78
138,380,4,90,78
139,382,2,90,78
140,383,1,90,78
141,385,2,90,78
142,388,1,90,78
143,391,2,90,78
144,394,13,90,78
145,395,5,90,78
146,398,2,90,78
147,399,2,90,78
148,401,6,90,78
149,403,2,90,78
150,409,2,90,78
151,413,2,90,78
152,415,2,90,78
153,417,2,90,78
154,422,6,90,78
155,423,3,90,78
156,430,6,90,78
157,432,3,90,78
158,434,3,90,78
159,436,6,90,78
160,443,6,90,78
161,447,6,90,78
162,449,3,90,78
163,452,3,90,78
164,455,6,90,78
165,461,6,90,78
166,470,2,90,78
167,474,9,90,78
168,476,6,90,78
169,480,2,90,78
170,481,5,90,78
171,486,2,90,78
172,492,7,90,78
173,494,5,90,78
174,495,2,90,78
175,497,5,90,78
176,498,2,90,78
177,499,2,90,78
178,508,2,90,78
179,511,2,90,78
180,512,2,90,78
181,514,2,90,78
182,518,3,90,78
183,520,1,90,78
184,521,3,90,78
185,524,1,90,78
186,527,3,90,78
187,533,6,90,78
188,535,3,90,78
189,541,2,90,78
190,542,9,90,78
191,553,3,90,78
192,559,6,90,78
193,560,2,90,78
194,563,3,90,78
195,565,3,90,78
196,566,2,90,78
197,568,1,90,78
198,569,2,90,78
199,571,3,90,78
200,573,9,90,78
201,577,3,90,78
202,585,3,90,78
203,587,2,90,78
204,588,2,90,78
205,591,1,90,78
206,593,1,90,78
207,594,1,90,78
208,595,2,90,78
209,600,2,90,78
210,607,3,90,78
211,608,3,90,78
212,617,2,90,78
213,619,2,90,78
214,622,3,90,78
215,623,3,90,78
216,628,1,90,78
217,630,1,90,78
218,650,6,90,78
219,655,3,90,78
0,3,8,90,79
1,4,4,90,79
2,6,4,90,79
3,10,3,90,79
4,11,2,90,79
5,14,2,90,79
6,15,1,90,79
7,16,2,90,79
8,17,2,90,79
9,18,7,90,79
10,19,3,90,79
11,20,2,90,79
12,23,2,90,79
13,24,1,90,79
14,25,4,90,79
15,26,6,90,79
16,27,4,90,79
17,32,1,90,79
18,38,5,90,79
19,42,2,90,79
20,44,1,90,79
21,47,1,90,79
22,48,2,90,79
23,52,1,90,79
24,53,2,90,79
25,54,2,90,79
26,57,5,90,79
27,58,13,90,79
28,60,2,90,79
29,64,2,90,79
30,70,0,90,79
31,71,7,90,79
32,74,2,90,79
33,76,5,90,79
34,78,4,90,79
35,81,0,90,79
36,84,3,90,79
37,85,0,90,79
38,88,6,90,79
39,91,6,90,79
40,94,3,90,79
41,95,3,90,79
42,98,3,90,79
43,99,3,90,79
44,100,6,90,79
45,101,4,90,79
46,104,6,90,79
47,106,3,90,79
48,113,12,90,79
49,115,2,90,79
50,117,3,90,79
51,122,1,90,79
52,128,1,90,79
53,129,2,90,79
54,136,5,90,79
55,144,1,90,79
56,146,1,90,79
57,148,6,90,79
58,149,2,90,79
59,157,2,90,79
60,159,1,90,79
61,162,1,90,79
62,168,2,90,79
63,171,1,90,79
64,177,2,90,79
65,179,2,90,79
66,180,2,90,79
67,182,2,90,79
68,185,1,90,79
69,188,2,90,79
70,189,7,90,79
71,191,6,90,79
72,200,2,90,79
73,201,1,90,79
74,203,2,90,79
75,204,2,90,79
76,205,2,90,79
77,207,8,90,79
78,210,1,90,79
79,214,5,90,79
80,217,5,90,79
81,219,2,90,79
82,222,2,90,79
83,224,2,90,79
84,230,10,90,79
85,231,2,90,79
86,235,2,90,79
87,236,2,90,79
88,238,2,90,79
89,240,6,90,79
90,241,8,90,79
91,247,3,90,79
92,248,6,90,79
93,252,2,90,79
94,255,6,90,79
95,257,6,90,79
96,264,2,90,79
97,265,3,90,79
98,267,2,90,79
99,268,4,90,79
100,274,5,90,79
101,284,2,90,79
102,291,6,90,79
103,293,6,90,79
104,295,6,90,79
105,298,8,90,79
106,300,3,90,79
107,301,6,90,79
108,302,6,90,79
109,306,2,90,79
110,309,3,90,79
111,311,4,90,79
112,316,10,90,79
113,323,3,90,79
114,324,8,90,79
115,325,1,90,79
116,326,1,90,79
117,328,9,90,79
118,329,5,90,79
119,335,1,90,79
120,336,2,90,79
121,338,6,90,79
122,339,1,90,79
123,341,2,90,79
124,342,10,90,79
125,347,2,90,79
126,348,12,90,79
127,351,6,90,79
128,354,7,90,79
129,356,7,90,79
130,359,2,90,79
131,361,2,90,79
132,362,2,90,79
133,366,4,90,79
134,368,3,90,79
135,369,2,90,79
136,370,2,90,79
137,371,2,90,79
138,372,7,90,79
139,375,12,90,79
140,380,2,90,79
141,383,2,90,79
142,385,2,90,79
143,388,1,90,79
144,392,13,90,79
145,394,2,90,79
146,395,4,90,79
147,397,2,90,79
148,398,7,90,79
149,401,2,90,79
150,404,1,90,79
151,409,1,90,79
152,410,7,90,79
153,413,4,90,79
154,415,1,90,79
155,417,2,90,79
156,422,6,90,79
157,424,6,90,79
158,431,3,90,79
159,432,3,90,79
160,433,6,90,79
161,443,6,90,79
162,447,6,90,79
163,449,6,90,79
164,452,2,90,79
165,455,2,90,79
166,456,2,90,79
167,461,3,90,79
168,476,5,90,79
169,480,2,90,79
170,484,1,90,79
171,486,1,90,79
172,491,8,90,79
173,492,10,90,79
174,494,2,90,79
175,497,4,90,79
176,499,2,90,79
177,501,6,90,79
178,503,12,90,79
179,505,2,90,79
180,508,1,90,79
181,512,2,90,79
182,514,4,90,79
183,520,1,90,79
184,521,1,90,79
185,523,2,90,79
186,524,1,90,79
187,527,2,90,79
188,530,2,90,79
189,533,5,90,79
190,541,2,90,79
191,543,2,90,79
192,548,7,90,79
193,553,2,90,79
194,557,2,90,79
195,559,2,90,79
196,560,5,90,79
197,564,2,90,79
198,566,9,90,79
199,568,2,90,79
200,571,2,90,79
201,573,7,90,79
202,577,2,90,79
203,583,2,90,79
204,584,7,90,79
205,585,2,90,79
206,588,2,90,79
207,594,2,90,79
208,596,3,90,79
209,617,2,90,79
210,618,5,90,79
211,622,3,90,79
212,623,2,90,79
213,625,2,90,79
214,630,2,90,79
215,631,2,90,79
216,650,1,90,79
217,651,2,90,79
218,654,2,90,79
219,655,5,90,79
0,2,2,90,80
1,4,6,90,80
2,6,2,90,80
3,8,2,90,80
4,9,11,90,80
5,11,5,90,80
6,14,1,90,80
7,15,2,90,80
8,17,17,90,80
9,18,2,90,80
10,19,5,90,80
11,20,8,90,80
12,23,2,90,80
13,26,3,90,80
14,27,2,90,80
15,28,2,90,80
16,32,1,90,80
17,44,1,90,80
18,47,1,90,80
19,48,2,90,80
20,52,1,90,80
21,53,2,90,80
22,54,2,90,80
23,57,2,90,80
24,58,2,90,80
25,60,2,90,80
26,63,2,90,80
27,64,2,90,80
28,70,2,90,80
29,71,7,90,80
30,76,2,90,80
31,78,5,90,80
32,81,2,90,80
33,82,2,90,80
34,83,2,90,80
35,84,2,90,80
36,85,2,90,80
37,88,1,90,80
38,91,1,90,80
39,94,5,90,80
40,95,2,90,80
41,98,7,90,80
42,99,5,90,80
43,100,1,90,80
44,101,2,90,80
45,104,3,90,80
46,110,2,90,80
47,115,2,90,80
48,117,2,90,80
49,122,0,90,80
50,128,0,90,80
51,136,2,90,80
52,144,0,90,80
53,145,0,90,80
54,146,0,90,80
55,148,5,90,80
56,149,2,90,80
57,157,2,90,80
58,159,6,90,80
59,162,1,90,80
60,168,4,90,80
61,171,1,90,80
62,172,1,90,80
63,180,5,90,80
64,181,10,90,80
65,182,10,90,80
66,185,1,90,80
67,186,2,90,80
68,187,1,90,80
69,189,1,90,80
70,191,1,90,80
71,192,2,90,80
72,200,6,90,80
73,201,6,90,80
74,203,5,90,80
75,204,2,90,80
76,205,6,90,80
77,210,6,90,80
78,211,13,90,80
79,214,3,90,80
80,217,9,90,80
81,219,1,90,80
82,220,2,90,80
83,224,2,90,80
84,230,7,90,80
85,231,1,90,80
86,232,5,90,80
87,233,2,90,80
88,235,1,90,80
89,236,1,90,80
90,238,1,90,80
91,239,2,90,80
92,240,7,90,80
93,241,4,90,80
94,247,8,90,80
95,248,1,90,80
96,252,2,90,80
97,255,1,90,80
98,259,2,90,80
99,263,9,90,80
100,265,8,90,80
101,267,6,90,80
102,268,2,90,80
103,274,3,90,80
104,275,6,90,80
105,284,6,90,80
106,291,2,90,80
107,293,4,90,80
108,295,2,90,80
109,296,2,90,80
110,301,2,90,80
111,305,2,90,80
112,306,2,90,80
113,309,3,90,80
114,311,9,90,80
115,314,7,90,80
116,316,10,90,80
117,321,9,90,80
118,323,3,90,80
119,324,8,90,80
120,325,6,90,80
121,327,6,90,80
122,328,8,90,80
123,329,10,90,80
124,336,6,90,80
125,339,6,90,80
126,341,2,90,80
127,342,2,90,80
128,347,2,90,80
129,348,10,90,80
130,350,2,90,80
131,351,3,90,80
132,354,2,90,80
133,355,2,90,80
134,356,2,90,80
135,359,3,90,80
136,361,4,90,80
137,366,13,90,80
138,369,1,90,80
139,371,1,90,80
140,372,2,90,80
141,376,1,90,80
142,377,1,90,80
143,380,1,90,80
144,383,1,90,80
145,385,13,90,80
146,388,6,90,80
147,392,2,90,80
148,394,2,90,80
149,395,0,90,80
150,398,7,90,80
151,399,0,90,80
152,401,3,90,80
153,402,4,90,80
154,409,0,90,80
155,410,2,90,80
156,413,0,90,80
157,415,0,90,80
158,422,2,90,80
159,424,4,90,80
160,431,2,90,80
161,432,2,90,80
162,434,2,90,80
163,436,5,90,80
164,443,2,90,80
165,444,2,90,80
166,449,2,90,80
167,452,2,90,80
168,455,4,90,80
169,461,4,90,80
170,463,3,90,80
171,470,10,90,80
172,474,1,90,80
173,476,1,90,80
174,482,3,90,80
175,486,12,90,80
176,491,4,90,80
177,494,3,90,80
178,495,12,90,80
179,498,6,90,80
180,499,6,90,80
181,501,2,90,80
182,503,6,90,80
183,505,6,90,80
184,508,8,90,80
185,511,3,90,80
186,512,2,90,80
187,514,3,90,80
188,518,2,90,80
189,520,6,90,80
190,521,6,90,80
191,524,12,90,80
192,527,3,90,80
193,530,3,90,80
194,533,2,90,80
195,541,2,90,80
196,542,2,90,80
197,544,2,90,80
198,553,2,90,80
199,557,2,90,80
200,564,2,90,80
201,566,2,90,80
202,567,2,90,80
203,568,6,90,80
204,573,2,90,80
205,585,3,90,80
206,588,3,90,80
207,591,6,90,80
208,593,1,90,80
209,594,1,90,80
210,595,2,90,80
211,618,2,90,80
212,622,2,90,80
213,623,2,90,80
214,625,2,90,80
215,630,6,90,80
216,631,6,90,80
217,650,6,90,80
218,651,5,90,80
219,10149,2,90,80
0,3,2,90,81
1,4,2,90,81
2,6,4,90,81
3,9,7,90,81
4,14,2,90,81
5,15,1,90,81
6,16,2,90,81
7,17,8,90,81
8,18,1,90,81
9,19,2,90,81
10,23,2,90,81
11,24,1,90,81
12,25,7,90,81
13,26,6,90,81
14,42,2,90,81
15,44,1,90,81
16,47,1,90,81
17,48,2,90,81
18,49,1,90,81
19,52,1,90,81
20,53,2,90,81
21,54,5,90,81
22,57,7,90,81
23,58,4,90,81
24,63,2,90,81
25,64,2,90,81
26,70,0,90,81
27,71,2,90,81
28,76,2,90,81
29,78,2,90,81
30,79,0,90,81
31,82,6,90,81
32,83,2,90,81
33,84,0,90,81
34,85,0,90,81
35,88,8,90,81
36,89,3,90,81
37,91,6,90,81
38,94,3,90,81
39,98,8,90,81
40,99,3,90,81
41,101,3,90,81
42,104,6,90,81
43,106,3,90,81
44,110,2,90,81
45,115,2,90,81
46,122,3,90,81
47,126,2,90,81
48,128,2,90,81
49,135,2,90,81
50,136,2,90,81
51,144,2,90,81
52,145,2,90,81
53,146,2,90,81
54,157,4,90,81
55,159,1,90,81
56,162,6,90,81
57,163,6,90,81
58,171,12,90,81
59,172,6,90,81
60,182,3,90,81
61,184,3,90,81
62,185,6,90,81
63,188,2,90,81
64,189,6,90,81
65,191,2,90,81
66,192,3,90,81
67,196,1,90,81
68,200,1,90,81
69,201,1,90,81
70,203,2,90,81
71,204,6,90,81
72,205,2,90,81
73,207,2,90,81
74,210,1,90,81
75,211,1,90,81
76,217,2,90,81
77,219,0,90,81
78,220,2,90,81
79,222,2,90,81
80,224,5,90,81
81,231,0,90,81
82,232,4,90,81
83,233,2,90,81
84,235,0,90,81
85,236,0,90,81
86,239,2,90,81
87,240,3,90,81
88,241,2,90,81
89,247,5,90,81
90,248,2,90,81
91,251,2,90,81
92,252,2,90,81
93,255,2,90,81
94,257,2,90,81
95,263,6,90,81
96,264,5,90,81
97,267,6,90,81
98,272,2,90,81
99,274,3,90,81
100,275,9,90,81
101,277,3,90,81
102,291,2,90,81
103,293,2,90,81
104,295,2,90,81
105,298,2,90,81
106,300,2,90,81
107,301,2,90,81
108,306,5,90,81
109,309,2,90,81
110,316,2,90,81
111,321,2,90,81
112,323,3,90,81
113,325,6,90,81
114,326,6,90,81
115,327,8,90,81
116,328,3,90,81
117,329,3,90,81
118,335,12,90,81
119,336,5,90,81
120,338,6,90,81
121,339,6,90,81
122,340,6,90,81
123,342,6,90,81
124,347,6,90,81
125,348,19,90,81
126,350,9,90,81
127,351,7,90,81
128,354,3,90,81
129,355,14,90,81
130,359,3,90,81
131,361,6,90,81
132,366,5,90,81
133,368,2,90,81
134,369,2,90,81
135,372,2,90,81
136,375,2,90,81
137,380,2,90,81
138,383,2,90,81
139,385,2,90,81
140,388,2,90,81
141,391,5,90,81
142,394,2,90,81
143,395,1,90,81
144,398,2,90,81
145,401,8,90,81
146,402,7,90,81
147,404,1,90,81
148,413,1,90,81
149,415,1,90,81
150,417,2,90,81
151,420,5,90,81
152,422,7,90,81
153,423,3,90,81
154,428,8,90,81
155,431,6,90,81
156,433,3,90,81
157,434,5,90,81
158,437,6,90,81
159,443,6,90,81
160,449,3,90,81
161,452,2,90,81
162,453,6,90,81
163,461,8,90,81
164,463,2,90,81
165,470,10,90,81
166,474,3,90,81
167,476,5,90,81
168,482,7,90,81
169,486,2,90,81
170,491,5,90,81
171,494,6,90,81
172,495,2,90,81
173,497,2,90,81
174,498,8,90,81
175,501,2,90,81
176,503,5,90,81
177,505,2,90,81
178,508,5,90,81
179,512,2,90,81
180,514,2,90,81
181,518,2,90,81
182,520,2,90,81
183,521,2,90,81
184,523,2,90,81
185,524,2,90,81
186,530,2,90,81
187,533,13,90,81
188,535,6,90,81
189,541,5,90,81
190,542,8,90,81
191,553,8,90,81
192,557,3,90,81
193,559,9,90,81
194,560,6,90,81
195,564,6,90,81
196,567,6,90,81
197,568,6,90,81
198,573,9,90,81
199,577,7,90,81
200,585,2,90,81
201,587,2,90,81
202,588,2,90,81
203,593,2,90,81
204,594,4,90,81
205,595,2,90,81
206,608,5,90,81
207,611,8,90,81
208,617,2,90,81
209,618,2,90,81
210,621,3,90,81
211,625,3,90,81
212,630,6,90,81
213,635,2,90,81
214,650,1,90,81
215,651,2,90,81
216,652,2,90,81
217,654,2,90,81
218,10001,9,90,81
219,10149,3,90,81
0,3,2,90,82
1,4,5,90,82
2,6,4,90,82
3,9,7,90,82
4,11,2,90,82
5,14,7,90,82
6,15,2,90,82
7,16,8,90,82
8,17,7,90,82
9,19,12,90,82
10,20,2,90,82
11,23,7,90,82
12,24,2,90,82
13,25,2,90,82
14,26,2,90,82
15,27,6,90,82
16,28,2,90,82
17,32,2,90,82
18,36,2,90,82
19,44,2,90,82
20,47,2,90,82
21,48,2,90,82
22,52,2,90,82
23,53,2,90,82
24,54,2,90,82
25,57,4,90,82
26,58,2,90,82
27,59,0,90,82
28,63,2,90,82
29,64,5,90,82
30,70,0,90,82
31,78,2,90,82
32,79,0,90,82
33,82,2,90,82
34,83,2,90,82
35,84,0,90,82
36,85,0,90,82
37,88,1,90,82
38,89,2,90,82
39,91,1,90,82
40,94,2,90,82
41,95,2,90,82
42,98,2,90,82
43,99,2,90,82
44,101,2,90,82
45,104,7,90,82
46,110,10,90,82
47,115,2,90,82
48,117,2,90,82
49,120,2,90,82
50,122,2,90,82
51,128,2,90,82
52,135,12,90,82
53,136,5,90,82
54,144,2,90,82
55,145,2,90,82
56,146,2,90,82
57,148,6,90,82
58,157,3,90,82
59,159,2,90,82
60,162,6,90,82
61,171,6,90,82
62,172,6,90,82
63,174,3,90,82
64,177,3,90,82
65,180,4,90,82
66,181,3,90,82
67,182,3,90,82
68,185,6,90,82
69,189,6,90,82
70,191,1,90,82
71,200,2,90,82
72,201,4,90,82
73,203,2,90,82
74,204,2,90,82
75,205,7,90,82
76,207,2,90,82
77,210,2,90,82
78,211,5,90,82
79,217,2,90,82
80,219,1,90,82
81,221,1,90,82
82,222,2,90,82
83,230,2,90,82
84,231,1,90,82
85,232,2,90,82
86,235,1,90,82
87,236,3,90,82
88,238,1,90,82
89,239,2,90,82
90,240,2,90,82
91,241,4,90,82
92,247,7,90,82
93,248,1,90,82
94,252,6,90,82
95,255,1,90,82
96,263,6,90,82
97,264,8,90,82
98,267,7,90,82
99,272,2,90,82
100,275,6,90,82
101,277,6,90,82
102,291,2,90,82
103,293,2,90,82
104,295,2,90,82
105,300,5,90,82
106,301,2,90,82
107,306,2,90,82
108,309,2,90,82
109,311,4,90,82
110,316,2,90,82
111,321,4,90,82
112,323,2,90,82
113,324,2,90,82
114,325,1,90,82
115,327,2,90,82
116,328,2,90,82
117,329,8,90,82
118,335,1,90,82
119,338,1,90,82
120,339,4,90,82
121,341,6,90,82
122,342,11,90,82
123,347,8,90,82
124,348,6,90,82
125,350,9,90,82
126,351,17,90,82
127,354,3,90,82
128,355,6,90,82
129,359,3,90,82
130,366,3,90,82
131,369,6,90,82
132,370,3,90,82
133,372,3,90,82
134,375,2,90,82
135,380,9,90,82
136,383,6,90,82
137,385,3,90,82
138,388,2,90,82
139,394,7,90,82
140,395,1,90,82
141,398,2,90,82
142,401,2,90,82
143,403,2,90,82
144,404,1,90,82
145,409,1,90,82
146,413,2,90,82
147,415,1,90,82
148,417,2,90,82
149,420,2,90,82
150,423,2,90,82
151,424,10,90,82
152,434,4,90,82
153,436,2,90,82
154,440,2,90,82
155,443,2,90,82
156,449,2,90,82
157,452,3,90,82
158,453,2,90,82
159,455,6,90,82
160,461,9,90,82
161,474,6,90,82
162,476,12,90,82
163,480,3,90,82
164,486,6,90,82
165,489,6,90,82
166,491,3,90,82
167,494,6,90,82
168,495,7,90,82
169,498,6,90,82
170,501,2,90,82
171,503,8,90,82
172,505,6,90,82
173,508,6,90,82
174,511,5,90,82
175,512,5,90,82
176,514,7,90,82
177,518,3,90,82
178,520,1,90,82
179,521,1,90,82
180,524,1,90,82
181,528,1,90,82
182,530,2,90,82
183,533,2,90,82
184,541,2,90,82
185,542,2,90,82
186,553,2,90,82
187,557,5,90,82
188,559,2,90,82
189,563,2,90,82
190,564,9,90,82
191,566,2,90,82
192,567,2,90,82
193,568,6,90,82
194,570,2,90,82
195,571,3,90,82
196,573,2,90,82
197,579,6,90,82
198,584,3,90,82
199,585,2,90,82
200,588,2,90,82
201,591,1,90,82
202,592,0,90,82
203,593,6,90,82
204,594,7,90,82
205,607,13,90,82
206,611,3,90,82
207,617,2,90,82
208,620,2,90,82
209,622,2,90,82
210,623,3,90,82
211,625,3,90,82
212,628,5,90,82
213,630,8,90,82
214,631,3,90,82
215,635,2,90,82
216,650,2,90,82
217,651,5,90,82
218,652,3,90,82
219,10145,2,90,82
0,3,1,90,83
1,4,2,90,83
2,9,10,90,83
3,11,6,90,83
4,14,1,90,83
5,15,2,90,83
6,16,5,90,83
7,17,2,90,83
8,18,1,90,83
9,19,2,90,83
10,20,2,90,83
11,24,1,90,83
12,25,1,90,83
13,26,6,90,83
14,32,2,90,83
15,36,2,90,83
16,38,2,90,83
17,42,2,90,83
18,44,2,90,83
19,47,2,90,83
20,48,2,90,83
21,52,2,90,83
22,53,5,90,83
23,58,8,90,83
24,63,2,90,83
25,64,2,90,83
26,70,1,90,83
27,71,4,90,83
28,76,2,90,83
29,78,2,90,83
30,81,1,90,83
31,82,2,90,83
32,83,5,90,83
33,84,1,90,83
34,85,1,90,83
35,88,2,90,83
36,89,7,90,83
37,91,2,90,83
38,94,2,90,83
39,95,5,90,83
40,98,7,90,83
41,99,3,90,83
42,101,5,90,83
43,104,2,90,83
44,110,2,90,83
45,113,2,90,83
46,115,2,90,83
47,121,2,90,83
48,126,2,90,83
49,128,1,90,83
50,144,1,90,83
51,145,1,90,83
52,146,1,90,83
53,148,3,90,83
54,157,3,90,83
55,159,1,90,83
56,162,9,90,83
57,167,6,90,83
58,172,6,90,83
59,174,3,90,83
60,177,8,90,83
61,180,6,90,83
62,182,14,90,83
63,185,8,90,83
64,186,2,90,83
65,188,2,90,83
66,189,6,90,83
67,191,1,90,83
68,196,1,90,83
69,200,1,90,83
70,201,1,90,83
71,203,2,90,83
72,204,3,90,83
73,205,13,90,83
74,210,1,90,83
75,211,4,90,83
76,219,6,90,83
77,220,2,90,83
78,222,3,90,83
79,224,4,90,83
80,228,6,90,83
81,230,8,90,83
82,232,6,90,83
83,233,2,90,83
84,235,6,90,83
85,236,6,90,83
86,239,2,90,83
87,240,2,90,83
88,241,1,90,83
89,247,2,90,83
90,248,1,90,83
91,252,5,90,83
92,255,1,90,83
93,257,3,90,83
94,260,2,90,83
95,263,2,90,83
96,264,5,90,83
97,268,5,90,83
98,272,6,90,83
99,277,7,90,83
100,278,2,90,83
101,284,4,90,83
102,289,2,90,83
103,291,2,90,83
104,293,1,90,83
105,295,1,90,83
106,296,4,90,83
107,298,2,90,83
108,306,2,90,83
109,309,2,90,83
110,311,6,90,83
111,316,5,90,83
112,323,8,90,83
113,325,6,90,83
114,326,9,90,83
115,328,8,90,83
116,329,3,90,83
117,333,6,90,83
118,335,11,90,83
119,337,12,90,83
120,338,2,90,83
121,339,9,90,83
122,341,8,90,83
123,342,2,90,83
124,347,2,90,83
125,350,5,90,83
126,351,9,90,83
127,354,2,90,83
128,356,2,90,83
129,359,2,90,83
130,361,2,90,83
131,362,3,90,83
132,364,2,90,83
133,366,2,90,83
134,369,1,90,83
135,371,1,90,83
136,372,2,90,83
137,375,3,90,83
138,378,2,90,83
139,380,1,90,83
140,383,1,90,83
141,385,5,90,83
142,388,1,90,83
143,392,5,90,83
144,394,4,90,83
145,395,2,90,83
146,398,7,90,83
147,401,2,90,83
148,402,7,90,83
149,403,2,90,83
150,404,5,90,83
151,410,2,90,83
152,413,2,90,83
153,417,2,90,83
154,422,6,90,83
155,423,11,90,83
156,430,2,90,83
157,432,3,90,83
158,433,11,90,83
159,434,9,90,83
160,436,8,90,83
161,443,6,90,83
162,449,3,90,83
163,452,2,90,83
164,463,2,90,83
165,467,1,90,83
166,472,4,90,83
167,474,1,90,83
168,476,3,90,83
169,482,2,90,83
170,486,2,90,83
171,491,2,90,83
172,492,2,90,83
173,494,5,90,83
174,495,5,90,83
175,497,6,90,83
176,498,3,90,83
177,501,2,90,83
178,505,2,90,83
179,508,2,90,83
180,511,2,90,83
181,514,5,90,83
182,517,1,90,83
183,518,2,90,83
184,521,1,90,83
185,524,1,90,83
186,527,2,90,83
187,533,7,90,83
188,535,2,90,83
189,539,5,90,83
190,541,5,90,83
191,553,3,90,83
192,557,2,90,83
193,559,1,90,83
194,560,3,90,83
195,563,10,90,83
196,566,2,90,83
197,567,1,90,83
198,568,2,90,83
199,570,2,90,83
200,571,7,90,83
201,577,3,90,83
202,585,2,90,83
203,587,2,90,83
204,588,2,90,83
205,591,1,90,83
206,593,1,90,83
207,595,2,90,83
208,600,2,90,83
209,608,2,90,83
210,617,6,90,83
211,620,6,90,83
212,622,7,90,83
213,623,2,90,83
214,625,5,90,83
215,630,2,90,83
216,635,7,90,83
217,650,7,90,83
218,651,3,90,83
219,654,2,90,83
0,3,2,90,84
1,4,2,90,84
2,6,2,90,84
3,7,2,90,84
4,8,2,90,84
5,11,4,90,84
6,14,2,90,84
7,15,3,90,84
8,16,2,90,84
9,17,5,90,84
10,18,2,90,84
11,19,2,90,84
12,24,2,90,84
13,32,6,90,84
14,35,12,90,84
15,36,12,90,84
16,38,2,90,84
17,44,6,90,84
18,45,6,90,84
19,47,6,90,84
20,52,6,90,84
21,53,3,90,84
22,58,4,90,84
23,60,3,90,84
24,63,8,90,84
25,64,3,90,84
26,70,6,90,84
27,78,3,90,84
28,79,6,90,84
29,81,6,90,84
30,82,2,90,84
31,83,3,90,84
32,84,6,90,84
33,85,9,90,84
34,88,1,90,84
35,89,2,90,84
36,91,2,90,84
37,94,2,90,84
38,95,8,90,84
39,99,7,90,84
40,101,7,90,84
41,104,1,90,84
42,105,1,90,84
43,110,10,90,84
44,113,3,90,84
45,115,3,90,84
46,126,3,90,84
47,128,6,90,84
48,135,8,90,84
49,144,6,90,84
50,145,6,90,84
51,146,6,90,84
52,148,3,90,84
53,157,2,90,84
54,159,0,90,84
55,162,1,90,84
56,168,2,90,84
57,172,4,90,84
58,174,2,90,84
59,177,7,90,84
60,179,2,90,84
61,182,2,90,84
62,185,1,90,84
63,188,2,90,84
64,189,1,90,84
65,191,4,90,84
66,192,5,90,84
67,200,0,90,84
68,201,0,90,84
69,203,2,90,84
70,204,6,90,84
71,205,2,90,84
72,207,2,90,84
73,210,0,90,84
74,211,0,90,84
75,219,1,90,84
76,220,2,90,84
77,222,2,90,84
78,224,2,90,84
79,230,2,90,84
80,231,1,90,84
81,232,9,90,84
82,233,6,90,84
83,235,3,90,84
84,236,1,90,84
85,238,1,90,84
86,239,5,90,84
87,240,2,90,84
88,241,1,90,84
89,247,7,90,84
90,248,1,90,84
91,254,2,90,84
92,255,4,90,84
93,257,7,90,84
94,263,2,90,84
95,265,12,90,84
96,267,5,90,84
97,268,2,90,84
98,274,5,90,84
99,275,2,90,84
100,278,2,90,84
101,291,1,90,84
102,293,4,90,84
103,295,3,90,84
104,298,2,90,84
105,300,3,90,84
106,301,1,90,84
107,302,1,90,84
108,305,1,90,84
109,306,6,90,84
110,311,2,90,84
111,321,2,90,84
112,323,4,90,84
113,324,2,90,84
114,325,2,90,84
115,326,2,90,84
116,327,2,90,84
117,328,5,90,84
118,336,2,90,84
119,337,2,90,84
120,338,1,90,84
121,339,2,90,84
122,341,2,90,84
123,342,2,90,84
124,347,3,90,84
125,354,2,90,84
126,355,2,90,84
127,356,2,90,84
128,361,2,90,84
129,362,2,90,84
130,366,5,90,84
131,368,2,90,84
132,369,5,90,84
133,370,2,90,84
134,371,2,90,84
135,372,4,90,84
136,375,7,90,84
137,380,2,90,84
138,383,2,90,84
139,385,10,90,84
140,388,1,90,84
141,392,3,90,84
142,394,6,90,84
143,395,6,90,84
144,398,3,90,84
145,399,6,90,84
146,401,6,90,84
147,403,3,90,84
148,409,8,90,84
149,410,3,90,84
150,413,6,90,84
151,415,6,90,84
152,422,1,90,84
153,423,2,90,84
154,424,9,90,84
155,431,12,90,84
156,433,2,90,84
157,434,3,90,84
158,436,1,90,84
159,443,1,90,84
160,447,2,90,84
161,449,5,90,84
162,455,3,90,84
163,461,2,90,84
164,467,8,90,84
165,470,10,90,84
166,472,2,90,84
167,474,2,90,84
168,476,2,90,84
169,480,2,90,84
170,481,2,90,84
171,486,1,90,84
172,489,2,90,84
173,491,2,90,84
174,494,2,90,84
175,495,1,90,84
176,497,5,90,84
177,501,2,90,84
178,505,1,90,84
179,508,2,90,84
180,512,2,90,84
181,514,2,90,84
182,518,2,90,84
183,520,1,90,84
184,521,1,90,84
185,524,1,90,84
186,527,9,90,84
187,530,5,90,84
188,533,6,90,84
189,535,8,90,84
190,541,13,90,84
191,542,7,90,84
192,544,6,90,84
193,559,6,90,84
194,560,2,90,84
195,564,6,90,84
196,566,9,90,84
197,567,6,90,84
198,568,2,90,84
199,571,2,90,84
200,573,1,90,84
201,583,2,90,84
202,585,5,90,84
203,587,7,90,84
204,588,2,90,84
205,591,4,90,84
206,600,3,90,84
207,608,2,90,84
208,617,4,90,84
209,618,6,90,84
210,619,2,90,84
211,622,2,90,84
212,625,5,90,84
213,630,2,90,84
214,633,2,90,84
215,650,0,90,84
216,651,2,90,84
217,652,2,90,84
218,10001,2,90,84
219,10149,3,90,84
0,3,9,90,85
1,4,2,90,85
2,6,6,90,85
3,7,3,90,85
4,8,6,90,85
5,9,8,90,85
6,11,2,90,85
7,14,1,90,85
8,15,6,90,85
9,16,9,90,85
10,17,14,90,85
11,18,6,90,85
12,19,2,90,85
13,24,6,90,85
14,26,1,90,85
15,27,7,90,85
16,28,10,90,85
17,32,8,90,85
18,36,8,90,85
19,44,2,90,85
20,47,2,90,85
21,48,8,90,85
22,52,2,90,85
23,53,2,90,85
24,57,2,90,85
25,58,5,90,85
26,59,1,90,85
27,64,8,90,85
28,65,2,90,85
29,70,1,90,85
30,71,7,90,85
31,78,2,90,85
32,79,7,90,85
33,82,5,90,85
34,83,7,90,85
35,84,1,90,85
36,85,1,90,85
37,88,6,90,85
38,91,6,90,85
39,94,6,90,85
40,95,3,90,85
41,99,5,90,85
42,101,3,90,85
43,104,9,90,85
44,105,9,90,85
45,110,10,90,85
46,120,5,90,85
47,122,2,90,85
48,126,7,90,85
49,136,5,90,85
50,144,2,90,85
51,145,2,90,85
52,146,2,90,85
53,148,6,90,85
54,149,2,90,85
55,157,3,90,85
56,159,2,90,85
57,162,7,90,85
58,172,6,90,85
59,174,3,90,85
60,177,3,90,85
61,180,5,90,85
62,182,8,90,85
63,184,3,90,85
64,185,6,90,85
65,188,2,90,85
66,189,6,90,85
67,191,1,90,85
68,192,3,90,85
69,196,2,90,85
70,200,2,90,85
71,201,2,90,85
72,203,2,90,85
73,204,2,90,85
74,207,2,90,85
75,210,4,90,85
76,211,5,90,85
77,218,6,90,85
78,219,2,90,85
79,220,6,90,85
80,222,2,90,85
81,224,10,90,85
82,230,2,90,85
83,232,2,90,85
84,233,5,90,85
85,235,2,90,85
86,236,2,90,85
87,239,2,90,85
88,240,5,90,85
89,241,1,90,85
90,247,2,90,85
91,248,1,90,85
92,252,2,90,85
93,254,2,90,85
94,255,2,90,85
95,257,1,90,85
96,263,2,90,85
97,265,3,90,85
98,267,2,90,85
99,268,2,90,85
100,274,2,90,85
101,278,2,90,85
102,291,6,90,85
103,293,6,90,85
104,295,6,90,85
105,296,6,90,85
106,300,3,90,85
107,301,6,90,85
108,305,6,90,85
109,306,9,90,85
110,309,3,90,85
111,311,4,90,85
112,314,8,90,85
113,321,2,90,85
114,324,2,90,85
115,325,1,90,85
116,326,3,90,85
117,327,2,90,85
118,328,8,90,85
119,329,2,90,85
120,335,1,90,85
121,337,1,90,85
122,338,6,90,85
123,339,4,90,85
124,340,7,90,85
125,341,7,90,85
126,342,5,90,85
127,347,1,90,85
128,348,6,90,85
129,351,6,90,85
130,355,1,90,85
131,356,5,90,85
132,359,2,90,85
133,362,1,90,85
134,364,2,90,85
135,366,4,90,85
136,369,1,90,85
137,370,2,90,85
138,377,1,90,85
139,380,1,90,85
140,383,4,90,85
141,388,7,90,85
142,389,2,90,85
143,392,2,90,85
144,394,2,90,85
145,395,1,90,85
146,398,2,90,85
147,399,1,90,85
148,401,4,90,85
149,402,2,90,85
150,410,2,90,85
151,413,1,90,85
152,415,1,90,85
153,420,2,90,85
154,422,3,90,85
155,423,2,90,85
156,424,2,90,85
157,431,2,90,85
158,433,2,90,85
159,436,1,90,85
160,443,1,90,85
161,447,5,90,85
162,449,2,90,85
163,461,1,90,85
164,463,2,90,85
165,474,1,90,85
166,475,1,90,85
167,476,1,90,85
168,486,0,90,85
169,491,2,90,85
170,492,2,90,85
171,494,4,90,85
172,495,0,90,85
173,498,6,90,85
174,503,2,90,85
175,505,0,90,85
176,508,0,90,85
177,509,2,90,85
178,511,3,90,85
179,512,5,90,85
180,514,8,90,85
181,518,2,90,85
182,520,6,90,85
183,521,6,90,85
184,524,6,90,85
185,527,8,90,85
186,533,2,90,85
187,541,7,90,85
188,542,2,90,85
189,553,2,90,85
190,559,2,90,85
191,560,11,90,85
192,563,2,90,85
193,564,2,90,85
194,566,2,90,85
195,567,5,90,85
196,568,4,90,85
197,573,1,90,85
198,577,2,90,85
199,583,2,90,85
200,585,7,90,85
201,588,3,90,85
202,591,6,90,85
203,592,1,90,85
204,593,1,90,85
205,594,1,90,85
206,595,2,90,85
207,608,4,90,85
208,611,2,90,85
209,618,2,90,85
210,623,5,90,85
211,625,2,90,85
212,631,2,90,85
213,635,6,90,85
214,650,2,90,85
215,651,2,90,85
216,652,2,90,85
217,654,6,90,85
218,10001,1,90,85
219,10149,2,90,85
0,4,5,90,86
1,6,6,90,86
2,8,6,90,86
3,12,6,90,86
4,14,2,90,86
5,15,6,90,86
6,16,13,90,86
7,17,3,90,86
8,18,6,90,86
9,19,9,90,86
10,20,3,90,86
11,23,3,90,86
12,24,6,90,86
13,26,6,90,86
14,27,4,90,86
15,28,7,90,86
16,32,0,90,86
17,42,2,90,86
18,44,0,90,86
19,47,0,90,86
20,48,9,90,86
21,52,0,90,86
22,53,5,90,86
23,54,5,90,86
24,57,2,90,86
25,60,2,90,86
26,64,2,90,86
27,65,2,90,86
28,70,1,90,86
29,78,5,90,86
30,81,0,90,86
31,82,6,90,86
32,83,2,90,86
33,84,0,90,86
34,85,0,90,86
35,88,1,90,86
36,91,1,90,86
37,94,5,90,86
38,98,5,90,86
39,99,12,90,86
40,100,1,90,86
41,101,5,90,86
42,104,1,90,86
43,110,9,90,86
44,113,7,90,86
45,115,2,90,86
46,117,2,90,86
47,122,1,90,86
48,128,1,90,86
49,136,5,90,86
50,144,1,90,86
51,145,1,90,86
52,146,3,90,86
53,148,2,90,86
54,157,3,90,86
55,159,2,90,86
56,162,6,90,86
57,167,6,90,86
58,172,6,90,86
59,174,8,90,86
60,180,5,90,86
61,182,6,90,86
62,185,6,90,86
63,187,6,90,86
64,188,2,90,86
65,189,6,90,86
66,191,0,90,86
67,192,2,90,86
68,198,6,90,86
69,200,9,90,86
70,201,2,90,86
71,202,5,90,86
72,204,0,90,86
73,205,8,90,86
74,207,13,90,86
75,210,2,90,86
76,211,2,90,86
77,214,7,90,86
78,217,3,90,86
79,219,6,90,86
80,220,5,90,86
81,222,3,90,86
82,224,7,90,86
83,231,6,90,86
84,233,2,90,86
85,235,6,90,86
86,236,6,90,86
87,238,6,90,86
88,239,2,90,86
89,240,2,90,86
90,241,0,90,86
91,247,2,90,86
92,248,1,90,86
93,252,6,90,86
94,255,0,90,86
95,257,3,90,86
96,263,1,90,86
97,264,2,90,86
98,267,4,90,86
99,274,2,90,86
100,275,7,90,86
101,278,2,90,86
102,284,1,90,86
103,291,2,90,86
104,293,4,90,86
105,295,2,90,86
106,298,5,90,86
107,301,3,90,86
108,302,8,90,86
109,306,2,90,86
110,311,8,90,86
111,314,7,90,86
112,316,3,90,86
113,321,6,90,86
114,323,2,90,86
115,324,2,90,86
116,325,2,90,86
117,326,5,90,86
118,327,2,90,86
119,329,5,90,86
120,335,5,90,86
121,338,1,90,86
122,339,2,90,86
123,342,5,90,86
124,347,2,90,86
125,348,13,90,86
126,350,2,90,86
127,351,14,90,86
128,354,2,90,86
129,355,2,90,86
130,356,2,90,86
131,361,8,90,86
132,366,4,90,86
133,369,2,90,86
134,370,2,90,86
135,372,3,90,86
136,377,2,90,86
137,380,2,90,86
138,383,2,90,86
139,385,2,90,86
140,388,6,90,86
141,389,2,90,86
142,391,2,90,86
143,394,4,90,86
144,398,2,90,86
145,399,1,90,86
146,401,2,90,86
147,404,1,90,86
148,409,1,90,86
149,410,2,90,86
150,413,1,90,86
151,415,2,90,86
152,417,2,90,86
153,422,6,90,86
154,423,3,90,86
155,424,2,90,86
156,431,4,90,86
157,433,3,90,86
158,436,6,90,86
159,443,8,90,86
160,447,2,90,86
161,449,3,90,86
162,452,2,90,86
163,453,2,90,86
164,461,2,90,86
165,463,2,90,86
166,467,2,90,86
167,470,2,90,86
168,474,2,90,86
169,484,10,90,86
170,486,1,90,86
171,491,5,90,86
172,492,8,90,86
173,494,5,90,86
174,495,4,90,86
175,498,1,90,86
176,501,2,90,86
177,503,10,90,86
178,505,1,90,86
179,508,1,90,86
180,512,2,90,86
181,514,6,90,86
182,516,6,90,86
183,518,2,90,86
184,520,6,90,86
185,521,6,90,86
186,524,6,90,86
187,527,3,90,86
188,530,3,90,86
189,533,0,90,86
190,541,4,90,86
191,542,0,90,86
192,543,3,90,86
193,553,2,90,86
194,557,2,90,86
195,559,3,90,86
196,560,3,90,86
197,563,7,90,86
198,564,0,90,86
199,567,0,90,86
200,568,1,90,86
201,573,6,90,86
202,577,8,90,86
203,580,0,90,86
204,585,2,90,86
205,587,3,90,86
206,588,3,90,86
207,593,2,90,86
208,594,2,90,86
209,600,2,90,86
210,617,6,90,86
211,618,2,90,86
212,619,5,90,86
213,622,2,90,86
214,625,7,90,86
215,630,1,90,86
216,631,2,90,86
217,650,2,90,86
218,651,3,90,86
219,10001,2,90,86
0,4,6,90,87
1,6,4,90,87
2,7,2,90,87
3,8,1,90,87
4,11,6,90,87
5,14,2,90,87
6,15,1,90,87
7,16,2,90,87
8,17,7,90,87
9,18,4,90,87
10,19,2,90,87
11,23,2,90,87
12,24,1,90,87
13,25,4,90,87
14,27,6,90,87
15,28,2,90,87
16,32,1,90,87
17,36,1,90,87
18,44,1,90,87
19,47,1,90,87
20,48,2,90,87
21,52,1,90,87
22,53,2,90,87
23,57,2,90,87
24,58,2,90,87
25,59,0,90,87
26,63,2,90,87
27,64,2,90,87
28,74,2,90,87
29,78,2,90,87
30,79,0,90,87
31,82,13,90,87
32,83,10,90,87
33,84,0,90,87
34,85,0,90,87
35,86,2,90,87
36,88,2,90,87
37,89,2,90,87
38,91,2,90,87
39,94,2,90,87
40,99,2,90,87
41,101,2,90,87
42,104,3,90,87
43,105,2,90,87
44,110,6,90,87
45,115,2,90,87
46,120,1,90,87
47,126,7,90,87
48,128,1,90,87
49,136,4,90,87
50,144,1,90,87
51,145,4,90,87
52,146,1,90,87
53,148,9,90,87
54,159,2,90,87
55,162,1,90,87
56,171,1,90,87
57,174,2,90,87
58,177,5,90,87
59,180,2,90,87
60,181,6,90,87
61,182,2,90,87
62,185,1,90,87
63,189,3,90,87
64,191,2,90,87
65,192,8,90,87
66,198,5,90,87
67,200,2,90,87
68,201,2,90,87
69,203,2,90,87
70,204,5,90,87
71,205,5,90,87
72,207,2,90,87
73,210,2,90,87
74,211,2,90,87
75,217,2,90,87
76,219,2,90,87
77,220,2,90,87
78,222,8,90,87
79,224,3,90,87
80,230,2,90,87
81,231,2,90,87
82,233,2,90,87
83,235,2,90,87
84,236,2,90,87
85,238,8,90,87
86,239,2,90,87
87,240,2,90,87
88,241,2,90,87
89,247,2,90,87
90,248,5,90,87
91,254,2,90,87
92,255,5,90,87
93,257,2,90,87
94,265,2,90,87
95,267,7,90,87
96,268,5,90,87
97,274,2,90,87
98,278,2,90,87
99,284,1,90,87
100,289,6,90,87
101,291,4,90,87
102,293,1,90,87
103,295,7,90,87
104,300,7,90,87
105,301,1,90,87
106,309,2,90,87
107,311,4,90,87
108,316,10,90,87
109,324,5,90,87
110,325,1,90,87
111,327,2,90,87
112,328,2,90,87
113,329,2,90,87
114,333,1,90,87
115,335,1,90,87
116,337,1,90,87
117,338,2,90,87
118,339,1,90,87
119,340,1,90,87
120,341,1,90,87
121,346,10,90,87
122,347,1,90,87
123,348,4,90,87
124,350,1,90,87
125,351,13,90,87
126,354,2,90,87
127,355,1,90,87
128,356,14,90,87
129,359,4,90,87
130,361,1,90,87
131,366,5,90,87
132,368,2,90,87
133,369,1,90,87
134,372,12,90,87
135,375,2,90,87
136,380,1,90,87
137,383,1,90,87
138,385,5,90,87
139,388,2,90,87
140,389,2,90,87
141,392,2,90,87
142,394,2,90,87
143,395,7,90,87
144,397,2,90,87
145,398,4,90,87
146,401,3,90,87
147,402,2,90,87
148,409,7,90,87
149,413,1,90,87
150,415,1,90,87
151,417,2,90,87
152,422,1,90,87
153,423,2,90,87
154,425,1,90,87
155,431,2,90,87
156,432,7,90,87
157,433,2,90,87
158,437,1,90,87
159,443,1,90,87
160,447,7,90,87
161,449,2,90,87
162,452,2,90,87
163,455,2,90,87
164,461,2,90,87
165,467,2,90,87
166,475,2,90,87
167,476,2,90,87
168,480,6,90,87
169,484,6,90,87
170,489,3,90,87
171,491,6,90,87
172,495,6,90,87
173,497,2,90,87
174,498,6,90,87
175,499,3,90,87
176,501,2,90,87
177,505,7,90,87
178,508,8,90,87
179,511,5,90,87
180,512,2,90,87
181,514,6,90,87
182,518,4,90,87
183,520,2,90,87
184,521,5,90,87
185,524,2,90,87
186,527,7,90,87
187,530,2,90,87
188,533,5,90,87
189,535,7,90,87
190,541,3,90,87
191,544,2,90,87
192,553,2,90,87
193,557,2,90,87
194,559,2,90,87
195,560,10,90,87
196,564,4,90,87
197,566,2,90,87
198,567,2,90,87
199,568,1,90,87
200,570,2,90,87
201,573,1,90,87
202,585,2,90,87
203,587,7,90,87
204,588,7,90,87
205,590,6,90,87
206,592,3,90,87
207,593,1,90,87
208,608,2,90,87
209,611,5,90,87
210,617,6,90,87
211,618,5,90,87
212,621,7,90,87
213,622,9,90,87
214,628,2,90,87
215,630,1,90,87
216,631,7,90,87
217,650,2,90,87
218,651,2,90,87
219,652,2,90,87
0,2,2,90,88
1,4,6,90,88
2,6,2,90,88
3,9,2,90,88
4,11,8,90,88
5,14,6,90,88
6,15,2,90,88
7,16,2,90,88
8,17,2,90,88
9,18,2,90,88
10,19,7,90,88
11,20,2,90,88
12,23,5,90,88
13,24,2,90,88
14,26,3,90,88
15,32,2,90,88
16,38,2,90,88
17,44,2,90,88
18,45,2,90,88
19,47,2,90,88
20,52,3,90,88
21,53,2,90,88
22,54,7,90,88
23,57,4,90,88
24,58,2,90,88
25,63,2,90,88
26,64,2,90,88
27,65,2,90,88
28,70,2,90,88
29,78,5,90,88
30,79,2,90,88
31,81,2,90,88
32,82,2,90,88
33,83,2,90,88
34,84,2,90,88
35,85,2,90,88
36,86,0,90,88
37,88,0,90,88
38,91,0,90,88
39,94,2,90,88
40,98,2,90,88
41,99,4,90,88
42,104,0,90,88
43,105,0,90,88
44,106,2,90,88
45,110,6,90,88
46,113,7,90,88
47,115,2,90,88
48,122,6,90,88
49,126,2,90,88
50,128,1,90,88
51,136,2,90,88
52,144,1,90,88
53,146,4,90,88
54,148,2,90,88
55,149,2,90,88
56,157,4,90,88
57,159,2,90,88
58,162,6,90,88
59,168,3,90,88
60,172,9,90,88
61,177,3,90,88
62,179,3,90,88
63,180,2,90,88
64,182,3,90,88
65,185,6,90,88
66,189,6,90,88
67,191,5,90,88
68,192,5,90,88
69,201,2,90,88
70,203,2,90,88
71,204,0,90,88
72,205,17,90,88
73,207,6,90,88
74,210,2,90,88
75,211,2,90,88
76,214,10,90,88
77,217,2,90,88
78,219,2,90,88
79,220,3,90,88
80,224,2,90,88
81,230,2,90,88
82,231,2,90,88
83,232,2,90,88
84,233,2,90,88
85,235,2,90,88
86,236,2,90,88
87,238,2,90,88
88,239,5,90,88
89,240,5,90,88
90,241,8,90,88
91,247,5,90,88
92,248,2,90,88
93,251,7,90,88
94,255,5,90,88
95,259,2,90,88
96,263,2,90,88
97,265,2,90,88
98,267,2,90,88
99,268,10,90,88
100,274,2,90,88
101,275,3,90,88
102,278,5,90,88
103,284,2,90,88
104,290,2,90,88
105,291,3,90,88
106,293,1,90,88
107,296,1,90,88
108,298,7,90,88
109,301,1,90,88
110,306,5,90,88
111,316,2,90,88
112,321,5,90,88
113,323,2,90,88
114,324,7,90,88
115,325,2,90,88
116,326,2,90,88
117,328,8,90,88
118,329,2,90,88
119,333,2,90,88
120,335,2,90,88
121,338,0,90,88
122,339,2,90,88
123,341,6,90,88
124,342,3,90,88
125,347,6,90,88
126,348,10,90,88
127,350,6,90,88
128,351,5,90,88
129,354,3,90,88
130,355,6,90,88
131,356,3,90,88
132,359,2,90,88
133,361,6,90,88
134,362,6,90,88
135,364,3,90,88
136,366,3,90,88
137,368,3,90,88
138,369,6,90,88
139,372,3,90,88
140,380,6,90,88
141,382,3,90,88
142,383,6,90,88
143,385,5,90,88
144,388,2,90,88
145,392,5,90,88
146,394,2,90,88
147,398,4,90,88
148,401,2,90,88
149,402,7,90,88
150,403,2,90,88
151,409,2,90,88
152,410,2,90,88
153,413,2,90,88
154,415,3,90,88
155,417,2,90,88
156,422,1,90,88
157,431,2,90,88
158,432,2,90,88
159,433,5,90,88
160,434,2,90,88
161,436,1,90,88
162,443,4,90,88
163,447,6,90,88
164,449,2,90,88
165,452,3,90,88
166,453,2,90,88
167,455,6,90,88
168,470,6,90,88
169,472,8,90,88
170,474,9,90,88
171,475,6,90,88
172,476,6,90,88
173,484,2,90,88
174,486,2,90,88
175,491,2,90,88
176,492,2,90,88
177,497,2,90,88
178,498,2,90,88
179,499,5,90,88
180,501,2,90,88
181,503,7,90,88
182,505,2,90,88
183,508,5,90,88
184,511,2,90,88
185,514,7,90,88
186,517,2,90,88
187,518,6,90,88
188,520,8,90,88
189,521,2,90,88
190,523,8,90,88
191,524,3,90,88
192,530,2,90,88
193,533,0,90,88
194,541,6,90,88
195,542,0,90,88
196,553,2,90,88
197,557,2,90,88
198,559,1,90,88
199,560,3,90,88
200,563,2,90,88
201,564,0,90,88
202,566,2,90,88
203,567,0,90,88
204,568,2,90,88
205,570,2,90,88
206,573,1,90,88
207,577,2,90,88
208,585,5,90,88
209,588,2,90,88
210,591,2,90,88
211,593,6,90,88
212,594,6,90,88
213,617,3,90,88
214,618,2,90,88
215,622,7,90,88
216,623,3,90,88
217,630,2,90,88
218,635,2,90,88
219,650,8,90,88
0,3,2,90,89
1,4,5,90,89
2,6,2,90,89
3,9,3,90,89
4,11,2,90,89
5,14,6,90,89
6,15,2,90,89
7,16,2,90,89
8,17,2,90,89
9,18,2,90,89
10,19,7,90,89
11,20,2,90,89
12,23,2,90,89
13,24,2,90,89
14,27,12,90,89
15,28,3,90,89
16,32,6,90,89
17,36,6,90,89
18,44,6,90,89
19,45,6,90,89
20,47,6,90,89
21,48,3,90,89
22,52,12,90,89
23,54,3,90,89
24,57,3,90,89
25,58,2,90,89
26,60,2,90,89
27,63,2,90,89
28,64,2,90,89
29,70,2,90,89
30,71,5,90,89
31,78,2,90,89
32,79,2,90,89
33,81,5,90,89
34,82,2,90,89
35,83,7,90,89
36,84,2,90,89
37,85,2,90,89
38,88,3,90,89
39,89,3,90,89
40,91,1,90,89
41,95,2,90,89
42,98,2,90,89
43,99,7,90,89
44,101,2,90,89
45,104,1,90,89
46,110,2,90,89
47,117,3,90,89
48,122,2,90,89
49,129,2,90,89
50,134,2,90,89
51,135,2,90,89
52,136,2,90,89
53,144,-1,90,89
54,145,-1,90,89
55,146,-1,90,89
56,148,6,90,89
57,149,2,90,89
58,157,2,90,89
59,159,6,90,89
60,162,2,90,89
61,163,2,90,89
62,171,2,90,89
63,177,2,90,89
64,180,5,90,89
65,181,2,90,89
66,182,9,90,89
67,185,2,90,89
68,189,2,90,89
69,191,2,90,89
70,192,2,90,89
71,200,6,90,89
72,201,6,90,89
73,203,3,90,89
74,204,6,90,89
75,205,3,90,89
76,207,2,90,89
77,211,6,90,89
78,214,3,90,89
79,217,2,90,89
80,219,1,90,89
81,220,2,90,89
82,221,1,90,89
83,222,2,90,89
84,231,1,90,89
85,235,2,90,89
86,236,1,90,89
87,238,1,90,89
88,240,2,90,89
89,241,5,90,89
90,244,5,90,89
91,247,2,90,89
92,248,2,90,89
93,252,6,90,89
94,255,2,90,89
95,257,5,90,89
96,263,2,90,89
97,264,2,90,89
98,265,7,90,89
99,267,5,90,89
100,274,5,90,89
101,278,2,90,89
102,284,2,90,89
103,291,8,90,89
104,293,4,90,89
105,295,2,90,89
106,298,2,90,89
107,300,2,90,89
108,301,2,90,89
109,306,2,90,89
110,316,8,90,89
111,321,3,90,89
112,323,2,90,89
113,324,7,90,89
114,325,2,90,89
115,326,14,90,89
116,327,8,90,89
117,328,13,90,89
118,329,2,90,89
119,336,12,90,89
120,338,1,90,89
121,339,2,90,89
122,340,2,90,89
123,342,4,90,89
124,347,2,90,89
125,348,7,90,89
126,351,5,90,89
127,354,2,90,89
128,355,2,90,89
129,356,3,90,89
130,359,2,90,89
131,361,2,90,89
132,362,2,90,89
133,364,5,90,89
134,368,2,90,89
135,369,2,90,89
136,372,2,90,89
137,375,6,90,89
138,377,2,90,89
139,383,3,90,89
140,385,2,90,89
141,388,0,90,89
142,394,3,90,89
143,395,6,90,89
144,398,6,90,89
145,399,6,90,89
146,401,6,90,89
147,403,3,90,89
148,404,6,90,89
149,409,8,90,89
150,413,6,90,89
151,415,6,90,89
152,417,3,90,89
153,422,1,90,89
154,431,2,90,89
155,432,15,90,89
156,433,10,90,89
157,434,5,90,89
158,436,1,90,89
159,443,1,90,89
160,444,1,90,89
161,447,12,90,89
162,449,2,90,89
163,453,6,90,89
164,463,8,90,89
165,467,6,90,89
166,472,9,90,89
167,474,6,90,89
168,476,6,90,89
169,482,2,90,89
170,486,2,90,89
171,491,3,90,89
172,492,2,90,89
173,494,5,90,89
174,495,2,90,89
175,498,2,90,89
176,499,2,90,89
177,501,2,90,89
178,505,4,90,89
179,508,2,90,89
180,511,2,90,89
181,512,4,90,89
182,514,12,90,89
183,515,3,90,89
184,518,3,90,89
185,520,1,90,89
186,521,0,90,89
187,523,2,90,89
188,524,0,90,89
189,533,6,90,89
190,541,4,90,89
191,542,6,90,89
192,553,3,90,89
193,557,3,90,89
194,559,6,90,89
195,564,6,90,89
196,566,5,90,89
197,567,6,90,89
198,568,2,90,89
199,573,1,90,89
200,576,2,90,89
201,577,4,90,89
202,584,3,90,89
203,585,3,90,89
204,588,2,90,89
205,593,2,90,89
206,594,2,90,89
207,618,2,90,89
208,621,2,90,89
209,622,2,90,89
210,625,2,90,89
211,630,2,90,89
212,631,2,90,89
213,635,5,90,89
214,649,1,90,89
215,650,7,90,89
216,651,2,90,89
217,652,2,90,89
218,654,5,90,89
219,10149,3,90,89
0,2,2,90,90
1,3,6,90,90
2,4,2,90,90
3,6,6,90,90
4,11,5,90,90
5,14,1,90,90
6,15,6,90,90
7,16,5,90,90
8,17,3,90,90
9,18,6,90,90
10,19,2,90,90
11,20,6,90,90
12,24,6,90,90
13,25,6,90,90
14,26,2,90,90
15,32,5,90,90
16,36,5,90,90
17,38,6,90,90
18,44,5,90,90
19,47,2,90,90
20,48,2,90,90
21,52,2,90,90
22,54,2,90,90
23,57,9,90,90
24,58,9,90,90
25,64,2,90,90
26,71,2,90,90
27,74,2,90,90
28,76,2,90,90
29,78,2,90,90
30,79,0,90,90
31,82,2,90,90
32,83,2,90,90
33,84,0,90,90
34,85,0,90,90
35,86,6,90,90
36,88,6,90,90
37,91,6,90,90
38,92,6,90,90
39,94,8,90,90
40,98,3,90,90
41,99,6,90,90
42,101,3,90,90
43,104,6,90,90
44,110,2,90,90
45,115,2,90,90
46,117,3,90,90
47,122,1,90,90
48,126,7,90,90
49,128,1,90,90
50,134,5,90,90
51,136,7,90,90
52,144,1,90,90
53,145,1,90,90
54,146,1,90,90
55,148,10,90,90
56,157,2,90,90
57,159,2,90,90
58,162,1,90,90
59,163,1,90,90
60,171,1,90,90
61,174,2,90,90
62,177,2,90,90
63,180,3,90,90
64,181,7,90,90
65,185,1,90,90
66,188,2,90,90
67,189,1,90,90
68,191,2,90,90
69,192,3,90,90
70,198,2,90,90
71,200,2,90,90
72,201,2,90,90
73,203,2,90,90
74,204,1,90,90
75,205,10,90,90
76,207,13,90,90
77,210,2,90,90
78,211,5,90,90
79,214,2,90,90
80,219,12,90,90
81,220,8,90,90
82,222,3,90,90
83,224,6,90,90
84,230,3,90,90
85,231,6,90,90
86,233,2,90,90
87,235,6,90,90
88,236,9,90,90
89,238,6,90,90
90,239,2,90,90
91,240,2,90,90
92,241,2,90,90
93,243,2,90,90
94,244,2,90,90
95,248,3,90,90
96,251,2,90,90
97,252,4,90,90
98,255,2,90,90
99,263,6,90,90
100,267,6,90,90
101,268,3,90,90
102,274,3,90,90
103,278,5,90,90
104,284,6,90,90
105,291,9,90,90
106,293,6,90,90
107,295,6,90,90
108,298,3,90,90
109,301,6,90,90
110,306,2,90,90
111,309,3,90,90
112,311,1,90,90
113,316,7,90,90
114,321,8,90,90
115,323,2,90,90
116,324,5,90,90
117,325,1,90,90
118,326,1,90,90
119,327,7,90,90
120,328,7,90,90
121,329,2,90,90
122,338,6,90,90
123,339,4,90,90
124,341,6,90,90
125,342,6,90,90
126,347,6,90,90
127,348,14,90,90
128,350,12,90,90
129,351,3,90,90
130,354,8,90,90
131,355,14,90,90
132,357,8,90,90
133,359,3,90,90
134,361,9,90,90
135,362,6,90,90
136,368,2,90,90
137,369,4,90,90
138,370,7,90,90
139,372,7,90,90
140,375,2,90,90
141,382,2,90,90
142,383,2,90,90
143,385,2,90,90
144,388,1,90,90
145,392,3,90,90
146,394,3,90,90
147,395,6,90,90
148,398,4,90,90
149,401,2,90,90
150,403,3,90,90
151,409,6,90,90
152,410,3,90,90
153,413,6,90,90
154,415,6,90,90
155,417,3,90,90
156,422,11,90,90
157,423,2,90,90
158,432,4,90,90
159,434,2,90,90
160,436,2,90,90
161,443,3,90,90
162,447,9,90,90
163,449,2,90,90
164,452,2,90,90
165,455,1,90,90
166,461,1,90,90
167,474,1,90,90
168,475,1,90,90
169,476,1,90,90
170,482,3,90,90
171,484,7,90,90
172,486,1,90,90
173,491,2,90,90
174,492,2,90,90
175,494,2,90,90
176,495,4,90,90
177,498,1,90,90
178,505,1,90,90
179,508,1,90,90
180,512,6,90,90
181,514,5,90,90
182,518,2,90,90
183,520,1,90,90
184,521,1,90,90
185,524,4,90,90
186,528,1,90,90
187,530,2,90,90
188,533,4,90,90
189,535,2,90,90
190,541,3,90,90
191,542,1,90,90
192,553,4,90,90
193,559,7,90,90
194,560,5,90,90
195,564,1,90,90
196,566,2,90,90
197,567,1,90,90
198,568,6,90,90
199,570,3,90,90
200,573,2,90,90
201,576,2,90,90
202,577,3,90,90
203,580,0,90,90
204,591,1,90,90
205,592,0,90,90
206,593,5,90,90
207,594,2,90,90
208,608,3,90,90
209,611,3,90,90
210,618,2,90,90
211,620,2,90,90
212,623,2,90,90
213,630,6,90,90
214,631,3,90,90
215,650,2,90,90
216,651,3,90,90
217,652,2,90,90
218,654,2,90,90
219,10149,2,90,90
0,2,2,90,91
1,4,5,90,91
2,6,1,90,91
3,9,3,90,91
4,11,7,90,91
5,14,6,90,91
6,15,1,90,91
7,16,2,90,91
8,17,2,90,91
9,18,1,90,91
10,19,3,90,91
11,20,2,90,91
12,23,2,90,91
13,24,1,90,91
14,26,2,90,91
15,27,3,90,91
16,32,6,90,91
17,36,0,90,91
18,45,0,90,91
19,47,0,90,91
20,48,2,90,91
21,52,0,90,91
22,53,7,90,91
23,57,2,90,91
24,58,2,90,91
25,63,2,90,91
26,64,2,90,91
27,70,4,90,91
28,71,2,90,91
29,76,2,90,91
30,78,2,90,91
31,79,1,90,91
32,82,10,90,91
33,83,2,90,91
34,84,1,90,91
35,85,1,90,91
36,88,2,90,91
37,89,5,90,91
38,91,2,90,91
39,94,4,90,91
40,95,2,90,91
41,99,2,90,91
42,101,2,90,91
43,104,2,90,91
44,106,2,90,91
45,110,2,90,91
46,121,2,90,91
47,122,1,90,91
48,126,2,90,91
49,128,1,90,91
50,131,1,90,91
51,136,2,90,91
52,144,1,90,91
53,146,1,90,91
54,148,2,90,91
55,149,2,90,91
56,157,2,90,91
57,159,4,90,91
58,162,1,90,91
59,163,1,90,91
60,171,1,90,91
61,177,3,90,91
62,179,2,90,91
63,180,2,90,91
64,181,2,90,91
65,182,2,90,91
66,185,1,90,91
67,188,3,90,91
68,191,9,90,91
69,192,6,90,91
70,198,3,90,91
71,200,1,90,91
72,201,1,90,91
73,203,2,90,91
74,204,1,90,91
75,205,2,90,91
76,207,9,90,91
77,210,1,90,91
78,211,1,90,91
79,217,2,90,91
80,219,2,90,91
81,222,2,90,91
82,224,2,90,91
83,231,2,90,91
84,232,2,90,91
85,233,2,90,91
86,235,4,90,91
87,236,2,90,91
88,238,2,90,91
89,239,3,90,91
90,240,4,90,91
91,241,6,90,91
92,243,8,90,91
93,248,6,90,91
94,252,2,90,91
95,255,6,90,91
96,257,6,90,91
97,263,2,90,91
98,264,2,90,91
99,265,2,90,91
100,267,4,90,91
101,268,2,90,91
102,274,2,90,91
103,278,2,90,91
104,284,2,90,91
105,291,6,90,91
106,293,6,90,91
107,295,6,90,91
108,298,3,90,91
109,300,3,90,91
110,301,6,90,91
111,302,6,90,91
112,309,3,90,91
113,313,6,90,91
114,314,2,90,91
115,316,10,90,91
116,324,3,90,91
117,325,6,90,91
118,326,7,90,91
119,327,6,90,91
120,328,5,90,91
121,329,3,90,91
122,333,12,90,91
123,335,9,90,91
124,339,9,90,91
125,341,6,90,91
126,342,3,90,91
127,347,7,90,91
128,348,6,90,91
129,350,6,90,91
130,351,10,90,91
131,354,3,90,91
132,355,6,90,91
133,359,2,90,91
134,361,6,90,91
135,364,3,90,91
136,366,3,90,91
137,368,6,90,91
138,369,6,90,91
139,372,3,90,91
140,380,6,90,91
141,383,8,90,91
142,385,3,90,91
143,388,6,90,91
144,389,6,90,91
145,391,3,90,91
146,392,6,90,91
147,394,3,90,91
148,395,6,90,91
149,399,6,90,91
150,401,10,90,91
151,410,3,90,91
152,413,6,90,91
153,415,8,90,91
154,420,3,90,91
155,422,2,90,91
156,423,2,90,91
157,431,2,90,91
158,432,2,90,91
159,434,2,90,91
160,436,2,90,91
161,443,3,90,91
162,447,4,90,91
163,449,2,90,91
164,452,3,90,91
165,455,6,90,91
166,470,2,90,91
167,474,6,90,91
168,476,6,90,91
169,482,2,90,91
170,484,7,90,91
171,486,1,90,91
172,491,5,90,91
173,492,10,90,91
174,494,7,90,91
175,495,4,90,91
176,499,2,90,91
177,503,4,90,91
178,508,2,90,91
179,511,6,90,91
180,514,3,90,91
181,518,6,90,91
182,521,6,90,91
183,524,6,90,91
184,526,8,90,91
185,527,3,90,91
186,528,6,90,91
187,530,6,90,91
188,533,1,90,91
189,535,7,90,91
190,548,2,90,91
191,557,2,90,91
192,559,4,90,91
193,563,7,90,91
194,565,7,90,91
195,566,6,90,91
196,567,1,90,91
197,568,2,90,91
198,569,7,90,91
199,571,3,90,91
200,573,2,90,91
201,577,5,90,91
202,585,2,90,91
203,588,3,90,91
204,590,2,90,91
205,591,6,90,91
206,593,6,90,91
207,608,8,90,91
208,617,4,90,91
209,621,2,90,91
210,622,3,90,91
211,623,3,90,91
212,625,3,90,91
213,628,1,90,91
214,630,2,90,91
215,635,8,90,91
216,650,1,90,91
217,651,2,90,91
218,652,8,90,91
219,655,5,90,91
0,3,2,90,92
1,4,10,90,92
2,6,2,90,92
3,8,2,90,92
4,11,2,90,92
5,14,1,90,92
6,15,2,90,92
7,16,4,90,92
8,17,2,90,92
9,18,2,90,92
10,19,6,90,92
11,23,2,90,92
12,24,2,90,92
13,28,2,90,92
14,36,3,90,92
15,42,2,90,92
16,44,5,90,92
17,45,2,90,92
18,47,2,90,92
19,48,2,90,92
20,52,2,90,92
21,53,7,90,92
22,58,8,90,92
23,60,5,90,92
24,63,2,90,92
25,64,2,90,92
26,70,2,90,92
27,78,5,90,92
28,79,2,90,92
29,83,4,90,92
30,84,2,90,92
31,85,8,90,92
32,86,6,90,92
33,88,6,90,92
34,89,3,90,92
35,91,6,90,92
36,94,3,90,92
37,98,3,90,92
38,99,4,90,92
39,101,3,90,92
40,104,6,90,92
41,106,3,90,92
42,113,3,90,92
43,126,3,90,92
44,128,6,90,92
45,135,3,90,92
46,136,5,90,92
47,144,6,90,92
48,145,6,90,92
49,146,6,90,92
50,148,2,90,92
51,157,7,90,92
52,159,2,90,92
53,162,1,90,92
54,168,8,90,92
55,171,6,90,92
56,172,7,90,92
57,174,2,90,92
58,180,6,90,92
59,182,2,90,92
60,185,4,90,92
61,186,7,90,92
62,188,2,90,92
63,189,1,90,92
64,191,6,90,92
65,192,4,90,92
66,200,8,90,92
67,201,2,90,92
68,204,2,90,92
69,205,2,90,92
70,207,2,90,92
71,210,2,90,92
72,211,2,90,92
73,214,2,90,92
74,219,1,90,92
75,220,10,90,92
76,222,7,90,92
77,224,11,90,92
78,231,1,90,92
79,232,5,90,92
80,234,1,90,92
81,235,1,90,92
82,236,1,90,92
83,238,1,90,92
84,239,3,90,92
85,240,3,90,92
86,241,6,90,92
87,247,3,90,92
88,248,6,90,92
89,252,2,90,92
90,255,8,90,92
91,257,6,90,92
92,265,2,90,92
93,267,1,90,92
94,268,2,90,92
95,272,2,90,92
96,274,2,90,92
97,275,1,90,92
98,291,6,90,92
99,293,6,90,92
100,295,6,90,92
101,296,6,90,92
102,298,8,90,92
103,300,3,90,92
104,302,6,90,92
105,306,7,90,92
106,311,6,90,92
107,320,3,90,92
108,323,3,90,92
109,324,3,90,92
110,325,9,90,92
111,326,6,90,92
112,327,3,90,92
113,328,4,90,92
114,335,6,90,92
115,337,6,90,92
116,338,6,90,92
117,339,6,90,92
118,340,1,90,92
119,342,7,90,92
120,347,1,90,92
121,348,6,90,92
122,350,1,90,92
123,354,2,90,92
124,355,1,90,92
125,359,2,90,92
126,361,1,90,92
127,365,2,90,92
128,366,2,90,92
129,369,0,90,92
130,370,2,90,92
131,372,2,90,92
132,375,2,90,92
133,376,6,90,92
134,383,0,90,92
135,388,1,90,92
136,392,2,90,92
137,394,2,90,92
138,395,4,90,92
139,398,7,90,92
140,401,2,90,92
141,402,2,90,92
142,403,2,90,92
143,409,1,90,92
144,410,2,90,92
145,413,1,90,92
146,415,4,90,92
147,422,1,90,92
148,423,5,90,92
149,425,4,90,92
150,432,2,90,92
151,433,17,90,92
152,436,1,90,92
153,437,1,90,92
154,443,3,90,92
155,449,2,90,92
156,453,6,90,92
157,455,7,90,92
158,461,3,90,92
159,463,2,90,92
160,467,1,90,92
161,472,4,90,92
162,475,1,90,92
163,481,2,90,92
164,482,2,90,92
165,484,1,90,92
166,486,7,90,92
167,491,4,90,92
168,492,2,90,92
169,494,5,90,92
170,495,1,90,92
171,498,1,90,92
172,501,3,90,92
173,505,1,90,92
174,508,1,90,92
175,511,5,90,92
176,512,6,90,92
177,514,13,90,92
178,520,2,90,92
179,521,1,90,92
180,524,1,90,92
181,527,2,90,92
182,530,2,90,92
183,533,3,90,92
184,535,2,90,92
185,542,2,90,92
186,544,5,90,92
187,557,7,90,92
188,559,2,90,92
189,560,7,90,92
190,563,2,90,92
191,566,4,90,92
192,568,4,90,92
193,569,7,90,92
194,571,2,90,92
195,573,1,90,92
196,585,2,90,92
197,587,2,90,92
198,588,2,90,92
199,592,2,90,92
200,593,4,90,92
201,594,9,90,92
202,596,5,90,92
203,608,3,90,92
204,611,2,90,92
205,617,6,90,92
206,618,3,90,92
207,619,2,90,92
208,622,3,90,92
209,623,2,90,92
210,625,2,90,92
211,628,6,90,92
212,630,1,90,92
213,635,8,90,92
214,650,5,90,92
215,651,2,90,92
216,652,2,90,92
217,655,2,90,92
218,10001,1,90,92
219,10149,2,90,92
0,3,2,90,93
1,4,3,90,93
2,6,2,90,93
3,7,2,90,93
4,8,2,90,93
5,9,2,90,93
6,11,10,90,93
7,14,6,90,93
8,15,2,90,93
9,16,5,90,93
10,17,2,90,93
11,18,2,90,93
12,19,2,90,93
13,24,2,90,93
14,26,8,90,93
15,32,2,90,93
16,36,2,90,93
17,38,2,90,93
18,44,2,90,93
19,47,2,90,93
20,48,2,90,93
21,52,2,90,93
22,53,2,90,93
23,54,2,90,93
24,57,2,90,93
25,63,3,90,93
26,64,2,90,93
27,65,2,90,93
28,70,1,90,93
29,78,2,90,93
30,79,1,90,93
31,81,1,90,93
32,82,7,90,93
33,83,2,90,93
34,84,1,90,93
35,85,1,90,93
36,86,2,90,93
37,88,2,90,93
38,89,5,90,93
39,91,4,90,93
40,94,5,90,93
41,99,7,90,93
42,101,2,90,93
43,104,2,90,93
44,105,5,90,93
45,115,5,90,93
46,120,2,90,93
47,122,2,90,93
48,123,2,90,93
49,126,7,90,93
50,135,2,90,93
51,136,2,90,93
52,144,2,90,93
53,146,2,90,93
54,148,2,90,93
55,157,2,90,93
56,159,6,90,93
57,162,1,90,93
58,167,1,90,93
59,171,4,90,93
60,174,2,90,93
61,180,3,90,93
62,182,2,90,93
63,184,2,90,93
64,185,1,90,93
65,187,1,90,93
66,189,1,90,93
67,191,1,90,93
68,192,2,90,93
69,200,6,90,93
70,201,7,90,93
71,203,3,90,93
72,204,1,90,93
73,205,3,90,93
74,207,8,90,93
75,210,6,90,93
76,211,6,90,93
77,219,1,90,93
78,220,2,90,93
79,222,2,90,93
80,224,2,90,93
81,230,2,90,93
82,231,1,90,93
83,232,2,90,93
84,233,5,90,93
85,235,4,90,93
86,236,1,90,93
87,239,3,90,93
88,240,2,90,93
89,241,7,90,93
90,247,2,90,93
91,248,1,90,93
92,252,2,90,93
93,255,1,90,93
94,257,1,90,93
95,265,3,90,93
96,267,6,90,93
97,272,2,90,93
98,274,5,90,93
99,275,6,90,93
100,278,3,90,93
101,291,2,90,93
102,293,2,90,93
103,295,2,90,93
104,298,2,90,93
105,301,2,90,93
106,302,2,90,93
107,306,2,90,93
108,309,2,90,93
109,311,5,90,93
110,314,15,90,93
111,316,8,90,93
112,321,3,90,93
113,323,2,90,93
114,325,2,90,93
115,326,2,90,93
116,327,2,90,93
117,328,2,90,93
118,335,2,90,93
119,336,2,90,93
120,338,2,90,93
121,339,5,90,93
122,340,6,90,93
123,341,6,90,93
124,347,6,90,93
125,348,14,90,93
126,350,8,90,93
127,351,9,90,93
128,354,3,90,93
129,359,6,90,93
130,361,6,90,93
131,362,6,90,93
132,366,11,90,93
133,368,3,90,93
134,369,6,90,93
135,371,6,90,93
136,372,5,90,93
137,380,9,90,93
138,383,6,90,93
139,388,3,90,93
140,389,10,90,93
141,392,5,90,93
142,394,3,90,93
143,395,6,90,93
144,397,6,90,93
145,398,3,90,93
146,399,6,90,93
147,401,6,90,93
148,402,3,90,93
149,409,9,90,93
150,410,3,90,93
151,413,6,90,93
152,415,6,90,93
153,422,2,90,93
154,431,9,90,93
155,432,15,90,93
156,434,11,90,93
157,436,2,90,93
158,437,2,90,93
159,443,2,90,93
160,447,6,90,93
161,449,7,90,93
162,452,3,90,93
163,453,10,90,93
164,455,6,90,93
165,461,12,90,93
166,463,3,90,93
167,467,6,90,93
168,474,9,90,93
169,480,3,90,93
170,482,3,90,93
171,491,5,90,93
172,492,3,90,93
173,494,3,90,93
174,495,6,90,93
175,499,6,90,93
176,501,2,90,93
177,505,6,90,93
178,508,6,90,93
179,509,3,90,93
180,511,2,90,93
181,514,2,90,93
182,518,3,90,93
183,520,0,90,93
184,521,0,90,93
185,524,0,90,93
186,527,7,90,93
187,528,0,90,93
188,530,4,90,93
189,533,1,90,93
190,535,2,90,93
191,539,2,90,93
192,541,2,90,93
193,542,1,90,93
194,553,2,90,93
195,557,2,90,93
196,559,4,90,93
197,564,1,90,93
198,566,2,90,93
199,568,6,90,93
200,570,2,90,93
201,571,3,90,93
202,573,2,90,93
203,577,3,90,93
204,580,1,90,93
205,585,6,90,93
206,588,2,90,93
207,593,6,90,93
208,594,9,90,93
209,600,2,90,93
210,611,11,90,93
211,622,2,90,93
212,623,3,90,93
213,625,8,90,93
214,630,6,90,93
215,631,4,90,93
216,650,6,90,93
217,651,4,90,93
218,652,3,90,93
219,654,2,90,93
0,2,2,90,94
1,3,2,90,94
2,4,8,90,94
3,6,3,90,94
4,10,2,90,94
5,11,2,90,94
6,14,2,90,94
7,15,2,90,94
8,16,2,90,94
9,17,12,90,94
10,18,2,90,94
11,19,2,90,94
12,20,5,90,94
13,24,2,90,94
14,25,2,90,94
15,27,2,90,94
16,28,2,90,94
17,32,2,90,94
18,36,2,90,94
19,44,2,90,94
20,47,2,90,94
21,48,2,90,94
22,52,5,90,94
23,53,5,90,94
24,54,2,90,94
25,57,7,90,94
26,58,2,90,94
27,60,3,90,94
28,63,4,90,94
29,64,3,90,94
30,70,6,90,94
31,71,3,90,94
32,78,3,90,94
33,81,6,90,94
34,82,2,90,94
35,83,3,90,94
36,84,6,90,94
37,85,6,90,94
38,86,6,90,94
39,88,6,90,94
40,91,6,90,94
41,95,3,90,94
42,98,6,90,94
43,99,3,90,94
44,101,3,90,94
45,104,6,90,94
46,106,8,90,94
47,110,2,90,94
48,115,2,90,94
49,120,2,90,94
50,126,2,90,94
51,128,2,90,94
52,134,2,90,94
53,135,2,90,94
54,136,2,90,94
55,144,2,90,94
56,146,2,90,94
57,148,2,90,94
58,157,3,90,94
59,159,2,90,94
60,162,6,90,94
61,163,6,90,94
62,171,6,90,94
63,172,7,90,94
64,180,5,90,94
65,181,8,90,94
66,182,3,90,94
67,185,6,90,94
68,187,6,90,94
69,188,2,90,94
70,189,6,90,94
71,191,2,90,94
72,192,10,90,94
73,200,2,90,94
74,201,2,90,94
75,203,2,90,94
76,204,6,90,94
77,205,2,90,94
78,207,2,90,94
79,210,2,90,94
80,211,2,90,94
81,219,6,90,94
82,220,6,90,94
83,221,6,90,94
84,222,3,90,94
85,224,3,90,94
86,230,6,90,94
87,232,2,90,94
88,235,6,90,94
89,236,6,90,94
90,238,6,90,94
91,241,2,90,94
92,247,2,90,94
93,248,3,90,94
94,251,2,90,94
95,252,4,90,94
96,255,2,90,94
97,257,2,90,94
98,262,2,90,94
99,263,1,90,94
100,264,2,90,94
101,267,1,90,94
102,274,2,90,94
103,284,1,90,94
104,289,6,90,94
105,290,3,90,94
106,291,6,90,94
107,293,6,90,94
108,295,6,90,94
109,296,6,90,94
110,298,6,90,94
111,301,9,90,94
112,302,9,90,94
113,306,3,90,94
114,311,12,90,94
115,321,5,90,94
116,323,3,90,94
117,325,6,90,94
118,326,6,90,94
119,327,3,90,94
120,328,5,90,94
121,329,6,90,94
122,335,7,90,94
123,337,6,90,94
124,338,6,90,94
125,339,6,90,94
126,340,6,90,94
127,342,3,90,94
128,347,6,90,94
129,348,6,90,94
130,351,4,90,94
131,354,3,90,94
132,356,3,90,94
133,359,2,90,94
134,361,6,90,94
135,362,6,90,94
136,364,2,90,94
137,366,4,90,94
138,368,2,90,94
139,369,2,90,94
140,371,2,90,94
141,372,2,90,94
142,375,2,90,94
143,376,2,90,94
144,383,2,90,94
145,388,1,90,94
146,394,2,90,94
147,395,1,90,94
148,398,2,90,94
149,399,1,90,94
150,401,8,90,94
151,403,2,90,94
152,409,1,90,94
153,410,2,90,94
154,413,1,90,94
155,415,1,90,94
156,420,2,90,94
157,422,5,90,94
158,431,7,90,94
159,432,2,90,94
160,433,5,90,94
161,434,2,90,94
162,436,4,90,94
163,443,3,90,94
164,447,6,90,94
165,449,2,90,94
166,455,2,90,94
167,461,2,90,94
168,467,5,90,94
169,470,2,90,94
170,475,4,90,94
171,476,2,90,94
172,484,2,90,94
173,486,2,90,94
174,491,2,90,94
175,492,2,90,94
176,494,7,90,94
177,497,2,90,94
178,498,2,90,94
179,499,2,90,94
180,505,7,90,94
181,508,3,90,94
182,511,2,90,94
183,512,5,90,94
184,514,7,90,94
185,518,3,90,94
186,520,1,90,94
187,521,1,90,94
188,524,1,90,94
189,527,5,90,94
190,528,7,90,94
191,533,6,90,94
192,541,2,90,94
193,542,15,90,94
194,543,6,90,94
195,548,3,90,94
196,557,4,90,94
197,559,6,90,94
198,564,6,90,94
199,566,2,90,94
200,567,8,90,94
201,568,1,90,94
202,571,3,90,94
203,573,1,90,94
204,585,2,90,94
205,586,2,90,94
206,588,7,90,94
207,591,1,90,94
208,594,2,90,94
209,611,2,90,94
210,617,2,90,94
211,618,2,90,94
212,619,2,90,94
213,620,2,90,94
214,623,2,90,94
215,625,3,90,94
216,630,1,90,94
217,650,2,90,94
218,651,3,90,94
219,652,5,90,94
0,3,7,90,95
1,6,6,90,95
2,9,6,90,95
3,11,2,90,95
4,12,3,90,95
5,14,4,90,95
6,15,6,90,95
7,16,3,90,95
8,17,8,90,95
9,19,7,90,95
10,20,11,90,95
11,23,8,90,95
12,24,6,90,95
13,26,2,90,95
14,27,5,90,95
15,32,2,90,95
16,35,2,90,95
17,36,2,90,95
18,42,2,90,95
19,44,2,90,95
20,47,2,90,95
21,48,3,90,95
22,50,2,90,95
23,53,5,90,95
24,54,2,90,95
25,63,2,90,95
26,65,2,90,95
27,70,1,90,95
28,71,2,90,95
29,78,2,90,95
30,79,1,90,95
31,81,1,90,95
32,82,6,90,95
33,83,2,90,95
34,84,1,90,95
35,85,1,90,95
36,88,5,90,95
37,89,2,90,95
38,91,3,90,95
39,95,2,90,95
40,98,2,90,95
41,99,10,90,95
42,101,2,90,95
43,104,8,90,95
44,110,10,90,95
45,113,2,90,95
46,115,2,90,95
47,117,2,90,95
48,126,2,90,95
49,128,0,90,95
50,135,2,90,95
51,136,5,90,95
52,144,0,90,95
53,146,0,90,95
54,149,2,90,95
55,157,3,90,95
56,159,6,90,95
57,162,6,90,95
58,163,6,90,95
59,174,6,90,95
60,177,3,90,95
61,180,6,90,95
62,181,8,90,95
63,185,6,90,95
64,187,12,90,95
65,188,2,90,95
66,189,6,90,95
67,192,2,90,95
68,198,2,90,95
69,200,6,90,95
70,201,6,90,95
71,203,3,90,95
72,204,2,90,95
73,205,3,90,95
74,207,2,90,95
75,210,6,90,95
76,211,6,90,95
77,217,3,90,95
78,219,9,90,95
79,220,2,90,95
80,222,3,90,95
81,224,3,90,95
82,231,6,90,95
83,232,2,90,95
84,233,2,90,95
85,235,6,90,95
86,236,12,90,95
87,238,7,90,95
88,239,4,90,95
89,240,2,90,95
90,241,3,90,95
91,247,2,90,95
92,248,0,90,95
93,252,5,90,95
94,254,2,90,95
95,255,0,90,95
96,257,0,90,95
97,263,2,90,95
98,264,10,90,95
99,265,2,90,95
100,267,2,90,95
101,268,11,90,95
102,274,7,90,95
103,278,2,90,95
104,285,2,90,95
105,291,2,90,95
106,293,1,90,95
107,295,4,90,95
108,300,2,90,95
109,301,1,90,95
110,306,2,90,95
111,309,7,90,95
112,311,9,90,95
113,313,12,90,95
114,316,6,90,95
115,321,11,90,95
116,323,3,90,95
117,325,6,90,95
118,326,6,90,95
119,328,3,90,95
120,329,5,90,95
121,335,9,90,95
122,336,6,90,95
123,338,5,90,95
124,340,6,90,95
125,341,6,90,95
126,342,3,90,95
127,347,6,90,95
128,348,11,90,95
129,350,16,90,95
130,351,8,90,95
131,354,3,90,95
132,355,6,90,95
133,359,2,90,95
134,361,9,90,95
135,362,6,90,95
136,366,4,90,95
137,371,1,90,95
138,372,5,90,95
139,375,2,90,95
140,376,1,90,95
141,380,1,90,95
142,382,2,90,95
143,383,1,90,95
144,388,1,90,95
145,389,2,90,95
146,394,2,90,95
147,395,0,90,95
148,398,2,90,95
149,399,0,90,95
150,401,4,90,95
151,403,5,90,95
152,404,0,90,95
153,409,0,90,95
154,413,0,90,95
155,415,0,90,95
156,417,2,90,95
157,422,2,90,95
158,423,2,90,95
159,424,6,90,95
160,431,2,90,95
161,432,5,90,95
162,434,2,90,95
163,436,5,90,95
164,443,2,90,95
165,447,8,90,95
166,449,2,90,95
167,455,2,90,95
168,461,2,90,95
169,463,2,90,95
170,474,2,90,95
171,475,2,90,95
172,484,6,90,95
173,489,3,90,95
174,491,3,90,95
175,492,3,90,95
176,495,6,90,95
177,497,4,90,95
178,498,6,90,95
179,505,6,90,95
180,508,6,90,95
181,509,3,90,95
182,511,2,90,95
183,512,6,90,95
184,514,3,90,95
185,515,2,90,95
186,518,2,90,95
187,520,1,90,95
188,521,1,90,95
189,524,1,90,95
190,527,2,90,95
191,533,2,90,95
192,539,2,90,95
193,541,4,90,95
194,544,2,90,95
195,553,2,90,95
196,557,5,90,95
197,559,2,90,95
198,560,8,90,95
199,564,2,90,95
200,566,3,90,95
201,567,2,90,95
202,568,2,90,95
203,577,3,90,95
204,585,8,90,95
205,588,2,90,95
206,591,1,90,95
207,592,1,90,95
208,594,1,90,95
209,611,2,90,95
210,618,2,90,95
211,622,2,90,95
212,623,2,90,95
213,628,0,90,95
214,630,2,90,95
215,633,11,90,95
216,649,2,90,95
217,650,6,90,95
218,652,2,90,95
219,654,5,90,95
0,4,12,90,96
1,6,4,90,96
2,9,3,90,96
3,14,2,90,96
4,15,1,90,96
5,16,2,90,96
6,17,5,90,96
7,18,1,90,96
8,19,2,90,96
9,20,2,90,96
10,23,2,90,96
11,24,1,90,96
12,25,1,90,96
13,26,1,90,96
14,27,2,90,96
15,28,9,90,96
16,32,2,90,96
17,36,5,90,96
18,42,2,90,96
19,44,2,90,96
20,47,2,90,96
21,48,5,90,96
22,52,2,90,96
23,53,2,90,96
24,57,7,90,96
25,58,5,90,96
26,63,2,90,96
27,64,5,90,96
28,70,1,90,96
29,71,2,90,96
30,78,2,90,96
31,79,1,90,96
32,82,2,90,96
33,83,7,90,96
34,84,1,90,96
35,85,1,90,96
36,86,2,90,96
37,88,2,90,96
38,89,2,90,96
39,91,2,90,96
40,94,5,90,96
41,95,2,90,96
42,99,7,90,96
43,101,2,90,96
44,104,8,90,96
45,110,6,90,96
46,115,9,90,96
47,117,2,90,96
48,121,2,90,96
49,122,1,90,96
50,128,1,90,96
51,136,2,90,96
52,144,1,90,96
53,145,1,90,96
54,146,4,90,96
55,159,2,90,96
56,162,0,90,96
57,163,0,90,96
58,168,2,90,96
59,171,6,90,96
60,174,2,90,96
61,180,5,90,96
62,182,3,90,96
63,185,0,90,96
64,189,0,90,96
65,191,1,90,96
66,192,2,90,96
67,200,2,90,96
68,201,2,90,96
69,202,5,90,96
70,203,2,90,96
71,204,1,90,96
72,205,2,90,96
73,210,2,90,96
74,211,2,90,96
75,214,2,90,96
76,217,2,90,96
77,219,1,90,96
78,220,8,90,96
79,224,2,90,96
80,230,2,90,96
81,231,1,90,96
82,234,1,90,96
83,235,1,90,96
84,236,4,90,96
85,238,4,90,96
86,239,2,90,96
87,241,1,90,96
88,247,5,90,96
89,248,1,90,96
90,252,7,90,96
91,255,1,90,96
92,257,1,90,96
93,263,1,90,96
94,264,2,90,96
95,267,2,90,96
96,268,8,90,96
97,272,5,90,96
98,274,2,90,96
99,290,12,90,96
100,291,5,90,96
101,293,2,90,96
102,295,2,90,96
103,300,2,90,96
104,301,2,90,96
105,306,9,90,96
106,309,2,90,96
107,311,2,90,96
108,316,10,90,96
109,320,5,90,96
110,323,3,90,96
111,324,2,90,96
112,325,2,90,96
113,326,2,90,96
114,327,8,90,96
115,328,7,90,96
116,337,2,90,96
117,338,4,90,96
118,339,2,90,96
119,342,5,90,96
120,346,7,90,96
121,347,1,90,96
122,348,6,90,96
123,351,2,90,96
124,354,2,90,96
125,355,1,90,96
126,356,2,90,96
127,359,2,90,96
128,361,1,90,96
129,362,9,90,96
130,364,10,90,96
131,366,7,90,96
132,369,1,90,96
133,372,5,90,96
134,375,6,90,96
135,380,1,90,96
136,383,1,90,96
137,385,12,90,96
138,388,3,90,96
139,392,2,90,96
140,394,2,90,96
141,395,1,90,96
142,398,5,90,96
143,399,7,90,96
144,402,2,90,96
145,403,7,90,96
146,404,1,90,96
147,409,4,90,96
148,413,1,90,96
149,415,1,90,96
150,422,4,90,96
151,431,2,90,96
152,432,7,90,96
153,433,16,90,96
154,434,8,90,96
155,436,4,90,96
156,437,1,90,96
157,443,1,90,96
158,449,7,90,96
159,453,10,90,96
160,461,2,90,96
161,463,2,90,96
162,467,2,90,96
163,474,2,90,96
164,476,2,90,96
165,482,2,90,96
166,484,4,90,96
167,486,1,90,96
168,491,3,90,96
169,494,2,90,96
170,495,1,90,96
171,497,6,90,96
172,499,2,90,96
173,501,2,90,96
174,505,1,90,96
175,508,1,90,96
176,511,2,90,96
177,512,6,90,96
178,514,4,90,96
179,518,2,90,96
180,520,0,90,96
181,521,0,90,96
182,524,0,90,96
183,527,7,90,96
184,528,0,90,96
185,530,5,90,96
186,533,4,90,96
187,541,6,90,96
188,542,1,90,96
189,548,7,90,96
190,553,2,90,96
191,557,2,90,96
192,559,3,90,96
193,560,10,90,96
194,564,1,90,96
195,567,1,90,96
196,568,1,90,96
197,571,7,90,96
198,573,1,90,96
199,579,1,90,96
200,585,10,90,96
201,588,2,90,96
202,592,1,90,96
203,593,1,90,96
204,594,1,90,96
205,600,2,90,96
206,608,2,90,96
207,611,2,90,96
208,617,9,90,96
209,618,5,90,96
210,621,12,90,96
211,622,2,90,96
212,623,7,90,96
213,628,1,90,96
214,630,1,90,96
215,631,5,90,96
216,650,8,90,96
217,651,2,90,96
218,652,2,90,96
219,10149,2,90,96
0,2,2,90,97
1,3,12,90,97
2,4,2,90,97
3,6,7,90,97
4,9,6,90,97
5,11,5,90,97
6,12,6,90,97
7,14,2,90,97
8,15,6,90,97
9,18,6,90,97
10,19,2,90,97
11,23,8,90,97
12,25,6,90,97
13,26,2,90,97
14,27,9,90,97
15,32,1,90,97
16,36,4,90,97
17,38,2,90,97
18,44,1,90,97
19,45,1,90,97
20,47,1,90,97
21,52,1,90,97
22,53,2,90,97
23,58,6,90,97
24,63,2,90,97
25,64,2,90,97
26,65,2,90,97
27,70,3,90,97
28,76,2,90,97
29,78,2,90,97
30,79,1,90,97
31,81,1,90,97
32,82,5,90,97
33,84,1,90,97
34,85,1,90,97
35,88,2,90,97
36,91,2,90,97
37,94,4,90,97
38,95,2,90,97
39,99,2,90,97
40,101,5,90,97
41,104,2,90,97
42,105,2,90,97
43,110,9,90,97
44,115,2,90,97
45,117,5,90,97
46,122,2,90,97
47,126,2,90,97
48,128,2,90,97
49,136,2,90,97
50,145,2,90,97
51,146,2,90,97
52,148,2,90,97
53,157,2,90,97
54,159,1,90,97
55,162,2,90,97
56,163,2,90,97
57,171,2,90,97
58,177,8,90,97
59,179,2,90,97
60,180,6,90,97
61,182,3,90,97
62,185,2,90,97
63,189,2,90,97
64,191,1,90,97
65,200,1,90,97
66,201,1,90,97
67,202,1,90,97
68,203,2,90,97
69,204,3,90,97
70,205,7,90,97
71,207,10,90,97
72,210,1,90,97
73,211,1,90,97
74,217,2,90,97
75,218,6,90,97
76,219,0,90,97
77,222,2,90,97
78,224,2,90,97
79,231,0,90,97
80,232,2,90,97
81,233,2,90,97
82,235,0,90,97
83,236,3,90,97
84,238,0,90,97
85,239,2,90,97
86,240,2,90,97
87,241,1,90,97
88,247,2,90,97
89,248,1,90,97
90,251,2,90,97
91,252,2,90,97
92,255,1,90,97
93,258,6,90,97
94,264,2,90,97
95,267,5,90,97
96,268,7,90,97
97,274,5,90,97
98,284,2,90,97
99,291,1,90,97
100,293,1,90,97
101,295,1,90,97
102,296,1,90,97
103,300,7,90,97
104,305,1,90,97
105,306,2,90,97
106,309,4,90,97
107,311,6,90,97
108,313,6,90,97
109,314,8,90,97
110,316,6,90,97
111,321,2,90,97
112,323,3,90,97
113,325,6,90,97
114,326,9,90,97
115,328,4,90,97
116,329,3,90,97
117,337,9,90,97
118,338,2,90,97
119,339,8,90,97
120,342,3,90,97
121,347,6,90,97
122,348,14,90,97
123,350,12,90,97
124,351,2,90,97
125,354,6,90,97
126,355,9,90,97
127,356,8,90,97
128,359,2,90,97
129,361,6,90,97
130,366,2,90,97
131,368,2,90,97
132,369,2,90,97
133,371,2,90,97
134,372,4,90,97
135,375,6,90,97
136,377,2,90,97
137,380,2,90,97
138,383,2,90,97
139,388,2,90,97
140,394,2,90,97
141,395,1,90,97
142,398,2,90,97
143,401,4,90,97
144,402,2,90,97
145,403,2,90,97
146,404,1,90,97
147,405,1,90,97
148,413,4,90,97
149,415,1,90,97
150,420,2,90,97
151,422,5,90,97
152,423,2,90,97
153,431,2,90,97
154,432,2,90,97
155,433,7,90,97
156,434,4,90,97
157,436,2,90,97
158,437,3,90,97
159,443,2,90,97
160,449,2,90,97
161,455,2,90,97
162,461,2,90,97
163,463,10,90,97
164,472,5,90,97
165,474,6,90,97
166,476,2,90,97
167,482,2,90,97
168,484,1,90,97
169,486,7,90,97
170,492,8,90,97
171,494,7,90,97
172,495,1,90,97
173,498,1,90,97
174,501,2,90,97
175,504,4,90,97
176,505,1,90,97
177,508,1,90,97
178,511,2,90,97
179,512,6,90,97
180,514,5,90,97
181,518,9,90,97
182,520,2,90,97
183,521,2,90,97
184,524,2,90,97
185,527,2,90,97
186,530,5,90,97
187,533,1,90,97
188,541,7,90,97
189,542,1,90,97
190,553,2,90,97
191,557,2,90,97
192,559,4,90,97
193,560,2,90,97
194,565,7,90,97
195,566,8,90,97
196,567,1,90,97
197,568,8,90,97
198,569,7,90,97
199,571,3,90,97
200,583,5,90,97
201,585,2,90,97
202,588,2,90,97
203,591,2,90,97
204,593,2,90,97
205,597,3,90,97
206,600,2,90,97
207,608,7,90,97
208,611,2,90,97
209,617,3,90,97
210,618,2,90,97
211,623,5,90,97
212,625,3,90,97
213,628,2,90,97
214,630,2,90,97
215,631,2,90,97
216,635,2,90,97
217,651,2,90,97
218,652,2,90,97
219,655,2,90,97
0,3,4,90,98
1,4,3,90,98
2,8,2,90,98
3,9,5,90,98
4,11,5,90,98
5,14,1,90,98
6,15,2,90,98
7,16,2,90,98
8,17,7,90,98
9,18,2,90,98
10,19,8,90,98
11,23,2,90,98
12,25,2,90,98
13,26,2,90,98
14,27,2,90,98
15,28,2,90,98
16,35,2,90,98
17,36,5,90,98
18,38,6,90,98
19,44,2,90,98
20,47,2,90,98
21,52,2,90,98
22,53,2,90,98
23,57,2,90,98
24,64,2,90,98
25,70,1,90,98
26,71,2,90,98
27,74,2,90,98
28,78,2,90,98
29,79,1,90,98
30,82,2,90,98
31,83,2,90,98
32,84,3,90,98
33,85,1,90,98
34,88,1,90,98
35,89,2,90,98
36,91,1,90,98
37,94,2,90,98
38,95,2,90,98
39,98,2,90,98
40,101,2,90,98
41,104,1,90,98
42,105,1,90,98
43,110,2,90,98
44,115,2,90,98
45,117,3,90,98
46,120,1,90,98
47,126,2,90,98
48,129,2,90,98
49,136,2,90,98
50,144,2,90,98
51,145,1,90,98
52,146,4,90,98
53,148,2,90,98
54,159,2,90,98
55,162,1,90,98
56,163,3,90,98
57,168,2,90,98
58,174,2,90,98
59,177,2,90,98
60,180,3,90,98
61,182,5,90,98
62,184,2,90,98
63,185,1,90,98
64,187,1,90,98
65,191,6,90,98
66,198,2,90,98
67,200,4,90,98
68,201,3,90,98
69,203,2,90,98
70,204,6,90,98
71,205,2,90,98
72,207,2,90,98
73,210,2,90,98
74,211,2,90,98
75,217,7,90,98
76,219,2,90,98
77,220,6,90,98
78,224,7,90,98
79,231,2,90,98
80,232,2,90,98
81,233,2,90,98
82,235,2,90,98
83,236,2,90,98
84,238,2,90,98
85,239,4,90,98
86,240,8,90,98
87,241,6,90,98
88,247,3,90,98
89,248,6,90,98
90,251,5,90,98
91,252,6,90,98
92,255,6,90,98
93,257,6,90,98
94,265,6,90,98
95,267,6,90,98
96,268,2,90,98
97,274,4,90,98
98,275,6,90,98
99,284,6,90,98
100,291,6,90,98
101,293,8,90,98
102,295,6,90,98
103,300,3,90,98
104,302,6,90,98
105,306,2,90,98
106,309,3,90,98
107,316,11,90,98
108,320,3,90,98
109,323,3,90,98
110,324,6,90,98
111,325,6,90,98
112,326,6,90,98
113,327,8,90,98
114,328,3,90,98
115,329,8,90,98
116,335,6,90,98
117,338,1,90,98
118,339,6,90,98
119,340,6,90,98
120,347,6,90,98
121,348,8,90,98
122,350,6,90,98
123,351,9,90,98
124,354,3,90,98
125,355,6,90,98
126,359,3,90,98
127,361,6,90,98
128,362,6,90,98
129,366,3,90,98
130,368,3,90,98
131,369,9,90,98
132,370,13,90,98
133,375,2,90,98
134,380,6,90,98
135,383,6,90,98
136,385,3,90,98
137,388,6,90,98
138,391,2,90,98
139,392,2,90,98
140,394,2,90,98
141,395,2,90,98
142,398,5,90,98
143,399,2,90,98
144,401,2,90,98
145,402,7,90,98
146,409,2,90,98
147,413,2,90,98
148,415,2,90,98
149,422,3,90,98
150,423,2,90,98
151,431,2,90,98
152,434,2,90,98
153,436,2,90,98
154,443,2,90,98
155,444,2,90,98
156,447,2,90,98
157,449,2,90,98
158,452,3,90,98
159,453,2,90,98
160,455,4,90,98
161,463,2,90,98
162,467,7,90,98
163,474,1,90,98
164,486,3,90,98
165,491,4,90,98
166,495,2,90,98
167,497,6,90,98
168,498,2,90,98
169,499,2,90,98
170,501,3,90,98
171,503,2,90,98
172,504,2,90,98
173,505,2,90,98
174,508,5,90,98
175,511,3,90,98
176,514,8,90,98
177,517,8,90,98
178,518,2,90,98
179,520,6,90,98
180,521,9,90,98
181,523,2,90,98
182,524,6,90,98
183,527,3,90,98
184,533,6,90,98
185,541,2,90,98
186,542,12,90,98
187,544,3,90,98
188,553,6,90,98
189,557,3,90,98
190,560,2,90,98
191,564,6,90,98
192,565,3,90,98
193,567,6,90,98
194,568,6,90,98
195,569,2,90,98
196,573,2,90,98
197,577,2,90,98
198,585,2,90,98
199,587,3,90,98
200,591,6,90,98
201,592,1,90,98
202,593,6,90,98
203,594,6,90,98
204,597,2,90,98
205,600,2,90,98
206,607,3,90,98
207,608,2,90,98
208,617,2,90,98
209,618,2,90,98
210,619,3,90,98
211,623,5,90,98
212,625,7,90,98
213,630,6,90,98
214,631,3,90,98
215,635,3,90,98
216,650,2,90,98
217,651,2,90,98
218,652,3,90,98
219,10149,3,90,98
0,2,6,90,99
1,3,2,90,99
2,4,14,90,99
3,6,2,90,99
4,9,2,90,99
5,11,2,90,99
6,14,1,90,99
7,15,8,90,99
8,16,7,90,99
9,17,2,90,99
10,18,2,90,99
11,19,2,90,99
12,23,6,90,99
13,24,2,90,99
14,26,3,90,99
15,27,2,90,99
16,32,1,90,99
17,36,1,90,99
18,44,4,90,99
19,47,4,90,99
20,48,2,90,99
21,52,1,90,99
22,54,2,90,99
23,57,2,90,99
24,58,6,90,99
25,63,2,90,99
26,64,2,90,99
27,65,2,90,99
28,71,2,90,99
29,74,2,90,99
30,78,2,90,99
31,79,1,90,99
32,82,2,90,99
33,84,4,90,99
34,85,1,90,99
35,88,6,90,99
36,89,9,90,99
37,91,6,90,99
38,95,6,90,99
39,98,3,90,99
40,99,18,90,99
41,101,8,90,99
42,104,6,90,99
43,105,9,90,99
44,110,5,90,99
45,115,2,90,99
46,122,0,90,99
47,126,2,90,99
48,128,0,90,99
49,136,2,90,99
50,144,0,90,99
51,145,0,90,99
52,146,0,90,99
53,148,2,90,99
54,149,2,90,99
55,157,2,90,99
56,159,1,90,99
57,162,7,90,99
58,171,1,90,99
59,172,1,90,99
60,174,2,90,99
61,177,8,90,99
62,180,2,90,99
63,182,10,90,99
64,185,1,90,99
65,188,2,90,99
66,189,1,90,99
67,191,2,90,99
68,192,2,90,99
69,200,3,90,99
70,201,1,90,99
71,202,1,90,99
72,204,7,90,99
73,205,2,90,99
74,207,2,90,99
75,210,1,90,99
76,211,1,90,99
77,217,5,90,99
78,219,2,90,99
79,220,17,90,99
80,222,4,90,99
81,230,2,90,99
82,231,5,90,99
83,232,2,90,99
84,233,2,90,99
85,235,2,90,99
86,236,2,90,99
87,238,2,90,99
88,239,2,90,99
89,240,2,90,99
90,241,1,90,99
91,247,2,90,99
92,248,0,90,99
93,251,2,90,99
94,252,2,90,99
95,255,0,90,99
96,257,0,90,99
97,263,6,90,99
98,267,7,90,99
99,268,9,90,99
100,274,6,90,99
101,275,6,90,99
102,278,3,90,99
103,291,3,90,99
104,293,1,90,99
105,295,1,90,99
106,298,2,90,99
107,300,2,90,99
108,301,1,90,99
109,305,1,90,99
110,307,1,90,99
111,309,5,90,99
112,316,6,90,99
113,321,13,90,99
114,323,6,90,99
115,324,8,90,99
116,325,7,90,99
117,326,6,90,99
118,328,8,90,99
119,329,3,90,99
120,336,9,90,99
121,337,9,90,99
122,338,12,90,99
123,339,6,90,99
124,342,8,90,99
125,347,6,90,99
126,348,3,90,99
127,351,7,90,99
128,355,6,90,99
129,356,3,90,99
130,357,3,90,99
131,359,3,90,99
132,364,2,90,99
133,366,7,90,99
134,368,4,90,99
135,369,1,90,99
136,370,5,90,99
137,372,5,90,99
138,375,10,90,99
139,383,1,90,99
140,385,2,90,99
141,388,1,90,99
142,394,2,90,99
143,395,0,90,99
144,398,2,90,99
145,399,0,90,99
146,401,2,90,99
147,402,2,90,99
148,404,0,90,99
149,410,2,90,99
150,413,0,90,99
151,415,0,90,99
152,420,7,90,99
153,422,2,90,99
154,423,7,90,99
155,431,2,90,99
156,433,5,90,99
157,434,2,90,99
158,436,2,90,99
159,443,2,90,99
160,447,6,90,99
161,449,5,90,99
162,455,1,90,99
163,461,1,90,99
164,474,1,90,99
165,476,1,90,99
166,486,2,90,99
167,491,3,90,99
168,492,4,90,99
169,494,7,90,99
170,495,8,90,99
171,498,2,90,99
172,499,2,90,99
173,501,2,90,99
174,503,7,90,99
175,505,2,90,99
176,508,2,90,99
177,511,2,90,99
178,514,2,90,99
179,518,3,90,99
180,521,1,90,99
181,524,1,90,99
182,527,7,90,99
183,530,2,90,99
184,533,6,90,99
185,541,5,90,99
186,542,9,90,99
187,543,6,90,99
188,548,11,90,99
189,553,3,90,99
190,557,8,90,99
191,559,12,90,99
192,560,2,90,99
193,564,6,90,99
194,566,2,90,99
195,568,6,90,99
196,569,2,90,99
197,571,6,90,99
198,573,2,90,99
199,583,6,90,99
200,584,2,90,99
201,585,2,90,99
202,587,7,90,99
203,588,2,90,99
204,591,1,90,99
205,592,1,90,99
206,593,1,90,99
207,607,8,90,99
208,608,7,90,99
209,617,2,90,99
210,619,3,90,99
211,623,2,90,99
212,625,4,90,99
213,628,2,90,99
214,630,12,90,99
215,650,1,90,99
216,651,5,90,99
217,652,6,90,99
218,654,2,90,99
219,10001,6,90,99
0,3,2,90,100
1,4,2,90,100
2,6,2,90,100
3,8,2,90,100
4,11,2,90,100
5,14,2,90,100
6,15,2,90,100
7,16,2,90,100
8,17,7,90,100
9,18,2,90,100
10,19,2,90,100
11,20,2,90,100
12,24,7,90,100
13,25,3,90,100
14,26,1,90,100
15,27,2,90,100
16,28,3,90,100
17,32,6,90,100
18,36,6,90,100
19,44,6,90,100
20,47,8,90,100
21,48,6,90,100
22,52,6,90,100
23,53,3,90,100
24,54,3,90,100
25,58,2,90,100
26,63,6,90,100
27,64,5,90,100
28,70,6,90,100
29,71,6,90,100
30,78,3,90,100
31,79,15,90,100
32,81,6,90,100
33,82,2,90,100
34,83,11,90,100
35,84,6,90,100
36,85,6,90,100
37,86,2,90,100
38,88,5,90,100
39,89,2,90,100
40,91,2,90,100
41,95,2,90,100
42,98,2,90,100
43,99,7,90,100
44,101,5,90,100
45,104,2,90,100
46,106,2,90,100
47,110,6,90,100
48,117,5,90,100
49,122,2,90,100
50,126,2,90,100
51,128,2,90,100
52,129,2,90,100
53,135,2,90,100
54,136,2,90,100
55,144,2,90,100
56,146,2,90,100
57,148,2,90,100
58,149,2,90,100
59,157,2,90,100
60,159,1,90,100
61,162,2,90,100
62,168,2,90,100
63,171,5,90,100
64,174,7,90,100
65,177,2,90,100
66,180,6,90,100
67,182,10,90,100
68,185,2,90,100
69,189,2,90,100
70,191,1,90,100
71,196,1,90,100
72,200,4,90,100
73,201,1,90,100
74,203,5,90,100
75,204,1,90,100
76,205,7,90,100
77,207,6,90,100
78,210,1,90,100
79,211,1,90,100
80,219,2,90,100
81,220,6,90,100
82,222,2,90,100
83,224,2,90,100
84,228,2,90,100
85,232,5,90,100
86,233,3,90,100
87,235,2,90,100
88,236,2,90,100
89,238,2,90,100
90,239,5,90,100
91,240,2,90,100
92,241,1,90,100
93,247,7,90,100
94,248,3,90,100
95,252,5,90,100
96,255,1,90,100
97,257,1,90,100
98,263,1,90,100
99,267,4,90,100
100,272,6,90,100
101,274,5,90,100
102,275,3,90,100
103,277,2,90,100
104,278,2,90,100
105,284,1,90,100
106,289,6,90,100
107,291,8,90,100
108,293,2,90,100
109,295,2,90,100
110,296,3,90,100
111,298,2,90,100
112,300,2,90,100
113,301,2,90,100
114,309,5,90,100
115,311,6,90,100
116,313,6,90,100
117,323,3,90,100
118,324,3,90,100
119,325,9,90,100
120,327,3,90,100
121,328,10,90,100
122,329,3,90,100
123,336,4,90,100
124,337,9,90,100
125,339,6,90,100
126,340,1,90,100
127,341,2,90,100
128,342,2,90,100
129,347,1,90,100
130,348,2,90,100
131,350,1,90,100
132,351,2,90,100
133,354,2,90,100
134,362,1,90,100
135,366,2,90,100
136,368,5,90,100
137,369,2,90,100
138,371,1,90,100
139,372,2,90,100
140,383,1,90,100
141,385,5,90,100
142,388,1,90,100
143,389,2,90,100
144,391,2,90,100
145,394,2,90,100
146,395,2,90,100
147,398,5,90,100
148,401,6,90,100
149,403,2,90,100
150,409,2,90,100
151,410,2,90,100
152,413,5,90,100
153,415,2,90,100
154,417,2,90,100
155,422,1,90,100
156,431,2,90,100
157,432,2,90,100
158,434,2,90,100
159,436,4,90,100
160,437,7,90,100
161,443,1,90,100
162,447,8,90,100
163,449,2,90,100
164,455,2,90,100
165,461,5,90,100
166,463,2,90,100
167,472,2,90,100
168,474,2,90,100
169,476,4,90,100
170,482,3,90,100
171,484,6,90,100
172,486,6,90,100
173,491,3,90,100
174,492,3,90,100
175,494,3,90,100
176,495,7,90,100
177,501,2,90,100
178,503,3,90,100
179,505,6,90,100
180,508,6,90,100
181,511,7,90,100
182,514,8,90,100
183,518,2,90,100
184,520,1,90,100
185,521,1,90,100
186,524,1,90,100
187,527,7,90,100
188,530,8,90,100
189,533,2,90,100
190,535,2,90,100
191,541,9,90,100
192,542,1,90,100
193,544,2,90,100
194,553,2,90,100
195,557,7,90,100
196,559,4,90,100
197,560,7,90,100
198,564,1,90,100
199,567,3,90,100
200,568,1,90,100
201,571,2,90,100
202,573,4,90,100
203,577,2,90,100
204,587,5,90,100
205,588,2,90,100
206,591,1,90,100
207,593,7,90,100
208,594,1,90,100
209,608,8,90,100
210,617,6,90,100
211,619,2,90,100
212,622,3,90,100
213,623,2,90,100
214,625,2,90,100
215,628,2,90,100
216,630,1,90,100
217,650,4,90,100
218,651,2,90,100
219,652,2,90,100
