,player_id,web_name,team_code,element_type,now_cost,event,points_md,is_captain,multiplier,starting_lineup,selected_by_percent,gw_points
0,376,Pope,4,1,50,1,4.067,False,1,1,4.3,4.067
1,276,Matip,14,2,60,1,4.9510000000000005,False,1,1,2.7,4.9510000000000005
2,367,Targett,4,2,50,1,4.158,False,1,1,1.3,4.158
3,430,Dier,6,2,50,1,4.0,False,1,1,3.7,4.0
4,436,R.Sessegnon,6,2,45,1,3.819,False,1,1,0.5,3.819
5,443,Romero,6,2,50,1,3.95,False,1,1,2.6,3.95
6,261,Maddison,13,3,80,1,4.482,False,1,1,5.0,4.482
7,333,Fernandes,1,3,100,1,5.409,True,2,1,3.4,10.818
8,66,Solanke,91,4,60,1,4.3610000000000015,False,1,1,1.3,4.3610000000000015
9,227,Bamford,2,4,75,1,4.297,False,1,1,1.4,4.297
10,356,Wilson,4,4,75,1,5.006,False,1,1,3.7,5.006
11,478,Sá,39,1,50,1,3.444,False,0,0,4.2,0.0
12,225,Rodrigo,2,3,60,1,3.719,False,0,0,0.9,0.0
13,233,Harrison,2,3,60,1,3.647,False,0,0,1.0,0.0
14,305,Grealish,43,3,70,1,3.603,False,0,0,4.2,0.0
