,player_id,web_name,team_code,element_type,now_cost,event,points_md,is_captain,multiplier,starting_lineup,selected_by_percent,gw_points
0,30,Martínez,7,1,55,28,7.1129999999999995,False,1,1,12.1,7.1129999999999995
1,127,Rüdiger,8,2,61,28,7.750999999999999,False,1,1,19.7,7.750999999999999
2,168,Digne,7,2,51,28,6.3610000000000015,False,1,1,9.8,6.3610000000000015
3,343,Bednarek,20,2,44,28,6.581,False,1,1,1.6,6.581
4,429,Coady,39,2,48,28,7.81,False,1,1,14.1,7.81
5,138,Mount,8,3,75,28,9.023,False,1,1,11.9,9.023
6,196,Raphinha,2,3,65,28,8.704,False,1,1,15.4,8.704
7,341,Ward-Prowse,20,3,65,28,8.145999999999999,False,1,1,8.2,8.145999999999999
8,681,Coutinho,7,3,74,28,8.023,False,1,1,20.2,8.023
9,430,Jiménez,39,4,75,28,9.911,True,2,1,9.6,19.822
10,529,Lukaku,8,4,115,28,9.341,False,1,1,8.1,9.341
11,295,Dubravka,4,1,44,28,7.0630000000000015,False,0,0,1.4,0.0
12,431,Saïss,39,2,50,28,8.291,False,0,0,3.1,0.0
13,298,Fraser,4,3,53,28,7.025,False,0,0,0.4,0.0
14,345,Adams,20,4,69,28,8.328,False,0,0,5.0,0.0
