,player_id,web_name,team_code,element_type,now_cost,event,points_md,is_captain,multiplier,starting_lineup,selected_by_percent,gw_points
0,295,Dubravka,4,1,44,28,7.0630000000000015,False,1,1,1.4,7.0630000000000015
1,343,Bednarek,20,2,44,28,6.581,False,1,1,1.6,6.581
2,431,Saïss,39,2,50,28,8.291,False,1,1,3.1,8.291
3,439,Kilman,39,2,46,28,7.662000000000001,False,1,1,3.0,7.662000000000001
4,267,Harrison,2,3,55,28,7.022,False,1,1,1.7,7.022
5,287,James,2,3,60,28,6.947,False,1,1,1.0,6.947
6,298,Fraser,4,3,53,28,7.025,False,1,1,0.4,7.025
7,436,Neves,39,3,53,28,7.3119999999999985,False,1,1,1.2,7.3119999999999985
8,496,Ramsey,7,3,44,28,6.415,False,1,1,0.2,6.415
9,109,Wood,4,4,67,28,7.774,False,1,1,1.8,7.774
10,345,Adams,20,4,69,28,8.328,True,2,1,5.0,16.656
11,199,Meslier,2,1,48,28,6.760999999999999,False,0,0,2.1,0.0
12,44,Cash,7,2,51,28,6.109999999999999,False,0,0,4.9,0.0
13,342,Walker-Peters,20,2,48,28,6.0920000000000005,False,0,0,1.3,0.0
14,516,Sargent,45,4,54,28,5.584,False,0,0,0.5,0.0
