,player_id,web_name,team_code,element_type,now_cost,event,points_md,is_captain,multiplier,starting_lineup,selected_by_percent,gw_points
0,157,Pickford,11,1,48,26,7.686,False,1,1,4.8,7.686
1,226,Pereira,13,2,59,26,7.606,False,1,1,0.8,7.606
2,283,Zinchenko,43,2,55,26,8.738,False,1,1,0.6,8.738
3,391,Dier,6,2,49,26,7.45,False,1,1,3.5,7.45
4,498,Castagne,13,2,57,26,7.3439999999999985,False,1,1,3.9,7.3439999999999985
5,106,Barkley,7,3,59,26,7.305,False,1,1,0.9,7.305
6,281,Bernardo Silva,43,3,74,26,7.638,False,1,1,1.3,7.638
7,540,Traoré,7,3,59,26,7.502999999999999,False,1,1,0.7,7.502999999999999
8,557,Lookman,54,3,50,26,7.523,False,1,1,1.6,7.523
9,249,Firmino,14,4,92,26,9.058,False,1,1,4.8,9.058
10,282,Jesus,43,4,92,26,10.126,True,2,1,3.9,20.252
11,291,de Gea,1,1,53,26,7.372000000000001,False,0,0,4.8,0.0
12,219,Evans,13,2,55,26,7.202000000000001,False,0,0,1.1,0.0
13,481,Pereira,35,3,54,26,7.007999999999999,False,0,0,1.6,0.0
14,303,Martial,1,4,87,26,7.134,False,0,0,4.4,0.0
