,player_id,web_name,team_code,element_type,now_cost,event,points_md,is_captain,multiplier,starting_lineup,selected_by_percent,gw_points
0,8,Leno,3,1,49,18,4.1930000000000005,False,1,1,9.3,4.1930000000000005
1,17,Tierney,3,2,54,18,4.1960000000000015,False,1,1,9.8,4.1960000000000015
2,298,Maguire,1,2,54,18,3.936,False,1,1,4.4,3.936
3,556,Dias,43,2,58,18,4.544,False,1,1,9.0,4.544
4,24,Saka,3,3,53,18,4.149,False,1,1,9.7,4.149
5,272,De Bruyne,43,3,117,18,6.8370000000000015,True,2,1,24.9,13.674000000000003
6,276,Sterling,43,3,114,18,5.738,False,1,1,5.3,5.738
7,302,Fernandes,1,3,113,18,6.1389999999999985,False,1,1,52.6,6.1389999999999985
8,306,Rashford,1,3,96,18,5.499,False,1,1,12.2,5.499
9,506,Wilson,4,4,65,18,4.124,False,1,1,18.4,4.124
10,514,Watkins,7,4,61,18,4.365,False,1,1,8.4,4.365
11,171,Fabri,54,1,40,18,0.0,False,0,0,1.6,0.0
12,196,Douglas,2,2,38,18,0.0,False,0,0,4.8,0.0
13,467,Buur,39,2,39,18,0.038,False,0,0,2.6,0.0
14,50,Davis,7,4,43,18,0.7559999999999999,False,0,0,8.9,0.0
