,player_id,web_name,team_code,element_type,now_cost,event,points_md,is_captain,multiplier,starting_lineup,selected_by_percent,gw_points
0,8,Leno,3,1,49,18,4.1930000000000005,False,1,1,9.3,4.1930000000000005
1,17,Tierney,3,2,54,18,4.1960000000000015,False,1,1,9.8,4.1960000000000015
2,273,Stones,43,2,50,18,4.222,False,1,1,6.2,4.222
3,556,Dias,43,2,58,18,4.544,False,1,1,9.0,4.544
4,24,Saka,3,3,53,18,4.149,False,1,1,9.7,4.149
5,45,El Ghazi,7,3,58,18,3.912,False,1,1,4.3,3.912
6,272,De Bruyne,43,3,117,18,6.8370000000000015,True,2,1,24.9,13.674000000000003
7,302,Fernandes,1,3,113,18,6.1389999999999985,False,1,1,52.6,6.1389999999999985
8,306,Rashford,1,3,96,18,5.499,False,1,1,12.2,5.499
9,388,Kane,6,4,110,18,5.327000000000001,False,1,1,44.6,5.327000000000001
10,514,Watkins,7,4,61,18,4.365,False,1,1,8.4,4.365
11,483,Ramsdale,49,1,47,18,3.852,False,0,0,2.1,0.0
12,324,Clark,4,2,45,18,2.722,False,0,0,0.7,0.0
13,509,Ampadu,49,2,43,18,3.087,False,0,0,0.5,0.0
14,262,Brewster,49,4,45,18,2.483,False,0,0,7.4,0.0
