,player_id,web_name,team_code,element_type,now_cost,event,points_md,is_captain,multiplier,starting_lineup,selected_by_percent,gw_points
0,238,Meslier,2,1,45,22,6.5089999999999995,False,1,1,1.9,6.5089999999999995
1,106,Dunk,36,2,47,22,4.6419999999999995,False,1,1,4.9,4.6419999999999995
2,329,Varane,1,2,48,22,7.395,True,2,1,3.2,14.79
3,586,Estupiñán,36,2,45,22,4.55,False,1,1,2.0,4.55
4,246,Aaronson,2,3,54,22,5.041,False,1,1,0.7,5.041
5,593,Casemiro,1,3,49,22,6.7070000000000025,False,1,1,3.0,6.7070000000000025
6,609,Antony,1,3,73,22,7.260999999999999,False,1,1,3.4,7.260999999999999
7,680,Gakpo,14,3,79,22,4.495,False,1,1,0.9,4.495
8,40,Watkins,7,4,71,22,4.637,False,1,1,2.4,4.637
9,356,Wilson,4,4,71,22,4.323,False,1,1,4.4,4.323
10,619,Gnonto,2,4,50,22,5.9479999999999995,False,1,1,1.0,5.9479999999999995
11,31,Martínez,7,1,49,22,3.668,False,0,0,4.3,0.0
12,108,Webster,36,2,45,22,3.821,False,0,0,0.4,0.0
13,358,Burn,4,2,46,22,3.85,False,0,0,3.8,0.0
14,45,Bailey,7,3,45,22,3.932,False,0,0,4.0,0.0
