,player_id,web_name,team_code,element_type,now_cost,event,points_md,is_captain,multiplier,starting_lineup,selected_by_percent,gw_points
0,238,Meslier,2,1,45,22,6.506,False,1,1,1.9,6.506
1,106,Dunk,36,2,47,22,4.706,False,1,1,4.9,4.706
2,329,Varane,1,2,48,22,7.5070000000000014,True,2,1,3.2,15.014000000000003
3,586,Estupiñán,36,2,45,22,4.199,False,1,1,2.0,4.199
4,233,Harrison,2,3,58,22,5.162000000000001,False,1,1,1.5,5.162000000000001
5,593,Casemiro,1,3,49,22,6.615,False,1,1,2.9,6.615
6,609,Antony,1,3,73,22,6.9090000000000025,False,1,1,3.3,6.9090000000000025
7,680,Gakpo,14,3,79,22,4.4239999999999995,False,1,1,0.9,4.4239999999999995
8,40,Watkins,7,4,71,22,4.627,False,1,1,2.4,4.627
9,356,Wilson,4,4,71,22,4.327,False,1,1,4.4,4.327
10,619,Gnonto,2,4,50,22,6.162000000000001,False,1,1,1.0,6.162000000000001
11,31,Martínez,7,1,49,22,3.785,False,0,0,4.3,0.0
12,92,Pinnock,94,2,44,22,3.825,False,0,0,0.2,0.0
13,358,Burn,4,2,46,22,3.915,False,0,0,3.8,0.0
14,45,Bailey,7,3,45,22,4.121,False,0,0,4.0,0.0
