,player_id,web_name,team_code,element_type,now_cost,event,points_md,is_captain,multiplier,selected_by_percent,gw_points
0,327,De Gea,1,1,49,22,7.838999999999999,False,1,10.4,7.838999999999999
1,329,Varane,1,2,48,22,7.395,False,1,3.2,7.395
2,332,Shaw,1,2,53,22,8.252,False,1,24.0,8.252
3,533,Martínez,1,2,45,22,7.955,False,1,6.4,7.955
4,225,Rodrigo,2,3,64,22,8.232999999999999,False,1,8.8,8.232999999999999
5,333,Fernandes,1,3,99,22,10.244000000000002,False,1,9.1,10.244000000000002
6,335,Rashford,1,3,72,22,10.474,True,2,50.0,20.948
7,593,Casemiro,1,3,49,22,6.7070000000000025,False,1,3.0,6.7070000000000025
8,609,Antony,1,3,73,22,7.260999999999999,False,1,3.4,7.260999999999999
9,80,Toney,94,4,77,22,6.164,False,1,30.8,6.164
10,318,Haaland,43,4,122,22,6.075,False,1,85.4,6.075
