,player_id,web_name,team_code,element_type,now_cost,event,points_md,is_captain,multiplier,starting_lineup,selected_by_percent,gw_points
0,175,Johnstone,31,1,44,38,3.633,False,1,1,1.0,3.633
1,8,Tierney,3,2,46,38,3.79,False,1,1,0.8,3.79
2,188,Mina,11,2,43,38,4.325,False,1,1,0.1,4.325
3,199,Tarkowski,11,2,41,38,3.9,False,1,1,3.6,3.9
4,733,Pedro Porro,6,2,48,38,3.844,False,1,1,1.1,3.844
5,159,J.Ayew,31,3,52,38,4.468999999999999,False,1,1,0.4,4.468999999999999
6,171,Olise,31,3,53,38,4.478,True,2,1,1.8,8.956
7,261,Maddison,13,3,78,38,4.292,False,1,1,4.6,4.292
8,465,Bowen,21,3,80,38,3.6919999999999997,False,1,1,3.1,3.6919999999999997
9,534,McNeil,11,3,51,38,3.8739999999999997,False,1,1,0.9,3.8739999999999997
10,66,Solanke,91,4,56,38,3.83,False,1,1,3.7,3.83
11,548,Iversen,13,1,39,38,3.3289999999999997,False,0,0,5.0,0.0
12,329,Varane,1,2,48,38,3.404,False,0,0,2.9,0.0
13,288,Diogo Jota,14,4,86,38,3.383,False,0,0,2.2,0.0
14,397,Awoniyi,17,4,56,38,3.6519999999999997,False,0,0,1.0,0.0
