,player_id,web_name,team_code,element_type,now_cost,event,points_md,is_captain,multiplier,starting_lineup,selected_by_percent,gw_points
0,1,Leno,3,1,49,4,3.979,False,1,1,1.8,3.979
1,168,Digne,11,2,54,4,4.442,False,1,1,13.7,4.442
2,275,Shaw,1,2,55,4,5.013,False,1,1,46.8,5.013
3,555,Varane,1,2,55,4,4.68,False,1,1,3.5,4.68
4,96,Mbeumo,94,3,55,4,4.431,False,1,1,1.0,4.431
5,233,Salah,14,3,125,4,5.876,False,1,1,53.1,5.876
6,268,Torres,43,3,71,4,5.195,False,1,1,10.0,5.195
7,399,Sarr,57,3,60,4,4.544,False,1,1,4.6,4.544
8,78,Toney,94,4,64,4,5.15,False,1,1,19.6,5.15
9,357,Kane,6,4,123,4,5.582000000000002,False,1,1,7.9,5.582000000000002
10,579,Ronaldo,1,4,125,4,6.16,True,2,1,15.6,12.32
11,28,Steer,7,1,40,4,2.96,False,0,0,1.9,0.0
12,151,Kelly,31,2,40,4,0.027000000000000003,False,0,0,1.1,0.0
13,570,Nkounkou,11,2,40,4,0.0,False,0,0,0.0,0.0
14,203,Mendy,13,3,44,4,0.0,False,0,0,0.8,0.0
