,player_id,web_name,team_code,element_type,now_cost,event,points_md,is_captain,multiplier,starting_lineup,selected_by_percent,gw_points
0,31,Martínez,7,1,50,2,3.7939999999999996,False,1,1,5.8,3.7939999999999996
1,276,Matip,14,2,60,2,5.138,False,1,1,2.6,5.138
2,285,Alexander-Arnold,14,2,75,2,5.733,False,1,1,56.5,5.733
3,308,Aké,43,2,50,2,4.81,False,1,1,1.3,4.81
4,312,Dias,43,2,60,2,5.352,False,1,1,12.1,5.352
5,19,Martinelli,3,3,61,2,4.452,False,1,1,25.6,4.452
6,283,Salah,14,3,130,2,7.5120000000000005,True,2,1,62.6,15.024000000000001
7,407,Ward-Prowse,20,3,65,2,4.293,False,1,1,10.6,4.293
8,103,Welbeck,36,4,65,2,3.853,False,1,1,0.9,3.853
9,210,Mitrović,54,4,66,2,4.245,False,1,1,14.2,4.245
10,318,Haaland,43,4,116,2,7.465,False,1,1,55.1,7.465
11,113,Sánchez,36,1,45,2,3.739,False,0,0,11.3,0.0
12,477,Jonny,39,2,45,2,3.861,False,0,0,0.7,0.0
13,104,Groß,36,3,55,2,3.991,False,0,0,3.1,0.0
14,486,Neto,39,3,55,2,4.027,False,0,0,16.6,0.0
