,can_transact,can_select,chance_of_playing_next_round,chance_of_playing_this_round,code,cost_change_event,cost_change_event_fall,cost_change_start,cost_change_start_fall,price_change_percent,price_change_hourly_rate,price_change_projections,price_change_locked_until,price_change_calibrating,dreamteam_count,element_type,ep_next,ep_this,event_points,first_name,form,id,in_dreamteam,news,news_added,now_cost,photo,points_per_game,removed,second_name,selected_by_percent,special,squad_number,status,team,team_code,total_points,transfers_in,transfers_in_event,transfers_out,transfers_out_event,value_form,value_season,web_name,known_name,region,team_join_date,birth_date,has_temporary_code,opta_code,minutes,goals_scored,assists,clean_sheets,goals_conceded,own_goals,penalties_saved,penalties_missed,yellow_cards,red_cards,saves,bonus,bps,influence,creativity,threat,ict_index,clearances_blocks_interceptions,recoveries,tackles,defensive_contribution,starts,expected_goals,expected_assists,expected_goal_involvements,expected_goals_conceded,corners_and_indirect_freekicks_order,corners_and_indirect_freekicks_text,direct_freekicks_order,direct_freekicks_text,penalties_order,penalties_text,scout_risks,scout_news_link,influence_rank,influence_rank_type,creativity_rank,creativity_rank_type,threat_rank,threat_rank_type,ict_index_rank,ict_index_rank_type,expected_goals_per_90,saves_per_90,expected_assists_per_90,expected_goal_involvements_per_90,expected_goals_conceded_per_90,goals_conceded_per_90,now_cost_rank,now_cost_rank_type,form_rank,form_rank_type,points_per_game_rank,points_per_game_rank_type,selected_rank,selected_rank_type,starts_per_90,clean_sheets_per_90,defensive_contribution_per_90
0,True,True,,,154561,0,0,0,0,11.0,112,"[{'offset': 0, 'projected_percent': '11.9', 'likelihood': 1}, {'offset': 1, 'projected_percent': '13.4', 'likelihood': 1}, {'offset': 2, 'projected_percent': '14.9', 'likelihood': 1}]",,False,0,1,5.0,5.0,3,David,5.0,1,False,,,60,154561.jpg,5.0,False,Raya Martín,38.8,False,,a,1,3,15,420323,108641,396674,85968,0.8,2.5,Raya,,200.0,2024-07-04,1995-09-15,False,p154561,270,0,0,2,1,0,0,0,0,0,5,0,60,46.2,0.0,0.0,4.7,4,30,0,0,3,0.00,0.01,0.01,0.92,,,,,,,[],,128,15,639,71,637,71,235,16,0.0,1.67,0.0,0.0,0.31,0.33,61,1,50,3,55,4,5,1,1.0,0.67,0.0
1,True,True,,,109745,-1,1,-1,1,-8.3,0,"[{'offset': 0, 'projected_percent': '-8.3', 'likelihood': -1}, {'offset': 1, 'projected_percent': '-8.3', 'likelihood': -1}, {'offset': 2, 'projected_percent': '-8.3', 'likelihood': -1}]",,False,0,1,0.0,0.0,0,Kepa,0.0,2,False,,,49,109745.jpg,0.0,False,Arrizabalaga Revuelta,0.1,False,,a,1,3,0,1111,190,3074,471,0.0,0.0,Arrizabalaga,,200.0,2025-07-01,1994-10-03,False,p109745,0,0,0,0,0,0,0,0,0,0,0,0,0,0.0,0.0,0.0,0.0,0,0,0,0,0,0.00,0.00,0.00,0.00,,,,,,,[],,509,66,509,53,468,52,515,66,0.0,0.0,0.0,0.0,0.0,0.0,371,18,532,66,532,66,462,52,0.0,0.0,0.0
2,True,True,,,437495,-1,1,-1,1,-7.4,0,"[{'offset': 0, 'projected_percent': '-7.4', 'likelihood': -1}, {'offset': 1, 'projected_percent': '-7.4', 'likelihood': -1}, {'offset': 2, 'projected_percent': '-7.4', 'likelihood': -1}]",,False,0,1,0.0,0.0,0,Illan,0.0,3,False,,,49,437495.jpg,0.0,False,Meslier,0.0,False,,a,1,3,0,343,70,1125,174,0.0,0.0,Meslier,,73.0,2026-07-09,2000-03-02,False,p437495,0,0,0,0,0,0,0,0,0,0,0,0,0,0.0,0.0,0.0,0.0,0,0,0,0,0,0.00,0.00,0.00,0.00,,,,,,,[],,519,67,519,55,481,54,526,67,0.0,0.0,0.0,0.0,0.0,0.0,390,20,540,67,540,67,540,61,0.0,0.0,0.0
3,True,True,,,226597,0,0,0,0,-51.5,-287,"[{'offset': 0, 'projected_percent': '-52.5', 'likelihood': -3}, {'offset': 1, 'projected_percent': '-54.1', 'likelihood': -3}, {'offset': 2, 'projected_percent': '-55.7', 'likelihood': -3}]",,False,0,2,5.0,5.0,2,Gabriel,5.0,4,False,,,80,226597.jpg,5.0,False,dos Santos Magalhães,24.9,False,,a,1,3,15,131730,26082,584894,115144,0.6,1.9,Gabriel,Gabriel Magalhães,30.0,2020-09-01,1997-12-19,False,p226597,270,0,0,2,1,0,0,0,1,0,0,0,54,48.4,7.4,83.0,13.8,19,11,2,21,3,0.49,0.05,0.54,0.92,,,,,,,[],,120,57,230,79,16,1,72,17,0.16,0.0,0.02,0.18,0.31,0.33,7,1,54,21,59,23,10,2,1.0,0.67,7.0
4,True,True,25.0,25.0,445122,0,0,0,0,-0.2,0,"[{'offset': 0, 'projected_percent': '-0.2', 'likelihood': -1}, {'offset': 1, 'projected_percent': '-0.2', 'likelihood': -1}, {'offset': 2, 'projected_percent': '-0.2', 'likelihood': -1}]",2026-09-12T14:30:08.374304Z,False,0,2,0.0,0.0,0,Jurriën,0.0,5,False,Groin injury - 25% chance of playing,2026-07-23T12:01:23.272929Z,65,445122.jpg,0.0,False,Timber,0.1,False,,d,1,3,0,1320,370,6355,810,0.0,0.0,J.Timber,Jurriën Timber,152.0,2023-07-14,2001-06-17,False,p445122,0,0,0,0,0,0,0,0,0,0,0,0,0,0.0,0.0,0.0,0.0,0,0,0,0,0,0.00,0.00,0.00,0.00,,,,,,,[],https://www.arsenal.com/news/every-word-from-artetas-pre-chelsea-presser-avVsQ4u1mzAa,649,214,650,214,649,214,649,214,0.0,0.0,0.0,0.0,0.0,0.0,39,3,649,214,649,214,458,163,0.0,0.0,0.0
5,True,True,0.0,0.0,462424,0,0,0,0,-99.8,-4,"[{'offset': 0, 'projected_percent': '-100.4', 'likelihood': -5}, {'offset': 1, 'projected_percent': '-101.3', 'likelihood': -5}, {'offset': 2, 'projected_percent': '-102.2', 'likelihood': -5}]",,False,0,2,0.0,0.0,0,William,0.0,6,False,Back injury - Unknown return date,2026-07-23T12:01:23.289376Z,60,462424.jpg,0.0,False,Saliba,0.2,False,,i,1,3,0,2457,509,14421,2123,0.0,0.0,Saliba,,73.0,2019-07-25,2001-03-24,False,p462424,0,0,0,0,0,0,0,0,0,0,0,0,0,0.0,0.0,0.0,0.0,0,0,0,0,0,0.00,0.00,0.00,0.00,,,,,,,[],https://www.arsenal.com/news/arteta-issues-update-on-bruno-timber-and-saliba-aKfIr6V2lm7B?utm_source=premier-league-web&utm_medium=referral&utm_campaign=pl-referral-always-on&utm_content=home&utm_term=live-bar,638,213,641,213,639,213,640,213,0.0,0.0,0.0,0.0,0.0,0.0,73,8,641,213,641,213,328,119,0.0,0.0,0.0
6,True,True,,,499169,0,0,0,0,-13.9,-14,"[{'offset': 0, 'projected_percent': '-15.5', 'likelihood': -1}, {'offset': 1, 'projected_percent': '-18.2', 'likelihood': -1}, {'offset': 2, 'projected_percent': '-20.9', 'likelihood': -2}]",,False,0,3,2.7,2.7,2,Myles,2.7,7,False,,,55,499169.jpg,2.7,False,Lewis-Skelly,0.7,False,,a,1,3,8,22586,4044,27725,5184,0.5,1.5,Lewis-Skelly,,241.0,2022-12-04,2006-09-26,False,p499169,226,0,0,2,1,0,0,0,0,0,0,0,35,21.6,38.8,16.0,7.0,5,8,1,14,3,0.16,0.23,0.39,0.79,,,,,,,[],,213,86,96,65,143,73,184,86,0.06,0.0,0.09,0.15,0.31,0.4,171,105,138,59,153,64,227,74,1.19,0.8,5.58
7,True,True,,,466075,0,0,2,-2,76.9,995,"[{'offset': 0, 'projected_percent': '84.7', 'likelihood': 3}, {'offset': 1, 'projected_percent': '97.8', 'likelihood': 4}, {'offset': 2, 'projected_percent': '110.9', 'likelihood': 5}]",,False,1,2,7.3,7.3,2,Riccardo,7.3,8,False,,,57,466075.jpg,7.3,False,Calafiori,47.4,False,,a,1,3,22,1055997,230413,199783,39594,1.3,3.9,Calafiori,,106.0,2024-07-29,2002-05-19,False,p466075,236,0,2,2,1,0,0,0,0,0,0,2,61,51.6,27.3,39.0,11.8,6,6,3,9,3,0.54,0.58,1.12,0.65,,,,,,,[],,112,53,134,42,74,14,94,27,0.21,0.0,0.22,0.43,0.25,0.38,117,11,14,6,15,6,3,1,1.14,0.76,3.43
8,True,True,,,448104,-1,1,-2,2,-17.4,-49,"[{'offset': 0, 'projected_percent': '-19.6', 'likelihood': -1}, {'offset': 1, 'projected_percent': '-23.2', 'likelihood': -2}, {'offset': 2, 'projected_percent': '-26.8', 'likelihood': -2}]",,False,0,2,0.7,0.7,1,Piero,0.7,9,False,,,53,448104.jpg,1.0,False,Hincapié,1.1,False,,a,1,3,2,10442,2107,86980,10293,0.1,0.4,Hincapie,,62.0,2026-07-01,2002-01-09,False,p448104,32,0,0,0,0,0,0,0,0,0,0,0,6,6.4,1.0,2.0,1.0,2,0,1,3,0,0.00,0.00,0.00,0.28,,,,,,,[],,293,118,306,114,276,106,322,118,0.0,0.0,0.0,0.0,0.79,0.0,234,33,313,115,327,126,182,72,0.0,0.0,8.44
9,True,True,100.0,100.0,198869,0,0,0,0,72.5,75,"[{'offset': 0, 'projected_percent': '73.1', 'likelihood': 3}, {'offset': 1, 'projected_percent': '74.1', 'likelihood': 3}, {'offset': 2, 'projected_percent': '75.1', 'likelihood': 3}]",,False,0,2,6.7,6.7,2,Benjamin,6.7,10,False,,2026-07-23T12:01:23.305229Z,55,198869.jpg,6.7,False,White,7.6,False,,a,1,3,20,369487,61251,195258,52827,1.2,3.6,White,,241.0,2021-07-30,1997-10-08,False,p198869,270,0,1,2,1,0,0,0,0,0,0,3,74,65.4,52.2,23.0,14.1,11,9,4,15,3,0.18,0.29,0.47,0.92,,,,,,,[],,64,31,57,11,117,35,66,16,0.06,0.0,0.1,0.16,0.31,0.33,132,15,26,12,27,12,56,22,1.0,0.67,5.0
10,True,True,75.0,75.0,500040,-1,1,-1,1,-11.7,-485,"[{'offset': 0, 'projected_percent': '-15.2', 'likelihood': -1}, {'offset': 1, 'projected_percent': '-21.1', 'likelihood': -2}, {'offset': 2, 'projected_percent': '-27.0', 'likelihood': -2}]",,False,0,2,3.0,3.0,0,Cristhian,4.0,11,False,Muscular injury - 75% chance of playing,2026-09-04T14:00:08.080310Z,54,500040.jpg,6.0,False,Mosquera,3.6,False,,d,1,3,12,29500,544,258360,84043,0.7,2.2,Mosquera,,200.0,2025-07-24,2004-06-27,False,p500040,168,0,0,2,0,0,0,0,0,0,0,0,52,24.6,2.0,0.0,2.7,10,3,0,10,2,0.00,0.01,0.01,0.53,,,,,,,[],https://www.arsenal.com/news/every-word-artetas-post-chelsea-press-conference-apV972X6joGN,204,87,282,101,598,208,274,105,0.0,0.0,0.01,0.01,0.28,0.0,223,29,77,32,36,17,91,36,1.07,1.07,5.36
11,True,True,,,223340,0,0,0,0,26.3,12,"[{'offset': 0, 'projected_percent': '26.4', 'likelihood': 2}, {'offset': 1, 'projected_percent': '26.5', 'likelihood': 2}, {'offset': 2, 'projected_percent': '26.7', 'likelihood': 2}]",,False,0,3,7.3,7.3,2,Bukayo,7.3,12,False,,,95,223340.jpg,7.3,False,Saka,11.4,False,,a,1,3,22,341675,96385,190641,54125,0.8,2.3,Saka,,241.0,2018-11-28,2001-09-05,False,p223340,246,2,0,2,1,0,0,0,0,0,0,4,95,94.4,61.9,147.0,30.3,6,12,4,22,3,1.50,0.35,1.85,0.78,2.0,,2.0,,1.0,,[],,22,11,40,35,3,1,5,4,0.55,0.0,0.13,0.68,0.29,0.37,4,3,15,6,16,7,38,14,1.1,0.73,8.05
12,True,True,,,204480,-1,1,-1,1,-5.7,-299,"[{'offset': 0, 'projected_percent': '-6.7', 'likelihood': -1}, {'offset': 1, 'projected_percent': '-8.5', 'likelihood': -1}, {'offset': 2, 'projected_percent': '-10.2', 'likelihood': -1}]",,False,0,3,4.3,4.3,5,Declan,4.3,13,False,,,74,204480.jpg,4.3,False,Rice,13.7,False,,a,1,3,13,70818,13546,475348,68735,0.6,1.8,Rice,,241.0,2023-07-15,1999-01-14,False,p204480,241,0,1,2,1,0,0,0,0,0,0,0,51,64.6,53.9,4.0,12.3,10,11,3,24,3,0.10,0.26,0.36,0.78,1.0,,1.0,,,,[],,65,20,52,43,252,120,85,53,0.04,0.0,0.1,0.14,0.29,0.37,18,11,71,34,76,35,30,12,1.12,0.75,8.96
13,True,True,,,232413,0,0,-1,1,-78.4,-75,"[{'offset': 0, 'projected_percent': '-83.2', 'likelihood': -3}, {'offset': 1, 'projected_percent': '-91.1', 'likelihood': -3}, {'offset': 2, 'projected_percent': '-99.1', 'likelihood': -4}]",,False,0,3,0.7,0.7,0,Eberechi,0.7,14,False,,,64,232413.jpg,1.0,False,Eze,1.3,False,,a,1,3,2,16392,2405,100776,15712,0.1,0.3,Eze,,241.0,2025-08-23,1998-06-29,False,p232413,59,0,0,0,0,0,0,0,0,0,0,0,10,1.6,3.8,3.0,0.7,0,5,0,5,0,0.04,0.07,0.11,0.39,,,3.0,,,,[],,344,158,249,132,261,127,335,153,0.06,0.0,0.11,0.17,0.59,0.0,48,32,330,152,365,170,161,50,0.0,0.0,7.63
14,True,True,,,184029,0,0,1,-1,49.9,1473,"[{'offset': 0, 'projected_percent': '61.5', 'likelihood': 3}, {'offset': 1, 'projected_percent': '80.9', 'likelihood': 3}, {'offset': 2, 'projected_percent': '100.3', 'likelihood': 5}]",,False,1,3,8.0,8.0,10,Martin,8.0,15,True,,,66,184029.jpg,8.0,False,Ødegaard,13.1,False,,a,1,3,24,633225,224013,256499,47037,1.2,3.6,Ødegaard,,161.0,2021-08-20,1998-12-17,False,p184029,221,2,0,2,1,0,0,0,0,0,0,6,101,102.4,102.5,66.0,27.1,3,8,5,16,3,1.01,1.05,2.06,0.66,4.0,,4.0,,3.0,,[],,11,7,12,12,37,22,11,9,0.41,0.0,0.43,0.84,0.27,0.41,32,21,8,5,9,6,31,13,1.22,0.81,6.52
15,True,True,,,248857,0,0,-2,2,-33.2,-15,"[{'offset': 0, 'projected_percent': '-38.2', 'likelihood': -2}, {'offset': 1, 'projected_percent': '-46.7', 'likelihood': -3}, {'offset': 2, 'projected_percent': '-55.1', 'likelihood': -3}]",,False,0,3,0.7,0.7,1,Noni,0.7,16,False,,,63,248857.jpg,1.0,False,Madueke,0.2,False,,a,1,3,2,3651,963,18656,2352,0.1,0.3,Madueke,,241.0,2025-07-18,2002-03-10,False,p248857,23,0,0,0,0,0,0,0,0,0,0,0,11,11.6,43.9,0.0,5.6,0,2,1,3,0,0.00,0.05,0.05,0.15,6.0,,,,,,[],,259,107,77,55,645,286,216,99,0.0,0.0,0.2,0.2,0.59,0.0,55,39,328,151,363,168,320,114,0.0,0.0,11.74
16,True,True,,,195384,0,0,-1,1,-74.5,-32,"[{'offset': 0, 'projected_percent': '-80.2', 'likelihood': -3}, {'offset': 1, 'projected_percent': '-89.7', 'likelihood': -3}, {'offset': 2, 'projected_percent': '-99.2', 'likelihood': -4}]",,False,0,3,0.7,0.7,0,Mikel,0.7,17,False,,,59,195384.jpg,0.7,False,Merino Zazón,0.5,False,,a,1,3,2,6618,1135,34956,5830,0.1,0.3,Merino,,200.0,2024-08-27,1996-06-22,False,p195384,46,0,0,0,0,0,0,0,1,0,0,0,12,6.4,3.3,14.0,2.4,0,6,0,6,0,0.14,0.02,0.16,0.26,,,,,,,[],,295,126,258,136,163,80,282,124,0.27,0.0,0.04,0.31,0.51,0.0,90,58,326,150,381,180,256,85,0.0,0.0,11.74
17,True,False,0.0,0.0,444145,0,0,-2,2,0.0,-7,"[{'offset': 0, 'projected_percent': '0.0', 'likelihood': 0}, {'offset': 1, 'projected_percent': '0.0', 'likelihood': 0}, {'offset': 2, 'projected_percent': '0.0', 'likelihood': 0}]",,False,0,3,0.0,0.0,0,Gabriel,0.0,18,False,Has joined Al Hilal permanently,2026-09-04T12:34:46.738449Z,63,444145.jpg,0.0,False,Martinelli Silva,0.1,False,,u,1,3,0,2483,0,17944,4302,0.0,0.0,Martinelli,Gabriel Martinelli,30.0,2019-07-15,2001-06-18,False,p444145,0,0,0,0,0,0,0,0,0,0,0,0,0,0.0,0.0,0.0,0.0,0,0,0,0,0,0.00,0.00,0.00,0.00,,,,,,,[],,646,287,647,287,646,287,646,287,0.0,0.0,0.0,0.0,0.0,0.0,56,40,646,286,646,286,418,162,0.0,0.0,0.0
18,True,True,,,481655,0,0,-1,1,-58.9,-38,"[{'offset': 0, 'projected_percent': '-63.2', 'likelihood': -3}, {'offset': 1, 'projected_percent': '-70.4', 'likelihood': -3}, {'offset': 2, 'projected_percent': '-77.7', 'likelihood': -3}]",,False,0,3,1.0,1.0,1,Martín,1.0,19,False,,,54,481655.jpg,1.0,False,Zubimendi Ibáñez,0.7,False,,a,1,3,3,6068,1004,47045,6436,0.2,0.6,Zubimendi,,200.0,2025-07-06,1999-02-02,False,p481655,50,0,0,0,0,0,0,0,0,0,0,0,9,10.0,4.0,11.0,2.5,4,2,3,9,0,0.08,0.04,0.12,0.28,,,,,,,[],,270,115,247,131,186,91,278,121,0.14,0.0,0.07,0.21,0.5,0.0,218,137,268,121,335,151,223,72,0.0,0.0,16.2
19,True,True,,,616077,-1,1,-2,2,-4.1,-1,"[{'offset': 0, 'projected_percent': '-4.9', 'likelihood': -1}, {'offset': 1, 'projected_percent': '-6.3', 'likelihood': -1}, {'offset': 2, 'projected_percent': '-7.7', 'likelihood': -1}]",,False,0,3,0.0,0.0,0,Max,0.0,20,False,,,53,616077.jpg,0.0,False,Dowman,0.1,False,,a,1,3,0,1404,323,5052,725,0.0,0.0,Dowman,,241.0,2025-07-22,2009-12-31,False,p616077,0,0,0,0,0,0,0,0,0,0,0,0,0,0.0,0.0,0.0,0.0,0,0,0,0,0,0.00,0.00,0.00,0.00,,,,,,,[],,593,250,600,256,582,243,600,253,0.0,0.0,0.0,0.0,0.0,0.0,236,148,608,257,608,257,472,185,0.0,0.0,0.0
20,True,False,0.0,0.0,499175,0,0,-1,1,0.0,0,"[{'offset': 0, 'projected_percent': '0.0', 'likelihood': 0}, {'offset': 1, 'projected_percent': '0.0', 'likelihood': 0}, {'offset': 2, 'projected_percent': '0.0', 'likelihood': 0}]",,False,0,3,0.0,0.0,0,Ethan,0.0,22,False,Has joined Borussia Dortmund on loan for the rest of the season,2026-09-02T16:01:07.058827Z,54,499175.jpg,0.0,False,Nwaneri,0.0,False,,u,1,3,0,233,0,974,223,0.0,0.0,Nwaneri,,241.0,2022-09-17,2007-03-21,False,p499175,0,0,0,0,0,0,0,0,0,0,0,0,0,0.0,0.0,0.0,0.0,0,0,0,0,0,0.00,0.00,0.00,0.00,,,,,,,[],,606,260,611,264,597,255,612,262,0.0,0.0,0.0,0.0,0.0,0.0,222,140,618,265,618,265,609,260,0.0,0.0,0.0
21,True,False,0.0,0.0,438098,0,0,0,0,0.0,0,"[{'offset': 0, 'projected_percent': '0.0', 'likelihood': 0}, {'offset': 1, 'projected_percent': '0.0', 'likelihood': 0}, {'offset': 2, 'projected_percent': '0.0', 'likelihood': 0}]",,False,0,3,0.0,0.0,0,Fábio,0.0,23,False,Has joined Hamburger SV permanently,2026-09-02T16:00:28.446370Z,55,438098.jpg,0.0,False,Ferreira Vieira,0.0,False,,u,1,3,0,255,0,707,181,0.0,0.0,Fábio Vieira,Fábio Vieira,173.0,2022-06-21,2000-05-30,False,p438098,0,0,0,0,0,0,0,0,0,0,0,0,0,0.0,0.0,0.0,0.0,0,0,0,0,0,0.00,0.00,0.00,0.00,,,,,,,[],,617,267,623,269,614,263,623,269,0.0,0.0,0.0,0.0,0.0,0.0,151,91,626,270,626,270,613,262,0.0,0.0,0.0
22,True,False,0.0,0.0,200641,0,0,0,0,0.0,0,"[{'offset': 0, 'projected_percent': '0.0', 'likelihood': 0}, {'offset': 1, 'projected_percent': '0.0', 'likelihood': 0}, {'offset': 2, 'projected_percent': '0.0', 'likelihood': 0}]",,False,0,3,0.0,0.0,0,Reiss,0.0,24,False,has departed the club as a free agent.,2026-08-29T00:33:08.556767Z,55,200641.jpg,0.0,False,Nelson,0.0,False,,u,1,3,0,68,0,534,59,0.0,0.0,Nelson,,241.0,2017-07-12,1999-12-10,False,p200641,0,0,0,0,0,0,0,0,0,0,0,0,0,0.0,0.0,0.0,0.0,0,0,0,0,0,0.00,0.00,0.00,0.00,,,,,,,[],,614,264,619,266,609,259,620,266,0.0,0.0,0.0,0.0,0.0,0.0,134,82,623,267,623,267,622,267,0.0,0.0,0.0
23,True,True,,,224117,0,0,-2,2,-79.2,-288,"[{'offset': 0, 'projected_percent': '-84.9', 'likelihood': -3}, {'offset': 1, 'projected_percent': '-94.5', 'likelihood': -3}, {'offset': 2, 'projected_percent': '-104.1', 'likelihood': -5}]",,False,0,4,0.3,0.3,1,Viktor,0.3,25,False,,,73,224117.jpg,1.0,False,Gyökeres,4.1,False,,a,1,3,1,20735,3798,487421,48301,0.0,0.1,Gyökeres,,206.0,2025-07-26,1998-06-04,False,p224117,12,0,0,0,0,0,0,0,0,0,0,0,2,0.0,0.1,0.0,0.0,0,1,0,1,0,0.00,0.00,0.00,0.11,,,,,2.0,,[],,650,76,354,45,650,76,650,76,0.0,0.0,0.0,0.0,0.82,0.0,23,8,386,47,370,46,84,12,0.0,0.0,7.5
24,True,True,,,219847,0,0,0,0,76.0,569,"[{'offset': 0, 'projected_percent': '80.5', 'likelihood': 3}, {'offset': 1, 'projected_percent': '88.0', 'likelihood': 3}, {'offset': 2, 'projected_percent': '95.5', 'likelihood': 4}]",,False,0,4,5.3,5.3,8,Kai,5.3,26,False,,,75,219847.jpg,5.3,False,Havertz,7.4,False,,a,1,3,16,348720,88593,215263,35049,0.7,2.1,Havertz,,80.0,2023-06-28,1999-06-11,False,p219847,257,2,0,2,1,0,0,0,0,0,0,2,77,82.6,53.6,105.0,24.1,3,5,0,8,3,0.55,0.33,0.88,0.80,,,,,,,[],,38,4,53,2,9,5,15,4,0.19,0.0,0.12,0.31,0.28,0.35,17,6,45,4,49,4,57,8,1.05,0.7,2.8
25,True,False,0.0,0.0,205651,0,0,-1,1,0.0,-22,"[{'offset': 0, 'projected_percent': '0.0', 'likelihood': 0}, {'offset': 1, 'projected_percent': '0.0', 'likelihood': 0}, {'offset': 2, 'projected_percent': '0.0', 'likelihood': 0}]",,False,0,4,0.0,0.0,0,Gabriel,0.0,27,False,Has joined FC Barcelona permanently,2026-09-02T16:00:28.475184Z,59,205651.jpg,0.0,False,Fernando de Jesus,0.2,False,,u,1,3,0,4164,0,23630,5343,0.0,0.0,G.Jesus,Gabriel Jesus,30.0,2022-07-04,1997-04-03,False,p205651,0,0,0,0,0,0,0,0,0,0,0,0,0,0.0,0.0,0.0,0.0,0,0,0,0,0,0.00,0.00,0.00,0.00,,,,,,,[],,628,71,632,75,626,73,631,74,0.0,0.0,0.0,0.0,0.0,0.0,92,24,634,76,634,76,341,54,0.0,0.0,0.0
26,True,True,,,199798,0,0,-1,1,51.7,859,"[{'offset': 0, 'projected_percent': '58.5', 'likelihood': 3}, {'offset': 1, 'projected_percent': '69.9', 'likelihood': 3}, {'offset': 2, 'projected_percent': '81.2', 'likelihood': 3}]",,False,0,2,1.7,1.7,4,Ezri,1.7,31,False,,,44,199798.jpg,2.5,False,Konsa Ngoyo,13.0,False,,a,1,3,5,567117,246424,475081,46348,0.4,1.1,Konsa,,241.0,2026-08-21,1997-10-23,False,p199798,101,0,0,0,1,0,0,0,0,0,0,0,18,22.6,1.5,4.0,2.8,8,5,3,11,1,0.00,0.01,0.01,0.39,,,,,,,[],,209,89,291,104,238,86,270,103,0.0,0.0,0.01,0.01,0.35,0.89,569,152,198,74,159,61,32,10,0.89,0.0,9.8
27,True,True,100.0,75.0,208706,0,0,-2,2,-57.7,-78,"[{'offset': 0, 'projected_percent': '-61.2', 'likelihood': -3}, {'offset': 1, 'projected_percent': '-66.9', 'likelihood': -3}, {'offset': 2, 'projected_percent': '-72.7', 'likelihood': -3}]",,False,0,3,0.3,0.2,0,Bruno,0.3,452,False,,2026-09-04T14:00:08.328779Z,68,208706.jpg,1.0,False,Guimarães Rodriguez Moura,1.9,False,,a,1,3,1,7491,1095,209455,20118,0.0,0.1,Bruno G.,Bruno Guimarães,30.0,2026-08-08,1997-11-16,False,p208706,19,0,0,0,0,0,0,0,0,0,0,0,4,1.4,0.8,2.0,0.4,0,3,0,3,0,0.00,0.01,0.01,0.00,5.0,,,,4.0,,[],,347,160,316,157,289,140,347,159,0.0,0.0,0.05,0.05,0.0,0.0,31,20,385,181,369,174,130,40,0.0,0.0,14.21
28,True,True,,,439509,-1,1,-1,1,-0.4,-209,"[{'offset': 0, 'projected_percent': '-1.0', 'likelihood': -1}, {'offset': 1, 'projected_percent': '-1.9', 'likelihood': -1}, {'offset': 2, 'projected_percent': '-2.9', 'likelihood': -1}]",,False,0,3,3.7,3.7,5,Christos,3.7,557,False,,,64,439509.jpg,3.7,False,Tzolis,17.6,False,,a,1,3,11,362554,34483,943429,194405,0.6,1.7,Tzolis,,83.0,2026-07-23,2002-01-30,False,p439509,210,0,2,1,1,0,0,0,2,0,0,1,62,47.6,101.6,38.0,18.8,5,10,2,17,3,0.19,0.35,0.54,0.55,3.0,,,,,,[],,124,45,13,13,78,47,33,25,0.08,0.0,0.15,0.23,0.24,0.43,49,33,93,44,101,46,21,8,1.29,0.43,7.29
29,True,True,,,72147,0,0,0,0,-7.2,-1,"[{'offset': 0, 'projected_percent': '-8.0', 'likelihood': -1}, {'offset': 1, 'projected_percent': '-9.1', 'likelihood': -1}, {'offset': 2, 'projected_percent': '-10.3', 'likelihood': -1}]",,False,0,1,0.3,0.3,0,Marco,0.3,29,False,,,45,72147.jpg,1.0,False,Bizot,0.1,False,,a,2,7,1,3675,524,4106,850,0.1,0.2,M.Bizot,,152.0,2025-07-15,1991-03-10,False,p72147,90,0,0,0,4,0,0,0,0,0,3,0,1,28.2,0.0,0.0,2.8,2,6,0,0,1,0.00,0.00,0.00,3.77,,,,,,,[],,192,21,417,28,364,25,271,21,0.0,3.0,0.0,0.0,3.77,4.0,426,24,341,22,276,22,382,44,1.0,0.0,0.0
30,True,False,0.0,0.0,101188,0,0,0,0,0.0,-4,"[{'offset': 0, 'projected_percent': '0.0', 'likelihood': 0}, {'offset': 1, 'projected_percent': '0.0', 'likelihood': 0}, {'offset': 2, 'projected_percent': '0.0', 'likelihood': 0}]",,False,0,2,0.0,0.0,0,Lucas,0.0,30,False,Has joined Paris Saint-Germain permanently,2026-08-10T14:03:30.089007Z,45,101188.jpg,0.0,False,Digne,0.1,False,,u,2,7,0,0,0,7630,582,0.0,0.0,Digne,,73.0,2022-01-13,1993-07-20,False,p101188,0,0,0,0,0,0,0,0,0,0,0,0,0,0.0,0.0,0.0,0.0,0,0,0,0,0,0.00,0.00,0.00,0.00,,,,,,,[],,423,169,420,169,367,156,429,167,0.0,0.0,0.0,0.0,0.0,0.0,431,84,448,173,448,173,481,170,0.0,0.0,0.0
31,True,True,,,199796,0,0,0,0,-53.7,34,"[{'offset': 0, 'projected_percent': '-53.2', 'likelihood': -3}, {'offset': 1, 'projected_percent': '-52.6', 'likelihood': -3}, {'offset': 2, 'projected_percent': '-51.9', 'likelihood': -3}]",,False,0,2,2.3,2.3,6,Matty,2.3,32,False,,,45,199796.jpg,2.3,False,Cash,6.9,False,,a,2,7,7,82931,14325,206260,22626,0.5,1.6,Cash,,172.0,2020-09-03,1997-08-07,False,p199796,251,0,0,1,5,0,0,0,1,0,0,0,23,32.4,19.2,13.0,6.5,8,2,6,14,3,0.15,0.04,0.19,5.03,1.0,,,,,,[],,181,81,174,54,166,57,196,76,0.05,0.0,0.01,0.06,1.8,1.79,456,98,150,60,168,66,61,25,1.08,0.36,5.02
32,True,True,,,149484,0,0,0,0,-8.7,6,"[{'offset': 0, 'projected_percent': '-7.5', 'likelihood': -1}, {'offset': 1, 'projected_percent': '-5.4', 'likelihood': -1}, {'offset': 2, 'projected_percent': '-3.4', 'likelihood': -1}]",,False,0,2,2.3,2.3,6,Tyrone,2.3,33,False,,,45,149484.jpg,3.5,False,Mings,0.4,False,,a,2,7,7,7331,1456,9465,1122,0.5,1.6,Mings,,241.0,2019-07-08,1993-03-13,False,p149484,106,0,0,1,0,0,0,0,0,0,0,0,33,16.8,4.4,13.0,3.4,4,2,2,6,1,0.11,0.02,0.13,0.79,,,,,,,[],,236,99,243,82,165,56,254,97,0.09,0.0,0.02,0.11,0.67,0.0,441,86,149,59,104,39,278,102,0.85,0.85,5.09
33,True,True,,,244954,0,0,0,0,-38.5,-7,"[{'offset': 0, 'projected_percent': '-40.0', 'likelihood': -3}, {'offset': 1, 'projected_percent': '-42.5', 'likelihood': -3}, {'offset': 2, 'projected_percent': '-45.0', 'likelihood': -3}]",,False,0,2,0.7,0.7,0,Pau,0.7,34,False,,,45,244954.jpg,1.0,False,Torres,0.4,False,,a,2,7,2,7744,658,12232,2836,0.2,0.4,Pau,,200.0,2023-07-12,1997-01-16,False,p244954,163,0,0,0,5,0,0,0,0,0,0,0,-8,11.0,1.5,0.0,1.2,8,9,1,9,2,0.00,0.01,0.01,4.59,,,,,,,[],,264,110,292,105,393,165,315,117,0.0,0.0,0.01,0.01,2.53,2.76,481,116,293,107,284,111,269,99,1.1,0.0,4.97
34,True,True,,,515597,0,0,0,0,-37.7,0,"[{'offset': 0, 'projected_percent': '-37.7', 'likelihood': -2}, {'offset': 1, 'projected_percent': '-37.7', 'likelihood': -2}, {'offset': 2, 'projected_percent': '-37.7', 'likelihood': -2}]",,False,0,3,0.3,0.3,0,Lamare,0.3,35,False,,,50,515597.jpg,1.0,False,Bogarde,0.1,False,,a,2,7,1,1952,371,2860,619,0.1,0.2,Bogarde,,152.0,2021-01-07,2004-01-05,False,p515597,16,0,0,0,0,0,0,0,0,0,0,0,3,2.2,0.5,0.0,0.3,1,0,0,1,0,0.00,0.00,0.00,0.22,,,,,,,[],,340,156,330,163,560,228,352,162,0.0,0.0,0.0,0.0,1.24,0.0,333,200,365,169,321,141,473,186,0.0,0.0,5.62
35,True,True,,,441302,0,0,0,0,-2.4,31,"[{'offset': 0, 'projected_percent': '0.1', 'likelihood': 1}, {'offset': 1, 'projected_percent': '0.5', 'likelihood': 1}, {'offset': 2, 'projected_percent': '0.9', 'likelihood': 1}]",,False,0,2,2.7,2.7,7,Ian,2.7,36,False,,,45,441302.jpg,2.7,False,Maatsen,0.8,False,,a,2,7,8,18299,4461,20148,2665,0.6,1.8,Maatsen,,152.0,2024-06-28,2002-03-10,False,p441302,245,0,0,1,5,0,0,0,1,0,0,1,15,24.6,21.1,19.0,6.4,14,4,6,20,3,0.10,0.42,0.52,4.88,,,,,,,[],,202,86,163,53,124,37,202,78,0.04,0.0,0.15,0.19,1.79,1.84,488,122,127,51,144,58,217,82,1.1,0.37,7.35
36,True,True,,,184667,0,0,0,0,-13.2,5,"[{'offset': 0, 'projected_percent': '-11.9', 'likelihood': -1}, {'offset': 1, 'projected_percent': '-9.7', 'likelihood': -1}, {'offset': 2, 'projected_percent': '-7.6', 'likelihood': -1}]",,False,0,2,2.0,2.0,6,Victor,2.0,37,False,,,45,184667.jpg,2.0,False,Lindelöf,0.3,False,,a,2,7,6,6352,1366,7911,905,0.4,1.3,Lindelöf,,206.0,2025-09-01,1994-07-17,False,p184667,270,0,0,1,5,1,0,0,0,0,0,0,25,39.2,26.2,2.0,6.7,13,5,1,14,3,0.00,0.16,0.16,5.38,,,,,,,[],,150,68,140,45,265,98,192,74,0.0,0.0,0.05,0.05,1.79,1.67,453,95,173,69,191,74,302,110,1.0,0.33,4.67
37,True,True,,,606798,0,0,0,0,-6.3,-11,"[{'offset': 0, 'projected_percent': '-6.9', 'likelihood': -1}, {'offset': 1, 'projected_percent': '-7.8', 'likelihood': -1}, {'offset': 2, 'projected_percent': '-8.7', 'likelihood': -1}]",,False,0,2,0.0,0.0,0,Andrés,0.0,38,False,,,40,606798.jpg,0.0,False,García,1.7,False,,a,2,7,0,30450,6940,39572,8972,0.0,0.0,A.García,,,,,False,p606798,0,0,0,0,0,0,0,0,0,0,0,0,0,0.0,0.0,0.0,0.0,0,0,0,0,0,0.00,0.00,0.00,0.00,,,,,,,[],,413,161,408,161,353,146,419,159,0.0,0.0,0.0,0.0,0.0,0.0,648,208,438,165,438,165,140,58,0.0,0.0,0.0
38,True,False,0.0,0.0,578545,0,0,0,0,0.0,-7,"[{'offset': 0, 'projected_percent': '0.0', 'likelihood': 0}, {'offset': 1, 'projected_percent': '0.0', 'likelihood': 0}, {'offset': 2, 'projected_percent': '0.0', 'likelihood': 0}]",,False,0,2,0.0,0.0,0,Kosta,0.0,39,False,Has joined Rangers on loan for the rest of the season,2026-08-19T13:56:46.385411Z,40,578545.jpg,0.0,False,Nedeljkovic,0.2,False,,u,2,7,0,0,0,12401,1175,0.0,0.0,Nedeljkovic,,190.0,2024-01-22,2005-12-16,False,p578545,0,0,0,0,0,0,0,0,0,0,0,0,0,0.0,0.0,0.0,0.0,0,0,0,0,0,0.00,0.00,0.00,0.00,,,,,,,[],,411,160,406,160,350,144,417,158,0.0,0.0,0.0,0.0,0.0,0.0,645,206,436,164,436,164,360,136,0.0,0.0,0.0
39,True,True,,,195546,-1,1,-1,1,-0.4,-24,"[{'offset': 0, 'projected_percent': '-1.5', 'likelihood': -1}, {'offset': 1, 'projected_percent': '-3.3', 'likelihood': -1}, {'offset': 2, 'projected_percent': '-5.1', 'likelihood': -1}]",,False,0,3,2.3,2.3,3,Emiliano,2.3,41,False,,,59,195546.jpg,2.3,False,Buendía Stati,1.0,False,,a,2,7,7,29682,4064,56628,10625,0.4,1.2,Buendía,,10.0,2021-06-10,1996-12-25,False,p195546,249,0,0,1,5,0,0,0,0,0,0,0,15,5.0,40.3,24.0,6.3,3,9,2,14,3,0.78,0.16,0.94,4.88,3.0,,1.0,,1.0,,[],,307,136,91,62,115,59,204,93,0.28,0.0,0.06,0.34,1.76,1.81,91,59,164,72,181,78,191,60,1.08,0.36,5.06
40,True,False,0.0,0.0,215711,0,0,-1,1,0.0,-16,"[{'offset': 0, 'projected_percent': '0.0', 'likelihood': 0}, {'offset': 1, 'projected_percent': '0.0', 'likelihood': 0}, {'offset': 2, 'projected_percent': '0.0', 'likelihood': 0}]",,False,0,3,0.0,0.0,0,Leon,0.0,44,False,Has joined Olympiakos permanently,2026-09-04T12:35:14.472260Z,54,215711.jpg,0.0,False,Bailey,0.1,False,,u,2,7,0,2096,0,9413,3032,0.0,0.0,Bailey,,107.0,2021-08-04,1997-08-09,False,p215711,0,0,0,0,0,0,0,0,0,0,0,0,0,0.0,0.0,0.0,0.0,0,0,0,0,0,0.00,0.00,0.00,0.00,,,,,,,[],,597,253,604,259,588,248,604,256,0.0,0.0,0.0,0.0,0.0,0.0,198,124,612,260,612,260,438,171,0.0,0.0,0.0
41,True,True,,,122806,0,0,-1,1,-14.9,-36,"[{'offset': 0, 'projected_percent': '-16.2', 'likelihood': -1}, {'offset': 1, 'projected_percent': '-18.3', 'likelihood': -1}, {'offset': 2, 'projected_percent': '-20.4', 'likelihood': -2}]",,False,0,3,1.7,1.7,3,John,1.7,45,False,,,54,122806.jpg,1.7,False,McGinn,2.3,False,,a,2,7,5,30530,6033,105057,15922,0.3,0.9,McGinn,,243.0,2018-08-08,1994-10-18,False,p122806,261,0,0,1,5,0,0,0,2,0,0,0,16,3.0,20.0,15.0,3.3,4,7,4,15,3,0.77,0.09,0.86,5.23,2.0,,,,,,[],,331,149,170,96,154,76,259,113,0.27,0.0,0.03,0.3,1.8,1.72,191,119,207,94,234,103,116,36,1.03,0.34,5.17
42,True,True,,,88894,0,0,0,0,1.0,9,"[{'offset': 0, 'projected_percent': '1.1', 'likelihood': 1}, {'offset': 1, 'projected_percent': '1.2', 'likelihood': 1}, {'offset': 2, 'projected_percent': '1.3', 'likelihood': 1}]",,False,0,3,2.3,2.3,3,Ross,2.3,46,False,,,50,88894.jpg,2.3,False,Barkley,0.3,False,,a,2,7,7,9996,2377,8360,1635,0.5,1.4,Barkley,,241.0,2024-07-01,1993-12-05,False,p88894,240,0,0,1,5,0,0,0,0,0,0,0,49,35.8,78.8,24.0,13.9,4,10,3,17,3,0.35,0.13,0.48,5.16,4.0,,,,,,[],,164,61,25,22,112,57,68,44,0.13,0.0,0.05,0.18,1.94,1.88,241,151,156,67,174,73,311,109,1.12,0.38,6.38
43,True,True,100.0,100.0,226944,0,0,0,0,-27.6,-8,"[{'offset': 0, 'projected_percent': '-29.6', 'likelihood': -2}, {'offset': 1, 'projected_percent': '-32.9', 'likelihood': -2}, {'offset': 2, 'projected_percent': '-36.1', 'likelihood': -2}]",,False,0,3,2.3,2.3,3,Boubacar,2.3,47,False,,2026-07-23T12:01:23.337269Z,50,226944.jpg,2.3,False,Kamara,0.3,False,,a,2,7,7,9416,1866,12834,2314,0.5,1.4,Kamara,,73.0,2022-06-11,1999-11-23,False,p226944,270,0,0,1,5,0,0,0,0,0,0,0,42,35.4,43.2,0.0,7.9,9,12,4,25,3,0.00,0.10,0.10,5.38,,,,,,,[],,166,63,79,56,526,212,160,74,0.0,0.0,0.03,0.03,1.79,1.67,279,172,158,69,176,75,287,97,1.0,0.33,8.33
44,True,True,0.0,0.0,449871,0,0,0,0,-92.2,0,"[{'offset': 0, 'projected_percent': '-92.2', 'likelihood': -3}, {'offset': 1, 'projected_percent': '-92.2', 'likelihood': -3}, {'offset': 2, 'projected_percent': '-92.2', 'likelihood': -3}]",,False,0,3,0.0,0.0,0,Amadou,0.0,48,False,Knee injury - Unknown return date,2026-07-23T12:01:23.352497Z,50,449871.jpg,0.0,False,Onana,0.0,False,,i,2,7,0,353,56,1256,157,0.0,0.0,Onana,,21.0,2024-07-22,2001-08-16,False,p449871,0,0,0,0,0,0,0,0,0,0,0,0,0,0.0,0.0,0.0,0.0,0,0,0,0,0,0.00,0.00,0.00,0.00,,,,,,,[],,555,228,559,234,536,216,562,231,0.0,0.0,0.0,0.0,0.0,0.0,293,177,571,236,571,236,578,239,0.0,0.0,0.0
45,True,False,0.0,0.0,469247,0,0,0,0,0.0,0,"[{'offset': 0, 'projected_percent': '0.0', 'likelihood': 0}, {'offset': 1, 'projected_percent': '0.0', 'likelihood': 0}, {'offset': 2, 'projected_percent': '0.0', 'likelihood': 0}]",,False,0,3,0.0,0.0,0,Samuel,0.0,49,False,Has joined Bolton Wanderers on loan for the rest of the season,2026-08-17T13:52:28.532616Z,50,469247.jpg,0.0,False,Iling-Junior,0.0,False,,u,2,7,0,0,0,197,14,0.0,0.0,Iling Jr,,241.0,2024-07-01,2003-10-04,False,p469247,0,0,0,0,0,0,0,0,0,0,0,0,0,0.0,0.0,0.0,0.0,0,0,0,0,0,0.00,0.00,0.00,0.00,,,,,,,[],,560,231,565,237,542,219,567,234,0.0,0.0,0.0,0.0,0.0,0.0,303,182,576,239,576,239,646,285,0.0,0.0,0.0
46,True,True,,,645618,0,0,0,0,-10.1,3,"[{'offset': 0, 'projected_percent': '-9.8', 'likelihood': -1}, {'offset': 1, 'projected_percent': '-9.3', 'likelihood': -1}, {'offset': 2, 'projected_percent': '-8.7', 'likelihood': -1}]",,False,0,3,0.0,0.0,0,Bradley,0.0,50,False,,,45,645618.jpg,0.0,False,Burrowes,0.7,False,,a,2,7,0,16183,3965,20094,4213,0.0,0.0,Burrowes,,241.0,2025-01-09,2008-03-04,False,p645618,0,0,0,0,0,0,0,0,0,0,0,0,0,0.0,0.0,0.0,0.0,0,0,0,0,0,0.00,0.00,0.00,0.00,,,,,,,[],,501,193,500,201,459,170,507,197,0.0,0.0,0.0,0.0,0.0,0.0,562,288,524,206,524,206,229,76,0.0,0.0,0.0
47,True,True,,,577285,0,0,0,0,11.7,39,"[{'offset': 0, 'projected_percent': '12.0', 'likelihood': 1}, {'offset': 1, 'projected_percent': '12.5', 'likelihood': 1}, {'offset': 2, 'projected_percent': '13.0', 'likelihood': 1}]",,False,0,3,2.3,2.3,3,George,2.3,51,False,,,45,577285.jpg,2.3,False,Hemmings,1.1,False,,a,2,7,7,67172,22024,28856,8937,0.5,1.6,George Hemmings,,241.0,2025-08-05,2007-03-04,False,p577285,234,0,0,1,5,0,0,0,0,0,0,0,29,23.2,29.4,23.0,7.5,2,10,6,18,3,0.07,0.15,0.22,5.00,,,,,,,[],,205,82,130,79,116,60,169,77,0.03,0.0,0.06,0.09,1.92,1.92,541,277,153,65,171,71,177,55,1.15,0.38,6.92
48,True,True,,,653481,0,0,0,0,-30.5,0,"[{'offset': 0, 'projected_percent': '-30.5', 'likelihood': -2}, {'offset': 1, 'projected_percent': '-30.5', 'likelihood': -2}, {'offset': 2, 'projected_percent': '-30.5', 'likelihood': -2}]",,False,0,3,0.7,0.7,1,Alysson Edward Franco,0.7,52,False,,,50,653481.jpg,0.7,False,da Rocha dos Santos,0.0,False,,a,2,7,2,1409,239,1877,352,0.1,0.4,Alysson,Alysson,30.0,2026-01-01,2006-05-05,False,p653481,42,0,0,0,0,0,0,0,1,0,0,0,10,5.4,2.6,2.0,1.0,1,3,2,6,0,0.00,0.00,0.00,0.51,,,,,,,[],,299,130,266,139,275,130,321,146,0.0,0.0,0.0,0.0,1.09,0.0,364,221,312,142,377,177,502,203,0.0,0.0,12.86
49,True,True,0.0,0.0,614071,0,0,-1,1,-23.9,0,"[{'offset': 0, 'projected_percent': '-23.9', 'likelihood': -2}, {'offset': 1, 'projected_percent': '-23.9', 'likelihood': -2}, {'offset': 2, 'projected_percent': '-23.9', 'likelihood': -2}]",,False,0,3,0.0,0.0,0,Johan,0.0,53,False,Knee injury - Expected back 12 Sep,2026-08-15T15:30:06.388335Z,59,614071.jpg,0.0,False,Manzambi,0.1,False,,i,2,7,0,798,225,14914,1075,0.0,0.0,Manzambi,,207.0,2026-07-17,2005-10-14,False,p614071,0,0,0,0,0,0,0,0,0,0,0,0,0,0.0,0.0,0.0,0.0,0,0,0,0,0,0.00,0.00,0.00,0.00,,,,,,,[],https://www.avfc.co.uk/news/2026/september/04/prematch-team-news-for-hull-clash/,635,280,637,280,635,279,637,280,0.0,0.0,0.0,0.0,0.0,0.0,113,73,638,279,638,279,392,146,0.0,0.0,0.0
50,True,True,0.0,0.0,448089,0,0,0,0,-38.4,-4,"[{'offset': 0, 'projected_percent': '-41.5', 'likelihood': -3}, {'offset': 1, 'projected_percent': '-46.8', 'likelihood': -3}, {'offset': 2, 'projected_percent': '-52.1', 'likelihood': -3}]",,False,0,3,0.0,0.0,0,Joao,-0.7,54,False,Suspended until 19 Sep,2026-08-23T17:30:08.367415Z,55,448089.jpg,-2.0,False,Gomes,0.0,False,,s,2,7,-2,288,44,3347,279,-0.1,-0.4,Gomes,João Gomes,30.0,2026-07-20,2001-02-12,False,p448089,39,0,0,0,4,0,0,0,0,1,0,0,-2,1.0,11.0,0.0,1.2,1,2,4,7,1,0.00,0.01,0.01,2.58,,,,,,,[],,352,164,217,115,615,264,316,142,0.0,0.0,0.02,0.02,5.95,9.23,155,94,654,291,654,291,520,213,2.31,0.0,16.15
51,True,False,0.0,0.0,178301,0,0,-2,2,0.0,-413,"[{'offset': 0, 'projected_percent': '0.0', 'likelihood': 0}, {'offset': 1, 'projected_percent': '0.0', 'likelihood': 0}, {'offset': 2, 'projected_percent': '0.0', 'likelihood': 0}]",,False,0,4,0.0,0.0,0,Ollie,0.0,55,False,Has joined Al Hilal permanently,2026-09-01T13:15:16.698799Z,78,178301.jpg,0.0,False,Watkins,3.4,False,,u,2,7,0,14882,0,665206,79367,0.0,0.0,Watkins,,241.0,2020-09-09,1995-12-30,False,p178301,0,0,0,0,0,0,0,0,0,0,0,0,0,0.0,0.0,0.0,0.0,0,0,0,0,0,0.00,0.00,0.00,0.00,,,,,,,[],,654,78,654,78,654,78,654,78,0.0,0.0,0.0,0.0,0.0,0.0,13,4,653,78,653,78,93,13,0.0,0.0,0.0
52,True,True,100.0,100.0,173879,0,0,0,0,2.1,8,"[{'offset': 0, 'projected_percent': '2.2', 'likelihood': 1}, {'offset': 1, 'projected_percent': '2.3', 'likelihood': 1}, {'offset': 2, 'projected_percent': '2.4', 'likelihood': 1}]",,False,0,4,0.7,0.7,1,Tammy,0.7,56,False,,2026-08-15T16:00:07.558543Z,55,173879.jpg,1.0,False,Abraham,0.2,False,,a,2,7,2,7872,2350,6855,1421,0.1,0.4,Abraham,,241.0,2026-01-27,1997-10-02,False,p173879,24,0,0,0,0,0,0,0,0,0,0,0,6,2.0,2.3,0.0,0.4,0,0,1,1,0,0.00,0.00,0.00,0.37,,,,,,,[],,342,37,274,34,607,70,344,39,0.0,0.0,0.0,0.0,1.39,0.0,130,34,321,38,344,39,365,56,0.0,0.0,3.75
53,True,True,,,493105,0,0,-1,1,-61.4,-17,"[{'offset': 0, 'projected_percent': '-64.7', 'likelihood': -3}, {'offset': 1, 'projected_percent': '-70.2', 'likelihood': -3}, {'offset': 2, 'projected_percent': '-75.7', 'likelihood': -3}]",,False,0,3,1.0,1.0,1,Alejandro,1.0,160,False,,,59,493105.jpg,1.0,False,Garnacho Ferreyra,0.4,False,,a,2,7,3,5447,869,27300,4644,0.2,0.5,Garnacho,,10.0,2026-07-23,2004-07-01,False,p493105,31,0,0,0,0,0,0,0,0,0,0,0,9,1.2,3.6,0.0,0.5,0,2,0,2,0,0.00,0.00,0.00,0.49,,,,,,,"[{'property': 'loan_ineligible', 'notes': 'This player will not be available to face their parent club in Gameweek 16 as part of their loan conditions.', 'gameweek': 16, 'url': None}, {'property': 'loan_ineligible', 'notes': 'This player will not be available to face their parent club in Gameweek 27 as part of their loan conditions.', 'gameweek': 27, 'url': None}]",,351,163,252,133,632,276,340,156,0.0,0.0,0.0,0.0,1.42,0.0,107,68,280,128,358,165,266,89,0.0,0.0,5.81
54,True,True,,,517052,0,0,0,0,29.3,45,"[{'offset': 0, 'projected_percent': '29.7', 'likelihood': 2}, {'offset': 1, 'projected_percent': '30.3', 'likelihood': 2}, {'offset': 2, 'projected_percent': '30.9', 'likelihood': 2}]",,False,0,4,1.3,1.3,2,Nicolas,1.3,166,False,,,65,517052.jpg,2.0,False,Jackson,1.1,False,,a,2,7,4,92566,13361,31055,8620,0.2,0.6,N.Jackson,,189.0,2026-08-28,2001-06-20,False,p517052,154,0,0,1,1,0,0,0,0,0,0,0,21,5.4,23.4,22.0,5.1,0,5,0,5,2,0.24,0.54,0.78,1.23,,,,,,,[],,302,30,149,14,119,23,225,25,0.14,0.0,0.32,0.46,0.72,0.58,43,11,240,26,223,24,187,30,1.17,0.58,2.92
55,True,True,0.0,0.0,690838,0,0,0,0,-76.5,-5,"[{'offset': 0, 'projected_percent': '-77.0', 'likelihood': -3}, {'offset': 1, 'projected_percent': '-77.8', 'likelihood': -3}, {'offset': 2, 'projected_percent': '-78.6', 'likelihood': -3}]",,False,0,4,0.0,0.0,0,Brian,0.0,582,False,Unspecified injury - Unknown return date,2026-08-15T16:00:07.974271Z,55,690838.jpg,0.0,False,Madjo,0.3,False,,i,2,7,0,2275,215,21122,2842,0.0,0.0,Madjo,,241.0,2026-01-12,2009-01-12,False,p690838,0,0,0,0,0,0,0,0,0,0,0,0,0,0.0,0.0,0.0,0.0,0,0,0,0,0,0.00,0.00,0.00,0.00,,,,,,,[],,625,69,630,74,624,72,629,73,0.0,0.0,0.0,0.0,0.0,0.0,189,44,632,75,632,75,305,50,0.0,0.0,0.0
56,True,True,,,487992,0,0,0,0,-40.5,-3,"[{'offset': 0, 'projected_percent': '-42.7', 'likelihood': -3}, {'offset': 1, 'projected_percent': '-46.3', 'likelihood': -3}, {'offset': 2, 'projected_percent': '-50.0', 'likelihood': -3}]",,False,0,2,0.7,0.7,1,Matteo,0.7,596,False,,,45,487992.jpg,1.0,False,Ruggeri,0.1,False,,a,2,7,2,1713,121,3454,629,0.2,0.4,Ruggeri,,106.0,2026-08-19,2002-07-11,False,p487992,23,0,0,0,0,0,0,0,0,0,0,0,6,6.6,2.6,0.0,0.9,1,2,2,3,0,0.00,0.01,0.01,0.49,,,,,,,[],,289,115,265,92,408,173,323,119,0.0,0.0,0.04,0.04,1.92,0.0,504,131,296,110,289,115,431,153,0.0,0.0,11.74
57,True,True,,,433969,0,0,0,0,12.5,131,"[{'offset': 0, 'projected_percent': '13.5', 'likelihood': 1}, {'offset': 1, 'projected_percent': '15.2', 'likelihood': 1}, {'offset': 2, 'projected_percent': '17.0', 'likelihood': 1}]",,False,1,1,4.0,4.0,10,Zion,4.0,597,False,,,50,433969.jpg,6.0,False,Suzuki,1.5,False,,a,2,7,12,71194,33871,24039,5994,0.8,2.4,Suzuki,,108.0,2026-08-19,2002-08-21,False,p433969,180,0,0,1,1,0,0,0,0,0,5,3,46,40.8,0.0,0.0,4.1,3,22,0,0,2,0.00,0.00,0.00,1.61,,,,,,,[],,146,18,558,63,533,63,242,18,0.0,2.5,0.0,0.0,0.8,0.5,289,12,75,4,33,2,150,21,1.0,0.5,0.0
58,True,True,,,569577,0,0,0,0,0.1,14,"[{'offset': 0, 'projected_percent': '0.2', 'likelihood': 1}, {'offset': 1, 'projected_percent': '0.4', 'likelihood': 1}, {'offset': 2, 'projected_percent': '0.6', 'likelihood': 1}]",,False,0,2,0.0,0.0,0,Triston,0.0,606,False,,,40,569577.jpg,0.0,False,Rowe,0.2,False,,a,2,7,0,9531,1571,2891,962,0.0,0.0,Rowe,,241.0,2026-07-01,2006-10-02,False,p569577,0,0,0,0,0,0,0,0,0,0,0,0,0,0.0,0.0,0.0,0.0,0,0,0,0,0,0.00,0.00,0.00,0.00,,,,,,,[],,407,156,402,156,345,139,413,154,0.0,0.0,0.0,0.0,0.0,0.0,640,201,432,160,432,160,367,139,0.0,0.0,0.0
59,True,False,0.0,0.0,571380,0,0,0,0,0.0,-8,"[{'offset': 0, 'projected_percent': '0.0', 'likelihood': 0}, {'offset': 1, 'projected_percent': '0.0', 'likelihood': 0}, {'offset': 2, 'projected_percent': '0.0', 'likelihood': 0}]",,False,0,3,0.0,0.0,0,Luka,0.0,607,False,Has joined Oxford United on loan until January,2026-09-04T12:35:39.820426Z,45,571380.jpg,0.0,False,Lynch,0.1,False,,u,2,7,0,7103,0,5158,2003,0.0,0.0,Lynch,,241.0,2026-07-01,2007-01-11,False,p571380,0,0,0,0,0,0,0,0,0,0,0,0,0,0.0,0.0,0.0,0.0,0,0,0,0,0,0.00,0.00,0.00,0.00,,,,,,,[],,481,183,480,191,438,160,487,187,0.0,0.0,0.0,0.0,0.0,0.0,536,275,504,196,504,196,433,169,0.0,0.0,0.0
60,True,True,,,214590,0,0,0,0,-1.0,5,"[{'offset': 0, 'projected_percent': '0.0', 'likelihood': 0}, {'offset': 1, 'projected_percent': '0.1', 'likelihood': 1}, {'offset': 2, 'projected_percent': '0.2', 'likelihood': 1}]",,False,0,2,1.0,1.0,1,Aaron,1.0,611,False,,,45,214590.jpg,1.0,False,Wan-Bissaka,0.2,False,,a,2,7,2,9565,1383,2938,1151,0.2,0.4,Wan-Bissaka,,50.0,2026-08-21,1997-11-26,False,p214590,17,0,0,0,0,0,0,0,0,0,0,0,7,6.4,1.7,0.0,0.8,1,0,2,3,0,0.00,0.00,0.00,0.35,,,,,,,[],,292,117,287,103,383,159,330,122,0.0,0.0,0.0,0.0,1.85,0.0,460,100,248,91,280,107,361,137,0.0,0.0,15.88
61,True,True,,,119090,0,0,0,0,0.0,0,"[{'offset': 0, 'projected_percent': '0.0', 'likelihood': 0}, {'offset': 1, 'projected_percent': '0.0', 'likelihood': 0}, {'offset': 2, 'projected_percent': '0.0', 'likelihood': 0}]",2026-09-10T13:59:31.002497Z,False,0,3,0.0,0.0,0,Leon,0.0,618,False,,,60,119090.jpg,0.0,False,Goretzka,0.1,False,,a,2,7,0,4417,756,1734,886,0.0,0.0,Goretzka,,80.0,2026-08-27,1995-02-06,False,p119090,0,0,0,0,0,0,0,0,0,0,0,0,0,0.0,0.0,0.0,0.0,0,0,0,0,0,0.00,0.00,0.00,0.00,,,,,,,[],,636,281,638,281,636,280,638,281,0.0,0.0,0.0,0.0,0.0,0.0,60,42,639,280,639,280,499,201,0.0,0.0,0.0
62,True,True,,,245719,0,0,0,0,0.0,0,"[{'offset': 0, 'projected_percent': '0.0', 'likelihood': 0}, {'offset': 1, 'projected_percent': '0.0', 'likelihood': 0}, {'offset': 2, 'projected_percent': '0.0', 'likelihood': 0}]",2026-09-15T14:48:43.905410Z,False,0,2,1.8,1.8,0,Taylor,0.0,630,False,,,45,245719.jpg,0.0,False,Harwood-Bellis,0.0,False,,a,2,7,0,1316,371,324,134,0.0,0.0,Harwood-Bellis,,241.0,2026-09-01,2002-01-30,False,p245719,0,0,0,0,0,0,0,0,0,0,0,0,0,0.0,0.0,0.0,0.0,0,0,0,0,0,0.00,0.00,0.00,0.00,,,,,,,[],,445,177,443,177,394,166,451,175,0.0,0.0,0.0,0.0,0.0,0.0,482,117,469,180,469,180,592,201,0.0,0.0,0.0
63,True,True,,,638987,0,0,0,0,0.0,0,"[{'offset': 0, 'projected_percent': '0.0', 'likelihood': 0}, {'offset': 1, 'projected_percent': '0.0', 'likelihood': 0}, {'offset': 2, 'projected_percent': '0.0', 'likelihood': 0}]",2026-09-15T14:49:20.018135Z,False,0,3,2.2,2.2,0,Ibrahim,0.0,631,False,,,60,638987.jpg,0.0,False,Mbaye,0.1,False,,a,2,7,0,5874,1818,1332,702,0.0,0.0,Mbaye,,189.0,2026-09-01,2008-01-24,False,p638987,0,0,0,0,0,0,0,0,0,0,0,0,0,0.0,0.0,0.0,0.0,0,0,0,0,0,0.00,0.00,0.00,0.00,,,,,,,[],,644,285,645,285,643,284,644,285,0.0,0.0,0.0,0.0,0.0,0.0,84,55,644,284,644,284,495,198,0.0,0.0,0.0
64,True,True,,,457569,0,0,0,0,7.7,-15,"[{'offset': 0, 'projected_percent': '7.6', 'likelihood': 1}, {'offset': 1, 'projected_percent': '7.4', 'likelihood': 1}, {'offset': 2, 'projected_percent': '7.2', 'likelihood': 1}]",,False,0,1,2.0,2.0,1,Đorđe,2.0,57,False,,,45,457569.jpg,2.0,False,Petrović,3.3,False,,a,3,91,6,84227,12867,65222,16217,0.4,1.3,Petrović,,190.0,2025-07-16,1999-10-08,False,p457569,270,0,0,0,5,0,0,0,0,0,9,0,33,74.0,0.0,0.0,7.4,6,21,0,0,3,0.00,0.00,0.00,4.80,,,,,,,[],,43,7,449,44,401,41,172,7,0.0,3.0,0.0,0.0,1.6,1.67,492,40,175,16,196,17,98,16,1.0,0.0,0.0
65,True,True,,,40383,0,0,0,0,3.0,4,"[{'offset': 0, 'projected_percent': '3.0', 'likelihood': 1}, {'offset': 1, 'projected_percent': '3.1', 'likelihood': 1}, {'offset': 2, 'projected_percent': '3.1', 'likelihood': 1}]",,False,0,1,0.0,0.0,0,Fraser,0.0,58,False,,,40,40383.jpg,0.0,False,Forster,3.4,False,,a,3,91,0,64049,16139,40411,8433,0.0,0.0,Forster,,241.0,2026-01-02,1988-03-17,False,p40383,0,0,0,0,0,0,0,0,0,0,0,0,0,0.0,0.0,0.0,0.0,0,0,0,0,0,0.00,0.00,0.00,0.00,,,,,,,[],,363,24,356,5,296,2,368,24,0.0,0.0,0.0,0.0,0.0,0.0,579,50,388,24,388,24,95,15,0.0,0.0,0.0
66,True,False,0.0,0.0,444172,0,0,0,0,0.0,-3,"[{'offset': 0, 'projected_percent': '0.0', 'likelihood': 0}, {'offset': 1, 'projected_percent': '0.0', 'likelihood': 0}, {'offset': 2, 'projected_percent': '0.0', 'likelihood': 0}]",,False,0,1,0.0,0.0,0,Will,0.0,59,False,Has joined MK Dons permanently,2026-08-27T14:53:48.692835Z,40,444172.jpg,0.0,False,Dennis,0.1,False,,u,3,91,0,1133,0,5144,843,0.0,0.0,Dennis,,241.0,2019-08-01,2000-07-10,False,p444172,0,0,0,0,0,0,0,0,0,0,0,0,0,0.0,0.0,0.0,0.0,0,0,0,0,0,0.00,0.00,0.00,0.00,,,,,,,[],,387,39,382,20,324,17,393,39,0.0,0.0,0.0,0.0,0.0,0.0,613,65,412,39,412,39,372,42,0.0,0.0,0.0
67,True,True,,,463981,0,0,0,0,0.4,6,"[{'offset': 0, 'projected_percent': '0.4', 'likelihood': 1}, {'offset': 1, 'projected_percent': '0.5', 'likelihood': 1}, {'offset': 2, 'projected_percent': '0.6', 'likelihood': 1}]",,False,0,2,2.0,2.0,1,James,2.0,60,False,,,55,463981.jpg,2.0,False,Hill,0.8,False,,a,3,91,6,19362,3115,23417,5008,0.4,1.1,Hill,,241.0,2022-01-05,2002-01-10,False,p463981,270,0,0,0,5,0,0,0,0,0,0,0,23,54.0,52.8,6.0,11.3,20,5,4,24,3,0.00,0.76,0.76,4.80,,,,,,,[],,102,46,55,9,230,81,101,32,0.0,0.0,0.25,0.25,1.6,1.67,159,20,192,72,215,82,207,80,1.0,0.0,8.0
68,True,True,,,494521,0,0,0,0,-38.1,-86,"[{'offset': 0, 'projected_percent': '-40.1', 'likelihood': -3}, {'offset': 1, 'projected_percent': '-43.5', 'likelihood': -3}, {'offset': 2, 'projected_percent': '-46.8', 'likelihood': -3}]",,False,0,2,1.7,1.7,0,Adrien,1.7,61,False,,,55,494521.jpg,1.7,False,Truffert,3.5,False,,a,3,91,5,37295,4815,91309,23404,0.3,0.9,Truffert,,73.0,2025-06-16,2001-11-20,False,p494521,270,0,0,0,5,0,0,0,1,0,0,2,24,53.4,40.7,6.0,10.1,15,18,7,22,3,0.01,0.13,0.14,4.80,,,,,,,[],,105,48,90,23,231,82,125,48,0.0,0.0,0.04,0.04,1.6,1.67,169,22,214,77,238,86,92,37,1.0,0.0,7.33
69,True,True,,,242882,0,0,0,0,-47.6,-6,"[{'offset': 0, 'projected_percent': '-50.3', 'likelihood': -3}, {'offset': 1, 'projected_percent': '-54.8', 'likelihood': -3}, {'offset': 2, 'projected_percent': '-59.3', 'likelihood': -3}]",,False,0,2,0.0,0.0,0,Bafodé,0.0,62,False,,,50,242882.jpg,0.0,False,Diakité,0.2,False,,a,3,91,0,5081,649,7753,1569,0.0,0.0,Diakité,,73.0,2025-08-13,2001-01-06,False,p242882,0,0,0,0,0,0,0,0,0,0,0,0,0,0.0,0.0,0.0,0.0,0,0,0,0,0,0.00,0.00,0.00,0.00,,,,,,,[],,553,203,555,203,530,200,560,203,0.0,0.0,0.0,0.0,0.0,0.0,285,46,569,204,569,204,350,130,0.0,0.0,0.0
70,True,True,0.0,0.0,620487,0,0,0,0,-84.0,0,"[{'offset': 0, 'projected_percent': '-84.0', 'likelihood': -3}, {'offset': 1, 'projected_percent': '-84.0', 'likelihood': -3}, {'offset': 2, 'projected_percent': '-84.0', 'likelihood': -3}]",,False,0,2,0.0,0.0,0,Veljko,0.0,63,False,Unspecified injury - Unknown return date,2026-08-06T10:00:10.456051Z,50,620487.jpg,0.0,False,Milosavljevic,0.0,False,,i,3,91,0,198,36,620,82,0.0,0.0,Milosavljević,,190.0,2025-09-01,2007-06-28,False,p620487,0,0,0,0,0,0,0,0,0,0,0,0,0,0.0,0.0,0.0,0.0,0,0,0,0,0,0.00,0.00,0.00,0.00,,,,,,,[],,585,208,592,208,574,206,592,208,0.0,0.0,0.0,0.0,0.0,0.0,359,63,600,209,600,209,610,205,0.0,0.0,0.0
71,True,True,,,54469,0,0,0,0,0.7,-6,"[{'offset': 0, 'projected_percent': '0.7', 'likelihood': 1}, {'offset': 1, 'projected_percent': '0.6', 'likelihood': 1}, {'offset': 2, 'projected_percent': '0.5', 'likelihood': 1}]",,False,0,2,0.7,0.7,0,Adam,0.7,64,False,,,45,54469.jpg,0.7,False,Smith,0.1,False,,a,3,91,2,5039,564,3944,835,0.2,0.4,Smith,,241.0,2014-01-28,1991-04-29,False,p54469,270,0,0,0,5,0,0,0,2,0,0,0,12,32.2,41.6,4.0,7.8,11,9,4,15,3,0.01,0.06,0.07,4.80,,,,,,,[],,182,82,84,21,239,87,162,64,0.0,0.0,0.02,0.02,1.6,1.67,424,81,289,104,373,130,389,144,1.0,0.0,5.0
72,True,True,0.0,0.0,436893,-1,1,-1,1,-1.7,0,"[{'offset': 0, 'projected_percent': '-1.7', 'likelihood': -1}, {'offset': 1, 'projected_percent': '-1.7', 'likelihood': -1}, {'offset': 2, 'projected_percent': '-1.7', 'likelihood': -1}]",,False,0,2,0.0,0.0,0,Julián,0.0,65,False,Thigh injury - Unknown return date,2026-08-09T08:00:05.645826Z,44,436893.jpg,0.0,False,Araujo Zúñiga,0.0,False,,i,3,91,0,238,54,998,126,0.0,0.0,J.Araujo,,139.0,2024-08-13,2001-08-13,False,p436893,0,0,0,0,0,0,0,0,0,0,0,0,0,0.0,0.0,0.0,0.0,0,0,0,0,0,0.00,0.00,0.00,0.00,,,,,,,[],https://www.afcb.co.uk/news/2026/august/06/araujo-undergoes-successful-surgery/,420,168,415,168,361,154,426,166,0.0,0.0,0.0,0.0,0.0,0.0,573,156,445,172,445,172,591,200,0.0,0.0,0.0
73,True,True,100.0,100.0,575901,0,0,0,0,0.9,3,"[{'offset': 0, 'projected_percent': '1.0', 'likelihood': 1}, {'offset': 1, 'projected_percent': '1.0', 'likelihood': 1}, {'offset': 2, 'projected_percent': '1.1', 'likelihood': 1}]",,False,0,2,0.0,0.0,0,Julio,0.0,66,False,,2026-08-15T16:30:07.021055Z,40,575901.jpg,0.0,False,Soler Barreto,0.3,False,,a,3,91,0,8534,2072,6175,1393,0.0,0.0,Soler,,10.0,2025-01-07,2005-02-16,False,p575901,0,0,0,0,0,0,0,0,0,0,0,0,0,0.0,0.0,0.0,0.0,0,0,0,0,0,0.00,0.00,0.00,0.00,,,,,,,[],,408,157,403,157,347,141,414,155,0.0,0.0,0.0,0.0,0.0,0.0,642,203,433,161,433,161,314,115,0.0,0.0,0.0
74,True,True,,,499604,-1,1,-1,1,-6.2,-86,"[{'offset': 0, 'projected_percent': '-8.2', 'likelihood': -1}, {'offset': 1, 'projected_percent': '-11.6', 'likelihood': -1}, {'offset': 2, 'projected_percent': '-14.9', 'likelihood': -1}]",,False,0,3,2.0,2.0,2,Rayan Vitor,2.0,67,False,,,64,499604.jpg,2.0,False,Simplício Rocha,2.1,False,,a,3,91,6,39075,3687,103821,21618,0.3,0.9,Rayan,Rayan,30.0,2026-01-27,2006-08-03,False,p499604,266,0,0,0,4,0,0,0,0,0,0,0,21,16.4,15.7,71.0,10.4,3,3,2,8,3,0.48,0.06,0.54,4.56,,,,,,,[],,238,97,186,105,26,15,123,60,0.16,0.0,0.02,0.18,1.54,1.35,50,34,195,90,221,98,122,38,1.02,0.0,2.71
75,True,True,,,201658,0,0,0,0,48.6,183,"[{'offset': 0, 'projected_percent': '50.0', 'likelihood': 3}, {'offset': 1, 'projected_percent': '52.5', 'likelihood': 3}, {'offset': 2, 'projected_percent': '54.9', 'likelihood': 3}]",,False,1,3,7.0,7.0,10,Marcus,7.0,68,False,,,60,201658.jpg,7.0,False,Tavernier,3.1,False,,a,3,91,21,195360,79890,79687,17408,1.2,3.5,Tavernier,,241.0,2022-08-01,1999-03-22,False,p201658,268,2,0,0,5,0,0,0,1,0,0,6,95,101.6,68.7,106.0,27.6,3,18,7,28,3,1.50,0.34,1.84,4.75,1.0,,1.0,,3.0,,[],,12,8,37,32,7,4,10,8,0.5,0.0,0.11,0.61,1.6,1.68,63,43,21,8,22,9,103,32,1.01,0.0,9.4
76,True,True,,,503139,0,0,0,0,80.3,812,"[{'offset': 0, 'projected_percent': '86.7', 'likelihood': 3}, {'offset': 1, 'projected_percent': '97.4', 'likelihood': 4}, {'offset': 2, 'projected_percent': '108.1', 'likelihood': 5}]",,False,1,3,8.0,8.0,10,Alex,8.0,69,True,,,60,503139.jpg,8.0,False,Scott,4.1,False,,a,3,91,24,245945,180540,50428,19771,1.3,4.0,Scott,,241.0,2023-08-10,2003-08-21,False,p503139,266,1,2,1,4,0,0,0,1,0,0,5,93,72.4,59.8,33.0,16.5,9,21,7,37,3,0.33,0.30,0.63,4.67,2.0,,4.0,,,,[],,50,18,43,37,90,50,48,35,0.11,0.0,0.1,0.21,1.58,1.35,76,51,7,4,8,5,85,28,1.02,0.34,12.52
77,True,True,,,222683,0,0,0,0,-32.2,-54,"[{'offset': 0, 'projected_percent': '-36.5', 'likelihood': -2}, {'offset': 1, 'projected_percent': '-43.6', 'likelihood': -3}, {'offset': 2, 'projected_percent': '-50.8', 'likelihood': -3}]",,False,0,3,2.3,2.3,1,Justin,2.3,70,False,,,60,222683.jpg,2.3,False,Kluivert,1.0,False,,a,3,91,7,31075,3924,43320,10208,0.4,1.2,Kluivert,,152.0,2023-07-01,1999-05-05,False,p222683,229,0,0,2,1,0,0,0,1,0,0,0,33,22.2,43.2,77.0,13.9,1,13,4,18,3,0.78,0.06,0.84,4.09,3.0,,2.0,,2.0,,[],,211,85,80,57,19,11,69,45,0.31,0.0,0.02,0.33,1.61,0.39,66,45,167,75,184,81,190,59,1.18,0.79,7.07
78,True,True,,,155408,0,0,0,0,1.8,-2,"[{'offset': 0, 'projected_percent': '1.8', 'likelihood': 1}, {'offset': 1, 'projected_percent': '1.7', 'likelihood': 1}, {'offset': 2, 'projected_percent': '1.7', 'likelihood': 1}]",,False,0,3,2.3,2.3,1,Lewis,2.3,71,False,,,50,155408.jpg,2.3,False,Cook,0.2,False,,a,3,91,7,11056,1197,7305,1755,0.5,1.4,Cook,,241.0,2016-07-08,1997-02-03,False,p155408,157,0,0,2,1,0,0,0,0,0,0,0,23,8.4,15.2,0.0,2.4,4,5,1,10,2,0.00,0.01,0.01,3.84,5.0,,,,,,[],,276,116,188,106,511,204,280,122,0.0,0.0,0.01,0.01,2.2,0.57,250,155,157,68,175,74,332,119,1.15,1.15,5.73
79,True,True,,,496208,-1,1,-1,1,-3.4,0,"[{'offset': 0, 'projected_percent': '-3.4', 'likelihood': -1}, {'offset': 1, 'projected_percent': '-3.4', 'likelihood': -1}, {'offset': 2, 'projected_percent': '-3.4', 'likelihood': -1}]",,False,0,3,0.7,0.7,1,Ben,0.7,72,False,,,49,496208.jpg,1.0,False,Gannon-Doak,0.1,False,,a,3,91,2,925,176,2921,539,0.1,0.4,Gannon-Doak,,243.0,2025-08-18,2005-11-11,False,p496208,2,0,0,0,1,0,0,0,0,0,0,0,6,2.2,0.6,7.0,1.0,0,2,1,3,0,0.02,0.00,0.02,0.24,,,,,,,[],,339,155,321,158,211,105,319,144,0.9,0.0,0.0,0.9,10.8,45.0,401,241,299,134,299,125,475,187,0.0,0.0,135.0
80,True,True,100.0,100.0,200785,0,0,0,0,1.5,12,"[{'offset': 0, 'projected_percent': '1.6', 'likelihood': 1}, {'offset': 1, 'projected_percent': '1.7', 'likelihood': 1}, {'offset': 2, 'projected_percent': '1.9', 'likelihood': 1}]",,False,0,3,2.0,2.0,4,Tyler,2.0,73,False,,2026-08-15T16:30:07.029928Z,50,200785.jpg,2.0,False,Adams,0.3,False,,a,3,91,6,11694,3074,9365,1819,0.4,1.2,Adams,,229.0,2023-08-20,1999-02-14,False,p200785,111,0,0,0,4,0,0,0,0,0,0,0,23,17.4,13.4,0.0,3.1,4,11,3,18,1,0.00,0.01,0.01,0.95,,,,,,,[],,232,94,199,109,519,209,262,114,0.0,0.0,0.01,0.01,0.77,3.24,262,163,179,78,202,86,312,110,0.81,0.0,14.59
81,True,True,100.0,100.0,111317,0,0,0,0,0.2,-2,"[{'offset': 0, 'projected_percent': '0.1', 'likelihood': 1}, {'offset': 1, 'projected_percent': '0.1', 'likelihood': 1}, {'offset': 2, 'projected_percent': '0.1', 'likelihood': 1}]",,False,0,3,0.7,0.7,1,David,0.7,74,False,,2026-08-15T16:30:07.037929Z,50,111317.jpg,1.0,False,Brooks,0.1,False,,a,3,91,2,2272,374,2104,405,0.1,0.4,Brooks,,244.0,2018-07-01,1997-07-08,False,p111317,23,0,0,0,2,0,0,0,0,0,0,0,5,0.0,1.6,0.0,0.1,0,0,0,0,0,0.00,0.01,0.01,0.39,4.0,,3.0,,,,[],,536,217,290,148,506,201,364,170,0.0,0.0,0.04,0.04,1.53,7.83,244,152,305,138,310,134,488,196,0.0,0.0,0.0
82,True,True,100.0,100.0,158499,0,0,0,0,0.1,2,"[{'offset': 0, 'projected_percent': '0.2', 'likelihood': 1}, {'offset': 1, 'projected_percent': '0.2', 'likelihood': 1}, {'offset': 2, 'projected_percent': '0.2', 'likelihood': 1}]",,False,0,3,0.7,0.7,1,Ryan,0.7,75,False,,2026-07-24T17:30:10.035483Z,50,158499.jpg,1.0,False,Christie,0.0,False,,a,3,91,2,1876,278,970,258,0.1,0.4,Christie,,243.0,2021-08-31,1995-02-22,False,p158499,4,0,0,0,1,0,0,0,0,0,0,0,8,2.8,0.3,0.0,0.3,0,1,1,2,0,0.00,0.00,0.00,0.13,6.0,,,,,,[],,334,151,339,167,512,205,351,161,0.0,0.0,0.0,0.0,2.92,22.5,251,156,307,139,312,135,550,225,0.0,0.0,45.0
83,True,True,,,614574,0,0,0,0,-57.1,0,"[{'offset': 0, 'projected_percent': '-57.1', 'likelihood': -3}, {'offset': 1, 'projected_percent': '-57.1', 'likelihood': -3}, {'offset': 2, 'projected_percent': '-57.1', 'likelihood': -3}]",,False,0,3,0.3,0.3,0,Alex,0.3,76,False,,,50,614574.jpg,1.0,False,Tóth,0.0,False,,a,3,91,1,269,46,492,115,0.1,0.2,Tóth.A,,98.0,2026-01-20,2005-10-23,False,p614574,15,0,0,0,2,0,0,0,0,0,0,0,5,2.8,0.6,0.0,0.3,0,1,1,2,0,0.00,0.00,0.00,0.31,,,,,,,[],,335,152,324,160,573,240,354,164,0.0,0.0,0.0,0.0,1.86,12.0,358,219,367,171,326,145,583,243,0.0,0.0,12.0
84,True,True,0.0,0.0,489888,0,0,-1,1,-18.6,0,"[{'offset': 0, 'projected_percent': '-18.6', 'likelihood': -1}, {'offset': 1, 'projected_percent': '-18.6', 'likelihood': -1}, {'offset': 2, 'projected_percent': '-18.6', 'likelihood': -1}]",,False,0,3,0.0,0.0,0,Amine,0.0,77,False,Unspecified injury - Unknown return date,2026-08-15T16:00:07.590566Z,49,489888.jpg,0.0,False,Adli,0.0,False,,i,3,91,0,220,30,1765,162,0.0,0.0,Adli,,145.0,2025-08-21,2000-05-10,False,p489888,0,0,0,0,0,0,0,0,0,0,0,0,0,0.0,0.0,0.0,0.0,0,0,0,0,0,0.00,0.00,0.00,0.00,,,,,,,[],,525,208,526,216,488,187,533,213,0.0,0.0,0.0,0.0,0.0,0.0,400,240,546,220,546,220,581,242,0.0,0.0,0.0
85,True,True,0.0,0.0,560262,0,0,-1,1,-25.1,-11,"[{'offset': 0, 'projected_percent': '-26.6', 'likelihood': -2}, {'offset': 1, 'projected_percent': '-29.1', 'likelihood': -2}, {'offset': 2, 'projected_percent': '-31.5', 'likelihood': -2}]",,False,0,3,0.0,0.0,0,Junior,0.0,78,False,Foot injury - Unknown return date,2026-07-29T17:30:09.796802Z,74,560262.jpg,0.0,False,Kroupi,0.2,False,,i,3,91,0,809,101,23341,1973,0.0,0.0,Kroupi.Jr,,73.0,2025-02-02,2006-06-23,False,p560262,0,0,0,0,0,0,0,0,0,0,0,0,0,0.0,0.0,0.0,0.0,0,0,0,0,0,0.00,0.00,0.00,0.00,,,,,1.0,,[],https://www.afcb.co.uk/news/2026/july/29/junior-kroupi-undergoes-successful-surgery-after-foot-injury/,653,291,653,291,653,291,653,291,0.0,0.0,0.0,0.0,0.0,0.0,22,14,652,290,652,290,335,120,0.0,0.0,0.0
86,True,True,,,444102,0,0,0,0,43.0,27,"[{'offset': 0, 'projected_percent': '43.2', 'likelihood': 3}, {'offset': 1, 'projected_percent': '43.6', 'likelihood': 3}, {'offset': 2, 'projected_percent': '44.0', 'likelihood': 3}]",,False,0,4,3.7,3.7,2,Francisco Evanilson,3.7,79,False,,,60,444102.jpg,3.7,False,de Lima Barbosa,3.3,False,,a,3,91,11,165266,23070,84103,21625,0.6,1.8,Evanilson,Evanilson,30.0,2024-08-16,1999-10-06,False,p444102,244,0,2,2,2,0,0,0,1,0,0,0,32,37.6,39.2,45.0,12.1,9,8,1,18,3,0.71,0.26,0.97,4.32,,,,,,,[],,156,10,94,7,67,16,87,13,0.26,0.0,0.1,0.36,1.59,0.74,71,16,92,9,100,12,99,15,1.11,0.74,6.64
87,True,False,0.0,0.0,168636,0,0,0,0,0.0,0,"[{'offset': 0, 'projected_percent': '0.0', 'likelihood': 0}, {'offset': 1, 'projected_percent': '0.0', 'likelihood': 0}, {'offset': 2, 'projected_percent': '0.0', 'likelihood': 0}]",,False,0,4,0.0,0.0,0,Enes,0.0,80,False,Has joined Getafe permanently,2026-08-14T14:14:21.881112Z,55,168636.jpg,0.0,False,Ünal,0.0,False,,u,3,91,0,0,0,1732,140,0.0,0.0,Enes Ünal,,219.0,2024-07-01,1997-05-10,False,p168636,0,0,0,0,0,0,0,0,0,0,0,0,0,0.0,0.0,0.0,0.0,0,0,0,0,0,0.00,0.00,0.00,0.00,,,,,,,[],,612,67,617,72,606,69,618,71,0.0,0.0,0.0,0.0,0.0,0.0,127,32,621,73,621,73,576,75,0.0,0.0,0.0
88,True,True,100.0,100.0,561245,0,0,0,0,-16.0,0,"[{'offset': 0, 'projected_percent': '-16.0', 'likelihood': -1}, {'offset': 1, 'projected_percent': '-16.0', 'likelihood': -1}, {'offset': 2, 'projected_percent': '-16.0', 'likelihood': -1}]",,False,0,4,0.3,0.3,0,Álvaro,0.3,81,False,,2026-08-15T16:30:07.054142Z,60,561245.jpg,1.0,False,Rodríguez,0.1,False,,a,3,91,1,3190,669,4010,909,0.0,0.2,Rodríguez,,230.0,2026-07-14,2004-07-14,False,p561245,9,0,0,0,1,0,0,0,0,0,0,0,4,0.0,0.0,0.0,0.0,0,1,0,1,0,0.00,0.00,0.00,0.16,,,,,,,[],,641,74,643,76,641,75,642,75,0.0,0.0,0.0,0.0,1.6,10.0,81,19,383,46,361,44,402,57,0.0,0.0,10.0
89,True,True,,,483067,0,0,0,0,3.0,-3,"[{'offset': 0, 'projected_percent': '3.0', 'likelihood': 1}, {'offset': 1, 'projected_percent': '2.9', 'likelihood': 1}, {'offset': 2, 'projected_percent': '2.9', 'likelihood': 1}]",,False,0,2,2.3,2.3,1,António João,2.3,566,False,,,50,483067.jpg,2.3,False,Pereira de Albuquerque Tavares da Silva,0.4,False,,a,3,91,7,18952,1865,11390,2526,0.5,1.4,Silva,António Silva,173.0,2026-08-01,2003-10-30,False,p483067,270,0,0,0,5,0,0,0,1,0,0,0,24,73.8,3.3,30.0,10.7,28,7,3,31,3,0.27,0.04,0.31,4.80,,,,,,,[],,44,17,256,87,96,22,113,40,0.09,0.0,0.01,0.1,1.6,1.67,308,54,160,65,177,70,268,98,1.0,0.0,10.33
90,True,True,,,494928,0,0,0,0,-76.5,-3,"[{'offset': 0, 'projected_percent': '-77.7', 'likelihood': -3}, {'offset': 1, 'projected_percent': '-79.9', 'likelihood': -3}, {'offset': 2, 'projected_percent': '-82.0', 'likelihood': -3}]",,False,0,2,0.0,0.0,0,Juanlu,0.0,573,False,,,45,494928.jpg,0.0,False,Sánchez,0.2,False,,a,3,91,0,957,136,4563,809,0.0,0.0,Sanchez,,200.0,2026-08-06,2003-08-15,False,p494928,0,0,0,0,0,0,0,0,0,0,0,0,0,0.0,0.0,0.0,0.0,0,0,0,0,0,0.00,0.00,0.00,0.00,,,,,,,[],,457,181,457,181,414,174,463,179,0.0,0.0,0.0,0.0,0.0,0.0,510,132,481,184,481,184,346,129,0.0,0.0,0.0
91,True,True,,,523700,0,0,0,0,0.3,4,"[{'offset': 0, 'projected_percent': '0.3', 'likelihood': 1}, {'offset': 1, 'projected_percent': '0.3', 'likelihood': 1}, {'offset': 2, 'projected_percent': '0.4', 'likelihood': 1}]",,False,0,4,0.7,0.7,1,Daniel,0.7,608,False,,,50,523700.jpg,1.0,False,Jebbison,0.1,False,,a,3,91,2,8803,1816,3340,921,0.1,0.4,Jebbison,,39.0,2024-07-10,2003-08-13,False,p523700,16,0,0,0,2,0,0,0,0,0,0,0,10,3.4,0.8,17.0,2.1,0,1,0,1,0,0.10,0.00,0.10,0.36,,,,,,,[],,324,32,313,37,137,26,290,33,0.56,0.0,0.0,0.56,2.02,11.25,336,60,310,35,322,34,427,62,0.0,0.0,5.62
92,True,True,,,230650,0,0,0,0,0.0,0,"[{'offset': 0, 'projected_percent': '0.0', 'likelihood': 0}, {'offset': 1, 'projected_percent': '0.0', 'likelihood': 0}, {'offset': 2, 'projected_percent': '0.0', 'likelihood': 0}]",2026-09-09T14:56:25.380082Z,False,0,1,0.0,0.0,0,Michele,0.0,615,False,,,45,230650.jpg,0.0,False,Di Gregorio,0.0,False,,a,3,91,0,2054,409,760,278,0.0,0.0,Di Gregorio,,106.0,2026-08-25,1997-07-27,False,p230650,0,0,0,0,0,0,0,0,0,0,0,0,0,0.0,0.0,0.0,0.0,0,0,0,0,0,0.00,0.00,0.00,0.00,,,,,,,[],,440,57,437,40,387,37,446,57,0.0,0.0,0.0,0.0,0.0,0.0,470,36,464,57,464,57,533,60,0.0,0.0,0.0
93,True,True,,,200720,0,0,0,0,37.1,-33,"[{'offset': 0, 'projected_percent': '36.8', 'likelihood': 2}, {'offset': 1, 'projected_percent': '36.4', 'likelihood': 2}, {'offset': 2, 'projected_percent': '36.0', 'likelihood': 2}]",,False,0,1,3.7,3.7,2,Caoimhín,3.7,82,False,,,50,200720.jpg,3.7,False,Kelleher,6.8,False,,a,4,94,11,204960,16823,105015,26146,0.7,2.2,Kelleher,,104.0,2025-06-03,1998-11-23,False,p200720,270,0,0,1,2,0,0,0,0,0,7,0,51,57.6,0.0,0.0,5.7,4,15,0,0,3,0.00,0.01,0.01,3.74,,,,,,,[],,86,13,546,60,518,60,213,13,0.0,2.33,0.0,0.0,1.25,0.67,261,9,86,5,94,5,62,9,1.0,0.33,0.0
94,True,True,,,507433,0,0,0,0,-32.9,0,"[{'offset': 0, 'projected_percent': '-32.9', 'likelihood': -2}, {'offset': 1, 'projected_percent': '-32.9', 'likelihood': -2}, {'offset': 2, 'projected_percent': '-32.9', 'likelihood': -2}]",,False,0,1,0.0,0.0,0,Hákon Rafn,0.0,83,False,,,45,507433.jpg,0.0,False,Valdimarsson,0.1,False,,a,4,94,0,1900,283,2781,484,0.0,0.0,Valdimarsson,,99.0,2024-01-26,2001-10-13,False,p507433,0,0,0,0,0,0,0,0,0,0,0,0,0,0.0,0.0,0.0,0.0,0,0,0,0,0,0.00,0.00,0.00,0.00,,,,,,,[],,462,60,462,46,419,45,468,60,0.0,0.0,0.0,0.0,0.0,0.0,515,44,486,60,486,60,420,48,0.0,0.0,0.0
95,True,True,25.0,,432830,0,0,0,0,-5.6,-279,"[{'offset': 0, 'projected_percent': '-12.4', 'likelihood': -1}, {'offset': 1, 'projected_percent': '-23.7', 'likelihood': -2}, {'offset': 2, 'projected_percent': '-35.1', 'likelihood': -2}]",,False,0,2,0.8,3.3,1,Nathan,3.3,84,False,Calf injury - 25% chance of playing,2026-09-05T18:00:06.182495Z,55,432830.jpg,3.3,False,Collins,1.8,False,,d,4,94,10,58423,1159,64981,35024,0.6,1.8,Collins,,104.0,2023-07-04,2001-04-30,False,p432830,196,0,0,1,1,0,0,0,1,0,0,0,39,40.6,22.4,51.0,11.4,15,11,2,17,3,0.51,0.05,0.56,2.13,,,,,,,[],https://www.brentfordfc.com/en/news/article/first-team-nathan-collins-injury-update-brentford-v-sunderland-premier-league?utm_source=chatgpt.com,147,67,153,49,56,9,98,29,0.23,0.0,0.02,0.25,0.98,0.46,149,18,104,39,115,45,134,55,1.38,0.46,7.81
96,True,True,0.0,0.0,444765,0,0,-1,1,-21.9,-4,"[{'offset': 0, 'projected_percent': '-23.3', 'likelihood': -2}, {'offset': 1, 'projected_percent': '-25.6', 'likelihood': -2}, {'offset': 2, 'projected_percent': '-27.9', 'likelihood': -2}]",,False,0,2,0.0,0.0,0,Sepp,0.0,85,False,Groin injury - Unknown return date,2026-08-15T15:30:06.416627Z,49,444765.jpg,0.0,False,van den Berg,0.1,False,,i,4,94,0,299,33,7322,736,0.0,0.0,Van den Berg,,152.0,2024-08-22,2001-12-20,False,p444765,0,0,0,0,0,0,0,0,0,0,0,0,0,0.0,0.0,0.0,0.0,0,0,0,0,0,0.00,0.00,0.00,0.00,,,,,,,[],https://www.brentfordfc.com/en/news/article/first-team-brentford-v-tottenham-hotspur-premier-league-team-news-mamadou-sangar%C3%A9,522,197,523,197,485,192,530,196,0.0,0.0,0.0,0.0,0.0,0.0,394,72,543,199,543,199,463,164,0.0,0.0,0.0
97,True,True,,,249231,0,0,0,0,50.0,-17,"[{'offset': 0, 'projected_percent': '49.9', 'likelihood': 3}, {'offset': 1, 'projected_percent': '49.7', 'likelihood': 3}, {'offset': 2, 'projected_percent': '49.5', 'likelihood': 3}]",,False,0,3,6.0,6.0,2,Keane,6.0,86,False,,,55,249231.jpg,6.0,False,Lewis-Potter,2.2,False,,a,4,94,18,167805,14054,47656,14613,1.1,3.3,Lewis-Potter,,241.0,2022-07-12,2001-02-22,False,p249231,267,1,1,1,2,0,0,0,0,0,0,3,70,93.8,92.6,43.0,22.9,11,12,4,27,3,1.03,0.65,1.68,3.74,,,1.0,,,,[],,24,12,17,16,70,42,20,16,0.35,0.0,0.22,0.57,1.26,0.67,146,89,34,15,39,17,120,37,1.01,0.34,9.1
98,True,True,,,191866,0,0,0,0,56.7,-17,"[{'offset': 0, 'projected_percent': '56.6', 'likelihood': 3}, {'offset': 1, 'projected_percent': '56.4', 'likelihood': 3}, {'offset': 2, 'projected_percent': '56.2', 'likelihood': 3}]",,False,0,2,4.3,4.3,2,Kristoffer,4.3,87,False,,,45,191866.jpg,4.3,False,Ajer,4.9,False,,a,4,94,13,268264,23833,117808,41976,1.0,2.9,Ajer,,161.0,2021-07-21,1998-04-17,False,p191866,270,0,0,1,2,0,0,0,1,0,0,0,44,69.6,22.2,37.0,12.9,30,7,2,32,3,0.11,0.03,0.14,3.74,,,,,,,[],,56,25,157,51,80,15,79,20,0.04,0.0,0.01,0.05,1.25,0.67,454,96,60,24,66,27,72,30,1.0,0.33,10.67
99,True,True,,,607464,0,0,1,-1,33.0,-155,"[{'offset': 0, 'projected_percent': '31.8', 'likelihood': 2}, {'offset': 1, 'projected_percent': '29.7', 'likelihood': 2}, {'offset': 2, 'projected_percent': '27.7', 'likelihood': 2}]",,False,1,2,5.3,5.3,1,Michael,5.3,88,False,,,46,607464.jpg,5.3,False,Kayode,9.1,False,,a,4,94,16,536281,23965,156072,55302,1.2,3.5,Kayode,,106.0,2025-07-01,2004-07-10,False,p607464,207,1,0,1,1,0,0,0,0,0,0,1,47,55.8,17.8,56.0,12.9,12,11,1,13,3,0.55,0.21,0.76,2.28,,,,,,,[],,95,43,177,55,48,6,80,21,0.24,0.0,0.09,0.33,0.99,0.43,423,80,41,18,46,20,45,17,1.3,0.43,5.65
100,True,True,,,194010,0,0,0,0,-71.0,-1,"[{'offset': 0, 'projected_percent': '-71.3', 'likelihood': -3}, {'offset': 1, 'projected_percent': '-71.7', 'likelihood': -3}, {'offset': 2, 'projected_percent': '-72.2', 'likelihood': -3}]",,False,0,2,0.3,0.3,0,Rico,0.3,89,False,,,45,194010.jpg,1.0,False,Henry,0.2,False,,a,4,94,1,1276,171,5328,980,0.1,0.2,Henry,,107.0,2016-08-31,1997-07-08,False,p194010,2,0,0,0,0,0,0,0,0,0,0,0,3,0.0,0.0,0.0,0.0,0,0,0,0,0,0.00,0.00,0.00,0.00,,,,,,,[],,434,171,431,171,380,158,440,169,0.0,0.0,0.0,0.0,0.0,0.0,455,97,343,124,279,106,333,123,0.0,0.0,0.0
101,True,True,,,472713,0,0,0,0,-4.3,0,"[{'offset': 0, 'projected_percent': '-4.3', 'likelihood': -1}, {'offset': 1, 'projected_percent': '-4.3', 'likelihood': -1}, {'offset': 2, 'projected_percent': '-4.3', 'likelihood': -1}]",,False,0,2,1.0,1.0,1,Aaron,1.0,90,False,,,45,472713.jpg,1.0,False,Hickey,0.1,False,,a,4,94,3,1433,157,1787,355,0.2,0.7,Hickey,,243.0,2022-07-09,2002-06-10,False,p472713,61,0,0,0,1,0,0,0,0,0,0,0,8,11.6,5.4,0.0,1.7,4,4,2,6,0,0.00,0.02,0.02,1.46,,,,,,,[],,258,107,237,81,405,172,302,112,0.0,0.0,0.03,0.03,2.15,1.48,498,127,253,95,287,113,466,165,0.0,0.0,8.85
102,True,True,,,570241,0,0,0,0,-58.8,5,"[{'offset': 0, 'projected_percent': '-36.2', 'likelihood': -2}, {'offset': 1, 'projected_percent': '0.0', 'likelihood': 0}, {'offset': 2, 'projected_percent': '0.1', 'likelihood': 1}]",,False,0,2,0.0,0.0,0,Kim,0.0,92,False,,,45,570241.jpg,0.0,False,Ji-soo,0.0,False,,a,4,94,0,315,52,607,125,0.0,0.0,Ji-soo,Kim Ji-Soo,114.0,2023-07-20,2004-12-24,False,p570241,0,0,0,0,0,0,0,0,0,0,0,0,0,0.0,0.0,0.0,0.0,0,0,0,0,0,0.00,0.00,0.00,0.00,,,,,,,[],,480,187,479,187,437,180,486,185,0.0,0.0,0.0,0.0,0.0,0.0,535,140,503,190,503,190,574,196,0.0,0.0,0.0
103,True,True,,,513086,0,0,0,0,-67.3,0,"[{'offset': 0, 'projected_percent': '-67.3', 'likelihood': -3}, {'offset': 1, 'projected_percent': '-67.3', 'likelihood': -3}, {'offset': 2, 'projected_percent': '-67.3', 'likelihood': -3}]",,False,0,2,1.3,1.3,4,Jannik,1.3,93,False,,,45,513086.jpg,4.0,False,Schuster,0.1,False,,a,4,94,4,455,147,3004,326,0.3,0.9,Schuster,,14.0,2026-06-15,2006-05-16,False,p513086,73,0,0,0,1,0,0,0,0,0,0,0,11,17.2,0.2,4.0,2.1,10,0,0,10,0,0.10,0.01,0.11,1.61,,,,,,,[],,234,98,346,129,242,90,287,107,0.12,0.0,0.01,0.13,1.98,1.23,517,135,220,82,79,32,371,140,0.0,0.0,12.33
104,True,True,,,513418,0,0,0,0,38.7,-56,"[{'offset': 0, 'projected_percent': '38.3', 'likelihood': 2}, {'offset': 1, 'projected_percent': '37.6', 'likelihood': 2}, {'offset': 2, 'projected_percent': '36.8', 'likelihood': 2}]",,False,0,3,5.0,5.0,2,Kevin,5.0,94,False,,,60,513418.jpg,5.0,False,Schade,4.0,False,,a,4,94,15,179503,14217,110627,37332,0.8,2.5,Schade,,80.0,2023-07-01,2001-11-27,False,p513418,267,1,0,1,2,0,0,0,0,0,0,3,62,64.0,36.2,101.0,20.1,4,14,5,23,3,0.77,0.20,0.97,3.74,,,,,2.0,,[],,66,21,105,67,12,6,27,20,0.26,0.0,0.07,0.33,1.26,0.67,77,52,51,24,56,25,86,29,1.01,0.34,7.75
105,True,True,,,533463,-1,1,-1,1,-28.0,-32,"[{'offset': 0, 'projected_percent': '-30.1', 'likelihood': -2}, {'offset': 1, 'projected_percent': '-33.6', 'likelihood': -2}, {'offset': 2, 'projected_percent': '-37.1', 'likelihood': -2}]",,False,0,3,1.7,1.7,1,Dango,1.7,95,False,,,64,533463.jpg,1.7,False,Ouattara,0.7,False,,a,4,94,5,12604,649,51082,10549,0.3,0.8,O.Dango,,35.0,2025-08-16,2002-02-11,False,p533463,140,0,0,1,1,0,0,0,0,0,0,0,28,23.2,57.6,17.0,9.8,8,14,2,24,2,0.07,0.38,0.45,2.18,4.0,,,,,,[],,206,83,46,39,139,71,127,62,0.04,0.0,0.24,0.28,1.4,0.64,51,35,215,98,239,106,222,71,1.29,0.64,15.43
106,True,True,,,440089,0,0,0,0,-60.5,4,"[{'offset': 0, 'projected_percent': '-59.8', 'likelihood': -3}, {'offset': 1, 'projected_percent': '-58.7', 'likelihood': -3}, {'offset': 2, 'projected_percent': '-57.5', 'likelihood': -3}]",,False,0,3,4.0,4.0,8,Mikkel,4.0,96,False,,,55,440089.jpg,4.0,False,Damsgaard,0.5,False,,a,4,94,12,8815,2564,17082,1871,0.7,2.2,Damsgaard,,58.0,2022-08-10,2000-07-03,False,p440089,167,0,1,1,1,0,0,0,0,0,0,3,56,34.2,87.2,31.0,15.3,3,11,3,17,2,0.03,0.45,0.48,1.86,2.0,,3.0,,,,[],,170,65,19,17,95,52,56,38,0.02,0.0,0.24,0.26,1.0,0.54,152,92,79,36,83,37,253,83,1.08,0.54,9.16
107,True,True,0.0,0.0,207283,0,0,0,0,-72.6,-12,"[{'offset': 0, 'projected_percent': '-75.2', 'likelihood': -3}, {'offset': 1, 'projected_percent': '-79.5', 'likelihood': -3}, {'offset': 2, 'projected_percent': '-83.8', 'likelihood': -3}]",,False,0,3,0.0,0.0,0,Mathias,2.0,97,False,Unspecified injury - Expected back 18 Sep,2026-08-30T12:30:08.176795Z,55,207283.jpg,6.0,False,Jensen,0.1,False,,i,4,94,6,4444,17,10510,2264,0.4,1.1,Jensen,,58.0,2019-07-10,1996-01-01,False,p207283,66,0,1,1,0,0,0,0,0,0,0,0,22,12.6,46.2,13.0,7.2,0,3,2,5,1,0.08,0.34,0.42,0.47,1.0,,2.0,,3.0,,[],https://www.brentfordfc.com/en/news/article/first-team-brentford-v-sunderland-premier-league-team-news-mathias-jensen,254,105,69,52,172,85,179,82,0.11,0.0,0.46,0.57,0.64,0.0,140,85,191,88,38,16,377,138,1.36,1.36,6.82
108,True,True,,,204580,0,0,0,0,39.5,318,"[{'offset': 0, 'projected_percent': '42.0', 'likelihood': 3}, {'offset': 1, 'projected_percent': '46.1', 'likelihood': 3}, {'offset': 2, 'projected_percent': '50.3', 'likelihood': 3}]",,False,1,3,7.0,7.0,11,Vitaly,7.0,98,False,,,50,204580.jpg,7.0,False,Janelt,1.4,False,,a,4,94,21,132747,69383,29901,12026,1.4,4.2,Janelt,,80.0,2020-10-03,1998-05-10,False,p204580,270,2,0,1,2,0,0,0,3,0,0,3,76,117.6,77.3,45.0,24.0,14,10,11,35,3,0.50,0.32,0.82,3.74,3.0,,,,,,[],,4,3,26,23,66,40,16,12,0.17,0.0,0.11,0.28,1.25,0.67,264,165,19,7,20,8,153,46,1.0,0.33,11.67
109,True,True,0.0,0.0,543295,0,0,0,0,-31.0,0,"[{'offset': 0, 'projected_percent': '-31.0', 'likelihood': -2}, {'offset': 1, 'projected_percent': '-31.0', 'likelihood': -2}, {'offset': 2, 'projected_percent': '-31.0', 'likelihood': -2}]",,False,0,3,0.0,0.0,0,Antoni,0.0,99,False,Knee injury - Unknown return date,2026-07-23T12:01:23.384798Z,50,543295.jpg,0.0,False,Milambo,0.0,False,,i,4,94,0,74,12,108,21,0.0,0.0,Milambo,,152.0,2025-07-03,2005-04-03,False,p543295,0,0,0,0,0,0,0,0,0,0,0,0,0,0.0,0.0,0.0,0.0,0,0,0,0,0,0.00,0.00,0.00,0.00,,,,,,,[],https://www.brentfordfc.com/en/news/video/first-team-fabio-carvalho-brentford-injury-return-keith-andrews?utm_source=chatgpt.com,579,243,586,249,565,233,586,246,0.0,0.0,0.0,0.0,0.0,0.0,342,207,594,250,594,250,647,286,0.0,0.0,0.0
110,True,True,100.0,100.0,244858,0,0,0,0,0.1,-1,"[{'offset': 0, 'projected_percent': '0.1', 'likelihood': 1}, {'offset': 1, 'projected_percent': '0.1', 'likelihood': 1}, {'offset': 2, 'projected_percent': '0.0', 'likelihood': 0}]",,False,0,3,0.0,0.0,0,Fábio,0.0,100,False,,2026-08-18T13:58:17.442072Z,50,244858.jpg,0.0,False,Freitas Gouveia Carvalho,0.0,False,,a,4,94,0,909,211,798,194,0.0,0.0,Carvalho,Fábio Carvalho,173.0,2024-08-12,2002-08-30,False,p244858,0,0,0,0,0,0,0,0,0,0,0,0,0,0.0,0.0,0.0,0.0,0,0,0,0,0,0.00,0.00,0.00,0.00,,,,,,,[],,554,227,556,233,531,214,561,230,0.0,0.0,0.0,0.0,0.0,0.0,286,175,570,235,570,235,565,234,0.0,0.0,0.0
111,True,True,,,508395,0,0,-1,1,-36.2,-24,"[{'offset': 0, 'projected_percent': '-38.6', 'likelihood': -2}, {'offset': 1, 'projected_percent': '-42.5', 'likelihood': -3}, {'offset': 2, 'projected_percent': '-46.5', 'likelihood': -3}]",,False,0,3,0.7,0.7,0,Yehor,0.7,102,False,,,49,508395.jpg,0.7,False,Yarmoliuk,0.8,False,,a,4,94,2,2245,424,39962,7477,0.1,0.4,Yarmoliuk,,225.0,2022-10-28,2004-03-01,False,p508395,89,0,0,0,2,0,0,0,1,0,0,0,12,7.6,16.7,9.0,3.4,2,6,3,11,0,0.07,0.03,0.10,2.78,,,,,,,[],,282,120,182,103,198,97,256,111,0.07,0.0,0.03,0.1,2.81,2.02,404,243,300,135,375,176,208,65,0.0,0.0,11.12
112,True,True,0.0,0.0,183656,0,0,0,0,-76.0,0,"[{'offset': 0, 'projected_percent': '-76.0', 'likelihood': -3}, {'offset': 1, 'projected_percent': '-76.0', 'likelihood': -3}, {'offset': 2, 'projected_percent': '-76.0', 'likelihood': -3}]",,False,0,3,0.0,0.0,0,Josh,0.0,103,False,Hamstring injury - Expected back 10 Oct,2026-09-04T13:30:08.371955Z,50,183656.jpg,0.0,False,Dasilva,0.0,False,,i,4,94,0,361,17,1252,350,0.0,0.0,Dasilva,,241.0,2025-10-23,1998-10-23,False,p183656,0,0,0,0,0,0,0,0,0,0,0,0,0,0.0,0.0,0.0,0.0,0,0,0,0,0,0.00,0.00,0.00,0.00,,,,,,,[],https://www.brentfordfc.com/en/news/article/first-team-brentford-v-sunderland-premier-league-team-news-mathias-jensen,543,222,545,229,517,208,550,226,0.0,0.0,0.0,0.0,0.0,0.0,258,160,560,231,560,231,573,237,0.0,0.0,0.0
113,True,True,,,444180,0,0,0,0,-71.9,-12,"[{'offset': 0, 'projected_percent': '-78.4', 'likelihood': -3}, {'offset': 1, 'projected_percent': '-89.1', 'likelihood': -3}, {'offset': 2, 'projected_percent': '-99.9', 'likelihood': -4}]",,False,0,3,1.3,1.3,1,Jaidon,1.3,105,False,,,60,444180.jpg,1.3,False,Anthony,0.1,False,,a,4,94,4,3962,360,6988,1246,0.2,0.7,Anthony,,241.0,2026-07-07,1999-12-01,False,p444180,128,0,0,1,1,0,0,0,1,0,0,0,16,13.8,63.0,19.0,9.5,0,11,2,13,1,0.19,0.42,0.61,1.55,,,,,,,[],,247,101,38,33,126,64,136,67,0.13,0.0,0.3,0.43,1.09,0.7,72,48,237,107,260,117,370,134,0.7,0.7,9.14
114,True,True,,,502500,-1,1,-1,1,-8.9,-664,"[{'offset': 0, 'projected_percent': '-11.6', 'likelihood': -1}, {'offset': 1, 'projected_percent': '-16.0', 'likelihood': -1}, {'offset': 2, 'projected_percent': '-20.3', 'likelihood': -2}]",,False,0,4,1.3,1.3,2,Igor Thiago,1.3,106,False,,,79,502500.jpg,1.3,False,Nascimento Rodrigues,12.1,False,,a,4,94,4,174753,10923,611791,157836,0.2,0.5,Thiago,Igor Thiago,30.0,2024-07-01,2001-06-26,False,p502500,262,0,0,1,2,0,0,1,0,0,0,0,8,20.6,11.6,106.0,13.8,4,9,2,15,3,2.30,0.10,2.40,3.67,,,,,1.0,,[],,221,17,214,25,8,4,71,9,0.79,0.0,0.03,0.82,1.26,0.69,12,3,243,28,262,32,35,6,1.03,0.34,5.15
115,True,True,,,593174,0,0,0,0,7.7,-1,"[{'offset': 0, 'projected_percent': '7.7', 'likelihood': 1}, {'offset': 1, 'projected_percent': '7.7', 'likelihood': 1}, {'offset': 2, 'projected_percent': '7.7', 'likelihood': 1}]",,False,0,4,0.0,0.0,0,Kaye,0.0,107,False,,,45,593174.jpg,0.0,False,Furo,1.1,False,,a,4,94,0,45882,10411,29209,6981,0.0,0.0,Furo,,21.0,2026-01-11,2007-02-06,False,p593174,0,0,0,0,0,0,0,0,0,0,0,0,0,0.0,0.0,0.0,0.0,0,0,0,0,0,0.00,0.00,0.00,0.00,,,,,,,[],,487,48,486,53,444,50,493,52,0.0,0.0,0.0,0.0,0.0,0.0,545,74,510,55,510,55,181,29,0.0,0.0,0.0
116,True,True,,,75115,0,0,0,0,-24.4,-18,"[{'offset': 0, 'projected_percent': '-28.6', 'likelihood': -2}, {'offset': 1, 'projected_percent': '-35.4', 'likelihood': -2}, {'offset': 2, 'projected_percent': '-42.3', 'likelihood': -3}]",,False,0,4,1.0,1.0,1,Callum,1.0,108,False,,,55,75115.jpg,1.0,False,Wilson,0.4,False,,a,4,94,3,11441,1530,15132,3040,0.2,0.5,Wilson,,241.0,2026-07-09,1992-02-27,False,p75115,13,0,0,0,0,0,0,0,0,0,0,0,9,3.2,10.4,12.0,2.6,1,1,0,2,0,0.07,0.04,0.11,0.15,,,,,,,[],,327,33,223,29,179,30,276,31,0.48,0.0,0.28,0.76,1.04,0.0,122,31,269,30,343,38,280,49,0.0,0.0,13.85
117,True,True,,,513545,0,0,2,-2,-1.5,-509,"[{'offset': 0, 'projected_percent': '-5.5', 'likelihood': -1}, {'offset': 1, 'projected_percent': '-12.2', 'likelihood': -1}, {'offset': 2, 'projected_percent': '-18.9', 'likelihood': -1}]",,False,1,3,6.0,6.0,0,Mamadou,6.0,565,False,,,57,513545.jpg,6.0,False,Sangaré,14.3,False,,a,4,94,18,1149160,65930,296886,143474,1.1,3.2,M.Sangaré,,132.0,2026-08-01,2002-06-26,False,p513545,210,0,2,1,1,0,0,0,1,0,0,3,57,56.0,48.4,40.0,14.1,10,15,7,32,3,0.41,0.37,0.78,2.28,,,,,,,[],,94,35,65,49,71,43,67,43,0.18,0.0,0.16,0.34,0.98,0.43,118,77,35,16,40,18,27,10,1.29,0.43,13.71
118,True,True,,,613804,0,0,0,0,0.0,0,"[{'offset': 0, 'projected_percent': '0.0', 'likelihood': 0}, {'offset': 1, 'projected_percent': '0.0', 'likelihood': 0}, {'offset': 2, 'projected_percent': '0.0', 'likelihood': 0}]",2026-09-10T14:57:43.968027Z,False,0,2,0.0,0.0,0,El Hadji Malick,0.0,620,False,,,45,613804.jpg,0.0,False,Diouf,0.1,False,,a,4,94,0,11052,910,4152,1133,0.0,0.0,Diouf,El Hadji Malick Diouf,189.0,2026-08-28,2004-12-29,False,p613804,0,0,0,0,0,0,0,0,0,0,0,0,0,0.0,0.0,0.0,0.0,0,0,0,0,0,0.00,0.00,0.00,0.00,,,,,,,[],,494,191,493,191,451,184,500,189,0.0,0.0,0.0,0.0,0.0,0.0,553,146,517,194,517,194,436,155,0.0,0.0,0.0
119,True,True,,,489639,0,0,0,0,53.2,107,"[{'offset': 0, 'projected_percent': '54.1', 'likelihood': 3}, {'offset': 1, 'projected_percent': '55.5', 'likelihood': 3}, {'offset': 2, 'projected_percent': '56.9', 'likelihood': 3}]",,False,0,1,3.0,3.0,3,Bart,3.0,109,False,,,45,489639.jpg,3.0,False,Verbruggen,22.2,False,,a,5,36,9,450625,94921,277797,75419,0.7,2.0,Verbruggen,,152.0,2023-07-03,2002-08-18,False,p489639,270,0,0,1,5,0,0,0,0,0,4,0,41,46.0,3.0,0.0,4.9,0,23,0,0,3,0.00,0.20,0.20,5.71,,,,,,,[],,130,16,259,3,409,44,228,15,0.0,1.33,0.07,0.07,1.9,1.67,505,43,113,11,125,11,12,2,1.0,0.33,0.0
120,True,True,,,49262,0,0,0,0,3.0,-2,"[{'offset': 0, 'projected_percent': '3.0', 'likelihood': 1}, {'offset': 1, 'projected_percent': '3.0', 'likelihood': 1}, {'offset': 2, 'projected_percent': '2.9', 'likelihood': 1}]",,False,0,1,0.0,0.0,0,Jason,0.0,111,False,,,40,49262.jpg,0.0,False,Steele,4.3,False,,a,5,36,0,94347,21540,62422,14119,0.0,0.0,Steele,,241.0,2018-07-01,1990-08-18,False,p49262,0,0,0,0,0,0,0,0,0,0,0,0,0,0.0,0.0,0.0,0.0,0,0,0,0,0,0.00,0.00,0.00,0.00,,,,,,,[],,364,25,357,6,297,3,369,25,0.0,0.0,0.0,0.0,0.0,0.0,580,51,389,25,389,25,82,12,0.0,0.0,0.0
121,True,True,100.0,100.0,231416,0,0,-1,1,-16.9,-27,"[{'offset': 0, 'projected_percent': '-18.1', 'likelihood': -1}, {'offset': 1, 'projected_percent': '-20.1', 'likelihood': -2}, {'offset': 2, 'projected_percent': '-22.1', 'likelihood': -2}]",,False,0,2,0.7,0.7,2,Ferdi,0.7,113,False,,2026-08-23T13:00:07.595211Z,44,231416.jpg,1.0,False,Kadıoğlu,1.9,False,,a,5,36,2,18148,2844,95468,11431,0.2,0.5,F.Kadıoğlu,,219.0,2024-08-27,1999-10-07,False,p231416,167,0,0,0,5,0,0,0,0,0,0,0,4,15.4,29.2,27.0,7.2,4,4,1,5,2,0.08,0.02,0.10,5.33,3.0,,,,,,[],,241,100,132,40,102,25,178,69,0.04,0.0,0.01,0.05,2.87,2.69,571,154,287,102,272,101,131,53,1.08,0.0,2.69
122,True,True,,,204120,0,0,0,0,2.2,-2,"[{'offset': 0, 'projected_percent': '2.1', 'likelihood': 1}, {'offset': 1, 'projected_percent': '2.1', 'likelihood': 1}, {'offset': 2, 'projected_percent': '2.1', 'likelihood': 1}]",,False,0,2,2.3,2.3,2,Olivier,2.3,114,False,,,45,204120.jpg,2.3,False,Boscagli,0.3,False,,a,5,36,7,11347,951,6811,1257,0.5,1.6,Boscagli,,73.0,2025-07-02,1997-11-18,False,p204120,270,0,0,1,5,0,0,0,1,0,0,0,44,52.6,96.2,17.0,16.6,12,10,1,13,3,0.05,0.48,0.53,5.71,,,,,,,[],,108,50,15,1,134,42,44,7,0.02,0.0,0.16,0.18,1.9,1.67,458,99,151,61,169,67,304,112,1.0,0.33,4.33
123,True,True,,,465730,1,-1,3,-3,0.9,768,"[{'offset': 0, 'projected_percent': '3.2', 'likelihood': 1}, {'offset': 1, 'projected_percent': '6.9', 'likelihood': 1}, {'offset': 2, 'projected_percent': '10.6', 'likelihood': 1}]",,False,1,2,7.0,7.0,4,Maxim,7.0,115,False,,,48,465730.jpg,7.0,False,De Cuyper,19.5,False,,a,5,36,21,1624642,257803,180641,49673,1.5,4.4,De Cuyper,,21.0,2025-07-05,2000-12-22,False,p465730,243,1,2,1,5,0,0,0,1,0,0,2,61,69.0,91.1,50.0,21.1,4,10,4,8,3,1.50,0.40,1.90,5.62,2.0,,4.0,,,,[],,58,27,18,2,58,10,23,1,0.56,0.0,0.15,0.71,2.08,1.85,421,79,18,9,19,9,16,4,1.11,0.37,2.96
124,True,True,,,83299,0,0,0,0,8.9,12,"[{'offset': 0, 'projected_percent': '9.0', 'likelihood': 1}, {'offset': 1, 'projected_percent': '9.1', 'likelihood': 1}, {'offset': 2, 'projected_percent': '9.3', 'likelihood': 1}]",,False,0,2,3.3,3.3,5,Lewis,3.3,116,False,,,45,83299.jpg,3.3,False,Dunk,1.3,False,,a,5,36,10,40899,7230,22925,3857,0.7,2.2,Dunk,,241.0,2009-07-01,1991-11-21,False,p83299,270,0,0,1,5,0,0,0,1,0,0,1,40,59.0,10.3,4.0,7.4,15,11,2,17,3,0.00,0.06,0.06,5.71,,,3.0,,,,[],,81,41,224,76,240,88,171,68,0.0,0.0,0.02,0.02,1.9,1.67,429,82,95,35,106,41,160,65,1.0,0.33,5.67
125,True,True,,,550090,0,0,0,0,-13.5,0,"[{'offset': 0, 'projected_percent': '-13.5', 'likelihood': -1}, {'offset': 1, 'projected_percent': '-13.5', 'likelihood': -1}, {'offset': 2, 'projected_percent': '-13.5', 'likelihood': -1}]",,False,0,2,0.0,0.0,0,Diego,0.0,117,False,,,45,550090.jpg,0.0,False,Coppola,0.0,False,,a,5,36,0,531,79,642,122,0.0,0.0,Coppola,,,,,False,p550090,0,0,0,0,0,0,0,0,0,0,0,0,0,0.0,0.0,0.0,0.0,0,0,0,0,0,0.00,0.00,0.00,0.00,,,,,,,[],,473,186,473,186,430,179,479,184,0.0,0.0,0.0,0.0,0.0,0.0,527,138,497,189,497,189,572,195,0.0,0.0,0.0
126,True,False,0.0,0.0,223434,0,0,0,0,0.0,-3,"[{'offset': 0, 'projected_percent': '0.0', 'likelihood': 0}, {'offset': 1, 'projected_percent': '0.0', 'likelihood': 0}, {'offset': 2, 'projected_percent': '0.0', 'likelihood': 0}]",,False,0,2,0.0,0.0,0,Igor Julio,0.0,118,False,Has joined Burnley permanently,2026-09-02T15:38:15.529699Z,45,223434.jpg,0.0,False,dos Santos de Paulo,0.1,False,,u,5,36,0,915,0,3975,1205,0.0,0.0,Igor,Igor Julio,30.0,2023-07-26,1998-02-07,False,p223434,0,0,0,0,0,0,0,0,0,0,0,0,0,0.0,0.0,0.0,0.0,0,0,0,0,0,0.00,0.00,0.00,0.00,,,,,,,[],,439,173,436,173,386,161,445,171,0.0,0.0,0.0,0.0,0.0,0.0,465,104,463,176,463,176,489,172,0.0,0.0,0.0
127,True,True,,,451490,0,0,0,0,0.0,1,"[{'offset': 0, 'projected_percent': '0.0', 'likelihood': 0}, {'offset': 1, 'projected_percent': '0.1', 'likelihood': 1}, {'offset': 2, 'projected_percent': '0.1', 'likelihood': 1}]",,False,0,2,0.7,0.7,1,João Pedro,0.7,119,False,,,45,451490.jpg,0.7,False,Loureiro da Costa,0.0,False,,a,5,36,2,782,97,841,143,0.2,0.4,Costinha,Costinha,173.0,2026-06-15,2000-03-26,False,p451490,48,0,0,0,0,0,0,0,1,0,0,0,13,14.0,16.7,18.0,4.8,4,0,1,5,0,0.12,0.16,0.28,0.24,,,,,,,[],,246,102,181,57,127,38,232,88,0.22,0.0,0.3,0.52,0.45,0.0,491,124,294,108,374,131,526,183,0.0,0.0,9.38
128,True,True,,,454490,0,0,0,0,0.1,-4,"[{'offset': 0, 'projected_percent': '0.0', 'likelihood': 0}, {'offset': 1, 'projected_percent': '-5.3', 'likelihood': -1}, {'offset': 2, 'projected_percent': '-15.5', 'likelihood': -1}]",,False,0,2,0.0,0.0,0,Michael,0.0,120,False,,,50,454490.jpg,0.0,False,Svoboda,0.1,False,,a,5,36,0,2051,420,2170,499,0.0,0.0,Svoboda,,14.0,2026-07-02,1998-10-15,False,p454490,0,0,0,0,0,0,0,0,0,0,0,0,0,0.0,0.0,0.0,0.0,0,0,0,0,0,0.00,0.00,0.00,0.00,,,,,,,[],,557,204,561,204,538,202,564,204,0.0,0.0,0.0,0.0,0.0,0.0,296,50,573,205,573,205,492,174,0.0,0.0,0.0
129,True,True,0.0,0.0,451340,-1,1,-1,1,-6.9,0,"[{'offset': 0, 'projected_percent': '-6.9', 'likelihood': -1}, {'offset': 1, 'projected_percent': '-6.9', 'likelihood': -1}, {'offset': 2, 'projected_percent': '-6.9', 'likelihood': -1}]",,False,0,3,0.0,0.0,0,Mitoma,0.0,121,False,Hamstring injury - Unknown return date,2026-07-24T18:30:10.661894Z,59,451340.jpg,0.0,False,Kaoru,0.0,False,,i,5,36,0,328,39,2463,275,0.0,0.0,Mitoma,,108.0,2021-08-09,1997-05-20,False,p451340,0,0,0,0,0,0,0,0,0,0,0,0,0,0.0,0.0,0.0,0.0,0,0,0,0,0,0.00,0.00,0.00,0.00,,,,,,,[],https://www.brightonandhovealbion.com/media-article/mft-match-preview-bha-leeds-united-pl-september-2026,631,276,633,276,630,274,633,276,0.0,0.0,0.0,0.0,0.0,0.0,101,65,635,276,635,276,530,217,0.0,0.0,0.0
130,True,True,0.0,0.0,592031,0,0,-1,1,-40.7,-2,"[{'offset': 0, 'projected_percent': '-42.5', 'likelihood': -3}, {'offset': 1, 'projected_percent': '-45.4', 'likelihood': -3}, {'offset': 2, 'projected_percent': '-48.4', 'likelihood': -3}]",,False,0,3,0.0,0.0,0,Yankuba,0.0,122,False,Leg injury - Expected back 28 Nov,2026-08-14T18:00:06.418033Z,59,592031.jpg,0.0,False,Minteh,0.0,False,,i,5,36,0,247,20,5883,436,0.0,0.0,Minteh,,78.0,2024-07-01,2004-07-22,False,p592031,0,0,0,0,0,0,0,0,0,0,0,0,0,0.0,0.0,0.0,0.0,0,0,0,0,0,0.00,0.00,0.00,0.00,5.0,,,,,,[],https://www.brightonandhovealbion.com/media-article/fabian-hurzeler-reflects-on-albions-pre-season-win-over-as-roma?utm_source=premier-league-web&utm_medium=referral&utm_campaign=pl-referral-always-on&utm_term=content-card,633,278,635,278,633,277,635,278,0.0,0.0,0.0,0.0,0.0,0.0,111,71,637,278,637,278,514,210,0.0,0.0,0.0
131,True,True,50.0,50.0,532529,0,0,0,0,-33.4,-125,"[{'offset': 0, 'projected_percent': '-38.5', 'likelihood': -2}, {'offset': 1, 'projected_percent': '-47.0', 'likelihood': -3}, {'offset': 2, 'projected_percent': '-55.5', 'likelihood': -3}]",,False,1,3,2.6,2.6,0,Jack,5.3,123,False,Unspecified injury - 50% chance of playing,2026-08-27T19:30:07.780933Z,60,532529.jpg,16.0,False,Hinshelwood,1.1,False,,d,5,36,16,147135,684,159398,22618,0.9,2.7,Hinshelwood,,241.0,2022-12-30,2005-04-11,False,p532529,63,2,0,1,0,0,0,0,0,0,0,3,54,72.8,13.4,59.0,14.5,0,1,2,3,1,1.41,0.02,1.43,0.19,,,,,,,[],https://www.brightonandhovealbion.com/media-article/match-preview-albion-head-to-chelsea-on-sunday,47,17,201,111,44,29,63,41,2.01,0.0,0.03,2.04,0.27,0.0,78,53,44,22,1,1,183,56,1.43,1.43,4.29
132,True,True,,,60307,0,0,0,0,97.9,158,"[{'offset': 0, 'projected_percent': '99.1', 'likelihood': 4}, {'offset': 1, 'projected_percent': '101.2', 'likelihood': 5}, {'offset': 2, 'projected_percent': '103.3', 'likelihood': 5}]",,False,1,3,5.3,5.3,1,Pascal,5.3,124,False,,,55,60307.jpg,5.3,False,Groß,16.2,False,,a,5,36,16,600459,127965,289870,76793,1.0,2.9,Groß,,80.0,2026-01-02,1991-06-15,False,p60307,270,1,1,1,5,0,0,0,2,0,0,3,63,68.8,106.6,50.0,22.2,4,7,4,15,3,0.84,0.42,1.26,5.71,1.0,,1.0,,1.0,,[],,59,19,9,9,59,36,21,17,0.28,0.0,0.14,0.42,1.9,1.67,121,78,42,20,47,22,24,9,1.0,0.33,5.0
133,True,True,75.0,75.0,463067,0,0,0,0,-72.7,-36,"[{'offset': 0, 'projected_percent': '-75.2', 'likelihood': -3}, {'offset': 1, 'projected_percent': '-79.3', 'likelihood': -3}, {'offset': 2, 'projected_percent': '-83.5', 'likelihood': -3}]",,False,0,4,1.3,1.3,0,Georginio,1.7,125,False,Unspecified injury - 75% chance of playing,2026-08-26T16:00:07.608056Z,55,463067.jpg,5.0,False,Rutter,0.6,False,,d,5,36,5,28990,557,50443,8960,0.3,0.9,Georginio,,73.0,2024-08-19,2002-04-20,False,p463067,90,0,1,1,0,0,0,0,0,0,0,0,22,19.8,11.4,15.0,4.6,1,4,2,7,1,0.08,0.44,0.52,0.29,,,,,,,[],https://www.brightonandhovealbion.com/media-article/mft-match-preview-bha-leeds-united-pl-september-2026,222,18,215,26,156,28,237,28,0.08,0.0,0.44,0.52,0.29,0.0,158,40,213,20,53,5,235,39,1.0,1.0,7.0
134,True,True,,,219249,0,0,0,0,-72.4,-4,"[{'offset': 0, 'projected_percent': '-75.7', 'likelihood': -3}, {'offset': 1, 'projected_percent': '-81.2', 'likelihood': -3}, {'offset': 2, 'projected_percent': '-86.6', 'likelihood': -3}]",,False,0,3,0.0,0.0,0,Matt,0.0,126,False,,,55,219249.jpg,0.0,False,O'Riley,0.1,False,,a,5,36,0,2179,483,4046,745,0.0,0.0,O'Riley,,58.0,2024-08-26,2000-11-21,False,p219249,0,0,0,0,0,0,0,0,0,0,0,0,0,0.0,0.0,0.0,0.0,0,0,0,0,0,0.00,0.00,0.00,0.00,,,,,3.0,,[],,616,266,622,268,612,261,622,268,0.0,0.0,0.0,0.0,0.0,0.0,142,86,625,269,625,269,424,165,0.0,0.0,0.0
135,True,True,,,514254,0,0,0,0,53.4,12,"[{'offset': 0, 'projected_percent': '53.5', 'likelihood': 3}, {'offset': 1, 'projected_percent': '53.6', 'likelihood': 3}, {'offset': 2, 'projected_percent': '53.8', 'likelihood': 3}]",,False,0,3,4.3,4.3,2,Diego,4.3,127,False,,,50,514254.jpg,4.3,False,Gómez Amarilla,4.9,False,,a,5,36,13,243260,41807,117313,40329,0.9,2.6,Gomez,Diego Gómez,168.0,2025-01-01,2003-03-27,False,p514254,265,0,2,1,5,0,0,0,0,0,0,0,55,52.8,71.8,113.0,23.8,5,7,8,20,3,0.65,0.70,1.35,5.71,,,5.0,,,,[],,107,39,33,28,5,2,18,14,0.22,0.0,0.24,0.46,1.94,1.7,330,197,62,30,68,31,74,23,1.02,0.34,6.79
136,True,False,0.0,0.0,536916,0,0,0,0,0.0,0,"[{'offset': 0, 'projected_percent': '0.0', 'likelihood': 0}, {'offset': 1, 'projected_percent': '0.0', 'likelihood': 0}, {'offset': 2, 'projected_percent': '0.0', 'likelihood': 0}]",,False,0,3,0.0,0.0,0,Facundo,0.0,128,False,Has joined Elche on loan for the rest of the season,2026-08-10T14:03:07.561436Z,50,536916.jpg,0.0,False,Buonanotte,0.0,False,,u,5,36,0,0,0,292,25,0.0,0.0,Buonanotte,,10.0,2023-01-01,2004-12-23,False,p536916,0,0,0,0,0,0,0,0,0,0,0,0,0,0.0,0.0,0.0,0.0,0,0,0,0,0,0.00,0.00,0.00,0.00,,,,,,,[],,578,242,585,248,564,232,585,245,0.0,0.0,0.0,0.0,0.0,0.0,340,205,593,249,593,249,645,284,0.0,0.0,0.0
137,True,True,100.0,75.0,509416,0,0,-1,1,-33.2,-1,"[{'offset': 0, 'projected_percent': '-33.3', 'likelihood': -2}, {'offset': 1, 'projected_percent': '-33.5', 'likelihood': -2}, {'offset': 2, 'projected_percent': '-33.7', 'likelihood': -2}]",,False,0,3,1.3,1.0,2,Yasin,1.3,129,False,,2026-08-30T18:00:07.935334Z,54,509416.jpg,2.0,False,Ayari,0.4,False,,a,5,36,4,5682,905,32086,3140,0.2,0.7,Ayari,,206.0,2023-01-30,2003-10-06,False,p509416,153,0,0,1,1,0,0,0,1,0,0,0,26,11.4,29.8,24.0,6.1,2,5,0,7,2,0.28,0.07,0.35,2.68,4.0,,2.0,,,,[],,261,108,127,77,114,58,209,96,0.16,0.0,0.04,0.2,1.58,0.59,225,142,229,103,212,94,271,91,1.18,0.59,4.12
138,True,True,0.0,0.0,467779,0,0,0,0,-10.7,-67,"[{'offset': 0, 'projected_percent': '-16.8', 'likelihood': -1}, {'offset': 1, 'projected_percent': '-27.0', 'likelihood': -2}, {'offset': 2, 'projected_percent': '-37.2', 'likelihood': -2}]",,False,0,2,0.0,0.0,0,Mats,2.3,130,False,Knee injury - Unknown return date,2026-09-04T09:30:08.612904Z,50,467779.jpg,3.5,False,Wieffer,0.3,False,,i,5,36,7,25836,46,27260,11368,0.5,1.4,Wieffer,,152.0,2024-07-06,1999-11-16,False,p467779,156,0,0,1,4,0,0,0,0,0,0,1,38,37.0,35.5,10.0,8.3,11,9,4,15,2,0.12,0.13,0.25,3.18,,,,,,,[],https://www.brightonandhovealbion.com/media-article/mft-match-preview-bha-leeds-united-pl-september-2026,157,72,108,31,193,66,156,61,0.07,0.0,0.08,0.15,1.83,2.31,302,52,159,64,105,40,291,105,1.15,0.58,8.65
139,True,False,0.0,0.0,597320,0,0,0,0,0.0,0,"[{'offset': 0, 'projected_percent': '0.0', 'likelihood': 0}, {'offset': 1, 'projected_percent': '0.0', 'likelihood': 0}, {'offset': 2, 'projected_percent': '0.0', 'likelihood': 0}]",,False,0,3,0.0,0.0,0,Harry,0.0,132,False,Has joined Leicester City on loan for the rest of the season,2026-08-17T13:53:19.019938Z,45,597320.jpg,0.0,False,Howell,0.0,False,,u,5,36,0,0,0,2830,322,0.0,0.0,Howell,,,,,False,p597320,0,0,0,0,0,0,0,0,0,0,0,0,0,0.0,0.0,0.0,0.0,0,0,0,0,0,0.00,0.00,0.00,0.00,,,,,,,[],,490,188,489,196,447,165,496,192,0.0,0.0,0.0,0.0,0.0,0.0,548,281,513,201,513,201,521,214,0.0,0.0,0.0
140,True,False,0.0,0.0,549074,0,0,0,0,0.0,0,"[{'offset': 0, 'projected_percent': '0.0', 'likelihood': 0}, {'offset': 1, 'projected_percent': '0.0', 'likelihood': 0}, {'offset': 2, 'projected_percent': '0.0', 'likelihood': 0}]",,False,0,3,0.0,0.0,0,Tom,0.0,133,False,Has joined Leicester City on loan for the rest of the season,2026-08-03T14:05:44.459483Z,50,549074.jpg,0.0,False,Watson,0.0,False,,u,5,36,0,0,0,116,14,0.0,0.0,Watson,,241.0,2025-06-01,2006-04-08,False,p549074,0,0,0,0,0,0,0,0,0,0,0,0,0,0.0,0.0,0.0,0.0,0,0,0,0,0,0.00,0.00,0.00,0.00,,,,,,,[],,581,245,588,251,568,236,588,248,0.0,0.0,0.0,0.0,0.0,0.0,345,210,596,252,596,252,651,289,0.0,0.0,0.0
141,True,True,,,556637,0,0,0,0,-11.0,0,"[{'offset': 0, 'projected_percent': '-11.0', 'likelihood': -1}, {'offset': 1, 'projected_percent': '-11.0', 'likelihood': -1}, {'offset': 2, 'projected_percent': '-11.0', 'likelihood': -1}]",,False,0,3,0.0,0.0,0,Nehemiah,0.0,134,False,,,45,556637.jpg,0.0,False,Oriola,0.3,False,,a,5,36,0,6537,1217,8127,1588,0.0,0.0,Oriola,,241.0,2025-10-17,2007-06-11,False,p556637,0,0,0,0,0,0,0,0,0,0,0,0,0,0.0,0.0,0.0,0.0,0,0,0,0,0,0.00,0.00,0.00,0.00,,,,,,,[],,476,182,476,190,433,159,482,186,0.0,0.0,0.0,0.0,0.0,0.0,531,274,500,195,500,195,309,107,0.0,0.0,0.0
142,True,True,,,700308,-1,1,-1,1,-11.8,-2,"[{'offset': 0, 'projected_percent': '-13.8', 'likelihood': -1}, {'offset': 1, 'projected_percent': '-17.1', 'likelihood': -1}, {'offset': 2, 'projected_percent': '-20.4', 'likelihood': -2}]",,False,0,3,0.3,0.3,0,Zadok,0.3,135,False,,,49,700308.jpg,1.0,False,Yohanna,0.1,False,,a,5,36,1,1130,240,2988,530,0.1,0.2,Yohanna,,157.0,2026-06-15,2007-06-29,False,p700308,12,0,0,0,0,0,0,0,0,0,0,0,3,0.2,1.3,0.0,0.2,0,0,0,0,0,0.00,0.03,0.03,0.00,,,,,,,[],,359,168,298,149,500,198,357,166,0.0,0.0,0.22,0.22,0.0,0.0,420,256,358,164,309,133,486,194,0.0,0.0,0.0
143,True,True,0.0,0.0,608181,0,0,0,0,-80.5,0,"[{'offset': 0, 'projected_percent': '-80.5', 'likelihood': -3}, {'offset': 1, 'projected_percent': '-80.5', 'likelihood': -3}, {'offset': 2, 'projected_percent': '-80.5', 'likelihood': -3}]",,False,0,4,0.0,0.0,0,Stefanos,0.0,137,False,Knee injury - Unknown return date,2026-07-23T12:01:23.432796Z,55,608181.jpg,0.0,False,Tzimas,0.0,False,,i,5,36,0,205,41,532,70,0.0,0.0,Tzimas,,83.0,2025-02-03,2006-01-06,False,p608181,0,0,0,0,0,0,0,0,0,0,0,0,0,0.0,0.0,0.0,0.0,0,0,0,0,0,0.00,0.00,0.00,0.00,,,,,,,[],https://www.brightonandhovealbion.com/media-article/fabian-hurzeler-reflects-on-a-successful-training-camp?srsltid=AfmBOoq6Qw6fHwT9Mxn5PIGBhoGos01rwVude5hxVRG_7iMPpS-YkOIf&utm_source=chatgpt.com,624,68,629,73,622,71,628,72,0.0,0.0,0.0,0.0,0.0,0.0,186,42,631,74,631,74,617,77,0.0,0.0,0.0
144,True,True,,,647850,0,0,0,0,12.1,14,"[{'offset': 0, 'projected_percent': '12.2', 'likelihood': 1}, {'offset': 1, 'projected_percent': '12.4', 'likelihood': 1}, {'offset': 2, 'projected_percent': '12.6', 'likelihood': 1}]",,False,0,4,2.7,2.7,2,Charalampos,2.7,138,False,,,55,647850.jpg,2.7,False,Kostoulas,0.5,False,,a,5,36,8,38176,7059,11570,3301,0.5,1.5,Kostoulas,,83.0,2025-07-01,2007-05-30,False,p647850,195,0,1,0,5,0,0,0,0,0,0,0,25,14.6,20.8,51.0,8.5,3,11,2,16,2,0.78,0.04,0.82,5.48,,,,,,,[],,244,22,166,19,57,13,153,17,0.36,0.0,0.02,0.38,2.53,2.31,188,43,141,13,156,17,246,41,0.92,0.0,7.38
145,True,True,0.0,0.0,487117,0,0,0,0,-28.3,0,"[{'offset': 0, 'projected_percent': '-28.3', 'likelihood': -2}, {'offset': 1, 'projected_percent': '-28.3', 'likelihood': -2}, {'offset': 2, 'projected_percent': '-28.3', 'likelihood': -2}]",,False,0,4,0.0,0.0,0,Evan,0.0,139,False,Ankle injury - Expected back 10 Oct,2026-07-23T12:01:23.448357Z,50,487117.jpg,0.0,False,Ferguson,0.0,False,,i,5,36,0,1084,221,1637,296,0.0,0.0,Ferguson,,104.0,2021-08-23,2004-10-19,False,p487117,0,0,0,0,0,0,0,0,0,0,0,0,0,0.0,0.0,0.0,0.0,0,0,0,0,0,0.00,0.00,0.00,0.00,,,,,,,[],https://www.brightonandhovealbion.com/media-article/fabian-hurzeler-reflects-on-a-successful-training-camp?srsltid=AfmBOoq6Qw6fHwT9Mxn5PIGBhoGos01rwVude5hxVRG_7iMPpS-YkOIf&utm_source=chatgpt.com,563,56,569,61,547,58,570,60,0.0,0.0,0.0,0.0,0.0,0.0,311,57,579,63,579,63,537,72,0.0,0.0,0.0
146,True,True,100.0,100.0,222694,0,0,0,0,-71.7,-1,"[{'offset': 0, 'projected_percent': '-71.9', 'likelihood': -3}, {'offset': 1, 'projected_percent': '-72.2', 'likelihood': -3}, {'offset': 2, 'projected_percent': '-72.6', 'likelihood': -3}]",,False,0,2,0.3,0.3,1,Pascal,0.3,328,False,,2026-08-15T20:30:07.523574Z,50,222694.jpg,1.0,False,Struijk,0.2,False,,a,5,36,1,3612,648,7413,1183,0.1,0.2,Struijk,,152.0,2026-06-30,1999-08-11,False,p222694,1,0,0,0,0,0,0,0,0,0,0,0,3,0.2,0.1,0.0,0.0,0,0,0,0,0,0.00,0.00,0.00,0.00,,,,,,,[],,360,132,351,130,525,199,556,202,0.0,0.0,0.0,0.0,0.0,0.0,278,45,361,132,315,124,340,126,0.0,0.0,0.0
147,True,True,,,610799,0,0,0,0,16.7,253,"[{'offset': 0, 'projected_percent': '18.7', 'likelihood': 1}, {'offset': 1, 'projected_percent': '22.0', 'likelihood': 2}, {'offset': 2, 'projected_percent': '25.4', 'likelihood': 2}]",,False,1,2,6.0,6.0,12,Luka,6.0,504,False,,,50,610799.jpg,6.0,False,Vušković,2.8,False,,a,5,36,18,92134,48105,57792,12867,1.2,3.6,Vuskovic,,97.0,2026-07-14,2007-02-24,False,p610799,270,1,0,1,5,0,0,0,0,0,0,2,44,91.4,14.6,57.0,16.3,19,9,3,22,3,0.35,0.06,0.41,5.71,,,,,,,[],,26,7,191,62,45,4,51,9,0.12,0.0,0.02,0.14,1.9,1.67,356,62,31,14,34,15,110,44,1.0,0.33,7.33
148,True,True,,,538007,0,0,0,0,-19.3,-1,"[{'offset': 0, 'projected_percent': '-19.8', 'likelihood': -1}, {'offset': 1, 'projected_percent': '-20.5', 'likelihood': -2}, {'offset': 2, 'projected_percent': '-21.3', 'likelihood': -2}]",,False,0,4,0.3,0.3,0,Promise,0.3,594,False,,,60,538007.jpg,0.5,False,David,0.2,False,,a,5,36,1,8479,1516,12480,2617,0.0,0.2,David,,39.0,2026-08-18,2001-07-03,False,p538007,23,0,0,0,0,0,0,0,1,0,0,0,-4,0.0,3.7,4.0,0.4,0,0,0,0,0,0.42,0.00,0.42,0.14,,,,,2.0,,[],,640,73,251,31,251,39,346,41,1.64,0.0,0.0,1.64,0.55,0.0,79,17,382,45,386,47,319,52,0.0,0.0,0.0
149,True,True,,,612855,0,0,0,0,-14.9,0,"[{'offset': 0, 'projected_percent': '-14.9', 'likelihood': -1}, {'offset': 1, 'projected_percent': '-14.9', 'likelihood': -1}, {'offset': 2, 'projected_percent': '-14.9', 'likelihood': -1}]",,False,0,3,0.7,0.7,0,Ibrahim,0.7,600,False,,,50,612855.jpg,1.0,False,Osman,0.0,False,,a,5,36,2,618,88,584,159,0.1,0.4,Osman,,81.0,2024-07-01,2004-11-29,False,p612855,28,0,0,0,1,0,0,0,0,0,0,0,13,7.2,16.7,6.0,3.0,0,2,1,3,0,0.00,0.06,0.06,0.10,,,,,,,[],,285,122,183,104,228,113,264,115,0.0,0.0,0.19,0.19,0.32,3.21,357,218,311,141,325,144,577,238,0.0,0.0,9.64
150,True,True,,,611695,0,0,0,0,10.1,153,"[{'offset': 0, 'projected_percent': '11.3', 'likelihood': 1}, {'offset': 1, 'projected_percent': '13.3', 'likelihood': 1}, {'offset': 2, 'projected_percent': '15.4', 'likelihood': 1}]",,False,0,3,3.7,3.7,2,Malick,3.7,605,False,,,45,611695.jpg,3.7,False,Yalcouyé,2.7,False,,a,5,36,11,295971,83219,56633,22048,0.8,2.4,Yalcouyé,,54.0,2024-07-12,2005-11-18,False,p611695,167,1,0,0,4,0,0,0,0,0,0,1,58,59.6,47.2,62.0,16.9,4,5,3,12,2,0.75,0.26,1.01,5.32,,,,,,,[],,78,25,67,51,40,25,40,29,0.4,0.0,0.14,0.54,2.87,2.16,551,282,84,38,92,40,113,35,1.08,0.0,6.47
151,True,True,,,512123,0,0,0,0,0.0,0,"[{'offset': 0, 'projected_percent': '0.0', 'likelihood': 0}, {'offset': 1, 'projected_percent': '0.0', 'likelihood': 0}, {'offset': 2, 'projected_percent': '0.0', 'likelihood': 0}]",2026-09-08T14:03:01.287849Z,False,0,2,0.0,0.0,0,Jaouen,0.0,614,False,,,45,512123.jpg,0.0,False,Hadjam,0.0,False,,a,5,36,0,3026,225,889,350,0.0,0.0,Hadjam,,3.0,2026-08-25,2003-03-26,False,p512123,0,0,0,0,0,0,0,0,0,0,0,0,0,0.0,0.0,0.0,0.0,0,0,0,0,0,0.00,0.00,0.00,0.00,,,,,,,[],,463,183,463,183,420,176,469,181,0.0,0.0,0.0,0.0,0.0,0.0,516,134,487,186,487,186,516,179,0.0,0.0,0.0
152,True,False,0.0,0.0,519324,0,0,0,0,0.0,0,"[{'offset': 0, 'projected_percent': '0.0', 'likelihood': 0}, {'offset': 1, 'projected_percent': '0.0', 'likelihood': 0}, {'offset': 2, 'projected_percent': '0.0', 'likelihood': 0}]",2026-09-12T18:33:35.104021Z,False,0,3,0.0,0.0,0,Amario,0.0,624,False,Has joined Middlesbrough on loan for the rest of the season,2026-09-02T15:38:15.552951Z,50,519324.jpg,0.0,False,Cozier-Duberry,0.0,False,,u,5,36,0,117,0,84,28,0.0,0.0,Cozier-Duberry,,,,,False,p519324,0,0,0,0,0,0,0,0,0,0,0,0,0,0.0,0.0,0.0,0.0,0,0,0,0,0,0.00,0.00,0.00,0.00,,,,,,,[],,575,239,582,245,561,229,582,242,0.0,0.0,0.0,0.0,0.0,0.0,334,201,590,246,590,246,653,291,0.0,0.0,0.0
153,True,True,,,592984,0,0,0,0,0.0,0,"[{'offset': 0, 'projected_percent': '0.0', 'likelihood': 0}, {'offset': 1, 'projected_percent': '0.0', 'likelihood': 0}, {'offset': 2, 'projected_percent': '0.0', 'likelihood': 0}]",2026-09-15T14:53:53.542955Z,False,0,3,2.0,2.0,0,José María,0.0,639,False,,,55,592984.jpg,0.0,False,Andrés Baixauli,0.0,False,,a,5,36,0,582,321,135,93,0.0,0.0,Andrés,Chema Andrés,200.0,2026-09-01,2005-04-25,False,p592984,0,0,0,0,0,0,0,0,0,0,0,0,0,0.0,0.0,0.0,0.0,0,0,0,0,0,0.00,0.00,0.00,0.00,,,,,,,[],,623,273,628,274,621,270,627,273,0.0,0.0,0.0,0.0,0.0,0.0,185,116,630,274,630,274,620,266,0.0,0.0,0.0
154,True,True,0.0,0.0,471551,0,0,0,0,0.0,0,"[{'offset': 0, 'projected_percent': '0.0', 'likelihood': 0}, {'offset': 1, 'projected_percent': '0.0', 'likelihood': 0}, {'offset': 2, 'projected_percent': '0.0', 'likelihood': 0}]",2026-09-16T13:57:30.337035Z,False,0,3,0.0,0.0,0,Femi,0.0,652,False,Unspecified injury - Expected back 13 Sep,2026-09-04T11:30:08.661589Z,55,471551.jpg,0.0,False,Azeez,0.0,False,,i,5,36,0,328,80,60,26,0.0,0.0,Azeez,,157.0,2026-09-01,2001-06-05,False,p471551,0,0,0,0,0,0,0,0,0,0,0,0,0,0.0,0.0,0.0,0.0,0,0,0,0,0,0.00,0.00,0.00,0.00,,,,,,,[],https://www.brightonandhovealbion.com/media-article/mft-match-preview-bha-leeds-united-pl-september-2026,618,268,624,270,616,265,624,270,0.0,0.0,0.0,0.0,0.0,0.0,162,98,627,271,627,271,638,279,0.0,0.0,0.0
155,True,True,,,98980,0,0,0,0,1.8,155,"[{'offset': 0, 'projected_percent': '3.0', 'likelihood': 1}, {'offset': 1, 'projected_percent': '5.1', 'likelihood': 1}, {'offset': 2, 'projected_percent': '7.1', 'likelihood': 1}]",,False,0,1,1.7,1.7,3,Emiliano,1.7,28,False,,,50,98980.jpg,2.5,False,Martínez Romero,4.9,False,,a,6,8,5,154441,56677,142298,22121,0.3,1.0,Martinez,Emiliano Martínez,10.0,2026-08-29,1992-09-02,False,p98980,180,0,0,0,5,0,0,0,0,0,12,0,44,99.4,20.0,0.0,11.9,1,21,0,0,2,0.00,0.01,0.01,3.46,,,,,,,[],,14,2,169,1,504,57,88,1,0.0,6.0,0.0,0.0,1.73,2.5,242,6,203,18,161,14,75,11,1.0,0.0,0.0
156,True,True,,,244850,1,-1,1,-1,14.1,1509,"[{'offset': 0, 'projected_percent': '18.5', 'likelihood': 1}, {'offset': 1, 'projected_percent': '25.8', 'likelihood': 2}, {'offset': 2, 'projected_percent': '33.2', 'likelihood': 2}]",,False,0,3,6.3,6.3,6,Morgan,6.3,40,False,,,76,244850.jpg,6.3,False,Rogers,28.0,False,,a,6,8,19,855313,391912,451166,57433,0.8,2.5,Rogers,,241.0,2026-07-21,2002-07-26,False,p244850,257,2,1,0,7,0,0,0,1,0,0,1,87,105.8,113.6,68.0,28.7,1,13,3,17,3,1.18,1.14,2.32,4.70,4.0,,,,,,[],,9,6,5,5,33,19,7,5,0.41,0.0,0.4,0.81,1.65,2.45,16,10,30,13,32,14,8,4,1.05,0.0,5.95
157,True,True,75.0,75.0,56979,0,0,0,0,-99.7,-2,"[{'offset': 0, 'projected_percent': '-103.1', 'likelihood': -5}, {'offset': 1, 'projected_percent': '-108.7', 'likelihood': -5}, {'offset': 2, 'projected_percent': '-114.4', 'likelihood': -5}]",,False,0,3,0.0,0.0,0,Jordan,0.0,101,False,Wrist injury - 75% chance of playing,2026-08-09T09:30:07.136250Z,50,56979.jpg,0.0,False,Henderson,0.0,False,,d,6,8,0,501,78,1759,302,0.0,0.0,Henderson,Jordan Henderson,241.0,2026-08-03,1990-06-17,False,p56979,0,0,0,0,0,0,0,0,0,0,0,0,0,0.0,0.0,0.0,0.0,0,0,0,0,0,0.00,0.00,0.00,0.00,,,,,,,[],,533,215,534,223,501,199,541,220,0.0,0.0,0.0,0.0,0.0,0.0,238,149,552,225,552,225,538,220,0.0,0.0,0.0
158,True,True,100.0,100.0,50175,0,0,-1,1,-36.4,-23,"[{'offset': 0, 'projected_percent': '-38.8', 'likelihood': -2}, {'offset': 1, 'projected_percent': '-42.7', 'likelihood': -3}, {'offset': 2, 'projected_percent': '-46.6', 'likelihood': -3}]",,False,0,4,0.3,0.3,1,Danny,0.3,136,False,,2026-08-20T14:00:07.949090Z,59,50175.jpg,1.0,False,Welbeck,0.8,False,,a,6,8,1,14133,3124,53828,7027,0.1,0.2,Welbeck,,241.0,2026-08-01,1990-11-26,False,p50175,3,0,0,0,0,0,0,0,0,0,0,0,3,0.0,0.3,2.0,0.2,0,0,0,0,0,0.00,0.00,0.00,0.00,,,,,,,[],,627,70,344,43,287,41,360,42,0.0,0.0,0.0,0.0,0.0,0.0,85,21,378,44,352,41,216,35,0.0,0.0,0.0
159,True,False,0.0,0.0,215059,0,0,-1,1,0.0,-100,"[{'offset': 0, 'projected_percent': '0.0', 'likelihood': 0}, {'offset': 1, 'projected_percent': '0.0', 'likelihood': 0}, {'offset': 2, 'projected_percent': '0.0', 'likelihood': 0}]",,False,0,1,0.0,0.0,0,Robert,0.7,140,False,Has joined Como on loan for the rest of the season,2026-09-02T16:20:41.841936Z,49,215059.jpg,2.0,False,Lynch Sánchez,1.1,False,,u,6,8,2,10847,0,137094,25541,0.1,0.4,Sánchez,,200.0,2023-08-05,1997-11-18,False,p215059,90,0,0,0,2,0,0,0,0,0,4,0,6,21.4,0.0,0.0,2.1,1,5,0,0,1,0.00,0.01,0.01,1.33,,,,,,,[],,214,22,513,54,474,53,288,22,0.0,4.0,0.01,0.01,1.33,2.0,379,19,298,21,198,18,184,27,1.0,0.0,0.0
160,True,False,0.0,0.0,508479,0,0,0,0,0.0,0,"[{'offset': 0, 'projected_percent': '0.0', 'likelihood': 0}, {'offset': 1, 'projected_percent': '0.0', 'likelihood': 0}, {'offset': 2, 'projected_percent': '0.0', 'likelihood': 0}]",,False,0,1,0.0,0.0,0,Filip,0.0,141,False,Has joined RC Strasbourg on loan for the rest of the season,2026-08-12T14:07:02.607115Z,50,508479.jpg,0.0,False,Jörgensen,0.0,False,,u,6,8,0,0,0,840,69,0.0,0.0,Jörgensen,,58.0,2024-07-30,2002-04-16,False,p508479,0,0,0,0,0,0,0,0,0,0,0,0,0,0.0,0.0,0.0,0.0,0,0,0,0,0,0.00,0.00,0.00,0.00,,,,,,,[],,574,71,581,67,559,67,581,71,0.0,0.0,0.0,0.0,0.0,0.0,328,16,589,71,589,71,607,70,0.0,0.0,0.0
161,True,True,,,225796,-1,1,-1,1,-1.4,-24,"[{'offset': 0, 'projected_percent': '-1.5', 'likelihood': -1}, {'offset': 1, 'projected_percent': '-1.7', 'likelihood': -1}, {'offset': 2, 'projected_percent': '-2.0', 'likelihood': -1}]",,False,0,2,0.7,0.7,1,Reece,0.7,142,False,,,54,225796.jpg,0.7,False,James,7.8,False,,a,6,8,2,113269,23705,336431,43951,0.1,0.4,James,,241.0,2019-05-15,1999-12-08,False,p225796,202,0,0,0,5,0,0,0,1,0,0,0,13,36.4,32.2,34.0,10.3,9,11,0,9,2,0.17,0.12,0.29,3.52,1.0,,1.0,,,,[],,162,75,118,34,87,19,124,47,0.08,0.0,0.05,0.13,1.57,2.23,201,26,316,116,378,133,54,21,0.89,0.0,4.01
162,True,False,0.0,0.0,180736,0,0,0,0,0.0,-2,"[{'offset': 0, 'projected_percent': '0.0', 'likelihood': 0}, {'offset': 1, 'projected_percent': '0.0', 'likelihood': 0}, {'offset': 2, 'projected_percent': '0.0', 'likelihood': 0}]",,False,0,2,0.0,0.0,0,Trevoh,0.0,143,False,Has joined Como permanently,2026-08-10T14:03:50.769483Z,55,180736.jpg,0.0,False,Chalobah,0.1,False,,u,6,8,0,0,0,12399,812,0.0,0.0,Chalobah,,241.0,2018-02-16,1999-07-05,False,p180736,0,0,0,0,0,0,0,0,0,0,0,0,0,0.0,0.0,0.0,0.0,0,0,0,0,0,0.00,0.00,0.00,0.00,,,,,,,[],,613,212,618,212,608,211,619,212,0.0,0.0,0.0,0.0,0.0,0.0,131,14,622,212,622,212,446,160,0.0,0.0,0.0
163,True,True,,,482609,0,0,0,0,-27.9,-18,"[{'offset': 0, 'projected_percent': '-29.3', 'likelihood': -2}, {'offset': 1, 'projected_percent': '-31.6', 'likelihood': -2}, {'offset': 2, 'projected_percent': '-33.8', 'likelihood': -2}]",,False,0,2,1.0,1.0,1,Malo,1.0,144,False,,,50,482609.jpg,1.0,False,Gusto,1.1,False,,a,6,8,3,27293,4042,39768,7300,0.2,0.6,Gusto,,73.0,2023-01-28,2003-05-19,False,p482609,195,0,0,0,5,0,0,0,0,0,0,0,5,18.0,13.9,7.0,3.9,6,9,4,10,2,0.04,0.05,0.09,2.66,,,,,,,[],,227,95,196,65,214,73,246,94,0.02,0.0,0.02,0.04,1.23,2.31,307,53,260,98,317,125,180,71,0.92,0.0,4.62
164,True,True,100.0,100.0,444463,0,0,0,0,1.5,12,"[{'offset': 0, 'projected_percent': '1.6', 'likelihood': 1}, {'offset': 1, 'projected_percent': '1.7', 'likelihood': 1}, {'offset': 2, 'projected_percent': '1.9', 'likelihood': 1}]",,False,0,2,1.0,1.0,3,Wesley,1.0,145,False,,2026-07-23T12:01:23.464591Z,50,444463.jpg,1.5,False,Fofana,0.1,False,,a,6,8,3,7344,3952,2340,851,0.2,0.6,Fofana,Wesley Fofana,73.0,2022-08-31,2000-12-17,False,p444463,157,0,0,0,4,0,0,0,1,0,0,0,14,59.2,23.7,0.0,8.3,23,3,3,26,2,0.00,0.05,0.05,3.31,,,,,,,[],,80,40,148,48,534,201,155,60,0.0,0.0,0.03,0.03,1.9,2.29,291,49,258,97,241,87,404,148,1.15,0.0,14.9
165,True,False,0.0,0.0,242880,0,0,0,0,0.0,-1,"[{'offset': 0, 'projected_percent': '0.0', 'likelihood': 0}, {'offset': 1, 'projected_percent': '0.0', 'likelihood': 0}, {'offset': 2, 'projected_percent': '0.0', 'likelihood': 0}]",,False,0,2,0.0,0.0,0,Benoît,0.0,146,False,Has joined Napoli on loan for the rest of the season,2026-08-25T14:03:47.079414Z,45,242880.jpg,0.0,False,Badiashile Mukinayi,0.0,False,,u,6,8,0,232,0,1675,156,0.0,0.0,B.Badiashile,,73.0,2023-01-05,2001-03-26,False,p242880,0,0,0,0,0,0,0,0,0,0,0,0,0,0.0,0.0,0.0,0.0,0,0,0,0,0,0.00,0.00,0.00,0.00,,,,,,,[],,443,175,441,175,391,163,449,173,0.0,0.0,0.0,0.0,0.0,0.0,476,112,467,178,467,178,595,202,0.0,0.0,0.0
166,True,True,,,551210,0,0,0,0,9.9,70,"[{'offset': 0, 'projected_percent': '10.4', 'likelihood': 1}, {'offset': 1, 'projected_percent': '11.3', 'likelihood': 1}, {'offset': 2, 'projected_percent': '12.3', 'likelihood': 1}]",,False,0,2,2.7,2.7,3,Jorrel,2.7,148,False,,,45,551210.jpg,2.7,False,Hato,0.8,False,,a,6,8,8,50777,23903,21139,6228,0.6,1.8,Hato,,152.0,2025-08-03,2006-03-07,False,p551210,213,0,2,0,7,0,0,0,0,0,0,0,22,73.2,44.2,13.0,13.1,9,7,6,15,3,0.01,0.11,0.12,4.37,,,,,,,[],,46,19,75,17,167,58,77,19,0.0,0.0,0.05,0.05,1.85,2.96,528,139,128,52,145,59,211,81,1.27,0.0,6.34
167,True,True,,,460028,-1,1,-1,1,-13.0,-34,"[{'offset': 0, 'projected_percent': '-14.5', 'likelihood': -1}, {'offset': 1, 'projected_percent': '-16.8', 'likelihood': -1}, {'offset': 2, 'projected_percent': '-19.2', 'likelihood': -1}]",,False,0,2,0.3,0.3,0,Levi,0.3,149,False,,,49,460028.jpg,0.5,False,Samuels Colwill,1.2,False,,a,6,8,1,21168,2877,62228,10851,0.1,0.2,Colwill,,241.0,2022-07-01,2003-02-26,False,p460028,161,0,0,0,4,0,0,0,1,0,0,0,8,19.2,2.0,7.0,2.9,10,5,3,13,2,0.01,0.03,0.04,2.64,,,,,,,[],,223,94,281,100,210,72,267,101,0.01,0.0,0.02,0.03,1.48,2.24,396,73,352,130,382,134,174,69,1.12,0.0,7.27
168,True,False,0.0,0.0,574458,0,0,0,0,0.0,-5,"[{'offset': 0, 'projected_percent': '0.0', 'likelihood': 0}, {'offset': 1, 'projected_percent': '0.0', 'likelihood': 0}, {'offset': 2, 'projected_percent': '0.0', 'likelihood': 0}]",,False,0,2,0.0,0.0,0,Mamadou,0.0,150,False,Has joined Real Sociedad on loan for the rest of the season,2026-08-29T00:34:23.077418Z,45,574458.jpg,0.0,False,Sarr,0.0,False,,u,6,8,0,429,0,4904,606,0.0,0.0,M.Sarr,Mamadou Sarr,189.0,2025-06-09,2005-08-29,False,p574458,0,0,0,0,0,0,0,0,0,0,0,0,0,0.0,0.0,0.0,0.0,0,0,0,0,0,0.00,0.00,0.00,0.00,,,,,,,[],,482,188,481,188,439,181,488,186,0.0,0.0,0.0,0.0,0.0,0.0,537,141,505,191,505,191,522,181,0.0,0.0,0.0
169,True,True,,,577016,0,0,0,0,1.6,-4,"[{'offset': 0, 'projected_percent': '1.5', 'likelihood': 1}, {'offset': 1, 'projected_percent': '1.5', 'likelihood': 1}, {'offset': 2, 'projected_percent': '1.4', 'likelihood': 1}]",,False,0,2,1.7,1.7,1,Josh,1.7,151,False,,,45,577016.jpg,1.7,False,Acheampong,0.4,False,,a,6,8,5,15350,2493,11985,2070,0.4,1.1,Acheampong,,241.0,2024-03-10,2006-05-05,False,p577016,202,0,0,0,5,0,0,0,0,0,0,0,9,41.6,4.1,6.0,5.1,13,7,6,19,2,0.00,0.02,0.02,3.52,,,,,,,[],,143,65,245,84,224,78,224,86,0.0,0.0,0.01,0.01,1.57,2.23,540,143,201,76,229,85,277,101,0.89,0.0,8.47
170,True,True,75.0,75.0,620109,0,0,-1,1,-68.8,-69,"[{'offset': 0, 'projected_percent': '-71.5', 'likelihood': -3}, {'offset': 1, 'projected_percent': '-76.0', 'likelihood': -3}, {'offset': 2, 'projected_percent': '-80.6', 'likelihood': -3}]",,False,0,2,0.0,0.0,0,Marco,0.0,152,False,Unspecified injury - 75% chance of playing,2026-08-24T18:30:07.421239Z,54,620109.jpg,0.0,False,Palestra,1.1,False,,d,6,8,0,6106,325,165707,15767,0.0,0.0,Palestra,,106.0,2026-07-01,2005-03-03,False,p620109,0,0,0,0,0,0,0,0,0,0,0,0,0,0.0,0.0,0.0,0.0,0,0,0,0,0,0.00,0.00,0.00,0.00,,,,,,,[],https://www.chelseafc.com/en/news/article/xabi-alonso-explains-marco-palestra-and-moises-caicedo-absences-against?utm_source=chatgpt.com,611,211,614,211,603,210,617,211,0.0,0.0,0.0,0.0,0.0,0.0,233,32,620,211,620,211,178,70,0.0,0.0,0.0
171,True,True,100.0,100.0,244851,0,0,1,-1,73.4,968,"[{'offset': 0, 'projected_percent': '81.0', 'likelihood': 3}, {'offset': 1, 'projected_percent': '93.8', 'likelihood': 3}, {'offset': 2, 'projected_percent': '106.5', 'likelihood': 5}]",,False,1,3,7.0,7.0,1,Cole,7.0,154,False,,2026-08-24T22:00:07.971542Z,96,244851.jpg,7.0,False,Palmer,21.7,False,,a,6,8,21,1068214,303440,281334,56574,0.7,2.2,Palmer,,241.0,2023-09-01,2002-05-06,False,p244851,262,2,1,0,7,0,0,0,1,0,0,3,99,113.0,82.4,112.0,30.8,2,14,4,20,3,1.05,0.36,1.41,4.70,,,3.0,,1.0,,[],,6,5,24,21,6,3,3,3,0.36,0.0,0.12,0.48,1.61,2.4,3,2,24,10,25,11,13,6,1.03,0.0,6.87
172,True,True,,,247632,0,0,0,0,-26.5,32,"[{'offset': 0, 'projected_percent': '-24.5', 'likelihood': -2}, {'offset': 1, 'projected_percent': '-21.1', 'likelihood': -2}, {'offset': 2, 'projected_percent': '-17.8', 'likelihood': -1}]",,False,0,3,3.3,3.3,2,Pedro,3.3,156,False,,,65,247632.jpg,3.3,False,Lomba Neto,1.3,False,,a,6,8,10,39421,11908,50585,7644,0.5,1.5,Neto,Pedro Neto,173.0,2024-08-11,2000-03-09,False,p247632,161,1,0,0,4,0,0,0,0,0,0,0,51,56.6,53.5,56.0,16.6,5,8,2,15,2,0.47,0.43,0.90,3.53,2.0,,4.0,,,,[],,93,34,54,44,50,32,45,32,0.26,0.0,0.24,0.5,1.97,2.24,37,25,107,48,118,50,158,49,1.12,0.0,8.39
173,True,True,,,624773,0,0,-1,1,-65.9,-10,"[{'offset': 0, 'projected_percent': '-66.9', 'likelihood': -3}, {'offset': 1, 'projected_percent': '-68.6', 'likelihood': -3}, {'offset': 2, 'projected_percent': '-70.2', 'likelihood': -3}]",,False,0,3,0.7,0.7,1,Estêvão,0.7,157,False,,,64,624773.jpg,1.0,False,Almeida de Oliveira Gonçalves,0.8,False,,a,6,8,2,11161,2111,66097,7561,0.1,0.3,Estêvão,Estêvão,30.0,2025-07-14,2007-04-24,False,p624773,16,0,0,0,0,0,0,0,0,0,0,0,8,3.4,0.8,17.0,2.2,0,1,0,1,0,0.04,0.00,0.04,0.09,5.0,,,,3.0,,[],,325,147,315,156,140,72,284,126,0.22,0.0,0.0,0.22,0.51,0.0,52,36,331,153,366,171,215,69,0.0,0.0,5.62
174,True,True,,,463936,0,0,-1,1,-41.2,0,"[{'offset': 0, 'projected_percent': '-41.2', 'likelihood': -3}, {'offset': 1, 'projected_percent': '-41.2', 'likelihood': -3}, {'offset': 2, 'projected_percent': '-41.2', 'likelihood': -3}]",,False,0,3,0.0,0.0,0,Jamie,0.0,158,False,,,59,463936.jpg,0.0,False,Bynoe-Gittens,0.0,False,,a,6,8,0,675,144,2017,269,0.0,0.0,Gittens,,241.0,2025-07-05,2004-08-08,False,p463936,0,0,0,0,0,0,0,0,0,0,0,0,0,0.0,0.0,0.0,0.0,0,0,0,0,0,0.00,0.00,0.00,0.00,,,,,,,[],,632,277,634,277,631,275,634,277,0.0,0.0,0.0,0.0,0.0,0.0,102,66,636,277,636,277,546,223,0.0,0.0,0.0
175,True,True,75.0,75.0,486672,0,0,-1,1,-61.1,-106,"[{'offset': 0, 'projected_percent': '-63.9', 'likelihood': -3}, {'offset': 1, 'projected_percent': '-68.5', 'likelihood': -3}, {'offset': 2, 'projected_percent': '-73.2', 'likelihood': -3}]",,False,0,3,0.2,0.2,0,Moisés,0.3,159,False,Unspecified injury - 75% chance of playing,2026-08-30T16:00:08.393562Z,54,486672.jpg,1.0,False,Caicedo Corozo,1.7,False,,d,6,8,1,13708,996,213675,23201,0.1,0.2,Caicedo,Moisés Caicedo,62.0,2023-08-14,2001-11-02,False,p486672,13,0,0,0,0,0,0,0,0,0,0,0,3,0.0,0.1,0.0,0.0,0,0,0,0,0,0.00,0.00,0.00,0.07,,,,,,,[],https://www.chelseafc.com/en/news/article/confirmed-chelsea-team-news-ahead-of-arsenal,604,258,353,176,595,253,610,260,0.0,0.0,0.0,0.0,0.48,0.0,220,138,372,173,337,152,139,43,0.0,0.0,0.0
176,True,True,,,514356,0,0,0,0,5.1,14,"[{'offset': 0, 'projected_percent': '5.2', 'likelihood': 1}, {'offset': 1, 'projected_percent': '5.4', 'likelihood': 1}, {'offset': 2, 'projected_percent': '5.6', 'likelihood': 1}]",,False,0,3,3.0,3.0,1,Roméo,3.0,161,False,,,50,514356.jpg,3.0,False,Lavia,0.2,False,,a,6,8,9,19037,4140,6616,1939,0.6,1.8,Lavia,,21.0,2023-08-18,2004-01-06,False,p514356,190,1,0,0,6,0,0,0,1,0,0,0,47,58.4,24.2,66.0,14.9,7,10,5,22,3,0.75,0.04,0.79,4.22,,,,,,,[],,84,27,147,87,35,20,59,39,0.36,0.0,0.02,0.38,2.0,2.84,331,198,118,49,133,54,326,118,1.42,0.0,10.42
177,True,False,0.0,0.0,491007,0,0,0,0,0.0,-11,"[{'offset': 0, 'projected_percent': '0.0', 'likelihood': 0}, {'offset': 1, 'projected_percent': '0.0', 'likelihood': 0}, {'offset': 2, 'projected_percent': '0.0', 'likelihood': 0}]",,False,0,3,0.0,0.0,0,Dário,0.0,163,False,Has joined RC Strasbourg on loan for the rest of the season,2026-09-02T16:20:41.865225Z,45,491007.jpg,0.0,False,Luís Essugo,0.1,False,,u,6,8,0,2698,0,9957,2477,0.0,0.0,D.Essugo,Dário Essugo,173.0,2025-06-02,2005-03-14,False,p491007,0,0,0,0,0,0,0,0,0,0,0,0,0,0.0,0.0,0.0,0.0,0,0,0,0,0,0.00,0.00,0.00,0.00,,,,,,,[],,454,175,454,183,411,152,460,179,0.0,0.0,0.0,0.0,0.0,0.0,507,267,478,188,478,188,385,142,0.0,0.0,0.0
178,True,True,100.0,100.0,593117,0,0,-1,1,-44.9,-1,"[{'offset': 0, 'projected_percent': '-47.6', 'likelihood': -3}, {'offset': 1, 'projected_percent': '-52.1', 'likelihood': -3}, {'offset': 2, 'projected_percent': '-56.6', 'likelihood': -3}]",,False,0,3,0.3,0.3,0,Geovany,0.3,164,False,,2026-07-24T20:30:10.609931Z,54,593117.jpg,1.0,False,Quenda,0.0,False,,a,6,8,1,628,105,2341,325,0.1,0.2,Quenda,Geovany Quenda,173.0,2026-06-15,2007-04-30,False,p593117,8,0,0,0,0,0,0,0,0,0,0,0,2,1.2,0.3,2.0,0.4,1,0,0,1,0,0.00,0.00,0.00,0.09,,,,,,,[],,350,162,342,169,283,136,343,158,0.0,0.0,0.0,0.0,1.01,0.0,232,147,376,176,342,156,525,216,0.0,0.0,11.25
179,True,True,,,475168,0,0,2,-2,57.0,651,"[{'offset': 0, 'projected_percent': '62.2', 'likelihood': 3}, {'offset': 1, 'projected_percent': '70.8', 'likelihood': 3}, {'offset': 2, 'projected_percent': '79.3', 'likelihood': 3}]",,False,1,4,7.0,7.0,1,João Pedro,7.0,165,False,,,77,475168.jpg,7.0,False,Junqueira de Jesus,72.2,False,,a,6,8,21,1032921,181205,276303,57367,0.9,2.7,João Pedro,João Pedro,30.0,2025-07-02,2001-09-26,False,p475168,270,2,2,0,7,1,0,0,1,0,0,4,97,104.0,74.3,92.0,26.9,1,5,1,7,3,1.88,0.15,2.03,4.79,,,,,,,[],,10,3,30,1,15,7,12,3,0.63,0.0,0.05,0.68,1.6,2.33,15,5,22,3,23,3,1,1,1.0,0.0,2.33
180,True,False,0.0,0.0,499309,0,0,0,0,0.0,-16,"[{'offset': 0, 'projected_percent': '0.0', 'likelihood': 0}, {'offset': 1, 'projected_percent': '0.0', 'likelihood': 0}, {'offset': 2, 'projected_percent': '0.0', 'likelihood': 0}]",,False,0,4,0.0,0.0,0,Marc,0.0,168,False,Has joined RB Leipzig permanently,2026-09-01T13:24:48.857362Z,50,499309.jpg,0.0,False,Guiu Paz,0.3,False,,u,6,8,0,4102,0,24047,5114,0.0,0.0,Marc Guiu,,200.0,2024-07-01,2006-01-04,False,p499309,0,0,0,0,0,0,0,0,0,0,0,0,0,0.0,0.0,0.0,0.0,0,0,0,0,0,0.00,0.00,0.00,0.00,,,,,,,[],,571,57,578,62,556,59,578,61,0.0,0.0,0.0,0.0,0.0,0.0,322,58,586,64,586,64,307,51,0.0,0.0,0.0
181,True,True,,,567119,0,0,0,0,1.7,1,"[{'offset': 0, 'projected_percent': '1.7', 'likelihood': 1}, {'offset': 1, 'projected_percent': '1.7', 'likelihood': 1}, {'offset': 2, 'projected_percent': '1.7', 'likelihood': 1}]",,False,0,4,0.0,0.0,0,Shumaira,0.0,169,False,,,45,567119.jpg,0.0,False,Mheuka,0.4,False,,a,6,8,0,15576,4208,13115,2948,0.0,0.0,Mheuka,,,,,False,p567119,0,0,0,0,0,0,0,0,0,0,0,0,0,0.0,0.0,0.0,0.0,0,0,0,0,0,0.00,0.00,0.00,0.00,,,,,,,[],,479,47,478,52,436,49,485,51,0.0,0.0,0.0,0.0,0.0,0.0,534,73,502,54,502,54,265,47,0.0,0.0,0.0
182,True,True,100.0,100.0,503037,0,0,0,0,-16.5,-2,"[{'offset': 0, 'projected_percent': '-17.8', 'likelihood': -1}, {'offset': 1, 'projected_percent': '-19.8', 'likelihood': -1}, {'offset': 2, 'projected_percent': '-21.9', 'likelihood': -2}]",,False,0,4,0.0,0.0,0,Emmanuel,0.0,170,False,,2026-07-24T20:30:10.622380Z,50,503037.jpg,0.0,False,Emegha,0.2,False,,a,6,8,0,5624,1465,6991,1409,0.0,0.0,Emegha,,152.0,2026-06-15,2003-02-03,False,p503037,0,0,0,0,0,0,0,0,0,0,0,0,0,0.0,0.0,0.0,0.0,0,0,0,0,0,0.00,0.00,0.00,0.00,,,,,,,[],,573,58,580,63,558,60,580,62,0.0,0.0,0.0,0.0,0.0,0.0,327,59,588,65,588,65,364,55,0.0,0.0,0.0
183,True,True,,,437499,0,0,0,0,-40.4,9,"[{'offset': 0, 'projected_percent': '-40.3', 'likelihood': -3}, {'offset': 1, 'projected_percent': '-40.2', 'likelihood': -3}, {'offset': 2, 'projected_percent': '-40.1', 'likelihood': -3}]",,False,0,2,3.0,3.0,2,Maxence,3.0,200,False,,,60,437499.jpg,3.0,False,Lacroix,8.2,False,,a,6,8,9,123507,27106,232584,37567,0.5,1.5,Lacroix,,73.0,2026-07-30,2000-04-06,False,p437499,270,0,1,0,7,0,0,0,1,0,0,0,25,83.2,12.6,10.0,10.5,24,5,8,32,3,0.02,0.21,0.23,4.79,,,,,,,[],,34,11,210,73,195,67,121,46,0.01,0.0,0.07,0.08,1.6,2.33,70,7,124,49,140,56,52,20,1.0,0.0,10.67
184,True,True,,,549939,0,0,0,0,-90.6,-3,"[{'offset': 0, 'projected_percent': '-94.4', 'likelihood': -3}, {'offset': 1, 'projected_percent': '-100.9', 'likelihood': -5}, {'offset': 2, 'projected_percent': '-107.3', 'likelihood': -5}]",,False,0,1,0.0,0.0,0,Mike,0.0,560,False,,,45,549939.jpg,0.0,False,Penders,0.1,False,,a,6,8,0,890,132,2269,372,0.0,0.0,Penders,,21.0,2024-08-27,2005-07-31,False,p549939,0,0,0,0,0,0,0,0,0,0,0,0,0,0.0,0.0,0.0,0.0,0,0,0,0,0,0.00,0.00,0.00,0.00,,,,,,,[],,472,63,472,49,429,48,478,63,0.0,0.0,0.0,0.0,0.0,0.0,526,47,496,63,496,63,478,54,0.0,0.0,0.0
185,True,True,100.0,100.0,622758,0,0,0,0,-2.1,0,"[{'offset': 0, 'projected_percent': '-2.1', 'likelihood': -1}, {'offset': 1, 'projected_percent': '-2.1', 'likelihood': -1}, {'offset': 2, 'projected_percent': '-2.1', 'likelihood': -1}]",,False,0,2,0.0,0.0,0,Aaron,0.0,561,False,,2026-08-23T19:00:08.536705Z,45,622758.jpg,0.0,False,Anselmino,0.0,False,,a,6,8,0,464,117,825,105,0.0,0.0,Anselmino,,10.0,2024-08-08,2005-04-29,False,p622758,0,0,0,0,0,0,0,0,0,0,0,0,0,0.0,0.0,0.0,0.0,0,0,0,0,0,0.00,0.00,0.00,0.00,,,,,,,[],,496,192,495,192,454,186,502,190,0.0,0.0,0.0,0.0,0.0,0.0,557,148,519,195,519,195,571,194,0.0,0.0,0.0
186,True,True,,,543158,0,0,0,0,-81.8,-4,"[{'offset': 0, 'projected_percent': '-84.4', 'likelihood': -3}, {'offset': 1, 'projected_percent': '-88.6', 'likelihood': -3}, {'offset': 2, 'projected_percent': '-92.9', 'likelihood': -3}]",,False,0,3,0.3,0.3,0,Valentín,0.3,568,False,,,55,543158.jpg,1.0,False,Barco,0.1,False,,a,6,8,1,1935,352,4494,760,0.1,0.2,Barco,,10.0,2026-08-02,2004-07-23,False,p543158,8,0,0,0,1,0,0,0,0,0,0,0,1,0.0,0.0,4.0,0.2,1,0,0,1,0,0.04,0.00,0.04,0.07,,,,,,,[],,620,270,626,272,246,117,359,168,0.45,0.0,0.0,0.45,0.79,11.25,175,109,377,177,349,160,391,145,0.0,0.0,11.25
187,True,True,,,498444,-1,1,-1,1,-9.5,0,"[{'offset': 0, 'projected_percent': '-9.5', 'likelihood': -1}, {'offset': 1, 'projected_percent': '-9.5', 'likelihood': -1}, {'offset': 2, 'projected_percent': '-9.5', 'likelihood': -1}]",,False,0,2,1.0,1.0,1,Pep,1.0,583,False,,,49,498444.jpg,1.0,False,Chavarría,0.2,False,,a,6,8,3,2045,300,7665,1030,0.2,0.6,Chavarria,,200.0,2026-08-12,1998-04-10,False,p498444,73,0,0,0,1,0,0,0,0,0,0,0,6,11.2,2.5,6.0,2.0,4,3,2,6,0,0.00,0.02,0.02,0.51,,,,,,,[],,262,109,268,94,225,79,294,109,0.0,0.0,0.02,0.02,0.63,1.23,402,75,255,96,300,120,354,132,0.0,0.0,7.4
188,True,True,,,231065,0,0,0,0,-59.7,-4,"[{'offset': 0, 'projected_percent': '-64.4', 'likelihood': -3}, {'offset': 1, 'projected_percent': '-72.2', 'likelihood': -3}, {'offset': 2, 'projected_percent': '-80.1', 'likelihood': -3}]",,False,0,2,1.3,1.3,3,Ethan,1.3,91,False,,,45,231065.jpg,2.0,False,Pinnock,0.1,False,,a,7,9,4,1389,310,2624,337,0.3,0.9,Pinnock,,107.0,2026-08-26,1993-05-29,False,p231065,102,0,0,0,2,0,0,0,1,0,0,0,2,22.0,0.7,6.0,2.9,14,2,1,15,1,0.11,0.00,0.11,2.66,,,,,,,[],,212,91,318,120,222,76,266,100,0.1,0.0,0.0,0.1,2.35,1.76,471,109,219,81,193,76,470,167,0.88,0.0,13.24
189,True,True,,,428580,-1,1,-1,1,-0.8,0,"[{'offset': 0, 'projected_percent': '-0.8', 'likelihood': -1}, {'offset': 1, 'projected_percent': '-0.8', 'likelihood': -1}, {'offset': 2, 'projected_percent': '-0.8', 'likelihood': -1}]",,False,0,3,1.3,1.3,2,Frank,1.3,104,False,,,49,428580.jpg,2.0,False,Onyeka,0.1,False,,a,7,9,4,3084,249,6520,715,0.3,0.8,Onyeka,,157.0,2026-07-01,1998-01-01,False,p428580,152,0,0,0,4,0,0,0,0,0,0,0,13,4.0,2.0,0.0,0.6,3,7,2,12,2,0.00,0.01,0.01,3.05,,,,,,,[],,316,143,280,143,480,183,337,154,0.0,0.0,0.01,0.01,1.81,2.37,389,235,222,99,199,84,403,153,1.18,0.0,7.11
190,True,True,,,472739,0,0,0,0,-17.3,-2,"[{'offset': 0, 'projected_percent': '-17.5', 'likelihood': -1}, {'offset': 1, 'projected_percent': '-17.8', 'likelihood': -1}, {'offset': 2, 'projected_percent': '-18.1', 'likelihood': -1}]",,False,0,1,1.7,1.7,2,Carl,1.7,110,False,,,45,472739.jpg,1.7,False,Rushworth,1.0,False,,a,7,9,5,17100,2231,31162,7537,0.4,1.1,Rushworth,,241.0,2026-08-04,2001-07-02,False,p472739,270,0,0,0,5,0,0,0,0,0,5,0,23,43.6,0.0,0.0,4.4,3,29,0,0,3,0.00,0.01,0.01,4.72,,,,,,,[],,137,17,452,45,406,42,239,17,0.0,1.67,0.0,0.0,1.57,1.67,499,41,200,17,228,19,197,31,1.0,0.0,0.0
191,True,False,0.0,0.0,484389,0,0,0,0,0.0,-46,"[{'offset': 0, 'projected_percent': '0.0', 'likelihood': 0}, {'offset': 1, 'projected_percent': '0.0', 'likelihood': 0}, {'offset': 2, 'projected_percent': '0.0', 'likelihood': 0}]",,False,0,1,0.0,0.0,0,Oliver,0.0,171,False,Has joined Leyton Orient on loan for the rest of the season,2026-09-02T15:44:14.839336Z,40,484389.jpg,0.0,False,Dovin,1.2,False,,u,7,9,0,8924,0,34334,9628,0.0,0.0,Dovin,,206.0,2024-07-19,2002-07-11,False,p484389,0,0,0,0,0,0,0,0,0,0,0,0,0,0.0,0.0,0.0,0.0,0,0,0,0,0,0.00,0.00,0.00,0.00,,,,,,,[],,393,42,388,23,330,20,399,42,0.0,0.0,0.0,0.0,0.0,0.0,623,68,418,42,418,42,166,25,0.0,0.0,0.0
192,True,True,,,110690,0,0,0,0,-79.2,0,"[{'offset': 0, 'projected_percent': '-79.2', 'likelihood': -3}, {'offset': 1, 'projected_percent': '-79.2', 'likelihood': -3}, {'offset': 2, 'projected_percent': '-79.2', 'likelihood': -3}]",,False,0,1,0.0,0.0,0,Ben,0.0,172,False,,,45,110690.jpg,0.0,False,Wilson,0.4,False,,a,7,9,0,617,125,8709,1062,0.0,0.0,Wilson,,241.0,2019-07-01,1992-08-09,False,p110690,0,0,0,0,0,0,0,0,0,0,0,0,0,0.0,0.0,0.0,0.0,0,0,0,0,0,0.00,0.00,0.00,0.00,,,,,,,[],,426,50,423,33,372,30,432,50,0.0,0.0,0.0,0.0,0.0,0.0,436,29,451,50,451,50,275,37,0.0,0.0,0.0
193,True,True,,,461102,0,0,0,0,18.8,70,"[{'offset': 0, 'projected_percent': '19.3', 'likelihood': 1}, {'offset': 1, 'projected_percent': '20.2', 'likelihood': 2}, {'offset': 2, 'projected_percent': '21.2', 'likelihood': 2}]",,False,0,2,5.0,5.0,4,Bobby,5.0,173,False,,,40,461102.jpg,5.0,False,Thomas,8.7,False,,a,7,9,15,206182,53963,128485,34928,1.2,3.8,Thomas,,241.0,2023-07-22,2001-01-30,False,p461102,257,0,0,1,4,0,0,0,0,0,0,2,58,60.8,32.7,25.0,11.8,29,11,2,31,3,0.24,0.19,0.43,4.18,,,,,,,[],,74,37,117,33,109,32,91,24,0.08,0.0,0.07,0.15,1.46,1.4,619,184,46,19,50,21,48,18,1.05,0.35,10.86
194,True,False,0.0,0.0,436761,0,0,0,0,0.0,-32,"[{'offset': 0, 'projected_percent': '0.0', 'likelihood': 0}, {'offset': 1, 'projected_percent': '0.0', 'likelihood': 0}, {'offset': 2, 'projected_percent': '0.0', 'likelihood': 0}]",,False,0,2,0.0,0.0,0,Liam,0.0,174,False,Has joined Sheffield United on loan for the rest of the season,2026-09-02T16:21:03.612394Z,40,436761.jpg,0.0,False,Kitching,0.5,False,,u,7,9,0,981,0,20831,5608,0.0,0.0,Kitching,,241.0,2023-09-01,1999-09-25,False,p436761,0,0,0,0,0,0,0,0,0,0,0,0,0,0.0,0.0,0.0,0.0,0,0,0,0,0,0.00,0.00,0.00,0.00,,,,,,,[],,386,141,381,141,323,123,392,139,0.0,0.0,0.0,0.0,0.0,0.0,612,179,411,145,411,145,257,96,0.0,0.0,0.0
195,True,True,,,451284,0,0,0,0,-20.9,-62,"[{'offset': 0, 'projected_percent': '-21.4', 'likelihood': -2}, {'offset': 1, 'projected_percent': '-22.1', 'likelihood': -2}, {'offset': 2, 'projected_percent': '-22.9', 'likelihood': -2}]",,False,0,2,2.0,2.0,3,Milan,2.0,175,False,,,40,451284.jpg,2.0,False,van Ewijk,11.2,False,,a,7,9,6,91167,15004,235511,63686,0.5,1.5,van Ewijk,,152.0,2023-07-27,2000-09-08,False,p451284,270,0,0,0,5,0,0,0,1,0,0,0,12,42.8,41.1,10.0,9.4,15,10,5,20,3,0.00,0.26,0.26,4.72,,,,,,,[],,138,62,87,22,190,65,137,52,0.0,0.0,0.09,0.09,1.57,1.67,617,182,169,66,186,71,40,15,1.0,0.0,6.67
196,True,True,,,173878,0,0,0,0,-25.0,-4,"[{'offset': 0, 'projected_percent': '-25.4', 'likelihood': -2}, {'offset': 1, 'projected_percent': '-26.1', 'likelihood': -2}, {'offset': 2, 'projected_percent': '-26.9', 'likelihood': -2}]",,False,0,2,1.7,1.7,2,Jay,1.7,176,False,,,40,173878.jpg,1.7,False,Dasilva,0.7,False,,a,7,9,5,6792,904,13287,2047,0.4,1.2,Dasilva,,244.0,2023-07-01,1998-04-22,False,p173878,264,0,0,0,5,0,0,0,0,0,0,0,21,50.8,26.0,17.0,9.5,12,7,4,16,3,0.18,0.15,0.33,4.72,,,,,,,[],,114,54,141,46,132,40,133,49,0.06,0.0,0.05,0.11,1.61,1.7,597,167,197,73,227,84,221,84,1.02,0.0,5.45
197,True,True,0.0,0.0,465390,0,0,0,0,-69.4,-3,"[{'offset': 0, 'projected_percent': '-71.2', 'likelihood': -3}, {'offset': 1, 'projected_percent': '-74.1', 'likelihood': -3}, {'offset': 2, 'projected_percent': '-77.1', 'likelihood': -3}]",,False,0,2,0.0,0.0,0,Kaine,0.0,177,False,Hamstring injury - Unknown return date,2026-08-27T14:56:28.704361Z,40,465390.jpg,0.0,False,Kesler-Hayden,0.0,False,,i,7,9,0,361,62,2338,326,0.0,0.0,Kesler-Hayden,,241.0,2025-07-01,2002-10-23,False,p465390,0,0,0,0,0,0,0,0,0,0,0,0,0,0.0,0.0,0.0,0.0,0,0,0,0,0,0.00,0.00,0.00,0.00,,,,,,,[],,391,143,386,143,328,125,397,141,0.0,0.0,0.0,0.0,0.0,0.0,621,185,416,147,416,147,507,176,0.0,0.0,0.0
198,True,True,,,80178,0,0,0,0,-16.8,-2,"[{'offset': 0, 'projected_percent': '-18.8', 'likelihood': -1}, {'offset': 1, 'projected_percent': '-22.2', 'likelihood': -2}, {'offset': 2, 'projected_percent': '-25.5', 'likelihood': -2}]",,False,0,2,0.0,0.0,0,Jake,0.0,178,False,,,40,80178.jpg,0.0,False,Bidwell,0.1,False,,a,7,9,0,1505,336,2113,391,0.0,0.0,Bidwell,,241.0,2022-01-17,1993-03-21,False,p80178,0,0,0,0,0,0,0,0,0,0,0,0,0,0.0,0.0,0.0,0.0,0,0,0,0,0,0.00,0.00,0.00,0.00,,,,,,,[],,368,133,361,131,301,111,373,130,0.0,0.0,0.0,0.0,0.0,0.0,584,161,393,137,393,137,451,161,0.0,0.0,0.0
199,True,True,,,204813,0,0,0,0,-38.8,1,"[{'offset': 0, 'projected_percent': '-36.3', 'likelihood': -2}, {'offset': 1, 'projected_percent': '-32.1', 'likelihood': -2}, {'offset': 2, 'projected_percent': '-27.9', 'likelihood': -2}]",,False,0,2,0.0,0.0,0,Joel,0.0,179,False,,,40,204813.jpg,0.0,False,Latibeaudiere,0.0,False,,a,7,9,0,615,136,1073,173,0.0,0.0,Latibeaudiere,,107.0,2023-07-18,2000-01-06,False,p204813,0,0,0,0,0,0,0,0,0,0,0,0,0,0.0,0.0,0.0,0.0,0,0,0,0,0,0.00,0.00,0.00,0.00,,,,,,,[],,379,137,374,137,316,119,385,135,0.0,0.0,0.0,0.0,0.0,0.0,601,171,404,141,404,141,517,180,0.0,0.0,0.0
200,True,True,0.0,0.0,220583,0,0,0,0,-50.9,-4,"[{'offset': 0, 'projected_percent': '-51.7', 'likelihood': -3}, {'offset': 1, 'projected_percent': '-53.2', 'likelihood': -3}, {'offset': 2, 'projected_percent': '-54.7', 'likelihood': -3}]",,False,0,2,0.0,0.0,0,Luke,0.0,180,False,Knee injury - Unknown return date,2026-08-27T14:56:28.718566Z,40,220583.jpg,0.0,False,Woolfenden,0.1,False,,i,7,9,0,1793,188,6384,975,0.0,0.0,Woolfenden,,241.0,2025-09-01,1998-10-21,False,p220583,0,0,0,0,0,0,0,0,0,0,0,0,0,0.0,0.0,0.0,0.0,0,0,0,0,0,0.00,0.00,0.00,0.00,,,,,,,[],,382,139,377,139,319,121,388,137,0.0,0.0,0.0,0.0,0.0,0.0,606,175,407,143,407,143,388,143,0.0,0.0,0.0
201,True,False,0.0,0.0,577411,0,0,0,0,0.0,-2,"[{'offset': 0, 'projected_percent': '0.0', 'likelihood': 0}, {'offset': 1, 'projected_percent': '0.0', 'likelihood': 0}, {'offset': 2, 'projected_percent': '0.0', 'likelihood': 0}]",,False,0,2,0.0,0.0,0,Miguel,0.0,181,False,Has joined Academico de Viseu on loan for the rest of the season,2026-08-29T00:35:59.980316Z,40,577411.jpg,0.0,False,Brau,0.0,False,,u,7,9,0,275,0,1537,224,0.0,0.0,Brau,,200.0,2025-07-01,2001-12-27,False,p577411,0,0,0,0,0,0,0,0,0,0,0,0,0,0.0,0.0,0.0,0.0,0,0,0,0,0,0.00,0.00,0.00,0.00,,,,,,,[],,409,158,404,158,348,142,415,156,0.0,0.0,0.0,0.0,0.0,0.0,643,204,434,162,434,162,548,189,0.0,0.0,0.0
202,True,True,,,539142,0,0,0,0,-25.7,-2,"[{'offset': 0, 'projected_percent': '-25.9', 'likelihood': -2}, {'offset': 1, 'projected_percent': '-26.2', 'likelihood': -2}, {'offset': 2, 'projected_percent': '-26.6', 'likelihood': -2}]",,False,0,2,1.3,1.3,2,Aurèle,1.3,182,False,,,40,539142.jpg,1.3,False,Amenda,0.8,False,,a,7,9,4,8130,1678,15330,2742,0.3,1.0,Amenda,,207.0,2026-07-16,2003-07-31,False,p539142,270,0,0,0,5,0,0,0,1,0,0,0,9,44.6,4.2,11.0,6.1,15,11,1,16,3,0.02,0.39,0.41,4.72,,,,,,,[],,133,60,244,83,182,62,207,80,0.01,0.0,0.13,0.14,1.57,1.67,633,194,216,78,249,88,218,83,1.0,0.0,5.33
203,True,True,100.0,100.0,480457,0,0,0,0,-57.3,1,"[{'offset': 0, 'projected_percent': '-56.4', 'likelihood': -3}, {'offset': 1, 'projected_percent': '-55.1', 'likelihood': -3}, {'offset': 2, 'projected_percent': '-53.7', 'likelihood': -3}]",,False,0,3,2.0,2.0,2,Jack,2.0,183,False,,2026-07-23T12:01:23.481435Z,50,480457.jpg,2.0,False,Rudoni,0.1,False,,a,7,9,6,2388,432,4671,803,0.4,1.2,Rudoni,,241.0,2024-06-20,2001-06-14,False,p480457,152,0,0,1,1,0,0,0,0,0,0,0,24,26.8,60.0,54.0,14.1,3,10,3,16,2,0.50,0.18,0.68,1.48,4.0,,1.0,,,,[],,197,77,42,36,53,34,64,42,0.3,0.0,0.11,0.41,0.88,0.59,306,184,182,81,205,88,407,156,1.18,0.59,9.47
204,True,True,,,168144,0,0,0,0,-68.0,-4,"[{'offset': 0, 'projected_percent': '-70.1', 'likelihood': -3}, {'offset': 1, 'projected_percent': '-73.8', 'likelihood': -3}, {'offset': 2, 'projected_percent': '-77.4', 'likelihood': -3}]",,False,0,3,2.0,2.0,2,Matt,2.0,184,False,,,50,168144.jpg,2.0,False,Grimes,0.2,False,,a,7,9,6,3035,264,6705,1165,0.4,1.2,Grimes,,241.0,2025-01-31,1995-07-15,False,p168144,270,0,0,0,5,0,0,0,0,0,0,0,36,46.2,26.9,3.0,7.6,8,12,5,25,3,0.05,0.05,0.10,4.72,1.0,,,,3.0,,[],,127,47,136,81,255,123,166,76,0.02,0.0,0.02,0.04,1.57,1.67,253,158,178,77,201,85,368,132,1.0,0.0,8.33
205,True,True,,,501459,0,0,-1,1,-27.4,-1,"[{'offset': 0, 'projected_percent': '-28.6', 'likelihood': -2}, {'offset': 1, 'projected_percent': '-30.7', 'likelihood': -2}, {'offset': 2, 'projected_percent': '-32.7', 'likelihood': -2}]",,False,0,3,0.3,0.3,0,Tatsuhiro,0.3,185,False,,,49,501459.jpg,1.0,False,Sakamoto,0.1,False,,a,7,9,1,666,125,3761,563,0.1,0.2,Sakamoto,,108.0,2023-07-10,1996-10-22,False,p501459,31,0,0,0,1,0,0,0,0,0,0,0,8,6.2,5.9,7.0,1.9,0,2,2,4,0,0.02,0.02,0.04,0.69,,,,,,,[],,297,128,234,124,212,106,296,132,0.06,0.0,0.06,0.12,2.0,2.9,403,242,354,160,301,126,459,182,0.0,0.0,11.61
206,True,True,100.0,100.0,241293,0,0,-1,1,-18.5,0,"[{'offset': 0, 'projected_percent': '-18.5', 'likelihood': -1}, {'offset': 1, 'projected_percent': '-18.5', 'likelihood': -1}, {'offset': 2, 'projected_percent': '-18.5', 'likelihood': -1}]",,False,0,3,1.0,1.0,2,Ephron,1.0,186,False,,2026-08-19T18:00:08.310507Z,54,241293.jpg,1.5,False,Mason-Clark,0.1,False,,a,7,9,3,825,108,4126,460,0.2,0.6,Mason-Clark,,107.0,2024-02-01,1999-08-25,False,p241293,127,0,0,0,1,0,0,0,0,0,0,0,8,4.2,16.8,2.0,2.1,4,5,0,9,2,0.00,0.06,0.06,1.19,,,,,,,[],,315,142,180,102,277,131,291,129,0.0,0.0,0.04,0.04,0.84,0.71,204,128,266,119,245,110,429,167,1.42,0.0,6.38
207,True,True,,,439668,0,0,-1,1,-7.0,-1,"[{'offset': 0, 'projected_percent': '-13.9', 'likelihood': -1}, {'offset': 1, 'projected_percent': '-25.4', 'likelihood': -2}, {'offset': 2, 'projected_percent': '-37.0', 'likelihood': -2}]",,False,0,3,0.0,0.0,0,Josh,0.0,187,False,,,49,439668.jpg,0.0,False,Eccles,0.0,False,,a,7,9,0,554,51,834,131,0.0,0.0,Eccles,,241.0,2018-07-01,2000-04-06,False,p439668,0,0,0,0,0,0,0,0,0,0,0,0,0,0.0,0.0,0.0,0.0,0,0,0,0,0,0.00,0.00,0.00,0.00,,,,,,,[],,521,206,521,214,483,185,528,211,0.0,0.0,0.0,0.0,0.0,0.0,392,237,542,218,542,218,586,245,0.0,0.0,0.0
208,True,True,,,226965,0,0,-1,1,-28.4,-2,"[{'offset': 0, 'projected_percent': '-30.0', 'likelihood': -2}, {'offset': 1, 'projected_percent': '-32.6', 'likelihood': -2}, {'offset': 2, 'projected_percent': '-35.3', 'likelihood': -2}]",,False,0,3,0.7,0.7,0,Victor,0.7,188,False,,,54,226965.jpg,1.0,False,Torp,0.1,False,,a,7,9,2,681,32,5517,721,0.1,0.4,Torp,,58.0,2024-01-11,1999-07-30,False,p226965,47,0,0,0,1,0,0,0,0,0,0,0,10,6.8,20.0,0.0,2.6,1,2,0,3,0,0.00,0.12,0.12,1.01,2.0,,2.0,,2.0,,[],,288,124,171,97,590,250,275,119,0.0,0.0,0.23,0.23,1.93,1.91,202,126,317,145,331,149,398,150,0.0,0.0,5.74
209,True,True,,,684268,0,0,0,0,-61.0,-2,"[{'offset': 0, 'projected_percent': '-61.7', 'likelihood': -3}, {'offset': 1, 'projected_percent': '-63.0', 'likelihood': -3}, {'offset': 2, 'projected_percent': '-64.3', 'likelihood': -3}]",,False,0,3,0.0,0.0,0,George,0.0,189,False,,,45,684268.jpg,0.0,False,Shepherd,0.3,False,,a,7,9,0,3420,710,8280,1370,0.0,0.0,Shepherd,,,,,False,p684268,0,0,0,0,0,0,0,0,0,0,0,0,0,0.0,0.0,0.0,0.0,0,0,0,0,0,0.00,0.00,0.00,0.00,,,,,,,[],,504,195,503,203,462,172,510,199,0.0,0.0,0.0,0.0,0.0,0.0,565,290,527,208,527,208,316,112,0.0,0.0,0.0
210,True,True,,,469272,0,0,0,0,-93.3,0,"[{'offset': 0, 'projected_percent': '-93.3', 'likelihood': -3}, {'offset': 1, 'projected_percent': '-93.3', 'likelihood': -3}, {'offset': 2, 'projected_percent': '-93.3', 'likelihood': -3}]",,False,0,3,1.3,1.3,1,Loum,1.3,190,False,,,55,469272.jpg,1.3,False,Tchaouna,0.1,False,,a,7,9,4,2986,96,5852,649,0.2,0.7,Tchaouna,,73.0,2026-07-11,2003-09-08,False,p469272,166,0,0,0,3,0,0,0,0,0,0,0,27,17.0,49.3,29.0,9.6,5,9,1,15,2,0.19,0.18,0.37,2.73,5.0,,,,,,[],,235,95,63,47,98,53,132,66,0.1,0.0,0.1,0.2,1.48,1.63,161,97,231,105,256,115,405,154,1.08,0.0,8.13
211,True,False,0.0,0.0,492498,0,0,0,0,0.0,-8,"[{'offset': 0, 'projected_percent': '0.0', 'likelihood': 0}, {'offset': 1, 'projected_percent': '0.0', 'likelihood': 0}, {'offset': 2, 'projected_percent': '0.0', 'likelihood': 0}]",,False,0,3,0.0,0.0,0,Raphael,0.0,191,False,Has joined Burton Albion on loan for the rest of the season,2026-09-02T15:44:14.868001Z,45,492498.jpg,0.0,False,Borges Rodrigues,0.1,False,,u,7,9,0,1943,0,7369,1808,0.0,0.0,Borges Rodrigues,,13.0,2024-07-01,2003-09-11,False,p492498,0,0,0,0,0,0,0,0,0,0,0,0,0,0.0,0.0,0.0,0.0,0,0,0,0,0,0.00,0.00,0.00,0.00,,,,,,,[],,456,177,456,185,413,154,462,181,0.0,0.0,0.0,0.0,0.0,0.0,509,269,480,190,480,190,400,151,0.0,0.0,0.0
212,True,False,0.0,0.0,629397,0,0,0,0,0.0,-15,"[{'offset': 0, 'projected_percent': '0.0', 'likelihood': 0}, {'offset': 1, 'projected_percent': '0.0', 'likelihood': 0}, {'offset': 2, 'projected_percent': '0.0', 'likelihood': 0}]",,False,0,3,0.0,0.0,0,Kai,0.0,192,False,Has joined Oxford United on loan for the rest of the season,2026-08-29T00:35:59.998520Z,45,629397.jpg,0.0,False,Andrews,0.4,False,,u,7,9,0,2718,0,28990,4031,0.0,0.0,Andrews,,244.0,2023-08-11,2006-08-06,False,p629397,0,0,0,0,0,0,0,0,0,0,0,0,0,0.0,0.0,0.0,0.0,0,0,0,0,0,0.00,0.00,0.00,0.00,,,,,,,[],,498,192,497,200,456,169,504,196,0.0,0.0,0.0,0.0,0.0,0.0,559,287,521,205,521,205,274,92,0.0,0.0,0.0
213,True,True,0.0,0.0,176412,0,0,-1,1,-23.9,-4,"[{'offset': 0, 'projected_percent': '-25.2', 'likelihood': -2}, {'offset': 1, 'projected_percent': '-27.3', 'likelihood': -2}, {'offset': 2, 'projected_percent': '-29.4', 'likelihood': -2}]",,False,0,4,0.0,0.0,0,Haji,0.0,193,False,Thigh injury - Unknown return date,2026-08-14T22:00:07.214508Z,54,176412.jpg,0.0,False,Wright,0.1,False,,i,7,9,0,439,86,9775,1002,0.0,0.0,Wright,,229.0,2023-08-04,1998-03-27,False,p176412,0,0,0,0,0,0,0,0,0,0,0,0,0,0.0,0.0,0.0,0.0,0,0,0,0,0,0.00,0.00,0.00,0.00,,,,,1.0,,[],https://www.ccfc.co.uk/news/2026/august/19/head-coach-frank-lampard-provides-an-update-on-haji-wright/,594,64,601,69,584,66,601,68,0.0,0.0,0.0,0.0,0.0,0.0,193,46,609,71,609,71,432,63,0.0,0.0,0.0
214,True,True,,,230730,0,0,0,0,3.5,7,"[{'offset': 0, 'projected_percent': '3.5', 'likelihood': 1}, {'offset': 1, 'projected_percent': '3.6', 'likelihood': 1}, {'offset': 2, 'projected_percent': '3.7', 'likelihood': 1}]",,False,0,4,1.3,1.3,1,Brandon,1.3,194,False,,,50,230730.jpg,1.3,False,Thomas-Asante,0.8,False,,a,7,9,4,36701,5718,31294,5907,0.3,0.8,Thomas-Asante,,81.0,2024-08-01,1998-12-29,False,p230730,120,0,0,0,4,0,0,0,0,0,0,0,20,8.0,3.4,4.0,1.6,6,5,0,11,1,0.00,0.02,0.02,3.24,,,,,4.0,,[],,279,27,254,32,244,38,305,35,0.0,0.0,0.02,0.02,2.43,3.0,281,54,225,21,253,29,212,34,0.75,0.0,8.25
215,True,True,,,218997,0,0,0,0,0.2,-6,"[{'offset': 0, 'projected_percent': '0.2', 'likelihood': 1}, {'offset': 1, 'projected_percent': '0.1', 'likelihood': 1}, {'offset': 2, 'projected_percent': '-0.2', 'likelihood': -1}]",,False,0,4,1.0,1.0,1,Ellis,1.0,195,False,,,50,218997.jpg,1.5,False,Simms,0.8,False,,a,7,9,3,32790,2797,38009,6405,0.2,0.6,Simms,,241.0,2023-07-07,2001-01-05,False,p218997,88,0,0,0,3,0,0,0,0,0,0,0,10,7.6,22.3,37.0,6.7,1,2,0,3,1,0.30,0.01,0.31,2.55,,,,,,,[],,283,28,154,15,82,19,194,20,0.31,0.0,0.01,0.32,2.61,3.07,272,52,257,29,240,27,210,33,1.02,0.0,3.07
216,True,False,0.0,0.0,551262,0,0,0,0,0.0,0,"[{'offset': 0, 'projected_percent': '0.0', 'likelihood': 0}, {'offset': 1, 'projected_percent': '0.0', 'likelihood': 0}, {'offset': 2, 'projected_percent': '0.0', 'likelihood': 0}]",,False,0,4,0.0,0.0,0,Jahnoah,0.0,196,False,Has joined Shabab Al-Ahli Dubai permanently,2026-08-17T13:53:55.791223Z,50,551262.jpg,0.0,False,Markelo,0.0,False,,u,7,9,0,0,0,953,67,0.0,0.0,Markelo,,203.0,2026-01-27,2003-01-04,False,p551262,0,0,0,0,0,0,0,0,0,0,0,0,0,0.0,0.0,0.0,0.0,0,0,0,0,0,0.00,0.00,0.00,0.00,,,,,,,[],,582,59,589,64,569,61,589,63,0.0,0.0,0.0,0.0,0.0,0.0,347,61,597,66,597,66,611,76,0.0,0.0,0.0
217,True,False,0.0,0.0,549653,0,0,0,0,0.0,0,"[{'offset': 0, 'projected_percent': '0.0', 'likelihood': 0}, {'offset': 1, 'projected_percent': '0.0', 'likelihood': 0}, {'offset': 2, 'projected_percent': '0.0', 'likelihood': 0}]",,False,0,4,0.0,0.0,0,Norman,0.0,197,False,Has joined KVC Westerlo on loan for the rest of the season,2026-07-28T12:58:50.001768Z,45,549653.jpg,0.0,False,Bassette,0.0,False,,u,7,9,0,0,0,1554,218,0.0,0.0,Bassette,,,,,False,p549653,0,0,0,0,0,0,0,0,0,0,0,0,0,0.0,0.0,0.0,0.0,0,0,0,0,0,0.00,0.00,0.00,0.00,,,,,,,[],,471,44,471,50,428,46,477,48,0.0,0.0,0.0,0.0,0.0,0.0,525,70,495,52,495,52,541,73,0.0,0.0,0.0
218,True,True,,,210156,0,0,0,0,-81.7,-7,"[{'offset': 0, 'projected_percent': '-82.5', 'likelihood': -3}, {'offset': 1, 'projected_percent': '-83.8', 'likelihood': -3}, {'offset': 2, 'projected_percent': '-85.1', 'likelihood': -3}]",,False,0,4,1.7,1.7,2,Taiwo,1.7,492,False,,,55,210156.jpg,1.7,False,Awoniyi,0.7,False,,a,7,9,5,16863,3367,31833,4384,0.3,0.9,Awoniyi,,157.0,2026-08-17,1997-08-12,False,p210156,180,0,0,0,2,0,0,0,0,0,0,0,16,13.6,35.3,68.0,11.7,3,6,0,9,2,1.24,0.03,1.27,2.18,,,,,5.0,,[],,248,23,109,10,31,11,95,14,0.62,0.0,0.02,0.64,1.09,1.0,141,36,212,19,237,26,230,38,1.0,0.0,4.5
219,True,True,,,661888,-1,1,-1,1,-3.6,-2,"[{'offset': 0, 'projected_percent': '-4.1', 'likelihood': -1}, {'offset': 1, 'projected_percent': '-5.0', 'likelihood': -1}, {'offset': 2, 'projected_percent': '-5.9', 'likelihood': -1}]",,False,0,3,1.7,1.7,1,Caleb,1.7,575,False,,,49,661888.jpg,1.7,False,Yirenkyi,0.2,False,,a,7,9,5,2038,263,8342,1551,0.3,1.0,Yirenkyi,,81.0,2026-08-07,2006-01-15,False,p661888,158,0,0,1,3,0,0,0,1,0,0,0,23,10.4,19.4,7.0,3.3,5,11,0,16,2,0.03,0.13,0.16,2.53,,,,,,,[],,266,111,172,98,213,107,257,112,0.02,0.0,0.07,0.09,1.44,1.71,419,255,202,92,230,101,345,125,1.14,0.57,9.11
220,True,True,,,196100,-1,1,-1,1,-3.7,-2,"[{'offset': 0, 'projected_percent': '-4.7', 'likelihood': -1}, {'offset': 1, 'projected_percent': '-6.4', 'likelihood': -1}, {'offset': 2, 'projected_percent': '-8.1', 'likelihood': -1}]",,False,0,3,1.0,1.0,1,Gustavo,1.0,584,False,,,54,196100.jpg,1.0,False,Hamer,0.1,False,,a,7,9,3,623,84,4303,596,0.2,0.6,Hamer,,152.0,2026-08-11,1997-06-24,False,p196100,32,0,0,0,1,0,0,0,0,0,0,0,6,0.6,1.8,0.0,0.3,0,2,1,3,0,0.00,0.02,0.02,0.82,3.0,,,,,,[],,354,165,285,146,587,247,355,165,0.0,0.0,0.06,0.06,2.31,2.81,196,122,264,117,329,147,413,159,0.0,0.0,8.44
221,True,True,,,627221,0,0,0,0,-8.2,-10,"[{'offset': 0, 'projected_percent': '-16.6', 'likelihood': -1}, {'offset': 1, 'projected_percent': '-30.5', 'likelihood': -2}, {'offset': 2, 'projected_percent': '-44.4', 'likelihood': -3}]",,False,0,4,0.0,0.0,0,Sidiki,0.0,599,False,,,50,627221.jpg,0.0,False,Cherif,0.1,False,,a,7,9,0,4584,633,4547,792,0.0,0.0,Cherif,,73.0,2026-08-19,2006-12-15,False,p627221,0,0,0,0,0,0,0,0,0,0,0,0,0,0.0,0.0,0.0,0.0,0,0,0,0,0,0.00,0.00,0.00,0.00,,,,,,,[],,587,61,594,66,576,63,594,65,0.0,0.0,0.0,0.0,0.0,0.0,361,63,602,68,602,68,426,61,0.0,0.0,0.0
222,True,True,,,79602,0,0,0,0,0.0,0,"[{'offset': 0, 'projected_percent': '0.0', 'likelihood': 0}, {'offset': 1, 'projected_percent': '0.0', 'likelihood': 0}, {'offset': 2, 'projected_percent': '0.0', 'likelihood': 0}]",2026-09-11T19:08:56.427340Z,False,0,1,0.0,0.0,0,Dan,0.0,623,False,,,40,79602.jpg,0.0,False,Bentley,0.4,False,,a,7,9,0,33713,13633,5111,2284,0.0,0.0,Bentley,,241.0,2026-08-21,1993-07-13,False,p79602,0,0,0,0,0,0,0,0,0,0,0,0,0,0.0,0.0,0.0,0.0,0,0,0,0,0,0.00,0.00,0.00,0.00,,,,,,,[],,367,28,360,9,300,6,372,28,0.0,0.0,0.0,0.0,0.0,0.0,583,54,392,28,392,28,282,38,0.0,0.0,0.0
223,True,True,,,485337,0,0,0,0,-45.5,4,"[{'offset': 0, 'projected_percent': '-38.0', 'likelihood': -2}, {'offset': 1, 'projected_percent': '-25.5', 'likelihood': -2}, {'offset': 2, 'projected_percent': '-13.0', 'likelihood': -1}]",,False,0,3,0.7,0.7,0,Evann,0.7,42,False,,,55,485337.jpg,1.0,False,Guessand,0.0,False,,a,8,31,2,1591,552,2115,514,0.1,0.4,Guessand,,54.0,2026-08-12,2001-07-01,False,p485337,54,0,0,0,1,0,0,0,0,0,0,0,6,5.4,2.1,7.0,1.5,1,0,1,2,0,0.03,0.03,0.06,0.34,,,,,,,"[{'property': 'loan_ineligible', 'notes': 'This player will not be available to face their parent club in Gameweek 34 as part of their loan conditions.', 'gameweek': 34, 'url': None}, {'property': 'loan_ineligible', 'notes': 'This player will not be available to face their parent club in Gameweek 14 as part of their loan conditions.', 'gameweek': 14, 'url': None}]",,301,132,279,142,219,110,307,137,0.05,0.0,0.05,0.1,0.57,1.67,167,102,322,147,347,158,504,205,0.0,0.0,3.33
224,True,True,,,220362,0,0,0,0,0.7,4,"[{'offset': 0, 'projected_percent': '0.7', 'likelihood': 1}, {'offset': 1, 'projected_percent': '0.7', 'likelihood': 1}, {'offset': 2, 'projected_percent': '0.8', 'likelihood': 1}]",,False,0,2,1.3,1.3,3,Axel,1.3,153,False,,,45,220362.jpg,2.0,False,Disasi,0.1,False,,a,8,31,4,4343,2307,2724,868,0.3,0.9,Disasi,,73.0,2026-08-26,1998-03-11,False,p220362,106,0,0,0,3,0,0,0,0,0,0,0,12,32.6,13.3,2.0,4.8,9,9,5,14,1,0.00,0.04,0.04,3.34,,,,,,,"[{'property': 'loan_ineligible', 'notes': 'This player will not be available to face their parent club in Gameweek 13 as part of their loan conditions.', 'gameweek': 13, 'url': None}, {'property': 'loan_ineligible', 'notes': 'This player will not be available to face their parent club in Gameweek 20 as part of their loan conditions.', 'gameweek': 20, 'url': None}]",,180,80,202,67,266,99,231,87,0.0,0.0,0.03,0.03,2.84,2.55,462,102,218,80,192,75,435,154,0.85,0.0,11.89
225,True,True,100.0,100.0,172649,0,0,0,0,-5.0,40,"[{'offset': 0, 'projected_percent': '-3.3', 'likelihood': -1}, {'offset': 1, 'projected_percent': '-0.4', 'likelihood': -1}, {'offset': 2, 'projected_percent': '0.4', 'likelihood': 1}]",,False,0,1,1.7,1.7,2,Dean,1.7,198,False,,2026-08-20T14:00:08.018379Z,50,172649.jpg,1.7,False,Henderson,1.9,False,,a,8,31,5,32745,11834,39518,7409,0.3,1.0,Henderson,Dean Henderson,241.0,2023-08-31,1997-03-12,False,p172649,270,0,0,0,8,0,0,0,0,0,12,0,37,96.8,0.0,0.0,9.6,6,31,0,0,3,0.00,0.00,0.00,6.47,,,,,,,[],,15,3,544,59,516,59,130,3,0.0,4.0,0.0,0.0,2.16,2.67,256,8,204,19,231,20,127,19,1.0,0.0,0.0
226,True,True,,,121709,0,0,0,0,-60.3,0,"[{'offset': 0, 'projected_percent': '-60.3', 'likelihood': -3}, {'offset': 1, 'projected_percent': '-60.3', 'likelihood': -3}, {'offset': 2, 'projected_percent': '-60.3', 'likelihood': -3}]",,False,0,1,0.0,0.0,0,Walter,0.0,199,False,,,45,121709.jpg,0.0,False,Benítez,0.1,False,,a,8,31,0,1391,275,3166,496,0.0,0.0,Benitez,,10.0,2025-07-01,1993-01-19,False,p121709,0,0,0,0,0,0,0,0,0,0,0,0,0,0.0,0.0,0.0,0.0,0,0,0,0,0,0.00,0.00,0.00,0.00,,,,,,,[],,427,51,424,34,373,31,433,51,0.0,0.0,0.0,0.0,0.0,0.0,437,30,452,51,452,51,415,47,0.0,0.0,0.0
227,True,True,,,427623,0,0,0,0,-39.3,4,"[{'offset': 0, 'projected_percent': '-38.8', 'likelihood': -2}, {'offset': 1, 'projected_percent': '-38.0', 'likelihood': -2}, {'offset': 2, 'projected_percent': '-37.2', 'likelihood': -2}]",,False,0,2,1.3,1.3,1,Chris,1.3,202,False,,,50,427623.jpg,1.3,False,Richards,0.7,False,,a,8,31,4,13422,3469,21555,3930,0.3,0.8,Richards,,229.0,2022-07-27,2000-03-28,False,p427623,270,0,0,0,8,0,0,0,0,0,0,0,17,86.4,1.3,24.0,11.1,26,7,5,31,3,0.08,0.00,0.08,6.47,,,,,,,[],,31,9,299,111,113,34,106,36,0.03,0.0,0.0,0.03,2.16,2.67,287,47,226,85,254,91,232,86,1.0,0.0,10.33
228,True,True,,,651426,0,0,-1,1,-10.6,2,"[{'offset': 0, 'projected_percent': '-9.9', 'likelihood': -1}, {'offset': 1, 'projected_percent': '-8.9', 'likelihood': -1}, {'offset': 2, 'projected_percent': '-7.9', 'likelihood': -1}]",,False,0,2,0.7,0.7,1,Jaydee,0.7,203,False,,,49,651426.jpg,0.7,False,Canvot,0.2,False,,a,8,31,2,3600,1071,11716,1930,0.1,0.4,Canvot,,73.0,2025-09-01,2006-07-29,False,p651426,270,0,0,0,8,0,0,0,0,0,0,0,12,63.2,8.1,5.0,7.6,17,6,7,24,3,0.05,0.01,0.06,6.47,,,,,,,[],,67,32,228,77,233,83,165,66,0.02,0.0,0.0,0.02,2.16,2.67,418,78,304,112,376,132,317,116,1.0,0.0,8.0
229,True,True,,,244723,0,0,0,0,-10.7,440,"[{'offset': 0, 'projected_percent': '-4.1', 'likelihood': -1}, {'offset': 1, 'projected_percent': '3.6', 'likelihood': 1}, {'offset': 2, 'projected_percent': '9.4', 'likelihood': 1}]",,False,1,2,5.3,5.3,15,Tyrick,5.3,204,False,,,45,244723.jpg,5.3,False,Mitchell,5.5,False,,a,8,31,16,111824,96808,144093,16171,1.2,3.6,Mitchell,,241.0,2019-12-15,1999-09-01,False,p244723,253,2,0,0,8,0,0,0,0,0,0,2,32,101.2,46.1,56.0,20.3,10,7,6,16,3,0.77,0.18,0.95,5.90,,,,,,,[],,13,1,70,16,47,5,25,2,0.27,0.0,0.06,0.33,2.1,2.85,480,115,40,17,45,19,66,28,1.07,0.0,5.69
230,True,False,0.0,0.0,218364,0,0,0,0,0.0,-7,"[{'offset': 0, 'projected_percent': '0.0', 'likelihood': 0}, {'offset': 1, 'projected_percent': '0.0', 'likelihood': 0}, {'offset': 2, 'projected_percent': '0.0', 'likelihood': 0}]",,False,0,2,0.0,0.0,0,Borna,0.0,205,False,Has joined FC Cologne on loan for the rest of the season,2026-09-02T16:03:25.710518Z,45,218364.jpg,0.0,False,Sosa,0.0,False,,u,8,31,0,236,0,1467,411,0.0,0.0,Sosa,,97.0,2025-07-11,1998-01-21,False,p218364,0,0,0,0,0,0,0,0,0,0,0,0,0,0.0,0.0,0.0,0.0,0,0,0,0,0,0.00,0.00,0.00,0.00,,,,,,,[],,437,172,434,172,384,160,443,170,0.0,0.0,0.0,0.0,0.0,0.0,461,101,461,175,461,175,566,193,0.0,0.0,0.0
231,True,True,0.0,0.0,515621,0,0,-1,1,-41.3,0,"[{'offset': 0, 'projected_percent': '-41.3', 'likelihood': -3}, {'offset': 1, 'projected_percent': '-41.3', 'likelihood': -3}, {'offset': 2, 'projected_percent': '-41.3', 'likelihood': -3}]",,False,0,2,0.0,0.0,0,Chadi,0.3,206,False,Knee injury - Unknown return date,2026-08-22T18:00:07.352049Z,44,515621.jpg,1.0,False,Riad Dnanou,0.0,False,,i,8,31,1,538,25,4811,352,0.1,0.2,Chadi Riad,,145.0,2024-07-02,2003-06-17,False,p515621,72,0,0,0,2,0,0,0,0,0,0,0,7,12.6,1.3,0.0,1.4,6,3,1,7,1,0.00,0.01,0.01,0.98,,,,,,,[],https://www.cpfc.co.uk/news/first-team/press-conference-team-news-crystal-palace-manchester-city-august-2026/,252,103,296,109,362,155,308,114,0.0,0.0,0.01,0.01,1.22,2.5,574,157,339,122,274,103,551,190,1.25,0.0,8.75
232,True,True,,,242313,0,0,-1,1,-5.4,-1,"[{'offset': 0, 'projected_percent': '-6.8', 'likelihood': -1}, {'offset': 1, 'projected_percent': '-9.2', 'likelihood': -1}, {'offset': 2, 'projected_percent': '-11.5', 'likelihood': -1}]",,False,0,2,0.7,0.7,1,Oscar,0.7,207,False,,,44,242313.jpg,1.0,False,Mingueza,0.1,False,,a,8,31,2,1274,305,3039,448,0.2,0.5,Mingueza,,200.0,2026-07-09,1999-05-13,False,p242313,16,0,0,0,1,0,0,0,0,0,0,0,5,3.2,0.4,0.0,0.3,0,1,2,2,0,0.00,0.00,0.00,0.33,,,,,,,[],,326,125,334,126,360,153,348,126,0.0,0.0,0.0,0.0,1.86,5.62,572,155,288,103,273,102,474,169,0.0,0.0,11.25
233,True,True,0.0,0.0,232185,0,0,-2,2,-57.4,-105,"[{'offset': 0, 'projected_percent': '-60.7', 'likelihood': -3}, {'offset': 1, 'projected_percent': '-66.4', 'likelihood': -3}, {'offset': 2, 'projected_percent': '-72.0', 'likelihood': -3}]",,False,0,3,0.0,0.0,0,Ismaïla,0.0,208,False,Groin injury - Unknown return date,2026-08-22T18:00:07.363165Z,63,232185.jpg,0.0,False,Sarr,0.9,False,,i,8,31,0,2534,102,342866,17859,0.0,0.0,Sarr,Ismaïla Sarr,189.0,2024-08-01,1998-02-25,False,p232185,0,0,0,0,0,0,0,0,0,0,0,0,0,0.0,0.0,0.0,0.0,0,0,0,0,0,0.00,0.00,0.00,0.00,,,,,2.0,,[],https://www.cpfc.co.uk/news/first-team/press-conference-team-news-crystal-palace-manchester-city-august-2026/,645,286,646,286,644,285,645,286,0.0,0.0,0.0,0.0,0.0,0.0,54,38,645,285,645,285,201,63,0.0,0.0,0.0
234,True,True,100.0,100.0,496221,0,0,0,0,-14.7,-6,"[{'offset': 0, 'projected_percent': '-15.3', 'likelihood': -1}, {'offset': 1, 'projected_percent': '-16.2', 'likelihood': -1}, {'offset': 2, 'projected_percent': '-17.2', 'likelihood': -1}]",,False,0,3,2.7,2.7,2,Adam,2.7,210,False,,2026-07-23T12:01:23.498963Z,55,496221.jpg,2.7,False,Wharton,0.9,False,,a,8,31,8,21153,4367,26467,4947,0.5,1.5,Wharton,,241.0,2024-02-01,2004-02-06,False,p496221,270,0,0,0,8,0,0,0,0,0,0,0,51,47.8,58.4,2.0,10.9,11,11,7,29,3,0.00,0.32,0.32,6.47,2.0,,,,,,[],,123,44,45,38,286,138,110,57,0.0,0.0,0.11,0.11,2.16,2.67,170,104,137,58,152,63,205,64,1.0,0.0,9.67
235,True,True,,,488024,0,0,0,0,3.8,60,"[{'offset': 0, 'projected_percent': '4.3', 'likelihood': 1}, {'offset': 1, 'projected_percent': '5.0', 'likelihood': 1}, {'offset': 2, 'projected_percent': '5.8', 'likelihood': 1}]",,False,0,3,3.7,3.7,5,Yéremy,3.7,211,False,,,55,488024.jpg,3.7,False,Pino Santos,0.3,False,,a,8,31,11,16936,11171,7381,2341,0.7,2.0,Yeremy,,200.0,2025-08-29,2002-10-20,False,p488024,190,0,2,0,5,0,0,0,0,0,0,0,56,20.8,83.1,21.0,12.5,3,12,5,20,2,0.36,0.39,0.75,5.29,1.0,,1.0,,,,[],,219,89,23,20,122,63,83,51,0.17,0.0,0.18,0.35,2.51,2.37,168,103,90,42,98,44,288,98,0.95,0.0,9.47
236,True,True,,,108413,0,0,0,0,-70.5,-116,"[{'offset': 0, 'projected_percent': '-71.6', 'likelihood': -3}, {'offset': 1, 'projected_percent': '-73.4', 'likelihood': -3}, {'offset': 2, 'projected_percent': '-75.1', 'likelihood': -3}]",,False,0,3,0.3,0.3,1,Will,0.3,212,False,,,45,108413.jpg,1.0,False,Hughes,9.0,False,,a,8,31,1,71140,13370,272435,48644,0.1,0.2,Hughes,,241.0,2021-08-28,1995-04-17,False,p108413,16,0,0,0,0,0,0,0,0,0,0,0,3,2.4,0.3,0.0,0.3,2,1,0,3,0,0.00,0.00,0.00,0.57,4.0,,,,,,[],,336,153,337,165,370,145,349,160,0.0,0.0,0.0,0.0,3.21,0.0,434,258,342,156,277,119,47,18,0.0,0.0,16.88
237,True,True,,,152551,0,0,-1,1,-19.7,0,"[{'offset': 0, 'projected_percent': '-19.7', 'likelihood': -1}, {'offset': 1, 'projected_percent': '-19.7', 'likelihood': -1}, {'offset': 2, 'projected_percent': '-19.7', 'likelihood': -1}]",,False,0,3,0.0,0.0,0,Jefferson,0.0,213,False,,,49,152551.jpg,0.0,False,Lerma Solís,0.1,False,,a,8,31,0,872,172,3732,540,0.0,0.0,Lerma,,48.0,2023-07-01,1994-10-25,False,p152551,0,0,0,0,0,0,0,0,0,0,0,0,0,0.0,0.0,0.0,0.0,0,0,0,0,0,0.00,0.00,0.00,0.00,,,,,,,[],,511,198,511,206,470,175,517,202,0.0,0.0,0.0,0.0,0.0,0.0,373,224,534,211,534,211,441,172,0.0,0.0,0.0
238,True,True,,,209400,0,0,0,0,1.1,23,"[{'offset': 0, 'projected_percent': '1.3', 'likelihood': 1}, {'offset': 1, 'projected_percent': '1.6', 'likelihood': 1}, {'offset': 2, 'projected_percent': '1.9', 'likelihood': 1}]",,False,0,3,3.3,3.3,5,Daichi,3.3,214,False,,,50,209400.jpg,3.3,False,Kamada,0.3,False,,a,8,31,10,12310,6073,9832,2186,0.7,2.0,Kamada,,108.0,2024-07-01,1996-08-05,False,p209400,268,0,1,0,8,0,0,0,1,0,0,0,67,57.6,55.3,13.0,12.6,4,14,9,27,3,0.05,0.30,0.35,6.34,3.0,,,,,,[],,87,28,48,40,169,82,81,49,0.02,0.0,0.1,0.12,2.13,2.69,267,167,98,46,109,48,293,100,1.01,0.0,9.07
239,True,False,0.0,0.0,489706,0,0,0,0,0.0,0,"[{'offset': 0, 'projected_percent': '0.0', 'likelihood': 0}, {'offset': 1, 'projected_percent': '0.0', 'likelihood': 0}, {'offset': 2, 'projected_percent': '0.0', 'likelihood': 0}]",,False,0,3,0.0,0.0,0,Justin,0.0,215,False,Has joined Stoke City permanently,2026-09-02T15:41:07.346849Z,50,489706.jpg,0.0,False,Devenny,0.0,False,,u,8,31,0,132,0,682,168,0.0,0.0,Devenny,,242.0,2024-03-13,2003-10-11,False,p489706,0,0,0,0,0,0,0,0,0,0,0,0,0,0.0,0.0,0.0,0.0,0,0,0,0,0,0.00,0.00,0.00,0.00,,,2.0,,3.0,,[],,564,233,570,239,548,222,571,236,0.0,0.0,0.0,0.0,0.0,0.0,312,186,580,241,580,241,616,264,0.0,0.0,0.0
240,True,False,0.0,0.0,606921,0,0,0,0,0.0,-3,"[{'offset': 0, 'projected_percent': '0.0', 'likelihood': 0}, {'offset': 1, 'projected_percent': '0.0', 'likelihood': 0}, {'offset': 2, 'projected_percent': '0.0', 'likelihood': 0}]",,False,0,3,0.0,0.0,0,Romain,0.0,216,False,Has joined Millwall on loan for the rest of the season,2026-09-02T15:41:07.376544Z,50,606921.jpg,0.0,False,Esse,0.0,False,,u,8,31,0,399,0,2358,615,0.0,0.0,Esse,,241.0,2025-01-18,2005-05-13,False,p606921,0,0,0,0,0,0,0,0,0,0,0,0,0,0.0,0.0,0.0,0.0,0,0,0,0,0,0.00,0.00,0.00,0.00,,,,,,,[],,584,247,591,253,572,239,591,250,0.0,0.0,0.0,0.0,0.0,0.0,353,215,599,254,599,254,558,230,0.0,0.0,0.0
241,True,True,,,536694,0,0,-1,1,-51.4,-1,"[{'offset': 0, 'projected_percent': '-55.8', 'likelihood': -3}, {'offset': 1, 'projected_percent': '-63.0', 'likelihood': -3}, {'offset': 2, 'projected_percent': '-70.2', 'likelihood': -3}]",,False,0,3,0.0,0.0,0,Matheus,0.0,217,False,,,49,536694.jpg,0.0,False,França de Oliveira,0.0,False,,a,8,31,0,989,39,2160,340,0.0,0.0,M.França,Matheus França,30.0,2023-08-05,2004-04-01,False,p536694,0,0,0,0,0,0,0,0,0,0,0,0,0,0.0,0.0,0.0,0.0,0,0,0,0,0,0.00,0.00,0.00,0.00,,,,,,,[],,528,210,529,218,491,189,536,215,0.0,0.0,0.0,0.0,0.0,0.0,408,246,549,222,549,222,562,233,0.0,0.0,0.0
242,True,True,,,438464,0,0,-1,1,-11.9,0,"[{'offset': 0, 'projected_percent': '-11.9', 'likelihood': -1}, {'offset': 1, 'projected_percent': '-11.9', 'likelihood': -1}, {'offset': 2, 'projected_percent': '-11.9', 'likelihood': -1}]",,False,0,3,0.0,0.0,0,Cheick,0.0,218,False,,,49,438464.jpg,0.0,False,Doucouré,0.1,False,,a,8,31,0,1489,257,2855,476,0.0,0.0,Doucouré,,132.0,2022-07-11,2000-01-08,False,p438464,0,0,0,0,0,0,0,0,0,0,0,0,0,0.0,0.0,0.0,0.0,0,0,0,0,0,0.00,0.00,0.00,0.00,,,,,,,[],,520,205,520,213,482,184,527,210,0.0,0.0,0.0,0.0,0.0,0.0,391,236,541,217,541,217,487,195,0.0,0.0,0.0
243,True,True,,,450542,0,0,0,0,-93.4,0,"[{'offset': 0, 'projected_percent': '-93.4', 'likelihood': -3}, {'offset': 1, 'projected_percent': '-93.4', 'likelihood': -3}, {'offset': 2, 'projected_percent': '-93.4', 'likelihood': -3}]",,False,0,3,0.0,0.0,0,Jesurun,0.0,219,False,,,50,450542.jpg,0.0,False,Rak-Sakyi,0.0,False,,a,8,31,0,126,36,246,45,0.0,0.0,J.Rak-Sakyi,,81.0,2021-04-09,2002-10-05,False,p450542,0,0,0,0,0,0,0,0,0,0,0,0,0,0.0,0.0,0.0,0.0,0,0,0,0,0,0.00,0.00,0.00,0.00,,,,,,,[],,556,229,560,235,537,217,563,232,0.0,0.0,0.0,0.0,0.0,0.0,295,179,572,237,572,237,626,271,0.0,0.0,0.0
244,True,False,0.0,0.0,590014,0,0,0,0,0.0,0,"[{'offset': 0, 'projected_percent': '0.0', 'likelihood': 0}, {'offset': 1, 'projected_percent': '0.0', 'likelihood': 0}, {'offset': 2, 'projected_percent': '0.0', 'likelihood': 0}]",,False,0,2,0.0,0.0,0,Rio,0.0,220,False,Has joined Bristol City on loan for the rest of the season,2026-08-12T14:08:46.501813Z,45,590014.jpg,0.0,False,Cardines,0.0,False,,u,8,31,0,0,0,113,9,0.0,0.0,Cardines,,217.0,2025-07-24,2006-07-01,False,p590014,0,0,0,0,0,0,0,0,0,0,0,0,0,0.0,0.0,0.0,0.0,0,0,0,0,0,0.00,0.00,0.00,0.00,,,,,,,[],,484,189,483,189,441,182,490,187,0.0,0.0,0.0,0.0,0.0,0.0,542,144,507,192,507,192,648,214,0.0,0.0,0.0
245,True,True,,,672492,0,0,0,0,-24.5,1,"[{'offset': 0, 'projected_percent': '-23.8', 'likelihood': -2}, {'offset': 1, 'projected_percent': '-22.7', 'likelihood': -2}, {'offset': 2, 'projected_percent': '-21.6', 'likelihood': -2}]",,False,0,3,0.0,0.0,0,Joél,0.0,221,False,,,45,672492.jpg,0.0,False,Drakes-Thomas,0.1,False,,a,8,31,0,1848,510,2691,512,0.0,0.0,Drakes-Thomas,,241.0,2025-12-10,2009-06-09,False,p672492,0,0,0,0,0,0,0,0,0,0,0,0,0,0.0,0.0,0.0,0.0,0,0,0,0,0,0.00,0.00,0.00,0.00,,,,,,,[],,503,194,502,202,461,171,509,198,0.0,0.0,0.0,0.0,0.0,0.0,564,289,526,207,526,207,457,181,0.0,0.0,0.0
246,True,True,,,247412,0,0,0,0,-56.5,-6,"[{'offset': 0, 'projected_percent': '-57.6', 'likelihood': -3}, {'offset': 1, 'projected_percent': '-59.3', 'likelihood': -3}, {'offset': 2, 'projected_percent': '-61.0', 'likelihood': -3}]",,False,0,4,1.3,1.3,1,Jørgen,1.3,222,False,,,60,247412.jpg,1.3,False,Strand Larsen,0.5,False,,a,8,31,4,12480,3446,19984,3708,0.2,0.7,Strand Larsen,,161.0,2026-02-02,2000-02-06,False,p247412,134,0,0,0,3,0,0,0,0,0,0,0,20,8.6,4.6,21.0,3.5,3,4,1,8,1,0.30,0.01,0.31,3.69,,,,,,,[],,275,26,242,30,123,24,252,30,0.2,0.0,0.01,0.21,2.48,2.01,68,15,236,25,259,31,251,42,0.67,0.0,5.37
247,True,True,0.0,0.0,231747,0,0,-1,1,-64.5,-233,"[{'offset': 0, 'projected_percent': '-67.9', 'likelihood': -3}, {'offset': 1, 'projected_percent': '-73.7', 'likelihood': -3}, {'offset': 2, 'projected_percent': '-79.4', 'likelihood': -3}]",,False,0,4,0.0,0.0,0,Jean-Philippe,0.7,223,False,Hamstring injury - Expected back 11 Oct,2026-08-28T21:00:08.020382Z,64,231747.jpg,2.0,False,Mateta,2.0,False,,i,8,31,2,25360,182,380184,37223,0.1,0.3,Mateta,,73.0,2022-01-31,1997-06-28,False,p231747,62,0,0,0,2,0,0,0,0,0,0,0,-3,1.4,12.3,11.0,2.5,1,2,2,5,1,0.70,0.02,0.72,0.98,,,,,1.0,,[],,346,38,212,24,189,33,279,32,1.02,0.0,0.03,1.05,1.42,2.9,47,12,329,41,220,23,123,18,1.45,0.0,7.26
248,True,True,,,205533,0,0,0,0,5.6,49,"[{'offset': 0, 'projected_percent': '6.0', 'likelihood': 1}, {'offset': 1, 'projected_percent': '6.6', 'likelihood': 1}, {'offset': 2, 'projected_percent': '7.3', 'likelihood': 1}]",,False,0,4,2.3,2.3,4,Eddie,2.3,224,False,,,55,205533.jpg,2.3,False,Nketiah,0.6,False,,a,8,31,7,28386,13249,17766,3702,0.4,1.3,Nketiah,,241.0,2024-08-30,1999-05-30,False,p205533,167,0,1,0,7,0,0,0,0,0,0,0,36,34.2,45.8,50.0,13.0,2,5,4,11,3,1.10,0.58,1.68,4.45,,,,,,,[],,169,12,72,3,60,14,78,11,0.59,0.0,0.31,0.9,2.4,3.77,138,35,161,14,178,19,236,40,1.62,0.0,5.93
249,True,False,0.0,0.0,660392,0,0,0,0,0.0,0,"[{'offset': 0, 'projected_percent': '0.0', 'likelihood': 0}, {'offset': 1, 'projected_percent': '0.0', 'likelihood': 0}, {'offset': 2, 'projected_percent': '0.0', 'likelihood': 0}]",,False,0,4,0.0,0.0,0,Christantus,0.0,225,False,has returned to Getafe CF,2026-07-23T12:18:56.275922Z,50,660392.jpg,0.0,False,Uche,0.0,False,,u,8,31,0,0,0,0,0,0.0,0.0,Uche,,,,,False,p660392,0,0,0,0,0,0,0,0,0,0,0,0,0,0.0,0.0,0.0,0.0,0,0,0,0,0,0.00,0.00,0.00,0.00,,,,,,,[],,590,63,597,68,579,65,597,67,0.0,0.0,0.0,0.0,0.0,0.0,365,65,605,70,605,70,654,78,0.0,0.0,0.0
250,True,True,,,433154,-1,1,-1,1,-7.9,0,"[{'offset': 0, 'projected_percent': '-7.9', 'likelihood': -1}, {'offset': 1, 'projected_percent': '-7.9', 'likelihood': -1}, {'offset': 2, 'projected_percent': '-7.9', 'likelihood': -1}]",,False,0,3,1.0,1.0,0,Dwight,1.0,241,False,,,54,433154.jpg,1.5,False,McNeil,0.1,False,,a,8,31,3,1255,243,5196,886,0.2,0.6,McNeil,,241.0,2026-08-11,1999-11-22,False,p433154,84,0,0,0,3,0,0,0,0,0,0,0,13,10.0,5.0,2.0,1.7,4,3,0,7,1,0.05,0.02,0.07,1.18,,,,,,,[],,269,114,239,127,278,132,303,135,0.05,0.0,0.02,0.07,1.26,3.21,210,132,267,120,246,111,379,140,1.07,0.0,7.5
251,True,True,,,169593,0,0,0,0,-0.5,-5,"[{'offset': 0, 'projected_percent': '-0.7', 'likelihood': -1}, {'offset': 1, 'projected_percent': '-1.1', 'likelihood': -1}, {'offset': 2, 'projected_percent': '-1.4', 'likelihood': -1}]",,False,0,1,0.0,0.0,0,Remi,0.0,555,False,,,40,169593.jpg,0.0,False,Matthews,1.8,False,,a,8,31,0,15923,2412,18641,3743,0.0,0.0,Matthews,,241.0,2021-07-13,1994-02-10,False,p169593,0,0,0,0,0,0,0,0,0,0,0,0,0,0.0,0.0,0.0,0.0,0,0,0,0,0,0.00,0.00,0.00,0.00,,,,,,,[],,377,35,372,16,312,13,383,35,0.0,0.0,0.0,0.0,0.0,0.0,596,61,402,35,402,35,136,20,0.0,0.0,0.0
252,True,True,,,223723,0,0,0,0,-61.0,-8,"[{'offset': 0, 'projected_percent': '-63.1', 'likelihood': -3}, {'offset': 1, 'projected_percent': '-66.7', 'likelihood': -3}, {'offset': 2, 'projected_percent': '-70.3', 'likelihood': -3}]",,False,0,2,0.7,0.7,0,Takehiro,0.7,577,False,,,45,223723.jpg,1.0,False,Tomiyasu,0.3,False,,a,8,31,2,2488,281,7710,1613,0.2,0.4,Tomiyasu,,108.0,2026-08-06,1998-11-05,False,p223723,91,0,0,0,3,0,0,0,0,0,0,0,0,15.0,3.7,2.0,2.1,8,4,1,9,1,0.00,0.01,0.01,2.15,,,,,,,[],,242,101,250,86,267,100,286,106,0.0,0.0,0.01,0.01,2.13,2.97,466,105,291,105,281,108,296,108,0.99,0.0,8.9
253,True,True,,,570794,0,0,0,0,1.8,11,"[{'offset': 0, 'projected_percent': '1.9', 'likelihood': 1}, {'offset': 1, 'projected_percent': '2.0', 'likelihood': 1}, {'offset': 2, 'projected_percent': '2.2', 'likelihood': 1}]",,False,0,2,2.0,2.0,3,Anan,2.0,588,False,,,50,570794.jpg,2.0,False,Khalaili,0.2,False,,a,8,31,6,8150,3640,3484,1108,0.4,1.2,Khalaili,,105.0,2026-08-15,2004-09-03,False,p570794,199,0,0,0,5,0,0,0,1,0,0,0,27,72.0,30.3,15.0,11.8,16,11,17,33,2,0.74,0.17,0.91,5.42,,,,,,,[],,51,20,125,37,153,52,93,26,0.33,0.0,0.08,0.41,2.45,2.26,349,60,185,70,208,80,352,131,0.9,0.0,14.92
254,True,True,,,559152,0,0,0,0,-18.4,0,"[{'offset': 0, 'projected_percent': '-18.4', 'likelihood': -1}, {'offset': 1, 'projected_percent': '-18.4', 'likelihood': -1}, {'offset': 2, 'projected_percent': '-18.4', 'likelihood': -1}]",,False,0,3,0.3,0.3,0,Zavier,0.3,595,False,,,50,559152.jpg,1.0,False,Gozo,0.0,False,,a,8,31,1,320,61,493,96,0.1,0.2,Gozo,,229.0,2026-08-18,2007-03-22,False,p559152,22,0,0,0,1,0,0,0,0,0,0,0,3,1.4,1.3,0.0,0.3,0,0,1,1,0,0.00,0.00,0.00,0.20,,,,,,,[],,345,159,301,151,570,237,353,163,0.0,0.0,0.0,0.0,0.82,4.09,348,212,366,170,324,143,587,246,0.0,0.0,4.09
255,True,True,,,605972,0,0,0,0,0.0,0,"[{'offset': 0, 'projected_percent': '0.0', 'likelihood': 0}, {'offset': 1, 'projected_percent': '0.0', 'likelihood': 0}, {'offset': 2, 'projected_percent': '0.0', 'likelihood': 0}]",2026-09-15T14:50:23.327748Z,False,0,2,1.8,1.8,0,Honest,0.0,633,False,,,45,605972.jpg,0.0,False,Ahanor,0.0,False,,a,8,31,0,395,178,90,58,0.0,0.0,Ahanor,,106.0,2026-09-01,2008-02-23,False,p605972,0,0,0,0,0,0,0,0,0,0,0,0,0,0.0,0.0,0.0,0.0,0,0,0,0,0,0.00,0.00,0.00,0.00,,,,,,,[],,492,190,491,190,449,183,498,188,0.0,0.0,0.0,0.0,0.0,0.0,550,145,515,193,515,193,631,209,0.0,0.0,0.0
256,True,True,,,172850,0,0,0,0,0.0,0,"[{'offset': 0, 'projected_percent': '0.0', 'likelihood': 0}, {'offset': 1, 'projected_percent': '0.0', 'likelihood': 0}, {'offset': 2, 'projected_percent': '0.0', 'likelihood': 0}]",2026-09-15T14:55:37.727840Z,False,0,2,1.8,1.8,7,Ben,7.0,643,False,,,45,172850.jpg,7.0,False,Chilwell,0.3,False,,a,8,31,7,15317,14554,1808,1724,1.6,1.6,Chilwell,,241.0,2026-09-01,1996-12-21,False,p172850,16,1,0,0,0,0,0,0,0,0,0,0,20,33.2,0.7,17.0,5.1,0,0,0,0,0,0.15,0.00,0.15,0.57,,,,,,,[],,176,78,317,119,133,41,223,85,0.84,0.0,0.0,0.84,3.21,0.0,449,92,17,8,18,8,308,113,0.0,0.0,0.0
257,True,True,,,450063,0,0,0,0,0.0,0,"[{'offset': 0, 'projected_percent': '0.0', 'likelihood': 0}, {'offset': 1, 'projected_percent': '0.0', 'likelihood': 0}, {'offset': 2, 'projected_percent': '0.0', 'likelihood': 0}]",2026-09-15T14:56:09.891874Z,False,0,3,1.5,1.5,2,Quinten,2.0,644,False,,,50,450063.jpg,2.0,False,Timber,0.0,False,,a,8,31,2,1580,924,294,194,0.4,0.4,Timber,,152.0,2026-09-01,2001-06-17,False,p450063,73,0,0,0,2,0,0,0,0,0,0,0,8,4.2,0.2,1.0,0.5,2,3,1,6,1,0.02,0.00,0.02,2.57,,,,,,,[],,313,140,348,173,293,142,339,155,0.02,0.0,0.0,0.02,3.17,2.47,294,178,181,80,204,87,580,241,1.23,0.0,7.4
258,True,True,,,533646,0,0,0,0,0.0,0,"[{'offset': 0, 'projected_percent': '0.0', 'likelihood': 0}, {'offset': 1, 'projected_percent': '0.0', 'likelihood': 0}, {'offset': 2, 'projected_percent': '0.0', 'likelihood': 0}]",2026-09-15T14:57:41.977276Z,False,0,3,2.0,2.0,1,Darío,1.0,647,False,,,55,533646.jpg,1.0,False,Osorio,0.0,False,,a,8,31,1,714,253,99,49,0.2,0.2,Osorio,,44.0,2026-09-01,2004-01-24,False,p533646,1,0,0,0,0,0,0,0,0,0,0,0,2,2.0,0.3,0.0,0.2,0,0,1,1,0,0.00,0.00,0.00,0.13,,,,,,,[],,343,157,343,170,618,267,358,167,0.0,0.0,0.0,0.0,11.7,0.0,174,108,273,123,348,159,614,263,0.0,0.0,90.0
259,True,True,0.0,0.0,128295,0,0,-1,1,-21.1,-4,"[{'offset': 0, 'projected_percent': '-23.2', 'likelihood': -2}, {'offset': 1, 'projected_percent': '-26.7', 'likelihood': -2}, {'offset': 2, 'projected_percent': '-30.2', 'likelihood': -2}]",,False,0,3,0.0,0.0,0,Christian,0.0,21,False,Groin injury - Unknown return date,2026-08-15T20:00:06.779594Z,49,128295.jpg,0.0,False,Nørgaard,0.1,False,,i,9,11,0,361,50,5662,625,0.0,0.0,Nørgaard,,58.0,2026-08-05,1994-03-10,False,p128295,0,0,0,0,0,0,0,0,0,0,0,0,0,0.0,0.0,0.0,0.0,0,0,0,0,0,0.00,0.00,0.00,0.00,,,,,,,[],https://www.evertonfc.com/news/2026/august/21/everton-team-news-for-2026-27-premier-league-opener/,510,197,510,205,469,174,516,201,0.0,0.0,0.0,0.0,0.0,0.0,372,223,533,210,533,210,485,193,0.0,0.0,0.0
260,True,True,,,242898,0,0,-1,1,-27.1,-5,"[{'offset': 0, 'projected_percent': '-30.6', 'likelihood': -2}, {'offset': 1, 'projected_percent': '-36.3', 'likelihood': -2}, {'offset': 2, 'projected_percent': '-42.0', 'likelihood': -3}]",,False,0,3,1.0,1.0,1,Brennan,1.0,209,False,,,59,242898.jpg,1.0,False,Johnson,0.1,False,,a,9,11,3,2133,615,7102,1045,0.2,0.5,Johnson,,244.0,2026-08-11,2001-05-23,False,p242898,99,0,0,0,1,0,0,0,1,0,0,0,7,11.8,23.2,9.0,4.4,5,5,2,12,1,0.05,0.04,0.09,2.24,,,,,,,[],,257,106,151,89,202,101,240,104,0.05,0.0,0.04,0.09,2.04,0.91,96,61,279,127,356,164,397,149,0.91,0.0,10.91
261,True,True,,,111234,0,0,0,0,5.3,-23,"[{'offset': 0, 'projected_percent': '5.2', 'likelihood': 1}, {'offset': 1, 'projected_percent': '4.9', 'likelihood': 1}, {'offset': 2, 'projected_percent': '4.5', 'likelihood': 1}]",,False,0,1,3.7,3.7,1,Jordan,3.7,226,False,,,55,111234.jpg,3.7,False,Pickford,8.6,False,,a,9,11,11,149472,29455,141761,31647,0.7,2.0,Pickford,,241.0,2017-07-01,1994-03-07,False,p111234,270,0,0,1,3,0,0,0,0,0,9,0,62,72.6,0.0,0.0,7.3,4,35,0,0,3,0.00,0.02,0.02,4.81,,,,,,,[],,48,8,615,68,604,68,176,9,0.0,3.0,0.01,0.01,1.6,1.0,124,2,88,6,96,6,49,7,1.0,0.33,0.0
262,True,True,,,229600,0,0,0,0,-53.5,0,"[{'offset': 0, 'projected_percent': '-53.5', 'likelihood': -3}, {'offset': 1, 'projected_percent': '-53.5', 'likelihood': -3}, {'offset': 2, 'projected_percent': '-53.5', 'likelihood': -3}]",,False,0,1,0.0,0.0,0,Mark,0.0,227,False,,,50,229600.jpg,0.0,False,Travers,0.0,False,,a,9,11,0,761,189,1169,208,0.0,0.0,Travers,,104.0,2025-07-15,1999-05-18,False,p229600,0,0,0,0,0,0,0,0,0,0,0,0,0,0.0,0.0,0.0,0.0,0,0,0,0,0,0.00,0.00,0.00,0.00,,,,,,,[],,550,70,552,61,527,61,557,70,0.0,0.0,0.0,0.0,0.0,0.0,280,10,566,70,566,70,527,58,0.0,0.0,0.0
263,True,True,,,138001,0,0,0,0,-31.0,0,"[{'offset': 0, 'projected_percent': '-31.0', 'likelihood': -2}, {'offset': 1, 'projected_percent': '-31.0', 'likelihood': -2}, {'offset': 2, 'projected_percent': '-31.0', 'likelihood': -2}]",,False,0,1,0.0,0.0,0,Tom,0.0,228,False,,,45,138001.jpg,0.0,False,King,0.0,False,,a,9,11,0,695,149,1098,205,0.0,0.0,King,,244.0,2025-08-15,1995-03-09,False,p138001,0,0,0,0,0,0,0,0,0,0,0,0,0,0.0,0.0,0.0,0.0,0,0,0,0,0,0.00,0.00,0.00,0.00,,,,,,,[],,429,53,426,36,375,33,435,53,0.0,0.0,0.0,0.0,0.0,0.0,440,32,454,53,454,53,506,56,0.0,0.0,0.0
264,True,True,,,17761,0,0,0,0,70.2,164,"[{'offset': 0, 'projected_percent': '71.5', 'likelihood': 3}, {'offset': 1, 'projected_percent': '73.6', 'likelihood': 3}, {'offset': 2, 'projected_percent': '75.8', 'likelihood': 3}]",,False,1,2,7.0,7.0,3,James,7.0,229,False,,,60,17761.jpg,7.0,False,Tarkowski,11.2,False,,a,9,11,21,332151,77777,163106,40483,1.2,3.5,Tarkowski,,241.0,2022-07-01,1992-11-19,False,p17761,270,1,0,1,3,0,0,0,0,0,0,2,63,94.4,13.1,29.0,13.6,26,10,5,31,3,0.17,0.02,0.19,4.81,,,,,,,[],,21,5,203,68,99,24,74,18,0.06,0.0,0.01,0.07,1.6,1.0,59,5,20,10,21,10,39,14,1.0,0.33,10.33
265,True,True,,,480455,0,0,0,0,6.1,28,"[{'offset': 0, 'projected_percent': '6.3', 'likelihood': 1}, {'offset': 1, 'projected_percent': '6.7', 'likelihood': 1}, {'offset': 2, 'projected_percent': '7.1', 'likelihood': 1}]",,False,0,2,4.3,4.3,3,Jarrad,4.3,230,False,,,55,480455.jpg,4.3,False,Branthwaite,1.9,False,,a,9,11,13,49892,15288,38758,8455,0.8,2.4,Branthwaite,,241.0,2020-06-20,2002-06-27,False,p480455,270,0,0,1,3,0,0,0,0,0,0,0,43,82.8,2.9,73.0,15.8,27,9,4,31,3,0.17,0.02,0.19,4.81,,,,,,,[],,35,12,262,90,23,2,54,10,0.06,0.0,0.01,0.07,1.6,1.0,166,21,66,27,71,29,132,54,1.0,0.33,10.33
266,True,True,,,106611,0,0,-1,1,-55.4,-45,"[{'offset': 0, 'projected_percent': '-59.2', 'likelihood': -3}, {'offset': 1, 'projected_percent': '-65.7', 'likelihood': -3}, {'offset': 2, 'projected_percent': '-72.1', 'likelihood': -3}]",,False,0,2,0.0,0.0,0,Michael,0.0,231,False,,,49,106611.jpg,0.0,False,Keane,1.0,False,,a,9,11,0,6184,630,65760,7871,0.0,0.0,Keane,,241.0,2017-07-03,1993-01-11,False,p106611,0,0,0,0,0,0,0,0,0,0,0,0,0,0.0,0.0,0.0,0.0,0,0,0,0,0,0.00,0.00,0.00,0.00,,,,,,,[],,508,195,508,195,467,189,514,193,0.0,0.0,0.0,0.0,0.0,0.0,370,66,531,198,531,198,198,75,0.0,0.0,0.0
267,True,True,,,512462,0,0,-1,1,-38.8,-8,"[{'offset': 0, 'projected_percent': '-40.9', 'likelihood': -3}, {'offset': 1, 'projected_percent': '-44.3', 'likelihood': -3}, {'offset': 2, 'projected_percent': '-47.7', 'likelihood': -3}]",,False,0,2,0.0,0.0,0,Jake,0.0,232,False,,,49,512462.jpg,0.0,False,O'Brien,0.3,False,,a,9,11,0,2671,339,18229,2060,0.0,0.0,O'Brien,,104.0,2024-07-30,2001-05-15,False,p512462,0,0,0,0,0,0,0,0,0,0,0,0,0,0.0,0.0,0.0,0.0,0,0,0,0,0,0.00,0.00,0.00,0.00,,,,,,,[],,526,198,527,198,489,193,534,197,0.0,0.0,0.0,0.0,0.0,0.0,405,76,547,200,547,200,290,104,0.0,0.0,0.0
268,True,True,,,224967,0,0,0,0,10.9,16,"[{'offset': 0, 'projected_percent': '11.1', 'likelihood': 1}, {'offset': 1, 'projected_percent': '11.3', 'likelihood': 1}, {'offset': 2, 'projected_percent': '11.5', 'likelihood': 1}]",,False,0,2,3.7,3.7,1,Vitalii,3.7,233,False,,,45,224967.jpg,3.7,False,Mykolenko,1.9,False,,a,9,11,11,88981,27077,49649,14323,0.8,2.4,Mykolenko,,225.0,2022-01-01,1999-05-29,False,p224967,270,0,0,1,3,0,0,0,0,0,0,0,42,62.4,17.3,2.0,8.2,18,15,4,22,3,0.00,0.07,0.07,4.81,,,,,,,[],,68,33,178,56,268,101,157,62,0.0,0.0,0.02,0.02,1.6,1.0,467,106,82,34,90,37,128,52,1.0,0.33,7.33
269,True,False,0.0,0.0,243571,0,0,0,0,0.0,-3,"[{'offset': 0, 'projected_percent': '0.0', 'likelihood': 0}, {'offset': 1, 'projected_percent': '0.0', 'likelihood': 0}, {'offset': 2, 'projected_percent': '0.0', 'likelihood': 0}]",,False,0,2,0.0,0.0,0,Nathan,0.0,234,False,Has joined Torino permanently,2026-09-02T16:05:23.326971Z,45,243571.jpg,0.0,False,Patterson,0.0,False,,u,9,11,0,371,0,1701,453,0.0,0.0,Patterson,,243.0,2022-01-04,2001-10-16,False,p243571,0,0,0,0,0,0,0,0,0,0,0,0,0,0.0,0.0,0.0,0.0,0,0,0,0,0,0.00,0.00,0.00,0.00,,,,,,,[],,444,176,442,176,392,164,450,174,0.0,0.0,0.0,0.0,0.0,0.0,479,114,468,179,468,179,564,192,0.0,0.0,0.0
270,True,False,0.0,0.0,499300,0,0,0,0,0.0,-11,"[{'offset': 0, 'projected_percent': '0.0', 'likelihood': 0}, {'offset': 1, 'projected_percent': '0.0', 'likelihood': 0}, {'offset': 2, 'projected_percent': '0.0', 'likelihood': 0}]",,False,0,2,0.0,0.0,0,Adam,0.0,235,False,Has joined Malaga on loan for the rest of the season,2026-09-01T13:23:16.934847Z,40,499300.jpg,0.0,False,Aznou,0.1,False,,u,9,11,0,1728,0,7669,1800,0.0,0.0,Aznou,,145.0,2025-07-29,2006-06-02,False,p499300,0,0,0,0,0,0,0,0,0,0,0,0,0,0.0,0.0,0.0,0.0,0,0,0,0,0,0.00,0.00,0.00,0.00,,,,,,,[],,396,146,391,146,333,128,402,144,0.0,0.0,0.0,0.0,0.0,0.0,627,189,421,150,421,150,394,145,0.0,0.0,0.0
271,True,True,,,215413,0,0,0,0,36.8,20,"[{'offset': 0, 'projected_percent': '37.0', 'likelihood': 2}, {'offset': 1, 'projected_percent': '37.2', 'likelihood': 2}, {'offset': 2, 'projected_percent': '37.5', 'likelihood': 2}]",,False,0,3,5.0,5.0,2,Kiernan,5.0,236,False,,,65,215413.jpg,5.0,False,Dewsbury-Hall,4.4,False,,a,9,11,15,247779,54271,159093,39209,0.8,2.3,Dewsbury-Hall,,241.0,2025-08-06,1998-09-06,False,p215413,270,1,0,1,3,0,0,0,0,0,0,3,84,86.2,110.6,69.0,26.6,3,17,9,29,3,0.45,0.40,0.85,4.77,2.0,,,,,,[],,32,15,6,6,30,17,13,10,0.15,0.0,0.13,0.28,1.59,1.0,35,23,52,25,57,26,80,27,1.0,0.33,9.67
272,True,True,100.0,100.0,114283,0,0,0,0,3.3,27,"[{'offset': 0, 'projected_percent': '3.5', 'likelihood': 1}, {'offset': 1, 'projected_percent': '3.9', 'likelihood': 1}, {'offset': 2, 'projected_percent': '4.3', 'likelihood': 1}]",,False,0,3,0.7,0.7,1,Jack,0.7,238,False,,2026-07-29T10:00:10.492904Z,65,114283.jpg,1.0,False,Grealish,0.3,False,,a,9,11,2,19217,8494,10898,2963,0.1,0.3,Grealish,,241.0,2026-09-01,1995-09-10,False,p114283,32,0,0,0,1,0,0,0,0,0,0,0,10,7.0,12.9,10.0,3.0,0,0,2,2,0,0.02,0.13,0.15,0.31,,,,,,,"[{'property': 'loan_ineligible', 'notes': 'This player will not be available to face their parent club in Gameweek 18 as part of their loan conditions.', 'gameweek': 18, 'url': None}, {'property': 'loan_ineligible', 'notes': 'This player will not be available to face their parent club in Gameweek 28 as part of their loan conditions.', 'gameweek': 28, 'url': None}]",,286,123,206,113,196,96,265,116,0.06,0.0,0.37,0.43,0.87,2.81,34,22,332,154,367,172,285,95,0.0,0.0,5.62
273,True,True,75.0,100.0,232928,0,0,0,0,-22.0,-6,"[{'offset': 0, 'projected_percent': '-24.0', 'likelihood': -2}, {'offset': 1, 'projected_percent': '-27.4', 'likelihood': -2}, {'offset': 2, 'projected_percent': '-30.7', 'likelihood': -2}]",,False,0,3,1.0,1.3,2,James,1.3,239,False,Unspecified injury - 75% chance of playing,2026-09-06T18:00:08.301702Z,60,232928.jpg,1.3,False,Garner,0.1,False,,d,9,11,4,6128,1607,7091,2118,0.2,0.7,Garner,,241.0,2022-09-01,2001-03-13,False,p232928,148,0,0,0,2,0,0,0,1,0,0,0,34,17.8,44.0,2.0,6.5,2,12,5,19,2,0.00,0.11,0.11,1.32,1.0,,1.0,,2.0,,[],,230,93,76,54,288,139,200,91,0.0,0.0,0.07,0.07,0.8,1.22,67,46,235,106,258,116,390,144,1.22,0.0,11.55
274,True,True,,,550615,0,0,0,0,4.1,123,"[{'offset': 0, 'projected_percent': '5.1', 'likelihood': 1}, {'offset': 1, 'projected_percent': '6.7', 'likelihood': 1}, {'offset': 2, 'projected_percent': '8.3', 'likelihood': 1}]",,False,0,3,5.0,5.0,10,Tyrique,5.0,242,False,,,55,550615.jpg,5.0,False,George,0.4,False,,a,9,11,15,22382,18349,10873,3591,0.9,2.7,George,,241.0,2026-07-06,2006-02-04,False,p550615,234,1,0,1,3,0,0,0,0,0,0,3,60,57.2,70.0,66.0,19.3,4,8,1,13,3,0.27,0.16,0.43,2.94,,,,,,,[],,90,31,35,30,36,21,31,24,0.1,0.0,0.06,0.16,1.13,1.15,179,112,49,23,54,24,270,90,1.15,0.38,5.0
275,True,True,,,502697,0,0,0,0,-86.8,-4,"[{'offset': 0, 'projected_percent': '-90.8', 'likelihood': -3}, {'offset': 1, 'projected_percent': '-97.6', 'likelihood': -4}, {'offset': 2, 'projected_percent': '-104.4', 'likelihood': -5}]",,False,0,3,0.3,0.3,0,Carlos,0.3,243,False,,,50,502697.jpg,0.5,False,Alcaraz Durán,0.1,False,,a,9,11,1,1885,317,3697,620,0.1,0.2,Alcaraz,,10.0,2025-07-01,2002-11-30,False,p502697,5,0,0,0,0,0,0,0,1,0,0,0,5,5.0,0.8,25.0,2.7,0,2,1,3,0,0.05,0.02,0.07,0.04,,,,,,,[],,306,135,312,155,110,56,273,118,0.9,0.0,0.36,1.26,0.72,0.0,326,195,364,168,383,181,455,179,0.0,0.0,54.0
276,True,True,,,609873,0,0,0,0,10.0,11,"[{'offset': 0, 'projected_percent': '10.1', 'likelihood': 1}, {'offset': 1, 'projected_percent': '10.2', 'likelihood': 1}, {'offset': 2, 'projected_percent': '10.4', 'likelihood': 1}]",,False,0,3,3.7,3.7,1,Harrison,3.7,244,False,,,50,609873.jpg,3.7,False,Armstrong,0.4,False,,a,9,11,11,40786,6632,15855,4210,0.7,2.2,Armstrong,,241.0,2024-08-09,2007-01-19,False,p609873,266,0,1,1,3,0,0,0,1,0,0,0,42,45.2,33.7,13.0,9.3,9,15,6,30,3,0.09,0.10,0.19,4.81,,,,,,,[],,132,49,116,73,170,83,139,68,0.03,0.0,0.03,0.06,1.63,1.02,355,217,87,40,95,42,263,88,1.02,0.34,10.15
277,True,True,,,496661,0,0,-1,1,-28.0,0,"[{'offset': 0, 'projected_percent': '-28.0', 'likelihood': -2}, {'offset': 1, 'projected_percent': '-28.0', 'likelihood': -2}, {'offset': 2, 'projected_percent': '-28.0', 'likelihood': -2}]",,False,0,3,0.0,0.0,0,Tyler,0.0,245,False,,,54,496661.jpg,0.0,False,Dibling,0.0,False,,a,9,11,0,689,132,1858,239,0.0,0.0,Dibling,,241.0,2025-08-25,2006-02-17,False,p496661,0,0,0,0,0,0,0,0,0,0,0,0,0,0.0,0.0,0.0,0.0,0,0,0,0,0,0.00,0.00,0.00,0.00,,,,,,,[],,605,259,610,263,596,254,611,261,0.0,0.0,0.0,0.0,0.0,0.0,221,139,617,264,617,264,539,221,0.0,0.0,0.0
278,True,True,,,513466,0,0,0,0,-55.1,-2,"[{'offset': 0, 'projected_percent': '-58.9', 'likelihood': -3}, {'offset': 1, 'projected_percent': '-65.2', 'likelihood': -3}, {'offset': 2, 'projected_percent': '-71.5', 'likelihood': -3}]",,False,0,3,2.0,2.0,1,Merlin,2.0,246,False,,,50,513466.jpg,2.0,False,Röhl,0.1,False,,a,9,11,6,1409,311,2269,466,0.4,1.2,Röhl,,80.0,2026-06-15,2002-07-05,False,p513466,249,0,0,1,2,0,0,0,1,0,0,0,35,26.6,32.1,2.0,6.1,6,13,5,24,3,0.00,0.20,0.20,4.52,,,,,,,[],,198,78,119,74,274,129,208,95,0.0,0.0,0.07,0.07,1.63,0.72,329,196,184,83,206,89,497,200,1.08,0.36,8.67
279,True,True,100.0,100.0,244860,0,0,0,0,-46.6,-4,"[{'offset': 0, 'projected_percent': '-48.2', 'likelihood': -3}, {'offset': 1, 'projected_percent': '-50.8', 'likelihood': -3}, {'offset': 2, 'projected_percent': '-53.5', 'likelihood': -3}]",,False,0,3,2.7,2.7,4,Hayden,2.7,247,False,,2026-08-26T22:00:07.797766Z,55,244860.jpg,2.7,False,Hackney,0.2,False,,a,9,11,8,2149,806,7837,921,0.5,1.5,Hackney,,241.0,2026-07-02,2002-06-26,False,p244860,121,0,1,1,1,0,0,0,0,0,0,0,33,37.0,39.1,17.0,9.3,3,5,3,11,1,0.05,0.11,0.16,3.49,3.0,,,,,,[],,158,58,95,64,138,70,140,69,0.04,0.0,0.08,0.12,2.6,0.74,145,88,134,56,151,62,338,122,0.74,0.74,8.18
280,True,False,0.0,0.0,486385,0,0,-1,1,0.0,-141,"[{'offset': 0, 'projected_percent': '0.0', 'likelihood': 0}, {'offset': 1, 'projected_percent': '0.0', 'likelihood': 0}, {'offset': 2, 'projected_percent': '0.0', 'likelihood': 0}]",,False,0,4,0.0,0.0,0,Norberto Bercique,0.7,248,False,Has joined Fiorentina permanently,2026-09-02T16:05:23.357221Z,54,486385.jpg,1.0,False,Gomes Betuncal,1.2,False,,u,9,11,2,16222,0,161121,36179,0.1,0.4,Beto,Beto,90.0,2023-08-29,1998-01-31,False,p486385,31,0,0,0,0,0,0,0,0,0,0,0,5,3.0,0.3,5.0,0.8,1,0,0,1,0,0.09,0.00,0.09,1.92,,,,,,,[],,332,36,341,42,234,37,332,37,0.26,0.0,0.0,0.26,5.57,0.0,219,50,319,37,336,37,175,26,0.0,0.0,2.9
281,True,True,,,586309,1,-1,1,-1,4.6,267,"[{'offset': 0, 'projected_percent': '5.4', 'likelihood': 1}, {'offset': 1, 'projected_percent': '6.7', 'likelihood': 1}, {'offset': 2, 'projected_percent': '8.0', 'likelihood': 1}]",,False,0,4,4.0,4.0,2,Thierno,4.0,249,False,,,56,586309.jpg,4.0,False,Barry,5.4,False,,a,9,11,12,458214,112040,158555,44784,0.7,2.1,Barry,,73.0,2025-07-09,2002-10-21,False,p586309,237,1,0,1,3,0,0,0,0,0,0,2,50,48.2,45.7,123.0,21.7,2,7,1,10,3,2.31,0.11,2.42,2.89,,,,,1.0,,[],,121,8,74,5,4,3,22,5,0.88,0.0,0.04,0.92,1.1,1.14,120,30,81,8,87,9,67,10,1.14,0.38,3.8
282,True,True,,,154043,0,0,0,0,0.0,0,"[{'offset': 0, 'projected_percent': '0.0', 'likelihood': 0}, {'offset': 1, 'projected_percent': '0.0', 'likelihood': 0}, {'offset': 2, 'projected_percent': '0.0', 'likelihood': 0}]",2026-09-15T14:58:58.621199Z,False,0,2,1.8,1.8,7,Ainsley,7.0,649,False,,,45,154043.jpg,7.0,False,Maitland-Niles,0.1,False,,a,9,11,7,7047,6488,1048,920,1.6,1.6,Maitland-Niles,,241.0,2026-09-01,1997-08-29,False,p154043,13,1,0,0,1,0,0,0,0,0,0,0,13,33.4,0.8,7.0,4.1,0,0,0,0,0,0.03,0.00,0.03,0.29,,,,,,,[],,174,77,311,118,208,71,241,92,0.21,0.0,0.0,0.21,2.01,6.92,443,87,16,7,17,7,410,150,0.0,0.0,0.0
283,True,True,,,629068,0,0,0,0,0.0,0,"[{'offset': 0, 'projected_percent': '0.0', 'likelihood': 0}, {'offset': 1, 'projected_percent': '0.0', 'likelihood': 0}, {'offset': 2, 'projected_percent': '0.0', 'likelihood': 0}]",2026-09-19T17:46:58.377521Z,False,0,3,1.0,1.0,0,Braiden,0.0,654,False,,,45,629068.jpg,0.0,False,Graham,0.1,False,,a,9,11,0,3643,3643,588,588,0.0,0.0,Graham,,242.0,2025-12-29,2007-11-07,False,p629068,0,0,0,0,0,0,0,0,0,0,0,0,0,0.0,0.0,0.0,0.0,0,0,0,0,0,0.00,0.00,0.00,0.00,,,,,,,[],,497,191,496,199,455,168,503,195,0.0,0.0,0.0,0.0,0.0,0.0,558,286,520,204,520,204,483,192,0.0,0.0,0.0
284,True,True,,,80201,0,0,0,0,4.2,-39,"[{'offset': 0, 'projected_percent': '3.9', 'likelihood': 1}, {'offset': 1, 'projected_percent': '3.4', 'likelihood': 1}, {'offset': 2, 'projected_percent': '2.9', 'likelihood': 1}]",,False,0,1,2.0,2.0,1,Bernd,2.0,250,False,,,45,80201.jpg,2.0,False,Leno,3.0,False,,a,10,54,6,63612,9878,52964,14358,0.4,1.3,Leno,,80.0,2022-08-02,1992-03-04,False,p80201,270,0,0,0,7,0,0,0,0,0,8,0,30,67.6,0.0,0.0,6.8,3,25,0,0,3,0.00,0.00,0.00,6.23,,,,,,,[],,60,10,418,29,365,26,186,10,0.0,2.67,0.0,0.0,2.08,2.33,427,25,170,14,187,15,104,18,1.0,0.0,0.0
285,True,True,,,86873,0,0,0,0,-12.1,-8,"[{'offset': 0, 'projected_percent': '-12.6', 'likelihood': -1}, {'offset': 1, 'projected_percent': '-13.6', 'likelihood': -1}, {'offset': 2, 'projected_percent': '-14.5', 'likelihood': -1}]",,False,0,1,0.0,0.0,0,Benjamin,0.0,251,False,,,40,86873.jpg,0.0,False,Lecomte,1.2,False,,a,10,54,0,14932,3990,14813,2834,0.0,0.0,Lecomte,,73.0,2025-07-26,1991-04-26,False,p86873,0,0,0,0,0,0,0,0,0,0,0,0,0,0.0,0.0,0.0,0.0,0,0,0,0,0,0.00,0.00,0.00,0.00,,,,,,,[],,369,29,362,10,302,7,374,29,0.0,0.0,0.0,0.0,0.0,0.0,585,55,394,29,394,29,173,26,0.0,0.0,0.0
286,True,False,0.0,0.0,505079,0,0,0,0,0.0,-21,"[{'offset': 0, 'projected_percent': '0.0', 'likelihood': 0}, {'offset': 1, 'projected_percent': '0.0', 'likelihood': 0}, {'offset': 2, 'projected_percent': '0.0', 'likelihood': 0}]",,False,0,1,0.0,0.0,0,Alfie,0.0,252,False,Has joined York City on loan for the rest of the season,2026-09-01T13:25:11.231240Z,40,505079.jpg,0.0,False,McNally,0.1,False,,u,10,54,0,2589,0,4209,1000,0.0,0.0,McNally,,,,,False,p505079,0,0,0,0,0,0,0,0,0,0,0,0,0,0.0,0.0,0.0,0.0,0,0,0,0,0,0.00,0.00,0.00,0.00,,,,,,,[],,399,44,394,25,336,22,405,44,0.0,0.0,0.0,0.0,0.0,0.0,630,70,424,44,424,44,380,43,0.0,0.0,0.0
287,True,True,100.0,100.0,174874,0,0,0,0,0.8,4,"[{'offset': 0, 'projected_percent': '0.8', 'likelihood': 1}, {'offset': 1, 'projected_percent': '0.8', 'likelihood': 1}, {'offset': 2, 'projected_percent': '0.9', 'likelihood': 1}]",,False,0,2,0.7,0.7,1,Joachim,0.7,253,False,,2026-07-23T12:01:23.516350Z,50,174874.jpg,1.0,False,Andersen,0.1,False,,a,10,54,2,9177,1021,4011,1243,0.1,0.4,Andersen,,58.0,2024-08-23,1996-05-31,False,p174874,180,0,0,0,4,0,0,0,1,0,0,0,12,42.2,35.8,8.0,8.6,13,9,2,15,2,0.00,0.10,0.10,3.99,,,,,,,[],,140,63,106,30,204,69,150,59,0.0,0.0,0.05,0.05,2.0,2.0,257,39,308,114,313,123,381,142,1.0,0.0,7.5
288,True,True,,,169528,0,0,0,0,-4.8,-47,"[{'offset': 0, 'projected_percent': '-7.4', 'likelihood': -1}, {'offset': 1, 'projected_percent': '-11.8', 'likelihood': -1}, {'offset': 2, 'projected_percent': '-16.1', 'likelihood': -1}]",,False,0,2,1.3,1.3,1,Antonee,1.3,254,False,,,45,169528.jpg,1.3,False,Robinson,1.5,False,,a,10,54,4,28654,2467,38328,11717,0.3,0.9,Robinson,Antonee Robinson,229.0,2020-08-20,1997-08-08,False,p169528,249,0,0,0,7,0,0,0,0,0,0,0,21,46.0,54.6,12.0,11.2,7,12,8,15,3,0.21,0.16,0.37,6.20,,,,,2.0,,[],,129,59,50,8,174,59,103,34,0.08,0.0,0.06,0.14,2.24,2.53,447,91,217,79,250,89,147,62,1.08,0.0,5.42
289,True,True,,,246301,0,0,0,0,0.1,-2,"[{'offset': 0, 'projected_percent': '0.1', 'likelihood': 1}, {'offset': 1, 'projected_percent': '0.0', 'likelihood': 0}, {'offset': 2, 'projected_percent': '0.0', 'likelihood': 0}]",,False,0,2,1.0,1.0,0,Jorge,1.0,255,False,,,45,246301.jpg,3.0,False,Cuenca Barreno,0.0,False,,a,10,54,3,1335,48,1216,268,0.2,0.7,J.Cuenca,,200.0,2024-08-03,1999-11-17,False,p246301,90,0,0,0,3,0,0,0,0,0,0,0,7,32.8,21.3,0.0,5.4,9,3,1,10,1,0.00,0.03,0.03,2.24,,,,,,,[],,179,79,162,52,395,167,218,82,0.0,0.0,0.03,0.03,2.24,3.0,483,118,251,94,121,48,535,185,1.0,0.0,10.0
290,True,True,,,167074,0,0,0,0,-98.8,-8,"[{'offset': 0, 'projected_percent': '-101.8', 'likelihood': -5}, {'offset': 1, 'projected_percent': '-106.9', 'likelihood': -5}, {'offset': 2, 'projected_percent': '-112.0', 'likelihood': -5}]",,False,0,2,0.0,0.0,0,Kenny,0.0,256,False,,,45,167074.jpg,0.0,False,Tete,0.2,False,,a,10,54,0,853,85,6199,1122,0.0,0.0,Tete,,152.0,2020-09-10,1995-10-09,False,p167074,0,0,0,0,0,0,0,0,0,0,0,0,0,0.0,0.0,0.0,0.0,0,0,0,0,0,0.00,0.00,0.00,0.00,,,,,,,[],,431,170,428,170,377,157,437,168,0.0,0.0,0.0,0.0,0.0,0.0,446,90,456,174,456,174,330,121,0.0,0.0,0.0
291,True,True,,,232892,0,0,0,0,0.5,-28,"[{'offset': 0, 'projected_percent': '0.3', 'likelihood': 1}, {'offset': 1, 'projected_percent': '-1.7', 'likelihood': -1}, {'offset': 2, 'projected_percent': '-7.0', 'likelihood': -1}]",,False,0,2,1.0,1.0,1,Calvin,1.0,257,False,,,45,232892.jpg,1.0,False,Bassey,0.7,False,,a,10,54,3,16146,1084,18369,4352,0.2,0.7,Bassey,,157.0,2023-07-28,1999-12-31,False,p232892,270,0,0,0,7,0,0,0,1,0,0,0,16,47.0,12.8,2.0,6.2,10,12,3,13,3,0.02,0.07,0.09,6.23,,,,,,,[],,125,58,207,70,269,102,205,79,0.01,0.0,0.02,0.03,2.08,2.33,474,111,250,93,283,110,224,85,1.0,0.0,4.33
292,True,True,,,166477,0,0,0,0,12.1,-36,"[{'offset': 0, 'projected_percent': '11.8', 'likelihood': 1}, {'offset': 1, 'projected_percent': '11.4', 'likelihood': 1}, {'offset': 2, 'projected_percent': '10.9', 'likelihood': 1}]",,False,0,2,4.3,4.3,1,Timothy,4.3,258,False,,,45,166477.jpg,4.3,False,Castagne,0.9,False,,a,10,54,13,59714,3404,20249,6795,1.0,2.9,Castagne,,21.0,2023-08-29,1995-12-05,False,p166477,247,0,2,1,6,0,0,0,1,0,0,0,38,58.6,52.6,53.0,16.4,11,11,4,15,3,0.67,0.37,1.04,4.47,,,,,,,[],,83,42,56,10,55,8,49,8,0.24,0.0,0.13,0.37,1.63,2.19,445,89,59,23,65,26,204,79,1.09,0.36,5.47
293,True,True,,,153133,0,0,0,0,-84.0,-46,"[{'offset': 0, 'projected_percent': '-88.7', 'likelihood': -3}, {'offset': 1, 'projected_percent': '-96.5', 'likelihood': -4}, {'offset': 2, 'projected_percent': '-104.3', 'likelihood': -5}]",,False,0,3,2.0,2.0,2,Alex,2.0,261,False,,,55,153133.jpg,2.0,False,Iwobi,0.8,False,,a,10,54,6,14703,1254,33442,7175,0.4,1.1,Iwobi,,157.0,2023-09-01,1996-05-03,False,p153133,262,0,0,0,7,0,0,0,0,0,0,0,52,32.0,70.5,13.0,11.6,4,11,3,18,3,0.05,0.70,0.75,6.23,1.0,,1.0,,3.0,,[],,183,69,34,29,171,84,97,54,0.02,0.0,0.24,0.26,2.14,2.4,126,80,190,87,214,95,214,68,1.03,0.0,6.18
294,True,True,,,209289,-1,1,-1,1,-16.6,-16,"[{'offset': 0, 'projected_percent': '-19.3', 'likelihood': -1}, {'offset': 1, 'projected_percent': '-23.7', 'likelihood': -2}, {'offset': 2, 'projected_percent': '-28.1', 'likelihood': -2}]",,False,0,3,0.7,0.7,1,Emile,0.7,262,False,,,54,209289.jpg,1.0,False,Smith Rowe,0.3,False,,a,10,54,2,3308,469,13743,2469,0.1,0.4,Smith Rowe,,241.0,2024-08-02,2000-07-28,False,p209289,25,0,0,0,0,0,0,0,0,0,0,0,8,5.4,23.3,9.0,3.8,0,1,0,1,0,0.06,0.02,0.08,0.41,,,,,,,[],,300,131,150,88,201,100,249,107,0.22,0.0,0.07,0.29,1.48,0.0,197,123,315,144,330,148,300,105,0.0,0.0,3.6
295,True,True,,,560552,0,0,-1,1,-46.3,-5,"[{'offset': 0, 'projected_percent': '-56.1', 'likelihood': -3}, {'offset': 1, 'projected_percent': '-72.3', 'likelihood': -3}, {'offset': 2, 'projected_percent': '-88.6', 'likelihood': -3}]",,False,0,3,0.7,0.7,0,Kevin,0.7,263,False,,,54,560552.jpg,1.0,False,Santos Lopes de Macedo,0.0,False,,a,10,54,2,1110,138,2761,557,0.1,0.4,Kevin,Kevin,30.0,2025-09-01,2003-01-04,False,p560552,24,0,0,0,0,0,0,0,0,0,0,0,4,5.2,3.4,0.0,0.8,0,1,2,3,0,0.00,0.05,0.05,0.20,4.0,,,,,,[],,304,134,255,135,601,258,333,152,0.0,0.0,0.19,0.19,0.75,0.0,229,145,320,146,339,154,505,206,0.0,0.0,11.25
296,True,True,,,477555,0,0,0,0,0.1,-14,"[{'offset': 0, 'projected_percent': '-1.4', 'likelihood': -1}, {'offset': 1, 'projected_percent': '-7.3', 'likelihood': -1}, {'offset': 2, 'projected_percent': '-13.2', 'likelihood': -1}]",,False,0,3,2.3,2.3,2,Oscar,2.3,264,False,,,55,477555.jpg,2.3,False,Bobb,0.3,False,,a,10,54,7,10433,1278,11832,2840,0.4,1.3,Bobb,,161.0,2026-01-30,2003-07-12,False,p477555,211,0,0,1,6,0,0,0,0,0,0,0,35,28.0,85.0,65.0,17.8,2,8,5,15,3,0.32,0.92,1.24,4.44,2.0,,,,,,[],,195,75,22,19,38,23,35,26,0.14,0.0,0.39,0.53,1.89,2.56,165,101,163,71,180,77,294,101,1.28,0.43,6.4
297,True,True,,,207189,0,0,0,0,-75.5,-9,"[{'offset': 0, 'projected_percent': '-77.7', 'likelihood': -3}, {'offset': 1, 'projected_percent': '-81.5', 'likelihood': -3}, {'offset': 2, 'projected_percent': '-85.3', 'likelihood': -3}]",,False,0,3,1.7,1.7,1,Sander,1.7,265,False,,,50,207189.jpg,1.7,False,Berge,0.3,False,,a,10,54,5,3722,382,10848,2331,0.3,1.0,Berge,,161.0,2024-08-22,1998-02-14,False,p207189,183,0,0,0,5,0,0,0,0,0,0,0,37,22.8,53.9,9.0,8.6,1,6,1,8,2,0.03,0.33,0.36,4.90,,,,,,,[],,208,84,51,42,199,98,151,71,0.01,0.0,0.16,0.17,2.41,2.46,265,166,205,93,232,102,289,99,0.98,0.0,3.93
298,True,True,0.0,0.0,76357,0,0,0,0,-97.3,0,"[{'offset': 0, 'projected_percent': '-97.3', 'likelihood': -4}, {'offset': 1, 'projected_percent': '-97.3', 'likelihood': -4}, {'offset': 2, 'projected_percent': '-97.3', 'likelihood': -4}]",,False,0,3,0.0,0.0,0,Tom,0.0,266,False,Knee injury - Expected back 10 Oct,2026-08-14T18:00:06.460944Z,50,76357.jpg,0.0,False,Cairney,0.0,False,,i,10,54,0,49,13,220,23,0.0,0.0,Cairney,,243.0,2015-07-07,1991-01-20,False,p76357,0,0,0,0,0,0,0,0,0,0,0,0,0,0.0,0.0,0.0,0.0,0,0,0,0,0,0.00,0.00,0.00,0.00,,,,,,,[],https://www.fulhamfc.com/news/2026/august/21/team-news-joachim-andersen-tom-cairney-absent-for-chelsea/,534,216,535,224,502,200,542,221,0.0,0.0,0.0,0.0,0.0,0.0,239,150,553,226,553,226,637,278,0.0,0.0,0.0
299,True,True,,,577725,0,0,0,0,27.3,88,"[{'offset': 0, 'projected_percent': '28.0', 'likelihood': 2}, {'offset': 1, 'projected_percent': '29.2', 'likelihood': 2}, {'offset': 2, 'projected_percent': '30.3', 'likelihood': 2}]",,False,0,3,6.3,6.3,10,Josh,6.3,268,False,,,55,577725.jpg,6.3,False,King,1.0,False,,a,10,54,19,97754,39937,28938,11302,1.1,3.5,King,,241.0,2024-02-02,2007-01-03,False,p577725,270,2,0,0,7,0,0,0,0,0,0,3,80,96.8,46.1,96.0,23.9,4,10,5,19,3,0.95,0.34,1.29,6.23,,,,,,,[],,16,9,71,53,14,8,17,13,0.32,0.0,0.11,0.43,2.08,2.33,183,115,28,11,30,12,192,61,1.0,0.0,6.33
300,True,True,,,184349,0,0,0,0,-78.7,-14,"[{'offset': 0, 'projected_percent': '-82.0', 'likelihood': -3}, {'offset': 1, 'projected_percent': '-87.6', 'likelihood': -3}, {'offset': 2, 'projected_percent': '-93.1', 'likelihood': -3}]",,False,0,2,1.0,1.0,1,Ryan,1.0,269,False,,,45,184349.jpg,1.0,False,Sessegnon,0.3,False,,a,10,54,3,1988,142,9816,1959,0.2,0.7,Sessegnon,,241.0,2024-07-26,2000-05-18,False,p184349,50,0,0,0,1,0,0,0,0,0,0,0,13,17.2,26.3,31.0,7.5,2,3,1,3,0,0.13,0.44,0.57,1.80,3.0,,,,,,[],,233,97,139,44,94,21,168,67,0.23,0.0,0.79,1.02,3.24,1.8,452,94,247,90,278,105,283,103,0.0,0.0,5.4
301,True,True,,,153366,0,0,0,0,-65.6,-22,"[{'offset': 0, 'projected_percent': '-67.1', 'likelihood': -3}, {'offset': 1, 'projected_percent': '-69.6', 'likelihood': -3}, {'offset': 2, 'projected_percent': '-72.1', 'likelihood': -3}]",,False,0,3,0.0,0.0,0,Harrison,0.0,270,False,,,45,153366.jpg,0.0,False,Reed,1.2,False,,a,10,54,0,15705,2048,41031,7452,0.0,0.0,Reed,,241.0,2020-08-30,1995-01-27,False,p153366,0,0,0,0,0,0,0,0,0,0,0,0,0,0.0,0.0,0.0,0.0,0,0,0,0,0,0.00,0.00,0.00,0.00,,,,,,,[],,430,169,427,177,376,146,436,173,0.0,0.0,0.0,0.0,0.0,0.0,442,259,455,182,455,182,170,54,0.0,0.0,0.0
302,True,True,,,244042,-1,1,-1,1,-2.2,-17,"[{'offset': 0, 'projected_percent': '-4.0', 'likelihood': -1}, {'offset': 1, 'projected_percent': '-7.0', 'likelihood': -1}, {'offset': 2, 'projected_percent': '-10.0', 'likelihood': -1}]",,False,0,4,0.7,0.7,1,Rodrigo,0.7,271,False,,,54,244042.jpg,1.0,False,Muniz Carvalho,0.5,False,,a,10,54,2,8764,1543,21921,3703,0.1,0.4,Muniz,Rodrigo Muniz,30.0,2021-08-20,2001-05-04,False,p244042,15,0,0,0,0,0,0,0,0,0,0,0,11,9.2,21.6,34.0,6.5,1,0,0,1,0,0.40,0.00,0.40,0.03,,,,,,,[],,273,24,161,17,88,21,197,21,2.4,0.0,0.0,2.4,0.18,0.0,206,47,318,36,332,35,258,44,0.0,0.0,6.0
303,True,True,,,631786,0,0,0,0,-10.3,-59,"[{'offset': 0, 'projected_percent': '-11.1', 'likelihood': -1}, {'offset': 1, 'projected_percent': '-12.4', 'likelihood': -1}, {'offset': 2, 'projected_percent': '-13.6', 'likelihood': -1}]",,False,0,4,0.0,0.0,0,Jonah,0.0,272,False,,,45,631786.jpg,0.0,False,Kusi-Asare,6.4,False,,a,10,54,0,102878,18604,151425,35203,0.0,0.0,Kusi-Asare,,206.0,2026-06-27,2007-07-04,False,p631786,0,0,0,0,0,0,0,0,0,0,0,0,0,0.0,0.0,0.0,0.0,0,0,0,0,0,0.00,0.00,0.00,0.00,,,,,,,[],,499,51,498,56,457,53,505,55,0.0,0.0,0.0,0.0,0.0,0.0,560,77,522,58,522,58,63,9,0.0,0.0,0.0
304,True,True,,,551466,0,0,0,0,78.4,-159,"[{'offset': 0, 'projected_percent': '77.1', 'likelihood': 3}, {'offset': 1, 'projected_percent': '75.0', 'likelihood': 3}, {'offset': 2, 'projected_percent': '72.9', 'likelihood': 3}]",,False,0,4,3.3,3.3,2,Gonzalo,3.3,569,False,,,60,551466.jpg,3.3,False,García,4.3,False,,a,10,54,10,302308,21479,144298,47906,0.6,1.7,Gonzalo,,200.0,2026-08-03,2004-03-24,False,p551466,270,1,0,0,7,0,0,0,0,0,0,0,45,48.6,21.1,103.0,17.3,5,6,2,13,3,1.44,0.22,1.66,6.23,,,,,1.0,,[],,119,7,164,18,10,6,38,6,0.48,0.0,0.07,0.55,2.08,2.33,80,18,106,11,117,14,81,11,1.0,0.0,4.33
305,True,True,,,571779,0,0,0,0,-67.2,-4,"[{'offset': 0, 'projected_percent': '-69.0', 'likelihood': -3}, {'offset': 1, 'projected_percent': '-72.1', 'likelihood': -3}, {'offset': 2, 'projected_percent': '-75.1', 'likelihood': -3}]",,False,0,3,3.7,3.7,8,César,3.7,570,False,,,55,571779.jpg,3.7,False,Palacios,0.2,False,,a,10,54,11,2801,879,6016,876,0.7,2.0,Palacios,,200.0,2026-08-03,2004-11-11,False,p571779,207,1,0,0,6,0,0,0,1,0,0,1,43,39.6,22.3,62.0,12.4,3,8,2,13,3,0.98,0.03,1.01,4.97,,,,,,,[],,149,55,155,91,42,27,84,52,0.43,0.0,0.01,0.44,2.16,2.61,181,114,91,43,99,45,348,127,1.3,0.0,5.65
306,True,True,,,463210,0,0,0,0,-71.6,-2,"[{'offset': 0, 'projected_percent': '-73.4', 'likelihood': -3}, {'offset': 1, 'projected_percent': '-76.5', 'likelihood': -3}, {'offset': 2, 'projected_percent': '-79.6', 'likelihood': -3}]",,False,0,3,1.3,1.3,2,Shea,1.3,580,False,,,50,463210.jpg,1.3,False,Charles,0.1,False,,a,10,54,4,865,172,2444,392,0.3,0.8,Charles,,242.0,2026-08-11,2003-11-05,False,p463210,123,0,0,0,4,0,0,0,0,0,0,0,25,16.4,39.3,14.0,7.0,4,11,1,16,1,0.09,0.12,0.21,3.77,,,,,,,[],,237,96,93,63,159,78,182,85,0.07,0.0,0.09,0.16,2.76,2.93,299,181,227,101,255,114,465,184,0.73,0.0,11.71
307,True,True,75.0,75.0,547686,0,0,0,0,-4.1,-4,"[{'offset': 0, 'projected_percent': '-6.1', 'likelihood': -1}, {'offset': 1, 'projected_percent': '-9.4', 'likelihood': -1}, {'offset': 2, 'projected_percent': '-12.8', 'likelihood': -1}]",,False,0,2,0.0,0.0,0,Luc,0.0,610,False,Unspecified injury - 75% chance of playing,2026-08-28T11:30:08.336405Z,40,547686.jpg,0.0,False,De Fougerolles,0.1,False,,d,10,54,0,5599,327,2997,684,0.0,0.0,De Fougerolles,,39.0,2023-07-19,2005-10-12,False,p547686,0,0,0,0,0,0,0,0,0,0,0,0,0,0.0,0.0,0.0,0.0,0,0,0,0,0,0.00,0.00,0.00,0.00,,,,,,,[],,404,153,399,153,341,135,410,151,0.0,0.0,0.0,0.0,0.0,0.0,636,197,429,157,429,157,437,156,0.0,0.0,0.0
308,True,True,,,616069,0,0,0,0,0.0,0,"[{'offset': 0, 'projected_percent': '0.0', 'likelihood': 0}, {'offset': 1, 'projected_percent': '0.0', 'likelihood': 0}, {'offset': 2, 'projected_percent': '0.0', 'likelihood': 0}]",2026-09-12T18:34:14.871572Z,False,0,3,0.0,0.0,0,Macauley,0.0,626,False,,,45,616069.jpg,0.0,False,Zepa,0.3,False,,a,10,54,0,29965,7955,8550,3719,0.0,0.0,Zepa,,38.0,2026-07-06,2008-07-07,False,p616069,0,0,0,0,0,0,0,0,0,0,0,0,0,0.0,0.0,0.0,0.0,0,0,0,0,0,0.00,0.00,0.00,0.00,,,,,,,[],,495,190,494,198,452,167,501,194,0.0,0.0,0.0,0.0,0.0,0.0,554,284,518,203,518,203,284,94,0.0,0.0,0.0
309,True,True,,,551050,0,0,0,0,0.0,0,"[{'offset': 0, 'projected_percent': '0.0', 'likelihood': 0}, {'offset': 1, 'projected_percent': '0.0', 'likelihood': 0}, {'offset': 2, 'projected_percent': '0.0', 'likelihood': 0}]",2026-09-15T14:51:32.633238Z,False,0,3,1.5,1.5,1,Hugo,1.0,635,False,,,50,551050.jpg,1.0,False,Larsson,0.0,False,,a,10,54,1,436,148,64,37,0.2,0.2,Larsson,,206.0,2026-09-01,2004-06-27,False,p551050,11,0,0,0,0,0,0,0,0,0,0,0,3,3.6,1.3,9.0,1.4,0,0,1,1,0,0.13,0.22,0.35,0.00,,,,,,,[],,321,145,300,150,200,99,311,139,1.06,0.0,1.8,2.86,0.0,0.0,346,211,263,116,323,142,629,273,0.0,0.0,8.18
310,True,True,,,500033,0,0,0,0,0.0,0,"[{'offset': 0, 'projected_percent': '0.0', 'likelihood': 0}, {'offset': 1, 'projected_percent': '0.0', 'likelihood': 0}, {'offset': 2, 'projected_percent': '0.0', 'likelihood': 0}]",2026-09-15T14:52:11.735112Z,False,0,3,1.5,1.5,0,Manuel Ángel,0.0,636,False,,,50,500033.jpg,0.0,False,Morán Ibáñez,0.0,False,,a,10,54,0,203,83,44,30,0.0,0.0,Ángel,Manuel Ángel,200.0,2026-09-01,2004-03-15,False,p500033,0,0,0,0,0,0,0,0,0,0,0,0,0,0.0,0.0,0.0,0.0,0,0,0,0,0,0.00,0.00,0.00,0.00,,,,,,,[],,572,238,579,244,557,227,579,241,0.0,0.0,0.0,0.0,0.0,0.0,324,193,587,245,587,245,642,282,0.0,0.0,0.0
311,True,True,,,442299,0,0,0,0,0.0,0,"[{'offset': 0, 'projected_percent': '0.0', 'likelihood': 0}, {'offset': 1, 'projected_percent': '0.0', 'likelihood': 0}, {'offset': 2, 'projected_percent': '0.0', 'likelihood': 0}]",2026-09-15T14:59:23.081884Z,False,0,2,1.8,1.8,0,David,0.0,650,False,,,45,442299.jpg,0.0,False,Affengruber,0.0,False,,a,10,54,0,359,155,74,47,0.0,0.0,Affengruber,,14.0,2026-09-01,2001-03-19,False,p442299,0,0,0,0,0,0,0,0,0,0,0,0,0,0.0,0.0,0.0,0.0,0,0,0,0,0,0.00,0.00,0.00,0.00,,,,,,,[],,449,180,447,180,399,170,455,178,0.0,0.0,0.0,0.0,0.0,0.0,489,123,473,183,473,183,632,210,0.0,0.0,0.0
312,True,True,100.0,100.0,490094,0,0,0,0,0.0,2,"[{'offset': 0, 'projected_percent': '0.0', 'likelihood': 0}, {'offset': 1, 'projected_percent': '0.1', 'likelihood': 1}, {'offset': 2, 'projected_percent': '0.1', 'likelihood': 1}]",,False,0,3,0.3,0.3,0,Tim,0.3,240,False,,2026-08-15T20:00:06.878792Z,50,490094.jpg,1.0,False,Iroegbunam,0.0,False,,a,11,88,1,533,203,637,102,0.1,0.2,Iroegbunam,,241.0,2026-09-01,2003-06-30,False,p490094,4,0,0,0,0,0,0,0,0,0,0,0,2,0.0,0.0,0.0,0.0,0,0,0,0,0,0.00,0.00,0.00,0.00,,,,,,,[],,565,234,571,240,549,223,572,237,0.0,0.0,0.0,0.0,0.0,0.0,313,187,363,167,318,138,584,244,0.0,0.0,0.0
313,True,True,,,167825,0,0,0,0,-15.1,-4,"[{'offset': 0, 'projected_percent': '-15.2', 'likelihood': -1}, {'offset': 1, 'projected_percent': '-15.6', 'likelihood': -1}, {'offset': 2, 'projected_percent': '-15.9', 'likelihood': -1}]",,False,0,1,0.0,0.0,0,Dillon,0.0,273,False,,,40,167825.jpg,0.0,False,Phillips,1.5,False,,a,11,88,0,17033,4600,22670,4336,0.0,0.0,Phillips,,241.0,2025-07-01,1995-06-11,False,p167825,0,0,0,0,0,0,0,0,0,0,0,0,0,0.0,0.0,0.0,0.0,0,0,0,0,0,0.00,0.00,0.00,0.00,,,,,,,[],,376,34,370,15,310,12,381,34,0.0,0.0,0.0,0.0,0.0,0.0,594,60,401,34,401,34,151,22,0.0,0.0,0.0
314,True,True,0.0,0.0,105666,0,0,0,0,-67.0,0,"[{'offset': 0, 'projected_percent': '-67.0', 'likelihood': -3}, {'offset': 1, 'projected_percent': '-67.0', 'likelihood': -3}, {'offset': 2, 'projected_percent': '-67.0', 'likelihood': -3}]",,False,0,1,0.0,0.0,0,Jack,0.0,274,False,Arm injury - Unknown return date,2026-08-08T19:00:05.601633Z,45,105666.jpg,0.0,False,Butland,0.1,False,,i,11,88,0,365,75,3682,477,0.0,0.0,Butland,,241.0,2026-07-02,1993-03-10,False,p105666,0,0,0,0,0,0,0,0,0,0,0,0,0,0.0,0.0,0.0,0.0,0,0,0,0,0,0.00,0.00,0.00,0.00,,,,,,,[],,424,48,421,31,369,28,430,48,0.0,0.0,0.0,0.0,0.0,0.0,433,27,449,48,449,48,460,51,0.0,0.0,0.0
315,True,False,0.0,0.0,494950,0,0,0,0,0.0,0,"[{'offset': 0, 'projected_percent': '0.0', 'likelihood': 0}, {'offset': 1, 'projected_percent': '0.0', 'likelihood': 0}, {'offset': 2, 'projected_percent': '0.0', 'likelihood': 0}]",,False,0,1,0.0,0.0,0,Harvey,0.0,275,False,Has joined Grimsby Town on loan for the rest of the season,2026-07-29T13:00:27.959925Z,40,494950.jpg,0.0,False,Cartwright,0.0,False,,u,11,88,0,0,0,233,39,0.0,0.0,Cartwright,,241.0,2020-07-01,2002-05-09,False,p494950,0,0,0,0,0,0,0,0,0,0,0,0,0,0.0,0.0,0.0,0.0,0,0,0,0,0,0.00,0.00,0.00,0.00,,,,,,,[],,395,43,390,24,332,21,401,43,0.0,0.0,0.0,0.0,0.0,0.0,625,69,420,43,420,43,615,71,0.0,0.0,0.0
316,True,False,0.0,0.0,444307,0,0,0,0,0.0,0,"[{'offset': 0, 'projected_percent': '0.0', 'likelihood': 0}, {'offset': 1, 'projected_percent': '0.0', 'likelihood': 0}, {'offset': 2, 'projected_percent': '0.0', 'likelihood': 0}]",,False,0,1,0.0,0.0,0,Thimothée,0.0,276,False,Has joined Colchester United on loan for the rest of the season,2026-08-17T13:50:27.125537Z,40,444307.jpg,0.0,False,Lo-Tutala,0.0,False,,u,11,88,0,0,0,766,111,0.0,0.0,Lo-Tutala,,73.0,2023-07-01,2003-02-13,False,p444307,0,0,0,0,0,0,0,0,0,0,0,0,0,0.0,0.0,0.0,0.0,0,0,0,0,0,0.00,0.00,0.00,0.00,,,,,,,[],,388,40,383,21,325,18,394,40,0.0,0.0,0.0,0.0,0.0,0.0,614,66,413,40,413,40,552,63,0.0,0.0,0.0
317,True,True,,,108416,1,-1,1,-1,1.3,121,"[{'offset': 0, 'projected_percent': '1.6', 'likelihood': 1}, {'offset': 1, 'projected_percent': '2.2', 'likelihood': 1}, {'offset': 2, 'projected_percent': '2.8', 'likelihood': 1}]",,False,0,2,7.7,7.7,6,John,7.7,277,True,,,41,108416.jpg,7.7,False,Egan,6.2,False,,a,11,88,23,522330,143687,94144,25271,1.9,5.6,Egan,,104.0,2025-02-03,1992-10-20,False,p108416,270,0,0,3,0,0,0,0,0,0,0,1,70,82.6,0.6,2.0,8.6,36,5,5,41,3,0.00,0.00,0.00,5.05,,,,,,,[],,36,13,319,121,264,97,149,58,0.0,0.0,0.0,0.0,1.68,0.0,576,159,10,3,11,3,64,26,1.0,1.0,13.67
318,True,True,0.0,0.0,501902,0,0,0,0,-87.7,-7,"[{'offset': 0, 'projected_percent': '-90.1', 'likelihood': -3}, {'offset': 1, 'projected_percent': '-94.0', 'likelihood': -3}, {'offset': 2, 'projected_percent': '-98.0', 'likelihood': -4}]",,False,0,2,0.0,0.0,0,Charlie,0.0,278,False,Groin injury - Unknown return date,2026-08-02T09:00:11.030017Z,40,501902.jpg,0.0,False,Hughes,0.1,False,,i,11,88,0,297,60,4689,549,0.0,0.0,Hughes,,241.0,2024-08-16,2003-10-16,False,p501902,0,0,0,0,0,0,0,0,0,0,0,0,0,0.0,0.0,0.0,0.0,0,0,0,0,0,0.00,0.00,0.00,0.00,,,,,,,[],,398,148,393,148,335,130,404,146,0.0,0.0,0.0,0.0,0.0,0.0,629,191,423,152,423,152,453,162,0.0,0.0,0.0
319,True,True,100.0,100.0,146426,0,0,1,-1,74.0,602,"[{'offset': 0, 'projected_percent': '78.8', 'likelihood': 3}, {'offset': 1, 'projected_percent': '86.7', 'likelihood': 3}, {'offset': 2, 'projected_percent': '94.6', 'likelihood': 3}]",,False,1,2,8.3,8.3,5,Semi,8.3,279,True,,2026-08-22T17:30:07.668197Z,41,146426.jpg,8.3,False,Ajayi,10.9,False,,a,11,88,25,875107,163781,116117,31275,2.0,6.1,Ajayi,,157.0,2025-07-01,1993-11-09,False,p146426,243,1,0,3,0,0,0,0,1,0,0,2,80,70.8,1.7,35.0,10.7,17,9,3,20,3,0.52,0.00,0.52,4.08,,,,,,,[],,55,24,286,102,85,18,112,39,0.19,0.0,0.0,0.19,1.51,0.0,577,160,4,1,5,1,41,16,1.11,1.11,7.41
320,True,True,100.0,75.0,193278,0,0,0,0,-78.6,18,"[{'offset': 0, 'projected_percent': '-75.9', 'likelihood': -3}, {'offset': 1, 'projected_percent': '-71.5', 'likelihood': -3}, {'offset': 2, 'projected_percent': '-67.1', 'likelihood': -3}]",,False,0,2,4.0,3.0,6,Lewie,4.0,280,False,,2026-08-29T16:30:08.151841Z,40,193278.jpg,4.0,False,Coyle,0.5,False,,a,11,88,12,7071,2916,16983,1716,1.0,3.0,Coyle,,241.0,2020-08-07,1995-10-15,False,p193278,177,0,0,2,0,0,0,0,1,0,0,0,44,11.8,16.2,0.0,2.8,5,4,1,6,3,0.00,0.02,0.02,4.06,,,,,,,[],,256,106,184,58,315,118,269,102,0.0,0.0,0.01,0.01,2.06,0.0,600,170,73,29,78,31,244,91,1.53,1.02,3.05
321,True,False,0.0,0.0,433590,0,0,0,0,0.0,-4,"[{'offset': 0, 'projected_percent': '0.0', 'likelihood': 0}, {'offset': 1, 'projected_percent': '0.0', 'likelihood': 0}, {'offset': 2, 'projected_percent': '0.0', 'likelihood': 0}]",,False,0,2,0.0,0.0,0,Cody,0.7,281,False,Has joined Genoa permanently,2026-09-02T16:09:06.479140Z,40,433590.jpg,1.0,False,Drameh,0.1,False,,u,11,88,2,2118,0,3063,977,0.2,0.5,Drameh,,241.0,2024-07-23,2001-12-08,False,p433590,65,0,0,0,0,0,0,0,0,0,0,0,8,6.4,0.4,1.0,0.8,5,4,1,6,0,0.05,0.00,0.05,0.87,,,,,,,[],,291,116,333,125,291,109,329,121,0.07,0.0,0.0,0.07,1.2,0.0,611,178,285,100,267,96,490,173,0.0,0.0,8.31
322,True,True,,,232351,0,0,0,0,12.9,51,"[{'offset': 0, 'projected_percent': '13.3', 'likelihood': 1}, {'offset': 1, 'projected_percent': '13.9', 'likelihood': 1}, {'offset': 2, 'projected_percent': '14.6', 'likelihood': 1}]",,False,0,2,6.7,6.7,8,Ryan,6.7,282,False,,,40,232351.jpg,6.7,False,Giles,1.3,False,,a,11,88,20,60174,20470,17254,4720,1.7,5.0,Giles,,241.0,2024-06-27,2000-01-26,False,p232351,264,0,0,3,0,0,0,0,0,0,0,2,75,38.2,60.2,6.0,10.5,9,10,3,12,3,0.02,0.18,0.20,4.98,1.0,,1.0,,,,[],,153,70,41,5,221,75,119,45,0.01,0.0,0.06,0.07,1.7,0.0,608,177,25,11,26,11,164,66,1.02,1.02,4.09
323,True,False,0.0,0.0,449428,0,0,0,0,0.0,0,"[{'offset': 0, 'projected_percent': '0.0', 'likelihood': 0}, {'offset': 1, 'projected_percent': '0.0', 'likelihood': 0}, {'offset': 2, 'projected_percent': '0.0', 'likelihood': 0}]",,False,0,2,0.0,0.0,0,Matty,0.0,283,False,Has joined Newport County on loan until January,2026-08-02T09:00:11.038361Z,40,449428.jpg,0.0,False,Jacob,0.0,False,,u,11,88,0,114,0,508,70,0.0,0.0,Jacob,,241.0,2019-07-01,2001-06-03,False,p449428,0,0,0,0,0,0,0,0,0,0,0,0,0,0.0,0.0,0.0,0.0,0,0,0,0,0,0.00,0.00,0.00,0.00,,,,,,,[],,389,142,384,142,326,124,395,140,0.0,0.0,0.0,0.0,0.0,0.0,615,180,414,146,414,146,606,204,0.0,0.0,0.0
324,True,True,,,661800,0,0,0,0,0.1,5,"[{'offset': 0, 'projected_percent': '0.2', 'likelihood': 1}, {'offset': 1, 'projected_percent': '0.2', 'likelihood': 1}, {'offset': 2, 'projected_percent': '0.3', 'likelihood': 1}]",,False,0,2,0.0,0.0,0,Cathal,0.0,284,False,,,40,661800.jpg,0.0,False,McCarthy,0.1,False,,a,11,88,0,2592,410,2655,484,0.0,0.0,McCarthy,,,,,False,p661800,0,0,0,0,0,0,0,0,0,0,0,0,0,0.0,0.0,0.0,0.0,0,0,0,0,0,0.00,0.00,0.00,0.00,,,,,,,[],,418,166,413,166,358,151,424,164,0.0,0.0,0.0,0.0,0.0,0.0,654,214,443,170,443,170,439,157,0.0,0.0,0.0
325,True,True,,,160817,0,0,0,0,-19.0,0,"[{'offset': 0, 'projected_percent': '-19.0', 'likelihood': -1}, {'offset': 1, 'projected_percent': '-19.0', 'likelihood': -1}, {'offset': 2, 'projected_percent': '-19.0', 'likelihood': -1}]",,False,0,2,0.3,0.3,0,Paddy,0.3,285,False,,,40,160817.jpg,1.0,False,McNair,0.1,False,,a,11,88,1,1898,244,2737,548,0.1,0.2,McNair,,242.0,2026-01-28,1995-04-27,False,p160817,26,0,0,0,0,0,0,0,0,0,0,0,3,4.2,0.0,0.0,0.4,2,1,0,2,0,0.00,0.00,0.00,0.96,,,,,,,[],,312,120,369,134,309,114,341,125,0.0,0.0,0.0,0.0,3.32,0.0,592,164,335,118,263,92,399,147,0.0,0.0,6.92
326,True,True,,,540324,0,0,0,0,15.2,29,"[{'offset': 0, 'projected_percent': '15.4', 'likelihood': 1}, {'offset': 1, 'projected_percent': '15.8', 'likelihood': 1}, {'offset': 2, 'projected_percent': '16.2', 'likelihood': 1}]",,False,0,3,4.7,4.7,5,Mohamed,4.7,286,False,,,50,540324.jpg,4.7,False,Belloumi,0.9,False,,a,11,88,14,53389,12937,19204,4734,0.9,2.8,Belloumi,,3.0,2024-08-30,2002-06-01,False,p540324,253,0,1,3,0,0,0,0,0,0,0,0,46,56.6,26.7,28.0,11.1,14,9,9,32,3,0.20,0.06,0.26,4.87,3.0,,2.0,,,,[],,92,33,138,82,101,55,107,56,0.07,0.0,0.02,0.09,1.73,0.0,341,206,56,27,61,28,199,62,1.07,1.07,11.38
327,True,False,0.0,0.0,232905,0,0,0,0,0.0,-6,"[{'offset': 0, 'projected_percent': '0.0', 'likelihood': 0}, {'offset': 1, 'projected_percent': '0.0', 'likelihood': 0}, {'offset': 2, 'projected_percent': '0.0', 'likelihood': 0}]",,False,0,3,0.0,0.0,0,Liam,2.0,287,False,Has joined Birmingham on loan for the rest of the season,2026-09-02T15:36:41.038103Z,50,232905.jpg,3.0,False,Millar,0.0,False,,u,11,88,6,3178,0,5280,1560,0.4,1.2,Millar,,39.0,2024-08-09,1999-09-27,False,p232905,50,1,0,0,0,0,0,0,1,0,0,0,26,36.0,1.1,15.0,5.2,2,1,1,4,0,0.58,0.00,0.58,0.87,,,,,,,[],,163,60,305,153,151,75,222,100,1.04,0.0,0.0,1.04,1.57,0.0,283,174,180,79,130,52,500,202,0.0,0.0,7.2
328,True,True,,,171270,0,0,0,0,-14.6,-6,"[{'offset': 0, 'projected_percent': '-15.9', 'likelihood': -1}, {'offset': 1, 'projected_percent': '-18.0', 'likelihood': -1}, {'offset': 2, 'projected_percent': '-20.2', 'likelihood': -2}]",,False,0,3,0.0,0.0,0,Kieran,0.0,288,False,,,45,171270.jpg,0.0,False,Dowell,0.4,False,,a,11,88,0,9253,1770,12597,2407,0.0,0.0,Dowell,,241.0,2026-01-23,1997-10-10,False,p171270,0,0,0,0,0,0,0,0,0,0,0,0,0,0.0,0.0,0.0,0.0,0,0,0,0,0,0.00,0.00,0.00,0.00,,,,,,,[],,432,170,429,178,378,147,438,174,0.0,0.0,0.0,0.0,0.0,0.0,448,260,457,183,457,183,281,93,0.0,0.0,0.0
329,True,True,75.0,75.0,101282,0,0,0,0,-43.4,-20,"[{'offset': 0, 'projected_percent': '-45.1', 'likelihood': -3}, {'offset': 1, 'projected_percent': '-48.0', 'likelihood': -3}, {'offset': 2, 'projected_percent': '-50.9', 'likelihood': -3}]",,False,0,3,0.5,0.5,0,Matt,0.7,289,False,Thigh injury - 75% chance of playing,2026-08-29T15:00:08.569326Z,45,101282.jpg,2.0,False,Crooks,0.5,False,,d,11,88,2,13397,371,25815,4875,0.2,0.4,Crooks,,241.0,2025-01-10,1994-01-20,False,p101282,90,0,0,1,0,0,0,0,1,0,0,0,9,19.0,2.4,0.0,2.1,4,1,4,9,1,0.00,0.00,0.00,1.83,,,,,,,[],https://www.wearehullcity.co.uk/news/2026/august/29/team-news-coventry-city-a/,224,90,270,140,368,144,285,127,0.0,0.0,0.0,0.0,1.83,0.0,432,257,290,132,188,82,247,82,1.0,1.0,9.0
330,True,True,,,243413,0,0,0,0,66.5,76,"[{'offset': 0, 'projected_percent': '67.1', 'likelihood': 3}, {'offset': 1, 'projected_percent': '68.1', 'likelihood': 3}, {'offset': 2, 'projected_percent': '69.1', 'likelihood': 3}]",,False,0,3,3.7,3.7,3,Regan,3.7,290,False,,,45,243413.jpg,3.7,False,Slater,5.1,False,,a,11,88,11,316314,66375,122592,33976,0.8,2.4,Slater,,241.0,2022-01-27,1999-09-11,False,p243413,270,0,1,3,0,0,0,0,1,0,0,0,36,38.8,34.4,10.0,8.4,5,8,6,19,3,0.04,0.46,0.50,5.05,2.0,,,,,,[],,152,56,113,71,191,93,154,73,0.01,0.0,0.15,0.16,1.68,0.0,477,263,83,37,91,39,70,22,1.0,1.0,6.33
331,True,True,0.0,0.0,465525,0,0,0,0,-13.7,0,"[{'offset': 0, 'projected_percent': '-13.7', 'likelihood': -1}, {'offset': 1, 'projected_percent': '-13.7', 'likelihood': -1}, {'offset': 2, 'projected_percent': '-13.7', 'likelihood': -1}]",,False,0,3,0.0,0.0,0,Eliot,0.0,291,False,Knee injury - Unknown return date,2026-07-23T12:01:23.532635Z,45,465525.jpg,0.0,False,Matazo,0.0,False,,i,11,88,0,223,56,300,68,0.0,0.0,Matazo,,21.0,2025-01-23,2002-02-15,False,p465525,0,0,0,0,0,0,0,0,0,0,0,0,0,0.0,0.0,0.0,0.0,0,0,0,0,0,0.00,0.00,0.00,0.00,,,,,,,[],,451,173,450,181,402,150,457,177,0.0,0.0,0.0,0.0,0.0,0.0,495,265,475,186,475,186,623,268,0.0,0.0,0.0
332,True,True,,,208481,0,0,-1,1,0.0,1,"[{'offset': 0, 'projected_percent': '0.0', 'likelihood': 0}, {'offset': 1, 'projected_percent': '0.0', 'likelihood': 0}, {'offset': 2, 'projected_percent': '0.1', 'likelihood': 1}]",,False,0,3,0.0,0.0,0,Abdülkadir,0.0,292,False,,,49,208481.jpg,0.0,False,Ömür,0.0,False,,a,11,88,0,699,167,1016,175,0.0,0.0,Ömür,,219.0,2024-02-01,1999-06-25,False,p208481,0,0,0,0,0,0,0,0,0,0,0,0,0,0.0,0.0,0.0,0.0,0,0,0,0,0,0.00,0.00,0.00,0.00,,,,,,,[],,514,200,512,207,473,177,520,204,0.0,0.0,0.0,0.0,0.0,0.0,376,226,535,212,535,212,579,240,0.0,0.0,0.0
333,True,False,0.0,0.0,490161,0,0,0,0,0.0,0,"[{'offset': 0, 'projected_percent': '0.0', 'likelihood': 0}, {'offset': 1, 'projected_percent': '0.0', 'likelihood': 0}, {'offset': 2, 'projected_percent': '0.0', 'likelihood': 0}]",,False,0,3,0.0,0.0,0,Abu,0.0,293,False,Has joined Portsmouth permanently,2026-08-12T14:08:23.542043Z,50,490161.jpg,0.0,False,Kamara,0.0,False,,u,11,88,0,0,0,317,24,0.0,0.0,Kamara,,241.0,2024-08-30,2003-07-21,False,p490161,0,0,0,0,0,0,0,0,0,0,0,0,0,0.0,0.0,0.0,0.0,0,0,0,0,0,0.00,0.00,0.00,0.00,,,,,,,[],,566,235,572,241,550,224,573,238,0.0,0.0,0.0,0.0,0.0,0.0,314,188,581,242,581,242,644,283,0.0,0.0,0.0
334,True,True,0.0,0.0,553783,0,0,0,0,-58.1,-4,"[{'offset': 0, 'projected_percent': '-59.5', 'likelihood': -3}, {'offset': 1, 'projected_percent': '-61.9', 'likelihood': -3}, {'offset': 2, 'projected_percent': '-64.3', 'likelihood': -3}]",,False,0,3,0.0,0.0,0,Óscar,0.0,294,False,Thigh injury - Unknown return date,2026-08-04T18:30:11.016909Z,45,553783.jpg,0.0,False,Zambrano,0.1,False,,i,11,88,0,1287,151,4634,577,0.0,0.0,Zambrano,,62.0,2026-07-21,2004-04-20,False,p553783,0,0,0,0,0,0,0,0,0,0,0,0,0,0.0,0.0,0.0,0.0,0,0,0,0,0,0.00,0.00,0.00,0.00,,,,,,,[],,474,181,474,189,431,158,480,185,0.0,0.0,0.0,0.0,0.0,0.0,529,273,498,194,498,194,447,175,0.0,0.0,0.0
335,True,True,,,169432,0,0,0,0,26.0,-37,"[{'offset': 0, 'projected_percent': '25.7', 'likelihood': 2}, {'offset': 1, 'projected_percent': '25.2', 'likelihood': 2}, {'offset': 2, 'projected_percent': '24.7', 'likelihood': 2}]",,False,0,4,2.7,2.7,2,Oli,2.7,295,False,,,55,169432.jpg,2.7,False,McBurnie,2.0,False,,a,11,88,8,134603,11330,85488,19547,0.5,1.5,McBurnie,,243.0,2025-08-06,1996-06-04,False,p169432,270,0,1,3,0,0,0,0,1,0,0,0,30,20.6,45.7,75.0,14.1,4,6,2,12,3,0.54,0.07,0.61,5.05,,,,,1.0,,[],,220,16,73,4,21,8,65,8,0.18,0.0,0.02,0.2,1.68,0.0,128,33,132,12,149,16,125,19,1.0,1.0,4.0
336,True,True,,,213292,0,0,0,0,0.0,-4,"[{'offset': 0, 'projected_percent': '-2.3', 'likelihood': -1}, {'offset': 1, 'projected_percent': '-13.8', 'likelihood': -1}, {'offset': 2, 'projected_percent': '-25.4', 'likelihood': -2}]",,False,0,3,0.0,0.0,0,David,0.0,296,False,,,50,213292.jpg,0.0,False,Akintola,0.0,False,,a,11,88,0,2567,385,2784,509,0.0,0.0,Akintola,,157.0,2025-08-15,1996-01-13,False,p213292,0,0,0,0,0,0,0,0,0,0,0,0,0,0.0,0.0,0.0,0.0,0,0,0,0,0,0.00,0.00,0.00,0.00,,,,,,,[],,546,224,548,230,521,210,552,227,0.0,0.0,0.0,0.0,0.0,0.0,269,169,562,232,562,232,509,207,0.0,0.0,0.0
337,True,True,0.0,0.0,470294,0,0,0,0,-65.2,0,"[{'offset': 0, 'projected_percent': '-65.2', 'likelihood': -3}, {'offset': 1, 'projected_percent': '-65.2', 'likelihood': -3}, {'offset': 2, 'projected_percent': '-65.2', 'likelihood': -3}]",,False,0,3,0.0,0.0,0,Darko,0.0,297,False,Thigh injury - Unknown return date,2026-08-04T18:30:11.027155Z,45,470294.jpg,0.0,False,Gyabi,0.0,False,,i,11,88,0,258,53,1131,162,0.0,0.0,Gyabi,,241.0,2025-09-01,2004-02-18,False,p470294,0,0,0,0,0,0,0,0,0,0,0,0,0,0.0,0.0,0.0,0.0,0,0,0,0,0,0.00,0.00,0.00,0.00,,,,,,,[],,452,174,451,182,403,151,458,178,0.0,0.0,0.0,0.0,0.0,0.0,496,266,476,187,476,187,570,236,0.0,0.0,0.0
338,True,False,0.0,0.0,500957,0,0,0,0,0.0,-5,"[{'offset': 0, 'projected_percent': '0.0', 'likelihood': 0}, {'offset': 1, 'projected_percent': '0.0', 'likelihood': 0}, {'offset': 2, 'projected_percent': '0.0', 'likelihood': 0}]",,False,0,4,0.0,0.0,0,Enis,0.0,298,False,Has joined Konyaspor permanently,2026-08-17T13:50:27.145733Z,45,500957.jpg,0.0,False,Destan,0.2,False,,u,11,88,0,0,0,16450,2010,0.0,0.0,Destan,,219.0,2025-08-01,2002-06-15,False,p500957,0,0,0,0,0,0,0,0,0,0,0,0,0,0.0,0.0,0.0,0.0,0,0,0,0,0,0.00,0.00,0.00,0.00,,,,,,,[],,461,42,461,48,418,44,467,46,0.0,0.0,0.0,0.0,0.0,0.0,514,68,485,50,485,50,322,53,0.0,0.0,0.0
339,True,False,0.0,0.0,534392,0,0,0,0,0.0,-1,"[{'offset': 0, 'projected_percent': '0.0', 'likelihood': 0}, {'offset': 1, 'projected_percent': '0.0', 'likelihood': 0}, {'offset': 2, 'projected_percent': '0.0', 'likelihood': 0}]",,False,0,4,0.0,0.0,0,Mason,0.0,299,False,Has joined Sheffield Wednesday on loan for the rest of the season,2026-08-03T14:05:20.234842Z,45,534392.jpg,0.0,False,Burstow,0.0,False,,u,11,88,0,0,0,2288,300,0.0,0.0,Burstow,,241.0,2024-08-16,2003-08-04,False,p534392,0,0,0,0,0,0,0,0,0,0,0,0,0,0.0,0.0,0.0,0.0,0,0,0,0,0,0.00,0.00,0.00,0.00,,,,,,,[],,468,43,468,49,425,45,474,47,0.0,0.0,0.0,0.0,0.0,0.0,522,69,492,51,492,51,515,70,0.0,0.0,0.0
340,True,True,100.0,100.0,462635,0,0,0,0,0.0,0,"[{'offset': 0, 'projected_percent': '0.0', 'likelihood': 0}, {'offset': 1, 'projected_percent': '0.0', 'likelihood': 0}, {'offset': 2, 'projected_percent': '0.0', 'likelihood': 0}]",2026-09-11T15:00:09.072160Z,False,0,3,0.0,0.0,0,Joe,0.0,340,False,,2026-08-17T21:30:07.799839Z,50,462635.jpg,0.0,False,Gelhardt,0.0,False,,a,11,88,0,248,104,583,72,0.0,0.0,Gelhardt,,241.0,2026-08-15,2002-05-04,False,p462635,0,0,0,0,0,0,0,0,0,0,0,0,0,0.0,0.0,0.0,0.0,0,0,0,0,0,0.00,0.00,0.00,0.00,,,,,,,[],,559,230,563,236,540,218,566,233,0.0,0.0,0.0,0.0,0.0,0.0,298,180,575,238,575,238,598,252,0.0,0.0,0.0
341,True,True,,,169359,0,0,0,0,-44.7,-18,"[{'offset': 0, 'projected_percent': '-45.5', 'likelihood': -3}, {'offset': 1, 'projected_percent': '-46.7', 'likelihood': -3}, {'offset': 2, 'projected_percent': '-48.0', 'likelihood': -3}]",,False,0,2,0.3,0.3,0,Matt,0.3,556,False,,,40,169359.jpg,1.0,False,Targett,2.0,False,,a,11,88,1,18061,2249,47999,9445,0.1,0.2,Targett,,241.0,2026-07-23,1995-09-18,False,p169359,5,0,0,0,0,0,0,0,0,0,0,0,3,0.4,0.0,0.0,0.0,0,1,0,0,0,0.00,0.00,0.00,0.07,,,,,,,[],,355,130,371,135,311,115,382,133,0.0,0.0,0.0,0.0,1.26,0.0,595,166,337,120,265,94,126,51,0.0,0.0,0.0
342,True,True,100.0,100.0,445028,0,0,0,0,0.0,0,"[{'offset': 0, 'projected_percent': '0.0', 'likelihood': 0}, {'offset': 1, 'projected_percent': '0.0', 'likelihood': 0}, {'offset': 2, 'projected_percent': '0.0', 'likelihood': 0}]",,False,0,3,0.3,0.3,0,Hidemasa,0.3,563,False,,2026-08-15T16:00:07.961518Z,50,445028.jpg,1.0,False,Morita,0.0,False,,a,11,88,1,634,95,829,184,0.1,0.2,Morita,,108.0,2026-07-24,1995-05-10,False,p445028,45,0,0,0,0,0,0,0,0,0,0,0,6,11.0,13.4,0.0,2.4,2,1,0,3,1,0.00,0.00,0.00,1.09,,,,,,,[],,265,110,200,110,535,215,281,123,0.0,0.0,0.0,0.0,2.18,0.0,292,176,362,166,316,137,560,232,2.0,0.0,6.0
343,True,True,,,473284,0,0,1,-1,31.6,291,"[{'offset': 0, 'projected_percent': '33.9', 'likelihood': 2}, {'offset': 1, 'projected_percent': '37.7', 'likelihood': 2}, {'offset': 2, 'projected_percent': '41.6', 'likelihood': 3}]",,False,2,1,8.7,8.7,6,Konstantinos,8.7,572,True,,,46,473284.jpg,8.7,False,Tzolakis,9.1,False,,a,11,88,26,595045,125293,98708,25420,1.9,5.7,Tzolakis,,83.0,2026-08-05,2002-11-08,False,p473284,270,0,0,3,0,0,0,0,0,0,9,6,98,72.4,0.0,0.0,7.3,0,43,0,0,3,0.00,0.00,0.00,5.05,,,,,,,[],,49,9,505,51,464,50,175,8,0.0,3.0,0.0,0.0,1.68,0.0,422,22,3,1,4,1,46,6,1.0,1.0,0.0
344,True,True,,,552946,-1,1,-1,1,-2.5,-2,"[{'offset': 0, 'projected_percent': '-4.0', 'likelihood': -1}, {'offset': 1, 'projected_percent': '-6.5', 'likelihood': -1}, {'offset': 2, 'projected_percent': '-9.1', 'likelihood': -1}]",,False,0,3,0.3,0.3,1,Jens,0.3,574,False,,,49,552946.jpg,1.0,False,Hjertø-Dahl,0.1,False,,a,11,88,1,882,254,2841,412,0.1,0.2,Hjertø-Dahl,,161.0,2026-08-07,2005-10-31,False,p552946,8,0,0,0,0,0,0,0,0,0,0,0,4,0.0,0.0,0.0,0.0,0,1,0,1,0,0.00,0.00,0.00,0.00,,,,,,,[],,529,211,530,219,492,190,537,216,0.0,0.0,0.0,0.0,0.0,0.0,410,247,355,161,303,127,479,190,0.0,0.0,11.25
345,True,True,,,608227,0,0,0,0,-10.7,4,"[{'offset': 0, 'projected_percent': '-6.8', 'likelihood': -1}, {'offset': 1, 'projected_percent': '-0.3', 'likelihood': -1}, {'offset': 2, 'projected_percent': '0.1', 'likelihood': 1}]",,False,0,3,2.0,2.0,3,Elliot,2.0,576,False,,,50,608227.jpg,2.0,False,Stroud,0.1,False,,a,11,88,6,2509,309,2745,462,0.4,1.2,Stroud,,206.0,2026-08-09,2002-06-22,False,p608227,190,0,0,2,0,0,0,0,1,0,0,0,14,8.4,20.9,11.0,3.6,3,9,3,15,3,0.05,0.05,0.10,4.06,,,,,,,[],,277,117,165,94,185,90,251,109,0.02,0.0,0.02,0.04,1.92,0.0,354,216,187,85,210,92,442,173,1.42,0.95,7.11
346,True,True,,,597462,0,0,0,0,-16.5,-8,"[{'offset': 0, 'projected_percent': '-17.6', 'likelihood': -1}, {'offset': 1, 'projected_percent': '-19.3', 'likelihood': -1}, {'offset': 2, 'projected_percent': '-21.0', 'likelihood': -2}]",,False,0,2,1.0,1.0,1,Lucas,1.0,585,False,,,40,597462.jpg,1.0,False,Herrington,0.6,False,,a,11,88,3,7108,903,10827,2126,0.2,0.8,Herrington,,13.0,2026-08-12,2007-09-05,False,p597462,76,0,0,0,0,0,0,0,0,0,0,0,9,17.6,0.3,0.0,1.8,6,1,1,7,0,0.00,0.00,0.00,1.28,,,,,,,[],,231,96,336,128,352,145,298,110,0.0,0.0,0.0,0.0,1.52,0.0,647,207,246,89,271,100,240,88,0.0,0.0,8.29
347,True,True,100.0,100.0,606930,0,0,0,0,86.1,523,"[{'offset': 0, 'projected_percent': '90.3', 'likelihood': 3}, {'offset': 1, 'projected_percent': '97.1', 'likelihood': 4}, {'offset': 2, 'projected_percent': '104.0', 'likelihood': 5}]",,False,1,2,8.0,8.0,8,Nobel,8.0,586,True,,2026-08-22T17:30:08.045208Z,40,606930.jpg,8.0,False,Mendy,6.9,False,,a,11,88,24,493965,147587,112561,24338,2.0,6.0,Mendy,,189.0,2026-08-12,2004-09-03,False,p606930,191,1,0,2,0,0,0,0,0,0,0,1,66,95.6,1.2,54.0,15.1,27,6,5,32,3,0.32,0.00,0.32,3.76,,,,,,,[],,19,4,302,112,52,7,57,12,0.15,0.0,0.0,0.15,1.77,0.0,649,209,6,2,7,2,60,24,1.41,0.94,15.08
348,True,True,,,469266,0,0,0,0,-19.8,0,"[{'offset': 0, 'projected_percent': '-19.8', 'likelihood': -1}, {'offset': 1, 'projected_percent': '-19.8', 'likelihood': -1}, {'offset': 2, 'projected_percent': '-19.8', 'likelihood': -1}]",,False,0,3,1.0,1.0,2,Lucas,1.0,589,False,,,50,469266.jpg,1.5,False,Gourna-Douath,0.0,False,,a,11,88,3,439,91,802,142,0.2,0.6,Gourna-Douath,,73.0,2026-08-15,2003-08-05,False,p469266,126,0,0,1,0,0,0,0,1,0,0,0,13,26.2,22.5,0.0,4.9,5,7,4,16,1,0.00,0.02,0.02,2.13,,,,,,,[],,200,79,152,90,543,220,229,102,0.0,0.0,0.01,0.01,1.52,0.0,304,183,259,113,242,107,553,226,0.71,0.71,11.43
349,True,True,,,490884,0,0,0,0,0.0,0,"[{'offset': 0, 'projected_percent': '0.0', 'likelihood': 0}, {'offset': 1, 'projected_percent': '0.0', 'likelihood': 0}, {'offset': 2, 'projected_percent': '0.0', 'likelihood': 0}]",2026-09-10T13:58:52.488087Z,False,0,3,1.0,1.0,1,Mohamed-Ali,1.0,617,False,,,50,490884.jpg,1.0,False,Cho,0.0,False,,a,11,88,2,901,205,290,99,0.2,0.4,Cho,,73.0,2026-08-27,2004-01-19,False,p490884,15,0,0,0,0,0,0,0,0,0,0,0,8,3.4,0.3,17.0,2.1,0,0,0,0,0,0.05,0.00,0.05,0.18,,,,,,,[],,323,146,340,168,136,69,289,128,0.3,0.0,0.0,0.3,1.08,0.0,316,190,261,114,319,139,604,257,0.0,0.0,0.0
350,True,True,,,626751,0,0,0,0,0.0,0,"[{'offset': 0, 'projected_percent': '0.0', 'likelihood': 0}, {'offset': 1, 'projected_percent': '0.0', 'likelihood': 0}, {'offset': 2, 'projected_percent': '0.0', 'likelihood': 0}]",2026-09-15T14:49:56.388071Z,False,0,4,1.4,1.4,0,Ilyas,0.0,632,False,,,50,626751.jpg,0.0,False,Ansah,0.0,False,,a,11,88,0,4520,2298,748,538,0.0,0.0,Ansah,,80.0,2026-09-01,2004-11-08,False,p626751,0,0,0,0,0,0,0,0,0,0,0,0,0,0.0,0.0,0.0,0.0,0,0,0,0,0,0.00,0.00,0.00,0.00,,,,,,,[],,586,60,593,65,575,62,593,64,0.0,0.0,0.0,0.0,0.0,0.0,360,62,601,67,601,67,501,69,0.0,0.0,0.0
351,True,True,,,631000,0,0,0,0,0.0,0,"[{'offset': 0, 'projected_percent': '0.0', 'likelihood': 0}, {'offset': 1, 'projected_percent': '0.0', 'likelihood': 0}, {'offset': 2, 'projected_percent': '0.0', 'likelihood': 0}]",2026-09-15T14:52:48.634163Z,False,0,4,1.4,1.4,0,Robinio,0.0,637,False,,,50,631000.jpg,0.0,False,Vaz,0.0,False,,a,11,88,0,3125,1518,550,348,0.0,0.0,Vaz,,73.0,2026-09-01,2007-02-17,False,p631000,0,0,0,0,0,0,0,0,0,0,0,0,0,0.0,0.0,0.0,0.0,0,0,0,0,0,0.00,0.00,0.00,0.00,,,,,,,[],,588,62,595,67,577,64,595,66,0.0,0.0,0.0,0.0,0.0,0.0,362,64,603,69,603,69,529,71,0.0,0.0,0.0
352,True,True,,,496181,0,0,0,0,0.0,0,"[{'offset': 0, 'projected_percent': '0.0', 'likelihood': 0}, {'offset': 1, 'projected_percent': '0.0', 'likelihood': 0}, {'offset': 2, 'projected_percent': '0.0', 'likelihood': 0}]",2026-09-15T14:53:22.034453Z,False,0,2,1.0,1.0,1,Brooke,1.0,638,False,,,40,496181.jpg,1.0,False,Norton-Cuffy,0.2,False,,a,11,88,1,14797,8343,2434,1661,0.2,0.2,Norton-Cuffy,,241.0,2026-09-01,2004-01-12,False,p496181,26,0,0,0,0,0,0,0,0,0,0,0,3,2.2,0.3,2.0,0.5,1,2,0,1,0,0.00,0.00,0.00,0.12,,,,,,,[],,338,126,335,127,263,96,338,124,0.0,0.0,0.0,0.0,0.42,0.0,626,188,244,87,268,97,334,124,0.0,0.0,3.46
353,True,True,,,243951,0,0,0,0,0.0,0,"[{'offset': 0, 'projected_percent': '0.0', 'likelihood': 0}, {'offset': 1, 'projected_percent': '0.0', 'likelihood': 0}, {'offset': 2, 'projected_percent': '0.0', 'likelihood': 0}]",2026-09-15T14:55:14.383257Z,False,0,3,2.0,2.0,1,Sorba,1.0,642,False,,,55,243951.jpg,1.0,False,Thomas,0.0,False,,a,11,88,1,941,495,187,129,0.2,0.2,Thomas,,244.0,2026-09-01,1999-01-25,False,p243951,27,0,0,0,0,0,0,0,0,0,0,0,5,3.2,10.8,0.0,1.4,0,1,0,1,0,0.00,0.04,0.04,0.12,,,,,,,[],,328,148,220,117,613,262,312,140,0.0,0.0,0.13,0.13,0.4,0.0,144,87,270,122,345,157,600,254,0.0,0.0,3.33
354,True,True,,,647839,0,0,0,0,0.0,0,"[{'offset': 0, 'projected_percent': '0.0', 'likelihood': 0}, {'offset': 1, 'projected_percent': '0.0', 'likelihood': 0}, {'offset': 2, 'projected_percent': '0.0', 'likelihood': 0}]",2026-09-15T14:56:53.502771Z,False,0,3,1.5,1.5,0,Christos,0.0,645,False,,,50,647839.jpg,0.0,False,Mouzakitis,0.0,False,,a,11,88,0,370,160,70,46,0.0,0.0,Mouzakitis,,83.0,2026-09-01,2006-12-25,False,p647839,0,0,0,0,0,0,0,0,0,0,0,0,0,0.0,0.0,0.0,0.0,0,0,0,0,0,0.00,0.00,0.00,0.00,,,,,,,[],,589,248,596,254,578,241,596,251,0.0,0.0,0.0,0.0,0.0,0.0,363,220,604,255,604,255,630,274,0.0,0.0,0.0
355,True,True,,,219924,0,0,0,0,-20.1,-76,"[{'offset': 0, 'projected_percent': '-20.5', 'likelihood': -2}, {'offset': 1, 'projected_percent': '-21.2', 'likelihood': -2}, {'offset': 2, 'projected_percent': '-21.9', 'likelihood': -2}]",,False,0,2,2.3,2.3,3,Issa,2.3,259,False,,,40,219924.jpg,2.3,False,Diop,14.9,False,,a,12,40,7,85475,15448,258244,62170,0.6,1.8,Diop,,145.0,2026-07-22,1997-01-09,False,p219924,270,0,0,0,8,0,0,0,0,0,0,0,24,75.2,11.9,2.0,8.9,25,12,3,28,3,0.00,0.02,0.02,6.12,,,,,,,[],,41,15,213,74,262,95,145,57,0.0,0.0,0.01,0.01,2.04,2.67,605,174,146,56,166,64,26,8,1.0,0.0,9.33
356,True,True,,,212314,0,0,0,0,-46.2,0,"[{'offset': 0, 'projected_percent': '-46.2', 'likelihood': -3}, {'offset': 1, 'projected_percent': '-46.2', 'likelihood': -3}, {'offset': 2, 'projected_percent': '-46.2', 'likelihood': -3}]",,False,0,3,2.7,2.7,2,Saša,2.7,267,False,,,50,212314.jpg,2.7,False,Lukić,0.1,False,,a,12,40,8,2322,335,3784,633,0.5,1.6,Lukić,,190.0,2026-08-08,1996-08-13,False,p212314,252,0,1,0,7,0,0,0,1,0,0,0,46,51.2,40.9,4.0,9.6,10,6,5,21,3,0.02,0.06,0.08,5.26,2.0,,,,,,[],,113,41,88,60,243,116,131,65,0.01,0.0,0.02,0.03,1.88,2.5,268,168,130,54,147,60,411,157,1.07,0.0,7.5
357,True,True,,,108813,0,0,0,0,-91.2,-8,"[{'offset': 0, 'projected_percent': '-92.6', 'likelihood': -3}, {'offset': 1, 'projected_percent': '-95.1', 'likelihood': -4}, {'offset': 2, 'projected_percent': '-97.6', 'likelihood': -4}]",,False,0,1,0.0,0.0,0,Christian,0.0,300,False,,,45,108813.jpg,0.0,False,Walton,0.4,False,,a,12,40,0,695,136,10341,1305,0.0,0.0,Walton,,241.0,2022-01-19,1995-11-09,False,p108813,0,0,0,0,0,0,0,0,0,0,0,0,0,0.0,0.0,0.0,0.0,0,0,0,0,0,0.00,0.00,0.00,0.00,,,,,,,[],,425,49,422,32,371,29,431,49,0.0,0.0,0.0,0.0,0.0,0.0,435,28,450,49,450,49,264,34,0.0,0.0,0.0
358,True,True,,,112520,0,0,0,0,-11.4,-14,"[{'offset': 0, 'projected_percent': '-11.7', 'likelihood': -1}, {'offset': 1, 'projected_percent': '-12.2', 'likelihood': -1}, {'offset': 2, 'projected_percent': '-12.6', 'likelihood': -1}]",,False,0,1,0.0,0.0,0,Alex,0.0,301,False,,,40,112520.jpg,0.0,False,Palmer,4.2,False,,a,12,40,0,48487,11121,62267,14052,0.0,0.0,Palmer,,241.0,2025-02-03,1996-08-10,False,p112520,0,0,0,0,0,0,0,0,0,0,0,0,0,0.0,0.0,0.0,0.0,0,0,0,0,0,0.00,0.00,0.00,0.00,,,,,,,[],,372,31,365,12,305,9,377,31,0.0,0.0,0.0,0.0,0.0,0.0,588,57,397,31,397,31,83,13,0.0,0.0,0.0
359,True,True,,,50093,0,0,0,0,0.8,0,"[{'offset': 0, 'projected_percent': '0.8', 'likelihood': 1}, {'offset': 1, 'projected_percent': '0.8', 'likelihood': 1}, {'offset': 2, 'projected_percent': '0.8', 'likelihood': 1}]",,False,0,1,0.0,0.0,0,David,0.0,302,False,,,40,50093.jpg,0.0,False,Button,0.5,False,,a,12,40,0,15338,5782,7508,1808,0.0,0.0,Button,,241.0,2025-07-04,1989-02-27,False,p50093,0,0,0,0,0,0,0,0,0,0,0,0,0,0.0,0.0,0.0,0.0,0,0,0,0,0,0.00,0.00,0.00,0.00,,,,,,,[],,365,26,358,7,298,4,370,26,0.0,0.0,0.0,0.0,0.0,0.0,581,52,390,26,390,26,249,33,0.0,0.0,0.0
360,True,True,,,183015,0,0,0,0,-80.7,-9,"[{'offset': 0, 'projected_percent': '-82.2', 'likelihood': -3}, {'offset': 1, 'projected_percent': '-84.6', 'likelihood': -3}, {'offset': 2, 'projected_percent': '-87.1', 'likelihood': -3}]",,False,0,2,0.0,0.0,0,Cédric,0.0,303,False,,,40,183015.jpg,0.0,False,Kipré,0.5,False,,a,12,40,0,1222,258,12322,1951,0.0,0.0,Kipré,,54.0,2026-07-01,1996-12-09,False,p183015,0,0,0,0,0,0,0,0,0,0,0,0,0,0.0,0.0,0.0,0.0,0,0,0,0,0,0.00,0.00,0.00,0.00,,,,,,,[],,378,136,373,136,314,117,384,134,0.0,0.0,0.0,0.0,0.0,0.0,599,169,403,140,403,140,248,93,0.0,0.0,0.0
361,True,True,,,216616,0,0,0,0,-13.0,-3,"[{'offset': 0, 'projected_percent': '-13.0', 'likelihood': -1}, {'offset': 1, 'projected_percent': '-13.2', 'likelihood': -1}, {'offset': 2, 'projected_percent': '-13.3', 'likelihood': -1}]",,False,0,2,2.3,2.3,3,Dara,2.3,304,False,,,40,216616.jpg,2.3,False,O'Shea,3.1,False,,a,12,40,7,44003,6192,68557,17380,0.6,1.8,O'Shea,,104.0,2024-08-25,1999-03-04,False,p216616,270,0,0,0,8,0,0,0,0,0,0,0,7,71.8,29.7,15.0,11.6,25,11,5,30,3,0.07,0.18,0.25,6.12,,,,,,,[],,53,22,129,38,146,46,96,28,0.02,0.0,0.06,0.08,2.04,2.67,604,173,145,55,165,63,102,39,1.0,0.0,10.0
362,True,True,,,455084,0,0,0,0,0.7,-3,"[{'offset': 0, 'projected_percent': '0.7', 'likelihood': 1}, {'offset': 1, 'projected_percent': '0.6', 'likelihood': 1}, {'offset': 2, 'projected_percent': '0.6', 'likelihood': 1}]",,False,0,2,3.0,3.0,1,Leif,3.0,305,False,,,40,455084.jpg,3.0,False,Davis,5.1,False,,a,12,40,9,89705,19510,88998,27752,0.8,2.2,Davis,,241.0,2022-07-25,1999-12-31,False,p455084,270,1,0,0,8,0,0,0,0,0,0,0,15,79.6,38.5,69.0,18.8,15,8,2,17,3,0.65,0.25,0.90,6.12,6.0,,2.0,,,,[],,39,14,97,25,28,3,32,3,0.22,0.0,0.08,0.3,2.04,2.67,618,183,108,40,119,46,71,29,1.0,0.0,5.67
363,True,True,,,449429,0,0,0,0,-40.9,-11,"[{'offset': 0, 'projected_percent': '-41.6', 'likelihood': -3}, {'offset': 1, 'projected_percent': '-42.8', 'likelihood': -3}, {'offset': 2, 'projected_percent': '-44.0', 'likelihood': -3}]",,False,0,2,0.7,0.7,1,Jacob,0.7,306,False,,,40,449429.jpg,0.7,False,Greaves,1.3,False,,a,12,40,2,5188,874,21107,3723,0.2,0.5,Greaves,,241.0,2024-07-12,2000-09-12,False,p449429,270,0,0,0,8,1,0,0,1,0,0,0,5,49.8,14.9,4.0,6.9,19,8,5,24,3,0.00,0.05,0.05,6.12,,,,,,,[],,115,55,189,60,237,85,185,71,0.0,0.0,0.02,0.02,2.04,2.67,616,181,286,101,372,129,165,67,1.0,0.0,8.0
364,True,False,0.0,0.0,222018,0,0,0,0,0.0,-12,"[{'offset': 0, 'projected_percent': '0.0', 'likelihood': 0}, {'offset': 1, 'projected_percent': '0.0', 'likelihood': 0}, {'offset': 2, 'projected_percent': '0.0', 'likelihood': 0}]",,False,0,2,0.0,0.0,0,Ben,0.0,307,False,Has joined Stoke City on loan for the rest of the season,2026-09-04T12:36:56.236331Z,40,222018.jpg,0.0,False,Johnson,0.1,False,,u,12,40,0,1137,0,3729,1339,0.0,0.0,Johnson,,241.0,2024-07-01,2000-01-24,False,p222018,0,0,0,0,0,0,0,0,0,0,0,0,0,0.0,0.0,0.0,0.0,0,0,0,0,0,0.00,0.00,0.00,0.00,,,,,,,[],,383,140,378,140,320,122,389,138,0.0,0.0,0.0,0.0,0.0,0.0,607,176,408,144,408,144,444,159,0.0,0.0,0.0
365,True,True,,,176420,0,0,0,0,-68.1,-13,"[{'offset': 0, 'projected_percent': '-70.3', 'likelihood': -3}, {'offset': 1, 'projected_percent': '-73.8', 'likelihood': -3}, {'offset': 2, 'projected_percent': '-77.3', 'likelihood': -3}]",,False,0,2,0.3,0.3,0,Darnell,0.3,308,False,,,40,176420.jpg,1.0,False,Furlong,0.5,False,,a,12,40,1,1054,173,10716,1752,0.1,0.2,Furlong,,241.0,2025-08-28,1995-10-31,False,p176420,17,0,0,0,1,0,0,0,0,0,0,0,-1,5.0,0.5,0.0,0.6,2,0,1,3,0,0.00,0.00,0.00,0.86,,,,,,,[],,305,119,327,124,313,116,336,123,0.0,0.0,0.0,0.0,4.55,5.29,598,168,338,121,266,95,250,94,0.0,0.0,15.88
366,True,True,,,501390,0,0,0,0,-48.5,-4,"[{'offset': 0, 'projected_percent': '-51.1', 'likelihood': -3}, {'offset': 1, 'projected_percent': '-55.4', 'likelihood': -3}, {'offset': 2, 'projected_percent': '-59.8', 'likelihood': -3}]",,False,0,3,2.0,2.0,0,Marcelino,2.0,309,False,,,50,501390.jpg,3.0,False,Núñez,0.1,False,,a,12,40,6,2491,188,4338,960,0.4,1.2,Núñez,,44.0,2025-08-29,2000-03-01,False,p501390,140,0,0,0,4,0,0,0,0,0,0,0,32,24.6,19.4,6.0,5.0,8,10,3,21,2,0.03,0.05,0.08,3.48,1.0,,1.0,,,,[],,203,81,173,99,227,112,226,101,0.02,0.0,0.03,0.05,2.24,2.57,325,194,183,82,132,53,393,147,1.29,0.0,13.5
367,True,True,0.0,0.0,241117,-1,1,-1,1,0.0,0,"[{'offset': 0, 'projected_percent': '0.0', 'likelihood': 0}, {'offset': 1, 'projected_percent': '0.0', 'likelihood': 0}, {'offset': 2, 'projected_percent': '0.0', 'likelihood': 0}]",,False,0,3,0.0,0.0,0,Azor,0.0,310,False,Muscular injury - Unknown return date,2026-07-29T18:00:10.305484Z,49,241117.jpg,0.0,False,Matusiwa,0.0,False,,i,12,40,0,33,13,198,19,0.0,0.0,Matusiwa,,152.0,2025-07-13,1998-04-28,False,p241117,0,0,0,0,0,0,0,0,0,0,0,0,0,0.0,0.0,0.0,0.0,0,0,0,0,0,0.00,0.00,0.00,0.00,,,,,,,[],https://www.itfc.co.uk/news/2026/may/12/midfield-duo-undergo-surgery/,518,204,517,211,478,181,524,208,0.0,0.0,0.0,0.0,0.0,0.0,386,232,539,216,539,216,639,280,0.0,0.0,0.0
368,True,False,0.0,0.0,149929,0,0,0,0,0.0,0,"[{'offset': 0, 'projected_percent': '0.0', 'likelihood': 0}, {'offset': 1, 'projected_percent': '0.0', 'likelihood': 0}, {'offset': 2, 'projected_percent': '0.0', 'likelihood': 0}]",,False,0,3,0.0,0.0,0,Wes,0.0,311,False,Has joined Leicester City permanently,2026-08-10T14:02:47.597478Z,50,149929.jpg,0.0,False,Burns,0.0,False,,u,12,40,0,0,0,303,24,0.0,0.0,Burns,,244.0,2021-06-09,1994-11-23,False,p149929,0,0,0,0,0,0,0,0,0,0,0,0,0,0.0,0.0,0.0,0.0,0,0,0,0,0,0.00,0.00,0.00,0.00,,,,,,,[],,538,218,539,225,509,202,545,222,0.0,0.0,0.0,0.0,0.0,0.0,248,153,555,227,555,227,640,281,0.0,0.0,0.0
369,True,True,0.0,0.0,231899,0,0,0,0,-70.7,0,"[{'offset': 0, 'projected_percent': '-70.7', 'likelihood': -3}, {'offset': 1, 'projected_percent': '-70.7', 'likelihood': -3}, {'offset': 2, 'projected_percent': '-70.7', 'likelihood': -3}]",,False,0,3,0.0,0.0,0,Jack,0.0,312,False,Knee injury - Unknown return date,2026-07-29T18:00:10.319370Z,45,231899.jpg,0.0,False,Taylor,0.0,False,,i,12,40,0,384,83,1826,248,0.0,0.0,Taylor,,104.0,2023-06-26,1998-06-23,False,p231899,0,0,0,0,0,0,0,0,0,0,0,0,0,0.0,0.0,0.0,0.0,0,0,0,0,0,0.00,0.00,0.00,0.00,,,,,,,[],https://www.itfc.co.uk/news/2026/may/12/midfield-duo-undergo-surgery/,441,172,438,180,388,149,447,176,0.0,0.0,0.0,0.0,0.0,0.0,472,262,465,185,465,185,531,218,0.0,0.0,0.0
370,True,True,,,443261,0,0,0,0,-82.3,-5,"[{'offset': 0, 'projected_percent': '-83.9', 'likelihood': -3}, {'offset': 1, 'projected_percent': '-86.7', 'likelihood': -3}, {'offset': 2, 'projected_percent': '-89.4', 'likelihood': -3}]",,False,0,3,2.7,2.7,1,Jack,2.7,313,False,,,55,443261.jpg,4.0,False,Clarke,0.2,False,,a,12,40,8,4611,242,9953,1784,0.5,1.5,Clarke,Jack Clarke,241.0,2024-08-24,2000-11-23,False,p443261,43,1,0,0,0,0,0,0,0,0,0,1,30,37.0,12.3,22.0,7.1,1,2,1,4,0,0.15,0.02,0.17,0.09,3.0,,3.0,,1.0,,[],,159,59,211,114,118,61,181,84,0.31,0.0,0.04,0.35,0.19,0.0,154,93,136,57,85,38,325,117,0.0,0.0,8.37
371,True,False,0.0,0.0,229164,0,0,-1,1,0.0,-1,"[{'offset': 0, 'projected_percent': '0.0', 'likelihood': 0}, {'offset': 1, 'projected_percent': '0.0', 'likelihood': 0}, {'offset': 2, 'projected_percent': '0.0', 'likelihood': 0}]",,False,0,3,0.0,0.0,0,Chiedozie,0.0,314,False,Has joined Lincoln City on loan until January,2026-09-02T16:04:17.497385Z,49,229164.jpg,0.0,False,Ogbene,0.0,False,,u,12,40,0,104,0,845,184,0.0,0.0,Ogbene,,104.0,2024-08-28,1997-05-01,False,p229164,0,0,0,0,0,0,0,0,0,0,0,0,0,0.0,0.0,0.0,0.0,0,0,0,0,0,0.00,0.00,0.00,0.00,,,,,,,[],,516,202,515,209,476,179,522,206,0.0,0.0,0.0,0.0,0.0,0.0,383,229,537,214,537,214,605,258,0.0,0.0,0.0
372,True,True,,,531442,0,0,0,0,-60.9,0,"[{'offset': 0, 'projected_percent': '-60.9', 'likelihood': -3}, {'offset': 1, 'projected_percent': '-60.9', 'likelihood': -3}, {'offset': 2, 'projected_percent': '-60.9', 'likelihood': -3}]",,False,0,3,2.7,2.7,2,Abdul,2.7,315,False,,,55,531442.jpg,2.7,False,Fatawu,0.2,False,,a,12,40,8,3684,988,6903,1160,0.5,1.5,Fatawu,Abdul Fatawu,81.0,2026-07-21,2004-03-08,False,p531442,225,0,1,0,8,0,0,0,1,0,0,0,61,55.4,103.6,14.0,17.3,4,6,7,17,3,0.03,0.78,0.81,5.91,5.0,,,,,,[],,100,36,11,11,162,79,37,28,0.01,0.0,0.31,0.32,2.36,3.2,173,107,139,60,154,65,339,123,1.2,0.0,6.8
373,True,True,100.0,100.0,543968,0,0,0,0,12.2,4,"[{'offset': 0, 'projected_percent': '12.2', 'likelihood': 1}, {'offset': 1, 'projected_percent': '12.2', 'likelihood': 1}, {'offset': 2, 'projected_percent': '12.3', 'likelihood': 1}]",,False,0,4,4.0,4.0,2,Emersonn,4.0,316,False,,2026-08-31T09:30:08.306145Z,55,543968.jpg,4.0,False,Correia da Silva,1.7,False,,a,12,40,12,111652,14105,81036,12982,0.7,2.2,Emersonn,Emersonn,30.0,2026-07-08,2004-07-16,False,p543968,175,1,0,0,4,0,0,0,0,0,0,3,56,49.8,37.4,50.0,13.7,3,2,2,7,3,1.04,0.06,1.10,2.02,,,,,2.0,,[],,116,6,102,9,61,15,73,10,0.53,0.0,0.03,0.56,1.04,2.06,176,41,80,7,86,8,141,20,1.54,0.0,3.6
374,True,False,0.0,0.0,222625,0,0,0,0,0.0,-6,"[{'offset': 0, 'projected_percent': '0.0', 'likelihood': 0}, {'offset': 1, 'projected_percent': '0.0', 'likelihood': 0}, {'offset': 2, 'projected_percent': '0.0', 'likelihood': 0}]",,False,0,4,0.0,0.0,0,George,0.0,317,False,Has joined Stoke City permanently,2026-08-21T13:06:08.606019Z,50,222625.jpg,0.0,False,Hirst,0.1,False,,u,12,40,0,0,0,14058,998,0.0,0.0,Hirst,,243.0,2023-07-13,1999-02-15,False,p222625,0,0,0,0,0,0,0,0,0,0,0,0,0,0.0,0.0,0.0,0.0,0,0,0,0,0,0.00,0.00,0.00,0.00,,,,,,,[],,549,53,551,58,524,55,555,57,0.0,0.0,0.0,0.0,0.0,0.0,277,53,565,60,565,60,417,59,0.0,0.0,0.0
375,True,True,0.0,0.0,481624,0,0,-1,1,-22.4,-4,"[{'offset': 0, 'projected_percent': '-23.7', 'likelihood': -2}, {'offset': 1, 'projected_percent': '-25.8', 'likelihood': -2}, {'offset': 2, 'projected_percent': '-28.0', 'likelihood': -2}]",,False,0,3,0.0,0.0,0,Jaden,0.0,318,False,Ankle injury - Unknown return date,2026-08-25T11:30:07.532993Z,54,481624.jpg,0.0,False,Philogene,0.1,False,,i,12,40,0,154,7,8133,755,0.0,0.0,Philogene,,241.0,2025-01-15,2002-02-08,False,p481624,0,0,0,0,0,0,0,0,0,0,0,0,0,0.0,0.0,0.0,0.0,0,0,0,0,0,0.00,0.00,0.00,0.00,4.0,,,,3.0,,[],,603,257,609,262,594,252,609,259,0.0,0.0,0.0,0.0,0.0,0.0,217,136,616,263,616,263,454,178,0.0,0.0,0.0
376,True,False,0.0,0.0,172453,0,0,0,0,0.0,-2,"[{'offset': 0, 'projected_percent': '0.0', 'likelihood': 0}, {'offset': 1, 'projected_percent': '0.0', 'likelihood': 0}, {'offset': 2, 'projected_percent': '0.0', 'likelihood': 0}]",,False,0,3,0.0,0.0,0,Sam,0.0,319,False,Has joined Derby County on loan for the rest of the season,2026-08-17T13:51:41.713979Z,50,172453.jpg,0.0,False,Szmodics,0.0,False,,u,12,40,0,0,0,649,49,0.0,0.0,Szmodics,,104.0,2024-08-16,1995-09-24,False,p172453,0,0,0,0,0,0,0,0,0,0,0,0,0,0.0,0.0,0.0,0.0,0,0,0,0,0,0.00,0.00,0.00,0.00,,,,,,,[],,542,221,543,228,515,207,549,225,0.0,0.0,0.0,0.0,0.0,0.0,255,159,559,230,559,230,633,275,0.0,0.0,0.0
377,True,True,,,147675,0,0,0,0,20.5,43,"[{'offset': 0, 'projected_percent': '20.9', 'likelihood': 2}, {'offset': 1, 'projected_percent': '21.4', 'likelihood': 2}, {'offset': 2, 'projected_percent': '22.0', 'likelihood': 2}]",,False,0,4,2.0,2.0,0,Chuba,2.0,320,False,,,50,147675.jpg,3.0,False,Akpom,1.1,False,,a,12,40,6,86517,19238,32737,9267,0.4,1.2,Akpom,,241.0,2026-07-01,1995-10-09,False,p147675,69,1,0,0,4,0,0,0,0,0,0,0,33,34.6,1.7,19.0,5.5,0,2,1,3,0,0.97,0.00,0.97,4.04,,,,,,,[],,168,11,289,36,125,25,217,23,1.27,0.0,0.0,1.27,5.27,5.22,247,51,177,16,128,15,176,27,0.0,0.0,3.91
378,True,True,,,557012,0,0,0,0,31.5,42,"[{'offset': 0, 'projected_percent': '31.8', 'likelihood': 2}, {'offset': 1, 'projected_percent': '32.4', 'likelihood': 2}, {'offset': 2, 'projected_percent': '32.9', 'likelihood': 2}]",,False,0,4,0.3,0.3,0,Sindre,0.3,321,False,,,45,557012.jpg,1.0,False,Walle Egeli,3.4,False,,a,12,40,1,209436,41026,103827,26232,0.1,0.2,Walle Egeli,,161.0,2025-08-29,2006-06-21,False,p557012,10,0,0,0,0,0,0,0,0,0,0,0,3,0.0,0.1,0.0,0.0,0,0,0,0,0,0.00,0.00,0.00,0.03,,,,,,,[],,477,45,349,44,434,47,483,49,0.0,0.0,0.0,0.0,0.27,0.0,532,71,345,42,290,33,94,14,0.0,0.0,0.0
379,True,False,0.0,0.0,462387,0,0,0,0,0.0,-4,"[{'offset': 0, 'projected_percent': '0.0', 'likelihood': 0}, {'offset': 1, 'projected_percent': '0.0', 'likelihood': 0}, {'offset': 2, 'projected_percent': '0.0', 'likelihood': 0}]",,False,0,4,0.0,0.0,0,Ali,0.0,322,False,Has joined Sheffield Wednesday on loan for the rest of the season,2026-08-27T14:54:10.215357Z,50,462387.jpg,0.0,False,Al-Hamadi,0.1,False,,u,12,40,0,755,0,7791,912,0.0,0.0,Al-Hamadi,Ali Al Hamadi,103.0,2024-01-29,2002-03-01,False,p462387,0,0,0,0,0,0,0,0,0,0,0,0,0,0.0,0.0,0.0,0.0,0,0,0,0,0,0.00,0.00,0.00,0.00,,,,,,,[],,558,55,562,60,539,57,565,59,0.0,0.0,0.0,0.0,0.0,0.0,297,56,574,62,574,62,468,66,0.0,0.0,0.0
380,True,True,,,461587,0,0,0,0,-26.1,0,"[{'offset': 0, 'projected_percent': '-26.1', 'likelihood': -2}, {'offset': 1, 'projected_percent': '-26.1', 'likelihood': -2}, {'offset': 2, 'projected_percent': '-26.1', 'likelihood': -2}]",,False,0,3,1.0,1.0,1,Kasey,1.0,323,False,,,45,461587.jpg,1.0,False,McAteer,1.2,False,,a,12,40,3,21176,3935,33964,6433,0.2,0.7,McAteer,,104.0,2025-08-22,2001-11-22,False,p461587,42,0,0,0,0,0,0,0,0,0,0,0,12,4.6,1.8,7.0,1.4,0,4,1,5,0,0.05,0.00,0.05,0.21,,,,,,,[],,308,137,284,145,209,104,309,138,0.11,0.0,0.0,0.11,0.45,0.0,493,264,252,110,285,120,167,52,0.0,0.0,10.71
381,True,True,,,232457,0,0,-1,1,-28.2,0,"[{'offset': 0, 'projected_percent': '-28.2', 'likelihood': -2}, {'offset': 1, 'projected_percent': '-28.2', 'likelihood': -2}, {'offset': 2, 'projected_percent': '-28.2', 'likelihood': -2}]",,False,0,3,0.0,0.0,0,Anis,0.0,324,False,,,49,232457.jpg,0.0,False,Mehmeti,0.0,False,,a,12,40,0,215,59,1703,260,0.0,0.0,Mehmeti,,2.0,2026-01-23,2001-01-09,False,p232457,0,0,0,0,0,0,0,0,0,0,0,0,0,0.0,0.0,0.0,0.0,0,0,0,0,0,0.00,0.00,0.00,0.00,,,,,,,[],,517,203,516,210,477,180,523,207,0.0,0.0,0.0,0.0,0.0,0.0,384,230,538,215,538,215,518,211,0.0,0.0,0.0
382,True,False,0.0,0.0,546600,0,0,0,0,0.0,0,"[{'offset': 0, 'projected_percent': '0.0', 'likelihood': 0}, {'offset': 1, 'projected_percent': '0.0', 'likelihood': 0}, {'offset': 2, 'projected_percent': '0.0', 'likelihood': 0}]",,False,0,1,0.0,0.0,0,Kayne,0.0,554,False,Has joined Valencia on loan for the rest of the season,2026-08-25T14:04:09.529320Z,45,546600.jpg,0.0,False,van Oevelen,0.0,False,,u,12,40,0,54,0,1484,149,0.0,0.0,Van Oevelen,,152.0,2026-07-21,2003-08-07,False,p546600,0,0,0,0,0,0,0,0,0,0,0,0,0,0.0,0.0,0.0,0.0,0,0,0,0,0,0.00,0.00,0.00,0.00,,,,,,,[],,469,62,469,48,426,47,475,62,0.0,0.0,0.0,0.0,0.0,0.0,523,46,493,62,493,62,563,65,0.0,0.0,0.0
383,True,True,,,442967,-1,1,-1,1,-10.3,-10,"[{'offset': 0, 'projected_percent': '-11.9', 'likelihood': -1}, {'offset': 1, 'projected_percent': '-14.5', 'likelihood': -1}, {'offset': 2, 'projected_percent': '-17.1', 'likelihood': -1}]",,False,0,3,2.0,2.0,2,Daizen,2.0,562,False,,,54,442967.jpg,2.0,False,Maeda,0.3,False,,a,12,40,6,2106,463,11971,2090,0.4,1.1,Maeda,,108.0,2026-07-25,1997-10-20,False,p442967,216,0,0,0,7,0,0,0,0,0,0,0,26,28.8,2.9,43.0,7.4,8,4,7,19,3,0.71,0.01,0.72,5.16,,,,,,,[],,191,73,261,137,69,41,174,80,0.3,0.0,0.0,0.3,2.15,2.92,211,133,188,86,211,93,299,104,1.25,0.0,7.92
384,True,True,,,240514,0,0,0,0,-26.8,2,"[{'offset': 0, 'projected_percent': '-26.6', 'likelihood': -2}, {'offset': 1, 'projected_percent': '-26.3', 'likelihood': -2}, {'offset': 2, 'projected_percent': '-25.9', 'likelihood': -2}]",,False,0,1,2.0,2.0,2,Kjell,2.0,564,False,,,45,240514.jpg,2.0,False,Scherpen,0.6,False,,a,12,40,6,8056,2328,12950,2217,0.4,1.3,Scherpen,,152.0,2026-07-28,2000-01-23,False,p240514,270,0,0,0,8,0,0,0,0,0,13,0,34,88.6,0.0,0.0,8.8,5,30,0,0,3,0.00,0.01,0.01,6.12,,,,,,,[],,29,5,440,41,390,38,147,5,0.0,4.33,0.0,0.0,2.04,2.67,475,37,174,15,194,16,239,32,1.0,0.0,0.0
385,True,True,100.0,100.0,216055,0,0,-1,1,-13.6,-2,"[{'offset': 0, 'projected_percent': '-15.4', 'likelihood': -1}, {'offset': 1, 'projected_percent': '-18.3', 'likelihood': -1}, {'offset': 2, 'projected_percent': '-21.3', 'likelihood': -2}]",,False,0,3,0.0,0.0,0,Florentino Ibrain,0.0,571,False,,2026-08-25T11:30:07.678802Z,49,216055.jpg,0.0,False,Morris Luís,0.1,False,,a,12,40,0,639,202,5032,474,0.0,0.0,Florentino,Florentino,173.0,2026-08-04,1999-08-19,False,p216055,0,0,0,0,0,0,0,0,0,0,0,0,0,0.0,0.0,0.0,0.0,0,0,0,0,0,0.00,0.00,0.00,0.00,,,,,,,[],,515,201,514,208,475,178,521,205,0.0,0.0,0.0,0.0,0.0,0.0,381,228,536,213,536,213,434,170,0.0,0.0,0.0
386,True,True,100.0,100.0,474120,0,0,0,0,9.1,58,"[{'offset': 0, 'projected_percent': '9.5', 'likelihood': 1}, {'offset': 1, 'projected_percent': '10.3', 'likelihood': 1}, {'offset': 2, 'projected_percent': '11.1', 'likelihood': 1}]",,False,0,3,3.7,3.7,1,Julio,3.7,591,False,,2026-08-22T18:00:07.551930Z,55,474120.jpg,3.7,False,Enciso,0.8,False,,a,12,40,11,66065,12499,21922,6657,0.7,2.0,Enciso,,168.0,2026-08-17,2004-01-23,False,p474120,250,0,2,0,8,0,0,0,1,0,0,0,65,53.6,48.9,62.0,16.5,4,15,2,21,3,0.87,0.64,1.51,6.09,,,,,,,[],,104,38,64,48,41,26,47,34,0.31,0.0,0.23,0.54,2.19,2.88,163,99,89,41,97,43,209,66,1.08,0.0,7.56
387,True,True,,,572584,0,0,0,0,-8.9,-13,"[{'offset': 0, 'projected_percent': '-10.1', 'likelihood': -1}, {'offset': 1, 'projected_percent': '-12.0', 'likelihood': -1}, {'offset': 2, 'projected_percent': '-13.9', 'likelihood': -1}]",,False,0,2,1.0,1.0,1,Abdoul,1.0,592,False,,,40,572584.jpg,1.0,False,Ouattara,0.9,False,,a,12,40,3,8558,1388,15564,2537,0.2,0.8,Ouattara,,54.0,2026-08-17,2005-10-22,False,p572584,39,0,0,0,1,0,0,0,0,0,0,0,7,9.4,24.6,0.0,3.4,2,3,0,2,0,0.00,0.02,0.02,0.89,,,,,,,[],,272,112,146,47,346,140,253,96,0.0,0.0,0.05,0.05,2.05,2.31,641,202,245,88,270,99,200,76,0.0,0.0,4.62
388,True,False,0.0,0.0,524180,0,0,0,0,0.0,-2,"[{'offset': 0, 'projected_percent': '0.0', 'likelihood': 0}, {'offset': 1, 'projected_percent': '0.0', 'likelihood': 0}, {'offset': 2, 'projected_percent': '0.0', 'likelihood': 0}]",,False,0,3,0.0,0.0,0,Cameron,0.0,602,False,Has joined Huddersfield Town on loan for the rest of the season,2026-09-02T16:04:17.524642Z,45,524180.jpg,0.0,False,Humphreys,0.0,False,,u,12,40,0,2861,0,2193,656,0.0,0.0,Humphreys,,241.0,2021-08-09,2003-10-30,False,p524180,0,0,0,0,0,0,0,0,0,0,0,0,0,0.0,0.0,0.0,0.0,0,0,0,0,0,0.00,0.00,0.00,0.00,,,,,,,[],,467,180,467,188,424,157,473,184,0.0,0.0,0.0,0.0,0.0,0.0,521,272,491,193,491,193,534,219,0.0,0.0,0.0
389,True,True,,,218543,0,0,0,0,0.0,0,"[{'offset': 0, 'projected_percent': '0.0', 'likelihood': 0}, {'offset': 1, 'projected_percent': '0.0', 'likelihood': 0}, {'offset': 2, 'projected_percent': '0.0', 'likelihood': 0}]",2026-09-10T13:59:58.521186Z,False,0,3,2.5,2.5,4,Exequiel,2.5,619,False,,,50,218543.jpg,2.5,False,Palacios,0.0,False,,a,12,40,5,2731,1316,770,418,0.5,1.0,Palacios,,10.0,2026-08-27,1998-10-05,False,p218543,105,0,0,0,4,0,0,0,0,0,0,0,35,27.4,34.5,2.0,6.4,5,15,5,25,1,0.00,0.03,0.03,2.61,,,,,,,[],,196,76,112,70,272,128,203,92,0.0,0.0,0.03,0.03,2.24,3.43,271,170,144,64,162,69,555,228,0.86,0.0,21.43
390,True,True,,,431639,0,0,0,0,0.0,0,"[{'offset': 0, 'projected_percent': '0.0', 'likelihood': 0}, {'offset': 1, 'projected_percent': '0.0', 'likelihood': 0}, {'offset': 2, 'projected_percent': '0.0', 'likelihood': 0}]",2026-09-15T14:54:27.083621Z,False,0,4,1.8,1.8,1,Zian,1.0,640,False,,,55,431639.jpg,1.0,False,Flemming,0.0,False,,a,12,40,1,2986,1225,547,314,0.2,0.2,Flemming,,152.0,2026-09-01,1998-08-01,False,p431639,24,0,0,0,0,0,0,0,0,0,0,0,4,3.2,0.5,7.0,1.1,0,0,0,0,0,0.02,0.01,0.03,0.06,,,,,,,[],,329,34,331,41,218,35,318,36,0.08,0.0,0.04,0.12,0.22,0.0,147,37,271,31,346,40,545,74,0.0,0.0,0.0
391,True,True,,,153682,0,0,-1,1,-101.8,-324,"[{'offset': 0, 'projected_percent': '-109.8', 'likelihood': -5}, {'offset': 1, 'projected_percent': '-123.0', 'likelihood': -5}, {'offset': 2, 'projected_percent': '-136.3', 'likelihood': -5}]",,False,0,3,1.3,1.3,0,Harry,1.3,260,False,,,64,153682.jpg,1.3,False,Wilson,3.4,False,,a,13,2,4,23874,1618,275350,61977,0.2,0.6,Wilson,,244.0,2026-07-08,1997-03-22,False,p153682,127,0,0,1,0,0,0,0,1,0,0,0,15,16.0,47.7,12.0,7.7,2,4,3,9,1,0.01,0.06,0.07,2.98,2.0,,,,,,[],,239,98,66,50,181,89,164,75,0.01,0.0,0.04,0.05,2.11,0.0,45,30,238,108,261,118,97,30,0.71,0.71,6.38
392,True,False,0.0,0.0,201595,0,0,0,0,0.0,-26,"[{'offset': 0, 'projected_percent': '0.0', 'likelihood': 0}, {'offset': 1, 'projected_percent': '0.0', 'likelihood': 0}, {'offset': 2, 'projected_percent': '0.0', 'likelihood': 0}]",,False,0,1,0.0,0.0,0,Lucas Estella,0.0,326,False,Has joined Torino on loan for the rest of the season,2026-09-01T13:12:39.210133Z,45,201595.jpg,0.0,False,Perri,0.4,False,,u,13,2,0,532,0,18700,3884,0.0,0.0,Perri,Lucas Perri,30.0,2025-07-26,1997-12-10,False,p201595,0,0,0,0,0,0,0,0,0,0,0,0,0,0.0,0.0,0.0,0.0,0,0,0,0,0,0.00,0.00,0.00,0.00,,,,,,,[],,435,55,432,38,381,35,441,55,0.0,0.0,0.0,0.0,0.0,0.0,457,34,459,55,459,55,273,36,0.0,0.0,0.0
393,True,True,,,434752,0,0,0,0,12.4,-34,"[{'offset': 0, 'projected_percent': '12.2', 'likelihood': 1}, {'offset': 1, 'projected_percent': '11.7', 'likelihood': 1}, {'offset': 2, 'projected_percent': '11.3', 'likelihood': 1}]",,False,0,2,4.0,4.0,1,Jaka,4.0,327,False,,,50,434752.jpg,4.0,False,Bijol,0.9,False,,a,13,2,12,62478,2351,33209,7498,0.8,2.4,Bijol,,195.0,2025-06-23,1999-02-05,False,p434752,164,0,0,1,2,0,0,0,0,0,0,2,29,38.2,0.6,15.0,5.4,18,7,3,21,2,0.11,0.00,0.11,3.16,,,,,,,[],,154,71,323,123,152,51,219,83,0.06,0.0,0.0,0.06,1.73,1.1,290,48,76,31,81,34,203,78,1.1,0.55,11.52
394,True,True,0.0,0.0,214225,-1,1,-1,1,-16.3,-199,"[{'offset': 0, 'projected_percent': '-18.3', 'likelihood': -1}, {'offset': 1, 'projected_percent': '-21.6', 'likelihood': -2}, {'offset': 2, 'projected_percent': '-25.0', 'likelihood': -2}]",,False,0,2,0.0,0.0,0,Joe,2.3,329,False,Hamstring injury - Expected back 21 Nov,2026-08-30T16:00:08.564382Z,44,214225.jpg,3.5,False,Rodon,1.7,False,,i,13,2,7,26763,93,194791,54590,0.5,1.6,Rodon,,244.0,2024-07-02,1997-10-22,False,p214225,123,0,0,1,0,0,0,0,0,0,0,0,25,23.0,14.7,7.0,4.5,10,2,1,11,2,0.03,0.06,0.09,1.01,,,,,,,[],https://www.leedsunited.com/en/news/daniel-farke-provides-fitness-update-ahead-of-brighton-clash-a,207,88,190,61,207,70,238,91,0.02,0.0,0.04,0.06,0.74,0.0,570,153,148,58,103,38,138,57,1.46,0.73,8.05
395,True,True,,,226182,0,0,0,0,14.9,199,"[{'offset': 0, 'projected_percent': '16.5', 'likelihood': 1}, {'offset': 1, 'projected_percent': '19.1', 'likelihood': 1}, {'offset': 2, 'projected_percent': '21.7', 'likelihood': 2}]",,False,1,2,7.3,7.3,14,Jayden,7.3,330,False,,,45,226182.jpg,7.3,False,Bogle,1.3,False,,a,13,2,22,60997,49983,16141,7496,1.6,4.9,Bogle,,241.0,2024-07-20,2000-07-27,False,p226182,217,1,0,2,1,0,0,0,1,0,0,3,63,61.0,14.1,37.0,11.2,9,8,3,12,3,0.90,0.03,0.93,1.64,,,,,,,[],,72,35,193,63,81,16,104,35,0.37,0.0,0.01,0.38,0.68,0.41,468,107,12,4,13,4,159,64,1.24,0.83,4.98
396,True,True,100.0,100.0,243526,0,0,0,0,0.1,4,"[{'offset': 0, 'projected_percent': '0.1', 'likelihood': 1}, {'offset': 1, 'projected_percent': '0.1', 'likelihood': 1}, {'offset': 2, 'projected_percent': '0.2', 'likelihood': 1}]",,False,0,2,0.7,0.7,2,Gabriel,0.7,331,False,,2026-08-08T20:00:07.546568Z,45,243526.jpg,2.0,False,Gudmundsson,0.1,False,,a,13,2,2,1202,492,1612,229,0.2,0.4,Gudmundsson,,206.0,2025-07-08,1999-04-29,False,p243526,90,0,0,0,1,0,0,0,0,0,0,0,9,12.6,1.2,2.0,1.6,2,9,3,5,1,0.00,0.00,0.00,2.19,,,,,,,[],,253,104,303,113,270,103,304,113,0.0,0.0,0.0,0.0,2.19,1.0,478,113,292,106,195,77,498,175,1.0,0.0,5.0
397,True,True,,,220627,0,0,0,0,16.8,-11,"[{'offset': 0, 'projected_percent': '16.7', 'likelihood': 1}, {'offset': 1, 'projected_percent': '16.6', 'likelihood': 1}, {'offset': 2, 'projected_percent': '16.4', 'likelihood': 1}]",,False,0,2,5.3,5.3,4,James,5.3,332,False,,,45,220627.jpg,5.3,False,Justin,1.5,False,,a,13,2,16,88880,9714,38747,7928,1.2,3.6,Justin,,241.0,2025-08-25,1998-02-23,False,p220627,270,0,0,1,2,0,0,0,0,0,0,2,49,66.0,15.6,32.0,11.3,19,11,11,30,3,0.17,0.02,0.19,4.52,,,,,,,[],,62,29,187,59,91,20,99,30,0.06,0.0,0.01,0.07,1.51,0.67,463,103,39,16,44,18,149,63,1.0,0.33,10.0
398,True,False,0.0,0.0,437738,0,0,0,0,0.0,0,"[{'offset': 0, 'projected_percent': '0.0', 'likelihood': 0}, {'offset': 1, 'projected_percent': '0.0', 'likelihood': 0}, {'offset': 2, 'projected_percent': '0.0', 'likelihood': 0}]",,False,0,2,0.0,0.0,0,Sebastiaan,0.0,333,False,Has joined Hamburg SV on loan for the rest of the season,2026-08-19T13:56:14.645970Z,45,437738.jpg,0.0,False,Bornauw,0.0,False,,u,13,2,0,0,0,254,21,0.0,0.0,Bornauw,,21.0,2025-07-01,1999-03-22,False,p437738,0,0,0,0,0,0,0,0,0,0,0,0,0,0.0,0.0,0.0,0.0,0,0,0,0,0,0.00,0.00,0.00,0.00,,,,,,,[],,448,179,446,179,398,169,454,177,0.0,0.0,0.0,0.0,0.0,0.0,487,121,472,182,472,182,641,212,0.0,0.0,0.0
399,True,True,,,522047,0,0,0,0,10.2,37,"[{'offset': 0, 'projected_percent': '10.5', 'likelihood': 1}, {'offset': 1, 'projected_percent': '11.0', 'likelihood': 1}, {'offset': 2, 'projected_percent': '11.5', 'likelihood': 1}]",,False,0,2,4.7,4.7,4,Tarik,4.7,334,False,,,50,522047.jpg,4.7,False,Muharemović,3.4,False,,a,13,2,14,100268,38225,76761,22326,0.9,2.8,Muharemović,,27.0,2026-07-17,2003-02-28,False,p522047,270,0,0,1,2,0,0,0,0,0,0,0,52,96.4,2.2,21.0,11.9,36,6,3,39,3,0.09,0.02,0.11,4.52,,,,,,,[],,18,3,275,97,121,36,90,23,0.03,0.0,0.01,0.04,1.51,0.67,335,59,55,22,60,24,96,38,1.0,0.33,13.0
400,True,True,,,466525,0,0,0,0,28.2,-66,"[{'offset': 0, 'projected_percent': '27.7', 'likelihood': 2}, {'offset': 1, 'projected_percent': '26.8', 'likelihood': 2}, {'offset': 2, 'projected_percent': '26.0', 'likelihood': 2}]",,False,1,3,6.3,6.3,2,Anton,6.3,335,False,,,60,466525.jpg,6.3,False,Stach,2.8,False,,a,13,2,19,156772,13252,85663,22427,1.0,3.2,Stach,,80.0,2025-07-22,1998-11-15,False,p466525,270,1,0,1,2,0,0,0,0,0,0,3,57,87.8,35.8,39.0,16.3,18,11,9,38,3,0.49,0.16,0.65,4.52,1.0,,1.0,,,,[],,30,14,107,68,76,45,52,37,0.16,0.0,0.05,0.21,1.51,0.67,74,49,29,12,31,13,107,33,1.0,0.33,12.67
401,True,True,,,435997,0,0,-1,1,-48.0,-4,"[{'offset': 0, 'projected_percent': '-49.1', 'likelihood': -3}, {'offset': 1, 'projected_percent': '-50.9', 'likelihood': -3}, {'offset': 2, 'projected_percent': '-52.7', 'likelihood': -3}]",,False,0,3,2.0,2.0,3,Noah,2.0,336,False,,,59,435997.jpg,2.0,False,Okafor,0.3,False,,a,13,2,6,4820,946,22780,2721,0.3,1.0,Okafor,,207.0,2025-08-21,2000-05-24,False,p435997,153,0,0,1,1,0,0,0,0,0,0,0,30,17.8,22.1,16.0,5.6,2,2,3,7,2,0.08,0.18,0.26,1.11,,,,,,,[],,229,92,159,92,144,74,215,98,0.05,0.0,0.11,0.16,0.65,0.59,97,62,193,89,218,97,298,103,1.18,0.59,4.12
402,True,True,,,427637,-1,1,-1,1,-15.5,-25,"[{'offset': 0, 'projected_percent': '-17.4', 'likelihood': -1}, {'offset': 1, 'projected_percent': '-20.5', 'likelihood': -2}, {'offset': 2, 'projected_percent': '-23.6', 'likelihood': -2}]",,False,0,3,1.7,1.7,1,Brenden,1.7,337,False,,,54,427637.jpg,1.7,False,Aaronson,0.6,False,,a,13,2,5,5173,554,29892,5365,0.3,0.9,Aaronson,,229.0,2022-07-01,2000-10-22,False,p427637,154,0,0,1,2,0,0,0,0,0,0,0,27,10.2,2.7,7.0,2.0,1,7,2,10,2,0.01,0.02,0.03,3.08,,,3.0,,,,[],,268,113,263,138,217,109,295,131,0.01,0.0,0.01,0.02,1.8,1.17,208,130,210,96,236,105,237,79,1.17,0.58,5.84
403,True,True,,,199598,0,0,0,0,-81.8,-21,"[{'offset': 0, 'projected_percent': '-83.5', 'likelihood': -3}, {'offset': 1, 'projected_percent': '-86.2', 'likelihood': -3}, {'offset': 2, 'projected_percent': '-88.9', 'likelihood': -3}]",,False,0,3,3.0,3.0,2,Ethan,3.0,338,False,,,55,199598.jpg,3.0,False,Ampadu,1.1,False,,a,13,2,9,9445,1292,36194,7484,0.5,1.6,Ampadu,,244.0,2023-07-19,2000-09-14,False,p199598,270,0,0,1,2,0,0,0,0,0,0,0,43,61.8,41.2,1.0,10.4,17,9,8,34,3,0.01,0.14,0.15,4.52,,,,,,,[],,70,23,86,59,294,143,122,59,0.0,0.0,0.05,0.05,1.51,0.67,133,81,122,51,137,56,185,57,1.0,0.33,11.33
404,True,True,,,180135,-1,1,-1,1,-10.7,-2,"[{'offset': 0, 'projected_percent': '-11.5', 'likelihood': -1}, {'offset': 1, 'projected_percent': '-12.8', 'likelihood': -1}, {'offset': 2, 'projected_percent': '-14.1', 'likelihood': -1}]",,False,0,3,0.3,0.3,0,Sean,0.3,339,False,,,49,180135.jpg,1.0,False,Longstaff,0.1,False,,a,13,2,1,1580,366,5119,884,0.1,0.2,Longstaff,,241.0,2025-07-18,1997-10-30,False,p180135,8,0,0,0,0,0,0,0,0,0,0,0,3,0.0,0.2,0.0,0.0,0,0,0,0,0,0.00,0.00,0.00,0.07,3.0,,2.0,,,,[],,512,199,347,172,471,176,518,203,0.0,0.0,0.0,0.0,0.79,0.0,374,225,347,157,293,122,421,163,0.0,0.0,0.0
405,True,False,0.0,0.0,492859,0,0,0,0,0.0,-2,"[{'offset': 0, 'projected_percent': '0.0', 'likelihood': 0}, {'offset': 1, 'projected_percent': '0.0', 'likelihood': 0}, {'offset': 2, 'projected_percent': '0.0', 'likelihood': 0}]",,False,0,3,0.0,0.0,0,Wilfried,0.0,341,False,Has joined ACF Fiorentina on loan for the rest of the season,2026-09-02T16:04:47.189648Z,50,492859.jpg,0.0,False,Gnonto,0.0,False,,u,13,2,0,244,0,1433,289,0.0,0.0,Gnonto,,106.0,2022-09-01,2003-11-05,False,p492859,0,0,0,0,0,0,0,0,0,0,0,0,0,0.0,0.0,0.0,0.0,0,0,0,0,0,0.00,0.00,0.00,0.00,,,,,,,[],,569,237,575,243,553,226,576,240,0.0,0.0,0.0,0.0,0.0,0.0,319,191,584,244,584,244,602,256,0.0,0.0,0.0
406,True,False,0.0,0.0,221399,0,0,0,0,0.0,0,"[{'offset': 0, 'projected_percent': '0.0', 'likelihood': 0}, {'offset': 1, 'projected_percent': '0.0', 'likelihood': 0}, {'offset': 2, 'projected_percent': '0.0', 'likelihood': 0}]",,False,0,3,0.0,0.0,0,Jack,0.0,342,False,Has joined New England Revolution permanently,2026-07-28T12:59:09.492431Z,50,221399.jpg,0.0,False,Harrison,0.0,False,,u,13,2,0,0,0,60,7,0.0,0.0,Harrison,,241.0,2021-07-02,1996-11-20,False,p221399,0,0,0,0,0,0,0,0,0,0,0,0,0,0.0,0.0,0.0,0.0,0,0,0,0,0,0.00,0.00,0.00,0.00,,,,,,,[],,547,225,549,231,522,211,553,228,0.0,0.0,0.0,0.0,0.0,0.0,274,171,563,233,563,233,652,290,0.0,0.0,0.0
407,True,True,,,200617,0,0,0,0,-71.6,0,"[{'offset': 0, 'projected_percent': '-71.6', 'likelihood': -3}, {'offset': 1, 'projected_percent': '-71.6', 'likelihood': -3}, {'offset': 2, 'projected_percent': '-71.6', 'likelihood': -3}]",,False,0,3,0.3,0.3,0,Daniel,0.3,343,False,,,50,200617.jpg,1.0,False,James,0.1,False,,a,13,2,1,2858,396,4973,946,0.1,0.2,James,,244.0,2021-08-31,1997-11-10,False,p200617,22,0,0,0,0,0,0,0,0,0,0,0,2,0.0,1.1,12.0,1.1,0,2,0,2,0,0.24,0.01,0.25,0.93,,,,,,,[],,544,223,304,152,176,87,317,143,0.98,0.0,0.04,1.02,3.8,0.0,260,162,360,165,314,136,416,161,0.0,0.0,8.18
408,True,True,25.0,25.0,486520,0,0,0,0,-6.6,0,"[{'offset': 0, 'projected_percent': '-6.6', 'likelihood': -1}, {'offset': 1, 'projected_percent': '-6.6', 'likelihood': -1}, {'offset': 2, 'projected_percent': '-6.6', 'likelihood': -1}]",,False,0,3,0.0,0.0,0,Ilia,0.0,344,False,Knee injury - 25% chance of playing,2026-08-14T23:00:06.272027Z,50,486520.jpg,0.0,False,Gruev,0.0,False,,d,13,2,0,49,7,224,24,0.0,0.0,Gruev,,34.0,2023-08-31,2000-05-06,False,p486520,0,0,0,0,0,0,0,0,0,0,0,0,0,0.0,0.0,0.0,0.0,0,0,0,0,0,0.00,0.00,0.00,0.00,,,,,,,[],,562,232,568,238,546,221,569,235,0.0,0.0,0.0,0.0,0.0,0.0,310,185,578,240,578,240,636,277,0.0,0.0,0.0
409,True,True,,,248056,0,0,-1,1,0.8,3,"[{'offset': 0, 'projected_percent': '0.8', 'likelihood': 1}, {'offset': 1, 'projected_percent': '0.8', 'likelihood': 1}, {'offset': 2, 'projected_percent': '0.9', 'likelihood': 1}]",,False,0,3,2.0,2.0,5,Tanaka,2.0,345,False,,,49,248056.jpg,3.0,False,Ao,0.2,False,,a,13,2,6,7394,3029,10095,1361,0.4,1.2,Tanaka,,108.0,2024-08-30,1998-09-10,False,p248056,117,0,1,0,1,0,0,0,0,0,0,0,24,40.8,14.0,13.0,6.8,8,6,5,19,1,0.53,0.02,0.55,2.00,4.0,,,,,,[],,145,53,194,108,168,81,188,87,0.41,0.0,0.02,0.43,1.54,0.77,387,233,176,76,126,51,323,116,0.77,0.0,14.62
410,True,True,,,177815,0,0,0,0,-34.2,-409,"[{'offset': 0, 'projected_percent': '-35.6', 'likelihood': -2}, {'offset': 1, 'projected_percent': '-37.9', 'likelihood': -2}, {'offset': 2, 'projected_percent': '-40.2', 'likelihood': -3}]",,False,0,4,3.3,3.3,1,Dominic,3.3,346,False,,,60,177815.jpg,3.3,False,Calvert-Lewin,24.2,False,,a,13,2,10,330439,47539,740515,208351,0.6,1.7,Calvert-Lewin,,241.0,2025-08-15,1997-03-16,False,p177815,252,1,0,1,2,0,0,0,2,0,0,2,29,42.8,16.1,67.0,12.1,4,5,0,9,3,1.61,0.08,1.69,3.20,,,,,1.0,,[],,139,9,185,22,34,12,86,12,0.58,0.0,0.03,0.61,1.14,0.71,62,14,105,10,116,13,11,3,1.07,0.36,3.21
411,True,True,,,174594,-1,1,-1,1,0.2,4,"[{'offset': 0, 'projected_percent': '0.2', 'likelihood': 1}, {'offset': 1, 'projected_percent': '0.3', 'likelihood': 1}, {'offset': 2, 'projected_percent': '0.3', 'likelihood': 1}]",,False,0,4,1.7,1.7,1,Lukas,1.7,347,False,,,54,174594.jpg,2.5,False,Nmecha,0.5,False,,a,13,2,5,9814,2470,21573,3490,0.3,0.9,Nmecha,,80.0,2025-07-01,1998-12-14,False,p174594,38,0,1,0,0,0,0,0,0,0,0,0,20,18.2,22.1,15.0,5.4,0,1,0,1,0,0.27,0.14,0.41,2.25,,,,,2.0,,[],,225,19,158,16,155,27,221,24,0.64,0.0,0.33,0.97,5.33,0.0,192,45,208,18,163,18,255,43,0.0,0.0,2.37
412,True,False,0.0,0.0,235826,0,0,0,0,0.0,-5,"[{'offset': 0, 'projected_percent': '0.0', 'likelihood': 0}, {'offset': 1, 'projected_percent': '0.0', 'likelihood': 0}, {'offset': 2, 'projected_percent': '0.0', 'likelihood': 0}]",,False,0,4,0.0,0.0,0,Joël,0.0,348,False,Has joined West Ham United on loan for the rest of the season,2026-08-19T13:56:14.666726Z,50,235826.jpg,0.0,False,Piroe,0.1,False,,u,13,2,0,0,0,9144,848,0.0,0.0,Piroe,,203.0,2023-08-24,1999-08-02,False,p235826,0,0,0,0,0,0,0,0,0,0,0,0,0,0.0,0.0,0.0,0.0,0,0,0,0,0,0.00,0.00,0.00,0.00,,,,,3.0,,[],,552,54,554,59,529,56,559,58,0.0,0.0,0.0,0.0,0.0,0.0,284,55,568,61,568,61,461,65,0.0,0.0,0.0
413,True,True,0.0,0.0,565297,0,0,0,0,-27.3,0,"[{'offset': 0, 'projected_percent': '-27.3', 'likelihood': -2}, {'offset': 1, 'projected_percent': '-27.3', 'likelihood': -2}, {'offset': 2, 'projected_percent': '-27.3', 'likelihood': -2}]",,False,0,4,0.0,0.0,0,Mateo,0.0,349,False,Knee injury - Unknown return date,2026-07-29T18:00:10.338170Z,45,565297.jpg,0.0,False,Joseph Fernández-Regatillo,0.1,False,,i,13,2,0,1669,397,2659,526,0.0,0.0,Mateo Joseph,,200.0,2022-11-04,2003-10-19,False,p565297,0,0,0,0,0,0,0,0,0,0,0,0,0,0.0,0.0,0.0,0.0,0,0,0,0,0,0.00,0.00,0.00,0.00,,,,,,,[],,478,46,477,51,435,48,484,50,0.0,0.0,0.0,0.0,0.0,0.0,533,72,501,53,501,53,494,68,0.0,0.0,0.0
414,True,True,,,432720,0,0,0,0,27.0,31,"[{'offset': 0, 'projected_percent': '27.2', 'likelihood': 2}, {'offset': 1, 'projected_percent': '27.6', 'likelihood': 2}, {'offset': 2, 'projected_percent': '28.0', 'likelihood': 2}]",,False,0,1,5.0,5.0,3,James,5.0,385,False,,,50,432720.jpg,5.0,False,Trafford,5.4,False,,a,13,2,15,174125,28834,84162,20238,1.0,3.0,Trafford,,241.0,2026-08-06,2002-10-10,False,p432720,270,0,0,1,2,0,0,0,0,0,11,2,66,91.8,0.0,0.0,9.2,2,31,0,0,3,0.00,0.00,0.00,4.52,,,,,,,[],,25,4,557,62,532,62,142,4,0.0,3.67,0.0,0.0,1.51,0.67,288,11,48,2,52,3,68,10,1.0,0.33,0.0
415,True,True,,,173774,0,0,0,0,0.1,3,"[{'offset': 0, 'projected_percent': '0.2', 'likelihood': 1}, {'offset': 1, 'projected_percent': '0.2', 'likelihood': 1}, {'offset': 2, 'projected_percent': '0.2', 'likelihood': 1}]",,False,0,2,1.7,1.7,4,Nico,1.7,598,False,,,45,173774.jpg,2.5,False,Elvedi,0.0,False,,a,13,2,5,1686,603,1158,351,0.4,1.1,Elvedi,,207.0,2026-08-19,1996-09-30,False,p173774,146,0,0,0,2,0,0,0,0,0,0,0,21,43.6,22.2,12.0,7.8,15,4,1,16,1,0.00,0.57,0.57,3.51,,,,,,,[],,136,61,156,50,175,60,163,65,0.0,0.0,0.35,0.35,2.16,1.23,450,93,199,75,160,62,536,186,0.62,0.0,9.86
416,True,True,,,643970,0,0,0,0,0.0,2,"[{'offset': 0, 'projected_percent': '0.1', 'likelihood': 1}, {'offset': 1, 'projected_percent': '0.1', 'likelihood': 1}, {'offset': 2, 'projected_percent': '0.1', 'likelihood': 1}]",,False,0,2,0.0,0.0,0,Jayden,0.0,603,False,,,40,643970.jpg,0.0,False,Lienou,0.1,False,,a,13,2,0,4724,700,2014,559,0.0,0.0,Lienou,,244.0,2026-05-10,2008-04-08,False,p643970,0,0,0,0,0,0,0,0,0,0,0,0,0,0.0,0.0,0.0,0.0,0,0,0,0,0,0.00,0.00,0.00,0.00,,,,,,,[],,416,164,411,164,356,149,422,162,0.0,0.0,0.0,0.0,0.0,0.0,652,212,441,168,441,168,428,152,0.0,0.0,0.0
417,True,True,,,592740,0,0,0,0,0.3,2,"[{'offset': 0, 'projected_percent': '0.3', 'likelihood': 1}, {'offset': 1, 'projected_percent': '0.3', 'likelihood': 1}, {'offset': 2, 'projected_percent': '0.3', 'likelihood': 1}]",,False,0,3,0.0,0.0,0,Alfie,0.0,604,False,,,45,592740.jpg,0.0,False,Cresswell,0.1,False,,a,13,2,0,10937,1986,4058,1154,0.0,0.0,Cresswell,,241.0,2026-05-16,2007-07-15,False,p592740,0,0,0,0,0,0,0,0,0,0,0,0,0,0.0,0.0,0.0,0.0,0,0,0,0,0,0.00,0.00,0.00,0.00,,,,,,,[],,486,186,485,194,443,163,492,190,0.0,0.0,0.0,0.0,0.0,0.0,544,279,509,199,509,199,376,137,0.0,0.0,0.0
418,True,True,,,97846,0,0,0,0,0.0,0,"[{'offset': 0, 'projected_percent': '0.0', 'likelihood': 0}, {'offset': 1, 'projected_percent': '0.0', 'likelihood': 0}, {'offset': 2, 'projected_percent': '0.0', 'likelihood': 0}]",2026-09-12T18:33:52.851482Z,False,0,1,0.0,0.0,0,Alex,0.0,625,False,,,40,97846.jpg,0.0,False,Cairns,0.2,False,,a,13,2,0,12768,3343,2363,979,0.0,0.0,Cairns,,241.0,2024-07-08,1993-01-04,False,p97846,0,0,0,0,0,0,0,0,0,0,0,0,0,0.0,0.0,0.0,0.0,0,0,0,0,0,0.00,0.00,0.00,0.00,,,,,,,[],,370,30,363,11,303,8,375,30,0.0,0.0,0.0,0.0,0.0,0.0,586,56,395,30,395,30,353,39,0.0,0.0,0.0
419,True,True,,,155465,0,0,0,0,0.0,0,"[{'offset': 0, 'projected_percent': '0.0', 'likelihood': 0}, {'offset': 1, 'projected_percent': '0.0', 'likelihood': 0}, {'offset': 2, 'projected_percent': '0.0', 'likelihood': 0}]",2026-09-14T13:03:17.957155Z,False,0,1,1.0,1.0,0,Michael,0.0,629,False,,,40,155465.jpg,0.0,False,Zetterer,0.4,False,,a,13,2,0,25353,12079,3349,2042,0.0,0.0,Zetterer,,80.0,2026-08-29,1995-07-12,False,p155465,0,0,0,0,0,0,0,0,0,0,0,0,0,0.0,0.0,0.0,0.0,0,0,0,0,0,0.00,0.00,0.00,0.00,,,,,,,[],,374,32,367,13,307,10,379,32,0.0,0.0,0.0,0.0,0.0,0.0,590,58,399,32,399,32,272,35,0.0,0.0,0.0
420,True,True,,,437497,0,0,0,0,0.0,0,"[{'offset': 0, 'projected_percent': '0.0', 'likelihood': 0}, {'offset': 1, 'projected_percent': '0.0', 'likelihood': 0}, {'offset': 2, 'projected_percent': '0.0', 'likelihood': 0}]",2026-09-15T14:54:51.579697Z,False,0,2,1.8,1.8,0,Melvin,0.0,641,False,,,45,437497.jpg,0.0,False,Bard,0.0,False,,a,13,2,0,324,147,75,47,0.0,0.0,Bard,,73.0,2026-09-01,2000-11-06,False,p437497,0,0,0,0,0,0,0,0,0,0,0,0,0,0.0,0.0,0.0,0.0,0,0,0,0,0,0.00,0.00,0.00,0.00,,,,,,,[],,447,178,445,178,397,168,453,176,0.0,0.0,0.0,0.0,0.0,0.0,486,120,471,181,471,181,634,211,0.0,0.0,0.0
421,True,True,,,587982,0,0,0,0,0.0,0,"[{'offset': 0, 'projected_percent': '0.0', 'likelihood': 0}, {'offset': 1, 'projected_percent': '0.0', 'likelihood': 0}, {'offset': 2, 'projected_percent': '0.0', 'likelihood': 0}]",2026-09-15T14:58:14.411580Z,False,0,3,1.5,1.5,0,Jean-Mattéo,0.0,648,False,,,50,587982.jpg,0.0,False,Bahoya,0.0,False,,a,13,2,0,1514,499,373,177,0.0,0.0,Bahoya,,73.0,2026-09-01,2005-05-07,False,p587982,0,0,0,0,0,0,0,0,0,0,0,0,0,0.0,0.0,0.0,0.0,0,0,0,0,0,0.00,0.00,0.00,0.00,,,,,,,[],,583,246,590,252,571,238,590,249,0.0,0.0,0.0,0.0,0.0,0.0,351,214,598,253,598,253,590,247,0.0,0.0,0.0
422,True,True,,,116535,0,0,0,0,-4.2,43,"[{'offset': 0, 'projected_percent': '-3.3', 'likelihood': -1}, {'offset': 1, 'projected_percent': '-1.7', 'likelihood': -1}, {'offset': 2, 'projected_percent': '-0.2', 'likelihood': -1}]",,False,0,1,3.3,3.3,8,Alisson,3.3,350,False,,,55,116535.jpg,3.3,False,Becker,3.8,False,,a,14,14,10,85712,17884,92762,13549,0.6,1.8,A.Becker,Alisson Becker,30.0,2018-07-19,1992-10-02,False,p116535,270,0,0,1,4,0,0,0,1,0,9,1,37,55.8,0.0,0.0,5.6,6,24,0,0,3,0.00,0.00,0.00,4.63,,,,,,,[],,97,14,616,69,605,69,214,14,0.0,3.0,0.0,0.0,1.54,1.33,125,3,101,8,112,8,88,14,1.0,0.33,0.0
423,True,True,,,449027,0,0,-1,1,-27.2,1,"[{'offset': 0, 'projected_percent': '-26.5', 'likelihood': -2}, {'offset': 1, 'projected_percent': '-25.3', 'likelihood': -2}, {'offset': 2, 'projected_percent': '-24.1', 'likelihood': -2}]",,False,0,1,0.0,0.0,0,Giorgi,0.0,351,False,,,49,449027.jpg,0.0,False,Mamardashvili,0.1,False,,a,14,14,0,2020,360,6044,1166,0.0,0.0,Mamardashvili,,79.0,2024-08-27,2000-09-29,False,p449027,0,0,0,0,0,0,0,0,0,0,0,0,0,0.0,0.0,0.0,0.0,0,0,0,0,0,0.00,0.00,0.00,0.00,,,,,,,[],,523,68,524,56,486,55,531,68,0.0,0.0,0.0,0.0,0.0,0.0,395,21,544,68,544,68,384,45,0.0,0.0,0.0
424,True,True,,,155503,0,0,0,0,-11.1,-8,"[{'offset': 0, 'projected_percent': '-11.7', 'likelihood': -1}, {'offset': 1, 'projected_percent': '-12.7', 'likelihood': -1}, {'offset': 2, 'projected_percent': '-13.7', 'likelihood': -1}]",,False,0,1,0.0,0.0,0,Freddie,0.0,352,False,,,40,155503.jpg,0.0,False,Woodman,1.1,False,,a,14,14,0,13308,1818,17183,3713,0.0,0.0,Woodman,,241.0,2025-07-01,1997-03-04,False,p155503,0,0,0,0,0,0,0,0,0,0,0,0,0,0.0,0.0,0.0,0.0,0,0,0,0,0,0.00,0.00,0.00,0.00,,,,,,,[],,375,33,368,14,308,11,380,33,0.0,0.0,0.0,0.0,0.0,0.0,591,59,400,33,400,33,186,28,0.0,0.0,0.0
425,True,False,0.0,0.0,586268,0,0,0,0,0.0,0,"[{'offset': 0, 'projected_percent': '0.0', 'likelihood': 0}, {'offset': 1, 'projected_percent': '0.0', 'likelihood': 0}, {'offset': 2, 'projected_percent': '0.0', 'likelihood': 0}]",,False,0,1,0.0,0.0,0,Armin,0.0,353,False,Has joined TSV Hartberg on loan for the rest of the season,2026-08-18T14:11:18.638344Z,40,586268.jpg,0.0,False,Pecsi,0.0,False,,u,14,14,0,0,0,833,101,0.0,0.0,Pecsi,,,,,False,p586268,0,0,0,0,0,0,0,0,0,0,0,0,0,0.0,0.0,0.0,0.0,0,0,0,0,0,0.00,0.00,0.00,0.00,,,,,,,[],,412,45,407,26,351,23,418,45,0.0,0.0,0.0,0.0,0.0,0.0,646,71,437,45,437,45,569,67,0.0,0.0,0.0
426,True,True,0.0,0.0,432987,0,0,0,0,0.0,0,"[{'offset': 0, 'projected_percent': '0.0', 'likelihood': 0}, {'offset': 1, 'projected_percent': '0.0', 'likelihood': 0}, {'offset': 2, 'projected_percent': '0.0', 'likelihood': 0}]",,False,0,1,0.0,0.0,0,Vitezslav,0.0,354,False,Knee injury - Unknown return date,2026-07-29T18:00:10.351066Z,40,432987.jpg,0.0,False,Jaros,0.0,False,,i,14,14,0,1030,318,686,171,0.0,0.0,Jaros,,57.0,2019-07-10,2001-07-23,False,p432987,0,0,0,0,0,0,0,0,0,0,0,0,0,0.0,0.0,0.0,0.0,0,0,0,0,0,0.00,0.00,0.00,0.00,,,,,,,[],https://www.liverpoolfc.com/news/ajax-issue-vitezslav-jaros-injury-update,385,38,380,19,322,16,391,38,0.0,0.0,0.0,0.0,0.0,0.0,610,64,410,38,410,38,575,68,0.0,0.0,0.0
427,True,True,,,464353,0,0,0,0,0.1,2,"[{'offset': 0, 'projected_percent': '0.1', 'likelihood': 1}, {'offset': 1, 'projected_percent': '0.2', 'likelihood': 1}, {'offset': 2, 'projected_percent': '0.2', 'likelihood': 1}]",,False,0,1,0.0,0.0,0,Harvey,0.0,355,False,,,40,464353.jpg,0.0,False,Davies,0.2,False,,a,14,14,0,2974,613,2422,570,0.0,0.0,Davies,,241.0,2021-03-09,2003-09-03,False,p464353,0,0,0,0,0,0,0,0,0,0,0,0,0,0.0,0.0,0.0,0.0,0,0,0,0,0,0.00,0.00,0.00,0.00,,,,,,,[],,390,41,385,22,327,19,396,41,0.0,0.0,0.0,0.0,0.0,0.0,620,67,415,41,415,41,363,41,0.0,0.0,0.0
428,True,True,,,97032,0,0,0,0,-38.0,62,"[{'offset': 0, 'projected_percent': '-37.7', 'likelihood': -2}, {'offset': 1, 'projected_percent': '-37.2', 'likelihood': -2}, {'offset': 2, 'projected_percent': '-36.7', 'likelihood': -2}]",,False,0,2,3.0,3.0,6,Virgil,3.0,356,False,,,65,97032.jpg,3.0,False,van Dijk,17.3,False,,a,14,14,9,182311,40047,413446,60891,0.5,1.4,Virgil,,152.0,2018-01-01,1991-07-08,False,p97032,270,0,0,1,4,0,0,0,1,0,0,0,45,73.4,7.7,26.0,10.7,20,15,5,25,3,0.25,0.06,0.31,4.63,,,,,,,[],,45,18,229,78,108,31,115,42,0.08,0.0,0.02,0.1,1.54,1.33,33,2,125,50,141,57,22,6,1.0,0.33,8.33
429,True,True,,,216094,-1,1,-1,1,-25.4,-157,"[{'offset': 0, 'projected_percent': '-28.4', 'likelihood': -2}, {'offset': 1, 'projected_percent': '-33.4', 'likelihood': -2}, {'offset': 2, 'projected_percent': '-38.4', 'likelihood': -2}]",,False,0,2,0.3,0.3,0,Jeremie,0.3,357,False,,,54,216094.jpg,0.5,False,Frimpong,2.5,False,,a,14,14,1,51966,2352,152714,48745,0.1,0.2,Frimpong,,152.0,2025-06-01,2000-12-10,False,p216094,160,0,0,0,4,0,0,0,1,0,0,0,12,26.4,51.6,14.0,9.2,5,6,3,8,2,0.01,0.11,0.12,3.81,,,,,,,[],,199,85,59,13,161,54,143,55,0.01,0.0,0.06,0.07,2.14,2.25,199,25,368,133,384,135,115,46,1.12,0.0,4.5
430,True,True,,,544877,-1,1,-1,1,-1.7,-35,"[{'offset': 0, 'projected_percent': '-2.3', 'likelihood': -1}, {'offset': 1, 'projected_percent': '-3.2', 'likelihood': -1}, {'offset': 2, 'projected_percent': '-4.2', 'likelihood': -1}]",,False,0,2,2.0,2.0,5,Milos,2.0,358,False,,,54,544877.jpg,2.0,False,Kerkez,2.8,False,,a,14,14,6,35485,5841,116067,16629,0.4,1.1,Kerkez,,98.0,2025-06-26,2003-11-07,False,p544877,250,0,0,1,4,0,0,0,2,0,0,0,35,55.8,37.9,12.0,10.6,14,8,6,20,3,0.02,0.06,0.08,4.56,,,,,,,[],,96,44,100,28,178,61,118,44,0.01,0.0,0.02,0.03,1.64,1.44,226,30,189,71,213,81,109,43,1.08,0.36,7.2
431,True,True,0.0,0.0,171287,0,0,0,0,-89.8,-2,"[{'offset': 0, 'projected_percent': '-94.2', 'likelihood': -3}, {'offset': 1, 'projected_percent': '-101.6', 'likelihood': -5}, {'offset': 2, 'projected_percent': '-109.0', 'likelihood': -5}]",,False,0,2,0.0,0.0,0,Joe,0.0,359,False,Muscular injury - Unknown return date,2026-07-26T08:30:10.078473Z,50,171287.jpg,0.0,False,Gomez,0.0,False,,i,14,14,0,179,30,852,118,0.0,0.0,Gomez,,241.0,2015-06-20,1997-05-23,False,p171287,0,0,0,0,0,0,0,0,0,0,0,0,0,0.0,0.0,0.0,0.0,0,0,0,0,0,0.00,0.00,0.00,0.00,,,,,,,[],https://www.liverpoolfc.com/news/andoni-iraola-pre-season-win-over-sunderland-it-will-give-us-good-starting-point,541,200,542,200,514,196,548,199,0.0,0.0,0.0,0.0,0.0,0.0,254,38,558,201,558,201,588,199,0.0,0.0,0.0
432,True,True,0.0,0.0,492777,0,0,0,0,-54.0,0,"[{'offset': 0, 'projected_percent': '-54.0', 'likelihood': -3}, {'offset': 1, 'projected_percent': '-54.0', 'likelihood': -3}, {'offset': 2, 'projected_percent': '-54.0', 'likelihood': -3}]",,False,0,2,0.0,0.0,0,Conor,0.0,360,False,Knee injury - Unknown return date,2026-07-23T12:01:23.565711Z,50,492777.jpg,0.0,False,Bradley,0.0,False,,i,14,14,0,235,42,536,99,0.0,0.0,Bradley,,242.0,2023-09-25,2003-07-09,False,p492777,0,0,0,0,0,0,0,0,0,0,0,0,0,0.0,0.0,0.0,0.0,0,0,0,0,0,0.00,0.00,0.00,0.00,,,,,,,[],,568,206,574,206,552,204,575,206,0.0,0.0,0.0,0.0,0.0,0.0,318,57,583,207,583,207,603,203,0.0,0.0,0.0
433,True,True,,,519440,0,0,0,0,-19.6,0,"[{'offset': 0, 'projected_percent': '-19.6', 'likelihood': -1}, {'offset': 1, 'projected_percent': '-19.6', 'likelihood': -1}, {'offset': 2, 'projected_percent': '-19.6', 'likelihood': -1}]",,False,0,2,0.0,0.0,0,Wellity,0.0,361,False,,,40,519440.jpg,0.0,False,Lucky,0.1,False,,a,14,14,0,2467,439,3368,803,0.0,0.0,Lucky,,,,,False,p519440,0,0,0,0,0,0,0,0,0,0,0,0,0,0.0,0.0,0.0,0.0,0,0,0,0,0,0.00,0.00,0.00,0.00,,,,,,,[],,400,149,395,149,337,131,406,147,0.0,0.0,0.0,0.0,0.0,0.0,631,192,425,153,425,153,396,146,0.0,0.0,0.0
434,True,True,100.0,100.0,606702,0,0,0,0,14.8,34,"[{'offset': 0, 'projected_percent': '15.0', 'likelihood': 1}, {'offset': 1, 'projected_percent': '15.5', 'likelihood': 1}, {'offset': 2, 'projected_percent': '15.9', 'likelihood': 1}]",,False,0,2,3.0,3.0,5,Jeremy,3.0,362,False,,2026-07-23T12:01:23.581126Z,50,606702.jpg,3.0,False,Jacquet,2.7,False,,a,14,14,9,101709,22174,74394,15721,0.6,1.8,Jacquet,,73.0,2026-07-01,2005-07-13,False,p606702,235,0,0,1,4,0,0,0,1,0,0,0,50,66.0,39.5,4.0,10.9,16,10,7,23,3,0.00,0.10,0.10,4.02,,,,,,,[],,63,30,92,24,245,91,109,37,0.0,0.0,0.04,0.04,1.54,1.53,352,61,119,46,134,52,114,45,1.15,0.38,8.81
435,True,True,0.0,0.0,647681,0,0,0,0,-30.1,0,"[{'offset': 0, 'projected_percent': '-30.1', 'likelihood': -2}, {'offset': 1, 'projected_percent': '-30.1', 'likelihood': -2}, {'offset': 2, 'projected_percent': '-30.1', 'likelihood': -2}]",,False,0,2,0.0,0.0,0,Giovanni,0.0,363,False,Knee injury - Unknown return date,2026-07-23T12:01:23.596909Z,40,647681.jpg,0.0,False,Leoni,0.0,False,,i,14,14,0,608,94,1387,251,0.0,0.0,Leoni,,106.0,2025-08-15,2006-12-21,False,p647681,0,0,0,0,0,0,0,0,0,0,0,0,0,0.0,0.0,0.0,0.0,0,0,0,0,0,0.00,0.00,0.00,0.00,,,,,,,[],https://www.liverpoolfc.com/news/liverpools-injury-list-suspensions-and-availability?utm_source=premier-league-web&utm_medium=referral&utm_campaign=pl-referral-always-on&utm_term=injuries&utm_content=club-injury-article,417,165,412,165,357,150,423,163,0.0,0.0,0.0,0.0,0.0,0.0,653,213,442,169,442,169,524,182,0.0,0.0,0.0
436,True,True,,,214285,-1,1,-1,1,-5.7,-4,"[{'offset': 0, 'projected_percent': '-8.4', 'likelihood': -1}, {'offset': 1, 'projected_percent': '-12.8', 'likelihood': -1}, {'offset': 2, 'projected_percent': '-17.2', 'likelihood': -1}]",,False,0,2,0.3,0.3,0,Kostas,0.3,364,False,,,49,214285.jpg,1.0,False,Tsimikas,0.1,False,,a,14,14,1,983,157,2851,782,0.1,0.2,Tsimikas,,83.0,2020-08-10,1996-05-12,False,p214285,19,0,0,0,0,0,0,0,0,0,0,0,4,3.6,1.3,9.0,1.4,0,0,0,0,0,0.04,0.01,0.05,0.07,,,,,,,[],,320,123,297,110,197,68,310,115,0.19,0.0,0.05,0.24,0.33,0.0,378,68,349,128,295,118,467,166,0.0,0.0,0.0
437,True,False,0.0,0.0,489580,0,0,0,0,0.0,-10,"[{'offset': 0, 'projected_percent': '0.0', 'likelihood': 0}, {'offset': 1, 'projected_percent': '0.0', 'likelihood': 0}, {'offset': 2, 'projected_percent': '0.0', 'likelihood': 0}]",,False,0,2,0.0,0.0,0,Calvin,0.0,365,False,Has joined St Mirren on loan for the rest of the season,2026-08-26T14:05:26.748768Z,40,489580.jpg,0.0,False,Ramsay,0.1,False,,u,14,14,0,638,0,10104,1137,0.0,0.0,Ramsay,,243.0,2022-06-19,2003-07-31,False,p489580,0,0,0,0,0,0,0,0,0,0,0,0,0,0.0,0.0,0.0,0.0,0,0,0,0,0,0.00,0.00,0.00,0.00,,,,,,,[],,394,145,389,145,331,127,400,143,0.0,0.0,0.0,0.0,0.0,0.0,624,187,419,149,419,149,409,149,0.0,0.0,0.0
438,True,True,,,494595,-1,1,-1,1,-26.5,-392,"[{'offset': 0, 'projected_percent': '-28.7', 'likelihood': -2}, {'offset': 1, 'projected_percent': '-32.4', 'likelihood': -2}, {'offset': 2, 'projected_percent': '-36.1', 'likelihood': -2}]",,False,0,3,3.0,3.0,3,Florian,3.0,366,False,,,74,494595.jpg,3.0,False,Wirtz,8.5,False,,a,14,14,9,100270,6317,441286,127645,0.4,1.2,Wirtz,,80.0,2025-06-20,2003-05-03,False,p494595,242,0,1,1,4,0,0,0,1,0,0,0,53,44.2,76.2,73.0,19.4,0,15,4,19,3,0.67,0.29,0.96,3.46,3.0,,2.0,,4.0,,[],,135,51,29,25,24,13,30,23,0.25,0.0,0.11,0.36,1.29,1.49,20,13,126,52,143,58,50,19,1.12,0.37,7.07
439,True,True,,,243298,1,-1,2,-2,18.7,2037,"[{'offset': 0, 'projected_percent': '24.6', 'likelihood': 2}, {'offset': 1, 'projected_percent': '34.5', 'likelihood': 2}, {'offset': 2, 'projected_percent': '44.4', 'likelihood': 3}]",,False,2,3,9.3,9.3,11,Cody,9.3,367,True,,,72,243298.jpg,9.3,False,Gakpo,13.8,False,,a,14,14,28,937517,496820,190114,31182,1.3,3.9,Gakpo,,152.0,2023-01-01,1999-05-07,False,p243298,250,1,3,1,4,0,0,0,0,0,0,5,97,116.8,104.5,56.0,27.7,7,12,6,25,3,0.36,1.20,1.56,4.56,2.0,,,,3.0,,[],,5,4,10,10,51,33,9,7,0.13,0.0,0.43,0.56,1.64,1.44,24,15,1,1,2,2,29,11,1.08,0.36,9.0
440,True,True,,,424876,0,0,0,0,-10.3,-793,"[{'offset': 0, 'projected_percent': '-12.0', 'likelihood': -1}, {'offset': 1, 'projected_percent': '-14.8', 'likelihood': -1}, {'offset': 2, 'projected_percent': '-17.6', 'likelihood': -1}]",,False,0,3,5.0,5.0,3,Dominik,5.0,368,False,,,70,424876.jpg,5.0,False,Szoboszlai,38.7,False,,a,14,14,15,583322,57298,737669,283836,0.7,2.1,Szoboszlai,,98.0,2023-07-02,2000-10-25,False,p424876,270,1,0,1,4,0,0,0,0,0,0,1,73,91.2,117.7,46.0,25.5,8,17,4,29,3,1.17,0.52,1.69,4.63,1.0,,1.0,,1.0,,[],,27,13,4,4,64,38,14,11,0.39,0.0,0.17,0.56,1.54,1.33,27,18,53,26,58,27,6,2,1.0,0.33,9.67
441,True,True,,,611922,-1,1,-2,2,-13.2,-52,"[{'offset': 0, 'projected_percent': '-17.2', 'likelihood': -1}, {'offset': 1, 'projected_percent': '-23.8', 'likelihood': -2}, {'offset': 2, 'projected_percent': '-30.4', 'likelihood': -2}]",,False,0,3,1.0,1.0,0,Rio,1.0,369,False,,,58,611922.jpg,1.5,False,Ngumoha,0.6,False,,a,14,14,3,9748,728,64311,14025,0.2,0.5,Ngumoha,,241.0,2024-12-17,2008-08-29,False,p611922,81,0,0,0,2,0,0,0,0,0,0,0,14,4.4,7.3,7.0,1.8,0,2,1,3,1,0.04,0.05,0.09,0.58,,,,,,,[],,309,138,231,121,220,111,300,134,0.04,0.0,0.06,0.1,0.64,2.22,116,76,276,126,248,112,238,80,1.11,0.0,3.33
442,True,True,0.0,0.0,223541,0,0,-1,1,-42.3,-4,"[{'offset': 0, 'projected_percent': '-44.4', 'likelihood': -3}, {'offset': 1, 'projected_percent': '-47.8', 'likelihood': -3}, {'offset': 2, 'projected_percent': '-51.2', 'likelihood': -3}]",,False,0,3,0.0,0.0,0,Federico,0.0,370,False,Back injury - Unknown return date,2026-08-27T13:30:07.598926Z,54,223541.jpg,0.0,False,Chiesa,0.1,False,,i,14,14,0,647,12,8627,831,0.0,0.0,Chiesa,,106.0,2024-08-29,1997-10-25,False,p223541,0,0,0,0,0,0,0,0,0,0,0,0,0,0.0,0.0,0.0,0.0,0,0,0,0,0,0.00,0.00,0.00,0.00,,,,,,,[],https://www.liverpoolfc.com/news/federico-chiesa-injury-update-0,598,254,605,260,589,249,605,257,0.0,0.0,0.0,0.0,0.0,0.0,200,125,613,261,613,261,482,191,0.0,0.0,0.0
443,True,True,,,441266,-1,1,-1,1,-19.5,-79,"[{'offset': 0, 'projected_percent': '-22.2', 'likelihood': -2}, {'offset': 1, 'projected_percent': '-26.5', 'likelihood': -2}, {'offset': 2, 'projected_percent': '-30.9', 'likelihood': -2}]",,False,0,3,2.3,2.3,1,Ryan,2.3,371,False,,,59,441266.jpg,2.3,False,Gravenberch,1.5,False,,a,14,14,7,28685,2906,82267,22114,0.4,1.2,Gravenberch,,152.0,2023-09-01,2002-05-16,False,p441266,122,0,1,0,2,0,0,0,0,0,0,0,35,31.0,29.8,4.0,6.5,3,9,2,14,1,0.06,0.06,0.12,1.34,,,,,,,[],,187,71,128,78,249,119,199,90,0.04,0.0,0.04,0.08,0.99,1.48,100,64,165,73,182,79,152,45,0.74,0.0,10.33
444,True,True,,,243016,-1,1,-1,1,-3.9,-29,"[{'offset': 0, 'projected_percent': '-4.9', 'likelihood': -1}, {'offset': 1, 'projected_percent': '-6.6', 'likelihood': -1}, {'offset': 2, 'projected_percent': '-8.4', 'likelihood': -1}]",,False,0,3,1.7,1.7,2,Alexis,1.7,372,False,,,54,243016.jpg,1.7,False,Mac Allister,1.4,False,,a,14,14,5,21789,4600,61178,11612,0.3,0.9,Mac Allister,,10.0,2023-06-14,1998-12-24,False,p243016,186,0,0,1,2,0,0,0,1,0,0,0,33,35.0,21.9,18.0,7.4,5,11,8,24,2,0.08,0.42,0.50,3.90,,,,,5.0,,[],,167,64,160,93,128,65,173,79,0.04,0.0,0.2,0.24,1.89,0.97,205,129,209,95,235,104,156,48,0.97,0.48,11.61
445,True,False,0.0,0.0,206915,0,0,0,0,0.0,0,"[{'offset': 0, 'projected_percent': '0.0', 'likelihood': 0}, {'offset': 1, 'projected_percent': '0.0', 'likelihood': 0}, {'offset': 2, 'projected_percent': '0.0', 'likelihood': 0}]",,False,0,3,0.0,0.0,0,Curtis,0.0,373,False,Has joined Internazionale permanently,2026-08-16T18:30:07.426408Z,55,206915.jpg,0.0,False,Jones,0.0,False,,u,14,14,0,34,0,2283,225,0.0,0.0,C.Jones,,241.0,2018-04-06,2001-01-30,False,p206915,0,0,0,0,0,0,0,0,0,0,0,0,0,0.0,0.0,0.0,0.0,0,0,0,0,0,0.00,0.00,0.00,0.00,,,,,,,[],,615,265,621,267,611,260,621,267,0.0,0.0,0.0,0.0,0.0,0.0,139,84,624,268,624,268,554,227,0.0,0.0,0.0
446,True,True,100.0,100.0,158983,0,0,0,0,-93.8,-2,"[{'offset': 0, 'projected_percent': '-96.8', 'likelihood': -4}, {'offset': 1, 'projected_percent': '-101.7', 'likelihood': -5}, {'offset': 2, 'projected_percent': '-106.6', 'likelihood': -5}]",,False,0,3,0.0,0.0,0,Endo,0.0,374,False,,2026-07-23T12:01:23.612529Z,50,158983.jpg,0.0,False,Wataru,0.1,False,,a,14,14,0,1602,319,3096,665,0.0,0.0,Endo,,108.0,2023-08-18,1993-02-09,False,p158983,0,0,0,0,0,0,0,0,0,0,0,0,0,0.0,0.0,0.0,0.0,0,0,0,0,0,0.00,0.00,0.00,0.00,,,,,,,[],,540,220,541,227,513,206,547,224,0.0,0.0,0.0,0.0,0.0,0.0,252,157,557,229,557,229,477,189,0.0,0.0,0.0
447,True,True,,,591386,-1,1,-1,1,-3.1,0,"[{'offset': 0, 'projected_percent': '-3.1', 'likelihood': -1}, {'offset': 1, 'projected_percent': '-3.1', 'likelihood': -1}, {'offset': 2, 'projected_percent': '-3.1', 'likelihood': -1}]",,False,0,3,0.7,0.7,1,Trey,0.7,375,False,,,49,591386.jpg,1.0,False,Nyoni,0.0,False,,a,14,14,2,916,274,1881,386,0.1,0.4,Nyoni,,241.0,2023-11-11,2007-06-30,False,p591386,19,0,0,0,0,0,0,0,0,0,0,0,6,6.6,2.3,0.0,0.9,1,2,2,5,0,0.00,0.00,0.00,0.22,,,,,,,[],,290,125,273,141,496,194,324,147,0.0,0.0,0.0,0.0,1.04,0.0,414,251,303,137,306,130,512,208,0.0,0.0,23.68
448,True,False,0.0,0.0,535928,0,0,0,0,0.0,0,"[{'offset': 0, 'projected_percent': '0.0', 'likelihood': 0}, {'offset': 1, 'projected_percent': '0.0', 'likelihood': 0}, {'offset': 2, 'projected_percent': '0.0', 'likelihood': 0}]",,False,0,3,0.0,0.0,0,Stefan,0.0,376,False,Has joined Celta Vigo permanently,2026-07-23T12:01:23.628373Z,50,535928.jpg,0.0,False,Bajčetić Maquieira,0.0,False,,u,14,14,0,19,0,83,11,0.0,0.0,Bajcetic,,200.0,2022-07-11,2004-10-22,False,p535928,0,0,0,0,0,0,0,0,0,0,0,0,0,0.0,0.0,0.0,0.0,0,0,0,0,0,0.00,0.00,0.00,0.00,,,,,,,[],https://www.liverpoolfc.com/news/liverpools-injury-list-suspensions-and-availability?utm_source=premier-league-web&utm_medium=referral&utm_campaign=pl-referral-always-on&utm_term=injuries&utm_content=club-injury-article,577,241,584,247,563,231,584,244,0.0,0.0,0.0,0.0,0.0,0.0,338,203,592,248,592,248,649,287,0.0,0.0,0.0
449,True,True,,,551499,0,0,0,0,23.7,-53,"[{'offset': 0, 'projected_percent': '23.3', 'likelihood': 2}, {'offset': 1, 'projected_percent': '22.6', 'likelihood': 2}, {'offset': 2, 'projected_percent': '21.9', 'likelihood': 2}]",,False,0,3,4.3,4.3,3,Victor,4.3,377,False,,,65,551499.jpg,4.3,False,Munoz,1.2,False,,a,14,14,13,98720,9023,44633,15519,0.7,2.0,Munoz,,200.0,2026-06-18,2003-07-13,False,p551499,180,1,1,1,2,0,0,0,1,0,0,0,48,47.0,30.0,49.0,12.6,4,5,2,11,2,0.42,0.25,0.67,3.95,,,,,,,[],,126,46,126,76,62,37,82,50,0.21,0.0,0.12,0.33,1.98,1.0,44,29,70,33,75,34,168,53,1.0,0.5,5.5
450,True,True,,,491501,0,0,0,0,-72.2,2,"[{'offset': 0, 'projected_percent': '-71.5', 'likelihood': -3}, {'offset': 1, 'projected_percent': '-70.3', 'likelihood': -3}, {'offset': 2, 'projected_percent': '-69.1', 'likelihood': -3}]",,False,0,3,0.0,0.0,0,James,0.0,378,False,,,45,491501.jpg,0.0,False,McConnell,0.2,False,,a,14,14,0,2838,551,7653,1430,0.0,0.0,McConnell,,241.0,2023-07-18,2004-09-13,False,p491501,0,0,0,0,0,0,0,0,0,0,0,0,0,0.0,0.0,0.0,0.0,0,0,0,0,0,0.00,0.00,0.00,0.00,,,,,,,[],,455,176,455,184,412,153,461,180,0.0,0.0,0.0,0.0,0.0,0.0,508,268,479,189,479,189,321,115,0.0,0.0,0.0
451,True,True,,,219168,1,-1,1,-1,1.6,1185,"[{'offset': 0, 'projected_percent': '5.0', 'likelihood': 1}, {'offset': 1, 'projected_percent': '10.8', 'likelihood': 1}, {'offset': 2, 'projected_percent': '16.6', 'likelihood': 1}]",,False,1,4,7.7,7.7,13,Alexander,7.7,379,True,,,91,219168.jpg,7.7,False,Isak,20.1,False,,a,14,14,23,604446,349823,345156,37174,0.8,2.5,Isak,,206.0,2025-09-01,1999-09-21,False,p219168,243,3,0,1,4,0,0,0,0,0,0,5,97,112.4,31.3,148.0,29.1,2,2,1,5,3,2.29,0.06,2.35,4.46,,,,,2.0,,[],,7,2,121,12,2,2,6,2,0.85,0.0,0.02,0.87,1.65,1.48,5,2,11,2,12,2,14,4,1.11,0.37,1.85
452,True,True,0.0,0.0,510663,-1,1,-1,1,-2.4,-2,"[{'offset': 0, 'projected_percent': '-2.7', 'likelihood': -1}, {'offset': 1, 'projected_percent': '-3.1', 'likelihood': -1}, {'offset': 2, 'projected_percent': '-3.5', 'likelihood': -1}]",,False,0,4,0.0,0.0,0,Hugo,0.0,380,False,Achilles injury - Unknown return date,2026-07-23T12:01:23.643771Z,74,510663.jpg,0.0,False,Ekitiké,0.1,False,,i,14,14,0,1707,302,8620,1381,0.0,0.0,Ekitiké,,73.0,2025-07-23,2002-06-20,False,p510663,0,0,0,0,0,0,0,0,0,0,0,0,0,0.0,0.0,0.0,0.0,0,0,0,0,0,0.00,0.00,0.00,0.00,,,,,,,[],https://www.liverpoolfc.com/news/lfc-fitness-update-bajcetic-bradley-ekitike-endo-and-leoni?utm_source=premier-league-web&utm_medium=referral&utm_campaign=pl-referral-always-on&utm_content=injuries-flag&utm_term=injury-news,652,77,652,77,652,77,652,77,0.0,0.0,0.0,0.0,0.0,0.0,21,7,651,77,651,77,408,58,0.0,0.0,0.0
453,True,True,,,514514,0,0,0,0,-62.4,-2,"[{'offset': 0, 'projected_percent': '-67.9', 'likelihood': -3}, {'offset': 1, 'projected_percent': '-77.2', 'likelihood': -3}, {'offset': 2, 'projected_percent': '-86.5', 'likelihood': -3}]",,False,0,3,0.7,0.7,1,Lewis,0.7,381,False,,,50,514514.jpg,1.0,False,Koumas,0.0,False,,a,14,14,2,391,74,758,170,0.1,0.4,Koumas,,244.0,2026-08-22,2005-09-19,False,p514514,13,0,0,0,0,0,0,0,0,0,0,0,7,1.2,0.5,7.0,0.9,0,1,0,1,0,0.03,0.00,0.03,0.58,,,,,,,[],,349,161,329,162,215,108,325,148,0.21,0.0,0.0,0.21,4.02,0.0,332,199,309,140,320,140,557,229,0.0,0.0,6.92
454,True,True,100.0,100.0,500058,0,0,0,0,0.0,0,"[{'offset': 0, 'projected_percent': '0.0', 'likelihood': 0}, {'offset': 1, 'projected_percent': '0.0', 'likelihood': 0}, {'offset': 2, 'projected_percent': '0.0', 'likelihood': 0}]",2026-09-11T11:00:08.494063Z,False,0,4,0.0,0.0,0,Jayden,0.0,382,False,,2026-07-23T12:01:23.659279Z,45,500058.jpg,0.0,False,Danns,0.1,False,,a,14,14,0,7193,3969,2734,1226,0.0,0.0,Danns,,,,,False,p500058,0,0,0,0,0,0,0,0,0,0,0,0,0,0.0,0.0,0.0,0.0,0,0,0,0,0,0.00,0.00,0.00,0.00,,,,,,,[],,459,41,459,47,416,43,465,45,0.0,0.0,0.0,0.0,0.0,0.0,512,67,483,49,483,49,419,60,0.0,0.0,0.0
455,True,False,0.0,0.0,444884,0,0,-1,1,0.0,-4,"[{'offset': 0, 'projected_percent': '0.0', 'likelihood': 0}, {'offset': 1, 'projected_percent': '0.0', 'likelihood': 0}, {'offset': 2, 'projected_percent': '0.0', 'likelihood': 0}]",,False,0,3,0.0,0.0,0,Harvey,0.0,383,False,Has joined Valencia on loan for the rest of the season,2026-09-02T16:05:49.104326Z,54,444884.jpg,0.0,False,Elliott,0.0,False,,u,14,14,0,907,0,4797,1125,0.0,0.0,Elliott,,241.0,2019-07-28,2003-04-04,False,p444884,0,0,0,0,0,0,0,0,0,0,0,0,0,0.0,0.0,0.0,0.0,0,0,0,0,0,0.00,0.00,0.00,0.00,,,,,,,[],,599,255,606,261,591,251,606,258,0.0,0.0,0.0,0.0,0.0,0.0,212,134,614,262,614,262,503,204,0.0,0.0,0.0
456,True,True,,,445087,0,0,-1,1,2.6,87,"[{'offset': 0, 'projected_percent': '3.3', 'likelihood': 1}, {'offset': 1, 'projected_percent': '4.5', 'likelihood': 1}, {'offset': 2, 'projected_percent': '5.6', 'likelihood': 1}]",,False,0,2,3.0,3.0,8,Ronald,3.0,579,False,,,54,445087.jpg,3.0,False,Araujo,2.3,False,,a,14,14,9,53954,18672,123235,8921,0.6,1.7,Araujo,,230.0,2026-08-10,1999-03-07,False,p445087,123,0,0,1,0,0,0,0,1,0,0,0,29,39.0,5.9,2.0,4.6,13,4,2,15,1,0.00,0.05,0.05,1.36,,,,,,,[],,151,69,235,80,279,107,236,90,0.0,0.0,0.04,0.04,1.0,0.0,213,28,121,47,136,53,118,48,0.73,0.73,10.98
457,True,True,,,482616,0,0,0,0,0.0,0,"[{'offset': 0, 'projected_percent': '0.0', 'likelihood': 0}, {'offset': 1, 'projected_percent': '0.0', 'likelihood': 0}, {'offset': 2, 'projected_percent': '0.0', 'likelihood': 0}]",2026-09-14T13:02:07.287774Z,False,0,3,2.8,2.8,1,Bradley,1.0,627,False,,,80,482616.jpg,1.0,False,Barcola,1.7,False,,a,14,14,1,188457,52669,37520,17904,0.1,0.1,Barcola,,73.0,2026-08-31,2002-09-02,False,p482616,26,0,0,0,0,0,0,0,0,0,0,0,5,3.0,10.5,2.0,1.6,0,0,0,0,0,0.00,0.07,0.07,0.17,,,,,,,[],,333,150,222,118,290,141,306,136,0.0,0.0,0.24,0.24,0.59,0.0,8,5,284,131,371,175,137,42,0.0,0.0,0.0
458,True,True,,,448047,0,0,-1,1,-50.9,-71,"[{'offset': 0, 'projected_percent': '-52.8', 'likelihood': -3}, {'offset': 1, 'projected_percent': '-55.8', 'likelihood': -3}, {'offset': 2, 'projected_percent': '-58.8', 'likelihood': -3}]",,False,0,3,1.3,1.3,3,Enzo,1.3,155,False,,,69,448047.jpg,2.0,False,Fernández,3.2,False,,a,15,43,4,61098,15176,247960,25859,0.2,0.6,Enzo,,10.0,2026-09-01,2001-01-17,False,p448047,100,0,0,1,0,0,0,0,0,0,0,0,23,13.6,30.9,18.0,6.2,1,4,1,6,1,0.13,0.14,0.27,1.28,,,,,,,[],,249,102,124,75,131,67,206,94,0.12,0.0,0.13,0.25,1.15,0.0,30,19,241,109,224,99,100,31,0.9,0.9,5.4
459,True,True,,,440993,-1,1,-1,1,-24.2,-577,"[{'offset': 0, 'projected_percent': '-26.9', 'likelihood': -2}, {'offset': 1, 'projected_percent': '-31.4', 'likelihood': -2}, {'offset': 2, 'projected_percent': '-35.9', 'likelihood': -2}]",,False,0,3,5.3,5.3,3,Iliman,5.3,237,False,,,59,440993.jpg,5.3,False,Ndiaye,10.3,False,,a,15,43,16,229543,25174,693366,160194,0.9,2.7,Ndiaye,Iliman Ndiaye,189.0,2026-09-01,2000-03-06,False,p440993,266,0,1,2,1,0,0,0,0,0,0,1,64,60.4,72.2,68.0,20.1,6,17,7,30,3,0.28,0.43,0.71,5.47,,,,,,,[],,76,24,32,27,32,18,26,19,0.09,0.0,0.15,0.24,1.85,0.34,98,63,43,21,48,23,43,16,1.02,0.68,10.15
460,True,True,,,204936,0,0,0,0,-32.5,-60,"[{'offset': 0, 'projected_percent': '-33.1', 'likelihood': -2}, {'offset': 1, 'projected_percent': '-34.1', 'likelihood': -2}, {'offset': 2, 'projected_percent': '-35.2', 'likelihood': -2}]",,False,0,1,3.3,3.3,7,Gianluigi,3.3,384,False,,,55,204936.jpg,3.3,False,Donnarumma,7.8,False,,a,15,43,10,121955,16807,201691,36674,0.6,1.8,Donnarumma,,106.0,2025-09-01,1999-02-25,False,p204936,270,0,0,1,2,1,0,0,0,0,7,0,46,60.4,0.0,0.0,6.1,2,14,0,0,3,0.00,0.00,0.00,2.68,,,,,,,[],,75,11,620,70,610,70,210,12,0.0,2.33,0.0,0.0,0.89,0.67,137,4,103,9,114,9,55,8,1.0,0.33,0.0
461,True,True,,,122074,0,0,0,0,-47.7,0,"[{'offset': 0, 'projected_percent': '-47.7', 'likelihood': -3}, {'offset': 1, 'projected_percent': '-47.7', 'likelihood': -3}, {'offset': 2, 'projected_percent': '-47.7', 'likelihood': -3}]",,False,0,1,0.0,0.0,0,Marcus,0.0,386,False,,,45,122074.jpg,0.0,False,Bettinelli,0.0,False,,a,15,43,0,383,76,742,133,0.0,0.0,Bettinelli,,241.0,2025-06-10,1992-05-24,False,p122074,0,0,0,0,0,0,0,0,0,0,0,0,0,0.0,0.0,0.0,0.0,0,0,0,0,0,0.00,0.00,0.00,0.00,,,,,,,[],,428,52,425,35,374,32,434,52,0.0,0.0,0.0,0.0,0.0,0.0,438,31,453,52,453,52,549,62,0.0,0.0,0.0
462,True,True,75.0,,472769,0,0,0,0,-75.3,-1673,"[{'offset': 0, 'projected_percent': '-80.2', 'likelihood': -3}, {'offset': 1, 'projected_percent': '-88.2', 'likelihood': -3}, {'offset': 2, 'projected_percent': '-96.2', 'likelihood': -4}]",,False,0,2,1.0,1.3,0,Nico,1.3,387,False,Back injury - 75% chance of playing,2026-09-05T18:00:06.379802Z,65,472769.jpg,2.0,False,O'Reilly,15.5,False,,d,15,43,4,170073,4046,703067,304707,0.2,0.6,O'Reilly,,241.0,2022-12-16,2005-03-21,False,p472769,150,0,0,0,2,0,0,0,0,0,0,0,16,12.4,38.2,16.0,6.6,1,7,2,3,2,0.09,0.43,0.52,1.21,,,,,,,[],https://www.mancity.com/news/mens/enzo-maresca-coventry-city-reaction-63924225,255,105,98,26,145,45,195,75,0.05,0.0,0.26,0.31,0.73,1.2,41,4,239,86,222,83,25,7,1.2,0.0,1.8
463,True,True,,,209036,0,0,0,0,52.4,35,"[{'offset': 0, 'projected_percent': '52.6', 'likelihood': 3}, {'offset': 1, 'projected_percent': '53.1', 'likelihood': 3}, {'offset': 2, 'projected_percent': '53.5', 'likelihood': 3}]",,False,0,2,6.7,6.7,8,Marc,6.7,388,False,,,60,209036.jpg,6.7,False,Guéhi,18.7,False,,a,15,43,20,355954,50322,276577,52759,1.1,3.3,Guéhi,,241.0,2026-01-19,2000-07-13,False,p209036,270,1,0,1,2,0,0,0,0,0,0,4,74,96.6,42.9,30.0,16.9,15,14,3,18,3,0.89,0.38,1.27,2.68,,,,,,,[],,17,2,81,19,97,23,41,6,0.3,0.0,0.13,0.43,0.89,0.67,65,6,27,13,28,13,18,5,1.0,0.33,6.0
464,True,True,100.0,100.0,465351,0,0,-1,1,-25.4,-26,"[{'offset': 0, 'projected_percent': '-27.6', 'likelihood': -2}, {'offset': 1, 'projected_percent': '-31.3', 'likelihood': -2}, {'offset': 2, 'projected_percent': '-35.0', 'likelihood': -2}]",,False,0,2,0.3,0.3,0,Matheus,0.3,389,False,,2026-08-27T11:30:08.171622Z,59,465351.jpg,1.0,False,Nunes,1.0,False,,a,15,43,1,4686,1176,61737,5825,0.1,0.2,Matheus N.,Matheus Nunes,173.0,2023-09-01,1998-08-27,False,p465351,33,0,0,0,0,0,0,0,0,0,0,0,4,3.8,1.5,4.0,0.9,1,2,0,1,0,0.00,0.04,0.04,0.10,,,,,4.0,,[],,319,122,293,106,250,93,328,120,0.0,0.0,0.11,0.11,0.27,0.0,103,10,380,136,357,128,196,74,0.0,0.0,2.73
465,True,True,,,171314,0,0,0,0,-0.7,4,"[{'offset': 0, 'projected_percent': '-0.5', 'likelihood': -1}, {'offset': 1, 'projected_percent': '-0.3', 'likelihood': -1}, {'offset': 2, 'projected_percent': '0.0', 'likelihood': 0}]",,False,0,2,3.3,3.3,6,Rúben,3.3,390,False,,,55,171314.jpg,3.3,False,dos Santos Gato Alves Dias,1.8,False,,a,15,43,10,36001,5726,44854,8343,0.6,1.8,Rúben,Rúben Dias,173.0,2020-09-29,1997-05-14,False,p171314,270,0,0,1,2,0,0,0,0,0,0,0,55,72.0,46.8,37.0,15.5,14,14,1,15,3,0.09,0.74,0.83,2.68,,,,,,,[],,52,21,68,15,83,17,55,11,0.03,0.0,0.25,0.28,0.89,0.67,129,13,102,38,113,44,135,56,1.0,0.33,5.0
466,True,True,,,477424,0,0,1,-1,66.9,350,"[{'offset': 0, 'projected_percent': '69.7', 'likelihood': 3}, {'offset': 1, 'projected_percent': '74.3', 'likelihood': 3}, {'offset': 2, 'projected_percent': '78.9', 'likelihood': 3}]",,False,0,2,7.3,7.3,8,Joško,7.3,391,False,,,56,477424.jpg,7.3,False,Gvardiol,19.8,False,,a,15,43,22,951042,174272,215329,59028,1.3,3.9,Gvardiol,,97.0,2023-08-05,2002-01-23,False,p477424,254,1,1,1,2,0,0,0,0,0,0,3,77,94.0,51.0,26.0,17.1,10,12,7,17,3,0.20,0.11,0.31,2.68,,,,,,,[],,23,6,60,14,107,30,39,5,0.07,0.0,0.04,0.11,0.95,0.71,119,12,13,5,14,5,15,3,1.06,0.35,6.02
467,True,True,,,448514,-1,1,-2,2,-1.0,-29,"[{'offset': 0, 'projected_percent': '-3.8', 'likelihood': -1}, {'offset': 1, 'projected_percent': '-8.4', 'likelihood': -1}, {'offset': 2, 'projected_percent': '-13.0', 'likelihood': -1}]",,False,0,2,0.0,0.0,0,Rayan,0.0,392,False,,,53,448514.jpg,0.0,False,Aït-Nouri,0.5,False,,a,15,43,0,5169,533,48298,6448,0.0,0.0,Aït-Nouri,,3.0,2025-06-09,2001-06-06,False,p448514,0,0,0,0,0,0,0,0,0,0,0,0,0,0.0,0.0,0.0,0.0,0,0,0,0,0,0.00,0.00,0.00,0.00,,,,,,,[],,592,209,599,209,581,207,599,209,0.0,0.0,0.0,0.0,0.0,0.0,235,34,607,210,607,210,252,95,0.0,0.0,0.0
468,True,True,,,578153,0,0,0,0,-59.5,-30,"[{'offset': 0, 'projected_percent': '-61.1', 'likelihood': -3}, {'offset': 1, 'projected_percent': '-63.6', 'likelihood': -3}, {'offset': 2, 'projected_percent': '-66.1', 'likelihood': -3}]",,False,0,2,3.0,3.0,5,Abdukodir,3.0,393,False,,,55,578153.jpg,3.0,False,Khusanov,1.6,False,,a,15,43,9,19363,3485,45740,6920,0.5,1.6,Khusanov,,231.0,2025-01-20,2004-02-29,False,p578153,268,0,0,1,2,0,0,0,1,0,0,0,53,51.6,12.6,4.0,6.8,9,13,8,17,3,0.00,0.06,0.06,2.68,,,,,,,[],,111,52,209,72,247,92,191,73,0.0,0.0,0.02,0.02,0.9,0.67,184,24,123,48,138,54,144,60,1.01,0.34,5.71
469,True,False,0.0,0.0,494307,0,0,0,0,0.0,0,"[{'offset': 0, 'projected_percent': '0.0', 'likelihood': 0}, {'offset': 1, 'projected_percent': '0.0', 'likelihood': 0}, {'offset': 2, 'projected_percent': '0.0', 'likelihood': 0}]",,False,0,2,0.0,0.0,0,Max,0.0,394,False,Has joined Burnley on loan for the rest of the season,2026-08-18T14:11:56.324656Z,50,494307.jpg,0.0,False,Alleyne,0.0,False,,u,15,43,0,0,0,537,38,0.0,0.0,Alleyne,,241.0,2022-12-16,2005-07-21,False,p494307,0,0,0,0,0,0,0,0,0,0,0,0,0,0.0,0.0,0.0,0.0,0,0,0,0,0,0.00,0.00,0.00,0.00,,,,,,,[],,570,207,576,207,554,205,577,207,0.0,0.0,0.0,0.0,0.0,0.0,320,58,585,208,585,208,627,208,0.0,0.0,0.0
470,True,True,,,477064,0,0,0,0,-83.1,-13,"[{'offset': 0, 'projected_percent': '-87.9', 'likelihood': -3}, {'offset': 1, 'projected_percent': '-95.7', 'likelihood': -4}, {'offset': 2, 'projected_percent': '-103.6', 'likelihood': -5}]",,False,0,2,0.3,0.3,0,Rico,0.3,395,False,,,45,477064.jpg,1.0,False,Lewis,0.2,False,,a,15,43,1,6290,518,10582,2326,0.1,0.2,Lewis,,241.0,2022-07-16,2004-11-21,False,p477064,56,0,0,0,1,0,0,0,0,0,0,0,-1,3.8,3.8,39.0,4.7,2,0,0,2,1,0.17,0.02,0.19,0.55,,,,,,,[],,318,121,248,85,72,12,234,89,0.27,0.0,0.03,0.3,0.88,1.61,500,128,344,125,288,114,329,120,1.61,0.0,3.21
471,True,True,,,616222,0,0,0,0,-54.5,0,"[{'offset': 0, 'projected_percent': '-54.5', 'likelihood': -3}, {'offset': 1, 'projected_percent': '-54.5', 'likelihood': -3}, {'offset': 2, 'projected_percent': '-54.5', 'likelihood': -3}]",,False,0,2,0.3,0.3,0,Vitor,0.3,396,False,,,45,616222.jpg,1.0,False,de Oliveira Nunes dos Reis,0.0,False,,a,15,43,1,276,42,665,163,0.1,0.2,Vitor Reis,Vitor Reis,30.0,2025-01-21,2006-01-12,False,p616222,1,0,0,0,0,0,0,0,0,0,0,0,3,1.2,0.9,0.0,0.2,0,0,0,0,0,0.00,0.00,0.00,0.00,,,,,,,[],,348,128,308,116,453,185,356,128,0.0,0.0,0.0,0.0,0.0,0.0,555,147,346,126,291,116,542,187,0.0,0.0,0.0
472,True,True,,,437730,-1,1,-1,1,-7.5,-429,"[{'offset': 0, 'projected_percent': '-8.6', 'likelihood': -1}, {'offset': 1, 'projected_percent': '-10.5', 'likelihood': -1}, {'offset': 2, 'projected_percent': '-12.4', 'likelihood': -1}]",,False,0,3,4.3,4.3,6,Antoine,4.3,397,False,,,84,437730.jpg,4.3,False,Semenyo,18.2,False,,a,15,43,13,137682,19954,745484,141153,0.5,1.5,Semenyo,,81.0,2026-01-09,2000-01-07,False,p437730,270,0,2,1,2,0,0,0,0,0,0,0,75,57.6,97.8,82.0,23.8,0,9,3,12,3,0.17,0.93,1.10,2.68,,,,,2.0,,[],,89,30,14,14,17,9,19,15,0.06,0.0,0.31,0.37,0.89,0.67,6,4,72,35,77,36,19,7,1.0,0.33,4.0
473,True,True,,,209244,0,0,0,0,36.9,-396,"[{'offset': 0, 'projected_percent': '33.8', 'likelihood': 2}, {'offset': 1, 'projected_percent': '28.6', 'likelihood': 2}, {'offset': 2, 'projected_percent': '23.4', 'likelihood': 2}]",,False,0,3,3.7,3.7,1,Phil,3.7,398,False,,,70,209244.jpg,3.7,False,Foden,4.9,False,,a,15,43,11,293163,10280,220340,98940,0.5,1.6,Foden,,241.0,2016-12-05,2000-05-28,False,p209244,195,0,2,0,2,0,0,0,1,0,0,1,56,57.6,110.2,39.0,20.7,2,8,4,14,2,1.61,0.86,2.47,1.81,3.0,,2.0,,,,[],,88,29,7,7,77,46,24,18,0.74,0.0,0.4,1.14,0.84,0.92,26,17,94,45,102,47,76,24,0.92,0.0,6.46
474,True,True,,,466052,1,-1,3,-3,-2.8,-168,"[{'offset': 0, 'projected_percent': '-3.3', 'likelihood': -1}, {'offset': 1, 'projected_percent': '-4.1', 'likelihood': -1}, {'offset': 2, 'projected_percent': '-4.9', 'likelihood': -1}]",,False,1,3,8.3,8.3,3,Rayan,8.3,399,True,,,78,466052.jpg,8.3,False,Cherki,30.4,False,,a,15,43,25,2242819,173611,291156,167812,1.1,3.2,Cherki,,73.0,2025-06-10,2003-08-17,False,p466052,173,2,2,1,1,0,0,0,1,0,0,4,111,121.4,148.8,77.0,34.8,0,6,0,6,2,0.56,1.35,1.91,1.62,1.0,,1.0,,,,[],,3,2,2,2,20,12,2,2,0.29,0.0,0.7,0.99,0.84,0.52,14,9,5,3,6,4,7,3,1.04,0.52,3.12
475,True,True,0.0,0.0,248875,0,0,-1,1,-36.0,-57,"[{'offset': 0, 'projected_percent': '-38.1', 'likelihood': -2}, {'offset': 1, 'projected_percent': '-41.6', 'likelihood': -3}, {'offset': 2, 'projected_percent': '-45.2', 'likelihood': -3}]",,False,0,3,0.0,0.0,0,Jérémy,0.0,400,False,Calf injury - Expected back 13 Sep,2026-08-18T17:00:08.385597Z,74,248875.jpg,0.0,False,Doku,0.8,False,,i,15,43,0,1103,156,112208,7822,0.0,0.0,Doku,,21.0,2023-08-24,2002-05-27,False,p248875,0,0,0,0,0,0,0,0,0,0,0,0,0,0.0,0.0,0.0,0.0,0,0,0,0,0,0.00,0.00,0.00,0.00,,,,,3.0,,[],https://www.mancity.com/news/mens/enzo-maresca-bournemouth-premier-league-team-news-63922897,651,290,651,290,651,290,651,290,0.0,0.0,0.0,0.0,0.0,0.0,19,12,650,289,650,289,213,67,0.0,0.0,0.0
476,True,False,0.0,0.0,220566,0,0,0,0,0.0,0,"[{'offset': 0, 'projected_percent': '0.0', 'likelihood': 0}, {'offset': 1, 'projected_percent': '0.0', 'likelihood': 0}, {'offset': 2, 'projected_percent': '0.0', 'likelihood': 0}]",,False,0,3,0.0,0.0,0,Rodrigo 'Rodri',0.0,402,False,Has joined Barcelona permanently,2026-07-23T12:01:23.675537Z,65,220566.jpg,0.0,False,Hernandez Cascante,0.0,False,,u,15,43,0,0,0,1120,55,0.0,0.0,Rodrigo,Rodri,200.0,2019-07-04,1996-06-22,False,p220566,0,0,0,0,0,0,0,0,0,0,0,0,0,0.0,0.0,0.0,0.0,0,0,0,0,0,0.00,0.00,0.00,0.00,,,,,,,[],,647,288,648,288,647,288,647,288,0.0,0.0,0.0,0.0,0.0,0.0,36,24,647,287,647,287,596,250,0.0,0.0,0.0
477,True,False,0.0,0.0,433036,0,0,0,0,0.0,-3,"[{'offset': 0, 'projected_percent': '0.0', 'likelihood': 0}, {'offset': 1, 'projected_percent': '0.0', 'likelihood': 0}, {'offset': 2, 'projected_percent': '0.0', 'likelihood': 0}]",,False,0,3,0.0,0.0,0,Tijjani,0.0,404,False,Has joined Al Qadsiah permanently,2026-08-20T14:02:58.154273Z,60,433036.jpg,0.0,False,Reijnders,0.0,False,,u,15,43,0,0,0,7646,326,0.0,0.0,Reijnders,,152.0,2025-06-10,1998-07-29,False,p433036,0,0,0,0,0,0,0,0,0,0,0,0,0,0.0,0.0,0.0,0.0,0,0,0,0,0,0.00,0.00,0.00,0.00,,,,,,,[],,637,282,640,282,638,281,639,282,0.0,0.0,0.0,0.0,0.0,0.0,69,47,640,281,640,281,513,209,0.0,0.0,0.0
478,True,True,,,91651,-1,1,-1,1,-16.3,-2,"[{'offset': 0, 'projected_percent': '-17.7', 'likelihood': -1}, {'offset': 1, 'projected_percent': '-19.9', 'likelihood': -1}, {'offset': 2, 'projected_percent': '-22.2', 'likelihood': -2}]",,False,0,3,0.7,0.7,0,Mateo,0.7,406,False,,,54,91651.jpg,1.0,False,Kovačić,0.1,False,,a,15,43,2,1751,275,4223,787,0.1,0.4,Kovačić,,97.0,2023-06-27,1994-05-06,False,p91651,42,0,0,0,0,0,0,0,0,0,0,0,12,4.2,5.2,0.0,0.9,0,2,0,2,0,0.00,0.02,0.02,0.10,,,,,,,[],,314,141,238,126,583,244,326,149,0.0,0.0,0.04,0.04,0.21,0.0,190,118,314,143,328,146,450,176,0.0,0.0,4.29
479,True,False,0.0,0.0,575204,0,0,-1,1,0.0,-1,"[{'offset': 0, 'projected_percent': '0.0', 'likelihood': 0}, {'offset': 1, 'projected_percent': '0.0', 'likelihood': 0}, {'offset': 2, 'projected_percent': '0.0', 'likelihood': 0}]",,False,0,3,0.0,0.0,0,Claudio,0.0,407,False,Has joined Benfica on loan for the rest of the season,2026-09-03T15:41:24.710479Z,49,575204.jpg,0.0,False,Echeverri,0.0,False,,u,15,43,0,250,0,1043,240,0.0,0.0,Echeverri,,10.0,2024-01-25,2006-01-02,False,p575204,0,0,0,0,0,0,0,0,0,0,0,0,0,0.0,0.0,0.0,0.0,0,0,0,0,0,0.00,0.00,0.00,0.00,,,,,,,[],,531,213,531,220,494,192,539,218,0.0,0.0,0.0,0.0,0.0,0.0,412,249,550,223,550,223,597,251,0.0,0.0,0.0
480,True,False,0.0,0.0,155405,0,0,0,0,0.0,-1,"[{'offset': 0, 'projected_percent': '0.0', 'likelihood': 0}, {'offset': 1, 'projected_percent': '0.0', 'likelihood': 0}, {'offset': 2, 'projected_percent': '0.0', 'likelihood': 0}]",,False,0,3,0.0,0.0,0,Kalvin,0.0,408,False,Has joined Sheffield United on loan for the rest of the season,2026-08-18T14:11:56.348781Z,50,155405.jpg,0.0,False,Phillips,0.0,False,,u,15,43,0,0,0,494,33,0.0,0.0,Phillips,,241.0,2022-07-04,1995-12-02,False,p155405,0,0,0,0,0,0,0,0,0,0,0,0,0,0.0,0.0,0.0,0.0,0,0,0,0,0,0.00,0.00,0.00,0.00,,,,,,,[],,539,219,540,226,510,203,546,223,0.0,0.0,0.0,0.0,0.0,0.0,249,154,556,228,556,228,625,270,0.0,0.0,0.0
481,True,False,0.0,0.0,590039,0,0,0,0,0.0,-8,"[{'offset': 0, 'projected_percent': '0.0', 'likelihood': 0}, {'offset': 1, 'projected_percent': '0.0', 'likelihood': 0}, {'offset': 2, 'projected_percent': '0.0', 'likelihood': 0}]",,False,0,3,0.0,0.0,0,Divine,0.0,409,False,has joined West Ham on loan for the rest of the seaon.,2026-09-03T10:34:10.733520Z,45,590039.jpg,0.0,False,Mukasa,0.1,False,,u,15,43,0,1621,0,8497,2036,0.0,0.0,Mukasa,,241.0,2025-08-07,2007-08-22,False,p590039,0,0,0,0,0,0,0,0,0,0,0,0,0,0.0,0.0,0.0,0.0,0,0,0,0,0,0.00,0.00,0.00,0.00,,,,,,,[],,485,185,484,193,442,162,491,189,0.0,0.0,0.0,0.0,0.0,0.0,543,278,508,198,508,198,401,152,0.0,0.0,0.0
482,True,False,0.0,0.0,649208,0,0,-1,1,0.0,-2,"[{'offset': 0, 'projected_percent': '0.0', 'likelihood': 0}, {'offset': 1, 'projected_percent': '0.0', 'likelihood': 0}, {'offset': 2, 'projected_percent': '0.0', 'likelihood': 0}]",,False,0,3,0.0,0.0,0,Jeremy,0.0,410,False,Has joined Swansea City on loan for the rest of the season,2026-09-02T16:02:01.136760Z,49,649208.jpg,0.0,False,Monga,0.0,False,,u,15,43,0,219,0,978,243,0.0,0.0,Monga,,241.0,2026-07-11,2009-07-10,False,p649208,0,0,0,0,0,0,0,0,0,0,0,0,0,0.0,0.0,0.0,0.0,0,0,0,0,0,0.00,0.00,0.00,0.00,,,,,,,[],,532,214,533,222,499,197,540,219,0.0,0.0,0.0,0.0,0.0,0.0,417,254,551,224,551,224,601,255,0.0,0.0,0.0
483,True,True,,,223094,0,0,0,0,75.7,-24,"[{'offset': 0, 'projected_percent': '75.5', 'likelihood': 3}, {'offset': 1, 'projected_percent': '75.2', 'likelihood': 3}, {'offset': 2, 'projected_percent': '74.9', 'likelihood': 3}]",,False,2,4,8.0,8.0,9,Erling,8.0,411,True,,,155,223094.jpg,8.0,False,Haaland,71.2,False,,a,15,43,24,550655,80477,206437,62075,0.5,1.5,Haaland,,161.0,2022-07-01,2000-07-21,False,p223094,270,3,0,1,2,0,0,0,0,0,0,6,106,121.6,18.9,164.0,30.4,8,7,0,15,3,2.46,0.50,2.96,2.68,,,,,1.0,,[],,2,1,175,21,1,1,4,1,0.82,0.0,0.17,0.99,0.89,0.67,1,1,9,1,10,1,2,2,1.0,0.33,5.0
484,True,True,100.0,100.0,215379,-1,1,-2,2,-5.2,-151,"[{'offset': 0, 'projected_percent': '-6.8', 'likelihood': -1}, {'offset': 1, 'projected_percent': '-9.4', 'likelihood': -1}, {'offset': 2, 'projected_percent': '-12.0', 'likelihood': -1}]",,False,0,3,2.7,2.7,3,Elliot,2.7,481,False,,2026-08-23T17:00:07.952697Z,63,215379.jpg,2.7,False,Anderson,4.7,False,,a,15,43,8,61246,9890,329370,43146,0.4,1.3,Anderson,,241.0,2026-07-02,2002-11-06,False,p215379,233,0,0,1,2,0,0,0,1,0,0,0,62,58.8,69.1,18.0,14.6,9,14,8,31,3,0.09,0.64,0.73,2.58,2.0,,,,,,[],,82,26,36,31,130,66,61,40,0.03,0.0,0.25,0.28,1.0,0.77,53,37,143,63,158,68,77,25,1.16,0.39,11.97
485,True,True,,,106921,0,0,0,0,-62.1,-1,"[{'offset': 0, 'projected_percent': '-66.9', 'likelihood': -3}, {'offset': 1, 'projected_percent': '-74.9', 'likelihood': -3}, {'offset': 2, 'projected_percent': '-82.9', 'likelihood': -3}]",,False,0,1,0.0,0.0,0,Gerónimo,0.0,587,False,,,50,106921.jpg,0.0,False,Rulli,0.0,False,,a,15,43,0,313,72,704,140,0.0,0.0,Rulli,,10.0,2026-08-12,1992-05-20,False,p106921,0,0,0,0,0,0,0,0,0,0,0,0,0,0.0,0.0,0.0,0.0,0,0,0,0,0,0.00,0.00,0.00,0.00,,,,,,,[],,535,69,537,58,505,58,543,69,0.0,0.0,0.0,0.0,0.0,0.0,243,7,554,69,554,69,568,66,0.0,0.0,0.0
486,True,True,,,637238,0,0,0,0,0.0,0,"[{'offset': 0, 'projected_percent': '0.0', 'likelihood': 0}, {'offset': 1, 'projected_percent': '0.0', 'likelihood': 0}, {'offset': 2, 'projected_percent': '0.0', 'likelihood': 0}]",2026-09-09T14:56:53.434190Z,False,0,3,1.0,1.0,1,Ayyoub,1.0,616,False,,,55,637238.jpg,1.0,False,Bouaddi,0.1,False,,a,15,43,2,14086,1732,5978,2371,0.2,0.4,Bouaddi,,145.0,2026-08-26,2007-10-02,False,p637238,22,0,0,0,0,0,0,0,0,0,0,0,8,13.0,4.8,0.0,1.8,3,3,0,6,0,0.00,0.12,0.12,0.37,,,,,,,[],,251,104,241,129,623,271,299,133,0.0,0.0,0.49,0.49,1.51,0.0,187,117,275,125,351,162,369,133,0.0,0.0,24.55
487,True,True,,,616288,0,0,0,0,0.0,0,"[{'offset': 0, 'projected_percent': '0.0', 'likelihood': 0}, {'offset': 1, 'projected_percent': '0.0', 'likelihood': 0}, {'offset': 2, 'projected_percent': '0.0', 'likelihood': 0}]",2026-09-10T21:22:22.867343Z,False,0,3,1.0,1.0,1,Ryan,1.0,621,False,,,45,616288.jpg,1.0,False,McAidoo,0.1,False,,a,15,43,2,8938,2260,3250,1324,0.2,0.4,McAidoo,,241.0,2025-09-26,2008-06-24,False,p616288,11,0,0,0,0,0,0,0,0,0,0,0,8,5.2,0.5,3.0,0.8,0,2,2,4,0,0.10,0.00,0.10,0.02,,,,,,,[],,303,133,328,161,253,121,331,151,0.82,0.0,0.0,0.82,0.16,0.0,556,285,254,111,292,121,414,160,0.0,0.0,32.73
488,True,True,,,554054,0,0,0,0,0.0,0,"[{'offset': 0, 'projected_percent': '0.0', 'likelihood': 0}, {'offset': 1, 'projected_percent': '0.0', 'likelihood': 0}, {'offset': 2, 'projected_percent': '0.0', 'likelihood': 0}]",2026-09-10T21:22:36.261131Z,False,0,2,0.5,0.5,0,Kaden,0.5,622,False,,,40,554054.jpg,1.0,False,Braithwaite,0.2,False,,a,15,43,1,11907,2623,3852,1647,0.1,0.2,Braithwaite,,241.0,2024-09-23,2008-02-08,False,p554054,1,0,0,0,0,0,0,0,0,0,0,0,3,0.6,0.8,0.0,0.1,0,1,0,0,0,0.00,0.00,0.00,0.00,,,,,,,[],,353,129,310,117,344,138,362,129,0.0,0.0,0.0,0.0,0.0,0.0,639,200,334,117,269,98,358,134,0.0,0.0,0.0
489,True,True,,,624777,0,0,0,0,0.0,0,"[{'offset': 0, 'projected_percent': '0.0', 'likelihood': 0}, {'offset': 1, 'projected_percent': '0.0', 'likelihood': 0}, {'offset': 2, 'projected_percent': '0.0', 'likelihood': 0}]",2026-09-14T13:02:42.177560Z,False,0,3,2.2,2.2,0,Allan,0.0,628,False,,,60,624777.jpg,0.0,False,Andrade Elias,0.0,False,,a,15,43,0,488,188,189,102,0.0,0.0,Allan,Allan,30.0,2026-08-31,2004-04-19,False,p624777,0,0,0,0,0,0,0,0,0,0,0,0,0,0.0,0.0,0.0,0.0,0,0,0,0,0,0.00,0.00,0.00,0.00,,,,,,,[],,643,284,644,284,642,283,643,284,0.0,0.0,0.0,0.0,0.0,0.0,83,54,643,283,643,283,628,272,0.0,0.0,0.0
490,True,True,,,595480,0,0,0,0,0.0,0,"[{'offset': 0, 'projected_percent': '0.0', 'likelihood': 0}, {'offset': 1, 'projected_percent': '0.0', 'likelihood': 0}, {'offset': 2, 'projected_percent': '0.0', 'likelihood': 0}]",2026-09-18T19:49:28.106817Z,False,0,3,1.0,1.0,0,Floyd,0.0,653,False,,,45,595480.jpg,0.0,False,Samba,0.0,False,,a,15,43,0,1842,1842,411,411,0.0,0.0,Samba,Floyd Samba,241.0,2026-02-13,2009-01-15,False,p595480,0,0,0,0,0,0,0,0,0,0,0,0,0,0.0,0.0,0.0,0.0,0,0,0,0,0,0.00,0.00,0.00,0.00,,,,,,,[],,488,187,487,195,445,164,494,191,0.0,0.0,0.0,0.0,0.0,0.0,546,280,511,200,511,200,543,222,0.0,0.0,0.0
491,True,True,100.0,100.0,166989,0,0,-1,1,-41.8,-95,"[{'offset': 0, 'projected_percent': '-46.0', 'likelihood': -3}, {'offset': 1, 'projected_percent': '-53.2', 'likelihood': -3}, {'offset': 2, 'projected_percent': '-60.3', 'likelihood': -3}]",,False,0,3,2.7,2.7,2,Youri,2.7,43,False,,2026-07-23T12:01:23.321726Z,59,166989.jpg,2.7,False,Tielemans,1.8,False,,a,16,1,8,29690,4293,105945,18733,0.5,1.4,Tielemans,,21.0,2026-07-14,1997-05-07,False,p166989,246,0,0,0,6,0,0,0,0,0,0,0,56,56.8,76.5,33.0,16.7,6,17,2,25,3,0.56,0.28,0.84,4.01,,,,,3.0,,[],,91,32,27,24,89,49,43,31,0.2,0.0,0.1,0.3,1.47,2.2,89,57,142,62,157,67,133,41,1.1,0.0,9.15
492,True,True,0.0,0.0,535301,0,0,0,0,-76.7,-8,"[{'offset': 0, 'projected_percent': '-78.5', 'likelihood': -3}, {'offset': 1, 'projected_percent': '-81.3', 'likelihood': -3}, {'offset': 2, 'projected_percent': '-84.2', 'likelihood': -3}]",,False,0,3,0.0,0.0,0,Carlos,0.0,131,False,Ankle injury - Expected back 19 Sep,2026-08-06T16:00:10.997714Z,50,535301.jpg,0.0,False,Baleba,0.1,False,,i,16,1,0,4559,539,10740,1345,0.0,0.0,Baleba,,38.0,2026-08-25,2004-01-03,False,p535301,0,0,0,0,0,0,0,0,0,0,0,0,0,0.0,0.0,0.0,0.0,0,0,0,0,0,0.00,0.00,0.00,0.00,,,,,,,[],,576,240,583,246,562,230,583,243,0.0,0.0,0.0,0.0,0.0,0.0,337,202,591,247,591,247,378,139,0.0,0.0,0.0
493,True,True,,,532605,0,0,-1,1,-40.3,-45,"[{'offset': 0, 'projected_percent': '-45.3', 'likelihood': -3}, {'offset': 1, 'projected_percent': '-53.6', 'likelihood': -3}, {'offset': 2, 'projected_percent': '-61.9', 'likelihood': -3}]",,False,0,3,1.3,1.3,1,Andrey,1.3,162,False,,,49,532605.jpg,1.3,False,Nascimento dos Santos,0.7,False,,a,16,1,4,17105,2303,48083,8631,0.3,0.8,Andrey Santos,Andrey Santos,30.0,2026-07-13,2004-05-03,False,p532605,82,0,0,0,4,0,0,0,0,0,0,0,23,24.8,5.5,8.0,3.9,7,7,4,18,1,0.00,0.24,0.24,2.03,,,,,,,[],,201,80,236,125,203,102,244,105,0.0,0.0,0.26,0.26,2.23,4.39,406,244,223,100,252,113,219,70,1.1,0.0,19.76
494,True,True,100.0,100.0,59735,0,0,0,0,-7.5,0,"[{'offset': 0, 'projected_percent': '-7.5', 'likelihood': -1}, {'offset': 1, 'projected_percent': '-7.5', 'likelihood': -1}, {'offset': 2, 'projected_percent': '-7.5', 'likelihood': -1}]",,False,0,1,0.0,0.0,0,Karl,0.0,325,False,,2026-07-23T12:01:23.549136Z,45,59735.jpg,0.0,False,Darlow,0.0,False,,a,16,1,0,723,141,910,191,0.0,0.0,Darlow,,244.0,2026-06-14,1990-10-08,False,p59735,0,0,0,0,0,0,0,0,0,0,0,0,0,0.0,0.0,0.0,0.0,0,0,0,0,0,0.00,0.00,0.00,0.00,,,,,,,[],,421,46,416,27,363,24,427,46,0.0,0.0,0.0,0.0,0.0,0.0,425,23,446,46,446,46,511,57,0.0,0.0,0.0
495,True,True,,,465247,0,0,0,0,-70.1,-417,"[{'offset': 0, 'projected_percent': '-72.8', 'likelihood': -3}, {'offset': 1, 'projected_percent': '-77.4', 'likelihood': -3}, {'offset': 2, 'projected_percent': '-82.0', 'likelihood': -3}]",,False,0,1,1.7,1.7,2,Senne,1.7,412,False,,,50,465247.jpg,1.7,False,Lammens,12.5,False,,a,16,1,5,73349,6435,388939,109747,0.3,1.0,Lammens,,21.0,2025-09-01,2002-07-07,False,p465247,270,0,0,0,6,0,0,0,0,0,9,0,31,79.0,0.0,0.0,7.9,4,28,0,0,3,0.00,0.00,0.00,4.08,,,,,,,[],,40,6,564,64,541,64,161,6,0.0,3.0,0.0,0.0,1.36,2.0,300,13,206,20,233,21,34,5,1.0,0.0,0.0
496,True,False,0.0,0.0,451302,0,0,0,0,0.0,0,"[{'offset': 0, 'projected_percent': '0.0', 'likelihood': 0}, {'offset': 1, 'projected_percent': '0.0', 'likelihood': 0}, {'offset': 2, 'projected_percent': '0.0', 'likelihood': 0}]",,False,0,1,0.0,0.0,0,Altay,0.0,413,False,Has joined Celta Vigo on loan for the rest of the season,2026-08-10T14:02:28.608415Z,45,451302.jpg,0.0,False,Bayındır,0.0,False,,u,16,1,0,0,0,969,89,0.0,0.0,Bayindir,,219.0,2023-09-01,1998-04-14,False,p451302,0,0,0,0,0,0,0,0,0,0,0,0,0,0.0,0.0,0.0,0.0,0,0,0,0,0,0.00,0.00,0.00,0.00,,,,,,,[],,450,59,448,43,400,40,456,59,0.0,0.0,0.0,0.0,0.0,0.0,490,39,474,59,474,59,589,69,0.0,0.0,0.0
497,True,True,0.0,0.0,21205,0,0,0,0,-25.6,-2,"[{'offset': 0, 'projected_percent': '-26.3', 'likelihood': -2}, {'offset': 1, 'projected_percent': '-27.5', 'likelihood': -2}, {'offset': 2, 'projected_percent': '-28.7', 'likelihood': -2}]",,False,0,1,0.0,0.0,0,Tom,0.0,414,False,Hamstring injury - Unknown return date,2026-08-15T16:00:07.854151Z,40,21205.jpg,0.0,False,Heaton,0.1,False,,i,16,1,0,1226,377,2394,413,0.0,0.0,Heaton,,241.0,2021-07-02,1986-04-15,False,p21205,0,0,0,0,0,0,0,0,0,0,0,0,0,0.0,0.0,0.0,0.0,0,0,0,0,0,0.00,0.00,0.00,0.00,,,,,,,[],,362,23,355,4,295,1,367,23,0.0,0.0,0.0,0.0,0.0,0.0,578,49,387,23,387,23,449,50,0.0,0.0,0.0
498,True,True,,,596777,-1,1,-2,2,-1.8,-47,"[{'offset': 0, 'projected_percent': '-5.2', 'likelihood': -1}, {'offset': 1, 'projected_percent': '-10.9', 'likelihood': -1}, {'offset': 2, 'projected_percent': '-16.5', 'likelihood': -1}]",,False,0,3,0.7,0.7,1,Patrick,0.7,415,False,,,58,596777.jpg,0.7,False,Dorgu,0.7,False,,a,16,1,2,8787,840,75513,10167,0.1,0.3,Dorgu,,58.0,2025-02-02,2004-10-26,False,p596777,75,0,0,0,5,0,0,0,1,0,0,0,-4,11.2,14.2,57.0,7.3,3,1,2,6,1,0.65,0.05,0.70,2.28,,,,,,,[],,263,109,192,107,46,30,177,81,0.78,0.0,0.06,0.84,2.74,6.0,115,75,323,148,379,178,234,78,1.2,0.0,7.2
499,True,True,0.0,0.0,209365,0,0,0,0,-67.6,0,"[{'offset': 0, 'projected_percent': '-67.6', 'likelihood': -3}, {'offset': 1, 'projected_percent': '-67.6', 'likelihood': -3}, {'offset': 2, 'projected_percent': '-67.6', 'likelihood': -3}]",,False,0,2,0.0,0.0,0,Matthijs,0.0,416,False,Back injury - Unknown return date,2026-07-23T12:01:23.690880Z,50,209365.jpg,0.0,False,de Ligt,0.0,False,,i,16,1,0,275,62,1141,180,0.0,0.0,De Ligt,,152.0,2024-08-13,1999-08-12,False,p209365,0,0,0,0,0,0,0,0,0,0,0,0,0,0.0,0.0,0.0,0.0,0,0,0,0,0,0.00,0.00,0.00,0.00,,,,,,,[],https://www.manutd.com/en/news/team-news-for-man-utd-hull-opener-aug-2026,545,201,547,201,520,197,551,200,0.0,0.0,0.0,0.0,0.0,0.0,266,40,561,202,561,202,561,191,0.0,0.0,0.0
500,True,True,,,216051,-1,1,-1,1,-11.3,-75,"[{'offset': 0, 'projected_percent': '-13.1', 'likelihood': -1}, {'offset': 1, 'projected_percent': '-16.1', 'likelihood': -1}, {'offset': 2, 'projected_percent': '-19.1', 'likelihood': -1}]",,False,0,2,1.3,1.3,1,Diogo,1.3,417,False,,,49,216051.jpg,1.3,False,Dalot Teixeira,2.0,False,,a,16,1,4,19507,2306,88596,16279,0.3,0.8,Dalot,Diogo Dalot,173.0,2018-06-08,1999-03-18,False,p216051,166,0,0,0,2,0,0,0,1,0,0,0,26,28.8,76.2,39.0,14.5,7,5,4,11,2,0.16,0.13,0.29,1.98,,,,,,,[],,190,84,28,4,73,13,62,15,0.09,0.0,0.07,0.16,1.07,1.08,380,69,221,83,251,90,124,50,1.08,0.0,5.96
501,True,True,,,95658,-1,1,-1,1,-1.2,-699,"[{'offset': 0, 'projected_percent': '-3.9', 'likelihood': -1}, {'offset': 1, 'projected_percent': '-8.3', 'likelihood': -1}, {'offset': 2, 'projected_percent': '-12.8', 'likelihood': -1}]",,False,0,2,2.3,2.3,2,Harry,2.3,418,False,,,49,95658.jpg,2.3,False,Maguire,12.6,False,,a,16,1,7,112633,9900,558297,161273,0.5,1.4,Maguire,,241.0,2019-08-05,1993-03-05,False,p95658,270,0,1,0,6,0,0,0,1,0,0,0,29,59.4,31.4,27.0,11.8,20,11,1,21,3,0.07,0.42,0.49,4.08,,,,,,,[],,79,39,120,35,104,27,92,25,0.02,0.0,0.14,0.16,1.36,2.0,368,65,154,63,172,69,33,11,1.0,0.0,7.0
502,True,True,100.0,100.0,221820,0,0,0,0,-83.7,-14,"[{'offset': 0, 'projected_percent': '-84.6', 'likelihood': -3}, {'offset': 1, 'projected_percent': '-86.2', 'likelihood': -3}, {'offset': 2, 'projected_percent': '-87.8', 'likelihood': -3}]",,False,0,2,1.3,1.3,3,Lisandro,1.3,419,False,,2026-07-24T20:00:10.337107Z,50,221820.jpg,2.0,False,Martínez,1.2,False,,a,16,1,4,17933,2984,44085,6392,0.3,0.8,Martinez,Lisandro Martínez,10.0,2022-07-17,1998-01-18,False,p221820,180,0,0,0,4,0,0,0,0,0,0,0,9,33.8,2.1,3.0,3.9,10,8,0,10,2,0.03,0.06,0.09,3.07,,,,,,,[],,173,76,278,99,256,94,245,93,0.02,0.0,0.03,0.05,1.54,2.0,276,44,224,84,203,79,169,68,1.0,0.0,5.0
503,True,True,,,550864,0,0,-1,1,-37.1,-31,"[{'offset': 0, 'projected_percent': '-42.0', 'likelihood': -3}, {'offset': 1, 'projected_percent': '-50.2', 'likelihood': -3}, {'offset': 2, 'projected_percent': '-58.3', 'likelihood': -3}]",,False,0,2,0.7,0.7,1,Leny,0.7,420,False,,,49,550864.jpg,1.0,False,Yoro,0.5,False,,a,16,1,2,3809,538,25690,3750,0.1,0.4,Yoro,,73.0,2024-07-19,2005-11-13,False,p550864,22,0,0,0,2,0,0,0,0,0,0,0,-1,7.8,2.4,2.0,1.3,3,1,2,5,0,0.00,0.02,0.02,1.09,,,,,,,[],,281,113,272,96,271,104,313,116,0.0,0.0,0.08,0.08,4.46,8.18,409,77,301,111,302,121,245,92,0.0,0.0,20.45
504,True,True,,,606745,-1,1,-1,1,-19.0,-15,"[{'offset': 0, 'projected_percent': '-21.2', 'likelihood': -2}, {'offset': 1, 'projected_percent': '-24.9', 'likelihood': -2}, {'offset': 2, 'projected_percent': '-28.5', 'likelihood': -2}]",,False,0,2,0.3,0.3,0,Ayden,0.3,421,False,,,44,606745.jpg,1.0,False,Heaven,0.3,False,,a,16,1,1,4889,501,16230,3078,0.1,0.2,Heaven,,241.0,2025-02-01,2006-09-22,False,p606745,90,0,0,0,2,0,0,0,0,0,0,0,5,6.8,2.6,11.0,2.0,1,4,1,2,1,0.12,0.04,0.16,1.01,,,,,,,[],,287,114,264,91,183,63,293,108,0.12,0.0,0.04,0.16,1.01,2.0,575,158,340,123,275,104,292,106,1.0,0.0,2.0
505,True,True,,,230001,0,0,0,0,-95.0,-20,"[{'offset': 0, 'projected_percent': '-97.7', 'likelihood': -4}, {'offset': 1, 'projected_percent': '-102.4', 'likelihood': -5}, {'offset': 2, 'projected_percent': '-107.0', 'likelihood': -5}]",,False,0,2,1.0,1.0,1,Noussair,1.0,422,False,,,45,230001.jpg,1.0,False,Mazraoui,0.6,False,,a,16,1,3,9864,766,24898,5783,0.2,0.7,Mazraoui,,145.0,2024-08-13,1997-11-14,False,p230001,97,0,0,0,4,0,0,0,0,0,0,0,6,21.0,31.2,11.0,6.4,4,3,2,6,1,0.22,0.06,0.28,2.08,,,,,,,[],,216,92,122,36,184,64,201,77,0.2,0.0,0.06,0.26,1.93,3.71,469,108,249,92,282,109,241,89,0.93,0.0,5.57
506,True,True,,,106760,-1,1,-1,1,-4.8,-472,"[{'offset': 0, 'projected_percent': '-6.5', 'likelihood': -1}, {'offset': 1, 'projected_percent': '-9.1', 'likelihood': -1}, {'offset': 2, 'projected_percent': '-11.8', 'likelihood': -1}]",,False,0,2,2.3,2.3,4,Luke,2.3,423,False,,,44,106760.jpg,2.3,False,Shaw,14.1,False,,a,16,1,7,84369,10983,612430,161451,0.5,1.6,Shaw,,241.0,2014-07-01,1995-07-12,False,p106760,252,0,1,0,4,0,0,0,1,0,0,0,47,86.0,85.6,13.0,18.4,14,6,6,20,3,0.02,0.51,0.53,3.01,3.0,,,,,,[],,33,10,20,3,164,55,34,4,0.01,0.0,0.18,0.19,1.08,1.43,567,150,147,57,167,65,28,9,1.07,0.0,7.14
507,True,True,,,577974,0,0,0,0,-26.8,-2,"[{'offset': 0, 'projected_percent': '-27.5', 'likelihood': -2}, {'offset': 1, 'projected_percent': '-28.6', 'likelihood': -2}, {'offset': 2, 'projected_percent': '-29.8', 'likelihood': -2}]",,False,0,2,0.0,0.0,0,Harry,0.0,424,False,,,40,577974.jpg,0.0,False,Amass,0.2,False,,a,16,1,0,3695,865,5367,1030,0.0,0.0,Amass,,241.0,2024-04-06,2007-03-16,False,p577974,0,0,0,0,0,0,0,0,0,0,0,0,0,0.0,0.0,0.0,0.0,0,0,0,0,0,0.00,0.00,0.00,0.00,,,,,,,[],,410,159,405,159,349,143,416,157,0.0,0.0,0.0,0.0,0.0,0.0,644,205,435,163,435,163,342,127,0.0,0.0,0.0
508,True,False,0.0,0.0,547676,0,0,0,0,0.0,0,"[{'offset': 0, 'projected_percent': '0.0', 'likelihood': 0}, {'offset': 1, 'projected_percent': '0.0', 'likelihood': 0}, {'offset': 2, 'projected_percent': '0.0', 'likelihood': 0}]",,False,0,2,0.0,0.0,0,Tyler,0.0,425,False,Has joined Lausanne-Sport permanently,2026-08-18T14:12:31.904433Z,40,547676.jpg,0.0,False,Fredricson,0.0,False,,u,16,1,0,0,0,1101,92,0.0,0.0,Fredricson,,241.0,2022-09-07,2005-02-23,False,p547676,0,0,0,0,0,0,0,0,0,0,0,0,0,0.0,0.0,0.0,0.0,0,0,0,0,0,0.00,0.00,0.00,0.00,,,,,,,[],,403,152,398,152,340,134,409,150,0.0,0.0,0.0,0.0,0.0,0.0,635,196,428,156,428,156,585,198,0.0,0.0,0.0
509,True,True,,,141746,0,0,0,0,-24.6,-918,"[{'offset': 0, 'projected_percent': '-26.2', 'likelihood': -2}, {'offset': 1, 'projected_percent': '-28.9', 'likelihood': -2}, {'offset': 2, 'projected_percent': '-31.6', 'likelihood': -2}]",,False,1,3,9.0,9.0,2,Bruno,9.0,426,True,,,120,141746.jpg,9.0,False,Borges Fernandes,46.6,False,,a,16,1,27,485500,65150,810765,247103,0.8,2.2,B.Fernandes,Bruno Fernandes,173.0,2020-01-30,1994-09-08,False,p141746,270,3,1,0,6,0,0,0,0,0,0,3,116,156.0,151.5,97.0,40.5,2,12,2,16,3,2.25,0.80,3.05,4.08,1.0,,1.0,,1.0,,[],,1,1,1,1,13,7,1,1,0.75,0.0,0.27,1.02,1.36,2.0,2,1,2,2,3,3,4,1,1.0,0.0,5.33
510,True,True,,,446008,-1,1,-1,1,-6.5,-420,"[{'offset': 0, 'projected_percent': '-7.3', 'likelihood': -1}, {'offset': 1, 'projected_percent': '-8.6', 'likelihood': -1}, {'offset': 2, 'projected_percent': '-9.9', 'likelihood': -1}]",,False,0,3,7.0,7.0,8,Bryan,7.0,427,False,,,79,446008.jpg,7.0,False,Mbeumo,25.7,False,,a,16,1,21,242474,67621,1266240,201140,0.9,2.7,Mbeumo,,38.0,2025-07-21,1999-08-07,False,p446008,270,2,1,0,6,0,0,0,1,0,0,3,78,95.0,85.1,102.0,28.3,4,10,3,17,3,2.31,0.47,2.78,4.08,2.0,,2.0,,2.0,,[],,20,10,21,18,11,5,8,6,0.77,0.0,0.16,0.93,1.36,2.0,11,8,23,9,24,10,9,5,1.0,0.0,5.67
511,True,True,,,430871,-1,1,-1,1,-21.8,-376,"[{'offset': 0, 'projected_percent': '-24.3', 'likelihood': -2}, {'offset': 1, 'projected_percent': '-28.6', 'likelihood': -2}, {'offset': 2, 'projected_percent': '-32.8', 'likelihood': -2}]",,False,0,3,4.7,4.7,3,Matheus,4.7,428,False,,,79,430871.jpg,4.7,False,Santos Carneiro da Cunha,7.1,False,,a,16,1,14,55619,5181,321874,71150,0.6,1.8,Cunha,Matheus Cunha,30.0,2025-06-01,1999-05-27,False,p430871,227,0,2,1,3,0,0,0,0,0,0,1,55,28.2,62.0,73.0,16.4,0,6,2,8,3,0.47,0.41,0.88,2.72,,,,,,,[],,194,74,39,34,25,14,50,36,0.19,0.0,0.16,0.35,1.08,1.19,10,7,58,29,63,30,58,20,1.19,0.4,3.17
512,True,True,,,176297,0,0,0,0,-65.5,-40,"[{'offset': 0, 'projected_percent': '-67.6', 'likelihood': -3}, {'offset': 1, 'projected_percent': '-71.0', 'likelihood': -3}, {'offset': 2, 'projected_percent': '-74.4', 'likelihood': -3}]",,False,0,3,2.0,2.0,3,Marcus,2.0,429,False,,,70,176297.jpg,2.0,False,Rashford,1.6,False,,a,16,1,6,48869,10994,73329,13396,0.3,0.9,Rashford,,241.0,2015-07-01,1997-10-31,False,p176297,193,0,0,1,1,0,0,0,0,0,0,0,37,31.4,95.4,70.0,19.6,0,8,3,11,2,0.26,0.21,0.47,1.80,,,3.0,,,,[],,186,70,16,15,27,16,28,21,0.12,0.0,0.1,0.22,0.84,0.47,25,16,196,91,225,100,145,44,0.93,0.47,5.13
513,True,True,100.0,75.0,184341,0,0,-1,1,-0.5,1,"[{'offset': 0, 'projected_percent': '0.0', 'likelihood': 0}, {'offset': 1, 'projected_percent': '0.0', 'likelihood': 0}, {'offset': 2, 'projected_percent': '0.0', 'likelihood': 0}]",,False,0,3,0.0,0.0,0,Mason,0.0,430,False,,2026-08-15T16:00:07.879135Z,54,184341.jpg,0.0,False,Mount,0.0,False,,a,16,1,0,237,142,1421,136,0.0,0.0,Mount,,241.0,2023-07-05,1999-01-10,False,p184341,0,0,0,0,0,0,0,0,0,0,0,0,0,0.0,0.0,0.0,0.0,0,0,0,0,0,0.00,0.00,0.00,0.00,,,4.0,,,,[],,596,252,603,258,586,246,603,255,0.0,0.0,0.0,0.0,0.0,0.0,195,121,611,259,611,259,559,231,0.0,0.0,0.0
514,True,True,0.0,0.0,493250,0,0,-2,2,-39.8,-46,"[{'offset': 0, 'projected_percent': '-43.0', 'likelihood': -3}, {'offset': 1, 'projected_percent': '-48.2', 'likelihood': -3}, {'offset': 2, 'projected_percent': '-53.5', 'likelihood': -3}]",,False,0,3,0.0,0.0,0,Amad,0.0,431,False,Unspecified injury - Unknown return date,2026-08-22T11:00:08.617283Z,58,493250.jpg,0.0,False,Diallo,0.4,False,,i,16,1,0,1919,100,108851,6589,0.0,0.0,Amad,,54.0,2021-01-07,2002-07-11,False,p493250,0,0,0,0,0,0,0,0,0,0,0,0,0,0.0,0.0,0.0,0.0,0,0,0,0,0,0.00,0.00,0.00,0.00,4.0,,,,,,[],https://www.manutd.com/en/news/team-news-for-ipswich-visit-30-august,626,274,631,275,625,272,630,274,0.0,0.0,0.0,0.0,0.0,0.0,114,74,633,275,633,275,262,87,0.0,0.0,0.0
515,True,True,,,516895,0,0,0,0,3.2,50,"[{'offset': 0, 'projected_percent': '3.6', 'likelihood': 1}, {'offset': 1, 'projected_percent': '4.3', 'likelihood': 1}, {'offset': 2, 'projected_percent': '5.0', 'likelihood': 1}]",,False,0,3,4.7,4.7,9,Kobbie,4.7,432,False,,,55,516895.jpg,4.7,False,Mainoo,1.3,False,,a,16,1,14,37690,14748,32100,5276,0.9,2.5,Mainoo,,241.0,2022-10-15,2005-04-19,False,p516895,185,0,1,0,2,0,0,0,0,0,0,2,64,52.2,34.2,11.0,9.7,5,21,5,31,2,0.21,0.35,0.56,2.05,,,,,,,[],,110,40,114,72,187,92,128,63,0.1,0.0,0.17,0.27,1.0,0.97,172,106,57,28,62,29,163,51,0.97,0.0,15.08
516,True,True,0.0,0.0,232112,0,0,0,0,-54.6,0,"[{'offset': 0, 'projected_percent': '-54.6', 'likelihood': -3}, {'offset': 1, 'projected_percent': '-54.6', 'likelihood': -3}, {'offset': 2, 'projected_percent': '-54.6', 'likelihood': -3}]",,False,0,3,0.0,0.0,0,Manuel,0.0,433,False,Knee injury - Unknown return date,2026-07-23T12:01:23.706702Z,50,232112.jpg,0.0,False,Ugarte Ribeiro,0.0,False,,i,16,1,0,71,15,189,32,0.0,0.0,Ugarte,,230.0,2024-08-30,2001-04-11,False,p232112,0,0,0,0,0,0,0,0,0,0,0,0,0,0.0,0.0,0.0,0.0,0,0,0,0,0,0.00,0.00,0.00,0.00,,,,,,,[],https://www.manutd.com/en/news/an-official-update-on-manuel-ugarte,551,226,553,232,528,213,558,229,0.0,0.0,0.0,0.0,0.0,0.0,282,173,567,234,567,234,635,276,0.0,0.0,0.0
517,True,True,,,547037,0,0,0,0,-96.8,0,"[{'offset': 0, 'projected_percent': '-96.8', 'likelihood': -4}, {'offset': 1, 'projected_percent': '-96.8', 'likelihood': -4}, {'offset': 2, 'projected_percent': '-96.8', 'likelihood': -4}]",,False,0,3,0.0,0.0,0,Jack,0.0,434,False,,,50,547037.jpg,0.0,False,Fletcher,0.0,False,,a,16,1,0,171,46,435,80,0.0,0.0,J.Fletcher,Jack Fletcher,241.0,2024-07-12,2007-03-19,False,p547037,0,0,0,0,0,0,0,0,0,0,0,0,0,0.0,0.0,0.0,0.0,0,0,0,0,0,0.00,0.00,0.00,0.00,,,,,,,[],,580,244,587,250,566,234,587,247,0.0,0.0,0.0,0.0,0.0,0.0,343,208,595,251,595,251,599,253,0.0,0.0,0.0
518,True,True,,,576628,-1,1,-1,1,-1.4,-4,"[{'offset': 0, 'projected_percent': '-5.2', 'likelihood': -1}, {'offset': 1, 'projected_percent': '-11.5', 'likelihood': -1}, {'offset': 2, 'projected_percent': '-17.8', 'likelihood': -1}]",,False,0,3,0.3,0.3,0,Shea,0.3,435,False,,,49,576628.jpg,1.0,False,Lacey,0.1,False,,a,16,1,1,734,109,2066,438,0.1,0.2,Lacey,,241.0,2025-05-26,2007-04-14,False,p576628,10,0,0,0,0,0,0,0,0,0,0,0,3,0.2,0.6,0.0,0.1,0,1,0,1,0,0.00,0.00,0.00,0.00,,,,,,,[],,358,167,322,159,495,193,363,169,0.0,0.0,0.0,0.0,0.0,0.0,413,250,356,162,305,129,496,199,0.0,0.0,9.0
519,True,False,0.0,0.0,490881,0,0,0,0,0.0,-1,"[{'offset': 0, 'projected_percent': '0.0', 'likelihood': 0}, {'offset': 1, 'projected_percent': '0.0', 'likelihood': 0}, {'offset': 2, 'projected_percent': '0.0', 'likelihood': 0}]",,False,0,3,0.0,0.0,0,Toby,0.0,436,False,Has joined West Brom permanently,2026-09-01T13:16:48.584385Z,50,490881.jpg,0.0,False,Collyer,0.0,False,,u,16,1,0,150,0,784,169,0.0,0.0,Collyer,,241.0,2023-07-01,2004-01-03,False,p490881,0,0,0,0,0,0,0,0,0,0,0,0,0,0.0,0.0,0.0,0.0,0,0,0,0,0,0.00,0.00,0.00,0.00,,,,,,,[],,567,236,573,242,551,225,574,239,0.0,0.0,0.0,0.0,0.0,0.0,315,189,582,243,582,243,593,248,0.0,0.0,0.0
520,True,True,,,576620,0,0,0,0,-47.2,-4,"[{'offset': 0, 'projected_percent': '-49.0', 'likelihood': -3}, {'offset': 1, 'projected_percent': '-52.1', 'likelihood': -3}, {'offset': 2, 'projected_percent': '-55.1', 'likelihood': -3}]",,False,0,3,0.0,0.0,0,Bendito,0.0,437,False,,,45,576620.jpg,0.0,False,Mantato,0.2,False,,a,16,1,0,3557,834,6173,1106,0.0,0.0,Bendito Mantato,,,,,False,p576620,0,0,0,0,0,0,0,0,0,0,0,0,0,0.0,0.0,0.0,0.0,0,0,0,0,0,0.00,0.00,0.00,0.00,,,,,,,[],,483,184,482,192,440,161,489,188,0.0,0.0,0.0,0.0,0.0,0.0,539,276,506,197,506,197,347,126,0.0,0.0,0.0
521,True,True,,,519913,0,0,0,0,-69.2,-2,"[{'offset': 0, 'projected_percent': '-69.6', 'likelihood': -3}, {'offset': 1, 'projected_percent': '-70.3', 'likelihood': -3}, {'offset': 2, 'projected_percent': '-71.0', 'likelihood': -3}]",,False,0,3,0.0,0.0,0,Tyler,0.0,438,False,,,45,519913.jpg,0.0,False,Fletcher,0.3,False,,a,16,1,0,4029,817,9960,1656,0.0,0.0,Fletcher,Tyler Fletcher,243.0,2025-05-26,2007-03-19,False,p519913,0,0,0,0,0,0,0,0,0,0,0,0,0,0.0,0.0,0.0,0.0,0,0,0,0,0,0.00,0.00,0.00,0.00,,,,,,,[],,466,179,466,187,423,156,472,183,0.0,0.0,0.0,0.0,0.0,0.0,520,271,490,192,490,192,297,102,0.0,0.0,0.0
522,True,True,100.0,100.0,485711,0,0,0,0,-41.0,45,"[{'offset': 0, 'projected_percent': '-38.7', 'likelihood': -2}, {'offset': 1, 'projected_percent': '-34.9', 'likelihood': -2}, {'offset': 2, 'projected_percent': '-31.1', 'likelihood': -2}]",,False,0,4,2.3,2.3,5,Benjamin,2.3,439,False,,2026-07-23T12:01:23.722029Z,70,485711.jpg,2.3,False,Sesko,1.6,False,,a,16,1,7,57784,11649,76535,12909,0.3,1.0,Šeško,,195.0,2025-08-09,2003-05-31,False,p485711,53,1,0,0,3,0,0,0,0,0,0,0,35,33.4,11.2,32.0,7.6,0,3,0,3,0,0.33,0.01,0.34,1.43,,,,,,,[],,175,13,216,27,93,22,167,19,0.56,0.0,0.02,0.58,2.43,5.09,29,10,168,15,185,20,142,21,0.0,0.0,5.09
523,True,True,,,458249,0,0,-1,1,-38.0,-19,"[{'offset': 0, 'projected_percent': '-41.5', 'likelihood': -3}, {'offset': 1, 'projected_percent': '-47.4', 'likelihood': -3}, {'offset': 2, 'projected_percent': '-53.3', 'likelihood': -3}]",,False,0,4,0.0,0.0,0,Joshua,0.0,440,False,,,54,458249.jpg,0.0,False,Zirkzee,0.4,False,,a,16,1,0,10012,2352,30682,4645,0.0,0.0,Zirkzee,,152.0,2024-07-17,2001-05-22,False,p458249,0,0,0,0,0,0,0,0,0,0,0,0,0,0.0,0.0,0.0,0.0,0,0,0,0,0,0.00,0.00,0.00,0.00,,,,,,,[],,600,65,607,70,592,67,607,69,0.0,0.0,0.0,0.0,0.0,0.0,214,48,615,72,615,72,260,45,0.0,0.0,0.0
524,True,True,,,596047,0,0,0,0,0.3,6,"[{'offset': 0, 'projected_percent': '0.4', 'likelihood': 1}, {'offset': 1, 'projected_percent': '0.5', 'likelihood': 1}, {'offset': 2, 'projected_percent': '0.5', 'likelihood': 1}]",,False,0,4,0.0,0.0,0,Chido,0.0,441,False,,,45,596047.jpg,0.0,False,Obi,1.2,False,,a,16,1,0,34248,8814,34916,7509,0.0,0.0,Obi,,58.0,2025-02-15,2007-11-29,False,p596047,0,0,0,0,0,0,0,0,0,0,0,0,0,0.0,0.0,0.0,0.0,0,0,0,0,0,0.00,0.00,0.00,0.00,,,,,,,[],,489,49,488,54,446,51,495,53,0.0,0.0,0.0,0.0,0.0,0.0,547,75,512,56,512,56,171,24,0.0,0.0,0.0
525,True,True,,,465694,0,0,0,0,4.0,10,"[{'offset': 0, 'projected_percent': '4.1', 'likelihood': 1}, {'offset': 1, 'projected_percent': '4.2', 'likelihood': 1}, {'offset': 2, 'projected_percent': '4.4', 'likelihood': 1}]",,False,0,3,1.3,1.3,2,Nico,1.3,405,False,,,55,465694.jpg,2.0,False,González Iglesias,0.3,False,,a,17,4,4,14706,2183,6461,1746,0.2,0.7,N.Gonzalez,,200.0,2026-08-26,2002-01-03,False,p465694,146,0,0,1,2,0,0,0,1,0,0,0,20,13.4,41.9,2.0,5.8,3,8,0,11,2,0.00,0.21,0.21,2.07,,,,,,,[],,250,103,83,58,285,137,212,97,0.0,0.0,0.13,0.13,1.28,1.23,160,96,230,104,216,96,315,111,1.23,0.62,6.78
526,True,True,,,98747,-1,1,-1,1,-3.8,-23,"[{'offset': 0, 'projected_percent': '-4.8', 'likelihood': -1}, {'offset': 1, 'projected_percent': '-6.5', 'likelihood': -1}, {'offset': 2, 'projected_percent': '-8.2', 'likelihood': -1}]",,False,0,1,0.0,0.0,0,Nick,0.0,442,False,,,49,98747.jpg,0.0,False,Pope,1.1,False,,a,17,4,0,9359,1701,38272,6759,0.0,0.0,Pope,,241.0,2022-06-23,1992-04-19,False,p98747,0,0,0,0,0,0,0,0,0,0,0,0,0,0.0,0.0,0.0,0.0,0,0,0,0,0,0.00,0.00,0.00,0.00,,,,,,,[],,507,65,507,52,466,51,513,65,0.0,0.0,0.0,0.0,0.0,0.0,369,17,530,65,530,65,189,29,0.0,0.0,0.0
527,True,True,,,81441,0,0,0,0,-23.5,0,"[{'offset': 0, 'projected_percent': '-23.5', 'likelihood': -2}, {'offset': 1, 'projected_percent': '-23.5', 'likelihood': -2}, {'offset': 2, 'projected_percent': '-23.5', 'likelihood': -2}]",,False,0,1,0.0,0.0,0,Mark,0.0,443,False,,,45,81441.jpg,0.0,False,Gillespie,0.0,False,,a,17,4,0,475,74,765,152,0.0,0.0,Gillespie,,241.0,2020-07-27,1992-03-27,False,p81441,0,0,0,0,0,0,0,0,0,0,0,0,0,0.0,0.0,0.0,0.0,0,0,0,0,0,0.00,0.00,0.00,0.00,,,,,,,[],,422,47,419,30,366,27,428,47,0.0,0.0,0.0,0.0,0.0,0.0,428,26,447,47,447,47,528,59,0.0,0.0,0.0
528,True,True,,,554578,0,0,0,0,-89.7,0,"[{'offset': 0, 'projected_percent': '-89.7', 'likelihood': -3}, {'offset': 1, 'projected_percent': '-89.7', 'likelihood': -3}, {'offset': 2, 'projected_percent': '-89.7', 'likelihood': -3}]",,False,0,1,0.0,0.0,0,Ewen,0.0,444,False,,,45,554578.jpg,0.0,False,Jaouen,0.0,False,,a,17,4,0,372,66,966,157,0.0,0.0,Jaouen,,73.0,2026-06-15,2005-12-29,False,p554578,0,0,0,0,0,0,0,0,0,0,0,0,0,0.0,0.0,0.0,0.0,0,0,0,0,0,0.00,0.00,0.00,0.00,,,,,,,[],,475,64,475,50,432,49,481,64,0.0,0.0,0.0,0.0,0.0,0.0,530,48,499,64,499,64,556,64,0.0,0.0,0.0
529,True,True,,,465642,0,0,0,0,16.4,-29,"[{'offset': 0, 'projected_percent': '16.1', 'likelihood': 1}, {'offset': 1, 'projected_percent': '15.8', 'likelihood': 1}, {'offset': 2, 'projected_percent': '15.4', 'likelihood': 1}]",,False,0,2,2.7,2.7,-1,Malick,2.7,445,False,,,50,465642.jpg,2.7,False,Thiaw,2.1,False,,a,17,4,8,111625,19590,63285,20424,0.5,1.6,Thiaw,,80.0,2025-08-12,2001-08-08,False,p465642,270,0,0,1,4,1,0,0,0,0,0,0,25,52.2,14.0,2.0,6.8,21,6,0,21,3,0.00,0.07,0.07,5.47,,,,,,,[],,109,51,195,64,273,105,189,72,0.0,0.0,0.02,0.02,1.82,1.33,301,51,131,53,148,60,121,49,1.0,0.33,7.0
530,True,True,100.0,100.0,119471,0,0,0,0,-76.3,0,"[{'offset': 0, 'projected_percent': '-76.3', 'likelihood': -3}, {'offset': 1, 'projected_percent': '-76.3', 'likelihood': -3}, {'offset': 2, 'projected_percent': '-76.3', 'likelihood': -3}]",,False,0,2,0.3,0.3,0,Fabian,0.3,446,False,,2026-08-15T16:30:07.209742Z,50,119471.jpg,1.0,False,Schär,0.2,False,,a,17,4,1,4542,592,8903,2125,0.1,0.2,Schär,,207.0,2018-07-26,1991-12-20,False,p119471,1,0,0,0,1,0,0,0,0,0,0,0,-1,0.0,0.0,0.0,0.0,0,0,0,0,0,0.00,0.00,0.00,0.79,,,2.0,,,,[],,537,199,538,199,507,194,544,198,0.0,0.0,0.0,0.0,71.1,90.0,245,36,359,131,311,122,324,117,0.0,0.0,0.0
531,True,True,,,220237,0,0,0,0,6.6,-9,"[{'offset': 0, 'projected_percent': '6.5', 'likelihood': 1}, {'offset': 1, 'projected_percent': '6.4', 'likelihood': 1}, {'offset': 2, 'projected_percent': '6.3', 'likelihood': 1}]",,False,0,2,3.0,3.0,1,Sven,3.0,447,False,,,50,220237.jpg,3.0,False,Botman,0.7,False,,a,17,4,9,28123,3786,14241,4118,0.6,1.8,Botman,,152.0,2022-06-28,2000-01-12,False,p220237,270,0,0,1,4,0,0,0,1,0,0,0,29,69.6,3.0,6.0,7.9,22,9,2,24,3,0.01,0.17,0.18,5.47,,,,,,,[],,57,26,260,89,226,80,159,63,0.0,0.0,0.06,0.06,1.82,1.33,273,42,115,44,129,51,233,87,1.0,0.33,8.0
532,True,True,0.0,0.0,78916,0,0,-1,1,-35.0,-58,"[{'offset': 0, 'projected_percent': '-36.7', 'likelihood': -2}, {'offset': 1, 'projected_percent': '-39.5', 'likelihood': -2}, {'offset': 2, 'projected_percent': '-42.4', 'likelihood': -3}]",,False,0,2,0.0,0.0,0,Dan,0.0,448,False,Ankle injury - Expected back 14 Sep,2026-08-23T18:00:08.367241Z,49,78916.jpg,0.0,False,Burn,1.0,False,,i,17,4,0,6942,146,133396,11117,0.0,0.0,Burn,,241.0,2022-01-31,1992-05-09,False,p78916,0,0,0,0,0,0,0,0,0,0,0,0,0,0.0,0.0,0.0,0.0,0,0,0,0,0,0.00,0.00,0.00,0.00,,,,,,,[],https://www.newcastleunited.com/en/news/confimed-line-up-opening-day-debuts-for-hornicek-dedic-and-steur-against-liverpool,506,194,506,194,465,188,512,192,0.0,0.0,0.0,0.0,0.0,0.0,367,64,529,197,529,197,193,73,0.0,0.0,0.0
533,True,True,,,487838,0,0,1,-1,75.0,602,"[{'offset': 0, 'projected_percent': '79.8', 'likelihood': 3}, {'offset': 1, 'projected_percent': '87.7', 'likelihood': 3}, {'offset': 2, 'projected_percent': '95.6', 'likelihood': 4}]",,False,1,2,6.0,6.0,4,Lewis,6.0,449,False,,,51,487838.jpg,6.0,False,Hall,11.6,False,,a,17,4,18,857884,228547,139701,40199,1.2,3.5,Hall,,241.0,2024-07-01,2004-09-08,False,p487838,269,0,1,1,4,0,0,0,0,0,0,3,80,89.0,55.9,7.0,15.1,22,27,8,30,3,0.04,0.67,0.71,5.45,1.0,,1.0,,,,[],,28,8,47,7,216,74,58,13,0.01,0.0,0.22,0.23,1.82,1.34,237,35,32,15,35,16,36,12,1.0,0.33,10.04
534,True,True,100.0,0.0,441191,0,0,-1,1,-0.1,0,"[{'offset': 0, 'projected_percent': '-0.1', 'likelihood': -1}, {'offset': 1, 'projected_percent': '-0.1', 'likelihood': -1}, {'offset': 2, 'projected_percent': '-0.1', 'likelihood': -1}]",2026-09-13T11:30:07.888396Z,False,0,2,0.3,0.0,1,Tino,0.3,450,False,,2026-07-23T12:01:23.753221Z,49,441191.jpg,1.0,False,Livramento,0.0,False,,a,17,4,1,1411,1205,2398,310,0.1,0.2,Livramento,,241.0,2023-08-08,2002-11-12,False,p441191,1,0,0,0,0,0,0,0,0,0,0,0,3,0.2,0.0,0.0,0.0,0,0,0,0,0,0.00,0.00,0.00,0.02,,,,,,,[],,357,131,522,196,484,191,529,195,0.0,0.0,0.0,0.0,1.8,0.0,393,71,351,129,297,119,508,177,0.0,0.0,0.0
535,True,False,0.0,0.0,545477,0,0,0,0,0.0,-1,"[{'offset': 0, 'projected_percent': '0.0', 'likelihood': 0}, {'offset': 1, 'projected_percent': '0.0', 'likelihood': 0}, {'offset': 2, 'projected_percent': '0.0', 'likelihood': 0}]",,False,0,2,0.0,0.0,0,Alex,0.0,451,False,Has joined FC Kaiserslautern on loan for the rest of the season,2026-08-12T14:05:29.224600Z,40,545477.jpg,0.0,False,Murphy,0.1,False,,u,17,4,0,0,0,5658,556,0.0,0.0,A.Murphy,,104.0,2023-07-19,2004-06-25,False,p545477,0,0,0,0,0,0,0,0,0,0,0,0,0,0.0,0.0,0.0,0.0,0,0,0,0,0,0.00,0.00,0.00,0.00,,,,,,,[],,402,151,397,151,339,133,408,149,0.0,0.0,0.0,0.0,0.0,0.0,634,195,427,155,427,155,471,168,0.0,0.0,0.0
536,True,True,,,201666,0,0,0,0,26.9,278,"[{'offset': 0, 'projected_percent': '29.1', 'likelihood': 2}, {'offset': 1, 'projected_percent': '32.7', 'likelihood': 2}, {'offset': 2, 'projected_percent': '36.4', 'likelihood': 2}]",,False,1,3,5.7,5.7,12,Harvey,5.7,453,False,,,60,201666.jpg,5.7,False,Barnes,1.9,False,,a,17,4,17,126616,86434,49981,16910,1.0,2.8,Barnes,,241.0,2023-07-23,1997-12-09,False,p201666,270,1,1,1,4,0,0,0,0,0,0,2,58,45.4,27.3,39.0,11.2,7,8,3,18,3,0.22,0.06,0.28,5.47,5.0,,,,,,[],,131,48,135,80,75,44,105,55,0.07,0.0,0.02,0.09,1.82,1.33,64,44,38,19,43,21,129,39,1.0,0.33,6.0
537,True,True,,,449434,0,0,1,-1,91.6,173,"[{'offset': 0, 'projected_percent': '93.0', 'likelihood': 3}, {'offset': 1, 'projected_percent': '95.2', 'likelihood': 4}, {'offset': 2, 'projected_percent': '97.5', 'likelihood': 4}]",,False,0,3,6.0,6.0,1,Anthony,6.0,454,False,,,61,449434.jpg,6.0,False,Elanga,10.9,False,,a,17,4,18,1074432,168319,194263,87921,1.0,3.0,Elanga,,206.0,2025-07-11,2002-04-27,False,p449434,232,2,0,1,3,0,0,0,1,0,0,2,71,82.6,50.6,61.0,19.4,2,3,4,9,3,0.42,0.34,0.76,4.01,4.0,,,,,,[],,37,16,61,45,43,28,29,22,0.16,0.0,0.13,0.29,1.56,1.16,58,41,36,17,41,19,42,15,1.16,0.39,3.49
538,True,True,,,232653,-1,1,-1,1,1.7,20,"[{'offset': 0, 'projected_percent': '1.8', 'likelihood': 1}, {'offset': 1, 'projected_percent': '2.1', 'likelihood': 1}, {'offset': 2, 'projected_percent': '2.3', 'likelihood': 1}]",,False,0,3,2.3,2.3,6,Jacob,2.3,456,False,,,49,232653.jpg,2.3,False,Ramsey,0.3,False,,a,17,4,7,9241,6000,13373,2141,0.5,1.4,J.Ramsey,,241.0,2025-08-17,2001-05-28,False,p232653,69,1,0,0,1,0,0,0,1,0,0,0,26,40.4,6.3,21.0,6.7,3,6,2,11,0,0.17,0.16,0.33,1.92,,,,,,,[],,148,54,232,122,120,62,193,89,0.22,0.0,0.21,0.43,2.5,1.3,385,231,155,66,173,72,286,96,0.0,0.0,14.35
539,True,True,,,114243,0,0,-1,1,-25.4,-3,"[{'offset': 0, 'projected_percent': '-27.3', 'likelihood': -2}, {'offset': 1, 'projected_percent': '-30.4', 'likelihood': -2}, {'offset': 2, 'projected_percent': '-33.5', 'likelihood': -2}]",,False,0,3,0.7,0.7,1,Jacob,0.7,457,False,,,59,114243.jpg,0.7,False,Murphy,0.1,False,,a,17,4,2,2395,563,7227,1073,0.1,0.3,J.Murphy,Jacob Murphy,241.0,2017-07-19,1995-02-24,False,p114243,35,0,0,0,1,0,0,0,1,0,0,0,7,2.4,3.5,4.0,0.9,1,4,1,6,0,0.00,0.20,0.20,1.46,2.0,,,,,,[],,337,154,253,134,248,118,327,150,0.0,0.0,0.51,0.51,3.75,2.57,87,56,325,149,380,179,387,143,0.0,0.0,15.43
540,True,True,0.0,0.0,180974,0,0,-1,1,-18.2,0,"[{'offset': 0, 'projected_percent': '-18.2', 'likelihood': -1}, {'offset': 1, 'projected_percent': '-18.2', 'likelihood': -1}, {'offset': 2, 'projected_percent': '-18.2', 'likelihood': -1}]",,False,0,3,0.0,0.0,0,Joelinton Cássio,0.0,458,False,Unspecified injury - Unknown return date,2026-08-16T08:00:08.074045Z,54,180974.jpg,0.0,False,Apolinário de Lira,0.0,False,,i,17,4,0,158,24,1859,159,0.0,0.0,Joelinton,Joelinton,30.0,2019-07-24,1996-08-14,False,p180974,0,0,0,0,0,0,0,0,0,0,0,0,0,0.0,0.0,0.0,0.0,0,0,0,0,0,0.00,0.00,0.00,0.00,,,,,,,[],https://www.newcastleunited.com/en/news/matthias-jaissles-team-news-update-livramento-and-joelinton-latest-ahead-of-premier-league-opener,595,251,602,257,585,245,602,254,0.0,0.0,0.0,0.0,0.0,0.0,194,120,610,258,610,258,567,235,0.0,0.0,0.0
541,True,True,100.0,100.0,547719,0,0,0,0,0.7,4,"[{'offset': 0, 'projected_percent': '0.7', 'likelihood': 1}, {'offset': 1, 'projected_percent': '0.8', 'likelihood': 1}, {'offset': 2, 'projected_percent': '0.8', 'likelihood': 1}]",,False,0,3,2.7,2.7,2,Lewis,2.7,459,False,,2026-07-23T12:01:23.785456Z,55,547719.jpg,2.7,False,Miley,0.1,False,,a,17,4,8,4151,549,2813,697,0.5,1.5,L.Miley,,241.0,2023-02-01,2006-05-01,False,p547719,227,0,0,1,3,0,0,0,1,0,0,0,40,30.0,37.2,5.0,7.2,10,15,1,26,3,0.05,0.07,0.12,4.39,3.0,,,,,,[],,188,72,103,66,235,115,180,83,0.02,0.0,0.03,0.05,1.74,1.19,177,110,140,61,155,66,456,180,1.19,0.4,10.31
542,True,True,,,200089,0,0,0,0,10.2,-2,"[{'offset': 0, 'projected_percent': '10.1', 'likelihood': 1}, {'offset': 1, 'projected_percent': '10.1', 'likelihood': 1}, {'offset': 2, 'projected_percent': '10.1', 'likelihood': 1}]",,False,0,3,3.7,3.7,2,Joe,3.7,460,False,,,50,200089.jpg,3.7,False,Willock,0.5,False,,a,17,4,11,38553,7563,13929,4255,0.7,2.2,Willock,,241.0,2021-08-13,1999-08-20,False,p200089,166,1,0,1,3,0,0,0,0,0,0,0,34,44.4,20.4,28.0,8.5,2,3,3,8,2,0.52,0.20,0.72,3.57,,,,,,,[],,134,50,168,95,100,54,152,72,0.28,0.0,0.11,0.39,1.94,1.63,259,161,85,39,93,41,259,86,1.08,0.54,4.34
543,True,True,,,611665,0,0,-1,1,-90.7,-11,"[{'offset': 0, 'projected_percent': '-97.2', 'likelihood': -4}, {'offset': 1, 'projected_percent': '-108.0', 'likelihood': -5}, {'offset': 2, 'projected_percent': '-118.8', 'likelihood': -5}]",,False,0,3,0.3,0.3,0,Bazoumana,0.3,461,False,,,59,611665.jpg,1.0,False,Touré,0.1,False,,a,17,4,1,1349,179,12433,1745,0.1,0.2,Touré,,54.0,2026-07-05,2006-03-02,False,p611665,1,0,0,0,0,0,0,0,0,0,0,0,3,0.0,0.0,0.0,0.0,0,0,0,0,0,0.00,0.00,0.00,0.00,,,,,,,[],,634,279,636,279,634,278,636,279,0.0,0.0,0.0,0.0,0.0,0.0,112,72,381,179,360,167,374,136,0.0,0.0,0.0
544,True,True,,,636852,-1,1,-1,1,-8.3,0,"[{'offset': 0, 'projected_percent': '-8.3', 'likelihood': -1}, {'offset': 1, 'projected_percent': '-8.3', 'likelihood': -1}, {'offset': 2, 'projected_percent': '-8.3', 'likelihood': -1}]",,False,0,3,1.0,1.0,1,Sean,1.0,462,False,,,49,636852.jpg,1.0,False,Steur,0.1,False,,a,17,4,3,1563,217,4090,743,0.2,0.6,Steur,,152.0,2026-07-09,2008-01-11,False,p636852,87,0,0,0,1,0,0,0,0,0,0,0,10,7.4,1.7,0.0,1.0,4,3,0,7,1,0.00,0.00,0.00,1.90,,,,,,,[],,284,121,288,147,498,196,320,145,0.0,0.0,0.0,0.0,1.97,1.03,416,253,256,112,308,132,452,177,1.03,0.0,7.24
545,True,False,0.0,0.0,470313,0,0,-1,1,0.0,-108,"[{'offset': 0, 'projected_percent': '0.0', 'likelihood': 0}, {'offset': 1, 'projected_percent': '0.0', 'likelihood': 0}, {'offset': 2, 'projected_percent': '0.0', 'likelihood': 0}]",,False,0,4,0.0,0.0,0,Nick,1.3,463,False,Has joined Juventus on loan for the rest of the season,2026-09-02T16:07:16.549304Z,59,470313.jpg,4.0,False,Woltemade,0.7,False,,u,17,4,4,14520,0,114456,26896,0.2,0.7,Woltemade,,80.0,2025-08-30,2002-02-14,False,p470313,19,0,1,0,0,0,0,0,0,0,0,0,18,18.2,10.5,11.0,4.0,0,0,0,0,0,0.02,0.01,0.03,0.38,,,,,,,[],,226,20,221,28,188,32,243,29,0.09,0.0,0.05,0.14,1.8,0.0,104,27,232,22,88,10,220,36,0.0,0.0,0.0
546,True,True,,,216646,1,-1,2,-2,13.1,667,"[{'offset': 0, 'projected_percent': '15.1', 'likelihood': 1}, {'offset': 1, 'projected_percent': '18.3', 'likelihood': 1}, {'offset': 2, 'projected_percent': '21.6', 'likelihood': 2}]",,False,0,4,4.3,4.3,1,Yoane,4.3,464,False,,,62,216646.jpg,4.3,False,Wissa,16.8,False,,a,17,4,13,1564773,286677,215639,102143,0.7,2.1,Wissa,,50.0,2025-09-01,1996-09-03,False,p216646,261,1,1,1,3,0,0,0,2,0,0,2,51,55.6,33.9,74.0,16.3,2,10,5,17,3,1.35,0.05,1.40,4.30,,,,,2.0,,[],,98,5,115,11,22,9,53,7,0.47,0.0,0.02,0.49,1.48,1.03,57,13,69,6,74,7,23,5,1.03,0.34,5.86
547,True,True,0.0,0.0,538207,0,0,-1,1,-35.6,-42,"[{'offset': 0, 'projected_percent': '-38.5', 'likelihood': -2}, {'offset': 1, 'projected_percent': '-43.2', 'likelihood': -3}, {'offset': 2, 'projected_percent': '-47.9', 'likelihood': -3}]",,False,0,4,0.0,0.0,0,William,1.3,465,False,Foot injury - Unknown return date,2026-08-25T19:00:08.004915Z,59,538207.jpg,4.0,False,Osula,0.4,False,,i,17,4,4,21041,140,71892,7136,0.2,0.7,Osula,,58.0,2024-08-08,2003-08-04,False,p538207,55,0,1,0,1,0,0,0,0,0,0,0,18,28.2,13.7,8.0,5.0,2,2,1,5,1,0.06,0.14,0.20,1.48,,,,,1.0,,[],,193,15,197,23,205,34,227,26,0.1,0.0,0.23,0.33,2.42,1.64,109,29,234,24,89,11,261,46,1.64,0.0,8.18
548,True,False,0.0,0.0,599303,0,0,0,0,0.0,-29,"[{'offset': 0, 'projected_percent': '0.0', 'likelihood': 0}, {'offset': 1, 'projected_percent': '0.0', 'likelihood': 0}, {'offset': 2, 'projected_percent': '0.0', 'likelihood': 0}]",,False,0,4,0.0,0.0,0,Sean,0.0,466,False,Has joined Wolves on loan for the rest of the season,2026-09-04T12:37:43.515176Z,45,599303.jpg,0.0,False,Neave,0.7,False,,u,17,4,0,23805,0,32379,10855,0.0,0.0,Neave,,241.0,2025-02-07,2007-05-27,False,p599303,0,0,0,0,0,0,0,0,0,0,0,0,0,0.0,0.0,0.0,0.0,0,0,0,0,0,0.00,0.00,0.00,0.00,,,,,,,[],,491,50,490,55,448,52,497,54,0.0,0.0,0.0,0.0,0.0,0.0,549,76,514,57,514,57,225,37,0.0,0.0,0.0
549,True,True,,,632794,-1,1,-1,1,-7.7,-2,"[{'offset': 0, 'projected_percent': '-8.6', 'likelihood': -1}, {'offset': 1, 'projected_percent': '-10.0', 'likelihood': -1}, {'offset': 2, 'projected_percent': '-11.5', 'likelihood': -1}]",,False,0,3,0.3,0.3,0,Aladji,0.3,559,False,,,49,632794.jpg,1.0,False,Bamba,0.1,False,,a,17,4,1,1854,330,5165,876,0.1,0.2,Bamba,,73.0,2026-07-24,2006-07-14,False,p632794,14,0,0,0,1,0,0,0,0,0,0,0,5,4.0,0.0,0.0,0.4,1,0,1,2,0,0.00,0.00,0.00,1.04,,,,,,,[],,317,144,532,221,497,195,342,157,0.0,0.0,0.0,0.0,6.69,6.43,415,252,357,163,307,131,412,158,0.0,0.0,12.86
550,True,True,,,470551,0,0,0,0,15.5,39,"[{'offset': 0, 'projected_percent': '15.8', 'likelihood': 1}, {'offset': 1, 'projected_percent': '16.3', 'likelihood': 1}, {'offset': 2, 'projected_percent': '16.8', 'likelihood': 1}]",,False,0,1,3.3,3.3,2,Lukás,3.3,567,False,,,50,470551.jpg,3.3,False,Hornícek,1.3,False,,a,17,4,10,87316,23518,33440,10075,0.7,2.0,Horníček,,57.0,2026-08-03,2002-07-13,False,p470551,270,0,0,1,4,0,0,0,1,0,13,0,56,109.2,0.0,0.0,10.9,5,15,0,0,3,0.00,0.00,0.00,5.47,,,,,,,[],,8,1,566,65,544,65,108,2,0.0,4.33,0.0,0.0,1.82,1.33,305,14,99,7,110,7,162,24,1.0,0.33,0.0
551,True,True,,,463726,0,0,0,0,65.6,86,"[{'offset': 0, 'projected_percent': '66.2', 'likelihood': 3}, {'offset': 1, 'projected_percent': '67.4', 'likelihood': 3}, {'offset': 2, 'projected_percent': '68.5', 'likelihood': 3}]",,False,1,2,4.3,4.3,1,Amar,4.3,593,False,,,45,463726.jpg,4.3,False,Dedic,3.6,False,,a,17,4,13,409109,80105,84314,32955,1.0,2.9,Dedić,,27.0,2026-08-18,2002-08-18,False,p463726,270,0,1,1,4,0,0,0,0,0,0,2,39,59.6,38.0,15.0,11.3,13,11,5,18,3,0.14,0.08,0.22,5.47,,,,,,,[],,77,38,99,27,148,48,100,31,0.05,0.0,0.03,0.08,1.82,1.33,494,125,61,25,67,28,89,34,1.0,0.33,6.0
552,True,True,,,553746,0,0,0,0,-1.0,-2,"[{'offset': 0, 'projected_percent': '-1.7', 'likelihood': -1}, {'offset': 1, 'projected_percent': '-2.8', 'likelihood': -1}, {'offset': 2, 'projected_percent': '-4.0', 'likelihood': -1}]",,False,0,2,0.0,0.0,0,Leo,0.0,609,False,,,40,553746.jpg,0.0,False,Shahar,0.3,False,,a,17,4,0,17084,2220,5725,1764,0.0,0.0,Shahar,,241.0,2024-08-08,2007-03-18,False,p553746,0,0,0,0,0,0,0,0,0,0,0,0,0,0.0,0.0,0.0,0.0,0,0,0,0,0,0.00,0.00,0.00,0.00,,,,,,,[],,406,155,401,155,343,137,412,153,0.0,0.0,0.0,0.0,0.0,0.0,638,199,431,159,431,159,313,114,0.0,0.0,0.0
553,True,True,,,613221,0,0,0,0,0.0,0,"[{'offset': 0, 'projected_percent': '0.0', 'likelihood': 0}, {'offset': 1, 'projected_percent': '0.0', 'likelihood': 0}, {'offset': 2, 'projected_percent': '0.0', 'likelihood': 0}]",2026-09-15T14:51:08.352830Z,False,0,4,2.1,2.1,1,Matias,1.0,634,False,,,60,613221.jpg,1.0,False,Fernandez-Pardo,0.1,False,,a,17,4,1,9095,3711,1402,816,0.2,0.2,Fernandez-Pardo,,21.0,2026-09-01,2005-02-03,False,p613221,27,0,0,0,0,0,0,0,0,0,0,0,4,0.0,0.8,6.0,0.7,0,1,0,1,0,0.00,0.00,0.00,0.04,,,,,,,[],,642,75,314,38,232,36,334,38,0.0,0.0,0.0,0.0,0.13,0.0,82,20,282,34,362,45,443,64,0.0,0.0,3.33
554,True,True,,,463034,0,0,0,0,13.6,11,"[{'offset': 0, 'projected_percent': '13.7', 'likelihood': 1}, {'offset': 1, 'projected_percent': '13.8', 'likelihood': 1}, {'offset': 2, 'projected_percent': '14.0', 'likelihood': 1}]",,False,0,4,1.0,1.0,2,Liam,1.0,167,False,,,55,463034.jpg,1.5,False,Delap,0.8,False,,a,18,17,3,55002,10316,25589,6047,0.2,0.5,Delap,,241.0,2026-08-27,2003-02-08,False,p463034,97,0,0,1,1,0,0,0,0,0,0,0,15,6.4,30.9,12.0,4.9,2,3,0,5,1,0.13,0.06,0.19,1.22,,,,,3.0,,[],,294,29,123,13,180,31,230,27,0.12,0.0,0.06,0.18,1.13,0.93,157,39,272,32,247,28,206,32,0.93,0.93,4.64
555,True,True,,,247348,0,0,-1,1,-39.4,-180,"[{'offset': 0, 'projected_percent': '-41.9', 'likelihood': -3}, {'offset': 1, 'projected_percent': '-46.0', 'likelihood': -3}, {'offset': 2, 'projected_percent': '-50.1', 'likelihood': -3}]",,False,0,2,0.3,0.3,1,Daniel,0.3,201,False,,,54,247348.jpg,0.5,False,Muñoz Mejía,6.0,False,,a,18,17,1,44845,5940,352157,45013,0.1,0.2,Muñoz,,48.0,2026-08-31,1996-05-26,False,p247348,85,0,0,0,2,0,0,0,0,0,0,0,1,3.6,2.6,25.0,3.1,3,1,2,5,1,0.26,0.01,0.27,1.10,,,,,,,[],,322,124,267,93,111,33,263,99,0.28,0.0,0.01,0.29,1.16,2.12,207,27,369,134,385,136,65,27,1.06,0.0,5.29
556,True,True,,,85633,0,0,0,0,-44.4,5,"[{'offset': 0, 'projected_percent': '-44.1', 'likelihood': -3}, {'offset': 1, 'projected_percent': '-43.6', 'likelihood': -3}, {'offset': 2, 'projected_percent': '-43.1', 'likelihood': -3}]",,False,0,1,3.0,3.0,6,Matz,3.0,467,False,,,50,85633.jpg,3.0,False,Sels,1.4,False,,a,18,17,9,17537,5783,34971,5002,0.6,1.8,Sels,,21.0,2024-02-01,1992-02-26,False,p85633,270,0,0,1,3,0,0,0,0,0,4,0,38,33.2,0.0,0.0,3.3,4,26,0,0,3,0.00,0.01,0.01,3.28,,,,,,,[],,177,19,536,57,503,56,258,19,0.0,1.33,0.0,0.0,1.09,1.0,240,5,114,12,127,12,155,23,1.0,0.33,0.0
557,True,True,,,221389,0,0,0,0,-44.6,-1,"[{'offset': 0, 'projected_percent': '-46.2', 'likelihood': -3}, {'offset': 1, 'projected_percent': '-48.9', 'likelihood': -3}, {'offset': 2, 'projected_percent': '-51.5', 'likelihood': -3}]",,False,0,1,0.0,0.0,0,John Victor,0.0,468,False,,,45,221389.jpg,0.0,False,Maciel Furtado,0.1,False,,a,18,17,0,533,96,1329,212,0.0,0.0,John,John Victor,30.0,2025-08-31,1996-02-13,False,p221389,0,0,0,0,0,0,0,0,0,0,0,0,0,0.0,0.0,0.0,0.0,0,0,0,0,0,0.00,0.00,0.00,0.00,,,,,,,[],,438,56,435,39,385,36,444,56,0.0,0.0,0.0,0.0,0.0,0.0,464,35,462,56,462,56,480,55,0.0,0.0,0.0
558,True,True,,,215136,0,0,0,0,-28.0,72,"[{'offset': 0, 'projected_percent': '-27.2', 'likelihood': -2}, {'offset': 1, 'projected_percent': '-26.0', 'likelihood': -2}, {'offset': 2, 'projected_percent': '-24.8', 'likelihood': -2}]",,False,0,2,5.0,5.0,7,Neco,5.0,469,False,,,50,215136.jpg,5.0,False,Williams,8.3,False,,a,18,17,15,106934,39266,201896,31064,1.0,3.0,N.Williams,,244.0,2022-07-11,2001-04-13,False,p215136,270,0,1,1,3,0,0,0,0,0,0,1,57,61.0,42.0,16.0,11.9,12,19,12,24,3,0.12,0.24,0.36,3.28,2.0,,2.0,,,,[],,73,36,82,20,141,43,89,22,0.04,0.0,0.08,0.12,1.09,1.0,270,41,47,20,51,22,51,19,1.0,0.33,8.0
559,True,False,0.0,0.0,485047,0,0,0,0,0.0,-4,"[{'offset': 0, 'projected_percent': '0.0', 'likelihood': 0}, {'offset': 1, 'projected_percent': '0.0', 'likelihood': 0}, {'offset': 2, 'projected_percent': '0.0', 'likelihood': 0}]",,False,0,2,0.0,0.0,0,Felipe,0.0,470,False,Has joined West Ham on loan for the rest of the season,2026-09-02T16:19:54.503286Z,50,485047.jpg,0.0,False,Rodrigues da Silva,0.0,False,,u,18,17,0,424,0,2692,659,0.0,0.0,Morato,Morato,30.0,2024-08-30,2001-06-30,False,p485047,0,0,0,0,0,0,0,0,0,0,0,0,0,0.0,0.0,0.0,0.0,0,0,0,0,0,0.00,0.00,0.00,0.00,,,,,,,[],,561,205,567,205,545,203,568,205,0.0,0.0,0.0,0.0,0.0,0.0,309,55,577,206,577,206,544,188,0.0,0.0,0.0
560,True,True,,,227444,0,0,0,0,-54.1,12,"[{'offset': 0, 'projected_percent': '-53.5', 'likelihood': -3}, {'offset': 1, 'projected_percent': '-52.6', 'likelihood': -3}, {'offset': 2, 'projected_percent': '-51.6', 'likelihood': -3}]",,False,0,2,4.0,4.0,7,Nikola,4.0,471,False,,,55,227444.jpg,4.0,False,Milenković,1.6,False,,a,18,17,12,12235,4017,38867,3978,0.7,2.2,Milenković,,190.0,2024-07-18,1997-10-12,False,p227444,270,0,0,1,3,0,0,0,1,0,0,0,34,53.2,1.4,16.0,7.0,26,12,5,31,3,0.11,0.03,0.14,3.28,,,,,,,[],,106,49,295,108,142,44,183,70,0.04,0.0,0.01,0.05,1.09,1.0,143,17,78,33,82,35,143,59,1.0,0.33,10.33
561,True,True,100.0,100.0,575476,0,0,0,0,-18.9,30,"[{'offset': 0, 'projected_percent': '-17.4', 'likelihood': -1}, {'offset': 1, 'projected_percent': '-14.8', 'likelihood': -1}, {'offset': 2, 'projected_percent': '-12.2', 'likelihood': -1}]",,False,0,2,4.3,4.3,8,Murillo,4.3,472,False,,2026-07-23T12:01:23.801183Z,55,575476.jpg,4.3,False,Costa dos Santos,1.6,False,,a,18,17,13,24694,6454,36129,4140,0.8,2.4,Murillo,Murillo,30.0,2023-08-31,2002-07-04,False,p575476,269,0,0,1,3,0,0,0,0,0,0,0,42,61.2,27.4,18.0,10.7,24,10,6,30,3,0.35,0.28,0.63,3.28,,,3.0,,,,[],,71,34,133,41,129,39,114,41,0.12,0.0,0.09,0.21,1.1,1.0,182,23,67,28,72,30,146,61,1.0,0.33,10.04
562,True,True,,,159506,0,0,0,0,-56.6,-70,"[{'offset': 0, 'projected_percent': '-58.6', 'likelihood': -3}, {'offset': 1, 'projected_percent': '-62.0', 'likelihood': -3}, {'offset': 2, 'projected_percent': '-65.4', 'likelihood': -3}]",,False,0,2,2.0,2.0,1,Ola,2.0,473,False,,,45,159506.jpg,2.0,False,Aina,2.9,False,,a,18,17,6,42221,3843,97477,23630,0.4,1.3,Aina,,157.0,2023-07-22,1996-10-08,False,p159506,216,0,0,1,2,0,0,0,2,0,0,0,34,40.8,51.6,15.0,10.8,7,12,7,14,3,0.04,0.52,0.56,2.90,,,,,,,[],,144,66,58,12,147,47,111,38,0.02,0.0,0.22,0.24,1.21,0.83,444,88,172,68,190,73,106,41,1.25,0.42,5.83
563,True,True,,,575458,0,0,0,0,-26.1,-3,"[{'offset': 0, 'projected_percent': '-27.4', 'likelihood': -2}, {'offset': 1, 'projected_percent': '-29.6', 'likelihood': -2}, {'offset': 2, 'projected_percent': '-31.8', 'likelihood': -2}]",,False,0,2,3.3,3.3,8,Jair,3.3,474,False,,,45,575458.jpg,3.3,False,Paula da Cunha Filho,0.2,False,,a,18,17,10,3748,2565,4814,1261,0.7,2.2,Jair Cunha,Jair Cunha,30.0,2025-07-11,2005-03-07,False,p575458,270,0,0,1,3,0,0,0,1,0,0,0,35,55.4,2.4,1.0,5.9,23,5,5,28,3,0.03,0.01,0.04,3.28,,,,,,,[],,99,45,271,95,292,110,211,81,0.01,0.0,0.0,0.01,1.09,1.0,538,142,96,36,107,42,337,125,1.0,0.33,9.33
564,True,True,0.0,0.0,500151,0,0,0,0,-10.5,0,"[{'offset': 0, 'projected_percent': '-10.5', 'likelihood': -1}, {'offset': 1, 'projected_percent': '-10.5', 'likelihood': -1}, {'offset': 2, 'projected_percent': '-10.5', 'likelihood': -1}]",,False,0,2,0.0,0.0,0,Nicolò,0.0,475,False,Knee injury - Unknown return date,2026-07-23T12:01:23.816304Z,45,500151.jpg,0.0,False,Savona,0.0,False,,i,18,17,0,169,22,190,11,0.0,0.0,Savona,,106.0,2025-08-30,2003-03-19,False,p500151,0,0,0,0,0,0,0,0,0,0,0,0,0,0.0,0.0,0.0,0.0,0,0,0,0,0,0.00,0.00,0.00,0.00,,,,,,,[],https://www.nottinghamforest.co.uk/news/2026/august/20/early-team-news-for-forest-s-clash-with-leeds/?utm_source=premier-league-web&utm_medium=referral&utm_campaign=pl-referral-always-on&utm_content=home&utm_term=live-bar,460,182,460,182,417,175,466,180,0.0,0.0,0.0,0.0,0.0,0.0,513,133,484,185,484,185,643,213,0.0,0.0,0.0
565,True,True,,,204822,0,0,0,0,-38.3,-3,"[{'offset': 0, 'projected_percent': '-39.2', 'likelihood': -2}, {'offset': 1, 'projected_percent': '-40.8', 'likelihood': -3}, {'offset': 2, 'projected_percent': '-42.3', 'likelihood': -3}]",,False,0,2,0.0,0.0,0,Omar,0.0,476,False,,,40,204822.jpg,0.0,False,Richards,0.2,False,,a,18,17,0,2226,473,5007,883,0.0,0.0,O.Richards,,241.0,2022-07-10,1998-02-15,False,p204822,0,0,0,0,0,0,0,0,0,0,0,0,0,0.0,0.0,0.0,0.0,0,0,0,0,0,0.00,0.00,0.00,0.00,,,,,,,[],,380,138,375,138,317,120,386,136,0.0,0.0,0.0,0.0,0.0,0.0,602,172,405,142,405,142,327,118,0.0,0.0,0.0
566,True,False,0.0,0.0,549067,0,0,0,0,0.0,-11,"[{'offset': 0, 'projected_percent': '0.0', 'likelihood': 0}, {'offset': 1, 'projected_percent': '0.0', 'likelihood': 0}, {'offset': 2, 'projected_percent': '0.0', 'likelihood': 0}]",,False,0,2,0.0,0.0,0,Zach,0.0,477,False,Has joined Southampton on loan for the rest of the season,2026-09-02T16:19:54.536676Z,40,549067.jpg,0.0,False,Abbott,0.2,False,,u,18,17,0,2459,0,8954,2466,0.0,0.0,Abbott,,241.0,2022-08-22,2006-05-13,False,p549067,0,0,0,0,0,0,0,0,0,0,0,0,0,0.0,0.0,0.0,0.0,0,0,0,0,0,0.00,0.00,0.00,0.00,,,,,,,[],,405,154,400,154,342,136,411,152,0.0,0.0,0.0,0.0,0.0,0.0,637,198,430,158,430,158,344,128,0.0,0.0,0.0
567,True,True,,,470315,0,0,0,0,-79.3,1,"[{'offset': 0, 'projected_percent': '-76.2', 'likelihood': -3}, {'offset': 1, 'projected_percent': '-71.2', 'likelihood': -3}, {'offset': 2, 'projected_percent': '-66.1', 'likelihood': -3}]",,False,0,2,0.7,0.7,0,Luca,0.7,478,False,,,45,470315.jpg,1.0,False,Netz,0.0,False,,a,18,17,2,338,58,955,195,0.2,0.4,Netz,,80.0,2026-02-02,2003-05-15,False,p470315,20,0,0,0,1,0,0,0,0,0,0,0,3,2.0,0.9,0.0,0.3,0,1,1,1,0,0.00,0.00,0.00,0.13,,,,,,,[],,341,127,307,115,404,171,350,127,0.0,0.0,0.0,0.0,0.58,4.5,497,126,295,109,286,112,532,184,0.0,0.0,4.5
568,True,False,0.0,0.0,538638,0,0,0,0,0.0,-6,"[{'offset': 0, 'projected_percent': '0.0', 'likelihood': 0}, {'offset': 1, 'projected_percent': '0.0', 'likelihood': 0}, {'offset': 2, 'projected_percent': '0.0', 'likelihood': 0}]",,False,0,2,0.0,0.0,0,Tyler,0.0,479,False,Has joined Charlton Athletic on loan for the rest of the season,2026-09-01T13:16:05.383880Z,40,538638.jpg,0.0,False,Bindon,0.1,False,,u,18,17,0,799,0,5660,1302,0.0,0.0,Bindon,,154.0,2025-02-03,2005-01-27,False,p538638,0,0,0,0,0,0,0,0,0,0,0,0,0,0.0,0.0,0.0,0.0,0,0,0,0,0,0.00,0.00,0.00,0.00,,,,,,,[],,401,150,396,150,338,132,407,148,0.0,0.0,0.0,0.0,0.0,0.0,632,193,426,154,426,154,375,141,0.0,0.0,0.0
569,True,True,100.0,100.0,222531,0,0,-1,1,10.9,-3,"[{'offset': 0, 'projected_percent': '10.9', 'likelihood': 1}, {'offset': 1, 'projected_percent': '10.9', 'likelihood': 1}, {'offset': 2, 'projected_percent': '10.8', 'likelihood': 1}]",,False,1,3,6.0,6.0,3,Morgan,6.0,480,False,,2026-08-24T15:30:08.350159Z,79,222531.jpg,6.0,False,Gibbs-White,9.4,False,,a,18,17,18,289585,65609,451726,55963,0.8,2.3,Gibbs-White,,241.0,2022-08-19,2000-01-27,False,p222531,270,1,1,1,3,0,0,0,0,0,0,3,49,62.0,24.8,46.0,13.2,2,9,4,15,3,1.40,0.11,1.51,3.28,,,1.0,,1.0,,[],,69,22,145,86,65,39,76,48,0.47,0.0,0.04,0.51,1.09,1.0,9,6,37,18,42,20,44,17,1.0,0.33,5.0
570,True,True,100.0,100.0,209046,0,0,-1,1,-55.0,-11,"[{'offset': 0, 'projected_percent': '-59.9', 'likelihood': -3}, {'offset': 1, 'projected_percent': '-68.2', 'likelihood': -3}, {'offset': 2, 'projected_percent': '-76.5', 'likelihood': -3}]",,False,0,3,0.3,0.3,0,Callum,0.3,482,False,,2026-07-23T12:01:23.832709Z,59,209046.jpg,1.0,False,Hudson-Odoi,0.2,False,,a,18,17,1,2781,446,12043,1635,0.1,0.2,Hudson-Odoi,,241.0,2023-09-01,2000-11-07,False,p209046,1,0,0,0,0,0,0,0,0,0,0,0,2,0.0,0.3,0.0,0.0,0,0,0,0,0,0.00,0.00,0.00,0.00,,,4.0,,,,[],,629,275,345,171,627,273,632,275,0.0,0.0,0.0,0.0,0.0,0.0,93,60,379,178,355,163,349,128,0.0,0.0,0.0
571,True,True,,,456512,0,0,0,0,7.2,-13,"[{'offset': 0, 'projected_percent': '7.1', 'likelihood': 1}, {'offset': 1, 'projected_percent': '6.9', 'likelihood': 1}, {'offset': 2, 'projected_percent': '6.7', 'likelihood': 1}]",,False,0,3,4.3,4.3,1,Dan,4.3,483,False,,,55,456512.jpg,4.3,False,Ndoye,0.7,False,,a,18,17,13,40313,5090,22636,6093,0.8,2.4,Ndoye,,207.0,2025-07-31,2000-10-25,False,p456512,184,1,0,1,1,0,0,0,0,0,0,2,40,37.6,25.8,36.0,10.0,2,13,2,17,3,0.35,0.63,0.98,2.48,,,,,,,[],,155,57,142,83,84,48,126,61,0.17,0.0,0.31,0.48,1.21,0.49,156,95,65,31,70,32,231,77,1.47,0.49,8.32
572,True,False,0.0,0.0,503301,0,0,-1,1,0.0,-8,"[{'offset': 0, 'projected_percent': '0.0', 'likelihood': 0}, {'offset': 1, 'projected_percent': '0.0', 'likelihood': 0}, {'offset': 2, 'projected_percent': '0.0', 'likelihood': 0}]",,False,0,3,0.0,0.0,0,Omari,0.0,484,False,Has joined AC Milan on loan for the rest of the season,2026-09-01T13:23:52.340206Z,54,503301.jpg,0.0,False,Hutchinson,0.1,False,,u,18,17,0,427,0,8367,1508,0.0,0.0,Hutchinson,,241.0,2025-08-16,2003-10-30,False,p503301,0,0,0,0,0,0,0,0,0,0,0,0,0,0.0,0.0,0.0,0.0,0,0,0,0,0,0.00,0.00,0.00,0.00,,,,,,,[],,607,261,612,265,599,256,613,263,0.0,0.0,0.0,0.0,0.0,0.0,224,141,619,266,619,266,430,168,0.0,0.0,0.0
573,True,False,0.0,0.0,476887,0,0,0,0,0.0,0,"[{'offset': 0, 'projected_percent': '0.0', 'likelihood': 0}, {'offset': 1, 'projected_percent': '0.0', 'likelihood': 0}, {'offset': 2, 'projected_percent': '0.0', 'likelihood': 0}]",,False,0,3,0.0,0.0,0,Dilane,0.0,485,False,Has joined Lille on loan for the rest of the season,2026-08-27T14:53:03.381941Z,55,476887.jpg,0.0,False,Bakwa,0.0,False,,u,18,17,0,107,0,1022,85,0.0,0.0,Bakwa,,73.0,2025-09-01,2002-08-26,False,p476887,0,0,0,0,0,0,0,0,0,0,0,0,0,0.0,0.0,0.0,0.0,0,0,0,0,0,0.00,0.00,0.00,0.00,,,,,,,[],,619,269,625,271,617,266,625,271,0.0,0.0,0.0,0.0,0.0,0.0,164,100,628,272,628,272,618,265,0.0,0.0,0.0
574,True,True,,,432714,0,0,0,0,1.1,0,"[{'offset': 0, 'projected_percent': '1.1', 'likelihood': 1}, {'offset': 1, 'projected_percent': '1.1', 'likelihood': 1}, {'offset': 2, 'projected_percent': '1.1', 'likelihood': 1}]",,False,0,3,2.3,2.3,2,James,2.3,486,False,,,55,432714.jpg,2.3,False,McAtee,0.1,False,,a,18,17,7,4998,931,2619,616,0.4,1.3,McAtee,,241.0,2025-08-16,2002-10-18,False,p432714,253,0,0,2,2,0,0,0,1,0,0,0,56,34.0,120.5,10.0,16.5,4,14,5,23,3,0.13,0.54,0.67,3.15,1.0,,,,,,[],,172,67,3,3,194,95,46,33,0.05,0.0,0.19,0.24,1.12,0.71,148,90,162,70,179,76,445,174,1.07,0.71,8.18
575,True,True,,,250199,-1,1,-1,1,-6.5,-5,"[{'offset': 0, 'projected_percent': '-10.2', 'likelihood': -1}, {'offset': 1, 'projected_percent': '-16.3', 'likelihood': -1}, {'offset': 2, 'projected_percent': '-22.4', 'likelihood': -2}]",,False,0,3,0.3,0.3,0,Nicolás,0.3,487,False,,,49,250199.jpg,1.0,False,Domínguez,0.1,False,,a,18,17,1,754,182,2635,427,0.1,0.2,Dominguez,,10.0,2023-09-01,1998-06-28,False,p250199,1,0,0,0,0,0,0,0,0,0,0,0,3,0.2,0.0,0.0,0.0,0,0,0,0,0,0.00,0.00,0.00,0.00,,,,,,,[],,356,166,518,212,479,182,525,209,0.0,0.0,0.0,0.0,0.0,0.0,388,234,350,158,296,123,476,188,0.0,0.0,0.0
576,True,True,100.0,100.0,210462,0,0,-1,1,-0.1,0,"[{'offset': 0, 'projected_percent': '-0.1', 'likelihood': -1}, {'offset': 1, 'projected_percent': '-0.1', 'likelihood': -1}, {'offset': 2, 'projected_percent': '-0.1', 'likelihood': -1}]",2026-09-11T19:30:08.619340Z,False,0,3,0.7,0.7,0,Ibrahim,0.7,488,False,,2026-08-28T09:30:07.471668Z,49,210462.jpg,2.0,False,Sangaré,0.6,False,,a,18,17,2,6127,1460,50837,4381,0.1,0.4,I.Sangaré,,54.0,2023-09-01,1997-12-02,False,p210462,90,0,0,0,1,0,0,0,0,0,0,0,10,17.8,13.0,3.0,3.4,3,3,0,6,1,0.03,0.01,0.04,0.47,,,,,,,[],,228,91,204,112,254,122,255,110,0.03,0.0,0.01,0.04,0.47,1.0,377,227,297,133,197,83,242,81,1.0,0.0,6.0
577,True,True,100.0,100.0,204968,0,0,0,0,-7.4,-17,"[{'offset': 0, 'projected_percent': '-8.4', 'likelihood': -1}, {'offset': 1, 'projected_percent': '-10.0', 'likelihood': -1}, {'offset': 2, 'projected_percent': '-11.7', 'likelihood': -1}]",,False,0,3,0.0,0.0,0,Ryan,0.0,489,False,,2026-08-17T20:30:08.195072Z,45,204968.jpg,0.0,False,Yates,1.4,False,,a,18,17,0,23643,4581,63747,8481,0.0,0.0,Yates,,241.0,2018-08-01,1997-11-21,False,p204968,0,0,0,0,0,0,0,0,0,0,0,0,0,0.0,0.0,0.0,0.0,0,0,0,0,0,0.00,0.00,0.00,0.00,,,,,,,[],,436,171,433,179,382,148,442,175,0.0,0.0,0.0,0.0,0.0,0.0,459,261,460,184,460,184,154,47,0.0,0.0,0.0
578,True,True,,,60689,0,0,-1,1,-62.2,-54,"[{'offset': 0, 'projected_percent': '-66.2', 'likelihood': -3}, {'offset': 1, 'projected_percent': '-72.9', 'likelihood': -3}, {'offset': 2, 'projected_percent': '-79.6', 'likelihood': -3}]",,False,0,4,0.7,0.7,1,Chris,0.7,490,False,,,59,60689.jpg,1.0,False,Wood,1.1,False,,a,18,17,2,15129,2780,83018,10759,0.1,0.3,Wood,,154.0,2023-07-01,1991-12-07,False,p60689,44,0,0,0,1,0,0,0,0,0,0,0,6,0.2,2.5,3.0,0.4,0,1,0,1,0,0.12,0.01,0.13,0.40,,,,,2.0,,[],,361,39,269,33,259,40,345,40,0.25,0.0,0.02,0.27,0.82,2.05,86,22,324,39,353,42,179,28,0.0,0.0,2.05
579,True,True,,,482973,0,0,-1,1,-42.2,-127,"[{'offset': 0, 'projected_percent': '-45.9', 'likelihood': -3}, {'offset': 1, 'projected_percent': '-52.3', 'likelihood': -3}, {'offset': 2, 'projected_percent': '-58.6', 'likelihood': -3}]",,False,0,4,1.3,1.3,1,Igor Jesus,1.3,491,False,,,59,482973.jpg,1.3,False,Maciel da Cruz,2.7,False,,a,18,17,4,42561,6913,174044,33771,0.2,0.7,Igor Jesus,Igor Jesus,30.0,2025-07-05,2001-02-25,False,p482973,211,0,0,0,3,0,0,0,1,0,0,0,15,15.0,20.5,69.0,10.5,5,2,2,9,2,0.96,0.06,1.02,2.48,,,,,4.0,,[],,243,21,167,20,29,10,120,15,0.41,0.0,0.03,0.44,1.06,1.28,105,28,233,23,257,30,111,16,0.85,0.0,3.84
580,True,True,,,465680,0,0,-1,1,0.3,4,"[{'offset': 0, 'projected_percent': '0.3', 'likelihood': 1}, {'offset': 1, 'projected_percent': '0.4', 'likelihood': 1}, {'offset': 2, 'projected_percent': '0.4', 'likelihood': 1}]",,False,0,4,0.3,0.3,0,Arnaud,0.3,493,False,,,54,465680.jpg,1.0,False,Kalimuendo,0.1,False,,a,18,17,1,2044,867,2466,460,0.1,0.2,Kalimuendo,,73.0,2025-08-18,2002-01-20,False,p465680,1,0,0,0,0,0,0,0,0,0,0,0,3,0.0,0.0,0.0,0.0,0,0,0,0,0,0.00,0.00,0.00,0.00,,,,,,,[],,601,66,608,71,593,68,608,70,0.0,0.0,0.0,0.0,0.0,0.0,215,49,370,43,333,36,491,67,0.0,0.0,0.0
581,True,True,,,204561,0,0,0,0,-31.9,-2,"[{'offset': 0, 'projected_percent': '-33.1', 'likelihood': -2}, {'offset': 1, 'projected_percent': '-35.2', 'likelihood': -2}, {'offset': 2, 'projected_percent': '-37.3', 'likelihood': -2}]",,False,0,3,2.7,2.7,3,Xaver,2.7,558,False,,,50,204561.jpg,2.7,False,Schlager,0.1,False,,a,18,17,8,2038,461,3014,550,0.5,1.6,Schlager,Xaver Schlager,14.0,2026-07-23,1997-09-28,False,p204561,196,0,0,1,3,0,0,0,0,0,0,0,36,33.0,4.0,10.0,4.8,6,11,9,26,2,0.08,0.06,0.14,2.94,3.0,,,,,,[],,178,68,246,130,192,94,233,103,0.04,0.0,0.03,0.07,1.35,1.38,263,164,129,53,146,59,425,166,0.92,0.46,11.94
582,True,True,,,568420,0,0,-1,1,-28.4,-25,"[{'offset': 0, 'projected_percent': '-32.1', 'likelihood': -2}, {'offset': 1, 'projected_percent': '-38.2', 'likelihood': -2}, {'offset': 2, 'projected_percent': '-44.3', 'likelihood': -3}]",,False,0,2,0.3,0.3,1,Ousmane,0.3,581,False,,,54,568420.jpg,1.0,False,Diomande,0.6,False,,a,18,17,1,7483,857,32194,4161,0.1,0.2,Diomande,,54.0,2026-08-11,2003-12-04,False,p568420,1,0,0,0,0,0,0,0,0,0,0,0,3,0.0,0.0,0.0,0.0,0,0,0,0,0,0.00,0.00,0.00,0.00,,,,,,,[],,609,210,613,210,602,209,615,210,0.0,0.0,0.0,0.0,0.0,0.0,230,31,374,135,340,127,243,90,0.0,0.0,0.0
583,True,True,,,428971,0,0,0,0,0.1,0,"[{'offset': 0, 'projected_percent': '0.1', 'likelihood': 1}, {'offset': 1, 'projected_percent': '0.1', 'likelihood': 1}, {'offset': 2, 'projected_percent': '0.1', 'likelihood': 1}]",,False,0,1,0.0,0.0,0,Steven,0.0,590,False,,,45,428971.jpg,0.0,False,Benda,0.1,False,,a,18,17,0,1845,270,1751,336,0.0,0.0,Benda,,80.0,2026-08-15,1998-10-01,False,p428971,0,0,0,0,0,0,0,0,0,0,0,0,0,0.0,0.0,0.0,0.0,0,0,0,0,0,0.00,0.00,0.00,0.00,,,,,,,[],,446,58,444,42,396,39,452,58,0.0,0.0,0.0,0.0,0.0,0.0,484,38,470,58,470,58,469,53,0.0,0.0,0.0
584,True,True,,,469142,0,0,-1,1,-16.8,-58,"[{'offset': 0, 'projected_percent': '-17.5', 'likelihood': -1}, {'offset': 1, 'projected_percent': '-18.6', 'likelihood': -1}, {'offset': 2, 'projected_percent': '-19.7', 'likelihood': -1}]",,False,0,2,3.3,3.3,8,Jan Paul,3.3,112,False,,,49,469142.jpg,3.3,False,van Hecke,7.0,False,,a,19,6,10,72254,14458,353652,35305,0.7,2.0,Van Hecke,,152.0,2026-06-18,2000-06-08,False,p469142,270,0,0,1,5,0,0,0,0,0,0,2,41,71.4,29.3,46.0,14.6,16,11,5,21,3,0.20,0.07,0.27,5.51,,,,,,,[],,54,23,131,39,63,11,60,14,0.07,0.0,0.02,0.09,1.84,1.67,398,74,97,37,108,43,59,23,1.0,0.33,7.0
585,True,True,,,109646,-1,1,-1,1,-5.5,0,"[{'offset': 0, 'projected_percent': '-5.5', 'likelihood': -1}, {'offset': 1, 'projected_percent': '-5.5', 'likelihood': -1}, {'offset': 2, 'projected_percent': '-5.5', 'likelihood': -1}]",,False,0,2,0.0,0.0,0,Tosin,0.0,147,False,,,44,109646.jpg,0.0,False,Adarabioyo,0.2,False,,a,19,6,0,1147,331,5525,848,0.0,0.0,Tosin,,241.0,2026-09-01,1997-09-24,False,p109646,0,0,0,0,0,0,0,0,0,0,0,0,0,0.0,0.0,0.0,0.0,0,0,0,0,0,0.00,0.00,0.00,0.00,,,,,,,[],,419,167,414,167,359,152,425,165,0.0,0.0,0.0,0.0,0.0,0.0,568,151,444,171,444,171,355,133,0.0,0.0,0.0
586,True,True,,,438234,0,0,0,0,39.8,-2,"[{'offset': 0, 'projected_percent': '39.8', 'likelihood': 2}, {'offset': 1, 'projected_percent': '39.8', 'likelihood': 2}, {'offset': 2, 'projected_percent': '39.7', 'likelihood': 2}]",,False,0,4,1.3,1.3,2,Omar,1.3,401,False,,,70,438234.jpg,2.0,False,Marmoush,2.2,False,,a,19,6,4,162408,22105,76709,21760,0.2,0.6,Marmoush,Omar Marmoush,63.0,2026-08-27,1999-02-07,False,p438234,173,0,0,1,2,0,0,0,0,0,0,0,20,9.2,37.5,38.0,8.2,0,3,1,4,2,0.34,0.08,0.42,1.60,,,5.0,,2.0,,"[{'property': 'loan_ineligible', 'notes': 'This player will not be available to face their parent club in Gameweek 19 as part of their loan conditions.', 'gameweek': 19, 'url': None}, {'property': 'loan_ineligible', 'notes': 'This player will not be available to face their parent club in Gameweek 25 as part of their loan conditions.', 'gameweek': 25, 'url': None}]",,274,25,101,8,79,18,158,18,0.18,0.0,0.04,0.22,0.83,1.04,28,9,242,27,226,25,119,17,1.04,0.52,2.08
587,True,True,100.0,100.0,510281,0,0,0,0,10.8,-7,"[{'offset': 0, 'projected_percent': '10.8', 'likelihood': 1}, {'offset': 1, 'projected_percent': '10.7', 'likelihood': 1}, {'offset': 2, 'projected_percent': '10.6', 'likelihood': 1}]",,False,0,3,1.0,1.0,3,Sávio,1.0,403,False,,2026-08-29T16:30:08.380416Z,65,510281.jpg,3.0,False,Moreira de Oliveira,0.7,False,,a,19,6,3,76296,5413,51765,6095,0.2,0.5,Sávio,Sávio,30.0,2026-08-25,2004-04-10,False,p510281,60,0,0,1,0,0,0,0,0,0,0,0,15,6.2,17.3,15.0,3.9,0,0,0,0,1,0.02,0.27,0.29,0.49,4.0,,,,,,[],,298,129,179,101,158,77,248,106,0.03,0.0,0.4,0.43,0.74,0.0,42,28,283,130,142,57,226,73,1.5,1.5,0.0
588,True,True,,,432422,0,0,-1,1,-34.2,-75,"[{'offset': 0, 'projected_percent': '-36.4', 'likelihood': -2}, {'offset': 1, 'projected_percent': '-40.3', 'likelihood': -3}, {'offset': 2, 'projected_percent': '-44.1', 'likelihood': -3}]",,False,0,3,3.0,3.0,5,Sandro,3.0,455,False,,,54,432422.jpg,3.0,False,Tonali,2.7,False,,a,19,6,9,35018,6868,168475,18943,0.6,1.7,Tonali,,106.0,2026-07-06,2000-05-08,False,p432422,254,0,0,1,5,0,0,0,0,0,0,0,52,34.0,40.7,12.0,8.7,5,10,5,20,3,0.09,0.09,0.18,5.51,,,6.0,,,,[],,171,66,89,61,177,88,148,70,0.03,0.0,0.03,0.06,1.95,1.77,209,131,120,50,135,55,112,34,1.06,0.35,7.09
589,True,False,0.0,0.0,184254,0,0,0,0,0.0,-8,"[{'offset': 0, 'projected_percent': '0.0', 'likelihood': 0}, {'offset': 1, 'projected_percent': '0.0', 'likelihood': 0}, {'offset': 2, 'projected_percent': '0.0', 'likelihood': 0}]",,False,0,1,0.0,0.0,0,Guglielmo,0.0,494,False,Has joined Juventus on loan for the rest of the season,2026-08-19T13:55:33.193962Z,45,184254.jpg,0.0,False,Vicario,0.2,False,,u,19,6,0,0,0,18667,1471,0.0,0.0,Vicario,,106.0,2023-07-01,1996-10-07,False,p184254,0,0,0,0,0,0,0,0,0,0,0,0,0,0.0,0.0,0.0,0.0,0,0,0,0,0,0.00,0.00,0.00,0.00,,,,,,,[],,433,54,430,37,379,34,439,54,0.0,0.0,0.0,0.0,0.0,0.0,451,33,458,54,458,54,357,40,0.0,0.0,0.0
590,True,True,,,214572,0,0,0,0,1.5,10,"[{'offset': 0, 'projected_percent': '1.6', 'likelihood': 1}, {'offset': 1, 'projected_percent': '1.7', 'likelihood': 1}, {'offset': 2, 'projected_percent': '1.8', 'likelihood': 1}]",,False,0,1,0.0,0.0,0,Brandon,0.0,495,False,,,40,214572.jpg,0.0,False,Austin,1.0,False,,a,19,6,0,17194,4265,12095,2575,0.0,0.0,Austin,,241.0,2017-07-22,1999-01-08,False,p214572,0,0,0,0,0,0,0,0,0,0,0,0,0,0.0,0.0,0.0,0.0,0,0,0,0,0,0.00,0.00,0.00,0.00,,,,,,,[],,381,36,376,17,318,14,387,36,0.0,0.0,0.0,0.0,0.0,0.0,603,62,406,36,406,36,195,30,0.0,0.0,0.0
591,True,True,,,485055,0,0,0,0,-38.4,-18,"[{'offset': 0, 'projected_percent': '-38.4', 'likelihood': -2}, {'offset': 1, 'projected_percent': '-38.6', 'likelihood': -2}, {'offset': 2, 'projected_percent': '-38.7', 'likelihood': -2}]",,False,0,1,3.0,3.0,6,Antonín,3.0,496,False,,,45,485055.jpg,3.0,False,Kinský,18.8,False,,a,19,6,9,132983,45938,455472,101182,0.7,2.0,Kinsky,,57.0,2025-01-05,2003-03-13,False,p485055,270,0,0,1,5,0,0,0,0,0,6,0,43,57.8,10.0,0.0,6.8,6,26,0,0,3,0.00,0.00,0.00,5.51,,,,,,,[],,85,12,225,2,407,43,187,11,0.0,2.0,0.0,0.0,1.84,1.67,501,42,111,10,123,10,17,3,1.0,0.33,0.0
592,True,True,,,67089,0,0,0,0,-10.6,-68,"[{'offset': 0, 'projected_percent': '-10.9', 'likelihood': -1}, {'offset': 1, 'projected_percent': '-11.5', 'likelihood': -1}, {'offset': 2, 'projected_percent': '-12.0', 'likelihood': -1}]",,False,0,1,0.0,0.0,0,Martin,0.0,497,False,,,40,67089.jpg,0.0,False,Dubravka,17.9,False,,a,19,6,0,220521,54423,235226,52578,0.0,0.0,Dubravka,,194.0,2026-07-01,1989-01-15,False,p67089,0,0,0,0,0,0,0,0,0,0,0,0,0,0.0,0.0,0.0,0.0,0,0,0,0,0,0.00,0.00,0.00,0.00,,,,,,,[],,366,27,359,8,299,5,371,27,0.0,0.0,0.0,0.0,0.0,0.0,582,53,391,27,391,27,20,4,0.0,0.0,0.0
593,True,True,,,221466,0,0,-1,1,-63.6,-237,"[{'offset': 0, 'projected_percent': '-67.6', 'likelihood': -3}, {'offset': 1, 'projected_percent': '-74.2', 'likelihood': -3}, {'offset': 2, 'projected_percent': '-80.8', 'likelihood': -3}]",,False,0,2,1.0,1.0,0,Marcos,1.0,498,False,,,59,221466.jpg,3.0,False,Senesi Barón,4.9,False,,a,19,6,3,23472,2148,310641,55822,0.2,0.5,Senesi,,10.0,2026-07-01,1997-05-10,False,p221466,90,0,0,0,3,0,0,0,0,0,0,0,10,36.6,2.2,0.0,3.9,11,2,5,16,1,0.00,0.02,0.02,3.87,,,,,,,[],,161,74,277,98,629,212,247,95,0.0,0.0,0.02,0.02,3.87,3.0,95,9,278,99,139,55,73,31,1.0,0.0,16.0
594,True,True,100.0,100.0,441164,0,0,0,0,-37.7,26,"[{'offset': 0, 'projected_percent': '-37.5', 'likelihood': -2}, {'offset': 1, 'projected_percent': '-37.2', 'likelihood': -2}, {'offset': 2, 'projected_percent': '-36.9', 'likelihood': -2}]",,False,0,2,2.7,2.7,7,Pedro,2.7,499,False,,2026-08-21T15:22:48.149081Z,55,441164.jpg,4.0,False,Porro Sauceda,11.5,False,,a,19,6,8,98557,29593,579052,33349,0.5,1.5,Pedro Porro,,200.0,2023-07-01,1999-09-13,False,p441164,180,0,0,1,2,0,0,0,0,0,0,1,29,22.6,43.7,27.0,9.3,6,5,2,8,2,0.36,0.16,0.52,1.64,3.0,,1.0,,,,[],,210,90,78,18,105,28,141,54,0.18,0.0,0.08,0.26,0.82,1.0,153,19,135,54,84,36,37,13,1.0,0.5,4.0
595,True,False,0.0,0.0,221632,0,0,0,0,0.0,-4,"[{'offset': 0, 'projected_percent': '0.0', 'likelihood': 0}, {'offset': 1, 'projected_percent': '0.0', 'likelihood': 0}, {'offset': 2, 'projected_percent': '0.0', 'likelihood': 0}]",,False,0,2,0.0,0.0,0,Cristian,0.0,500,False,Has joined Atletico Madrid permanently,2026-08-17T13:49:05.465401Z,50,221632.jpg,0.0,False,Romero,0.1,False,,u,19,6,0,0,0,15366,824,0.0,0.0,Romero,,10.0,2022-08-30,1998-04-27,False,p221632,0,0,0,0,0,0,0,0,0,0,0,0,0,0.0,0.0,0.0,0.0,0,0,0,0,0,0.00,0.00,0.00,0.00,,,,,,,[],,548,202,550,202,523,198,554,201,0.0,0.0,0.0,0.0,0.0,0.0,275,43,564,203,564,203,423,151,0.0,0.0,0.0
596,True,True,,,122798,0,0,0,0,-80.0,-107,"[{'offset': 0, 'projected_percent': '-83.0', 'likelihood': -3}, {'offset': 1, 'projected_percent': '-88.0', 'likelihood': -3}, {'offset': 2, 'projected_percent': '-92.9', 'likelihood': -3}]",,False,0,2,2.0,2.0,1,Andrew,2.0,502,False,,,45,122798.jpg,2.0,False,Robertson,3.0,False,,a,19,6,6,38058,2182,114187,29538,0.4,1.3,Robertson,,243.0,2026-07-01,1994-03-11,False,p122798,186,0,0,0,4,0,0,0,0,0,0,0,23,49.0,36.3,27.0,11.2,12,5,3,15,2,0.06,0.08,0.14,4.78,1.0,,,,,,[],,117,56,104,29,103,26,102,33,0.03,0.0,0.04,0.07,2.31,1.94,439,85,171,67,189,72,105,40,0.97,0.0,7.26
597,True,True,100.0,100.0,491279,0,0,0,0,-28.9,27,"[{'offset': 0, 'projected_percent': '-28.4', 'likelihood': -2}, {'offset': 1, 'projected_percent': '-27.4', 'likelihood': -2}, {'offset': 2, 'projected_percent': '-26.4', 'likelihood': -2}]",,False,0,2,3.0,3.0,9,Micky,3.0,503,False,,2026-08-21T15:00:07.610517Z,50,491279.jpg,4.5,False,van de Ven,3.8,False,,a,19,6,9,42312,17381,213675,10956,0.6,1.8,Van de Ven,,152.0,2023-08-08,2001-04-19,False,p491279,180,0,0,1,2,0,0,0,1,0,0,3,35,36.6,3.3,14.0,5.4,13,8,4,17,2,0.57,0.02,0.59,1.64,,,,,,,[],,160,73,257,88,160,53,220,84,0.28,0.0,0.01,0.29,0.82,1.0,317,56,116,45,64,25,87,33,1.0,0.5,8.5
598,True,False,0.0,0.0,232859,0,0,0,0,0.0,-12,"[{'offset': 0, 'projected_percent': '0.0', 'likelihood': 0}, {'offset': 1, 'projected_percent': '0.0', 'likelihood': 0}, {'offset': 2, 'projected_percent': '0.0', 'likelihood': 0}]",,False,0,2,0.0,0.0,0,Djed,0.0,505,False,Has joined Internazionale permanently,2026-08-18T14:13:08.454214Z,45,232859.jpg,0.0,False,Spence,0.3,False,,u,19,6,0,0,0,63312,3236,0.0,0.0,Spence,,241.0,2022-07-19,2000-08-09,False,p232859,0,0,0,0,0,0,0,0,0,0,0,0,0,0.0,0.0,0.0,0.0,0,0,0,0,0,0.00,0.00,0.00,0.00,,,,,,,[],,442,174,439,174,389,162,448,172,0.0,0.0,0.0,0.0,0.0,0.0,473,110,466,177,466,177,303,111,0.0,0.0,0.0
599,True,True,,,487053,0,0,0,0,-91.4,-1,"[{'offset': 0, 'projected_percent': '-91.6', 'likelihood': -3}, {'offset': 1, 'projected_percent': '-92.0', 'likelihood': -3}, {'offset': 2, 'projected_percent': '-92.4', 'likelihood': -3}]",,False,0,2,2.3,2.3,5,Destiny,2.3,506,False,,,45,487053.jpg,2.3,False,Udogie,0.4,False,,a,19,6,7,3599,787,12980,1501,0.5,1.6,Udogie,,106.0,2022-08-16,2002-11-28,False,p487053,86,0,0,1,1,0,0,0,1,0,0,0,21,9.8,13.5,4.0,2.7,3,4,1,4,1,0.00,0.23,0.23,1.17,,,,,,,[],,271,111,198,66,241,89,272,104,0.0,0.0,0.24,0.24,1.22,1.05,502,129,152,62,170,68,267,97,1.05,1.05,4.19
600,True,False,0.0,0.0,548308,0,0,0,0,0.0,0,"[{'offset': 0, 'projected_percent': '0.0', 'likelihood': 0}, {'offset': 1, 'projected_percent': '0.0', 'likelihood': 0}, {'offset': 2, 'projected_percent': '0.0', 'likelihood': 0}]",,False,0,2,0.0,0.0,0,Ashley,0.0,507,False,Has joined Middlesbrough permanently,2026-08-18T14:13:08.474144Z,45,548308.jpg,0.0,False,Phillips,0.0,False,,u,19,6,0,0,0,1051,81,0.0,0.0,Phillips,,241.0,2023-08-05,2005-06-26,False,p548308,0,0,0,0,0,0,0,0,0,0,0,0,0,0.0,0.0,0.0,0.0,0,0,0,0,0,0.00,0.00,0.00,0.00,,,,,,,[],,470,185,470,185,427,178,476,183,0.0,0.0,0.0,0.0,0.0,0.0,524,137,494,188,494,188,582,197,0.0,0.0,0.0
601,True,True,,,115556,0,0,0,0,-63.0,-4,"[{'offset': 0, 'projected_percent': '-63.3', 'likelihood': -3}, {'offset': 1, 'projected_percent': '-63.9', 'likelihood': -3}, {'offset': 2, 'projected_percent': '-64.5', 'likelihood': -3}]",,False,0,2,0.0,0.0,0,Ben,0.0,508,False,,,40,115556.jpg,0.0,False,Davies,0.9,False,,a,19,6,0,8395,1213,25131,4381,0.0,0.0,Davies,,244.0,2014-07-23,1993-04-24,False,p115556,0,0,0,0,0,0,0,0,0,0,0,0,0,0.0,0.0,0.0,0.0,0,0,0,0,0,0.00,0.00,0.00,0.00,,,,,,,[],,373,135,366,133,306,113,378,132,0.0,0.0,0.0,0.0,0.0,0.0,589,163,398,139,398,139,202,77,0.0,0.0,0.0
602,True,True,,,640419,0,0,0,0,-2.9,1,"[{'offset': 0, 'projected_percent': '-1.2', 'likelihood': -1}, {'offset': 1, 'projected_percent': '0.0', 'likelihood': 0}, {'offset': 2, 'projected_percent': '0.0', 'likelihood': 0}]",,False,0,2,0.0,0.0,0,Jun'ai,0.0,509,False,,,40,640419.jpg,0.0,False,Byfield,0.1,False,,a,19,6,0,1344,306,1512,306,0.0,0.0,Byfield,,,,,False,p640419,0,0,0,0,0,0,0,0,0,0,0,0,0,0.0,0.0,0.0,0.0,0,0,0,0,0,0.00,0.00,0.00,0.00,,,,,,,[],,415,163,410,163,355,148,421,161,0.0,0.0,0.0,0.0,0.0,0.0,651,211,440,167,440,167,484,171,0.0,0.0,0.0
603,True,True,,,499716,0,0,0,0,-11.1,-6,"[{'offset': 0, 'projected_percent': '-16.6', 'likelihood': -1}, {'offset': 1, 'projected_percent': '-25.6', 'likelihood': -2}, {'offset': 2, 'projected_percent': '-34.7', 'likelihood': -2}]",,False,0,2,0.0,0.0,0,James,0.0,510,False,,,40,499716.jpg,0.0,False,Rowswell,0.1,False,,a,19,6,0,1612,379,2010,392,0.0,0.0,Rowswell,,,,,False,p499716,0,0,0,0,0,0,0,0,0,0,0,0,0,0.0,0.0,0.0,0.0,0,0,0,0,0,0.00,0.00,0.00,0.00,,,,,,,[],,397,147,392,147,334,129,403,145,0.0,0.0,0.0,0.0,0.0,0.0,628,190,422,151,422,151,440,158,0.0,0.0,0.0
604,True,False,0.0,0.0,616221,0,0,0,0,0.0,-11,"[{'offset': 0, 'projected_percent': '0.0', 'likelihood': 0}, {'offset': 1, 'projected_percent': '0.0', 'likelihood': 0}, {'offset': 2, 'projected_percent': '0.0', 'likelihood': 0}]",,False,0,2,0.0,0.0,0,João Victor,0.0,511,False,Has joined FC Porto on loan for the rest of the season,2026-09-01T13:24:26.858636Z,40,616221.jpg,0.0,False,de Souza Menezes,0.2,False,,u,19,6,0,2555,0,11659,2823,0.0,0.0,Souza,Souza,30.0,2026-01-22,2006-06-16,False,p616221,0,0,0,0,0,0,0,0,0,0,0,0,0,0.0,0.0,0.0,0.0,0,0,0,0,0,0.00,0.00,0.00,0.00,,,,,,,[],,414,162,409,162,354,147,420,160,0.0,0.0,0.0,0.0,0.0,0.0,650,210,439,166,439,166,331,122,0.0,0.0,0.0
605,True,True,100.0,100.0,460842,0,0,0,0,1.2,-7,"[{'offset': 0, 'projected_percent': '1.2', 'likelihood': 1}, {'offset': 1, 'projected_percent': '1.1', 'likelihood': 1}, {'offset': 2, 'projected_percent': '1.0', 'likelihood': 1}]",,False,0,3,0.7,0.7,1,Mohammed,0.7,512,False,,2026-07-23T12:01:23.848657Z,65,460842.jpg,1.0,False,Kudus,0.1,False,,a,19,6,2,6355,1487,5822,1343,0.1,0.3,Kudus,,81.0,2025-07-10,2000-08-02,False,p460842,51,0,0,0,1,0,0,0,0,0,0,0,17,6.4,18.4,13.0,3.8,0,5,0,5,0,0.04,0.17,0.21,0.67,6.0,,3.0,,3.0,,[],,296,127,176,100,173,86,250,108,0.07,0.0,0.3,0.37,1.18,1.76,40,27,333,155,368,173,395,148,0.0,0.0,8.82
606,True,True,0.0,0.0,493362,0,0,0,0,-97.7,0,"[{'offset': 0, 'projected_percent': '-97.7', 'likelihood': -4}, {'offset': 1, 'projected_percent': '-97.7', 'likelihood': -4}, {'offset': 2, 'projected_percent': '-97.7', 'likelihood': -4}]",,False,0,3,0.0,0.0,0,Xavi,0.0,513,False,Knee injury - Unknown return date,2026-07-23T12:01:23.864304Z,60,493362.jpg,0.0,False,Simons,0.0,False,,i,19,6,0,197,42,838,113,0.0,0.0,Xavi,,152.0,2025-08-29,2003-04-21,False,p493362,0,0,0,0,0,0,0,0,0,0,0,0,0,0.0,0.0,0.0,0.0,0,0,0,0,0,0.00,0.00,0.00,0.00,,,2.0,,4.0,,[],,639,283,642,283,640,282,641,283,0.0,0.0,0.0,0.0,0.0,0.0,75,50,642,282,642,282,594,249,0.0,0.0,0.0
607,True,True,,,511499,0,0,-1,1,-96.6,-16,"[{'offset': 0, 'projected_percent': '-101.3', 'likelihood': -5}, {'offset': 1, 'projected_percent': '-109.1', 'likelihood': -5}, {'offset': 2, 'projected_percent': '-116.9', 'likelihood': -5}]",,False,0,3,2.3,2.3,3,Mathys,2.3,514,False,,,59,511499.jpg,2.3,False,Tel,0.3,False,,a,19,6,7,6882,659,33772,3554,0.4,1.2,Tel,,73.0,2025-07-01,2005-04-27,False,p511499,230,0,0,1,4,0,0,0,0,0,0,0,38,21.0,49.5,63.0,13.3,1,11,1,13,3,0.20,0.14,0.34,5.11,5.0,,4.0,,,,[],,217,88,62,46,39,24,75,47,0.08,0.0,0.05,0.13,2.0,1.57,108,69,166,74,183,80,306,106,1.17,0.39,5.09
608,True,True,75.0,75.0,172780,0,0,-1,1,-98.3,-38,"[{'offset': 0, 'projected_percent': '-101.8', 'likelihood': -5}, {'offset': 1, 'projected_percent': '-107.6', 'likelihood': -5}, {'offset': 2, 'projected_percent': '-113.4', 'likelihood': -5}]",,False,0,3,0.2,0.2,0,James,0.3,515,False,Shoulder injury - 75% chance of playing,2026-08-25T14:30:07.623508Z,64,172780.jpg,1.0,False,Maddison,0.5,False,,d,19,6,1,2931,70,83644,7600,0.0,0.2,Maddison,,241.0,2023-06-28,1996-11-23,False,p172780,22,0,0,0,0,0,0,0,0,0,0,0,6,4.4,8.3,8.0,2.1,1,1,0,2,0,0.00,0.01,0.01,0.85,,,,,,,[],https://www.tottenhamhotspur.com/news/1086784/team-news-porro-van-de-ven-available-maddison-a-doubt-for-charlton-clash?utm_source=chatgpt.com,311,139,227,120,206,103,292,130,0.0,0.0,0.04,0.04,3.48,0.0,46,31,384,180,364,169,254,84,0.0,0.0,8.18
609,True,True,,,202993,0,0,0,0,-75.4,0,"[{'offset': 0, 'projected_percent': '-75.4', 'likelihood': -3}, {'offset': 1, 'projected_percent': '-75.4', 'likelihood': -3}, {'offset': 2, 'projected_percent': '-75.4', 'likelihood': -3}]",,False,0,3,2.7,2.7,5,Rodrigo,2.7,516,False,,,55,202993.jpg,2.7,False,Bentancur,0.2,False,,a,19,6,8,2088,655,5276,625,0.5,1.5,Bentancur,,230.0,2022-01-31,1997-06-25,False,p202993,225,0,0,1,3,0,0,0,0,0,0,0,39,35.8,25.1,6.0,6.8,14,13,6,33,2,0.02,0.04,0.06,3.82,,,,,,,[],,165,62,144,85,229,114,190,88,0.01,0.0,0.02,0.03,1.53,1.2,136,83,133,55,150,61,351,129,0.8,0.4,13.2
610,True,True,0.0,0.0,550839,0,0,0,0,-3.3,0,"[{'offset': 0, 'projected_percent': '-3.3', 'likelihood': -1}, {'offset': 1, 'projected_percent': '-3.3', 'likelihood': -1}, {'offset': 2, 'projected_percent': '-3.3', 'likelihood': -1}]",,False,0,3,0.0,0.0,0,Wilson,0.0,517,False,Knee injury - Unknown return date,2026-07-23T12:01:23.879434Z,55,550839.jpg,0.0,False,Odobert,0.0,False,,i,19,6,0,64,21,66,9,0.0,0.0,Odobert,,73.0,2024-08-16,2004-11-28,False,p550839,0,0,0,0,0,0,0,0,0,0,0,0,0,0.0,0.0,0.0,0.0,0,0,0,0,0,0.00,0.00,0.00,0.00,,,,,,,[],https://www.tottenhamhotspur.com/news/1008505/odobert-suffers-acl-injury,622,272,627,273,620,269,626,272,0.0,0.0,0.0,0.0,0.0,0.0,180,113,629,273,629,273,650,288,0.0,0.0,0.0
611,True,False,0.0,0.0,482442,0,0,-1,1,0.0,-15,"[{'offset': 0, 'projected_percent': '0.0', 'likelihood': 0}, {'offset': 1, 'projected_percent': '0.0', 'likelihood': 0}, {'offset': 2, 'projected_percent': '0.0', 'likelihood': 0}]",,False,0,3,0.0,0.0,0,Pape Matar,0.0,518,False,Has joined Juventus on loan for the rest of the season,2026-09-02T16:02:43.386849Z,49,482442.jpg,0.0,False,Sarr,0.1,False,,u,19,6,0,4138,0,19076,2805,0.0,0.0,P.M.Sarr,Pape Matar Sarr,189.0,2021-08-27,2002-09-14,False,p482442,0,0,0,0,0,0,0,0,0,0,0,0,0,0.0,0.0,0.0,0.0,0,0,0,0,0,0.00,0.00,0.00,0.00,,,,,,,[],,524,207,525,215,487,186,532,212,0.0,0.0,0.0,0.0,0.0,0.0,399,239,545,219,545,219,406,155,0.0,0.0,0.0
612,True,True,,,232787,0,0,-1,1,-36.4,-6,"[{'offset': 0, 'projected_percent': '-38.6', 'likelihood': -2}, {'offset': 1, 'projected_percent': '-42.2', 'likelihood': -3}, {'offset': 2, 'projected_percent': '-45.8', 'likelihood': -3}]",,False,0,3,1.0,1.0,3,Conor,1.0,519,False,,,54,232787.jpg,1.5,False,Gallagher,0.2,False,,a,19,6,3,2658,426,12400,1166,0.2,0.6,Gallagher,,241.0,2026-01-14,2000-02-06,False,p232787,128,0,0,1,2,0,0,0,1,0,0,0,24,10.2,9.9,3.0,2.2,1,8,5,14,2,0.02,0.12,0.14,2.58,,,,,,,[],,267,112,226,119,257,124,283,125,0.01,0.0,0.08,0.09,1.81,1.41,203,127,265,118,244,109,336,121,1.41,0.7,9.84
613,True,True,,,570526,0,0,-1,1,-26.2,-4,"[{'offset': 0, 'projected_percent': '-28.2', 'likelihood': -2}, {'offset': 1, 'projected_percent': '-31.6', 'likelihood': -2}, {'offset': 2, 'projected_percent': '-35.0', 'likelihood': -2}]",,False,0,3,0.3,0.3,0,Lucas,0.3,520,False,,,54,570526.jpg,1.0,False,Bergvall,0.2,False,,a,19,6,1,1300,183,6702,1009,0.1,0.2,Bergvall,,206.0,2024-07-01,2006-02-02,False,p570526,45,0,0,0,2,0,0,0,0,0,0,0,2,0.0,2.0,2.0,0.0,0,7,1,8,1,0.00,0.01,0.01,1.70,,,,,,,[],,610,263,283,144,282,135,616,265,0.0,0.0,0.02,0.02,3.4,4.0,231,146,375,175,341,155,356,130,2.0,0.0,16.0
614,True,True,0.0,0.0,445044,0,0,0,0,-65.9,0,"[{'offset': 0, 'projected_percent': '-65.9', 'likelihood': -3}, {'offset': 1, 'projected_percent': '-65.9', 'likelihood': -3}, {'offset': 2, 'projected_percent': '-65.9', 'likelihood': -3}]",,False,0,3,0.0,0.0,0,Dejan,0.0,521,False,Knee injury - Unknown return date,2026-07-23T12:01:23.895175Z,65,445044.jpg,0.0,False,Kulusevski,0.0,False,,i,19,6,0,204,42,510,92,0.0,0.0,Kulusevski,,206.0,2023-07-01,2000-04-25,False,p445044,0,0,0,0,0,0,0,0,0,0,0,0,0,0.0,0.0,0.0,0.0,0,0,0,0,0,0.00,0.00,0.00,0.00,,,,,,,[],,648,289,649,289,648,289,648,289,0.0,0.0,0.0,0.0,0.0,0.0,38,26,648,288,648,288,608,259,0.0,0.0,0.0
615,True,True,,,547701,0,0,0,0,-77.5,-9,"[{'offset': 0, 'projected_percent': '-81.4', 'likelihood': -3}, {'offset': 1, 'projected_percent': '-88.0', 'likelihood': -3}, {'offset': 2, 'projected_percent': '-94.5', 'likelihood': -3}]",,False,0,3,1.3,1.3,0,Archie,1.3,522,False,,,50,547701.jpg,2.0,False,Gray,0.2,False,,a,19,6,4,4394,522,8397,1807,0.3,0.8,Gray,,241.0,2024-07-02,2006-03-12,False,p547701,152,0,0,0,4,0,0,0,0,0,0,0,24,8.0,4.8,0.0,1.3,5,5,1,11,2,0.00,0.01,0.01,3.91,,,,,,,[],,280,119,240,128,567,235,314,141,0.0,0.0,0.01,0.01,2.32,2.37,344,209,228,102,207,90,343,124,1.18,0.0,6.51
616,True,False,0.0,0.0,499721,0,0,0,0,0.0,-12,"[{'offset': 0, 'projected_percent': '0.0', 'likelihood': 0}, {'offset': 1, 'projected_percent': '0.0', 'likelihood': 0}, {'offset': 2, 'projected_percent': '0.0', 'likelihood': 0}]",,False,0,3,0.0,0.0,0,Mikey,1.0,523,False,Has joined FC Köln on loan for the rest of the season,2026-09-04T12:39:48.098158Z,50,499721.jpg,1.5,False,Moore,0.1,False,,u,19,6,3,3258,0,12165,3150,0.2,0.6,Moore,,241.0,2024-05-01,2007-08-11,False,p499721,89,0,0,0,4,0,0,0,0,0,0,0,11,14.2,6.3,56.0,7.5,0,2,1,3,1,0.40,0.02,0.42,3.26,,,,,,,[],,245,100,233,123,49,31,170,78,0.4,0.0,0.02,0.42,3.3,4.04,323,192,262,115,243,108,422,164,1.01,0.0,3.03
617,True,True,,,499726,0,0,0,0,-91.2,-8,"[{'offset': 0, 'projected_percent': '-92.1', 'likelihood': -3}, {'offset': 1, 'projected_percent': '-93.8', 'likelihood': -3}, {'offset': 2, 'projected_percent': '-95.4', 'likelihood': -4}]",,False,0,3,0.0,0.0,0,Callum,0.0,524,False,,,45,499726.jpg,0.0,False,Olusesi,0.7,False,,a,19,6,0,4244,617,22237,3459,0.0,0.0,Olusesi,,,,,False,p499726,0,0,0,0,0,0,0,0,0,0,0,0,0,0.0,0.0,0.0,0.0,0,0,0,0,0,0.00,0.00,0.00,0.00,,,,,,,[],,458,178,458,186,415,155,464,182,0.0,0.0,0.0,0.0,0.0,0.0,511,270,482,191,482,191,228,75,0.0,0.0,0.0
618,True,True,,,551226,0,0,-1,1,-91.5,-92,"[{'offset': 0, 'projected_percent': '-98.7', 'likelihood': -4}, {'offset': 1, 'projected_percent': '-110.6', 'likelihood': -5}, {'offset': 2, 'projected_percent': '-122.6', 'likelihood': -5}]",,False,0,3,1.0,1.0,0,Mateus,1.0,525,False,,,59,551226.jpg,1.0,False,Fernandes,1.1,False,,a,19,6,3,10377,906,89960,15626,0.2,0.5,Fernandes,Mateus Fernandes,173.0,2026-07-02,2004-07-10,False,p551226,142,0,0,0,3,0,0,0,1,0,0,0,33,21.2,73.9,3.0,9.7,0,6,4,10,1,0.01,0.23,0.24,2.94,2.0,,,,,,[],,215,87,31,26,260,126,129,64,0.01,0.0,0.15,0.16,1.86,1.9,110,70,281,129,359,166,188,58,0.63,0.0,6.34
619,True,True,,,154566,0,0,-1,1,-45.3,-61,"[{'offset': 0, 'projected_percent': '-50.4', 'likelihood': -3}, {'offset': 1, 'projected_percent': '-59.0', 'likelihood': -3}, {'offset': 2, 'projected_percent': '-67.5', 'likelihood': -3}]",,False,0,4,1.0,1.0,1,Dominic,1.0,526,False,,,59,154566.jpg,1.0,False,Solanke-Mitchell,1.0,False,,a,19,6,3,19119,3375,65826,9670,0.2,0.5,Solanke,,241.0,2024-08-10,1997-09-14,False,p154566,43,0,0,0,0,0,0,0,0,0,0,0,8,3.2,0.6,15.0,1.9,1,0,0,1,0,0.44,0.00,0.44,0.89,,,,,1.0,,[],,330,35,326,40,157,29,297,34,0.92,0.0,0.0,0.92,1.86,0.0,88,23,277,33,354,43,194,31,0.0,0.0,2.09
620,True,False,0.0,0.0,212319,0,0,-1,1,0.0,-177,"[{'offset': 0, 'projected_percent': '0.0', 'likelihood': 0}, {'offset': 1, 'projected_percent': '0.0', 'likelihood': 0}, {'offset': 2, 'projected_percent': '0.0', 'likelihood': 0}]",,False,0,4,0.0,0.0,0,Richarlison,0.7,527,False,not included in squad.,2026-09-04T12:32:39.183614Z,59,212319.jpg,2.0,False,de Andrade,1.2,False,,u,19,6,2,21439,0,209208,38508,0.1,0.3,Richarlison,Richarlison,30.0,2022-07-01,1997-05-10,False,p212319,67,0,0,0,3,0,0,0,0,0,0,0,6,0.0,2.2,0.0,0.2,1,0,0,1,1,0.00,0.00,0.00,3.02,,,,,,,[],,630,72,276,35,628,74,361,43,0.0,0.0,0.0,0.0,4.06,4.03,94,25,327,40,217,21,172,25,1.34,0.0,1.34
621,True,False,0.0,0.0,490145,0,0,0,0,0.0,-58,"[{'offset': 0, 'projected_percent': '0.0', 'likelihood': 0}, {'offset': 1, 'projected_percent': '0.0', 'likelihood': 0}, {'offset': 2, 'projected_percent': '0.0', 'likelihood': 0}]",,False,0,4,0.0,0.0,0,Dane,0.0,528,False,Has joined Leyton Orient permanently,2026-09-02T16:02:43.413625Z,45,490145.jpg,0.0,False,Scarlett,1.5,False,,u,19,6,0,42525,0,70462,18533,0.0,0.0,Scarlett,,241.0,2020-08-21,2004-03-24,False,p490145,0,0,0,0,0,0,0,0,0,0,0,0,0,0.0,0.0,0.0,0.0,0,0,0,0,0,0.00,0.00,0.00,0.00,,,,,,,[],,453,40,453,46,410,42,459,44,0.0,0.0,0.0,0.0,0.0,0.0,506,66,477,48,477,48,148,22,0.0,0.0,0.0
622,True,True,,,465920,0,0,-1,1,0.5,-2,"[{'offset': 0, 'projected_percent': '0.5', 'likelihood': 1}, {'offset': 1, 'projected_percent': '0.5', 'likelihood': 1}, {'offset': 2, 'projected_percent': '0.4', 'likelihood': 1}]",,False,0,3,0.3,0.3,1,Mykhailo,0.3,578,False,,,54,465920.jpg,1.0,False,Mudryk,0.1,False,,a,19,6,1,5048,1280,3370,752,0.1,0.2,Mudryk,,225.0,2026-09-01,2001-01-05,False,p465920,16,0,0,0,0,0,0,0,0,0,0,0,3,0.0,0.1,2.0,0.1,0,0,0,0,0,0.00,0.00,0.00,0.16,,,,,,,"[{'property': 'loan_ineligible', 'notes': 'This player will not be available to face their parent club in Gameweek 35 as part of their loan conditions.', 'gameweek': 35, 'url': None}, {'property': 'loan_ineligible', 'notes': 'This player will not be available to face their parent club in Gameweek 8 as part of their loan conditions.', 'gameweek': 8, 'url': None}]",,602,256,352,175,280,133,365,171,0.0,0.0,0.0,0.0,0.9,0.0,216,135,371,172,334,150,464,183,0.0,0.0,0.0
623,True,True,,,611917,0,0,0,0,0.1,4,"[{'offset': 0, 'projected_percent': '0.2', 'likelihood': 1}, {'offset': 1, 'projected_percent': '0.2', 'likelihood': 1}, {'offset': 2, 'projected_percent': '0.3', 'likelihood': 1}]",,False,0,3,0.0,0.0,0,Luca,0.0,601,False,,,45,611917.jpg,0.0,False,Williams-Barnett,0.1,False,,a,19,6,0,8550,1447,3837,1087,0.0,0.0,Williams-Barnett,,241.0,2025-07-25,2008-10-01,False,p611917,0,0,0,0,0,0,0,0,0,0,0,0,0,0.0,0.0,0.0,0.0,0,0,0,0,0,0.00,0.00,0.00,0.00,,,,,,,[],,493,189,492,197,450,166,499,193,0.0,0.0,0.0,0.0,0.0,0.0,552,283,516,202,516,202,383,141,0.0,0.0,0.0
624,True,True,,,135720,0,0,0,0,-86.3,-2,"[{'offset': 0, 'projected_percent': '-87.3', 'likelihood': -3}, {'offset': 1, 'projected_percent': '-89.0', 'likelihood': -3}, {'offset': 2, 'projected_percent': '-90.8', 'likelihood': -3}]",,False,0,2,0.7,0.7,2,Kevin,0.7,501,False,,,50,135720.jpg,2.0,False,Danso,0.2,False,,a,20,56,2,3216,889,6567,823,0.1,0.4,Danso,,14.0,2026-09-01,1998-09-19,False,p135720,90,0,0,0,1,0,0,0,0,0,0,0,9,20.8,10.9,0.0,3.2,7,3,1,8,1,0.00,0.08,0.08,1.21,,,,,,,"[{'property': 'loan_ineligible', 'notes': 'This player will not be available to face their parent club in Gameweek 12 as part of their loan conditions.', 'gameweek': 23, 'url': None}, {'property': 'loan_ineligible', 'notes': 'This player will not be available to face their parent club in Gameweek 12 as part of their loan conditions.', 'gameweek': 12, 'url': None}]",,218,93,218,75,508,195,260,98,0.0,0.0,0.08,0.08,1.21,1.0,246,37,306,113,200,78,359,135,1.0,0.0,8.0
625,True,True,,,498016,0,0,0,0,-62.7,-72,"[{'offset': 0, 'projected_percent': '-64.5', 'likelihood': -3}, {'offset': 1, 'projected_percent': '-67.6', 'likelihood': -3}, {'offset': 2, 'projected_percent': '-70.8', 'likelihood': -3}]",,False,0,1,3.0,3.0,2,Robin,3.0,529,False,,,50,498016.jpg,3.0,False,Roefs,3.2,False,,a,20,56,9,16204,1201,101719,22161,0.6,1.8,Roefs,,152.0,2025-08-01,2003-01-17,False,p498016,270,0,0,1,3,0,0,0,0,0,2,0,40,31.8,0.0,0.0,3.2,4,28,0,0,3,0.00,0.00,0.00,3.96,,,,,,,[],,185,20,577,66,555,66,261,20,0.0,0.67,0.0,0.0,1.32,1.0,321,15,117,13,131,13,101,17,1.0,0.33,0.0
626,True,False,0.0,0.0,232571,0,0,0,0,0.0,-4,"[{'offset': 0, 'projected_percent': '0.0', 'likelihood': 0}, {'offset': 1, 'projected_percent': '0.0', 'likelihood': 0}, {'offset': 2, 'projected_percent': '0.0', 'likelihood': 0}]",,False,0,1,0.0,0.0,0,Anthony,0.0,530,False,Has joined Wrexham permanently,2026-08-12T14:08:03.064533Z,40,232571.jpg,0.0,False,Patterson,0.1,False,,u,20,56,0,0,0,4502,579,0.0,0.0,Patterson,,241.0,2018-10-09,2000-05-10,False,p232571,0,0,0,0,0,0,0,0,0,0,0,0,0,0.0,0.0,0.0,0.0,0,0,0,0,0,0.00,0.00,0.00,0.00,,,,,,,[],,384,37,379,18,321,15,390,37,0.0,0.0,0.0,0.0,0.0,0.0,609,63,409,37,409,37,386,46,0.0,0.0,0.0
627,True,True,,,515046,0,0,0,0,-59.6,-4,"[{'offset': 0, 'projected_percent': '-63.6', 'likelihood': -3}, {'offset': 1, 'projected_percent': '-70.2', 'likelihood': -3}, {'offset': 2, 'projected_percent': '-76.9', 'likelihood': -3}]",,False,0,1,0.0,0.0,0,Melker,0.0,531,False,,,45,515046.jpg,0.0,False,Ellborg,0.1,False,,a,20,56,0,730,116,2143,338,0.0,0.0,Ellborg,,206.0,2026-02-01,2003-05-22,False,p515046,0,0,0,0,0,0,0,0,0,0,0,0,0,0.0,0.0,0.0,0.0,0,0,0,0,0,0.00,0.00,0.00,0.00,,,,,,,[],,464,61,464,47,421,46,470,61,0.0,0.0,0.0,0.0,0.0,0.0,518,45,488,61,488,61,448,49,0.0,0.0,0.0
628,True,True,,,223827,-1,1,-1,1,-3.9,-100,"[{'offset': 0, 'projected_percent': '-5.2', 'likelihood': -1}, {'offset': 1, 'projected_percent': '-7.5', 'likelihood': -1}, {'offset': 2, 'projected_percent': '-9.7', 'likelihood': -1}]",,False,0,2,4.0,4.0,4,Daniel,4.0,532,False,,,49,223827.jpg,4.0,False,Ballard,3.6,False,,a,20,56,12,32186,3760,191470,46971,0.8,2.4,Ballard,,242.0,2022-07-01,1999-09-22,False,p223827,270,0,0,1,3,0,0,0,1,0,0,0,43,66.8,12.7,15.0,9.4,24,6,5,29,3,0.09,0.15,0.24,3.96,,,,,,,[],,61,28,208,71,150,50,138,53,0.03,0.0,0.05,0.08,1.32,1.0,382,70,74,30,80,33,90,35,1.0,0.33,9.67
629,True,True,100.0,100.0,200834,0,0,0,0,-65.0,-47,"[{'offset': 0, 'projected_percent': '-66.7', 'likelihood': -3}, {'offset': 1, 'projected_percent': '-69.5', 'likelihood': -3}, {'offset': 2, 'projected_percent': '-72.3', 'likelihood': -3}]",,False,0,2,4.3,4.3,4,Nordi,4.3,533,False,,2026-08-09T08:30:05.954750Z,55,200834.jpg,6.5,False,Mukiele,2.3,False,,a,20,56,13,30737,3731,74448,11056,0.8,2.4,Mukiele,,73.0,2025-08-17,1997-11-01,False,p200834,180,0,0,1,1,0,0,0,0,0,0,1,44,75.0,13.0,2.0,9.0,27,10,6,33,2,0.00,0.03,0.03,2.16,,,,,,,[],,42,16,205,69,284,108,144,56,0.0,0.0,0.02,0.02,1.08,0.5,135,16,63,26,29,14,117,47,1.0,0.5,16.5
630,True,True,,,487676,0,0,0,0,-82.1,-148,"[{'offset': 0, 'projected_percent': '-84.7', 'likelihood': -3}, {'offset': 1, 'projected_percent': '-89.0', 'likelihood': -3}, {'offset': 2, 'projected_percent': '-93.4', 'likelihood': -3}]",,False,0,2,3.0,3.0,1,Trai,3.0,534,False,,,45,487676.jpg,3.0,False,Hume,4.7,False,,a,20,56,9,32756,1576,194461,70537,0.7,2.0,Hume,,242.0,2022-01-04,2002-03-18,False,p487676,195,0,0,1,1,0,0,0,0,0,0,0,46,31.8,58.6,15.0,10.6,3,12,9,12,2,0.04,0.28,0.32,3.09,3.0,,,,,,[],,184,83,44,6,149,49,116,43,0.02,0.0,0.13,0.15,1.43,0.46,503,130,112,43,124,50,78,32,0.92,0.46,5.54
631,True,True,100.0,100.0,201895,-1,1,-1,1,-22.6,-8,"[{'offset': 0, 'projected_percent': '-23.8', 'likelihood': -2}, {'offset': 1, 'projected_percent': '-25.9', 'likelihood': -2}, {'offset': 2, 'projected_percent': '-27.9', 'likelihood': -2}]",,False,0,2,0.3,0.3,0,Omar,0.3,535,False,,2026-08-09T08:30:05.962393Z,49,201895.jpg,1.0,False,Alderete,0.3,False,,a,20,56,1,4295,222,18587,3283,0.1,0.2,Alderete,,168.0,2025-08-12,1996-12-26,False,p201895,23,0,0,0,1,0,0,0,0,0,0,0,2,0.0,0.6,0.0,0.0,0,2,0,0,0,0.00,0.01,0.01,0.10,,,,,,,[],,513,196,320,122,472,190,519,194,0.0,0.0,0.04,0.04,0.39,3.91,375,67,348,127,294,117,295,107,0.0,0.0,0.0
632,True,True,,,434399,0,0,0,0,-50.5,-8,"[{'offset': 0, 'projected_percent': '-52.1', 'likelihood': -3}, {'offset': 1, 'projected_percent': '-54.8', 'likelihood': -3}, {'offset': 2, 'projected_percent': '-57.5', 'likelihood': -3}]",,False,0,2,3.0,3.0,2,Reinildo,3.0,536,False,,,45,434399.jpg,3.0,False,Mandava,0.4,False,,a,20,56,9,3353,406,10033,2132,0.7,2.0,Reinildo,Reinildo Mandava,146.0,2025-07-08,1994-01-21,False,p434399,270,0,0,1,3,0,0,0,0,0,0,0,49,53.8,35.0,6.0,9.5,15,15,7,22,3,0.00,0.31,0.31,3.96,,,,,,,[],,103,47,110,32,223,77,135,51,0.0,0.0,0.1,0.1,1.32,1.0,485,119,110,42,122,49,276,100,1.0,0.33,7.33
633,True,False,0.0,0.0,519634,0,0,0,0,0.0,0,"[{'offset': 0, 'projected_percent': '0.0', 'likelihood': 0}, {'offset': 1, 'projected_percent': '0.0', 'likelihood': 0}, {'offset': 2, 'projected_percent': '0.0', 'likelihood': 0}]",,False,0,2,0.0,0.0,0,Jenson,0.0,537,False,Has joined Swansea City on loan for the rest of the season,2026-08-29T00:34:52.425076Z,45,519634.jpg,0.0,False,Seelt,0.0,False,,u,20,56,0,61,0,539,52,0.0,0.0,Seelt,,152.0,2023-07-01,2003-05-23,False,p519634,0,0,0,0,0,0,0,0,0,0,0,0,0,0.0,0.0,0.0,0.0,0,0,0,0,0,0.00,0.00,0.00,0.00,,,,,,,[],,465,184,465,184,422,177,471,182,0.0,0.0,0.0,0.0,0.0,0.0,519,136,489,187,489,187,619,206,0.0,0.0,0.0
634,True,False,0.0,0.0,477547,0,0,0,0,0.0,-2,"[{'offset': 0, 'projected_percent': '0.0', 'likelihood': 0}, {'offset': 1, 'projected_percent': '0.0', 'likelihood': 0}, {'offset': 2, 'projected_percent': '0.0', 'likelihood': 0}]",,False,0,2,0.0,0.0,0,Leo Fuhr,0.0,538,False,Has joined KV Mechelen on loan for the rest of the season,2026-08-12T14:08:03.081789Z,40,477547.jpg,0.0,False,Hjelde,0.0,False,,u,20,56,0,0,0,1914,244,0.0,0.0,Hjelde,,161.0,2024-01-30,2003-08-26,False,p477547,0,0,0,0,0,0,0,0,0,0,0,0,0,0.0,0.0,0.0,0.0,0,0,0,0,0,0.00,0.00,0.00,0.00,,,,,,,[],,392,144,387,144,329,126,398,142,0.0,0.0,0.0,0.0,0.0,0.0,622,186,417,148,417,148,510,178,0.0,0.0,0.0
635,True,True,,,167512,0,0,0,0,-54.7,-61,"[{'offset': 0, 'projected_percent': '-56.5', 'likelihood': -3}, {'offset': 1, 'projected_percent': '-59.4', 'likelihood': -3}, {'offset': 2, 'projected_percent': '-62.4', 'likelihood': -3}]",,False,0,2,0.3,0.3,0,Luke,0.3,539,False,,,40,167512.jpg,1.0,False,O'Nien,2.8,False,,a,20,56,1,10967,1064,66555,15886,0.1,0.2,O'Nien,,241.0,2018-07-30,1994-11-21,False,p167512,66,0,0,0,1,0,0,0,1,0,0,0,1,11.4,1.4,4.0,1.7,4,4,1,5,1,0.01,0.01,0.02,1.69,,,,,,,[],,260,108,294,107,236,84,301,111,0.01,0.0,0.01,0.02,2.3,1.36,593,165,336,119,264,93,108,42,1.36,0.0,6.82
636,True,False,0.0,0.0,105717,0,0,0,0,0.0,-7,"[{'offset': 0, 'projected_percent': '0.0', 'likelihood': 0}, {'offset': 1, 'projected_percent': '0.0', 'likelihood': 0}, {'offset': 2, 'projected_percent': '0.0', 'likelihood': 0}]",,False,0,2,0.0,0.0,0,Arthur,0.0,540,False,Has joined Konyaspor permanently,2026-08-12T14:08:03.097784Z,40,105717.jpg,0.0,False,Masuaku,0.2,False,,u,20,56,0,0,0,8950,1012,0.0,0.0,Masuaku,,50.0,2025-08-10,1993-11-07,False,p105717,0,0,0,0,0,0,0,0,0,0,0,0,0,0.0,0.0,0.0,0.0,0,0,0,0,0,0.00,0.00,0.00,0.00,,,,,,,[],,371,134,364,132,304,112,376,131,0.0,0.0,0.0,0.0,0.0,0.0,587,162,396,138,396,138,362,138,0.0,0.0,0.0
637,True,True,100.0,100.0,93605,0,0,0,0,-6.1,-2,"[{'offset': 0, 'projected_percent': '-6.7', 'likelihood': -1}, {'offset': 1, 'projected_percent': '-7.6', 'likelihood': -1}, {'offset': 2, 'projected_percent': '-8.6', 'likelihood': -1}]",,False,0,2,3.0,3.0,2,Thomas,3.0,541,False,,2026-08-16T08:30:07.830062Z,45,93605.jpg,3.0,False,Meunier,0.3,False,,a,20,56,9,4025,376,5102,1046,0.7,2.0,Meunier,,21.0,2026-07-15,1991-09-12,False,p93605,243,0,0,1,3,0,0,0,0,0,0,0,32,41.6,26.8,26.0,9.5,12,8,2,14,3,0.21,0.13,0.34,3.51,,,,,,,[],,142,64,137,43,106,29,134,50,0.08,0.0,0.05,0.13,1.3,1.11,430,83,109,41,120,47,301,109,1.11,0.37,5.19
638,True,True,,,484420,0,0,-1,1,-66.9,-161,"[{'offset': 0, 'projected_percent': '-69.5', 'likelihood': -3}, {'offset': 1, 'projected_percent': '-73.7', 'likelihood': -3}, {'offset': 2, 'projected_percent': '-78.0', 'likelihood': -3}]",,False,0,3,4.3,4.3,8,Enzo,4.3,542,False,,,59,484420.jpg,4.3,False,Le Fée,5.2,False,,a,20,56,13,24109,5403,439790,60830,0.7,2.2,E.Le Fée,,73.0,2025-07-01,2000-02-03,False,p484420,258,1,0,1,2,0,0,0,0,0,0,1,51,48.0,34.8,54.0,13.8,1,7,6,14,3,1.21,0.23,1.44,3.76,1.0,,2.0,,2.0,,[],,122,43,111,69,54,35,70,46,0.42,0.0,0.08,0.5,1.31,0.7,106,67,68,32,73,33,69,21,1.05,0.35,4.88
639,True,True,0.0,0.0,547027,-1,1,-1,1,-20.5,-1,"[{'offset': 0, 'projected_percent': '-21.1', 'likelihood': -2}, {'offset': 1, 'projected_percent': '-22.0', 'likelihood': -2}, {'offset': 2, 'projected_percent': '-22.9', 'likelihood': -2}]",,False,0,3,0.0,0.0,0,Habib,1.7,543,False,Hamstring injury - Unknown return date,2026-08-30T16:30:08.428960Z,54,547027.jpg,2.5,False,Diarra,0.0,False,,i,20,56,5,514,15,4333,850,0.3,0.9,Diarra,,189.0,2025-07-01,2004-01-03,False,p547027,28,0,1,0,1,0,0,0,0,0,0,0,18,15.6,10.9,2.0,2.9,0,0,0,0,0,0.03,0.16,0.19,0.12,,,,,1.0,,[],https://www.safc.com/news/2026/september/03/le-bris-provides-diarra-injury-update/,240,99,219,116,281,134,268,117,0.1,0.0,0.51,0.61,0.39,3.21,227,143,211,97,164,70,519,212,0.0,0.0,0.0
640,True,True,,,84450,0,0,0,0,9.5,-69,"[{'offset': 0, 'projected_percent': '9.0', 'likelihood': 1}, {'offset': 1, 'projected_percent': '8.1', 'likelihood': 1}, {'offset': 2, 'projected_percent': '7.2', 'likelihood': 1}]",,False,0,3,6.0,6.0,3,Granit,6.0,544,False,,,55,84450.jpg,6.0,False,Xhaka,4.5,False,,a,20,56,18,101306,13400,91378,26087,1.1,3.3,Xhaka,,207.0,2025-07-30,1992-09-27,False,p84450,270,0,1,1,3,0,0,0,1,0,0,5,72,54.4,109.8,3.0,16.7,7,23,5,35,3,0.06,0.57,0.63,3.96,2.0,,1.0,,,,[],,101,37,8,8,258,125,42,30,0.02,0.0,0.19,0.21,1.32,1.0,123,79,33,14,37,15,79,26,1.0,0.33,11.67
641,True,True,,,577669,0,0,0,0,-93.6,-10,"[{'offset': 0, 'projected_percent': '-96.8', 'likelihood': -4}, {'offset': 1, 'projected_percent': '-102.0', 'likelihood': -5}, {'offset': 2, 'projected_percent': '-107.3', 'likelihood': -5}]",,False,0,3,2.0,2.0,1,Noah,2.0,545,False,,,50,577669.jpg,2.0,False,Sadiki,0.3,False,,a,20,56,6,3467,415,10662,2215,0.4,1.2,Sadiki,,50.0,2025-07-04,2004-12-17,False,p577669,253,0,0,1,3,0,0,0,1,0,0,0,55,41.8,54.9,79.0,17.6,6,7,3,16,3,0.36,0.23,0.59,3.57,,,,,,,[],,141,52,49,41,18,10,36,27,0.13,0.0,0.08,0.21,1.27,1.07,350,213,186,84,209,91,310,108,1.07,0.36,5.69
642,True,False,0.0,0.0,535818,0,0,-1,1,0.0,0,"[{'offset': 0, 'projected_percent': '0.0', 'likelihood': 0}, {'offset': 1, 'projected_percent': '0.0', 'likelihood': 0}, {'offset': 2, 'projected_percent': '0.0', 'likelihood': 0}]",,False,0,3,0.0,0.0,0,Simon,0.0,546,False,Has joined Ajax on loan for the rest of the season,2026-08-20T14:00:08.416985Z,49,535818.jpg,0.0,False,Adingra,0.0,False,,u,20,56,0,240,0,6055,560,0.0,0.0,Adingra,,54.0,2025-07-10,2002-01-01,False,p535818,0,0,0,0,0,0,0,0,0,0,0,0,0,0.0,0.0,0.0,0.0,0,0,0,0,0,0.00,0.00,0.00,0.00,,,,,,,[],https://www.safc.com/news/2026/august/20/le-bris-provides-latest-team-news-ahead-of-ipswich/,527,209,528,217,490,188,535,214,0.0,0.0,0.0,0.0,0.0,0.0,407,245,548,221,548,221,523,215,0.0,0.0,0.0
643,True,True,,,461199,-1,1,-1,1,-1.3,0,"[{'offset': 0, 'projected_percent': '-1.3', 'likelihood': -1}, {'offset': 1, 'projected_percent': '-1.3', 'likelihood': -1}, {'offset': 2, 'projected_percent': '-1.3', 'likelihood': -1}]",,False,0,3,0.3,0.3,0,Romaine,0.3,547,False,,,49,461199.jpg,1.0,False,Mundle,0.0,False,,a,20,56,1,162,39,360,76,0.1,0.2,Mundle,,241.0,2024-02-01,2003-04-24,False,p461199,1,0,0,0,0,0,0,0,0,0,0,0,2,8.0,0.1,17.0,2.5,1,0,0,1,0,0.17,0.00,0.17,0.09,,,,,,,[],,278,118,350,174,135,68,277,120,15.3,0.0,0.0,15.3,8.1,0.0,397,238,353,159,298,124,612,261,0.0,0.0,90.0
644,True,True,,,554197,-1,1,-1,1,-3.2,0,"[{'offset': 0, 'projected_percent': '-3.2', 'likelihood': -1}, {'offset': 1, 'projected_percent': '-3.2', 'likelihood': -1}, {'offset': 2, 'projected_percent': '-3.2', 'likelihood': -1}]",,False,0,3,0.7,0.7,0,Chris,0.7,548,False,,,49,554197.jpg,1.0,False,Rigg,0.1,False,,a,20,56,2,309,67,1800,318,0.1,0.4,Rigg,,241.0,2022-12-31,2007-06-18,False,p554197,17,0,0,0,1,0,0,0,0,0,0,0,6,0.0,0.3,0.0,0.0,0,1,0,1,0,0.00,0.00,0.00,0.44,,,,,,,[],,530,212,338,166,493,191,538,217,0.0,0.0,0.0,0.0,2.33,5.29,411,248,302,136,304,128,493,197,0.0,0.0,5.29
645,True,True,,,549912,0,0,-1,1,-50.3,-4,"[{'offset': 0, 'projected_percent': '-52.5', 'likelihood': -3}, {'offset': 1, 'projected_percent': '-56.0', 'likelihood': -3}, {'offset': 2, 'projected_percent': '-59.6', 'likelihood': -3}]",,False,0,3,0.3,0.3,0,Chemsdine,0.3,549,False,,,54,549912.jpg,1.0,False,Talbi,0.2,False,,a,20,56,1,808,97,8272,1301,0.1,0.2,Talbi,,145.0,2025-07-09,2005-05-09,False,p549912,31,0,0,0,1,0,0,0,0,0,0,0,1,0.0,0.9,0.0,0.0,0,2,0,2,0,0.00,0.00,0.00,0.14,,,,,,,[],,608,262,309,154,600,257,614,264,0.0,0.0,0.0,0.0,0.41,2.9,228,144,373,174,338,153,366,131,0.0,0.0,5.81
646,True,True,,,699989,0,0,0,0,-53.3,0,"[{'offset': 0, 'projected_percent': '-53.3', 'likelihood': -3}, {'offset': 1, 'projected_percent': '-53.3', 'likelihood': -3}, {'offset': 2, 'projected_percent': '-53.3', 'likelihood': -3}]",,False,0,3,0.0,0.0,0,Djiamgone Jocelin Ta,0.0,550,False,,,50,699989.jpg,0.0,False,Bi,0.0,False,,a,20,56,0,165,34,243,41,0.0,0.0,Jocelin.T,,54.0,2026-01-16,2005-02-09,False,p699989,0,0,0,0,0,0,0,0,0,0,0,0,0,0.0,0.0,0.0,0.0,0,0,0,0,0,0.00,0.00,0.00,0.00,,,,,,,[],,591,249,598,255,580,242,598,252,0.0,0.0,0.0,0.0,0.0,0.0,366,222,606,256,606,256,624,269,0.0,0.0,0.0
647,True,True,,,536661,0,0,0,0,2.3,0,"[{'offset': 0, 'projected_percent': '2.3', 'likelihood': 1}, {'offset': 1, 'projected_percent': '2.3', 'likelihood': 1}, {'offset': 2, 'projected_percent': '2.3', 'likelihood': 1}]",,False,0,3,3.3,3.3,2,Nilson,3.3,551,False,,,50,536661.jpg,3.3,False,Angulo,0.1,False,,a,20,56,10,10857,746,5879,1388,0.7,2.0,N.Angulo,,62.0,2026-02-02,2003-06-19,False,p536661,185,1,0,1,2,0,0,0,1,0,0,0,47,48.6,25.7,32.0,10.6,2,12,3,17,3,0.15,0.12,0.27,3.00,,,3.0,,,,[],,118,42,143,84,92,51,117,58,0.07,0.0,0.06,0.13,1.46,0.97,339,204,100,47,111,49,373,135,1.46,0.49,8.27
648,True,True,,,441264,0,0,-1,1,-68.1,-479,"[{'offset': 0, 'projected_percent': '-73.0', 'likelihood': -3}, {'offset': 1, 'projected_percent': '-81.2', 'likelihood': -3}, {'offset': 2, 'projected_percent': '-89.4', 'likelihood': -3}]",,False,0,4,2.0,2.0,2,Brian,2.0,552,False,,,59,441264.jpg,2.0,False,Brobbey,8.0,False,,a,20,56,6,74300,8747,588113,119469,0.3,1.0,Brobbey,,152.0,2025-09-01,2002-02-01,False,p441264,219,0,0,1,2,0,0,0,0,0,0,0,17,4.4,41.4,44.0,8.9,1,6,0,7,3,0.59,0.06,0.65,3.48,,,,,,,[],,310,31,85,6,68,17,146,16,0.24,0.0,0.02,0.26,1.43,0.82,99,26,194,17,219,22,53,7,1.23,0.41,2.88
649,True,True,,,437505,0,0,0,0,11.3,61,"[{'offset': 0, 'projected_percent': '11.7', 'likelihood': 1}, {'offset': 1, 'projected_percent': '12.5', 'likelihood': 1}, {'offset': 2, 'projected_percent': '13.4', 'likelihood': 1}]",,False,0,4,4.3,4.3,4,Wilson,4.3,553,False,,,55,437505.jpg,4.3,False,Isidor,1.4,False,,a,20,56,13,63125,24825,36580,9102,0.8,2.4,Isidor,,92.0,2025-02-01,2000-08-27,False,p437505,75,1,1,0,1,0,0,0,0,0,0,3,47,29.4,0.6,35.0,6.5,0,2,0,2,0,1.49,0.01,1.50,0.92,,,,,,,[],,189,14,325,39,86,20,198,22,1.79,0.0,0.01,1.8,1.1,1.2,150,38,64,5,69,6,157,23,0.0,0.0,2.4
650,True,True,100.0,100.0,638411,0,0,0,0,-17.9,-12,"[{'offset': 0, 'projected_percent': '-185.8', 'likelihood': -5}, {'offset': 1, 'projected_percent': '-465.3', 'likelihood': -5}, {'offset': 2, 'projected_percent': '-744.9', 'likelihood': -5}]",,False,0,2,0.0,0.0,0,Dayann,0.0,612,False,,2026-08-28T13:00:08.950445Z,45,638411.jpg,0.0,False,Méthalie,0.0,False,,a,20,56,0,537,80,213,86,0.0,0.0,Methalie,,73.0,2026-08-21,2006-02-15,False,p638411,0,0,0,0,0,0,0,0,0,0,0,0,0,0.0,0.0,0.0,0.0,0,0,0,0,0,0.00,0.00,0.00,0.00,,,,,,,[],,500,193,499,193,458,187,506,191,0.0,0.0,0.0,0.0,0.0,0.0,561,149,523,196,523,196,621,207,0.0,0.0,0.0
651,True,True,,,696104,0,0,0,0,0.0,0,"[{'offset': 0, 'projected_percent': '0.0', 'likelihood': 0}, {'offset': 1, 'projected_percent': '0.0', 'likelihood': 0}, {'offset': 2, 'projected_percent': '0.0', 'likelihood': 0}]",2026-09-08T14:02:40.674207Z,False,0,3,0.0,0.0,0,Jules,0.0,613,False,,,45,696104.jpg,0.0,False,Ahoka,0.2,False,,a,20,56,0,19660,4003,7004,2308,0.0,0.0,Ahoka,,50.0,2026-08-24,2006-05-08,False,p696104,0,0,0,0,0,0,0,0,0,0,0,0,0,0.0,0.0,0.0,0.0,0,0,0,0,0,0.00,0.00,0.00,0.00,,,,,,,[],,505,196,504,204,463,173,511,200,0.0,0.0,0.0,0.0,0.0,0.0,566,291,528,209,528,209,318,113,0.0,0.0,0.0
652,True,True,,,549940,0,0,0,0,0.0,0,"[{'offset': 0, 'projected_percent': '0.0', 'likelihood': 0}, {'offset': 1, 'projected_percent': '0.0', 'likelihood': 0}, {'offset': 2, 'projected_percent': '0.0', 'likelihood': 0}]",2026-09-15T14:57:14.467526Z,False,0,3,2.0,2.0,1,Malick,1.0,646,False,,,55,549940.jpg,1.0,False,Fofana,0.0,False,,a,20,56,1,2910,839,474,235,0.2,0.2,Fofana,,21.0,2026-09-01,2005-03-31,False,p549940,16,0,0,0,0,0,0,0,0,0,0,0,3,0.0,0.5,0.0,0.1,0,0,0,0,0,0.00,0.00,0.00,0.39,,,,,,,[],,621,271,332,164,619,268,366,172,0.0,0.0,0.0,0.0,2.19,0.0,178,111,274,124,350,161,547,224,0.0,0.0,0.0
653,True,True,,,661313,0,0,0,0,0.0,0,"[{'offset': 0, 'projected_percent': '0.0', 'likelihood': 0}, {'offset': 1, 'projected_percent': '0.0', 'likelihood': 0}, {'offset': 2, 'projected_percent': '0.0', 'likelihood': 0}]",2026-09-15T14:59:53.647628Z,False,0,4,1.0,1.0,0,Juan,0.0,651,False,,,45,661313.jpg,0.0,False,Angulo,0.4,False,,a,20,56,0,33855,17916,5822,3986,0.0,0.0,J.Angulo,,62.0,2026-09-01,2008-01-12,False,p661313,0,0,0,0,0,0,0,0,0,0,0,0,0,0.0,0.0,0.0,0.0,0,0,0,0,0,0.00,0.00,0.00,0.00,,,,,,,[],,502,52,501,57,460,54,508,56,0.0,0.0,0.0,0.0,0.0,0.0,563,78,525,59,525,59,279,48,0.0,0.0,0.0
