,player_id,web_name,team_code,element_type,now_cost,event,points_md,is_captain,multiplier,starting_lineup,selected_by_percent,gw_points
0,8,Leno,3,1,50,29,3.631,False,1,1,6.6,3.631
1,62,Dunk,36,2,49,29,4.513,False,1,1,6.1,4.513
2,67,Veltman,36,2,43,29,4.261,False,1,1,1.5,4.261
3,74,White,36,2,44,29,4.1,False,1,1,2.3,4.1
4,4,Aubameyang,3,3,114,29,4.194,False,1,1,8.4,4.194
5,390,Son,6,3,96,29,4.638,False,1,1,55.3,4.638
6,543,Bale,6,3,95,29,3.937,False,1,1,8.9,3.937
7,557,Lookman,54,3,51,29,4.1389999999999985,False,1,1,2.4,4.1389999999999985
8,202,Bamford,2,4,68,29,4.647,False,1,1,51.1,4.647
9,388,Kane,6,4,114,29,5.622000000000001,True,2,1,39.9,11.244000000000002
10,437,Antonio,21,4,66,29,4.301,False,1,1,12.7,4.301
11,516,Areola,54,1,45,29,3.594,False,0,0,5.0,0.0
12,17,Tierney,3,2,52,29,3.2030000000000003,False,0,0,4.6,0.0
13,435,Cresswell,21,2,58,29,3.262,False,0,0,26.4,0.0
14,570,Raphinha,2,3,55,29,3.615,False,0,0,11.3,0.0
