,player_id,web_name,team_code,element_type,now_cost,event,points_md,is_captain,multiplier,starting_lineup,selected_by_percent,gw_points
0,422,Bazunu,20,1,45,33,3.512,False,1,1,0.7,3.512
1,272,W.Fofana,8,2,43,33,3.468,False,1,1,1.0,3.468
2,423,Bella-Kotchap,20,2,45,33,3.444,False,1,1,0.2,3.444
3,694,Álex Moreno,7,2,45,33,3.6289999999999996,False,1,1,2.8,3.6289999999999996
4,42,Buendía,7,3,57,33,4.132,False,1,1,1.1,4.132
5,47,Ramsey,7,3,53,33,4.0569999999999995,False,1,1,1.6,4.0569999999999995
6,225,Rodrigo,2,3,63,33,3.865,False,1,1,4.1,3.865
7,303,Mahrez,43,3,73,33,3.563,False,1,1,4.4,3.563
8,400,Walcott,20,3,48,33,3.784,False,1,1,0.0,3.784
9,66,Solanke,91,4,56,33,4.303999999999999,True,2,1,3.5,8.607999999999999
10,145,Havertz,8,4,74,33,3.718,False,1,1,3.6,3.718
11,238,Meslier,2,1,45,33,3.46,False,0,0,1.9,0.0
12,358,Burn,4,2,45,33,3.385,False,0,0,4.4,0.0
13,459,Dawson,39,2,48,33,3.2960000000000003,False,0,0,0.9,0.0
14,394,Johnson,17,4,56,33,3.312,False,0,0,1.9,0.0
