,player_id,web_name,team_code,element_type,now_cost,event,points_md,is_captain,multiplier,starting_lineup,selected_by_percent,gw_points
0,112,Pope,90,1,54,35,3.6489999999999996,False,1,1,3.9,3.6489999999999996
1,45,Konsa,7,2,49,35,4.016,False,1,1,0.9,4.016
2,52,Young,7,2,47,35,4.12,False,1,1,0.5,4.12
3,279,Telles,1,2,51,35,3.7960000000000003,False,1,1,1.2,3.7960000000000003
4,588,Emerson Royal,6,2,45,35,4.062,False,1,1,1.5,4.062
5,230,Mané,14,3,117,35,5.4060000000000015,True,2,1,3.7,10.812000000000003
6,254,Mahrez,43,3,86,35,4.27,False,1,1,4.2,4.27
7,255,Sterling,43,3,105,35,3.8560000000000003,False,1,1,2.5,3.8560000000000003
8,399,Sarr,57,3,57,35,4.272,False,1,1,2.8,4.272
9,485,Sancho,1,3,89,35,4.579,False,1,1,3.0,4.579
10,430,Jiménez,39,4,75,35,4.16,False,1,1,4.6,4.16
11,408,Fabianski,21,1,50,35,3.42,False,0,0,2.7,0.0
12,555,Varane,1,2,55,35,3.7910000000000004,False,0,0,2.3,0.0
13,104,Rodriguez,90,4,52,35,3.5189999999999997,False,0,0,2.5,0.0
14,345,Adams,20,4,67,35,3.455,False,0,0,4.2,0.0
