,player_id,web_name,team_code,element_type,now_cost,event,points_md,is_captain,multiplier,starting_lineup,selected_by_percent,gw_points
0,475,Sá,39,1,53,35,3.943,False,1,1,10.2,3.943
1,38,Mings,7,2,50,35,4.218999999999999,False,1,1,6.0,4.218999999999999
2,44,Cash,7,2,52,35,4.317,False,1,1,8.4,4.317
3,234,Robertson,14,2,73,35,4.712,False,1,1,10.8,4.712
4,237,Alexander-Arnold,14,2,84,35,5.407,False,1,1,39.0,5.407
5,588,Emerson Royal,6,2,45,35,4.093,False,1,1,1.5,4.093
6,138,Mount,8,3,77,35,4.78,False,1,1,22.7,4.78
7,233,Salah,14,3,132,35,6.662999999999999,True,2,1,58.6,13.325999999999999
8,399,Sarr,57,3,57,35,4.215,False,1,1,2.8,4.215
9,681,Coutinho,7,3,70,35,5.05,False,1,1,11.4,5.05
10,579,Ronaldo,1,4,122,35,5.952000000000001,False,1,1,20.5,5.952000000000001
11,376,Foster,57,1,41,35,3.556,False,0,0,19.4,0.0
12,115,Brownhill,90,3,43,35,3.0780000000000003,False,0,0,2.9,0.0
13,104,Rodriguez,90,4,52,35,3.5260000000000002,False,0,0,2.5,0.0
14,577,Gelhardt,2,4,47,35,1.449,False,0,0,3.6,0.0
