,player_id,web_name,team_code,element_type,now_cost,event,points_md,is_captain,multiplier,starting_lineup,selected_by_percent,gw_points
0,376,Foster,57,1,41,35,3.55,False,1,1,19.4,3.55
1,44,Cash,7,2,52,35,4.2989999999999995,False,1,1,8.2,4.2989999999999995
2,52,Young,7,2,47,35,4.136,False,1,1,0.5,4.136
3,142,James,8,2,64,35,4.593999999999999,False,1,1,17.7,4.593999999999999
4,237,Alexander-Arnold,14,2,84,35,5.438,False,1,1,39.0,5.438
5,588,Emerson Royal,6,2,45,35,4.112,False,1,1,1.5,4.112
6,233,Salah,14,3,132,35,6.675,True,2,1,58.5,13.35
7,359,Son,6,3,111,35,5.867000000000001,False,1,1,27.0,5.867000000000001
8,399,Sarr,57,3,57,35,4.208,False,1,1,2.8,4.208
9,681,Coutinho,7,3,70,35,4.949,False,1,1,11.4,4.949
10,357,Kane,6,4,125,35,5.909,False,1,1,23.0,5.909
11,593,Carson,43,1,39,35,0.0,False,0,0,1.5,0.0
12,163,Delph,11,3,42,35,1.825,False,0,0,0.9,0.0
13,388,Perica,57,4,45,35,0.0,False,0,0,0.6,0.0
14,535,Zeqiri,36,4,45,35,0.0,False,0,0,0.2,0.0
