,player_id,web_name,team_code,element_type,now_cost,event,points_md,is_captain,multiplier,starting_lineup,selected_by_percent,gw_points
0,270,de Gea,1,1,51,35,3.8710000000000004,False,1,1,10.2,3.8710000000000004
1,44,Cash,7,2,52,35,4.317,False,1,1,8.4,4.317
2,234,Robertson,14,2,73,35,4.712,False,1,1,10.8,4.712
3,237,Alexander-Arnold,14,2,84,35,5.407,False,1,1,39.0,5.407
4,588,Emerson Royal,6,2,45,35,4.093,False,1,1,1.5,4.093
5,138,Mount,8,3,77,35,4.78,False,1,1,22.7,4.78
6,233,Salah,14,3,132,35,6.662999999999999,True,2,1,58.6,13.325999999999999
7,399,Sarr,57,3,57,35,4.215,False,1,1,2.8,4.215
8,681,Coutinho,7,3,70,35,5.05,False,1,1,11.4,5.05
9,40,Watkins,7,4,74,35,4.629,False,1,1,8.1,4.629
10,579,Ronaldo,1,4,122,35,5.952000000000001,False,1,1,20.5,5.952000000000001
11,572,Okonkwo,3,1,39,35,0.0,False,0,0,0.8,0.0
12,151,Kelly,31,2,38,35,0.01,False,0,0,1.8,0.0
13,163,Delph,11,3,42,35,1.8519999999999999,False,0,0,0.9,0.0
14,595,Locadia,36,4,44,35,0.0,False,0,0,0.9,0.0
