,player_id,web_name,team_code,element_type,now_cost,event,points_md,is_captain,multiplier,starting_lineup,selected_by_percent,gw_points
0,102,Steele,36,1,39,29,7.499,False,1,1,1.5,7.499
1,106,Dunk,36,2,47,29,7.105,False,1,1,4.8,7.105
2,461,Zouma,21,2,44,29,6.686,False,1,1,1.0,6.686
3,559,Colwill,36,2,44,29,6.381,False,1,1,0.1,6.381
4,464,Benrahma,21,3,55,29,6.8260000000000005,False,1,1,0.9,6.8260000000000005
5,465,Bowen,21,3,80,29,8.274000000000001,True,2,1,2.7,16.548000000000002
6,493,Gibbs-White,17,3,55,29,7.496,False,1,1,0.7,7.496
7,609,Antony,1,3,73,29,7.296,False,1,1,2.8,7.296
8,66,Solanke,91,4,55,29,8.222000000000001,False,1,1,1.9,8.222000000000001
9,594,Isak,4,4,67,29,7.165,False,1,1,3.6,7.165
10,690,João Félix,8,4,76,29,7.512,False,1,1,3.5,7.512
11,238,Meslier,2,1,45,29,6.818,False,0,0,1.9,0.0
12,358,Burn,4,2,45,29,5.7940000000000005,False,0,0,4.0,0.0
13,628,Aurier,17,2,44,29,5.516,False,0,0,0.6,0.0
14,264,Barnes,13,3,67,29,6.686,False,0,0,1.9,0.0
