,player_id,web_name,team_code,element_type,now_cost,event,points_md,is_captain,multiplier,starting_lineup,selected_by_percent,gw_points
0,425,Lloris,6,1,55,1,3.997,False,1,1,4.7,3.997
1,276,Matip,14,2,60,1,3.987,False,1,1,2.7,3.987
2,367,Targett,4,2,50,1,3.8110000000000004,False,1,1,1.4,3.8110000000000004
3,377,Botman,4,2,45,1,3.677,False,1,1,3.4,3.677
4,429,Doherty,6,2,50,1,3.782,False,1,1,1.1,3.782
5,443,Romero,6,2,50,1,3.761,False,1,1,2.7,3.761
6,264,Barnes,13,3,70,1,3.971,False,1,1,4.4,3.971
7,333,Fernandes,1,3,100,1,4.949,True,2,1,3.6,9.898
8,227,Bamford,2,4,75,1,4.378,False,1,1,0.9,4.378
9,255,Vardy,13,4,95,1,4.6960000000000015,False,1,1,4.7,4.6960000000000015
10,356,Wilson,4,4,75,1,4.747,False,1,1,3.0,4.747
11,248,Schmeichel,13,1,50,1,3.775,False,0,0,2.1,0.0
12,225,Rodrigo,2,3,60,1,3.4789999999999996,False,0,0,0.4,0.0
13,305,Grealish,43,3,70,1,3.528,False,0,0,4.7,0.0
14,508,Sinisterra,2,3,65,1,3.582,False,0,0,1.0,0.0
