,player_id,web_name,team_code,element_type,now_cost,event,points_md,is_captain,multiplier,starting_lineup,selected_by_percent,gw_points
0,152,Guaita,31,1,44,27,6.4110000000000005,False,1,1,2.1,6.4110000000000005
1,92,Pinnock,94,2,44,27,6.3580000000000005,False,1,1,1.0,6.3580000000000005
2,106,Dunk,36,2,47,27,7.312,False,1,1,5.1,7.312
3,526,Mee,94,2,51,27,6.664,False,1,1,17.8,6.664
4,116,Mac Allister,36,3,54,27,8.792,False,1,1,5.2,8.792
5,124,Mitoma,36,3,55,27,8.95,False,1,1,20.1,8.95
6,160,Zaha,31,3,72,27,7.791,False,1,1,7.4,7.791
7,335,Rashford,1,3,74,27,6.88,False,1,1,54.2,6.88
8,407,Ward-Prowse,20,3,63,27,6.7620000000000005,False,1,1,6.1,6.7620000000000005
9,80,Toney,94,4,78,27,9.677,True,2,1,36.5,19.354
10,427,Kane,6,4,117,27,6.97,False,1,1,37.6,6.97
11,670,Marschall,7,1,40,27,0.0,False,0,0,0.0,0.0
12,448,Perišić,6,2,54,27,3.175,False,0,0,17.2,0.0
13,461,Zouma,21,2,44,27,1.89,False,0,0,1.0,0.0
14,237,Greenwood,2,4,41,27,0.397,False,0,0,10.7,0.0
