,player_id,web_name,team_code,element_type,now_cost,event,points_md,is_captain,multiplier,starting_lineup,selected_by_percent,gw_points
0,307,Ederson,43,1,54,15,4.413,False,1,1,13.8,4.413
1,221,Cooper,2,2,44,15,3.392,False,1,1,0.1,3.392
2,306,Cancelo,43,2,74,15,4.613,False,1,1,56.4,4.613
3,357,Trippier,4,2,58,15,3.7510000000000003,False,1,1,62.1,3.7510000000000003
4,461,Zouma,21,2,45,15,3.6310000000000002,False,1,1,2.0,3.6310000000000002
5,111,Trossard,36,3,69,15,4.184,False,1,1,21.4,4.184
6,195,Gordon,11,3,54,15,4.053,False,1,1,2.2,4.053
7,301,De Bruyne,43,3,124,15,6.2620000000000005,True,2,1,33.6,12.524000000000001
8,465,Bowen,21,3,81,15,4.4830000000000005,False,1,1,3.5,4.4830000000000005
9,95,Mbeumo,94,4,58,15,4.208,False,1,1,1.6,4.208
10,356,Wilson,4,4,74,15,4.449,False,1,1,8.6,4.449
11,238,Meslier,2,1,45,15,3.772,False,0,0,2.4,0.0
12,526,Mee,94,2,45,15,3.742,False,0,0,4.6,0.0
13,369,Almirón,4,3,56,15,4.242,False,0,0,23.7,0.0
14,427,Kane,6,4,116,15,4.885,False,0,0,25.2,0.0
