,player_id,web_name,team_code,element_type,now_cost,event,points_md,is_captain,multiplier,starting_lineup,selected_by_percent,gw_points
0,238,Meslier,2,1,45,15,3.615,False,1,1,2.4,3.615
1,309,Laporte,43,2,58,15,3.46,False,1,1,0.3,3.46
2,461,Zouma,21,2,45,15,3.642,False,1,1,2.0,3.642
3,526,Mee,94,2,45,15,3.7,False,1,1,4.5,3.7
4,89,Wissa,94,3,54,15,3.773,False,1,1,0.2,3.773
5,195,Gordon,11,3,54,15,3.853,False,1,1,2.2,3.853
6,233,Harrison,2,3,59,15,4.015,False,1,1,2.5,4.015
7,465,Bowen,21,3,81,15,4.284,False,1,1,3.5,4.284
8,95,Mbeumo,94,4,58,15,4.051,False,1,1,1.6,4.051
9,191,Calvert-Lewin,11,4,79,15,4.178999999999999,False,1,1,0.7,4.178999999999999
10,326,Ronaldo,1,4,102,15,4.341,True,2,1,2.5,8.682
11,422,Bazunu,20,1,45,15,3.264,False,0,0,0.7,0.0
12,221,Cooper,2,2,44,15,3.312,False,0,0,0.1,0.0
13,457,Cresswell,21,2,48,15,3.295,False,0,0,2.6,0.0
14,264,Barnes,13,3,69,15,3.6910000000000003,False,0,0,1.6,0.0
