,player_id,web_name,team_code,element_type,now_cost,event,points_md,is_captain,multiplier,starting_lineup,selected_by_percent,gw_points
0,31,Martínez,7,1,49,26,3.758,False,1,1,4.3,3.758
1,39,Mings,7,2,43,26,3.2510000000000003,False,1,1,3.7,3.2510000000000003
2,85,Henry,94,2,45,26,3.5239999999999996,False,1,1,1.3,3.5239999999999996
3,106,Dunk,36,2,47,26,3.9219999999999997,False,1,1,4.5,3.9219999999999997
4,42,Buendía,7,3,57,26,3.5669999999999997,False,1,1,0.5,3.5669999999999997
5,116,Mac Allister,36,3,54,26,4.591,True,2,1,2.4,9.182
6,493,Gibbs-White,17,3,55,26,4.148,False,1,1,0.5,4.148
7,715,Tetê,13,3,55,26,3.75,False,1,1,0.2,3.75
8,145,Havertz,8,4,76,26,3.766,False,1,1,3.8,3.766
9,394,Johnson,17,4,57,26,3.98,False,1,1,2.3,3.98
10,690,João Félix,8,4,76,26,4.51,False,1,1,3.9,4.51
11,729,Navas,17,1,45,26,3.612,False,0,0,0.8,0.0
12,92,Pinnock,94,2,44,26,3.2260000000000004,False,0,0,0.3,0.0
13,272,W.Fofana,8,2,43,26,3.185,False,0,0,0.7,0.0
14,186,Iwobi,11,3,54,26,3.405,False,0,0,2.9,0.0
