,player_id,web_name,team_code,element_type,now_cost,event,points_md,is_captain,multiplier,starting_lineup,selected_by_percent,gw_points
0,281,Alisson,14,1,54,35,3.844,False,1,1,15.3,3.844
1,285,Alexander-Arnold,14,2,76,35,4.915,False,1,1,26.4,4.915
2,312,Dias,43,2,60,35,4.4639999999999995,False,1,1,7.4,4.4639999999999995
3,733,Pedro Porro,6,2,48,35,4.376,False,1,1,0.8,4.376
4,124,Mitoma,36,3,56,35,5.088,False,1,1,27.8,5.088
5,283,Salah,14,3,130,35,6.597,False,1,1,34.1,6.597
6,335,Rashford,1,3,72,35,5.358,False,1,1,44.2,5.358
7,493,Gibbs-White,17,3,55,35,4.208,False,1,1,0.6,4.208
8,40,Watkins,7,4,76,35,4.749,False,1,1,20.3,4.749
9,66,Solanke,91,4,56,35,4.417,False,1,1,3.9,4.417
10,318,Haaland,43,4,124,35,8.187999999999999,True,2,1,82.9,16.375999999999998
11,102,Steele,36,1,40,35,3.998,False,0,0,4.2,0.0
12,302,Stones,43,2,56,35,4.4239999999999995,False,0,0,7.5,0.0
13,628,Aurier,17,2,43,35,3.7539999999999996,False,0,0,0.3,0.0
14,107,March,36,3,53,35,4.853,False,0,0,14.5,0.0
