,player_id,web_name,team_code,element_type,now_cost,event,points_md,is_captain,multiplier,starting_lineup,selected_by_percent,gw_points
0,102,Steele,36,1,40,35,4.082,False,1,1,4.2,4.082
1,139,Chilwell,8,2,57,35,3.966,False,1,1,4.8,3.966
2,628,Aurier,17,2,43,35,3.928,False,1,1,0.3,3.928
3,733,Pedro Porro,6,2,48,35,4.353,False,1,1,0.8,4.353
4,42,Buendía,7,3,57,35,3.7289999999999996,False,1,1,0.9,3.7289999999999996
5,264,Barnes,13,3,67,35,3.648,False,1,1,1.3,3.648
6,303,Mahrez,43,3,73,35,4.735,True,2,1,4.4,9.47
7,315,Rodri,43,3,56,35,3.859,False,1,1,1.8,3.859
8,493,Gibbs-White,17,3,55,35,4.313,False,1,1,0.6,4.313
9,66,Solanke,91,4,56,35,4.452,False,1,1,3.9,4.452
10,397,Awoniyi,17,4,56,35,3.846,False,1,1,0.4,3.846
11,2,Leno,54,1,46,35,3.55,False,0,0,3.5,0.0
12,290,Konaté,14,2,48,35,3.477,False,0,0,1.3,0.0
13,610,Akanji,43,2,50,35,3.446,False,0,0,3.6,0.0
14,103,Welbeck,36,4,65,35,3.1830000000000003,False,0,0,1.3,0.0
