,player_id,web_name,team_code,element_type,now_cost,event,points_md,is_captain,multiplier,starting_lineup,selected_by_percent,gw_points
0,425,Lloris,6,1,55,17,3.597,False,1,1,5.0,3.597
1,165,Andersen,31,2,45,17,3.51,False,1,1,3.0,3.51
2,170,Mitchell,31,2,45,17,3.31,False,1,1,1.0,3.31
3,194,Mykolenko,11,2,45,17,3.281,False,1,1,1.0,3.281
4,304,Sterling,8,3,97,17,4.692,False,1,1,4.4,4.692
5,333,Fernandes,1,3,98,17,4.695,False,1,1,2.1,4.695
6,368,Saint-Maximin,4,3,62,17,3.858,False,1,1,3.5,3.858
7,609,Antony,1,3,75,17,4.841,True,2,1,4.5,9.682
8,166,Edouard,31,4,53,17,4.025,False,1,1,2.7,4.025
9,345,Martial,1,4,67,17,4.7810000000000015,False,1,1,1.9,4.7810000000000015
10,617,Aubameyang,8,4,87,17,4.462,False,1,1,1.0,4.462
11,2,Leno,54,1,45,17,3.359,False,0,0,1.6,0.0
12,108,Webster,36,2,45,17,3.2060000000000004,False,0,0,0.9,0.0
13,199,Tarkowski,11,2,44,17,3.235,False,0,0,1.5,0.0
14,3,Xhaka,3,3,51,17,3.6289999999999996,False,0,0,3.7,0.0
