,player_id,web_name,team_code,element_type,now_cost,event,points_md,is_captain,multiplier,starting_lineup,selected_by_percent,gw_points
0,152,Guaita,31,1,45,17,3.805,False,1,1,3.2,3.805
1,16,Gabriel,3,2,52,17,4.53,False,1,1,13.7,4.53
2,146,James,8,2,58,17,4.177,False,1,1,12.4,4.177
3,533,Martínez,1,2,45,17,4.249,False,1,1,7.4,4.249
4,13,Saka,3,3,80,17,5.3839999999999995,False,1,1,17.2,5.3839999999999995
5,19,Martinelli,3,3,68,17,4.78,False,1,1,48.3,4.78
6,104,Groß,36,3,56,17,4.1610000000000005,False,1,1,13.4,4.1610000000000005
7,111,Trossard,36,3,71,17,4.9239999999999995,False,1,1,27.8,4.9239999999999995
8,160,Zaha,31,3,75,17,5.505,False,1,1,18.9,5.505
9,318,Haaland,43,4,122,17,6.683,True,2,1,82.8,13.366
10,427,Kane,6,4,116,17,5.657,False,1,1,27.4,5.657
11,182,Pickford,11,1,45,17,3.884,False,0,0,6.0,0.0
12,112,Cucurella,8,2,51,17,4.809,False,0,0,7.5,0.0
13,329,Varane,1,2,48,17,4.3839999999999995,False,0,0,2.1,0.0
14,345,Martial,1,4,67,17,5.024,False,0,0,2.0,0.0
