,player_id,web_name,team_code,element_type,now_cost,event,points_md,is_captain,multiplier,starting_lineup,selected_by_percent,gw_points
0,376,Foster,57,1,41,35,3.528,False,1,1,19.4,3.528
1,52,Young,7,2,47,35,4.175,False,1,1,0.5,4.175
2,224,Matip,14,2,51,35,4.168,False,1,1,6.4,4.168
3,237,Alexander-Arnold,14,2,84,35,5.331,False,1,1,39.1,5.331
4,588,Emerson Royal,6,2,45,35,4.039,False,1,1,1.5,4.039
5,138,Mount,8,3,77,35,4.802,False,1,1,22.8,4.802
6,233,Salah,14,3,133,35,6.669,True,2,1,58.8,13.338
7,359,Son,6,3,110,35,5.871,False,1,1,26.7,5.871
8,681,Coutinho,7,3,70,35,5.062,False,1,1,11.5,5.062
9,315,Pukki,45,4,60,35,3.7239999999999998,False,1,1,10.4,3.7239999999999998
10,450,Dennis,57,4,58,35,3.6069999999999998,False,1,1,26.9,3.6069999999999998
11,475,Sá,39,1,53,35,3.929,False,0,0,10.1,0.0
12,38,Mings,7,2,50,35,4.3210000000000015,False,0,0,6.1,0.0
13,399,Sarr,57,3,57,35,4.157,False,0,0,2.8,0.0
14,700,Weghorst,90,4,64,35,3.8819999999999997,False,0,0,6.0,0.0
