,player_id,web_name,team_code,element_type,now_cost,points_md,is_captain,multiplier,starting_lineup,selected_by_percent,gw_points
0,200,Schmeichel,13,1,49,5.38075,False,1,1,15.7,5.38075
1,234,Robertson,14,2,73,6.0625,False,1,1,10.9,6.0625
2,237,Alexander-Arnold,14,2,84,6.736250000000001,False,1,1,39.1,6.736250000000001
3,256,Cancelo,43,2,71,5.29775,False,1,1,40.4,5.29775
4,22,Saka,3,3,68,5.899749999999999,False,1,1,30.7,5.899749999999999
5,212,Maddison,13,3,70,5.49425,False,1,1,14.9,5.49425
6,233,Salah,14,3,133,8.296000000000001,True,2,1,58.8,16.592000000000002
7,503,Gordon,11,3,46,5.224749999999999,False,1,1,3.0,5.224749999999999
8,681,Coutinho,7,3,70,5.743500000000001,False,1,1,11.5,5.743500000000001
9,40,Watkins,7,4,74,5.434,False,1,1,8.4,5.434
10,180,Richarlison,11,4,75,5.427499999999999,False,1,1,5.8,5.427499999999999
11,146,Guaita,31,1,46,4.427,False,0,0,6.1,0.0
12,466,Tavares,3,2,43,4.539999999999999,False,0,0,0.5,0.0
13,588,Emerson Royal,6,2,45,4.39325,False,0,0,1.6,0.0
14,159,Mateta,31,4,53,4.08375,False,0,0,3.0,0.0
