,can_transact,can_select,chance_of_playing_next_round,chance_of_playing_this_round,code,cost_change_event,cost_change_event_fall,cost_change_start,cost_change_start_fall,dreamteam_count,element_type,ep_next,ep_this,event_points,first_name,form,id,in_dreamteam,news,news_added,now_cost,photo,points_per_game,removed,second_name,selected_by_percent,special,squad_number,status,team,team_code,total_points,transfers_in,transfers_in_event,transfers_out,transfers_out_event,value_form,value_season,web_name,region,team_join_date,birth_date,has_temporary_code,opta_code,minutes,goals_scored,assists,clean_sheets,goals_conceded,own_goals,penalties_saved,penalties_missed,yellow_cards,red_cards,saves,bonus,bps,influence,creativity,threat,ict_index,clearances_blocks_interceptions,recoveries,tackles,defensive_contribution,starts,expected_goals,expected_assists,expected_goal_involvements,expected_goals_conceded,influence_rank,influence_rank_type,creativity_rank,creativity_rank_type,threat_rank,threat_rank_type,ict_index_rank,ict_index_rank_type,corners_and_indirect_freekicks_order,corners_and_indirect_freekicks_text,direct_freekicks_order,direct_freekicks_text,penalties_order,penalties_text,expected_goals_per_90,saves_per_90,expected_assists_per_90,expected_goal_involvements_per_90,expected_goals_conceded_per_90,goals_conceded_per_90,now_cost_rank,now_cost_rank_type,form_rank,form_rank_type,points_per_game_rank,points_per_game_rank_type,selected_rank,selected_rank_type,starts_per_90,clean_sheets_per_90,defensive_contribution_per_90
0,True,True,,,154561,0,0,0,0,1,1,3.5,3.5,0,David,3.5,1,False,,,55,154561.jpg,6.0,False,Raya Martín,23.4,False,,a,1,3,24,813416,2197,444361,993,0.6,4.4,Raya,200.0,2024-07-04,1995-09-15,False,p154561,360,0,0,3,1,0,0,0,1,0,11,3,102,95.4,10.0,0.0,10.5,1,37,0,0,4,0.00,0.02,0.02,2.41,31,5,260,5,710,85,139,3,,,,,,,0.0,2.75,0.0,0.0,0.6,0.25,138,3,61,7,25,4,15,2,1.0,0.75,0.0
1,True,True,,,109745,0,0,-1,1,0,1,0.0,0.0,0,Kepa,0.0,2,False,,,44,109745.jpg,0.0,False,Arrizabalaga Revuelta,0.6,False,,a,1,3,0,5234,13,39155,42,0.0,0.0,Arrizabalaga,200.0,2025-07-01,1994-10-03,False,p109745,0,0,0,0,0,0,0,0,0,0,0,0,0,0.0,0.0,0.0,0.0,0,0,0,0,0,0.00,0.00,0.00,0.00,510,73,497,58,456,51,514,73,,,,,,,0.0,0.0,0.0,0.0,0.0,0.0,522,33,505,72,518,73,226,31,0.0,0.0,0.0
2,True,False,0.0,0.0,463748,0,0,0,0,0,1,0.0,0.0,0,Karl,0.0,3,False,Has joined Werder Bremen on loan for the rest of the season.,2025-08-26T13:44:02.357864Z,40,463748.jpg,0.0,False,Hein,0.4,False,,u,1,3,0,5545,0,26126,41,0.0,0.0,Hein,67.0,2020-10-28,2002-04-13,False,p463748,0,0,0,0,0,0,0,0,0,0,0,0,0,0.0,0.0,0.0,0.0,0,0,0,0,0,0.00,0.00,0.00,0.00,452,52,439,37,394,30,456,52,,,,,,,0.0,0.0,0.0,0.0,0.0,0.0,659,68,447,51,461,52,270,37,0.0,0.0,0.0
3,True,True,,,551221,0,0,0,0,0,1,0.0,0.0,0,Tommy,0.0,4,False,,,40,551221.jpg,0.0,False,Setford,0.2,False,,a,1,3,0,10149,40,7222,20,0.0,0.0,Setford,241.0,2024-07-24,2006-03-13,False,p551221,0,0,0,0,0,0,0,0,0,0,0,0,0,0.0,0.0,0.0,0.0,0,0,0,0,0,0.00,0.00,0.00,0.00,484,66,471,51,428,44,488,66,,,,,,,0.0,0.0,0.0,0.0,0.0,0.0,699,82,479,65,493,66,348,52,0.0,0.0,0.0
4,True,True,,,226597,0,0,1,-1,0,2,4.2,4.2,0,Gabriel,4.2,5,False,,,61,226597.jpg,5.8,False,dos Santos Magalhães,22.0,False,,a,1,3,23,841345,2441,477151,778,0.7,3.8,Gabriel,30.0,2020-09-01,1997-12-19,False,p226597,360,0,0,3,1,0,0,0,0,0,0,1,89,79.6,6.3,21.0,10.7,23,10,4,27,4,0.26,0.03,0.29,2.41,63,26,281,94,155,33,134,44,,,,,,,0.06,0.0,0.01,0.07,0.6,0.25,84,3,37,14,37,18,18,6,1.0,0.75,6.75
5,True,True,100.0,100.0,462424,0,0,0,0,0,2,1.8,1.8,0,William,1.8,6,False,,2025-09-01T10:30:07.602868Z,60,462424.jpg,5.3,False,Saliba,12.5,False,,a,1,3,16,480900,519,881002,654,0.3,2.7,Saliba,73.0,2019-07-25,2001-03-24,False,p462424,184,0,0,2,0,0,0,0,0,0,0,1,56,52.8,2.2,2.0,5.8,18,7,4,22,3,0.00,0.01,0.01,1.69,122,55,324,115,318,109,240,81,,,,,,,0.0,0.0,0.0,0.0,0.83,0.0,87,4,179,71,43,22,34,12,1.47,0.98,10.76
6,True,True,,,466075,0,0,2,-2,2,2,5.0,5.0,0,Riccardo,5.0,7,True,,,57,466075.jpg,8.2,False,Calafiori,13.9,False,,a,1,3,33,1397324,1709,250887,611,0.9,5.8,Calafiori,106.0,2024-07-29,2002-05-19,False,p466075,291,1,2,3,1,0,0,0,2,0,0,3,96,89.4,38.0,70.0,19.7,10,10,5,15,4,1.43,0.04,1.47,1.66,48,18,98,21,36,2,43,5,,,,,,,0.44,0.0,0.01,0.45,0.51,0.31,125,11,22,8,7,4,29,9,1.24,0.93,4.64
7,True,True,,,445122,0,0,2,-2,1,2,8.5,8.5,0,Jurriën,8.5,8,True,,,57,445122.jpg,8.5,False,Timber,12.6,False,,a,1,3,34,1208758,3974,229302,454,1.5,6.0,J.Timber,152.0,2023-07-14,2001-06-17,False,p445122,262,2,1,2,1,0,0,0,1,0,0,5,109,129.2,54.2,121.0,30.5,12,8,10,22,3,1.20,0.12,1.32,1.55,7,2,68,14,5,1,8,1,,,,,,,0.41,0.0,0.04,0.45,0.53,0.34,124,10,1,1,6,3,33,11,1.03,0.69,7.56
8,True,False,0.0,0.0,440854,0,0,-1,1,0,2,0.0,0.0,0,Jakub,0.0,9,False,has joined Porto on loan for the rest of the season.,2025-09-02T13:37:25.929594Z,54,440854.jpg,0.0,False,Kiwior,0.1,False,,u,1,3,0,1119,0,8809,11,0.0,0.0,Kiwior,172.0,2023-01-23,2000-02-15,False,p440854,0,0,0,0,0,0,0,0,0,0,0,0,0,0.0,0.0,0.0,0.0,0,0,0,0,0,0.00,0.00,0.00,0.00,708,244,708,244,697,240,709,244,,,,,,,0.0,0.0,0.0,0.0,0.0,0.0,196,26,706,244,710,244,527,193,0.0,0.0,0.0
9,True,True,,,499169,0,0,-2,2,0,2,0.5,0.5,0,Myles,0.5,10,False,,,53,499169.jpg,0.7,False,Lewis-Skelly,2.2,False,,a,1,3,2,34469,58,262129,275,0.1,0.4,Lewis-Skelly,241.0,2022-12-04,2006-09-26,False,p499169,66,0,0,0,0,0,0,0,1,0,0,0,9,4.4,5.7,0.0,0.9,1,4,1,2,0,0.00,0.00,0.00,0.76,350,130,289,97,687,238,365,128,,,,,,,0.0,0.0,0.0,0.0,1.04,0.0,229,32,318,110,390,132,121,49,0.0,0.0,2.73
10,True,True,50.0,50.0,198869,0,0,-1,1,0,2,0.0,0.0,0,Benjamin,0.0,11,False,Knock - 50% chance of playing,2025-09-18T04:00:07.778280Z,54,198869.jpg,6.0,False,White,0.5,False,,d,1,3,6,23881,0,71579,142,0.0,1.1,White,241.0,2021-07-30,1997-10-08,False,p198869,70,0,0,1,0,0,0,0,0,0,0,0,23,15.4,11.3,1.0,2.8,6,4,2,8,1,0.01,0.01,0.02,0.87,275,104,245,81,323,111,325,110,,,,,,,0.01,0.0,0.01,0.02,1.12,0.0,181,23,701,242,24,13,246,90,1.29,1.29,10.29
11,True,True,,,563324,0,0,0,0,0,2,0.0,0.0,0,Brayden,0.0,13,False,,,40,563324.jpg,0.0,False,Clarke,0.5,False,,a,1,3,0,17142,57,29349,38,0.0,0.0,Clarke,,,,False,p563324,0,0,0,0,0,0,0,0,0,0,0,0,0,0.0,0.0,0.0,0.0,0,0,0,0,0,0.00,0.00,0.00,0.00,487,195,474,194,431,174,491,195,,,,,,,0.0,0.0,0.0,0.0,0.0,0.0,702,211,482,190,496,194,240,89,0.0,0.0,0.0
12,True,True,,,588793,0,0,-1,1,0,2,0.0,0.0,0,Maldini,0.0,14,False,,,39,588793.jpg,0.0,False,Kacurri,0.2,False,,a,1,3,0,7468,68,9292,16,0.0,0.0,Kacurri,,,,False,p588793,0,0,0,0,0,0,0,0,0,0,0,0,0,0.0,0.0,0.0,0.0,0,0,0,0,0,0.00,0.00,0.00,0.00,404,154,387,151,341,128,408,154,,,,,,,0.0,0.0,0.0,0.0,0.0,0.0,736,241,400,150,414,154,373,135,0.0,0.0,0.0
13,True,True,,,499167,0,0,-1,1,0,2,0.0,0.0,0,Josh,0.0,15,False,,,39,499167.jpg,0.0,False,Nichols,0.2,False,,a,1,3,0,3794,26,8409,12,0.0,0.0,Nichols,241.0,2024-07-24,2006-07-26,False,p499167,0,0,0,0,0,0,0,0,0,0,0,0,0,0.0,0.0,0.0,0.0,0,0,0,0,0,0.00,0.00,0.00,0.00,399,149,382,146,336,123,403,149,,,,,,,0.0,0.0,0.0,0.0,0.0,0.0,731,236,395,145,409,149,388,143,0.0,0.0,0.0
14,True,True,50.0,50.0,223340,0,0,-2,2,0,3,0.8,0.8,0,Bukayo,1.5,16,False,Hamstring injury - 50% chance of playing,2025-08-23T22:30:05.759392Z,98,223340.jpg,4.5,False,Saka,3.5,False,,d,1,3,9,214239,95,1621532,600,0.2,0.9,Saka,241.0,2018-11-28,2001-09-05,False,p223340,142,1,0,1,0,0,0,0,0,0,0,0,34,52.4,46.8,28.0,12.7,0,6,3,9,2,0.26,0.12,0.38,1.69,123,41,82,58,119,72,109,61,1.0,,4.0,,1.0,,0.16,0.0,0.08,0.24,1.07,0.0,5,3,197,93,74,25,94,32,1.27,0.63,5.7
15,True,True,50.0,50.0,184029,0,0,-1,1,0,3,0.4,0.4,0,Martin,0.8,17,False,Shoulder injury - 50% chance of playing,2025-09-13T21:30:07.910212Z,79,184029.jpg,2.0,False,Ødegaard,2.1,False,,d,1,3,8,102219,2,295992,708,0.1,1.0,Ødegaard,161.0,2021-08-20,1998-12-17,False,p184029,164,0,0,1,1,0,0,0,0,0,0,0,27,20.8,32.1,22.0,7.5,6,9,2,17,3,0.14,0.35,0.49,1.94,252,115,109,77,145,85,202,100,3.0,,2.0,,3.0,,0.08,0.0,0.19,0.27,1.06,0.55,17,12,286,142,250,123,124,41,1.65,0.55,9.33
16,True,True,,,248857,0,0,0,0,0,3,2.0,2.0,0,Noni,2.0,18,False,,,70,248857.jpg,2.2,False,Madueke,1.7,False,,a,1,3,9,139321,399,80388,201,0.3,1.3,Madueke,241.0,2025-07-18,2002-03-10,False,p248857,259,0,0,2,1,0,0,0,0,0,0,0,41,29.8,110.0,76.0,21.5,1,8,3,12,3,0.14,0.85,0.99,1.49,214,93,14,12,32,19,31,23,,,,,,,0.05,0.0,0.3,0.35,0.52,0.35,37,23,158,65,220,103,135,46,1.04,0.69,4.17
17,True,True,,,444145,0,0,-1,1,0,3,1.0,1.0,0,Gabriel,1.0,19,False,,,69,444145.jpg,1.7,False,Martinelli Silva,1.0,False,,a,1,3,5,23237,69,81780,89,0.1,0.7,Martinelli,30.0,2019-07-15,2001-06-18,False,p444145,140,0,0,1,0,0,0,0,0,0,0,0,21,9.6,15.0,27.0,5.2,0,6,2,8,2,0.02,0.01,0.03,1.08,314,150,213,130,126,75,255,126,,,,,,,0.01,0.0,0.01,0.02,0.69,0.0,45,29,249,122,267,132,182,59,1.29,0.64,5.14
18,True,True,100.0,100.0,116216,0,0,-1,1,0,3,1.2,1.2,0,Leandro,1.2,20,False,,2025-08-29T18:30:07.885490Z,69,116216.jpg,2.5,False,Trossard,0.3,False,,a,1,3,5,4765,28,19678,25,0.2,0.7,Trossard,21.0,2023-01-20,1994-12-04,False,p116216,48,0,1,0,0,0,0,0,0,0,0,0,16,22.6,32.0,8.0,6.3,0,0,0,0,0,0.07,0.29,0.36,0.10,245,110,111,78,245,138,228,115,,,,,4.0,,0.13,0.0,0.54,0.67,0.19,0.0,43,27,222,109,195,88,321,109,0.0,0.0,0.0
19,True,True,,,204480,0,0,0,0,0,3,2.8,2.8,0,Declan,2.8,21,False,,,65,204480.jpg,4.2,False,Rice,8.5,False,,a,1,3,17,355553,398,354227,927,0.4,2.6,Rice,241.0,2023-07-15,1999-01-14,False,p204480,284,0,2,2,1,0,0,0,0,0,0,0,54,44.4,75.3,15.0,13.5,7,15,1,23,3,0.15,0.68,0.83,1.83,151,55,37,32,197,118,94,56,2.0,,1.0,,,,0.05,0.0,0.22,0.27,0.58,0.32,53,36,98,36,82,30,50,14,0.95,0.63,7.29
20,True,True,,,195384,0,0,-1,1,0,3,1.5,1.5,0,Mikel,1.5,22,False,,,59,195384.jpg,2.3,False,Merino Zazón,0.5,False,,a,1,3,7,33951,176,51766,95,0.3,1.2,Merino,200.0,2024-08-27,1996-06-22,False,p195384,166,0,0,2,0,0,0,0,0,0,0,0,23,19.6,22.6,33.0,7.6,3,10,3,16,2,0.13,0.09,0.22,0.97,260,119,161,106,99,59,198,98,,,,,,,0.07,0.0,0.05,0.12,0.53,0.0,103,70,192,89,204,94,233,81,1.08,1.08,8.67
21,True,False,0.0,0.0,438098,0,0,-1,1,0,3,0.0,0.0,0,Fábio,0.0,23,False,has joined Hamburger on loan for the rest of the season.,2025-09-02T13:38:06.128321Z,54,438098.jpg,0.0,False,Ferreira Vieira,0.0,False,,u,1,3,0,933,0,3582,10,0.0,0.0,Fábio Vieira,173.0,2022-06-21,2000-05-30,False,p438098,0,0,0,0,0,0,0,0,0,0,0,0,0,0.0,0.0,0.0,0.0,0,0,0,0,0,0.00,0.00,0.00,0.00,707,307,707,308,695,305,708,308,,,,,,,0.0,0.0,0.0,0.0,0.0,0.0,194,121,705,305,709,308,634,264,0.0,0.0,0.0
22,True,True,100.0,100.0,128295,0,0,-1,1,0,3,0.0,0.0,0,Christian,0.0,24,False,,2025-08-18T08:00:05.297235Z,54,128295.jpg,0.0,False,Nørgaard,0.2,False,,a,1,3,0,1903,9,47623,31,0.0,0.0,Nørgaard,58.0,2025-07-10,1994-03-10,False,p128295,0,0,0,0,0,0,0,0,0,0,0,0,0,0.0,0.0,0.0,0.0,0,0,0,0,0,0.00,0.00,0.00,0.00,702,304,702,305,689,301,703,305,,,,,,,0.0,0.0,0.0,0.0,0.0,0.0,176,108,699,302,704,305,378,128,0.0,0.0,0.0
23,True,True,,,499175,0,0,-2,2,0,3,1.0,1.0,0,Ethan,1.0,25,False,,,53,499175.jpg,2.0,False,Nwaneri,0.2,False,,a,1,3,4,6388,19,19697,51,0.2,0.8,Nwaneri,241.0,2022-09-17,2007-03-21,False,p499175,124,0,0,1,0,0,0,0,0,0,0,0,11,8.0,20.5,20.0,4.8,1,6,1,8,0,0.17,0.04,0.21,0.20,325,156,178,116,161,97,269,134,4.0,,3.0,,,,0.12,0.0,0.03,0.15,0.15,0.0,230,144,238,117,236,112,372,126,0.0,0.73,5.81
24,True,True,,,481655,0,0,-1,1,1,3,5.0,5.0,0,Martín,5.0,26,False,,,54,481655.jpg,6.2,False,Zubimendi Ibáñez,3.7,False,,a,1,3,25,306802,1745,149033,338,0.9,4.6,Zubimendi,200.0,2025-07-06,1999-02-02,False,p481655,360,2,0,3,1,0,0,0,1,0,0,3,83,92.4,25.9,33.0,15.1,7,16,6,29,4,0.21,0.08,0.29,2.41,44,15,144,97,98,58,75,47,,,,,,,0.05,0.0,0.02,0.07,0.6,0.25,200,125,21,10,23,5,88,28,1.0,0.75,7.25
25,True,False,0.0,0.0,588796,0,0,0,0,0,3,0.0,0.0,0,Ismeal,0.0,28,False,has joined Shrewsbury Town on loan for the rest of the season.,2025-09-02T13:24:41.013511Z,45,588796.jpg,0.0,False,Kabia,0.2,False,,u,1,3,0,6731,0,20828,40,0.0,0.0,Kabia,152.0,2024-09-14,2005-12-10,False,p588796,0,0,0,0,0,0,0,0,0,0,0,0,0,0.0,0.0,0.0,0.0,0,0,0,0,0,0.00,0.00,0.00,0.00,624,250,619,253,590,241,627,253,,,,,,,0.0,0.0,0.0,0.0,0.0,0.0,493,288,623,251,632,258,376,127,0.0,0.0,0.0
26,True,False,0.0,0.0,437742,0,0,0,0,0,3,0.0,0.0,0,Albert,0.0,29,False,has joined Hamburger permanently.,2025-09-02T13:40:53.094922Z,45,437742.jpg,0.0,False,Sambi Lokonga,0.1,False,,u,1,3,0,2952,0,10024,22,0.0,0.0,Sambi,21.0,2021-07-19,1999-10-22,False,p437742,0,0,0,0,0,0,0,0,0,0,0,0,0,0.0,0.0,0.0,0.0,0,0,0,0,0,0.00,0.00,0.00,0.00,578,213,570,216,540,204,582,216,,,,,,,0.0,0.0,0.0,0.0,0.0,0.0,428,248,576,214,585,221,496,170,0.0,0.0,0.0
27,True,True,0.0,0.0,219847,0,0,-2,2,0,4,0.0,0.0,0,Kai,0.0,30,False,Knee injury - Unknown return date,2025-08-20T13:00:06.498911Z,73,219847.jpg,1.0,False,Havertz,0.4,False,,i,1,3,1,8365,5,101701,51,0.0,0.1,Havertz,80.0,2023-06-28,1999-06-11,False,p219847,30,0,0,0,0,0,0,0,0,0,0,0,4,2.8,0.8,2.0,0.6,1,2,0,3,0,0.00,0.01,0.01,0.82,361,32,348,38,320,40,374,39,,,,,,,0.0,0.0,0.03,0.03,2.46,0.0,28,11,735,79,386,44,272,45,0.0,0.0,9.0
28,True,True,0.0,0.0,205651,0,0,0,0,0,4,0.0,0.0,0,Gabriel,0.0,31,False,Knee injury - Expected back 30 Dec,2025-07-21T10:00:04.697564Z,65,205651.jpg,0.0,False,Fernando de Jesus,0.0,False,,i,1,3,0,664,0,2706,7,0.0,0.0,G.Jesus,30.0,2022-07-04,1997-04-03,False,p205651,0,0,0,0,0,0,0,0,0,0,0,0,0,0.0,0.0,0.0,0.0,0,0,0,0,0,0.00,0.00,0.00,0.00,731,76,731,76,731,76,731,76,,,,,,,0.0,0.0,0.0,0.0,0.0,0.0,54,18,729,75,731,76,599,73,0.0,0.0,0.0
29,True,True,,,232413,0,0,0,0,0,3,1.8,1.8,0,Eberechi,1.8,266,False,,,75,232413.jpg,3.3,False,Eze,12.1,False,,a,1,3,10,788914,1070,646105,1111,0.2,1.3,Eze,241.0,2025-08-23,1998-06-29,False,p232413,181,0,1,2,1,0,0,0,0,0,0,0,33,29.4,21.7,39.0,9.1,1,8,1,10,2,0.30,0.47,0.77,1.57,217,94,166,109,86,52,168,85,1.0,,1.0,,1.0,,0.15,0.0,0.23,0.38,0.78,0.5,26,16,182,81,142,56,36,12,0.99,0.99,4.97
30,True,True,,,500040,0,0,-1,1,0,2,2.5,2.5,0,Cristhian,2.5,662,False,,,54,500040.jpg,3.3,False,Mosquera,0.2,False,,a,1,3,10,15933,123,9285,24,0.5,1.9,Mosquera,200.0,2025-07-24,2004-06-27,False,p500040,201,0,0,1,1,0,0,0,0,0,0,1,53,51.4,2.4,4.0,5.8,11,9,8,19,1,0.00,0.04,0.04,0.72,127,57,318,111,288,98,239,80,,,,,,,0.0,0.0,0.02,0.02,0.32,0.45,203,28,107,45,138,57,345,121,0.45,0.45,8.51
31,True,True,,,224117,0,0,0,0,1,4,4.8,4.8,0,Viktor,4.8,666,False,,,90,224117.jpg,5.0,False,Gyökeres,25.6,False,,a,1,3,20,1113847,3807,1062906,2092,0.5,2.2,Gyökeres,206.0,2025-07-26,1998-06-04,False,p224117,306,3,0,2,1,0,0,0,1,0,0,2,82,109.0,44.4,98.0,25.2,5,6,1,12,4,2.12,0.27,2.39,1.49,19,3,84,7,15,8,19,5,,,,,2.0,,0.62,0.0,0.08,0.7,0.44,0.29,7,3,30,3,54,6,12,4,1.18,0.59,3.53
32,True,True,,,616077,0,0,0,0,0,3,1.2,1.2,0,Max,1.2,700,False,,,45,616077.jpg,2.5,False,Dowman,0.4,False,,a,1,3,5,61797,91,22635,74,0.3,1.1,Dowman,241.0,2025-07-22,2009-12-31,False,p616077,27,0,1,0,0,0,0,0,0,0,0,0,13,1.0,0.8,26.0,2.8,0,1,2,3,0,0.14,0.02,0.16,0.12,382,182,346,180,131,76,324,163,,,,,,,0.47,0.0,0.07,0.54,0.4,0.0,506,298,206,96,184,80,261,90,0.0,0.0,10.0
33,True,True,,,646243,0,0,0,0,0,3,0.0,0.0,0,Andre,0.0,711,False,,,45,646243.jpg,0.0,False,Harriman-Annous,0.0,False,,a,1,3,0,603,3,246,2,0.0,0.0,Harriman-Annous,241.0,2025-07-22,2007-12-28,False,p646243,0,0,0,0,0,0,0,0,0,0,0,0,0,0.0,0.0,0.0,0.0,0,0,0,0,0,0.00,0.00,0.00,0.00,638,262,632,264,604,253,641,265,,,,,,,0.0,0.0,0.0,0.0,0.0,0.0,512,302,635,261,643,267,701,304,0.0,0.0,0.0
34,True,True,,,448104,0,0,0,0,0,2,0.0,0.0,0,Piero,0.0,725,False,,,55,448104.jpg,0.0,False,Hincapié,0.0,False,,a,1,3,0,3121,22,1186,3,0.0,0.0,Hincapie,62.0,2025-09-01,2002-01-09,False,p448104,0,0,0,0,0,0,0,0,0,0,0,0,0,0.0,0.0,0.0,0.0,0,0,0,0,0,0.00,0.00,0.00,0.00,718,245,719,245,717,243,719,245,,,,,,,0.0,0.0,0.0,0.0,0.0,0.0,158,20,717,245,719,245,616,212,0.0,0.0,0.0
35,True,True,100.0,100.0,98980,0,0,0,0,0,1,2.0,2.5,0,Emiliano,2.0,32,False,,2025-07-21T10:00:04.758838Z,50,98980.jpg,4.0,False,Martínez Romero,2.1,False,,a,2,7,8,126770,234,63289,152,0.4,1.6,Martinez,10.0,2020-09-16,1992-09-02,False,p98980,180,0,0,1,1,0,0,0,0,0,3,0,42,33.0,0.0,0.0,3.3,2,13,0,0,2,0.00,0.01,0.01,3.29,202,19,676,81,653,76,308,19,,,,,,,0.0,1.5,0.0,0.0,1.64,0.5,247,10,142,15,91,11,122,16,1.0,0.5,0.0
36,True,True,,,72147,0,0,0,0,0,1,0.0,0.5,0,Marco,0.0,33,False,,,45,72147.jpg,3.5,False,Bizot,0.7,False,,a,2,7,7,71411,31,66014,112,0.0,1.6,M.Bizot,152.0,2025-07-15,1991-03-10,False,p72147,180,0,0,1,3,0,0,0,1,0,4,0,22,25.4,0.0,0.0,2.6,4,19,0,0,2,0.00,0.00,0.00,4.10,231,22,555,66,520,59,328,22,,,,,,,0.0,2.0,0.0,0.0,2.05,1.5,391,21,564,80,118,14,213,30,1.0,0.5,0.0
37,True,False,0.0,0.0,462492,0,0,0,0,0,1,0.0,0.0,0,Joe,0.0,34,False,Has joined Port Vale on loan for the rest of the season.,2025-08-12T07:40:37.843391Z,40,462492.jpg,0.0,False,Gauci,0.2,False,,u,2,7,0,0,0,9776,6,0.0,0.0,Gauci,13.0,2024-02-01,2000-07-04,False,p462492,0,0,0,0,0,0,0,0,0,0,0,0,0,0.0,0.0,0.0,0.0,0,0,0,0,0,0.00,0.00,0.00,0.00,451,51,438,36,393,29,455,51,,,,,,,0.0,0.0,0.0,0.0,0.0,0.0,658,67,446,50,460,51,396,59,0.0,0.0,0.0
38,True,False,0.0,0.0,462381,0,0,0,0,0,1,0.0,0.0,0,Filip,0.0,35,False,Has joined Stevenage permanently.,2025-07-30T14:08:21.698398Z,40,462381.jpg,0.0,False,Marschall,0.0,False,,u,2,7,0,0,0,750,1,0.0,0.0,Marschall,241.0,2021-12-13,2003-04-24,False,p462381,0,0,0,0,0,0,0,0,0,0,0,0,0,0.0,0.0,0.0,0.0,0,0,0,0,0,0.00,0.00,0.00,0.00,450,50,437,35,392,28,454,50,,,,,,,0.0,0.0,0.0,0.0,0.0,0.0,657,66,445,49,459,50,676,81,0.0,0.0,0.0
39,True,True,,,199796,0,0,0,0,0,2,1.8,2.3,0,Matty,1.8,36,False,,,45,199796.jpg,3.8,False,Cash,5.0,False,,a,2,7,15,472461,295,223174,225,0.4,3.3,Cash,172.0,2020-09-03,1997-08-07,False,p199796,343,0,0,2,3,0,0,0,2,0,0,0,55,77.4,65.4,9.0,15.3,16,8,8,24,4,0.01,0.48,0.49,6.49,71,31,54,10,225,65,72,16,,,,,,,0.0,0.0,0.13,0.13,1.7,0.79,408,82,163,67,103,43,72,29,1.05,0.52,6.3
40,True,True,,,101188,0,0,0,0,0,2,2.0,2.5,0,Lucas,2.0,37,False,,,45,101188.jpg,3.5,False,Digne,2.0,False,,a,2,7,14,92281,85,78067,87,0.4,3.1,Digne,73.0,2022-01-13,1993-07-20,False,p101188,250,0,0,2,1,0,0,0,1,0,0,0,51,25.8,21.7,15.0,6.2,9,11,4,13,3,0.08,0.18,0.26,5.00,230,90,165,43,192,45,229,74,7.0,,2.0,,,,0.03,0.0,0.06,0.09,1.8,0.36,393,72,133,58,119,49,128,50,1.08,0.72,4.68
41,True,True,100.0,100.0,199798,0,0,0,0,0,2,1.8,2.3,0,Ezri,1.8,38,False,,2025-08-16T19:30:05.327199Z,45,199798.jpg,3.3,False,Konsa Ngoyo,12.7,False,,a,2,7,10,149077,374,935722,629,0.4,2.2,Konsa,241.0,2019-07-11,1997-10-23,False,p199798,245,0,0,2,3,0,0,0,0,1,0,0,46,35.6,16.4,4.0,5.6,11,8,1,12,3,0.00,0.05,0.05,5.86,191,75,202,60,277,91,244,83,,,,,,,0.0,0.0,0.02,0.02,2.15,1.1,409,83,164,68,135,55,32,10,1.1,0.73,4.41
42,True,True,,,441302,0,0,-1,1,0,2,0.5,1.0,0,Ian,0.5,39,False,,,44,441302.jpg,1.0,False,Maatsen,0.6,False,,a,2,7,2,12611,31,44792,59,0.1,0.5,Maatsen,152.0,2024-06-28,2002-03-10,False,p441302,109,0,0,0,3,0,0,0,0,0,0,0,16,29.6,53.5,7.0,9.0,9,7,1,10,1,0.11,0.18,0.29,2.40,215,83,69,15,246,74,169,57,,,,,,,0.09,0.0,0.15,0.24,1.98,2.48,551,142,294,98,315,113,230,83,0.83,0.0,8.26
43,True,True,,,149484,0,0,0,0,0,2,3.0,3.5,0,Tyrone,3.0,40,False,,,45,149484.jpg,4.5,False,Mings,1.5,False,,a,2,7,18,102114,230,48420,71,0.7,4.0,Mings,241.0,2019-07-08,1993-03-13,False,p149484,360,0,0,2,4,0,0,0,0,0,0,1,68,81.0,19.4,23.0,12.4,25,13,2,27,4,0.33,0.06,0.39,7.39,60,23,183,50,139,28,113,34,,,,,,,0.08,0.0,0.02,0.1,1.85,1.0,399,76,78,34,67,32,148,56,1.0,0.5,6.75
44,True,True,,,244954,0,0,-1,1,0,2,0.8,1.3,0,Pau,0.8,41,False,,,44,244954.jpg,1.5,False,Torres,0.4,False,,a,2,7,3,8504,23,23870,39,0.2,0.7,Pau,200.0,2023-07-12,1997-01-16,False,p244954,106,0,0,0,2,0,0,0,0,0,0,0,7,20.4,6.3,9.0,3.6,1,9,3,4,1,0.07,0.13,0.20,2.11,253,97,279,93,224,64,296,99,,,,,,,0.06,0.0,0.11,0.17,1.79,1.7,546,140,254,86,271,92,283,103,0.85,0.0,3.4
45,True,True,0.0,0.0,606798,0,0,-1,1,0,2,0.0,0.0,0,Andrés,0.0,42,False,Knock - Unknown return date,2025-08-10T22:00:04.418109Z,39,606798.jpg,0.0,False,García,0.2,False,,i,2,7,0,5974,9,14953,21,0.0,0.0,A.García,200.0,2025-01-21,2003-02-07,False,p606798,0,0,0,0,0,0,0,0,0,0,0,0,0,0.0,0.0,0.0,0.0,0,0,0,0,0,0.00,0.00,0.00,0.00,405,155,389,153,343,130,409,155,,,,,,,0.0,0.0,0.0,0.0,0.0,0.0,738,243,401,151,415,155,360,128,0.0,0.0,0.0
46,True,False,0.0,0.0,106468,0,0,0,0,0,2,0.0,0.0,0,Álex,0.0,43,False,Has joined Girona permanently.,2025-08-26T13:45:03.013808Z,40,106468.jpg,0.0,False,Moreno Lopera,4.1,False,,u,2,7,0,44476,0,602194,709,0.0,0.0,Alex Moreno,200.0,2023-01-11,1993-06-08,False,p106468,0,0,0,0,0,0,0,0,0,0,0,0,0,0.0,0.0,0.0,0.0,0,0,0,0,0,0.00,0.00,0.00,0.00,417,159,403,157,358,135,421,159,,,,,,,0.0,0.0,0.0,0.0,0.0,0.0,617,160,413,155,427,159,84,34,0.0,0.0,0.0
47,True,True,,,515597,0,0,0,0,0,2,2.5,3.0,0,Lamare,2.5,44,False,,,40,515597.jpg,3.3,False,Bogarde,0.5,False,,a,2,7,10,33017,184,14711,23,0.6,2.5,Bogarde,152.0,2021-01-07,2004-01-05,False,p515597,104,0,0,1,0,0,0,0,1,0,0,3,35,13.2,6.0,2.0,2.0,4,3,3,7,1,0.00,0.05,0.05,2.09,292,110,287,95,297,102,336,115,,,,,,,0.0,0.0,0.04,0.04,1.81,0.0,684,196,102,44,134,54,236,86,0.87,0.87,6.06
48,True,True,,,514315,0,0,0,0,0,2,0.0,0.5,0,Lino,0.0,45,False,,,40,514315.jpg,0.0,False,da Cruz Sousa,0.3,False,,a,2,7,0,8424,24,13183,21,0.0,0.0,Sousa,,,,False,p514315,0,0,0,0,0,0,0,0,0,0,0,0,0,0.0,0.0,0.0,0.0,0,0,0,0,0,0.00,0.00,0.00,0.00,470,181,457,180,413,159,474,181,,,,,,,0.0,0.0,0.0,0.0,0.0,0.0,682,194,465,176,479,180,293,108,0.0,0.0,0.0
49,True,True,,,587178,0,0,0,0,0,2,0.0,0.5,0,Yasin,0.0,46,False,,,40,587178.jpg,0.0,False,Özcan,0.2,False,,a,2,7,0,4362,9,8957,19,0.0,0.0,Yasin,219.0,2025-06-01,2006-04-20,False,p587178,0,0,0,0,0,0,0,0,0,0,0,0,0,0.0,0.0,0.0,0.0,0,0,0,0,0,0.00,0.00,0.00,0.00,495,200,482,199,439,179,499,200,,,,,,,0.0,0.0,0.0,0.0,0.0,0.0,711,217,490,195,503,198,353,124,0.0,0.0,0.0
50,True,True,100.0,100.0,244850,0,0,0,0,0,3,1.8,2.3,0,Morgan,1.8,47,False,,2025-08-10T22:00:04.458365Z,70,244850.jpg,2.5,False,Rogers,7.8,False,,a,2,7,10,387379,291,581569,1544,0.3,1.4,Rogers,241.0,2024-02-01,2002-07-26,False,p244850,360,0,0,2,4,0,0,0,0,0,0,0,23,27.4,50.3,49.0,12.6,5,14,2,21,4,0.22,0.23,0.45,7.39,224,96,74,52,63,39,112,62,,,,,,,0.06,0.0,0.06,0.12,1.85,1.0,34,21,181,80,196,89,55,17,1.0,0.5,5.25
51,True,True,0.0,0.0,166989,0,0,-1,1,0,3,0.0,0.0,0,Youri,1.2,48,False,Calf injury - Expected back 28 Sep,2025-09-14T22:00:07.795199Z,59,166989.jpg,2.0,False,Tielemans,1.2,False,,i,2,7,8,46330,3,167508,749,0.2,1.4,Tielemans,21.0,2023-06-14,1997-05-07,False,p166989,315,0,0,1,4,0,0,0,0,0,0,0,46,34.2,74.2,29.0,13.8,4,12,5,21,4,0.13,0.37,0.50,6.48,197,83,39,34,115,70,85,52,3.0,,,,4.0,,0.04,0.0,0.11,0.15,1.85,1.14,99,66,219,106,245,119,170,56,1.14,0.29,6.0
52,True,False,0.0,0.0,215711,0,0,0,0,0,3,0.0,0.0,0,Leon,0.0,49,False,Has joined AS Roma on loan for the rest of the season.,2025-08-20T13:31:56.843157Z,55,215711.jpg,0.0,False,Bailey,0.1,False,,u,2,7,0,2168,0,44107,19,0.0,0.0,Bailey,107.0,2021-08-04,1997-08-09,False,p215711,0,0,0,0,0,0,0,0,0,0,0,0,0,0.0,0.0,0.0,0.0,0,0,0,0,0,0.00,0.00,0.00,0.00,716,313,717,314,714,314,717,314,8.0,,4.0,,,,0.0,0.0,0.0,0.0,0.0,0.0,147,91,715,313,717,314,464,154,0.0,0.0,0.0
53,True,True,,,195546,0,0,-2,2,0,3,1.0,1.5,0,Emiliano,1.0,50,False,,,53,195546.jpg,1.3,False,Buendía Stati,0.1,False,,a,2,7,4,3430,9,13189,12,0.2,0.8,Buendía,10.0,2021-06-10,1996-12-25,False,p195546,173,0,0,1,2,0,0,0,1,0,0,0,14,20.8,59.5,34.0,11.5,4,8,6,18,1,0.37,0.38,0.75,2.76,251,114,60,46,95,57,127,69,,,,,,,0.19,0.0,0.2,0.39,1.44,1.04,219,138,235,114,286,139,494,168,0.52,0.52,9.36
54,True,True,,,469247,0,0,0,0,0,3,0.0,0.5,0,Samuel,0.0,51,False,,,55,469247.jpg,0.0,False,Iling-Junior,0.0,False,,a,2,7,0,1270,8,2105,5,0.0,0.0,Iling Jr,241.0,2024-07-01,2003-10-04,False,p469247,0,0,0,0,0,0,0,0,0,0,0,0,0,0.0,0.0,0.0,0.0,0,0,0,0,0,0.00,0.00,0.00,0.00,719,315,720,316,718,316,720,316,,,,,,,0.0,0.0,0.0,0.0,0.0,0.0,160,99,718,315,720,316,617,253,0.0,0.0,0.0
55,True,True,,,204646,0,0,-3,3,0,3,1.0,1.5,0,Donyell,1.0,53,False,,,52,204646.jpg,1.2,False,Malen,0.7,False,,a,2,7,5,19177,51,144443,105,0.2,1.0,Malen,152.0,2025-01-14,1999-01-19,False,p204646,121,0,0,0,3,0,0,0,0,0,0,0,10,4.4,9.3,24.0,3.5,0,4,0,4,1,0.21,0.04,0.25,2.98,349,169,264,148,137,80,302,155,,,,,,,0.16,0.0,0.03,0.19,2.22,2.23,233,147,234,113,294,145,203,70,0.74,0.0,2.98
56,True,True,,,122806,0,0,0,0,0,3,1.8,2.3,0,John,1.8,54,False,,,55,122806.jpg,2.5,False,McGinn,0.6,False,,a,2,7,10,26755,48,39759,100,0.3,1.8,McGinn,243.0,2018-08-08,1994-10-18,False,p122806,319,0,0,2,3,0,0,0,0,0,0,0,54,41.0,77.7,21.0,14.0,6,17,2,25,4,0.05,0.36,0.41,6.29,162,60,33,28,152,91,84,51,6.0,,6.0,,,,0.01,0.0,0.1,0.11,1.77,0.85,136,86,174,75,189,85,222,76,1.13,0.56,7.05
57,True,True,0.0,0.0,88894,0,0,-1,1,0,3,0.0,0.0,0,Ross,0.0,55,False,Personal Reasons - Unknown return date,2025-08-10T22:00:04.469618Z,49,88894.jpg,0.0,False,Barkley,0.0,False,,i,2,7,0,262,0,6354,7,0.0,0.0,Barkley,241.0,2024-07-01,1993-12-05,False,p88894,0,0,0,0,0,0,0,0,0,0,0,0,0,0.0,0.0,0.0,0.0,0,0,0,0,0,0.00,0.00,0.00,0.00,645,265,638,266,611,256,647,267,,,,,,,0.0,0.0,0.0,0.0,0.0,0.0,310,191,642,263,649,268,597,238,0.0,0.0,0.0
58,True,False,0.0,0.0,491287,0,0,0,0,0,3,0.0,0.0,0,Enzo,0.0,56,False,Season-long loan to Benfica,2025-07-22T13:50:13.193555Z,50,491287.jpg,0.0,False,Barrenechea,0.0,False,,u,2,7,0,0,0,26,0,0.0,0.0,Barrenechea,,,,False,p491287,0,0,0,0,0,0,0,0,0,0,0,0,0,0.0,0.0,0.0,0.0,0,0,0,0,0,0.00,0.00,0.00,0.00,689,297,689,298,670,291,690,298,,,,,,,0.0,0.0,0.0,0.0,0.0,0.0,289,176,686,295,691,298,740,328,0.0,0.0,0.0
59,True,False,0.0,0.0,461421,0,0,0,0,0,3,0.0,0.0,0,Lewis,0.0,57,False,Has joined Preston North End on loan for the rest of the season.,2025-08-26T13:44:19.058961Z,50,461421.jpg,0.0,False,Dobbin,0.0,False,,u,2,7,0,889,0,4423,5,0.0,0.0,Dobbin,241.0,2024-06-23,2003-01-03,False,p461421,0,0,0,0,0,0,0,0,0,0,0,0,0,0.0,0.0,0.0,0.0,0,0,0,0,0,0.00,0.00,0.00,0.00,683,293,683,294,664,287,684,294,,,,,,,0.0,0.0,0.0,0.0,0.0,0.0,279,169,680,291,685,294,608,247,0.0,0.0,0.0
60,True,True,100.0,100.0,226944,0,0,-1,1,0,3,0.2,0.7,0,Boubacar,0.2,58,False,,2025-08-23T22:30:05.846310Z,49,226944.jpg,1.5,False,Kamara,0.1,False,,a,2,7,3,4382,25,16748,11,0.0,0.6,Kamara,73.0,2022-06-11,1999-11-23,False,p226944,105,0,0,1,1,0,0,0,1,0,0,0,18,15.4,3.0,19.0,3.7,3,6,3,12,2,0.05,0.03,0.08,2.26,274,128,312,168,169,101,293,150,,,,,,,0.04,0.0,0.03,0.07,1.94,0.86,337,209,361,173,274,134,467,156,1.71,0.86,10.29
61,True,True,0.0,0.0,449871,0,0,-1,1,0,3,0.0,0.0,0,Amadou,0.2,59,False,Hamstring injury - Unknown return date,2025-08-29T18:30:08.037987Z,49,449871.jpg,3.0,False,Onana,0.8,False,,i,2,7,6,58724,2,157414,311,0.0,1.2,Onana,21.0,2024-07-22,2001-08-16,False,p449871,153,0,0,1,1,0,0,0,1,0,0,0,29,34.0,6.2,16.0,5.6,9,10,4,23,2,0.23,0.05,0.28,2.54,198,84,283,155,188,112,245,121,,,,,,,0.14,0.0,0.03,0.17,1.49,0.59,350,219,364,175,155,59,191,65,1.18,0.59,13.53
62,True,True,,,577731,0,0,0,0,0,3,0.0,0.5,0,Ben,0.0,60,False,,,45,577731.jpg,0.0,False,Broggio,0.3,False,,a,2,7,0,14845,69,17563,45,0.0,0.0,Broggio,,,,False,p577731,0,0,0,0,0,0,0,0,0,0,0,0,0,0.0,0.0,0.0,0.0,0,0,0,0,0,0.00,0.00,0.00,0.00,622,248,617,251,588,239,625,251,,,,,,,0.0,0.0,0.0,0.0,0.0,0.0,491,286,621,249,630,256,296,99,0.0,0.0,0.0
63,True,False,0.0,0.0,151589,0,0,0,0,0,3,0.0,0.0,0,Leander,0.0,61,False,Has joined Real Oviedo permanently.,2025-08-20T13:31:56.822248Z,45,151589.jpg,0.0,False,Dendoncker,0.1,False,,u,2,7,0,2169,0,25494,19,0.0,0.0,Dendoncker,21.0,2022-09-01,1995-04-15,False,p151589,0,0,0,0,0,0,0,0,0,0,0,0,0,0.0,0.0,0.0,0.0,0,0,0,0,0,0.00,0.00,0.00,0.00,568,208,557,211,524,198,572,211,,,,,,,0.0,0.0,0.0,0.0,0.0,0.0,400,242,565,208,575,216,412,139,0.0,0.0,0.0
64,True,True,,,559962,0,0,0,0,0,3,0.0,0.5,0,Jamaldeen,0.0,62,False,,,45,559962.jpg,0.0,False,Jimoh-Aloba,0.1,False,,a,2,7,0,2296,17,3033,4,0.0,0.0,Jimoh-Aloba,241.0,2024-09-23,2006-10-02,False,p559962,0,0,0,0,0,0,0,0,0,0,0,0,0,0.0,0.0,0.0,0.0,0,0,0,0,0,0.00,0.00,0.00,0.00,610,242,605,245,577,233,614,245,,,,,,,0.0,0.0,0.0,0.0,0.0,0.0,478,279,610,243,619,250,559,208,0.0,0.0,0.0
65,True,True,,,537403,0,0,0,0,0,3,0.0,0.5,0,Kadan,0.0,63,False,,,45,537403.jpg,0.0,False,Young,0.6,False,,a,2,7,0,20925,58,37944,60,0.0,0.0,Young,,,,False,p537403,0,0,0,0,0,0,0,0,0,0,0,0,0,0.0,0.0,0.0,0.0,0,0,0,0,0,0.00,0.00,0.00,0.00,603,236,598,239,569,227,607,239,,,,,,,0.0,0.0,0.0,0.0,0.0,0.0,469,273,602,237,611,244,229,80,0.0,0.0,0.0
66,True,True,,,178301,0,0,-2,2,0,4,1.5,2.0,0,Ollie,1.5,64,False,,,88,178301.jpg,2.0,False,Watkins,14.3,False,,a,2,7,8,352557,378,1622414,3648,0.2,0.9,Watkins,241.0,2020-09-09,1995-12-30,False,p178301,352,0,0,2,4,0,0,0,0,0,0,0,28,18.2,55.4,94.0,16.8,2,8,2,12,4,1.13,0.17,1.30,6.91,266,20,66,5,17,9,60,11,,,,,3.0,,0.29,0.0,0.04,0.33,1.77,1.02,8,4,196,16,251,22,26,6,1.02,0.51,3.07
67,True,False,0.0,0.0,576756,0,0,0,0,0,4,0.0,0.0,0,Zépiqueno,0.0,65,False,has joined Huddersfield Town on loan for the rest of the season.,2025-09-02T13:26:36.441136Z,45,576756.jpg,0.0,False,Redmond,0.5,False,,u,2,7,0,17574,0,58458,127,0.0,0.0,Redmond,,,,False,p576756,0,0,0,0,0,0,0,0,0,0,0,0,0,0.0,0.0,0.0,0.0,0,0,0,0,0,0.00,0.00,0.00,0.00,620,60,615,60,586,57,623,60,,,,,,,0.0,0.0,0.0,0.0,0.0,0.0,488,63,619,60,628,61,232,37,0.0,0.0,0.0
68,True,True,,,444884,0,0,-1,1,0,3,0.5,1.0,0,Harvey,0.5,389,False,,,54,444884.jpg,1.0,False,Elliott,0.6,False,,a,2,7,2,76400,152,29266,79,0.1,0.4,Elliott,241.0,2025-09-01,2003-04-04,False,p444884,20,0,0,0,0,0,0,0,0,0,0,0,6,1.6,2.8,0.0,0.4,1,1,0,2,0,0.00,0.00,0.00,0.55,376,180,315,170,698,306,377,182,,,,,,,0.0,0.0,0.0,0.0,2.48,0.0,197,122,322,157,362,174,225,77,0.0,0.0,9.0
69,True,True,,,209243,0,0,-1,1,0,3,0.0,0.5,0,Jadon,0.0,456,False,,,59,209243.jpg,0.0,False,Sancho,0.2,False,,a,2,7,0,20331,59,14551,32,0.0,0.0,Sancho,241.0,2025-09-01,2000-03-25,False,p209243,0,0,0,0,0,0,0,0,0,0,0,0,0,0.0,0.0,0.0,0.0,0,0,0,0,0,0.00,0.00,0.00,0.00,725,320,725,320,725,320,725,320,,,,,,,0.0,0.0,0.0,0.0,0.0,0.0,104,71,723,319,725,320,336,115,0.0,0.0,0.0
70,True,True,,,485337,0,0,-1,1,0,3,0.8,1.3,0,Evann,0.8,677,False,,,64,485337.jpg,1.0,False,Guessand,0.0,False,,a,2,7,3,1825,5,5578,7,0.1,0.5,Guessand,54.0,2025-08-08,2001-07-01,False,p485337,105,0,0,0,1,0,0,0,0,0,0,0,6,12.8,4.0,19.0,3.5,0,5,6,11,1,0.07,0.01,0.08,2.74,295,139,303,165,171,102,303,156,,,,,,,0.06,0.0,0.01,0.07,2.35,0.86,71,50,283,139,381,186,593,234,0.86,0.0,9.43
71,True,True,,,481283,0,0,0,0,0,1,0.0,0.5,0,James,0.0,688,False,,,40,481283.jpg,0.0,False,Wright,0.5,False,,a,2,7,0,21570,24,12124,24,0.0,0.0,Wright,241.0,2023-03-31,2004-12-02,False,p481283,0,0,0,0,0,0,0,0,0,0,0,0,0,0.0,0.0,0.0,0.0,0,0,0,0,0,0.00,0.00,0.00,0.00,457,56,444,41,400,34,461,56,,,,,,,0.0,0.0,0.0,0.0,0.0,0.0,668,72,452,55,466,56,235,32,0.0,0.0,0.0
72,True,True,,,569577,0,0,0,0,0,2,0.0,0.5,0,Triston,0.0,701,False,,,40,569577.jpg,0.0,False,Rowe,0.1,False,,a,2,7,0,8742,10,3587,11,0.0,0.0,Rowe,241.0,2024-09-23,2006-10-02,False,p569577,0,0,0,0,0,0,0,0,0,0,0,0,0,0.0,0.0,0.0,0.0,0,0,0,0,0,0.00,0.00,0.00,0.00,491,197,478,196,435,176,495,197,,,,,,,0.0,0.0,0.0,0.0,0.0,0.0,706,213,486,192,500,196,443,167,0.0,0.0,0.0
73,True,True,,,645618,0,0,0,0,0,3,0.2,0.7,0,Bradley,0.2,702,False,,,45,645618.jpg,1.0,False,Burrowes,0.1,False,,a,2,7,1,5519,15,2826,11,0.0,0.2,Burrowes,241.0,2025-01-09,2008-03-04,False,p645618,16,0,0,0,1,0,0,0,0,0,0,0,3,0.0,0.3,0.0,0.0,0,1,0,1,0,0.00,0.00,0.00,0.90,637,261,357,184,603,252,640,264,,,,,,,0.0,0.0,0.0,0.0,5.06,5.62,511,301,354,168,331,153,514,180,0.0,0.0,5.62
74,True,True,,,564505,0,0,0,0,0,1,0.0,0.5,0,Sam,0.0,703,False,,,40,564505.jpg,0.0,False,Proctor,0.3,False,,a,2,7,0,16171,28,4615,17,0.0,0.0,Proctor,241.0,2023-12-16,2006-12-21,False,p564505,0,0,0,0,0,0,0,0,0,0,0,0,0,0.0,0.0,0.0,0.0,0,0,0,0,0,0.00,0.00,0.00,0.00,488,67,475,52,432,45,492,67,,,,,,,0.0,0.0,0.0,0.0,0.0,0.0,703,83,483,66,497,67,325,48,0.0,0.0,0.0
75,True,True,,,534836,0,0,0,0,0,2,0.0,0.5,0,Travis,0.0,710,False,,,40,534836.jpg,0.0,False,Patterson,0.1,False,,a,2,7,0,6471,2,1960,13,0.0,0.0,Patterson,241.0,2025-08-30,2005-10-06,False,p534836,0,0,0,0,0,0,0,0,0,0,0,0,0,0.0,0.0,0.0,0.0,0,0,0,0,0,0.00,0.00,0.00,0.00,476,187,463,186,420,166,480,187,,,,,,,0.0,0.0,0.0,0.0,0.0,0.0,691,203,471,182,485,186,509,188,0.0,0.0,0.0
76,True,True,75.0,75.0,184667,0,0,0,0,0,2,0.4,0.8,0,Victor,0.5,719,False,Knock - 75% chance of playing,2025-09-18T04:00:08.433120Z,45,184667.jpg,1.0,False,Lindelöf,0.0,False,,d,2,7,1,1866,2,613,12,0.1,0.2,Lindelöf,206.0,2025-09-01,1994-07-17,False,p184667,7,0,0,0,0,0,0,0,0,0,0,0,3,0.4,0.3,0.0,0.1,0,0,0,0,0,0.00,0.00,0.00,0.48,386,137,356,130,527,212,387,136,,,,,,,0.0,0.0,0.0,0.0,6.17,0.0,406,80,301,103,324,119,653,219,0.0,0.0,0.0
77,True,True,,,518030,0,0,-1,1,0,1,-1.0,-0.5,0,Max,0.0,183,False,,,44,518030.jpg,0.0,False,Weiß,0.1,False,,a,3,90,0,2215,3,7331,8,0.0,0.0,Weiss,80.0,2025-06-25,2004-06-15,False,p518030,0,0,0,0,0,0,0,0,0,0,0,0,0,0.0,0.0,0.0,0.0,0,0,0,0,0,0.00,0.00,0.00,0.00,540,78,527,63,492,56,544,78,,,,,,,0.0,0.0,0.0,0.0,0.0,0.0,575,38,537,77,548,78,429,62,0.0,0.0,0.0
78,True,False,0.0,0.0,489571,0,0,0,0,0,1,0.0,0.0,0,Etienne,0.0,184,False,has joined FC Fredericia permanently.,2025-09-02T12:51:25.510909Z,40,489571.jpg,0.0,False,Green,0.3,False,,u,3,90,0,4943,0,16191,38,0.0,0.0,Green,241.0,2024-08-07,2000-07-19,False,p489571,0,0,0,0,0,0,0,0,0,0,0,0,0,0.0,0.0,0.0,0.0,0,0,0,0,0,0.00,0.00,0.00,0.00,460,59,447,44,403,37,464,59,,,,,,,0.0,0.0,0.0,0.0,0.0,0.0,671,75,455,58,469,59,297,42,0.0,0.0,0.0
79,True,True,,,51943,0,0,0,0,0,1,-1.0,-0.5,0,Václav,0.0,185,False,,,40,51943.jpg,0.0,False,Hladký,0.2,False,,a,3,90,0,3620,8,6067,7,0.0,0.0,Hladký,57.0,2024-07-19,1990-11-14,False,p51943,0,0,0,0,0,0,0,0,0,0,0,0,0,0.0,0.0,0.0,0.0,0,0,0,0,0,0.00,0.00,0.00,0.00,409,26,393,9,347,2,413,26,,,,,,,0.0,0.0,0.0,0.0,0.0,0.0,606,40,405,25,419,26,374,56,0.0,0.0,0.0
80,True,True,25.0,25.0,192290,0,0,-1,1,0,2,-0.2,-0.1,0,Connor,0.0,186,False,Knock - 25% chance of playing,2025-08-22T12:30:06.986449Z,44,192290.jpg,0.0,False,Roberts,0.0,False,,d,3,90,0,576,0,6283,4,0.0,0.0,Roberts,244.0,2021-08-31,1995-09-23,False,p192290,0,0,0,0,0,0,0,0,0,0,0,0,0,0.0,0.0,0.0,0.0,0,0,0,0,0,0.00,0.00,0.00,0.00,515,214,502,213,461,195,519,214,,,,,,,0.0,0.0,0.0,0.0,0.0,0.0,530,127,510,209,523,212,588,209,0.0,0.0,0.0
81,True,True,,,58621,0,0,0,0,0,2,1.0,1.5,0,Kyle,2.0,187,False,,,45,58621.jpg,2.2,False,Walker,1.7,False,,a,3,90,9,51389,142,83797,143,0.4,2.0,Walker,241.0,2025-07-05,1990-05-28,False,p58621,360,0,0,1,7,0,0,0,1,0,0,0,28,47.6,8.1,1.0,5.7,18,14,5,23,4,0.01,0.14,0.15,9.17,137,62,269,89,321,110,241,82,,,,,,,0.0,0.0,0.04,0.04,2.29,1.75,389,70,131,56,206,77,136,53,1.0,0.25,5.75
82,True,True,,,247245,0,0,0,0,0,2,-1.0,-0.5,0,Hannes,0.0,188,False,,,40,247245.jpg,0.0,False,Delcroix,0.2,False,,a,3,90,0,4066,7,12966,20,0.0,0.0,Delcroix,21.0,2023-08-22,1999-02-28,False,p247245,0,0,0,0,0,0,0,0,0,0,0,0,0,0.0,0.0,0.0,0.0,0,0,0,0,0,0.00,0.00,0.00,0.00,438,167,425,166,380,144,442,167,,,,,,,0.0,0.0,0.0,0.0,0.0,0.0,643,173,433,162,447,166,330,116,0.0,0.0,0.0
83,True,False,0.0,0.0,461567,0,0,0,0,0,2,0.0,0.0,0,Owen,0.0,189,False,Has joined Stockport County on loan for the rest of the season.,2025-08-11T01:08:30.737822Z,40,461567.jpg,0.0,False,Dodgson,0.0,False,,u,3,90,0,0,0,1784,1,0.0,0.0,Dodgson,241.0,2021-08-20,2003-03-19,False,p461567,0,0,0,0,0,0,0,0,0,0,0,0,0,0.0,0.0,0.0,0.0,0,0,0,0,0,0.00,0.00,0.00,0.00,449,174,436,173,391,151,453,174,,,,,,,0.0,0.0,0.0,0.0,0.0,0.0,656,182,444,169,458,173,658,221,0.0,0.0,0.0
84,True,True,,,478969,0,0,0,0,0,2,3.0,3.5,0,Hjalmar,4.0,190,False,,,40,478969.jpg,4.2,False,Ekdal,1.5,False,,a,3,90,17,176994,365,44987,82,1.0,4.2,Ekdal,206.0,2023-01-21,1998-10-21,False,p478969,352,0,0,1,6,0,0,0,0,0,0,1,48,93.8,15.4,18.0,12.7,38,10,5,43,4,0.01,0.01,0.02,8.11,40,13,209,65,173,38,107,31,,,,,,,0.0,0.0,0.0,0.0,2.07,1.53,667,187,39,15,80,37,149,57,1.02,0.26,10.99
85,True,True,,,477717,0,0,0,0,0,2,1.8,2.3,0,Maxime,2.8,191,False,,,40,477717.jpg,3.0,False,Estève,16.4,False,,a,3,90,12,309097,440,517976,1177,0.7,3.0,Estève,73.0,2024-06-14,2002-05-26,False,p477717,352,0,0,1,7,0,0,0,0,0,0,0,37,93.6,1.9,19.0,11.5,36,4,2,38,4,0.05,0.01,0.06,9.06,41,14,327,116,167,36,125,40,,,,,,,0.01,0.0,0.0,0.01,2.32,1.79,666,186,91,39,151,64,24,7,1.02,0.26,9.72
86,True,True,,,494960,0,0,0,0,0,2,1.8,2.3,0,Quilindschy,2.8,192,False,,,40,494960.jpg,3.0,False,Hartman,0.5,False,,a,3,90,12,25192,43,23414,43,0.7,3.0,Hartman,152.0,2025-06-26,2001-11-14,False,p494960,360,0,0,1,7,0,0,0,0,0,0,0,40,78.2,31.0,11.0,12.0,30,10,10,40,4,0.09,0.09,0.18,9.17,69,29,115,27,217,59,118,36,2.0,,,,,,0.02,0.0,0.02,0.04,2.29,1.75,676,191,92,40,152,65,234,85,1.0,0.25,10.0
87,True,True,100.0,100.0,461188,0,0,0,0,0,2,-1.0,-0.5,0,Bashir,0.0,193,False,,2025-08-10T22:00:04.557380Z,40,461188.jpg,0.0,False,Humphreys,0.1,False,,a,3,90,0,1126,7,2518,1,0.0,0.0,Humphreys,241.0,2025-07-01,2003-03-15,False,p461188,0,0,0,0,0,0,0,0,0,0,0,0,0,0.0,0.0,0.0,0.0,0,0,0,0,0,0.00,0.00,0.00,0.00,446,172,433,171,388,149,450,172,,,,,,,0.0,0.0,0.0,0.0,0.0,0.0,653,180,441,167,455,171,565,205,0.0,0.0,0.0
88,True,True,25.0,25.0,241231,0,0,0,0,0,2,-0.2,-0.1,0,Jordan,0.0,194,False,Hamstring injury - 25% chance of playing,2025-08-22T12:30:07.019474Z,40,241231.jpg,0.0,False,Beyer,0.1,False,,d,3,90,0,753,0,10026,6,0.0,0.0,Jordan,80.0,2023-07-01,2000-05-19,False,p241231,0,0,0,0,0,0,0,0,0,0,0,0,0,0.0,0.0,0.0,0.0,0,0,0,0,0,0.00,0.00,0.00,0.00,437,166,424,165,379,143,441,166,,,,,,,0.0,0.0,0.0,0.0,0.0,0.0,641,171,432,161,446,165,483,180,0.0,0.0,0.0
89,True,True,,,549329,0,0,-1,1,0,2,-1.0,-0.5,0,Lucas,0.0,195,False,,,39,549329.jpg,0.0,False,Pires Silva,0.2,False,,a,3,90,0,6034,17,7033,17,0.0,0.0,Lucas Pires,30.0,2024-07-16,2001-03-24,False,p549329,0,0,0,0,0,0,0,0,0,0,0,0,0,0.0,0.0,0.0,0.0,0,0,0,0,0,0.00,0.00,0.00,0.00,401,151,384,148,338,125,405,151,,,,,,,0.0,0.0,0.0,0.0,0.0,0.0,733,238,397,147,411,151,385,140,0.0,0.0,0.0
90,True,False,0.0,0.0,450072,0,0,0,0,0,2,0.0,0.0,0,Shurandy,0.0,196,False,Has joined Sparta Rotterdam on loan for the rest of the season.,2025-08-19T13:36:42.853472Z,40,450072.jpg,0.0,False,Sambo,0.1,False,,u,3,90,0,202,0,7071,9,0.0,0.0,Sambo,152.0,2024-06-28,2001-08-19,False,p450072,0,0,0,0,0,0,0,0,0,0,0,0,0,0.0,0.0,0.0,0.0,0,0,0,0,0,0.00,0.00,0.00,0.00,445,171,432,170,387,148,449,171,,,,,,,0.0,0.0,0.0,0.0,0.0,0.0,652,179,440,166,454,170,545,201,0.0,0.0,0.0
91,True,True,,,519895,0,0,0,0,0,2,-0.5,0.0,0,Oliver,0.5,197,False,,,40,519895.jpg,1.0,False,Sonne,0.1,False,,a,3,90,3,3388,4,5705,6,0.1,0.8,Sonne,169.0,2025-01-01,2000-11-10,False,p519895,102,0,0,0,4,0,0,0,0,0,0,0,-2,7.6,16.4,6.0,3.0,1,3,1,2,1,0.03,0.08,0.11,3.31,328,124,201,59,256,80,317,106,,,,,,,0.03,0.0,0.07,0.1,2.92,3.53,690,202,289,94,308,107,420,157,0.88,0.0,1.76
92,True,True,100.0,100.0,180804,0,0,-1,1,0,2,-1.0,-0.5,0,Axel,0.0,198,False,,2025-08-22T12:30:07.036752Z,39,180804.jpg,0.0,False,Tuanzebe,1.9,False,,a,3,90,0,65079,111,105005,103,0.0,0.0,Tuanzebe,50.0,2025-07-01,1997-11-14,False,p180804,0,0,0,0,0,0,0,0,0,0,0,0,0,0.0,0.0,0.0,0.0,0,0,0,0,0,0.00,0.00,0.00,0.00,390,140,373,137,327,114,394,140,,,,,,,0.0,0.0,0.0,0.0,0.0,0.0,722,227,386,136,400,140,129,51,0.0,0.0,0.0
93,True,True,,,208912,0,0,0,0,0,2,-0.2,0.3,0,Joe,0.8,199,False,,,40,208912.jpg,1.0,False,Worrall,0.1,False,,a,3,90,3,1702,6,4901,7,0.2,0.8,Worrall,241.0,2024-08-23,1997-01-10,False,p208912,18,0,0,0,2,0,0,0,0,0,0,0,6,11.0,0.0,0.0,1.1,5,1,1,6,0,0.00,0.00,0.00,2.17,305,115,414,161,369,139,356,125,,,,,,,0.0,0.0,0.0,0.0,10.85,10.0,630,166,253,85,304,103,445,169,0.0,0.0,30.0
94,True,True,,,444180,0,0,0,0,1,3,4.5,5.0,0,Jaidon,5.5,200,False,,,55,444180.jpg,6.0,False,Anthony,1.5,False,,a,3,90,24,171145,352,43109,221,1.0,4.4,Anthony,241.0,2025-07-01,1999-12-01,False,p444180,352,2,1,2,6,0,0,0,1,0,0,2,75,115.6,42.1,96.0,25.4,8,19,5,32,4,1.70,0.39,2.09,8.23,16,8,88,62,16,7,17,13,3.0,,1.0,,,,0.43,0.0,0.1,0.53,2.1,1.53,157,97,11,4,28,7,150,51,1.02,0.51,8.18
95,True,True,,,183751,0,0,-1,1,0,3,-1.0,-0.5,0,Manuel,0.0,201,False,,,54,183751.jpg,0.0,False,Benson Hedilazio,0.0,False,,a,3,90,0,987,2,1767,5,0.0,0.0,Benson,6.0,2022-08-04,1997-03-28,False,p183751,0,0,0,0,0,0,0,0,0,0,0,0,0,0.0,0.0,0.0,0.0,0,0,0,0,0,0.00,0.00,0.00,0.00,703,305,703,306,690,302,704,306,,,,,,,0.0,0.0,0.0,0.0,0.0,0.0,179,111,700,303,705,306,641,269,0.0,0.0,0.0
96,True,True,75.0,75.0,179458,0,0,-1,1,0,3,0.8,1.1,0,Jacob,2.0,202,False,Knock - 75% chance of playing,2025-09-14T22:00:08.065375Z,54,179458.jpg,3.0,False,Bruun Larsen,0.0,False,,d,3,90,9,1556,0,3063,7,0.4,1.7,Bruun Larsen,58.0,2025-07-11,1998-09-19,False,p179458,176,0,1,1,3,0,0,0,0,0,0,0,30,32.8,29.1,20.0,8.0,6,6,1,13,2,0.05,0.34,0.39,4.09,203,86,125,86,162,98,186,92,,,,,2.0,,0.03,0.0,0.17,0.2,2.09,1.53,178,110,148,58,164,65,609,248,1.02,0.51,6.65
97,True,True,,,578614,0,0,-1,1,0,3,-1.0,-0.5,0,Enock,0.0,203,False,,,49,578614.jpg,0.0,False,Agyei,0.0,False,,a,3,90,0,811,1,3104,2,0.0,0.0,Boateng,21.0,2023-01-30,2005-01-13,False,p578614,0,0,0,0,0,0,0,0,0,0,0,0,0,0.0,0.0,0.0,0.0,0,0,0,0,0,0.00,0.00,0.00,0.00,673,284,668,286,645,278,675,286,,,,,,,0.0,0.0,0.0,0.0,0.0,0.0,372,235,671,283,676,286,587,229,0.0,0.0,0.0
98,True,False,0.0,0.0,250735,0,0,-1,1,0,3,0.0,0.0,0,Darko,0.0,204,False,has joined Kocaelispor  permanently.,2025-09-02T12:51:25.524903Z,49,250735.jpg,0.0,False,Churlinov,0.0,False,,u,3,90,0,160,0,1604,6,0.0,0.0,Churlinov,,2022-08-19,2000-07-11,False,p250735,0,0,0,0,0,0,0,0,0,0,0,0,0,0.0,0.0,0.0,0.0,0,0,0,0,0,0.00,0.00,0.00,0.00,661,275,654,276,630,268,663,277,,,,,,,0.0,0.0,0.0,0.0,0.0,0.0,343,214,659,274,665,278,660,281,0.0,0.0,0.0
99,True,True,,,172567,0,0,0,0,1,3,3.8,4.3,0,Josh,4.8,205,False,,,50,172567.jpg,5.8,False,Cullen,2.1,False,,a,3,90,23,275510,264,91199,268,1.0,4.6,Cullen,104.0,2022-07-12,1996-04-07,False,p172567,332,1,1,2,6,1,0,0,0,0,0,3,89,121.6,81.2,21.0,22.4,20,13,7,40,4,0.08,0.52,0.60,7.93,12,5,29,26,149,88,24,17,1.0,,,,,,0.02,0.0,0.14,0.16,2.15,1.63,253,154,26,12,34,10,125,42,1.08,0.54,10.84
100,True,True,,,174592,0,0,-2,2,0,3,-1.0,-0.5,0,Marcus,0.0,206,False,,,48,174592.jpg,1.0,False,Edwards,0.1,False,,a,3,90,1,2114,23,6433,9,0.0,0.2,Edwards,241.0,2025-07-01,1998-12-03,False,p174592,5,0,0,0,0,0,0,0,0,0,0,0,3,0.0,0.0,0.0,0.0,0,0,0,0,0,0.00,0.00,0.00,0.00,640,263,634,265,606,254,643,266,4.0,,,,,,0.0,0.0,0.0,0.0,0.0,0.0,378,240,637,262,332,154,542,195,0.0,0.0,0.0
101,True,True,,,465527,0,0,0,0,0,3,1.0,1.5,0,Hannibal,2.0,207,False,,,50,465527.jpg,2.5,False,Mejbri,0.2,False,,a,3,90,10,6837,17,8430,18,0.4,2.0,Hannibal,218.0,2024-08-28,2003-01-21,False,p465527,235,0,0,1,5,0,0,0,0,0,0,0,24,12.0,26.6,13.0,5.1,3,10,6,19,3,0.16,0.13,0.29,5.69,297,141,140,94,203,120,259,127,,,3.0,,,,0.06,0.0,0.05,0.11,2.18,1.91,281,170,146,56,187,83,401,135,1.15,0.38,7.28
102,True,False,0.0,0.0,487702,0,0,0,0,0,3,0.0,0.0,0,Luca,0.0,208,False,Has joined Espanyol on loan for the rest of the season.,2025-08-22T14:15:37.649817Z,50,487702.jpg,0.0,False,Koleosho,0.0,False,,u,3,90,0,68,0,2580,5,0.0,0.0,Koleosho,106.0,2023-07-25,2004-09-15,False,p487702,0,0,0,0,0,0,0,0,0,0,0,0,0,0.0,0.0,0.0,0.0,0,0,0,0,0,0.00,0.00,0.00,0.00,688,296,688,297,669,290,689,297,,,,,,,0.0,0.0,0.0,0.0,0.0,0.0,288,175,685,294,690,297,670,286,0.0,0.0,0.0
103,True,True,,,167887,0,0,-1,1,0,3,-0.2,0.3,0,Josh,0.8,209,False,,,49,167887.jpg,1.2,False,Laurent,0.0,False,,a,3,90,5,606,1,1505,3,0.2,1.0,Laurent,241.0,2024-08-30,1995-05-06,False,p167887,187,0,0,0,4,0,0,0,1,0,0,0,20,30.0,12.4,23.0,6.7,12,6,2,20,2,0.12,0.13,0.25,5.15,211,91,230,136,141,83,215,108,,,,,,,0.06,0.0,0.06,0.12,2.48,1.93,318,197,260,124,291,142,628,259,0.96,0.0,9.63
104,True,True,,,469272,0,0,-1,1,0,3,0.8,1.3,0,Loum,1.8,210,False,,,49,469272.jpg,2.0,False,Tchaouna,0.0,False,,a,3,90,8,1208,8,1390,7,0.4,1.6,Tchaouna,73.0,2025-07-02,2003-09-08,False,p469272,110,0,1,1,1,0,0,0,1,0,0,0,25,11.6,17.4,20.0,5.0,1,5,2,8,1,0.21,0.05,0.26,2.80,302,143,194,124,156,93,263,130,,,,,,,0.17,0.0,0.04,0.21,2.29,0.82,355,222,167,69,232,108,612,250,0.82,0.82,6.55
105,True,False,0.0,0.0,447715,0,0,-1,1,0,3,0.0,0.0,0,Aaron,0.0,211,False,has joined Leicester City on loan for the rest of the season.,2025-09-02T12:51:25.540742Z,44,447715.jpg,0.0,False,Ramsey,4.3,False,,u,3,90,0,62789,0,608005,962,0.0,0.0,A.Ramsey,241.0,2023-08-22,2003-01-21,False,p447715,0,0,0,0,0,0,0,0,0,0,0,0,0,0.0,0.0,0.0,0.0,0,0,0,0,0,0.00,0.00,0.00,0.00,526,187,513,190,475,177,530,190,,,,,,,0.0,0.0,0.0,0.0,0.0,0.0,553,306,522,187,534,195,82,25,0.0,0.0,0.0
106,True,False,0.0,0.0,576323,0,0,0,0,0,3,0.0,0.0,0,Oluwaseun,0.0,212,False,Has joined Cercle Brugge on loan for the rest of the season.,2025-08-15T12:03:26.649417Z,45,576323.jpg,0.0,False,Adewumi,0.0,False,,u,3,90,0,0,0,2148,1,0.0,0.0,Adewumi,14.0,2024-08-29,2005-02-23,False,p576323,0,0,0,0,0,0,0,0,0,0,0,0,0,0.0,0.0,0.0,0.0,0,0,0,0,0,0.00,0.00,0.00,0.00,619,247,614,250,585,238,622,250,,,,,,,0.0,0.0,0.0,0.0,0.0,0.0,487,284,618,248,627,255,684,295,0.0,0.0,0.0
107,True,True,,,551206,0,0,0,0,0,3,-1.0,-0.5,0,Jaydon,0.0,213,False,,,45,551206.jpg,0.0,False,Banel,0.0,False,,a,3,90,0,1818,5,2253,5,0.0,0.0,Banel,152.0,2025-02-03,2004-10-19,False,p551206,0,0,0,0,0,0,0,0,0,0,0,0,0,0.0,0.0,0.0,0.0,0,0,0,0,0,0.00,0.00,0.00,0.00,607,240,602,243,573,231,611,243,,,,,,,0.0,0.0,0.0,0.0,0.0,0.0,474,277,606,241,615,248,598,239,0.0,0.0,0.0
108,True,True,,,437748,0,0,-1,1,0,3,-1.0,-0.5,0,Mike,0.0,214,False,,,44,437748.jpg,0.0,False,Trésor Ndayishimiye,0.1,False,,a,3,90,0,2101,35,4030,10,0.0,0.0,Trésor,21.0,2024-07-01,1999-05-28,False,p437748,0,0,0,0,0,0,0,0,0,0,0,0,0,0.0,0.0,0.0,0.0,0,0,0,0,0,0.00,0.00,0.00,0.00,524,186,511,189,472,176,528,189,,,,,,,0.0,0.0,0.0,0.0,0.0,0.0,549,305,520,186,532,194,548,198,0.0,0.0,0.0
109,True,True,,,431639,0,0,-1,1,0,4,-0.8,-0.3,0,Zian,0.2,215,False,,,54,431639.jpg,1.0,False,Flemming,0.1,False,,a,3,90,2,5165,9,12167,22,0.0,0.4,Flemming,152.0,2025-06-01,1998-08-01,False,p431639,20,0,0,0,0,0,0,0,0,0,0,0,6,2.2,10.0,2.0,1.4,0,0,0,0,0,0.00,0.00,0.00,0.34,366,34,259,24,316,39,348,34,,,2.0,,,,0.0,0.0,0.0,0.0,1.53,0.0,191,44,375,40,359,35,458,64,0.0,0.0,0.0
110,True,True,0.0,0.0,492831,0,0,-1,1,0,4,0.0,0.0,0,Zeki,0.0,216,False,Knee injury - Unknown return date,2025-08-10T22:00:04.567659Z,49,492831.jpg,0.0,False,Amdouni,0.0,False,,i,3,90,0,358,2,3947,7,0.0,0.0,Amdouni,207.0,2023-07-19,2000-12-04,False,p492831,0,0,0,0,0,0,0,0,0,0,0,0,0,0.0,0.0,0.0,0.0,0,0,0,0,0,0.00,0.00,0.00,0.00,669,67,663,67,640,64,671,67,,,,,,,0.0,0.0,0.0,0.0,0.0,0.0,362,58,667,67,673,68,636,77,0.0,0.0,0.0
111,True,True,,,435973,0,0,0,0,0,4,1.5,2.0,0,Lyle,2.5,217,False,,,50,435973.jpg,3.0,False,Foster,1.5,False,,a,3,90,12,169435,771,63233,179,0.5,2.4,Foster,198.0,2023-01-25,2000-09-03,False,p435973,333,1,0,2,6,0,0,0,1,0,0,1,51,54.0,30.9,41.0,12.7,7,11,5,23,4,0.73,0.05,0.78,7.83,118,11,118,9,79,23,108,16,,,,,,,0.2,0.0,0.01,0.21,2.12,1.62,277,52,104,9,161,13,153,23,1.08,0.54,6.22
112,True,True,,,44699,0,0,-1,1,0,4,-1.0,-0.5,0,Ashley,0.0,218,False,,,44,44699.jpg,0.0,False,Barnes,1.6,False,,a,3,90,0,51386,204,133486,144,0.0,0.0,Barnes,241.0,2025-01-02,1989-10-30,False,p44699,0,0,0,0,0,0,0,0,0,0,0,0,0,0.0,0.0,0.0,0.0,0,0,0,0,0,0.00,0.00,0.00,0.00,504,43,491,43,449,41,508,44,,,,,1.0,,0.0,0.0,0.0,0.0,0.0,0.0,514,67,500,44,512,45,141,20,0.0,0.0,0.0
113,True,False,0.0,0.0,220598,0,0,-1,1,0,4,0.0,0.0,0,Michael,0.0,219,False,has joined VfL Bochum  on loan for the rest of the season.,2025-09-02T12:51:25.555230Z,44,220598.jpg,0.0,False,Obafemi,0.2,False,,u,3,90,0,4151,0,26722,28,0.0,0.0,Obafemi,104.0,2023-07-01,2000-07-06,False,p220598,0,0,0,0,0,0,0,0,0,0,0,0,0,0.0,0.0,0.0,0.0,0,0,0,0,0,0.00,0.00,0.00,0.00,518,44,505,44,464,42,522,45,,,,,,,0.0,0.0,0.0,0.0,0.0,0.0,536,68,513,45,526,46,339,54,0.0,0.0,0.0
114,True,True,100.0,100.0,67089,0,0,0,0,0,1,1.8,2.3,0,Martin,2.8,470,False,,2025-08-11T10:30:07.723845Z,40,67089.jpg,3.2,False,Dúbravka,34.2,False,,a,3,90,13,572639,801,295005,398,0.7,3.2,Dúbravka,194.0,2025-08-07,1989-01-15,False,p67089,360,0,0,1,7,0,0,0,0,0,12,0,53,93.0,0.0,0.0,9.3,8,35,0,0,4,0.00,0.00,0.00,9.17,43,8,395,11,350,4,166,8,,,,,,,0.0,3.0,0.0,0.0,2.29,1.75,609,42,90,11,143,16,5,1,1.0,0.25,0.0
115,True,True,0.0,0.0,503714,0,0,0,0,0,3,0.0,0.0,0,Lesley,1.0,676,False,Suspended until 27 Sep,2025-09-14T22:00:08.706775Z,50,503714.jpg,1.2,False,Ugochukwu,0.0,False,,s,3,90,5,928,0,2737,8,0.2,1.0,Ugochukwu,73.0,2025-08-06,2004-03-26,False,p503714,253,0,0,1,4,0,0,0,0,1,0,0,20,23.8,18.8,8.0,4.9,7,8,9,24,3,0.07,0.02,0.09,5.47,238,106,188,121,239,133,266,132,,,,,,,0.02,0.0,0.01,0.03,1.95,1.42,295,181,233,112,293,144,605,244,1.07,0.36,8.54
116,True,True,100.0,100.0,440323,0,0,-1,1,0,4,-0.8,-0.3,0,Armando,0.2,680,False,,2025-08-22T12:30:07.403187Z,54,440323.jpg,1.0,False,Broja,0.1,False,,a,3,90,1,5694,14,16869,15,0.0,0.2,Broja,2.0,2025-08-08,2001-09-10,False,p440323,1,0,0,0,1,0,0,0,0,0,0,0,3,2.0,0.1,0.0,0.2,1,0,0,1,0,0.00,0.00,0.00,0.94,371,37,367,40,696,70,386,42,,,,,,,0.0,0.0,0.0,0.0,84.6,90.0,195,45,376,41,361,36,403,60,0.0,0.0,90.0
117,True,True,,,216055,0,0,0,0,0,3,-0.5,0.0,0,Florentino Ibrain,0.5,722,False,,,50,216055.jpg,1.0,False,Morris Luís,0.0,False,,a,3,90,1,366,1,119,1,0.1,0.2,Florentino,173.0,2025-09-01,1999-08-19,False,p216055,27,0,0,0,1,0,0,0,0,0,0,0,5,13.0,0.2,0.0,1.3,2,2,3,7,0,0.00,0.00,0.00,1.24,294,138,362,186,658,282,352,171,,,,,,,0.0,0.0,0.0,0.0,4.13,3.33,267,162,311,150,349,164,717,314,0.0,0.0,23.33
118,True,False,0.0,0.0,69752,0,0,0,0,0,1,0.0,0.0,0,Norberto,0.0,66,False,Has joined Botafogo permanently.,2025-08-11T01:25:12.553868Z,45,69752.jpg,0.0,False,Murara Neto,0.1,False,,u,4,91,0,0,0,11918,14,0.0,0.0,Neto,30.0,2022-08-07,1989-07-19,False,p69752,0,0,0,0,0,0,0,0,0,0,0,0,0,0.0,0.0,0.0,0.0,0,0,0,0,0,0.00,0.00,0.00,0.00,567,80,554,65,519,58,571,80,,,,,,,0.0,0.0,0.0,0.0,0.0,0.0,390,20,563,79,574,80,481,74,0.0,0.0,0.0
119,True,True,,,457569,0,0,0,0,0,1,3.7,2.7,0,Đorđe,3.2,67,False,,,45,457569.jpg,3.8,False,Petrović,4.6,False,,a,4,91,15,299838,564,143872,207,0.7,3.3,Petrović,190.0,2025-07-16,1999-10-08,False,p457569,360,0,0,2,5,0,0,0,1,0,9,0,60,79.0,0.0,0.0,7.9,9,28,0,0,4,0.00,0.00,0.00,3.48,67,11,576,71,546,65,190,12,,,,,,,0.0,2.25,0.0,0.0,0.87,1.25,435,27,66,8,105,12,78,12,1.0,0.5,0.0
120,True,True,,,444172,0,0,0,0,0,1,0.5,-0.5,0,Will,0.0,68,False,,,40,444172.jpg,0.0,False,Dennis,1.1,False,,a,4,91,0,28698,69,26057,40,0.0,0.0,Dennis,241.0,2019-08-01,2000-07-10,False,p444172,0,0,0,0,0,0,0,0,0,0,0,0,0,0.0,0.0,0.0,0.0,0,0,0,0,0,0.00,0.00,0.00,0.00,443,47,430,32,385,25,447,47,,,,,,,0.0,0.0,0.0,0.0,0.0,0.0,650,63,438,46,452,47,179,25,0.0,0.0,0.0
121,True,True,,,568791,0,0,0,0,0,1,0.5,-0.5,0,Callan,0.0,69,False,,,40,568791.jpg,0.0,False,McKenna,0.2,False,,a,4,91,0,4152,13,4883,10,0.0,0.0,McKenna,243.0,2024-02-01,2006-12-22,False,p568791,0,0,0,0,0,0,0,0,0,0,0,0,0,0.0,0.0,0.0,0.0,0,0,0,0,0,0.00,0.00,0.00,0.00,490,68,477,53,434,46,494,68,,,,,,,0.0,0.0,0.0,0.0,0.0,0.0,705,84,485,67,499,68,350,53,0.0,0.0,0.0
122,True,False,0.0,0.0,495145,0,0,0,0,0,1,0.0,0.0,0,Alex,0.0,70,False,Has joined Lechia Gdansk on loan for the rest of the season.,2025-08-27T12:50:21.648936Z,40,495145.jpg,0.0,False,Paulsen,0.1,False,,u,4,91,0,1107,0,5712,9,0.0,0.0,Paulsen,154.0,2024-07-01,2002-07-04,False,p495145,0,0,0,0,0,0,0,0,0,0,0,0,0,0.0,0.0,0.0,0.0,0,0,0,0,0,0.00,0.00,0.00,0.00,465,61,452,46,408,39,469,61,,,,,,,0.0,0.0,0.0,0.0,0.0,0.0,677,77,460,60,474,61,482,75,0.0,0.0,0.0
123,True,False,0.0,0.0,477580,0,0,0,0,0,2,0.0,0.0,0,Illia,0.0,71,False,Has joined Paris Saint-Germain permanently.,2025-08-12T13:14:36.028170Z,50,477580.jpg,0.0,False,Zabarnyi,0.0,False,,u,4,91,0,0,0,7391,5,0.0,0.0,Zabarnyi,225.0,2023-01-31,2002-09-01,False,p477580,0,0,0,0,0,0,0,0,0,0,0,0,0,0.0,0.0,0.0,0.0,0,0,0,0,0,0.00,0.00,0.00,0.00,687,239,687,239,668,233,688,239,,,,,,,0.0,0.0,0.0,0.0,0.0,0.0,286,47,684,238,689,239,620,214,0.0,0.0,0.0
124,True,True,,,221466,0,0,2,-2,1,2,7.0,6.0,0,Marcos,6.5,72,False,,,47,221466.jpg,7.0,False,Senesi Barón,10.6,False,,a,4,91,28,1210687,4381,144593,289,1.4,6.0,Senesi,10.0,2022-08-08,1997-05-10,False,p221466,360,0,1,2,5,0,0,0,1,0,0,4,83,119.0,30.9,12.0,16.2,46,18,9,55,4,0.14,0.12,0.26,3.48,15,4,117,28,210,57,63,13,,,,,,,0.04,0.0,0.03,0.07,0.87,1.25,384,66,3,2,15,8,41,14,1.0,0.5,13.75
125,True,True,0.0,0.0,54469,0,0,0,0,0,2,0.0,0.0,0,Adam,1.8,73,False,Hamstring injury - Expected back 18 Oct,2025-08-31T01:00:07.918421Z,45,54469.jpg,2.7,False,Smith,0.2,False,,i,4,91,8,13506,0,24450,55,0.4,1.8,Smith,241.0,2014-01-28,1991-04-29,False,p54469,204,0,0,1,3,0,0,0,0,0,0,0,28,17.8,14.0,4.0,3.6,10,3,1,11,3,0.00,0.09,0.09,2.56,268,102,218,70,276,90,297,100,,,,,,,0.0,0.0,0.04,0.04,1.13,1.32,388,69,162,66,177,70,352,123,1.32,0.44,4.85
126,True,True,,,494521,0,0,0,0,0,2,4.3,3.3,0,Adrien,3.8,74,False,,,45,494521.jpg,3.8,False,Truffert,1.3,False,,a,4,91,15,115369,261,52921,70,0.8,3.3,Truffert,73.0,2025-06-16,2001-11-20,False,p494521,360,0,0,2,5,0,0,0,0,0,0,1,53,71.4,87.1,7.0,16.5,15,11,8,23,4,0.01,0.37,0.38,3.48,85,38,23,3,248,76,61,11,,,,,,,0.0,0.0,0.09,0.09,0.87,1.25,453,103,47,20,107,46,168,62,1.0,0.5,5.75
127,True,True,,,541462,0,0,0,0,0,2,0.5,-0.5,0,Matai,0.0,75,False,,,40,541462.jpg,0.0,False,Akinmboni,0.3,False,,a,4,91,0,6819,20,12291,22,0.0,0.0,Akinmboni,229.0,2025-01-03,2006-10-17,False,p541462,0,0,0,0,0,0,0,0,0,0,0,0,0,0.0,0.0,0.0,0.0,0,0,0,0,0,0.00,0.00,0.00,0.00,478,188,465,187,422,167,482,188,,,,,,,0.0,0.0,0.0,0.0,0.0,0.0,693,204,473,183,487,187,314,112,0.0,0.0,0.0
128,True,True,,,518906,0,0,0,0,0,2,0.5,-0.5,0,Owen,0.0,76,False,,,40,518906.jpg,0.0,False,Bevan,0.2,False,,a,4,91,0,2348,6,6565,11,0.0,0.0,Bevan,244.0,2022-08-22,2003-10-26,False,p518906,0,0,0,0,0,0,0,0,0,0,0,0,0,0.0,0.0,0.0,0.0,0,0,0,0,0,0.00,0.00,0.00,0.00,475,186,462,185,418,164,479,186,,,,,,,0.0,0.0,0.0,0.0,0.0,0.0,688,200,470,181,484,185,402,149,0.0,0.0,0.0
129,True,True,,,463981,0,0,0,0,0,2,2.5,1.5,0,James,2.0,77,False,,,40,463981.jpg,2.2,False,Hill,0.9,False,,a,4,91,9,54952,109,35689,54,0.5,2.2,Hill,241.0,2022-01-05,2002-01-10,False,p463981,153,0,0,1,2,0,0,0,1,0,0,0,27,19.2,2.3,37.0,5.9,9,5,1,10,1,0.12,0.03,0.15,0.98,261,100,319,112,88,11,237,79,,,,,,,0.07,0.0,0.02,0.09,0.58,1.18,660,183,129,54,205,76,183,69,0.59,0.59,5.88
130,True,True,100.0,100.0,436893,0,0,0,0,0,2,0.5,-0.5,0,Julián,0.0,78,False,,2025-08-28T17:00:07.495624Z,40,436893.jpg,0.0,False,Araujo Zúñiga,0.9,False,,a,4,91,0,17852,39,58433,57,0.0,0.0,J.Araujo,139.0,2024-08-13,2001-08-13,False,p436893,0,0,0,0,0,0,0,0,0,0,0,0,0,0.0,0.0,0.0,0.0,0,0,0,0,0,0.00,0.00,0.00,0.00,441,169,428,168,383,146,445,169,,,,,,,0.0,0.0,0.0,0.0,0.0,0.0,647,176,436,164,450,168,186,71,0.0,0.0,0.0
131,True,False,0.0,0.0,223911,0,0,0,0,0,2,0.0,0.0,0,Chris,0.0,79,False,has joined West Bromwich Albion permanently.,2025-09-02T12:54:34.562307Z,40,223911.jpg,0.0,False,Mepham,0.1,False,,u,4,91,0,1400,0,10391,25,0.0,0.0,Mepham,244.0,2019-01-22,1997-11-05,False,p223911,0,0,0,0,0,0,0,0,0,0,0,0,0,0.0,0.0,0.0,0.0,0,0,0,0,0,0.00,0.00,0.00,0.00,433,165,420,164,375,142,437,165,,,,,,,0.0,0.0,0.0,0.0,0.0,0.0,637,170,428,160,442,164,447,170,0.0,0.0,0.0
132,True,True,,,575901,0,0,0,0,0,2,0.7,-0.3,0,Julio,0.2,80,False,,,40,575901.jpg,1.0,False,Soler Barreto,0.3,False,,a,4,91,1,5263,25,10435,13,0.0,0.2,Soler,10.0,2025-01-07,2005-02-16,False,p575901,1,0,0,0,0,0,0,0,0,0,0,0,2,0.0,0.0,0.0,0.0,0,0,0,0,0,0.00,0.00,0.00,0.00,492,198,479,197,436,177,496,198,,,,,,,0.0,0.0,0.0,0.0,0.0,0.0,707,214,344,121,309,108,329,115,0.0,0.0,0.0
133,True,True,100.0,100.0,222683,0,0,0,0,0,3,1.3,0.3,0,Justin,0.8,81,False,,2025-08-10T22:00:04.480285Z,70,222683.jpg,1.0,False,Kluivert,0.7,False,,a,4,91,3,37634,141,67216,110,0.1,0.4,Kluivert,152.0,2023-07-01,1999-05-05,False,p222683,44,0,0,0,0,0,0,0,0,0,0,0,8,7.4,29.0,17.0,5.3,1,3,0,4,0,0.20,0.33,0.53,0.18,331,157,127,87,187,111,252,125,3.0,,,,1.0,,0.41,0.0,0.68,1.09,0.37,0.0,33,20,285,141,384,189,199,68,0.0,0.0,8.18
134,True,True,,,437730,0,0,6,-6,2,3,5.7,4.7,0,Antoine,5.2,82,True,,,76,437730.jpg,9.0,False,Semenyo,44.4,False,,a,4,91,36,4479551,7322,414759,627,0.7,4.7,Semenyo,81.0,2023-01-27,2000-01-07,False,p437730,360,3,2,2,5,0,0,0,1,0,0,6,96,161.4,85.4,136.0,38.3,4,18,6,28,4,2.67,0.21,2.88,3.48,2,1,25,22,3,2,2,1,,,,,3.0,,0.67,0.0,0.05,0.72,0.87,1.25,23,14,16,7,5,1,3,2,1.0,0.5,7.0
135,True,True,,,201658,0,0,0,0,1,3,4.5,3.5,0,Marcus,4.0,84,False,,,55,201658.jpg,5.0,False,Tavernier,1.7,False,,a,4,91,20,218188,248,92538,226,0.7,3.6,Tavernier,241.0,2022-08-01,1999-03-22,False,p201658,332,1,0,2,5,0,0,0,0,0,0,3,65,73.6,50.8,87.0,21.2,10,21,6,37,4,0.86,0.43,1.29,3.36,81,26,72,51,18,8,34,25,1.0,,1.0,,,,0.23,0.0,0.12,0.35,0.91,1.36,143,89,44,16,50,15,138,48,1.08,0.54,10.03
136,True,True,,,200785,0,0,0,0,0,3,2.3,1.3,0,Tyler,1.8,85,False,,,50,200785.jpg,2.8,False,Adams,0.4,False,,a,4,91,11,25043,52,20798,55,0.4,2.2,Adams,229.0,2023-08-20,1999-02-14,False,p200785,357,0,0,2,4,0,0,0,3,0,0,0,57,64.4,22.1,28.0,11.5,19,21,11,51,4,0.06,0.13,0.19,3.32,100,33,162,107,118,71,126,68,,,4.0,,,,0.02,0.0,0.03,0.05,0.84,1.01,258,156,170,71,168,69,279,95,1.01,0.5,12.86
137,True,True,,,111317,0,0,0,0,0,3,2.5,1.5,0,David,2.0,86,False,,,50,111317.jpg,3.0,False,Brooks,0.4,False,,a,4,91,12,46293,56,24278,53,0.4,2.4,Brooks,244.0,2018-07-01,1997-07-08,False,p111317,278,0,1,2,3,0,0,0,2,0,0,1,58,54.0,92.5,78.0,22.0,2,14,6,22,4,0.79,1.20,1.99,2.89,117,40,18,16,28,16,26,19,5.0,,,,,,0.26,0.0,0.39,0.65,0.94,0.97,248,151,143,53,158,61,276,94,1.29,0.65,7.12
138,True,True,100.0,100.0,158499,0,0,0,0,0,3,1.0,0.0,0,Ryan,0.5,87,False,,2025-09-13T21:30:07.956994Z,50,158499.jpg,1.0,False,Christie,0.1,False,,a,4,91,2,1677,3,5708,7,0.1,0.4,Christie,243.0,2021-08-31,1995-02-22,False,p158499,51,0,0,0,0,0,0,0,0,0,0,0,13,14.8,13.4,7.0,3.6,3,4,4,11,0,0.06,0.02,0.08,0.24,281,132,225,133,249,139,298,152,4.0,,,,,,0.11,0.0,0.04,0.15,0.42,0.0,250,153,309,149,343,162,539,193,0.0,0.0,19.41
139,True,True,100.0,100.0,155408,0,0,-1,1,0,3,0.7,-0.3,0,Lewis,0.2,88,False,,2025-07-21T10:00:04.780951Z,49,155408.jpg,1.0,False,Cook,0.0,False,,a,4,91,1,909,3,974,6,0.0,0.2,Cook,241.0,2016-07-08,1997-02-03,False,p155408,4,0,0,0,0,0,0,0,0,0,0,0,2,2.0,0.1,0.0,0.2,1,0,0,1,0,0.00,0.00,0.00,0.00,368,177,364,187,615,259,383,185,2.0,,,,,,0.0,0.0,0.0,0.0,0.0,0.0,315,195,358,171,334,156,667,284,0.0,0.0,22.5
140,True,False,0.0,0.0,168991,0,0,-1,1,0,3,0.0,0.0,0,Philip,0.0,89,False,Has joined Midtjylland permanently.,2025-08-27T12:49:57.472718Z,49,168991.jpg,0.0,False,Billing,0.0,False,,u,4,91,0,598,0,5419,6,0.0,0.0,Philip,58.0,2019-07-29,1996-06-11,False,p168991,0,0,0,0,0,0,0,0,0,0,0,0,0,0.0,0.0,0.0,0.0,0,0,0,0,0,0.00,0.00,0.00,0.00,649,268,642,269,617,261,651,270,,,,,,,0.0,0.0,0.0,0.0,0.0,0.0,319,198,646,266,653,271,614,252,0.0,0.0,0.0
141,True,True,,,503139,0,0,0,0,0,3,4.0,3.0,0,Alex,3.5,90,False,,,50,503139.jpg,4.0,False,Scott,0.2,False,,a,4,91,16,20768,120,7224,25,0.7,3.2,Scott,241.0,2023-08-10,2003-08-21,False,p503139,266,1,0,2,3,0,0,0,1,0,0,2,66,69.2,59.2,21.0,14.9,6,9,11,26,4,0.16,0.18,0.34,2.80,92,30,62,48,150,89,78,48,,,5.0,,,,0.05,0.0,0.06,0.11,0.95,1.02,294,180,60,20,92,34,337,116,1.35,0.68,8.8
142,True,False,0.0,0.0,224995,0,0,0,0,0,3,0.0,0.0,0,Luis,0.0,91,False,Has joined Cruzeiro on loan for the rest of the season.,2025-08-26T13:43:19.913048Z,50,224995.jpg,0.0,False,Sinisterra Lucumí,0.0,False,,u,4,91,0,396,0,3269,2,0.0,0.0,Sinisterra,48.0,2024-06-14,1999-06-17,False,p224995,0,0,0,0,0,0,0,0,0,0,0,0,0,0.0,0.0,0.0,0.0,0,0,0,0,0,0.00,0.00,0.00,0.00,679,289,679,290,659,283,680,290,,,,,,,0.0,0.0,0.0,0.0,0.0,0.0,268,163,676,287,681,290,668,285,0.0,0.0,0.0
143,True,False,0.0,0.0,441240,0,0,0,0,0,3,0.0,0.0,0,Romain,0.0,92,False,has joined Al Taawoun permanently.,2025-09-11T13:43:59.477111Z,45,441240.jpg,0.0,False,Faivre,0.1,False,,u,4,91,0,3740,0,12447,36,0.0,0.0,Faivre,73.0,2023-07-13,1998-07-14,False,p441240,0,0,0,0,0,0,0,0,0,0,0,0,0,0.0,0.0,0.0,0.0,0,0,0,0,0,0.00,0.00,0.00,0.00,580,215,572,218,542,206,584,218,,,,,,,0.0,0.0,0.0,0.0,0.0,0.0,430,250,578,216,587,223,455,151,0.0,0.0,0.0
144,True,False,0.0,0.0,424044,0,0,0,0,0,3,0.0,0.0,0,Hamed,0.0,93,False,has joined Marseille on loan for the rest of the season.,2025-09-02T12:54:34.582455Z,45,424044.jpg,4.0,False,Traorè,0.7,False,,u,4,91,4,114900,0,113864,256,0.0,0.9,H.Traorè,54.0,2023-07-01,2000-02-16,False,p424044,16,0,1,0,2,0,0,0,0,0,0,0,12,21.2,10.0,0.0,3.1,1,2,1,4,0,0.00,0.00,0.00,0.40,249,112,255,147,538,203,315,161,,,,,,,0.0,0.0,0.0,0.0,2.25,11.25,425,247,575,213,87,32,200,69,0.0,0.0,22.5
145,True,True,,,550596,0,0,0,0,0,3,0.5,-0.5,0,Dominic,0.0,94,False,,,45,550596.jpg,0.0,False,Sadi,0.1,False,,a,4,91,0,3357,31,3411,19,0.0,0.0,Sadi,,,,False,p550596,0,0,0,0,0,0,0,0,0,0,0,0,0,0.0,0.0,0.0,0.0,0,0,0,0,0,0.00,0.00,0.00,0.00,606,239,601,242,572,230,610,242,,,,,,,0.0,0.0,0.0,0.0,0.0,0.0,472,276,605,240,614,247,537,192,0.0,0.0,0.0
146,True,True,,,530121,0,0,-1,1,0,3,0.5,-0.5,0,Zain,0.0,95,False,,,44,530121.jpg,0.0,False,Silcott-Duberry,0.1,False,,a,4,91,0,11522,127,6256,20,0.0,0.0,Silcott-Duberry,241.0,2025-01-17,2005-07-09,False,p530121,0,0,0,0,0,0,0,0,0,0,0,0,0,0.0,0.0,0.0,0.0,0,0,0,0,0,0.00,0.00,0.00,0.00,542,197,529,200,494,187,546,200,,,,,,,0.0,0.0,0.0,0.0,0.0,0.0,577,317,539,197,550,205,404,136,0.0,0.0,0.0
147,True,False,0.0,0.0,606775,0,0,0,0,0,3,0.0,0.0,0,Ben,0.0,96,False,has joined Barnet on loan for the rest of the season.,2025-09-02T12:54:34.599400Z,45,606775.jpg,1.0,False,Winterburn,0.1,False,,u,4,91,1,2964,0,6683,11,0.0,0.2,Winterburn,241.0,2024-11-29,2004-09-04,False,p606775,6,0,0,0,2,0,0,0,0,0,0,0,3,0.0,0.0,0.0,0.0,0,0,0,0,0,0.00,0.00,0.00,0.31,631,256,626,259,597,247,634,259,,,,,,,0.0,0.0,0.0,0.0,4.65,30.0,501,294,630,257,329,151,555,204,0.0,0.0,0.0
148,True,True,,,444102,0,0,0,0,0,4,4.3,3.3,0,Francisco Evanilson,3.8,97,False,,,70,444102.jpg,4.0,False,de Lima Barbosa,3.0,False,,a,4,91,16,304049,898,196387,366,0.5,2.3,Evanilson,30.0,2024-08-16,1999-10-06,False,p444102,347,1,1,2,5,0,0,0,1,0,0,2,65,50.4,70.0,124.0,24.3,6,12,0,18,4,0.93,0.12,1.05,3.36,131,12,47,1,4,2,21,6,,,,,2.0,,0.24,0.0,0.03,0.27,0.87,1.3,38,15,55,6,98,10,102,15,1.04,0.52,4.67
149,True,True,0.0,0.0,168636,0,0,0,0,0,4,0.0,0.0,0,Enes,0.0,98,False,Knee injury - Unknown return date,2025-07-21T10:00:04.802496Z,55,168636.jpg,0.0,False,Ünal,0.0,False,,i,4,91,0,373,0,849,3,0.0,0.0,Enes Ünal,219.0,2024-07-01,1997-05-10,False,p168636,0,0,0,0,0,0,0,0,0,0,0,0,0,0.0,0.0,0.0,0.0,0,0,0,0,0,0.00,0.00,0.00,0.00,714,73,714,73,711,72,715,73,,,2.0,,,,0.0,0.0,0.0,0.0,0.0,0.0,139,33,713,72,715,73,686,80,0.0,0.0,0.0
150,True,True,,,590760,0,0,-1,1,0,4,0.5,-0.5,0,Daniel,0.0,99,False,,,44,590760.jpg,0.0,False,Adu-Adjei,0.3,False,,a,4,91,0,19796,120,20591,40,0.0,0.0,Adu-Adjei,241.0,2022-12-19,2005-06-21,False,p590760,0,0,0,0,0,0,0,0,0,0,0,0,0,0.0,0.0,0.0,0.0,0,0,0,0,0,0.00,0.00,0.00,0.00,556,53,543,53,508,51,560,54,,,,,,,0.0,0.0,0.0,0.0,0.0,0.0,592,78,552,54,563,55,300,49,0.0,0.0,0.0
151,True,True,,,560262,0,0,0,0,0,4,1.0,0.0,0,Eli Junior,0.5,100,False,,,45,560262.jpg,1.0,False,Kroupi,1.5,False,,a,4,91,3,147052,385,103470,178,0.1,0.7,Kroupi.Jr,73.0,2025-02-02,2006-06-23,False,p560262,12,0,0,0,1,0,0,0,0,0,0,0,8,0.0,0.0,2.0,0.2,0,1,0,1,0,0.00,0.00,0.00,0.24,611,58,606,58,302,37,382,40,,,,,,,0.0,0.0,0.0,0.0,1.8,7.5,479,61,303,31,328,32,155,24,0.0,0.0,7.5
152,True,True,,,496208,0,0,0,0,0,3,0.5,-0.5,0,Ben,0.0,391,False,,,50,496208.jpg,0.0,False,Gannon-Doak,0.1,False,,a,4,91,0,3368,1,3960,6,0.0,0.0,Gannon-Doak,243.0,2025-08-18,2005-11-11,False,p496208,0,0,0,0,0,0,0,0,0,0,0,0,0,0.0,0.0,0.0,0.0,0,0,0,0,0,0.00,0.00,0.00,0.00,690,298,690,299,671,292,691,299,,,,,,,0.0,0.0,0.0,0.0,0.0,0.0,291,177,687,296,692,299,577,221,0.0,0.0,0.0
153,True,True,75.0,75.0,242882,0,0,0,0,1,2,3.4,2.6,0,Bafodé,4.0,685,False,Lack of match fitness - 75% chance of playing,2025-09-13T21:30:08.472990Z,45,242882.jpg,5.3,False,Diakité,0.4,False,,d,4,91,16,53177,16,31130,108,0.9,3.6,Diakité,73.0,2025-08-13,2001-01-06,False,p242882,270,0,0,2,4,0,0,0,0,0,0,2,58,51.0,12.0,2.0,6.5,21,14,5,26,3,0.00,0.01,0.01,2.86,128,58,234,74,301,105,222,73,,,,,,,0.0,0.0,0.0,0.0,0.95,1.33,423,92,40,16,42,21,262,95,1.0,0.67,8.67
154,True,True,,,606774,0,0,0,0,0,3,0.5,-0.5,0,Remy,0.0,687,False,,,45,606774.jpg,0.0,False,Rees-Dottin,0.1,False,,a,4,91,0,6009,2,6352,9,0.0,0.0,Rees-Dottin,241.0,2024-12-28,2006-03-06,False,p606774,0,0,0,0,0,0,0,0,0,0,0,0,0,0.0,0.0,0.0,0.0,0,0,0,0,0,0.00,0.00,0.00,0.00,630,255,625,258,596,246,633,258,,,,,,,0.0,0.0,0.0,0.0,0.0,0.0,500,293,629,256,638,263,457,153,0.0,0.0,0.0
155,True,True,,,489888,0,0,0,0,0,3,1.3,0.3,0,Amine,0.8,697,False,,,55,489888.jpg,1.0,False,Adli,0.0,False,,a,4,91,3,2897,4,1754,7,0.1,0.5,Adli,145.0,2025-08-21,2000-05-10,False,p489888,73,0,0,0,0,0,0,0,0,0,0,0,21,29.8,26.8,9.0,6.5,5,8,7,20,0,0.04,0.03,0.07,0.29,213,92,136,92,231,130,224,112,,,,,,,0.05,0.0,0.04,0.09,0.36,0.0,164,101,276,136,370,179,624,257,0.0,0.0,24.66
156,True,True,,,551483,0,0,0,0,0,2,0.5,-0.5,0,Álex,0.0,713,False,,,45,551483.jpg,0.0,False,Jiménez Sánchez,0.0,False,,a,4,91,0,807,8,276,4,0.0,0.0,A.Jimenez,200.0,2025-09-01,2005-05-08,False,p551483,3,0,0,0,0,0,0,0,1,0,0,0,2,2.2,0.1,0.0,0.2,1,0,1,2,0,0.00,0.00,0.00,0.00,363,132,363,133,574,221,381,134,,,,,,,0.0,0.0,0.0,0.0,0.0,0.0,475,109,607,228,616,229,694,234,0.0,0.0,60.0
157,True,True,,,620487,0,0,0,0,0,2,2.5,1.5,0,Veljko,2.0,721,False,,,45,620487.jpg,4.0,False,Milosavljevic,0.0,False,,a,4,91,4,2979,26,356,3,0.4,0.9,Milosavljević,190.0,2025-09-01,2007-06-28,False,p620487,90,0,0,0,1,0,0,0,0,0,0,0,15,23.4,11.3,6.0,4.1,10,3,1,11,1,0.00,0.18,0.18,0.62,240,92,243,79,260,83,278,94,,,,,,,0.0,0.0,0.18,0.18,0.62,1.0,507,114,138,61,88,40,627,216,1.0,0.0,11.0
158,True,True,,,200641,0,0,-1,1,0,3,0.0,0.0,0,Reiss,0.0,27,False,,,49,200641.jpg,0.0,False,Nelson,0.1,False,,a,5,94,0,5576,12,9084,18,0.0,0.0,Nelson,241.0,2025-09-01,1999-12-10,False,p200641,0,0,0,0,0,0,0,0,0,0,0,0,0,0.0,0.0,0.0,0.0,0,0,0,0,0,0.00,0.00,0.00,0.00,650,269,643,270,618,262,652,271,,,,,,,0.0,0.0,0.0,0.0,0.0,0.0,323,202,648,268,654,272,448,148,0.0,0.0,0.0
159,True,True,100.0,100.0,533463,0,0,0,0,1,3,4.0,4.0,0,Dango,4.0,83,False,,2025-08-14T16:00:05.815568Z,60,533463.jpg,5.3,False,Ouattara,0.9,False,,a,5,94,16,160867,77,84859,199,0.7,2.7,O.Dango,35.0,2025-08-16,2002-02-11,False,p533463,190,1,0,1,3,0,0,0,0,0,0,3,41,58.6,4.8,79.0,14.2,9,10,4,23,2,0.85,0.02,0.87,3.13,113,39,296,162,26,14,83,50,,,,,,,0.4,0.0,0.01,0.41,1.48,1.42,93,62,46,17,44,13,190,64,0.95,0.47,10.89
160,True,True,100.0,100.0,200720,0,0,0,0,0,1,2.0,2.0,0,Caoimhín,2.0,101,False,,2025-08-09T14:00:04.798673Z,45,200720.jpg,2.2,False,Kelleher,9.0,False,,a,5,94,9,159483,205,313795,510,0.4,2.0,Kelleher,104.0,2025-06-03,1998-11-23,False,p200720,360,0,0,1,7,0,0,0,1,0,9,0,39,67.6,0.0,0.0,6.8,6,35,1,0,4,0.00,0.01,0.01,5.84,94,15,560,68,528,62,213,16,,,,,,,0.0,2.25,0.0,0.0,1.46,1.75,410,24,134,13,207,19,47,8,1.0,0.25,0.0
161,True,True,,,235448,0,0,0,0,0,1,0.0,0.0,0,Ellery,0.0,102,False,,,40,235448.jpg,0.0,False,Balcombe,0.3,False,,a,5,94,0,6556,12,8226,13,0.0,0.0,Balcombe,241.0,2016-11-02,1999-10-15,False,p235448,0,0,0,0,0,0,0,0,0,0,0,0,0,0.0,0.0,0.0,0.0,0,0,0,0,0,0.00,0.00,0.00,0.00,435,44,422,29,377,22,439,44,,,,,,,0.0,0.0,0.0,0.0,0.0,0.0,639,60,430,43,444,44,302,45,0.0,0.0,0.0
162,True,True,,,503300,0,0,0,0,0,1,0.0,0.0,0,Matthew,0.0,103,False,,,40,503300.jpg,0.0,False,Cox,0.1,False,,a,5,94,0,2502,3,3622,11,0.0,0.0,Cox,241.0,2021-10-26,2003-05-02,False,p503300,0,0,0,0,0,0,0,0,0,0,0,0,0,0.0,0.0,0.0,0.0,0,0,0,0,0,0.00,0.00,0.00,0.00,468,62,455,47,411,40,472,62,,,,,,,0.0,0.0,0.0,0.0,0.0,0.0,680,78,463,61,477,62,408,60,0.0,0.0,0.0
163,True,True,,,535017,0,0,0,0,0,1,0.0,0.0,0,Julian,0.0,104,False,,,40,535017.jpg,0.0,False,Eyestone,0.1,False,,a,5,94,0,858,4,2040,2,0.0,0.0,Eyestone,229.0,2024-08-08,2006-04-21,False,p535017,0,0,0,0,0,0,0,0,0,0,0,0,0,0.0,0.0,0.0,0.0,0,0,0,0,0,0.00,0.00,0.00,0.00,477,64,464,49,421,42,481,64,,,,,,,0.0,0.0,0.0,0.0,0.0,0.0,692,80,472,63,486,64,520,78,0.0,0.0,0.0
164,True,True,,,507433,0,0,0,0,0,1,0.0,0.0,0,Hákon Rafn,0.0,105,False,,,40,507433.jpg,0.0,False,Valdimarsson,0.7,False,,a,5,94,0,4578,18,24474,40,0.0,0.0,Valdimarsson,99.0,2024-01-26,2001-10-13,False,p507433,0,0,0,0,0,0,0,0,0,0,0,0,0,0.0,0.0,0.0,0.0,0,0,0,0,0,0.00,0.00,0.00,0.00,469,63,456,48,412,41,473,63,,,,,,,0.0,0.0,0.0,0.0,0.0,0.0,681,79,464,62,478,63,197,26,0.0,0.0,0.0
165,True,True,,,432830,0,0,0,0,0,2,3.8,3.8,0,Nathan,3.8,106,False,,,50,432830.jpg,3.8,False,Collins,1.5,False,,a,5,94,15,41654,55,63097,88,0.8,3.0,Collins,104.0,2023-07-04,2001-04-30,False,p432830,360,0,0,1,7,0,0,0,1,0,0,1,44,80.6,11.3,17.0,10.9,37,16,3,40,4,0.02,0.05,0.07,5.84,61,24,244,80,182,42,133,43,,,,,,,0.0,0.0,0.01,0.01,1.46,1.75,276,45,50,22,109,47,154,58,1.0,0.25,10.0
166,True,True,,,249231,0,0,0,0,0,2,3.2,3.2,0,Keane,3.2,107,False,,,50,249231.jpg,3.5,False,Lewis-Potter,0.4,False,,a,5,94,14,13647,18,16569,35,0.6,2.8,Lewis-Potter,241.0,2022-07-12,2001-02-22,False,p249231,318,0,0,2,5,0,0,0,0,0,0,0,38,26.4,21.1,13.0,6.1,10,14,6,16,4,0.12,0.05,0.17,4.69,226,89,172,46,202,51,233,76,,,4.0,,,,0.03,0.0,0.01,0.04,1.33,1.42,273,44,71,32,124,51,265,96,1.13,0.57,4.53
167,True,True,,,191866,0,0,-1,1,0,2,1.2,1.2,0,Kristoffer,1.2,108,False,,,44,191866.jpg,2.5,False,Ajer,0.2,False,,a,5,94,5,4127,15,8237,11,0.3,1.1,Ajer,161.0,2021-07-21,1998-04-17,False,p191866,12,0,1,0,1,0,0,0,0,0,0,0,16,21.6,10.4,19.0,5.2,1,0,0,1,0,0.04,0.41,0.45,0.26,246,95,253,84,168,37,254,86,,,,,,,0.3,0.0,3.08,3.38,1.95,7.5,529,126,199,73,182,72,397,147,0.0,0.0,7.5
168,True,True,,,194010,0,0,0,0,0,2,0.2,0.2,0,Rico,0.2,109,False,,,45,194010.jpg,0.5,False,Henry,0.1,False,,a,5,94,2,3037,15,7184,11,0.0,0.4,Henry,241.0,2016-08-31,1997-07-08,False,p194010,129,0,0,0,6,0,0,0,1,0,0,0,-2,10.6,11.9,12.0,3.2,4,5,3,7,1,0.13,0.06,0.19,3.51,307,117,236,75,208,55,311,103,,,,,,,0.09,0.0,0.04,0.13,2.45,4.19,407,81,351,127,393,135,444,168,0.7,0.0,4.88
169,True,True,,,607464,0,0,0,0,0,2,3.2,3.2,0,Michael,3.2,110,False,,,45,607464.jpg,3.5,False,Kayode,0.4,False,,a,5,94,14,40724,13,22821,35,0.7,3.1,Kayode,106.0,2025-07-01,2004-07-10,False,p607464,346,0,0,1,6,0,0,0,0,0,0,2,46,74.4,24.5,4.0,10.3,20,15,8,28,4,0.00,0.10,0.10,5.60,78,35,153,38,280,94,141,49,,,,,,,0.0,0.0,0.03,0.03,1.46,1.56,502,113,67,30,120,50,280,100,1.04,0.26,7.28
170,True,True,100.0,100.0,231065,0,0,-1,1,0,2,0.2,0.2,0,Ethan,0.2,111,False,,2025-08-18T08:00:05.393517Z,44,231065.jpg,1.0,False,Pinnock,0.1,False,,a,5,94,1,2930,14,11975,9,0.0,0.2,Pinnock,107.0,2019-07-02,1993-05-29,False,p231065,82,0,0,0,1,0,0,0,1,0,0,0,5,18.0,0.7,8.0,2.7,7,1,1,8,1,0.00,0.04,0.04,1.10,267,101,349,126,235,71,326,111,,,,,,,0.0,0.0,0.04,0.04,1.21,1.1,538,133,347,124,314,112,418,156,1.1,0.0,8.78
171,True,False,0.0,0.0,226956,0,0,0,0,0,2,0.0,0.0,0,Mads,0.0,112,False,Has joined Southampton permanently.,2025-08-22T14:17:15.662878Z,45,226956.jpg,0.0,False,Roerslev Rasmussen,0.0,False,,u,5,94,0,211,0,3186,3,0.0,0.0,Roerslev,58.0,2019-10-27,1999-06-24,False,p226956,0,0,0,0,0,0,0,0,0,0,0,0,0,0.0,0.0,0.0,0.0,0,0,0,0,0,0.00,0.00,0.00,0.00,575,228,566,227,534,216,579,228,,,,,,,0.0,0.0,0.0,0.0,0.0,0.0,418,89,572,224,582,225,652,218,0.0,0.0,0.0
172,True,True,,,444765,0,0,0,0,0,2,3.0,3.0,0,Sepp,3.0,113,False,,,45,444765.jpg,3.8,False,van den Berg,0.7,False,,a,5,94,15,58925,33,34014,30,0.7,3.3,Van den Berg,152.0,2024-08-22,2001-12-20,False,p444765,360,0,0,1,7,0,0,0,0,0,0,0,47,98.0,1.9,26.0,12.6,41,11,3,44,4,0.21,0.03,0.24,5.84,28,8,328,117,130,26,111,33,,,,,,,0.05,0.0,0.01,0.06,1.46,1.75,431,96,81,37,104,44,205,74,1.0,0.25,11.0
173,True,True,,,622536,0,0,0,0,0,2,0.0,0.0,0,Benjamin,0.0,114,False,,,40,622536.jpg,0.0,False,Arthur,0.3,False,,a,5,94,0,5083,14,11633,13,0.0,0.0,Arthur,241.0,2024-03-08,2005-10-09,False,p622536,0,0,0,0,0,0,0,0,0,0,0,0,0,0.0,0.0,0.0,0.0,0,0,0,0,0,0.00,0.00,0.00,0.00,501,205,488,204,445,184,505,205,,,,,,,0.0,0.0,0.0,0.0,0.0,0.0,717,222,496,200,509,203,322,113,0.0,0.0,0.0
174,True,True,,,612534,0,0,0,0,0,2,0.0,0.0,0,Benjamin,0.0,115,False,,,40,612534.jpg,0.0,False,Fredrick,0.1,False,,a,5,94,0,1898,4,6158,12,0.0,0.0,Fredrick,,,,False,p612534,0,0,0,0,0,0,0,0,0,0,0,0,0,0.0,0.0,0.0,0.0,0,0,0,0,0,0.00,0.00,0.00,0.00,500,204,487,203,444,183,504,204,,,,,,,0.0,0.0,0.0,0.0,0.0,0.0,716,221,495,199,508,202,410,152,0.0,0.0,0.0
175,True,True,,,472713,0,0,0,0,0,2,0.5,0.5,0,Aaron,0.5,116,False,,,40,472713.jpg,0.7,False,Hickey,0.4,False,,a,5,94,2,8444,29,16186,20,0.1,0.5,Hickey,243.0,2022-07-09,2002-06-10,False,p472713,20,0,0,0,1,0,0,0,1,0,0,0,5,6.2,0.4,0.0,0.7,1,0,3,4,0,0.00,0.00,0.00,0.40,336,127,354,129,396,152,366,129,,,,,,,0.0,0.0,0.0,0.0,1.8,4.5,662,184,288,93,388,131,275,99,0.0,0.0,18.0
176,True,True,,,570241,0,0,-1,1,0,2,0.0,0.0,0,Kim,0.0,117,False,,,39,570241.jpg,0.0,False,Ji-soo,0.1,False,,a,5,94,0,1938,44,6111,12,0.0,0.0,Ji-soo,114.0,2023-07-20,2004-12-24,False,p570241,0,0,0,0,0,0,0,0,0,0,0,0,0,0.0,0.0,0.0,0.0,0,0,0,0,0,0.00,0.00,0.00,0.00,402,152,385,149,339,126,406,152,,,,,,,0.0,0.0,0.0,0.0,0.0,0.0,734,239,398,148,412,152,413,153,0.0,0.0,0.0
177,True,False,0.0,0.0,499717,0,0,0,0,0,2,0.0,0.0,0,Jayden,0.0,118,False,Has joined Rangers on loan for the rest of the season.,2025-08-19T13:37:28.261506Z,40,499717.jpg,0.0,False,Meghoma,0.1,False,,u,5,94,0,279,0,8120,8,0.0,0.0,Meghoma,241.0,2024-08-30,2006-06-28,False,p499717,0,0,0,0,0,0,0,0,0,0,0,0,0,0.0,0.0,0.0,0.0,0,0,0,0,0,0.00,0.00,0.00,0.00,467,180,454,179,410,158,471,180,,,,,,,0.0,0.0,0.0,0.0,0.0,0.0,679,193,462,175,476,179,530,194,0.0,0.0,0.0
178,True,True,100.0,100.0,513418,0,0,0,0,0,3,2.5,2.5,0,Kevin,2.5,120,False,,2025-08-09T14:00:04.851048Z,70,513418.jpg,2.8,False,Schade,0.4,False,,a,5,94,11,32690,69,23348,61,0.4,1.6,Schade,80.0,2023-07-01,2001-11-27,False,p513418,302,1,0,1,3,0,0,1,0,0,0,0,29,63.0,20.5,87.0,17.1,6,11,8,25,3,1.66,0.09,1.75,3.98,103,34,179,117,19,9,57,38,,,,,,,0.49,0.0,0.03,0.52,1.19,0.89,42,26,111,44,174,75,259,88,0.89,0.3,7.45
179,True,True,,,440089,0,0,-1,1,0,3,1.8,1.8,0,Mikkel,1.8,121,False,,,59,440089.jpg,3.5,False,Damsgaard,0.7,False,,a,5,94,7,24540,27,64546,103,0.3,1.2,Damsgaard,58.0,2022-08-10,2000-07-03,False,p440089,180,0,0,1,2,0,0,0,0,0,0,0,24,39.0,81.7,16.0,13.7,6,7,3,16,2,0.06,0.51,0.57,2.73,169,65,27,24,190,114,87,53,2.0,,3.0,,,,0.03,0.0,0.26,0.29,1.36,1.0,109,75,178,79,129,51,215,73,1.0,0.5,8.0
180,True,True,,,543295,0,0,-1,1,0,3,0.0,0.0,0,Antoni,0.0,122,False,,,54,543295.jpg,1.0,False,Milambo,0.0,False,,a,5,94,1,1249,4,3797,6,0.0,0.2,Milambo,152.0,2025-07-03,2005-04-03,False,p543295,45,0,0,0,3,0,0,0,0,0,0,0,5,4.0,1.8,0.0,0.6,0,2,2,4,1,0.00,0.01,0.01,1.49,354,171,330,174,702,310,372,180,,,,,,,0.0,0.0,0.02,0.02,2.98,6.0,209,131,710,309,365,176,584,227,2.0,0.0,8.0
181,True,True,,,244858,0,0,-1,1,0,3,2.0,2.0,0,Fábio,2.0,123,False,,,49,244858.jpg,3.3,False,Freitas Gouveia Carvalho,0.3,False,,a,5,94,10,19003,116,21205,24,0.4,2.0,Carvalho,173.0,2024-08-12,2002-08-30,False,p244858,92,1,0,0,4,0,0,0,0,0,0,1,33,38.6,5.2,36.0,7.9,0,4,3,7,1,0.70,0.03,0.73,2.08,171,67,292,159,92,55,192,95,4.0,,,,,,0.68,0.0,0.03,0.71,2.03,3.91,340,211,140,52,137,54,313,104,0.98,0.0,6.85
182,True,True,,,56979,0,0,0,0,0,3,3.0,3.0,0,Jordan,3.0,124,False,,,50,56979.jpg,3.2,False,Henderson,0.3,False,,a,5,94,13,17296,91,15081,43,0.6,2.6,Henderson,241.0,2025-07-15,1990-06-17,False,p56979,249,0,1,2,2,0,0,0,0,0,0,1,42,46.0,30.1,5.0,8.1,8,13,5,26,3,0.03,0.04,0.07,2.61,144,51,123,84,267,148,183,91,,,,,,,0.01,0.0,0.01,0.02,0.94,0.72,240,149,83,30,147,57,294,97,1.08,0.72,9.4
183,True,True,100.0,100.0,204580,0,0,-1,1,0,3,0.0,0.0,0,Vitaly,0.0,125,False,,2025-08-09T14:00:04.867824Z,49,204580.jpg,0.0,False,Janelt,0.0,False,,a,5,94,0,193,1,1167,2,0.0,0.0,Janelt,80.0,2020-10-03,1998-05-10,False,p204580,0,0,0,0,0,0,0,0,0,0,0,0,0,0.0,0.0,0.0,0.0,0,0,0,0,0,0.00,0.00,0.00,0.00,652,270,645,271,620,263,654,272,,,,,,,0.0,0.0,0.0,0.0,0.0,0.0,325,203,650,269,656,273,687,296,0.0,0.0,0.0
184,True,True,,,207283,0,0,-1,1,0,3,0.8,0.8,0,Mathias,0.8,126,False,,,49,207283.jpg,1.7,False,Jensen,0.1,False,,a,5,94,5,1622,4,4729,5,0.2,1.0,Jensen,58.0,2019-07-10,1996-01-01,False,p207283,151,0,0,0,4,0,0,0,0,0,0,0,32,26.8,48.0,10.0,8.5,7,5,6,18,2,0.13,0.10,0.23,2.87,225,97,80,56,221,127,179,89,3.0,,,,,,0.08,0.0,0.06,0.14,1.71,2.38,328,205,261,125,263,129,531,188,1.19,0.0,10.73
185,True,True,25.0,25.0,626464,0,0,-1,1,0,3,0.0,0.0,0,Gustavo,0.0,127,False,Lack of match fitness - 25% chance of playing,2025-08-09T14:00:04.884092Z,49,626464.jpg,0.0,False,Nunes Fernandes Gomes,0.0,False,,d,5,94,0,96,0,719,0,0.0,0.0,Nunes,30.0,2024-08-28,2005-11-20,False,p626464,0,0,0,0,0,0,0,0,0,0,0,0,0,0.0,0.0,0.0,0.0,0,0,0,0,0,0.00,0.00,0.00,0.00,674,285,669,287,646,279,676,287,,,,,,,0.0,0.0,0.0,0.0,0.0,0.0,374,237,672,284,677,287,710,309,0.0,0.0,0.0
186,True,True,,,428580,0,0,0,0,0,3,1.2,1.2,0,Frank,1.2,128,False,,,50,428580.jpg,3.0,False,Onyeka,0.1,False,,a,5,94,9,3666,9,3932,7,0.2,1.8,Onyeka,157.0,2021-07-20,1998-01-01,False,p428580,61,0,2,0,2,0,0,0,0,0,0,0,31,23.4,12.3,4.0,3.9,2,3,1,6,0,0.00,0.36,0.36,1.37,241,108,232,138,285,153,284,144,,,,,,,0.0,0.0,0.53,0.53,2.02,2.95,275,168,213,102,160,63,551,201,0.0,0.0,8.85
187,True,True,,,508395,0,0,0,0,0,3,2.5,2.5,0,Yehor,2.5,129,False,,,50,508395.jpg,3.0,False,Yarmoliuk,0.1,False,,a,5,94,12,4689,6,3585,9,0.5,2.4,Yarmoliuk,225.0,2022-10-28,2004-03-01,False,p508395,348,0,0,1,7,0,0,0,1,0,0,0,49,51.4,31.9,17.0,10.0,10,24,9,43,4,0.12,0.14,0.26,5.60,126,43,112,79,183,109,151,76,,,,,,,0.03,0.0,0.04,0.07,1.45,1.81,296,182,105,40,162,64,532,189,1.03,0.26,11.12
188,True,True,,,606689,0,0,0,0,0,3,0.0,0.0,0,Romelle,0.0,130,False,,,45,606689.jpg,0.0,False,Donovan,0.1,False,,a,5,94,0,3700,11,5990,17,0.0,0.0,Donovan,241.0,2025-07-01,2006-11-30,False,p606689,0,0,0,0,0,0,0,0,0,0,0,0,0,0.0,0.0,0.0,0.0,0,0,0,0,0,0.00,0.00,0.00,0.00,629,254,624,257,595,245,632,257,,,,,,,0.0,0.0,0.0,0.0,0.0,0.0,499,292,628,255,637,262,480,163,0.0,0.0,0.0
189,True,True,,,628204,0,0,-1,1,0,3,0.0,0.0,0,Yunus Emre,0.0,131,False,,,44,628204.jpg,0.0,False,Konak,0.2,False,,a,5,94,0,12553,43,10774,25,0.0,0.0,Konak,219.0,2024-01-11,2006-01-10,False,p628204,0,0,0,0,0,0,0,0,0,0,0,0,0,0.0,0.0,0.0,0.0,0,0,0,0,0,0.00,0.00,0.00,0.00,564,207,551,210,516,197,568,210,,,,,,,0.0,0.0,0.0,0.0,0.0,0.0,601,328,560,207,571,215,359,122,0.0,0.0,0.0
190,True,True,25.0,25.0,220695,0,0,0,0,0,3,0.0,0.0,0,Paris,0.0,132,False,Lack of match fitness - 25% chance of playing,2025-08-14T16:00:05.924672Z,45,220695.jpg,0.0,False,Maghoma,0.0,False,,d,5,94,0,170,0,1714,4,0.0,0.0,Maghoma,241.0,2020-08-01,2001-05-08,False,p220695,0,0,0,0,0,0,0,0,0,0,0,0,0,0.0,0.0,0.0,0.0,0,0,0,0,0,0.00,0.00,0.00,0.00,573,211,564,214,532,201,577,214,,,,,,,0.0,0.0,0.0,0.0,0.0,0.0,414,245,570,211,580,219,673,288,0.0,0.0,0.0
191,True,True,,,450539,0,0,0,0,0,3,0.0,0.0,0,Myles,0.0,133,False,,,45,450539.jpg,0.0,False,Peart-Harris,0.0,False,,a,5,94,0,1111,9,2164,4,0.0,0.0,Peart-Harris,241.0,2021-07-23,2002-09-18,False,p450539,0,0,0,0,0,0,0,0,0,0,0,0,0,0.0,0.0,0.0,0.0,0,0,0,0,0,0.00,0.00,0.00,0.00,582,217,574,220,544,208,586,220,,,,,,,0.0,0.0,0.0,0.0,0.0,0.0,433,252,580,218,589,225,603,242,0.0,0.0,0.0
192,True,False,0.0,0.0,591357,0,0,0,0,0,3,0.0,0.0,0,Ryan,0.0,134,False,Has joined Wigan on loan for the rest of the season,2025-08-11T01:07:54.335986Z,45,591357.jpg,0.0,False,Trevitt,0.0,False,,u,5,94,0,0,0,701,0,0.0,0.0,Trevitt,241.0,2024-01-08,2003-03-12,False,p591357,0,0,0,0,0,0,0,0,0,0,0,0,0,0.0,0.0,0.0,0.0,0,0,0,0,0,0.00,0.00,0.00,0.00,628,253,623,256,594,244,631,256,,,,,,,0.0,0.0,0.0,0.0,0.0,0.0,497,291,627,254,636,261,711,310,0.0,0.0,0.0
193,True,True,,,502500,0,0,0,0,0,4,2.2,2.2,0,Igor Thiago,2.2,136,False,,,60,502500.jpg,3.8,False,Nascimento Rodrigues,1.8,False,,a,5,94,15,192220,331,107356,258,0.4,2.5,Thiago,30.0,2024-07-01,2001-06-26,False,p502500,341,2,0,1,6,0,0,0,2,0,0,1,57,94.4,58.9,58.0,21.2,12,4,3,19,4,1.25,0.15,1.40,5.36,36,6,63,4,53,17,35,8,,,,,2.0,,0.33,0.0,0.04,0.37,1.41,1.58,92,27,124,12,112,11,133,19,1.06,0.26,5.01
194,True,True,,,533710,0,0,-1,1,0,4,0.0,0.0,0,Iwan,0.0,137,False,,,44,533710.jpg,0.0,False,Morgan,0.4,False,,a,5,94,0,18734,98,27303,42,0.0,0.0,Morgan,,,,False,p533710,0,0,0,0,0,0,0,0,0,0,0,0,0,0.0,0.0,0.0,0.0,0,0,0,0,0,0.00,0.00,0.00,0.00,544,49,531,49,496,47,548,50,,,,,,,0.0,0.0,0.0,0.0,0.0,0.0,579,74,541,50,552,51,258,42,0.0,0.0,0.0
195,True,True,,,49262,0,0,-1,1,0,1,-0.5,0.0,0,Jason,0.0,138,False,,,44,49262.jpg,0.0,False,Steele,0.3,False,,a,6,36,0,3448,9,18952,25,0.0,0.0,Steele,241.0,2018-07-01,1990-08-18,False,p49262,0,0,0,0,0,0,0,0,0,0,0,0,0,0.0,0.0,0.0,0.0,0,0,0,0,0,0.00,0.00,0.00,0.00,505,71,492,56,450,49,509,71,,,,,,,0.0,0.0,0.0,0.0,0.0,0.0,515,31,501,70,513,71,289,41,0.0,0.0,0.0
196,True,True,,,489639,0,0,0,0,0,1,0.7,1.2,0,Bart,1.2,139,False,,,45,489639.jpg,1.8,False,Verbruggen,5.3,False,,a,6,36,7,65268,67,275535,520,0.3,1.6,Verbruggen,152.0,2023-07-03,2002-08-18,False,p489639,360,0,0,0,6,0,0,0,0,0,7,0,40,71.0,10.0,0.0,8.0,2,43,0,0,4,0.00,0.01,0.01,5.63,86,13,256,2,554,67,184,10,,,,,,,0.0,1.75,0.0,0.0,1.41,1.5,447,29,203,17,254,21,66,11,1.0,0.0,0.0
197,True,True,,,209288,0,0,0,0,0,1,-0.5,0.0,0,Tom,0.0,140,False,,,40,209288.jpg,0.0,False,McGill,0.4,False,,a,6,36,0,6780,8,9568,13,0.0,0.0,McGill,39.0,2021-02-02,2000-03-25,False,p209288,0,0,0,0,0,0,0,0,0,0,0,0,0,0.0,0.0,0.0,0.0,0,0,0,0,0,0.00,0.00,0.00,0.00,428,40,415,25,370,18,432,40,,,,,,,0.0,0.0,0.0,0.0,0.0,0.0,631,56,424,39,438,40,284,39,0.0,0.0,0.0
198,True,False,0.0,0.0,472739,0,0,0,0,0,1,0.0,0.0,0,Carl,0.0,141,False,Has joined Coventry City on loan for the rest of the season.,2025-07-25T14:54:18.206318Z,40,472739.jpg,0.0,False,Rushworth,0.0,False,,u,6,36,0,0,0,146,0,0.0,0.0,Rushworth,241.0,2023-07-01,2001-07-02,False,p472739,0,0,0,0,0,0,0,0,0,0,0,0,0,0.0,0.0,0.0,0.0,0,0,0,0,0,0.00,0.00,0.00,0.00,454,54,441,39,397,32,458,54,,,,,,,0.0,0.0,0.0,0.0,0.0,0.0,663,70,449,53,463,54,729,84,0.0,0.0,0.0
199,True,False,0.0,0.0,240514,0,0,0,0,0,1,0.0,0.0,0,Kjell,0.0,142,False,Has joined Union SG permanently,2025-07-25T14:53:26.961790Z,40,240514.jpg,0.0,False,Scherpen,0.0,False,,u,6,36,0,0,0,138,0,0.0,0.0,Scherpen,152.0,2021-07-16,2000-01-23,False,p240514,0,0,0,0,0,0,0,0,0,0,0,0,0,0.0,0.0,0.0,0.0,0,0,0,0,0,0.00,0.00,0.00,0.00,436,45,423,30,378,23,440,45,,,,,,,0.0,0.0,0.0,0.0,0.0,0.0,640,61,431,44,445,45,731,85,0.0,0.0,0.0
200,True,True,,,204120,0,0,-1,1,0,2,-0.5,0.0,0,Olivier,0.0,143,False,,,44,204120.jpg,0.0,False,Boscagli,0.1,False,,a,6,36,0,1593,4,6249,8,0.0,0.0,Boscagli,73.0,2025-07-02,1997-11-18,False,p204120,0,0,0,0,0,0,0,0,0,0,0,0,0,0.0,0.0,0.0,0.0,0,0,0,0,0,0.00,0.00,0.00,0.00,516,215,503,214,462,196,520,215,,,,,,,0.0,0.0,0.0,0.0,0.0,0.0,531,128,511,210,524,213,492,184,0.0,0.0,0.0
201,True,True,,,550090,0,0,-1,1,0,2,-0.3,0.2,0,Diego,0.2,144,False,,,44,550090.jpg,1.0,False,Coppola,0.1,False,,a,6,36,1,697,1,3572,5,0.0,0.2,Coppola,106.0,2025-06-17,2003-12-28,False,p550090,1,0,0,0,0,0,0,0,0,0,0,0,3,0.0,0.0,0.0,0.0,0,0,0,0,0,0.00,0.00,0.00,0.06,550,222,537,221,502,208,554,222,,,,,,,0.0,0.0,0.0,0.0,5.4,0.0,586,152,350,126,322,117,561,203,0.0,0.0,0.0
202,True,True,75.0,75.0,465730,0,0,0,0,0,2,0.2,0.6,0,Maxim,0.8,145,False,Knock - 75% chance of playing,2025-09-13T21:30:07.998380Z,45,465730.jpg,1.2,False,De Cuyper,3.2,False,,d,6,36,5,46026,3,336109,731,0.2,1.1,De Cuyper,21.0,2025-07-05,2000-12-22,False,p465730,269,0,0,0,5,0,0,0,1,0,0,0,24,28.4,37.7,12.0,7.9,10,15,6,16,4,0.00,0.47,0.47,3.84,221,87,99,22,209,56,191,64,,,,,,,0.0,0.0,0.16,0.16,1.28,1.67,440,98,257,88,289,99,100,40,1.34,0.0,5.35
203,True,True,,,83299,0,0,0,0,0,2,1.5,2.0,0,Lewis,2.0,146,False,,,45,83299.jpg,2.5,False,Dunk,1.2,False,,a,6,36,10,34830,62,46794,83,0.4,2.2,Dunk,241.0,2009-07-01,1991-11-21,False,p83299,360,0,1,0,6,0,0,0,1,0,0,0,47,60.0,14.2,26.0,10.1,27,16,3,30,4,0.18,0.02,0.20,5.63,107,46,217,69,127,23,144,50,,,,,,,0.04,0.0,0.0,0.04,1.41,1.5,392,71,132,57,183,73,171,63,1.0,0.0,7.5
204,True,False,0.0,0.0,204214,0,0,0,0,0,2,0.0,0.0,0,Pervis,0.0,147,False,Has joined AC Milan permanently,2025-07-24T10:14:09.955203Z,45,204214.jpg,0.0,False,Estupiñán Tenorio,0.0,False,,u,6,36,0,0,0,1711,3,0.0,0.0,Estupiñan,62.0,2022-07-16,1998-01-21,False,p204214,0,0,0,0,0,0,0,0,0,0,0,0,0,0.0,0.0,0.0,0.0,0,0,0,0,0,0.00,0.00,0.00,0.00,571,225,562,224,530,213,575,225,,,4.0,,,,0.0,0.0,0.0,0.0,0.0,0.0,412,84,568,221,578,222,683,229,0.0,0.0,0.0
205,True,True,,,231416,0,0,-1,1,0,2,0.5,1.0,0,Ferdi,1.0,148,False,,,44,231416.jpg,1.3,False,Kadıoğlu,0.1,False,,a,6,36,4,3056,14,10447,13,0.2,0.9,F.Kadıoğlu,219.0,2024-08-27,1999-10-07,False,p231416,110,0,0,0,2,0,0,0,2,0,0,0,7,21.2,9.9,0.0,3.1,10,6,2,12,0,0.00,0.04,0.04,2.03,248,96,261,85,466,198,313,105,,,,,,,0.0,0.0,0.03,0.03,1.66,1.64,539,134,225,80,283,97,427,162,0.0,0.0,9.82
206,True,False,0.0,0.0,232792,0,0,-1,1,0,2,0.0,0.0,0,Tariq,0.0,150,False,has joined Fiorentina permanently.,2025-09-02T12:06:29.254107Z,44,232792.jpg,0.0,False,Lamptey,0.2,False,,u,6,36,0,2778,0,28362,52,0.0,0.0,Lamptey,81.0,2020-01-31,2000-09-30,False,p232792,0,0,0,0,0,0,0,0,0,0,0,0,0,0.0,0.0,0.0,0.0,0,0,0,0,0,0.00,0.00,0.00,0.00,520,217,507,216,468,199,524,217,,,,,,,0.0,0.0,0.0,0.0,0.0,0.0,542,136,515,212,528,215,384,139,0.0,0.0,0.0
207,True,True,,,469142,0,0,0,0,0,2,0.7,1.2,0,Jan Paul,1.2,151,False,,,45,469142.jpg,1.8,False,van Hecke,0.9,False,,a,6,36,7,15746,26,44124,51,0.3,1.6,Van Hecke,152.0,2020-09-10,2000-06-08,False,p469142,360,0,0,0,6,0,0,0,1,0,0,0,29,87.8,3.4,39.0,13.1,27,14,2,29,4,0.30,0.16,0.46,5.63,49,19,309,106,82,9,100,26,,,,,,,0.08,0.0,0.04,0.12,1.41,1.5,443,99,202,76,253,88,184,70,1.0,0.0,7.25
208,True,True,,,111478,0,0,-1,1,0,2,0.5,1.0,0,Joël,1.0,152,False,,,44,111478.jpg,2.0,False,Veltman,0.2,False,,a,6,36,4,4074,16,11495,7,0.2,0.9,Veltman,152.0,2020-07-29,1992-01-15,False,p111478,180,0,0,0,3,0,0,0,1,0,0,0,18,30.6,14.6,6.0,5.2,8,7,7,15,2,0.00,0.01,0.01,3.27,209,80,215,68,257,81,253,85,,,,,,,0.0,0.0,0.0,0.0,1.64,1.5,524,122,224,79,221,79,377,137,1.0,0.0,7.5
209,True,True,0.0,0.0,110735,0,0,-1,1,0,2,0.0,0.0,0,Adam,0.0,153,False,Knee injury - Unknown return date,2025-08-08T14:30:04.202011Z,44,110735.jpg,0.0,False,Webster,0.0,False,,i,6,36,0,206,0,900,1,0.0,0.0,Webster,241.0,2019-08-03,1995-01-04,False,p110735,0,0,0,0,0,0,0,0,0,0,0,0,0,0.0,0.0,0.0,0.0,0,0,0,0,0,0.00,0.00,0.00,0.00,511,211,498,210,457,192,515,211,,,,,,,0.0,0.0,0.0,0.0,0.0,0.0,523,121,506,206,519,209,703,237,0.0,0.0,0.0
210,True,False,0.0,0.0,439135,0,0,0,0,0,2,0.0,0.0,0,Eiran,0.0,154,False,Has joined Birmingham on loan for the rest of the season.,2025-07-28T11:50:54.390347Z,40,439135.jpg,0.0,False,Cashin,0.0,False,,u,6,36,0,0,0,551,0,0.0,0.0,Cashin,104.0,2025-01-31,2001-11-09,False,p439135,0,0,0,0,0,0,0,0,0,0,0,0,0,0.0,0.0,0.0,0.0,0,0,0,0,0,0.00,0.00,0.00,0.00,442,170,429,169,384,147,446,170,,,,,,,0.0,0.0,0.0,0.0,0.0,0.0,648,177,437,165,451,169,708,239,0.0,0.0,0.0
211,True,True,,,589100,0,0,0,0,0,2,-0.5,0.0,0,Jacob,0.0,155,False,,,40,589100.jpg,0.0,False,Slater,0.2,False,,a,6,36,0,2986,11,7216,8,0.0,0.0,Slater,,,,False,p589100,0,0,0,0,0,0,0,0,0,0,0,0,0,0.0,0.0,0.0,0.0,0,0,0,0,0,0.00,0.00,0.00,0.00,497,201,484,200,441,180,501,201,,,,,,,0.0,0.0,0.0,0.0,0.0,0.0,713,218,492,196,505,199,387,142,0.0,0.0,0.0
212,True,True,,,547720,0,0,0,0,0,2,-0.5,0.0,0,Charlie,0.0,156,False,,,40,547720.jpg,0.0,False,Tasker,0.1,False,,a,6,36,0,1877,5,5852,13,0.0,0.0,Tasker,241.0,2025-03-28,2006-02-24,False,p547720,0,0,0,0,0,0,0,0,0,0,0,0,0,0.0,0.0,0.0,0.0,0,0,0,0,0,0.00,0.00,0.00,0.00,480,190,467,189,424,169,484,190,,,,,,,0.0,0.0,0.0,0.0,0.0,0.0,695,206,475,185,489,189,426,161,0.0,0.0,0.0
213,True,True,,,451340,0,0,-1,1,0,3,3.0,3.5,0,Mitoma,3.5,157,False,,,64,451340.jpg,4.0,False,Kaoru,4.9,False,,a,6,36,16,120315,338,344614,425,0.5,2.5,Mitoma,108.0,2021-08-09,1997-05-20,False,p451340,352,1,1,1,5,0,0,0,1,0,0,0,51,75.0,81.5,65.0,21.8,3,6,3,12,4,0.67,0.20,0.87,5.39,75,25,28,25,41,22,28,21,,,,,,,0.17,0.0,0.05,0.22,1.38,1.28,69,48,62,21,97,37,75,23,1.02,0.26,3.07
214,True,True,100.0,100.0,463067,0,0,-2,2,0,3,0.0,0.5,0,Georginio,0.5,158,False,,2025-08-25T07:30:07.559102Z,58,463067.jpg,2.7,False,Rutter,0.6,False,,a,6,36,8,28657,20,117986,136,0.1,1.4,Georginio,73.0,2024-08-19,2002-04-20,False,p463067,163,0,1,1,2,0,0,0,1,0,0,0,30,14.2,25.5,40.0,7.9,2,3,2,7,2,0.14,0.07,0.21,1.89,287,135,147,100,80,49,196,97,,,,,,,0.08,0.0,0.04,0.12,1.04,1.1,118,80,330,161,180,78,228,79,1.1,0.55,3.87
215,True,True,0.0,0.0,109345,0,0,-2,2,0,3,0.0,0.0,0,Solly,0.0,159,False,Knee injury - Unknown return date,2025-08-10T18:00:05.450301Z,58,109345.jpg,0.0,False,March,0.0,False,,i,6,36,0,156,0,1808,2,0.0,0.0,March,241.0,2012-07-01,1994-07-20,False,p109345,0,0,0,0,0,0,0,0,0,0,0,0,0,0.0,0.0,0.0,0.0,0,0,0,0,0,0.00,0.00,0.00,0.00,723,318,723,318,722,318,723,318,4.0,,,,,,0.0,0.0,0.0,0.0,0.0,0.0,116,78,721,317,723,318,700,303,0.0,0.0,0.0
216,True,True,,,592031,0,0,-1,1,0,3,2.5,3.0,0,Yankuba,3.0,160,False,,,59,592031.jpg,3.8,False,Minteh,0.9,False,,a,6,36,15,44688,133,77963,107,0.5,2.5,Minteh,78.0,2024-07-01,2004-07-22,False,p592031,338,0,1,1,5,0,0,0,0,0,0,1,67,59.2,73.6,107.0,24.0,5,18,6,29,4,0.51,0.75,1.26,5.33,111,37,40,35,12,4,22,15,,,,,,,0.14,0.0,0.2,0.34,1.42,1.33,114,77,85,31,110,41,187,61,1.07,0.27,7.72
217,True,False,0.0,0.0,474120,0,0,-1,1,0,3,0.0,0.0,0,Julio,0.0,161,False,has joined Strasbourg permanently.,2025-08-10T18:00:05.470138Z,54,474120.jpg,0.0,False,Enciso Espínola,0.0,False,,u,6,36,0,105,0,2593,3,0.0,0.0,Enciso,168.0,2022-06-17,2004-01-23,False,p474120,0,0,0,0,0,0,0,0,0,0,0,0,0,0.0,0.0,0.0,0.0,0,0,0,0,0,0.00,0.00,0.00,0.00,709,308,709,309,699,307,710,309,,,,,,,0.0,0.0,0.0,0.0,0.0,0.0,199,124,707,306,711,309,679,291,0.0,0.0,0.0
218,True,True,,,513433,0,0,-1,1,0,3,2.0,2.5,0,Brajan,2.5,162,False,,,54,513433.jpg,2.8,False,Gruda,0.1,False,,a,6,36,11,8735,9,5587,19,0.5,2.0,Gruda,80.0,2024-08-14,2004-05-31,False,p513433,64,1,0,0,1,0,0,0,0,0,0,2,29,40.0,11.4,45.0,9.6,0,6,1,7,0,1.15,0.01,1.16,1.05,166,64,242,141,67,42,158,78,2.0,,6.0,,,,1.62,0.0,0.01,1.63,1.48,1.41,206,128,108,41,170,71,497,171,0.0,0.0,9.84
219,True,True,0.0,0.0,532529,0,0,-2,2,0,3,0.0,0.0,0,Jack,1.0,163,False,Ankle injury - Unknown return date,2025-09-13T21:30:08.019508Z,53,532529.jpg,1.3,False,Hinshelwood,0.1,False,,i,6,36,4,930,0,7411,20,0.2,0.8,Hinshelwood,241.0,2022-12-30,2005-04-11,False,p532529,107,0,0,0,2,0,0,0,0,0,0,0,22,9.4,2.0,0.0,1.2,2,6,3,11,2,0.00,0.01,0.01,2.32,315,151,326,173,688,300,355,173,,,,,,,0.0,0.0,0.01,0.01,1.95,1.68,232,146,239,118,287,140,569,213,1.68,0.0,9.25
220,True,False,0.0,0.0,219249,0,0,0,0,1,3,0.0,0.0,0,Matt,0.5,164,False,has joined Marseille on loan for the rest of the season.,2025-09-02T12:06:29.272628Z,55,219249.jpg,6.0,False,O'Riley,0.7,False,,u,6,36,12,130744,0,164207,319,0.1,2.2,O'Riley,58.0,2024-08-26,2000-11-21,False,p219249,177,1,0,1,2,0,0,0,0,0,0,2,36,60.8,66.6,63.0,19.0,3,2,4,9,2,1.21,0.17,1.38,2.12,106,35,52,42,44,25,46,31,1.0,,2.0,,2.0,,0.62,0.0,0.09,0.71,1.08,1.02,149,93,326,159,27,6,219,74,1.02,0.51,4.58
221,True,False,0.0,0.0,516211,0,0,-1,1,0,3,0.0,0.0,0,Abdallah,0.0,165,False,has joined Lens permanently.,2025-09-02T12:06:29.290672Z,54,516211.jpg,0.0,False,Sima,0.0,False,,u,6,36,0,247,0,1704,4,0.0,0.0,Sima,189.0,2021-08-30,2001-06-17,False,p516211,0,0,0,0,0,0,0,0,0,0,0,0,0,0.0,0.0,0.0,0.0,0,0,0,0,0,0.00,0.00,0.00,0.00,710,309,710,310,701,309,711,310,,,,,,,0.0,0.0,0.0,0.0,0.0,0.0,207,129,709,308,712,310,664,283,0.0,0.0,0.0
222,True,True,,,509416,0,0,-1,1,0,3,0.7,1.2,0,Yasin,1.2,166,False,,,49,509416.jpg,2.0,False,Ayari,0.2,False,,a,6,36,8,5732,20,11827,22,0.2,1.6,Ayari,206.0,2023-01-30,2003-10-06,False,p509416,272,0,0,0,5,0,0,0,0,0,0,1,53,40.0,34.2,20.0,9.5,8,12,9,29,2,0.15,0.22,0.37,3.58,165,63,105,75,157,94,160,79,3.0,,5.0,,,,0.05,0.0,0.07,0.12,1.18,1.65,363,226,210,100,234,110,399,134,0.66,0.0,9.6
223,True,True,,,535301,0,0,-1,1,0,3,0.0,0.5,0,Carlos,0.5,167,False,,,49,535301.jpg,1.2,False,Baleba,2.9,False,,a,6,36,5,66676,64,259622,431,0.1,1.0,Baleba,38.0,2023-08-29,2004-01-03,False,p535301,196,0,0,1,2,0,0,0,1,0,0,0,16,5.0,26.0,2.0,3.3,6,14,2,22,3,0.04,0.01,0.05,3.34,346,166,143,96,311,166,307,158,,,,,,,0.02,0.0,0.0,0.02,1.53,0.92,366,229,308,148,292,143,104,36,1.38,0.46,10.1
224,True,True,,,514254,0,0,0,0,0,3,0.3,0.8,0,Diego,0.8,169,False,,,50,514254.jpg,1.0,False,Gómez Amarilla,0.1,False,,a,6,36,3,1467,4,3145,4,0.2,0.6,Gomez,168.0,2025-01-01,2003-03-27,False,p514254,104,0,0,0,2,0,0,0,1,0,0,0,22,18.4,13.6,7.0,3.9,5,6,5,16,1,0.03,0.04,0.07,2.29,263,121,220,132,250,140,285,145,,,3.0,,,,0.03,0.0,0.03,0.06,1.98,1.73,299,184,266,129,351,166,550,200,0.87,0.0,13.85
225,True,True,,,15157,0,0,0,0,0,3,1.3,1.8,0,James,1.8,170,False,,,50,15157.jpg,2.7,False,Milner,0.1,False,,a,6,36,8,8772,37,7138,36,0.4,1.6,Milner,241.0,2023-07-01,1986-01-04,False,p15157,97,1,0,0,3,0,0,0,1,0,0,0,30,43.6,5.5,17.0,6.6,2,3,3,8,1,0.79,0.03,0.82,1.61,154,57,290,158,181,108,218,110,,,,,,,0.73,0.0,0.03,0.76,1.49,2.78,239,148,169,70,178,77,405,137,0.93,0.0,7.42
226,True,False,0.0,0.0,441192,0,0,-1,1,0,3,0.0,0.0,0,Jeremy,0.0,171,False,has joined Cremonese on loan for the rest of the season.,2025-09-02T12:06:29.308383Z,49,441192.jpg,0.0,False,Sarmiento Morante,0.0,False,,u,6,36,0,196,0,2228,7,0.0,0.0,Sarmiento,62.0,2021-09-21,2002-06-16,False,p441192,0,0,0,0,0,0,0,0,0,0,0,0,0,0.0,0.0,0.0,0.0,0,0,0,0,0,0.00,0.00,0.00,0.00,665,279,659,280,635,272,667,281,,,,,,,0.0,0.0,0.0,0.0,0.0,0.0,349,218,663,278,669,282,649,276,0.0,0.0,0.0
227,True,True,100.0,100.0,549074,0,0,-1,1,0,3,-0.5,0.0,0,Tom,0.0,172,False,,2025-08-10T18:00:05.491553Z,49,549074.jpg,0.0,False,Watson,0.0,False,,a,6,36,0,495,2,1409,3,0.0,0.0,Watson,241.0,2025-06-01,2006-04-08,False,p549074,0,0,0,0,0,0,0,0,0,0,0,0,0,0.0,0.0,0.0,0.0,0,0,0,0,0,0.00,0.00,0.00,0.00,671,282,665,283,642,275,673,284,,,,,,,0.0,0.0,0.0,0.0,0.0,0.0,368,231,670,282,675,285,633,263,0.0,0.0,0.0
228,True,True,100.0,100.0,467779,0,0,-1,1,0,3,0.3,0.8,0,Mats,0.8,173,False,,2025-09-01T10:30:07.953121Z,49,467779.jpg,3.5,False,Wieffer,0.1,False,,a,6,36,7,3056,3,4523,2,0.2,1.4,Wieffer,152.0,2024-07-06,1999-11-16,False,p467779,174,0,0,0,3,0,0,0,1,0,0,0,30,44.8,5.2,21.0,7.1,11,8,12,31,2,0.02,0.04,0.06,1.97,147,53,293,160,147,86,209,106,,,,,,,0.01,0.0,0.02,0.03,1.02,1.55,354,221,262,126,123,47,563,209,1.03,0.0,16.03
229,True,False,0.0,0.0,611695,0,0,0,0,0,3,0.0,0.0,0,Malick,0.0,174,False,Has joined Swansea City on loan for the rest of the season.,2025-08-15T12:03:00.771795Z,50,611695.jpg,0.0,False,Yalcouyé,0.0,False,,u,6,36,0,0,0,1111,0,0.0,0.0,Yalcouye,54.0,2024-07-12,2005-11-18,False,p611695,0,0,0,0,0,0,0,0,0,0,0,0,0,0.0,0.0,0.0,0.0,0,0,0,0,0,0.00,0.00,0.00,0.00,694,301,694,302,677,297,695,302,,,,,,,0.0,0.0,0.0,0.0,0.0,0.0,305,189,691,299,696,302,709,308,0.0,0.0,0.0
230,True,True,,,567121,0,0,0,0,0,3,-0.5,0.0,0,Joe,0.0,175,False,,,45,567121.jpg,0.0,False,Knight,0.1,False,,a,6,36,0,3106,13,4499,11,0.0,0.0,Knight,,,,False,p567121,0,0,0,0,0,0,0,0,0,0,0,0,0,0.0,0.0,0.0,0.0,0,0,0,0,0,0.00,0.00,0.00,0.00,613,243,608,246,579,234,616,246,,,,,,,0.0,0.0,0.0,0.0,0.0,0.0,481,280,612,244,621,251,505,176,0.0,0.0,0.0
231,True,True,,,550141,0,0,0,0,0,3,-0.5,0.0,0,Adrian,0.0,176,False,,,45,550141.jpg,0.0,False,Mazilu,0.0,False,,a,6,36,0,1302,6,2189,5,0.0,0.0,Mazilu,,,,False,p550141,0,0,0,0,0,0,0,0,0,0,0,0,0,0.0,0.0,0.0,0.0,0,0,0,0,0,0.00,0.00,0.00,0.00,605,238,600,241,571,229,609,241,,,,,,,0.0,0.0,0.0,0.0,0.0,0.0,471,275,604,239,613,246,600,240,0.0,0.0,0.0
232,True,False,0.0,0.0,513834,0,0,0,0,0,3,0.0,0.0,0,Andrew,0.0,177,False,Has joined Los Angeles FC on loan for the rest of the season.,2025-08-22T14:16:38.542849Z,45,513834.jpg,0.0,False,Moran,0.0,False,,u,6,36,0,490,0,3902,3,0.0,0.0,Moran,104.0,2021-08-23,2003-10-15,False,p513834,0,0,0,0,0,0,0,0,0,0,0,0,0,0.0,0.0,0.0,0.0,0,0,0,0,0,0.00,0.00,0.00,0.00,597,230,592,233,563,221,601,233,,,,,,,0.0,0.0,0.0,0.0,0.0,0.0,460,266,596,231,605,238,638,267,0.0,0.0,0.0
233,True,True,,,50175,0,0,-2,2,0,4,0.5,1.0,0,Danny,1.0,178,False,,,63,50175.jpg,1.2,False,Welbeck,2.0,False,,a,6,36,5,56675,205,321336,261,0.2,0.8,Welbeck,241.0,2020-10-18,1990-11-26,False,p50175,237,0,0,0,6,0,0,1,0,0,0,0,7,4.4,23.4,39.0,6.5,0,5,3,8,3,1.65,0.29,1.94,4.69,352,29,157,14,85,25,225,24,,,1.0,,1.0,,0.63,0.0,0.11,0.74,1.78,2.28,73,22,247,22,298,28,127,18,1.14,0.0,3.04
234,True,False,0.0,0.0,487117,0,0,0,0,0,4,0.0,0.0,0,Evan,0.0,179,False,Has joined AS Roma on loan for the rest of the season,2025-07-24T10:13:22.396984Z,55,487117.jpg,0.0,False,Ferguson,0.0,False,,u,6,36,0,0,0,1374,0,0.0,0.0,Ferguson,104.0,2021-08-23,2004-10-19,False,p487117,0,0,0,0,0,0,0,0,0,0,0,0,0,0.0,0.0,0.0,0.0,0,0,0,0,0,0.00,0.00,0.00,0.00,720,74,721,74,719,74,721,74,,,,,,,0.0,0.0,0.0,0.0,0.0,0.0,162,38,719,73,721,74,690,81,0.0,0.0,0.0
235,True,True,,,608181,0,0,-1,1,0,4,-0.3,0.2,0,Stefanos,0.2,180,False,,,54,608181.jpg,1.0,False,Tzimas,0.1,False,,a,6,36,1,4684,8,9668,18,0.0,0.2,Tzimas,83.0,2025-02-03,2006-01-06,False,p608181,23,0,0,0,0,0,0,0,0,0,0,0,0,0.0,0.1,0.0,0.0,0,2,0,2,0,0.00,0.00,0.00,0.25,712,72,368,41,705,71,713,72,,,,,,,0.0,0.0,0.0,0.0,0.98,0.0,214,47,377,42,367,37,470,65,0.0,0.0,7.83
236,True,True,,,647850,0,0,-1,1,0,4,-0.5,0.0,0,Charalampos,0.0,181,False,,,49,647850.jpg,0.0,False,Kostoulas,0.3,False,,a,6,36,0,11881,36,28928,37,0.0,0.0,Kostoulas,83.0,2025-07-01,2007-05-30,False,p647850,0,0,0,0,0,0,0,0,0,0,0,0,0,0.0,0.0,0.0,0.0,0,0,0,0,0,0.00,0.00,0.00,0.00,677,68,672,68,649,65,679,68,,,,,,,0.0,0.0,0.0,0.0,0.0,0.0,377,59,675,68,680,69,301,50,0.0,0.0,0.0
237,True,True,,,536916,0,0,-2,2,0,3,0.7,0.7,0,Facundo,0.2,168,False,,,48,536916.jpg,1.0,False,Buonanotte,0.1,False,,a,7,8,1,4839,19,13666,25,0.0,0.2,Buonanotte,10.0,2025-09-01,2004-12-23,False,p536916,45,0,0,0,1,0,0,0,0,0,0,0,4,5.6,25.1,8.0,3.9,0,2,1,3,1,0.00,0.09,0.09,0.55,341,162,151,102,238,132,282,142,,,,,,,0.0,0.0,0.18,0.18,1.1,2.0,381,241,356,169,333,155,450,149,2.0,0.0,6.0
238,True,True,,,215059,0,0,0,0,0,1,3.3,3.3,0,Robert,2.8,220,False,,,50,215059.jpg,4.8,False,Lynch Sánchez,22.2,False,,a,7,8,19,459005,252,679351,2566,0.6,3.8,Sánchez,200.0,2023-08-05,1997-11-18,False,p215059,360,0,0,2,3,0,0,0,0,0,11,1,71,79.4,0.0,0.0,7.9,3,27,0,0,4,0.00,0.00,0.00,3.84,66,10,678,82,657,78,194,13,,,,,,,0.0,2.75,0.0,0.0,0.96,0.75,264,12,95,12,57,7,16,3,1.0,0.5,0.0
239,True,True,,,508479,0,0,-1,1,0,1,0.5,0.5,0,Filip,0.0,221,False,,,44,508479.jpg,0.0,False,Jörgensen,0.2,False,,a,7,8,0,2241,6,9165,11,0.0,0.0,Jörgensen,58.0,2024-07-30,2002-04-16,False,p508479,0,0,0,0,0,0,0,0,0,0,0,0,0,0.0,0.0,0.0,0.0,0,0,0,0,0,0.00,0.00,0.00,0.00,539,77,526,62,491,55,543,77,,,,,,,0.0,0.0,0.0,0.0,0.0,0.0,573,37,536,76,547,77,383,58,0.0,0.0,0.0
240,True,False,0.0,0.0,549939,0,0,0,0,0,1,0.0,0.0,0,Mike,0.0,222,False,Has joined RC Strasbourg on loan for the rest of the season.,2025-07-28T11:48:06.001822Z,40,549939.jpg,0.0,False,Penders,0.0,False,,u,7,8,0,0,0,246,2,0.0,0.0,Penders,21.0,2024-08-27,2005-07-31,False,p549939,0,0,0,0,0,0,0,0,0,0,0,0,0,0.0,0.0,0.0,0.0,0,0,0,0,0,0.00,0.00,0.00,0.00,483,65,470,50,427,43,487,65,,,,,,,0.0,0.0,0.0,0.0,0.0,0.0,698,81,478,64,492,65,727,83,0.0,0.0,0.0
241,True,True,,,471798,0,0,0,0,0,1,0.5,0.5,0,Gabriel,0.0,223,False,,,40,471798.jpg,0.0,False,Słonina,0.1,False,,a,7,8,0,1888,4,4091,12,0.0,0.0,Slonina,229.0,2022-08-02,2004-05-15,False,p471798,0,0,0,0,0,0,0,0,0,0,0,0,0,0.0,0.0,0.0,0.0,0,0,0,0,0,0.00,0.00,0.00,0.00,453,53,440,38,395,31,457,53,,,,,,,0.0,0.0,0.0,0.0,0.0,0.0,661,69,448,52,462,53,478,73,0.0,0.0,0.0
242,True,True,,,179268,0,0,2,-2,0,2,3.5,3.5,0,Marc,3.0,224,False,,,62,179268.jpg,5.0,False,Cucurella Saseta,27.3,False,,a,7,8,20,1320737,969,594124,1892,0.5,3.2,Cucurella,200.0,2022-08-05,1998-07-22,False,p179268,293,0,1,2,2,0,0,0,0,0,0,2,96,82.4,79.6,36.0,19.8,15,16,8,23,3,0.17,0.47,0.64,2.84,57,22,32,5,93,13,42,4,,,,,,,0.05,0.0,0.14,0.19,0.87,0.61,82,1,86,38,51,26,11,3,0.92,0.61,7.06
243,True,True,,,225796,0,0,-1,1,0,2,1.3,1.3,0,Reece,0.8,225,False,,,54,225796.jpg,2.0,False,James,4.4,False,,a,7,8,8,160080,205,326592,526,0.1,1.5,James,241.0,2019-05-15,1999-12-08,False,p225796,153,0,0,1,1,0,0,0,1,0,0,0,48,29.6,65.7,9.0,10.5,8,10,1,9,1,0.08,0.34,0.42,2.60,216,84,53,9,228,67,138,48,3.0,,2.0,,,,0.05,0.0,0.2,0.25,1.53,0.59,186,25,269,92,239,86,81,32,0.59,0.59,5.29
244,True,True,,,180736,0,0,1,-1,1,2,6.5,6.5,0,Trevoh,6.0,226,True,,,51,180736.jpg,7.5,False,Chalobah,8.8,False,,a,7,8,30,947635,1554,194579,553,1.2,5.9,Chalobah,241.0,2018-02-16,1999-07-05,False,p180736,338,1,1,2,3,0,0,0,0,0,0,2,107,123.0,32.0,59.0,21.4,33,13,8,41,4,0.55,0.54,1.09,3.40,10,3,110,25,49,4,32,2,,,,,,,0.15,0.0,0.14,0.29,0.91,0.8,234,33,5,3,9,5,49,18,1.07,0.53,10.92
245,True,True,0.0,0.0,460028,0,0,-2,2,0,2,0.0,0.0,0,Levi,0.0,227,False,Anterior cruciate ligament - Unknown return date,2025-08-08T14:30:04.255160Z,48,460028.jpg,0.0,False,Samuels Colwill,0.1,False,,i,7,8,0,440,0,26287,13,0.0,0.0,Colwill,241.0,2022-07-01,2003-02-26,False,p460028,0,0,0,0,0,0,0,0,0,0,0,0,0,0.0,0.0,0.0,0.0,0,0,0,0,0,0.00,0.00,0.00,0.00,642,235,636,235,608,226,645,235,,,,,,,0.0,0.0,0.0,0.0,0.0,0.0,380,63,639,233,646,234,424,159,0.0,0.0,0.0
246,True,True,,,482609,0,0,-1,1,0,2,2.5,2.5,0,Malo,2.0,228,False,,,49,482609.jpg,3.0,False,Gusto,1.4,False,,a,7,8,9,42225,115,91001,150,0.4,1.8,Gusto,73.0,2023-01-28,2003-05-19,False,p482609,169,0,0,1,1,0,0,0,0,0,0,0,35,22.8,19.5,5.0,4.7,6,8,4,10,2,0.02,0.06,0.08,1.36,244,94,181,48,265,84,271,91,,,,,,,0.01,0.0,0.03,0.04,0.72,0.53,357,61,141,62,156,67,158,59,1.07,0.53,5.33
247,True,True,50.0,50.0,242880,0,0,-1,1,0,2,0.2,0.2,0,Benoît,0.0,229,False,Lack of match fitness - 50% chance of playing,2025-08-10T22:00:04.583805Z,44,242880.jpg,0.0,False,Badiashile Mukinayi,0.0,False,,d,7,8,0,115,0,1251,3,0.0,0.0,B.Badiashile,73.0,2023-01-05,2001-03-26,False,p242880,0,0,0,0,0,0,0,0,0,0,0,0,0,0.0,0.0,0.0,0.0,0,0,0,0,0,0.00,0.00,0.00,0.00,521,218,508,217,469,200,525,218,,,,,,,0.0,0.0,0.0,0.0,0.0,0.0,544,138,516,213,529,216,695,235,0.0,0.0,0.0
248,True,True,100.0,100.0,444463,0,0,-1,1,0,2,1.0,1.0,0,Wesley,0.5,230,False,,2025-08-15T10:30:06.840432Z,44,444463.jpg,1.0,False,Fofana,0.2,False,,a,7,8,2,5265,18,12819,17,0.1,0.5,Fofana,73.0,2022-08-31,2000-12-17,False,p444463,66,0,0,0,1,0,0,0,0,0,0,0,12,9.6,3.2,0.0,1.3,3,1,1,4,1,0.00,0.01,0.01,0.99,311,119,311,107,474,202,351,123,,,,,,,0.0,0.0,0.01,0.01,1.35,1.36,552,143,295,99,316,114,375,136,1.36,0.0,5.45
249,True,False,0.0,0.0,574458,0,0,0,0,0,2,0.0,0.0,0,Mamadou,0.0,231,False,Has joined RC Strasbourg on loan for the rest of the season.,2025-08-11T01:09:37.642396Z,45,574458.jpg,0.0,False,Sarr,0.0,False,,u,7,8,0,0,0,1675,2,0.0,0.0,M.Sarr,73.0,2025-06-09,2005-08-29,False,p574458,0,0,0,0,0,0,0,0,0,0,0,0,0,0.0,0.0,0.0,0.0,0,0,0,0,0,0.00,0.00,0.00,0.00,617,232,612,232,583,223,620,232,,,,,,,0.0,0.0,0.0,0.0,0.0,0.0,485,111,616,230,625,231,691,232,0.0,0.0,0.0
250,True,True,100.0,100.0,109646,0,0,0,0,0,2,3.3,3.3,0,Tosin,2.8,232,False,,2025-08-18T08:00:05.503139Z,45,109646.jpg,3.7,False,Adarabioyo,1.2,False,,a,7,8,11,78291,151,83324,119,0.6,2.4,Tosin,241.0,2024-07-01,1997-09-24,False,p109646,270,0,0,1,3,0,0,0,0,0,0,0,50,79.4,4.3,2.0,8.6,24,7,5,29,3,0.00,0.06,0.06,3.18,65,28,299,101,300,104,176,61,,,,,,,0.0,0.0,0.02,0.02,1.06,1.0,397,75,93,41,116,48,175,64,1.0,0.33,9.67
251,True,True,,,577016,0,0,0,0,0,2,0.5,0.5,0,Josh,0.0,233,False,,,40,577016.jpg,9.0,False,Acheampong,1.6,False,,a,7,8,9,262154,28,183286,232,0.0,2.2,Acheampong,241.0,2024-03-10,2006-05-05,False,p577016,90,0,0,1,0,0,0,0,0,0,0,3,35,16.2,2.3,10.0,2.9,6,4,2,8,1,0.09,0.01,0.10,0.66,270,103,320,113,220,61,320,108,,,,,,,0.09,0.0,0.01,0.1,0.66,0.0,708,215,487,193,2,1,147,55,1.0,1.0,8.0
252,True,False,0.0,0.0,622758,0,0,0,0,0,2,0.0,0.0,0,Aarón,0.0,234,False,has joined Borussia Dortmund on loan for the rest of the season.,2025-09-02T11:35:16.308555Z,40,622758.jpg,0.0,False,Anselmino,0.1,False,,u,7,8,0,1030,0,7286,15,0.0,0.0,Anselmino,10.0,2024-08-08,2005-04-29,False,p622758,0,0,0,0,0,0,0,0,0,0,0,0,0,0.0,0.0,0.0,0.0,0,0,0,0,0,0.00,0.00,0.00,0.00,502,206,489,205,446,185,506,206,,,,,,,0.0,0.0,0.0,0.0,0.0,0.0,718,223,497,201,510,204,508,187,0.0,0.0,0.0
253,True,True,100.0,100.0,244851,0,0,-1,1,0,3,2.3,2.3,0,Cole,1.8,235,False,,2025-08-23T01:00:07.551888Z,104,244851.jpg,5.0,False,Palmer,21.4,False,,a,7,8,10,624982,4746,4825445,781,0.2,1.0,Palmer,241.0,2023-09-01,2002-05-06,False,p244851,124,1,0,1,1,0,0,0,0,0,0,1,33,44.4,19.2,65.0,12.9,1,4,2,7,1,0.80,0.12,0.92,1.53,152,56,186,120,42,23,104,60,5.0,,1.0,,1.0,,0.58,0.0,0.09,0.67,1.11,0.73,4,2,183,82,55,17,20,6,0.73,0.73,5.08
254,True,True,,,247632,0,0,0,0,0,3,3.5,3.5,0,Pedro,3.0,236,False,,,70,247632.jpg,3.8,False,Lomba Neto,4.9,False,,a,7,8,15,362451,237,288152,790,0.4,2.1,Neto,173.0,2024-08-11,2000-03-09,False,p247632,350,1,0,2,3,0,0,0,0,0,0,0,76,71.6,123.6,64.0,25.9,4,11,3,18,4,0.53,0.91,1.44,3.17,84,27,11,10,43,24,14,11,1.0,,,,,,0.14,0.0,0.23,0.37,0.82,0.77,35,22,88,33,114,44,73,21,1.03,0.51,4.63
255,True,True,,,448047,0,0,2,-2,1,3,7.0,7.0,0,Enzo,6.5,237,False,,,67,448047.jpg,7.2,False,Fernández,13.6,False,,a,7,8,29,1309309,2054,308075,1275,1.0,4.3,Enzo,10.0,2023-01-31,2001-01-17,False,p448047,348,2,2,2,3,0,0,0,0,0,0,1,100,121.6,95.2,80.0,29.7,6,12,6,24,4,1.93,0.42,2.35,3.79,13,6,17,15,25,13,9,6,4.0,,3.0,,4.0,,0.5,0.0,0.11,0.61,0.98,0.78,49,32,4,1,13,3,30,11,1.03,0.52,6.21
256,True,True,,,624773,0,0,0,0,0,3,2.5,2.5,0,Estêvão,2.0,238,False,,,65,624773.jpg,2.7,False,Almeida de Oliveira Gonçalves,2.0,False,,a,7,8,8,193109,93,185742,566,0.3,1.2,Estêvão,30.0,2025-07-14,2007-04-24,False,p624773,179,0,1,1,1,0,0,0,1,0,0,0,27,37.0,37.6,62.0,13.7,2,6,3,11,2,0.99,1.04,2.03,0.75,183,75,100,71,46,27,88,54,2.0,,,,,,0.5,0.0,0.52,1.02,0.38,0.5,62,42,156,63,181,79,126,43,1.01,0.5,5.53
257,True,True,,,463936,0,0,-2,2,0,3,1.3,1.3,0,Jamie,0.8,239,False,,,63,463936.jpg,1.0,False,Bynoe-Gittens,0.1,False,,a,7,8,4,4978,11,23803,26,0.1,0.6,Gittens,241.0,2025-07-05,2004-08-08,False,p463936,143,0,0,0,1,0,0,0,0,0,0,0,13,12.2,40.0,32.0,8.4,1,3,2,6,2,0.11,0.11,0.22,2.22,296,140,93,67,102,62,182,90,,,,,,,0.07,0.0,0.07,0.14,1.4,0.63,78,54,282,138,380,185,430,144,1.26,0.0,3.78
258,True,False,0.0,0.0,213198,0,0,-1,1,0,3,0.0,0.0,0,Christopher,0.0,240,False,has joined AC Milan permanently.,2025-09-02T11:35:16.323578Z,59,213198.jpg,0.0,False,Nkunku,0.1,False,,u,7,8,0,2668,0,20879,26,0.0,0.0,Nkunku,73.0,2023-07-01,1997-11-14,False,p213198,0,0,0,0,0,0,0,0,0,0,0,0,0,0.0,0.0,0.0,0.0,0,0,0,0,0,0.00,0.00,0.00,0.00,726,321,726,321,726,321,726,321,,,,,2.0,,0.0,0.0,0.0,0.0,0.0,0.0,106,73,724,320,726,321,468,157,0.0,0.0,0.0
259,True,True,,,486672,0,0,1,-1,1,3,6.5,6.5,0,Moisés,6.0,241,True,,,56,486672.jpg,7.2,False,Caicedo Corozo,9.8,False,,a,7,8,29,647312,2904,234351,555,1.1,5.2,Caicedo,62.0,2023-08-14,2001-11-02,False,p486672,360,2,0,2,3,0,0,0,1,0,0,4,110,159.8,28.3,31.0,21.9,21,22,16,59,4,0.41,0.16,0.57,3.84,3,2,131,89,107,64,27,20,,,,,,,0.1,0.0,0.04,0.14,0.96,0.75,128,83,6,2,12,2,43,13,1.0,0.5,14.75
260,True,True,,,550615,0,0,-1,1,0,3,1.3,1.3,0,Tyrique,0.8,243,False,,,49,550615.jpg,1.5,False,George,0.1,False,,a,7,8,3,2010,3,3476,6,0.2,0.6,George,241.0,2024-04-15,2006-02-04,False,p550615,111,0,0,1,1,0,0,0,1,0,0,0,5,8.2,6.2,52.0,6.7,0,1,1,2,0,0.25,0.07,0.32,1.14,324,155,284,156,61,37,216,109,,,,,,,0.2,0.0,0.06,0.26,0.92,0.81,369,232,263,127,275,135,566,211,0.0,0.81,1.62
261,True,True,50.0,50.0,514356,0,0,-1,1,0,3,0.2,0.2,0,Roméo,0.0,244,False,Lack of match fitness - 50% chance of playing,2025-08-10T22:00:04.594276Z,49,514356.jpg,0.0,False,Lavia,0.0,False,,d,7,8,0,132,0,1806,3,0.0,0.0,Lavia,21.0,2023-08-18,2004-01-06,False,p514356,0,0,0,0,0,0,0,0,0,0,0,0,0,0.0,0.0,0.0,0.0,0,0,0,0,0,0.00,0.00,0.00,0.00,670,281,664,282,641,274,672,283,,,,,,,0.0,0.0,0.0,0.0,0.0,0.0,364,227,668,280,674,284,682,294,0.0,0.0,0.0
262,True,True,0.0,0.0,465920,0,0,0,0,0,3,0.0,0.0,0,Mykhailo,0.0,245,False,Suspended - unknown return date,2025-07-21T10:00:04.824210Z,50,465920.jpg,0.0,False,Mudryk,0.0,False,,s,7,8,0,289,0,559,1,0.0,0.0,Mudryk,225.0,2023-01-15,2001-01-05,False,p465920,0,0,0,0,0,0,0,0,0,0,0,0,0,0.0,0.0,0.0,0.0,0,0,0,0,0,0.00,0.00,0.00,0.00,685,294,685,295,666,288,686,295,,,,,,,0.0,0.0,0.0,0.0,0.0,0.0,282,171,682,292,687,295,706,307,0.0,0.0,0.0
263,True,True,,,532605,0,0,0,0,0,3,0.7,0.7,0,Andrey,0.2,246,False,,,45,532605.jpg,0.7,False,Nascimento dos Santos,0.3,False,,a,7,8,2,19837,48,24299,34,0.0,0.4,Andrey Santos,30.0,2023-01-07,2004-05-03,False,p532605,48,0,0,0,0,0,0,0,1,0,0,0,7,6.8,22.8,25.0,5.5,1,3,1,5,0,0.31,0.02,0.33,1.28,334,160,159,104,133,78,247,122,,,,,,,0.58,0.0,0.04,0.62,2.4,0.0,466,270,352,166,389,190,305,102,0.0,0.0,9.38
264,True,True,0.0,0.0,491007,0,0,-1,1,0,3,0.0,0.0,0,Dário,0.0,247,False,Thigh injury - Unknown return date,2025-09-11T07:00:06.794916Z,44,491007.jpg,0.0,False,Luís Essugo,0.0,False,,i,7,8,0,2662,0,4495,16,0.0,0.0,D.Essugo,173.0,2025-06-02,2005-03-14,False,p491007,0,0,0,0,0,0,0,0,0,0,0,0,0,0.0,0.0,0.0,0.0,0,0,0,0,0,0.00,0.00,0.00,0.00,531,190,518,193,482,180,535,193,,,,,,,0.0,0.0,0.0,0.0,0.0,0.0,563,310,528,190,539,198,582,226,0.0,0.0,0.0
265,True,False,0.0,0.0,611134,0,0,0,0,0,3,0.0,0.0,0,Kendry,0.0,248,False,Has joined RC Strasbourg on loan for the rest of the season.,2025-08-11T01:09:37.664358Z,45,611134.jpg,0.0,False,Páez Andrade,0.0,False,,u,7,8,0,0,0,787,1,0.0,0.0,Paez,,,,False,p611134,0,0,0,0,0,0,0,0,0,0,0,0,0,0.0,0.0,0.0,0.0,0,0,0,0,0,0.00,0.00,0.00,0.00,633,258,628,261,599,249,636,261,,,,,,,0.0,0.0,0.0,0.0,0.0,0.0,504,296,631,258,639,264,712,311,0.0,0.0,0.0
266,True,True,,,475168,0,0,3,-3,2,4,8.3,8.3,0,João Pedro,7.8,249,True,,,78,475168.jpg,8.2,False,Junqueira de Jesus,67.5,False,,a,7,8,33,2295096,2959,759785,1348,1.0,4.2,João Pedro,30.0,2025-07-02,2001-09-26,False,p475168,330,2,3,2,2,0,0,0,0,0,0,8,132,146.6,68.2,120.0,33.2,9,8,2,19,4,1.50,0.17,1.67,3.06,4,2,49,2,6,3,6,2,,,,,,,0.41,0.0,0.05,0.46,0.83,0.55,18,6,2,1,8,3,1,1,1.09,0.55,5.18
267,True,True,0.0,0.0,463034,0,0,-2,2,0,4,0.0,0.0,0,Liam,0.8,250,False,Hamstring injury - Expected back 22 Nov,2025-08-31T01:30:07.879411Z,63,463034.jpg,1.3,False,Delap,1.3,False,,i,7,8,4,38269,5,351098,351,0.1,0.6,Delap,241.0,2025-06-04,2003-02-08,False,p463034,91,0,0,0,1,0,0,0,0,0,0,0,12,8.0,3.5,43.0,5.0,1,3,0,4,2,0.23,0.03,0.26,0.31,327,24,307,32,76,22,265,28,,,,,,,0.23,0.0,0.03,0.26,0.31,0.99,77,24,281,29,288,26,167,27,1.98,0.0,3.96
268,True,False,0.0,0.0,517052,0,0,0,0,0,4,0.0,0.0,0,Nicolas,0.0,251,False,has joined Bayern Munich on loan for the rest of the season.,2025-09-02T11:35:16.339917Z,65,517052.jpg,0.0,False,Jackson,0.1,False,,u,7,8,0,4962,0,12986,18,0.0,0.0,N.Jackson,189.0,2023-07-01,2001-06-20,False,p517052,0,0,0,0,0,0,0,0,0,0,0,0,0,0.0,0.0,0.0,0.0,0,0,0,0,0,0.00,0.00,0.00,0.00,733,78,733,78,733,78,733,78,,,,,,,0.0,0.0,0.0,0.0,0.0,0.0,61,20,731,77,733,78,486,67,0.0,0.0,0.0
269,True,True,100.0,100.0,499309,0,0,-1,1,0,4,1.0,1.0,0,Marc,0.5,252,False,,2025-08-11T10:30:07.368326Z,44,499309.jpg,1.0,False,Guiu Paz,9.6,False,,a,7,8,2,255791,377,1288366,1905,0.1,0.5,Marc Guiu,200.0,2024-07-01,2006-01-04,False,p499309,13,0,0,0,1,0,0,0,0,0,0,0,5,1.0,1.6,6.0,0.7,1,0,0,1,0,0.02,0.01,0.03,0.66,380,40,332,35,259,35,368,37,,,,,,,0.14,0.0,0.07,0.21,4.57,6.92,568,71,297,30,320,31,45,10,0.0,0.0,6.92
270,True,True,,,493105,0,0,-1,1,0,3,0.7,0.7,0,Alejandro,0.2,453,False,,,64,493105.jpg,1.0,False,Garnacho Ferreyra,0.3,False,,a,7,8,1,24880,84,18295,58,0.0,0.2,Garnacho,10.0,2025-08-30,2004-07-01,False,p493105,11,0,0,0,1,0,0,0,0,0,0,0,4,2.0,10.5,6.0,1.9,0,1,0,1,0,0.00,0.05,0.05,0.71,373,178,252,146,263,145,339,166,,,,,,,0.0,0.0,0.41,0.41,5.81,8.18,72,51,382,183,382,187,292,96,0.0,0.0,8.18
271,True,True,,,551210,0,0,-2,2,0,2,0.5,0.5,0,Jorrel,0.0,672,False,,,48,551210.jpg,0.0,False,Hato,0.2,False,,a,7,8,0,5628,14,23087,28,0.0,0.0,Hato,152.0,2025-08-03,2006-03-07,False,p551210,66,0,0,0,1,0,0,0,2,0,0,0,-8,1.2,2.5,2.0,0.5,2,3,0,2,1,0.00,0.01,0.01,0.99,379,135,316,109,303,106,375,131,,,,,,,0.0,0.0,0.01,0.01,1.35,1.36,382,64,640,234,647,235,358,127,1.36,0.0,2.73
272,True,True,,,172649,0,0,0,0,0,1,2.8,3.8,0,Dean,3.8,253,False,,,50,172649.jpg,5.2,False,Henderson,8.2,False,,a,8,31,21,273597,182,163019,588,0.8,4.2,Henderson,241.0,2023-08-31,1997-03-12,False,p172649,360,0,0,3,1,0,0,0,0,0,6,0,83,61.2,10.0,0.0,7.0,3,24,0,0,4,0.00,0.00,0.00,4.02,105,16,257,3,655,77,210,15,,,,,,,0.0,1.5,0.0,0.0,1.0,0.25,254,11,49,6,46,6,52,9,1.0,0.75,0.0
273,True,True,0.0,0.0,121709,0,0,0,0,0,1,0.0,0.0,0,Walter,0.0,254,False,Hand injury - Expected back 05 Oct,2025-09-19T14:49:12.216385Z,40,121709.jpg,0.0,False,Benítez,0.4,False,,i,8,31,0,6129,0,10852,90,0.0,0.0,Benitez,10.0,2025-07-01,1993-01-19,False,p121709,0,0,0,0,0,0,0,0,0,0,0,0,0,0.0,0.0,0.0,0.0,0,0,0,0,0,0.00,0.00,0.00,0.00,420,35,406,20,361,13,424,35,,,,,,,0.0,0.0,0.0,0.0,0.0,0.0,620,51,416,34,430,35,277,38,0.0,0.0,0.0
274,True,True,,,169593,0,0,0,0,0,1,-1.0,0.0,0,Remi,0.0,255,False,,,40,169593.jpg,0.0,False,Matthews,0.1,False,,a,8,31,0,1410,5,2639,2,0.0,0.0,Matthews,241.0,2021-07-13,1994-02-10,False,p169593,0,0,0,0,0,0,0,0,0,0,0,0,0,0.0,0.0,0.0,0.0,0,0,0,0,0,0.00,0.00,0.00,0.00,427,39,413,24,368,17,431,39,,,,,,,0.0,0.0,0.0,0.0,0.0,0.0,627,55,423,38,437,39,473,71,0.0,0.0,0.0
275,True,True,,,247348,0,0,1,-1,0,2,3.8,4.8,0,Daniel,4.8,256,False,,,56,247348.jpg,6.0,False,Muñoz Mejía,14.1,False,,a,8,31,24,931279,666,265072,1389,0.9,4.3,Muñoz,48.0,2024-01-30,1996-05-26,False,p247348,360,0,1,3,1,0,0,0,2,0,0,1,93,74.6,48.5,53.0,17.5,16,17,8,24,4,0.17,1.02,1.19,4.02,77,34,78,18,60,6,55,9,,,,,,,0.04,0.0,0.26,0.3,1.0,0.25,126,12,28,11,29,14,28,8,1.0,0.75,6.0
276,True,True,,,437499,0,0,1,-1,1,2,4.0,5.0,0,Maxence,5.0,257,False,,,51,437499.jpg,7.0,False,Lacroix,4.4,False,,a,8,31,28,448047,897,106469,503,1.0,5.5,Lacroix,73.0,2024-08-30,2000-04-06,False,p437499,360,0,1,3,1,0,0,0,1,0,0,2,105,107.6,15.4,27.0,15.0,36,11,7,43,4,0.10,0.14,0.24,4.02,20,5,210,66,123,21,76,18,,,,,,,0.02,0.0,0.04,0.06,1.0,0.25,237,35,20,7,16,9,80,31,1.0,0.75,10.75
277,True,True,,,244723,0,0,0,0,0,2,2.2,3.2,0,Tyrick,3.2,258,False,,,50,244723.jpg,5.5,False,Mitchell,1.9,False,,a,8,31,22,112916,83,59617,114,0.6,4.4,Mitchell,241.0,2019-12-15,1999-09-01,False,p244723,360,0,0,3,1,0,0,0,1,0,0,1,97,84.0,66.8,12.0,16.3,17,18,16,33,4,0.00,0.24,0.24,4.02,54,21,51,8,213,58,62,12,,,,,,,0.0,0.0,0.06,0.06,1.0,0.25,272,43,70,31,41,20,130,52,1.0,0.75,8.25
278,True,True,,,218364,0,0,-1,1,0,2,-1.0,0.0,0,Borna,0.0,259,False,,,49,218364.jpg,0.0,False,Sosa,0.1,False,,a,8,31,0,3026,10,7206,12,0.0,0.0,Sosa,97.0,2025-07-11,1998-01-21,False,p218364,0,0,0,0,0,0,0,0,0,0,0,0,0,0.0,0.0,0.0,0.0,0,0,0,0,0,0.00,0.00,0.00,0.00,656,237,649,237,624,228,658,237,4.0,,,,,,0.0,0.0,0.0,0.0,0.0,0.0,331,54,654,236,660,237,449,171,0.0,0.0,0.0
279,True,True,,,209036,0,0,2,-2,1,2,4.8,5.8,0,Marc,5.8,260,True,,,47,209036.jpg,7.2,False,Guéhi,23.5,False,,a,8,31,29,1544860,3114,286207,748,1.2,6.2,Guéhi,241.0,2021-07-18,2000-07-13,False,p209036,360,1,0,3,1,0,0,0,0,0,0,3,101,96.2,25.1,27.0,14.9,21,15,5,26,4,0.19,0.03,0.22,4.02,30,10,150,36,121,20,77,19,,,,,,,0.05,0.0,0.01,0.06,1.0,0.25,383,65,9,4,10,6,14,5,1.0,0.75,6.5
280,True,True,,,427623,0,0,0,0,0,2,3.0,4.0,0,Chris,4.0,261,False,,,45,427623.jpg,5.5,False,Richards,2.2,False,,a,8,31,22,177647,489,78150,362,0.9,4.9,Richards,229.0,2022-07-27,2000-03-28,False,p427623,360,0,0,3,1,0,0,0,0,0,0,0,92,90.0,17.5,18.0,12.6,25,6,8,33,4,0.27,0.08,0.35,4.02,47,17,193,54,176,41,110,32,,,,,,,0.07,0.0,0.02,0.09,1.0,0.25,426,94,41,17,40,19,120,48,1.0,0.75,8.25
281,True,True,0.0,0.0,515621,0,0,0,0,0,2,0.0,0.0,0,Chadi,0.0,262,False,Knee injury - Unknown return date,2025-07-21T10:00:04.863209Z,40,515621.jpg,0.0,False,Riad Dnanou,0.0,False,,i,8,31,0,218,0,436,1,0.0,0.0,Chadi Riad,145.0,2024-07-02,2003-06-17,False,p515621,0,0,0,0,0,0,0,0,0,0,0,0,0,0.0,0.0,0.0,0.0,0,0,0,0,0,0.00,0.00,0.00,0.00,472,183,459,182,415,161,476,183,,,,,,,0.0,0.0,0.0,0.0,0.0,0.0,685,197,467,178,481,182,707,238,0.0,0.0,0.0
282,True,True,,,57328,0,0,0,0,0,2,-0.8,0.2,0,Nathaniel,0.2,263,False,,,40,57328.jpg,1.0,False,Clyne,0.5,False,,a,8,31,1,7779,19,24092,39,0.0,0.2,Clyne,241.0,2020-10-14,1991-04-05,False,p57328,4,0,0,0,0,0,0,0,0,0,0,0,5,3.4,0.5,0.0,0.4,1,0,1,2,0,0.00,0.00,0.00,0.00,358,131,350,127,348,133,376,132,,,,,,,0.0,0.0,0.0,0.0,0.0,0.0,607,158,341,118,303,102,238,87,0.0,0.0,45.0
283,True,False,0.0,0.0,156074,0,0,0,0,0,2,0.0,0.0,0,Rob,0.0,264,False,Has joined Colorado Rapids permanently.,2025-08-11T01:12:01.613357Z,40,156074.jpg,0.0,False,Holding,0.0,False,,u,8,31,0,0,0,2857,1,0.0,0.0,Holding,241.0,2023-09-01,1995-09-20,False,p156074,0,0,0,0,0,0,0,0,0,0,0,0,0,0.0,0.0,0.0,0.0,0,0,0,0,0,0.00,0.00,0.00,0.00,424,160,410,158,365,136,428,160,,,,,,,0.0,0.0,0.0,0.0,0.0,0.0,624,161,420,156,434,160,640,217,0.0,0.0,0.0
284,True,True,25.0,25.0,590012,0,0,0,0,0,2,-0.2,0.0,0,Caleb,0.0,265,False,Back injury - 25% chance of playing,2025-08-10T22:30:04.775923Z,40,590012.jpg,0.0,False,Kporha,0.0,False,,d,8,31,0,167,0,1341,0,0.0,0.0,Kporha,241.0,2024-07-30,2006-07-15,False,p590012,0,0,0,0,0,0,0,0,0,0,0,0,0,0.0,0.0,0.0,0.0,0,0,0,0,0,0.00,0.00,0.00,0.00,498,202,485,201,442,181,502,202,,,,,,,0.0,0.0,0.0,0.0,0.0,0.0,714,219,493,197,506,200,669,227,0.0,0.0,0.0
285,True,True,0.0,0.0,232185,0,0,0,0,0,3,0.0,0.0,0,Ismaïla,3.8,267,False,Muscle injury - Expected back 27 Sep,2025-09-01T10:30:08.125928Z,65,232185.jpg,6.0,False,Sarr,2.9,False,,i,8,31,18,441627,64,661554,1369,0.6,2.8,Sarr,189.0,2024-08-01,1998-02-25,False,p232185,270,2,0,2,1,0,0,0,1,0,0,1,52,83.4,20.6,57.0,16.2,6,10,3,19,3,2.00,0.05,2.05,3.66,55,19,177,115,55,33,66,42,,,,,,,0.67,0.0,0.02,0.69,1.22,0.33,57,39,54,19,31,8,103,35,1.0,0.67,6.33
286,True,True,0.0,0.0,438464,0,0,-1,1,0,3,0.0,0.0,0,Cheick,0.0,268,False,Knee injury - Unknown return date,2025-07-21T10:00:04.882113Z,49,438464.jpg,0.0,False,Doucouré,0.0,False,,i,8,31,0,131,0,323,0,0.0,0.0,Doucouré,132.0,2022-07-11,2000-01-08,False,p438464,0,0,0,0,0,0,0,0,0,0,0,0,0,0.0,0.0,0.0,0.0,0,0,0,0,0,0.00,0.00,0.00,0.00,664,278,658,279,634,271,666,280,,,,,,,0.0,0.0,0.0,0.0,0.0,0.0,348,217,662,277,668,281,728,320,0.0,0.0,0.0
287,True,True,,,606921,0,0,-1,1,0,3,-0.8,0.2,0,Romain,0.2,269,False,,,49,606921.jpg,1.0,False,Esse,0.2,False,,a,8,31,1,5191,8,14719,28,0.0,0.2,Esse,241.0,2025-01-18,2005-05-13,False,p606921,24,0,0,0,0,0,0,0,0,0,0,0,6,4.6,0.4,2.0,0.7,0,0,2,2,0,0.00,0.01,0.01,0.27,348,168,355,183,313,168,371,179,,,,,,,0.0,0.0,0.04,0.04,1.01,0.0,373,236,368,178,342,161,392,132,0.0,0.0,7.5
288,True,True,100.0,100.0,108413,0,0,-1,1,0,3,0.5,1.5,0,Will,1.5,270,False,,2025-08-28T17:00:07.807114Z,49,108413.jpg,2.0,False,Hughes,0.1,False,,a,8,31,8,7087,19,7405,12,0.3,1.6,Hughes,241.0,2021-08-28,1995-04-17,False,p108413,319,0,0,3,1,0,0,0,3,0,0,0,34,40.8,70.8,12.0,12.4,15,12,5,32,4,0.15,0.50,0.65,3.36,163,61,45,39,211,121,115,63,2.0,,,,,,0.04,0.0,0.14,0.18,0.95,0.28,312,192,186,84,227,104,452,150,1.13,0.85,9.03
289,True,True,100.0,100.0,209400,0,0,0,0,0,3,1.2,2.2,0,Daichi,2.2,271,False,,2025-08-10T22:30:04.831701Z,50,209400.jpg,4.5,False,Kamada,0.1,False,,a,8,31,9,19042,21,7383,44,0.4,1.8,Kamada,108.0,2024-07-01,1996-08-05,False,p209400,175,0,1,2,0,0,0,0,0,0,0,0,41,19.6,25.5,20.0,6.5,2,5,3,10,2,0.07,0.39,0.46,1.49,259,118,145,98,159,96,223,111,5.0,,,,,,0.04,0.0,0.2,0.24,0.77,0.0,261,158,118,45,70,22,434,145,1.03,1.03,5.14
290,True,True,,,152551,0,0,0,0,0,3,0.2,1.2,0,Jefferson,1.2,272,False,,,50,152551.jpg,1.5,False,Lerma Solís,0.1,False,,a,8,31,6,1513,3,3129,10,0.2,1.2,Lerma,48.0,2023-07-01,1994-10-25,False,p152551,130,0,0,1,0,0,0,0,0,0,0,0,13,11.2,8.4,20.0,4.0,5,5,2,12,1,0.39,0.02,0.41,1.37,304,145,267,151,158,95,279,139,,,,,,,0.27,0.0,0.01,0.28,0.95,0.0,249,152,212,101,276,136,549,199,0.69,0.69,8.31
291,True,True,100.0,100.0,496221,0,0,0,0,0,3,-0.2,0.8,0,Adam,0.8,273,False,,2025-09-01T10:30:08.180122Z,50,496221.jpg,2.0,False,Wharton,0.4,False,,a,8,31,6,17243,29,41769,34,0.2,1.2,Wharton,241.0,2024-02-01,2004-02-06,False,p496221,226,0,0,1,1,0,0,0,0,0,0,0,41,26.0,48.4,0.0,7.4,4,15,1,20,3,0.00,0.15,0.15,3.01,228,99,79,55,672,293,203,101,3.0,,,,,,0.0,0.0,0.06,0.06,1.2,0.4,292,178,265,128,235,111,273,93,1.19,0.4,7.96
292,True,True,,,579075,0,0,0,0,0,3,-1.0,0.0,0,Asher,0.0,274,False,,,45,579075.jpg,0.0,False,Agbinone,0.1,False,,a,8,31,0,1496,1,2972,7,0.0,0.0,Agbinone,241.0,2024-07-30,2005-09-28,False,p579075,0,0,0,0,0,0,0,0,0,0,0,0,0,0.0,0.0,0.0,0.0,0,0,0,0,0,0.00,0.00,0.00,0.00,623,249,618,252,589,240,626,252,,,,,,,0.0,0.0,0.0,0.0,0.0,0.0,492,287,622,250,631,257,576,220,0.0,0.0,0.0
293,True,True,,,466117,0,0,0,0,0,3,-1.0,0.0,0,Naouirou,0.0,275,False,,,45,466117.jpg,0.0,False,Ahamada,0.0,False,,a,8,31,0,1175,4,2201,3,0.0,0.0,Ahamada,73.0,2023-01-31,2002-03-29,False,p466117,0,0,0,0,0,0,0,0,0,0,0,0,0,0.0,0.0,0.0,0.0,0,0,0,0,0,0.00,0.00,0.00,0.00,588,222,581,225,551,213,592,225,,,,,,,0.0,0.0,0.0,0.0,0.0,0.0,441,257,586,223,595,230,601,241,0.0,0.0,0.0
294,True,True,,,489706,0,0,0,0,0,3,0.0,1.0,0,Justin,1.0,276,False,,,45,489706.jpg,1.2,False,Devenny,1.4,False,,a,8,31,5,53189,125,85719,129,0.2,1.1,Devenny,242.0,2024-03-13,2003-10-11,False,p489706,97,0,0,0,1,0,0,0,0,0,0,0,22,15.0,26.1,31.0,7.3,1,6,5,12,1,0.05,0.14,0.19,1.06,277,129,142,95,104,63,205,103,,,2.0,,,,0.05,0.0,0.13,0.18,0.98,0.93,448,259,229,110,290,141,157,53,0.93,0.0,11.13
295,True,False,0.0,0.0,450535,0,0,0,0,0,3,0.0,0.0,0,Malcolm,0.0,277,False,Has joined Blackpool permanently.,2025-08-11T01:12:01.633662Z,45,450535.jpg,0.0,False,Ebiowei,0.0,False,,u,8,31,0,0,0,605,0,0.0,0.0,Ebiowei,241.0,2022-07-01,2003-09-04,False,p450535,0,0,0,0,0,0,0,0,0,0,0,0,0,0.0,0.0,0.0,0.0,0,0,0,0,0,0.00,0.00,0.00,0.00,581,216,573,219,543,207,585,219,,,,,,,0.0,0.0,0.0,0.0,0.0,0.0,432,251,579,217,588,224,724,318,0.0,0.0,0.0
296,True,True,,,450542,0,0,-1,1,0,3,-1.0,0.0,0,Jesurun,0.0,278,False,,,44,450542.jpg,0.0,False,Rak-Sakyi,0.1,False,,a,8,31,0,3750,17,3902,10,0.0,0.0,J.Rak-Sakyi,241.0,2021-04-09,2002-10-05,False,p450542,0,0,0,0,0,0,0,0,0,0,0,0,0,0.0,0.0,0.0,0.0,0,0,0,0,0,0.00,0.00,0.00,0.00,528,188,515,191,477,178,532,191,,,,,,,0.0,0.0,0.0,0.0,0.0,0.0,555,307,524,188,536,196,521,184,0.0,0.0,0.0
297,True,False,0.0,0.0,536694,0,0,0,0,0,3,0.0,0.0,0,Matheus,0.0,279,False,Has joined CR Vasco da Gama on loan for the rest of the season.,2025-08-10T22:30:04.849181Z,45,536694.jpg,0.0,False,França de Oliveira,0.0,False,,u,8,31,0,95,0,1205,3,0.0,0.0,M.França,30.0,2023-08-05,2004-04-01,False,p536694,0,0,0,0,0,0,0,0,0,0,0,0,0,0.0,0.0,0.0,0.0,0,0,0,0,0,0.00,0.00,0.00,0.00,602,235,597,238,568,226,606,238,,,,,,,0.0,0.0,0.0,0.0,0.0,0.0,468,272,601,236,610,243,688,297,0.0,0.0,0.0
298,True,False,0.0,0.0,531989,0,0,0,0,0,3,0.0,0.0,0,David,0.0,280,False,Has joined Derby County on loan for the rest of the season.,2025-07-30T14:07:45.618291Z,45,531989.jpg,0.0,False,Ozoh,0.0,False,,u,8,31,0,0,0,143,0,0.0,0.0,Ozoh,241.0,2022-07-11,2005-05-06,False,p531989,0,0,0,0,0,0,0,0,0,0,0,0,0,0.0,0.0,0.0,0.0,0,0,0,0,0,0.00,0.00,0.00,0.00,600,233,595,236,566,224,604,236,,,,,,,0.0,0.0,0.0,0.0,0.0,0.0,465,269,599,234,608,241,735,324,0.0,0.0,0.0
299,True,True,,,530318,0,0,0,0,0,3,-1.0,0.0,0,Kaden,0.0,281,False,,,45,530318.jpg,0.0,False,Rodney,0.0,False,,a,8,31,0,1177,1,2059,1,0.0,0.0,Rodney,241.0,2022-07-08,2004-10-07,False,p530318,0,0,0,0,0,0,0,0,0,0,0,0,0,0.0,0.0,0.0,0.0,0,0,0,0,0,0.00,0.00,0.00,0.00,599,232,594,235,565,223,603,235,,,,,,,0.0,0.0,0.0,0.0,0.0,0.0,464,268,598,233,607,240,594,235,0.0,0.0,0.0
300,True,True,,,574398,0,0,0,0,0,3,-1.0,0.0,0,Franco,0.0,282,False,,,45,574398.jpg,0.0,False,Umeh-Chibueze,0.0,False,,a,8,31,0,792,3,1474,2,0.0,0.0,Umeh,104.0,2024-02-18,2005-01-26,False,p574398,0,0,0,0,0,0,0,0,0,0,0,0,0,0.0,0.0,0.0,0.0,0,0,0,0,0,0.00,0.00,0.00,0.00,616,246,611,249,582,237,619,249,,,,,,,0.0,0.0,0.0,0.0,0.0,0.0,484,283,615,247,624,254,629,260,0.0,0.0,0.0
301,True,True,,,231747,0,0,1,-1,0,4,1.2,2.2,0,Jean-Philippe,2.2,283,False,,,76,231747.jpg,2.5,False,Mateta,12.1,False,,a,8,31,10,910609,606,542659,2866,0.3,1.3,Mateta,73.0,2022-01-31,1997-06-28,False,p231747,351,1,0,3,1,0,0,0,2,0,0,0,40,65.4,6.3,110.0,18.2,14,9,1,24,4,1.83,0.34,2.17,3.75,98,10,282,29,9,6,50,10,,,,,2.0,,0.47,0.0,0.09,0.56,0.96,0.26,22,9,127,13,197,16,35,8,1.03,0.77,6.15
302,True,True,100.0,100.0,205533,0,0,-1,1,0,4,-1.0,0.0,0,Eddie,0.0,284,False,,2025-08-10T22:30:04.865817Z,54,205533.jpg,0.0,False,Nketiah,0.2,False,,a,8,31,0,2582,74,26171,9,0.0,0.0,Nketiah,241.0,2024-08-30,1999-05-30,False,p205533,0,0,0,0,0,0,0,0,0,0,0,0,0,0.0,0.0,0.0,0.0,0,0,0,0,0,0.00,0.00,0.00,0.00,704,71,704,72,691,69,705,71,,,,,,,0.0,0.0,0.0,0.0,0.0,0.0,183,43,702,71,706,72,398,59,0.0,0.0,0.0
303,True,False,0.0,0.0,199670,0,0,0,0,0,4,0.0,0.0,0,Odsonne,0.2,285,False,has joined RC Lens permanently.,2025-08-28T17:00:07.862344Z,50,199670.jpg,1.0,False,Édouard,0.4,False,,u,8,31,1,9044,0,69874,107,0.0,0.2,Édouard,73.0,2021-08-31,1998-01-16,False,p199670,2,0,0,0,0,0,0,0,0,0,0,0,6,2.0,0.0,0.0,0.2,0,0,1,1,0,0.00,0.00,0.00,0.27,369,35,677,69,656,66,385,41,,,,,,,0.0,0.0,0.0,0.0,12.15,0.0,256,51,370,38,346,34,278,47,0.0,0.0,45.0
304,True,True,,,576980,0,0,0,0,0,4,-1.0,0.0,0,Zach,0.0,286,False,,,45,576980.jpg,0.0,False,Marsh,0.3,False,,a,8,31,0,13025,70,16589,34,0.0,0.0,Marsh,241.0,2023-07-18,2005-10-06,False,p576980,0,0,0,0,0,0,0,0,0,0,0,0,0,0.0,0.0,0.0,0.0,0,0,0,0,0,0.00,0.00,0.00,0.00,621,61,616,61,587,58,624,61,,,,,,,0.0,0.0,0.0,0.0,0.0,0.0,489,64,620,61,629,62,316,52,0.0,0.0,0.0
305,True,True,,,590014,0,0,0,0,0,3,-1.0,0.0,0,Rio,0.0,690,False,,,45,590014.jpg,0.0,False,Cardines,0.2,False,,a,8,31,0,14325,3,11865,18,0.0,0.0,Cardines,217.0,2025-07-24,2006-07-01,False,p590014,0,0,0,0,0,0,0,0,0,0,0,0,0,0.0,0.0,0.0,0.0,0,0,0,0,0,0.00,0.00,0.00,0.00,626,251,621,254,592,242,629,254,,,,,,,0.0,0.0,0.0,0.0,0.0,0.0,495,289,625,252,634,259,371,125,0.0,0.0,0.0
306,True,True,100.0,100.0,488024,0,0,0,0,0,3,0.3,1.3,0,Yéremy,1.3,712,False,,2025-09-03T11:30:06.161431Z,60,488024.jpg,2.0,False,Pino Santos,0.2,False,,a,8,31,4,34091,32,8326,70,0.2,0.7,Yeremy,200.0,2025-08-29,2002-10-20,False,p488024,102,0,0,1,0,0,0,0,0,0,0,0,9,3.6,26.8,12.0,4.0,0,7,2,9,1,0.75,0.04,0.79,0.64,357,173,137,93,216,125,281,141,,,,,,,0.66,0.0,0.04,0.7,0.56,0.0,91,61,198,94,247,121,343,118,0.88,0.88,7.94
307,True,True,,,651426,0,0,0,0,0,2,-1.0,0.0,0,Jaydee,0.0,723,False,,,45,651426.jpg,0.0,False,Canvot,0.0,False,,a,8,31,0,279,4,104,3,0.0,0.0,Canvot,73.0,2025-09-01,2006-07-29,False,p651426,0,0,0,0,0,0,0,0,0,0,0,0,0,0.0,0.0,0.0,0.0,0,0,0,0,0,0.00,0.00,0.00,0.00,639,233,633,233,605,224,642,233,,,,,,,0.0,0.0,0.0,0.0,0.0,0.0,513,115,636,231,644,232,722,243,0.0,0.0,0.0
308,True,True,,,660392,0,0,0,0,0,4,-0.5,0.5,0,Christantus,0.5,732,False,,,55,660392.jpg,1.0,False,Uche,0.0,False,,a,8,31,1,2806,11,720,12,0.1,0.2,Uche,157.0,2025-09-01,2003-05-19,False,p660392,6,0,0,0,0,0,0,0,0,0,0,0,6,3.4,0.8,19.0,2.3,0,1,0,1,0,0.01,0.00,0.01,0.00,359,31,347,37,170,32,331,32,,,,,,,0.15,0.0,0.0,0.15,0.0,0.0,172,42,329,33,372,39,642,78,0.0,0.0,15.0
309,True,True,,,215413,0,0,0,0,1,3,4.2,3.2,1,Kiernan,4.2,242,False,,,50,215413.jpg,3.8,False,Dewsbury-Hall,4.9,False,,a,9,11,19,314395,1249,256554,409,0.8,3.8,Dewsbury-Hall,241.0,2025-08-06,1998-09-06,False,p215413,398,1,1,2,5,0,0,0,3,0,0,3,89,84.2,154.1,32.0,27.1,3,16,6,25,5,0.19,1.26,1.45,6.88,53,18,3,3,101,61,12,9,2.0,,,,,,0.04,0.0,0.28,0.32,1.56,1.13,266,161,36,14,108,40,74,22,1.13,0.45,5.65
310,True,True,,,111234,0,0,0,0,1,1,5.5,4.5,0,Jordan,5.5,287,False,,,55,111234.jpg,4.8,False,Pickford,11.4,False,,a,9,11,24,298745,403,308093,723,1.0,4.4,Pickford,241.0,2017-07-01,1994-03-07,False,p111234,398,0,0,2,5,0,1,0,0,0,9,3,76,95.0,0.0,0.0,9.5,9,37,0,0,5,0.00,0.03,0.03,6.88,33,6,713,85,708,83,161,7,,,,,,,0.0,2.04,0.01,0.01,1.56,1.13,133,1,10,1,59,8,37,5,1.13,0.45,0.0
311,True,True,,,229600,0,0,0,0,0,1,0.0,-1.0,0,Mark,0.0,288,False,,,45,229600.jpg,0.0,False,Travers,0.1,False,,a,9,11,0,1564,9,4993,9,0.0,0.0,Travers,104.0,2025-07-15,1999-05-18,False,p229600,0,0,0,0,0,0,0,0,0,0,0,0,0,0.0,0.0,0.0,0.0,0,0,0,0,0,0.00,0.00,0.00,0.00,576,81,567,70,535,64,580,81,,,,,,,0.0,0.0,0.0,0.0,0.0,0.0,419,26,573,81,583,81,442,66,0.0,0.0,0.0
312,True,True,,,447325,0,0,0,0,0,1,0.0,-1.0,0,Harry,0.0,289,False,,,40,447325.jpg,0.0,False,Tyrer,0.1,False,,a,9,11,0,1589,7,3332,7,0.0,0.0,Tyrer,241.0,2021-02-09,2001-12-06,False,p447325,0,0,0,0,0,0,0,0,0,0,0,0,0,0.0,0.0,0.0,0.0,0,0,0,0,0,0.00,0.00,0.00,0.00,444,48,431,33,386,26,448,48,,,,,,,0.0,0.0,0.0,0.0,0.0,0.0,651,64,439,47,453,48,454,68,0.0,0.0,0.0
313,True,True,50.0,50.0,480455,0,0,-2,2,0,2,0.0,-0.5,0,Jarrad,0.0,290,False,Hamstring injury - 50% chance of playing,2025-08-14T16:00:06.147468Z,53,480455.jpg,0.0,False,Branthwaite,0.2,False,,d,9,11,0,720,2,57103,27,0.0,0.0,Branthwaite,241.0,2020-06-20,2002-06-27,False,p480455,0,0,0,0,0,0,0,0,0,0,0,0,0,0.0,0.0,0.0,0.0,0,0,0,0,0,0.00,0.00,0.00,0.00,701,242,701,242,686,237,702,242,,,,,,,0.0,0.0,0.0,0.0,0.0,0.0,227,31,698,241,703,242,342,119,0.0,0.0,0.0
314,True,True,,,17761,0,0,0,0,0,2,4.8,3.8,0,James,4.8,291,False,,,55,17761.jpg,4.6,False,Tarkowski,6.9,False,,a,9,11,23,248148,831,235157,415,0.9,4.2,Tarkowski,241.0,2022-07-01,1992-11-19,False,p17761,398,0,0,2,5,0,0,0,0,0,0,0,63,96.6,13.5,17.0,12.8,44,14,7,51,5,0.20,0.05,0.25,6.88,29,9,223,73,184,43,105,29,,,,,,,0.05,0.0,0.01,0.06,1.56,1.13,129,14,27,10,63,28,58,22,1.13,0.45,11.53
315,True,True,50.0,50.0,224967,0,0,-1,1,0,2,0.1,-0.4,0,Vitalii,0.2,292,False,Knock - 50% chance of playing,2025-09-05T10:00:06.495475Z,49,224967.jpg,0.5,False,Mykolenko,0.4,False,,d,9,11,1,5302,22,60435,51,0.0,0.2,Mykolenko,225.0,2022-01-01,1999-05-29,False,p224967,128,0,0,0,4,0,0,0,0,0,0,0,-3,7.4,5.3,2.0,1.5,8,6,1,9,2,0.00,0.20,0.20,1.84,330,126,291,98,307,107,343,119,,,,,,,0.0,0.0,0.14,0.14,1.29,2.81,335,57,360,129,395,136,286,105,1.41,0.0,6.33
316,True,True,,,512462,0,0,0,0,0,2,3.2,2.2,0,Jake,3.2,293,False,,,50,512462.jpg,3.0,False,O'Brien,0.5,False,,a,9,11,15,17897,79,25723,25,0.6,3.0,O'Brien,104.0,2024-07-30,2001-05-15,False,p512462,398,0,0,2,5,0,0,0,0,0,0,0,40,48.0,30.5,20.0,9.9,16,11,7,23,5,0.29,0.11,0.40,6.88,135,60,121,29,160,34,154,54,,,,,,,0.07,0.0,0.02,0.09,1.56,1.13,297,49,73,33,163,68,239,88,1.13,0.45,5.2
317,True,True,,,59949,0,0,-1,1,0,2,0.2,-0.8,0,Séamus,0.2,294,False,,,44,59949.jpg,1.0,False,Coleman,0.1,False,,a,9,11,1,2669,11,7944,18,0.0,0.2,Coleman,104.0,2009-02-02,1988-10-11,False,p59949,1,0,0,0,0,0,0,0,0,0,0,0,3,0.0,0.0,0.0,0.0,0,0,0,0,0,0.00,0.00,0.00,0.00,506,208,493,207,451,188,510,208,,,,,,,0.0,0.0,0.0,0.0,0.0,0.0,516,116,345,122,311,110,435,164,0.0,0.0,0.0
318,True,True,,,106611,0,0,0,0,0,2,4.2,3.2,0,Michael,4.2,295,False,,,45,106611.jpg,3.8,False,Keane,0.7,False,,a,9,11,19,57189,295,28700,42,0.9,4.2,Keane,241.0,2017-07-03,1993-01-11,False,p106611,398,0,0,2,5,0,0,0,0,0,0,0,56,79.4,11.7,38.0,12.9,37,9,5,42,5,0.55,0.05,0.60,6.88,64,27,238,77,87,10,102,28,,,,,,,0.12,0.0,0.01,0.13,1.56,1.13,395,73,33,12,102,42,218,79,1.13,0.45,9.5
319,True,True,100.0,100.0,243571,0,0,-1,1,0,2,0.0,-1.0,0,Nathan,0.0,296,False,,2025-08-10T22:30:04.898823Z,44,243571.jpg,0.0,False,Patterson,0.0,False,,a,9,11,0,278,2,1880,1,0.0,0.0,Patterson,243.0,2022-01-04,2001-10-16,False,p243571,0,0,0,0,0,0,0,0,0,0,0,0,0,0.0,0.0,0.0,0.0,0,0,0,0,0,0.00,0.00,0.00,0.00,522,219,509,218,470,201,526,219,,,,,,,0.0,0.0,0.0,0.0,0.0,0.0,545,139,517,214,530,217,661,223,0.0,0.0,0.0
320,True,True,,,496178,0,0,0,0,0,2,0.0,-1.0,0,Roman,0.0,297,False,,,40,496178.jpg,0.0,False,Dixon,0.2,False,,a,9,11,0,3249,10,8763,14,0.0,0.0,Dixon,,,,False,p496178,0,0,0,0,0,0,0,0,0,0,0,0,0,0.0,0.0,0.0,0.0,0,0,0,0,0,0.00,0.00,0.00,0.00,466,179,453,178,409,157,470,179,,,,,,,0.0,0.0,0.0,0.0,0.0,0.0,678,192,461,174,475,178,367,132,0.0,0.0,0.0
321,True,True,,,474907,0,0,-1,1,0,2,0.0,-1.0,0,Reece,0.0,298,False,,,39,474907.jpg,0.0,False,Welch,0.1,False,,a,9,11,0,1613,24,5882,13,0.0,0.0,Welch,,,,False,p474907,0,0,0,0,0,0,0,0,0,0,0,0,0,0.0,0.0,0.0,0.0,0,0,0,0,0,0.00,0.00,0.00,0.00,397,147,380,144,334,121,401,147,,,,,,,0.0,0.0,0.0,0.0,0.0,0.0,729,234,393,143,407,147,425,160,0.0,0.0,0.0
322,True,True,100.0,100.0,440993,0,0,0,0,0,3,5.0,4.0,0,Iliman,5.0,299,False,,2025-09-12T16:00:08.836455Z,65,440993.jpg,4.4,False,Ndiaye,8.2,False,,a,9,11,22,290992,1026,575871,699,0.8,3.4,Ndiaye,189.0,2024-07-03,2000-03-06,False,p440993,371,2,0,2,5,0,0,0,1,0,0,0,87,110.6,65.0,79.0,25.5,4,30,12,46,5,1.31,0.36,1.67,5.93,18,10,55,43,27,15,16,12,,,,,1.0,,0.32,0.0,0.09,0.41,1.44,1.21,59,41,24,11,76,27,51,15,1.21,0.49,11.16
323,True,True,,,433154,0,0,-3,3,0,3,0.2,-0.8,0,Dwight,0.2,300,False,,,57,433154.jpg,1.0,False,McNeil,0.2,False,,a,9,11,1,3786,16,30967,35,0.0,0.2,McNeil,241.0,2022-07-28,1999-11-22,False,p433154,19,0,0,0,0,0,0,0,0,0,0,0,2,0.0,11.3,8.0,1.8,0,0,0,0,0,0.24,0.00,0.24,0.95,722,317,246,142,243,137,340,167,1.0,,,,,,1.14,0.0,0.0,1.14,4.5,0.0,123,82,378,181,373,181,391,131,0.0,0.0,0.0
324,True,True,,,502697,0,0,-2,2,0,3,0.5,-0.5,0,Carlos,0.5,301,False,,,53,502697.jpg,1.0,False,Alcaraz Durán,0.1,False,,a,9,11,3,2773,17,10841,16,0.1,0.6,Alcaraz,10.0,2025-07-01,2002-11-30,False,p502697,113,0,0,0,1,0,0,0,1,0,0,0,18,14.6,4.5,21.0,4.0,1,7,4,12,1,0.03,0.01,0.04,2.94,283,133,297,163,151,90,280,140,,,1.0,,,,0.02,0.0,0.01,0.03,2.34,0.8,231,145,319,155,355,170,476,161,0.8,0.0,9.56
325,True,True,,,80801,0,0,-1,1,1,3,2.2,1.2,1,Idrissa Gana,2.2,302,False,,,54,80801.jpg,2.2,False,Gueye,0.1,False,,a,9,11,11,2583,15,6210,8,0.4,2.0,Gana,189.0,2022-09-01,1989-09-26,False,p80801,383,0,0,2,4,0,0,0,0,0,0,0,64,31.6,41.5,18.0,9.1,6,21,8,35,5,0.48,0.19,0.67,6.42,206,89,90,64,177,104,167,84,,,,,,,0.11,0.0,0.04,0.15,1.51,0.94,173,106,119,46,212,96,504,175,1.17,0.47,8.22
326,True,True,,,232928,0,0,0,0,1,3,5.0,4.0,1,James,5.0,303,False,,,50,232928.jpg,4.4,False,Garner,0.5,False,,a,9,11,22,58375,245,20013,42,1.0,4.4,Garner,241.0,2022-09-01,2001-03-13,False,p232928,398,1,0,2,5,0,0,0,1,0,0,3,107,113.6,89.8,12.0,21.6,21,20,12,53,5,0.15,0.41,0.56,6.88,17,9,21,19,212,122,30,22,3.0,,3.0,,,,0.03,0.0,0.09,0.12,1.56,1.13,270,165,18,9,75,26,243,83,1.13,0.45,11.98
327,True,True,,,490094,0,0,-1,1,0,3,1.2,0.2,0,Tim,1.2,304,False,,,49,490094.jpg,1.8,False,Iroegbunam,0.0,False,,a,9,11,7,512,2,1407,7,0.2,1.4,Iroegbunam,241.0,2024-06-22,2003-06-30,False,p490094,219,0,0,3,1,0,0,0,3,0,0,0,20,32.4,5.1,5.0,4.3,12,13,3,28,3,0.15,0.00,0.15,3.41,204,87,294,161,266,147,274,137,,,,,,,0.06,0.0,0.0,0.06,1.4,0.41,360,225,209,99,256,125,621,254,1.23,1.23,11.51
328,True,False,0.0,0.0,609873,0,0,0,0,0,3,0.0,0.0,0,Harrison,0.2,305,False,has joined Preston North End on loan for the rest of the season.,2025-09-02T11:36:28.006606Z,45,609873.jpg,1.0,False,Armstrong,0.1,False,,u,9,11,1,3524,0,10071,30,0.0,0.2,Armstrong,241.0,2024-08-09,2007-01-19,False,p609873,1,0,0,0,0,0,0,0,0,0,0,0,3,0.0,0.0,0.0,0.0,0,0,0,0,0,0.00,0.00,0.00,0.00,632,257,627,260,598,248,635,260,,,,,,,0.0,0.0,0.0,0.0,0.0,0.0,503,295,353,167,330,152,501,172,0.0,0.0,0.0
329,True,True,,,547801,0,0,0,0,0,3,0.0,-1.0,0,Callum,0.0,306,False,,,45,547801.jpg,0.0,False,Bates,0.1,False,,a,9,11,0,2495,20,4616,8,0.0,0.0,Bates,,,,False,p547801,0,0,0,0,0,0,0,0,0,0,0,0,0,0.0,0.0,0.0,0.0,0,0,0,0,0,0.00,0.00,0.00,0.00,604,237,599,240,570,228,608,240,,,,,,,0.0,0.0,0.0,0.0,0.0,0.0,470,274,603,238,612,245,519,183,0.0,0.0,0.0
330,True,True,,,504296,0,0,0,0,0,3,0.0,-1.0,0,Coby,0.0,307,False,,,45,504296.jpg,0.0,False,Ebere,0.0,False,,a,9,11,0,1184,8,2167,6,0.0,0.0,Ebere,,,,False,p504296,0,0,0,0,0,0,0,0,0,0,0,0,0,0.0,0.0,0.0,0.0,0,0,0,0,0,0.00,0.00,0.00,0.00,596,229,591,232,562,220,600,232,,,,,,,0.0,0.0,0.0,0.0,0.0,0.0,459,265,595,230,604,237,596,237,0.0,0.0,0.0
331,True,False,0.0,0.0,496279,0,0,0,0,0,3,0.0,0.0,0,Isaac,0.0,308,False,has joined Accrington on loan for the rest of the season.,2025-09-02T12:26:54.658601Z,45,496279.jpg,0.0,False,Heath,0.0,False,,u,9,11,0,458,0,2583,5,0.0,0.0,Heath,241.0,2025-02-07,2004-10-28,False,p496279,0,0,0,0,0,0,0,0,0,0,0,0,0,0.0,0.0,0.0,0.0,0,0,0,0,0,0.00,0.00,0.00,0.00,595,228,589,231,560,219,599,231,,,,,,,0.0,0.0,0.0,0.0,0.0,0.0,455,264,593,229,602,236,637,266,0.0,0.0,0.0
332,True,False,0.0,0.0,491557,0,0,0,0,0,3,0.0,0.0,0,Jenson,0.0,309,False,Has joined Bradford City permanently.,2025-07-25T14:54:45.196473Z,45,491557.jpg,0.0,False,Metcalfe,0.0,False,,u,9,11,0,0,0,87,0,0.0,0.0,Metcalfe,,,,False,p491557,0,0,0,0,0,0,0,0,0,0,0,0,0,0.0,0.0,0.0,0.0,0,0,0,0,0,0.00,0.00,0.00,0.00,592,226,586,229,557,217,596,229,,,,,,,0.0,0.0,0.0,0.0,0.0,0.0,451,262,590,227,599,234,738,327,0.0,0.0,0.0
333,True,True,,,586309,0,0,-2,2,0,4,1.0,0.0,0,Thierno,1.0,310,False,,,58,586309.jpg,1.2,False,Barry,0.4,False,,a,9,11,5,15584,54,52741,81,0.2,0.9,Barry,73.0,2025-07-09,2002-10-21,False,p586309,96,0,0,1,1,0,0,0,0,0,0,0,8,6.2,7.6,29.0,3.6,2,0,0,2,1,0.46,0.02,0.48,2.14,339,26,273,26,114,28,299,29,,,,,,,0.43,0.0,0.02,0.45,2.01,0.94,121,32,244,21,297,27,263,43,0.94,0.94,1.88
334,True,True,,,486385,0,0,-1,1,0,4,2.5,1.5,1,Norberto Bercique,2.5,311,False,,,54,486385.jpg,2.4,False,Gomes Betuncal,5.1,False,,a,9,11,12,196610,814,530318,517,0.5,2.2,Beto,90.0,2023-08-29,1998-01-31,False,p486385,303,1,0,1,4,0,0,0,1,0,0,1,35,42.4,18.1,83.0,13.5,4,3,1,8,4,1.94,0.09,2.03,4.94,160,16,190,16,21,10,92,13,,,,,2.0,,0.58,0.0,0.03,0.61,1.47,1.19,201,46,106,10,199,17,70,12,1.19,0.3,2.38
335,True,False,0.0,0.0,491012,0,0,-1,1,0,4,0.0,0.0,0,Youssef,0.0,312,False,has joined Rangers permanently.,2025-09-02T12:26:54.689038Z,49,491012.jpg,0.0,False,Ramalho Chermiti,0.1,False,,u,9,11,0,2418,0,11181,27,0.0,0.0,Y.Chermiti,173.0,2023-08-11,2004-05-24,False,p491012,0,0,0,0,0,0,0,0,0,0,0,0,0,0.0,0.0,0.0,0.0,0,0,0,0,0,0.00,0.00,0.00,0.00,668,66,662,66,639,63,670,66,,,,,,,0.0,0.0,0.0,0.0,0.0,0.0,361,57,666,66,672,67,485,66,0.0,0.0,0.0
336,True,True,,,536241,0,0,-1,1,0,4,0.0,-1.0,0,Martin,0.0,313,False,,,44,536241.jpg,0.0,False,Sherif,0.2,False,,a,9,11,0,7323,41,13079,21,0.0,0.0,Sherif,,,,False,p536241,0,0,0,0,0,0,0,0,0,0,0,0,0,0.0,0.0,0.0,0.0,0,0,0,0,0,0.00,0.00,0.00,0.00,547,50,534,50,499,48,551,51,,,,,,,0.0,0.0,0.0,0.0,0.0,0.0,582,75,544,51,555,52,351,56,0.0,0.0,0.0
337,True,True,,,114283,0,0,3,-3,3,3,6.0,5.0,1,Jack,6.0,419,False,,,68,114283.jpg,5.0,False,Grealish,22.0,False,,a,9,11,25,2429784,4119,424535,1532,0.9,3.7,Grealish,241.0,2025-08-12,1995-09-10,False,p114283,324,0,4,2,5,0,0,0,1,0,0,4,114,129.2,136.4,107.0,37.3,6,19,8,33,4,0.40,1.61,2.01,5.83,8,3,7,7,13,5,5,4,,,,,,,0.11,0.0,0.45,0.56,1.62,1.39,47,31,7,3,53,16,17,5,1.11,0.56,9.17
338,True,True,,,138001,0,0,0,0,0,1,0.0,-1.0,0,Tom,0.0,630,False,,,40,138001.jpg,0.0,False,King,1.3,False,,a,9,11,0,10227,26,31730,45,0.0,0.0,King,244.0,2025-08-15,1995-03-09,False,p138001,0,0,0,0,0,0,0,0,0,0,0,0,0,0.0,0.0,0.0,0.0,0,0,0,0,0,0.00,0.00,0.00,0.00,422,37,408,22,363,15,426,37,,,,,,,0.0,0.0,0.0,0.0,0.0,0.0,622,53,418,36,432,37,166,24,0.0,0.0,0.0
339,True,True,100.0,100.0,499300,0,0,-1,1,0,2,0.0,-1.0,0,Adam,0.0,667,False,,2025-08-29T10:30:08.715230Z,44,499300.jpg,0.0,False,Aznou,0.1,False,,a,9,11,0,1008,9,8045,1,0.0,0.0,Aznou,145.0,2025-07-29,2006-06-02,False,p499300,0,0,0,0,0,0,0,0,0,0,0,0,0,0.0,0.0,0.0,0.0,0,0,0,0,0,0.00,0.00,0.00,0.00,535,220,522,219,486,205,539,220,,,,,,,0.0,0.0,0.0,0.0,0.0,0.0,567,148,532,217,543,218,541,198,0.0,0.0,0.0
340,True,False,0.0,0.0,461446,0,0,0,0,0,3,0.0,0.0,0,Tyler,0.0,704,False,has joined Stockport County on loan for the rest of the season.,2025-09-02T12:26:54.674165Z,45,461446.jpg,0.0,False,Onyango,0.1,False,,u,9,11,0,8420,0,6402,17,0.0,0.0,Onyango,241.0,2025-07-25,2003-03-04,False,p461446,0,0,0,0,0,0,0,0,0,0,0,0,0,0.0,0.0,0.0,0.0,0,0,0,0,0,0.00,0.00,0.00,0.00,585,219,578,222,548,210,589,222,,,,,,,0.0,0.0,0.0,0.0,0.0,0.0,437,254,583,220,592,227,503,174,0.0,0.0,0.0
341,True,True,,,491745,0,0,0,0,0,2,0.0,-1.0,0,Elijah,0.0,705,False,,,40,491745.jpg,0.0,False,Campbell,0.2,False,,a,9,11,0,11983,15,4779,24,0.0,0.0,Campbell,241.0,2023-12-15,2004-08-02,False,p491745,0,0,0,0,0,0,0,0,0,0,0,0,0,0.0,0.0,0.0,0.0,0,0,0,0,0,0.00,0.00,0.00,0.00,462,176,449,175,405,154,466,176,,,,,,,0.0,0.0,0.0,0.0,0.0,0.0,673,188,457,171,471,175,393,145,0.0,0.0,0.0
342,True,True,,,496661,0,0,0,0,0,3,0.0,-1.0,0,Tyler,0.0,707,False,,,55,496661.jpg,0.0,False,Dibling,0.0,False,,a,9,11,0,2938,6,1446,5,0.0,0.0,Dibling,241.0,2025-08-25,2006-02-17,False,p496661,0,0,0,0,0,0,0,0,0,0,0,0,0,0.0,0.0,0.0,0.0,0,0,0,0,0,0.00,0.00,0.00,0.00,721,316,722,317,720,317,722,317,,,,,,,0.0,0.0,0.0,0.0,0.0,0.0,165,102,720,316,722,317,651,277,0.0,0.0,0.0
343,True,True,,,513466,0,0,0,0,0,3,0.5,-0.5,0,Merlin,0.5,728,False,,,50,513466.jpg,1.0,False,Röhl,0.0,False,,a,9,11,1,278,4,89,1,0.1,0.2,Röhl,80.0,2025-09-01,2002-07-05,False,p513466,24,0,0,0,0,0,0,0,0,0,0,0,5,3.0,10.7,1.0,1.5,0,1,2,3,0,0.03,0.00,0.03,0.00,360,174,251,145,322,172,345,169,,,,,,,0.11,0.0,0.0,0.11,0.0,0.0,298,183,313,151,350,165,716,313,0.0,0.0,11.25
344,True,True,,,80201,0,0,0,0,0,1,3.2,3.2,0,Bernd,3.2,314,False,,,50,80201.jpg,4.0,False,Leno,1.6,False,,a,10,54,16,41245,39,51356,103,0.6,3.2,Leno,80.0,2022-08-02,1992-03-04,False,p80201,360,0,0,1,4,0,0,0,0,0,13,1,68,100.2,0.0,0.0,10.0,4,37,1,0,4,0.00,0.00,0.00,6.25,27,4,673,78,650,73,150,5,,,,,,,0.0,3.25,0.0,0.0,1.56,1.0,243,7,68,9,89,10,145,21,1.0,0.25,0.0
345,True,False,0.0,0.0,428971,0,0,0,0,0,1,0.0,0.0,0,Steven,0.0,315,False,Has joined Millwall on loan for the rest of the season.,2025-07-28T11:48:41.553663Z,40,428971.jpg,0.0,False,Benda,0.0,False,,u,10,54,0,0,0,285,1,0.0,0.0,Benda,80.0,2023-08-30,1998-10-01,False,p428971,0,0,0,0,0,0,0,0,0,0,0,0,0,0.0,0.0,0.0,0.0,0,0,0,0,0,0.00,0.00,0.00,0.00,439,46,426,31,381,24,443,46,,,,,,,0.0,0.0,0.0,0.0,0.0,0.0,644,62,434,45,448,46,713,82,0.0,0.0,0.0
346,True,True,100.0,100.0,169528,0,0,0,0,0,2,0.5,0.5,0,Antonee,0.5,316,False,,2025-08-22T14:00:07.747640Z,50,169528.jpg,1.0,False,Robinson,0.8,False,,a,10,54,2,41434,108,58484,97,0.1,0.4,Robinson,229.0,2020-08-20,1997-08-08,False,p169528,51,0,0,0,0,0,0,0,0,0,0,0,9,11.8,21.5,4.0,3.8,2,1,0,2,0,0.00,0.06,0.06,0.23,299,113,167,44,283,97,291,96,,,,,,,0.0,0.0,0.11,0.11,0.41,0.0,251,39,310,107,344,125,193,72,0.0,0.0,3.53
347,True,True,,,174874,0,0,0,0,1,2,4.2,4.2,0,Joachim,4.2,317,False,,,45,174874.jpg,4.8,False,Andersen,3.6,False,,a,10,54,19,186938,602,92196,288,0.9,4.2,Andersen,58.0,2024-08-23,1996-05-31,False,p174874,360,0,0,1,4,0,0,0,0,0,0,2,73,90.8,26.6,18.0,13.5,31,14,10,41,4,0.21,0.72,0.93,6.25,46,16,139,34,175,40,90,22,,,,,,,0.05,0.0,0.18,0.23,1.56,1.0,405,79,34,13,56,27,92,37,1.0,0.25,10.25
348,True,True,,,232892,0,0,0,0,0,2,3.0,3.0,0,Calvin,3.0,318,False,,,45,232892.jpg,3.2,False,Bassey,0.5,False,,a,10,54,13,24221,67,18831,31,0.7,2.9,Bassey,157.0,2023-07-28,1999-12-31,False,p232892,360,0,0,1,4,0,0,0,1,0,0,3,50,51.8,6.7,7.0,6.6,15,20,6,21,4,0.15,0.05,0.20,6.25,124,56,276,91,247,75,217,69,,,,,,,0.04,0.0,0.01,0.05,1.56,1.0,421,91,80,36,146,62,231,84,1.0,0.25,5.25
349,True,True,,,166477,0,0,0,0,0,2,0.5,0.5,0,Timothy,0.5,319,False,,,45,166477.jpg,1.0,False,Castagne,0.1,False,,a,10,54,3,3460,3,6570,4,0.1,0.7,Castagne,21.0,2023-08-29,1995-12-05,False,p166477,126,0,0,0,3,0,0,0,0,0,0,0,3,14.8,19.1,28.0,6.2,3,3,3,6,2,0.38,0.07,0.45,4.11,280,106,187,52,117,18,230,75,,,,,,,0.27,0.0,0.05,0.32,2.94,2.14,402,77,300,102,323,118,459,174,1.43,0.0,4.29
350,True,True,,,219924,0,0,-1,1,0,2,0.0,0.0,0,Issa,0.0,320,False,,,44,219924.jpg,0.0,False,Diop,0.1,False,,a,10,54,0,1234,5,3844,9,0.0,0.0,Diop,73.0,2022-08-10,1997-01-09,False,p219924,0,0,0,0,0,0,0,0,0,0,0,0,0,0.0,0.0,0.0,0.0,0,0,0,0,0,0.00,0.00,0.00,0.00,517,216,504,215,463,197,521,216,,,,,,,0.0,0.0,0.0,0.0,0.0,0.0,535,132,512,211,525,214,523,190,0.0,0.0,0.0
351,True,True,,,246301,0,0,-1,1,0,2,0.0,0.0,0,Jorge,0.0,321,False,,,44,246301.jpg,2.0,False,Cuenca Barreno,0.0,False,,a,10,54,2,474,1,1789,2,0.0,0.5,J.Cuenca,200.0,2024-08-03,1999-11-17,False,p246301,83,0,0,0,1,0,0,0,0,0,0,0,10,9.6,1.2,4.0,1.5,2,4,1,3,1,0.00,0.01,0.01,1.07,310,118,337,120,274,89,342,118,,,,,,,0.0,0.0,0.01,0.01,1.16,1.08,547,141,518,215,224,82,602,210,1.08,0.0,3.25
352,True,True,,,167074,0,0,0,0,0,2,2.8,2.8,0,Kenny,2.8,322,False,,,45,167074.jpg,3.2,False,Tete,0.2,False,,a,10,54,13,12914,16,8599,14,0.6,2.9,Tete,152.0,2020-09-10,1995-10-09,False,p167074,360,0,0,1,4,0,0,0,0,0,0,0,65,64.0,26.8,14.0,10.5,15,12,13,28,4,0.07,0.41,0.48,6.25,101,43,135,32,199,49,137,47,,,,,,,0.02,0.0,0.1,0.12,1.56,1.0,403,78,94,42,144,60,347,122,1.0,0.25,7.0
353,True,True,,,591385,0,0,0,0,0,2,0.0,0.0,0,Samuel,0.0,323,False,,,40,591385.jpg,0.0,False,Amissah,0.1,False,,a,10,54,0,1786,7,6548,18,0.0,0.0,Amissah,,,,False,p591385,0,0,0,0,0,0,0,0,0,0,0,0,0,0.0,0.0,0.0,0.0,0,0,0,0,0,0.00,0.00,0.00,0.00,499,203,486,202,443,182,503,203,,,,,,,0.0,0.0,0.0,0.0,0.0,0.0,715,220,494,198,507,201,417,155,0.0,0.0,0.0
354,True,True,,,153133,0,0,0,0,0,3,2.8,2.8,0,Alex,2.8,324,False,,,65,153133.jpg,3.2,False,Iwobi,1.4,False,,a,10,54,13,67480,61,86119,164,0.4,2.0,Iwobi,157.0,2023-09-01,1996-05-03,False,p153133,313,0,1,1,4,0,0,0,1,0,0,2,43,40.8,75.5,19.0,13.6,3,12,4,19,4,0.11,0.60,0.71,5.75,164,62,36,31,172,103,89,55,,,,,,,0.03,0.0,0.17,0.2,1.65,1.15,51,34,97,35,149,58,159,54,1.15,0.29,5.46
355,True,True,,,209289,0,0,-1,1,0,3,2.0,2.0,0,Emile,2.0,325,False,,,59,209289.jpg,2.2,False,Smith Rowe,0.7,False,,a,10,54,9,31702,52,63550,111,0.3,1.5,Smith Rowe,241.0,2024-08-02,2000-07-28,False,p209289,85,1,0,0,0,0,0,0,0,0,0,0,29,37.8,22.7,40.0,10.0,0,1,0,1,0,0.79,0.05,0.84,0.68,174,70,160,105,81,50,152,77,,,,,,,0.84,0.0,0.05,0.89,0.72,0.0,105,72,153,61,216,99,207,71,0.0,0.0,1.06
356,True,True,,,159533,0,0,-2,2,0,3,0.5,0.5,0,Adama,0.5,326,False,,,53,159533.jpg,1.0,False,Traoré Diarra,0.2,False,,a,10,54,3,3341,21,17888,18,0.1,0.6,Adama,200.0,2023-08-12,1996-01-25,False,p159533,60,0,0,0,0,0,0,0,0,0,0,0,6,4.2,16.1,12.0,2.9,0,2,0,2,0,0.04,0.08,0.12,0.52,353,170,205,127,214,123,323,162,,,,,,,0.06,0.0,0.12,0.18,0.78,0.0,218,137,315,153,353,168,370,124,0.0,0.0,3.0
357,True,False,0.0,0.0,156689,0,0,-2,2,0,3,0.0,0.0,0,Andreas,0.0,327,False,has joined Palmeiras permanently.,2025-09-02T13:24:11.133813Z,53,156689.jpg,0.0,False,Hoelgebaum Pereira,0.1,False,,u,10,54,0,2438,0,29672,35,0.0,0.0,Andreas,30.0,2022-07-11,1996-01-01,False,p156689,0,0,0,0,0,0,0,0,0,0,0,0,0,0.0,0.0,0.0,0.0,0,0,0,0,0,0.00,0.00,0.00,0.00,698,302,698,303,682,298,699,303,1.0,,1.0,,2.0,,0.0,0.0,0.0,0.0,0.0,0.0,217,136,695,300,700,303,466,155,0.0,0.0,0.0
358,True,True,100.0,100.0,184349,0,0,-1,1,0,3,1.8,1.8,0,Ryan,1.8,328,False,,2025-08-22T14:00:07.804630Z,54,184349.jpg,2.3,False,Sessegnon,0.0,False,,a,10,54,7,2557,4,2629,5,0.3,1.3,Sessegnon,241.0,2024-07-26,2000-05-18,False,p184349,217,0,0,1,3,0,0,0,0,0,0,0,29,37.0,39.4,12.0,8.8,12,5,8,25,3,0.00,0.38,0.38,4.54,180,73,94,68,215,124,173,87,,,,,,,0.0,0.0,0.16,0.16,1.88,1.24,180,112,172,73,201,91,606,245,1.24,0.41,10.37
359,True,True,100.0,100.0,153682,0,0,-1,1,0,3,0.8,0.8,0,Harry,0.8,329,False,,2025-08-28T17:30:07.780586Z,54,153682.jpg,2.0,False,Wilson,0.4,False,,a,10,54,8,13424,7,73350,67,0.1,1.5,Wilson,244.0,2021-07-24,1997-03-22,False,p153682,207,0,1,0,1,0,0,0,0,0,0,0,35,15.6,10.9,37.0,6.3,1,4,5,10,2,0.22,0.14,0.36,2.49,273,127,248,143,90,53,227,114,3.0,,3.0,,,,0.1,0.0,0.06,0.16,1.08,0.43,177,109,268,131,237,113,252,87,0.87,0.0,4.35
360,True,True,,,207189,0,0,0,0,0,3,2.0,2.0,0,Sander,2.0,330,False,,,50,207189.jpg,2.5,False,Berge,0.1,False,,a,10,54,10,1690,5,2829,11,0.4,2.0,Berge,161.0,2024-08-22,1998-02-14,False,p207189,328,0,0,1,4,0,0,0,1,0,0,0,43,42.6,25.4,11.0,7.9,10,14,6,30,4,0.41,0.21,0.62,5.82,157,58,148,101,219,126,193,96,,,,,,,0.11,0.0,0.06,0.17,1.6,1.1,259,157,144,54,185,81,536,191,1.1,0.27,8.23
361,True,True,,,76357,0,0,-1,1,0,3,0.2,0.2,0,Tom,0.2,331,False,,,49,76357.jpg,0.5,False,Cairney,0.0,False,,a,10,54,1,459,0,1799,5,0.0,0.2,Cairney,243.0,2015-07-07,1991-01-20,False,p76357,30,0,0,0,0,0,0,0,1,0,0,0,0,0.0,1.0,0.0,0.1,0,2,0,2,0,0.00,0.00,0.00,0.43,643,264,340,177,609,255,389,186,,,2.0,,,,0.0,0.0,0.0,0.0,1.29,0.0,308,190,357,170,394,191,623,256,0.0,0.0,6.0
362,True,True,,,212314,0,0,0,0,0,3,2.5,2.5,0,Saša,2.5,332,False,,,50,212314.jpg,3.0,False,Lukić,0.1,False,,a,10,54,12,4220,13,3525,10,0.5,2.4,Lukić,190.0,2023-01-31,1996-08-13,False,p212314,360,0,1,1,4,0,0,0,2,0,0,0,61,48.6,131.0,13.0,19.2,10,13,11,34,4,0.50,0.57,1.07,6.25,134,46,8,8,201,119,44,30,4.0,,,,,,0.12,0.0,0.14,0.26,1.56,1.0,263,160,103,39,159,62,502,173,1.0,0.25,8.5
363,True,False,0.0,0.0,573062,0,0,0,0,0,3,0.0,0.0,0,Martial,0.0,333,False,has joined Strasbourg permanently.,2025-09-02T13:30:29.210428Z,45,573062.jpg,0.0,False,Godo,0.0,False,,u,10,54,0,898,0,4441,12,0.0,0.0,Godo,54.0,2022-08-22,2003-03-14,False,p573062,0,0,0,0,0,0,0,0,0,0,0,0,0,0.0,0.0,0.0,0.0,0,0,0,0,0,0.00,0.00,0.00,0.00,615,245,610,248,581,236,618,248,,,,,,,0.0,0.0,0.0,0.0,0.0,0.0,483,282,614,246,623,253,591,232,0.0,0.0,0.0
364,True,False,0.0,0.0,515024,0,0,0,0,0,3,0.0,0.0,0,Luke,0.0,334,False,Has joined Oxford United on loan for the rest of the season.,2025-07-28T11:48:41.571901Z,45,515024.jpg,0.0,False,Harris,0.0,False,,u,10,54,0,0,0,234,0,0.0,0.0,Harris,244.0,2022-08-05,2005-03-04,False,p515024,0,0,0,0,0,0,0,0,0,0,0,0,0,0.0,0.0,0.0,0.0,0,0,0,0,0,0.00,0.00,0.00,0.00,598,231,593,234,564,222,602,234,,,,,,,0.0,0.0,0.0,0.0,0.0,0.0,461,267,597,232,606,239,733,322,0.0,0.0,0.0
365,True,True,,,577725,0,0,0,0,0,3,1.2,1.2,0,Josh,1.2,335,False,,,45,577725.jpg,1.8,False,King,3.5,False,,a,10,54,7,443110,1171,139444,286,0.3,1.6,King,241.0,2024-02-02,2007-01-03,False,p577725,271,0,0,0,4,0,0,0,0,0,0,0,27,28.4,28.9,61.0,11.7,2,12,5,19,4,0.39,0.23,0.62,5.56,222,95,128,88,47,28,123,67,,,,,,,0.13,0.0,0.08,0.21,1.85,1.33,490,285,205,95,255,124,93,31,1.33,0.0,6.31
366,True,True,,,153366,0,0,-1,1,0,3,0.0,0.0,0,Harrison,0.0,336,False,,,44,153366.jpg,0.0,False,Reed,0.3,False,,a,10,54,0,17487,43,17031,33,0.0,0.0,Reed,241.0,2020-08-30,1995-01-27,False,p153366,0,0,0,0,0,0,0,0,0,0,0,0,0,0.0,0.0,0.0,0.0,0,0,0,0,0,0.00,0.00,0.00,0.00,514,185,501,188,460,174,518,188,,,,,,,0.0,0.0,0.0,0.0,0.0,0.0,527,303,509,185,522,193,319,108,0.0,0.0,0.0
367,True,True,,,102057,0,0,-2,2,0,4,0.8,0.8,0,Raúl,0.8,337,False,,,63,102057.jpg,1.2,False,Jiménez Rodríguez,1.2,False,,a,10,54,5,30951,79,143521,176,0.1,0.8,Raúl,139.0,2023-07-25,1991-05-05,False,p102057,121,0,0,0,1,0,0,0,0,0,0,0,2,4.0,6.6,20.0,2.3,2,1,3,6,1,0.40,0.00,0.40,1.32,355,30,277,28,165,31,332,33,,,4.0,,1.0,,0.3,0.0,0.0,0.3,0.98,0.74,75,23,280,28,299,29,174,30,0.74,0.0,4.46
368,True,True,,,244042,0,0,0,0,0,4,0.8,0.8,0,Rodrigo,0.8,338,False,,,55,244042.jpg,2.5,False,Muniz Carvalho,2.5,False,,a,10,54,10,201001,295,169452,341,0.1,1.8,Muniz,30.0,2021-08-20,2001-05-04,False,p244042,235,1,0,1,3,1,0,0,1,0,0,3,25,35.4,20.9,82.0,13.5,4,5,2,11,3,0.74,0.01,0.75,4.93,193,19,175,15,23,11,93,14,,,,,,,0.28,0.0,0.0,0.28,1.89,1.15,151,35,274,25,190,14,115,16,1.15,0.38,4.21
369,True,True,,,86873,0,0,0,0,0,1,0.0,0.0,0,Benjamin,0.0,664,False,,,40,86873.jpg,0.0,False,Lecomte,0.7,False,,a,10,54,0,6384,14,16025,25,0.0,0.0,Lecomte,73.0,2025-07-26,1991-04-26,False,p86873,0,0,0,0,0,0,0,0,0,0,0,0,0,0.0,0.0,0.0,0.0,0,0,0,0,0,0.00,0.00,0.00,0.00,414,31,400,16,355,9,418,31,,,,,,,0.0,0.0,0.0,0.0,0.0,0.0,614,47,410,30,424,31,201,27,0.0,0.0,0.0
370,True,True,,,218328,0,0,0,0,0,3,0.0,0.0,0,Samuel,0.0,727,False,,,55,218328.jpg,0.0,False,Chukwueze,0.0,False,,a,10,54,0,3603,9,1610,9,0.0,0.0,Chukwueze,157.0,2025-09-01,1999-05-22,False,p218328,0,0,0,0,0,0,0,0,0,0,0,0,0,0.0,0.0,0.0,0.0,0,0,0,0,0,0.00,0.00,0.00,0.00,717,314,718,315,715,315,718,315,,,,,,,0.0,0.0,0.0,0.0,0.0,0.0,148,92,716,314,718,315,643,270,0.0,0.0,0.0
371,True,True,,,560552,0,0,0,0,0,3,0.5,0.5,0,Kevin,0.5,731,False,,,60,560552.jpg,1.0,False,Santos Lopes de Macedo,0.1,False,,a,10,54,1,17477,60,2275,13,0.1,0.2,Kevin,30.0,2025-09-01,2003-01-04,False,p560552,14,0,0,0,0,0,0,0,0,0,0,0,6,11.4,18.6,7.0,3.7,0,0,0,0,0,0.01,0.07,0.08,0.03,303,144,189,122,253,142,294,151,,,,,,,0.06,0.0,0.45,0.51,0.19,0.0,94,63,335,164,379,184,438,146,0.0,0.0,0.0
372,True,True,,,631786,0,0,0,0,0,4,0.0,0.0,0,Jonah,0.0,737,False,,,45,631786.jpg,0.0,False,Kusi-Asare,0.0,False,,a,10,54,0,3073,32,658,11,0.0,0.0,Kusi-Asare,206.0,2025-09-01,2007-07-04,False,p631786,0,0,0,0,0,0,0,0,0,0,0,0,0,0.0,0.0,0.0,0.0,0,0,0,0,0,0.00,0.00,0.00,0.00,636,63,631,63,602,60,639,63,,,,,,,0.0,0.0,0.0,0.0,0.0,0.0,510,66,634,63,642,64,630,76,0.0,0.0,0.0
373,True,True,,,437495,0,0,-1,1,0,1,-0.5,-0.5,0,Illan,0.0,339,False,,,44,437495.jpg,0.0,False,Meslier,0.5,False,,a,11,2,0,4867,12,32503,29,0.0,0.0,Meslier,73.0,2020-07-27,2000-03-02,False,p437495,0,0,0,0,0,0,0,0,0,0,0,0,0,0.0,0.0,0.0,0.0,0,0,0,0,0,0.00,0.00,0.00,0.00,523,75,510,60,471,53,527,75,,,,,,,0.0,0.0,0.0,0.0,0.0,0.0,548,35,519,74,531,75,237,33,0.0,0.0,0.0
374,True,True,,,97846,0,0,0,0,0,1,-0.5,-0.5,0,Alex,0.0,340,False,,,40,97846.jpg,0.0,False,Cairns,0.2,False,,a,11,2,0,2304,8,4978,10,0.0,0.0,Cairns,241.0,2024-07-08,1993-01-04,False,p97846,0,0,0,0,0,0,0,0,0,0,0,0,0,0.0,0.0,0.0,0.0,0,0,0,0,0,0.00,0.00,0.00,0.00,415,32,401,17,356,10,419,32,,,,,,,0.0,0.0,0.0,0.0,0.0,0.0,615,48,411,31,425,32,380,57,0.0,0.0,0.0
375,True,True,,,59735,0,0,0,0,0,1,0.3,0.3,0,Karl,0.8,341,False,,,40,59735.jpg,3.0,False,Darlow,2.4,False,,a,11,2,3,30659,86,83892,65,0.2,0.8,Darlow,244.0,2023-07-29,1990-10-08,False,p59735,90,0,0,0,1,0,0,0,0,0,3,0,15,19.6,0.0,0.0,2.0,1,12,0,0,1,0.00,0.00,0.00,0.85,258,23,394,10,349,3,335,23,,,,,,,0.0,3.0,0.0,0.0,0.85,1.0,608,41,252,22,150,17,117,15,1.0,0.0,0.0
376,True,True,100.0,100.0,226182,0,0,0,0,0,2,1.3,1.3,0,Jayden,1.8,342,False,,2025-08-10T23:00:06.436528Z,45,226182.jpg,3.2,False,Bogle,0.2,False,,a,11,2,13,5852,12,6696,11,0.4,2.9,Bogle,241.0,2024-07-20,2000-07-27,False,p226182,352,0,0,2,5,0,0,0,1,0,0,0,45,43.4,15.6,29.0,8.8,15,24,8,23,4,0.14,0.04,0.18,3.95,155,66,207,63,110,17,172,59,,,,,,,0.04,0.0,0.01,0.05,1.01,1.28,417,88,165,69,145,61,365,131,1.02,0.51,5.88
377,True,True,,,222694,0,0,0,0,0,2,1.5,1.5,0,Pascal,2.0,343,False,,,45,222694.jpg,4.0,False,Struijk,0.4,False,,a,11,2,16,15259,18,17557,27,0.4,3.6,Struijk,152.0,2018-04-12,1999-08-11,False,p222694,360,0,0,2,6,0,0,0,0,0,0,2,63,65.8,13.5,26.0,10.6,23,12,3,26,4,0.23,0.03,0.26,4.74,96,40,222,72,128,24,135,45,,,,,3.0,,0.06,0.0,0.01,0.07,1.18,1.5,415,86,135,59,86,39,285,104,1.0,0.5,6.5
378,True,True,100.0,100.0,434752,0,0,0,0,0,2,-0.5,-0.5,0,Jaka,0.0,344,False,,2025-07-21T10:00:04.901206Z,40,434752.jpg,0.0,False,Bijol,0.1,False,,a,11,2,0,3952,7,8155,32,0.0,0.0,Bijol,195.0,2025-06-23,1999-02-05,False,p434752,0,0,0,0,0,0,0,0,0,0,0,0,0,0.0,0.0,0.0,0.0,0,0,0,0,0,0.00,0.00,0.00,0.00,440,168,427,167,382,145,444,168,,,,,,,0.0,0.0,0.0,0.0,0.0,0.0,646,175,435,163,449,167,416,154,0.0,0.0,0.0
379,True,True,100.0,100.0,437738,0,0,-1,1,0,2,-0.5,-0.5,0,Sebastiaan,0.0,345,False,,2025-08-10T23:00:06.493026Z,39,437738.jpg,0.0,False,Bornauw,0.1,False,,a,11,2,0,1752,8,2895,4,0.0,0.0,Bornauw,21.0,2025-07-01,1999-03-22,False,p437738,0,0,0,0,0,0,0,0,0,0,0,0,0,0.0,0.0,0.0,0.0,0,0,0,0,0,0.00,0.00,0.00,0.00,394,144,377,141,331,118,398,144,,,,,,,0.0,0.0,0.0,0.0,0.0,0.0,726,231,390,140,404,144,526,192,0.0,0.0,0.0
380,True,True,,,113564,0,0,-1,1,0,2,-0.3,-0.3,0,Sam,0.2,346,False,,,39,113564.jpg,1.0,False,Byram,0.2,False,,a,11,2,1,3402,98,9454,19,0.1,0.3,Byram,241.0,2023-08-05,1993-09-16,False,p113564,7,0,0,0,1,0,0,0,0,0,0,0,-2,0.0,0.0,0.0,0.0,0,0,0,0,0,0.00,0.00,0.00,0.79,389,139,372,136,326,113,393,139,,,,,,,0.0,0.0,0.0,0.0,10.16,12.86,721,226,339,116,301,100,357,126,0.0,0.0,0.0
381,True,True,100.0,100.0,243526,0,0,0,0,0,2,1.5,1.5,0,Gabriel,2.0,347,False,,2025-08-31T01:00:08.219642Z,40,243526.jpg,4.2,False,Gudmundsson,5.1,False,,a,11,2,17,407108,496,146392,183,0.5,4.2,Gudmundsson,206.0,2025-07-08,1999-04-29,False,p243526,349,0,0,2,6,1,0,0,1,0,0,6,56,63.6,67.8,21.0,15.3,17,13,8,25,4,0.17,0.23,0.40,4.71,102,44,50,7,146,31,71,15,,,,,,,0.04,0.0,0.06,0.1,1.21,1.55,642,172,128,53,79,36,71,28,1.03,0.52,6.45
382,True,True,100.0,100.0,214225,0,0,0,0,0,2,2.7,2.7,0,Joe,3.2,348,False,,2025-09-05T10:00:06.564684Z,40,214225.jpg,5.0,False,Rodon,3.7,False,,a,11,2,20,272803,1139,99687,129,0.8,5.0,Rodon,244.0,2024-07-02,1997-10-22,False,p214225,360,0,0,2,6,0,0,0,0,0,0,2,64,77.8,2.2,4.0,8.4,36,8,2,38,4,0.00,0.00,0.00,4.74,70,30,322,114,271,86,181,62,,,,,,,0.0,0.0,0.0,0.0,1.18,1.5,632,167,65,29,49,25,89,36,1.0,0.5,9.5
383,True,False,0.0,0.0,492368,0,0,0,0,0,2,0.0,0.0,0,Isaac,0.0,349,False,has joined Werder Bremen on loan for the rest of the season.,2025-09-02T12:00:32.361624Z,40,492368.jpg,0.0,False,Schmidt,0.1,False,,u,11,2,0,788,0,10186,29,0.0,0.0,Schmidt,207.0,2024-08-30,1999-12-07,False,p492368,0,0,0,0,0,0,0,0,0,0,0,0,0,0.0,0.0,0.0,0.0,0,0,0,0,0,0.00,0.00,0.00,0.00,464,178,451,177,407,156,468,178,,,,,,,0.0,0.0,0.0,0.0,0.0,0.0,675,190,459,173,473,177,463,177,0.0,0.0,0.0
384,True,True,,,427637,0,0,-1,1,0,3,1.3,1.3,0,Brenden,1.8,350,False,,,54,427637.jpg,2.0,False,Aaronson,0.1,False,,a,11,2,8,1610,4,4023,5,0.3,1.5,Aaronson,229.0,2022-07-01,2000-10-22,False,p427637,153,0,0,1,1,0,0,0,0,0,0,0,42,35.2,39.4,29.0,10.4,2,7,9,18,1,0.13,0.59,0.72,1.71,194,82,95,69,112,68,140,73,,,2.0,,,,0.08,0.0,0.35,0.43,1.01,0.59,190,118,173,74,240,115,572,216,0.59,0.59,10.59
385,True,True,25.0,25.0,492859,0,0,-2,2,0,3,0.1,0.1,0,Wilfried,0.8,351,False,Calf injury - 25% chance of playing,2025-09-18T14:30:08.147956Z,53,492859.jpg,1.5,False,Gnonto,0.2,False,,d,11,2,6,5197,0,23978,85,0.2,1.1,Gnonto,106.0,2022-09-01,2003-11-05,False,p492859,191,0,0,1,5,0,0,0,1,0,0,0,27,15.8,21.4,16.0,5.3,2,6,9,17,3,0.18,0.06,0.24,2.49,272,126,168,110,189,113,251,124,,,,,,,0.08,0.0,0.03,0.11,1.17,2.36,228,143,267,130,279,137,379,129,1.41,0.47,8.01
386,True,True,,,221399,0,0,-2,2,0,3,0.0,0.0,0,Jack,0.5,352,False,,,53,221399.jpg,1.0,False,Harrison,0.1,False,,a,11,2,3,1181,6,9419,9,0.1,0.6,Harrison,241.0,2021-07-02,1996-11-20,False,p221399,64,0,0,0,1,0,0,0,0,0,0,0,16,10.0,6.1,4.0,2.1,3,2,2,7,0,0.00,0.03,0.03,1.08,309,147,285,157,286,154,333,165,3.0,,,,,,0.0,0.0,0.04,0.04,1.52,1.41,222,140,316,154,354,169,518,182,0.0,0.0,9.84
387,True,True,25.0,25.0,200617,0,0,-2,2,0,3,0.1,0.1,0,Daniel,1.0,353,False,Abdominal injury - 25% chance of playing,2025-09-13T21:30:08.163056Z,53,200617.jpg,1.8,False,James,0.2,False,,d,11,2,7,4501,1,32110,104,0.2,1.3,James,244.0,2021-08-31,1997-11-10,False,p200617,212,0,0,1,4,0,0,0,0,0,0,0,23,11.8,31.1,29.0,7.2,1,7,1,9,3,0.43,0.17,0.60,3.22,301,142,114,80,111,67,207,104,,,,,,,0.18,0.0,0.07,0.25,1.37,1.7,220,139,236,115,259,126,333,113,1.27,0.42,3.82
388,True,True,100.0,100.0,199598,0,0,-1,1,0,3,0.5,0.5,0,Ethan,1.0,354,False,,2025-08-21T13:57:30.981880Z,49,199598.jpg,3.5,False,Ampadu,0.1,False,,a,11,2,7,1581,5,6148,6,0.2,1.4,Ampadu,244.0,2023-07-19,2000-09-14,False,p199598,167,0,0,1,1,0,0,0,0,0,0,0,27,24.4,6.3,2.0,3.3,6,9,5,20,2,0.00,0.03,0.03,1.13,235,103,280,154,305,162,306,157,,,,,,,0.0,0.0,0.02,0.02,0.61,0.54,322,201,230,111,122,46,578,222,1.08,0.54,10.78
389,True,False,0.0,0.0,248937,0,0,-1,1,0,3,0.0,0.0,0,Sam,0.0,355,False,has joined Pogon Szczecin permanently.,2025-09-02T12:00:32.393623Z,49,248937.jpg,0.0,False,Greenwood,0.1,False,,u,11,2,0,1234,0,7981,14,0.0,0.0,Greenwood,241.0,2021-01-09,2002-01-26,False,p248937,0,0,0,0,0,0,0,0,0,0,0,0,0,0.0,0.0,0.0,0.0,0,0,0,0,0,0.00,0.00,0.00,0.00,660,274,653,275,629,267,662,276,,,,,,,0.0,0.0,0.0,0.0,0.0,0.0,342,213,658,273,664,277,570,214,0.0,0.0,0.0
390,True,True,,,486520,0,0,-1,1,0,3,0.7,0.7,0,Ilia,1.2,356,False,,,49,486520.jpg,2.0,False,Gruev,0.0,False,,a,11,2,6,686,4,2172,4,0.2,1.2,Gruev,34.0,2023-08-31,2000-05-06,False,p486520,192,0,0,1,5,0,0,0,0,0,0,0,37,24.4,8.5,2.0,3.5,6,5,4,15,2,0.00,0.01,0.01,3.62,236,104,266,150,310,165,301,154,2.0,,1.0,,,,0.0,0.0,0.0,0.0,1.7,2.34,359,224,208,98,233,109,595,236,0.94,0.47,7.03
391,True,False,0.0,0.0,433952,0,0,-1,1,0,3,0.0,0.0,0,Largie,0.0,357,False,has joined Valencia on loan for the rest of the season.,2025-09-02T12:00:32.377624Z,49,433952.jpg,0.0,False,Ramazani,0.0,False,,u,11,2,0,203,0,3477,3,0.0,0.0,Ramazani,21.0,2024-08-22,2001-02-27,False,p433952,0,0,0,0,0,0,0,0,0,0,0,0,0,0.0,0.0,0.0,0.0,0,0,0,0,0,0.00,0.00,0.00,0.00,662,276,656,277,632,269,664,278,,,,,,,0.0,0.0,0.0,0.0,0.0,0.0,346,215,660,275,666,279,648,275,0.0,0.0,0.0
392,True,True,100.0,100.0,248056,0,0,-1,1,0,3,-0.3,-0.3,0,Tanaka,0.2,358,False,,2025-08-24T01:30:06.493361Z,49,248056.jpg,2.0,False,Ao,0.1,False,,a,11,2,4,4384,3,17479,12,0.0,0.8,Tanaka,108.0,2024-08-30,1998-09-10,False,p248056,147,0,0,1,4,0,0,0,0,0,0,0,15,2.2,27.6,9.0,3.9,1,8,0,9,2,0.09,0.03,0.12,2.40,365,176,134,91,227,128,283,143,,,,,,,0.06,0.0,0.02,0.08,1.47,2.45,341,212,362,174,231,107,422,142,1.22,0.61,5.51
393,True,False,0.0,0.0,536119,0,0,0,0,0,3,0.0,0.0,0,Charlie,0.0,359,False,Has joined Doncaster Rovers on loan for the rest of the season.,2025-08-11T01:12:36.647868Z,45,536119.jpg,0.0,False,Crew,0.0,False,,u,11,2,0,0,0,739,0,0.0,0.0,Crew,244.0,2024-03-28,2006-06-15,False,p536119,0,0,0,0,0,0,0,0,0,0,0,0,0,0.0,0.0,0.0,0.0,0,0,0,0,0,0.00,0.00,0.00,0.00,601,234,596,237,567,225,605,237,,,,,,,0.0,0.0,0.0,0.0,0.0,0.0,467,271,600,235,609,242,715,312,0.0,0.0,0.0
394,True,False,0.0,0.0,462635,0,0,0,0,0,3,0.0,0.0,0,Joe,0.0,360,False,Has joined Hull City on loan for the rest of the season.,2025-08-11T11:07:52.207439Z,45,462635.jpg,0.0,False,Gelhardt,0.0,False,,u,11,2,0,0,0,2216,2,0.0,0.0,Gelhardt,241.0,2021-02-07,2002-05-04,False,p462635,0,0,0,0,0,0,0,0,0,0,0,0,0,0.0,0.0,0.0,0.0,0,0,0,0,0,0.00,0.00,0.00,0.00,587,221,580,224,550,212,591,224,,,,,,,0.0,0.0,0.0,0.0,0.0,0.0,439,256,585,222,594,229,674,289,0.0,0.0,0.0
395,True,False,0.0,0.0,470294,0,0,0,0,0,3,0.0,0.0,0,Darko,0.0,361,False,has joined Hull City permanently.,2025-09-02T13:38:58.066167Z,45,470294.jpg,0.0,False,Gyabi,0.0,False,,u,11,2,0,1165,0,5680,14,0.0,0.0,Gyabi,241.0,2022-07-04,2004-02-18,False,p470294,0,0,0,0,0,0,0,0,0,0,0,0,0,0.0,0.0,0.0,0.0,0,0,0,0,0,0.00,0.00,0.00,0.00,589,223,583,226,553,214,593,226,,,,,,,0.0,0.0,0.0,0.0,0.0,0.0,444,258,587,224,596,231,581,225,0.0,0.0,0.0
396,True,True,100.0,100.0,235826,0,0,-2,2,0,4,-0.3,-0.3,0,Joël,0.2,362,False,,2025-09-11T17:30:06.758854Z,53,235826.jpg,1.5,False,Piroe,0.7,False,,a,11,2,3,16910,25,152007,98,0.0,0.6,Piroe,152.0,2023-08-24,1999-08-02,False,p235826,134,0,0,1,4,0,0,0,0,0,0,0,7,2.0,6.9,44.0,5.3,0,5,0,5,2,0.28,0.04,0.32,2.13,370,36,275,27,72,21,250,27,,,3.0,,2.0,,0.19,0.0,0.03,0.22,1.43,2.69,225,49,373,39,277,24,204,34,1.34,0.67,3.36
397,True,False,0.0,0.0,106617,0,0,-1,1,0,4,0.0,0.0,0,Patrick,0.0,363,False,has departed the club as a free agent.,2025-09-02T12:00:32.408955Z,49,106617.jpg,0.0,False,Bamford,0.7,False,,u,11,2,0,16144,0,159782,244,0.0,0.0,Bamford,241.0,2018-07-31,1993-09-05,False,p106617,0,0,0,0,0,0,0,0,0,0,0,0,0,0.0,0.0,0.0,0.0,0,0,0,0,0,0.00,0.00,0.00,0.00,646,64,639,64,612,61,648,64,,,,,,,0.0,0.0,0.0,0.0,0.0,0.0,311,54,643,64,650,65,202,33,0.0,0.0,0.0
398,True,False,0.0,0.0,565297,0,0,0,0,0,4,0.0,0.0,0,Mateo,0.0,364,False,Has joined RCD Mallorca on loan for the rest of the season.,2025-08-11T11:07:32.622877Z,50,565297.jpg,0.0,False,Joseph Fernández-Regatillo,0.0,False,,u,11,2,0,0,0,2086,1,0.0,0.0,Mateo Joseph,200.0,2022-11-04,2003-10-19,False,p565297,0,0,0,0,0,0,0,0,0,0,0,0,0,0.0,0.0,0.0,0.0,0,0,0,0,0,0.00,0.00,0.00,0.00,692,69,692,70,675,67,693,69,,,,,,,0.0,0.0,0.0,0.0,0.0,0.0,302,53,689,69,694,70,677,79,0.0,0.0,0.0
399,True,True,100.0,100.0,174594,0,0,0,0,0,4,0.5,0.5,0,Lukas,1.0,365,False,,2025-09-11T17:30:06.775545Z,50,174594.jpg,2.2,False,Nmecha,0.8,False,,a,11,2,9,82136,173,59256,87,0.2,1.8,Nmecha,80.0,2025-07-01,1998-12-14,False,p174594,134,1,0,1,2,0,0,0,0,0,0,0,32,44.6,8.1,33.0,8.5,6,6,0,12,1,0.95,0.03,0.98,2.43,149,15,270,25,97,26,180,21,,,,,1.0,,0.64,0.0,0.02,0.66,1.63,1.34,255,50,232,18,211,18,196,32,0.67,0.67,8.06
400,True,True,,,180135,0,0,-1,1,0,3,1.5,1.5,0,Sean,2.0,493,False,,,49,180135.jpg,2.2,False,Longstaff,0.2,False,,a,11,2,9,9525,31,10395,22,0.4,1.8,Longstaff,241.0,2025-07-18,1997-10-30,False,p180135,213,0,0,1,2,0,0,0,0,0,0,0,36,21.4,15.2,5.0,4.2,4,11,7,22,2,0.04,0.03,0.07,2.34,247,111,212,129,264,146,276,138,,,,,,,0.02,0.0,0.01,0.03,0.99,0.85,320,199,139,51,210,95,381,130,0.85,0.42,9.3
401,True,True,,,466525,0,0,0,0,0,3,1.0,1.0,0,Anton,1.5,660,False,,,50,466525.jpg,3.5,False,Stach,0.5,False,,a,11,2,14,43134,46,26642,54,0.3,2.8,Stach,80.0,2025-07-22,1998-11-15,False,p466525,360,0,1,2,6,0,0,0,1,0,0,0,41,45.2,153.0,46.0,24.4,12,9,7,28,4,0.53,0.49,1.02,4.74,145,52,4,4,65,41,20,14,1.0,,4.0,,,,0.13,0.0,0.12,0.25,1.18,1.5,283,172,187,85,125,48,244,84,1.0,0.5,7.0
402,True,True,0.0,0.0,201595,0,0,0,0,0,1,0.0,0.0,0,Lucas Estella,1.5,665,False,Thigh injury - Expected back 27 Sep,2025-09-11T17:30:07.176029Z,45,201595.jpg,4.0,False,Perri,0.3,False,,i,11,2,12,14562,2,22371,43,0.3,2.7,Perri,30.0,2025-07-26,1997-12-10,False,p201595,270,0,0,2,5,0,0,0,0,0,3,0,36,29.2,0.0,0.0,2.9,3,20,0,0,3,0.00,0.00,0.00,3.89,218,21,561,69,529,63,322,21,,,,,,,0.0,1.0,0.0,0.0,1.3,1.67,411,25,185,16,85,9,298,43,1.0,0.67,0.0
403,True,True,100.0,100.0,177815,0,0,0,0,0,4,0.3,0.3,0,Dominic,0.8,691,False,,2025-08-22T12:30:07.420235Z,55,177815.jpg,1.5,False,Calvert-Lewin,0.2,False,,a,11,2,3,22880,80,8422,31,0.1,0.5,Calvert-Lewin,241.0,2025-08-15,1997-03-16,False,p177815,88,0,0,1,0,0,0,0,0,0,0,0,10,6.4,12.8,39.0,5.9,1,2,0,3,1,0.37,0.05,0.42,0.19,335,25,227,21,84,24,238,25,,,,,,,0.38,0.0,0.05,0.43,0.19,0.0,141,34,273,24,280,25,366,57,1.02,1.02,3.07
404,True,True,100.0,100.0,435997,0,0,0,0,0,3,0.3,0.3,0,Noah,0.8,698,False,,2025-08-28T17:00:08.222534Z,55,435997.jpg,1.5,False,Okafor,0.0,False,,a,11,2,3,3421,19,1512,5,0.1,0.5,Okafor,207.0,2025-08-21,2000-05-24,False,p435997,91,0,0,1,1,0,0,0,1,0,0,0,5,8.8,12.6,17.0,3.9,3,9,3,15,1,0.18,0.02,0.20,0.99,319,153,229,135,185,110,286,146,,,,,,,0.18,0.0,0.02,0.2,0.98,0.99,153,95,275,135,282,138,635,265,0.99,0.99,14.84
405,True,True,,,220627,0,0,0,0,0,2,-0.2,-0.2,0,James,0.3,706,False,,,40,220627.jpg,1.0,False,Justin,0.2,False,,a,11,2,1,22343,14,6794,31,0.1,0.2,Justin,241.0,2025-08-25,1998-02-23,False,p220627,10,0,0,0,0,0,0,0,0,0,0,0,3,0.0,0.0,0.0,0.0,0,0,0,0,0,0.00,0.00,0.00,0.03,430,163,417,162,372,140,434,163,,,,,,,0.0,0.0,0.0,0.0,0.27,0.0,634,168,337,114,305,104,341,118,0.0,0.0,0.0
406,True,True,,,116535,0,0,0,0,2,1,5.0,5.0,1,Alisson,4.0,366,False,,,55,116535.jpg,3.4,False,Becker,10.9,False,,a,12,14,17,230200,467,348594,706,0.7,3.1,A.Becker,30.0,2018-07-19,1992-10-02,False,p116535,398,0,0,2,4,0,0,0,0,0,3,2,66,48.8,0.1,0.0,4.9,10,36,0,0,5,0.00,0.01,0.01,3.47,133,17,369,7,709,84,267,17,,,,,,,0.0,0.68,0.0,0.0,0.78,0.9,134,2,43,5,132,15,39,7,1.13,0.45,0.0
407,True,True,,,449027,0,0,-1,1,0,1,1.0,1.0,0,Giorgi,0.0,367,False,,,44,449027.jpg,0.0,False,Mamardashvili,0.4,False,,a,12,14,0,4269,11,24285,48,0.0,0.0,Mamardashvili,79.0,2024-08-27,2000-09-29,False,p449027,0,0,0,0,0,0,0,0,0,0,0,0,0,0.0,0.0,0.0,0.0,0,0,0,0,0,0.00,0.00,0.00,0.00,527,76,514,61,476,54,531,76,,,,,,,0.0,0.0,0.0,0.0,0.0,0.0,554,36,523,75,535,76,288,40,0.0,0.0,0.0
408,True,True,,,586268,0,0,0,0,0,1,1.0,1.0,0,Ármin,0.0,368,False,,,40,586268.jpg,0.0,False,Pécsi,0.1,False,,a,12,14,0,896,2,2817,8,0.0,0.0,Pécsi,98.0,2025-06-07,2005-02-24,False,p586268,0,0,0,0,0,0,0,0,0,0,0,0,0,0.0,0.0,0.0,0.0,0,0,0,0,0,0.00,0.00,0.00,0.00,494,69,481,54,438,47,498,69,,,,,,,0.0,0.0,0.0,0.0,0.0,0.0,710,85,489,68,502,69,515,77,0.0,0.0,0.0
409,True,True,,,155503,0,0,0,0,0,1,1.0,1.0,0,Freddie,0.0,369,False,,,40,155503.jpg,0.0,False,Woodman,0.1,False,,a,12,14,0,1111,2,3188,7,0.0,0.0,Woodman,241.0,2025-07-01,1997-03-04,False,p155503,0,0,0,0,0,0,0,0,0,0,0,0,0,0.0,0.0,0.0,0.0,0,0,0,0,0,0.00,0.00,0.00,0.00,423,38,409,23,364,16,427,38,,,,,,,0.0,0.0,0.0,0.0,0.0,0.0,623,54,419,37,433,38,499,76,0.0,0.0,0.0
410,True,True,100.0,100.0,216094,0,0,-1,1,0,2,2.0,2.0,0,Jeremie,1.0,370,False,,2025-08-21T13:57:30.994073Z,59,216094.jpg,2.5,False,Frimpong,8.9,False,,a,12,14,5,139522,426,2385619,1185,0.2,0.8,Frimpong,152.0,2025-06-01,2000-12-10,False,p216094,62,0,1,0,0,0,0,0,0,0,0,0,22,8.4,1.9,21.0,3.2,3,1,1,4,1,0.09,0.02,0.11,0.81,321,122,329,118,154,32,312,104,,,,,,,0.13,0.0,0.03,0.16,1.18,0.0,107,6,246,84,193,74,48,17,1.45,0.0,5.81
411,True,True,,,544877,0,0,-1,1,1,2,3.0,3.0,1,Milos,2.0,371,False,,,59,544877.jpg,1.6,False,Kerkez,5.3,False,,a,12,14,8,183945,306,369586,730,0.3,1.4,Kerkez,98.0,2025-06-26,2003-11-07,False,p544877,314,0,0,1,2,0,0,0,2,0,0,0,42,48.0,21.1,10.0,8.0,20,11,7,27,5,0.08,0.05,0.13,2.57,136,61,173,47,223,63,189,63,,,,,,,0.02,0.0,0.01,0.03,0.74,0.57,113,8,154,64,269,90,67,27,1.43,0.29,7.74
412,True,True,,,122798,0,0,-1,1,0,2,1.2,1.2,0,Andrew,0.2,372,False,,,59,122798.jpg,0.5,False,Robertson,1.1,False,,a,12,14,1,14395,40,65007,132,0.0,0.2,Robertson,243.0,2017-07-21,1994-03-11,False,p122798,82,0,0,0,2,0,0,0,0,0,0,0,17,30.0,72.1,25.0,12.8,2,2,0,2,0,0.10,0.41,0.51,0.90,212,82,43,6,134,27,106,30,4.0,,,,,,0.11,0.0,0.45,0.56,0.99,2.2,98,5,379,133,396,137,180,68,0.0,0.0,2.2
413,True,True,,,97032,0,0,1,-1,1,2,6.0,6.0,1,Virgil,5.0,373,False,,,61,97032.jpg,4.6,False,van Dijk,29.5,False,,a,12,14,23,985477,2384,509246,1019,0.8,3.8,Virgil,152.0,2018-01-01,1991-07-08,False,p97032,398,0,0,2,4,0,0,0,0,0,0,4,88,144.0,21.2,27.0,19.2,53,9,2,55,5,0.18,0.10,0.28,3.47,5,1,171,45,124,22,45,6,,,3.0,,,,0.04,0.0,0.02,0.06,0.78,0.9,83,2,23,9,64,29,9,2,1.13,0.45,12.44
414,True,True,,,204716,0,0,0,0,1,2,5.0,5.0,1,Ibrahima,4.0,374,False,,,55,204716.jpg,3.4,False,Konaté,3.4,False,,a,12,14,17,141749,534,139181,259,0.7,3.1,Konaté,73.0,2021-07-01,1999-05-25,False,p204716,382,0,0,2,4,0,0,0,1,0,0,3,70,71.6,29.1,9.0,11.0,21,12,8,29,5,0.49,0.06,0.55,3.38,83,37,126,30,230,68,132,42,,,,,,,0.12,0.0,0.01,0.13,0.8,0.94,144,18,45,19,133,53,97,38,1.18,0.47,6.83
415,True,True,100.0,100.0,492777,0,0,0,0,1,2,1.2,1.2,1,Conor,0.2,375,False,,2025-08-10T23:00:06.506922Z,50,492777.jpg,0.3,False,Bradley,0.1,False,,a,12,14,1,6654,86,10851,25,0.0,0.2,Bradley,242.0,2023-09-25,2003-07-09,False,p492777,93,0,0,0,1,0,0,0,2,0,0,0,1,11.8,9.8,13.0,3.4,3,3,1,4,1,0.08,0.10,0.18,0.39,300,114,262,86,205,53,304,101,,,,,,,0.08,0.0,0.1,0.18,0.38,0.97,290,48,372,132,398,138,451,172,0.97,0.0,3.87
416,True,True,100.0,100.0,171287,0,0,0,0,0,2,1.2,1.2,0,Joe,0.2,376,False,,2025-08-10T23:00:06.519894Z,50,171287.jpg,1.0,False,Gomez,0.1,False,,a,12,14,2,4630,13,6276,32,0.0,0.4,Gomez,241.0,2015-06-20,1997-05-23,False,p171287,29,0,0,0,1,0,0,0,0,0,0,0,5,14.6,0.5,0.0,1.5,8,1,0,8,0,0.00,0.00,0.00,0.30,282,107,351,128,654,232,344,120,,,,,,,0.0,0.0,0.0,0.0,0.93,3.1,252,40,369,131,345,126,432,163,0.0,0.0,24.83
417,True,True,,,214285,0,0,-2,2,0,2,1.0,1.0,0,Konstantinos,0.0,377,False,,,48,214285.jpg,0.0,False,Tsimikas,0.1,False,,a,12,14,0,1569,5,7390,11,0.0,0.0,Tsimikas,83.0,2020-08-10,1996-05-12,False,p214285,0,0,0,0,0,0,0,0,0,0,0,0,0,0.0,0.0,0.0,0.0,0,0,0,0,0,0.00,0.00,0.00,0.00,641,234,635,234,607,225,644,234,3.0,,,,,,0.0,0.0,0.0,0.0,0.0,0.0,379,62,638,232,645,233,490,183,0.0,0.0,0.0
418,True,True,,,611926,0,0,-1,1,0,2,1.0,1.0,0,Amara,0.0,378,False,,,39,611926.jpg,0.0,False,Nallo,0.2,False,,a,12,14,0,11183,5,8607,20,0.0,0.0,Nallo,241.0,2024-02-27,2006-11-18,False,p611926,0,0,0,0,0,0,0,0,0,0,0,0,0,0.0,0.0,0.0,0.0,0,0,0,0,0,0.00,0.00,0.00,0.00,407,157,391,155,345,132,411,157,,,,,,,0.0,0.0,0.0,0.0,0.0,0.0,740,245,403,153,417,157,400,148,0.0,0.0,0.0
419,True,True,,,219937,0,0,-1,1,0,2,1.0,1.0,0,Rhys,0.0,379,False,,,39,219937.jpg,0.0,False,Williams,0.2,False,,a,12,14,0,9729,11,10336,24,0.0,0.0,R.Williams,241.0,2020-09-23,2001-02-03,False,p219937,0,0,0,0,0,0,0,0,0,0,0,0,0,0.0,0.0,0.0,0.0,0,0,0,0,0,0.00,0.00,0.00,0.00,391,141,374,138,328,115,395,141,,,,,,,0.0,0.0,0.0,0.0,0.0,0.0,723,228,387,137,401,141,362,130,0.0,0.0,0.0
420,True,True,,,489580,0,0,-1,1,0,2,1.0,1.0,0,Calvin,0.0,380,False,,,39,489580.jpg,0.0,False,Ramsay,0.2,False,,a,12,14,0,10985,10,10140,46,0.0,0.0,Ramsay,243.0,2022-06-19,2003-07-31,False,p489580,0,0,0,0,0,0,0,0,0,0,0,0,0,0.0,0.0,0.0,0.0,0,0,0,0,0,0.00,0.00,0.00,0.00,398,148,381,145,335,122,402,148,,,,,,,0.0,0.0,0.0,0.0,0.0,0.0,730,235,394,144,408,148,344,120,0.0,0.0,0.0
421,True,True,,,118748,0,0,0,0,1,3,6.2,6.2,4,Mohamed,5.2,381,True,,,145,118748.jpg,5.8,False,Salah,53.6,False,,a,12,14,29,919812,1720,774745,3987,0.4,2.0,M.Salah,63.0,2017-07-01,1992-06-15,False,p118748,398,2,2,2,4,0,0,0,0,0,0,2,103,105.4,89.5,101.0,29.6,3,15,0,18,5,1.13,0.66,1.79,3.47,22,11,22,20,14,6,10,7,,,4.0,,1.0,,0.26,0.0,0.15,0.41,0.78,0.9,1,1,17,8,39,12,2,1,1.13,0.45,4.07
422,True,True,,,494595,0,0,-2,2,0,3,3.0,3.0,0,Florian,2.0,382,False,,,83,494595.jpg,2.5,False,Wirtz,16.5,False,,a,12,14,10,332000,329,2041929,8492,0.2,1.2,Wirtz,80.0,2025-06-20,2003-05-03,False,p494595,334,0,0,2,3,0,0,0,0,0,0,0,49,37.8,126.8,76.0,24.0,4,14,6,24,4,0.52,0.70,1.21,3.01,175,71,10,9,33,20,23,16,1.0,,,,,,0.14,0.0,0.19,0.33,0.81,0.81,12,7,160,67,198,90,23,9,1.08,0.54,6.47
423,True,False,0.0,0.0,244731,0,0,0,0,0,3,0.0,0.0,0,Luis,0.0,383,False,Has joined Bayern Munch permanently.,2025-07-30T14:05:01.491481Z,80,244731.jpg,0.0,False,Díaz Marulanda,0.1,False,,u,12,14,0,0,0,6638,6,0.0,0.0,Luis Díaz,48.0,2022-01-30,1997-01-13,False,p244731,0,0,0,0,0,0,0,0,0,0,0,0,0,0.0,0.0,0.0,0.0,0,0,0,0,0,0.00,0.00,0.00,0.00,738,327,738,327,738,327,738,327,,,,,,,0.0,0.0,0.0,0.0,0.0,0.0,15,10,737,326,738,327,573,217,0.0,0.0,0.0
424,True,True,,,243298,0,0,2,-2,0,3,5.2,5.2,1,Cody,4.2,384,False,,,77,243298.jpg,4.8,False,Gakpo,18.4,False,,a,12,14,24,1761693,1679,579244,3210,0.5,3.1,Gakpo,152.0,2023-01-01,1999-05-07,False,p243298,398,1,2,2,4,0,0,0,0,0,0,2,91,103.2,111.6,108.0,32.3,7,12,6,25,5,0.67,0.93,1.60,3.47,25,12,13,11,11,3,7,5,,,,,2.0,,0.15,0.0,0.21,0.36,0.78,0.9,20,13,38,15,62,21,21,7,1.13,0.45,5.65
425,True,True,,,223541,0,0,0,0,0,3,1.8,1.8,0,Federico,0.8,385,False,,,65,223541.jpg,2.2,False,Chiesa,0.3,False,,a,12,14,9,15255,13,19973,65,0.1,1.4,Chiesa,106.0,2024-08-29,1997-10-25,False,p223541,47,1,0,0,1,0,0,0,0,0,0,0,32,36.6,1.3,27.0,6.4,1,0,1,2,0,0.36,0.03,0.39,0.26,186,77,336,176,125,74,226,113,,,,,,,0.69,0.0,0.06,0.75,0.5,1.91,56,38,284,140,219,102,306,103,0.0,0.0,3.83
426,True,True,100.0,100.0,243016,0,0,-1,1,0,3,2.2,2.2,1,Alexis,1.2,386,False,,2025-08-28T17:30:07.822110Z,64,243016.jpg,2.5,False,Mac Allister,1.5,False,,a,12,14,10,50703,137,117171,256,0.2,1.6,Mac Allister,10.0,2023-06-14,1998-12-24,False,p243016,214,0,1,1,1,0,0,0,0,0,0,0,48,37.0,41.4,16.0,9.5,3,14,5,22,4,0.18,0.14,0.32,2.14,182,74,91,65,191,115,163,81,2.0,,5.0,,3.0,,0.08,0.0,0.06,0.14,0.9,0.42,65,45,221,108,194,87,156,52,1.68,0.42,9.25
427,True,True,,,424876,0,0,0,0,1,3,5.8,5.8,1,Dominik,4.8,387,False,,,65,424876.jpg,4.2,False,Szoboszlai,3.9,False,,a,12,14,21,299222,1518,133541,660,0.7,3.2,Szoboszlai,98.0,2023-07-02,2000-10-25,False,p424876,398,1,0,2,4,0,0,0,0,0,0,3,98,92.2,61.1,55.0,20.9,18,22,8,48,5,0.34,0.20,0.54,3.47,45,16,58,44,58,36,36,26,5.0,,2.0,,,,0.08,0.0,0.05,0.13,0.78,0.9,58,40,29,13,83,31,87,27,1.13,0.45,10.85
428,True,True,100.0,100.0,206915,0,0,-1,1,0,3,2.5,2.5,0,Curtis,1.5,388,False,,2025-09-12T10:00:06.921049Z,54,206915.jpg,2.3,False,Jones,0.1,False,,a,12,14,7,2759,11,9244,11,0.3,1.3,C.Jones,241.0,2018-04-06,2001-01-30,False,p206915,137,0,1,0,3,0,0,0,0,0,0,0,34,21.2,30.3,0.0,5.1,1,9,4,14,1,0.00,0.08,0.08,1.32,250,113,122,83,692,303,260,128,,,,,,,0.0,0.0,0.05,0.05,0.87,1.97,184,114,188,86,202,92,517,181,0.66,0.0,9.2
429,True,True,100.0,100.0,441266,0,0,0,0,1,3,6.2,6.2,9,Ryan,5.2,390,False,,2025-07-21T10:00:04.921035Z,55,441266.jpg,5.2,False,Gravenberch,0.9,False,,a,12,14,21,84364,6277,29379,177,0.9,3.8,Gravenberch,152.0,2023-09-01,2002-05-16,False,p441266,308,2,1,2,2,0,0,0,2,0,0,1,102,68.0,73.4,20.0,16.2,6,16,7,29,4,0.28,0.33,0.61,1.77,93,31,41,36,164,100,64,40,,,,,,,0.08,0.0,0.1,0.18,0.52,0.58,156,96,14,5,47,14,189,63,1.17,0.58,8.47
430,True,True,,,158983,0,0,-1,1,0,3,1.2,1.2,0,Endo,0.2,392,False,,,49,158983.jpg,1.7,False,Wataru,0.1,False,,a,12,14,5,3843,8,7199,21,0.0,1.0,Endo,108.0,2023-08-18,1993-02-09,False,p158983,32,0,1,0,2,0,0,0,1,0,0,0,16,24.6,10.7,0.0,3.5,2,0,2,4,0,0.00,0.00,0.00,0.98,234,102,250,144,616,260,300,153,,,,,,,0.0,0.0,0.0,0.0,2.76,5.62,316,196,359,172,262,128,469,158,0.0,0.0,11.25
431,True,True,0.0,0.0,535928,0,0,-1,1,0,3,0.0,0.0,0,Stefan,0.0,393,False,Hamstring injury - Unknown return date,2025-09-12T10:00:06.938334Z,44,535928.jpg,0.0,False,Bajčetić Maquieira,0.1,False,,i,12,14,0,4316,1,4974,12,0.0,0.0,Bajcetic,200.0,2022-07-11,2004-10-22,False,p535928,0,0,0,0,0,0,0,0,0,0,0,0,0,0.0,0.0,0.0,0.0,0,0,0,0,0,0.00,0.00,0.00,0.00,545,198,532,201,497,188,549,201,,,,,,,0.0,0.0,0.0,0.0,0.0,0.0,580,318,542,198,553,206,564,210,0.0,0.0,0.0
432,True,True,,,491501,0,0,-1,1,0,3,1.0,1.0,0,James,0.0,394,False,,,44,491501.jpg,0.0,False,McConnell,0.0,False,,a,12,14,0,1602,3,2089,5,0.0,0.0,McConnell,,,,False,p491501,0,0,0,0,0,0,0,0,0,0,0,0,0,0.0,0.0,0.0,0.0,0,0,0,0,0,0.00,0.00,0.00,0.00,532,191,519,194,483,181,536,194,,,,,,,0.0,0.0,0.0,0.0,0.0,0.0,564,311,529,191,540,199,604,243,0.0,0.0,0.0
433,True,False,0.0,0.0,440148,0,0,0,0,0,3,0.0,0.0,0,Tyler,0.0,395,False,Has joined Lyon permanently.,2025-08-11T01:13:11.403187Z,45,440148.jpg,0.0,False,Morton,0.0,False,,u,12,14,0,0,0,284,0,0.0,0.0,Morton,241.0,2021-07-22,2002-10-31,False,p440148,0,0,0,0,0,0,0,0,0,0,0,0,0,0.0,0.0,0.0,0.0,0,0,0,0,0,0.00,0.00,0.00,0.00,579,214,571,217,541,205,583,217,,,,,,,0.0,0.0,0.0,0.0,0.0,0.0,429,249,577,215,586,222,730,321,0.0,0.0,0.0
434,True,True,,,591386,0,0,-1,1,0,3,1.0,1.0,0,Trey,0.0,396,False,,,44,591386.jpg,0.0,False,Nyoni,0.2,False,,a,12,14,0,24933,14,16039,45,0.0,0.0,Nyoni,241.0,2023-11-11,2007-06-30,False,p591386,0,0,0,0,0,0,0,0,0,0,0,0,0,0.0,0.0,0.0,0.0,0,0,0,0,0,0.00,0.00,0.00,0.00,557,203,544,206,509,193,561,206,,,,,,,0.0,0.0,0.0,0.0,0.0,0.0,593,324,553,203,564,211,346,119,0.0,0.0,0.0
435,True,False,0.0,0.0,447203,0,0,0,0,0,4,0.0,0.0,0,Darwin,0.0,397,False,Has joined Al-Hilal permanently.,2025-08-11T11:06:59.061616Z,65,447203.jpg,0.0,False,Núñez Ribeiro,0.1,False,,u,12,14,0,0,0,14823,5,0.0,0.0,Darwin,230.0,2022-06-14,1999-06-24,False,p447203,0,0,0,0,0,0,0,0,0,0,0,0,0,0.0,0.0,0.0,0.0,0,0,0,0,0,0.00,0.00,0.00,0.00,732,77,732,77,732,77,732,77,,,,,,,0.0,0.0,0.0,0.0,0.0,0.0,60,19,730,76,732,77,513,69,0.0,0.0,0.0
436,True,True,,,500058,0,0,-1,1,0,4,1.0,1.0,0,Jayden,0.0,398,False,,,44,500058.jpg,0.0,False,Danns,0.1,False,,a,12,14,0,4476,11,9331,17,0.0,0.0,Danns,241.0,2024-02-20,2006-01-16,False,p500058,0,0,0,0,0,0,0,0,0,0,0,0,0,0.0,0.0,0.0,0.0,0,0,0,0,0,0.00,0.00,0.00,0.00,537,47,524,47,488,45,541,48,,,,,,,0.0,0.0,0.0,0.0,0.0,0.0,570,72,534,48,545,49,428,62,0.0,0.0,0.0
437,True,True,100.0,100.0,219168,0,0,0,0,0,4,1.0,1.0,0,Alexander,0.0,499,False,,2025-08-15T11:30:07.344023Z,105,219168.jpg,0.0,False,Isak,10.2,False,,a,12,14,0,1039441,1969,831433,3290,0.0,0.0,Isak,206.0,2025-09-01,1999-09-21,False,p219168,0,0,0,0,0,0,0,0,0,0,0,0,0,0.0,0.0,0.0,0.0,0,0,0,0,0,0.00,0.00,0.00,0.00,740,81,740,81,740,81,740,81,,,3.0,,2.0,,0.0,0.0,0.0,0.0,0.0,0.0,3,2,739,81,740,81,42,9,0.0,0.0,0.0
438,True,True,,,510663,0,0,3,-3,1,4,5.5,5.5,5,Hugo,4.5,661,True,,,88,510663.jpg,5.8,False,Ekitiké,27.9,False,,a,12,14,29,2167983,4142,1070879,4503,0.5,3.3,Ekitiké,73.0,2025-07-23,2002-06-20,False,p510663,337,3,1,2,2,0,0,0,0,0,0,5,111,95.4,49.8,72.0,21.7,6,8,2,16,5,1.71,0.14,1.85,3.01,32,5,75,6,35,14,29,7,,,,,,,0.46,0.0,0.04,0.5,0.8,0.53,9,5,32,5,38,4,10,3,1.34,0.53,4.27
439,True,True,,,611922,0,0,0,0,0,3,2.8,2.8,0,Rio,1.8,686,False,,,45,611922.jpg,3.5,False,Ngumoha,0.6,False,,a,12,14,7,84233,215,32975,152,0.4,1.6,Ngumoha,241.0,2024-12-17,2008-08-29,False,p611922,4,1,0,0,0,0,0,0,0,0,0,0,31,36.2,11.4,23.0,7.1,0,0,0,0,0,0.37,0.10,0.47,0.00,189,79,241,140,140,82,208,105,,,,,,,8.32,0.0,2.25,10.57,0.0,0.0,505,297,166,68,121,45,227,78,0.0,0.0,0.0
440,True,True,,,647681,0,0,0,0,0,2,1.0,1.0,0,Giovanni,0.0,692,False,,,50,647681.jpg,0.0,False,Leoni,0.0,False,,a,12,14,0,1299,1,1259,5,0.0,0.0,Leoni,106.0,2025-08-15,2006-12-21,False,p647681,0,0,0,0,0,0,0,0,0,0,0,0,0,0.0,0.0,0.0,0.0,0,0,0,0,0,0.00,0.00,0.00,0.00,696,241,696,241,679,235,697,241,,,,,,,0.0,0.0,0.0,0.0,0.0,0.0,307,51,693,240,698,241,659,222,0.0,0.0,0.0
441,True,True,,,432720,0,0,-1,1,0,1,2.0,1.0,0,James,1.0,182,False,,,49,432720.jpg,3.7,False,Trafford,1.8,False,,a,13,43,11,93030,15,169062,585,0.2,2.2,Trafford,241.0,2025-07-29,2002-10-10,False,p432720,270,0,0,1,4,0,0,0,0,0,11,0,62,100.2,0.0,0.0,10.1,6,33,2,0,3,0.00,0.00,0.00,3.97,26,3,655,77,631,72,145,4,,,,,,,0.0,3.67,0.0,0.0,1.32,1.33,345,18,231,21,117,13,134,18,1.0,0.33,0.0
442,True,False,0.0,0.0,121160,0,0,-2,2,0,1,0.0,0.0,0,Ederson,0.0,399,False,has joined Fenerbache permanently.,2025-09-02T13:32:35.715838Z,53,121160.jpg,0.0,False,Santana de Moraes,1.3,False,,u,13,43,0,15200,0,221203,373,0.0,0.0,Ederson M.,30.0,2017-07-01,1993-08-17,False,p121160,0,0,0,0,0,0,0,0,0,0,0,0,0,0.0,0.0,0.0,0.0,0,0,0,0,0,0.00,0.00,0.00,0.00,697,86,697,84,681,82,698,86,,,,,,,0.0,0.0,0.0,0.0,0.0,0.0,216,5,694,86,699,86,164,23,0.0,0.0,0.0
443,True,True,,,88248,0,0,-1,1,0,1,1.0,0.0,0,Stefan,0.0,400,False,,,49,88248.jpg,0.0,False,Ortega Moreno,0.2,False,,a,13,43,0,1478,0,11649,18,0.0,0.0,Ortega Moreno,80.0,2022-07-01,1992-11-06,False,p88248,0,0,0,0,0,0,0,0,0,0,0,0,0,0.0,0.0,0.0,0.0,0,0,0,0,0,0.00,0.00,0.00,0.00,644,82,637,74,610,69,646,82,,,,,,,0.0,0.0,0.0,0.0,0.0,0.0,309,15,641,82,648,82,363,55,0.0,0.0,0.0
444,True,True,100.0,100.0,122074,0,0,0,0,0,1,1.0,0.0,0,Marcus,0.0,401,False,,2025-08-22T12:00:07.134628Z,40,122074.jpg,0.0,False,Bettinelli,0.1,False,,a,13,43,0,1343,5,6884,4,0.0,0.0,Bettinelli,241.0,2025-06-10,1992-05-24,False,p122074,0,0,0,0,0,0,0,0,0,0,0,0,0,0.0,0.0,0.0,0.0,0,0,0,0,0,0.00,0.00,0.00,0.00,421,36,407,21,362,14,425,36,,,,,,,0.0,0.0,0.0,0.0,0.0,0.0,621,52,417,35,431,36,446,67,0.0,0.0,0.0
445,True,True,25.0,25.0,448514,0,0,-1,1,0,2,0.3,0.1,0,Rayan,0.2,402,False,Knock - 25% chance of playing,2025-09-12T13:00:10.032262Z,59,448514.jpg,3.3,False,Aït-Nouri,9.6,False,,d,13,43,10,479819,14,1681156,3643,0.0,1.7,Aït-Nouri,3.0,2025-06-09,2001-06-06,False,p448514,202,0,0,1,2,0,0,0,1,0,0,1,34,43.0,26.7,7.0,7.6,14,8,9,23,3,0.04,0.48,0.52,2.94,156,67,138,33,252,77,199,65,,,,,,,0.02,0.0,0.21,0.23,1.31,0.89,110,7,380,134,140,59,46,16,1.34,0.45,10.25
446,True,True,100.0,100.0,477424,0,0,-2,2,0,2,2.5,1.5,0,Joško,1.5,403,False,,2025-08-15T14:00:07.606174Z,58,477424.jpg,6.0,False,Gvardiol,3.3,False,,a,13,43,6,54965,1223,790614,137,0.3,1.0,Gvardiol,97.0,2023-08-05,2002-01-23,False,p477424,90,0,0,1,0,0,0,0,0,0,0,0,22,9.2,1.2,0.0,1.0,3,0,0,3,1,0.00,0.00,0.00,1.51,316,120,338,121,723,245,362,127,,,,,,,0.0,0.0,0.0,0.0,1.51,0.0,119,9,191,72,30,15,98,39,1.0,1.0,3.0
447,True,False,0.0,0.0,211975,0,0,-1,1,0,2,0.0,0.0,0,Manuel,0.0,404,False,has joined Inter Milan on loan for the rest of the season.,2025-09-02T13:32:35.738667Z,54,211975.jpg,0.0,False,Akanji,0.4,False,,u,13,43,0,9281,0,70817,141,0.0,0.0,Akanji,207.0,2022-09-01,1995-07-19,False,p211975,0,0,0,0,0,0,0,0,0,0,0,0,0,0.0,0.0,0.0,0.0,0,0,0,0,0,0.00,0.00,0.00,0.00,705,243,705,243,693,239,706,243,,,,,,,0.0,0.0,0.0,0.0,0.0,0.0,185,24,703,243,707,243,271,98,0.0,0.0,0.0
448,True,True,,,126184,0,0,-1,1,0,2,1.5,0.5,0,Nathan,0.5,405,False,,,54,126184.jpg,1.0,False,Aké,0.7,False,,a,13,43,2,15265,48,36964,69,0.1,0.4,Aké,152.0,2020-08-05,1995-02-18,False,p126184,69,0,0,0,2,0,0,0,0,0,0,0,12,15.2,9.8,5.0,3.0,4,2,1,5,0,0.14,0.12,0.26,1.12,276,105,263,87,270,85,318,107,,,,,,,0.18,0.0,0.16,0.34,1.46,2.61,175,22,320,111,357,128,216,77,0.0,0.0,6.52
449,True,True,100.0,100.0,578153,0,0,-1,1,0,2,3.2,2.2,0,Abdukodir,2.2,406,False,,2025-09-05T10:00:06.635523Z,54,578153.jpg,3.3,False,Khusanov,0.4,False,,a,13,43,10,17968,265,22998,40,0.4,1.9,Khusanov,231.0,2025-01-20,2004-02-29,False,p578153,182,0,0,1,1,0,0,0,1,0,0,0,42,37.6,4.4,0.0,4.2,12,6,7,19,2,0.00,0.02,0.02,2.78,177,72,298,100,704,241,277,93,,,,,,,0.0,0.0,0.01,0.01,1.37,0.49,213,29,120,52,139,58,255,93,0.99,0.49,9.4
450,True,True,,,465351,0,0,-2,2,0,2,1.5,0.5,0,Matheus,0.5,407,False,,,53,465351.jpg,1.5,False,Nunes,0.3,False,,a,13,43,3,6818,25,30587,28,0.1,0.6,Matheus N.,173.0,2023-09-01,1998-08-27,False,p465351,108,0,0,0,1,0,0,0,0,0,0,0,12,14.4,6.5,0.0,2.1,9,7,1,10,1,0.00,0.02,0.02,1.40,284,108,278,92,685,236,334,114,,,,,4.0,,0.0,0.0,0.02,0.02,1.17,0.83,226,30,317,109,278,95,312,111,0.83,0.0,8.33
451,True,True,,,171314,0,0,0,0,0,2,3.0,2.0,0,Rúben,2.0,408,False,,,55,171314.jpg,3.5,False,dos Santos Gato Alves Dias,4.0,False,,a,13,43,14,146511,663,148855,254,0.4,2.5,Rúben,173.0,2020-09-29,1997-05-14,False,p171314,275,0,0,2,3,0,0,0,0,0,0,0,55,59.4,4.3,2.0,6.6,17,7,2,19,3,0.00,0.10,0.10,4.29,108,47,301,102,317,108,219,70,,,,,,,0.0,0.0,0.03,0.03,1.4,0.98,140,17,150,63,127,52,86,35,0.98,0.65,6.22
452,True,True,50.0,50.0,97299,0,0,0,0,0,2,0.8,0.2,0,John,0.5,409,False,Muscle injury - 50% chance of playing,2025-09-12T13:00:10.101362Z,55,97299.jpg,2.7,False,Stones,0.8,False,,d,13,43,8,35695,4,57870,250,0.1,1.5,Stones,241.0,2016-08-09,1994-05-28,False,p97299,261,0,0,1,4,0,0,0,0,0,0,0,44,53.8,5.8,0.0,6.0,14,13,0,14,3,0.00,0.04,0.04,3.88,121,54,288,96,706,242,235,77,,,,,,,0.0,0.0,0.01,0.01,1.34,1.38,131,15,325,113,179,71,194,73,1.03,0.34,4.83
453,True,True,100.0,100.0,477064,0,0,0,0,1,2,1.5,0.5,0,Rico,0.5,410,False,,2025-09-05T10:00:06.653551Z,50,477064.jpg,4.3,False,Lewis,2.8,False,,a,13,43,13,338055,105,243628,436,0.1,2.6,Lewis,241.0,2022-07-16,2004-11-21,False,p477064,160,0,1,1,3,0,0,0,0,0,0,2,44,46.4,28.2,13.0,8.7,9,4,3,12,2,0.02,0.67,0.69,2.57,141,63,133,31,204,52,175,60,,,,,,,0.01,0.0,0.38,0.39,1.45,1.69,285,46,312,108,78,35,106,41,1.12,0.56,6.75
454,True,True,100.0,100.0,472769,0,0,-1,1,0,2,2.8,1.8,0,Nico,1.8,411,False,,2025-09-05T10:00:06.671127Z,49,472769.jpg,2.3,False,O'Reilly,0.2,False,,a,13,43,7,8079,124,10721,20,0.4,1.4,O’Reilly,241.0,2022-12-16,2005-03-21,False,p472769,132,0,0,1,1,0,0,0,1,0,0,0,22,27.4,8.3,3.0,3.8,5,6,7,12,1,0.05,0.02,0.07,2.95,223,88,268,88,293,99,290,95,,,,,,,0.03,0.0,0.01,0.04,2.01,0.68,356,60,168,70,200,75,394,146,0.68,0.68,8.18
455,True,False,0.0,0.0,616222,0,0,0,0,0,2,0.0,0.0,0,Vitor,0.0,412,False,Has joined Girona on loan for the rest of the season.,2025-08-11T01:23:23.836966Z,50,616222.jpg,0.0,False,de Oliveira Nunes dos Reis,0.0,False,,u,13,43,0,0,0,759,1,0.0,0.0,Vitor Reis,30.0,2025-01-21,2006-01-12,False,p616222,0,0,0,0,0,0,0,0,0,0,0,0,0,0.0,0.0,0.0,0.0,0,0,0,0,0,0.00,0.00,0.00,0.00,695,240,695,240,678,234,696,240,,,,,,,0.0,0.0,0.0,0.0,0.0,0.0,306,50,692,239,697,240,714,240,0.0,0.0,0.0
456,True,True,25.0,25.0,438234,0,0,-2,2,0,3,0.8,0.5,0,Omar,2.0,413,False,Knee injury - 25% chance of playing,2025-09-11T02:00:06.864844Z,83,438234.jpg,3.0,False,Marmoush,3.6,False,,d,13,43,9,161973,12,1031259,1614,0.2,1.1,Marmoush,63.0,2025-01-23,1999-02-07,False,p438234,148,0,1,0,3,0,0,0,0,0,0,2,37,38.2,36.1,58.0,13.3,3,7,3,13,2,0.82,0.45,1.27,1.90,172,68,101,72,54,32,96,57,2.0,,1.0,,2.0,,0.5,0.0,0.27,0.77,1.16,1.82,11,6,159,66,167,68,91,30,1.22,0.0,7.91
457,True,True,100.0,100.0,209244,0,0,0,0,1,3,4.2,3.2,0,Phil,3.2,414,False,,2025-08-10T23:00:06.538510Z,80,209244.jpg,6.5,False,Foden,2.6,False,,a,13,43,13,173302,2831,96660,209,0.4,1.6,Foden,241.0,2016-12-05,2000-05-28,False,p209244,105,1,0,1,0,0,0,0,0,0,0,2,45,46.2,30.8,35.0,11.2,1,14,1,16,1,0.46,0.05,0.51,1.87,143,50,119,82,94,56,130,71,3.0,,3.0,,,,0.39,0.0,0.04,0.43,1.6,0.0,14,9,77,28,21,4,112,39,0.86,0.86,13.71
458,True,True,100.0,100.0,510281,0,0,-1,1,0,3,1.2,0.2,0,Sávio,0.2,415,False,,2025-08-15T14:00:07.649098Z,69,510281.jpg,1.0,False,Moreira de Oliveira,0.4,False,,a,13,43,1,3275,27,74632,43,0.0,0.1,Savinho,30.0,2024-07-18,2004-04-10,False,p510281,13,0,0,0,0,0,0,0,0,0,0,0,6,5.2,0.5,33.0,3.9,2,0,0,2,0,0.04,0.00,0.04,1.37,345,165,353,182,100,60,287,147,,,,,,,0.28,0.0,0.0,0.28,9.48,0.0,46,30,383,184,383,188,267,91,0.0,0.0,13.85
459,True,True,,,165809,0,0,-1,1,0,3,3.2,2.2,0,Bernardo,2.2,416,False,,,64,165809.jpg,3.0,False,Mota Veiga de Carvalho e Silva,0.6,False,,a,13,43,12,22618,67,50569,74,0.3,1.9,Bernardo,173.0,2017-07-01,1994-08-10,False,p165809,259,0,1,2,1,0,0,0,0,0,0,0,51,47.4,103.9,18.0,16.9,5,13,6,24,3,0.10,1.04,1.14,3.33,138,47,15,13,179,106,59,39,1.0,,,,,,0.03,0.0,0.36,0.39,1.16,0.35,63,43,126,50,166,67,220,75,1.04,0.69,8.34
460,True,True,0.0,0.0,466052,0,0,-1,1,0,3,0.0,0.0,0,Rayan,0.2,417,False,Thigh injury - Expected back 26 Oct,2025-09-01T10:30:08.352331Z,64,466052.jpg,3.5,False,Cherki,2.8,False,,i,13,43,7,175290,3,824061,1329,0.0,1.1,Cherki,73.0,2025-06-10,2003-08-17,False,p466052,70,1,0,0,2,0,0,0,0,0,0,0,32,50.2,28.3,15.0,9.4,2,3,4,9,1,0.06,0.47,0.53,0.83,132,45,132,90,196,117,165,83,,,,,,,0.08,0.0,0.6,0.68,1.07,2.57,70,49,381,182,130,52,107,38,1.29,0.0,11.57
461,True,True,,,248875,0,0,-1,1,0,3,4.0,3.0,0,Jérémy,3.0,418,False,,,64,248875.jpg,3.8,False,Doku,1.9,False,,a,13,43,15,149223,2012,84151,130,0.5,2.3,Doku,21.0,2023-08-24,2002-05-27,False,p248875,195,0,2,2,1,0,0,0,0,0,0,1,42,46.8,90.5,24.0,16.0,1,5,0,6,2,0.00,1.03,1.03,2.21,139,48,19,17,138,81,68,43,,,,,3.0,,0.0,0.0,0.48,0.48,1.02,0.46,67,46,87,32,113,43,131,44,0.92,0.92,2.77
462,True,False,0.0,0.0,59859,0,0,-2,2,0,3,0.0,0.0,0,İlkay,0.0,420,False,has joined Galatasaray permanently.,2025-09-05T08:55:41.702765Z,63,59859.jpg,0.0,False,Gündoğan,0.1,False,,u,13,43,0,1928,0,16941,28,0.0,0.0,Gündoğan,80.0,2024-08-23,1990-10-24,False,p59859,0,0,0,0,0,0,0,0,0,0,0,0,0,0.0,0.0,0.0,0.0,0,0,0,0,0,0.00,0.00,0.00,0.00,728,323,728,323,728,323,728,323,4.0,,4.0,,,,0.0,0.0,0.0,0.0,0.0,0.0,74,52,726,322,728,323,491,166,0.0,0.0,0.0
463,True,True,100.0,100.0,220566,0,0,-1,1,0,3,2.5,1.5,0,Rodrigo 'Rodri',1.5,421,False,,2025-08-10T23:00:06.551720Z,64,220566.jpg,2.0,False,Hernandez Cascante,0.7,False,,a,13,43,6,28327,109,40328,108,0.2,0.9,Rodrigo,200.0,2019-07-04,1996-06-22,False,p220566,180,0,0,1,2,0,0,0,0,0,0,0,32,24.8,32.6,18.0,7.5,1,17,4,22,2,0.08,0.20,0.28,2.80,233,101,108,76,180,107,201,99,,,,,,,0.04,0.0,0.1,0.14,1.4,1.0,64,44,193,90,248,122,214,72,1.0,0.5,11.0
464,True,True,0.0,0.0,91651,0,0,-1,1,0,3,0.0,0.0,0,Mateo,0.0,422,False,Achilles injury - Unknown return date,2025-07-21T10:00:04.940328Z,59,91651.jpg,0.0,False,Kovačić,0.0,False,,i,13,43,0,247,0,756,1,0.0,0.0,Kovačić,97.0,2023-06-27,1994-05-06,False,p91651,0,0,0,0,0,0,0,0,0,0,0,0,0,0.0,0.0,0.0,0.0,0,0,0,0,0,0.00,0.00,0.00,0.00,724,319,724,319,724,319,724,319,,,,,,,0.0,0.0,0.0,0.0,0.0,0.0,96,64,722,318,724,319,698,301,0.0,0.0,0.0
465,True,True,,,465694,0,0,0,0,0,3,1.5,0.5,0,Nico,0.5,423,False,,,60,465694.jpg,1.7,False,González Iglesias,0.1,False,,a,13,43,5,5290,16,7138,26,0.1,0.8,N.Gonzalez,200.0,2025-02-03,2002-01-03,False,p465694,178,0,0,1,2,0,0,0,1,0,0,0,47,44.4,12.4,6.0,6.2,9,7,6,22,2,0.05,0.07,0.12,2.68,150,54,231,137,262,144,232,117,,,,,,,0.03,0.0,0.04,0.07,1.36,1.01,89,59,333,162,265,130,495,169,1.01,0.51,11.12
466,True,True,,,477555,0,0,0,0,0,3,2.2,1.2,0,Oscar,1.2,424,False,,,55,477555.jpg,2.8,False,Bobb,0.5,False,,a,13,43,11,71764,30,48027,135,0.2,2.0,Bobb,161.0,2022-01-06,2003-07-12,False,p477555,257,0,1,1,4,0,0,0,0,0,0,0,47,42.6,76.8,42.0,16.2,1,11,4,16,3,0.30,0.51,0.81,3.70,158,59,35,30,78,48,65,41,,,,,,,0.11,0.0,0.18,0.29,1.3,1.4,161,100,217,105,172,73,245,85,1.05,0.35,5.6
467,True,False,0.0,0.0,575204,0,0,-1,1,0,3,0.0,0.0,0,Claudio,0.0,425,False,Has joined Bayer Leverkusen on loan for the rest of the season.,2025-08-21T14:03:07.217793Z,54,575204.jpg,0.0,False,Echeverri,0.0,False,,u,13,43,0,194,0,2906,1,0.0,0.0,Echeverri,10.0,2024-01-25,2006-01-02,False,p575204,0,0,0,0,0,0,0,0,0,0,0,0,0,0.0,0.0,0.0,0.0,0,0,0,0,0,0.00,0.00,0.00,0.00,711,310,711,311,703,311,712,311,,,2.0,,,,0.0,0.0,0.0,0.0,0.0,0.0,212,134,711,310,713,311,678,290,0.0,0.0,0.0
468,True,True,,,433036,0,0,2,-2,1,3,2.8,1.8,0,Tijjani,1.8,427,False,,,57,433036.jpg,4.2,False,Reijnders,30.1,False,,a,13,43,17,2059779,1800,1023173,2538,0.3,3.0,Reijnders,152.0,2025-06-10,1998-07-29,False,p433036,360,1,1,2,4,0,0,0,1,0,0,0,69,75.0,80.4,58.0,21.4,5,11,4,20,4,0.61,0.32,0.93,5.48,74,24,30,27,51,30,33,24,,,,,,,0.15,0.0,0.08,0.23,1.37,1.0,122,81,176,77,81,29,8,4,1.0,0.5,5.0
469,True,False,0.0,0.0,566164,0,0,0,0,0,3,0.0,0.0,0,Sverre,0.0,428,False,Has joined Middlesbrough on loan for the rest of the season.,2025-08-19T13:38:08.307876Z,50,566164.jpg,0.0,False,Nypan,0.0,False,,u,13,43,0,73,0,2153,2,0.0,0.0,Nypan,161.0,2025-07-17,2006-12-19,False,p566164,0,0,0,0,0,0,0,0,0,0,0,0,0,0.0,0.0,0.0,0.0,0,0,0,0,0,0.00,0.00,0.00,0.00,693,300,693,301,676,296,694,301,,,,,,,0.0,0.0,0.0,0.0,0.0,0.0,303,187,690,298,695,301,672,287,0.0,0.0,0.0
470,True,True,,,155405,0,0,-1,1,0,3,1.0,0.0,0,Kalvin,0.0,429,False,,,49,155405.jpg,0.0,False,Phillips,0.1,False,,a,13,43,0,1481,4,3754,4,0.0,0.0,Phillips,241.0,2022-07-04,1995-12-02,False,p155405,0,0,0,0,0,0,0,0,0,0,0,0,0,0.0,0.0,0.0,0.0,0,0,0,0,0,0.00,0.00,0.00,0.00,648,267,641,268,614,258,650,269,,,,,,,0.0,0.0,0.0,0.0,0.0,0.0,314,194,645,265,652,270,546,196,0.0,0.0,0.0
471,True,True,,,223094,0,0,2,-2,2,4,7.0,6.0,0,Erling,6.0,430,True,,,142,223094.jpg,9.2,False,Haaland,37.4,False,,a,13,43,37,1736361,8653,537431,526,0.4,2.6,Haaland,161.0,2022-07-01,2000-07-21,False,p223094,338,5,0,2,4,0,0,0,0,0,0,9,147,168.6,28.8,252.0,45.0,7,7,1,15,4,5.66,0.31,5.97,5.18,1,1,130,12,1,1,1,1,,,5.0,,1.0,,1.51,0.0,0.08,1.59,1.38,1.07,2,1,8,2,1,1,4,2,1.07,0.53,3.99
472,True,True,,,204936,0,0,0,0,0,1,4.0,3.0,0,Gianluigi,3.0,736,False,,,55,204936.jpg,6.0,False,Donnarumma,3.1,False,,a,13,43,6,305971,3409,29889,169,0.5,1.1,Donnarumma,106.0,2025-09-01,1999-02-25,False,p204936,90,0,0,1,0,0,0,0,0,0,2,0,26,14.4,0.0,0.0,1.4,3,6,0,0,1,0.00,0.00,0.00,1.51,286,24,716,86,713,86,350,24,,,,,,,0.0,2.0,0.0,0.0,1.51,0.0,145,4,84,10,26,5,101,13,1.0,1.0,0.0
473,True,True,,,590039,0,0,0,0,0,3,1.0,0.0,0,Divine,0.0,739,False,,,45,590039.jpg,0.0,False,Mukasa,0.0,False,,a,13,43,0,575,11,95,3,0.0,0.0,Mukasa,241.0,2025-08-07,2007-08-22,False,p590039,0,0,0,0,0,0,0,0,0,0,0,0,0,0.0,0.0,0.0,0.0,0,0,0,0,0,0.00,0.00,0.00,0.00,627,252,622,255,593,243,630,255,,,,,,,0.0,0.0,0.0,0.0,0.0,0.0,496,290,626,253,635,260,704,305,0.0,0.0,0.0
474,True,True,,,566213,0,0,0,0,0,2,1.0,0.0,0,Stephen,0.0,740,False,,,40,566213.jpg,0.0,False,Mfuni,0.0,False,,a,13,43,0,434,11,59,5,0.0,0.0,Mfuni,241.0,2024-07-23,2008-02-12,False,p566213,0,0,0,0,0,0,0,0,0,0,0,0,0,0.0,0.0,0.0,0.0,0,0,0,0,0,0.00,0.00,0.00,0.00,489,196,476,195,433,175,493,196,,,,,,,0.0,0.0,0.0,0.0,0.0,0.0,704,212,484,191,498,195,702,236,0.0,0.0,0.0
475,True,True,,,446008,0,0,1,-1,0,3,3.5,3.0,0,Bryan,3.5,119,False,,,81,446008.jpg,4.0,False,Mbeumo,15.3,False,,a,14,1,16,921986,1014,737294,1724,0.4,2.0,Mbeumo,38.0,2025-07-21,1999-08-07,False,p446008,360,1,0,0,7,0,0,0,0,0,0,3,65,67.2,159.0,148.0,37.4,1,10,0,11,4,1.76,1.19,2.95,6.79,95,32,2,2,2,1,3,2,2.0,,2.0,,,,0.44,0.0,0.3,0.74,1.7,1.75,13,8,63,22,99,38,25,10,1.0,0.0,2.75
476,True,True,,,451302,0,0,0,0,0,1,1.2,0.7,0,Altay,1.2,431,False,,,50,451302.jpg,1.8,False,Bayındır,0.4,False,,a,14,1,7,17644,18,26384,61,0.2,1.4,Bayindir,219.0,2023-09-01,1998-04-14,False,p451302,360,0,0,0,7,0,0,0,0,0,8,0,34,70.2,10.0,0.0,8.0,2,32,0,0,4,0.00,0.04,0.04,6.79,89,14,258,4,663,79,185,11,,,,,,,0.0,2.0,0.01,0.01,1.7,1.75,278,13,214,19,258,23,268,36,1.0,0.0,0.0
477,True,False,0.0,0.0,202641,0,0,-1,1,0,1,0.0,0.0,0,André,0.0,432,False,has joined Trabzonspor on loan for the rest of the season.,2025-09-12T15:53:11.993916Z,49,202641.jpg,0.0,False,Onana,0.2,False,,u,14,1,0,5156,0,19429,48,0.0,0.0,Onana,38.0,2023-07-20,1996-04-02,False,p202641,0,0,0,0,0,0,0,0,0,0,0,0,0,0.0,0.0,0.0,0.0,0,0,0,0,0,0.00,0.00,0.00,0.00,651,83,644,75,619,70,653,83,,,,,,,0.0,0.0,0.0,0.0,0.0,0.0,324,16,649,83,655,83,354,54,0.0,0.0,0.0
478,True,False,0.0,0.0,588555,0,0,0,0,0,1,0.0,0.0,0,Elyh,0.0,433,False,On loan to Shrewsbury Town,2025-07-23T18:48:43.383466Z,40,588555.jpg,0.0,False,Harrison,0.0,False,,u,14,1,0,0,0,181,0,0.0,0.0,Harrison,,,,False,p588555,0,0,0,0,0,0,0,0,0,0,0,0,0,0.0,0.0,0.0,0.0,0,0,0,0,0,0.00,0.00,0.00,0.00,496,70,483,55,440,48,500,70,,,,,,,0.0,0.0,0.0,0.0,0.0,0.0,712,86,491,69,504,70,732,86,0.0,0.0,0.0
479,True,True,,,21205,0,0,0,0,0,1,0.0,-0.5,0,Tom,0.0,434,False,,,40,21205.jpg,0.0,False,Heaton,0.3,False,,a,14,1,0,4173,3,7700,13,0.0,0.0,Heaton,241.0,2021-07-02,1986-04-15,False,p21205,0,0,0,0,0,0,0,0,0,0,0,0,0,0.0,0.0,0.0,0.0,0,0,0,0,0,0.00,0.00,0.00,0.00,408,25,392,8,346,1,412,25,,,,,,,0.0,0.0,0.0,0.0,0.0,0.0,605,39,404,24,418,25,311,47,0.0,0.0,0.0
480,True,True,,,461537,0,0,0,0,0,1,0.0,-0.5,0,Dermot,0.0,435,False,,,40,461537.jpg,0.0,False,Mee,0.1,False,,a,14,1,0,1231,4,2827,4,0.0,0.0,Mee,242.0,2023-07-24,2002-11-20,False,p461537,0,0,0,0,0,0,0,0,0,0,0,0,0,0.0,0.0,0.0,0.0,0,0,0,0,0,0.00,0.00,0.00,0.00,448,49,435,34,390,27,452,49,,,,,,,0.0,0.0,0.0,0.0,0.0,0.0,655,65,443,48,457,49,474,72,0.0,0.0,0.0
481,True,True,,,209365,0,0,0,0,0,2,2.2,1.7,0,Matthijs,2.2,436,False,,,50,209365.jpg,3.2,False,de Ligt,2.7,False,,a,14,1,13,157126,140,143942,325,0.4,2.6,De Ligt,152.0,2024-08-13,1999-08-12,False,p209365,360,0,0,0,7,0,0,0,0,0,0,3,50,87.4,17.2,31.0,13.5,26,14,8,34,4,0.31,0.07,0.38,6.79,50,20,198,56,105,16,91,23,,,,,,,0.08,0.0,0.02,0.1,1.7,1.75,260,41,117,51,148,63,110,44,1.0,0.0,8.5
482,True,True,0.0,0.0,221820,0,0,-1,1,0,2,0.0,0.0,0,Lisandro,0.0,437,False,Knee injury - Unknown return date,2025-08-10T23:00:06.577034Z,49,221820.jpg,0.0,False,Martínez,0.1,False,,i,14,1,0,474,0,11748,10,0.0,0.0,Martinez,10.0,2022-07-17,1998-01-18,False,p221820,0,0,0,0,0,0,0,0,0,0,0,0,0,0.0,0.0,0.0,0.0,0,0,0,0,0,0.00,0.00,0.00,0.00,657,238,650,238,626,230,659,238,,,,,,,0.0,0.0,0.0,0.0,0.0,0.0,333,56,655,237,661,238,500,186,0.0,0.0,0.0
483,True,True,100.0,100.0,230001,0,0,-1,1,0,2,0.5,0.0,0,Noussair,0.5,438,False,,2025-08-10T23:00:06.590223Z,49,230001.jpg,1.0,False,Mazraoui,0.2,False,,a,14,1,2,5828,57,19974,21,0.1,0.4,Mazraoui,145.0,2024-08-13,1997-11-14,False,p230001,66,0,0,0,2,0,0,0,0,0,0,0,12,13.2,3.0,4.0,2.0,3,5,4,7,1,0.00,0.03,0.03,1.46,293,111,313,108,281,95,338,117,,,,,,,0.0,0.0,0.04,0.04,1.99,2.73,338,58,306,106,336,123,355,125,1.36,0.0,9.55
484,True,True,,,661712,0,0,-1,1,0,2,0.0,-0.5,0,Diego,0.0,439,False,,,44,661712.jpg,0.0,False,León Blanco,0.1,False,,a,14,1,0,861,2,4133,6,0.0,0.0,D.Leon,168.0,2025-07-05,2007-04-03,False,p661712,0,0,0,0,0,0,0,0,0,0,0,0,0,0.0,0.0,0.0,0.0,0,0,0,0,0,0.00,0.00,0.00,0.00,565,224,552,223,517,210,569,224,,,,,,,0.0,0.0,0.0,0.0,0.0,0.0,602,155,561,220,572,221,560,202,0.0,0.0,0.0
485,True,True,0.0,0.0,216051,0,0,-1,1,0,2,0.0,0.0,0,Diogo,1.2,440,False,Muscle injury - Unknown return date,2025-09-05T10:00:06.729240Z,44,216051.jpg,2.0,False,Dalot Teixeira,1.1,False,,i,14,1,6,20997,3,136073,407,0.3,1.4,Dalot,173.0,2018-06-08,1999-03-18,False,p216051,182,0,1,0,4,0,0,0,0,0,0,0,18,43.6,52.0,18.0,11.3,8,6,4,12,2,0.01,0.62,0.63,3.09,153,65,71,16,174,39,128,41,,,,,,,0.0,0.0,0.31,0.31,1.53,1.98,534,131,200,74,222,80,178,67,0.99,0.0,5.93
486,True,True,,,596777,0,0,0,0,0,2,0.8,0.3,0,Patrick,0.8,441,False,,,45,596777.jpg,1.3,False,Dorgu,5.5,False,,a,14,1,4,351777,127,447899,738,0.2,0.9,Dorgu,58.0,2025-02-02,2004-10-26,False,p596777,270,0,0,0,5,0,0,0,1,0,0,0,15,34.2,56.2,42.0,13.2,7,6,8,15,3,0.24,0.16,0.40,5.59,196,77,65,13,77,8,98,25,,,,,,,0.08,0.0,0.05,0.13,1.86,1.67,498,112,259,90,285,98,65,26,1.0,0.0,5.0
487,True,True,,,95658,0,0,-1,1,0,2,0.5,0.0,0,Harry,0.5,442,False,,,44,95658.jpg,1.0,False,Maguire,0.6,False,,a,14,1,3,14514,54,37126,71,0.1,0.7,Maguire,241.0,2019-08-05,1993-03-05,False,p95658,41,0,0,0,1,0,0,0,0,0,0,0,0,5.4,0.8,4.0,1.0,5,1,0,5,0,0.10,0.00,0.10,1.30,342,129,344,124,272,87,358,126,,,,,,,0.22,0.0,0.0,0.22,2.85,2.2,519,118,291,96,312,111,223,81,0.0,0.0,10.98
488,True,True,,,106760,0,0,0,0,0,2,1.0,0.5,0,Luke,1.0,443,False,,,45,106760.jpg,1.5,False,Shaw,0.3,False,,a,14,1,6,14873,24,15281,22,0.2,1.3,Shaw,241.0,2014-07-01,1995-07-12,False,p106760,345,0,0,0,7,0,0,0,0,0,0,0,17,42.4,22.8,0.0,6.5,7,13,8,15,4,0.00,0.10,0.10,6.55,159,68,158,41,522,211,221,72,3.0,,,,,,0.0,0.0,0.03,0.03,1.71,1.83,396,74,227,82,273,94,309,110,1.04,0.0,3.91
489,True,True,,,550864,0,0,0,0,0,2,2.0,1.5,0,Leny,2.0,444,False,,,45,550864.jpg,3.0,False,Yoro,2.3,False,,a,14,1,12,146501,115,112541,241,0.4,2.7,Yoro,73.0,2024-07-19,2005-11-13,False,p550864,321,0,1,0,6,0,0,0,0,0,0,1,32,41.6,19.3,15.0,7.5,21,11,5,26,4,0.27,0.04,0.31,5.70,161,69,185,51,193,46,200,66,,,,,,,0.08,0.0,0.01,0.09,1.6,1.68,473,108,137,60,154,66,119,47,1.12,0.0,7.29
490,True,False,0.0,0.0,577974,0,0,0,0,0,2,0.0,0.0,0,Harry,0.0,445,False,has joined Sheffield Wednesday on loan for the rest of the season.,2025-09-02T13:39:58.762783Z,40,577974.jpg,0.0,False,Amass,0.1,False,,u,14,1,0,1160,0,9423,19,0.0,0.0,Amass,241.0,2024-04-06,2007-03-16,False,p577974,0,0,0,0,0,0,0,0,0,0,0,0,0,0.0,0.0,0.0,0.0,0,0,0,0,0,0.00,0.00,0.00,0.00,493,199,480,198,437,178,497,199,,,,,,,0.0,0.0,0.0,0.0,0.0,0.0,709,216,488,194,501,197,462,176,0.0,0.0,0.0
491,True,True,,,547676,0,0,-1,1,0,2,0.0,-0.5,0,Tyler,0.0,446,False,,,39,547676.jpg,0.0,False,Fredricson,0.1,False,,a,14,1,0,4102,3,4839,12,0.0,0.0,Fredricson,241.0,2022-09-07,2005-02-23,False,p547676,0,0,0,0,0,0,0,0,0,0,0,0,0,0.0,0.0,0.0,0.0,0,0,0,0,0,0.00,0.00,0.00,0.00,400,150,383,147,337,124,404,150,,,,,,,0.0,0.0,0.0,0.0,0.0,0.0,732,237,396,146,410,150,441,166,0.0,0.0,0.0
492,True,True,,,606745,0,0,-1,1,0,2,0.2,-0.3,0,Ayden,0.2,447,False,,,39,606745.jpg,1.0,False,Heaven,1.2,False,,a,14,1,1,22356,193,59904,91,0.1,0.3,Heaven,241.0,2025-02-01,2006-09-22,False,p606745,3,0,0,0,0,0,0,0,0,0,0,0,3,2.0,0.0,0.0,0.2,1,0,0,1,0,0.00,0.00,0.00,0.03,367,133,388,152,342,129,380,133,,,,,,,0.0,0.0,0.0,0.0,0.9,0.0,737,242,340,117,302,101,177,66,0.0,0.0,30.0
493,True,True,,,222690,0,0,-1,1,0,2,0.0,-0.5,0,Tyrell,0.0,448,False,,,39,222690.jpg,0.0,False,Malacia,0.4,False,,a,14,1,0,17109,35,15267,41,0.0,0.0,Malacia,152.0,2022-07-05,1999-08-17,False,p222690,0,0,0,0,0,0,0,0,0,0,0,0,0,0.0,0.0,0.0,0.0,0,0,0,0,0,0.00,0.00,0.00,0.00,392,142,375,139,329,116,396,142,,,,,,,0.0,0.0,0.0,0.0,0.0,0.0,724,229,388,138,402,142,282,102,0.0,0.0,0.0
494,True,True,,,141746,0,0,0,0,0,3,3.5,3.0,0,Bruno,3.5,449,False,,,90,141746.jpg,4.0,False,Borges Fernandes,18.3,False,,a,14,1,16,682086,557,1084414,3180,0.4,1.8,B.Fernandes,173.0,2020-01-30,1994-09-08,False,p141746,360,1,0,0,7,0,0,1,1,0,0,2,87,121.2,202.0,50.0,37.4,9,27,10,46,4,1.91,0.91,2.82,6.79,14,7,1,1,62,38,4,3,1.0,,1.0,,1.0,,0.48,0.0,0.23,0.71,1.7,1.75,6,4,64,23,100,39,22,8,1.0,0.0,11.5
495,True,True,100.0,100.0,430871,0,0,0,0,0,3,0.8,0.3,0,Matheus,0.8,450,False,,2025-08-31T01:00:08.314117Z,80,430871.jpg,1.7,False,Santos Carneiro da Cunha,4.5,False,,a,14,1,5,726887,301,1195186,577,0.1,0.6,Cunha,30.0,2025-06-01,1999-05-27,False,p430871,210,0,0,0,2,0,0,0,0,0,0,0,28,33.2,43.3,81.0,15.8,1,5,2,8,3,0.82,0.22,1.04,3.07,201,85,86,60,24,12,69,44,,,,,,,0.35,0.0,0.09,0.44,1.32,0.86,16,11,287,143,268,133,79,24,1.29,0.0,3.43
496,True,False,0.0,0.0,176297,0,0,0,0,0,3,0.0,0.0,0,Marcus,0.0,451,False,Has joined Barcelona on loan for the rest of the season,2025-07-24T10:12:59.455702Z,70,176297.jpg,0.0,False,Rashford,0.0,False,,u,14,1,0,0,0,1736,1,0.0,0.0,Rashford,241.0,2015-07-01,1997-10-31,False,p176297,0,0,0,0,0,0,0,0,0,0,0,0,0,0.0,0.0,0.0,0.0,0,0,0,0,0,0.00,0.00,0.00,0.00,735,326,735,326,735,326,735,326,,,,,,,0.0,0.0,0.0,0.0,0.0,0.0,32,19,733,325,735,326,654,278,0.0,0.0,0.0
497,True,True,,,493250,0,0,-2,2,0,3,2.0,1.5,0,Amad,2.0,452,False,,,63,493250.jpg,2.2,False,Diallo,1.7,False,,a,14,1,9,39221,66,178441,302,0.3,1.4,Amad,54.0,2021-01-07,2002-07-11,False,p493250,266,0,1,0,5,0,0,0,0,0,0,0,60,50.6,70.0,83.0,20.4,5,13,8,26,3,0.87,0.69,1.56,4.89,130,44,46,40,22,11,38,27,4.0,,,,,,0.29,0.0,0.23,0.52,1.65,1.69,79,55,155,62,217,100,137,47,1.02,0.0,8.8
498,True,False,0.0,0.0,467169,0,0,-1,1,0,3,0.0,0.0,0,Antony,0.0,454,False,has joined Real Betis permanently.,2025-09-02T13:30:59.559397Z,59,467169.jpg,0.0,False,dos Santos,0.1,False,,u,14,1,0,1511,0,8909,17,0.0,0.0,Antony,30.0,2022-09-01,2000-02-24,False,p467169,0,0,0,0,0,0,0,0,0,0,0,0,0,0.0,0.0,0.0,0.0,0,0,0,0,0,0.00,0.00,0.00,0.00,727,322,727,322,727,322,727,322,,,,,,,0.0,0.0,0.0,0.0,0.0,0.0,112,76,725,321,727,322,512,179,0.0,0.0,0.0
499,True,True,100.0,100.0,184341,0,0,-1,1,0,3,1.0,0.5,0,Mason,1.0,455,False,,2025-08-31T01:00:08.331663Z,59,184341.jpg,2.0,False,Mount,0.2,False,,a,14,1,6,15563,34,31041,28,0.2,1.0,Mount,241.0,2023-07-05,1999-01-10,False,p184341,177,0,0,1,1,0,0,0,0,0,0,0,25,18.4,68.9,31.0,11.8,0,8,5,13,3,0.18,0.44,0.62,2.36,264,122,48,41,108,65,121,66,,,,,,,0.09,0.0,0.22,0.31,1.2,0.51,101,68,245,120,246,120,364,123,1.53,0.51,6.61
500,True,True,,,61256,0,0,0,0,0,3,1.5,1.0,0,Carlos Henrique,1.5,457,False,,,55,61256.jpg,2.0,False,Casimiro,0.2,False,,a,14,1,8,8824,27,14166,68,0.3,1.5,Casemiro,30.0,2022-08-22,1992-02-23,False,p61256,197,0,1,0,3,0,0,0,1,0,0,0,38,23.8,21.3,15.0,6.0,4,10,6,20,3,0.62,0.06,0.68,3.38,239,107,169,111,194,116,234,118,,,,,,,0.28,0.0,0.03,0.31,1.54,1.37,130,84,190,88,243,118,338,117,1.37,0.0,9.14
501,True,True,,,516895,0,0,-1,1,0,3,0.5,0.0,0,Kobbie,0.5,458,False,,,49,516895.jpg,1.0,False,Mainoo,0.5,False,,a,14,1,2,15012,39,46330,92,0.1,0.4,Mainoo,241.0,2022-10-15,2005-04-19,False,p516895,73,0,0,0,3,0,0,0,0,0,0,0,12,15.0,39.2,3.0,5.7,0,6,3,9,0,0.07,0.11,0.18,2.06,278,130,96,70,294,159,242,119,,,,,,,0.09,0.0,0.14,0.23,2.54,3.7,365,228,307,147,339,158,241,82,0.0,0.0,11.1
502,True,True,,,232112,0,0,-1,1,0,3,1.2,0.7,0,Manuel,1.2,459,False,,,49,232112.jpg,2.0,False,Ugarte Ribeiro,0.1,False,,a,14,1,6,5545,25,12089,23,0.2,1.2,Ugarte,230.0,2024-08-30,2001-04-11,False,p232112,125,0,0,0,4,0,0,0,0,0,0,0,22,15.8,21.0,2.0,3.8,5,7,6,18,1,0.05,0.02,0.07,3.25,271,125,174,113,308,164,289,149,,,,,,,0.04,0.0,0.01,0.05,2.34,2.88,339,210,207,97,230,106,423,143,0.72,0.0,12.96
503,True,False,0.0,0.0,490881,0,0,0,0,0,3,0.0,0.0,0,Toby,0.0,460,False,Has joined West Bromwich Albion on loan for the rest of the season.,2025-08-19T13:36:56.708077Z,45,490881.jpg,0.0,False,Collyer,0.0,False,,u,14,1,0,423,0,7288,3,0.0,0.0,Collyer,241.0,2023-07-01,2004-01-03,False,p490881,0,0,0,0,0,0,0,0,0,0,0,0,0,0.0,0.0,0.0,0.0,0,0,0,0,0,0.00,0.00,0.00,0.00,590,224,584,227,555,215,594,227,,,,,,,0.0,0.0,0.0,0.0,0.0,0.0,449,260,588,225,597,232,586,228,0.0,0.0,0.0
504,True,True,,,556639,0,0,-1,1,0,3,0.0,-0.5,0,Jayce,0.0,461,False,,,44,556639.jpg,0.0,False,Fitzgerald,0.0,False,,a,14,1,0,703,6,1757,0,0.0,0.0,Fitzgerald,,,,False,p556639,0,0,0,0,0,0,0,0,0,0,0,0,0,0.0,0.0,0.0,0.0,0,0,0,0,0,0.00,0.00,0.00,0.00,552,201,539,204,504,191,556,204,,,,,,,0.0,0.0,0.0,0.0,0.0,0.0,588,322,548,201,559,209,607,246,0.0,0.0,0.0
505,True,True,,,547037,0,0,-1,1,0,3,0.0,-0.5,0,Jack,0.0,462,False,,,44,547037.jpg,0.0,False,Fletcher,0.1,False,,a,14,1,0,2456,3,2448,9,0.0,0.0,J.Fletcher,241.0,2024-07-12,2007-03-19,False,p547037,0,0,0,0,0,0,0,0,0,0,0,0,0,0.0,0.0,0.0,0.0,0,0,0,0,0,0.00,0.00,0.00,0.00,548,199,535,202,500,189,552,202,,,,,,,0.0,0.0,0.0,0.0,0.0,0.0,583,319,545,199,556,207,567,212,0.0,0.0,0.0
506,True,True,,,618873,0,0,-1,1,0,3,0.0,-0.5,0,Sékou,0.0,463,False,,,44,618873.jpg,0.0,False,Koné,0.1,False,,a,14,1,0,2750,17,4341,7,0.0,0.0,Kone,132.0,2025-02-15,2006-02-03,False,p618873,0,0,0,0,0,0,0,0,0,0,0,0,0,0.0,0.0,0.0,0.0,0,0,0,0,0,0.00,0.00,0.00,0.00,563,206,550,209,515,196,567,209,,,,,,,0.0,0.0,0.0,0.0,0.0,0.0,600,327,559,206,570,214,506,177,0.0,0.0,0.0
507,True,True,100.0,100.0,559684,0,0,0,0,0,3,0.0,-0.5,0,Jack,0.0,464,False,,2025-08-11T01:14:09.567077Z,45,559684.jpg,0.0,False,Moorhouse,0.0,False,,a,14,1,0,602,6,1444,6,0.0,0.0,Moorhouse,,,,False,p559684,0,0,0,0,0,0,0,0,0,0,0,0,0,0.0,0.0,0.0,0.0,0,0,0,0,0,0.00,0.00,0.00,0.00,609,241,604,244,576,232,613,244,,,,,,,0.0,0.0,0.0,0.0,0.0,0.0,477,278,609,242,618,249,632,262,0.0,0.0,0.0
508,True,False,0.0,0.0,497894,0,0,-2,2,0,4,0.0,0.0,0,Rasmus,0.0,465,False,has joined Napoli on loan for the rest of the season.,2025-09-02T13:30:59.575548Z,63,497894.jpg,0.0,False,Højlund,0.3,False,,u,14,1,0,5437,0,48344,69,0.0,0.0,Højlund,58.0,2023-08-05,2003-02-04,False,p497894,0,0,0,0,0,0,0,0,0,0,0,0,0,0.0,0.0,0.0,0.0,0,0,0,0,0,0.00,0.00,0.00,0.00,729,75,729,75,729,75,729,75,,,,,,,0.0,0.0,0.0,0.0,0.0,0.0,80,25,727,74,729,75,290,48,0.0,0.0,0.0
509,True,True,100.0,100.0,458249,0,0,-1,1,0,4,0.5,0.0,0,Joshua,0.5,466,False,,2025-08-10T23:00:06.602693Z,59,458249.jpg,1.0,False,Zirkzee,0.4,False,,a,14,1,2,15244,51,29213,60,0.1,0.3,Zirkzee,152.0,2024-07-17,2001-05-22,False,p458249,69,0,0,0,2,0,0,0,0,0,0,0,2,8.4,15.7,54.0,7.9,2,2,0,4,0,0.67,0.03,0.70,1.38,322,22,206,17,59,18,197,23,,,,,,,0.87,0.0,0.04,0.91,1.8,2.61,111,29,332,35,376,41,274,46,0.0,0.0,5.22
510,True,True,,,596047,0,0,-1,1,0,4,0.0,-0.5,0,Chido,0.0,467,False,,,44,596047.jpg,0.0,False,Obi,1.5,False,,a,14,1,0,31201,112,115197,121,0.0,0.0,Obi,58.0,2025-02-15,2007-11-29,False,p596047,0,0,0,0,0,0,0,0,0,0,0,0,0,0.0,0.0,0.0,0.0,0,0,0,0,0,0.00,0.00,0.00,0.00,559,54,546,54,511,52,563,55,,,,,,,0.0,0.0,0.0,0.0,0.0,0.0,595,79,555,55,566,56,152,22,0.0,0.0,0.0
511,True,True,100.0,100.0,575034,0,0,0,0,0,4,0.0,-0.5,0,Ethan,0.0,468,False,,2025-08-11T01:13:48.087832Z,45,575034.jpg,0.0,False,Wheatley,0.1,False,,a,14,1,0,3433,15,7552,16,0.0,0.0,Wheatley,241.0,2024-04-12,2006-01-20,False,p575034,0,0,0,0,0,0,0,0,0,0,0,0,0,0.0,0.0,0.0,0.0,0,0,0,0,0,0.00,0.00,0.00,0.00,618,59,613,59,584,56,621,59,,,,,,,0.0,0.0,0.0,0.0,0.0,0.0,486,62,617,59,626,60,431,63,0.0,0.0,0.0
512,True,True,,,485711,0,0,-2,2,0,4,1.0,0.5,0,Benjamin,1.0,681,False,,,73,485711.jpg,1.2,False,Sesko,4.8,False,,a,14,1,5,204606,249,670063,902,0.1,0.7,Šeško,195.0,2025-08-09,2003-05-31,False,p485711,159,0,0,0,4,0,0,0,0,0,0,0,8,1.4,30.7,29.0,5.5,0,3,0,3,1,0.41,0.10,0.51,3.41,378,39,120,10,116,29,248,26,,,,,,,0.23,0.0,0.06,0.29,1.93,2.26,29,12,251,23,300,30,76,13,0.57,0.0,1.7
513,True,True,,,465247,0,0,0,0,0,1,0.0,-0.5,0,Senne,0.0,733,False,,,50,465247.jpg,0.0,False,Lammens,0.1,False,,a,14,1,0,9966,40,2625,23,0.0,0.0,Lammens,21.0,2025-09-01,2002-07-07,False,p465247,0,0,0,0,0,0,0,0,0,0,0,0,0,0.0,0.0,0.0,0.0,0,0,0,0,0,0.00,0.00,0.00,0.00,684,85,684,83,665,80,685,85,,,,,,,0.0,0.0,0.0,0.0,0.0,0.0,280,14,681,85,686,85,465,70,0.0,0.0,0.0
514,True,True,0.0,0.0,232653,0,0,-1,1,0,3,0.0,0.0,0,Jacob,0.5,52,False,Ankle injury - Expected back 18 Oct,2025-08-31T01:30:07.565346Z,54,232653.jpg,1.0,False,Ramsey,0.3,False,,i,15,4,2,12548,1,52211,82,0.1,0.4,J.Ramsey,241.0,2025-08-17,2001-05-28,False,p232653,59,0,0,0,1,0,0,0,0,0,0,0,13,13.4,41.8,7.0,6.2,0,5,1,6,1,0.03,0.12,0.15,0.91,291,137,89,63,251,141,231,116,,,,,,,0.05,0.0,0.18,0.23,1.39,1.53,188,116,321,156,358,172,317,106,1.53,0.0,9.15
515,True,True,0.0,0.0,216646,0,0,0,0,0,4,0.0,0.0,0,Yoane,0.0,135,False,Knee injury - Expected back 18 Oct,2025-09-12T10:00:06.619832Z,75,216646.jpg,0.0,False,Wissa,0.8,False,,i,15,4,0,84345,2,273596,313,0.0,0.0,Wissa,50.0,2025-09-01,1996-09-03,False,p216646,0,0,0,0,0,0,0,0,0,0,0,0,0,0.0,0.0,0.0,0.0,0,0,0,0,0,0.00,0.00,0.00,0.00,737,80,737,80,737,80,737,80,,,,,1.0,,0.0,0.0,0.0,0.0,0.0,0.0,24,10,736,80,737,80,195,31,0.0,0.0,0.0
516,True,True,,,98747,0,0,0,0,0,1,4.2,4.7,0,Nick,4.2,469,False,,,50,98747.jpg,6.5,False,Pope,6.0,False,,a,15,4,26,340407,337,136503,474,0.8,5.2,Pope,241.0,2022-06-23,1992-04-19,False,p98747,360,0,1,3,3,0,0,0,1,0,8,3,89,73.6,0.0,0.0,7.3,3,38,0,0,4,0.00,0.00,0.00,2.09,80,12,675,80,652,75,206,14,,,,,,,0.0,2.0,0.0,0.0,0.52,0.75,246,9,35,4,20,3,63,10,1.0,0.75,0.0
517,True,True,,,81441,0,0,0,0,0,1,0.0,0.5,0,Mark,0.0,471,False,,,40,81441.jpg,0.0,False,Gillespie,0.1,False,,a,15,4,0,2217,3,3748,9,0.0,0.0,Gillespie,241.0,2020-07-27,1992-03-27,False,p81441,0,0,0,0,0,0,0,0,0,0,0,0,0,0.0,0.0,0.0,0.0,0,0,0,0,0,0.00,0.00,0.00,0.00,412,29,398,14,353,7,416,29,,,,,,,0.0,0.0,0.0,0.0,0.0,0.0,612,45,408,28,422,29,409,61,0.0,0.0,0.0
518,True,False,0.0,0.0,111452,0,0,0,0,0,1,0.0,0.0,0,Odysseas,0.0,472,False,Has joined Sevilla on loan for the rest of the season.,2025-08-13T15:41:50.078613Z,40,111452.jpg,0.0,False,Vlachodimos,0.0,False,,u,15,4,0,0,0,1582,2,0.0,0.0,Odysseas,83.0,2024-07-01,1994-04-26,False,p111452,0,0,0,0,0,0,0,0,0,0,0,0,0,0.0,0.0,0.0,0.0,0,0,0,0,0,0.00,0.00,0.00,0.00,419,34,405,19,360,12,423,34,,,,,,,0.0,0.0,0.0,0.0,0.0,0.0,619,50,415,33,429,34,650,79,0.0,0.0,0.0
519,True,True,,,487838,0,0,-1,1,0,2,0.5,1.0,0,Lewis,0.5,473,False,,,54,487838.jpg,1.0,False,Hall,1.3,False,,a,15,4,2,42122,81,120210,203,0.1,0.4,Hall,241.0,2024-07-01,2004-09-08,False,p487838,43,0,0,0,1,0,0,0,0,0,0,0,4,9.0,1.4,3.0,1.4,5,1,2,7,0,0.04,0.00,0.04,0.44,317,121,333,119,295,100,349,122,2.0,,,,,,0.08,0.0,0.0,0.08,0.92,2.09,202,27,323,112,363,129,162,60,0.0,0.0,14.65
520,True,True,25.0,25.0,119471,0,0,0,0,0,2,0.9,1.1,0,Fabian,3.8,474,False,Head injury - 25% chance of playing,2025-09-19T11:30:08.392759Z,55,119471.jpg,5.8,False,Schär,2.8,False,,d,15,4,23,143781,6,150071,1655,0.7,4.2,Schär,207.0,2018-07-26,1991-12-20,False,p119471,350,0,0,3,2,0,0,0,0,0,0,0,82,80.0,25.0,15.0,12.1,31,13,4,35,4,0.08,0.07,0.15,1.72,62,25,152,37,195,47,117,35,,,2.0,,4.0,,0.02,0.0,0.02,0.04,0.44,0.51,135,16,51,23,35,17,108,42,1.03,0.77,9.0
521,True,True,,,220237,0,0,-1,1,0,2,2.2,2.7,0,Sven,2.2,475,False,,,49,220237.jpg,4.5,False,Botman,0.4,False,,a,15,4,9,14831,47,25541,53,0.4,1.8,Botman,152.0,2022-06-28,2000-01-12,False,p220237,68,0,0,1,0,0,0,0,0,0,0,2,32,19.8,0.3,0.0,2.0,7,5,2,9,1,0.00,0.00,0.00,0.62,257,99,358,131,625,229,337,116,,,,,,,0.0,0.0,0.0,0.0,0.82,0.0,332,55,116,50,69,34,251,92,1.32,1.32,11.91
522,True,True,,,78916,0,0,0,0,0,2,3.5,4.0,0,Dan,3.5,476,False,,,50,78916.jpg,5.8,False,Burn,5.7,False,,a,15,4,23,313114,423,125451,370,0.7,4.6,Burn,241.0,2022-01-31,1992-05-09,False,p78916,360,0,0,3,3,0,0,0,1,0,0,1,76,59.2,17.3,23.0,10.0,26,14,4,30,4,0.05,0.09,0.14,2.09,110,48,195,55,142,29,149,52,,,,,,,0.01,0.0,0.02,0.03,0.52,0.75,242,38,59,28,33,16,64,25,1.0,0.75,7.5
523,True,True,,,441191,0,0,1,-1,0,2,4.0,4.5,0,Tino,4.0,477,False,,,51,441191.jpg,6.2,False,Livramento,9.7,False,,a,15,4,25,821690,734,177118,574,0.8,4.9,Livramento,241.0,2023-08-08,2002-11-12,False,p441191,360,0,1,3,3,0,0,0,0,0,0,3,88,55.6,50.4,14.0,12.0,6,19,4,10,4,0.00,0.30,0.30,2.09,114,49,73,17,200,50,119,37,,,,,,,0.0,0.0,0.08,0.08,0.52,0.75,238,36,42,18,22,12,44,15,1.0,0.75,2.5
524,True,True,75.0,75.0,77794,0,0,0,0,0,2,2.8,3.2,0,Kieran,3.8,478,False,Knock - 75% chance of playing,2025-09-19T11:30:08.407420Z,50,77794.jpg,5.2,False,Trippier,2.7,False,,d,15,4,21,124861,31,80331,993,0.8,4.2,Trippier,241.0,2022-01-07,1990-09-19,False,p77794,316,0,0,3,2,0,0,0,0,0,0,2,77,36.8,129.5,4.0,16.9,6,19,2,8,4,0.00,0.35,0.35,1.65,184,74,9,1,282,96,58,10,1.0,,1.0,,,,0.0,0.0,0.1,0.1,0.47,0.57,241,37,48,21,45,23,111,45,1.14,0.85,2.28
525,True,True,,,111773,0,0,-1,1,0,2,0.0,0.5,0,Emil,0.0,479,False,,,44,111773.jpg,0.0,False,Krafth,0.0,False,,a,15,4,0,736,2,2372,6,0.0,0.0,Krafth,206.0,2019-08-08,1994-08-02,False,p111773,0,0,0,0,0,0,0,0,0,0,0,0,0,0.0,0.0,0.0,0.0,0,0,0,0,0,0.00,0.00,0.00,0.00,512,212,499,211,458,193,516,212,,,,,,,0.0,0.0,0.0,0.0,0.0,0.0,525,123,507,207,520,210,585,208,0.0,0.0,0.0
526,True,True,,,101148,0,0,-1,1,0,2,0.0,0.5,0,Jamaal,0.0,480,False,,,44,101148.jpg,0.0,False,Lascelles,0.1,False,,a,15,4,0,991,6,3926,7,0.0,0.0,Lascelles,241.0,2014-08-04,1993-11-11,False,p101148,0,0,0,0,0,0,0,0,0,0,0,0,0,0.0,0.0,0.0,0.0,0,0,0,0,0,0.00,0.00,0.00,0.00,508,209,495,208,454,190,512,209,,,,,,,0.0,0.0,0.0,0.0,0.0,0.0,520,119,503,204,516,207,538,197,0.0,0.0,0.0
527,True,True,,,545477,0,0,0,0,0,2,0.0,0.5,0,Alex,0.0,481,False,,,40,545477.jpg,0.0,False,Murphy,0.7,False,,a,15,4,0,14069,41,34384,53,0.0,0.0,A.Murphy,104.0,2023-07-19,2004-06-25,False,p545477,0,0,0,0,0,0,0,0,0,0,0,0,0,0.0,0.0,0.0,0.0,0,0,0,0,0,0.00,0.00,0.00,0.00,479,189,466,188,423,168,483,189,,,,,,,0.0,0.0,0.0,0.0,0.0,0.0,694,205,474,184,488,188,217,78,0.0,0.0,0.0
528,True,True,,,441024,0,0,-1,1,0,2,0.0,0.5,0,Harrison,0.0,482,False,,,39,441024.jpg,0.0,False,Ashby,0.2,False,,a,15,4,0,5650,28,5542,21,0.0,0.0,Ashby,243.0,2023-01-31,2001-11-14,False,p441024,0,0,0,0,0,0,0,0,0,0,0,0,0,0.0,0.0,0.0,0.0,0,0,0,0,0,0.00,0.00,0.00,0.00,395,145,378,142,332,119,399,145,,,,,,,0.0,0.0,0.0,0.0,0.0,0.0,727,232,391,141,405,145,389,144,0.0,0.0,0.0
529,True,True,,,578512,0,0,-1,1,0,2,0.0,0.5,0,Miodrag,0.0,483,False,,,39,578512.jpg,0.0,False,Pivaš,0.2,False,,a,15,4,0,14995,36,6332,31,0.0,0.0,Pivas,,,,False,p578512,0,0,0,0,0,0,0,0,0,0,0,0,0,0.0,0.0,0.0,0.0,0,0,0,0,0,0.00,0.00,0.00,0.00,403,153,386,150,340,127,407,153,,,,,,,0.0,0.0,0.0,0.0,0.0,0.0,735,240,399,149,413,153,332,117,0.0,0.0,0.0
530,True,False,0.0,0.0,169359,0,0,0,0,0,2,0.0,0.0,0,Matt,0.0,484,False,has joined Middlesbrough on loan for the rest of the season.,2025-09-02T12:49:12.555659Z,40,169359.jpg,0.0,False,Targett,0.3,False,,u,15,4,0,3759,0,27986,63,0.0,0.0,Targett,241.0,2022-07-01,1995-09-18,False,p169359,0,0,0,0,0,0,0,0,0,0,0,0,0,0.0,0.0,0.0,0.0,0,0,0,0,0,0.00,0.00,0.00,0.00,426,162,412,160,367,138,430,162,,,,,,,0.0,0.0,0.0,0.0,0.0,0.0,626,163,422,158,436,162,307,109,0.0,0.0,0.0
531,True,True,0.0,0.0,232826,0,0,-1,1,0,3,0.0,0.0,0,Anthony,-0.5,485,False,Suspended until 28 Sep,2025-08-25T23:00:08.176199Z,74,232826.jpg,0.5,False,Gordon,0.9,False,,s,15,4,1,120732,63,236618,190,-0.1,0.1,Gordon,241.0,2023-01-29,2001-02-24,False,p232826,137,0,0,1,3,0,0,0,0,1,0,0,-2,5.4,24.2,86.0,11.3,0,7,0,7,2,1.03,0.05,1.08,0.27,344,164,156,103,20,10,129,70,3.0,,,,3.0,,0.68,0.0,0.03,0.71,0.18,1.97,27,17,740,328,397,192,185,60,1.31,0.66,4.6
532,True,True,,,449434,0,0,0,0,0,3,1.0,1.5,0,Anthony,1.0,486,False,,,70,449434.jpg,1.8,False,Elanga,6.7,False,,a,15,4,7,472686,313,615158,1322,0.1,1.0,Elanga,206.0,2025-07-11,2002-04-27,False,p449434,205,0,0,1,3,0,0,0,0,0,0,0,24,19.2,46.8,37.0,10.3,1,3,1,5,2,0.57,0.13,0.70,1.03,262,120,81,57,91,54,142,74,,,,,,,0.25,0.0,0.06,0.31,0.45,1.32,39,24,250,123,261,127,59,18,0.88,0.44,2.2
533,True,True,,,201666,0,0,0,0,0,3,1.5,2.0,0,Harvey,1.5,487,False,,,65,201666.jpg,2.2,False,Barnes,0.9,False,,a,15,4,9,123772,34,89445,221,0.2,1.4,Barnes,241.0,2023-07-23,1997-12-09,False,p201666,265,0,0,2,2,0,0,0,0,0,0,0,31,20.2,77.7,45.0,14.3,2,7,2,11,3,0.37,0.80,1.17,1.01,255,117,34,29,71,45,82,49,,,,,,,0.13,0.0,0.27,0.4,0.34,0.68,52,35,194,91,218,101,188,62,1.02,0.68,3.74
534,True,True,,,208706,0,0,0,0,0,3,2.8,3.3,0,Bruno,2.8,488,False,,,65,208706.jpg,3.5,False,Guimarães Rodriguez Moura,2.4,False,,a,15,4,14,153552,121,106143,428,0.4,2.2,Bruno G.,30.0,2022-01-30,1997-11-16,False,p208706,360,1,0,3,3,0,0,0,2,0,0,0,56,59.4,72.8,25.0,15.7,2,29,8,39,4,0.25,0.22,0.47,2.09,109,36,42,37,135,79,70,45,,,,,,,0.06,0.0,0.06,0.12,0.52,0.75,55,37,99,37,131,53,116,40,1.0,0.75,9.75
535,True,True,,,114243,0,0,-2,2,0,3,2.2,2.7,0,Jacob,2.2,489,False,,,63,114243.jpg,3.3,False,Murphy,1.2,False,,a,15,4,10,25825,47,141902,129,0.3,1.6,J.Murphy,241.0,2017-07-19,1995-02-24,False,p114243,163,0,1,2,0,0,0,0,0,0,0,0,26,30.8,20.9,78.0,12.9,2,3,0,5,2,0.90,0.30,1.20,1.15,208,90,176,114,30,17,103,59,,,,,,,0.5,0.0,0.17,0.67,0.63,0.0,76,53,125,49,141,55,173,57,1.1,1.1,2.76
536,True,True,100.0,100.0,180974,0,0,-1,1,0,3,1.2,1.7,0,Joelinton Cássio,1.2,490,False,,2025-08-25T23:00:08.192388Z,59,180974.jpg,2.3,False,Apolinário de Lira,0.3,False,,a,15,4,7,11071,56,35569,33,0.2,1.2,Joelinton,30.0,2019-07-24,1996-08-14,False,p180974,221,0,0,2,2,0,0,0,1,0,0,0,25,14.2,21.2,21.0,5.7,5,9,4,18,3,0.03,0.33,0.36,0.91,288,136,170,112,153,92,243,120,,,,,,,0.01,0.0,0.13,0.14,0.37,0.81,100,67,220,107,203,93,318,107,1.22,0.81,7.33
537,True,True,100.0,100.0,432422,0,0,-1,1,0,3,2.0,2.5,0,Sandro,2.0,491,False,,2025-08-25T23:00:08.207841Z,54,432422.jpg,2.8,False,Tonali,1.3,False,,a,15,4,11,46008,97,114700,170,0.4,2.0,Tonali,106.0,2023-07-03,2000-05-08,False,p432422,335,0,0,3,2,0,0,0,0,0,0,0,62,37.6,71.5,43.0,15.2,6,16,3,25,4,0.23,0.26,0.49,1.72,176,72,44,38,74,46,74,46,4.0,,5.0,,,,0.06,0.0,0.07,0.13,0.46,0.54,192,119,149,59,169,70,163,55,1.07,0.81,6.72
538,True,True,100.0,100.0,640108,0,0,-1,1,0,3,0.0,0.5,0,Antoñito,0.0,492,False,,2025-08-11T01:17:33.082876Z,49,640108.jpg,0.0,False,Cordero Campillo,0.0,False,,a,15,4,0,601,3,2034,5,0.0,0.0,Antoñito C.,200.0,2025-07-01,2006-11-14,False,p640108,0,0,0,0,0,0,0,0,0,0,0,0,0,0.0,0.0,0.0,0.0,0,0,0,0,0,0.00,0.00,0.00,0.00,676,287,671,289,648,281,678,289,,,,,,,0.0,0.0,0.0,0.0,0.0,0.0,376,239,674,286,679,289,610,249,0.0,0.0,0.0
539,True,True,100.0,100.0,200089,0,0,0,0,0,3,0.2,0.7,0,Joe,0.2,494,False,,2025-08-10T23:30:07.136690Z,50,200089.jpg,1.0,False,Willock,0.1,False,,a,15,4,1,2293,20,2760,14,0.0,0.2,Willock,241.0,2021-08-13,1999-08-20,False,p200089,25,0,0,0,0,0,0,0,0,0,0,0,1,0.0,0.3,4.0,0.3,1,1,0,2,0,0.09,0.00,0.09,0.09,678,288,359,185,284,152,379,184,,,,,,,0.32,0.0,0.0,0.32,0.32,0.0,257,155,371,179,347,163,574,218,0.0,0.0,7.2
540,True,False,0.0,0.0,153127,0,0,0,0,0,3,0.0,0.0,0,Isaac,0.0,495,False,Has departed the club as a free agent.,2025-08-11T01:17:33.103826Z,45,153127.jpg,0.0,False,Hayden,0.0,False,,u,15,4,0,0,0,1244,0,0.0,0.0,Hayden,107.0,2016-07-11,1995-03-22,False,p153127,0,0,0,0,0,0,0,0,0,0,0,0,0,0.0,0.0,0.0,0.0,0,0,0,0,0,0.00,0.00,0.00,0.00,569,209,558,212,525,199,573,212,,,,,,,0.0,0.0,0.0,0.0,0.0,0.0,401,243,566,209,576,217,692,298,0.0,0.0,0.0
541,True,True,,,564510,0,0,-1,1,0,3,0.0,0.5,0,Garang,0.0,496,False,,,44,564510.jpg,0.0,False,Kuol,0.1,False,,a,15,4,0,1941,10,3400,4,0.0,0.0,Kuol,13.0,2023-01-01,2004-09-15,False,p564510,0,0,0,0,0,0,0,0,0,0,0,0,0,0.0,0.0,0.0,0.0,0,0,0,0,0,0.00,0.00,0.00,0.00,553,202,540,205,505,192,557,205,,,,,,,0.0,0.0,0.0,0.0,0.0,0.0,589,323,549,202,560,210,540,194,0.0,0.0,0.0
542,True,True,,,547719,0,0,-1,1,0,3,0.5,1.0,0,Lewis,0.5,497,False,,,44,547719.jpg,1.0,False,Miley,1.9,False,,a,15,4,3,52209,288,119520,154,0.1,0.7,L.Miley,241.0,2023-02-01,2006-05-01,False,p547719,76,0,0,0,1,0,0,0,0,0,0,0,15,8.6,13.8,4.0,2.7,2,5,1,8,0,0.03,0.02,0.05,0.55,320,154,219,131,275,151,327,164,,,,,,,0.04,0.0,0.02,0.06,0.65,1.18,585,321,299,145,321,150,132,45,0.0,0.0,9.47
543,True,False,0.0,0.0,461484,0,0,0,0,0,3,0.0,0.0,0,Joe,0.0,498,False,Has joined Leyton Orient on loan for the rest of the season.,2025-07-30T14:07:15.215025Z,45,461484.jpg,0.0,False,White,0.0,False,,u,15,4,0,0,0,910,0,0.0,0.0,White,241.0,2024-01-29,2002-10-01,False,p461484,0,0,0,0,0,0,0,0,0,0,0,0,0,0.0,0.0,0.0,0.0,0,0,0,0,0,0.00,0.00,0.00,0.00,586,220,579,223,549,211,590,223,,,,,,,0.0,0.0,0.0,0.0,0.0,0.0,438,255,584,221,593,228,705,306,0.0,0.0,0.0
544,True,True,,,538207,0,0,0,0,0,4,2.0,2.5,0,William,2.0,500,False,,,55,538207.jpg,2.2,False,Osula,0.4,False,,a,15,4,9,53932,54,41921,96,0.4,1.6,Osula,58.0,2024-08-08,2003-08-04,False,p538207,130,1,0,1,1,0,0,0,0,0,0,0,35,37.0,13.5,31.0,7.9,1,4,1,6,1,0.40,0.02,0.42,1.15,181,18,224,19,106,27,195,22,,,,,,,0.28,0.0,0.01,0.29,0.8,0.69,167,40,152,14,214,19,264,44,0.69,0.69,4.15
545,True,True,,,599303,0,0,-1,1,0,4,0.0,0.5,0,Sean,0.0,501,False,,,44,599303.jpg,0.0,False,Neave,0.2,False,,a,15,4,0,7619,34,13786,29,0.0,0.0,Neave,241.0,2025-02-07,2007-05-27,False,p599303,0,0,0,0,0,0,0,0,0,0,0,0,0,0.0,0.0,0.0,0.0,0,0,0,0,0,0.00,0.00,0.00,0.00,561,55,548,55,513,53,565,56,,,,,,,0.0,0.0,0.0,0.0,0.0,0.0,597,80,557,56,568,57,340,55,0.0,0.0,0.0
546,True,True,,,225321,0,0,-1,1,0,1,0.0,0.5,0,Aaron,0.0,674,False,,,49,225321.jpg,0.0,False,Ramsdale,0.7,False,,a,15,4,0,7859,25,40633,64,0.0,0.0,Ramsdale,241.0,2025-08-02,1998-05-14,False,p225321,0,0,0,0,0,0,0,0,0,0,0,0,0,0.0,0.0,0.0,0.0,0,0,0,0,0,0.00,0.00,0.00,0.00,659,84,652,76,628,71,661,84,,,,,,,0.0,0.0,0.0,0.0,0.0,0.0,336,17,657,84,663,84,210,28,0.0,0.0,0.0
547,True,True,,,465642,0,0,-1,1,0,2,0.2,0.7,0,Malick,0.2,684,False,,,49,465642.jpg,1.0,False,Thiaw,0.1,False,,a,15,4,1,4726,13,10874,22,0.0,0.2,Thiaw,80.0,2025-08-12,2001-08-08,False,p465642,9,0,0,0,1,0,0,0,0,0,0,0,-1,1.8,0.1,0.0,0.2,1,0,0,1,0,0.00,0.00,0.00,0.37,374,134,365,134,638,231,384,135,,,,,,,0.0,0.0,0.0,0.0,3.7,10.0,353,59,365,130,338,124,421,158,0.0,0.0,10.0
548,True,True,,,623110,0,0,0,0,0,3,0.0,0.5,0,Seung-Soo,0.0,689,False,,,45,623110.jpg,0.0,False,Park,0.2,False,,a,15,4,0,10394,6,9580,11,0.0,0.0,Seung soo,114.0,2025-07-26,2007-03-17,False,p623110,0,0,0,0,0,0,0,0,0,0,0,0,0,0.0,0.0,0.0,0.0,0,0,0,0,0,0.00,0.00,0.00,0.00,635,260,630,263,601,251,638,263,,,,,,,0.0,0.0,0.0,0.0,0.0,0.0,509,300,633,260,641,266,395,133,0.0,0.0,0.0
549,True,True,,,470313,0,0,0,0,0,4,4.5,5.0,0,Nick,4.5,714,False,,,70,470313.jpg,9.0,False,Woltemade,3.5,False,,a,15,4,9,436438,1581,52489,584,0.6,1.3,Woltemade,80.0,2025-08-30,2002-02-14,False,p470313,64,1,0,1,0,0,0,0,0,0,0,3,40,37.2,12.3,46.0,9.6,0,3,3,6,1,0.27,0.01,0.28,0.41,178,17,233,22,66,19,159,19,,,,,,,0.38,0.0,0.01,0.39,0.58,0.0,40,16,31,4,4,2,95,14,1.41,1.41,8.44
550,True,True,100.0,100.0,206325,0,0,-1,1,0,2,0.5,0.5,0,Oleksandr,0.0,12,False,,2025-09-11T02:00:06.341907Z,49,206325.jpg,0.0,False,Zinchenko,0.3,False,,a,16,17,0,13534,51,23564,30,0.0,0.0,Zinchenko,225.0,2025-09-01,1996-12-15,False,p206325,0,0,0,0,0,0,0,0,0,0,0,0,0,0.0,0.0,0.0,0.0,0,0,0,0,0,0.00,0.00,0.00,0.00,653,236,646,236,621,227,655,236,,,,,,,0.0,0.0,0.0,0.0,0.0,0.0,327,53,651,235,657,236,291,107,0.0,0.0,0.0
551,True,True,,,432714,0,0,-1,1,0,3,1.3,1.3,0,James,0.8,426,False,,,54,432714.jpg,1.0,False,McAtee,0.1,False,,a,16,17,3,7037,13,13175,17,0.1,0.6,McAtee,241.0,2025-08-16,2002-10-18,False,p432714,67,0,0,0,4,0,0,0,0,0,0,0,13,9.6,35.7,4.0,5.0,0,3,1,4,0,0.00,0.13,0.13,2.03,313,149,102,73,287,155,264,131,,,,,,,0.0,0.0,0.17,0.17,2.73,5.37,193,120,271,133,360,173,440,147,0.0,0.0,5.37
552,True,True,,,85633,0,0,0,0,0,1,1.7,1.7,0,Matz,1.2,502,False,,,50,85633.jpg,1.8,False,Sels,14.3,False,,a,16,17,7,219471,162,742307,1329,0.2,1.4,Sels,21.0,2024-02-01,1992-02-26,False,p85633,360,0,0,0,8,0,0,0,1,0,12,0,31,94.4,0.0,0.0,9.6,3,27,0,0,4,0.00,0.00,0.00,6.86,35,7,674,79,651,74,157,6,,,,,,,0.0,3.0,0.0,0.0,1.72,2.0,245,8,211,18,257,22,27,4,1.0,0.0,0.0
553,True,False,0.0,0.0,475123,0,0,0,0,0,1,0.0,0.0,0,Carlos Miguel,0.0,503,False,Has joined Palmeiras permanently.,2025-08-20T13:32:34.630338Z,40,475123.jpg,0.0,False,dos Santos Pereira,0.1,False,,u,16,17,0,448,0,9795,11,0.0,0.0,C.Miguel,30.0,2024-07-09,1998-10-09,False,p475123,0,0,0,0,0,0,0,0,0,0,0,0,0,0.0,0.0,0.0,0.0,0,0,0,0,0,0.00,0.00,0.00,0.00,455,55,442,40,398,33,459,55,,,,,,,0.0,0.0,0.0,0.0,0.0,0.0,664,71,450,54,464,55,460,69,0.0,0.0,0.0
554,True,False,0.0,0.0,224068,0,0,0,0,0,1,0.0,0.0,0,Matt,0.0,504,False,Has joined Lyon permanently.,2025-08-11T01:18:09.881299Z,40,224068.jpg,0.0,False,Turner,0.1,False,,u,16,17,0,0,0,9950,10,0.0,0.0,Turner,229.0,2023-08-09,1994-06-24,False,p224068,0,0,0,0,0,0,0,0,0,0,0,0,0,0.0,0.0,0.0,0.0,0,0,0,0,0,0.00,0.00,0.00,0.00,434,43,421,28,376,21,438,43,,,,,,,0.0,0.0,0.0,0.0,0.0,0.0,638,59,429,42,443,43,439,65,0.0,0.0,0.0
555,True,True,,,227444,0,0,0,0,0,2,1.5,1.5,0,Nikola,1.0,505,False,,,55,227444.jpg,1.5,False,Milenković,7.4,False,,a,16,17,6,176139,259,394219,753,0.2,1.1,Milenković,190.0,2024-07-18,1997-10-12,False,p227444,360,0,0,0,8,0,0,0,0,0,0,0,18,54.6,5.0,10.0,7.0,22,10,2,24,4,0.05,0.05,0.10,6.86,115,50,295,99,222,62,211,67,,,,,,,0.01,0.0,0.01,0.02,1.72,2.0,150,19,241,83,281,96,56,20,1.0,0.0,6.0
556,True,True,75.0,75.0,575476,0,0,0,0,0,2,1.3,1.3,0,Murillo,1.2,506,False,Knock - 75% chance of playing,2025-09-13T21:30:08.280182Z,55,575476.jpg,1.8,False,Costa dos Santos,4.2,False,,d,16,17,7,63702,17,329596,1277,0.2,1.3,Murillo,30.0,2023-08-31,2002-07-04,False,p575476,306,0,0,0,6,0,0,0,1,0,0,0,23,54.0,11.9,0.0,6.6,22,21,3,25,4,0.00,0.20,0.20,5.97,119,52,237,76,721,244,220,71,,,3.0,,,,0.0,0.0,0.06,0.06,1.76,1.76,171,21,218,78,260,89,83,33,1.18,0.0,7.35
557,True,True,0.0,0.0,159506,0,0,-1,1,0,2,0.0,0.0,0,Ola,0.5,507,False,Hamstring injury - Expected back 13 Dec,2025-09-11T06:30:07.556962Z,49,159506.jpg,2.0,False,Aina,6.4,False,,i,16,17,6,230797,2,1059641,4166,0.1,1.2,Aina,157.0,2023-07-22,1996-10-08,False,p159506,270,0,0,0,5,0,0,0,1,0,0,0,20,53.8,33.3,11.0,9.8,16,20,6,22,3,0.04,0.32,0.36,5.02,120,53,107,24,218,60,155,55,,,,,,,0.01,0.0,0.11,0.12,1.67,1.67,317,52,304,105,228,85,62,24,1.0,0.0,7.33
558,True,True,,,215136,0,0,0,0,0,2,1.3,1.3,0,Neco,0.8,508,False,,,50,215136.jpg,1.0,False,Williams,6.9,False,,a,16,17,4,119084,161,416027,1095,0.2,0.8,N.Williams,244.0,2022-07-11,2001-04-13,False,p215136,360,0,0,0,8,0,0,0,2,0,0,0,25,54.2,38.8,23.0,11.6,10,15,9,19,4,0.04,0.14,0.18,6.86,116,51,97,20,143,30,124,39,,,,,,,0.01,0.0,0.04,0.05,1.72,2.0,265,42,264,91,348,127,57,21,1.0,0.0,4.75
559,True,False,0.0,0.0,451432,0,0,0,0,0,2,0.0,0.0,0,David,0.0,509,False,has joined Real Oviedo on loan for the rest of the season.,2025-09-02T13:08:17.187888Z,45,451432.jpg,0.0,False,Mota Veiga Teixeira do Carmo,0.0,False,,u,16,17,0,427,0,3208,5,0.0,0.0,David Carmo,6.0,2024-08-25,1999-07-19,False,p451432,0,0,0,0,0,0,0,0,0,0,0,0,0,0.0,0.0,0.0,0.0,0,0,0,0,0,0.00,0.00,0.00,0.00,583,229,575,229,545,219,587,229,,,,,,,0.0,0.0,0.0,0.0,0.0,0.0,434,97,581,225,590,226,618,213,0.0,0.0,0.0
560,True,True,,,575458,0,0,-1,1,0,2,0.5,0.5,0,Jair,0.0,510,False,,,44,575458.jpg,0.0,False,Paula da Cunha Filho,0.1,False,,a,16,17,0,905,5,3849,5,0.0,0.0,Jair Cunha,30.0,2025-07-11,2005-03-07,False,p575458,0,0,0,0,0,0,0,0,0,0,0,0,0,0.0,0.0,0.0,0.0,0,0,0,0,0,0.00,0.00,0.00,0.00,555,223,542,222,507,209,559,223,,,,,,,0.0,0.0,0.0,0.0,0.0,0.0,591,153,551,219,562,220,544,200,0.0,0.0,0.0
561,True,True,,,485047,0,0,-1,1,0,2,0.7,0.7,0,Felipe,0.2,511,False,,,44,485047.jpg,1.0,False,Rodrigues da Silva,0.1,False,,a,16,17,1,2288,8,4188,8,0.0,0.2,Morato,30.0,2024-08-30,2001-06-30,False,p485047,90,0,0,0,3,0,0,0,0,0,0,0,1,13.6,0.8,0.0,1.4,4,4,1,5,1,0.00,0.00,0.00,1.84,290,109,345,125,480,204,346,121,,,,,,,0.0,0.0,0.0,0.0,1.84,3.0,558,145,348,125,317,115,498,185,1.0,0.0,5.0
562,True,False,0.0,0.0,204822,0,0,0,0,0,2,0.0,0.0,0,Omar,0.0,512,False,has joined Rio Ave on loan for the rest of the season.,2025-09-02T12:23:02.662537Z,45,204822.jpg,0.0,False,Richards,0.0,False,,u,16,17,0,345,0,2980,6,0.0,0.0,O.Richards,241.0,2022-07-10,1998-02-15,False,p204822,0,0,0,0,0,0,0,0,0,0,0,0,0,0.0,0.0,0.0,0.0,0,0,0,0,0,0.00,0.00,0.00,0.00,572,226,563,225,531,214,576,226,,,,,,,0.0,0.0,0.0,0.0,0.0,0.0,413,85,569,222,579,223,626,215,0.0,0.0,0.0
563,True,True,,,549067,0,0,0,0,0,2,0.5,0.5,0,Zach,0.0,513,False,,,40,549067.jpg,0.0,False,Abbott,0.2,False,,a,16,17,0,2031,11,7571,6,0.0,0.0,Abbott,241.0,2022-08-22,2006-05-13,False,p549067,0,0,0,0,0,0,0,0,0,0,0,0,0,0.0,0.0,0.0,0.0,0,0,0,0,0,0.00,0.00,0.00,0.00,482,192,469,191,426,171,486,192,,,,,,,0.0,0.0,0.0,0.0,0.0,0.0,697,208,477,187,491,191,382,138,0.0,0.0,0.0
564,True,True,,,90585,0,0,-1,1,0,2,0.5,0.5,0,Willy,0.0,514,False,,,39,90585.jpg,0.0,False,Boly,0.4,False,,a,16,17,0,6578,124,18951,25,0.0,0.0,Boly,54.0,2022-09-01,1991-02-03,False,p90585,0,0,0,0,0,0,0,0,0,0,0,0,0,0.0,0.0,0.0,0.0,0,0,0,0,0,0.00,0.00,0.00,0.00,388,138,371,135,325,112,392,138,,,,,,,0.0,0.0,0.0,0.0,0.0,0.0,720,225,385,135,399,139,266,97,0.0,0.0,0.0
565,True,True,,,222531,0,0,0,0,0,3,2.0,2.0,0,Morgan,1.5,515,False,,,75,222531.jpg,2.8,False,Gibbs-White,5.3,False,,a,16,17,11,316322,226,318448,655,0.2,1.5,Gibbs-White,241.0,2022-08-19,2000-01-27,False,p222531,326,0,1,0,7,0,0,0,0,0,0,0,47,36.4,90.3,56.0,18.0,2,11,2,15,4,0.68,0.47,1.15,6.77,187,78,20,18,57,35,52,35,,,2.0,,2.0,,0.19,0.0,0.13,0.32,1.87,1.93,25,15,195,92,175,76,68,19,1.1,0.0,4.14
566,True,True,,,209046,0,0,0,0,0,3,3.7,3.7,0,Callum,3.2,516,False,,,60,209046.jpg,3.8,False,Hudson-Odoi,1.6,False,,a,16,17,15,135836,165,95472,204,0.5,2.5,Hudson-Odoi,241.0,2023-09-01,2000-11-07,False,p209046,308,1,0,0,6,0,0,0,0,0,0,3,63,59.0,82.0,60.0,20.2,2,5,1,8,4,0.37,0.36,0.73,5.81,112,38,26,23,48,29,40,28,4.0,,,,,,0.11,0.0,0.11,0.22,1.7,1.75,86,58,75,27,111,42,144,49,1.17,0.0,2.34
567,True,True,,,215379,0,0,0,0,0,3,2.5,2.5,0,Elliot,2.0,517,False,,,55,215379.jpg,3.5,False,Anderson,5.2,False,,a,16,17,14,190195,231,288561,536,0.4,2.5,Anderson,241.0,2024-07-01,2002-11-06,False,p215379,360,0,1,0,8,0,0,0,0,0,0,1,78,94.0,100.0,30.0,22.4,5,29,14,48,4,0.41,0.47,0.88,6.86,39,14,16,14,109,66,25,18,3.0,,,,,,0.1,0.0,0.12,0.22,1.72,2.0,146,90,151,60,128,50,69,20,1.0,0.0,12.0
568,True,False,0.0,0.0,510500,0,0,-1,1,0,3,0.0,0.0,0,João Pedro,0.0,518,False,has joined Besiktas on loan for the rest of the season.,2025-09-12T15:53:40.376767Z,54,510500.jpg,1.0,False,Ferreira da Silva,0.1,False,,u,16,17,1,1029,0,6616,33,0.0,0.2,Jota,173.0,2024-08-01,1999-08-01,False,p510500,11,0,0,0,0,0,0,0,0,0,0,0,6,5.0,0.5,4.0,1.0,1,0,2,3,0,0.00,0.00,0.00,0.00,347,167,352,181,289,156,360,176,,,,,,,0.0,0.0,0.0,0.0,0.0,0.0,205,127,708,307,364,175,553,202,0.0,0.0,24.55
569,True,True,0.0,0.0,250199,0,0,0,0,0,3,0.0,0.0,0,Nicolás,0.0,519,False,Knee injury - Expected back 05 Oct,2025-07-21T10:00:04.988497Z,50,250199.jpg,0.0,False,Domínguez,0.0,False,,i,16,17,0,97,0,131,0,0.0,0.0,Dominguez,10.0,2023-09-01,1998-06-28,False,p250199,0,0,0,0,0,0,0,0,0,0,0,0,0,0.0,0.0,0.0,0.0,0,0,0,0,0,0.00,0.00,0.00,0.00,682,292,682,293,662,286,683,293,,,,,,,0.0,0.0,0.0,0.0,0.0,0.0,274,167,679,290,684,293,734,323,0.0,0.0,0.0
570,True,False,0.0,0.0,243345,0,0,0,0,0,3,0.0,0.0,0,Lewis,0.0,520,False,Has joined Wrexham permanently.,2025-07-25T14:55:12.030109Z,50,243345.jpg,0.0,False,O'Brien,0.0,False,,u,16,17,0,0,0,100,0,0.0,0.0,O'Brien,241.0,2022-07-20,1998-10-14,False,p243345,0,0,0,0,0,0,0,0,0,0,0,0,0,0.0,0.0,0.0,0.0,0,0,0,0,0,0.00,0.00,0.00,0.00,681,291,681,292,661,285,682,292,,,,,,,0.0,0.0,0.0,0.0,0.0,0.0,271,166,678,289,683,292,737,326,0.0,0.0,0.0
571,True,True,,,210462,0,0,0,0,0,3,2.5,2.5,0,Ibrahim,2.0,521,False,,,50,210462.jpg,2.5,False,Sangaré,0.1,False,,a,16,17,10,3258,6,3440,6,0.4,2.0,Sangaré,54.0,2023-09-01,1997-12-02,False,p210462,337,0,0,0,6,0,0,0,0,0,0,0,51,26.2,17.3,2.0,4.6,18,14,7,39,4,0.03,0.07,0.10,5.81,227,98,196,125,314,169,272,135,,,,,,,0.01,0.0,0.02,0.03,1.55,1.6,262,159,145,55,186,82,528,186,1.07,0.0,10.42
572,True,True,,,204968,0,0,-1,1,0,3,1.0,1.0,0,Ryan,0.5,522,False,,,49,204968.jpg,1.0,False,Yates,0.1,False,,a,16,17,3,1431,0,6629,8,0.1,0.6,Yates,241.0,2018-08-01,1997-11-21,False,p204968,25,0,0,0,1,0,0,0,0,0,0,0,11,7.2,4.0,2.0,1.2,4,3,0,7,0,0.00,0.01,0.01,0.08,332,158,302,164,306,163,354,172,,,,,,,0.0,0.0,0.04,0.04,0.29,3.6,326,204,305,146,335,157,493,167,0.0,0.0,25.2
573,True,False,0.0,0.0,569014,0,0,0,0,0,3,0.0,0.0,0,Eric,0.0,523,False,has joined Rio Ave on loan for the rest of the season.,2025-09-02T12:23:02.683095Z,45,569014.jpg,0.0,False,da Silva Moreira,0.1,False,,u,16,17,0,1896,0,11587,28,0.0,0.0,Da Silva Moreira,80.0,2024-07-01,2006-05-03,False,p569014,0,0,0,0,0,0,0,0,0,0,0,0,0,0.0,0.0,0.0,0.0,0,0,0,0,0,0.00,0.00,0.00,0.00,614,244,609,247,580,235,617,247,,,,,,,0.0,0.0,0.0,0.0,0.0,0.0,482,281,613,245,622,252,487,164,0.0,0.0,0.0
574,True,False,0.0,0.0,495161,0,0,0,0,0,3,0.0,0.0,0,Marko,0.0,524,False,Has joined Swansea City permanently.,2025-08-20T13:32:34.645399Z,45,495161.jpg,0.0,False,Stamenić,0.0,False,,u,16,17,0,245,0,4480,3,0.0,0.0,Stamenic,154.0,2024-06-27,2002-02-19,False,p495161,0,0,0,0,0,0,0,0,0,0,0,0,0,0.0,0.0,0.0,0.0,0,0,0,0,0,0.00,0.00,0.00,0.00,594,227,588,230,559,218,598,230,,,,,,,0.0,0.0,0.0,0.0,0.0,0.0,454,263,592,228,601,235,631,261,0.0,0.0,0.0
575,True,True,,,60689,0,0,1,-1,1,4,1.7,1.7,0,Chris,1.2,525,False,,,76,60689.jpg,4.5,False,Wood,21.8,False,,a,16,17,18,2004355,1077,1235787,3225,0.2,2.4,Wood,154.0,2023-07-01,1991-12-07,False,p60689,296,2,0,1,4,0,0,0,0,0,0,3,69,70.6,28.8,109.0,20.4,1,3,0,4,4,1.62,0.11,1.73,4.94,88,9,129,11,10,7,39,9,,,,,1.0,,0.49,0.0,0.03,0.52,1.5,1.22,21,8,223,17,73,7,19,5,1.22,0.3,1.22
576,True,True,,,482973,0,0,-2,2,0,4,1.0,1.0,0,Igor Jesus,0.5,526,False,,,58,482973.jpg,1.0,False,Maciel da Cruz,0.5,False,,a,16,17,3,16142,82,54767,77,0.1,0.5,Igor Jesus,30.0,2025-07-05,2001-02-25,False,p482973,30,0,0,0,3,0,0,0,0,0,0,0,7,2.0,2.1,8.0,1.0,1,1,1,3,0,0.07,0.00,0.07,1.83,372,38,325,33,244,34,363,36,,,,,,,0.21,0.0,0.0,0.21,5.49,9.0,120,31,331,34,375,40,242,38,0.0,0.0,9.0
577,True,True,,,210156,0,0,-2,2,0,4,0.5,0.5,0,Taiwo,0.0,527,False,,,53,210156.jpg,0.0,False,Awoniyi,0.5,False,,a,16,17,0,13363,49,50015,60,0.0,0.0,Awoniyi,157.0,2022-06-25,1997-08-12,False,p210156,0,0,0,0,0,0,0,0,0,0,0,0,0,0.0,0.0,0.0,0.0,0,0,0,0,0,0.00,0.00,0.00,0.00,699,70,699,71,683,68,700,70,,,,,,,0.0,0.0,0.0,0.0,0.0,0.0,221,48,696,70,701,71,250,40,0.0,0.0,0.0
578,True,True,,,456512,0,0,1,-1,0,3,3.0,3.0,0,Dan,2.5,669,False,,,61,456512.jpg,4.8,False,Ndoye,3.4,False,,a,16,17,19,501045,218,205148,429,0.4,3.1,Ndoye,207.0,2025-07-31,2000-10-25,False,p456512,295,1,1,0,5,0,0,0,0,0,0,4,65,75.2,53.4,43.0,17.2,4,12,3,19,4,0.10,0.39,0.49,4.91,73,23,70,50,75,47,56,37,,,,,,,0.03,0.0,0.12,0.15,1.5,1.53,85,57,110,43,60,19,96,33,1.22,0.0,5.8
579,True,True,,,107265,0,0,0,0,0,1,0.5,0.5,0,Angus,0.0,675,False,,,40,107265.jpg,0.0,False,Gunn,1.7,False,,a,16,17,0,20115,34,34190,52,0.0,0.0,Gunn,243.0,2025-08-06,1996-01-22,False,p107265,0,0,0,0,0,0,0,0,0,0,0,0,0,0.0,0.0,0.0,0.0,0,0,0,0,0,0.00,0.00,0.00,0.00,418,33,404,18,359,11,422,33,,,,,,,0.0,0.0,0.0,0.0,0.0,0.0,618,49,414,32,428,33,139,19,0.0,0.0,0.0
580,True,True,,,503301,0,0,0,0,0,3,1.0,1.0,0,Omari,0.5,693,False,,,55,503301.jpg,1.0,False,Hutchinson,0.0,False,,a,16,17,2,2544,3,1584,6,0.1,0.4,Hutchinson,241.0,2025-08-16,2003-10-30,False,p503301,9,0,0,0,1,0,0,0,0,0,0,0,1,0.2,0.9,8.0,0.6,0,1,0,1,0,0.20,0.00,0.20,0.96,387,184,341,178,241,135,373,181,,,,,,,2.0,0.0,0.0,2.0,9.6,10.0,166,103,328,160,371,180,639,268,0.0,0.0,10.0
581,True,True,,,465680,0,0,0,0,0,4,1.3,1.3,0,Arnaud,0.8,696,False,,,60,465680.jpg,1.0,False,Kalimuendo,0.1,False,,a,16,17,3,5227,25,3222,18,0.1,0.5,Kalimuendo,73.0,2025-08-18,2002-01-20,False,p465680,50,0,0,0,2,0,0,0,0,0,0,0,8,2.6,14.3,13.0,3.0,1,2,0,3,0,0.11,0.01,0.12,1.04,362,33,216,18,206,33,319,31,,,,,,,0.2,0.0,0.02,0.22,1.87,3.6,88,26,279,27,377,42,507,68,0.0,0.0,5.4
582,True,True,,,230046,0,0,0,0,0,3,0.5,0.5,0,Douglas Luiz,0.0,699,False,,,50,230046.jpg,0.0,False,Soares de Paulo,0.1,False,,a,16,17,0,8790,12,4713,16,0.0,0.0,Douglas Luiz,30.0,2025-08-21,1998-05-09,False,p230046,0,0,0,0,0,0,0,0,0,0,0,0,0,0.0,0.0,0.0,0.0,0,0,0,0,0,0.00,0.00,0.00,0.00,680,290,680,291,660,284,681,291,,,,,,,0.0,0.0,0.0,0.0,0.0,0.0,269,164,677,288,682,291,535,190,0.0,0.0,0.0
583,True,True,,,221389,0,0,0,0,0,1,0.5,0.5,0,John Victor,0.0,715,False,,,40,221389.jpg,0.0,False,Maciel Furtado,0.3,False,,a,16,17,0,23782,194,3447,40,0.0,0.0,John,30.0,2025-08-31,1996-02-13,False,p221389,0,0,0,0,0,0,0,0,0,0,0,0,0,0.0,0.0,0.0,0.0,0,0,0,0,0,0.00,0.00,0.00,0.00,432,42,419,27,374,20,436,42,,,,,,,0.0,0.0,0.0,0.0,0.0,0.0,636,58,427,41,441,42,308,46,0.0,0.0,0.0
584,True,True,,,500151,0,0,0,0,0,2,0.5,0.5,0,Nicolò,0.0,716,False,,,45,500151.jpg,0.0,False,Savona,0.0,False,,a,16,17,0,918,3,281,4,0.0,0.0,Savona,106.0,2025-08-30,2003-03-19,False,p500151,53,0,0,0,2,0,0,0,0,0,0,0,4,11.0,11.1,4.0,2.6,2,0,3,5,0,0.00,0.00,0.00,0.88,306,116,247,82,279,93,329,112,,,,,,,0.0,0.0,0.0,0.0,1.49,3.4,458,105,594,227,603,228,689,231,0.0,0.0,8.49
585,True,False,0.0,0.0,560441,0,0,0,0,0,2,0.0,0.0,0,Luis Eduardo,0.0,729,False,has joined Botafogo on loan for the rest of the season.,2025-09-05T08:56:15.818633Z,45,560441.jpg,0.0,False,Soares da Silva,0.0,False,,u,16,17,0,25,0,23,0,0.0,0.0,Cuiabano,30.0,2025-09-01,2003-02-16,False,p560441,0,0,0,0,0,0,0,0,0,0,0,0,0,0.0,0.0,0.0,0.0,0,0,0,0,0,0.00,0.00,0.00,0.00,612,231,607,231,578,222,615,231,,,,,,,0.0,0.0,0.0,0.0,0.0,0.0,480,110,611,229,620,230,739,245,0.0,0.0,0.0
586,True,True,,,476887,0,0,0,0,0,3,1.0,1.0,0,Dilane,0.5,734,False,,,60,476887.jpg,1.0,False,Bakwa,0.0,False,,a,16,17,1,1349,12,388,3,0.1,0.2,Bakwa,73.0,2025-09-01,2002-08-26,False,p476887,30,0,0,0,1,0,0,0,0,0,0,0,4,0.6,0.9,2.0,0.4,0,2,0,2,0,0.00,0.00,0.00,0.08,385,183,342,179,319,171,378,183,,,,,,,0.0,0.0,0.0,0.0,0.24,3.0,90,60,334,163,378,183,681,293,0.0,0.0,6.0
587,True,True,,,232571,0,0,-1,1,0,1,-0.5,-0.5,0,Anthony,0.0,528,False,,,44,232571.jpg,0.0,False,Patterson,0.2,False,,a,17,56,0,4454,7,17194,18,0.0,0.0,Patterson,241.0,2018-10-09,2000-05-10,False,p232571,0,0,0,0,0,0,0,0,0,0,0,0,0,0.0,0.0,0.0,0.0,0,0,0,0,0,0.00,0.00,0.00,0.00,519,74,506,59,467,52,523,74,,,,,,,0.0,0.0,0.0,0.0,0.0,0.0,541,34,514,73,527,74,335,51,0.0,0.0,0.0
588,True,True,,,74854,0,0,0,0,0,1,-0.5,-0.5,0,Simon,0.0,529,False,,,40,74854.jpg,0.0,False,Moore,0.4,False,,a,17,56,0,5530,12,12087,14,0.0,0.0,Moore,241.0,2024-07-01,1990-05-19,False,p74854,0,0,0,0,0,0,0,0,0,0,0,0,0,0.0,0.0,0.0,0.0,0,0,0,0,0,0.00,0.00,0.00,0.00,410,27,396,12,351,5,414,27,,,,,,,0.0,0.0,0.0,0.0,0.0,0.0,610,43,406,26,420,27,254,35,0.0,0.0,0.0
589,True,True,,,490000,0,0,0,0,0,1,-0.5,-0.5,0,Blondy,0.0,530,False,,,40,490000.jpg,0.0,False,Nna Noukeu,0.1,False,,a,17,56,0,1309,1,3615,6,0.0,0.0,Nna Noukeu,38.0,2024-08-02,2001-05-31,False,p490000,0,0,0,0,0,0,0,0,0,0,0,0,0,0.0,0.0,0.0,0.0,0,0,0,0,0,0.00,0.00,0.00,0.00,461,60,448,45,404,38,465,60,,,,,,,0.0,0.0,0.0,0.0,0.0,0.0,672,76,456,59,470,60,433,63,0.0,0.0,0.0
590,True,True,75.0,75.0,223827,0,0,1,-1,1,2,-0.2,-0.2,0,Daniel,0.2,531,False,Lack of match fitness - 75% chance of playing,2025-08-23T22:30:06.243330Z,46,223827.jpg,9.0,False,Ballard,2.8,False,,d,17,56,18,586729,16,502903,459,0.0,3.9,Ballard,242.0,2022-07-01,1999-09-22,False,p223827,98,1,0,1,0,0,0,0,0,0,0,3,61,74.8,10.8,66.0,15.2,15,4,1,16,2,0.18,0.18,0.36,0.56,76,33,249,83,40,3,73,17,,,,,,,0.17,0.0,0.17,0.34,0.51,0.0,386,68,355,128,3,2,109,43,1.84,0.92,14.69
591,True,True,,,487676,0,0,0,0,0,2,1.7,1.7,0,Trai,2.2,532,False,,,45,487676.jpg,3.8,False,Hume,0.3,False,,a,17,56,15,18939,22,16368,14,0.5,3.3,Hume,242.0,2022-01-04,2002-03-18,False,p487676,360,0,0,2,3,0,0,0,0,0,0,0,66,64.4,57.7,8.0,13.0,14,10,11,25,4,0.07,0.18,0.25,4.53,99,42,64,12,236,72,101,27,,,4.0,,,,0.02,0.0,0.04,0.06,1.13,0.75,446,101,114,48,106,45,324,114,1.0,0.5,6.25
592,True,True,50.0,50.0,220684,0,0,0,0,0,2,-0.2,-0.2,0,Aji,0.0,533,False,Shoulder injury - 50% chance of playing,2025-07-21T10:00:05.007315Z,40,220684.jpg,0.0,False,Alese,0.0,False,,d,17,56,0,171,0,306,0,0.0,0.0,Alese,241.0,2022-07-15,2001-01-17,False,p220684,0,0,0,0,0,0,0,0,0,0,0,0,0,0.0,0.0,0.0,0.0,0,0,0,0,0,0.00,0.00,0.00,0.00,431,164,418,163,373,141,435,164,,,,,,,0.0,0.0,0.0,0.0,0.0,0.0,635,169,426,159,440,163,725,244,0.0,0.0,0.0
593,True,True,,,232820,0,0,-1,1,0,2,-0.5,-0.5,0,Joe,0.0,534,False,,,39,232820.jpg,0.0,False,Anderson,0.4,False,,a,17,56,0,7848,158,19880,26,0.0,0.0,Anderson,241.0,2023-01-31,2001-02-06,False,p232820,0,0,0,0,0,0,0,0,0,0,0,0,0,0.0,0.0,0.0,0.0,0,0,0,0,0,0.00,0.00,0.00,0.00,393,143,376,140,330,117,397,143,,,,,,,0.0,0.0,0.0,0.0,0.0,0.0,725,230,389,139,403,143,281,101,0.0,0.0,0.0
594,True,True,0.0,0.0,461195,0,0,0,0,0,2,0.0,0.0,0,Dennis,0.0,535,False,Wrist Injury - Unknown return date,2025-07-21T10:00:05.027113Z,40,461195.jpg,0.0,False,Cirkin,0.0,False,,i,17,56,0,181,0,1421,2,0.0,0.0,Cirkin,241.0,2021-08-11,2002-04-06,False,p461195,0,0,0,0,0,0,0,0,0,0,0,0,0,0.0,0.0,0.0,0.0,0,0,0,0,0,0.00,0.00,0.00,0.00,447,173,434,172,389,150,451,173,,,,,,,0.0,0.0,0.0,0.0,0.0,0.0,654,181,442,168,456,172,663,224,0.0,0.0,0.0
595,True,True,0.0,0.0,477547,0,0,0,0,0,2,0.0,0.0,0,Leo Fuhr,0.0,536,False,Achilles injury - Unknown return date,2025-07-21T10:00:05.047173Z,40,477547.jpg,0.0,False,Hjelde,0.0,False,,i,17,56,0,180,0,280,0,0.0,0.0,Hjelde,161.0,2024-01-30,2003-08-26,False,p477547,0,0,0,0,0,0,0,0,0,0,0,0,0,0.0,0.0,0.0,0.0,0,0,0,0,0,0.00,0.00,0.00,0.00,456,175,443,174,399,153,460,175,,,,,,,0.0,0.0,0.0,0.0,0.0,0.0,665,185,451,170,465,174,720,242,0.0,0.0,0.0
596,True,False,0.0,0.0,492066,0,0,0,0,0,2,0.0,0.0,0,Niall,0.0,537,False,has joined Wycombe Wanderers on loan for the rest of the season.,2025-09-02T13:34:00.250364Z,40,492066.jpg,0.0,False,Huggins,0.1,False,,u,17,56,0,1038,0,10330,20,0.0,0.0,Huggins,244.0,2021-08-20,2000-12-18,False,p492066,0,0,0,0,0,0,0,0,0,0,0,0,0,0.0,0.0,0.0,0.0,0,0,0,0,0,0.00,0.00,0.00,0.00,463,177,450,176,406,155,467,177,,,,,,,0.0,0.0,0.0,0.0,0.0,0.0,674,189,458,172,472,176,453,173,0.0,0.0,0.0
597,True,True,,,514613,0,0,0,0,0,2,-0.5,-0.5,0,Zak,0.0,538,False,,,40,514613.jpg,0.0,False,Johnson,0.2,False,,a,17,56,0,2477,9,8641,12,0.0,0.0,Johnson,241.0,2021-10-12,2004-07-30,False,p514613,0,0,0,0,0,0,0,0,0,0,0,0,0,0.0,0.0,0.0,0.0,0,0,0,0,0,0.00,0.00,0.00,0.00,471,182,458,181,414,160,475,182,,,,,,,0.0,0.0,0.0,0.0,0.0,0.0,683,195,466,177,480,181,368,133,0.0,0.0,0.0
598,True,True,0.0,0.0,167512,0,0,0,0,0,2,0.0,0.0,0,Luke,0.0,539,False,Shoulder injury - Expected back 04 Oct,2025-07-21T10:00:05.068622Z,40,167512.jpg,0.0,False,O'Nien,0.0,False,,i,17,56,0,405,0,1063,4,0.0,0.0,O'Nien,241.0,2018-07-30,1994-11-21,False,p167512,0,0,0,0,0,0,0,0,0,0,0,0,0,0.0,0.0,0.0,0.0,0,0,0,0,0,0.00,0.00,0.00,0.00,425,161,411,159,366,137,429,161,,,,,4.0,,0.0,0.0,0.0,0.0,0.0,0.0,625,162,421,157,435,161,656,220,0.0,0.0,0.0
599,True,True,,,465702,0,0,-1,1,0,2,-0.5,-0.5,0,Timothée,0.0,540,False,,,39,465702.jpg,0.0,False,Pembélé,0.2,False,,a,17,56,0,4755,332,7265,20,0.0,0.0,Pembele,73.0,2023-09-01,2002-09-09,False,p465702,0,0,0,0,0,0,0,0,0,0,0,0,0,0.0,0.0,0.0,0.0,0,0,0,0,0,0.00,0.00,0.00,0.00,396,146,379,143,333,120,400,146,,,,,,,0.0,0.0,0.0,0.0,0.0,0.0,728,233,392,142,406,146,369,134,0.0,0.0,0.0
600,True,True,,,434399,0,0,0,0,0,2,2.0,2.0,0,Reinildo,2.5,541,False,,,40,434399.jpg,4.0,False,Mandava,8.1,False,,a,17,56,16,403463,346,235679,264,0.6,4.0,Reinildo,146.0,2025-07-08,1994-01-21,False,p434399,360,0,0,2,3,0,0,0,1,0,0,0,78,74.2,17.9,6.0,9.9,24,13,11,35,4,0.02,0.04,0.06,4.53,79,36,192,53,255,79,153,53,,,,,,,0.0,0.0,0.01,0.01,1.13,0.75,645,174,101,43,84,38,53,19,1.0,0.5,8.75
601,True,False,0.0,0.0,519634,0,0,0,0,0,2,0.0,0.0,0,Jenson,0.2,542,False,has joined Wolfsburg on loan for the rest of the season.,2025-09-02T13:40:22.421351Z,40,519634.jpg,1.0,False,Seelt,0.2,False,,u,17,56,2,3016,0,15567,30,0.0,0.5,Seelt,152.0,2023-07-01,2003-05-23,False,p519634,133,0,0,0,2,0,0,0,0,0,0,0,11,33.6,2.4,0.0,3.6,8,6,4,12,1,0.00,0.01,0.01,1.33,200,79,317,110,419,165,295,98,,,,,,,0.0,0.0,0.01,0.01,0.9,1.35,689,201,343,120,307,106,386,141,0.68,0.0,8.12
602,True,True,,,535818,0,0,-1,1,0,3,0.7,0.7,0,Simon,1.2,543,False,,,54,535818.jpg,2.8,False,Adingra,1.1,False,,a,17,56,11,68059,12,125367,173,0.2,2.0,Adingra,54.0,2025-07-10,2002-01-01,False,p535818,230,0,1,2,2,0,0,0,1,0,0,0,30,20.4,59.7,6.0,8.6,4,7,3,14,3,0.14,0.20,0.34,1.75,254,116,59,45,261,143,177,88,,,,,,,0.05,0.0,0.08,0.13,0.68,0.78,208,130,216,104,171,72,181,58,1.17,0.78,5.48
603,True,True,,,547027,0,0,0,0,0,3,1.7,1.7,0,Habib,2.2,544,False,,,55,547027.jpg,3.0,False,Diarra,0.1,False,,a,17,56,12,5731,16,7245,10,0.4,2.2,Diarra,189.0,2025-07-01,2004-01-03,False,p547027,345,0,1,2,2,0,0,0,1,0,0,0,23,10.6,31.0,45.0,8.0,6,8,1,15,4,0.50,0.08,0.58,3.87,308,146,116,81,68,43,187,93,,,,,,,0.13,0.0,0.02,0.15,1.01,0.52,168,104,122,48,165,66,475,160,1.04,0.52,3.91
604,True,False,0.0,0.0,124165,0,0,-1,1,0,3,0.0,0.0,0,Patrick,0.2,545,False,has joined Birmingham City on loan for the rest of the season.,2025-09-02T13:33:32.438579Z,54,124165.jpg,1.0,False,Roberts,0.0,False,,u,17,56,1,462,0,3302,4,0.0,0.2,Roberts,241.0,2022-01-21,1997-02-05,False,p124165,27,0,0,0,1,0,0,0,0,0,0,0,4,1.8,7.3,5.0,1.4,0,1,0,1,0,0.03,0.02,0.05,0.66,375,179,274,153,269,150,347,170,4.0,,,,2.0,,0.1,0.0,0.07,0.17,2.2,3.33,174,107,374,180,356,171,655,279,0.0,0.0,3.33
605,True,False,0.0,0.0,626844,0,0,-1,1,0,3,0.0,0.0,0,Milan,0.0,546,False,has joined Cracovia on loan for the rest of the season.,2025-09-08T09:11:30.805435Z,49,626844.jpg,0.0,False,Aleksić,0.0,False,,u,17,56,0,295,0,2484,4,0.0,0.0,Aleksić,190.0,2024-08-30,2005-08-30,False,p626844,0,0,0,0,0,0,0,0,0,0,0,0,0,0.0,0.0,0.0,0.0,0,0,0,0,0,0.00,0.00,0.00,0.00,675,286,670,288,647,280,677,288,,,,,,,0.0,0.0,0.0,0.0,0.0,0.0,375,238,673,285,678,288,645,272,0.0,0.0,0.0
606,True,True,75.0,75.0,484420,0,0,-1,1,1,3,1.9,1.9,0,Enzo,3.0,547,False,Knock - 75% chance of playing,2025-09-13T21:30:08.349570Z,49,484420.jpg,4.3,False,Le Fée,0.4,False,,d,17,56,13,41100,47,36097,100,0.6,2.7,E.Le Fée,73.0,2025-07-01,2000-02-03,False,p484420,131,1,0,0,2,0,0,0,0,0,0,2,49,69.4,41.0,21.0,13.2,5,13,8,26,1,0.83,0.08,0.91,2.09,91,29,92,66,148,87,99,58,2.0,,2.0,,,,0.57,0.0,0.05,0.62,1.44,1.37,358,223,82,29,77,28,260,89,0.69,0.0,17.86
607,True,True,0.0,0.0,461199,0,0,-1,1,0,3,0.0,0.0,0,Romaine,0.0,548,False,Hamstring injury - Expected back 18 Oct,2025-08-10T23:30:07.214806Z,49,461199.jpg,0.0,False,Mundle,0.0,False,,i,17,56,0,102,0,609,0,0.0,0.0,Mundle,241.0,2024-02-01,2003-04-24,False,p461199,0,0,0,0,0,0,0,0,0,0,0,0,0,0.0,0.0,0.0,0.0,0,0,0,0,0,0.00,0.00,0.00,0.00,667,280,661,281,637,273,669,282,3.0,,3.0,,,,0.0,0.0,0.0,0.0,0.0,0.0,352,220,665,279,671,283,719,315,0.0,0.0,0.0
608,True,True,,,223336,0,0,-1,1,0,3,-0.5,-0.5,0,Dan,0.0,549,False,,,49,223336.jpg,0.0,False,Neil,0.0,False,,a,17,56,0,384,0,1922,1,0.0,0.0,Neil,241.0,2018-11-01,2001-12-13,False,p223336,0,0,0,0,0,0,0,0,0,0,0,0,0,0.0,0.0,0.0,0.0,0,0,0,0,0,0.00,0.00,0.00,0.00,658,273,651,274,627,266,660,275,,,,,,,0.0,0.0,0.0,0.0,0.0,0.0,334,208,656,272,662,276,622,255,0.0,0.0,0.0
609,True,True,,,215460,0,0,-1,1,0,3,-0.5,-0.5,0,Ian,0.0,550,False,,,49,215460.jpg,0.0,False,Poveda-Ocampo,0.0,False,,a,17,56,0,180,0,1341,2,0.0,0.0,Poveda,48.0,2024-07-24,2000-02-09,False,p215460,0,0,0,0,0,0,0,0,0,0,0,0,0,0.0,0.0,0.0,0.0,0,0,0,0,0,0.00,0.00,0.00,0.00,655,272,648,273,623,265,657,274,,,,,,,0.0,0.0,0.0,0.0,0.0,0.0,330,207,653,271,659,275,647,274,0.0,0.0,0.0
610,True,True,,,554197,0,0,-1,1,0,3,-0.3,-0.3,0,Chris,0.2,551,False,,,49,554197.jpg,1.0,False,Rigg,0.0,False,,a,17,56,2,539,3,3297,3,0.0,0.4,Rigg,241.0,2022-12-31,2007-06-18,False,p554197,2,0,0,0,0,0,0,0,0,0,0,0,6,0.0,0.0,0.0,0.0,0,0,0,0,0,0.00,0.00,0.00,0.13,672,283,666,284,643,276,674,285,,,,,,,0.0,0.0,0.0,0.0,5.85,0.0,370,233,366,176,340,159,592,233,0.0,0.0,0.0
611,True,True,,,577669,0,0,0,0,0,3,1.3,1.3,0,Noah,1.8,552,False,,,50,577669.jpg,2.5,False,Sadiki,0.0,False,,a,17,56,10,1975,1,2464,6,0.4,2.0,Sadiki,50.0,2025-07-04,2004-12-17,False,p577669,353,0,0,2,3,0,0,0,0,0,0,0,42,36.6,48.7,8.0,9.4,10,7,7,24,4,0.02,0.29,0.31,4.15,185,76,77,54,240,134,164,82,,,,,,,0.01,0.0,0.07,0.08,1.06,0.76,304,188,171,72,188,84,579,223,1.02,0.51,6.12
612,True,True,,,549912,0,0,0,0,0,3,1.5,1.5,0,Chemsdine,2.0,553,False,,,50,549912.jpg,3.5,False,Talbi,0.3,False,,a,17,56,14,33761,10,27031,34,0.4,2.8,Talbi,145.0,2025-07-09,2005-05-09,False,p549912,306,0,1,3,1,0,0,0,0,0,0,0,35,35.6,59.4,27.0,12.2,4,7,3,14,4,0.52,0.20,0.72,3.60,192,81,61,47,122,73,116,64,,,,,,,0.15,0.0,0.06,0.21,1.06,0.29,300,185,147,57,126,49,315,105,1.18,0.88,4.12
613,True,True,,,477851,0,0,-1,1,0,3,-0.5,-0.5,0,Abdoullah,0.0,554,False,,,44,477851.jpg,0.0,False,Ba,0.2,False,,a,17,56,0,9147,15,14809,25,0.0,0.0,Ba,73.0,2022-08-31,2003-07-31,False,p477851,0,0,0,0,0,0,0,0,0,0,0,0,0,0.0,0.0,0.0,0.0,0,0,0,0,0,0.00,0.00,0.00,0.00,529,189,516,192,479,179,533,192,,,,,,,0.0,0.0,0.0,0.0,0.0,0.0,557,308,526,189,537,197,349,120,0.0,0.0,0.0
614,True,False,0.0,0.0,171422,0,0,0,0,0,3,0.0,0.0,0,Alan,0.0,555,False,has joined Middlesbrough on loan for the rest of the season.,2025-09-02T13:31:41.354124Z,45,171422.jpg,0.0,False,Browne,0.1,False,,u,17,56,0,1291,0,6667,17,0.0,0.0,Browne,104.0,2024-07-11,1995-04-15,False,p171422,0,0,0,0,0,0,0,0,0,0,0,0,0,0.0,0.0,0.0,0.0,0,0,0,0,0,0.00,0.00,0.00,0.00,570,210,559,213,526,200,574,213,,,,,,,0.0,0.0,0.0,0.0,0.0,0.0,404,244,567,210,577,218,557,206,0.0,0.0,0.0
615,True,False,0.0,0.0,458297,0,0,0,0,0,3,0.0,0.0,0,Pierre,0.0,556,False,Has joined AS Saint-Etienne permanently.,2025-08-14T14:03:00.702056Z,45,458297.jpg,0.0,False,Ekwah Elimby,0.0,False,,u,17,56,0,0,0,1371,0,0.0,0.0,Ekwah,73.0,2023-01-23,2002-01-15,False,p458297,0,0,0,0,0,0,0,0,0,0,0,0,0,0.0,0.0,0.0,0.0,0,0,0,0,0,0.00,0.00,0.00,0.00,584,218,577,221,547,209,588,221,,,,,,,0.0,0.0,0.0,0.0,0.0,0.0,436,253,582,219,591,226,697,300,0.0,0.0,0.0
616,True,True,,,547410,0,0,-1,1,0,3,-0.5,-0.5,0,Harrison,0.0,557,False,,,44,547410.jpg,0.0,False,Jones,0.1,False,,a,17,56,0,1783,10,3411,6,0.0,0.0,H.Jones,241.0,2024-01-01,2004-12-25,False,p547410,0,0,0,0,0,0,0,0,0,0,0,0,0,0.0,0.0,0.0,0.0,0,0,0,0,0,0.00,0.00,0.00,0.00,549,200,536,203,501,190,553,203,,,,,,,0.0,0.0,0.0,0.0,0.0,0.0,584,320,546,200,557,208,558,207,0.0,0.0,0.0
617,True,True,,,493837,0,0,-1,1,0,3,-0.5,-0.5,0,Jay,0.0,558,False,,,44,493837.jpg,0.0,False,Matete,0.2,False,,a,17,56,0,9663,24,14062,26,0.0,0.0,Matete,241.0,2022-01-31,2001-02-11,False,p493837,0,0,0,0,0,0,0,0,0,0,0,0,0,0.0,0.0,0.0,0.0,0,0,0,0,0,0.00,0.00,0.00,0.00,533,192,520,195,484,182,537,195,,,,,,,0.0,0.0,0.0,0.0,0.0,0.0,565,312,530,192,541,200,334,114,0.0,0.0,0.0
618,True,True,,,500696,0,0,-1,1,0,3,-0.5,-0.5,0,Nectarios,0.0,559,False,,,44,500696.jpg,0.0,False,Triantis,0.1,False,,a,17,56,0,2630,6,3873,12,0.0,0.0,Triantis,13.0,2023-07-01,2003-05-11,False,p500696,0,0,0,0,0,0,0,0,0,0,0,0,0,0.0,0.0,0.0,0.0,0,0,0,0,0,0.00,0.00,0.00,0.00,538,195,525,198,489,185,542,198,,,,,,,0.0,0.0,0.0,0.0,0.0,0.0,571,315,535,195,546,203,529,187,0.0,0.0,0.0
619,True,True,,,437505,0,0,0,0,0,4,2.3,2.3,0,Wilson,2.8,560,False,,,55,437505.jpg,4.0,False,Isidor,1.2,False,,a,17,56,16,142234,500,44105,129,0.5,2.9,Isidor,73.0,2025-02-01,2000-08-27,False,p437505,156,2,0,1,2,0,0,0,0,0,0,3,62,73.4,1.3,73.0,14.7,2,2,3,7,1,0.39,0.00,0.39,2.80,82,8,335,36,34,13,79,12,,,,,3.0,,0.22,0.0,0.0,0.22,1.62,1.15,154,36,96,8,95,8,172,29,0.58,0.58,4.04
620,True,True,,,564406,0,0,0,0,0,4,0.5,0.5,0,Eliezer,1.0,561,False,,,55,564406.jpg,4.0,False,Mayenda Dossou,1.4,False,,a,17,56,12,241557,36,180219,256,0.2,2.2,Mayenda,200.0,2023-07-28,2005-05-08,False,p564406,201,1,0,2,1,0,0,0,0,0,0,2,43,45.2,13.1,45.0,10.2,2,2,1,5,3,0.39,0.00,0.39,1.63,146,14,226,20,69,20,143,17,,,,,1.0,,0.17,0.0,0.0,0.17,0.73,0.45,170,41,243,20,96,9,160,25,1.34,0.9,2.24
621,True,True,,,611975,0,0,-1,1,0,4,-0.5,-0.5,0,Ahmed,0.0,562,False,,,44,611975.jpg,0.0,False,Abdullahi,0.4,False,,a,17,56,0,12816,43,31670,31,0.0,0.0,Abdullahi,157.0,2024-08-31,2004-06-19,False,p611975,0,0,0,0,0,0,0,0,0,0,0,0,0,0.0,0.0,0.0,0.0,0,0,0,0,0,0.00,0.00,0.00,0.00,562,56,549,56,514,54,566,57,,,,,,,0.0,0.0,0.0,0.0,0.0,0.0,598,81,558,57,569,58,257,41,0.0,0.0,0.0
622,True,True,,,551153,0,0,-1,1,0,4,-0.5,-0.5,0,Luís Hemir,0.0,563,False,,,44,551153.jpg,0.0,False,Silva Semedo,0.2,False,,a,17,56,0,5309,24,10216,22,0.0,0.0,Luís Hemir,173.0,2023-07-01,2003-08-11,False,p551153,0,0,0,0,0,0,0,0,0,0,0,0,0,0.0,0.0,0.0,0.0,0,0,0,0,0,0.00,0.00,0.00,0.00,551,51,538,51,503,49,555,52,,,,,,,0.0,0.0,0.0,0.0,0.0,0.0,587,76,547,52,558,53,390,58,0.0,0.0,0.0
623,True,False,0.0,0.0,440955,0,0,-1,1,0,4,0.0,0.0,0,Nazarii,0.0,564,False,has joined Arka on loan for the rest of the season.,2025-09-05T08:56:38.449926Z,44,440955.jpg,0.0,False,Rusyn,0.1,False,,u,17,56,0,3530,0,13450,16,0.0,0.0,Rusyn,225.0,2023-09-01,1998-10-25,False,p440955,0,0,0,0,0,0,0,0,0,0,0,0,0,0.0,0.0,0.0,0.0,0,0,0,0,0,0.00,0.00,0.00,0.00,525,45,512,45,473,43,529,46,,,,,,,0.0,0.0,0.0,0.0,0.0,0.0,550,69,521,46,533,47,414,61,0.0,0.0,0.0
624,True,True,,,84450,0,0,0,0,0,3,2.7,2.7,0,Granit,3.2,668,False,,,50,84450.jpg,4.0,False,Xhaka,2.8,False,,a,17,56,16,120685,234,126105,243,0.6,3.2,Xhaka,207.0,2025-07-30,1992-09-27,False,p84450,360,0,1,2,3,0,0,0,1,0,0,0,72,94.8,86.4,5.0,18.6,24,18,6,48,4,0.05,0.31,0.36,4.53,34,13,24,21,268,149,48,32,1.0,,1.0,,,,0.01,0.0,0.08,0.09,1.13,0.75,244,150,69,24,90,33,105,37,1.0,0.5,12.0
625,True,True,,,498016,0,0,0,0,1,1,4.3,4.3,0,Robin,4.8,670,False,,,45,498016.jpg,6.8,False,Roefs,2.1,False,,a,17,56,27,226406,524,66866,84,1.1,6.0,Roefs,152.0,2025-08-01,2003-01-17,False,p498016,360,0,0,2,3,0,1,0,1,0,13,4,93,124.8,0.0,0.0,12.4,5,42,0,0,4,0.00,0.00,0.00,4.53,9,2,590,73,561,68,114,2,,,,,,,0.0,3.25,0.0,0.0,1.13,0.75,457,30,25,3,17,2,123,17,1.0,0.5,0.0
626,True,True,100.0,100.0,105717,0,0,0,0,0,2,-0.5,-0.5,0,Arthur,0.0,678,False,,2025-08-11T13:51:46.232630Z,40,105717.jpg,0.0,False,Masuaku,0.6,False,,a,17,56,0,13526,12,23942,33,0.0,0.0,Masuaku,50.0,2025-08-10,1993-11-07,False,p105717,0,0,0,0,0,0,0,0,0,0,0,0,0,0.0,0.0,0.0,0.0,0,0,0,0,0,0.00,0.00,0.00,0.00,416,158,402,156,357,134,420,158,,,,,,,0.0,0.0,0.0,0.0,0.0,0.0,616,159,412,154,426,158,221,80,0.0,0.0,0.0
627,True,True,,,201895,0,0,0,0,0,2,3.0,3.0,0,Omar,3.5,683,False,,,40,201895.jpg,4.5,False,Alderete,1.7,False,,a,17,56,18,110218,375,45472,57,0.9,4.5,Alderete,168.0,2025-08-12,1996-12-26,False,p201895,307,0,1,1,3,0,0,0,0,0,0,1,67,105.2,21.8,19.0,14.6,28,16,7,35,3,0.11,0.17,0.28,4.20,23,7,164,42,166,35,80,20,,,,,,,0.03,0.0,0.05,0.08,1.23,0.88,629,165,57,26,65,30,140,54,0.88,0.29,10.26
628,True,True,,,200834,0,0,0,0,1,2,3.0,3.0,0,Nordi,3.5,694,False,,,40,200834.jpg,7.0,False,Mukiele,0.7,False,,a,17,56,14,66896,317,17566,36,0.9,3.5,Mukiele,73.0,2025-08-17,1997-11-01,False,p200834,180,0,0,1,1,0,0,0,0,0,0,2,50,50.8,11.5,6.0,6.8,19,3,7,26,2,0.07,0.05,0.12,2.97,129,59,240,78,254,78,212,68,,,,,,,0.04,0.0,0.02,0.06,1.48,0.5,628,164,56,25,14,7,211,76,1.0,0.5,13.0
629,True,True,,,247955,0,0,0,0,0,2,0.0,0.0,0,Lutsharel,0.5,724,False,,,45,247955.jpg,1.0,False,Geertruida,0.0,False,,a,17,56,1,1059,6,339,1,0.1,0.2,Geertruida,152.0,2025-09-01,2000-07-18,False,p247955,6,0,0,0,0,0,0,0,0,0,0,0,4,1.0,0.0,0.0,0.1,0,1,0,0,0,0.00,0.00,0.00,0.38,381,136,569,228,537,217,388,137,,,,,,,0.0,0.0,0.0,0.0,5.7,0.0,424,93,302,104,325,120,685,230,0.0,0.0,0.0
630,True,True,,,441264,0,0,0,0,0,4,0.0,0.0,0,Brian,0.5,730,False,,,55,441264.jpg,1.0,False,Brobbey,0.1,False,,a,17,56,1,7853,35,1965,9,0.1,0.2,Brobbey,152.0,2025-09-01,2002-02-01,False,p441264,21,0,0,0,0,0,0,0,0,0,0,0,4,1.0,0.1,0.0,0.1,1,1,0,2,0,0.00,0.00,0.00,0.93,384,42,370,42,716,73,391,43,,,,,,,0.0,0.0,0.0,0.0,3.99,0.0,155,37,327,32,369,38,552,72,0.0,0.0,8.57
631,True,True,,,110504,0,0,0,0,0,3,-0.5,-0.5,0,Bertrand,0.0,735,False,,,55,110504.jpg,0.0,False,Traoré,0.0,False,,a,17,56,0,675,4,241,2,0.0,0.0,Traoré,35.0,2025-09-01,1995-09-06,False,p110504,0,0,0,0,0,0,0,0,0,0,0,0,0,0.0,0.0,0.0,0.0,0,0,0,0,0,0.00,0.00,0.00,0.00,713,311,712,312,707,312,714,312,,,,,,,0.0,0.0,0.0,0.0,0.0,0.0,132,85,712,311,714,312,699,302,0.0,0.0,0.0
632,True,True,,,184254,0,0,1,-1,0,1,5.0,5.0,0,Guglielmo,5.0,565,True,,,51,184254.jpg,7.2,False,Vicario,11.4,False,,a,18,6,29,868384,1855,232263,349,1.0,5.7,Vicario,106.0,2023-07-01,1996-10-07,False,p184254,360,0,0,3,1,0,0,0,0,0,17,5,128,137.0,0.1,0.0,13.7,4,35,0,0,4,0.00,0.01,0.01,4.68,6,1,366,6,680,81,86,1,,,,,,,0.0,4.25,0.0,0.0,1.17,0.25,235,6,19,2,11,1,38,6,1.0,0.75,0.0
633,True,True,,,214572,0,0,0,0,0,1,0.0,0.0,0,Brandon,0.0,566,False,,,40,214572.jpg,0.0,False,Austin,0.3,False,,a,18,6,0,2374,5,7859,12,0.0,0.0,Austin,241.0,2017-07-22,1999-01-08,False,p214572,0,0,0,0,0,0,0,0,0,0,0,0,0,0.0,0.0,0.0,0.0,0,0,0,0,0,0.00,0.00,0.00,0.00,429,41,416,26,371,19,433,41,,,,,,,0.0,0.0,0.0,0.0,0.0,0.0,633,57,425,40,439,41,326,49,0.0,0.0,0.0
634,True,True,,,485055,0,0,0,0,0,1,0.0,0.0,0,Antonín,0.0,567,False,,,40,485055.jpg,0.0,False,Kinský,1.5,False,,a,18,6,0,7322,8,58343,82,0.0,0.0,Kinsky,57.0,2025-01-05,2003-03-13,False,p485055,0,0,0,0,0,0,0,0,0,0,0,0,0,0.0,0.0,0.0,0.0,0,0,0,0,0,0.00,0.00,0.00,0.00,459,58,446,43,402,36,463,58,,,,,,,0.0,0.0,0.0,0.0,0.0,0.0,670,74,454,57,468,58,151,22,0.0,0.0,0.0
635,True,True,,,441164,0,0,1,-1,0,2,3.8,3.8,0,Pedro,3.8,568,False,,,56,441164.jpg,5.2,False,Porro Sauceda,25.2,False,,a,18,6,21,923058,1365,571004,1810,0.7,3.8,Pedro Porro,200.0,2023-07-01,1999-09-13,False,p441164,340,0,0,3,1,0,0,0,1,0,0,0,91,75.6,113.1,17.0,20.7,19,16,8,27,4,0.11,0.78,0.89,4.65,72,32,12,2,186,44,37,3,1.0,,2.0,,,,0.03,0.0,0.21,0.24,1.23,0.26,127,13,53,24,48,24,13,4,1.06,0.79,7.15
636,True,True,,,221632,0,0,1,-1,1,2,5.2,5.2,0,Cristian,5.2,569,False,,,51,221632.jpg,6.8,False,Romero,6.7,False,,a,18,6,27,432909,1664,157358,229,1.0,5.3,Romero,10.0,2022-08-30,1998-04-27,False,p221632,360,0,1,3,1,0,0,0,1,0,0,3,106,94.2,24.3,43.0,16.1,19,18,6,25,4,0.07,0.17,0.24,4.68,38,12,155,40,73,7,67,14,,,,,,,0.02,0.0,0.04,0.06,1.17,0.25,236,34,13,6,19,11,60,23,1.0,0.75,6.25
637,True,True,,,135720,0,0,-2,2,0,2,0.5,0.5,0,Kevin,0.5,570,False,,,43,135720.jpg,1.0,False,Danso,0.1,False,,a,18,6,2,5468,73,14005,20,0.1,0.5,Danso,14.0,2025-07-01,1998-09-19,False,p135720,11,0,0,0,0,0,0,0,0,0,0,0,7,6.2,0.8,0.0,0.7,2,0,0,2,0,0.00,0.00,0.00,0.00,337,128,343,123,448,187,367,130,,,,,,,0.0,0.0,0.0,0.0,0.0,0.0,603,156,290,95,310,109,407,151,0.0,0.0,16.36
638,True,True,,,115556,0,0,-1,1,0,2,0.0,0.0,0,Ben,0.0,571,False,,,44,115556.jpg,0.0,False,Davies,0.1,False,,a,18,6,0,1689,2,5054,6,0.0,0.0,Davies,244.0,2014-07-23,1993-04-24,False,p115556,0,0,0,0,0,0,0,0,0,0,0,0,0,0.0,0.0,0.0,0.0,0,0,0,0,0,0.00,0.00,0.00,0.00,513,213,500,212,459,194,517,213,,,,,,,0.0,0.0,0.0,0.0,0.0,0.0,526,124,508,208,521,211,488,182,0.0,0.0,0.0
639,True,True,0.0,0.0,493125,0,0,0,0,0,2,0.0,0.0,0,Radu,0.0,572,False,Knee injury - Unknown return date,2025-07-21T10:00:05.088977Z,45,493125.jpg,0.0,False,Drăgușin,0.0,False,,i,18,6,0,189,0,321,1,0.0,0.0,Dragusin,177.0,2024-01-11,2002-02-03,False,p493125,0,0,0,0,0,0,0,0,0,0,0,0,0,0.0,0.0,0.0,0.0,0,0,0,0,0,0.00,0.00,0.00,0.00,593,230,587,230,558,220,597,230,,,,,,,0.0,0.0,0.0,0.0,0.0,0.0,452,102,591,226,600,227,718,241,0.0,0.0,0.0
640,True,True,,,232859,0,0,0,0,0,2,3.0,3.0,0,Djed,3.0,573,False,,,45,232859.jpg,4.5,False,Spence,2.5,False,,a,18,6,18,214377,369,81858,114,0.7,4.0,Spence,241.0,2022-07-19,2000-08-09,False,p232859,340,0,0,3,1,0,0,0,2,0,0,0,63,39.4,31.8,26.0,9.7,11,14,2,13,4,0.18,0.12,0.30,4.68,167,70,113,26,129,25,156,56,,,,,,,0.05,0.0,0.03,0.08,1.24,0.26,420,90,79,35,68,33,114,46,1.06,0.79,3.44
641,True,True,100.0,100.0,487053,0,0,-1,1,0,2,0.5,0.5,0,Destiny,0.5,574,False,,2025-08-10T23:30:07.244451Z,44,487053.jpg,1.0,False,Udogie,0.5,False,,a,18,6,2,15311,59,53164,36,0.1,0.5,Udogie,106.0,2022-08-16,2002-11-28,False,p487053,38,0,0,0,0,0,0,0,0,0,0,0,11,7.4,13.5,12.0,3.3,1,1,2,3,0,0.02,0.07,0.09,0.03,329,125,221,71,207,54,305,102,,,,,,,0.05,0.0,0.17,0.22,0.07,0.0,559,146,296,100,318,116,247,91,0.0,0.0,7.11
642,True,True,,,491279,0,0,2,-2,1,2,5.2,5.2,0,Micky,5.2,575,False,,,47,491279.jpg,6.8,False,van de Ven,32.7,False,,a,18,6,27,1217616,4323,474911,285,1.1,5.7,Van de Ven,152.0,2023-08-08,2001-04-19,False,p491279,349,1,0,3,1,0,0,0,1,0,0,2,104,94.2,14.8,37.0,14.6,21,15,3,24,4,0.68,0.02,0.70,4.68,37,11,214,67,89,12,81,21,,,,,,,0.18,0.0,0.01,0.19,1.21,0.26,385,67,12,5,18,10,6,1,1.03,0.77,6.19
643,True,False,0.0,0.0,548308,0,0,0,0,0,2,0.0,0.0,0,Ashley,0.0,576,False,Has joined Stoke City on loan for the rest of the season.,2025-07-25T14:55:41.438809Z,40,548308.jpg,0.0,False,Phillips,0.0,False,,u,18,6,0,0,0,1460,0,0.0,0.0,Phillips,241.0,2023-08-05,2005-06-26,False,p548308,0,0,0,0,0,0,0,0,0,0,0,0,0,0.0,0.0,0.0,0.0,0,0,0,0,0,0.00,0.00,0.00,0.00,481,191,468,190,425,170,485,191,,,,,,,0.0,0.0,0.0,0.0,0.0,0.0,696,207,476,186,490,190,665,225,0.0,0.0,0.0
644,True,True,0.0,0.0,553299,0,0,0,0,0,2,0.0,0.0,0,Takai,0.0,577,False,Foot injury - Expected back 27 Sep,2025-08-10T23:30:07.262578Z,40,553299.jpg,0.0,False,Kōta,0.1,False,,i,18,6,0,338,1,5650,7,0.0,0.0,Takai,108.0,2025-07-08,2004-09-04,False,p553299,0,0,0,0,0,0,0,0,0,0,0,0,0,0.0,0.0,0.0,0.0,0,0,0,0,0,0.00,0.00,0.00,0.00,485,193,472,192,429,172,489,193,,,,,,,0.0,0.0,0.0,0.0,0.0,0.0,700,209,480,188,494,192,534,196,0.0,0.0,0.0
645,True,False,0.0,0.0,610799,0,0,-1,1,0,2,0.0,0.0,0,Luka,0.0,578,False,has joined Hamburger SV on loan for the rest of the season.,2025-09-02T13:17:42.706711Z,39,610799.jpg,0.0,False,Vušković,0.6,False,,u,18,6,0,7334,0,60242,124,0.0,0.0,Vuskovic,97.0,2025-06-01,2007-02-24,False,p610799,0,0,0,0,0,0,0,0,0,0,0,0,0,0.0,0.0,0.0,0.0,0,0,0,0,0,0.00,0.00,0.00,0.00,406,156,390,154,344,131,410,156,,,,,,,0.0,0.0,0.0,0.0,0.0,0.0,739,244,402,152,416,156,224,82,0.0,0.0,0.0
646,True,False,0.0,0.0,85971,0,0,0,0,0,3,0.0,0.0,0,Son,0.0,579,False,Has joined Los Angeles FC permanently.,2025-08-11T01:22:33.649224Z,85,85971.jpg,0.0,False,Heung-min,0.1,False,,u,18,6,0,0,0,23452,7,0.0,0.0,Son,114.0,2015-08-28,1992-07-08,False,p85971,0,0,0,0,0,0,0,0,0,0,0,0,0,0.0,0.0,0.0,0.0,0,0,0,0,0,0.00,0.00,0.00,0.00,739,328,739,328,739,328,739,328,,,,,,,0.0,0.0,0.0,0.0,0.0,0.0,10,5,738,327,739,328,411,138,0.0,0.0,0.0
647,True,True,,,242898,0,0,1,-1,0,3,2.8,2.8,0,Brennan,2.8,580,False,,,71,242898.jpg,4.8,False,Johnson,7.8,False,,a,18,6,19,1045434,327,580519,1680,0.4,2.7,Johnson,244.0,2023-09-01,2001-05-23,False,p242898,219,2,0,2,1,0,0,0,1,0,0,2,65,86.8,44.3,48.0,18.0,4,6,5,15,3,0.90,0.15,1.05,3.59,51,17,85,59,64,40,51,34,,,,,,,0.37,0.0,0.06,0.43,1.48,0.41,31,18,100,38,61,20,54,16,1.23,0.82,6.16
648,True,True,0.0,0.0,172780,0,0,-1,1,0,3,0.0,0.0,0,James,0.0,581,False,Anterior cruciate ligament - Unknown return date,2025-08-08T13:57:59.638052Z,69,172780.jpg,0.0,False,Maddison,0.1,False,,i,18,6,0,515,1,19996,12,0.0,0.0,Maddison,241.0,2023-06-28,1996-11-23,False,p172780,0,0,0,0,0,0,0,0,0,0,0,0,0,0.0,0.0,0.0,0.0,0,0,0,0,0,0.00,0.00,0.00,0.00,734,325,734,325,734,325,734,325,4.0,,1.0,,,,0.0,0.0,0.0,0.0,0.0,0.0,44,28,732,324,734,325,419,141,0.0,0.0,0.0
649,True,True,,,460842,0,0,1,-1,1,3,2.0,2.0,0,Mohammed,2.0,582,False,,,66,460842.jpg,4.5,False,Kudus,31.1,False,,a,18,6,18,1604200,1166,937466,2648,0.3,2.7,Kudus,81.0,2025-07-10,2000-08-02,False,p460842,349,0,2,3,1,0,0,0,0,0,0,1,59,81.8,145.1,57.0,28.3,0,14,8,22,4,0.53,0.86,1.39,4.68,58,20,6,6,56,34,11,8,2.0,,,,,,0.14,0.0,0.22,0.36,1.21,0.26,50,33,157,64,72,24,7,3,1.03,0.77,5.67
650,True,True,0.0,0.0,445044,0,0,-1,1,0,3,0.0,0.0,0,Dejan,0.0,583,False,Knee injury - Unknown return date,2025-07-21T10:00:05.109205Z,64,445044.jpg,0.0,False,Kulusevski,0.0,False,,i,18,6,0,266,1,1193,0,0.0,0.0,Kulusevski,206.0,2023-07-01,2000-04-25,False,p445044,0,0,0,0,0,0,0,0,0,0,0,0,0,0.0,0.0,0.0,0.0,0,0,0,0,0,0.00,0.00,0.00,0.00,730,324,730,324,730,324,730,324,,,,,,,0.0,0.0,0.0,0.0,0.0,0.0,68,47,728,323,730,324,680,292,0.0,0.0,0.0
651,True,True,,,511499,0,0,-2,2,0,3,1.0,1.0,0,Mathys,1.0,584,False,,,63,511499.jpg,1.7,False,Tel,0.1,False,,a,18,6,5,4338,11,10544,20,0.2,0.8,Tel,73.0,2025-07-01,2005-04-27,False,p511499,97,0,0,1,0,0,0,0,0,0,0,0,9,5.4,3.4,9.0,1.8,0,3,3,6,1,0.07,0.00,0.07,0.60,343,163,310,167,232,131,341,168,5.0,,4.0,,4.0,,0.06,0.0,0.0,0.06,0.56,0.0,81,56,248,121,266,131,472,159,0.93,0.93,5.57
652,True,True,,,202993,0,0,-1,1,0,3,1.2,1.2,0,Rodrigo,1.2,585,False,,,54,202993.jpg,2.0,False,Bentancur,0.1,False,,a,18,6,6,5118,14,11016,35,0.2,1.1,Bentancur,230.0,2022-01-31,1997-06-25,False,p202993,199,0,0,1,1,0,0,0,0,0,0,0,37,24.2,18.0,2.0,4.5,4,16,4,24,2,0.00,0.02,0.02,3.18,237,105,191,123,315,170,273,136,,,,,,,0.0,0.0,0.01,0.01,1.44,0.45,182,113,215,103,238,114,415,140,0.9,0.45,10.85
653,True,True,,,570526,0,0,-1,1,1,3,3.2,3.2,0,Lucas,3.2,586,False,,,54,570526.jpg,4.0,False,Bergvall,0.5,False,,a,18,6,16,43957,287,12360,40,0.6,3.0,Bergvall,206.0,2024-07-01,2006-02-02,False,p570526,198,1,1,2,0,0,0,0,0,0,0,0,60,78.8,29.4,77.0,18.6,4,5,5,14,2,0.30,0.13,0.43,1.84,68,22,124,85,31,18,49,33,,,,,,,0.14,0.0,0.06,0.2,0.84,0.0,211,133,74,26,93,35,248,86,0.91,0.91,6.36
654,True,True,0.0,0.0,227127,0,0,-2,2,0,3,0.0,0.0,0,Yves,0.0,587,False,Knock - Unknown return date,2025-08-22T13:47:04.343594Z,53,227127.jpg,0.0,False,Bissouma,0.1,False,,i,18,6,0,814,3,11629,9,0.0,0.0,Bissouma,132.0,2022-06-17,1996-08-30,False,p227127,0,0,0,0,0,0,0,0,0,0,0,0,0,0.0,0.0,0.0,0.0,0,0,0,0,0,0.00,0.00,0.00,0.00,700,303,700,304,684,299,701,304,,,,,,,0.0,0.0,0.0,0.0,0.0,0.0,223,141,697,301,702,304,571,215,0.0,0.0,0.0
655,True,True,,,550839,0,0,-1,1,0,3,0.8,0.8,0,Wilson,0.8,588,False,,,54,550839.jpg,1.0,False,Odobert,0.0,False,,a,18,6,4,787,3,2527,5,0.1,0.7,Odobert,73.0,2024-08-16,2004-11-28,False,p550839,69,0,0,0,0,0,0,0,0,0,0,0,13,8.8,15.4,29.0,5.4,1,4,1,6,0,0.30,0.04,0.34,0.48,318,152,211,128,113,69,249,123,,,,,,,0.39,0.0,0.05,0.44,0.63,0.0,210,132,272,134,366,177,625,258,0.0,0.0,7.83
656,True,False,0.0,0.0,235674,0,0,-1,1,0,3,0.0,0.0,0,Manor,0.0,589,False,has joined Villarreal CF on loan for the rest of the season.,2025-09-02T13:17:42.731308Z,54,235674.jpg,0.0,False,Solomon,0.0,False,,u,18,6,0,115,0,1221,4,0.0,0.0,Solomon,105.0,2023-07-11,1999-07-24,False,p235674,0,0,0,0,0,0,0,0,0,0,0,0,0,0.0,0.0,0.0,0.0,0,0,0,0,0,0.00,0.00,0.00,0.00,706,306,706,307,694,304,707,307,,,,,,,0.0,0.0,0.0,0.0,0.0,0.0,189,117,704,304,708,307,696,299,0.0,0.0,0.0
657,True,True,,,436234,0,0,-1,1,0,3,0.0,0.0,0,Bryan,0.0,590,False,,,49,436234.jpg,0.0,False,Gil Salvatierra,0.0,False,,a,18,6,0,638,2,2573,4,0.0,0.0,Bryan,200.0,2021-07-26,2001-02-11,False,p436234,0,0,0,0,0,0,0,0,0,0,0,0,0,0.0,0.0,0.0,0.0,0,0,0,0,0,0.00,0.00,0.00,0.00,663,277,657,278,633,270,665,279,,,,,,,0.0,0.0,0.0,0.0,0.0,0.0,347,216,661,276,667,280,590,231,0.0,0.0,0.0
658,True,True,,,547701,0,0,-1,1,0,3,0.0,0.0,0,Archie,0.0,591,False,,,49,547701.jpg,3.0,False,Gray,0.1,False,,a,18,6,3,3019,13,8253,15,0.0,0.6,Gray,241.0,2024-07-02,2006-03-12,False,p547701,70,0,0,1,0,0,0,0,0,0,0,0,13,3.6,3.0,2.0,0.9,2,5,1,8,1,0.00,0.05,0.05,0.89,356,172,314,169,312,167,364,177,,,,,,,0.0,0.0,0.06,0.06,1.14,0.0,367,230,669,281,157,60,456,152,1.29,1.29,10.29
659,True,False,0.0,0.0,499721,0,0,0,0,0,3,0.0,0.0,0,Mikey,0.0,592,False,Has joined Rangers on loan for the rest of the season.,2025-08-11T01:19:38.328172Z,50,499721.jpg,0.0,False,Moore,0.0,False,,u,18,6,0,0,0,581,1,0.0,0.0,Moore,241.0,2024-05-01,2007-08-11,False,p499721,0,0,0,0,0,0,0,0,0,0,0,0,0,0.0,0.0,0.0,0.0,0,0,0,0,0,0.00,0.00,0.00,0.00,691,299,691,300,673,294,692,300,,,,,,,0.0,0.0,0.0,0.0,0.0,0.0,293,179,688,297,693,300,721,316,0.0,0.0,0.0
660,True,True,,,482442,0,0,0,0,0,3,3.2,3.2,0,Pape Matar,3.2,593,False,,,50,482442.jpg,4.8,False,Sarr,3.2,False,,a,18,6,19,238329,721,170946,230,0.6,3.8,P.M.Sarr,189.0,2021-08-27,2002-09-14,False,p482442,345,1,1,3,1,0,0,0,0,0,0,0,74,81.2,25.5,68.0,17.5,11,17,4,32,4,0.31,0.26,0.57,4.68,59,21,146,99,37,21,54,36,,,,,,,0.08,0.0,0.07,0.15,1.22,0.26,287,174,72,25,58,18,99,34,1.04,0.78,8.35
661,True,False,0.0,0.0,623095,0,0,0,0,0,3,0.0,0.0,0,Yang,0.0,594,False,Has joined Portsmouth on loan for the rest of the season.,2025-08-11T01:24:33.782871Z,45,623095.jpg,0.0,False,Min-hyeok,0.0,False,,u,18,6,0,0,0,2233,1,0.0,0.0,Min-hyeok,114.0,2025-01-01,2006-04-16,False,p623095,0,0,0,0,0,0,0,0,0,0,0,0,0,0.0,0.0,0.0,0.0,0,0,0,0,0,0.00,0.00,0.00,0.00,634,259,629,262,600,250,637,262,,,,,,,0.0,0.0,0.0,0.0,0.0,0.0,508,299,632,259,640,265,662,282,0.0,0.0,0.0
662,True,True,,,499726,0,0,-1,1,0,3,0.0,0.0,0,Callum,0.0,595,False,,,44,499726.jpg,0.0,False,Olusesi,0.2,False,,a,18,6,0,8279,35,10905,28,0.0,0.0,Olusesi,241.0,2024-11-06,2007-03-11,False,p499726,0,0,0,0,0,0,0,0,0,0,0,0,0,0.0,0.0,0.0,0.0,0,0,0,0,0,0.00,0.00,0.00,0.00,536,194,523,197,487,184,540,197,,,,,,,0.0,0.0,0.0,0.0,0.0,0.0,569,314,533,194,544,202,356,121,0.0,0.0,0.0
663,True,True,0.0,0.0,154566,0,0,-3,3,0,4,0.0,0.0,0,Dominic,0.2,596,False,Ankle injury - Expected back 27 Sep,2025-09-12T16:30:09.183639Z,72,154566.jpg,1.0,False,Solanke-Mitchell,1.4,False,,i,18,6,2,27614,5,391672,407,0.0,0.3,Solanke,241.0,2024-08-10,1997-09-14,False,p154566,31,0,0,0,0,0,0,0,0,0,0,0,10,6.0,0.3,25.0,3.1,2,0,1,3,0,0.20,0.00,0.20,0.22,340,27,360,39,136,30,316,30,,,,,2.0,,0.58,0.0,0.0,0.58,0.64,0.0,30,13,384,43,385,43,161,26,0.0,0.0,8.71
664,True,True,,,212319,0,0,2,-2,1,4,1.8,1.8,0,Richarlison,1.8,597,False,,,67,212319.jpg,5.0,False,de Andrade,13.1,False,,a,18,6,20,1563550,1280,677241,1882,0.3,3.0,Richarlison,30.0,2022-07-01,1997-05-10,False,p212319,257,2,1,2,1,0,0,0,1,0,0,3,90,104.8,33.4,115.0,25.3,9,6,2,17,3,0.88,0.13,1.01,3.85,24,4,106,8,7,4,18,4,,,,,3.0,,0.31,0.0,0.05,0.36,1.35,0.35,48,17,180,15,52,5,31,7,1.05,0.7,5.95
665,True,False,0.0,0.0,552427,0,0,0,0,0,4,0.0,0.0,0,Will,0.0,598,False,Has joined Oxford United on loan for the rest of the season.,2025-08-11T01:18:54.659436Z,45,552427.jpg,0.0,False,Lankshear,0.0,False,,u,18,6,0,0,0,4052,4,0.0,0.0,Lankshear,241.0,2022-12-08,2005-04-20,False,p552427,0,0,0,0,0,0,0,0,0,0,0,0,0,0.0,0.0,0.0,0.0,0,0,0,0,0,0.00,0.00,0.00,0.00,608,57,603,57,575,55,612,58,,,,,,,0.0,0.0,0.0,0.0,0.0,0.0,476,60,608,58,617,59,619,75,0.0,0.0,0.0
666,True,True,,,490145,0,0,-1,1,0,4,0.0,0.0,0,Dane,0.0,599,False,,,44,490145.jpg,0.0,False,Scarlett,0.7,False,,a,18,6,0,23513,100,47475,83,0.0,0.0,Scarlett,241.0,2020-08-21,2004-03-24,False,p490145,0,0,0,0,0,0,0,0,0,0,0,0,0,0.0,0.0,0.0,0.0,0,0,0,0,0,0.00,0.00,0.00,0.00,530,46,517,46,481,44,534,47,,,,,,,0.0,0.0,0.0,0.0,0.0,0.0,561,70,527,47,538,48,209,36,0.0,0.0,0.0
667,True,True,,,154296,0,0,0,0,0,3,3.8,3.8,0,João Maria,3.8,673,False,,,55,154296.jpg,4.0,False,Lobo Alves Palhares Costa Palhinha Gonçalves,0.8,False,,a,18,6,16,76203,127,44703,137,0.7,2.9,J.Palhinha,173.0,2025-08-03,1995-07-09,False,p154296,243,1,0,2,1,0,0,0,0,0,0,3,57,71.0,8.7,39.0,11.9,5,5,12,22,3,0.36,0.04,0.40,3.43,87,28,265,149,83,51,120,65,,,,,,,0.13,0.0,0.01,0.14,1.27,0.37,137,87,52,18,94,36,192,66,1.11,0.74,8.15
668,True,True,,,493362,0,0,0,0,0,3,3.0,3.0,0,Xavi,3.0,717,False,,,70,493362.jpg,6.0,False,Simons,3.6,False,,a,18,6,6,464755,2262,63339,384,0.4,0.9,Xavi,152.0,2025-08-29,2003-04-21,False,p493362,70,0,1,1,0,0,0,0,0,0,0,0,23,18.4,19.7,1.0,3.9,0,2,1,3,1,0.03,0.08,0.11,0.60,265,123,180,118,324,173,288,148,,,,,,,0.04,0.0,0.1,0.14,0.77,0.0,41,25,89,34,32,9,90,29,1.29,1.29,3.86
669,True,True,,,247693,0,0,0,0,0,4,0.0,0.0,0,Randal,0.0,726,False,,,70,247693.jpg,0.0,False,Kolo Muani,0.3,False,,a,18,6,0,31776,155,11441,84,0.0,0.0,Kolo Muani,73.0,2025-09-01,1998-12-05,False,p247693,0,0,0,0,0,0,0,0,0,0,0,0,0,0.0,0.0,0.0,0.0,0,0,0,0,0,0.00,0.00,0.00,0.00,736,79,736,79,736,79,736,79,,,,,,,0.0,0.0,0.0,0.0,0.0,0.0,36,14,734,78,736,79,320,53,0.0,0.0,0.0
670,True,True,100.0,100.0,223434,0,0,0,0,0,2,0.0,0.0,0,Igor Julio,0.0,149,False,,2025-08-10T18:00:05.419085Z,45,223434.jpg,0.0,False,dos Santos de Paulo,0.1,False,,a,19,21,0,1618,12,2413,9,0.0,0.0,Igor,30.0,2025-09-01,1998-02-07,False,p223434,0,0,0,0,0,0,0,0,0,0,0,0,0,0.0,0.0,0.0,0.0,0,0,0,0,0,0.00,0.00,0.00,0.00,574,227,565,226,533,215,578,227,,,,,,,0.0,0.0,0.0,0.0,0.0,0.0,416,87,571,223,581,224,562,204,0.0,0.0,0.0
671,True,True,,,84182,0,0,-1,1,0,1,0.0,0.0,0,Alphonse,0.0,600,False,,,44,84182.jpg,0.0,False,Areola,2.5,False,,a,19,21,0,17579,40,229152,211,0.0,0.0,Areola,73.0,2022-07-01,1993-02-27,False,p84182,0,0,0,0,0,0,0,0,0,0,0,0,0,0.0,0.0,0.0,0.0,0,0,0,0,0,0.00,0.00,0.00,0.00,507,72,494,57,452,50,511,72,,,,,,,0.0,0.0,0.0,0.0,0.0,0.0,517,32,502,71,514,72,113,14,0.0,0.0,0.0
672,True,False,0.0,0.0,82143,0,0,0,0,0,1,0.0,0.0,0,Wes,0.0,601,False,has joined Aris Limassol permanently.,2025-09-11T13:43:36.667461Z,40,82143.jpg,0.0,False,Foderingham,0.4,False,,u,19,21,0,3874,0,19363,54,0.0,0.0,Foderingham,241.0,2024-07-01,1991-01-14,False,p82143,0,0,0,0,0,0,0,0,0,0,0,0,0,0.0,0.0,0.0,0.0,0,0,0,0,0,0.00,0.00,0.00,0.00,413,30,399,15,354,8,417,30,,,,,,,0.0,0.0,0.0,0.0,0.0,0.0,613,46,409,29,423,30,253,34,0.0,0.0,0.0
673,True,True,,,483364,0,0,0,0,0,1,0.0,0.0,0,Krisztián,0.0,602,False,,,40,483364.jpg,0.0,False,Hegyi,0.2,False,,a,19,21,0,1699,6,5331,17,0.0,0.0,Hegyi,98.0,2022-08-24,2002-09-24,False,p483364,0,0,0,0,0,0,0,0,0,0,0,0,0,0.0,0.0,0.0,0.0,0,0,0,0,0,0.00,0.00,0.00,0.00,458,57,445,42,401,35,462,57,,,,,,,0.0,0.0,0.0,0.0,0.0,0.0,669,73,453,56,467,57,331,50,0.0,0.0,0.0
674,True,True,,,613804,0,0,-1,1,0,2,3.5,3.5,0,El Hadji Malick,3.5,603,False,,,44,613804.jpg,3.8,False,Diouf,4.6,False,,a,19,21,15,66570,176,319549,754,0.8,3.4,Diouf,189.0,2025-07-15,2004-12-28,False,p613804,360,0,2,1,11,0,0,0,0,0,0,1,36,93.4,64.3,31.0,18.9,20,12,4,24,4,0.17,0.24,0.41,5.44,42,15,56,11,103,15,47,7,,,,,,,0.04,0.0,0.06,0.1,1.36,2.75,599,154,58,27,101,41,77,30,1.0,0.25,6.0
675,True,False,0.0,0.0,109533,0,0,-1,1,0,2,0.0,0.0,0,Emerson,0.0,604,False,has joined Marseille permanently.,2025-09-02T13:30:06.113081Z,44,109533.jpg,0.0,False,Palmieri dos Santos,0.1,False,,u,19,21,0,1719,0,15659,32,0.0,0.0,Emerson,106.0,2022-08-23,1994-08-03,False,p109533,0,0,0,0,0,0,0,0,0,0,0,0,0,0.0,0.0,0.0,0.0,0,0,0,0,0,0.00,0.00,0.00,0.00,509,210,496,209,455,191,513,210,3.0,,3.0,,,,0.0,0.0,0.0,0.0,0.0,0.0,521,120,504,205,517,208,484,181,0.0,0.0,0.0
676,True,True,,,214048,0,0,-1,1,0,2,1.8,1.8,0,Maximilian,1.8,605,False,,,44,214048.jpg,1.8,False,Kilman,0.2,False,,a,19,21,7,5723,7,17145,14,0.4,1.6,Kilman,241.0,2024-07-05,1997-05-23,False,p214048,360,0,0,1,11,0,0,0,1,0,0,0,12,69.6,17.0,14.0,10.0,27,11,4,31,4,0.39,0.03,0.42,5.44,90,39,199,57,198,48,148,51,,,,,,,0.1,0.0,0.01,0.11,1.36,2.75,533,130,161,65,252,87,361,129,1.0,0.25,7.75
677,True,True,,,233963,0,0,-1,1,0,2,2.2,2.2,0,Konstantinos,2.2,606,False,,,44,233963.jpg,4.5,False,Mavropanos,0.1,False,,a,19,21,9,2449,6,2562,2,0.5,2.0,Mavropanos,83.0,2023-08-22,1997-12-11,False,p233963,180,0,0,1,3,0,0,0,0,0,0,0,26,37.0,1.0,4.0,4.2,17,4,0,17,2,0.06,0.02,0.08,2.02,179,73,339,122,273,88,275,92,,,,,,,0.03,0.0,0.01,0.04,1.01,1.5,543,137,112,46,66,31,543,199,1.0,0.5,8.5
678,True,False,0.0,0.0,210494,0,0,-1,1,0,2,0.0,0.0,0,Nayef,0.5,607,False,has joined Marseille permanently.,2025-09-02T12:20:05.254985Z,44,210494.jpg,1.5,False,Aguerd,0.1,False,,u,19,21,3,1288,0,9563,19,0.1,0.7,N.Aguerd,145.0,2022-06-21,1996-03-30,False,p210494,180,0,0,0,8,0,0,0,0,0,0,0,-1,39.0,3.9,8.0,5.1,14,8,1,15,2,0.10,0.03,0.13,3.42,168,71,304,103,234,70,256,87,,,,,,,0.05,0.0,0.02,0.07,1.71,4.0,532,129,292,97,270,91,533,195,1.0,0.0,7.5
679,True,True,,,536109,0,0,-1,1,0,2,0.0,0.0,0,Ollie,0.0,608,False,,,44,536109.jpg,0.0,False,Scarles,0.0,False,,a,19,21,0,373,3,1659,1,0.0,0.0,Scarles,241.0,2022-10-01,2005-12-12,False,p536109,0,0,0,0,0,0,0,0,0,0,0,0,0,0.0,0.0,0.0,0.0,0,0,0,0,0,0.00,0.00,0.00,0.00,546,221,533,220,498,207,550,221,,,,,,,0.0,0.0,0.0,0.0,0.0,0.0,581,151,543,218,554,219,615,211,0.0,0.0,0.0
680,True,True,,,462116,0,0,-1,1,0,2,0.0,0.0,0,Jean-Clair,0.0,609,False,,,44,462116.jpg,0.5,False,Todibo,0.1,False,,a,19,21,1,2162,9,7276,12,0.0,0.2,Todibo,73.0,2025-07-01,1999-12-30,False,p462116,126,0,0,0,5,0,0,0,0,0,0,0,0,25.2,3.4,0.0,2.9,8,2,3,11,2,0.00,0.01,0.01,2.26,232,91,308,105,478,203,321,109,,,,,,,0.0,0.0,0.01,0.01,1.61,3.57,556,144,525,216,392,134,477,179,1.43,0.0,7.86
681,True,True,0.0,0.0,214590,0,0,-2,2,0,2,0.0,0.0,0,Aaron,0.0,610,False,Abdominal injury - Expected back 29 Sep,2025-09-18T14:00:08.212742Z,43,214590.jpg,0.5,False,Wan-Bissaka,10.8,False,,i,19,21,1,55786,20,1394911,4133,0.0,0.2,Wan-Bissaka,50.0,2024-08-13,1997-11-26,False,p214590,180,0,0,0,8,0,0,0,0,0,0,0,1,34.8,44.5,8.0,8.8,7,8,1,8,2,0.00,0.13,0.13,3.42,195,76,83,19,233,69,171,58,,,,,,,0.0,0.0,0.06,0.06,1.71,4.0,604,157,499,203,391,133,40,13,1.0,0.0,4.0
682,True,False,0.0,0.0,518438,0,0,0,0,0,2,0.0,0.0,0,Kaelan,0.0,611,False,Has joined Swansea City on loan for the rest of the season.,2025-08-11T01:20:17.436361Z,40,518438.jpg,0.0,False,Casey,0.1,False,,u,19,21,0,0,0,8528,10,0.0,0.0,Casey,241.0,2022-11-01,2004-10-28,False,p518438,0,0,0,0,0,0,0,0,0,0,0,0,0,0.0,0.0,0.0,0.0,0,0,0,0,0,0.00,0.00,0.00,0.00,474,185,461,184,417,163,478,185,,,,,,,0.0,0.0,0.0,0.0,0.0,0.0,687,199,469,180,483,184,471,178,0.0,0.0,0.0
683,True,True,,,224024,0,0,-1,1,0,3,5.2,5.2,0,Lucas,5.2,612,False,,,59,224024.jpg,5.8,False,Tolentino Coelho de Lima,4.0,False,,a,19,21,23,437812,913,157982,555,0.9,3.9,L.Paquetá,30.0,2022-08-29,1997-08-27,False,p224024,337,2,0,1,11,0,0,0,0,0,0,2,78,122.4,74.6,62.0,26.0,7,19,8,34,4,1.43,0.23,1.66,4.93,11,4,38,33,45,26,13,10,,,1.0,,1.0,,0.38,0.0,0.06,0.44,1.32,2.94,108,74,15,6,36,11,85,26,1.07,0.27,9.08
684,True,True,0.0,0.0,215439,0,0,-2,2,0,3,0.0,0.0,0,Tomáš,0.8,613,False,Suspended until 20 Oct,2025-09-13T21:30:08.395458Z,58,215439.jpg,1.0,False,Souček,0.3,False,,s,19,21,4,2830,0,65565,135,0.1,0.7,Souček,57.0,2020-07-28,1995-02-27,False,p215439,231,0,0,1,10,0,0,0,0,1,0,0,24,38.0,3.7,58.0,10.1,16,7,4,27,3,0.17,0.00,0.17,3.66,173,69,305,166,52,31,147,75,,,,,,,0.07,0.0,0.0,0.07,1.43,3.9,117,79,278,137,374,182,295,98,1.17,0.39,10.52
685,True,True,,,101178,0,0,-1,1,0,3,1.8,1.8,0,James,1.8,614,False,,,59,101178.jpg,2.2,False,Ward-Prowse,0.3,False,,a,19,21,9,6471,22,23852,35,0.3,1.5,Ward-Prowse,241.0,2023-08-14,1994-11-01,False,p101178,324,0,0,1,9,0,0,0,0,0,0,0,67,46.4,149.7,4.0,20.0,7,8,3,18,4,0.11,0.68,0.79,4.96,142,49,5,5,292,158,41,29,2.0,,2.0,,3.0,,0.03,0.0,0.19,0.22,1.38,2.5,97,65,177,78,215,98,323,110,1.11,0.28,5.0
686,True,True,100.0,100.0,450070,0,0,0,0,0,3,2.2,2.2,0,Crysencio,2.2,615,False,,2025-07-21T10:00:05.129084Z,55,450070.jpg,4.5,False,Summerville,0.1,False,,a,19,21,9,7597,17,2661,5,0.4,1.6,Summerville,152.0,2024-08-03,2001-10-30,False,p450070,68,0,2,0,2,0,0,0,0,0,0,0,35,32.4,12.8,4.0,4.9,3,4,2,9,1,0.00,0.03,0.03,0.67,205,88,228,134,290,157,268,133,,,,,,,0.0,0.0,0.04,0.04,0.89,2.65,159,98,121,47,71,23,547,197,1.32,0.0,11.91
687,True,False,0.0,0.0,213999,0,0,-1,1,0,3,0.0,0.0,0,Edson,0.0,616,False,Has joined Fenerbahçe on loan for the rest of the season.,2025-08-26T13:45:35.073930Z,49,213999.jpg,0.0,False,Álvarez Velázquez,0.1,False,,u,19,21,0,1147,0,13586,15,0.0,0.0,Álvarez,139.0,2023-08-10,1997-10-24,False,p213999,0,0,0,0,0,0,0,0,0,0,0,0,0,0.0,0.0,0.0,0.0,0,0,0,0,0,0.00,0.00,0.00,0.00,654,271,647,272,622,264,656,273,,,,,,,0.0,0.0,0.0,0.0,0.0,0.0,329,206,652,270,658,274,524,185,0.0,0.0,0.0
688,True,False,0.0,0.0,149519,0,0,-1,1,0,3,0.0,0.0,0,Maxwel,0.0,617,False,has joined Genoa on loan for the rest of the season.,2025-09-02T12:21:17.687537Z,49,149519.jpg,0.0,False,Cornet,0.0,False,,u,19,21,0,246,0,2413,10,0.0,0.0,Cornet,54.0,2022-08-07,1996-09-27,False,p149519,0,0,0,0,0,0,0,0,0,0,0,0,0,0.0,0.0,0.0,0.0,0,0,0,0,0,0.00,0.00,0.00,0.00,647,266,640,267,613,257,649,268,,,,,,,0.0,0.0,0.0,0.0,0.0,0.0,313,193,644,264,651,269,646,273,0.0,0.0,0.0
689,True,True,,,197024,0,0,-1,1,0,3,0.0,0.0,0,Guido,0.0,618,False,,,49,197024.jpg,2.0,False,Rodríguez,0.0,False,,a,19,21,2,830,2,2775,2,0.0,0.4,G.Rodriguez,10.0,2024-08-06,1994-04-12,False,p197024,70,0,0,0,1,0,0,0,0,0,0,0,11,2.2,2.3,2.0,0.7,0,4,0,4,1,0.03,0.03,0.06,0.60,364,175,321,171,304,161,369,178,,,,,,,0.04,0.0,0.04,0.08,0.77,1.29,321,200,647,267,229,105,580,224,1.29,0.0,5.14
690,True,True,100.0,100.0,577114,0,0,-1,1,0,3,0.2,0.2,0,Luis Guilherme,0.2,619,False,,2025-08-21T14:30:06.529194Z,49,577114.jpg,1.0,False,Lira dos Santos,0.0,False,,a,19,21,1,221,1,2089,2,0.0,0.2,L.Guilherme,30.0,2024-06-14,2006-02-09,False,p577114,29,0,0,0,1,0,0,0,0,0,0,0,2,1.4,0.0,0.0,0.1,1,2,0,3,0,0.00,0.00,0.00,0.65,377,181,667,285,644,277,390,187,,,,,,,0.0,0.0,0.0,0.0,2.02,3.1,371,234,367,177,341,160,657,280,0.0,0.0,9.31
691,True,True,100.0,100.0,490885,0,0,0,0,0,3,0.0,0.0,0,George,0.0,620,False,,2025-08-14T16:00:06.537170Z,45,490885.jpg,0.0,False,Earthy,0.1,False,,a,19,21,0,1259,9,4109,4,0.0,0.0,Earthy,241.0,2023-07-14,2004-09-05,False,p490885,0,0,0,0,0,0,0,0,0,0,0,0,0,0.0,0.0,0.0,0.0,0,0,0,0,0,0.00,0.00,0.00,0.00,591,225,585,228,556,216,595,228,,,,,,,0.0,0.0,0.0,0.0,0.0,0.0,450,261,589,226,598,233,554,203,0.0,0.0,0.0
692,True,True,,,229384,0,0,-1,1,0,3,0.5,0.5,0,Andy,0.5,621,False,,,44,229384.jpg,1.0,False,Irving,0.3,False,,a,19,21,3,8195,108,13081,27,0.1,0.7,Irving,243.0,2023-08-31,2000-05-13,False,p229384,24,0,0,0,1,0,0,0,0,0,0,0,14,14.8,17.2,0.0,3.2,1,2,3,6,0,0.00,0.06,0.06,0.45,279,131,197,126,465,175,310,160,4.0,,,,,,0.0,0.0,0.22,0.22,1.69,3.75,537,304,293,144,313,148,327,111,0.0,0.0,22.5
693,True,False,0.0,0.0,518442,0,0,-1,1,0,3,0.0,0.0,0,Lewis,0.0,622,False,has joined Stevenage on loan for the rest of the season.,2025-09-02T12:14:36.944075Z,44,518442.jpg,0.0,False,Orford,0.1,False,,u,19,21,0,1052,0,7862,16,0.0,0.0,Orford,241.0,2022-11-01,2006-02-18,False,p518442,0,0,0,0,0,0,0,0,0,0,0,0,0,0.0,0.0,0.0,0.0,0,0,0,0,0,0.00,0.00,0.00,0.00,541,196,528,199,493,186,545,199,,,,,,,0.0,0.0,0.0,0.0,0.0,0.0,576,316,538,196,549,204,489,165,0.0,0.0,0.0
694,True,True,,,490142,0,0,-1,1,0,3,0.2,0.2,0,Freddie,0.2,623,False,,,44,490142.jpg,1.0,False,Potts,0.7,False,,a,19,21,1,40455,120,39344,84,0.0,0.2,Potts,241.0,2021-12-08,2003-09-12,False,p490142,45,0,0,0,2,0,0,0,0,0,0,0,2,6.2,2.2,2.0,1.0,1,2,1,4,0,0.00,0.00,0.00,1.12,338,161,323,172,299,160,359,175,,,,,,,0.0,0.0,0.0,0.0,2.24,4.0,560,309,349,165,319,149,198,67,0.0,0.0,8.0
695,True,True,,,178186,0,0,-3,3,0,4,3.2,3.2,0,Jarrod,3.2,624,False,,,77,178186.jpg,3.8,False,Bowen,6.5,False,,a,19,21,15,106728,242,1152316,752,0.4,1.9,Bowen,241.0,2020-01-31,1996-12-20,False,p178186,360,1,0,1,11,0,0,0,0,0,0,3,81,83.0,63.5,112.0,25.9,6,15,5,26,4,0.43,0.22,0.65,5.44,56,7,57,3,8,5,15,3,,,4.0,,2.0,,0.11,0.0,0.06,0.17,1.36,2.75,19,7,76,7,115,12,61,11,1.0,0.25,6.5
696,True,True,100.0,100.0,91889,0,0,-2,2,0,4,0.8,0.8,0,Niclas,0.8,625,False,,2025-09-11T17:30:07.116298Z,58,91889.jpg,1.7,False,Füllkrug,1.2,False,,a,19,21,5,30713,76,301794,182,0.1,0.9,Füllkrug,80.0,2024-08-05,1993-02-09,False,p91889,198,0,0,1,6,0,0,0,0,0,0,0,8,8.0,26.3,67.0,10.1,1,2,1,4,3,0.29,0.10,0.39,2.84,326,23,141,13,39,16,146,18,,,,,,,0.13,0.0,0.05,0.18,1.29,2.73,115,30,277,26,264,23,169,28,1.36,0.45,1.82
697,True,True,,,565431,0,0,-1,1,0,4,0.0,0.0,0,Callum,0.0,626,False,,,44,565431.jpg,0.0,False,Marshall,0.7,False,,a,19,21,0,28093,134,42475,89,0.0,0.0,Marshall,242.0,2023-09-26,2004-11-28,False,p565431,0,0,0,0,0,0,0,0,0,0,0,0,0,0.0,0.0,0.0,0.0,0,0,0,0,0,0.00,0.00,0.00,0.00,554,52,541,52,506,50,558,53,,,,,,,0.0,0.0,0.0,0.0,0.0,0.0,590,77,550,53,561,54,206,35,0.0,0.0,0.0
698,True,True,,,158534,0,0,-1,1,0,2,2.0,2.0,0,Kyle,2.0,659,False,,,44,158534.jpg,2.7,False,Walker-Peters,0.4,False,,a,19,21,8,9367,40,17089,24,0.5,1.8,Walker-Peters,241.0,2025-07-20,1997-04-13,False,p158534,200,0,0,1,3,0,0,0,0,0,0,0,35,28.4,16.1,6.0,5.0,6,11,5,11,2,0.04,0.02,0.06,2.33,220,86,203,61,258,82,262,90,,,,,,,0.02,0.0,0.01,0.03,1.05,1.35,528,125,130,55,176,69,287,106,0.9,0.45,4.95
699,True,True,,,75115,0,0,-1,1,0,4,2.2,2.2,0,Callum,2.2,671,False,,,59,75115.jpg,2.5,False,Wilson,0.5,False,,a,19,21,10,22188,79,33345,67,0.4,1.7,Wilson,241.0,2025-08-02,1992-02-27,False,p75115,112,1,0,0,4,0,0,0,0,0,0,2,41,46.6,12.0,78.0,13.3,1,3,0,4,0,1.09,0.04,1.13,1.90,140,13,235,23,29,12,95,15,,,,,,,0.88,0.0,0.03,0.91,1.53,3.21,95,28,123,11,192,15,249,39,0.0,0.0,3.21
700,True,True,,,467189,0,0,0,0,0,1,2.0,2.0,0,Mads,2.0,679,False,,,45,467189.jpg,2.2,False,Hermansen,0.3,False,,a,19,21,9,10403,18,14914,18,0.4,2.0,Hermansen,58.0,2025-08-09,2000-07-11,False,p467189,360,0,0,1,11,0,0,0,0,0,9,0,27,84.8,0.0,0.0,8.5,7,27,0,0,4,0.00,0.01,0.01,5.44,52,9,582,72,552,66,178,9,,,,,,,0.0,2.25,0.0,0.0,1.36,2.75,442,28,136,14,208,20,299,44,1.0,0.25,0.0
701,True,True,,,551226,0,0,0,0,0,3,1.7,1.7,0,Mateus Gonçalo,1.7,708,False,,,55,551226.jpg,2.5,False,Espanha Fernandes,0.0,False,,a,19,21,5,2570,4,839,5,0.3,0.9,M.Fernandes,173.0,2025-08-29,2004-07-10,False,p551226,141,0,0,1,2,0,0,0,0,0,0,0,25,17.4,54.7,8.0,8.0,1,8,5,14,2,0.00,0.25,0.25,1.33,269,124,67,49,242,136,188,94,,,,,,,0.0,0.0,0.16,0.16,0.85,1.28,169,105,184,83,191,86,644,271,1.28,0.64,8.94
702,True,True,,,564940,0,0,0,0,0,3,0.5,0.5,0,Soungoutou,0.5,718,False,,,50,564940.jpg,1.0,False,Magassa,0.0,False,,a,19,21,1,174,1,90,1,0.1,0.2,S.Magassa,73.0,2025-08-30,2003-10-08,False,p564940,29,0,0,0,1,0,0,0,0,0,0,0,6,9.6,1.3,0.0,1.1,1,0,2,3,0,0.00,0.00,0.00,0.65,312,148,334,175,674,295,357,174,,,,,,,0.0,0.0,0.0,0.0,2.02,3.1,301,186,314,152,352,167,723,317,0.0,0.0,9.31
703,True,True,,,37096,0,0,0,0,0,1,0.0,0.0,0,Lukasz,0.0,738,False,,,45,37096.jpg,0.0,False,Fabianski,0.0,False,,a,19,21,0,1007,7,188,4,0.0,0.0,Fabianski,172.0,2025-09-10,1985-04-18,False,p37096,0,0,0,0,0,0,0,0,0,0,0,0,0,0.0,0.0,0.0,0.0,0,0,0,0,0,0.00,0.00,0.00,0.00,566,79,553,64,518,57,570,79,,,,,,,0.0,0.0,0.0,0.0,0.0,0.0,387,19,562,78,573,79,675,80,0.0,0.0,0.0
704,True,True,,,101982,0,0,0,0,0,1,0.8,1.3,0,Sam,0.8,627,False,,,45,101982.jpg,3.0,False,Johnstone,0.1,False,,a,20,39,3,2426,9,4462,12,0.2,0.7,Johnstone,241.0,2024-08-30,1993-03-25,False,p101982,90,0,0,0,1,0,0,0,0,0,3,0,17,31.2,0.0,0.0,3.1,5,13,0,0,1,0.00,0.00,0.00,1.55,207,20,556,67,521,60,314,20,,,,,,,0.0,3.0,0.0,0.0,1.55,1.0,394,22,256,23,153,18,437,64,1.0,0.0,0.0
705,True,True,,,149065,0,0,0,0,0,1,1.0,1.5,0,José,1.0,628,False,,,45,149065.jpg,1.3,False,Malheiro de Sá,1.6,False,,a,20,39,4,23888,36,61280,111,0.2,0.9,José Sá,173.0,2021-07-15,1993-01-17,False,p149065,270,0,0,0,8,0,0,0,0,0,4,0,7,36.2,10.0,0.0,4.7,3,30,0,0,3,0.00,0.03,0.03,5.69,188,18,254,1,523,61,270,18,,,,,,,0.0,1.33,0.01,0.01,1.9,2.67,398,23,228,20,284,24,143,20,1.0,0.0,0.0
706,True,True,,,79602,0,0,0,0,0,1,0.0,0.5,0,Daniel,0.0,629,False,,,40,79602.jpg,0.0,False,Bentley,0.7,False,,a,20,39,0,6963,12,15278,23,0.0,0.0,Bentley,241.0,2023-01-25,1993-07-13,False,p79602,0,0,0,0,0,0,0,0,0,0,0,0,0,0.0,0.0,0.0,0.0,0,0,0,0,0,0.00,0.00,0.00,0.00,411,28,397,13,352,6,415,28,,,,,,,0.0,0.0,0.0,0.0,0.0,0.0,611,44,407,27,421,28,212,29,0.0,0.0,0.0
707,True,True,,,516939,0,0,0,0,0,2,2.2,2.7,0,Emmanuel,2.2,631,False,,,45,516939.jpg,2.2,False,Agbadou,0.4,False,,a,20,39,9,18929,37,18636,92,0.5,2.0,Agbadou,54.0,2025-01-09,1997-06-17,False,p516939,360,0,0,0,9,0,0,0,0,0,0,0,24,106.0,16.7,9.0,13.2,35,16,6,41,4,0.25,0.15,0.40,7.24,21,6,200,58,226,66,97,24,,,5.0,,,,0.06,0.0,0.04,0.1,1.81,2.25,462,106,115,49,209,78,256,94,1.0,0.0,10.25
708,True,True,,,87835,0,0,-1,1,0,2,0.2,0.7,0,Matt,0.2,632,False,,,44,87835.jpg,0.0,False,Doherty,0.1,False,,a,20,39,0,2463,5,8137,17,0.0,0.0,Doherty,104.0,2023-07-20,1992-01-16,False,p87835,180,0,0,0,5,0,0,0,2,0,0,0,4,29.0,7.7,0.0,3.7,8,8,6,14,2,0.00,0.03,0.03,3.76,219,85,271,90,453,189,292,97,,,,,,,0.0,0.0,0.02,0.02,1.88,2.5,518,117,346,123,515,206,406,150,1.0,0.0,7.0
709,True,True,100.0,100.0,490721,0,0,-1,1,0,2,1.2,1.7,0,Hugo,1.2,633,False,,2025-08-31T01:30:08.567399Z,44,490721.jpg,1.5,False,Bueno López,0.1,False,,a,20,39,6,2418,5,4068,3,0.3,1.4,H.Bueno,200.0,2021-01-29,2002-09-18,False,p490721,227,0,0,0,5,0,0,0,1,0,0,0,20,61.6,80.1,33.0,17.5,12,11,12,24,2,0.06,0.26,0.32,4.20,104,45,31,4,96,14,53,8,,,,,,,0.02,0.0,0.1,0.12,1.67,1.98,562,147,201,75,272,93,525,191,0.79,0.0,9.52
710,True,True,,,501837,0,0,-1,1,0,2,0.5,1.0,0,Yerson,0.5,634,False,,,44,501837.jpg,2.0,False,Mosquera Valdelamar,0.1,False,,a,20,39,2,1042,9,2592,4,0.1,0.5,Mosquera,48.0,2021-06-17,2001-05-02,False,p501837,65,0,0,0,1,0,0,0,0,0,0,0,4,11.8,0.2,0.0,1.2,5,2,1,6,1,0.00,0.00,0.00,1.35,298,112,361,132,490,206,353,124,,,,,,,0.0,0.0,0.0,0.0,1.87,1.38,572,149,298,101,225,83,568,206,1.38,0.0,8.31
711,True,True,,,483081,0,0,0,0,0,2,2.2,2.7,0,Rodrigo,2.2,635,False,,,45,483081.jpg,3.3,False,Martins Gomes,0.1,False,,a,20,39,10,6481,8,3691,12,0.5,2.2,R.Gomes,173.0,2024-07-01,2003-07-07,False,p483081,120,1,0,0,2,0,0,0,0,0,0,0,24,44.6,3.5,58.0,10.6,6,7,4,10,1,0.63,0.01,0.64,1.80,148,64,306,104,50,5,136,46,,,,,,,0.47,0.0,0.01,0.48,1.35,1.5,445,100,113,47,136,56,461,175,0.75,0.0,7.5
712,True,True,,,231480,0,0,-1,1,0,2,1.0,1.5,0,Santiago,1.0,636,False,,,44,231480.jpg,2.0,False,Ignacio Bueno,0.0,False,,a,20,39,4,506,0,1928,2,0.2,0.9,S.Bueno,230.0,2023-08-31,1998-11-09,False,p231480,124,0,0,0,3,0,0,0,0,0,0,0,10,33.8,19.4,2.0,5.5,10,4,4,14,1,0.00,0.05,0.05,2.39,199,78,182,49,298,103,246,84,,,,,,,0.0,0.0,0.04,0.04,1.73,2.18,540,135,226,81,223,81,583,207,0.73,0.0,10.16
713,True,True,,,510362,0,0,-1,1,0,2,0.8,1.3,0,Toti,0.8,637,False,,,44,510362.jpg,0.8,False,Gomes,0.1,False,,a,20,39,3,2773,7,7262,8,0.2,0.7,Toti,173.0,2022-01-14,1999-01-16,False,p510362,318,0,0,0,9,0,0,0,0,1,0,0,11,65.4,25.2,27.0,11.7,18,20,7,25,4,0.04,0.02,0.06,6.67,97,41,149,35,120,19,122,38,,,,,,,0.01,0.0,0.01,0.02,1.89,2.55,574,150,255,87,387,130,436,165,1.13,0.0,7.08
714,True,True,25.0,25.0,441271,0,0,0,0,0,2,0.1,0.2,0,Ki-Jana,0.2,638,False,Knee injury - 25% chance of playing,2025-08-23T23:00:08.490117Z,40,441271.jpg,1.0,False,Hoever,1.3,False,,d,20,39,2,21217,0,117871,178,0.0,0.5,Hoever,152.0,2020-09-19,2002-01-18,False,p441271,106,0,0,0,4,0,0,0,0,0,0,0,1,22.8,34.2,2.0,5.9,6,2,2,8,2,0.00,0.24,0.24,2.85,243,93,104,23,296,101,236,78,,,,,,,0.0,0.0,0.2,0.2,2.42,3.4,649,178,342,119,306,105,165,61,1.7,0.0,6.79
715,True,False,0.0,0.0,560248,0,0,0,0,0,2,0.0,0.0,0,Bastien,0.0,639,False,On loan to FC Alverca,2025-07-23T18:49:36.204721Z,40,560248.jpg,0.0,False,Meupiyou Menadjou,0.0,False,,u,20,39,0,0,0,556,0,0.0,0.0,Meupiyou,73.0,2024-08-29,2006-03-19,False,p560248,0,0,0,0,0,0,0,0,0,0,0,0,0,0.0,0.0,0.0,0.0,0,0,0,0,0,0.00,0.00,0.00,0.00,486,194,473,193,430,173,490,194,,,,,,,0.0,0.0,0.0,0.0,0.0,0.0,701,210,481,189,495,193,693,233,0.0,0.0,0.0
716,True,False,0.0,0.0,641221,0,0,0,0,0,2,0.0,0.0,0,Pedro,0.0,640,False,has joined Porto on loan for the rest of the season.,2025-09-02T13:11:07.466362Z,40,641221.jpg,0.0,False,Cardoso de Lima,0.7,False,,u,20,39,0,7922,0,50298,112,0.0,0.0,Pedro Lima,30.0,2024-07-02,2006-07-01,False,p641221,0,0,0,0,0,0,0,0,0,0,0,0,0,0.0,0.0,0.0,0.0,0,0,0,0,0,0.00,0.00,0.00,0.00,503,207,490,206,447,186,507,207,,,,,,,0.0,0.0,0.0,0.0,0.0,0.0,719,224,498,202,511,205,208,75,0.0,0.0,0.0
717,True,True,,,517179,0,0,0,0,0,2,0.0,0.5,0,Alfie,0.0,641,False,,,40,517179.jpg,0.0,False,Pond,1.2,False,,a,20,39,0,12264,10,45310,59,0.0,0.0,Pond,,,,False,p517179,0,0,0,0,0,0,0,0,0,0,0,0,0,0.0,0.0,0.0,0.0,0,0,0,0,0,0.00,0.00,0.00,0.00,473,184,460,183,416,162,477,184,,,,,,,0.0,0.0,0.0,0.0,0.0,0.0,686,198,468,179,482,183,176,65,0.0,0.0,0.0
718,True,True,,,184754,0,0,-1,1,0,3,2.5,3.0,0,Hwang,2.5,642,False,,,59,184754.jpg,2.8,False,Hee-chan,0.3,False,,a,20,39,11,20699,35,11696,66,0.4,1.9,Hee Chan,114.0,2022-07-01,1996-01-26,False,p184754,171,1,0,0,4,0,0,0,0,0,0,0,36,38.8,11.7,45.0,9.5,2,1,1,4,2,0.56,0.03,0.59,3.57,170,66,239,139,70,44,162,80,,,,,1.0,,0.29,0.0,0.02,0.31,1.88,2.11,102,69,109,42,173,74,328,112,1.05,0.0,2.11
719,True,True,,,509291,0,0,-1,1,0,3,1.0,1.5,0,André,1.0,643,False,,,54,509291.jpg,2.0,False,Trindade da Costa Neto,0.1,False,,a,20,39,8,3426,3,5468,6,0.2,1.5,André,30.0,2024-08-30,2001-07-16,False,p509291,244,0,0,0,7,0,0,0,1,0,0,0,41,26.0,7.6,0.0,3.3,7,21,8,36,3,0.00,0.03,0.03,5.89,229,100,272,152,700,308,309,159,,,,,,,0.0,0.0,0.01,0.01,2.17,2.58,204,126,240,119,242,117,511,178,1.11,0.0,13.28
720,True,True,,,231057,0,0,-1,1,0,3,0.8,1.3,0,Jean-Ricner,0.8,644,False,,,54,231057.jpg,1.2,False,Bellegarde,0.1,False,,a,20,39,5,1799,0,5344,8,0.1,0.9,Bellegarde,92.0,2023-09-01,1998-06-27,False,p231057,167,0,0,0,4,0,0,0,0,0,0,0,20,14.4,42.3,18.0,7.4,3,3,4,10,2,0.13,0.15,0.28,3.32,285,134,87,61,178,105,204,102,4.0,,4.0,,,,0.07,0.0,0.08,0.15,1.79,2.16,187,115,270,132,296,147,556,205,1.08,0.0,5.39
721,True,True,,,643135,0,0,-1,1,0,3,0.5,1.0,0,Fer,0.5,645,False,,,54,643135.jpg,1.0,False,López González,0.0,False,,a,20,39,3,467,1,2316,3,0.1,0.6,Fer López,200.0,2025-06-20,2004-05-24,False,p643135,57,0,0,0,1,0,0,0,0,0,0,0,10,7.0,21.9,23.0,5.1,0,1,0,1,0,0.11,0.10,0.21,0.59,333,159,163,108,144,84,261,129,,,,,,,0.17,0.0,0.16,0.33,0.93,1.58,215,135,324,158,368,178,613,251,0.0,0.0,1.58
722,True,True,,,448089,0,0,-1,1,0,3,1.5,2.0,0,João Victor,1.5,646,False,,,54,448089.jpg,2.0,False,Gomes da Silva,0.1,False,,a,20,39,8,2809,6,5519,15,0.3,1.5,Gomes,30.0,2023-01-30,2001-02-12,False,p448089,360,0,0,0,9,0,0,0,2,0,0,0,62,51.8,49.7,9.0,11.1,12,21,10,43,4,0.01,0.18,0.19,7.24,125,42,76,53,229,129,131,72,,,,,,,0.0,0.0,0.04,0.04,1.81,2.25,198,123,189,87,241,116,479,162,1.0,0.0,10.75
723,True,False,0.0,0.0,181284,0,0,0,0,0,3,0.0,0.0,0,Gonçalo Manuel,0.0,647,False,Has joined Real Sociedad permanently.,2025-08-11T01:21:19.226169Z,55,181284.jpg,0.0,False,Ganchinho Guedes,0.0,False,,u,20,39,0,0,0,697,0,0.0,0.0,Guedes,173.0,2022-08-08,1996-11-29,False,p181284,0,0,0,0,0,0,0,0,0,0,0,0,0,0.0,0.0,0.0,0.0,0,0,0,0,0,0.00,0.00,0.00,0.00,715,312,715,313,712,313,716,313,,,,,,,0.0,0.0,0.0,0.0,0.0,0.0,142,88,714,312,716,313,726,319,0.0,0.0,0.0
724,True,True,,,433312,0,0,0,0,0,3,1.8,2.3,0,Marshall,1.8,648,False,,,55,433312.jpg,2.2,False,Munetsi,0.1,False,,a,20,39,9,4272,1,4695,11,0.3,1.6,Munetsi,239.0,2025-02-03,1996-06-22,False,p433312,294,0,1,0,8,0,0,0,1,0,0,0,32,36.0,34.8,20.0,8.9,3,6,5,14,3,0.14,0.09,0.23,5.89,190,80,103,74,163,99,170,86,,,,,,,0.04,0.0,0.03,0.07,1.8,2.45,152,94,175,76,213,97,575,219,0.92,0.0,4.29
725,True,False,0.0,0.0,476502,0,0,0,0,0,3,0.0,0.0,0,Boubacar,0.0,649,False,Has joined FC Metz on loan for the rest of the season.,2025-07-25T14:53:52.740212Z,50,476502.jpg,0.0,False,Traoré,0.0,False,,u,20,39,0,0,0,141,0,0.0,0.0,B.Traore,132.0,2023-07-01,2001-08-20,False,p476502,0,0,0,0,0,0,0,0,0,0,0,0,0,0.0,0.0,0.0,0.0,0,0,0,0,0,0.00,0.00,0.00,0.00,686,295,686,296,667,289,687,296,,,,,,,0.0,0.0,0.0,0.0,0.0,0.0,284,173,683,293,688,296,736,325,0.0,0.0,0.0
726,True,True,,,497606,0,0,-1,1,0,3,0.0,0.5,0,Tawanda,0.0,650,False,,,44,497606.jpg,0.0,False,Chirewa,0.3,False,,a,20,39,0,12584,65,16362,38,0.0,0.0,Chirewa,239.0,2023-12-01,2003-10-12,False,p497606,0,0,0,0,0,0,0,0,0,0,0,0,0,0.0,0.0,0.0,0.0,0,0,0,0,0,0.00,0.00,0.00,0.00,534,193,521,196,485,183,538,196,,,,,,,0.0,0.0,0.0,0.0,0.0,0.0,566,313,531,193,542,201,303,100,0.0,0.0,0.0
727,True,True,,,596054,0,0,-1,1,0,3,0.0,0.5,0,Tom,0.0,651,False,,,44,596054.jpg,0.0,False,Edozie,0.4,False,,a,20,39,0,20051,115,20491,73,0.0,0.0,Edozie,,,,False,p596054,0,0,0,0,0,0,0,0,0,0,0,0,0,0.0,0.0,0.0,0.0,0,0,0,0,0,0.00,0.00,0.00,0.00,560,205,547,208,512,195,564,208,,,,,,,0.0,0.0,0.0,0.0,0.0,0.0,596,326,556,205,567,213,269,92,0.0,0.0,0.0
728,True,True,,,593001,0,0,-1,1,0,3,0.0,0.5,0,Enso,0.0,652,False,,,44,593001.jpg,0.0,False,González Medina,1.6,False,,a,20,39,0,72864,404,76276,188,0.0,0.0,Gonzalez,168.0,2023-08-31,2005-01-20,False,p593001,0,0,0,0,0,0,0,0,0,0,0,0,0,0.0,0.0,0.0,0.0,0,0,0,0,0,0.00,0.00,0.00,0.00,558,204,545,207,510,194,562,207,,,,,,,0.0,0.0,0.0,0.0,0.0,0.0,594,325,554,204,565,212,146,50,0.0,0.0,0.0
729,True,False,0.0,0.0,240299,0,0,0,0,0,3,0.0,0.0,0,Joe,0.0,653,False,Signed by CD Tondela,2025-07-23T18:50:21.231185Z,45,240299.jpg,0.0,False,Hodge,0.0,False,,u,20,39,0,0,0,3795,4,0.0,0.0,Hodge,,,,False,p240299,0,0,0,0,0,0,0,0,0,0,0,0,0,0.0,0.0,0.0,0.0,0,0,0,0,0,0.00,0.00,0.00,0.00,577,212,568,215,536,202,581,215,,,,,,,0.0,0.0,0.0,0.0,0.0,0.0,422,246,574,212,584,220,589,230,0.0,0.0,0.0
730,True,True,75.0,75.0,247412,0,0,-1,1,0,4,0.4,0.8,0,Jørgen,0.5,654,False,Lack of match fitness - 75% chance of playing,2025-08-29T14:00:08.176762Z,64,247412.jpg,2.0,False,Strand Larsen,1.6,False,,d,20,39,4,87346,129,412151,405,0.1,0.6,Strand Larsen,161.0,2025-07-01,2000-02-06,False,p247412,158,0,0,0,5,0,0,0,0,0,0,0,12,14.2,6.1,68.0,8.8,4,1,1,6,2,0.48,0.02,0.50,3.41,289,21,286,30,38,15,174,20,,,,,,,0.27,0.0,0.01,0.28,1.94,2.85,66,21,336,36,249,21,142,21,1.14,0.0,3.42
731,True,False,0.0,0.0,449988,0,0,-1,1,0,4,0.0,0.0,0,Fábio,0.0,655,False,has joined Borussia Dortmund permanently.,2025-09-02T13:11:07.488555Z,49,449988.jpg,0.0,False,Soares Silva,0.3,False,,u,20,39,0,7178,0,42211,94,0.0,0.0,Fábio Silva,173.0,2020-09-05,2002-07-19,False,p449988,0,0,0,0,0,0,0,0,0,0,0,0,0,0.0,0.0,0.0,0.0,0,0,0,0,0,0.00,0.00,0.00,0.00,666,65,660,65,636,62,668,65,,,,,,,0.0,0.0,0.0,0.0,0.0,0.0,351,56,664,65,670,66,310,51,0.0,0.0,0.0
732,True,False,0.0,0.0,429414,0,0,-1,1,0,4,0.0,0.0,0,Saša,0.2,656,False,has joined LASK on loan for the rest of the season.,2025-09-08T09:11:55.060395Z,49,429414.jpg,1.0,False,Kalajdžić,0.1,False,,u,20,39,1,1691,0,7353,24,0.0,0.2,Kalajdžić,14.0,2022-08-31,1997-07-07,False,p429414,14,0,0,0,0,0,0,0,0,0,0,0,1,1.0,4.3,2.0,0.7,1,1,0,2,0,0.00,0.01,0.01,0.10,383,41,300,31,309,38,370,38,,,,,,,0.0,0.0,0.06,0.06,0.64,0.0,344,55,363,37,337,33,516,70,0.0,0.0,12.86
733,True,True,0.0,0.0,589507,0,0,0,0,0,4,0.0,0.0,0,Leon,0.0,657,False,Knee injury - Unknown return date,2025-07-21T10:00:05.148649Z,45,589507.jpg,0.0,False,Chiwome,0.0,False,,i,20,39,0,1877,2,3443,2,0.0,0.0,Chiwome,,,,False,p589507,0,0,0,0,0,0,0,0,0,0,0,0,0,0.0,0.0,0.0,0.0,0,0,0,0,0,0.00,0.00,0.00,0.00,625,62,620,62,591,59,628,62,,,,,,,0.0,0.0,0.0,0.0,0.0,0.0,494,65,624,62,633,63,611,74,0.0,0.0,0.0
734,True,True,,,531363,0,0,-1,1,0,4,0.0,0.5,0,Nathan,0.0,658,False,,,44,531363.jpg,0.0,False,Fraser,2.3,False,,a,20,39,0,104512,556,138025,241,0.0,0.0,Fraser,,,,False,p531363,0,0,0,0,0,0,0,0,0,0,0,0,0,0.0,0.0,0.0,0.0,0,0,0,0,0,0.00,0.00,0.00,0.00,543,48,530,48,495,46,547,49,,,,,,,0.0,0.0,0.0,0.0,0.0,0.0,578,73,540,49,551,50,118,17,0.0,0.0,0.0
735,True,True,,,230376,0,0,-2,2,0,3,1.0,1.5,0,Jhon,1.0,663,False,,,53,230376.jpg,1.2,False,Arias,0.3,False,,a,20,39,5,5198,9,45414,43,0.2,0.9,J.Arias,48.0,2025-07-24,1997-09-21,False,p230376,159,0,0,0,5,0,0,0,0,0,0,0,20,23.4,19.4,26.0,6.8,3,6,10,19,2,0.21,0.05,0.26,3.02,242,109,184,119,132,77,214,107,1.0,,,,,,0.12,0.0,0.03,0.15,1.71,2.83,224,142,237,116,295,146,304,101,1.13,0.0,10.75
736,True,True,,,497949,0,0,0,0,0,2,1.2,1.7,0,David,1.2,682,False,,,45,497949.jpg,2.0,False,Møller Wolfe,0.1,False,,a,20,39,6,1984,4,3250,7,0.3,1.3,Møller Wolfe,161.0,2025-08-02,2002-04-23,False,p497949,131,0,1,0,4,0,0,0,0,0,0,0,16,30.6,16.1,4.0,5.1,4,4,2,6,2,0.00,0.12,0.12,3.04,210,81,204,62,278,92,257,88,,,,,,,0.0,0.0,0.08,0.08,2.09,2.75,456,104,204,77,226,84,510,189,1.37,0.0,4.12
737,True,True,,,523705,0,0,0,0,0,2,0.8,1.3,0,Jackson,0.8,695,False,,,45,523705.jpg,1.0,False,Tchatchoua,0.0,False,,a,20,39,3,1346,1,690,2,0.2,0.7,Tchatchoua,38.0,2025-08-19,2001-09-14,False,p523705,130,0,0,0,3,0,0,0,0,0,0,0,5,19.8,24.3,8.0,5.1,6,7,1,7,1,0.00,0.03,0.03,2.58,256,98,154,39,237,73,258,89,,,,,,,0.0,0.0,0.02,0.02,1.79,2.08,463,107,258,89,327,122,666,226,0.69,0.0,4.85
738,True,True,,,431248,0,0,0,0,0,2,0.3,0.8,0,Ladislav,0.3,709,False,,,45,431248.jpg,1.0,False,Krejcí,0.0,False,,a,20,39,1,1231,6,178,2,0.1,0.2,Krejčí,57.0,2025-08-28,1999-04-20,False,p431248,90,0,0,0,1,0,0,0,1,0,0,0,8,8.2,15.6,0.0,2.4,3,3,1,4,1,0.00,0.16,0.16,1.55,323,123,208,64,539,218,330,113,,,,,,,0.0,0.0,0.16,0.16,1.55,1.0,427,95,338,115,326,121,671,228,1.0,0.0,4.0
739,True,True,,,488213,0,0,0,0,0,4,1.0,1.5,0,Tolu,1.0,720,False,,,55,488213.jpg,2.0,False,Arokodare,0.1,False,,a,20,39,2,8823,41,1288,11,0.2,0.4,Tolu,157.0,2025-09-01,2000-11-23,False,p488213,65,0,0,0,1,0,0,0,0,0,0,0,7,4.4,1.8,4.0,1.0,4,0,0,4,1,0.00,0.00,0.00,1.35,351,28,331,34,291,36,361,35,,,,,,,0.0,0.0,0.0,0.0,1.87,1.38,163,39,242,19,244,20,522,71,1.38,0.0,5.54
