,player_id,web_name,team_code,element_type,now_cost,event,points_md,is_captain,multiplier,starting_lineup,selected_by_percent,gw_points
0,80,Raya,94,1,43,38,3.665,False,1,1,4.4,3.665
1,119,Azpilicueta,8,2,56,38,3.852,False,1,1,3.3,3.852
2,258,Aké,43,2,47,38,4.002,False,1,1,0.6,4.002
3,367,Sánchez,6,2,42,38,4.301,False,1,1,1.8,4.301
4,368,Sessegnon,6,2,43,38,4.652,False,1,1,1.1,4.652
5,588,Emerson Royal,6,2,46,38,4.2330000000000005,False,1,1,2.3,4.2330000000000005
6,131,Ziyech,8,3,73,38,4.422,False,1,1,0.8,4.422
7,215,Barnes,13,3,65,38,4.595,False,1,1,4.0,4.595
8,230,Mané,14,3,118,38,5.76,True,2,1,4.5,11.52
9,578,Cornet,90,3,58,38,3.846,False,1,1,0.8,3.846
10,447,Welbeck,36,4,59,38,3.804,False,1,1,1.3,3.804
11,112,Pope,90,1,53,38,3.645,False,0,0,3.5,0.0
12,254,Mahrez,43,3,86,38,3.842,False,0,0,4.0,0.0
13,187,Rodrigo,2,4,63,38,3.1660000000000004,False,0,0,2.1,0.0
14,296,Wilson,4,4,71,38,3.678,False,0,0,1.3,0.0
