,player_id,web_name,team_code,element_type,now_cost,event,points_md,is_captain,multiplier,starting_lineup,selected_by_percent,gw_points
0,80,Raya,94,1,43,38,3.656,False,1,1,4.4,3.656
1,122,Alonso,8,2,57,38,6.397,False,1,1,14.6,6.397
2,142,James,8,2,64,38,6.047999999999999,False,1,1,18.4,6.047999999999999
3,258,Aké,43,2,47,38,4.775,False,1,1,0.6,4.775
4,368,Sessegnon,6,2,43,38,4.47,False,1,1,1.0,4.47
5,22,Saka,3,3,67,38,5.528,False,1,1,29.1,5.528
6,212,Maddison,13,3,69,38,4.91,False,1,1,15.2,4.91
7,359,Son,6,3,112,38,7.149,True,2,1,33.0,14.298
8,558,Ødegaard,3,3,56,38,4.61,False,1,1,6.1,4.61
9,20,Nketiah,3,4,57,38,4.5710000000000015,False,1,1,10.9,4.5710000000000015
10,78,Toney,94,4,68,38,4.874,False,1,1,16.9,4.874
11,231,Alisson,14,1,61,38,4.505,False,0,0,9.3,0.0
12,264,Zinchenko,43,2,53,38,4.89,False,0,0,1.4,0.0
13,138,Mount,8,3,77,38,5.744,False,0,0,21.5,0.0
14,357,Kane,6,4,125,38,6.85,False,0,0,22.1,0.0
