,player_id,web_name,team_code,element_type,now_cost,event,points_md,is_captain,multiplier,starting_lineup,selected_by_percent,gw_points
0,231,Alisson,14,1,61,38,4.499,False,1,1,9.3,4.499
1,122,Alonso,8,2,57,38,5.856,False,1,1,14.8,5.856
2,142,James,8,2,64,38,4.981,False,1,1,18.6,4.981
3,234,Robertson,14,2,73,38,5.682,False,1,1,11.4,5.682
4,237,Alexander-Arnold,14,2,84,38,6.295,False,1,1,37.9,6.295
5,22,Saka,3,3,67,38,5.562,False,1,1,29.0,5.562
6,212,Maddison,13,3,69,38,5.114,False,1,1,15.5,5.114
7,359,Son,6,3,112,38,7.096,True,2,1,33.6,14.192
8,20,Nketiah,3,4,57,38,5.247000000000001,False,1,1,11.0,5.247000000000001
9,78,Toney,94,4,68,38,5.175,False,1,1,17.1,5.175
10,357,Kane,6,4,125,38,6.5310000000000015,False,1,1,22.4,6.5310000000000015
11,573,Jakupovic,13,1,39,38,0.0,False,0,0,0.2,0.0
12,151,Kelly,31,2,38,38,0.252,False,0,0,2.5,0.0
13,163,Delph,11,3,42,38,0.136,False,0,0,1.3,0.0
14,203,Mendy,13,3,43,38,1.6059999999999999,False,0,0,1.1,0.0
