,player_id,web_name,team_code,element_type,now_cost,event,points_md,is_captain,multiplier,starting_lineup,selected_by_percent,gw_points
0,80,Raya,94,1,43,38,3.656,False,1,1,4.4,3.656
1,258,Aké,43,2,47,38,4.775,False,1,1,0.6,4.775
2,264,Zinchenko,43,2,53,38,4.89,False,1,1,1.4,4.89
3,364,Davies,6,2,45,38,3.9530000000000003,False,1,1,3.0,3.9530000000000003
4,368,Sessegnon,6,2,43,38,4.47,False,1,1,1.0,4.47
5,588,Emerson Royal,6,2,46,38,4.553999999999999,False,1,1,2.3,4.553999999999999
6,96,Mbeumo,94,3,52,38,3.842,False,1,1,1.8,3.842
7,230,Mané,14,3,118,38,6.325,True,2,1,4.4,12.65
8,255,Sterling,43,3,105,38,4.4510000000000005,False,1,1,2.6,4.4510000000000005
9,296,Wilson,4,4,71,38,4.058,False,1,1,1.2,4.058
10,447,Welbeck,36,4,59,38,4.123,False,1,1,1.2,4.123
11,112,Pope,90,1,53,38,3.5380000000000003,False,0,0,3.5,0.0
12,26,Martinelli,3,3,53,38,3.835,False,0,0,3.2,0.0
13,699,Eriksen,94,3,56,38,3.6060000000000003,False,0,0,1.6,0.0
14,700,Weghorst,90,4,63,38,3.8360000000000003,False,0,0,4.3,0.0
