,player_id,web_name,team_code,element_type,now_cost,event,points_md,is_captain,multiplier,starting_lineup,selected_by_percent,gw_points
0,175,Johnstone,31,1,44,32,3.923,False,1,1,0.5,3.923
1,16,Gabriel,3,2,53,32,5.138999999999999,False,1,1,16.2,5.138999999999999
2,284,Robertson,14,2,68,32,5.074,False,1,1,6.3,5.074
3,285,Alexander-Arnold,14,2,73,32,5.6560000000000015,False,1,1,19.3,5.6560000000000015
4,13,Saka,3,3,86,32,6.619,False,1,1,40.8,6.619
5,19,Martinelli,3,3,69,32,5.252999999999999,False,1,1,44.0,5.252999999999999
6,169,Eze,31,3,55,32,4.582,False,1,1,4.4,4.582
7,261,Maddison,13,3,81,32,4.59,False,1,1,8.4,4.59
8,283,Salah,14,3,128,32,7.797999999999999,True,2,1,28.2,15.595999999999998
9,40,Watkins,7,4,77,32,4.607,False,1,1,21.2,4.607
10,66,Solanke,91,4,55,32,4.73,False,1,1,2.5,4.73
11,2,Leno,54,1,46,32,3.722,False,0,0,3.5,0.0
12,167,Guéhi,31,2,44,32,3.781,False,0,0,1.7,0.0
13,357,Trippier,4,2,62,32,4.004,False,0,0,67.8,0.0
14,618,Vinícius,54,4,54,32,3.852,False,0,0,0.2,0.0
