,player_id,web_name,team_code,element_type,now_cost,event,points_md,is_captain,multiplier,starting_lineup,selected_by_percent,gw_points
0,2,Leno,54,1,46,32,3.697,False,1,1,3.5,3.697
1,5,Holding,3,2,42,32,4.104,False,1,1,0.1,4.104
2,167,Guéhi,31,2,44,32,3.736,False,1,1,1.7,3.736
3,290,Konaté,14,2,48,32,3.45,False,1,1,0.8,3.45
4,169,Eze,31,3,55,32,4.5680000000000005,False,1,1,4.6,4.5680000000000005
5,171,Olise,31,3,55,32,4.18,False,1,1,3.5,4.18
6,465,Bowen,21,3,80,32,3.78,False,1,1,3.4,3.78
7,614,Willian,54,3,55,32,3.696,False,1,1,0.3,3.696
8,680,Gakpo,14,3,76,32,4.992,True,2,1,3.7,9.984
9,66,Solanke,91,4,55,32,4.673,False,1,1,2.5,4.673
10,356,Wilson,4,4,69,32,3.87,False,1,1,3.4,3.87
11,548,Iversen,13,1,38,32,3.657,False,0,0,4.1,0.0
12,217,Robinson,54,2,44,32,3.258,False,0,0,0.5,0.0
13,461,Zouma,21,2,44,32,3.335,False,0,0,1.4,0.0
14,95,Mbeumo,94,4,58,32,3.6239999999999997,False,0,0,3.6,0.0
