,player_id,web_name,team_code,element_type,now_cost,event,points_md,is_captain,multiplier,starting_lineup,selected_by_percent,gw_points
0,2,Leno,54,1,46,32,3.718,False,1,1,3.6,3.718
1,5,Holding,3,2,42,32,4.2010000000000005,False,1,1,0.1,4.2010000000000005
2,167,Guéhi,31,2,44,32,3.82,False,1,1,1.8,3.82
3,290,Konaté,14,2,48,32,4.2669999999999995,False,1,1,0.8,4.2669999999999995
4,3,Xhaka,3,3,49,32,3.81,False,1,1,2.6,3.81
5,169,Eze,31,3,55,32,4.6930000000000005,False,1,1,4.9,4.6930000000000005
6,171,Olise,31,3,55,32,4.0760000000000005,False,1,1,3.5,4.0760000000000005
7,465,Bowen,21,3,80,32,3.835,False,1,1,3.4,3.835
8,680,Gakpo,14,3,76,32,4.749,True,2,1,3.9,9.498
9,66,Solanke,91,4,55,32,4.569,False,1,1,2.6,4.569
10,618,Vinícius,54,4,54,32,3.8739999999999997,False,1,1,0.2,3.8739999999999997
11,455,Fabianski,21,1,49,32,3.532,False,0,0,1.1,0.0
12,217,Robinson,54,2,44,32,3.225,False,0,0,0.5,0.0
13,461,Zouma,21,2,44,32,3.1830000000000003,False,0,0,1.4,0.0
14,356,Wilson,4,4,69,32,3.617,False,0,0,3.4,0.0
