,player_id,web_name,team_code,element_type,now_cost,event,points_md,is_captain,multiplier,starting_lineup,selected_by_percent,gw_points
0,2,Leno,54,1,46,32,3.718,False,1,1,3.6,3.718
1,10,White,3,2,49,32,4.86,False,1,1,15.7,4.86
2,16,Gabriel,3,2,53,32,5.223,False,1,1,16.2,5.223
3,284,Robertson,14,2,68,32,4.9830000000000005,False,1,1,6.4,4.9830000000000005
4,285,Alexander-Arnold,14,2,73,32,5.848,False,1,1,19.8,5.848
5,13,Saka,3,3,86,32,6.617000000000001,False,1,1,40.7,6.617000000000001
6,169,Eze,31,3,55,32,4.6930000000000005,False,1,1,4.9,4.6930000000000005
7,261,Maddison,13,3,81,32,4.565,False,1,1,8.4,4.565
8,283,Salah,14,3,128,32,7.9620000000000015,True,2,1,28.8,15.924000000000003
9,40,Watkins,7,4,77,32,4.703,False,1,1,21.5,4.703
10,66,Solanke,91,4,55,32,4.569,False,1,1,2.6,4.569
11,175,Johnstone,31,1,44,32,3.819,False,0,0,0.7,0.0
12,357,Trippier,4,2,62,32,3.984,False,0,0,67.7,0.0
13,346,Andreas,54,3,43,32,4.314,False,0,0,14.0,0.0
14,80,Toney,94,4,77,32,4.099,False,0,0,35.8,0.0
