,player_id,web_name,team_code,element_type,now_cost,event,points_md,is_captain,multiplier,starting_lineup,selected_by_percent,gw_points
0,278,Ederson,43,1,61,38,4.168,False,1,1,9.3,4.168
1,17,Tierney,3,2,52,38,3.902,False,1,1,3.9,3.902
2,200,Dallas,2,2,54,38,4.087,False,1,1,31.6,4.087
3,259,Alexander-Arnold,14,2,77,38,5.815,False,1,1,25.7,5.815
4,251,Mané,14,3,117,38,7.2120000000000015,False,1,1,6.3,7.2120000000000015
5,254,Salah,14,3,128,38,9.22,True,2,1,41.3,18.44
6,301,Lingard,21,3,66,38,4.598,False,1,1,29.4,4.598
7,570,Raphinha,2,3,55,38,5.0539999999999985,False,1,1,8.1,5.0539999999999985
8,91,Wood,90,4,65,38,4.978,False,1,1,4.3,4.978
9,202,Bamford,2,4,65,38,5.976,False,1,1,42.6,5.976
10,437,Antonio,21,4,66,38,4.912,False,1,1,9.4,4.912
11,608,Carson,43,1,39,38,0.0,False,0,0,0.3,0.0
12,146,Mitchell,31,2,38,38,0.7979999999999999,False,0,0,12.6,0.0
13,519,Dunne,90,2,38,38,0.038,False,0,0,4.1,0.0
14,424,Burke,49,3,41,38,0.0,False,0,0,1.9,0.0
