,player_id,web_name,team_code,element_type,now_cost,event,points_md,is_captain,multiplier,starting_lineup,selected_by_percent,gw_points
0,2,Leno,54,1,45,19,6.567,False,1,1,2.1,6.567
1,112,Cucurella,8,2,52,19,5.805,False,1,1,10.6,5.805
2,285,Alexander-Arnold,14,2,72,19,4.659,False,1,1,16.9,4.659
3,533,Martínez,1,2,45,19,4.1160000000000005,False,1,1,5.9,4.1160000000000005
4,142,Mount,8,3,76,19,7.52,False,1,1,9.0,7.52
5,283,Salah,14,3,129,19,6.5820000000000025,False,1,1,34.7,6.5820000000000025
6,304,Sterling,8,3,97,19,7.195,False,1,1,4.5,7.195
7,346,Andreas,54,3,46,19,6.035,False,1,1,24.3,6.035
8,210,Mitrović,54,4,71,19,7.697,True,2,1,28.6,15.394
9,297,Darwin,14,4,90,19,5.209,False,1,1,16.4,5.209
10,427,Kane,6,4,116,19,5.534,False,1,1,28.6,5.534
11,502,Carson,43,1,38,19,0.0,False,0,0,0.4,0.0
12,322,Wilson-Esbrand,43,2,38,19,0.0,False,0,0,1.1,0.0
13,343,B.Williams,1,2,38,19,0.11900000000000001,False,0,0,3.2,0.0
14,173,Ebiowei,31,3,42,19,0.604,False,0,0,0.4,0.0
