,player_id,web_name,team_code,element_type,now_cost,event,points_md,is_captain,multiplier,starting_lineup,selected_by_percent,gw_points
0,2,Leno,54,1,45,19,6.4579999999999975,False,1,1,2.1,6.4579999999999975
1,112,Cucurella,8,2,52,19,5.5619999999999985,False,1,1,10.4,5.5619999999999985
2,285,Alexander-Arnold,14,2,72,19,4.484,False,1,1,16.7,4.484
3,332,Shaw,1,2,49,19,4.168,False,1,1,8.4,4.168
4,13,Saka,3,3,81,19,5.096,False,1,1,20.0,5.096
5,142,Mount,8,3,76,19,7.6110000000000015,True,2,1,8.7,15.222000000000003
6,283,Salah,14,3,129,19,7.0070000000000014,False,1,1,34.6,7.0070000000000014
7,304,Sterling,8,3,97,19,7.52,False,1,1,4.3,7.52
8,346,Andreas,54,3,46,19,5.959,False,1,1,24.2,5.959
9,210,Mitrović,54,4,71,19,7.061,False,1,1,27.5,7.061
10,318,Haaland,43,4,122,19,5.608,False,1,1,84.7,5.608
11,502,Carson,43,1,38,19,0.0,False,0,0,0.4,0.0
12,322,Wilson-Esbrand,43,2,38,19,0.0,False,0,0,1.1,0.0
13,343,B.Williams,1,2,38,19,0.111,False,0,0,3.3,0.0
14,54,Archer,7,4,42,19,0.264,False,0,0,2.7,0.0
