,player_id,web_name,team_code,element_type,now_cost,event,points_md,is_captain,multiplier,starting_lineup,selected_by_percent,gw_points
0,2,Leno,54,1,45,19,6.567,False,1,1,2.1,6.567
1,127,Azpilicueta,8,2,48,19,5.4479999999999995,False,1,1,1.8,5.4479999999999995
2,329,Varane,1,2,48,19,3.803,False,1,1,2.6,3.803
3,417,Perraud,20,2,44,19,3.888,False,1,1,0.9,3.888
4,220,Palhinha,54,3,50,19,5.035,False,1,1,0.3,5.035
5,304,Sterling,8,3,97,19,7.195,True,2,1,4.5,14.39
6,333,Fernandes,1,3,98,19,4.712,False,1,1,3.3,4.712
7,609,Antony,1,3,75,19,4.8610000000000015,False,1,1,3.9,4.8610000000000015
8,614,Willian,54,3,55,19,5.767,False,1,1,0.2,5.767
9,40,Watkins,7,4,71,19,4.265,False,1,1,2.4,4.265
10,617,Aubameyang,8,4,86,19,5.078,False,1,1,1.0,5.078
11,31,Martínez,7,1,49,19,3.832,False,0,0,3.9,0.0
12,33,Digne,7,2,46,19,3.554,False,0,0,1.7,0.0
13,409,Walker-Peters,20,2,44,19,3.48,False,0,0,0.7,0.0
14,11,Nketiah,3,4,65,19,4.247,False,0,0,2.9,0.0
