,player_id,web_name,team_code,element_type,now_cost,event,points_md,is_captain,multiplier,starting_lineup,selected_by_percent,gw_points
0,548,Mendy,8,1,51,30,4.833,False,1,1,8.1,4.833
1,156,Keane,11,2,51,30,4.112,False,1,1,6.0,4.112
2,200,Dallas,2,2,51,30,4.707,False,1,1,25.3,4.707
3,300,Shaw,1,2,52,30,4.8580000000000005,False,1,1,13.5,4.8580000000000005
4,369,Vestergaard,20,2,47,30,4.016,False,1,1,3.2,4.016
5,120,Mount,8,3,70,30,5.444,False,1,1,14.6,5.444
6,275,Mahrez,43,3,81,30,4.663,False,1,1,7.3,4.663
7,302,Fernandes,1,3,115,30,5.537000000000001,False,1,1,56.4,5.537000000000001
8,570,Raphinha,2,3,57,30,4.758,False,1,1,16.3,4.758
9,164,Calvert-Lewin,11,4,76,30,4.435,False,1,1,35.9,4.435
10,388,Kane,6,4,116,30,6.377999999999999,True,2,1,45.6,12.755999999999998
11,157,Pickford,11,1,48,30,4.297,False,0,0,5.0,0.0
12,102,Azpilicueta,8,2,58,30,4.926,False,0,0,6.5,0.0
13,370,Ward-Prowse,20,3,59,30,4.038,False,0,0,10.2,0.0
14,202,Bamford,2,4,67,30,4.767,False,0,0,48.3,0.0
