,player_id,web_name,team_code,element_type,now_cost,event,points_md,is_captain,multiplier,starting_lineup,selected_by_percent,gw_points
0,291,de Gea,1,1,53,18,3.91,False,1,1,4.6,3.91
1,17,Tierney,3,2,54,18,4.288,False,1,1,9.9,4.288
2,308,Lindelöf,1,2,48,18,3.915,False,1,1,1.2,3.915
3,351,Baldock,49,2,50,18,3.686,False,1,1,1.1,3.686
4,556,Dias,43,2,58,18,4.605,False,1,1,9.1,4.605
5,24,Saka,3,3,53,18,4.159,False,1,1,9.9,4.159
6,45,El Ghazi,7,3,58,18,3.998,False,1,1,4.3,3.998
7,272,De Bruyne,43,3,117,18,7.122000000000001,True,2,1,25.1,14.244000000000002
8,302,Fernandes,1,3,113,18,6.09,False,1,1,52.7,6.09
9,506,Wilson,4,4,65,18,4.106,False,1,1,18.6,4.106
10,514,Watkins,7,4,61,18,4.404,False,1,1,8.5,4.404
11,8,Leno,3,1,49,18,4.144,False,0,0,9.3,0.0
12,273,Stones,43,2,50,18,4.327,False,0,0,6.3,0.0
13,474,Neto,39,3,60,18,4.001,False,0,0,16.0,0.0
14,388,Kane,6,4,110,18,5.3610000000000015,False,0,0,44.7,0.0
