,player_id,web_name,team_code,element_type,now_cost,event,points_md,is_captain,multiplier,starting_lineup,selected_by_percent,gw_points
0,8,Leno,3,1,49,18,4.144,False,1,1,9.3,4.144
1,17,Tierney,3,2,54,18,4.288,False,1,1,10.1,4.288
2,273,Stones,43,2,50,18,4.327,False,1,1,6.4,4.327
3,308,Lindelöf,1,2,48,18,3.915,False,1,1,1.3,3.915
4,556,Dias,43,2,58,18,4.605,False,1,1,9.1,4.605
5,24,Saka,3,3,53,18,4.159,False,1,1,10.0,4.159
6,272,De Bruyne,43,3,117,18,7.122000000000001,True,2,1,25.3,14.244000000000002
7,302,Fernandes,1,3,113,18,6.09,False,1,1,52.8,6.09
8,306,Rashford,1,3,96,18,5.452000000000001,False,1,1,12.3,5.452000000000001
9,388,Kane,6,4,110,18,5.3610000000000015,False,1,1,44.7,5.3610000000000015
10,514,Watkins,7,4,61,18,4.404,False,1,1,8.5,4.404
11,483,Ramsdale,49,1,47,18,3.817,False,0,0,2.1,0.0
12,509,Ampadu,49,2,43,18,3.117,False,0,0,0.5,0.0
13,98,Brownhill,90,3,49,18,2.428,False,0,0,0.1,0.0
14,344,McGoldrick,49,4,52,18,3.673,False,0,0,1.8,0.0
