,player_id,web_name,team_code,element_type,now_cost,event,points_md,is_captain,multiplier,starting_lineup,selected_by_percent,gw_points
0,31,Martínez,7,1,49,28,3.8510000000000004,False,1,1,4.7,3.8510000000000004
1,39,Mings,7,2,43,28,3.5669999999999997,False,1,1,4.4,3.5669999999999997
2,92,Pinnock,94,2,44,28,3.574,False,1,1,1.3,3.574
3,272,W.Fofana,8,2,43,28,3.614,False,1,1,1.1,3.614
4,459,Dawson,39,2,48,28,3.733,False,1,1,0.9,3.733
5,42,Buendía,7,3,57,28,3.8539999999999996,False,1,1,0.7,3.8539999999999996
6,480,Neves,39,3,54,28,3.6830000000000003,False,1,1,2.4,3.6830000000000003
7,493,Gibbs-White,17,3,55,28,3.488,False,1,1,0.5,3.488
8,95,Mbeumo,94,4,59,28,3.795,False,1,1,4.8,3.795
9,145,Havertz,8,4,75,28,4.842,True,2,1,4.8,9.684
10,690,João Félix,8,4,76,28,4.109,False,1,1,3.2,4.109
11,426,Forster,6,1,39,28,3.6189999999999998,False,0,0,4.4,0.0
12,482,Semedo,39,2,50,28,3.425,False,0,0,0.7,0.0
13,368,Saint-Maximin,4,3,61,28,3.258,False,0,0,3.3,0.0
14,374,Bruno Guimarães,4,3,55,28,3.26,False,0,0,2.6,0.0
