,player_id,web_name,team_code,element_type,now_cost,event,points_md,is_captain,multiplier,starting_lineup,selected_by_percent,gw_points
0,559,Ramsdale,3,1,48,13,3.992,False,1,1,11.5,3.992
1,23,Gabriel,3,2,51,13,4.297,False,1,1,2.3,4.297
2,142,James,8,2,61,13,4.865,False,1,1,26.4,4.865
3,237,Alexander-Arnold,14,2,78,13,6.3820000000000014,False,1,1,33.3,6.3820000000000014
4,64,Trossard,36,3,65,13,4.519,False,1,1,3.0,4.519
5,96,Mbeumo,94,3,56,13,4.238,False,1,1,4.2,4.238
6,230,Mané,14,3,119,13,6.392,False,1,1,4.4,6.392
7,233,Salah,14,3,130,13,8.21,True,2,1,72.0,16.42
8,4,Aubameyang,3,4,99,13,5.817,False,1,1,4.2,5.817
9,78,Toney,94,4,67,13,4.747,False,1,1,21.2,4.747
10,315,Pukki,45,4,58,13,4.408,False,1,1,4.5,4.408
11,376,Foster,57,1,41,13,3.277,False,0,0,23.2,0.0
12,71,Lamptey,36,2,44,13,3.295,False,0,0,0.8,0.0
13,208,Amartey,13,2,39,13,2.155,False,0,0,9.4,0.0
14,115,Brownhill,90,3,44,13,2.698,False,0,0,4.0,0.0
