,player_id,web_name,team_code,element_type,now_cost,event,points_md,is_captain,multiplier,starting_lineup,selected_by_percent,gw_points
0,112,Pope,90,1,54,31,6.875,False,1,1,3.1,6.875
1,59,Dunk,36,2,48,31,4.454,False,1,1,2.1,4.454
2,224,Matip,14,2,49,31,5.252000000000002,False,1,1,4.0,5.252000000000002
3,414,Dawson,21,2,49,31,4.371,False,1,1,1.2,4.371
4,118,McNeil,90,3,56,31,5.638,False,1,1,0.3,5.638
5,230,Mané,14,3,117,31,6.439,False,1,1,3.6,6.439
6,484,Gray,11,3,55,31,5.408,False,1,1,5.0,5.408
7,503,Gordon,11,3,45,31,5.436,False,1,1,2.4,5.436
8,696,Luis Díaz,14,3,80,31,4.414,False,1,1,2.6,4.414
9,177,Calvert-Lewin,11,4,77,31,5.1869999999999985,False,1,1,3.2,5.1869999999999985
10,700,Weghorst,90,4,64,31,7.624,True,2,1,4.6,15.248
11,408,Fabianski,21,1,50,31,3.889,False,0,0,2.7,0.0
12,71,Lamptey,36,2,45,31,4.132,False,0,0,2.2,0.0
13,584,Cucurella,36,2,50,31,4.166,False,0,0,2.7,0.0
14,583,Hwang,39,4,54,31,3.5389999999999997,False,0,0,4.6,0.0
