,player_id,web_name,team_code,element_type,now_cost,event,points_md,is_captain,multiplier,starting_lineup,selected_by_percent,gw_points
0,170,Pickford,11,1,49,31,6.6679999999999975,False,1,1,4.4,6.6679999999999975
1,59,Dunk,36,2,48,31,4.454,False,1,1,2.1,4.454
2,224,Matip,14,2,49,31,5.252000000000002,False,1,1,4.0,5.252000000000002
3,234,Robertson,14,2,72,31,6.138,False,1,1,9.1,6.138
4,414,Dawson,21,2,49,31,4.371,False,1,1,1.2,4.371
5,22,Saka,3,3,67,31,4.664,False,1,1,31.5,4.664
6,138,Mount,8,3,75,31,5.734,False,1,1,13.9,5.734
7,233,Salah,14,3,133,31,8.724,True,2,1,60.2,17.448
8,503,Gordon,11,3,45,31,5.436,False,1,1,2.4,5.436
9,180,Richarlison,11,4,75,31,6.575,False,1,1,5.1,6.575
10,357,Kane,6,4,125,31,6.105,False,1,1,23.2,6.105
11,112,Pope,90,1,54,31,6.875,False,0,0,3.1,0.0
12,370,Reguilón,6,2,52,31,4.434,False,0,0,12.1,0.0
13,115,Brownhill,90,3,43,31,5.443,False,0,0,2.7,0.0
14,700,Weghorst,90,4,64,31,7.624,False,0,0,4.6,0.0
