,player_id,web_name,team_code,element_type,now_cost,event,points_md,is_captain,multiplier,starting_lineup,selected_by_percent,gw_points
0,112,Pope,90,1,54,31,6.841,False,1,1,3.1,6.841
1,165,Coleman,11,2,49,31,4.989,False,1,1,0.7,4.989
2,224,Matip,14,2,49,31,5.239,False,1,1,4.0,5.239
3,234,Robertson,14,2,72,31,6.171,False,1,1,9.2,6.171
4,118,McNeil,90,3,56,31,5.553,False,1,1,0.3,5.553
5,138,Mount,8,3,75,31,5.729,False,1,1,13.9,5.729
6,233,Salah,14,3,133,31,8.732000000000001,True,2,1,60.2,17.464000000000002
7,484,Gray,11,3,55,31,5.605,False,1,1,5.0,5.605
8,180,Richarlison,11,4,75,31,6.593,False,1,1,5.1,6.593
9,357,Kane,6,4,125,31,6.069,False,1,1,23.3,6.069
10,700,Weghorst,90,4,64,31,7.5779999999999985,False,1,1,4.6,7.5779999999999985
11,69,Sánchez,36,1,46,31,4.01,False,0,0,16.0,0.0
12,71,Lamptey,36,2,45,31,3.986,False,0,0,2.2,0.0
13,414,Dawson,21,2,49,31,4.313,False,0,0,1.2,0.0
14,74,Mac Allister,36,3,52,31,4.2360000000000015,False,0,0,0.6,0.0
