,player_id,web_name,team_code,element_type,now_cost,event,points_md,is_captain,multiplier,starting_lineup,selected_by_percent,gw_points
0,307,Ederson,43,1,55,8,2.633,False,1,1,16.9,2.633
1,33,Digne,7,2,47,8,2.386,False,1,1,2.0,2.386
2,357,Trippier,4,2,52,8,2.801,False,1,1,35.9,2.801
3,366,Schär,4,2,47,8,2.45,False,1,1,7.8,2.45
4,301,De Bruyne,43,3,122,8,3.3810000000000002,False,1,1,25.6,3.3810000000000002
5,333,Fernandes,1,3,98,8,2.681,False,1,1,2.5,2.681
6,335,Rashford,1,3,66,8,2.864,False,1,1,17.9,2.864
7,465,Bowen,21,3,81,8,2.7060000000000004,False,1,1,2.4,2.7060000000000004
8,210,Mitrović,54,4,69,8,3.1839999999999997,False,1,1,25.9,3.1839999999999997
9,318,Haaland,43,4,120,8,3.699,True,2,1,79.3,7.398
10,594,Isak,4,4,70,8,2.977,False,1,1,4.7,2.977
11,182,Pickford,11,1,45,8,2.315,False,0,0,5.4,0.0
12,197,Patterson,11,2,41,8,1.4469999999999998,False,0,0,7.0,0.0
13,295,N.Williams,17,2,41,8,2.043,False,0,0,27.3,0.0
14,346,Andreas,54,3,46,8,2.245,False,0,0,24.9,0.0
