,player_id,web_name,team_code,element_type,now_cost,event,points_md,is_captain,multiplier,starting_lineup,selected_by_percent,gw_points
0,376,Pope,4,1,51,8,4.0169999999999995,False,1,1,12.7,4.0169999999999995
1,306,Cancelo,43,2,71,8,4.237,False,1,1,48.7,4.237
2,308,Aké,43,2,50,8,3.846,False,1,1,0.8,3.846
3,357,Trippier,4,2,52,8,4.205,False,1,1,36.6,4.205
4,367,Targett,4,2,49,8,3.87,False,1,1,0.9,3.87
5,448,Perišić,6,2,56,8,4.059,False,1,1,26.1,4.059
6,13,Saka,3,3,78,8,4.423,False,1,1,10.8,4.423
7,428,Son,6,3,117,8,5.4510000000000005,False,1,1,8.5,5.4510000000000005
8,210,Mitrović,54,4,69,8,5.1960000000000015,False,1,1,26.2,5.1960000000000015
9,318,Haaland,43,4,120,8,6.17,False,1,1,79.3,6.17
10,427,Kane,6,4,114,8,6.282,True,2,1,16.9,12.564
11,548,Iversen,13,1,39,8,0.008,False,0,0,3.3,0.0
12,4,Elneny,3,3,43,8,0.0,False,0,0,0.8,0.0
13,48,Chukwuemeka,8,3,43,8,0.0,False,0,0,0.6,0.0
14,551,Iqbal,1,3,43,8,0.0,False,0,0,0.2,0.0
