,player_id,web_name,team_code,element_type,now_cost,event,points_md,is_captain,multiplier,starting_lineup,selected_by_percent,gw_points
0,2,Leno,54,1,45,8,2.8339999999999996,False,1,1,1.4,2.8339999999999996
1,33,Digne,7,2,47,8,2.925,False,1,1,2.0,2.925
2,308,Aké,43,2,50,8,2.5860000000000003,False,1,1,0.8,2.5860000000000003
3,367,Targett,4,2,49,8,2.7439999999999998,False,1,1,0.8,2.7439999999999998
4,29,Coutinho,7,3,67,8,3.056,False,1,1,4.1,3.056
5,369,Almirón,4,3,50,8,2.6510000000000002,False,1,1,1.8,2.6510000000000002
6,465,Bowen,21,3,81,8,3.0839999999999996,False,1,1,2.4,3.0839999999999996
7,493,Gibbs-White,17,3,55,8,2.678,False,1,1,0.4,2.678
8,40,Watkins,7,4,73,8,3.449,True,2,1,2.2,6.898
9,394,Johnson,17,4,59,8,2.907,False,1,1,1.4,2.907
10,594,Isak,4,4,70,8,3.3,False,1,1,4.7,3.3
11,422,Bazunu,20,1,45,8,2.64,False,0,0,0.7,0.0
12,209,Tosin,54,2,45,8,2.2880000000000003,False,0,0,0.1,0.0
13,602,Renan Lodi,17,2,45,8,2.443,False,0,0,0.2,0.0
14,195,Gordon,11,3,55,8,2.647,False,0,0,2.8,0.0
