,player_id,web_name,team_code,element_type,now_cost,event,points_md,is_captain,multiplier,starting_lineup,selected_by_percent,gw_points
0,478,Sá,39,1,50,2,3.8510000000000004,False,1,1,3.8,3.8510000000000004
1,33,Digne,7,2,50,2,3.909,False,1,1,4.1,3.909
2,276,Matip,14,2,60,2,4.848,True,2,1,2.6,9.696
3,308,Aké,43,2,50,2,4.7010000000000005,False,1,1,1.2,4.7010000000000005
4,111,Trossard,36,3,65,2,3.596,False,1,1,2.3,3.596
5,333,Fernandes,1,3,100,2,4.084,False,1,1,3.1,4.084
6,480,Neves,39,3,55,2,3.957,False,1,1,1.8,3.957
7,483,Podence,39,3,55,2,3.67,False,1,1,1.4,3.67
8,40,Watkins,7,4,75,2,4.027,False,1,1,3.4,4.027
9,227,Bamford,2,4,75,2,4.178,False,1,1,1.5,4.178
10,411,Adams,20,4,65,2,3.971,False,1,1,0.7,3.971
11,376,Pope,4,1,50,2,3.549,False,0,0,4.5,0.0
12,50,Diego Carlos,7,2,50,2,3.4960000000000004,False,0,0,1.1,0.0
13,461,Zouma,21,2,45,2,3.503,False,0,0,1.5,0.0
14,315,Rodri,43,3,60,2,3.5610000000000004,False,0,0,2.9,0.0
