,player_id,web_name,team_code,element_type,now_cost,event,points_md,is_captain,multiplier,starting_lineup,selected_by_percent,gw_points
0,113,Sánchez,36,1,45,2,3.772,False,1,1,11.2,3.772
1,284,Robertson,14,2,70,2,5.265,False,1,1,12.2,5.265
2,285,Alexander-Arnold,14,2,75,2,6.14,False,1,1,57.0,6.14
3,299,Walker,43,2,50,2,4.8389999999999995,False,1,1,10.4,4.8389999999999995
4,13,Saka,3,3,80,2,5.166,False,1,1,22.1,5.166
5,19,Martinelli,3,3,61,2,4.261,False,1,1,25.0,4.261
6,293,Luis Díaz,14,3,80,2,5.33,False,1,1,20.3,5.33
7,486,Neto,39,3,55,2,4.019,False,1,1,16.8,4.019
8,28,Jesus,3,4,80,2,4.612,False,1,1,72.2,4.612
9,80,Toney,94,4,70,2,4.327,False,1,1,5.6,4.327
10,318,Haaland,43,4,116,2,7.354,True,2,1,53.6,14.708
11,478,Sá,39,1,50,2,3.8510000000000004,False,0,0,3.8,0.0
12,33,Digne,7,2,50,2,3.909,False,0,0,4.1,0.0
13,312,Dias,43,2,60,2,5.22,False,0,0,12.1,0.0
14,480,Neves,39,3,55,2,3.957,False,0,0,1.8,0.0
