,player_id,web_name,team_code,element_type,now_cost,event,points_md,is_captain,multiplier,starting_lineup,selected_by_percent,gw_points
0,2,Leno,54,1,46,36,3.497,False,1,1,3.5,3.497
1,167,Guéhi,31,2,45,36,3.6189999999999998,False,1,1,2.3,3.6189999999999998
2,337,Lindelöf,1,2,41,36,3.5780000000000003,False,1,1,0.7,3.5780000000000003
3,358,Burn,4,2,45,36,6.519,False,1,1,4.2,6.519
4,120,Caicedo,36,3,50,36,4.56,False,1,1,0.4,4.56
5,159,J.Ayew,31,3,52,36,4.323,False,1,1,0.4,4.323
6,171,Olise,31,3,53,36,4.177,False,1,1,1.9,4.177
7,371,Joelinton,4,3,60,36,6.683,True,2,1,2.6,13.366
8,374,Bruno Guimarães,4,3,55,36,6.364000000000001,False,1,1,2.8,6.364000000000001
9,66,Solanke,91,4,57,36,3.9010000000000002,False,1,1,4.4,3.9010000000000002
10,103,Welbeck,36,4,65,36,4.311,False,1,1,1.9,4.311
11,401,McCarthy,20,1,43,36,3.365,False,0,0,0.1,0.0
12,85,Henry,94,2,44,36,3.2969999999999997,False,0,0,2.9,0.0
13,92,Pinnock,94,2,44,36,3.5260000000000002,False,0,0,1.0,0.0
14,145,Havertz,8,4,74,36,3.778,False,0,0,3.1,0.0
