,player_id,web_name,team_code,element_type,now_cost,event,points_md,is_captain,multiplier,starting_lineup,selected_by_percent,gw_points
0,102,Steele,36,1,39,29,7.51,False,1,1,2.2,7.51
1,106,Dunk,36,2,47,29,7.0779999999999985,False,1,1,4.9,7.0779999999999985
2,461,Zouma,21,2,44,29,6.6590000000000025,False,1,1,1.1,6.6590000000000025
3,559,Colwill,36,2,44,29,6.2920000000000025,False,1,1,0.1,6.2920000000000025
4,264,Barnes,13,3,67,29,6.728,False,1,1,2.1,6.728
5,464,Benrahma,21,3,55,29,6.7159999999999975,False,1,1,1.0,6.7159999999999975
6,465,Bowen,21,3,80,29,8.012,False,1,1,3.1,8.012
7,493,Gibbs-White,17,3,55,29,7.268000000000002,False,1,1,0.7,7.268000000000002
8,609,Antony,1,3,73,29,6.9910000000000005,False,1,1,2.8,6.9910000000000005
9,66,Solanke,91,4,55,29,8.103,True,2,1,2.1,16.206
10,690,João Félix,8,4,76,29,7.141,False,1,1,4.0,7.141
11,729,Navas,17,1,45,29,6.791,False,0,0,1.0,0.0
12,358,Burn,4,2,45,29,5.8660000000000005,False,0,0,4.0,0.0
13,689,Badiashile,8,2,50,29,5.992999999999999,False,0,0,0.8,0.0
14,227,Bamford,2,4,71,29,6.03,False,0,0,0.5,0.0
