,player_id,web_name,team_code,element_type,now_cost,event,points_md,is_captain,multiplier,starting_lineup,selected_by_percent,gw_points
0,455,Fabianski,21,1,49,34,6.422999999999999,False,1,1,1.2,6.422999999999999
1,106,Dunk,36,2,48,34,7.0600000000000005,False,1,1,6.5,7.0600000000000005
2,284,Robertson,14,2,68,34,8.169,False,1,1,6.4,8.169
3,285,Alexander-Arnold,14,2,75,34,9.707999999999998,False,1,1,23.6,9.707999999999998
4,312,Dias,43,2,60,34,7.574,False,1,1,7.0,7.574
5,107,March,36,3,52,34,9.188,False,1,1,12.2,9.188
6,124,Mitoma,36,3,56,34,9.061,False,1,1,27.0,9.061
7,283,Salah,14,3,130,34,13.412,True,2,1,33.0,26.824
8,335,Rashford,1,3,71,34,9.201,False,1,1,36.5,9.201
9,318,Haaland,43,4,123,34,13.213,False,1,1,80.4,13.213
10,345,Martial,1,4,63,34,5.734,False,1,1,1.3,5.734
11,307,Ederson,43,1,54,34,8.05,False,0,0,13.8,0.0
12,332,Shaw,1,2,51,34,5.396,False,0,0,14.7,0.0
13,346,Andreas,54,3,44,34,6.244,False,0,0,14.3,0.0
14,66,Solanke,91,4,56,34,5.02,False,0,0,3.5,0.0
