,player_id,web_name,team_code,element_type,now_cost,event,points_md,is_captain,multiplier,starting_lineup,selected_by_percent,gw_points
0,559,Ramsdale,3,1,48,13,3.998,False,1,1,12.0,3.998
1,23,Gabriel,3,2,51,13,4.221,False,1,1,2.4,4.221
2,142,James,8,2,61,13,5.268,False,1,1,30.7,5.268
3,237,Alexander-Arnold,14,2,78,13,6.393,False,1,1,35.5,6.393
4,64,Trossard,36,3,65,13,4.745,False,1,1,3.2,4.745
5,212,Maddison,13,3,66,13,4.707,False,1,1,3.7,4.707
6,233,Salah,14,3,130,13,8.261000000000001,True,2,1,72.3,16.522000000000002
7,240,Jota,14,3,76,13,5.785,False,1,1,15.1,5.785
8,4,Aubameyang,3,4,99,13,5.886,False,1,1,4.3,5.886
9,78,Toney,94,4,67,13,4.625,False,1,1,21.1,4.625
10,430,Jiménez,39,4,78,13,4.6789999999999985,False,1,1,12.8,4.6789999999999985
11,146,Guaita,31,1,46,13,3.688,False,0,0,8.3,0.0
12,83,Henry,94,2,45,13,3.691,False,0,0,1.6,0.0
13,439,Kilman,39,2,45,13,3.472,False,0,0,0.4,0.0
14,115,Brownhill,90,3,44,13,2.707,False,0,0,4.0,0.0
