,player_id,web_name,team_code,element_type,now_cost,event,points_md,is_captain,multiplier,starting_lineup,selected_by_percent,gw_points
0,425,Lloris,6,1,54,31,3.975,False,1,1,3.3,3.975
1,180,Keane,11,2,42,31,3.641,False,1,1,0.4,3.641
2,302,Stones,43,2,54,31,3.733,False,1,1,2.3,3.733
3,443,Romero,6,2,49,31,3.73,False,1,1,1.5,3.73
4,733,Pedro Porro,6,2,48,31,4.931,False,1,1,0.7,4.931
5,189,Gray,11,3,52,31,3.83,False,1,1,0.6,3.83
6,303,Mahrez,43,3,73,31,5.169,False,1,1,4.7,5.169
7,305,Grealish,43,3,69,31,5.186,True,2,1,4.9,10.372
8,609,Antony,1,3,73,31,3.832,False,1,1,2.8,3.832
9,680,Gakpo,14,3,77,31,4.178999999999999,False,1,1,3.4,4.178999999999999
10,356,Wilson,4,4,69,31,3.758,False,1,1,3.3,3.758
11,422,Bazunu,20,1,45,31,3.54,False,0,0,0.7,0.0
12,199,Tarkowski,11,2,42,31,3.5260000000000002,False,0,0,4.4,0.0
13,95,Mbeumo,94,4,59,31,3.498,False,0,0,4.0,0.0
14,394,Johnson,17,4,57,31,3.595,False,0,0,2.1,0.0
