,player_id,web_name,team_code,element_type,now_cost,event,points_md,is_captain,multiplier,starting_lineup,selected_by_percent,gw_points
0,425,Lloris,6,1,54,31,4.015,False,1,1,3.3,4.015
1,329,Varane,1,2,48,31,3.633,False,1,1,3.1,3.633
2,443,Romero,6,2,49,31,3.668,False,1,1,1.5,3.668
3,733,Pedro Porro,6,2,48,31,5.246,True,2,1,0.7,10.492
4,189,Gray,11,3,52,31,3.931,False,1,1,0.6,3.931
5,303,Mahrez,43,3,73,31,4.618,False,1,1,4.7,4.618
6,315,Rodri,43,3,56,31,3.76,False,1,1,1.8,3.76
7,609,Antony,1,3,73,31,3.958,False,1,1,2.8,3.958
8,680,Gakpo,14,3,77,31,4.059,False,1,1,3.4,4.059
9,145,Havertz,8,4,76,31,4.2589999999999995,False,1,1,5.0,4.2589999999999995
10,356,Wilson,4,4,69,31,3.775,False,1,1,3.3,3.775
11,2,Leno,54,1,45,31,3.4730000000000003,False,0,0,3.4,0.0
12,180,Keane,11,2,42,31,3.548,False,0,0,0.4,0.0
13,199,Tarkowski,11,2,42,31,3.508,False,0,0,4.4,0.0
14,394,Johnson,17,4,57,31,3.5069999999999997,False,0,0,2.1,0.0
