,player_id,web_name,team_code,element_type,now_cost,event,points_md,is_captain,multiplier,starting_lineup,selected_by_percent,gw_points
0,327,De Gea,1,1,50,31,3.8939999999999997,False,1,1,11.6,3.8939999999999997
1,180,Keane,11,2,42,31,3.662,False,1,1,0.4,3.662
2,430,Dier,6,2,51,31,3.832,False,1,1,6.2,3.832
3,733,Pedro Porro,6,2,48,31,5.1960000000000015,False,1,1,0.7,5.1960000000000015
4,7,Ødegaard,3,3,67,31,4.263,False,1,1,29.9,4.263
5,13,Saka,3,3,86,31,5.428999999999999,False,1,1,40.9,5.428999999999999
6,301,De Bruyne,43,3,121,31,5.9979999999999976,False,1,1,25.6,5.9979999999999976
7,305,Grealish,43,3,69,31,4.9319999999999995,False,1,1,4.9,4.9319999999999995
8,335,Rashford,1,3,73,31,5.651,False,1,1,53.7,5.651
9,318,Haaland,43,4,121,31,7.23,True,2,1,76.2,14.46
10,427,Kane,6,4,117,31,6.435,False,1,1,39.9,6.435
11,236,Klaesson,2,1,38,31,0.054000000000000006,False,0,0,0.5,0.0
12,253,Vestergaard,13,2,38,31,0.0,False,0,0,5.2,0.0
13,489,Toti,39,2,38,31,0.456,False,0,0,1.4,0.0
14,237,Greenwood,2,4,40,31,0.688,False,0,0,9.5,0.0
