,player_id,web_name,team_code,element_type,now_cost,event,points_md,is_captain,multiplier,starting_lineup,selected_by_percent,gw_points
0,307,Ederson,43,1,55,9,4.055,False,1,1,16.4,4.055
1,268,Justin,13,2,43,9,3.6260000000000003,False,1,1,0.9,3.6260000000000003
2,280,Van Dijk,14,2,65,9,4.437,False,1,1,13.4,4.437
3,285,Alexander-Arnold,14,2,74,9,4.829,False,1,1,36.8,4.829
4,233,Harrison,2,3,62,9,4.0360000000000005,False,1,1,4.7,4.0360000000000005
5,261,Maddison,13,3,79,9,5.454,False,1,1,5.8,5.454
6,283,Salah,14,3,129,9,6.18,False,1,1,35.4,6.18
7,465,Bowen,21,3,81,9,4.975,False,1,1,3.9,4.975
8,66,Solanke,91,4,57,9,4.276,False,1,1,0.5,4.276
9,210,Mitrović,54,4,69,9,4.857,False,1,1,30.5,4.857
10,318,Haaland,43,4,120,9,6.626,True,2,1,80.9,13.252
11,24,Turner,3,1,39,9,0.11,False,0,0,1.5,0.0
12,253,Vestergaard,13,2,39,9,0.11800000000000001,False,0,0,7.0,0.0
13,322,Wilson-Esbrand,43,2,39,9,0.034,False,0,0,0.7,0.0
14,383,Cafú,17,3,43,9,0.138,False,0,0,0.4,0.0
