,player_id,web_name,team_code,element_type,now_cost,event,points_md,is_captain,multiplier,starting_lineup,selected_by_percent,gw_points
0,455,Fabianski,21,1,50,9,3.765,False,1,1,1.2,3.765
1,249,Evans,13,2,44,9,3.483,False,1,1,0.3,3.483
2,276,Matip,14,2,59,9,3.9739999999999998,False,1,1,0.9,3.9739999999999998
3,461,Zouma,21,2,45,9,3.319,False,1,1,1.5,3.319
4,195,Gordon,11,3,56,9,3.67,False,1,1,4.8,3.67
5,233,Harrison,2,3,62,9,3.9560000000000004,False,1,1,4.7,3.9560000000000004
6,264,Barnes,13,3,69,9,3.967,False,1,1,1.1,3.967
7,465,Bowen,21,3,81,9,4.772,True,2,1,3.9,9.544
8,66,Solanke,91,4,57,9,4.258,False,1,1,0.5,4.258
9,227,Bamford,2,4,73,9,4.603,False,1,1,0.4,4.603
10,255,Vardy,13,4,92,9,4.752,False,1,1,2.3,4.752
11,422,Bazunu,20,1,45,9,3.614,False,0,0,0.8,0.0
12,292,Tsimikas,14,2,45,9,3.2060000000000004,False,0,0,0.2,0.0
13,409,Walker-Peters,20,2,45,9,3.261,False,0,0,1.5,0.0
14,142,Mount,8,3,76,9,3.4130000000000003,False,0,0,3.4,0.0
