,player_id,web_name,team_code,element_type,now_cost,event,points_md,is_captain,multiplier,starting_lineup,selected_by_percent,gw_points
0,307,Ederson,43,1,55,9,4.035,False,1,1,16.4,4.035
1,276,Matip,14,2,59,9,4.103,False,1,1,0.9,4.103
2,280,Van Dijk,14,2,65,9,4.465,False,1,1,13.4,4.465
3,285,Alexander-Arnold,14,2,74,9,4.952,False,1,1,36.7,4.952
4,19,Martinelli,3,3,66,9,4.043,False,1,1,47.7,4.043
5,160,Zaha,31,3,72,9,4.3210000000000015,False,1,1,15.1,4.3210000000000015
6,261,Maddison,13,3,79,9,5.414,False,1,1,5.8,5.414
7,465,Bowen,21,3,81,9,4.987,False,1,1,3.9,4.987
8,210,Mitrović,54,4,69,9,5.063,False,1,1,30.5,5.063
9,255,Vardy,13,4,92,9,5.353,False,1,1,2.3,5.353
10,318,Haaland,43,4,120,9,6.5329999999999995,True,2,1,80.9,13.065999999999999
11,254,Ward,13,1,40,9,3.292,False,0,0,25.9,0.0
12,463,Coufal,21,2,44,9,3.093,False,0,0,1.2,0.0
13,489,Toti,39,2,39,9,2.342,False,0,0,0.9,0.0
14,94,Baptiste,94,3,45,9,2.612,False,0,0,0.3,0.0
