,player_id,web_name,team_code,element_type,now_cost,event,points_md,is_captain,multiplier,starting_lineup,selected_by_percent,gw_points
0,455,Fabianski,21,1,50,9,3.8089999999999997,False,1,1,1.2,3.8089999999999997
1,249,Evans,13,2,44,9,3.5210000000000004,False,1,1,0.3,3.5210000000000004
2,276,Matip,14,2,59,9,3.972,False,1,1,0.9,3.972
3,461,Zouma,21,2,45,9,3.4730000000000003,False,1,1,1.6,3.4730000000000003
4,195,Gordon,11,3,56,9,3.866,False,1,1,4.8,3.866
5,233,Harrison,2,3,62,9,3.985,False,1,1,4.7,3.985
6,264,Barnes,13,3,69,9,4.14,False,1,1,1.2,4.14
7,465,Bowen,21,3,81,9,4.596,True,2,1,3.8,9.192
8,66,Solanke,91,4,57,9,4.217,False,1,1,0.8,4.217
9,227,Bamford,2,4,73,9,4.227,False,1,1,0.4,4.227
10,356,Wilson,4,4,72,9,4.192,False,1,1,0.7,4.192
11,238,Meslier,2,1,45,9,3.5989999999999998,False,0,0,2.2,0.0
12,292,Tsimikas,14,2,45,9,3.404,False,0,0,0.3,0.0
13,409,Walker-Peters,20,2,45,9,3.437,False,0,0,1.5,0.0
14,142,Mount,8,3,76,9,3.682,False,0,0,3.4,0.0
