,player_id,web_name,team_code,element_type,now_cost,event,points_md,is_captain,multiplier,starting_lineup,selected_by_percent,gw_points
0,31,Martínez,7,1,49,28,3.884,False,1,1,4.4,3.884
1,43,Cash,7,2,46,28,3.7889999999999997,False,1,1,3.8,3.7889999999999997
2,139,Chilwell,8,2,58,28,4.3610000000000015,False,1,1,3.2,4.3610000000000015
3,358,Burn,4,2,45,28,3.639,False,1,1,3.6,3.639
4,459,Dawson,39,2,48,28,3.495,False,1,1,0.9,3.495
5,42,Buendía,7,3,57,28,3.8689999999999998,False,1,1,0.6,3.8689999999999998
6,480,Neves,39,3,54,28,3.633,False,1,1,2.4,3.633
7,704,Sarabia,39,3,55,28,3.7939999999999996,False,1,1,0.2,3.7939999999999996
8,95,Mbeumo,94,4,59,28,3.7769999999999997,False,1,1,5.0,3.7769999999999997
9,145,Havertz,8,4,75,28,4.605,True,2,1,3.6,9.21
10,690,João Félix,8,4,76,28,4.086,False,1,1,3.1,4.086
11,426,Forster,6,1,39,28,3.653,False,0,0,4.2,0.0
12,92,Pinnock,94,2,44,28,3.431,False,0,0,1.3,0.0
13,88,Jensen,94,3,48,28,3.323,False,0,0,2.4,0.0
14,368,Saint-Maximin,4,3,61,28,3.403,False,0,0,3.2,0.0
