,player_id,web_name,team_code,element_type,now_cost,event,points_md,is_captain,multiplier,starting_lineup,selected_by_percent,gw_points
0,31,Martínez,7,1,49,28,3.907,False,1,1,4.4,3.907
1,43,Cash,7,2,46,28,3.753,False,1,1,3.8,3.753
2,139,Chilwell,8,2,58,28,4.159,False,1,1,2.9,4.159
3,272,W.Fofana,8,2,43,28,4.272,False,1,1,1.1,4.272
4,358,Burn,4,2,45,28,3.648,False,1,1,3.6,3.648
5,42,Buendía,7,3,57,28,4.164,False,1,1,0.6,4.164
6,480,Neves,39,3,54,28,3.675,False,1,1,2.3,3.675
7,704,Sarabia,39,3,55,28,3.685,False,1,1,0.2,3.685
8,95,Mbeumo,94,4,59,28,4.176,False,1,1,5.0,4.176
9,145,Havertz,8,4,75,28,4.8580000000000005,True,2,1,3.5,9.716000000000001
10,394,Johnson,17,4,57,28,3.677,False,1,1,2.6,3.677
11,426,Forster,6,1,39,28,3.676,False,0,0,4.2,0.0
12,459,Dawson,39,2,48,28,3.6060000000000003,False,0,0,0.9,0.0
13,374,Bruno Guimarães,4,3,55,28,3.431,False,0,0,2.5,0.0
14,446,Kulusevski,6,3,79,28,3.398,False,0,0,4.0,0.0
