,player_id,web_name,team_code,element_type,now_cost,points_md,is_captain,multiplier,starting_lineup,selected_by_percent,gw_points
0,376,Pope,4,1,54,4.4836,False,1,1,20.7,4.4836
1,16,Gabriel,3,2,52,3.8896,False,1,1,13.8,3.8896
2,357,Trippier,4,2,60,4.5356,False,1,1,64.5,4.5356
3,366,Schär,4,2,51,4.0328,False,1,1,12.7,4.0328
4,7,Ødegaard,3,3,69,4.4244,False,1,1,33.3,4.4244
5,13,Saka,3,3,85,5.5775999999999994,True,2,1,40.6,11.155199999999999
6,261,Maddison,13,3,81,4.9628,False,1,1,5.1,4.9628
7,283,Salah,14,3,128,5.208600000000001,False,1,1,28.8,5.208600000000001
8,40,Watkins,7,4,73,5.2396,False,1,1,8.6,5.2396
9,95,Mbeumo,94,4,59,4.2692000000000005,False,1,1,5.0,4.2692000000000005
10,427,Kane,6,4,117,5.5266,False,1,1,37.4,5.5266
11,254,Ward,13,1,40,4.1186,False,0,0,25.2,0.0
12,92,Pinnock,94,2,44,3.3175999999999997,False,0,0,1.3,0.0
13,272,W.Fofana,8,2,43,3.2735999999999996,False,0,0,1.1,0.0
14,45,Bailey,7,3,44,2.9566000000000003,False,0,0,3.3,0.0
