,player_id,web_name,team_code,element_type,now_cost,event,points_md,is_captain,multiplier,starting_lineup,selected_by_percent,gw_points
0,69,Sánchez,36,1,46,25,6.9129999999999985,False,1,1,17.8,6.9129999999999985
1,59,Dunk,36,2,48,25,5.8039999999999985,False,1,1,2.1,5.8039999999999985
2,237,Alexander-Arnold,14,2,85,25,5.759,False,1,1,47.2,5.759
3,256,Cancelo,43,2,71,25,5.087,False,1,1,46.4,5.087
4,273,Maguire,1,2,54,25,7.379,False,1,1,5.0,7.379
5,555,Varane,1,2,55,25,7.695,False,1,1,3.2,7.695
6,233,Salah,14,3,127,25,5.996,False,1,1,38.2,5.996
7,265,Foden,43,3,80,25,5.53,False,1,1,7.9,5.53
8,63,Maupay,36,4,65,25,7.7029999999999985,False,1,1,6.4,7.7029999999999985
9,78,Toney,94,4,66,25,4.676,False,1,1,10.9,4.676
10,579,Ronaldo,1,4,125,25,9.701,True,2,1,28.1,19.402
11,80,Raya,94,1,43,25,3.741,False,0,0,3.1,0.0
12,50,Douglas Luiz,7,3,44,25,2.602,False,0,0,1.9,0.0
13,51,Ramsey,7,3,46,25,2.719,False,0,0,3.2,0.0
14,496,Ramsey,7,3,44,25,2.719,False,0,0,0.2,0.0
