,player_id,web_name,team_code,element_type,now_cost,event,points_md,is_captain,multiplier,starting_lineup,selected_by_percent,gw_points
0,257,Ederson,43,1,60,12,4.223,False,1,1,9.0,4.223
1,237,Alexander-Arnold,14,2,77,12,5.022,False,1,1,28.7,5.022
2,256,Cancelo,43,2,64,12,4.723,False,1,1,26.8,4.723
3,275,Shaw,1,2,52,12,4.373,False,1,1,20.1,4.373
4,96,Mbeumo,94,3,56,12,4.295,False,1,1,4.6,4.295
5,233,Salah,14,3,130,12,7.0779999999999985,True,2,1,71.4,14.155999999999997
6,240,Jota,14,3,75,12,4.957,False,1,1,12.6,4.957
7,265,Foden,43,3,83,12,6.305,False,1,1,14.7,6.305
8,359,Son,6,3,103,12,5.619,False,1,1,19.3,5.619
9,296,Wilson,4,4,73,12,4.912,False,1,1,1.9,4.912
10,315,Pukki,45,4,58,12,4.293,False,1,1,3.9,4.293
11,54,Steele,36,1,40,12,2.335,False,0,0,2.9,0.0
12,302,Manquillo,4,2,40,12,3.178,False,0,0,9.2,0.0
13,331,Omobamidele,45,2,39,12,2.036,False,0,0,4.1,0.0
14,518,Broja,20,4,50,12,3.258,False,0,0,1.4,0.0
