,player_id,web_name,team_code,element_type,now_cost,event,points_md,is_captain,multiplier,starting_lineup,selected_by_percent,gw_points
0,152,Guaita,31,1,45,14,3.846,False,1,1,3.0,3.846
1,16,Gabriel,3,2,51,14,5.43,False,1,1,10.3,5.43
2,165,Andersen,31,2,45,14,3.782,False,1,1,3.2,3.782
3,357,Trippier,4,2,58,14,4.1339999999999995,False,1,1,59.6,4.1339999999999995
4,13,Saka,3,3,79,14,6.629,False,1,1,15.4,6.629
5,19,Martinelli,3,3,68,14,5.9,False,1,1,48.9,5.9
6,283,Salah,14,3,128,14,7.5870000000000015,True,2,1,32.8,15.174000000000003
7,335,Rashford,1,3,66,14,4.723,False,1,1,15.8,4.723
8,210,Mitrović,54,4,68,14,4.782,False,1,1,25.7,4.782
9,279,Firmino,14,4,81,14,5.17,False,1,1,9.4,5.17
10,356,Wilson,4,4,73,14,4.515,False,1,1,2.2,4.515
11,133,Arrizabalaga,8,1,45,14,3.63,False,0,0,3.2,0.0
12,285,Alexander-Arnold,14,2,72,14,5.3660000000000005,False,0,0,20.1,0.0
13,526,Mee,94,2,45,14,3.7430000000000003,False,0,0,4.1,0.0
14,160,Zaha,31,3,76,14,5.3,False,0,0,23.5,0.0
