,player_id,web_name,team_code,element_type,now_cost,event,points_md,is_captain,multiplier,starting_lineup,selected_by_percent,gw_points
0,455,Fabianski,21,1,50,9,3.742,False,1,1,1.2,3.742
1,268,Justin,13,2,43,9,3.543,False,1,1,0.9,3.543
2,276,Matip,14,2,59,9,3.905,False,1,1,0.9,3.905
3,292,Tsimikas,14,2,45,9,3.7539999999999996,False,1,1,0.3,3.7539999999999996
4,195,Gordon,11,3,56,9,3.819,False,1,1,4.8,3.819
5,233,Harrison,2,3,62,9,3.8480000000000003,False,1,1,4.7,3.8480000000000003
6,465,Bowen,21,3,81,9,4.794,False,1,1,3.9,4.794
7,603,Paquetá,21,3,60,9,3.7510000000000003,False,1,1,1.3,3.7510000000000003
8,66,Solanke,91,4,57,9,4.447,False,1,1,0.6,4.447
9,227,Bamford,2,4,73,9,4.463,False,1,1,0.4,4.463
10,255,Vardy,13,4,92,9,5.0489999999999995,True,2,1,2.3,10.097999999999999
11,422,Bazunu,20,1,45,9,3.596,False,0,0,0.8,0.0
12,249,Evans,13,2,44,9,3.418,False,0,0,0.3,0.0
13,409,Walker-Peters,20,2,45,9,3.343,False,0,0,1.5,0.0
14,142,Mount,8,3,76,9,3.605,False,0,0,3.4,0.0
