,player_id,web_name,team_code,element_type,now_cost,event,points_md,is_captain,multiplier,starting_lineup,selected_by_percent,gw_points
0,281,Alisson,14,1,54,9,4.135,False,1,1,14.4,4.135
1,146,James,8,2,60,9,4.167,False,1,1,35.5,4.167
2,249,Evans,13,2,44,9,3.535,False,1,1,0.3,3.535
3,285,Alexander-Arnold,14,2,74,9,5.101,False,1,1,36.6,5.101
4,13,Saka,3,3,78,9,4.524,False,1,1,11.5,4.524
5,160,Zaha,31,3,72,9,4.316,False,1,1,15.3,4.316
6,233,Harrison,2,3,62,9,3.7969999999999997,False,1,1,4.7,3.7969999999999997
7,261,Maddison,13,3,79,9,5.61,False,1,1,6.0,5.61
8,66,Solanke,91,4,57,9,4.394,False,1,1,0.6,4.394
9,210,Mitrović,54,4,69,9,5.038,False,1,1,30.6,5.038
10,318,Haaland,43,4,120,9,6.763999999999999,True,2,1,81.0,13.527999999999999
11,307,Ederson,43,1,55,9,4.023,False,0,0,16.3,0.0
12,292,Tsimikas,14,2,45,9,3.603,False,0,0,0.3,0.0
13,457,Cresswell,21,2,48,9,3.4619999999999997,False,0,0,1.8,0.0
14,465,Bowen,21,3,81,9,4.485,False,0,0,3.9,0.0
