,player_id,web_name,team_code,element_type,now_cost,event,points_md,is_captain,multiplier,starting_lineup,selected_by_percent,gw_points
0,295,Dubravka,4,1,44,28,6.9289999999999985,False,1,1,1.2,6.9289999999999985
1,343,Bednarek,20,2,44,28,6.744,False,1,1,1.5,6.744
2,431,Saïss,39,2,50,28,8.472000000000001,True,2,1,2.9,16.944000000000003
3,439,Kilman,39,2,46,28,7.789,False,1,1,2.8,7.789
4,470,Ait Nouri,39,2,44,28,7.907,False,1,1,2.0,7.907
5,267,Harrison,2,3,55,28,7.0710000000000015,False,1,1,1.7,7.0710000000000015
6,287,James,2,3,60,28,7.154999999999999,False,1,1,0.9,7.154999999999999
7,298,Fraser,4,3,53,28,6.771,False,1,1,0.3,6.771
8,496,Ramsey,7,3,44,28,6.51,False,1,1,0.2,6.51
9,109,Wood,4,4,67,28,7.442,False,1,1,1.7,7.442
10,345,Adams,20,4,69,28,7.846,False,1,1,3.8,7.846
11,199,Meslier,2,1,48,28,6.796,False,0,0,2.1,0.0
12,351,Salisu,20,2,45,28,5.971,False,0,0,0.3,0.0
13,399,Sarr,57,3,57,28,6.466,False,0,0,3.1,0.0
14,6,Lacazette,3,4,83,28,4.886,False,0,0,4.8,0.0
