,player_id,web_name,team_code,element_type,now_cost,event,points_md,is_captain,multiplier,starting_lineup,selected_by_percent,gw_points
0,2,Leno,54,1,46,37,3.5260000000000002,False,1,1,3.6,3.5260000000000002
1,329,Varane,1,2,48,37,6.586,False,1,1,2.6,6.586
2,559,Colwill,36,2,44,37,5.192,False,1,1,0.1,5.192
3,610,Akanji,43,2,51,37,5.42,False,1,1,3.8,5.42
4,148,Gallagher,8,3,56,37,5.234,False,1,1,0.6,5.234
5,304,Sterling,8,3,97,37,5.191,False,1,1,3.5,5.191
6,315,Rodri,43,3,56,37,6.4190000000000005,False,1,1,1.8,6.4190000000000005
7,519,Eriksen,1,3,62,37,6.5089999999999995,False,1,1,2.2,6.5089999999999995
8,609,Antony,1,3,73,37,7.171,True,2,1,3.5,14.342
9,125,Enciso,36,4,46,37,5.535,False,1,1,1.9,5.535
10,596,Ferguson,36,4,46,37,5.7810000000000015,False,1,1,1.4,5.7810000000000015
11,426,Forster,6,1,39,37,3.5180000000000002,False,0,0,4.3,0.0
12,308,Aké,43,2,50,37,4.602,False,0,0,2.9,0.0
13,733,Pedro Porro,6,2,48,37,4.064,False,0,0,1.1,0.0
14,690,João Félix,8,4,71,37,4.677,False,0,0,1.6,0.0
