,player_id,web_name,team_code,element_type,now_cost,event,points_md,is_captain,multiplier,starting_lineup,selected_by_percent,gw_points
0,2,Leno,54,1,45,30,3.5639999999999996,False,1,1,3.3,3.5639999999999996
1,329,Varane,1,2,48,30,4.062,False,1,1,2.9,4.062
2,538,Young,7,2,43,30,3.96,False,1,1,0.6,3.96
3,694,Álex Moreno,7,2,44,30,3.926,False,1,1,0.5,3.926
4,733,Pedro Porro,6,2,48,30,4.022,False,1,1,0.6,4.022
5,264,Barnes,13,3,67,30,4.412,False,1,1,2.3,4.412
6,303,Mahrez,43,3,73,30,5.143,True,2,1,4.4,10.286
7,305,Grealish,43,3,68,30,4.852,False,1,1,2.6,4.852
8,609,Antony,1,3,73,30,4.078,False,1,1,2.8,4.078
9,66,Solanke,91,4,55,30,3.8339999999999996,False,1,1,2.1,3.8339999999999996
10,319,Álvarez,43,4,60,30,4.247,False,1,1,2.1,4.247
11,455,Fabianski,21,1,49,30,3.528,False,0,0,1.0,0.0
12,342,Dalot,1,2,47,30,3.7510000000000003,False,0,0,4.0,0.0
13,614,Willian,54,3,55,30,3.8,False,0,0,0.2,0.0
14,227,Bamford,2,4,71,30,3.6310000000000002,False,0,0,0.5,0.0
