,player_id,web_name,team_code,element_type,now_cost,event,points_md,is_captain,multiplier,starting_lineup,selected_by_percent,gw_points
0,102,Steele,36,1,39,29,7.441000000000002,False,1,1,1.4,7.441000000000002
1,139,Chilwell,8,2,60,29,7.52,False,1,1,9.5,7.52
2,146,James,8,2,58,29,7.394,False,1,1,12.1,7.394
3,586,Estupiñán,36,2,48,29,7.1320000000000014,False,1,1,11.2,7.1320000000000014
4,124,Mitoma,36,3,55,29,9.655,False,1,1,23.0,9.655
5,261,Maddison,13,3,82,29,9.123,False,1,1,9.7,9.123
6,283,Salah,14,3,128,29,9.139,False,1,1,25.9,9.139
7,335,Rashford,1,3,73,29,10.015,True,2,1,52.7,20.03
8,40,Watkins,7,4,75,29,7.892,False,1,1,14.8,7.892
9,66,Solanke,91,4,55,29,8.371,False,1,1,1.9,8.371
10,145,Havertz,8,4,76,29,8.266,False,1,1,5.9,8.266
11,327,De Gea,1,1,50,29,7.2070000000000025,False,0,0,10.5,0.0
12,332,Shaw,1,2,52,29,6.815,False,0,0,20.0,0.0
13,357,Trippier,4,2,61,29,7.023,False,0,0,66.4,0.0
14,465,Bowen,21,3,80,29,8.615,False,0,0,2.7,0.0
