,player_id,web_name,team_code,element_type,now_cost,event,points_md,is_captain,multiplier,starting_lineup,selected_by_percent,gw_points
0,102,Steele,36,1,39,29,7.441000000000002,False,1,1,1.4,7.441000000000002
1,139,Chilwell,8,2,60,29,7.52,False,1,1,9.5,7.52
2,146,James,8,2,58,29,7.394,False,1,1,12.1,7.394
3,357,Trippier,4,2,61,29,7.023,False,1,1,66.4,7.023
4,107,March,36,3,51,29,8.937999999999997,False,1,1,9.4,8.937999999999997
5,124,Mitoma,36,3,55,29,9.655,False,1,1,23.0,9.655
6,261,Maddison,13,3,82,29,9.123,False,1,1,9.7,9.123
7,283,Salah,14,3,128,29,9.139,False,1,1,25.9,9.139
8,335,Rashford,1,3,73,29,10.015,True,2,1,52.7,20.03
9,66,Solanke,91,4,55,29,8.371,False,1,1,1.9,8.371
10,145,Havertz,8,4,76,29,8.266,False,1,1,5.9,8.266
11,590,Whitworth,31,1,40,29,1.065,False,0,0,0.1,0.0
12,105,Duffy,54,2,43,29,0.045,False,0,0,0.1,0.0
13,366,Schär,4,2,50,29,5.955,False,0,0,13.0,0.0
14,662,Cannon,11,4,45,29,0.0,False,0,0,0.0,0.0
