,player_id,web_name,team_code,element_type,now_cost,event,points_md,is_captain,multiplier,starting_lineup,selected_by_percent,gw_points
0,143,Mendy,8,1,60,1,4.009,False,1,1,9.0,4.009
1,16,Tierney,3,2,50,1,3.651,False,1,1,8.4,3.651
2,127,Rüdiger,8,2,55,1,3.998,False,1,1,5.9,3.998
3,168,Digne,11,2,55,1,4.113,False,1,1,21.3,4.113
4,237,Alexander-Arnold,14,2,75,1,5.027,False,1,1,31.0,5.027
5,275,Shaw,1,2,55,1,4.166,False,1,1,53.2,4.166
6,141,Havertz,8,3,85,1,5.143,False,1,1,13.1,5.143
7,233,Salah,14,3,125,1,6.3820000000000014,True,2,1,49.8,12.764000000000003
8,240,Jota,14,3,75,1,4.31,False,1,1,11.3,4.31
9,277,Fernandes,1,3,120,1,5.822,False,1,1,47.2,5.822
10,109,Wood,90,4,70,1,4.331,False,1,1,3.1,4.331
11,28,Steer,7,1,40,1,0.0,False,0,0,1.0,0.0
12,12,Elneny,3,3,45,1,0.21600000000000005,False,0,0,0.6,0.0
13,49,Davis,7,4,45,1,0.0,False,0,0,6.0,0.0
14,344,Nlundulu,20,4,45,1,0.0,False,0,0,0.1,0.0
