,player_id,web_name,team_code,element_type,now_cost,event,points_md,is_captain,multiplier,starting_lineup,selected_by_percent,gw_points
0,425,Lloris,6,1,54,31,3.983,False,1,1,3.3,3.983
1,180,Keane,11,2,42,31,3.938,False,1,1,0.5,3.938
2,199,Tarkowski,11,2,42,31,3.608,False,1,1,4.5,3.608
3,302,Stones,43,2,54,31,3.6060000000000003,False,1,1,2.4,3.6060000000000003
4,733,Pedro Porro,6,2,48,31,5.256,True,2,1,0.9,10.512
5,189,Gray,11,3,52,31,4.056,False,1,1,0.6,4.056
6,303,Mahrez,43,3,73,31,4.878,False,1,1,4.7,4.878
7,340,Sancho,1,3,71,31,3.992,False,1,1,3.1,3.992
8,609,Antony,1,3,73,31,4.162,False,1,1,2.9,4.162
9,680,Gakpo,14,3,76,31,4.004,False,1,1,3.4,4.004
10,345,Martial,1,4,63,31,3.687,False,1,1,1.1,3.687
11,175,Johnstone,31,1,44,31,3.6289999999999996,False,0,0,0.1,0.0
12,443,Romero,6,2,49,31,3.5980000000000003,False,0,0,1.5,0.0
13,356,Wilson,4,4,69,31,3.364,False,0,0,3.4,0.0
14,394,Johnson,17,4,57,31,3.545,False,0,0,2.1,0.0
