,player_id,web_name,team_code,element_type,now_cost,event,points_md,is_captain,multiplier,starting_lineup,selected_by_percent,gw_points
0,327,De Gea,1,1,50,31,3.887,False,1,1,11.7,3.887
1,16,Gabriel,3,2,53,31,4.208,False,1,1,16.1,4.208
2,180,Keane,11,2,42,31,3.938,False,1,1,0.5,3.938
3,448,Perišić,6,2,53,31,4.651,False,1,1,15.9,4.651
4,733,Pedro Porro,6,2,48,31,5.256,False,1,1,0.9,5.256
5,13,Saka,3,3,86,31,5.412999999999999,False,1,1,40.9,5.412999999999999
6,283,Salah,14,3,128,31,5.655,False,1,1,26.7,5.655
7,303,Mahrez,43,3,73,31,4.878,False,1,1,4.7,4.878
8,305,Grealish,43,3,71,31,5.0280000000000005,False,1,1,10.3,5.0280000000000005
9,318,Haaland,43,4,122,31,7.841,True,2,1,78.6,15.682
10,427,Kane,6,4,117,31,6.699,False,1,1,39.8,6.699
11,497,Adrián,14,1,38,31,0.062,False,0,0,0.6,0.0
12,343,B.Williams,1,2,38,31,0.217,False,0,0,2.7,0.0
13,4,Elneny,3,3,41,31,0.0,False,0,0,0.6,0.0
14,237,Greenwood,2,4,40,31,0.271,False,0,0,9.5,0.0
