,player_id,web_name,team_code,element_type,now_cost,points_md,is_captain,multiplier,starting_lineup,selected_by_percent,gw_points
0,157,Pickford,11,1,48,3.8649999999999998,False,1,1,4.6,3.8649999999999998
1,155,Digne,11,2,61,3.7186250000000003,False,1,1,7.3,3.7186250000000003
2,277,Cancelo,43,2,60,4.21775,False,1,1,21.7,4.21775
3,300,Shaw,1,2,49,3.5893749999999995,False,1,1,6.1,3.5893749999999995
4,254,Salah,14,3,127,5.7353749999999994,True,2,1,43.5,11.470749999999999
5,276,Sterling,43,3,116,5.690875,False,1,1,13.0,5.690875
6,284,Foden,43,3,61,4.57875,False,1,1,9.2,4.57875
7,302,Fernandes,1,3,115,5.391875,False,1,1,59.4,5.391875
8,202,Bamford,2,4,67,5.049499999999999,False,1,1,50.6,5.049499999999999
9,377,Adams,20,4,58,3.861,False,1,1,4.4,3.861
10,514,Watkins,7,4,64,4.3545,False,1,1,20.1,4.3545
11,516,Areola,54,1,45,3.745625,False,0,0,3.5,0.0
12,211,Struijk,2,2,39,2.061125,False,0,0,4.4,0.0
13,470,Kilman,39,2,40,2.258125,False,0,0,7.6,0.0
14,557,Lookman,54,3,50,3.7808749999999995,False,0,0,1.3,0.0
