,player_id,web_name,team_code,element_type,now_cost,event,points_md,is_captain,multiplier,starting_lineup,selected_by_percent,gw_points
0,376,Pope,4,1,50,1,4.053,False,1,1,4.6,4.053
1,146,James,8,2,60,1,4.3580000000000005,False,1,1,39.3,4.3580000000000005
2,285,Alexander-Arnold,14,2,75,1,5.7639999999999985,False,1,1,58.1,5.7639999999999985
3,357,Trippier,4,2,50,1,4.388,False,1,1,17.4,4.388
4,448,Perišić,6,2,55,1,4.125,False,1,1,29.1,4.125
5,261,Maddison,13,3,80,1,4.838,False,1,1,5.3,4.838
6,283,Salah,14,3,130,1,7.505,True,2,1,59.9,15.01
7,293,Luis Díaz,14,3,80,1,5.363,False,1,1,23.0,5.363
8,66,Solanke,91,4,60,1,4.2360000000000015,False,1,1,1.4,4.2360000000000015
9,356,Wilson,4,4,75,1,4.855,False,1,1,3.1,4.855
10,427,Kane,6,4,115,1,6.4929999999999986,False,1,1,26.3,6.4929999999999986
11,24,Turner,3,1,40,1,0.041,False,0,0,0.9,0.0
12,96,Goode,94,2,40,1,0.067,False,0,0,0.6,0.0
13,4,Elneny,3,3,45,1,0.541,False,0,0,1.2,0.0
14,18,Sambi,3,3,45,1,0.491,False,0,0,0.3,0.0
