,player_id,web_name,team_code,element_type,now_cost,event,points_md,is_captain,multiplier,starting_lineup,selected_by_percent,gw_points
0,376,Pope,4,1,50,1,4.053,False,1,1,4.6,4.053
1,146,James,8,2,60,1,4.3580000000000005,False,1,1,39.3,4.3580000000000005
2,285,Alexander-Arnold,14,2,75,1,5.7639999999999985,False,1,1,58.1,5.7639999999999985
3,357,Trippier,4,2,50,1,4.388,False,1,1,17.4,4.388
4,429,Doherty,6,2,50,1,4.011,False,1,1,1.1,4.011
5,261,Maddison,13,3,80,1,4.838,False,1,1,5.3,4.838
6,283,Salah,14,3,130,1,7.505,True,2,1,59.9,15.01
7,293,Luis Díaz,14,3,80,1,5.363,False,1,1,23.0,5.363
8,66,Solanke,91,4,60,1,4.2360000000000015,False,1,1,1.4,4.2360000000000015
9,356,Wilson,4,4,75,1,4.855,False,1,1,3.1,4.855
10,427,Kane,6,4,115,1,6.4929999999999986,False,1,1,26.3,6.4929999999999986
11,254,Ward,13,1,40,1,3.16,False,0,0,11.6,0.0
12,295,N.Williams,17,2,40,1,2.2880000000000003,False,0,0,27.9,0.0
13,45,Bailey,7,3,50,1,3.39,False,0,0,12.4,0.0
14,346,Andreas,54,3,45,1,2.58,False,0,0,25.1,0.0
