,chance_of_playing_next_round,chance_of_playing_this_round,code,cost_change_event,cost_change_event_fall,cost_change_start,cost_change_start_fall,dreamteam_count,element_type,ep_next,ep_this,event_points,first_name,form,id,in_dreamteam,news,news_added,now_cost,photo,points_per_game,second_name,selected_by_percent,special,squad_number,status,team,team_code,total_points,transfers_in,transfers_in_event,transfers_out,transfers_out_event,value_form,value_season,web_name,region,minutes,goals_scored,assists,clean_sheets,goals_conceded,own_goals,penalties_saved,penalties_missed,yellow_cards,red_cards,saves,bonus,bps,influence,creativity,threat,ict_index,starts,expected_goals,expected_assists,expected_goal_involvements,expected_goals_conceded,influence_rank,influence_rank_type,creativity_rank,creativity_rank_type,threat_rank,threat_rank_type,ict_index_rank,ict_index_rank_type,corners_and_indirect_freekicks_order,corners_and_indirect_freekicks_text,direct_freekicks_order,direct_freekicks_text,penalties_order,penalties_text,expected_goals_per_90,saves_per_90,expected_assists_per_90,expected_goal_involvements_per_90,expected_goals_conceded_per_90,goals_conceded_per_90,now_cost_rank,now_cost_rank_type,form_rank,form_rank_type,points_per_game_rank,points_per_game_rank_type,selected_rank,selected_rank_type,starts_per_90,clean_sheets_per_90
0,0.0,0.0,438098,0,0,-1,1,0,3,0.0,0.0,0,Fábio,0.0,1,False,Has joined Portuguese side FC Porto on loan for the 2024/25 season,2024-08-29T11:06:25.241953Z,54,438098.jpg,0.0,Ferreira Vieira,0.0,False,,u,1,3,0,439,0,2742,0,0.0,0.0,Fábio Vieira,,0,0,0,0,0,0,0,0,0,0,0,0,0,0.0,0.0,0.0,0.0,0,0.00,0.00,0.00,0.00,679,309,678,309,673,307,679,309,,,,,,,0.0,0.0,0.0,0.0,0.0,0.0,138,82,668,300,678,309,632,279,0.0,0.0
1,100.0,100.0,205651,0,0,-2,2,0,4,1.8,1.8,0,Gabriel,0.8,2,False,,2024-08-25T11:00:05.312580Z,68,205651.jpg,0.7,Fernando de Jesus,0.9,False,,a,1,3,8,60506,86,225517,140,0.1,1.2,G.Jesus,30.0,227,0,0,1,2,0,0,0,4,0,0,0,31,24.4,63.6,82.0,16.9,2,0.87,0.12,0.99,2.44,366,37,213,28,152,31,282,31,,,,,,,0.34,0.0,0.05,0.39,0.97,0.79,32,15,272,33,456,48,215,36,0.79,0.4
2,75.0,75.0,226597,0,0,2,-2,2,2,3.9,3.9,0,Gabriel,4.2,3,True,Knock - 75% chance of playing,2024-11-27T10:30:06.325759Z,62,226597.jpg,4.6,dos Santos Magalhães,25.7,False,,d,1,3,60,2772674,7079,1531579,1891,0.7,9.7,Gabriel,30.0,1088,3,1,4,13,0,0,0,1,0,0,4,210,313.4,68.2,215.0,59.7,13,1.76,0.50,2.26,12.50,31,8,204,54,53,1,69,10,,,,,,,0.15,0.0,0.04,0.19,1.03,1.08,66,3,33,5,28,2,10,3,1.08,0.33
3,100.0,100.0,219847,0,0,-1,1,1,4,2.8,2.8,0,Kai,1.8,4,False,,2024-11-07T09:00:07.112803Z,79,219847.jpg,4.3,Havertz,10.3,False,,a,1,3,52,2098571,1819,2541791,1239,0.2,6.6,Havertz,80.0,1080,5,1,3,14,0,0,0,2,0,0,7,197,266.2,142.1,383.0,79.1,12,5.16,1.13,6.29,13.47,60,8,111,8,12,6,33,7,,,,,3.0,,0.43,0.0,0.09,0.52,1.12,1.17,13,5,161,22,41,13,36,9,1.0,0.25
4,0.0,0.0,463748,0,0,0,0,0,1,0.0,0.0,0,Karl,0.0,5,False,Loaned to Real Valladolid,2024-08-14T08:31:46.556082Z,40,463748.jpg,0.0,Hein,0.0,False,,u,1,3,0,0,0,3865,1,0.0,0.0,Hein,,0,0,0,0,0,0,0,0,0,0,0,0,0,0.0,0.0,0.0,0.0,0,0.00,0.00,0.00,0.00,503,57,483,36,445,27,505,57,,,,,,,0.0,0.0,0.0,0.0,0.0,0.0,640,65,433,49,508,57,555,68,0.0,0.0
5,100.0,100.0,445122,1,-1,1,-1,0,2,3.2,3.2,0,Jurriën,2.2,6,False,,2024-10-04T13:30:05.569185Z,56,445122.jpg,2.8,Timber,2.8,False,,a,1,3,31,429443,2041,245312,357,0.4,5.5,J.Timber,152.0,860,0,1,3,9,0,0,0,3,0,0,0,119,132.4,151.7,96.0,37.8,10,0.51,0.37,0.88,9.67,199,78,102,21,132,19,148,38,,,,,,,0.05,0.0,0.04,0.09,1.01,0.94,105,11,111,32,145,39,107,44,1.05,0.31
6,,,85955,0,0,-3,3,0,3,1.5,1.5,0,Jorge Luiz,0.5,7,False,,,47,85955.jpg,1.2,Frello Filho,0.2,False,,a,1,3,6,21311,47,36618,33,0.1,1.3,Jorginho,106.0,289,0,0,1,3,0,0,0,3,0,0,0,34,16.6,38.6,3.0,5.8,4,0.04,0.25,0.29,2.76,391,184,270,163,370,201,370,184,,,,,,,0.01,0.0,0.08,0.09,0.86,0.93,325,212,289,144,350,170,341,117,1.25,0.31
7,,,440854,0,0,-2,2,0,2,1.5,1.5,0,Jakub,0.5,8,False,,,48,440854.jpg,0.8,Kiwior,0.2,False,,a,1,3,5,8904,12,18699,16,0.1,1.0,Kiwior,172.0,143,0,0,0,4,0,0,0,0,0,0,0,2,26.2,1.0,0.0,2.7,0,0.00,0.00,0.00,4.07,363,129,416,149,631,226,403,135,,,,,,,0.0,0.0,0.0,0.0,2.56,2.52,315,38,295,92,445,147,400,143,0.0,0.0
8,100.0,100.0,444145,0,0,-2,2,1,3,3.0,3.0,0,Gabriel,2.0,9,False,,2024-10-18T16:00:06.884775Z,68,444145.jpg,4.3,Martinelli Silva,2.9,False,,a,1,3,47,612205,268,646169,1193,0.3,6.9,Martinelli,30.0,678,3,2,3,9,0,0,0,0,0,0,4,160,205.4,169.8,265.0,64.0,8,2.01,1.85,3.86,8.52,112,39,85,64,35,20,53,34,,,,,,,0.27,0.0,0.25,0.52,1.13,1.19,35,18,137,64,40,19,105,30,1.06,0.4
9,,,499175,0,0,0,0,0,3,2.8,2.8,0,Ethan,1.8,12,False,,,45,499175.jpg,1.7,Nwaneri,0.4,False,,a,1,3,12,62272,259,41920,141,0.4,2.7,Nwaneri,241.0,65,1,0,0,0,0,0,0,0,0,0,0,45,51.2,28.5,41.0,12.1,0,0.15,0.19,0.34,0.71,319,155,295,174,235,131,314,153,,,,,,,0.21,0.0,0.26,0.47,0.98,0.0,430,261,147,66,279,128,269,90,0.0,0.0
10,100.0,100.0,184029,0,0,-2,2,0,3,6.2,6.2,0,Martin,5.2,13,False,,2024-09-10T00:30:06.311550Z,83,184029.jpg,4.7,Ødegaard,5.5,False,,a,1,3,28,384618,3159,1379868,449,0.6,3.4,Ødegaard,161.0,497,1,2,3,4,0,0,0,1,0,0,3,122,144.4,217.0,114.0,47.6,6,1.65,1.45,3.10,5.28,182,69,52,42,113,71,104,60,3.0,,1.0,,2.0,,0.3,0.0,0.26,0.56,0.96,0.72,11,8,14,9,26,11,69,20,1.09,0.54
11,100.0,100.0,154561,0,0,0,0,1,1,3.5,3.5,0,David,2.5,15,False,,2024-09-25T21:30:06.211210Z,55,154561.jpg,3.8,Raya Martin,28.8,False,,a,1,3,50,1881528,3131,1641600,2229,0.5,9.1,Raya,200.0,1170,0,0,4,14,0,0,0,2,0,37,6,182,316.0,0.0,0.0,31.7,13,0.00,0.01,0.01,13.80,29,10,682,72,678,72,187,10,,,,,,,0.0,2.85,0.0,0.0,1.06,1.08,110,2,91,11,61,8,7,1,1.0,0.31
12,100.0,100.0,204480,0,0,-3,3,0,3,2.0,2.0,0,Declan,1.0,16,False,,2024-11-07T09:00:07.142642Z,62,204480.jpg,1.9,Rice,2.5,False,,a,1,3,21,144334,165,548316,289,0.2,3.4,Rice,241.0,922,0,1,2,14,0,0,0,2,1,0,0,136,173.0,269.3,91.0,52.8,11,0.74,1.35,2.09,10.77,153,55,33,27,137,88,83,52,2.0,,2.0,,,,0.07,0.0,0.13,0.2,1.05,1.37,62,40,237,121,256,119,119,34,1.07,0.2
13,100.0,100.0,223340,0,0,4,-4,4,3,9.2,9.2,0,Bukayo,8.2,17,True,,2024-11-10T23:00:07.191683Z,104,223340.jpg,8.2,Saka,38.5,False,,a,1,3,98,4320959,17910,3504835,348,0.8,9.4,Saka,241.0,975,5,11,4,11,0,0,0,3,0,0,16,382,468.4,521.4,497.0,148.5,12,3.62,4.77,8.39,9.31,4,3,1,1,3,2,2,2,1.0,,,,1.0,,0.33,0.0,0.44,0.77,0.86,1.02,4,3,2,2,2,2,4,3,1.11,0.37
14,100.0,100.0,462424,0,0,0,0,0,2,3.5,3.5,0,William,2.5,18,False,,2024-10-19T19:30:06.564445Z,60,462424.jpg,2.6,Saliba,22.6,False,,a,1,3,31,968274,1980,2766551,1915,0.4,5.2,Saliba,73.0,1019,0,0,4,12,0,0,0,2,1,0,1,166,197.4,38.5,10.0,24.8,12,0.00,0.60,0.60,11.16,124,48,271,78,332,111,237,74,,,,,,,0.0,0.0,0.05,0.05,0.99,1.06,80,6,94,23,171,48,14,5,1.06,0.35
15,75.0,75.0,167199,0,0,0,0,0,3,2.6,2.6,0,Thomas,2.5,20,False,Muscle injury - 75% chance of playing,2024-11-30T22:00:07.258906Z,50,167199.jpg,3.2,Partey,0.9,False,,d,1,3,39,240734,22,203188,545,0.5,7.8,Thomas,81.0,1017,2,0,3,12,0,0,0,2,0,0,5,210,239.8,136.1,46.0,42.4,11,0.57,0.51,1.08,12.05,75,25,119,88,224,126,129,74,,,,,,,0.05,0.0,0.05,0.1,1.07,1.06,194,120,88,41,94,42,216,67,0.97,0.27
16,100.0,100.0,192895,0,0,-2,2,0,2,1.0,1.0,0,Kieran,0.0,21,False,,2024-08-12T14:30:04.394338Z,43,192895.jpg,0.0,Tierney,0.0,False,,a,1,3,0,974,18,4344,2,0.0,0.0,Tierney,243.0,0,0,0,0,0,0,0,0,0,0,0,0,0,0.0,0.0,0.0,0.0,0,0.00,0.00,0.00,0.00,545,208,533,207,505,198,547,208,,,,,,,0.0,0.0,0.0,0.0,0.0,0.0,548,127,495,198,552,207,578,198,0.0,0.0
17,0.0,0.0,223723,0,0,-2,2,0,2,0.0,0.0,0,Tomiyasu,0.0,22,False,Knee injury - Unknown return date,2024-10-18T16:00:06.930143Z,48,223723.jpg,1.0,Takehiro,0.0,False,,i,1,3,1,1339,1,7154,4,0.0,0.2,Tomiyasu,108.0,6,0,0,0,0,0,0,0,0,0,0,0,2,0.4,0.3,9.0,1.0,0,0.18,0.00,0.18,0.04,455,156,424,152,339,114,440,150,,,,,,,2.7,0.0,0.0,2.7,0.6,0.0,309,37,622,226,409,137,548,191,0.0,0.0
18,100.0,100.0,116216,0,0,-2,2,1,3,5.0,5.0,0,Leandro,4.0,23,False,,2024-11-21T08:30:08.540890Z,68,116216.jpg,3.5,Trossard,1.8,False,,a,1,3,46,346199,565,407284,251,0.6,6.8,Trossard,21.0,760,3,2,3,10,0,0,0,0,1,0,5,163,199.8,178.2,241.0,61.7,9,2.43,0.74,3.17,6.68,120,42,78,60,40,24,62,39,,,,,4.0,,0.29,0.0,0.09,0.38,0.79,1.18,31,16,37,19,77,33,147,44,1.07,0.36
19,0.0,0.0,198869,0,0,-4,4,0,2,0.0,0.0,0,Benjamin,0.2,24,False,Knee injury - Unknown return date,2024-11-14T13:00:07.861117Z,61,198869.jpg,3.0,White,2.8,False,,i,1,3,27,144904,10,912537,903,0.0,4.4,White,241.0,694,0,1,3,7,0,0,0,2,0,0,0,112,128.4,55.3,29.0,21.3,7,0.13,0.32,0.45,9.87,204,79,229,60,265,80,251,81,,,,,,,0.02,0.0,0.04,0.06,1.28,0.91,74,5,377,124,124,31,109,45,0.91,0.39
20,100.0,100.0,206325,0,0,-2,2,0,2,1.5,1.5,0,Oleksandr,0.5,25,False,,2024-09-15T23:00:06.018330Z,48,206325.jpg,2.0,Zinchenko,1.0,False,,a,1,3,10,81818,58,286301,85,0.1,2.1,Zinchenko,225.0,164,0,0,1,0,0,0,0,0,0,0,0,41,21.8,21.1,16.0,5.9,1,0.00,0.07,0.07,1.59,377,132,313,100,306,96,368,120,,,,,,,0.0,0.0,0.04,0.04,0.87,0.0,302,35,291,90,232,71,206,82,0.55,0.55
21,100.0,100.0,69752,0,0,-3,3,0,1,1.0,1.0,0,Norberto,0.0,73,False,,2024-10-05T17:30:06.760449Z,42,69752.jpg,3.5,Murara Neto,0.9,False,,a,1,3,7,81840,11,222219,110,0.0,1.7,Neto,30.0,180,0,0,0,2,0,0,0,0,0,11,0,30,77.8,0.0,0.0,7.8,2,0.00,0.00,0.00,2.91,272,26,520,46,487,37,345,26,,,,,,,0.0,5.5,0.0,0.0,1.46,1.0,571,37,474,58,72,11,211,29,1.0,0.0
22,100.0,100.0,103955,0,0,-3,3,0,3,2.2,2.2,0,Raheem,1.2,186,False,,2024-11-02T15:00:07.534992Z,67,103955.jpg,1.5,Sterling,0.9,False,,a,1,3,9,45923,28,144706,56,0.2,1.3,Sterling,241.0,144,0,1,0,1,0,0,0,0,0,0,0,24,23.8,37.8,54.0,11.3,2,0.51,0.09,0.60,1.39,367,170,272,164,208,119,318,156,,,,,,,0.32,0.0,0.06,0.38,0.87,0.62,37,19,217,110,322,150,214,66,1.25,0.0
23,100.0,100.0,466075,0,0,-2,2,1,2,2.5,2.5,0,Riccardo,1.5,578,False,,2024-10-23T08:00:07.835459Z,58,466075.jpg,2.5,Calafiori,1.5,False,,a,1,3,20,192867,307,328046,177,0.3,3.4,Calafiori,106.0,505,1,0,1,8,0,0,0,1,0,0,1,77,137.8,46.3,111.0,29.4,6,0.55,0.43,0.98,5.93,193,76,257,74,117,14,200,58,,,,,,,0.1,0.0,0.08,0.18,1.06,1.43,90,8,182,54,181,51,170,66,1.07,0.18
24,75.0,75.0,499169,0,0,0,0,0,3,0.8,0.8,0,Myles,0.0,597,False,Knock - 75% chance of playing,2024-12-03T15:00:08.736469Z,45,499169.jpg,0.5,Lewis-Skelly,0.1,False,,d,1,3,1,7646,1,7023,15,0.0,0.2,Lewis-Skelly,241.0,15,0,0,0,2,0,0,0,1,0,0,0,5,3.2,0.4,2.0,0.6,0,0.00,0.00,0.00,0.80,440,211,421,219,380,204,445,215,,,,,,,0.0,0.0,0.0,0.0,4.8,12.0,429,260,573,229,460,225,499,190,0.0,0.0
25,75.0,75.0,195384,0,0,0,0,0,3,1.5,1.5,0,Mikel,1.0,633,False,Knee injury - 75% chance of playing,2024-11-30T22:00:08.239353Z,60,195384.jpg,2.7,Merino,0.1,False,,d,1,3,16,18933,4,14270,101,0.2,2.7,Merino,200.0,368,1,0,1,5,0,0,0,1,0,0,1,70,100.6,49.7,71.0,22.2,4,1.06,0.31,1.37,3.83,238,102,246,150,179,108,247,123,,,,,,,0.26,0.0,0.08,0.34,0.94,1.22,78,52,236,120,158,67,471,176,0.98,0.24
26,,,498046,0,0,0,0,0,3,1.0,1.0,0,Salah-Eddine,0.0,638,False,,,45,498046.jpg,0.0,Oulad M'hand,0.0,False,,a,1,3,0,1784,1,1310,0,0.0,0.0,Oulad M'hand,152.0,0,0,0,0,0,0,0,0,0,0,0,0,0,0.0,0.0,0.0,0.0,0,0.00,0.00,0.00,0.00,608,258,604,262,585,254,610,260,,,,,,,0.0,0.0,0.0,0.0,0.0,0.0,428,259,572,228,614,262,625,276,0.0,0.0
27,,,551221,0,0,0,0,0,1,1.0,1.0,0,Tommy,0.0,639,False,,,45,551221.jpg,0.0,Setford,0.0,False,,a,1,3,0,2341,8,2144,8,0.0,0.0,Setford,241.0,0,0,0,0,0,0,0,0,0,0,0,0,0,0.0,0.0,0.0,0.0,0,0.00,0.00,0.00,0.00,625,72,621,64,602,59,627,72,,,,,,,0.0,0.0,0.0,0.0,0.0,0.0,453,19,593,71,631,72,543,67,0.0,0.0
28,,,588793,0,0,0,0,0,2,1.0,1.0,0,Maldini,0.0,657,False,,,40,588793.jpg,0.0,Kacurri,0.1,False,,a,1,3,0,8249,13,4866,20,0.0,0.0,Kacurri,2.0,0,0,0,0,0,0,0,0,0,0,0,0,0,0.0,0.0,0.0,0.0,0,0.00,0.00,0.00,0.00,530,198,510,196,475,182,532,198,,,,,,,0.0,0.0,0.0,0.0,0.0,0.0,672,212,464,177,537,197,491,179,0.0,0.0
29,,,606745,0,0,0,0,0,2,1.0,1.0,0,Ayden,0.0,658,False,,,40,606745.jpg,0.0,Heaven,0.0,False,,a,1,3,0,5259,10,3326,13,0.0,0.0,Heaven,241.0,0,0,0,0,0,0,0,0,0,0,0,0,0,0.0,0.0,0.0,0.0,0,0.00,0.00,0.00,0.00,534,202,514,200,480,187,536,202,,,,,,,0.0,0.0,0.0,0.0,0.0,0.0,677,217,468,181,541,201,516,186,0.0,0.0
30,,,588796,0,0,0,0,0,3,1.0,1.0,0,Ismeal,0.0,659,False,,,45,588796.jpg,0.0,Kabia,0.0,False,,a,1,3,0,1853,5,1202,4,0.0,0.0,Kabia,152.0,0,0,0,0,0,0,0,0,0,0,0,0,0,0.0,0.0,0.0,0.0,0,0.00,0.00,0.00,0.00,636,280,632,284,613,276,638,282,,,,,,,0.0,0.0,0.0,0.0,0.0,0.0,466,289,604,254,641,284,624,275,0.0,0.0
31,,,499167,0,0,0,0,0,2,1.0,1.0,0,Josh,0.0,662,False,,,40,499167.jpg,0.0,Nichols,0.0,False,,a,1,3,0,2794,9,1528,8,0.0,0.0,Nichols,241.0,0,0,0,0,0,0,0,0,0,0,0,0,0,0.0,0.0,0.0,0.0,0,0.00,0.00,0.00,0.00,511,181,491,179,454,163,513,181,,,,,,,0.0,0.0,0.0,0.0,0.0,0.0,650,192,442,157,517,179,553,193,0.0,0.0
32,,,461025,0,0,0,0,0,4,1.0,1.0,0,Nathan,0.0,665,False,,,45,461025.jpg,0.0,Butler-Oyedeji,0.2,False,,a,1,3,0,36460,55,17718,101,0.0,0.0,Butler-Oyedeji,241.0,0,0,0,0,0,0,0,0,0,0,0,0,0,0.0,0.0,0.0,0.0,0,0.00,0.00,0.00,0.00,589,50,584,50,563,48,591,50,,,,,,,0.0,0.0,0.0,0.0,0.0,0.0,400,65,551,49,595,53,354,55,0.0,0.0
33,100.0,100.0,215711,0,0,-3,3,0,3,1.7,1.2,0,Leon,1.2,28,False,,2024-10-04T14:00:05.587137Z,62,215711.jpg,2.0,Bailey,1.0,False,,a,2,7,24,131989,86,396391,167,0.2,3.9,Bailey,107.0,605,0,2,1,11,0,0,0,2,0,0,0,77,61.4,146.3,107.0,31.3,8,0.49,1.85,2.34,7.93,302,143,107,80,124,79,190,101,3.0,,4.0,,,,0.07,0.0,0.28,0.35,1.18,1.64,64,42,216,109,241,108,209,62,1.19,0.15
34,100.0,100.0,88894,0,0,-3,3,0,3,3.0,2.5,0,Ross,2.5,29,False,,2024-11-01T16:30:07.356966Z,52,88894.jpg,2.5,Barkley,0.3,False,,a,2,7,25,19273,49,74932,45,0.5,4.8,Barkley,241.0,389,2,1,1,6,0,0,0,3,0,0,2,92,130.6,73.2,158.0,36.1,2,1.04,0.29,1.33,3.77,201,79,196,121,85,51,159,88,,,,,,,0.24,0.0,0.07,0.31,0.87,1.39,161,96,90,43,178,77,310,102,0.46,0.23
35,0.0,0.0,491287,0,0,-1,1,0,3,0.0,0.0,0,Enzo,0.0,30,False,Loaned to Valencia CF,2024-08-31T06:33:47.934620Z,49,491287.jpg,0.0,Barrenechea,0.0,False,,u,2,7,0,872,0,5126,3,0.0,0.0,Barrenechea,,0,0,0,0,0,0,0,0,0,0,0,0,0,0.0,0.0,0.0,0.0,0,0.00,0.00,0.00,0.00,660,297,654,297,647,294,660,297,,,,,,,0.0,0.0,0.0,0.0,0.0,0.0,285,186,642,283,660,297,600,257,0.0,0.0
36,,,195546,0,0,-3,3,0,3,0.7,0.2,0,Emiliano,0.2,31,False,,,52,195546.jpg,0.8,Buendía Stati,0.1,False,,a,2,7,5,5394,7,13270,9,0.0,1.0,Buendia,10.0,34,0,0,0,0,0,0,0,1,0,0,0,21,7.0,18.6,3.0,2.9,0,0.09,0.01,0.10,1.03,424,205,320,183,371,202,399,195,,,3.0,,,,0.24,0.0,0.03,0.27,2.73,0.0,165,100,366,180,448,221,461,170,0.0,0.0
37,100.0,100.0,199796,0,0,-1,1,0,2,0.7,0.2,0,Matty,0.2,32,False,,2024-11-04T00:00:07.281139Z,44,199796.jpg,1.8,Cash,1.1,False,,a,2,7,14,79324,167,281301,94,0.0,3.2,Cash,172.0,560,0,0,1,7,0,0,0,2,0,0,0,55,78.4,36.9,15.0,13.0,7,0.03,0.18,0.21,7.11,271,98,276,79,309,98,307,101,,,,,,,0.0,0.0,0.03,0.03,1.14,1.12,490,98,334,108,262,79,200,79,1.12,0.16
38,0.0,0.0,151589,0,0,0,0,0,3,0.0,0.0,0,Leander,0.0,33,False,On loan to Anderlecht for the rest of the season,2024-09-02T10:45:36.198316Z,45,151589.jpg,0.0,Dendoncker,0.2,False,,u,2,7,0,18187,0,87182,37,0.0,0.0,Dendoncker,,0,0,0,0,0,0,0,0,0,0,0,0,0,0.0,0.0,0.0,0.0,0,0.00,0.00,0.00,0.00,572,232,567,236,546,228,574,234,,,,,,,0.0,0.0,0.0,0.0,0.0,0.0,363,228,533,201,578,236,332,111,0.0,0.0
39,0.0,0.0,243557,0,0,0,0,0,3,0.0,0.0,0,Moussa,0.0,34,False,Permanent transfer to Al Ittihad,2024-07-26T08:50:40.300928Z,65,243557.jpg,0.0,Diaby,0.0,False,,u,2,7,0,0,0,3302,0,0.0,0.0,Diaby,,0,0,0,0,0,0,0,0,0,0,0,0,0,0.0,0.0,0.0,0.0,0,0.00,0.00,0.00,0.00,688,314,688,314,687,314,688,314,,,,,,,0.0,0.0,0.0,0.0,0.0,0.0,45,25,682,310,687,314,611,263,0.0,0.0
40,100.0,100.0,165659,0,0,0,0,0,2,0.7,0.2,0,Diego Carlos,0.2,35,False,,2024-09-25T21:30:06.256588Z,45,165659.jpg,1.7,Santos Silva,0.5,False,,a,2,7,12,39399,91,62630,67,0.0,2.7,Diego Carlos,30.0,558,0,0,1,11,0,0,0,1,0,0,0,33,84.8,7.3,43.0,13.6,5,0.51,0.05,0.56,8.64,262,96,368,121,231,67,302,98,,,,,,,0.08,0.0,0.01,0.09,1.39,1.77,366,57,342,113,278,86,262,97,0.81,0.16
41,,,101188,0,0,2,-2,2,2,1.5,1.0,0,Lucas,1.0,36,False,,,47,101188.jpg,3.0,Digne,9.8,False,,a,2,7,39,1389204,1587,635329,1109,0.2,8.3,Digne,73.0,952,0,3,2,17,0,0,0,3,0,0,6,153,212.8,253.2,46.0,51.3,12,0.52,1.83,2.35,12.65,107,39,39,6,223,62,88,17,2.0,,2.0,,,,0.05,0.0,0.17,0.22,1.2,1.61,327,40,226,68,120,30,42,14,1.13,0.19
42,0.0,0.0,461421,0,0,0,0,0,3,0.0,0.0,0,Lewis,0.0,37,False,Permanent transfer to West Bromwich Albion,2024-08-07T08:21:33.016106Z,50,461421.jpg,0.0,Dobbin,0.0,False,,u,2,7,0,0,0,268,0,0.0,0.0,Dobbin,,0,0,0,0,0,0,0,0,0,0,0,0,0,0.0,0.0,0.0,0.0,0,0.00,0.00,0.00,0.00,669,303,665,303,660,301,669,303,,,,,,,0.0,0.0,0.0,0.0,0.0,0.0,220,140,655,293,669,303,680,307,0.0,0.0
43,,,476344,0,0,-2,2,0,4,1.3,0.8,0,Jhon,0.8,38,False,,,58,476344.jpg,2.5,Durán,2.8,False,,a,2,7,33,963996,168,781969,999,0.1,5.7,Duran,48.0,323,4,0,0,10,0,0,0,1,0,0,5,137,157.8,36.0,168.0,36.3,0,2.82,0.18,3.00,6.68,170,20,278,32,74,24,158,25,,,,,,,0.79,0.0,0.05,0.84,1.86,2.79,92,27,268,32,182,27,111,17,0.0,0.0
44,,,462492,0,0,0,0,0,1,0.5,0.0,0,Joe,0.0,39,False,,,40,462492.jpg,0.0,Gauci,0.8,False,,a,2,7,0,59133,25,44136,68,0.0,0.0,Gauci,13.0,0,0,0,0,0,0,0,0,0,0,0,0,0,0.0,0.0,0.0,0.0,0,0.00,0.00,0.00,0.00,502,56,482,35,444,26,504,56,,,,,,,0.0,0.0,0.0,0.0,0.0,0.0,639,64,432,48,507,56,225,30,0.0,0.0
45,,,123354,0,0,0,0,0,2,0.5,0.0,0,Kortney,0.0,40,False,,,40,123354.jpg,0.0,Hause,0.5,False,,a,2,7,0,34144,20,44947,44,0.0,0.0,Hause,241.0,0,0,0,0,0,0,0,0,0,0,0,0,0,0.0,0.0,0.0,0.0,0,0.00,0.00,0.00,0.00,473,163,451,161,413,144,475,163,,,,,,,0.0,0.0,0.0,0.0,0.0,0.0,601,165,401,137,480,162,249,93,0.0,0.0
46,0.0,0.0,469247,0,0,-1,1,0,3,0.0,0.0,0,Samuel,0.0,41,False,Season long loan to Bologna,2024-08-29T11:07:04.555253Z,54,469247.jpg,0.0,Iling-Junior,0.0,False,,u,2,7,0,342,0,6585,0,0.0,0.0,Iling Jr,,0,0,0,0,0,0,0,0,0,0,0,0,0,0.0,0.0,0.0,0.0,0,0.00,0.00,0.00,0.00,681,310,680,310,675,308,681,310,,,,,,,0.0,0.0,0.0,0.0,0.0,0.0,141,83,670,301,680,310,595,254,0.0,0.0
47,100.0,100.0,226944,0,0,0,0,0,3,1.0,0.5,0,Boubacar,0.5,42,False,,2024-11-11T16:00:06.089849Z,50,226944.jpg,1.0,Kamara,0.0,False,,a,2,7,4,1959,23,1400,9,0.1,0.8,Kamara,73.0,94,0,0,0,5,0,0,0,1,0,0,0,16,16.2,4.2,0.0,2.1,1,0.00,0.02,0.02,1.86,393,185,384,206,654,297,415,203,,,,,,,0.0,0.0,0.02,0.02,1.78,4.79,208,131,304,153,418,205,614,266,0.96,0.0
48,0.0,0.0,465390,0,0,0,0,0,2,0.0,0.0,0,Kaine,0.0,43,False,Has joined Preston North End for the rest of the season,2024-08-09T11:14:21.895838Z,40,465390.jpg,0.0,Kesler-Hayden,0.0,False,,u,2,7,0,0,0,1498,1,0.0,0.0,Kesler-Hayden,,0,0,0,0,0,0,0,0,0,0,0,0,0,0.0,0.0,0.0,0.0,0,0.00,0.00,0.00,0.00,505,178,485,176,447,159,507,178,,,,,,,0.0,0.0,0.0,0.0,0.0,0.0,642,187,435,153,510,175,634,212,0.0,0.0
49,100.0,100.0,199798,0,0,-1,1,1,2,1.0,0.5,0,Ezri,0.5,44,False,,2024-11-21T08:30:08.587167Z,44,199798.jpg,1.9,Konsa Ngoyo,7.8,False,,a,2,7,21,839384,487,1276959,629,0.1,4.8,Konsa,241.0,911,1,0,0,19,0,0,0,0,0,0,1,114,178.8,56.6,57.0,29.3,11,0.35,0.33,0.68,12.90,147,61,225,59,203,52,201,59,,,,,,,0.03,0.0,0.03,0.06,1.27,1.88,491,99,284,86,245,74,52,18,1.09,0.0
50,100.0,100.0,441302,0,0,-4,4,0,2,0.7,0.2,0,Ian,0.2,45,False,,2024-11-14T10:00:07.838636Z,46,441302.jpg,0.9,Maatsen,1.5,False,,a,2,7,9,67669,74,288043,147,0.0,2.0,Maatsen,152.0,221,0,0,0,5,0,0,0,1,0,0,0,33,48.2,117.9,46.0,21.2,1,0.07,0.74,0.81,3.69,323,110,136,27,222,61,252,82,,,,,,,0.03,0.0,0.3,0.33,1.5,2.04,351,50,348,115,435,141,177,69,0.41,0.0
51,0.0,0.0,462381,0,0,0,0,0,1,0.0,0.0,0,Filip,0.0,46,False,Has joined MK Dons for the rest of the season,2024-07-18T09:50:40.812599Z,40,462381.jpg,0.0,Marschall,0.0,False,,u,2,7,0,0,0,63,0,0.0,0.0,Marschall,,0,0,0,0,0,0,0,0,0,0,0,0,0,0.0,0.0,0.0,0.0,0,0.00,0.00,0.00,0.00,501,55,481,34,443,25,503,55,,,,,,,0.0,0.0,0.0,0.0,0.0,0.0,638,63,431,47,506,55,686,71,0.0,0.0
52,50.0,50.0,98980,0,0,0,0,0,1,0.8,0.6,0,Emiliano,1.2,47,False,Hand injury - 50% chance of playing,2024-12-02T00:00:07.797146Z,50,98980.jpg,2.7,Martínez Romero,11.9,False,,d,2,7,35,830849,108,994871,6712,0.2,7.0,Martinez,10.0,1125,0,0,1,21,0,1,0,1,0,34,2,139,308.4,0.0,0.0,30.9,13,0.00,0.00,0.00,15.52,36,12,658,69,652,67,192,12,,,,,,,0.0,2.72,0.0,0.0,1.24,1.68,190,8,207,17,154,24,31,5,1.04,0.08
53,100.0,100.0,122806,0,0,-3,3,0,3,2.5,2.0,0,John,2.0,48,False,,2024-09-21T20:30:05.276348Z,52,122806.jpg,2.0,McGinn,0.8,False,,a,2,7,22,62721,97,208591,98,0.4,4.2,McGinn,243.0,709,0,1,2,14,0,0,0,2,0,0,0,96,51.8,148.3,77.0,27.9,9,1.29,1.10,2.39,9.92,318,154,105,78,165,102,212,108,,,,,,,0.16,0.0,0.14,0.3,1.26,1.78,163,98,133,60,236,105,229,72,1.14,0.25
54,100.0,100.0,149484,0,0,-1,1,0,2,0.5,0.0,0,Tyrone,0.0,49,False,,2024-08-05T15:00:04.309727Z,44,149484.jpg,0.0,Mings,0.1,False,,a,2,7,0,6653,26,7993,14,0.0,0.0,Mings,241.0,0,0,0,0,0,0,0,0,0,0,0,0,0,0.0,0.0,0.0,0.0,0,0.00,0.00,0.00,0.00,553,214,541,213,516,207,555,214,,,,,,,0.0,0.0,0.0,0.0,0.0,0.0,484,94,505,206,560,213,460,165,0.0,0.0
55,,,578545,0,0,0,0,0,2,0.5,0.0,0,Kosta,0.0,50,False,,,40,578545.jpg,1.0,Nedeljković,1.0,False,,a,2,7,3,238654,21,190536,153,0.0,0.8,Nedeljkovic,190.0,93,0,0,0,2,0,0,0,0,0,0,0,13,22.2,6.3,0.0,2.9,0,0.00,0.02,0.02,1.84,374,130,375,125,474,181,396,134,,,,,,,0.0,0.0,0.02,0.02,1.78,1.94,671,211,463,176,370,124,207,83,0.0,0.0
56,100.0,100.0,111782,0,0,0,0,0,1,0.7,0.2,0,Robin,0.2,51,False,,2024-10-18T16:30:05.894923Z,45,111782.jpg,1.0,Olsen,0.1,False,,a,2,7,1,6266,86,8381,21,0.0,0.2,Olsen,206.0,45,0,0,0,1,0,0,0,0,0,2,0,3,17.6,0.0,0.0,1.8,0,0.00,0.00,0.00,0.79,387,32,566,62,544,55,426,32,,,,,,,0.0,4.0,0.0,0.0,1.58,2.0,361,15,341,24,389,33,423,60,0.0,0.0
57,100.0,100.0,244954,0,0,-1,1,0,2,1.3,0.8,0,Pau,0.8,52,False,,2024-11-13T15:00:07.856081Z,44,244954.jpg,1.6,Torres,1.5,False,,a,2,7,21,213595,239,209388,135,0.2,4.8,Pau,200.0,1170,0,0,1,22,0,0,0,1,0,0,0,115,185.2,46.7,43.0,27.5,13,0.24,0.27,0.51,16.31,138,55,256,73,229,65,215,65,,,,,,,0.02,0.0,0.02,0.04,1.25,1.69,510,111,249,75,292,94,169,65,1.0,0.08
58,0.0,0.0,232653,0,0,-1,1,0,3,0.0,0.0,0,Jacob,0.2,53,False,Hamstring injury - Expected back 21 Dec,2024-11-10T23:00:07.265497Z,54,232653.jpg,2.2,Ramsey,0.2,False,,i,2,7,22,43462,2,58292,70,0.0,4.1,Ramsey,241.0,632,0,2,0,14,0,0,0,1,0,0,0,118,99.4,122.1,113.0,33.7,7,0.69,1.17,1.86,9.42,243,106,130,96,114,72,173,94,,,,,,,0.1,0.0,0.17,0.27,1.34,1.99,136,80,372,182,218,95,335,112,1.0,0.0
59,100.0,100.0,244850,0,0,3,-3,1,3,1.7,1.2,0,Morgan,1.2,54,False,,2024-11-04T00:00:07.298201Z,53,244850.jpg,3.8,Rogers,20.3,False,,a,2,7,49,2706986,2133,1436501,3827,0.2,9.2,Rogers,241.0,1045,3,2,1,16,0,0,0,3,0,0,5,154,220.4,226.0,236.0,68.4,13,2.69,1.52,4.21,13.16,97,35,47,38,41,25,41,27,,,,,,,0.23,0.0,0.13,0.36,1.13,1.38,154,91,211,106,60,27,17,6,1.12,0.09
60,0.0,0.0,248164,0,0,0,0,0,1,0.0,0.0,0,Viljami,0.0,55,False,Permanent transfer to Celtic,2024-07-18T09:43:21.242291Z,40,248164.jpg,0.0,Sinisalo,0.0,False,,u,2,7,0,0,0,62,0,0.0,0.0,Sinisalo,,0,0,0,0,0,0,0,0,0,0,0,0,0,0.0,0.0,0.0,0.0,0,0.00,0.00,0.00,0.00,492,50,471,28,433,19,494,50,,,,,,,0.0,0.0,0.0,0.0,0.0,0.0,627,57,421,41,497,50,687,72,0.0,0.0
61,0.0,0.0,514315,0,0,0,0,0,2,0.0,0.0,0,Lino,0.0,56,False,Loaned to  Bristol Rovers,2024-08-16T11:50:34.812830Z,40,514315.jpg,0.0,da Cruz Sousa,0.1,False,,u,2,7,0,0,0,17377,2,0.0,0.0,Sousa,,0,0,0,0,0,0,0,0,0,0,0,0,0,0.0,0.0,0.0,0.0,0,0.00,0.00,0.00,0.00,517,186,497,184,460,168,519,186,,,,,,,0.0,0.0,0.0,0.0,0.0,0.0,656,197,448,162,523,184,486,177,0.0,0.0
62,,,166989,0,0,0,0,0,3,2.0,1.5,0,Youri,1.5,57,False,,,55,166989.jpg,3.0,Tielemans,1.3,False,,a,2,7,39,215165,156,189017,285,0.3,7.1,Tielemans,21.0,1153,0,4,1,21,0,0,1,3,0,0,5,260,293.2,493.8,78.0,86.5,13,1.33,2.85,4.18,16.10,41,11,3,3,161,101,18,15,1.0,,,,1.0,,0.1,0.0,0.22,0.32,1.26,1.64,111,66,181,88,123,54,190,57,1.01,0.08
63,100.0,100.0,178301,0,0,0,0,2,4,3.3,2.8,0,Ollie,2.8,58,False,,2024-09-04T10:00:05.026467Z,90,178301.jpg,4.9,Watkins,21.5,False,,a,2,7,64,2240689,3121,3540141,3533,0.3,7.1,Watkins,241.0,1013,6,2,4,17,0,0,0,0,0,0,8,213,263.8,122.1,455.0,83.0,13,6.82,0.63,7.45,12.36,61,9,131,11,6,3,25,4,,,,,2.0,,0.61,0.0,0.06,0.67,1.1,1.51,8,2,80,15,20,9,16,5,1.15,0.36
64,0.0,0.0,449871,0,0,-1,1,0,3,0.0,0.0,0,Amadou,0.5,233,False,Foot injury - Expected back 14 Dec,2024-11-21T08:30:08.977638Z,49,449871.jpg,3.1,Onana,3.5,False,,i,2,7,31,1420933,9,1322466,2301,0.1,6.3,Onana,21.0,704,2,0,1,13,0,0,0,3,0,0,5,146,178.8,68.9,168.0,41.7,10,1.58,0.19,1.77,10.99,148,52,203,124,73,45,131,76,,,,,,,0.2,0.0,0.02,0.22,1.4,1.66,277,181,300,149,106,46,97,28,1.28,0.13
65,100.0,100.0,481624,0,0,-2,2,0,3,1.3,0.8,0,Jaden,0.8,569,False,,2024-10-19T16:30:07.135033Z,53,481624.jpg,0.8,Philogene,0.0,False,,a,2,7,7,2553,4,7685,11,0.2,1.3,Jaden,241.0,269,0,0,1,5,0,0,0,2,1,0,0,12,15.6,16.2,38.0,6.2,2,0.42,0.09,0.51,4.36,395,186,327,189,242,136,362,180,,,,,,,0.14,0.0,0.03,0.17,1.46,1.67,155,92,261,133,450,222,524,205,0.67,0.33
66,,,515597,0,0,0,0,0,2,0.5,0.0,0,Lamare,0.0,598,False,,,40,515597.jpg,0.7,Bogarde,0.3,False,,a,2,7,2,50123,15,36563,43,0.0,0.5,Bogarde,152.0,213,0,0,0,5,0,0,0,1,0,0,0,6,31.8,17.8,2.0,5.1,3,0.00,0.11,0.11,2.13,356,126,323,103,373,127,376,123,,,,,,,0.0,0.0,0.05,0.05,0.9,2.11,658,199,450,164,453,150,312,116,1.27,0.0
67,,,514287,0,0,0,0,0,2,0.5,0.0,0,Sil,0.0,640,False,,,40,514287.jpg,0.0,Swinkels,0.1,False,,a,2,7,0,6895,2,4338,16,0.0,0.0,Swinkels,152.0,0,0,0,0,0,0,0,0,0,0,0,0,0,0.0,0.0,0.0,0.0,0,0.00,0.00,0.00,0.00,516,185,496,183,459,167,518,185,,,,,,,0.0,0.0,0.0,0.0,0.0,0.0,655,196,447,161,522,183,479,174,0.0,0.0
68,,,516159,0,0,0,0,0,1,0.5,0.0,0,Oliwier,0.0,641,False,,,40,516159.jpg,0.0,Zych,0.7,False,,a,2,7,0,79581,29,27285,80,0.0,0.0,Zych,172.0,0,0,0,0,0,0,0,0,0,0,0,0,0,0.0,0.0,0.0,0.0,0,0.00,0.00,0.00,0.00,519,63,499,42,462,33,521,63,,,,,,,0.0,0.0,0.0,0.0,0.0,0.0,659,71,451,55,525,63,233,32,0.0,0.0
69,,,537403,0,0,0,0,0,3,0.5,0.0,0,Kadan,0.0,656,False,,,45,537403.jpg,0.0,Young,0.2,False,,a,2,7,0,44281,72,27206,81,0.0,0.0,Young,241.0,0,0,0,0,0,0,0,0,0,0,0,0,0,0.0,0.0,0.0,0.0,0,0.00,0.00,0.00,0.00,621,270,617,274,598,266,623,272,,,,,,,0.0,0.0,0.0,0.0,0.0,0.0,448,277,589,243,627,274,338,114,0.0,0.0
70,,,577731,0,0,0,0,0,3,0.5,0.0,0,Ben,0.0,679,False,,,45,577731.jpg,0.0,Broggio,0.0,False,,a,2,7,0,276,7,59,4,0.0,0.0,Broggio,241.0,0,0,0,0,0,0,0,0,0,0,0,0,0,0.0,0.0,0.0,0.0,0,0.00,0.00,0.00,0.00,635,279,631,283,612,275,637,281,,,,,,,0.0,0.0,0.0,0.0,0.0,0.0,464,287,603,253,640,283,673,302,0.0,0.0
71,,,232980,0,0,-2,2,0,2,0.2,-0.3,0,Max,0.2,59,False,,,43,232980.jpg,1.0,Aarons,0.2,False,,a,3,91,1,8402,20,18991,13,0.0,0.2,Aarons,241.0,15,0,0,0,0,0,0,0,0,0,0,0,5,1.4,1.3,0.0,0.3,0,0.00,0.01,0.01,0.03,452,155,408,143,507,200,451,155,,,,,,,0.0,0.0,0.06,0.06,0.18,0.0,555,134,332,106,376,130,388,139,0.0,0.0
72,100.0,100.0,200785,0,0,-1,1,0,3,1.5,1.0,0,Tyler,1.5,60,False,,2024-07-21T20:00:04.554690Z,49,200785.jpg,1.4,Adams,0.0,False,,a,3,91,7,2226,13,1648,5,0.3,1.4,Adams,229.0,253,0,0,0,8,0,0,0,1,0,0,0,45,59.2,29.9,11.0,10.1,3,0.14,0.04,0.18,3.29,307,145,291,173,325,179,326,163,,,,,,,0.05,0.0,0.01,0.06,1.17,2.85,259,167,171,82,329,156,605,259,1.07,0.0
73,0.0,0.0,444180,0,0,0,0,0,3,0.0,0.0,0,Jaidon,0.0,61,False,Season long loan to Burnley,2024-08-30T09:46:29.420148Z,45,444180.jpg,0.0,Anthony,0.1,False,,u,3,91,0,8381,0,42879,11,0.0,0.0,Anthony,,0,0,0,0,0,0,0,0,0,0,0,0,0,0.0,0.0,0.0,0.0,0,0.00,0.00,0.00,0.00,585,240,580,244,559,236,587,242,,,,,,,0.0,0.0,0.0,0.0,0.0,0.0,392,237,547,209,591,244,420,150,0.0,0.0
74,100.0,100.0,111317,0,0,-1,1,0,3,2.5,2.0,0,David,2.5,62,False,,2024-08-12T14:30:04.440536Z,49,111317.jpg,2.2,Brooks,0.0,False,,a,3,91,13,2126,19,1894,5,0.5,2.7,Brooks,244.0,122,1,0,0,2,0,0,0,0,0,0,1,49,57.8,60.3,26.0,14.4,1,0.20,0.67,0.87,1.77,308,146,221,136,271,149,300,149,,,,,,,0.15,0.0,0.49,0.64,1.31,1.48,245,157,87,40,215,92,603,258,0.74,0.0
75,100.0,100.0,158499,0,0,-1,1,0,3,0.8,0.3,0,Ryan,0.8,63,False,,2024-11-09T20:00:07.258668Z,49,158499.jpg,2.1,Christie,0.1,False,,a,3,91,25,17656,12,28286,29,0.2,5.1,Christie,243.0,790,1,0,3,13,0,0,0,5,0,0,0,151,153.6,155.9,82.0,39.3,10,0.49,0.84,1.33,10.02,174,65,97,71,150,93,139,81,4.0,,,,,,0.06,0.0,0.1,0.16,1.14,1.48,250,160,257,130,223,98,418,149,1.14,0.34
76,75.0,75.0,155408,0,0,0,0,0,3,1.1,0.8,0,Lewis,1.5,64,False,Muscle injury - 75% chance of playing,2024-11-30T22:00:07.304760Z,50,155408.jpg,3.1,Cook,0.2,False,,d,3,91,37,48050,7,36357,181,0.3,7.4,Cook,241.0,1073,1,3,1,17,0,0,0,4,0,0,2,207,260.0,301.1,68.0,62.9,12,0.46,1.79,2.25,15.32,67,21,26,22,184,110,59,38,1.0,,,,,,0.04,0.0,0.15,0.19,1.28,1.43,193,119,173,83,108,48,340,116,1.01,0.08
77,100.0,100.0,168636,0,0,-1,1,0,4,1.5,1.0,0,Enes,1.5,65,False,,2024-08-12T14:30:04.450058Z,54,168636.jpg,1.3,Ünal,0.1,False,,a,3,91,13,9067,24,8740,21,0.3,2.4,Enes Ünal,219.0,171,0,1,1,2,0,0,0,1,0,0,0,27,27.4,38.7,69.0,12.8,1,1.04,0.12,1.16,3.48,361,36,269,30,182,33,308,34,,,4.0,,,,0.55,0.0,0.06,0.61,1.83,1.05,130,38,178,23,344,37,509,66,0.53,0.53
78,0.0,0.0,441240,0,0,0,0,0,3,0.0,0.0,0,Romain,0.0,66,False,Loaned to Brest,2024-08-20T12:15:06.505689Z,50,441240.jpg,0.0,Faivre,0.0,False,,u,3,91,0,23,0,1410,0,0.0,0.0,Faivre,,0,0,0,0,0,0,0,0,0,0,0,0,0,0.0,0.0,0.0,0.0,0,0.00,0.00,0.00,0.00,667,302,663,302,658,300,667,302,,,,,,,0.0,0.0,0.0,0.0,0.0,0.0,217,138,653,292,667,302,652,291,0.0,0.0
79,0.0,0.0,424044,0,0,0,0,0,3,0.0,0.0,0,Hamed,0.0,67,False,Season long loan to A.J.Auxerre,2024-08-29T11:07:43.785266Z,45,424044.jpg,0.0,Traorè,0.1,False,,u,3,91,0,3525,0,18050,2,0.0,0.0,H.Traorè,,0,0,0,0,0,0,0,0,0,0,0,0,0,0.0,0.0,0.0,0.0,0,0.00,0.00,0.00,0.00,584,239,579,243,558,235,586,241,,,,,,,0.0,0.0,0.0,0.0,0.0,0.0,388,236,546,208,590,243,497,189,0.0,0.0
80,,,463981,-1,1,-1,1,0,2,0.0,-0.5,0,James,0.0,68,False,,,39,463981.jpg,0.0,Hill,0.3,False,,a,3,91,0,19815,29,27853,32,0.0,0.0,Hill,241.0,0,0,0,0,0,0,0,0,0,0,0,0,0,0.0,0.0,0.0,0.0,0,0.00,0.00,0.00,0.00,459,157,437,155,397,136,461,157,,,,,,,0.0,0.0,0.0,0.0,0.0,0.0,684,224,385,129,467,157,303,113,0.0,0.0
81,0.0,0.0,523700,0,0,0,0,0,4,0.0,0.0,0,Daniel,0.0,69,False,Loaned to Watford,2024-08-31T06:32:40.630710Z,45,523700.jpg,1.0,Jebbison,1.1,False,,u,3,91,2,380085,0,461340,201,0.0,0.4,Jebbison,,26,0,0,0,0,0,0,0,0,0,0,0,7,3.2,10.6,2.0,1.6,0,0.00,0.00,0.00,0.34,441,45,353,40,382,44,430,45,,,,,,,0.0,0.0,0.0,0.0,1.18,0.0,440,68,581,52,394,40,197,35,0.0,0.0
82,100.0,100.0,544877,0,0,0,0,1,2,2.2,1.7,0,Milos,2.2,70,False,,2024-11-21T08:30:08.632085Z,45,544877.jpg,2.9,Kerkez,2.3,False,,a,3,91,38,278505,2990,89387,130,0.5,8.4,Kerkez,98.0,1097,1,2,1,19,0,0,0,2,0,0,3,152,233.8,193.8,72.0,50.0,13,0.23,1.10,1.33,15.72,81,27,68,14,175,38,94,19,,,,,,,0.02,0.0,0.09,0.11,1.29,1.56,449,85,102,27,127,33,129,51,1.07,0.08
83,,,222683,0,0,-1,1,2,3,7.2,6.7,0,Justin,7.2,71,False,,,54,222683.jpg,4.4,Kluivert,2.5,False,,a,3,91,57,293392,7979,73344,318,1.3,10.6,Kluivert,152.0,772,5,2,4,13,0,0,0,4,0,0,5,193,269.2,213.1,319.0,80.2,10,4.68,1.00,5.68,10.02,56,18,56,44,22,10,32,23,,,,,1.0,,0.55,0.0,0.12,0.67,1.17,1.52,135,79,4,3,35,15,118,33,1.17,0.47
84,0.0,0.0,223911,0,0,-1,1,0,2,0.0,0.0,0,Chris,0.0,72,False,On loan to Sunderland for the season,2024-09-01T09:10:00.945219Z,44,223911.jpg,0.0,Mepham,0.0,False,,u,3,91,0,287,0,5933,1,0.0,0.0,Mepham,,0,0,0,0,0,0,0,0,0,0,0,0,0,0.0,0.0,0.0,0.0,0,0.00,0.00,0.00,0.00,557,218,547,217,521,211,559,218,,,,,,,0.0,0.0,0.0,0.0,0.0,0.0,499,106,512,211,564,217,566,196,0.0,0.0
85,100.0,100.0,533463,0,0,0,0,0,3,0.5,0.0,0,Dango,0.5,74,False,,2024-11-01T16:30:07.369192Z,50,533463.jpg,2.4,Ouattara,0.0,False,,a,3,91,24,3375,2,4614,2,0.1,4.8,O.Dango,35.0,463,1,1,1,5,0,0,0,0,0,0,1,107,129.6,92.6,110.0,33.3,4,1.66,1.01,2.67,6.04,203,80,174,112,119,75,175,96,,,,,,,0.32,0.0,0.2,0.52,1.17,0.97,231,148,305,154,197,85,576,238,0.78,0.19
86,0.0,0.0,495145,0,0,0,0,0,1,0.0,0.0,0,Alex,0.0,75,False,Loaned to Auckland FC,2024-08-10T12:14:13.050842Z,40,495145.jpg,0.0,Paulsen,0.0,False,,u,3,91,0,0,0,2328,2,0.0,0.0,Paulsen,,0,0,0,0,0,0,0,0,0,0,0,0,0,0.0,0.0,0.0,0.0,0,0.00,0.00,0.00,0.00,509,61,489,40,451,31,511,61,,,,,,,0.0,0.0,0.0,0.0,0.0,0.0,647,69,439,53,514,61,575,69,0.0,0.0
87,100.0,100.0,168991,0,0,-2,2,0,3,0.2,-0.3,0,Philip,0.2,76,False,,2024-08-29T09:30:04.570455Z,48,168991.jpg,1.0,Billing,0.0,False,,a,3,91,3,4551,5,8157,10,0.0,0.6,Philip,58.0,34,0,0,0,1,0,0,0,0,0,0,0,8,11.6,5.1,4.0,2.1,0,0.00,0.13,0.13,0.60,405,193,381,204,366,199,414,202,,,3.0,,,,0.0,0.0,0.34,0.34,1.59,2.65,297,196,355,173,408,198,515,198,0.0,0.0
88,0.0,0.0,503139,0,0,-3,3,0,3,0.0,0.0,0,Alex,0.0,77,False,Knee injury - Unknown return date,2024-10-25T09:00:05.962917Z,47,503139.jpg,1.4,Scott,0.0,False,,i,3,91,11,2276,1,5549,2,0.0,2.3,Scott,241.0,258,0,0,1,3,0,0,0,0,0,0,0,54,71.0,65.5,21.0,15.8,2,0.12,0.17,0.29,3.67,287,132,211,129,285,158,291,144,,,,,,,0.04,0.0,0.06,0.1,1.28,1.05,343,223,619,266,326,153,557,226,0.7,0.35
89,100.0,100.0,437730,0,0,2,-2,1,3,0.8,0.3,0,Antoine,0.8,78,False,,2024-11-13T14:00:07.717891Z,57,437730.jpg,3.9,Semenyo,6.6,False,,a,3,91,47,1966503,2160,1449151,1390,0.1,8.2,Semenyo,81.0,1057,4,1,1,17,0,0,0,5,0,0,4,193,247.2,210.1,431.0,88.2,12,3.92,2.02,5.94,15.17,71,23,57,45,7,4,17,14,,,,,,,0.33,0.0,0.17,0.5,1.29,1.45,95,60,266,137,57,26,61,17,1.02,0.09
90,,,221466,0,0,-2,2,1,2,0.5,0.0,0,Marcos,0.5,79,False,,,48,221466.jpg,1.9,Senesi,0.7,False,,a,3,91,21,63858,184,97312,115,0.1,4.4,Senesi,10.0,917,0,0,1,15,0,0,0,4,0,0,3,82,221.0,78.7,29.0,33.1,11,0.81,0.44,1.25,12.04,96,34,192,48,262,78,178,47,,,,,,,0.08,0.0,0.04,0.12,1.18,1.47,308,36,293,91,249,75,237,90,1.08,0.1
91,0.0,0.0,224995,0,0,-1,1,1,3,0.0,0.0,0,Luis,0.0,80,False,Hamstring injury - Unknown return date,2024-10-25T09:00:05.974870Z,49,224995.jpg,2.4,Sinisterra,0.2,False,,i,3,91,19,68119,1,77407,43,0.0,3.9,Sinisterra,48.0,203,1,1,0,3,0,0,0,0,0,0,2,75,98.4,96.3,177.0,37.2,1,1.09,0.91,2.00,3.48,244,107,168,110,68,42,150,86,,,,,,,0.48,0.0,0.4,0.88,1.54,1.33,264,172,633,276,193,83,396,139,0.44,0.0
92,,,54469,0,0,0,0,0,2,0.5,0.0,0,Adam,0.5,81,False,,,45,54469.jpg,1.5,Smith,0.2,False,,a,3,91,20,18930,30,21578,21,0.1,4.4,Smith,241.0,768,0,0,1,12,0,0,0,3,0,0,0,52,91.4,51.1,6.0,14.9,8,0.60,0.05,0.65,9.05,253,94,242,67,352,120,298,96,,,,,,,0.07,0.0,0.01,0.08,1.06,1.41,355,54,288,89,313,105,371,134,0.94,0.12
93,,,201658,0,0,0,0,0,3,2.0,1.5,0,Marcus,2.0,83,False,,,55,201658.jpg,3.1,Tavernier,0.3,False,,a,3,91,40,77250,127,68756,77,0.4,7.3,Tavernier,241.0,981,1,3,2,15,0,0,0,2,0,0,2,163,236.0,376.2,228.0,84.0,11,2.62,1.78,4.40,12.34,80,26,12,11,45,27,23,20,2.0,,2.0,,,,0.24,0.0,0.16,0.4,1.13,1.38,115,69,134,61,111,50,300,99,1.01,0.18
94,,,229600,0,0,-1,1,0,1,0.0,-0.5,0,Mark,0.0,84,False,,,44,229600.jpg,3.3,Travers,0.2,False,,a,3,91,10,10933,14,14479,31,0.0,2.3,Travers,104.0,270,0,0,0,3,0,0,0,0,0,12,1,38,94.6,0.0,0.0,9.4,3,0.00,0.01,0.01,4.15,250,25,549,59,523,51,333,25,,,,,,,0.0,4.0,0.0,0.0,1.38,1.0,502,22,514,69,81,12,395,58,1.0,0.0
95,,,477580,0,0,-1,1,0,2,0.2,-0.3,0,Illia,0.2,85,False,,,44,477580.jpg,1.8,Zabarnyi,0.3,False,,a,3,91,23,34000,69,43842,41,0.0,5.2,Zabarnyi,225.0,1170,0,0,1,19,0,0,0,2,0,0,0,115,209.2,47.0,14.0,27.2,13,0.30,0.14,0.44,16.04,109,40,252,70,314,102,217,67,,,,,,,0.02,0.0,0.01,0.03,1.23,1.46,516,115,339,112,264,81,299,111,1.0,0.08
96,100.0,100.0,109745,0,0,0,0,0,1,1.0,0.5,0,Kepa,1.0,152,False,,2024-10-26T20:00:07.229572Z,45,109745.jpg,2.6,Arrizabalaga,0.6,False,,a,3,91,21,110349,300,91536,67,0.2,4.7,Arrizabalaga,200.0,720,0,0,1,14,0,0,0,0,0,25,0,79,185.8,10.1,0.0,19.5,8,0.00,0.00,0.00,8.98,136,17,356,2,543,54,262,17,,,,,,,0.0,3.12,0.0,0.0,1.12,1.75,360,14,221,18,161,25,239,34,1.0,0.12
97,,,554605,0,0,-2,2,0,2,0.8,0.3,0,Dean,0.8,580,False,,,43,554605.jpg,1.0,Huijsen,0.1,False,,a,3,91,7,3499,12,8616,2,0.2,1.6,Huijsen,200.0,250,0,0,0,4,0,0,0,1,0,0,0,34,67.6,53.8,28.0,15.0,2,0.50,0.32,0.82,4.63,292,102,233,63,266,81,296,95,,,,,,,0.18,0.0,0.12,0.3,1.67,1.44,567,144,246,72,378,132,458,163,0.72,0.0
98,0.0,0.0,436893,0,0,-1,1,0,2,0.0,0.0,0,Julián,0.2,592,False,Hamstring injury - Unknown return date,2024-11-21T11:30:08.788295Z,44,436893.jpg,1.0,Araujo Zúñiga,0.2,False,,i,3,91,8,10750,0,20320,35,0.0,1.8,J.Araujo,139.0,352,0,0,0,7,0,0,0,1,0,0,0,11,40.0,7.9,2.0,5.1,5,0.00,0.04,0.04,6.95,342,118,366,119,378,132,379,126,,,,,,,0.0,0.0,0.01,0.01,1.78,1.79,513,114,338,111,384,135,393,140,1.28,0.0
99,,,444172,0,0,0,0,0,1,0.0,-0.5,0,Will,0.0,599,False,,,40,444172.jpg,0.0,Dennis,0.4,False,,a,3,91,0,32494,8,22615,43,0.0,0.0,Dennis,241.0,0,0,0,0,0,0,0,0,0,0,0,0,0,0.0,0.0,0.0,0.0,0,0.00,0.00,0.00,0.00,497,54,477,33,439,24,499,54,,,,,,,0.0,0.0,0.0,0.0,0.0,0.0,633,62,427,46,502,54,289,44,0.0,0.0
100,,,444102,0,0,0,0,1,4,5.5,5.0,0,Francisco Evanilson,5.5,617,False,,,60,444102.jpg,4.9,de Lima Barbosa,3.0,False,,a,3,91,59,466218,4739,166364,267,0.9,9.8,Evanilson,30.0,872,4,4,4,15,0,0,1,0,0,0,10,214,183.2,103.1,328.0,61.2,11,5.00,0.62,5.62,10.45,142,18,159,19,21,12,66,16,,,,,2.0,,0.52,0.0,0.06,0.58,1.08,1.55,79,22,11,3,19,8,103,16,1.14,0.41
101,,,496683,0,0,0,0,0,2,0.0,-0.5,0,Max,0.0,680,False,,,40,496683.jpg,0.0,Kinsey,0.0,False,,a,3,91,0,337,9,87,2,0.0,0.0,Kinsey,241.0,0,0,0,0,0,0,0,0,0,0,0,0,0,0.0,0.0,0.0,0.0,0,0.00,0.00,0.00,0.00,510,180,490,178,453,162,512,180,,,,,,,0.0,0.0,0.0,0.0,0.0,0.0,649,191,441,156,516,178,658,222,0.0,0.0
102,,,606775,0,0,0,0,0,3,0.0,-0.5,0,Ben,0.0,687,False,,,45,606775.jpg,0.0,Winterburn,0.0,False,,a,3,91,0,182,9,30,2,0.0,0.0,Winterburn,,0,0,0,0,0,0,0,0,0,0,0,0,0,0.0,0.0,0.0,0.0,0,0.00,0.00,0.00,0.00,641,284,637,288,619,281,643,286,,,,,,,0.0,0.0,0.0,0.0,0.0,0.0,472,294,610,259,646,288,681,308,0.0,0.0
103,0.0,0.0,191866,0,0,-1,1,0,2,0.0,0.0,0,Kristoffer,0.0,86,False,Foot injury - Expected back 15 Dec,2024-10-26T20:00:07.058865Z,44,191866.jpg,0.9,Ajer,0.2,False,,i,4,94,7,30533,0,51433,58,0.0,1.6,Ajer,161.0,637,0,0,0,12,0,0,0,3,0,0,0,23,71.8,40.6,47.0,15.9,8,0.28,0.10,0.38,11.94,285,101,264,77,219,59,290,93,,,,,,,0.04,0.0,0.01,0.05,1.69,1.7,488,97,506,207,434,140,352,126,1.13,0.0
104,100.0,100.0,494041,0,0,0,0,0,3,0.0,0.0,0,Ethan,0.0,87,False,,2024-09-10T11:15:13.439596Z,45,494041.jpg,0.0,Brierley,0.1,False,,a,4,94,0,9208,4,10450,12,0.0,0.0,Brierley,,0,0,0,0,0,0,0,0,0,0,0,0,0,0.0,0.0,0.0,0.0,0,0.00,0.00,0.00,0.00,604,254,600,258,581,250,606,256,,,,,,,0.0,0.0,0.0,0.0,0.0,0.0,423,254,568,224,610,258,464,172,0.0,0.0
105,,,432830,0,0,0,0,1,2,2.6,2.6,0,Nathan,2.6,88,False,,,45,432830.jpg,3.1,Collins,2.4,False,,a,4,94,40,382797,457,196285,358,0.6,8.9,Collins,104.0,1170,1,4,1,23,0,0,0,1,0,0,1,172,423.4,61.0,170.0,65.5,13,1.73,0.78,2.51,21.99,8,1,219,57,72,5,50,5,,,,,,,0.13,0.0,0.06,0.19,1.69,1.77,389,73,82,22,101,25,121,49,1.0,0.08
106,100.0,100.0,440089,0,0,0,0,0,3,3.8,3.8,0,Mikkel,3.8,89,False,,2024-10-12T11:00:07.165630Z,50,440089.jpg,3.7,Damsgaard,1.2,False,,a,4,94,48,176719,437,61319,396,0.8,9.6,Damsgaard,58.0,929,1,4,3,15,0,0,0,0,0,0,4,229,277.6,313.7,143.0,73.5,11,1.07,2.41,3.48,16.45,52,16,21,17,91,56,36,25,1.0,,3.0,,,,0.1,0.0,0.23,0.33,1.59,1.45,216,137,40,20,65,29,194,59,1.07,0.29
107,0.0,0.0,183656,0,0,-2,2,0,3,0.0,0.0,0,Josh,0.0,90,False,Knee injury - Unknown return date,2024-08-12T14:30:04.460316Z,48,183656.jpg,0.0,Dasilva,0.0,False,,i,4,94,0,250,0,959,0,0.0,0.0,Dasilva,241.0,0,0,0,0,0,0,0,0,0,0,0,0,0,0.0,0.0,0.0,0.0,0,0.00,0.00,0.00,0.00,648,290,642,291,628,286,648,290,,,,,,,0.0,0.0,0.0,0.0,0.0,0.0,299,197,621,268,650,291,664,295,0.0,0.0
108,,,118342,0,0,0,0,1,1,3.2,3.2,0,Mark,3.2,91,False,,,45,118342.jpg,3.1,Flekken,12.0,False,,a,4,94,40,982244,691,790116,1375,0.7,8.9,Flekken,152.0,1170,0,0,1,23,0,0,0,0,0,62,2,204,497.2,0.1,0.0,49.5,13,0.00,0.02,0.02,21.99,3,1,432,9,545,56,98,1,,,,,,,0.0,4.77,0.0,0.0,1.69,1.77,362,16,52,6,99,15,30,4,1.0,0.08
109,0.0,0.0,194010,0,0,-2,2,0,2,0.0,0.0,0,Rico,0.0,92,False,Lack of match fitness - Unknown return date,2024-08-12T14:30:04.471299Z,43,194010.jpg,0.0,Henry,0.0,False,,i,4,94,0,952,0,6311,2,0.0,0.0,Henry,241.0,0,0,0,0,0,0,0,0,0,0,0,0,0,0.0,0.0,0.0,0.0,0,0.00,0.00,0.00,0.00,546,209,534,208,506,199,548,209,,,,,,,0.0,0.0,0.0,0.0,0.0,0.0,549,128,496,199,553,208,567,197,0.0,0.0
110,0.0,0.0,472713,0,0,-2,2,0,2,0.0,0.0,0,Aaron,0.0,93,False,Hamstring injury - Unknown return date,2024-08-12T14:30:04.480785Z,43,472713.jpg,0.0,Hickey,0.0,False,,i,4,94,0,395,1,2600,0,0.0,0.0,Hickey,243.0,0,0,0,0,0,0,0,0,0,0,0,0,0,0.0,0.0,0.0,0.0,0,0.00,0.00,0.00,0.00,550,211,538,210,512,203,552,211,,,,,,,0.0,0.0,0.0,0.0,0.0,0.0,562,139,501,202,557,210,626,209,0.0,0.0
111,,,204580,0,0,-1,1,0,3,3.6,3.6,0,Vitaly,3.6,94,False,,,49,204580.jpg,3.2,Janelt,0.7,False,,a,4,94,42,106313,83,52644,379,0.7,8.6,Janelt,80.0,1037,1,3,2,20,0,0,0,1,0,0,2,229,230.8,169.0,68.0,46.9,12,0.42,1.10,1.52,18.31,83,28,86,65,183,109,109,64,,,,,,,0.04,0.0,0.1,0.14,1.59,1.74,261,169,44,22,91,40,234,75,1.04,0.17
112,0.0,0.0,207283,0,0,-2,2,0,3,0.0,0.0,0,Mathias,1.4,95,False,Hamstring injury - Expected back 15 Dec,2024-11-30T22:00:07.383631Z,53,207283.jpg,2.1,Jensen,0.1,False,,i,4,94,17,6119,5,18200,29,0.3,3.2,Jensen,58.0,477,0,1,1,9,0,0,0,1,0,0,1,76,62.0,119.5,21.0,20.4,6,0.21,0.59,0.80,9.06,301,142,134,97,289,162,257,129,3.0,,,,,,0.04,0.0,0.11,0.15,1.71,1.7,152,89,190,94,226,101,483,182,1.13,0.19
113,,,570241,0,0,-1,1,0,2,0.0,0.0,0,Kim,0.0,96,False,,,39,570241.jpg,0.0,Ji-soo,0.4,False,,a,4,94,0,34253,108,23183,63,0.0,0.0,Ji-soo,114.0,0,0,0,0,0,0,0,0,0,0,0,0,0,0.0,0.0,0.0,0.0,0,0.00,0.00,0.00,0.00,464,161,442,159,402,140,466,161,,,,,,,0.0,0.0,0.0,0.0,0.0,0.0,690,229,390,133,471,160,280,105,0.0,0.0
114,,,628204,0,0,0,0,0,3,0.2,0.2,0,Yunus Emre,0.2,97,False,,,45,628204.jpg,1.0,Konak,0.1,False,,a,4,94,4,8094,3,8109,8,0.0,0.9,Konak,219.0,18,0,0,0,2,0,0,0,0,0,0,0,7,1.4,1.6,3.0,0.4,0,0.15,0.00,0.15,1.22,453,219,405,213,369,200,449,217,,,,,,,0.75,0.0,0.0,0.75,6.1,10.0,475,297,347,168,400,190,480,180,0.0,0.0
115,,,249231,0,0,0,0,0,3,1.8,1.8,0,Keane,1.8,98,False,,,50,249231.jpg,2.5,Lewis-Potter,0.1,False,,a,4,94,33,18780,11,15207,60,0.4,6.6,Lewis-Potter,241.0,943,0,3,2,18,0,0,0,2,0,0,0,149,164.0,157.2,167.0,48.8,11,0.88,1.70,2.58,18.65,160,59,96,70,75,46,101,58,,,4.0,,,,0.08,0.0,0.16,0.24,1.78,1.72,213,135,154,73,177,76,438,159,1.05,0.19
116,100.0,100.0,446008,-1,1,7,-7,2,3,2.6,2.6,0,Bryan,2.6,99,True,,2024-11-13T15:00:08.005055Z,77,446008.jpg,6.2,Mbeumo,33.9,False,,a,4,94,81,5028194,1839,1982134,16451,0.3,10.5,Mbeumo,38.0,1165,8,1,2,21,0,0,0,2,0,0,12,318,425.8,348.4,264.0,104.0,13,3.88,2.87,6.75,21.08,7,4,17,15,36,21,9,6,2.0,,2.0,,2.0,,0.3,0.0,0.22,0.52,1.63,1.62,14,9,84,39,7,4,5,4,1.0,0.15
117,,,51927,0,0,-3,3,0,2,0.0,0.0,0,Ben,0.0,100,False,,,42,51927.jpg,0.5,Mee,0.4,False,,a,4,94,1,19072,29,65678,56,0.0,0.2,Mee,241.0,4,0,0,0,2,0,0,0,0,0,0,0,1,8.0,0.1,0.0,0.8,0,0.00,0.00,0.00,0.46,419,145,431,154,485,190,443,151,,,,,,,0.0,0.0,0.0,0.0,10.35,45.0,569,145,472,184,459,153,275,101,0.0,0.0
118,100.0,100.0,128295,0,0,-2,2,0,3,1.4,1.4,0,Christian,1.4,101,False,,2024-11-23T17:30:08.239553Z,48,128295.jpg,2.2,Nørgaard,0.2,False,,a,4,94,24,29572,36,25205,61,0.3,5.0,Nørgaard,58.0,884,1,1,0,17,0,0,0,2,1,0,0,171,202.8,103.5,91.0,39.8,11,1.29,0.19,1.48,15.50,114,40,158,106,136,87,137,80,,,,,,,0.13,0.0,0.02,0.15,1.58,1.73,293,192,188,92,213,91,377,131,1.12,0.0
119,0.0,0.0,428580,0,0,-1,1,0,3,0.0,0.0,0,Frank,0.0,102,False,Loaned to FC Augsburg,2024-08-31T06:32:02.183747Z,49,428580.jpg,1.0,Onyeka,0.0,False,,u,4,94,2,648,0,3803,1,0.0,0.4,Onyeka,,23,0,0,0,0,0,0,0,0,0,0,0,3,0.0,0.5,0.0,0.0,0,0.00,0.02,0.02,0.69,657,295,420,218,643,291,657,295,,,,,,,0.0,0.0,0.08,0.08,2.7,0.0,272,177,637,279,415,202,617,269,0.0,0.0
120,0.0,0.0,450539,0,0,0,0,0,3,0.0,0.0,0,Myles,0.0,103,False,Loaned to Swansea City,2024-08-31T06:31:19.312069Z,45,450539.jpg,0.0,Peart-Harris,0.0,False,,u,4,94,0,913,0,4332,3,0.0,0.0,Peart-Harris,,0,0,0,0,0,0,0,0,0,0,0,0,0,0.0,0.0,0.0,0.0,0,0.00,0.00,0.00,0.00,587,242,582,246,561,238,589,244,,,,,,,0.0,0.0,0.0,0.0,0.0,0.0,395,239,549,211,593,246,607,261,0.0,0.0
121,100.0,100.0,231065,0,0,0,0,0,2,2.0,2.0,0,Ethan,2.0,104,False,,2024-11-21T08:30:08.718188Z,45,231065.jpg,2.4,Pinnock,1.1,False,,a,4,94,31,170502,85,100193,245,0.4,6.9,Pinnock,107.0,1170,2,0,1,23,1,0,0,1,0,0,0,148,384.2,85.1,179.0,64.9,13,0.87,0.55,1.42,21.99,13,3,180,43,67,4,51,6,,,,,,,0.07,0.0,0.04,0.11,1.69,1.77,380,69,122,37,189,55,196,77,1.0,0.08
122,,,226956,0,0,-2,2,0,2,0.2,0.2,0,Mads,0.2,105,False,,,43,226956.jpg,1.3,Roerslev Rasmussen,0.1,False,,a,4,94,13,7671,4,11023,10,0.0,3.0,Roerslev,58.0,451,0,1,0,11,0,0,0,1,0,0,0,35,86.0,91.5,11.0,19.0,4,0.01,0.57,0.58,9.06,259,95,175,42,323,105,268,87,,,,,,,0.0,0.0,0.11,0.11,1.81,2.2,553,132,331,105,337,108,459,164,0.8,0.0
123,,,513418,0,0,-4,4,1,3,5.0,5.0,0,Kevin,5.0,106,False,,,51,513418.jpg,3.2,Schade,0.3,False,,a,4,94,42,52976,477,27089,127,1.0,8.2,Schade,80.0,569,3,2,1,11,0,0,0,1,0,0,3,132,184.2,49.8,226.0,45.9,6,2.71,0.41,3.12,9.01,140,50,245,149,46,28,117,66,,,,,,,0.43,0.0,0.06,0.49,1.43,1.74,183,113,16,10,95,43,302,100,0.95,0.16
124,100.0,100.0,502500,0,0,-1,1,0,4,0.4,0.4,0,Igor Thiago,0.4,107,False,,2024-08-05T15:00:04.331164Z,59,502500.jpg,1.0,Nascimento Rodrigues,0.0,False,,a,4,94,2,1902,15,2972,7,0.1,0.3,Thiago,30.0,38,0,0,0,0,0,0,0,0,0,0,0,9,6.6,14.5,0.0,2.1,0,0.00,0.00,0.00,0.70,425,41,336,36,682,71,416,44,,,,,,,0.0,0.0,0.0,0.0,1.66,0.0,85,25,322,40,429,45,573,72,0.0,0.0
125,0.0,0.0,144485,0,0,-2,2,0,4,0.0,0.0,0,Ivan,0.0,108,False,Transferred to Al-Ahli,2024-08-31T06:41:10.704245Z,73,144485.jpg,0.0,Toney,1.3,False,,u,4,94,0,43376,0,795936,57,0.0,0.0,Toney,,0,0,0,0,0,0,0,0,0,0,0,0,0,0.0,0.0,0.0,0.0,0,0.00,0.00,0.00,0.00,690,75,690,75,690,75,690,75,,,,,,,0.0,0.0,0.0,0.0,0.0,0.0,19,7,687,75,689,75,189,34,0.0,0.0
126,,,507433,0,0,0,0,0,1,0.0,0.0,0,Hákon,0.0,109,False,,,40,507433.jpg,0.0,Valdimarsson,2.9,False,,a,4,94,0,148220,22,242491,192,0.0,0.0,Valdimarsson,99.0,0,0,0,0,0,0,0,0,0,0,0,0,0,0.0,0.0,0.0,0.0,0,0.00,0.00,0.00,0.00,514,62,494,41,457,32,516,62,,,,,,,0.0,0.0,0.0,0.0,0.0,0.0,653,70,445,54,520,62,106,17,0.0,0.0
127,100.0,100.0,216646,0,0,2,-2,3,4,5.0,5.0,0,Yoane,5.0,110,False,,2024-11-13T14:30:07.614563Z,62,216646.jpg,6.4,Wissa,9.5,False,,a,4,94,64,1890459,3630,1258196,1520,0.8,10.3,Wissa,50.0,726,7,2,2,12,0,0,0,1,0,0,13,264,282.8,98.3,288.0,66.8,9,6.07,0.39,6.46,12.13,46,7,167,20,32,15,44,12,,,,,4.0,,0.75,0.0,0.05,0.8,1.5,1.49,65,21,18,4,5,2,45,11,1.12,0.25
128,,,508395,0,0,-1,1,0,3,0.8,0.8,0,Yehor,0.8,111,False,,,44,508395.jpg,1.0,Yarmoliuk,3.3,False,,a,4,94,9,366323,999,321099,747,0.2,2.0,Yarmoliuk,225.0,162,0,0,0,4,0,0,0,1,0,0,0,39,47.8,38.7,19.0,10.5,1,0.22,0.07,0.29,4.62,324,157,267,161,296,166,323,161,,,,,,,0.12,0.0,0.04,0.16,2.57,2.22,523,308,250,124,386,180,99,29,0.56,0.0
129,0.0,0.0,48760,0,0,0,0,0,2,0.0,0.0,0,Mathias,0.0,112,False,Joined Anderlecht,2024-08-16T11:51:35.999618Z,45,48760.jpg,0.0,Jorgensen,0.0,False,,u,4,94,0,0,0,3952,1,0.0,0.0,Zanka,,0,0,0,0,0,0,0,0,0,0,0,0,0,0.0,0.0,0.0,0.0,0,0.00,0.00,0.00,0.00,568,219,562,219,538,214,570,219,,,,,,,0.0,0.0,0.0,0.0,0.0,0.0,354,53,529,213,574,218,627,210,0.0,0.0
130,,,244858,0,0,-3,3,0,3,0.4,0.4,0,Fábio,0.4,314,False,,,47,244858.jpg,1.8,Freitas Gouveia Carvalho,0.8,False,,a,4,94,22,160368,139,223458,303,0.1,4.7,Carvalho,173.0,302,1,1,0,10,0,0,0,1,0,0,1,82,98.2,51.3,101.0,24.8,2,1.51,0.49,2.00,9.12,245,108,241,146,128,82,236,118,4.0,,,,,,0.45,0.0,0.15,0.6,2.72,2.98,334,217,321,163,266,123,230,73,0.6,0.0
131,,,444765,0,0,1,-1,0,2,2.0,2.0,0,Sepp,2.0,338,False,,,41,444765.jpg,1.6,van den Berg,3.6,False,,a,4,94,18,478438,873,155827,351,0.5,4.4,Van den Berg,152.0,903,0,0,1,20,0,0,0,0,0,0,0,55,169.8,56.7,89.0,31.5,10,0.62,0.39,1.01,17.07,157,64,224,58,138,20,189,53,,,,,,,0.06,0.0,0.04,0.1,1.7,1.99,586,157,118,34,288,90,93,36,1.0,0.1
132,,,591357,0,0,0,0,0,3,0.0,0.0,0,Ryan,0.0,602,False,,,45,591357.jpg,1.0,Trevitt,0.0,False,,a,4,94,1,5226,8,5534,2,0.0,0.2,Trevitt,241.0,3,0,0,0,0,0,0,0,0,0,0,0,5,2.6,0.1,0.0,0.3,0,0.00,0.00,0.00,0.00,446,216,433,223,615,277,453,220,,,,,,,0.0,0.0,0.0,0.0,0.0,0.0,468,290,606,255,398,188,514,197,0.0,0.0
133,0.0,0.0,626464,0,0,-1,1,0,3,0.0,0.0,0,Gustavo,0.0,634,False,Lack of match fitness - Expected back 15 Dec,2024-09-12T15:00:06.996116Z,49,626464.jpg,0.0,Nunes Fernandes Gomes,0.0,False,,i,4,94,0,308,0,357,0,0.0,0.0,G.Nunes,30.0,0,0,0,0,0,0,0,0,0,0,0,0,0,0.0,0.0,0.0,0.0,0,0.00,0.00,0.00,0.00,662,298,656,298,649,295,662,298,,,,,,,0.0,0.0,0.0,0.0,0.0,0.0,288,188,645,285,662,298,674,303,0.0,0.0
134,,,499717,0,0,0,0,0,2,0.0,0.0,0,Jayden,0.0,649,False,,,40,499717.jpg,0.0,Meghoma,0.0,False,,a,4,94,0,3837,3,2474,5,0.0,0.0,Meghoma,241.0,0,0,0,0,0,0,0,0,0,0,0,0,0,0.0,0.0,0.0,0.0,0,0.00,0.00,0.00,0.00,512,182,492,180,455,164,514,182,,,,,,,0.0,0.0,0.0,0.0,0.0,0.0,651,193,443,158,518,180,528,188,0.0,0.0
135,,,592662,0,0,0,0,0,3,0.0,0.0,0,Tony,0.0,661,False,,,45,592662.jpg,0.0,Yogane,0.0,False,,a,4,94,0,2155,5,1377,1,0.0,0.0,Yogane,241.0,0,0,0,0,0,0,0,0,0,0,0,0,0,0.0,0.0,0.0,0.0,0,0.00,0.00,0.00,0.00,639,282,635,286,617,279,641,284,,,,,,,0.0,0.0,0.0,0.0,0.0,0.0,470,292,608,257,644,286,621,273,0.0,0.0
136,,,220695,0,0,0,0,0,3,0.0,0.0,0,Paris,0.0,674,False,,,45,220695.jpg,0.0,Maghoma,0.0,False,,a,4,94,0,330,1,131,3,0.0,0.0,Maghoma,241.0,0,0,0,0,0,0,0,0,0,0,0,0,0,0.0,0.0,0.0,0.0,0,0.00,0.00,0.00,0.00,578,234,573,238,552,230,580,236,,,,,,,0.0,0.0,0.0,0.0,0.0,0.0,378,231,539,203,584,238,667,297,0.0,0.0
137,100.0,100.0,535818,0,0,-2,2,0,3,1.0,1.0,0,Simon,1.0,113,False,,2024-09-29T22:30:06.392264Z,53,535818.jpg,2.1,Adingra,0.4,False,,a,5,36,19,107055,36,136353,73,0.2,3.6,Adingra,54.0,245,1,1,0,3,0,0,0,0,0,0,0,64,75.0,45.6,74.0,19.5,2,0.35,0.87,1.22,4.28,276,127,259,156,171,104,263,132,,,,,,,0.13,0.0,0.32,0.45,1.57,1.1,156,93,235,119,227,102,290,96,0.73,0.0
138,0.0,0.0,475480,0,0,0,0,0,3,0.0,0.0,0,Benicio,0.0,114,False,Loaned to Port Vale,2024-08-10T12:17:28.055765Z,45,475480.jpg,0.0,Baker-Boaitey,0.0,False,,u,5,36,0,0,0,488,0,0.0,0.0,Baker-Boaitey,,0,0,0,0,0,0,0,0,0,0,0,0,0,0.0,0.0,0.0,0.0,0,0.00,0.00,0.00,0.00,596,249,591,253,571,245,598,251,,,,,,,0.0,0.0,0.0,0.0,0.0,0.0,409,247,558,218,602,253,677,306,0.0,0.0
139,100.0,100.0,535301,0,0,0,0,1,3,-0.2,-0.2,0,Carlos,-0.2,115,False,,2024-11-23T17:30:08.295877Z,50,535301.jpg,2.6,Baleba,0.2,False,,a,5,36,26,48693,29,37810,81,0.0,5.2,Baleba,38.0,673,1,1,3,9,0,0,0,1,1,0,2,140,156.8,109.5,78.0,34.5,8,0.90,0.24,1.14,12.26,172,64,148,101,159,99,169,92,,,,,,,0.12,0.0,0.03,0.15,1.64,1.2,232,149,688,313,168,72,379,133,1.07,0.4
140,0.0,0.0,543158,0,0,0,0,0,2,0.0,0.0,0,Valentín,0.0,116,False,Loaned to Sevilla,2024-08-23T23:00:06.122778Z,40,543158.jpg,0.0,Barco,3.2,False,,u,5,36,0,34254,0,1879973,298,0.0,0.0,Barco,,0,0,0,0,0,0,0,0,0,0,0,0,0,0.0,0.0,0.0,0.0,0,0.00,0.00,0.00,0.00,524,192,504,190,467,174,526,192,,,,,,,0.0,0.0,0.0,0.0,0.0,0.0,664,204,456,169,530,190,100,41,0.0,0.0
141,0.0,0.0,519324,0,0,0,0,0,3,0.0,0.0,0,Amario,0.0,118,False,Loaned to Blackburn Rovers,2024-08-31T06:29:40.845798Z,45,519324.jpg,0.0,Cozier-Duberry,0.0,False,,u,5,36,0,1560,0,12931,2,0.0,0.0,Cozier-Duberry,,0,0,0,0,0,0,0,0,0,0,0,0,0,0.0,0.0,0.0,0.0,0,0.00,0.00,0.00,0.00,613,263,609,267,590,259,615,265,,,,,,,0.0,0.0,0.0,0.0,0.0,0.0,439,270,580,236,619,267,556,225,0.0,0.0
142,0.0,0.0,168090,0,0,-1,1,0,3,0.0,0.0,0,Mahmoud,0.0,119,False,Transferred to Eintracht Frankfurt,2024-08-31T06:30:37.645175Z,49,168090.jpg,0.0,Dahoud,0.0,False,,u,5,36,0,380,0,2894,1,0.0,0.0,Dahoud,,0,0,0,0,0,0,0,0,0,0,0,0,0,0.0,0.0,0.0,0.0,0,0.00,0.00,0.00,0.00,654,293,648,294,638,289,654,293,,,,,,,0.0,0.0,0.0,0.0,0.0,0.0,254,163,630,273,655,294,630,277,0.0,0.0
143,100.0,100.0,83299,0,0,-1,1,0,2,0.2,0.2,0,Lewis,0.2,120,False,,2024-10-26T20:00:07.127533Z,44,83299.jpg,2.6,Dunk,4.0,False,,a,5,36,23,651258,383,727695,324,0.0,5.2,Dunk,241.0,723,0,0,3,10,0,0,0,2,0,0,0,114,138.4,62.7,22.0,22.3,8,0.35,0.31,0.66,13.44,190,75,215,56,279,85,245,78,,,2.0,,,,0.04,0.0,0.04,0.08,1.67,1.24,480,90,333,107,160,44,86,32,1.0,0.37
144,100.0,100.0,474120,0,0,-1,1,0,3,0.0,0.0,0,Julio,0.0,121,False,,2024-08-12T14:30:04.495991Z,54,474120.jpg,1.0,Enciso,0.1,False,,a,5,36,7,10364,9,12602,24,0.0,1.3,Enciso,168.0,84,0,0,0,1,0,0,0,0,0,0,0,31,23.4,58.9,31.0,11.2,0,0.17,0.16,0.33,0.73,369,172,222,137,254,141,319,157,2.0,,3.0,,,,0.18,0.0,0.17,0.35,0.78,1.07,142,84,671,302,424,208,477,179,0.0,0.0
145,100.0,100.0,204214,0,0,0,0,0,2,2.0,2.0,0,Pervis,2.0,122,False,,2024-08-15T14:30:05.811816Z,50,204214.jpg,1.2,Estupiñán,1.6,False,,a,5,36,12,219123,1179,79557,177,0.4,2.4,Estupiñan,62.0,702,0,0,0,13,0,0,0,2,0,0,2,73,158.2,245.7,45.0,45.0,7,0.24,1.10,1.34,15.19,168,66,40,7,226,64,118,29,4.0,,4.0,,,,0.03,0.0,0.14,0.17,1.95,1.67,199,22,130,40,356,115,159,62,0.9,0.0
146,100.0,100.0,487117,0,0,0,0,0,4,0.5,0.5,0,Evan,0.5,123,False,,2024-08-15T14:30:05.827079Z,55,487117.jpg,1.8,Ferguson,0.3,False,,a,5,36,14,54237,55,43330,101,0.1,2.5,Ferguson,104.0,115,1,0,0,3,0,0,0,0,0,0,2,47,47.4,2.6,23.0,7.2,1,0.19,0.00,0.19,2.43,326,32,395,44,278,40,350,38,,,,,,,0.15,0.0,0.0,0.15,1.9,2.35,123,36,312,38,272,34,313,48,0.78,0.0
147,0.0,0.0,243568,0,0,0,0,0,3,0.0,0.0,0,Billy,0.0,124,False,Transferred to Napoli,2024-08-31T06:42:09.507349Z,50,243568.jpg,1.5,Gilmour,0.0,False,,u,5,36,3,2640,0,16238,2,0.0,0.6,Gilmour,,97,0,0,0,1,0,0,0,0,0,0,0,21,11.4,11.9,2.0,2.5,1,0.08,0.04,0.12,1.32,406,194,344,195,389,212,407,200,,,,,,,0.07,0.0,0.04,0.11,1.22,0.93,211,134,650,290,319,147,540,216,0.93,0.0
148,0.0,0.0,60307,0,0,0,0,0,3,0.0,0.0,0,Pascal,0.0,125,False,Permanent transfer to Borussia Dortmund,2024-08-02T13:11:40.837259Z,65,60307.jpg,0.0,Groß,0.0,False,,u,5,36,0,0,0,8113,0,0.0,0.0,Gross,,0,0,0,0,0,0,0,0,0,0,0,0,0,0.0,0.0,0.0,0.0,0,0.00,0.00,0.00,0.00,686,312,686,312,685,312,686,312,,,,,,,0.0,0.0,0.0,0.0,0.0,0.0,43,23,680,308,685,312,579,240,0.0,0.0
149,50.0,50.0,532529,0,0,0,0,1,3,0.1,0.1,0,Jack,0.2,126,False,Knee injury - 50% chance of playing,2024-11-10T01:30:07.476316Z,50,532529.jpg,2.8,Hinshelwood,0.1,False,,d,5,36,28,23386,0,21350,37,0.0,5.6,Hinshelwood,241.0,839,1,0,3,13,0,0,0,2,0,0,3,129,117.0,111.3,76.0,30.6,10,0.74,0.68,1.42,16.85,215,88,145,100,167,103,194,102,6.0,,,,,,0.08,0.0,0.07,0.15,1.81,1.39,230,147,363,178,140,59,465,173,1.07,0.32
150,0.0,0.0,612855,0,0,0,0,0,3,0.0,0.0,0,Ibrahim,0.0,127,False,Loaned to Feyenoord,2024-08-16T11:54:28.483822Z,50,612855.jpg,0.0,Osman,0.0,False,,u,5,36,0,0,0,1123,0,0.0,0.0,I.Osman,,0,0,0,0,0,0,0,0,0,0,0,0,0,0.0,0.0,0.0,0.0,0,0.00,0.00,0.00,0.00,676,307,673,307,667,305,676,307,,,,,,,0.0,0.0,0.0,0.0,0.0,0.0,238,153,662,297,675,307,665,296,0.0,0.0
151,,,223434,0,0,-1,1,0,2,1.2,1.2,0,Igor Julio,1.2,128,False,,,44,223434.jpg,1.6,dos Santos de Paulo,0.1,False,,a,5,36,13,10909,48,10382,18,0.3,3.0,Igor,30.0,654,0,0,1,9,0,0,0,3,0,0,0,89,139.6,29.5,4.0,17.4,6,0.05,0.20,0.25,11.47,188,74,292,86,363,123,280,91,,,,,,,0.01,0.0,0.03,0.04,1.58,1.24,498,105,192,56,290,92,413,149,0.83,0.14
152,100.0,100.0,475168,0,0,3,-3,2,4,6.2,6.2,0,João Pedro,6.2,129,False,,2024-11-07T23:00:07.502402Z,58,475168.jpg,6.3,Junqueira de Jesus,18.9,False,,a,5,36,44,3577660,6973,3436737,1059,1.1,7.6,João Pedro,30.0,439,4,2,2,3,0,0,0,1,0,0,11,187,214.4,105.4,189.0,50.8,5,1.82,1.25,3.07,5.84,106,15,154,16,64,22,91,19,,,,,1.0,,0.37,0.0,0.26,0.63,1.2,0.62,91,26,9,2,6,3,22,7,1.03,0.41
153,0.0,0.0,484658,0,0,0,0,0,3,0.0,0.0,0,Kacper,0.0,130,False,Permanent transfer to Gaziantep FK,2024-07-22T09:03:00.342050Z,45,484658.jpg,0.0,Kozłowski,0.0,False,,u,5,36,0,0,0,91,0,0.0,0.0,Kozlowski,,0,0,0,0,0,0,0,0,0,0,0,0,0,0.0,0.0,0.0,0.0,0,0.00,0.00,0.00,0.00,598,250,593,254,573,246,600,252,,,,,,,0.0,0.0,0.0,0.0,0.0,0.0,412,248,560,219,604,254,689,313,0.0,0.0
154,100.0,100.0,232792,0,0,-1,1,0,2,1.2,1.2,0,Tariq,1.2,131,False,,2024-11-13T14:00:07.816484Z,44,232792.jpg,4.0,Lamptey,0.2,False,,a,5,36,8,14454,126,20213,23,0.3,1.8,Lamptey,81.0,81,0,2,0,3,0,0,0,0,0,0,0,24,47.4,25.9,0.0,7.4,1,0.00,0.12,0.12,1.49,325,111,301,93,524,212,348,110,,,,,,,0.0,0.0,0.13,0.13,1.66,3.33,504,107,193,57,48,6,359,130,1.11,0.0
155,25.0,25.0,109345,0,0,0,0,0,3,0.0,0.0,0,Solly,0.0,132,False,Lack of match fitness - 25% chance of playing,2024-07-17T13:30:04.993410Z,65,109345.jpg,0.0,March,0.0,False,,d,5,36,0,783,2,1006,2,0.0,0.0,March,241.0,0,0,0,0,0,0,0,0,0,0,0,0,0,0.0,0.0,0.0,0.0,0,0.00,0.00,0.00,0.00,687,313,687,313,686,313,687,313,,,,,,,0.0,0.0,0.0,0.0,0.0,0.0,44,24,681,309,686,313,649,288,0.0,0.0
156,0.0,0.0,550141,0,0,0,0,0,3,0.0,0.0,0,Adrian,0.0,133,False,Has joined Vitesse Arnhem on loan for the rest of the season,2024-08-29T11:08:43.963582Z,45,550141.jpg,0.0,Mazilu,0.0,False,,u,5,36,0,720,0,3831,4,0.0,0.0,Mazilu,,0,0,0,0,0,0,0,0,0,0,0,0,0,0.0,0.0,0.0,0.0,0,0.00,0.00,0.00,0.00,624,273,620,277,601,269,626,275,,,,,,,0.0,0.0,0.0,0.0,0.0,0.0,452,280,592,246,630,277,620,272,0.0,0.0
157,0.0,0.0,15157,0,0,0,0,0,3,0.0,0.0,0,James,0.0,134,False,Hamstring injury - Unknown return date,2024-08-31T21:00:04.655035Z,50,15157.jpg,1.7,Milner,0.0,False,,i,5,36,5,4530,0,10002,0,0.0,1.0,Milner,241.0,169,0,0,1,1,0,0,0,1,0,0,0,24,28.6,66.3,12.0,10.7,3,0.16,0.15,0.31,1.98,359,168,208,127,319,175,322,160,1.0,,,,,,0.09,0.0,0.08,0.17,1.05,0.53,185,115,646,286,281,130,526,207,1.6,0.53
158,100.0,100.0,592031,-1,1,-4,4,0,3,0.2,0.2,0,Yankuba,0.2,135,False,,2024-10-19T22:30:05.622192Z,51,592031.jpg,2.8,Minteh,0.4,False,,a,5,36,22,253711,10,343588,81,0.0,4.3,Minteh,78.0,407,1,2,1,5,0,0,0,2,0,0,0,80,94.4,154.2,109.0,35.7,5,0.83,1.29,2.12,5.09,251,110,100,74,121,77,160,89,5.0,,,,,,0.18,0.0,0.29,0.47,1.13,1.11,184,114,365,179,141,60,267,88,1.11,0.22
159,75.0,75.0,451340,0,0,0,0,0,3,3.9,3.9,0,Mitoma,5.2,136,False,Knock - 75% chance of playing,2024-12-03T12:30:08.039613Z,65,451340.jpg,4.4,Kaoru,8.4,False,,d,5,36,57,1644709,1952,1164251,2369,0.8,8.8,Mitoma,108.0,1094,3,3,2,16,0,0,0,0,0,0,6,219,256.6,265.5,381.0,90.4,12,3.56,2.13,5.69,19.83,68,22,34,28,13,7,14,11,,,,,,,0.29,0.0,0.18,0.47,1.63,1.32,46,26,13,8,37,17,50,13,0.99,0.16
160,,,243505,0,0,-1,1,0,3,0.2,0.2,0,Jakub,0.2,137,False,,,44,243505.jpg,1.0,Moder,0.9,False,,a,5,36,2,164201,128,113027,215,0.0,0.5,Moder,172.0,4,0,0,0,0,0,0,0,0,0,0,0,8,5.0,11.1,0.0,1.6,0,0.00,0.00,0.00,0.16,430,207,349,198,526,217,429,207,,,,,,,0.0,0.0,0.0,0.0,3.6,0.0,508,301,336,164,381,178,213,65,0.0,0.0
161,0.0,0.0,574402,0,0,0,0,0,4,0.0,0.0,0,Mark,0.0,138,False,Season long to Portsmouth,2024-08-30T10:16:16.061223Z,45,574402.jpg,0.0,O’Mahony,0.3,False,,u,5,36,0,31158,0,66490,27,0.0,0.0,O’Mahony,,0,0,0,0,0,0,0,0,0,0,0,0,0,0.0,0.0,0.0,0.0,0,0.00,0.00,0.00,0.00,631,55,627,55,608,53,633,55,,,,,,,0.0,0.0,0.0,0.0,0.0,0.0,460,71,599,54,636,57,325,52,0.0,0.0
162,0.0,0.0,445548,0,0,0,0,0,2,0.0,0.0,0,Odeluga,0.0,139,False,Loaned to Blackpool,2024-08-31T06:26:46.238644Z,40,445548.jpg,0.0,Offiah,0.1,False,,u,5,36,0,2639,0,12299,7,0.0,0.0,Offiah,,0,0,0,0,0,0,0,0,0,0,0,0,0,0.0,0.0,0.0,0.0,0,0.00,0.00,0.00,0.00,498,175,478,173,440,156,500,175,,,,,,,0.0,0.0,0.0,0.0,0.0,0.0,634,183,428,150,503,172,485,176,0.0,0.0
163,,,491598,0,0,-1,1,0,3,0.0,0.0,0,Cameron,0.0,140,False,,,44,491598.jpg,0.0,Peupion,0.1,False,,a,5,36,0,5690,74,6416,12,0.0,0.0,Peupion,13.0,0,0,0,0,0,0,0,0,0,0,0,0,0,0.0,0.0,0.0,0.0,0,0.00,0.00,0.00,0.00,561,225,555,229,531,220,563,227,,,,,,,0.0,0.0,0.0,0.0,0.0,0.0,520,305,521,193,568,230,507,195,0.0,0.0
164,0.0,0.0,441192,0,0,-1,1,0,3,0.0,0.0,0,Jeremy,0.0,141,False,Loaned to Burnley,2024-08-31T06:27:42.007071Z,49,441192.jpg,1.0,Sarmiento Morante,0.0,False,,u,5,36,1,354,0,2843,1,0.0,0.2,Sarmiento,,8,0,0,0,0,0,0,0,0,0,0,0,3,0.2,0.8,0.0,0.1,0,0.00,0.00,0.00,0.00,457,221,418,217,644,292,460,224,,,,,,,0.0,0.0,0.0,0.0,0.0,0.0,274,179,638,280,416,203,633,280,0.0,0.0
165,,,49262,0,0,-3,3,0,1,0.0,0.0,0,Jason,0.0,142,False,,,42,49262.jpg,4.5,Steele,1.2,False,,a,5,36,9,287909,34,289045,128,0.0,2.1,Steele,241.0,180,0,0,1,1,0,0,0,0,0,3,1,46,40.4,0.0,0.0,4.1,2,0.00,0.00,0.00,1.88,340,28,518,44,484,35,387,28,,,,,,,0.0,1.5,0.0,0.0,0.94,0.5,568,35,471,56,31,4,195,26,1.0,0.5
166,0.0,0.0,450434,0,0,0,0,0,4,0.0,0.0,0,Deniz,0.0,143,False,Transferred to Stuttgart,2024-08-10T12:18:55.962223Z,55,450434.jpg,0.0,Undav,0.0,False,,u,5,36,0,0,0,1422,0,0.0,0.0,Undav,,0,0,0,0,0,0,0,0,0,0,0,0,0,0.0,0.0,0.0,0.0,0,0.00,0.00,0.00,0.00,683,72,683,72,679,70,683,72,,,,,,,0.0,0.0,0.0,0.0,0.0,0.0,121,35,675,71,682,72,657,75,0.0,0.0
167,100.0,100.0,469142,0,0,0,0,0,2,1.0,1.0,0,Jan Paul,1.0,144,False,,2024-09-29T22:30:06.452903Z,45,469142.jpg,2.4,van Hecke,1.0,False,,a,5,36,26,159825,374,94154,103,0.2,5.8,Van Hecke,152.0,909,0,1,2,11,0,0,0,3,0,0,0,144,229.0,80.2,54.0,36.4,10,0.16,0.47,0.63,13.78,85,28,191,47,206,54,156,42,,,,,,,0.02,0.0,0.05,0.07,1.36,1.09,408,79,223,66,191,56,204,81,0.99,0.2
168,75.0,75.0,111478,0,0,1,-1,1,2,0.8,0.8,0,Joël,1.0,145,False,Knock - 75% chance of playing,2024-11-30T01:00:07.662889Z,46,111478.jpg,3.1,Veltman,3.5,False,,d,5,36,34,606844,67,370151,1304,0.2,7.4,Veltman,152.0,956,0,0,3,12,0,0,0,1,0,0,5,152,156.8,70.3,18.0,24.6,11,0.07,1.07,1.14,14.82,171,67,200,51,301,92,238,75,,,,,,,0.01,0.0,0.1,0.11,1.4,1.13,348,48,225,67,102,26,94,37,1.04,0.28
169,100.0,100.0,489639,0,0,0,0,0,1,2.0,2.0,0,Bart,2.0,146,False,,2024-08-12T14:30:04.523944Z,45,489639.jpg,3.0,Verbruggen,2.9,False,,a,5,36,33,423141,1073,181173,259,0.4,7.3,Verbruggen,152.0,990,0,0,2,16,0,0,0,2,0,39,2,148,352.6,0.0,0.0,35.3,11,0.00,0.00,0.00,19.38,17,6,594,63,575,58,162,6,,,,,,,0.0,3.55,0.0,0.0,1.76,1.45,414,18,123,14,118,20,104,16,1.0,0.18
170,25.0,25.0,110735,0,0,-2,2,0,2,0.0,0.0,0,Adam,0.0,147,False,Hamstring injury - 25% chance of playing,2024-10-06T22:00:07.268394Z,43,110735.jpg,0.3,Webster,0.1,False,,d,5,36,1,2893,0,9872,4,0.0,0.2,Webster,241.0,78,0,0,0,4,0,0,0,0,0,0,0,7,20.4,1.8,2.0,2.4,2,0.00,0.03,0.03,3.95,380,133,402,139,375,129,408,136,,,,,,,0.0,0.0,0.03,0.03,4.56,4.62,539,120,489,193,465,155,490,178,2.31,0.0
171,100.0,100.0,50175,0,0,4,-4,1,4,1.5,1.5,0,Danny,1.5,148,False,,2024-10-19T17:00:05.582252Z,59,50175.jpg,5.2,Welbeck,20.1,False,,a,5,36,68,3621621,2199,1882876,4510,0.3,11.5,Welbeck,241.0,1091,6,2,5,14,0,0,0,1,0,0,13,242,291.8,173.3,362.0,82.7,13,5.30,0.43,5.73,19.73,42,5,82,3,15,7,26,5,,,1.0,,3.0,,0.44,0.0,0.04,0.48,1.63,1.15,81,23,183,25,15,7,18,6,1.07,0.41
172,100.0,100.0,467779,-1,1,-3,3,0,3,0.2,0.2,0,Mats,0.2,149,False,,2024-08-29T09:30:04.701478Z,47,467779.jpg,1.4,Wieffer,0.1,False,,a,5,36,13,11872,5,16046,10,0.0,2.8,Wieffer,152.0,277,0,1,1,8,0,0,0,1,0,0,0,41,72.0,56.3,32.0,15.6,2,0.25,0.12,0.37,7.23,282,130,227,140,249,137,293,146,,,,,,,0.08,0.0,0.04,0.12,2.35,2.6,338,220,350,169,325,152,494,186,0.65,0.32
173,75.0,75.0,513433,0,0,-1,1,0,3,0.2,0.2,0,Brajan,0.2,595,False,Illness - 75% chance of playing,2024-11-30T01:00:08.395710Z,54,513433.jpg,1.0,Gruda,0.0,False,,d,5,36,4,1028,1,3483,3,0.0,0.7,Gruda,80.0,59,0,0,0,2,0,0,0,0,0,0,0,10,13.4,22.4,12.0,4.7,0,0.00,0.03,0.03,1.23,401,190,312,178,321,177,384,189,,,,,,,0.0,0.0,0.05,0.05,1.88,3.05,143,85,373,183,425,209,596,255,0.0,0.0
174,75.0,75.0,509416,0,0,0,0,0,3,0.9,0.9,0,Yasin,1.2,600,False,Knock - 75% chance of playing,2024-12-03T12:30:09.025260Z,50,509416.jpg,1.7,Ayari,0.0,False,,d,5,36,19,4010,4,3246,21,0.2,3.8,Ayari,206.0,654,0,0,3,7,0,0,0,2,0,0,0,97,112.2,181.0,87.0,38.2,7,0.69,0.88,1.57,10.94,223,95,74,57,140,90,147,85,3.0,,,,,,0.09,0.0,0.12,0.21,1.51,0.96,228,145,210,105,283,132,551,223,0.96,0.41
175,0.0,0.0,513834,0,0,0,0,0,3,0.0,0.0,0,Andrew,0.0,601,False,Loaned to Stoke City,2024-08-20T12:19:09.002604Z,50,513834.jpg,0.0,Moran,0.0,False,,u,5,36,0,24,0,505,0,0.0,0.0,Moran,,0,0,0,0,0,0,0,0,0,0,0,0,0,0.0,0.0,0.0,0.0,0,0.00,0.00,0.00,0.00,673,305,669,305,664,303,673,305,,,,,,,0.0,0.0,0.0,0.0,0.0,0.0,229,146,659,295,672,305,671,301,0.0,0.0
176,0.0,0.0,472739,0,0,0,0,0,1,0.0,0.0,0,Carl,0.0,615,False,Loaned to Hull City,2024-08-31T06:28:38.039682Z,40,472739.jpg,0.0,Rushworth,0.0,False,,u,5,36,0,6698,0,6693,10,0.0,0.0,Rushworth,,0,0,0,0,0,0,0,0,0,0,0,0,0,0.0,0.0,0.0,0.0,0,0.00,0.00,0.00,0.00,506,59,486,38,448,29,508,59,,,,,,,0.0,0.0,0.0,0.0,0.0,0.0,643,67,436,51,511,59,512,65,0.0,0.0
177,100.0,100.0,463067,0,0,1,-1,1,3,2.2,2.2,0,Georginio,2.2,618,False,,2024-10-12T11:00:07.563830Z,56,463067.jpg,3.9,Rutter,1.8,False,,a,5,36,47,295469,502,115226,722,0.4,8.4,Georginio,73.0,753,2,4,4,12,0,0,0,2,0,0,1,120,138.6,140.6,215.0,48.4,10,2.58,0.96,3.54,15.97,189,71,113,83,52,34,103,59,,,,,,,0.31,0.0,0.11,0.42,1.91,1.43,107,65,112,50,56,25,150,45,1.2,0.48
178,50.0,50.0,231416,0,0,0,0,0,2,0.0,0.0,0,Ferdi,0.0,628,False,Toe Injury - 50% chance of playing,2024-11-10T01:30:09.967684Z,45,231416.jpg,3.2,Kadioglu,0.3,False,,d,5,36,19,73292,21,46839,183,0.0,4.2,F.Kadıoğlu,219.0,385,1,0,2,8,0,0,0,1,0,0,0,59,116.4,83.7,40.0,24.0,5,0.44,0.31,0.75,9.44,217,82,184,45,238,69,239,76,,,,,,,0.1,0.0,0.07,0.17,2.21,1.87,381,70,540,219,87,20,306,114,1.17,0.47
179,100.0,100.0,219249,0,0,0,0,0,3,2.5,2.5,0,Matt,2.5,629,False,,2024-08-28T16:30:04.729425Z,55,219249.jpg,3.3,O'Riley,0.1,False,,a,5,36,10,13929,66,4410,66,0.5,1.8,O'Riley,58.0,118,1,0,0,2,0,0,0,1,0,0,2,39,40.4,6.5,42.0,8.9,1,0.59,0.42,1.01,2.12,341,162,374,203,233,129,338,171,,,,,,,0.45,0.0,0.32,0.77,1.62,1.53,116,70,92,44,84,36,447,163,0.76,0.0
180,,,447720,0,0,0,0,0,2,0.0,0.0,0,Imari,0.0,663,False,,,40,447720.jpg,0.0,Samuels,0.0,False,,a,5,36,0,3880,10,2187,5,0.0,0.0,Samuels,241.0,0,0,0,0,0,0,0,0,0,0,0,0,0,0.0,0.0,0.0,0.0,0,0.00,0.00,0.00,0.00,499,176,479,174,441,157,501,176,,,,,,,0.0,0.0,0.0,0.0,0.0,0.0,635,184,429,151,504,173,549,192,0.0,0.0
181,,,565858,0,0,-1,1,0,1,0.0,0.0,0,Killian,0.0,668,False,,,39,565858.jpg,0.0,Cahill,1.0,False,,a,5,36,0,110779,1262,11888,162,0.0,0.0,Cahill,104.0,0,0,0,0,0,0,0,0,0,0,0,0,0,0.0,0.0,0.0,0.0,0,0.00,0.00,0.00,0.00,463,34,441,11,401,2,465,34,,,,,,,0.0,0.0,0.0,0.0,0.0,0.0,689,72,389,25,470,34,205,28,0.0,0.0
182,,,539721,0,0,0,0,0,2,0.0,0.0,0,Ruairi,0.0,681,False,,,40,539721.jpg,0.0,McConville,0.0,False,,a,5,36,0,266,7,51,4,0.0,0.0,McConville,242.0,0,0,0,0,0,0,0,0,0,0,0,0,0,0.0,0.0,0.0,0.0,0,0.00,0.00,0.00,0.00,523,191,503,189,466,173,525,191,,,,,,,0.0,0.0,0.0,0.0,0.0,0.0,663,203,455,168,529,189,663,224,0.0,0.0
183,,,589100,0,0,0,0,0,2,0.0,0.0,0,Jacob,0.0,685,False,,,40,589100.jpg,0.0,Slater,0.0,False,,a,5,36,0,141,4,17,3,0.0,0.0,Slater,,0,0,0,0,0,0,0,0,0,0,0,0,0,0.0,0.0,0.0,0.0,0,0.00,0.00,0.00,0.00,531,199,511,197,476,183,533,199,,,,,,,0.0,0.0,0.0,0.0,0.0,0.0,673,213,465,178,538,198,679,228,0.0,0.0
184,0.0,0.0,532605,0,0,0,0,0,3,0.0,0.0,0,Andrey,0.0,150,False,Has joined Strasbourg on a season-long loan,2024-08-05T10:16:34.176364Z,45,532605.jpg,0.0,Nascimento dos Santos,0.0,False,,u,6,8,0,0,0,582,0,0.0,0.0,Andrey Santos,,0,0,0,0,0,0,0,0,0,0,0,0,0,0.0,0.0,0.0,0.0,0,0.00,0.00,0.00,0.00,619,268,615,272,596,264,621,270,,,,,,,0.0,0.0,0.0,0.0,0.0,0.0,446,275,587,241,625,272,668,298,0.0,0.0
185,0.0,0.0,518620,0,0,0,0,0,3,0.0,0.0,0,Ângelo Gabriel,0.0,151,False,Transferred to Al-Nassr,2024-09-05T10:38:18.297070Z,45,518620.jpg,0.0,Borges Damaceno,0.1,False,,u,6,8,0,5940,0,27125,11,0.0,0.0,Ângelo,,0,0,0,0,0,0,0,0,0,0,0,0,0,0.0,0.0,0.0,0.0,0,0.00,0.00,0.00,0.00,612,262,608,266,589,258,614,264,,,,,,,0.0,0.0,0.0,0.0,0.0,0.0,438,269,579,235,618,266,415,147,0.0,0.0
186,,,242880,0,0,-2,2,0,2,0.8,1.8,0,Benoît,0.8,153,False,,,43,242880.jpg,1.3,Badiashile,0.1,False,,a,6,8,4,8955,34,12909,23,0.2,0.9,B.Badiashile,73.0,157,0,0,0,1,0,0,0,0,0,0,0,25,33.6,7.1,0.0,4.1,1,0.00,0.05,0.05,1.73,354,124,370,123,508,201,388,129,,,,,,,0.0,0.0,0.03,0.03,0.99,0.57,557,136,245,71,338,109,419,151,0.57,0.0
187,,,482158,0,0,0,0,0,1,0.0,1.0,0,Lucas,0.0,154,False,,,40,482158.jpg,0.0,Bergström,0.2,False,,a,6,8,0,12765,3,14645,27,0.0,0.0,Bergström,72.0,0,0,0,0,0,0,0,0,0,0,0,0,0,0.0,0.0,0.0,0.0,0,0.00,0.00,0.00,0.00,507,60,487,39,449,30,509,60,,,,,,,0.0,0.0,0.0,0.0,0.0,0.0,645,68,437,52,512,60,336,49,0.0,0.0
188,,,122074,0,0,0,0,0,1,0.0,1.0,0,Marcus,0.0,155,False,,,40,122074.jpg,0.0,Bettinelli,0.3,False,,a,6,8,0,8769,3,14600,31,0.0,0.0,Bettinelli,241.0,0,0,0,0,0,0,0,0,0,0,0,0,0,0.0,0.0,0.0,0.0,0,0.00,0.00,0.00,0.00,472,41,450,18,412,9,474,41,,,,,,,0.0,0.0,0.0,0.0,0.0,0.0,599,47,400,32,479,41,305,47,0.0,0.0
189,,,486672,0,0,-1,1,0,3,1.8,2.8,0,Moisés,1.8,157,False,,,49,486672.jpg,3.1,Caicedo Corozo,1.5,False,,a,6,8,40,201610,312,132106,501,0.4,8.2,Caicedo,62.0,1145,1,2,4,13,0,0,0,3,0,0,2,235,278.8,209.6,39.0,52.8,13,0.34,1.29,1.63,15.85,51,15,59,47,240,134,82,51,,,,,,,0.03,0.0,0.1,0.13,1.25,1.02,281,184,150,69,107,47,173,51,1.02,0.31
190,,,505187,0,0,-1,1,0,3,0.0,1.0,0,Cesare,0.0,158,False,,,44,505187.jpg,0.0,Casadei,0.1,False,,a,6,8,0,18209,30,19817,39,0.0,0.0,Casadei,106.0,0,0,0,0,0,0,0,0,0,0,0,0,0,0.0,0.0,0.0,0.0,0,0.00,0.00,0.00,0.00,562,226,556,230,532,221,564,228,,,,,,,0.0,0.0,0.0,0.0,0.0,0.0,522,307,523,195,569,231,411,145,0.0,0.0
191,,,172850,0,0,-3,3,0,2,0.0,1.0,0,Ben,0.0,160,False,,,47,172850.jpg,0.0,Chilwell,0.5,False,,a,6,8,0,27666,70,77598,73,0.0,0.0,Chilwell,241.0,0,0,0,0,0,0,0,0,0,0,0,0,0,0.0,0.0,0.0,0.0,0,0.00,0.00,0.00,0.00,644,228,640,228,624,225,645,228,,,,,,,0.0,0.0,0.0,0.0,0.0,0.0,331,42,615,225,648,227,252,94,0.0,0.0
192,100.0,100.0,478912,0,0,-2,2,0,3,0.0,1.0,0,Carney,0.0,161,False,,2024-10-04T12:30:06.437566Z,48,478912.jpg,0.0,Chukwuemeka,0.0,False,,a,6,8,0,3851,5,6851,7,0.0,0.0,Chukwuemeka,241.0,0,0,0,0,0,0,0,0,0,0,0,0,0,0.0,0.0,0.0,0.0,0,0.00,0.00,0.00,0.00,651,292,646,293,633,288,651,292,,,,,,,0.0,0.0,0.0,0.0,0.0,0.0,319,209,625,270,653,293,518,200,0.0,0.0
193,100.0,100.0,460028,0,0,0,0,0,2,2.2,3.2,0,Levi,2.2,162,False,,2024-11-12T14:30:07.619476Z,45,460028.jpg,2.5,Colwill,4.1,False,,a,6,8,32,639202,1595,304640,439,0.5,7.1,Colwill,241.0,1170,0,0,3,14,0,0,0,3,0,0,1,154,236.6,54.5,46.0,33.8,13,0.19,0.82,1.01,16.55,79,26,232,62,221,60,172,46,,,,,,,0.01,0.0,0.06,0.07,1.27,1.08,399,78,101,26,176,50,85,31,1.0,0.23
194,100.0,100.0,179268,1,-1,1,-1,1,2,3.5,4.5,0,Marc,3.5,163,False,,2024-10-06T22:00:07.319833Z,51,179268.jpg,2.6,Cucurella Saseta,5.9,False,,a,6,8,31,545996,2892,620808,482,0.7,6.1,Cucurella,200.0,917,0,1,3,10,0,0,0,6,0,0,2,153,152.6,74.6,28.0,25.5,10,0.04,0.96,1.00,11.80,175,68,193,49,267,82,229,71,,,,,,,0.0,0.0,0.09,0.09,1.16,0.98,178,21,46,9,170,47,66,23,0.98,0.29
195,0.0,0.0,520295,0,0,-1,1,0,4,0.0,0.0,0,David Datro,0.0,164,False,Transferred to AEK Athens,2024-09-11T14:26:52.770225Z,54,520295.jpg,0.0,Fofana,0.1,False,,u,6,8,0,4727,0,14732,4,0.0,0.0,D.D.Fofana,54.0,0,0,0,0,0,0,0,0,0,0,0,0,0,0.0,0.0,0.0,0.0,0,0.00,0.00,0.00,0.00,682,71,681,71,676,69,682,71,,,,,,,0.0,0.0,0.0,0.0,0.0,0.0,144,42,672,70,681,71,488,64,0.0,0.0
196,,,617054,0,0,-1,1,0,4,0.0,1.0,0,Deivid Washington,0.0,165,False,,,49,617054.jpg,0.0,de Souza Eugênio,0.1,False,,a,6,8,0,12878,22,15840,22,0.0,0.0,Deivid,30.0,0,0,0,0,0,0,0,0,0,0,0,0,0,0.0,0.0,0.0,0.0,0,0.00,0.00,0.00,0.00,661,64,655,63,648,62,661,64,,,,,,,0.0,0.0,0.0,0.0,0.0,0.0,287,58,644,63,661,65,409,60,0.0,0.0
197,,,215413,0,0,-4,4,0,3,0.2,1.2,0,Kiernan,0.2,166,False,,,56,215413.jpg,1.0,Dewsbury-Hall,0.1,False,,a,6,8,4,5777,8,23657,16,0.0,0.7,Dewsbury-Hall,241.0,45,0,0,0,2,0,0,0,0,0,0,0,12,7.4,12.4,0.0,2.0,0,0.00,0.03,0.03,1.13,422,203,342,194,680,309,421,204,,,,,,,0.0,0.0,0.06,0.06,2.26,4.0,102,64,376,185,427,211,426,153,0.0,0.0
198,,,220362,0,0,-3,3,0,2,0.0,1.0,0,Axel,0.0,167,False,,,42,220362.jpg,3.5,Disasi,0.3,False,,a,6,8,7,24661,33,46671,61,0.0,1.7,Disasi,73.0,94,0,0,1,0,0,0,0,0,0,0,0,29,13.0,1.5,0.0,1.5,1,0.00,0.00,0.00,1.90,402,142,406,142,491,194,432,147,,,,,,,0.0,0.0,0.0,0.0,1.82,0.0,580,154,480,190,73,15,323,120,0.96,0.96
199,,,448047,0,0,-2,2,1,3,6.2,7.2,0,Enzo,6.2,168,False,,,48,448047.jpg,3.3,Fernández,2.4,False,,a,6,8,40,277903,2877,202656,333,1.3,8.3,Enzo,10.0,787,2,2,2,9,0,0,0,1,0,0,3,191,225.8,258.4,124.0,60.9,8,1.42,1.12,2.54,8.35,91,33,37,31,105,65,67,43,3.0,,,,4.0,,0.16,0.0,0.13,0.29,0.95,1.03,316,207,7,5,82,34,122,35,0.91,0.23
200,0.0,0.0,232787,0,0,-1,1,0,3,0.0,0.0,0,Conor,0.0,169,False,Transferred to Atletico Madrid,2024-08-22T11:20:34.236891Z,59,232787.jpg,0.0,Gallagher,0.1,False,,u,6,8,0,1567,0,71684,10,0.0,0.0,Gallagher,,0,0,0,0,0,0,0,0,0,0,0,0,0,0.0,0.0,0.0,0.0,0,0.00,0.00,0.00,0.00,684,311,684,311,681,310,684,311,,,,,,,0.0,0.0,0.0,0.0,0.0,0.0,84,53,677,306,683,311,406,142,0.0,0.0
201,0.0,0.0,514280,0,0,0,0,0,2,0.0,0.0,0,Alfie,0.0,170,False,Has joined Sheffield United on a season-long,2024-08-09T11:15:16.064928Z,40,514280.jpg,0.0,Gilchrist,0.0,False,,u,6,8,0,0,0,6622,4,0.0,0.0,Gilchrist,,0,0,0,0,0,0,0,0,0,0,0,0,0,0.0,0.0,0.0,0.0,0,0.00,0.00,0.00,0.00,515,184,495,182,458,166,517,184,,,,,,,0.0,0.0,0.0,0.0,0.0,0.0,654,195,446,160,521,182,547,190,0.0,0.0
202,100.0,100.0,482609,0,0,-1,1,0,2,0.8,1.8,0,Malo,0.8,171,False,,2024-11-13T09:30:07.704412Z,49,482609.jpg,1.2,Gusto,1.6,False,,a,6,8,12,188565,214,349404,306,0.2,2.4,Gusto,73.0,730,0,0,0,12,0,0,0,2,0,0,0,58,105.8,110.5,74.0,29.1,9,0.92,0.39,1.31,10.73,232,88,147,32,170,36,204,61,,,,,,,0.11,0.0,0.05,0.16,1.32,1.48,280,31,259,77,355,114,154,60,1.11,0.0
203,0.0,0.0,225796,0,0,-1,1,0,2,0.0,0.0,0,Reece,0.2,172,False,Hamstring injury - Unknown return date,2024-11-21T14:00:08.020459Z,49,225796.jpg,1.2,James,0.2,False,,i,6,8,5,75790,2,70139,259,0.0,1.0,James,241.0,240,0,0,0,4,0,0,0,0,0,0,0,32,38.2,23.2,0.0,6.2,3,0.00,0.22,0.22,5.78,345,120,308,97,641,228,361,118,2.0,,2.0,,,,0.0,0.0,0.08,0.08,2.17,1.5,265,28,359,119,353,113,333,121,1.12,0.0
204,0.0,0.0,549068,0,0,-1,1,0,3,0.0,0.0,0,Omari,0.0,173,False,Hamstring injury - Unknown return date,2024-09-08T23:00:06.668188Z,44,549068.jpg,0.0,Kellyman,0.0,False,,i,6,8,0,2871,2,5126,5,0.0,0.0,Kellyman,241.0,0,0,0,0,0,0,0,0,0,0,0,0,0,0.0,0.0,0.0,0.0,0,0.00,0.00,0.00,0.00,564,228,558,232,534,223,566,230,,,,,,,0.0,0.0,0.0,0.0,0.0,0.0,525,310,525,197,571,233,570,234,0.0,0.0
205,100.0,100.0,514356,0,0,0,0,0,3,1.2,2.2,0,Roméo,1.2,174,False,,2024-11-10T23:00:07.545590Z,45,514356.jpg,1.9,Lavia,0.9,False,,a,6,8,15,170259,414,186966,260,0.3,3.3,Lavia,21.0,430,0,1,1,7,0,0,0,2,0,0,0,72,76.4,80.8,5.0,16.3,6,0.18,0.28,0.46,8.52,274,125,189,119,357,194,286,143,,,,,,,0.04,0.0,0.06,0.1,1.78,1.47,435,266,198,95,246,110,212,64,1.26,0.21
206,0.0,0.0,66749,0,0,-2,2,0,4,0.0,0.0,0,Romelu,0.0,175,False,Permanent transfer to Napoli,2024-08-30T10:21:53.872158Z,63,66749.jpg,0.0,Lukaku Bolingoli,0.2,False,,u,6,8,0,8049,0,60424,4,0.0,0.0,Lukaku,,0,0,0,0,0,0,0,0,0,0,0,0,0,0.0,0.0,0.0,0.0,0,0.00,0.00,0.00,0.00,685,73,685,73,683,72,685,73,,,,,,,0.0,0.0,0.0,0.0,0.0,0.0,50,20,678,72,684,73,368,57,0.0,0.0
207,0.0,0.0,204727,0,0,0,0,0,2,0.0,0.0,0,Malang,0.0,176,False,Permanent move to RC Lens,2024-07-29T09:46:25.583703Z,45,204727.jpg,0.0,Sarr,0.0,False,,u,6,8,0,0,0,437,0,0.0,0.0,M.Sarr,,0,0,0,0,0,0,0,0,0,0,0,0,0,0.0,0.0,0.0,0.0,0,0.00,0.00,0.00,0.00,575,222,570,222,549,217,577,222,,,,,,,0.0,0.0,0.0,0.0,0.0,0.0,370,60,536,216,581,221,672,226,0.0,0.0
208,,,248857,0,0,-2,2,1,3,1.8,2.8,0,Noni,1.8,177,False,,,63,248857.jpg,4.6,Madueke,6.5,False,,a,6,8,55,2089438,575,1613616,2467,0.3,8.7,Madueke,241.0,857,4,2,3,11,0,0,0,3,0,0,6,193,229.2,186.6,429.0,84.6,11,3.33,1.02,4.35,12.83,84,29,71,54,8,5,22,19,,,,,3.0,,0.35,0.0,0.11,0.46,1.35,1.16,55,33,159,77,29,13,62,18,1.16,0.32
209,,,499309,0,0,-2,2,0,4,0.0,1.0,0,Marc,0.0,178,False,,,48,499309.jpg,1.0,Guiu Paz,0.5,False,,a,6,8,1,72354,43,107742,98,0.0,0.2,Marc Guiu,200.0,24,0,0,0,1,0,0,0,0,0,0,0,2,0.0,0.3,0.0,0.0,0,0.00,0.00,0.00,0.11,652,60,425,47,634,58,652,60,,,,,,,0.0,0.0,0.0,0.0,0.41,3.75,322,62,626,59,410,42,250,42,0.0,0.0
210,,,465920,0,0,-3,3,0,3,0.2,1.2,0,Mykhailo,0.2,179,False,,,62,465920.jpg,1.0,Mudryk,0.2,False,,a,6,8,7,17389,18,36941,39,0.0,1.1,Mudryk,225.0,145,0,0,0,2,0,0,0,0,0,0,0,26,23.2,31.5,31.0,8.5,1,0.24,0.66,0.90,3.28,370,173,286,170,255,142,339,172,,,,,,,0.15,0.0,0.41,0.56,2.04,1.24,71,47,379,187,430,213,339,115,0.62,0.0
211,,,517052,1,-1,7,-7,2,4,5.0,6.0,0,Nicolas,5.0,180,True,,,82,517052.jpg,6.0,Jackson,28.4,False,,a,6,8,78,4073508,12947,1386894,1877,0.6,9.5,N.Jackson,189.0,1025,8,4,4,12,0,0,0,4,0,0,12,329,383.6,180.8,492.0,105.7,13,6.75,0.54,7.29,14.41,14,3,76,2,4,2,8,3,,,,,,,0.59,0.0,0.05,0.64,1.27,1.05,12,4,19,5,9,5,8,2,1.14,0.35
212,,,213198,0,0,-7,7,0,3,0.8,1.8,0,Christopher,0.8,181,False,,,58,213198.jpg,1.4,Nkunku,2.3,False,,a,6,8,17,239291,82,1550569,351,0.1,2.9,Nkunku,73.0,181,1,0,0,2,0,0,0,1,0,0,1,57,64.2,62.8,114.0,23.8,1,2.10,0.20,2.30,3.64,299,140,214,131,112,70,242,121,,,,,2.0,,1.04,0.0,0.1,1.14,1.81,0.99,88,56,267,138,335,162,128,38,0.5,0.0
213,100.0,100.0,244851,0,0,5,-5,4,3,4.5,5.5,0,Cole,4.5,182,True,,2024-11-12T14:30:07.656076Z,110,244851.jpg,7.7,Palmer,58.4,False,,a,6,8,100,4700127,5939,2390411,1870,0.4,9.1,Palmer,241.0,1130,8,6,3,14,0,0,0,3,0,0,16,419,497.4,455.4,344.0,129.8,13,6.10,2.76,8.86,15.99,2,2,6,5,20,9,4,3,1.0,,1.0,,1.0,,0.49,0.0,0.22,0.71,1.27,1.12,3,2,27,14,3,3,2,2,1.04,0.24
214,0.0,0.0,457569,0,0,-1,1,0,1,0.0,0.0,0,Đorđe,0.0,183,False,Loaned to Strasbourg,2024-08-31T06:26:07.653045Z,44,457569.jpg,0.0,Petrović,0.2,False,,u,6,8,0,2753,0,60925,17,0.0,0.0,Petrović,,0,0,0,0,0,0,0,0,0,0,0,0,0,0.0,0.0,0.0,0.0,0,0.00,0.00,0.00,0.00,559,71,553,61,529,53,561,71,,,,,,,0.0,0.0,0.0,0.0,0.0,0.0,515,24,518,70,566,71,373,53,0.0,0.0
215,,,551230,0,0,0,0,0,3,0.0,1.0,0,Renato,0.0,184,False,,,45,551230.jpg,1.0,Palma Veiga,0.2,False,,a,6,8,5,38450,5,33561,67,0.0,1.1,Renato Veiga,173.0,164,0,0,1,1,0,0,0,2,0,0,0,17,30.4,8.4,19.0,5.8,1,0.16,0.15,0.31,2.29,357,167,364,201,297,167,369,183,,,,,,,0.09,0.0,0.08,0.17,1.26,0.55,454,281,594,247,395,186,375,130,0.55,0.55
216,,,215059,0,0,3,-3,2,1,2.5,3.5,0,Robert,2.5,185,False,,,48,215059.jpg,4.0,Sánchez,13.2,False,,a,6,8,52,1672389,2986,626861,1197,0.5,10.8,Sánchez,200.0,1170,0,0,3,14,0,1,0,3,0,45,5,199,355.0,0.0,0.0,35.4,13,0.00,0.01,0.01,16.81,16,5,643,66,629,62,161,5,,,,,,,0.0,3.46,0.0,0.0,1.29,1.08,305,11,86,10,50,6,29,3,1.0,0.23
217,,,109646,0,0,-3,3,0,2,0.0,1.0,0,Tosin,0.0,187,False,,,42,109646.jpg,1.8,Adarabioyo,0.1,False,,a,6,8,7,15669,14,28371,30,0.0,1.7,Tosin,241.0,171,0,0,1,2,0,0,0,1,0,0,0,42,38.6,11.7,0.0,5.1,2,0.00,0.00,0.00,3.16,344,119,346,112,488,191,377,124,,,,,,,0.0,0.0,0.0,0.0,1.66,1.05,574,148,477,187,260,77,404,146,1.05,0.53
218,0.0,0.0,444463,0,0,0,0,0,2,0.0,0.0,0,Wesley,1.2,189,False,Hamstring injury - Expected back 04 Jan,2024-12-02T00:00:08.059563Z,45,444463.jpg,1.6,Fofana,0.4,False,,i,6,8,19,83207,3,86128,557,0.3,4.2,W.Fofana,73.0,1015,0,0,1,12,0,0,0,6,0,0,2,133,187.2,70.0,29.0,28.7,12,0.40,0.15,0.55,13.99,133,53,201,52,261,77,207,62,,,,,,,0.04,0.0,0.01,0.05,1.24,1.06,393,76,196,60,294,96,271,99,1.06,0.09
219,100.0,100.0,209243,0,0,-3,3,0,3,1.0,2.0,0,Jadon,1.0,386,False,,2024-11-07T09:00:07.812014Z,62,209243.jpg,3.3,Sancho,0.9,False,,a,6,8,23,333932,91,311714,252,0.2,3.7,Sancho,241.0,380,0,4,1,5,0,0,0,1,0,0,1,89,76.8,123.0,52.0,24.9,5,0.12,0.94,1.06,5.07,273,124,129,95,212,121,235,117,,,,,,,0.03,0.0,0.22,0.25,1.2,1.18,63,41,238,122,85,37,219,69,1.18,0.24
220,100.0,100.0,247632,0,0,-3,3,0,3,3.0,4.0,0,Pedro,3.0,560,False,,2024-11-29T17:00:08.236863Z,62,247632.jpg,2.3,Lomba Neto,1.4,False,,a,6,8,28,220816,283,207837,491,0.5,4.5,Neto,173.0,645,1,2,1,6,0,0,0,4,0,0,4,123,146.0,219.6,106.0,47.2,6,0.46,1.35,1.81,9.34,180,68,49,39,125,80,106,62,4.0,,,,,,0.06,0.0,0.19,0.25,1.3,0.84,68,44,65,35,207,90,183,54,0.84,0.14
221,0.0,0.0,488464,0,0,0,0,0,2,0.0,0.0,0,Caleb,0.0,575,False,Loaned to Strasbourg,2024-08-13T07:07:06.645739Z,40,488464.jpg,0.0,Wiley,0.0,False,,u,6,8,0,0,0,3434,4,0.0,0.0,Wiley,,0,0,0,0,0,0,0,0,0,0,0,0,0,0.0,0.0,0.0,0.0,0,0.00,0.00,0.00,0.00,508,179,488,177,450,160,510,179,,,,,,,0.0,0.0,0.0,0.0,0.0,0.0,646,189,438,154,513,176,598,201,0.0,0.0
222,100.0,100.0,508479,0,0,-3,3,0,1,0.0,1.0,0,Filip,0.0,581,False,,2024-11-21T08:30:09.544798Z,42,508479.jpg,0.0,Jørgensen,0.2,False,,a,6,8,0,7814,12,26596,25,0.0,0.0,Jørgensen,58.0,0,0,0,0,0,0,0,0,0,0,0,0,0,0.0,0.0,0.0,0.0,0,0.00,0.00,0.00,0.00,540,66,524,48,493,39,542,66,,,,,,,0.0,0.0,0.0,0.0,0.0,0.0,582,39,482,60,547,66,376,54,0.0,0.0
223,,,428399,0,0,-4,4,0,3,0.8,1.8,0,João,0.8,621,False,,,61,428399.jpg,1.7,Félix Sequeira,0.5,False,,a,6,8,12,152916,55,144688,110,0.1,2.0,João Félix,173.0,202,1,0,1,0,0,0,0,2,0,0,0,44,54.0,39.8,89.0,18.1,1,1.16,0.14,1.30,1.87,314,151,266,160,139,89,274,138,,,,,,,0.52,0.0,0.06,0.58,0.83,0.0,76,50,269,139,284,133,254,81,0.45,0.45
224,100.0,100.0,205533,0,0,-1,1,0,4,-0.5,0.5,1,Eddie,0.5,11,False,,2024-11-08T15:00:07.256448Z,59,205533.jpg,1.6,Nketiah,0.5,False,,a,7,31,14,156626,60,163819,123,0.1,2.4,Nketiah,241.0,502,0,0,1,8,0,0,0,1,0,0,0,65,48.4,84.5,162.0,29.3,6,1.02,0.39,1.41,7.90,322,31,182,23,84,28,202,28,,,,,,,0.18,0.0,0.07,0.25,1.42,1.43,83,24,313,39,305,35,265,43,1.08,0.18
225,100.0,100.0,180736,0,0,-1,1,2,2,1.2,2.2,6,Trevoh,2.2,159,False,,2024-09-13T15:30:06.602568Z,44,180736.jpg,3.5,Chalobah,0.6,False,,a,7,31,28,67984,120,34984,134,0.5,6.4,Chalobah,241.0,700,1,0,2,9,0,0,0,1,0,0,2,121,176.0,54.8,70.0,30.2,8,0.45,0.32,0.77,10.64,151,62,231,61,180,40,197,56,,,,,,,0.06,0.0,0.04,0.1,1.37,1.16,487,96,100,25,74,16,247,91,1.03,0.26
226,0.0,0.0,466117,0,0,0,0,0,3,0.0,0.0,0,Naouirou,0.0,190,False,Loaned to Rennes,2024-08-31T06:25:25.419519Z,45,466117.jpg,0.0,Ahamada,0.1,False,,u,7,31,0,6178,0,32133,14,0.0,0.0,Ahamada,,0,0,0,0,0,0,0,0,0,0,0,0,0,0.0,0.0,0.0,0.0,0,0.00,0.00,0.00,0.00,595,248,590,252,569,244,597,250,,,,,,,0.0,0.0,0.0,0.0,0.0,0.0,406,246,557,217,601,252,435,158,0.0,0.0
227,100.0,100.0,438464,0,0,-1,1,0,3,-0.2,0.8,0,Cheick,0.8,193,False,,2024-09-14T18:00:06.266238Z,49,438464.jpg,1.4,Doucouré,0.1,False,,a,7,31,10,11520,6,17065,13,0.2,2.0,C.Doucouré,132.0,237,0,1,0,3,0,0,0,1,0,0,0,34,23.4,8.8,16.0,4.8,3,0.18,0.03,0.21,5.10,368,171,362,200,307,170,383,188,,,,,,,0.07,0.0,0.01,0.08,1.94,1.14,273,178,258,131,331,158,504,194,1.14,0.0
228,100.0,100.0,427623,0,0,-1,1,0,2,-0.5,0.5,1,Chris,0.5,194,False,,2024-09-27T15:30:06.509919Z,44,427623.jpg,1.8,Richards,0.1,False,,a,7,31,11,5877,4,16858,13,0.1,2.5,C.Richards,229.0,353,0,0,1,5,0,0,0,1,0,0,0,41,60.0,4.2,6.0,7.1,4,0.12,0.01,0.13,6.70,306,107,383,130,350,119,351,112,,,,,,,0.03,0.0,0.0,0.03,1.71,1.27,512,113,286,88,263,80,442,160,1.02,0.25
229,0.0,0.0,515621,0,0,-2,2,0,2,0.0,0.0,0,Chadi,0.0,195,False,Knee injury - Expected back 15 Dec,2024-08-28T16:30:04.488064Z,43,515621.jpg,1.0,Riad Dnanou,0.0,False,,i,7,31,1,1896,0,12901,5,0.0,0.2,Chadi Riad,145.0,90,0,0,0,2,0,0,0,0,0,0,0,3,18.2,1.3,0.0,2.0,1,0.00,0.02,0.02,1.39,384,135,409,144,513,204,418,140,,,,,,,0.0,0.0,0.02,0.02,1.39,2.0,565,142,502,203,377,131,513,185,1.0,0.0
230,,,57328,0,0,-1,1,0,2,-0.2,0.8,0,Nathaniel,0.8,196,False,,,44,57328.jpg,2.2,Clyne,0.1,False,,a,7,31,13,5793,6,9949,23,0.2,3.0,Clyne,241.0,294,0,0,1,4,0,0,0,0,0,0,0,44,41.8,6.7,3.0,5.1,3,0.01,0.02,0.03,5.99,337,116,372,124,368,125,378,125,,,,,,,0.0,0.0,0.01,0.01,1.83,1.22,477,87,247,73,210,65,439,159,0.92,0.31
231,0.0,0.0,450535,0,0,0,0,0,3,0.0,0.0,0,Malcolm,0.0,197,False,Season long loan to Oxford United,2024-08-06T17:23:26.723638Z,45,450535.jpg,0.0,Ebiowei,0.0,False,,u,7,31,0,0,0,447,0,0.0,0.0,Ebiowei,,0,0,0,0,0,0,0,0,0,0,0,0,0,0.0,0.0,0.0,0.0,0,0.00,0.00,0.00,0.00,586,241,581,245,560,237,588,243,,,,,,,0.0,0.0,0.0,0.0,0.0,0.0,394,238,548,210,592,245,675,304,0.0,0.0
232,100.0,100.0,232413,0,0,-4,4,2,3,1.0,2.0,6,Eberechi,2.0,199,False,,2024-10-31T02:30:07.120686Z,66,232413.jpg,3.5,Eze,7.7,False,,a,7,31,39,955802,493,3435345,799,0.3,5.9,Eze,241.0,949,1,2,3,12,0,0,0,0,0,0,3,178,198.8,351.6,300.0,84.9,11,3.09,1.75,4.84,13.28,122,43,16,14,30,16,20,17,1.0,,1.0,,2.0,,0.29,0.0,0.17,0.46,1.26,1.14,40,21,136,63,76,32,53,15,1.04,0.28
233,,,209036,0,0,0,0,2,2,1.8,2.8,6,Marc,2.8,200,False,,,45,209036.jpg,3.4,Guéhi,7.6,False,,a,7,31,47,517511,1780,449356,1062,0.6,10.4,Guéhi,241.0,1260,2,1,3,18,1,0,0,2,0,0,3,210,415.6,94.6,124.0,63.4,14,1.25,0.37,1.62,19.81,9,2,171,40,104,11,56,7,,,,,,,0.09,0.0,0.03,0.12,1.42,1.29,373,63,71,17,78,17,55,19,1.0,0.21
234,,,172649,0,0,-1,1,2,1,3.5,4.5,7,Dean,4.5,201,False,,,44,172649.jpg,3.7,Henderson,10.2,False,,a,7,31,52,592528,1308,1197445,1077,1.0,11.8,Henderson,241.0,1260,0,0,3,18,0,1,0,1,0,44,4,176,366.2,0.0,4.0,37.0,14,0.01,0.00,0.01,19.81,15,4,542,57,362,1,152,4,,,,,,,0.0,3.14,0.0,0.0,1.42,1.29,486,20,23,2,64,9,38,8,1.0,0.21
235,,,156074,0,0,-2,2,0,2,-1.0,0.0,0,Rob,0.0,202,False,,,43,156074.jpg,0.0,Holding,0.1,False,,a,7,31,0,2309,2,6941,9,0.0,0.0,Holding,241.0,0,0,0,0,0,0,0,0,0,0,0,0,0,0.0,0.0,0.0,0.0,0,0.00,0.00,0.00,0.00,544,207,532,206,504,197,546,207,,,,,,,0.0,0.0,0.0,0.0,0.0,0.0,545,124,493,196,551,206,467,168,0.0,0.0
236,100.0,100.0,108413,0,0,-1,1,0,3,0.5,1.5,2,Will,1.5,203,False,,2024-11-02T21:30:06.165599Z,49,108413.jpg,1.2,Hughes,0.0,False,,a,7,31,15,2953,5,5104,5,0.3,3.1,Hughes,241.0,708,0,0,2,10,0,0,0,6,0,0,0,79,105.4,175.9,41.0,32.0,7,0.42,0.60,1.02,11.62,233,98,80,62,236,132,185,99,2.0,,,,,,0.05,0.0,0.08,0.13,1.48,1.27,243,156,170,81,352,172,552,224,0.89,0.25
237,0.0,0.0,209400,0,0,-4,4,0,3,0.0,0.0,0,Daichi,-0.2,205,False,Suspended until 07 Dec,2024-11-09T20:00:07.600072Z,51,209400.jpg,1.3,Kamada,0.1,False,,s,7,31,14,12880,3,57217,15,0.0,2.7,Kamada,108.0,616,0,0,1,11,0,0,0,2,1,0,0,74,99.8,166.8,73.0,34.1,7,0.56,0.51,1.07,10.30,241,104,88,66,173,105,171,93,,,,,,,0.08,0.0,0.07,0.15,1.5,1.61,180,110,689,314,342,166,434,157,1.02,0.15
238,100.0,100.0,152551,0,0,-2,2,0,3,-0.2,0.8,1,Jefferson,0.8,206,False,,2024-10-27T22:00:06.083970Z,48,152551.jpg,1.2,Lerma Solís,0.0,False,,a,7,31,12,4134,3,7368,6,0.2,2.5,Lerma,48.0,575,0,0,1,7,0,0,0,4,0,0,0,66,82.6,71.2,24.0,17.8,6,0.18,0.75,0.93,6.66,265,119,198,123,276,154,278,139,,,,,,,0.03,0.0,0.12,0.15,1.04,1.1,295,194,255,128,351,171,525,206,0.94,0.16
239,,,231747,0,0,-3,3,2,4,3.2,4.2,8,Jean-Philippe,4.2,207,False,,,72,231747.jpg,3.6,Mateta,2.7,False,,a,7,31,50,444739,474,789383,730,0.6,6.9,Mateta,73.0,1022,4,1,2,15,0,0,0,2,0,0,9,181,201.2,167.3,262.0,62.7,12,4.27,0.59,4.86,15.81,116,17,87,4,38,16,60,14,,,,,1.0,,0.38,0.0,0.05,0.43,1.39,1.32,21,8,34,8,71,17,115,18,1.06,0.18
240,0.0,0.0,536694,0,0,-1,1,0,3,0.0,0.0,0,Matheus,0.0,208,False,Groin Injury - Expected back 04 Jan,2024-09-27T15:30:06.533416Z,44,536694.jpg,0.0,França de Oliveira,0.4,False,,i,7,31,0,120988,15,95553,125,0.0,0.0,M.França,30.0,0,0,0,0,0,0,0,0,0,0,0,0,0,0.0,0.0,0.0,0.0,0,0.00,0.00,0.00,0.00,563,227,557,231,533,222,565,229,,,,,,,0.0,0.0,0.0,0.0,0.0,0.0,524,309,524,196,570,232,278,91,0.0,0.0
241,,,169593,0,0,0,0,0,1,-1.0,0.0,0,Remi,0.0,209,False,,,40,169593.jpg,0.0,Matthews,0.6,False,,a,7,31,0,17917,8,59708,44,0.0,0.0,Matthews,241.0,0,0,0,0,0,0,0,0,0,0,0,0,0,0.0,0.0,0.0,0.0,0,0.00,0.00,0.00,0.00,476,43,455,21,417,12,478,43,,,,,,,0.0,0.0,0.0,0.0,0.0,0.0,605,50,404,34,483,43,246,36,0.0,0.0
242,,,244723,0,0,-1,1,1,2,1.0,2.0,6,Tyrick,2.0,210,False,,,49,244723.jpg,2.4,Mitchell,1.5,False,,a,7,31,33,97802,97,190364,257,0.4,6.7,Mitchell,241.0,1210,0,1,3,18,0,0,0,2,0,0,0,158,217.8,214.8,65.0,50.0,14,0.34,1.26,1.60,19.22,101,36,55,11,187,42,95,20,,,,,,,0.03,0.0,0.09,0.12,1.43,1.34,271,29,127,38,194,57,176,68,1.04,0.22
243,100.0,100.0,247348,0,0,-3,3,2,2,3.8,4.8,6,Daniel,4.8,211,False,,2024-10-05T18:00:07.079825Z,47,247348.jpg,3.1,Muñoz,1.8,False,,a,7,31,43,146470,716,390289,340,1.0,9.1,Muñoz,48.0,1174,1,2,3,18,0,0,0,4,0,0,3,150,268.6,197.1,197.0,66.3,14,2.46,0.68,3.14,18.65,57,19,66,12,58,3,48,4,,,,,,,0.19,0.0,0.05,0.24,1.43,1.38,335,44,20,4,103,27,146,56,1.07,0.23
244,0.0,0.0,531989,0,0,0,0,0,3,0.0,0.0,0,David,0.0,212,False,Season long loan to Derby County,2024-07-26T08:51:53.649693Z,45,531989.jpg,0.0,Ozoh,0.0,False,,u,7,31,0,0,0,284,0,0.0,0.0,Ozoh,,0,0,0,0,0,0,0,0,0,0,0,0,0,0.0,0.0,0.0,0.0,0,0.00,0.00,0.00,0.00,617,266,613,270,594,262,619,268,,,,,,,0.0,0.0,0.0,0.0,0.0,0.0,444,273,585,239,623,270,682,309,0.0,0.0
245,0.0,0.0,450542,0,0,0,0,0,3,0.0,0.0,0,Jesurun,0.0,213,False,Loaned to Sheffield United,2024-08-20T12:16:48.741122Z,45,450542.jpg,0.0,Rak-Sakyi,0.0,False,,u,7,31,0,755,0,18778,4,0.0,0.0,Rak-Sakyi,,0,0,0,0,0,0,0,0,0,0,0,0,0,0.0,0.0,0.0,0.0,0,0.00,0.00,0.00,0.00,588,243,583,247,562,239,590,245,,,,,,,0.0,0.0,0.0,0.0,0.0,0.0,396,240,550,212,594,247,546,221,0.0,0.0
246,,,86417,0,0,-3,3,0,3,-0.2,0.8,0,Jeffrey,0.8,214,False,,,47,86417.jpg,1.0,Schlupp,0.1,False,,a,7,31,10,7656,16,12477,29,0.2,2.1,Schlupp,81.0,85,0,0,0,2,0,0,0,0,0,0,0,37,21.6,32.2,44.0,9.6,0,0.13,0.08,0.21,1.47,378,177,284,169,227,127,330,165,,,,,,,0.14,0.0,0.08,0.22,1.56,2.12,326,213,253,126,401,191,482,181,0.0,0.0
247,100.0,100.0,55494,0,0,-2,2,0,2,-1.0,0.0,0,Joel,0.0,215,False,,2024-11-01T16:30:07.610599Z,43,55494.jpg,0.0,Ward,0.1,False,,a,7,31,0,2908,6,9832,14,0.0,0.0,Ward,241.0,0,0,0,0,0,0,0,0,0,0,0,0,0,0.0,0.0,0.0,0.0,0,0.00,0.00,0.00,0.00,541,206,526,205,495,195,543,206,,,,,,,0.0,0.0,0.0,0.0,0.0,0.0,531,117,483,191,548,205,452,162,0.0,0.0
248,0.0,0.0,496221,0,0,-3,3,0,3,0.0,0.0,0,Adam,0.0,216,False,Groin Injury - Expected back 15 Dec,2024-11-01T16:30:07.622710Z,47,496221.jpg,1.9,Wharton,0.2,False,,i,7,31,15,18391,3,49269,34,0.0,3.2,Wharton,241.0,621,0,0,1,9,0,0,0,0,0,0,0,104,112.6,131.4,53.0,29.7,8,0.22,0.60,0.82,9.39,222,94,123,90,209,120,199,103,4.0,,,,,,0.03,0.0,0.09,0.12,1.36,1.3,342,222,618,265,248,112,382,134,1.16,0.14
249,100.0,100.0,224068,0,0,0,0,0,1,-1.0,0.0,0,Matt,0.0,445,False,,2024-10-05T17:30:07.013947Z,40,224068.jpg,0.0,Turner,11.3,False,,a,7,31,0,218593,101,869744,992,0.0,0.0,Turner,229.0,0,0,0,0,0,0,0,0,0,0,0,0,0,0.0,0.0,0.0,0.0,0,0.00,0.00,0.00,0.00,489,49,468,27,430,18,491,49,,,,,,,0.0,0.0,0.0,0.0,0.0,0.0,623,56,418,40,494,49,34,6,0.0,0.0
250,,,232185,0,0,-3,3,1,3,3.8,4.8,2,Ismaïla,4.8,585,False,,,57,232185.jpg,2.5,Sarr,0.4,False,,a,7,31,35,47515,173,46747,344,0.8,6.1,I.Sarr,189.0,744,1,2,2,9,0,0,0,2,0,0,3,137,126.0,186.0,303.0,61.5,7,2.03,2.22,4.25,10.26,209,84,72,55,28,14,65,42,,,,,,,0.25,0.0,0.27,0.52,1.24,1.09,94,59,21,11,180,79,284,94,0.85,0.24
251,25.0,25.0,574398,0,0,0,0,0,3,-0.2,0.0,0,Franco,0.0,644,False,Hamstring injury - 25% chance of playing,2024-11-13T09:30:08.263810Z,45,574398.jpg,0.0,Umeh-Chibueze,0.0,False,,d,7,31,0,4335,1,3139,8,0.0,0.0,Umeh-Chibueze,104.0,0,0,0,0,0,0,0,0,0,0,0,0,0,0.0,0.0,0.0,0.0,0,0.00,0.00,0.00,0.00,630,277,626,281,607,273,632,279,,,,,,,0.0,0.0,0.0,0.0,0.0,0.0,459,285,598,251,635,281,597,256,0.0,0.0
252,,,489706,0,0,0,0,0,3,2.0,3.0,1,Justin,3.0,645,False,,,45,489706.jpg,3.0,Devenny,0.2,False,,a,7,31,12,19783,265,3278,89,0.7,2.7,Devenny,242.0,185,1,0,0,2,0,0,0,0,0,0,1,49,57.2,40.7,24.0,12.3,2,0.38,0.22,0.60,4.24,309,147,263,158,275,153,311,152,,,,,,,0.18,0.0,0.11,0.29,2.06,0.97,415,249,59,30,119,53,392,138,0.97,0.0
253,,,579075,0,0,0,0,0,3,-0.8,0.2,0,Asher,0.2,646,False,,,45,579075.jpg,1.0,Agbinone,0.0,False,,a,7,31,2,7409,11,4236,12,0.0,0.4,Agbinone,241.0,4,0,0,0,0,0,0,0,0,0,0,0,4,4.0,10.6,1.0,1.5,0,0.02,0.01,0.03,0.00,437,209,354,199,393,214,433,209,,,,,,,0.45,0.0,0.22,0.67,0.0,0.0,465,288,346,167,397,187,527,208,0.0,0.0
254,,,530318,0,0,0,0,0,3,-1.0,0.0,0,Kaden,0.0,647,False,,,45,530318.jpg,0.0,Rodney,0.0,False,,a,7,31,0,3341,6,2139,8,0.0,0.0,Rodney,241.0,0,0,0,0,0,0,0,0,0,0,0,0,0,0.0,0.0,0.0,0.0,0,0.00,0.00,0.00,0.00,615,265,611,269,592,261,617,267,,,,,,,0.0,0.0,0.0,0.0,0.0,0.0,442,272,583,238,621,269,583,244,0.0,0.0
255,,,437499,0,0,0,0,1,2,1.8,2.8,8,Maxence,2.8,650,False,,,45,437499.jpg,2.8,Lacroix,0.1,False,,a,7,31,31,19560,60,10534,55,0.6,6.9,Lacroix,73.0,990,0,1,3,13,0,0,0,3,0,0,2,132,198.6,40.7,45.0,28.4,11,0.74,0.41,1.15,14.56,123,47,262,76,225,63,210,63,,,,,,,0.07,0.0,0.04,0.11,1.32,1.18,390,74,72,18,136,37,405,147,1.0,0.27
256,,,590012,0,0,0,0,0,2,-0.8,0.2,0,Caleb,0.2,666,False,,,40,590012.jpg,1.0,Kporha,0.0,False,,a,7,31,1,1960,11,978,11,0.0,0.2,Kporha,241.0,1,0,0,0,0,0,0,0,0,0,0,0,4,2.0,4.1,0.0,0.6,0,0.00,0.02,0.02,0.00,447,153,385,131,477,184,444,152,,,,,,,0.0,0.0,1.8,1.8,0.0,0.0,674,214,329,103,371,125,592,200,0.0,0.0
257,,,576980,0,0,0,0,0,4,-1.0,0.0,0,Zach,0.0,676,False,,,45,576980.jpg,0.0,Marsh,0.2,False,,a,7,31,0,31563,258,7104,122,0.0,0.0,Marsh,241.0,0,0,0,0,0,0,0,0,0,0,0,0,0,0.0,0.0,0.0,0.0,0,0.00,0.00,0.00,0.00,633,57,629,57,610,55,635,57,,,,,,,0.0,0.0,0.0,0.0,0.0,0.0,462,73,601,56,638,59,330,53,0.0,0.0
258,75.0,75.0,440323,0,0,-1,1,0,4,-0.8,0.0,0,Armando,0.0,156,False,Lack of match fitness - 75% chance of playing,2024-09-08T23:00:06.640099Z,54,440323.jpg,0.0,Broja,0.1,False,,d,8,11,0,6630,1,12765,2,0.0,0.0,Broja,2.0,0,0,0,0,0,0,0,0,0,0,0,0,0,0.0,0.0,0.0,0.0,0,0.00,0.00,0.00,0.00,680,70,679,70,674,68,680,70,,,,,,,0.0,0.0,0.0,0.0,0.0,0.0,139,40,669,69,679,70,511,67,0.0,0.0
259,100.0,100.0,121599,0,0,-4,4,0,3,1.0,2.0,0,Abdoulaye,2.0,217,False,,2024-11-01T10:30:06.244300Z,51,121599.jpg,2.2,Doucouré,0.2,False,,a,8,11,24,16348,16,47990,38,0.4,4.7,A.Doucoure,132.0,810,0,0,4,14,0,0,0,0,0,0,0,101,83.4,144.4,51.0,27.8,10,0.46,0.42,0.88,12.78,263,117,110,81,213,122,213,109,,,,,,,0.05,0.0,0.05,0.1,1.42,1.56,175,107,131,58,217,94,372,128,1.11,0.44
260,,,486385,0,0,0,0,0,4,0.0,1.0,0,Norberto Bercique,1.0,218,False,,,50,486385.jpg,1.8,Gomes Betuncal,0.6,False,,a,8,11,16,111962,96,107456,162,0.2,3.2,Beto,90.0,179,1,0,0,9,0,0,0,0,0,0,2,44,41.2,2.1,112.0,15.1,1,1.61,0.00,1.61,3.26,338,34,399,45,115,30,295,33,,,,,,,0.81,0.0,0.0,0.81,1.64,4.53,222,50,230,30,269,32,240,40,0.5,0.0
261,100.0,100.0,480455,0,0,-2,2,0,2,2.0,3.0,0,Jarrad,3.0,219,False,,2024-11-14T10:00:08.223634Z,48,480455.jpg,2.7,Branthwaite,0.9,False,,a,8,11,16,40680,133,185394,199,0.6,3.3,Branthwaite,241.0,366,0,0,2,5,0,0,0,0,0,0,0,69,66.4,6.1,6.0,7.8,4,0.03,0.05,0.08,3.62,296,105,377,127,354,121,346,109,,,,,,,0.01,0.0,0.01,0.02,0.89,1.23,320,39,60,13,152,42,218,85,0.98,0.49
262,100.0,100.0,177815,-1,1,-5,5,1,4,0.2,1.2,0,Dominic,1.2,220,False,,2024-09-18T19:30:06.748871Z,55,177815.jpg,2.9,Calvert-Lewin,1.9,False,,a,8,11,38,898996,50,919304,782,0.2,6.9,Calvert-Lewin,241.0,1011,2,1,5,12,0,0,0,1,0,0,3,98,143.0,85.7,393.0,62.1,12,4.01,0.52,4.53,14.97,183,21,178,22,10,5,61,15,,,,,1.0,,0.36,0.0,0.05,0.41,1.33,1.07,112,33,213,28,132,20,141,25,1.07,0.45
263,100.0,100.0,59949,0,0,-2,2,0,2,-1.0,0.0,0,Séamus,0.0,221,False,,2024-11-07T23:00:07.780654Z,43,59949.jpg,1.0,Coleman,0.0,False,,a,8,11,1,2824,6,5572,7,0.0,0.2,Coleman,104.0,90,0,0,0,3,0,0,0,0,0,0,0,-1,16.6,1.1,21.0,3.9,1,0.62,0.01,0.63,2.22,390,137,413,148,283,87,389,130,,,,,,,0.62,0.0,0.01,0.63,2.22,3.0,533,118,484,192,374,128,563,195,1.0,0.0
264,100.0,100.0,80801,0,0,-1,1,0,3,0.5,1.5,0,Idrissa,1.5,222,False,,2024-09-19T14:30:05.586621Z,49,80801.jpg,1.9,Gueye,0.1,False,,a,8,11,23,6556,5,8964,12,0.3,4.7,Gana,189.0,889,0,0,3,18,0,0,0,2,0,0,0,121,130.8,141.4,64.0,33.6,10,0.82,0.69,1.51,13.91,200,78,112,82,191,113,174,95,,,,,,,0.08,0.0,0.07,0.15,1.41,1.82,240,155,169,80,250,113,502,192,1.01,0.3
265,0.0,0.0,232928,0,0,-1,1,0,3,0.0,0.0,0,James,0.0,223,False,Back injury - Unknown return date,2024-10-17T14:00:07.870350Z,49,232928.jpg,1.8,Garner,0.0,False,,i,8,11,7,1079,1,2746,1,0.0,1.4,Garner,241.0,251,0,0,1,4,0,0,0,1,0,0,0,36,54.0,20.9,5.0,7.9,2,0.05,0.05,0.10,4.49,313,150,316,180,359,196,344,174,,,2.0,,,,0.02,0.0,0.02,0.04,1.61,1.43,270,176,636,278,268,125,619,271,0.72,0.36
266,100.0,100.0,221399,0,0,-2,2,0,3,-0.5,0.5,0,Jack,0.5,224,False,,2024-09-19T14:30:05.601507Z,53,221399.jpg,1.9,Harrison,0.1,False,,a,8,11,23,13703,4,21789,23,0.1,4.3,Harrison,241.0,646,0,1,2,12,0,0,0,0,0,0,0,78,70.6,130.0,95.0,29.0,7,1.18,0.85,2.03,12.36,289,134,124,91,134,85,205,104,,,,,,,0.16,0.0,0.12,0.28,1.72,1.67,153,90,310,157,254,117,425,152,0.98,0.28
267,0.0,0.0,194164,0,0,0,0,0,2,0.0,0.0,0,Mason,0.0,225,False,Loaned to West Bromwich Albion,2024-08-31T08:24:25.909228Z,40,194164.jpg,1.0,Holgate,0.2,False,,u,8,11,1,11786,0,45909,17,0.0,0.2,Holgate,,5,0,0,0,1,0,0,0,0,0,0,0,-1,0.0,0.0,0.0,0.0,0,0.00,0.00,0.00,0.07,478,165,457,163,419,146,480,165,,,,,,,0.0,0.0,0.0,0.0,1.26,18.0,609,169,406,139,367,122,361,131,0.0,0.0
268,0.0,0.0,490094,0,0,-1,1,0,3,0.0,0.0,0,Tim,0.0,226,False,Foot injury - Unknown return date,2024-10-17T14:00:07.887629Z,44,490094.jpg,1.3,Iroegbunam,0.5,False,,i,8,11,8,188464,9,173042,149,0.0,1.8,Iroegbunam,241.0,381,0,0,0,13,0,0,0,2,0,0,0,29,47.0,27.1,29.0,10.4,4,0.21,0.08,0.29,8.36,327,158,298,175,260,145,324,162,,,,,,,0.05,0.0,0.02,0.07,1.97,3.07,518,303,519,191,340,164,259,84,0.94,0.0
269,,,222627,0,0,0,0,0,1,-1.0,0.0,0,João,0.0,227,False,,,40,222627.jpg,0.0,Neves Virgínia,0.4,False,,a,8,11,0,13428,2,36801,40,0.0,0.0,J.Virginia,173.0,0,0,0,0,0,0,0,0,0,0,0,0,0,0.0,0.0,0.0,0.0,0,0.00,0.00,0.00,0.00,488,48,467,26,429,17,490,48,,,,,,,0.0,0.0,0.0,0.0,0.0,0.0,622,55,417,39,493,48,286,42,0.0,0.0
270,100.0,100.0,106611,0,0,2,-2,1,2,-1.0,0.0,0,Michael,0.0,228,False,,2024-09-19T14:30:05.611115Z,42,106611.jpg,3.6,Keane,8.8,False,,a,8,11,32,1323618,525,640444,3401,0.0,7.6,Keane,241.0,810,2,0,2,16,0,0,0,4,0,0,3,89,221.6,22.9,84.0,33.0,9,0.43,0.02,0.45,14.16,94,32,309,98,145,24,179,48,,,,,,,0.05,0.0,0.0,0.05,1.57,1.78,573,147,476,186,67,12,47,16,1.0,0.22
271,0.0,0.0,115382,0,0,-1,1,0,4,0.0,0.0,0,Neal,0.0,229,False,Transferred to Marseille,2024-08-31T06:13:30.372925Z,49,115382.jpg,0.0,Maupay,0.3,False,,u,8,11,0,20402,0,158621,35,0.0,0.0,Maupay,,0,0,0,0,0,0,0,0,0,0,0,0,0,0.0,0.0,0.0,0.0,0,0.00,0.00,0.00,0.00,653,61,647,60,637,59,653,61,,,,,,,0.0,0.0,0.0,0.0,0.0,0.0,247,54,627,60,654,62,315,50,0.0,0.0
272,100.0,100.0,433154,0,0,0,0,2,3,0.2,1.2,0,Dwight,1.2,230,False,,2024-11-07T23:00:07.825990Z,55,433154.jpg,4.7,McNeil,5.2,False,,a,8,11,56,1680773,180,1251638,4371,0.2,10.2,McNeil,241.0,1067,3,3,3,21,0,0,0,1,0,0,6,272,282.2,519.8,165.0,96.8,12,0.80,3.90,4.69,16.89,47,13,2,2,78,47,12,9,1.0,,,,,,0.07,0.0,0.33,0.4,1.42,1.77,119,72,214,107,24,10,73,22,1.01,0.25
273,100.0,100.0,224967,0,0,-2,2,0,2,1.8,2.8,0,Vitalii,2.8,231,False,,2024-10-07T00:30:07.641913Z,43,224967.jpg,2.5,Mykolenko,4.1,False,,a,8,11,27,320277,394,760902,1003,0.7,6.3,Mykolenko,225.0,925,0,0,3,17,0,0,0,1,0,0,1,95,133.4,116.9,40.0,29.2,11,0.25,0.40,0.65,13.31,198,77,137,28,237,68,203,60,,,,,,,0.02,0.0,0.04,0.06,1.3,1.65,552,131,67,14,175,49,84,30,1.07,0.29
274,100.0,100.0,440993,0,0,-1,1,0,4,0.5,1.5,0,Iliman,1.5,232,False,,2024-11-07T23:00:07.842947Z,54,440993.jpg,2.8,Ndiaye,0.7,False,,a,8,11,37,208617,76,157153,436,0.3,6.9,Ndiaye,189.0,983,2,0,6,13,0,0,0,1,0,0,6,193,220.2,163.9,208.0,59.4,11,1.04,0.70,1.74,12.53,98,13,90,5,55,19,70,17,,,,,,,0.1,0.0,0.06,0.16,1.15,1.19,140,41,180,24,143,22,231,39,1.01,0.55
275,100.0,100.0,243571,0,0,-1,1,0,2,-0.8,0.2,0,Nathan,0.2,234,False,,2024-08-12T14:30:04.567805Z,44,243571.jpg,1.0,Patterson,0.0,False,,a,8,11,1,975,0,2211,2,0.0,0.2,Patterson,243.0,17,0,0,0,0,0,0,0,0,0,0,0,8,6.4,14.7,2.0,2.3,0,0.00,0.11,0.11,0.16,426,147,334,108,377,131,409,137,,,,,,,0.0,0.0,0.58,0.58,0.85,0.0,509,110,337,110,382,133,609,207,0.0,0.0
276,,,111234,0,0,-1,1,2,1,3.2,4.2,0,Jordan,4.2,235,False,,,49,111234.jpg,4.0,Pickford,10.3,False,,a,8,11,52,533815,625,1051338,2610,0.9,10.6,Pickford,241.0,1170,0,0,4,21,0,1,0,1,0,34,6,162,311.8,0.3,0.0,31.1,13,0.00,0.08,0.08,17.77,35,11,426,7,636,63,191,11,,,,,,,0.0,2.62,0.01,0.01,1.37,1.62,244,9,29,4,51,7,37,7,1.0,0.31
277,100.0,100.0,17761,0,0,-2,2,1,2,2.8,3.8,0,James,3.8,236,False,,2024-09-18T22:30:07.010253Z,48,17761.jpg,2.8,Tarkowski,1.7,False,,a,8,11,37,139650,160,189889,507,0.8,7.7,Tarkowski,241.0,1161,0,0,4,21,0,0,0,3,0,0,5,139,312.0,100.6,101.0,51.6,13,0.71,1.05,1.76,17.77,33,10,162,36,129,17,87,16,,,,,,,0.06,0.0,0.08,0.14,1.38,1.63,289,33,39,7,137,38,153,59,1.01,0.31
278,0.0,0.0,491012,0,0,-1,1,0,4,0.0,0.0,0,Youssef,0.0,237,False,Lack of match fitness - Unknown return date,2024-08-05T15:00:04.380259Z,49,491012.jpg,0.0,Ramalho Chermiti,0.0,False,,i,8,11,0,1788,5,2318,1,0.0,0.0,Y. Chermiti,173.0,0,0,0,0,0,0,0,0,0,0,0,0,0,0.0,0.0,0.0,0.0,0,0.00,0.00,0.00,0.00,659,63,653,62,646,61,659,63,,,,,,,0.0,0.0,0.0,0.0,0.0,0.0,284,57,641,62,659,64,628,73,0.0,0.0
279,100.0,100.0,18892,0,0,1,-1,0,2,2.2,3.2,0,Ashley,3.2,238,False,,2024-08-17T20:00:05.873666Z,46,18892.jpg,3.8,Young,1.8,False,,a,8,11,42,221472,226,68873,874,0.7,9.1,Young,241.0,947,0,3,4,14,0,0,0,3,1,0,5,156,221.6,224.5,15.0,46.2,11,0.13,1.29,1.42,12.92,95,33,48,9,310,99,114,27,,,1.0,,,,0.01,0.0,0.12,0.13,1.23,1.33,347,47,54,11,58,9,151,58,1.05,0.38
280,,,463903,0,0,-4,4,0,3,1.0,2.0,0,Jesper,2.0,577,False,,,51,463903.jpg,1.9,Lindstrøm,0.1,False,,a,8,11,17,2942,3,11875,10,0.4,3.3,Lindstrøm,58.0,483,0,0,3,8,0,0,0,0,0,0,0,64,87.8,147.0,133.0,36.7,6,1.40,0.77,2.17,5.37,256,113,106,79,95,58,155,87,2.0,,1.0,,,,0.26,0.0,0.14,0.4,1.0,1.49,182,112,132,59,252,115,487,183,1.12,0.56
281,,,512462,0,0,-4,4,0,2,-0.8,0.2,0,Jake,0.2,582,False,,,46,512462.jpg,0.5,O'Brien,0.2,False,,a,8,11,1,5333,3,26166,19,0.0,0.2,O'Brien,104.0,34,0,0,0,1,0,0,0,1,0,0,0,1,5.0,0.5,0.0,0.5,0,0.00,0.00,0.00,0.82,431,148,419,150,622,224,447,153,,,,,,,0.0,0.0,0.0,0.0,2.17,2.65,352,51,349,116,461,154,398,142,0.0,0.0
282,,,609873,0,0,0,0,0,3,-1.0,0.0,0,Harrison,0.0,603,False,,,45,609873.jpg,1.0,Armstrong,0.2,False,,a,8,11,1,29354,29,25925,37,0.0,0.2,Armstrong,241.0,1,0,0,0,0,0,0,0,0,0,0,0,4,0.0,0.1,2.0,0.2,0,0.00,0.00,0.00,0.00,642,285,434,224,383,206,458,222,,,,,,,0.0,0.0,0.0,0.0,0.0,0.0,473,295,611,260,399,189,366,126,0.0,0.0
283,0.0,0.0,491557,0,0,0,0,0,3,0.0,0.0,0,Jenson,0.0,614,False,Season long loan to Chesterfield,2024-09-01T09:13:11.888586Z,45,491557.jpg,0.0,Metcalfe,0.0,False,,u,8,11,0,777,0,1010,1,0.0,0.0,Metcalfe,,0,0,0,0,0,0,0,0,0,0,0,0,0,0.0,0.0,0.0,0.0,0,0.00,0.00,0.00,0.00,602,252,598,256,579,248,604,254,,,,,,,0.0,0.0,0.0,0.0,0.0,0.0,421,252,566,222,608,256,659,292,0.0,0.0
284,,,40349,0,0,0,0,0,1,-1.0,0.0,0,Asmir,0.0,624,False,,,40,40349.jpg,0.0,Begovic,0.3,False,,a,8,11,0,33178,15,12664,19,0.0,0.0,Begovic,27.0,0,0,0,0,0,0,0,0,0,0,0,0,0,0.0,0.0,0.0,0.0,0,0.00,0.00,0.00,0.00,468,38,446,15,406,6,470,38,,,,,,,0.0,0.0,0.0,0.0,0.0,0.0,590,44,394,29,475,38,328,48,0.0,0.0
285,,,496178,0,0,0,0,0,2,-1.0,0.0,0,Roman,0.0,627,False,,,40,496178.jpg,0.0,Dixon,0.1,False,,a,8,11,0,7795,8,4872,14,0.0,0.0,Dixon,241.0,90,0,0,0,4,0,0,0,0,0,0,0,0,15.4,0.3,0.0,1.6,1,0.00,0.00,0.00,2.43,396,140,423,151,452,161,428,146,,,,,,,0.0,0.0,0.0,0.0,2.43,4.0,648,190,440,155,515,177,466,167,1.0,0.0
286,,,179519,0,0,0,0,0,3,0.2,1.2,0,Orel,1.2,651,False,,,50,179519.jpg,1.5,Mangala,0.0,False,,a,8,11,15,1662,2,1274,6,0.2,3.0,Mangala,21.0,494,0,0,1,4,0,0,0,0,0,0,0,72,54.2,52.9,25.0,13.2,5,0.31,0.47,0.78,5.82,312,149,235,143,274,152,305,151,,,,,,,0.06,0.0,0.09,0.15,1.06,0.73,195,121,208,104,317,145,622,274,0.91,0.18
287,,,547801,0,0,0,0,0,3,-1.0,0.0,0,Callum,0.0,678,False,,,45,547801.jpg,0.0,Bates,0.0,False,,a,8,11,0,471,6,106,3,0.0,0.0,Bates,241.0,0,0,0,0,0,0,0,0,0,0,0,0,0,0.0,0.0,0.0,0.0,0,0.00,0.00,0.00,0.00,623,272,619,276,600,268,625,274,,,,,,,0.0,0.0,0.0,0.0,0.0,0.0,451,279,591,245,629,276,662,294,0.0,0.0
288,,,200641,0,0,0,0,0,3,1.0,2.0,0,Reiss,2.0,10,False,,,50,200641.jpg,2.3,Nelson,0.1,False,,a,9,54,25,15684,9,12910,35,0.4,5.0,Nelson,241.0,413,1,1,1,8,0,0,0,1,0,0,2,135,125.8,218.9,193.0,53.8,4,1.07,0.93,2.00,4.86,210,85,51,41,60,36,79,48,,,,,,,0.23,0.0,0.2,0.43,1.06,1.74,196,122,129,57,203,89,445,161,0.87,0.22
289,,,209289,0,0,2,-2,1,3,2.2,3.2,0,Emile,3.2,19,False,,,57,209289.jpg,4.4,Smith Rowe,24.0,False,,a,9,54,57,3350400,890,2492831,9419,0.6,10.0,Smith Rowe,241.0,938,3,2,5,11,0,0,0,1,0,0,8,231,232.2,239.1,162.0,63.4,12,2.12,1.26,3.38,9.90,82,27,44,35,83,50,57,37,,,,,,,0.2,0.0,0.12,0.32,0.95,1.06,93,58,56,28,36,16,13,5,1.15,0.48
290,0.0,0.0,174874,0,0,-2,2,0,2,0.0,0.0,0,Joachim,1.8,191,False,Calf injury - Unknown return date,2024-11-23T23:00:08.082582Z,43,174874.jpg,2.2,Andersen,5.4,False,,i,9,54,20,174063,4,1420733,2522,0.4,4.7,Andersen,58.0,783,0,0,2,15,0,0,0,1,1,0,3,95,184.0,26.2,58.0,26.9,9,0.25,0.13,0.38,10.57,141,57,300,92,200,49,220,68,,,,,,,0.03,0.0,0.01,0.04,1.21,1.72,546,125,138,41,208,63,71,25,1.03,0.23
291,,,159533,0,0,-1,1,0,3,0.2,1.2,0,Adama,1.2,239,False,,,49,159533.jpg,3.2,Traoré,2.3,False,,a,9,54,39,689439,68,528946,1278,0.2,8.0,Adama,200.0,735,1,3,3,11,0,0,0,2,0,0,3,159,171.6,244.2,224.0,64.0,9,2.77,2.03,4.80,9.25,154,56,42,33,48,30,52,33,,,,,,,0.34,0.0,0.25,0.59,1.13,1.35,252,161,203,100,90,39,127,37,1.1,0.37
292,100.0,100.0,156689,0,0,-4,4,0,3,0.0,1.0,0,Andreas,1.0,240,False,,2024-10-27T22:00:06.156705Z,51,156689.jpg,2.6,Hoelgebaum Pereira,1.3,False,,a,9,54,31,107367,43,350397,327,0.2,6.1,Andreas,30.0,893,1,1,4,11,0,0,1,3,0,0,1,150,138.2,485.9,146.0,77.1,12,2.58,2.44,5.02,9.70,192,73,4,4,90,55,34,24,1.0,,1.0,,1.0,,0.26,0.0,0.25,0.51,0.98,1.11,177,108,232,116,169,73,188,56,1.21,0.4
293,,,232892,0,0,0,0,0,2,0.8,1.8,0,Calvin,1.8,241,False,,,45,232892.jpg,2.0,Bassey,0.4,False,,a,9,54,26,42145,34,38658,75,0.4,5.8,Bassey,157.0,1170,0,0,2,18,0,0,0,4,0,0,0,133,202.2,29.2,34.0,26.5,13,0.28,0.12,0.40,14.71,115,43,294,88,247,74,222,69,,,,,,,0.02,0.0,0.01,0.03,1.13,1.38,382,71,143,46,231,70,270,98,1.0,0.15
294,,,428971,0,0,0,0,0,1,-1.0,0.0,0,Steven,0.0,242,False,,,40,428971.jpg,0.0,Benda,0.4,False,,a,9,54,0,20726,5,23631,43,0.0,0.0,Benda,80.0,0,0,0,0,0,0,0,0,0,0,0,0,0,0.0,0.0,0.0,0.0,0,0.00,0.00,0.00,0.00,493,51,472,29,434,20,495,51,,,,,,,0.0,0.0,0.0,0.0,0.0,0.0,628,58,422,42,498,51,273,40,0.0,0.0
295,0.0,0.0,76357,0,0,-2,2,0,3,0.0,0.0,0,Tom,1.2,243,False,Suspended until 22 Dec,2024-12-02T00:00:08.212324Z,48,76357.jpg,1.0,Cairney,0.0,False,,s,9,54,10,2384,1,4497,18,0.3,2.1,Cairney,243.0,169,1,0,0,5,0,0,0,2,1,0,0,61,71.4,89.9,25.0,18.8,0,0.03,0.65,0.68,3.04,286,131,176,113,272,150,271,136,,,,,,,0.02,0.0,0.35,0.37,1.62,2.66,291,190,199,96,407,197,562,230,0.0,0.0
296,100.0,100.0,166477,0,0,-3,3,0,2,-0.6,0.4,0,Timothy,0.4,244,False,,2024-10-18T17:30:07.030897Z,42,166477.jpg,0.8,Castagne,0.7,False,,a,9,54,3,19806,28,220281,70,0.1,0.7,Castagne,21.0,53,0,0,0,3,0,0,0,0,0,0,0,4,22.2,2.9,23.0,4.9,0,0.06,0.02,0.08,1.07,375,131,392,135,277,84,382,128,,,,,,,0.1,0.0,0.03,0.13,1.82,5.09,577,151,319,95,438,144,236,89,0.0,0.0
297,,,219924,0,0,-1,1,0,2,-0.6,0.4,0,Issa,0.4,245,False,,,44,219924.jpg,1.2,Diop,0.2,False,,a,9,54,10,16839,10,23471,19,0.1,2.3,Diop,73.0,480,0,0,0,6,1,0,0,1,0,0,0,47,109.0,23.7,71.0,20.1,5,0.51,0.02,0.53,5.42,228,86,306,96,178,39,258,84,,,,,,,0.1,0.0,0.0,0.1,1.02,1.12,494,101,320,96,348,112,345,123,0.94,0.0
298,0.0,0.0,515024,0,0,0,0,0,3,0.0,0.0,0,Luke,0.0,246,False,Season long loan to Birmingham City,2024-08-06T17:24:03.566492Z,45,515024.jpg,0.0,Harris,0.0,False,,u,9,54,0,0,0,905,1,0.0,0.0,Harris,,0,0,0,0,0,0,0,0,0,0,0,0,0,0.0,0.0,0.0,0.0,0,0.00,0.00,0.00,0.00,610,260,606,264,587,256,612,262,,,,,,,0.0,0.0,0.0,0.0,0.0,0.0,436,267,577,233,616,264,660,293,0.0,0.0
299,,,153133,0,0,1,-1,1,3,2.8,3.8,0,Alex,3.8,247,False,,,56,153133.jpg,4.5,Iwobi,2.7,False,,a,9,54,59,419552,1127,212150,821,0.7,10.5,Iwobi,157.0,1120,3,3,4,15,0,0,0,1,0,0,6,271,321.6,374.2,284.0,98.0,13,1.57,3.16,4.73,13.63,25,7,13,12,33,18,10,7,,,,,,,0.13,0.0,0.25,0.38,1.1,1.21,100,63,41,21,33,14,112,32,1.04,0.32
300,,,80201,0,0,0,0,0,1,1.6,2.6,0,Bernd,2.6,248,False,,,50,80201.jpg,3.2,Leno,2.5,False,,a,9,54,41,200260,210,236010,450,0.5,8.2,Leno,80.0,1170,0,1,2,18,0,0,0,2,0,37,2,173,323.4,10.0,0.0,33.2,13,0.00,0.02,0.02,14.71,24,8,360,5,650,65,177,8,,,,,,,0.0,2.85,0.0,0.0,1.13,1.38,187,6,83,8,92,13,120,19,1.0,0.15
301,0.0,0.0,212314,0,0,-2,2,0,3,0.0,0.0,0,Saša,0.6,249,False,Suspended until 08 Dec,2024-12-02T00:00:08.228415Z,48,212314.jpg,1.6,Lukić,0.0,False,,s,9,54,14,2701,0,5652,9,0.1,2.9,Lukić,190.0,699,0,0,2,11,0,0,0,5,0,0,0,89,89.8,100.2,2.0,19.2,9,0.00,0.31,0.31,7.44,255,112,164,109,387,210,266,134,,,,,3.0,,0.0,0.0,0.04,0.04,0.96,1.42,304,201,274,142,299,136,542,218,1.16,0.26
302,0.0,0.0,120721,0,0,0,0,0,2,0.0,0.0,0,Kevin,0.0,250,False,Transferred to FC Midtjylland,2024-08-31T06:24:47.127908Z,40,120721.jpg,0.0,Mbabu,0.2,False,,u,9,54,0,8149,0,40356,19,0.0,0.0,Mbabu,,0,0,0,0,0,0,0,0,0,0,0,0,0,0.0,0.0,0.0,0.0,0,0.00,0.00,0.00,0.00,471,162,449,160,411,143,473,162,,,,,,,0.0,0.0,0.0,0.0,0.0,0.0,598,163,399,136,478,161,380,135,0.0,0.0
303,,,244042,0,0,-5,5,0,4,-0.4,0.6,0,Rodrigo,0.6,251,False,,,55,244042.jpg,1.8,Muniz Carvalho,1.6,False,,a,9,54,22,661683,33,1175003,221,0.1,4.0,Muniz,30.0,351,1,1,1,7,0,0,0,1,0,0,1,77,74.2,65.6,166.0,30.6,3,1.41,0.09,1.50,4.65,278,26,210,27,76,25,196,27,,,,,,,0.36,0.0,0.02,0.38,1.19,1.79,117,34,275,35,271,33,163,31,0.77,0.26
304,,,102057,0,0,1,-1,0,4,1.2,2.2,0,Raúl,2.2,252,False,,,56,102057.jpg,4.0,Jiménez,6.3,False,,a,9,54,52,1491669,195,911285,3637,0.4,9.3,Raúl,139.0,809,4,2,4,11,0,0,0,0,0,0,7,191,210.0,133.9,396.0,74.3,10,4.87,1.32,6.19,10.05,108,16,121,10,9,4,35,8,,,,,2.0,,0.54,0.0,0.15,0.69,1.12,1.22,99,28,110,18,52,16,64,13,1.11,0.44
305,0.0,0.0,82514,0,0,0,0,0,2,0.0,0.0,0,Tim,0.0,253,False,Permanent transfer to Charlotte FC,2024-08-09T11:16:10.995330Z,45,82514.jpg,0.0,Ream,0.0,False,,u,9,54,0,0,0,1172,1,0.0,0.0,Ream,,0,0,0,0,0,0,0,0,0,0,0,0,0,0.0,0.0,0.0,0.0,0,0.00,0.00,0.00,0.00,569,220,563,220,539,215,571,220,,,,,,,0.0,0.0,0.0,0.0,0.0,0.0,356,55,530,214,575,219,653,219,0.0,0.0
306,0.0,0.0,153366,0,0,-2,2,0,3,0.0,0.0,0,Harrison,0.2,254,False,Knee injury - Expected back 05 Jan,2024-11-22T17:00:09.110556Z,48,153366.jpg,0.8,Reed,0.0,False,,i,9,54,6,2366,0,4786,7,0.0,1.2,Reed,241.0,54,0,0,0,2,0,0,0,2,0,0,0,23,9.2,18.4,9.0,3.7,0,0.01,0.09,0.10,2.96,415,199,321,184,337,182,391,191,,,,,,,0.02,0.0,0.15,0.17,4.93,3.33,296,195,354,172,442,217,561,229,0.0,0.0
307,,,169528,0,0,2,-2,0,2,1.8,2.8,0,Antonee,2.8,255,False,,,47,169528.jpg,3.2,Robinson,15.9,False,,a,9,54,42,1797409,670,1072981,3302,0.6,8.9,Robinson,229.0,1170,0,3,2,18,0,0,0,1,0,0,4,184,307.6,215.3,75.0,60.0,13,0.29,1.40,1.69,14.71,37,12,54,10,169,35,68,9,,,,,,,0.02,0.0,0.11,0.13,1.13,1.38,330,41,73,19,88,21,25,9,1.0,0.15
308,0.0,0.0,490146,0,0,0,0,0,4,0.0,0.0,0,Jay,0.0,256,False,Transferred to Birmingham City,2024-08-31T09:25:38.042723Z,50,490146.jpg,1.0,Stansfield,0.0,False,,u,9,54,1,4673,0,11587,4,0.0,0.2,Stansfield,,1,0,0,0,0,0,0,0,0,0,0,0,2,0.0,0.0,0.0,0.0,0,0.00,0.00,0.00,0.67,672,68,668,67,663,66,672,68,,,,,,,0.0,0.0,0.0,0.0,60.3,0.0,224,51,658,67,419,43,530,68,0.0,0.0
309,,,167074,0,0,0,0,0,2,1.6,2.6,0,Kenny,2.6,257,False,,,45,167074.jpg,2.4,Tete,0.4,False,,a,9,54,31,49880,63,40931,77,0.6,6.9,Tete,152.0,1118,0,1,2,15,0,0,0,3,0,0,0,136,224.6,106.5,115.0,44.6,13,1.02,0.33,1.35,13.66,92,31,151,33,111,13,120,30,,,,,,,0.08,0.0,0.03,0.11,1.1,1.21,367,58,81,21,187,53,279,104,1.05,0.16
310,100.0,100.0,245824,0,0,0,0,0,4,-1.0,0.0,0,Carlos Vinícius,0.0,258,False,,2024-09-13T15:30:06.747794Z,50,245824.jpg,0.0,Alves Morais,0.3,False,,a,9,54,0,35061,34,73696,64,0.0,0.0,Vinicius,30.0,0,0,0,0,0,0,0,0,0,0,0,0,0,0.0,0.0,0.0,0.0,0,0.00,0.00,0.00,0.00,665,65,661,64,656,63,665,65,,,,,,,0.0,0.0,0.0,0.0,0.0,0.0,212,46,651,64,665,66,308,46,0.0,0.0
311,,,153682,0,0,-3,3,1,3,3.2,4.2,0,Harry,4.2,259,False,,,52,153682.jpg,2.8,Wilson,0.4,False,,a,9,54,25,60842,78,37609,275,0.8,4.8,Wilson,244.0,132,3,0,0,4,0,0,0,2,0,0,3,86,108.0,22.5,81.0,20.8,0,0.78,0.12,0.90,2.77,229,96,311,177,155,96,254,126,3.0,,3.0,,,,0.53,0.0,0.08,0.61,1.89,2.73,164,99,31,17,142,61,266,87,0.0,0.0
312,100.0,100.0,184349,0,0,-3,3,0,2,-0.8,0.2,0,Ryan,0.2,579,False,,2024-11-29T14:30:06.735790Z,42,184349.jpg,1.0,Sessegnon,0.1,False,,a,9,54,1,4003,8,14872,7,0.0,0.2,Sessegnon,241.0,4,0,0,0,0,0,0,0,0,0,0,0,2,2.0,0.0,0.0,0.2,0,0.00,0.00,0.00,0.02,448,154,521,203,489,192,457,156,,,,,,,0.0,0.0,0.0,0.0,0.45,0.0,578,152,330,104,373,127,432,157,0.0,0.0
313,50.0,50.0,246301,0,0,-1,1,0,2,-0.5,0.0,0,Jorge,0.0,586,False,Knock - 50% chance of playing,2024-11-29T14:30:06.749491Z,44,246301.jpg,1.0,Cuenca Barreno,0.0,False,,d,9,54,1,1051,0,4681,8,0.0,0.2,J.Cuenca,200.0,1,0,0,0,1,0,0,0,0,0,0,0,1,4.2,0.0,0.0,0.4,0,0.00,0.00,0.00,0.37,434,150,551,218,527,213,448,154,,,,,,,0.0,0.0,0.0,0.0,33.3,90.0,511,112,516,212,383,134,538,189,0.0,0.0
314,,,577725,0,0,0,0,0,3,-1.0,0.0,0,Josh,0.0,604,False,,,45,577725.jpg,0.0,King,0.1,False,,a,9,54,0,11353,9,11001,9,0.0,0.0,King,241.0,0,0,0,0,0,0,0,0,0,0,0,0,0,0.0,0.0,0.0,0.0,0,0.00,0.00,0.00,0.00,634,278,630,282,611,274,636,280,,,,,,,0.0,0.0,0.0,0.0,0.0,0.0,463,286,602,252,639,282,454,167,0.0,0.0
315,,,573062,0,0,0,0,0,3,-1.0,0.0,0,Martial,0.0,605,False,,,45,573062.jpg,0.0,Godo,0.0,False,,a,9,54,0,4065,3,4118,8,0.0,0.0,Godo,241.0,0,0,0,0,0,0,0,0,0,0,0,0,0,0.0,0.0,0.0,0.0,0,0.00,0.00,0.00,0.00,629,276,625,280,606,272,631,278,,,,,,,0.0,0.0,0.0,0.0,0.0,0.0,458,284,597,250,634,280,550,222,0.0,0.0
316,,,207189,0,0,0,0,0,3,0.4,1.4,0,Sander,1.4,622,False,,,50,207189.jpg,1.7,Berge,0.0,False,,a,9,54,17,2918,3,2128,5,0.3,3.4,Berge,161.0,611,0,0,1,10,0,0,0,0,0,0,0,100,115.6,123.4,13.0,25.1,6,0.08,0.26,0.34,8.52,218,90,128,94,317,173,233,115,,,,,,,0.01,0.0,0.04,0.05,1.25,1.47,201,126,189,93,282,131,586,247,0.88,0.15
317,,,591385,0,0,0,0,0,2,-1.0,0.0,0,Samuel,0.0,690,False,,,40,591385.jpg,0.0,Amissah,0.0,False,,a,9,54,0,153,6,12,0,0.0,0.0,Amissah,,0,0,0,0,0,0,0,0,0,0,0,0,0,0.0,0.0,0.0,0.0,0,0.00,0.00,0.00,0.00,532,200,512,198,478,185,534,200,,,,,,,0.0,0.0,0.0,0.0,0.0,0.0,675,215,466,179,539,199,678,227,0.0,0.0
318,100.0,100.0,462387,0,0,-2,2,0,4,0.5,0.5,1,Ali,0.5,260,False,,2024-10-05T09:30:06.031534Z,48,462387.jpg,0.6,Al-Hamadi,0.3,False,,a,10,40,3,43286,73,57892,86,0.1,0.6,Al-Hamadi,103.0,52,0,0,0,1,0,0,0,2,0,0,0,7,5.2,12.4,4.0,2.2,0,0.00,0.03,0.03,0.74,429,43,341,37,367,43,412,42,,,,,2.0,,0.0,0.0,0.05,0.05,1.28,1.73,317,61,296,36,458,49,311,47,0.0,0.0
319,0.0,0.0,517178,0,0,0,0,0,2,0.0,0.0,0,Elkan,0.0,261,False,Season long loan to Blackpool,2024-08-07T08:20:38.133494Z,40,517178.jpg,0.0,Baggott,0.0,False,,u,10,40,0,0,0,2496,0,0.0,0.0,Baggott,,0,0,0,0,0,0,0,0,0,0,0,0,0,0.0,0.0,0.0,0.0,0,0.00,0.00,0.00,0.00,520,188,500,186,463,170,522,188,,,,,,,0.0,0.0,0.0,0.0,0.0,0.0,660,200,452,165,526,186,608,206,0.0,0.0
320,100.0,100.0,173818,0,0,-1,1,0,3,0.5,0.5,1,Nathan,0.5,262,False,,2024-11-13T14:30:07.893005Z,49,173818.jpg,1.0,Broadhead,0.0,False,,a,10,40,2,794,2,1515,1,0.1,0.4,Broadhead,244.0,35,0,0,0,0,0,0,0,0,0,0,0,12,6.4,2.2,2.0,1.1,0,0.00,0.00,0.00,0.44,427,206,398,211,388,211,438,212,,,1.0,,3.0,,0.0,0.0,0.0,0.0,1.13,0.0,255,164,299,148,413,200,638,281,0.0,0.0
321,,,122411,0,0,0,0,0,2,1.5,1.5,0,Cameron,1.5,263,False,,,40,122411.jpg,1.5,Burgess,2.4,False,,a,10,40,9,282623,248,76000,465,0.4,2.2,Burgess,13.0,540,0,0,0,10,0,0,0,0,0,0,0,45,110.2,19.4,61.0,19.2,6,0.52,0.09,0.61,11.70,226,85,318,102,197,47,265,85,,,,,,,0.09,0.0,0.02,0.11,1.95,1.67,600,164,162,48,307,99,123,50,1.0,0.0
322,100.0,100.0,149929,0,0,-2,2,0,3,2.0,2.0,2,Wes,2.0,264,False,,2024-11-13T14:30:07.906131Z,48,149929.jpg,1.6,Burns,0.0,False,,a,10,40,18,2706,12,8716,7,0.4,3.8,Burns,244.0,568,0,1,0,14,0,0,0,1,0,0,0,88,67.4,114.0,31.0,20.5,7,0.30,0.69,0.99,15.78,293,137,139,99,253,140,256,128,,,,,,,0.05,0.0,0.11,0.16,2.5,2.22,294,193,124,54,297,134,541,217,1.11,0.0
323,,,196411,0,0,-4,4,0,3,1.0,1.0,1,Conor,1.0,265,False,,,51,196411.jpg,1.6,Chaplin,0.1,False,,a,10,40,19,4814,7,20970,27,0.2,3.7,Chaplin,241.0,380,0,1,1,5,0,0,0,1,0,0,0,69,49.6,80.9,47.0,17.3,4,0.51,0.32,0.83,8.57,321,156,188,118,220,125,281,141,,,,,,,0.12,0.0,0.08,0.2,2.03,1.18,179,109,233,117,302,139,441,160,0.95,0.24
324,100.0,100.0,232228,0,0,0,0,0,2,0.8,0.8,2,Harry,0.8,266,False,,2024-10-26T20:00:07.408041Z,40,232228.jpg,-0.2,Clarke,0.1,False,,a,10,40,-1,5451,36,4695,13,0.2,-0.2,H.Clarke,241.0,196,0,0,0,5,1,0,0,0,1,0,0,-6,27.0,8.1,35.0,6.7,2,0.08,0.06,0.14,5.39,362,128,365,118,246,73,354,115,,,,,,,0.04,0.0,0.03,0.07,2.48,2.3,624,179,241,69,690,229,505,183,0.92,0.0
325,,,455084,0,0,0,0,2,2,1.8,1.8,2,Leif,1.8,267,False,,,45,455084.jpg,2.7,Davis,2.7,False,,a,10,40,38,300575,347,195939,501,0.4,8.4,Davis,241.0,1260,1,2,1,25,0,0,0,2,0,0,5,155,267.2,480.1,77.0,82.5,14,0.59,3.06,3.65,28.93,59,20,5,1,164,32,27,2,1.0,,4.0,,,,0.04,0.0,0.22,0.26,2.07,1.79,398,77,145,47,151,41,113,47,1.0,0.07
326,,,463034,0,0,1,-1,1,4,4.2,4.2,2,Liam,4.2,268,False,,,56,463034.jpg,4.1,Delap,5.3,False,,a,10,40,57,1036404,1198,532818,3145,0.8,10.2,Delap,241.0,1023,6,1,1,20,0,0,0,3,0,0,7,203,239.8,113.1,315.0,66.4,13,3.81,0.15,3.96,21.68,76,11,140,12,24,13,47,13,,,,,,,0.34,0.0,0.01,0.35,1.91,1.76,106,31,32,7,47,15,72,14,1.14,0.09
327,0.0,0.0,214964,0,0,0,0,0,2,0.0,0.0,0,George,0.0,269,False,Loaned to Middlesbrough,2024-08-31T08:22:49.668219Z,40,214964.jpg,1.0,Edmundson,0.1,False,,u,10,40,1,2076,0,13427,5,0.0,0.2,Edmundson,,1,0,0,0,0,0,0,0,0,0,0,0,3,0.0,0.0,0.0,0.0,0,0.00,0.00,0.00,0.00,486,170,465,168,427,151,488,170,,,,,,,0.0,0.0,0.0,0.0,0.0,0.0,617,174,414,144,368,123,473,170,0.0,0.0
328,100.0,100.0,449429,0,0,0,0,0,2,0.2,0.2,1,Jacob,0.2,270,False,,2024-11-22T17:30:09.014564Z,40,449429.jpg,1.5,Greaves,3.9,False,,a,10,40,12,707751,334,371983,243,0.0,3.0,Greaves,241.0,720,0,0,1,15,0,0,0,2,0,0,0,59,181.8,5.9,63.0,25.1,8,0.43,0.02,0.45,17.23,144,58,378,128,192,45,232,73,,,,,,,0.05,0.0,0.0,0.05,2.15,1.88,637,186,327,101,309,101,89,33,1.0,0.12
329,0.0,0.0,167191,0,0,-1,1,0,3,0.0,0.0,0,Marcus,0.0,271,False,Loaned to Derby County,2024-08-31T08:21:56.022360Z,49,167191.jpg,1.0,Myers-Harness,0.0,False,,u,10,40,2,347,0,2328,1,0.0,0.4,Harness,,43,0,0,0,2,0,0,0,0,0,0,0,4,9.4,1.9,6.0,1.7,0,0.00,0.05,0.05,1.36,414,198,400,212,355,192,427,206,,,,,,,0.0,0.0,0.1,0.1,2.85,4.19,253,162,629,272,412,199,639,282,0.0,0.0
330,0.0,0.0,222625,0,0,-1,1,1,4,0.0,0.0,0,George,0.2,272,False,Knee injury - Expected back 16 Jan,2024-11-22T17:00:09.158802Z,54,222625.jpg,2.1,Hirst,0.0,False,,i,10,40,17,9931,7,9778,24,0.0,3.1,Hirst,241.0,174,1,1,0,4,0,0,0,1,0,0,2,56,60.2,37.0,68.0,16.7,1,0.77,0.10,0.87,6.50,305,29,275,31,185,34,283,32,,,,,1.0,,0.4,0.0,0.05,0.45,3.36,2.07,134,39,371,44,228,31,554,70,0.52,0.0
331,0.0,0.0,524180,0,0,0,0,0,3,0.0,0.0,0,Cameron,0.0,273,False,Loaned to Wycombe,2024-08-23T12:39:48.370081Z,45,524180.jpg,0.0,Humphreys,0.0,False,,u,10,40,0,651,0,4831,1,0.0,0.0,Humphreys,,0,0,0,0,0,0,0,0,0,0,0,0,0,0.0,0.0,0.0,0.0,0,0.00,0.00,0.00,0.00,614,264,610,268,591,260,616,266,,,,,,,0.0,0.0,0.0,0.0,0.0,0.0,441,271,582,237,620,268,616,268,0.0,0.0
332,100.0,100.0,503301,0,0,-3,3,0,3,3.5,3.5,2,Omari,3.5,274,False,,2024-11-20T14:00:07.757189Z,52,503301.jpg,2.7,Giraud-Hutchinson,0.4,False,,a,10,40,35,41168,174,59815,136,0.7,6.7,Hutchinson,241.0,1132,1,1,2,20,0,0,0,4,0,0,3,125,151.0,177.4,177.0,50.7,13,0.90,1.04,1.94,23.29,176,66,79,61,69,43,92,55,,,3.0,,,,0.07,0.0,0.08,0.15,1.85,1.59,171,103,47,23,156,65,283,93,1.03,0.16
333,75.0,75.0,222018,0,0,0,0,0,2,0.2,0.2,0,Ben,0.2,275,False,Muscle injury - 75% chance of playing,2024-11-25T09:30:07.489482Z,40,222018.jpg,1.2,Johnson,1.9,False,,d,10,40,7,200399,14,371306,366,0.0,1.8,Johnson,241.0,401,0,1,0,12,0,0,0,1,0,0,0,14,96.8,44.6,9.0,15.1,4,0.04,0.24,0.28,12.80,247,92,260,75,335,113,294,94,,,,,,,0.01,0.0,0.05,0.06,2.87,2.69,621,178,326,100,346,110,144,55,0.9,0.0
334,0.0,0.0,94926,0,0,0,0,0,4,0.0,0.0,0,Freddie,0.0,276,False,Mutual termination of contract,2024-08-31T06:23:26.859072Z,45,94926.jpg,0.0,Ladapo,0.6,False,,u,10,40,0,59882,0,197436,94,0.0,0.0,Ladapo,,0,0,0,0,0,0,0,0,0,0,0,0,0,0.0,0.0,0.0,0.0,0,0.00,0.00,0.00,0.00,570,48,564,48,540,46,572,48,,,,,,,0.0,0.0,0.0,0.0,0.0,0.0,357,63,531,47,576,51,242,41,0.0,0.0
335,100.0,100.0,106606,0,0,0,0,0,3,0.2,0.2,0,Massimo,0.2,277,False,,2024-10-08T11:00:07.389122Z,45,106606.jpg,1.4,Luongo,0.3,False,,a,10,40,7,65986,17,72231,62,0.0,1.6,Luongo,13.0,143,0,0,0,4,0,0,0,0,0,0,0,26,25.0,4.3,0.0,3.0,2,0.00,0.00,0.00,5.08,365,169,382,205,542,227,395,192,,,,,,,0.0,0.0,0.0,0.0,3.2,2.52,359,227,340,165,324,151,319,104,1.26,0.0
336,100.0,100.0,74944,0,0,-1,1,0,3,2.0,2.0,2,Sam,2.0,278,False,,2024-10-26T20:00:07.464596Z,49,74944.jpg,2.8,Morsy,0.2,False,,a,10,40,36,35100,73,37823,68,0.4,7.3,Morsy,63.0,1163,1,1,1,21,0,0,0,4,0,0,5,209,215.8,151.1,19.0,38.5,13,0.29,0.81,1.10,24.57,105,37,103,76,299,168,146,84,,,,,,,0.02,0.0,0.06,0.08,1.9,1.63,239,154,126,56,138,58,355,122,1.01,0.08
337,0.0,0.0,246265,0,0,0,0,0,2,0.0,0.0,0,Corrie,0.0,279,False,Permanent transfer to Kilmarnock,2024-08-01T06:52:12.954431Z,40,246265.jpg,0.0,Ndaba,0.0,False,,u,10,40,0,0,0,576,0,0.0,0.0,Ndaba,,0,0,0,0,0,0,0,0,0,0,0,0,0,0.0,0.0,0.0,0.0,0,0.00,0.00,0.00,0.00,491,173,470,171,432,154,493,173,,,,,,,0.0,0.0,0.0,0.0,0.0,0.0,626,181,420,148,496,170,661,223,0.0,0.0
338,,,434044,0,0,0,0,0,1,0.0,0.0,0,Cieran,0.0,280,False,,,40,434044.jpg,0.0,Slicker,0.7,False,,a,10,40,0,25876,4,44591,31,0.0,0.0,Slicker,243.0,0,0,0,0,0,0,0,0,0,0,0,0,0,0.0,0.0,0.0,0.0,0,0.00,0.00,0.00,0.00,494,52,474,31,436,22,496,52,,,,,,,0.0,0.0,0.0,0.0,0.0,0.0,630,60,424,44,499,52,238,33,0.0,0.0
339,100.0,100.0,231899,0,0,-2,2,0,3,0.8,0.8,1,Jack,0.8,281,False,,2024-11-22T17:30:09.045912Z,48,231899.jpg,0.8,Taylor,0.0,False,,a,10,40,7,1415,2,3310,2,0.2,1.5,Taylor,104.0,193,0,0,0,2,0,0,0,2,0,0,0,22,34.2,38.7,22.0,9.4,0,0.33,0.25,0.58,3.26,351,165,268,162,280,155,335,168,,,,,,,0.15,0.0,0.12,0.27,1.52,0.93,311,205,256,129,444,219,587,248,0.0,0.0
340,0.0,0.0,180804,0,0,0,0,0,2,0.0,0.0,0,Axel,1.0,282,False,Hamstring injury - Unknown return date,2024-11-30T22:00:07.627808Z,40,180804.jpg,1.7,Tuanzebe,2.3,False,,i,10,40,15,378945,16,269526,1016,0.2,3.8,Tuanzebe,50.0,770,0,0,1,13,0,0,0,3,0,0,0,54,122.2,48.3,19.0,18.9,9,0.18,0.05,0.23,15.48,213,80,248,68,293,89,269,88,,,,,,,0.02,0.0,0.01,0.03,1.81,1.52,608,168,220,64,274,82,130,52,1.05,0.12
341,,,108813,0,0,-2,2,0,1,0.0,0.0,0,Christian,0.0,283,False,,,43,108813.jpg,2.0,Walton,0.2,False,,a,10,40,2,8455,12,16125,13,0.0,0.5,Walton,241.0,90,0,0,0,2,0,0,0,0,0,3,0,9,28.2,0.0,0.0,2.8,1,0.00,0.00,0.00,2.65,360,30,530,53,500,45,400,30,,,,,,,0.0,3.0,0.0,0.0,2.65,2.0,538,30,488,64,230,28,389,56,1.0,0.0
342,,,220583,0,0,0,0,0,2,0.0,0.0,0,Luke,0.0,284,False,,,40,220583.jpg,0.8,Woolfenden,1.6,False,,a,10,40,4,117777,21,98196,157,0.0,1.0,Woolfenden,241.0,377,0,0,0,10,0,0,0,1,0,0,0,23,72.2,2.8,6.0,8.2,4,0.03,0.01,0.04,9.44,281,99,393,136,347,116,341,108,,,,,,,0.01,0.0,0.0,0.01,2.25,2.39,620,177,416,146,437,143,158,61,0.95,0.0
343,75.0,75.0,155405,0,0,-1,1,0,3,0.0,0.0,0,Kalvin,0.0,359,False,Ankle injury - 75% chance of playing,2024-11-22T17:30:09.216627Z,49,155405.jpg,1.6,Phillips,0.1,False,,d,10,40,11,4553,1,10913,13,0.0,2.2,Phillips,241.0,536,0,0,1,14,0,0,0,1,1,0,0,69,68.4,55.7,25.0,14.7,7,0.31,0.22,0.53,12.49,291,136,228,141,273,151,299,148,2.0,,2.0,,,,0.05,0.0,0.04,0.09,2.1,2.35,249,159,628,271,301,138,503,193,1.18,0.17
344,100.0,100.0,232917,0,0,-1,1,0,1,2.8,2.8,2,Arijanet,2.8,568,False,,2024-08-17T20:30:06.519689Z,44,232917.jpg,2.8,Muric,1.1,False,,a,10,40,37,158837,133,92327,194,0.6,8.4,Muric,286.0,1170,0,0,1,23,0,0,0,1,0,52,3,140,391.0,0.0,0.0,39.0,13,0.00,0.01,0.01,26.28,11,3,550,60,525,52,142,3,,,,,,,0.0,4.0,0.0,0.0,2.02,1.77,506,23,70,7,135,22,198,27,1.0,0.08
345,,,108053,0,0,0,0,0,2,0.0,0.0,0,Conor,0.0,583,False,,,40,108053.jpg,1.0,Townsend,0.4,False,,a,10,40,1,22407,26,27330,35,0.0,0.2,Townsend,241.0,1,0,0,0,1,0,0,0,0,0,0,0,2,4.0,10.0,0.0,1.4,0,0.00,0.00,0.00,0.23,435,151,357,116,410,142,435,149,,,,,,,0.0,0.0,0.0,0.0,20.7,90.0,597,162,398,135,366,121,281,106,0.0,0.0
346,,,172453,0,0,-2,2,0,3,3.2,3.2,0,Sam,3.2,611,False,,,58,172453.jpg,2.9,Szmodics,0.4,False,,a,10,40,38,98653,95,74902,444,0.6,6.6,Szmodics,104.0,664,3,0,1,11,0,0,0,1,0,0,2,106,140.6,52.4,165.0,35.2,9,2.64,0.14,2.78,16.02,185,70,237,145,79,48,163,90,,,,,,,0.36,0.0,0.02,0.38,2.17,1.49,87,55,57,29,133,56,268,89,1.22,0.14
347,100.0,100.0,454667,0,0,0,0,0,3,1.8,1.8,2,Jens,1.8,619,False,,2024-10-04T00:00:05.976169Z,45,454667.jpg,1.5,Cajuste,0.1,False,,a,10,40,12,14225,115,7727,13,0.4,2.7,Cajuste,206.0,471,0,0,0,9,0,0,0,2,0,0,0,56,34.0,52.7,8.0,9.4,6,0.08,0.18,0.26,12.25,352,166,236,144,342,186,334,167,,,,,,,0.02,0.0,0.03,0.05,2.34,1.72,397,241,144,65,314,143,462,171,1.15,0.0
348,100.0,100.0,216616,0,0,0,0,0,2,1.5,1.5,1,Dara,1.5,630,False,,2024-10-18T17:30:07.558521Z,40,216616.jpg,1.6,O'Shea,1.4,False,,a,10,40,18,200223,978,61015,235,0.4,4.5,O'Shea,104.0,962,0,0,1,18,0,0,0,3,0,0,1,93,277.0,8.5,85.0,37.1,11,0.60,0.08,0.68,21.42,53,17,363,117,143,23,151,40,,,,,,,0.06,0.0,0.01,0.07,2.0,1.68,618,175,163,49,286,88,181,72,1.03,0.09
349,,,443261,0,0,0,0,0,3,1.2,1.2,2,Jack,1.2,631,False,,,55,443261.jpg,1.5,Clarke,0.0,False,,a,10,40,18,6456,13,5161,11,0.2,3.3,J.Clarke,241.0,469,0,1,0,11,0,0,0,1,0,0,0,77,74.6,100.6,65.0,23.9,4,0.69,0.59,1.28,10.30,277,128,163,108,190,112,241,120,,,,,,,0.13,0.0,0.11,0.24,1.98,2.11,120,73,215,108,321,149,535,213,0.77,0.0
350,0.0,0.0,229164,0,0,-1,1,0,3,0.0,0.0,0,Chiedozie,0.0,632,False,Achilles injury - Expected back 01 Jun,2024-10-26T20:00:08.138345Z,49,229164.jpg,1.4,Ogbene,0.0,False,,i,10,40,7,2220,1,2146,1,0.0,1.4,Ogbene,104.0,237,0,0,0,3,0,0,0,0,0,0,0,29,22.8,30.2,12.0,6.4,3,0.00,0.05,0.05,2.36,372,175,289,172,318,174,358,177,,,,,,,0.0,0.0,0.02,0.02,0.9,1.14,267,174,634,277,330,157,641,283,1.14,0.0
351,100.0,100.0,536916,0,0,0,0,1,3,3.0,3.0,3,Facundo,3.0,117,False,,2024-11-10T23:00:07.412875Z,50,536916.jpg,4.1,Buonanotte,1.6,False,,a,11,13,49,424176,598,280094,519,0.6,9.8,Buonanotte,10.0,882,4,2,2,18,0,0,0,5,0,0,4,209,302.0,296.1,224.0,82.2,10,3.16,1.48,4.64,18.56,39,10,27,23,49,31,28,21,3.0,,,,,,0.32,0.0,0.15,0.47,1.89,1.84,234,150,61,31,45,21,164,47,1.02,0.2
352,100.0,100.0,80146,0,0,-3,3,0,3,3.0,3.0,1,Jordan,3.0,192,False,,2024-11-21T10:30:08.369234Z,52,80146.jpg,2.4,Ayew,0.2,False,,a,11,13,34,23843,44,45072,158,0.6,6.5,J.Ayew,81.0,611,3,0,1,17,0,0,0,4,0,0,2,113,134.8,84.8,173.0,39.1,6,2.53,0.35,2.88,13.23,196,76,181,116,71,44,141,83,,,2.0,,2.0,,0.37,0.0,0.05,0.42,1.95,2.5,159,95,62,32,199,87,331,110,0.88,0.15
353,100.0,100.0,199670,0,0,-3,3,0,4,0.2,0.2,0,Odsonne,0.2,198,False,,2024-09-05T11:30:06.462155Z,52,199670.jpg,1.2,Edouard,0.2,False,,a,11,13,7,33423,31,86531,60,0.0,1.3,Edouard,73.0,141,0,0,0,3,0,0,0,0,0,0,0,14,5.0,25.0,50.0,8.0,1,0.39,0.07,0.46,3.72,432,44,303,34,215,36,343,37,,,,,,,0.25,0.0,0.04,0.29,2.37,1.91,166,43,367,43,357,38,334,54,0.64,0.0
354,,,225902,0,0,-1,1,0,3,1.5,1.5,1,Boubakary,1.5,285,False,,,44,225902.jpg,1.0,Soumaré,0.5,False,,a,11,13,8,59932,520,34003,122,0.3,1.8,B.Soumaré,73.0,381,0,0,0,10,0,0,0,4,0,0,0,49,45.6,34.8,4.0,8.4,4,0.05,0.30,0.35,9.77,329,159,280,167,364,198,340,173,,,,,,,0.01,0.0,0.07,0.08,2.31,2.36,501,300,165,78,380,177,263,85,0.94,0.0
355,0.0,0.0,461416,0,0,0,0,0,4,0.0,0.0,0,Tom,0.0,286,False,Loaned to Stoke City,2024-08-31T06:20:48.397195Z,45,461416.jpg,0.0,Cannon,0.4,False,,u,11,13,0,49177,0,142087,47,0.0,0.0,Cannon,,0,0,0,0,0,0,0,0,0,0,0,0,0,0.0,0.0,0.0,0.0,0,0.00,0.00,0.00,0.00,590,51,585,51,564,49,592,51,,,,,,,0.0,0.0,0.0,0.0,0.0,0.0,401,66,552,50,596,54,272,44,0.0,0.0
356,100.0,100.0,197469,0,0,-1,1,0,3,0.0,0.0,0,Hamza,0.0,287,False,,2024-10-04T00:00:05.751780Z,44,197469.jpg,1.0,Choudhury,0.4,False,,a,11,13,1,68540,36,64274,75,0.0,0.2,Choudhury,241.0,14,0,0,0,1,0,0,0,0,0,0,0,4,3.0,0.0,0.0,0.3,0,0.00,0.00,0.00,1.03,443,213,543,226,517,216,452,219,,,,,,,0.0,0.0,0.0,0.0,6.62,6.43,489,298,507,188,379,176,294,98,0.0,0.0
357,100.0,100.0,94147,0,0,0,0,0,2,0.5,0.5,2,Conor,0.5,288,False,,2024-08-12T14:30:04.626270Z,40,94147.jpg,0.7,Coady,0.3,False,,a,11,13,2,26077,297,24984,35,0.1,0.5,Coady,241.0,187,0,0,0,6,0,0,0,1,0,0,0,10,55.4,1.1,0.0,5.6,2,0.00,0.01,0.01,6.48,310,108,412,147,408,141,371,121,,,,,,,0.0,0.0,0.0,0.0,3.12,2.89,595,161,277,79,452,149,316,117,0.96,0.0
358,100.0,100.0,245419,0,0,-2,2,1,4,2.2,2.2,7,Patson,2.2,289,False,,2024-08-12T14:30:04.636525Z,48,245419.jpg,3.0,Daka,0.2,False,,a,11,13,9,26658,605,36813,80,0.5,1.9,Daka,238.0,67,1,0,0,1,0,0,0,0,0,0,2,38,42.2,5.5,34.0,8.1,0,0.23,0.00,0.23,1.56,336,33,380,42,248,38,342,36,,,,,3.0,,0.31,0.0,0.0,0.31,2.1,1.34,312,59,104,17,121,18,356,56,0.0,0.0
359,100.0,100.0,96994,0,0,-3,3,0,3,1.5,1.5,1,Bobby,1.5,290,False,,2024-11-08T16:00:07.429188Z,52,96994.jpg,1.6,De Cordova-Reid,0.1,False,,a,11,13,14,2908,3,13365,10,0.3,2.7,De Cordova-Reid,107.0,196,0,1,0,5,0,0,0,0,0,0,0,43,14.0,18.2,21.0,5.3,2,0.10,0.07,0.17,4.83,399,189,322,185,288,161,373,185,,,,,,,0.05,0.0,0.03,0.08,2.22,2.3,162,97,175,85,303,140,496,188,0.92,0.0
360,,,218218,0,0,1,-1,0,2,0.5,0.5,1,Wout,0.5,291,False,,,41,218218.jpg,1.7,Faes,11.3,False,,a,11,13,24,1303657,711,825465,2565,0.1,5.9,Faes,21.0,1200,1,0,1,28,0,0,0,2,0,0,0,91,320.6,34.1,73.0,42.8,13,0.94,0.18,1.12,27.05,26,7,281,82,172,37,127,32,,,,,,,0.07,0.0,0.01,0.08,2.03,2.1,584,155,278,80,275,83,33,12,0.97,0.07
361,,,549640,0,0,-1,1,0,3,0.0,0.0,0,Michael,0.0,292,False,,,44,549640.jpg,0.0,Golding,0.3,False,,a,11,13,0,43457,33,27007,68,0.0,0.0,Golding,241.0,0,0,0,0,0,0,0,0,0,0,0,0,0,0.0,0.0,0.0,0.0,0,0.00,0.00,0.00,0.00,565,229,559,233,535,224,567,231,,,,,,,0.0,0.0,0.0,0.0,0.0,0.0,526,311,526,198,572,234,326,107,0.0,0.0
362,,,467189,0,0,0,0,0,1,1.8,1.8,4,Mads,1.8,293,False,,,45,467189.jpg,2.4,Hermansen,0.8,False,,a,11,13,34,107511,231,81281,136,0.4,7.6,Hermansen,58.0,1260,0,0,1,28,0,0,0,0,0,56,0,146,460.4,0.2,0.0,46.1,14,0.00,0.01,0.01,28.79,6,2,430,8,570,57,115,2,,,,,,,0.0,4.0,0.0,0.0,2.06,2.0,407,17,146,15,190,26,227,31,1.0,0.07
363,,,207270,0,0,0,0,0,1,0.0,0.0,0,Daniel,0.0,294,False,,,40,207270.jpg,0.0,Iversen,0.6,False,,a,11,13,0,22836,9,37434,61,0.0,0.0,Iversen,58.0,0,0,0,0,0,0,0,0,0,0,0,0,0,0.0,0.0,0.0,0.0,0,0.00,0.00,0.00,0.00,483,46,462,24,424,15,485,46,,,,,,,0.0,0.0,0.0,0.0,0.0,0.0,614,53,411,37,489,46,244,35,0.0,0.0
364,,,220627,0,0,0,0,2,2,0.8,0.8,2,James,0.8,295,False,,,45,220627.jpg,2.6,Justin,3.0,False,,a,11,13,34,583076,136,316451,902,0.2,7.6,Justin,241.0,1162,2,1,1,27,0,0,0,2,0,0,2,116,299.4,84.4,82.0,46.6,13,0.50,0.20,0.70,27.75,40,14,183,44,148,26,112,25,,,,,,,0.04,0.0,0.02,0.06,2.15,2.09,377,67,252,76,162,45,102,43,1.01,0.08
365,100.0,100.0,481510,0,0,0,0,0,2,1.2,1.2,5,Victor,1.2,296,False,,2024-10-27T22:00:06.301413Z,45,481510.jpg,1.6,Kristiansen,0.1,False,,a,11,13,19,9154,70,13873,16,0.3,4.2,Kristiansen,58.0,1037,0,1,1,21,1,0,0,1,0,0,0,120,262.6,194.1,4.0,46.0,12,0.00,0.58,0.58,24.21,63,21,67,13,365,124,116,28,4.0,,,,,,0.0,0.0,0.05,0.05,2.1,1.82,411,81,197,61,295,97,429,155,1.04,0.09
366,0.0,0.0,461584,0,0,0,0,0,3,0.0,0.0,0,Wanya,0.0,297,False,Loaned to De Graafschap,2024-08-31T06:21:32.289998Z,45,461584.jpg,0.0,Marçal-Madivádua,0.0,False,,u,11,13,0,754,0,4235,2,0.0,0.0,Marcal,,0,0,0,0,0,0,0,0,0,0,0,0,0,0.0,0.0,0.0,0.0,0,0.00,0.00,0.00,0.00,592,245,587,249,566,241,594,247,,,,,,,0.0,0.0,0.0,0.0,0.0,0.0,403,243,554,214,598,249,612,264,0.0,0.0
367,,,154048,0,0,-2,2,0,3,0.8,0.8,1,Stephy,0.8,298,False,,,53,154048.jpg,2.5,Mavididi,0.5,False,,a,11,13,32,164334,22,172420,304,0.2,6.0,Mavididi,241.0,669,2,0,1,12,0,0,0,2,0,0,3,112,138.4,178.3,126.0,43.9,7,1.02,2.00,3.02,13.93,191,72,77,59,103,64,122,69,,,1.0,,4.0,,0.14,0.0,0.27,0.41,1.87,1.61,148,86,260,132,179,78,258,83,0.94,0.13
368,,,461587,0,0,-3,3,1,3,2.2,2.2,6,Kasey,2.2,299,False,,,47,461587.jpg,1.9,McAteer,0.0,False,,a,11,13,13,2794,68,4595,9,0.5,2.8,McAteer,104.0,179,0,1,1,1,0,0,0,0,0,0,0,40,42.6,19.8,40.0,10.0,2,0.32,0.05,0.37,4.58,335,161,317,181,239,133,327,164,,,,,,,0.16,0.0,0.03,0.19,2.3,0.5,337,219,103,49,247,111,544,219,1.01,0.5
369,,,203341,0,0,0,0,1,3,1.8,1.8,2,Wilfred,1.8,300,False,,,50,203341.jpg,2.6,Ndidi,0.4,False,,a,11,13,36,104040,26,91485,154,0.4,7.2,Ndidi,157.0,1165,0,4,1,24,1,0,0,4,0,0,1,196,317.6,154.6,187.0,65.8,14,1.53,1.12,2.65,25.66,27,8,99,73,65,40,49,32,,,,,,,0.12,0.0,0.09,0.21,1.98,1.85,198,124,152,71,165,69,293,97,1.08,0.08
370,75.0,75.0,473341,0,0,0,0,0,2,0.2,0.2,0,Caleb,0.2,301,False,Knee injury - 75% chance of playing,2024-11-30T22:00:07.641824Z,40,473341.jpg,1.6,Okoli,1.1,False,,d,11,13,14,161995,17,74811,445,0.0,3.5,Okoli,106.0,754,0,0,1,17,0,0,0,1,0,0,1,74,217.4,7.1,36.0,26.0,9,0.14,0.04,0.18,18.90,102,37,369,122,243,70,226,70,,,,,,,0.02,0.0,0.0,0.02,2.26,2.03,644,188,328,102,287,89,199,78,1.07,0.12
371,0.0,0.0,111931,0,0,-3,3,0,2,0.0,0.0,0,Ricardo,0.0,302,False,Hamstring injury - Expected back 01 Mar,2024-11-10T23:00:07.847243Z,42,111931.jpg,1.0,Barbosa Pereira,0.1,False,,i,11,13,2,4462,1,18538,18,0.0,0.5,Ricardo,173.0,146,0,0,0,4,0,0,0,1,0,0,0,10,13.8,5.7,2.0,2.2,2,0.00,0.03,0.03,2.08,400,141,379,129,374,128,410,138,,,,,,,0.0,0.0,0.02,0.02,1.28,2.47,575,149,478,188,372,126,451,161,1.23,0.0
372,0.0,0.0,194190,0,0,0,0,0,2,0.0,0.0,0,Harry,0.0,303,False,Season long loan to Sheffield United,2024-08-07T08:21:01.638839Z,40,194190.jpg,0.0,Souttar,0.0,False,,u,11,13,0,0,0,1353,0,0.0,0.0,Souttar,,0,0,0,0,0,0,0,0,0,0,0,0,0,0.0,0.0,0.0,0.0,0,0.00,0.00,0.00,0.00,479,166,458,164,420,147,481,166,,,,,,,0.0,0.0,0.0,0.0,0.0,0.0,610,170,407,140,485,164,635,213,0.0,0.0
373,0.0,0.0,436680,0,0,0,0,0,1,0.0,0.0,0,Jakub,0.0,304,False,Ankle injury - Expected back 25 Jan,2024-07-25T11:00:04.015354Z,40,436680.jpg,0.0,Stolarczyk,0.0,False,,i,11,13,0,3726,0,4212,1,0.0,0.0,Stolarczyk,172.0,0,0,0,0,0,0,0,0,0,0,0,0,0,0.0,0.0,0.0,0.0,0,0.00,0.00,0.00,0.00,495,53,475,32,437,23,497,53,,,,,,,0.0,0.0,0.0,0.0,0.0,0.0,631,61,425,45,500,53,533,66,0.0,0.0
374,,,244619,0,0,-1,1,0,2,0.0,0.0,0,Luke,0.0,305,False,,,39,244619.jpg,0.0,Thomas,1.5,False,,a,11,13,0,148208,733,66664,248,0.0,0.0,Thomas,241.0,90,0,0,0,4,0,0,0,0,0,0,0,-1,7.8,13.3,10.0,3.1,1,0.02,0.03,0.05,2.40,421,146,338,110,328,108,394,133,,,,,,,0.02,0.0,0.03,0.05,2.4,4.0,682,222,384,128,466,156,179,70,1.0,0.0
375,100.0,100.0,101668,0,0,0,0,0,4,2.8,2.8,4,Jamie,2.8,306,False,,2024-11-10T23:00:07.879182Z,55,101668.jpg,4.2,Vardy,7.0,False,,a,11,13,54,1888790,3137,1543640,955,0.5,9.8,Vardy,241.0,1043,5,2,1,24,0,0,0,4,0,0,7,207,239.0,111.1,236.0,58.5,13,4.11,1.14,5.25,25.58,78,12,146,15,42,17,74,18,,,,,1.0,,0.35,0.0,0.1,0.45,2.21,2.07,108,32,78,13,43,14,57,12,1.12,0.09
376,100.0,100.0,93100,0,0,0,0,0,2,0.5,0.5,1,Jannik,0.5,307,False,,2024-10-24T16:30:05.805561Z,40,93100.jpg,1.0,Vestergaard,1.8,False,,a,11,13,6,221548,142,231449,158,0.1,1.5,Vestergaard,58.0,474,0,0,0,9,0,0,0,1,0,0,0,39,106.4,15.1,9.0,13.1,5,0.01,0.03,0.04,7.63,231,87,331,106,334,112,306,100,,,,,,,0.0,0.0,0.01,0.01,1.45,1.71,594,160,276,78,365,120,148,57,0.95,0.0
377,,,95463,0,0,0,0,0,1,0.0,0.0,0,Danny,0.0,308,False,,,40,95463.jpg,0.0,Ward,2.1,False,,a,11,13,0,78640,34,119167,177,0.0,0.0,Ward,244.0,0,0,0,0,0,0,0,0,0,0,0,0,0,0.0,0.0,0.0,0.0,0,0.00,0.00,0.00,0.00,470,40,448,17,409,8,472,40,,,,,,,0.0,0.0,0.0,0.0,0.0,0.0,596,46,397,31,477,40,136,20,0.0,0.0
378,25.0,25.0,157668,0,0,0,0,0,3,0.2,0.2,0,Harry,0.8,309,False,Groin Injury - 25% chance of playing,2024-11-23T17:30:08.809600Z,45,157668.jpg,2.1,Winks,9.5,False,,d,11,13,23,1181536,88,1526855,4927,0.2,5.1,Winks,241.0,865,0,2,0,19,0,0,0,3,0,0,0,160,168.0,209.7,21.0,40.0,10,0.16,1.18,1.34,16.72,159,58,58,46,284,157,136,79,2.0,,,,,,0.02,0.0,0.12,0.14,1.74,1.98,365,230,251,125,221,96,44,11,1.04,0.0
379,,,209042,0,0,-2,2,0,3,0.5,0.5,0,Oliver,0.5,501,False,,,48,209042.jpg,1.4,Skipp,0.0,False,,a,11,13,11,3521,3,5183,11,0.1,2.3,Skipp,241.0,506,0,0,1,10,0,0,0,3,0,0,0,57,61.0,62.5,9.0,13.2,5,0.05,0.24,0.29,14.41,304,144,216,132,338,183,304,150,,,,,,,0.01,0.0,0.04,0.05,2.56,1.78,303,200,292,146,327,154,531,210,0.89,0.18
380,0.0,0.0,531442,0,0,-3,3,0,3,0.0,0.0,0,Abdul,0.5,570,False,Knee injury - Expected back 01 Jun,2024-11-21T10:30:09.372550Z,52,531442.jpg,2.4,Fatawu,0.2,False,,i,11,13,26,68541,6,95426,90,0.1,5.0,A.Fatawu,81.0,576,0,2,0,14,0,0,0,0,0,0,3,125,147.6,104.3,148.0,40.1,6,0.41,1.42,1.83,11.00,178,67,156,105,88,54,135,78,,,,,,,0.06,0.0,0.22,0.28,1.72,2.19,173,105,309,156,200,88,337,113,0.94,0.0
381,,,532534,0,0,0,0,0,3,0.0,0.0,0,Will,0.0,606,False,,,45,532534.jpg,0.0,Alves,0.1,False,,a,11,13,0,10913,14,10541,26,0.0,0.0,Alves,241.0,0,0,0,0,0,0,0,0,0,0,0,0,0,0.0,0.0,0.0,0.0,0,0.00,0.00,0.00,0.00,618,267,614,271,595,263,620,269,,,,,,,0.0,0.0,0.0,0.0,0.0,0.0,445,274,586,240,624,271,453,166,0.0,0.0
382,0.0,0.0,501770,0,0,0,0,0,2,0.0,0.0,0,Ben,0.0,616,False,Loaned to Oxford United,2024-08-31T06:22:31.067773Z,40,501770.jpg,0.0,Nelson,0.0,False,,u,11,13,0,2208,0,3437,2,0.0,0.0,Nelson,,0,0,0,0,0,0,0,0,0,0,0,0,0,0.0,0.0,0.0,0.0,0,0.00,0.00,0.00,0.00,513,183,493,181,456,165,515,183,,,,,,,0.0,0.0,0.0,0.0,0.0,0.0,652,194,444,159,519,181,599,202,0.0,0.0
383,,,513527,0,0,-2,2,1,3,4.2,4.2,14,Bilal,4.2,635,False,,,48,513527.jpg,2.7,El Khannouss,0.0,False,,a,11,13,24,6883,1267,4156,20,0.9,5.0,El Khannouss,145.0,348,1,1,1,8,0,0,0,0,0,0,3,81,86.4,119.1,29.0,23.3,4,0.15,0.87,1.02,9.88,258,114,135,98,263,146,244,122,,,,,,,0.04,0.0,0.22,0.26,2.56,2.07,323,211,28,15,153,64,523,204,1.03,0.26
384,25.0,25.0,116535,0,0,-1,1,1,1,0.2,0.2,0,Alisson,0.0,310,False,Hamstring injury - 25% chance of playing,2024-10-05T14:00:07.200306Z,54,116535.jpg,5.8,Ramses Becker,4.9,False,,d,12,14,35,548468,34,1250776,1005,0.0,6.5,A.Becker,30.0,528,0,0,4,2,0,0,0,0,0,15,5,131,126.8,0.0,0.0,12.6,6,0.00,0.00,0.00,3.74,207,23,676,71,671,70,309,23,,,,,,,0.0,2.56,0.0,0.0,0.64,0.34,128,3,666,72,11,1,76,14,1.02,0.68
385,100.0,100.0,169187,0,0,-1,1,1,2,3.2,3.2,0,Trent,2.2,311,False,,2024-11-10T01:30:08.685145Z,69,169187.jpg,4.6,Alexander-Arnold,19.6,False,,a,12,14,55,1641893,4464,2764785,1153,0.3,8.0,Alexander-Arnold,241.0,938,0,1,6,6,0,0,0,2,0,0,8,233,204.6,328.3,58.0,59.0,12,0.45,3.03,3.48,7.59,113,42,19,3,202,51,72,11,1.0,,1.0,,,,0.04,0.0,0.29,0.33,0.73,0.58,29,1,115,33,30,3,19,6,1.15,0.58
386,0.0,0.0,535928,0,0,0,0,0,3,0.0,0.0,0,Stefan,0.0,312,False,Loaned to RB Salzburg,2024-08-31T06:19:45.092198Z,45,535928.jpg,0.0,Bajčetić Maquieira,0.0,False,,u,12,14,0,2712,0,16649,8,0.0,0.0,Bajcetic,,0,0,0,0,0,0,0,0,0,0,0,0,0,0.0,0.0,0.0,0.0,0,0.00,0.00,0.00,0.00,620,269,616,273,597,265,622,271,,,,,,,0.0,0.0,0.0,0.0,0.0,0.0,447,276,588,242,626,273,529,209,0.0,0.0
387,0.0,0.0,492777,0,0,-3,3,0,2,0.0,0.0,0,Conor,1.5,313,False,Hamstring injury - Unknown return date,2024-11-28T10:30:07.495614Z,47,492777.jpg,1.6,Bradley,0.4,False,,i,12,14,11,46524,9,76347,383,0.3,2.3,Bradley,242.0,231,0,0,1,3,0,0,0,1,0,0,0,40,34.0,14.7,76.0,12.4,1,0.41,0.19,0.60,3.38,353,123,335,109,166,33,310,102,,,,,,,0.16,0.0,0.07,0.23,1.32,1.17,341,46,166,51,296,98,292,107,0.39,0.39
388,0.0,0.0,491970,0,0,0,0,0,3,0.0,0.0,0,Bobby,0.0,315,False,Transferred to RB Salzburg,2024-08-22T11:22:35.466323Z,45,491970.jpg,0.0,Clark,0.0,False,,u,12,14,0,444,0,5029,1,0.0,0.0,Clark,,0,0,0,0,0,0,0,0,0,0,0,0,0,0.0,0.0,0.0,0.0,0,0.00,0.00,0.00,0.00,603,253,599,257,580,249,605,255,,,,,,,0.0,0.0,0.0,0.0,0.0,0.0,422,253,567,223,609,257,615,267,0.0,0.0
389,,,447203,0,0,-4,4,0,4,3.5,3.5,0,Darwin,2.5,316,False,,,71,447203.jpg,2.6,Núñez Ribeiro,2.3,False,,a,12,14,26,222677,343,570476,495,0.4,3.7,Darwin,230.0,529,2,1,2,7,0,0,0,2,0,0,1,123,130.0,70.6,166.0,36.8,5,1.68,0.21,1.89,7.13,202,23,199,26,77,26,154,23,,,,,3.0,,0.29,0.0,0.04,0.33,1.21,1.19,25,11,96,16,174,26,126,21,0.85,0.34
390,25.0,25.0,194634,0,0,-3,3,0,3,0.2,0.2,0,Diogo,0.0,317,False,Rib Injury - 25% chance of playing,2024-10-20T21:30:07.041173Z,72,194634.jpg,5.0,Teixeira da Silva,2.8,False,,d,12,14,35,1022914,10,2398347,456,0.0,4.9,Diogo J.,173.0,492,2,3,4,1,0,0,0,1,0,0,1,85,105.0,55.1,157.0,31.6,7,2.72,0.32,3.04,3.14,234,99,230,142,87,53,188,100,,,,,,,0.5,0.0,0.06,0.56,0.57,0.18,20,13,686,312,18,9,108,31,1.28,0.73
391,0.0,0.0,496208,0,0,0,0,0,3,0.0,0.0,0,Ben,0.0,318,False,Loaned to Middlesbrough,2024-08-31T06:17:31.171503Z,45,496208.jpg,0.0,Doak,0.0,False,,u,12,14,0,1136,0,5325,1,0.0,0.0,Doak,,0,0,0,0,0,0,0,0,0,0,0,0,0,0.0,0.0,0.0,0.0,0,0.00,0.00,0.00,0.00,606,256,602,260,583,252,608,258,,,,,,,0.0,0.0,0.0,0.0,0.0,0.0,425,256,570,226,612,260,606,260,0.0,0.0
392,100.0,100.0,444884,0,0,-3,3,0,3,1.2,1.2,0,Harvey,0.2,319,False,,2024-09-08T23:00:06.842081Z,52,444884.jpg,1.0,Elliott,0.2,False,,a,12,14,2,11818,23,107690,14,0.0,0.4,Elliott,241.0,8,0,0,0,0,0,0,0,0,0,0,0,8,2.0,2.3,2.0,0.6,0,0.00,0.02,0.02,0.05,449,217,397,210,391,213,446,216,,,,,,,0.0,0.0,0.22,0.22,0.56,0.0,169,101,368,181,423,207,349,120,0.0,0.0
393,,,158983,0,0,-3,3,0,3,1.5,1.5,0,Endo,0.5,320,False,,,47,158983.jpg,1.0,Wataru,0.1,False,,a,12,14,6,15808,20,26674,31,0.1,1.3,Endo,108.0,20,0,0,0,0,0,0,0,0,0,0,0,20,12.2,11.6,2.0,2.6,0,0.00,0.01,0.01,0.22,403,191,347,196,384,207,404,198,,,,,,,0.0,0.0,0.04,0.04,0.99,0.0,329,215,290,145,402,192,410,144,0.0,0.0
394,,,243298,0,0,-4,4,0,4,3.8,3.8,0,Cody,2.8,321,False,,,71,243298.jpg,2.5,Gakpo,2.6,False,,a,12,14,32,229993,2239,398945,287,0.4,4.5,Gakpo,152.0,547,2,1,2,5,0,0,0,3,0,0,6,145,140.4,162.2,165.0,46.8,5,2.15,0.75,2.89,5.96,187,22,92,6,80,27,111,21,,,,,,,0.35,0.0,0.12,0.47,0.98,0.82,23,9,79,14,185,28,117,19,0.82,0.33
395,,,171287,0,0,-2,2,0,2,2.5,2.5,0,Joe,1.5,322,False,,,48,171287.jpg,2.2,Gomez,1.6,False,,a,12,14,9,143706,4480,51262,100,0.3,1.9,Gomez,241.0,145,0,0,1,0,0,0,0,0,0,0,0,45,46.0,1.2,50.0,9.8,1,0.30,0.00,0.30,1.27,328,112,410,145,214,57,328,106,,,,,,,0.19,0.0,0.0,0.19,0.79,0.0,298,34,167,52,214,68,167,64,0.62,0.62
396,,,441266,0,0,0,0,0,3,3.5,3.5,0,Ryan,2.5,323,False,,,50,441266.jpg,2.6,Gravenberch,0.9,False,,a,12,14,34,173678,291,113549,303,0.5,6.8,Gravenberch,152.0,1170,0,1,7,8,0,0,0,3,0,0,1,226,193.2,162.3,49.0,40.5,13,0.62,1.42,2.04,11.47,129,45,91,68,218,124,133,77,,,,,,,0.05,0.0,0.11,0.16,0.88,0.62,218,139,89,42,167,71,210,63,1.0,0.54
397,100.0,100.0,206915,0,0,-2,2,1,3,2.5,2.5,0,Curtis,1.5,324,False,,2024-08-27T11:00:05.666567Z,53,206915.jpg,3.1,Jones,0.6,False,,a,12,14,31,97939,118,51899,365,0.3,5.8,Jones,241.0,474,1,2,2,5,0,0,0,0,0,0,3,137,134.0,82.3,131.0,34.8,5,1.39,0.14,1.53,5.89,197,77,186,117,99,62,165,91,,,,,,,0.26,0.0,0.03,0.29,1.12,0.95,151,88,177,86,110,49,241,77,0.95,0.38
398,,,200720,1,-1,1,-1,1,1,6.0,6.0,0,Caoimhin,5.0,325,False,,,46,200720.jpg,5.0,Kelleher,4.2,False,,a,12,14,35,502674,8222,117062,244,1.1,7.6,Kelleher,104.0,630,0,0,3,6,0,1,0,0,0,21,1,125,178.0,0.0,0.0,17.8,7,0.00,0.00,0.00,7.59,149,18,639,65,621,60,277,19,,,,,,,0.0,3.0,0.0,0.0,1.08,0.86,349,13,15,1,16,2,82,15,1.0,0.43
399,0.0,0.0,204716,0,0,3,-3,0,2,0.0,0.0,0,Ibrahima,1.5,326,False,Knee injury - Unknown return date,2024-11-28T10:30:07.514061Z,53,204716.jpg,3.8,Konaté,8.7,False,,i,12,14,46,2091580,29,1501448,17743,0.3,8.7,Konaté,73.0,974,1,1,5,8,0,0,0,4,0,0,1,200,228.8,46.9,65.0,34.2,11,0.88,0.15,1.03,9.92,86,29,255,72,189,44,170,45,,,,,,,0.08,0.0,0.01,0.09,0.92,0.74,150,18,176,53,59,10,48,17,1.02,0.46
400,,,244731,0,0,0,0,3,3,3.5,3.5,0,Luis,2.5,327,False,,,75,244731.jpg,5.5,Díaz,19.4,False,,a,12,14,71,4232455,2353,3262171,4868,0.3,9.5,Luis Díaz,48.0,764,5,3,7,3,0,0,0,0,0,0,8,224,280.6,231.4,297.0,80.9,9,3.08,1.43,4.51,6.35,49,14,45,36,31,17,30,22,,,,,,,0.36,0.0,0.17,0.53,0.75,0.35,17,11,97,47,12,5,20,7,1.06,0.82
401,,,118748,0,0,7,-7,5,3,11.0,11.0,0,Mohamed,10.0,328,True,,,132,118748.jpg,10.2,Salah,59.7,False,,a,12,14,133,4441398,9565,1751596,179,0.8,10.1,M.Salah,63.0,1137,11,7,7,8,0,0,0,1,0,0,25,424,593.2,311.3,701.0,160.4,13,9.58,2.68,12.26,11.27,1,1,23,19,2,1,1,1,,,,,2.0,,0.76,0.0,0.21,0.97,0.89,0.63,2,1,1,1,1,1,1,1,1.03,0.55
402,100.0,100.0,243016,0,0,-3,3,0,3,2.8,2.8,0,Alexis,1.8,329,False,,2024-10-18T17:00:07.554852Z,62,243016.jpg,1.8,Mac Allister,1.5,False,,a,12,14,24,94480,277,233988,204,0.3,3.9,Mac Allister,10.0,894,0,0,6,4,0,0,0,4,0,0,0,146,128.2,201.0,108.0,43.8,11,0.34,1.54,1.88,8.08,205,81,64,52,122,78,123,70,,,,,,,0.03,0.0,0.16,0.19,0.81,0.4,67,43,158,76,273,127,174,52,1.11,0.6
403,100.0,100.0,491501,0,0,-1,1,0,3,1.0,1.0,0,James,0.0,330,False,,2024-09-10T11:24:32.362482Z,44,491501.jpg,0.0,McConnell,0.1,False,,a,12,14,0,6993,22,6041,22,0.0,0.0,McConnell,,0,0,0,0,0,0,0,0,0,0,0,0,0,0.0,0.0,0.0,0.0,0,0.00,0.00,0.00,0.00,560,224,554,228,530,219,562,226,,,,,,,0.0,0.0,0.0,0.0,0.0,0.0,519,304,520,192,567,229,489,184,0.0,0.0
404,100.0,100.0,440148,0,0,-1,1,0,3,1.0,1.0,0,Tyler,0.0,331,False,,2024-09-10T11:27:39.864039Z,44,440148.jpg,0.0,Morton,0.2,False,,a,12,14,0,26747,49,18715,71,0.0,0.0,Morton,241.0,0,0,0,0,0,0,0,0,0,0,0,0,0,0.0,0.0,0.0,0.0,0,0.00,0.00,0.00,0.00,558,223,552,227,528,218,560,225,,,,,,,0.0,0.0,0.0,0.0,0.0,0.0,514,302,517,190,565,228,391,137,0.0,0.0
405,0.0,0.0,197464,0,0,0,0,0,2,0.0,0.0,0,Nathaniel,0.0,332,False,Loaned to Derby County,2024-08-31T06:18:33.693343Z,40,197464.jpg,0.0,Phillips,0.1,False,,u,12,14,0,4026,0,16171,7,0.0,0.0,N.Phillips,,0,0,0,0,0,0,0,0,0,0,0,0,0,0.0,0.0,0.0,0.0,0,0.00,0.00,0.00,0.00,481,168,460,166,422,149,483,168,,,,,,,0.0,0.0,0.0,0.0,0.0,0.0,612,172,409,142,487,166,468,169,0.0,0.0
406,100.0,100.0,441428,0,0,-6,6,0,2,1.2,1.2,0,Jarell,0.2,333,False,,2024-08-23T09:30:06.099816Z,39,441428.jpg,1.0,Quansah,1.2,False,,a,12,14,2,107346,920,568419,201,0.1,0.5,Quansah,241.0,62,0,0,0,0,0,0,0,0,0,0,0,8,17.2,1.1,0.0,1.8,1,0.00,0.01,0.01,0.90,388,136,411,146,396,135,424,144,,,,,,,0.0,0.0,0.01,0.01,1.31,0.0,683,223,323,97,363,118,193,76,1.45,0.0
407,0.0,0.0,219937,0,0,0,0,0,2,0.0,0.0,0,Rhys,0.0,334,False,Loaned to Morecambe,2024-08-22T11:18:16.485954Z,40,219937.jpg,0.0,Williams,0.1,False,,u,12,14,0,828,0,13294,4,0.0,0.0,R.Williams,,0,0,0,0,0,0,0,0,0,0,0,0,0,0.0,0.0,0.0,0.0,0,0.00,0.00,0.00,0.00,487,171,466,169,428,152,489,171,,,,,,,0.0,0.0,0.0,0.0,0.0,0.0,619,176,415,145,492,168,498,181,0.0,0.0
408,,,122798,0,0,-1,1,0,2,4.8,4.8,0,Andrew,3.8,335,False,,,59,122798.jpg,3.8,Robertson,5.7,False,,a,12,14,46,827750,3065,762279,491,0.6,7.8,Robertson,243.0,935,0,0,6,7,0,0,0,1,0,0,2,209,146.0,290.9,86.0,52.2,11,0.43,1.67,2.10,9.48,179,70,30,4,142,22,86,15,2.0,,,,,,0.04,0.0,0.16,0.2,0.91,0.67,82,7,42,8,62,11,68,24,1.06,0.58
409,,,424876,0,0,-2,2,0,3,4.5,4.5,0,Dominik,3.5,336,False,,,63,424876.jpg,3.1,Szoboszlai,1.6,False,,a,12,14,40,233557,377,326286,236,0.6,6.3,Szoboszlai,98.0,924,1,2,5,6,0,0,0,3,0,0,4,195,162.0,310.2,191.0,66.5,10,1.90,1.73,3.63,8.65,162,61,24,20,63,39,46,31,,,,,,,0.19,0.0,0.17,0.36,0.84,0.58,56,34,49,25,113,52,165,48,0.97,0.49
410,25.0,25.0,214285,0,0,-4,4,0,2,0.2,0.2,0,Konstantinos,0.0,337,False,Knock - 25% chance of playing,2024-11-25T09:30:07.571904Z,46,214285.jpg,2.2,Tsimikas,0.2,False,,d,12,14,13,22749,3,51789,136,0.0,2.8,Tsimikas,83.0,228,0,0,1,1,0,0,0,0,0,0,1,68,61.0,53.2,19.0,13.5,2,0.08,0.59,0.67,2.00,303,106,234,64,298,91,303,99,3.0,,,,,,0.03,0.0,0.23,0.26,0.79,0.39,350,49,613,224,212,67,358,129,0.79,0.39
411,,,97032,0,0,4,-4,0,2,4.2,4.2,0,Virgil,3.2,339,True,,,64,97032.jpg,4.8,van Dijk,24.6,False,,a,12,14,63,1759445,9684,696607,813,0.5,9.8,Virgil,152.0,1170,1,1,7,8,0,0,0,1,0,0,3,266,312.8,69.9,130.0,51.2,13,0.81,0.29,1.10,11.47,32,9,202,53,100,9,89,18,,,3.0,,,,0.06,0.0,0.02,0.08,0.88,0.62,48,2,58,12,22,1,11,4,1.0,0.54
412,75.0,75.0,223541,0,0,-2,2,0,3,0.8,0.8,0,Federico,0.0,636,False,Lack of match fitness - 75% chance of playing,2024-10-02T00:30:05.860798Z,68,223541.jpg,1.0,Chiesa,0.1,False,,d,12,14,1,44252,4,44482,19,0.0,0.1,Chiesa,106.0,18,0,0,0,0,0,0,0,0,0,0,0,-1,0.2,0.9,15.0,1.6,0,0.16,0.08,0.24,0.55,458,222,417,216,311,171,431,208,,,,,,,0.8,0.0,0.4,1.2,2.75,0.0,34,17,684,311,433,216,412,146,0.0,0.0
413,,,432987,0,0,0,0,0,1,1.0,1.0,0,Vítezslav,0.0,660,False,,,40,432987.jpg,1.0,Jaros,0.2,False,,a,12,14,1,33993,18,14547,74,0.0,0.2,Jaros,57.0,11,0,0,0,0,0,0,0,0,0,1,0,6,8.8,0.0,0.0,0.9,0,0.00,0.00,0.00,0.14,417,33,473,30,435,21,441,33,,,,,,,0.0,8.18,0.0,0.0,1.15,0.0,629,59,423,43,369,32,350,51,0.0,0.0
414,,,464353,0,0,0,0,0,1,1.0,1.0,0,Harvey,0.0,669,False,,,40,464353.jpg,0.0,Davies,0.0,False,,a,12,14,0,701,5,295,2,0.0,0.0,Davies,241.0,0,0,0,0,0,0,0,0,0,0,0,0,0,0.0,0.0,0.0,0.0,0,0.00,0.00,0.00,0.00,504,58,484,37,446,28,506,58,,,,,,,0.0,0.0,0.0,0.0,0.0,0.0,641,66,434,50,509,58,640,70,0.0,0.0
415,,,591386,0,0,0,0,0,3,1.0,1.0,0,Treymaurice,0.0,688,False,,,45,591386.jpg,0.0,Nyoni,0.0,False,,a,12,14,0,59,4,4,0,0.0,0.0,Nyoni,,0,0,0,0,0,0,0,0,0,0,0,0,0,0.0,0.0,0.0,0.0,0,0.00,0.00,0.00,0.00,638,281,634,285,616,278,640,283,,,,,,,0.0,0.0,0.0,0.0,0.0,0.0,469,291,607,256,643,285,690,314,0.0,0.0
416,100.0,100.0,211975,0,0,-1,1,0,2,0.8,0.8,0,Manuel,-0.2,340,False,,2024-11-11T16:00:06.698259Z,54,211975.jpg,2.0,Akanji,3.6,False,,a,13,43,22,357779,171,506246,658,0.0,4.1,Akanji,207.0,961,0,0,2,15,0,0,0,3,0,0,0,135,180.4,171.3,36.0,38.9,11,0.21,0.88,1.09,15.06,146,60,84,18,245,72,143,35,,,,,,,0.02,0.0,0.08,0.1,1.41,1.4,133,14,690,229,240,73,92,35,1.03,0.19
417,100.0,100.0,126184,0,0,-2,2,0,2,1.2,1.2,0,Nathan,0.2,341,False,,2024-11-11T16:00:06.714265Z,53,126184.jpg,0.8,Aké,1.0,False,,a,13,43,3,42731,189,224645,91,0.0,0.6,Aké,152.0,209,0,0,0,6,0,0,0,0,0,0,0,14,35.0,10.3,11.0,5.6,2,0.11,0.06,0.17,6.94,350,122,355,115,326,106,372,122,,,,,,,0.05,0.0,0.03,0.08,2.99,2.58,147,17,369,121,449,148,208,84,0.86,0.0
418,,,165809,0,0,-2,2,0,3,2.0,2.0,0,Bernardo,1.0,342,False,,,63,165809.jpg,2.8,Veiga de Carvalho e Silva,3.6,False,,a,13,43,36,744232,193,902429,984,0.2,5.7,Bernardo,173.0,1014,0,3,2,18,0,0,0,3,0,0,4,201,187.0,397.3,310.0,89.3,11,1.54,2.17,3.71,16.80,134,48,9,8,26,13,15,12,,,,,,,0.14,0.0,0.19,0.33,1.49,1.6,51,29,239,123,147,63,91,27,0.98,0.18
419,0.0,0.0,477555,0,0,-3,3,0,3,0.0,0.0,0,Oscar,0.0,343,False,Leg injury - Expected back 14 Dec,2024-08-14T22:30:05.558994Z,47,477555.jpg,0.0,Bobb,0.1,False,,i,13,43,0,2434,3,28682,3,0.0,0.0,Bobb,161.0,0,0,0,0,0,0,0,0,0,0,0,0,0,0.0,0.0,0.0,0.0,0,0.00,0.00,0.00,0.00,645,287,641,290,625,283,646,288,,,,,,,0.0,0.0,0.0,0.0,0.0,0.0,340,221,617,264,649,290,495,187,0.0,0.0
420,,,17601,0,0,0,0,0,1,1.0,1.0,0,Scott,0.0,344,False,,,40,17601.jpg,0.0,Carson,0.2,False,,a,13,43,0,12187,14,12605,26,0.0,0.0,Carson,241.0,0,0,0,0,0,0,0,0,0,0,0,0,0,0.0,0.0,0.0,0.0,0,0.00,0.00,0.00,0.00,465,35,443,12,403,3,467,35,,,,,,,0.0,0.0,0.0,0.0,0.0,0.0,587,41,391,26,472,35,365,52,0.0,0.0
421,100.0,100.0,61366,0,0,-1,1,1,3,1.5,1.5,0,Kevin,0.5,345,False,,2024-09-18T23:00:07.299083Z,94,61366.jpg,2.9,De Bruyne,3.9,False,,a,13,43,20,700851,162,1246519,444,0.1,2.1,De Bruyne,21.0,399,1,1,1,6,0,0,0,2,0,0,2,105,112.8,278.7,111.0,50.1,4,1.68,2.33,4.01,4.97,221,93,32,26,118,74,93,56,1.0,,1.0,,4.0,,0.38,0.0,0.53,0.91,1.12,1.35,6,5,318,162,134,57,88,26,0.9,0.23
422,100.0,100.0,248875,0,0,-3,3,0,3,1.2,1.2,0,Jérémy,0.2,346,False,,2024-11-13T14:30:08.065449Z,62,248875.jpg,2.6,Doku,1.5,False,,a,13,43,23,345107,154,582473,162,0.0,3.7,Doku,21.0,436,1,1,1,7,0,0,0,0,0,0,0,129,123.2,165.3,158.0,44.7,5,0.48,1.08,1.56,5.09,212,87,89,67,86,52,119,67,,,,,,,0.1,0.0,0.22,0.32,1.05,1.44,69,45,378,186,172,74,178,53,1.03,0.21
423,,,121160,0,0,0,0,0,1,1.5,1.5,0,Ederson,0.5,347,False,,,55,121160.jpg,2.8,Santana de Moraes,7.4,False,,a,13,43,33,551721,234,649826,1696,0.1,6.0,Ederson M.,30.0,1080,0,1,2,17,0,0,0,3,0,28,2,123,263.0,10.0,0.0,27.2,12,0.00,0.01,0.01,15.83,62,14,361,6,677,71,218,14,,,,,,,0.0,2.33,0.0,0.0,1.32,1.42,109,1,311,23,144,23,56,11,1.0,0.17
424,100.0,100.0,209244,0,0,-4,4,0,3,2.2,2.2,0,Phil,1.2,348,False,,2024-11-12T14:30:07.976041Z,91,209244.jpg,1.9,Foden,4.6,False,,a,13,43,19,695469,170,1993706,853,0.1,2.1,Foden,241.0,628,0,1,1,11,0,0,0,1,0,0,0,108,73.0,295.9,128.0,49.8,6,1.38,2.83,4.21,13.66,279,129,28,24,101,63,97,57,3.0,,,,,,0.2,0.0,0.41,0.61,1.96,1.58,7,6,218,111,258,121,80,24,0.86,0.14
425,100.0,100.0,114283,0,0,-1,1,0,3,1.5,1.5,0,Jack,0.5,349,False,,2024-10-24T16:00:07.517717Z,64,114283.jpg,1.9,Grealish,0.2,False,,a,13,43,17,34900,30,42436,23,0.1,2.7,Grealish,241.0,370,0,1,0,5,0,0,0,2,0,0,3,96,79.0,216.6,136.0,43.2,4,0.54,1.10,1.64,6.04,270,123,53,43,93,57,124,71,6.0,,,,,,0.13,0.0,0.27,0.4,1.47,1.22,49,28,317,161,257,120,360,123,0.97,0.0
426,100.0,100.0,477424,0,0,2,-2,2,2,1.2,1.2,0,Joško,0.2,350,False,,2024-10-31T02:30:07.426838Z,62,477424.jpg,4.2,Gvardiol,26.6,False,,a,13,43,50,2288609,725,2764808,8766,0.0,8.1,Gvardiol,97.0,1032,3,0,2,16,0,0,0,0,0,0,7,201,335.2,287.6,213.0,83.7,11,0.94,1.78,2.72,14.82,22,5,31,5,54,2,24,1,,,,,,,0.08,0.0,0.16,0.24,1.29,1.4,72,4,380,125,44,5,9,2,0.96,0.17
427,100.0,100.0,223094,0,0,0,0,3,4,3.2,3.2,0,Erling,2.2,351,True,,2024-09-13T15:00:06.985607Z,150,223094.jpg,6.6,Haaland,46.5,False,,a,13,43,86,2780205,550,3545518,13925,0.1,5.7,Haaland,161.0,1169,12,0,2,19,0,0,0,2,0,0,14,384,462.0,103.7,832.0,140.0,13,11.99,0.45,12.44,19.18,5,1,157,18,1,1,3,1,,,3.0,,1.0,,0.92,0.0,0.03,0.95,1.48,1.46,1,1,117,19,4,1,3,1,1.0,0.15
428,0.0,0.0,461358,0,0,0,0,0,4,0.0,0.0,0,Julián,0.0,352,False,Transferred to Atletico Madrid,2024-08-13T07:07:51.627006Z,70,461358.jpg,0.0,Álvarez,0.1,False,,u,13,43,0,0,0,28960,4,0.0,0.0,J.Alvarez,,0,0,0,0,0,0,0,0,0,0,0,0,0,0.0,0.0,0.0,0.0,0,0.00,0.00,0.00,0.00,689,74,689,74,689,74,689,74,,,,,,,0.0,0.0,0.0,0.0,0.0,0.0,27,12,685,74,688,74,449,62,0.0,0.0
429,0.0,0.0,121145,0,0,-2,2,0,2,0.0,0.0,0,João,0.0,353,False,Permanent transfer to Saudi club Al-Hilal,2024-08-29T11:05:25.670531Z,53,121145.jpg,0.0,Cavaco Cancelo,0.2,False,,u,13,43,0,4654,0,76974,15,0.0,0.0,João Cancelo,,0,0,0,0,0,0,0,0,0,0,0,0,0,0.0,0.0,0.0,0.0,0,0.00,0.00,0.00,0.00,677,229,675,229,670,229,677,229,,,,,,,0.0,0.0,0.0,0.0,0.0,0.0,146,16,664,228,676,228,347,125,0.0,0.0
430,0.0,0.0,91651,-1,1,-1,1,2,3,0.0,0.0,0,Mateo,0.8,354,False,Unknown - Expected back 21 Dec,2024-11-22T17:30:09.194248Z,54,91651.jpg,4.1,Kovačić,1.6,False,,i,13,43,45,674752,6,643164,1407,0.1,8.3,Kovačić,97.0,878,3,1,2,13,0,0,0,3,0,0,8,225,245.4,243.7,104.0,59.3,10,0.98,1.27,2.24,13.28,72,24,43,34,126,81,71,44,,,,,,,0.1,0.0,0.13,0.23,1.36,1.33,127,77,263,135,46,22,155,46,1.03,0.21
431,,,477064,0,0,2,-2,0,2,1.2,1.2,0,Rico,0.2,355,False,,,47,477064.jpg,2.6,Lewis,11.7,False,,a,13,43,31,2314259,637,1252503,2408,0.0,6.6,Lewis,241.0,923,0,2,2,14,0,0,0,2,0,0,1,123,145.8,119.6,82.0,34.7,11,0.84,0.57,1.41,15.31,181,71,133,26,149,27,166,43,,,,,,,0.08,0.0,0.06,0.14,1.49,1.37,339,45,351,117,163,46,32,11,1.07,0.2
432,100.0,100.0,465351,0,0,-1,1,0,3,1.5,1.5,0,Matheus Luiz,0.5,356,False,,2024-11-11T16:00:06.757704Z,49,465351.jpg,2.0,Nunes,0.2,False,,a,13,43,18,66204,32,50860,152,0.1,3.7,Matheus N.,173.0,346,0,2,1,5,0,0,0,1,0,0,0,76,82.2,139.7,66.0,28.9,4,0.10,1.26,1.36,7.01,266,120,114,84,186,111,206,105,5.0,,,,,,0.03,0.0,0.33,0.36,1.82,1.3,278,182,301,150,234,104,344,118,1.04,0.26
433,,,432714,0,0,-3,3,0,3,1.0,1.0,0,James,0.0,357,False,,,47,432714.jpg,1.0,McAtee,0.0,False,,a,13,43,1,3649,2,9199,6,0.0,0.2,McAtee,241.0,1,0,0,0,0,0,0,0,0,0,0,0,3,0.2,1.0,2.0,0.3,0,0.00,0.02,0.02,0.00,456,220,415,215,385,208,454,221,,,,,,,0.0,0.0,1.8,1.8,0.0,0.0,336,218,616,263,403,193,537,215,0.0,0.0
434,,,88248,0,0,-3,3,0,1,1.5,1.5,0,Stefan,0.5,358,False,,,52,88248.jpg,2.0,Ortega Moreno,0.5,False,,a,13,43,2,7012,82,45458,42,0.1,0.4,Ortega Moreno,80.0,90,0,0,0,2,0,0,0,0,0,5,0,11,35.2,0.0,0.0,3.5,1,0.00,0.00,0.00,3.35,349,29,674,70,668,68,393,29,,,,,,,0.0,5.0,0.0,0.0,3.35,2.0,160,4,307,22,235,29,251,37,1.0,0.0
435,0.0,0.0,220566,0,0,-2,2,0,3,0.0,0.0,0,Rodrigo 'Rodri',0.0,360,False,Knee injury - Expected back 01 Jun,2024-09-22T22:00:05.633631Z,63,220566.jpg,1.0,Hernandez,0.9,False,,i,13,43,2,38861,4,412514,61,0.0,0.3,Rodrigo,200.0,65,0,0,0,0,0,0,0,0,0,0,0,18,10.8,17.1,0.0,2.8,1,0.00,0.09,0.09,0.04,407,195,325,187,684,311,402,197,,,,,,,0.0,0.0,0.12,0.12,0.06,0.0,53,31,679,307,432,215,217,68,1.38,0.0
436,100.0,100.0,171314,0,0,-1,1,0,2,1.2,1.2,0,Rúben,0.2,361,False,,2024-11-01T17:00:08.011314Z,54,171314.jpg,2.0,Gato Alves Dias,2.8,False,,a,13,43,20,282145,359,466378,242,0.0,3.7,Rúben,173.0,816,0,0,2,10,1,0,0,3,0,0,1,106,170.6,112.3,63.0,34.7,9,0.64,0.69,1.33,11.42,155,63,142,30,195,46,167,44,,,,,,,0.07,0.0,0.08,0.15,1.26,1.1,131,13,370,122,239,72,110,46,0.99,0.22
437,0.0,0.0,97299,0,0,-2,2,1,2,0.0,0.0,0,John,0.0,362,False,Foot injury - Expected back 15 Dec,2024-12-03T13:00:08.353446Z,53,97299.jpg,2.9,Stones,1.6,False,,i,13,43,20,185067,8,285353,1210,0.0,3.8,Stones,241.0,283,2,0,0,5,0,0,0,1,0,0,1,56,97.6,21.0,70.0,18.7,3,0.60,0.12,0.72,3.13,246,91,315,101,181,41,272,89,,,,,,,0.19,0.0,0.04,0.23,1.0,1.59,145,15,663,227,131,36,162,63,0.95,0.0
438,100.0,100.0,58621,0,0,-3,3,0,2,1.5,1.5,0,Kyle,0.5,363,False,,2024-10-20T21:30:07.137600Z,52,58621.jpg,1.0,Walker,3.5,False,,a,13,43,9,149274,288,770139,325,0.1,1.7,Walker,241.0,647,0,0,0,15,0,0,0,1,0,0,0,57,111.6,136.0,29.0,27.7,7,0.12,1.26,1.38,14.27,224,83,120,23,264,79,214,64,,,,,,,0.02,0.0,0.18,0.2,1.99,2.09,158,19,306,94,422,139,96,39,0.97,0.0
439,100.0,100.0,510281,0,0,0,0,0,3,2.5,2.5,0,Sávio 'Savinho',1.5,571,False,,2024-10-31T02:30:07.756984Z,65,510281.jpg,3.2,Moreira de Oliveira,1.1,False,,a,13,43,32,483394,105,457238,420,0.2,4.9,Sávio,30.0,631,0,3,2,9,0,0,0,2,0,0,6,146,137.4,313.3,232.0,68.3,8,1.80,2.94,4.74,7.24,194,74,22,18,43,26,42,28,4.0,,4.0,,,,0.26,0.0,0.42,0.68,1.03,1.28,47,27,186,91,96,44,201,60,1.14,0.29
440,100.0,100.0,472769,0,0,-1,1,0,3,1.0,1.0,0,Nico,0.0,607,False,,2024-11-13T15:30:08.718593Z,49,472769.jpg,0.0,O'Reilly,0.0,False,,a,13,43,0,1036,1,1552,0,0.0,0.0,O’Reilly,241.0,0,0,0,0,0,0,0,0,0,0,0,0,0,0.0,0.0,0.0,0.0,0,0.00,0.00,0.00,0.00,658,296,652,296,645,293,658,296,,,,,,,0.0,0.0,0.0,0.0,0.0,0.0,279,183,639,281,658,296,613,265,0.0,0.0
441,,,59859,0,0,0,0,0,3,2.5,2.5,0,Ilkay,1.5,625,False,,,65,59859.jpg,2.0,Gündogan,0.5,False,,a,13,43,24,128396,61,102380,188,0.2,3.7,Gündogan,80.0,770,0,1,1,14,0,0,0,0,0,0,0,138,103.8,302.3,119.0,52.4,9,1.36,1.35,2.70,15.33,236,101,25,21,107,67,85,53,2.0,,2.0,,,,0.16,0.0,0.16,0.32,1.79,1.64,42,22,185,90,242,109,253,80,1.05,0.12
442,0.0,0.0,476369,0,0,0,0,0,2,0.0,0.0,0,Issa,0.0,626,False,Loaned to Benfica,2024-09-05T10:37:05.659734Z,45,476369.jpg,0.0,Kaboré,0.0,False,,u,13,43,0,491,0,730,1,0.0,0.0,Kaboré,,0,0,0,0,0,0,0,0,0,0,0,0,0,0.0,0.0,0.0,0.0,0,0.00,0.00,0.00,0.00,597,226,592,226,572,221,599,226,,,,,,,0.0,0.0,0.0,0.0,0.0,0.0,410,80,559,221,603,225,655,220,0.0,0.0
443,,,516250,0,0,0,0,0,3,1.0,1.0,0,Jacob,0.0,671,False,,,45,516250.jpg,0.0,Wright,0.0,False,,a,13,43,0,821,7,306,4,0.0,0.0,Wright,241.0,0,0,0,0,0,0,0,0,0,0,0,0,0,0.0,0.0,0.0,0.0,0,0.00,0.00,0.00,0.00,611,261,607,265,588,257,613,263,,,,,,,0.0,0.0,0.0,0.0,0.0,0.0,437,268,578,234,617,265,645,285,0.0,0.0
444,100.0,100.0,554194,0,0,0,0,0,2,1.0,1.0,0,Jahmai,0.0,672,False,,2024-11-13T15:30:08.805382Z,40,554194.jpg,0.0,Simpson-Pusey,0.0,False,,a,13,43,0,2240,13,738,5,0.0,0.0,Simpson-Pusey,241.0,90,0,0,0,2,0,0,0,1,0,0,0,4,18.2,1.8,0.0,2.0,1,0.00,0.01,0.01,2.29,383,134,401,138,470,177,417,139,,,,,,,0.0,0.0,0.01,0.01,2.29,2.0,667,207,459,172,533,193,604,205,1.0,0.0
445,,,447880,0,0,0,0,0,2,1.0,1.0,0,Josh,0.0,675,False,,,40,447880.jpg,0.0,Wilson-Esbrand,0.0,False,,a,13,43,0,741,8,272,8,0.0,0.0,Wilson-Esbrand,241.0,0,0,0,0,0,0,0,0,0,0,0,0,0,0.0,0.0,0.0,0.0,0,0.00,0.00,0.00,0.00,500,177,480,175,442,158,502,177,,,,,,,0.0,0.0,0.0,0.0,0.0,0.0,636,185,430,152,505,174,637,215,0.0,0.0
446,100.0,100.0,493250,0,0,0,0,0,3,6.2,5.2,0,Amad,6.2,364,False,,2024-11-08T18:30:07.952497Z,50,493250.jpg,4.2,Diallo,5.4,False,,a,14,1,46,844441,10001,633633,221,1.2,9.2,Amad,54.0,658,1,5,5,5,0,0,0,2,0,0,5,197,227.0,257.5,182.0,66.7,7,0.94,1.23,2.17,10.74,87,30,38,32,66,41,45,30,3.0,,,,,,0.13,0.0,0.17,0.3,1.47,0.68,225,142,8,6,42,20,70,21,0.96,0.68
447,100.0,100.0,467169,0,0,-3,3,0,3,0.0,-1.0,0,Antony Matheus,0.0,365,False,,2024-10-25T13:00:06.238324Z,57,467169.jpg,1.0,dos Santos,0.2,False,,a,14,1,2,14325,20,30136,27,0.0,0.4,Antony,30.0,27,0,0,0,1,0,0,0,0,0,0,0,6,7.2,11.3,10.0,2.8,0,0.15,0.05,0.20,0.74,423,204,348,197,331,180,401,196,,,,,,,0.5,0.0,0.17,0.67,2.47,3.33,97,62,676,305,428,212,362,124,0.0,0.0
448,100.0,100.0,141746,0,0,0,0,2,3,7.0,6.0,0,Bruno,7.0,366,False,,2024-09-29T21:00:06.390627Z,85,141746.jpg,4.7,Borges Fernandes,15.6,False,,a,14,1,61,1566069,4175,1887051,1993,0.8,7.2,B.Fernandes,173.0,1084,2,6,6,12,0,0,0,1,1,0,6,269,315.6,395.6,217.0,92.5,13,4.19,2.45,6.64,15.97,30,9,10,9,50,32,13,10,2.0,,1.0,,1.0,,0.35,0.0,0.2,0.55,1.33,1.0,9,7,6,4,27,12,27,8,1.08,0.5
449,,,451302,0,0,-2,2,0,1,0.0,-1.0,0,Altay,0.0,367,False,,,43,451302.jpg,0.0,Bayindir,0.1,False,,a,14,1,0,1827,6,6209,5,0.0,0.0,Bayindir,219.0,0,0,0,0,0,0,0,0,0,0,0,0,0,0.0,0.0,0.0,0.0,0,0.00,0.00,0.00,0.00,547,69,535,55,509,48,549,69,,,,,,,0.0,0.0,0.0,0.0,0.0,0.0,558,33,498,66,554,69,456,64,0.0,0.0
450,100.0,100.0,61256,0,0,-2,2,1,3,1.8,0.8,0,Carlos Henrique,1.8,368,False,,2024-11-10T23:00:08.039181Z,48,61256.jpg,2.4,Casimiro,0.7,False,,a,14,1,29,110918,107,109468,326,0.4,6.0,Casemiro,30.0,743,1,0,3,11,0,0,0,1,0,0,3,169,223.6,203.1,118.0,54.5,9,0.93,1.37,2.30,13.32,93,34,63,51,109,68,77,47,,,,,,,0.11,0.0,0.17,0.28,1.61,1.33,290,189,149,68,192,82,232,74,1.09,0.36
451,,,216051,0,0,2,-2,2,2,2.2,1.2,0,Diogo,2.2,369,False,,,52,216051.jpg,3.6,Dalot Teixeira,11.0,False,,a,14,1,47,1140655,2024,878687,1393,0.4,9.0,Dalot,173.0,1136,0,1,5,13,0,0,0,3,0,0,6,202,219.8,144.9,65.0,42.9,13,0.60,1.05,1.65,19.32,99,35,109,22,188,43,126,31,,,,,,,0.05,0.0,0.08,0.13,1.53,1.03,168,20,109,31,70,14,35,13,1.03,0.4
452,100.0,100.0,80607,0,0,-1,1,0,3,0.8,-0.2,0,Christian,0.8,370,False,,2024-11-01T10:30:06.566158Z,54,80607.jpg,1.8,Eriksen,0.2,False,,a,14,1,16,20793,27,28899,58,0.1,3.0,Eriksen,58.0,505,0,0,3,4,0,0,0,2,0,0,0,97,75.4,226.3,20.0,32.2,6,0.12,1.08,1.20,8.79,275,126,46,37,292,164,183,98,1.0,,4.0,,,,0.02,0.0,0.19,0.21,1.57,0.71,126,76,262,134,270,126,367,127,1.07,0.53
453,100.0,100.0,37642,0,0,-1,1,1,2,0.5,-0.5,0,Jonny,0.5,371,False,,2024-10-25T13:00:06.277059Z,44,37642.jpg,2.3,Evans,0.1,False,,a,14,1,14,8037,19,12548,28,0.1,3.2,Evans,242.0,288,0,0,1,2,0,0,0,1,0,0,3,62,51.0,4.1,6.0,6.1,3,0.08,0.02,0.10,2.62,320,109,386,132,349,118,364,119,,,,,,,0.02,0.0,0.01,0.03,0.82,0.62,476,86,282,84,201,59,431,156,0.94,0.31
454,100.0,100.0,493105,-1,1,-2,2,1,3,2.2,1.2,0,Alejandro,2.2,372,False,,2024-10-07T15:30:06.108745Z,63,493105.jpg,3.3,Garnacho,9.5,False,,a,14,1,43,1089552,542,1859738,4607,0.3,6.8,Garnacho,10.0,821,3,1,2,12,0,0,0,1,0,0,3,134,190.2,154.7,371.0,71.3,8,3.80,0.55,4.35,14.79,131,47,98,72,14,8,37,26,,,,,,,0.42,0.0,0.06,0.48,1.62,1.32,58,36,114,52,86,38,43,10,0.88,0.22
455,0.0,0.0,465527,0,0,0,0,0,3,0.0,0.0,0,Hannibal,0.0,373,False,Permanent move to Burnley,2024-08-30T09:47:42.727251Z,45,465527.jpg,0.0,Mejbri,0.0,False,,u,14,1,0,1740,0,11087,3,0.0,0.0,Hannibal,,0,0,0,0,0,0,0,0,0,0,0,0,0,0.0,0.0,0.0,0.0,0,0.00,0.00,0.00,0.00,594,247,589,251,568,243,596,249,,,,,,,0.0,0.0,0.0,0.0,0.0,0.0,405,245,556,216,600,251,536,214,0.0,0.0
456,,,21205,0,0,0,0,0,1,0.0,-1.0,0,Tom,0.0,374,False,,,40,21205.jpg,0.0,Heaton,0.2,False,,a,14,1,0,10365,5,11847,21,0.0,0.0,Heaton,241.0,0,0,0,0,0,0,0,0,0,0,0,0,0,0.0,0.0,0.0,0.0,0,0.00,0.00,0.00,0.00,467,37,445,14,405,5,469,37,,,,,,,0.0,0.0,0.0,0.0,0.0,0.0,589,43,393,28,474,37,343,50,0.0,0.0
457,100.0,100.0,497894,0,0,-1,1,0,4,0.8,-0.2,0,Rasmus,0.8,375,False,,2024-08-05T15:00:04.427374Z,69,497894.jpg,2.8,Højlund,1.5,False,,a,14,1,22,251373,609,184696,699,0.1,3.2,Højlund,58.0,436,1,1,2,5,0,0,0,0,0,0,2,74,54.0,74.2,72.0,19.8,5,0.93,0.17,1.10,7.91,315,30,194,25,177,32,261,30,,,,,,,0.19,0.0,0.04,0.23,1.63,1.03,30,14,273,34,149,24,172,32,1.03,0.41
458,50.0,50.0,184667,0,0,-2,2,0,2,0.0,-0.5,0,Victor,0.0,376,False,Groin Injury - 50% chance of playing,2024-11-21T08:30:09.218875Z,43,184667.jpg,0.8,Lindelöf,0.1,False,,d,14,1,3,2615,1,15489,15,0.0,0.7,Lindelof,206.0,58,0,0,0,1,0,0,0,1,0,0,0,7,16.0,15.5,4.0,3.6,0,0.00,0.04,0.04,1.38,394,139,330,105,361,122,392,132,,,,,,,0.0,0.0,0.06,0.06,2.14,1.55,547,126,494,197,439,145,463,166,0.0,0.0
459,100.0,100.0,95658,0,0,-1,1,0,2,0.2,-0.8,0,Harry,0.2,377,False,,2024-10-06T22:00:07.722929Z,49,95658.jpg,1.5,Maguire,0.4,False,,a,14,1,9,26284,30,64385,29,0.0,1.8,Maguire,241.0,274,0,0,1,1,0,0,0,3,0,0,0,41,45.0,15.0,10.0,7.0,3,0.04,0.02,0.06,2.72,331,113,333,107,330,110,352,113,,,,,,,0.01,0.0,0.01,0.02,0.89,0.33,241,25,357,118,316,106,277,103,0.99,0.33
460,0.0,0.0,516895,0,0,-3,3,0,3,0.0,0.0,0,Kobbie,0.5,378,False,Suspended until 07 Dec,2024-12-02T00:00:08.519876Z,52,516895.jpg,1.9,Mainoo,2.0,False,,s,14,1,15,128223,12,568823,308,0.1,2.9,Mainoo,241.0,650,0,0,5,6,0,0,0,5,0,0,0,103,80.2,65.8,30.0,17.8,8,0.16,0.63,0.79,9.10,268,122,209,128,258,144,279,140,,,,,,,0.02,0.0,0.09,0.11,1.26,0.83,172,104,308,155,253,116,138,42,1.11,0.69
461,100.0,100.0,222690,0,0,-1,1,0,2,0.0,-1.0,0,Tyrell,0.0,379,False,,2024-08-05T15:00:04.439521Z,44,222690.jpg,0.0,Malacia,0.0,False,,a,14,1,0,735,15,1225,3,0.0,0.0,Malacia,152.0,0,0,0,0,0,0,0,0,0,0,0,0,0,0.0,0.0,0.0,0.0,0,0.00,0.00,0.00,0.00,556,217,546,216,520,210,558,217,,,,,,,0.0,0.0,0.0,0.0,0.0,0.0,497,104,511,210,563,216,629,211,0.0,0.0
462,0.0,0.0,221820,0,0,-1,1,0,2,0.0,0.0,0,Lisandro,2.8,380,False,Suspended until 07 Dec,2024-12-02T00:00:08.536263Z,44,221820.jpg,3.1,Martínez,3.7,False,,s,14,1,34,254400,144,444752,1561,0.6,7.7,Martinez,10.0,976,0,0,5,12,0,0,0,5,0,0,1,164,189.8,51.9,81.0,32.3,11,0.81,0.32,1.13,17.35,132,52,239,65,153,28,182,50,,,,,,,0.07,0.0,0.03,0.1,1.6,1.11,496,103,69,16,98,23,90,34,1.01,0.46
463,0.0,0.0,195851,0,0,-1,1,0,3,0.0,0.0,0,Scott,0.0,381,False,Transferred to Napoli,2024-08-31T06:16:49.087133Z,49,195851.jpg,1.0,McTominay,0.2,False,,u,14,1,2,6691,0,91817,11,0.0,0.4,McTominay,,17,0,0,0,1,0,0,0,0,0,0,0,4,3.2,0.3,5.0,0.9,0,0.07,0.00,0.07,0.66,442,212,427,221,358,195,442,214,,,,,,,0.37,0.0,0.0,0.37,3.49,5.29,258,166,631,274,414,201,399,141,0.0,0.0
464,100.0,100.0,184341,0,0,-2,2,0,3,0.5,-0.5,0,Mason,0.5,382,False,,2024-09-29T21:00:06.460180Z,63,184341.jpg,1.0,Mount,0.1,False,,a,14,1,5,5442,19,23137,29,0.1,0.8,Mount,241.0,158,0,0,1,3,0,0,0,2,0,0,0,10,20.6,49.2,42.0,11.3,2,0.39,0.04,0.43,3.46,379,178,247,151,234,130,317,155,,,,,,,0.22,0.0,0.02,0.24,1.97,1.71,52,30,316,160,431,214,427,154,1.14,0.57
465,,,202641,0,0,2,-2,0,1,4.5,3.5,0,André,4.5,383,True,,,52,202641.jpg,4.8,Onana,9.8,False,,a,14,1,62,815806,4162,480597,740,0.9,11.9,Onana,38.0,1170,0,0,6,13,0,1,0,0,0,35,5,239,317.0,13.0,0.0,33.0,13,0.00,0.19,0.19,19.36,28,9,339,1,669,69,180,9,,,,,,,0.0,2.69,0.01,0.01,1.49,1.0,167,5,24,3,21,3,41,9,1.0,0.46
466,0.0,0.0,488404,0,0,0,0,0,3,0.0,0.0,0,Facundo,0.0,384,False,Transferred to Panathinaikos,2024-08-22T11:21:35.952901Z,50,488404.jpg,0.0,Pellistri Rebollo,0.0,False,,u,14,1,0,61,0,1859,0,0.0,0.0,Pellistri,,0,0,0,0,0,0,0,0,0,0,0,0,0,0.0,0.0,0.0,0.0,0,0.00,0.00,0.00,0.00,671,304,667,304,662,302,671,304,,,,,,,0.0,0.0,0.0,0.0,0.0,0.0,223,141,657,294,671,304,646,286,0.0,0.0
467,,,176297,1,-1,0,0,1,3,5.8,4.8,0,Marcus,5.8,385,False,,,70,176297.jpg,4.0,Rashford,4.9,False,,a,14,1,52,564318,8204,541916,327,0.8,7.4,Rashford,241.0,913,4,1,5,8,0,0,0,2,0,0,3,177,226.6,219.1,192.0,63.9,12,1.57,1.29,2.86,13.25,90,32,50,40,62,38,54,35,,,2.0,,3.0,,0.15,0.0,0.13,0.28,1.31,0.79,26,15,10,7,54,24,77,23,1.18,0.49
468,100.0,100.0,106760,0,0,-1,1,0,2,0.5,-0.5,0,Luke,0.5,387,False,,2024-08-14T22:30:05.635756Z,49,106760.jpg,1.0,Shaw,0.2,False,,a,14,1,2,4479,42,60439,84,0.1,0.4,Shaw,241.0,68,0,0,0,0,0,0,0,0,0,0,0,19,16.6,2.6,0.0,2.0,0,0.00,0.01,0.01,0.50,392,138,394,137,635,227,420,142,,,,,,,0.0,0.0,0.01,0.01,0.66,0.0,242,26,297,93,411,138,364,132,0.0,0.0
469,,,458249,0,0,-4,4,1,4,3.8,2.8,0,Joshua,3.8,389,False,,,66,458249.jpg,2.8,Zirkzee,1.8,False,,a,14,1,37,433027,1041,552766,160,0.6,5.6,Zirkzee,152.0,540,3,1,3,6,0,0,0,1,0,0,6,138,158.0,111.5,203.0,47.2,5,2.76,0.43,3.19,8.26,169,19,144,14,56,20,107,20,,,,,,,0.46,0.0,0.07,0.53,1.38,1.0,41,19,43,9,148,23,145,26,0.83,0.5
470,75.0,75.0,550864,0,0,-2,2,0,2,0.0,-0.8,0,Leny,0.0,572,False,Lack of match fitness - 75% chance of playing,2024-08-05T15:00:04.535911Z,43,550864.jpg,0.0,Yoro,0.1,False,,d,14,1,0,8352,132,16570,23,0.0,0.0,Yoro,73.0,0,0,0,0,0,0,0,0,0,0,0,0,0,0.0,0.0,0.0,0.0,0,0.00,0.00,0.00,0.00,551,212,539,211,514,205,553,212,,,,,,,0.0,0.0,0.0,0.0,0.0,0.0,566,143,503,204,558,211,428,154,0.0,0.0
471,,,209365,0,0,0,0,1,2,2.2,1.2,0,Matthijs,2.2,593,False,,,50,209365.jpg,2.9,de Ligt,5.1,False,,a,14,1,38,502496,763,482993,919,0.4,7.6,De Ligt,152.0,904,1,0,3,12,0,0,0,2,0,0,3,156,206.6,31.4,147.0,38.8,10,1.12,0.03,1.15,16.63,111,41,287,85,89,7,144,36,,,,,,,0.11,0.0,0.0,0.11,1.66,1.19,202,23,108,30,130,35,74,26,1.0,0.3
472,100.0,100.0,230001,0,0,2,-2,2,2,2.8,1.8,0,Noussair,2.8,594,False,,2024-10-27T22:30:07.983672Z,47,230001.jpg,3.2,Mazraoui,17.5,False,,a,14,1,42,2589142,3863,1272133,1444,0.6,8.9,Mazraoui,145.0,967,0,1,4,11,0,0,0,1,0,0,4,193,240.8,93.0,52.0,38.5,12,0.22,0.94,1.16,17.06,74,24,173,41,211,56,145,37,,,,,,,0.02,0.0,0.09,0.11,1.59,1.02,333,43,74,20,89,22,23,7,1.12,0.37
473,,,490881,0,0,0,0,0,3,0.0,-1.0,0,Toby,0.0,613,False,,,45,490881.jpg,1.0,Collyer,0.0,False,,a,14,1,1,9763,4,7530,16,0.0,0.2,Collyer,241.0,45,0,0,0,1,0,0,0,0,0,0,0,12,14.2,12.6,2.0,2.9,0,0.00,0.01,0.01,1.03,398,188,340,193,379,203,397,193,,,,,,,0.0,0.0,0.02,0.02,2.06,2.0,418,250,563,220,391,183,517,199,0.0,0.0
474,,,575034,0,0,0,0,0,4,0.0,-1.0,0,Ethan,0.0,648,False,,,45,575034.jpg,0.0,Wheatley,1.9,False,,a,14,1,0,393943,288,225732,550,0.0,0.0,Wheatley,241.0,0,0,0,0,0,0,0,0,0,0,0,0,0,0.0,0.0,0.0,0.0,0,0.00,0.00,0.00,0.00,632,56,628,56,609,54,634,56,,,,,,,0.0,0.0,0.0,0.0,0.0,0.0,461,72,600,55,637,58,140,24,0.0,0.0
475,100.0,100.0,232112,0,0,-1,1,0,3,1.2,0.2,0,Manuel,1.2,652,False,,2024-10-16T15:00:07.568257Z,49,232112.jpg,1.2,Ugarte,0.1,False,,a,14,1,10,21614,21,15560,59,0.2,2.0,Ugarte,230.0,335,0,0,1,3,0,0,0,2,0,0,0,47,54.8,37.3,6.0,9.5,3,0.01,0.05,0.06,5.42,311,148,274,166,356,193,332,166,,,,,,,0.0,0.0,0.01,0.01,1.46,0.81,269,175,206,103,354,173,448,164,0.81,0.27
476,,,547037,0,0,0,0,0,3,0.0,-1.0,0,Jack,0.0,667,False,,,45,547037.jpg,0.0,Fletcher,0.0,False,,a,14,1,0,699,4,363,1,0.0,0.0,Fletcher,241.0,0,0,0,0,0,0,0,0,0,0,0,0,0,0.0,0.0,0.0,0.0,0,0.00,0.00,0.00,0.00,622,271,618,275,599,267,624,273,,,,,,,0.0,0.0,0.0,0.0,0.0,0.0,450,278,590,244,628,275,648,287,0.0,0.0
477,,,577974,0,0,0,0,0,2,0.0,-1.0,0,Harry,0.0,670,False,,,40,577974.jpg,0.0,Amass,0.0,False,,a,14,1,0,1845,13,733,10,0.0,0.0,Amass,241.0,0,0,0,0,0,0,0,0,0,0,0,0,0,0.0,0.0,0.0,0.0,0,0.00,0.00,0.00,0.00,528,196,508,194,472,179,530,196,,,,,,,0.0,0.0,0.0,0.0,0.0,0.0,669,209,461,174,535,195,601,203,0.0,0.0
478,,,556639,0,0,0,0,0,3,0.0,-1.0,0,Jayce,0.0,673,False,,,45,556639.jpg,0.0,Fitzgerald,0.0,False,,a,14,1,0,197,4,74,4,0.0,0.0,Fitzgerald,241.0,0,0,0,0,0,0,0,0,0,0,0,0,0,0.0,0.0,0.0,0.0,0,0.00,0.00,0.00,0.00,627,274,623,278,604,270,629,276,,,,,,,0.0,0.0,0.0,0.0,0.0,0.0,456,282,595,248,632,278,676,305,0.0,0.0
479,,,545477,0,0,0,0,0,2,0.0,-1.0,0,Alex,0.0,390,False,,,40,545477.jpg,0.0,Murphy,0.9,False,,a,15,4,0,66997,45,72681,96,0.0,0.0,A.Murphy,104.0,0,0,0,0,0,0,0,0,0,0,0,0,0,0.0,0.0,0.0,0.0,0,0.00,0.00,0.00,0.00,525,193,505,191,468,175,527,193,4.0,,,,,,0.0,0.0,0.0,0.0,0.0,0.0,665,205,457,170,531,191,220,86,0.0,0.0
480,,,179018,0,0,-5,5,0,3,0.0,-1.0,0,Miguel,0.0,391,False,,,55,179018.jpg,1.2,Almirón Rejala,0.4,False,,a,15,4,6,35223,36,100137,63,0.0,1.1,Almirón,168.0,102,0,0,0,2,0,0,0,0,0,0,0,18,3.8,17.8,32.0,5.3,1,0.36,0.14,0.50,2.07,438,210,324,186,252,139,374,186,,,,,,,0.32,0.0,0.12,0.44,1.83,1.76,113,67,673,303,358,174,282,92,0.88,0.0
481,,,201666,0,0,-3,3,0,3,2.5,1.5,0,Harvey,2.5,392,False,,,62,201666.jpg,4.0,Barnes,2.2,False,,a,15,4,52,651333,266,510999,970,0.4,8.4,Barnes,241.0,604,4,1,1,9,0,0,0,0,0,0,9,170,200.4,136.4,193.0,53.1,5,1.73,1.41,3.14,10.59,118,41,118,87,61,37,81,50,,,,,,,0.26,0.0,0.21,0.47,1.58,1.34,61,39,95,46,53,23,132,40,0.75,0.15
482,0.0,0.0,220237,0,0,-1,1,0,2,0.0,0.0,0,Sven,0.0,393,False,Knee injury - Expected back 15 Jan,2024-07-17T13:30:05.022057Z,44,220237.jpg,0.0,Botman,0.0,False,,i,15,4,0,854,0,1745,1,0.0,0.0,Botman,152.0,0,0,0,0,0,0,0,0,0,0,0,0,0,0.0,0.0,0.0,0.0,0,0.00,0.00,0.00,0.00,555,216,545,215,519,209,557,216,,,,,,,0.0,0.0,0.0,0.0,0.0,0.0,495,102,510,209,562,215,623,208,0.0,0.0
483,100.0,100.0,208706,0,0,-4,4,0,3,1.5,0.5,0,Bruno,1.5,394,False,,2024-11-26T02:30:08.074203Z,61,208706.jpg,2.5,Guimarães Rodriguez Moura,1.6,False,,a,15,4,32,77690,85,269541,205,0.2,5.2,Bruno G.,30.0,1153,0,1,3,14,0,0,0,2,0,0,2,186,185.6,199.7,60.0,44.6,13,0.69,1.18,1.87,16.89,137,49,65,53,199,116,121,68,,,,,,,0.05,0.0,0.09,0.14,1.32,1.09,75,49,184,89,183,80,166,49,1.01,0.23
484,100.0,100.0,78916,0,0,-1,1,0,2,1.2,0.2,0,Dan,1.2,395,False,,2024-11-10T23:00:08.148381Z,44,78916.jpg,2.6,Burn,6.8,False,,a,15,4,31,383256,375,1262349,496,0.3,7.0,Burn,241.0,1080,0,0,3,12,1,0,0,5,0,0,4,129,197.2,26.7,96.0,32.1,12,0.57,0.23,0.80,16.32,125,49,299,91,131,18,184,51,,,,,,,0.05,0.0,0.02,0.07,1.36,1.0,479,89,191,55,159,43,58,20,1.0,0.25
485,100.0,100.0,67089,0,0,-3,3,0,1,0.0,-1.0,0,Martin,0.0,396,False,,2024-10-02T00:30:05.687323Z,42,67089.jpg,0.0,Dúbravka,0.5,False,,a,15,4,0,12251,15,85730,40,0.0,0.0,Dúbravka,194.0,0,0,0,0,0,0,0,0,0,0,0,0,0,0.0,0.0,0.0,0.0,0,0.00,0.00,0.00,0.00,537,64,519,45,486,36,539,64,,,,,,,0.0,0.0,0.0,0.0,0.0,0.0,570,36,473,57,544,64,257,39,0.0,0.0
486,100.0,100.0,232826,0,0,-3,3,0,3,2.2,1.2,0,Anthony,2.2,398,False,,2024-11-10T23:00:08.179603Z,72,232826.jpg,3.8,Gordon,7.9,False,,a,15,4,46,611269,570,2282364,1481,0.3,6.4,Gordon,241.0,987,2,2,4,10,0,0,1,1,0,0,5,185,196.4,379.3,276.0,85.3,12,4.13,2.07,6.20,13.59,127,44,11,10,34,19,19,16,3.0,,,,3.0,,0.38,0.0,0.19,0.57,1.24,0.91,22,14,116,53,63,28,51,14,1.09,0.36
487,,,487838,0,0,-1,1,0,2,1.2,0.2,0,Lewis,1.2,399,False,,,44,487838.jpg,2.7,Hall,6.5,False,,a,15,4,35,701245,1144,484847,577,0.3,8.0,Hall,241.0,965,0,1,3,10,0,0,0,3,0,0,2,174,249.4,245.2,43.0,54.0,10,0.10,1.65,1.75,12.70,69,22,41,8,230,66,78,13,2.0,,,,,,0.01,0.0,0.15,0.16,1.18,0.93,517,116,194,58,150,40,63,21,0.93,0.28
488,,,153127,0,0,0,0,0,3,0.0,-1.0,0,Isaac,0.0,400,False,,,45,153127.jpg,0.0,Hayden,0.1,False,,a,15,4,0,7237,6,8511,11,0.0,0.0,Hayden,107.0,0,0,0,0,0,0,0,0,0,0,0,0,0,0.0,0.0,0.0,0.0,0,0.00,0.00,0.00,0.00,573,233,568,237,547,229,575,235,,,,,,,0.0,0.0,0.0,0.0,0.0,0.0,364,229,534,202,579,237,469,174,0.0,0.0
489,75.0,75.0,219168,-1,1,-1,1,0,4,2.6,1.9,0,Alexander,3.5,401,False,Hip injury - 75% chance of playing,2024-11-30T22:00:07.827670Z,84,219168.jpg,4.5,Isak,15.6,False,,d,15,4,50,1594305,335,5680424,6864,0.4,6.0,Isak,206.0,876,4,2,2,12,0,0,0,0,0,0,8,169,216.2,145.4,354.0,70.9,11,4.98,0.89,5.87,13.53,104,14,108,7,19,11,38,9,,,3.0,,2.0,,0.51,0.0,0.09,0.6,1.39,1.23,10,3,51,11,34,12,26,8,1.13,0.21
490,100.0,100.0,114243,0,0,-6,6,0,3,0.2,-0.8,0,Jacob,0.2,402,False,,2024-10-31T02:30:07.555512Z,49,114243.jpg,2.0,Murphy,0.3,False,,a,15,4,20,29459,14,204279,49,0.0,4.1,J.Murphy,241.0,515,0,2,1,5,0,0,0,1,0,0,0,69,85.6,107.9,72.0,26.6,6,0.31,1.22,1.53,6.41,260,115,150,103,176,107,221,111,,,,,,,0.05,0.0,0.21,0.26,1.12,0.87,246,158,358,175,233,103,320,105,1.05,0.17
491,,,180974,0,0,0,0,2,3,3.5,2.5,0,Joelinton Cássio,3.5,403,False,,,60,180974.jpg,3.1,Apolinário de Lira,1.5,False,,a,15,4,40,317454,171,326085,304,0.6,6.7,Joelinton,30.0,1084,2,0,3,13,0,0,0,4,0,0,6,142,207.4,181.0,226.0,61.6,13,1.68,0.75,2.43,15.99,110,38,75,58,47,29,63,40,,,,,,,0.14,0.0,0.06,0.2,1.33,1.08,77,51,48,24,112,51,171,50,1.08,0.25
492,,,235530,0,0,-2,2,0,2,0.0,-1.0,0,Lloyd,0.0,404,False,,,43,235530.jpg,1.2,Kelly,0.1,False,,a,15,4,10,8465,8,14595,14,0.0,2.3,Kelly,241.0,295,0,1,0,6,0,0,0,2,0,0,0,36,79.6,28.1,14.0,12.0,4,0.36,0.11,0.47,5.55,269,97,296,89,312,100,315,105,,,,,,,0.11,0.0,0.03,0.14,1.69,1.83,556,135,497,200,347,111,424,153,1.22,0.0
493,0.0,0.0,111773,-1,1,-2,2,0,2,0.0,0.0,0,Emil,0.0,405,False,Shoulder injury - Expected back 15 Jan,2024-11-11T16:00:06.953415Z,43,111773.jpg,3.3,Krafth,0.1,False,,i,15,4,10,11679,2,17666,30,0.0,2.3,Krafth,206.0,240,0,0,1,2,0,0,0,0,0,0,0,34,44.2,10.9,11.0,6.6,2,0.04,0.03,0.07,5.07,333,115,350,113,322,104,356,117,,,,,,,0.02,0.0,0.01,0.03,1.9,0.75,541,121,491,194,80,19,436,158,0.75,0.38
494,,,564510,0,0,0,0,0,3,0.0,-1.0,0,Garang,0.0,406,False,,,45,564510.jpg,0.0,Kuol,0.0,False,,a,15,4,0,4630,3,5398,5,0.0,0.0,Kuol,13.0,0,0,0,0,0,0,0,0,0,0,0,0,0,0.0,0.0,0.0,0.0,0,0.00,0.00,0.00,0.00,628,275,624,279,605,271,630,277,,,,,,,0.0,0.0,0.0,0.0,0.0,0.0,457,283,596,249,633,279,521,202,0.0,0.0
495,0.0,0.0,101148,0,0,0,0,0,2,0.0,0.0,0,Jamaal,0.0,407,False,Knee injury - Expected back 01 Feb,2024-07-17T13:30:05.035452Z,45,101148.jpg,0.0,Lascelles,0.0,False,,i,15,4,0,589,2,600,1,0.0,0.0,Lascelles,241.0,0,0,0,0,0,0,0,0,0,0,0,0,0,0.0,0.0,0.0,0.0,0,0.00,0.00,0.00,0.00,571,221,565,221,541,216,573,221,,,,,,,0.0,0.0,0.0,0.0,0.0,0.0,358,56,532,215,577,220,656,221,0.0,0.0
496,0.0,0.0,194799,0,0,0,0,0,2,0.0,0.0,0,Jamal,0.0,408,False,Loaned to  Sao Paulo,2024-09-05T10:35:35.180344Z,40,194799.jpg,0.0,Lewis,0.2,False,,u,15,4,0,11493,0,37234,24,0.0,0.0,Lewis,,0,0,0,0,0,0,0,0,0,0,0,0,0,0.0,0.0,0.0,0.0,0,0.00,0.00,0.00,0.00,480,167,459,165,421,148,482,167,,,,,,,0.0,0.0,0.0,0.0,0.0,0.0,611,171,408,141,486,165,381,136,0.0,0.0
497,,,441191,0,0,0,0,0,2,1.2,0.2,0,Tino,1.2,409,False,,,45,441191.jpg,2.3,Livramento,2.1,False,,a,15,4,30,293756,166,252733,228,0.3,6.7,Livramento,241.0,887,0,0,2,11,0,0,0,0,0,0,2,127,180.4,111.9,14.0,30.6,10,0.00,0.28,0.28,13.02,145,59,143,31,315,103,193,54,,,,,,,0.0,0.0,0.03,0.03,1.32,1.12,391,75,195,59,202,60,135,53,1.01,0.2
498,,,180135,0,0,-3,3,0,3,1.8,0.8,0,Sean,1.8,410,False,,,47,180135.jpg,1.7,Longstaff,0.6,False,,a,15,4,20,60534,141,112691,134,0.4,4.3,Longstaff,241.0,580,0,1,2,7,0,0,0,2,0,0,0,80,81.8,47.0,54.0,18.3,7,0.53,0.19,0.72,8.27,267,121,254,154,207,118,273,137,,,,,,,0.08,0.0,0.03,0.11,1.28,1.09,332,216,148,67,280,129,243,78,1.09,0.31
499,100.0,100.0,547719,0,0,0,0,0,3,0.0,-1.0,0,Lewis,0.0,411,False,,2024-07-17T13:30:05.048462Z,50,547719.jpg,0.0,Miley,0.0,False,,a,15,4,0,737,4,605,3,0.0,0.0,Miley,241.0,0,0,0,0,0,0,0,0,0,0,0,0,0,0.0,0.0,0.0,0.0,0,0.00,0.00,0.00,0.00,675,306,672,306,666,304,675,306,,,,,,,0.0,0.0,0.0,0.0,0.0,0.0,236,151,661,296,674,306,643,284,0.0,0.0
500,,,111452,0,0,-2,2,0,1,0.0,-1.0,0,Odysseas,0.0,412,False,,,43,111452.jpg,0.0,Vlachodimos,0.1,False,,a,15,4,0,1235,1,7112,4,0.0,0.0,Odysseas,83.0,0,0,0,0,0,0,0,0,0,0,0,0,0,0.0,0.0,0.0,0.0,0,0.00,0.00,0.00,0.00,543,68,531,54,501,46,545,68,,,,,,,0.0,0.0,0.0,0.0,0.0,0.0,540,31,490,65,550,68,443,62,0.0,0.0
501,100.0,100.0,98747,0,0,0,0,1,1,1.5,0.5,0,Nick,1.5,413,False,,2024-10-02T00:30:05.710785Z,50,98747.jpg,3.6,Pope,6.7,False,,a,15,4,47,588030,793,655931,897,0.3,9.4,Pope,241.0,1170,0,0,3,14,0,0,0,1,0,48,2,188,351.4,0.0,0.0,35.0,13,0.00,0.00,0.00,17.23,18,7,657,68,651,66,164,7,,,,,,,0.0,3.69,0.0,0.0,1.33,1.08,189,7,172,16,69,10,60,12,1.0,0.23
502,,,19236,0,0,0,0,0,1,0.0,-1.0,0,John,0.0,414,False,,,40,19236.jpg,0.0,Ruddy,0.3,False,,a,15,4,0,16436,17,15045,25,0.0,0.0,Ruddy,241.0,0,0,0,0,0,0,0,0,0,0,0,0,0,0.0,0.0,0.0,0.0,0,0.00,0.00,0.00,0.00,466,36,444,13,404,4,468,36,,,,,,,0.0,0.0,0.0,0.0,0.0,0.0,588,42,392,27,473,36,304,46,0.0,0.0
503,100.0,100.0,119471,0,0,-1,1,0,2,1.2,0.2,0,Fabian,1.2,415,False,,2024-10-02T00:30:05.719745Z,54,119471.jpg,2.3,Schär,1.4,False,,a,15,4,25,137261,222,208569,275,0.2,4.6,Schär,207.0,927,1,0,2,12,0,0,0,4,1,0,0,105,217.4,34.9,58.0,30.6,11,1.01,0.57,1.58,12.17,103,38,279,81,201,50,195,55,,,2.0,,,,0.1,0.0,0.06,0.16,1.18,1.17,129,12,212,62,205,61,180,71,1.07,0.19
504,100.0,100.0,169359,0,0,0,0,0,2,0.0,-1.0,0,Matt,0.0,416,False,,2024-09-27T11:00:07.434832Z,40,169359.jpg,0.0,Targett,0.3,False,,a,15,4,0,27788,18,43545,27,0.0,0.0,Targett,241.0,0,0,0,0,0,0,0,0,0,0,0,0,0,0.0,0.0,0.0,0.0,0,0.00,0.00,0.00,0.00,475,164,454,162,416,145,477,164,,,,,,,0.0,0.0,0.0,0.0,0.0,0.0,604,166,403,138,482,163,298,110,0.0,0.0
505,100.0,100.0,432422,0,0,0,0,0,3,1.8,0.8,0,Sandro,1.8,417,False,,2024-07-17T13:30:05.060878Z,55,432422.jpg,1.5,Tonali,0.3,False,,a,15,4,17,56903,47,44342,86,0.3,3.1,Tonali,106.0,531,0,1,1,6,0,0,0,3,0,0,0,93,104.8,72.1,73.0,25.1,5,0.76,0.30,1.06,7.23,235,100,197,122,174,106,234,116,,,4.0,,,,0.13,0.0,0.05,0.18,1.23,1.02,118,71,157,75,320,148,307,101,0.85,0.17
506,100.0,100.0,77794,0,0,-4,4,0,2,0.2,-0.8,0,Kieran,0.2,418,False,,2024-10-02T00:30:05.733255Z,56,77794.jpg,2.3,Trippier,3.3,False,,a,15,4,14,78959,277,1079860,199,0.0,2.5,Trippier,241.0,284,0,0,1,3,0,0,0,0,0,0,2,48,44.6,66.8,11.0,12.2,3,0.03,0.23,0.26,4.21,332,114,207,55,327,107,312,103,1.0,,1.0,,,,0.01,0.0,0.07,0.08,1.33,0.95,98,9,375,123,206,62,98,40,0.95,0.32
507,0.0,0.0,461484,0,0,0,0,0,3,0.0,0.0,0,Joe,0.0,419,False,Loaned to MK Dons,2024-08-31T08:20:54.098792Z,45,461484.jpg,0.0,White,0.2,False,,u,15,4,0,12007,0,40190,15,0.0,0.0,White,,0,0,0,0,0,0,0,0,0,0,0,0,0,0.0,0.0,0.0,0.0,0,0.00,0.00,0.00,0.00,591,244,586,248,565,240,593,246,,,,,,,0.0,0.0,0.0,0.0,0.0,0.0,402,242,553,213,597,248,397,140,0.0,0.0
508,100.0,100.0,200089,0,0,-2,2,0,3,1.2,0.2,0,Joe,1.2,420,False,,2024-11-26T02:30:08.104296Z,48,200089.jpg,1.5,Willock,0.2,False,,a,15,4,17,31687,20,32006,40,0.3,3.5,Willock,241.0,441,0,1,2,4,0,0,0,2,0,0,0,63,69.4,136.9,80.0,28.7,5,0.51,0.52,1.03,6.29,290,135,117,86,156,97,208,106,,,,,,,0.1,0.0,0.11,0.21,1.28,0.82,301,199,201,98,315,144,378,132,1.02,0.41
509,100.0,100.0,75115,0,0,-1,1,0,4,0.2,-0.8,0,Callum,0.2,421,False,,2024-08-05T15:00:04.487875Z,69,75115.jpg,0.5,Wilson,0.1,False,,a,15,4,1,3445,69,8083,25,0.0,0.1,Wilson,241.0,37,0,0,0,1,0,0,0,1,0,0,0,1,2.0,1.4,0.0,0.3,0,0.00,0.00,0.00,0.43,450,46,407,46,688,73,456,47,,,,,1.0,,0.0,0.0,0.0,0.0,1.05,2.43,28,13,381,45,464,50,506,65,0.0,0.0
510,0.0,0.0,578512,0,0,0,0,0,2,0.0,0.0,0,Miodrag,0.0,574,False,Loaned to Willem II,2024-09-10T11:08:18.853575Z,40,578512.jpg,0.0,Pivaš,0.1,False,,u,15,4,0,2653,0,10336,4,0.0,0.0,Pivas,,0,0,0,0,0,0,0,0,0,0,0,0,0,0.0,0.0,0.0,0.0,0,0.00,0.00,0.00,0.00,529,197,509,195,473,180,531,197,,,,,,,0.0,0.0,0.0,0.0,0.0,0.0,670,210,462,175,536,196,478,173,0.0,0.0
511,,,538207,0,0,0,0,0,4,0.2,-0.8,0,William,0.2,590,False,,,50,538207.jpg,1.0,Osula,0.1,False,,a,15,4,4,17901,19,21197,23,0.0,0.8,Osula,58.0,10,0,0,0,1,0,0,0,0,0,0,0,10,1.0,0.0,2.0,0.3,0,0.00,0.00,0.00,0.48,454,47,671,69,390,45,455,46,,,,,,,0.0,0.0,0.0,0.0,4.32,9.0,235,53,364,42,421,44,403,59,0.0,0.0
512,,,106468,0,0,-1,1,1,2,0.8,-0.2,0,Álex,0.8,26,False,,,44,106468.jpg,2.9,Moreno Lopera,0.8,False,,a,16,17,29,87399,52,77056,196,0.2,6.6,Alex Moreno,200.0,697,0,1,3,10,0,0,0,2,0,0,1,103,140.4,73.4,20.0,23.4,9,0.14,0.80,0.94,8.15,186,73,195,50,290,88,243,77,,,,,,,0.02,0.0,0.1,0.12,1.05,1.29,482,92,248,74,125,32,228,88,1.16,0.39
513,100.0,100.0,159506,0,0,4,-4,3,2,2.2,1.2,0,Ola,2.2,422,True,,2024-11-21T08:30:09.347848Z,49,159506.jpg,4.3,Aina,14.3,False,,a,16,17,56,1931052,5227,572828,1260,0.4,11.4,Aina,157.0,1131,1,0,5,12,0,0,0,2,0,0,10,221,239.0,102.5,27.0,36.9,13,0.11,0.80,0.91,12.40,77,25,160,35,268,83,153,41,,,,,,,0.01,0.0,0.06,0.07,0.99,0.95,251,27,105,28,39,4,28,10,1.03,0.4
514,100.0,100.0,215379,0,0,0,0,0,3,1.0,0.0,0,Elliot,1.0,423,False,,2024-11-13T15:30:08.535910Z,50,215379.jpg,2.6,Anderson,0.2,False,,a,16,17,31,30048,21,29829,51,0.2,6.2,Anderson,241.0,697,0,3,4,9,0,0,0,3,0,0,2,179,182.6,261.1,132.0,57.4,9,0.71,1.17,1.88,8.22,143,51,36,30,96,59,75,46,3.0,,,,,,0.09,0.0,0.15,0.24,1.06,1.16,205,129,229,114,166,70,374,129,1.16,0.52
515,,,210156,0,0,-4,4,0,4,0.8,-0.2,0,Taiwo,0.8,424,False,,,56,210156.jpg,1.1,Awoniyi,0.3,False,,a,16,17,10,27479,27,93308,65,0.1,1.8,Awoniyi,157.0,169,0,0,0,3,0,0,0,0,0,0,0,24,9.8,12.0,44.0,6.0,2,0.44,0.07,0.51,2.20,411,39,343,38,228,37,365,40,,,,,,,0.23,0.0,0.04,0.27,1.17,1.6,101,29,265,31,359,39,314,49,1.07,0.0
516,100.0,100.0,90585,-1,1,-3,3,0,2,0.0,-1.0,0,Willy,0.0,425,False,,2024-09-11T12:30:07.170970Z,42,90585.jpg,1.5,Boly,0.1,False,,a,16,17,3,6886,15,21653,17,0.0,0.7,Boly,54.0,91,0,0,0,1,0,0,0,0,0,0,0,13,32.0,0.2,17.0,4.9,1,0.07,0.00,0.07,1.22,355,125,429,153,303,94,381,127,,,,,,,0.07,0.0,0.0,0.07,1.21,0.99,572,146,475,185,310,102,422,152,0.99,0.0
517,0.0,0.0,245830,0,0,0,0,0,3,0.0,0.0,0,Josh,0.0,426,False,Loaned to  Preston North End,2024-08-31T08:19:22.292913Z,45,245830.jpg,0.0,Bowler,0.0,False,,u,16,17,0,1220,0,5970,1,0.0,0.0,Bowler,,0,0,0,0,0,0,0,0,0,0,0,0,0,0.0,0.0,0.0,0.0,0,0.00,0.00,0.00,0.00,582,237,577,241,556,233,584,239,,,,,,,0.0,0.0,0.0,0.0,0.0,0.0,386,234,544,206,588,241,594,253,0.0,0.0
518,,,475123,0,0,-3,3,0,1,0.0,-1.0,0,Carlos Miguel,0.0,427,False,,,42,475123.jpg,0.0,dos Santos Pereira,0.2,False,,a,16,17,0,8378,13,27549,24,0.0,0.0,C.Miguel,30.0,0,0,0,0,0,0,0,0,0,0,0,0,0,0.0,0.0,0.0,0.0,0,0.00,0.00,0.00,0.00,539,65,523,47,492,38,541,65,,,,,,,0.0,0.0,0.0,0.0,0.0,0.0,581,38,481,59,546,65,385,55,0.0,0.0
519,,,569014,0,0,-1,1,0,3,0.0,-1.0,0,Eric,0.0,428,False,,,44,569014.jpg,1.0,da Silva Moreira,0.1,False,,a,16,17,1,8750,20,8427,24,0.0,0.2,Da Silva Moreira,80.0,1,0,0,0,0,0,0,0,0,0,0,0,3,0.0,0.0,0.0,0.0,0,0.00,0.00,0.00,0.00,566,230,560,234,536,225,568,232,,,,,,,0.0,0.0,0.0,0.0,0.0,0.0,527,312,527,199,387,181,457,169,0.0,0.0
520,0.0,0.0,513046,0,0,-3,3,0,3,0.0,0.0,0,Danilo,0.0,429,False,Ankle injury - Unknown return date,2024-08-17T20:00:06.172553Z,47,513046.jpg,1.0,dos Santos de Oliveira,0.0,False,,i,16,17,1,553,0,5286,0,0.0,0.2,Danilo,30.0,14,0,0,0,0,0,0,0,0,0,0,0,1,0.0,0.1,0.0,0.0,1,0.00,0.00,0.00,0.28,646,288,436,225,626,284,647,289,,,,,,,0.0,0.0,0.0,0.0,1.8,0.0,344,224,620,267,404,194,618,270,6.43,0.0
521,,,230251,0,0,-1,1,0,4,0.0,-1.0,0,Emmanuel,0.0,430,False,,,49,230251.jpg,0.0,Dennis,0.3,False,,a,16,17,0,39484,37,43001,67,0.0,0.0,Dennis,157.0,0,0,0,0,0,0,0,0,0,0,0,0,0,0.0,0.0,0.0,0.0,0,0.00,0.00,0.00,0.00,656,62,651,61,642,60,656,62,,,,,,,0.0,0.0,0.0,0.0,0.0,0.0,268,56,635,61,657,63,322,51,0.0,0.0
522,,,250199,0,0,-2,2,0,3,1.2,0.2,0,Nicolás,1.2,431,False,,,48,250199.jpg,1.4,Domínguez,0.0,False,,a,16,17,15,3096,5,3870,9,0.3,3.1,Dominguez,10.0,598,0,0,2,7,0,0,0,3,0,0,0,78,115.2,61.1,85.0,26.1,7,0.72,0.25,0.97,8.09,219,91,218,134,144,91,224,112,,,,,,,0.11,0.0,0.04,0.15,1.22,1.05,313,206,202,99,328,155,545,220,1.05,0.3
523,100.0,100.0,449434,0,0,-4,4,0,3,1.8,0.8,0,Anthony,1.8,432,False,,2024-11-23T22:30:08.527966Z,51,449434.jpg,2.1,Elanga,0.7,False,,a,16,17,27,65955,62,217635,158,0.4,5.3,Elanga,206.0,703,0,2,3,9,0,0,0,1,0,0,0,90,96.2,209.0,121.0,42.9,9,0.72,1.27,1.99,8.17,249,109,60,48,106,66,125,72,2.0,,2.0,,,,0.09,0.0,0.16,0.25,1.05,1.15,181,111,155,74,225,100,235,76,1.15,0.38
524,100.0,100.0,222531,0,0,-2,2,0,3,0.8,-0.2,0,Morgan,0.8,433,False,,2024-11-23T22:30:08.545151Z,63,222531.jpg,2.6,Gibbs-White,1.1,False,,a,16,17,23,185391,67,551364,147,0.1,3.7,Gibbs-White,241.0,704,1,0,4,6,0,0,0,2,1,0,2,92,116.6,203.2,216.0,53.6,9,1.28,1.17,2.45,6.60,216,89,62,50,51,33,80,49,,,4.0,,2.0,,0.16,0.0,0.15,0.31,0.84,0.77,54,32,271,141,173,75,202,61,1.15,0.51
525,100.0,100.0,209046,0,0,-1,1,1,3,1.5,0.5,0,Callum,1.5,434,False,,2024-10-23T08:00:07.622507Z,54,209046.jpg,3.3,Hudson-Odoi,2.1,False,,a,16,17,43,308829,133,432476,828,0.3,8.0,Hudson-Odoi,241.0,961,2,1,5,9,0,0,0,1,0,0,3,192,177.6,294.0,200.0,66.8,11,1.27,1.19,2.46,8.64,150,53,29,25,57,35,43,29,,,,,,,0.12,0.0,0.11,0.23,0.81,0.84,132,78,179,87,83,35,134,41,1.03,0.47
526,0.0,0.0,244930,0,0,0,0,0,3,0.0,0.0,0,Alex,0.0,435,False,Season long loan to Port Vale,2024-08-29T11:09:56.647313Z,45,244930.jpg,0.0,Mighten,0.0,False,,u,16,17,0,689,0,3812,5,0.0,0.0,Mighten,,0,0,0,0,0,0,0,0,0,0,0,0,0,0.0,0.0,0.0,0.0,0,0.00,0.00,0.00,0.00,581,236,576,240,555,232,583,238,,,,,,,0.0,0.0,0.0,0.0,0.0,0.0,385,233,543,205,587,240,610,262,0.0,0.0
527,,,575476,0,0,1,-1,0,2,3.8,2.8,0,Murillo,3.8,436,False,,,46,575476.jpg,4.0,Santiago Costa dos Santos,3.5,False,,a,16,17,52,398045,3140,94989,377,0.8,11.3,Murillo,30.0,1170,1,0,5,13,0,0,0,1,0,0,4,216,338.8,105.5,118.0,56.4,13,0.77,0.46,1.23,13.07,21,4,153,34,108,12,76,12,,,3.0,,,,0.06,0.0,0.04,0.1,1.01,1.0,353,52,38,6,49,7,95,38,1.0,0.38
528,,,215136,0,0,-2,2,0,2,1.8,0.8,0,Neco,1.8,437,False,,,43,215136.jpg,1.8,Williams,0.4,False,,a,16,17,20,44738,85,59982,38,0.4,4.7,N.Williams,244.0,463,0,0,2,3,0,0,0,3,0,0,0,73,92.8,83.3,75.0,25.3,4,0.62,0.31,0.93,4.73,252,93,185,46,168,34,231,72,,,,,,,0.12,0.0,0.06,0.18,0.92,0.58,551,130,139,42,261,78,276,102,0.78,0.39
529,0.0,0.0,204822,0,0,0,0,0,2,0.0,0.0,0,Omar,0.0,438,False,Loaned to Rio Ave,2024-08-22T11:19:23.101534Z,45,204822.jpg,0.0,Richards,0.0,False,,u,16,17,0,33,0,4686,2,0.0,0.0,O.Richards,,0,0,0,0,0,0,0,0,0,0,0,0,0,0.0,0.0,0.0,0.0,0,0.00,0.00,0.00,0.00,576,223,571,223,550,218,578,223,,,,,,,0.0,0.0,0.0,0.0,0.0,0.0,371,61,537,217,582,222,602,204,0.0,0.0
530,0.0,0.0,243345,0,0,0,0,0,3,0.0,0.0,0,Lewis,0.0,439,False,On loan to Los Angeles Football Club for the rest of the season,2024-08-01T07:01:57.624673Z,50,243345.jpg,0.0,O'Brien,0.0,False,,u,16,17,0,0,0,118,0,0.0,0.0,O'Brien,,0,0,0,0,0,0,0,0,0,0,0,0,0,0.0,0.0,0.0,0.0,0,0.00,0.00,0.00,0.00,664,300,660,300,655,298,664,300,,,,,,,0.0,0.0,0.0,0.0,0.0,0.0,210,133,649,289,664,300,688,312,0.0,0.0
531,,,466404,0,0,-2,2,0,2,0.0,-1.0,0,Andrew,0.0,440,False,,,43,466404.jpg,0.0,Omobamidele,0.1,False,,a,16,17,0,961,3,4505,6,0.0,0.0,Omobamidele,104.0,0,0,0,0,0,0,0,0,0,0,0,0,0,0.0,0.0,0.0,0.0,0,0.00,0.00,0.00,0.00,549,210,537,209,511,202,551,210,,,,,,,0.0,0.0,0.0,0.0,0.0,0.0,561,138,500,201,556,209,508,184,0.0,0.0
532,0.0,0.0,209035,0,0,0,0,0,2,0.0,0.0,0,Jonathan,0.0,441,False,On a season long loan to Rio Ave,2024-07-18T09:44:17.568948Z,40,209035.jpg,0.0,Panzo,0.0,False,,u,16,17,0,0,0,121,0,0.0,0.0,Panzo,,0,0,0,0,0,0,0,0,0,0,0,0,0,0.0,0.0,0.0,0.0,0,0.00,0.00,0.00,0.00,484,169,463,167,425,150,486,169,,,,,,,0.0,0.0,0.0,0.0,0.0,0.0,615,173,412,143,490,167,685,229,0.0,0.0
533,0.0,0.0,210462,0,0,-1,1,0,3,0.0,0.0,0,Ibrahim,0.0,442,False,Hamstring injury - Unknown return date,2024-09-12T15:00:06.800627Z,44,210462.jpg,1.3,Sangaré,0.8,False,,i,16,17,4,166526,29,301746,188,0.0,0.9,Sangaré,54.0,212,0,0,1,2,0,0,0,2,0,0,0,26,38.8,16.4,19.0,7.4,3,0.02,0.06,0.08,1.98,343,163,326,188,295,165,347,175,,,,,,,0.01,0.0,0.03,0.04,0.84,0.85,492,299,508,189,339,163,221,70,1.27,0.42
534,100.0,100.0,85633,0,0,2,-2,1,1,2.5,1.5,0,Matz,2.5,443,False,,2024-10-12T11:00:07.468908Z,47,85633.jpg,4.5,Sels,7.6,False,,a,16,17,58,957585,1448,312755,1079,0.5,12.3,Sels,21.0,1170,0,1,5,13,0,0,0,2,0,35,6,186,279.8,0.1,0.0,28.2,13,0.00,0.04,0.04,13.07,50,13,435,10,623,61,211,13,,,,,,,0.0,2.69,0.0,0.0,1.01,1.0,324,12,85,9,32,5,54,10,1.0,0.38
535,,,114241,0,0,-2,2,0,2,0.0,-1.0,0,Harry,0.0,444,False,,,43,114241.jpg,1.0,Toffolo,0.1,False,,a,16,17,1,1338,0,5607,7,0.0,0.2,Toffolo,241.0,36,0,0,0,1,0,0,0,0,0,0,0,0,9.6,3.0,6.0,1.9,0,0.02,0.01,0.03,0.67,412,144,391,134,348,117,422,143,,,,,,,0.05,0.0,0.02,0.07,1.68,2.5,542,122,492,195,375,129,501,182,0.0,0.0
536,0.0,0.0,201440,0,0,0,0,0,4,0.0,0.0,0,Hwang,0.0,446,False,Transferred to Alanyaspor,2024-09-10T11:39:20.038647Z,45,201440.jpg,0.0,Ui-jo,1.3,False,,u,16,17,0,317328,0,359016,188,0.0,0.0,Ui-jo,114.0,0,0,0,0,0,0,0,0,0,0,0,0,0,0.0,0.0,0.0,0.0,0,0.00,0.00,0.00,0.00,574,49,569,49,548,47,576,49,,,,,,,0.0,0.0,0.0,0.0,0.0,0.0,369,64,535,48,580,52,187,33,0.0,0.0
537,100.0,100.0,60689,0,0,6,-6,1,4,3.0,2.0,0,Chris,3.0,447,True,,2024-10-26T11:00:07.644070Z,66,60689.jpg,6.0,Wood,22.5,False,,a,16,17,78,3307457,4795,1542296,3826,0.5,11.8,Wood,154.0,1005,9,0,6,10,0,0,0,1,0,0,18,308,340.2,105.4,358.0,80.6,12,5.24,0.19,5.43,10.22,19,4,155,17,18,10,31,6,,,,,1.0,,0.47,0.0,0.02,0.49,0.92,0.9,39,18,66,12,8,4,15,4,1.07,0.54
538,0.0,0.0,208912,0,0,0,0,0,2,0.0,0.0,0,Joe,0.0,448,False,Transferred to Burnley,2024-08-26T10:09:19.430328Z,45,208912.jpg,0.0,Worrall,0.0,False,,u,16,17,0,71,0,5034,1,0.0,0.0,Worrall,,0,0,0,0,0,0,0,0,0,0,0,0,0,0.0,0.0,0.0,0.0,0,0.00,0.00,0.00,0.00,577,224,572,224,551,219,579,224,,,,,,,0.0,0.0,0.0,0.0,0.0,0.0,372,62,538,218,583,223,588,199,0.0,0.0
539,100.0,100.0,204968,0,0,-1,1,0,3,1.2,0.2,0,Ryan,1.2,449,False,,2024-08-30T04:00:05.695621Z,49,204968.jpg,2.6,Yates,0.3,False,,a,16,17,34,55183,22,46061,139,0.2,6.9,Yates,241.0,986,1,1,4,10,0,0,0,4,0,0,3,160,159.0,150.4,163.0,47.2,9,1.61,0.33,1.94,11.64,167,63,104,77,81,49,105,61,,,,,,,0.15,0.0,0.03,0.18,1.06,0.91,262,170,204,101,164,68,324,106,0.82,0.37
540,100.0,100.0,101178,0,0,-3,3,0,3,0.8,-0.2,0,James,0.8,531,False,,2024-10-25T22:30:06.650947Z,62,101178.jpg,1.3,Ward-Prowse,0.6,False,,a,16,17,9,21677,27,154639,77,0.1,1.5,Ward-Prowse,241.0,394,0,0,1,8,0,0,0,0,1,0,0,44,45.6,60.9,9.0,11.6,5,0.06,0.39,0.45,5.54,330,160,220,135,340,184,316,154,1.0,,1.0,,,,0.01,0.0,0.09,0.1,1.27,1.83,59,37,270,140,345,168,245,79,1.14,0.23
541,,,227444,0,0,0,0,0,2,2.0,1.0,0,Nikola,2.0,573,False,,,45,227444.jpg,3.6,Milenković,1.2,False,,a,16,17,43,155748,415,55953,150,0.4,9.6,Milenković,190.0,1080,0,1,5,12,0,0,0,1,0,0,0,167,186.2,47.0,86.0,31.9,12,1.72,0.43,2.15,11.85,135,54,253,71,141,21,186,52,,,,,,,0.14,0.0,0.04,0.18,0.99,1.0,379,68,121,36,68,13,192,75,1.0,0.42
542,100.0,100.0,510500,0,0,-1,1,0,3,2.0,1.0,0,João Pedro,2.0,596,False,,2024-11-01T10:30:06.942890Z,59,510500.jpg,1.6,Ferreira Silva,0.1,False,,a,16,17,19,10232,22,16473,12,0.3,3.2,Jota Silva,173.0,334,0,2,1,4,0,0,0,1,0,0,0,77,63.8,68.1,82.0,21.5,1,0.40,0.94,1.34,3.70,300,141,205,125,151,94,250,125,,,,,,,0.11,0.0,0.25,0.36,1.0,1.08,86,54,135,62,306,142,433,156,0.27,0.27
543,,,502222,0,0,0,0,0,3,0.8,-0.2,0,Ramón,0.8,620,False,,,55,502222.jpg,1.6,Sosa,0.0,False,,a,16,17,14,3599,6,3185,10,0.1,2.5,Sosa,168.0,122,1,0,0,2,0,0,0,0,0,0,0,61,65.6,85.5,50.0,20.0,0,0.79,0.30,1.09,0.86,297,138,179,115,216,123,259,130,4.0,,,,,,0.58,0.0,0.22,0.8,0.63,1.48,124,75,264,136,304,141,532,211,0.0,0.0
544,,,485047,0,0,0,0,0,2,0.2,-0.8,0,Felipe,0.2,653,False,,,45,485047.jpg,1.0,Rodrigues da Silva,0.0,False,,a,16,17,6,2073,8,1446,11,0.0,1.3,Morato,30.0,77,0,0,0,0,0,0,0,0,0,0,0,28,36.4,1.6,0.0,3.8,0,0.00,0.00,0.00,1.62,346,121,404,141,574,222,390,131,,,,,,,0.0,0.0,0.0,0.0,1.89,0.0,413,82,343,114,390,136,558,194,0.0,0.0
545,0.0,0.0,225321,0,0,-1,1,1,1,0.0,0.0,0,Aaron,0.0,14,False,Hand injury - Expected back 22 Dec,2024-11-12T14:30:07.315514Z,44,225321.jpg,2.9,Ramsdale,1.6,False,,i,17,20,26,257103,5,208754,865,0.0,5.9,Ramsdale,241.0,810,0,0,1,19,0,0,0,1,0,36,2,102,261.6,0.0,0.0,26.2,9,0.00,0.01,0.01,20.33,65,15,548,58,522,50,223,15,,,,,,,0.0,4.0,0.0,0.0,2.26,2.11,500,21,513,68,126,21,160,22,1.0,0.11
546,,,433979,0,0,0,0,1,4,0.7,0.2,0,Cameron,1.2,27,False,,,50,433979.jpg,2.3,Archer,2.2,False,,a,17,20,30,399418,488,318621,650,0.2,6.0,Archer,241.0,693,2,0,1,13,0,0,1,0,0,0,4,83,86.6,30.0,228.0,34.6,7,4.05,0.11,4.16,17.20,257,25,290,33,44,18,168,26,,,,,2.0,,0.53,0.0,0.01,0.54,2.23,1.69,214,47,209,27,204,29,133,22,0.91,0.13
547,0.0,0.0,503714,0,0,0,0,0,3,0.0,0.0,0,Lesley,0.2,188,False,Ineligible to face his parent club on 4/12. - Expected back 07 Dec,2024-11-30T01:00:07.716140Z,45,503714.jpg,1.0,Ugochukwu,0.3,False,,n,17,20,6,43500,3,49339,93,0.0,1.3,Ugochukwu,73.0,208,0,0,0,8,0,0,0,1,0,0,0,18,22.8,30.8,6.0,5.9,2,0.21,0.06,0.27,5.96,371,174,288,171,353,191,367,182,,,,,,,0.09,0.0,0.03,0.12,2.58,3.46,433,264,344,166,392,184,318,103,0.87,0.0
548,100.0,100.0,90105,0,0,-2,2,0,3,0.3,-0.2,0,Ryan,0.8,397,False,,2024-11-01T16:30:08.020367Z,48,90105.jpg,0.7,Fraser,0.0,False,,a,17,20,4,1889,1,3724,1,0.2,0.8,Fraser,243.0,240,0,0,0,9,0,0,0,0,1,0,0,21,35.8,24.2,11.0,6.3,3,0.02,0.09,0.11,6.55,347,164,305,176,324,178,360,179,,,,,,,0.01,0.0,0.03,0.04,2.46,3.38,292,191,254,127,455,224,571,235,1.12,0.0
549,0.0,0.0,502697,0,0,-1,1,0,3,0.0,0.0,0,Carlos,0.0,450,False,Permanent transfer to Flamengo,2024-08-30T09:48:28.633540Z,49,502697.jpg,1.0,Alcaraz Durán,0.0,False,,u,17,20,1,1072,0,9830,0,0.0,0.2,Alcaraz,,9,0,0,0,0,0,0,0,0,0,0,0,4,8.4,15.9,19.0,4.3,0,0.07,0.03,0.10,0.00,418,201,329,190,300,169,386,190,,,,,,,0.7,0.0,0.3,1.0,0.0,0.0,286,187,643,284,417,204,590,250,0.0,0.0
550,,,499724,0,0,-1,1,0,3,-0.5,-1.0,0,Samuel,0.0,451,False,,,44,499724.jpg,1.0,Amo-Ameyaw,0.1,False,,a,17,20,1,16531,68,14461,42,0.0,0.2,Amo-Ameyaw,241.0,9,0,0,0,0,0,0,0,0,0,0,0,4,4.0,15.0,6.0,2.5,0,0.02,0.13,0.15,0.00,436,208,332,191,351,190,406,199,,,,,,,0.2,0.0,1.3,1.5,0.0,0.0,521,306,522,194,385,179,407,143,0.0,0.0
551,,,193204,0,0,-1,1,0,3,0.5,0.0,0,Joe,1.0,452,False,,,49,193204.jpg,2.1,Aribo,0.1,False,,a,17,20,25,9138,5,10142,14,0.2,5.1,Aribo,157.0,675,1,0,0,16,0,0,0,0,0,0,2,122,124.6,88.9,116.0,33.2,6,1.27,0.57,1.84,19.32,211,86,177,114,110,69,176,97,,,,,,,0.17,0.0,0.08,0.25,2.58,2.13,257,165,227,113,224,99,493,185,0.8,0.0
552,,,155511,0,0,-4,4,0,4,3.0,2.5,0,Adam,3.5,453,False,,,51,155511.jpg,2.7,Armstrong,0.8,False,,a,17,20,27,132152,552,214109,189,0.7,5.3,Armstrong,241.0,620,2,2,1,10,0,0,1,3,0,0,2,92,109.2,81.3,173.0,36.4,7,2.36,0.41,2.77,13.07,227,24,187,24,70,23,157,24,,,,,1.0,,0.34,0.0,0.06,0.4,1.9,1.45,176,44,45,10,155,25,224,38,1.02,0.15
553,0.0,0.0,456350,0,0,-2,2,0,1,0.0,0.0,0,Gavin,0.0,454,False,Achilles injury - Expected back 15 Feb,2024-08-23T09:30:06.171400Z,43,456350.jpg,0.0,Bazunu,0.1,False,,i,17,20,0,1851,5,22499,15,0.0,0.0,Bazunu,104.0,0,0,0,0,0,0,0,0,0,0,0,0,0,0.0,0.0,0.0,0.0,0,0.00,0.00,0.00,0.00,548,70,536,56,510,49,550,70,,,,,,,0.0,0.0,0.0,0.0,0.0,0.0,559,34,499,67,555,70,437,61,0.0,0.0
554,100.0,100.0,171771,0,0,0,0,0,2,-0.3,-0.8,0,Jan,0.2,455,False,,2024-11-21T08:30:09.393120Z,40,171771.jpg,1.5,Bednarek,2.7,False,,a,17,20,17,418952,264,288198,317,0.0,4.2,Bednarek,172.0,980,0,0,1,21,0,0,0,3,0,0,0,100,269.4,47.3,10.0,32.6,11,0.01,0.76,0.77,23.03,55,18,251,69,329,109,181,49,,,,,,,0.0,0.0,0.07,0.07,2.12,1.93,606,167,325,99,308,100,114,48,1.01,0.09
555,,,477386,0,0,-1,1,0,2,-0.5,-1.0,0,Armel,0.0,456,False,,,39,477386.jpg,0.0,Bella-Kotchap,0.5,False,,a,17,20,0,41574,93,29583,59,0.0,0.0,Bella-Kotchap,80.0,0,0,0,0,0,0,0,0,0,0,0,0,0,0.0,0.0,0.0,0.0,0,0.00,0.00,0.00,0.00,460,158,438,156,398,137,462,158,,,,,,,0.0,0.0,0.0,0.0,0.0,0.0,685,225,386,130,468,158,260,95,0.0,0.0
556,,,184386,0,0,-1,1,0,2,-0.5,-1.0,0,James,0.0,457,False,,,39,184386.jpg,1.0,Bree,0.3,False,,a,17,20,1,22282,93,13678,35,0.0,0.3,Bree,241.0,13,0,0,0,0,0,0,0,0,0,0,0,4,3.6,10.7,0.0,1.4,0,0.00,0.02,0.02,0.56,439,152,352,114,395,134,434,148,,,,,,,0.0,0.0,0.14,0.14,3.88,0.0,681,221,383,127,362,117,321,119,0.0,0.0
557,0.0,0.0,463210,0,0,0,0,0,3,0.0,0.0,0,Shea,0.0,458,False,Has joined Sheffield Wednesday on a season-long loan,2024-08-29T11:10:39.600629Z,45,463210.jpg,0.0,Charles,0.0,False,,u,17,20,0,1091,0,7059,1,0.0,0.0,Charles,,0,0,0,0,0,0,0,0,0,0,0,0,0,0.0,0.0,0.0,0.0,0,0.00,0.00,0.00,0.00,593,246,588,250,567,242,595,248,,,,,,,0.0,0.0,0.0,0.0,0.0,0.0,404,244,555,215,599,250,560,228,0.0,0.0
558,0.0,0.0,490503,0,0,-1,1,0,3,0.0,0.0,0,Samuel,0.0,459,False,Loaned to Anderlecht,2024-09-10T11:28:17.403794Z,49,490503.jpg,0.5,Edozie,0.0,False,,u,17,20,1,463,0,2535,0,0.0,0.2,Edozie,,64,0,0,0,0,0,0,0,1,0,0,0,6,9.8,19.0,22.0,5.1,0,0.00,0.15,0.15,0.31,410,197,319,182,281,156,380,187,,,,,,,0.0,0.0,0.21,0.21,0.44,0.0,283,185,640,282,463,227,631,278,0.0,0.0
559,,,500926,0,0,-1,1,0,2,-0.5,-1.0,0,Ronnie,0.0,460,False,,,39,500926.jpg,0.0,Edwards,0.3,False,,a,17,20,0,30136,98,18019,46,0.0,0.0,Edwards,241.0,0,0,0,0,0,0,0,0,0,0,0,0,0,0.0,0.0,0.0,0.0,0,0.00,0.00,0.00,0.00,461,159,439,157,399,138,463,159,,,,,,,0.0,0.0,0.0,0.0,0.0,0.0,686,226,387,131,469,159,297,109,0.0,0.0
560,0.0,0.0,245719,0,0,1,-1,0,2,0.0,0.0,0,Taylor,0.5,461,False,Suspended until 07 Dec,2024-11-30T01:00:08.130168Z,41,245719.jpg,1.8,Harwood-Bellis,9.0,False,,s,17,20,24,672243,81,725817,2584,0.1,5.9,Harwood-Bellis,241.0,1039,1,0,1,21,0,0,0,5,0,0,0,104,290.8,98.6,107.0,49.8,12,1.16,0.17,1.33,24.20,43,15,165,37,123,15,96,21,,,,,,,0.1,0.0,0.01,0.11,2.1,1.82,585,156,279,81,259,76,46,15,1.04,0.09
561,100.0,100.0,504783,0,0,0,0,0,3,-0.3,-0.8,0,Kamaldeen,0.2,462,False,,2024-08-05T15:00:04.500770Z,50,504783.jpg,1.0,Sulemana,0.0,False,,a,17,20,3,558,0,870,1,0.0,0.6,Kamaldeen,81.0,17,0,0,0,1,0,0,0,0,0,0,0,12,8.0,0.3,5.0,1.3,0,0.02,0.00,0.02,0.88,420,202,428,222,360,197,436,210,,,,,,,0.11,0.0,0.0,0.11,4.66,5.29,226,143,362,177,420,206,651,290,0.0,0.0
562,0.0,0.0,39155,0,0,0,0,0,3,0.0,0.0,0,Adam,0.2,463,False,Hamstring injury - Expected back 15 Dec,2024-11-25T09:30:07.787290Z,50,39155.jpg,1.4,Lallana,0.0,False,,i,17,20,11,2929,0,5023,13,0.0,2.2,Lallana,241.0,312,0,2,0,5,0,0,0,4,0,0,1,57,70.6,67.1,21.0,15.8,5,0.15,0.44,0.59,5.69,288,133,206,126,287,160,292,145,,,,,,,0.04,0.0,0.13,0.17,1.64,1.44,186,116,360,176,332,159,569,233,1.44,0.0
563,0.0,0.0,515571,0,0,0,0,0,2,0.0,0.0,0,Juan,0.0,464,False,Unknown - Expected back 16 Jan,2024-11-29T12:00:07.896449Z,40,515571.jpg,0.0,Larios López,0.1,False,,i,17,20,0,2656,1,6182,14,0.0,0.0,Larios,200.0,0,0,0,0,0,0,0,0,0,0,0,0,0,0.0,0.0,0.0,0.0,0,0.00,0.00,0.00,0.00,518,187,498,185,461,169,520,187,,,,,,,0.0,0.0,0.0,0.0,0.0,0.0,657,198,449,163,524,185,475,172,0.0,0.0
564,0.0,0.0,200428,0,0,0,0,0,1,0.0,0.0,0,Mateusz,0.0,465,False,Transferred to Göztepe,2024-08-23T12:38:57.742902Z,40,200428.jpg,0.0,Lis,0.1,False,,u,17,20,0,888,0,16144,8,0.0,0.0,Lis,,0,0,0,0,0,0,0,0,0,0,0,0,0,0.0,0.0,0.0,0.0,0,0.00,0.00,0.00,0.00,482,45,461,23,423,14,484,45,,,,,,,0.0,0.0,0.0,0.0,0.0,0.0,613,52,410,36,488,45,444,63,0.0,0.0
565,,,167888,0,0,0,0,0,1,0.3,-0.2,0,Joe,0.8,466,False,,,40,167888.jpg,3.0,Lumley,0.4,False,,a,17,20,3,23941,200,15718,38,0.2,0.8,Lumley,241.0,90,0,0,0,1,0,0,0,0,0,4,0,14,25.4,0.0,0.0,2.5,1,0.00,0.00,0.00,1.68,364,31,453,20,415,11,405,31,,,,,,,0.0,4.0,0.0,0.0,1.68,1.0,603,49,240,19,114,17,291,45,1.0,0.0
566,,,204863,0,0,-2,2,0,2,0.3,-0.2,0,Ryan,0.8,467,False,,,43,204863.jpg,1.7,Manning,0.1,False,,a,17,20,10,1812,8,5179,7,0.2,2.3,Manning,104.0,419,0,1,0,7,0,0,0,1,0,0,0,33,71.8,121.4,30.0,22.2,6,0.07,0.68,0.75,10.47,284,100,132,25,256,75,246,79,1.0,,,,,,0.02,0.0,0.15,0.17,2.25,1.5,550,129,244,70,276,84,492,180,1.29,0.0
567,0.0,0.0,476888,0,0,0,0,0,4,0.0,0.0,0,Sékou,0.0,468,False,Transferred to Strasbourg,2024-08-26T10:17:11.280625Z,50,476888.jpg,0.0,Mara,0.0,False,,u,17,20,0,782,0,7941,2,0.0,0.0,Mara,,0,0,0,0,0,0,0,0,0,0,0,0,0,0.0,0.0,0.0,0.0,0,0.00,0.00,0.00,0.00,670,67,666,66,661,65,670,67,,,,,,,0.0,0.0,0.0,0.0,0.0,0.0,221,49,656,66,670,68,568,71,0.0,0.0
568,,,58376,0,0,-2,2,0,1,0.3,-0.2,0,Alex,0.8,469,False,,,43,58376.jpg,3.0,McCarthy,0.2,False,,a,17,20,9,14666,12,20038,17,0.2,2.1,McCarthy,241.0,270,0,0,0,5,0,0,0,0,0,15,0,30,96.6,0.0,0.0,9.7,3,0.00,0.00,0.00,5.85,248,24,527,50,496,41,329,24,,,,,,,0.0,5.0,0.0,0.0,1.95,1.67,532,26,243,21,116,19,390,57,1.0,0.0
569,75.0,75.0,147611,0,0,-1,1,0,4,0.0,-0.4,0,Paul,0.5,470,False,Knock - 75% chance of playing,2024-11-25T09:30:07.798801Z,49,147611.jpg,0.8,Onuachu,0.2,False,,d,17,20,5,27755,19,23910,86,0.1,1.0,Onuachu,157.0,110,0,0,0,4,0,0,0,1,0,0,0,15,9.6,10.8,32.0,5.2,1,0.06,0.00,0.06,3.15,413,40,351,39,250,39,375,41,,,,,,,0.05,0.0,0.0,0.05,2.58,3.27,248,55,298,37,446,47,369,58,0.82,0.0
570,0.0,0.0,214466,0,0,0,0,0,3,0.0,0.0,0,Will,0.0,471,False,Hamstring injury - Unknown return date,2024-10-20T11:00:06.361543Z,50,214466.jpg,1.5,Smallbone,0.0,False,,i,17,20,6,1703,3,5725,1,0.0,1.2,Smallbone,104.0,240,0,0,0,5,0,0,0,0,0,0,0,31,22.6,57.1,32.0,11.1,3,0.31,0.54,0.85,4.93,373,176,223,138,251,138,320,158,2.0,,1.0,,,,0.12,0.0,0.2,0.32,1.85,1.88,204,128,648,288,318,146,593,252,1.12,0.0
571,100.0,100.0,88900,0,0,0,0,0,2,0.5,0.0,0,Jack,1.0,472,False,,2024-10-02T00:30:05.770760Z,40,88900.jpg,1.6,Stephens,0.8,False,,a,17,20,14,117145,154,74849,74,0.2,3.5,Stephens,241.0,755,0,0,1,15,0,0,0,2,1,0,2,64,121.6,51.5,17.0,19.0,9,0.28,0.20,0.48,16.90,214,81,240,66,302,93,267,86,,,,,,,0.03,0.0,0.02,0.05,2.01,1.79,593,159,219,63,285,87,226,87,1.07,0.12
572,0.0,0.0,230348,0,0,-1,1,0,4,0.0,0.0,0,Ross,0.0,473,False,Muscle injury - Expected back 16 Jan,2024-10-05T18:00:07.268831Z,44,230348.jpg,0.8,Stewart,1.8,False,,i,17,20,3,502640,840,396179,482,0.0,0.7,Stewart,243.0,130,0,0,0,2,0,0,0,1,0,0,0,5,5.8,6.7,9.0,2.1,1,0.17,0.02,0.19,2.56,428,42,373,41,336,42,413,43,,,,,,,0.12,0.0,0.01,0.13,1.77,1.38,503,75,515,46,440,46,149,27,0.69,0.0
573,100.0,100.0,219279,0,0,0,0,1,2,0.5,0.0,0,Sugawara,1.0,474,False,,2024-10-20T11:00:06.390070Z,45,219279.jpg,2.2,Yukinari,0.2,False,,a,17,20,27,29380,8,29586,34,0.2,6.0,Sugawara,108.0,745,1,1,1,17,0,0,0,2,0,0,0,104,185.0,174.4,55.0,41.3,9,0.29,1.56,1.85,17.56,139,56,81,17,205,53,132,33,3.0,,2.0,,,,0.04,0.0,0.19,0.23,2.12,2.05,376,66,222,65,211,66,357,128,1.09,0.12
574,,,103914,0,0,-1,1,0,2,-0.5,-1.0,0,Charlie,0.0,475,False,,,39,103914.jpg,1.0,Taylor,4.7,False,,a,17,20,5,259455,1145,311950,442,0.0,1.3,Taylor,241.0,207,0,0,0,5,0,0,0,1,0,0,0,31,67.0,25.4,2.0,9.5,2,0.00,0.09,0.09,4.08,294,103,302,94,372,126,331,107,,,,,,,0.0,0.0,0.04,0.04,1.77,2.17,680,220,382,126,361,116,79,28,0.87,0.0
575,,,158534,0,0,-1,1,0,2,0.0,-0.5,0,Kyle,0.5,476,False,,,44,158534.jpg,2.1,Walker-Peters,0.4,False,,a,17,20,23,25550,21,39729,50,0.1,5.2,Walker-Peters,241.0,980,0,1,1,21,0,0,0,3,0,0,3,113,199.0,124.6,79.0,40.3,11,0.24,0.54,0.78,24.79,121,46,127,24,158,29,134,34,,,,,,,0.02,0.0,0.05,0.07,2.28,1.93,485,95,283,85,220,69,295,108,1.01,0.09
576,,,244845,0,0,0,0,0,2,-0.5,-1.0,0,Nathan,0.0,477,False,,,40,244845.jpg,0.0,Wood-Gordon,1.3,False,,a,17,20,0,88862,38,89028,111,0.0,0.0,Wood,241.0,0,0,0,0,0,0,0,0,0,0,0,0,0,0.0,0.0,0.0,0.0,0,0.00,0.00,0.00,0.00,490,172,469,170,431,153,492,172,,,,,,,0.0,0.0,0.0,0.0,0.0,0.0,625,180,419,147,495,169,185,73,0.0,0.0
577,,,149519,0,0,-3,3,0,3,-0.5,-1.0,0,Maxwel,0.0,515,False,,,47,149519.jpg,0.5,Cornet,0.0,False,,a,17,20,1,1937,0,3484,3,0.0,0.2,Cornet,54.0,71,0,0,0,4,0,0,0,1,0,0,0,12,11.6,3.5,7.0,2.2,1,0.16,0.00,0.16,1.79,404,192,389,208,345,188,411,201,,,,,,,0.2,0.0,0.0,0.2,2.27,5.07,328,214,614,262,462,226,572,236,1.27,0.0
578,0.0,0.0,220585,0,0,-2,2,0,3,0.0,0.0,0,Flynn,2.0,518,False,Suspended until 07 Dec,2024-11-30T01:00:08.247516Z,48,220585.jpg,2.1,Downes,0.0,False,,s,17,20,25,4393,2,7025,19,0.4,5.2,Downes,241.0,1051,1,0,1,23,0,0,0,5,0,0,0,164,168.8,206.4,95.0,47.1,12,0.59,1.11,1.70,25.46,158,57,61,49,133,84,108,63,,,,,,,0.05,0.0,0.1,0.15,2.18,1.97,307,203,125,55,222,97,522,203,1.03,0.09
579,,,204814,0,0,-5,5,0,3,0.0,-0.5,0,Ben,0.5,584,False,,,50,204814.jpg,1.4,Brereton Díaz,0.2,False,,a,17,20,11,22193,2,77474,17,0.1,2.2,Brereton Díaz,44.0,407,0,0,0,8,0,0,0,1,0,0,0,35,20.0,62.0,81.0,16.4,4,0.90,0.14,1.04,8.46,381,179,217,133,154,95,285,142,,,,,,,0.2,0.0,0.03,0.23,1.87,1.77,200,125,302,151,333,160,386,136,0.88,0.0
580,0.0,0.0,496661,0,0,0,0,1,3,0.0,0.0,0,Tyler,1.0,608,False,Suspended until 07 Dec,2024-11-30T01:00:08.409547Z,45,496661.jpg,1.8,Dibling,2.2,False,,s,17,20,24,536468,295,317613,1228,0.2,5.3,Dibling,241.0,746,1,0,1,18,0,0,0,5,0,0,3,102,114.6,172.0,131.0,41.8,8,1.03,0.89,1.92,18.77,220,92,83,63,98,61,130,75,,,,,,,0.12,0.0,0.11,0.23,2.26,2.17,426,257,224,112,265,122,131,39,0.97,0.12
581,,,551226,0,0,0,0,0,3,2.3,1.8,0,Mateus Gonçalo,2.8,623,False,,,50,551226.jpg,2.4,Espanha Fernandes,0.0,False,,a,17,20,29,5972,10,3532,15,0.6,5.8,M.Fernandes,173.0,888,1,1,2,17,0,0,0,3,0,0,0,151,173.8,184.7,110.0,46.9,10,0.97,0.95,1.92,21.01,152,54,73,56,120,76,110,65,,,,,,,0.1,0.0,0.1,0.2,2.13,1.72,237,152,76,37,198,86,534,212,1.01,0.2
582,75.0,75.0,154566,-1,1,0,0,1,4,1.4,1.7,0,Dominic,1.8,82,False,Illness - 75% chance of playing,2024-12-02T00:00:07.868049Z,75,154566.jpg,4.8,Solanke-Mitchell,10.1,False,,d,18,6,48,2046253,156,3736543,7413,0.2,6.4,Solanke,241.0,887,4,3,2,11,0,0,0,0,0,0,3,192,244.0,94.7,359.0,69.7,10,5.57,0.66,6.23,12.68,73,10,170,21,17,9,40,11,,,,,,,0.57,0.0,0.07,0.64,1.29,1.12,16,6,160,21,23,10,39,10,1.01,0.2
583,0.0,0.0,548308,0,0,0,0,0,2,0.0,0.0,0,Ashley,0.0,478,False,Loaned to Stoke City,2024-08-26T10:10:07.966773Z,40,548308.jpg,0.0,Phillips,0.2,False,,u,18,6,0,8361,0,39782,13,0.0,0.0,A.Phillips,,0,0,0,0,0,0,0,0,0,0,0,0,0,0.0,0.0,0.0,0.0,0,0.00,0.00,0.00,0.00,526,194,506,192,469,176,528,194,,,,,,,0.0,0.0,0.0,0.0,0.0,0.0,666,206,458,171,532,192,370,133,0.0,0.0
584,,,214572,0,0,0,0,0,1,0.0,0.5,0,Brandon,0.0,479,False,,,40,214572.jpg,0.0,Austin,0.5,False,,a,18,6,0,26971,31,24124,44,0.0,0.0,Austin,241.0,0,0,0,0,0,0,0,0,0,0,0,0,0,0.0,0.0,0.0,0.0,0,0.00,0.00,0.00,0.00,485,47,464,25,426,16,487,47,,,,,,,0.0,0.0,0.0,0.0,0.0,0.0,616,54,413,38,491,47,256,38,0.0,0.0
585,0.0,0.0,202993,0,0,0,0,0,3,0.0,0.0,0,Rodrigo,1.8,480,False,Suspended until 26 Dec,2024-11-18T15:00:09.073683Z,50,202993.jpg,1.9,Bentancur,0.1,False,,s,18,6,19,18800,2,33745,47,0.4,3.8,Bentancur,230.0,532,1,0,1,9,0,0,0,4,0,0,1,106,100.2,56.6,63.0,22.0,7,0.72,0.25,0.97,8.24,239,103,226,139,193,114,249,124,,,,,,,0.12,0.0,0.04,0.16,1.39,1.52,197,123,151,70,251,114,416,148,1.18,0.17
586,100.0,100.0,570526,0,0,-1,1,0,3,0.5,1.0,0,Lucas,0.5,481,False,,2024-10-16T12:30:07.550630Z,44,570526.jpg,1.0,Bergvall,0.8,False,,a,18,6,7,109367,361,115670,232,0.1,1.6,Bergvall,206.0,52,0,0,0,0,0,0,0,0,0,0,0,27,17.8,34.1,8.0,5.9,0,0.08,0.27,0.35,0.31,386,182,282,168,341,185,366,181,4.0,,,,,,0.14,0.0,0.47,0.61,0.54,0.0,528,313,287,143,388,182,223,71,0.0,0.0
587,100.0,100.0,227127,0,0,-1,1,1,3,1.2,1.7,0,Yves,1.2,482,False,,2024-09-13T15:00:07.156577Z,49,227127.jpg,2.9,Bissouma,0.4,False,,a,18,6,29,85305,40,72183,119,0.2,5.9,Bissouma,132.0,576,2,0,2,5,0,0,0,3,0,0,4,145,161.2,64.5,27.0,25.4,6,0.29,0.30,0.59,8.27,164,62,212,130,269,147,230,114,,,,,,,0.05,0.0,0.05,0.1,1.29,0.78,266,173,205,102,128,55,287,95,0.94,0.31
588,0.0,0.0,436234,0,0,0,0,0,3,0.0,0.0,0,Bryan,0.0,483,False,On loan to Girona for the season,2024-07-31T11:08:25.895794Z,50,436234.jpg,0.0,Gil Salvatierra,0.0,False,,u,18,6,0,0,0,143,0,0.0,0.0,Bryan,,0,0,0,0,0,0,0,0,0,0,0,0,0,0.0,0.0,0.0,0.0,0,0.00,0.00,0.00,0.00,666,301,662,301,657,299,666,301,,,,,,,0.0,0.0,0.0,0.0,0.0,0.0,215,136,652,291,666,301,684,311,0.0,0.0
589,,,115556,0,0,-2,2,0,2,2.0,2.5,0,Ben,2.0,484,False,,,43,115556.jpg,3.0,Davies,0.2,False,,a,18,6,9,11333,59,16956,24,0.5,2.1,Davies,244.0,209,0,0,1,1,0,0,0,0,0,0,0,45,66.8,1.7,0.0,6.9,2,0.00,0.02,0.02,3.99,295,104,403,140,502,196,353,114,,,,,,,0.0,0.0,0.01,0.01,1.72,0.43,543,123,119,35,117,29,353,127,0.86,0.43
590,0.0,0.0,496179,0,0,0,0,0,3,0.0,0.0,0,Alfie,0.0,485,False,Loaned to Westerlo,2024-09-10T11:37:22.522366Z,45,496179.jpg,0.0,Devine,0.1,False,,u,18,6,0,4716,0,11714,2,0.0,0.0,Devine,,0,0,0,0,0,0,0,0,0,0,0,0,0,0.0,0.0,0.0,0.0,0,0.00,0.00,0.00,0.00,605,255,601,259,582,251,607,257,,,,,,,0.0,0.0,0.0,0.0,0.0,0.0,424,255,569,225,611,259,500,191,0.0,0.0
591,,,493125,0,0,-2,2,0,2,2.2,2.7,0,Radu,2.2,486,False,,,43,493125.jpg,2.2,Drăgușin,0.3,False,,a,18,6,13,27365,158,22085,70,0.5,3.0,Dragusin,177.0,459,0,0,1,6,0,0,0,0,0,0,0,63,99.8,6.3,29.0,13.6,5,0.05,0.04,0.09,8.88,240,90,376,126,259,76,301,97,,,,,,,0.01,0.0,0.01,0.02,1.74,1.18,563,140,99,24,209,64,309,115,0.98,0.2
592,0.0,0.0,241157,0,0,0,0,0,2,0.0,0.0,0,Emerson,0.0,487,False,Transferred to AC Milan,2024-08-13T07:06:12.490889Z,45,241157.jpg,0.0,Leite de Souza Junior,0.0,False,,u,18,6,0,0,0,2607,0,0.0,0.0,E.Royal,,0,0,0,0,0,0,0,0,0,0,0,0,0,0.0,0.0,0.0,0.0,0,0.00,0.00,0.00,0.00,580,225,575,225,554,220,582,225,,,,,,,0.0,0.0,0.0,0.0,0.0,0.0,384,72,542,220,586,224,636,214,0.0,0.0
593,,,40383,0,0,-2,2,0,1,0.8,1.3,0,Fraser,0.8,488,False,,,43,40383.jpg,3.0,Forster,0.4,False,,a,18,6,3,26580,276,16294,37,0.2,0.7,Forster,241.0,90,0,0,0,1,0,0,0,0,0,5,0,13,43.6,0.0,0.0,4.4,1,0.00,0.00,0.00,1.38,334,27,525,49,494,40,385,27,,,,,,,0.0,5.0,0.0,0.0,1.38,1.0,530,25,242,20,115,18,285,41,1.0,0.0
594,75.0,75.0,547701,0,0,-3,3,0,3,0.2,0.5,0,Archie,0.2,489,False,Knock - 75% chance of playing,2024-12-02T00:00:08.747842Z,47,547701.jpg,1.0,Gray,0.1,False,,d,18,6,6,9424,1,24188,39,0.0,1.3,Gray,241.0,52,0,0,0,0,0,0,0,0,0,0,0,16,9.0,3.9,0.0,1.2,0,0.00,0.01,0.01,0.14,416,200,387,207,627,285,437,211,,,,,,,0.0,0.0,0.02,0.02,0.24,0.0,345,225,352,170,405,195,421,151,0.0,0.0
595,0.0,0.0,132015,0,0,0,0,0,3,0.0,0.0,0,Pierre-Emile,0.0,490,False,On loan to Marseille for the season,2024-07-23T11:58:08.802970Z,50,132015.jpg,0.0,Højbjerg,0.0,False,,u,18,6,0,0,0,503,0,0.0,0.0,Højbjerg,,0,0,0,0,0,0,0,0,0,0,0,0,0,0.0,0.0,0.0,0.0,0,0.00,0.00,0.00,0.00,663,299,659,299,653,296,663,299,,,,,,,0.0,0.0,0.0,0.0,0.0,0.0,191,117,647,287,663,299,669,299,0.0,0.0
596,,,242898,0,0,2,-2,0,3,4.5,5.0,0,Brennan,4.5,491,False,,,67,242898.jpg,5.0,Johnson,9.9,False,,a,18,6,65,1773408,2788,826353,1796,0.7,9.7,Johnson,244.0,983,6,2,2,13,0,0,0,2,0,0,5,204,267.6,139.3,488.0,88.9,11,7.05,0.61,7.66,14.38,58,19,116,85,5,3,16,13,,,,,,,0.65,0.0,0.06,0.71,1.32,1.19,38,20,26,13,17,8,40,9,1.01,0.18
597,,,445044,0,0,-2,2,0,3,2.2,2.7,0,Dejan,2.2,492,False,,,63,445044.jpg,3.7,Kulusevski,4.1,False,,a,18,6,48,621079,679,449655,1627,0.3,7.6,Kulusevski,206.0,970,2,3,3,12,0,0,0,3,0,0,5,189,262.6,413.3,303.0,97.7,11,1.49,2.46,3.95,14.27,64,20,8,7,29,15,11,8,3.0,,,,,,0.14,0.0,0.23,0.37,1.32,1.11,57,35,113,51,66,30,83,25,1.02,0.28
598,0.0,0.0,200826,0,0,-1,1,0,3,0.0,0.0,0,Giovani,0.0,493,False,Transferred to Real Betis,2024-08-31T06:14:45.936781Z,49,200826.jpg,0.0,Lo Celso,0.0,False,,u,18,6,0,2052,0,10445,0,0.0,0.0,Lo Celso,,0,0,0,0,0,0,0,0,0,0,0,0,0,0.0,0.0,0.0,0.0,0,0.00,0.00,0.00,0.00,655,294,650,295,640,290,655,294,,,,,,,0.0,0.0,0.0,0.0,0.0,0.0,260,168,632,275,656,295,559,227,0.0,0.0
599,,,172780,0,0,1,-1,2,3,4.8,5.3,0,James,4.8,494,False,,,76,172780.jpg,5.4,Maddison,8.6,False,,a,18,6,70,1221784,1623,862803,2910,0.6,9.2,Maddison,241.0,855,5,4,3,11,0,0,0,2,0,0,9,313,387.8,362.1,316.0,106.6,11,3.22,3.74,6.96,12.15,12,5,14,13,23,11,7,5,1.0,,2.0,,2.0,,0.34,0.0,0.39,0.73,1.28,1.16,15,10,22,12,14,7,49,12,1.16,0.32
600,100.0,100.0,441164,0,0,1,-1,2,2,5.0,5.5,0,Pedro,5.0,495,False,,2024-08-19T23:00:06.196679Z,56,441164.jpg,3.9,Porro,30.7,False,,a,18,6,51,2093352,4296,2351619,2782,0.9,9.1,Pedro Porro,200.0,1167,2,1,3,14,0,0,0,2,0,0,3,214,331.8,361.0,127.0,82.1,13,1.10,1.51,2.61,16.57,23,6,15,2,102,10,29,3,2.0,,1.0,,,,0.08,0.0,0.12,0.2,1.28,1.08,104,10,17,3,55,8,6,1,1.0,0.23
601,,,199249,0,0,-3,3,0,2,0.0,0.5,0,Sergio,0.0,496,False,,,42,199249.jpg,0.0,Reguilón,0.2,False,,a,18,6,0,8684,18,25329,26,0.0,0.0,Reguilón,200.0,0,0,0,0,0,0,0,0,0,0,0,0,0,0.0,0.0,0.0,0.0,0,0.00,0.00,0.00,0.00,538,205,522,204,490,193,540,205,,,,,,,0.0,0.0,0.0,0.0,0.0,0.0,579,153,479,189,545,204,387,138,0.0,0.0
602,0.0,0.0,212319,0,0,-2,2,0,4,0.0,0.0,0,Richarlison,0.0,497,False,Hamstring injury - Expected back 04 Jan,2024-11-04T00:00:08.087677Z,68,212319.jpg,1.4,de Andrade,0.4,False,,i,18,6,7,46486,4,131552,22,0.0,1.0,Richarlison,30.0,87,0,1,0,0,0,0,0,1,0,0,0,22,22.2,23.7,17.0,6.2,0,0.19,0.49,0.68,0.59,376,38,307,35,305,41,363,39,,,,,2.0,,0.2,0.0,0.51,0.71,0.61,0.0,33,16,683,73,336,36,296,45,0.0,0.0
603,50.0,50.0,221632,0,0,0,0,1,2,0.1,0.3,0,Cristian,0.2,498,False,Foot injury - 50% chance of playing,2024-11-21T14:30:08.425075Z,50,221632.jpg,3.1,Romero,5.9,False,,d,18,6,34,928728,41,999078,2387,0.0,6.8,Romero,10.0,960,1,0,2,13,0,0,0,1,0,0,2,183,247.4,95.1,140.0,48.5,11,1.03,0.74,1.77,12.64,70,23,169,39,92,8,102,24,,,,,,,0.1,0.0,0.07,0.17,1.18,1.22,206,24,361,120,109,28,65,22,1.03,0.19
604,100.0,100.0,482442,0,0,-2,2,0,3,1.5,2.0,0,Pape Matar,1.5,499,False,,2024-11-10T23:00:08.379204Z,48,482442.jpg,1.8,Sarr,0.2,False,,a,18,6,23,24693,51,32898,53,0.3,4.8,P.M.Sarr,189.0,612,0,2,1,6,0,0,0,2,0,0,0,142,126.2,102.0,57.0,28.5,6,0.70,0.35,1.05,9.32,208,83,161,107,204,117,209,107,,,,,,,0.1,0.0,0.05,0.15,1.37,0.88,321,210,168,79,267,124,363,125,0.88,0.15
605,0.0,0.0,490145,0,0,0,0,0,4,0.0,0.0,0,Dane,0.0,500,False,Loaned to Oxford United,2024-08-14T08:32:58.295903Z,45,490145.jpg,0.0,Scarlett,0.1,False,,u,18,6,0,0,0,13829,7,0.0,0.0,Scarlett,,0,0,0,0,0,0,0,0,0,0,0,0,0,0.0,0.0,0.0,0.0,0,0.00,0.00,0.00,0.00,599,52,595,52,576,50,601,52,,,,,,,0.0,0.0,0.0,0.0,0.0,0.0,416,67,561,51,605,55,484,63,0.0,0.0
606,0.0,0.0,235674,0,0,-1,1,0,3,0.0,0.0,0,Manor,0.0,502,False,Season long loan to Leeds United,2024-08-29T11:11:30.036154Z,54,235674.jpg,0.0,Solomon,0.0,False,,u,18,6,0,480,0,5305,2,0.0,0.0,Solomon,,0,0,0,0,0,0,0,0,0,0,0,0,0,0.0,0.0,0.0,0.0,0,0.00,0.00,0.00,0.00,678,308,677,308,672,306,678,308,,,,,,,0.0,0.0,0.0,0.0,0.0,0.0,137,81,667,299,677,308,585,246,0.0,0.0
607,100.0,100.0,85971,0,0,-1,1,1,3,2.5,3.0,0,Son,2.5,503,False,,2024-10-25T10:30:06.315550Z,99,85971.jpg,5.5,Heung-min,5.9,False,,a,18,6,55,1289120,387,1720949,2522,0.3,5.6,Son,114.0,816,3,4,2,10,0,0,0,0,0,0,7,249,276.6,324.4,247.0,84.9,10,2.10,2.38,4.48,11.72,54,17,20,16,39,23,21,18,,,,,1.0,,0.23,0.0,0.26,0.49,1.29,1.1,5,4,98,48,13,6,67,19,1.1,0.22
608,100.0,100.0,232859,0,0,-1,1,0,2,0.2,0.7,0,Djed,0.2,504,False,,2024-10-19T19:30:07.661626Z,44,232859.jpg,0.8,Spence,0.1,False,,a,18,6,3,2436,6,7658,11,0.0,0.7,Spence,241.0,64,0,0,0,0,0,0,0,1,0,0,0,11,10.6,7.6,2.0,2.0,0,0.00,0.01,0.01,0.68,408,143,367,120,376,130,419,141,,,,,,,0.0,0.0,0.01,0.01,0.96,0.0,505,108,335,109,441,146,481,175,0.0,0.0
609,100.0,100.0,487053,0,0,-1,1,0,2,2.2,2.7,0,Destiny,2.2,505,False,,2024-09-29T21:00:06.621002Z,49,487053.jpg,2.4,Udogie,3.2,False,,a,18,6,31,275077,378,336661,574,0.4,6.3,Udogie,106.0,1094,0,1,2,14,0,0,0,2,0,0,0,166,196.8,188.8,102.0,48.8,13,0.31,0.99,1.30,15.99,126,50,69,15,127,16,100,23,,,,,,,0.03,0.0,0.08,0.11,1.32,1.15,282,32,107,29,195,58,101,42,1.07,0.16
610,0.0,0.0,491279,0,0,0,0,1,2,0.0,0.0,0,Micky,0.0,506,False,Hamstring injury - Expected back 15 Dec,2024-10-31T03:00:07.863084Z,45,491279.jpg,3.4,van de Ven,4.2,False,,i,18,6,27,1016242,30,1294311,1710,0.0,6.0,Van de Ven,152.0,710,0,2,2,8,0,0,0,4,0,0,2,128,148.0,36.3,36.0,22.1,8,0.21,0.69,0.90,7.75,177,69,277,80,244,71,248,80,,,,,,,0.03,0.0,0.09,0.12,0.98,1.01,420,84,565,223,79,18,81,29,1.01,0.25
611,0.0,0.0,536908,0,0,0,0,0,4,0.0,0.0,0,Alejo,0.0,507,False,Loaned to Espanyol,2024-08-10T12:19:41.352153Z,50,536908.jpg,0.0,Véliz,0.0,False,,u,18,6,0,0,0,937,0,0.0,0.0,Veliz,,0,0,0,0,0,0,0,0,0,0,0,0,0,0.0,0.0,0.0,0.0,0,0.00,0.00,0.00,0.00,674,69,670,68,665,67,674,69,,,,,,,0.0,0.0,0.0,0.0,0.0,0.0,233,52,660,68,673,69,654,74,0.0,0.0
612,0.0,0.0,184254,0,0,-1,1,1,1,0.0,0.0,0,Guglielmo,2.2,508,False,Ankle injury - Unknown return date,2024-11-26T00:00:08.341528Z,49,184254.jpg,3.1,Vicario,2.6,False,,i,18,6,37,200766,16,386837,1695,0.4,7.6,Vicario,106.0,1080,0,0,3,13,0,0,0,1,0,29,1,185,260.4,0.0,0.0,25.9,12,0.00,0.00,0.00,15.25,66,16,649,67,639,64,227,16,,,,,,,0.0,2.42,0.0,0.0,1.27,1.08,256,10,106,12,104,16,116,18,1.0,0.25
613,100.0,100.0,165153,0,0,-3,3,0,3,3.0,3.5,0,Timo,3.0,509,False,,2024-11-07T09:00:08.010655Z,62,165153.jpg,2.5,Werner,0.2,False,,a,18,6,25,12085,37,28721,37,0.5,4.0,Werner,80.0,332,0,3,1,5,0,0,0,0,0,0,2,81,83.2,80.3,99.0,25.8,3,1.02,1.05,2.07,5.18,264,118,190,120,130,83,228,113,,,,,,,0.28,0.0,0.28,0.56,1.4,1.36,60,38,64,34,184,81,384,135,0.81,0.27
614,,,175941,0,0,0,0,0,1,0.0,0.5,0,Alfie,0.0,510,False,,,40,175941.jpg,0.0,Whiteman,1.4,False,,a,18,6,0,46445,25,55130,87,0.0,0.0,Whiteman,241.0,0,0,0,0,0,0,0,0,0,0,0,0,0,0.0,0.0,0.0,0.0,0,0.00,0.00,0.00,0.00,477,44,456,22,418,13,479,44,,,,,,,0.0,0.0,0.0,0.0,0.0,0.0,607,51,405,35,484,44,182,25,0.0,0.0
615,100.0,100.0,552427,0,0,0,0,0,4,0.2,0.7,0,Will,0.2,609,False,,2024-09-13T15:00:07.321230Z,45,552427.jpg,1.0,Lankshear,1.6,False,,a,18,6,1,329321,464,227061,349,0.0,0.2,Lankshear,241.0,1,0,0,0,0,0,0,0,0,0,0,0,3,0.0,0.0,0.0,0.0,0,0.00,0.00,0.00,0.00,626,54,622,54,603,52,628,54,,,,,,,0.0,0.0,0.0,0.0,0.0,0.0,455,70,345,41,396,41,156,29,0.0,0.0
616,0.0,0.0,499721,0,0,0,0,0,3,0.0,0.0,0,Mikey,0.0,610,False,Illness - Expected back 15 Dec,2024-11-07T09:00:08.150966Z,45,499721.jpg,1.2,Moore,0.3,False,,i,18,6,5,42788,1,40338,86,0.0,1.1,Moore,241.0,82,0,0,0,1,0,0,0,0,0,0,0,12,1.8,2.5,7.0,1.0,1,0.04,0.03,0.07,0.94,451,218,396,209,344,187,439,213,,,,,,,0.04,0.0,0.03,0.07,1.03,1.1,431,262,574,230,349,169,329,109,1.1,0.0
617,0.0,0.0,550839,0,0,-2,2,0,3,0.0,0.0,0,Wilson,0.0,612,False,Hamstring injury - Unknown return date,2024-10-30T12:00:07.631102Z,53,550839.jpg,2.0,Odobert,0.0,False,,i,18,6,6,6235,0,7724,0,0.0,1.1,Odobert,73.0,160,0,0,1,1,0,0,0,0,0,0,0,12,10.0,40.5,42.0,9.2,2,0.42,0.08,0.50,1.63,409,196,265,159,232,128,337,170,,,,,,,0.24,0.0,0.04,0.28,0.92,0.56,157,94,665,298,238,107,584,245,1.12,0.56
618,,,499726,0,0,0,0,0,3,0.0,0.5,0,Callum,0.0,683,False,,,45,499726.jpg,0.0,Olusesi,0.0,False,,a,18,6,0,274,5,57,1,0.0,0.0,Olusesi,241.0,0,0,0,0,0,0,0,0,0,0,0,0,0,0.0,0.0,0.0,0.0,0,0.00,0.00,0.00,0.00,609,259,605,263,586,255,611,261,,,,,,,0.0,0.0,0.0,0.0,0.0,0.0,432,263,575,231,615,263,670,300,0.0,0.0
619,,,611920,0,0,0,0,0,2,0.0,0.5,0,Malachi,0.0,684,False,,,40,611920.jpg,0.0,Hardy,0.0,False,,a,18,6,0,690,17,124,6,0.0,0.0,Hardy,241.0,0,0,0,0,0,0,0,0,0,0,0,0,0,0.0,0.0,0.0,0.0,0,0.00,0.00,0.00,0.00,535,203,515,201,481,188,537,203,,,,,,,0.0,0.0,0.0,0.0,0.0,0.0,678,218,469,182,542,202,642,216,0.0,0.0
620,,,611917,0,0,0,0,0,3,0.0,0.5,0,Luca,0.0,689,False,,,45,611917.jpg,0.0,Williams-Barnett,0.0,False,,a,18,6,0,117,3,14,2,0.0,0.0,Williams-Barnett,,0,0,0,0,0,0,0,0,0,0,0,0,0,0.0,0.0,0.0,0.0,0,0.00,0.00,0.00,0.00,643,286,638,289,620,282,644,287,,,,,,,0.0,0.0,0.0,0.0,0.0,0.0,474,296,612,261,647,289,683,310,0.0,0.0
621,,,214590,0,0,0,0,1,2,7.0,7.0,1,Aaron,7.0,388,False,,,45,214590.jpg,3.1,Wan-Bissaka,4.9,False,,a,19,21,40,451131,5743,155647,898,1.6,8.9,Wan-Bissaka,241.0,1084,2,0,2,25,0,0,0,0,0,0,3,138,282.0,159.4,84.0,52.4,12,0.65,0.85,1.50,22.21,48,16,95,20,146,25,84,14,,,,,,,0.05,0.0,0.07,0.12,1.84,2.08,375,65,5,1,100,24,78,27,1.0,0.17
622,100.0,100.0,213999,0,0,0,0,0,3,0.5,0.5,1,Edson,0.5,511,False,,2024-11-02T18:30:08.251411Z,50,213999.jpg,0.8,Álvarez Velázquez,0.1,False,,a,19,21,8,10722,29,14093,22,0.1,1.6,Álvarez,139.0,542,0,0,0,13,0,0,0,3,1,0,0,63,85.4,93.4,20.0,19.8,6,0.09,0.44,0.53,10.49,261,116,172,111,291,163,260,131,,,,,,,0.01,0.0,0.07,0.08,1.74,2.16,203,127,303,152,447,220,430,155,1.0,0.0
623,,,57531,0,0,-1,1,1,4,1.8,1.8,1,Michail,1.8,512,False,,,54,57531.jpg,3.0,Antonio,2.1,False,,a,19,21,42,372623,292,338197,1108,0.3,7.8,Antonio,107.0,834,1,4,4,18,0,0,0,1,0,0,3,110,72.0,139.5,194.0,39.5,11,2.20,0.91,3.11,17.84,283,28,115,9,59,21,138,22,,,,,,,0.24,0.0,0.1,0.34,1.93,1.94,125,37,156,20,122,19,137,23,1.19,0.43
624,100.0,100.0,84182,0,0,-2,2,0,1,0.0,0.0,0,Alphonse,0.0,513,False,,2024-09-01T00:30:06.144103Z,43,84182.jpg,1.9,Areola,5.0,False,,a,19,21,15,221879,116,638299,1545,0.0,3.5,Areola,73.0,675,0,0,1,14,1,0,0,0,0,20,0,56,159.6,0.0,0.0,16.0,8,0.00,0.00,0.00,11.76,166,21,529,52,498,43,289,22,,,,,,,0.0,2.67,0.0,0.0,1.57,1.87,535,28,486,62,243,30,75,13,1.07,0.13
625,,,178186,0,0,-1,1,1,3,3.5,3.5,2,Jarrod,3.5,514,False,,,74,178186.jpg,4.4,Bowen,6.7,False,,a,19,21,61,798299,1353,846141,3065,0.5,8.2,Bowen,241.0,1237,3,4,3,26,0,0,0,0,0,0,3,262,339.8,439.6,389.0,116.8,14,2.75,3.72,6.47,24.60,20,6,7,6,11,6,5,4,2.0,,,,4.0,,0.2,0.0,0.27,0.47,1.79,1.89,18,12,50,26,38,18,59,16,1.02,0.22
626,,,164555,-1,1,-3,3,0,2,0.5,0.5,0,Vladimír,0.5,516,False,,,42,164555.jpg,1.4,Coufal,0.5,False,,a,19,21,11,23337,23,62295,59,0.1,2.6,Coufal,57.0,322,0,0,1,5,0,0,0,2,0,0,0,18,30.2,33.2,7.0,6.7,3,0.02,0.24,0.26,5.31,358,127,283,83,343,115,355,116,,,,,,,0.01,0.0,0.07,0.08,1.48,1.4,576,150,280,82,323,107,261,96,0.84,0.28
627,100.0,100.0,55459,0,0,0,0,0,2,0.0,0.0,0,Aaron,0.0,517,False,,2024-08-30T04:00:05.718151Z,40,55459.jpg,0.8,Cresswell,1.5,False,,a,19,21,3,79892,29,168388,182,0.0,0.8,Cresswell,241.0,26,0,0,0,0,0,0,0,1,0,0,0,9,4.8,11.8,1.0,1.8,0,0.03,0.01,0.04,0.94,433,149,345,111,392,133,425,145,,,2.0,,,,0.1,0.0,0.03,0.13,3.25,0.0,591,158,395,134,436,142,175,67,0.0,0.0
628,0.0,0.0,490885,0,0,0,0,0,3,0.0,0.0,0,George,0.0,519,False,Loaned to Bristol City,2024-08-16T11:57:26.531525Z,45,490885.jpg,0.0,Earthy,0.0,False,,u,19,21,0,0,0,7330,7,0.0,0.0,Earthy,,0,0,0,0,0,0,0,0,0,0,0,0,0,0.0,0.0,0.0,0.0,0,0.00,0.00,0.00,0.00,601,251,597,255,578,247,603,253,,,,,,,0.0,0.0,0.0,0.0,0.0,0.0,419,251,564,221,607,255,565,232,0.0,0.0
629,100.0,100.0,109533,0,0,-1,1,1,2,5.2,5.2,1,Emerson,5.2,520,False,,2024-09-14T18:00:06.450752Z,44,109533.jpg,2.4,Palmieri dos Santos,1.0,False,,a,19,21,34,90062,1144,57338,315,1.2,7.7,Emerson,106.0,1017,1,1,3,24,0,0,0,4,0,0,0,104,226.8,187.9,77.0,49.0,13,1.10,1.36,2.46,21.13,88,30,70,16,162,30,99,22,3.0,,,,,,0.1,0.0,0.12,0.22,1.87,2.12,483,93,12,2,186,52,203,80,1.15,0.27
630,,,37096,0,0,1,-1,0,1,4.0,4.0,2,Łukasz,4.0,521,False,,,41,37096.jpg,3.1,Fabiański,19.3,False,,a,19,21,22,1287998,1913,556364,1009,1.0,5.4,Fabianski,172.0,585,0,0,2,13,0,0,0,1,0,20,2,59,161.2,0.0,0.0,16.1,6,0.00,0.00,0.00,13.33,163,20,517,43,483,34,287,21,,,,,,,0.0,3.08,0.0,0.0,2.05,2.0,583,40,35,5,97,14,21,2,0.92,0.31
631,,,82143,0,0,-2,2,0,1,0.0,0.0,0,Wes,0.0,522,False,,,43,82143.jpg,0.0,Foderingham,0.1,False,,a,19,21,0,4345,9,10828,23,0.0,0.0,Foderingham,241.0,0,0,0,0,0,0,0,0,0,0,0,0,0,0.0,0.0,0.0,0.0,0,0.00,0.00,0.00,0.00,542,67,528,51,497,42,544,67,,,,,,,0.0,0.0,0.0,0.0,0.0,0.0,534,27,485,61,549,67,414,59,0.0,0.0
632,,,84939,0,0,0,0,0,4,1.0,1.0,1,Danny,1.0,523,False,,,50,84939.jpg,2.8,Ings,1.7,False,,a,19,21,22,340603,217,296200,490,0.2,4.4,Ings,241.0,155,1,2,0,2,0,0,0,0,0,0,4,75,72.8,52.0,135.0,26.1,1,2.05,0.05,2.10,1.86,280,27,238,29,94,29,225,29,,,,,,,1.19,0.0,0.03,1.22,1.08,1.16,188,45,228,29,139,21,152,28,0.58,0.0
633,,,214048,0,0,0,0,1,2,3.2,3.2,1,Max,3.2,524,False,,,45,214048.jpg,2.4,Kilman,1.9,False,,a,19,21,34,320477,113,250837,549,0.7,7.6,Kilman,241.0,1260,0,1,3,27,0,0,0,3,0,0,3,145,311.8,98.4,52.0,46.4,14,0.87,0.18,1.05,25.09,34,11,166,38,210,55,113,26,,,,,,,0.06,0.0,0.01,0.07,1.79,1.93,374,64,53,10,188,54,143,54,1.0,0.21
634,100.0,100.0,460842,0,0,-3,3,0,3,0.5,0.5,2,Mohammed,0.5,525,False,,2024-10-19T16:00:07.402004Z,62,460842.jpg,2.8,Kudus,2.4,False,,a,19,21,25,214383,431,835468,245,0.1,4.0,Kudus,81.0,740,2,0,1,17,0,0,0,0,1,0,0,122,163.8,160.2,312.0,63.6,9,3.05,1.19,4.24,13.94,161,60,94,69,25,12,55,36,,,,,,,0.37,0.0,0.14,0.51,1.7,2.07,70,46,315,159,146,62,124,36,1.09,0.12
635,,,577114,0,0,-3,3,0,3,0.2,0.2,0,Luis Guilherme,0.2,526,False,,,47,577114.jpg,1.0,Lira dos Santos,0.0,False,,a,19,21,2,1648,4,3701,7,0.0,0.4,L.Guilherme,30.0,11,0,0,0,0,0,0,0,0,0,0,0,7,0.0,0.4,2.0,0.2,0,0.00,0.00,0.00,0.13,647,289,422,220,386,209,459,223,,,,,,,0.0,0.0,0.0,0.0,1.06,0.0,346,226,353,171,406,196,577,239,0.0,0.0
636,,,224024,0,0,-2,2,0,3,3.0,3.0,1,Lucas,3.0,527,False,,,58,224024.jpg,2.7,Tolentino Coelho de Lima,1.4,False,,a,19,21,38,195780,144,269911,377,0.5,6.6,L.Paquetá,30.0,1005,2,1,3,22,0,0,0,4,0,0,1,164,192.8,264.7,132.0,58.6,12,2.47,1.08,3.55,21.16,130,46,35,29,97,60,73,45,,,1.0,,1.0,,0.22,0.0,0.1,0.32,1.89,1.97,89,57,63,33,157,66,184,55,1.07,0.27
637,75.0,75.0,233963,0,0,-1,1,0,2,0.4,0.4,1,Konstantinos,0.5,528,False,Illness - 75% chance of playing,2024-11-30T22:00:08.032136Z,44,233963.jpg,1.6,Mavropanos,0.2,False,,d,19,21,18,15039,4,18159,29,0.1,4.1,Mavropanos,83.0,773,0,0,1,15,0,0,0,1,0,0,2,91,201.0,22.8,77.0,30.2,8,0.61,0.32,0.93,15.67,117,44,310,99,163,31,198,57,,,,,,,0.07,0.0,0.04,0.11,1.82,1.75,507,109,285,87,291,93,401,144,0.93,0.12
638,0.0,0.0,210494,0,0,-1,1,0,2,0.0,0.0,0,Nayef,0.0,529,False,On loan to Real Sociedad for the season,2024-09-01T09:10:50.538029Z,44,210494.jpg,0.0,Aguerd,0.0,False,,u,19,21,0,1368,0,12847,5,0.0,0.0,N.Aguerd,,0,0,0,0,0,0,0,0,0,0,0,0,0,0.0,0.0,0.0,0.0,0,0.00,0.00,0.00,0.00,554,215,544,214,518,208,556,215,,,,,,,0.0,0.0,0.0,0.0,0.0,0.0,493,100,509,208,561,214,519,187,0.0,0.0
639,,,215439,0,0,-1,1,0,3,4.0,4.0,2,Tomáš,4.0,530,False,,,49,215439.jpg,3.5,Souček,2.0,False,,a,19,21,45,331580,422,374015,568,0.8,9.2,Souček,57.0,893,3,1,3,19,0,0,0,4,0,0,6,157,226.8,132.3,262.0,61.5,10,2.70,0.73,3.43,16.46,89,31,122,89,37,22,64,41,,,,,,,0.27,0.0,0.07,0.34,1.66,1.91,263,171,36,18,75,31,139,43,1.01,0.3
640,0.0,0.0,103192,0,0,-1,1,0,2,0.0,0.0,0,Kurt,0.0,532,False,On loan to Al-Orobah for the rest of the season,2024-09-02T10:44:47.323774Z,44,103192.jpg,0.0,Zouma,0.2,False,,u,19,21,0,5376,0,48501,11,0.0,0.0,Zouma,,0,0,0,0,0,0,0,0,0,0,0,0,0,0.0,0.0,0.0,0.0,0,0.00,0.00,0.00,0.00,552,213,540,212,515,206,554,213,,,,,,,0.0,0.0,0.0,0.0,0.0,0.0,481,91,504,205,559,212,394,141,0.0,0.0
641,,,229384,0,0,-2,2,0,3,0.5,0.5,0,Andy,0.5,576,False,,,48,229384.jpg,0.8,Irving,0.0,False,,a,19,21,4,1031,3,2189,3,0.1,0.8,Irving,243.0,48,0,0,0,0,0,0,0,1,0,0,0,14,15.2,7.1,7.0,2.9,0,0.04,0.00,0.04,1.48,397,187,371,202,346,189,398,194,,,,,,,0.08,0.0,0.0,0.08,2.78,0.0,310,204,294,147,443,218,581,242,0.0,0.0
642,,,450070,0,0,-3,3,0,3,2.5,2.5,4,Crysencio,2.5,587,False,,,57,450070.jpg,1.9,Summerville,0.5,False,,a,19,21,25,42584,60,102550,146,0.4,4.4,Summerville,152.0,514,1,1,2,13,0,0,0,2,0,0,2,91,127.4,153.6,112.0,39.3,5,1.18,1.25,2.43,11.80,206,82,101,75,116,73,140,82,,,,,,,0.21,0.0,0.22,0.43,2.07,2.28,96,61,93,45,255,118,264,86,0.88,0.35
643,,,197024,0,0,-2,2,0,3,1.2,1.2,0,Guido,1.2,588,False,,,48,197024.jpg,1.6,Rodríguez,0.1,False,,a,19,21,21,5748,12,8287,16,0.3,4.4,G.Rodríguez,10.0,818,0,0,2,16,0,0,0,3,0,0,0,125,136.8,47.6,21.0,20.7,11,0.14,0.12,0.26,15.60,195,75,250,153,286,159,255,127,,,,,,,0.02,0.0,0.01,0.03,1.72,1.76,300,198,200,97,298,135,476,178,1.21,0.22
644,25.0,25.0,91889,0,0,-3,3,0,4,0.4,0.4,6,Niclas,1.5,589,False,Lack of match fitness - 25% chance of playing,2024-09-11T12:30:07.323344Z,67,91889.jpg,2.2,Füllkrug,0.8,False,,d,19,21,9,49634,94,385612,60,0.2,1.3,Füllkrug,80.0,74,1,0,0,3,0,0,0,0,0,0,1,31,35.8,3.6,62.0,10.2,0,0.67,0.09,0.76,1.75,348,35,388,43,196,35,325,35,,,,,,,0.81,0.0,0.11,0.92,2.13,3.65,36,17,187,26,219,30,222,37,0.0,0.0
645,75.0,75.0,462116,0,0,-2,2,0,2,1.4,1.4,0,Jean-Clair,1.8,591,False,Knock - 75% chance of playing,2024-12-03T11:00:08.140652Z,43,462116.jpg,1.5,Todibo,0.3,False,,d,19,21,15,13765,7,34297,117,0.4,3.5,Todibo,73.0,648,0,0,1,15,0,0,0,0,0,0,0,69,141.2,24.3,14.0,17.9,7,0.10,0.02,0.12,11.89,184,72,304,95,313,101,276,90,,,,,,,0.01,0.0,0.0,0.01,1.65,2.08,560,137,140,43,311,103,317,118,0.97,0.14
646,75.0,75.0,518438,0,0,0,0,0,2,0.0,0.0,0,Kaelan,0.0,643,False,Illness - 75% chance of playing,2024-11-30T22:00:08.284898Z,40,518438.jpg,0.0,Casey,0.2,False,,d,19,21,0,24862,1,14935,53,0.0,0.0,Casey,241.0,0,0,0,0,0,0,0,0,0,0,0,0,0,0.0,0.0,0.0,0.0,0,0.00,0.00,0.00,0.00,521,189,501,187,464,171,523,189,,,,,,,0.0,0.0,0.0,0.0,0.0,0.0,661,201,453,166,527,187,383,137,0.0,0.0
647,,,224860,0,0,0,0,0,3,2.8,2.8,2,Carlos,2.8,654,False,,,50,224860.jpg,1.4,Soler,0.0,False,,a,19,21,15,3429,20,2186,8,0.6,3.0,C.Soler,200.0,484,0,1,1,9,0,0,0,3,0,0,0,69,52.6,108.1,80.0,24.0,4,0.54,0.53,1.07,10.36,317,153,149,102,157,98,240,119,,,,,,,0.1,0.0,0.1,0.2,1.93,1.67,207,130,75,36,334,161,574,237,0.74,0.19
648,,,536109,0,0,0,0,0,2,0.0,0.0,0,Ollie,0.0,677,False,,,40,536109.jpg,0.0,Scarles,0.0,False,,a,19,21,0,480,6,146,5,0.0,0.0,Scarles,241.0,0,0,0,0,0,0,0,0,0,0,0,0,0,0.0,0.0,0.0,0.0,0,0.00,0.00,0.00,0.00,522,190,502,188,465,172,524,190,,,,,,,0.0,0.0,0.0,0.0,0.0,0.0,662,202,454,167,528,188,644,217,0.0,0.0
649,,,602903,0,0,0,0,0,2,0.0,0.0,0,Ezra,0.0,686,False,,,40,602903.jpg,0.0,Mayers,0.0,False,,a,19,21,0,215,7,27,2,0.0,0.0,Mayers,,0,0,0,0,0,0,0,0,0,0,0,0,0,0.0,0.0,0.0,0.0,0,0.00,0.00,0.00,0.00,533,201,513,199,479,186,535,201,,,,,,,0.0,0.0,0.0,0.0,0.0,0.0,676,216,467,180,540,200,666,225,0.0,0.0
650,100.0,100.0,101982,0,0,-2,2,0,1,0.0,0.0,0,Sam,0.0,204,False,,2024-10-20T21:30:06.848774Z,43,101982.jpg,2.0,Johnstone,0.4,False,,a,20,39,10,40326,12,52221,64,0.0,2.3,Johnstone,241.0,450,0,0,0,13,0,0,0,0,0,19,0,31,155.8,10.0,0.0,16.6,5,0.00,0.00,0.00,10.77,173,22,358,3,499,44,284,20,,,,,,,0.0,3.8,0.0,0.0,2.15,2.6,537,29,487,63,229,27,288,43,1.0,0.0
651,100.0,100.0,448514,0,0,4,-4,1,2,2.0,2.0,0,Rayan,2.0,533,False,,2024-09-08T23:00:07.055579Z,49,448514.jpg,2.9,Aït-Nouri,16.2,False,,a,20,39,38,1815174,2216,335034,1724,0.4,7.8,Aït-Nouri,3.0,1104,3,2,1,31,0,0,0,4,0,0,2,100,307.2,161.9,162.0,63.2,13,1.26,0.64,1.90,22.61,38,13,93,19,82,6,58,8,,,,,,,0.1,0.0,0.05,0.15,1.84,2.53,276,30,128,39,129,34,24,8,1.06,0.08
652,0.0,0.0,476502,0,0,-2,2,0,3,0.0,0.0,0,Boubacar,0.0,534,False,Knee injury - Unknown return date,2024-08-30T04:00:05.724805Z,48,476502.jpg,0.0,Traoré,0.0,False,,i,20,39,0,1380,0,6168,4,0.0,0.0,B.Traore,132.0,0,0,0,0,0,0,0,0,0,0,0,0,0,0.0,0.0,0.0,0.0,0,0.00,0.00,0.00,0.00,650,291,645,292,632,287,650,291,,,,,,,0.0,0.0,0.0,0.0,0.0,0.0,318,208,624,269,652,292,582,243,0.0,0.0
653,,,231057,0,0,0,0,0,3,1.8,1.8,0,Jean-Ricner,1.8,535,False,,,50,231057.jpg,2.4,Bellegarde,0.1,False,,a,20,39,29,12355,10,11000,19,0.4,5.8,Bellegarde,73.0,624,1,2,2,15,0,0,0,2,0,0,0,92,107.8,106.4,63.0,27.1,8,0.28,0.57,0.85,11.95,230,97,152,104,194,115,219,110,,,1.0,,,,0.04,0.0,0.08,0.12,1.72,2.16,209,132,153,72,196,84,472,177,1.15,0.29
654,,,79602,0,0,0,0,0,1,0.0,0.0,0,Daniel,0.0,536,False,,,40,79602.jpg,0.0,Bentley,1.5,False,,a,20,39,0,50973,29,104994,121,0.0,0.0,Bentley,241.0,0,0,0,0,0,0,0,0,0,0,0,0,0,0.0,0.0,0.0,0.0,0,0.00,0.00,0.00,0.00,469,39,447,16,407,7,471,39,,,,,,,0.0,0.0,0.0,0.0,0.0,0.0,592,45,396,30,476,39,168,24,0.0,0.0
655,0.0,0.0,510363,0,0,0,0,0,3,0.0,0.0,0,Francisco Jorge,0.0,537,False,Season long loan to RCD Mallorca,2024-09-01T09:12:21.111329Z,45,510363.jpg,1.0,Tomás Oliveira,0.1,False,,u,20,39,1,11572,0,25808,11,0.0,0.2,Chiquinho,,6,0,0,0,0,0,0,0,0,0,0,0,4,3.0,14.3,2.0,1.9,0,0.00,0.05,0.05,0.00,444,214,337,192,381,205,423,205,,,,,,,0.0,0.0,0.75,0.75,0.0,0.0,434,265,576,232,393,185,455,168,0.0,0.0
656,0.0,0.0,497606,0,0,0,0,0,3,0.0,0.0,0,Tawanda,0.0,538,False,Loaened to Derby County,2024-08-27T08:37:28.318365Z,45,497606.jpg,0.0,Chirewa,0.0,False,,u,20,39,0,1909,0,8221,3,0.0,0.0,Chirewa,,0,0,0,0,0,0,0,0,0,0,0,0,0,0.0,0.0,0.0,0.0,0,0.00,0.00,0.00,0.00,607,257,603,261,584,253,609,259,,,,,,,0.0,0.0,0.0,0.0,0.0,0.0,427,258,571,227,613,261,564,231,0.0,0.0
657,100.0,100.0,589507,0,0,0,0,0,4,0.0,0.0,0,Leon,0.0,539,False,,2024-09-10T11:40:34.472554Z,45,589507.jpg,0.0,Chiwome,2.4,False,,a,20,39,0,477702,447,265725,648,0.0,0.0,Chiwome,,0,0,0,0,0,0,0,0,0,0,0,0,0,0.0,0.0,0.0,0.0,0,0.00,0.00,0.00,0.00,637,58,633,58,614,56,639,58,,,,,,,0.0,0.0,0.0,0.0,0.0,0.0,467,74,605,57,642,60,125,20,0.0,0.0
658,,,245923,0,0,0,0,0,3,0.0,0.0,0,Luke,0.0,540,False,,,45,245923.jpg,0.0,Cundle,0.2,False,,a,20,39,0,31310,9,28390,32,0.0,0.0,Cundle,241.0,0,0,0,0,0,0,0,0,0,0,0,0,0,0.0,0.0,0.0,0.0,0,0.00,0.00,0.00,0.00,583,238,578,242,557,234,585,240,,,,,,,0.0,0.0,0.0,0.0,0.0,0.0,387,235,545,207,589,242,351,121,0.0,0.0
659,,,430871,0,0,6,-6,2,4,7.5,7.5,0,Matheus,7.5,541,False,,,71,430871.jpg,5.9,Santos Carneiro Da Cunha,24.3,False,,a,20,39,77,2792438,8928,442209,2003,1.1,10.8,Cunha,30.0,1065,7,3,1,29,0,0,0,1,0,0,16,362,406.8,348.1,359.0,111.4,12,3.24,2.36,5.60,21.82,10,2,18,1,16,8,6,2,2.0,,3.0,,3.0,,0.27,0.0,0.2,0.47,1.84,2.45,24,10,3,1,10,6,12,3,1.01,0.08
660,,,60232,0,0,-1,1,0,2,1.8,1.8,0,Craig,1.8,542,False,,,44,60232.jpg,1.6,Dawson,0.2,False,,a,20,39,18,20101,28,19537,30,0.4,4.1,Dawson,241.0,794,0,1,1,19,0,0,0,2,0,0,1,66,195.2,29.4,49.0,27.4,8,0.46,0.07,0.53,15.70,128,51,293,87,217,58,216,66,,,,,,,0.05,0.0,0.01,0.06,1.78,2.15,478,88,141,44,289,91,346,124,0.91,0.11
661,,,87835,0,0,-2,2,0,2,0.5,0.5,0,Matt,0.5,543,False,,,43,87835.jpg,0.7,Doherty,0.2,False,,a,20,39,4,5291,15,14096,11,0.1,0.9,Doherty,104.0,212,0,0,0,9,0,0,0,0,0,0,0,8,40.8,16.0,15.0,7.2,2,0.08,0.08,0.16,3.67,339,117,328,104,308,97,349,111,,,,,,,0.03,0.0,0.03,0.06,1.56,3.82,536,119,281,83,454,151,402,145,0.85,0.0
662,,,220394,0,0,-2,2,0,3,0.2,0.2,0,Tommy,0.2,544,False,,,48,220394.jpg,1.6,Doyle,0.0,False,,a,20,39,14,3882,4,4936,14,0.0,2.9,Doyle,241.0,262,0,1,0,7,0,0,0,0,0,0,0,62,52.8,41.5,14.0,10.9,2,0.28,0.12,0.40,6.00,316,152,261,157,316,172,321,159,,,,,,,0.1,0.0,0.04,0.14,2.06,2.4,306,202,356,174,300,137,520,201,0.69,0.0
663,0.0,0.0,449988,0,0,0,0,0,4,0.0,0.0,0,Fábio,0.0,545,False,Season long loan to Las Palmas,2024-08-30T20:53:22.805927Z,50,449988.jpg,0.0,Silva,0.1,False,,u,20,39,0,7594,0,32691,10,0.0,0.0,Fábio Silva,,0,0,0,0,0,0,0,0,0,0,0,0,0,0.0,0.0,0.0,0.0,0,0.00,0.00,0.00,0.00,668,66,664,65,659,64,668,66,,,,,,,0.0,0.0,0.0,0.0,0.0,0.0,219,48,654,65,668,67,440,61,0.0,0.0
664,0.0,0.0,531363,0,0,0,0,0,4,0.0,0.0,0,Nathan,0.0,546,False,Loaned to Zulte Waregem,2024-08-26T10:19:49.301076Z,45,531363.jpg,0.0,Fraser,1.6,False,,u,20,39,0,86763,0,477539,192,0.0,0.0,Fraser,,0,0,0,0,0,0,0,0,0,0,0,0,0,0.0,0.0,0.0,0.0,0,0.00,0.00,0.00,0.00,616,53,612,53,593,51,618,53,,,,,,,0.0,0.0,0.0,0.0,0.0,0.0,443,69,584,53,622,56,157,30,0.0,0.0
665,0.0,0.0,593001,0,0,-1,1,0,3,0.0,0.0,0,Enso,0.0,547,False,Knee injury - Unknown return date,2024-08-05T15:00:04.514369Z,44,593001.jpg,0.0,González,0.1,False,,i,20,39,0,6989,41,5552,21,0.0,0.0,Gonzalez,168.0,0,0,0,0,0,0,0,0,0,0,0,0,0,0.0,0.0,0.0,0.0,0,0.00,0.00,0.00,0.00,567,231,561,235,537,226,569,233,,,,,,,0.0,0.0,0.0,0.0,0.0,0.0,529,314,528,200,573,235,510,196,0.0,0.0
666,,,181284,0,0,-2,2,0,3,2.8,2.8,0,Gonçalo Manuel,2.8,548,False,,,53,181284.jpg,2.0,Ganchinho Guedes,0.1,False,,a,20,39,20,8010,42,9653,28,0.5,3.8,Guedes,173.0,149,1,2,0,7,0,0,0,1,0,0,0,80,99.8,50.5,39.0,18.9,0,0.38,0.24,0.62,6.83,242,105,244,148,241,135,270,135,,,,,,,0.23,0.0,0.14,0.37,4.13,4.23,149,87,77,38,237,106,450,165,0.0,0.0
667,0.0,0.0,490721,0,0,0,0,0,2,0.0,0.0,0,Hugo,0.0,549,False,Loaned to Feyenoord,2024-08-14T08:32:21.592368Z,45,490721.jpg,0.0,Bueno López,0.0,False,,u,20,39,0,0,0,1761,0,0.0,0.0,H.Bueno,,0,0,0,0,0,0,0,0,0,0,0,0,0,0.0,0.0,0.0,0.0,0,0.00,0.00,0.00,0.00,600,227,596,227,577,223,602,227,,,,,,,0.0,0.0,0.0,0.0,0.0,0.0,417,83,562,222,606,226,647,218,0.0,0.0
668,100.0,100.0,184754,0,0,-4,4,0,3,0.5,0.5,0,Hwang,0.5,550,False,,2024-10-16T12:30:07.628110Z,61,184754.jpg,1.1,Hee-chan,0.3,False,,a,20,39,9,17850,43,85990,36,0.1,1.5,Hee Chan,114.0,261,0,0,0,9,0,0,0,0,0,0,0,33,17.0,37.6,10.0,6.4,2,0.00,0.16,0.16,5.50,389,183,273,165,333,181,359,178,,,,,1.0,,0.0,0.0,0.06,0.06,1.9,3.1,73,48,314,158,360,175,327,108,0.69,0.0
669,0.0,0.0,240299,0,0,0,0,0,3,0.0,0.0,0,Joe,0.0,551,False,Season long to Huddersfield Town,2024-08-29T11:12:19.576028Z,45,240299.jpg,0.0,Hodge,0.2,False,,u,20,39,0,17482,0,48199,32,0.0,0.0,Hodge,,0,0,0,0,0,0,0,0,0,0,0,0,0,0.0,0.0,0.0,0.0,0,0.00,0.00,0.00,0.00,579,235,574,239,553,231,581,237,,,,,,,0.0,0.0,0.0,0.0,0.0,0.0,383,232,541,204,585,239,348,119,0.0,0.0
670,0.0,0.0,441271,0,0,0,0,0,2,0.0,0.0,0,Ki-Jana,0.0,552,False,Loaned to Auxerre,2024-08-26T10:11:13.033350Z,40,441271.jpg,0.0,Hoever,0.1,False,,u,20,39,0,3224,0,22189,15,0.0,0.0,Hoever,,0,0,0,0,0,0,0,0,0,0,0,0,0,0.0,0.0,0.0,0.0,0,0.00,0.00,0.00,0.00,496,174,476,172,438,155,498,174,,,,,,,0.0,0.0,0.0,0.0,0.0,0.0,632,182,426,149,501,171,408,148,0.0,0.0
671,,,448089,0,0,-1,1,1,3,4.2,4.2,0,João Victor,4.2,553,False,,,49,448089.jpg,3.1,Gomes da Silva,1.2,False,,a,20,39,40,149829,280,35877,485,0.9,8.2,J.Gomes,30.0,1108,2,1,1,28,0,0,0,4,0,0,5,180,219.4,125.7,83.0,42.8,13,0.68,0.36,1.04,20.68,100,36,126,93,147,92,128,73,,,,,,,0.06,0.0,0.03,0.09,1.68,2.27,275,180,30,16,105,45,191,58,1.06,0.08
672,,,149065,0,0,-2,2,0,1,2.0,2.0,0,José,2.0,554,False,,,43,149065.jpg,1.9,Malheiro de Sá,1.9,False,,a,20,39,15,114671,291,155342,244,0.5,3.5,José Sá,173.0,720,0,0,1,19,0,0,0,1,0,25,0,48,170.0,10.0,0.0,18.0,8,0.00,0.01,0.01,13.22,156,19,359,4,503,47,275,18,,,,,,,0.0,3.12,0.0,0.0,1.65,2.38,544,32,120,13,244,31,142,21,1.0,0.12
673,0.0,0.0,429414,0,0,-2,2,0,4,0.0,0.0,0,Saša,0.0,555,False,Knee injury - Unknown return date,2024-08-22T10:59:37.463254Z,48,429414.jpg,0.0,Kalajdžić,0.0,False,,i,20,39,0,2906,7,9542,3,0.0,0.0,Kalajdžić,14.0,0,0,0,0,0,0,0,0,0,0,0,0,0,0.0,0.0,0.0,0.0,0,0.00,0.00,0.00,0.00,649,59,644,59,630,57,649,59,,,,,,,0.0,0.0,0.0,0.0,0.0,0.0,314,60,623,58,651,61,539,69,0.0,0.0
674,,,138001,0,0,0,0,0,1,0.0,0.0,0,Tom,0.0,556,False,,,40,138001.jpg,0.0,King,1.6,False,,a,20,39,0,78663,35,61831,128,0.0,0.0,King,244.0,0,0,0,0,0,0,0,0,0,0,0,0,0,0.0,0.0,0.0,0.0,0,0.00,0.00,0.00,0.00,474,42,452,19,414,10,476,42,,,,,,,0.0,0.0,0.0,0.0,0.0,0.0,602,48,402,33,481,42,161,23,0.0,0.0
675,100.0,100.0,151086,0,0,0,0,1,3,3.2,3.2,0,Mario,3.2,557,False,,2024-11-02T08:00:08.399249Z,50,151086.jpg,3.2,Lemina,0.5,False,,a,20,39,41,97581,85,65918,211,0.6,8.2,Mario Jr.,77.0,1062,1,3,1,30,0,0,0,3,0,0,5,216,289.2,127.9,92.0,50.8,12,0.97,0.74,1.71,22.54,44,12,125,92,135,86,90,54,,,,,,,0.08,0.0,0.06,0.14,1.91,2.54,192,118,55,27,93,41,255,82,1.02,0.08
676,0.0,0.0,501837,0,0,-1,1,0,2,0.0,0.0,0,Yerson,0.0,558,False,Knee injury - Expected back 01 Jun,2024-09-21T20:30:06.017799Z,39,501837.jpg,0.6,Mosquera,0.5,False,,i,20,39,3,117228,29,126196,89,0.0,0.8,Mosquera,48.0,441,0,0,0,12,0,0,0,2,0,0,0,24,110.2,27.3,21.0,16.0,5,0.33,0.03,0.36,5.63,225,84,297,90,282,86,288,92,,,,,,,0.07,0.0,0.01,0.08,1.15,2.45,687,227,388,132,457,152,248,92,1.02,0.0
677,0.0,0.0,200402,0,0,0,0,0,2,0.0,0.0,0,Nélson,1.8,559,False,Suspended until 09 Dec,2024-11-30T20:30:08.621993Z,45,200402.jpg,1.6,Cabral Semedo,0.2,False,,s,20,39,18,44867,3,29427,262,0.4,4.0,N.Semedo,173.0,960,0,2,1,23,0,0,0,5,0,0,0,55,200.0,114.0,60.0,37.5,11,0.50,0.65,1.15,20.38,119,45,138,29,198,48,149,39,,,,,,,0.05,0.0,0.06,0.11,1.91,2.16,368,59,142,45,293,95,342,122,1.03,0.09
678,,,641221,0,0,0,0,0,2,0.0,0.0,0,Pedro,0.0,561,False,,,40,641221.jpg,0.0,Cardoso de Lima,1.3,False,,a,20,39,0,79166,40,102425,108,0.0,0.0,Pedro Lima,30.0,0,0,0,0,0,0,0,0,0,0,0,0,0,0.0,0.0,0.0,0.0,0,0.00,0.00,0.00,0.00,536,204,516,202,482,189,538,204,,,,,,,0.0,0.0,0.0,0.0,0.0,0.0,679,219,470,183,543,203,186,74,0.0,0.0
679,0.0,0.0,200600,0,0,0,0,0,3,0.0,0.0,0,Daniel,0.0,562,False,Transferred to Al-Shabab,2024-09-05T10:36:18.217223Z,55,200600.jpg,1.0,Castelo Podence,0.0,False,,u,20,39,2,1049,0,4932,1,0.0,0.4,Podence,,46,0,0,0,2,0,0,0,0,0,0,0,9,3.0,1.1,1.0,0.4,0,0.04,0.01,0.05,0.70,445,215,414,214,394,215,450,218,,,,,,,0.08,0.0,0.02,0.1,1.37,3.91,114,68,674,304,426,210,591,251,0.0,0.0
680,,,483081,0,0,-3,3,0,3,1.0,1.0,0,Rodrigo,1.0,563,False,,,52,483081.jpg,1.3,Martins Gomes,0.1,False,,a,20,39,9,4037,13,12943,12,0.2,1.7,R.Gomes,173.0,252,0,0,0,10,0,0,0,0,0,0,0,25,18.2,45.8,30.0,9.2,3,0.06,0.07,0.13,6.16,385,181,258,155,257,143,336,169,,,,,,,0.02,0.0,0.02,0.04,2.2,3.57,170,102,234,118,343,167,470,175,1.07,0.0
681,100.0,100.0,231480,0,0,-2,2,0,2,1.5,1.5,0,Santiago,1.5,564,False,,2024-11-21T08:30:09.504880Z,43,231480.jpg,1.7,Bueno,0.1,False,,a,20,39,10,3212,8,6546,8,0.3,2.3,S.Bueno,230.0,444,0,0,1,10,0,0,0,0,0,0,0,38,100.6,3.4,17.0,12.1,5,0.21,0.01,0.22,9.64,237,89,390,133,304,95,313,104,,,,,,,0.04,0.0,0.0,0.04,1.95,2.03,554,133,164,50,277,85,474,171,1.01,0.2
682,100.0,100.0,88484,0,0,-4,4,0,3,1.5,1.5,0,Pablo,1.5,565,False,,2024-11-10T23:00:08.533668Z,51,88484.jpg,2.2,Sarabia,0.1,False,,a,20,39,10,8356,14,22631,21,0.3,2.0,Sarabia,200.0,179,1,0,0,3,0,0,0,1,0,0,0,47,64.6,51.0,78.0,19.4,2,1.43,0.42,1.85,2.23,298,139,243,147,160,100,264,133,1.0,,2.0,,2.0,,0.72,0.0,0.21,0.93,1.12,1.51,174,106,174,84,216,93,446,162,1.01,0.0
683,,,247412,0,0,1,-1,0,4,4.5,4.5,0,Jørgen,4.5,566,False,,,56,247412.jpg,4.7,Strand Larsen,3.9,False,,a,20,39,61,657205,2786,273898,386,0.8,10.9,Strand Larsen,161.0,1075,6,2,2,28,0,0,0,2,0,0,7,256,287.4,112.7,308.0,70.5,13,2.85,0.49,3.34,21.03,45,6,141,13,27,14,39,10,,,,,,,0.24,0.0,0.04,0.28,1.76,2.34,103,30,25,6,25,11,87,15,1.09,0.17
684,100.0,100.0,510362,0,0,-2,2,1,2,2.8,2.8,0,Toti António,2.8,567,False,,2024-09-15T23:00:06.339703Z,43,510362.jpg,1.5,Gomes,0.3,False,,a,20,39,17,29808,261,20673,52,0.7,4.0,Toti,173.0,890,0,1,1,24,0,0,0,4,0,0,2,56,159.8,32.0,19.0,21.0,11,0.03,0.31,0.34,18.59,165,65,285,84,294,90,253,83,,,,,,,0.0,0.0,0.03,0.03,1.88,2.43,564,141,68,15,312,104,301,112,1.11,0.1
685,75.0,75.0,560248,0,0,0,0,0,2,0.0,0.0,0,Bastien,0.0,637,False,Lack of match fitness - 75% chance of playing,2024-09-15T23:00:06.387765Z,40,560248.jpg,0.0,Meupiyou,0.1,False,,d,20,39,0,23088,4,16513,13,0.0,0.0,Meupiyou,73.0,0,0,0,0,0,0,0,0,0,0,0,0,0,0.0,0.0,0.0,0.0,0,0.00,0.00,0.00,0.00,527,195,507,193,471,178,529,195,,,,,,,0.0,0.0,0.0,0.0,0.0,0.0,668,208,460,173,534,194,417,150,0.0,0.0
686,,,509291,0,0,0,0,0,3,1.0,1.0,0,André,1.0,642,False,,,50,509291.jpg,1.3,Trindade da Costa Neto,0.0,False,,a,20,39,12,3255,4,2251,7,0.2,2.4,André,30.0,533,0,0,0,16,0,0,0,2,0,0,0,103,90.8,47.9,12.0,15.0,7,0.07,0.07,0.14,12.43,254,111,249,152,320,176,297,147,,,,,,,0.01,0.0,0.01,0.02,2.1,2.7,227,144,231,115,341,165,589,249,1.18,0.0
687,,,463212,0,0,0,0,0,3,0.2,0.2,0,Carlos Roberto,0.2,655,False,,,55,463212.jpg,0.8,Forbs Borges,0.0,False,,a,20,39,5,2371,4,1995,11,0.0,0.9,Forbs,173.0,207,0,0,0,8,0,0,0,2,0,0,0,23,19.6,21.1,27.0,6.6,1,0.11,0.09,0.20,5.82,382,180,314,179,270,148,357,176,,,,,,,0.05,0.0,0.04,0.09,2.53,3.48,122,74,374,184,451,223,580,241,0.43,0.0
688,,,517179,0,0,-1,1,0,2,0.2,0.2,0,Alfie,0.2,664,False,,,39,517179.jpg,1.0,Pond,0.4,False,,a,20,39,1,51546,482,13658,138,0.1,0.3,Pond,241.0,1,0,0,0,0,0,0,0,0,0,0,0,3,0.0,0.0,0.0,0.0,0,0.00,0.00,0.00,0.00,462,160,440,158,400,139,464,160,,,,,,,0.0,0.0,0.0,0.0,0.0,0.0,688,228,324,98,364,119,274,100,0.0,0.0
689,,,596054,0,0,0,0,0,3,0.0,0.0,0,Tom,0.0,682,False,,,45,596054.jpg,0.0,Edozie,0.0,False,,a,20,39,0,639,11,143,4,0.0,0.0,Edozie,241.0,0,0,0,0,0,0,0,0,0,0,0,0,0,0.0,0.0,0.0,0.0,0,0.00,0.00,0.00,0.00,640,283,636,287,618,280,642,285,,,,,,,0.0,0.0,0.0,0.0,0.0,0.0,471,293,609,258,645,287,650,289,0.0,0.0
