,player_id,web_name,team_code,element_type,now_cost,event,points_md,is_captain,multiplier,starting_lineup,selected_by_percent,gw_points
0,112,Pope,90,1,54,18,2.883,False,1,1,2.4,2.883
1,39,Targett,7,2,47,18,3.338,False,1,1,2.5,3.338
2,45,Konsa,7,2,49,18,3.4210000000000003,False,1,1,1.8,3.4210000000000003
3,224,Matip,14,2,49,18,2.642,False,1,1,2.7,2.642
4,43,Buendía,7,3,62,18,3.681,False,1,1,1.1,3.681
5,230,Mané,14,3,119,18,3.555,False,1,1,3.9,3.555
6,250,Gündogan,43,3,73,18,3.438,False,1,1,4.5,3.438
7,251,De Bruyne,43,3,118,18,3.658,False,1,1,3.4,3.658
8,255,Sterling,43,3,106,18,3.835,True,2,1,2.3,7.67
9,6,Lacazette,3,4,84,18,3.153,False,1,1,4.7,3.153
10,109,Wood,90,4,67,18,2.9530000000000003,False,1,1,2.0,2.9530000000000003
11,295,Dubravka,4,1,44,18,2.31,False,0,0,0.5,0.0
12,185,Ayling,2,2,43,18,1.993,False,0,0,3.0,0.0
13,562,Drameh,2,2,39,18,1.146,False,0,0,0.1,0.0
14,577,Gelhardt,2,4,46,18,1.662,False,0,0,2.9,0.0
