,player_id,web_name,team_code,element_type,now_cost,event,points_md,is_captain,multiplier,starting_lineup,selected_by_percent,gw_points
0,80,Raya,94,1,43,30,3.332,False,1,1,3.8,3.332
1,219,Thomas,13,2,43,30,3.6289999999999996,False,1,1,1.0,3.6289999999999996
2,361,Dier,6,2,46,30,3.1460000000000004,False,1,1,4.8,3.1460000000000004
3,364,Davies,6,2,44,30,3.137,False,1,1,1.7,3.137
4,431,Saïss,39,2,50,30,3.741,False,1,1,5.0,3.741
5,26,Martinelli,3,3,53,30,3.8169999999999997,False,1,1,3.5,3.8169999999999997
6,210,Tielemans,13,3,64,30,4.106,False,1,1,3.7,4.106
7,215,Barnes,13,3,65,30,4.484,True,2,1,3.2,8.968
8,436,Neves,39,3,53,30,3.841,False,1,1,1.7,3.841
9,438,Podence,39,3,55,30,3.823,False,1,1,0.7,3.823
10,189,Bamford,2,4,77,30,3.59,False,1,1,3.1,3.59
11,408,Fabianski,21,1,50,30,3.26,False,0,0,2.7,0.0
12,494,Romero,6,2,48,30,3.0610000000000004,False,0,0,0.4,0.0
13,187,Rodrigo,2,4,62,30,1.996,False,0,0,1.5,0.0
14,577,Gelhardt,2,4,46,30,1.089,False,0,0,2.8,0.0
