,player_id,web_name,team_code,element_type,now_cost,event,points_md,is_captain,multiplier,starting_lineup,selected_by_percent,gw_points
0,238,Meslier,2,1,45,22,5.568,False,1,1,1.9,5.568
1,106,Dunk,36,2,47,22,4.523,False,1,1,4.9,4.523
2,332,Shaw,1,2,52,22,7.475,False,1,1,22.7,7.475
3,586,Estupiñán,36,2,45,22,4.3839999999999995,False,1,1,1.7,4.3839999999999995
4,104,Groß,36,3,55,22,5.596,False,1,1,11.1,5.596
5,225,Rodrigo,2,3,64,22,7.2970000000000015,False,1,1,8.5,7.2970000000000015
6,283,Salah,14,3,128,22,6.2989999999999995,False,1,1,26.0,6.2989999999999995
7,333,Fernandes,1,3,99,22,9.137,False,1,1,7.7,9.137
8,335,Rashford,1,3,72,22,9.858999999999998,True,2,1,48.9,19.717999999999996
9,297,Darwin,14,4,88,22,5.284,False,1,1,8.3,5.284
10,318,Haaland,43,4,122,22,5.725,False,1,1,85.3,5.725
11,518,Hennessey,17,1,39,22,3.5439999999999996,False,0,0,1.6,0.0
12,85,Henry,94,2,45,22,3.967,False,0,0,1.0,0.0
13,526,Mee,94,2,47,22,4.3260000000000005,False,0,0,9.6,0.0
14,619,Gnonto,2,4,50,22,4.926,False,0,0,0.9,0.0
