,player_id,web_name,team_code,element_type,now_cost,event,points_md,is_captain,multiplier,starting_lineup,selected_by_percent,gw_points
0,238,Meslier,2,1,45,22,5.627000000000002,False,1,1,1.9,5.627000000000002
1,106,Dunk,36,2,47,22,4.603,False,1,1,4.9,4.603
2,285,Alexander-Arnold,14,2,73,22,4.685,False,1,1,16.9,4.685
3,332,Shaw,1,2,52,22,7.604,False,1,1,22.7,7.604
4,104,Groß,36,3,55,22,5.38,False,1,1,11.0,5.38
5,225,Rodrigo,2,3,64,22,7.4170000000000025,False,1,1,8.5,7.4170000000000025
6,283,Salah,14,3,128,22,6.577999999999999,False,1,1,26.0,6.577999999999999
7,333,Fernandes,1,3,99,22,9.089,False,1,1,7.7,9.089
8,335,Rashford,1,3,72,22,9.969,True,2,1,49.0,19.938
9,318,Haaland,43,4,122,22,5.962999999999999,False,1,1,85.3,5.962999999999999
10,619,Gnonto,2,4,50,22,4.928,False,1,1,0.9,4.928
11,81,Raya,94,1,47,22,4.203,False,0,0,8.7,0.0
12,16,Gabriel,3,2,52,22,4.434,False,0,0,13.5,0.0
13,526,Mee,94,2,47,22,4.252,False,0,0,9.6,0.0
14,596,Ferguson,36,4,46,22,3.609,False,0,0,2.3,0.0
