,player_id,web_name,team_code,element_type,now_cost,event,points_md,is_captain,multiplier,starting_lineup,selected_by_percent,gw_points
0,307,Ederson,43,1,54,17,4.0169999999999995,False,1,1,13.7,4.0169999999999995
1,16,Gabriel,3,2,52,17,4.773,False,1,1,13.9,4.773
2,285,Alexander-Arnold,14,2,72,17,4.456,False,1,1,18.3,4.456
3,332,Shaw,1,2,48,17,4.43,False,1,1,2.5,4.43
4,13,Saka,3,3,80,17,5.572,False,1,1,17.5,5.572
5,111,Trossard,36,3,71,17,4.849,False,1,1,27.2,4.849
6,160,Zaha,31,3,75,17,5.5089999999999995,False,1,1,18.2,5.5089999999999995
7,335,Rashford,1,3,67,17,5.095,False,1,1,20.2,5.095
8,11,Nketiah,3,4,65,17,4.753,False,1,1,0.7,4.753
9,318,Haaland,43,4,122,17,6.978,True,2,1,83.0,13.956
10,345,Martial,1,4,67,17,5.216,False,1,1,2.3,5.216
11,182,Pickford,11,1,45,17,3.8560000000000003,False,0,0,6.0,0.0
12,112,Cucurella,8,2,51,17,4.548,False,0,0,7.5,0.0
13,520,Koulibaly,8,2,55,17,4.113,False,0,0,6.2,0.0
14,142,Mount,8,3,75,17,4.888,False,0,0,6.6,0.0
