,player_id,web_name,team_code,element_type,now_cost,event,points_md,is_captain,multiplier,starting_lineup,selected_by_percent,gw_points
0,175,Johnstone,31,1,44,32,3.8310000000000004,False,1,1,1.0,3.8310000000000004
1,5,Holding,3,2,42,32,4.061,False,1,1,0.1,4.061
2,167,Guéhi,31,2,44,32,3.7910000000000004,False,1,1,2.0,3.7910000000000004
3,290,Konaté,14,2,48,32,4.07,False,1,1,0.9,4.07
4,171,Olise,31,3,55,32,4.148,False,1,1,3.5,4.148
5,465,Bowen,21,3,80,32,3.9530000000000003,False,1,1,3.6,3.9530000000000003
6,614,Willian,54,3,55,32,3.9139999999999997,False,1,1,0.3,3.9139999999999997
7,680,Gakpo,14,3,76,32,5.57,True,2,1,4.3,11.14
8,66,Solanke,91,4,55,32,4.625,False,1,1,2.9,4.625
9,356,Wilson,4,4,69,32,3.82,False,1,1,3.4,3.82
10,618,Vinícius,54,4,54,32,3.779,False,1,1,0.2,3.779
11,2,Leno,54,1,46,32,3.693,False,0,0,3.6,0.0
12,8,Tierney,3,2,46,32,3.5039999999999996,False,0,0,0.7,0.0
13,461,Zouma,21,2,44,32,3.3489999999999998,False,0,0,1.5,0.0
14,3,Xhaka,3,3,49,32,3.563,False,0,0,2.6,0.0
