,player_id,web_name,team_code,element_type,now_cost,points_md,is_captain,multiplier,starting_lineup,selected_by_percent,gw_points
0,102,Steele,36,1,39,4.280799999999999,False,1,1,3.0,4.280799999999999
1,280,Van Dijk,14,2,65,4.4388,False,1,1,11.7,4.4388
2,285,Alexander-Arnold,14,2,73,5.5824,False,1,1,20.7,5.5824
3,357,Trippier,4,2,62,4.5578,False,1,1,67.7,4.5578
4,13,Saka,3,3,86,4.9226,False,1,1,40.5,4.9226
5,107,March,36,3,52,4.9033999999999995,False,1,1,10.6,4.9033999999999995
6,124,Mitoma,36,3,57,4.7278,False,1,1,26.1,4.7278
7,283,Salah,14,3,128,7.538199999999999,True,2,1,29.8,15.076399999999998
8,40,Watkins,7,4,77,4.6942,False,1,1,22.1,4.6942
9,318,Haaland,43,4,122,6.348000000000001,False,1,1,77.3,6.348000000000001
10,594,Isak,4,4,67,4.5986,False,1,1,6.4,4.5986
11,548,Iversen,13,1,38,3.3473999999999995,False,0,0,4.3,0.0
12,165,Andersen,31,2,45,2.9484000000000004,False,0,0,1.6,0.0
13,358,Burn,4,2,45,3.7963999999999998,False,0,0,4.4,0.0
14,346,Andreas,54,3,43,4.3484,False,0,0,14.1,0.0
