,player_id,web_name,team_code,element_type,now_cost,event,points_md,is_captain,multiplier,starting_lineup,selected_by_percent,gw_points
0,157,Pickford,11,1,48,30,4.254,False,1,1,5.0,4.254
1,123,James,8,2,50,30,4.856,False,1,1,6.2,4.856
2,156,Keane,11,2,51,30,4.005,False,1,1,6.0,4.005
3,200,Dallas,2,2,51,30,4.657,False,1,1,25.3,4.657
4,300,Shaw,1,2,52,30,4.909,False,1,1,13.3,4.909
5,369,Vestergaard,20,2,47,30,3.99,False,1,1,3.2,3.99
6,306,Rashford,1,3,95,30,5.078,False,1,1,9.2,5.078
7,570,Raphinha,2,3,57,30,4.619,False,1,1,16.2,4.619
8,202,Bamford,2,4,67,30,4.655,False,1,1,48.5,4.655
9,388,Kane,6,4,116,30,6.287000000000001,True,2,1,45.4,12.574000000000002
10,514,Watkins,7,4,66,30,4.262,False,1,1,27.5,4.262
11,548,Mendy,8,1,51,30,4.793,False,0,0,7.9,0.0
12,120,Mount,8,3,70,30,5.5070000000000014,False,0,0,14.4,0.0
13,302,Fernandes,1,3,115,30,5.433,False,0,0,56.3,0.0
14,370,Ward-Prowse,20,3,59,30,4.095,False,0,0,10.2,0.0
