,player_id,web_name,team_code,element_type,now_cost,event,points_md,is_captain,multiplier,starting_lineup,selected_by_percent,gw_points
0,425,Lloris,6,1,55,17,3.522,False,1,1,5.0,3.522
1,165,Andersen,31,2,45,17,3.633,False,1,1,3.0,3.633
2,299,Walker,43,2,48,17,3.343,False,1,1,3.1,3.343
3,332,Shaw,1,2,48,17,4.415,False,1,1,2.2,4.415
4,169,Eze,31,3,57,17,4.113,False,1,1,4.2,4.113
5,189,Gray,11,3,53,17,3.7889999999999997,False,1,1,0.6,3.7889999999999997
6,304,Sterling,8,3,97,17,4.3260000000000005,False,1,1,4.4,4.3260000000000005
7,333,Fernandes,1,3,98,17,5.129,True,2,1,2.1,10.258
8,166,Edouard,31,4,53,17,4.095,False,1,1,2.7,4.095
9,345,Martial,1,4,67,17,4.898,False,1,1,1.9,4.898
10,617,Aubameyang,8,4,87,17,4.28,False,1,1,1.0,4.28
11,133,Arrizabalaga,8,1,45,17,3.408,False,0,0,2.1,0.0
12,199,Tarkowski,11,2,44,17,3.2880000000000003,False,0,0,1.5,0.0
13,443,Romero,6,2,49,17,3.108,False,0,0,1.3,0.0
14,368,Saint-Maximin,4,3,62,17,3.633,False,0,0,3.5,0.0
