,player_id,web_name,team_code,element_type,now_cost,event,points_md,is_captain,multiplier,starting_lineup,selected_by_percent,gw_points
0,270,de Gea,1,1,53,25,7.952000000000001,False,1,1,14.6,7.952000000000001
1,71,Lamptey,36,2,45,25,5.702000000000001,False,1,1,2.5,5.702000000000001
2,234,Robertson,14,2,71,25,5.061,False,1,1,5.5,5.061
3,237,Alexander-Arnold,14,2,85,25,5.729,False,1,1,47.3,5.729
4,256,Cancelo,43,2,71,25,5.0360000000000005,False,1,1,46.4,5.0360000000000005
5,96,Mbeumo,94,3,53,25,4.298,False,1,1,1.1,4.298
6,265,Foden,43,3,80,25,5.614,False,1,1,7.9,5.614
7,267,Harrison,2,3,55,25,3.748,False,1,1,2.0,3.748
8,277,Fernandes,1,3,117,25,9.964,True,2,1,20.2,19.928
9,420,Bowen,21,3,69,25,4.422,False,1,1,30.9,4.422
10,63,Maupay,36,4,65,25,7.505,False,1,1,6.7,7.505
11,69,Sánchez,36,1,46,25,6.917000000000002,False,0,0,17.9,0.0
12,510,Dalot,1,2,45,25,7.936,False,0,0,3.3,0.0
13,78,Toney,94,4,66,25,4.633,False,0,0,10.9,0.0
14,177,Calvert-Lewin,11,4,79,25,4.675,False,0,0,4.8,0.0
