,player_id,web_name,team_code,element_type,now_cost,event,points_md,is_captain,multiplier,starting_lineup,selected_by_percent,gw_points
0,182,Pickford,11,1,45,8,2.149,False,1,1,5.5,2.149
1,342,Dalot,1,2,45,8,2.1919999999999997,False,1,1,7.1,2.1919999999999997
2,357,Trippier,4,2,52,8,2.545,False,1,1,35.6,2.545
3,366,Schär,4,2,47,8,2.387,False,1,1,7.8,2.387
4,195,Gordon,11,3,55,8,2.427,False,1,1,2.8,2.427
5,335,Rashford,1,3,66,8,2.571,False,1,1,17.5,2.571
6,340,Sancho,1,3,73,8,2.47,False,1,1,6.9,2.47
7,465,Bowen,21,3,81,8,2.463,False,1,1,2.4,2.463
8,40,Watkins,7,4,73,8,2.78,False,1,1,2.2,2.78
9,210,Mitrović,54,4,68,8,2.905,False,1,1,25.8,2.905
10,318,Haaland,43,4,120,8,3.315,True,2,1,79.2,6.63
11,307,Ederson,43,1,55,8,2.41,False,0,0,16.9,0.0
12,33,Digne,7,2,47,8,2.248,False,0,0,1.9,0.0
13,367,Targett,4,2,49,8,2.3890000000000002,False,0,0,0.8,0.0
14,301,De Bruyne,43,3,122,8,3.18,False,0,0,25.5,0.0
