,player_id,web_name,team_code,element_type,now_cost,event,points_md,is_captain,multiplier,starting_lineup,selected_by_percent,gw_points
0,31,Martínez,7,1,49,8,2.9930000000000003,False,1,1,4.6,2.9930000000000003
1,306,Cancelo,43,2,71,8,3.2460000000000004,False,1,1,48.5,3.2460000000000004
2,357,Trippier,4,2,52,8,3.4589999999999996,False,1,1,35.7,3.4589999999999996
3,367,Targett,4,2,49,8,3.3480000000000003,False,1,1,0.8,3.3480000000000003
4,195,Gordon,11,3,55,8,3.263,False,1,1,2.8,3.263
5,301,De Bruyne,43,3,122,8,4.337,False,1,1,25.5,4.337
6,335,Rashford,1,3,66,8,3.617,False,1,1,17.6,3.617
7,340,Sancho,1,3,73,8,3.372,False,1,1,6.9,3.372
8,210,Mitrović,54,4,68,8,4.013,False,1,1,25.8,4.013
9,318,Haaland,43,4,120,8,4.8210000000000015,True,2,1,79.2,9.642000000000003
10,594,Isak,4,4,70,8,3.9130000000000003,False,1,1,4.6,3.9130000000000003
11,182,Pickford,11,1,45,8,2.8569999999999998,False,0,0,5.5,0.0
12,33,Digne,7,2,47,8,2.9789999999999996,False,0,0,1.9,0.0
13,342,Dalot,1,2,45,8,3.008,False,0,0,7.2,0.0
14,29,Coutinho,7,3,67,8,3.062,False,0,0,4.1,0.0
