,player_id,web_name,team_code,element_type,now_cost,event,points_md,is_captain,multiplier,starting_lineup,selected_by_percent,gw_points
0,307,Ederson,43,1,54,24,4.199,False,1,1,14.4,4.199
1,16,Gabriel,3,2,52,24,4.007,False,1,1,13.9,4.007
2,146,James,8,2,58,24,4.612,False,1,1,12.5,4.612
3,448,Perišić,6,2,55,24,4.104,False,1,1,19.4,4.104
4,689,Badiashile,8,2,50,24,3.8310000000000004,False,1,1,0.9,3.8310000000000004
5,13,Saka,3,3,83,24,5.024,False,1,1,31.1,5.024
6,124,Mitoma,36,3,53,24,4.447,False,1,1,13.3,4.447
7,335,Rashford,1,3,73,24,5.796,False,1,1,54.1,5.796
8,480,Neves,39,3,54,24,4.135,False,1,1,1.8,4.135
9,80,Toney,94,4,76,24,5.581,False,1,1,29.3,5.581
10,318,Haaland,43,4,122,24,6.441,True,2,1,85.4,12.882
11,133,Arrizabalaga,8,1,46,24,4.263,False,0,0,8.5,0.0
12,526,Mee,94,2,49,24,4.004,False,0,0,12.7,0.0
13,116,Mac Allister,36,3,54,24,4.41,False,0,0,2.4,0.0
14,427,Kane,6,4,118,24,6.228,False,0,0,38.1,0.0
