,player_id,web_name,team_code,element_type,now_cost,event,points_md,is_captain,multiplier,starting_lineup,selected_by_percent,gw_points
0,426,Forster,6,1,39,24,3.6260000000000003,False,1,1,3.7,3.6260000000000003
1,106,Dunk,36,2,47,24,3.847,False,1,1,5.0,3.847
2,459,Dawson,39,2,48,24,3.977,False,1,1,0.3,3.977
3,586,Estupiñán,36,2,46,24,3.762,False,1,1,3.7,3.762
4,116,Mac Allister,36,3,54,24,4.289,False,1,1,2.4,4.289
5,186,Iwobi,11,3,54,24,3.8,False,1,1,0.7,3.8
6,480,Neves,39,3,54,24,3.897,False,1,1,1.8,3.897
7,699,Mudryk,8,3,70,24,4.103,False,1,1,2.8,4.103
8,40,Watkins,7,4,71,24,3.932,False,1,1,2.6,3.932
9,145,Havertz,8,4,77,24,4.337,False,1,1,4.4,4.337
10,690,João Félix,8,4,75,24,4.562,True,2,1,1.6,9.124
11,238,Meslier,2,1,45,24,3.415,False,0,0,2.0,0.0
12,482,Semedo,39,2,50,24,3.707,False,0,0,0.5,0.0
13,733,Pedro Porro,6,2,50,24,3.6860000000000004,False,0,0,0.3,0.0
14,680,Gakpo,14,3,77,24,3.6839999999999997,False,0,0,0.7,0.0
