,player_id,web_name,team_code,element_type,now_cost,event,points_md,is_captain,multiplier,starting_lineup,selected_by_percent,gw_points
0,80,Raya,94,1,43,30,3.306,False,1,1,3.8,3.306
1,219,Thomas,13,2,43,30,3.6430000000000002,False,1,1,0.9,3.6430000000000002
2,361,Dier,6,2,46,30,3.1180000000000003,False,1,1,4.8,3.1180000000000003
3,431,Saïss,39,2,50,30,3.7289999999999996,False,1,1,4.8,3.7289999999999996
4,433,Jonny,39,2,45,30,3.571,False,1,1,0.1,3.571
5,26,Martinelli,3,3,53,30,3.8280000000000003,False,1,1,3.4,3.8280000000000003
6,210,Tielemans,13,3,64,30,4.126,False,1,1,3.7,4.126
7,215,Barnes,13,3,65,30,4.312,True,2,1,3.0,8.624
8,416,Lanzini,21,3,57,30,3.3930000000000002,False,1,1,0.4,3.3930000000000002
9,436,Neves,39,3,53,30,3.8819999999999997,False,1,1,1.6,3.8819999999999997
10,189,Bamford,2,4,77,30,3.554,False,1,1,3.0,3.554
11,408,Fabianski,21,1,50,30,3.2569999999999997,False,0,0,2.7,0.0
12,364,Davies,6,2,44,30,3.0989999999999998,False,0,0,1.8,0.0
13,187,Rodrigo,2,4,62,30,1.906,False,0,0,1.5,0.0
14,577,Gelhardt,2,4,46,30,1.0979999999999999,False,0,0,2.8,0.0
