,player_id,web_name,team_code,element_type,now_cost,event,points_md,is_captain,multiplier,starting_lineup,selected_by_percent,gw_points
0,475,Sá,39,1,53,30,3.945,False,1,1,12.3,3.945
1,23,Gabriel,3,2,53,30,3.449,False,1,1,7.5,3.449
2,429,Coady,39,2,48,30,3.752,False,1,1,16.4,3.752
3,431,Saïss,39,2,50,30,3.78,False,1,1,4.8,3.78
4,22,Saka,3,3,66,30,4.53,False,1,1,30.3,4.53
5,212,Maddison,13,3,67,30,4.338,False,1,1,8.0,4.338
6,359,Son,6,3,109,30,5.1770000000000005,False,1,1,23.8,5.1770000000000005
7,681,Coutinho,7,3,75,30,3.845,False,1,1,24.5,3.845
8,6,Lacazette,3,4,84,30,4.49,False,1,1,8.4,4.49
9,78,Toney,94,4,66,30,4.083,False,1,1,12.0,4.083
10,357,Kane,6,4,124,30,5.454,True,2,1,21.6,10.908
11,80,Raya,94,1,43,30,3.305,False,0,0,3.8,0.0
12,219,Thomas,13,2,43,30,3.63,False,0,0,0.9,0.0
13,370,Reguilón,6,2,52,30,3.888,False,0,0,11.7,0.0
14,215,Barnes,13,3,65,30,4.417,False,0,0,3.0,0.0
