,player_id,web_name,team_code,element_type,now_cost,event,points_md,is_captain,multiplier,starting_lineup,selected_by_percent,gw_points
0,270,de Gea,1,1,53,27,4.255,False,1,1,14.2,4.255
1,262,Dias,43,2,63,27,4.205,False,1,1,26.8,4.205
2,273,Maguire,1,2,54,27,4.212,False,1,1,5.0,4.212
3,342,Walker-Peters,20,2,48,27,4.106,False,1,1,0.6,4.106
4,491,Livramento,20,2,43,27,4.343,False,1,1,9.5,4.343
5,154,Zaha,31,3,68,27,5.045,False,1,1,5.5,5.045
6,265,Foden,43,3,79,27,5.13,False,1,1,6.6,5.13
7,359,Son,6,3,107,27,5.247000000000001,False,1,1,17.2,5.247000000000001
8,420,Bowen,21,3,71,27,4.807,False,1,1,33.7,4.807
9,63,Maupay,36,4,66,27,4.477,False,1,1,10.4,4.477
10,700,Weghorst,90,4,65,27,8.821,True,2,1,2.6,17.642
11,112,Pope,90,1,54,27,6.8900000000000015,False,0,0,3.1,0.0
12,343,Bednarek,20,2,44,27,4.141,False,0,0,1.1,0.0
13,578,Cornet,90,3,59,27,6.376,False,0,0,2.0,0.0
14,579,Ronaldo,1,4,125,27,6.527,False,0,0,23.8,0.0
