,player_id,web_name,team_code,element_type,now_cost,event,points_md,is_captain,multiplier,starting_lineup,selected_by_percent,gw_points
0,270,de Gea,1,1,51,20,3.043,False,1,1,8.6,3.043
1,122,Alonso,8,2,57,20,3.695,False,1,1,10.7,3.695
2,142,James,8,2,64,20,3.683,False,1,1,37.0,3.683
3,256,Cancelo,43,2,69,20,3.533,False,1,1,39.6,3.533
4,138,Mount,8,3,77,20,4.229,False,1,1,23.7,4.229
5,144,Gallagher,31,3,61,20,3.653,False,1,1,25.4,3.653
6,233,Salah,14,3,130,20,4.973,True,2,1,64.4,9.946
7,484,Gray,11,3,55,20,3.3110000000000004,False,1,1,8.4,3.3110000000000004
8,149,Benteke,31,4,63,20,3.732,False,1,1,2.5,3.732
9,177,Calvert-Lewin,11,4,79,20,3.877,False,1,1,2.6,3.877
10,579,Ronaldo,1,4,125,20,4.5710000000000015,False,1,1,30.8,4.5710000000000015
11,389,Bachmann,57,1,42,20,2.499,False,0,0,2.3,0.0
12,162,Mitchell,31,2,45,20,2.9130000000000003,False,0,0,1.0,0.0
13,245,Tsimikas,14,2,37,20,2.928,False,0,0,11.2,0.0
14,503,Gordon,11,3,45,20,2.344,False,0,0,0.1,0.0
