,player_id,web_name,team_code,element_type,now_cost,event,points_md,is_captain,multiplier,starting_lineup,selected_by_percent,gw_points
0,200,Schmeichel,13,1,50,37,6.801,False,1,1,18.1,6.801
1,38,Mings,7,2,50,37,7.0600000000000005,False,1,1,7.0,7.0600000000000005
2,44,Cash,7,2,53,37,7.396,False,1,1,11.5,7.396
3,165,Coleman,11,2,49,37,6.496,False,1,1,1.0,6.496
4,154,Zaha,31,3,68,37,7.991999999999999,False,1,1,6.3,7.991999999999999
5,233,Salah,14,3,133,37,7.013999999999999,False,1,1,58.7,7.013999999999999
6,359,Son,6,3,110,37,6.956,False,1,1,27.1,6.956
7,503,Gordon,11,3,47,37,8.232999999999999,False,1,1,6.1,8.232999999999999
8,40,Watkins,7,4,75,37,8.193000000000001,False,1,1,11.5,8.193000000000001
9,180,Richarlison,11,4,75,37,9.348,True,2,1,9.2,18.696
10,205,Vardy,13,4,103,37,6.9689999999999985,False,1,1,8.6,6.9689999999999985
11,146,Guaita,31,1,46,37,6.7959999999999985,False,0,0,6.1,0.0
12,433,Jonny,39,2,45,37,5.329,False,0,0,0.6,0.0
13,488,Andersen,31,2,46,37,5.375,False,0,0,2.3,0.0
14,115,Brownhill,90,3,43,37,5.1709999999999985,False,0,0,3.3,0.0
