,player_id,web_name,team_code,element_type,now_cost,event,points_md,is_captain,multiplier,starting_lineup,selected_by_percent,gw_points
0,548,Mendy,8,1,51,30,4.7639999999999985,False,1,1,7.6,4.7639999999999985
1,156,Keane,11,2,51,30,4.087,False,1,1,6.0,4.087
2,197,Ayling,2,2,44,30,4.1610000000000005,False,1,1,2.6,4.1610000000000005
3,200,Dallas,2,2,51,30,4.53,False,1,1,25.3,4.53
4,300,Shaw,1,2,52,30,5.055,False,1,1,12.9,5.055
5,302,Fernandes,1,3,115,30,5.518,False,1,1,55.6,5.518
6,306,Rashford,1,3,95,30,5.239,False,1,1,8.8,5.239
7,570,Raphinha,2,3,56,30,4.5680000000000005,False,1,1,16.0,4.5680000000000005
8,164,Calvert-Lewin,11,4,76,30,4.48,False,1,1,35.8,4.48
9,388,Kane,6,4,115,30,6.2029999999999985,True,2,1,45.0,12.405999999999997
10,514,Watkins,7,4,66,30,4.341,False,1,1,27.9,4.341
11,157,Pickford,11,1,48,30,4.273,False,0,0,5.0,0.0
12,123,James,8,2,50,30,4.973,False,0,0,6.1,0.0
13,120,Mount,8,3,70,30,5.608,False,0,0,14.0,0.0
14,370,Ward-Prowse,20,3,59,30,4.001,False,0,0,10.0,0.0
