,player_id,web_name,team_code,element_type,now_cost,event,points_md,is_captain,multiplier,starting_lineup,selected_by_percent,gw_points
0,548,Mendy,8,1,51,30,4.7639999999999985,False,1,1,7.5,4.7639999999999985
1,123,James,8,2,50,30,4.973,False,1,1,6.1,4.973
2,200,Dallas,2,2,51,30,4.53,False,1,1,25.3,4.53
3,300,Shaw,1,2,52,30,5.055,False,1,1,12.8,5.055
4,120,Mount,8,3,70,30,5.608,False,1,1,14.0,5.608
5,275,Mahrez,43,3,81,30,4.827,False,1,1,6.9,4.827
6,302,Fernandes,1,3,115,30,5.518,False,1,1,55.6,5.518
7,306,Rashford,1,3,95,30,5.239,False,1,1,8.8,5.239
8,570,Raphinha,2,3,56,30,4.5680000000000005,False,1,1,16.0,4.5680000000000005
9,202,Bamford,2,4,67,30,4.559,False,1,1,48.6,4.559
10,388,Kane,6,4,115,30,6.2029999999999985,True,2,1,45.0,12.405999999999997
11,157,Pickford,11,1,48,30,4.273,False,0,0,5.0,0.0
12,156,Keane,11,2,51,30,4.087,False,0,0,6.0,0.0
13,369,Vestergaard,20,2,47,30,3.957,False,0,0,3.2,0.0
14,93,Vydra,90,4,48,30,2.6060000000000003,False,0,0,0.9,0.0
