,player_id,web_name,team_code,element_type,now_cost,event,points_md,is_captain,multiplier,starting_lineup,selected_by_percent,gw_points
0,270,de Gea,1,1,52,22,6.6629999999999985,False,1,1,12.2,6.6629999999999985
1,98,Tarkowski,90,2,49,22,5.4670000000000005,False,1,1,1.0,5.4670000000000005
2,106,Mee,90,2,48,22,5.6430000000000025,False,1,1,0.5,5.6430000000000025
3,110,Lowton,90,2,44,22,5.642,False,1,1,2.1,5.642
4,122,Alonso,8,2,57,22,5.6370000000000005,False,1,1,11.8,5.6370000000000005
5,279,Telles,1,2,50,22,6.795,False,1,1,1.0,6.795
6,64,Trossard,36,3,61,22,6.978,False,1,1,1.7,6.978
7,138,Mount,8,3,77,22,7.862,False,1,1,23.8,7.862
8,78,Toney,94,4,66,22,6.346,False,1,1,12.4,6.346
9,357,Kane,6,4,122,22,8.561,True,2,1,11.3,17.122
10,468,King,57,4,58,22,6.9879999999999995,False,1,1,7.6,6.9879999999999995
11,69,Sánchez,36,1,46,22,6.468,False,0,0,18.3,0.0
12,212,Maddison,13,3,69,22,6.462999999999999,False,0,0,11.0,0.0
13,277,Fernandes,1,3,116,22,7.322999999999999,False,0,0,15.3,0.0
14,362,Lucas Moura,6,3,65,22,5.742000000000001,False,0,0,5.3,0.0
