,player_id,web_name,team_code,element_type,now_cost,event,points_md,is_captain,multiplier,starting_lineup,selected_by_percent,gw_points
0,69,Sánchez,36,1,46,22,6.4689999999999985,False,1,1,18.3,6.4689999999999985
1,106,Mee,90,2,48,22,5.6320000000000014,False,1,1,0.5,5.6320000000000014
2,122,Alonso,8,2,57,22,6.3,False,1,1,11.7,6.3
3,279,Telles,1,2,50,22,6.956,False,1,1,1.0,6.956
4,64,Trossard,36,3,61,22,6.58,False,1,1,1.6,6.58
5,138,Mount,8,3,77,22,7.857,False,1,1,23.6,7.857
6,277,Fernandes,1,3,116,22,7.8870000000000005,False,1,1,15.2,7.8870000000000005
7,362,Lucas Moura,6,3,65,22,6.73,False,1,1,5.2,6.73
8,357,Kane,6,4,122,22,8.482000000000001,True,2,1,11.1,16.964000000000002
9,468,King,57,4,58,22,6.981,False,1,1,7.5,6.981
10,579,Ronaldo,1,4,125,22,7.391,False,1,1,31.3,7.391
11,2,Rúnarsson,3,1,40,22,0.0,False,0,0,0.6,0.0
12,151,Kelly,31,2,39,22,0.0,False,0,0,0.9,0.0
13,245,Tsimikas,14,2,37,22,1.497,False,0,0,12.7,0.0
14,506,Elliott,14,3,53,22,0.948,False,0,0,0.1,0.0
