,player_id,web_name,team_code,element_type,now_cost,event,points_md,is_captain,multiplier,starting_lineup,selected_by_percent,gw_points
0,307,Ederson,43,1,55,4,4.2360000000000015,False,1,1,18.7,4.2360000000000015
1,16,Gabriel,3,2,50,4,4.614,False,1,1,8.0,4.614
2,146,James,8,2,61,4,4.869,False,1,1,43.5,4.869
3,285,Alexander-Arnold,14,2,75,4,6.541,False,1,1,48.5,6.541
4,526,Mee,94,2,46,4,3.89,False,1,1,3.6,3.89
5,13,Saka,3,3,79,4,5.806,False,1,1,15.3,5.806
6,19,Martinelli,3,3,64,4,5.2360000000000015,False,1,1,41.4,5.2360000000000015
7,283,Salah,14,3,130,4,8.88,True,2,1,59.9,17.76
8,293,Luis Díaz,14,3,80,4,6.6229999999999976,False,1,1,21.6,6.6229999999999976
9,80,Toney,94,4,72,4,4.894,False,1,1,17.0,4.894
10,427,Kane,6,4,114,4,6.0120000000000005,False,1,1,17.6,6.0120000000000005
11,254,Ward,13,1,40,4,3.032,False,0,0,27.5,0.0
12,435,Sánchez,6,2,44,4,3.293,False,0,0,0.8,0.0
13,346,Andreas,54,3,45,4,2.505,False,0,0,23.0,0.0
14,219,Stansfield,54,4,45,4,1.5830000000000002,False,0,0,2.0,0.0
