,player_id,web_name,team_code,element_type,now_cost,event,points_md,is_captain,multiplier,starting_lineup,selected_by_percent,gw_points
0,257,Ederson,43,1,60,18,4.082,False,1,1,9.6,4.082
1,122,Alonso,8,2,57,18,4.309,False,1,1,10.5,4.309
2,142,James,8,2,63,18,4.891,False,1,1,35.6,4.891
3,418,Coufal,21,2,47,18,4.489,False,1,1,4.0,4.489
4,138,Mount,8,3,76,18,4.752,False,1,1,20.1,4.752
5,233,Salah,14,3,131,18,5.7970000000000015,False,1,1,73.5,5.7970000000000015
6,265,Foden,43,3,80,18,4.7010000000000005,False,1,1,6.5,4.7010000000000005
7,420,Bowen,21,3,65,18,4.937,False,1,1,7.4,4.937
8,413,Antonio,21,4,79,18,5.244,False,1,1,40.0,5.244
9,468,King,57,4,58,18,4.331,False,1,1,8.3,4.331
10,579,Ronaldo,1,4,125,18,6.089,True,2,1,29.7,12.178
11,593,Carson,43,1,39,18,0.0,False,0,0,1.9,0.0
12,208,Amartey,13,2,38,18,1.851,False,0,0,9.0,0.0
13,245,Tsimikas,14,2,38,18,0.0,False,0,0,11.0,0.0
14,203,Mendy,13,3,43,18,0.0,False,0,0,1.2,0.0
