,player_id,web_name,team_code,element_type,now_cost,event,points_md,is_captain,multiplier,starting_lineup,selected_by_percent,gw_points
0,152,Guaita,31,1,44,27,6.4570000000000025,False,1,1,2.1,6.4570000000000025
1,85,Henry,94,2,45,27,6.4979999999999976,False,1,1,3.3,6.4979999999999976
2,92,Pinnock,94,2,44,27,6.148,False,1,1,0.8,6.148
3,106,Dunk,36,2,47,27,7.296,False,1,1,5.0,7.296
4,88,Jensen,94,3,48,27,6.115,False,1,1,1.6,6.115
5,116,Mac Allister,36,3,54,27,8.748000000000001,True,2,1,4.1,17.496000000000002
6,159,J.Ayew,31,3,53,27,5.516,False,1,1,0.2,5.516
7,171,Olise,31,3,54,27,5.8610000000000015,False,1,1,0.5,5.8610000000000015
8,731,Kamaldeen,20,3,50,27,4.705,False,1,1,0.0,4.705
9,596,Ferguson,36,4,46,27,6.569,False,1,1,2.0,6.569
10,732,Onuachu,20,4,55,27,5.282,False,1,1,0.0,5.282
11,422,Bazunu,20,1,45,27,6.096,False,0,0,0.6,0.0
12,358,Burn,4,2,45,27,3.9539999999999997,False,0,0,3.5,0.0
13,445,Emerson Royal,6,2,50,27,4.243,False,0,0,3.7,0.0
14,30,Ings,21,4,64,27,4.175,False,0,0,1.8,0.0
