,player_id,web_name,team_code,element_type,now_cost,points_md,is_captain,multiplier,starting_lineup,selected_by_percent,gw_points
0,81,Raya,94,1,48,4.8826,False,1,1,13.7,4.8826
1,357,Trippier,4,2,60,4.617800000000001,False,1,1,64.1,4.617800000000001
2,366,Schär,4,2,51,4.245,False,1,1,13.7,4.245
3,526,Mee,94,2,51,4.1452,False,1,1,16.9,4.1452
4,13,Saka,3,3,85,5.3396,False,1,1,40.3,5.3396
5,116,Mac Allister,36,3,54,5.1164000000000005,False,1,1,4.0,5.1164000000000005
6,124,Mitoma,36,3,55,5.1735999999999995,False,1,1,17.6,5.1735999999999995
7,283,Salah,14,3,127,4.9656,False,1,1,27.3,4.9656
8,335,Rashford,1,3,73,5.307600000000001,False,1,1,54.1,5.307600000000001
9,40,Watkins,7,4,73,5.186399999999999,False,1,1,8.9,5.186399999999999
10,427,Kane,6,4,117,5.9582,True,2,1,38.0,11.9164
11,376,Pope,4,1,54,4.692,False,0,0,20.9,0.0
12,85,Henry,94,2,45,3.8798000000000004,False,0,0,3.3,0.0
13,106,Dunk,36,2,47,4.071400000000001,False,0,0,5.0,0.0
14,66,Solanke,91,4,55,4.146,False,0,0,1.8,0.0
