,player_id,web_name,team_code,element_type,now_cost,event,points_md,is_captain,multiplier,starting_lineup,selected_by_percent,gw_points
0,146,Guaita,31,1,46,24,3.662,False,1,1,7.1,3.662
1,237,Alexander-Arnold,14,2,85,24,6.08,False,1,1,46.6,6.08
2,256,Cancelo,43,2,71,24,5.575,False,1,1,45.5,5.575
3,367,Sánchez,6,2,46,24,4.315,False,1,1,3.2,4.315
4,233,Salah,14,3,127,24,6.919,True,2,1,36.1,13.838
5,265,Foden,43,3,80,24,5.945,False,1,1,7.9,5.945
6,416,Lanzini,21,3,58,24,4.254,False,1,1,0.8,4.254
7,420,Bowen,21,3,68,24,5.657,False,1,1,28.1,5.657
8,109,Wood,4,4,67,24,4.256,False,1,1,1.5,4.256
9,315,Pukki,45,4,58,24,3.95,False,1,1,4.3,3.95
10,413,Antonio,21,4,79,24,5.1720000000000015,False,1,1,42.0,5.1720000000000015
11,295,Dubravka,4,1,44,24,3.668,False,0,0,0.5,0.0
12,249,Walker,43,2,54,24,4.2,False,0,0,5.2,0.0
13,370,Reguilón,6,2,54,24,4.6389999999999985,False,0,0,17.7,0.0
14,144,Gallagher,31,3,61,24,4.3260000000000005,False,0,0,17.9,0.0
