,player_id,web_name,team_code,element_type,now_cost,event,points_md,is_captain,multiplier,starting_lineup,selected_by_percent,gw_points
0,146,Guaita,31,1,46,24,3.663,False,1,1,7.0,3.663
1,249,Walker,43,2,54,24,4.239,False,1,1,5.2,4.239
2,256,Cancelo,43,2,71,24,5.4289999999999985,False,1,1,45.6,5.4289999999999985
3,367,Sánchez,6,2,46,24,4.334,False,1,1,3.3,4.334
4,144,Gallagher,31,3,61,24,4.2810000000000015,False,1,1,18.0,4.2810000000000015
5,233,Salah,14,3,127,24,7.278,True,2,1,36.0,14.556
6,265,Foden,43,3,80,24,5.9860000000000015,False,1,1,7.9,5.9860000000000015
7,416,Lanzini,21,3,58,24,4.222,False,1,1,0.8,4.222
8,420,Bowen,21,3,68,24,5.525,False,1,1,28.2,5.525
9,315,Pukki,45,4,58,24,4.0360000000000005,False,1,1,4.4,4.0360000000000005
10,413,Antonio,21,4,79,24,5.132999999999999,False,1,1,42.1,5.132999999999999
11,295,Dubravka,4,1,44,24,3.655,False,0,0,0.5,0.0
12,237,Alexander-Arnold,14,2,85,24,6.017,False,0,0,46.7,0.0
13,370,Reguilón,6,2,54,24,4.629,False,0,0,17.6,0.0
14,109,Wood,4,4,67,24,4.205,False,0,0,1.5,0.0
