,player_id,web_name,team_code,element_type,now_cost,event,points_md,is_captain,multiplier,starting_lineup,selected_by_percent,gw_points
0,200,Schmeichel,13,1,48,33,7.044,False,1,1,13.5,7.044
1,39,Targett,4,2,47,33,6.614,False,1,1,2.5,6.614
2,279,Telles,1,2,50,33,6.711,False,1,1,0.7,6.711
3,305,Schär,4,2,44,33,6.91,False,1,1,2.7,6.91
4,22,Saka,3,3,68,33,8.318000000000001,False,1,1,33.0,8.318000000000001
5,212,Maddison,13,3,69,33,8.288,False,1,1,12.7,8.288
6,215,Barnes,13,3,66,33,7.524,False,1,1,4.1,7.524
7,277,Fernandes,1,3,116,33,8.548,False,1,1,15.4,8.548
8,109,Wood,4,4,67,33,8.208,False,1,1,2.5,8.208
9,579,Ronaldo,1,4,122,33,9.825,True,2,1,18.6,19.65
10,700,Weghorst,90,4,64,33,7.568,False,1,1,7.1,7.568
11,642,Angelini,57,1,40,33,0.0,False,0,0,0.0,0.0
12,71,Lamptey,36,2,45,33,3.347,False,0,0,2.1,0.0
13,165,Coleman,11,2,49,33,2.8369999999999997,False,0,0,0.7,0.0
14,426,Moutinho,39,3,49,33,0.0,False,0,0,0.9,0.0
