,player_id,web_name,team_code,element_type,now_cost,event,points_md,is_captain,multiplier,starting_lineup,selected_by_percent,gw_points
0,199,Meslier,2,1,48,23,5.3279999999999985,False,1,1,2.2,5.3279999999999985
1,16,Tierney,3,2,50,23,4.666,False,1,1,10.1,4.666
2,122,Alonso,8,2,57,23,4.6530000000000005,False,1,1,12.3,4.6530000000000005
3,185,Ayling,2,2,43,23,4.94,False,1,1,2.8,4.94
4,138,Mount,8,3,77,23,5.1110000000000015,False,1,1,26.3,5.1110000000000015
5,196,Raphinha,2,3,65,23,7.109,True,2,1,15.0,14.218
6,265,Foden,43,3,80,23,4.763,False,1,1,7.4,4.763
7,681,Coutinho,7,3,70,23,6.182,False,1,1,1.1,6.182
8,6,Lacazette,3,4,84,23,5.186,False,1,1,4.1,5.186
9,40,Watkins,7,4,77,23,6.6979999999999995,False,1,1,13.3,6.6979999999999995
10,468,King,57,4,58,23,4.807,False,1,1,8.3,4.807
11,30,Martínez,7,1,55,23,6.532,False,0,0,12.6,0.0
12,23,Gabriel,3,2,53,23,4.556,False,0,0,5.6,0.0
13,237,Alexander-Arnold,14,2,84,23,5.464,False,0,0,44.5,0.0
14,240,Jota,14,3,83,23,5.381,False,0,0,36.6,0.0
