,player_id,web_name,team_code,element_type,now_cost,event,points_md,is_captain,multiplier,starting_lineup,selected_by_percent,gw_points
0,199,Meslier,2,1,48,23,5.3130000000000015,False,1,1,2.2,5.3130000000000015
1,16,Tierney,3,2,50,23,4.726,False,1,1,10.2,4.726
2,23,Gabriel,3,2,53,23,4.603,False,1,1,5.6,4.603
3,185,Ayling,2,2,43,23,4.915,False,1,1,2.8,4.915
4,234,Robertson,14,2,70,23,4.492,False,1,1,2.8,4.492
5,237,Alexander-Arnold,14,2,84,23,5.426,False,1,1,44.6,5.426
6,196,Raphinha,2,3,65,23,7.0360000000000005,True,2,1,15.0,14.072000000000001
7,681,Coutinho,7,3,70,23,6.2120000000000015,False,1,1,2.2,6.2120000000000015
8,6,Lacazette,3,4,84,23,5.093,False,1,1,4.2,5.093
9,40,Watkins,7,4,77,23,6.836,False,1,1,13.3,6.836
10,468,King,57,4,58,23,4.774,False,1,1,8.3,4.774
11,30,Martínez,7,1,55,23,6.569000000000001,False,0,0,12.6,0.0
12,138,Mount,8,3,77,23,5.385,False,0,0,26.1,0.0
13,240,Jota,14,3,83,23,5.265,False,0,0,36.8,0.0
14,265,Foden,43,3,80,23,4.967,False,0,0,7.4,0.0
