,player_id,web_name,team_code,element_type,now_cost,event,points_md,is_captain,multiplier,starting_lineup,selected_by_percent,gw_points
0,30,Martínez,7,1,55,23,6.549,False,1,1,12.6,6.549
1,16,Tierney,3,2,50,23,4.718,False,1,1,10.1,4.718
2,185,Ayling,2,2,43,23,4.936,False,1,1,2.8,4.936
3,237,Alexander-Arnold,14,2,84,23,5.422999999999999,False,1,1,44.5,5.422999999999999
4,196,Raphinha,2,3,65,23,7.005,True,2,1,15.0,14.01
5,240,Jota,14,3,83,23,5.348,False,1,1,36.7,5.348
6,265,Foden,43,3,80,23,5.155,False,1,1,7.4,5.155
7,681,Coutinho,7,3,70,23,6.136,False,1,1,1.2,6.136
8,6,Lacazette,3,4,84,23,5.189,False,1,1,4.1,5.189
9,40,Watkins,7,4,77,23,6.7250000000000005,False,1,1,13.3,6.7250000000000005
10,189,Bamford,2,4,77,23,5.75,False,1,1,3.1,5.75
11,407,Randolph,21,1,43,23,0.0,False,0,0,0.1,0.0
12,502,Kenny,11,2,44,23,0.037000000000000005,False,0,0,0.1,0.0
13,540,Hannam,31,2,39,23,0.022,False,0,0,0.1,0.0
14,21,Smith Rowe,3,3,59,23,3.1910000000000003,False,0,0,19.1,0.0
