,player_id,web_name,team_code,element_type,now_cost,event,points_md,is_captain,multiplier,starting_lineup,selected_by_percent,gw_points
0,102,Steele,36,1,40,37,6.533,False,1,1,5.5,6.533
1,329,Varane,1,2,48,37,6.614,False,1,1,2.5,6.614
2,332,Shaw,1,2,52,37,7.0500000000000025,False,1,1,17.7,7.0500000000000025
3,357,Trippier,4,2,61,37,4.684,False,1,1,66.0,4.684
4,116,Mac Allister,36,3,56,37,7.222,False,1,1,14.2,7.222
5,124,Mitoma,36,3,57,37,8.036,False,1,1,28.8,8.036
6,301,De Bruyne,43,3,122,37,10.039,False,1,1,26.4,10.039
7,305,Grealish,43,3,72,37,7.689,False,1,1,13.6,7.689
8,333,Fernandes,1,3,94,37,9.615,False,1,1,8.4,9.615
9,318,Haaland,43,4,124,37,12.745,True,2,1,83.3,25.49
10,427,Kane,6,4,114,37,5.742999999999999,False,1,1,29.1,5.742999999999999
11,424,Caballero,20,1,38,37,0.0,False,0,0,0.8,0.0
12,295,N.Williams,17,2,38,37,0.0,False,0,0,12.8,0.0
13,439,Tanganga,6,2,38,37,0.0,False,0,0,2.5,0.0
14,237,Greenwood,2,4,40,37,1.645,False,0,0,10.6,0.0
