,player_id,web_name,team_code,element_type,now_cost,event,points_md,is_captain,multiplier,starting_lineup,selected_by_percent,gw_points
0,478,Sá,39,1,50,24,3.907,False,1,1,5.0,3.907
1,106,Dunk,36,2,47,24,4.004,False,1,1,5.0,4.004
2,309,Laporte,43,2,57,24,3.668,False,1,1,0.6,3.668
3,459,Dawson,39,2,48,24,3.9989999999999997,False,1,1,0.3,3.9989999999999997
4,586,Estupiñán,36,2,46,24,3.8819999999999997,False,1,1,3.4,3.8819999999999997
5,116,Mac Allister,36,3,54,24,4.387,False,1,1,2.4,4.387
6,480,Neves,39,3,54,24,4.207,False,1,1,1.7,4.207
7,699,Mudryk,8,3,70,24,3.6489999999999996,False,1,1,2.9,3.6489999999999996
8,145,Havertz,8,4,77,24,4.905,True,2,1,4.5,9.81
9,356,Wilson,4,4,71,24,3.948,False,1,1,4.4,3.948
10,690,João Félix,8,4,75,24,4.129,False,1,1,0.8,4.129
11,426,Forster,6,1,39,24,3.795,False,0,0,3.7,0.0
12,342,Dalot,1,2,47,24,3.6010000000000004,False,0,0,4.2,0.0
13,186,Iwobi,11,3,54,24,3.613,False,0,0,0.7,0.0
14,680,Gakpo,14,3,77,24,3.6189999999999998,False,0,0,0.7,0.0
