,player_id,web_name,team_code,element_type,now_cost,event,points_md,is_captain,multiplier,starting_lineup,selected_by_percent,gw_points
0,200,Schmeichel,13,1,49,33,7.0870000000000015,False,1,1,14.9,7.0870000000000015
1,23,Gabriel,3,2,54,33,6.026,False,1,1,9.1,6.026
2,39,Targett,4,2,47,33,6.678,False,1,1,3.1,6.678
3,305,Schär,4,2,44,33,6.869,False,1,1,5.4,6.869
4,22,Saka,3,3,68,33,8.366,False,1,1,33.1,8.366
5,212,Maddison,13,3,70,33,7.67,False,1,1,16.7,7.67
6,277,Fernandes,1,3,116,33,8.722000000000001,False,1,1,16.5,8.722000000000001
7,485,Sancho,1,3,89,33,8.077,False,1,1,3.2,8.077
8,109,Wood,4,4,67,33,8.373000000000001,False,1,1,4.5,8.373000000000001
9,345,Adams,20,4,68,33,7.379,False,1,1,5.3,7.379
10,579,Ronaldo,1,4,122,33,9.282,True,2,1,19.3,18.564
11,112,Pope,90,1,54,33,6.853,False,0,0,4.1,0.0
12,5,Cédric,3,2,42,33,5.577000000000001,False,0,0,0.5,0.0
13,343,Bednarek,20,2,44,33,5.5820000000000025,False,0,0,1.5,0.0
14,341,Ward-Prowse,20,3,64,33,7.0889999999999995,False,0,0,6.9,0.0
