,player_id,web_name,team_code,element_type,now_cost,points_md,is_captain,multiplier,starting_lineup,selected_by_percent,gw_points
0,257,Ederson,43,1,60,3.809555555555556,False,1,1,9.9,3.809555555555556
1,122,Alonso,8,2,58,3.8529999999999998,False,1,1,17.5,3.8529999999999998
2,127,Rüdiger,8,2,55,3.5756666666666663,False,1,1,10.6,3.5756666666666663
3,237,Alexander-Arnold,14,2,76,4.265777777777778,False,1,1,34.5,4.265777777777778
4,275,Shaw,1,2,55,3.5438888888888886,False,1,1,41.5,3.5438888888888886
5,33,Grealish,43,3,80,4.258444444444446,False,1,1,19.7,4.258444444444446
6,96,Mbeumo,94,3,55,3.7906666666666666,False,1,1,0.8,3.7906666666666666
7,233,Salah,14,3,126,5.587888888888889,True,2,1,57.1,11.175777777777778
8,78,Toney,94,4,63,4.124555555555555,False,1,1,14.2,4.124555555555555
9,413,Antonio,21,4,79,4.127000000000001,False,1,1,33.7,4.127000000000001
10,529,Lukaku,8,4,116,5.482888888888889,False,1,1,31.6,5.482888888888889
11,334,McCarthy,20,1,45,3.382888888888889,False,0,0,1.8,0.0
12,491,Livramento,20,2,42,2.4793333333333334,False,0,0,10.5,0.0
13,115,Brownhill,90,3,45,2.4366666666666665,False,0,0,2.5,0.0
14,335,Romeu,20,3,45,2.267888888888889,False,0,0,0.6,0.0
