,player_id,web_name,team_code,element_type,now_cost,event,points_md,is_captain,multiplier,starting_lineup,selected_by_percent,gw_points
0,157,Pickford,11,1,48,26,7.686,False,1,1,4.7,7.686
1,155,Digne,11,2,61,26,8.312999999999999,False,1,1,7.7,8.312999999999999
2,277,Cancelo,43,2,61,26,9.727,False,1,1,25.3,9.727
3,300,Shaw,1,2,51,26,7.85,False,1,1,9.3,7.85
4,556,Dias,43,2,61,26,9.412,False,1,1,21.3,9.412
5,235,Barnes,13,3,69,26,8.919,False,1,1,12.7,8.919
6,254,Salah,14,3,126,26,13.244000000000002,True,2,1,42.3,26.488000000000003
7,557,Lookman,54,3,50,26,7.66,False,1,1,1.4,7.66
8,164,Calvert-Lewin,11,4,76,26,9.603,False,1,1,36.4,9.603
9,388,Kane,6,4,111,26,11.505,False,1,1,27.0,11.505
10,514,Watkins,7,4,65,26,9.199,False,1,1,24.4,9.199
11,383,Lloris,6,1,56,26,8.097999999999999,False,0,0,6.3,0.0
12,391,Dier,6,2,49,26,7.45,False,0,0,3.4,0.0
13,271,Gündogan,43,3,61,26,8.027000000000001,False,0,0,32.6,0.0
14,481,Pereira,35,3,54,26,6.757999999999999,False,0,0,1.5,0.0
