,player_id,web_name,team_code,element_type,now_cost,event,points_md,is_captain,multiplier,starting_lineup,selected_by_percent,gw_points
0,102,Steele,36,1,39,29,7.5360000000000005,False,1,1,1.4,7.5360000000000005
1,106,Dunk,36,2,47,29,7.098,False,1,1,4.8,7.098
2,139,Chilwell,8,2,60,29,6.894,False,1,1,9.5,6.894
3,146,James,8,2,58,29,7.693,False,1,1,12.1,7.693
4,461,Zouma,21,2,44,29,6.518,False,1,1,1.0,6.518
5,261,Maddison,13,3,82,29,9.003,False,1,1,9.6,9.003
6,283,Salah,14,3,128,29,9.338,False,1,1,25.8,9.338
7,335,Rashford,1,3,73,29,9.463,True,2,1,52.8,18.926
8,40,Watkins,7,4,75,29,8.021,False,1,1,14.8,8.021
9,66,Solanke,91,4,55,29,8.237,False,1,1,1.9,8.237
10,145,Havertz,8,4,76,29,8.117999999999999,False,1,1,5.9,8.117999999999999
11,327,De Gea,1,1,50,29,7.277,False,0,0,10.5,0.0
12,357,Trippier,4,2,61,29,6.9049999999999985,False,0,0,66.3,0.0
13,107,March,36,3,51,29,8.892000000000003,False,0,0,9.3,0.0
14,333,Fernandes,1,3,96,29,8.686,False,0,0,7.3,0.0
