,player_id,web_name,team_code,element_type,now_cost,event,points_md,is_captain,multiplier,starting_lineup,selected_by_percent,gw_points
0,182,Pickford,11,1,45,3,3.8169999999999997,False,1,1,5.7,3.8169999999999997
1,16,Gabriel,3,2,50,3,4.027,False,1,1,8.1,4.027
2,146,James,8,2,61,3,4.791,False,1,1,43.1,4.791
3,258,Castagne,13,2,45,3,3.872,False,1,1,2.0,3.872
4,160,Zaha,31,3,70,3,4.748,False,1,1,7.9,4.748
5,195,Gordon,11,3,55,3,4.387,False,1,1,1.7,4.387
6,261,Maddison,13,3,80,3,5.303999999999999,False,1,1,5.6,5.303999999999999
7,283,Salah,14,3,130,3,6.462999999999999,True,2,1,61.3,12.925999999999998
8,28,Jesus,3,4,81,3,4.834,False,1,1,78.7,4.834
9,210,Mitrović,54,4,66,3,4.909,False,1,1,16.2,4.909
10,427,Kane,6,4,114,3,6.015,False,1,1,17.2,6.015
11,81,Raya,94,1,45,3,3.5639999999999996,False,0,0,6.1,0.0
12,194,Mykolenko,11,2,45,3,3.903,False,0,0,0.3,0.0
13,430,Dier,6,2,50,3,3.9789999999999996,False,0,0,4.6,0.0
14,19,Martinelli,3,3,63,3,4.385,False,0,0,37.9,0.0
