,player_id,web_name,team_code,element_type,now_cost,event,points_md,is_captain,multiplier,starting_lineup,selected_by_percent,gw_points
0,307,Ederson,43,1,54,16,4.378,False,1,1,14.0,4.378
1,16,Gabriel,3,2,51,16,4.6610000000000005,False,1,1,11.4,4.6610000000000005
2,285,Alexander-Arnold,14,2,72,16,5.58,False,1,1,18.8,5.58
3,436,R.Sessegnon,6,2,45,16,3.679,False,1,1,1.0,3.679
4,13,Saka,3,3,80,16,5.315,False,1,1,17.2,5.315
5,104,Groß,36,3,56,16,4.2410000000000005,False,1,1,13.9,4.2410000000000005
6,111,Trossard,36,3,71,16,5.226,False,1,1,27.0,5.226
7,160,Zaha,31,3,75,16,5.574,False,1,1,20.1,5.574
8,283,Salah,14,3,127,16,8.236,True,2,1,30.6,16.472
9,297,Darwin,14,4,89,16,5.6670000000000025,False,1,1,8.3,5.6670000000000025
10,318,Haaland,43,4,121,16,7.555,False,1,1,81.2,7.555
11,324,Ortega,43,1,38,16,0.073,False,0,0,0.7,0.0
12,343,B.Williams,1,2,38,16,0.0,False,0,0,1.5,0.0
13,555,Ashby,21,2,39,16,0.0,False,0,0,0.4,0.0
14,380,Taylor,17,4,42,16,0.0,False,0,0,4.9,0.0
