,player_id,web_name,team_code,element_type,now_cost,event,points_md,is_captain,multiplier,starting_lineup,selected_by_percent,gw_points
0,152,Guaita,31,1,45,16,3.728,False,1,1,3.2,3.728
1,284,Robertson,14,2,67,16,4.581,True,2,1,4.0,9.162
2,290,Konaté,14,2,48,16,3.924,False,1,1,0.5,3.924
3,302,Stones,43,2,54,16,3.87,False,1,1,1.5,3.87
4,436,R.Sessegnon,6,2,45,16,3.755,False,1,1,1.0,3.755
5,169,Eze,31,3,57,16,3.8810000000000002,False,1,1,4.4,3.8810000000000002
6,304,Sterling,8,3,97,16,3.6830000000000003,False,1,1,4.7,3.6830000000000003
7,305,Grealish,43,3,68,16,3.832,False,1,1,1.1,3.832
8,333,Fernandes,1,3,98,16,4.195,False,1,1,2.0,4.195
9,465,Bowen,21,3,81,16,4.1419999999999995,False,1,1,3.5,4.1419999999999995
10,529,Scamacca,21,4,67,16,3.8080000000000003,False,1,1,2.1,3.8080000000000003
11,455,Fabianski,21,1,50,16,3.677,False,0,0,1.3,0.0
12,513,Lenglet,6,2,48,16,3.523,False,0,0,0.3,0.0
13,345,Martial,1,4,67,16,3.59,False,0,0,0.7,0.0
14,394,Johnson,17,4,56,16,3.466,False,0,0,0.8,0.0
