,player_id,web_name,team_code,element_type,now_cost,event,points_md,is_captain,multiplier,starting_lineup,selected_by_percent,gw_points
0,8,Leno,3,1,49,18,4.145,False,1,1,9.5,4.145
1,16,Holding,3,2,45,18,3.91,False,1,1,4.6,3.91
2,277,Cancelo,43,2,58,18,4.448,False,1,1,12.2,4.448
3,298,Maguire,1,2,54,18,4.051,False,1,1,4.5,4.051
4,556,Dias,43,2,58,18,4.629,False,1,1,9.4,4.629
5,24,Saka,3,3,53,18,4.04,False,1,1,10.5,4.04
6,272,De Bruyne,43,3,117,18,6.975,True,2,1,26.0,13.95
7,302,Fernandes,1,3,113,18,6.3039999999999985,False,1,1,53.1,6.3039999999999985
8,306,Rashford,1,3,96,18,5.52,False,1,1,12.6,5.52
9,388,Kane,6,4,110,18,5.499,False,1,1,44.9,5.499
10,506,Wilson,4,4,65,18,4.17,False,1,1,19.3,4.17
11,483,Ramsdale,49,1,47,18,3.714,False,0,0,2.2,0.0
12,509,Ampadu,49,2,43,18,3.009,False,0,0,0.5,0.0
13,464,Dendoncker,39,3,47,18,2.372,False,0,0,0.6,0.0
14,262,Brewster,49,4,45,18,2.419,False,0,0,7.5,0.0
