,player_id,web_name,team_code,element_type,now_cost,points_md,is_captain,multiplier,starting_lineup,selected_by_percent,gw_points
0,281,Alisson,14,1,55,4.0492,False,1,1,15.9,4.0492
1,16,Gabriel,3,2,50,3.4836,False,1,1,9.9,3.4836
2,285,Alexander-Arnold,14,2,75,4.8474,False,1,1,49.3,4.8474
3,312,Dias,43,2,60,3.9216,False,1,1,10.8,3.9216
4,13,Saka,3,3,79,4.4688,False,1,1,12.1,4.4688
5,19,Martinelli,3,3,64,3.7258000000000004,False,1,1,40.0,3.7258000000000004
6,104,Groß,36,3,58,3.6136000000000004,False,1,1,17.0,3.6136000000000004
7,283,Salah,14,3,130,5.7974000000000006,True,2,1,54.3,11.594800000000001
8,80,Toney,94,4,72,3.9868,False,1,1,18.6,3.9868
9,210,Mitrović,54,4,67,4.009600000000001,False,1,1,19.8,4.009600000000001
10,318,Haaland,43,4,118,5.5046,False,1,1,68.5,5.5046
11,254,Ward,13,1,40,3.1094,False,0,0,26.9,0.0
12,106,Dunk,36,2,46,2.9896000000000003,False,0,0,5.4,0.0
13,295,N.Williams,17,2,41,2.3196,False,0,0,27.8,0.0
14,346,Andreas,54,3,45,2.9298,False,0,0,23.1,0.0
