,player_id,web_name,team_code,element_type,now_cost,event,points_md,is_captain,multiplier,starting_lineup,selected_by_percent,gw_points
0,31,Martínez,7,1,49,10,3.805,False,1,1,5.4,3.805
1,146,James,8,2,61,10,5.1579999999999995,False,1,1,38.5,5.1579999999999995
2,306,Cancelo,43,2,72,10,5.011,False,1,1,51.8,5.011
3,357,Trippier,4,2,55,10,3.95,False,1,1,50.2,3.95
4,111,Trossard,36,3,67,10,4.463,False,1,1,9.8,4.463
5,160,Zaha,31,3,73,10,5.438,False,1,1,18.1,5.438
6,314,Foden,43,3,81,10,5.109,False,1,1,12.5,5.109
7,465,Bowen,21,3,81,10,4.898,False,1,1,4.3,4.898
8,40,Watkins,7,4,72,10,4.145,False,1,1,2.2,4.145
9,66,Solanke,91,4,57,10,4.188,False,1,1,1.4,4.188
10,318,Haaland,43,4,122,10,8.305,True,2,1,83.2,16.61
11,455,Fabianski,21,1,50,10,3.84,False,0,0,1.4,0.0
12,128,Thiago Silva,8,2,54,10,3.727,False,0,0,6.6,0.0
13,520,Koulibaly,8,2,55,10,4.085,False,0,0,7.1,0.0
14,369,Almirón,4,3,51,10,4.242,False,0,0,4.1,0.0
