,player_id,web_name,team_code,element_type,now_cost,event,points_md,is_captain,multiplier,starting_lineup,selected_by_percent,gw_points
0,455,Fabianski,21,1,50,10,3.839,False,1,1,1.4,3.839
1,146,James,8,2,61,10,5.329,False,1,1,38.3,5.329
2,306,Cancelo,43,2,72,10,4.977,False,1,1,51.8,4.977
3,520,Koulibaly,8,2,55,10,4.128,False,1,1,7.1,4.128
4,160,Zaha,31,3,73,10,5.218,False,1,1,18.0,5.218
5,261,Maddison,13,3,81,10,4.681,False,1,1,13.9,4.681
6,301,De Bruyne,43,3,124,10,6.3329999999999975,False,1,1,34.9,6.3329999999999975
7,369,Almirón,4,3,51,10,4.23,False,1,1,4.0,4.23
8,465,Bowen,21,3,81,10,4.835,False,1,1,4.2,4.835
9,66,Solanke,91,4,57,10,4.292,False,1,1,1.3,4.292
10,318,Haaland,43,4,122,10,7.992000000000001,True,2,1,83.1,15.984000000000002
11,254,Ward,13,1,41,10,3.29,False,0,0,25.9,0.0
12,39,Mings,7,2,43,10,3.284,False,0,0,4.2,0.0
13,461,Zouma,21,2,45,10,3.707,False,0,0,2.0,0.0
14,54,Archer,7,4,43,10,0.375,False,0,0,3.0,0.0
