,player_id,web_name,team_code,element_type,now_cost,event,points_md,is_captain,multiplier,starting_lineup,selected_by_percent,gw_points
0,455,Fabianski,21,1,50,10,3.7889999999999997,False,1,1,1.4,3.7889999999999997
1,146,James,8,2,61,10,5.075,False,1,1,38.8,5.075
2,306,Cancelo,43,2,72,10,5.083,False,1,1,51.8,5.083
3,357,Trippier,4,2,55,10,3.833,False,1,1,50.5,3.833
4,461,Zouma,21,2,45,10,3.603,False,1,1,2.0,3.603
5,111,Trossard,36,3,67,10,4.367,False,1,1,10.3,4.367
6,261,Maddison,13,3,81,10,4.699,False,1,1,14.9,4.699
7,465,Bowen,21,3,81,10,4.88,False,1,1,4.4,4.88
8,66,Solanke,91,4,57,10,4.328,False,1,1,1.4,4.328
9,318,Haaland,43,4,122,10,7.943,True,2,1,83.3,15.886
10,356,Wilson,4,4,72,10,4.654,False,1,1,1.6,4.654
11,307,Ederson,43,1,55,10,4.308,False,0,0,15.6,0.0
12,520,Koulibaly,8,2,55,10,4.32,False,0,0,7.1,0.0
13,160,Zaha,31,3,73,10,5.186,False,0,0,18.3,0.0
14,369,Almirón,4,3,51,10,3.925,False,0,0,4.3,0.0
