,player_id,web_name,team_code,element_type,now_cost,event,points_md,is_captain,multiplier,starting_lineup,selected_by_percent,gw_points
0,231,Alisson,14,1,61,38,4.513999999999999,False,1,1,9.2,4.513999999999999
1,122,Alonso,8,2,57,38,6.218999999999999,False,1,1,14.5,6.218999999999999
2,258,Aké,43,2,47,38,4.763,False,1,1,0.6,4.763
3,368,Sessegnon,6,2,43,38,4.473,False,1,1,0.9,4.473
4,22,Saka,3,3,67,38,5.541,False,1,1,29.1,5.541
5,138,Mount,8,3,77,38,5.787000000000001,False,1,1,21.6,5.787000000000001
6,212,Maddison,13,3,69,38,4.78,False,1,1,15.1,4.78
7,359,Son,6,3,112,38,7.149,True,2,1,32.6,14.298
8,558,Ødegaard,3,3,56,38,4.619,False,1,1,6.2,4.619
9,78,Toney,94,4,68,38,4.88,False,1,1,16.7,4.88
10,357,Kane,6,4,124,38,6.848,False,1,1,21.8,6.848
11,80,Raya,94,1,43,38,3.662,False,0,0,4.4,0.0
12,142,James,8,2,64,38,5.9670000000000005,False,0,0,18.2,0.0
13,264,Zinchenko,43,2,53,38,4.878,False,0,0,1.3,0.0
14,20,Nketiah,3,4,57,38,4.582,False,0,0,10.8,0.0
