,player_id,web_name,team_code,element_type,now_cost,event,points_md,is_captain,multiplier,starting_lineup,selected_by_percent,gw_points
0,231,Alisson,14,1,61,38,4.513999999999999,False,1,1,9.2,4.513999999999999
1,122,Alonso,8,2,57,38,6.218999999999999,False,1,1,14.5,6.218999999999999
2,142,James,8,2,64,38,5.9670000000000005,False,1,1,18.2,5.9670000000000005
3,234,Robertson,14,2,73,38,5.721,False,1,1,11.4,5.721
4,237,Alexander-Arnold,14,2,84,38,6.05,False,1,1,38.0,6.05
5,258,Aké,43,2,47,38,4.763,False,1,1,0.6,4.763
6,22,Saka,3,3,67,38,5.541,False,1,1,29.1,5.541
7,138,Mount,8,3,77,38,5.787000000000001,False,1,1,21.6,5.787000000000001
8,359,Son,6,3,112,38,7.149,True,2,1,32.6,14.298
9,20,Nketiah,3,4,57,38,4.582,False,1,1,10.8,4.582
10,357,Kane,6,4,124,38,6.848,False,1,1,21.8,6.848
11,80,Raya,94,1,43,38,3.662,False,0,0,4.4,0.0
12,12,Elneny,3,3,44,38,3.1,False,0,0,0.4,0.0
13,115,Brownhill,90,3,43,38,3.0989999999999998,False,0,0,3.5,0.0
14,577,Gelhardt,2,4,47,38,2.126,False,0,0,3.8,0.0
