,player_id,web_name,team_code,element_type,now_cost,event,points_md,is_captain,multiplier,starting_lineup,selected_by_percent,gw_points
0,327,De Gea,1,1,51,37,7.375,False,1,1,13.6,7.375
1,312,Dias,43,2,60,37,6.971,False,1,1,7.7,6.971
2,332,Shaw,1,2,52,37,7.35,False,1,1,18.2,7.35
3,586,Estupiñán,36,2,49,37,6.727,False,1,1,18.0,6.727
4,116,Mac Allister,36,3,56,37,7.738999999999999,False,1,1,14.5,7.738999999999999
5,124,Mitoma,36,3,57,37,7.847,False,1,1,28.8,7.847
6,148,Gallagher,8,3,56,37,5.1720000000000015,False,1,1,0.6,5.1720000000000015
7,301,De Bruyne,43,3,122,37,10.957,False,1,1,26.5,10.957
8,333,Fernandes,1,3,95,37,9.929,False,1,1,9.0,9.929
9,145,Havertz,8,4,74,37,5.103,False,1,1,3.1,5.103
10,318,Haaland,43,4,124,37,13.355,True,2,1,83.4,26.71
11,147,Mendy,8,1,48,37,4.575,False,0,0,5.8,0.0
12,366,Schär,4,2,51,37,4.188,False,0,0,14.7,0.0
13,733,Pedro Porro,6,2,48,37,3.9939999999999998,False,0,0,1.0,0.0
14,66,Solanke,91,4,57,37,3.925,False,0,0,3.9,0.0
