,player_id,web_name,team_code,element_type,now_cost,event,points_md,is_captain,multiplier,starting_lineup,selected_by_percent,gw_points
0,327,De Gea,1,1,51,37,7.391999999999999,False,1,1,13.6,7.391999999999999
1,312,Dias,43,2,60,37,6.797999999999999,False,1,1,7.7,6.797999999999999
2,332,Shaw,1,2,52,37,7.358,False,1,1,18.4,7.358
3,586,Estupiñán,36,2,49,37,6.67,False,1,1,18.1,6.67
4,116,Mac Allister,36,3,56,37,7.5299999999999985,False,1,1,14.6,7.5299999999999985
5,124,Mitoma,36,3,57,37,8.302,False,1,1,28.9,8.302
6,148,Gallagher,8,3,56,37,5.026999999999999,False,1,1,0.6,5.026999999999999
7,301,De Bruyne,43,3,122,37,10.819,False,1,1,26.5,10.819
8,333,Fernandes,1,3,95,37,9.803999999999998,False,1,1,9.2,9.803999999999998
9,318,Haaland,43,4,124,37,13.709000000000001,True,2,1,83.4,27.418000000000003
10,427,Kane,6,4,114,37,5.437,False,1,1,29.0,5.437
11,426,Forster,6,1,39,37,3.536,False,0,0,4.3,0.0
12,461,Zouma,21,2,44,37,3.639,False,0,0,1.4,0.0
13,710,Kiwior,3,2,40,37,3.4939999999999998,False,0,0,0.1,0.0
14,237,Greenwood,2,4,40,37,1.706,False,0,0,10.6,0.0
