,player_id,web_name,team_code,element_type,now_cost,event,points_md,is_captain,multiplier,starting_lineup,selected_by_percent,gw_points
0,455,Fabianski,21,1,50,25,3.846,False,1,1,1.2,3.846
1,178,Coleman,11,2,44,25,4.647,False,1,1,1.4,4.647
2,276,Matip,14,2,59,25,4.292999999999998,False,1,1,0.9,4.292999999999998
3,459,Dawson,39,2,48,25,4.032,False,1,1,1.1,4.032
4,3,Xhaka,3,3,49,25,6.155,False,1,1,2.8,6.155
5,186,Iwobi,11,3,54,25,6.2639999999999985,False,1,1,2.6,6.2639999999999985
6,480,Neves,39,3,54,25,5.9979999999999976,False,1,1,3.7,5.9979999999999976
7,680,Gakpo,14,3,78,25,6.9350000000000005,True,2,1,4.9,13.870000000000001
8,704,Sarabia,39,3,55,25,5.535,False,1,1,0.2,5.535
9,110,Maupay,11,4,59,25,5.3450000000000015,False,1,1,0.9,5.3450000000000015
10,288,Diogo Jota,14,4,88,25,5.311,False,1,1,0.5,5.311
11,2,Leno,54,1,45,25,3.698,False,0,0,3.3,0.0
12,222,Ayling,2,2,45,25,3.594,False,0,0,0.3,0.0
13,463,Coufal,21,2,41,25,3.571,False,0,0,0.8,0.0
14,227,Bamford,2,4,72,25,4.534,False,0,0,0.6,0.0
