,player_id,web_name,team_code,element_type,now_cost,event,points_md,is_captain,multiplier,starting_lineup,selected_by_percent,gw_points
0,182,Pickford,11,1,44,25,6.787999999999999,False,1,1,6.5,6.787999999999999
1,16,Gabriel,3,2,52,25,8.216000000000001,False,1,1,13.4,8.216000000000001
2,284,Robertson,14,2,68,25,8.514,False,1,1,7.3,8.514
3,285,Alexander-Arnold,14,2,73,25,9.699,False,1,1,20.5,9.699
4,13,Saka,3,3,84,25,11.323,False,1,1,37.0,11.323
5,186,Iwobi,11,3,54,25,6.341,False,1,1,2.9,6.341
6,283,Salah,14,3,127,25,12.072000000000001,True,2,1,27.9,24.144000000000002
7,480,Neves,39,3,54,25,6.016,False,1,1,3.9,6.016
8,534,McNeil,11,3,51,25,6.037999999999999,False,1,1,0.4,6.037999999999999
9,11,Nketiah,3,4,68,25,10.125,False,1,1,12.7,10.125
10,318,Haaland,43,4,122,25,6.551,False,1,1,85.0,6.551
11,376,Pope,4,1,54,25,0.0,False,0,0,21.5,0.0
12,484,Kilman,39,2,44,25,3.859,False,0,0,4.6,0.0
13,718,Viña,91,2,45,25,0.517,False,0,0,0.0,0.0
14,671,Morgan,20,4,45,25,0.0,False,0,0,0.0,0.0
