,player_id,web_name,team_code,element_type,now_cost,event,points_md,is_captain,multiplier,starting_lineup,selected_by_percent,gw_points
0,182,Pickford,11,1,44,25,6.8,False,1,1,6.2,6.8
1,16,Gabriel,3,2,52,25,8.578,False,1,1,13.4,8.578
2,284,Robertson,14,2,68,25,8.42,False,1,1,7.1,8.42
3,285,Alexander-Arnold,14,2,73,25,9.735,False,1,1,19.9,9.735
4,13,Saka,3,3,84,25,11.297,False,1,1,36.5,11.297
5,186,Iwobi,11,3,54,25,6.273,False,1,1,2.5,6.273
6,283,Salah,14,3,127,25,12.495,True,2,1,26.8,24.99
7,480,Neves,39,3,54,25,5.888999999999999,False,1,1,3.6,5.888999999999999
8,534,McNeil,11,3,51,25,6.006,False,1,1,0.4,6.006
9,11,Nketiah,3,4,68,25,9.701,False,1,1,12.5,9.701
10,318,Haaland,43,4,122,25,6.483,False,1,1,85.1,6.483
11,478,Sá,39,1,50,25,6.269,False,0,0,5.9,0.0
12,463,Coufal,21,2,41,25,3.8,False,0,0,0.7,0.0
13,545,Emerson,21,2,40,25,3.8289999999999997,False,0,0,1.6,0.0
14,682,Cunha,39,4,55,25,5.263,False,0,0,0.4,0.0
