,player_id,web_name,team_code,element_type,now_cost,event,points_md,is_captain,multiplier,starting_lineup,selected_by_percent,gw_points
0,307,Ederson,43,1,54,20,6.507999999999999,False,1,1,13.4,6.507999999999999
1,358,Burn,4,2,45,20,3.867,False,1,1,2.1,3.867
2,377,Botman,4,2,44,20,3.8510000000000004,False,1,1,4.5,3.8510000000000004
3,533,Martínez,1,2,45,20,4.0619999999999985,False,1,1,5.7,4.0619999999999985
4,225,Rodrigo,2,3,63,20,5.6930000000000005,False,1,1,6.7,5.6930000000000005
5,301,De Bruyne,43,3,125,20,7.936,False,1,1,36.7,7.936
6,335,Rashford,1,3,70,20,5.678,False,1,1,37.5,5.678
7,369,Almirón,4,3,59,20,4.662,False,1,1,42.1,4.662
8,318,Haaland,43,4,122,20,10.064,True,2,1,84.9,20.128
9,345,Martial,1,4,66,20,5.983,False,1,1,4.7,5.983
10,427,Kane,6,4,116,20,7.204,False,1,1,29.3,7.204
11,425,Lloris,6,1,55,20,5.434,False,0,0,4.5,0.0
12,85,Henry,94,2,45,20,3.845,False,0,0,1.1,0.0
13,526,Mee,94,2,46,20,4.065,False,0,0,6.3,0.0
14,45,Bailey,7,3,45,20,3.818,False,0,0,3.9,0.0
