,player_id,web_name,team_code,element_type,now_cost,event,points_md,is_captain,multiplier,starting_lineup,selected_by_percent,gw_points
0,426,Forster,6,1,39,24,3.7760000000000002,False,1,1,3.7,3.7760000000000002
1,106,Dunk,36,2,47,24,3.9619999999999997,False,1,1,5.0,3.9619999999999997
2,309,Laporte,43,2,57,24,3.779,False,1,1,0.6,3.779
3,459,Dawson,39,2,48,24,3.846,False,1,1,0.3,3.846
4,116,Mac Allister,36,3,54,24,4.312,False,1,1,2.4,4.312
5,480,Neves,39,3,54,24,4.053999999999999,False,1,1,1.7,4.053999999999999
6,699,Mudryk,8,3,70,24,4.124,False,1,1,2.8,4.124
7,704,Sarabia,39,3,55,24,3.904,False,1,1,0.0,3.904
8,145,Havertz,8,4,77,24,4.372,False,1,1,4.4,4.372
9,227,Bamford,2,4,72,24,4.011,False,1,1,0.6,4.011
10,690,João Félix,8,4,75,24,4.84,True,2,1,1.3,9.68
11,238,Meslier,2,1,45,24,3.345,False,0,0,2.0,0.0
12,342,Dalot,1,2,47,24,3.552,False,0,0,4.2,0.0
13,586,Estupiñán,36,2,46,24,3.748,False,0,0,3.6,0.0
14,305,Grealish,43,3,68,24,3.713,False,0,0,1.9,0.0
