,player_id,web_name,team_code,element_type,now_cost,event,points_md,is_captain,multiplier,starting_lineup,selected_by_percent,gw_points
0,478,Sá,39,1,50,24,3.888,False,1,1,5.0,3.888
1,106,Dunk,36,2,47,24,3.8689999999999998,False,1,1,5.0,3.8689999999999998
2,459,Dawson,39,2,48,24,3.735,False,1,1,0.3,3.735
3,586,Estupiñán,36,2,46,24,3.7880000000000003,False,1,1,3.5,3.7880000000000003
4,116,Mac Allister,36,3,54,24,4.2589999999999995,False,1,1,2.4,4.2589999999999995
5,186,Iwobi,11,3,54,24,3.713,False,1,1,0.7,3.713
6,480,Neves,39,3,54,24,3.944,False,1,1,1.7,3.944
7,699,Mudryk,8,3,70,24,3.802,False,1,1,2.8,3.802
8,145,Havertz,8,4,77,24,4.651,True,2,1,4.4,9.302
9,227,Bamford,2,4,72,24,3.9219999999999997,False,1,1,0.6,3.9219999999999997
10,690,João Félix,8,4,75,24,4.42,False,1,1,1.2,4.42
11,426,Forster,6,1,39,24,3.807,False,0,0,3.7,0.0
12,85,Henry,94,2,45,24,3.4789999999999996,False,0,0,1.1,0.0
13,610,Akanji,43,2,50,24,3.437,False,0,0,3.8,0.0
14,465,Bowen,21,3,80,24,3.582,False,0,0,2.6,0.0
