,player_id,web_name,team_code,element_type,now_cost,event,points_md,is_captain,multiplier,starting_lineup,selected_by_percent,gw_points
0,307,Ederson,43,1,54,17,3.927,False,1,1,13.8,3.927
1,16,Gabriel,3,2,52,17,4.729,False,1,1,13.6,4.729
2,112,Cucurella,8,2,51,17,4.8389999999999995,False,1,1,7.5,4.8389999999999995
3,285,Alexander-Arnold,14,2,72,17,4.6339999999999995,False,1,1,18.4,4.6339999999999995
4,342,Dalot,1,2,48,17,4.374,False,1,1,12.5,4.374
5,13,Saka,3,3,80,17,5.4860000000000015,False,1,1,17.1,5.4860000000000015
6,19,Martinelli,3,3,68,17,4.895,False,1,1,48.4,4.895
7,104,Groß,36,3,56,17,4.265,False,1,1,13.5,4.265
8,142,Mount,8,3,75,17,5.115,False,1,1,6.4,5.115
9,318,Haaland,43,4,122,17,7.282,True,2,1,82.8,14.564
10,617,Aubameyang,8,4,87,17,4.72,False,1,1,1.0,4.72
11,182,Pickford,11,1,45,17,3.9,False,0,0,6.0,0.0
12,332,Shaw,1,2,48,17,4.296,False,0,0,2.2,0.0
13,160,Zaha,31,3,75,17,5.827000000000001,False,0,0,19.0,0.0
14,345,Martial,1,4,67,17,4.8260000000000005,False,0,0,2.0,0.0
