,player_id,web_name,team_code,element_type,now_cost,event,points_md,is_captain,multiplier,starting_lineup,selected_by_percent,gw_points
0,112,Pope,90,1,54,31,6.849,False,1,1,3.2,6.849
1,59,Dunk,36,2,48,31,4.484,False,1,1,2.1,4.484
2,71,Lamptey,36,2,45,31,4.141,False,1,1,2.2,4.141
3,224,Matip,14,2,49,31,5.207999999999998,False,1,1,4.0,5.207999999999998
4,414,Dawson,21,2,49,31,4.336,False,1,1,1.2,4.336
5,118,McNeil,90,3,56,31,5.598,False,1,1,0.3,5.598
6,173,Doucouré,11,3,53,31,5.3870000000000005,False,1,1,1.2,5.3870000000000005
7,230,Mané,14,3,117,31,6.412000000000001,False,1,1,3.6,6.412000000000001
8,484,Gray,11,3,55,31,5.5909999999999975,False,1,1,5.0,5.5909999999999975
9,503,Gordon,11,3,45,31,5.599,False,1,1,2.4,5.599
10,700,Weghorst,90,4,64,31,7.638,True,2,1,4.6,15.276
11,408,Fabianski,21,1,50,31,3.863,False,0,0,2.7,0.0
12,584,Cucurella,36,2,50,31,4.125,False,0,0,2.7,0.0
13,159,Mateta,31,4,52,31,3.3339999999999996,False,0,0,0.6,0.0
14,583,Hwang,39,4,54,31,3.56,False,0,0,4.6,0.0
