,player_id,web_name,team_code,element_type,now_cost,event,points_md,is_captain,multiplier,starting_lineup,selected_by_percent,gw_points
0,170,Pickford,11,1,49,31,6.706,False,1,1,4.4,6.706
1,59,Dunk,36,2,48,31,4.473,False,1,1,2.1,4.473
2,121,Thiago Silva,8,2,57,31,4.435,False,1,1,8.0,4.435
3,224,Matip,14,2,49,31,5.162000000000001,False,1,1,4.1,5.162000000000001
4,234,Robertson,14,2,72,31,6.136,False,1,1,9.3,6.136
5,115,Brownhill,90,3,43,31,5.377999999999999,False,1,1,2.7,5.377999999999999
6,138,Mount,8,3,75,31,5.769,False,1,1,13.9,5.769
7,233,Salah,14,3,133,31,8.641,True,2,1,60.3,17.282
8,484,Gray,11,3,55,31,5.972,False,1,1,5.0,5.972
9,180,Richarlison,11,4,75,31,6.5630000000000015,False,1,1,5.2,6.5630000000000015
10,700,Weghorst,90,4,64,31,7.5870000000000015,False,1,1,4.6,7.5870000000000015
11,112,Pope,90,1,54,31,6.837999999999999,False,0,0,3.2,0.0
12,370,Reguilón,6,2,52,31,4.488,False,0,0,12.0,0.0
13,359,Son,6,3,109,31,5.7079999999999975,False,0,0,24.3,0.0
14,63,Maupay,36,4,65,31,4.747,False,0,0,7.4,0.0
