,player_id,web_name,team_code,element_type,now_cost,event,points_md,is_captain,multiplier,starting_lineup,selected_by_percent,gw_points
0,15,Ramsdale,3,1,49,17,4.011,False,1,1,11.1,4.011
1,16,Gabriel,3,2,52,17,4.4,False,1,1,13.5,4.4
2,112,Cucurella,8,2,51,17,4.77,False,1,1,7.6,4.77
3,332,Shaw,1,2,48,17,4.4910000000000005,False,1,1,2.2,4.4910000000000005
4,13,Saka,3,3,80,17,5.724,False,1,1,17.0,5.724
5,111,Trossard,36,3,71,17,4.937,False,1,1,28.0,4.937
6,142,Mount,8,3,75,17,4.953,False,1,1,6.5,4.953
7,160,Zaha,31,3,75,17,5.5360000000000005,False,1,1,19.3,5.5360000000000005
8,283,Salah,14,3,128,17,6.282,False,1,1,32.1,6.282
9,318,Haaland,43,4,122,17,6.775,True,2,1,82.7,13.55
10,345,Martial,1,4,67,17,4.934,False,1,1,1.9,4.934
11,182,Pickford,11,1,45,17,3.897,False,0,0,6.0,0.0
12,153,Tomkins,31,2,39,17,2.83,False,0,0,1.1,0.0
13,533,Martínez,1,2,45,17,4.352,False,0,0,7.3,0.0
14,166,Edouard,31,4,53,17,4.159,False,0,0,2.7,0.0
