,player_id,web_name,team_code,element_type,now_cost,event,points_md,is_captain,multiplier,starting_lineup,selected_by_percent,gw_points
0,102,Steele,36,1,39,34,7.0,False,1,1,3.2,7.0
1,290,Konaté,14,2,48,34,6.98,False,1,1,1.3,6.98
2,302,Stones,43,2,55,34,7.2349999999999985,False,1,1,4.2,7.2349999999999985
3,559,Colwill,36,2,44,34,5.5520000000000005,False,1,1,0.1,5.5520000000000005
4,277,Thiago,14,3,51,34,5.36,False,1,1,0.6,5.36
5,303,Mahrez,43,3,73,34,8.468,True,2,1,4.4,16.936
6,315,Rodri,43,3,56,34,6.846,False,1,1,1.8,6.846
7,465,Bowen,21,3,80,34,6.3420000000000005,False,1,1,3.6,6.3420000000000005
8,609,Antony,1,3,73,34,6.422999999999999,False,1,1,3.1,6.422999999999999
9,288,Diogo Jota,14,4,88,34,7.284,False,1,1,4.8,7.284
10,345,Martial,1,4,63,34,5.851,False,1,1,1.4,5.851
11,455,Fabianski,21,1,49,34,6.362,False,0,0,1.2,0.0
12,109,Veltman,36,2,46,34,5.246,False,0,0,3.2,0.0
13,337,Lindelöf,1,2,41,34,5.043,False,0,0,0.3,0.0
14,458,Antonio,21,4,70,34,4.9030000000000005,False,0,0,1.6,0.0
