,player_id,web_name,team_code,element_type,now_cost,event,points_md,is_captain,multiplier,starting_lineup,selected_by_percent,gw_points
0,175,Johnstone,31,1,44,38,3.516,False,1,1,1.0,3.516
1,8,Tierney,3,2,46,38,3.801,False,1,1,0.8,3.801
2,188,Mina,11,2,43,38,4.294,True,2,1,0.1,8.588
3,199,Tarkowski,11,2,41,38,3.9760000000000004,False,1,1,3.6,3.9760000000000004
4,733,Pedro Porro,6,2,48,38,3.685,False,1,1,1.1,3.685
5,159,J.Ayew,31,3,52,38,4.1960000000000015,False,1,1,0.4,4.1960000000000015
6,171,Olise,31,3,53,38,4.277,False,1,1,1.8,4.277
7,185,A.Doucouré,11,3,53,38,3.918,False,1,1,0.1,3.918
8,261,Maddison,13,3,78,38,4.262,False,1,1,4.5,4.262
9,609,Antony,1,3,73,38,3.627,False,1,1,4.3,3.627
10,95,Mbeumo,94,4,56,38,3.6239999999999997,False,1,1,3.7,3.6239999999999997
11,548,Iversen,13,1,39,38,3.446,False,0,0,5.0,0.0
12,290,Konaté,14,2,49,38,3.326,False,0,0,1.4,0.0
13,66,Solanke,91,4,56,38,3.5989999999999998,False,0,0,3.7,0.0
14,262,Iheanacho,13,4,58,38,3.58,False,0,0,0.7,0.0
