,player_id,web_name,team_code,element_type,now_cost,event,points_md,is_captain,multiplier,starting_lineup,selected_by_percent,gw_points
0,376,Pope,4,1,55,23,4.0889999999999995,False,1,1,25.3,4.0889999999999995
1,276,Matip,14,2,59,23,4.516,False,1,1,0.8,4.516
2,284,Robertson,14,2,68,23,4.933,False,1,1,5.4,4.933
3,285,Alexander-Arnold,14,2,73,23,5.475,False,1,1,16.7,5.475
4,358,Burn,4,2,46,23,3.958,False,1,1,4.1,3.958
5,7,Ødegaard,3,3,69,23,8.491,False,1,1,34.3,8.491
6,13,Saka,3,3,82,23,9.117,False,1,1,25.6,9.117
7,315,Rodri,43,3,56,23,6.102,False,1,1,1.6,6.102
8,335,Rashford,1,3,72,23,4.941,False,1,1,51.9,4.941
9,210,Mitrović,54,4,70,23,5.078,False,1,1,27.0,5.078
10,318,Haaland,43,4,122,23,11.774,True,2,1,85.4,23.548
11,307,Ederson,43,1,54,23,7.816,False,0,0,13.7,0.0
12,357,Trippier,4,2,61,23,4.466,False,0,0,69.4,0.0
13,346,Andreas,54,3,45,23,3.847,False,0,0,19.1,0.0
14,11,Nketiah,3,4,67,23,9.025,False,0,0,8.4,0.0
