,player_id,web_name,team_code,element_type,now_cost,event,points_md,is_captain,multiplier,starting_lineup,selected_by_percent,gw_points
0,307,Ederson,43,1,54,23,7.808,False,1,1,13.7,7.808
1,284,Robertson,14,2,68,23,4.985,False,1,1,5.4,4.985
2,285,Alexander-Arnold,14,2,73,23,5.642,False,1,1,16.7,5.642
3,357,Trippier,4,2,61,23,4.754,False,1,1,69.4,4.754
4,7,Ødegaard,3,3,69,23,8.697000000000001,False,1,1,34.3,8.697000000000001
5,13,Saka,3,3,82,23,10.005,False,1,1,25.6,10.005
6,124,Mitoma,36,3,51,23,4.390999999999999,False,1,1,8.7,4.390999999999999
7,301,De Bruyne,43,3,124,23,9.509,False,1,1,35.2,9.509
8,11,Nketiah,3,4,67,23,9.41,False,1,1,8.3,9.41
9,210,Mitrović,54,4,70,23,5.191,False,1,1,27.1,5.191
10,318,Haaland,43,4,122,23,12.224,True,2,1,85.4,24.448
11,353,Darlow,4,1,39,23,0.0,False,0,0,0.9,0.0
12,343,B.Williams,1,2,38,23,0.031,False,0,0,3.0,0.0
13,494,Mosquera,39,2,39,23,0.0,False,0,0,1.1,0.0
14,365,Murphy,4,3,42,23,0.8170000000000001,False,0,0,2.4,0.0
