,player_id,web_name,team_code,element_type,now_cost,event,points_md,is_captain,multiplier,starting_lineup,selected_by_percent,gw_points
0,200,Schmeichel,13,1,50,37,6.8389999999999995,False,1,1,18.0,6.8389999999999995
1,168,Digne,7,2,50,37,7.522,False,1,1,5.9,7.522
2,237,Alexander-Arnold,14,2,84,37,5.113,False,1,1,38.4,5.113
3,488,Andersen,31,2,46,37,5.4190000000000005,False,1,1,2.6,5.4190000000000005
4,154,Zaha,31,3,69,37,8.305,False,1,1,7.5,8.305
5,212,Maddison,13,3,69,37,6.875,False,1,1,14.0,6.875
6,359,Son,6,3,110,37,6.575,False,1,1,27.8,6.575
7,503,Gordon,11,3,47,37,7.6160000000000005,False,1,1,6.2,7.6160000000000005
8,180,Richarlison,11,4,76,37,9.29,True,2,1,10.3,18.58
9,205,Vardy,13,4,103,37,6.902,False,1,1,9.2,6.902
10,337,Ings,7,4,77,37,8.464,False,1,1,8.6,8.464
11,112,Pope,90,1,53,37,6.313,False,0,0,3.5,0.0
12,44,Cash,7,2,53,37,7.221,False,0,0,12.1,0.0
13,675,Mykolenko,11,2,49,37,6.752999999999999,False,0,0,0.9,0.0
14,144,Gallagher,31,3,60,37,6.3329999999999975,False,0,0,11.5,0.0
