,player_id,web_name,team_code,element_type,now_cost,event,points_md,is_captain,multiplier,starting_lineup,selected_by_percent,gw_points
0,376,Pope,4,1,50,1,4.061,False,1,1,4.4,4.061
1,276,Matip,14,2,60,1,4.751,False,1,1,2.7,4.751
2,367,Targett,4,2,50,1,3.852,False,1,1,1.3,3.852
3,429,Doherty,6,2,50,1,3.951,False,1,1,1.1,3.951
4,430,Dier,6,2,50,1,3.929,False,1,1,3.6,3.929
5,443,Romero,6,2,50,1,4.059,False,1,1,2.6,4.059
6,225,Rodrigo,2,3,60,1,3.9130000000000003,False,1,1,0.9,3.9130000000000003
7,333,Fernandes,1,3,100,1,5.275,True,2,1,3.4,10.55
8,66,Solanke,91,4,60,1,4.482,False,1,1,1.4,4.482
9,255,Vardy,13,4,95,1,4.4460000000000015,False,1,1,5.0,4.4460000000000015
10,356,Wilson,4,4,75,1,4.895,False,1,1,3.4,4.895
11,238,Meslier,2,1,45,1,3.5460000000000003,False,0,0,2.9,0.0
12,233,Harrison,2,3,60,1,3.822,False,0,0,1.0,0.0
13,305,Grealish,43,3,70,1,3.346,False,0,0,4.4,0.0
14,344,Elanga,1,3,50,1,3.463,False,0,0,1.0,0.0
