,player_id,web_name,team_code,element_type,now_cost,event,points_md,is_captain,multiplier,starting_lineup,selected_by_percent,gw_points
0,200,Schmeichel,13,1,49,36,7.901,False,1,1,16.3,7.901
1,234,Robertson,14,2,73,36,9.467,False,1,1,11.6,9.467
2,237,Alexander-Arnold,14,2,84,36,10.716,False,1,1,38.9,10.716
3,256,Cancelo,43,2,72,36,9.29,False,1,1,40.6,9.29
4,262,Dias,43,2,61,36,9.322000000000001,False,1,1,16.6,9.322000000000001
5,22,Saka,3,3,67,36,10.134,False,1,1,29.1,10.134
6,212,Maddison,13,3,69,36,8.936,False,1,1,14.0,8.936
7,233,Salah,14,3,133,36,13.218,True,2,1,59.1,26.436
8,251,De Bruyne,43,3,119,36,10.784,False,1,1,10.2,10.784
9,503,Gordon,11,3,46,36,7.31,False,1,1,3.4,7.31
10,315,Pukki,45,4,61,36,7.898,False,1,1,10.8,7.898
11,444,Söndergaard,39,1,39,36,0.0,False,0,0,0.9,0.0
12,151,Kelly,31,2,38,36,0.023,False,0,0,2.0,0.0
13,542,Street,31,4,45,36,0.0,False,0,0,0.8,0.0
14,595,Locadia,36,4,44,36,0.0,False,0,0,0.9,0.0
