,player_id,web_name,team_code,element_type,now_cost,event,points_md,is_captain,multiplier,starting_lineup,selected_by_percent,gw_points
0,143,Mendy,8,1,61,9,4.362,False,1,1,14.8,4.362
1,135,Chilwell,8,2,57,9,4.879,False,1,1,5.9,4.879
2,168,Digne,11,2,53,9,4.6930000000000005,False,1,1,7.8,4.6930000000000005
3,169,Keane,11,2,50,9,4.352,False,1,1,2.9,4.352
4,96,Mbeumo,94,3,55,9,4.658,False,1,1,3.0,4.658
5,233,Salah,14,3,128,9,5.265,False,1,1,64.2,5.265
6,251,De Bruyne,43,3,119,9,5.18,False,1,1,3.1,5.18
7,482,Townsend,11,3,57,9,4.685,False,1,1,10.3,4.685
8,78,Toney,94,4,64,9,4.887,False,1,1,15.6,4.887
9,525,A.Armstrong,20,4,60,9,5.011,False,1,1,3.0,5.011
10,529,Lukaku,8,4,117,9,6.582999999999998,True,2,1,36.5,13.165999999999997
11,572,Okonkwo,3,1,40,9,0.0,False,0,0,0.1,0.0
12,99,Bardsley,90,2,39,9,0.0,False,0,0,0.7,0.0
13,425,Johnson,21,2,39,9,0.519,False,0,0,2.1,0.0
14,115,Brownhill,90,3,44,9,2.623,False,0,0,3.6,0.0
