,player_id,web_name,team_code,element_type,now_cost,event,points_md,is_captain,multiplier,starting_lineup,selected_by_percent,gw_points
0,257,Ederson,43,1,60,9,3.992,False,1,1,9.3,3.992
1,16,Tierney,3,2,49,9,3.835,False,1,1,7.2,3.835
2,135,Chilwell,8,2,57,9,4.879,False,1,1,5.9,4.879
3,168,Digne,11,2,53,9,4.6930000000000005,False,1,1,7.8,4.6930000000000005
4,169,Keane,11,2,50,9,4.352,False,1,1,2.9,4.352
5,256,Cancelo,43,2,63,9,4.195,False,1,1,22.7,4.195
6,96,Mbeumo,94,3,55,9,4.658,False,1,1,3.0,4.658
7,154,Zaha,31,3,70,9,4.504,False,1,1,7.0,4.504
8,482,Townsend,11,3,57,9,4.685,False,1,1,10.3,4.685
9,525,A.Armstrong,20,4,60,9,5.011,False,1,1,3.0,5.011
10,529,Lukaku,8,4,117,9,6.582999999999998,True,2,1,36.5,13.165999999999997
11,143,Mendy,8,1,61,9,4.362,False,0,0,14.8,0.0
12,22,Saka,3,3,64,9,4.2639999999999985,False,0,0,13.2,0.0
13,251,De Bruyne,43,3,119,9,5.18,False,0,0,3.1,0.0
14,78,Toney,94,4,64,9,4.887,False,0,0,15.6,0.0
