,player_id,web_name,team_code,element_type,now_cost,event,points_md,is_captain,multiplier,starting_lineup,selected_by_percent,gw_points
0,475,Sá,39,1,51,18,2.456,False,1,1,4.0,2.456
1,224,Matip,14,2,49,18,2.6010000000000004,False,1,1,2.7,2.6010000000000004
2,234,Robertson,14,2,71,18,2.92,False,1,1,3.5,2.92
3,259,Laporte,43,2,55,18,2.007,False,1,1,3.3,2.007
4,141,Havertz,8,3,78,18,2.69,False,1,1,3.6,2.69
5,193,Roberts,2,3,48,18,2.544,False,1,1,0.1,2.544
6,230,Mané,14,3,119,18,3.642,False,1,1,3.9,3.642
7,250,Gündogan,43,3,73,18,2.86,False,1,1,4.3,2.86
8,251,De Bruyne,43,3,118,18,4.022,True,2,1,2.9,8.044
9,6,Lacazette,3,4,83,18,3.1460000000000004,False,1,1,3.4,3.1460000000000004
10,296,Wilson,4,4,74,18,2.523,False,1,1,4.0,2.523
11,295,Dubravka,4,1,44,18,2.31,False,0,0,0.4,0.0
12,39,Targett,7,2,47,18,1.859,False,0,0,2.3,0.0
13,185,Ayling,2,2,43,18,1.97,False,0,0,3.0,0.0
14,577,Gelhardt,2,4,46,18,1.7009999999999998,False,0,0,2.4,0.0
