,player_id,web_name,team_code,element_type,now_cost,event,points_md,is_captain,multiplier,starting_lineup,selected_by_percent,gw_points
0,307,Ederson,43,1,54,17,4.106,False,1,1,13.7,4.106
1,16,Gabriel,3,2,52,17,4.556,False,1,1,13.7,4.556
2,112,Cucurella,8,2,51,17,4.8,False,1,1,7.5,4.8
3,332,Shaw,1,2,48,17,4.492,False,1,1,2.2,4.492
4,13,Saka,3,3,80,17,5.518,False,1,1,17.3,5.518
5,19,Martinelli,3,3,68,17,4.967,False,1,1,48.3,4.967
6,142,Mount,8,3,75,17,4.914,False,1,1,6.5,4.914
7,160,Zaha,31,3,75,17,5.492000000000001,False,1,1,18.8,5.492000000000001
8,283,Salah,14,3,128,17,6.544,False,1,1,32.4,6.544
9,318,Haaland,43,4,122,17,6.603,True,2,1,82.8,13.206
10,345,Martial,1,4,67,17,4.85,False,1,1,2.1,4.85
11,254,Ward,13,1,41,17,3.389,False,0,0,28.7,0.0
12,197,Patterson,11,2,40,17,2.6260000000000003,False,0,0,4.3,0.0
13,533,Martínez,1,2,45,17,4.327,False,0,0,7.4,0.0
14,166,Edouard,31,4,53,17,4.096,False,0,0,2.7,0.0
