,player_id,web_name,team_code,element_type,now_cost,points_md,is_captain,multiplier,starting_lineup,selected_by_percent,gw_points
0,270,de Gea,1,1,52,4.01,False,1,1,11.0,4.01
1,224,Matip,14,2,49,3.5002222222222223,False,1,1,2.5,3.5002222222222223
2,237,Alexander-Arnold,14,2,83,5.165777777777778,False,1,1,43.1,5.165777777777778
3,262,Dias,43,2,62,3.6801111111111116,False,1,1,28.0,3.6801111111111116
4,196,Raphinha,2,3,65,3.9853333333333336,False,1,1,15.4,3.9853333333333336
5,240,Jota,14,3,81,4.9750000000000005,False,1,1,28.0,4.9750000000000005
6,359,Son,6,3,106,4.804444444444444,False,1,1,26.6,4.804444444444444
7,420,Bowen,21,3,66,4.198777777777777,False,1,1,16.3,4.198777777777777
8,78,Toney,94,4,66,4.202888888888889,False,1,1,12.9,4.202888888888889
9,413,Antonio,21,4,78,4.408444444444444,False,1,1,40.1,4.408444444444444
10,579,Ronaldo,1,4,125,5.573222222222221,True,2,1,29.8,11.146444444444443
11,334,McCarthy,20,1,44,3.2332222222222224,False,0,0,2.0,0.0
12,290,Williams,45,2,39,1.551111111111111,False,0,0,4.9,0.0
13,425,Johnson,21,2,40,2.471888888888889,False,0,0,3.7,0.0
14,496,Ramsey,7,3,44,2.5435555555555553,False,0,0,0.2,0.0
