,player_id,web_name,team_code,element_type,now_cost,event,points_md,is_captain,multiplier,starting_lineup,selected_by_percent,gw_points
0,170,Pickford,11,1,49,21,6.1,False,1,1,5.1,6.1
1,169,Keane,11,2,49,21,5.76,False,1,1,3.6,5.76
2,370,Reguilón,6,2,54,21,3.737,False,1,1,16.8,3.737
3,414,Dawson,21,2,49,21,6.16,False,1,1,0.7,6.16
4,418,Coufal,21,2,47,21,5.885,False,1,1,5.6,5.885
5,196,Raphinha,2,3,65,21,4.8180000000000005,False,1,1,15.4,4.8180000000000005
6,359,Son,6,3,106,21,5.4129999999999985,False,1,1,26.6,5.4129999999999985
7,420,Bowen,21,3,66,21,7.747999999999998,True,2,1,16.3,15.495999999999997
8,484,Gray,11,3,55,21,5.9670000000000005,False,1,1,11.0,5.9670000000000005
9,524,Wissa,94,3,59,21,5.867000000000001,False,1,1,0.1,5.867000000000001
10,78,Toney,94,4,66,21,7.409,False,1,1,12.9,7.409
11,556,Fernández,94,1,45,21,5.8580000000000005,False,0,0,1.2,0.0
12,185,Ayling,2,2,43,21,3.21,False,0,0,2.9,0.0
13,357,Kane,6,4,122,21,5.141,False,0,0,9.2,0.0
14,579,Ronaldo,1,4,125,21,5.127000000000002,False,0,0,29.8,0.0
