,player_id,web_name,team_code,element_type,now_cost,event,points_md,is_captain,multiplier,starting_lineup,selected_by_percent,gw_points
0,102,Steele,36,1,39,29,7.300000000000002,False,1,1,1.5,7.300000000000002
1,106,Dunk,36,2,47,29,7.0500000000000025,False,1,1,4.8,7.0500000000000025
2,461,Zouma,21,2,44,29,6.459,False,1,1,1.0,6.459
3,559,Colwill,36,2,44,29,6.49,False,1,1,0.1,6.49
4,464,Benrahma,21,3,55,29,7.0310000000000015,False,1,1,0.9,7.0310000000000015
5,465,Bowen,21,3,80,29,8.001999999999999,False,1,1,2.7,8.001999999999999
6,493,Gibbs-White,17,3,55,29,6.8569999999999975,False,1,1,0.7,6.8569999999999975
7,609,Antony,1,3,73,29,7.337999999999999,False,1,1,2.8,7.337999999999999
8,66,Solanke,91,4,55,29,8.472999999999999,True,2,1,1.9,16.945999999999998
9,594,Isak,4,4,67,29,7.077000000000001,False,1,1,3.5,7.077000000000001
10,690,João Félix,8,4,76,29,7.277,False,1,1,3.5,7.277
11,238,Meslier,2,1,45,29,6.7970000000000015,False,0,0,1.9,0.0
12,256,Ricardo,13,2,43,29,5.747000000000001,False,0,0,0.1,0.0
13,358,Burn,4,2,45,29,6.0070000000000014,False,0,0,4.0,0.0
14,264,Barnes,13,3,67,29,6.824,False,0,0,1.9,0.0
