,player_id,web_name,team_code,element_type,now_cost,event,points_md,is_captain,multiplier,starting_lineup,selected_by_percent,gw_points
0,133,Arrizabalaga,8,1,47,29,7.2,False,1,1,9.6,7.2
1,139,Chilwell,8,2,60,29,6.977,False,1,1,9.5,6.977
2,357,Trippier,4,2,61,29,7.022,False,1,1,66.4,7.022
3,461,Zouma,21,2,44,29,6.68,False,1,1,1.0,6.68
4,586,Estupiñán,36,2,48,29,7.1160000000000005,False,1,1,11.3,7.1160000000000005
5,261,Maddison,13,3,82,29,9.047,False,1,1,9.7,9.047
6,283,Salah,14,3,128,29,8.962,False,1,1,25.9,8.962
7,335,Rashford,1,3,73,29,10.107000000000001,True,2,1,52.7,20.214000000000002
8,40,Watkins,7,4,75,29,7.76,False,1,1,14.8,7.76
9,66,Solanke,91,4,55,29,8.280000000000001,False,1,1,1.9,8.280000000000001
10,145,Havertz,8,4,76,29,8.112,False,1,1,6.0,8.112
11,327,De Gea,1,1,50,29,7.149,False,0,0,10.5,0.0
12,332,Shaw,1,2,52,29,6.849,False,0,0,20.0,0.0
13,107,March,36,3,51,29,9.401,False,0,0,9.4,0.0
14,116,Mac Allister,36,3,55,29,8.988,False,0,0,6.8,0.0
