,player_id,web_name,team_code,element_type,now_cost,event,points_md,is_captain,multiplier,starting_lineup,selected_by_percent,gw_points
0,2,Leno,54,1,45,23,3.815,False,1,1,2.4,3.815
1,285,Alexander-Arnold,14,2,73,23,5.541,False,1,1,16.5,5.541
2,286,Gomez,14,2,43,23,3.9330000000000003,False,1,1,1.1,3.9330000000000003
3,357,Trippier,4,2,61,23,4.587,False,1,1,69.6,4.587
4,358,Burn,4,2,46,23,3.8539999999999996,False,1,1,4.2,3.8539999999999996
5,366,Schär,4,2,52,23,4.1110000000000015,False,1,1,17.2,4.1110000000000015
6,7,Ødegaard,3,3,70,23,8.192,False,1,1,35.0,8.192
7,13,Saka,3,3,83,23,9.557,False,1,1,26.6,9.557
8,335,Rashford,1,3,72,23,4.92,False,1,1,52.6,4.92
9,297,Darwin,14,4,87,23,5.8320000000000025,False,1,1,7.8,5.8320000000000025
10,318,Haaland,43,4,122,23,12.966,True,2,1,85.4,25.932
11,307,Ederson,43,1,54,23,7.7929999999999975,False,0,0,13.8,0.0
12,303,Mahrez,43,3,77,23,7.19,False,0,0,9.0,0.0
13,346,Andreas,54,3,44,23,3.92,False,0,0,19.0,0.0
14,11,Nketiah,3,4,67,23,9.047,False,0,0,8.9,0.0
