,can_transact,can_select,chance_of_playing_next_round,chance_of_playing_this_round,code,cost_change_event,cost_change_event_fall,cost_change_start,cost_change_start_fall,dreamteam_count,element_type,ep_next,ep_this,event_points,first_name,form,id,in_dreamteam,news,news_added,now_cost,photo,points_per_game,removed,second_name,selected_by_percent,special,squad_number,status,team,team_code,total_points,transfers_in,transfers_in_event,transfers_out,transfers_out_event,value_form,value_season,web_name,region,team_join_date,birth_date,has_temporary_code,opta_code,minutes,goals_scored,assists,clean_sheets,goals_conceded,own_goals,penalties_saved,penalties_missed,yellow_cards,red_cards,saves,bonus,bps,influence,creativity,threat,ict_index,starts,expected_goals,expected_assists,expected_goal_involvements,expected_goals_conceded,mng_win,mng_draw,mng_loss,mng_underdog_win,mng_underdog_draw,mng_clean_sheets,mng_goals_scored,influence_rank,influence_rank_type,creativity_rank,creativity_rank_type,threat_rank,threat_rank_type,ict_index_rank,ict_index_rank_type,corners_and_indirect_freekicks_order,corners_and_indirect_freekicks_text,direct_freekicks_order,direct_freekicks_text,penalties_order,penalties_text,expected_goals_per_90,saves_per_90,expected_assists_per_90,expected_goal_involvements_per_90,expected_goals_conceded_per_90,goals_conceded_per_90,now_cost_rank,now_cost_rank_type,form_rank,form_rank_type,points_per_game_rank,points_per_game_rank_type,selected_rank,selected_rank_type,starts_per_90,clean_sheets_per_90
0,True,False,0.0,0.0,438098,0,0,-1,1,0,3,0.0,0.0,0,Fábio,0.0,1,False,Has joined Portuguese side FC Porto on loan for the 2024/25 season,2024-08-29T11:06:25.241953Z,54,438098.jpg,0.0,False,Ferreira Vieira,0.0,False,,u,1,3,0,439,0,2825,0,0.0,0.0,Fábio Vieira,,,,False,p438098,0,0,0,0,0,0,0,0,0,0,0,0,0,0.0,0.0,0.0,0.0,0,0.00,0.00,0.00,0.00,0,0,0,0,0,0,0,791,341,791,341,788,340,791,341,,,,,,,0.0,0.0,0.0,0.0,0.0,0.0,133,82,774,332,790,341,713,294,0.0,0.0
1,True,True,0.0,0.0,205651,0,0,-5,5,2,4,0.0,0.0,0,Gabriel,0.0,2,False,Knee injury - Expected back 01 Jun,2025-01-12T22:00:07.802845Z,65,205651.jpg,2.5,False,Fernando de Jesus,1.0,False,,i,1,3,42,1238190,13,1409404,50,0.0,6.5,G.Jesus,30.0,2022-07-04,1997-04-03,False,p205651,600,3,2,2,5,0,0,0,4,0,0,6,152,154.4,119.5,255.0,52.6,6,3.05,0.52,3.57,5.82,0,0,0,0,0,0,0,340,32,263,31,126,32,276,32,,,,,,,0.46,0.0,0.08,0.54,0.87,0.75,43,20,794,84,216,26,203,31,0.9,0.3
2,True,True,0.0,0.0,226597,0,0,2,-2,2,2,0.0,0.0,0,Gabriel,0.0,3,False,Hamstring injury - Expected back 01 Jun,2025-04-01T22:00:07.982867Z,62,226597.jpg,4.2,False,dos Santos Magalhães,12.4,False,,i,1,3,117,5092909,26,5398720,2500,0.0,18.9,Gabriel,30.0,2020-09-01,1997-12-19,False,p226597,2363,3,2,10,22,0,0,0,4,0,0,9,459,584.6,208.8,287.0,108.2,28,2.70,1.21,3.91,23.09,0,0,0,0,0,0,0,80,30,193,43,110,9,120,28,,,,,,,0.1,0.0,0.05,0.15,0.88,0.84,61,5,791,263,35,2,33,12,1.07,0.38
3,True,True,25.0,25.0,219847,0,0,-3,3,1,4,0.1,0.0,0,Kai,0.0,4,False,Hamstring injury - 25% chance of playing,2025-02-12T09:00:08.755570Z,77,219847.jpg,4.6,False,Havertz,5.7,False,,d,1,3,96,2589816,23,3526439,155,0.0,12.5,Havertz,80.0,2023-06-28,1999-06-11,False,p219847,1839,9,3,7,20,0,0,0,4,0,0,14,340,467.2,257.0,701.0,142.6,21,9.39,1.63,11.02,19.00,0,0,0,0,0,0,0,144,16,157,17,34,15,75,16,,,,,3.0,,0.46,0.0,0.08,0.54,0.93,0.98,14,4,798,87,20,8,66,12,1.03,0.34
4,True,False,0.0,0.0,463748,0,0,0,0,0,1,0.0,0.0,0,Karl,0.0,5,False,Loaned to Real Valladolid,2024-08-14T08:31:46.556082Z,40,463748.jpg,0.0,False,Hein,0.0,False,,u,1,3,0,0,0,4621,2,0.0,0.0,Hein,,,,False,p463748,0,0,0,0,0,0,0,0,0,0,0,0,0,0.0,0.0,0.0,0.0,0,0.00,0.00,0.00,0.00,0,0,0,0,0,0,0,607,68,594,57,555,38,607,68,,,,,,,0.0,0.0,0.0,0.0,0.0,0.0,668,54,489,59,615,68,642,71,0.0,0.0
5,True,True,100.0,100.0,445122,0,0,1,-1,2,2,1.5,1.0,0,Jurriën,1.0,6,False,,2025-05-04T12:00:07.787916Z,56,445122.jpg,3.8,False,Timber,5.8,False,,a,1,3,114,1957971,1283,1466175,2234,0.2,20.4,J.Timber,152.0,2023-07-14,2001-06-17,False,p445122,2415,1,3,11,21,0,0,0,7,0,0,9,426,393.0,296.8,254.0,94.2,27,1.23,1.30,2.53,21.09,0,0,0,0,0,0,0,176,66,136,28,127,14,149,40,,,,,,,0.05,0.0,0.05,0.1,0.79,0.78,104,11,294,86,66,10,64,21,1.01,0.41
6,True,True,100.0,100.0,85955,0,0,-4,4,0,3,0.9,0.4,0,Jorge Luiz,0.4,7,False,,2025-04-12T20:00:08.048837Z,46,85955.jpg,1.4,False,Frello Filho,0.2,False,,a,1,3,19,30802,6,50490,9,0.1,4.1,Jorginho,106.0,2023-01-31,1991-12-20,False,p85955,700,0,0,2,7,0,0,0,5,0,0,0,109,44.6,88.8,8.0,14.2,9,0.06,0.59,0.65,5.83,0,0,0,0,0,0,0,435,199,301,180,436,224,413,199,,,,,,,0.01,0.0,0.08,0.09,0.75,0.9,347,226,372,177,402,188,360,113,1.16,0.26
7,True,True,,,440854,0,0,-2,2,1,2,3.7,3.2,0,Jakub,3.2,8,False,,,48,440854.jpg,2.2,False,Kiwior,2.1,False,,a,1,3,33,312315,765,104138,321,0.7,6.9,Kiwior,172.0,2023-01-23,2000-02-15,False,p440854,892,1,0,2,14,0,0,0,0,0,0,0,126,186.2,59.5,30.0,27.6,8,0.17,0.24,0.41,11.72,0,0,0,0,0,0,0,304,113,342,111,366,121,359,120,,,,,,,0.02,0.0,0.02,0.04,1.18,1.41,311,39,99,27,253,82,138,52,0.81,0.2
8,True,True,100.0,100.0,444145,0,0,-5,5,1,3,3.5,3.0,1,Gabriel,3.0,9,False,,2025-02-06T00:00:08.092348Z,65,444145.jpg,3.7,False,Martinelli Silva,2.5,False,,a,1,3,114,1281565,731,1365688,577,0.5,17.5,Martinelli,30.0,2019-07-15,2001-06-18,False,p444145,2079,7,4,9,24,0,0,0,1,0,0,6,383,498.6,540.3,806.0,184.6,23,5.87,4.17,10.04,23.23,0,0,0,0,0,0,0,132,48,62,50,21,11,36,27,,,,,,,0.25,0.0,0.18,0.43,1.01,1.04,45,23,125,55,79,36,123,40,1.0,0.39
9,True,True,100.0,100.0,499175,-1,1,-2,2,0,3,2.7,2.2,0,Ethan,2.2,12,False,,2025-01-04T22:00:06.872110Z,43,499175.jpg,2.6,False,Nwaneri,1.6,False,,a,1,3,64,724443,438,576339,1008,0.5,14.9,Nwaneri,241.0,2022-09-17,2007-03-21,False,p499175,808,4,2,4,3,0,0,0,1,0,0,4,234,278.2,232.5,230.0,74.0,10,1.15,1.65,2.80,4.75,0,0,0,0,0,0,0,242,108,173,119,144,92,200,104,,,,,,,0.13,0.0,0.18,0.31,0.53,0.33,591,343,156,67,188,77,157,52,1.11,0.45
10,True,True,100.0,100.0,184029,0,0,-3,3,0,3,4.5,4.0,1,Martin,4.0,13,False,,2024-09-10T00:30:06.311550Z,82,184029.jpg,3.5,False,Ødegaard,5.0,False,,a,1,3,99,1148292,857,2230779,743,0.5,12.1,Ødegaard,161.0,2021-08-20,1998-12-17,False,p184029,2171,2,7,10,21,0,0,0,4,0,0,10,465,453.0,880.2,452.0,178.7,25,4.63,6.57,11.20,20.02,0,0,0,0,0,0,0,152,58,11,10,66,42,41,31,3.0,,1.0,,2.0,,0.19,0.0,0.27,0.46,0.83,0.87,12,9,63,25,100,48,72,22,1.04,0.41
11,True,True,100.0,100.0,154561,-1,1,0,0,2,1,2.5,2.0,0,David,2.0,15,False,,2025-01-30T11:00:08.979724Z,55,154561.jpg,3.6,False,Raya Martin,30.7,False,,a,1,3,131,3916379,1666,3460218,3258,0.4,23.8,Raya,200.0,2024-07-04,1995-09-15,False,p154561,3195,0,0,12,33,0,0,0,2,0,79,9,514,687.6,0.7,0.0,68.9,36,0.00,0.02,0.02,32.04,0,0,0,0,0,0,0,51,13,498,19,792,82,221,13,,,,,,,0.0,2.23,0.0,0.0,0.9,0.93,108,2,187,15,83,15,7,1,1.01,0.34
12,True,True,100.0,100.0,204480,0,0,-3,3,0,3,4.9,4.4,0,Declan,4.4,16,False,,2025-04-09T09:00:07.898311Z,62,204480.jpg,3.5,False,Rice,3.6,False,,a,1,3,114,489665,1646,786608,828,0.7,18.4,Rice,241.0,2023-07-15,1999-01-14,False,p204480,2643,3,7,10,28,0,0,0,5,1,0,14,576,656.6,912.5,360.0,192.5,31,3.26,5.55,8.81,24.64,0,0,0,0,0,0,0,57,16,9,9,88,59,25,20,2.0,,2.0,,,,0.11,0.0,0.19,0.3,0.84,0.95,56,30,52,20,97,46,99,32,1.06,0.34
13,True,True,100.0,100.0,223340,0,0,3,-3,4,3,1.7,1.2,1,Bukayo,1.2,17,False,,2025-04-09T09:00:07.942776Z,103,223340.jpg,5.3,False,Saka,17.1,False,,a,1,3,122,7773389,5316,9247317,4964,0.1,11.8,Saka,241.0,2018-11-28,2001-09-05,False,p223340,1580,6,11,6,21,0,0,0,3,0,0,18,480,570.2,737.5,755.0,206.2,19,6.67,7.00,13.67,15.90,0,0,0,0,0,0,0,88,33,22,18,25,14,17,12,1.0,,,,1.0,,0.38,0.0,0.4,0.78,0.91,1.2,4,3,282,136,11,5,19,5,1.08,0.34
14,True,True,100.0,100.0,462424,0,0,5,-5,3,2,2.5,2.0,0,William,2.0,18,False,,2025-01-18T23:00:07.959087Z,65,462424.jpg,3.8,False,Saliba,30.6,False,,a,1,3,128,4020982,3149,4947343,3743,0.3,19.7,Saliba,73.0,2019-07-25,2001-03-24,False,p462424,2949,2,0,12,29,0,0,0,2,1,0,14,551,654.2,147.4,116.0,92.1,34,2.42,1.27,3.69,28.36,0,0,0,0,0,0,0,59,23,240,63,246,70,153,41,,,,,,,0.07,0.0,0.04,0.11,0.87,0.89,47,3,191,54,69,11,8,2,1.04,0.37
15,True,True,100.0,100.0,167199,0,0,-1,1,0,3,3.5,3.0,1,Thomas,3.0,20,False,,2025-04-12T20:00:08.101021Z,49,167199.jpg,3.1,False,Partey,0.7,False,,a,1,3,102,306007,71,287371,83,0.6,20.8,Thomas,81.0,2020-10-05,1993-06-13,False,p167199,2568,4,3,8,29,0,0,0,4,0,0,8,535,566.8,332.0,172.0,107.5,29,2.00,2.56,4.56,27.84,0,0,0,0,0,0,0,92,35,114,81,195,119,121,72,,,,,,,0.07,0.0,0.09,0.16,0.98,1.02,246,156,113,44,131,58,241,76,1.02,0.28
16,True,True,100.0,100.0,192895,0,0,-2,2,0,2,2.1,1.6,0,Kieran,1.6,21,False,,2024-08-12T14:30:04.394338Z,43,192895.jpg,1.5,False,Tierney,0.1,False,,a,1,3,15,15215,12,12884,48,0.4,3.5,Tierney,243.0,2019-08-08,1997-06-05,False,p192895,174,0,0,1,0,0,0,0,0,0,0,0,63,40.4,90.5,13.0,14.5,1,0.21,0.50,0.71,1.47,0,0,0,0,0,0,0,441,162,298,88,416,147,412,141,,,,,,,0.11,0.0,0.26,0.37,0.76,0.0,568,116,220,68,371,122,472,164,0.52,0.52
17,True,True,0.0,0.0,223723,0,0,-2,2,0,2,0.0,0.0,0,Tomiyasu,0.0,22,False,Knee injury - Expected back 01 Jun,2024-10-18T16:00:06.930143Z,48,223723.jpg,1.0,False,Takehiro,0.0,False,,i,1,3,1,2035,7,8072,4,0.0,0.2,Tomiyasu,108.0,2021-08-31,1998-11-05,False,p223723,6,0,0,0,0,0,0,0,0,0,0,0,2,0.4,0.3,9.0,1.0,0,0.18,0.00,0.18,0.04,0,0,0,0,0,0,0,542,191,511,187,431,156,524,183,,,,,,,2.7,0.0,0.0,2.7,0.6,0.0,299,36,723,256,508,175,599,208,0.0,0.0
18,True,True,100.0,100.0,116216,0,0,-2,2,2,3,6.3,5.8,1,Leandro,5.8,23,False,,2024-11-21T08:30:08.540890Z,68,116216.jpg,3.9,False,Trossard,4.2,False,,a,1,3,139,1214069,2979,1017140,2326,0.9,20.4,Trossard,21.0,2023-01-20,1994-12-04,False,p116216,2400,8,6,10,27,0,0,0,2,1,0,16,514,551.6,559.4,755.0,186.2,27,6.50,3.72,10.22,22.99,0,0,0,0,0,0,0,103,38,55,43,24,13,33,25,4.0,,,,4.0,,0.24,0.0,0.14,0.38,0.86,1.01,33,16,25,7,56,26,90,27,1.01,0.38
19,True,True,100.0,100.0,198869,0,0,-4,4,0,2,1.9,1.4,0,Benjamin,1.4,24,False,,2025-04-12T20:00:08.123863Z,61,198869.jpg,2.5,False,White,2.2,False,,a,1,3,38,183799,271,1007148,114,0.2,6.2,White,241.0,2021-07-30,1997-10-08,False,p198869,983,0,1,4,12,0,0,0,2,0,0,0,150,181.2,109.6,66.0,35.7,11,0.40,0.56,0.96,14.26,0,0,0,0,0,0,0,312,117,275,77,302,93,328,107,,,,,,,0.04,0.0,0.05,0.09,1.31,1.1,71,6,264,79,214,67,134,50,1.01,0.37
20,True,True,100.0,100.0,206325,0,0,-2,2,1,2,4.1,3.6,0,Oleksandr,3.6,25,False,,2024-12-09T09:30:06.099861Z,48,206325.jpg,2.8,False,Zinchenko,0.9,False,,a,1,3,37,108716,99,321987,94,0.8,7.7,Zinchenko,225.0,2022-07-22,1996-12-15,False,p206325,447,0,1,4,0,0,0,0,1,0,0,2,126,57.2,64.7,53.0,17.4,4,0.28,0.27,0.55,2.36,0,0,0,0,0,0,0,421,151,335,109,320,104,395,134,,,,,,,0.06,0.0,0.05,0.11,0.48,0.0,295,34,79,19,167,48,217,83,0.81,0.81
21,True,True,100.0,100.0,69752,0,0,-4,4,0,1,0.5,0.0,0,Norberto,0.0,73,False,,2025-04-25T00:00:07.994709Z,41,69752.jpg,3.5,False,Murara Neto,0.7,False,,a,1,3,7,92286,13,260259,38,0.0,1.7,Neto,30.0,2024-08-30,1989-07-19,False,p69752,180,0,0,0,2,0,0,0,0,0,11,0,30,77.8,0.0,0.0,7.8,2,0.00,0.00,0.00,2.91,0,0,0,0,0,0,0,406,35,644,66,608,47,450,35,,,,,,,0.0,5.5,0.0,0.0,1.46,1.0,625,35,546,68,88,16,244,32,1.0,0.0
22,True,True,100.0,100.0,103955,0,0,-3,3,0,3,1.1,0.6,0,Raheem,0.6,186,False,,2025-03-08T20:00:09.918533Z,67,103955.jpg,1.5,False,Sterling,0.8,False,,a,1,3,24,56212,24,164696,24,0.1,3.6,Sterling,241.0,2024-08-30,1994-12-08,False,p103955,428,0,2,1,3,0,0,0,1,0,0,0,54,63.8,118.4,116.0,29.6,6,1.32,0.47,1.79,3.70,0,0,0,0,0,0,0,418,193,264,162,247,137,353,176,,,3.0,,,,0.28,0.0,0.1,0.38,0.78,0.63,39,18,351,169,386,185,224,72,1.26,0.21
23,True,True,100.0,100.0,466075,0,0,-2,2,1,2,0.5,0.0,0,Riccardo,0.0,578,False,,2025-03-24T14:30:09.477149Z,58,466075.jpg,2.2,False,Calafiori,1.2,False,,a,1,3,37,247204,180,424084,39,0.0,6.4,Calafiori,106.0,2024-07-29,2002-05-19,False,p466075,921,2,1,1,12,0,0,0,4,0,0,1,133,249.6,116.2,174.0,53.9,11,0.86,0.68,1.54,9.51,0,0,0,0,0,0,0,264,100,266,72,191,36,274,83,,,,,,,0.08,0.0,0.07,0.15,0.93,1.17,90,8,783,262,261,84,187,72,1.07,0.1
24,True,True,100.0,100.0,499169,0,0,0,0,0,3,1.7,1.2,0,Myles,1.2,597,False,,2025-02-22T21:00:10.286547Z,45,499169.jpg,1.5,False,Lewis-Skelly,0.4,False,,a,1,3,32,108394,283,74443,205,0.3,7.1,Lewis-Skelly,241.0,2022-12-04,2006-09-26,False,p499169,1207,1,0,4,16,0,0,0,3,2,0,0,202,156.6,143.2,48.0,34.4,14,0.12,0.46,0.58,14.29,0,0,0,0,0,0,0,335,152,246,157,327,177,331,163,,,,,,,0.01,0.0,0.03,0.04,1.07,1.19,422,264,271,127,376,176,287,88,1.04,0.3
25,True,True,100.0,100.0,195384,-1,1,0,0,1,3,1.7,1.2,0,Mikel,1.2,633,False,,2025-01-27T01:00:09.275216Z,60,195384.jpg,3.2,False,Merino,2.1,False,,a,1,3,86,664180,594,434393,2330,0.2,14.3,Merino,200.0,2024-08-27,1996-06-22,False,p195384,1452,6,2,4,16,0,0,0,3,0,0,8,303,413.0,242.9,449.0,110.4,16,4.52,1.16,5.68,14.95,0,0,0,0,0,0,0,168,67,167,114,67,43,115,69,,,,,,,0.28,0.0,0.07,0.35,0.93,0.99,77,49,280,134,126,56,137,47,0.99,0.25
26,True,True,,,498046,0,0,0,0,0,3,0.5,0.0,0,Salah-Eddine,0.0,638,False,,,45,498046.jpg,0.0,False,Oulad M'hand,0.0,False,,a,1,3,0,2712,1,2305,1,0.0,0.0,Oulad M'hand,152.0,2021-10-25,2003-08-20,False,p498046,0,0,0,0,0,0,0,0,0,0,0,0,0,0.0,0.0,0.0,0.0,0,0.00,0.00,0.00,0.00,0,0,0,0,0,0,0,718,290,715,290,696,282,718,290,,,,,,,0.0,0.0,0.0,0.0,0.0,0.0,421,263,650,246,723,291,678,277,0.0,0.0
27,True,True,,,551221,0,0,0,0,0,1,0.5,0.0,0,Tommy,0.0,639,False,,,45,551221.jpg,0.0,False,Setford,0.1,False,,a,1,3,0,4428,2,4884,6,0.0,0.0,Setford,241.0,2024-07-24,2006-03-13,False,p551221,0,0,0,0,0,0,0,0,0,0,0,0,0,0.0,0.0,0.0,0.0,0,0.00,0.00,0.00,0.00,0,0,0,0,0,0,0,743,82,739,80,723,70,743,82,,,,,,,0.0,0.0,0.0,0.0,0.0,0.0,457,19,678,82,747,82,533,69,0.0,0.0
28,True,False,0.0,0.0,588793,0,0,0,0,0,2,0.0,0.0,0,Maldini,0.0,657,False,Loaned to Bromley,2025-02-04T10:52:26.271821Z,40,588793.jpg,0.0,False,Kacurri,0.1,False,,u,1,3,0,11257,0,10335,4,0.0,0.0,Kacurri,2.0,2024-09-14,,False,p588793,0,0,0,0,0,0,0,0,0,0,0,0,0,0.0,0.0,0.0,0.0,0,0.00,0.00,0.00,0.00,0,0,0,0,0,0,0,638,234,626,233,589,225,638,234,,,,,,,0.0,0.0,0.0,0.0,0.0,0.0,711,218,526,197,646,234,547,192,0.0,0.0
29,True,True,,,588796,0,0,0,0,0,3,0.5,0.0,0,Ismeal,0.0,659,False,,,45,588796.jpg,0.0,False,Kabia,0.0,False,,a,1,3,0,2994,2,2534,1,0.0,0.0,Kabia,152.0,2024-09-14,2005-12-10,False,p588796,0,0,0,0,0,0,0,0,0,0,0,0,0,0.0,0.0,0.0,0.0,0,0.00,0.00,0.00,0.00,0,0,0,0,0,0,0,754,317,751,317,734,310,754,317,,,,,,,0.0,0.0,0.0,0.0,0.0,0.0,471,299,691,277,757,318,676,276,0.0,0.0
30,True,True,,,499167,0,0,0,0,0,2,0.5,0.0,0,Josh,0.0,662,False,,,40,499167.jpg,0.0,False,Nichols,0.1,False,,a,1,3,0,7077,16,5379,16,0.0,0.0,Nichols,241.0,2024-07-24,2006-07-26,False,p499167,0,0,0,0,0,0,0,0,0,0,0,0,0,0.0,0.0,0.0,0.0,0,0.00,0.00,0.00,0.00,0,0,0,0,0,0,0,614,214,601,212,562,202,614,214,,,,,,,0.0,0.0,0.0,0.0,0.0,0.0,677,188,497,172,622,214,531,185,0.0,0.0
31,True,True,,,461025,0,0,0,0,0,4,0.7,0.2,0,Nathan,0.2,665,False,,,45,461025.jpg,1.0,False,Butler-Oyedeji,0.2,False,,a,1,3,1,58842,25,48286,30,0.0,0.2,Butler-Oyedeji,241.0,2024-09-18,2003-01-04,False,p461025,6,0,0,0,0,0,0,0,0,0,0,0,5,3.0,0.0,17.0,2.0,0,0.07,0.00,0.07,0.04,0,0,0,0,0,0,0,528,55,697,61,405,53,507,56,,,,,,,1.05,0.0,0.0,1.05,0.6,0.0,397,66,403,43,483,49,389,61,0.0,0.0
32,True,True,,,100051017,0,0,0,0,0,5,4.9,4.4,0,Mikel,4.4,735,False,,,15,100051017.jpg,0.0,False,Arteta,1.3,False,,a,1,3,82,236171,27,159194,40,2.9,54.7,Arteta,200.0,2019-12-22,1982-03-26,False,man51018,0,0,0,0,0,0,0,0,0,0,0,0,0,0.0,0.0,0.0,0.0,0,0.00,0.00,0.00,0.00,6,5,2,0,0,5,21,564,19,541,19,495,19,564,19,,,,,,,0.0,0.0,0.0,0.0,0.0,0.0,785,4,50,13,574,19,563,10,0.0,0.0
33,True,True,,,616059,0,0,0,0,0,1,0.5,0.0,0,Jack,0.0,756,False,,,40,616059.jpg,0.0,False,Porter,0.0,False,,a,1,3,0,1754,11,902,3,0.0,0.0,Porter,241.0,2024-09-18,2008-07-15,False,p616059,0,0,0,0,0,0,0,0,0,0,0,0,0,0.0,0.0,0.0,0.0,0,0.00,0.00,0.00,0.00,0,0,0,0,0,0,0,650,76,638,65,602,46,650,76,,,,,,,0.0,0.0,0.0,0.0,0.0,0.0,725,62,540,67,658,76,693,74,0.0,0.0
34,True,True,,,538182,0,0,0,0,0,3,0.5,0.0,0,Jimi,0.0,790,False,,,45,538182.jpg,0.0,False,Gower,0.0,False,,a,1,3,0,85,2,34,1,0.0,0.0,Gower,241.0,2024-07-24,2004-10-01,False,p538182,0,0,0,0,0,0,0,0,0,0,0,0,0,0.0,0.0,0.0,0.0,0,0.00,0.00,0.00,0.00,0,0,0,0,0,0,0,736,304,732,304,716,297,736,304,,,,,,,0.0,0.0,0.0,0.0,0.0,0.0,449,284,671,263,740,305,794,341,0.0,0.0
35,True,True,,,514307,0,0,0,0,0,3,0.5,0.0,0,Jack,0.0,793,False,,,45,514307.jpg,0.0,False,Henry-Francis,0.0,False,,a,1,3,0,48,0,16,0,0.0,0.0,Jack Henry-Francis,104.0,2021-07-12,2003-09-23,False,p514307,0,0,0,0,0,0,0,0,0,0,0,0,0,0.0,0.0,0.0,0.0,0,0.00,0.00,0.00,0.00,0,0,0,0,0,0,0,722,293,718,293,700,285,722,293,,,,,,,0.0,0.0,0.0,0.0,0.0,0.0,429,269,655,250,726,294,801,346,0.0,0.0
36,True,True,,,563324,0,0,0,0,0,2,0.5,0.0,0,Brayden,0.0,801,False,,,40,563324.jpg,0.0,False,Clarke,0.0,False,,a,1,3,0,71,9,4,1,0.0,0.0,Clarke,244.0,2025-05-02,2007-07-03,False,p563324,0,0,0,0,0,0,0,0,0,0,0,0,0,0.0,0.0,0.0,0.0,0,0.00,0.00,0.00,0.00,0,0,0,0,0,0,0,633,231,621,230,584,222,633,231,,,,,,,0.0,0.0,0.0,0.0,0.0,0.0,704,213,520,193,641,231,791,265,0.0,0.0
37,True,True,100.0,100.0,215711,0,0,-3,3,0,3,0.0,0.0,0,Leon,0.0,28,False,,2025-04-01T15:00:07.914260Z,62,215711.jpg,2.0,False,Bailey,0.7,False,,a,2,7,46,183854,122,471654,67,0.0,7.4,Bailey,107.0,2021-08-04,1997-08-09,False,p215711,1131,1,2,2,19,0,0,0,3,0,0,2,169,144.4,234.8,323.0,69.8,14,1.73,2.92,4.65,13.91,0,0,0,0,0,0,0,347,157,171,117,100,66,216,110,3.0,,4.0,,,,0.14,0.0,0.23,0.37,1.11,1.51,59,33,789,343,297,135,236,75,1.11,0.16
38,True,True,100.0,100.0,88894,0,0,-3,3,1,3,0.4,0.4,0,Ross,0.4,29,False,,2025-01-11T01:30:08.379812Z,52,88894.jpg,2.3,False,Barkley,0.2,False,,a,2,7,42,26586,13,91629,7,0.1,8.1,Barkley,241.0,2024-07-01,1993-12-05,False,p88894,559,3,1,1,9,0,0,0,3,0,0,5,158,212.2,127.3,202.0,54.0,3,1.69,0.42,2.11,5.45,0,0,0,0,0,0,0,286,130,256,161,159,101,272,141,,,,,,,0.27,0.0,0.07,0.34,0.88,1.45,163,96,378,179,244,105,350,109,0.48,0.16
39,True,False,0.0,0.0,491287,0,0,-1,1,0,3,0.0,0.0,0,Enzo,0.0,30,False,Loaned to Valencia CF,2024-08-31T06:33:47.934620Z,49,491287.jpg,0.0,False,Barrenechea,0.0,False,,u,2,7,0,872,0,5337,0,0.0,0.0,Barrenechea,,,,False,p491287,0,0,0,0,0,0,0,0,0,0,0,0,0,0.0,0.0,0.0,0.0,0,0.00,0.00,0.00,0.00,0,0,0,0,0,0,0,775,331,773,331,765,330,775,331,,,,,,,0.0,0.0,0.0,0.0,0.0,0.0,272,176,739,311,775,331,670,274,0.0,0.0
40,True,False,0.0,0.0,195546,0,0,-4,4,0,3,0.0,0.0,0,Emiliano,0.0,31,False,Loaned to Bayer Leverkusen,2025-02-03T10:22:17.157838Z,51,195546.jpg,0.9,False,Buendía Stati,0.1,False,,u,2,7,11,6966,0,17039,1,0.0,2.2,Buendia,10.0,2021-06-10,,False,p195546,89,0,0,0,2,0,0,0,1,0,0,0,37,16.4,23.2,16.0,5.2,0,0.65,0.03,0.68,2.27,0,0,0,0,0,0,0,483,223,413,219,408,214,474,223,,,3.0,,,,0.66,0.0,0.03,0.69,2.3,2.02,182,108,764,328,529,248,517,190,0.0,0.0
41,True,True,100.0,100.0,199796,0,0,-1,1,0,2,4.6,4.6,6,Matty,4.6,32,False,,2025-01-31T15:00:08.473024Z,44,199796.jpg,2.8,False,Cash,1.2,False,,a,2,7,70,259021,2144,445743,152,1.0,15.9,Cash,172.0,2020-09-03,1997-08-07,False,p199796,1889,1,1,6,20,0,0,0,6,0,0,2,257,317.6,173.8,145.0,63.7,22,0.36,1.20,1.56,25.25,0,0,0,0,0,0,0,218,79,219,53,215,52,240,78,,,,,,,0.02,0.0,0.06,0.08,1.2,0.95,507,90,45,10,163,46,182,69,1.05,0.29
42,True,False,0.0,0.0,151589,0,0,0,0,0,3,0.0,0.0,0,Leander,0.0,33,False,On loan to Anderlecht for the rest of the season,2024-09-02T10:45:36.198316Z,45,151589.jpg,0.0,False,Dendoncker,0.2,False,,u,2,7,0,18187,0,93938,4,0.0,0.0,Dendoncker,,,,False,p151589,0,0,0,0,0,0,0,0,0,0,0,0,0,0.0,0.0,0.0,0.0,0,0.00,0.00,0.00,0.00,0,0,0,0,0,0,0,686,266,682,266,662,258,686,266,,,,,,,0.0,0.0,0.0,0.0,0.0,0.0,370,233,612,219,691,267,382,125,0.0,0.0
43,True,False,0.0,0.0,243557,0,0,0,0,0,3,0.0,0.0,0,Moussa,0.0,34,False,Permanent transfer to Al Ittihad,2024-07-26T08:50:40.300928Z,65,243557.jpg,0.0,False,Diaby,0.0,False,,u,2,7,0,0,0,3418,1,0.0,0.0,Diaby,,,,False,p243557,0,0,0,0,0,0,0,0,0,0,0,0,0,0.0,0.0,0.0,0.0,0,0.00,0.00,0.00,0.00,0,0,0,0,0,0,0,799,346,799,346,799,346,799,346,,,,,,,0.0,0.0,0.0,0.0,0.0,0.0,44,22,795,346,798,346,686,280,0.0,0.0
44,True,False,0.0,0.0,165659,0,0,0,0,0,2,0.0,0.0,0,Diego Carlos,0.0,35,False,loaned to Fenerbahçe,2025-01-03T19:30:08.711012Z,45,165659.jpg,2.1,False,Santos Silva,0.3,False,,u,2,7,21,50956,0,95403,7,0.0,4.7,Diego Carlos,30.0,2022-06-10,,False,p165659,828,0,0,2,15,0,0,0,1,0,0,1,69,150.6,9.2,54.0,21.5,8,0.64,0.08,0.72,11.88,0,0,0,0,0,0,0,343,126,463,160,318,102,385,131,,,,,,,0.07,0.0,0.01,0.08,1.29,1.63,372,57,613,244,268,89,322,124,0.87,0.22
45,True,True,,,101188,0,0,-1,1,2,2,1.6,1.6,7,Lucas,1.6,36,False,,,44,101188.jpg,2.8,False,Digne,5.7,False,,a,2,7,89,2196662,1069,1877124,735,0.4,20.2,Digne,73.0,2022-01-13,1993-07-20,False,p101188,2348,0,5,6,36,0,0,0,4,0,0,7,383,506.0,584.0,112.0,120.1,28,0.80,3.97,4.77,34.92,0,0,0,0,0,0,0,128,48,46,7,253,72,102,18,2.0,,2.0,,,,0.03,0.0,0.15,0.18,1.34,1.38,495,82,224,71,162,45,65,22,1.07,0.23
46,True,False,0.0,0.0,461421,0,0,0,0,0,3,0.0,0.0,0,Lewis,0.0,37,False,Permanent transfer to West Bromwich Albion,2024-08-07T08:21:33.016106Z,50,461421.jpg,0.0,False,Dobbin,0.0,False,,u,2,7,0,0,0,298,0,0.0,0.0,Dobbin,,,,False,p461421,0,0,0,0,0,0,0,0,0,0,0,0,0,0.0,0.0,0.0,0.0,0,0.00,0.00,0.00,0.00,0,0,0,0,0,0,0,782,336,781,336,775,335,782,336,,,,,,,0.0,0.0,0.0,0.0,0.0,0.0,221,139,752,322,782,336,784,336,0.0,0.0
47,True,False,0.0,0.0,476344,0,0,-3,3,0,4,0.0,0.0,0,Jhon,0.0,38,False,Loaned to Al-Nassr,2025-02-03T10:25:17.104554Z,57,476344.jpg,2.6,False,Durán,1.6,False,,u,2,7,53,1376643,0,1336360,77,0.0,9.3,Duran,48.0,2023-01-23,,False,p476344,622,7,0,2,14,0,0,0,3,1,0,9,222,273.8,68.9,334.0,67.5,4,5.11,0.24,5.35,9.94,0,0,0,0,0,0,0,245,23,328,35,94,29,225,28,,,,,,,0.74,0.0,0.03,0.77,1.44,2.03,100,26,782,82,199,24,156,23,0.58,0.29
48,True,False,0.0,0.0,462492,0,0,0,0,0,1,0.0,0.0,0,Joe,0.0,39,False,Loaned to Barnsley,2025-02-03T10:19:41.424678Z,40,462492.jpg,0.0,False,Gauci,0.5,False,,u,2,7,0,63380,0,79218,47,0.0,0.0,Gauci,13.0,2024-02-01,,False,p462492,0,0,0,0,0,0,0,0,0,0,0,0,0,0.0,0.0,0.0,0.0,0,0.00,0.00,0.00,0.00,0,0,0,0,0,0,0,606,67,593,56,554,37,606,67,,,,,,,0.0,0.0,0.0,0.0,0.0,0.0,667,53,488,58,614,67,260,35,0.0,0.0
49,True,True,,,123354,0,0,-1,1,0,2,0.0,0.0,0,Kortney,0.0,40,False,,,39,123354.jpg,0.0,False,Hause,0.5,False,,a,2,7,0,62309,23,77000,53,0.0,0.0,Hause,241.0,2019-07-01,1995-07-16,False,p123354,0,0,0,0,0,0,0,0,0,0,0,0,0,0.0,0.0,0.0,0.0,0,0.00,0.00,0.00,0.00,0,0,0,0,0,0,0,571,193,550,190,505,175,571,193,,,,,,,0.0,0.0,0.0,0.0,0.0,0.0,742,240,435,139,581,195,258,99,0.0,0.0
50,True,False,0.0,0.0,469247,0,0,-1,1,0,3,0.0,0.0,0,Samuel,0.0,41,False,Season long loan to Bologna,2024-08-29T11:07:04.555253Z,54,469247.jpg,0.0,False,Iling-Junior,0.0,False,,u,2,7,0,342,0,6765,1,0.0,0.0,Iling Jr,,,,False,p469247,0,0,0,0,0,0,0,0,0,0,0,0,0,0.0,0.0,0.0,0.0,0,0.00,0.00,0.00,0.00,0,0,0,0,0,0,0,792,342,792,342,789,341,792,342,,,,,,,0.0,0.0,0.0,0.0,0.0,0.0,136,85,775,333,791,342,660,271,0.0,0.0
51,True,True,100.0,100.0,226944,0,0,0,0,0,3,2.2,2.2,3,Boubacar,2.2,42,False,,2025-02-18T22:00:09.222622Z,50,226944.jpg,1.9,False,Kamara,0.0,False,,a,2,7,45,10346,45,8755,9,0.4,9.0,Kamara,73.0,2022-06-11,1999-11-23,False,p226944,1547,0,0,5,21,0,0,0,2,0,0,1,247,282.6,174.2,60.0,51.8,18,0.79,0.67,1.46,20.51,0,0,0,0,0,0,0,239,106,218,144,305,169,278,143,,,,,,,0.05,0.0,0.04,0.09,1.19,1.22,211,131,164,73,310,139,575,220,1.05,0.29
52,True,False,0.0,0.0,465390,0,0,0,0,0,2,0.0,0.0,0,Kaine,0.0,43,False,Has joined Preston North End for the rest of the season,2024-08-09T11:14:21.895838Z,40,465390.jpg,0.0,False,Kesler-Hayden,0.0,False,,u,2,7,0,0,0,1683,0,0.0,0.0,Kesler-Hayden,,,,False,p465390,0,0,0,0,0,0,0,0,0,0,0,0,0,0.0,0.0,0.0,0.0,0,0.00,0.00,0.00,0.00,0,0,0,0,0,0,0,609,210,596,208,557,198,609,210,,,,,,,0.0,0.0,0.0,0.0,0.0,0.0,670,182,491,167,617,210,727,247,0.0,0.0
53,True,True,100.0,100.0,199798,0,0,-1,1,2,2,4.2,4.2,5,Ezri,4.2,44,False,,2025-02-10T10:00:08.895290Z,44,199798.jpg,2.7,False,Konsa Ngoyo,8.1,False,,a,2,7,87,1573908,1724,1945576,514,1.0,19.8,Konsa,241.0,2019-07-11,1997-10-23,False,p199798,2756,1,0,7,43,0,0,0,1,0,0,7,405,455.6,109.4,116.0,68.2,31,0.94,0.49,1.43,40.43,0,0,0,0,0,0,0,151,57,276,78,245,69,223,71,,,,,,,0.03,0.0,0.02,0.05,1.32,1.4,508,91,56,12,179,54,46,16,1.01,0.23
54,True,True,100.0,100.0,441302,0,0,-5,5,0,2,4.2,4.2,1,Ian,4.2,45,False,,2024-11-14T10:00:07.838636Z,45,441302.jpg,1.9,False,Maatsen,1.6,False,,a,2,7,50,151934,861,356269,552,0.9,11.1,Maatsen,152.0,2024-06-28,2002-03-10,False,p441302,945,1,2,2,14,0,0,0,2,0,0,0,188,240.8,273.5,181.0,69.6,8,0.79,2.28,3.07,13.95,0,0,0,0,0,0,0,269,101,151,30,181,34,217,68,,,,,,,0.08,0.0,0.22,0.3,1.33,1.33,391,67,57,13,305,99,158,60,0.76,0.19
55,True,False,0.0,0.0,462381,0,0,0,0,0,1,0.0,0.0,0,Filip,0.0,46,False,Has joined MK Dons for the rest of the season,2024-07-18T09:50:40.812599Z,40,462381.jpg,0.0,False,Marschall,0.0,False,,u,2,7,0,0,0,89,0,0.0,0.0,Marschall,,,,False,p462381,0,0,0,0,0,0,0,0,0,0,0,0,0,0.0,0.0,0.0,0.0,0,0.00,0.00,0.00,0.00,0,0,0,0,0,0,0,605,66,592,55,553,36,605,66,,,,,,,0.0,0.0,0.0,0.0,0.0,0.0,666,52,487,57,613,66,797,81,0.0,0.0
56,True,True,100.0,100.0,98980,0,0,0,0,2,1,5.4,5.4,8,Emiliano,5.4,47,False,,2025-02-26T00:00:07.578531Z,50,98980.jpg,3.1,False,Martínez Romero,12.7,False,,a,2,7,107,1849948,3470,1939318,767,1.1,21.4,Martinez,10.0,2020-09-16,1992-09-02,False,p98980,3060,0,0,7,45,0,1,0,5,0,94,6,437,769.6,20.0,0.0,79.0,35,0.00,0.02,0.02,43.35,0,0,0,0,0,0,0,29,9,424,8,769,76,187,9,,,,,,,0.0,2.76,0.0,0.0,1.28,1.32,199,9,28,2,132,20,32,4,1.03,0.21
57,True,True,100.0,100.0,122806,0,0,-3,3,0,3,3.0,3.0,1,John,3.0,48,False,,2025-01-04T19:30:07.992156Z,52,122806.jpg,2.2,False,McGinn,0.7,False,,a,2,7,72,114601,150,272699,112,0.6,13.8,McGinn,243.0,2018-08-08,1994-10-18,False,p122806,2067,1,4,6,34,0,0,0,7,0,0,1,338,269.0,462.6,241.0,97.0,25,2.93,2.52,5.45,33.06,0,0,0,0,0,0,0,252,112,76,59,134,84,144,84,,,,,,,0.13,0.0,0.11,0.24,1.44,1.48,166,99,119,50,257,109,246,78,1.09,0.26
58,True,True,100.0,100.0,149484,0,0,-1,1,2,2,2.8,2.8,6,Tyrone,2.8,49,False,,2025-03-01T08:00:09.097035Z,44,149484.jpg,3.4,False,Mings,0.2,False,,a,2,7,47,54617,60,42740,53,0.6,10.7,Mings,241.0,2019-07-08,1993-03-13,False,p149484,1119,0,1,4,11,0,0,0,1,0,0,5,207,218.6,49.2,74.0,34.4,12,0.88,0.23,1.11,13.20,0,0,0,0,0,0,0,280,102,359,121,292,88,330,109,,,,,,,0.07,0.0,0.02,0.09,1.06,0.88,500,86,127,33,103,20,346,130,0.97,0.32
59,True,False,0.0,0.0,578545,0,0,-1,1,0,2,0.0,0.0,0,Kosta,0.0,50,False,Loaned to RB Leipzig,2025-02-03T18:30:15.024412Z,39,578545.jpg,1.0,False,Nedeljković,0.5,False,,u,2,7,5,256190,0,260416,34,0.0,1.3,Nedeljkovic,190.0,2024-01-22,,False,p578545,121,0,0,0,4,0,0,0,0,0,0,0,11,22.8,7.2,0.0,3.0,0,0.00,0.02,0.02,2.23,0,0,0,0,0,0,0,472,171,464,161,526,184,492,172,,,,,,,0.0,0.0,0.01,0.01,1.66,2.98,773,259,457,149,453,157,265,102,0.0,0.0
60,True,True,100.0,100.0,111782,0,0,0,0,0,1,0.0,0.0,0,Robin,0.0,51,False,,2024-10-18T16:30:05.894923Z,45,111782.jpg,2.7,False,Olsen,0.1,False,,a,2,7,8,15466,16,19211,16,0.0,1.8,Olsen,206.0,2022-06-10,1990-01-08,False,p111782,180,0,0,1,4,0,0,0,0,0,5,0,21,37.0,0.0,0.0,3.7,1,0.00,0.00,0.00,3.75,0,0,0,0,0,0,0,446,38,681,79,659,66,486,38,,,,,,,0.0,2.5,0.0,0.0,1.88,2.0,367,15,611,81,182,30,418,56,0.5,0.5
61,True,True,100.0,100.0,244954,0,0,-3,3,1,2,1.6,1.6,1,Pau,1.6,52,False,,2024-12-30T23:30:08.107053Z,42,244954.jpg,2.2,False,Torres,0.8,False,,a,2,7,48,261697,74,338100,88,0.4,11.4,Pau,200.0,2023-07-12,1997-01-16,False,p244954,1839,0,0,4,31,0,0,0,1,0,0,2,226,313.2,67.4,100.0,48.3,21,0.51,0.36,0.87,26.30,0,0,0,0,0,0,0,221,81,332,107,265,74,287,86,,,,,,,0.02,0.0,0.02,0.04,1.29,1.52,620,154,218,66,247,76,231,90,1.03,0.2
62,True,True,0.0,100.0,232653,0,0,-1,1,0,3,0.0,1.8,0,Jacob,1.8,53,False,Suspended until 25 May,2025-05-11T00:30:07.633320Z,54,232653.jpg,2.3,False,Ramsey,0.3,False,,s,2,7,65,111906,45,120308,243,0.3,12.0,Ramsey,241.0,2019-02-12,2001-05-28,False,p232653,1589,1,4,5,24,0,0,0,2,1,0,3,263,234.4,307.1,239.0,77.9,19,1.59,2.12,3.71,22.57,0,0,0,0,0,0,0,271,123,126,90,135,85,193,99,,,,,,,0.09,0.0,0.12,0.21,1.28,1.36,131,80,208,92,245,106,311,95,1.08,0.28
63,True,True,100.0,100.0,244850,0,0,7,-7,4,3,4.4,4.4,6,Morgan,4.4,54,False,,2025-02-22T21:30:09.096177Z,57,244850.jpg,4.4,False,Rogers,24.6,False,,a,2,7,154,7253188,12249,5446553,3535,0.8,27.0,Rogers,241.0,2024-02-01,2002-07-26,False,p244850,2942,8,10,9,39,0,0,0,9,0,0,15,515,700.6,690.1,658.0,204.9,35,6.13,5.15,11.28,41.16,0,0,0,0,0,0,0,45,11,34,29,38,23,18,13,,,,,,,0.19,0.0,0.16,0.35,1.26,1.19,97,63,51,19,26,12,11,4,1.07,0.28
64,True,False,0.0,0.0,248164,0,0,0,0,0,1,0.0,0.0,0,Viljami,0.0,55,False,Permanent transfer to Celtic,2024-07-18T09:43:21.242291Z,40,248164.jpg,0.0,False,Sinisalo,0.0,False,,u,2,7,0,0,0,93,0,0.0,0.0,Sinisalo,,,,False,p248164,0,0,0,0,0,0,0,0,0,0,0,0,0,0.0,0.0,0.0,0.0,0,0.00,0.00,0.00,0.00,0,0,0,0,0,0,0,598,63,583,50,544,31,598,63,,,,,,,0.0,0.0,0.0,0.0,0.0,0.0,657,47,479,53,606,63,799,82,0.0,0.0
65,True,False,0.0,0.0,514315,0,0,0,0,0,2,0.0,0.0,0,Lino,0.0,56,False,Loaned to  Bristol Rovers,2024-08-16T11:50:34.812830Z,40,514315.jpg,0.0,False,da Cruz Sousa,0.0,False,,u,2,7,0,0,0,19260,2,0.0,0.0,Sousa,,,,False,p514315,0,0,0,0,0,0,0,0,0,0,0,0,0,0.0,0.0,0.0,0.0,0,0.00,0.00,0.00,0.00,0,0,0,0,0,0,0,619,219,606,217,568,208,619,219,,,,,,,0.0,0.0,0.0,0.0,0.0,0.0,684,195,503,178,627,219,554,194,0.0,0.0
66,True,True,0.0,0.0,166989,0,0,0,0,1,3,0.0,0.0,0,Youri,5.2,57,False,Muscle injury - Expected back 18 May,2025-05-08T16:30:07.959472Z,55,166989.jpg,3.4,False,Tielemans,1.3,False,,i,2,7,120,395951,21,369351,3638,0.9,21.8,Tielemans,21.0,2023-06-14,1997-05-07,False,p166989,2997,3,7,7,44,0,0,1,4,0,0,15,681,793.4,951.7,321.0,206.6,35,3.13,5.82,8.95,42.45,0,0,0,0,0,0,0,27,6,7,7,101,67,16,11,1.0,,,,2.0,,0.09,0.0,0.17,0.26,1.27,1.32,109,68,33,11,110,51,176,59,1.05,0.21
67,True,True,100.0,100.0,178301,0,0,-1,1,6,4,6.0,6.0,9,Ollie,6.0,58,True,,2025-03-19T15:30:06.831986Z,89,178301.jpg,5.0,False,Watkins,18.6,False,,a,2,7,179,5246453,37865,6845306,1649,0.7,20.1,Watkins,241.0,2020-09-09,1995-12-30,False,p178301,2418,16,7,9,38,0,0,0,2,0,0,32,608,741.2,327.0,1091.0,213.9,29,14.90,1.68,16.58,35.23,0,0,0,0,0,0,0,35,6,115,10,5,3,15,5,,,,,1.0,,0.55,0.0,0.06,0.61,1.31,1.41,9,3,23,3,13,6,16,6,1.08,0.33
68,True,True,100.0,100.0,220362,0,0,-3,3,0,2,0.2,0.2,0,Axel,0.2,167,False,,2025-02-15T16:00:09.052094Z,42,220362.jpg,2.5,False,Disasi,0.4,False,,a,2,7,33,121714,27,132223,149,0.0,7.9,Disasi,73.0,2025-02-03,1998-03-11,False,p220362,851,1,0,3,12,0,0,0,3,0,0,0,133,169.6,75.6,51.0,29.7,9,0.37,0.37,0.74,16.70,0,0,0,0,0,0,0,323,121,320,100,324,107,351,117,,,,,,,0.04,0.0,0.04,0.08,1.77,1.27,616,150,393,126,200,61,280,107,0.95,0.32
69,True,True,100.0,100.0,449871,0,0,-2,2,0,3,3.0,3.0,3,Amadou,3.0,233,False,,2025-02-14T15:00:07.725990Z,48,449871.jpg,2.5,False,Onana,2.1,False,,a,2,7,59,1447560,117,1484443,61,0.6,12.3,Onana,21.0,2024-07-22,2001-08-16,False,p449871,1464,3,0,4,23,0,0,0,4,0,0,5,285,331.0,159.4,211.0,70.4,18,2.12,0.65,2.77,21.69,0,0,0,0,0,0,0,208,92,231,151,153,96,214,108,,,,,,,0.13,0.0,0.04,0.17,1.33,1.41,312,202,111,43,206,85,136,46,1.11,0.25
70,True,True,0.0,0.0,176297,0,0,-4,4,1,3,0.0,0.0,0,Marcus,2.4,385,False,Hamstring injury - Expected back 18 May,2025-04-27T12:00:08.307285Z,66,176297.jpg,3.8,False,Rashford,4.3,False,,i,2,7,95,1844582,34,1904821,4920,0.4,14.4,Rashford,241.0,2025-02-02,1997-10-31,False,p176297,1414,6,4,7,15,0,0,0,2,0,0,9,333,398.4,451.1,369.0,122.1,16,4.67,3.43,8.10,21.68,0,0,0,0,0,0,0,174,70,79,60,84,56,99,62,,,2.0,,3.0,,0.3,0.0,0.22,0.52,1.38,0.95,40,19,151,66,70,32,88,26,1.02,0.45
71,True,True,,,515597,0,0,-1,1,0,2,0.0,0.0,0,Lamare,0.0,598,False,,,39,515597.jpg,0.8,False,Bogarde,0.2,False,,a,2,7,6,64899,13,59190,20,0.0,1.5,Bogarde,152.0,2021-01-07,2004-01-05,False,p515597,473,0,0,0,11,0,0,0,2,0,0,0,22,84.8,33.3,15.0,13.3,5,0.04,0.13,0.17,9.28,0,0,0,0,0,0,0,397,141,389,138,409,141,416,144,,,,,,,0.01,0.0,0.02,0.03,1.77,2.09,767,254,452,145,532,179,336,128,0.95,0.0
72,True,False,0.0,0.0,514287,0,0,0,0,0,2,0.0,0.0,0,Sil,0.0,640,False,Loaned to Bristol Rovers,2025-02-04T10:52:01.247463Z,40,514287.jpg,0.0,False,Swinkels,0.1,False,,u,2,7,0,8500,0,8332,1,0.0,0.0,Swinkels,152.0,2021-01-07,,False,p514287,0,0,0,0,0,0,0,0,0,0,0,0,0,0.0,0.0,0.0,0.0,0,0.00,0.00,0.00,0.00,0,0,0,0,0,0,0,618,218,605,216,567,207,618,218,,,,,,,0.0,0.0,0.0,0.0,0.0,0.0,683,194,502,177,626,218,527,183,0.0,0.0
73,True,True,,,516159,0,0,0,0,0,1,0.0,0.0,0,Oliwier,0.0,641,False,,,40,516159.jpg,0.0,False,Zych,0.5,False,,a,2,7,0,84305,12,54802,35,0.0,0.0,Zych,172.0,2021-01-07,2004-06-28,False,p516159,0,0,0,0,0,0,0,0,0,0,0,0,0,0.0,0.0,0.0,0.0,0,0.00,0.00,0.00,0.00,0,0,0,0,0,0,0,620,71,607,60,569,41,620,71,,,,,,,0.0,0.0,0.0,0.0,0.0,0.0,685,57,504,62,628,71,266,36,0.0,0.0
74,True,False,0.0,0.0,537403,0,0,-1,1,0,3,0.0,0.0,0,Kadan,0.0,656,False,Loaned to Royal Antwerp,2025-02-28T11:05:51.443216Z,44,537403.jpg,0.0,False,Young,0.2,False,,u,2,7,0,59513,0,51819,13,0.0,0.0,Young,241.0,2022-12-10,2006-01-19,False,p537403,0,0,0,0,0,0,0,0,0,0,0,0,0,0.0,0.0,0.0,0.0,0,0.00,0.00,0.00,0.00,0,0,0,0,0,0,0,676,261,671,261,648,252,676,261,,,,,,,0.0,0.0,0.0,0.0,0.0,0.0,542,325,599,212,682,263,393,134,0.0,0.0
75,True,True,,,577731,0,0,0,0,0,3,0.0,0.0,0,Ben,0.0,679,False,,,45,577731.jpg,0.0,False,Broggio,0.0,False,,a,2,7,0,2421,4,1824,1,0.0,0.0,Broggio,241.0,2024-09-23,2007-01-29,False,p577731,0,0,0,0,0,0,0,0,0,0,0,0,0,0.0,0.0,0.0,0.0,0,0.00,0.00,0.00,0.00,0,0,0,0,0,0,0,753,316,750,316,733,309,753,316,,,,,,,0.0,0.0,0.0,0.0,0.0,0.0,469,297,689,275,756,317,707,289,0.0,0.0
76,True,True,,,559962,0,0,0,0,0,3,0.0,0.0,0,Jamaldeen,0.0,710,False,,,45,559962.jpg,0.0,False,Jimoh,0.0,False,,a,2,7,0,640,2,428,2,0.0,0.0,Jimoh,241.0,2024-09-23,2006-10-02,False,p559962,0,0,0,0,0,0,0,0,0,0,0,0,0,0.0,0.0,0.0,0.0,0,0.00,0.00,0.00,0.00,0,0,0,0,0,0,0,747,313,743,313,727,306,747,313,,,,,,,0.0,0.0,0.0,0.0,0.0,0.0,462,294,682,272,750,314,754,315,0.0,0.0
77,True,True,,,204646,0,0,-2,2,1,3,1.8,1.8,0,Donyell,1.8,725,False,,,53,204646.jpg,2.7,False,Malen,0.2,False,,a,2,7,32,85885,53,61858,424,0.3,6.0,Malen,152.0,2025-01-14,1999-01-19,False,p204646,286,3,0,0,5,0,0,0,0,0,0,3,104,134.8,31.7,204.0,36.6,2,2.15,0.05,2.20,3.90,0,0,0,0,0,0,0,353,162,392,208,156,98,319,161,,,,,,,0.68,0.0,0.02,0.7,1.23,1.57,147,89,206,91,185,75,342,107,0.63,0.0
78,True,True,,,606798,0,0,0,0,0,2,0.2,0.2,0,Andrés,0.2,731,False,,,45,606798.jpg,1.1,False,García,0.1,False,,a,2,7,8,14910,43,11136,36,0.0,1.8,A. Garcia,200.0,2025-01-21,2003-02-07,False,p606798,316,0,0,0,5,0,0,0,0,0,0,0,26,45.6,68.4,7.0,12.0,5,0.04,0.49,0.53,6.49,0,0,0,0,0,0,0,434,159,330,105,438,159,423,150,,,,,,,0.01,0.0,0.14,0.15,1.85,1.42,483,77,406,134,442,151,546,191,1.42,0.0
79,True,True,,,100037568,0,0,0,0,0,5,8.0,8.0,9,Unai,8.0,737,False,,,8,100037568.jpg,0.0,False,Emery,4.1,False,,a,2,7,95,258134,236,222940,46,10.0,118.8,Emery,200.0,2022-11-01,1971-11-03,False,man37569,0,0,0,0,0,0,0,0,0,0,0,0,0,0.0,0.0,0.0,0.0,0,0.00,0.00,0.00,0.00,8,3,3,0,1,5,23,551,6,528,6,482,6,551,6,,,,,,,0.0,0.0,0.0,0.0,0.0,0.0,792,11,4,4,561,6,414,5,0.0,0.0
80,True,True,,,174292,0,0,1,-1,2,3,1.6,1.6,2,Marco,1.6,762,False,,,61,174292.jpg,3.6,False,Asensio,2.7,False,,a,2,7,40,810513,1033,511527,3322,0.3,6.6,M.Asensio,200.0,2025-02-03,1996-01-21,False,p174292,605,3,2,2,8,0,0,2,2,0,0,6,136,184.0,191.2,220.0,59.4,7,4.26,0.98,5.24,9.49,0,0,0,0,0,0,0,305,138,206,137,149,95,253,129,,,,,,,0.63,0.0,0.15,0.78,1.41,1.19,69,42,242,108,85,38,115,35,1.04,0.3
81,True,False,0.0,0.0,232980,0,0,-2,2,0,2,0.0,0.0,0,Max,0.0,59,False,Season-long loan to Valencia,2025-01-17T08:27:29.985824Z,43,232980.jpg,2.7,False,Aarons,0.1,False,,u,3,91,8,12506,0,29132,9,0.0,1.9,Aarons,241.0,2023-08-10,,False,p232980,84,0,0,1,0,0,0,0,0,0,0,0,31,13.2,3.2,0.0,1.7,1,0.00,0.01,0.01,0.28,0,0,0,0,0,0,0,492,178,477,169,624,247,512,177,,,,,,,0.0,0.0,0.01,0.01,0.3,0.0,579,126,569,228,177,52,452,159,1.07,1.07
82,True,True,100.0,100.0,200785,0,0,-1,1,0,3,1.3,1.8,2,Tyler,1.8,60,False,,2024-12-30T23:30:08.175231Z,49,200785.jpg,2.0,False,Adams,0.1,False,,a,3,91,53,16461,15,12465,16,0.4,10.8,Adams,229.0,2023-08-20,1999-02-14,False,p200785,1779,0,3,5,27,0,0,0,7,0,0,1,285,387.8,234.0,79.0,70.3,19,1.27,0.66,1.93,27.40,0,0,0,0,0,0,0,177,72,172,118,287,161,215,109,,,,,,,0.06,0.0,0.03,0.09,1.39,1.37,251,161,197,85,292,130,522,193,0.96,0.25
83,True,False,0.0,0.0,444180,0,0,0,0,0,3,0.0,0.0,0,Jaidon,0.0,61,False,Season long loan to Burnley,2024-08-30T09:46:29.420148Z,45,444180.jpg,0.0,False,Anthony,0.1,False,,u,3,91,0,8381,0,46573,4,0.0,0.0,Anthony,,,,False,p444180,0,0,0,0,0,0,0,0,0,0,0,0,0,0.0,0.0,0.0,0.0,0,0.00,0.00,0.00,0.00,0,0,0,0,0,0,0,697,272,693,272,675,264,697,272,,,,,,,0.0,0.0,0.0,0.0,0.0,0.0,392,242,626,227,702,273,471,172,0.0,0.0
84,True,True,100.0,100.0,111317,0,0,-1,1,0,3,0.1,0.6,1,David,0.6,62,False,,2024-08-12T14:30:04.440536Z,49,111317.jpg,1.8,False,Brooks,0.0,False,,a,3,91,48,9165,2,8216,9,0.1,9.8,Brooks,244.0,2018-07-01,1997-07-08,False,p111317,834,2,1,2,11,0,0,0,3,0,0,2,190,168.4,253.6,235.0,65.1,8,2.20,1.80,4.00,14.51,0,0,0,0,0,0,0,326,148,160,108,139,88,233,117,,,,,,,0.24,0.0,0.19,0.43,1.57,1.19,240,152,341,161,329,151,603,235,0.86,0.22
85,True,True,0.0,0.0,158499,0,0,-1,1,1,3,0.0,0.0,0,Ryan,0.0,63,False,Groin Injury - Expected back 01 Jun,2025-04-04T12:00:08.386754Z,49,158499.jpg,2.6,False,Christie,0.1,False,,i,3,91,76,50800,1,62962,34,0.0,15.5,Christie,243.0,2021-08-31,1995-02-22,False,p158499,2114,2,3,8,28,0,0,0,9,0,0,5,435,514.0,576.8,303.0,139.6,27,2.14,2.90,5.04,30.17,0,0,0,0,0,0,0,120,43,49,40,105,68,77,52,4.0,,,,,,0.09,0.0,0.12,0.21,1.28,1.19,244,154,730,303,193,79,435,152,1.15,0.34
86,True,True,100.0,100.0,155408,0,0,0,0,0,3,1.1,1.6,2,Lewis,1.6,64,False,,2025-04-25T14:00:07.684889Z,50,155408.jpg,2.4,False,Cook,0.2,False,,a,3,91,83,60416,16,59406,21,0.3,16.6,Cook,241.0,2016-07-08,1997-02-03,False,p155408,2904,1,4,5,41,0,0,0,8,0,0,3,497,602.4,723.5,114.0,144.1,31,0.94,3.75,4.69,43.82,0,0,0,0,0,0,0,74,25,26,22,250,139,71,49,1.0,,2.0,,,,0.03,0.0,0.12,0.15,1.36,1.27,202,123,235,103,228,97,405,140,0.96,0.15
87,True,True,0.0,0.0,168636,0,0,-1,1,0,4,0.0,0.0,0,Enes,0.0,65,False,Knee injury - Expected back 01 Jun,2025-01-09T16:30:08.243030Z,54,168636.jpg,1.9,False,Ünal,0.1,False,,i,3,91,32,47149,8,47743,11,0.0,5.9,Enes Ünal,219.0,2024-07-01,1997-05-10,False,p168636,330,2,1,2,3,0,0,0,2,0,0,4,97,104.0,56.1,207.0,35.9,2,2.73,0.26,2.99,6.38,0,0,0,0,0,0,0,377,36,348,39,155,34,325,37,,,4.0,,,,0.74,0.0,0.07,0.81,1.74,0.82,125,34,771,79,313,36,521,70,0.55,0.55
88,True,False,0.0,0.0,441240,0,0,0,0,0,3,0.0,0.0,0,Romain,0.0,66,False,Loaned to Brest,2024-08-20T12:15:06.505689Z,50,441240.jpg,0.0,False,Faivre,0.0,False,,u,3,91,0,23,0,1460,0,0.0,0.0,Faivre,,,,False,p441240,0,0,0,0,0,0,0,0,0,0,0,0,0,0.0,0.0,0.0,0.0,0,0.00,0.00,0.00,0.00,0,0,0,0,0,0,0,780,335,779,335,773,334,780,335,,,,,,,0.0,0.0,0.0,0.0,0.0,0.0,218,137,750,321,780,335,742,308,0.0,0.0
89,True,False,0.0,0.0,424044,0,0,0,0,0,3,0.0,0.0,0,Hamed,0.0,67,False,Season long loan to A.J.Auxerre,2024-08-29T11:07:43.785266Z,45,424044.jpg,0.0,False,Traorè,0.0,False,,u,3,91,0,3525,0,19405,0,0.0,0.0,H.Traorè,,,,False,p424044,0,0,0,0,0,0,0,0,0,0,0,0,0,0.0,0.0,0.0,0.0,0,0.00,0.00,0.00,0.00,0,0,0,0,0,0,0,696,271,692,271,673,263,696,271,,,,,,,0.0,0.0,0.0,0.0,0.0,0.0,388,241,625,226,701,272,560,212,0.0,0.0
90,True,True,100.0,100.0,463981,0,0,-1,1,0,2,-0.5,0.0,0,James,0.0,68,False,,2025-01-15T01:00:08.846282Z,39,463981.jpg,1.7,False,Hill,0.5,False,,a,3,91,17,112399,12,107190,170,0.0,4.4,Hill,241.0,2022-01-05,2002-01-10,False,p463981,443,0,1,1,9,0,0,0,1,0,0,0,55,97.0,38.4,29.0,16.6,6,0.29,0.25,0.54,8.54,0,0,0,0,0,0,0,386,135,381,133,368,123,398,135,,,,,,,0.06,0.0,0.05,0.11,1.73,1.83,759,249,444,140,338,106,267,103,1.22,0.2
91,True,True,100.0,100.0,523700,0,0,0,0,0,4,0.1,0.6,1,Daniel,0.6,69,False,,2024-08-31T06:32:40.630710Z,45,523700.jpg,0.9,False,Jebbison,1.0,False,,a,3,91,13,478385,116,568150,187,0.1,2.9,Jebbison,39.0,2024-07-10,2003-08-13,False,p523700,71,0,0,0,1,0,0,0,1,0,0,0,39,23.0,37.8,38.0,9.9,0,0.67,0.12,0.79,1.95,0,0,0,0,0,0,0,471,44,382,43,345,46,434,43,,,,,,,0.85,0.0,0.15,1.0,2.47,1.27,436,70,333,31,523,61,207,34,0.0,0.0
92,True,True,100.0,100.0,544877,0,0,8,-8,2,2,3.5,4.0,2,Milos,4.0,70,False,,2024-11-21T08:30:08.632085Z,53,544877.jpg,3.5,False,Kerkez,17.5,False,,a,3,91,127,3227718,3216,1351975,6793,0.8,24.0,Kerkez,98.0,2023-07-20,2003-11-07,False,p544877,3164,2,6,8,43,0,0,0,4,0,0,10,519,672.2,582.0,213.0,146.7,36,0.55,2.42,2.97,46.92,0,0,0,0,0,0,0,55,21,48,8,152,24,68,7,,,,,,,0.02,0.0,0.07,0.09,1.33,1.22,157,20,61,14,96,17,18,6,1.02,0.23
93,True,True,100.0,100.0,222683,0,0,5,-5,4,3,0.9,1.4,1,Justin,1.4,71,False,,2025-04-01T14:00:07.917236Z,60,222683.jpg,4.8,False,Kluivert,10.9,False,,a,3,91,154,5410765,1837,4290911,6743,0.2,25.7,Kluivert,152.0,2023-07-01,1999-05-05,False,p222683,2204,12,6,12,27,0,0,0,8,0,0,14,518,693.8,637.7,712.0,203.9,27,9.74,3.42,13.16,31.00,0,0,0,0,0,0,0,48,12,40,35,29,18,20,15,,,,,1.0,,0.4,0.0,0.14,0.54,1.27,1.1,79,51,263,123,16,9,37,12,1.1,0.49
94,True,False,0.0,0.0,223911,0,0,-1,1,0,2,0.0,0.0,0,Chris,0.0,72,False,On loan to Sunderland for the season,2024-09-01T09:10:00.945219Z,44,223911.jpg,0.0,False,Mepham,0.0,False,,u,3,91,0,287,0,6326,0,0.0,0.0,Mepham,,,,False,p223911,0,0,0,0,0,0,0,0,0,0,0,0,0,0.0,0.0,0.0,0.0,0,0.00,0.00,0.00,0.00,0,0,0,0,0,0,0,669,256,663,255,637,253,669,256,,,,,,,0.0,0.0,0.0,0.0,0.0,0.0,513,96,584,237,676,255,639,222,0.0,0.0
95,True,True,0.0,0.0,533463,0,0,-4,4,2,3,0.0,0.0,0,Dango,1.6,74,False,Groin Injury - Expected back 01 Jun,2025-05-08T16:30:08.039133Z,46,533463.jpg,3.5,False,Ouattara,1.2,False,,i,3,91,111,793254,3,676847,2761,0.3,24.1,O.Dango,35.0,2023-01-19,2002-02-11,False,p533463,1998,7,4,7,23,0,0,0,3,0,0,7,432,624.6,496.8,754.0,187.2,21,8.42,3.24,11.66,31.96,0,0,0,0,0,0,0,66,21,71,56,26,15,32,24,,,,,,,0.38,0.0,0.15,0.53,1.44,1.04,359,230,229,98,90,42,191,63,0.95,0.32
96,True,False,0.0,0.0,495145,0,0,0,0,0,1,0.0,0.0,0,Alex,0.0,75,False,Loaned to Auckland FC,2024-08-10T12:14:13.050842Z,40,495145.jpg,0.0,False,Paulsen,0.0,False,,u,3,91,0,0,0,3136,2,0.0,0.0,Paulsen,,,,False,p495145,0,0,0,0,0,0,0,0,0,0,0,0,0,0.0,0.0,0.0,0.0,0,0.00,0.00,0.00,0.00,0,0,0,0,0,0,0,612,70,599,59,560,40,612,70,,,,,,,0.0,0.0,0.0,0.0,0.0,0.0,675,56,495,61,620,70,669,73,0.0,0.0
97,True,False,0.0,0.0,168991,0,0,-2,2,0,3,0.0,0.0,0,Philip,0.0,76,False,Season-long loan to Napoli,2025-01-17T08:00:05.376061Z,48,168991.jpg,1.0,False,Billing,0.0,False,,u,3,91,10,6119,0,11261,2,0.0,2.1,Philip,58.0,2019-07-29,,False,p168991,176,0,0,0,4,0,0,0,1,0,0,0,52,54.0,102.4,47.0,20.4,1,0.55,0.97,1.52,3.35,0,0,0,0,0,0,0,424,196,283,170,330,178,387,188,,,3.0,,,,0.28,0.0,0.5,0.78,1.71,2.05,288,188,719,296,507,234,592,231,0.51,0.0
98,True,True,75.0,100.0,503139,0,0,-3,3,0,3,0.7,1.4,0,Alex,1.4,77,False,Jaw Injury - 75% chance of playing,2025-05-11T00:30:07.728795Z,47,503139.jpg,1.3,False,Scott,0.0,False,,d,3,91,25,3359,2,6822,2,0.3,5.3,Scott,241.0,2023-08-10,2003-08-21,False,p503139,744,0,0,3,8,0,0,0,3,0,0,0,127,138.6,171.6,111.0,42.2,8,0.68,1.02,1.70,10.15,0,0,0,0,0,0,0,352,161,220,145,257,145,302,155,,,,,,,0.08,0.0,0.12,0.2,1.23,0.97,343,222,257,117,416,195,611,241,0.97,0.36
99,True,True,100.0,100.0,437730,0,0,2,-2,3,3,5.1,5.6,2,Antoine,5.6,78,False,,2024-11-13T14:00:07.717891Z,57,437730.jpg,4.2,False,Semenyo,7.2,False,,a,3,91,147,3475771,2206,2879100,3587,1.0,25.8,Semenyo,81.0,2023-01-27,2000-01-07,False,p437730,3022,9,7,10,38,0,0,0,9,0,0,11,527,715.8,674.1,1117.0,250.0,34,8.97,4.32,13.29,42.32,0,0,0,0,0,0,0,41,10,37,32,4,2,8,5,,,,,,,0.27,0.0,0.13,0.4,1.26,1.13,98,64,26,8,34,18,51,16,1.01,0.3
100,True,True,100.0,100.0,221466,0,0,-4,4,1,2,-0.1,0.4,1,Marcos,0.4,79,False,,2024-12-06T10:30:07.568268Z,46,221466.jpg,1.6,False,Senesi,0.3,False,,a,3,91,25,73382,63,149171,35,0.1,5.4,Senesi,10.0,2022-08-08,1997-05-10,False,p221466,1026,0,0,1,17,0,0,0,5,0,0,3,93,251.4,81.1,29.0,36.3,12,0.86,0.46,1.32,14.51,0,0,0,0,0,0,0,263,99,313,96,371,125,322,104,,,,,,,0.08,0.0,0.04,0.12,1.27,1.49,354,50,373,116,359,115,317,122,1.05,0.09
101,True,True,0.0,0.0,224995,0,0,-2,2,1,3,0.0,0.0,0,Luis,0.0,80,False,Hamstring injury - Expected back 25 May,2025-03-15T22:00:08.354423Z,48,224995.jpg,1.9,False,Sinisterra,0.1,False,,i,3,91,23,69148,2,83087,6,0.0,4.8,Sinisterra,48.0,2024-06-14,1999-06-17,False,p224995,229,1,1,0,4,0,0,0,0,0,0,2,90,112.0,115.3,195.0,42.3,1,1.18,1.29,2.47,4.08,0,0,0,0,0,0,0,368,172,268,164,165,103,301,154,,,,,,,0.46,0.0,0.51,0.97,1.6,1.57,300,196,724,299,308,138,459,165,0.39,0.0
102,True,True,100.0,100.0,54469,0,0,-1,1,0,2,2.3,2.8,1,Adam,2.8,81,False,,2024-12-25T22:30:07.943044Z,44,54469.jpg,2.2,False,Smith,0.1,False,,a,3,91,50,30515,10,41092,16,0.6,11.4,Smith,241.0,2014-01-28,1991-04-29,False,p54469,1475,0,0,5,17,0,0,0,7,0,0,0,136,171.6,132.3,20.0,32.1,18,0.65,0.37,1.02,18.62,0,0,0,0,0,0,0,321,120,252,67,397,137,341,113,,,,,,,0.04,0.0,0.02,0.06,1.14,1.04,494,81,126,32,249,78,428,152,1.1,0.31
103,True,True,100.0,100.0,201658,0,0,-1,1,0,3,1.5,2.0,2,Marcus,2.0,83,False,,2025-03-30T21:00:08.443842Z,54,201658.jpg,3.0,False,Tavernier,0.2,False,,a,3,91,82,123823,38,129957,38,0.4,15.2,Tavernier,241.0,2022-08-01,1999-03-22,False,p201658,1752,3,7,3,26,0,0,0,5,0,0,3,320,407.8,553.5,404.0,136.5,18,5.32,2.88,8.20,23.56,0,0,0,0,0,0,0,169,68,59,47,73,47,81,54,2.0,,1.0,,,,0.27,0.0,0.15,0.42,1.21,1.34,129,79,185,81,146,64,357,112,0.92,0.15
104,True,False,0.0,0.0,229600,0,0,-1,1,0,1,0.0,0.0,0,Mark,0.0,84,False,Loaned to Middlesbrough,2025-02-03T10:20:13.419620Z,44,229600.jpg,3.8,False,Travers,0.1,False,,u,3,91,19,19149,0,28577,4,0.0,4.3,Travers,104.0,2018-07-01,,False,p229600,450,0,0,1,5,0,0,0,0,0,20,1,76,146.4,0.0,0.0,14.6,5,0.00,0.01,0.01,7.36,0,0,0,0,0,0,0,345,31,664,76,639,62,411,32,,,,,,,0.0,4.0,0.0,0.0,1.47,1.0,516,22,585,78,58,9,457,62,1.0,0.2
105,True,True,100.0,100.0,477580,0,0,-1,1,0,2,2.5,3.0,1,Illia,3.0,85,False,,2025-02-22T21:00:09.748448Z,44,477580.jpg,2.4,False,Zabarnyi,0.4,False,,a,3,91,82,125008,65,125380,122,0.7,18.6,Zabarnyi,225.0,2023-01-31,2002-09-01,False,p477580,2929,0,0,7,39,0,0,0,4,1,0,6,389,603.6,160.5,60.0,82.7,33,1.10,0.58,1.68,40.68,0,0,0,0,0,0,0,72,29,229,57,304,94,178,54,,,,,,,0.03,0.0,0.02,0.05,1.25,1.2,531,105,107,29,222,70,270,104,1.01,0.22
106,True,True,100.0,100.0,109745,0,0,1,-1,0,1,4.5,5.0,2,Kepa,5.0,152,False,,2025-01-04T19:30:08.158014Z,46,109745.jpg,3.4,False,Arrizabalaga,3.2,False,,a,3,91,99,764557,1142,479059,1031,1.1,21.5,Arrizabalaga,200.0,2024-08-29,1994-10-03,False,p109745,2610,0,0,7,36,0,0,0,3,0,95,7,385,723.0,10.4,4.0,73.6,29,0.06,0.03,0.09,36.97,0,0,0,0,0,0,0,38,10,453,11,459,1,204,10,,,,,,,0.0,3.28,0.0,0.0,1.27,1.24,349,12,36,5,105,17,105,15,1.0,0.24
107,True,True,,,554605,0,0,0,0,3,2,4.5,5.0,1,Dean,5.0,580,False,,,45,554605.jpg,3.3,False,Huijsen,4.5,False,,a,3,91,100,943465,2749,478664,1639,1.1,22.2,Huijsen,200.0,2024-07-30,2005-04-14,False,p554605,2320,3,1,7,28,0,0,0,9,0,0,14,434,765.6,200.8,193.0,115.9,25,1.82,1.54,3.36,35.83,0,0,0,0,0,0,0,31,11,197,44,171,30,108,22,,,,,,,0.07,0.0,0.06,0.13,1.39,1.09,459,75,35,5,113,24,85,30,0.97,0.27
108,True,True,100.0,100.0,436893,0,0,-2,2,0,2,0.3,0.8,1,Julián,0.8,592,False,,2025-03-07T16:30:09.194335Z,43,436893.jpg,1.1,False,Araujo Zúñiga,0.1,False,,a,3,91,12,11879,8,25024,5,0.2,2.8,J.Araujo,139.0,2024-08-13,2001-08-13,False,p436893,424,0,0,0,8,0,0,0,1,0,0,0,20,48.0,11.2,4.0,6.4,6,0.00,0.05,0.05,8.25,0,0,0,0,0,0,0,430,158,448,158,456,167,462,163,,,,,,,0.0,0.0,0.01,0.01,1.75,1.7,581,128,302,91,440,149,442,157,1.27,0.0
109,True,True,,,444172,0,0,-1,1,0,1,-0.5,0.0,0,Will,0.0,599,False,,,39,444172.jpg,0.0,False,Dennis,0.3,False,,a,3,91,0,47471,17,43058,56,0.0,0.0,Dennis,241.0,2019-08-01,2000-07-10,False,p444172,0,0,0,0,0,0,0,0,0,0,0,0,0,0.0,0.0,0.0,0.0,0,0.00,0.00,0.00,0.00,0,0,0,0,0,0,0,578,55,558,38,514,18,578,55,,,,,,,0.0,0.0,0.0,0.0,0.0,0.0,758,77,443,40,588,55,304,46,0.0,0.0
110,True,True,100.0,100.0,444102,0,0,-2,2,2,4,2.3,2.8,2,Francisco Evanilson,2.8,617,False,,2025-04-27T22:30:08.577290Z,58,444102.jpg,4.3,False,de Lima Barbosa,3.6,False,,a,3,91,124,1745127,2288,1371143,3344,0.5,21.4,Evanilson,30.0,2024-08-16,1999-10-06,False,p444102,2145,10,5,10,28,0,0,1,1,1,0,20,480,452.4,297.3,923.0,166.9,26,11.62,1.67,13.29,25.01,0,0,0,0,0,0,0,153,18,134,12,13,7,55,10,,,,,2.0,,0.49,0.0,0.07,0.56,1.05,1.17,89,25,135,12,29,10,98,17,1.09,0.42
111,True,True,,,496683,0,0,0,0,0,2,-0.5,0.0,0,Max,0.0,680,False,,,40,496683.jpg,0.0,False,Kinsey,0.0,False,,a,3,91,0,7382,8,4981,10,0.0,0.0,Kinsey,241.0,2023-02-03,2005-02-02,False,p496683,0,0,0,0,0,0,0,0,0,0,0,0,0,0.0,0.0,0.0,0.0,0,0.00,0.00,0.00,0.00,0,0,0,0,0,0,0,613,213,600,211,561,201,613,213,,,,,,,0.0,0.0,0.0,0.0,0.0,0.0,676,187,496,171,621,213,564,196,0.0,0.0
112,True,True,,,606775,0,0,0,0,0,3,-0.5,0.0,0,Ben,0.0,687,False,,,45,606775.jpg,1.0,False,Winterburn,0.0,False,,a,3,91,3,3428,6,2606,7,0.0,0.7,Winterburn,241.0,2024-11-29,2004-09-04,False,p606775,21,0,0,0,0,0,0,0,0,0,0,0,11,2.4,0.2,2.0,0.4,0,0.00,0.00,0.00,0.16,0,0,0,0,0,0,0,533,247,516,251,472,238,533,245,,,,,,,0.0,0.0,0.0,0.0,0.69,0.0,482,305,700,283,496,226,704,287,0.0,0.0
113,True,True,,,632822,0,0,0,0,0,2,-0.5,0.0,0,Archie,0.0,702,False,,,40,632822.jpg,0.0,False,Harris,0.0,False,,a,3,91,0,3634,9,2192,7,0.0,0.0,Harris,241.0,2024-12-25,2004-12-27,False,p632822,0,0,0,0,0,0,0,0,0,0,0,0,0,0.0,0.0,0.0,0.0,0,0.00,0.00,0.00,0.00,0,0,0,0,0,0,0,655,249,643,248,607,241,655,249,,,,,,,0.0,0.0,0.0,0.0,0.0,0.0,730,235,545,214,663,249,628,216,0.0,0.0
114,True,True,,,606774,0,0,0,0,0,4,-0.5,0.0,0,Remy,0.0,707,False,,,45,606774.jpg,1.0,False,Rees-Dottin,0.1,False,,a,3,91,1,18439,10,13486,13,0.0,0.2,Rees-Dottin,241.0,2024-12-28,2006-03-06,False,p606774,1,0,0,0,0,0,0,0,0,0,0,0,3,0.0,0.0,0.0,0.0,0,0.00,0.00,0.00,0.00,0,0,0,0,0,0,0,762,73,759,73,742,73,762,73,,,,,,,0.0,0.0,0.0,0.0,0.0,0.0,481,82,699,64,495,55,506,69,0.0,0.0
115,True,True,,,541462,0,0,0,0,0,2,-0.5,0.0,0,Matai,0.0,712,False,,,40,541462.jpg,0.0,False,Akinmboni,0.0,False,,a,3,91,0,1758,3,1088,2,0.0,0.0,Akinmboni,229.0,2025-01-03,2006-10-17,False,p541462,0,0,0,0,0,0,0,0,0,0,0,0,0,0.0,0.0,0.0,0.0,0,0.00,0.00,0.00,0.00,0,0,0,0,0,0,0,626,224,614,223,577,215,626,224,,,,,,,0.0,0.0,0.0,0.0,0.0,0.0,695,204,512,185,634,224,682,232,0.0,0.0
116,True,True,100.0,100.0,575901,0,0,-1,1,0,2,-0.3,0.2,0,Julio,0.2,713,False,,2025-01-17T12:00:08.626455Z,39,575901.jpg,1.0,False,Soler,0.0,False,,a,3,91,1,5593,16,2582,18,0.1,0.3,Soler,10.0,2025-01-07,2005-02-16,False,p575901,1,0,0,0,0,0,0,0,0,0,0,0,6,2.0,0.0,0.0,0.2,0,0.00,0.00,0.00,0.00,0,0,0,0,0,0,0,535,188,565,194,525,183,539,189,,,,,,,0.0,0.0,0.0,0.0,0.0,0.0,772,258,389,122,452,156,598,207,0.0,0.0
117,True,True,,,590760,0,0,0,0,0,4,-0.5,0.0,0,Daniel,0.0,722,False,,,45,590760.jpg,0.0,False,Adu-Adjei,0.0,False,,a,3,91,0,9156,16,5261,18,0.0,0.0,Adu-Adjei,241.0,2022-12-19,2005-06-21,False,p590760,0,0,0,0,0,0,0,0,0,0,0,0,0,0.0,0.0,0.0,0.0,0,0.00,0.00,0.00,0.00,0,0,0,0,0,0,0,755,71,752,71,735,71,755,71,,,,,,,0.0,0.0,0.0,0.0,0.0,0.0,472,79,692,62,758,74,551,74,0.0,0.0
118,True,True,,,550596,0,0,0,0,0,3,-0.5,0.0,0,Dominic,0.0,723,False,,,45,550596.jpg,0.0,False,Sadi,0.0,False,,a,3,91,0,785,3,482,2,0.0,0.0,Sadi,241.0,2022-08-22,2003-09-02,False,p550596,0,0,0,0,0,0,0,0,0,0,0,0,0,0.0,0.0,0.0,0.0,0,0.00,0.00,0.00,0.00,0,0,0,0,0,0,0,742,310,738,310,722,303,742,310,,,,,,,0.0,0.0,0.0,0.0,0.0,0.0,455,290,677,269,746,311,745,309,0.0,0.0
119,True,True,,,568791,0,0,0,0,0,1,-0.5,0.0,0,Callan,0.0,727,False,,,40,568791.jpg,0.0,False,McKenna,0.0,False,,a,3,91,0,1692,4,902,3,0.0,0.0,McKenna,243.0,2024-02-01,2006-12-22,False,p568791,0,0,0,0,0,0,0,0,0,0,0,0,0,0.0,0.0,0.0,0.0,0,0.00,0.00,0.00,0.00,0,0,0,0,0,0,0,634,73,622,62,585,43,634,73,,,,,,,0.0,0.0,0.0,0.0,0.0,0.0,705,59,521,64,642,73,700,75,0.0,0.0
120,True,True,,,530121,0,0,0,0,0,3,-0.5,0.0,0,Zain,0.0,728,False,,,45,530121.jpg,1.0,False,Silcott-Duberry,0.0,False,,a,3,91,1,534,1,347,0,0.0,0.2,Silcott-Duberry,241.0,2025-01-17,2005-07-09,False,p530121,1,0,0,0,0,0,0,0,0,0,0,0,5,2.0,1.0,0.0,0.3,0,0.00,0.00,0.00,0.04,0,0,0,0,0,0,0,537,248,492,242,706,291,537,249,,,,,,,0.0,0.0,0.0,0.0,3.6,0.0,438,277,662,257,489,224,766,324,0.0,0.0
121,True,True,,,100050427,0,0,0,0,0,5,6.7,7.2,0,Andoni,7.2,738,False,,,11,100050427.jpg,0.0,False,Iraola,1.2,False,,a,3,91,71,73814,43,85929,92,6.5,64.5,Iraola,200.0,2023-07-01,1982-06-22,False,man50428,0,0,0,0,0,0,0,0,0,0,0,0,0,0.0,0.0,0.0,0.0,0,0.00,0.00,0.00,0.00,4,4,6,1,0,3,19,559,14,536,14,490,14,559,14,,,,,,,0.0,0.0,0.0,0.0,0.0,0.0,790,9,6,5,569,14,572,11,0.0,0.0
122,True,True,100.0,100.0,191866,0,0,-1,1,0,2,0.6,1.1,0,Kristoffer,0.6,86,False,,2024-12-21T21:30:07.775014Z,44,191866.jpg,1.7,False,Ajer,0.2,False,,a,4,94,38,43543,10,64634,70,0.1,8.6,Ajer,161.0,2021-07-21,1998-04-17,False,p191866,1402,0,0,3,23,0,0,0,5,0,0,0,122,195.8,126.8,146.0,46.9,17,0.83,0.47,1.30,21.43,0,0,0,0,0,0,0,297,109,257,69,212,50,291,89,,,,,,,0.05,0.0,0.03,0.08,1.38,1.48,505,89,330,103,342,109,355,134,1.09,0.19
123,True,True,100.0,100.0,494041,0,0,-1,1,0,3,0.0,0.5,0,Ethan,0.0,87,False,,2024-09-10T11:15:13.439596Z,44,494041.jpg,0.0,False,Brierley,0.1,False,,a,4,94,0,14540,11,16604,8,0.0,0.0,Brierley,,,,False,p494041,0,0,0,0,0,0,0,0,0,0,0,0,0,0.0,0.0,0.0,0.0,0,0.00,0.00,0.00,0.00,0,0,0,0,0,0,0,673,258,669,259,645,249,673,258,,,,,,,0.0,0.0,0.0,0.0,0.0,0.0,535,319,595,208,680,261,495,180,0.0,0.0
124,True,True,,,432830,0,0,1,-1,2,2,5.2,5.7,8,Nathan,5.2,88,False,,,46,432830.jpg,3.4,False,Collins,4.2,False,,a,4,94,124,918629,5907,526658,1027,1.1,27.0,Collins,104.0,2023-07-04,2001-04-30,False,p432830,3240,2,7,8,53,0,0,0,5,0,0,11,538,977.0,159.8,307.0,144.5,36,2.44,1.57,4.01,54.20,0,0,0,0,0,0,0,7,1,230,58,103,6,70,8,,,,,,,0.07,0.0,0.04,0.11,1.51,1.47,356,51,32,3,106,22,89,33,1.0,0.22
125,True,True,100.0,100.0,440089,0,0,-1,1,0,3,3.0,3.5,3,Mikkel,3.0,89,False,,2024-10-12T11:00:07.165630Z,49,440089.jpg,3.5,False,Damsgaard,1.3,False,,a,4,94,127,515234,329,395664,582,0.6,25.9,Damsgaard,58.0,2022-08-10,2000-07-03,False,p440089,2742,2,10,11,37,0,0,0,2,0,0,10,583,689.8,962.7,332.0,198.4,32,2.81,6.60,9.41,43.65,0,0,0,0,0,0,0,50,13,6,6,96,63,22,17,1.0,,3.0,,,,0.09,0.0,0.22,0.31,1.43,1.21,263,169,114,45,91,43,181,61,1.05,0.36
126,True,True,0.0,0.0,183656,0,0,-2,2,0,3,0.0,0.0,0,Josh,0.0,90,False,Knee injury - Unknown return date,2024-08-12T14:30:04.460316Z,48,183656.jpg,0.0,False,Dasilva,0.0,False,,i,4,94,0,471,0,1147,0,0.0,0.0,Dasilva,241.0,2018-08-21,1998-10-23,False,p183656,0,0,0,0,0,0,0,0,0,0,0,0,0,0.0,0.0,0.0,0.0,0,0.00,0.00,0.00,0.00,0,0,0,0,0,0,0,768,327,765,327,754,324,768,327,,,,,,,0.0,0.0,0.0,0.0,0.0,0.0,289,189,720,297,769,328,752,313,0.0,0.0
127,True,True,100.0,100.0,118342,1,-1,0,0,2,1,5.2,5.7,9,Mark,5.2,91,False,,2025-02-03T02:00:08.276126Z,45,118342.jpg,3.8,False,Flekken,9.9,False,,a,4,94,133,1780221,2983,1780906,1322,1.2,29.6,Flekken,152.0,2023-07-01,1993-06-13,False,p118342,3095,0,2,7,51,0,0,0,1,0,144,12,564,1234.4,30.3,0.0,126.1,35,0.00,0.11,0.11,52.71,0,0,0,0,0,0,0,2,1,397,2,661,68,92,1,,,,,,,0.0,4.19,0.0,0.0,1.53,1.48,369,17,31,4,59,10,42,7,1.02,0.2
128,True,True,100.0,100.0,194010,0,0,-2,2,0,2,0.4,0.9,0,Rico,0.4,92,False,,2025-01-27T01:00:08.496464Z,43,194010.jpg,0.8,False,Henry,0.0,False,,a,4,94,3,2838,9,8235,14,0.1,0.7,Henry,241.0,2016-08-31,1997-07-08,False,p194010,80,0,0,0,3,0,0,0,0,0,0,0,-2,9.6,0.8,0.0,1.0,0,0.00,0.00,0.00,2.09,0,0,0,0,0,0,0,501,179,495,181,623,246,523,182,,,,,,,0.0,0.0,0.0,0.0,2.35,3.38,569,117,363,112,534,181,614,212,0.0,0.0
129,True,True,0.0,0.0,472713,0,0,-2,2,0,2,0.0,0.0,0,Aaron,0.0,93,False,Lack of match fitness - Expected back 18 May,2024-08-12T14:30:04.480785Z,43,472713.jpg,0.0,False,Hickey,0.0,False,,i,4,94,0,809,1,3135,1,0.0,0.0,Hickey,243.0,2022-07-09,2002-06-10,False,p472713,0,0,0,0,0,0,0,0,0,0,0,0,0,0.0,0.0,0.0,0.0,0,0.00,0.00,0.00,0.00,0,0,0,0,0,0,0,663,253,657,252,627,248,663,253,,,,,,,0.0,0.0,0.0,0.0,0.0,0.0,585,130,572,230,670,252,706,241,0.0,0.0
130,True,True,0.0,0.0,204580,0,0,-2,2,0,3,0.0,0.0,0,Vitaly,0.6,94,False,Heel Injury - Expected back 01 Jun,2025-05-01T00:30:07.901216Z,48,204580.jpg,2.3,False,Janelt,0.2,False,,i,4,94,73,112844,0,118346,25,0.1,15.2,Janelt,80.0,2020-10-03,1998-05-10,False,p204580,2251,1,3,6,38,2,0,0,3,0,0,2,384,356.6,284.2,131.0,77.2,27,0.83,2.38,3.21,37.37,0,0,0,0,0,0,0,193,83,144,101,229,130,194,100,,,,,,,0.03,0.0,0.1,0.13,1.49,1.52,292,191,337,159,240,103,392,133,1.08,0.24
131,True,True,100.0,100.0,207283,0,0,-2,2,0,3,1.4,1.9,1,Mathias,1.4,95,False,,2025-04-01T14:00:08.042702Z,53,207283.jpg,1.6,False,Jensen,0.1,False,,a,4,94,36,9038,10,21974,17,0.3,6.8,Jensen,58.0,2019-07-10,1996-01-01,False,p207283,821,0,2,2,17,0,0,0,2,0,0,1,174,151.8,229.7,32.0,41.6,8,0.23,1.60,1.83,16.18,0,0,0,0,0,0,0,342,155,176,121,360,195,304,156,3.0,,,,,,0.03,0.0,0.18,0.21,1.77,1.86,150,91,262,122,366,173,510,185,0.88,0.22
132,True,True,,,570241,0,0,-1,1,0,2,0.0,0.5,0,Kim,0.0,96,False,,,39,570241.jpg,1.0,False,Ji-soo,0.3,False,,a,4,94,3,50621,9,50869,43,0.0,0.8,Ji-soo,114.0,2023-07-20,2004-12-24,False,p570241,28,0,0,0,0,0,0,0,0,0,0,0,8,5.0,0.8,0.0,0.6,0,0.00,0.00,0.00,0.32,0,0,0,0,0,0,0,515,185,494,180,524,182,528,185,,,,,,,0.0,0.0,0.0,0.0,1.03,0.0,771,257,456,148,451,155,313,120,0.0,0.0
133,True,True,100.0,100.0,628204,0,0,-1,1,0,3,0.6,1.1,1,Yunus Emre,0.6,97,False,,2025-04-19T21:00:07.399390Z,44,628204.jpg,1.0,False,Konak,0.1,False,,a,4,94,10,10815,8,12617,2,0.1,2.3,Konak,219.0,2024-01-11,2006-01-10,False,p628204,53,0,0,0,2,0,0,0,0,0,0,0,30,8.0,4.5,3.0,1.2,0,0.15,0.00,0.15,1.79,0,0,0,0,0,0,0,507,234,472,236,462,234,519,241,,,,,,,0.25,0.0,0.0,0.25,3.04,3.4,554,336,331,155,481,219,532,199,0.0,0.0
134,True,True,,,249231,0,0,0,0,0,3,2.4,2.9,3,Keane,2.4,98,False,,,50,249231.jpg,2.5,False,Lewis-Potter,0.1,False,,a,4,94,91,30539,36,29319,28,0.5,18.2,Lewis-Potter,241.0,2022-07-12,2001-02-22,False,p249231,2927,1,5,8,45,0,0,0,6,0,0,0,447,518.6,439.9,383.0,134.5,34,2.45,4.86,7.31,48.57,0,0,0,0,0,0,0,118,42,82,63,79,52,85,56,,,4.0,,,,0.08,0.0,0.15,0.23,1.49,1.38,215,134,147,63,210,89,469,170,1.05,0.25
135,True,True,100.0,100.0,446008,1,-1,13,-13,6,3,6.6,7.1,6,Bryan,6.6,99,True,,2024-11-13T15:00:08.005055Z,83,446008.jpg,6.2,False,Mbeumo,46.2,False,,a,4,94,223,10466146,11182,5944294,2548,0.8,26.9,Mbeumo,38.0,2019-08-05,1999-08-07,False,p446008,3235,18,9,9,51,0,0,0,3,0,0,28,902,1141.4,1055.4,982.0,318.3,36,11.26,9.04,20.29,53.29,0,0,0,0,0,0,0,3,2,5,5,9,5,3,3,2.0,,2.0,,2.0,,0.31,0.0,0.25,0.56,1.48,1.42,11,8,13,4,4,2,3,2,1.0,0.25
136,True,True,100.0,100.0,51927,0,0,-3,3,0,2,0.0,0.5,0,Ben,0.0,100,False,,2024-12-29T08:30:08.579360Z,42,51927.jpg,1.3,False,Mee,0.3,False,,a,4,94,9,31083,9,90388,28,0.0,2.1,Mee,241.0,2022-07-21,1989-09-21,False,p51927,180,0,0,1,4,0,0,0,2,0,0,0,30,36.8,3.0,6.0,4.6,2,0.00,0.02,0.02,2.71,0,0,0,0,0,0,0,448,166,479,171,440,160,479,169,,,,,,,0.0,0.0,0.01,0.01,1.36,2.0,599,137,550,216,412,141,315,121,1.0,0.5
137,True,True,100.0,100.0,128295,0,0,-2,2,1,3,3.4,3.9,2,Christian,3.4,101,False,,2025-02-22T02:00:07.221007Z,48,128295.jpg,3.0,False,Nørgaard,0.2,False,,a,4,94,95,67791,62,62086,116,0.7,19.8,Nørgaard,58.0,2019-07-01,1994-03-10,False,p128295,2640,5,3,6,41,0,0,0,7,1,0,4,525,683.4,315.3,356.0,135.6,32,3.83,1.22,5.05,42.43,0,0,0,0,0,0,0,53,14,123,88,90,61,82,55,,,,,,,0.13,0.0,0.04,0.17,1.45,1.4,284,184,90,37,140,61,362,114,1.09,0.2
138,True,False,0.0,0.0,428580,0,0,-1,1,0,3,0.0,0.0,0,Frank,0.0,102,False,Loaned to FC Augsburg,2024-08-31T06:32:02.183747Z,49,428580.jpg,1.0,False,Onyeka,0.0,False,,u,4,94,2,648,0,3962,0,0.0,0.4,Onyeka,,,,False,p428580,23,0,0,0,0,0,0,0,0,0,0,0,3,0.0,0.5,0.0,0.0,0,0.00,0.02,0.02,0.69,0,0,0,0,0,0,0,774,330,502,246,763,328,774,330,,,,,,,0.0,0.0,0.08,0.08,2.7,0.0,262,168,736,308,512,238,696,283,0.0,0.0
139,True,False,0.0,0.0,450539,0,0,0,0,0,3,0.0,0.0,0,Myles,0.0,103,False,Loaned to Swansea City,2024-08-31T06:31:19.312069Z,45,450539.jpg,0.0,False,Peart-Harris,0.0,False,,u,4,94,0,913,0,4723,2,0.0,0.0,Peart-Harris,,,,False,p450539,0,0,0,0,0,0,0,0,0,0,0,0,0,0.0,0.0,0.0,0.0,0,0.00,0.00,0.00,0.00,0,0,0,0,0,0,0,699,274,695,274,677,266,699,274,,,,,,,0.0,0.0,0.0,0.0,0.0,0.0,394,244,628,229,704,275,691,281,0.0,0.0
140,True,True,100.0,100.0,231065,0,0,-1,1,0,2,0.0,0.5,0,Ethan,0.0,104,False,,2024-12-19T00:30:06.525832Z,44,231065.jpg,2.1,False,Pinnock,0.3,False,,a,4,94,47,187336,18,210692,55,0.0,10.7,Pinnock,107.0,2019-07-02,1993-05-29,False,p231065,1912,2,0,2,35,1,0,0,2,0,0,0,233,540.2,101.2,193.0,83.6,21,1.08,0.64,1.72,34.33,0,0,0,0,0,0,0,111,44,286,83,170,29,172,51,,,,,,,0.05,0.0,0.03,0.08,1.62,1.65,518,97,586,238,267,88,323,125,0.99,0.09
141,True,False,0.0,0.0,226956,0,0,-2,2,0,2,0.0,0.0,0,Mads,0.0,105,False,Loaned to VfL Wolfsburg,2025-01-30T11:40:19.558849Z,43,226956.jpg,1.9,False,Roerslev Rasmussen,0.1,False,,u,4,94,36,18746,0,24767,5,0.0,8.4,Roerslev,58.0,2019-10-27,,False,p226956,1100,0,2,2,20,0,0,0,2,0,0,0,125,214.4,185.8,78.0,48.0,11,0.20,2.09,2.29,21.52,0,0,0,0,0,0,0,283,103,210,49,288,86,288,87,,,,,,,0.02,0.0,0.17,0.19,1.76,1.64,577,124,568,227,302,96,508,180,0.9,0.16
142,True,True,100.0,100.0,513418,0,0,-3,3,4,3,7.2,7.7,11,Kevin,7.2,106,False,,2025-01-27T01:00:08.556857Z,52,513418.jpg,4.0,False,Schade,2.5,False,,a,4,94,145,559941,19009,291425,532,1.4,27.9,Schade,80.0,2023-07-01,2001-11-27,False,p513418,2128,11,4,10,30,0,0,0,3,0,0,12,478,602.6,298.3,834.0,173.2,24,8.23,1.69,9.92,28.77,0,0,0,0,0,0,0,73,24,133,95,17,9,50,36,,,,,,,0.35,0.0,0.07,0.42,1.22,1.27,175,104,7,2,43,22,121,39,1.02,0.42
143,True,True,100.0,100.0,502500,0,0,-1,1,0,4,0.4,0.9,1,Igor Thiago,0.4,107,False,,2025-04-11T00:30:06.405105Z,59,502500.jpg,1.2,False,Nascimento Rodrigues,0.0,False,,a,4,94,7,4403,28,6111,9,0.1,1.2,Thiago,30.0,2024-07-01,2001-06-26,False,p502500,143,0,0,0,4,0,0,0,0,0,0,0,29,16.0,28.5,8.0,5.0,1,0.10,0.03,0.13,3.31,0,0,0,0,0,0,0,484,46,401,44,437,55,477,50,,,,,,,0.06,0.0,0.02,0.08,2.08,2.52,86,24,382,40,437,46,636,80,0.63,0.0
144,True,False,0.0,0.0,144485,0,0,-2,2,0,4,0.0,0.0,0,Ivan,0.0,108,False,Transferred to Al-Ahli,2024-08-31T06:41:10.704245Z,73,144485.jpg,0.0,False,Toney,1.1,False,,u,4,94,0,43376,0,805722,9,0.0,0.0,Toney,,,,False,p144485,0,0,0,0,0,0,0,0,0,0,0,0,0,0.0,0.0,0.0,0.0,0,0.00,0.00,0.00,0.00,0,0,0,0,0,0,0,801,87,801,87,801,87,801,87,,,,,,,0.0,0.0,0.0,0.0,0.0,0.0,21,8,797,86,800,87,196,29,0.0,0.0
145,True,True,,,507433,0,0,-1,1,0,1,0.0,0.5,0,Hákon,0.0,109,False,,,39,507433.jpg,1.0,False,Valdimarsson,3.1,False,,a,4,94,2,476555,30,545223,886,0.0,0.5,Valdimarsson,99.0,2024-01-26,2001-10-13,False,p507433,144,0,0,0,2,0,0,0,0,0,3,0,14,21.4,0.1,0.0,2.1,1,0.00,0.00,0.00,1.49,0,0,0,0,0,0,0,476,40,518,22,519,21,504,40,,,,,,,0.0,1.88,0.0,0.0,0.93,1.25,765,80,450,43,449,40,110,17,0.62,0.0
146,True,True,100.0,100.0,216646,0,0,8,-8,5,4,7.0,7.5,1,Yoane,7.0,110,False,,2024-11-13T14:30:07.614563Z,68,216646.jpg,5.3,False,Wissa,21.9,False,,a,4,94,174,5769656,16340,3714760,7506,1.0,25.6,Wissa,50.0,2021-08-10,1996-09-03,False,p216646,2741,17,5,9,41,0,0,0,3,0,0,30,701,795.4,358.2,1088.0,223.5,32,17.06,2.00,19.05,43.01,0,0,0,0,0,0,0,25,5,108,8,6,4,13,4,,,,,4.0,,0.56,0.0,0.07,0.63,1.41,1.35,35,18,9,1,10,5,13,5,1.05,0.3
147,True,True,,,508395,0,0,-2,2,0,3,1.6,2.1,2,Yehor,1.6,111,False,,,43,508395.jpg,1.3,False,Yarmoliuk,2.2,False,,a,4,94,39,588973,516,655057,415,0.4,9.1,Yarmoliuk,225.0,2022-10-28,2004-03-01,False,p508395,1271,0,0,3,21,0,0,0,6,0,0,0,231,227.4,186.9,89.0,50.3,13,0.62,0.74,1.36,24.38,0,0,0,0,0,0,0,274,126,209,139,276,154,282,145,,,,,,,0.04,0.0,0.05,0.09,1.73,1.49,592,344,223,95,414,193,132,45,0.92,0.21
148,True,False,0.0,0.0,48760,0,0,0,0,0,2,0.0,0.0,0,Mathias,0.0,112,False,Joined Anderlecht,2024-08-16T11:51:35.999618Z,45,48760.jpg,0.0,False,Jorgensen,0.0,False,,u,4,94,0,0,0,4143,0,0.0,0.0,Zanka,,,,False,p48760,0,0,0,0,0,0,0,0,0,0,0,0,0,0.0,0.0,0.0,0.0,0,0.00,0.00,0.00,0.00,0,0,0,0,0,0,0,682,257,677,256,655,254,682,257,,,,,,,0.0,0.0,0.0,0.0,0.0,0.0,362,53,607,241,687,256,710,242,0.0,0.0
149,True,True,0.0,0.0,244858,0,0,-5,5,0,3,0.0,0.0,0,Fábio,0.0,314,False,Shoulder injury - Expected back 25 May,2025-03-08T21:00:09.439679Z,45,244858.jpg,1.8,False,Freitas Gouveia Carvalho,0.4,False,,i,4,94,35,186955,0,292749,22,0.0,7.8,Carvalho,173.0,2024-08-12,2002-08-30,False,p244858,443,2,1,0,14,0,0,0,1,0,0,1,127,142.2,71.5,154.0,36.3,3,2.49,0.54,3.03,11.46,0,0,0,0,0,0,0,348,158,324,188,204,123,321,162,4.0,,,,,,0.51,0.0,0.11,0.62,2.33,2.84,384,237,621,222,325,148,291,90,0.61,0.0
150,True,True,100.0,100.0,444765,0,0,1,-1,1,2,3.2,3.7,6,Sepp,3.2,338,False,,2025-02-15T18:30:08.884546Z,41,444765.jpg,2.1,False,van den Berg,1.5,False,,a,4,94,60,664905,511,568541,181,0.8,14.6,Van den Berg,152.0,2024-08-22,2001-12-20,False,p444765,2404,0,1,5,45,0,0,0,2,0,0,1,249,553.0,97.2,197.0,84.8,27,1.95,0.52,2.47,42.50,0,0,0,0,0,0,0,102,39,290,85,164,28,170,50,,,,,,,0.07,0.0,0.02,0.09,1.59,1.68,631,162,93,24,264,86,161,62,1.01,0.19
151,True,False,0.0,0.0,591357,0,0,-1,1,0,3,0.0,0.0,0,Ryan,0.0,602,False,Loaned to Exeter City,2025-02-03T18:30:41.509945Z,44,591357.jpg,1.0,False,Trevitt,0.0,False,,u,4,94,1,9155,0,10353,1,0.0,0.2,Trevitt,241.0,2024-01-08,,False,p591357,3,0,0,0,0,0,0,0,0,0,0,0,5,2.6,0.1,0.0,0.3,0,0.00,0.00,0.00,0.00,0,0,0,0,0,0,0,532,246,520,252,653,256,536,248,,,,,,,0.0,0.0,0.0,0.0,0.0,0.0,551,333,604,216,480,218,556,210,0.0,0.0
152,True,True,100.0,100.0,626464,0,0,-1,1,0,3,0.6,1.1,0,Gustavo,0.6,634,False,,2025-04-01T21:30:08.523570Z,49,626464.jpg,1.0,False,Nunes Fernandes Gomes,0.0,False,,a,4,94,3,563,1,556,0,0.1,0.6,G.Nunes,30.0,2024-08-28,2005-11-20,False,p626464,11,0,0,0,2,0,0,0,0,0,0,0,11,10.0,0.3,2.0,1.2,0,0.00,0.00,0.00,0.35,0,0,0,0,0,0,0,499,231,513,250,473,239,520,242,,,,,,,0.0,0.0,0.0,0.0,2.86,16.36,277,179,344,163,514,240,762,320,0.0,0.0
153,True,False,0.0,0.0,499717,0,0,0,0,0,2,0.0,0.0,0,Jayden,0.0,649,False,Loaned to Preston North End,2025-01-17T12:25:36.920912Z,40,499717.jpg,1.0,False,Meghoma,0.0,False,,u,4,94,1,5922,0,6216,4,0.0,0.2,Meghoma,241.0,2024-08-30,,False,p499717,4,0,0,0,0,0,0,0,0,0,0,0,3,0.2,0.3,0.0,0.1,0,0.00,0.00,0.00,0.14,0,0,0,0,0,0,0,543,192,506,186,563,203,542,191,,,,,,,0.0,0.0,0.0,0.0,3.15,0.0,678,189,498,173,458,160,596,206,0.0,0.0
154,True,False,0.0,0.0,592662,0,0,0,0,0,3,0.0,0.0,0,Tony,0.0,661,False,Loaned to Exeter City,2025-01-24T10:48:13.441165Z,45,592662.jpg,0.0,False,Yogane,0.0,False,,u,4,94,0,2806,0,2639,0,0.0,0.0,Yogane,241.0,2024-07-19,,False,p592662,0,0,0,0,0,0,0,0,0,0,0,0,0,0.0,0.0,0.0,0.0,0,0.00,0.00,0.00,0.00,0,0,0,0,0,0,0,757,319,754,319,737,312,757,319,,,,,,,0.0,0.0,0.0,0.0,0.0,0.0,474,301,694,279,760,320,715,296,0.0,0.0
155,True,True,,,220695,0,0,0,0,0,3,0.0,0.5,0,Paris,0.0,674,False,,,45,220695.jpg,1.0,False,Maghoma,0.0,False,,a,4,94,8,2011,5,1477,1,0.0,1.8,Maghoma,241.0,2020-08-01,2001-05-08,False,p220695,112,0,0,0,1,0,0,0,0,0,0,0,32,27.8,15.8,10.0,5.4,0,0.12,0.04,0.16,1.89,0,0,0,0,0,0,0,461,212,432,224,428,220,469,222,,,,,,,0.1,0.0,0.03,0.13,1.52,0.8,380,235,618,220,482,220,711,292,0.0,0.0
156,True,True,,,622536,0,0,0,0,0,2,0.0,0.5,0,Benjamin,0.0,705,False,,,40,622536.jpg,0.0,False,Arthur,0.0,False,,a,4,94,0,3703,5,2138,11,0.0,0.0,Arthur,241.0,2024-03-08,2005-10-09,False,p622536,0,0,0,0,0,0,0,0,0,0,0,0,0,0.0,0.0,0.0,0.0,0,0.00,0.00,0.00,0.00,0,0,0,0,0,0,0,653,247,641,246,605,239,653,247,,,,,,,0.0,0.0,0.0,0.0,0.0,0.0,728,233,543,212,661,247,620,215,0.0,0.0
157,True,True,,,100042830,0,0,0,0,0,5,11.6,12.1,9,Thomas,11.6,752,False,,,8,100042830.jpg,0.0,False,Frank,18.1,False,,a,4,94,110,47651,275,31050,269,14.5,137.5,Frank,58.0,2018-10-16,1973-10-09,False,man42831,0,0,0,0,0,0,0,0,0,0,0,0,0,0.0,0.0,0.0,0.0,0,0.00,0.00,0.00,0.00,8,3,3,1,2,5,23,553,8,530,8,484,8,553,8,,,,,,,0.0,0.0,0.0,0.0,0.0,0.0,794,13,1,1,563,8,250,2,0.0,0.0
158,True,True,100.0,100.0,607464,0,0,0,0,0,2,3.6,4.1,5,Michael,3.6,757,False,,2025-03-08T21:00:10.112370Z,45,607464.jpg,2.3,False,Kayode,0.1,False,,a,4,94,23,16469,322,1443,84,0.8,5.1,Kayode,106.0,2025-01-24,2004-07-10,False,p607464,376,0,1,2,3,0,0,0,2,0,0,0,103,85.6,77.4,28.0,19.3,4,0.19,0.66,0.85,4.82,0,0,0,0,0,0,0,396,140,317,99,376,128,390,132,,,,,,,0.05,0.0,0.16,0.21,1.15,0.72,484,78,78,18,239,73,416,149,0.96,0.48
159,True,True,,,535017,0,0,0,0,0,1,0.0,0.5,0,Julian,0.0,759,False,,,40,535017.jpg,0.0,False,Eyestone,0.0,False,,a,4,94,0,779,0,403,3,0.0,0.0,Eyestone,229.0,2024-08-08,2006-04-21,False,p535017,0,0,0,0,0,0,0,0,0,0,0,0,0,0.0,0.0,0.0,0.0,0,0.00,0.00,0.00,0.00,0,0,0,0,0,0,0,623,72,611,61,574,42,623,72,,,,,,,0.0,0.0,0.0,0.0,0.0,0.0,691,58,509,63,631,72,736,78,0.0,0.0
160,True,True,,,533710,0,0,0,0,0,4,0.0,0.5,0,Iwan,0.0,780,False,,,45,533710.jpg,0.0,False,Morgan,0.0,False,,a,4,94,0,3930,23,1838,12,0.0,0.0,Morgan,244.0,2024-07-19,2006-01-29,False,p533710,0,0,0,0,0,0,0,0,0,0,0,0,0,0.0,0.0,0.0,0.0,0,0.00,0.00,0.00,0.00,0,0,0,0,0,0,0,733,65,729,64,713,65,733,65,,,,,,,0.0,0.0,0.0,0.0,0.0,0.0,445,72,668,55,737,69,632,79,0.0,0.0
161,True,True,,,612534,0,0,0,0,0,2,0.0,0.5,0,Benjamin,0.0,786,False,,,40,612534.jpg,0.0,False,Fredrick,0.0,False,,a,4,94,0,336,4,164,2,0.0,0.0,Benjamin Fredrick,157.0,2024-01-05,2005-05-28,False,p612534,0,0,0,0,0,0,0,0,0,0,0,0,0,0.0,0.0,0.0,0.0,0,0.00,0.00,0.00,0.00,0,0,0,0,0,0,0,647,243,635,242,599,235,647,243,,,,,,,0.0,0.0,0.0,0.0,0.0,0.0,722,229,537,208,655,243,755,257,0.0,0.0
162,True,True,100.0,100.0,535818,0,0,-4,4,0,3,2.0,3.0,4,Simon,3.0,113,False,,2024-09-29T22:30:06.392264Z,51,535818.jpg,2.1,False,Adingra,0.3,False,,a,5,36,57,120409,27,157959,34,0.6,11.2,Adingra,54.0,2022-06-24,2002-01-01,False,p535818,972,2,3,2,20,0,0,0,0,0,0,0,196,204.6,229.7,287.0,72.2,10,2.22,2.32,4.54,15.62,0,0,0,0,0,0,0,290,134,175,120,109,71,208,105,,,,,,,0.21,0.0,0.21,0.42,1.45,1.85,192,116,118,49,279,119,316,96,0.93,0.19
163,True,False,0.0,0.0,475480,0,0,0,0,0,3,0.0,0.0,0,Benicio,0.0,114,False,Loaned to Port Vale,2024-08-10T12:17:28.055765Z,45,475480.jpg,0.0,False,Baker-Boaitey,0.0,False,,u,5,36,0,0,0,541,0,0.0,0.0,Baker-Boaitey,,,,False,p475480,0,0,0,0,0,0,0,0,0,0,0,0,0,0.0,0.0,0.0,0.0,0,0.00,0.00,0.00,0.00,0,0,0,0,0,0,0,707,281,704,281,685,273,707,281,,,,,,,0.0,0.0,0.0,0.0,0.0,0.0,405,252,636,236,712,282,781,333,0.0,0.0
164,True,True,100.0,100.0,535301,0,0,0,0,2,3,2.8,3.8,3,Carlos,3.8,115,False,,2025-02-01T22:30:07.945590Z,50,535301.jpg,2.6,False,Baleba,0.2,False,,a,5,36,83,69670,79,61923,69,0.8,16.6,Baleba,38.0,2023-08-29,2004-01-03,False,p535301,2480,3,1,8,37,0,0,0,6,1,0,7,460,487.2,324.3,187.0,99.9,29,3.03,1.16,4.19,35.35,0,0,0,0,0,0,0,136,51,117,82,178,111,138,82,,,,,,,0.11,0.0,0.04,0.15,1.28,1.34,231,147,67,28,196,82,388,130,1.05,0.29
165,True,False,0.0,0.0,543158,0,0,0,0,0,2,0.0,0.0,0,Valentín,0.0,116,False,Loaned to Sevilla,2024-08-23T23:00:06.122778Z,40,543158.jpg,0.0,False,Barco,1.9,False,,u,5,36,0,34254,0,2010469,65,0.0,0.0,Barco,,,,False,p543158,0,0,0,0,0,0,0,0,0,0,0,0,0,0.0,0.0,0.0,0.0,0,0.00,0.00,0.00,0.00,0,0,0,0,0,0,0,627,225,615,224,578,216,627,225,,,,,,,0.0,0.0,0.0,0.0,0.0,0.0,696,205,513,186,635,225,144,55,0.0,0.0
166,True,False,0.0,0.0,519324,0,0,0,0,0,3,0.0,0.0,0,Amario,0.0,118,False,Loaned to Blackburn Rovers,2024-08-31T06:29:40.845798Z,45,519324.jpg,0.0,False,Cozier-Duberry,0.0,False,,u,5,36,0,1560,0,13769,0,0.0,0.0,Cozier-Duberry,,,,False,p519324,0,0,0,0,0,0,0,0,0,0,0,0,0,0.0,0.0,0.0,0.0,0,0.00,0.00,0.00,0.00,0,0,0,0,0,0,0,726,297,722,297,704,289,726,297,,,,,,,0.0,0.0,0.0,0.0,0.0,0.0,435,275,660,255,730,298,645,258,0.0,0.0
167,True,False,0.0,0.0,168090,0,0,-1,1,0,3,0.0,0.0,0,Mahmoud,0.0,119,False,Transferred to Eintracht Frankfurt,2024-08-31T06:30:37.645175Z,49,168090.jpg,0.0,False,Dahoud,0.0,False,,u,5,36,0,380,0,2992,0,0.0,0.0,Dahoud,,,,False,p168090,0,0,0,0,0,0,0,0,0,0,0,0,0,0.0,0.0,0.0,0.0,0,0.00,0.00,0.00,0.00,0,0,0,0,0,0,0,771,328,770,329,759,326,771,328,,,,,,,0.0,0.0,0.0,0.0,0.0,0.0,247,157,732,305,772,329,712,293,0.0,0.0
168,True,True,100.0,100.0,83299,0,0,-3,3,0,2,-0.4,0.6,0,Lewis,0.6,120,False,,2025-02-10T09:30:07.007419Z,42,83299.jpg,1.8,False,Dunk,2.4,False,,a,5,36,44,763388,39,1011379,214,0.1,10.5,Dunk,241.0,2009-07-01,1991-11-21,False,p83299,2081,0,1,4,42,1,0,0,5,0,0,0,223,425.4,115.7,128.0,66.9,23,0.81,1.02,1.83,35.69,0,0,0,0,0,0,0,162,60,267,73,232,62,227,72,,,4.0,,,,0.04,0.0,0.04,0.08,1.54,1.82,603,139,327,100,319,102,128,47,0.99,0.17
169,True,True,100.0,100.0,204214,0,0,-1,1,1,2,0.8,1.8,7,Pervis,1.8,122,False,,2025-01-26T12:00:08.902967Z,49,204214.jpg,2.1,False,Estupiñán,1.3,False,,a,5,36,62,511536,510,418230,458,0.4,12.7,Estupiñan,62.0,2022-07-16,1998-01-21,False,p204214,2309,1,1,3,42,0,0,0,5,0,0,7,299,467.4,505.7,149.0,112.3,25,0.98,2.24,3.22,37.61,0,0,0,0,0,0,0,143,54,67,12,207,46,112,25,2.0,,2.0,,,,0.04,0.0,0.09,0.13,1.47,1.64,256,30,199,59,276,91,178,67,0.97,0.12
170,True,False,0.0,0.0,243568,0,0,0,0,0,3,0.0,0.0,0,Billy,0.0,124,False,Transferred to Napoli,2024-08-31T06:42:09.507349Z,50,243568.jpg,1.5,False,Gilmour,0.0,False,,u,5,36,3,2640,0,16634,1,0.0,0.6,Gilmour,,,,False,p243568,97,0,0,0,1,0,0,0,0,0,0,0,21,11.4,11.9,2.0,2.5,1,0.08,0.04,0.12,1.32,0,0,0,0,0,0,0,496,229,445,229,474,240,498,233,,,,,,,0.07,0.0,0.04,0.11,1.22,0.93,213,133,748,319,384,183,601,234,0.93,0.0
171,True,False,0.0,0.0,60307,0,0,0,0,0,3,0.0,0.0,0,Pascal,0.0,125,False,Permanent transfer to Borussia Dortmund,2024-08-02T13:11:40.837259Z,65,60307.jpg,0.0,False,Groß,0.0,False,,u,5,36,0,0,0,8279,1,0.0,0.0,Gross,,,,False,p60307,0,0,0,0,0,0,0,0,0,0,0,0,0,0.0,0.0,0.0,0.0,0,0.00,0.00,0.00,0.00,0,0,0,0,0,0,0,798,345,798,345,798,345,798,345,,,,,,,0.0,0.0,0.0,0.0,0.0,0.0,41,20,793,345,797,345,649,262,0.0,0.0
172,True,True,100.0,100.0,532529,0,0,-1,1,1,3,2.0,3.0,1,Jack,3.0,126,False,,2024-11-10T01:30:07.476316Z,49,532529.jpg,2.8,False,Hinshelwood,0.1,False,,a,5,36,68,28140,3,27890,18,0.6,13.9,Hinshelwood,241.0,2022-12-30,2005-04-11,False,p532529,1743,2,3,6,29,0,0,0,5,0,0,5,318,285.8,241.8,164.0,69.5,21,1.45,1.47,2.92,28.14,0,0,0,0,0,0,0,236,104,168,115,198,122,218,111,,,,,,,0.07,0.0,0.08,0.15,1.45,1.5,274,178,115,46,169,72,516,189,1.08,0.31
173,True,False,0.0,0.0,612855,0,0,0,0,0,3,0.0,0.0,0,Ibrahim,0.0,127,False,Loaned to Feyenoord,2024-08-16T11:54:28.483822Z,50,612855.jpg,0.0,False,Osman,0.0,False,,u,5,36,0,0,0,1155,0,0.0,0.0,I.Osman,,,,False,p612855,0,0,0,0,0,0,0,0,0,0,0,0,0,0.0,0.0,0.0,0.0,0,0.00,0.00,0.00,0.00,0,0,0,0,0,0,0,788,339,787,339,781,338,788,339,,,,,,,0.0,0.0,0.0,0.0,0.0,0.0,236,150,761,327,787,339,765,323,0.0,0.0
174,True,True,100.0,100.0,223434,0,0,-2,2,0,2,-1.0,0.0,0,Igor Julio,0.0,128,False,,2025-01-04T22:00:07.109334Z,43,223434.jpg,1.4,False,dos Santos de Paulo,0.1,False,,a,5,36,17,13516,3,21020,5,0.0,4.0,Igor,30.0,2023-07-26,1998-02-07,False,p223434,900,0,0,1,16,0,0,0,4,0,0,0,103,182.2,40.5,4.0,22.7,9,0.05,0.23,0.28,15.26,0,0,0,0,0,0,0,308,116,376,129,455,166,379,129,,,,,,,0.0,0.0,0.02,0.02,1.53,1.6,575,122,567,226,397,135,501,177,0.9,0.1
175,True,True,100.0,0.0,475168,0,0,0,0,5,4,1.4,0.0,0,João Pedro,2.4,129,False,,2025-04-19T20:30:07.451496Z,55,475168.jpg,4.7,False,Junqueira de Jesus,8.8,False,,a,5,36,126,5835959,523,6808510,2615,0.4,22.9,João Pedro,30.0,2023-06-14,2001-09-26,False,p475168,1946,10,6,6,28,0,0,0,4,1,0,26,516,567.0,456.0,644.0,166.0,23,8.96,3.10,12.06,25.51,0,0,0,0,0,0,0,91,9,78,4,39,16,56,11,,,,,1.0,,0.41,0.0,0.14,0.55,1.18,1.29,120,32,149,17,18,7,44,9,1.06,0.28
176,True,False,0.0,0.0,484658,0,0,0,0,0,3,0.0,0.0,0,Kacper,0.0,130,False,Permanent transfer to Gaziantep FK,2024-07-22T09:03:00.342050Z,45,484658.jpg,0.0,False,Kozłowski,0.0,False,,u,5,36,0,0,0,97,0,0.0,0.0,Kozlowski,,,,False,p484658,0,0,0,0,0,0,0,0,0,0,0,0,0,0.0,0.0,0.0,0.0,0,0.00,0.00,0.00,0.00,0,0,0,0,0,0,0,709,282,706,282,687,274,709,282,,,,,,,0.0,0.0,0.0,0.0,0.0,0.0,407,253,638,237,714,283,800,345,0.0,0.0
177,True,True,100.0,100.0,232792,0,0,-1,1,1,2,-0.6,0.4,1,Tariq,0.4,131,False,,2025-03-28T18:30:08.567053Z,44,232792.jpg,2.8,False,Lamptey,0.2,False,,a,5,36,42,89443,14,95578,29,0.1,9.5,Lamptey,81.0,2020-01-31,2000-09-30,False,p232792,856,2,2,2,21,0,0,0,0,0,0,1,99,213.6,101.0,52.0,36.8,10,0.38,0.79,1.17,15.36,0,0,0,0,0,0,0,285,104,287,84,321,105,318,102,,,,,,,0.04,0.0,0.08,0.12,1.61,2.21,520,99,366,113,164,47,348,132,1.05,0.21
178,True,True,0.0,0.0,109345,0,0,0,0,0,3,0.0,0.0,0,Solly,0.8,132,False,Knee injury - Expected back 01 Jun,2025-05-05T07:30:07.917767Z,65,109345.jpg,0.9,False,March,0.0,False,,i,5,36,7,10594,10,8796,74,0.1,1.1,March,241.0,2012-07-01,1994-07-20,False,p109345,161,0,0,0,3,0,0,0,2,0,0,0,25,24.0,59.6,18.0,10.1,1,0.09,0.32,0.41,2.82,0,0,0,0,0,0,0,466,215,341,195,402,212,433,205,,,,,,,0.05,0.0,0.18,0.23,1.58,1.68,42,21,320,152,531,250,578,222,0.56,0.0
179,True,False,0.0,0.0,550141,0,0,0,0,0,3,0.0,0.0,0,Adrian,0.0,133,False,Has joined Vitesse Arnhem on loan for the rest of the season,2024-08-29T11:08:43.963582Z,45,550141.jpg,0.0,False,Mazilu,0.0,False,,u,5,36,0,720,0,4134,0,0.0,0.0,Mazilu,,,,False,p550141,0,0,0,0,0,0,0,0,0,0,0,0,0,0.0,0.0,0.0,0.0,0,0.00,0.00,0.00,0.00,0,0,0,0,0,0,0,741,309,737,309,721,302,741,309,,,,,,,0.0,0.0,0.0,0.0,0.0,0.0,454,289,676,268,745,310,708,290,0.0,0.0
180,True,True,0.0,0.0,15157,0,0,0,0,0,3,0.0,0.0,0,James,0.0,134,False,Hamstring injury - Expected back 25 May,2024-08-31T21:00:04.655035Z,50,15157.jpg,1.7,False,Milner,0.0,False,,i,5,36,5,4933,1,10947,1,0.0,1.0,Milner,241.0,2023-07-01,1986-01-04,False,p15157,169,0,0,1,1,0,0,0,1,0,0,0,24,28.6,66.3,12.0,10.7,3,0.16,0.15,0.31,1.98,0,0,0,0,0,0,0,459,211,333,190,422,219,429,204,,,,,,,0.09,0.0,0.08,0.17,1.05,0.53,193,117,742,313,348,162,584,226,1.6,0.53
181,True,True,100.0,100.0,592031,0,0,-7,7,2,3,2.4,3.4,3,Yankuba,3.4,135,False,,2025-01-12T22:30:08.694313Z,48,592031.jpg,3.3,False,Minteh,1.1,False,,a,5,36,98,537888,172,560658,672,0.7,20.4,Minteh,78.0,2024-07-01,2004-07-22,False,p592031,1658,6,5,4,30,0,0,0,6,0,0,8,382,509.4,409.9,545.0,146.8,18,3.99,4.61,8.60,24.22,0,0,0,0,0,0,0,126,46,87,67,50,30,67,47,5.0,,,,,,0.22,0.0,0.25,0.47,1.31,1.63,319,205,91,38,115,53,200,65,0.98,0.22
182,True,True,100.0,100.0,451340,0,0,-1,1,1,3,1.6,2.6,1,Mitoma,2.6,136,False,,2025-05-05T07:30:07.950361Z,64,451340.jpg,4.0,False,Kaoru,6.5,False,,a,5,36,135,3120744,620,2859351,3926,0.4,21.1,Mitoma,108.0,2021-08-09,1997-05-20,False,p451340,2527,9,4,6,40,0,0,0,1,0,0,12,497,611.4,545.1,812.0,197.1,28,8.79,3.72,12.51,36.19,0,0,0,0,0,0,0,71,23,61,49,19,10,23,18,,,,,,,0.31,0.0,0.13,0.44,1.29,1.42,50,26,142,61,46,24,57,19,1.0,0.21
183,True,False,0.0,0.0,243505,0,0,-1,1,0,3,0.0,0.0,0,Jakub,0.0,137,False,Loaned to Feyenoord,2025-01-22T10:15:11.772489Z,44,243505.jpg,1.0,False,Moder,0.4,False,,u,5,36,4,173459,0,177373,23,0.0,0.9,Moder,172.0,2020-10-05,,False,p243505,9,0,0,0,0,0,0,0,0,0,0,0,17,15.8,36.0,2.0,5.4,0,0.00,0.53,0.53,0.26,0,0,0,0,0,0,0,485,224,383,206,469,236,468,221,,,,,,,0.0,0.0,5.3,5.3,2.6,0.0,523,316,589,205,474,213,279,84,0.0,0.0
184,True,False,0.0,0.0,574402,0,0,0,0,0,4,0.0,0.0,0,Mark,0.0,138,False,Season long to Portsmouth,2024-08-30T10:16:16.061223Z,45,574402.jpg,0.0,False,O’Mahony,0.2,False,,u,5,36,0,31158,0,74096,7,0.0,0.0,O’Mahony,,,,False,p574402,0,0,0,0,0,0,0,0,0,0,0,0,0,0.0,0.0,0.0,0.0,0,0.00,0.00,0.00,0.00,0,0,0,0,0,0,0,749,68,746,68,729,68,749,68,,,,,,,0.0,0.0,0.0,0.0,0.0,0.0,465,76,685,59,752,71,376,58,0.0,0.0
185,True,False,0.0,0.0,445548,0,0,0,0,0,2,0.0,0.0,0,Odeluga,0.0,139,False,Loaned to Blackpool,2024-08-31T06:26:46.238644Z,40,445548.jpg,0.0,False,Offiah,0.1,False,,u,5,36,0,2639,0,13804,1,0.0,0.0,Offiah,,,,False,p445548,0,0,0,0,0,0,0,0,0,0,0,0,0,0.0,0.0,0.0,0.0,0,0.00,0.00,0.00,0.00,0,0,0,0,0,0,0,601,207,588,205,549,195,601,207,,,,,,,0.0,0.0,0.0,0.0,0.0,0.0,662,179,483,164,609,207,544,190,0.0,0.0
186,True,False,0.0,0.0,491598,0,0,-1,1,0,3,0.0,0.0,0,Cameron,0.0,140,False,Loaned to ADO Den Haag,2025-02-03T10:22:59.975748Z,44,491598.jpg,0.0,False,Peupion,0.0,False,,u,5,36,0,10268,0,12386,4,0.0,0.0,Peupion,13.0,2022-08-23,,False,p491598,0,0,0,0,0,0,0,0,0,0,0,0,0,0.0,0.0,0.0,0.0,0,0.00,0.00,0.00,0.00,0,0,0,0,0,0,0,672,257,668,258,644,248,672,257,,,,,,,0.0,0.0,0.0,0.0,0.0,0.0,534,318,594,207,679,260,552,208,0.0,0.0
187,True,False,0.0,0.0,441192,0,0,-1,1,0,3,0.0,0.0,0,Jeremy,0.0,141,False,Loaned to Burnley,2024-08-31T06:27:42.007071Z,49,441192.jpg,1.0,False,Sarmiento Morante,0.0,False,,u,5,36,1,354,0,2971,0,0.0,0.2,Sarmiento,,,,False,p441192,8,0,0,0,0,0,0,0,0,0,0,0,3,0.2,0.8,0.0,0.1,0,0.00,0.00,0.00,0.00,0,0,0,0,0,0,0,545,252,496,244,764,329,545,252,,,,,,,0.0,0.0,0.0,0.0,0.0,0.0,264,170,737,309,513,239,718,299,0.0,0.0
188,True,True,100.0,100.0,49262,0,0,-5,5,0,1,-1.0,0.0,0,Jason,0.0,142,False,,2025-01-24T16:00:08.785970Z,40,49262.jpg,4.5,False,Steele,0.7,False,,a,5,36,9,299928,18,350126,37,0.0,2.2,Steele,241.0,2018-07-01,1990-08-18,False,p49262,180,0,0,1,1,0,0,0,0,0,3,1,46,40.4,0.0,0.0,4.1,2,0.00,0.00,0.00,1.88,0,0,0,0,0,0,0,440,37,568,44,529,25,482,37,,,,,,,0.0,1.5,0.0,0.0,0.94,0.5,636,41,461,47,22,3,243,31,1.0,0.5
189,True,False,0.0,0.0,450434,0,0,0,0,0,4,0.0,0.0,0,Deniz,0.0,143,False,Transferred to Stuttgart,2024-08-10T12:18:55.962223Z,55,450434.jpg,0.0,False,Undav,0.0,False,,u,5,36,0,0,0,1477,0,0.0,0.0,Undav,,,,False,p450434,0,0,0,0,0,0,0,0,0,0,0,0,0,0.0,0.0,0.0,0.0,0,0.00,0.00,0.00,0.00,0,0,0,0,0,0,0,794,84,794,84,793,84,794,84,,,,,,,0.0,0.0,0.0,0.0,0.0,0.0,119,31,779,81,793,84,756,87,0.0,0.0
190,True,True,100.0,100.0,469142,0,0,0,0,2,2,0.6,1.6,7,Jan Paul,1.6,144,False,,2025-04-19T21:00:07.484058Z,45,469142.jpg,2.6,False,van Hecke,0.8,False,,a,5,36,84,318242,122,289161,179,0.4,18.7,Van Hecke,152.0,2020-09-10,2000-06-08,False,p469142,2780,1,1,7,44,0,0,0,6,1,0,7,387,691.8,232.3,172.0,109.8,31,1.24,1.34,2.58,40.48,0,0,0,0,0,0,0,49,19,174,37,194,39,116,27,,,,,,,0.04,0.0,0.04,0.08,1.31,1.42,404,68,227,72,190,58,235,92,1.0,0.23
191,True,True,100.0,100.0,111478,0,0,-2,2,1,2,-0.8,0.2,0,Joël,0.2,145,False,,2025-02-22T21:30:09.237196Z,43,111478.jpg,3.0,False,Veltman,1.1,False,,a,5,36,59,645670,17,666165,57,0.0,13.7,Veltman,152.0,2020-07-29,1992-01-15,False,p111478,1663,0,0,6,24,0,0,0,4,0,0,7,245,269.2,143.9,59.0,47.4,19,0.47,1.29,1.76,24.83,0,0,0,0,0,0,0,251,94,243,64,306,95,289,88,,,,,,,0.03,0.0,0.07,0.1,1.34,1.3,563,112,396,129,138,36,194,76,1.03,0.32
192,True,True,100.0,100.0,489639,0,0,1,-1,1,1,2.0,3.0,8,Bart,3.0,146,False,,2024-08-12T14:30:04.523944Z,46,489639.jpg,2.9,False,Verbruggen,2.6,False,,a,5,36,99,801665,192,603883,819,0.7,21.5,Verbruggen,152.0,2023-07-03,2002-08-18,False,p489639,3060,0,1,7,55,0,0,0,5,0,87,6,354,813.2,10.0,0.0,82.3,34,0.00,0.01,0.01,48.91,0,0,0,0,0,0,0,21,7,459,17,750,71,180,8,,,,,,,0.0,2.56,0.0,0.0,1.44,1.62,358,14,109,12,153,24,118,19,1.0,0.21
193,True,True,100.0,100.0,110735,0,0,-2,2,0,2,0.6,1.6,8,Adam,1.6,147,False,,2025-03-30T02:00:08.587962Z,43,110735.jpg,2.8,False,Webster,0.1,False,,a,5,36,34,14782,26,20498,5,0.4,7.9,Webster,241.0,2019-08-03,1995-01-04,False,p110735,705,0,0,4,8,0,0,0,0,0,0,2,150,172.2,42.0,31.0,24.4,9,0.02,0.22,0.24,10.07,0,0,0,0,0,0,0,320,119,370,126,361,119,373,125,,,,,,,0.0,0.0,0.03,0.03,1.29,1.02,562,111,219,67,161,44,488,169,1.15,0.51
194,True,True,100.0,100.0,50175,0,0,0,0,2,4,2.8,3.8,9,Danny,3.8,148,False,,2025-02-22T21:30:09.255845Z,55,50175.jpg,4.1,False,Welbeck,6.2,False,,a,5,36,120,4118731,1849,3872089,1302,0.7,21.8,Welbeck,241.0,2020-10-18,1990-11-26,False,p50175,2026,10,4,7,35,0,0,0,5,0,0,21,463,528.2,296.8,614.0,144.0,23,8.92,1.28,10.20,35.16,0,0,0,0,0,0,0,117,13,135,13,43,17,72,15,,,1.0,,3.0,,0.4,0.0,0.06,0.46,1.56,1.55,106,28,70,7,39,12,59,11,1.02,0.31
195,True,True,100.0,100.0,467779,0,0,-3,3,0,3,2.2,3.2,5,Mats,3.2,149,False,,2025-03-30T02:00:08.604802Z,47,467779.jpg,2.1,False,Wieffer,0.1,False,,a,5,36,48,17034,39,22094,4,0.7,10.2,Wieffer,152.0,2024-07-06,1999-11-16,False,p467779,823,1,5,2,19,0,0,0,6,0,0,4,208,286.8,190.1,111.0,58.5,8,0.78,0.80,1.58,14.70,0,0,0,0,0,0,0,235,103,207,138,256,144,257,133,,,,,,,0.09,0.0,0.09,0.18,1.61,2.08,334,216,97,39,270,114,542,203,0.87,0.22
196,True,True,100.0,100.0,513433,0,0,-1,1,0,3,2.0,3.0,6,Brajan,3.0,595,False,,2025-01-24T00:00:10.185786Z,54,513433.jpg,1.9,False,Gruda,0.0,False,,a,5,36,37,2750,36,5047,6,0.6,6.9,Gruda,80.0,2024-08-14,2004-05-31,False,p513433,529,1,3,1,12,0,0,0,0,0,0,0,133,158.4,198.8,134.0,48.7,6,0.89,1.12,2.01,8.68,0,0,0,0,0,0,0,331,150,202,133,226,128,286,148,,,,,,,0.15,0.0,0.19,0.34,1.48,2.04,138,87,122,52,314,142,618,244,1.02,0.17
197,True,True,100.0,100.0,509416,0,0,0,0,0,3,1.8,2.8,3,Yasin,2.8,600,False,,2025-02-01T22:30:08.709133Z,50,509416.jpg,2.0,False,Ayari,0.0,False,,a,5,36,64,7063,10,6829,13,0.6,12.8,Ayari,206.0,2023-01-30,2003-10-06,False,p509416,1840,1,1,7,25,0,0,0,4,0,0,1,321,321.4,465.9,235.0,102.1,20,2.33,2.31,4.64,26.65,0,0,0,0,0,0,0,214,96,75,58,140,89,132,79,3.0,,,,,,0.11,0.0,0.11,0.22,1.3,1.22,229,145,130,58,295,133,588,228,0.98,0.34
198,True,False,0.0,0.0,513834,0,0,0,0,0,3,0.0,0.0,0,Andrew,0.0,601,False,Loaned to Stoke City,2024-08-20T12:19:09.002604Z,50,513834.jpg,0.0,False,Moran,0.0,False,,u,5,36,0,24,0,534,0,0.0,0.0,Moran,,,,False,p513834,0,0,0,0,0,0,0,0,0,0,0,0,0,0.0,0.0,0.0,0.0,0,0.00,0.00,0.00,0.00,0,0,0,0,0,0,0,786,338,785,338,779,337,786,338,,,,,,,0.0,0.0,0.0,0.0,0.0,0.0,230,146,758,326,785,338,773,328,0.0,0.0
199,True,True,100.0,100.0,472739,0,0,-1,1,0,1,-1.0,0.0,0,Carl,0.0,615,False,,2024-08-31T06:28:38.039682Z,39,472739.jpg,0.0,False,Rushworth,0.1,False,,a,5,36,0,12476,6,10553,11,0.0,0.0,Rushworth,241.0,2023-07-01,2001-07-02,False,p472739,0,0,0,0,0,0,0,0,0,0,0,0,0,0.0,0.0,0.0,0.0,0,0.00,0.00,0.00,0.00,0,0,0,0,0,0,0,579,56,559,39,515,19,579,56,,,,,,,0.0,0.0,0.0,0.0,0.0,0.0,760,78,445,41,589,56,500,67,0.0,0.0
200,True,True,0.0,0.0,463067,0,0,-5,5,1,3,0.0,0.0,0,Georginio,0.0,618,False,Ankle injury - Expected back 25 May,2025-03-30T02:00:09.254489Z,50,463067.jpg,3.4,False,Rutter,0.3,False,,i,5,36,95,360296,4,340670,53,0.0,19.0,Georginio,73.0,2024-08-19,2002-04-20,False,p463067,1651,5,6,6,29,0,0,0,2,0,0,1,288,355.4,281.8,404.0,103.0,19,4.57,1.67,6.24,27.90,0,0,0,0,0,0,0,194,84,147,104,72,46,131,78,,,,,,,0.25,0.0,0.09,0.34,1.52,1.58,222,140,753,323,109,50,303,93,1.04,0.33
201,True,True,0.0,0.0,231416,0,0,-1,1,0,2,0.0,0.0,0,Ferdi,0.0,628,False,Toe Injury - Expected back 25 May,2024-11-10T01:30:09.967684Z,44,231416.jpg,3.2,False,Kadioglu,0.1,False,,i,5,36,19,74110,3,72390,5,0.0,4.3,F.Kadıoğlu,219.0,2024-08-27,1999-10-07,False,p231416,385,1,0,2,8,0,0,0,1,0,0,0,59,116.4,83.7,40.0,24.0,5,0.44,0.31,0.75,9.44,0,0,0,0,0,0,0,362,129,310,95,342,113,375,127,,,,,,,0.1,0.0,0.07,0.17,2.21,1.87,519,98,587,239,121,28,480,167,1.17,0.47
202,True,True,100.0,100.0,219249,0,0,0,0,0,3,1.4,2.4,1,Matt,2.4,629,False,,2025-03-07T12:00:09.447793Z,55,219249.jpg,2.1,False,O'Riley,0.0,False,,a,5,36,40,20233,16,17904,28,0.4,7.3,O'Riley,58.0,2024-08-26,2000-11-21,False,p219249,898,1,2,2,20,1,0,0,1,0,0,2,171,157.4,293.3,194.0,64.4,11,1.97,1.62,3.59,14.06,0,0,0,0,0,0,0,334,151,138,97,169,106,239,120,1.0,,,,,,0.2,0.0,0.16,0.36,1.41,2.0,114,71,148,64,282,122,548,206,1.1,0.2
203,True,False,0.0,0.0,447720,0,0,0,0,0,2,0.0,0.0,0,Imari,0.0,663,False,Loaned to Dundee,2025-01-17T12:29:48.647053Z,40,447720.jpg,0.0,False,Samuels,0.0,False,,u,5,36,0,5264,0,5249,1,0.0,0.0,Samuels,241.0,2023-05-17,,False,p447720,0,0,0,0,0,0,0,0,0,0,0,0,0,0.0,0.0,0.0,0.0,0,0.00,0.00,0.00,0.00,0,0,0,0,0,0,0,602,208,589,206,550,196,602,208,,,,,,,0.0,0.0,0.0,0.0,0.0,0.0,663,180,484,165,610,208,615,213,0.0,0.0
204,True,True,,,565858,0,0,-1,1,0,1,-1.0,0.0,0,Killian,0.0,668,False,,,39,565858.jpg,0.0,False,Cahill,0.9,False,,a,5,36,0,183424,4,97311,164,0.0,0.0,Cahill,104.0,2024-08-24,2003-11-03,False,p565858,0,0,0,0,0,0,0,0,0,0,0,0,0,0.0,0.0,0.0,0.0,0,0.00,0.00,0.00,0.00,0,0,0,0,0,0,0,584,58,564,41,523,22,584,58,,,,,,,0.0,0.0,0.0,0.0,0.0,0.0,770,81,455,44,594,58,219,28,0.0,0.0
205,True,False,0.0,0.0,539721,0,0,0,0,0,2,0.0,0.0,0,Ruairi,0.0,681,False,Loaned to Norwich City,2025-02-04T10:51:39.862174Z,40,539721.jpg,0.0,False,McConville,0.0,False,,u,5,36,0,1473,0,1580,1,0.0,0.0,McConville,242.0,2024-11-22,,False,p539721,0,0,0,0,0,0,0,0,0,0,0,0,0,0.0,0.0,0.0,0.0,0,0.00,0.00,0.00,0.00,0,0,0,0,0,0,0,625,223,613,222,576,214,625,223,,,,,,,0.0,0.0,0.0,0.0,0.0,0.0,694,203,511,184,633,223,701,240,0.0,0.0
206,True,True,,,589100,0,0,0,0,0,2,-1.0,0.0,0,Jacob,0.0,685,False,,,40,589100.jpg,0.0,False,Slater,0.0,False,,a,5,36,0,2915,6,2189,2,0.0,0.0,Slater,104.0,2024-11-28,2004-10-05,False,p589100,0,0,0,0,0,0,0,0,0,0,0,0,0,0.0,0.0,0.0,0.0,0,0.00,0.00,0.00,0.00,0,0,0,0,0,0,0,639,235,627,234,590,226,639,235,,,,,,,0.0,0.0,0.0,0.0,0.0,0.0,712,219,527,198,647,235,635,220,0.0,0.0
207,True,True,100.0,100.0,514254,0,0,0,0,0,3,0.0,1.0,1,Diego,1.0,714,False,,2025-01-09T16:30:09.168224Z,55,514254.jpg,1.3,False,Gómez,0.0,False,,a,5,36,18,2553,6,1655,9,0.2,3.3,Gómez,168.0,2025-01-01,2003-03-27,False,p514254,446,0,0,0,13,0,0,0,0,0,0,0,81,69.4,101.7,22.0,19.2,4,0.73,0.98,1.71,8.59,0,0,0,0,0,0,0,412,191,285,172,388,207,391,191,,,,,,,0.15,0.0,0.2,0.35,1.73,2.62,123,76,293,141,422,200,654,267,0.81,0.0
208,True,True,,,100053901,0,0,0,0,0,5,6.0,7.0,10,Fabian,7.0,739,False,,,11,100053901.jpg,0.0,False,Hürzeler,0.4,False,,a,5,36,90,61719,127,30031,14,6.4,81.8,Hürzeler,80.0,2024-06-15,1993-02-26,False,man53902,0,0,0,0,0,0,0,0,0,0,0,0,0,0.0,0.0,0.0,0.0,0,0.00,0.00,0.00,0.00,6,3,5,1,1,3,24,560,15,537,15,491,15,560,15,,,,,,,0.0,0.0,0.0,0.0,0.0,0.0,791,10,8,6,570,15,689,17,0.0,0.0
209,True,True,,,567121,0,0,0,0,0,3,-1.0,0.0,0,Joe,0.0,758,False,,,45,567121.jpg,0.0,False,Knight,0.0,False,,a,5,36,0,582,5,345,2,0.0,0.0,Knight,241.0,2025-01-31,2005-09-21,False,p567121,0,0,0,0,0,0,0,0,0,0,0,0,0,0.0,0.0,0.0,0.0,0,0.00,0.00,0.00,0.00,0,0,0,0,0,0,0,748,314,745,314,728,307,748,314,,,,,,,0.0,0.0,0.0,0.0,0.0,0.0,464,295,684,273,751,315,764,322,0.0,0.0
210,True,True,,,439135,0,0,0,0,0,2,-0.8,0.2,0,Eiran,0.2,763,False,,,45,439135.jpg,0.5,False,Cashin,0.0,False,,a,5,36,1,2232,2,1330,12,0.0,0.2,Cashin,104.0,2025-01-31,2001-11-09,False,p439135,19,0,0,0,2,0,0,0,0,0,0,0,-2,7.0,0.6,0.0,0.7,0,0.00,0.00,0.00,0.44,0,0,0,0,0,0,0,508,181,500,183,674,261,527,184,,,,,,,0.0,0.0,0.0,0.0,2.08,9.47,390,66,402,131,549,190,674,228,0.0,0.0
211,True,True,,,547720,0,0,0,0,0,2,-1.0,0.0,0,Charlie,0.0,791,False,,,40,547720.jpg,0.0,False,Tasker,0.0,False,,a,5,36,0,197,0,84,1,0.0,0.0,Charlie Tasker,241.0,2025-03-28,2006-02-24,False,p547720,0,0,0,0,0,0,0,0,0,0,0,0,0,0.0,0.0,0.0,0.0,0,0.00,0.00,0.00,0.00,0,0,0,0,0,0,0,630,228,618,227,581,219,630,228,,,,,,,0.0,0.0,0.0,0.0,0.0,0.0,700,209,516,189,638,228,774,261,0.0,0.0
212,True,True,,,604988,0,0,0,0,0,2,-1.0,0.0,0,Freddie,0.0,794,False,,,40,604988.jpg,0.0,False,Simmonds,0.0,False,,a,5,36,0,103,2,39,4,0.0,0.0,Freddie Simmonds,241.0,2024-07-01,2008-03-09,False,p604988,0,0,0,0,0,0,0,0,0,0,0,0,0,0.0,0.0,0.0,0.0,0,0.00,0.00,0.00,0.00,0,0,0,0,0,0,0,644,240,632,239,596,232,644,240,,,,,,,0.0,0.0,0.0,0.0,0.0,0.0,718,225,533,204,652,240,785,263,0.0,0.0
213,True,True,,,597320,0,0,0,0,0,3,-1.0,0.0,0,Harry,0.0,795,False,,,45,597320.jpg,0.0,False,Howell,0.0,False,,a,5,36,0,95,3,29,1,0.0,0.0,Harry Howell,241.0,2025-04-11,2008-04-20,False,p597320,0,0,0,0,0,0,0,0,0,0,0,0,0,0.0,0.0,0.0,0.0,0,0.00,0.00,0.00,0.00,0,0,0,0,0,0,0,760,322,757,322,740,315,760,322,,,,,,,0.0,0.0,0.0,0.0,0.0,0.0,479,304,697,282,763,323,792,340,0.0,0.0
214,True,False,0.0,0.0,532605,0,0,0,0,0,3,0.0,0.0,0,Andrey,0.0,150,False,Has joined Strasbourg on a season-long loan,2024-08-05T10:16:34.176364Z,45,532605.jpg,0.0,False,Nascimento dos Santos,0.0,False,,u,6,8,0,0,0,631,0,0.0,0.0,Andrey Santos,,,,False,p532605,0,0,0,0,0,0,0,0,0,0,0,0,0,0.0,0.0,0.0,0.0,0,0.00,0.00,0.00,0.00,0,0,0,0,0,0,0,732,302,728,302,712,295,732,302,,,,,,,0.0,0.0,0.0,0.0,0.0,0.0,444,281,667,261,736,303,772,327,0.0,0.0
215,True,False,0.0,0.0,518620,0,0,0,0,0,3,0.0,0.0,0,Ângelo Gabriel,0.0,151,False,Transferred to Al-Nassr,2024-09-05T10:38:18.297070Z,45,518620.jpg,0.0,False,Borges Damaceno,0.1,False,,u,6,8,0,5940,0,30624,1,0.0,0.0,Ângelo,,,,False,p518620,0,0,0,0,0,0,0,0,0,0,0,0,0,0.0,0.0,0.0,0.0,0,0.00,0.00,0.00,0.00,0,0,0,0,0,0,0,725,296,721,296,703,288,725,296,,,,,,,0.0,0.0,0.0,0.0,0.0,0.0,434,274,659,254,729,297,464,167,0.0,0.0
216,True,True,100.0,100.0,242880,0,0,-3,3,0,2,0.0,-0.5,0,Benoît,0.0,153,False,,2024-12-16T10:30:07.655172Z,42,242880.jpg,1.4,False,Badiashile,0.1,False,,a,6,8,7,12588,7,21936,6,0.0,1.7,B.Badiashile,73.0,2023-01-05,2001-03-26,False,p242880,332,0,0,0,5,0,0,0,0,0,0,0,35,66.0,12.6,0.0,7.9,3,0.00,0.08,0.08,5.34,0,0,0,0,0,0,0,415,148,440,157,617,243,448,155,,,,,,,0.0,0.0,0.02,0.02,1.45,1.36,619,153,558,221,393,131,486,168,0.81,0.0
217,True,True,,,482158,0,0,-1,1,0,1,0.0,-0.5,0,Lucas,0.0,154,False,,,39,482158.jpg,0.0,False,Bergström,0.2,False,,a,6,8,0,25861,5,27813,33,0.0,0.0,Bergström,72.0,2021-07-27,2002-09-05,False,p482158,0,0,0,0,0,0,0,0,0,0,0,0,0,0.0,0.0,0.0,0.0,0,0.00,0.00,0.00,0.00,0,0,0,0,0,0,0,580,57,560,40,516,20,580,57,,,,,,,0.0,0.0,0.0,0.0,0.0,0.0,762,79,447,42,590,57,338,50,0.0,0.0
218,True,True,,,122074,0,0,-1,1,0,1,0.0,-0.5,0,Marcus,0.0,155,False,,,39,122074.jpg,0.0,False,Bettinelli,0.4,False,,a,6,8,0,34137,3,36053,38,0.0,0.0,Bettinelli,241.0,2021-07-28,1992-05-24,False,p122074,0,0,0,0,0,0,0,0,0,0,0,0,0,0.0,0.0,0.0,0.0,0,0.00,0.00,0.00,0.00,0,0,0,0,0,0,0,570,48,549,30,504,10,570,48,,,,,,,0.0,0.0,0.0,0.0,0.0,0.0,741,69,434,32,580,48,290,44,0.0,0.0
219,True,True,,,486672,0,0,-1,1,0,3,2.8,2.3,2,Moisés,2.8,157,False,,,49,486672.jpg,2.6,False,Caicedo Corozo,1.0,False,,a,6,8,93,291743,162,287453,92,0.6,19.0,Caicedo,62.0,2023-08-14,2001-11-02,False,p486672,3171,1,4,10,42,0,0,0,10,0,0,4,621,587.6,538.5,92.0,121.8,36,0.78,2.72,3.50,44.10,0,0,0,0,0,0,0,78,28,63,51,274,152,101,64,,,,,,,0.02,0.0,0.08,0.1,1.25,1.19,269,174,129,57,194,80,211,67,1.02,0.28
220,True,False,0.0,0.0,505187,0,0,-1,1,0,3,0.0,0.0,0,Cesare,0.0,158,False,Loaned to Torino,2025-02-03T10:23:25.268868Z,44,505187.jpg,0.0,False,Casadei,0.1,False,,u,6,8,0,23729,0,31154,10,0.0,0.0,Casadei,106.0,2022-08-19,,False,p505187,0,0,0,0,0,0,0,0,0,0,0,0,0,0.0,0.0,0.0,0.0,0,0.00,0.00,0.00,0.00,0,0,0,0,0,0,0,674,259,670,260,646,250,674,259,,,,,,,0.0,0.0,0.0,0.0,0.0,0.0,539,322,597,210,681,262,467,169,0.0,0.0
221,True,True,100.0,100.0,180736,0,0,-1,1,4,2,3.0,2.5,2,Trevoh,3.0,159,False,,2025-02-22T21:00:09.834402Z,44,180736.jpg,3.7,False,Chalobah,0.8,False,,a,6,8,93,274164,291,223252,197,0.7,21.1,Chalobah,241.0,2018-02-16,1999-07-05,False,p180736,1969,3,1,6,25,0,0,0,3,0,0,11,379,485.8,122.0,218.0,82.9,23,1.97,0.64,2.61,27.48,0,0,0,0,0,0,0,137,51,261,70,150,22,176,53,,,,,,,0.09,0.0,0.03,0.12,1.26,1.14,504,88,106,28,72,12,233,91,1.05,0.27
222,True,False,0.0,0.0,478912,0,0,-3,3,0,3,0.0,0.0,0,Carney,0.0,161,False,Loaned to Borussia Dortmund,2025-02-04T10:49:46.028103Z,47,478912.jpg,0.0,False,Chukwuemeka,0.0,False,,u,6,8,0,4843,0,8832,1,0.0,0.0,Chukwuemeka,241.0,2022-08-04,,False,p478912,0,0,0,0,0,0,0,0,0,0,0,0,0,0.0,0.0,0.0,0.0,0,0.00,0.00,0.00,0.00,0,0,0,0,0,0,0,767,326,764,326,752,322,767,326,,,,,,,0.0,0.0,0.0,0.0,0.0,0.0,336,218,713,293,768,327,576,221,0.0,0.0
223,True,True,100.0,100.0,460028,0,0,-1,1,1,2,2.0,1.5,0,Levi,2.0,162,False,,2025-01-17T15:00:07.145576Z,44,460028.jpg,2.7,False,Colwill,2.5,False,,a,6,8,88,1099593,200,943997,571,0.5,20.0,Colwill,241.0,2022-07-01,2003-02-26,False,p460028,2970,1,1,8,41,0,0,0,9,0,0,3,393,614.6,210.7,152.0,97.9,33,1.34,1.29,2.63,42.20,0,0,0,0,0,0,0,69,28,191,42,205,44,142,38,,,,,,,0.04,0.0,0.04,0.08,1.28,1.24,529,104,178,51,181,55,122,44,1.0,0.24
224,True,True,100.0,100.0,179268,0,0,4,-4,4,2,2.2,1.7,1,Marc,2.2,163,False,,2024-12-16T09:30:06.586582Z,54,179268.jpg,3.2,False,Cucurella Saseta,10.4,False,,a,6,8,110,2016174,3719,1613990,2430,0.4,20.4,Cucurella,200.0,2022-08-05,1998-07-22,False,p179268,2808,4,2,7,38,0,0,0,8,1,0,9,455,581.6,339.1,324.0,124.7,31,2.63,2.36,4.99,38.62,0,0,0,0,0,0,0,81,31,112,23,99,4,96,16,,,,,,,0.08,0.0,0.08,0.16,1.24,1.22,128,13,169,44,124,30,41,14,0.99,0.22
225,True,False,0.0,0.0,520295,0,0,-1,1,0,4,0.0,0.0,0,David Datro,0.0,164,False,Transferred to AEK Athens,2024-09-11T14:26:52.770225Z,54,520295.jpg,0.0,False,Fofana,0.1,False,,u,6,8,0,4727,0,15348,0,0.0,0.0,D.D.Fofana,54.0,2023-01-01,2002-12-22,False,p520295,0,0,0,0,0,0,0,0,0,0,0,0,0,0.0,0.0,0.0,0.0,0,0.00,0.00,0.00,0.00,0,0,0,0,0,0,0,793,83,793,83,790,83,793,83,,,,,,,0.0,0.0,0.0,0.0,0.0,0.0,139,37,776,80,792,83,537,72,0.0,0.0
226,True,False,0.0,0.0,617054,0,0,-1,1,0,4,0.0,0.0,0,Deivid Washington,0.0,165,False,Loaned to Santos,2025-02-28T11:06:35.437245Z,49,617054.jpg,0.0,False,de Souza Eugênio,0.1,False,,u,6,8,0,17623,0,23597,4,0.0,0.0,Deivid,30.0,2023-08-24,2005-06-05,False,p617054,0,0,0,0,0,0,0,0,0,0,0,0,0,0.0,0.0,0.0,0.0,0,0.00,0.00,0.00,0.00,0,0,0,0,0,0,0,776,78,774,77,766,78,776,78,,,,,,,0.0,0.0,0.0,0.0,0.0,0.0,276,56,741,71,776,79,421,64,0.0,0.0
227,True,True,100.0,100.0,215413,0,0,-5,5,0,3,0.2,-0.3,0,Kiernan,0.2,166,False,,2024-12-29T08:30:08.647462Z,55,215413.jpg,1.4,False,Dewsbury-Hall,0.1,False,,a,6,8,17,8130,10,28155,8,0.0,3.1,Dewsbury-Hall,241.0,2024-07-02,1998-09-06,False,p215413,253,0,1,0,3,0,0,0,0,0,0,1,67,55.4,47.4,21.0,12.4,2,0.22,0.22,0.44,3.27,0,0,0,0,0,0,0,422,195,360,199,394,210,421,200,,,,,,,0.08,0.0,0.08,0.16,1.16,1.07,113,70,418,194,407,192,456,163,0.71,0.0
228,True,True,100.0,100.0,448047,0,0,-3,3,2,3,4.6,4.1,1,Enzo,4.6,168,False,,2025-01-17T15:00:07.174073Z,47,448047.jpg,3.8,False,Fernández,4.0,False,,a,6,8,129,1815397,2967,1593116,1091,1.0,27.4,Enzo,10.0,2023-01-31,2001-01-17,False,p448047,2763,6,8,8,37,0,0,0,8,0,0,11,675,739.6,1072.1,489.0,230.3,30,6.21,6.09,12.30,36.74,0,0,0,0,0,0,0,37,8,4,4,60,39,11,8,3.0,,3.0,,4.0,,0.2,0.0,0.2,0.4,1.2,1.21,331,214,46,15,61,28,95,30,0.98,0.26
229,True,False,0.0,0.0,232787,0,0,-1,1,0,3,0.0,0.0,0,Conor,0.0,169,False,Transferred to Atletico Madrid,2024-08-22T11:20:34.236891Z,59,232787.jpg,0.0,False,Gallagher,0.1,False,,u,6,8,0,1567,0,72824,1,0.0,0.0,Gallagher,,,,False,p232787,0,0,0,0,0,0,0,0,0,0,0,0,0,0.0,0.0,0.0,0.0,0,0.00,0.00,0.00,0.00,0,0,0,0,0,0,0,796,344,796,344,795,343,796,344,,,,,,,0.0,0.0,0.0,0.0,0.0,0.0,83,54,785,339,795,344,436,153,0.0,0.0
230,True,False,0.0,0.0,514280,0,0,0,0,0,2,0.0,0.0,0,Alfie,0.0,170,False,Has joined Sheffield United on a season-long,2024-08-09T11:15:16.064928Z,40,514280.jpg,0.0,False,Gilchrist,0.0,False,,u,6,8,0,0,0,7614,2,0.0,0.0,Gilchrist,,,,False,p514280,0,0,0,0,0,0,0,0,0,0,0,0,0,0.0,0.0,0.0,0.0,0,0.00,0.00,0.00,0.00,0,0,0,0,0,0,0,617,217,604,215,566,206,617,217,,,,,,,0.0,0.0,0.0,0.0,0.0,0.0,682,193,501,176,625,217,629,217,0.0,0.0
231,True,True,100.0,100.0,482609,0,0,-1,1,0,2,0.8,0.3,1,Malo,0.8,171,False,,2025-04-21T04:30:07.650673Z,49,482609.jpg,1.9,False,Gusto,1.4,False,,a,6,8,58,365965,153,560450,169,0.2,11.8,Gusto,73.0,2023-01-28,2003-05-19,False,p482609,1840,0,1,4,26,0,0,0,4,0,0,2,276,324.4,378.4,147.0,85.1,19,1.44,1.87,3.31,26.82,0,0,0,0,0,0,0,212,74,98,18,211,49,169,49,,,,,,,0.07,0.0,0.09,0.16,1.31,1.27,268,32,314,95,309,100,169,66,0.93,0.2
232,True,True,100.0,100.0,225796,0,0,-2,2,1,2,0.8,0.3,1,Reece,0.8,172,False,,2024-11-21T14:00:08.020459Z,48,225796.jpg,2.2,False,James,0.9,False,,a,6,8,38,275244,275,205074,442,0.2,7.9,James,241.0,2019-05-15,1999-12-08,False,p225796,877,1,1,1,14,0,0,0,1,0,0,4,167,161.8,181.7,45.0,39.0,10,0.39,0.90,1.29,14.45,0,0,0,0,0,0,0,328,122,213,51,335,111,310,97,2.0,,2.0,,,,0.04,0.0,0.09,0.13,1.48,1.44,301,37,312,94,252,81,218,84,1.03,0.1
233,True,True,0.0,0.0,549068,0,0,-2,2,0,3,0.0,0.0,0,Omari,0.0,173,False,Hamstring injury - Expected back 01 Jun,2024-09-08T23:00:06.668188Z,43,549068.jpg,0.0,False,Kellyman,0.1,False,,i,6,8,0,15677,14,14233,20,0.0,0.0,Kellyman,241.0,2024-06-29,2005-09-15,False,p549068,0,0,0,0,0,0,0,0,0,0,0,0,0,0.0,0.0,0.0,0.0,0,0.00,0.00,0.00,0.00,0,0,0,0,0,0,0,665,254,659,255,630,244,665,254,,,,,,,0.0,0.0,0.0,0.0,0.0,0.0,595,345,576,201,672,257,509,184,0.0,0.0
234,True,True,100.0,100.0,514356,0,0,0,0,0,3,1.6,1.1,2,Roméo,1.6,174,False,,2025-04-04T12:00:08.637574Z,45,514356.jpg,1.7,False,Lavia,0.4,False,,a,6,8,24,190494,35,265078,13,0.4,5.3,Lavia,21.0,2023-08-18,2004-01-06,False,p514356,755,0,1,3,11,0,0,0,4,0,0,0,118,108.0,114.9,5.0,23.0,11,0.18,0.38,0.56,13.95,0,0,0,0,0,0,0,373,175,269,165,452,231,377,187,,,,,,,0.02,0.0,0.05,0.07,1.66,1.31,430,270,228,97,344,159,282,86,1.31,0.36
235,True,False,0.0,0.0,66749,0,0,-2,2,0,4,0.0,0.0,0,Romelu,0.0,175,False,Permanent transfer to Napoli,2024-08-30T10:21:53.872158Z,63,66749.jpg,0.0,False,Lukaku Bolingoli,0.2,False,,u,6,8,0,8049,0,61751,4,0.0,0.0,Lukaku,,,,False,p66749,0,0,0,0,0,0,0,0,0,0,0,0,0,0.0,0.0,0.0,0.0,0,0.00,0.00,0.00,0.00,0,0,0,0,0,0,0,797,85,797,85,797,85,797,85,,,,,,,0.0,0.0,0.0,0.0,0.0,0.0,53,22,792,83,796,85,379,60,0.0,0.0
236,True,False,0.0,0.0,204727,0,0,0,0,0,2,0.0,0.0,0,Malang,0.0,176,False,Permanent move to RC Lens,2024-07-29T09:46:25.583703Z,45,204727.jpg,0.0,False,Sarr,0.0,False,,u,6,8,0,0,0,457,0,0.0,0.0,M.Sarr,,,,False,p204727,0,0,0,0,0,0,0,0,0,0,0,0,0,0.0,0.0,0.0,0.0,0,0.00,0.00,0.00,0.00,0,0,0,0,0,0,0,688,260,684,259,664,257,688,260,,,,,,,0.0,0.0,0.0,0.0,0.0,0.0,375,59,615,245,693,259,776,262,0.0,0.0
237,True,True,100.0,100.0,248857,0,0,-5,5,1,3,2.4,1.9,1,Noni,2.4,177,False,,2025-02-15T16:00:09.076234Z,60,248857.jpg,3.8,False,Madueke,3.1,False,,a,6,8,114,2483110,383,2372877,189,0.4,19.0,Madueke,241.0,2023-01-20,2002-03-10,False,p248857,1853,7,5,4,28,0,0,0,3,0,0,12,410,467.6,439.0,968.0,187.6,25,9.09,2.76,11.85,28.85,0,0,0,0,0,0,0,142,54,83,64,12,6,30,23,,,,,3.0,,0.44,0.0,0.13,0.57,1.4,1.36,80,52,150,65,67,30,106,33,1.21,0.19
238,True,True,75.0,75.0,499309,0,0,-3,3,0,4,0.0,-0.4,0,Marc,0.0,178,False,Lack of match fitness - 75% chance of playing,2025-02-07T16:30:07.359889Z,47,499309.jpg,1.0,False,Guiu Paz,0.4,False,,d,6,8,3,113520,20,161338,31,0.0,0.6,Marc Guiu,200.0,2024-07-01,2006-01-04,False,p499309,71,0,0,0,2,0,0,0,0,0,0,0,11,4.4,11.8,6.0,2.2,0,0.00,0.02,0.02,1.46,0,0,0,0,0,0,0,517,53,446,50,448,56,503,55,,,,,,,0.0,0.0,0.03,0.03,1.85,2.54,341,63,715,66,506,57,269,45,0.0,0.0
239,True,True,0.0,0.0,465920,0,0,-4,4,0,3,0.0,0.0,0,Mykhailo,0.0,179,False,Suspended - unknown return date,2024-12-06T15:30:07.786308Z,61,465920.jpg,1.0,False,Mudryk,0.2,False,,s,6,8,7,18744,8,43914,10,0.0,1.1,Mudryk,225.0,2023-01-15,2001-01-05,False,p465920,145,0,0,0,2,0,0,0,0,0,0,0,26,23.2,31.5,31.0,8.5,1,0.24,0.66,0.90,3.28,0,0,0,0,0,0,0,469,217,393,209,362,196,442,211,,,,,,,0.15,0.0,0.41,0.56,2.04,1.24,74,46,787,341,519,243,378,122,0.62,0.0
240,True,True,100.0,100.0,517052,0,0,2,-2,2,4,2.2,1.7,-2,Nicolas,2.2,180,False,,2025-02-10T09:30:07.129820Z,77,517052.jpg,4.0,False,Jackson,6.6,False,,a,6,8,121,5371589,2086,5092734,3316,0.3,15.7,N.Jackson,189.0,2023-07-01,2001-06-20,False,p517052,2220,10,6,11,24,0,0,0,7,1,0,17,417,546.4,367.0,972.0,187.4,28,11.68,1.90,13.58,28.57,0,0,0,0,0,0,0,107,11,102,6,11,6,31,8,,,,,,,0.47,0.0,0.08,0.55,1.16,0.97,15,5,171,18,48,14,55,10,1.14,0.45
241,True,True,25.0,25.0,213198,0,0,-8,8,2,3,0.1,-0.1,0,Christopher,0.2,181,False,Knock - 25% chance of playing,2025-05-01T00:30:08.054121Z,57,213198.jpg,2.2,False,Nkunku,2.0,False,,d,6,8,60,423069,4,1765627,245,0.0,10.5,Nkunku,73.0,2023-07-01,1997-11-14,False,p213198,904,3,2,2,16,0,0,0,2,0,0,5,190,230.2,204.9,339.0,77.1,9,5.11,1.01,6.12,16.25,0,0,0,0,0,0,0,272,124,195,131,93,62,195,101,,,,,2.0,,0.51,0.0,0.1,0.61,1.62,1.59,95,61,420,195,260,111,142,48,0.9,0.2
242,True,True,100.0,100.0,244851,0,0,0,0,6,3,4.2,3.7,2,Cole,4.2,182,True,,2025-03-16T23:00:06.860890Z,105,244851.jpg,6.0,False,Palmer,34.0,False,,a,6,8,209,7330050,7896,7767034,5215,0.4,19.9,Palmer,241.0,2023-09-01,2002-05-06,False,p244851,3013,15,10,8,41,0,0,1,6,0,0,35,920,1027.2,1185.3,995.0,320.8,34,16.66,8.79,25.45,42.56,0,0,0,0,0,0,0,5,3,2,2,7,3,2,2,1.0,,1.0,,1.0,,0.5,0.0,0.26,0.76,1.27,1.22,3,2,58,22,5,3,5,3,1.02,0.24
243,True,False,0.0,0.0,457569,0,0,-1,1,0,1,0.0,0.0,0,Đorđe,0.0,183,False,Loaned to Strasbourg,2024-08-31T06:26:07.653045Z,44,457569.jpg,0.0,False,Petrović,0.1,False,,u,6,8,0,2753,0,64937,4,0.0,0.0,Petrović,,,,False,p457569,0,0,0,0,0,0,0,0,0,0,0,0,0,0.0,0.0,0.0,0.0,0,0.00,0.00,0.00,0.00,0,0,0,0,0,0,0,671,81,667,78,642,64,671,81,,,,,,,0.0,0.0,0.0,0.0,0.0,0.0,528,24,592,80,678,81,407,55,0.0,0.0
244,True,False,0.0,0.0,551230,0,0,-1,1,0,3,0.0,0.0,0,Renato,0.0,184,False,Loaned to Juventus,2025-01-30T11:39:46.371988Z,44,551230.jpg,1.0,False,Palma Veiga,0.1,False,,u,6,8,7,41967,0,45820,1,0.0,1.6,Renato Veiga,173.0,2024-07-12,,False,p551230,176,0,0,1,2,0,0,0,2,0,0,0,22,30.4,9.2,19.0,5.9,1,0.16,0.15,0.31,3.17,0,0,0,0,0,0,0,457,209,462,233,400,211,467,220,,,,,,,0.08,0.0,0.08,0.16,1.62,1.02,544,327,600,213,478,216,455,162,0.51,0.51
245,True,True,100.0,100.0,215059,0,0,0,0,2,1,3.2,2.7,2,Robert,3.2,185,False,,2025-05-01T00:30:08.074171Z,45,215059.jpg,3.8,False,Sánchez,6.2,False,,a,6,8,114,2359431,553,2078338,743,0.7,25.3,Sánchez,200.0,2023-08-05,1997-11-18,False,p215059,2700,0,0,8,34,0,1,0,5,0,92,11,424,695.4,20.0,0.0,71.5,30,0.00,0.03,0.03,37.23,0,0,0,0,0,0,0,47,12,421,5,667,69,209,12,,,,,,,0.0,3.07,0.0,0.0,1.24,1.13,378,18,96,10,60,11,58,11,1.0,0.27
246,True,True,,,109646,0,0,-3,3,0,2,0.2,-0.3,0,Tosin,0.2,187,False,,,42,109646.jpg,2.9,False,Adarabioyo,0.4,False,,a,6,8,57,100422,18,91557,182,0.0,13.6,Tosin,241.0,2024-07-01,1997-09-24,False,p109646,1223,1,1,5,14,0,0,0,3,0,0,4,244,309.8,47.3,88.0,44.8,13,0.90,0.22,1.12,17.98,0,0,0,0,0,0,0,226,84,361,122,278,83,295,90,,,,,,,0.07,0.0,0.02,0.09,1.32,1.03,607,142,390,123,150,40,295,112,0.96,0.37
247,True,True,0.0,0.0,444463,0,0,-2,2,0,2,0.0,0.0,0,Wesley,0.0,189,False,Muscle injury - Expected back 01 Jun,2025-04-04T12:00:08.691373Z,43,444463.jpg,1.9,False,Fofana,0.2,False,,i,6,8,26,86619,5,109585,7,0.0,6.0,W.Fofana,73.0,2022-08-31,2000-12-17,False,p444463,1172,0,0,2,13,0,0,0,7,0,0,2,162,200.2,85.0,33.0,31.9,14,0.44,0.18,0.62,14.76,0,0,0,0,0,0,0,295,107,307,93,355,117,344,115,,,,,,,0.03,0.0,0.01,0.04,1.13,1.0,582,129,570,229,303,97,333,127,1.08,0.15
248,True,True,0.0,100.0,209243,0,0,-3,3,0,3,0.0,1.3,1,Jadon,1.8,386,False,Ineligible to face his parent club on 16/5. - Expected back 25 May,2025-05-10T17:30:07.594481Z,62,209243.jpg,2.8,False,Sancho,0.9,False,,n,6,8,83,512258,36,495028,499,0.3,13.4,Sancho,241.0,2024-08-30,2000-03-25,False,p209243,1693,3,5,6,24,0,0,0,2,0,0,3,360,325.6,496.1,410.0,123.0,18,2.13,3.08,5.21,23.02,0,0,0,0,0,0,0,210,94,72,57,70,45,98,61,,,,,,,0.11,0.0,0.16,0.27,1.22,1.28,58,32,209,93,173,74,216,69,0.96,0.32
249,True,True,100.0,100.0,247632,0,0,-4,4,1,3,4.6,4.1,2,Pedro,4.6,560,False,,2024-12-09T09:30:06.764738Z,61,247632.jpg,2.9,False,Lomba Neto,1.3,False,,a,6,8,95,551753,1214,548023,560,0.8,15.6,Neto,173.0,2024-08-11,2000-03-09,False,p247632,2095,4,5,6,25,0,0,0,8,0,0,9,413,467.0,721.5,499.0,168.8,22,3.15,4.40,7.55,27.27,0,0,0,0,0,0,0,145,55,28,24,58,37,54,39,4.0,,,,,,0.14,0.0,0.19,0.33,1.17,1.07,72,44,49,18,159,70,174,57,0.95,0.26
250,True,False,0.0,0.0,488464,0,0,0,0,0,2,0.0,0.0,0,Caleb,0.0,575,False,Loaned to Strasbourg,2024-08-13T07:07:06.645739Z,40,488464.jpg,0.0,False,Wiley,0.0,False,,u,6,8,0,0,0,3947,1,0.0,0.0,Wiley,,,,False,p488464,0,0,0,0,0,0,0,0,0,0,0,0,0,0.0,0.0,0.0,0.0,0,0.00,0.00,0.00,0.00,0,0,0,0,0,0,0,610,211,597,209,558,199,610,211,,,,,,,0.0,0.0,0.0,0.0,0.0,0.0,673,185,493,169,618,211,675,229,0.0,0.0
251,True,True,100.0,100.0,508479,0,0,-3,3,0,1,0.0,-0.5,0,Filip,0.0,581,False,,2024-11-21T08:30:09.544798Z,42,508479.jpg,3.0,False,Jørgensen,0.4,False,,a,6,8,18,122198,9,118340,299,0.0,4.3,Jørgensen,58.0,2024-07-30,2002-04-16,False,p508479,540,0,0,1,9,0,0,0,0,0,20,0,59,157.6,0.0,0.0,15.9,6,0.00,0.00,0.00,8.83,0,0,0,0,0,0,0,332,30,652,72,619,55,402,30,,,,,,,0.0,3.33,0.0,0.0,1.47,1.5,624,34,560,74,137,22,275,40,1.0,0.17
252,True,False,0.0,0.0,428399,0,0,-6,6,0,3,0.0,0.0,0,João,0.0,621,False,Loaned to Milan,2025-02-04T23:54:41.208950Z,59,428399.jpg,2.0,False,Félix Sequeira,0.4,False,,u,6,8,24,163911,0,170861,18,0.0,4.1,João Félix,173.0,2024-08-21,,False,p428399,362,1,2,1,4,0,0,0,2,0,0,0,90,88.0,95.4,141.0,32.3,3,2.30,0.45,2.75,5.96,0,0,0,0,0,0,0,392,182,294,176,218,126,339,167,,,,,,,0.57,0.0,0.11,0.68,1.48,0.99,84,55,786,340,296,134,283,87,0.75,0.25
253,True,True,,,547692,0,0,0,0,0,3,0.0,-0.5,0,Samuel,0.0,695,False,,,45,547692.jpg,0.0,False,Rak-Sakyi,0.0,False,,a,6,8,0,636,6,469,3,0.0,0.0,Rak-Sakyi,241.0,2024-10-23,2005-03-27,False,p547692,0,0,0,0,0,0,0,0,0,0,0,0,0,0.0,0.0,0.0,0.0,0,0.00,0.00,0.00,0.00,0,0,0,0,0,0,0,739,307,735,307,719,300,739,307,,,,,,,0.0,0.0,0.0,0.0,0.0,0.0,452,287,674,266,743,308,750,312,0.0,0.0
254,True,True,,,550615,0,0,0,0,0,3,1.4,0.9,0,Tyrique,1.4,696,False,,,45,550615.jpg,2.0,False,George,0.0,False,,a,6,8,14,3530,24,1852,16,0.3,3.1,George,241.0,2024-04-15,2006-02-04,False,p550615,97,1,1,0,0,0,0,0,1,0,0,0,51,66.0,62.2,30.0,15.7,0,0.20,0.26,0.46,1.12,0,0,0,0,0,0,0,416,192,339,193,365,198,405,197,,,,,,,0.19,0.0,0.24,0.43,1.04,0.0,456,291,254,114,286,124,656,268,0.0,0.0
255,True,True,,,577016,0,0,0,0,0,2,0.0,-0.5,0,Josh,0.0,697,False,,,40,577016.jpg,1.0,False,Acheampong,0.1,False,,a,6,8,4,14065,15,10025,28,0.0,1.0,Acheampong,241.0,2024-03-10,2006-05-05,False,p577016,168,0,0,0,3,0,0,0,1,0,0,0,8,13.6,2.5,13.0,2.9,2,0.22,0.01,0.23,2.09,0,0,0,0,0,0,0,491,177,481,172,414,145,495,173,,,,,,,0.12,0.0,0.01,0.13,1.12,1.61,707,215,523,195,462,164,535,187,1.07,0.0
256,True,True,,,100048548,0,0,0,0,0,5,6.2,5.7,0,Enzo,6.2,740,False,,,15,100048548.jpg,0.0,False,Maresca,0.9,False,,a,6,8,76,69252,49,37097,26,4.1,50.7,Maresca,106.0,2024-06-03,1980-02-10,False,man48549,0,0,0,0,0,0,0,0,0,0,0,0,0,0.0,0.0,0.0,0.0,0,0.00,0.00,0.00,0.00,7,2,5,0,0,5,18,563,18,540,18,494,18,563,18,,,,,,,0.0,0.0,0.0,0.0,0.0,0.0,784,3,18,8,573,18,605,13,0.0,0.0
257,True,True,,,609640,0,0,0,0,0,3,0.0,-0.5,0,Mathis,0.0,771,False,,,45,609640.jpg,1.0,False,Amougou,0.0,False,,a,6,8,1,375,2,214,1,0.0,0.2,Amougou,73.0,2025-02-03,2006-01-18,False,p609640,7,0,0,0,0,0,0,0,0,0,0,0,2,1.0,0.9,0.0,0.2,0,0.00,0.00,0.00,0.00,0,0,0,0,0,0,0,540,250,493,243,743,316,541,250,,,,,,,0.0,0.0,0.0,0.0,0.0,0.0,485,306,701,284,497,227,769,325,0.0,0.0
258,True,True,0.0,0.0,622758,0,0,0,0,0,2,0.0,0.0,0,Aaron,0.0,774,False,Hamstring injury - Unknown return date,2025-04-25T13:30:08.784532Z,40,622758.jpg,0.0,False,Anselmino,0.0,False,,i,6,8,0,414,3,268,3,0.0,0.0,Anselmino,10.0,2024-08-08,2005-04-29,False,p622758,0,0,0,0,0,0,0,0,0,0,0,0,0,0.0,0.0,0.0,0.0,0,0.00,0.00,0.00,0.00,0,0,0,0,0,0,0,654,248,642,247,606,240,654,248,,,,,,,0.0,0.0,0.0,0.0,0.0,0.0,729,234,544,213,662,248,747,255,0.0,0.0
259,True,True,,,567119,0,0,0,0,0,4,0.0,-0.5,0,Shumaira,0.0,781,False,,,45,567119.jpg,1.0,False,Mheuka,0.0,False,,a,6,8,1,5174,32,2860,16,0.0,0.2,Mheuka,241.0,2024-10-23,2007-10-20,False,p567119,1,0,0,0,0,0,0,0,0,0,0,0,5,3.0,0.0,17.0,2.0,0,0.06,0.00,0.06,0.00,0,0,0,0,0,0,0,530,56,744,67,406,54,508,57,,,,,,,5.4,0.0,0.0,5.4,0.0,0.0,463,75,683,58,492,53,612,78,0.0,0.0
260,True,True,,,536238,0,0,0,0,0,2,0.0,-0.5,0,Ishé,0.0,782,False,,,40,536238.jpg,0.0,False,Samuels-Smith,0.0,False,,a,6,8,0,297,2,154,1,0.0,0.0,Samuels-Smith,241.0,2023-08-28,2006-06-05,False,p536238,0,0,0,0,0,0,0,0,0,0,0,0,0,0.0,0.0,0.0,0.0,0,0.00,0.00,0.00,0.00,0,0,0,0,0,0,0,624,222,612,221,575,213,624,222,,,,,,,0.0,0.0,0.0,0.0,0.0,0.0,693,202,510,183,632,222,746,254,0.0,0.0
261,True,True,,,591382,0,0,0,0,0,2,0.0,-0.5,0,Genesis,0.0,787,False,,,40,591382.jpg,0.0,False,Antwi,0.0,False,,a,6,8,0,173,1,90,5,0.0,0.0,Genesis Antwi,206.0,2025-02-08,2007-05-11,False,p591382,0,0,0,0,0,0,0,0,0,0,0,0,0,0.0,0.0,0.0,0.0,0,0.00,0.00,0.00,0.00,0,0,0,0,0,0,0,640,236,628,235,592,228,640,236,,,,,,,0.0,0.0,0.0,0.0,0.0,0.0,714,221,529,200,648,236,768,260,0.0,0.0
262,True,True,100.0,100.0,205533,0,0,-1,1,0,4,0.8,0.8,1,Eddie,0.8,11,False,,2025-04-05T16:30:06.717546Z,59,205533.jpg,1.4,False,Nketiah,0.6,False,,a,7,31,39,320684,114,318608,119,0.1,6.6,Nketiah,241.0,2024-08-30,1999-05-30,False,p205533,910,1,2,2,14,0,0,0,4,1,0,1,127,117.2,152.7,398.0,66.2,8,5.09,0.81,5.90,11.71,0,0,0,0,0,0,0,360,34,236,24,76,24,229,29,,,,,,,0.5,0.0,0.08,0.58,1.16,1.38,82,23,319,30,408,41,252,42,0.79,0.2
263,True,True,100.0,100.0,172850,0,0,-4,4,0,2,0.3,0.3,1,Ben,0.3,160,False,,2025-02-04T10:50:12.317905Z,46,172850.jpg,0.9,False,Chilwell,0.5,False,,a,7,31,6,55642,42,109543,37,0.1,1.3,Chilwell,241.0,2025-02-03,1996-12-21,False,p172850,164,0,0,0,2,0,0,0,1,0,0,0,31,37.0,27.6,10.0,7.5,0,0.08,0.76,0.84,1.32,0,0,0,0,0,0,0,447,165,403,143,429,155,452,156,,,,,,,0.04,0.0,0.42,0.46,0.72,1.1,352,48,386,119,525,177,262,100,0.0,0.0
264,True,False,0.0,0.0,466117,0,0,0,0,0,3,0.0,0.0,0,Naouirou,0.0,190,False,Loaned to Rennes,2024-08-31T06:25:25.419519Z,45,466117.jpg,0.0,False,Ahamada,0.1,False,,u,7,31,0,6178,0,35145,1,0.0,0.0,Ahamada,,,,False,p466117,0,0,0,0,0,0,0,0,0,0,0,0,0,0.0,0.0,0.0,0.0,0,0.00,0.00,0.00,0.00,0,0,0,0,0,0,0,706,280,703,280,684,272,706,280,,,,,,,0.0,0.0,0.0,0.0,0.0,0.0,403,251,635,235,711,281,492,179,0.0,0.0
265,True,True,0.0,0.0,438464,0,0,-2,2,0,3,0.0,0.0,0,Cheick,0.0,193,False,Knee injury - Expected back 01 Jun,2025-01-24T16:00:08.864027Z,48,438464.jpg,1.5,False,Doucouré,0.0,False,,i,7,31,19,12960,0,19997,2,0.0,4.0,C.Doucouré,132.0,2022-07-11,2000-01-08,False,p438464,443,0,1,1,6,0,0,0,1,0,0,0,71,58.6,25.7,23.0,10.8,4,0.40,0.11,0.51,7.53,0,0,0,0,0,0,0,419,194,409,217,385,205,428,203,,,,,,,0.08,0.0,0.02,0.1,1.53,1.22,310,201,727,301,380,179,565,215,0.81,0.2
266,True,True,100.0,100.0,427623,0,0,-1,1,0,2,2.0,2.0,6,Chris,2.0,194,False,,2025-04-01T14:00:08.193427Z,44,427623.jpg,3.0,False,Richards,0.2,False,,a,7,31,65,38775,26,39791,43,0.5,14.8,C.Richards,229.0,2022-07-27,2000-03-28,False,p427623,1741,1,1,7,28,0,0,0,2,1,0,2,234,406.6,44.1,148.0,59.7,20,1.33,0.60,1.93,26.09,0,0,0,0,0,0,0,170,63,365,125,208,47,251,81,,,,,,,0.07,0.0,0.03,0.1,1.35,1.45,526,103,177,50,139,37,366,139,1.03,0.36
267,True,True,0.0,0.0,515621,0,0,-2,2,0,2,0.0,0.0,0,Chadi,0.0,195,False,Knee injury - Expected back 01 Jun,2025-01-24T16:00:08.878612Z,43,515621.jpg,1.0,False,Riad Dnanou,0.0,False,,i,7,31,1,2673,2,14418,5,0.0,0.2,Chadi Riad,145.0,2024-07-02,2003-06-17,False,p515621,90,0,0,0,2,0,0,0,0,0,0,0,3,18.2,1.3,0.0,2.0,1,0.00,0.02,0.02,1.39,0,0,0,0,0,0,0,482,174,488,178,629,249,506,175,,,,,,,0.0,0.0,0.02,0.02,1.39,2.0,594,134,575,232,469,171,567,198,1.0,0.0
268,True,True,,,57328,0,0,-2,2,0,2,0.2,0.2,0,Nathaniel,0.2,196,False,,,43,57328.jpg,1.4,False,Clyne,0.1,False,,a,7,31,18,10397,6,15696,11,0.0,4.2,Clyne,241.0,2020-10-14,1991-04-05,False,p57328,477,0,0,1,11,0,0,0,1,0,0,0,48,66.6,51.8,8.0,12.4,5,0.02,0.24,0.26,10.11,0,0,0,0,0,0,0,414,147,356,119,434,158,420,148,,,,,,,0.0,0.0,0.05,0.05,1.91,2.08,557,108,394,127,394,132,466,163,0.94,0.19
269,True,False,0.0,0.0,450535,0,0,0,0,0,3,0.0,0.0,0,Malcolm,0.0,197,False,Season long loan to Oxford United,2024-08-06T17:23:26.723638Z,45,450535.jpg,0.0,False,Ebiowei,0.0,False,,u,7,31,0,0,0,480,0,0.0,0.0,Ebiowei,241.0,2022-07-01,2003-09-04,False,p450535,0,0,0,0,0,0,0,0,0,0,0,0,0,0.0,0.0,0.0,0.0,0,0.00,0.00,0.00,0.00,0,0,0,0,0,0,0,698,273,694,273,676,265,698,273,,,,,,,0.0,0.0,0.0,0.0,0.0,0.0,393,243,627,228,703,274,778,330,0.0,0.0
270,True,True,100.0,100.0,232413,0,0,-1,1,2,3,6.5,6.5,13,Eberechi,6.5,199,False,,2025-01-31T15:00:08.813444Z,69,232413.jpg,4.2,False,Eze,13.0,False,,a,7,31,136,2695074,15220,4567699,1324,0.9,19.7,Eze,241.0,2020-08-28,1998-06-29,False,p232413,2518,7,8,9,34,0,0,1,1,0,0,12,568,572.0,784.6,631.0,198.7,30,10.18,4.02,14.20,33.92,0,0,0,0,0,0,0,87,32,17,14,41,25,21,16,1.0,,1.0,,2.0,,0.36,0.0,0.14,0.5,1.21,1.22,31,15,14,5,36,19,31,10,1.07,0.32
271,True,True,100.0,100.0,209036,0,0,2,-2,2,2,2.2,2.2,6,Marc,2.2,200,False,,2025-04-05T16:30:07.046627Z,47,209036.jpg,3.4,False,Guéhi,6.2,False,,a,7,31,115,1338708,842,1424982,661,0.5,24.5,Guéhi,241.0,2021-07-18,2000-07-13,False,p209036,3059,3,2,11,42,3,0,0,7,1,0,10,492,794.0,223.5,245.0,126.1,34,1.87,2.01,3.88,41.55,0,0,0,0,0,0,0,26,8,182,38,130,16,93,14,,,,,,,0.06,0.0,0.06,0.12,1.22,1.24,326,45,157,42,107,23,60,19,1.0,0.32
272,True,True,100.0,100.0,172649,0,0,1,-1,3,1,3.5,3.5,6,Dean,3.5,201,False,,2025-01-12T22:00:08.068713Z,46,172649.jpg,3.7,False,Henderson,12.3,False,,a,7,31,132,1858808,706,2212399,1469,0.8,28.7,Henderson,241.0,2023-08-31,1997-03-12,False,p172649,3240,0,0,11,48,0,1,0,3,0,101,8,454,810.4,20.0,4.0,83.3,36,0.01,0.02,0.03,46.64,0,0,0,0,0,0,0,22,8,422,6,460,2,174,6,,,,,,,0.0,2.81,0.0,0.0,1.3,1.33,351,13,84,7,73,12,34,5,1.0,0.31
273,True,False,0.0,0.0,156074,0,0,-3,3,0,2,0.0,0.0,0,Rob,0.0,202,False,Loaned to Sheffield United,2025-02-04T10:48:47.594320Z,42,156074.jpg,0.0,False,Holding,0.1,False,,u,7,31,0,3729,0,10421,0,0.0,0.0,Holding,241.0,2023-09-01,,False,p156074,0,0,0,0,0,0,0,0,0,0,0,0,0,0.0,0.0,0.0,0.0,0,0.00,0.00,0.00,0.00,0,0,0,0,0,0,0,659,250,650,249,616,242,659,250,,,,,,,0.0,0.0,0.0,0.0,0.0,0.0,610,144,556,219,667,250,520,182,0.0,0.0
274,True,True,100.0,100.0,108413,0,0,-1,1,0,3,1.5,1.5,3,Will,1.5,203,False,,2025-02-26T00:00:08.028332Z,49,108413.jpg,2.0,False,Hughes,0.0,False,,a,7,31,63,14067,4,15914,7,0.3,12.9,Hughes,241.0,2021-08-28,1995-04-17,False,p108413,1977,0,4,9,30,0,0,0,11,0,0,3,266,309.6,408.7,79.0,78.5,22,1.07,2.62,3.69,29.02,0,0,0,0,0,0,0,227,100,89,69,286,160,190,98,2.0,,,,,,0.05,0.0,0.12,0.17,1.32,1.37,239,151,244,110,291,129,562,214,1.0,0.41
275,True,True,100.0,100.0,209400,0,0,-4,4,0,3,1.2,1.2,1,Daichi,1.2,205,False,,2024-11-09T20:00:07.600072Z,51,209400.jpg,1.3,False,Kamada,0.1,False,,a,7,31,42,16529,7,62029,9,0.2,8.2,Kamada,108.0,2024-07-01,1996-08-05,False,p209400,1436,0,0,3,26,0,0,0,4,1,0,0,226,201.8,289.7,141.0,63.6,14,1.12,1.52,2.64,23.27,0,0,0,0,0,0,0,292,135,141,99,217,125,242,122,5.0,,,,,,0.07,0.0,0.1,0.17,1.46,1.63,187,112,276,131,419,198,460,166,0.88,0.19
276,True,True,100.0,100.0,152551,0,0,-2,2,0,3,1.2,1.2,2,Jefferson,1.2,206,False,,2025-01-16T09:30:08.072744Z,48,152551.jpg,1.7,False,Lerma Solís,0.1,False,,a,7,31,54,14175,4,15846,17,0.3,11.2,Lerma,48.0,2023-07-01,1994-10-25,False,p152551,2090,0,1,6,33,0,0,0,9,0,0,2,299,333.0,170.8,175.0,67.7,24,1.07,1.74,2.81,29.86,0,0,0,0,0,0,0,205,90,221,146,187,115,224,113,,,,,,,0.05,0.0,0.07,0.12,1.29,1.42,286,186,272,128,346,161,518,191,1.03,0.26
277,True,True,100.0,100.0,231747,0,0,1,-1,3,4,2.5,2.5,1,Jean-Philippe,2.5,207,False,,2025-03-01T21:30:09.404720Z,76,231747.jpg,4.2,False,Mateta,10.5,False,,a,7,31,147,4093439,5089,3582800,5111,0.3,19.3,Mateta,73.0,2022-01-31,1997-06-28,False,p231747,2572,14,2,8,37,0,0,0,2,0,0,27,572,648.0,382.6,705.0,173.1,32,12.89,2.25,15.14,36.83,0,0,0,0,0,0,0,64,7,95,5,31,13,51,9,,,,,1.0,,0.45,0.0,0.08,0.53,1.29,1.29,16,6,145,16,37,11,38,8,1.12,0.28
278,True,True,100.0,100.0,536694,0,0,-1,1,0,3,0.2,0.2,0,Matheus,0.2,208,False,,2024-09-27T15:30:06.533416Z,44,536694.jpg,3.5,False,França de Oliveira,0.2,False,,a,7,31,7,125788,2,120128,16,0.0,1.6,M.França,30.0,2023-08-05,2004-04-01,False,p536694,24,1,0,0,0,0,0,0,0,0,0,0,27,36.6,0.6,40.0,7.8,0,0.12,0.16,0.28,0.07,0,0,0,0,0,0,0,450,203,499,245,343,185,451,215,,,,,,,0.45,0.0,0.6,1.05,0.26,0.0,541,324,398,181,89,41,351,110,0.0,0.0
279,True,True,,,169593,0,0,-1,1,0,1,0.0,0.0,0,Remi,0.0,209,False,,,39,169593.jpg,0.0,False,Matthews,0.4,False,,a,7,31,0,38390,6,91646,47,0.0,0.0,Matthews,241.0,2021-07-13,1994-02-10,False,p169593,0,0,0,0,0,0,0,0,0,0,0,0,0,0.0,0.0,0.0,0.0,0,0.00,0.00,0.00,0.00,0,0,0,0,0,0,0,572,49,551,31,507,11,572,49,,,,,,,0.0,0.0,0.0,0.0,0.0,0.0,744,70,436,33,582,49,271,38,0.0,0.0
280,True,True,,,244723,0,0,-2,2,1,2,3.0,3.0,6,Tyrick,3.0,210,False,,,48,244723.jpg,3.3,False,Mitchell,2.2,False,,a,7,31,118,397059,837,417111,323,0.6,24.6,Mitchell,241.0,2019-12-15,1999-09-01,False,p244723,3000,0,5,12,45,0,0,0,2,0,0,4,429,573.8,522.6,137.0,123.6,36,1.31,3.65,4.96,44.28,0,0,0,0,0,0,0,86,33,64,11,222,57,97,17,,,,,,,0.04,0.0,0.11,0.15,1.33,1.35,305,38,110,30,114,25,135,51,1.08,0.36
281,True,True,100.0,100.0,247348,0,0,2,-2,4,2,2.5,2.5,9,Daniel,2.5,211,False,,2024-12-16T09:30:06.692125Z,52,247348.jpg,3.9,False,Muñoz,20.0,False,,a,7,31,137,3555910,4680,1771226,3180,0.5,26.3,Muñoz,48.0,2024-01-30,1996-05-26,False,p247348,3049,4,6,11,43,0,0,0,10,0,0,7,479,750.4,575.1,477.0,180.3,35,4.87,3.40,8.27,42.61,0,0,0,0,0,0,0,34,13,50,9,62,1,38,2,,,,,,,0.14,0.0,0.1,0.24,1.26,1.27,171,23,144,37,52,6,15,4,1.03,0.32
282,True,False,0.0,0.0,531989,0,0,0,0,0,3,0.0,0.0,0,David,0.0,212,False,Season long loan to Derby County,2024-07-26T08:51:53.649693Z,45,531989.jpg,0.0,False,Ozoh,0.0,False,,u,7,31,0,0,0,313,0,0.0,0.0,Ozoh,,,,False,p531989,0,0,0,0,0,0,0,0,0,0,0,0,0,0.0,0.0,0.0,0.0,0,0.00,0.00,0.00,0.00,0,0,0,0,0,0,0,730,300,726,300,710,293,730,300,,,,,,,0.0,0.0,0.0,0.0,0.0,0.0,442,279,665,259,734,301,790,339,0.0,0.0
283,True,False,0.0,0.0,450542,0,0,0,0,0,3,0.0,0.0,0,Jesurun,0.0,213,False,Loaned to Sheffield United,2024-08-20T12:16:48.741122Z,45,450542.jpg,0.0,False,Rak-Sakyi,0.0,False,,u,7,31,0,755,0,19754,1,0.0,0.0,Rak-Sakyi,,,,False,p450542,0,0,0,0,0,0,0,0,0,0,0,0,0,0.0,0.0,0.0,0.0,0,0.00,0.00,0.00,0.00,0,0,0,0,0,0,0,700,275,696,275,678,267,700,275,,,,,,,0.0,0.0,0.0,0.0,0.0,0.0,395,245,629,230,705,276,627,251,0.0,0.0
284,True,False,0.0,0.0,86417,0,0,-4,4,0,3,0.0,0.0,0,Jeffrey,0.0,214,False,Loaned to Celtic,2025-02-04T10:49:14.192450Z,46,86417.jpg,1.0,False,Schlupp,0.0,False,,u,7,31,12,10674,0,18390,1,0.0,2.6,Schlupp,81.0,2017-01-13,,False,p86417,95,0,0,0,3,0,0,0,0,0,0,0,43,22.8,42.9,46.0,11.0,0,0.17,0.14,0.31,1.53,0,0,0,0,0,0,0,473,219,368,202,333,180,426,202,,,,,,,0.16,0.0,0.13,0.29,1.45,2.84,348,227,706,288,502,230,555,209,0.0,0.0
285,True,True,100.0,100.0,55494,0,0,-2,2,0,2,0.0,0.0,0,Joel,0.0,215,False,,2025-01-24T16:00:08.907673Z,43,55494.jpg,1.0,False,Ward,0.1,False,,a,7,31,1,4933,6,14256,4,0.0,0.2,Ward,241.0,2012-05-29,1989-10-29,False,p55494,1,0,0,0,0,0,0,0,0,0,0,0,3,0.0,0.0,0.0,0.0,0,0.00,0.00,0.00,0.35,0,0,0,0,0,0,0,661,252,654,251,621,245,661,252,,,,,,,0.0,0.0,0.0,0.0,31.5,0.0,556,107,562,223,467,169,496,174,0.0,0.0
286,True,True,0.0,0.0,496221,0,0,-3,3,0,3,0.0,0.0,0,Adam,2.8,216,False,Ankle injury - Expected back 20 May,2025-05-06T07:30:07.711736Z,47,496221.jpg,2.1,False,Wharton,0.1,False,,i,7,31,42,23115,0,57495,67,0.6,8.9,Wharton,241.0,2024-02-01,2004-02-06,False,p496221,1314,0,2,4,21,0,0,0,2,0,0,0,244,261.2,381.4,69.0,71.2,16,0.38,2.17,2.55,19.34,0,0,0,0,0,0,0,257,116,96,74,299,166,210,106,4.0,,,,,,0.03,0.0,0.15,0.18,1.32,1.44,340,220,128,56,272,115,410,141,1.1,0.27
287,True,True,100.0,100.0,224068,0,0,-1,1,0,1,0.0,0.0,0,Matt,0.0,445,False,,2025-04-25T00:00:08.588805Z,39,224068.jpg,0.0,False,Turner,7.4,False,,a,7,31,0,320492,57,1360356,732,0.0,0.0,Turner,229.0,2024-08-30,1994-06-24,False,p224068,0,0,0,0,0,0,0,0,0,0,0,0,0,0.0,0.0,0.0,0.0,0,0.00,0.00,0.00,0.00,0,0,0,0,0,0,0,575,52,555,35,511,15,575,52,,,,,,,0.0,0.0,0.0,0.0,0.0,0.0,752,74,440,37,585,52,49,9,0.0,0.0
288,True,True,100.0,100.0,232185,-1,1,-4,4,4,3,3.0,3.0,6,Ismaïla,3.0,585,False,,2025-01-17T15:00:07.869411Z,56,232185.jpg,3.8,False,Sarr,7.0,False,,a,7,31,135,2383956,1187,1653713,2981,0.5,24.1,I.Sarr,189.0,2024-08-01,1998-02-25,False,p232185,2556,7,6,10,36,0,0,0,4,0,0,12,497,591.0,558.7,769.0,191.9,28,9.81,6.39,16.20,35.28,0,0,0,0,0,0,0,76,27,57,45,23,12,26,21,,,,,,,0.35,0.0,0.22,0.57,1.24,1.27,103,67,123,53,65,29,53,17,0.99,0.35
289,True,True,100.0,100.0,574398,0,0,-1,1,0,3,0.0,0.0,0,Franco,0.0,644,False,,2024-11-13T09:30:08.263810Z,44,574398.jpg,0.0,False,Umeh-Chibueze,0.0,False,,a,7,31,0,8142,10,6393,8,0.0,0.0,Umeh-Chibueze,104.0,2024-02-18,2005-01-26,False,p574398,0,0,0,0,0,0,0,0,0,0,0,0,0,0.0,0.0,0.0,0.0,0,0.00,0.00,0.00,0.00,0,0,0,0,0,0,0,679,264,674,264,651,255,679,264,,,,,,,0.0,0.0,0.0,0.0,0.0,0.0,548,331,602,215,684,265,608,239,0.0,0.0
290,True,True,,,489706,0,0,0,0,0,3,0.8,0.8,1,Justin,0.8,645,False,,,45,489706.jpg,1.4,False,Devenny,0.1,False,,a,7,31,29,41405,5,34624,18,0.2,6.4,Devenny,242.0,2024-03-13,2003-10-11,False,p489706,421,1,0,0,6,0,0,0,1,0,0,1,105,101.4,90.0,66.0,25.9,4,0.66,0.39,1.05,7.24,0,0,0,0,0,0,0,384,180,299,179,300,167,368,183,3.0,,2.0,,,,0.14,0.0,0.08,0.22,1.55,1.28,410,254,305,145,401,187,489,178,0.86,0.0
291,True,False,0.0,0.0,579075,0,0,0,0,0,3,0.0,0.0,0,Asher,0.0,646,False,Loaned to Gillingham,2025-01-22T10:13:54.779905Z,45,579075.jpg,1.0,False,Agbinone,0.0,False,,u,7,31,2,9074,0,8018,1,0.0,0.4,Agbinone,241.0,2024-07-30,,False,p579075,4,0,0,0,0,0,0,0,0,0,0,0,4,4.0,10.6,1.0,1.5,0,0.02,0.01,0.03,0.00,0,0,0,0,0,0,0,520,239,452,232,475,241,517,240,,,,,,,0.45,0.0,0.22,0.67,0.0,0.0,470,298,690,276,493,225,638,254,0.0,0.0
292,True,True,,,530318,0,0,0,0,0,3,0.0,0.0,0,Kaden,0.0,647,False,,,45,530318.jpg,0.0,False,Rodney,0.0,False,,a,7,31,0,4739,3,3962,1,0.0,0.0,Rodney,241.0,2022-07-08,2004-10-07,False,p530318,0,0,0,0,0,0,0,0,0,0,0,0,0,0.0,0.0,0.0,0.0,0,0.00,0.00,0.00,0.00,0,0,0,0,0,0,0,728,299,724,299,707,292,728,299,,,,,,,0.0,0.0,0.0,0.0,0.0,0.0,439,278,663,258,732,300,644,257,0.0,0.0
293,True,True,100.0,100.0,437499,0,0,0,0,1,2,2.3,2.3,6,Maxence,2.3,650,False,,2025-04-05T20:30:07.212041Z,45,437499.jpg,3.4,False,Lacroix,1.0,False,,a,7,31,111,220833,255,132292,218,0.5,24.7,Lacroix,73.0,2024-08-30,2000-04-06,False,p437499,2936,1,2,11,42,0,0,0,5,0,0,9,446,659.6,85.8,263.0,100.8,33,3.50,0.96,4.46,40.90,0,0,0,0,0,0,0,56,22,306,92,120,12,135,33,,,,,,,0.11,0.0,0.03,0.14,1.25,1.29,389,65,152,38,104,21,214,82,1.01,0.34
294,True,True,,,590012,0,0,0,0,0,2,0.0,0.0,0,Caleb,0.0,666,False,,,40,590012.jpg,1.0,False,Kporha,0.0,False,,a,7,31,2,5931,4,5118,3,0.0,0.5,Kporha,241.0,2024-07-30,2006-07-15,False,p590012,11,0,0,0,1,0,0,0,0,0,0,0,1,8.0,4.6,0.0,1.3,0,0.00,0.02,0.02,0.06,0,0,0,0,0,0,0,506,180,471,165,591,227,518,180,,,,,,,0.0,0.0,0.16,0.16,0.49,8.18,713,220,528,199,463,165,586,203,0.0,0.0
295,True,True,,,576980,0,0,0,0,0,4,0.0,0.0,0,Zach,0.0,676,False,,,45,576980.jpg,0.0,False,Marsh,0.2,False,,a,7,31,0,89104,30,70849,45,0.0,0.0,Marsh,241.0,2023-07-18,2005-10-06,False,p576980,0,0,0,0,0,0,0,0,0,0,0,0,0,0.0,0.0,0.0,0.0,0,0.00,0.00,0.00,0.00,0,0,0,0,0,0,0,752,70,749,70,732,70,752,70,,,,,,,0.0,0.0,0.0,0.0,0.0,0.0,468,78,688,61,755,73,339,53,0.0,0.0
296,True,True,100.0,100.0,606921,0,0,-3,3,0,3,0.5,0.5,1,Romain,0.5,730,False,,2025-04-11T14:00:07.170172Z,47,606921.jpg,2.4,False,Esse,0.1,False,,a,7,31,12,22215,17,17631,20,0.1,2.6,Esse,241.0,2025-01-18,2005-05-13,False,p606921,44,1,0,0,0,0,0,0,0,0,0,2,36,41.0,12.1,43.0,9.6,0,0.32,0.11,0.43,0.56,0,0,0,0,0,0,0,439,200,443,227,336,182,437,208,,,,,,,0.65,0.0,0.22,0.87,1.15,0.0,345,224,354,171,225,94,536,200,0.0,0.0
297,True,True,,,100044409,0,0,0,0,0,5,6.0,6.0,10,Oliver,6.0,741,False,,,8,100044409.jpg,0.0,False,Glasner,3.0,False,,a,7,31,109,215808,41,138712,35,7.5,136.2,Glasner,14.0,2024-02-20,1974-08-28,False,man44410,0,0,0,0,0,0,0,0,0,0,0,0,0,0.0,0.0,0.0,0.0,0,0.00,0.00,0.00,0.00,6,4,4,2,2,5,21,554,9,531,9,485,9,554,9,,,,,,,0.0,0.0,0.0,0.0,0.0,0.0,795,14,22,11,564,9,461,8,0.0,0.0
298,True,True,100.0,100.0,440323,0,0,-2,2,0,4,1.3,0.8,0,Armando,0.8,156,False,,2025-04-19T20:30:07.515553Z,53,440323.jpg,1.2,False,Broja,0.1,False,,a,8,11,12,12828,54,18443,32,0.2,2.3,Broja,2.0,2024-08-30,2001-09-10,False,p440323,327,0,0,2,2,0,0,0,1,0,0,0,23,20.2,53.8,43.0,10.9,4,0.11,0.11,0.22,3.82,0,0,0,0,0,0,0,478,45,353,40,338,44,427,42,,,,,,,0.03,0.0,0.03,0.06,1.05,0.55,153,41,318,29,435,44,529,71,1.1,0.55
299,True,True,100.0,100.0,121599,0,0,-4,4,0,3,4.3,3.8,5,Abdoulaye,3.8,217,False,,2025-02-12T22:30:09.537351Z,51,121599.jpg,2.9,False,Doucouré,0.5,False,,a,8,11,90,148367,1804,144689,188,0.7,17.6,A.Doucoure,132.0,2020-09-08,1993-01-01,False,p121599,2485,3,2,10,33,0,0,0,3,1,0,5,323,346.4,361.3,332.0,103.6,30,3.88,1.24,5.12,33.80,0,0,0,0,0,0,0,199,86,104,77,97,64,130,77,,,,,,,0.14,0.0,0.04,0.18,1.22,1.2,180,107,69,29,156,67,259,81,1.09,0.36
300,True,True,,,486385,0,0,-2,2,2,4,4.3,3.8,9,Norberto Bercique,3.8,218,False,,,48,486385.jpg,3.0,False,Gomes Betuncal,3.2,False,,a,8,11,84,1254393,17949,967223,516,0.8,17.5,Beto,90.0,2023-08-29,1998-01-31,False,p486385,1344,8,0,2,24,0,0,0,2,0,0,12,289,362.0,128.4,608.0,109.0,13,6.50,0.31,6.81,16.80,0,0,0,0,0,0,0,187,20,255,27,44,18,118,20,,,,,,,0.44,0.0,0.02,0.46,1.12,1.61,315,61,65,6,141,21,103,18,0.87,0.13
301,True,True,100.0,100.0,480455,0,0,-2,2,0,2,2.7,2.2,2,Jarrad,2.2,219,False,,2024-11-14T10:00:08.223634Z,48,480455.jpg,2.8,False,Branthwaite,2.1,False,,a,8,11,82,329704,3594,346471,358,0.5,17.1,Branthwaite,241.0,2020-06-20,2002-06-27,False,p480455,2436,0,1,8,28,0,0,0,4,0,0,3,397,617.0,56.3,119.0,79.3,27,1.14,0.60,1.74,29.66,0,0,0,0,0,0,0,68,27,347,114,241,67,186,58,,,,,,,0.04,0.0,0.02,0.06,1.1,1.03,314,40,159,43,168,49,139,53,1.0,0.3
302,True,True,100.0,100.0,177815,0,0,-6,6,1,4,0.9,0.4,1,Dominic,0.4,220,False,,2025-01-25T21:00:09.935532Z,54,177815.jpg,2.5,False,Calvert-Lewin,1.0,False,,a,8,11,61,1020194,183,1135300,46,0.1,11.3,Calvert-Lewin,241.0,2016-10-01,1997-03-16,False,p177815,1585,3,2,8,18,0,0,0,2,0,0,3,151,194.0,126.0,550.0,86.3,19,6.24,0.63,6.87,23.66,0,0,0,0,0,0,0,299,27,258,28,48,20,167,23,,,,,1.0,,0.35,0.0,0.04,0.39,1.34,1.02,126,35,380,38,212,25,205,32,1.08,0.45
303,True,True,100.0,100.0,59949,0,0,-2,2,0,2,0.7,0.2,1,Séamus,0.2,221,False,,2025-01-17T15:30:08.311911Z,43,59949.jpg,1.0,False,Coleman,0.0,False,,a,8,11,4,5978,36,8682,6,0.0,0.9,Coleman,104.0,2009-02-02,1988-10-11,False,p59949,197,0,0,0,4,0,0,0,1,0,0,0,14,42.2,2.2,21.0,6.7,2,0.62,0.01,0.63,4.47,0,0,0,0,0,0,0,437,161,485,176,391,134,460,162,,,,,,,0.28,0.0,0.0,0.28,2.04,1.83,558,109,395,128,468,170,593,205,0.91,0.0
304,True,True,100.0,100.0,80801,0,0,-2,2,0,3,2.5,2.0,2,Idrissa,2.0,222,False,,2024-09-19T14:30:05.586621Z,48,80801.jpg,2.4,False,Gueye,0.2,False,,a,8,11,84,114734,35,103922,73,0.4,17.5,Gana,189.0,2022-09-01,1989-09-26,False,p80801,2883,0,3,10,39,0,0,0,8,0,0,5,474,492.4,319.0,115.0,92.6,33,1.15,1.95,3.10,37.56,0,0,0,0,0,0,0,135,50,120,85,248,138,150,87,,,,,,,0.04,0.0,0.06,0.1,1.17,1.22,281,182,182,79,226,95,374,121,1.03,0.31
305,True,True,100.0,100.0,232928,0,0,-1,1,0,3,2.7,2.2,2,James,2.2,223,False,,2024-10-17T14:00:07.870350Z,49,232928.jpg,2.0,False,Garner,0.0,False,,a,8,11,38,3569,14,4718,11,0.4,7.8,Garner,241.0,2022-09-01,2001-03-13,False,p232928,1410,0,1,3,19,0,0,0,3,0,0,0,226,241.0,226.7,52.0,51.7,15,0.29,1.27,1.56,17.41,0,0,0,0,0,0,0,268,121,179,124,322,175,279,144,,,2.0,,,,0.02,0.0,0.08,0.1,1.11,1.21,261,167,161,70,294,132,653,266,0.96,0.19
306,True,True,100.0,100.0,221399,0,0,-3,3,0,3,2.7,2.2,2,Jack,2.2,224,False,,2024-09-19T14:30:05.601507Z,52,221399.jpg,2.4,False,Harrison,0.2,False,,a,8,11,77,43101,127,47259,64,0.4,14.8,Harrison,241.0,2023-08-14,1996-11-20,False,p221399,1953,1,3,6,27,0,0,0,0,0,0,4,281,273.4,522.5,278.0,106.8,23,3.47,3.11,6.58,29.25,0,0,0,0,0,0,0,246,109,65,52,115,76,123,73,,,,,,,0.16,0.0,0.14,0.3,1.35,1.24,169,101,168,77,231,100,394,135,1.06,0.28
307,True,False,0.0,0.0,194164,0,0,0,0,0,2,0.0,0.0,0,Mason,0.0,225,False,Loaned to West Bromwich Albion,2024-08-31T08:24:25.909228Z,40,194164.jpg,1.0,False,Holgate,0.1,False,,u,8,11,1,11786,0,52205,5,0.0,0.2,Holgate,,,,False,p194164,5,0,0,0,1,0,0,0,0,0,0,0,-1,0.0,0.0,0.0,0.0,0,0.00,0.00,0.00,0.07,0,0,0,0,0,0,0,589,198,573,196,534,186,589,198,,,,,,,0.0,0.0,0.0,0.0,1.26,18.0,644,167,466,152,454,158,420,150,0.0,0.0
308,True,True,100.0,100.0,490094,0,0,-2,2,0,3,0.9,0.4,1,Tim,0.4,226,False,,2024-10-17T14:00:07.887629Z,43,490094.jpg,1.2,False,Iroegbunam,0.6,False,,a,8,11,22,278359,31,249384,194,0.1,5.1,Iroegbunam,241.0,2024-06-22,2003-06-30,False,p490094,562,0,1,0,16,0,0,0,4,0,0,0,82,122.0,40.9,32.0,19.6,5,0.23,0.14,0.37,12.27,0,0,0,0,0,0,0,359,166,373,204,358,194,388,189,,,,,,,0.04,0.0,0.02,0.06,1.96,2.56,587,340,365,174,428,203,251,79,0.8,0.0
309,True,True,,,222627,0,0,-2,2,0,1,0.5,0.0,0,João,0.0,227,False,,,38,222627.jpg,0.0,False,Neves Virgínia,0.6,False,,a,8,11,0,86886,1155,85869,257,0.0,0.0,J.Virginia,173.0,2018-08-27,1999-10-10,False,p222627,0,0,0,0,0,0,0,0,0,0,0,0,0,0.0,0.0,0.0,0.0,0,0.00,0.00,0.00,0.00,0,0,0,0,0,0,0,566,44,543,24,497,3,566,44,,,,,,,0.0,0.0,0.0,0.0,0.0,0.0,779,82,425,26,576,44,248,33,0.0,0.0
310,True,True,100.0,100.0,106611,0,0,-2,2,2,2,2.1,1.6,9,Michael,1.6,228,False,,2024-12-06T10:30:07.770742Z,38,106611.jpg,3.4,False,Keane,4.0,False,,a,8,11,41,1622604,2112,1449864,412,0.4,10.8,Keane,241.0,2017-07-03,1993-01-11,False,p106611,940,3,0,2,20,0,0,0,5,0,0,4,109,277.8,23.0,121.0,42.3,10,0.60,0.02,0.62,17.20,0,0,0,0,0,0,0,243,90,414,147,239,66,300,93,,,,,,,0.06,0.0,0.0,0.06,1.65,1.91,775,261,213,61,101,18,94,35,0.96,0.19
311,True,False,0.0,0.0,115382,0,0,-1,1,0,4,0.0,0.0,0,Neal,0.0,229,False,Transferred to Marseille,2024-08-31T06:13:30.372925Z,49,115382.jpg,0.0,False,Maupay,0.2,False,,u,8,11,0,20402,0,164621,3,0.0,0.0,Maupay,,,,False,p115382,0,0,0,0,0,0,0,0,0,0,0,0,0,0.0,0.0,0.0,0.0,0,0.00,0.00,0.00,0.00,0,0,0,0,0,0,0,770,76,769,75,758,76,770,76,,,,,,,0.0,0.0,0.0,0.0,0.0,0.0,241,51,729,69,771,77,345,54,0.0,0.0
312,True,True,100.0,100.0,433154,0,0,-4,4,3,3,4.5,4.0,4,Dwight,4.0,230,False,,2024-12-14T22:30:07.956313Z,51,433154.jpg,4.5,False,McNeil,1.3,False,,a,8,11,86,1734045,2804,1730724,156,0.8,16.9,McNeil,241.0,2022-07-28,1999-11-22,False,p433154,1288,4,7,4,24,0,0,0,1,0,0,9,372,364.8,585.5,203.0,115.5,14,1.05,4.10,5.14,20.40,0,0,0,0,0,0,0,184,78,45,38,157,99,109,67,1.0,,,,,,0.07,0.0,0.29,0.36,1.43,1.68,188,113,60,24,23,11,175,58,0.98,0.28
313,True,True,100.0,100.0,224967,0,0,-2,2,0,2,3.9,3.4,8,Vitalii,3.4,231,False,,2025-04-05T16:00:08.540143Z,43,224967.jpg,3.2,False,Mykolenko,6.1,False,,a,8,11,104,1496394,11975,1706138,361,0.8,24.2,Mykolenko,225.0,2022-01-01,1999-05-29,False,p224967,2902,1,2,9,39,0,0,0,3,0,0,6,395,563.4,376.0,94.0,103.6,33,0.45,1.98,2.43,37.51,0,0,0,0,0,0,0,96,37,99,19,270,78,129,32,,,,,,,0.01,0.0,0.06,0.07,1.16,1.21,576,123,88,21,118,26,62,20,1.02,0.28
314,True,True,100.0,100.0,440993,0,0,-3,3,2,4,2.1,1.6,1,Iliman,1.6,232,False,,2025-02-12T22:30:09.619740Z,52,440993.jpg,3.2,False,Ndiaye,1.1,False,,a,8,11,99,1086768,899,1002121,813,0.3,19.0,Ndiaye,189.0,2024-07-03,2000-03-06,False,p440993,2277,7,0,13,24,0,0,0,3,0,0,18,463,510.4,306.9,430.0,125.0,27,5.20,1.23,6.43,27.80,0,0,0,0,0,0,0,123,15,128,11,69,23,95,19,,,,,,,0.21,0.0,0.05,0.26,1.1,0.95,172,43,237,22,123,20,197,30,1.07,0.51
315,True,True,100.0,100.0,243571,0,0,-1,1,0,2,1.5,1.0,0,Nathan,1.0,234,False,,2025-02-12T12:30:09.421305Z,44,243571.jpg,1.4,False,Patterson,0.0,False,,a,8,11,14,4167,40,4394,37,0.2,3.2,Patterson,243.0,2022-01-04,2001-10-16,False,p243571,342,0,1,0,6,0,0,0,1,0,0,0,47,71.6,70.3,12.0,15.5,3,0.07,0.38,0.45,4.48,0,0,0,0,0,0,0,411,146,326,103,420,149,407,139,,,,,,,0.02,0.0,0.1,0.12,1.18,1.58,524,101,286,84,399,136,602,210,0.79,0.0
316,True,True,,,111234,0,0,1,-1,4,1,4.3,3.8,3,Jordan,3.8,235,False,,,51,111234.jpg,3.9,False,Pickford,16.2,False,,a,8,11,141,2429232,7526,2316816,1171,0.7,27.6,Pickford,241.0,2017-07-01,1994-03-07,False,p111234,3240,0,1,10,44,0,2,0,7,0,114,12,534,985.2,20.3,0.0,100.4,36,0.00,0.21,0.21,43.81,0,0,0,0,0,0,0,6,2,418,3,782,77,136,2,,,,,,,0.0,3.17,0.01,0.01,1.22,1.22,179,6,68,6,50,8,24,3,1.0,0.28
317,True,True,0.0,0.0,17761,0,0,-2,2,2,2,0.0,0.0,0,James,1.6,236,False,Hamstring injury - Expected back 01 Jun,2025-04-19T21:00:07.561932Z,48,17761.jpg,3.2,False,Tarkowski,1.8,False,,i,8,11,105,591204,14,633734,1886,0.3,21.9,Tarkowski,241.0,2022-07-01,1992-11-19,False,p17761,2922,1,1,10,38,0,0,0,6,0,0,8,468,859.0,188.8,217.0,126.9,33,1.32,2.33,3.65,39.30,0,0,0,0,0,0,0,17,5,208,48,151,23,91,13,,,,,,,0.04,0.0,0.07,0.11,1.21,1.17,278,33,232,73,122,29,149,58,1.02,0.31
318,True,True,100.0,100.0,491012,0,0,-1,1,0,4,0.9,0.4,0,Youssef,0.4,237,False,,2025-01-04T19:30:08.340445Z,49,491012.jpg,0.8,False,Ramalho Chermiti,0.0,False,,a,8,11,3,4875,9,5331,7,0.1,0.6,Y. Chermiti,173.0,2023-08-11,2004-05-24,False,p491012,42,0,0,0,0,0,0,0,1,0,0,0,9,2.4,0.6,27.0,3.0,0,0.11,0.00,0.11,0.47,0,0,0,0,0,0,0,534,57,501,54,379,48,494,53,,,,,,,0.24,0.0,0.0,0.24,1.01,0.0,271,54,376,36,536,62,661,82,0.0,0.0
319,True,True,100.0,100.0,18892,0,0,-3,3,1,2,1.3,0.8,2,Ashley,0.8,238,False,,2024-12-23T10:00:08.166370Z,42,18892.jpg,2.9,False,Young,1.4,False,,a,8,11,86,677496,381,580989,305,0.2,20.5,Young,241.0,2023-07-13,1985-07-09,False,p18892,1702,1,4,7,23,0,0,0,6,1,0,8,305,405.8,326.9,46.0,78.2,18,0.27,2.32,2.59,23.87,0,0,0,0,0,0,0,171,64,116,25,331,110,191,60,,,1.0,,,,0.01,0.0,0.12,0.13,1.26,1.22,598,136,299,89,149,39,167,65,0.95,0.37
320,True,True,100.0,100.0,502697,0,0,-3,3,1,3,2.9,2.4,5,Carlos,2.4,450,False,,2025-02-28T11:07:29.233196Z,47,502697.jpg,2.4,False,Alcaraz Durán,0.1,False,,a,8,11,33,16288,244,21779,15,0.5,7.0,Alcaraz,10.0,2025-02-03,2002-11-30,False,p502697,666,1,3,0,9,0,0,0,4,0,0,3,154,173.4,203.6,178.0,55.7,6,1.60,0.67,2.27,9.74,0,0,0,0,0,0,0,317,143,196,132,185,113,263,135,,,,,,,0.22,0.0,0.09,0.31,1.32,1.22,342,221,146,62,224,93,539,201,0.81,0.0
321,True,True,0.0,0.0,463903,0,0,-5,5,0,3,0.0,0.0,0,Jesper,0.0,577,False,Groin Injury - Expected back 25 May,2025-04-04T12:00:09.306283Z,50,463903.jpg,1.8,False,Lindstrøm,0.1,False,,i,8,11,44,12769,0,22804,7,0.0,8.8,Lindstrøm,58.0,2024-07-26,2000-02-29,False,p463903,1229,0,1,6,14,0,0,0,2,0,0,0,167,214.2,309.6,237.0,76.0,15,2.15,1.96,4.11,13.37,0,0,0,0,0,0,0,284,129,125,89,138,87,197,102,2.0,,1.0,,,,0.16,0.0,0.14,0.3,0.98,1.03,223,141,754,324,333,155,524,195,1.1,0.44
322,True,True,75.0,,512462,0,0,-5,5,2,2,1.7,1.8,0,Jake,1.8,582,False,Knee injury - 75% chance of playing,2025-05-11T00:30:08.339199Z,45,512462.jpg,2.9,False,O'Brien,1.1,False,,d,8,11,52,160640,155,72841,1369,0.4,11.6,O'Brien,104.0,2024-07-30,2001-05-15,False,p512462,1388,2,0,3,17,0,0,0,5,0,0,4,184,312.6,108.1,98.0,51.9,15,0.69,0.30,0.99,16.15,0,0,0,0,0,0,0,222,82,277,79,268,77,277,84,,,,,,,0.04,0.0,0.02,0.06,1.05,1.1,428,73,196,58,151,41,193,75,0.97,0.19
323,True,False,0.0,0.0,609873,0,0,-1,1,0,3,0.0,0.0,0,Harrison,0.0,603,False,Loaned to Derby County,2025-02-04T10:31:41.928684Z,44,609873.jpg,0.7,False,Armstrong,0.1,False,,u,8,11,2,35572,0,40095,5,0.0,0.5,Armstrong,241.0,2024-08-09,,False,p609873,47,0,0,0,1,0,0,0,1,0,0,0,1,1.8,10.9,9.0,2.2,0,0.37,0.00,0.37,0.45,0,0,0,0,0,0,0,538,249,451,231,430,221,501,234,,,,,,,0.71,0.0,0.0,0.71,0.86,1.91,553,335,606,218,542,252,430,149,0.0,0.0
324,True,False,0.0,0.0,491557,0,0,0,0,0,3,0.0,0.0,0,Jenson,0.0,614,False,Season long loan to Chesterfield,2024-09-01T09:13:11.888586Z,45,491557.jpg,0.0,False,Metcalfe,0.0,False,,u,8,11,0,777,0,1081,0,0.0,0.0,Metcalfe,,,,False,p491557,0,0,0,0,0,0,0,0,0,0,0,0,0,0.0,0.0,0.0,0.0,0,0.00,0.00,0.00,0.00,0,0,0,0,0,0,0,712,284,709,284,690,276,712,284,,,,,,,0.0,0.0,0.0,0.0,0.0,0.0,415,257,644,240,717,285,758,317,0.0,0.0
325,True,True,,,40349,0,0,0,0,0,1,0.5,0.0,0,Asmir,0.0,624,False,,,40,40349.jpg,0.0,False,Begovic,0.2,False,,a,8,11,0,42400,13,30190,29,0.0,0.0,Begovic,27.0,2024-08-23,1987-06-20,False,p40349,0,0,0,0,0,0,0,0,0,0,0,0,0,0.0,0.0,0.0,0.0,0,0.00,0.00,0.00,0.00,0,0,0,0,0,0,0,586,60,567,43,528,24,586,60,,,,,,,0.0,0.0,0.0,0.0,0.0,0.0,635,40,460,46,596,60,375,53,0.0,0.0
326,True,True,,,496178,0,0,-1,1,0,2,0.5,0.0,0,Roman,0.0,627,False,,,39,496178.jpg,0.0,False,Dixon,0.1,False,,a,8,11,0,12616,12,11668,12,0.0,0.0,Dixon,241.0,2024-08-09,2004-12-26,False,p496178,90,0,0,0,4,0,0,0,0,0,0,0,0,15.4,0.3,0.0,1.6,1,0.00,0.00,0.00,2.43,0,0,0,0,0,0,0,487,175,505,185,517,177,515,179,,,,,,,0.0,0.0,0.0,0.0,2.43,4.0,763,251,448,142,591,196,494,173,1.0,0.0
327,True,True,0.0,0.0,179519,0,0,0,0,0,3,0.0,0.0,0,Orel,0.0,651,False,Knee injury - Expected back 01 Jun,2025-01-25T21:00:10.987581Z,50,179519.jpg,2.1,False,Mangala,0.0,False,,i,8,11,39,5142,1,5261,2,0.0,7.8,Mangala,21.0,2024-08-30,1998-03-18,False,p179519,1257,1,0,5,10,0,0,0,2,0,0,0,175,172.8,133.5,106.0,41.4,14,1.13,0.59,1.72,16.64,0,0,0,0,0,0,0,318,144,250,158,260,148,305,157,,,,,,,0.08,0.0,0.04,0.12,1.19,0.72,203,124,745,316,277,117,684,278,1.0,0.36
328,True,True,,,547801,0,0,0,0,0,3,0.5,0.0,0,Callum,0.0,678,False,,,45,547801.jpg,0.0,False,Bates,0.0,False,,a,8,11,0,2709,4,2221,2,0.0,0.0,Bates,241.0,2024-11-08,2005-09-28,False,p547801,0,0,0,0,0,0,0,0,0,0,0,0,0,0.0,0.0,0.0,0.0,0,0.00,0.00,0.00,0.00,0,0,0,0,0,0,0,740,308,736,308,720,301,740,308,,,,,,,0.0,0.0,0.0,0.0,0.0,0.0,453,288,675,267,744,309,717,298,0.0,0.0
329,True,True,,,536241,0,0,0,0,0,4,0.5,0.0,0,Martin,0.0,724,False,,,45,536241.jpg,0.0,False,Sherif,0.1,False,,a,8,11,0,18201,25,11036,24,0.0,0.0,Sherif,152.0,2024-09-16,2006-06-10,False,p536241,0,0,0,0,0,0,0,0,0,0,0,0,0,0.0,0.0,0.0,0.0,0,0.00,0.00,0.00,0.00,0,0,0,0,0,0,0,735,66,731,65,715,66,735,66,,,,,,,0.0,0.0,0.0,0.0,0.0,0.0,447,73,670,56,739,70,473,66,0.0,0.0
330,True,True,,,100000084,0,0,0,0,0,5,7.1,6.6,9,David,6.6,742,False,,,5,100000084.jpg,0.0,False,Moyes,8.4,False,,a,8,11,108,97871,801,320163,49,13.2,216.0,Moyes,243.0,2025-01-11,1963-04-25,False,man85,0,0,0,0,0,0,0,0,0,0,0,0,0,0.0,0.0,0.0,0.0,0,0.00,0.00,0.00,0.00,5,7,3,2,2,3,21,546,1,523,1,477,1,546,1,,,,,,,0.0,0.0,0.0,0.0,0.0,0.0,797,16,11,7,556,1,320,3,0.0,0.0
331,True,True,,,496279,0,0,0,0,0,3,0.5,0.0,0,Isaac,0.0,773,False,,,45,496279.jpg,0.0,False,Heath,0.0,False,,a,8,11,0,256,1,145,3,0.0,0.0,Heath,241.0,2025-02-07,2004-10-28,False,p496279,0,0,0,0,0,0,0,0,0,0,0,0,0,0.0,0.0,0.0,0.0,0,0.00,0.00,0.00,0.00,0,0,0,0,0,0,0,716,288,713,288,694,280,716,288,,,,,,,0.0,0.0,0.0,0.0,0.0,0.0,419,261,648,244,721,289,780,332,0.0,0.0
332,True,True,,,504296,0,0,0,0,0,3,0.5,0.0,0,Coby,0.0,775,False,,,45,504296.jpg,0.0,False,Ebere,0.0,False,,a,8,11,0,257,1,168,0,0.0,0.0,Coby Ebere,80.0,2025-02-14,2005-09-17,False,p504296,0,0,0,0,0,0,0,0,0,0,0,0,0,0.0,0.0,0.0,0.0,0,0.00,0.00,0.00,0.00,0,0,0,0,0,0,0,721,292,717,292,699,284,721,292,,,,,,,0.0,0.0,0.0,0.0,0.0,0.0,426,267,653,248,725,293,783,335,0.0,0.0
333,True,True,0.0,0.0,200641,0,0,0,0,0,3,0.0,0.0,0,Reiss,0.0,10,False,Hamstring injury - Expected back 01 Jun,2024-12-05T00:30:07.571778Z,50,200641.jpg,2.2,False,Nelson,0.0,False,,i,9,54,27,16090,2,18623,3,0.0,5.4,Nelson,241.0,2024-08-30,1999-12-10,False,p200641,483,1,1,1,9,0,0,0,1,0,0,2,143,131.6,223.9,195.0,55.1,5,1.07,0.96,2.03,6.13,0,0,0,0,0,0,0,356,165,181,126,166,104,265,137,4.0,,,,,,0.2,0.0,0.18,0.38,1.14,1.68,204,125,746,317,255,108,549,207,0.93,0.19
334,True,True,100.0,100.0,209289,0,0,-4,4,1,3,3.0,3.0,5,Emile,3.0,19,False,,2025-04-21T04:30:07.475951Z,51,209289.jpg,3.5,False,Smith Rowe,7.4,False,,a,9,54,112,3639413,361,4564108,370,0.6,22.0,Smith Rowe,241.0,2024-08-02,2000-07-28,False,p209289,1942,6,3,7,25,0,0,0,2,0,0,15,441,423.4,380.6,373.0,117.9,24,4.35,1.93,6.28,21.82,0,0,0,0,0,0,0,163,64,97,75,81,54,104,66,,,,,,,0.2,0.0,0.09,0.29,1.01,1.16,186,111,117,48,93,45,50,15,1.11,0.32
335,True,True,100.0,100.0,174874,0,0,-3,3,0,2,1.6,1.6,1,Joachim,1.6,191,False,,2024-12-20T17:00:08.228623Z,42,174874.jpg,1.8,False,Andersen,3.4,False,,a,9,54,50,271498,53,1710091,227,0.4,11.9,Andersen,58.0,2024-08-23,1996-05-31,False,p174874,2493,0,0,4,43,1,0,0,6,1,0,3,293,649.8,86.6,157.0,89.5,28,1.01,0.56,1.57,32.07,0,0,0,0,0,0,0,63,25,304,91,202,42,160,46,,,,,,,0.04,0.0,0.02,0.06,1.16,1.55,613,147,217,65,320,103,102,39,1.01,0.14
336,True,True,100.0,100.0,159533,0,0,-5,5,0,3,1.6,1.6,1,Adama,1.6,239,False,,2025-03-03T01:00:07.621217Z,45,159533.jpg,2.5,False,Traoré,1.4,False,,a,9,54,84,838282,217,774847,238,0.4,18.7,Adama,200.0,2023-08-12,1996-01-25,False,p159533,1604,2,6,3,24,0,0,0,3,0,0,7,350,357.8,582.1,402.0,134.4,16,3.87,4.49,8.36,19.67,0,0,0,0,0,0,0,190,80,47,39,74,48,86,57,,,,,,,0.22,0.0,0.25,0.47,1.1,1.35,371,234,226,96,204,84,166,53,0.9,0.17
337,True,True,100.0,100.0,156689,0,0,-6,6,0,3,1.4,1.4,2,Andreas,1.4,240,False,,2024-12-14T22:00:08.101494Z,49,156689.jpg,2.5,False,Hoelgebaum Pereira,0.9,False,,a,9,54,79,155014,17,442376,72,0.3,16.1,Andreas,30.0,2022-07-11,1996-01-01,False,p156689,1945,2,6,5,31,0,0,1,8,0,0,2,356,326.0,854.7,283.0,145.9,24,3.56,4.37,7.93,25.21,0,0,0,0,0,0,0,209,93,13,12,111,72,69,48,1.0,,1.0,,1.0,,0.16,0.0,0.2,0.36,1.17,1.43,243,153,259,119,207,86,222,70,1.11,0.23
338,True,True,100.0,100.0,232892,0,0,0,0,1,2,1.2,1.2,1,Calvin,1.2,241,False,,2024-12-09T09:30:06.333045Z,45,232892.jpg,2.2,False,Bassey,0.6,False,,a,9,54,74,128189,78,106191,190,0.3,16.4,Bassey,157.0,2023-07-28,1999-12-31,False,p232892,2984,1,0,5,45,0,0,0,7,0,0,0,380,568.4,96.0,157.0,82.2,33,1.02,0.42,1.44,36.28,0,0,0,0,0,0,0,89,34,293,87,203,43,181,55,,,,,,,0.03,0.0,0.01,0.04,1.09,1.36,381,63,269,80,251,80,249,96,1.0,0.15
339,True,True,,,428971,0,0,-1,1,0,1,0.0,0.0,0,Steven,0.0,242,False,,,39,428971.jpg,0.0,False,Benda,0.3,False,,a,9,54,0,33735,12,44935,37,0.0,0.0,Benda,80.0,2023-08-30,1998-10-01,False,p428971,0,0,0,0,0,0,0,0,0,0,0,0,0,0.0,0.0,0.0,0.0,0,0.00,0.00,0.00,0.00,0,0,0,0,0,0,0,576,53,556,36,512,16,576,53,,,,,,,0.0,0.0,0.0,0.0,0.0,0.0,755,75,441,38,586,53,297,45,0.0,0.0
340,True,True,100.0,100.0,76357,0,0,-2,2,0,3,0.6,0.6,1,Tom,0.6,243,False,,2025-02-22T21:00:09.945910Z,48,76357.jpg,1.1,False,Cairney,0.0,False,,a,9,54,25,4483,6,6862,4,0.1,5.2,Cairney,243.0,2015-07-07,1991-01-20,False,p76357,492,1,0,1,10,0,0,0,3,1,0,0,153,115.4,196.9,59.0,37.2,2,0.28,1.11,1.39,6.57,0,0,0,0,0,0,0,363,168,203,134,307,170,316,159,,,,,,,0.05,0.0,0.2,0.25,1.2,1.83,280,181,334,157,444,209,613,242,0.37,0.18
341,True,True,0.0,0.0,166477,0,0,-3,3,0,2,0.0,0.0,0,Timothy,0.6,244,False,Ankle injury - Expected back 01 Jun,2025-05-07T22:00:07.863791Z,42,166477.jpg,1.9,False,Castagne,0.9,False,,i,9,54,46,236880,2,414574,885,0.1,11.0,Castagne,21.0,2023-08-29,1995-12-05,False,p166477,1642,0,1,3,28,0,0,0,1,0,0,0,205,360.4,163.6,123.0,64.9,17,0.38,0.56,0.94,22.39,0,0,0,0,0,0,0,188,69,227,56,238,65,236,76,,,,,,,0.02,0.0,0.03,0.05,1.23,1.53,612,146,328,101,300,94,220,85,0.93,0.16
342,True,True,,,219924,0,0,-2,2,0,2,0.0,0.0,0,Issa,0.0,245,False,,,43,219924.jpg,1.5,False,Diop,0.2,False,,a,9,54,31,30240,9,38966,22,0.0,7.2,Diop,73.0,2022-08-10,1997-01-09,False,p219924,1334,0,0,1,19,1,0,0,2,0,0,0,146,257.6,44.7,83.0,38.3,15,0.51,0.07,0.58,19.98,0,0,0,0,0,0,0,260,97,364,124,283,84,312,99,,,,,,,0.03,0.0,0.0,0.03,1.35,1.28,573,120,565,224,373,123,358,136,1.01,0.07
343,True,False,0.0,0.0,515024,0,0,0,0,0,3,0.0,0.0,0,Luke,0.0,246,False,Season long loan to Birmingham City,2024-08-06T17:24:03.566492Z,45,515024.jpg,0.0,False,Harris,0.0,False,,u,9,54,0,0,0,987,0,0.0,0.0,Harris,,,,False,p515024,0,0,0,0,0,0,0,0,0,0,0,0,0,0.0,0.0,0.0,0.0,0,0.00,0.00,0.00,0.00,0,0,0,0,0,0,0,723,294,719,294,701,286,723,294,,,,,,,0.0,0.0,0.0,0.0,0.0,0.0,431,271,656,251,727,295,763,321,0.0,0.0
344,True,True,,,153133,0,0,1,-1,4,3,3.8,3.8,2,Alex,3.8,247,False,,,56,153133.jpg,4.2,False,Iwobi,6.2,False,,a,9,54,153,2285133,821,1699417,5738,0.7,27.3,Iwobi,157.0,2023-09-01,1996-05-03,False,p153133,2887,9,6,6,42,0,0,0,1,0,0,16,696,800.6,916.0,685.0,240.3,34,4.30,6.83,11.13,34.56,0,0,0,0,0,0,0,23,5,8,8,36,21,10,7,,,,,,,0.13,0.0,0.21,0.34,1.08,1.31,102,66,71,30,33,17,61,20,1.06,0.19
345,True,True,,,80201,0,0,0,0,1,1,2.0,2.0,2,Bernd,2.0,248,False,,,50,80201.jpg,3.0,False,Leno,3.1,False,,a,9,54,107,588728,122,555913,1049,0.4,21.4,Leno,80.0,2022-08-02,1992-03-04,False,p80201,3240,0,2,5,50,0,0,0,4,0,104,5,450,895.8,20.0,0.0,91.5,36,0.00,0.03,0.03,41.97,0,0,0,0,0,0,0,12,4,423,7,767,74,156,4,,,,,,,0.0,2.89,0.0,0.0,1.17,1.39,196,7,183,14,142,23,107,16,1.0,0.14
346,True,True,0.0,0.0,212314,0,0,-2,2,0,3,0.0,0.0,0,Saša,1.6,249,False,Knock - Expected back 18 May,2025-05-09T16:30:08.370879Z,48,212314.jpg,1.9,False,Lukić,0.0,False,,i,9,54,52,8239,1,10846,11,0.3,10.8,Lukić,190.0,2023-01-31,1996-08-13,False,p212314,2173,0,2,4,33,0,0,0,12,0,0,1,330,324.4,410.6,111.0,84.6,26,1.15,1.31,2.46,27.31,0,0,0,0,0,0,0,211,95,86,66,258,146,171,93,2.0,,,,3.0,,0.05,0.0,0.05,0.1,1.13,1.37,297,194,234,102,307,137,557,211,1.08,0.17
347,True,False,0.0,0.0,120721,0,0,0,0,0,2,0.0,0.0,0,Kevin,0.0,250,False,Transferred to FC Midtjylland,2024-08-31T06:24:47.127908Z,40,120721.jpg,0.0,False,Mbabu,0.1,False,,u,9,54,0,8149,0,45212,5,0.0,0.0,Mbabu,,,,False,p120721,0,0,0,0,0,0,0,0,0,0,0,0,0,0.0,0.0,0.0,0.0,0,0.00,0.00,0.00,0.00,0,0,0,0,0,0,0,587,197,570,195,531,185,587,197,,,,,,,0.0,0.0,0.0,0.0,0.0,0.0,640,165,463,151,597,199,424,151,0.0,0.0
348,True,True,0.0,0.0,244042,0,0,-5,5,1,4,0.0,0.0,0,Rodrigo,0.2,251,False,Achilles injury - Expected back 01 Jun,2025-04-21T04:30:07.731276Z,55,244042.jpg,2.8,False,Muniz Carvalho,1.4,False,,i,9,54,86,857688,6,1385436,517,0.0,15.6,Muniz,30.0,2021-08-20,2001-05-04,False,p244042,943,8,1,2,17,0,0,0,1,0,0,14,349,352.4,95.3,508.0,95.4,8,5.91,0.20,6.11,15.28,0,0,0,0,0,0,0,196,21,295,32,54,21,147,21,,,,,,,0.56,0.0,0.02,0.58,1.46,1.62,115,30,419,45,170,23,164,25,0.76,0.19
349,True,True,,,102057,0,0,-2,2,2,4,2.8,2.8,8,Raúl,2.8,252,False,,,53,102057.jpg,3.8,False,Jiménez,5.0,False,,a,9,54,135,3541553,1511,3109171,1361,0.5,25.5,Raúl,139.0,2023-07-25,1991-05-05,False,p102057,2306,11,3,7,33,0,0,0,4,0,0,22,502,564.4,359.7,981.0,189.9,28,11.47,2.03,13.50,27.71,0,0,0,0,0,0,0,95,10,106,7,10,5,27,6,,,,,2.0,,0.45,0.0,0.08,0.53,1.08,1.29,142,39,131,11,64,16,71,13,1.09,0.27
350,True,False,0.0,0.0,82514,0,0,0,0,0,2,0.0,0.0,0,Tim,0.0,253,False,Permanent transfer to Charlotte FC,2024-08-09T11:16:10.995330Z,45,82514.jpg,0.0,False,Ream,0.0,False,,u,9,54,0,0,0,1225,0,0.0,0.0,Ream,,,,False,p82514,0,0,0,0,0,0,0,0,0,0,0,0,0,0.0,0.0,0.0,0.0,0,0.00,0.00,0.00,0.00,0,0,0,0,0,0,0,683,258,678,257,656,255,683,258,,,,,,,0.0,0.0,0.0,0.0,0.0,0.0,364,55,608,242,688,257,744,253,0.0,0.0
351,True,True,0.0,0.0,153366,0,0,-3,3,0,3,0.0,0.0,0,Harrison,0.2,254,False,Calf injury - Expected back 01 Jun,2025-05-04T12:00:08.026361Z,47,153366.jpg,0.8,False,Reed,0.0,False,,i,9,54,10,3069,0,5997,1,0.0,2.1,Reed,241.0,2020-08-30,1995-01-27,False,p153366,100,0,0,0,3,0,0,0,2,0,0,0,36,18.6,20.6,33.0,7.1,0,0.23,0.09,0.32,4.62,0,0,0,0,0,0,0,481,222,417,220,356,193,454,216,,,,,,,0.21,0.0,0.08,0.29,4.16,2.7,322,208,408,185,535,251,623,247,0.0,0.0
352,True,True,100.0,100.0,169528,-1,1,2,-2,0,2,0.8,0.8,0,Antonee,0.8,255,False,,2025-04-27T12:00:08.198414Z,47,169528.jpg,3.1,False,Robinson,17.0,False,,a,9,54,104,4097950,588,3248061,10367,0.2,22.1,Robinson,229.0,2020-08-20,1997-08-08,False,p169528,2988,0,10,5,45,0,0,0,8,0,0,8,482,868.8,705.8,200.0,177.7,33,0.70,4.05,4.75,39.11,0,0,0,0,0,0,0,15,4,31,4,161,26,43,4,,,,,,,0.02,0.0,0.12,0.14,1.18,1.36,323,43,309,93,130,34,21,8,0.99,0.15
353,True,False,0.0,0.0,490146,0,0,0,0,0,4,0.0,0.0,0,Jay,0.0,256,False,Transferred to Birmingham City,2024-08-31T09:25:38.042723Z,50,490146.jpg,1.0,False,Stansfield,0.0,False,,u,9,54,1,4673,0,12128,0,0.0,0.2,Stansfield,,,,False,p490146,1,0,0,0,0,0,0,0,0,0,0,0,2,0.0,0.0,0.0,0.0,0,0.00,0.00,0.00,0.67,0,0,0,0,0,0,0,785,81,784,81,778,81,785,81,,,,,,,0.0,0.0,0.0,0.0,60.3,0.0,226,49,757,74,516,59,597,77,0.0,0.0
354,True,True,100.0,100.0,167074,0,0,-1,1,0,2,2.0,2.0,1,Kenny,2.0,257,False,,2024-12-14T22:30:08.002508Z,44,167074.jpg,2.4,False,Tete,0.2,False,,a,9,54,48,60354,12,72374,40,0.5,10.9,Tete,152.0,2020-09-10,1995-10-09,False,p167074,1593,0,2,3,22,0,0,0,4,0,0,0,199,323.2,184.7,139.0,64.6,19,1.23,0.61,1.84,19.72,0,0,0,0,0,0,0,213,75,211,50,220,55,237,77,,,,,,,0.07,0.0,0.03,0.1,1.11,1.24,502,87,176,49,221,69,353,133,1.07,0.17
355,True,True,100.0,100.0,245824,0,0,0,0,0,4,0.4,0.4,0,Carlos Vinícius,0.4,258,False,,2024-09-13T15:30:06.747794Z,50,245824.jpg,1.0,False,Alves Morais,0.3,False,,a,9,54,3,60009,39,100251,42,0.1,0.6,Vinicius,30.0,2022-09-01,1995-03-25,False,p245824,13,0,0,0,1,0,0,0,0,0,0,0,14,4.0,0.0,19.0,2.3,0,0.06,0.00,0.06,0.11,0,0,0,0,0,0,0,522,54,777,78,401,51,500,54,,,,,,,0.42,0.0,0.0,0.42,0.76,6.92,214,46,377,37,515,58,301,48,0.0,0.0
356,True,True,100.0,100.0,153682,0,0,-3,3,1,3,1.4,1.4,2,Harry,1.4,259,False,,2025-01-27T01:00:08.787656Z,52,153682.jpg,3.0,False,Wilson,0.2,False,,a,9,54,70,188631,31,194100,38,0.3,13.5,Wilson,244.0,2021-07-24,1997-03-22,False,p153682,1065,5,2,2,20,0,0,0,2,0,0,6,288,282.8,306.9,373.0,95.6,11,4.10,1.13,5.23,13.82,0,0,0,0,0,0,0,237,105,127,91,82,55,146,86,3.0,,3.0,,,,0.35,0.0,0.1,0.45,1.17,1.69,167,100,260,120,145,63,352,111,0.93,0.17
357,True,True,100.0,100.0,184349,0,0,-3,3,2,2,4.8,4.8,1,Ryan,4.8,579,False,,2024-11-29T14:30:06.735790Z,42,184349.jpg,3.9,False,Sessegnon,3.1,False,,a,9,54,55,392046,979,61639,1999,1.1,13.1,Sessegnon,241.0,2024-07-26,2000-05-18,False,p184349,548,4,2,1,10,0,0,0,1,0,0,5,123,270.8,129.4,221.0,62.1,7,1.66,0.84,2.50,7.91,0,0,0,0,0,0,0,250,93,254,68,146,21,244,79,,,,,,,0.27,0.0,0.14,0.41,1.3,1.64,614,148,41,7,49,4,111,41,1.15,0.16
358,True,True,100.0,100.0,246301,0,0,-1,1,0,2,0.0,0.0,0,Jorge,0.0,586,False,,2024-11-29T14:30:06.749491Z,44,246301.jpg,1.2,False,Cuenca Barreno,0.0,False,,a,9,54,7,2649,3,6397,1,0.0,1.6,J.Cuenca,200.0,2024-08-03,1999-11-17,False,p246301,258,0,0,0,6,0,0,0,0,0,0,0,30,58.4,2.0,4.0,6.3,3,0.02,0.01,0.03,6.12,0,0,0,0,0,0,0,420,150,486,177,457,168,464,164,,,,,,,0.01,0.0,0.0,0.01,2.13,2.09,525,102,590,240,429,146,566,197,1.05,0.0
359,True,True,,,577725,0,0,-1,1,0,3,0.2,0.2,1,Josh,0.2,604,False,,,44,577725.jpg,1.3,False,King,0.1,False,,a,9,54,8,16505,4,17337,3,0.0,1.8,King,241.0,2024-02-02,2007-01-03,False,p577725,85,0,0,1,0,0,0,0,0,0,0,0,28,23.0,42.2,29.0,9.6,1,0.26,0.66,0.92,0.49,0,0,0,0,0,0,0,470,218,369,203,370,199,436,207,,,,,,,0.28,0.0,0.7,0.98,0.52,0.0,549,332,401,184,415,194,483,175,1.06,1.06
360,True,True,,,573062,0,0,-1,1,0,3,0.2,0.2,1,Martial,0.2,605,False,,,44,573062.jpg,1.0,False,Godo,0.0,False,,a,9,54,2,7396,5,7581,1,0.0,0.5,Godo,241.0,2022-08-22,2003-03-14,False,p573062,21,0,0,0,0,0,0,0,0,0,0,0,4,3.2,12.0,14.0,3.0,0,0.00,0.07,0.07,0.19,0,0,0,0,0,0,0,525,242,444,228,411,215,493,230,,,,,,,0.0,0.0,0.3,0.3,0.81,0.0,547,330,400,183,479,217,582,225,0.0,0.0
361,True,True,100.0,100.0,207189,0,0,0,0,0,3,1.2,1.2,1,Sander,1.2,622,False,,2024-12-23T10:00:08.707768Z,50,207189.jpg,1.8,False,Berge,0.0,False,,a,9,54,51,4843,8,4414,5,0.2,10.2,Berge,161.0,2024-08-22,1998-02-14,False,p207189,2172,0,0,4,33,0,0,0,6,0,0,2,321,303.0,282.7,34.0,61.9,25,0.16,0.60,0.76,28.08,0,0,0,0,0,0,0,229,101,146,103,352,190,246,125,,,,,,,0.01,0.0,0.02,0.03,1.16,1.37,205,126,274,129,332,154,633,253,1.04,0.17
362,True,True,,,591385,0,0,0,0,0,2,0.0,0.0,0,Samuel,0.0,690,False,,,40,591385.jpg,0.0,False,Amissah,0.0,False,,a,9,54,0,4629,2,3835,8,0.0,0.0,Amissah,241.0,2023-07-19,2007-03-07,False,p591385,0,0,0,0,0,0,0,0,0,0,0,0,0,0.0,0.0,0.0,0.0,0,0.00,0.00,0.00,0.00,0,0,0,0,0,0,0,641,237,629,236,593,229,641,237,,,,,,,0.0,0.0,0.0,0.0,0.0,0.0,715,222,530,201,649,237,631,218,0.0,0.0
363,True,True,,,100041800,0,0,0,0,0,5,2.0,2.0,1,Marco Alexandre,2.0,753,False,,,11,100041800.jpg,0.0,False,Saraiva da Silva,0.2,False,,a,9,54,85,27540,4,19772,18,1.8,77.3,Silva,173.0,2021-07-01,1977-07-12,False,man41801,0,0,0,0,0,0,0,0,0,0,0,0,0,0.0,0.0,0.0,0.0,0,0.00,0.00,0.00,0.00,6,0,8,3,0,1,17,556,11,533,11,487,11,556,11,,,,,,,0.0,0.0,0.0,0.0,0.0,0.0,787,6,172,19,566,11,729,18,0.0,0.0
364,True,True,,,47431,0,0,0,0,0,3,1.0,1.0,1,Willian,1.0,772,False,,,50,47431.jpg,1.3,False,Borges da Silva,0.0,False,,a,9,54,13,2374,5,1417,3,0.2,2.6,Willian,30.0,2025-02-06,1988-08-09,False,p47431,250,0,0,1,3,0,0,0,0,0,0,0,54,36.2,133.3,25.0,19.5,2,0.28,0.72,1.00,4.49,0,0,0,0,0,0,0,451,204,251,159,381,203,389,190,,,,,,,0.1,0.0,0.26,0.36,1.62,1.08,195,119,290,139,418,197,695,282,0.72,0.36
365,True,True,100.0,100.0,474120,0,0,-1,1,1,3,5.4,4.9,2,Julio,5.4,121,False,,2025-02-15T18:30:08.525864Z,54,474120.jpg,2.4,False,Enciso,0.2,False,,a,10,40,57,39135,1721,29357,136,1.0,10.6,Enciso,168.0,2025-01-23,2004-01-23,False,p474120,1085,2,3,2,20,0,0,0,3,0,0,5,219,244.8,246.3,332.0,81.8,13,2.61,1.30,3.91,21.36,0,0,0,0,0,0,0,267,120,163,111,98,65,183,96,5.0,,3.0,,,,0.22,0.0,0.11,0.33,1.77,1.66,137,86,29,10,232,101,373,120,1.08,0.17
366,True,False,0.0,0.0,462387,0,0,-3,3,0,4,0.0,0.0,0,Ali,0.0,260,False,Loaned to Stoke City,2025-01-27T09:58:45.208139Z,47,462387.jpg,0.7,False,Al-Hamadi,0.2,False,,u,10,40,8,61694,0,87873,5,0.0,1.7,Al-Hamadi,103.0,2024-01-29,,False,p462387,125,0,0,0,5,0,0,0,3,0,0,0,15,5.6,25.7,32.0,6.0,0,0.35,0.04,0.39,3.84,0,0,0,0,0,0,0,510,51,408,45,359,47,466,47,,,,,2.0,,0.25,0.0,0.03,0.28,2.76,3.6,333,62,712,65,543,63,354,55,0.0,0.0
367,True,False,0.0,0.0,517178,0,0,0,0,0,2,0.0,0.0,0,Elkan,0.0,261,False,Season long loan to Blackpool,2024-08-07T08:20:38.133494Z,40,517178.jpg,0.0,False,Baggott,0.0,False,,u,10,40,0,0,0,2894,1,0.0,0.0,Baggott,,,,False,p517178,0,0,0,0,0,0,0,0,0,0,0,0,0,0.0,0.0,0.0,0.0,0,0.00,0.00,0.00,0.00,0,0,0,0,0,0,0,621,220,608,218,570,209,621,220,,,,,,,0.0,0.0,0.0,0.0,0.0,0.0,687,197,505,179,629,220,694,238,0.0,0.0
368,True,True,0.0,0.0,173818,0,0,-1,1,0,3,0.0,0.0,0,Nathan,0.2,262,False,Thigh injury - Unknown return date,2025-04-21T04:30:07.746088Z,49,173818.jpg,1.8,False,Broadhead,0.0,False,,i,10,40,28,2517,0,3184,1,0.0,5.7,Broadhead,244.0,2023-01-09,1998-04-05,False,p173818,594,1,0,2,10,0,0,0,1,0,0,0,108,106.8,94.9,127.0,32.9,6,1.54,1.03,2.57,10.71,0,0,0,0,0,0,0,375,176,296,177,235,132,338,166,,,1.0,,3.0,,0.23,0.0,0.16,0.39,1.62,1.52,248,158,413,189,330,152,698,284,0.91,0.3
369,True,True,100.0,100.0,122411,0,0,-2,2,0,2,1.6,1.1,2,Cameron,1.6,263,False,,2025-03-06T03:00:08.001952Z,38,122411.jpg,1.4,False,Burgess,1.9,False,,a,10,40,26,475906,183,321707,413,0.4,6.8,Burgess,13.0,2021-08-15,1995-10-21,False,p122411,1540,0,2,0,37,0,0,0,0,0,0,0,122,422.0,87.2,103.0,61.4,16,1.08,0.34,1.42,35.17,0,0,0,0,0,0,0,164,61,303,90,264,73,247,80,,,,,,,0.06,0.0,0.02,0.08,2.06,2.16,776,262,214,62,387,125,147,57,0.94,0.0
370,True,True,0.0,0.0,149929,0,0,-3,3,0,3,0.0,0.0,0,Wes,0.0,264,False,Knee injury - Expected back 01 Jun,2025-01-25T21:00:10.042481Z,47,149929.jpg,1.7,False,Burns,0.0,False,,i,10,40,30,5858,2,13223,4,0.0,6.4,Burns,244.0,2021-06-09,1994-11-23,False,p149929,922,0,1,1,23,0,0,0,1,0,0,0,144,111.6,148.5,66.0,31.8,12,0.50,1.17,1.67,23.62,0,0,0,0,0,0,0,369,173,237,152,301,168,345,170,,,,,,,0.05,0.0,0.11,0.16,2.31,2.25,321,207,708,290,345,160,616,243,1.17,0.1
371,True,True,100.0,100.0,196411,0,0,-4,4,0,3,0.8,0.3,1,Conor,0.8,265,False,,2025-01-03T20:00:09.216849Z,51,196411.jpg,1.9,False,Chaplin,0.1,False,,a,10,40,38,8043,4,27377,6,0.2,7.5,Chaplin,241.0,2021-07-27,1997-02-16,False,p196411,757,1,2,1,17,0,0,0,2,0,0,0,132,101.4,147.1,88.0,33.1,9,1.18,0.56,1.74,16.92,0,0,0,0,0,0,0,385,181,241,154,279,155,337,165,,,,,,,0.14,0.0,0.07,0.21,2.01,2.02,183,109,316,150,312,141,497,181,1.07,0.12
372,True,False,0.0,0.0,232228,0,0,0,0,0,2,0.0,0.0,0,Harry,0.0,266,False,Loaned to Sheffield United,2025-02-03T10:21:05.274215Z,40,232228.jpg,0.1,False,Clarke,0.0,False,,u,10,40,1,10773,0,12341,3,0.0,0.2,H.Clarke,241.0,2023-01-19,,False,p232228,377,0,0,0,10,1,0,0,1,1,0,0,-5,48.2,24.4,35.0,10.5,4,0.08,0.10,0.18,9.10,0,0,0,0,0,0,0,429,157,411,146,348,116,430,151,,,,,,,0.02,0.0,0.02,0.04,2.17,2.39,654,175,476,160,555,194,553,193,0.95,0.0
373,True,True,100.0,0.0,455084,0,0,-3,3,2,2,-0.4,0.0,0,Leif,-0.4,267,False,,2025-04-21T04:30:07.768773Z,42,455084.jpg,1.6,False,Davis,0.9,False,,a,10,40,50,358447,120,452653,101,-0.1,11.9,Davis,241.0,2022-07-25,1999-12-31,False,p455084,2562,1,2,2,66,0,0,0,5,1,0,5,170,459.0,769.1,128.0,135.5,30,0.89,4.18,5.07,58.89,0,0,0,0,0,0,0,148,55,18,3,233,63,84,11,1.0,,4.0,,,,0.03,0.0,0.15,0.18,2.07,2.32,621,155,800,265,357,114,221,86,1.05,0.07
374,True,True,100.0,100.0,463034,0,0,1,-1,2,4,1.2,0.7,2,Liam,1.2,268,False,,2025-04-12T05:30:06.621186Z,56,463034.jpg,3.7,False,Delap,3.1,False,,a,10,40,131,1717348,4668,1467794,1160,0.2,23.4,Delap,241.0,2024-07-13,2003-02-08,False,p463034,2548,12,2,3,57,0,0,0,11,0,0,22,476,513.0,289.7,773.0,156.9,32,9.40,1.38,10.78,53.45,0,0,0,0,0,0,0,121,14,142,14,22,11,63,14,,,,,,,0.33,0.0,0.05,0.38,1.89,2.01,105,27,278,25,77,17,108,20,1.13,0.11
375,True,False,0.0,0.0,214964,0,0,0,0,0,2,0.0,0.0,0,George,0.0,269,False,Loaned to Middlesbrough,2024-08-31T08:22:49.668219Z,40,214964.jpg,1.0,False,Edmundson,0.1,False,,u,10,40,1,2076,0,15310,0,0.0,0.2,Edmundson,241.0,2021-07-27,,False,p214964,1,0,0,0,0,0,0,0,0,0,0,0,3,0.0,0.0,0.0,0.0,0,0.00,0.00,0.00,0.00,0,0,0,0,0,0,0,595,203,580,201,541,191,595,203,,,,,,,0.0,0.0,0.0,0.0,0.0,0.0,652,173,474,158,456,159,541,189,0.0,0.0
376,True,True,100.0,100.0,449429,0,0,-2,2,0,2,0.6,0.1,2,Jacob,0.6,270,False,,2024-11-22T17:30:09.014564Z,38,449429.jpg,1.5,False,Greaves,2.4,False,,a,10,40,35,1019002,255,843640,531,0.2,9.2,Greaves,241.0,2024-07-12,2000-09-12,False,p449429,2025,1,0,2,48,0,0,0,5,0,0,0,162,550.6,64.4,149.0,76.4,23,1.28,0.19,1.47,43.70,0,0,0,0,0,0,0,105,40,337,110,206,45,196,61,,,,,,,0.06,0.0,0.01,0.07,1.94,2.13,780,265,324,98,368,119,127,46,1.02,0.09
377,True,False,0.0,0.0,167191,0,0,-1,1,0,3,0.0,0.0,0,Marcus,0.0,271,False,Loaned to Derby County,2024-08-31T08:21:56.022360Z,49,167191.jpg,1.0,False,Myers-Harness,0.0,False,,u,10,40,2,347,0,2455,0,0.0,0.4,Harness,,,,False,p167191,43,0,0,0,2,0,0,0,0,0,0,0,4,9.4,1.9,6.0,1.7,0,0.00,0.05,0.05,1.36,0,0,0,0,0,0,0,502,233,487,239,449,230,514,238,,,,,,,0.0,0.0,0.1,0.1,2.85,4.19,245,155,731,304,510,236,728,303,0.0,0.0
378,True,True,100.0,100.0,222625,0,0,-1,1,1,4,2.0,1.5,0,George,2.0,272,False,,2024-11-22T17:00:09.158802Z,54,222625.jpg,1.8,False,Hirst,0.0,False,,a,10,40,42,16172,48,15145,26,0.4,7.8,Hirst,243.0,2023-07-13,1999-02-15,False,p222625,505,3,1,0,12,0,0,0,3,0,0,3,151,146.4,59.3,180.0,38.2,3,1.90,0.24,2.14,13.73,0,0,0,0,0,0,0,346,33,343,37,184,37,313,36,,,,,1.0,,0.34,0.0,0.04,0.38,2.45,2.14,130,36,186,19,336,37,558,75,0.53,0.0
379,True,False,0.0,0.0,524180,0,0,0,0,0,3,0.0,0.0,0,Cameron,0.0,273,False,Loaned to Wycombe,2024-08-23T12:39:48.370081Z,45,524180.jpg,0.0,False,Humphreys,0.0,False,,u,10,40,0,651,0,5232,2,0.0,0.0,Humphreys,,,,False,p524180,0,0,0,0,0,0,0,0,0,0,0,0,0,0.0,0.0,0.0,0.0,0,0.00,0.00,0.00,0.00,0,0,0,0,0,0,0,727,298,723,298,705,290,727,298,,,,,,,0.0,0.0,0.0,0.0,0.0,0.0,437,276,661,256,731,299,709,291,0.0,0.0
380,True,True,100.0,100.0,503301,0,0,-3,3,0,3,1.4,0.9,2,Omari,1.4,274,False,,2025-04-03T01:00:08.022445Z,52,503301.jpg,2.9,False,Giraud-Hutchinson,0.3,False,,a,10,40,84,88518,213,124004,42,0.3,16.2,Hutchinson,241.0,2024-07-01,2003-10-30,False,p503301,2405,3,3,3,56,0,0,0,5,0,0,6,329,358.8,442.2,383.0,118.5,28,2.41,2.18,4.59,49.23,0,0,0,0,0,0,0,189,79,81,62,80,53,103,65,,,3.0,,,,0.09,0.0,0.08,0.17,1.84,2.1,174,103,261,121,157,68,330,101,1.05,0.11
381,True,True,100.0,100.0,222018,0,0,-2,2,1,2,2.0,1.5,1,Ben,2.0,275,False,,2025-04-26T17:30:07.919562Z,38,222018.jpg,1.3,False,Johnson,1.9,False,,a,10,40,30,399180,562,561591,432,0.5,7.9,Johnson,241.0,2024-07-01,2000-01-24,False,p222018,1346,1,2,0,39,0,0,0,3,1,0,2,23,276.6,177.2,92.0,54.6,14,1.06,0.83,1.89,37.89,0,0,0,0,0,0,0,244,91,216,52,272,80,270,82,,,,,,,0.07,0.0,0.06,0.13,2.53,2.61,778,264,174,47,409,138,145,56,0.94,0.0
382,True,False,0.0,0.0,94926,0,0,0,0,0,4,0.0,0.0,0,Freddie,0.0,276,False,Mutual termination of contract,2024-08-31T06:23:26.859072Z,45,94926.jpg,0.0,False,Ladapo,0.4,False,,u,10,40,0,59882,0,220506,19,0.0,0.0,Ladapo,,,,False,p94926,0,0,0,0,0,0,0,0,0,0,0,0,0,0.0,0.0,0.0,0.0,0,0.00,0.00,0.00,0.00,0,0,0,0,0,0,0,684,60,679,59,657,60,684,60,,,,,,,0.0,0.0,0.0,0.0,0.0,0.0,365,64,609,49,689,65,292,47,0.0,0.0
383,True,True,100.0,100.0,106606,0,0,-2,2,0,3,0.4,-0.1,0,Massimo,0.4,277,False,,2024-12-25T22:30:08.205367Z,43,106606.jpg,1.2,False,Luongo,0.2,False,,a,10,40,11,76289,31,91574,27,0.1,2.6,Luongo,13.0,2023-01-05,1992-09-25,False,p106606,191,0,0,0,6,0,0,0,0,0,0,0,39,31.6,6.4,2.0,4.1,2,0.00,0.01,0.01,6.80,0,0,0,0,0,0,0,456,208,466,234,468,235,483,225,,,,,,,0.0,0.0,0.0,0.0,3.2,2.83,560,337,361,173,427,202,363,115,0.94,0.0
384,True,True,100.0,100.0,74944,0,0,-2,2,0,3,1.6,1.1,2,Sam,1.6,278,False,,2025-02-15T18:30:08.820018Z,48,74944.jpg,2.0,False,Morsy,0.1,False,,a,10,40,63,48310,23,60960,19,0.3,13.1,Morsy,63.0,2021-08-31,1991-09-10,False,p74944,2575,1,1,2,62,1,0,0,10,0,0,5,380,393.6,316.2,34.0,74.3,29,0.40,1.15,1.55,56.44,0,0,0,0,0,0,0,175,71,122,87,351,189,199,103,,,,,,,0.01,0.0,0.04,0.05,1.97,2.17,279,180,233,101,289,127,438,154,1.01,0.07
385,True,False,0.0,0.0,246265,0,0,0,0,0,2,0.0,0.0,0,Corrie,0.0,279,False,Permanent transfer to Kilmarnock,2024-08-01T06:52:12.954431Z,40,246265.jpg,0.0,False,Ndaba,0.0,False,,u,10,40,0,0,0,648,0,0.0,0.0,Ndaba,,,,False,p246265,0,0,0,0,0,0,0,0,0,0,0,0,0,0.0,0.0,0.0,0.0,0,0.00,0.00,0.00,0.00,0,0,0,0,0,0,0,597,205,582,203,543,193,597,205,,,,,,,0.0,0.0,0.0,0.0,0.0,0.0,656,177,478,162,605,205,761,258,0.0,0.0
386,True,True,,,434044,0,0,-1,1,0,1,0.0,-0.5,0,Cieran,0.0,280,False,,,39,434044.jpg,0.0,False,Slicker,0.6,False,,a,10,40,0,52445,15,81313,69,0.0,0.0,Slicker,243.0,2023-07-08,2002-09-15,False,p434044,0,0,0,0,0,0,0,0,0,0,0,0,0,0.0,0.0,0.0,0.0,0,0.00,0.00,0.00,0.00,0,0,0,0,0,0,0,577,54,557,37,513,17,577,54,,,,,,,0.0,0.0,0.0,0.0,0.0,0.0,756,76,442,39,587,54,253,34,0.0,0.0
387,True,True,100.0,100.0,231899,0,0,-2,2,0,3,1.4,0.9,1,Jack,1.4,281,False,,2024-11-22T17:30:09.045912Z,48,231899.jpg,1.2,False,Taylor,0.0,False,,a,10,40,36,3455,6,5278,2,0.3,7.5,Taylor,104.0,2023-06-26,1998-06-23,False,p231899,806,1,0,0,20,0,0,0,4,0,0,1,138,140.6,98.8,84.0,32.1,4,0.75,0.77,1.52,16.13,0,0,0,0,0,0,0,349,159,288,173,281,157,342,169,,,,,,,0.08,0.0,0.09,0.17,1.8,2.23,304,199,258,118,431,205,619,245,0.45,0.0
388,True,True,100.0,100.0,180804,0,0,-1,1,0,2,0.4,-0.1,2,Axel,0.4,282,False,,2025-04-27T12:00:08.227756Z,39,180804.jpg,1.2,False,Tuanzebe,1.2,False,,a,10,40,25,443937,57,451933,111,0.1,6.4,Tuanzebe,50.0,2023-09-08,1997-11-14,False,p180804,1530,0,1,1,33,1,0,0,3,1,0,0,73,261.2,72.9,21.0,35.3,18,0.21,0.16,0.37,30.20,0,0,0,0,0,0,0,255,95,322,102,390,133,329,108,,,,,,,0.01,0.0,0.01,0.02,1.78,1.94,746,242,356,106,424,143,186,71,1.06,0.06
389,True,True,100.0,100.0,108813,0,0,-2,2,1,1,0.0,-0.5,0,Christian,0.0,283,False,,2025-02-05T18:30:08.721535Z,43,108813.jpg,2.3,False,Walton,0.2,False,,a,10,40,14,23656,13,33182,20,0.0,3.3,Walton,241.0,2022-01-19,1995-11-09,False,p108813,540,0,0,1,16,0,0,0,0,0,17,2,38,139.4,10.0,0.0,14.9,6,0.00,0.00,0.00,12.87,0,0,0,0,0,0,0,351,32,457,15,622,57,409,31,,,,,,,0.0,2.83,0.0,0.0,2.14,2.67,561,27,563,76,236,34,395,54,1.0,0.17
390,True,True,,,220583,0,0,-1,1,0,2,0.4,-0.1,0,Luke,0.4,284,False,,,39,220583.jpg,1.2,False,Woolfenden,1.2,False,,a,10,40,18,135889,5,159200,108,0.1,4.6,Woolfenden,241.0,2017-08-07,1998-10-21,False,p220583,1187,0,0,1,28,0,0,0,2,0,0,0,93,258.4,6.7,8.0,27.5,12,0.03,0.02,0.05,26.46,0,0,0,0,0,0,0,259,96,465,162,433,157,360,121,,,,,,,0.0,0.0,0.0,0.0,2.01,2.12,751,245,357,107,425,144,188,73,0.91,0.08
391,True,True,100.0,100.0,155405,0,0,-2,2,0,3,0.2,-0.3,0,Kalvin,0.2,359,False,,2025-04-14T08:30:08.009152Z,48,155405.jpg,1.4,False,Phillips,0.1,False,,a,10,40,27,6781,7,13962,2,0.0,5.6,Phillips,241.0,2024-08-16,1995-12-02,False,p155405,1231,0,0,1,30,0,0,0,4,1,0,0,167,181.8,116.2,41.0,33.8,14,0.45,0.46,0.91,27.21,0,0,0,0,0,0,0,309,139,265,163,341,184,332,164,2.0,,2.0,,,,0.03,0.0,0.03,0.06,1.99,2.19,287,187,411,188,404,190,545,205,1.02,0.07
392,True,True,0.0,0.0,232917,0,0,-1,1,0,1,0.0,0.0,0,Arijanet,0.0,568,False,Shoulder injury - Unknown return date,2025-04-11T14:00:07.052575Z,44,232917.jpg,2.7,False,Muric,0.5,False,,i,10,40,49,199005,18,205727,84,0.0,11.1,Muric,286.0,2024-07-17,1998-11-07,False,p232917,1620,0,0,1,33,0,0,0,1,0,70,5,186,531.2,0.0,0.0,53.1,18,0.00,0.01,0.01,36.12,0,0,0,0,0,0,0,115,18,665,77,640,63,275,19,,,,,,,0.0,3.89,0.0,0.0,2.01,1.83,522,23,588,79,180,29,268,37,1.0,0.06
393,True,True,0.0,0.0,481624,0,0,-2,2,1,3,0.0,0.0,0,Jaden,0.2,569,False,Knee injury - Expected back 01 Jun,2025-04-14T08:30:08.245702Z,53,481624.jpg,1.8,False,Philogene,0.1,False,,i,10,40,37,10246,4,15109,12,0.0,7.0,Jaden,241.0,2025-01-15,2002-02-08,False,p481624,796,2,0,2,22,0,0,0,3,1,0,3,116,159.0,98.2,190.0,43.9,7,2.43,0.34,2.77,14.41,0,0,0,0,0,0,0,330,149,289,174,175,108,296,152,,,,,,,0.27,0.0,0.04,0.31,1.63,2.49,155,92,416,192,335,157,540,202,0.79,0.23
394,True,True,0.0,0.0,108053,0,0,-1,1,0,2,0.0,0.0,0,Conor,0.2,583,False,Hamstring injury - Unknown return date,2025-04-21T04:30:08.085211Z,39,108053.jpg,1.8,False,Townsend,0.5,False,,i,10,40,11,74564,4,67627,159,0.1,2.8,Townsend,241.0,2024-08-01,1993-03-04,False,p108053,334,0,1,0,6,0,0,0,1,0,0,0,43,110.2,56.0,13.0,18.0,3,0.03,0.24,0.27,8.13,0,0,0,0,0,0,0,372,131,349,115,412,143,394,133,,,,,,,0.01,0.0,0.06,0.07,2.19,1.62,740,239,387,120,318,101,257,98,0.81,0.0
395,True,True,0.0,0.0,172453,0,0,-3,3,0,3,0.0,0.0,0,Sam,0.0,611,False,Ankle injury - Expected back 18 May,2025-03-06T03:00:08.694060Z,57,172453.jpg,2.8,False,Szmodics,0.2,False,,i,10,40,53,109477,5,118665,12,0.0,9.3,Szmodics,104.0,2024-08-16,1995-09-24,False,p172453,976,4,0,2,17,0,0,0,2,0,0,2,161,211.4,81.6,263.0,55.1,13,3.44,0.44,3.88,23.19,0,0,0,0,0,0,0,287,131,312,184,121,79,266,138,3.0,,,,,,0.32,0.0,0.04,0.36,2.14,1.57,94,60,780,336,171,73,404,139,1.2,0.18
396,True,True,100.0,100.0,454667,0,0,0,0,0,3,1.2,0.7,1,Jens,1.2,619,False,,2025-02-22T21:00:10.320626Z,45,454667.jpg,2.0,False,Cajuste,0.1,False,,a,10,40,56,49032,13,37826,41,0.3,12.4,Cajuste,206.0,2024-08-19,1999-08-10,False,p454667,1813,1,0,1,42,0,0,0,2,0,0,2,274,248.0,178.7,46.0,46.9,23,0.51,0.61,1.12,42.29,0,0,0,0,0,0,0,266,119,214,141,332,179,292,149,,,,,,,0.03,0.0,0.03,0.06,2.1,2.08,396,246,270,126,285,123,427,148,1.14,0.05
397,True,True,100.0,100.0,216616,0,0,-1,1,0,2,1.0,0.5,2,Dara,1.0,630,False,,2024-10-18T17:30:07.558521Z,39,216616.jpg,1.4,False,O'Shea,1.2,False,,a,10,40,47,393493,185,276869,310,0.3,12.1,O'Shea,104.0,2024-08-25,1999-03-04,False,p216616,2942,0,2,2,70,0,0,0,6,0,0,1,221,822.4,57.8,183.0,106.1,33,1.18,0.65,1.83,65.32,0,0,0,0,0,0,0,19,6,345,113,180,33,125,30,,,,,,,0.04,0.0,0.02,0.06,2.0,2.14,750,244,283,81,389,127,184,70,1.01,0.06
398,True,True,,,443261,0,0,-1,1,0,3,1.2,0.7,1,Jack,1.2,631,False,,,54,443261.jpg,1.7,False,Clarke,0.0,False,,a,10,40,50,9981,13,9576,2,0.2,9.3,J.Clarke,241.0,2024-08-24,2000-11-23,False,p443261,1071,0,4,1,28,0,0,0,2,0,0,0,207,220.0,306.5,126.0,65.1,11,0.97,0.98,1.95,26.43,0,0,0,0,0,0,0,279,127,129,92,236,133,234,118,,,,,,,0.08,0.0,0.08,0.16,2.22,2.35,134,83,277,132,351,165,571,218,0.92,0.08
399,True,True,0.0,0.0,229164,0,0,-2,2,0,3,0.0,0.0,0,Chiedozie,0.0,632,False,Achilles injury - Expected back 01 Jun,2024-10-26T20:00:08.138345Z,48,229164.jpg,1.4,False,Ogbene,0.0,False,,i,10,40,7,2813,2,2880,2,0.0,1.5,Ogbene,104.0,2024-08-28,1997-05-01,False,p229164,237,0,0,0,3,0,0,0,0,0,0,0,29,22.8,30.2,12.0,6.4,3,0.00,0.05,0.05,2.36,0,0,0,0,0,0,0,474,220,398,212,421,218,463,219,,,,,,,0.0,0.0,0.02,0.02,0.9,1.14,303,198,725,300,405,191,730,304,1.14,0.0
400,True,True,,,198826,0,0,0,0,0,2,0.0,-0.5,0,Ben,0.0,715,False,,,40,198826.jpg,-0.3,False,Godfrey,0.0,False,,a,10,40,-1,7249,27,4327,24,0.0,-0.2,Godfrey,241.0,2025-01-05,1998-01-15,False,p198826,158,0,0,0,10,0,0,0,1,0,0,0,-27,15.0,2.3,2.0,1.9,2,0.00,0.02,0.02,6.22,0,0,0,0,0,0,0,490,176,483,174,464,171,510,176,,,,,,,0.0,0.0,0.01,0.01,3.54,5.7,648,171,470,156,801,266,579,201,1.14,0.0
401,True,True,,,100047417,0,0,0,0,0,5,3.0,2.5,0,Kieran,3.0,743,False,,,5,100047417.jpg,0.0,False,McKenna,0.4,False,,a,10,40,50,27807,14,8992,52,6.0,100.0,McKenna,242.0,2021-12-16,1986-05-14,False,man47418,0,0,0,0,0,0,0,0,0,0,0,0,0,0.0,0.0,0.0,0.0,0,0.00,0.00,0.00,0.00,1,3,10,1,2,0,15,548,3,525,3,479,3,548,3,,,,,,,0.0,0.0,0.0,0.0,0.0,0.0,799,18,104,16,558,3,679,16,0.0,0.0
402,True,True,,,112520,0,0,0,0,0,1,1.6,1.1,3,Alex,1.6,764,False,,,45,112520.jpg,1.8,False,Palmer,0.1,False,,a,10,40,21,16667,287,9236,34,0.4,4.7,Palmer,241.0,2025-02-03,1996-08-10,False,p112520,1080,0,0,0,28,0,0,0,2,0,44,0,90,349.0,10.0,0.0,35.8,12,0.00,0.00,0.00,23.84,0,0,0,0,0,0,0,197,22,458,16,660,67,326,22,,,,,,,0.0,3.67,0.0,0.0,1.99,2.33,368,16,225,18,324,37,478,64,1.0,0.0
403,True,True,,,547693,0,0,0,0,0,2,0.0,-0.5,0,Somto,0.0,799,False,,,40,547693.jpg,0.0,False,Boniface,0.0,False,,a,10,40,0,389,7,126,3,0.0,0.0,Boniface,241.0,2025-04-19,2006-03-11,False,p547693,0,0,0,0,0,0,0,0,0,0,0,0,0,0.0,0.0,0.0,0.0,0,0.00,0.00,0.00,0.00,0,0,0,0,0,0,0,629,227,617,226,580,218,629,227,,,,,,,0.0,0.0,0.0,0.0,0.0,0.0,699,208,515,188,637,227,767,259,0.0,0.0
404,True,True,,,592712,0,0,0,0,0,3,0.0,-0.5,0,Tom,0.0,800,False,,,45,592712.jpg,0.0,False,Taylor,0.0,False,,a,10,40,0,74,3,15,1,0.0,0.0,Tom Taylor,241.0,2025-03-02,,False,p592712,0,0,0,0,0,0,0,0,0,0,0,0,0,0.0,0.0,0.0,0.0,0,0.00,0.00,0.00,0.00,0,0,0,0,0,0,0,758,320,755,320,738,313,758,320,,,,,,,0.0,0.0,0.0,0.0,0.0,0.0,475,302,695,280,761,321,798,344,0.0,0.0
405,True,True,100.0,100.0,536916,0,0,-5,5,1,3,1.4,0.4,5,Facundo,1.4,117,False,,2025-04-27T12:00:08.078339Z,45,536916.jpg,2.4,False,Buonanotte,0.4,False,,a,11,13,72,474536,82,458887,40,0.3,16.0,Buonanotte,10.0,2024-08-10,2004-12-23,False,p536916,1490,5,2,2,31,0,0,0,8,0,0,4,296,377.0,404.3,280.0,105.9,14,4.01,2.29,6.30,28.78,0,0,0,0,0,0,0,179,74,91,70,112,73,127,75,3.0,,,,,,0.24,0.0,0.14,0.38,1.74,1.87,448,283,253,113,223,92,281,85,0.85,0.12
406,True,True,100.0,100.0,80146,0,0,-4,4,0,3,2.2,1.2,2,Jordan,2.2,192,False,,2024-12-27T00:30:09.361030Z,51,80146.jpg,2.4,False,Ayew,0.2,False,,a,11,13,70,35829,166,67307,19,0.4,13.7,J.Ayew,81.0,2024-08-23,1991-09-11,False,p80146,1496,5,0,3,40,0,0,0,6,0,0,3,259,282.0,283.3,293.0,85.9,17,3.52,1.45,4.97,27.56,0,0,0,0,0,0,0,241,107,145,102,108,70,168,92,,,2.0,,2.0,,0.21,0.0,0.09,0.3,1.66,2.41,178,106,167,76,229,98,398,137,1.02,0.18
407,True,True,100.0,100.0,199670,0,0,-4,4,0,4,0.0,-1.0,0,Odsonne,0.0,198,False,,2025-01-04T19:30:08.259088Z,51,199670.jpg,1.2,False,Edouard,0.2,False,,a,11,13,7,44095,15,102286,12,0.0,1.4,Edouard,73.0,2024-08-30,1998-01-16,False,p199670,141,0,0,0,3,0,0,0,0,0,0,0,14,5.0,25.0,50.0,8.0,1,0.39,0.07,0.46,3.72,0,0,0,0,0,0,0,516,52,410,46,325,43,447,46,,,,,,,0.25,0.0,0.04,0.29,2.37,1.91,184,45,765,77,433,43,364,56,0.64,0.0
408,True,True,100.0,100.0,225902,0,0,-1,1,0,3,1.4,0.4,1,Boubakary,1.4,285,False,,2024-12-09T09:30:06.376244Z,44,225902.jpg,1.5,False,Soumaré,0.3,False,,a,11,13,43,106772,34,101182,42,0.3,9.8,B.Soumaré,73.0,2021-07-02,1999-02-27,False,p225902,1985,0,0,0,50,0,0,0,8,0,0,0,303,268.0,245.0,45.0,55.9,23,0.29,0.86,1.15,43.28,0,0,0,0,0,0,0,253,113,166,113,334,181,262,134,,,,,,,0.01,0.0,0.04,0.05,1.96,2.27,515,315,252,112,375,175,325,99,1.04,0.0
409,True,False,0.0,0.0,461416,0,0,0,0,0,4,0.0,0.0,0,Tom,0.0,286,False,Loaned to Stoke City,2024-08-31T06:20:48.397195Z,45,461416.jpg,0.0,False,Cannon,0.3,False,,u,11,13,0,49177,0,156560,4,0.0,0.0,Cannon,104.0,2023-09-01,,False,p461416,0,0,0,0,0,0,0,0,0,0,0,0,0,0.0,0.0,0.0,0.0,0,0.00,0.00,0.00,0.00,0,0,0,0,0,0,0,701,62,698,62,679,62,701,62,,,,,,,0.0,0.0,0.0,0.0,0.0,0.0,398,67,630,51,706,67,324,51,0.0,0.0
410,True,False,0.0,0.0,197469,0,0,-1,1,0,3,0.0,0.0,0,Hamza,0.0,287,False,Loaned to Sheffield United,2025-01-30T11:40:47.663636Z,44,197469.jpg,1.0,False,Choudhury,1.0,False,,u,11,13,4,474957,0,410095,206,0.0,0.9,Choudhury,18.0,2017-09-18,,False,p197469,129,0,0,0,5,0,0,0,0,0,0,0,29,33.8,30.4,6.0,7.0,1,0.00,0.19,0.19,5.28,0,0,0,0,0,0,0,455,207,396,211,444,226,456,217,,,,,,,0.0,0.0,0.13,0.13,3.68,3.49,506,314,581,204,472,212,204,66,0.7,0.0
411,True,True,100.0,100.0,94147,0,0,0,0,1,2,3.6,2.6,7,Conor,3.6,288,False,,2024-08-12T14:30:04.626270Z,40,94147.jpg,1.6,False,Coady,0.3,False,,a,11,13,32,64622,359,61923,36,0.9,8.0,Coady,241.0,2023-07-01,1993-02-25,False,p94147,1532,1,0,1,40,0,0,0,2,0,0,2,113,296.2,32.2,27.0,35.7,17,0.52,0.48,1.00,35.55,0,0,0,0,0,0,0,231,86,391,140,377,129,327,106,,,,,,,0.03,0.0,0.03,0.06,2.09,2.35,639,164,76,16,355,112,305,116,1.0,0.06
412,True,True,100.0,100.0,245419,0,0,-2,2,0,4,0.6,-0.4,0,Patson,0.6,289,False,,2024-08-12T14:30:04.636525Z,48,245419.jpg,1.5,False,Daka,0.5,False,,a,11,13,31,230429,46,213536,158,0.1,6.5,Daka,238.0,2021-07-01,1998-10-09,False,p245419,636,1,0,0,16,0,0,0,0,0,0,2,100,81.8,40.4,146.0,26.2,5,1.25,0.05,1.30,15.95,0,0,0,0,0,0,0,400,38,377,42,213,39,366,39,,,,,3.0,,0.18,0.0,0.01,0.19,2.26,2.26,306,58,339,32,379,39,255,43,0.71,0.0
413,True,True,0.0,0.0,96994,0,0,-3,3,0,3,0.0,0.0,0,Bobby,1.0,290,False,Muscle injury - Expected back 01 Jun,2025-04-26T18:00:08.353099Z,52,96994.jpg,2.1,False,De Cordova-Reid,0.1,False,,i,11,13,48,9771,3,20843,9,0.2,9.2,De Cordova-Reid,107.0,2024-07-05,1993-02-02,False,p96994,734,1,4,1,17,0,0,0,2,0,0,2,145,102.2,84.4,72.0,26.0,9,0.79,0.14,0.93,14.61,0,0,0,0,0,0,0,382,179,309,182,295,165,367,182,,,,,,,0.1,0.0,0.02,0.12,1.79,2.08,164,97,291,140,280,120,526,197,1.1,0.12
414,True,True,100.0,100.0,218218,0,0,-2,2,0,2,2.0,1.0,1,Wout,2.0,291,False,,2025-04-11T00:00:08.480230Z,38,218218.jpg,1.5,False,Faes,5.0,False,,a,11,13,47,1515059,950,1707333,565,0.5,12.4,Faes,21.0,2022-09-01,1998-04-03,False,p218218,2632,1,0,2,61,0,0,0,4,0,0,1,208,621.2,67.7,114.0,80.4,28,1.52,0.40,1.92,55.34,0,0,0,0,0,0,0,67,26,331,106,249,71,185,57,,,,,,,0.05,0.0,0.01,0.06,1.89,2.09,777,263,173,46,367,118,73,24,0.96,0.07
415,True,True,,,549640,0,0,-1,1,0,3,0.2,-0.8,0,Michael,0.2,292,False,,,44,549640.jpg,1.0,False,Golding,0.2,False,,a,11,13,1,48038,6,43697,14,0.0,0.2,Golding,241.0,2024-07-07,2006-05-23,False,p549640,1,0,0,0,0,0,0,0,0,0,0,0,3,0.0,0.0,0.0,0.0,0,0.00,0.00,0.00,0.00,0,0,0,0,0,0,0,677,262,672,262,649,253,677,262,,,,,,,0.0,0.0,0.0,0.0,0.0,0.0,543,326,399,182,477,215,401,138,0.0,0.0
416,True,True,0.0,0.0,467189,0,0,-1,1,1,1,0.0,0.0,0,Mads,1.2,293,False,Groin Injury - Expected back 01 Jun,2025-05-01T12:00:08.105076Z,44,467189.jpg,2.3,False,Hermansen,0.4,False,,i,11,13,63,131169,9,151793,113,0.3,14.3,Hermansen,58.0,2023-07-18,2000-07-11,False,p467189,2385,0,0,1,58,0,1,0,1,0,103,1,231,827.0,0.2,0.0,82.8,27,0.00,0.02,0.02,55.09,0,0,0,0,0,0,0,18,6,515,21,643,65,177,7,,,,,,,0.0,3.89,0.0,0.0,2.08,2.19,530,25,268,21,238,35,285,43,1.02,0.04
417,True,True,,,207270,0,0,-1,1,0,1,0.0,-1.0,0,Daniel,0.0,294,False,,,39,207270.jpg,0.0,False,Iversen,0.7,False,,a,11,13,0,85544,12,85658,118,0.0,0.0,Iversen,58.0,2019-07-15,1997-07-19,False,p207270,0,0,0,0,0,0,0,0,0,0,0,0,0,0.0,0.0,0.0,0.0,0,0.00,0.00,0.00,0.00,0,0,0,0,0,0,0,574,51,554,34,510,14,574,51,,,,,,,0.0,0.0,0.0,0.0,0.0,0.0,749,73,439,36,584,51,240,30,0.0,0.0
418,True,True,100.0,100.0,220627,0,0,-4,4,2,2,1.8,0.8,0,James,1.8,295,False,,2025-02-15T16:00:09.207526Z,41,220627.jpg,1.7,False,Justin,1.1,False,,a,11,13,57,667357,421,608497,167,0.4,13.9,Justin,241.0,2019-06-28,1998-02-23,False,p220627,2759,2,1,2,66,0,0,0,6,0,0,3,166,540.4,238.1,198.0,97.9,32,1.47,0.71,2.18,60.91,0,0,0,0,0,0,0,110,43,169,36,163,27,141,37,,,,,,,0.05,0.0,0.02,0.07,1.99,2.15,630,161,194,56,341,108,198,77,1.04,0.07
419,True,True,100.0,100.0,481510,0,0,-1,1,0,2,0.2,-0.8,1,Victor,0.2,296,False,,2025-02-10T09:30:07.256147Z,44,481510.jpg,1.1,False,Kristiansen,0.1,False,,a,11,13,33,19508,52,26422,17,0.0,7.5,Kristiansen,58.0,2023-01-20,2002-12-16,False,p481510,2393,0,1,1,60,1,0,0,1,0,0,0,154,506.4,356.7,36.0,89.7,28,0.13,1.73,1.86,52.63,0,0,0,0,0,0,0,127,47,109,22,347,115,159,45,1.0,,,,,,0.0,0.0,0.07,0.07,1.98,2.26,532,106,397,130,441,150,448,158,1.05,0.04
420,True,False,0.0,0.0,461584,0,0,0,0,0,3,0.0,0.0,0,Wanya,0.0,297,False,Loaned to De Graafschap,2024-08-31T06:21:32.289998Z,45,461584.jpg,0.0,False,Marçal-Madivádua,0.0,False,,u,11,13,0,754,0,4576,0,0.0,0.0,Marcal,,,,False,p461584,0,0,0,0,0,0,0,0,0,0,0,0,0,0.0,0.0,0.0,0.0,0,0.00,0.00,0.00,0.00,0,0,0,0,0,0,0,703,277,700,277,681,269,703,277,,,,,,,0.0,0.0,0.0,0.0,0.0,0.0,400,248,632,232,708,278,699,285,0.0,0.0
421,True,True,0.0,0.0,154048,0,0,-5,5,0,3,0.0,0.0,0,Stephy,2.2,298,False,Muscle injury - Expected back 01 Jun,2025-04-25T00:00:08.352936Z,50,154048.jpg,2.4,False,Mavididi,0.3,False,,i,11,13,72,179490,0,212440,33,0.4,14.4,Mavididi,241.0,2023-07-31,1998-05-31,False,p154048,1606,4,1,1,38,0,0,0,2,0,0,5,270,339.2,375.3,302.0,101.5,16,1.85,3.25,5.10,36.71,0,0,0,0,0,0,0,201,87,100,76,106,69,133,80,,,1.0,,4.0,,0.1,0.0,0.18,0.28,2.06,2.13,201,122,163,72,227,96,327,100,0.9,0.06
422,True,True,100.0,100.0,461587,0,0,-3,3,0,3,1.4,0.4,2,Kasey,1.4,299,False,,2025-04-25T00:00:08.373849Z,47,461587.jpg,1.6,False,McAteer,0.0,False,,a,11,13,26,11583,3,13724,2,0.3,5.5,McAteer,104.0,2021-12-01,2001-11-22,False,p461587,682,0,1,2,15,0,0,0,2,0,0,0,96,79.8,111.3,112.0,30.2,7,0.82,0.39,1.21,17.04,0,0,0,0,0,0,0,404,188,272,166,254,142,350,174,,,,,,,0.11,0.0,0.05,0.16,2.25,1.98,332,215,256,116,362,170,580,223,0.92,0.26
423,True,True,100.0,100.0,203341,0,0,-1,1,1,3,1.8,0.8,2,Wilfred,1.8,300,False,,2024-12-09T09:30:06.387859Z,49,203341.jpg,2.1,False,Ndidi,0.2,False,,a,11,13,58,108477,20,116894,10,0.4,11.8,Ndidi,157.0,2017-01-03,1996-12-16,False,p203341,2238,0,4,2,48,1,0,0,8,0,0,1,353,497.6,274.2,278.0,104.9,27,2.12,1.51,3.63,47.99,0,0,0,0,0,0,0,133,49,150,105,114,75,128,76,,,,,,,0.09,0.0,0.06,0.15,1.93,1.93,255,164,198,86,275,116,390,131,1.09,0.08
424,True,True,100.0,100.0,473341,0,0,0,0,0,2,1.4,0.4,1,Caleb,1.4,301,False,,2025-02-22T02:00:07.447724Z,40,473341.jpg,1.4,False,Okoli,0.4,False,,a,11,13,27,176997,13,160257,60,0.4,6.8,Okoli,106.0,2024-07-09,2001-07-13,False,p473341,1122,1,0,1,26,0,0,0,4,0,0,1,106,318.6,15.2,73.0,40.7,12,0.62,0.17,0.79,27.72,0,0,0,0,0,0,0,217,78,433,153,294,89,306,95,,,,,,,0.05,0.0,0.01,0.06,2.22,2.09,671,183,249,77,391,129,272,105,0.96,0.08
425,True,True,0.0,0.0,111931,0,0,-4,4,0,2,0.0,0.0,0,Ricardo,0.8,302,False,Muscle injury - Expected back 18 May,2025-04-27T12:00:08.247138Z,41,111931.jpg,1.1,False,Barbosa Pereira,0.1,False,,i,11,13,9,6096,1,22725,6,0.2,2.2,Ricardo,173.0,2018-06-09,1993-10-06,False,p111931,338,0,0,0,6,0,0,0,1,0,0,0,42,54.0,13.7,19.0,8.7,4,0.09,0.06,0.15,6.25,0,0,0,0,0,0,0,423,152,437,156,399,139,439,153,,,,,,,0.02,0.0,0.02,0.04,1.66,1.6,627,158,298,88,438,147,499,176,1.07,0.0
426,True,False,0.0,0.0,194190,0,0,0,0,0,2,0.0,0.0,0,Harry,0.0,303,False,Season long loan to Sheffield United,2024-08-07T08:21:01.638839Z,40,194190.jpg,0.0,False,Souttar,0.0,False,,u,11,13,0,0,0,1559,1,0.0,0.0,Souttar,13.0,2023-01-31,1998-10-22,False,p194190,0,0,0,0,0,0,0,0,0,0,0,0,0,0.0,0.0,0.0,0.0,0,0.00,0.00,0.00,0.00,0,0,0,0,0,0,0,590,199,574,197,535,187,590,199,,,,,,,0.0,0.0,0.0,0.0,0.0,0.0,645,168,467,153,599,200,731,248,0.0,0.0
427,True,True,100.0,100.0,436680,0,0,0,0,0,1,1.4,0.4,1,Jakub,1.4,304,False,,2024-07-25T11:00:04.015354Z,40,436680.jpg,2.1,False,Stolarczyk,0.4,False,,a,11,13,17,99003,350,60764,99,0.4,4.2,Stolarczyk,172.0,2020-09-04,2000-12-19,False,p436680,720,0,0,1,14,0,0,0,1,0,21,0,72,160.8,0.0,0.0,16.1,8,0.00,0.00,0.00,11.63,0,0,0,0,0,0,0,329,29,585,52,546,33,400,29,,,,,,,0.0,2.62,0.0,0.0,1.45,1.75,659,49,248,20,263,36,276,41,1.0,0.12
428,True,True,,,244619,0,0,-1,1,0,2,2.0,1.0,0,Luke,2.0,305,False,,,39,244619.jpg,1.3,False,Thomas,1.4,False,,a,11,13,16,278334,118,204477,190,0.5,4.1,Thomas,241.0,2020-07-15,2001-06-10,False,p244619,948,0,0,1,23,0,0,0,2,0,0,0,94,191.6,113.4,30.0,33.4,11,0.36,0.45,0.81,22.33,0,0,0,0,0,0,0,302,112,270,74,363,120,335,112,,,,,,,0.03,0.0,0.04,0.07,2.12,2.18,753,246,175,48,410,139,165,64,1.04,0.09
429,True,True,100.0,100.0,101668,0,0,-2,2,2,4,3.6,2.6,5,Jamie,3.6,306,False,,2025-02-10T09:30:07.280118Z,53,101668.jpg,3.5,False,Vardy,4.7,False,,a,11,13,120,2644330,4433,2565938,431,0.7,22.6,Vardy,241.0,2012-07-01,1987-01-11,False,p101668,2746,8,5,3,68,0,0,1,5,0,0,16,432,445.2,256.2,702.0,139.9,34,10.78,2.55,13.33,61.77,0,0,0,0,0,0,0,157,19,158,18,33,14,76,17,,,,,1.0,,0.35,0.0,0.08,0.43,2.02,2.23,141,38,81,8,95,18,81,15,1.11,0.1
430,True,True,100.0,100.0,93100,0,0,-1,1,0,2,0.0,-1.0,0,Jannik,0.0,307,False,,2025-02-10T09:30:07.295426Z,39,93100.jpg,0.6,False,Vestergaard,1.5,False,,a,11,13,11,314707,24,353181,195,0.0,2.8,Vestergaard,58.0,2021-08-13,1992-08-03,False,p93100,1390,0,0,0,35,1,0,0,5,0,0,0,86,321.0,46.6,53.0,42.4,16,0.11,0.08,0.19,25.05,0,0,0,0,0,0,0,215,76,363,123,319,103,299,92,,,,,,,0.01,0.0,0.01,0.02,1.62,2.27,737,237,431,137,545,187,159,61,1.04,0.0
431,True,True,,,95463,0,0,-1,1,0,1,0.0,-1.0,0,Danny,0.0,308,False,,,39,95463.jpg,1.0,False,Ward,2.1,False,,a,11,13,2,192343,50,230987,346,0.0,0.5,Ward,244.0,2018-07-20,1993-06-22,False,p95463,135,0,0,0,6,0,0,0,0,0,4,0,-5,35.4,0.0,0.0,3.6,1,0.00,0.00,0.00,3.35,0,0,0,0,0,0,0,453,39,548,29,503,9,488,39,,,,,,,0.0,2.67,0.0,0.0,2.23,4.0,738,68,432,31,446,39,140,20,0.67,0.0
432,True,True,100.0,100.0,157668,0,0,-2,2,0,3,0.0,-1.0,0,Harry,0.0,309,False,,2024-11-23T17:30:08.809600Z,43,157668.jpg,1.8,False,Winks,4.8,False,,a,11,13,40,1356378,290,2197615,481,0.0,9.3,Winks,241.0,2023-07-01,1996-02-02,False,p157668,1536,0,2,0,34,0,0,0,4,0,0,0,282,272.8,319.6,37.0,63.2,17,0.23,1.53,1.76,29.48,0,0,0,0,0,0,0,248,110,119,84,346,186,243,123,2.0,,,,,,0.01,0.0,0.09,0.1,1.73,1.99,566,338,564,199,321,146,80,24,1.0,0.0
433,True,True,,,209042,0,0,-3,3,0,3,0.8,-0.2,1,Oliver,0.8,501,False,,,47,209042.jpg,1.0,False,Skipp,0.0,False,,a,11,13,23,4925,1,7329,1,0.2,4.9,Skipp,241.0,2024-08-19,2000-09-16,False,p209042,1045,0,0,2,26,0,0,0,8,0,0,0,112,103.6,143.3,29.0,27.5,9,0.16,0.32,0.48,24.64,0,0,0,0,0,0,0,378,177,245,156,372,200,362,179,,,,,,,0.01,0.0,0.03,0.04,2.12,2.24,327,210,310,148,504,232,581,224,0.78,0.17
434,True,True,0.0,0.0,531442,0,0,-4,4,0,3,0.0,0.0,0,Abdul,0.0,570,False,Knee injury - Expected back 01 Jun,2024-11-21T10:30:09.372550Z,51,531442.jpg,2.4,False,Fatawu,0.2,False,,i,11,13,26,69299,2,103187,2,0.0,5.1,A.Fatawu,81.0,2024-07-16,2004-03-08,False,p531442,576,0,2,0,14,0,0,0,0,0,0,3,125,147.6,104.3,148.0,40.1,6,0.41,1.42,1.83,11.00,0,0,0,0,0,0,0,344,156,281,168,209,124,307,158,,,,,,,0.06,0.0,0.22,0.28,1.72,2.19,191,115,766,329,230,99,391,132,0.94,0.0
435,True,False,0.0,0.0,532534,0,0,-1,1,0,3,0.0,0.0,0,Will,0.0,606,False,Loaned to Cardiff City,2025-02-03T18:00:25.183771Z,44,532534.jpg,1.0,False,Alves,0.1,False,,u,11,13,1,12604,0,15412,4,0.0,0.2,Alves,241.0,2024-02-09,,False,p532534,1,0,0,0,0,0,0,0,0,0,0,0,3,0.0,0.3,0.0,0.0,0,0.00,0.00,0.00,0.00,0,0,0,0,0,0,0,675,260,508,248,647,251,675,260,,,,,,,0.0,0.0,0.0,0.0,0.0,0.0,540,323,598,211,476,214,505,183,0.0,0.0
436,True,False,0.0,0.0,501770,0,0,0,0,0,2,0.0,0.0,0,Ben,0.0,616,False,Loaned to Oxford United,2024-08-31T06:22:31.067773Z,40,501770.jpg,0.0,False,Nelson,0.0,False,,u,11,13,0,2208,0,3797,0,0.0,0.0,Nelson,,,,False,p501770,0,0,0,0,0,0,0,0,0,0,0,0,0,0.0,0.0,0.0,0.0,0,0.00,0.00,0.00,0.00,0,0,0,0,0,0,0,616,216,603,214,565,205,616,216,,,,,,,0.0,0.0,0.0,0.0,0.0,0.0,681,192,500,175,624,216,671,226,0.0,0.0
437,True,True,,,513527,0,0,-2,2,1,3,4.0,3.0,5,Bilal,4.0,635,False,,,48,513527.jpg,2.6,False,El Khannouss,0.2,False,,a,11,13,80,79086,554,64683,56,0.8,16.7,El Khannouss,145.0,2024-08-29,2004-05-10,False,p513527,2089,2,4,2,54,0,0,0,4,0,0,6,359,353.4,559.0,176.0,108.7,26,1.25,2.76,4.01,46.82,0,0,0,0,0,0,0,195,85,56,44,186,114,119,71,4.0,,,,,,0.05,0.0,0.12,0.17,2.02,2.33,317,204,59,23,192,78,380,123,1.12,0.09
438,True,True,,,531997,0,0,0,0,0,3,0.0,-1.0,0,Henry,0.0,694,False,,,45,531997.jpg,0.0,False,Cartwright,0.0,False,,a,11,13,0,857,1,638,2,0.0,0.0,Cartwright,241.0,2024-12-13,2004-12-11,False,p531997,0,0,0,0,0,0,0,0,0,0,0,0,0,0.0,0.0,0.0,0.0,0,0.00,0.00,0.00,0.00,0,0,0,0,0,0,0,731,301,727,301,711,294,731,301,,,,,,,0.0,0.0,0.0,0.0,0.0,0.0,443,280,666,260,735,302,748,310,0.0,0.0
439,True,False,0.0,0.0,532535,0,0,0,0,0,2,0.0,0.0,0,Thomas,0.0,708,False,Loaned to Kilmarnock,2025-02-04T10:30:57.487547Z,40,532535.jpg,0.0,False,Wilson-Brown,0.0,False,,u,11,13,0,654,0,691,2,0.0,0.0,Wilson-Brown,241.0,2022-07-08,,False,p532535,0,0,0,0,0,0,0,0,0,0,0,0,0,0.0,0.0,0.0,0.0,0,0.00,0.00,0.00,0.00,0,0,0,0,0,0,0,622,221,610,220,573,212,622,221,,,,,,,0.0,0.0,0.0,0.0,0.0,0.0,690,200,508,182,630,221,741,252,0.0,0.0
440,True,True,,,488439,0,0,0,0,0,2,0.0,-1.0,0,Woyo,0.0,726,False,,,40,488439.jpg,0.2,False,Coulibaly,0.0,False,,a,11,13,1,2665,8,1685,5,0.0,0.2,Coulibaly,73.0,2025-01-15,1999-05-26,False,p488439,107,0,0,0,6,0,0,0,1,0,0,0,-4,24.4,3.4,24.0,5.2,1,0.04,0.04,0.08,2.48,0,0,0,0,0,0,0,464,169,476,168,382,130,470,166,,,,,,,0.03,0.0,0.03,0.06,2.09,5.05,672,184,492,168,554,193,664,224,0.84,0.0
441,True,True,,,100050995,0,0,0,0,0,5,6.0,5.0,10,Ruud,6.0,754,False,,,5,100050995.jpg,0.0,False,van Nistelrooij,0.2,False,,a,11,13,38,18685,21,8956,9,12.0,76.0,Van Nistelrooy,152.0,2024-12-01,1976-07-01,False,man50996,0,0,0,0,0,0,0,0,0,0,0,0,0,0.0,0.0,0.0,0.0,0,0.00,0.00,0.00,0.00,2,2,10,0,2,1,8,550,5,527,5,481,5,550,5,,,,,,,0.0,0.0,0.0,0.0,0.0,0.0,801,20,20,9,560,5,732,19,0.0,0.0
442,True,True,100.0,100.0,649208,0,0,0,0,0,3,0.8,-0.2,1,Jeremy,0.8,792,False,,2025-04-12T20:00:08.688134Z,45,649208.jpg,1.0,False,Monga,0.0,False,,a,11,13,5,208,13,74,2,0.2,1.1,Monga,241.0,2025-02-06,2009-07-10,False,p649208,61,0,0,0,1,0,0,0,0,0,0,0,20,15.2,1.2,4.0,2.0,0,0.15,0.00,0.15,0.80,0,0,0,0,0,0,0,488,226,490,240,458,233,509,236,,,,,,,0.22,0.0,0.0,0.22,1.18,1.48,492,311,307,146,501,229,786,337,0.0,0.0
443,True,True,,,619146,0,0,0,0,0,2,0.0,-1.0,0,Olabade,0.0,796,False,,,40,619146.jpg,0.0,False,Aluko,0.0,False,,a,11,13,0,99,4,47,3,0.0,0.0,Olabade Aluko,241.0,2025-04-11,2006-11-30,False,p619146,0,0,0,0,0,0,0,0,0,0,0,0,0,0.0,0.0,0.0,0.0,0,0.00,0.00,0.00,0.00,0,0,0,0,0,0,0,651,245,639,244,603,237,651,245,,,,,,,0.0,0.0,0.0,0.0,0.0,0.0,726,231,541,210,659,245,787,264,0.0,0.0
444,True,True,,,630664,0,0,0,0,0,3,0.4,-0.6,0,Jake,0.4,797,False,,,45,630664.jpg,1.0,False,Evans,0.0,False,,a,11,13,2,83,1,25,0,0.1,0.4,Jake Evans,241.0,2025-04-11,2008-06-04,False,p630664,7,0,0,0,0,0,0,0,0,0,0,0,6,1.0,0.1,0.0,0.1,0,0.00,0.00,0.00,0.03,0,0,0,0,0,0,0,541,251,522,253,748,320,544,251,,,,,,,0.0,0.0,0.0,0.0,0.39,0.0,490,310,370,175,499,228,795,342,0.0,0.0
445,True,True,100.0,100.0,116535,0,0,0,0,2,1,3.8,2.8,1,Alisson,2.8,310,False,,2025-03-22T01:00:07.863924Z,55,116535.jpg,4.0,False,Ramses Becker,8.4,False,,a,12,14,104,1622272,1115,1998631,886,0.5,18.9,A.Becker,30.0,2018-07-19,1992-10-02,False,p116535,2283,0,0,10,23,0,0,0,0,0,61,9,408,505.6,13.0,0.0,51.7,26,0.00,0.20,0.20,21.43,0,0,0,0,0,0,0,129,20,439,10,791,81,280,20,,,,,,,0.0,2.4,0.01,0.01,0.84,0.91,107,1,133,13,44,7,45,8,1.02,0.39
446,True,True,100.0,100.0,169187,0,0,2,-2,4,2,3.2,2.2,0,Trent,2.2,311,True,,2025-03-12T11:30:07.218287Z,72,169187.jpg,4.7,False,Alexander-Arnold,16.9,False,,a,12,14,146,4675325,2920,6140793,3239,0.3,20.3,Alexander-Arnold,241.0,2015-07-01,1998-10-07,False,p169187,2294,3,7,12,24,0,0,0,5,0,0,13,592,713.0,802.7,266.0,178.0,28,1.75,6.80,8.55,20.25,0,0,0,0,0,0,0,44,17,16,2,118,11,42,3,1.0,,1.0,,,,0.07,0.0,0.27,0.34,0.79,0.94,23,1,170,45,19,1,22,9,1.1,0.47
447,True,False,0.0,0.0,535928,0,0,0,0,0,3,0.0,0.0,0,Stefan,0.0,312,False,Loaned to RB Salzburg,2024-08-31T06:19:45.092198Z,45,535928.jpg,0.0,False,Bajčetić Maquieira,0.0,False,,u,12,14,0,2712,0,17661,0,0.0,0.0,Bajcetic,,,,False,p535928,0,0,0,0,0,0,0,0,0,0,0,0,0,0.0,0.0,0.0,0.0,0,0.00,0.00,0.00,0.00,0,0,0,0,0,0,0,734,303,730,303,714,296,734,303,,,,,,,0.0,0.0,0.0,0.0,0.0,0.0,446,282,669,262,738,304,606,237,0.0,0.0
448,True,True,100.0,100.0,492777,0,0,-3,3,0,2,4.2,3.2,1,Conor,3.2,313,False,,2025-04-27T22:30:08.305429Z,47,492777.jpg,2.1,False,Bradley,1.0,False,,a,12,14,36,185799,1102,148198,201,0.7,7.7,Bradley,242.0,2023-09-25,2003-07-09,False,p492777,602,0,1,3,6,0,0,0,3,0,0,3,141,106.8,84.7,144.0,33.5,5,0.59,0.59,1.18,8.99,0,0,0,0,0,0,0,374,132,308,94,216,53,333,110,,,,,,,0.09,0.0,0.09,0.18,1.34,0.9,339,47,98,26,271,90,213,81,0.75,0.45
449,True,False,0.0,0.0,491970,0,0,0,0,0,3,0.0,0.0,0,Bobby,0.0,315,False,Transferred to RB Salzburg,2024-08-22T11:22:35.466323Z,45,491970.jpg,0.0,False,Clark,0.0,False,,u,12,14,0,444,0,5341,1,0.0,0.0,Clark,,,,False,p491970,0,0,0,0,0,0,0,0,0,0,0,0,0,0.0,0.0,0.0,0.0,0,0.00,0.00,0.00,0.00,0,0,0,0,0,0,0,713,285,710,285,691,277,713,285,,,,,,,0.0,0.0,0.0,0.0,0.0,0.0,416,258,645,241,718,286,705,288,0.0,0.0
450,True,True,100.0,100.0,447203,0,0,-5,5,1,4,1.4,0.4,0,Darwin,0.4,316,False,,2025-01-31T15:00:09.018032Z,70,447203.jpg,2.3,False,Núñez Ribeiro,1.9,False,,a,12,14,63,432126,80,834515,173,0.1,9.0,Darwin,230.0,2022-06-14,1999-06-24,False,p447203,1034,5,3,2,18,0,0,0,8,0,0,6,234,249.2,125.2,371.0,73.8,8,5.22,0.44,5.66,14.28,0,0,0,0,0,0,0,265,24,259,29,83,25,202,26,,,,,3.0,,0.45,0.0,0.04,0.49,1.24,1.57,28,13,384,41,246,30,146,21,0.7,0.17
451,True,True,100.0,100.0,194634,0,0,-3,3,0,3,1.8,0.8,0,Diogo,0.8,317,False,,2025-01-17T11:30:07.995744Z,72,194634.jpg,3.5,False,Teixeira da Silva,2.6,False,,a,12,14,85,1297993,134,2689014,280,0.1,11.8,Diogo J.,173.0,2020-09-19,1996-12-04,False,p194634,1143,6,4,7,12,0,0,0,2,0,0,4,226,300.6,167.3,522.0,97.5,14,7.56,1.09,8.65,11.12,0,0,0,0,0,0,0,230,102,225,148,52,32,143,83,,,,,,,0.6,0.0,0.09,0.69,0.88,0.94,24,14,321,153,98,47,117,37,1.1,0.55
452,True,False,0.0,0.0,496208,0,0,0,0,0,3,0.0,0.0,0,Ben,0.0,318,False,Loaned to Middlesbrough,2024-08-31T06:17:31.171503Z,45,496208.jpg,0.0,False,Doak,0.0,False,,u,12,14,0,1136,0,5675,0,0.0,0.0,Doak,,,,False,p496208,0,0,0,0,0,0,0,0,0,0,0,0,0,0.0,0.0,0.0,0.0,0,0.00,0.00,0.00,0.00,0,0,0,0,0,0,0,715,287,712,287,693,279,715,287,,,,,,,0.0,0.0,0.0,0.0,0.0,0.0,418,260,647,243,720,288,685,279,0.0,0.0
453,True,True,100.0,100.0,444884,0,0,-3,3,0,3,1.6,0.6,0,Harvey,0.6,319,False,,2024-09-08T23:00:06.842081Z,52,444884.jpg,1.2,False,Elliott,0.2,False,,a,12,14,18,23210,21,119427,18,0.1,3.5,Elliott,241.0,2019-07-28,2003-04-04,False,p444884,257,0,1,0,3,0,0,0,1,0,0,0,69,48.0,96.4,92.0,23.8,1,0.83,0.58,1.41,3.53,0,0,0,0,0,0,0,431,197,291,175,275,153,376,186,,,,,,,0.29,0.0,0.2,0.49,1.24,1.05,173,102,346,165,434,207,349,108,0.35,0.0
454,True,True,,,158983,0,0,-4,4,0,3,1.8,0.8,0,Endo,0.8,320,False,,,46,158983.jpg,1.1,False,Wataru,0.1,False,,a,12,14,19,22102,10,35457,10,0.2,4.1,Endo,108.0,2023-08-18,1993-02-09,False,p158983,225,0,0,0,4,0,0,0,0,0,0,0,74,46.4,35.6,6.0,8.7,1,0.00,0.08,0.08,3.09,0,0,0,0,0,0,0,433,198,384,207,447,229,440,210,,,,,,,0.0,0.0,0.03,0.03,1.24,1.6,350,228,308,147,443,208,441,155,0.4,0.0
455,True,True,100.0,100.0,243298,0,0,-3,3,2,4,4.2,3.2,5,Cody,3.2,321,False,,2025-03-06T00:00:09.307224Z,72,243298.jpg,3.5,False,Gakpo,4.8,False,,a,12,14,114,3396976,1288,3379469,1004,0.4,15.8,Gakpo,152.0,2023-01-01,1999-05-07,False,p243298,1749,10,4,5,22,0,0,0,5,0,0,17,540,534.0,460.2,601.0,159.7,21,6.97,3.18,10.14,17.88,0,0,0,0,0,0,0,114,12,77,3,45,19,62,13,,,,,,,0.36,0.0,0.16,0.52,0.92,1.13,25,10,103,9,99,19,79,14,1.08,0.26
456,True,True,0.0,0.0,171287,0,0,-3,3,0,2,0.0,0.0,0,Joe,0.0,322,False,Hamstring injury - Expected back 19 May,2025-02-12T12:30:09.561757Z,47,171287.jpg,1.6,False,Gomez,0.4,False,,i,12,14,14,287149,3,326251,12,0.0,3.0,Gomez,241.0,2015-06-20,1997-05-23,False,p171287,517,0,0,1,8,0,0,0,1,0,0,0,83,130.4,38.5,58.0,22.8,6,0.33,0.09,0.42,5.38,0,0,0,0,0,0,0,357,127,380,132,310,97,378,128,,,,,,,0.06,0.0,0.02,0.08,0.94,1.39,324,44,709,253,361,116,286,108,1.04,0.17
457,True,True,100.0,100.0,441266,0,0,0,0,0,3,3.2,2.2,1,Ryan,2.2,323,False,,2025-03-20T02:30:09.187586Z,50,441266.jpg,2.6,False,Gravenberch,0.7,False,,a,12,14,90,254788,92,230305,111,0.4,18.0,Gravenberch,152.0,2023-09-01,2002-05-16,False,p441266,2966,0,4,14,29,0,0,0,5,0,0,1,546,536.2,449.1,111.0,109.8,35,1.02,3.26,4.28,27.80,0,0,0,0,0,0,0,112,40,80,61,259,147,117,70,,,,,,,0.03,0.0,0.1,0.13,0.84,0.88,219,138,165,74,195,81,245,77,1.06,0.42
458,True,True,100.0,100.0,206915,0,0,-2,2,1,3,2.6,1.6,1,Curtis,1.6,324,False,,2025-02-12T22:30:09.769827Z,53,206915.jpg,2.7,False,Jones,0.2,False,,a,12,14,83,171535,21,168225,39,0.3,15.7,Jones,241.0,2018-04-06,2001-01-30,False,p206915,1564,3,5,6,23,0,0,0,1,1,0,4,370,357.4,299.2,364.0,101.5,18,4.25,1.39,5.64,19.54,0,0,0,0,0,0,0,191,81,132,94,87,58,134,81,,,,,,,0.24,0.0,0.08,0.32,1.12,1.32,149,90,239,105,186,76,335,103,1.04,0.35
459,True,True,,,200720,-1,1,-6,6,1,1,1.0,0.0,0,Caoimhin,0.0,325,False,,,39,200720.jpg,4.5,False,Kelleher,1.3,False,,a,12,14,45,786790,132,736487,319,0.0,11.5,Kelleher,104.0,2016-08-06,1998-11-23,False,p200720,900,0,0,4,12,0,1,0,0,0,27,1,156,224.2,0.0,0.0,22.4,10,0.00,0.00,0.00,11.09,0,0,0,0,0,0,0,275,24,553,33,509,13,380,24,,,,,,,0.0,2.7,0.0,0.0,1.11,1.2,748,72,438,35,21,2,177,26,1.0,0.4
460,True,True,100.0,100.0,204716,0,0,3,-3,0,2,3.8,2.8,1,Ibrahima,2.8,326,False,,2024-11-28T10:30:07.514061Z,53,204716.jpg,3.6,False,Konaté,7.2,False,,a,12,14,103,3085880,749,2650114,1501,0.5,19.4,Konaté,73.0,2021-07-01,1999-05-25,False,p204716,2365,1,2,11,22,0,0,0,5,0,0,4,474,544.8,156.2,129.0,83.4,28,1.80,0.86,2.66,21.52,0,0,0,0,0,0,0,108,42,233,60,230,61,173,52,,,,,,,0.07,0.0,0.03,0.1,0.82,0.84,148,17,132,34,81,14,52,18,1.07,0.42
461,True,True,100.0,100.0,244731,0,0,0,0,3,3,6.0,5.0,6,Luis,5.0,327,True,,2025-01-17T11:30:08.018487Z,75,244731.jpg,5.2,False,Díaz,16.8,False,,a,12,14,178,7274165,3850,6551506,5427,0.7,23.7,Luis Díaz,48.0,2022-01-30,1997-01-13,False,p244731,2265,13,7,15,16,0,0,0,2,0,0,20,618,717.6,722.7,853.0,229.2,27,11.15,4.25,15.40,20.19,0,0,0,0,0,0,0,40,9,27,23,16,8,12,9,,,,,,,0.44,0.0,0.17,0.61,0.8,0.64,17,11,39,13,12,6,23,6,1.07,0.6
462,True,True,,,118748,0,0,12,-12,12,3,5.0,4.0,1,Mohamed,4.0,328,True,,,137,118748.jpg,9.2,False,Salah,68.5,False,,a,12,14,331,6967955,2310,3296251,7327,0.3,24.2,M.Salah,63.0,2017-07-01,1992-06-15,False,p118748,3149,28,18,15,34,0,0,0,1,0,0,52,1102,1522.8,1110.1,1861.0,449.3,36,23.44,8.49,31.93,32.16,0,0,0,0,0,0,0,1,1,3,3,1,1,1,1,,,,,2.0,,0.67,0.0,0.24,0.91,0.92,0.97,2,1,64,26,1,1,1,1,1.03,0.43
463,True,True,100.0,100.0,243016,0,0,-3,3,2,3,5.4,4.4,0,Alexis,4.4,329,False,,2025-02-25T10:30:08.078506Z,62,243016.jpg,3.6,False,Mac Allister,1.9,False,,a,12,14,121,345090,1166,443105,475,0.7,19.5,Mac Allister,10.0,2023-06-14,1998-12-24,False,p243016,2573,5,6,14,23,0,0,0,6,0,0,8,575,651.4,715.5,357.0,172.3,30,2.89,5.43,8.32,23.36,0,0,0,0,0,0,0,60,18,30,26,89,60,53,38,4.0,,,,,,0.1,0.0,0.19,0.29,0.82,0.8,63,36,53,21,87,40,143,49,1.05,0.49
464,True,True,100.0,100.0,491501,0,0,-2,2,0,3,1.0,0.0,0,James,0.0,330,False,,2024-09-10T11:24:32.362482Z,43,491501.jpg,0.0,False,McConnell,0.1,False,,a,12,14,0,11317,41,11358,23,0.0,0.0,McConnell,241.0,2023-07-18,2004-09-13,False,p491501,0,0,0,0,0,0,0,0,0,0,0,0,0,0.0,0.0,0.0,0.0,0,0.00,0.00,0.00,0.00,0,0,0,0,0,0,0,664,253,658,254,628,243,664,253,,,,,,,0.0,0.0,0.0,0.0,0.0,0.0,588,341,573,200,671,256,525,196,0.0,0.0
465,True,True,100.0,100.0,440148,0,0,-1,1,0,3,1.0,0.0,0,Tyler,0.0,331,False,,2025-02-07T16:30:07.536970Z,44,440148.jpg,0.0,False,Morton,0.1,False,,a,12,14,0,30275,4,30854,6,0.0,0.0,Morton,241.0,2021-07-22,2002-10-31,False,p440148,0,0,0,0,0,0,0,0,0,0,0,0,0,0.0,0.0,0.0,0.0,0,0.00,0.00,0.00,0.00,0,0,0,0,0,0,0,670,256,666,257,641,247,670,256,,,,,,,0.0,0.0,0.0,0.0,0.0,0.0,527,317,591,206,677,259,475,174,0.0,0.0
466,True,False,0.0,0.0,197464,0,0,0,0,0,2,0.0,0.0,0,Nathaniel,0.0,332,False,Loaned to Derby County,2024-08-31T06:18:33.693343Z,40,197464.jpg,0.0,False,Phillips,0.1,False,,u,12,14,0,4026,0,17742,1,0.0,0.0,N.Phillips,,,,False,p197464,0,0,0,0,0,0,0,0,0,0,0,0,0,0.0,0.0,0.0,0.0,0,0.00,0.00,0.00,0.00,0,0,0,0,0,0,0,592,201,576,199,537,189,592,201,,,,,,,0.0,0.0,0.0,0.0,0.0,0.0,647,170,469,155,601,202,528,184,0.0,0.0
467,True,True,100.0,100.0,441428,0,0,-6,6,0,2,0.8,-0.2,0,Jarell,-0.2,333,False,,2024-08-23T09:30:06.099816Z,39,441428.jpg,0.7,False,Quansah,1.1,False,,a,12,14,8,340519,66,821082,184,-0.1,2.1,Quansah,241.0,2021-12-18,2003-01-29,False,p441428,398,0,0,0,9,1,0,0,2,0,0,0,32,95.2,18.4,13.0,12.8,3,0.10,0.18,0.28,8.18,0,0,0,0,0,0,0,388,136,427,151,413,144,418,146,,,,,,,0.02,0.0,0.04,0.06,1.85,2.04,757,248,799,264,538,183,201,78,0.68,0.0
468,True,False,0.0,0.0,219937,0,0,0,0,0,2,0.0,0.0,0,Rhys,0.0,334,False,Loaned to Morecambe,2024-08-22T11:18:16.485954Z,40,219937.jpg,0.0,False,Williams,0.0,False,,u,12,14,0,828,0,14591,1,0.0,0.0,R.Williams,241.0,2020-09-23,,False,p219937,0,0,0,0,0,0,0,0,0,0,0,0,0,0.0,0.0,0.0,0.0,0,0.00,0.00,0.00,0.00,0,0,0,0,0,0,0,596,204,581,202,542,192,596,204,,,,,,,0.0,0.0,0.0,0.0,0.0,0.0,653,174,475,159,604,204,559,195,0.0,0.0
469,True,True,,,122798,0,0,-2,2,0,2,2.0,1.0,4,Andrew,1.0,335,False,,,58,122798.jpg,2.8,False,Robertson,3.9,False,,a,12,14,89,1156205,344,1289473,505,0.2,15.3,Robertson,243.0,2017-07-21,1994-03-11,False,p122798,2350,0,1,10,29,1,0,0,3,1,0,4,399,364.6,637.1,173.0,117.2,28,0.95,4.22,5.17,23.74,0,0,0,0,0,0,0,185,68,41,5,193,38,106,20,2.0,,,,,,0.04,0.0,0.16,0.2,0.91,1.11,88,7,295,87,172,50,97,36,1.07,0.38
470,True,True,100.0,100.0,424876,-1,1,-4,4,4,3,4.6,3.6,4,Dominik,3.6,336,False,,2024-12-27T00:30:09.581631Z,61,424876.jpg,3.9,False,Szoboszlai,2.6,False,,a,12,14,133,946534,435,936905,964,0.6,21.8,Szoboszlai,98.0,2023-07-02,2000-10-25,False,p424876,2317,5,10,12,25,0,0,0,6,0,0,14,557,510.2,726.0,557.0,178.8,27,6.72,5.92,12.64,22.82,0,0,0,0,0,0,0,124,44,25,21,47,28,40,30,5.0,,2.0,,,,0.26,0.0,0.23,0.49,0.89,0.97,73,45,83,36,54,25,119,38,1.05,0.47
471,True,True,100.0,100.0,214285,0,0,-4,4,0,2,3.0,2.0,0,Konstantinos,2.0,337,False,,2024-11-25T09:30:07.571904Z,46,214285.jpg,2.5,False,Tsimikas,0.2,False,,a,12,14,42,47712,63,79285,33,0.4,9.1,Tsimikas,83.0,2020-08-10,1996-05-12,False,p214285,739,0,1,4,5,0,0,0,2,0,0,3,211,192.4,258.4,58.0,51.1,8,0.39,2.30,2.69,6.83,0,0,0,0,0,0,0,301,111,156,33,309,96,281,85,3.0,,,,,,0.05,0.0,0.28,0.33,0.83,0.61,353,49,180,53,205,65,359,137,0.97,0.49
472,True,True,,,97032,0,0,7,-7,0,2,6.0,5.0,1,Virgil,5.0,339,True,,,67,97032.jpg,3.9,False,van Dijk,25.7,False,,a,12,14,142,3666025,4962,2531872,2307,0.7,21.2,Virgil,152.0,2018-01-01,1991-07-08,False,p97032,3195,3,1,14,35,0,0,0,4,0,0,8,615,879.0,200.2,299.0,137.7,36,2.22,0.94,3.16,32.66,0,0,0,0,0,0,0,14,3,198,45,107,8,79,10,,,3.0,,,,0.06,0.0,0.03,0.09,0.92,0.99,38,2,38,6,55,7,10,3,1.01,0.39
473,True,True,100.0,100.0,223541,0,0,-2,2,0,3,1.2,0.2,0,Federico,0.2,636,False,,2024-12-26T10:30:09.366339Z,68,223541.jpg,1.0,False,Chiesa,0.2,False,,a,12,14,5,54342,60,54512,48,0.0,0.7,Chiesa,106.0,2024-08-29,1997-10-25,False,p223541,41,0,0,0,2,0,0,0,0,0,0,0,10,3.4,2.7,34.0,3.9,0,0.25,0.09,0.34,1.79,0,0,0,0,0,0,0,524,241,480,238,354,192,485,227,,,,,,,0.55,0.0,0.2,0.75,3.93,4.39,36,17,423,197,521,245,386,128,0.0,0.0
474,True,True,,,432987,0,0,0,0,0,1,1.0,0.0,0,Vítezslav,0.0,660,False,,,40,432987.jpg,1.0,False,Jaros,0.1,False,,a,12,14,1,35714,3,31565,6,0.0,0.2,Jaros,57.0,2019-07-10,2001-07-23,False,p432987,11,0,0,0,0,0,0,0,0,0,1,0,6,8.8,0.0,0.0,0.9,0,0.00,0.00,0.00,0.14,0,0,0,0,0,0,0,504,43,584,51,545,32,525,43,,,,,,,0.0,8.18,0.0,0.0,1.15,0.0,658,48,480,54,457,42,482,65,0.0,0.0
475,True,True,,,464353,0,0,0,0,0,1,1.0,0.0,0,Harvey,0.0,669,False,,,40,464353.jpg,0.0,False,Davies,0.0,False,,a,12,14,0,2108,2,1896,0,0.0,0.0,Davies,241.0,2021-03-09,2003-09-03,False,p464353,0,0,0,0,0,0,0,0,0,0,0,0,0,0.0,0.0,0.0,0.0,0,0.00,0.00,0.00,0.00,0,0,0,0,0,0,0,608,69,595,58,556,39,608,69,,,,,,,0.0,0.0,0.0,0.0,0.0,0.0,669,55,490,60,616,69,666,72,0.0,0.0
476,True,True,,,591386,0,0,0,0,0,3,1.0,0.0,0,Treymaurice,0.0,688,False,,,45,591386.jpg,0.0,False,Nyoni,0.0,False,,a,12,14,0,1003,5,791,5,0.0,0.0,Nyoni,241.0,2023-11-11,2007-06-30,False,p591386,0,0,0,0,0,0,0,0,0,0,0,0,0,0.0,0.0,0.0,0.0,0,0.00,0.00,0.00,0.00,0,0,0,0,0,0,0,756,318,753,318,736,311,756,318,,,,,,,0.0,0.0,0.0,0.0,0.0,0.0,473,300,693,278,759,319,749,311,0.0,0.0
477,True,True,,,611926,0,0,0,0,0,2,1.0,0.0,0,Amara,0.0,692,False,,,40,611926.jpg,0.0,False,Nallo,0.0,False,,a,12,14,0,1180,3,1135,4,0.0,0.0,Nallo,241.0,2024-02-27,2006-11-18,False,p611926,0,0,0,0,0,0,0,0,0,0,0,0,0,0.0,0.0,0.0,0.0,0,0.00,0.00,0.00,0.00,0,0,0,0,0,0,0,646,242,634,241,598,234,646,242,,,,,,,0.0,0.0,0.0,0.0,0.0,0.0,721,228,536,207,654,242,688,235,0.0,0.0
478,True,False,0.0,0.0,500058,0,0,0,0,0,4,0.0,0.0,0,Jayden,0.0,709,False,Loaned to Sunderland,2025-02-06T23:44:42.048875Z,45,500058.jpg,1.0,False,Danns,0.0,False,,u,12,14,1,6042,0,5411,3,0.0,0.2,Danns,241.0,2024-02-20,,False,p500058,10,0,0,0,1,0,0,0,0,0,0,0,2,0.0,0.3,0.0,0.0,0,0.00,0.01,0.01,0.45,0,0,0,0,0,0,0,720,63,509,55,698,63,720,63,,,,,,,0.0,0.0,0.09,0.09,4.05,9.0,425,69,652,53,486,51,677,84,0.0,0.0
479,True,True,,,100052173,0,0,0,0,0,5,6.8,5.8,0,Arne,5.8,744,False,,,15,100052173.jpg,0.0,False,Slot,4.1,False,,a,12,14,107,187591,151,370434,54,3.9,71.3,Slot,152.0,2024-06-01,1978-09-17,False,man52174,0,0,0,0,0,0,0,0,0,0,0,0,0,0.0,0.0,0.0,0.0,0,0.00,0.00,0.00,0.00,10,2,2,0,0,5,31,565,20,542,20,496,20,565,20,,,,,,,0.0,0.0,0.0,0.0,0.0,0.0,786,5,24,12,575,20,417,6,0.0,0.0
480,True,True,100.0,100.0,211975,0,0,-2,2,0,2,2.3,2.8,6,Manuel,1.8,340,False,,2025-02-12T09:00:09.174095Z,53,211975.jpg,2.2,False,Akanji,2.2,False,,a,13,43,53,426204,476,723591,59,0.3,10.0,Akanji,207.0,2022-09-01,1995-07-19,False,p211975,1832,0,0,5,27,0,0,0,3,0,0,1,270,319.0,245.7,89.0,65.4,21,1.13,1.28,2.41,26.93,0,0,0,0,0,0,0,216,77,165,35,277,82,230,73,,,,,,,0.06,0.0,0.06,0.12,1.32,1.33,151,18,207,60,258,83,133,49,1.03,0.25
481,True,True,0.0,0.0,126184,0,0,-2,2,0,2,0.0,0.0,0,Nathan,0.0,341,False,Lack of match fitness - Expected back 18 May,2025-03-01T21:30:09.703817Z,53,126184.jpg,2.5,False,Aké,0.8,False,,i,13,43,25,72936,14,279143,31,0.0,4.7,Aké,152.0,2020-08-05,1995-02-18,False,p126184,677,0,0,3,11,0,0,0,0,0,0,0,121,104.6,33.7,20.0,15.9,8,0.22,0.17,0.39,13.44,0,0,0,0,0,0,0,376,133,388,137,398,138,403,137,,,,,,,0.03,0.0,0.02,0.05,1.79,1.46,145,16,770,261,211,66,229,88,1.06,0.4
482,True,True,100.0,100.0,165809,0,0,-4,4,1,3,4.1,4.6,3,Bernardo,3.6,342,False,,2025-03-15T22:00:08.783379Z,61,165809.jpg,3.1,False,Veiga de Carvalho e Silva,2.7,False,,a,13,43,96,959317,249,1220527,343,0.6,15.7,Bernardo,173.0,2017-07-01,1994-08-10,False,p165809,2487,3,4,8,36,0,0,0,7,0,0,10,513,542.4,741.4,507.0,179.2,27,3.52,3.99,7.51,37.17,0,0,0,0,0,0,0,109,39,21,17,55,34,39,29,4.0,,,,,,0.13,0.0,0.14,0.27,1.35,1.3,68,41,82,35,134,59,116,36,0.98,0.29
483,True,True,0.0,0.0,477555,0,0,-3,3,0,3,0.0,0.0,0,Oscar,0.2,343,False,Lack of match fitness - Expected back 18 May,2025-05-09T16:00:08.760594Z,47,477555.jpg,1.0,False,Bobb,0.1,False,,i,13,43,2,5144,2,32017,20,0.0,0.4,Bobb,161.0,2022-01-06,2003-07-12,False,p477555,13,0,0,0,0,0,0,0,0,0,0,0,10,4.2,12.4,0.0,1.6,0,0.00,0.02,0.02,0.18,0,0,0,0,0,0,0,518,237,442,226,751,321,516,239,,,,,,,0.0,0.0,0.14,0.14,1.25,0.0,335,217,409,186,505,233,543,204,0.0,0.0
484,True,True,,,17601,0,0,-1,1,0,1,0.5,1.0,0,Scott,0.0,344,False,,,39,17601.jpg,0.0,False,Carson,0.2,False,,a,13,43,0,21871,18,23044,22,0.0,0.0,Carson,241.0,2021-07-20,1985-09-03,False,p17601,0,0,0,0,0,0,0,0,0,0,0,0,0,0.0,0.0,0.0,0.0,0,0.00,0.00,0.00,0.00,0,0,0,0,0,0,0,567,45,544,25,498,4,567,45,,,,,,,0.0,0.0,0.0,0.0,0.0,0.0,731,63,427,27,577,45,365,52,0.0,0.0
485,True,True,100.0,100.0,61366,0,0,1,-1,4,3,6.7,7.2,3,Kevin,6.2,345,False,,2024-09-18T23:00:07.299083Z,96,61366.jpg,4.2,False,De Bruyne,14.6,False,,a,13,43,110,2608982,6038,1944149,6682,0.6,11.5,De Bruyne,21.0,2015-08-30,1991-06-28,False,p61366,1621,4,9,9,19,0,0,0,2,0,0,12,454,464.2,879.2,398.0,173.9,18,4.32,6.37,10.69,20.25,0,0,0,0,0,0,0,146,56,12,11,77,50,49,35,1.0,,1.0,,4.0,,0.24,0.0,0.35,0.59,1.12,1.05,6,5,19,6,38,20,29,9,1.0,0.5
486,True,True,100.0,100.0,248875,0,0,-3,3,1,3,3.1,3.6,1,Jérémy,2.6,346,False,,2025-01-23T00:00:08.182578Z,62,248875.jpg,3.1,False,Doku,1.8,False,,a,13,43,84,573707,392,776709,1205,0.4,13.5,Doku,21.0,2023-08-24,2002-05-27,False,p248875,1432,3,6,7,13,0,0,0,1,0,0,3,416,449.0,501.8,477.0,143.1,15,1.04,3.64,4.68,13.64,0,0,0,0,0,0,0,154,59,69,55,63,40,74,51,,,,,,,0.07,0.0,0.23,0.3,0.86,0.82,64,37,141,60,135,60,150,50,0.94,0.44
487,True,True,100.0,100.0,121160,0,0,-2,2,2,1,3.7,4.2,6,Ederson,3.2,347,False,,2025-04-12T20:00:08.389207Z,53,121160.jpg,4.3,False,Santana de Moraes,5.6,False,,a,13,43,103,860034,1413,1149433,688,0.6,19.4,Ederson M.,30.0,2017-07-01,1993-08-17,False,p121160,2140,0,4,9,25,0,0,0,3,0,50,9,368,530.0,43.0,0.0,57.2,24,0.00,0.16,0.16,26.71,0,0,0,0,0,0,0,116,19,367,1,786,80,259,16,,,,,,,0.0,2.1,0.01,0.01,1.12,1.05,144,3,101,11,28,5,68,13,1.01,0.38
488,True,True,100.0,100.0,209244,0,0,-4,4,2,3,1.3,1.8,3,Phil,0.8,348,False,,2025-04-12T06:30:08.213792Z,91,209244.jpg,3.9,False,Foden,4.6,False,,a,13,43,104,1826767,378,3138969,561,0.1,11.4,Foden,241.0,2016-12-05,2000-05-28,False,p209244,1763,7,3,6,24,0,0,0,2,0,0,10,452,445.8,748.7,447.0,163.7,20,5.17,5.33,10.49,28.67,0,0,0,0,0,0,0,155,60,20,16,68,44,58,40,3.0,,,,,,0.26,0.0,0.27,0.53,1.46,1.23,8,6,322,154,57,27,82,25,1.02,0.31
489,True,True,100.0,100.0,114283,0,0,-1,1,0,3,0.7,1.2,0,Jack,0.2,349,False,,2025-02-12T09:00:09.233925Z,64,114283.jpg,1.9,False,Grealish,0.2,False,,a,13,43,37,54567,30,63655,69,0.0,5.8,Grealish,241.0,2021-08-05,1995-09-10,False,p114283,709,1,1,2,9,0,0,0,3,0,0,4,184,155.2,321.4,234.0,71.1,7,1.13,1.67,2.80,11.04,0,0,0,0,0,0,0,338,154,118,83,142,91,211,107,,,,,,,0.14,0.0,0.21,0.35,1.4,1.14,48,24,421,196,317,145,340,105,0.89,0.25
490,True,True,100.0,100.0,477424,0,0,4,-4,2,2,4.9,5.4,6,Joško,4.4,350,True,,2024-10-31T02:30:07.426838Z,64,477424.jpg,4.1,False,Gvardiol,37.2,False,,a,13,43,143,5774122,10679,5010545,2256,0.7,22.3,Gvardiol,97.0,2023-08-05,2002-01-23,False,p477424,3098,5,0,12,40,0,0,0,2,0,0,13,582,816.6,486.5,456.0,176.3,34,4.45,2.86,7.31,41.48,0,0,0,0,0,0,0,20,7,73,14,65,2,46,5,,,,,,,0.13,0.0,0.08,0.21,1.21,1.16,51,4,54,11,41,3,4,1,0.99,0.35
491,True,True,100.0,100.0,223094,0,0,-2,2,5,4,0.9,1.4,2,Erling,0.4,351,False,,2025-03-30T21:00:08.779885Z,148,223094.jpg,6.0,False,Haaland,23.3,False,,a,13,43,173,4155239,7078,7393429,1562,0.0,11.7,Haaland,161.0,2022-07-01,2000-07-21,False,p223094,2570,21,3,8,38,0,0,1,2,0,0,26,756,909.8,346.0,1432.0,269.0,29,20.83,2.01,22.84,39.21,0,0,0,0,0,0,0,11,3,110,9,2,1,6,2,,,3.0,,1.0,,0.73,0.0,0.07,0.8,1.37,1.33,1,1,385,42,6,2,12,4,1.02,0.28
492,True,False,0.0,0.0,461358,0,0,0,0,0,4,0.0,0.0,0,Julián,0.0,352,False,Transferred to Atletico Madrid,2024-08-13T07:07:51.627006Z,70,461358.jpg,0.0,False,Álvarez,0.1,False,,u,13,43,0,0,0,29613,2,0.0,0.0,J.Alvarez,,,,False,p461358,0,0,0,0,0,0,0,0,0,0,0,0,0,0.0,0.0,0.0,0.0,0,0.00,0.00,0.00,0.00,0,0,0,0,0,0,0,800,86,800,86,800,86,800,86,,,,,,,0.0,0.0,0.0,0.0,0.0,0.0,29,14,796,85,799,86,479,67,0.0,0.0
493,True,False,0.0,0.0,121145,0,0,-2,2,0,2,0.0,0.0,0,João,0.0,353,False,Permanent transfer to Saudi club Al-Hilal,2024-08-29T11:05:25.670531Z,53,121145.jpg,0.0,False,Cavaco Cancelo,0.2,False,,u,13,43,0,4654,0,78761,2,0.0,0.0,João Cancelo,,,,False,p121145,0,0,0,0,0,0,0,0,0,0,0,0,0,0.0,0.0,0.0,0.0,0,0.00,0.00,0.00,0.00,0,0,0,0,0,0,0,789,266,789,266,785,266,789,266,,,,,,,0.0,0.0,0.0,0.0,0.0,0.0,143,15,769,260,788,265,369,140,0.0,0.0
494,True,True,100.0,100.0,91651,0,0,-1,1,3,3,5.3,5.8,3,Mateo,4.8,354,False,,2024-11-22T17:30:09.194248Z,54,91651.jpg,3.6,False,Kovačić,1.4,False,,a,13,43,107,775375,387,764920,441,0.9,19.8,Kovačić,97.0,2023-06-27,1994-05-06,False,p91651,2128,6,2,10,28,0,0,0,5,0,0,13,526,577.8,554.0,203.0,133.6,24,1.84,3.13,4.96,30.73,0,0,0,0,0,0,0,83,30,58,46,158,100,87,58,,,,,,,0.08,0.0,0.13,0.21,1.3,1.18,124,77,43,14,82,37,168,54,1.02,0.42
495,True,True,100.0,100.0,477064,0,0,-2,2,0,2,2.1,2.6,6,Rico,1.6,355,False,,2024-12-07T21:30:08.281236Z,43,477064.jpg,2.4,False,Lewis,3.5,False,,a,13,43,66,2623736,369,2441145,315,0.4,15.3,Lewis,241.0,2022-07-16,2004-11-21,False,p477064,1888,1,2,5,27,0,0,0,3,1,0,1,285,293.8,218.6,139.0,65.0,21,1.32,1.01,2.33,27.61,0,0,0,0,0,0,0,233,88,186,40,219,54,235,75,,,,,,,0.06,0.0,0.05,0.11,1.32,1.29,586,131,222,70,220,68,100,37,1.0,0.24
496,True,True,100.0,100.0,465351,0,0,-1,1,1,3,4.3,4.8,0,Matheus Luiz,3.8,356,False,,2024-12-21T22:00:08.310190Z,49,465351.jpg,2.9,False,Nunes,0.2,False,,a,13,43,70,89847,45,80463,284,0.8,14.3,Matheus N.,173.0,2023-09-01,1998-08-27,False,p465351,1490,1,5,8,18,0,0,0,4,0,0,6,327,331.8,386.9,174.0,89.3,17,0.91,3.08,3.99,22.07,0,0,0,0,0,0,0,206,91,94,73,189,117,161,90,,,,,,,0.05,0.0,0.19,0.24,1.33,1.09,266,172,66,27,154,66,387,129,1.03,0.48
497,True,True,,,432714,0,0,-4,4,0,3,2.5,3.0,1,James,2.0,357,False,,,46,432714.jpg,2.1,False,McAtee,0.1,False,,a,13,43,31,30527,78,28703,85,0.4,6.7,McAtee,241.0,2021-07-26,2002-10-18,False,p432714,340,3,0,0,6,0,0,0,1,0,0,0,102,113.0,64.6,136.0,30.7,3,2.80,0.80,3.60,5.25,0,0,0,0,0,0,0,367,171,336,191,223,127,348,172,,,,,,,0.74,0.0,0.21,0.95,1.39,1.59,355,229,181,78,269,113,453,161,0.79,0.0
498,True,True,,,88248,0,0,-3,3,0,1,2.3,2.8,0,Stefan,1.8,358,False,,,52,88248.jpg,2.7,False,Ortega Moreno,0.7,False,,a,13,43,35,98010,21,120686,425,0.3,6.7,Ortega Moreno,80.0,2022-07-01,1992-11-06,False,p88248,1099,0,0,3,18,0,0,0,1,0,33,0,144,292.6,0.0,0.0,29.4,12,0.00,0.00,0.00,19.12,0,0,0,0,0,0,0,234,23,788,82,784,79,354,23,,,,,,,0.0,2.7,0.0,0.0,1.57,1.47,162,5,205,17,184,31,237,29,0.98,0.25
499,True,True,0.0,0.0,220566,0,0,-3,3,0,3,0.0,0.0,0,Rodrigo 'Rodri',0.0,360,False,Lack of match fitness - Expected back 25 May,2024-09-22T22:00:05.633631Z,62,220566.jpg,1.0,False,Hernandez,0.8,False,,i,13,43,2,40428,13,422628,21,0.0,0.3,Rodrigo,200.0,2019-07-04,1996-06-22,False,p220566,65,0,0,0,0,0,0,0,0,0,0,0,18,10.8,17.1,0.0,2.8,1,0.00,0.09,0.09,0.04,0,0,0,0,0,0,0,497,230,429,222,796,344,496,231,,,,,,,0.0,0.0,0.12,0.12,0.06,0.0,60,34,790,344,520,244,234,74,1.38,0.0
500,True,True,100.0,100.0,171314,0,0,0,0,1,2,5.7,6.2,9,Rúben,5.2,361,False,,2025-01-23T00:00:08.203274Z,55,171314.jpg,3.2,False,Gato Alves Dias,4.9,False,,a,13,43,81,719070,5853,673401,703,0.9,14.7,Rúben,173.0,2020-09-29,1997-05-14,False,p171314,2089,0,0,10,20,1,0,0,4,0,0,6,368,429.2,168.3,148.0,74.6,23,1.55,1.14,2.69,26.69,0,0,0,0,0,0,0,159,58,224,55,210,48,198,62,,,,,,,0.07,0.0,0.05,0.12,1.15,0.86,110,12,34,4,125,31,76,26,0.99,0.43
501,True,True,0.0,0.0,97299,0,0,-2,2,1,2,0.0,0.0,0,John,0.0,362,False,Thigh injury - Expected back 25 May,2025-02-21T13:30:09.715292Z,53,97299.jpg,2.6,False,Stones,1.0,False,,i,13,43,29,196938,14,358954,38,0.0,5.5,Stones,241.0,2016-08-09,1994-05-28,False,p97299,544,2,0,1,11,0,0,0,1,0,0,2,92,155.6,49.8,70.0,27.4,6,0.60,0.17,0.77,5.95,0,0,0,0,0,0,0,337,124,358,120,298,92,363,123,,,,,,,0.1,0.0,0.03,0.13,0.98,1.82,140,14,768,259,198,60,208,80,0.99,0.17
502,True,False,0.0,0.0,58621,0,0,-4,4,0,2,0.0,0.0,0,Kyle,0.0,363,False,Loaned to Milan,2025-01-27T09:56:49.234718Z,51,58621.jpg,0.9,False,Walker,2.6,False,,u,13,43,13,187185,0,910027,50,0.0,2.5,Walker,241.0,2017-07-14,,False,p58621,966,0,0,0,21,0,0,0,3,0,0,0,63,157.4,147.7,29.0,33.5,9,0.12,1.34,1.46,19.26,0,0,0,0,0,0,0,333,123,239,62,374,126,334,111,,,,,,,0.01,0.0,0.12,0.13,1.79,1.96,177,24,762,258,528,178,120,43,0.84,0.0
503,True,True,100.0,100.0,510281,0,0,-4,4,2,3,1.5,2.0,1,Sávio 'Savinho',1.0,571,False,,2024-10-31T02:30:07.756984Z,61,510281.jpg,3.8,False,Moreira de Oliveira,2.3,False,,a,13,43,105,1581128,159,1437978,1893,0.2,17.2,Savinho,30.0,2024-07-18,2004-04-10,False,p510281,1744,1,11,8,25,0,0,0,3,0,0,15,438,415.0,682.8,669.0,177.0,21,5.14,6.10,11.24,20.91,0,0,0,0,0,0,0,167,66,36,31,37,22,44,32,6.0,,4.0,,,,0.27,0.0,0.31,0.58,1.08,1.29,75,47,296,142,68,31,129,43,1.08,0.41
504,True,True,100.0,100.0,472769,0,0,-1,1,1,3,5.1,5.6,1,Nico,4.6,607,False,,2024-11-13T15:30:08.718593Z,49,472769.jpg,3.4,False,O'Reilly,0.4,False,,a,13,43,31,58716,171,18245,1104,0.9,6.3,O’Reilly,241.0,2022-12-16,2005-03-21,False,p472769,525,2,0,3,3,0,0,0,0,0,0,4,118,133.4,76.2,112.0,32.2,6,1.28,0.68,1.96,5.49,0,0,0,0,0,0,0,354,163,319,186,255,143,340,168,,,,,,,0.22,0.0,0.12,0.34,0.94,0.51,267,173,47,16,108,49,288,89,1.03,0.51
505,True,True,,,59859,0,0,-2,2,0,3,3.7,4.2,0,Ilkay,3.2,625,False,,,63,59859.jpg,2.5,False,Gündogan,0.5,False,,a,13,43,77,180074,90,156284,570,0.5,12.2,Gündogan,80.0,2024-08-23,1990-10-24,False,p59859,2044,0,5,8,28,0,0,0,1,0,0,2,381,312.2,685.4,221.0,121.9,23,2.72,3.89,6.60,33.62,0,0,0,0,0,0,0,223,98,35,30,148,94,100,63,2.0,,2.0,,,,0.12,0.0,0.17,0.29,1.48,1.23,52,27,102,41,215,91,256,80,1.01,0.35
506,True,False,0.0,0.0,476369,0,0,0,0,0,2,0.0,0.0,0,Issa,0.0,626,False,Loaned to Benfica,2024-09-05T10:37:05.659734Z,45,476369.jpg,0.0,False,Kaboré,0.0,False,,u,13,43,0,491,0,793,0,0.0,0.0,Kaboré,,,,False,p476369,0,0,0,0,0,0,0,0,0,0,0,0,0,0.0,0.0,0.0,0.0,0,0.00,0.00,0.00,0.00,0,0,0,0,0,0,0,708,264,705,263,686,262,708,264,,,,,,,0.0,0.0,0.0,0.0,0.0,0.0,406,69,637,249,713,263,751,256,0.0,0.0
507,True,False,0.0,0.0,516250,0,0,0,0,0,3,0.0,0.0,0,Jacob,0.0,671,False,Loaned to Norwich City,2025-02-05T21:04:28.321130Z,45,516250.jpg,0.0,False,Wright,0.0,False,,u,13,43,0,2083,0,1967,1,0.0,0.0,Wright,241.0,2024-01-06,,False,p516250,0,0,0,0,0,0,0,0,0,0,0,0,0,0.0,0.0,0.0,0.0,0,0.00,0.00,0.00,0.00,0,0,0,0,0,0,0,724,295,720,295,702,287,724,295,,,,,,,0.0,0.0,0.0,0.0,0.0,0.0,432,272,657,252,728,296,716,297,0.0,0.0
508,True,True,100.0,100.0,554194,0,0,0,0,0,2,0.5,1.0,0,Jahmai,0.0,672,False,,2024-11-13T15:30:08.805382Z,40,554194.jpg,0.5,False,Simpson-Pusey,0.0,False,,a,13,43,1,6579,7,5321,7,0.0,0.2,Simpson-Pusey,241.0,2024-07-23,2005-11-04,False,p554194,95,0,0,0,2,0,0,0,1,0,0,0,7,19.6,2.2,2.0,2.4,1,0.00,0.01,0.01,2.37,0,0,0,0,0,0,0,480,173,484,175,466,173,499,174,,,,,,,0.0,0.0,0.01,0.01,2.25,1.89,703,212,519,192,547,189,600,209,0.95,0.0
509,True,False,0.0,0.0,447880,0,0,0,0,0,2,0.0,0.0,0,Josh,0.0,675,False,Loaned to Stoke City,2025-01-24T10:47:24.891848Z,40,447880.jpg,0.0,False,Wilson-Esbrand,0.0,False,,u,13,43,0,2181,0,2267,1,0.0,0.0,Wilson-Esbrand,241.0,2021-09-17,,False,p447880,0,0,0,0,0,0,0,0,0,0,0,0,0,0.0,0.0,0.0,0.0,0,0.00,0.00,0.00,0.00,0,0,0,0,0,0,0,603,209,590,207,551,197,603,209,,,,,,,0.0,0.0,0.0,0.0,0.0,0.0,664,181,485,166,611,209,687,234,0.0,0.0
510,True,True,,,487837,0,0,0,0,0,4,0.5,1.0,0,Divin,0.0,698,False,,,45,487837.jpg,1.0,False,Mubama,0.1,False,,a,13,43,1,34648,22,26031,41,0.0,0.2,Mubama,241.0,2024-12-15,2004-10-25,False,p487837,27,0,0,0,0,0,0,0,0,0,0,0,2,0.2,0.1,5.0,0.5,0,0.04,0.00,0.04,0.02,0,0,0,0,0,0,0,544,58,521,57,451,57,531,58,,,,,,,0.13,0.0,0.0,0.13,0.07,0.0,409,68,639,52,484,50,447,65,0.0,0.0
511,True,True,,,494307,0,0,0,0,0,2,0.5,1.0,0,Max,0.0,703,False,,,40,494307.jpg,0.0,False,Alleyne,0.0,False,,a,13,43,0,1305,3,995,6,0.0,0.0,Alleyne,241.0,2022-12-16,2005-07-21,False,p494307,0,0,0,0,0,0,0,0,0,0,0,0,0,0.0,0.0,0.0,0.0,0,0.00,0.00,0.00,0.00,0,0,0,0,0,0,0,611,212,598,210,559,200,611,212,,,,,,,0.0,0.0,0.0,0.0,0.0,0.0,674,186,494,170,619,212,692,237,0.0,0.0
512,True,True,,,613120,0,0,0,0,0,1,0.5,1.0,0,Spike,0.0,704,False,,,40,613120.jpg,0.0,False,Brits,0.0,False,,a,13,43,0,1086,2,797,0,0.0,0.0,Brits,241.0,2024-12-25,2007-06-24,False,p613120,0,0,0,0,0,0,0,0,0,0,0,0,0,0.0,0.0,0.0,0.0,0,0.00,0.00,0.00,0.00,0,0,0,0,0,0,0,648,75,636,64,600,45,648,75,,,,,,,0.0,0.0,0.0,0.0,0.0,0.0,723,61,538,66,656,75,721,76,0.0,0.0
513,True,True,,,578153,0,0,0,0,0,2,0.5,1.0,0,Abdukodir,0.0,732,False,,,50,578153.jpg,2.3,False,Khusanov,0.4,False,,a,13,43,14,117549,83,84679,362,0.0,2.8,Khusanov,231.0,2025-01-20,2004-02-29,False,p578153,503,0,0,2,6,1,0,0,1,0,0,0,78,102.0,33.9,4.0,14.1,6,0.02,0.09,0.11,6.98,0,0,0,0,0,0,0,383,134,387,136,461,169,414,142,,,,,,,0.0,0.0,0.02,0.02,1.25,1.07,235,27,760,257,243,75,289,109,1.07,0.36
514,True,True,,,616222,0,0,0,0,0,2,0.5,1.0,0,Vitor,0.0,733,False,,,45,616222.jpg,1.0,False,de Oliveira Nunes dos Reis,0.0,False,,a,13,43,1,2411,1,1832,7,0.0,0.2,Vitor Reis,30.0,2025-01-21,2006-01-12,False,p616222,1,0,0,0,0,0,0,0,0,0,0,0,4,3.2,0.0,0.0,0.3,0,0.00,0.00,0.00,0.00,0,0,0,0,0,0,0,526,187,761,265,745,265,538,188,,,,,,,0.0,0.0,0.0,0.0,0.0,0.0,487,79,703,252,498,174,683,233,0.0,0.0
515,True,True,,,100037973,0,0,0,0,0,5,9.1,9.6,5,Pep,8.6,736,False,,,15,100037973.jpg,0.0,False,Guardiola,42.9,False,,a,13,43,94,103145,130,61920,939,5.7,62.7,Guardiola,200.0,2016-07-01,1971-01-18,False,man37974,0,0,0,0,0,0,0,0,0,0,0,0,0,0.0,0.0,0.0,0.0,0,0.00,0.00,0.00,0.00,8,3,3,0,0,7,23,561,16,538,16,492,16,561,16,,,,,,,0.0,0.0,0.0,0.0,0.0,0.0,782,1,2,2,571,16,162,1,0.0,0.0
516,True,True,,,438234,-1,1,5,-5,2,4,3.3,3.8,1,Omar,2.8,755,False,,,75,438234.jpg,4.5,False,Marmoush,27.9,False,,a,13,43,63,4818269,2096,1682455,60501,0.4,8.4,Marmoush,63.0,2025-01-23,1999-02-07,False,p438234,1003,6,1,6,12,0,0,0,0,0,0,10,276,282.4,218.5,368.0,86.6,12,4.94,1.45,6.39,12.41,0,0,0,0,0,0,0,240,22,187,20,85,26,166,22,,,,,,,0.44,0.0,0.13,0.57,1.11,1.08,18,7,137,14,24,9,9,3,1.08,0.54
517,True,True,,,465694,0,0,0,0,0,3,2.1,2.6,0,Nico,1.6,765,False,,,60,465694.jpg,2.4,False,González,0.0,False,,a,13,43,22,8638,6,5971,41,0.3,3.7,N.Gonzalez,200.0,2025-02-03,2002-01-03,False,p465694,649,0,1,5,6,0,0,0,3,0,0,0,87,87.8,71.0,34.0,19.0,8,0.27,0.45,0.72,6.96,0,0,0,0,0,0,0,393,183,325,189,353,191,392,192,,,,,,,0.04,0.0,0.06,0.1,0.97,0.83,81,53,241,107,233,102,595,233,1.11,0.69
518,True,True,,,575204,0,0,-2,2,0,3,0.5,1.0,0,Claudio,0.0,785,False,,,58,575204.jpg,0.0,False,Echeverri,0.0,False,,a,13,43,0,657,6,520,6,0.0,0.0,Echeverri,10.0,2024-01-25,2006-01-02,False,p575204,0,0,0,0,0,0,0,0,0,0,0,0,0,0.0,0.0,0.0,0.0,0,0.00,0.00,0.00,0.00,0,0,0,0,0,0,0,795,343,795,343,794,342,795,343,,,,,,,0.0,0.0,0.0,0.0,0.0,0.0,92,59,784,338,794,343,757,316,0.0,0.0
519,True,True,100.0,100.0,493250,0,0,3,-3,2,3,1.6,1.6,2,Amad,1.6,364,False,,2025-02-15T18:30:08.930349Z,53,493250.jpg,4.8,False,Diallo,4.1,False,,a,14,1,115,3976591,1557,3985151,481,0.3,21.7,Amad,54.0,2021-01-07,2002-07-11,False,p493250,1718,7,7,6,29,0,0,0,3,0,0,14,519,558.6,569.0,504.0,163.3,18,4.25,3.64,7.89,30.49,0,0,0,0,0,0,0,99,37,51,41,57,36,59,41,3.0,,,,,,0.22,0.0,0.19,0.41,1.6,1.52,156,93,240,106,15,8,93,29,0.94,0.31
520,True,False,0.0,0.0,467169,0,0,-3,3,0,3,0.0,0.0,0,Antony Matheus,0.0,365,False,Loaned to Real Betis,2025-01-27T09:58:14.449507Z,57,467169.jpg,1.0,False,dos Santos,0.2,False,,u,14,1,8,18431,0,38734,6,0.0,1.4,Antony,30.0,2022-09-01,,False,p467169,135,0,0,0,2,0,0,0,0,0,0,0,37,35.0,50.7,74.0,15.8,0,0.60,0.21,0.81,2.05,0,0,0,0,0,0,0,454,206,357,198,293,164,404,196,,,,,,,0.4,0.0,0.14,0.54,1.37,1.33,99,65,781,337,518,242,381,124,0.0,0.0
521,True,True,100.0,100.0,141746,0,0,0,0,3,3,1.8,1.8,2,Bruno,1.8,366,False,,2024-12-27T00:30:09.652602Z,85,141746.jpg,4.9,False,Borges Fernandes,15.8,False,,a,14,1,166,4777997,2878,5073932,11387,0.2,19.5,B.Fernandes,173.0,2020-01-30,1994-09-08,False,p141746,2847,8,11,9,46,0,0,0,2,2,0,27,778,961.4,1281.0,542.0,278.0,33,9.65,7.31,16.96,44.63,0,0,0,0,0,0,0,8,4,1,1,51,31,5,4,1.0,,1.0,,1.0,,0.31,0.0,0.23,0.54,1.41,1.45,10,7,211,94,14,7,27,8,1.04,0.28
522,True,True,100.0,100.0,451302,0,0,-2,2,0,1,0.4,0.4,1,Altay,0.4,367,False,,2025-02-14T14:30:08.406927Z,43,451302.jpg,0.7,False,Bayindir,0.1,False,,a,14,1,2,12694,24,16843,18,0.1,0.5,Bayindir,219.0,2023-09-01,1998-04-14,False,p451302,270,0,0,0,10,0,0,0,0,0,7,0,-2,47.6,0.0,0.0,4.7,3,0.00,0.00,0.00,6.53,0,0,0,0,0,0,0,432,36,655,74,625,58,478,36,,,,,,,0.0,2.33,0.0,0.0,2.18,3.33,583,28,364,25,540,43,449,61,1.0,0.0
523,True,True,100.0,100.0,61256,0,0,-4,4,1,3,0.4,0.4,0,Carlos Henrique,0.4,368,False,,2024-11-10T23:00:08.039181Z,46,61256.jpg,2.0,False,Casimiro,0.4,False,,a,14,1,44,129290,89,161125,46,0.1,9.6,Casemiro,30.0,2022-08-22,1992-02-23,False,p61256,1330,1,0,4,20,0,0,0,3,0,0,3,274,404.0,318.8,238.0,96.2,16,1.63,1.89,3.52,23.05,0,0,0,0,0,0,0,172,69,121,86,136,86,145,85,,,,,,,0.11,0.0,0.13,0.24,1.56,1.35,346,225,371,176,287,125,274,83,1.08,0.27
524,True,True,0.0,0.0,216051,0,0,0,0,3,2,0.0,0.0,0,Diogo,0.8,369,False,Calf injury - Expected back 25 May,2025-04-25T13:30:08.377875Z,50,216051.jpg,2.9,False,Dalot Teixeira,4.8,False,,i,14,1,94,1486493,13,1903600,1645,0.2,18.8,Dalot,173.0,2018-06-08,1999-03-18,False,p216051,2787,0,4,8,45,0,0,0,5,0,0,9,347,493.2,432.4,255.0,117.8,31,1.94,2.35,4.29,46.92,0,0,0,0,0,0,0,134,50,84,16,125,13,105,19,,,,,,,0.06,0.0,0.08,0.14,1.52,1.45,209,26,315,96,155,43,78,28,1.0,0.26
525,True,True,100.0,100.0,80607,0,0,-3,3,0,3,1.8,1.8,1,Christian,1.8,370,False,,2024-11-01T10:30:06.566158Z,52,80607.jpg,1.8,False,Eriksen,0.2,False,,a,14,1,39,25456,7,37855,6,0.3,7.5,Eriksen,58.0,2022-07-15,1992-02-14,False,p80607,1028,0,2,4,16,0,0,0,4,0,0,0,203,186.8,420.5,56.0,66.3,11,0.44,2.55,2.99,18.20,0,0,0,0,0,0,0,303,137,85,65,314,174,228,115,2.0,,4.0,,,,0.04,0.0,0.22,0.26,1.59,1.4,160,95,203,90,334,156,385,127,0.96,0.35
526,True,True,100.0,100.0,37642,0,0,-1,1,1,2,0.0,0.0,0,Jonny,0.0,371,False,,2025-01-14T12:00:08.993380Z,44,37642.jpg,2.3,False,Evans,0.1,False,,a,14,1,14,9084,3,17863,3,0.0,3.2,Evans,242.0,2023-07-18,1988-01-03,False,p37642,288,0,0,1,2,0,0,0,1,0,0,3,62,51.0,4.1,6.0,6.1,3,0.08,0.02,0.10,2.62,0,0,0,0,0,0,0,428,156,474,167,443,163,465,165,,,,,,,0.02,0.0,0.01,0.03,0.82,0.62,493,80,578,233,237,72,490,170,0.94,0.31
527,True,True,100.0,100.0,493105,0,0,-6,6,2,3,4.6,4.6,1,Alejandro,4.6,372,False,,2024-10-07T15:30:06.108745Z,59,493105.jpg,3.0,False,Garnacho,4.9,False,,a,14,1,105,1269087,602,2531985,926,0.8,17.8,Garnacho,10.0,2022-04-15,2004-07-01,False,p493105,2168,6,4,5,35,0,0,0,3,0,0,7,366,445.6,502.1,887.0,182.7,23,7.40,2.74,10.14,35.17,0,0,0,0,0,0,0,156,61,68,54,14,7,37,28,,,,,,,0.31,0.0,0.11,0.42,1.46,1.45,85,56,48,17,148,65,75,23,0.95,0.21
528,True,False,0.0,0.0,465527,0,0,0,0,0,3,0.0,0.0,0,Hannibal,0.0,373,False,Permanent move to Burnley,2024-08-30T09:47:42.727251Z,45,465527.jpg,0.0,False,Mejbri,0.0,False,,u,14,1,0,1740,0,11905,0,0.0,0.0,Hannibal,,,,False,p465527,0,0,0,0,0,0,0,0,0,0,0,0,0,0.0,0.0,0.0,0.0,0,0.00,0.00,0.00,0.00,0,0,0,0,0,0,0,705,279,702,279,683,271,705,279,,,,,,,0.0,0.0,0.0,0.0,0.0,0.0,402,250,634,234,710,280,610,240,0.0,0.0
529,True,True,100.0,100.0,21205,0,0,-1,1,0,1,0.0,0.0,0,Tom,0.0,374,False,,2025-02-21T15:00:09.688681Z,39,21205.jpg,0.0,False,Heaton,0.2,False,,a,14,1,0,22987,25,24835,35,0.0,0.0,Heaton,241.0,2021-07-02,1986-04-15,False,p21205,0,0,0,0,0,0,0,0,0,0,0,0,0,0.0,0.0,0.0,0.0,0,0.00,0.00,0.00,0.00,0,0,0,0,0,0,0,569,47,546,27,500,6,569,47,,,,,,,0.0,0.0,0.0,0.0,0.0,0.0,733,65,429,29,579,47,343,51,0.0,0.0
530,True,True,100.0,100.0,497894,0,0,-1,1,0,4,2.8,2.8,2,Rasmus,2.8,375,False,,2024-08-05T15:00:04.427374Z,69,497894.jpg,2.5,False,Højlund,1.0,False,,a,14,1,74,480300,254,486568,216,0.4,10.7,Højlund,58.0,2023-08-05,2003-02-04,False,p497894,1828,4,1,5,30,0,0,0,2,0,0,8,236,177.6,221.4,333.0,72.4,21,4.98,0.90,5.88,29.56,0,0,0,0,0,0,0,314,29,184,19,95,30,207,27,,,,,,,0.25,0.0,0.04,0.29,1.46,1.48,32,16,136,13,218,28,206,33,1.03,0.25
531,True,True,100.0,100.0,184667,0,0,-2,2,0,2,1.0,1.0,1,Victor,1.0,376,False,,2024-12-20T17:00:08.474761Z,43,184667.jpg,1.4,False,Lindelöf,0.1,False,,a,14,1,19,4880,11,18311,6,0.2,4.4,Lindelof,206.0,2017-07-01,1994-07-17,False,p184667,515,0,0,1,8,0,0,0,1,0,0,0,63,93.0,39.6,6.0,14.0,4,0.00,0.07,0.07,7.37,0,0,0,0,0,0,0,390,138,378,130,442,162,415,143,,,,,,,0.0,0.0,0.01,0.01,1.29,1.4,567,115,285,83,395,133,493,172,0.7,0.17
532,True,True,100.0,100.0,95658,0,0,-1,1,0,2,0.6,0.6,1,Harry,0.6,377,False,,2025-03-06T00:00:09.433208Z,49,95658.jpg,1.6,False,Maguire,0.8,False,,a,14,1,40,105736,469,115989,261,0.1,8.2,Maguire,241.0,2019-08-05,1993-03-05,False,p95658,1571,1,0,2,26,0,0,0,7,0,0,3,186,370.4,78.9,201.0,65.1,17,1.82,0.24,2.06,25.61,0,0,0,0,0,0,0,181,67,314,97,160,25,232,74,,,,,,,0.1,0.0,0.01,0.11,1.47,1.49,237,28,340,104,364,117,230,89,0.97,0.11
533,True,True,100.0,100.0,516895,0,0,-3,3,0,3,1.6,1.6,2,Kobbie,1.6,378,False,,2025-02-17T10:00:09.757660Z,52,516895.jpg,1.7,False,Mainoo,1.7,False,,a,14,1,40,156953,52,626533,62,0.3,7.7,Mainoo,241.0,2022-10-15,2005-04-19,False,p516895,1592,0,0,5,27,0,0,0,5,0,0,0,218,181.8,236.3,125.0,54.7,19,0.84,1.35,2.19,24.86,0,0,0,0,0,0,0,310,140,170,116,237,134,269,140,,,,,,,0.05,0.0,0.08,0.13,1.41,1.53,176,105,238,104,350,164,151,51,1.07,0.28
534,True,False,0.0,0.0,222690,0,0,-1,1,0,2,0.0,0.0,0,Tyrell,0.0,379,False,Loaned to PSV,2025-02-05T21:04:06.513546Z,44,222690.jpg,0.7,False,Malacia,0.0,False,,u,14,1,2,2894,0,3803,0,0.0,0.5,Malacia,152.0,2022-07-05,,False,p222690,99,0,0,0,1,0,0,0,1,0,0,0,2,5.2,13.9,0.0,1.7,2,0.00,0.02,0.02,0.78,0,0,0,0,0,0,0,512,182,436,155,636,252,513,178,,,,,,,0.0,0.0,0.02,0.02,0.71,0.91,512,95,583,236,541,185,680,230,1.82,0.0
535,True,True,0.0,0.0,221820,0,0,-2,2,1,2,0.0,0.0,0,Lisandro,0.0,380,False,Knee injury - Unknown return date,2025-02-03T02:00:08.575069Z,43,221820.jpg,3.4,False,Martínez,2.3,False,,i,14,1,68,446329,3,795996,90,0.0,15.8,Martinez,10.0,2022-07-17,1998-01-18,False,p221820,1751,2,1,6,27,0,0,0,7,0,0,5,293,426.6,153.9,158.0,73.8,20,1.33,1.21,2.54,30.17,0,0,0,0,0,0,0,161,59,235,61,201,41,201,63,,,,,,,0.07,0.0,0.06,0.13,1.55,1.39,574,121,566,225,102,19,131,48,1.03,0.31
536,True,False,0.0,0.0,195851,0,0,-1,1,0,3,0.0,0.0,0,Scott,0.0,381,False,Transferred to Napoli,2024-08-31T06:16:49.087133Z,49,195851.jpg,1.0,False,McTominay,0.1,False,,u,14,1,2,6691,0,93431,1,0.0,0.4,McTominay,,,,False,p195851,17,0,0,0,1,0,0,0,0,0,0,0,4,3.2,0.3,5.0,0.9,0,0.07,0.00,0.07,0.66,0,0,0,0,0,0,0,527,243,512,249,453,232,526,243,,,,,,,0.37,0.0,0.0,0.37,3.49,5.29,250,160,733,306,511,237,426,147,0.0,0.0
537,True,True,100.0,100.0,184341,0,0,-2,2,0,3,2.0,2.0,1,Mason,2.0,382,False,,2024-12-16T09:30:07.044661Z,63,184341.jpg,1.3,False,Mount,0.2,False,,a,14,1,19,18927,612,28483,129,0.3,3.0,Mount,241.0,2023-07-05,1999-01-10,False,p184341,479,1,0,1,11,0,0,0,3,0,0,0,55,73.0,86.4,129.0,28.2,6,2.37,0.48,2.85,7.63,0,0,0,0,0,0,0,408,190,305,181,231,131,358,178,,,,,,,0.45,0.0,0.09,0.54,1.43,2.07,54,28,190,84,423,201,367,116,1.13,0.19
538,True,True,,,202641,0,0,-1,1,1,1,0.8,0.8,0,André,0.8,383,False,,,49,202641.jpg,3.6,False,Onana,5.2,False,,a,14,1,118,1183006,133,1371484,958,0.2,24.1,Onana,38.0,2023-07-20,1996-04-02,False,p202641,2970,0,0,9,43,0,1,0,0,0,88,8,430,714.4,13.0,0.0,72.8,33,0.00,0.19,0.19,46.97,0,0,0,0,0,0,0,43,11,438,9,761,73,205,11,,,,,,,0.0,2.67,0.01,0.01,1.42,1.3,253,10,313,22,80,14,69,14,1.0,0.27
539,True,False,0.0,0.0,488404,0,0,0,0,0,3,0.0,0.0,0,Facundo,0.0,384,False,Transferred to Panathinaikos,2024-08-22T11:21:35.952901Z,50,488404.jpg,0.0,False,Pellistri Rebollo,0.0,False,,u,14,1,0,61,0,1930,1,0.0,0.0,Pellistri,,,,False,p488404,0,0,0,0,0,0,0,0,0,0,0,0,0,0.0,0.0,0.0,0.0,0,0.00,0.00,0.00,0.00,0,0,0,0,0,0,0,784,337,783,337,777,336,784,337,,,,,,,0.0,0.0,0.0,0.0,0.0,0.0,225,142,756,325,784,337,734,306,0.0,0.0
540,True,True,100.0,100.0,106760,0,0,-1,1,0,2,0.2,0.2,1,Luke,0.2,387,False,,2025-03-31T14:00:06.529907Z,49,106760.jpg,0.5,False,Shaw,0.2,False,,a,14,1,3,8474,77,67506,34,0.0,0.6,Shaw,241.0,2014-07-01,1995-07-12,False,p106760,266,0,0,0,4,1,0,0,1,0,0,0,29,44.6,66.1,11.0,12.2,3,0.03,0.77,0.80,2.99,0,0,0,0,0,0,0,436,160,334,108,427,154,422,149,,,,,,,0.01,0.0,0.26,0.27,1.01,1.35,238,29,412,135,551,191,384,141,1.02,0.0
541,True,True,0.0,0.0,458249,0,0,-5,5,1,4,0.0,0.0,0,Joshua,0.2,389,False,Hamstring injury - Expected back 01 Jun,2025-04-14T08:30:08.062326Z,65,458249.jpg,2.0,False,Zirkzee,1.5,False,,i,14,1,64,543721,13,704376,165,0.0,9.8,Zirkzee,152.0,2024-07-17,2001-05-22,False,p458249,1385,3,2,3,24,0,0,0,2,0,0,6,216,222.6,212.0,351.0,78.0,14,4.64,1.04,5.68,24.84,0,0,0,0,0,0,0,276,25,190,21,91,27,192,25,,,,,,,0.3,0.0,0.07,0.37,1.61,1.56,46,21,422,46,298,35,160,24,0.91,0.19
542,True,True,100.0,100.0,550864,0,0,-2,2,0,2,0.6,0.6,1,Leny,0.6,572,False,,2025-03-09T23:30:09.368083Z,43,550864.jpg,1.0,False,Yoro,0.2,False,,a,14,1,22,50628,138,50177,74,0.1,5.1,Yoro,73.0,2024-07-19,2005-11-13,False,p550864,1160,0,0,1,24,0,0,0,5,0,0,0,90,199.6,55.0,54.0,30.9,12,0.70,0.15,0.85,19.35,0,0,0,0,0,0,0,296,108,352,117,317,101,346,116,,,,,,,0.05,0.0,0.01,0.06,1.5,1.86,596,135,329,102,470,172,347,131,0.93,0.08
543,True,True,0.0,0.0,209365,0,0,-2,2,1,2,0.0,0.0,0,Matthijs,0.0,593,False,Knock - Expected back 16 May,2025-05-05T07:30:08.631016Z,48,209365.jpg,2.3,False,de Ligt,2.9,False,,i,14,1,68,622887,7,846677,416,0.0,14.2,De Ligt,152.0,2024-08-13,1999-08-12,False,p209365,2119,2,0,4,36,0,0,0,3,0,0,3,312,518.4,88.7,303.0,91.5,25,2.48,0.25,2.73,38.53,0,0,0,0,0,0,0,119,45,302,89,104,7,155,43,,,,,,,0.11,0.0,0.01,0.12,1.64,1.53,296,35,722,255,241,74,114,42,1.06,0.17
544,True,True,100.0,100.0,230001,0,0,-3,3,2,2,1.0,1.0,1,Noussair,1.0,594,False,,2025-01-23T23:30:09.029563Z,42,230001.jpg,2.5,False,Mazraoui,7.6,False,,a,14,1,86,3124654,323,2881225,1679,0.2,20.5,Mazraoui,145.0,2024-08-13,1997-11-14,False,p230001,2727,0,1,7,42,0,0,0,2,0,0,5,395,564.6,301.2,117.0,98.2,32,0.69,1.73,2.42,45.44,0,0,0,0,0,0,0,94,36,131,27,244,68,140,36,,,,,,,0.02,0.0,0.06,0.08,1.5,1.39,617,151,284,82,201,62,48,17,1.06,0.23
545,True,True,25.0,25.0,490881,0,0,0,0,0,3,0.0,0.0,0,Toby,0.0,613,False,Leg injury - 25% chance of playing,2025-04-11T00:00:08.945658Z,45,490881.jpg,1.0,False,Collyer,0.0,False,,d,14,1,6,13772,1,12554,3,0.0,1.3,Collyer,241.0,2023-07-01,2004-01-03,False,p490881,174,0,0,0,2,0,0,0,0,0,0,0,40,40.4,29.9,8.0,7.9,0,0.08,0.37,0.45,3.09,0,0,0,0,0,0,0,442,201,399,213,435,223,449,214,,,,,,,0.04,0.0,0.19,0.23,1.6,1.03,412,255,641,238,485,221,568,216,0.0,0.0
546,True,False,0.0,0.0,575034,0,0,0,0,0,4,0.0,0.0,0,Ethan,0.0,648,False,Loaned to Walsall,2025-01-27T09:59:58.864124Z,45,575034.jpg,0.0,False,Wheatley,1.0,False,,u,14,1,0,465169,0,399660,82,0.0,0.0,Wheatley,241.0,2024-04-12,,False,p575034,0,0,0,0,0,0,0,0,0,0,0,0,0,0.0,0.0,0.0,0.0,0,0.00,0.00,0.00,0.00,0,0,0,0,0,0,0,751,69,748,69,731,69,751,69,,,,,,,0.0,0.0,0.0,0.0,0.0,0.0,467,77,687,60,754,72,209,35,0.0,0.0
547,True,True,100.0,100.0,232112,0,0,-1,1,0,3,2.2,2.2,1,Manuel,2.2,652,False,,2025-03-06T00:00:09.853102Z,49,232112.jpg,1.8,False,Ugarte,0.1,False,,a,14,1,49,37248,33,32102,32,0.4,10.0,Ugarte,230.0,2024-08-30,2001-04-11,False,p232112,1757,1,2,4,32,1,0,0,10,0,0,1,316,310.4,191.9,113.0,61.4,22,1.00,0.66,1.66,29.28,0,0,0,0,0,0,0,224,99,205,136,251,140,249,127,,,,,,,0.05,0.0,0.03,0.08,1.5,1.64,260,166,160,69,331,153,458,164,1.13,0.2
548,True,True,25.0,25.0,606745,0,0,0,0,0,2,0.0,0.0,0,Ayden,0.0,658,False,Ankle injury - 25% chance of playing,2025-04-18T15:30:08.283369Z,40,606745.jpg,1.0,False,Heaven,0.1,False,,d,14,1,2,14259,0,11790,19,0.0,0.5,Heaven,241.0,2025-02-01,2006-09-22,False,p606745,95,0,0,0,1,0,0,0,0,0,0,0,20,28.2,0.7,2.0,3.1,1,0.00,0.00,0.00,1.63,0,0,0,0,0,0,0,460,168,497,182,467,174,491,171,,,,,,,0.0,0.0,0.0,0.0,1.54,0.95,719,226,534,205,464,166,503,178,0.95,0.0
549,True,True,,,547037,0,0,0,0,0,3,0.0,0.0,0,Jack,0.0,667,False,,,45,547037.jpg,0.0,False,Fletcher,0.0,False,,a,14,1,0,1429,0,1195,0,0.0,0.0,Fletcher,241.0,2024-07-12,2007-03-19,False,p547037,0,0,0,0,0,0,0,0,0,0,0,0,0,0.0,0.0,0.0,0.0,0,0.00,0.00,0.00,0.00,0,0,0,0,0,0,0,738,306,734,306,718,299,738,306,,,,,,,0.0,0.0,0.0,0.0,0.0,0.0,451,286,673,265,742,307,714,295,0.0,0.0
550,True,True,,,577974,0,0,0,0,0,2,0.6,0.6,1,Harry,0.6,670,False,,,40,577974.jpg,0.8,False,Amass,0.1,False,,a,14,1,4,8884,45,4549,30,0.2,1.0,Amass,241.0,2024-04-06,2007-03-16,False,p577974,345,0,0,0,9,0,0,0,0,0,0,0,1,36.6,23.0,11.0,7.1,4,0.07,0.07,0.14,6.30,0,0,0,0,0,0,0,449,167,415,148,425,152,453,157,,,,,,,0.02,0.0,0.02,0.04,1.64,2.35,708,216,325,99,533,180,507,179,1.04,0.0
551,True,True,,,556639,0,0,0,0,0,3,0.0,0.0,0,Jayce,0.0,673,False,,,45,556639.jpg,0.0,False,Fitzgerald,0.0,False,,a,14,1,0,729,2,602,2,0.0,0.0,Fitzgerald,241.0,2024-10-29,2007-05-09,False,p556639,0,0,0,0,0,0,0,0,0,0,0,0,0,0.0,0.0,0.0,0.0,0,0.00,0.00,0.00,0.00,0,0,0,0,0,0,0,745,311,741,311,725,304,745,311,,,,,,,0.0,0.0,0.0,0.0,0.0,0.0,460,292,680,270,748,312,738,307,0.0,0.0
552,True,True,,,576637,0,0,0,0,0,2,0.0,0.0,0,Godwill,0.0,691,False,,,40,576637.jpg,0.0,False,Kukonki,0.0,False,,a,14,1,0,1018,2,953,3,0.0,0.0,Kukonki,241.0,2024-12-03,2008-02-06,False,p576637,0,0,0,0,0,0,0,0,0,0,0,0,0,0.0,0.0,0.0,0.0,0,0.00,0.00,0.00,0.00,0,0,0,0,0,0,0,635,232,623,231,586,223,635,232,,,,,,,0.0,0.0,0.0,0.0,0.0,0.0,706,214,522,194,643,232,681,231,0.0,0.0
553,True,True,,,100053636,0,0,0,0,0,5,2.6,2.6,0,Ruben Filipe,2.6,745,False,,,8,100053636.jpg,0.0,False,Marques Diogo Amorim,1.2,False,,a,14,1,66,42482,81,37415,49,3.2,82.5,Amorim,173.0,2024-11-11,1985-01-27,False,man53637,0,0,0,0,0,0,0,0,0,0,0,0,0,0.0,0.0,0.0,0.0,0,0.00,0.00,0.00,0.00,3,4,7,0,3,3,15,555,10,532,10,486,10,555,10,,,,,,,0.0,0.0,0.0,0.0,0.0,0.0,796,15,138,18,565,10,573,12,0.0,0.0
554,True,True,,,588555,0,0,0,0,0,1,0.0,0.0,0,Elyh,0.0,761,False,,,40,588555.jpg,0.0,False,Harrison,0.0,False,,a,14,1,0,599,2,301,1,0.0,0.0,Harrison,241.0,2025-02-01,2006-02-19,False,p588555,0,0,0,0,0,0,0,0,0,0,0,0,0,0.0,0.0,0.0,0.0,0,0.00,0.00,0.00,0.00,0,0,0,0,0,0,0,637,74,625,63,588,44,637,74,,,,,,,0.0,0.0,0.0,0.0,0.0,0.0,710,60,525,65,645,74,735,77,0.0,0.0
555,True,True,100.0,100.0,596777,0,0,0,0,0,2,0.4,0.4,1,Patrick,0.4,766,False,,2025-02-27T08:00:10.469576Z,45,596777.jpg,0.9,False,Dorgu,0.2,False,,a,14,1,9,56732,123,32720,180,0.1,2.0,Dorgu,58.0,2025-02-02,2004-10-26,False,p596777,660,0,0,1,11,0,0,0,3,1,0,0,65,73.8,110.0,92.0,27.5,8,0.38,1.08,1.46,9.04,0,0,0,0,0,0,0,407,144,274,76,273,81,361,122,,,,,,,0.05,0.0,0.15,0.2,1.23,1.5,478,76,369,115,524,176,344,129,1.09,0.14
556,True,True,,,596047,0,0,0,0,0,4,0.8,0.8,0,Chido,0.8,776,False,,,45,596047.jpg,1.0,False,Obi-Martin,0.2,False,,a,14,1,6,39032,173,20340,127,0.2,1.3,Obi,58.0,2025-02-15,2007-11-29,False,p596047,151,0,0,0,5,0,0,0,1,0,0,0,19,8.2,5.1,42.0,5.2,1,0.61,0.03,0.64,3.36,0,0,0,0,0,0,0,505,50,468,53,339,45,473,49,,,,,,,0.36,0.0,0.02,0.38,2.0,2.98,476,80,306,28,494,54,377,59,0.6,0.0
557,True,True,,,547676,0,0,0,0,0,2,0.4,0.4,0,Tyler,0.4,777,False,,,40,547676.jpg,1.0,False,Fredricson,0.0,False,,a,14,1,2,734,8,236,4,0.1,0.5,Fredricson,241.0,2022-09-07,2005-02-23,False,p547676,166,0,0,0,5,0,0,0,0,0,0,0,16,37.4,4.9,2.0,4.4,2,0.00,0.02,0.02,2.94,0,0,0,0,0,0,0,445,164,469,164,465,172,480,170,,,,,,,0.0,0.0,0.01,0.01,1.59,2.71,698,207,359,109,461,163,722,244,1.08,0.0
558,True,True,,,559684,0,0,0,0,0,3,0.0,0.0,0,Jack,0.0,778,False,,,45,559684.jpg,0.0,False,Moorhouse,0.0,False,,a,14,1,0,211,3,119,1,0.0,0.0,Moorhouse,104.0,2025-02-15,2005-11-29,False,p559684,0,0,0,0,0,0,0,0,0,0,0,0,0,0.0,0.0,0.0,0.0,0,0.00,0.00,0.00,0.00,0,0,0,0,0,0,0,746,312,742,312,726,305,746,312,,,,,,,0.0,0.0,0.0,0.0,0.0,0.0,461,293,681,271,749,313,782,334,0.0,0.0
559,True,True,,,618873,0,0,0,0,0,3,0.0,0.0,0,Sékou,0.0,779,False,,,45,618873.jpg,0.0,False,Koné,0.0,False,,a,14,1,0,480,4,263,2,0.0,0.0,Koné,132.0,2025-02-15,2006-02-03,False,p618873,0,0,0,0,0,0,0,0,0,0,0,0,0,0.0,0.0,0.0,0.0,0,0.00,0.00,0.00,0.00,0,0,0,0,0,0,0,764,324,762,324,746,318,764,324,,,,,,,0.0,0.0,0.0,0.0,0.0,0.0,488,308,704,286,766,325,759,318,0.0,0.0
560,True,True,,,439483,0,0,0,0,0,1,0.0,0.0,0,Hubert,0.0,783,False,,,40,439483.jpg,0.0,False,Graczyk,0.0,False,,a,14,1,0,262,1,123,0,0.0,0.0,Graczyk,172.0,2025-02-06,2003-02-28,False,p439483,0,0,0,0,0,0,0,0,0,0,0,0,0,0.0,0.0,0.0,0.0,0,0.00,0.00,0.00,0.00,0,0,0,0,0,0,0,599,64,586,53,547,34,599,64,,,,,,,0.0,0.0,0.0,0.0,0.0,0.0,660,50,481,55,607,64,770,79,0.0,0.0
561,True,True,,,461537,0,0,0,0,0,1,0.0,0.0,0,Dermot,0.0,788,False,,,40,461537.jpg,0.0,False,Mee,0.0,False,,a,14,1,0,262,2,120,2,0.0,0.0,Dermot Mee,242.0,2023-07-24,2002-11-20,False,p461537,0,0,0,0,0,0,0,0,0,0,0,0,0,0.0,0.0,0.0,0.0,0,0.00,0.00,0.00,0.00,0,0,0,0,0,0,0,604,65,591,54,552,35,604,65,,,,,,,0.0,0.0,0.0,0.0,0.0,0.0,665,51,486,56,612,65,775,80,0.0,0.0
562,True,False,0.0,0.0,545477,0,0,0,0,0,2,0.0,0.0,0,Alex,0.0,390,False,Loaned to Bolton Wanderers,2025-01-22T10:15:51.022032Z,40,545477.jpg,0.0,False,Murphy,0.5,False,,u,15,4,0,83269,0,126630,29,0.0,0.0,A.Murphy,104.0,2023-07-19,,False,p545477,0,0,0,0,0,0,0,0,0,0,0,0,0,0.0,0.0,0.0,0.0,0,0.00,0.00,0.00,0.00,0,0,0,0,0,0,0,628,226,616,225,579,217,628,226,,,,,,,0.0,0.0,0.0,0.0,0.0,0.0,697,206,514,187,636,226,264,101,0.0,0.0
563,True,False,0.0,0.0,179018,0,0,-6,6,0,3,0.0,0.0,0,Miguel,0.0,391,False,Loaned to Atlanta United,2025-02-03T10:23:53.692418Z,54,179018.jpg,1.1,False,Almirón Rejala,0.3,False,,u,15,4,10,42668,0,118761,4,0.0,1.9,Almirón,168.0,2019-01-31,,False,p179018,150,0,0,0,3,0,0,0,0,0,0,0,36,15.2,40.9,57.0,11.3,1,0.52,0.19,0.71,3.67,0,0,0,0,0,0,0,489,227,374,205,312,172,424,201,,,,,,,0.31,0.0,0.11,0.42,2.2,1.8,127,78,772,330,445,210,318,97,0.6,0.0
564,True,True,100.0,100.0,201666,0,0,-5,5,1,3,6.2,7.2,3,Harvey,6.7,392,False,,2025-01-12T22:00:08.256604Z,60,201666.jpg,4.1,False,Barnes,5.1,False,,a,15,4,126,1401133,1617,915798,7201,1.1,21.0,Barnes,241.0,2023-07-23,1997-12-09,False,p201666,1584,9,5,6,21,0,0,0,0,0,0,13,435,503.6,359.6,621.0,148.5,15,6.40,4.35,10.75,23.00,0,0,0,0,0,0,0,131,47,107,79,42,26,65,45,,,,,,,0.36,0.0,0.25,0.61,1.31,1.19,78,50,10,3,40,21,70,21,0.85,0.34
565,True,True,100.0,100.0,220237,0,0,-1,1,0,2,0.0,1.0,1,Sven,0.5,393,False,,2025-02-06T00:00:08.488730Z,44,220237.jpg,1.7,False,Botman,0.0,False,,a,15,4,10,15832,35,15430,8,0.1,2.3,Botman,152.0,2022-06-28,2000-01-12,False,p220237,287,0,0,1,3,0,0,0,1,0,0,0,53,51.8,3.1,13.0,6.9,4,0.03,0.05,0.08,4.01,0,0,0,0,0,0,0,426,154,478,170,417,148,458,160,,,,,,,0.01,0.0,0.02,0.03,1.26,0.94,511,94,353,105,343,110,591,204,1.25,0.31
566,True,True,100.0,100.0,208706,0,0,-3,3,1,3,3.3,4.3,7,Bruno,3.8,394,False,,2024-11-26T02:30:08.074203Z,62,208706.jpg,3.6,False,Guimarães Rodriguez Moura,3.0,False,,a,15,4,131,568310,850,609808,1487,0.6,21.1,Bruno G.,30.0,2022-01-30,1997-11-16,False,p208706,3093,5,6,13,42,0,0,0,7,0,0,10,634,650.6,721.0,396.0,177.0,36,3.98,5.11,9.09,41.71,0,0,0,0,0,0,0,62,19,29,25,78,51,45,33,,,,,,,0.12,0.0,0.15,0.27,1.21,1.22,57,31,73,32,86,39,112,34,1.05,0.38
567,True,True,100.0,100.0,78916,0,0,0,0,2,2,4.3,5.3,9,Dan,4.8,395,False,,2025-02-10T09:30:07.448812Z,45,78916.jpg,3.1,False,Burn,11.4,False,,a,15,4,110,1742905,2212,2071114,2416,1.1,24.4,Burn,241.0,2022-01-31,1992-05-09,False,p78916,3150,1,1,13,43,2,0,0,10,0,0,7,452,651.0,107.5,243.0,100.3,35,1.87,1.06,2.93,43.52,0,0,0,0,0,0,0,61,24,279,81,131,17,137,34,,,,,,,0.05,0.0,0.03,0.08,1.24,1.23,363,54,42,8,128,32,36,13,1.0,0.37
568,True,True,100.0,100.0,67089,0,0,-5,5,1,1,-0.5,0.5,0,Martin,0.0,396,False,,2024-10-02T00:30:05.687323Z,40,67089.jpg,4.4,False,Dúbravka,1.4,False,,a,15,4,44,437366,60,427304,480,0.0,11.0,Dúbravka,194.0,2018-07-01,1989-01-15,False,p67089,900,0,0,5,12,0,0,0,0,0,29,2,160,220.2,0.0,0.0,22.0,10,0.00,0.00,0.00,11.19,0,0,0,0,0,0,0,278,26,569,45,530,26,382,26,,,,,,,0.0,2.9,0.0,0.0,1.12,1.2,637,42,462,48,25,4,170,24,1.0,0.5
569,True,True,100.0,100.0,232826,0,0,-1,1,1,3,0.8,1.8,3,Anthony,1.3,398,False,,2025-03-03T01:00:07.799534Z,74,232826.jpg,3.8,False,Gordon,7.8,False,,a,15,4,121,3521228,790,5239723,1507,0.2,16.4,Gordon,241.0,2023-01-29,2001-02-24,False,p232826,2293,6,6,10,32,0,0,1,2,0,0,9,465,534.6,756.0,642.0,193.2,26,8.17,4.63,12.80,31.68,0,0,0,0,0,0,0,113,41,19,15,40,24,24,19,3.0,,,,3.0,,0.32,0.0,0.18,0.5,1.24,1.26,20,13,266,125,71,33,47,14,1.02,0.39
570,True,True,0.0,0.0,487838,0,0,2,-2,2,2,0.0,0.0,0,Lewis,0.0,399,False,Foot injury - Expected back 01 Jun,2025-03-03T01:00:07.813261Z,47,487838.jpg,3.8,False,Hall,4.5,False,,i,15,4,102,3442437,10,3533737,1115,0.0,21.7,Hall,241.0,2024-07-01,2004-09-08,False,p487838,2188,0,7,8,31,0,0,0,3,0,0,11,443,561.6,561.2,128.0,125.3,24,0.43,3.73,4.16,29.73,0,0,0,0,0,0,0,97,38,53,10,234,64,94,15,2.0,,,,,,0.02,0.0,0.15,0.17,1.22,1.28,338,46,714,254,62,8,84,29,0.99,0.33
571,True,False,0.0,0.0,153127,0,0,-1,1,0,3,0.0,0.0,0,Isaac,0.0,400,False,Loaned to Portsmouth,2025-01-17T11:53:46.314664Z,44,153127.jpg,0.0,False,Hayden,0.1,False,,u,15,4,0,11061,0,14841,4,0.0,0.0,Hayden,107.0,2016-07-11,,False,p153127,0,0,0,0,0,0,0,0,0,0,0,0,0,0.0,0.0,0.0,0.0,0,0.00,0.00,0.00,0.00,0,0,0,0,0,0,0,667,255,661,256,634,246,667,255,,,,,,,0.0,0.0,0.0,0.0,0.0,0.0,501,312,580,203,674,258,530,198,0.0,0.0
572,True,True,100.0,100.0,219168,-1,1,10,-10,6,4,4.5,5.5,2,Alexander,5.0,401,True,,2025-04-03T01:00:08.185785Z,95,219168.jpg,6.3,False,Isak,59.9,False,,a,15,4,209,9345953,3577,8590543,15426,0.5,22.0,Isak,206.0,2022-08-26,1999-09-21,False,p219168,2668,23,6,12,40,0,0,0,1,0,0,36,845,1037.0,560.6,1224.0,281.2,33,20.18,3.56,23.74,35.79,0,0,0,0,0,0,0,4,1,54,2,3,2,4,1,,,3.0,,2.0,,0.68,0.0,0.12,0.8,1.21,1.35,7,2,40,4,3,1,2,1,1.11,0.4
573,True,True,100.0,100.0,114243,-1,1,-3,3,4,3,5.0,6.0,5,Jacob,5.5,402,False,,2025-01-13T14:00:09.130787Z,52,114243.jpg,4.7,False,Murphy,15.9,False,,a,15,4,155,3250262,2838,1655402,11073,1.1,29.8,J.Murphy,241.0,2017-07-19,1995-02-24,False,p114243,2225,8,13,11,29,0,0,0,4,0,0,11,581,656.0,565.5,506.0,172.6,29,5.89,6.09,11.98,26.99,0,0,0,0,0,0,0,58,17,52,42,56,35,52,37,,,,,,,0.24,0.0,0.25,0.49,1.09,1.17,165,98,27,9,17,10,25,7,1.17,0.44
574,True,True,50.0,50.0,180974,0,0,0,0,3,3,0.8,1.2,0,Joelinton Cássio,2.0,403,False,Knee injury - 50% chance of playing,2025-04-27T12:00:08.326979Z,60,180974.jpg,3.4,False,Apolinário de Lira,1.1,False,,d,15,4,99,474584,5,531826,181,0.3,16.5,Joelinton,30.0,2019-07-24,1996-08-14,False,p180974,2394,4,4,10,32,0,0,0,10,0,0,11,374,469.8,389.3,465.0,132.7,29,3.74,2.17,5.91,31.79,0,0,0,0,0,0,0,141,53,93,72,64,41,88,59,,,,,,,0.14,0.0,0.08,0.22,1.2,1.2,76,48,188,82,111,52,199,64,1.09,0.38
575,True,False,0.0,0.0,235530,0,0,-3,3,0,2,0.0,0.0,0,Lloyd,0.0,404,False,Loaned to Juventus,2025-02-04T10:29:36.512234Z,42,235530.jpg,1.2,False,Kelly,0.1,False,,u,15,4,12,10682,0,20808,6,0.0,2.9,Kelly,241.0,2024-07-01,,False,p235530,299,0,1,0,6,0,0,0,2,0,0,0,40,80.6,29.0,20.0,12.6,4,0.41,0.11,0.52,5.72,0,0,0,0,0,0,0,402,143,400,142,396,136,419,147,,,,,,,0.12,0.0,0.03,0.15,1.72,1.81,618,152,557,220,426,145,477,166,1.2,0.0
576,True,True,100.0,100.0,111773,0,0,-2,2,0,2,0.2,1.2,0,Emil,0.7,405,False,,2024-11-11T16:00:06.953415Z,43,111773.jpg,1.5,False,Krafth,0.1,False,,a,15,4,17,12931,4,21033,4,0.2,4.0,Krafth,206.0,2019-08-08,1994-08-02,False,p111773,308,0,0,1,2,0,0,0,1,0,0,0,53,52.8,14.1,13.0,8.1,2,0.04,0.04,0.08,6.43,0,0,0,0,0,0,0,425,153,435,154,415,146,444,154,,,,,,,0.01,0.0,0.01,0.02,1.88,0.58,564,113,323,97,370,121,476,165,0.58,0.29
577,True,True,,,564510,0,0,-1,1,0,3,-0.5,0.5,0,Garang,0.0,406,False,,,44,564510.jpg,0.0,False,Kuol,0.1,False,,a,15,4,0,11771,12,11791,6,0.0,0.0,Kuol,13.0,2023-01-01,,False,p564510,0,0,0,0,0,0,0,0,0,0,0,0,0,0.0,0.0,0.0,0.0,0,0.00,0.00,0.00,0.00,0,0,0,0,0,0,0,678,263,673,263,650,254,678,263,,,,,,,0.0,0.0,0.0,0.0,0.0,0.0,545,328,601,214,683,264,513,187,0.0,0.0
578,True,True,25.0,25.0,101148,0,0,0,0,0,2,-0.1,0.1,0,Jamaal,0.0,407,False,Lack of match fitness - 25% chance of playing,2024-07-17T13:30:05.035452Z,45,101148.jpg,0.0,False,Lascelles,0.0,False,,d,15,4,0,1209,6,1148,2,0.0,0.0,Lascelles,241.0,2014-08-04,1993-11-11,False,p101148,0,0,0,0,0,0,0,0,0,0,0,0,0,0.0,0.0,0.0,0.0,0,0.00,0.00,0.00,0.00,0,0,0,0,0,0,0,685,259,680,258,658,256,685,259,,,,,,,0.0,0.0,0.0,0.0,0.0,0.0,366,56,610,243,690,258,739,250,0.0,0.0
579,True,False,0.0,0.0,194799,0,0,0,0,0,2,0.0,0.0,0,Jamal,0.0,408,False,Loaned to  Sao Paulo,2024-09-05T10:35:35.180344Z,40,194799.jpg,0.0,False,Lewis,0.1,False,,u,15,4,0,11493,0,42294,1,0.0,0.0,Lewis,242.0,2020-09-09,1998-01-25,False,p194799,0,0,0,0,0,0,0,0,0,0,0,0,0,0.0,0.0,0.0,0.0,0,0.00,0.00,0.00,0.00,0,0,0,0,0,0,0,591,200,575,198,536,188,591,200,,,,,,,0.0,0.0,0.0,0.0,0.0,0.0,646,169,468,154,600,201,429,153,0.0,0.0
580,True,True,100.0,100.0,441191,0,0,1,-1,1,2,3.2,4.2,6,Tino,3.7,409,False,,2024-12-27T02:00:09.792616Z,46,441191.jpg,2.9,False,Livramento,8.9,False,,a,15,4,100,1542467,772,724305,2842,0.8,21.7,Livramento,241.0,2023-08-08,2002-11-12,False,p441191,2655,0,1,10,38,0,0,0,1,0,0,5,446,512.8,335.4,94.0,94.3,30,0.26,2.24,2.50,36.13,0,0,0,0,0,0,0,122,46,113,24,271,79,148,39,,,,,,,0.01,0.0,0.08,0.09,1.22,1.29,357,52,75,15,152,42,43,15,1.02,0.34
581,True,True,,,180135,0,0,-6,6,0,3,0.0,1.0,1,Sean,0.5,410,False,,,44,180135.jpg,1.4,False,Longstaff,0.3,False,,a,15,4,34,86516,33,163826,44,0.1,7.7,Longstaff,241.0,2018-08-09,1997-10-30,False,p180135,783,0,1,2,11,0,0,0,2,0,0,0,131,117.0,78.4,76.0,27.3,8,0.60,0.22,0.82,11.32,0,0,0,0,0,0,0,361,167,315,185,291,163,364,180,,,,,,,0.07,0.0,0.03,0.1,1.3,1.26,503,313,352,170,398,186,298,91,0.92,0.23
582,True,True,100.0,100.0,547719,0,0,0,0,0,3,0.0,1.0,1,Lewis,0.5,411,False,,2024-07-17T13:30:05.048462Z,50,547719.jpg,1.5,False,Miley,0.0,False,,a,15,4,20,2822,2,2565,8,0.1,4.0,Miley,241.0,2023-02-01,2006-05-01,False,p547719,277,1,0,0,4,0,0,0,0,0,0,1,85,79.8,30.5,43.0,15.4,1,0.57,0.29,0.86,5.61,0,0,0,0,0,0,0,405,189,395,210,337,183,408,198,,,,,,,0.19,0.0,0.09,0.28,1.82,1.3,233,148,355,172,385,184,667,273,0.32,0.0
583,True,True,,,111452,0,0,-3,3,0,1,-0.5,0.5,0,Odysseas,0.0,412,False,,,42,111452.jpg,0.0,False,Vlachodimos,0.1,False,,a,15,4,0,3931,2,11235,7,0.0,0.0,Odysseas,83.0,2024-07-01,1994-04-26,False,p111452,0,0,0,0,0,0,0,0,0,0,0,0,0,0.0,0.0,0.0,0.0,0,0.00,0.00,0.00,0.00,0,0,0,0,0,0,0,658,79,649,71,615,54,658,79,,,,,,,0.0,0.0,0.0,0.0,0.0,0.0,608,33,555,73,666,79,468,63,0.0,0.0
584,True,True,100.0,100.0,98747,0,0,0,0,1,1,4.8,5.8,7,Nick,5.3,413,False,,2024-12-13T11:30:08.088931Z,50,98747.jpg,3.7,False,Pope,6.0,False,,a,15,4,96,1156302,440,1280078,1676,1.1,19.2,Pope,241.0,2022-06-23,1992-04-19,False,p98747,2340,0,0,8,33,0,1,0,2,0,80,2,357,589.0,10.0,0.0,59.7,26,0.00,0.00,0.00,33.24,0,0,0,0,0,0,0,77,14,460,18,768,75,252,14,,,,,,,0.0,3.08,0.0,0.0,1.28,1.27,198,8,30,3,76,13,63,12,1.0,0.31
585,True,True,,,19236,0,0,-1,1,0,1,-0.5,0.5,0,John,0.0,414,False,,,39,19236.jpg,0.0,False,Ruddy,0.3,False,,a,15,4,0,25816,17,30931,23,0.0,0.0,Ruddy,241.0,2024-07-01,1986-10-24,False,p19236,0,0,0,0,0,0,0,0,0,0,0,0,0,0.0,0.0,0.0,0.0,0,0.00,0.00,0.00,0.00,0,0,0,0,0,0,0,568,46,545,26,499,5,568,46,,,,,,,0.0,0.0,0.0,0.0,0.0,0.0,732,64,428,28,578,46,326,48,0.0,0.0
586,True,True,75.0,75.0,119471,0,0,1,-1,2,2,4.3,5.1,5,Fabian,6.3,415,False,Muscle injury - 75% chance of playing,2025-05-05T07:30:08.372746Z,56,119471.jpg,3.6,False,Schär,4.2,False,,d,15,4,115,864607,440,637699,5033,1.1,20.5,Schär,207.0,2018-07-26,1991-12-20,False,p119471,2755,4,2,11,40,0,0,0,8,1,0,4,430,687.2,104.9,272.0,106.0,31,2.61,0.96,3.57,35.56,0,0,0,0,0,0,0,52,20,280,82,117,10,126,31,,,2.0,,,,0.09,0.0,0.03,0.12,1.16,1.31,101,10,17,2,84,15,91,34,1.01,0.36
587,True,True,25.0,25.0,169359,0,0,-1,1,0,2,-0.1,0.2,0,Matt,0.2,416,False,Hamstring injury - 25% chance of playing,2025-04-27T12:00:08.343603Z,39,169359.jpg,1.0,False,Targett,0.3,False,,d,15,4,2,38570,4,61413,51,0.1,0.5,Targett,241.0,2022-07-01,1995-09-18,False,p169359,20,0,0,0,0,0,0,0,0,0,0,0,7,5.0,5.6,0.0,1.0,0,0.00,0.07,0.07,0.26,0,0,0,0,0,0,0,513,183,467,163,506,176,522,181,,,,,,,0.0,0.0,0.32,0.32,1.17,0.0,743,241,388,121,447,152,319,123,0.0,0.0
588,True,True,100.0,100.0,432422,0,0,0,0,2,3,4.5,5.5,8,Sandro,5.0,417,False,,2024-07-17T13:30:05.060878Z,55,432422.jpg,2.9,False,Tonali,0.8,False,,a,15,4,99,184670,901,125992,392,0.9,18.0,Tonali,106.0,2023-07-03,2000-05-08,False,p432422,2445,4,2,11,32,0,0,0,5,0,0,7,496,456.2,360.0,251.0,106.8,26,4.39,2.09,6.48,31.48,0,0,0,0,0,0,0,150,57,105,78,128,82,124,74,4.0,,4.0,,,,0.16,0.0,0.08,0.24,1.16,1.18,116,72,37,12,158,69,228,73,0.96,0.4
589,True,True,75.0,75.0,77794,0,0,-3,3,2,2,3.2,4.0,0,Kieran,4.8,418,False,Muscle injury - 75% chance of playing,2025-05-09T10:30:06.643856Z,57,77794.jpg,3.0,False,Trippier,5.7,False,,d,15,4,71,606902,120,1355716,6083,0.8,12.5,Trippier,241.0,2022-01-07,1990-09-19,False,p77794,1272,0,3,6,17,0,0,0,1,0,0,8,277,310.2,365.2,30.0,70.7,14,0.08,1.39,1.47,16.47,0,0,0,0,0,0,0,225,83,103,21,367,122,212,66,1.0,,1.0,,,,0.01,0.0,0.1,0.11,1.17,1.2,93,9,44,9,147,38,67,23,0.99,0.42
590,True,False,0.0,0.0,461484,0,0,0,0,0,3,0.0,0.0,0,Joe,0.0,419,False,Loaned to MK Dons,2024-08-31T08:20:54.098792Z,45,461484.jpg,0.0,False,White,0.1,False,,u,15,4,0,12007,0,43491,0,0.0,0.0,White,,,,False,p461484,0,0,0,0,0,0,0,0,0,0,0,0,0,0.0,0.0,0.0,0.0,0,0.00,0.00,0.00,0.00,0,0,0,0,0,0,0,702,276,699,276,680,268,702,276,,,,,,,0.0,0.0,0.0,0.0,0.0,0.0,399,247,631,231,707,277,446,159,0.0,0.0
591,True,True,100.0,100.0,200089,0,0,-3,3,0,3,0.5,1.5,0,Joe,1.0,420,False,,2025-04-07T22:30:06.851313Z,47,200089.jpg,1.5,False,Willock,0.1,False,,a,15,4,45,42017,7,48942,19,0.2,9.6,Willock,241.0,2021-08-13,1999-08-20,False,p200089,1006,0,2,4,15,0,0,0,3,0,0,0,133,169.6,262.2,187.0,61.4,11,1.60,0.93,2.53,14.20,0,0,0,0,0,0,0,324,146,153,106,176,109,248,126,,,,,,,0.14,0.0,0.08,0.22,1.27,1.34,325,209,287,137,377,177,433,151,0.98,0.36
592,True,True,100.0,100.0,75115,0,0,-1,1,0,4,0.5,1.5,1,Callum,1.0,421,False,,2024-12-12T11:30:08.753948Z,69,75115.jpg,1.0,False,Wilson,0.2,False,,a,15,4,16,31397,45,29213,91,0.1,2.3,Wilson,241.0,2020-09-07,1992-02-27,False,p75115,272,0,0,0,6,0,0,0,1,0,0,0,37,10.4,18.2,63.0,8.6,1,0.36,0.05,0.41,5.07,0,0,0,0,0,0,0,498,48,428,48,303,42,441,44,,,,,1.0,,0.12,0.0,0.02,0.14,1.68,1.99,30,15,297,27,522,60,403,63,0.33,0.0
593,True,False,0.0,0.0,578512,0,0,0,0,0,2,0.0,0.0,0,Miodrag,0.0,574,False,Loaned to Willem II,2024-09-10T11:08:18.853575Z,40,578512.jpg,0.0,False,Pivaš,0.1,False,,u,15,4,0,2653,0,11823,1,0.0,0.0,Pivas,,,,False,p578512,0,0,0,0,0,0,0,0,0,0,0,0,0,0.0,0.0,0.0,0.0,0,0.00,0.00,0.00,0.00,0,0,0,0,0,0,0,636,233,624,232,587,224,636,233,,,,,,,0.0,0.0,0.0,0.0,0.0,0.0,709,217,524,196,644,233,534,186,0.0,0.0
594,True,True,,,538207,0,0,-1,1,0,4,0.5,1.5,0,William,1.0,590,False,,,49,538207.jpg,1.4,False,Osula,0.2,False,,a,15,4,17,28324,22,32908,30,0.2,3.5,Osula,58.0,2024-08-08,2003-08-04,False,p538207,96,1,0,0,3,0,0,0,0,0,0,1,56,41.4,12.5,27.0,8.1,0,0.12,0.03,0.15,2.78,0,0,0,0,0,0,0,438,42,441,49,380,49,446,45,,,,,,,0.11,0.0,0.03,0.14,2.61,2.81,275,55,289,26,406,40,399,62,0.0,0.0
595,True,True,,,100038215,0,0,0,0,0,5,7.7,8.7,10,Eddie,8.2,746,False,,,15,100038215.jpg,0.0,False,Howe,1.9,False,,a,15,4,97,106610,67,144463,40,5.5,64.7,Howe,241.0,2021-11-08,1977-11-29,False,man38216,0,0,0,0,0,0,0,0,0,0,0,0,0,0.0,0.0,0.0,0.0,0,0.00,0.00,0.00,0.00,9,1,4,0,0,5,30,562,17,539,17,493,17,562,17,,,,,,,0.0,0.0,0.0,0.0,0.0,0.0,783,2,3,3,572,17,504,9,0.0,0.0
596,True,True,,,599303,0,0,0,0,0,4,-0.5,0.5,0,Sean,0.0,789,False,,,45,599303.jpg,0.0,False,Neave,0.0,False,,a,15,4,0,1751,24,865,7,0.0,0.0,Neave,241.0,2025-02-07,2007-05-27,False,p599303,0,0,0,0,0,0,0,0,0,0,0,0,0,0.0,0.0,0.0,0.0,0,0.00,0.00,0.00,0.00,0,0,0,0,0,0,0,761,72,758,72,741,72,761,72,,,,,,,0.0,0.0,0.0,0.0,0.0,0.0,480,81,698,63,764,75,702,85,0.0,0.0
597,True,True,100.0,100.0,106468,0,0,-3,3,1,2,0.9,1.4,0,Álex,0.4,26,False,,2025-04-01T21:30:07.812085Z,42,106468.jpg,2.3,False,Moreno Lopera,0.4,False,,a,16,17,34,103812,20,140898,35,0.1,8.1,Alex Moreno,200.0,2024-08-21,1993-06-08,False,p106468,952,0,1,3,16,0,0,0,2,0,0,1,126,200.8,134.5,29.0,36.4,11,0.17,1.10,1.27,13.94,0,0,0,0,0,0,0,294,106,249,66,369,124,320,103,,,,,,,0.02,0.0,0.1,0.12,1.32,1.51,606,141,360,110,235,71,296,113,1.04,0.28
598,True,True,100.0,100.0,159506,0,0,7,-7,4,2,0.9,1.4,0,Ola,0.4,422,False,,2025-04-01T22:30:08.809939Z,52,159506.jpg,3.8,False,Aina,13.2,False,,a,16,17,125,4963624,3597,3787913,1750,0.1,24.0,Aina,157.0,2023-07-22,1996-10-08,False,p159506,2824,2,1,12,37,0,0,0,4,0,0,15,469,547.8,258.7,77.0,88.4,33,0.59,1.90,2.49,38.46,0,0,0,0,0,0,0,106,41,154,32,290,87,162,47,,,,,,,0.02,0.0,0.06,0.08,1.23,1.18,168,21,379,118,63,9,30,11,1.05,0.38
599,True,True,100.0,100.0,215379,0,0,0,0,0,3,3.7,4.2,1,Elliot,3.2,423,False,,2024-11-13T15:30:08.535910Z,50,215379.jpg,3.0,False,Anderson,0.3,False,,a,16,17,104,82707,137,69160,145,0.6,20.8,Anderson,241.0,2024-07-01,2002-11-06,False,p215379,2554,2,6,12,36,0,0,0,8,0,0,8,503,598.4,549.4,279.0,143.1,31,1.85,3.24,5.09,38.34,0,0,0,0,0,0,0,75,26,60,48,113,74,73,50,3.0,,,,,,0.07,0.0,0.11,0.18,1.35,1.27,208,129,100,40,143,62,302,92,1.09,0.42
600,True,True,100.0,100.0,210156,0,0,-5,5,0,4,1.1,1.6,1,Taiwo,0.6,424,False,,2025-04-05T20:30:07.037511Z,55,210156.jpg,1.2,False,Awoniyi,0.3,False,,a,16,17,32,60461,75,125589,46,0.1,5.8,Awoniyi,157.0,2022-06-25,1997-08-12,False,p210156,398,1,0,1,10,0,0,0,0,0,0,0,89,67.0,40.9,118.0,21.9,3,2.15,0.12,2.27,6.65,0,0,0,0,0,0,0,413,41,375,41,243,40,383,41,,,,,,,0.49,0.0,0.03,0.52,1.5,2.26,112,29,348,34,436,45,306,49,0.68,0.23
601,True,True,100.0,100.0,90585,0,0,-3,3,0,2,0.5,1.0,0,Willy,0.0,425,False,,2024-09-11T12:30:07.170970Z,42,90585.jpg,1.0,False,Boly,0.1,False,,a,16,17,6,11890,3,28330,6,0.0,1.4,Boly,54.0,2022-09-01,1991-02-03,False,p90585,146,0,0,0,1,0,0,0,1,0,0,0,26,51.0,0.4,17.0,6.8,1,0.07,0.00,0.07,2.68,0,0,0,0,0,0,0,427,155,503,184,403,140,459,161,,,,,,,0.04,0.0,0.0,0.04,1.65,0.62,605,140,554,218,465,167,454,160,0.62,0.0
602,True,False,0.0,0.0,245830,0,0,0,0,0,3,0.0,0.0,0,Josh,0.0,426,False,Loaned to  Preston North End,2024-08-31T08:19:22.292913Z,45,245830.jpg,0.0,False,Bowler,0.0,False,,u,16,17,0,1220,0,6565,0,0.0,0.0,Bowler,,,,False,p245830,0,0,0,0,0,0,0,0,0,0,0,0,0,0.0,0.0,0.0,0.0,0,0.00,0.00,0.00,0.00,0,0,0,0,0,0,0,694,269,690,269,671,261,694,269,,,,,,,0.0,0.0,0.0,0.0,0.0,0.0,386,239,623,224,699,270,672,275,0.0,0.0
603,True,True,100.0,100.0,475123,0,0,-4,4,0,1,0.5,1.0,0,Carlos Miguel,0.0,427,False,,2025-02-14T12:30:08.621523Z,41,475123.jpg,0.0,False,dos Santos Pereira,0.1,False,,a,16,17,0,14435,8,38575,7,0.0,0.0,C.Miguel,30.0,2024-07-09,1998-10-09,False,p475123,0,0,0,0,0,0,0,0,0,0,0,0,0,0.0,0.0,0.0,0.0,0,0.00,0.00,0.00,0.00,0,0,0,0,0,0,0,656,77,645,67,610,49,656,77,,,,,,,0.0,0.0,0.0,0.0,0.0,0.0,632,37,549,70,664,77,419,57,0.0,0.0
604,True,True,,,569014,0,0,-2,2,0,3,0.5,1.0,0,Eric,0.0,428,False,,,43,569014.jpg,1.0,False,da Silva Moreira,0.1,False,,a,16,17,2,21617,26,21163,14,0.0,0.5,Da Silva Moreira,80.0,2024-07-01,2006-05-03,False,p569014,28,0,0,0,0,0,0,0,0,0,0,0,9,5.2,0.3,0.0,0.6,0,0.00,0.00,0.00,0.31,0,0,0,0,0,0,0,511,236,507,247,631,245,529,244,,,,,,,0.0,0.0,0.0,0.0,1.0,0.0,597,346,577,202,471,211,465,168,0.0,0.0
605,True,True,100.0,100.0,513046,0,0,-3,3,0,3,0.7,1.2,0,Danilo,0.2,429,False,,2024-08-17T20:00:06.172553Z,47,513046.jpg,1.4,False,dos Santos de Oliveira,0.0,False,,a,16,17,10,3266,6,7156,6,0.0,2.1,Danilo,30.0,2023-01-16,2001-04-29,False,p513046,264,0,0,1,3,0,0,0,0,0,0,0,41,30.2,4.7,0.0,3.4,5,0.00,0.01,0.01,4.68,0,0,0,0,0,0,0,458,210,470,235,753,323,490,229,,,,,,,0.0,0.0,0.0,0.0,1.6,1.02,344,223,410,187,403,189,626,250,1.7,0.34
606,True,False,0.0,0.0,230251,0,0,-1,1,0,4,0.0,0.0,0,Emmanuel,0.0,430,False,Loaned to Blackburn Rovers,2025-02-04T10:29:11.830830Z,49,230251.jpg,0.0,False,Dennis,0.2,False,,u,16,17,0,49670,0,63856,9,0.0,0.0,Dennis,157.0,2022-08-13,,False,p230251,0,0,0,0,0,0,0,0,0,0,0,0,0,0.0,0.0,0.0,0.0,0,0.00,0.00,0.00,0.00,0,0,0,0,0,0,0,773,77,772,76,762,77,773,77,,,,,,,0.0,0.0,0.0,0.0,0.0,0.0,258,53,735,70,774,78,368,57,0.0,0.0
607,True,True,100.0,100.0,250199,0,0,-2,2,0,3,2.7,3.2,2,Nicolás,2.2,431,False,,2024-12-21T21:30:08.505388Z,48,250199.jpg,1.6,False,Domínguez,0.0,False,,a,16,17,50,7068,7,8010,10,0.5,10.4,Dominguez,10.0,2023-09-01,1998-06-28,False,p250199,1797,0,1,7,25,0,0,0,9,0,0,0,270,366.6,229.5,191.0,78.7,21,1.57,1.53,3.10,29.79,0,0,0,0,0,0,0,183,77,177,122,174,107,189,97,,,,,,,0.08,0.0,0.08,0.16,1.49,1.25,307,200,158,68,363,171,574,219,1.05,0.35
608,True,True,100.0,100.0,449434,0,0,0,0,4,3,3.3,3.8,5,Anthony,2.8,432,False,,2025-04-05T20:30:07.053074Z,55,449434.jpg,4.0,False,Elanga,10.4,False,,a,16,17,144,2301544,3425,1366871,3982,0.5,26.2,Elanga,206.0,2023-07-25,2002-04-27,False,p449434,2316,6,10,12,33,0,0,0,1,0,0,13,505,567.2,672.3,517.0,175.9,29,4.55,4.52,9.07,36.56,0,0,0,0,0,0,0,90,34,38,33,53,33,47,34,2.0,,4.0,,,,0.18,0.0,0.18,0.36,1.42,1.28,117,73,134,59,45,23,39,13,1.13,0.47
609,True,True,100.0,100.0,222531,0,0,-1,1,3,3,3.5,4.0,10,Morgan,3.0,433,False,,2025-03-30T02:00:09.046182Z,64,222531.jpg,4.3,False,Gibbs-White,6.5,False,,a,16,17,138,1709346,4351,1482763,2351,0.5,21.6,Gibbs-White,241.0,2022-08-19,2000-01-27,False,p222531,2633,6,11,12,33,0,0,0,9,1,0,12,550,574.2,728.0,550.0,185.2,32,5.17,4.44,9.61,39.19,0,0,0,0,0,0,0,85,31,24,20,49,29,34,26,,,2.0,,2.0,,0.18,0.0,0.15,0.33,1.34,1.13,49,25,124,54,31,15,56,18,1.09,0.41
610,True,True,0.0,0.0,209046,0,0,-4,4,2,3,0.0,0.0,0,Callum,0.8,434,False,Hamstring injury - Expected back 18 May,2025-05-01T23:00:08.500281Z,51,209046.jpg,3.5,False,Hudson-Odoi,1.3,False,,i,16,17,101,559181,3,777082,1145,0.2,19.8,Hudson-Odoi,241.0,2023-09-01,2000-11-07,False,p209046,2150,5,3,11,22,0,0,0,2,0,0,7,443,436.8,654.2,401.0,148.8,25,2.52,2.53,5.05,27.52,0,0,0,0,0,0,0,158,62,39,34,75,49,64,44,,,,,,,0.11,0.0,0.11,0.22,1.15,0.92,185,110,317,151,92,44,179,60,1.05,0.46
611,True,False,0.0,0.0,244930,0,0,0,0,0,3,0.0,0.0,0,Alex,0.0,435,False,Season long loan to Port Vale,2024-08-29T11:09:56.647313Z,45,244930.jpg,0.0,False,Mighten,0.0,False,,u,16,17,0,689,0,4226,0,0.0,0.0,Mighten,,,,False,p244930,0,0,0,0,0,0,0,0,0,0,0,0,0,0.0,0.0,0.0,0.0,0,0.00,0.00,0.00,0.00,0,0,0,0,0,0,0,693,268,689,268,670,260,693,268,,,,,,,0.0,0.0,0.0,0.0,0.0,0.0,385,238,622,223,698,269,703,286,0.0,0.0
612,True,True,75.0,75.0,575476,0,0,3,-3,3,2,2.6,3.0,0,Murillo,3.0,436,False,Muscle injury - 75% chance of playing,2025-05-06T07:30:08.143343Z,48,575476.jpg,3.7,False,Santiago Costa dos Santos,4.9,False,,d,16,17,127,1093954,249,635634,5031,0.6,26.5,Murillo,30.0,2023-08-31,2002-07-04,False,p575476,3008,2,0,12,42,0,0,0,5,0,0,18,524,887.0,199.0,192.0,127.9,34,1.44,1.12,2.56,45.22,0,0,0,0,0,0,0,13,2,201,47,172,31,90,12,,,3.0,,,,0.04,0.0,0.03,0.07,1.35,1.26,318,42,112,31,75,13,74,25,1.02,0.36
613,True,True,,,215136,0,0,0,0,2,2,2.5,3.0,1,Neco,2.0,437,False,,,45,215136.jpg,3.1,False,Williams,4.3,False,,a,16,17,103,736202,718,320365,724,0.4,22.9,N.Williams,244.0,2022-07-11,2001-04-13,False,p215136,2408,1,3,10,29,0,0,0,7,0,0,6,405,565.6,270.7,230.0,106.8,26,2.29,1.38,3.67,36.30,0,0,0,0,0,0,0,93,35,152,31,145,20,122,29,,,5.0,,,,0.09,0.0,0.05,0.14,1.36,1.08,379,62,179,52,129,33,87,32,0.97,0.37
614,True,False,0.0,0.0,204822,0,0,0,0,0,2,0.0,0.0,0,Omar,0.0,438,False,Loaned to Rio Ave,2024-08-22T11:19:23.101534Z,45,204822.jpg,0.0,False,Richards,0.0,False,,u,16,17,0,33,0,4923,0,0.0,0.0,O.Richards,,,,False,p204822,0,0,0,0,0,0,0,0,0,0,0,0,0,0.0,0.0,0.0,0.0,0,0.00,0.00,0.00,0.00,0,0,0,0,0,0,0,689,261,685,260,665,258,689,261,,,,,,,0.0,0.0,0.0,0.0,0.0,0.0,376,60,616,246,694,260,673,227,0.0,0.0
615,True,False,0.0,0.0,243345,0,0,0,0,0,3,0.0,0.0,0,Lewis,0.0,439,False,On loan to Los Angeles Football Club for the rest of the season,2024-08-01T07:01:57.624673Z,50,243345.jpg,0.0,False,O'Brien,0.0,False,,u,16,17,0,0,0,129,0,0.0,0.0,O'Brien,241.0,2022-07-20,,False,p243345,0,0,0,0,0,0,0,0,0,0,0,0,0,0.0,0.0,0.0,0.0,0,0.00,0.00,0.00,0.00,0,0,0,0,0,0,0,778,333,776,333,771,332,778,333,,,,,,,0.0,0.0,0.0,0.0,0.0,0.0,212,132,747,318,778,333,796,343,0.0,0.0
616,True,False,0.0,0.0,466404,0,0,-3,3,0,2,0.0,0.0,0,Andrew,0.0,440,False,Loaned to Strasbourg,2025-01-27T09:57:41.248653Z,42,466404.jpg,0.0,False,Omobamidele,0.0,False,,u,16,17,0,1747,0,6718,0,0.0,0.0,Omobamidele,104.0,2023-09-01,,False,p466404,0,0,0,0,0,0,0,0,0,0,0,0,0,0.0,0.0,0.0,0.0,0,0.00,0.00,0.00,0.00,0,0,0,0,0,0,0,660,251,651,250,618,244,660,251,,,,,,,0.0,0.0,0.0,0.0,0.0,0.0,623,157,559,222,668,251,570,199,0.0,0.0
617,True,False,0.0,0.0,209035,0,0,0,0,0,2,0.0,0.0,0,Jonathan,0.0,441,False,On a season long loan to Rio Ave,2024-07-18T09:44:17.568948Z,40,209035.jpg,0.0,False,Panzo,0.0,False,,u,16,17,0,0,0,140,0,0.0,0.0,Panzo,,,,False,p209035,0,0,0,0,0,0,0,0,0,0,0,0,0,0.0,0.0,0.0,0.0,0,0.00,0.00,0.00,0.00,0,0,0,0,0,0,0,594,202,578,200,539,190,594,202,,,,,,,0.0,0.0,0.0,0.0,0.0,0.0,650,172,472,157,603,203,793,266,0.0,0.0
618,True,True,100.0,100.0,210462,0,0,-2,2,0,3,1.3,1.8,2,Ibrahim,0.8,442,False,,2024-09-12T15:00:06.800627Z,43,210462.jpg,1.5,False,Sangaré,1.2,False,,a,16,17,16,336396,124,436853,201,0.2,3.7,Sangaré,54.0,2023-09-01,1997-12-02,False,p210462,446,0,1,1,5,0,0,0,3,0,0,0,85,86.4,55.1,21.0,16.2,5,0.02,0.12,0.14,6.47,0,0,0,0,0,0,0,395,185,351,196,392,208,399,195,,,,,,,0.0,0.0,0.02,0.02,1.31,1.01,571,339,300,143,372,174,185,62,1.01,0.2
619,True,True,100.0,100.0,85633,0,0,7,-7,3,1,2.3,2.8,2,Matz,1.8,443,True,,2024-10-12T11:00:07.468908Z,52,85633.jpg,4.0,False,Sels,21.1,False,,a,16,17,145,3510529,2478,1384897,3698,0.3,27.9,Sels,21.0,2024-02-01,1992-02-26,False,p85633,3240,0,1,13,44,0,0,0,4,0,115,11,498,865.8,10.1,0.0,88.0,36,0.00,0.08,0.08,47.97,0,0,0,0,0,0,0,16,5,455,13,783,78,163,5,,,,,,,0.0,3.19,0.0,0.0,1.33,1.22,161,4,204,16,42,6,14,2,1.0,0.36
620,True,True,,,114241,0,0,-3,3,0,2,0.7,1.2,0,Harry,0.2,444,False,,,42,114241.jpg,1.0,False,Toffolo,0.1,False,,a,16,17,4,3214,6,8130,6,0.0,1.0,Toffolo,241.0,2022-07-20,1995-08-19,False,p114241,135,0,0,0,2,0,0,0,1,0,0,0,18,40.2,4.1,6.0,5.1,1,0.02,0.01,0.03,2.88,0,0,0,0,0,0,0,443,163,473,166,441,161,475,168,,,,,,,0.01,0.0,0.01,0.02,1.92,1.33,609,143,391,124,466,168,538,188,0.67,0.0
621,True,False,0.0,0.0,201440,0,0,0,0,0,4,0.0,0.0,0,Hwang,0.0,446,False,Transferred to Alanyaspor,2024-09-10T11:39:20.038647Z,45,201440.jpg,0.0,False,Ui-jo,0.8,False,,u,16,17,0,317328,0,410045,21,0.0,0.0,Ui-jo,114.0,,,False,p201440,0,0,0,0,0,0,0,0,0,0,0,0,0,0.0,0.0,0.0,0.0,0,0.00,0.00,0.00,0.00,0,0,0,0,0,0,0,687,61,683,60,663,61,687,61,,,,,,,0.0,0.0,0.0,0.0,0.0,0.0,374,65,614,50,692,66,232,40,0.0,0.0
622,True,True,100.0,100.0,60689,0,0,11,-11,5,4,4.5,5.0,6,Chris,4.0,447,True,,2025-03-24T12:00:09.547312Z,71,60689.jpg,5.7,False,Wood,31.5,False,,a,16,17,194,9554436,12429,6800337,6483,0.6,27.3,Wood,154.0,2023-07-01,1991-12-07,False,p60689,2778,20,3,15,35,0,0,0,1,0,0,39,744,799.0,277.6,815.0,189.3,33,12.26,1.46,13.72,38.44,0,0,0,0,0,0,0,24,4,148,15,18,9,28,7,,,,,1.0,,0.4,0.0,0.05,0.45,1.25,1.13,26,11,62,5,7,3,6,2,1.07,0.49
623,True,False,0.0,0.0,208912,0,0,0,0,0,2,0.0,0.0,0,Joe,0.0,448,False,Transferred to Burnley,2024-08-26T10:09:19.430328Z,45,208912.jpg,0.0,False,Worrall,0.0,False,,u,16,17,0,71,0,5355,0,0.0,0.0,Worrall,,,,False,p208912,0,0,0,0,0,0,0,0,0,0,0,0,0,0.0,0.0,0.0,0.0,0,0.00,0.00,0.00,0.00,0,0,0,0,0,0,0,690,262,686,261,666,259,690,262,,,,,,,0.0,0.0,0.0,0.0,0.0,0.0,377,61,617,247,695,261,662,223,0.0,0.0
624,True,True,100.0,100.0,204968,0,0,-2,2,0,3,1.3,1.8,1,Ryan,0.8,449,False,,2024-12-27T00:30:09.776071Z,48,204968.jpg,2.0,False,Yates,0.1,False,,a,16,17,65,61630,6,68162,12,0.2,13.5,Yates,241.0,2018-08-01,1997-11-21,False,p204968,1878,2,2,6,27,0,0,0,10,0,0,3,301,333.6,229.4,261.0,82.7,18,2.41,0.47,2.88,27.76,0,0,0,0,0,0,0,204,89,178,123,123,80,179,95,,,,,,,0.12,0.0,0.02,0.14,1.33,1.29,294,193,311,149,290,128,425,146,0.86,0.29
625,True,True,,,227444,0,0,7,-7,1,2,2.1,2.6,1,Nikola,1.6,573,False,,,52,227444.jpg,3.9,False,Milenković,18.6,False,,a,16,17,135,2983616,3131,932412,4512,0.3,26.0,Milenković,190.0,2024-07-18,1997-10-12,False,p227444,3150,4,2,13,43,0,0,0,4,0,0,2,465,721.2,96.3,315.0,113.1,35,3.63,0.68,4.31,46.75,0,0,0,0,0,0,0,39,15,292,86,102,5,111,24,,,,,,,0.1,0.0,0.02,0.12,1.34,1.23,170,22,236,74,51,5,17,5,1.0,0.37
626,True,True,100.0,100.0,510500,0,0,-1,1,0,3,1.1,1.6,1,João Pedro,0.6,596,False,,2024-11-01T10:30:06.942890Z,59,510500.jpg,1.7,False,Ferreira Silva,0.1,False,,a,16,17,50,21679,18,27842,28,0.1,8.5,Jota Silva,173.0,2024-08-01,1999-08-01,False,p510500,827,3,2,1,16,0,0,0,5,0,0,0,207,217.8,182.7,234.0,63.7,5,2.05,1.87,3.92,12.48,0,0,0,0,0,0,0,282,128,212,140,141,90,241,121,,,,,,,0.22,0.0,0.2,0.42,1.36,1.74,87,57,350,168,353,167,413,143,0.54,0.11
627,True,True,,,502222,0,0,0,0,0,3,1.1,1.6,0,Ramón,0.6,620,False,,,55,502222.jpg,1.3,False,Sosa,0.1,False,,a,16,17,25,7736,6,7516,5,0.1,4.5,Sosa,168.0,2024-08-16,1999-08-31,False,p502222,280,1,0,1,5,0,0,0,1,0,0,0,101,87.4,103.0,104.0,29.2,1,1.11,0.36,1.47,4.81,0,0,0,0,0,0,0,394,184,282,169,263,150,356,177,,,,,,,0.36,0.0,0.12,0.48,1.55,1.61,122,75,349,167,421,199,523,194,0.32,0.32
628,True,True,,,485047,0,0,0,0,0,2,0.7,1.2,0,Felipe,0.2,653,False,,,45,485047.jpg,1.4,False,Rodrigues da Silva,0.1,False,,a,16,17,36,16367,13,11773,12,0.0,8.0,Morato,30.0,2024-08-30,2001-06-30,False,p485047,884,0,0,3,13,0,0,0,4,0,0,2,126,183.2,9.5,22.0,21.7,6,0.18,0.03,0.21,14.03,0,0,0,0,0,0,0,306,114,461,159,386,131,384,130,,,,,,,0.02,0.0,0.0,0.02,1.43,1.32,408,70,404,132,400,137,462,161,0.61,0.31
629,True,True,,,549067,0,0,0,0,0,2,0.5,1.0,0,Zach,0.0,706,False,,,40,549067.jpg,0.0,False,Abbott,0.0,False,,a,16,17,0,5729,11,3187,11,0.0,0.0,Abbott,241.0,2022-08-22,2006-05-13,False,p549067,0,0,0,0,0,0,0,0,0,0,0,0,0,0.0,0.0,0.0,0.0,0,0.00,0.00,0.00,0.00,0,0,0,0,0,0,0,632,230,620,229,583,221,632,230,,,,,,,0.0,0.0,0.0,0.0,0.0,0.0,702,211,518,191,640,230,583,202,0.0,0.0
630,True,True,,,20066,0,0,0,0,0,1,0.5,1.0,0,Wayne,0.0,721,False,,,40,20066.jpg,0.0,False,Hennessey,0.0,False,,a,16,17,0,4144,9,2270,11,0.0,0.0,Hennessey,244.0,2025-01-13,1987-01-24,False,p20066,0,0,0,0,0,0,0,0,0,0,0,0,0,0.0,0.0,0.0,0.0,0,0.00,0.00,0.00,0.00,0,0,0,0,0,0,0,585,59,566,42,527,23,585,59,,,,,,,0.0,0.0,0.0,0.0,0.0,0.0,634,39,459,45,595,59,622,70,0.0,0.0
631,True,True,,,100041808,0,0,0,0,0,5,3.9,4.4,5,Nuno Herlander,3.4,747,False,,,11,100041808.jpg,0.0,False,Simões Espírito Santo,7.2,False,,a,16,17,70,57264,97,33858,214,3.1,63.6,Nuno,173.0,2023-12-20,1974-01-25,False,man41809,0,0,0,0,0,0,0,0,0,0,0,0,0,0.0,0.0,0.0,0.0,0,0.00,0.00,0.00,0.00,5,3,6,0,0,4,23,557,12,534,12,488,12,557,12,,,,,,,0.0,0.0,0.0,0.0,0.0,0.0,788,7,85,15,567,12,334,4,0.0,0.0
632,True,True,100.0,100.0,225321,0,0,-1,1,4,1,5.9,5.4,10,Aaron,6.4,14,False,,2025-01-24T00:00:09.434398Z,44,225321.jpg,3.3,False,Ramsdale,1.4,False,,a,17,20,93,350719,803,330062,190,1.5,21.1,Ramsdale,241.0,2024-08-30,1998-05-14,False,p225321,2520,0,0,3,62,0,2,0,2,0,117,11,300,921.0,0.1,0.0,92.3,28,0.00,0.04,0.04,61.52,0,0,0,0,0,0,0,9,3,519,23,638,61,152,3,,,,,,,0.0,4.18,0.0,0.0,2.2,2.21,514,21,15,1,112,18,171,25,1.0,0.11
633,True,True,,,433979,0,0,-2,2,1,4,0.7,0.2,1,Cameron,1.2,27,False,,,48,433979.jpg,1.7,False,Archer,1.1,False,,a,17,20,55,552260,68,582574,158,0.3,11.5,Archer,241.0,2024-08-16,2001-12-09,False,p433979,1379,2,0,2,33,0,0,1,0,0,0,4,140,113.6,90.0,343.0,54.3,13,5.09,0.84,5.93,37.11,0,0,0,0,0,0,0,366,35,300,33,92,28,271,31,,,,,2.0,,0.33,0.0,0.05,0.38,2.42,2.15,309,60,273,24,347,38,192,27,0.85,0.13
634,True,True,100.0,100.0,503714,0,0,-1,1,0,3,2.5,2.0,0,Lesley,3.0,188,False,,2025-04-03T09:30:07.026958Z,44,503714.jpg,1.8,False,Ugochukwu,0.3,False,,a,17,20,45,80507,115,82521,89,0.7,10.2,Ugochukwu,73.0,2024-08-16,2004-03-26,False,p503714,1567,1,1,1,38,0,0,0,7,0,0,3,200,261.2,210.1,84.0,55.3,17,0.85,0.61,1.46,38.32,0,0,0,0,0,0,0,256,115,192,129,280,156,264,136,,,,,,,0.05,0.0,0.04,0.09,2.2,2.18,538,321,108,42,323,147,307,94,0.98,0.06
635,True,True,100.0,100.0,90105,0,0,-2,2,0,3,-0.5,-1.0,0,Ryan,0.0,397,False,,2025-01-31T16:00:09.299719Z,48,90105.jpg,0.9,False,Fraser,0.0,False,,a,17,20,7,2767,3,5104,1,0.0,1.5,Fraser,243.0,2024-08-30,1994-02-24,False,p90105,303,0,0,0,12,0,0,0,0,1,0,0,31,35.8,26.8,13.0,6.7,4,0.02,0.10,0.12,10.39,0,0,0,0,0,0,0,452,205,405,215,419,217,461,218,,,,,,,0.01,0.0,0.03,0.04,3.09,3.56,283,183,717,294,527,247,646,259,1.19,0.0
636,True,False,0.0,0.0,499724,0,0,-1,1,0,3,0.0,0.0,0,Samuel,0.0,451,False,Loaned to Strasbourg,2025-02-04T23:53:50.935089Z,44,499724.jpg,0.5,False,Amo-Ameyaw,0.1,False,,u,17,20,1,24416,0,29672,6,0.0,0.2,Amo-Ameyaw,241.0,2023-05-27,,False,p499724,26,0,0,0,0,0,0,0,1,0,0,0,1,4.0,16.1,6.0,2.6,0,0.02,0.13,0.15,1.11,0,0,0,0,0,0,0,519,238,430,223,445,227,497,232,,,,,,,0.07,0.0,0.45,0.52,3.84,0.0,537,320,596,209,548,253,484,176,0.0,0.0
637,True,True,,,193204,0,0,-1,1,0,3,-0.3,-0.8,1,Joe,0.2,452,False,,,49,193204.jpg,2.3,False,Aribo,0.1,False,,a,17,20,71,22062,6,23709,11,0.0,14.5,Aribo,157.0,2022-07-09,1996-07-21,False,p193204,1948,3,0,1,54,0,0,0,1,0,0,7,383,377.4,289.7,242.0,91.1,20,2.69,1.23,3.92,53.91,0,0,0,0,0,0,0,178,73,140,98,133,83,157,89,,,,,,,0.12,0.0,0.06,0.18,2.49,2.49,249,159,414,190,242,104,514,188,0.92,0.05
638,True,False,0.0,0.0,155511,0,0,-4,4,0,4,0.0,0.0,0,Adam,0.0,453,False,Loaned to West Bromwich Albion,2025-02-05T21:03:18.824040Z,51,155511.jpg,2.2,False,Armstrong,0.5,False,,u,17,20,45,273688,0,394956,37,0.0,8.8,Armstrong,241.0,2021-08-10,,False,p155511,1246,2,3,2,35,0,0,1,4,0,0,2,145,154.4,143.7,262.0,56.0,15,3.28,0.56,3.84,33.47,0,0,0,0,0,0,0,339,31,244,25,122,31,260,30,,,,,1.0,,0.24,0.0,0.04,0.28,2.42,2.53,181,44,763,76,256,31,263,44,1.08,0.14
639,True,False,0.0,0.0,456350,0,0,-2,2,0,1,0.0,0.0,0,Gavin,0.0,454,False,Loaned to Standard Liège,2025-02-04T10:28:52.236829Z,43,456350.jpg,0.0,False,Bazunu,0.1,False,,u,17,20,0,2973,0,26123,4,0.0,0.0,Bazunu,104.0,2022-06-17,2002-02-20,False,p456350,0,0,0,0,0,0,0,0,0,0,0,0,0,0.0,0.0,0.0,0.0,0,0.00,0.00,0.00,0.00,0,0,0,0,0,0,0,662,80,656,75,626,59,662,80,,,,,,,0.0,0.0,0.0,0.0,0.0,0.0,584,29,571,77,669,80,487,66,0.0,0.0
640,True,True,100.0,100.0,171771,0,0,0,0,0,2,1.7,1.2,7,Jan,2.2,455,False,,2025-03-08T20:00:10.299351Z,40,171771.jpg,2.0,False,Bednarek,2.0,False,,a,17,20,60,651771,281,587991,252,0.6,15.0,Bednarek,172.0,2023-01-23,1996-04-12,False,p171771,2531,2,0,3,57,0,0,0,7,0,0,3,283,770.6,78.3,71.0,91.9,30,0.65,0.84,1.49,57.91,0,0,0,0,0,0,0,28,9,316,98,296,90,154,42,,,,,,,0.02,0.0,0.03,0.05,2.06,2.03,643,166,153,39,283,92,141,54,1.07,0.11
641,True,True,,,477386,0,0,-1,1,0,2,-0.5,-1.0,0,Armel,0.0,456,False,,,39,477386.jpg,0.5,False,Bella-Kotchap,0.4,False,,a,17,20,2,61185,6,63125,45,0.0,0.5,Bella-Kotchap,80.0,2022-06-21,2001-12-11,False,p477386,329,0,0,0,13,0,0,0,0,0,0,0,7,64.6,2.3,4.0,7.0,2,0.32,0.01,0.33,10.67,0,0,0,0,0,0,0,417,149,482,173,454,165,455,158,,,,,,,0.09,0.0,0.0,0.09,2.92,3.56,761,250,446,141,546,188,293,110,0.55,0.0
642,True,True,100.0,100.0,184386,0,0,-1,1,0,2,0.9,0.4,6,James,1.4,457,False,,2025-03-06T23:00:09.750819Z,39,184386.jpg,1.4,False,Bree,0.3,False,,a,17,20,22,66702,13,57021,37,0.4,5.6,Bree,241.0,2023-01-26,1997-12-11,False,p184386,980,0,1,1,29,0,0,0,0,0,0,0,90,183.0,156.7,41.0,38.1,12,0.11,0.70,0.81,29.43,0,0,0,0,0,0,0,307,115,232,59,340,112,314,100,,,,,,,0.01,0.0,0.06,0.07,2.7,2.66,747,243,247,76,388,126,310,118,1.1,0.09
643,True,False,0.0,0.0,463210,0,0,0,0,0,3,0.0,0.0,0,Shea,0.0,458,False,Has joined Sheffield Wednesday on a season-long loan,2024-08-29T11:10:39.600629Z,45,463210.jpg,0.0,False,Charles,0.0,False,,u,17,20,0,1091,0,7819,1,0.0,0.0,Charles,,,,False,p463210,0,0,0,0,0,0,0,0,0,0,0,0,0,0.0,0.0,0.0,0.0,0,0.00,0.00,0.00,0.00,0,0,0,0,0,0,0,704,278,701,278,682,270,704,278,,,,,,,0.0,0.0,0.0,0.0,0.0,0.0,401,249,633,233,709,279,648,261,0.0,0.0
644,True,False,0.0,0.0,490503,0,0,-1,1,0,3,0.0,0.0,0,Samuel,0.0,459,False,Loaned to Anderlecht,2024-09-10T11:28:17.403794Z,49,490503.jpg,0.5,False,Edozie,0.0,False,,u,17,20,1,463,0,2674,0,0.0,0.2,Edozie,,,,False,p490503,64,0,0,0,0,0,0,0,1,0,0,0,6,9.8,19.0,22.0,5.1,0,0.00,0.15,0.15,0.31,0,0,0,0,0,0,0,500,232,426,221,387,206,476,224,,,,,,,0.0,0.0,0.21,0.21,0.44,0.0,270,175,738,310,552,255,719,300,0.0,0.0
645,True,False,0.0,0.0,500926,0,0,-1,1,0,2,0.0,0.0,0,Ronnie,0.0,460,False,Season-long loan to QPR,2025-01-06T22:34:19.628107Z,39,500926.jpg,1.0,False,Edwards,0.2,False,,u,17,20,1,41084,0,44841,16,0.0,0.3,Edwards,241.0,2024-07-03,,False,p500926,12,0,0,0,1,0,0,0,0,0,0,0,-1,5.0,0.1,0.0,0.5,0,0.00,0.00,0.00,0.32,0,0,0,0,0,0,0,514,184,517,189,518,178,530,186,,,,,,,0.0,0.0,0.0,0.0,2.4,7.5,764,252,449,143,448,153,361,138,0.0,0.0
646,True,True,100.0,100.0,245719,0,0,-1,1,0,2,1.3,0.8,6,Taylor,1.8,461,False,,2025-03-24T14:00:08.506075Z,39,245719.jpg,1.6,False,Harwood-Bellis,4.3,False,,a,17,20,54,838703,210,1377464,451,0.5,13.8,Harwood-Bellis,241.0,2024-07-01,2002-01-30,False,p245719,2743,1,0,3,63,0,0,0,9,0,0,2,257,696.4,217.1,248.0,116.3,31,1.78,0.67,2.45,65.88,0,0,0,0,0,0,0,46,18,188,41,129,15,107,21,,,,,,,0.06,0.0,0.02,0.08,2.16,2.07,754,247,193,55,354,111,86,31,1.02,0.1
647,True,True,100.0,100.0,504783,0,0,0,0,0,3,1.3,0.8,3,Kamaldeen,1.8,462,False,,2025-01-24T00:00:09.946289Z,50,504783.jpg,2.1,False,Sulemana,0.0,False,,a,17,20,50,8767,10,7719,16,0.4,10.0,Kamaldeen,81.0,2023-01-31,2002-02-15,False,p504783,1257,1,2,3,33,0,0,0,2,0,0,2,155,172.6,178.7,273.0,62.1,15,1.31,0.84,2.15,31.23,0,0,0,0,0,0,0,319,145,215,142,116,77,245,124,,,,,,,0.09,0.0,0.06,0.15,2.24,2.36,227,143,201,88,278,118,625,249,1.07,0.21
648,True,True,100.0,100.0,39155,0,0,0,0,0,3,-0.5,-1.0,0,Adam,0.0,463,False,,2025-02-14T12:30:08.682021Z,50,39155.jpg,1.2,False,Lallana,0.0,False,,a,17,20,17,4094,4,6779,6,0.0,3.4,Lallana,241.0,2024-06-14,1988-05-10,False,p39155,352,0,2,0,8,0,0,0,4,0,0,1,74,81.2,82.4,21.0,18.4,5,0.15,0.48,0.63,7.96,0,0,0,0,0,0,0,401,187,311,183,393,209,393,193,,,,,,,0.04,0.0,0.12,0.16,2.04,2.05,194,118,743,314,432,206,624,248,1.28,0.0
649,True,True,100.0,100.0,515571,0,0,-1,1,0,2,-0.5,-1.0,0,Juan,0.0,464,False,,2024-11-29T12:00:07.896449Z,39,515571.jpg,0.0,False,Larios López,0.1,False,,a,17,20,0,5873,9,10511,8,0.0,0.0,Larios,200.0,2022-09-01,2004-01-12,False,p515571,0,0,0,0,0,0,0,0,0,0,0,0,0,0.0,0.0,0.0,0.0,0,0.00,0.00,0.00,0.00,0,0,0,0,0,0,0,581,194,561,191,520,179,581,194,,,,,,,0.0,0.0,0.0,0.0,0.0,0.0,766,253,451,144,592,197,511,181,0.0,0.0
650,True,False,0.0,0.0,200428,0,0,0,0,0,1,0.0,0.0,0,Mateusz,0.0,465,False,Transferred to Göztepe,2024-08-23T12:38:57.742902Z,40,200428.jpg,0.0,False,Lis,0.1,False,,u,17,20,0,888,0,19900,7,0.0,0.0,Lis,,,,False,p200428,0,0,0,0,0,0,0,0,0,0,0,0,0,0.0,0.0,0.0,0.0,0,0.00,0.00,0.00,0.00,0,0,0,0,0,0,0,593,62,577,48,538,29,593,62,,,,,,,0.0,0.0,0.0,0.0,0.0,0.0,649,45,471,51,602,62,515,68,0.0,0.0
651,True,True,,,167888,0,0,0,0,0,1,-0.5,-1.0,0,Joe,0.0,466,False,,,40,167888.jpg,2.7,False,Lumley,0.4,False,,a,17,20,8,83158,7,72433,61,0.0,2.0,Lumley,241.0,2023-08-07,1995-02-15,False,p167888,270,0,0,0,7,0,0,0,0,0,13,0,22,102.2,0.0,0.0,10.2,3,0.00,0.00,0.00,9.40,0,0,0,0,0,0,0,381,34,572,47,533,28,432,34,,,,,,,0.0,4.33,0.0,0.0,3.13,2.33,642,44,465,50,174,27,277,42,1.0,0.0
652,True,True,100.0,100.0,204863,0,0,-2,2,0,2,1.3,0.8,1,Ryan,1.8,467,False,,2025-04-03T09:30:07.442210Z,43,204863.jpg,1.4,False,Manning,0.1,False,,a,17,20,34,7718,10,10679,16,0.4,7.9,Manning,104.0,2023-07-12,1996-06-14,False,p204863,1458,0,2,1,35,0,0,0,2,0,0,0,162,307.4,498.3,71.0,87.6,18,0.34,2.80,3.14,36.45,0,0,0,0,0,0,0,228,85,70,13,297,91,164,48,1.0,,,,,,0.02,0.0,0.17,0.19,2.25,2.16,570,118,195,57,396,134,498,175,1.11,0.06
653,True,False,0.0,0.0,476888,0,0,0,0,0,4,0.0,0.0,0,Sékou,0.0,468,False,Transferred to Strasbourg,2024-08-26T10:17:11.280625Z,50,476888.jpg,0.0,False,Mara,0.0,False,,u,17,20,0,782,0,8355,0,0.0,0.0,Mara,,,,False,p476888,0,0,0,0,0,0,0,0,0,0,0,0,0,0.0,0.0,0.0,0.0,0,0.00,0.00,0.00,0.00,0,0,0,0,0,0,0,783,80,782,80,776,80,783,80,,,,,,,0.0,0.0,0.0,0.0,0.0,0.0,224,48,755,73,783,81,643,81,0.0,0.0
654,True,True,,,58376,0,0,-3,3,0,1,-0.5,-1.0,0,Alex,0.0,469,False,,,42,58376.jpg,2.4,False,McCarthy,0.1,False,,a,17,20,12,19929,8,29053,8,0.0,2.9,McCarthy,241.0,2016-08-01,1989-12-03,False,p58376,450,0,0,0,13,0,0,0,0,0,24,0,32,166.4,0.0,0.0,16.7,5,0.00,0.00,0.00,11.22,0,0,0,0,0,0,0,327,28,646,68,612,51,397,28,,,,,,,0.0,4.8,0.0,0.0,2.24,2.6,600,30,551,71,219,33,422,58,1.0,0.0
655,True,True,100.0,100.0,147611,0,0,-1,1,0,4,0.1,-0.4,0,Paul,0.6,470,False,,2025-04-27T12:00:08.363168Z,49,147611.jpg,2.1,False,Onuachu,0.3,False,,a,17,20,50,91984,32,79251,133,0.1,10.2,Onuachu,157.0,2023-01-31,1994-05-28,False,p147611,1018,4,1,1,25,0,0,0,4,0,0,4,151,218.6,125.0,477.0,81.1,11,3.61,0.26,3.87,23.89,0,0,0,0,0,0,0,281,26,260,30,61,22,184,24,,,,,,,0.32,0.0,0.02,0.34,2.11,2.21,242,52,342,33,274,33,314,50,0.97,0.09
656,True,True,100.0,100.0,214466,0,0,0,0,0,3,0.1,-0.4,1,Will,0.6,471,False,,2025-03-14T15:00:07.572220Z,50,214466.jpg,1.5,False,Smallbone,0.0,False,,a,17,20,24,2819,5,7048,1,0.1,4.8,Smallbone,104.0,2019-07-22,2000-02-21,False,p214466,638,1,0,0,21,0,0,0,1,0,0,0,111,103.6,145.7,56.0,30.5,6,0.43,0.78,1.21,19.38,0,0,0,0,0,0,0,379,178,242,155,313,173,349,173,2.0,,1.0,,,,0.06,0.0,0.11,0.17,2.73,2.96,207,128,345,164,383,182,647,260,0.85,0.0
657,True,True,100.0,100.0,88900,0,0,0,0,0,2,2.7,2.2,6,Jack,3.2,472,False,,2025-02-01T22:30:08.453428Z,40,88900.jpg,1.7,False,Stephens,0.3,False,,a,17,20,30,122490,68,130337,35,0.8,7.5,Stephens,241.0,2011-07-01,1994-01-27,False,p88900,1299,1,0,2,29,0,0,0,2,2,0,2,107,273.2,70.1,51.0,39.5,16,0.58,0.25,0.83,29.13,0,0,0,0,0,0,0,247,92,327,104,323,106,308,96,,,,,,,0.04,0.0,0.02,0.06,2.02,2.01,638,163,92,23,339,107,300,115,1.11,0.14
658,True,True,100.0,100.0,230348,0,0,-1,1,0,4,0.7,0.2,1,Ross,1.2,473,False,,2024-10-05T18:00:07.268831Z,44,230348.jpg,1.0,False,Stewart,1.6,False,,a,17,20,10,841107,656,751252,341,0.3,2.3,Stewart,243.0,2023-09-01,1996-07-11,False,p230348,283,0,0,1,8,0,0,0,1,0,0,0,24,12.4,10.9,23.0,4.4,3,0.31,0.02,0.33,7.78,0,0,0,0,0,0,0,493,47,450,52,383,50,481,51,,,,,,,0.1,0.0,0.01,0.11,2.47,2.54,517,84,267,23,473,47,155,22,0.95,0.32
659,True,True,100.0,100.0,219279,0,0,-3,3,1,2,-0.3,-0.8,0,Sugawara,0.2,474,False,,2024-10-20T11:00:06.390070Z,42,219279.jpg,1.4,False,Yukinari,0.1,False,,a,17,20,42,35966,5,43677,13,0.0,10.0,Sugawara,108.0,2024-07-14,2000-06-28,False,p219279,1458,1,1,2,44,0,0,0,4,0,0,0,106,282.6,290.1,135.0,70.6,15,0.47,2.46,2.93,38.95,0,0,0,0,0,0,0,238,89,139,29,224,58,213,67,,,2.0,,,,0.03,0.0,0.15,0.18,2.4,2.72,615,149,392,125,392,130,411,148,0.93,0.12
660,True,True,100.0,100.0,103914,0,0,-1,1,0,2,-0.5,-1.0,0,Charlie,0.0,475,False,,2025-04-11T00:00:08.771183Z,39,103914.jpg,0.7,False,Taylor,3.1,False,,a,17,20,5,419228,24,640844,321,0.0,1.3,Taylor,241.0,2024-07-01,1993-09-18,False,p103914,263,0,0,0,10,0,0,0,1,0,0,0,16,72.6,26.5,2.0,10.2,2,0.00,0.10,0.10,7.61,0,0,0,0,0,0,0,409,145,406,145,463,170,431,152,,,,,,,0.0,0.0,0.03,0.03,2.6,3.42,739,238,433,138,537,182,109,40,0.68,0.0
661,True,True,75.0,100.0,158534,0,0,-3,3,0,2,0.8,0.6,0,Kyle,1.6,476,False,Illness - 75% chance of playing,2025-05-11T00:30:08.181283Z,42,158534.jpg,1.6,False,Walker-Peters,0.3,False,,d,17,20,54,58420,11,77596,98,0.4,12.9,Walker-Peters,241.0,2020-08-11,1997-04-13,False,p158534,2918,0,3,2,77,0,0,0,5,0,0,3,240,503.8,406.8,237.0,114.4,33,0.85,2.30,3.14,76.26,0,0,0,0,0,0,0,130,49,90,17,137,18,110,23,,,,,,,0.03,0.0,0.07,0.1,2.35,2.37,611,145,216,64,356,113,309,117,1.02,0.06
662,True,True,100.0,100.0,244845,0,0,0,0,0,2,-0.5,-1.0,0,Nathan,0.0,477,False,,2025-01-31T16:00:09.413287Z,40,244845.jpg,1.4,False,Wood-Gordon,1.1,False,,a,17,20,13,125885,13,156062,87,0.0,3.2,Wood,241.0,2024-07-05,2002-05-31,False,p244845,622,0,0,1,16,0,0,0,2,0,0,2,42,94.8,19.4,14.0,13.0,7,0.23,0.04,0.27,16.83,0,0,0,0,0,0,0,389,137,425,150,410,142,417,145,,,,,,,0.03,0.0,0.01,0.04,2.44,2.32,655,176,477,161,390,128,202,79,1.01,0.14
663,True,False,0.0,0.0,149519,0,0,-3,3,0,3,0.0,0.0,0,Maxwel,0.0,515,False,Loaned to Genoa,2025-01-22T10:14:43.133544Z,47,149519.jpg,0.5,False,Cornet,0.0,False,,u,17,20,1,2364,0,4735,2,0.0,0.2,Cornet,54.0,2024-08-30,,False,p149519,71,0,0,0,4,0,0,0,1,0,0,0,12,11.6,3.5,7.0,2.2,1,0.16,0.00,0.16,1.79,0,0,0,0,0,0,0,494,228,475,237,439,225,502,235,,,,,,,0.2,0.0,0.0,0.2,2.27,5.07,320,206,707,289,550,254,663,272,1.27,0.0
664,True,True,100.0,100.0,220585,0,0,-3,3,0,3,1.1,0.6,2,Flynn,1.6,518,False,,2025-04-02T22:00:08.792867Z,47,220585.jpg,1.8,False,Downes,0.0,False,,a,17,20,45,7945,4,11725,4,0.3,9.6,Downes,241.0,2024-07-16,1999-01-20,False,p220585,1969,1,0,4,45,0,0,0,11,0,0,0,284,266.4,284.9,118.0,67.2,23,0.64,1.39,2.03,43.29,0,0,0,0,0,0,0,254,114,143,100,242,136,226,114,,,,,,,0.03,0.0,0.06,0.09,1.98,2.06,329,212,230,99,326,149,585,227,1.05,0.18
665,True,False,0.0,0.0,204814,0,0,-7,7,0,3,0.0,0.0,0,Ben,0.0,584,False,Loaned to Sheffield United,2025-01-22T10:11:54.592530Z,48,204814.jpg,1.3,False,Brereton Díaz,0.1,False,,u,17,20,13,22711,0,83187,3,0.0,2.7,Brereton Díaz,44.0,2024-07-30,,False,p204814,446,0,0,0,10,0,0,0,1,0,0,0,43,21.8,63.6,81.0,16.8,4,0.90,0.15,1.05,11.43,0,0,0,0,0,0,0,475,221,338,192,284,159,396,194,,,,,,,0.18,0.0,0.03,0.21,2.31,2.02,293,192,721,298,417,196,443,156,0.81,0.0
666,True,True,100.0,100.0,496661,0,0,-2,2,1,3,0.9,0.4,3,Tyler,1.4,608,False,,2025-01-16T23:00:08.124193Z,43,496661.jpg,2.1,False,Dibling,1.4,False,,a,17,20,66,816308,651,690421,393,0.3,15.3,Dibling,241.0,2023-08-07,2006-02-17,False,p496661,1797,2,2,3,48,0,0,0,6,0,0,4,246,261.0,341.7,264.0,86.8,19,2.60,1.46,4.06,46.40,0,0,0,0,0,0,0,258,117,111,80,119,78,165,91,4.0,,,,,,0.13,0.0,0.07,0.2,2.32,2.4,590,342,251,111,266,112,172,55,0.95,0.15
667,True,True,100.0,100.0,551226,0,0,0,0,0,3,1.3,0.8,3,Mateus Gonçalo,1.8,623,False,,2024-12-30T09:30:07.304371Z,50,551226.jpg,2.6,False,Espanha Fernandes,0.1,False,,a,17,20,87,31557,38,25962,54,0.4,17.4,M.Fernandes,173.0,2024-08-20,2004-07-10,False,p551226,2731,2,3,5,62,0,0,0,8,0,0,7,479,509.8,592.6,367.0,147.2,32,3.96,3.10,7.06,65.96,0,0,0,0,0,0,0,125,45,43,37,86,57,66,46,3.0,,3.0,,,,0.13,0.0,0.1,0.23,2.17,2.04,234,149,202,89,197,83,485,177,1.05,0.16
668,True,False,0.0,0.0,545508,0,0,0,0,0,3,0.0,0.0,0,Joseph,0.0,693,False,Loaned to Accrington Stanley,2025-02-04T10:28:24.963013Z,45,545508.jpg,0.0,False,O'Brien-Whitmarsh,0.0,False,,u,17,20,0,828,0,792,0,0.0,0.0,O'Brien-Whitmarsh,104.0,2024-08-27,2005-05-11,False,p545508,0,0,0,0,0,0,0,0,0,0,0,0,0,0.0,0.0,0.0,0.0,0,0.00,0.00,0.00,0.00,0,0,0,0,0,0,0,737,305,733,305,717,298,737,305,,,,,,,0.0,0.0,0.0,0.0,0.0,0.0,450,285,672,264,741,306,777,329,0.0,0.0
669,True,True,,,500016,0,0,0,0,0,2,0.9,0.4,6,Welington Damascena,1.4,718,False,,,40,500016.jpg,1.5,False,Santos,0.0,False,,a,17,20,12,1300,8,911,2,0.4,3.0,Welington,30.0,2025-01-01,2001-02-19,False,p500016,298,0,0,1,6,0,0,0,1,0,0,0,41,83.0,53.6,11.0,14.7,4,0.04,0.15,0.19,6.82,0,0,0,0,0,0,0,398,142,354,118,424,151,410,140,,,,,,,0.01,0.0,0.05,0.06,2.06,1.81,679,190,250,78,369,120,697,239,1.21,0.3
670,True,True,,,620408,0,0,0,0,0,2,-0.5,-1.0,0,Joachim,0.0,719,False,,,40,620408.jpg,0.0,False,Kayi-Sanda,0.0,False,,a,17,20,0,727,7,595,4,0.0,0.0,Kayi Sanda,73.0,2025-01-09,2006-11-29,False,p620408,0,0,0,0,0,0,0,0,0,0,0,0,0,0.0,0.0,0.0,0.0,0,0.00,0.00,0.00,0.00,0,0,0,0,0,0,0,652,246,640,245,604,238,652,246,,,,,,,0.0,0.0,0.0,0.0,0.0,0.0,727,232,542,211,660,246,720,243,0.0,0.0
671,True,True,100.0,100.0,494779,0,0,-1,1,0,3,-0.5,-1.0,0,Albert,0.0,734,False,,2025-04-18T16:00:08.560117Z,49,494779.jpg,1.5,False,Grønbæk,0.0,False,,a,17,20,6,1187,3,941,2,0.0,1.2,Grønbæk,58.0,2025-01-21,2001-05-23,False,p494779,141,0,0,0,3,0,0,0,0,0,0,0,13,15.8,11.4,9.0,3.7,2,0.12,0.01,0.13,5.10,0,0,0,0,0,0,0,486,225,447,230,432,222,487,228,,,,,,,0.08,0.0,0.01,0.09,3.26,1.91,273,177,740,312,381,180,753,314,1.28,0.0
672,True,True,100.0,100.0,100047426,0,0,0,0,0,5,2.5,2.0,10,Simon,3.0,748,False,,2025-04-15T20:27:42.298703Z,5,100047426.jpg,0.0,False,Rusk,0.0,False,,a,17,20,37,3081,7,2040,4,6.0,74.0,Rusk,241.0,2025-04-07,1981-12-17,False,man47427,0,0,0,0,0,0,0,0,0,0,0,0,0,0.0,0.0,0.0,0.0,0,0.00,0.00,0.00,0.00,1,3,10,0,2,1,10,549,4,526,4,480,4,549,4,,,,,,,0.0,0.0,0.0,0.0,0.0,0.0,800,19,105,17,559,4,788,20,0.0,0.0
673,True,True,,,495024,0,0,-1,1,0,4,-0.1,-0.6,0,Jay,0.4,798,False,,,44,495024.jpg,1.0,False,Robinson,0.0,False,,a,17,20,2,2781,67,1025,23,0.1,0.5,Jay Robinson,241.0,2024-08-27,2007-03-15,False,p495024,34,0,0,0,1,0,0,0,0,0,0,0,10,9.2,22.6,2.0,3.4,0,0.00,0.01,0.01,1.29,0,0,0,0,0,0,0,503,49,416,47,470,58,489,52,,,,,,,0.0,0.0,0.03,0.03,3.41,2.65,536,86,368,35,475,48,668,83,0.0,0.0
674,True,True,100.0,100.0,154566,0,0,-2,2,1,4,1.8,1.8,0,Dominic,1.8,82,False,,2025-05-01T23:00:07.858271Z,73,154566.jpg,4.0,False,Solanke-Mitchell,4.6,False,,a,18,6,100,2810236,619,5114950,556,0.2,13.7,Solanke,241.0,2024-08-10,1997-09-14,False,p154566,2118,8,5,4,41,1,0,0,0,0,0,6,369,459.2,199.1,712.0,135.6,24,10.10,1.13,11.23,38.72,0,0,0,0,0,0,0,147,17,200,22,30,12,83,18,,,,,,,0.43,0.0,0.05,0.48,1.65,1.74,22,9,210,21,47,13,83,16,1.02,0.17
675,True,False,0.0,0.0,548308,0,0,0,0,0,2,0.0,0.0,0,Ashley,0.0,478,False,Loaned to Stoke City,2024-08-26T10:10:07.966773Z,40,548308.jpg,0.0,False,Phillips,0.1,False,,u,18,6,0,8361,0,44399,5,0.0,0.0,A.Phillips,,,,False,p548308,0,0,0,0,0,0,0,0,0,0,0,0,0,0.0,0.0,0.0,0.0,0,0.00,0.00,0.00,0.00,0,0,0,0,0,0,0,631,229,619,228,582,220,631,229,,,,,,,0.0,0.0,0.0,0.0,0.0,0.0,701,210,517,190,639,229,408,146,0.0,0.0
676,True,True,,,214572,0,0,0,0,0,1,0.0,0.0,0,Brandon,0.0,479,False,,,40,214572.jpg,1.0,False,Austin,0.4,False,,a,18,6,1,40898,5,46204,42,0.0,0.2,Austin,241.0,2017-07-22,1999-01-08,False,p214572,90,0,0,0,2,0,0,0,0,0,2,0,7,20.0,0.0,0.0,2.0,1,0.00,0.00,0.00,2.53,0,0,0,0,0,0,0,479,41,579,49,540,30,505,41,,,,,,,0.0,2.0,0.0,0.0,2.53,2.0,651,46,473,52,455,41,273,39,1.0,0.0
677,True,True,100.0,100.0,202993,0,0,-1,1,0,3,0.6,0.6,0,Rodrigo,0.6,480,False,,2025-02-17T10:00:09.911033Z,49,202993.jpg,2.0,False,Bentancur,0.1,False,,a,18,6,47,24527,9,41461,15,0.1,9.6,Bentancur,230.0,2022-01-31,1997-06-25,False,p202993,1559,2,0,3,24,0,0,0,8,0,0,1,281,313.6,206.5,165.0,68.8,20,1.36,1.00,2.36,25.45,0,0,0,0,0,0,0,220,97,194,130,196,120,222,112,,,,,,,0.08,0.0,0.06,0.14,1.47,1.39,254,163,343,162,293,131,444,157,1.15,0.17
678,True,True,0.0,0.0,570526,0,0,-1,1,0,3,0.0,0.0,0,Lucas,0.8,481,False,Ankle injury - Expected back 01 Jun,2025-05-01T23:00:08.545135Z,44,570526.jpg,1.6,False,Bergvall,0.8,False,,i,18,6,44,253518,2,261810,442,0.2,10.0,Bergvall,206.0,2024-07-01,2006-02-02,False,p570526,1200,0,2,3,25,0,0,0,3,0,0,0,216,237.2,218.7,97.0,55.0,11,0.71,0.82,1.53,24.33,0,0,0,0,0,0,0,270,122,185,127,269,151,267,139,,,,,,,0.05,0.0,0.06,0.11,1.82,1.88,546,329,304,144,358,168,223,71,0.82,0.23
679,True,True,100.0,100.0,227127,0,0,-2,2,1,3,0.6,0.6,1,Yves,0.6,482,False,,2025-01-17T15:00:07.651873Z,48,227127.jpg,1.8,False,Bissouma,0.2,False,,a,18,6,48,94904,10,98722,15,0.1,10.0,Bissouma,132.0,2022-06-17,1996-08-30,False,p227127,1335,2,0,3,24,0,0,0,7,0,0,4,253,272.4,131.3,59.0,46.6,16,0.64,0.48,1.12,24.72,0,0,0,0,0,0,0,249,111,253,160,308,171,293,150,,,,,,,0.04,0.0,0.03,0.07,1.67,1.62,302,197,338,160,327,150,341,106,1.08,0.2
680,True,False,0.0,0.0,436234,0,0,0,0,0,3,0.0,0.0,0,Bryan,0.0,483,False,On loan to Girona for the season,2024-07-31T11:08:25.895794Z,50,436234.jpg,0.0,False,Gil Salvatierra,0.0,False,,u,18,6,0,0,0,153,0,0.0,0.0,Bryan,,,,False,p436234,0,0,0,0,0,0,0,0,0,0,0,0,0,0.0,0.0,0.0,0.0,0,0.00,0.00,0.00,0.00,0,0,0,0,0,0,0,779,334,778,334,772,333,779,334,,,,,,,0.0,0.0,0.0,0.0,0.0,0.0,217,136,749,320,779,334,789,338,0.0,0.0
681,True,True,100.0,100.0,115556,0,0,-2,2,0,2,0.4,0.4,1,Ben,0.4,484,False,,2025-02-25T12:30:09.810172Z,43,115556.jpg,1.9,False,Davies,0.2,False,,a,18,6,28,19515,6,31757,14,0.1,6.5,Davies,244.0,2014-07-23,1993-04-24,False,p115556,1215,0,0,3,22,0,0,0,4,0,0,0,156,294.2,40.9,47.0,38.4,13,0.27,0.50,0.77,23.45,0,0,0,0,0,0,0,232,87,372,128,328,108,311,98,,,,,,,0.02,0.0,0.04,0.06,1.74,1.63,565,114,362,111,301,95,400,143,0.96,0.22
682,True,False,0.0,0.0,496179,0,0,0,0,0,3,0.0,0.0,0,Alfie,0.0,485,False,Loaned to Westerlo,2024-09-10T11:37:22.522366Z,45,496179.jpg,0.0,False,Devine,0.0,False,,u,18,6,0,4716,0,12904,0,0.0,0.0,Devine,,,,False,p496179,0,0,0,0,0,0,0,0,0,0,0,0,0,0.0,0.0,0.0,0.0,0,0.00,0.00,0.00,0.00,0,0,0,0,0,0,0,714,286,711,286,692,278,714,286,,,,,,,0.0,0.0,0.0,0.0,0.0,0.0,417,259,646,242,719,287,561,213,0.0,0.0
683,True,True,0.0,0.0,493125,0,0,-2,2,0,2,0.0,0.0,0,Radu,0.0,486,False,Knee injury - Expected back 01 Jun,2025-01-31T15:00:09.267677Z,43,493125.jpg,1.5,False,Drăgușin,0.1,False,,i,18,6,24,56148,2,70216,8,0.0,5.6,Dragusin,177.0,2024-01-11,2002-02-03,False,p493125,1250,0,0,2,29,0,0,0,1,0,0,0,96,256.4,58.1,47.0,36.2,14,0.13,0.16,0.29,28.59,0,0,0,0,0,0,0,261,98,344,112,329,109,323,105,,,,,,,0.01,0.0,0.01,0.02,2.06,2.09,589,132,574,231,374,124,406,145,1.01,0.14
684,True,False,0.0,0.0,241157,0,0,0,0,0,2,0.0,0.0,0,Emerson,0.0,487,False,Transferred to AC Milan,2024-08-13T07:06:12.490889Z,45,241157.jpg,0.0,False,Leite de Souza Junior,0.0,False,,u,18,6,0,0,0,2707,0,0.0,0.0,E.Royal,,,,False,p241157,0,0,0,0,0,0,0,0,0,0,0,0,0,0.0,0.0,0.0,0.0,0,0.00,0.00,0.00,0.00,0,0,0,0,0,0,0,692,263,688,262,669,260,692,263,,,,,,,0.0,0.0,0.0,0.0,0.0,0.0,383,64,620,248,697,262,724,246,0.0,0.0
685,True,True,,,40383,0,0,-2,2,0,1,0.0,0.0,0,Fraser,0.0,488,False,,,43,40383.jpg,2.7,False,Forster,0.3,False,,a,18,6,19,105284,12,106289,29,0.0,4.4,Forster,241.0,2022-06-10,1988-03-17,False,p40383,630,0,0,1,15,0,0,0,0,0,29,0,64,221.0,0.0,0.0,22.2,7,0.00,0.00,0.00,14.80,0,0,0,0,0,0,0,277,25,653,73,620,56,381,25,,,,,,,0.0,4.14,0.0,0.0,2.11,2.14,555,26,561,75,176,28,308,47,1.0,0.14
686,True,True,100.0,100.0,547701,0,0,-4,4,0,3,1.4,1.4,2,Archie,1.4,489,False,,2024-12-02T00:00:08.747842Z,46,547701.jpg,1.6,False,Gray,0.2,False,,a,18,6,42,40740,17,51686,28,0.3,9.1,Gray,241.0,2024-07-02,2006-03-12,False,p547701,1570,0,0,2,35,1,0,0,0,0,0,0,244,229.2,52.5,13.0,29.6,17,0.03,0.19,0.22,33.67,0,0,0,0,0,0,0,273,125,355,197,418,216,352,175,,,,,,,0.0,0.0,0.01,0.01,1.93,2.01,360,231,255,115,360,169,383,126,0.97,0.11
687,True,False,0.0,0.0,132015,0,0,0,0,0,3,0.0,0.0,0,Pierre-Emile,0.0,490,False,On loan to Marseille for the season,2024-07-23T11:58:08.802970Z,50,132015.jpg,0.0,False,Højbjerg,0.0,False,,u,18,6,0,0,0,532,0,0.0,0.0,Højbjerg,,,,False,p132015,0,0,0,0,0,0,0,0,0,0,0,0,0,0.0,0.0,0.0,0.0,0,0.00,0.00,0.00,0.00,0,0,0,0,0,0,0,777,332,775,332,770,331,777,332,,,,,,,0.0,0.0,0.0,0.0,0.0,0.0,200,121,744,315,777,332,771,326,0.0,0.0
688,True,True,100.0,100.0,242898,0,0,-3,3,2,3,1.6,1.6,0,Brennan,1.6,491,False,,2025-01-17T15:00:07.684598Z,62,242898.jpg,4.3,False,Johnson,2.5,False,,a,18,6,134,2269036,422,2137875,1699,0.3,21.6,Johnson,244.0,2023-09-01,2001-05-23,False,p242898,2078,11,6,2,34,0,0,0,5,0,0,13,455,559.4,294.7,749.0,159.7,23,10.27,1.99,12.26,36.55,0,0,0,0,0,0,0,98,36,137,96,27,16,61,43,,,,,,,0.44,0.0,0.09,0.53,1.58,1.47,62,35,243,109,30,14,124,41,1.0,0.09
689,True,True,100.0,100.0,445044,0,0,-3,3,0,3,1.4,1.4,1,Dejan,1.4,492,False,,2025-03-06T00:00:09.617926Z,62,445044.jpg,3.7,False,Kulusevski,2.3,False,,a,18,6,117,1487495,184,1551318,216,0.2,18.9,Kulusevski,206.0,2023-07-01,2000-04-25,False,p445044,2386,7,4,6,41,0,0,0,3,0,0,9,426,613.6,843.8,728.0,218.4,27,4.06,4.03,8.09,42.39,0,0,0,0,0,0,0,70,22,14,13,28,17,14,10,3.0,,,,,,0.15,0.0,0.15,0.3,1.6,1.55,65,38,265,124,78,35,130,44,1.02,0.23
690,True,False,0.0,0.0,200826,0,0,-1,1,0,3,0.0,0.0,0,Giovani,0.0,493,False,Transferred to Real Betis,2024-08-31T06:14:45.936781Z,49,200826.jpg,0.0,False,Lo Celso,0.0,False,,u,18,6,0,2052,0,10724,0,0.0,0.0,Lo Celso,,,,False,p200826,0,0,0,0,0,0,0,0,0,0,0,0,0,0.0,0.0,0.0,0.0,0,0.00,0.00,0.00,0.00,0,0,0,0,0,0,0,772,329,771,330,760,327,772,329,,,,,,,0.0,0.0,0.0,0.0,0.0,0.0,252,162,734,307,773,330,621,246,0.0,0.0
691,True,True,0.0,0.0,172780,0,0,-1,1,3,3,0.0,0.0,0,James,1.2,494,False,Knee injury - Expected back 01 Jun,2025-05-01T23:00:08.579870Z,74,172780.jpg,4.3,False,Maddison,4.0,False,,i,18,6,133,2397489,20,2573324,1633,0.2,18.0,Maddison,241.0,2023-06-28,1996-11-23,False,p172780,1799,9,8,6,32,0,0,0,6,0,0,15,592,683.4,702.3,495.0,187.8,21,5.54,5.92,11.46,32.39,0,0,0,0,0,0,0,54,15,32,27,59,38,29,22,1.0,,2.0,,2.0,,0.28,0.0,0.3,0.58,1.62,1.6,19,12,281,135,32,16,96,31,1.05,0.3
692,True,True,100.0,100.0,441164,0,0,-2,2,2,2,1.0,1.0,0,Pedro,1.0,495,False,,2024-08-19T23:00:06.196679Z,53,441164.jpg,3.1,False,Porro,17.0,False,,a,18,6,99,2916542,648,4656147,2855,0.2,18.7,Pedro Porro,200.0,2023-07-01,1999-09-13,False,p441164,2516,2,6,6,43,0,0,0,4,0,0,6,459,759.2,893.3,192.0,184.6,27,1.63,4.65,6.28,47.10,0,0,0,0,0,0,0,33,12,10,1,173,32,35,1,2.0,,1.0,,,,0.06,0.0,0.17,0.23,1.68,1.54,154,19,292,85,133,35,20,7,0.97,0.21
693,True,True,,,199249,0,0,-4,4,0,2,0.0,0.0,0,Sergio,0.0,496,False,,,41,199249.jpg,0.3,False,Reguilón,0.2,False,,a,18,6,1,15409,15,34063,7,0.0,0.2,Reguilón,200.0,2020-09-19,1996-12-16,False,p199249,121,0,0,0,1,0,0,0,2,0,0,0,17,20.8,20.2,11.0,5.2,0,0.07,0.24,0.31,1.18,0,0,0,0,0,0,0,477,172,419,149,426,153,471,167,,,,,,,0.05,0.0,0.18,0.23,0.88,0.74,629,160,548,215,553,192,396,142,0.0,0.0
694,True,True,100.0,100.0,212319,0,0,-2,2,0,4,2.6,2.6,0,Richarlison,2.6,497,False,,2025-04-02T14:30:08.597402Z,68,212319.jpg,2.5,False,de Andrade,0.4,False,,a,18,6,33,76115,90,159980,72,0.4,4.9,Richarlison,30.0,2022-07-01,1997-05-10,False,p212319,470,4,1,1,7,0,0,0,2,0,0,0,135,179.8,57.0,243.0,47.3,4,3.71,0.60,4.31,6.28,0,0,0,0,0,0,0,313,28,346,38,132,33,290,34,,,,,2.0,,0.71,0.0,0.11,0.82,1.2,1.34,34,17,143,15,217,27,284,46,0.77,0.19
695,True,True,100.0,100.0,221632,0,0,-1,1,1,2,0.4,0.4,0,Cristian,0.4,498,False,,2024-11-21T14:30:08.425075Z,49,221632.jpg,2.7,False,Romero,3.5,False,,a,18,6,49,974222,151,1293498,209,0.1,10.0,Romero,10.0,2022-08-30,1998-04-27,False,p221632,1416,1,1,3,22,0,0,0,3,0,0,3,245,343.2,113.1,232.0,69.0,18,1.52,0.81,2.33,19.31,0,0,0,0,0,0,0,200,71,271,75,143,19,220,70,,,,,,,0.1,0.0,0.05,0.15,1.23,1.4,257,31,375,117,183,56,101,38,1.14,0.19
696,True,True,100.0,100.0,482442,0,0,-3,3,1,3,1.6,1.6,2,Pape Matar,1.6,499,False,,2025-01-24T00:00:10.023844Z,47,482442.jpg,2.0,False,Sarr,0.2,False,,a,18,6,69,60212,24,70996,43,0.3,14.7,P.M.Sarr,189.0,2021-08-27,2002-09-14,False,p482442,1804,3,2,2,38,0,0,0,6,0,0,4,358,375.0,253.5,208.0,83.2,20,3.72,0.77,4.49,35.34,0,0,0,0,0,0,0,180,75,161,109,154,97,175,94,,,,,,,0.19,0.0,0.04,0.23,1.76,1.9,337,219,231,100,288,126,370,117,1.0,0.1
697,True,True,100.0,100.0,490145,0,0,-1,1,0,4,0.0,0.0,0,Dane,0.0,500,False,,2024-08-14T08:32:58.295903Z,44,490145.jpg,2.0,False,Scarlett,0.7,False,,a,18,6,6,147635,260,95564,327,0.0,1.4,Scarlett,241.0,2020-08-21,2004-03-24,False,p490145,31,0,1,0,1,0,0,0,0,0,0,0,20,24.4,11.0,17.0,5.2,0,0.04,0.00,0.04,0.83,0,0,0,0,0,0,0,465,43,449,51,404,52,472,48,,,,,,,0.12,0.0,0.0,0.12,2.41,2.9,533,85,593,47,284,34,242,41,0.0,0.0
698,True,False,0.0,0.0,235674,0,0,-1,1,0,3,0.0,0.0,0,Manor,0.0,502,False,Season long loan to Leeds United,2024-08-29T11:11:30.036154Z,54,235674.jpg,0.0,False,Solomon,0.0,False,,u,18,6,0,480,0,5493,1,0.0,0.0,Solomon,,,,False,p235674,0,0,0,0,0,0,0,0,0,0,0,0,0,0.0,0.0,0.0,0.0,0,0.00,0.00,0.00,0.00,0,0,0,0,0,0,0,790,340,790,340,787,339,790,340,,,,,,,0.0,0.0,0.0,0.0,0.0,0.0,132,81,773,331,789,340,652,265,0.0,0.0
699,True,True,50.0,50.0,85971,0,0,-3,3,2,3,0.1,0.1,1,Son,0.2,503,False,Foot injury - 50% chance of playing,2025-04-14T08:30:08.160452Z,97,85971.jpg,4.4,False,Heung-min,4.1,False,,d,18,6,127,2134183,35,2782836,726,0.0,13.1,Son,114.0,2015-08-28,1992-07-08,False,p85971,2033,7,10,4,33,0,0,1,1,0,0,12,539,628.6,729.9,688.0,204.7,23,7.19,4.96,12.15,36.70,0,0,0,0,0,0,0,65,20,23,19,35,20,19,14,4.0,,,,1.0,,0.32,0.0,0.22,0.54,1.62,1.46,5,4,424,198,27,13,92,28,1.02,0.18
700,True,True,100.0,100.0,232859,0,0,-1,1,2,2,0.4,0.4,1,Djed,0.4,504,False,,2025-01-24T12:30:09.092907Z,44,232859.jpg,2.2,False,Spence,0.8,False,,a,18,6,50,170437,41,97631,528,0.1,11.4,Spence,241.0,2022-07-19,2000-08-09,False,p232859,1693,1,2,3,35,1,0,0,2,1,0,6,225,401.2,222.2,100.0,72.5,18,0.58,1.40,1.98,32.59,0,0,0,0,0,0,0,173,65,183,39,266,75,206,65,,,,,,,0.03,0.0,0.07,0.1,1.73,1.86,521,100,367,114,250,79,227,87,0.96,0.16
701,True,True,100.0,100.0,487053,0,0,-2,2,0,2,-0.4,-0.4,0,Destiny,-0.4,505,False,,2024-12-30T09:30:07.165603Z,48,487053.jpg,1.8,False,Udogie,1.5,False,,a,18,6,43,340730,51,597005,97,-0.1,9.0,Udogie,106.0,2022-08-16,2002-11-28,False,p487053,1833,0,1,2,31,1,0,0,2,0,0,0,243,347.4,255.6,132.0,73.7,23,0.31,1.22,1.53,31.01,0,0,0,0,0,0,0,198,70,159,34,227,60,203,64,,,,,,,0.02,0.0,0.06,0.08,1.52,1.52,316,41,801,266,328,105,163,63,1.13,0.1
702,True,True,100.0,100.0,491279,0,0,0,0,1,2,0.0,0.0,0,Micky,0.0,506,False,,2025-02-14T14:30:08.767065Z,45,491279.jpg,2.6,False,van de Ven,2.4,False,,a,18,6,31,1056827,78,1526475,144,0.0,6.9,Van de Ven,152.0,2023-08-08,2001-04-19,False,p491279,949,0,2,2,15,0,0,0,4,0,0,2,139,195.4,39.3,57.0,29.2,11,0.54,0.70,1.24,11.96,0,0,0,0,0,0,0,298,110,379,131,311,98,355,118,,,,,,,0.05,0.0,0.07,0.12,1.13,1.42,414,72,643,251,191,59,126,45,1.04,0.19
703,True,False,0.0,0.0,536908,0,0,0,0,0,4,0.0,0.0,0,Alejo,0.0,507,False,Loaned to Espanyol,2024-08-10T12:19:41.352153Z,50,536908.jpg,0.0,False,Véliz,0.0,False,,u,18,6,0,0,0,986,0,0.0,0.0,Veliz,,,,False,p536908,0,0,0,0,0,0,0,0,0,0,0,0,0,0.0,0.0,0.0,0.0,0,0.00,0.00,0.00,0.00,0,0,0,0,0,0,0,787,82,786,82,780,82,787,82,,,,,,,0.0,0.0,0.0,0.0,0.0,0.0,232,50,759,75,786,82,743,86,0.0,0.0
704,True,True,100.0,100.0,184254,0,0,-2,2,1,1,0.6,0.6,0,Guglielmo,0.6,508,False,,2024-11-26T00:00:08.341528Z,48,184254.jpg,2.8,False,Vicario,1.9,False,,a,18,6,65,277222,84,538756,234,0.1,13.5,Vicario,106.0,2023-07-01,1996-10-07,False,p184254,2070,0,0,4,33,0,0,0,1,0,64,2,293,551.4,0.0,0.0,54.9,23,0.00,0.00,0.00,31.33,0,0,0,0,0,0,0,104,17,766,81,755,72,268,18,,,,,,,0.0,2.78,0.0,0.0,1.36,1.43,290,11,335,24,166,26,148,21,1.0,0.17
705,True,True,100.0,100.0,165153,0,0,-3,3,0,3,0.0,0.0,0,Timo,0.0,509,False,,2025-01-14T17:00:08.863619Z,62,165153.jpg,1.9,False,Werner,0.1,False,,a,18,6,34,14861,8,36736,14,0.0,5.5,Werner,80.0,2024-01-09,1996-03-06,False,p165153,504,0,3,1,12,0,0,0,0,0,0,2,120,114.6,148.0,113.0,37.1,4,1.04,1.55,2.59,11.41,0,0,0,0,0,0,0,365,170,238,153,252,141,317,160,,,,,,,0.19,0.0,0.28,0.47,2.04,2.14,55,29,788,342,316,144,415,144,0.71,0.18
706,True,True,,,175941,0,0,-1,1,0,1,0.0,0.0,0,Alfie,0.0,510,False,,,39,175941.jpg,0.0,False,Whiteman,1.7,False,,a,18,6,0,136509,104,111446,267,0.0,0.0,Whiteman,241.0,2016-07-01,1998-10-02,False,p175941,0,0,0,0,0,0,0,0,0,0,0,0,0,0.0,0.0,0.0,0.0,0,0.00,0.00,0.00,0.00,0,0,0,0,0,0,0,573,50,552,32,508,12,573,50,,,,,,,0.0,0.0,0.0,0.0,0.0,0.0,745,71,437,34,583,50,154,23,0.0,0.0
707,True,False,0.0,0.0,552427,0,0,0,0,0,4,0.0,0.0,0,Will,0.0,609,False,Loaned to West Bromwich Albion,2025-02-06T23:45:33.840689Z,45,552427.jpg,1.0,False,Lankshear,1.0,False,,u,18,6,3,434203,0,403391,68,0.0,0.7,Lankshear,241.0,2022-12-08,,False,p552427,10,0,0,0,0,0,0,0,0,0,0,0,7,0.0,0.0,0.0,0.0,0,0.00,0.00,0.00,0.02,0,0,0,0,0,0,0,744,67,740,66,724,67,744,67,,,,,,,0.0,0.0,0.0,0.0,0.18,0.0,458,74,679,57,491,52,212,37,0.0,0.0
708,True,True,100.0,100.0,499721,0,0,0,0,0,3,0.6,0.6,2,Mikey,0.6,610,False,,2024-11-07T09:00:08.150966Z,45,499721.jpg,1.9,False,Moore,0.2,False,,a,18,6,17,50326,7,54710,13,0.1,3.8,Moore,241.0,2024-05-01,2007-08-11,False,p499721,273,0,2,0,3,0,0,0,0,0,0,0,45,23.6,43.0,30.0,9.5,2,0.20,0.56,0.76,5.54,0,0,0,0,0,0,0,467,216,366,201,364,197,438,209,,,,,,,0.07,0.0,0.18,0.25,1.83,0.99,423,265,332,156,306,136,371,118,0.66,0.0
709,True,True,100.0,100.0,550839,0,0,-2,2,0,3,3.0,3.0,2,Wilson,3.0,612,False,,2024-10-30T12:00:07.631102Z,53,550839.jpg,2.2,False,Odobert,0.0,False,,a,18,6,31,12553,29,12168,14,0.6,5.8,Odobert,73.0,2024-08-16,2004-11-28,False,p550839,712,1,0,1,14,0,0,0,0,0,0,3,83,82.0,93.7,132.0,30.8,8,1.22,0.72,1.94,13.04,0,0,0,0,0,0,0,399,186,297,178,228,129,347,171,,,,,,,0.15,0.0,0.09,0.24,1.65,1.77,158,94,121,51,259,110,569,217,1.01,0.13
710,True,True,,,499726,0,0,0,0,0,3,0.0,0.0,0,Callum,0.0,683,False,,,45,499726.jpg,0.0,False,Olusesi,0.0,False,,a,18,6,0,1343,3,1043,2,0.0,0.0,Olusesi,241.0,2024-11-06,2007-03-11,False,p499726,0,0,0,0,0,0,0,0,0,0,0,0,0,0.0,0.0,0.0,0.0,0,0.00,0.00,0.00,0.00,0,0,0,0,0,0,0,719,291,716,291,697,283,719,291,,,,,,,0.0,0.0,0.0,0.0,0.0,0.0,424,266,651,247,724,292,725,301,0.0,0.0
711,True,True,,,611920,0,0,0,0,0,2,0.0,0.0,0,Malachi,0.0,684,False,,,40,611920.jpg,0.0,False,Hardy,0.0,False,,a,18,6,0,3084,3,2475,5,0.0,0.0,Hardy,241.0,2024-11-22,2008-03-10,False,p611920,0,0,0,0,0,0,0,0,0,0,0,0,0,0.0,0.0,0.0,0.0,0,0.00,0.00,0.00,0.00,0,0,0,0,0,0,0,645,241,633,240,597,233,645,241,,,,,,,0.0,0.0,0.0,0.0,0.0,0.0,720,227,535,206,653,241,609,211,0.0,0.0
712,True,False,0.0,0.0,611917,0,0,0,0,0,3,0.0,0.0,0,Luca,0.0,689,False,U18 team,2025-01-17T11:48:35.885884Z,45,611917.jpg,0.0,False,Williams-Barnett,0.0,False,,u,18,6,0,790,0,797,0,0.0,0.0,Williams-Barnett,241.0,2024-11-06,,False,p611917,0,0,0,0,0,0,0,0,0,0,0,0,0,0.0,0.0,0.0,0.0,0,0.00,0.00,0.00,0.00,0,0,0,0,0,0,0,763,323,760,323,744,317,763,323,,,,,,,0.0,0.0,0.0,0.0,0.0,0.0,486,307,702,285,765,324,760,319,0.0,0.0
713,True,False,0.0,0.0,519321,0,0,0,0,0,2,0.0,0.0,0,Alfie,0.0,699,False,Loaned to Aberdeen,2025-01-17T12:26:25.866937Z,40,519321.jpg,1.0,False,Dorrington,0.0,False,,u,18,6,1,1051,0,1120,0,0.0,0.2,Dorrington,241.0,2022-12-08,,False,p519321,13,0,0,0,0,0,0,0,0,0,0,0,4,1.0,0.2,0.0,0.1,0,0.00,0.00,0.00,0.04,0,0,0,0,0,0,0,539,190,514,188,572,211,543,192,,,,,,,0.0,0.0,0.0,0.0,0.28,0.0,689,199,507,181,460,162,740,251,0.0,0.0
714,True,True,,,592736,0,0,0,0,0,2,0.0,0.0,0,Maeson,0.0,700,False,,,40,592736.jpg,0.0,False,King,0.0,False,,a,18,6,0,2414,4,1681,2,0.0,0.0,King,241.0,2024-11-27,,False,p592736,0,0,0,0,0,0,0,0,0,0,0,0,0,0.0,0.0,0.0,0.0,0,0.00,0.00,0.00,0.00,0,0,0,0,0,0,0,642,238,630,237,594,230,642,238,,,,,,,0.0,0.0,0.0,0.0,0.0,0.0,716,223,531,202,650,238,634,219,0.0,0.0
715,True,True,,,485055,0,0,-4,4,0,1,0.6,0.6,3,Antonín,0.6,716,False,,,41,485055.jpg,3.0,False,Kinsky,0.1,False,,a,18,6,15,46041,24,36345,46,0.1,3.7,Kinsky,57.0,2025-01-05,2003-03-13,False,p485055,450,0,0,1,9,0,0,0,0,0,19,0,72,102.6,10.1,0.0,11.2,5,0.00,0.01,0.01,10.41,0,0,0,0,0,0,0,380,33,454,12,611,50,425,33,,,,,,,0.0,3.8,0.0,0.0,2.08,1.8,633,38,326,23,136,21,440,60,1.0,0.2
716,True,False,0.0,0.0,623095,0,0,0,0,0,3,0.0,0.0,0,Min-Hyeok,0.0,717,False,Loaned to Queens Park Rangers,2025-02-03T10:24:52.232670Z,45,623095.jpg,0.0,False,Yang,0.0,False,,u,18,6,0,468,0,413,0,0.0,0.0,Yang,114.0,2025-01-01,,False,p623095,0,0,0,0,0,0,0,0,0,0,0,0,0,0.0,0.0,0.0,0.0,0,0.00,0.00,0.00,0.00,0,0,0,0,0,0,0,765,325,763,325,747,319,765,325,,,,,,,0.0,0.0,0.0,0.0,0.0,0.0,489,309,705,287,767,326,779,331,0.0,0.0
717,True,True,,,574799,0,0,0,0,0,3,0.0,0.0,0,Damola,0.0,729,False,,,45,574799.jpg,0.0,False,Ajayi,0.0,False,,a,18,6,0,1106,7,644,2,0.0,0.0,Ajayi,241.0,2024-10-02,2005-12-27,False,p574799,0,0,0,0,0,0,0,0,0,0,0,0,0,0.0,0.0,0.0,0.0,0,0.00,0.00,0.00,0.00,0,0,0,0,0,0,0,750,315,747,315,730,308,750,315,,,,,,,0.0,0.0,0.0,0.0,0.0,0.0,466,296,686,274,753,316,726,302,0.0,0.0
718,True,True,,,100041880,0,0,0,0,0,5,1.6,1.6,0,Ange,1.6,749,False,,,11,100041880.jpg,0.0,False,Postecoglou,0.6,False,,a,18,6,57,41578,24,22822,22,1.5,51.8,Postecoglou,13.0,2023-07-01,1965-08-27,False,man41881,0,0,0,0,0,0,0,0,0,0,0,0,0,0.0,0.0,0.0,0.0,0,0.00,0.00,0.00,0.00,4,2,8,0,1,2,18,558,13,535,13,489,13,558,13,,,,,,,0.0,0.0,0.0,0.0,0.0,0.0,789,8,212,20,568,13,655,14,0.0,0.0
719,True,True,,,501620,0,0,0,0,0,2,0.0,0.0,0,Dante,0.0,760,False,,,40,501620.jpg,0.0,False,Cassanova,0.0,False,,a,18,6,0,631,6,373,6,0.0,0.0,Cassanova,107.0,2024-10-02,2004-06-21,False,p501620,0,0,0,0,0,0,0,0,0,0,0,0,0,0.0,0.0,0.0,0.0,0,0.00,0.00,0.00,0.00,0,0,0,0,0,0,0,615,215,602,213,564,204,615,215,,,,,,,0.0,0.0,0.0,0.0,0.0,0.0,680,191,499,174,623,215,723,245,0.0,0.0
720,True,True,100.0,100.0,135720,0,0,-1,1,0,2,0.8,0.8,1,Kevin,0.8,767,False,,2025-03-12T22:00:09.466097Z,44,135720.jpg,1.9,False,Danso,0.0,False,,a,18,6,15,9619,10,7520,16,0.2,3.4,Danso,14.0,2025-02-02,1998-09-19,False,p135720,662,0,0,1,12,0,0,0,0,0,0,0,92,152.0,32.6,55.0,24.0,7,0.40,0.12,0.52,13.53,0,0,0,0,0,0,0,341,125,390,139,316,100,374,126,,,,,,,0.05,0.0,0.02,0.07,1.84,1.63,498,85,303,92,304,98,617,214,0.95,0.14
721,True,True,,,511499,0,0,-2,2,0,3,3.8,3.8,2,Mathys,3.8,768,False,,,58,511499.jpg,3.3,False,Tel,0.1,False,,a,18,6,36,45118,130,33592,116,0.7,6.2,Tel,73.0,2025-02-03,2005-04-27,False,p511499,736,2,1,2,16,0,0,0,1,0,0,2,131,139.8,161.2,200.0,49.6,9,2.28,1.25,3.53,14.53,0,0,0,0,0,0,0,350,160,228,150,162,102,284,147,,,,,,,0.28,0.0,0.15,0.43,1.78,1.96,91,58,72,31,117,55,450,160,1.1,0.24
722,True,True,100.0,100.0,487117,0,0,0,0,0,4,-0.1,0.4,0,Evan,0.4,123,False,,2025-04-19T20:30:07.421417Z,55,487117.jpg,1.3,False,Ferguson,0.2,False,,a,19,21,28,89149,26,86282,33,0.1,5.1,Ferguson,104.0,2025-02-03,2004-10-19,False,p487117,385,1,0,1,9,0,0,0,0,0,0,2,97,80.0,68.5,104.0,25.0,3,1.13,0.66,1.79,6.39,0,0,0,0,0,0,0,403,39,329,36,262,41,372,40,,,5.0,,,,0.26,0.0,0.15,0.41,1.49,2.1,121,33,381,39,420,42,332,52,0.7,0.23
723,True,True,100.0,100.0,214590,0,0,-1,1,4,2,3.1,3.6,9,Aaron,3.6,388,False,,2025-04-17T16:00:08.340512Z,44,214590.jpg,3.2,False,Wan-Bissaka,4.9,False,,a,19,21,109,1310527,1468,1028278,727,0.8,24.8,Wan-Bissaka,241.0,2024-08-13,1997-11-26,False,p214590,2974,2,5,6,56,1,0,0,1,0,0,12,465,715.0,481.9,180.0,137.7,33,1.18,2.69,3.87,54.20,0,0,0,0,0,0,0,42,16,74,15,183,35,78,9,,,,,,,0.04,0.0,0.08,0.12,1.64,1.69,510,93,77,17,120,27,77,27,1.0,0.18
724,True,True,100.0,100.0,213999,0,0,0,0,0,3,-0.3,0.2,1,Edson,0.2,511,False,,2025-04-25T00:00:08.647370Z,50,213999.jpg,1.5,False,Álvarez Velázquez,0.1,False,,a,19,21,38,16604,12,21271,8,0.0,7.6,Álvarez,139.0,2023-08-10,1997-10-24,False,p213999,1658,0,1,3,29,0,0,0,6,1,0,0,211,253.8,196.0,49.0,49.9,19,0.31,0.84,1.15,29.12,0,0,0,0,0,0,0,262,118,204,135,326,176,283,146,,,,,,,0.02,0.0,0.05,0.07,1.58,1.57,206,127,415,191,382,181,445,158,1.03,0.16
725,True,True,0.0,0.0,57531,0,0,-3,3,1,4,0.0,0.0,0,Michail,0.0,512,False,Leg injury - Unknown return date,2024-12-09T17:00:08.418178Z,52,57531.jpg,3.0,False,Antonio,0.8,False,,i,19,21,42,386214,9,484003,23,0.0,8.1,Antonio,107.0,2015-09-01,1990-03-28,False,p57531,834,1,4,4,18,0,0,0,1,0,0,3,111,72.0,139.5,194.0,39.5,11,2.20,0.91,3.11,17.83,0,0,0,0,0,0,0,410,40,248,26,168,35,309,35,,,,,,,0.24,0.0,0.1,0.34,1.92,1.94,159,42,767,78,144,22,225,38,1.19,0.43
726,True,True,100.0,100.0,84182,0,0,-3,3,0,1,2.9,3.4,7,Alphonse,3.4,513,False,,2025-01-16T22:00:08.950625Z,42,84182.jpg,2.6,False,Areola,6.8,False,,a,19,21,66,822210,848,1006705,556,0.8,15.7,Areola,73.0,2022-07-01,1993-02-27,False,p84182,2169,0,0,4,39,1,0,0,0,0,79,0,257,557.4,0.0,0.0,55.9,24,0.00,0.00,0.00,35.82,0,0,0,0,0,0,0,100,15,648,70,614,53,261,17,,,,,,,0.0,3.28,0.0,0.0,1.49,1.62,604,32,87,8,187,32,54,10,1.0,0.17
727,True,True,100.0,100.0,178186,0,0,2,-2,3,3,7.1,7.6,8,Jarrod,7.6,514,False,,2024-12-30T09:30:07.187593Z,77,178186.jpg,5.4,False,Bowen,12.2,False,,a,19,21,172,2979797,10828,2393116,2408,1.0,22.3,Bowen,241.0,2020-01-31,1996-12-20,False,p178186,2794,11,10,8,47,0,0,0,1,0,0,17,607,761.4,701.8,988.0,244.8,32,8.32,6.28,14.60,48.37,0,0,0,0,0,0,0,32,7,33,28,8,4,9,6,2.0,,,,4.0,,0.27,0.0,0.2,0.47,1.56,1.51,13,10,5,1,9,4,35,11,1.03,0.26
728,True,True,100.0,100.0,164555,0,0,-4,4,0,2,1.1,1.6,6,Vladimír,1.6,516,False,,2025-02-21T03:30:10.428614Z,41,164555.jpg,1.3,False,Coufal,0.4,False,,a,19,21,26,39852,25,90371,27,0.4,6.3,Coufal,57.0,2020-10-02,1992-08-22,False,p164555,948,0,0,2,19,1,0,0,4,0,0,1,79,175.2,107.8,39.0,31.9,10,0.33,0.84,1.16,17.52,0,0,0,0,0,0,0,316,118,278,80,344,114,343,114,,,,,,,0.03,0.0,0.08,0.11,1.66,1.8,628,159,215,63,411,140,294,111,0.95,0.19
729,True,True,100.0,100.0,55459,0,0,-1,1,1,2,0.9,1.4,5,Aaron,1.4,517,False,,2024-08-30T04:00:05.718151Z,39,55459.jpg,2.1,False,Cresswell,1.7,False,,a,19,21,34,252788,71,313350,284,0.4,8.7,Cresswell,241.0,2014-07-03,1989-12-15,False,p55459,760,0,0,3,7,0,0,0,3,0,0,3,150,128.8,120.2,5.0,25.3,9,0.11,1.50,1.61,11.58,0,0,0,0,0,0,0,358,128,262,71,450,164,370,124,,,2.0,,,,0.01,0.0,0.18,0.19,1.37,0.83,735,236,245,75,262,85,152,59,1.07,0.36
730,True,False,0.0,0.0,490885,0,0,0,0,0,3,0.0,0.0,0,George,0.0,519,False,Loaned to Bristol City,2024-08-16T11:57:26.531525Z,45,490885.jpg,0.0,False,Earthy,0.0,False,,u,19,21,0,0,0,8124,2,0.0,0.0,Earthy,,,,False,p490885,0,0,0,0,0,0,0,0,0,0,0,0,0,0.0,0.0,0.0,0.0,0,0.00,0.00,0.00,0.00,0,0,0,0,0,0,0,711,283,708,283,689,275,711,283,,,,,,,0.0,0.0,0.0,0.0,0.0,0.0,413,256,642,239,716,284,651,264,0.0,0.0
731,True,True,100.0,100.0,109533,0,0,-1,1,2,2,2.1,2.6,1,Emerson,2.6,520,False,,2025-01-04T22:00:07.811285Z,44,109533.jpg,2.5,False,Palmieri dos Santos,0.6,False,,a,19,21,76,149142,75,169998,79,0.6,17.3,Emerson,106.0,2022-08-23,1994-08-03,False,p109533,2108,2,1,5,41,0,0,0,5,0,0,4,219,420.2,310.8,173.0,90.4,26,1.95,2.19,4.14,37.51,0,0,0,0,0,0,0,165,62,124,26,192,37,158,44,3.0,,1.0,,,,0.08,0.0,0.09,0.17,1.6,1.75,497,84,140,36,203,64,254,97,1.11,0.21
732,True,True,100.0,100.0,37096,-1,1,-1,1,0,1,-0.5,0.0,0,Łukasz,0.0,521,False,,2024-12-27T02:00:09.942808Z,39,37096.jpg,2.8,False,Fabiański,10.4,False,,a,19,21,36,1706995,165,1913414,1910,0.0,9.2,Fabianski,172.0,2018-06-20,1985-04-18,False,p37096,1070,0,0,2,20,0,0,0,2,0,47,2,132,362.2,0.3,0.0,36.1,12,0.00,0.00,0.00,21.99,0,0,0,0,0,0,0,186,21,504,20,501,7,324,21,,,,,,,0.0,3.95,0.0,0.0,1.85,1.68,734,66,430,30,160,25,40,6,1.01,0.17
733,True,True,,,82143,0,0,-3,3,0,1,-0.5,0.0,0,Wes,0.0,522,False,,,42,82143.jpg,0.0,False,Foderingham,0.1,False,,a,19,21,0,8314,4,16878,7,0.0,0.0,Foderingham,241.0,2024-07-01,1991-01-14,False,p82143,0,0,0,0,0,0,0,0,0,0,0,0,0,0.0,0.0,0.0,0.0,0,0.00,0.00,0.00,0.00,0,0,0,0,0,0,0,657,78,647,69,613,52,657,78,,,,,,,0.0,0.0,0.0,0.0,0.0,0.0,602,31,553,72,665,78,432,59,0.0,0.0
734,True,True,100.0,100.0,84939,0,0,-2,2,0,4,-0.5,0.0,0,Danny,0.0,523,False,,2024-12-04T09:30:08.866937Z,48,84939.jpg,2.1,False,Ings,1.2,False,,a,19,21,32,418541,39,440242,79,0.0,6.7,Ings,241.0,2023-01-20,1992-07-23,False,p84939,270,1,3,0,4,0,0,0,0,0,0,4,110,97.0,76.5,159.0,33.4,1,2.25,0.06,2.31,4.89,0,0,0,0,0,0,0,387,37,318,34,200,38,336,38,,,,,,,0.75,0.0,0.02,0.77,1.63,1.33,282,57,716,67,273,32,190,26,0.33,0.0
735,True,True,100.0,100.0,214048,0,0,-2,2,1,2,1.7,2.2,6,Max,2.2,524,False,,2024-12-27T02:00:09.960422Z,43,214048.jpg,2.2,False,Kilman,1.3,False,,a,19,21,80,403110,63,402436,138,0.5,18.6,Kilman,241.0,2024-07-05,1997-05-23,False,p214048,3168,0,1,6,59,0,0,0,4,0,0,5,379,767.2,199.7,145.0,111.5,36,1.55,1.17,2.72,56.96,0,0,0,0,0,0,0,30,10,199,46,214,51,113,26,,,,,,,0.04,0.0,0.03,0.07,1.62,1.68,572,119,155,41,248,77,180,68,1.02,0.17
736,True,True,100.0,100.0,460842,0,0,-3,3,0,3,3.3,3.8,6,Mohammed,3.8,525,False,,2025-04-02T19:00:08.867939Z,62,460842.jpg,3.2,False,Kudus,2.4,False,,a,19,21,97,444838,479,1064044,244,0.6,15.6,Kudus,81.0,2023-08-27,2000-08-02,False,p460842,2494,4,4,7,44,0,0,0,2,1,0,4,340,415.6,512.8,703.0,163.0,30,6.74,2.56,9.30,41.26,0,0,0,0,0,0,0,166,65,66,53,32,19,60,42,,,,,,,0.24,0.0,0.09,0.33,1.49,1.59,66,39,74,33,127,57,125,42,1.08,0.25
737,True,True,,,577114,0,0,-4,4,0,3,-0.1,0.4,0,Luis Guilherme,0.4,526,False,,,46,577114.jpg,1.0,False,Lira dos Santos,0.0,False,,a,19,21,11,2552,1,4947,1,0.1,2.4,L.Guilherme,30.0,2024-06-14,2006-02-09,False,p577114,128,0,0,0,5,0,0,0,0,0,0,0,44,24.6,47.1,27.0,9.8,1,0.29,0.12,0.41,2.53,0,0,0,0,0,0,0,463,214,362,200,378,202,435,206,,,,,,,0.2,0.0,0.08,0.28,1.78,3.52,361,232,374,178,503,231,641,256,0.7,0.0
738,True,True,100.0,100.0,224024,0,0,-3,3,0,3,0.7,1.2,0,Lucas,1.2,527,False,,2025-02-21T03:30:10.447243Z,57,224024.jpg,2.5,False,Tolentino Coelho de Lima,0.9,False,,a,19,21,79,239873,48,358543,50,0.2,13.9,L.Paquetá,30.0,2022-08-29,1997-08-27,False,p224024,2332,4,1,4,49,0,0,0,9,0,0,5,367,427.4,622.9,260.0,130.8,27,5.22,3.32,8.54,42.45,0,0,0,0,0,0,0,160,63,42,36,124,81,89,60,,,3.0,,1.0,,0.2,0.0,0.13,0.33,1.64,1.89,96,62,279,133,213,90,215,68,1.04,0.15
739,True,True,100.0,100.0,233963,0,0,-2,2,0,2,0.3,0.8,1,Konstantinos,0.8,528,False,,2025-01-18T19:00:08.794269Z,43,233963.jpg,1.3,False,Mavropanos,0.1,False,,a,19,21,43,21857,1,27733,8,0.2,10.0,Mavropanos,83.0,2023-08-22,1997-12-11,False,p233963,1945,0,0,2,38,0,0,0,4,1,0,4,213,459.0,74.0,160.0,69.3,20,1.61,0.39,2.00,36.32,0,0,0,0,0,0,0,149,56,321,101,199,40,219,69,,,,,,,0.07,0.0,0.02,0.09,1.68,1.76,580,127,301,90,413,142,434,154,0.93,0.09
740,True,False,0.0,0.0,210494,0,0,-1,1,0,2,0.0,0.0,0,Nayef,0.0,529,False,On loan to Real Sociedad for the season,2024-09-01T09:10:50.538029Z,44,210494.jpg,0.0,False,Aguerd,0.0,False,,u,19,21,0,1368,0,13423,0,0.0,0.0,N.Aguerd,,,,False,p210494,0,0,0,0,0,0,0,0,0,0,0,0,0,0.0,0.0,0.0,0.0,0,0.00,0.00,0.00,0.00,0,0,0,0,0,0,0,668,255,662,254,635,251,668,255,,,,,,,0.0,0.0,0.0,0.0,0.0,0.0,509,92,582,235,675,254,577,200,0.0,0.0
741,True,True,100.0,100.0,215439,0,0,-2,2,1,3,3.1,3.6,8,Tomáš,3.6,530,False,,2024-12-27T00:30:09.920421Z,48,215439.jpg,3.7,False,Souček,1.4,False,,a,19,21,121,507711,290,619049,180,0.8,25.2,Souček,57.0,2020-07-28,1995-02-27,False,p215439,2416,9,2,7,42,0,0,0,8,0,0,13,425,584.8,224.6,572.0,137.4,28,6.48,1.25,7.73,42.09,0,0,0,0,0,0,0,79,29,180,125,46,27,80,53,,,,,,,0.24,0.0,0.05,0.29,1.57,1.56,298,195,80,34,74,34,173,56,1.04,0.26
742,True,True,100.0,100.0,101178,0,0,-4,4,0,3,1.5,2.0,3,James,2.0,531,False,,2024-10-25T22:30:06.650947Z,61,101178.jpg,1.9,False,Ward-Prowse,0.5,False,,a,19,21,41,37276,34,177094,27,0.3,6.7,Ward-Prowse,241.0,2023-08-14,1994-11-01,False,p101178,1296,0,2,5,16,0,0,0,2,1,0,0,242,204.8,304.9,78.0,58.9,15,1.10,2.31,3.41,17.40,0,0,0,0,0,0,0,289,133,130,93,289,162,255,131,1.0,,1.0,,,,0.08,0.0,0.16,0.24,1.21,1.11,67,40,189,83,315,143,261,82,1.04,0.35
743,True,False,0.0,0.0,103192,0,0,-1,1,0,2,0.0,0.0,0,Kurt,0.0,532,False,On loan to Al-Orobah for the rest of the season,2024-09-02T10:44:47.323774Z,44,103192.jpg,0.0,False,Zouma,0.1,False,,u,19,21,0,5376,0,51202,1,0.0,0.0,Zouma,,,,False,p103192,0,0,0,0,0,0,0,0,0,0,0,0,0,0.0,0.0,0.0,0.0,0,0.00,0.00,0.00,0.00,0,0,0,0,0,0,0,666,254,660,253,632,250,666,254,,,,,,,0.0,0.0,0.0,0.0,0.0,0.0,496,83,579,234,673,253,437,155,0.0,0.0
744,True,True,,,229384,0,0,-3,3,0,3,-0.5,0.0,0,Andy,0.0,576,False,,,47,229384.jpg,0.9,False,Irving,0.0,False,,a,19,21,9,1659,1,3123,2,0.0,1.9,Irving,243.0,2023-08-31,2000-05-13,False,p229384,161,0,0,0,4,0,0,0,2,0,0,0,38,37.6,26.5,17.0,8.1,1,0.13,0.12,0.25,4.48,0,0,0,0,0,0,0,444,202,407,216,407,213,445,213,,,,,,,0.07,0.0,0.07,0.14,2.5,2.24,330,213,711,292,526,246,640,255,0.56,0.0
745,True,True,0.0,0.0,450070,0,0,-5,5,0,3,0.0,0.0,0,Crysencio,0.0,587,False,Hamstring injury - Expected back 01 Jun,2025-01-11T01:30:09.528172Z,55,450070.jpg,1.7,False,Summerville,0.3,False,,i,19,21,33,49546,6,127722,14,0.0,6.0,Summerville,152.0,2024-08-03,2001-10-30,False,p450070,776,1,1,2,20,0,0,0,2,0,0,2,129,156.4,246.1,186.0,58.7,7,1.61,1.71,3.32,17.58,0,0,0,0,0,0,0,336,153,164,112,179,112,256,132,5.0,,,,,,0.19,0.0,0.2,0.39,2.04,2.32,118,74,778,335,352,166,321,98,0.81,0.23
746,True,True,100.0,100.0,197024,0,0,-2,2,0,3,0.1,0.6,3,Guido,0.6,588,False,,2024-12-27T00:30:09.990636Z,48,197024.jpg,1.5,False,Rodríguez,0.1,False,,a,19,21,32,7421,6,11563,4,0.1,6.7,G.Rodríguez,10.0,2024-08-06,1994-04-12,False,p197024,1079,0,0,4,18,0,0,0,5,0,0,0,175,168.6,62.1,23.0,25.5,15,0.22,0.13,0.35,18.94,0,0,0,0,0,0,0,325,147,340,194,384,204,369,184,,,,,,,0.02,0.0,0.01,0.03,1.58,1.5,291,190,336,158,378,178,519,192,1.25,0.33
747,True,True,100.0,100.0,91889,0,0,-3,3,0,4,1.5,2.0,1,Niclas,2.0,589,False,,2025-01-11T01:30:09.545595Z,67,91889.jpg,2.4,False,Füllkrug,0.8,False,,a,19,21,39,80340,89,419310,100,0.3,5.8,Füllkrug,80.0,2024-08-05,1993-02-09,False,p91889,679,3,2,2,16,0,0,0,2,0,0,3,140,171.2,155.1,181.0,49.4,5,1.96,0.42,2.38,13.19,0,0,0,0,0,0,0,322,30,234,23,182,36,285,33,,,,,,,0.26,0.0,0.06,0.32,1.75,2.12,37,19,192,20,234,29,226,39,0.66,0.27
748,True,True,100.0,100.0,462116,0,0,-3,3,0,2,2.1,2.6,6,Jean-Clair,2.6,591,False,,2025-01-04T22:00:07.950161Z,42,462116.jpg,2.1,False,Todibo,0.3,False,,a,19,21,52,30012,24,54887,27,0.6,12.4,Todibo,73.0,2024-08-10,1999-12-30,False,p462116,1644,0,0,5,30,0,0,0,2,0,0,1,219,316.0,34.8,28.0,37.9,18,0.15,0.05,0.20,27.14,0,0,0,0,0,0,0,219,80,386,135,375,127,315,101,,,,,,,0.01,0.0,0.0,0.01,1.49,1.64,622,156,139,35,265,87,328,126,0.99,0.27
749,True,True,100.0,100.0,518438,0,0,0,0,0,2,-0.5,0.0,0,Kaelan,0.0,643,False,,2024-11-30T22:00:08.284898Z,40,518438.jpg,1.0,False,Casey,0.2,False,,a,19,21,1,27727,4,22413,10,0.0,0.2,Casey,241.0,2022-11-01,2004-10-28,False,p518438,1,0,0,0,0,0,0,0,0,0,0,0,3,2.0,0.0,0.0,0.2,0,0.00,0.00,0.00,0.09,0,0,0,0,0,0,0,536,189,609,219,571,210,540,190,,,,,,,0.0,0.0,0.0,0.0,8.1,0.0,688,198,506,180,459,161,402,144,0.0,0.0
750,True,True,100.0,100.0,224860,0,0,0,0,0,3,0.7,1.2,1,Carlos,1.2,654,False,,2024-12-27T02:00:10.148689Z,50,224860.jpg,1.6,False,Soler,0.0,False,,a,19,21,47,8610,4,7919,4,0.2,9.4,C.Soler,200.0,2024-08-30,1997-01-02,False,p224860,1363,1,1,2,24,0,0,0,5,0,0,2,211,176.4,248.2,165.0,59.0,14,1.73,1.30,3.03,28.07,0,0,0,0,0,0,0,315,142,162,110,197,121,254,130,4.0,,4.0,,,,0.11,0.0,0.09,0.2,1.85,1.58,210,130,275,130,365,172,607,238,0.92,0.13
751,True,True,,,536109,0,0,0,0,0,2,-0.1,0.4,0,Ollie,0.4,677,False,,,40,536109.jpg,1.9,False,Scarles,0.1,False,,a,19,21,27,28913,5,15101,77,0.1,6.8,Scarles,241.0,2022-10-01,2005-12-12,False,p536109,588,0,0,2,8,0,0,0,1,0,0,2,88,92.2,41.8,20.0,15.5,6,0.11,0.17,0.28,9.64,0,0,0,0,0,0,0,391,139,371,127,395,135,406,138,,,,,,,0.02,0.0,0.03,0.05,1.48,1.22,692,201,358,108,299,93,409,147,0.92,0.31
752,True,True,,,602903,0,0,0,0,0,2,-0.5,0.0,0,Ezra,0.0,686,False,,,40,602903.jpg,0.0,False,Mayers,0.0,False,,a,19,21,0,2892,11,2443,9,0.0,0.0,Mayers,241.0,2024-11-29,2007-01-16,False,p602903,0,0,0,0,0,0,0,0,0,0,0,0,0,0.0,0.0,0.0,0.0,0,0.00,0.00,0.00,0.00,0,0,0,0,0,0,0,643,239,631,238,595,231,643,239,,,,,,,0.0,0.0,0.0,0.0,0.0,0.0,717,224,532,203,651,239,637,221,0.0,0.0
753,True,True,,,518442,0,0,0,0,0,3,-0.5,0.0,0,Lewis,0.0,701,False,,,45,518442.jpg,1.0,False,Orford,0.0,False,,a,19,21,2,1690,2,1450,1,0.0,0.4,Orford,241.0,2022-11-01,2006-02-18,False,p518442,47,0,0,0,1,0,0,0,0,0,0,0,13,6.4,27.6,6.0,4.0,0,0.03,0.04,0.07,1.23,0,0,0,0,0,0,0,509,235,402,214,446,228,484,226,,,,,,,0.06,0.0,0.08,0.14,2.36,1.91,433,273,658,253,488,223,733,305,0.0,0.0
754,True,True,,,100046435,0,0,0,0,0,5,3.7,4.2,10,Graham,4.2,750,False,,,5,100046435.jpg,0.0,False,Potter,0.6,False,,a,19,21,74,37678,131,39277,10,8.4,148.0,Potter,241.0,2025-01-09,1975-05-20,False,man46436,0,0,0,0,0,0,0,0,0,0,0,0,0,0.0,0.0,0.0,0.0,0,0.00,0.00,0.00,0.00,3,5,6,1,2,3,15,547,2,524,2,478,2,547,2,,,,,,,0.0,0.0,0.0,0.0,0.0,0.0,798,17,55,14,557,2,657,15,0.0,0.0
755,True,True,0.0,0.0,101982,0,0,-4,4,0,1,0.0,0.0,0,Sam,0.0,204,False,Knock - Unknown return date,2025-04-18T15:30:07.848146Z,41,101982.jpg,1.7,False,Johnstone,0.3,False,,i,20,39,12,55986,9,82219,41,0.0,2.9,Johnstone,241.0,2024-08-30,1993-03-25,False,p101982,630,0,0,0,17,0,0,0,0,0,23,0,42,193.8,10.0,0.0,20.4,7,0.00,0.00,0.00,12.98,0,0,0,0,0,0,0,300,27,456,14,609,48,386,27,,,,,,,0.0,3.29,0.0,0.0,1.85,2.43,626,36,547,69,340,38,329,49,1.0,0.0
756,True,True,100.0,100.0,448514,0,0,6,-6,5,2,6.6,6.6,1,Rayan,6.6,533,False,,2024-12-14T21:30:08.057496Z,51,448514.jpg,3.5,False,Aït-Nouri,15.8,False,,a,20,39,123,3883942,6800,2382188,4468,1.3,24.1,Aït-Nouri,3.0,2021-07-09,2001-06-06,False,p448514,2958,4,7,7,62,0,0,0,5,1,0,13,432,740.2,590.2,408.0,174.1,35,2.64,3.59,6.23,50.31,0,0,0,0,0,0,0,36,14,44,6,71,3,48,6,,,,,,,0.08,0.0,0.11,0.19,1.53,1.89,189,25,12,1,94,16,26,10,1.06,0.21
757,True,True,100.0,100.0,476502,0,0,-2,2,0,3,0.0,0.0,0,Boubacar,0.0,534,False,,2025-01-14T13:30:09.399865Z,48,476502.jpg,1.0,False,Traoré,0.0,False,,a,20,39,1,2251,3,7012,1,0.0,0.2,B.Traore,132.0,2023-07-01,2001-08-20,False,p476502,1,0,0,0,0,0,0,0,0,0,0,0,3,4.0,0.0,0.0,0.4,0,0.00,0.00,0.00,0.00,0,0,0,0,0,0,0,521,240,768,328,757,325,534,246,,,,,,,0.0,0.0,0.0,0.0,0.0,0.0,313,203,728,302,509,235,630,252,0.0,0.0
758,True,True,100.0,100.0,231057,0,0,-1,1,2,3,1.0,1.0,1,Jean-Ricner,1.0,535,False,,2025-04-14T08:30:08.180694Z,49,231057.jpg,2.5,False,Bellegarde,0.2,False,,a,20,39,84,88631,14,75602,138,0.2,17.1,Bellegarde,73.0,2023-09-01,1998-06-27,False,p231057,1574,2,6,6,27,0,0,0,3,0,0,5,303,335.6,401.5,194.0,92.4,19,1.34,2.59,3.93,24.66,0,0,0,0,0,0,0,203,88,92,71,167,105,151,88,,,1.0,,,,0.08,0.0,0.15,0.23,1.41,1.54,259,165,288,138,208,87,372,119,1.09,0.34
759,True,True,,,79602,0,0,-1,1,0,1,1.4,1.4,0,Daniel,1.4,536,False,,,39,79602.jpg,7.0,False,Bentley,1.7,False,,a,20,39,7,154214,214,191210,352,0.4,1.8,Bentley,241.0,2023-01-25,1993-07-13,False,p79602,90,0,0,1,0,0,0,0,0,0,2,1,24,11.4,0.0,0.0,1.1,1,0.00,0.00,0.00,1.32,0,0,0,0,0,0,0,495,42,547,28,502,8,521,42,,,,,,,0.0,2.0,0.0,0.0,1.32,0.0,736,67,246,19,2,1,153,22,1.0,1.0
760,True,False,0.0,0.0,510363,0,0,0,0,0,3,0.0,0.0,0,Francisco Jorge,0.0,537,False,Season long loan to RCD Mallorca,2024-09-01T09:12:21.111329Z,45,510363.jpg,1.0,False,Tomás Oliveira,0.1,False,,u,20,39,1,11572,0,28137,3,0.0,0.2,Chiquinho,,,,False,p510363,6,0,0,0,0,0,0,0,0,0,0,0,4,3.0,14.3,2.0,1.9,0,0.00,0.05,0.05,0.00,0,0,0,0,0,0,0,529,244,434,225,471,237,511,237,,,,,,,0.0,0.0,0.75,0.75,0.0,0.0,427,268,654,249,487,222,512,186,0.0,0.0
761,True,False,0.0,0.0,497606,0,0,0,0,0,3,0.0,0.0,0,Tawanda,0.0,538,False,Loaened to Derby County,2024-08-27T08:37:28.318365Z,45,497606.jpg,0.0,False,Chirewa,0.0,False,,u,20,39,0,1909,0,8966,0,0.0,0.0,Chirewa,239.0,2023-12-01,,False,p497606,0,0,0,0,0,0,0,0,0,0,0,0,0,0.0,0.0,0.0,0.0,0,0.00,0.00,0.00,0.00,0,0,0,0,0,0,0,717,289,714,289,695,281,717,289,,,,,,,0.0,0.0,0.0,0.0,0.0,0.0,420,262,649,245,722,290,650,263,0.0,0.0
762,True,True,0.0,0.0,589507,0,0,-1,1,0,4,0.0,0.0,0,Leon,0.0,539,False,Knee injury - Expected back 01 Jun,2025-02-05T18:30:09.160636Z,44,589507.jpg,0.0,False,Chiwome,1.1,False,,i,20,39,0,584281,80,509928,112,0.0,0.0,Chiwome,241.0,2024-03-08,2006-01-10,False,p589507,0,0,0,0,0,0,0,0,0,0,0,0,0,0.0,0.0,0.0,0.0,0,0.00,0.00,0.00,0.00,0,0,0,0,0,0,0,680,59,675,58,652,59,680,59,,,,,,,0.0,0.0,0.0,0.0,0.0,0.0,550,87,603,48,685,64,195,28,0.0,0.0
763,True,False,0.0,0.0,245923,0,0,0,0,0,3,0.0,0.0,0,Luke,0.0,540,False,Loaned to Millwall,2025-02-03T10:24:24.082682Z,45,245923.jpg,0.0,False,Cundle,0.1,False,,u,20,39,0,33477,0,38091,4,0.0,0.0,Cundle,241.0,2019-07-16,,False,p245923,0,0,0,0,0,0,0,0,0,0,0,0,0,0.0,0.0,0.0,0.0,0,0.00,0.00,0.00,0.00,0,0,0,0,0,0,0,695,270,691,270,672,262,695,270,,,,,,,0.0,0.0,0.0,0.0,0.0,0.0,387,240,624,225,700,271,412,142,0.0,0.0
764,True,True,100.0,100.0,430871,0,0,6,-6,4,4,6.4,6.4,0,Matheus,6.4,541,False,,2025-03-01T21:30:10.092930Z,71,430871.jpg,5.6,False,Santos Carneiro Da Cunha,15.1,False,,a,20,39,175,6994856,12471,5646102,15255,0.9,24.6,Cunha,30.0,2023-07-01,1999-05-27,False,p430871,2483,15,7,7,52,0,0,0,4,0,0,41,822,915.0,804.8,860.0,257.7,28,8.14,5.19,13.33,42.55,0,0,0,0,0,0,0,10,2,15,1,15,8,7,3,1.0,,3.0,,3.0,,0.3,0.0,0.19,0.49,1.54,1.88,27,12,16,2,8,4,28,7,1.01,0.25
765,True,True,100.0,100.0,60232,0,0,-3,3,0,2,0.0,0.0,0,Craig,0.0,542,False,,2025-01-07T00:00:08.842045Z,42,60232.jpg,1.1,False,Dawson,0.1,False,,a,20,39,17,23616,3,33588,9,0.0,4.0,Dawson,241.0,2023-01-22,1990-05-06,False,p60232,969,0,1,1,25,2,0,0,2,0,0,1,57,204.2,31.3,55.0,29.1,10,0.50,0.07,0.57,18.56,0,0,0,0,0,0,0,291,105,394,141,315,99,357,119,,,,,,,0.05,0.0,0.01,0.06,1.72,2.32,601,138,552,217,439,148,439,156,0.93,0.09
766,True,True,100.0,100.0,87835,0,0,-2,2,0,2,2.2,2.2,1,Matt,2.2,543,False,,2025-04-14T08:30:08.200855Z,43,87835.jpg,2.5,False,Doherty,0.3,False,,a,20,39,73,68001,40,56799,104,0.5,17.0,Doherty,104.0,2023-07-20,1992-01-16,False,p87835,2019,2,1,6,37,1,0,0,6,0,0,4,293,483.0,168.4,135.0,78.7,24,1.12,1.24,2.36,31.40,0,0,0,0,0,0,0,139,53,223,54,225,59,188,59,,,,,,,0.05,0.0,0.06,0.11,1.4,1.65,559,110,154,40,202,63,299,114,1.07,0.27
767,True,True,,,220394,0,0,-3,3,0,3,0.0,0.0,0,Tommy,0.0,544,False,,,47,220394.jpg,1.2,False,Doyle,0.0,False,,a,20,39,28,5400,4,7831,5,0.0,6.0,Doyle,241.0,2024-07-01,2001-10-17,False,p220394,474,0,1,0,10,0,0,0,1,0,0,0,128,114.6,101.7,34.0,25.3,3,0.55,0.35,0.90,10.16,0,0,0,0,0,0,0,364,169,284,171,350,188,371,185,,,,,,,0.1,0.0,0.07,0.17,1.93,1.9,328,211,710,291,430,204,589,229,0.57,0.0
768,True,False,0.0,0.0,449988,0,0,0,0,0,4,0.0,0.0,0,Fábio,0.0,545,False,Season long loan to Las Palmas,2024-08-30T20:53:22.805927Z,50,449988.jpg,0.0,False,Silva,0.1,False,,u,20,39,0,7594,0,34154,1,0.0,0.0,Fábio Silva,,,,False,p449988,0,0,0,0,0,0,0,0,0,0,0,0,0,0.0,0.0,0.0,0.0,0,0.00,0.00,0.00,0.00,0,0,0,0,0,0,0,781,79,780,79,774,79,781,79,,,,,,,0.0,0.0,0.0,0.0,0.0,0.0,220,47,751,72,781,80,481,68,0.0,0.0
769,True,False,0.0,0.0,531363,0,0,0,0,0,4,0.0,0.0,0,Nathan,0.0,546,False,Loaned to Zulte Waregem,2024-08-26T10:19:49.301076Z,45,531363.jpg,0.0,False,Fraser,1.0,False,,u,20,39,0,86763,0,537287,34,0.0,0.0,Fraser,104.0,2022-11-05,2005-02-22,False,p531363,0,0,0,0,0,0,0,0,0,0,0,0,0,0.0,0.0,0.0,0.0,0,0.00,0.00,0.00,0.00,0,0,0,0,0,0,0,729,64,725,63,709,64,729,64,,,,,,,0.0,0.0,0.0,0.0,0.0,0.0,441,71,664,54,733,68,210,36,0.0,0.0
770,True,True,0.0,0.0,593001,0,0,-1,1,0,3,0.0,0.0,0,Enso,0.0,547,False,Knee injury - Unknown return date,2024-08-05T15:00:04.514369Z,44,593001.jpg,0.0,False,González,0.0,False,,i,20,39,0,11922,7,12497,6,0.0,0.0,Gonzalez,168.0,2023-08-31,2005-01-20,False,p593001,0,0,0,0,0,0,0,0,0,0,0,0,0,0.0,0.0,0.0,0.0,0,0.00,0.00,0.00,0.00,0,0,0,0,0,0,0,681,265,676,265,654,257,681,265,,,,,,,0.0,0.0,0.0,0.0,0.0,0.0,552,334,605,217,686,266,590,230,0.0,0.0
771,True,True,100.0,100.0,181284,0,0,-2,2,1,3,0.6,0.6,1,Gonçalo Manuel,0.6,548,False,,2025-02-22T21:30:09.805820Z,53,181284.jpg,2.1,False,Ganchinho Guedes,0.1,False,,a,20,39,58,30082,7,33346,14,0.1,10.9,Guedes,173.0,2022-08-08,1996-11-29,False,p181284,825,2,4,3,20,0,0,0,1,0,0,2,175,201.6,170.2,174.0,53.9,8,2.78,0.64,3.42,15.94,0,0,0,0,0,0,0,293,136,222,147,190,118,273,142,,,,,,,0.3,0.0,0.07,0.37,1.74,2.18,146,88,347,166,281,121,470,171,0.87,0.33
772,True,False,0.0,0.0,490721,0,0,0,0,0,2,0.0,0.0,0,Hugo,0.0,549,False,Loaned to Feyenoord,2024-08-14T08:32:21.592368Z,45,490721.jpg,0.0,False,Bueno López,0.0,False,,u,20,39,0,0,0,1841,0,0.0,0.0,H.Bueno,,,,False,p490721,0,0,0,0,0,0,0,0,0,0,0,0,0,0.0,0.0,0.0,0.0,0,0.00,0.00,0.00,0.00,0,0,0,0,0,0,0,710,265,707,264,688,263,710,265,,,,,,,0.0,0.0,0.0,0.0,0.0,0.0,411,71,640,250,715,264,737,249,0.0,0.0
773,True,True,75.0,75.0,184754,0,0,-4,4,0,3,0.3,0.3,0,Hwang,0.4,550,False,Knock - 75% chance of playing,2025-05-09T16:30:08.831398Z,61,184754.jpg,1.8,False,Hee-chan,0.3,False,,d,20,39,36,50648,3,121112,50,0.1,5.9,Hee Chan,114.0,2022-07-01,1996-01-26,False,p184754,637,2,1,0,18,0,0,0,0,0,0,0,126,111.2,72.0,84.0,26.6,5,0.79,0.35,1.14,12.08,0,0,0,0,0,0,0,370,174,323,187,282,158,365,181,,,,,1.0,,0.11,0.0,0.05,0.16,1.71,2.54,70,43,383,180,337,158,331,102,0.71,0.0
774,True,False,0.0,0.0,240299,0,0,0,0,0,3,0.0,0.0,0,Joe,0.0,551,False,Season long to Huddersfield Town,2024-08-29T11:12:19.576028Z,45,240299.jpg,0.0,False,Hodge,0.2,False,,u,20,39,0,17482,0,53948,8,0.0,0.0,Hodge,,,,False,p240299,0,0,0,0,0,0,0,0,0,0,0,0,0,0.0,0.0,0.0,0.0,0,0.00,0.00,0.00,0.00,0,0,0,0,0,0,0,691,267,687,267,668,259,691,267,,,,,,,0.0,0.0,0.0,0.0,0.0,0.0,382,236,619,221,696,268,397,136,0.0,0.0
775,True,False,0.0,0.0,441271,0,0,0,0,0,2,0.0,0.0,0,Ki-Jana,0.0,552,False,Loaned to Auxerre,2024-08-26T10:11:13.033350Z,40,441271.jpg,0.0,False,Hoever,0.1,False,,u,20,39,0,3224,0,26119,0,0.0,0.0,Hoever,,,,False,p441271,0,0,0,0,0,0,0,0,0,0,0,0,0,0.0,0.0,0.0,0.0,0,0.00,0.00,0.00,0.00,0,0,0,0,0,0,0,600,206,587,204,548,194,600,206,,,,,,,0.0,0.0,0.0,0.0,0.0,0.0,661,178,482,163,608,206,463,162,0.0,0.0
776,True,True,100.0,100.0,448089,0,0,-1,1,1,3,2.2,2.2,1,João Victor,2.2,553,False,,2025-01-25T20:30:09.446646Z,49,448089.jpg,2.5,False,Gomes da Silva,0.2,False,,a,20,39,85,192245,17,186101,114,0.4,17.3,J.Gomes,30.0,2023-01-30,2001-02-12,False,p448089,2839,3,1,6,56,0,0,0,8,1,0,7,446,480.6,409.3,221.0,111.1,34,2.77,2.52,5.29,47.49,0,0,0,0,0,0,0,140,52,88,68,147,93,114,68,,,,,,,0.09,0.0,0.08,0.17,1.51,1.78,265,171,162,71,209,88,337,104,1.08,0.19
777,True,True,100.0,100.0,149065,0,0,-1,1,1,1,3.2,3.2,1,José,3.2,554,False,,2025-04-21T04:30:08.014170Z,44,149065.jpg,3.2,False,Malheiro de Sá,3.0,False,,a,20,39,89,493089,335,414343,655,0.7,20.2,José Sá,173.0,2021-07-15,1993-01-17,False,p149065,2520,0,0,7,47,0,2,0,2,0,65,4,283,555.8,20.0,0.0,57.6,28,0.00,0.01,0.01,40.87,0,0,0,0,0,0,0,101,16,420,4,633,60,258,15,,,,,,,0.0,2.32,0.0,0.0,1.46,1.68,499,20,94,9,119,19,113,18,1.0,0.25
778,True,True,0.0,0.0,429414,0,0,-2,2,0,4,0.0,0.0,0,Saša,0.0,555,False,Knee injury - Unknown return date,2024-08-22T10:59:37.463254Z,48,429414.jpg,0.0,False,Kalajdžić,0.0,False,,i,20,39,0,4999,7,12093,4,0.0,0.0,Kalajdžić,14.0,2022-08-31,1997-07-07,False,p429414,0,0,0,0,0,0,0,0,0,0,0,0,0,0.0,0.0,0.0,0.0,0,0.00,0.00,0.00,0.00,0,0,0,0,0,0,0,769,75,767,74,756,75,769,75,,,,,,,0.0,0.0,0.0,0.0,0.0,0.0,308,59,726,68,770,76,587,76,0.0,0.0
779,True,True,,,138001,0,0,0,0,0,1,0.0,0.0,0,Tom,0.0,556,False,,,40,138001.jpg,0.0,False,King,1.2,False,,a,20,39,0,86774,12,108235,76,0.0,0.0,King,244.0,2023-07-03,1995-03-09,False,p138001,0,0,0,0,0,0,0,0,0,0,0,0,0,0.0,0.0,0.0,0.0,0,0.00,0.00,0.00,0.00,0,0,0,0,0,0,0,588,61,571,46,532,27,588,61,,,,,,,0.0,0.0,0.0,0.0,0.0,0.0,641,43,464,49,598,61,183,27,0.0,0.0
780,True,False,0.0,0.0,151086,0,0,-2,2,1,3,0.0,0.0,0,Mario,0.0,557,False,Loaned to Galatasaray,2025-02-06T23:46:06.386435Z,48,151086.jpg,2.8,False,Lemina,0.1,False,,u,20,39,47,105788,0,114904,7,0.0,9.8,Mario Jr.,77.0,2023-01-13,,False,p151086,1363,1,3,1,39,0,0,0,4,0,0,5,252,356.8,166.7,120.0,64.4,15,1.30,0.87,2.17,27.26,0,0,0,0,0,0,0,192,82,226,149,240,135,238,119,,,,,,,0.09,0.0,0.06,0.15,1.8,2.58,285,185,718,295,165,71,431,150,0.99,0.07
781,True,True,0.0,0.0,501837,0,0,-2,2,0,2,0.0,0.0,0,Yerson,0.0,558,False,Knee injury - Expected back 01 Jun,2024-09-21T20:30:06.017799Z,38,501837.jpg,0.6,False,Mosquera,0.7,False,,i,20,39,3,209585,234,198143,239,0.0,0.8,Mosquera,48.0,2021-06-17,2001-05-02,False,p501837,441,0,0,0,12,0,0,0,2,0,0,0,24,110.2,27.3,21.0,16.0,5,0.33,0.03,0.36,5.63,0,0,0,0,0,0,0,371,130,404,144,389,132,401,136,,,,,,,0.07,0.0,0.01,0.08,1.15,2.45,781,266,426,136,544,186,238,93,1.02,0.0
782,True,True,100.0,100.0,200402,0,0,0,0,0,2,3.2,3.2,1,Nélson,3.2,559,False,,2025-01-07T00:00:08.891873Z,45,200402.jpg,2.6,False,Cabral Semedo,0.6,False,,a,20,39,83,170709,144,112894,352,0.7,18.4,N.Semedo,173.0,2020-09-23,1993-11-16,False,p200402,2754,0,4,8,46,0,0,0,7,0,0,0,290,483.4,374.1,139.0,99.8,31,1.00,1.60,2.60,45.68,0,0,0,0,0,0,0,138,52,101,20,221,56,139,35,,,,,,,0.03,0.0,0.05,0.08,1.49,1.5,373,58,95,25,189,57,247,95,1.01,0.26
783,True,True,100.0,100.0,641221,0,0,-1,1,0,2,0.0,0.0,0,Pedro,0.0,561,False,,2025-04-11T14:00:07.039617Z,39,641221.jpg,0.7,False,Cardoso de Lima,1.2,False,,a,20,39,2,140268,14,181406,84,0.0,0.5,Pedro Lima,30.0,2024-07-02,2006-07-01,False,p641221,69,0,0,0,2,0,0,0,0,0,0,0,9,23.4,34.8,11.0,6.9,1,0.06,0.10,0.16,0.77,0,0,0,0,0,0,0,468,170,385,134,423,150,457,159,,,,,,,0.08,0.0,0.13,0.21,1.0,2.61,774,260,458,150,539,184,189,74,1.3,0.0
784,True,False,0.0,0.0,200600,0,0,0,0,0,3,0.0,0.0,0,Daniel,0.0,562,False,Transferred to Al-Shabab,2024-09-05T10:36:18.217223Z,55,200600.jpg,1.0,False,Castelo Podence,0.0,False,,u,20,39,2,1049,0,5153,0,0.0,0.4,Podence,,,,False,p200600,46,0,0,0,2,0,0,0,0,0,0,0,9,3.0,1.1,1.0,0.4,0,0.04,0.01,0.05,0.70,0,0,0,0,0,0,0,531,245,491,241,476,242,535,247,,,,,,,0.08,0.0,0.02,0.1,1.37,3.91,111,69,777,334,517,241,659,270,0.0,0.0
785,True,True,100.0,100.0,483081,0,0,-4,4,0,3,2.0,2.0,1,Rodrigo,2.0,563,False,,2025-02-17T10:00:10.093003Z,51,483081.jpg,1.7,False,Martins Gomes,0.1,False,,a,20,39,39,7313,9,17545,9,0.4,7.6,R.Gomes,173.0,2024-07-01,2003-07-07,False,p483081,690,2,0,1,17,0,0,0,0,0,0,0,170,181.4,177.2,106.0,46.1,6,0.58,0.81,1.39,14.60,0,0,0,0,0,0,0,311,141,217,143,261,149,294,151,,,,,,,0.08,0.0,0.11,0.19,1.9,2.22,190,114,184,80,349,163,502,182,0.78,0.13
786,True,True,100.0,100.0,231480,0,0,-2,2,0,2,1.6,1.6,0,Santiago,1.6,564,False,,2024-11-21T08:30:09.504880Z,43,231480.jpg,1.8,False,Bueno,0.1,False,,a,20,39,51,8159,5,11563,23,0.4,11.9,S.Bueno,230.0,2023-08-31,1998-11-09,False,p231480,1675,0,0,5,34,0,0,0,2,0,0,2,171,338.4,15.8,80.0,43.5,18,0.45,0.10,0.55,29.26,0,0,0,0,0,0,0,202,72,431,152,285,85,297,91,,,,,,,0.02,0.0,0.01,0.03,1.57,1.83,578,125,221,69,322,104,491,171,0.97,0.27
787,True,True,100.0,100.0,88484,0,0,-5,5,1,3,1.8,1.8,1,Pablo,1.8,565,False,,2024-12-06T10:30:08.162176Z,50,88484.jpg,2.2,False,Sarabia,0.1,False,,a,20,39,48,26387,16,36742,113,0.4,9.6,Sarabia,200.0,2023-01-17,1992-05-11,False,p88484,734,3,2,1,14,0,0,0,3,0,0,3,168,210.0,217.0,175.0,60.0,6,2.88,1.85,4.73,14.59,0,0,0,0,0,0,0,288,132,189,128,188,116,250,128,2.0,,2.0,,2.0,,0.35,0.0,0.23,0.58,1.79,1.72,197,120,200,87,254,107,423,145,0.74,0.12
788,True,True,100.0,75.0,247412,0,0,-2,2,2,4,3.0,2.2,1,Jørgen,3.0,566,False,,2025-05-03T08:30:08.030346Z,53,247412.jpg,3.9,False,Strand Larsen,3.2,False,,a,20,39,130,1753302,524,1441856,4451,0.6,24.5,Strand Larsen,161.0,2024-07-02,2000-02-06,False,p247412,2496,13,2,7,49,0,0,0,4,0,0,15,512,575.0,276.7,807.0,165.5,29,9.90,0.98,10.88,42.52,0,0,0,0,0,0,0,84,8,149,16,20,10,57,12,,,,,,,0.36,0.0,0.04,0.4,1.53,1.77,152,40,120,10,53,15,104,19,1.05,0.25
789,True,True,100.0,100.0,510362,0,0,-2,2,1,2,3.4,3.4,1,Toti António,3.4,567,False,,2024-12-30T09:30:07.264222Z,43,510362.jpg,2.7,False,Gomes,0.3,False,,a,20,39,78,70732,64,64931,118,0.8,18.1,Toti,173.0,2022-01-14,1999-01-16,False,p510362,2433,0,1,8,40,0,0,0,6,0,0,8,366,579.6,140.4,98.0,81.9,28,0.73,0.58,1.31,38.47,0,0,0,0,0,0,0,82,32,247,65,267,76,182,56,,,,,,,0.03,0.0,0.02,0.05,1.42,1.48,593,133,89,22,178,53,312,119,1.04,0.3
790,True,True,100.0,100.0,560248,0,0,-1,1,0,2,0.0,0.0,0,Bastien,0.0,637,False,,2024-09-15T23:00:06.387765Z,39,560248.jpg,0.0,False,Meupiyou,0.2,False,,a,20,39,0,43661,39,31188,38,0.0,0.0,Meupiyou,73.0,2024-08-29,2006-03-19,False,p560248,0,0,0,0,0,0,0,0,0,0,0,0,0,0.0,0.0,0.0,0.0,0,0.00,0.00,0.00,0.00,0,0,0,0,0,0,0,583,196,563,193,522,181,583,196,,,,,,,0.0,0.0,0.0,0.0,0.0,0.0,769,256,454,147,593,198,356,135,0.0,0.0
791,True,True,100.0,100.0,509291,0,0,0,0,0,3,2.2,2.2,2,André,2.2,642,False,,2024-12-30T09:30:07.327372Z,50,509291.jpg,1.9,False,Trindade da Costa Neto,0.0,False,,a,20,39,58,8295,7,6861,6,0.4,11.6,André,30.0,2024-08-30,2001-07-16,False,p509291,2337,0,0,7,43,0,0,0,7,0,0,1,415,367.2,258.6,29.0,65.3,29,0.39,0.43,0.82,38.20,0,0,0,0,0,0,0,182,76,155,107,373,201,231,116,,,,,,,0.02,0.0,0.02,0.04,1.47,1.66,228,144,166,75,311,140,594,232,1.12,0.27
792,True,True,100.0,100.0,463212,0,0,-1,1,0,3,0.2,0.2,0,Carlos Roberto,0.2,655,False,,2025-01-25T21:00:11.019183Z,54,463212.jpg,0.9,False,Forbs Borges,0.0,False,,a,20,39,9,4415,5,4529,2,0.0,1.7,Forbs,173.0,2024-08-30,2004-03-19,False,p463212,236,0,0,0,9,0,0,0,2,0,0,0,35,25.8,24.2,35.0,8.3,1,0.15,0.10,0.25,8.09,0,0,0,0,0,0,0,462,213,412,218,349,187,443,212,,,,,,,0.06,0.0,0.04,0.1,3.09,3.43,135,84,417,193,530,249,604,236,0.38,0.0
793,True,True,,,517179,0,0,-1,1,0,2,0.0,0.0,0,Alfie,0.0,664,False,,,39,517179.jpg,1.0,False,Pond,0.7,False,,a,20,39,1,163494,23,103340,112,0.0,0.3,Pond,241.0,2024-09-17,2004-03-01,False,p517179,1,0,0,0,0,0,0,0,0,0,0,0,3,0.0,0.0,0.0,0.0,0,0.00,0.00,0.00,0.00,0,0,0,0,0,0,0,582,195,562,192,521,180,582,195,,,,,,,0.0,0.0,0.0,0.0,0.0,0.0,768,255,453,146,450,154,239,94,0.0,0.0
794,True,True,,,596054,0,0,0,0,0,3,0.0,0.0,0,Tom,0.0,682,False,,,45,596054.jpg,0.0,False,Edozie,0.0,False,,a,20,39,0,4003,8,2995,3,0.0,0.0,Edozie,241.0,2024-11-22,2006-05-18,False,p596054,0,0,0,0,0,0,0,0,0,0,0,0,0,0.0,0.0,0.0,0.0,0,0.00,0.00,0.00,0.00,0,0,0,0,0,0,0,759,321,756,321,739,314,759,321,,,,,,,0.0,0.0,0.0,0.0,0.0,0.0,477,303,696,281,762,322,658,269,0.0,0.0
795,True,True,,,613467,0,0,0,0,0,2,0.0,0.0,0,Wes,0.0,711,False,,,40,613467.jpg,0.0,False,Okoduwa,0.0,False,,a,20,39,0,2074,10,1252,8,0.0,0.0,Okoduwa,241.0,2024-03-02,2008-05-12,False,p613467,0,0,0,0,0,0,0,0,0,0,0,0,0,0.0,0.0,0.0,0.0,0,0.00,0.00,0.00,0.00,0,0,0,0,0,0,0,649,244,637,243,601,236,649,244,,,,,,,0.0,0.0,0.0,0.0,0.0,0.0,724,230,539,209,657,244,665,225,0.0,0.0
796,True,True,100.0,100.0,516939,0,0,0,0,0,2,3.4,3.4,1,Emmanuel,3.4,720,False,,2025-02-17T10:00:10.280621Z,40,516939.jpg,2.7,False,Agbadou,0.4,False,,a,20,39,38,71395,285,26213,179,0.8,9.5,Agbadou,54.0,2025-01-09,1997-06-17,False,p516939,1230,0,0,4,17,0,0,0,2,0,0,1,207,331.6,55.5,32.0,41.9,14,0.29,0.29,0.58,19.94,0,0,0,0,0,0,0,207,73,350,116,357,118,303,94,,,,,,,0.02,0.0,0.02,0.04,1.46,1.24,686,196,86,20,175,51,278,106,1.02,0.29
797,True,True,,,100040854,0,0,0,0,0,5,6.0,6.0,0,Vítor Manuel,6.0,751,False,,,8,100040854.jpg,0.0,False,de Oliveira Lopes Pereira,3.4,False,,a,20,39,100,102415,14,41231,358,7.5,125.0,Pereira,173.0,2024-12-19,1968-07-26,False,man40855,0,0,0,0,0,0,0,0,0,0,0,0,0,0.0,0.0,0.0,0.0,0,0.00,0.00,0.00,0.00,8,1,5,2,0,5,19,552,7,529,7,483,7,552,7,,,,,,,0.0,0.0,0.0,0.0,0.0,0.0,793,12,21,10,562,7,451,7,0.0,0.0
798,True,True,,,531170,0,0,0,0,0,2,0.2,0.2,0,Nasser,0.2,769,False,,,45,531170.jpg,1.0,False,Djiga,0.0,False,,a,20,39,4,1643,5,966,9,0.0,0.9,Djiga,35.0,2025-02-03,2002-11-15,False,p531170,20,0,0,0,0,0,0,0,0,0,0,0,11,3.6,1.2,0.0,0.5,0,0.00,0.00,0.00,0.13,0,0,0,0,0,0,0,523,186,489,179,708,264,532,187,,,,,,,0.0,0.0,0.0,0.0,0.58,0.0,440,74,405,133,490,173,690,236,0.0,0.0
799,True,True,100.0,100.0,433312,0,0,0,0,0,3,3.0,3.0,2,Marshall,3.0,770,False,,2025-03-09T23:00:09.898129Z,50,433312.jpg,3.3,False,Munetsi,0.1,False,,a,20,39,40,33657,22,24346,127,0.6,8.0,Munetsi,239.0,2025-02-03,1996-06-22,False,p433312,968,1,2,5,9,0,0,0,0,0,0,2,101,132.6,110.4,187.0,43.1,11,3.17,0.99,4.15,12.68,0,0,0,0,0,0,0,355,164,273,167,177,110,298,153,,,,,,,0.29,0.0,0.09,0.38,1.18,0.84,216,135,116,47,116,54,474,173,1.02,0.46
800,True,True,,,647671,0,0,0,0,0,4,0.2,0.2,1,Mateus,0.2,784,False,,,45,647671.jpg,1.0,False,Mané,0.0,False,,a,20,39,1,7740,35,3916,19,0.0,0.2,Mané,241.0,2025-02-24,2007-09-16,False,p647671,1,0,0,0,0,0,0,0,0,0,0,0,3,0.0,0.3,0.0,0.0,0,0.00,0.00,0.00,0.00,0,0,0,0,0,0,0,766,74,510,56,749,74,766,74,,,,,,,0.0,0.0,0.0,0.0,0.0,0.0,491,83,407,44,500,56,550,73,0.0,0.0
