,player_id,web_name,team_code,element_type,now_cost,event,points_md,is_captain,multiplier,starting_lineup,selected_by_percent,gw_points
0,478,Sá,39,1,50,11,3.95,False,1,1,6.2,3.95
1,448,Perišić,6,2,55,11,4.1419999999999995,False,1,1,24.2,4.1419999999999995
2,477,Jonny,39,2,44,11,3.8310000000000004,False,1,1,0.8,3.8310000000000004
3,484,Kilman,39,2,45,11,3.734,False,1,1,2.3,3.734
4,13,Saka,3,3,78,11,4.993,False,1,1,12.5,4.993
5,19,Martinelli,3,3,66,11,4.462,False,1,1,47.4,4.462
6,111,Trossard,36,3,68,11,4.43,False,1,1,14.1,4.43
7,261,Maddison,13,3,83,11,4.658,False,1,1,18.8,4.658
8,428,Son,6,3,117,11,5.7170000000000005,False,1,1,10.9,5.7170000000000005
9,318,Haaland,43,4,122,11,5.409,False,1,1,84.3,5.409
10,427,Kane,6,4,114,11,5.8660000000000005,True,2,1,20.1,11.732000000000001
11,324,Ortega,43,1,38,11,0.0,False,0,0,0.5,0.0
12,138,Kenedy,8,2,39,11,0.0,False,0,0,0.3,0.0
13,322,Wilson-Esbrand,43,2,38,11,0.006,False,0,0,0.6,0.0
14,380,Taylor,17,4,43,11,0.002,False,0,0,5.6,0.0
