,player_id,web_name,team_code,element_type,now_cost,event,points_md,is_captain,multiplier,starting_lineup,selected_by_percent,gw_points
0,257,Ederson,43,1,60,8,4.423,False,1,1,10.3,4.423
1,16,Tierney,3,2,49,8,4.158,False,1,1,6.9,4.158
2,224,Matip,14,2,50,8,4.051,False,1,1,3.4,4.051
3,256,Cancelo,43,2,62,8,5.077,False,1,1,17.8,5.077
4,22,Saka,3,3,63,8,4.319,False,1,1,11.3,4.319
5,33,Grealish,43,3,79,8,5.573,False,1,1,17.3,5.573
6,230,Mané,14,3,119,8,5.617000000000001,False,1,1,2.8,5.617000000000001
7,233,Salah,14,3,127,8,6.771,True,2,1,61.1,13.542
8,4,Aubameyang,3,4,99,8,5.461,False,1,1,2.2,5.461
9,315,Pukki,45,4,59,8,4.273,False,1,1,5.0,4.273
10,525,A.Armstrong,20,4,60,8,4.8610000000000015,False,1,1,2.6,4.8610000000000015
11,28,Steer,7,1,40,8,2.81,False,0,0,3.6,0.0
12,39,Targett,7,2,48,8,3.887,False,0,0,2.8,0.0
13,302,Manquillo,4,2,40,8,2.605,False,0,0,9.1,0.0
14,309,S.Longstaff,4,3,45,8,2.63,False,0,0,0.8,0.0
