,player_id,web_name,team_code,element_type,now_cost,event,points_md,is_captain,multiplier,starting_lineup,selected_by_percent,gw_points
0,152,Guaita,31,1,45,14,3.67,False,1,1,3.0,3.67
1,165,Andersen,31,2,45,14,3.84,False,1,1,3.1,3.84
2,284,Robertson,14,2,67,14,4.227,False,1,1,3.9,4.227
3,332,Shaw,1,2,47,14,3.5810000000000004,False,1,1,0.9,3.5810000000000004
4,526,Mee,94,2,45,14,3.7089999999999996,False,1,1,4.1,3.7089999999999996
5,3,Xhaka,3,3,51,14,3.911,False,1,1,3.9,3.911
6,169,Eze,31,3,57,14,3.818,False,1,1,4.8,3.818
7,296,Carvalho,14,3,54,14,3.679,False,1,1,0.5,3.679
8,333,Fernandes,1,3,98,14,4.555,False,1,1,2.4,4.555
9,191,Calvert-Lewin,11,4,79,14,3.835,False,1,1,0.4,3.835
10,356,Wilson,4,4,73,14,4.8180000000000005,True,2,1,2.4,9.636000000000001
11,2,Leno,54,1,45,14,3.6260000000000003,False,0,0,1.6,0.0
12,358,Burn,4,2,45,14,3.57,False,0,0,1.7,0.0
13,195,Gordon,11,3,54,14,3.498,False,0,0,2.2,0.0
14,30,Ings,7,4,66,14,3.471,False,0,0,1.1,0.0
