,player_id,web_name,team_code,element_type,now_cost,event,points_md,is_captain,multiplier,starting_lineup,selected_by_percent,gw_points
0,175,Johnstone,31,1,44,38,3.715,False,1,1,1.0,3.715
1,188,Mina,11,2,43,38,4.0310000000000015,False,1,1,0.1,4.0310000000000015
2,199,Tarkowski,11,2,41,38,3.821,False,1,1,3.6,3.821
3,733,Pedro Porro,6,2,48,38,3.707,False,1,1,1.1,3.707
4,159,J.Ayew,31,3,52,38,4.623,False,1,1,0.4,4.623
5,171,Olise,31,3,53,38,4.505,False,1,1,1.8,4.505
6,261,Maddison,13,3,78,38,4.681,True,2,1,4.4,9.362
7,264,Barnes,13,3,66,38,4.053,False,1,1,1.3,4.053
8,534,McNeil,11,3,51,38,3.9619999999999997,False,1,1,0.7,3.9619999999999997
9,66,Solanke,91,4,56,38,3.887,False,1,1,3.7,3.887
10,95,Mbeumo,94,4,56,38,3.7680000000000002,False,1,1,3.6,3.7680000000000002
11,455,Fabianski,21,1,49,38,3.385,False,0,0,1.2,0.0
12,8,Tierney,3,2,46,38,3.636,False,0,0,0.8,0.0
13,290,Konaté,14,2,49,38,3.647,False,0,0,1.4,0.0
14,345,Martial,1,4,63,38,3.514,False,0,0,3.1,0.0
