,player_id,web_name,team_code,element_type,now_cost,event,points_md,is_captain,multiplier,starting_lineup,selected_by_percent,gw_points
0,175,Johnstone,31,1,44,38,3.64,False,1,1,1.0,3.64
1,199,Tarkowski,11,2,41,38,3.688,False,1,1,3.6,3.688
2,285,Alexander-Arnold,14,2,78,38,4.997,False,1,1,29.4,4.997
3,733,Pedro Porro,6,2,48,38,3.8810000000000002,False,1,1,1.1,3.8810000000000002
4,13,Saka,3,3,80,38,5.954,False,1,1,27.3,5.954
5,283,Salah,14,3,131,38,6.9110000000000005,True,2,1,35.6,13.822000000000001
6,335,Rashford,1,3,72,38,5.5489999999999995,False,1,1,36.2,5.5489999999999995
7,680,Gakpo,14,3,76,38,5.327999999999999,False,1,1,5.2,5.327999999999999
8,28,Jesus,3,4,81,38,5.02,False,1,1,27.8,5.02
9,40,Watkins,7,4,73,38,5.2620000000000005,False,1,1,12.5,5.2620000000000005
10,356,Wilson,4,4,72,38,4.565,False,1,1,17.0,4.565
11,327,De Gea,1,1,51,38,3.721,False,0,0,14.9,0.0
12,10,White,3,2,50,38,4.227,False,0,0,15.3,0.0
13,188,Mina,11,2,43,38,3.89,False,0,0,0.1,0.0
14,169,Eze,31,3,56,38,5.672999999999999,False,0,0,8.4,0.0
