,player_id,web_name,team_code,element_type,now_cost,event,points_md,is_captain,multiplier,starting_lineup,selected_by_percent,gw_points
0,327,De Gea,1,1,51,38,3.8139999999999996,False,1,1,14.9,3.8139999999999996
1,10,White,3,2,50,38,4.178999999999999,False,1,1,15.3,4.178999999999999
2,16,Gabriel,3,2,52,38,4.1530000000000005,False,1,1,12.9,4.1530000000000005
3,285,Alexander-Arnold,14,2,78,38,5.055,False,1,1,29.4,5.055
4,13,Saka,3,3,80,38,5.98,False,1,1,27.3,5.98
5,169,Eze,31,3,56,38,5.803999999999999,False,1,1,8.4,5.803999999999999
6,283,Salah,14,3,131,38,7.119,True,2,1,35.6,14.238
7,335,Rashford,1,3,72,38,5.808,False,1,1,36.2,5.808
8,680,Gakpo,14,3,76,38,5.136,False,1,1,5.2,5.136
9,40,Watkins,7,4,73,38,5.4270000000000005,False,1,1,12.5,5.4270000000000005
10,427,Kane,6,4,114,38,5.204,False,1,1,28.9,5.204
11,175,Johnstone,31,1,44,38,3.715,False,0,0,1.0,0.0
12,343,B.Williams,1,2,37,38,0.0,False,0,0,2.6,0.0
13,622,Larios,20,2,40,38,0.0,False,0,0,0.0,0.0
14,237,Greenwood,2,4,41,38,1.672,False,0,0,11.0,0.0
