,player_id,web_name,team_code,element_type,now_cost,event,points_md,is_captain,multiplier,starting_lineup,selected_by_percent,gw_points
0,281,Alisson,14,1,54,12,4.206,False,1,1,13.4,4.206
1,106,Dunk,36,2,46,12,4.1530000000000005,False,1,1,5.8,4.1530000000000005
2,108,Webster,36,2,45,12,3.889,False,1,1,1.0,3.889
3,357,Trippier,4,2,57,12,4.09,False,1,1,57.6,4.09
4,111,Trossard,36,3,69,12,5.065,False,1,1,19.8,5.065
5,160,Zaha,31,3,75,12,5.157,False,1,1,22.2,5.157
6,283,Salah,14,3,127,12,6.622000000000001,True,2,1,31.4,13.244000000000002
7,428,Son,6,3,118,12,4.705,False,1,1,12.7,4.705
8,66,Solanke,91,4,58,12,4.622,False,1,1,3.4,4.622
9,356,Wilson,4,4,73,12,4.7860000000000005,False,1,1,2.8,4.7860000000000005
10,427,Kane,6,4,114,12,5.28,False,1,1,24.1,5.28
11,324,Ortega,43,1,38,12,0.0,False,0,0,0.9,0.0
12,56,Guilbert,7,2,39,12,0.022000000000000002,False,0,0,0.8,0.0
13,322,Wilson-Esbrand,43,2,38,12,0.0,False,0,0,1.1,0.0
14,381,Colback,17,3,43,12,0.054000000000000006,False,0,0,0.9,0.0
