,player_id,web_name,team_code,element_type,now_cost,event,points_md,is_captain,multiplier,starting_lineup,selected_by_percent,gw_points
0,152,Guaita,31,1,45,12,3.645,False,1,1,2.8,3.645
1,108,Webster,36,2,45,12,4.178999999999999,False,1,1,1.0,4.178999999999999
2,165,Andersen,31,2,45,12,3.719,False,1,1,3.0,3.719
3,284,Robertson,14,2,67,12,3.747,False,1,1,3.6,3.747
4,70,Billing,91,3,53,12,4.457,False,1,1,1.4,4.457
5,264,Barnes,13,3,69,12,4.438,False,1,1,1.6,4.438
6,296,Carvalho,14,3,54,12,3.96,False,1,1,0.4,3.96
7,374,Bruno Guimarães,4,3,57,12,3.7430000000000003,False,1,1,4.3,3.7430000000000003
8,66,Solanke,91,4,58,12,4.663,False,1,1,3.1,4.663
9,103,Welbeck,36,4,65,12,4.382,False,1,1,1.7,4.382
10,356,Wilson,4,4,73,12,4.8180000000000005,True,2,1,2.6,9.636000000000001
11,574,Neto,91,1,45,12,3.5989999999999998,False,0,0,0.4,0.0
12,358,Burn,4,2,45,12,3.398,False,0,0,1.6,0.0
13,586,Estupiñán,36,2,45,12,3.355,False,0,0,0.6,0.0
14,333,Fernandes,1,3,98,12,3.713,False,0,0,2.1,0.0
