,player_id,web_name,team_code,element_type,now_cost,event,points_md,is_captain,multiplier,starting_lineup,selected_by_percent,gw_points
0,548,Mendy,8,1,51,21,4.307,False,1,1,6.7,4.307
1,156,Keane,11,2,51,21,4.151,False,1,1,5.2,4.151
2,232,Chilwell,8,2,61,21,4.582,False,1,1,22.7,4.582
3,273,Stones,43,2,51,21,5.086,False,1,1,18.0,5.086
4,231,Maddison,13,3,72,21,4.316,False,1,1,12.0,4.316
5,235,Barnes,13,3,68,21,4.1160000000000005,False,1,1,5.6,4.1160000000000005
6,276,Sterling,43,3,115,21,6.146,True,2,1,9.6,12.292
7,557,Lookman,54,3,50,21,3.207,False,1,1,1.4,3.207
8,164,Calvert-Lewin,11,4,76,21,4.799,False,1,1,27.3,4.799
9,233,Iheanacho,13,4,56,21,4.585,False,1,1,0.3,4.585
10,514,Watkins,7,4,61,21,4.23,False,1,1,12.4,4.23
11,157,Pickford,11,1,48,21,4.2189999999999985,False,0,0,5.6,0.0
12,490,Thiago Silva,8,2,56,21,4.347,False,0,0,4.0,0.0
13,556,Dias,43,2,59,21,5.164,False,0,0,15.2,0.0
14,254,Salah,14,3,125,21,5.723,False,0,0,37.6,0.0
