,player_id,web_name,team_code,element_type,now_cost,event,points_md,is_captain,multiplier,starting_lineup,selected_by_percent,gw_points
0,307,Ederson,43,1,54,17,3.968,False,1,1,13.8,3.968
1,16,Gabriel,3,2,52,17,4.073,False,1,1,13.6,4.073
2,112,Cucurella,8,2,51,17,4.805,False,1,1,7.5,4.805
3,285,Alexander-Arnold,14,2,72,17,4.395,False,1,1,18.4,4.395
4,332,Shaw,1,2,48,17,4.393,False,1,1,2.2,4.393
5,533,Martínez,1,2,45,17,4.39,False,1,1,7.3,4.39
6,111,Trossard,36,3,71,17,4.7810000000000015,False,1,1,27.9,4.7810000000000015
7,142,Mount,8,3,75,17,4.96,False,1,1,6.4,4.96
8,80,Toney,94,4,74,17,4.4460000000000015,False,1,1,18.6,4.4460000000000015
9,318,Haaland,43,4,122,17,6.4579999999999975,True,2,1,82.7,12.915999999999995
10,345,Martial,1,4,67,17,4.944,False,1,1,2.0,4.944
11,182,Pickford,11,1,45,17,3.9,False,0,0,6.0,0.0
12,13,Saka,3,3,80,17,5.579,False,0,0,17.1,0.0
13,19,Martinelli,3,3,68,17,4.771,False,0,0,48.4,0.0
14,160,Zaha,31,3,75,17,5.699,False,0,0,19.1,0.0
