,player_id,web_name,team_code,element_type,now_cost,event,points_md,is_captain,multiplier,starting_lineup,selected_by_percent,gw_points
0,307,Ederson,43,1,54,17,4.053999999999999,False,1,1,13.8,4.053999999999999
1,16,Gabriel,3,2,52,17,4.513,False,1,1,13.6,4.513
2,112,Cucurella,8,2,51,17,4.735,False,1,1,7.5,4.735
3,285,Alexander-Arnold,14,2,72,17,4.529,False,1,1,18.4,4.529
4,342,Dalot,1,2,48,17,4.287,False,1,1,12.4,4.287
5,533,Martínez,1,2,45,17,4.315,False,1,1,7.3,4.315
6,13,Saka,3,3,80,17,5.566,False,1,1,17.1,5.566
7,19,Martinelli,3,3,68,17,4.726,False,1,1,48.4,4.726
8,111,Trossard,36,3,71,17,4.5760000000000005,False,1,1,27.9,4.5760000000000005
9,160,Zaha,31,3,75,17,5.5729999999999995,False,1,1,19.1,5.5729999999999995
10,318,Haaland,43,4,122,17,6.813,True,2,1,82.7,13.626
11,182,Pickford,11,1,45,17,3.9,False,0,0,6.0,0.0
12,142,Mount,8,3,75,17,4.814,False,0,0,6.4,0.0
13,345,Martial,1,4,67,17,5.112,False,0,0,2.0,0.0
14,356,Wilson,4,4,74,17,4.373,False,0,0,8.8,0.0
