,player_id,web_name,team_code,element_type,now_cost,event,points_md,is_captain,multiplier,starting_lineup,selected_by_percent,gw_points
0,307,Ederson,43,1,54,17,4.053999999999999,False,1,1,13.8,4.053999999999999
1,16,Gabriel,3,2,52,17,4.513,False,1,1,13.6,4.513
2,112,Cucurella,8,2,51,17,4.735,False,1,1,7.5,4.735
3,533,Martínez,1,2,45,17,4.315,False,1,1,7.3,4.315
4,13,Saka,3,3,80,17,5.566,False,1,1,17.1,5.566
5,19,Martinelli,3,3,68,17,4.726,False,1,1,48.4,4.726
6,142,Mount,8,3,75,17,4.814,False,1,1,6.4,4.814
7,160,Zaha,31,3,75,17,5.5729999999999995,False,1,1,19.1,5.5729999999999995
8,283,Salah,14,3,128,17,5.803,False,1,1,32.2,5.803
9,318,Haaland,43,4,122,17,6.813,True,2,1,82.7,13.626
10,345,Martial,1,4,67,17,5.112,False,1,1,2.0,5.112
11,254,Ward,13,1,41,17,3.4610000000000003,False,0,0,28.5,0.0
12,197,Patterson,11,2,40,17,2.733,False,0,0,4.3,0.0
13,342,Dalot,1,2,48,17,4.287,False,0,0,12.4,0.0
14,166,Edouard,31,4,53,17,4.0360000000000005,False,0,0,2.7,0.0
