,player_id,web_name,team_code,element_type,now_cost,event,points_md,is_captain,multiplier,starting_lineup,selected_by_percent,gw_points
0,102,Steele,36,1,39,29,7.3889999999999985,False,1,1,1.7,7.3889999999999985
1,106,Dunk,36,2,47,29,6.922999999999999,False,1,1,4.9,6.922999999999999
2,461,Zouma,21,2,44,29,6.3260000000000005,False,1,1,1.0,6.3260000000000005
3,559,Colwill,36,2,44,29,6.8610000000000015,False,1,1,0.1,6.8610000000000015
4,264,Barnes,13,3,67,29,6.817,False,1,1,2.0,6.817
5,465,Bowen,21,3,80,29,7.782999999999999,False,1,1,2.9,7.782999999999999
6,493,Gibbs-White,17,3,55,29,7.077000000000001,False,1,1,0.7,7.077000000000001
7,609,Antony,1,3,73,29,7.297999999999999,False,1,1,2.8,7.297999999999999
8,66,Solanke,91,4,55,29,7.8889999999999985,True,2,1,2.0,15.777999999999997
9,594,Isak,4,4,67,29,7.564999999999999,False,1,1,4.2,7.564999999999999
10,690,João Félix,8,4,76,29,7.391999999999999,False,1,1,3.8,7.391999999999999
11,574,Neto,91,1,45,29,6.865,False,0,0,0.4,0.0
12,358,Burn,4,2,45,29,5.996,False,0,0,4.0,0.0
13,472,Aguerd,21,2,48,29,5.9060000000000015,False,0,0,0.2,0.0
14,680,Gakpo,14,3,77,29,6.46,False,0,0,4.0,0.0
