,player_id,web_name,team_code,element_type,now_cost,event,points_md,is_captain,multiplier,starting_lineup,selected_by_percent,gw_points
0,307,Ederson,43,1,54,15,4.391,False,1,1,13.7,4.391
1,306,Cancelo,43,2,74,15,4.603,False,1,1,56.1,4.603
2,357,Trippier,4,2,58,15,3.7939999999999996,False,1,1,61.5,3.7939999999999996
3,461,Zouma,21,2,45,15,3.667,False,1,1,2.0,3.667
4,111,Trossard,36,3,69,15,4.343999999999999,False,1,1,19.9,4.343999999999999
5,261,Maddison,13,3,82,15,4.144,False,1,1,8.7,4.144
6,283,Salah,14,3,128,15,5.285,False,1,1,31.4,5.285
7,301,De Bruyne,43,3,124,15,6.651,True,2,1,32.7,13.302
8,335,Rashford,1,3,66,15,4.643,False,1,1,16.2,4.643
9,356,Wilson,4,4,74,15,4.757,False,1,1,5.8,4.757
10,529,Scamacca,21,4,67,15,4.008,False,1,1,1.8,4.008
11,236,Klaesson,2,1,39,15,0.0,False,0,0,0.6,0.0
12,56,Guilbert,7,2,39,15,0.0,False,0,0,0.8,0.0
13,328,Jones,1,2,39,15,0.0,False,0,0,0.7,0.0
14,237,Greenwood,2,4,42,15,0.45799999999999996,False,0,0,9.5,0.0
