,player_id,web_name,team_code,element_type,now_cost,event,points_md,is_captain,multiplier,starting_lineup,selected_by_percent,gw_points
0,170,Pickford,11,1,49,31,6.722,False,1,1,4.4,6.722
1,59,Dunk,36,2,48,31,4.527,False,1,1,2.1,4.527
2,224,Matip,14,2,49,31,5.188,False,1,1,4.2,5.188
3,414,Dawson,21,2,49,31,4.3580000000000005,False,1,1,1.2,4.3580000000000005
4,118,McNeil,90,3,56,31,5.6389999999999985,False,1,1,0.3,5.6389999999999985
5,230,Mané,14,3,117,31,6.466,False,1,1,3.6,6.466
6,503,Gordon,11,3,45,31,5.603,False,1,1,2.4,5.603
7,575,Lennon,90,3,48,31,5.465,False,1,1,0.1,5.465
8,696,Luis Díaz,14,3,81,31,4.372,False,1,1,2.6,4.372
9,177,Calvert-Lewin,11,4,77,31,5.322,False,1,1,3.3,5.322
10,700,Weghorst,90,4,64,31,7.5299999999999985,True,2,1,4.8,15.059999999999997
11,408,Fabianski,21,1,50,31,3.89,False,0,0,2.7,0.0
12,71,Lamptey,36,2,45,31,4.227,False,0,0,2.2,0.0
13,584,Cucurella,36,2,50,31,4.244,False,0,0,2.7,0.0
14,583,Hwang,39,4,54,31,3.5980000000000003,False,0,0,4.6,0.0
