,player_id,web_name,team_code,element_type,now_cost,event,points_md,is_captain,multiplier,starting_lineup,selected_by_percent,gw_points
0,559,Ramsdale,3,1,46,8,3.624,False,1,1,4.7,3.624
1,39,Targett,7,2,48,8,3.906,False,1,1,2.8,3.906
2,224,Matip,14,2,50,8,4.084,False,1,1,3.4,4.084
3,234,Robertson,14,2,70,8,4.27,False,1,1,2.1,4.27
4,17,Pépé,3,3,71,8,4.622,False,1,1,1.1,4.622
5,230,Mané,14,3,119,8,5.6389999999999985,False,1,1,2.8,5.6389999999999985
6,251,De Bruyne,43,3,119,8,5.896,True,2,1,2.0,11.792
7,265,Foden,43,3,79,8,4.6960000000000015,False,1,1,1.9,4.6960000000000015
8,4,Aubameyang,3,4,99,8,5.465,False,1,1,2.3,5.465
9,315,Pukki,45,4,59,8,4.351,False,1,1,5.0,4.351
10,525,A.Armstrong,20,4,60,8,4.867,False,1,1,2.6,4.867
11,334,McCarthy,20,1,45,8,3.502,False,0,0,2.1,0.0
12,36,Hause,7,2,44,8,2.9410000000000003,False,0,0,0.3,0.0
13,326,Aarons,45,2,44,8,2.912,False,0,0,1.4,0.0
14,309,S.Longstaff,4,3,45,8,2.653,False,0,0,0.8,0.0
