,player_id,web_name,team_code,element_type,now_cost,event,points_md,is_captain,multiplier,starting_lineup,selected_by_percent,gw_points
0,559,Ramsdale,3,1,46,8,3.706,False,1,1,4.7,3.706
1,16,Tierney,3,2,49,8,4.083,False,1,1,6.9,4.083
2,249,Walker,43,2,55,8,4.555,False,1,1,6.9,4.555
3,256,Cancelo,43,2,62,8,5.0280000000000005,False,1,1,18.0,5.0280000000000005
4,33,Grealish,43,3,79,8,5.739,False,1,1,17.3,5.739
5,230,Mané,14,3,119,8,5.589,False,1,1,2.8,5.589
6,233,Salah,14,3,127,8,6.807,True,2,1,61.2,13.614
7,359,Son,6,3,101,8,5.292000000000002,False,1,1,13.2,5.292000000000002
8,315,Pukki,45,4,59,8,4.32,False,1,1,5.0,4.32
9,337,Ings,7,4,79,8,4.629,False,1,1,16.5,4.629
10,525,A.Armstrong,20,4,60,8,4.823,False,1,1,2.6,4.823
11,509,Heaton,1,1,40,8,0.0,False,0,0,0.5,0.0
12,87,Goode,94,2,39,8,0.024,False,0,0,2.1,0.0
13,151,Kelly,31,2,39,8,0.031,False,0,0,1.0,0.0
14,601,McKinstry,2,3,44,8,0.0,False,0,0,0.1,0.0
