,player_id,web_name,team_code,element_type,now_cost,event,points_md,is_captain,multiplier,starting_lineup,selected_by_percent,gw_points
0,69,Sánchez,36,1,46,8,3.686,False,1,1,24.1,3.686
1,16,Tierney,3,2,49,8,4.0939999999999985,False,1,1,6.9,4.0939999999999985
2,256,Cancelo,43,2,62,8,5.035,False,1,1,17.9,5.035
3,262,Dias,43,2,61,8,4.606,False,1,1,28.3,4.606
4,17,Pépé,3,3,71,8,4.622,False,1,1,1.1,4.622
5,33,Grealish,43,3,79,8,5.638,False,1,1,17.3,5.638
6,230,Mané,14,3,119,8,5.6389999999999985,False,1,1,2.8,5.6389999999999985
7,233,Salah,14,3,127,8,6.81,True,2,1,61.2,13.62
8,4,Aubameyang,3,4,99,8,5.465,False,1,1,2.3,5.465
9,315,Pukki,45,4,59,8,4.351,False,1,1,5.0,4.351
10,525,A.Armstrong,20,4,60,8,4.867,False,1,1,2.6,4.867
11,509,Heaton,1,1,40,8,0.0,False,0,0,0.5,0.0
12,87,Goode,94,2,39,8,0.024,False,0,0,2.1,0.0
13,151,Kelly,31,2,39,8,0.03,False,0,0,1.0,0.0
14,115,Brownhill,90,3,44,8,2.138,False,0,0,3.1,0.0
