,player_id,web_name,team_code,element_type,now_cost,event,points_md,is_captain,multiplier,starting_lineup,selected_by_percent,gw_points
0,257,Ederson,43,1,60,17,4.261,False,1,1,9.4,4.261
1,127,Rüdiger,8,2,61,17,4.618,False,1,1,22.0,4.618
2,142,James,8,2,63,17,5.113,False,1,1,36.0,5.113
3,234,Robertson,14,2,70,17,5.167000000000002,False,1,1,2.7,5.167000000000002
4,237,Alexander-Arnold,14,2,81,17,6.697,False,1,1,40.7,6.697
5,256,Cancelo,43,2,68,17,4.802,False,1,1,39.6,4.802
6,138,Mount,8,3,75,17,4.876,False,1,1,18.1,4.876
7,233,Salah,14,3,131,17,8.837,True,2,1,73.2,17.674
8,250,Gündogan,43,3,73,17,4.829,False,1,1,4.1,4.829
9,109,Wood,90,4,67,17,4.605,False,1,1,1.3,4.605
10,315,Pukki,45,4,59,17,4.444,False,1,1,5.9,4.444
11,69,Sánchez,36,1,46,17,3.74,False,0,0,18.2,0.0
12,70,Bissouma,36,3,44,17,2.6710000000000003,False,0,0,9.3,0.0
13,115,Brownhill,90,3,44,17,2.89,False,0,0,3.7,0.0
14,468,King,57,4,58,17,3.916,False,0,0,7.8,0.0
