,player_id,web_name,team_code,element_type,now_cost,event,points_md,is_captain,multiplier,starting_lineup,selected_by_percent,gw_points
0,69,Sánchez,36,1,46,17,3.74,False,1,1,18.2,3.74
1,122,Alonso,8,2,57,17,4.61,False,1,1,10.2,4.61
2,142,James,8,2,63,17,5.3870000000000005,False,1,1,35.9,5.3870000000000005
3,234,Robertson,14,2,70,17,5.215,False,1,1,2.6,5.215
4,237,Alexander-Arnold,14,2,81,17,6.635,False,1,1,40.7,6.635
5,138,Mount,8,3,75,17,5.237,False,1,1,18.0,5.237
6,233,Salah,14,3,131,17,8.381,True,2,1,73.2,16.762
7,251,De Bruyne,43,3,118,17,6.152,False,1,1,1.6,6.152
8,63,Maupay,36,4,63,17,4.398,False,1,1,3.4,4.398
9,109,Wood,90,4,67,17,4.593,False,1,1,1.3,4.593
10,315,Pukki,45,4,59,17,4.45,False,1,1,5.9,4.45
11,389,Bachmann,57,1,42,17,3.3680000000000003,False,0,0,1.9,0.0
12,290,Williams,45,2,39,17,2.545,False,0,0,5.0,0.0
13,70,Bissouma,36,3,44,17,2.669,False,0,0,9.3,0.0
14,115,Brownhill,90,3,44,17,2.854,False,0,0,3.7,0.0
