,player_id,web_name,team_code,element_type,now_cost,event,points_md,is_captain,multiplier,starting_lineup,selected_by_percent,gw_points
0,257,Ederson,43,1,60,17,4.261,False,1,1,9.4,4.261
1,122,Alonso,8,2,57,17,4.61,False,1,1,10.2,4.61
2,142,James,8,2,63,17,5.3870000000000005,False,1,1,35.9,5.3870000000000005
3,234,Robertson,14,2,70,17,5.215,False,1,1,2.6,5.215
4,237,Alexander-Arnold,14,2,81,17,6.635,False,1,1,40.7,6.635
5,96,Mbeumo,94,3,55,17,4.231,False,1,1,3.0,4.231
6,138,Mount,8,3,75,17,5.237,False,1,1,18.0,5.237
7,233,Salah,14,3,131,17,8.381,True,2,1,73.2,16.762
8,251,De Bruyne,43,3,118,17,6.152,False,1,1,1.6,6.152
9,109,Wood,90,4,67,17,4.593,False,1,1,1.3,4.593
10,315,Pukki,45,4,59,17,4.45,False,1,1,5.9,4.45
11,593,Carson,43,1,39,17,0.0,False,0,0,1.8,0.0
12,208,Amartey,13,2,38,17,0.157,False,0,0,9.2,0.0
13,203,Mendy,13,3,43,17,0.0,False,0,0,1.3,0.0
14,595,Locadia,36,4,44,17,0.586,False,0,0,2.0,0.0
