,player_id,web_name,team_code,element_type,now_cost,event,points_md,is_captain,multiplier,starting_lineup,selected_by_percent,gw_points
0,200,Schmeichel,13,1,49,36,7.825,False,1,1,16.6,7.825
1,234,Robertson,14,2,73,36,9.468,False,1,1,11.7,9.468
2,237,Alexander-Arnold,14,2,84,36,10.707,False,1,1,38.8,10.707
3,262,Dias,43,2,61,36,9.646,False,1,1,16.9,9.646
4,22,Saka,3,3,67,36,10.46,False,1,1,29.4,10.46
5,233,Salah,14,3,133,36,13.228,True,2,1,59.0,26.456
6,251,De Bruyne,43,3,119,36,11.123,False,1,1,10.4,11.123
7,265,Foden,43,3,78,36,9.455,False,1,1,7.0,9.455
8,503,Gordon,11,3,46,36,7.693,False,1,1,3.7,7.693
9,20,Nketiah,3,4,55,36,8.135,False,1,1,4.9,8.135
10,180,Richarlison,11,4,75,36,8.613999999999999,False,1,1,6.8,8.613999999999999
11,313,McGovern,45,1,39,36,0.0,False,0,0,1.2,0.0
12,151,Kelly,31,2,38,36,0.016,False,0,0,2.1,0.0
13,443,Hoever,39,2,39,36,0.823,False,0,0,1.6,0.0
14,595,Locadia,36,4,44,36,0.0,False,0,0,0.9,0.0
