,player_id,web_name,team_code,element_type,now_cost,event,points_md,is_captain,multiplier,starting_lineup,selected_by_percent,gw_points
0,31,Martínez,7,1,49,28,3.864,False,1,1,4.5,3.864
1,85,Henry,94,2,45,28,3.51,False,1,1,4.3,3.51
2,139,Chilwell,8,2,59,28,4.2589999999999995,True,2,1,4.1,8.517999999999999
3,358,Burn,4,2,45,28,3.568,False,1,1,3.7,3.568
4,459,Dawson,39,2,48,28,3.73,False,1,1,0.9,3.73
5,42,Buendía,7,3,57,28,4.048,False,1,1,0.6,4.048
6,368,Saint-Maximin,4,3,61,28,3.565,False,1,1,3.2,3.565
7,480,Neves,39,3,54,28,3.7289999999999996,False,1,1,2.4,3.7289999999999996
8,95,Mbeumo,94,4,59,28,4.037,False,1,1,4.9,4.037
9,145,Havertz,8,4,75,28,3.795,False,1,1,4.1,3.795
10,690,João Félix,8,4,76,28,4.231,False,1,1,3.1,4.231
11,426,Forster,6,1,39,28,3.698,False,0,0,4.2,0.0
12,92,Pinnock,94,2,44,28,3.37,False,0,0,1.3,0.0
13,37,McGinn,7,3,51,28,3.505,False,0,0,0.5,0.0
14,493,Gibbs-White,17,3,55,28,3.391,False,0,0,0.5,0.0
