,player_id,web_name,team_code,element_type,now_cost,event,points_md,is_captain,multiplier,starting_lineup,selected_by_percent,gw_points
0,307,Ederson,43,1,54,16,4.3580000000000005,False,1,1,14.0,4.3580000000000005
1,10,White,3,2,46,16,3.73,False,1,1,8.9,3.73
2,16,Gabriel,3,2,51,16,4.6560000000000015,False,1,1,11.5,4.6560000000000015
3,285,Alexander-Arnold,14,2,72,16,5.705,False,1,1,18.8,5.705
4,290,Konaté,14,2,48,16,3.963,False,1,1,0.5,3.963
5,104,Groß,36,3,56,16,4.382,False,1,1,13.9,4.382
6,111,Trossard,36,3,71,16,5.267,False,1,1,27.1,5.267
7,160,Zaha,31,3,75,16,5.519,False,1,1,20.2,5.519
8,283,Salah,14,3,127,16,8.128,True,2,1,30.7,16.256
9,318,Haaland,43,4,122,16,7.657999999999999,False,1,1,81.4,7.657999999999999
10,427,Kane,6,4,116,16,6.843,False,1,1,25.6,6.843
11,324,Ortega,43,1,38,16,0.063,False,0,0,0.7,0.0
12,343,B.Williams,1,2,38,16,0.0,False,0,0,1.5,0.0
13,381,Colback,17,3,42,16,0.363,False,0,0,0.7,0.0
14,380,Taylor,17,4,42,16,0.0,False,0,0,4.9,0.0
