,player_id,web_name,team_code,element_type,now_cost,event,points_md,is_captain,multiplier,starting_lineup,selected_by_percent,gw_points
0,455,Fabianski,21,1,50,16,3.722,False,1,1,1.3,3.722
1,284,Robertson,14,2,67,16,4.685,True,2,1,4.0,9.37
2,290,Konaté,14,2,48,16,3.963,False,1,1,0.5,3.963
3,436,R.Sessegnon,6,2,45,16,3.7260000000000004,False,1,1,1.0,3.7260000000000004
4,513,Lenglet,6,2,48,16,3.699,False,1,1,0.3,3.699
5,169,Eze,31,3,57,16,3.9760000000000004,False,1,1,4.4,3.9760000000000004
6,195,Gordon,11,3,54,16,3.763,False,1,1,2.0,3.763
7,305,Grealish,43,3,68,16,3.989,False,1,1,1.1,3.989
8,333,Fernandes,1,3,98,16,4.177,False,1,1,2.0,4.177
9,465,Bowen,21,3,81,16,3.9789999999999996,False,1,1,3.5,3.9789999999999996
10,529,Scamacca,21,4,67,16,4.002,False,1,1,2.1,4.002
11,152,Guaita,31,1,45,16,3.612,False,0,0,3.2,0.0
12,165,Andersen,31,2,45,16,3.4130000000000003,False,0,0,3.1,0.0
13,110,Maupay,11,4,61,16,3.265,False,0,0,0.6,0.0
14,345,Martial,1,4,67,16,3.488,False,0,0,0.7,0.0
