,player_id,web_name,team_code,element_type,now_cost,event,points_md,is_captain,multiplier,starting_lineup,selected_by_percent,gw_points
0,175,Johnstone,31,1,44,36,3.59,False,1,1,1.0,3.59
1,167,Guéhi,31,2,45,36,3.516,False,1,1,2.3,3.516
2,337,Lindelöf,1,2,41,36,3.5210000000000004,False,1,1,0.7,3.5210000000000004
3,358,Burn,4,2,45,36,5.997000000000001,False,1,1,4.2,5.997000000000001
4,120,Caicedo,36,3,50,36,4.478,False,1,1,0.4,4.478
5,159,J.Ayew,31,3,52,36,4.3660000000000005,False,1,1,0.4,4.3660000000000005
6,373,Willock,4,3,47,36,6.274,True,2,1,1.4,12.548
7,374,Bruno Guimarães,4,3,55,36,6.184,False,1,1,2.8,6.184
8,679,Buonanotte,36,3,45,36,4.083,False,1,1,0.0,4.083
9,66,Solanke,91,4,57,36,3.906,False,1,1,4.3,3.906
10,103,Welbeck,36,4,65,36,4.002,False,1,1,2.0,4.002
11,2,Leno,54,1,46,36,3.551,False,0,0,3.5,0.0
12,92,Pinnock,94,2,44,36,3.483,False,0,0,1.0,0.0
13,610,Akanji,43,2,50,36,3.426,False,0,0,3.6,0.0
14,145,Havertz,8,4,74,36,3.563,False,0,0,3.1,0.0
