,player_id,web_name,team_code,element_type,now_cost,event,points_md,is_captain,multiplier,starting_lineup,selected_by_percent,gw_points
0,8,Leno,3,1,50,31,4.314,False,1,1,6.7,4.314
1,102,Azpilicueta,8,2,59,31,4.383,False,1,1,8.3,4.383
2,123,James,8,2,50,31,4.48,False,1,1,6.4,4.48
3,255,Robertson,14,2,71,31,4.837,False,1,1,13.3,4.837
4,259,Alexander-Arnold,14,2,73,31,4.923,False,1,1,13.5,4.923
5,4,Aubameyang,3,3,114,31,5.096,False,1,1,9.4,5.096
6,120,Mount,8,3,71,31,4.523,False,1,1,16.7,4.523
7,254,Salah,14,3,124,31,6.537000000000001,True,2,1,29.4,13.074000000000002
8,275,Mahrez,43,3,82,31,4.6560000000000015,False,1,1,7.6,4.6560000000000015
9,6,Lacazette,3,4,82,31,4.419,False,1,1,6.0,4.419
10,91,Wood,90,4,62,31,4.338,False,1,1,1.0,4.338
11,528,Steele,36,1,39,31,0.0,False,0,0,0.7,0.0
12,196,Douglas,2,2,38,31,0.0,False,0,0,3.0,0.0
13,424,Burke,49,3,41,31,1.659,False,0,0,1.7,0.0
14,50,Davis,7,4,42,31,0.224,False,0,0,7.7,0.0
