,player_id,web_name,team_code,element_type,now_cost,event,points_md,is_captain,multiplier,starting_lineup,selected_by_percent,gw_points
0,112,Pope,90,1,54,31,6.888,False,1,1,3.1,6.888
1,224,Matip,14,2,49,31,5.2139999999999995,False,1,1,3.9,5.2139999999999995
2,234,Robertson,14,2,72,31,6.18,False,1,1,8.8,6.18
3,585,Roberts,90,2,44,31,5.272,False,1,1,0.4,5.272
4,138,Mount,8,3,75,31,5.545,False,1,1,13.8,5.545
5,233,Salah,14,3,133,31,8.926,True,2,1,60.0,17.852
6,484,Gray,11,3,55,31,5.61,False,1,1,5.0,5.61
7,503,Gordon,11,3,45,31,5.511,False,1,1,2.3,5.511
8,180,Richarlison,11,4,75,31,6.392,False,1,1,5.0,6.392
9,357,Kane,6,4,125,31,5.99,False,1,1,23.0,5.99
10,700,Weghorst,90,4,64,31,7.7040000000000015,False,1,1,4.4,7.7040000000000015
11,69,Sánchez,36,1,46,31,4.027,False,0,0,16.0,0.0
12,59,Dunk,36,2,48,31,4.478,False,0,0,2.1,0.0
13,127,Rüdiger,8,2,61,31,4.635,False,0,0,24.3,0.0
14,74,Mac Allister,36,3,52,31,4.312,False,0,0,0.6,0.0
