,player_id,web_name,team_code,element_type,now_cost,points_md,is_captain,multiplier,starting_lineup,selected_by_percent,gw_points
0,112,Pope,90,1,54,5.1808,False,1,1,3.2,5.1808
1,142,James,8,2,62,4.5632,False,1,1,12.0,4.5632
2,234,Robertson,14,2,72,4.6426,False,1,1,9.4,4.6426
3,585,Roberts,90,2,44,4.1335999999999995,False,1,1,0.4,4.1335999999999995
4,22,Saka,3,3,67,5.2792,False,1,1,31.8,5.2792
5,212,Maddison,13,3,68,4.7332,False,1,1,9.3,4.7332
6,215,Barnes,13,3,66,4.6802,False,1,1,4.2,4.6802
7,233,Salah,14,3,133,6.7684,True,2,1,60.3,13.5368
8,6,Lacazette,3,4,84,5.074,False,1,1,8.7,5.074
9,579,Ronaldo,1,4,122,5.7948,False,1,1,18.5,5.7948
10,700,Weghorst,90,4,64,5.533999999999999,False,1,1,4.7,5.533999999999999
11,376,Foster,57,1,41,3.4534,False,0,0,18.9,0.0
12,290,Williams,45,2,39,2.1344000000000003,False,0,0,5.0,0.0
13,425,Johnson,21,2,39,2.1572,False,0,0,3.3,0.0
14,503,Gordon,11,3,45,3.1775999999999995,False,0,0,2.4,0.0
