,player_id,web_name,team_code,element_type,now_cost,event,points_md,is_captain,multiplier,starting_lineup,selected_by_percent,gw_points
0,425,Lloris,6,1,55,11,3.9210000000000003,False,1,1,4.7,3.9210000000000003
1,436,R.Sessegnon,6,2,45,11,3.633,False,1,1,1.1,3.633
2,443,Romero,6,2,49,11,3.734,False,1,1,1.4,3.734
3,477,Jonny,39,2,44,11,3.864,False,1,1,0.8,3.864
4,333,Fernandes,1,3,98,11,4.058,False,1,1,2.1,4.058
5,465,Bowen,21,3,81,11,4.427,True,2,1,4.8,8.854
6,480,Neves,39,3,55,11,4.0489999999999995,False,1,1,1.5,4.0489999999999995
7,579,Guedes,39,3,60,11,4.402,False,1,1,0.3,4.402
8,66,Solanke,91,4,57,11,4.125,False,1,1,1.5,4.125
9,356,Wilson,4,4,72,11,3.7760000000000002,False,1,1,2.3,3.7760000000000002
10,617,Aubameyang,8,4,91,11,3.9010000000000002,False,1,1,2.7,3.9010000000000002
11,455,Fabianski,21,1,50,11,3.5980000000000003,False,0,0,1.5,0.0
12,209,Tosin,54,2,45,11,3.4139999999999997,False,0,0,0.2,0.0
13,526,Mee,94,2,45,11,3.1519999999999997,False,0,0,3.2,0.0
14,70,Billing,91,3,53,11,3.653,False,0,0,0.6,0.0
