,player_id,web_name,team_code,element_type,now_cost,event,points_md,is_captain,multiplier,starting_lineup,selected_by_percent,gw_points
0,281,Alisson,14,1,54,35,3.9189999999999996,False,1,1,15.3,3.9189999999999996
1,285,Alexander-Arnold,14,2,76,35,4.762,False,1,1,27.1,4.762
2,448,Perišić,6,2,53,35,3.965,False,1,1,15.2,3.965
3,586,Estupiñán,36,2,49,35,4.447,False,1,1,15.2,4.447
4,733,Pedro Porro,6,2,48,35,4.223,False,1,1,0.8,4.223
5,116,Mac Allister,36,3,55,35,4.755,False,1,1,7.5,4.755
6,124,Mitoma,36,3,56,35,5.075,False,1,1,27.8,5.075
7,314,Foden,43,3,80,35,5.462999999999999,False,1,1,8.2,5.462999999999999
8,335,Rashford,1,3,72,35,5.462999999999999,False,1,1,45.1,5.462999999999999
9,66,Solanke,91,4,56,35,4.365,False,1,1,4.2,4.365
10,318,Haaland,43,4,124,35,6.9060000000000015,True,2,1,83.2,13.812000000000003
11,2,Leno,54,1,46,35,3.588,False,0,0,3.5,0.0
12,628,Aurier,17,2,43,35,4.115,False,0,0,0.3,0.0
13,303,Mahrez,43,3,73,35,5.16,False,0,0,4.6,0.0
14,427,Kane,6,4,114,35,5.5760000000000005,False,0,0,29.4,0.0
