,player_id,web_name,team_code,element_type,now_cost,event,points_md,is_captain,multiplier,starting_lineup,selected_by_percent,gw_points
0,426,Forster,6,1,39,35,3.603,False,1,1,4.1,3.603
1,106,Dunk,36,2,48,35,4.162,False,1,1,7.7,4.162
2,285,Alexander-Arnold,14,2,76,35,4.873,False,1,1,27.0,4.873
3,448,Perišić,6,2,53,35,3.87,False,1,1,15.2,3.87
4,586,Estupiñán,36,2,49,35,4.204,False,1,1,15.0,4.204
5,283,Salah,14,3,130,35,6.037000000000001,True,2,1,34.6,12.074000000000002
6,314,Foden,43,3,80,35,5.218999999999999,False,1,1,8.1,5.218999999999999
7,335,Rashford,1,3,72,35,5.091,False,1,1,45.0,5.091
8,66,Solanke,91,4,56,35,4.481,False,1,1,4.1,4.481
9,319,Álvarez,43,4,60,35,5.1,False,1,1,2.6,5.1
10,427,Kane,6,4,114,35,5.456,False,1,1,29.3,5.456
11,281,Alisson,14,1,54,35,3.778,False,0,0,15.3,0.0
12,628,Aurier,17,2,43,35,3.778,False,0,0,0.3,0.0
13,107,March,36,3,53,35,5.067,False,0,0,14.5,0.0
14,303,Mahrez,43,3,73,35,5.332000000000002,False,0,0,4.5,0.0
