,player_id,web_name,team_code,element_type,now_cost,event,points_md,is_captain,multiplier,starting_lineup,selected_by_percent,gw_points
0,170,Pickford,11,1,49,31,6.724,False,1,1,4.5,6.724
1,59,Dunk,36,2,48,31,4.541,False,1,1,2.1,4.541
2,224,Matip,14,2,50,31,5.225,False,1,1,4.2,5.225
3,234,Robertson,14,2,73,31,6.242999999999999,False,1,1,9.9,6.242999999999999
4,138,Mount,8,3,75,31,5.688,False,1,1,14.0,5.688
5,233,Salah,14,3,133,31,8.925,True,2,1,60.5,17.85
6,359,Son,6,3,109,31,5.797999999999999,False,1,1,24.3,5.797999999999999
7,503,Gordon,11,3,45,31,5.526,False,1,1,2.5,5.526
8,575,Lennon,90,3,48,31,5.494,False,1,1,0.1,5.494
9,63,Maupay,36,4,65,31,4.726,False,1,1,7.4,4.726
10,180,Richarlison,11,4,75,31,6.577000000000001,False,1,1,5.4,6.577000000000001
11,112,Pope,90,1,54,31,6.853,False,0,0,3.3,0.0
12,259,Laporte,43,2,58,31,4.637,False,0,0,9.1,0.0
13,370,Reguilón,6,2,52,31,4.525,False,0,0,12.0,0.0
14,700,Weghorst,90,4,64,31,7.642,False,0,0,5.0,0.0
