,player_id,web_name,team_code,element_type,now_cost,event,points_md,is_captain,multiplier,starting_lineup,selected_by_percent,gw_points
0,213,Meslier,2,1,47,30,4.256,False,1,1,6.9,4.256
1,102,Azpilicueta,8,2,58,30,4.9460000000000015,False,1,1,6.5,4.9460000000000015
2,155,Digne,11,2,62,30,4.182,False,1,1,9.1,4.182
3,200,Dallas,2,2,51,30,4.585,False,1,1,25.3,4.585
4,300,Shaw,1,2,52,30,4.905,False,1,1,13.6,4.905
5,120,Mount,8,3,70,30,5.4110000000000005,False,1,1,14.7,5.4110000000000005
6,275,Mahrez,43,3,81,30,4.73,False,1,1,7.3,4.73
7,302,Fernandes,1,3,115,30,5.284,False,1,1,56.5,5.284
8,570,Raphinha,2,3,57,30,4.622,False,1,1,16.3,4.622
9,388,Kane,6,4,116,30,6.359,True,2,1,45.6,12.718
10,437,Antonio,21,4,67,30,4.232,False,1,1,14.6,4.232
11,157,Pickford,11,1,48,30,4.249,False,0,0,5.0,0.0
12,123,James,8,2,50,30,4.865,False,0,0,6.2,0.0
13,370,Ward-Prowse,20,3,59,30,4.032,False,0,0,10.3,0.0
14,514,Watkins,7,4,66,30,4.249,False,0,0,27.4,0.0
