,player_id,web_name,team_code,element_type,now_cost,event,points_md,is_captain,multiplier,starting_lineup,selected_by_percent,gw_points
0,548,Mendy,8,1,52,38,4.034,False,1,1,10.6,4.034
1,123,James,8,2,51,38,4.422,False,1,1,6.8,4.422
2,200,Dallas,2,2,55,38,4.28,False,1,1,31.9,4.28
3,259,Alexander-Arnold,14,2,78,38,6.07,False,1,1,26.1,6.07
4,120,Mount,8,3,73,38,4.843,False,1,1,17.0,4.843
5,251,Mané,14,3,117,38,7.5870000000000015,False,1,1,6.6,7.5870000000000015
6,254,Salah,14,3,129,38,9.091,True,2,1,41.9,18.182
7,570,Raphinha,2,3,55,38,5.27,False,1,1,8.4,5.27
8,91,Wood,90,4,65,38,5.274,False,1,1,4.6,5.274
9,202,Bamford,2,4,66,38,6.619,False,1,1,43.3,6.619
10,224,Vardy,13,4,102,38,5.39,False,1,1,17.6,5.39
11,608,Carson,43,1,39,38,0.0,False,0,0,0.3,0.0
12,146,Mitchell,31,2,38,38,0.8420000000000001,False,0,0,12.7,0.0
13,519,Dunne,90,2,38,38,0.0,False,0,0,4.1,0.0
14,424,Burke,49,3,41,38,0.0,False,0,0,1.9,0.0
