,player_id,web_name,team_code,element_type,now_cost,event,points_md,is_captain,multiplier,starting_lineup,selected_by_percent,gw_points
0,548,Mendy,8,1,51,19,7.772,False,1,1,6.8,7.772
1,246,Matip,14,2,54,19,7.641,False,1,1,0.8,7.641
2,435,Cresswell,21,2,54,19,8.193999999999999,False,1,1,14.2,8.193999999999999
3,556,Dias,43,2,58,19,8.565,False,1,1,9.2,8.565
4,203,Harrison,2,3,54,19,7.8610000000000015,False,1,1,2.7,7.8610000000000015
5,254,Salah,14,3,125,19,13.737,True,2,1,38.7,27.474
6,272,De Bruyne,43,3,118,19,13.589,False,1,1,26.2,13.589
7,449,Soucek,21,3,53,19,6.87,False,1,1,14.0,6.87
8,570,Raphinha,2,3,55,19,6.882999999999999,False,1,1,1.9,6.882999999999999
9,377,Adams,20,4,60,19,6.8889999999999985,False,1,1,6.8,6.8889999999999985
10,437,Antonio,21,4,62,19,9.971,False,1,1,2.9,9.971
11,278,Ederson,43,1,60,19,8.524,False,0,0,5.7,0.0
12,255,Robertson,14,2,74,19,9.34,False,0,0,21.3,0.0
13,490,Thiago Silva,8,2,56,19,7.63,False,0,0,4.1,0.0
14,202,Bamford,2,4,66,19,7.771,False,0,0,49.0,0.0
