,player_id,web_name,team_code,element_type,now_cost,points_md,is_captain,multiplier,starting_lineup,selected_by_percent,gw_points
0,548,Mendy,8,1,51,3.8369999999999997,False,1,1,6.7,3.8369999999999997
1,255,Robertson,14,2,74,4.254875,False,1,1,20.1,4.254875
2,273,Stones,43,2,51,4.0255,False,1,1,18.4,4.0255
3,556,Dias,43,2,59,3.9456250000000006,False,1,1,15.4,3.9456250000000006
4,254,Salah,14,3,125,5.589375,True,2,1,37.6,11.17875
5,271,Gündogan,43,3,57,3.869625,False,1,1,11.3,3.869625
6,302,Fernandes,1,3,114,4.99275,False,1,1,57.0,4.99275
7,306,Rashford,1,3,96,4.719750000000001,False,1,1,12.4,4.719750000000001
8,202,Bamford,2,4,67,4.292375,False,1,1,49.5,4.292375
9,437,Antonio,21,4,64,4.087875,False,1,1,14.4,4.087875
10,514,Watkins,7,4,61,4.27125,False,1,1,12.5,4.27125
11,597,Sánchez,36,1,44,3.5612500000000002,False,0,0,1.2,0.0
12,146,Mitchell,31,2,39,2.523625,False,0,0,18.2,0.0
13,300,Shaw,1,2,48,3.5250000000000004,False,0,0,2.8,0.0
14,557,Lookman,54,3,50,3.3734999999999995,False,0,0,1.4,0.0
