,player_id,web_name,team_code,element_type,now_cost,points_md,is_captain,multiplier,starting_lineup,selected_by_percent,gw_points
0,257,Ederson,43,1,60,4.055888888888889,False,1,1,9.0,4.055888888888889
1,142,James,8,2,59,4.347444444444445,False,1,1,21.3,4.347444444444445
2,237,Alexander-Arnold,14,2,77,4.982111111111111,False,1,1,29.6,4.982111111111111
3,275,Shaw,1,2,52,3.836777777777778,False,1,1,19.7,3.836777777777778
4,33,Grealish,43,3,77,4.246666666666666,False,1,1,13.0,4.246666666666666
5,233,Salah,14,3,130,6.609,True,2,1,71.5,13.218
6,240,Jota,14,3,75,4.454888888888889,False,1,1,12.6,4.454888888888889
7,359,Son,6,3,103,4.782666666666667,False,1,1,19.5,4.782666666666667
8,78,Toney,94,4,67,3.869333333333333,False,1,1,22.3,3.869333333333333
9,296,Wilson,4,4,73,3.879555555555556,False,1,1,2.2,3.879555555555556
10,315,Pukki,45,4,58,3.538222222222222,False,1,1,4.0,3.538222222222222
11,376,Foster,57,1,41,3.085333333333333,False,0,0,22.8,0.0
12,110,Lowton,90,2,44,2.8201111111111117,False,0,0,1.7,0.0
13,302,Manquillo,4,2,40,2.309333333333333,False,0,0,9.1,0.0
14,70,Bissouma,36,3,44,2.256555555555556,False,0,0,9.8,0.0
