,player_id,web_name,team_code,element_type,now_cost,event,points_md,is_captain,multiplier,starting_lineup,selected_by_percent,gw_points
0,152,Guaita,31,1,44,27,6.354,False,1,1,2.1,6.354
1,85,Henry,94,2,45,27,6.3740000000000006,False,1,1,3.5,6.3740000000000006
2,92,Pinnock,94,2,44,27,6.276,False,1,1,0.9,6.276
3,106,Dunk,36,2,47,27,7.324,False,1,1,5.0,7.324
4,116,Mac Allister,36,3,54,27,8.381,True,2,1,4.5,16.762
5,159,J.Ayew,31,3,53,27,5.216,False,1,1,0.2,5.216
6,171,Olise,31,3,54,27,5.369,False,1,1,0.5,5.369
7,731,Kamaldeen,20,3,50,27,4.898,False,1,1,0.0,4.898
8,95,Mbeumo,94,4,59,27,6.952000000000001,False,1,1,4.6,6.952000000000001
9,596,Ferguson,36,4,46,27,6.996,False,1,1,2.0,6.996
10,732,Onuachu,20,4,55,27,4.923,False,1,1,0.0,4.923
11,422,Bazunu,20,1,45,27,5.891,False,0,0,0.6,0.0
12,432,Davies,6,2,48,27,4.084,False,0,0,1.9,0.0
13,445,Emerson Royal,6,2,50,27,4.463,False,0,0,3.8,0.0
14,680,Gakpo,14,3,77,27,4.199,False,0,0,4.8,0.0
