,player_id,web_name,team_code,element_type,now_cost,event,points_md,is_captain,multiplier,starting_lineup,selected_by_percent,gw_points
0,548,Mendy,8,1,51,19,7.495,False,1,1,6.7,7.495
1,255,Robertson,14,2,74,19,9.451,False,1,1,21.3,9.451
2,259,Alexander-Arnold,14,2,73,19,8.702,False,1,1,13.9,8.702
3,435,Cresswell,21,2,54,19,8.386000000000001,False,1,1,13.8,8.386000000000001
4,556,Dias,43,2,58,19,8.881,False,1,1,9.0,8.881
5,203,Harrison,2,3,54,19,7.8610000000000015,False,1,1,2.6,7.8610000000000015
6,254,Salah,14,3,125,19,13.575,True,2,1,38.5,27.15
7,272,De Bruyne,43,3,118,19,13.263,False,1,1,25.7,13.263
8,202,Bamford,2,4,66,19,10.093,False,1,1,48.0,10.093
9,282,Jesus,43,4,91,19,11.003,False,1,1,1.2,11.003
10,437,Antonio,21,4,62,19,9.971,False,1,1,2.3,9.971
11,417,Johnstone,35,1,45,19,6.349,False,0,0,2.5,0.0
12,211,Struijk,2,2,39,19,3.092,False,0,0,3.8,0.0
13,191,Anguissa,54,3,45,19,4.064,False,0,0,2.4,0.0
14,364,Oriol Romeu,20,3,45,19,3.867,False,0,0,3.8,0.0
