,player_id,web_name,team_code,element_type,now_cost,event,points_md,is_captain,multiplier,starting_lineup,selected_by_percent,gw_points
0,376,Pope,4,1,52,8,3.9610000000000003,False,1,1,17.2,3.9610000000000003
1,306,Cancelo,43,2,72,8,4.109,False,1,1,50.7,4.109
2,357,Trippier,4,2,53,8,4.288,False,1,1,41.8,4.288
3,366,Schär,4,2,47,8,4.173,False,1,1,8.9,4.173
4,13,Saka,3,3,78,8,4.717,False,1,1,11.3,4.717
5,19,Martinelli,3,3,65,8,4.043,False,1,1,47.7,4.043
6,45,Bailey,7,3,47,8,3.9160000000000004,False,1,1,6.9,3.9160000000000004
7,301,De Bruyne,43,3,122,8,5.181,False,1,1,30.6,5.181
8,210,Mitrović,54,4,69,8,4.974,False,1,1,29.3,4.974
9,318,Haaland,43,4,120,8,6.4879999999999995,True,2,1,80.1,12.975999999999999
10,427,Kane,6,4,114,8,6.256,False,1,1,18.9,6.256
11,24,Turner,3,1,39,8,0.179,False,0,0,1.5,0.0
12,253,Vestergaard,13,2,39,8,0.02,False,0,0,7.3,0.0
13,328,Jones,1,2,39,8,0.0,False,0,0,0.7,0.0
14,48,Chukwuemeka,8,3,43,8,0.0,False,0,0,0.7,0.0
